{"type":"FeatureCollection","metadata":{"schemaVersion":1,"generatedAt":"2026-09-01T11:21:27.330137+00:00","sourceScopeId":"basilam-geniot-coastal-landscape","method":"Sentinel-2 change polygons classified on the physical coast and divided only by the locked official inter-village boundary","coastlineLengthMethod":"Calibrated half-perimeter of image-derived coastal support divided by the extended inter-village boundary","administrativeSeawardBoundaryUsedForClipping":false,"lockedInterVillageBoundary":true,"lockedInterVillageBoundaryLengthKm":31.793,"attributionZoneOverlapAreaM2":0.0,"sourceCoastlineLengthKm":25.08,"coastlineProxyTotalKm":21.055888,"coastlineCalibrationFactor":1.191116,"boundarySources":["Perwali Kota Dumai Nomor 39 Tahun 2025","Perwali Kota Dumai Nomor 40 Tahun 2025"],"sourceAreaHa":{"erosion":13.93,"accretion":19.53},"sourceVectorAreaHa":{"erosion":14.01,"accretion":19.64},"reportedAreaScale":{"erosion":0.994167,"accretion":0.99416567},"assignedAreaHa":{"erosion":13.93,"accretion":19.53},"outsideTargetBoundariesHa":{"erosion":0.0,"accretion":0.0},"boundaryOverlapAreaM2":0.0},"features":[{"type":"Feature","properties":{"id":"kota-dumai-sungai-sembilan-kelurahan-sungai-geniot","village":"Kelurahan Sungai Geniot","district":"Sungai Sembilan","regency":"Kota Dumai","administrativeCode":"14.72.04.1006","boundarySource":"Perwali Kota Dumai Nomor 40 Tahun 2025","change":"erosion","baseline":"2016","current":"2025","confidence":"rendah","resolutionM":10,"uncertaintyM":14.1,"imageDerivedBeforeBoundaryClip":true,"administrativeBoundaryUsedForAttribution":true,"administrativeSeawardBoundaryUsedForClipping":false,"lockedInterVillageBoundary":true},"geometry":{"type":"Polygon","coordinates":[[[101.32540389161564,1.9612714158244182],[101.32540364189497,1.9610906216877013],[101.32531379664935,1.9610907473066952],[101.32531404636039,1.961271541455001],[101.32540389161564,1.9612714158244182]]]}},{"type":"Feature","properties":{"id":"kota-dumai-sungai-sembilan-kelurahan-sungai-geniot","village":"Kelurahan Sungai Geniot","district":"Sungai Sembilan","regency":"Kota Dumai","administrativeCode":"14.72.04.1006","boundarySource":"Perwali Kota Dumai Nomor 40 Tahun 2025","change":"erosion","baseline":"2016","current":"2025","confidence":"rendah","resolutionM":10,"uncertaintyM":14.1,"imageDerivedBeforeBoundaryClip":true,"administrativeBoundaryUsedForAttribution":true,"administrativeSeawardBoundaryUsedForClipping":false,"lockedInterVillageBoundary":true},"geometry":{"type":"Polygon","coordinates":[[[101.3255817096217,1.9599152086868765],[101.32558158483539,1.959824811628573],[101.32549173966865,1.9598249371761187],[101.32549186445019,1.959915334240217],[101.3255817096217,1.9599152086868765]]]}},{"type":"Feature","properties":{"id":"kota-dumai-sungai-sembilan-kelurahan-sungai-geniot","village":"Kelurahan Sungai Geniot","district":"Sungai Sembilan","regency":"Kota Dumai","administrativeCode":"14.72.04.1006","boundarySource":"Perwali Kota Dumai Nomor 40 Tahun 2025","change":"erosion","baseline":"2016","current":"2025","confidence":"rendah","resolutionM":10,"uncertaintyM":14.1,"imageDerivedBeforeBoundaryClip":true,"administrativeBoundaryUsedForAttribution":true,"administrativeSeawardBoundaryUsedForClipping":false,"lockedInterVillageBoundary":true},"geometry":{"type":"Polygon","coordinates":[[[101.32567142999633,1.9598246860761868],[101.32567080612709,1.9593727008120607],[101.32558096099017,1.9593728263354693],[101.32558158483539,1.959824811628573],[101.32567142999633,1.9598246860761868]]]}},{"type":"Feature","properties":{"id":"kota-dumai-sungai-sembilan-kelurahan-sungai-geniot","village":"Kelurahan Sungai Geniot","district":"Sungai Sembilan","regency":"Kota Dumai","administrativeCode":"14.72.04.1006","boundarySource":"Perwali Kota Dumai Nomor 40 Tahun 2025","change":"erosion","baseline":"2016","current":"2025","confidence":"rendah","resolutionM":10,"uncertaintyM":14.1,"imageDerivedBeforeBoundaryClip":true,"administrativeBoundaryUsedForAttribution":true,"administrativeSeawardBoundaryUsedForClipping":false,"lockedInterVillageBoundary":true},"geometry":{"type":"Polygon","coordinates":[[[101.32576052649685,1.9592821782364664],[101.32576040174125,1.959191781189013],[101.32567055661977,1.9591919067056687],[101.32567068137054,1.959282303758918],[101.32576052649685,1.9592821782364664]]]}},{"type":"Feature","properties":{"id":"kota-dumai-sungai-sembilan-kelurahan-sungai-geniot","village":"Kelurahan Sungai Geniot","district":"Sungai Sembilan","regency":"Kota Dumai","administrativeCode":"14.72.04.1006","boundarySource":"Perwali Kota Dumai Nomor 40 Tahun 2025","change":"erosion","baseline":"2016","current":"2025","confidence":"rendah","resolutionM":10,"uncertaintyM":14.1,"imageDerivedBeforeBoundaryClip":true,"administrativeBoundaryUsedForAttribution":true,"administrativeSeawardBoundaryUsedForClipping":false,"lockedInterVillageBoundary":true},"geometry":{"type":"Polygon","coordinates":[[[101.32584962314155,1.958739670457646],[101.32584949841574,1.9586492734153547],[101.32575965332883,1.9586493989020735],[101.32575977804983,1.9587397959501607],[101.32584962314155,1.958739670457646]]]}},{"type":"Feature","properties":{"id":"kota-dumai-sungai-sembilan-kelurahan-sungai-geniot","village":"Kelurahan Sungai Geniot","district":"Sungai Sembilan","regency":"Kota Dumai","administrativeCode":"14.72.04.1006","boundarySource":"Perwali Kota Dumai Nomor 40 Tahun 2025","change":"erosion","baseline":"2016","current":"2025","confidence":"rendah","resolutionM":10,"uncertaintyM":14.1,"imageDerivedBeforeBoundaryClip":true,"administrativeBoundaryUsedForAttribution":true,"administrativeSeawardBoundaryUsedForClipping":false,"lockedInterVillageBoundary":true},"geometry":{"type":"Polygon","coordinates":[[[101.32593921877205,1.9585587508871976],[101.32593896933969,1.958377956813677],[101.32584912427298,1.9583780822878445],[101.32584937369572,1.9585588763729571],[101.32593921877205,1.9585587508871976]]]}},{"type":"Feature","properties":{"id":"kota-dumai-sungai-sembilan-kelurahan-sungai-geniot","village":"Kelurahan Sungai Geniot","district":"Sungai Sembilan","regency":"Kota Dumai","administrativeCode":"14.72.04.1006","boundarySource":"Perwali Kota Dumai Nomor 40 Tahun 2025","change":"erosion","baseline":"2016","current":"2025","confidence":"rendah","resolutionM":10,"uncertaintyM":14.1,"imageDerivedBeforeBoundaryClip":true,"administrativeBoundaryUsedForAttribution":true,"administrativeSeawardBoundaryUsedForClipping":false,"lockedInterVillageBoundary":true},"geometry":{"type":"Polygon","coordinates":[[[101.32593871993039,1.9581971627397334],[101.3259385952344,1.9581067657026037],[101.3258487501821,1.958106891159382],[101.3258488748733,1.9581972882023087],[101.32593871993039,1.9581971627397334]]]}},{"type":"Feature","properties":{"id":"kota-dumai-sungai-sembilan-kelurahan-sungai-geniot","village":"Kelurahan Sungai Geniot","district":"Sungai Sembilan","regency":"Kota Dumai","administrativeCode":"14.72.04.1006","boundarySource":"Perwali Kota Dumai Nomor 40 Tahun 2025","change":"erosion","baseline":"2016","current":"2025","confidence":"rendah","resolutionM":10,"uncertaintyM":14.1,"imageDerivedBeforeBoundaryClip":true,"administrativeBoundaryUsedForAttribution":true,"administrativeSeawardBoundaryUsedForClipping":false,"lockedInterVillageBoundary":true},"geometry":{"type":"Polygon","coordinates":[[[101.32602844028091,1.958106640240989],[101.32602806621313,1.9578354491463528],[101.32593822118102,1.9578355745905784],[101.3259385952344,1.9581067657026037],[101.32602844028091,1.958106640240989]]]}},{"type":"Feature","properties":{"id":"kota-dumai-sungai-sembilan-kelurahan-sungai-geniot","village":"Kelurahan Sungai Geniot","district":"Sungai Sembilan","regency":"Kota Dumai","administrativeCode":"14.72.04.1006","boundarySource":"Perwali Kota Dumai Nomor 40 Tahun 2025","change":"erosion","baseline":"2016","current":"2025","confidence":"rendah","resolutionM":10,"uncertaintyM":14.1,"imageDerivedBeforeBoundaryClip":true,"administrativeBoundaryUsedForAttribution":true,"administrativeSeawardBoundaryUsedForClipping":false,"lockedInterVillageBoundary":true},"geometry":{"type":"Polygon","coordinates":[[[101.32611778655694,1.9577449266713316],[101.32611716323079,1.9572929415399438],[101.32620700822253,1.957292816120829],[101.32620638501653,1.9568408310157828],[101.32611654004884,1.9568409564059133],[101.32611678930431,1.9570217504598424],[101.32602694432121,1.9570218758567335],[101.32602794153539,1.9577450521145956],[101.32611778655694,1.9577449266713316]]]}},{"type":"Feature","properties":{"id":"kota-dumai-sungai-sembilan-kelurahan-sungai-geniot","village":"Kelurahan Sungai Geniot","district":"Sungai Sembilan","regency":"Kota Dumai","administrativeCode":"14.72.04.1006","boundarySource":"Perwali Kota Dumai Nomor 40 Tahun 2025","change":"erosion","baseline":"2016","current":"2025","confidence":"rendah","resolutionM":10,"uncertaintyM":14.1,"imageDerivedBeforeBoundaryClip":true,"administrativeBoundaryUsedForAttribution":true,"administrativeSeawardBoundaryUsedForClipping":false,"lockedInterVillageBoundary":true},"geometry":{"type":"Polygon","coordinates":[[[101.32629610534981,1.9567503086052906],[101.32629498395117,1.95593673546077],[101.32620513903726,1.9559368607977636],[101.32620626039267,1.9567504339944561],[101.32629610534981,1.9567503086052906]]]}},{"type":"Feature","properties":{"id":"kota-dumai-sungai-sembilan-kelurahan-sungai-geniot","village":"Kelurahan Sungai Geniot","district":"Sungai Sembilan","regency":"Kota Dumai","administrativeCode":"14.72.04.1006","boundarySource":"Perwali Kota Dumai Nomor 40 Tahun 2025","change":"erosion","baseline":"2016","current":"2025","confidence":"rendah","resolutionM":10,"uncertaintyM":14.1,"imageDerivedBeforeBoundaryClip":true,"administrativeBoundaryUsedForAttribution":true,"administrativeSeawardBoundaryUsedForClipping":false,"lockedInterVillageBoundary":true},"geometry":{"type":"Polygon","coordinates":[[[101.32638482885935,1.9559366101189477],[101.32638420603803,1.9554846250639475],[101.3264740509164,1.955484499746281],[101.32647317917522,1.954851720705427],[101.32638333433043,1.9548518459825115],[101.32638408149104,1.9553942280526302],[101.32629423661169,1.9553943533596696],[101.32629498395117,1.95593673546077],[101.32638482885935,1.9559366101189477]]]}},{"type":"Feature","properties":{"id":"kota-dumai-sungai-sembilan-kelurahan-sungai-geniot","village":"Kelurahan Sungai Geniot","district":"Sungai Sembilan","regency":"Kota Dumai","administrativeCode":"14.72.04.1006","boundarySource":"Perwali Kota Dumai Nomor 40 Tahun 2025","change":"erosion","baseline":"2016","current":"2025","confidence":"rendah","resolutionM":10,"uncertaintyM":14.1,"imageDerivedBeforeBoundaryClip":true,"administrativeBoundaryUsedForAttribution":true,"administrativeSeawardBoundaryUsedForClipping":false,"lockedInterVillageBoundary":true},"geometry":{"type":"Polygon","coordinates":[[[101.32638333433043,1.9548518459825115],[101.32638320982385,1.9547614489704548],[101.32629336497806,1.9547615742369142],[101.32629348947985,1.9548519712547678],[101.32638333433043,1.9548518459825115]]]}},{"type":"Feature","properties":{"id":"kota-dumai-sungai-sembilan-kelurahan-sungai-geniot","village":"Kelurahan Sungai Geniot","district":"Sungai Sembilan","regency":"Kota Dumai","administrativeCode":"14.72.04.1006","boundarySource":"Perwali Kota Dumai Nomor 40 Tahun 2025","change":"erosion","baseline":"2016","current":"2025","confidence":"rendah","resolutionM":10,"uncertaintyM":14.1,"imageDerivedBeforeBoundaryClip":true,"administrativeBoundaryUsedForAttribution":true,"administrativeSeawardBoundaryUsedForClipping":false,"lockedInterVillageBoundary":true},"geometry":{"type":"Polygon","coordinates":[[[101.32629336497806,1.9547615742369142],[101.32629274255565,1.9543095891460651],[101.3262028977281,1.9543097143787116],[101.32620352012653,1.9547616994985464],[101.32629336497806,1.9547615742369142]]]}},{"type":"Feature","properties":{"id":"kota-dumai-sungai-sembilan-kelurahan-sungai-geniot","village":"Kelurahan Sungai Geniot","district":"Sungai Sembilan","regency":"Kota Dumai","administrativeCode":"14.72.04.1006","boundarySource":"Perwali Kota Dumai Nomor 40 Tahun 2025","change":"erosion","baseline":"2016","current":"2025","confidence":"rendah","resolutionM":10,"uncertaintyM":14.1,"imageDerivedBeforeBoundaryClip":true,"administrativeBoundaryUsedForAttribution":true,"administrativeSeawardBoundaryUsedForClipping":false,"lockedInterVillageBoundary":true},"geometry":{"type":"Polygon","coordinates":[[[101.3262028977281,1.9543097143787116],[101.32620277326572,1.9542193173544284],[101.3261129284372,1.9542194425764532],[101.32611305289477,1.9543098396065333],[101.3262028977281,1.9543097143787116]]]}},{"type":"Feature","properties":{"id":"kota-dumai-sungai-sembilan-kelurahan-sungai-geniot","village":"Kelurahan Sungai Geniot","district":"Sungai Sembilan","regency":"Kota Dumai","administrativeCode":"14.72.04.1006","boundarySource":"Perwali Kota Dumai Nomor 40 Tahun 2025","change":"erosion","baseline":"2016","current":"2025","confidence":"rendah","resolutionM":10,"uncertaintyM":14.1,"imageDerivedBeforeBoundaryClip":true,"administrativeBoundaryUsedForAttribution":true,"administrativeSeawardBoundaryUsedForClipping":false,"lockedInterVillageBoundary":true},"geometry":{"type":"Polygon","coordinates":[[[101.3261129284372,1.9542194425764532],[101.32611243066454,1.9538578544550766],[101.32602258584943,1.9538579796490878],[101.32602246142548,1.953767582612684],[101.32593261660939,1.953767707796075],[101.32593311432059,1.954129295964245],[101.32602295915586,1.954129170757669],[101.3260230836029,1.9542195677936518],[101.3261129284372,1.9542194425764532]]]}},{"type":"Feature","properties":{"id":"kota-dumai-sungai-sembilan-kelurahan-sungai-geniot","village":"Kelurahan Sungai Geniot","district":"Sungai Sembilan","regency":"Kota Dumai","administrativeCode":"14.72.04.1006","boundarySource":"Perwali Kota Dumai Nomor 40 Tahun 2025","change":"erosion","baseline":"2016","current":"2025","confidence":"rendah","resolutionM":10,"uncertaintyM":14.1,"imageDerivedBeforeBoundaryClip":true,"administrativeBoundaryUsedForAttribution":true,"administrativeSeawardBoundaryUsedForClipping":false,"lockedInterVillageBoundary":true},"geometry":{"type":"Polygon","coordinates":[[[101.32593261660939,1.953767707796075],[101.32593249219602,1.953677310753769],[101.32602233700732,1.9536771855761743],[101.3260222125949,1.9535867885395586],[101.32611205739563,1.9535866633629364],[101.3261119329842,1.9534962663320115],[101.32620177777439,1.9534961411563607],[101.32620165336392,1.9534057441311279],[101.3262914981435,1.9534056189564502],[101.32629124933032,1.9532248249172612],[101.32638109409456,1.9532246997493536],[101.32638084529482,1.953043905721337],[101.32647069004373,1.9530437805602017],[101.32647044125748,1.9528629865433584],[101.32656028599105,1.952862861388995],[101.3265600372183,1.952682067383324],[101.32664988193648,1.9526819422357342],[101.32664975755397,1.952591545238539],[101.3267396022616,1.9525914200919245],[101.32673947788005,1.9525010231004214],[101.32682932257711,1.952500897954784],[101.32682907382177,1.952320103983058],[101.32691891850348,1.952319978844196],[101.32691804800798,1.9516871999804248],[101.32700789265039,1.9516870748773334],[101.32700727101705,1.951235090000471],[101.32691742639862,1.9512352150745689],[101.32691705350219,1.9509640241297919],[101.32700689810629,1.9509638990730893],[101.32700664952796,1.9507831051209745],[101.32709649411667,1.9507829800710517],[101.32709624555189,1.9506021861301128],[101.32718609012527,1.9506020610869717],[101.32718596584672,1.9505116641221443],[101.32727581040956,1.950511539079985],[101.32727556186022,1.9503307451616119],[101.32736540640771,1.9503306201262358],[101.3273652821369,1.9502402231726905],[101.32745512667383,1.9502400981382984],[101.32745500240401,1.9501497011904474],[101.32736515787185,1.9501498262190402],[101.32736428817823,1.9495170475405392],[101.32745413267688,1.9495169225525457],[101.32745326323254,1.9488841439094833],[101.3273634187674,1.9488842688568786],[101.32736317041623,1.9487034749463141],[101.32727332595486,1.9487035998772966],[101.32727320179272,1.9486132029160577],[101.32718335733037,1.9486133278364282],[101.32718286075865,1.9482517399672188],[101.32709301630966,1.9482518648595815],[101.32709264395581,1.9479806739391723],[101.32718248839045,1.947980549064207],[101.32718211607417,1.9477093581602485],[101.32709227165388,1.9477094830178154],[101.32709202348144,1.9475286890697188],[101.32718186789218,1.9475285642237494],[101.32718124753819,1.9470765793806624],[101.32727109191924,1.9470764545588803],[101.32727071976177,1.9468052636691644],[101.32718087539503,1.9468053884735481],[101.32718062732846,1.9466245945349459],[101.32709078296551,1.9466247193229234],[101.32709041092323,1.9463535283968345],[101.32700056656886,1.9463536531626082],[101.32700019459286,1.9460824622181765],[101.32691035024702,1.9460825869617475],[101.32691010230141,1.94590179298667],[101.32682025795935,1.9459019177138384],[101.32682112583647,1.9465346966653594],[101.32691097021197,1.9465345718976015],[101.3269114662878,1.9468961598443928],[101.32700131067664,1.9468960350486333],[101.3270024272278,1.9477096078705733],[101.32691258279594,1.9477097327185215],[101.32691369977147,1.948523305584129],[101.32700354424635,1.9485231806839927],[101.32700379253616,1.9487039746413717],[101.32709363701483,1.948703849724826],[101.32709400950718,1.94897504064271],[101.32718385399444,1.9489749157039535],[101.32718435075083,1.9493365035697954],[101.32709450624444,1.9493366285317482],[101.327095003074,1.9496982164191021],[101.3270051585427,1.9496983413994364],[101.32700590393146,1.950240723262101],[101.32691605936567,1.9502408482724136],[101.32691643212361,1.9505120392197204],[101.3268265875377,1.950512164242612],[101.32682683606224,1.9506929582185537],[101.32673699146099,1.9506930832482254],[101.32673736427671,1.9509642742287427],[101.32664751965531,1.9509643992709913],[101.32664814110632,1.9514163842654015],[101.32655829645522,1.9514165093318228],[101.32655966410243,1.9524108763740275],[101.32646981939286,1.9524110014994032],[101.32647006812142,1.9525917955173018],[101.3263802233965,1.9525919206494502],[101.32638034776461,1.9526823176640382],[101.32629050302913,1.952682442797163],[101.32629075177313,1.9528632368376173],[101.32620090702227,1.9528633619775124],[101.3262010313981,1.9529537590033792],[101.32611118663671,1.9529538841442484],[101.32611143539614,1.953134678207258],[101.32602159061938,1.9531348033548983],[101.32602171500292,1.9532252003920407],[101.32593187021563,1.9532253255406542],[101.32593236778843,1.9535869137113568],[101.32584252297615,1.9535870388783312],[101.32584277178753,1.9537678329746413],[101.32593261660939,1.953767707796075]]]}},{"type":"Feature","properties":{"id":"kota-dumai-sungai-sembilan-kelurahan-sungai-geniot","village":"Kelurahan Sungai Geniot","district":"Sungai Sembilan","regency":"Kota Dumai","administrativeCode":"14.72.04.1006","boundarySource":"Perwali Kota Dumai Nomor 40 Tahun 2025","change":"erosion","baseline":"2016","current":"2025","confidence":"rendah","resolutionM":10,"uncertaintyM":14.1,"imageDerivedBeforeBoundaryClip":true,"administrativeBoundaryUsedForAttribution":true,"administrativeSeawardBoundaryUsedForClipping":false,"lockedInterVillageBoundary":true},"geometry":{"type":"Polygon","coordinates":[[[101.32699982266877,1.9458112712727984],[101.32699895504793,1.945178492396572],[101.32690911074982,1.945178617082156],[101.32690997833728,1.9458113959989731],[101.32699982266877,1.9458112712727984]]]}},{"type":"Feature","properties":{"id":"kota-dumai-sungai-sembilan-kelurahan-sungai-geniot","village":"Kelurahan Sungai Geniot","district":"Sungai Sembilan","regency":"Kota Dumai","administrativeCode":"14.72.04.1006","boundarySource":"Perwali Kota Dumai Nomor 40 Tahun 2025","change":"erosion","baseline":"2016","current":"2025","confidence":"rendah","resolutionM":10,"uncertaintyM":14.1,"imageDerivedBeforeBoundaryClip":true,"administrativeBoundaryUsedForAttribution":true,"administrativeSeawardBoundaryUsedForClipping":false,"lockedInterVillageBoundary":true},"geometry":{"type":"Polygon","coordinates":[[[101.32690886291964,1.9449978231049776],[101.32690849121761,1.9447266321384207],[101.32681864693762,1.9447267567902085],[101.32681839917467,1.944545962800382],[101.32672855489845,1.9445460874357714],[101.32672830716814,1.9443652934339282],[101.32663846289572,1.9443654180529188],[101.32663858675323,1.9444558150596916],[101.32654874247024,1.9444559396796781],[101.326548990193,1.9446367337045027],[101.32663883448554,1.94463660907292],[101.32663895836036,1.9447270060793769],[101.32672880265187,1.9447268814371939],[101.32672892653723,1.9448172784377482],[101.32681877082776,1.9448171537849646],[101.32681901862533,1.944997947774161],[101.32690886291964,1.9449978231049776]]]}},{"type":"Feature","properties":{"id":"kota-dumai-sungai-sembilan-kelurahan-sungai-geniot","village":"Kelurahan Sungai Geniot","district":"Sungai Sembilan","regency":"Kota Dumai","administrativeCode":"14.72.04.1006","boundarySource":"Perwali Kota Dumai Nomor 40 Tahun 2025","change":"erosion","baseline":"2016","current":"2025","confidence":"rendah","resolutionM":10,"uncertaintyM":14.1,"imageDerivedBeforeBoundaryClip":true,"administrativeBoundaryUsedForAttribution":true,"administrativeSeawardBoundaryUsedForClipping":false,"lockedInterVillageBoundary":true},"geometry":{"type":"Polygon","coordinates":[[[101.32618713715753,1.9428292914518874],[101.3261862711699,1.9421965121861449],[101.32627611535673,1.942196387730288],[101.32627549694335,1.9417444025663106],[101.32636534110054,1.9417442781346432],[101.32636497010746,1.941473087052389],[101.32645481424458,1.9414729626333178],[101.32645456693517,1.9412921685895528],[101.32654441105703,1.9412920441772823],[101.32654404012185,1.94102085312824],[101.32663388422364,1.9410207287285692],[101.32663301887682,1.9403879496510545],[101.32672286293949,1.9403878252871762],[101.32672273933686,1.9402974282814807],[101.32663289527895,1.9402975526395616],[101.32663264810044,1.9401167586162615],[101.3265428040463,1.9401168829579545],[101.32654268047047,1.9400264859403498],[101.3264528364153,1.9400266102714545],[101.32645271285003,1.9399362132479463],[101.32636286879385,1.9399363375684626],[101.32636311592067,1.940117131626967],[101.32645295998636,1.9401170072948566],[101.3264530835632,1.9402074043181543],[101.32654292762791,1.9402072799754548],[101.3265435456224,1.9406592650613834],[101.32645370153391,1.9406593894330701],[101.32645407238554,1.9409305805007637],[101.32636422827699,1.9409307048850504],[101.32636472280755,1.941292292997029],[101.3262748786742,1.9412924173997113],[101.32627524961839,1.941563608499985],[101.32618540546494,1.9415637329152649],[101.3261856527804,1.9417445269931841],[101.32609580861163,1.9417446514152614],[101.32609630329266,1.9421062395930275],[101.3260064590991,1.9421063640334957],[101.32600720126506,1.9426487463317779],[101.32609704548724,1.9426486218565306],[101.32609729293159,1.9428294159435253],[101.32618713715753,1.9428292914518874]]]}},{"type":"Feature","properties":{"id":"kota-dumai-sungai-sembilan-kelurahan-sungai-geniot","village":"Kelurahan Sungai Geniot","district":"Sungai Sembilan","regency":"Kota Dumai","administrativeCode":"14.72.04.1006","boundarySource":"Perwali Kota Dumai Nomor 40 Tahun 2025","change":"erosion","baseline":"2016","current":"2025","confidence":"rendah","resolutionM":10,"uncertaintyM":14.1,"imageDerivedBeforeBoundaryClip":true,"administrativeBoundaryUsedForAttribution":true,"administrativeSeawardBoundaryUsedForClipping":false,"lockedInterVillageBoundary":true},"geometry":{"type":"Polygon","coordinates":[[[101.32636286879385,1.9399363375684626],[101.32636262169008,1.939755543509539],[101.32627277763766,1.939755667813671],[101.32627240703957,1.9394844767071087],[101.32618256299565,1.9394846009890587],[101.32618305711897,1.9398461891541197],[101.3262729011819,1.9398460648489821],[101.32627302473192,1.939936461884189],[101.32636286879385,1.9399363375684626]]]}},{"type":"Feature","properties":{"id":"kota-dumai-sungai-sembilan-kelurahan-sungai-geniot","village":"Kelurahan Sungai Geniot","district":"Sungai Sembilan","regency":"Kota Dumai","administrativeCode":"14.72.04.1006","boundarySource":"Perwali Kota Dumai Nomor 40 Tahun 2025","change":"erosion","baseline":"2016","current":"2025","confidence":"rendah","resolutionM":10,"uncertaintyM":14.1,"imageDerivedBeforeBoundaryClip":true,"administrativeBoundaryUsedForAttribution":true,"administrativeSeawardBoundaryUsedForClipping":false,"lockedInterVillageBoundary":true},"geometry":{"type":"Polygon","coordinates":[[[101.32618256299565,1.9394846009890587],[101.32618219246375,1.9392134098641638],[101.32609234842836,1.9392135341239352],[101.32609210144544,1.9390327400285534],[101.3260022574138,1.9390328642719434],[101.32600262788256,1.9393040554322465],[101.32609247192848,1.9393039311714682],[101.32609271894599,1.9394847252662206],[101.32618256299565,1.9394846009890587]]]}},{"type":"Feature","properties":{"id":"kota-dumai-sungai-sembilan-kelurahan-sungai-geniot","village":"Kelurahan Sungai Geniot","district":"Sungai Sembilan","regency":"Kota Dumai","administrativeCode":"14.72.04.1006","boundarySource":"Perwali Kota Dumai Nomor 40 Tahun 2025","change":"erosion","baseline":"2016","current":"2025","confidence":"rendah","resolutionM":10,"uncertaintyM":14.1,"imageDerivedBeforeBoundaryClip":true,"administrativeBoundaryUsedForAttribution":true,"administrativeSeawardBoundaryUsedForClipping":false,"lockedInterVillageBoundary":true},"geometry":{"type":"Polygon","coordinates":[[[101.32600213393576,1.9389424672182998],[101.32600188699696,1.9387616731106978],[101.32609173101433,1.9387615488846972],[101.32609160754883,1.9386711518365354],[101.32636113955203,1.9386707791471993],[101.32636101607801,1.9385803821163237],[101.32645086006279,1.938580257882767],[101.32645036620542,1.938218669781406],[101.32654021016539,1.9382185455662526],[101.32654008671072,1.9381281485464485],[101.32662993066016,1.9381280243323058],[101.3266298072065,1.938037627318195],[101.32653996326181,1.9380377515265395],[101.32653983981866,1.9379473545065258],[101.32636015192148,1.9379476028972615],[101.32636027535513,1.9380379999288704],[101.32627043139313,1.938038124122857],[101.32627080171434,1.9383093152344464],[101.3260911137445,1.9383095636428422],[101.32609086687692,1.9381287695453668],[101.32618071085524,1.9381286453551556],[101.32618034058287,1.9378574542255487],[101.32600065264906,1.937857702566406],[101.32600114631903,1.9382192907853786],[101.32591130232444,1.9382194149718135],[101.32591167262318,1.9384906061523335],[101.32582182860857,1.93849073035137],[101.32582232240193,1.9388523186137807],[101.3259121664356,1.93885219439156],[101.32591228990312,1.9389425914511043],[101.32600213393576,1.9389424672182998]]]}},{"type":"Feature","properties":{"id":"kota-dumai-sungai-sembilan-kelurahan-sungai-geniot","village":"Kelurahan Sungai Geniot","district":"Sungai Sembilan","regency":"Kota Dumai","administrativeCode":"14.72.04.1006","boundarySource":"Perwali Kota Dumai Nomor 40 Tahun 2025","change":"erosion","baseline":"2016","current":"2025","confidence":"rendah","resolutionM":10,"uncertaintyM":14.1,"imageDerivedBeforeBoundaryClip":true,"administrativeBoundaryUsedForAttribution":true,"administrativeSeawardBoundaryUsedForClipping":false,"lockedInterVillageBoundary":true},"geometry":{"type":"Polygon","coordinates":[[[101.32689859831949,1.9374948726819492],[101.32689847489193,1.9374044756844997],[101.32698831878027,1.9374043514976027],[101.32698807193297,1.9372235575139878],[101.32707791580602,1.9372234333339036],[101.3270776689723,1.9370426393614684],[101.32716751283006,1.937042515188199],[101.3271673894171,1.9369521182076233],[101.3272572332643,1.936951994035369],[101.32725710985238,1.9368615970604874],[101.32707742216162,1.936861845388614],[101.32707754556407,1.936952242375093],[101.3269877017053,1.936952366537781],[101.32698782510874,1.9370427635299545],[101.32689798123943,1.9370428876936576],[101.32689822805413,1.9372236816892883],[101.32680838416958,1.9372238058598041],[101.32680863099786,1.937404599866613],[101.32671878709799,1.9374047240439418],[101.32671891051604,1.9374951210529883],[101.32689859831949,1.9374948726819492]]]}},{"type":"Feature","properties":{"id":"kota-dumai-sungai-sembilan-kelurahan-sungai-geniot","village":"Kelurahan Sungai Geniot","district":"Sungai Sembilan","regency":"Kota Dumai","administrativeCode":"14.72.04.1006","boundarySource":"Perwali Kota Dumai Nomor 40 Tahun 2025","change":"erosion","baseline":"2016","current":"2025","confidence":"rendah","resolutionM":10,"uncertaintyM":14.1,"imageDerivedBeforeBoundaryClip":true,"administrativeBoundaryUsedForAttribution":true,"administrativeSeawardBoundaryUsedForClipping":false,"lockedInterVillageBoundary":true},"geometry":{"type":"Polygon","coordinates":[[[101.32761660859559,1.9369514972985218],[101.32761648516461,1.9368611003468397],[101.32752664134522,1.9368612245324262],[101.3275267647714,1.936951621489908],[101.32761660859559,1.9369514972985218]]]}},{"type":"Feature","properties":{"id":"kota-dumai-sungai-sembilan-kelurahan-sungai-geniot","village":"Kelurahan Sungai Geniot","district":"Sungai Sembilan","regency":"Kota Dumai","administrativeCode":"14.72.04.1006","boundarySource":"Perwali Kota Dumai Nomor 40 Tahun 2025","change":"erosion","baseline":"2016","current":"2025","confidence":"rendah","resolutionM":10,"uncertaintyM":14.1,"imageDerivedBeforeBoundaryClip":true,"administrativeBoundaryUsedForAttribution":true,"administrativeSeawardBoundaryUsedForClipping":false,"lockedInterVillageBoundary":true},"geometry":{"type":"Polygon","coordinates":[[[101.32770632897824,1.93686097615647],[101.32770608212414,1.9366801822643944],[101.32761623832,1.9366803064431626],[101.32761648516461,1.9368611003468397],[101.32770632897824,1.93686097615647]]]}},{"type":"Feature","properties":{"id":"kota-dumai-sungai-sembilan-kelurahan-sungai-geniot","village":"Kelurahan Sungai Geniot","district":"Sungai Sembilan","regency":"Kota Dumai","administrativeCode":"14.72.04.1006","boundarySource":"Perwali Kota Dumai Nomor 40 Tahun 2025","change":"erosion","baseline":"2016","current":"2025","confidence":"rendah","resolutionM":10,"uncertaintyM":14.1,"imageDerivedBeforeBoundaryClip":true,"administrativeBoundaryUsedForAttribution":true,"administrativeSeawardBoundaryUsedForClipping":false,"lockedInterVillageBoundary":true},"geometry":{"type":"Polygon","coordinates":[[[101.32779592592247,1.9366800580808432],[101.32779580249932,1.9365896611404492],[101.32770595870572,1.9365897853181988],[101.32770608212414,1.9366801822643944],[101.32779592592247,1.9366800580808432]]]}},{"type":"Feature","properties":{"id":"kota-dumai-sungai-sembilan-kelurahan-sungai-geniot","village":"Kelurahan Sungai Geniot","district":"Sungai Sembilan","regency":"Kota Dumai","administrativeCode":"14.72.04.1006","boundarySource":"Perwali Kota Dumai Nomor 40 Tahun 2025","change":"erosion","baseline":"2016","current":"2025","confidence":"rendah","resolutionM":10,"uncertaintyM":14.1,"imageDerivedBeforeBoundaryClip":true,"administrativeBoundaryUsedForAttribution":true,"administrativeSeawardBoundaryUsedForClipping":false,"lockedInterVillageBoundary":true},"geometry":{"type":"Polygon","coordinates":[[[101.32788564628714,1.936589536957916],[101.32788539944865,1.9364087430884156],[101.32779555567033,1.9364088672593462],[101.32779580249932,1.9365896611404492],[101.32788564628714,1.936589536957916]]]}},{"type":"Feature","properties":{"id":"kota-dumai-sungai-sembilan-kelurahan-sungai-geniot","village":"Kelurahan Sungai Geniot","district":"Sungai Sembilan","regency":"Kota Dumai","administrativeCode":"14.72.04.1006","boundarySource":"Perwali Kota Dumai Nomor 40 Tahun 2025","change":"erosion","baseline":"2016","current":"2025","confidence":"rendah","resolutionM":10,"uncertaintyM":14.1,"imageDerivedBeforeBoundaryClip":true,"administrativeBoundaryUsedForAttribution":true,"administrativeSeawardBoundaryUsedForClipping":false,"lockedInterVillageBoundary":true},"geometry":{"type":"Polygon","coordinates":[[[101.32797524322119,1.9364086189127026],[101.32797511980586,1.9363182219835962],[101.32788527603806,1.9363183461535085],[101.32788539944865,1.9364087430884156],[101.32797524322119,1.9364086189127026]]]}},{"type":"Feature","properties":{"id":"kota-dumai-sungai-sembilan-kelurahan-sungai-geniot","village":"Kelurahan Sungai Geniot","district":"Sungai Sembilan","regency":"Kota Dumai","administrativeCode":"14.72.04.1006","boundarySource":"Perwali Kota Dumai Nomor 40 Tahun 2025","change":"erosion","baseline":"2016","current":"2025","confidence":"rendah","resolutionM":10,"uncertaintyM":14.1,"imageDerivedBeforeBoundaryClip":true,"administrativeBoundaryUsedForAttribution":true,"administrativeSeawardBoundaryUsedForClipping":false,"lockedInterVillageBoundary":true},"geometry":{"type":"Polygon","coordinates":[[[101.3280649635679,1.9363180978089027],[101.32806409978883,1.935685319342842],[101.32815394351185,1.9356851952039784],[101.32815369676028,1.935504401367194],[101.3280638530468,1.9355045254944552],[101.32806397641494,1.9355949224187008],[101.32797413269093,1.935595046546984],[101.32797511980586,1.9363182219835962],[101.3280649635679,1.9363180978089027]]]}},{"type":"Feature","properties":{"id":"kota-dumai-sungai-sembilan-kelurahan-sungai-geniot","village":"Kelurahan Sungai Geniot","district":"Sungai Sembilan","regency":"Kota Dumai","administrativeCode":"14.72.04.1006","boundarySource":"Perwali Kota Dumai Nomor 40 Tahun 2025","change":"erosion","baseline":"2016","current":"2025","confidence":"rendah","resolutionM":10,"uncertaintyM":14.1,"imageDerivedBeforeBoundaryClip":true,"administrativeBoundaryUsedForAttribution":true,"administrativeSeawardBoundaryUsedForClipping":false,"lockedInterVillageBoundary":true},"geometry":{"type":"Polygon","coordinates":[[[101.32815345003182,1.935323607529992],[101.32815295664415,1.9349620198543336],[101.32806311295914,1.9349621439467855],[101.32806360632782,1.9353237316456495],[101.32815345003182,1.935323607529992]]]}},{"type":"Feature","properties":{"id":"kota-dumai-sungai-sembilan-kelurahan-sungai-geniot","village":"Kelurahan Sungai Geniot","district":"Sungai Sembilan","regency":"Kota Dumai","administrativeCode":"14.72.04.1006","boundarySource":"Perwali Kota Dumai Nomor 40 Tahun 2025","change":"erosion","baseline":"2016","current":"2025","confidence":"rendah","resolutionM":10,"uncertaintyM":14.1,"imageDerivedBeforeBoundaryClip":true,"administrativeBoundaryUsedForAttribution":true,"administrativeSeawardBoundaryUsedForClipping":false,"lockedInterVillageBoundary":true},"geometry":{"type":"Polygon","coordinates":[[[101.32824255365468,1.9347811019302494],[101.32824230700908,1.934600308102979],[101.32815246334884,1.9346004321770027],[101.32815270998495,1.9347812260158768],[101.32824255365468,1.9347811019302494]]]}},{"type":"Feature","properties":{"id":"kota-dumai-sungai-sembilan-kelurahan-sungai-geniot","village":"Kelurahan Sungai Geniot","district":"Sungai Sembilan","regency":"Kota Dumai","administrativeCode":"14.72.04.1006","boundarySource":"Perwali Kota Dumai Nomor 40 Tahun 2025","change":"erosion","baseline":"2016","current":"2025","confidence":"rendah","resolutionM":10,"uncertaintyM":14.1,"imageDerivedBeforeBoundaryClip":true,"administrativeBoundaryUsedForAttribution":true,"administrativeSeawardBoundaryUsedForClipping":false,"lockedInterVillageBoundary":true},"geometry":{"type":"Polygon","coordinates":[[[101.32824169049609,1.934148323532974],[101.32824156721082,1.9340579266186586],[101.32815172357908,1.934058050657871],[101.32815184685964,1.934148447577988],[101.32824169049609,1.934148323532974]]]}},{"type":"Feature","properties":{"id":"kota-dumai-sungai-sembilan-kelurahan-sungai-geniot","village":"Kelurahan Sungai Geniot","district":"Sungai Sembilan","regency":"Kota Dumai","administrativeCode":"14.72.04.1006","boundarySource":"Perwali Kota Dumai Nomor 40 Tahun 2025","change":"erosion","baseline":"2016","current":"2025","confidence":"rendah","resolutionM":10,"uncertaintyM":14.1,"imageDerivedBeforeBoundaryClip":true,"administrativeBoundaryUsedForAttribution":true,"administrativeSeawardBoundaryUsedForClipping":false,"lockedInterVillageBoundary":true},"geometry":{"type":"Polygon","coordinates":[[[101.32824144393133,1.93396752970424],[101.32824119738963,1.9337867358750878],[101.32815135377213,1.9337868598968957],[101.32815160030434,1.93396765373765],[101.32824144393133,1.93396752970424]]]}},{"type":"Feature","properties":{"id":"kota-dumai-sungai-sembilan-kelurahan-sungai-geniot","village":"Kelurahan Sungai Geniot","district":"Sungai Sembilan","regency":"Kota Dumai","administrativeCode":"14.72.04.1006","boundarySource":"Perwali Kota Dumai Nomor 40 Tahun 2025","change":"erosion","baseline":"2016","current":"2025","confidence":"rendah","resolutionM":10,"uncertaintyM":14.1,"imageDerivedBeforeBoundaryClip":true,"administrativeBoundaryUsedForAttribution":true,"administrativeSeawardBoundaryUsedForClipping":false,"lockedInterVillageBoundary":true},"geometry":{"type":"Polygon","coordinates":[[[101.32842026830669,1.9333345033004616],[101.32841915932924,1.9325209311638487],[101.328509002863,1.9325208072089493],[101.32850887966742,1.932430410310162],[101.32859872319065,1.9324302863562928],[101.32859835362432,1.9321590956767114],[101.32850851011528,1.932159219613172],[101.32850875647762,1.9323400134112694],[101.32841891295331,1.9323401373545634],[101.32841903613841,1.9324305342592587],[101.32832919260363,1.9324306582035837],[101.32832931578973,1.932521055113976],[101.3282394722444,1.9325211790593313],[101.32824021145383,1.9330635605543047],[101.32833005502758,1.9330634365741375],[101.32833042472446,1.9333346273028091],[101.32842026830669,1.9333345033004616]]]}},{"type":"Feature","properties":{"id":"kota-dumai-sungai-sembilan-kelurahan-sungai-geniot","village":"Kelurahan Sungai Geniot","district":"Sungai Sembilan","regency":"Kota Dumai","administrativeCode":"14.72.04.1006","boundarySource":"Perwali Kota Dumai Nomor 40 Tahun 2025","change":"erosion","baseline":"2016","current":"2025","confidence":"rendah","resolutionM":10,"uncertaintyM":14.1,"imageDerivedBeforeBoundaryClip":true,"administrativeBoundaryUsedForAttribution":true,"administrativeSeawardBoundaryUsedForClipping":false,"lockedInterVillageBoundary":true},"geometry":{"type":"Polygon","coordinates":[[[101.32868819712755,1.9321589717354786],[101.32868795076936,1.9319781779601748],[101.32859810727561,1.9319783018898016],[101.32859835362432,1.9321590956767114],[101.32868819712755,1.9321589717354786]]]}},{"type":"Feature","properties":{"id":"kota-dumai-sungai-sembilan-kelurahan-sungai-geniot","village":"Kelurahan Sungai Geniot","district":"Sungai Sembilan","regency":"Kota Dumai","administrativeCode":"14.72.04.1006","boundarySource":"Perwali Kota Dumai Nomor 40 Tahun 2025","change":"erosion","baseline":"2016","current":"2025","confidence":"rendah","resolutionM":10,"uncertaintyM":14.1,"imageDerivedBeforeBoundaryClip":true,"administrativeBoundaryUsedForAttribution":true,"administrativeSeawardBoundaryUsedForClipping":false,"lockedInterVillageBoundary":true},"geometry":{"type":"Polygon","coordinates":[[[101.32877779425735,1.931978054025777],[101.32877754791275,1.931797260261662],[101.32886739138547,1.9317971363341007],[101.32886702189774,1.9315259457045553],[101.32895686535045,1.931525821789633],[101.32895674219466,1.931435424918713],[101.32904658563686,1.9314353010048249],[101.32904596992086,1.9309833166776782],[101.32895612650236,1.9309834405625468],[101.32895551095444,1.9305314562037736],[101.32904535434925,1.9305313323479232],[101.32904523125227,1.9304409354816592],[101.32913507463658,1.9304408116268459],[101.32913482845044,1.9302600179056135],[101.32922467181947,1.930259894057641],[101.32922417949752,1.9298983066371416],[101.3293140228419,1.9298981828076205],[101.32931377670609,1.9297173891083526],[101.32940362003518,1.9297172652856753],[101.329403373913,1.9295364715976016],[101.32949321722685,1.929536347781768],[101.32949309416969,1.9294459509433788],[101.32940325086061,1.9294460747534077],[101.32940300477308,1.9292652810647088],[101.32931316146768,1.929265404858363],[101.32931303843733,1.929175008008053],[101.32940288173799,1.9291748842202026],[101.32940263568514,1.9289940905308776],[101.32949247897058,1.9289939667498734],[101.32949198691524,1.928632379393193],[101.32958183017595,1.9286322556306454],[101.32958146118094,1.9283610651294556],[101.32949161793441,1.9283611888745886],[101.32949124900554,1.9280899983550466],[101.32940140576746,1.9280901220780027],[101.32940128280747,1.9279997252321424],[101.3294911260408,1.9279996015149912],[101.3294903883737,1.9274572204724707],[101.32940054516872,1.9274573441547933],[101.32940042224915,1.9273669473082033],[101.32931057904314,1.9273670709799615],[101.3293103332308,1.9271862772748607],[101.32922049002845,1.9271864009302502],[101.32921913852546,1.926192035480908],[101.32930898167578,1.9261919118893667],[101.3293084903745,1.9258303244733375],[101.32921864724308,1.9258304480416615],[101.32921741944142,1.9249264794362644],[101.3291275763515,1.9249266029417906],[101.3291273308699,1.9247458092078542],[101.32903748778365,1.9247459326970193],[101.32903687420439,1.9242939483313406],[101.32912671726704,1.9242938248711963],[101.3291263491746,1.9240226342679536],[101.3292161922173,1.924022510820469],[101.32921570148936,1.9236609233712398],[101.32930554450739,1.9236607999422215],[101.32930517650792,1.9233896093716225],[101.32939501950601,1.9233894859552683],[101.32939489684635,1.9232990891039987],[101.32948473983394,1.9232989656886992],[101.32948412659867,1.9228469814598157],[101.32957396955689,1.9228468580687919],[101.32957360167087,1.922575667547631],[101.32966344460917,1.9225755441692745],[101.329663076761,1.9223043536645945],[101.32975291967936,1.9223042302989066],[101.32975279707013,1.9222138334696117],[101.32984263997803,1.9222137101049825],[101.32984251736983,1.9221233132813886],[101.32975267446668,1.9221234366402122],[101.32975255186902,1.9220330398107095],[101.32984239476745,1.9220329164576913],[101.32984214958,1.9218521228099852],[101.32993199246323,1.9218519994638334],[101.32993174728945,1.9216712058273226],[101.32984190441566,1.921671329161863],[101.32984092398935,1.9209481545652243],[101.32975108114752,1.9209482778485736],[101.32975120367587,1.9210386746793224],[101.32966136082355,1.9210387979637333],[101.32966197352837,1.9214907821449476],[101.32957213064668,1.9214909054536413],[101.32957274347237,1.9219428896612878],[101.3294829005613,1.921943012994261],[101.32948326831186,1.922214203535018],[101.3293934253809,1.9222143268806593],[101.32939391577696,1.9225759142901004],[101.32930407282133,1.9225760376542147],[101.32930468592278,1.9230280219427023],[101.3292148429378,1.9230281453310898],[101.32921508820937,1.923208939057367],[101.32912524520914,1.9232090624526141],[101.32912561314566,1.9234802530586623],[101.32903577012553,1.9234803764665718],[101.32903638344493,1.9239323608369268],[101.3289465403954,1.9239324842691055],[101.32894690844215,1.9242036749074827],[101.3288570653727,1.9242037983523208],[101.32885792431755,1.9248365765455204],[101.32894776742008,1.924836453060058],[101.32894924061195,1.9259212155954768],[101.3288593974527,1.9259213391505807],[101.32886025716557,1.926554117329949],[101.32877041396745,1.9265542409209195],[101.328771151061,1.9270966222482813],[101.32886099428751,1.9270964986224903],[101.32886136292642,1.927367689267357],[101.32895120616129,1.9273675656193967],[101.32895206655402,1.9280003437464814],[101.32904190981625,1.9280002200531359],[101.32904227865681,1.9282714106600563],[101.32913212192746,1.9282712869445375],[101.32913224489062,1.9283616838074986],[101.32904240161521,1.9283618075288216],[101.32904412363916,1.9296273636805932],[101.32895428029171,1.9296274874784065],[101.32895452637806,1.9298082812243136],[101.32886468301535,1.929808405028969],[101.328865052174,1.9300795956644587],[101.32877520879133,1.9300797194817578],[101.32877545491647,1.930260513249837],[101.32868561151852,1.9302606370739763],[101.32868585765729,1.9304414308532436],[101.32859601424411,1.930441554684222],[101.32859613731742,1.9305319515795023],[101.32868598073534,1.9305318277427208],[101.32868610381917,1.930622224632094],[101.32877594723605,1.9306221007847426],[101.3287761934305,1.93080289455157],[101.32886603685107,1.9308027706878448],[101.32886640620026,1.9310739613198928],[101.32895624962927,1.9310738374339889],[101.32895661904466,1.9313450280476883],[101.3288667756014,1.931345151951003],[101.32886689874667,1.9314355488278312],[101.3287770552929,1.9314356727321804],[101.3287773015913,1.9316164664971303],[101.32868745812227,1.9316165904083156],[101.32868795076936,1.9319781779601748],[101.32877779425735,1.931978054025777]]]}},{"type":"Feature","properties":{"id":"kota-dumai-sungai-sembilan-kelurahan-sungai-geniot","village":"Kelurahan Sungai Geniot","district":"Sungai Sembilan","regency":"Kota Dumai","administrativeCode":"14.72.04.1006","boundarySource":"Perwali Kota Dumai Nomor 40 Tahun 2025","change":"erosion","baseline":"2016","current":"2025","confidence":"rendah","resolutionM":10,"uncertaintyM":14.1,"imageDerivedBeforeBoundaryClip":true,"administrativeBoundaryUsedForAttribution":true,"administrativeSeawardBoundaryUsedForClipping":false,"lockedInterVillageBoundary":true},"geometry":{"type":"Polygon","coordinates":[[[101.33055758369689,1.9194104228774655],[101.33055746123011,1.919320026097109],[101.33046761851932,1.9193201493138727],[101.33046774098139,1.9194105461000361],[101.33055758369689,1.9194104228774655]]]}},{"type":"Feature","properties":{"id":"kota-dumai-sungai-sembilan-kelurahan-sungai-geniot","village":"Kelurahan Sungai Geniot","district":"Sungai Sembilan","regency":"Kota Dumai","administrativeCode":"14.72.04.1006","boundarySource":"Perwali Kota Dumai Nomor 40 Tahun 2025","change":"erosion","baseline":"2016","current":"2025","confidence":"rendah","resolutionM":10,"uncertaintyM":14.1,"imageDerivedBeforeBoundaryClip":true,"administrativeBoundaryUsedForAttribution":true,"administrativeSeawardBoundaryUsedForClipping":false,"lockedInterVillageBoundary":true},"geometry":{"type":"Polygon","coordinates":[[[101.33064718146944,1.919229506100953],[101.33064705900952,1.9191391093261967],[101.33055721631392,1.9191392325360848],[101.33055733876914,1.9192296293166484],[101.33064718146944,1.919229506100953]]]}},{"type":"Feature","properties":{"id":"kota-dumai-sungai-sembilan-kelurahan-sungai-geniot","village":"Kelurahan Sungai Geniot","district":"Sungai Sembilan","regency":"Kota Dumai","administrativeCode":"14.72.04.1006","boundarySource":"Perwali Kota Dumai Nomor 40 Tahun 2025","change":"erosion","baseline":"2016","current":"2025","confidence":"rendah","resolutionM":10,"uncertaintyM":14.1,"imageDerivedBeforeBoundaryClip":true,"administrativeBoundaryUsedForAttribution":true,"administrativeSeawardBoundaryUsedForClipping":false,"lockedInterVillageBoundary":true},"geometry":{"type":"Polygon","coordinates":[[[101.33073690169932,1.91913898611157],[101.3307367792405,1.919048589342518],[101.33082662191981,1.9190484661289595],[101.33082637701001,1.9188676726021603],[101.33091621967414,1.9188675493954799],[101.33091609722322,1.918777152637733],[101.33100593987687,1.9187770294321231],[101.33100569498292,1.9185962359279358],[101.33082600968869,1.9185964823111843],[101.33082613212332,1.9186868790749465],[101.33073628946286,1.9186870022652718],[101.33073653434012,1.9188677958041023],[101.33064669166441,1.9188679190013043],[101.33064705900952,1.9191391093261967],[101.33073690169932,1.91913898611157]]]}},{"type":"Feature","properties":{"id":"kota-dumai-sungai-sembilan-kelurahan-sungai-geniot","village":"Kelurahan Sungai Geniot","district":"Sungai Sembilan","regency":"Kota Dumai","administrativeCode":"14.72.04.1006","boundarySource":"Perwali Kota Dumai Nomor 40 Tahun 2025","change":"erosion","baseline":"2016","current":"2025","confidence":"rendah","resolutionM":10,"uncertaintyM":14.1,"imageDerivedBeforeBoundaryClip":true,"administrativeBoundaryUsedForAttribution":true,"administrativeSeawardBoundaryUsedForClipping":false,"lockedInterVillageBoundary":true},"geometry":{"type":"Polygon","coordinates":[[[101.33109529274108,1.9184153192362208],[101.33109517030964,1.9183249224895735],[101.33100532768532,1.9183250456708782],[101.33100545011207,1.9184154424233346],[101.33109529274108,1.9184153192362208]]]}},{"type":"Feature","properties":{"id":"kota-dumai-sungai-sembilan-kelurahan-sungai-geniot","village":"Kelurahan Sungai Geniot","district":"Sungai Sembilan","regency":"Kota Dumai","administrativeCode":"14.72.04.1006","boundarySource":"Perwali Kota Dumai Nomor 40 Tahun 2025","change":"erosion","baseline":"2016","current":"2025","confidence":"rendah","resolutionM":10,"uncertaintyM":14.1,"imageDerivedBeforeBoundaryClip":true,"administrativeBoundaryUsedForAttribution":true,"administrativeSeawardBoundaryUsedForClipping":false,"lockedInterVillageBoundary":true},"geometry":{"type":"Polygon","coordinates":[[[101.33154352632141,1.917691529485893],[101.33154340391266,1.9176011327674638],[101.33163324646465,1.917601009604217],[101.33163312405696,1.917510612891495],[101.33172296659848,1.9175104897293245],[101.33172284419189,1.9174200930223086],[101.33181268672288,1.9174199698612127],[101.33181256431736,1.917329573159904],[101.33190240683786,1.9173294499998847],[101.33190216203475,1.917148656608578],[101.33199200454007,1.9171485334554452],[101.33199163736464,1.9168773433851416],[101.33190179487346,1.916877466520841],[101.33190203964189,1.917058259912769],[101.33181219713548,1.9170583830553567],[101.33181231952365,1.9171487797569757],[101.33172247700675,1.9171489029006394],[101.33172272179105,1.9173296963151896],[101.33163287925899,1.9173298194657393],[101.33163300165509,1.9174202161786689],[101.33154315911251,1.917420339330295],[101.33154328150971,1.9175107360489314],[101.33145343895664,1.917510859201632],[101.33145368375895,1.9176916526502128],[101.33154352632141,1.917691529485893]]]}},{"type":"Feature","properties":{"id":"kota-dumai-sungai-sembilan-kelurahan-sungai-geniot","village":"Kelurahan Sungai Geniot","district":"Sungai Sembilan","regency":"Kota Dumai","administrativeCode":"14.72.04.1006","boundarySource":"Perwali Kota Dumai Nomor 40 Tahun 2025","change":"erosion","baseline":"2016","current":"2025","confidence":"rendah","resolutionM":10,"uncertaintyM":14.1,"imageDerivedBeforeBoundaryClip":true,"administrativeBoundaryUsedForAttribution":true,"administrativeSeawardBoundaryUsedForClipping":false,"lockedInterVillageBoundary":true},"geometry":{"type":"Polygon","coordinates":[[[101.33208147985009,1.9168772202447097],[101.332080990345,1.9165156335060993],[101.33199114787838,1.9165157566232869],[101.33199163736464,1.9168773433851416],[101.33208147985009,1.9168772202447097]]]}},{"type":"Feature","properties":{"id":"kota-dumai-sungai-sembilan-kelurahan-sungai-geniot","village":"Kelurahan Sungai Geniot","district":"Sungai Sembilan","regency":"Kota Dumai","administrativeCode":"14.72.04.1006","boundarySource":"Perwali Kota Dumai Nomor 40 Tahun 2025","change":"erosion","baseline":"2016","current":"2025","confidence":"rendah","resolutionM":10,"uncertaintyM":14.1,"imageDerivedBeforeBoundaryClip":true,"administrativeBoundaryUsedForAttribution":true,"administrativeSeawardBoundaryUsedForClipping":false,"lockedInterVillageBoundary":true},"geometry":{"type":"Polygon","coordinates":[[[101.33217083280583,1.9165155103841793],[101.33217046572359,1.9162443203465682],[101.33208062327687,1.9162444434510546],[101.332080990345,1.9165156335060993],[101.33217083280583,1.9165155103841793]]]}},{"type":"Feature","properties":{"id":"kota-dumai-sungai-sembilan-kelurahan-sungai-geniot","village":"Kelurahan Sungai Geniot","district":"Sungai Sembilan","regency":"Kota Dumai","administrativeCode":"14.72.04.1006","boundarySource":"Perwali Kota Dumai Nomor 40 Tahun 2025","change":"erosion","baseline":"2016","current":"2025","confidence":"rendah","resolutionM":10,"uncertaintyM":14.1,"imageDerivedBeforeBoundaryClip":true,"administrativeBoundaryUsedForAttribution":true,"administrativeSeawardBoundaryUsedForClipping":false,"lockedInterVillageBoundary":true},"geometry":{"type":"Polygon","coordinates":[[[101.33226030816452,1.916244197237351],[101.33225981878374,1.9158826105423348],[101.3321699763616,1.9158827336283062],[101.33217046572359,1.9162443203465682],[101.33226030816452,1.916244197237351]]]}},{"type":"Feature","properties":{"id":"kota-dumai-sungai-sembilan-kelurahan-sungai-geniot","village":"Kelurahan Sungai Geniot","district":"Sungai Sembilan","regency":"Kota Dumai","administrativeCode":"14.72.04.1006","boundarySource":"Perwali Kota Dumai Nomor 40 Tahun 2025","change":"erosion","baseline":"2016","current":"2025","confidence":"rendah","resolutionM":10,"uncertaintyM":14.1,"imageDerivedBeforeBoundaryClip":true,"administrativeBoundaryUsedForAttribution":true,"administrativeSeawardBoundaryUsedForClipping":false,"lockedInterVillageBoundary":true},"geometry":{"type":"Polygon","coordinates":[[[101.33234953886462,1.9157920907834318],[101.33234904958064,1.9154305041095927],[101.33225920718783,1.9154306271712351],[101.332259696453,1.915792213868322],[101.33234953886462,1.9157920907834318]]]}},{"type":"Feature","properties":{"id":"kota-dumai-sungai-sembilan-kelurahan-sungai-geniot","village":"Kelurahan Sungai Geniot","district":"Sungai Sembilan","regency":"Kota Dumai","administrativeCode":"14.72.04.1006","boundarySource":"Perwali Kota Dumai Nomor 40 Tahun 2025","change":"erosion","baseline":"2016","current":"2025","confidence":"rendah","resolutionM":10,"uncertaintyM":14.1,"imageDerivedBeforeBoundaryClip":true,"administrativeBoundaryUsedForAttribution":true,"administrativeSeawardBoundaryUsedForClipping":false,"lockedInterVillageBoundary":true},"geometry":{"type":"Polygon","coordinates":[[[101.33243876965649,1.9153399843803138],[101.33243815818707,1.9148880010642302],[101.33234831582821,1.9148881240957296],[101.33234892727413,1.9153401074408745],[101.33243876965649,1.9153399843803138]]]}},{"type":"Feature","properties":{"id":"kota-dumai-sungai-sembilan-kelurahan-sungai-geniot","village":"Kelurahan Sungai Geniot","district":"Sungai Sembilan","regency":"Kota Dumai","administrativeCode":"14.72.04.1006","boundarySource":"Perwali Kota Dumai Nomor 40 Tahun 2025","change":"erosion","baseline":"2016","current":"2025","confidence":"rendah","resolutionM":10,"uncertaintyM":14.1,"imageDerivedBeforeBoundaryClip":true,"administrativeBoundaryUsedForAttribution":true,"administrativeSeawardBoundaryUsedForClipping":false,"lockedInterVillageBoundary":true},"geometry":{"type":"Polygon","coordinates":[[[101.3325275114499,1.9145262913965218],[101.33252726693948,1.9143454980801615],[101.33243742461458,1.9143456210815162],[101.33243766911562,1.9145264144095009],[101.3325275114499,1.9145262913965218]]]}},{"type":"Feature","properties":{"id":"kota-dumai-sungai-sembilan-kelurahan-sungai-geniot","village":"Kelurahan Sungai Geniot","district":"Sungai Sembilan","regency":"Kota Dumai","administrativeCode":"14.72.04.1006","boundarySource":"Perwali Kota Dumai Nomor 40 Tahun 2025","change":"erosion","baseline":"2016","current":"2025","confidence":"rendah","resolutionM":10,"uncertaintyM":14.1,"imageDerivedBeforeBoundaryClip":true,"administrativeBoundaryUsedForAttribution":true,"administrativeSeawardBoundaryUsedForClipping":false,"lockedInterVillageBoundary":true},"geometry":{"type":"Polygon","coordinates":[[[101.33243742461458,1.9143456210815162],[101.3324371801367,1.914164827753117],[101.33234733781543,1.91416495073812],[101.33234758228393,1.9143457440781433],[101.33243742461458,1.9143456210815162]]]}},{"type":"Feature","properties":{"id":"kota-dumai-sungai-sembilan-kelurahan-sungai-geniot","village":"Kelurahan Sungai Geniot","district":"Sungai Sembilan","regency":"Kota Dumai","administrativeCode":"14.72.04.1006","boundarySource":"Perwali Kota Dumai Nomor 40 Tahun 2025","change":"erosion","baseline":"2016","current":"2025","confidence":"rendah","resolutionM":10,"uncertaintyM":14.1,"imageDerivedBeforeBoundaryClip":true,"administrativeBoundaryUsedForAttribution":true,"administrativeSeawardBoundaryUsedForClipping":false,"lockedInterVillageBoundary":true},"geometry":{"type":"Polygon","coordinates":[[[101.33234709337007,1.913984157397683],[101.33234660454873,1.9136225707155676],[101.33225676224987,1.913622693660972],[101.33225639570871,1.9133515036308641],[101.33216655341813,1.913351626554108],[101.3321670421325,1.9137132132839583],[101.33225688444182,1.9137130903374677],[101.33225725105243,1.9139842803663347],[101.33234709337007,1.913984157397683]]]}},{"type":"Feature","properties":{"id":"kota-dumai-sungai-sembilan-kelurahan-sungai-geniot","village":"Kelurahan Sungai Geniot","district":"Sungai Sembilan","regency":"Kota Dumai","administrativeCode":"14.72.04.1006","boundarySource":"Perwali Kota Dumai Nomor 40 Tahun 2025","change":"erosion","baseline":"2016","current":"2025","confidence":"rendah","resolutionM":10,"uncertaintyM":14.1,"imageDerivedBeforeBoundaryClip":true,"administrativeBoundaryUsedForAttribution":true,"administrativeSeawardBoundaryUsedForClipping":false,"lockedInterVillageBoundary":true},"geometry":{"type":"Polygon","coordinates":[[[101.33216655341813,1.913351626554108],[101.33216630909567,1.9131708331885628],[101.3320764668087,1.9131709560954595],[101.3320767111218,1.9133517494726273],[101.33216655341813,1.913351626554108]]]}},{"type":"Feature","properties":{"id":"kota-dumai-sungai-sembilan-kelurahan-sungai-geniot","village":"Kelurahan Sungai Geniot","district":"Sungai Sembilan","regency":"Kota Dumai","administrativeCode":"14.72.04.1006","boundarySource":"Perwali Kota Dumai Nomor 40 Tahun 2025","change":"erosion","baseline":"2016","current":"2025","confidence":"rendah","resolutionM":10,"uncertaintyM":14.1,"imageDerivedBeforeBoundaryClip":true,"administrativeBoundaryUsedForAttribution":true,"administrativeSeawardBoundaryUsedForClipping":false,"lockedInterVillageBoundary":true},"geometry":{"type":"Polygon","coordinates":[[[101.3320764668087,1.9131709560954595],[101.33207634466085,1.9130805594067197],[101.33198650237281,1.9130806823030801],[101.33198662451598,1.9131710789976304],[101.3320764668087,1.9131709560954595]]]}},{"type":"Feature","properties":{"id":"kota-dumai-sungai-sembilan-kelurahan-sungai-geniot","village":"Kelurahan Sungai Geniot","district":"Sungai Sembilan","regency":"Kota Dumai","administrativeCode":"14.72.04.1006","boundarySource":"Perwali Kota Dumai Nomor 40 Tahun 2025","change":"erosion","baseline":"2016","current":"2025","confidence":"rendah","resolutionM":10,"uncertaintyM":14.1,"imageDerivedBeforeBoundaryClip":true,"administrativeBoundaryUsedForAttribution":true,"administrativeSeawardBoundaryUsedForClipping":false,"lockedInterVillageBoundary":true},"geometry":{"type":"Polygon","coordinates":[[[101.33198650237281,1.9130806823030801],[101.33198638023539,1.9129902856084262],[101.33189653794626,1.912990408494252],[101.33189666007895,1.9130808051947163],[101.33198650237281,1.9130806823030801]]]}},{"type":"Feature","properties":{"id":"kota-dumai-sungai-sembilan-kelurahan-sungai-geniot","village":"Kelurahan Sungai Geniot","district":"Sungai Sembilan","regency":"Kota Dumai","administrativeCode":"14.72.04.1006","boundarySource":"Perwali Kota Dumai Nomor 40 Tahun 2025","change":"erosion","baseline":"2016","current":"2025","confidence":"rendah","resolutionM":10,"uncertaintyM":14.1,"imageDerivedBeforeBoundaryClip":true,"administrativeBoundaryUsedForAttribution":true,"administrativeSeawardBoundaryUsedForClipping":false,"lockedInterVillageBoundary":true},"geometry":{"type":"Polygon","coordinates":[[[101.33189653794626,1.912990408494252],[101.33189617158287,1.9127192183922372],[101.33180632930205,1.9127193412559065],[101.33180620719718,1.9126289445492173],[101.3315366803341,1.9126293130944536],[101.3315368024249,1.9127197098185735],[101.33162664472306,1.912719586969074],[101.33162676682434,1.912809983687281],[101.33171660912143,1.9128098608272481],[101.33171673123316,1.9129002575395408],[101.33180657352915,1.9129001346689742],[101.3318066956514,1.912990531375353],[101.33189653794626,1.912990408494252]]]}},{"type":"Feature","properties":{"id":"kota-dumai-sungai-sembilan-kelurahan-sungai-geniot","village":"Kelurahan Sungai Geniot","district":"Sungai Sembilan","regency":"Kota Dumai","administrativeCode":"14.72.04.1006","boundarySource":"Perwali Kota Dumai Nomor 40 Tahun 2025","change":"erosion","baseline":"2016","current":"2025","confidence":"rendah","resolutionM":10,"uncertaintyM":14.1,"imageDerivedBeforeBoundaryClip":true,"administrativeBoundaryUsedForAttribution":true,"administrativeSeawardBoundaryUsedForClipping":false,"lockedInterVillageBoundary":true},"geometry":{"type":"Polygon","coordinates":[[[101.33144671595456,1.912539039203387],[101.33144659387999,1.912448642473251],[101.33135675158435,1.912448765295874],[101.33135687365419,1.91253916203182],[101.33144671595456,1.912539039203387]]]}},{"type":"Feature","properties":{"id":"kota-dumai-sungai-sembilan-kelurahan-sungai-geniot","village":"Kelurahan Sungai Geniot","district":"Sungai Sembilan","regency":"Kota Dumai","administrativeCode":"14.72.04.1006","boundarySource":"Perwali Kota Dumai Nomor 40 Tahun 2025","change":"erosion","baseline":"2016","current":"2025","confidence":"rendah","resolutionM":10,"uncertaintyM":14.1,"imageDerivedBeforeBoundaryClip":true,"administrativeBoundaryUsedForAttribution":true,"administrativeSeawardBoundaryUsedForClipping":false,"lockedInterVillageBoundary":true},"geometry":{"type":"Polygon","coordinates":[[[101.33135675158435,1.912448765295874],[101.33135662952029,1.9123583685598249],[101.33126678722354,1.9123584913719156],[101.33126690928292,1.9124488881137744],[101.33135675158435,1.912448765295874]]]}},{"type":"Feature","properties":{"id":"kota-dumai-sungai-sembilan-kelurahan-sungai-geniot","village":"Kelurahan Sungai Geniot","district":"Sungai Sembilan","regency":"Kota Dumai","administrativeCode":"14.72.04.1006","boundarySource":"Perwali Kota Dumai Nomor 40 Tahun 2025","change":"erosion","baseline":"2016","current":"2025","confidence":"rendah","resolutionM":10,"uncertaintyM":14.1,"imageDerivedBeforeBoundaryClip":true,"administrativeBoundaryUsedForAttribution":true,"administrativeSeawardBoundaryUsedForClipping":false,"lockedInterVillageBoundary":true},"geometry":{"type":"Polygon","coordinates":[[[101.33126678722354,1.9123584913719156],[101.33126666516996,1.9122680946299535],[101.33117682287212,1.9122682174315135],[101.33117694492103,1.912358614179285],[101.33126678722354,1.9123584913719156]]]}},{"type":"Feature","properties":{"id":"kota-dumai-sungai-sembilan-kelurahan-basilam-baru","village":"Kelurahan Basilam Baru","district":"Sungai Sembilan","regency":"Kota Dumai","administrativeCode":"14.72.04.1004","boundarySource":"Perwali Kota Dumai Nomor 39 Tahun 2025","change":"erosion","baseline":"2016","current":"2025","confidence":"rendah","resolutionM":10,"uncertaintyM":14.1,"imageDerivedBeforeBoundaryClip":true,"administrativeBoundaryUsedForAttribution":true,"administrativeSeawardBoundaryUsedForClipping":false,"lockedInterVillageBoundary":true},"geometry":{"type":"Polygon","coordinates":[[[101.33117584668899,1.9115450434456238],[101.33117572469213,1.9114546466969222],[101.33108588243074,1.911454769441479],[101.33108600442294,1.911545166195989],[101.33117584668899,1.9115450434456238]]]}},{"type":"Feature","properties":{"id":"kota-dumai-sungai-sembilan-kelurahan-basilam-baru","village":"Kelurahan Basilam Baru","district":"Sungai Sembilan","regency":"Kota Dumai","administrativeCode":"14.72.04.1004","boundarySource":"Perwali Kota Dumai Nomor 39 Tahun 2025","change":"erosion","baseline":"2016","current":"2025","confidence":"rendah","resolutionM":10,"uncertaintyM":14.1,"imageDerivedBeforeBoundaryClip":true,"administrativeBoundaryUsedForAttribution":true,"administrativeSeawardBoundaryUsedForClipping":false,"lockedInterVillageBoundary":true},"geometry":{"type":"Polygon","coordinates":[[[101.3312655669477,1.9114545239476457],[101.33126544495191,1.9113641272046495],[101.33117560270102,1.911364249948118],[101.33117572469213,1.9114546466969222],[101.3312655669477,1.9114545239476457]]]}},{"type":"Feature","properties":{"id":"kota-dumai-sungai-sembilan-kelurahan-basilam-baru","village":"Kelurahan Basilam Baru","district":"Sungai Sembilan","regency":"Kota Dumai","administrativeCode":"14.72.04.1004","boundarySource":"Perwali Kota Dumai Nomor 39 Tahun 2025","change":"erosion","baseline":"2016","current":"2025","confidence":"rendah","resolutionM":10,"uncertaintyM":14.1,"imageDerivedBeforeBoundaryClip":true,"administrativeBoundaryUsedForAttribution":true,"administrativeSeawardBoundaryUsedForClipping":false,"lockedInterVillageBoundary":true},"geometry":{"type":"Polygon","coordinates":[[[101.3320735368556,1.9110014355372023],[101.3320734148465,1.9109110388459838],[101.33198357267108,1.910911161602875],[101.3319836946755,1.9110015582999047],[101.3320735368556,1.9110014355372023]]]}},{"type":"Feature","properties":{"id":"kota-dumai-sungai-sembilan-kelurahan-basilam-baru","village":"Kelurahan Basilam Baru","district":"Sungai Sembilan","regency":"Kota Dumai","administrativeCode":"14.72.04.1004","boundarySource":"Perwali Kota Dumai Nomor 39 Tahun 2025","change":"erosion","baseline":"2016","current":"2025","confidence":"rendah","resolutionM":10,"uncertaintyM":14.1,"imageDerivedBeforeBoundaryClip":true,"administrativeBoundaryUsedForAttribution":true,"administrativeSeawardBoundaryUsedForClipping":false,"lockedInterVillageBoundary":true},"geometry":{"type":"Polygon","coordinates":[[[101.33207268291332,1.9103686586965047],[101.33207256094471,1.9102782620045642],[101.3319827188021,1.9102783847207765],[101.33198284076605,1.9103687814185288],[101.33207268291332,1.9103686586965047]]]}},{"type":"Feature","properties":{"id":"kota-dumai-sungai-sembilan-kelurahan-basilam-baru","village":"Kelurahan Basilam Baru","district":"Sungai Sembilan","regency":"Kota Dumai","administrativeCode":"14.72.04.1004","boundarySource":"Perwali Kota Dumai Nomor 39 Tahun 2025","change":"erosion","baseline":"2016","current":"2025","confidence":"rendah","resolutionM":10,"uncertaintyM":14.1,"imageDerivedBeforeBoundaryClip":true,"administrativeBoundaryUsedForAttribution":true,"administrativeSeawardBoundaryUsedForClipping":false,"lockedInterVillageBoundary":true},"geometry":{"type":"Polygon","coordinates":[[[101.33207182925435,1.9097358818507508],[101.33207146348725,1.9094646917724507],[101.33198162138684,1.9094648144363624],[101.33198198713991,1.9097360045320955],[101.33207182925435,1.9097358818507508]]]}},{"type":"Feature","properties":{"id":"kota-dumai-sungai-sembilan-kelurahan-basilam-baru","village":"Kelurahan Basilam Baru","district":"Sungai Sembilan","regency":"Kota Dumai","administrativeCode":"14.72.04.1004","boundarySource":"Perwali Kota Dumai Nomor 39 Tahun 2025","change":"erosion","baseline":"2016","current":"2025","confidence":"rendah","resolutionM":10,"uncertaintyM":14.1,"imageDerivedBeforeBoundaryClip":true,"administrativeBoundaryUsedForAttribution":true,"administrativeSeawardBoundaryUsedForClipping":false,"lockedInterVillageBoundary":true},"geometry":{"type":"Polygon","coordinates":[[[101.33216130558188,1.9094645691038243],[101.33216069606226,1.9090125856669857],[101.33207085399106,1.9090127083065542],[101.33207121967143,1.9092838983864016],[101.33198137758036,1.909284021038691],[101.33198149948073,1.9093744177375775],[101.33207134157644,1.9093742950794776],[101.33207146348725,1.9094646917724507],[101.33216130558188,1.9094645691038243]]]}},{"type":"Feature","properties":{"id":"kota-dumai-sungai-sembilan-kelurahan-basilam-baru","village":"Kelurahan Basilam Baru","district":"Sungai Sembilan","regency":"Kota Dumai","administrativeCode":"14.72.04.1004","boundarySource":"Perwali Kota Dumai Nomor 39 Tahun 2025","change":"erosion","baseline":"2016","current":"2025","confidence":"rendah","resolutionM":10,"uncertaintyM":14.1,"imageDerivedBeforeBoundaryClip":true,"administrativeBoundaryUsedForAttribution":true,"administrativeSeawardBoundaryUsedForClipping":false,"lockedInterVillageBoundary":true},"geometry":{"type":"Polygon","coordinates":[[[101.3322498068668,1.9084700829299608],[101.33224968501024,1.9083796862474762],[101.33215984297763,1.9083798088510784],[101.33215996482951,1.9084702055393745],[101.3322498068668,1.9084700829299608]]]}},{"type":"Feature","properties":{"id":"kota-dumai-sungai-sembilan-kelurahan-basilam-baru","village":"Kelurahan Basilam Baru","district":"Sungai Sembilan","regency":"Kota Dumai","administrativeCode":"14.72.04.1004","boundarySource":"Perwali Kota Dumai Nomor 39 Tahun 2025","change":"erosion","baseline":"2016","current":"2025","confidence":"rendah","resolutionM":10,"uncertaintyM":14.1,"imageDerivedBeforeBoundaryClip":true,"administrativeBoundaryUsedForAttribution":true,"administrativeSeawardBoundaryUsedForClipping":false,"lockedInterVillageBoundary":true},"geometry":{"type":"Polygon","coordinates":[[[101.33233952703706,1.9083795636391618],[101.3323394051816,1.9082891669623856],[101.33224956315946,1.9082892895648884],[101.33224968501024,1.9083796862474762],[101.33233952703706,1.9083795636391618]]]}},{"type":"Feature","properties":{"id":"kota-dumai-sungai-sembilan-kelurahan-basilam-baru","village":"Kelurahan Basilam Baru","district":"Sungai Sembilan","regency":"Kota Dumai","administrativeCode":"14.72.04.1004","boundarySource":"Perwali Kota Dumai Nomor 39 Tahun 2025","change":"erosion","baseline":"2016","current":"2025","confidence":"rendah","resolutionM":10,"uncertaintyM":14.1,"imageDerivedBeforeBoundaryClip":true,"administrativeBoundaryUsedForAttribution":true,"administrativeSeawardBoundaryUsedForClipping":false,"lockedInterVillageBoundary":true},"geometry":{"type":"Polygon","coordinates":[[[101.33242924719796,1.9082890443551705],[101.33242888165223,1.9080178543416608],[101.33233903964991,1.9080179769314398],[101.3323394051816,1.9082891669623856],[101.33242924719796,1.9082890443551705]]]}},{"type":"Feature","properties":{"id":"kota-dumai-sungai-sembilan-kelurahan-basilam-baru","village":"Kelurahan Basilam Baru","district":"Sungai Sembilan","regency":"Kota Dumai","administrativeCode":"14.72.04.1004","boundarySource":"Perwali Kota Dumai Nomor 39 Tahun 2025","change":"erosion","baseline":"2016","current":"2025","confidence":"rendah","resolutionM":10,"uncertaintyM":14.1,"imageDerivedBeforeBoundaryClip":true,"administrativeBoundaryUsedForAttribution":true,"administrativeSeawardBoundaryUsedForClipping":false,"lockedInterVillageBoundary":true},"geometry":{"type":"Polygon","coordinates":[[[101.33260807828869,1.907656022508346],[101.33260795646542,1.9075656258481826],[101.33251811449806,1.907565748418322],[101.33251823631666,1.9076561450842977],[101.33260807828869,1.907656022508346]]]}},{"type":"Feature","properties":{"id":"kota-dumai-sungai-sembilan-kelurahan-basilam-baru","village":"Kelurahan Basilam Baru","district":"Sungai Sembilan","regency":"Kota Dumai","administrativeCode":"14.72.04.1004","boundarySource":"Perwali Kota Dumai Nomor 39 Tahun 2025","change":"erosion","baseline":"2016","current":"2025","confidence":"rendah","resolutionM":10,"uncertaintyM":14.1,"imageDerivedBeforeBoundaryClip":true,"administrativeBoundaryUsedForAttribution":true,"administrativeSeawardBoundaryUsedForClipping":false,"lockedInterVillageBoundary":true},"geometry":{"type":"Polygon","coordinates":[[[101.33269767660482,1.9074751066188784],[101.33269731117308,1.9072039166548986],[101.33260746923024,1.9072040392064986],[101.33260783464794,1.9074752291879158],[101.33269767660482,1.9074751066188784]]]}},{"type":"Feature","properties":{"id":"kota-dumai-sungai-sembilan-kelurahan-basilam-baru","village":"Kelurahan Basilam Baru","district":"Sungai Sembilan","regency":"Kota Dumai","administrativeCode":"14.72.04.1004","boundarySource":"Perwali Kota Dumai Nomor 39 Tahun 2025","change":"erosion","baseline":"2016","current":"2025","confidence":"rendah","resolutionM":10,"uncertaintyM":14.1,"imageDerivedBeforeBoundaryClip":true,"administrativeBoundaryUsedForAttribution":true,"administrativeSeawardBoundaryUsedForClipping":false,"lockedInterVillageBoundary":true},"geometry":{"type":"Polygon","coordinates":[[[101.33278703130645,1.9071133974495371],[101.33278690950853,1.9070230008003812],[101.33269706758082,1.9070231233450643],[101.33269718937406,1.9071135200000333],[101.33278703130645,1.9071133974495371]]]}},{"type":"Feature","properties":{"id":"kota-dumai-sungai-sembilan-kelurahan-basilam-baru","village":"Kelurahan Basilam Baru","district":"Sungai Sembilan","regency":"Kota Dumai","administrativeCode":"14.72.04.1004","boundarySource":"Perwali Kota Dumai Nomor 39 Tahun 2025","change":"erosion","baseline":"2016","current":"2025","confidence":"rendah","resolutionM":10,"uncertaintyM":14.1,"imageDerivedBeforeBoundaryClip":true,"administrativeBoundaryUsedForAttribution":true,"administrativeSeawardBoundaryUsedForClipping":false,"lockedInterVillageBoundary":true},"geometry":{"type":"Polygon","coordinates":[[[101.33287662963362,1.9069324816075435],[101.33287638605735,1.9067516883203435],[101.33278654414949,1.906751810852296],[101.33278678771639,1.9069326041511225],[101.33287662963362,1.9069324816075435]]]}},{"type":"Feature","properties":{"id":"kota-dumai-sungai-sembilan-kelurahan-basilam-baru","village":"Kelurahan Basilam Baru","district":"Sungai Sembilan","regency":"Kota Dumai","administrativeCode":"14.72.04.1004","boundarySource":"Perwali Kota Dumai Nomor 39 Tahun 2025","change":"erosion","baseline":"2016","current":"2025","confidence":"rendah","resolutionM":10,"uncertaintyM":14.1,"imageDerivedBeforeBoundaryClip":true,"administrativeBoundaryUsedForAttribution":true,"administrativeSeawardBoundaryUsedForClipping":false,"lockedInterVillageBoundary":true},"geometry":{"type":"Polygon","coordinates":[[[101.3329661061753,1.906661169145741],[101.33296598439695,1.9065707725076961],[101.33287614250422,1.90657089503273],[101.3328762642779,1.9066612916765882],[101.3329661061753,1.906661169145741]]]}},{"type":"Feature","properties":{"id":"kota-dumai-sungai-sembilan-kelurahan-basilam-baru","village":"Kelurahan Basilam Baru","district":"Sungai Sembilan","regency":"Kota Dumai","administrativeCode":"14.72.04.1004","boundarySource":"Perwali Kota Dumai Nomor 39 Tahun 2025","change":"erosion","baseline":"2016","current":"2025","confidence":"rendah","resolutionM":10,"uncertaintyM":14.1,"imageDerivedBeforeBoundaryClip":true,"administrativeBoundaryUsedForAttribution":true,"administrativeSeawardBoundaryUsedForClipping":false,"lockedInterVillageBoundary":true},"geometry":{"type":"Polygon","coordinates":[[[101.33305582628391,1.906570649977954],[101.33305546096952,1.9062994600806435],[101.33296561909661,1.906299582592944],[101.33296598439695,1.9065707725076961],[101.33305582628391,1.906570649977954]]]}},{"type":"Feature","properties":{"id":"kota-dumai-sungai-sembilan-kelurahan-basilam-baru","village":"Kelurahan Basilam Baru","district":"Sungai Sembilan","regency":"Kota Dumai","administrativeCode":"14.72.04.1004","boundarySource":"Perwali Kota Dumai Nomor 39 Tahun 2025","change":"erosion","baseline":"2016","current":"2025","confidence":"rendah","resolutionM":10,"uncertaintyM":14.1,"imageDerivedBeforeBoundaryClip":true,"administrativeBoundaryUsedForAttribution":true,"administrativeSeawardBoundaryUsedForClipping":false,"lockedInterVillageBoundary":true},"geometry":{"type":"Polygon","coordinates":[[[101.33314518107206,1.9062089409368062],[101.33314493756028,1.9060281476828387],[101.3330550957072,1.9060282701824058],[101.33305533920964,1.9062090634480007],[101.33314518107206,1.9062089409368062]]]}},{"type":"Feature","properties":{"id":"kota-dumai-sungai-sembilan-kelurahan-basilam-baru","village":"Kelurahan Basilam Baru","district":"Sungai Sembilan","regency":"Kota Dumai","administrativeCode":"14.72.04.1004","boundarySource":"Perwali Kota Dumai Nomor 39 Tahun 2025","change":"erosion","baseline":"2016","current":"2025","confidence":"rendah","resolutionM":10,"uncertaintyM":14.1,"imageDerivedBeforeBoundaryClip":true,"administrativeBoundaryUsedForAttribution":true,"administrativeSeawardBoundaryUsedForClipping":false,"lockedInterVillageBoundary":true},"geometry":{"type":"Polygon","coordinates":[[[101.33323477940756,1.9060280251785653],[101.33323465765567,1.9059376285572414],[101.33314481581304,1.9059377510557014],[101.33314493756028,1.9060281476828387],[101.33323477940756,1.9060280251785653]]]}},{"type":"Feature","properties":{"id":"kota-dumai-sungai-sembilan-kelurahan-basilam-baru","village":"Kelurahan Basilam Baru","district":"Sungai Sembilan","regency":"Kota Dumai","administrativeCode":"14.72.04.1004","boundarySource":"Perwali Kota Dumai Nomor 39 Tahun 2025","change":"erosion","baseline":"2016","current":"2025","confidence":"rendah","resolutionM":10,"uncertaintyM":14.1,"imageDerivedBeforeBoundaryClip":true,"administrativeBoundaryUsedForAttribution":true,"administrativeSeawardBoundaryUsedForClipping":false,"lockedInterVillageBoundary":true},"geometry":{"type":"Polygon","coordinates":[[[101.33332449949252,1.9059375060540755],[101.33332437774175,1.9058471094384628],[101.33323453590958,1.9058472319358144],[101.33323465765567,1.9059376285572414],[101.33332449949252,1.9059375060540755]]]}},{"type":"Feature","properties":{"id":"kota-dumai-sungai-sembilan-kelurahan-basilam-baru","village":"Kelurahan Basilam Baru","district":"Sungai Sembilan","regency":"Kota Dumai","administrativeCode":"14.72.04.1004","boundarySource":"Perwali Kota Dumai Nomor 39 Tahun 2025","change":"erosion","baseline":"2016","current":"2025","confidence":"rendah","resolutionM":10,"uncertaintyM":14.1,"imageDerivedBeforeBoundaryClip":true,"administrativeBoundaryUsedForAttribution":true,"administrativeSeawardBoundaryUsedForClipping":false,"lockedInterVillageBoundary":true},"geometry":{"type":"Polygon","coordinates":[[[101.33350381788576,1.9056660712213649],[101.333503696143,1.905575674617073],[101.33341385433641,1.9055757971063931],[101.33341397607454,1.9056661937164996],[101.33350381788576,1.9056660712213649]]]}},{"type":"Feature","properties":{"id":"kota-dumai-sungai-sembilan-kelurahan-basilam-baru","village":"Kelurahan Basilam Baru","district":"Sungai Sembilan","regency":"Kota Dumai","administrativeCode":"14.72.04.1004","boundarySource":"Perwali Kota Dumai Nomor 39 Tahun 2025","change":"erosion","baseline":"2016","current":"2025","confidence":"rendah","resolutionM":10,"uncertaintyM":14.1,"imageDerivedBeforeBoundaryClip":true,"administrativeBoundaryUsedForAttribution":true,"administrativeSeawardBoundaryUsedForClipping":false,"lockedInterVillageBoundary":true},"geometry":{"type":"Polygon","coordinates":[[[101.33359353794376,1.9055755521230473],[101.33359341620208,1.905485155524467],[101.33350357440598,1.9054852780126772],[101.333503696143,1.905575674617073],[101.33359353794376,1.9055755521230473]]]}},{"type":"Feature","properties":{"id":"kota-dumai-sungai-sembilan-kelurahan-basilam-baru","village":"Kelurahan Basilam Baru","district":"Sungai Sembilan","regency":"Kota Dumai","administrativeCode":"14.72.04.1004","boundarySource":"Perwali Kota Dumai Nomor 39 Tahun 2025","change":"erosion","baseline":"2016","current":"2025","confidence":"rendah","resolutionM":10,"uncertaintyM":14.1,"imageDerivedBeforeBoundaryClip":true,"administrativeBoundaryUsedForAttribution":true,"administrativeSeawardBoundaryUsedForClipping":false,"lockedInterVillageBoundary":true},"geometry":{"type":"Polygon","coordinates":[[[101.3336832579924,1.9054850330315503],[101.33368313625184,1.9053946364386831],[101.33359329446618,1.9053947589257838],[101.33359341620208,1.905485155524467],[101.3336832579924,1.9054850330315503]]]}},{"type":"Feature","properties":{"id":"kota-dumai-sungai-sembilan-kelurahan-basilam-baru","village":"Kelurahan Basilam Baru","district":"Sungai Sembilan","regency":"Kota Dumai","administrativeCode":"14.72.04.1004","boundarySource":"Perwali Kota Dumai Nomor 39 Tahun 2025","change":"erosion","baseline":"2016","current":"2025","confidence":"rendah","resolutionM":10,"uncertaintyM":14.1,"imageDerivedBeforeBoundaryClip":true,"administrativeBoundaryUsedForAttribution":true,"administrativeSeawardBoundaryUsedForClipping":false,"lockedInterVillageBoundary":true},"geometry":{"type":"Polygon","coordinates":[[[101.33377285629223,1.9053041173597212],[101.33377261283067,1.9051233241851016],[101.33368277106486,1.9051234466594618],[101.33368301451706,1.9053042398457118],[101.33377285629223,1.9053041173597212]]]}},{"type":"Feature","properties":{"id":"kota-dumai-sungai-sembilan-kelurahan-basilam-baru","village":"Kelurahan Basilam Baru","district":"Sungai Sembilan","regency":"Kota Dumai","administrativeCode":"14.72.04.1004","boundarySource":"Perwali Kota Dumai Nomor 39 Tahun 2025","change":"erosion","baseline":"2016","current":"2025","confidence":"rendah","resolutionM":10,"uncertaintyM":14.1,"imageDerivedBeforeBoundaryClip":true,"administrativeBoundaryUsedForAttribution":true,"administrativeSeawardBoundaryUsedForClipping":false,"lockedInterVillageBoundary":true},"geometry":{"type":"Polygon","coordinates":[[[101.33395205288784,1.9049422860704999],[101.33395180945386,1.90476149291832],[101.33386196771832,1.9047616153788254],[101.33386221114296,1.904942408542637],[101.33395205288784,1.9049422860704999]]]}},{"type":"Feature","properties":{"id":"kota-dumai-sungai-sembilan-kelurahan-basilam-baru","village":"Kelurahan Basilam Baru","district":"Sungai Sembilan","regency":"Kota Dumai","administrativeCode":"14.72.04.1004","boundarySource":"Perwali Kota Dumai Nomor 39 Tahun 2025","change":"erosion","baseline":"2016","current":"2025","confidence":"rendah","resolutionM":10,"uncertaintyM":14.1,"imageDerivedBeforeBoundaryClip":true,"administrativeBoundaryUsedForAttribution":true,"administrativeSeawardBoundaryUsedForClipping":false,"lockedInterVillageBoundary":true},"geometry":{"type":"Polygon","coordinates":[[[101.33404140776346,1.9045805773121511],[101.33404128606207,1.904490180741517],[101.33395144434634,1.904490303189278],[101.33395156604307,1.9045806997657275],[101.33404140776346,1.9045805773121511]]]}},{"type":"Feature","properties":{"id":"kota-dumai-sungai-sembilan-kelurahan-basilam-baru","village":"Kelurahan Basilam Baru","district":"Sungai Sembilan","regency":"Kota Dumai","administrativeCode":"14.72.04.1004","boundarySource":"Perwali Kota Dumai Nomor 39 Tahun 2025","change":"erosion","baseline":"2016","current":"2025","confidence":"rendah","resolutionM":10,"uncertaintyM":14.1,"imageDerivedBeforeBoundaryClip":true,"administrativeBoundaryUsedForAttribution":true,"administrativeSeawardBoundaryUsedForClipping":false,"lockedInterVillageBoundary":true},"geometry":{"type":"Polygon","coordinates":[[[101.33440004435349,1.9040377081650641],[101.3343999226681,1.903947311617079],[101.33431008100357,1.9039474340487494],[101.33431020268426,1.9040378306025514],[101.33440004435349,1.9040377081650641]]]}},{"type":"Feature","properties":{"id":"kota-dumai-sungai-sembilan-kelurahan-basilam-baru","village":"Kelurahan Basilam Baru","district":"Sungai Sembilan","regency":"Kota Dumai","administrativeCode":"14.72.04.1004","boundarySource":"Perwali Kota Dumai Nomor 39 Tahun 2025","change":"erosion","baseline":"2016","current":"2025","confidence":"rendah","resolutionM":10,"uncertaintyM":14.1,"imageDerivedBeforeBoundaryClip":true,"administrativeBoundaryUsedForAttribution":true,"administrativeSeawardBoundaryUsedForClipping":false,"lockedInterVillageBoundary":true},"geometry":{"type":"Polygon","coordinates":[[[101.33448976432685,1.903947189180707],[101.33448952096413,1.9037663960960627],[101.33439967931474,1.9037665185207997],[101.3343999226681,1.903947311617079],[101.33448976432685,1.903947189180707]]]}},{"type":"Feature","properties":{"id":"kota-dumai-sungai-sembilan-kelurahan-basilam-baru","village":"Kelurahan Basilam Baru","district":"Sungai Sembilan","regency":"Kota Dumai","administrativeCode":"14.72.04.1004","boundarySource":"Perwali Kota Dumai Nomor 39 Tahun 2025","change":"erosion","baseline":"2016","current":"2025","confidence":"rendah","resolutionM":10,"uncertaintyM":14.1,"imageDerivedBeforeBoundaryClip":true,"administrativeBoundaryUsedForAttribution":true,"administrativeSeawardBoundaryUsedForClipping":false,"lockedInterVillageBoundary":true},"geometry":{"type":"Polygon","coordinates":[[[101.33457924093042,1.9036758771299649],[101.33457911925882,1.903585480593203],[101.33448927762456,1.9035856030110068],[101.33448939929146,1.9036759995535857],[101.33457924093042,1.9036758771299649]]]}},{"type":"Feature","properties":{"id":"kota-dumai-sungai-sembilan-kelurahan-basilam-baru","village":"Kelurahan Basilam Baru","district":"Sungai Sembilan","regency":"Kota Dumai","administrativeCode":"14.72.04.1004","boundarySource":"Perwali Kota Dumai Nomor 39 Tahun 2025","change":"erosion","baseline":"2016","current":"2025","confidence":"rendah","resolutionM":10,"uncertaintyM":14.1,"imageDerivedBeforeBoundaryClip":true,"administrativeBoundaryUsedForAttribution":true,"administrativeSeawardBoundaryUsedForClipping":false,"lockedInterVillageBoundary":true},"geometry":{"type":"Polygon","coordinates":[[[101.33466883921689,1.9034949616396513],[101.33466871755223,1.9034045651085016],[101.3345788759331,1.9034046875193706],[101.33457899759307,1.903495084056338],[101.33466883921689,1.9034949616396513]]]}},{"type":"Feature","properties":{"id":"kota-dumai-sungai-sembilan-kelurahan-basilam-baru","village":"Kelurahan Basilam Baru","district":"Sungai Sembilan","regency":"Kota Dumai","administrativeCode":"14.72.04.1004","boundarySource":"Perwali Kota Dumai Nomor 39 Tahun 2025","change":"erosion","baseline":"2016","current":"2025","confidence":"rendah","resolutionM":10,"uncertaintyM":14.1,"imageDerivedBeforeBoundaryClip":true,"administrativeBoundaryUsedForAttribution":true,"administrativeSeawardBoundaryUsedForClipping":false,"lockedInterVillageBoundary":true},"geometry":{"type":"Polygon","coordinates":[[[101.33475843750206,1.9033140461674973],[101.3347583158443,1.9032236496419601],[101.33466847424027,1.9032237720458933],[101.33466859589336,1.903314168577249],[101.33475843750206,1.9033140461674973]]]}},{"type":"Feature","properties":{"id":"kota-dumai-sungai-sembilan-kelurahan-basilam-baru","village":"Kelurahan Basilam Baru","district":"Sungai Sembilan","regency":"Kota Dumai","administrativeCode":"14.72.04.1004","boundarySource":"Perwali Kota Dumai Nomor 39 Tahun 2025","change":"erosion","baseline":"2016","current":"2025","confidence":"rendah","resolutionM":10,"uncertaintyM":14.1,"imageDerivedBeforeBoundaryClip":true,"administrativeBoundaryUsedForAttribution":true,"administrativeSeawardBoundaryUsedForClipping":false,"lockedInterVillageBoundary":true},"geometry":{"type":"Polygon","coordinates":[[[101.33493763406844,1.9029522152776712],[101.33493751242449,1.9028618187633588],[101.33484767085075,1.9028619411534184],[101.33484779249001,1.90295233767355],[101.33493763406844,1.9029522152776712]]]}},{"type":"Feature","properties":{"id":"kota-dumai-sungai-sembilan-kelurahan-basilam-baru","village":"Kelurahan Basilam Baru","district":"Sungai Sembilan","regency":"Kota Dumai","administrativeCode":"14.72.04.1004","boundarySource":"Perwali Kota Dumai Nomor 39 Tahun 2025","change":"erosion","baseline":"2016","current":"2025","confidence":"rendah","resolutionM":10,"uncertaintyM":14.1,"imageDerivedBeforeBoundaryClip":true,"administrativeBoundaryUsedForAttribution":true,"administrativeSeawardBoundaryUsedForClipping":false,"lockedInterVillageBoundary":true},"geometry":{"type":"Polygon","coordinates":[[[101.33502723234965,1.9027712998600028],[101.33502686745592,1.9025001103335943],[101.33493702590664,1.902500232705079],[101.33493739078637,1.9027714222489434],[101.33502723234965,1.9027712998600028]]]}},{"type":"Feature","properties":{"id":"kota-dumai-sungai-sembilan-kelurahan-basilam-baru","village":"Kelurahan Basilam Baru","district":"Sungai Sembilan","regency":"Kota Dumai","administrativeCode":"14.72.04.1004","boundarySource":"Perwali Kota Dumai Nomor 39 Tahun 2025","change":"erosion","baseline":"2016","current":"2025","confidence":"rendah","resolutionM":10,"uncertaintyM":14.1,"imageDerivedBeforeBoundaryClip":true,"administrativeBoundaryUsedForAttribution":true,"administrativeSeawardBoundaryUsedForClipping":false,"lockedInterVillageBoundary":true},"geometry":{"type":"Polygon","coordinates":[[[101.33511670899944,1.9024999879574123],[101.3351163441438,1.902228798447535],[101.33502650261431,1.9022289208062617],[101.33502686745592,1.9025001103335943],[101.33511670899944,1.9024999879574123]]]}},{"type":"Feature","properties":{"id":"kota-dumai-sungai-sembilan-kelurahan-basilam-baru","village":"Kelurahan Basilam Baru","district":"Sungai Sembilan","regency":"Kota Dumai","administrativeCode":"14.72.04.1004","boundarySource":"Perwali Kota Dumai Nomor 39 Tahun 2025","change":"erosion","baseline":"2016","current":"2025","confidence":"rendah","resolutionM":10,"uncertaintyM":14.1,"imageDerivedBeforeBoundaryClip":true,"administrativeBoundaryUsedForAttribution":true,"administrativeSeawardBoundaryUsedForClipping":false,"lockedInterVillageBoundary":true},"geometry":{"type":"Polygon","coordinates":[[[101.33511610093569,1.9020480054404363],[101.3351157361669,1.9017768159290167],[101.33502589466073,1.9017769382586502],[101.3350262594155,1.902048127787525],[101.33511610093569,1.9020480054404363]]]}},{"type":"Feature","properties":{"id":"kota-dumai-sungai-sembilan-kelurahan-basilam-baru","village":"Kelurahan Basilam Baru","district":"Sungai Sembilan","regency":"Kota Dumai","administrativeCode":"14.72.04.1004","boundarySource":"Perwali Kota Dumai Nomor 39 Tahun 2025","change":"erosion","baseline":"2016","current":"2025","confidence":"rendah","resolutionM":10,"uncertaintyM":14.1,"imageDerivedBeforeBoundaryClip":true,"administrativeBoundaryUsedForAttribution":true,"administrativeSeawardBoundaryUsedForClipping":false,"lockedInterVillageBoundary":true},"geometry":{"type":"Polygon","coordinates":[[[101.33520545608458,1.9016862970964954],[101.3352053345077,1.9015959005982],[101.33511549301666,1.9015960229208906],[101.33511561458887,1.9016864194250047],[101.33520545608458,1.9016862970964954]]]}},{"type":"Feature","properties":{"id":"kota-dumai-sungai-sembilan-kelurahan-basilam-baru","village":"Kelurahan Basilam Baru","district":"Sungai Sembilan","regency":"Kota Dumai","administrativeCode":"14.72.04.1004","boundarySource":"Perwali Kota Dumai Nomor 39 Tahun 2025","change":"erosion","baseline":"2016","current":"2025","confidence":"rendah","resolutionM":10,"uncertaintyM":14.1,"imageDerivedBeforeBoundaryClip":true,"administrativeBoundaryUsedForAttribution":true,"administrativeSeawardBoundaryUsedForClipping":false,"lockedInterVillageBoundary":true},"geometry":{"type":"Polygon","coordinates":[[[101.33529505441719,1.9015053817782341],[101.3352946897246,1.90123419229988],[101.33520484825803,1.9012343146039892],[101.33520521293657,1.9015055040998017],[101.33529505441719,1.9015053817782341]]]}},{"type":"Feature","properties":{"id":"kota-dumai-sungai-sembilan-kelurahan-basilam-baru","village":"Kelurahan Basilam Baru","district":"Sungai Sembilan","regency":"Kota Dumai","administrativeCode":"14.72.04.1004","boundarySource":"Perwali Kota Dumai Nomor 39 Tahun 2025","change":"erosion","baseline":"2016","current":"2025","confidence":"rendah","resolutionM":10,"uncertaintyM":14.1,"imageDerivedBeforeBoundaryClip":true,"administrativeBoundaryUsedForAttribution":true,"administrativeSeawardBoundaryUsedForClipping":false,"lockedInterVillageBoundary":true},"geometry":{"type":"Polygon","coordinates":[[[101.33538453118538,1.9012340699910755],[101.33538392345693,1.9007820875541936],[101.33529408201949,1.9007822098339016],[101.3352946897246,1.90123419229988],[101.33538453118538,1.9012340699910755]]]}},{"type":"Feature","properties":{"id":"kota-dumai-sungai-sembilan-kelurahan-basilam-baru","village":"Kelurahan Basilam Baru","district":"Sungai Sembilan","regency":"Kota Dumai","administrativeCode":"14.72.04.1004","boundarySource":"Perwali Kota Dumai Nomor 39 Tahun 2025","change":"erosion","baseline":"2016","current":"2025","confidence":"rendah","resolutionM":10,"uncertaintyM":14.1,"imageDerivedBeforeBoundaryClip":true,"administrativeBoundaryUsedForAttribution":true,"administrativeSeawardBoundaryUsedForClipping":false,"lockedInterVillageBoundary":true},"geometry":{"type":"Polygon","coordinates":[[[101.33547364335563,1.9006915687879273],[101.33547303577753,1.9002395863770627],[101.33538319437386,1.9002397086265463],[101.3353838019286,1.9006916910665095],[101.33547364335563,1.9006915687879273]]]}},{"type":"Feature","properties":{"id":"kota-dumai-sungai-sembilan-kelurahan-basilam-baru","village":"Kelurahan Basilam Baru","district":"Sungai Sembilan","regency":"Kota Dumai","administrativeCode":"14.72.04.1004","boundarySource":"Perwali Kota Dumai Nomor 39 Tahun 2025","change":"erosion","baseline":"2016","current":"2025","confidence":"rendah","resolutionM":10,"uncertaintyM":14.1,"imageDerivedBeforeBoundaryClip":true,"administrativeBoundaryUsedForAttribution":true,"administrativeSeawardBoundaryUsedForClipping":false,"lockedInterVillageBoundary":true},"geometry":{"type":"Polygon","coordinates":[[[101.33556275567253,1.9001490676462258],[101.33556239119852,1.8998778782156263],[101.33547254981931,1.899878000446523],[101.33547291427931,1.9001491898945813],[101.33556275567253,1.9001490676462258]]]}},{"type":"Feature","properties":{"id":"kota-dumai-sungai-sembilan-kelurahan-basilam-baru","village":"Kelurahan Basilam Baru","district":"Sungai Sembilan","regency":"Kota Dumai","administrativeCode":"14.72.04.1004","boundarySource":"Perwali Kota Dumai Nomor 39 Tahun 2025","change":"erosion","baseline":"2016","current":"2025","confidence":"rendah","resolutionM":10,"uncertaintyM":14.1,"imageDerivedBeforeBoundaryClip":true,"administrativeBoundaryUsedForAttribution":true,"administrativeSeawardBoundaryUsedForClipping":false,"lockedInterVillageBoundary":true},"geometry":{"type":"Polygon","coordinates":[[[101.33565186813615,1.899606566565975],[101.33565174666911,1.899516170094415],[101.33556190531431,1.8995162923067221],[101.33556202677666,1.8996066887841025],[101.33565186813615,1.899606566565975]]]}},{"type":"Feature","properties":{"id":"kota-dumai-sungai-sembilan-kelurahan-basilam-baru","village":"Kelurahan Basilam Baru","district":"Sungai Sembilan","regency":"Kota Dumai","administrativeCode":"14.72.04.1004","boundarySource":"Perwali Kota Dumai Nomor 39 Tahun 2025","change":"erosion","baseline":"2016","current":"2025","confidence":"rendah","resolutionM":10,"uncertaintyM":14.1,"imageDerivedBeforeBoundaryClip":true,"administrativeBoundaryUsedForAttribution":true,"administrativeSeawardBoundaryUsedForClipping":false,"lockedInterVillageBoundary":true},"geometry":{"type":"Polygon","coordinates":[[[101.33574122363778,1.8992448584795827],[101.33574110218925,1.8991544620134324],[101.33565126085888,1.89915458420715],[101.33565138230274,1.8992449806791194],[101.33574122363778,1.8992448584795827]]]}},{"type":"Feature","properties":{"id":"kota-dumai-sungai-sembilan-kelurahan-basilam-baru","village":"Kelurahan Basilam Baru","district":"Sungai Sembilan","regency":"Kota Dumai","administrativeCode":"14.72.04.1004","boundarySource":"Perwali Kota Dumai Nomor 39 Tahun 2025","change":"erosion","baseline":"2016","current":"2025","confidence":"rendah","resolutionM":10,"uncertaintyM":14.1,"imageDerivedBeforeBoundaryClip":true,"administrativeBoundaryUsedForAttribution":true,"administrativeSeawardBoundaryUsedForClipping":false,"lockedInterVillageBoundary":true},"geometry":{"type":"Polygon","coordinates":[[[101.33574098074651,1.8990640655471798],[101.33574085930957,1.8989736690808248],[101.3356510179885,1.8989737912629012],[101.33565113942079,1.8990641877350758],[101.33574098074651,1.8990640655471798]]]}},{"type":"Feature","properties":{"id":"kota-dumai-sungai-sembilan-kelurahan-basilam-baru","village":"Kelurahan Basilam Baru","district":"Sungai Sembilan","regency":"Kota Dumai","administrativeCode":"14.72.04.1004","boundarySource":"Perwali Kota Dumai Nomor 39 Tahun 2025","change":"erosion","baseline":"2016","current":"2025","confidence":"rendah","resolutionM":10,"uncertaintyM":14.1,"imageDerivedBeforeBoundaryClip":true,"administrativeBoundaryUsedForAttribution":true,"administrativeSeawardBoundaryUsedForClipping":false,"lockedInterVillageBoundary":true},"geometry":{"type":"Polygon","coordinates":[[[101.33574061645301,1.898792876147806],[101.33574049503345,1.8987024796811427],[101.33565065372638,1.8987026018457578],[101.3356507751413,1.8987929983182414],[101.33574061645301,1.898792876147806]]]}},{"type":"Feature","properties":{"id":"kota-dumai-sungai-sembilan-kelurahan-basilam-baru","village":"Kelurahan Basilam Baru","district":"Sungai Sembilan","regency":"Kota Dumai","administrativeCode":"14.72.04.1004","boundarySource":"Perwali Kota Dumai Nomor 39 Tahun 2025","change":"erosion","baseline":"2016","current":"2025","confidence":"rendah","resolutionM":10,"uncertaintyM":14.1,"imageDerivedBeforeBoundaryClip":true,"administrativeBoundaryUsedForAttribution":true,"administrativeSeawardBoundaryUsedForClipping":false,"lockedInterVillageBoundary":true},"geometry":{"type":"Polygon","coordinates":[[[101.33582985069569,1.898340771667442],[101.3358297293004,1.8982503752060869],[101.33573988802245,1.898250497346288],[101.33574000941306,1.8983408938134636],[101.33582985069569,1.898340771667442]]]}},{"type":"Feature","properties":{"id":"kota-dumai-sungai-sembilan-kelurahan-basilam-baru","village":"Kelurahan Basilam Baru","district":"Sungai Sembilan","regency":"Kota Dumai","administrativeCode":"14.72.04.1004","boundarySource":"Perwali Kota Dumai Nomor 39 Tahun 2025","change":"erosion","baseline":"2016","current":"2025","confidence":"rendah","resolutionM":10,"uncertaintyM":14.1,"imageDerivedBeforeBoundaryClip":true,"administrativeBoundaryUsedForAttribution":true,"administrativeSeawardBoundaryUsedForClipping":false,"lockedInterVillageBoundary":true},"geometry":{"type":"Polygon","coordinates":[[[101.33582948652725,1.8980695822830675],[101.33582936514934,1.897979185821403],[101.3357395238853,1.8979793079441434],[101.33573964525856,1.8980697044116275],[101.33582948652725,1.8980695822830675]]]}},{"type":"Feature","properties":{"id":"kota-dumai-sungai-sembilan-kelurahan-basilam-baru","village":"Kelurahan Basilam Baru","district":"Sungai Sembilan","regency":"Kota Dumai","administrativeCode":"14.72.04.1004","boundarySource":"Perwali Kota Dumai Nomor 39 Tahun 2025","change":"erosion","baseline":"2016","current":"2025","confidence":"rendah","resolutionM":10,"uncertaintyM":14.1,"imageDerivedBeforeBoundaryClip":true,"administrativeBoundaryUsedForAttribution":true,"administrativeSeawardBoundaryUsedForClipping":false,"lockedInterVillageBoundary":true},"geometry":{"type":"Polygon","coordinates":[[[101.33582863700352,1.8974368070492702],[101.33582827300877,1.8971656176618181],[101.33573843178668,1.8971657397321735],[101.33573879576744,1.8974369291370865],[101.33582863700352,1.8974368070492702]]]}},{"type":"Feature","properties":{"id":"kota-dumai-sungai-sembilan-kelurahan-basilam-baru","village":"Kelurahan Basilam Baru","district":"Sungai Sembilan","regency":"Kota Dumai","administrativeCode":"14.72.04.1004","boundarySource":"Perwali Kota Dumai Nomor 39 Tahun 2025","change":"erosion","baseline":"2016","current":"2025","confidence":"rendah","resolutionM":10,"uncertaintyM":14.1,"imageDerivedBeforeBoundaryClip":true,"administrativeBoundaryUsedForAttribution":true,"administrativeSeawardBoundaryUsedForClipping":false,"lockedInterVillageBoundary":true},"geometry":{"type":"Polygon","coordinates":[[[101.33591799290043,1.89707509912991],[101.33591787158156,1.8969847026729392],[101.33582803037457,1.896984824736337],[101.33582815168879,1.897075221199129],[101.33591799290043,1.89707509912991]]]}},{"type":"Feature","properties":{"id":"kota-dumai-sungai-sembilan-kelurahan-basilam-baru","village":"Kelurahan Basilam Baru","district":"Sungai Sembilan","regency":"Kota Dumai","administrativeCode":"14.72.04.1004","boundarySource":"Perwali Kota Dumai Nomor 39 Tahun 2025","change":"erosion","baseline":"2016","current":"2025","confidence":"rendah","resolutionM":10,"uncertaintyM":14.1,"imageDerivedBeforeBoundaryClip":true,"administrativeBoundaryUsedForAttribution":true,"administrativeSeawardBoundaryUsedForClipping":false,"lockedInterVillageBoundary":true},"geometry":{"type":"Polygon","coordinates":[[[101.3359177502685,1.8968943062158654],[101.33591762896124,1.8968039097586902],[101.33582778776356,1.8968040318104473],[101.33582790906615,1.8968944282734437],[101.3359177502685,1.8968943062158654]]]}},{"type":"Feature","properties":{"id":"kota-dumai-sungai-sembilan-kelurahan-basilam-baru","village":"Kelurahan Basilam Baru","district":"Sungai Sembilan","regency":"Kota Dumai","administrativeCode":"14.72.04.1004","boundarySource":"Perwali Kota Dumai Nomor 39 Tahun 2025","change":"erosion","baseline":"2016","current":"2025","confidence":"rendah","resolutionM":10,"uncertaintyM":14.1,"imageDerivedBeforeBoundaryClip":true,"administrativeBoundaryUsedForAttribution":true,"administrativeSeawardBoundaryUsedForClipping":false,"lockedInterVillageBoundary":true},"geometry":{"type":"Polygon","coordinates":[[[101.33591738636405,1.896623116844031],[101.33591714379004,1.8964423239289627],[101.335827302611,1.896442445957437],[101.33582754517568,1.8966232388841473],[101.33591738636405,1.896623116844031]]]}},{"type":"Feature","properties":{"id":"kota-dumai-sungai-sembilan-kelurahan-basilam-baru","village":"Kelurahan Basilam Baru","district":"Sungai Sembilan","regency":"Kota Dumai","administrativeCode":"14.72.04.1004","boundarySource":"Perwali Kota Dumai Nomor 39 Tahun 2025","change":"erosion","baseline":"2016","current":"2025","confidence":"rendah","resolutionM":10,"uncertaintyM":14.1,"imageDerivedBeforeBoundaryClip":true,"administrativeBoundaryUsedForAttribution":true,"administrativeSeawardBoundaryUsedForClipping":false,"lockedInterVillageBoundary":true},"geometry":{"type":"Polygon","coordinates":[[[101.33600637860636,1.8959902196354441],[101.33600625735237,1.8958998231830644],[101.33591641620701,1.895899945181296],[101.33591653745637,1.8959903416394963],[101.33600637860636,1.8959902196354441]]]}},{"type":"Feature","properties":{"id":"kota-dumai-sungai-sembilan-kelurahan-basilam-baru","village":"Kelurahan Basilam Baru","district":"Sungai Sembilan","regency":"Kota Dumai","administrativeCode":"14.72.04.1004","boundarySource":"Perwali Kota Dumai Nomor 39 Tahun 2025","change":"erosion","baseline":"2016","current":"2025","confidence":"rendah","resolutionM":10,"uncertaintyM":14.1,"imageDerivedBeforeBoundaryClip":true,"administrativeBoundaryUsedForAttribution":true,"administrativeSeawardBoundaryUsedForClipping":false,"lockedInterVillageBoundary":true},"geometry":{"type":"Polygon","coordinates":[[[101.33591605249367,1.8956287558060798],[101.33591568883249,1.8953575664299405],[101.33582584770926,1.8953576883885663],[101.3358262113565,1.8956288777821675],[101.33591605249367,1.8956287558060798]]]}},{"type":"Feature","properties":{"id":"kota-dumai-sungai-sembilan-kelurahan-basilam-baru","village":"Kelurahan Basilam Baru","district":"Sungai Sembilan","regency":"Kota Dumai","administrativeCode":"14.72.04.1004","boundarySource":"Perwali Kota Dumai Nomor 39 Tahun 2025","change":"erosion","baseline":"2016","current":"2025","confidence":"rendah","resolutionM":10,"uncertaintyM":14.1,"imageDerivedBeforeBoundaryClip":true,"administrativeBoundaryUsedForAttribution":true,"administrativeSeawardBoundaryUsedForClipping":false,"lockedInterVillageBoundary":true},"geometry":{"type":"Polygon","coordinates":[[[101.3360948862238,1.894995736708932],[101.33609476502885,1.8949053402612477],[101.33600492394046,1.8949054622001276],[101.33600504513078,1.8949958586536337],[101.3360948862238,1.894995736708932]]]}},{"type":"Feature","properties":{"id":"kota-dumai-sungai-sembilan-kelurahan-basilam-baru","village":"Kelurahan Basilam Baru","district":"Sungai Sembilan","regency":"Kota Dumai","administrativeCode":"14.72.04.1004","boundarySource":"Perwali Kota Dumai Nomor 39 Tahun 2025","change":"erosion","baseline":"2016","current":"2025","confidence":"rendah","resolutionM":10,"uncertaintyM":14.1,"imageDerivedBeforeBoundaryClip":true,"administrativeBoundaryUsedForAttribution":true,"administrativeSeawardBoundaryUsedForClipping":false,"lockedInterVillageBoundary":true},"geometry":{"type":"Polygon","coordinates":[[[101.33609452265634,1.89472454736557],[101.33609440147875,1.8946341509175766],[101.3360045604043,1.8946342728389935],[101.33600468157722,1.8947246692928075],[101.33609452265634,1.89472454736557]]]}},{"type":"Feature","properties":{"id":"kota-dumai-sungai-sembilan-kelurahan-basilam-baru","village":"Kelurahan Basilam Baru","district":"Sungai Sembilan","regency":"Kota Dumai","administrativeCode":"14.72.04.1004","boundarySource":"Perwali Kota Dumai Nomor 39 Tahun 2025","change":"erosion","baseline":"2016","current":"2025","confidence":"rendah","resolutionM":10,"uncertaintyM":14.1,"imageDerivedBeforeBoundaryClip":true,"administrativeBoundaryUsedForAttribution":true,"administrativeSeawardBoundaryUsedForClipping":false,"lockedInterVillageBoundary":true},"geometry":{"type":"Polygon","coordinates":[[[101.3360045604043,1.8946342728389935],[101.33600443923717,1.8945438763850775],[101.33591459816158,1.8945439982959948],[101.33591471932408,1.8946343947557316],[101.3360045604043,1.8946342728389935]]]}},{"type":"Feature","properties":{"id":"kota-dumai-sungai-sembilan-kelurahan-basilam-baru","village":"Kelurahan Basilam Baru","district":"Sungai Sembilan","regency":"Kota Dumai","administrativeCode":"14.72.04.1004","boundarySource":"Perwali Kota Dumai Nomor 39 Tahun 2025","change":"erosion","baseline":"2016","current":"2025","confidence":"rendah","resolutionM":10,"uncertaintyM":14.1,"imageDerivedBeforeBoundaryClip":true,"administrativeBoundaryUsedForAttribution":true,"administrativeSeawardBoundaryUsedForClipping":false,"lockedInterVillageBoundary":true},"geometry":{"type":"Polygon","coordinates":[[[101.33654130504898,1.8929160092620834],[101.33654106288482,1.8927352164201205],[101.33645122193697,1.8927353382426622],[101.3364514640918,1.8929161310962699],[101.33654130504898,1.8929160092620834]]]}},{"type":"Feature","properties":{"id":"kota-dumai-sungai-sembilan-kelurahan-basilam-baru","village":"Kelurahan Basilam Baru","district":"Sungai Sembilan","regency":"Kota Dumai","administrativeCode":"14.72.04.1004","boundarySource":"Perwali Kota Dumai Nomor 39 Tahun 2025","change":"erosion","baseline":"2016","current":"2025","confidence":"rendah","resolutionM":10,"uncertaintyM":14.1,"imageDerivedBeforeBoundaryClip":true,"administrativeBoundaryUsedForAttribution":true,"administrativeSeawardBoundaryUsedForClipping":false,"lockedInterVillageBoundary":true},"geometry":{"type":"Polygon","coordinates":[[[101.33654057862607,1.892373630734968],[101.33654045757588,1.8922832343134237],[101.33645061665119,1.8922833561068542],[101.33645073769678,1.8923737525342204],[101.33654057862607,1.892373630734968]]]}},{"type":"Feature","properties":{"id":"kota-dumai-sungai-sembilan-kelurahan-basilam-baru","village":"Kelurahan Basilam Baru","district":"Sungai Sembilan","regency":"Kota Dumai","administrativeCode":"14.72.04.1004","boundarySource":"Perwali Kota Dumai Nomor 39 Tahun 2025","change":"erosion","baseline":"2016","current":"2025","confidence":"rendah","resolutionM":10,"uncertaintyM":14.1,"imageDerivedBeforeBoundaryClip":true,"administrativeBoundaryUsedForAttribution":true,"administrativeSeawardBoundaryUsedForClipping":false,"lockedInterVillageBoundary":true},"geometry":{"type":"Polygon","coordinates":[[[101.33645049561143,1.8921929596793858],[101.33645025354927,1.892012166824142],[101.33636041263276,1.8920122885954336],[101.33636065468563,1.8921930814623211],[101.33645049561143,1.8921929596793858]]]}},{"type":"Feature","properties":{"id":"kota-dumai-sungai-sembilan-kelurahan-basilam-baru","village":"Kelurahan Basilam Baru","district":"Sungai Sembilan","regency":"Kota Dumai","administrativeCode":"14.72.04.1004","boundarySource":"Perwali Kota Dumai Nomor 39 Tahun 2025","change":"erosion","baseline":"2016","current":"2025","confidence":"rendah","resolutionM":10,"uncertaintyM":14.1,"imageDerivedBeforeBoundaryClip":true,"administrativeBoundaryUsedForAttribution":true,"administrativeSeawardBoundaryUsedForClipping":false,"lockedInterVillageBoundary":true},"geometry":{"type":"Polygon","coordinates":[[[101.3368990949255,1.8917403687013126],[101.33689897389726,1.891649972302344],[101.33680913302828,1.8916500940737027],[101.33680925405189,1.8917404904784954],[101.3368990949255,1.8917403687013126]]]}},{"type":"Feature","properties":{"id":"kota-dumai-sungai-sembilan-kelurahan-basilam-baru","village":"Kelurahan Basilam Baru","district":"Sungai Sembilan","regency":"Kota Dumai","administrativeCode":"14.72.04.1004","boundarySource":"Perwali Kota Dumai Nomor 39 Tahun 2025","change":"erosion","baseline":"2016","current":"2025","confidence":"rendah","resolutionM":10,"uncertaintyM":14.1,"imageDerivedBeforeBoundaryClip":true,"administrativeBoundaryUsedForAttribution":true,"administrativeSeawardBoundaryUsedForClipping":false,"lockedInterVillageBoundary":true},"geometry":{"type":"Polygon","coordinates":[[[101.33698881476046,1.891649850526314],[101.33698857271207,1.8914690577397173],[101.33689873185817,1.8914691795041005],[101.33689897389726,1.891649972302344],[101.33698881476046,1.891649850526314]]]}},{"type":"Feature","properties":{"id":"kota-dumai-sungai-sembilan-kelurahan-basilam-baru","village":"Kelurahan Basilam Baru","district":"Sungai Sembilan","regency":"Kota Dumai","administrativeCode":"14.72.04.1004","boundarySource":"Perwali Kota Dumai Nomor 39 Tahun 2025","change":"erosion","baseline":"2016","current":"2025","confidence":"rendah","resolutionM":10,"uncertaintyM":14.1,"imageDerivedBeforeBoundaryClip":true,"administrativeBoundaryUsedForAttribution":true,"administrativeSeawardBoundaryUsedForClipping":false,"lockedInterVillageBoundary":true},"geometry":{"type":"Polygon","coordinates":[[[101.33707841356019,1.8914689359706631],[101.33707768752632,1.8909265576433607],[101.3371675283408,1.8909264359045794],[101.33716728636658,1.8907456431396417],[101.33707744556139,1.8907457648667763],[101.33707756654094,1.890836161255119],[101.33698772572535,1.890836282983409],[101.33698857271207,1.8914690577397173],[101.33707841356019,1.8914689359706631]]]}},{"type":"Feature","properties":{"id":"kota-dumai-sungai-sembilan-kelurahan-basilam-baru","village":"Kelurahan Basilam Baru","district":"Sungai Sembilan","regency":"Kota Dumai","administrativeCode":"14.72.04.1004","boundarySource":"Perwali Kota Dumai Nomor 39 Tahun 2025","change":"erosion","baseline":"2016","current":"2025","confidence":"rendah","resolutionM":10,"uncertaintyM":14.1,"imageDerivedBeforeBoundaryClip":true,"administrativeBoundaryUsedForAttribution":true,"administrativeSeawardBoundaryUsedForClipping":false,"lockedInterVillageBoundary":true},"geometry":{"type":"Polygon","coordinates":[[[101.33725712716597,1.8907455214078395],[101.33725700618291,1.8906551250310406],[101.33716716538814,1.89065524675702],[101.33716728636658,1.8907456431396417],[101.33725712716597,1.8907455214078395]]]}},{"type":"Feature","properties":{"id":"kota-dumai-sungai-sembilan-kelurahan-basilam-baru","village":"Kelurahan Basilam Baru","district":"Sungai Sembilan","regency":"Kota Dumai","administrativeCode":"14.72.04.1004","boundarySource":"Perwali Kota Dumai Nomor 39 Tahun 2025","change":"erosion","baseline":"2016","current":"2025","confidence":"rendah","resolutionM":10,"uncertaintyM":14.1,"imageDerivedBeforeBoundaryClip":true,"administrativeBoundaryUsedForAttribution":true,"administrativeSeawardBoundaryUsedForClipping":false,"lockedInterVillageBoundary":true},"geometry":{"type":"Polygon","coordinates":[[[101.33734672598995,1.8905646069293174],[101.33734660501383,1.8904742105581398],[101.33725676423417,1.890474332277139],[101.33725688520563,1.890564728654141],[101.33734672598995,1.8905646069293174]]]}},{"type":"Feature","properties":{"id":"kota-dumai-sungai-sembilan-kelurahan-basilam-baru","village":"Kelurahan Basilam Baru","district":"Sungai Sembilan","regency":"Kota Dumai","administrativeCode":"14.72.04.1004","boundarySource":"Perwali Kota Dumai Nomor 39 Tahun 2025","change":"erosion","baseline":"2016","current":"2025","confidence":"rendah","resolutionM":10,"uncertaintyM":14.1,"imageDerivedBeforeBoundaryClip":true,"administrativeBoundaryUsedForAttribution":true,"administrativeSeawardBoundaryUsedForClipping":false,"lockedInterVillageBoundary":true},"geometry":{"type":"Polygon","coordinates":[[[101.33743644578772,1.890474088834472],[101.33743632481277,1.890383692469016],[101.33734648404354,1.890383814186859],[101.33734660501383,1.8904742105581398],[101.33743644578772,1.890474088834472]]]}},{"type":"Feature","properties":{"id":"kota-dumai-sungai-sembilan-kelurahan-basilam-baru","village":"Kelurahan Basilam Baru","district":"Sungai Sembilan","regency":"Kota Dumai","administrativeCode":"14.72.04.1004","boundarySource":"Perwali Kota Dumai Nomor 39 Tahun 2025","change":"erosion","baseline":"2016","current":"2025","confidence":"rendah","resolutionM":10,"uncertaintyM":14.1,"imageDerivedBeforeBoundaryClip":true,"administrativeBoundaryUsedForAttribution":true,"administrativeSeawardBoundaryUsedForClipping":false,"lockedInterVillageBoundary":true},"geometry":{"type":"Polygon","coordinates":[[[101.33752616557621,1.890383570746505],[101.33752604460241,1.890293174386772],[101.33743620384361,1.8902932961034584],[101.33743632481277,1.890383692469016],[101.33752616557621,1.890383570746505]]]}},{"type":"Feature","properties":{"id":"kota-dumai-sungai-sembilan-kelurahan-basilam-baru","village":"Kelurahan Basilam Baru","district":"Sungai Sembilan","regency":"Kota Dumai","administrativeCode":"14.72.04.1004","boundarySource":"Perwali Kota Dumai Nomor 39 Tahun 2025","change":"erosion","baseline":"2016","current":"2025","confidence":"rendah","resolutionM":10,"uncertaintyM":14.1,"imageDerivedBeforeBoundaryClip":true,"administrativeBoundaryUsedForAttribution":true,"administrativeSeawardBoundaryUsedForClipping":false,"lockedInterVillageBoundary":true},"geometry":{"type":"Polygon","coordinates":[[[101.33761588535542,1.8902930526654185],[101.33761576438279,1.8902026563114074],[101.3375259236344,1.8902027780269364],[101.33752604460241,1.890293174386772],[101.33761588535542,1.8902930526654185]]]}},{"type":"Feature","properties":{"id":"kota-dumai-sungai-sembilan-kelurahan-basilam-baru","village":"Kelurahan Basilam Baru","district":"Sungai Sembilan","regency":"Kota Dumai","administrativeCode":"14.72.04.1004","boundarySource":"Perwali Kota Dumai Nomor 39 Tahun 2025","change":"erosion","baseline":"2016","current":"2025","confidence":"rendah","resolutionM":10,"uncertaintyM":14.1,"imageDerivedBeforeBoundaryClip":true,"administrativeBoundaryUsedForAttribution":true,"administrativeSeawardBoundaryUsedForClipping":false,"lockedInterVillageBoundary":true},"geometry":{"type":"Polygon","coordinates":[[[101.337795324886,1.8901120165238845],[101.33779520391569,1.8900216201813202],[101.33788504463739,1.8900214984634403],[101.33788480270486,1.8898407057896565],[101.33779496199243,1.8898408274958856],[101.33779508295117,1.8899312238386543],[101.33770524222831,1.889931345546042],[101.33770536318819,1.8900217418945335],[101.33761552245488,1.8900218636030799],[101.33761564341594,1.8901122599572944],[101.337795324886,1.8901120165238845]]]}},{"type":"Feature","properties":{"id":"kota-dumai-sungai-sembilan-kelurahan-basilam-baru","village":"Kelurahan Basilam Baru","district":"Sungai Sembilan","regency":"Kota Dumai","administrativeCode":"14.72.04.1004","boundarySource":"Perwali Kota Dumai Nomor 39 Tahun 2025","change":"erosion","baseline":"2016","current":"2025","confidence":"rendah","resolutionM":10,"uncertaintyM":14.1,"imageDerivedBeforeBoundaryClip":true,"administrativeBoundaryUsedForAttribution":true,"administrativeSeawardBoundaryUsedForClipping":false,"lockedInterVillageBoundary":true},"geometry":{"type":"Polygon","coordinates":[[[101.33797464341148,1.8898405840787604],[101.3379745224493,1.8897501877475413],[101.33788468174728,1.8897503094526116],[101.33788480270486,1.8898407057896565],[101.33797464341148,1.8898405840787604]]]}},{"type":"Feature","properties":{"id":"kota-dumai-sungai-sembilan-kelurahan-basilam-baru","village":"Kelurahan Basilam Baru","district":"Sungai Sembilan","regency":"Kota Dumai","administrativeCode":"14.72.04.1004","boundarySource":"Perwali Kota Dumai Nomor 39 Tahun 2025","change":"erosion","baseline":"2016","current":"2025","confidence":"rendah","resolutionM":10,"uncertaintyM":14.1,"imageDerivedBeforeBoundaryClip":true,"administrativeBoundaryUsedForAttribution":true,"administrativeSeawardBoundaryUsedForClipping":false,"lockedInterVillageBoundary":true},"geometry":{"type":"Polygon","coordinates":[[[101.33806436314548,1.8897500660378048],[101.33806424218444,1.8896596697123094],[101.3381540828702,1.8896595480037328],[101.3381539619103,1.8895691516839608],[101.33824380258562,1.8895690299765449],[101.33824368162689,1.8894786336624976],[101.33833352229178,1.8894785119562416],[101.33833328038243,1.8892977193394955],[101.33824343972682,1.8892978410340977],[101.33824356067396,1.8893882373483486],[101.33815372000791,1.8893883590441123],[101.33815384095621,1.8894787553640875],[101.33806400027972,1.889478877061012],[101.33806412122918,1.8895692733867122],[101.33797428054226,1.8895693950847956],[101.3379745224493,1.8897501877475413],[101.33806436314548,1.8897500660378048]]]}},{"type":"Feature","properties":{"id":"kota-dumai-sungai-sembilan-kelurahan-basilam-baru","village":"Kelurahan Basilam Baru","district":"Sungai Sembilan","regency":"Kota Dumai","administrativeCode":"14.72.04.1004","boundarySource":"Perwali Kota Dumai Nomor 39 Tahun 2025","change":"erosion","baseline":"2016","current":"2025","confidence":"rendah","resolutionM":10,"uncertaintyM":14.1,"imageDerivedBeforeBoundaryClip":true,"administrativeBoundaryUsedForAttribution":true,"administrativeSeawardBoundaryUsedForClipping":false,"lockedInterVillageBoundary":true},"geometry":{"type":"Polygon","coordinates":[[[101.33842312103228,1.8892975976402273],[101.33842300008165,1.8892072013375285],[101.33833315943647,1.8892073230309694],[101.33833328038243,1.8892977193394955],[101.33842312103228,1.8892975976402273]]]}},{"type":"Feature","properties":{"id":"kota-dumai-sungai-sembilan-kelurahan-basilam-baru","village":"Kelurahan Basilam Baru","district":"Sungai Sembilan","regency":"Kota Dumai","administrativeCode":"14.72.04.1004","boundarySource":"Perwali Kota Dumai Nomor 39 Tahun 2025","change":"erosion","baseline":"2016","current":"2025","confidence":"rendah","resolutionM":10,"uncertaintyM":14.1,"imageDerivedBeforeBoundaryClip":true,"administrativeBoundaryUsedForAttribution":true,"administrativeSeawardBoundaryUsedForClipping":false,"lockedInterVillageBoundary":true},"geometry":{"type":"Polygon","coordinates":[[[101.33851271977157,1.8891166833424482],[101.33851259882793,1.8890262870453716],[101.33860243945225,1.8890261653542555],[101.33860219757305,1.8888453727714514],[101.3386920381823,1.8888452510873257],[101.33869191724676,1.8887548548015969],[101.3387817578456,1.8887547331186354],[101.33878151598266,1.8885739405585285],[101.33887135656639,1.8885738188825587],[101.33887123563899,1.8884834226081804],[101.33896107621231,1.8884833009333755],[101.33896071345094,1.888212112127114],[101.33887087289156,1.8882122337844336],[101.33887099380155,1.8883026300591188],[101.33878115323174,1.8883027517176039],[101.33878127414287,1.888393147998014],[101.33869143356262,1.8883932696576642],[101.33869155447495,1.888483665943801],[101.33860171388426,1.8884837876046165],[101.33860183479774,1.8885741838964776],[101.3385119941966,1.888574305558457],[101.338512356958,1.8888454944509125],[101.33842251633713,1.88884561612571],[101.33842287913683,1.8891168050347271],[101.33851271977157,1.8891166833424482]]]}},{"type":"Feature","properties":{"id":"kota-dumai-sungai-sembilan-kelurahan-basilam-baru","village":"Kelurahan Basilam Baru","district":"Sungai Sembilan","regency":"Kota Dumai","administrativeCode":"14.72.04.1004","boundarySource":"Perwali Kota Dumai Nomor 39 Tahun 2025","change":"erosion","baseline":"2016","current":"2025","confidence":"rendah","resolutionM":10,"uncertaintyM":14.1,"imageDerivedBeforeBoundaryClip":true,"administrativeBoundaryUsedForAttribution":true,"administrativeSeawardBoundaryUsedForClipping":false,"lockedInterVillageBoundary":true},"geometry":{"type":"Polygon","coordinates":[[[101.35998373246815,1.8885450957135086],[101.35998361045162,1.8884547008149157],[101.36007344965608,1.888454578044278],[101.36007332764078,1.8883641831514646],[101.35971397080638,1.888364674182517],[101.35971384881545,1.8882742792660794],[101.35962400959686,1.8882744020063063],[101.35962388761644,1.8881840070838858],[101.35944420917097,1.8881842525385926],[101.35944433114214,1.8882746474727712],[101.35926465266401,1.8882748929205866],[101.35926477463175,1.8883652878664214],[101.3587257390292,1.8883660241332365],[101.35872561708925,1.888275629152133],[101.35764754530823,1.8882771011116726],[101.35764742342973,1.888186706059952],[101.35737790536683,1.8881870739273063],[101.35737778350808,1.8880966788578601],[101.35683874725234,1.8880974144314457],[101.35683862542722,1.8880070193266572],[101.35638942840991,1.8880076321470753],[101.35638930661379,1.887917237012822],[101.35620962777521,1.8879174820966131],[101.35620950599424,1.8878270869505156],[101.35522127201548,1.8878284345134875],[101.35522139374554,1.8879188297241556],[101.35513155425323,1.88791895220778],[101.35513143252784,1.8878285569912436],[101.35459239547932,1.8878292917598887],[101.35459251717691,1.8879196870116333],[101.35441283810479,1.8879199319089575],[101.35441295979895,1.8880103271723336],[101.35495199697314,1.8880095923892164],[101.35495211870092,1.8880999876172855],[101.35531147671881,1.888099497645162],[101.35531135497247,1.888009102440567],[101.35603007069089,1.8880081223194958],[101.35603019247428,1.8880985174771312],[101.35638955021182,1.8880980272812253],[101.35638967201962,1.8881884224152743],[101.35701854786784,1.8881875643518398],[101.35701866971391,1.888277959444679],[101.35737802723146,1.88827746899665],[101.35737814910188,1.8883678640658916],[101.35791718523068,1.8883671282187244],[101.35791730713474,1.888457523252614],[101.35980393202517,1.8884549463422036],[101.35980405403241,1.8885453412525566],[101.35998373246815,1.8885450957135086]]]}},{"type":"Feature","properties":{"id":"kota-dumai-sungai-sembilan-kelurahan-basilam-baru","village":"Kelurahan Basilam Baru","district":"Sungai Sembilan","regency":"Kota Dumai","administrativeCode":"14.72.04.1004","boundarySource":"Perwali Kota Dumai Nomor 39 Tahun 2025","change":"erosion","baseline":"2016","current":"2025","confidence":"rendah","resolutionM":10,"uncertaintyM":14.1,"imageDerivedBeforeBoundaryClip":true,"administrativeBoundaryUsedForAttribution":true,"administrativeSeawardBoundaryUsedForClipping":false,"lockedInterVillageBoundary":true},"geometry":{"type":"Polygon","coordinates":[[[101.35387319250393,1.8874686899946507],[101.35387307087257,1.887378294695465],[101.35378323132052,1.8873784170739725],[101.35378335294726,1.8874688123790235],[101.35387319250393,1.8874686899946507]]]}},{"type":"Feature","properties":{"id":"kota-dumai-sungai-sembilan-kelurahan-basilam-baru","village":"Kelurahan Basilam Baru","district":"Sungai Sembilan","regency":"Kota Dumai","administrativeCode":"14.72.04.1004","boundarySource":"Perwali Kota Dumai Nomor 39 Tahun 2025","change":"erosion","baseline":"2016","current":"2025","confidence":"rendah","resolutionM":10,"uncertaintyM":14.1,"imageDerivedBeforeBoundaryClip":true,"administrativeBoundaryUsedForAttribution":true,"administrativeSeawardBoundaryUsedForClipping":false,"lockedInterVillageBoundary":true},"geometry":{"type":"Polygon","coordinates":[[[101.33905055400457,1.88821199046513],[101.3390503121834,1.8880311979387692],[101.33914015272194,1.888031076283781],[101.33913906477207,1.8872175099625603],[101.33904922427524,1.8872176315650908],[101.33904934513072,1.8873080278292405],[101.33895950462345,1.8873081494329385],[101.33895962548009,1.887398545702816],[101.33904946599199,1.8873984240932895],[101.33905019128152,1.8879408016754349],[101.3389603507418,1.8879409233199322],[101.33896071345094,1.888212112127114],[101.33905055400457,1.88821199046513]]]}},{"type":"Feature","properties":{"id":"kota-dumai-sungai-sembilan-kelurahan-basilam-baru","village":"Kelurahan Basilam Baru","district":"Sungai Sembilan","regency":"Kota Dumai","administrativeCode":"14.72.04.1004","boundarySource":"Perwali Kota Dumai Nomor 39 Tahun 2025","change":"erosion","baseline":"2016","current":"2025","confidence":"rendah","resolutionM":10,"uncertaintyM":14.1,"imageDerivedBeforeBoundaryClip":true,"administrativeBoundaryUsedForAttribution":true,"administrativeSeawardBoundaryUsedForClipping":false,"lockedInterVillageBoundary":true},"geometry":{"type":"Polygon","coordinates":[[[101.33922890526313,1.887217388355371],[101.33922878440418,1.887126992102777],[101.33913894391775,1.8871271137041377],[101.33913906477207,1.8872175099625603],[101.33922890526313,1.887217388355371]]]}},{"type":"Feature","properties":{"id":"kota-dumai-sungai-sembilan-kelurahan-basilam-baru","village":"Kelurahan Basilam Baru","district":"Sungai Sembilan","regency":"Kota Dumai","administrativeCode":"14.72.04.1004","boundarySource":"Perwali Kota Dumai Nomor 39 Tahun 2025","change":"erosion","baseline":"2016","current":"2025","confidence":"rendah","resolutionM":10,"uncertaintyM":14.1,"imageDerivedBeforeBoundaryClip":true,"administrativeBoundaryUsedForAttribution":true,"administrativeSeawardBoundaryUsedForClipping":false,"lockedInterVillageBoundary":true},"geometry":{"type":"Polygon","coordinates":[[[101.35378274487198,1.8870168358527446],[101.35378262327443,1.886926440547183],[101.35369278373969,1.8869265628917042],[101.35369290533261,1.8870169582031306],[101.35378274487198,1.8870168358527446]]]}},{"type":"Feature","properties":{"id":"kota-dumai-sungai-sembilan-kelurahan-basilam-baru","village":"Kelurahan Basilam Baru","district":"Sungai Sembilan","regency":"Kota Dumai","administrativeCode":"14.72.04.1004","boundarySource":"Perwali Kota Dumai Nomor 39 Tahun 2025","change":"erosion","baseline":"2016","current":"2025","confidence":"rendah","resolutionM":10,"uncertaintyM":14.1,"imageDerivedBeforeBoundaryClip":true,"administrativeBoundaryUsedForAttribution":true,"administrativeSeawardBoundaryUsedForClipping":false,"lockedInterVillageBoundary":true},"geometry":{"type":"Polygon","coordinates":[[[101.35369278373969,1.8869265628917042],[101.35369266215261,1.8868361675801744],[101.3536028226167,1.886836289914172],[101.35360294419912,1.8869266852315656],[101.35369278373969,1.8869265628917042]]]}},{"type":"Feature","properties":{"id":"kota-dumai-sungai-sembilan-kelurahan-basilam-baru","village":"Kelurahan Basilam Baru","district":"Sungai Sembilan","regency":"Kota Dumai","administrativeCode":"14.72.04.1004","boundarySource":"Perwali Kota Dumai Nomor 39 Tahun 2025","change":"erosion","baseline":"2016","current":"2025","confidence":"rendah","resolutionM":10,"uncertaintyM":14.1,"imageDerivedBeforeBoundaryClip":true,"administrativeBoundaryUsedForAttribution":true,"administrativeSeawardBoundaryUsedForClipping":false,"lockedInterVillageBoundary":true},"geometry":{"type":"Polygon","coordinates":[[[101.34003722762615,1.8870355012806062],[101.34003710673711,1.8869451050802784],[101.34012694715626,1.8869449834439804],[101.34012682626842,1.8868545872493812],[101.34003698585389,1.886854708879848],[101.34003686497644,1.8867643126793157],[101.33976734371196,1.886764677525268],[101.33976746457549,1.8868550737432923],[101.33967762413776,1.8868551953551222],[101.33967774500249,1.8869455915788746],[101.33976758544483,1.8869454699612151],[101.33976770631998,1.8870358661790345],[101.34003722762615,1.8870355012806062]]]}},{"type":"Feature","properties":{"id":"kota-dumai-sungai-sembilan-kelurahan-basilam-baru","village":"Kelurahan Basilam Baru","district":"Sungai Sembilan","regency":"Kota Dumai","administrativeCode":"14.72.04.1004","boundarySource":"Perwali Kota Dumai Nomor 39 Tahun 2025","change":"erosion","baseline":"2016","current":"2025","confidence":"rendah","resolutionM":10,"uncertaintyM":14.1,"imageDerivedBeforeBoundaryClip":true,"administrativeBoundaryUsedForAttribution":true,"administrativeSeawardBoundaryUsedForClipping":false,"lockedInterVillageBoundary":true},"geometry":{"type":"Polygon","coordinates":[[[101.35360270104003,1.8867458945966757],[101.35360245790432,1.8865651039613778],[101.35351261837644,1.8865652262731218],[101.35351286150294,1.8867460169201498],[101.35360270104003,1.8867458945966757]]]}},{"type":"Feature","properties":{"id":"kota-dumai-sungai-sembilan-kelurahan-basilam-baru","village":"Kelurahan Basilam Baru","district":"Sungai Sembilan","regency":"Kota Dumai","administrativeCode":"14.72.04.1004","boundarySource":"Perwali Kota Dumai Nomor 39 Tahun 2025","change":"erosion","baseline":"2016","current":"2025","confidence":"rendah","resolutionM":10,"uncertaintyM":14.1,"imageDerivedBeforeBoundaryClip":true,"administrativeBoundaryUsedForAttribution":true,"administrativeSeawardBoundaryUsedForClipping":false,"lockedInterVillageBoundary":true},"geometry":{"type":"Polygon","coordinates":[[[101.3393186248848,1.8871268704967563],[101.339318504027,1.8870364742498882],[101.3394083444972,1.8870363526450367],[101.3394082236406,1.8869459564038973],[101.33949806410035,1.886945834800216],[101.33949794324492,1.886855438564804],[101.33958778369424,1.8868553169622924],[101.33958730031193,1.886493732042943],[101.33949745988114,1.8864938536221345],[101.33949758071336,1.8865842498579546],[101.33940774027212,1.8865843714383177],[101.33940810278979,1.8868555601626547],[101.33931826232885,1.8868556817558477],[101.33931838317503,1.886946078002919],[101.33922854270368,1.8869461995972814],[101.33922878440418,1.887126992102777],[101.3393186248848,1.8871268704967563]]]}},{"type":"Feature","properties":{"id":"kota-dumai-sungai-sembilan-kelurahan-basilam-baru","village":"Kelurahan Basilam Baru","district":"Sungai Sembilan","regency":"Kota Dumai","administrativeCode":"14.72.04.1004","boundarySource":"Perwali Kota Dumai Nomor 39 Tahun 2025","change":"erosion","baseline":"2016","current":"2025","confidence":"rendah","resolutionM":10,"uncertaintyM":14.1,"imageDerivedBeforeBoundaryClip":true,"administrativeBoundaryUsedForAttribution":true,"administrativeSeawardBoundaryUsedForClipping":false,"lockedInterVillageBoundary":true},"geometry":{"type":"Polygon","coordinates":[[[101.33967714073695,1.8864936104590924],[101.33967701990123,1.8864032142348304],[101.33958717948087,1.8864033358128502],[101.33958730031193,1.886493732042943],[101.33967714073695,1.8864936104590924]]]}},{"type":"Feature","properties":{"id":"kota-dumai-sungai-sembilan-kelurahan-basilam-baru","village":"Kelurahan Basilam Baru","district":"Sungai Sembilan","regency":"Kota Dumai","administrativeCode":"14.72.04.1004","boundarySource":"Perwali Kota Dumai Nomor 39 Tahun 2025","change":"erosion","baseline":"2016","current":"2025","confidence":"rendah","resolutionM":10,"uncertaintyM":14.1,"imageDerivedBeforeBoundaryClip":true,"administrativeBoundaryUsedForAttribution":true,"administrativeSeawardBoundaryUsedForClipping":false,"lockedInterVillageBoundary":true},"geometry":{"type":"Polygon","coordinates":[[[101.33976686031582,1.8864030926521518],[101.33976661865255,1.8862223002149818],[101.33967677824724,1.886222421785999],[101.33967701990123,1.8864032142348304],[101.33976686031582,1.8864030926521518]]]}},{"type":"Feature","properties":{"id":"kota-dumai-sungai-sembilan-kelurahan-basilam-baru","village":"Kelurahan Basilam Baru","district":"Sungai Sembilan","regency":"Kota Dumai","administrativeCode":"14.72.04.1004","boundarySource":"Perwali Kota Dumai Nomor 39 Tahun 2025","change":"erosion","baseline":"2016","current":"2025","confidence":"rendah","resolutionM":10,"uncertaintyM":14.1,"imageDerivedBeforeBoundaryClip":true,"administrativeBoundaryUsedForAttribution":true,"administrativeSeawardBoundaryUsedForClipping":false,"lockedInterVillageBoundary":true},"geometry":{"type":"Polygon","coordinates":[[[101.34030505676714,1.8857695897712856],[101.34030493594544,1.8856791935870243],[101.34021509560272,1.8856793151509983],[101.34021521641976,1.8857697113410912],[101.34030505676714,1.8857695897712856]]]}},{"type":"Feature","properties":{"id":"kota-dumai-sungai-sembilan-kelurahan-basilam-baru","village":"Kelurahan Basilam Baru","district":"Sungai Sembilan","regency":"Kota Dumai","administrativeCode":"14.72.04.1004","boundarySource":"Perwali Kota Dumai Nomor 39 Tahun 2025","change":"erosion","baseline":"2016","current":"2025","confidence":"rendah","resolutionM":10,"uncertaintyM":14.1,"imageDerivedBeforeBoundaryClip":true,"administrativeBoundaryUsedForAttribution":true,"administrativeSeawardBoundaryUsedForClipping":false,"lockedInterVillageBoundary":true},"geometry":{"type":"Polygon","coordinates":[[[101.34039477628237,1.885679072018393],[101.34039465546185,1.885588675839862],[101.34030481512954,1.88558879740266],[101.34030493594544,1.8856791935870243],[101.34039477628237,1.885679072018393]]]}},{"type":"Feature","properties":{"id":"kota-dumai-sungai-sembilan-kelurahan-basilam-baru","village":"Kelurahan Basilam Baru","district":"Sungai Sembilan","regency":"Kota Dumai","administrativeCode":"14.72.04.1004","boundarySource":"Perwali Kota Dumai Nomor 39 Tahun 2025","change":"erosion","baseline":"2016","current":"2025","confidence":"rendah","resolutionM":10,"uncertaintyM":14.1,"imageDerivedBeforeBoundaryClip":true,"administrativeBoundaryUsedForAttribution":true,"administrativeSeawardBoundaryUsedForClipping":false,"lockedInterVillageBoundary":true},"geometry":{"type":"Polygon","coordinates":[[[101.34048449578836,1.8855885542724073],[101.34048437496902,1.8854981580996057],[101.34039453464715,1.885498279661228],[101.34039465546185,1.885588675839862],[101.34048449578836,1.8855885542724073]]]}},{"type":"Feature","properties":{"id":"kota-dumai-sungai-sembilan-kelurahan-basilam-baru","village":"Kelurahan Basilam Baru","district":"Sungai Sembilan","regency":"Kota Dumai","administrativeCode":"14.72.04.1004","boundarySource":"Perwali Kota Dumai Nomor 39 Tahun 2025","change":"erosion","baseline":"2016","current":"2025","confidence":"rendah","resolutionM":10,"uncertaintyM":14.1,"imageDerivedBeforeBoundaryClip":true,"administrativeBoundaryUsedForAttribution":true,"administrativeSeawardBoundaryUsedForClipping":false,"lockedInterVillageBoundary":true},"geometry":{"type":"Polygon","coordinates":[[[101.34057421528512,1.8854980365333267],[101.34057409446694,1.8854076403662556],[101.34048425415548,1.8854077619267018],[101.34048437496902,1.8854981580996057],[101.34057421528512,1.8854980365333267]]]}},{"type":"Feature","properties":{"id":"kota-dumai-sungai-sembilan-kelurahan-basilam-baru","village":"Kelurahan Basilam Baru","district":"Sungai Sembilan","regency":"Kota Dumai","administrativeCode":"14.72.04.1004","boundarySource":"Perwali Kota Dumai Nomor 39 Tahun 2025","change":"erosion","baseline":"2016","current":"2025","confidence":"rendah","resolutionM":10,"uncertaintyM":14.1,"imageDerivedBeforeBoundaryClip":true,"administrativeBoundaryUsedForAttribution":true,"administrativeSeawardBoundaryUsedForClipping":false,"lockedInterVillageBoundary":true},"geometry":{"type":"Polygon","coordinates":[[[101.34066393477259,1.8854075188011536],[101.34066381395559,1.8853171226398129],[101.34057397365456,1.8853172441990818],[101.34057409446694,1.8854076403662556],[101.34066393477259,1.8854075188011536]]]}},{"type":"Feature","properties":{"id":"kota-dumai-sungai-sembilan-kelurahan-basilam-baru","village":"Kelurahan Basilam Baru","district":"Sungai Sembilan","regency":"Kota Dumai","administrativeCode":"14.72.04.1004","boundarySource":"Perwali Kota Dumai Nomor 39 Tahun 2025","change":"erosion","baseline":"2016","current":"2025","confidence":"rendah","resolutionM":10,"uncertaintyM":14.1,"imageDerivedBeforeBoundaryClip":true,"administrativeBoundaryUsedForAttribution":true,"administrativeSeawardBoundaryUsedForClipping":false,"lockedInterVillageBoundary":true},"geometry":{"type":"Polygon","coordinates":[[[101.34075365425082,1.8853170010758882],[101.34075341262498,1.8851362087645662],[101.340663572339,1.8851363303168263],[101.34066381395559,1.8853171226398129],[101.34075365425082,1.8853170010758882]]]}},{"type":"Feature","properties":{"id":"kota-dumai-sungai-sembilan-kelurahan-basilam-baru","village":"Kelurahan Basilam Baru","district":"Sungai Sembilan","regency":"Kota Dumai","administrativeCode":"14.72.04.1004","boundarySource":"Perwali Kota Dumai Nomor 39 Tahun 2025","change":"erosion","baseline":"2016","current":"2025","confidence":"rendah","resolutionM":10,"uncertaintyM":14.1,"imageDerivedBeforeBoundaryClip":true,"administrativeBoundaryUsedForAttribution":true,"administrativeSeawardBoundaryUsedForClipping":false,"lockedInterVillageBoundary":true},"geometry":{"type":"Polygon","coordinates":[[[101.34093309317952,1.8851359656460824],[101.34093297236603,1.8850455695019348],[101.34102281262997,1.885045447941544],[101.34102257101121,1.8848646556646103],[101.34111241126007,1.8848645341112313],[101.34111229045479,1.8847741379784453],[101.3412021306932,1.8847740164262459],[101.34120188909077,1.8845932241720356],[101.34129172931416,1.8845931026268508],[101.3412914877257,1.8844123103839003],[101.34120164751155,1.8844124319174174],[101.34120176829825,1.884502828044777],[101.34111192807369,1.884502949579475],[101.34111204886156,1.8845933457125672],[101.3410222086266,1.884593467248445],[101.34102245021053,1.8847742595259902],[101.34093260996048,1.8847743810688813],[101.34093285155836,1.8849551733576861],[101.34084301129326,1.8849552949075894],[101.34084313209632,1.8850456910576712],[101.34075329182076,1.8850458126087535],[101.34075341262498,1.8851362087645662],[101.34093309317952,1.8851359656460824]]]}},{"type":"Feature","properties":{"id":"kota-dumai-sungai-sembilan-kelurahan-basilam-baru","village":"Kelurahan Basilam Baru","district":"Sungai Sembilan","regency":"Kota Dumai","administrativeCode":"14.72.04.1004","boundarySource":"Perwali Kota Dumai Nomor 39 Tahun 2025","change":"erosion","baseline":"2016","current":"2025","confidence":"rendah","resolutionM":10,"uncertaintyM":14.1,"imageDerivedBeforeBoundaryClip":true,"administrativeBoundaryUsedForAttribution":true,"administrativeSeawardBoundaryUsedForClipping":false,"lockedInterVillageBoundary":true},"geometry":{"type":"Polygon","coordinates":[[[101.34138132793403,1.8844121888457301],[101.34138120714388,1.8843217927299365],[101.34129136694014,1.884321914262273],[101.3412914877257,1.8844123103839003],[101.34138132793403,1.8844121888457301]]]}},{"type":"Feature","properties":{"id":"kota-dumai-sungai-sembilan-kelurahan-basilam-baru","village":"Kelurahan Basilam Baru","district":"Sungai Sembilan","regency":"Kota Dumai","administrativeCode":"14.72.04.1004","boundarySource":"Perwali Kota Dumai Nomor 39 Tahun 2025","change":"erosion","baseline":"2016","current":"2025","confidence":"rendah","resolutionM":10,"uncertaintyM":14.1,"imageDerivedBeforeBoundaryClip":true,"administrativeBoundaryUsedForAttribution":true,"administrativeSeawardBoundaryUsedForClipping":false,"lockedInterVillageBoundary":true},"geometry":{"type":"Polygon","coordinates":[[[101.34147104734177,1.8843216711929478],[101.34147080576963,1.884140878972724],[101.34138096558098,1.8841410004980443],[101.34138120714388,1.8843217927299365],[101.34147104734177,1.8843216711929478]]]}},{"type":"Feature","properties":{"id":"kota-dumai-sungai-sembilan-kelurahan-basilam-baru","village":"Kelurahan Basilam Baru","district":"Sungai Sembilan","regency":"Kota Dumai","administrativeCode":"14.72.04.1004","boundarySource":"Perwali Kota Dumai Nomor 39 Tahun 2025","change":"erosion","baseline":"2016","current":"2025","confidence":"rendah","resolutionM":10,"uncertaintyM":14.1,"imageDerivedBeforeBoundaryClip":true,"administrativeBoundaryUsedForAttribution":true,"administrativeSeawardBoundaryUsedForClipping":false,"lockedInterVillageBoundary":true},"geometry":{"type":"Polygon","coordinates":[[[101.34156064595248,1.8841407574427522],[101.34156052517048,1.8840503613383224],[101.34147068499226,1.8840504828624594],[101.34147080576963,1.884140878972724],[101.34156064595248,1.8841407574427522]]]}},{"type":"Feature","properties":{"id":"kota-dumai-sungai-sembilan-kelurahan-basilam-baru","village":"Kelurahan Basilam Baru","district":"Sungai Sembilan","regency":"Kota Dumai","administrativeCode":"14.72.04.1004","boundarySource":"Perwali Kota Dumai Nomor 39 Tahun 2025","change":"erosion","baseline":"2016","current":"2025","confidence":"rendah","resolutionM":10,"uncertaintyM":14.1,"imageDerivedBeforeBoundaryClip":true,"administrativeBoundaryUsedForAttribution":true,"administrativeSeawardBoundaryUsedForClipping":false,"lockedInterVillageBoundary":true},"geometry":{"type":"Polygon","coordinates":[[[101.34165024456209,1.8839598437108356],[101.34165012378709,1.883869447612037],[101.34156028362392,1.8838695691291572],[101.34156040439431,1.8839599652337904],[101.34165024456209,1.8839598437108356]]]}},{"type":"Feature","properties":{"id":"kota-dumai-sungai-sembilan-kelurahan-basilam-baru","village":"Kelurahan Basilam Baru","district":"Sungai Sembilan","regency":"Kota Dumai","administrativeCode":"14.72.04.1004","boundarySource":"Perwali Kota Dumai Nomor 39 Tahun 2025","change":"erosion","baseline":"2016","current":"2025","confidence":"rendah","resolutionM":10,"uncertaintyM":14.1,"imageDerivedBeforeBoundaryClip":true,"administrativeBoundaryUsedForAttribution":true,"administrativeSeawardBoundaryUsedForClipping":false,"lockedInterVillageBoundary":true},"geometry":{"type":"Polygon","coordinates":[[[101.34191904038452,1.883417102624776],[101.34191891963049,1.8833267065428723],[101.34182907951246,1.8833268280389348],[101.3418292002619,1.8834172241266738],[101.34191904038452,1.883417102624776]]]}},{"type":"Feature","properties":{"id":"kota-dumai-sungai-sembilan-kelurahan-basilam-baru","village":"Kelurahan Basilam Baru","district":"Sungai Sembilan","regency":"Kota Dumai","administrativeCode":"14.72.04.1004","boundarySource":"Perwali Kota Dumai Nomor 39 Tahun 2025","change":"erosion","baseline":"2016","current":"2025","confidence":"rendah","resolutionM":10,"uncertaintyM":14.1,"imageDerivedBeforeBoundaryClip":true,"administrativeBoundaryUsedForAttribution":true,"administrativeSeawardBoundaryUsedForClipping":false,"lockedInterVillageBoundary":true},"geometry":{"type":"Polygon","coordinates":[[[101.34227743479946,1.8826934480993571],[101.34227719335315,1.8825126559805094],[101.34218735329993,1.882512777442645],[101.34218759473701,1.8826935695731655],[101.34227743479946,1.8826934480993571]]]}},{"type":"Feature","properties":{"id":"kota-dumai-sungai-sembilan-kelurahan-basilam-baru","village":"Kelurahan Basilam Baru","district":"Sungai Sembilan","regency":"Kota Dumai","administrativeCode":"14.72.04.1004","boundarySource":"Perwali Kota Dumai Nomor 39 Tahun 2025","change":"erosion","baseline":"2016","current":"2025","confidence":"rendah","resolutionM":10,"uncertaintyM":14.1,"imageDerivedBeforeBoundaryClip":true,"administrativeBoundaryUsedForAttribution":true,"administrativeSeawardBoundaryUsedForClipping":false,"lockedInterVillageBoundary":true},"geometry":{"type":"Polygon","coordinates":[[[101.34245626988175,1.88206043280176],[101.3424561491871,1.8819700367533478],[101.34236630917322,1.8819701581897594],[101.34236642986328,1.8820605542440072],[101.34245626988175,1.88206043280176]]]}},{"type":"Feature","properties":{"id":"kota-dumai-sungai-sembilan-kelurahan-basilam-baru","village":"Kelurahan Basilam Baru","district":"Sungai Sembilan","regency":"Kota Dumai","administrativeCode":"14.72.04.1004","boundarySource":"Perwali Kota Dumai Nomor 39 Tahun 2025","change":"erosion","baseline":"2016","current":"2025","confidence":"rendah","resolutionM":10,"uncertaintyM":14.1,"imageDerivedBeforeBoundaryClip":true,"administrativeBoundaryUsedForAttribution":true,"administrativeSeawardBoundaryUsedForClipping":false,"lockedInterVillageBoundary":true},"geometry":{"type":"Polygon","coordinates":[[[101.34254574781406,1.8817891232268353],[101.3425456271322,1.8816987271839554],[101.34245578713798,1.8816988486075024],[101.34245590781522,1.8817892446562183],[101.34254574781406,1.8817891232268353]]]}},{"type":"Feature","properties":{"id":"kota-dumai-sungai-sembilan-kelurahan-basilam-baru","village":"Kelurahan Basilam Baru","district":"Sungai Sembilan","regency":"Kota Dumai","administrativeCode":"14.72.04.1004","boundarySource":"Perwali Kota Dumai Nomor 39 Tahun 2025","change":"erosion","baseline":"2016","current":"2025","confidence":"rendah","resolutionM":10,"uncertaintyM":14.1,"imageDerivedBeforeBoundaryClip":true,"administrativeBoundaryUsedForAttribution":true,"administrativeSeawardBoundaryUsedForClipping":false,"lockedInterVillageBoundary":true},"geometry":{"type":"Polygon","coordinates":[[[101.34308273641267,1.8802516624056316],[101.34308249519687,1.8800708703863676],[101.34299265532056,1.8800709917327008],[101.34299289652716,1.8802517837636408],[101.34308273641267,1.8802516624056316]]]}},{"type":"Feature","properties":{"id":"kota-dumai-sungai-sembilan-kelurahan-basilam-baru","village":"Kelurahan Basilam Baru","district":"Sungai Sembilan","regency":"Kota Dumai","administrativeCode":"14.72.04.1004","boundarySource":"Perwali Kota Dumai Nomor 39 Tahun 2025","change":"erosion","baseline":"2016","current":"2025","confidence":"rendah","resolutionM":10,"uncertaintyM":14.1,"imageDerivedBeforeBoundaryClip":true,"administrativeBoundaryUsedForAttribution":true,"administrativeSeawardBoundaryUsedForClipping":false,"lockedInterVillageBoundary":true},"geometry":{"type":"Polygon","coordinates":[[[101.34469490967672,1.8765432450017658],[101.3446947892212,1.876452849093151],[101.34460494963388,1.8764529702893475],[101.34460507008481,1.876543366203804],[101.34469490967672,1.8765432450017658]]]}},{"type":"Feature","properties":{"id":"kota-dumai-sungai-sembilan-kelurahan-sungai-geniot","village":"Kelurahan Sungai Geniot","district":"Sungai Sembilan","regency":"Kota Dumai","administrativeCode":"14.72.04.1006","boundarySource":"Perwali Kota Dumai Nomor 40 Tahun 2025","change":"accretion","baseline":"2016","current":"2025","confidence":"rendah","resolutionM":10,"uncertaintyM":14.1,"imageDerivedBeforeBoundaryClip":true,"administrativeBoundaryUsedForAttribution":true,"administrativeSeawardBoundaryUsedForClipping":false,"lockedInterVillageBoundary":true},"geometry":{"type":"Polygon","coordinates":[[[101.33257887246378,1.9521312921473364],[101.33257874779967,1.9520408955326605],[101.33266859209729,1.952040770102682],[101.33266846743415,1.951950373493714],[101.33257862314134,1.9519504989178789],[101.3325784984888,1.9518601023029927],[101.33239880989541,1.9518603531252379],[101.33239868525823,1.9517699564986206],[101.33221899665129,1.9517702072899623],[101.33221912127887,1.9518606039282034],[101.33212927696192,1.951860729322456],[101.33212940159052,1.9519511259664022],[101.33221924591224,1.951951000566339],[101.33221937055141,1.9520413972043686],[101.33239905918713,1.9520411463781555],[101.33239918384163,1.9521315430044561],[101.33257887246378,1.9521312921473364]]]}},{"type":"Feature","properties":{"id":"kota-dumai-sungai-sembilan-kelurahan-sungai-geniot","village":"Kelurahan Sungai Geniot","district":"Sungai Sembilan","regency":"Kota Dumai","administrativeCode":"14.72.04.1006","boundarySource":"Perwali Kota Dumai Nomor 40 Tahun 2025","change":"accretion","baseline":"2016","current":"2025","confidence":"rendah","resolutionM":10,"uncertaintyM":14.1,"imageDerivedBeforeBoundaryClip":true,"administrativeBoundaryUsedForAttribution":true,"administrativeSeawardBoundaryUsedForClipping":false,"lockedInterVillageBoundary":true},"geometry":{"type":"Polygon","coordinates":[[[101.33248852955305,1.9517698310957206],[101.33248840491683,1.9516794344748105],[101.33257824920105,1.9516793090729032],[101.33257812456587,1.9515889124577002],[101.3327578131074,1.9515886616510525],[101.3327576884684,1.9514982650473702],[101.33284753272571,1.9514981396426307],[101.3328474080877,1.9514077430446564],[101.33293725233445,1.9514076176409114],[101.33293712769743,1.9513172210486447],[101.3328472834555,1.9513173464465758],[101.33284715882907,1.9512269498483907],[101.33275731458617,1.9512270752356906],[101.33275743920778,1.9513174718396888],[101.3326675949543,1.951317597227984],[101.33266771957692,1.9514079938376896],[101.33239818676735,1.9514083699910982],[101.3323983113814,1.951498766618137],[101.33230846709517,1.9514988919987815],[101.33230871633104,1.9516796852641667],[101.33239856062683,1.9516795598718986],[101.33239868525823,1.9517699564986206],[101.33248852955305,1.9517698310957206]]]}},{"type":"Feature","properties":{"id":"kota-dumai-sungai-sembilan-kelurahan-sungai-geniot","village":"Kelurahan Sungai Geniot","district":"Sungai Sembilan","regency":"Kota Dumai","administrativeCode":"14.72.04.1006","boundarySource":"Perwali Kota Dumai Nomor 40 Tahun 2025","change":"accretion","baseline":"2016","current":"2025","confidence":"rendah","resolutionM":10,"uncertaintyM":14.1,"imageDerivedBeforeBoundaryClip":true,"administrativeBoundaryUsedForAttribution":true,"administrativeSeawardBoundaryUsedForClipping":false,"lockedInterVillageBoundary":true},"geometry":{"type":"Polygon","coordinates":[[[101.3405746174466,1.951848921194692],[101.34057449237349,1.9517585250979164],[101.34066433614107,1.9517583992564231],[101.34066421106895,1.9516680031653746],[101.34075405482594,1.9516678773248943],[101.34075392975487,1.9515774812395725],[101.34084377350125,1.9515773554001064],[101.34084327325584,1.9512157710810993],[101.34075342952863,1.9512158968972326],[101.34075330448657,1.9511255008113844],[101.34066346075835,1.9511256266168666],[101.3406635857956,1.951216022708548],[101.34057374205676,1.9512161485150452],[101.34057386709503,1.951306544612454],[101.34048402334561,1.9513066704199655],[101.34048414838492,1.9513970665231013],[101.34039430462492,1.9513971923316265],[101.34039442966521,1.9514875884404892],[101.3403045858946,1.9514877142500269],[101.34030483598305,1.9516685064791004],[101.34039467976322,1.951668380657898],[101.34039480482096,1.9517587767664444],[101.34048464860012,1.9517586509345897],[101.34048477366842,1.951849047037199],[101.3405746174466,1.951848921194692]]]}},{"type":"Feature","properties":{"id":"kota-dumai-sungai-sembilan-kelurahan-sungai-geniot","village":"Kelurahan Sungai Geniot","district":"Sungai Sembilan","regency":"Kota Dumai","administrativeCode":"14.72.04.1006","boundarySource":"Perwali Kota Dumai Nomor 40 Tahun 2025","change":"accretion","baseline":"2016","current":"2025","confidence":"rendah","resolutionM":10,"uncertaintyM":14.1,"imageDerivedBeforeBoundaryClip":true,"administrativeBoundaryUsedForAttribution":true,"administrativeSeawardBoundaryUsedForClipping":false,"lockedInterVillageBoundary":true},"geometry":{"type":"Polygon","coordinates":[[[101.33644079898814,1.9511315340397324],[101.33644067418174,1.9510411376740502],[101.33653051817774,1.951041012100841],[101.33653026857274,1.9508602193808042],[101.33644042458633,1.9508603449423687],[101.33644029979732,1.9507699485763692],[101.33635045580989,1.950770074127294],[101.33635058059411,1.9508604704991157],[101.33626073659612,1.9508605960510446],[101.33626086138135,1.9509509924285826],[101.33617101737275,1.9509511179815158],[101.33617114215899,1.9510415143647697],[101.33626098617236,1.951041388806015],[101.3362611109692,1.9511317851833412],[101.33644079898814,1.9511315340397324]]]}},{"type":"Feature","properties":{"id":"kota-dumai-sungai-sembilan-kelurahan-sungai-geniot","village":"Kelurahan Sungai Geniot","district":"Sungai Sembilan","regency":"Kota Dumai","administrativeCode":"14.72.04.1006","boundarySource":"Perwali Kota Dumai Nomor 40 Tahun 2025","change":"accretion","baseline":"2016","current":"2025","confidence":"rendah","resolutionM":10,"uncertaintyM":14.1,"imageDerivedBeforeBoundaryClip":true,"administrativeBoundaryUsedForAttribution":true,"administrativeSeawardBoundaryUsedForClipping":false,"lockedInterVillageBoundary":true},"geometry":{"type":"Polygon","coordinates":[[[101.33895792855743,1.952212770428214],[101.33895780354734,1.952122374226909],[101.3390476474385,1.952122248448855],[101.33904752242944,1.9520318522532731],[101.33931705405378,1.9520314749076741],[101.33931692903613,1.951941078729475],[101.3394067728945,1.951940952943798],[101.33940639786202,1.9516697644260554],[101.33949624170025,1.951669638653047],[101.33949611669621,1.9515792424860852],[101.33967580434566,1.951578990937271],[101.33967567933786,1.951488594781864],[101.3397655231491,1.951488469006059],[101.3397656481617,1.9515788651556352],[101.33985549197187,1.9515787393691797],[101.33985536695452,1.9514883432254335],[101.33994521075414,1.9514882174399908],[101.33994508573777,1.9513978213019698],[101.3400349295268,1.951397695517539],[101.34003480451146,1.9513072993852434],[101.3401246482899,1.9513071736018255],[101.34012452327556,1.9512167774752567],[101.34021436704343,1.9512166516928509],[101.3402142420301,1.9511262555720075],[101.34030408578737,1.9511261297906157],[101.34030396077505,1.9510357336754998],[101.34048364826256,1.9510354821099256],[101.34048352324649,1.9509450860063677],[101.34057336697676,1.9509449602221858],[101.34057324196169,1.9508545641243562],[101.3404833982362,1.9508546899027044],[101.34048327323174,1.950764293798935],[101.34039342950523,1.9507644195666343],[101.34039355450494,1.9508548156762358],[101.34021386702496,1.9508550672088465],[101.34021361705054,1.9506742749662116],[101.34030346078387,1.9506741492139783],[101.34030283592546,1.9502221686347048],[101.34021299221607,1.950222294357779],[101.34021286726657,1.9501318982357763],[101.34012302355616,1.9501320239482027],[101.34012314850088,1.9502224200760365],[101.3400333047799,1.950222545789479],[101.34003342972562,1.9503129419230396],[101.33994358599406,1.950313067637497],[101.33994371094077,1.950403463776783],[101.33985386719861,1.9504035894922553],[101.33985399214637,1.950493985637267],[101.3397641483936,1.950494111353754],[101.33976427334237,1.95058450750449],[101.33967442957902,1.9505846332219912],[101.3396745545288,1.9506750293784536],[101.33958471075488,1.9506751550969677],[101.33958483570567,1.9507655512591549],[101.33949499192117,1.9507656769786819],[101.33949524183058,1.9509464693143985],[101.33958508562463,1.9509463435832113],[101.33958521059284,1.9510367397450814],[101.33949536679397,1.951036865482099],[101.33949549176316,1.9511272616496935],[101.33940564795368,1.9511273873877235],[101.33940577292393,1.951217783561042],[101.33922608527797,1.9512180350343054],[101.33922596031734,1.9511276388493273],[101.3390462726578,1.9511278902916593],[101.33904614771252,1.9510374940949182],[101.338686772343,1.9510379968984513],[101.33868664742268,1.9509476006782909],[101.33859680357058,1.9509477263613018],[101.33859692848611,1.9510381225872904],[101.33850708462342,1.951038248271311],[101.33850683480777,1.9508574558075744],[101.33841699094884,1.9508575814751228],[101.3384166162832,1.9505863927612432],[101.33832677243285,1.9505865184064932],[101.33832664756068,1.950496122162496],[101.33823680370932,1.9504962477971017],[101.3382369285767,1.950586644046926],[101.33814708471478,1.9505867696825416],[101.33814720958317,1.950677165938087],[101.33805736571065,1.950677291574713],[101.33805749058006,1.9507676878359794],[101.33787780280805,1.9507679391064314],[101.3378773034035,1.9504063540141243],[101.33796714727328,1.9504062284046106],[101.33796702243187,1.9503158321370955],[101.33787717856688,1.9503159577407831],[101.33787705373604,1.9502255614673385],[101.33769736599828,1.9502258126486134],[101.33769724118282,1.9501354163634108],[101.33733786565688,1.950135918644871],[101.33733774086636,1.9500455223362636],[101.33706820917543,1.9500458989793217],[101.33706833395159,1.950136295305403],[101.33697849003825,1.9501364208492813],[101.33697836526683,1.9500460245173774],[101.3368885213525,1.9500461500506168],[101.3368886461191,1.9501365463883449],[101.33679880219415,1.9501366719225919],[101.33679892696176,1.950227068266038],[101.33661923908491,1.9502273193317323],[101.33661911432687,1.9501369229766405],[101.33652927038453,1.950137048496441],[101.3365293951378,1.9502274448573553],[101.33643955118488,1.9502275703781624],[101.33643967593915,1.9503179667447943],[101.33634983197567,1.9503180922666075],[101.33634995673093,1.9504084886389548],[101.33626011275683,1.9504086141617751],[101.33626023751312,1.9504990105398397],[101.33635008149194,1.9504988850111984],[101.33635020625883,1.950589281383335],[101.33644005023667,1.9505891558440551],[101.33644017501409,1.9506795522102653],[101.33653001899094,1.9506794266603458],[101.33653026857274,1.9508602193808042],[101.33662011255336,1.9508600938144225],[101.33662023735776,1.9509504901686714],[101.33688976927924,1.9509501134231517],[101.33688964446048,1.9508597170863728],[101.33697948841792,1.9508595915007212],[101.33697936360021,1.95076919516966],[101.33715905148814,1.950768943995552],[101.33715917631544,1.9508593403149657],[101.33733886418977,1.9508590891099404],[101.33733898903245,1.9509494854175988],[101.33742883296573,1.9509493598020355],[101.33742908267807,1.9511301524053888],[101.33751892661512,1.9511300267733576],[101.33751905148476,1.9512204230690504],[101.3376088954208,1.9512202974263764],[101.33760902030104,1.951310693716139],[101.3377887081653,1.9513104424046848],[101.33778883306093,1.9514008386826909],[101.33787867698915,1.9514007130139104],[101.33787880189534,1.9514911092859857],[101.33805848974396,1.9514908579223147],[101.33805861466556,1.9515812541826327],[101.33814845858595,1.9515811284877422],[101.3381485835181,1.9516715247421283],[101.33823842743753,1.9516713990365926],[101.33823867732883,1.9518521915333937],[101.33814883339986,1.9518523172505826],[101.33814908330477,1.9520331097586148],[101.33823892724331,1.9520329840297725],[101.33823905220926,1.9521233802778035],[101.33832889614682,1.9521232545383143],[101.33832877117611,1.9520328582961093],[101.33841861510305,1.9520327325576263],[101.33841849013332,1.9519423363211432],[101.3385083340497,1.951942210583667],[101.33850845902423,1.9520326068143223],[101.33868814684917,1.9520323553132546],[101.33868827183906,1.9521227515321489],[101.33877811574763,1.9521226257685569],[101.33877824074811,1.952213021981518],[101.33895792855743,1.952212770428214]]]}},{"type":"Feature","properties":{"id":"kota-dumai-sungai-sembilan-kelurahan-sungai-geniot","village":"Kelurahan Sungai Geniot","district":"Sungai Sembilan","regency":"Kota Dumai","administrativeCode":"14.72.04.1006","boundarySource":"Perwali Kota Dumai Nomor 40 Tahun 2025","change":"accretion","baseline":"2016","current":"2025","confidence":"rendah","resolutionM":10,"uncertaintyM":14.1,"imageDerivedBeforeBoundaryClip":true,"administrativeBoundaryUsedForAttribution":true,"administrativeSeawardBoundaryUsedForClipping":false,"lockedInterVillageBoundary":true},"geometry":{"type":"Polygon","coordinates":[[[101.3359051060482,1.9535729901894034],[101.33590498111414,1.9534825937916398],[101.33599482527427,1.9534824680901695],[101.3359947003412,1.95339207169812],[101.33608454449076,1.9533919459976468],[101.33608466942859,1.953482342383874],[101.33617451357715,1.9534822166727555],[101.33617438863449,1.9533918202923495],[101.33626423277244,1.9533916945822285],[101.33626410783081,1.953301298207539],[101.33617426369763,1.953301423911838],[101.33617376400817,1.9529398383887389],[101.33608391988837,1.9529399640649285],[101.33608367008797,1.9527591712911028],[101.33599382597197,1.952759296950827],[101.33599357620434,1.9525785041649357],[101.33590373209216,1.9525786298081962],[101.33590360722182,1.9524882334092717],[101.33581376310863,1.952488359041888],[101.33581363824887,1.9523979626370371],[101.3356339500147,1.9523982138761666],[101.33563382517032,1.9523078174595694],[101.33527444865166,1.952308319856693],[101.33527407421076,1.9520371305364277],[101.33536391833474,1.9520370049618374],[101.33536379352789,1.9519466085273578],[101.33554348174891,1.9519463573753544],[101.33554335693826,1.9518559609524095],[101.3356332010353,1.9518558353749977],[101.33563295142183,1.9516750425404314],[101.33554310733437,1.9516751681062021],[101.33554248342601,1.9512231859888383],[101.33545263935672,1.9512233115206903],[101.3354521403534,1.9508617258016216],[101.33554198440353,1.9508616002930494],[101.33554185966238,1.9507712038688383],[101.33563170370196,1.9507710783612693],[101.33563132949892,1.9504998891054648],[101.33554148547373,1.9505000145955733],[101.3355412360436,1.9503192217462033],[101.33563108005922,1.9503190962677348],[101.33563095534804,1.950228699848712],[101.33572079935307,1.9502285743712477],[101.3357206746429,1.95013817795794],[101.33581051863736,1.9501380524814806],[101.33581026922482,1.9499572596661894],[101.33590011320393,1.9499571341965563],[101.33589998850157,1.9498667377945735],[101.33598983247006,1.9498666123259463],[101.33598970776873,1.9497762159296794],[101.33589986380497,1.9497763413924851],[101.33589936507661,1.9494147557830799],[101.33580952112621,1.9494148812177883],[101.33580939646338,1.9493244848093523],[101.335719552512,1.949324610233426],[101.33571942785974,1.9492342138190635],[101.33536005201537,1.9492347154439418],[101.33536017664848,1.949325111881584],[101.33527033266816,1.9493252372815888],[101.33527058194218,1.9495060301681961],[101.33536042593211,1.9495059047565522],[101.33536055058259,1.9495963011938775],[101.33518086258739,1.9495965520239906],[101.33518098723411,1.9496869484728503],[101.33500129920616,1.9496871992953437],[101.33500117456902,1.9495968028348465],[101.33491133055114,1.9495969282330525],[101.3349112059246,1.9495065317666316],[101.33482136190571,1.9495066571542052],[101.33482123728972,1.94941626068186],[101.33473139326985,1.9494163860588016],[101.33473126866441,1.9493259895805333],[101.33464142464355,1.9493261149468426],[101.33464117545965,1.9491453219783526],[101.33473101947096,1.9491451966236797],[101.33473089488292,1.9490548001450954],[101.33464105087639,1.9490549254939507],[101.33464092629892,1.948964529009443],[101.33455108229137,1.9489646543476677],[101.33455070860803,1.9486934648760597],[101.33446086460906,1.9486935901920197],[101.33446074006429,1.9486031936954553],[101.33428105205853,1.9486034443013032],[101.33428092752915,1.9485130477929997],[101.33419108352237,1.9485131730828886],[101.33419095900354,1.9484227765686628],[101.33401127098217,1.9484230271223737],[101.33401114647869,1.9483326305964102],[101.33383145844375,1.9483328811192426],[101.33383158293769,1.948423277656839],[101.33374173890675,1.9484234029168541],[101.33374186340166,1.94851379946016],[101.33383170743737,1.9485136741943296],[101.33383183194289,1.9486040707317152],[101.33392167597759,1.9486039454552564],[101.33392192501549,1.9487847385180799],[101.3338320809712,1.9487848638061702],[101.33383220549405,1.94887526034324],[101.3337423614392,1.9488753856323335],[101.33374248596306,1.948965782175114],[101.33383233002269,1.9489656568802038],[101.33383257909733,1.9491464499538176],[101.33365289095316,1.9491467005620857],[101.33365301548959,1.9492370971103656],[101.33356317140404,1.9492372224130956],[101.33356329594146,1.9493276189670852],[101.33347345184536,1.9493277442708163],[101.33347382547801,1.9495989339495983],[101.3335636695885,1.9495988086284222],[101.33356379414906,1.9496892051819903],[101.33365363825855,1.9496890798501845],[101.3336537628297,1.949779476397832],[101.33356391871543,1.9497796017354532],[101.3335640432876,1.949869998288811],[101.33365388740664,1.9498698729453738],[101.33365401198934,1.9499602694928115],[101.33374385610739,1.9499601441387442],[101.3337437315199,1.949869747597123],[101.33383357562737,1.9498696222440561],[101.33383345104086,1.9497792257081452],[101.33374360693816,1.9497793510553962],[101.33374348236222,1.9496889545135643],[101.33383332646012,1.9496888291721288],[101.33383320188521,1.9495984326360072],[101.33392304597253,1.9495983072955736],[101.33392279683046,1.949417514234646],[101.33401264090244,1.9494173889010298],[101.33401326382494,1.9498693715234778],[101.33392341972905,1.9498694968861745],[101.33392354432614,1.9499598934161646],[101.33383370021967,1.9499600187798622],[101.33383407403127,1.9502312083866478],[101.33374422990465,1.9502313337629766],[101.33374447913175,1.9504121268452714],[101.33383432326794,1.9504120014573108],[101.33383444789494,1.950502397992484],[101.33392429203016,1.9505022725938912],[101.33392441666774,1.9505926691231428],[101.33401426080192,1.9505925437139175],[101.33401413615955,1.9505021471904815],[101.33419382440101,1.9505018963692116],[101.33419407371069,1.9506826893927134],[101.33428391783231,1.9506825639632195],[101.3342844165403,1.9510441499856885],[101.33419457239953,1.951044275438449],[101.3341948217787,1.9512250684606853],[101.33428466592903,1.951224942996291],[101.33428479063208,1.951315339501433],[101.33437463478143,1.951315214026404],[101.33437488421445,1.951496007024739],[101.33428504005555,1.9514961325114024],[101.33428541423415,1.951767322025566],[101.33437525840742,1.9517671965214511],[101.33437538315,1.9518575930201445],[101.33446522732231,1.951857467505392],[101.33446535207545,1.9519478639981622],[101.33464504041223,1.9519476129425628],[101.33464541473518,1.9522188023853355],[101.33473525890925,1.9522186768328516],[101.33473538369995,1.9523090733077464],[101.33482522787303,1.952308947744624],[101.3348253526743,1.952399344213595],[101.33500504101268,1.952399093061249],[101.33500529065174,1.9525798859756016],[101.33509513482183,1.9525797603805586],[101.33509525965485,1.9526701568317575],[101.33518510382396,1.952670031226075],[101.33518522866753,1.9527604276713484],[101.33527507283566,1.9527603020550237],[101.3352751976898,1.9528506984943736],[101.3353650418569,1.9528505728674068],[101.33536529159221,1.9530313657341505],[101.3354551357631,1.9530312400907224],[101.33545526064422,1.9531216365181159],[101.33554510481413,1.9531215108640447],[101.33554547950666,1.9533927001281326],[101.33563532368514,1.9533925744517777],[101.33563544859902,1.9534829708671093],[101.33572529277653,1.9534828451801103],[101.335725417701,1.953573241589515],[101.3359051060482,1.9535729901894034]]]}},{"type":"Feature","properties":{"id":"kota-dumai-sungai-sembilan-kelurahan-sungai-geniot","village":"Kelurahan Sungai Geniot","district":"Sungai Sembilan","regency":"Kota Dumai","administrativeCode":"14.72.04.1006","boundarySource":"Perwali Kota Dumai Nomor 40 Tahun 2025","change":"accretion","baseline":"2016","current":"2025","confidence":"rendah","resolutionM":10,"uncertaintyM":14.1,"imageDerivedBeforeBoundaryClip":true,"administrativeBoundaryUsedForAttribution":true,"administrativeSeawardBoundaryUsedForClipping":false,"lockedInterVillageBoundary":true},"geometry":{"type":"Polygon","coordinates":[[[101.32636015192148,1.9379476028972615],[101.32636002849362,1.937857205865549],[101.32644987244034,1.9378570816783707],[101.3264497490135,1.9377666846523505],[101.32635990507153,1.9377668088337314],[101.32635978165519,1.9376764118018086],[101.3264496255924,1.9376762876262257],[101.32644950217708,1.9375858905999956],[101.32653934610379,1.9375857664254248],[101.32653922268948,1.9374953694048886],[101.32644937876756,1.9374954935736615],[101.32644925536378,1.9374050965472223],[101.32635941144085,1.9374052207054135],[101.32635953483985,1.9374956177376499],[101.32617984696718,1.9374958660512736],[101.32617997036243,1.9375862630949992],[101.32609012641268,1.93758638725043],[101.32609024980897,1.9376767842998481],[101.3261800937635,1.93767666013862],[101.32618034058287,1.9378574542255487],[101.32627018454113,1.9378573300479414],[101.32627030796424,1.9379477270854513],[101.32636015192148,1.9379476028972615]]]}},{"type":"Feature","properties":{"id":"kota-dumai-sungai-sembilan-kelurahan-sungai-geniot","village":"Kelurahan Sungai Geniot","district":"Sungai Sembilan","regency":"Kota Dumai","administrativeCode":"14.72.04.1006","boundarySource":"Perwali Kota Dumai Nomor 40 Tahun 2025","change":"accretion","baseline":"2016","current":"2025","confidence":"rendah","resolutionM":10,"uncertaintyM":14.1,"imageDerivedBeforeBoundaryClip":true,"administrativeBoundaryUsedForAttribution":true,"administrativeSeawardBoundaryUsedForClipping":false,"lockedInterVillageBoundary":true},"geometry":{"type":"Polygon","coordinates":[[[101.33226447163709,1.9193176840780761],[101.33226434908661,1.9192272874079999],[101.33235419167704,1.919227164102256],[101.3323535789878,1.9187751807793807],[101.33244342154896,1.9187750574979583],[101.33244268648443,1.9182326775419603],[101.33235284395153,1.9182328007885094],[101.33235272146574,1.9181424041230017],[101.33226287893177,1.9181425273590018],[101.33226300141285,1.9182329240303218],[101.33199347376214,1.9182332937273374],[101.33199335129517,1.918142897038583],[101.3318136661752,1.9181431434679541],[101.33181354372341,1.918052746767474],[101.33163385858974,1.918052993166276],[101.33163373615318,1.9179625964540716],[101.33154389358236,1.9179627196405584],[101.33154377115628,1.9178723229224404],[101.33145392858438,1.9178724460983807],[101.33145380616875,1.9177820493743492],[101.33118427843259,1.9177824188563255],[101.33118440083408,1.9178728155977858],[101.33109455823904,1.9178729387547826],[101.33109468064161,1.9179633355019479],[101.33118452324133,1.9179632123391424],[101.33118476807319,1.9181440058215449],[101.33127461067653,1.9181438826423853],[101.33127473310586,1.9182342793776213],[101.33136457570812,1.9182341561879155],[101.33136469814794,1.9183245529172386],[101.3314545407491,1.9183244297169857],[101.33145466319941,1.9184148264403955],[101.33154450579951,1.9184147032295953],[101.33154462826029,1.9185050999470914],[101.33163447085936,1.9185049767257438],[101.3316347158077,1.9186857701488051],[101.33172455841037,1.9186856469110996],[101.33172480339123,1.918866440322126],[101.33181464599755,1.9188663170680607],[101.33181476850137,1.9189567137676078],[101.33190461110661,1.9189565905029933],[101.33190473362092,1.919046987196627],[101.3319945762251,1.919046863921463],[101.33199469874991,1.9191372606091803],[101.33208454135301,1.9191371373234662],[101.3320846638883,1.919227534005269],[101.33217450649035,1.919227410709004],[101.33217462903612,1.919317807384891],[101.33226447163709,1.9193176840780761]]]}},{"type":"Feature","properties":{"id":"kota-dumai-sungai-sembilan-kelurahan-basilam-baru","village":"Kelurahan Basilam Baru","district":"Sungai Sembilan","regency":"Kota Dumai","administrativeCode":"14.72.04.1004","boundarySource":"Perwali Kota Dumai Nomor 39 Tahun 2025","change":"accretion","baseline":"2016","current":"2025","confidence":"rendah","resolutionM":10,"uncertaintyM":14.1,"imageDerivedBeforeBoundaryClip":true,"administrativeBoundaryUsedForAttribution":true,"administrativeSeawardBoundaryUsedForClipping":false,"lockedInterVillageBoundary":true},"geometry":{"type":"Polygon","coordinates":[[[101.33081647759009,1.911545534418764],[101.33072663530092,1.9115456571502483],[101.33072651332748,1.9114552603725052],[101.33036714413176,1.911455751228008],[101.33036702218287,1.91136535442693],[101.33018733755974,1.9113655998147467],[101.33018721562603,1.9112752030019526],[101.33009737331048,1.9112753256829744],[101.33009725138722,1.9111849288642704],[101.33000740907057,1.9111850515347661],[101.33000728715778,1.9110946547101528],[101.32937839081241,1.9110955132308394],[101.32937826893824,1.9110051163654844],[101.32883921473082,1.9110058520214823],[101.32883933657686,1.9110962489216603],[101.32874949418408,1.9110963715202791],[101.32874937234271,1.911005974614298],[101.32865952994882,1.9110060972023952],[101.32865940811794,1.9109157002905077],[101.32856956572299,1.9109158228680827],[101.32856944390257,1.9108254259502895],[101.32847960150652,1.9108255485173429],[101.32847947969655,1.9107351515936435],[101.3283896372994,1.9107352741501766],[101.32838951549991,1.9106448772205717],[101.32820983069769,1.910645122307878],[101.32820970891335,1.910554725366566],[101.32803002409743,1.910554970423397],[101.32802990232824,1.9104645734703782],[101.32785021749858,1.9104648184967359],[101.32785009574455,1.9103744215320122],[101.32767041090119,1.910374666527897],[101.32767028916231,1.9102842695514697],[101.32758044673666,1.910284392036535],[101.32758032500821,1.9101939950542035],[101.32740064014901,1.9101942399985836],[101.32740051843571,1.9101038430045492],[101.32722083356278,1.9101040879184612],[101.32722071186464,1.910013690912725],[101.32713086942421,1.9100138133568068],[101.3271307477365,1.9099234163451677],[101.32695106284773,1.9099236612075838],[101.32695094117518,1.9098332641842444],[101.32686109872682,1.9098333866025785],[101.32686097706474,1.909742989573337],[101.32668129216006,1.9097432343842615],[101.32668117051313,1.909652837343321],[101.32659132805684,1.9096529597359115],[101.32659120642036,1.9095625626890695],[101.32650136396296,1.9095626850711476],[101.32650124233695,1.9094722880184052],[101.32641139987848,1.9094724103899694],[101.3264112782629,1.909382013331326],[101.32632143580335,1.9093821356923784],[101.32632131419824,1.909291738627835],[101.32623147173761,1.9092918609783747],[101.32623135014295,1.9092014639079318],[101.32614150768124,1.9092015862479594],[101.3261412645186,1.9090207920951707],[101.32605142206047,1.9090209144188919],[101.32605130049248,1.9089305173365463],[101.3259614580333,1.908930639649756],[101.325961214924,1.9087498454731637],[101.32587137246841,1.9087499677700674],[101.32587125092708,1.90865957067582],[101.32578140847042,1.908659692962215],[101.32578128693955,1.908569295862069],[101.32560160201827,1.9085695404091279],[101.32560172353979,1.9086599375208644],[101.32551188106581,1.9086600597931194],[101.32551197723134,1.9087315945368892],[101.32552620379994,1.9087458306930276],[101.32572166631593,1.9089413753338373],[101.32581972470936,1.9091370156114928],[101.32601484779327,1.9092347171894188],[101.32611290618675,1.9094303574670743],[101.32630836874588,1.9096259145497794],[101.32640645186206,1.9098215423643865],[101.32660155018007,1.9099192439634658],[101.32679667322083,1.910016933099497],[101.3282609077815,1.9109943026228822],[101.32845603082225,1.9110919917589126],[101.32865078962188,1.9110918254113185],[101.32874853330597,1.911189610163042],[101.32894365634672,1.9112872992990728],[101.32923615878727,1.9113849052613066],[101.32952832175259,1.9113846557187613],[101.32972344483649,1.9114823572966875],[101.32991820363611,1.9114821909490927],[101.33011298720163,1.9114820245803448],[101.33030811024237,1.911579713716376],[101.33038479022814,1.911579648222384],[101.33081652312768,1.9115792794702149],[101.33081647759009,1.911545534418764]]]}},{"type":"Feature","properties":{"id":"kota-dumai-sungai-sembilan-kelurahan-sungai-geniot","village":"Kelurahan Sungai Geniot","district":"Sungai Sembilan","regency":"Kota Dumai","administrativeCode":"14.72.04.1006","boundarySource":"Perwali Kota Dumai Nomor 40 Tahun 2025","change":"accretion","baseline":"2016","current":"2025","confidence":"rendah","resolutionM":10,"uncertaintyM":14.1,"imageDerivedBeforeBoundaryClip":true,"administrativeBoundaryUsedForAttribution":true,"administrativeSeawardBoundaryUsedForClipping":false,"lockedInterVillageBoundary":true},"geometry":{"type":"Polygon","coordinates":[[[101.3255120025884,1.9087504569105482],[101.32542216010398,1.9087505791838841],[101.32542228162762,1.908840976307005],[101.32551212411676,1.908840854027874],[101.32551236719075,1.9090216482622162],[101.32560220968345,1.9090215259667813],[101.32560233123378,1.9091119230780023],[101.3256921737254,1.909111800772058],[101.32569253842506,1.9093829920877174],[101.32578238092495,1.9093828697596706],[101.32578250250774,1.9094732668588892],[101.32587234500659,1.909473144520332],[101.32587246659979,1.9095635416136518],[101.32596230909755,1.909563419264583],[101.32596243070124,1.9096538163520032],[101.32605227319792,1.909653693992423],[101.32605239481204,1.9097440910739438],[101.32614223730764,1.9097439687038513],[101.3261423589322,1.9098343657794725],[101.32623220142672,1.9098342433988675],[101.32623232306176,1.909924640468589],[101.32641200804287,1.9099243956816363],[101.32641212969305,1.91001479273966],[101.32650197217963,1.9100146703333116],[101.32650209384028,1.910105067385435],[101.3266817788055,1.9101048225469923],[101.32668190048129,1.9101952195874177],[101.32677174295993,1.910195097155323],[101.32677186464618,1.9102854941898468],[101.32695154959556,1.9102852492999098],[101.32695167129695,1.9103756463227328],[101.32704151376768,1.91037552386489],[101.32704163547952,1.9104659208818118],[101.32713147794917,1.9104657984134525],[101.32713159967147,1.9105561954244719],[101.32722144214004,1.9105560729455953],[101.32722156387281,1.9106464699507129],[101.32731140634029,1.9106463474613193],[101.3273116498325,1.9108271414596454],[101.32740149230358,1.9108270189539345],[101.32740161406304,1.9109174159471436],[101.32749145653304,1.9109172934309133],[101.32749157830295,1.9110076904182194],[101.32758142077189,1.9110075678914706],[101.32758154255227,1.9110979648728728],[101.32767138502011,1.9110978423356044],[101.32767150681093,1.9111882393111035],[101.3277613492777,1.911188116763315],[101.32776147107901,1.911278513732911],[101.3278513135447,1.9112783911746023],[101.32785143535646,1.9113687881382933],[101.32794127782104,1.911368665569465],[101.32794115600461,1.9112782686115743],[101.3282106833497,1.9112779008941716],[101.32821056152495,1.9111875039535824],[101.3283004039571,1.911187381377477],[101.32830052578656,1.911277778312265],[101.32839036821758,1.911277655725638],[101.32839049005749,1.9113680526545203],[101.32848033248749,1.9113679300573712],[101.32848057619398,1.9115487239032214],[101.32857041862756,1.911548601289748],[101.32857054049418,1.9116389982067152],[101.32866038292666,1.9116388755827187],[101.32866050480374,1.9117292724937802],[101.32875034723516,1.9117291498592592],[101.32875022535339,1.9116387529540007],[101.32892991018952,1.9116385076824032],[101.32893003208068,1.911728904576055],[101.32910971690308,1.9117286592739682],[101.32910959500255,1.911638262391923],[101.32928927979248,1.9116380170825606],[101.32928940170238,1.9117284139529973],[101.3294690864786,1.911728168613143],[101.32946920840368,1.911818565471866],[101.32964889316618,1.9118183201015182],[101.32964901510641,1.9119087169485287],[101.3299185422209,1.9119083488401813],[101.32991842026661,1.9118179520105891],[101.33036763198508,1.9118173384312827],[101.3303675100131,1.911726941630619],[101.33054719465063,1.9117266961774644],[101.33054731663204,1.9118170929665133],[101.33072700125587,1.9118168474828598],[101.33072687926511,1.911726450705426],[101.33081672156366,1.9117263279623258],[101.33081652312768,1.9115792794702149],[101.33038479022814,1.911579648222384],[101.33030811024237,1.911579713716376],[101.33011298720163,1.9114820245803448],[101.32991820363611,1.9114821909490927],[101.32972344483649,1.9114823572966875],[101.32952832175259,1.9113846557187613],[101.32923615878727,1.9113849052613066],[101.32894365634672,1.9112872992990728],[101.32874853330597,1.911189610163042],[101.32865078962188,1.9110918254113185],[101.32845603082225,1.9110919917589126],[101.3282609077815,1.9109943026228822],[101.32679667322083,1.910016933099497],[101.32660155018007,1.9099192439634658],[101.32640645186206,1.9098215423643865],[101.32630836874588,1.9096259145497794],[101.32611290618675,1.9094303574670743],[101.32601484779327,1.9092347171894188],[101.32581972470936,1.9091370156114928],[101.32572166631593,1.9089413753338373],[101.32552620379994,1.9087458306930276],[101.32551197723134,1.9087315945368892],[101.3255120025884,1.9087504569105482]]]}},{"type":"Feature","properties":{"id":"kota-dumai-sungai-sembilan-kelurahan-basilam-baru","village":"Kelurahan Basilam Baru","district":"Sungai Sembilan","regency":"Kota Dumai","administrativeCode":"14.72.04.1004","boundarySource":"Perwali Kota Dumai Nomor 39 Tahun 2025","change":"accretion","baseline":"2016","current":"2025","confidence":"rendah","resolutionM":10,"uncertaintyM":14.1,"imageDerivedBeforeBoundaryClip":true,"administrativeBoundaryUsedForAttribution":true,"administrativeSeawardBoundaryUsedForClipping":false,"lockedInterVillageBoundary":true},"geometry":{"type":"Polygon","coordinates":[[[101.35342265729288,1.8864749532506762],[101.35342253574886,1.886384557921043],[101.35351237527333,1.8863844356256856],[101.35351225373051,1.8862940403018145],[101.35342241421068,1.8862941625913072],[101.35342229267835,1.8862037672614693],[101.35333245315732,1.8862038895404394],[101.3533323316354,1.8861134942046356],[101.35324249211317,1.8861136164730843],[101.35324237060176,1.8860232211313148],[101.35315253107831,1.8860233433892426],[101.35315265258512,1.8861137387368763],[101.35306281305117,1.8861138609960106],[101.35306305607303,1.8862946517026997],[101.3531528956162,1.8862945294318383],[101.35315301714047,1.886384924779166],[101.35333269621857,1.8863846802117417],[101.35333281775796,1.8864750755472393],[101.35342265729288,1.8864749532506762]]]}},{"type":"Feature","properties":{"id":"kota-dumai-sungai-sembilan-kelurahan-basilam-baru","village":"Kelurahan Basilam Baru","district":"Sungai Sembilan","regency":"Kota Dumai","administrativeCode":"14.72.04.1004","boundarySource":"Perwali Kota Dumai Nomor 39 Tahun 2025","change":"accretion","baseline":"2016","current":"2025","confidence":"rendah","resolutionM":10,"uncertaintyM":14.1,"imageDerivedBeforeBoundaryClip":true,"administrativeBoundaryUsedForAttribution":true,"administrativeSeawardBoundaryUsedForClipping":false,"lockedInterVillageBoundary":true},"geometry":{"type":"Polygon","coordinates":[[[101.34021569974604,1.886131296100444],[101.34021557890577,1.8860408999107592],[101.34030541926703,1.8860407783234583],[101.34030529842792,1.885950382139502],[101.3402154580713,1.8859505037209712],[101.34021533724263,1.8858601075310826],[101.34012549688484,1.8858602291020636],[101.34012561770888,1.8859506252977836],[101.34003577734065,1.8859507468699388],[101.34003589816588,1.8860411430713888],[101.34012573853873,1.8860410214934022],[101.34012585937438,1.8861314176889188],[101.34021569974604,1.886131296100444]]]}},{"type":"Feature","properties":{"id":"kota-dumai-sungai-sembilan-kelurahan-basilam-baru","village":"Kelurahan Basilam Baru","district":"Sungai Sembilan","regency":"Kota Dumai","administrativeCode":"14.72.04.1004","boundarySource":"Perwali Kota Dumai Nomor 39 Tahun 2025","change":"accretion","baseline":"2016","current":"2025","confidence":"rendah","resolutionM":10,"uncertaintyM":14.1,"imageDerivedBeforeBoundaryClip":true,"administrativeBoundaryUsedForAttribution":true,"administrativeSeawardBoundaryUsedForClipping":false,"lockedInterVillageBoundary":true},"geometry":{"type":"Polygon","coordinates":[[[101.35368853166385,1.883762726927476],[101.353688410281,1.8836723316123767],[101.35377824964918,1.8836722094789995],[101.35377812826754,1.8835818141696639],[101.35386796762526,1.8835816920375008],[101.35386784624484,1.883491296733928],[101.35377800689174,1.883491418860226],[101.35377788552177,1.883401023550686],[101.35368804616745,1.8834011456664677],[101.35368816753281,1.8834915409818727],[101.35359832816805,1.8834916630988696],[101.35359844953462,1.883582058420037],[101.35350861015937,1.8835821805382473],[101.35350873152714,1.8836725758651771],[101.353598570907,1.883672453741103],[101.35359869228522,1.8837628490620675],[101.35368853166385,1.883762726927476]]]}},{"type":"Feature","properties":{"id":"kota-dumai-sungai-sembilan-kelurahan-basilam-baru","village":"Kelurahan Basilam Baru","district":"Sungai Sembilan","regency":"Kota Dumai","administrativeCode":"14.72.04.1004","boundarySource":"Perwali Kota Dumai Nomor 39 Tahun 2025","change":"accretion","baseline":"2016","current":"2025","confidence":"rendah","resolutionM":10,"uncertaintyM":14.1,"imageDerivedBeforeBoundaryClip":true,"administrativeBoundaryUsedForAttribution":true,"administrativeSeawardBoundaryUsedForClipping":false,"lockedInterVillageBoundary":true},"geometry":{"type":"Polygon","coordinates":[[[101.35386772487026,1.8834009014302533],[101.35386760350148,1.8833105061264772],[101.35395744283952,1.8833103840072594],[101.35395732147197,1.883219988709247],[101.35386748213858,1.883220110822599],[101.3538673607815,1.8831297155186186],[101.3537775214469,1.8831298376214547],[101.35377764279937,1.8832202329313008],[101.35368780345429,1.883220355035353],[101.35368792480797,1.8833107503509614],[101.35377776415764,1.8833106282410443],[101.35377788552177,1.883401023550686],[101.35386772487026,1.8834009014302533]]]}},{"type":"Feature","properties":{"id":"kota-dumai-sungai-sembilan-kelurahan-basilam-baru","village":"Kelurahan Basilam Baru","district":"Sungai Sembilan","regency":"Kota Dumai","administrativeCode":"14.72.04.1004","boundarySource":"Perwali Kota Dumai Nomor 39 Tahun 2025","change":"accretion","baseline":"2016","current":"2025","confidence":"rendah","resolutionM":10,"uncertaintyM":14.1,"imageDerivedBeforeBoundaryClip":true,"administrativeBoundaryUsedForAttribution":true,"administrativeSeawardBoundaryUsedForClipping":false,"lockedInterVillageBoundary":true},"geometry":{"type":"Polygon","coordinates":[[[101.34281430237274,1.8810655907050187],[101.34281418172348,1.8809751946788382],[101.34290402165755,1.8809750732834098],[101.34290390100949,1.880884677262966],[101.34281406108006,1.880884798652556],[101.34281394044245,1.880794402626172],[101.34272410051182,1.8807945240052792],[101.34272422114482,1.8808849200375013],[101.34263438120377,1.8808850414178022],[101.34263450183796,1.8809754374557601],[101.34272434178362,1.8809753160696219],[101.34272446242825,1.8810657121016403],[101.34281430237274,1.8810655907050187]]]}},{"type":"Feature","properties":{"id":"kota-dumai-sungai-sembilan-kelurahan-basilam-baru","village":"Kelurahan Basilam Baru","district":"Sungai Sembilan","regency":"Kota Dumai","administrativeCode":"14.72.04.1004","boundarySource":"Perwali Kota Dumai Nomor 39 Tahun 2025","change":"accretion","baseline":"2016","current":"2025","confidence":"rendah","resolutionM":10,"uncertaintyM":14.1,"imageDerivedBeforeBoundaryClip":true,"administrativeBoundaryUsedForAttribution":true,"administrativeSeawardBoundaryUsedForClipping":false,"lockedInterVillageBoundary":true},"geometry":{"type":"Polygon","coordinates":[[[101.34335141178381,1.8796185263571614],[101.34335129119984,1.8795281303643856],[101.3434411310252,1.8795280090345197],[101.34344101044242,1.8794376130474815],[101.34335117062167,1.879437734371508],[101.34335105004932,1.8793473383785293],[101.34326121022737,1.8793474596920756],[101.3432613307951,1.8794378556908944],[101.34317149096273,1.8794379770056382],[101.34317161153167,1.8795283730101942],[101.34326145136866,1.8795282516896106],[101.34326157194802,1.8796186476882253],[101.34335141178381,1.8796185263571614]]]}},{"type":"Feature","properties":{"id":"kota-dumai-sungai-sembilan-kelurahan-basilam-baru","village":"Kelurahan Basilam Baru","district":"Sungai Sembilan","regency":"Kota Dumai","administrativeCode":"14.72.04.1004","boundarySource":"Perwali Kota Dumai Nomor 39 Tahun 2025","change":"accretion","baseline":"2016","current":"2025","confidence":"rendah","resolutionM":10,"uncertaintyM":14.1,"imageDerivedBeforeBoundaryClip":true,"administrativeBoundaryUsedForAttribution":true,"administrativeSeawardBoundaryUsedForClipping":false,"lockedInterVillageBoundary":true},"geometry":{"type":"Polygon","coordinates":[[[101.3562882873735,1.8796010062291986],[101.35628816612532,1.8795106110795934],[101.35637800511176,1.8795104890814236],[101.35637788386481,1.8794200939375894],[101.35646772284082,1.8794199719406501],[101.35646760159509,1.879329576802586],[101.35655744056065,1.8793294548068784],[101.35655731931614,1.879239059674584],[101.3564674803552,1.87923918166442],[101.35646735912117,1.8791487865261518],[101.35637752015901,1.8791489085054758],[101.35637764138843,1.8792393036496153],[101.35628780241582,1.8792394256301703],[101.35628792364648,1.8793298207800797],[101.3561980846634,1.8793299427618666],[101.35619820589531,1.8794203379175454],[101.3561083669018,1.8794204599005624],[101.3561084881349,1.8795108550620108],[101.35619832713303,1.8795107330731227],[101.3561984483766,1.8796011282285985],[101.3562882873735,1.8796010062291986]]]}},{"type":"Feature","properties":{"id":"kota-dumai-sungai-sembilan-kelurahan-basilam-baru","village":"Kelurahan Basilam Baru","district":"Sungai Sembilan","regency":"Kota Dumai","administrativeCode":"14.72.04.1004","boundarySource":"Perwali Kota Dumai Nomor 39 Tahun 2025","change":"accretion","baseline":"2016","current":"2025","confidence":"rendah","resolutionM":10,"uncertaintyM":14.1,"imageDerivedBeforeBoundaryClip":true,"administrativeBoundaryUsedForAttribution":true,"administrativeSeawardBoundaryUsedForClipping":false,"lockedInterVillageBoundary":true},"geometry":{"type":"Polygon","coordinates":[[[101.34344088986545,1.8793472170603425],[101.34344076929429,1.8792568210731007],[101.34353060910001,1.8792566997561129],[101.34353048853004,1.8791663037746096],[101.34362032832533,1.8791661824588208],[101.34361972553963,1.8787142025789796],[101.34370956530603,1.8787140812877507],[101.34370944476174,1.878623685317318],[101.34379928451774,1.8786235640272906],[101.34379916397462,1.8785331680625958],[101.34370932422321,1.8785332893467837],[101.34370920369052,1.878442893376147],[101.3435295241795,1.8784431359189262],[101.34352964470298,1.8785335319012417],[101.34343980493416,1.8785336531715136],[101.34343992545882,1.8786240491595676],[101.3433500856796,1.87862417043104],[101.34335080892203,1.8791665463922664],[101.3432609691093,1.879166667694135],[101.34326108966542,1.8792570636931565],[101.34335092948277,1.8792569423854493],[101.34335105004932,1.8793473383785293],[101.34344088986545,1.8793472170603425]]]}},{"type":"Feature","properties":{"id":"kota-dumai-sungai-sembilan-kelurahan-basilam-baru","village":"Kelurahan Basilam Baru","district":"Sungai Sembilan","regency":"Kota Dumai","administrativeCode":"14.72.04.1004","boundarySource":"Perwali Kota Dumai Nomor 39 Tahun 2025","change":"accretion","baseline":"2016","current":"2025","confidence":"rendah","resolutionM":10,"uncertaintyM":14.1,"imageDerivedBeforeBoundaryClip":true,"administrativeBoundaryUsedForAttribution":true,"administrativeSeawardBoundaryUsedForClipping":false,"lockedInterVillageBoundary":true},"geometry":{"type":"Polygon","coordinates":[[[101.34397872291343,1.878442529527191],[101.34397860237272,1.878352133573975],[101.34406844209748,1.8783520122875537],[101.34406832155796,1.8782616163400776],[101.34415816127228,1.8782614950548588],[101.34415804073396,1.8781710991131215],[101.34406820102424,1.8781712203924992],[101.34406808049634,1.8780808244448195],[101.34397824078543,1.878080945713718],[101.34397836130871,1.8781713416672385],[101.34388852158737,1.8781714629373405],[101.34388864211186,1.8782618588966002],[101.34379880238012,1.878261980167904],[101.34379892290582,1.8783523761329035],[101.34388876264217,1.878352254855758],[101.3438888831783,1.8784426508148147],[101.34397872291343,1.878442529527191]]]}},{"type":"Feature","properties":{"id":"kota-dumai-sungai-sembilan-kelurahan-basilam-baru","village":"Kelurahan Basilam Baru","district":"Sungai Sembilan","regency":"Kota Dumai","administrativeCode":"14.72.04.1004","boundarySource":"Perwali Kota Dumai Nomor 39 Tahun 2025","change":"accretion","baseline":"2016","current":"2025","confidence":"rendah","resolutionM":10,"uncertaintyM":14.1,"imageDerivedBeforeBoundaryClip":true,"administrativeBoundaryUsedForAttribution":true,"administrativeSeawardBoundaryUsedForClipping":false,"lockedInterVillageBoundary":true},"geometry":{"type":"Polygon","coordinates":[[[101.34505390658185,1.8762715724912433],[101.34505378612532,1.8761811766056966],[101.34514362566978,1.8761810554038632],[101.34514338476498,1.8760002636441533],[101.34505354522976,1.8760003848342988],[101.34505342479069,1.8759099889484483],[101.34496358525428,1.8759101101281184],[101.34496370568874,1.876000506019812],[101.3448738661419,1.876000627200693],[101.34487410701904,1.8761814189954635],[101.34496394657508,1.8761812978028958],[101.34496406702699,1.8762716936942865],[101.34505390658185,1.8762715724912433]]]}},{"type":"Feature","properties":{"id":"kota-dumai-sungai-sembilan-kelurahan-basilam-baru","village":"Kelurahan Basilam Baru","district":"Sungai Sembilan","regency":"Kota Dumai","administrativeCode":"14.72.04.1004","boundarySource":"Perwali Kota Dumai Nomor 39 Tahun 2025","change":"accretion","baseline":"2016","current":"2025","confidence":"rendah","resolutionM":10,"uncertaintyM":14.1,"imageDerivedBeforeBoundaryClip":true,"administrativeBoundaryUsedForAttribution":true,"administrativeSeawardBoundaryUsedForClipping":false,"lockedInterVillageBoundary":true},"geometry":{"type":"Polygon","coordinates":[[[101.34541193983874,1.875276733143283],[101.3454118194278,1.8751863372799968],[101.34550165889833,1.8751862161239221],[101.34550153848858,1.8750958202663788],[101.34559137794871,1.8750956991115186],[101.34559125754015,1.8750053032597183],[101.34550141808461,1.8750054244087342],[101.34550129768651,1.874915028550988],[101.34541145822979,1.8749151496895287],[101.34541157862328,1.87500554555312],[101.34532173915615,1.8750056666928754],[101.34532185955088,1.8750960625622088],[101.34523202007331,1.8750961837031779],[101.34523214046925,1.8751865795782543],[101.34532197995141,1.8751864584314406],[101.34532210035778,1.875276854300571],[101.34541193983874,1.875276733143283]]]}},{"type":"Feature","properties":{"id":"kota-dumai-sungai-sembilan-kelurahan-basilam-baru","village":"Kelurahan Basilam Baru","district":"Sungai Sembilan","regency":"Kota Dumai","administrativeCode":"14.72.04.1004","boundarySource":"Perwali Kota Dumai Nomor 39 Tahun 2025","change":"accretion","baseline":"2016","current":"2025","confidence":"rendah","resolutionM":10,"uncertaintyM":14.1,"imageDerivedBeforeBoundaryClip":true,"administrativeBoundaryUsedForAttribution":true,"administrativeSeawardBoundaryUsedForClipping":false,"lockedInterVillageBoundary":true},"geometry":{"type":"Polygon","coordinates":[[[101.34576997330122,1.874281894223269],[101.3457698529358,1.8741914983822465],[101.34585969233248,1.8741913772719503],[101.34585945160993,1.8740105856012927],[101.34594929099158,1.8740104644980593],[101.3459490502831,1.8738296728386874],[101.34603888964976,1.8738295517425176],[101.34603852861683,1.8735583642702374],[101.345948689264,1.8735584853488687],[101.34594856893592,1.8734680895187266],[101.34585872958186,1.8734682105868872],[101.34585884990531,1.8735586064228742],[101.34576901054086,1.8735587274922534],[101.34576937153237,1.8738299150171451],[101.34567953214828,1.8738300360994329],[101.34567977282917,1.8740108277938767],[101.34558993343008,1.8740109488832275],[101.34559017412501,1.8741917405889568],[101.34568001353333,1.8741916194879158],[101.3456801338941,1.8742820153347828],[101.34576997330122,1.874281894223269]]]}},{"type":"Feature","properties":{"id":"kota-dumai-sungai-sembilan-kelurahan-basilam-baru","village":"Kelurahan Basilam Baru","district":"Sungai Sembilan","regency":"Kota Dumai","administrativeCode":"14.72.04.1004","boundarySource":"Perwali Kota Dumai Nomor 39 Tahun 2025","change":"accretion","baseline":"2016","current":"2025","confidence":"rendah","resolutionM":10,"uncertaintyM":14.1,"imageDerivedBeforeBoundaryClip":true,"administrativeBoundaryUsedForAttribution":true,"administrativeSeawardBoundaryUsedForClipping":false,"lockedInterVillageBoundary":true},"geometry":{"type":"Polygon","coordinates":[[[101.34621784629697,1.8732869346609797],[101.34621772597256,1.8731965388480718],[101.34630756528955,1.873196417778947],[101.34630744496637,1.873106021971785],[101.34639728427295,1.8731059009038815],[101.34639716395098,1.873015505102464],[101.346307324649,1.8730156261645212],[101.34630720433744,1.872925230357156],[101.34621736503422,1.8729253514087412],[101.34621748534119,1.873015747221953],[101.34612764602754,1.8730158682747595],[101.34612776633571,1.8731062640937157],[101.3460379270117,1.873106385147744],[101.3460380473211,1.8731967809724452],[101.34612788664974,1.8731966599125716],[101.34612800696954,1.873287055731325],[101.34621784629697,1.8732869346609797]]]}},{"type":"Feature","properties":{"id":"kota-dumai-sungai-sembilan-kelurahan-basilam-baru","village":"Kelurahan Basilam Baru","district":"Sungai Sembilan","regency":"Kota Dumai","administrativeCode":"14.72.04.1004","boundarySource":"Perwali Kota Dumai Nomor 39 Tahun 2025","change":"accretion","baseline":"2016","current":"2025","confidence":"rendah","resolutionM":10,"uncertaintyM":14.1,"imageDerivedBeforeBoundaryClip":true,"administrativeBoundaryUsedForAttribution":true,"administrativeSeawardBoundaryUsedForClipping":false,"lockedInterVillageBoundary":true},"geometry":{"type":"Polygon","coordinates":[[[101.3470229117366,1.8706643677304482],[101.34702279153956,1.8705739719672312],[101.34711263067099,1.8705738510260843],[101.34711251047517,1.8704834552686145],[101.3472023495962,1.8704833343286975],[101.34720210921283,1.8703025428251514],[101.34729194831887,1.8703024218923134],[101.3472915877737,1.8700312346537835],[101.34720174868146,1.8700313555690744],[101.34720162851596,1.8699409598168466],[101.34711178942248,1.8699410807216719],[101.34711190958339,1.8700314764797483],[101.3470220704795,1.8700315973858044],[101.34702255116294,1.8703931804404932],[101.34693271203486,1.870393301365325],[101.3469328322157,1.8704836971345926],[101.3468429930772,1.8704838180606536],[101.34684311325924,1.8705742138356682],[101.34693295240231,1.8705740929037598],[101.34693307259477,1.8706644886728252],[101.3470229117366,1.8706643677304482]]]}}]}