{"type":"FeatureCollection","name":"Batas_Provinsi_Riau_Derived","metadata":{"derivedFrom":"Batas Administrasi Desa Riau","operation":"dissolve and topology-preserving simplify","simplifyToleranceDegrees":0.0015,"intendedUse":"Inset and public cartographic context; not an authoritative legal boundary"},"features":[{"type":"Feature","properties":{"NAMA_PROP":"RIAU","SUMBER":"Turunan dissolve Batas Administrasi Desa Riau","STATUS":"Referensi kartografis, bukan batas hukum resmi"},"geometry":{"type":"MultiPolygon","coordinates":[[[[100.45299773400012,0.4157260130000964],[100.44364650500063,0.417745879000222],[100.43519299500093,0.4140053870008842],[100.4291333960009,0.4220100400008846],[100.42023102700034,0.4242231630002493],[100.41596771000013,0.4177082130001395],[100.38929014520039,0.40709372022030266],[100.38179014520034,0.39379372022011694],[100.37639823200033,0.38969183800031715],[100.36597715400029,0.39493298500025276],[100.36157700200039,0.38902825400026586],[100.35188912900043,0.38908436200028973],[100.34999394700026,0.3828502090000825],[100.34588887800015,0.3805556030001185],[100.32326605700018,0.40044091000009985],[100.30205331300027,0.3963984090001986],[100.29493371100023,0.40077239400017106],[100.28869560300029,0.39926473400009854],[100.28625458500011,0.40431023900021046],[100.27979600300023,0.40807567000013023],[100.26947963500015,0.42040012600023147],[100.25611111100022,0.44805555600015623],[100.24045342200026,0.47100897700011046],[100.23570299600016,0.4746746600001188],[100.2353289470002,0.47819072100014637],[100.24027781000012,0.48777775700023085],[100.23809691100024,0.4925168040002177],[100.22436930700019,0.5028405620001308],[100.22130210400019,0.515146778000144],[100.22659014520013,0.5269937202201049],[100.2371901452002,0.5303937202200473],[100.23989014520032,0.5325937202201771],[100.23969014520026,0.5364937202200241],[100.21699014520009,0.5763937202200182],[100.21109014520009,0.5794937202200181],[100.20679014520009,0.5972937202200193],[100.20699014520008,0.6059937202200185],[100.21589014520009,0.6294937202200188],[100.23149014520008,0.6586937202200183],[100.24289014520009,0.6701937202200181],[100.24919014520009,0.6728937202200189],[100.27989014520008,0.6792937202200182],[100.28499014520008,0.6833937202200193],[100.28519014520009,0.6882937202200186],[100.26919014520008,0.7073937202200185],[100.26829014520008,0.7109937202200189],[100.27339014520008,0.7277937202200189],[100.26009014520008,0.7337937202200191],[100.23629014520009,0.7360937202200191],[100.20529014520008,0.7558937202200191],[100.18239014520009,0.7618937202200193],[100.17139014520009,0.7789937202200186],[100.16079014520008,0.7891937202200179],[100.1572901452001,0.7989937202200181],[100.14729014520009,0.8050937202200181],[100.1375901452001,0.8064937202200184],[100.12259014520009,0.819193720220019],[100.12129014520009,0.8345937202200187],[100.13669014520009,0.8392937202200184],[100.13489014520009,0.8449937202200193],[100.13739014520009,0.8578937202200176],[100.1328901452001,0.864593720220018],[100.13909014520009,0.8885937202200189],[100.14379014520009,0.8978937202200186],[100.14049014520009,0.9001937202200185],[100.1315901452001,0.8978937202200186],[100.13169014520008,0.9016937202200186],[100.12789014520008,0.9046937202200187],[100.11179014520009,0.9009937202200184],[100.09749014520008,0.9097937202200193],[100.08779014520009,0.9284937202200183],[100.09229014520008,0.9294937202200177],[100.09239014520008,0.9413937202200184],[100.14639014520009,0.941593720220018],[100.1457901452001,0.9554937202200193],[100.14799014520008,0.9618937202200186],[100.14679014520009,0.9743937202200179],[100.14369014520008,0.975893720220018],[100.14549014520009,0.9858937202200178],[100.15269014520008,0.9907937202200188],[100.15549014520009,0.9898937202200191],[100.15509014520009,0.9939937202200184],[100.16479014520009,1.0018937202200178],[100.14939014520009,1.0106937202200186],[100.14769014520009,1.0242937202200189],[100.14169014520009,1.0347937202200193],[100.14159014520008,1.0570937202200188],[100.13769014520008,1.0644937202200193],[100.12339014520009,1.0618937202200183],[100.11869014520009,1.066893720220019],[100.12039014520009,1.0842937202200194],[100.11639014520009,1.0929937202200186],[100.11719014520008,1.0957937202200192],[100.12889014520009,1.1022937202200183],[100.13359014520009,1.1083937202200183],[100.14869014520009,1.1166937202200184],[100.16009014520009,1.1154937202200177],[100.1688901452001,1.1184937202200178],[100.17389014520009,1.117693720220018],[100.18019014520009,1.1195937202200188],[100.18369014520009,1.1248937202200189],[100.17799014520008,1.1284937202200194],[100.1748901452001,1.1346937202200191],[100.1654901452001,1.134793720220019],[100.16259014520008,1.140893720220019],[100.16019014520009,1.1556937202200182],[100.16639014520008,1.1689937202200191],[100.15979014520009,1.1730937202200185],[100.13969014520009,1.1767937202200187],[100.12159014520009,1.1997937202200184],[100.12529014520008,1.206093720220018],[100.11869014520009,1.2184937202200192],[100.11999014520009,1.2362937202200186],[100.12579014520009,1.255893720220019],[100.12079014520009,1.2615937202200183],[100.11529014520009,1.2806937202200182],[100.10219014520008,1.299793720220018],[100.09429014520009,1.329893720220019],[100.07949014520008,1.345893720220019],[100.07049014520008,1.3388937202200193],[100.05779014520009,1.3463937202200178],[100.0536901452001,1.361093720220019],[100.06029014520009,1.3776937202200177],[100.07789014520009,1.3872937202200184],[100.10069014520009,1.386693720220018],[100.11229014520009,1.3896937202200181],[100.16209014520008,1.386693720220018],[100.18249014520009,1.3936937202200177],[100.19489014520009,1.3910937202200184],[100.24269014520009,1.3926937202200182],[100.24569014520009,1.3936937202200177],[100.2484901452001,1.4078937202200184],[100.26949014520008,1.4198937202200188],[100.29109014520009,1.4219937202200192],[100.30829014520009,1.414893720220018],[100.31589014520009,1.4164937202200178],[100.33469014520008,1.4276937202200184],[100.3370901452001,1.4302937202200177],[100.33459014520008,1.433993720220018],[100.33939014520008,1.437293720220019],[100.32579014520009,1.4375937202200184],[100.29719014520009,1.453393720220019],[100.28369014520008,1.4650937202200183],[100.28809014520009,1.4736937202200178],[100.2921901452001,1.4675937202200178],[100.30009014520009,1.4671937202200187],[100.31389014520009,1.469393720220019],[100.32179014520008,1.473593720220018],[100.32199014520009,1.4649937202200185],[100.31759014520009,1.451093720220019],[100.32349014520008,1.4434937202200189],[100.3276901452001,1.4466937202200185],[100.33949014520009,1.4478937202200193],[100.35179014520008,1.453393720220019],[100.38129014520008,1.4504937202200185],[100.38669014520009,1.4532937202200191],[100.39679014520009,1.465993720220018],[100.40379014520009,1.467493720220018],[100.4111901452001,1.4736937202200178],[100.42929014520008,1.4968937202200188],[100.43409014520009,1.511293720220019],[100.43409014520009,1.5212937202200187],[100.42129014520009,1.5277937202200178],[100.41559014520008,1.539893720220018],[100.43399014520008,1.5727937202200177],[100.43569014520008,1.5804937202200193],[100.44169014520008,1.5842937202200194],[100.44489014520009,1.6106937202200182],[100.45529014520008,1.629093720220018],[100.44549014520008,1.635893720220018],[100.44129014520009,1.6460937202200192],[100.4406901452001,1.652693720220018],[100.44729014520009,1.6714937202200186],[100.43149014520009,1.6822937202200183],[100.41729014520008,1.6864937202200192],[100.41069014520009,1.6962937202200177],[100.4094901452001,1.706093720220018],[100.4115901452001,1.7141937202200186],[100.42789014520008,1.7310937202200183],[100.4274901452001,1.7438937202200187],[100.42109014520008,1.7676937202200182],[100.40869014520008,1.7770937202200177],[100.39869014520009,1.780293720220019],[100.36699014520009,1.7790937202200183],[100.32079014520009,1.790693720220018],[100.29209014520009,1.8022937202200193],[100.28769014520009,1.8060937202200193],[100.28549014520009,1.8132937202200186],[100.28909014520009,1.8384937202200184],[100.31629014520009,1.8936937202200177],[100.3220901452001,1.919093720220019],[100.32269014520008,2.0182937202200186],[100.33009014520009,2.066093720220019],[100.34799014520009,2.142793720220018],[100.36829014520009,2.1784937202200183],[100.37289014520009,2.193093720220018],[100.3726901452001,2.2240937202200186],[100.31969014520008,2.3339937202200183],[100.30729014520008,2.367593720220018],[100.30129014520008,2.4279937202200177],[100.32069014520009,2.4996937202200193],[100.33749014520009,2.482993720220019],[100.34119014520009,2.4702937202200186],[100.34659014520008,2.469093720220018],[100.34659014520008,2.4664937202200186],[100.34039014520009,2.4638937202200193],[100.33989014520009,2.4587937202200187],[100.34749014520008,2.428893720220019],[100.36089014520009,2.403093720220019],[100.36179014520009,2.394393720220018],[100.3601901452001,2.3933937202200184],[100.36519014520009,2.389993720220019],[100.3734901452001,2.3696937202200186],[100.38069014520009,2.363793720220018],[100.39879014520008,2.315793720220018],[100.40769014520009,2.3083937202200193],[100.41789014520009,2.294793720220019],[100.4363901452001,2.2651937202200187],[100.47469014520009,2.2305937202200177],[100.4881901452001,2.2153937202200193],[100.49149014520009,2.2153937202200193],[100.51899014520009,2.196093720220018],[100.54829014520008,2.169893720220019],[100.56769014520009,2.1561937202200188],[100.64009014520009,2.1302937202200187],[100.6495901452001,2.125293720220018],[100.65169014520009,2.1211937202200186],[100.65399014520008,2.124893720220019],[100.68489014520009,2.1197937202200183],[100.72249014520008,2.095493720220018],[100.73669014520009,2.094093720220018],[100.7732901452001,2.0811937202200177],[100.78809014520009,2.0720937202200194],[100.80129014520008,2.054393720220018],[100.81229014520008,2.0456937202200187],[100.82789014520009,2.028093720220019],[100.8293901452001,2.0236937202200185],[100.83429014520009,2.0232937202200176],[100.86089014520009,1.990693720220019],[100.87629014520009,1.9808937202200187],[100.88729014520008,1.982693720220018],[100.8948901452001,1.9962937202200184],[100.89009014520009,2.0198937202200185],[100.88659014520009,2.022793720220019],[100.88029014520009,2.0430937202200177],[100.8430901452001,2.084093720220018],[100.80529014520027,2.1117937202201356],[100.78899014520022,2.1199937202201795],[100.78669014520017,2.127793720220211],[100.78679014520026,2.1327937202202065],[100.78559014520027,2.135593720220072],[100.78809014520021,2.13749372022005],[100.7851983804942,2.136943131984762],[100.78609014520009,2.124093720220019],[100.7518901452001,2.1550937202200178],[100.73849014520009,2.182693720220019],[100.73389014520009,2.1996937202200186],[100.73149014520008,2.2222937202200193],[100.73629014520009,2.241493720220019],[100.74669014520009,2.253693720220019],[100.75029014520008,2.2557937202200193],[100.75219014520009,2.2537937202200187],[100.76469014520009,2.2035937202200184],[100.77839014520009,2.1845937202200183],[100.77659014520009,2.164093720220018],[100.77839014520009,2.1597937202200193],[100.78129014520009,2.1837937202200184],[100.76699014520008,2.207193720220019],[100.76409014520009,2.2259937202200177],[100.77069014520009,2.2354937202200187],[100.78489014520008,2.247493720220019],[100.79709014520009,2.2668937202200183],[100.80529014520009,2.2744937202200184],[100.82089014520008,2.279593720220019],[100.84769014520009,2.2824937202200193],[100.8524901452001,2.281093720220019],[100.93609014520008,2.299293720220019],[100.96889014520009,2.297093720220019],[100.97399014520009,2.298993720220018],[100.99439014520009,2.2918937202200187],[101.02199014520009,2.290593720220018],[101.03069014520008,2.292593720220019],[101.04689014520008,2.289093720220018],[101.05609014520009,2.279493720220019],[101.05719014520008,2.2755937202200194],[101.05439014520009,2.2698937202200185],[101.05379014520008,2.259793720220019],[101.05769014520008,2.256293720220018],[101.05889014520008,2.2492937202200185],[101.06609014520009,2.237993720220018],[101.0626901452001,2.236893720220019],[101.07679014520009,2.213593720220018],[101.0952901452001,2.199493720220019],[101.0926901452001,2.1966937202200185],[101.08809014520008,2.1974937202200184],[101.08809014520008,2.1916937202200177],[101.09539014520008,2.190393720220019],[101.09839014520009,2.197693720220018],[101.10759014520009,2.191993720220019],[101.18189014520009,2.125693720220019],[101.23709014520009,2.0929937202200186],[101.26699014520008,2.0811937202200177],[101.2835901452001,2.056993720220019],[101.29939014520009,2.0457937202200185],[101.30909014520009,2.0160937202200184],[101.32049014520008,1.994893720220018],[101.3190901452001,1.978893720220018],[101.32449014520009,1.952293720220018],[101.32329014520009,1.9432937202200193],[101.32689014520008,1.937293720220019],[101.32569014520008,1.9352937202200184],[101.32949014520008,1.924393720220019],[101.33309014520009,1.898893720220018],[101.34289014520009,1.8760937202200179],[101.35059014520009,1.8454937202200181],[101.35889014520009,1.837193720220018],[101.35349014520008,1.797093720220019],[101.35479014520008,1.7939937202200191],[101.35189014520009,1.7931937202200192],[101.35309014520008,1.7854937202200176],[101.36569014520009,1.753293720220018],[101.37469014520009,1.741893720220018],[101.38129014520008,1.7264937202200183],[101.40209014520009,1.7050937202200185],[101.41439014520009,1.6952937202200182],[101.43319014520009,1.6886937202200176],[101.4736901452001,1.6853937202200182],[101.48959014520008,1.6763937202200179],[101.49139014520009,1.6725937202200178],[101.51329014520009,1.6540937202200183],[101.53129014520009,1.6456937202200184],[101.55679014520008,1.638193720220018],[101.5827901452001,1.6368937202200193],[101.58589014520008,1.6318937202200186],[101.59049014520009,1.6370937202200189],[101.61569014520009,1.642393720220019],[101.63559014520008,1.6547937202200185],[101.6688901452001,1.6653937202200186],[101.69309014520009,1.6654937202200184],[101.72359014520009,1.6713937202200189],[101.7373901452001,1.669493720220018],[101.75239014520008,1.6641937202200179],[101.7655901452001,1.6566937202200194],[101.78909014520009,1.6352937202200177],[101.79779014520008,1.6300937202200192],[101.8152901452001,1.6125937202200191],[101.8152901452001,1.6102937202200192],[101.8529901452001,1.5774937202200192],[101.87489014520008,1.560493720220018],[101.92509014520009,1.5285937202200177],[101.96709014520009,1.4911937202200178],[101.99359014520009,1.4728937202200179],[101.9954901452001,1.4678937202200188],[102.0044901452001,1.4595937202200187],[102.03379014520009,1.4423937202200179],[102.05389014520009,1.4253937202200184],[102.08969014520008,1.4017937202200184],[102.1097901452001,1.3914937202200193],[102.1234901452001,1.3896937202200181],[102.13739014520009,1.381393720220018],[102.14809014520009,1.3787937202200187],[102.15189014520008,1.3737937202200179],[102.15449014520009,1.3466937202200189],[102.14499014520008,1.2968937202200177],[102.14649014520009,1.2800937202200178],[102.14299014520009,1.2679937202200193],[102.15039014520009,1.2709937202200177],[102.14869014520009,1.2686937202200177],[102.15789014520008,1.238093720220018],[102.15889014520009,1.2230937202200192],[102.15379014520009,1.205593720220019],[102.16009014520009,1.1912937202200187],[102.15749014520009,1.1856937202200193],[102.1448901452001,1.1756937202200177],[102.14449014520008,1.169093720220019],[102.1495901452001,1.1630937202200187],[102.14969014520008,1.1566937202200194],[102.15929014520009,1.175893720220019],[102.16859014520008,1.1843937202200188],[102.1602901452001,1.2001937202200192],[102.16839014520009,1.211393720220018],[102.16849014520008,1.2280937202200182],[102.17389014520009,1.227693720220019],[102.17879014520008,1.230493720220018],[102.18999014520008,1.2216937202200189],[102.20129014520009,1.2026937202200187],[102.20389014520009,1.193893720220018],[102.1988901452001,1.1652937202200189],[102.18289014520009,1.1091937202200182],[102.18989014520008,1.0808937202200184],[102.21029014520009,1.0400937202200193],[102.21709014520009,1.0134937202200192],[102.2257901452001,1.0021937202200188],[102.23269014520008,0.986893720220019],[102.24449014520009,0.9730937202200192],[102.2698901452001,0.9516937202200193],[102.28739014520009,0.9405937202200185],[102.29689014520008,0.9379937202200193],[102.32669014520009,0.9115937202200186],[102.32849014520009,0.9046937202200187],[102.34669014520009,0.8865937202200183],[102.38429014520008,0.8332937202200181],[102.39989014520009,0.8164937202200182],[102.48109014520008,0.7630937202200183],[102.50009014520009,0.752893720220019],[102.51339014520009,0.7487937202200179],[102.54869014520008,0.7466937202200192],[102.57219014520008,0.739193720220019],[102.58799014520008,0.7377937202200187],[102.62319014520008,0.7432937202200183],[102.64379014520009,0.7511937202200176],[102.68179014520008,0.7557937202200193],[102.7137901452001,0.7510937202200179],[102.73489014520008,0.740693720220019],[102.75169014520009,0.7378937202200184],[102.75609014520009,0.7362937202200186],[102.75609014520009,0.733493720220018],[102.77449014520009,0.7298937202200193],[102.84379014520009,0.7398937202200191],[102.87979014520009,0.7338937202200189],[102.90969014520009,0.7114937202200178],[102.92649014520009,0.6862937202200179],[102.93329014520009,0.6836937202200186],[102.9462901452001,0.6660937202200188],[102.98789014520008,0.623293720220019],[103.01189014520008,0.5946937202200182],[103.02189014520009,0.5690937202200193],[103.04489014520009,0.5324937202200193],[103.08549014520008,0.49889372022001766],[103.09789014520008,0.47809372022001817],[103.10089014520008,0.46429372022001836],[103.10009014520008,0.45849372022001766],[103.09589014520009,0.45349372022001866],[103.05289014520008,0.43609372022001835],[103.01729014520009,0.41669372022001916],[102.9950901452001,0.4016937202200186],[102.94109014520009,0.3786937202200189],[102.9196901452001,0.3628937202200184],[102.89969014520008,0.3430937202200184],[102.88449014520009,0.33289372022001906],[102.8546901452001,0.3216937202200185],[102.83189014520009,0.3164937202200182],[102.78909014520009,0.2996937202200183],[102.77449014520009,0.2930937202200177],[102.75409014520008,0.2796937202200187],[102.71269014520009,0.27489372022001923],[102.69009014520009,0.2692937202200181],[102.67329014520008,0.26129372022001895],[102.65889014520009,0.2586937202200179],[102.6234901452001,0.23689372022001898],[102.60389014520008,0.23069372022001922],[102.58849014520008,0.22049372022001812],[102.57549014520009,0.2008937202200194],[102.57349014520008,0.184293720220019],[102.56449014520008,0.17449372022001874],[102.56049014520009,0.17389372022001837],[102.5506901452001,0.18349372022001909],[102.51809014520009,0.1992937202200178],[102.51269014520008,0.20469372022001764],[102.5018901452001,0.22809372022001817],[102.50289014520008,0.23969372022001778],[102.49709014520009,0.24509372022001763],[102.49569014520009,0.24989372022001888],[102.48429014520009,0.2552937202200187],[102.47349014520009,0.2519937202200193],[102.45469014520009,0.24129372022001938],[102.4496901452001,0.2426937202200179],[102.4346901452001,0.26129372022001895],[102.41989014520009,0.257893720220018],[102.41349014520009,0.25329372022001806],[102.40929014520009,0.24689372022001876],[102.40929014520009,0.23729372022001805],[102.40029014520009,0.2298937202200193],[102.39729014520009,0.22169372022001888],[102.39369014520008,0.21849372022001923],[102.38789014520009,0.21949372022001867],[102.36509014520009,0.21409372022001882],[102.35909014520008,0.21609372022001772],[102.3426901452001,0.23029372022001837],[102.32249014520009,0.23429372022001793],[102.31069014520008,0.26469372022001814],[102.30409014520009,0.27329372022001763],[102.30349014520009,0.2692937202200181],[102.31349014520009,0.24749372022001914],[102.31689014520009,0.23349372022001802],[102.32269014520008,0.22669372022001788],[102.34469014520009,0.22129372022001803],[102.36369014520008,0.20909372022001804],[102.3700901452001,0.2088937202200185],[102.40549014520009,0.21589372022001818],[102.4128901452001,0.22429372022001814],[102.41869014520009,0.24449372022001903],[102.42129014520009,0.24689372022001876],[102.43229014520008,0.24889372022001766],[102.45129014520009,0.23449372022001924],[102.45789014520008,0.23229372022001904],[102.46669014520009,0.23389372022001886],[102.47209014520008,0.2434937202200178],[102.47849014520008,0.24469372022001856],[102.49489014520009,0.22009372022001905],[102.5018901452001,0.1992937202200178],[102.50889014520008,0.19129372022001867],[102.52649014520009,0.18129372022001888],[102.54809014520009,0.1742937202200192],[102.56429014520009,0.16149372022001884],[102.57109014520009,0.1588937202200178],[102.58389014520009,0.16729372022001776],[102.58829014520009,0.17929372022001822],[102.5870901452001,0.1884937202200181],[102.59769014520009,0.2016937202200193],[102.61709014520008,0.21649372022001856],[102.65969014520009,0.2404937202200177],[102.68889014520009,0.24729372022001783],[102.71729014520008,0.24229372022001883],[102.73409014520008,0.2420937202200193],[102.75329014520008,0.24689372022001876],[102.78269014520009,0.25989372022001866],[102.79399014520008,0.2617937202200178],[102.81289014520009,0.2584937202200184],[102.82649014520008,0.25049372022001926],[102.83529014520009,0.2484937202200186],[102.85989014520008,0.257893720220018],[102.89649014520009,0.2790937202200183],[102.97729014520009,0.3181937202200178],[103.02049014520009,0.353493720220019],[103.0464901452001,0.36969372022001856],[103.09449014520008,0.3834937202200184],[103.12289014520009,0.38609372022001764],[103.1375901452001,0.39069372022001936],[103.1551901452001,0.4032937202200184],[103.17409014520008,0.4250937202200191],[103.18349014520008,0.44439372022001855],[103.18919014520009,0.4640937202200188],[103.19739014520009,0.47569372022001843],[103.22219014520009,0.486893720220019],[103.24209014520008,0.5001937202200182],[103.25429014520009,0.5035937202200191],[103.27969014520009,0.5047937202200181],[103.2925901452001,0.5091937202200185],[103.30849014520008,0.5217937202200194],[103.32569014520008,0.5441937202200187],[103.35959014520009,0.5341937202200189],[103.39119014520008,0.5290937202200183],[103.42879014520008,0.5092937202200183],[103.4625901452001,0.48529372022001915],[103.47869014520009,0.4684937202200192],[103.50039014520009,0.45219372022001814],[103.49969014520009,0.45049372022001855],[103.50669014520008,0.4497937202200184],[103.53639014520009,0.4353937202200182],[103.55869014520009,0.41289372022001913],[103.58559014520009,0.3925937202200185],[103.58859014520009,0.38769372022001924],[103.58589014520008,0.38549372022001904],[103.59129014520009,0.3776937202200177],[103.6024901452001,0.3501937202200178],[103.5994901452001,0.3358937202200192],[103.60309014520008,0.3114937202200192],[103.60189014520009,0.3062937202200189],[103.59549014520009,0.2998937202200178],[103.58199014520008,0.2962937202200191],[103.56709014520008,0.3026937202200184],[103.56079014520009,0.30109372022001857],[103.5566901452001,0.29889372022001837],[103.55349014520009,0.2926937202200186],[103.55269014520009,0.2829937202200181],[103.5558901452001,0.28209372022001844],[103.56029014520009,0.28729372022001876],[103.56219014520009,0.29479372022001904],[103.56609014520009,0.29919372022001767],[103.57829014520009,0.29449372022001796],[103.59029014520009,0.2744937202200184],[103.6234901452001,0.24649372022001792],[103.65989014520008,0.22809372022001817],[103.69589014520008,0.19469372022001785],[103.72549014520008,0.1776937202200184],[103.74989014520008,0.16569372022001794],[103.7570901452001,0.1646937202200185],[103.76699014520008,0.15839372022001896],[103.77469014520008,0.09269372022001932],[103.78169014520009,0.06129372022001789],[103.78909014520009,0.040093720220019335],[103.80689014520009,0.008493720220018375],[103.80429014520008,-0.002006279779982023],[103.8006901452001,-0.002806279779981935],[103.74569014520009,-0.006306279779980883],[103.67689014520009,-0.021606279779980753],[103.66539014520009,-0.019006279779981483],[103.6628901452001,-0.016406279779982214],[103.6491901452001,-0.016706279779981514],[103.6585901452001,-0.020706279779981074],[103.6628901452001,-0.032306279779980684],[103.67189014520008,-0.04090627977998196],[103.67249014520009,-0.04400627977998184],[103.6662901452001,-0.047806279779981864],[103.64729014520009,-0.03620627977998225],[103.63749014520009,-0.015406279779980991],[103.62539014520009,-0.01460627977998108],[103.64089014520009,-0.02560627977998209],[103.64759014520008,-0.04710627977998172],[103.64049014520009,-0.05110627977998128],[103.6217901452001,-0.042706279779981315],[103.61219014520009,-0.02950627977998188],[103.60229014520009,-0.02390627977998072],[103.6007901452001,-0.01790627977998227],[103.58789014520009,-0.02220627977998113],[103.58389014520009,-0.020406279779981773],[103.55019014520009,0.01849372022001816],[103.53299014520009,0.031093720220018994],[103.53409014520008,0.02729372022001897],[103.5446901452001,0.019293720220018074],[103.57859014520008,-0.01820627977998157],[103.58139014520009,-0.026106279779980923],[103.57449014520009,-0.029606279779981648],[103.56369014520008,-0.008206279779981784],[103.55689014520009,-0.003106279779981236],[103.55129014520008,-0.002506279779980858],[103.55989014520009,-0.009306279779980997],[103.56819014520009,-0.025106279779981477],[103.57009014520008,-0.03800627977998161],[103.58719014520008,-0.03180627977998185],[103.59339014520009,-0.034706279779982196],[103.59489014520008,-0.04510627977998105],[103.58369014520008,-0.058906279779980864],[103.57019014520009,-0.0588062797799811],[103.56079014520009,-0.05440627977998069],[103.54169014520009,-0.054906279779981304],[103.53569014520009,-0.052606279779981335],[103.52689014520008,-0.05480627977998154],[103.5228901452001,-0.05250627977998157],[103.51849014520009,-0.036806279779980855],[103.50909014520009,-0.029206279779980804],[103.50809014520009,-0.024306279779981566],[103.5048901452001,-0.022506279779982208],[103.5010901452001,-0.022606279779981975],[103.49809014520008,-0.02850627977998066],[103.50509014520009,-0.038206279779981145],[103.50689014520009,-0.051206279779981045],[103.50409014520008,-0.05700627977998174],[103.49929014520009,-0.059706279779980775],[103.48209014520009,-0.042206279779980704],[103.45169014520009,-0.025706279779981855],[103.44989014520009,-0.027906279779982057],[103.4680901452001,-0.04080627977998219],[103.4385901452001,-0.036806279779980855],[103.43989014520008,-0.04000627977998228],[103.4676901452001,-0.05010627977998183],[103.46749014520009,-0.06060627977998223],[103.47869014520009,-0.05580627977998098],[103.4834901452001,-0.05700627977998174],[103.48549014520009,-0.06300627977998197],[103.48369014520009,-0.07690627977998155],[103.49049014520008,-0.08570627977998235],[103.48799014520009,-0.08810627977998209],[103.48639014520009,-0.0975062797799815],[103.48109014520008,-0.09670627977998159],[103.47649014520009,-0.10300627977998111],[103.47159014520008,-0.10500627977998178],[103.47219014520009,-0.11130627977998131],[103.46129014520008,-0.10700627977998067],[103.44989014520009,-0.08400627977998099],[103.44729014520009,-0.08140627977998172],[103.44429014520009,-0.08340627977998061],[103.4406901452001,-0.08150627977998148],[103.4222901452001,-0.058906279779980864],[103.42589014520009,-0.0696062797799808],[103.42409014520008,-0.07190627977998076],[103.42049014520009,-0.0693062797799815],[103.41869014520009,-0.06060627977998223],[103.41529014520009,-0.06380627977998188],[103.40989014520008,-0.05750627977998235],[103.40769014520009,-0.060206279779981386],[103.41409014520009,-0.06850627977998158],[103.40649014520008,-0.07430627977998228],[103.40969014520009,-0.08380627977998145],[103.41269014520009,-0.08030627977998073],[103.41349014520009,-0.07410627977998097],[103.4175901452001,-0.07310627977998152],[103.42819014520009,-0.0781062797799823],[103.43389014520008,-0.0870062797799811],[103.43209014520009,-0.09160627977998104],[103.44569014520009,-0.09090627977998089],[103.45339014520009,-0.10680627977998114],[103.45169014520009,-0.11000627977998079],[103.46499014520009,-0.11500627977998157],[103.47019014520009,-0.1199062797799808],[103.49749014520009,-0.13460627977998207],[103.50129014520009,-0.14570627977998107],[103.49189014520009,-0.15890627977998228],[103.48369014520009,-0.16320627977998114],[103.47249014520008,-0.16430627977998213],[103.46909014520008,-0.16340627977998068],[103.45789014520008,-0.1470062797799816],[103.44809014520008,-0.14180627977998128],[103.4252901452001,-0.13880627977998117],[103.41109014520009,-0.14200627977998082],[103.4012901452001,-0.13990627977998216],[103.39649014520009,-0.13530627977998222],[103.39509014520009,-0.11200627977998145],[103.37829014520008,-0.08910627977998153],[103.37569014520008,-0.09230627977998118],[103.38769014520008,-0.11000627977998079],[103.38989014520008,-0.11620627977998232],[103.38869014520009,-0.12890627977998115],[103.39049014520009,-0.1370062797799818],[103.39509014520009,-0.1426062797799812],[103.40659014520008,-0.14830627977998212],[103.42769014520009,-0.14570627977998107],[103.43829014520009,-0.14650627977998099],[103.44589014520008,-0.14980627977998218],[103.46449014520009,-0.16970627977998198],[103.45639014520009,-0.18290627977998142],[103.43329014520009,-0.19640627977998193],[103.40409014520009,-0.22310627977998188],[103.38559014520008,-0.2308062797799817],[103.33169014520008,-0.2435062797799823],[103.3036901452001,-0.2424062797799813],[103.27969014520009,-0.23140627977998207],[103.27089014520008,-0.23040627977998085],[103.26029014520009,-0.23530627977998186],[103.25309014520009,-0.24180627977998093],[103.24409014520009,-0.26050627977998175],[103.23529014520008,-0.26610627977998114],[103.21389014520008,-0.27000627977998093],[103.20169014520009,-0.2693062797799808],[103.18969014520009,-0.2626062797799822],[103.17219014520009,-0.2609062797799808],[103.15889014520009,-0.2667062797799815],[103.16509014520008,-0.2695062797799821],[103.1765901452001,-0.2659062797799816],[103.18509014520009,-0.26630627977998067],[103.1970901452001,-0.27520627977998124],[103.21009014520008,-0.2797062797799814],[103.22899014520009,-0.2758062797799816],[103.2377901452001,-0.28400627977998205],[103.24689014520008,-0.2856062797799819],[103.24729014520008,-0.29070627977998065],[103.24029014520009,-0.2928062797799811],[103.20349014520009,-0.2977062797799821],[103.17349014520009,-0.31580627977998077],[103.16989014520009,-0.32080627977998155],[103.17249014520009,-0.3248062797799811],[103.1940901452001,-0.3126062797799811],[103.22049014520009,-0.30390627977998186],[103.25629014520008,-0.3024062797799818],[103.26529014520008,-0.30750627977998235],[103.27709014520009,-0.32250627977998114],[103.28409014520008,-0.32740627977998216],[103.30789014520009,-0.33690627977998133],[103.31949014520009,-0.34340627977998217],[103.32569014520008,-0.350006279779981],[103.3250901452001,-0.3552062797799813],[103.30789014520009,-0.37470627977998205],[103.3066901452001,-0.38280627977998094],[103.31489014520008,-0.39600627977998215],[103.33019014520009,-0.40150627977998177],[103.33419014520008,-0.4066062797799823],[103.3280901452001,-0.4376062797799811],[103.3186901452001,-0.4363062797799824],[103.33009014520009,-0.44360627977998135],[103.35029014520009,-0.4432062797799823],[103.36649014520009,-0.439506279779982],[103.37209014520009,-0.44190627977998176],[103.37509014520009,-0.44640627977998193],[103.37589014520009,-0.47450627977998217],[103.37889014520009,-0.48280627977998236],[103.38429014520008,-0.4886062797799813],[103.39109014520008,-0.5123062797799811],[103.40609014520008,-0.5260062797799812],[103.4188901452001,-0.5304062797799816],[103.42289014520009,-0.5369062797799806],[103.42709014520008,-0.5561062797799821],[103.4256901452001,-0.5684062797799818],[103.41869014520009,-0.5814062797799817],[103.41489014520009,-0.6009062797799807],[103.39669014520008,-0.6085062797799807],[103.41129014520008,-0.6088062797799818],[103.41689014520009,-0.6152062797799811],[103.40919014520009,-0.636606279779981],[103.37829014520008,-0.6486062797799814],[103.36569014520009,-0.648006279779981],[103.3760901452001,-0.6521062797799821],[103.3974901452001,-0.6500062797799817],[103.40209014520009,-0.6516062797799815],[103.41529014520009,-0.6694062797799809],[103.4132901452001,-0.6794062797799807],[103.39649014520009,-0.6926062797799819],[103.3738901452001,-0.6919062797799818],[103.34749014520008,-0.6961062797799809],[103.33009014520009,-0.6947062797799823],[103.31429014520009,-0.6988062797799817],[103.31449014520008,-0.7025062797799819],[103.34129014520009,-0.6985062797799824],[103.38469014520008,-0.6987062797799819],[103.39719014520008,-0.7108062797799821],[103.40219014520008,-0.712806279779981],[103.40449014520009,-0.7173062797799812],[103.3978901452001,-0.7195062797799814],[103.3880901452001,-0.717406279779981],[103.39709014520008,-0.7263062797799815],[103.42249014520009,-0.7405062797799822],[103.44309014520009,-0.7442062797799807],[103.44479014520009,-0.7480062797799807],[103.4423901452001,-0.7638062797799812],[103.43829014520009,-0.7711062797799819],[103.4299901452001,-0.7781062797799816],[103.40889014520009,-0.7700062797799809],[103.4017901452001,-0.7792062797799808],[103.39089014520009,-0.787506279779981],[103.3550901452001,-0.7984062797799822],[103.35099014520009,-0.7934062797799815],[103.34639014520009,-0.7792062797799808],[103.33429014520009,-0.7793062797799823],[103.32679014520009,-0.7752062797799812],[103.32709014520009,-0.7685062797799809],[103.32069014520009,-0.7667062797799815],[103.31639014520009,-0.7695062797799821],[103.31219014520009,-0.7647062797799808],[103.30259014520009,-0.7655062797799808],[103.3015901452001,-0.780206279779982],[103.29499014520009,-0.7772062797799819],[103.29079014520009,-0.7718062797799821],[103.2835901452001,-0.7769062797799808],[103.2775901452001,-0.7763062797799822],[103.27259014520008,-0.7705062797799815],[103.26059014520008,-0.7729062797799813],[103.24289014520009,-0.7699062797799812],[103.21989014520008,-0.7636062797799816],[103.20799014520009,-0.757006279779981],[103.16129014520008,-0.7535062797799821],[103.12619014520008,-0.7475062797799819],[103.11219014520009,-0.747106279779981],[103.10279014520009,-0.7540062797799809],[103.09259014520009,-0.7577062797799812],[103.05879014520009,-0.758106279779982],[103.02869014520009,-0.7546062797799813],[103.00359014520009,-0.7547062797799811],[102.92779014520009,-0.8661062797799808],[102.8507901452001,-0.9356062797799822],[102.83889014520008,-0.944106279779982],[102.83359014520009,-0.9449062797799819],[102.82609014520008,-0.9534062797799816],[102.79789014520009,-0.967406279779981],[102.78549014520009,-0.9797062797799807],[102.78489014520008,-0.9911062797799808],[102.77749014520009,-0.997106279779981],[102.7698901452001,-1.011906279779982],[102.78139014520009,-1.0234062797799819],[102.77949014520009,-1.0266062797799815],[102.7724901452001,-1.0265062797799818],[102.76679014520009,-1.029906279779981],[102.76249014520009,-1.0240062797799823],[102.75399014520009,-1.0236062797799814],[102.74979014520008,-1.0339062797799823],[102.75389014520009,-1.0419062797799814],[102.74149014520009,-1.044406279779981],[102.7313901452001,-1.0504062797799811],[102.73229014520008,-1.0639062797799816],[102.72889014520008,-1.068306279779982],[102.73079014520009,-1.0722062797799818],[102.72529014520009,-1.0760062797799819],[102.72049014520009,-1.0715062797799817],[102.71229014520009,-1.0724062797799814],[102.70699014520008,-1.077906279779981],[102.70519014520009,-1.0751062797799822],[102.70199014520009,-1.078706279779981],[102.6846901452001,-1.0789062797799822],[102.68209014520009,-1.0896062797799821],[102.67559014520009,-1.089706279779982],[102.66339014520008,-1.1111062797799818],[102.65019014520009,-1.1139062797799824],[102.64429014520009,-1.1196062797799815],[102.6380901452001,-1.1204062797799814],[102.62329014520009,-1.0978062797799808],[102.61689014520009,-1.0946062797799812],[102.58689014520009,-1.0922062797799814],[102.57369014520009,-1.0967062797799816],[102.55729014520008,-1.097706279779981],[102.55209014520008,-1.0949062797799822],[102.54869014520008,-1.0847062797799811],[102.54229014520008,-1.0833062797799808],[102.53589014520009,-1.0895062797799824],[102.51729014520009,-1.0795062797799808],[102.4954901452001,-1.0847062797799811],[102.4804901452001,-1.0791062797799817],[102.47649014520009,-1.0769062797799815],[102.4697901452001,-1.065706279779981],[102.47169014520009,-1.0613062797799824],[102.46949014520008,-1.0568062797799822],[102.4500901452001,-1.0372062797799817],[102.44249014520008,-1.0254062797799808],[102.43869014520008,-1.0254062797799808],[102.42989014520009,-1.0313062797799812],[102.42009014520009,-1.0286062797799822],[102.39249014520009,-1.0304062797799816],[102.38249014520008,-1.0266062797799815],[102.3734901452001,-1.0201062797799807],[102.37379014520009,-1.0176062797799812],[102.37749014520008,-1.0037062797799816],[102.37939014520009,-1.0010062797799808],[102.38429014520008,-1.0003062797799807],[102.38649014520009,-0.9945062797799817],[102.37509014520009,-0.9878062797799814],[102.35799014520009,-0.9682062797799809],[102.35289014520009,-0.9671062797799816],[102.35099014520009,-0.9693062797799818],[102.34419014520009,-0.9612062797799812],[102.33389014520009,-0.9612062797799812],[102.32879014520009,-0.9645062797799824],[102.32579014520009,-0.962806279779981],[102.32359014520009,-0.960506279779981],[102.32269014520008,-0.9478062797799822],[102.31129014520009,-0.9333062797799823],[102.30789014520009,-0.9177062797799813],[102.30429014520008,-0.9169062797799814],[102.28819014520009,-0.9149062797799807],[102.28339014520009,-0.9173062797799822],[102.28089014520009,-0.9155062797799811],[102.2630901452001,-0.9240062797799808],[102.25779014520009,-0.9203062797799824],[102.24929014520009,-0.9265062797799821],[102.24799014520009,-0.9315062797799811],[102.2454901452001,-0.9327062797799819],[102.23979014520009,-0.9295062797799822],[102.2180901452001,-0.9460062797799811],[102.20369014520008,-0.9474062797799814],[102.19999014520009,-0.9439062797799807],[102.1902901452001,-0.9447062797799823],[102.1893901452001,-0.9332062797799807],[102.19179014520009,-0.9292062797799812],[102.18889014520009,-0.9185062797799812],[102.17459014520009,-0.9142062797799824],[102.1731901452001,-0.9084062797799817],[102.16419014520008,-0.8999062797799819],[102.15529014520008,-0.9036062797799822],[102.14909014520009,-0.9030062797799818],[102.1448901452001,-0.8993062797799816],[102.13929014520009,-0.8994062797799813],[102.13189014520009,-0.9146062797799814],[102.11729014520009,-0.9207062797799814],[102.09679014520009,-0.9047062797799814],[102.07949014520008,-0.8996062797799809],[102.06509014520009,-0.8895062797799813],[102.05909014520009,-0.8894062797799815],[102.04399014520008,-0.8979062797799813],[102.03799014520008,-0.8941062797799813],[102.03199014520008,-0.893806279779982],[102.02669014520009,-0.885806279779981],[102.01199014520009,-0.8778062797799819],[101.99189014520009,-0.8818062797799815],[101.98369014520009,-0.8804062797799812],[101.9740901452001,-0.8857062797799813],[101.96829014520009,-0.8931062797799818],[101.96349014520008,-0.9107062797799816],[101.94589014520008,-0.9004062797799808],[101.93929014520009,-0.9068062797799818],[101.93509014520009,-0.9084062797799817],[101.92959014520008,-0.9068062797799818],[101.92109014520008,-0.9112062797799823],[101.91349014520009,-0.9214062797799816],[101.91529014520009,-0.929606279779982],[101.90759014520009,-0.9519062797799815],[101.89309014520009,-0.9566062797799813],[101.87739014520008,-0.9671062797799816],[101.85529014520009,-0.9652062797799807],[101.85239014520009,-0.9790062797799823],[101.8452901452001,-0.9832062797799814],[101.82779014520008,-0.9808062797799817],[101.80339014520008,-0.9641062797799815],[101.78369014520008,-0.9681062797799811],[101.77129014520008,-0.966606279779981],[101.7518901452001,-0.9694062797799816],[101.74159014520009,-0.9484062797799808],[101.7296901452001,-0.9518062797799818],[101.72479014520009,-0.9509062797799821],[101.7180901452001,-0.9446062797799808],[101.70219014520009,-0.9403062797799819],[101.69819014520009,-0.936906279779981],[101.7150901452001,-0.9086062797799812],[101.7137901452001,-0.869806279779981],[101.71129014520008,-0.8620062797799815],[101.71289014520009,-0.8596062797799817],[101.70199014520009,-0.8573062797799818],[101.69279014520009,-0.851106279779982],[101.67459014520009,-0.8452062797799815],[101.67519014520009,-0.842706279779982],[101.67029014520008,-0.8362062797799812],[101.64769014520009,-0.8236062797799821],[101.64299014520009,-0.8239062797799814],[101.63689014520008,-0.831306279779982],[101.61659014520009,-0.824406279779982],[101.60419014520009,-0.8262062797799814],[101.5964901452001,-0.8348062797799809],[101.5930901452001,-0.8356062797799808],[101.56229014520008,-0.8333062797799808],[101.53009014520009,-0.8098062797799823],[101.51169014520009,-0.8109062797799815],[101.50649014520009,-0.8087062797799813],[101.49799014520009,-0.800806279779982],[101.49139014520009,-0.7883062797799809],[101.48529014520008,-0.786306279779982],[101.47929014520008,-0.7790062797799813],[101.46659014520009,-0.7771062797799821],[101.45199014520009,-0.767706279779981],[101.43849014520009,-0.755506279779981],[101.43149014520009,-0.7458062797799823],[101.42719014520009,-0.7446062797799815],[101.42449014520008,-0.738306279779982],[101.4209901452001,-0.7414062797799819],[101.41829014520009,-0.7389062797799824],[101.41269014520009,-0.7425062797799811],[101.40829014520008,-0.7375062797799821],[101.39549014520009,-0.7386062797799813],[101.40609014520008,-0.7280062797799811],[101.40769014520009,-0.7207062797799821],[101.3965901452001,-0.700206279779982],[101.3751901452001,-0.7038062797799807],[101.35349014520008,-0.6845062797799812],[101.3494901452001,-0.6738062797799813],[101.36049014520009,-0.6665062797799823],[101.35939014520008,-0.659006279779982],[101.33939014520008,-0.6515062797799818],[101.33119014520008,-0.6512062797799807],[101.3195901452001,-0.6424062797799817],[101.30909014520009,-0.6277062797799822],[101.29739014520008,-0.631606279779982],[101.29199014520009,-0.6311062797799813],[101.28729014520009,-0.6256062797799817],[101.27769014520008,-0.6219062797799815],[101.25559014520009,-0.625506279779982],[101.24779014520009,-0.6176062797799808],[101.22759014520008,-0.5857062797799824],[101.22339014520009,-0.5859062797799819],[101.2116901452001,-0.5798062797799819],[101.2030901452001,-0.5816062797799813],[101.1983901452001,-0.5801062797799812],[101.18919014520009,-0.5678062797799814],[101.18079014520009,-0.5421062797799809],[101.16839014520009,-0.5417062797799819],[101.16419014520008,-0.5349062797799817],[101.14299014520009,-0.5296062797799816],[101.1221901452001,-0.5150062797799819],[101.11169014520009,-0.501706279779981],[101.09829014520008,-0.5016062797799812],[101.08489014520009,-0.5087062797799806],[101.07009014520008,-0.5012062797799821],[101.06709014520008,-0.4974062797799821],[101.06849014520009,-0.48450627977998195],[101.04889014520009,-0.4680062797799813],[101.04329014520009,-0.4493062797799823],[101.03729014520009,-0.4382062797799815],[101.03989014520009,-0.4213062797799818],[101.03849014520009,-0.41680627977998164],[101.0327901452001,-0.4127062797799823],[101.03219014520009,-0.4050062797799807],[101.02769014520008,-0.39580627977998084],[101.03119014520009,-0.39110627977998114],[101.04019014520009,-0.38690627977998204],[101.04309014520008,-0.38080627977998205],[101.03759014520008,-0.3514062797799813],[101.03249014520009,-0.34160627977998104],[101.0202901452001,-0.33770627977998124],[100.99759014520009,-0.31500627977998086],[100.99289014520009,-0.31340627977998103],[100.98369014520009,-0.315706279779981],[100.9702901452001,-0.3151062797799806],[100.96789014520009,-0.31720627977998106],[100.96219014520008,-0.3135062797799808],[100.95149014520008,-0.31470627977998156],[100.94869014520009,-0.31250627977998136],[100.94129014520009,-0.3124062797799816],[100.94089014520009,-0.31440627977998226],[100.91989014520009,-0.320606279779982],[100.9171901452001,-0.32380627977998167],[100.9012901452001,-0.32520627977998195],[100.89079014520009,-0.3315062797799815],[100.89129014520009,-0.34020627977998075],[100.88469014520008,-0.3397062797799819],[100.88679014520008,-0.33710627977998087],[100.88679014520008,-0.3271062797799811],[100.87409014520009,-0.3151062797799806],[100.87489014520008,-0.30750627977998235],[100.86259014520009,-0.2859062797799812],[100.85179014520008,-0.28650627977998155],[100.84129014520009,-0.2833062797799819],[100.83289014520008,-0.28460627977998065],[100.81669014520008,-0.2794062797799821],[100.8083901452001,-0.26990627977998116],[100.80609014520009,-0.25250627977998086],[100.80189014520009,-0.24250627977998107],[100.78299014520009,-0.22570627977998114],[100.77569014520009,-0.21490627977998145],[100.77879014520009,-0.2034062797799816],[100.7839901452001,-0.1982062797799813],[100.78369014520008,-0.18540627977998092],[100.77279014520009,-0.1794062797799807],[100.76489014520008,-0.14740627977998066],[100.7608901452001,-0.13890627977998093],[100.75439014520009,-0.1345062797799823],[100.75459014520008,-0.13080627977998205],[100.75239014520008,-0.12950627977998153],[100.75939014520009,-0.12250627977998185],[100.76109014520009,-0.11340627977998174],[100.75739014520009,-0.10770627977998082],[100.74779014520009,-0.053506279779981014],[100.74269014520009,-0.0477062797799821],[100.73629014520009,-0.045506279779981895],[100.73799014520009,-0.04090627977998196],[100.7424901452001,-0.038206279779981145],[100.75079014520009,-0.04060627977998088],[100.75599014520009,-0.04510627977998105],[100.75949014520009,-0.043206279779981926],[100.76059014520008,-0.029606279779981648],[100.77139014520009,-0.022006279779981597],[100.77719014520008,-0.029106279779981037],[100.78089014520009,-0.03010627977998226],[100.79039014520009,-0.022506279779982208],[100.79829014520008,-0.027406279779981446],[100.7998901452001,-0.032306279779980684],[100.80409014520009,-0.033706279779980974],[100.80749014520009,-0.042406279779982015],[100.81589014520009,-0.04530627977998236],[100.81769014520009,-0.03360627977998121],[100.82749014520009,-0.034206279779981585],[100.82869014520008,-0.027906279779982057],[100.8238901452001,-0.020706279779981074],[100.84279014520008,-0.005106279779981904],[100.84259014520009,0.0025937202200179144],[100.84589014520009,0.009993720220018432],[100.84409014520008,0.03129372022001853],[100.84559014520009,0.03469372022001771],[100.85259014520008,0.04029372022001887],[100.86159014520008,0.04199372022001846],[100.86479014520009,0.04729372022001854],[100.85319014520009,0.05009372022001912],[100.8452901452001,0.06289372022001771],[100.83629014520008,0.0661937202200189],[100.83549014520008,0.08489372022001795],[100.82429014520008,0.11809372022001874],[100.82499014520009,0.14329372022001863],[100.83319014520009,0.14049372022001805],[100.83829014520009,0.14299372022001933],[100.8413901452001,0.1455937202200186],[100.84219014520009,0.15429372022001786],[100.84919014520008,0.16229372022001876],[100.84899014520009,0.17509372022001912],[100.84409014520008,0.18229372022001833],[100.84629014520009,0.18919372022001824],[100.84399014520008,0.19969372022001863],[100.84619014520008,0.20679372022001807],[100.83899014520009,0.21369372022001798],[100.84229014520008,0.22459372022001922],[100.83549014520008,0.23499372022001808],[100.82659014520009,0.2392937202200187],[100.82439014520008,0.2481937202200193],[100.82019014520009,0.25159372022001847],[100.8126901452001,0.26849372022001816],[100.79969014520009,0.26989372022001845],[100.7784901452001,0.2660937202200184],[100.7450901452001,0.25029372022001795],[100.73069014520019,0.23919372022021435],[100.72399014520022,0.24179372022018697],[100.71379014520022,0.24029372022010875],[100.70239014520018,0.24779372022015878],[100.69939014520014,0.24739372022008865],[100.70139014520026,0.24159372022018033],[100.69499014520022,0.23029372022011785],[100.69454385292244,0.21631272491373466],[100.68454700000024,0.20164200000010624],[100.68685011700012,0.19027876100022922],[100.6798320000002,0.18598200100012718],[100.67270170600017,0.18527117800022097],[100.67060703200025,0.19596898500009274],[100.64727773900023,0.20333335300017552],[100.63520479400029,0.2152568260001999],[100.6264166770003,0.2194444710002017],[100.62784490100017,0.22806422000013526],[100.62569444400015,0.2342222220001986],[100.60208335000016,0.24777775300009353],[100.58778686700026,0.25150570600004585],[100.58627196800023,0.26690717900009986],[100.58185351300011,0.2791526130002353],[100.55901781100022,0.3046604290001369],[100.53405003000017,0.30437989100016694],[100.53163741200018,0.31739680200013254],[100.52361405900024,0.3191571720000752],[100.51118889200029,0.31833337000017536],[100.49596715000024,0.3050181130002443],[100.47084507300036,0.31133019200007084],[100.46705782600026,0.31461247300029527],[100.4632499990006,0.322611113999983],[100.51379014520047,0.3718937202203418],[100.46324999900065,0.32261111400003983],[100.45304500900062,0.34289059000002453],[100.43537118700056,0.3524849500001892],[100.42931159000057,0.36043817100056685],[100.43701232800055,0.384297831000481],[100.44163888600053,0.3886110910004845],[100.45455990800059,0.39389219200018033],[100.4606666430006,0.40138891300046],[100.46107719500031,0.41157406700011734],[100.45299773400012,0.4157260130000964]],[[100.77709014520009,2.157193720220018],[100.7788901452001,2.149993720220019],[100.78109014520008,2.1479937202200183],[100.77839014520009,2.1597937202200193],[100.77709014520009,2.157193720220018]],[[102.3058901452001,0.2774937202200185],[102.30889014520008,0.286093720220018],[102.30689014520009,0.2918937202200187],[102.29829014520008,0.29589372022001825],[102.27369014520009,0.2990937202200179],[102.26429014520009,0.31989372022001916],[102.25029014520008,0.31749372022001765],[102.23289014520009,0.3048937202200186],[102.22649014520009,0.30749372022001786],[102.22169014520009,0.3192937202200188],[102.21449014520009,0.3231937202200186],[102.22049014520009,0.3148937202200184],[102.22009014520009,0.3101937202200187],[102.21649014520008,0.3112937202200179],[102.2184901452001,0.3078937202200187],[102.23069014520009,0.2962937202200191],[102.23489014520008,0.2960937202200178],[102.24269014520009,0.3004937202200182],[102.24949014520008,0.3122937202200191],[102.25349014520009,0.31469372022001885],[102.25849014520008,0.3136937202200176],[102.27389014520008,0.2912937202200183],[102.27709014520009,0.28949372022001896],[102.29409014520009,0.29289372022001814],[102.29789014520009,0.28929372022001765],[102.30409014520009,0.27329372022001763],[102.3058901452001,0.2774937202200185]],[[102.2142901452001,0.31549372022001876],[102.21109014520009,0.31989372022001916],[102.21269014520009,0.3239937202200185],[102.2082901452001,0.3266937202200193],[102.18669014520009,0.33189372022001784],[102.18069014520009,0.3358937202200192],[102.17189014520008,0.34589372022001896],[102.1662901452001,0.3590937202200184],[102.16829014520009,0.3654937202200177],[102.1812901452001,0.3736937202200181],[102.18729014520008,0.3814937202200177],[102.18969014520009,0.3856937202200186],[102.1876901452001,0.3936937202200177],[102.17949014520009,0.3996937202200179],[102.16109014520009,0.40349372022001795],[102.15189014520008,0.4140937202200181],[102.14879014520008,0.4124937202200183],[102.15889014520009,0.4002937202200183],[102.1816901452001,0.3946937202200189],[102.18449014520009,0.3916937202200188],[102.18529014520009,0.38769372022001924],[102.18049014520008,0.377893720220019],[102.16409014520009,0.36749372022001836],[102.16169014520008,0.35309372022001817],[102.18009014520008,0.3316937202200183],[102.18889014520009,0.32689372022001884],[102.19989014520009,0.3250937202200177],[102.21649014520008,0.3112937202200179],[102.2142901452001,0.31549372022001876]],[[103.54859014520008,0.2852937202200181],[103.54329014520009,0.28869372022001905],[103.53749014520008,0.28869372022001905],[103.52519014520009,0.2841937202200189],[103.53249014520009,0.27989372022001824],[103.5365901452001,0.28239372022001774],[103.55269014520009,0.2829937202200181],[103.54859014520008,0.2852937202200181]],[[103.52879014520009,0.035393720220017855],[103.5168901452001,0.044093720220018895],[103.51509014520009,0.04169372022001916],[103.5232901452001,0.036093720220018],[103.51679014520009,0.02899372022001856],[103.50989014520009,0.03629372022001931],[103.49429014520008,0.03629372022001931],[103.49269014520009,0.033293720220019196],[103.50689014520009,0.032293720220017974],[103.52449014520009,0.01999372022001822],[103.52209014520008,0.024693720220017923],[103.52359014520009,0.03219372022001821],[103.52519014520009,0.0335937202200185],[103.53299014520009,0.031093720220018994],[103.52879014520009,0.035393720220017855]],[[103.5262901452001,0.014693720220018136],[103.53589014520009,0.005493720220018261],[103.54269014520008,0.0036937202200189034],[103.53669014520008,0.011693720220018022],[103.52449014520009,0.01999372022001822],[103.5262901452001,0.014693720220018136]],[[103.54409014520009,0.0006937202200187897],[103.54889014520009,-0.0005062797799819663],[103.54269014520008,0.0036937202200189034],[103.54409014520009,0.0006937202200187897]],[[103.48409014520008,-0.09230627977998118],[103.48249014520009,-0.0892062797799813],[103.46389014520008,-0.08290627977998177],[103.46929014520009,-0.09060627977998159],[103.48109014520008,-0.09670627977998159],[103.48409014520008,-0.09230627977998118]],[[103.31649014520009,-0.43330627977998226],[103.30829014520009,-0.43060627977998145],[103.29829014520008,-0.4426062797799819],[103.3066901452001,-0.44250627977998214],[103.31369014520008,-0.4366062797799817],[103.3186901452001,-0.4363062797799824],[103.31649014520009,-0.43330627977998226]],[[103.29509014520009,-0.44270627977998167],[103.29189014520009,-0.44450627977998103],[103.29229014520008,-0.44800627977998175],[103.2852901452001,-0.4465062797799817],[103.2784901452001,-0.4515062797799807],[103.28209014520009,-0.45320627977998207],[103.29789014520009,-0.45000627977998064],[103.29829014520008,-0.4426062797799819],[103.29509014520009,-0.44270627977998167]],[[103.27499014520009,-0.4498062797799811],[103.27309014520009,-0.4523062797799806],[103.2784901452001,-0.4515062797799807],[103.27499014520009,-0.4498062797799811]],[[100.7793723225488,0.32101215744580724],[100.77729014520025,0.3189937202201918],[100.77729014520025,0.3189937202201836],[100.7793723225488,0.32101215744580724]],[[100.76749014520016,0.29459372022012076],[100.76587768968417,0.29294621132332255],[100.76749014520009,0.29459372022001773],[100.77609014520009,0.292193720220018],[100.77909014520009,0.2926937202200186],[100.76749014520016,0.29459372022012076]],[[100.75199014520018,0.29029372022017697],[100.75349014520009,0.28789372022001913],[100.75819014520009,0.2870937202200192],[100.7628901452001,0.289893720220028],[100.75819014520016,0.28709372022007074],[100.75199014520018,0.29029372022017697]],[[100.74849014520014,0.286093720220081],[100.74713300234306,0.28507586307724697],[100.7484901452001,0.286093720220018],[100.74849014520014,0.286093720220081]],[[100.74449014520009,0.2769937202200179],[100.74449014520009,0.27699372022014856],[100.74159014520015,0.27609372022003764],[100.74449014520009,0.2769937202200179]],[[100.74369014520009,0.2691937202200189],[100.74365530649054,0.26916352667174176],[100.74369014520009,0.2691937202200183],[100.74369014520009,0.2691937202200189]],[[100.73929014520007,0.2598937202201345],[100.73733344416931,0.2579370191892394],[100.73929014520009,0.25989372022001866],[100.73929014520007,0.2598937202201345]],[[100.52589014520038,0.48599372022016496],[100.52589014520038,0.48369372022028756],[100.52699014520022,0.4788937202203591],[100.5264068118678,0.4862672496323498],[100.52589014520038,0.48599372022016496]],[[100.52559014520091,0.4959937202207243],[100.52549014520099,0.49889372022050793],[100.52419014520103,0.5051937202202339],[100.52549014520037,0.49889372022028056],[100.52559014520028,0.4959937202203264],[100.52639014520037,0.4915937202202372],[100.52789014520033,0.4885937202201944],[100.52759014520039,0.4868937202204851],[100.52789014520096,0.48859372022076286],[100.52559014520091,0.4959937202207243]],[[100.50869014520032,0.4755937202201608],[100.50899014520024,0.48209372022023445],[100.50834192046378,0.48270593247136506],[100.50899014520009,0.48209372022001773],[100.50869014520032,0.4755937202201608]],[[100.49769014520047,0.45999372022039364],[100.49769014520052,0.4599937202204387],[100.49763647671115,0.46111181374847093],[100.49769014520047,0.45999372022039364]],[[100.49926748900054,0.4545765940005708],[100.50131286000061,0.4534402770004249],[100.5016797510005,0.45323644900042837],[100.5046395491899,0.45305146215301073],[100.49427975000071,0.45743644900022673],[100.49697948571243,0.4594608350415051],[100.49427975000043,0.4574364490002836],[100.49926748900054,0.4545765940005708]],[[100.50603954918996,0.4529639624082497],[100.50647974900045,0.45293645000054994],[100.50761308300083,0.45342756123688976],[100.50647974900056,0.4529364500006636],[100.50603954918996,0.4529639624082497]],[[100.51146080955962,0.4575646302250914],[100.51146080955942,0.4575646302253631],[100.51066830950471,0.45623322944570394],[100.51146080955962,0.4575646302250914]],[[100.50899014520087,0.53209372022053],[100.5121901452001,0.5329937202200181],[100.5121901452004,0.5329937202205994],[100.50899014520087,0.53209372022053]],[[100.52769014520089,0.5350937202200612],[100.52749014520089,0.5484937202203355],[100.51429014520102,0.5480937202208338],[100.52749014520009,0.5484937202200193],[100.52789014520009,0.5119937202200191],[100.52549014520059,0.5101937202203974],[100.52789014520096,0.5119937202201186],[100.52769014520089,0.5350937202200612]],[[100.80699014520009,2.153393720220052],[100.8075901452001,2.158393720220019],[100.80699014520009,2.1533937202200595],[100.80699014520009,2.153393720220052]],[[100.81073231387484,2.1491880977300517],[100.81219014520008,2.1489937202200053],[100.812845651808,2.1491439404843313],[100.81219014520009,2.1489937202200178],[100.81073231387484,2.1491880977300517]],[[100.82089014520008,2.151993720220018],[100.82031348249231,2.1517127819777686],[100.82089014520014,2.1519937202200348],[100.82089014520008,2.151993720220018]],[[100.84323233929295,2.1534863362537737],[100.84369014520013,2.1534937202200126],[100.84405463118144,2.1535007295658133],[100.84369014520009,2.153493720220018],[100.84323233929295,2.1534863362537737]],[[100.85345446635492,2.1536908334360794],[100.8535901452002,2.1536937202200193],[100.8537161778611,2.1536967941873613],[100.85359014520009,2.1536937202200193],[100.85345446635492,2.1536908334360794]],[[100.90669014520006,2.1521937202200547],[100.90741931186675,2.150631220220035],[100.90579014520009,2.1546937202200187],[100.90166657197761,2.1545053336260986],[100.90579014520006,2.1546937202199956],[100.90669014520006,2.1521937202200547]],[[100.82099014520008,2.1304937202200183],[100.83039014520008,2.1340937202200188],[100.91469014520008,2.1322937202200194],[100.83039014520023,2.1340937202202213],[100.8268901452002,2.1338937202202146],[100.81629014520027,2.127793720220124],[100.82099014520008,2.1304937202200183]],[[100.79609014520025,2.139793720220098],[100.79695745289247,2.1400264125277815],[100.7960901452001,2.139793720220102],[100.79609014520025,2.139793720220098]],[[100.80599014520021,2.143093720220096],[100.8059901452001,2.143093720220122],[100.80259014520016,2.141393720220151],[100.80599014520021,2.143093720220096]],[[100.80885107414304,2.142609387897892],[100.80884476110651,2.142604850402904],[100.8087246910699,2.1425185500639263],[100.80885107414309,2.142609387897775],[100.80885107414304,2.142609387897892]],[[100.80961856941202,2.140997925657265],[100.80961856941212,2.1409979256573024],[100.8095226575442,2.1411524503331743],[100.80961856941202,2.140997925657265]],[[100.8089360268484,2.1402603306454937],[100.80875756727309,2.14068863362666],[100.80875756727295,2.1406886336266098],[100.8089360268484,2.1402603306454937]],[[100.8092263210911,2.1391943321149256],[100.80927391031116,2.1390658412205426],[100.80931674060923,2.1389563860143994],[100.80939764228356,2.1387993415879123],[100.80954040994379,2.138570913331307],[100.80966414191624,2.138328208308849],[100.80969269544818,2.1382377887905477],[100.80970697221426,2.138028396222012],[100.80972124898034,2.13795701239178],[100.81002581998894,2.137671477071251],[100.81008768597525,2.137466843424704],[100.81009244489724,2.1373478703744695],[100.81010672166332,2.1371194421178643],[100.81012575735133,2.1370385404437116],[100.81022569471355,2.13696715661348],[100.81031611423163,2.136719692668862],[100.81103187756278,2.135605855324002],[100.81022569471367,2.1369671566135935],[100.81012575735144,2.1370385404438252],[100.81008768597536,2.137466843424818],[100.81002581998905,2.1376714770713647],[100.80972124898045,2.1379570123917233],[100.80969269544829,2.1382377887906614],[100.8096641419163,2.1383282083089625],[100.80898361606853,2.1397844384443374],[100.80872187535795,2.1401532549002127],[100.8092263210911,2.1391943321149256]],[[100.81489014520031,2.12979372022005],[100.81349014520026,2.132093720220155],[100.81344371662881,2.1321437202201707],[100.8148901452002,2.1297937202201638],[100.81514469065479,2.1294300838564766],[100.81489014520031,2.12979372022005]],[[102.04829014520008,0.43249372022001786],[102.05189014520009,0.4326937202200192],[102.06209014520009,0.44269372022001896],[102.08649014520009,0.44329372022001934],[102.09449014520008,0.45469372022001764],[102.09889014520009,0.45189372022001884],[102.09829014520008,0.4558937202200184],[102.09549014520009,0.458693720220019],[102.09229014520008,0.45789372022001906],[102.08229014520009,0.4475937202200182],[102.06349014520009,0.4462937202200177],[102.04909014520008,0.43609372022001835],[102.03549014520009,0.4408937202200178],[102.00049014520009,0.42749372022001886],[102.01369014520009,0.42749372022001886],[102.03209014520009,0.4364937202200192],[102.04829014520008,0.43249372022001786]],[[102.1448901452001,0.42529372022001866],[102.1414901452001,0.4326937202200192],[102.13449014520009,0.4362937202200179],[102.13629014520009,0.43189372022001926],[102.1448901452001,0.42529372022001866]],[[102.13489014520009,0.4400937202200179],[102.12509014520009,0.4466937202200185],[102.10149014520009,0.4472937202200189],[102.10369014520009,0.4422937202200181],[102.12449014520008,0.44129372022001867],[102.13449014520009,0.4362937202200179],[102.13489014520009,0.4400937202200179]],[[103.37409014520009,-0.713906279779982],[103.36189014520009,-0.7159062797799809],[103.35399014520009,-0.7161062797799822],[103.36289014520008,-0.7191062797799823],[103.38439014520009,-0.7152062797799807],[103.37709014520009,-0.7122062797799806],[103.37409014520009,-0.713906279779982]],[[103.33619014520009,-0.6413062797799807],[103.32909014520008,-0.6508062797799816],[103.33429014520009,-0.652606279779981],[103.34369014520009,-0.6443062797799808],[103.35279014520009,-0.6440062797799815],[103.34329014520009,-0.6405062797799808],[103.33619014520009,-0.6413062797799807]],[[103.60699014520009,0.00019372022001817868],[103.60589014520009,0.006693720220019017],[103.6020901452001,0.007293720220019395],[103.6024901452001,0.0006937202200187897],[103.6123901452001,-0.005206279779981671],[103.6106901452001,-0.01060627977998152],[103.61979014520008,-0.010706279779981287],[103.60699014520009,0.00019372022001817868]]],[[[100.68189014520009,2.166093720220019],[100.66389014520009,2.176293720220018],[100.63479014520009,2.1996937202200186],[100.63239014520009,2.2072937202200187],[100.63409014520009,2.2175937202200178],[100.6474901452001,2.2187937202200185],[100.65749014520009,2.210993720220019],[100.67079014520009,2.1955937202200193],[100.67549014520009,2.181293720220019],[100.68319014520009,2.1696937202200193],[100.68189014520009,2.166093720220019]]],[[[100.84369014520009,2.052893720220018],[100.85629014520009,2.044893720220019],[100.85889014520009,2.036093720220018],[100.85649014520008,2.031093720220019],[100.84929014520009,2.031093720220019],[100.8400901452001,2.0420937202200182],[100.8340901452001,2.042493720220019],[100.82869014520008,2.0458937202200183],[100.82609014520008,2.0506937202200177],[100.82609014520008,2.0580937202200182],[100.8332901452001,2.063493720220018],[100.83769014520009,2.061293720220018],[100.84369014520009,2.052893720220018]]],[[[100.7792901452001,2.265093720220019],[100.7904901452001,2.270093720220018],[100.79269014520008,2.266293720220018],[100.78209014520009,2.250293720220018],[100.76589014520009,2.2340937202200184],[100.76199014520009,2.239093720220019],[100.76289014520009,2.253293720220018],[100.7792901452001,2.265093720220019]]],[[[101.02039014520008,2.307093720220019],[101.02819014520009,2.306293720220019],[101.02689014520008,2.3040937202200187],[101.0198901452001,2.303693720220018],[101.00849014520008,2.306593720220018],[101.02039014520008,2.307093720220019]]],[[[101.37289014520009,1.8013937202200179],[101.3777901452001,1.8048937202200186],[101.37709014520009,1.781893720220019],[101.37909014520008,1.7724937202200177],[101.37739014520008,1.7664937202200193],[101.37249014520009,1.7783937202200182],[101.37289014520009,1.8013937202200179]]],[[[101.36139014520009,1.8884937202200192],[101.36699014520009,1.8807937202200193],[101.36549014520008,1.8742937202200185],[101.36289014520008,1.8734937202200186],[101.3529901452001,1.884793720220019],[101.35559014520008,1.8882937202200178],[101.36139014520009,1.8884937202200192]]],[[[101.39399014520009,1.7977937202200192],[101.39399014520009,1.8224937202200184],[101.40139014520008,1.8282937202200191],[101.40609014520008,1.8225937202200182],[101.40829014520008,1.798293720220018],[101.40809014520009,1.7698937202200185],[101.4038901452001,1.7640937202200178],[101.39499014520008,1.7834937202200187],[101.39399014520009,1.7977937202200192]]],[[[101.41809014520008,1.8306937202200189],[101.40939014520009,1.8575937202200183],[101.39259014520009,1.8856937202200186],[101.38339014520008,1.9071937202200182],[101.3837901452001,1.9108937202200185],[101.39129014520009,1.9219937202200192],[101.39399014520009,1.9312937202200189],[101.39339014520009,1.9386937202200176],[101.39799014520008,1.9504937202200185],[101.39899014520009,2.0080937202200193],[101.4102901452001,2.026993720220018],[101.42949014520009,2.046093720220018],[101.44609014520009,2.0563937202200187],[101.46549014520009,2.0639937202200187],[101.47909014520009,2.0643937202200178],[101.50679014520009,2.049893720220018],[101.51429014520009,2.039493720220019],[101.51269014520008,2.0300937202200178],[101.5185901452001,2.0358937202200185],[101.51659014520008,2.029493720220019],[101.51839014520009,2.0285937202200177],[101.52519014520009,2.035593720220019],[101.54709014520009,2.0404937202200184],[101.5549901452001,2.0456937202200187],[101.5566901452001,2.043693720220018],[101.56199014520008,2.0441937202200187],[101.56489014520008,2.0380937202200187],[101.56849014520009,2.0380937202200187],[101.56489014520008,2.0479937202200187],[101.57239014520009,2.069293720220019],[101.58369014520008,2.0755937202200183],[101.58729014520009,2.087093720220018],[101.6123901452001,2.1036937202200185],[101.62919014520008,2.1075937202200183],[101.62969014520009,2.110393720220019],[101.63559014520008,2.1113937202200184],[101.65539014520009,2.125193720220018],[101.68539014520009,2.109193720220018],[101.70939014520009,2.090593720220019],[101.71149014520009,2.0877937202200183],[101.7099901452001,2.080293720220018],[101.7116901452001,2.068893720220018],[101.71709014520009,2.050093720220019],[101.72009014520009,2.0495937202200185],[101.72519014520009,2.0430937202200177],[101.7321901452001,2.0446937202200193],[101.73659014520008,2.0423937202200193],[101.74429014520008,2.029293720220018],[101.77369014520009,1.9920937202200193],[101.7818901452001,1.9470937202200194],[101.77729014520008,1.9412937202200187],[101.76549014520009,1.938493720220018],[101.76329014520009,1.935493720220018],[101.77169014520008,1.9326937202200192],[101.77129014520008,1.9238937202200184],[101.75029014520008,1.8924937202200187],[101.74529014520009,1.8710937202200189],[101.73689014520009,1.7976937202200194],[101.72889014520008,1.7710937202200192],[101.71489014520009,1.7637937202200185],[101.70049014520009,1.7476937202200187],[101.67549014520009,1.736093720220019],[101.61189014520009,1.6932937202200193],[101.60729014520008,1.6920937202200186],[101.52139014520009,1.7057937202200186],[101.4650901452001,1.7268937202200192],[101.4556901452001,1.7278937202200186],[101.44619014520009,1.7413937202200191],[101.43839014520009,1.7640937202200178],[101.42789014520008,1.781493720220018],[101.42199014520008,1.8194937202200183],[101.41809014520008,1.8306937202200189]]],[[[101.55219014520009,2.099593720220019],[101.5481901452001,2.0918937202200176],[101.54479014520008,2.0938937202200183],[101.54629014520009,2.0967937202200186],[101.55219014520009,2.099593720220019]]],[[[101.6358901452001,2.1223937202200194],[101.63169014520008,2.119093720220018],[101.6268901452001,2.118493720220018],[101.63629014520009,2.1246937202200193],[101.6358901452001,2.1223937202200194]]],[[[101.6354901452001,2.118393720220018],[101.63839014520009,2.122193720220018],[101.6401901452001,2.122993720220018],[101.64049014520009,2.116093720220018],[101.63499014520009,2.1155937202200192],[101.6354901452001,2.118393720220018]]],[[[102.0857901452001,1.4821937202200193],[102.06219014520009,1.5015937202200185],[102.0344901452001,1.5296937202200187],[102.01879014520009,1.5509937202200188],[102.01039014520009,1.5746937202200186],[102.00309014520009,1.5795937202200179],[102.00219014520009,1.5953937202200184],[102.00999014520009,1.601993720220019],[102.03349014520009,1.606993720220018],[102.06509014520009,1.6040937202200194],[102.17909014520009,1.5704937202200178],[102.22849014520008,1.566593720220018],[102.23989014520009,1.5628937202200177],[102.25969014520008,1.5629937202200193],[102.27969014520009,1.553593720220018],[102.30109014520009,1.5532937202200188],[102.32479014520008,1.5479937202200187],[102.33379014520008,1.5513937202200179],[102.35409014520009,1.5477937202200192],[102.40819014520008,1.5355937202200192],[102.45959014520008,1.5187937202200192],[102.4663901452001,1.5120937202200189],[102.48717806718243,1.4785736922615509],[102.49671645000006,1.4679891680000374],[102.48901684000003,1.4433806100000044],[102.47929922100008,1.441330476000072],[102.48655687300004,1.4405476510000488],[102.49545538400008,1.4318445160001039],[102.49282668200004,1.3964636090000042],[102.49393677600006,1.3948029090000276],[102.49365259200005,1.3937727420000743],[102.49406998700005,1.3923429420000473],[102.49415879400004,1.3899806620000323],[102.49406998700005,1.3893234870000926],[102.49392789500007,1.3887373570000066],[102.49414103300006,1.3884531730001017],[102.49349273800007,1.3866681430000576],[102.49411439100004,1.376774987000042],[102.49861693100007,1.3322202660000602],[102.5069559550001,1.2886069040000783],[102.50815485600003,1.255366258000018],[102.50406971100006,1.2509081210000792],[102.4943901452001,1.2542937202200186],[102.4555901452001,1.2839937202200247],[102.39929014520008,1.3224937202200184],[102.35109014520009,1.372993720220018],[102.33769014520009,1.390093720220019],[102.31949014520009,1.4038937202200188],[102.29799014520009,1.4265937202200192],[102.28572759800005,1.4329279680000409],[102.2729393190001,1.4353968160000479],[102.22031288896176,1.432510255105944],[102.22119014520008,1.4370937202200285],[102.22199014520012,1.4792937202200034],[102.21961929700007,1.4325016920001254],[102.1837854720002,1.4375726000001223],[102.13833379500012,1.4504852100002579],[102.11453338600006,1.4616571930001305],[102.0857901452001,1.4821937202200193]],[[102.4896901452001,1.3896937202200128],[102.49231177897884,1.3897254848422513],[102.4941549757578,1.3899524069481328],[102.4896901452001,1.3896937202200128]],[[102.31609014520009,1.4821937202200193],[102.3056098099109,1.4800221192141516],[102.33102973703683,1.4821341283832838],[102.32529014520009,1.481993720220018],[102.31609014520009,1.4821937202200193]],[[102.29308684154307,1.4299059645026684],[102.29289014520009,1.430093720220021],[102.292996152542,1.4299925313276116],[102.29308684154307,1.4299059645026684]],[[102.1157901452001,1.4693937202200125],[102.1174901452001,1.471993720220011],[102.11826820971622,1.476220171832922],[102.1151811452001,1.4686107202200187],[102.1157901452001,1.4693937202200125]],[[102.13049970402362,1.488892249631802],[102.1281901452001,1.4816937202200187],[102.1268901452001,1.479093720220022],[102.12819014520011,1.4816937202200293],[102.13049970402362,1.488892249631802]],[[102.13264419925414,1.4913099364362348],[102.13309014520009,1.4915937202200154],[102.1337719633819,1.4926846293109277],[102.13309014520009,1.4915937202200187],[102.13264419925414,1.4913099364362348]],[[102.19432224396552,1.4931850782447091],[102.19739014520009,1.4909937202200025],[102.20010625258264,1.4901360020992132],[102.19739014520009,1.4909937202200183],[102.19432224396552,1.4931850782447091]],[[102.15899014520011,1.4963937202199953],[102.16723611294205,1.4959133725845646],[102.1589901452001,1.4963937202200182],[102.15029014520009,1.4937937202200233],[102.15899014520011,1.4963937202199953]],[[102.2371901452001,1.4699937202200068],[102.24034440341983,1.4701884275175334],[102.23659737121375,1.4703974938049165],[102.2371901452001,1.4699937202200068]],[[102.25199014520008,1.4714937202200156],[102.2524441511348,1.4715693878758058],[102.25096401907396,1.471340567066866],[102.25199014520008,1.4714937202200156]],[[102.26069014520013,1.4723937202200201],[102.26135194808474,1.4724401625277137],[102.26025098424941,1.4723629019076911],[102.26069014520013,1.4723937202200201]],[[102.2716901452001,1.4738937202200126],[102.27463463000224,1.4744757695413742],[102.26940341050621,1.4734191149061975],[102.2716901452001,1.4738937202200126]],[[102.28919014520008,1.4766937202200152],[102.29027794561208,1.476962614703882],[102.28802927563487,1.4765502419591485],[102.28919014520008,1.4766937202200152]],[[102.2475901452001,1.4484937202200219],[102.24709014520012,1.451093720220033],[102.24529014520009,1.4704937202200183],[102.2470901452001,1.451093720220033],[102.2475901452001,1.4484937202200219]],[[102.21519014520008,1.4834937202200171],[102.21580552981547,1.4831091048354006],[102.21495741792735,1.483762811129109],[102.21519014520008,1.4834937202200171]],[[102.20016256282751,1.4386074044335193],[102.2001625628281,1.4386074044352242],[102.19999014520012,1.438593720220035],[102.20016256282751,1.4386074044335193]],[[102.19974276365396,1.440510927202609],[102.1995901452001,1.4416937202200255],[102.19959014520008,1.4416937202200841],[102.19974276365396,1.440510927202609]],[[102.34549014520009,1.4809937202200145],[102.34549014520009,1.4809937202200185],[102.34482892071028,1.481186577362877],[102.34549014520009,1.4809937202200145]],[[102.41982628977838,1.3752370937140062],[102.41679014520008,1.3787937202200347],[102.41379014520011,1.382193720220054],[102.40779014520011,1.3877937202200457],[102.4032901452001,1.39419372022004],[102.40209014520009,1.402593720220058],[102.3995901452001,1.4120937202200585],[102.3971901452001,1.4207937202200416],[102.39477469455632,1.4303559519796798],[102.40329014520009,1.3941937202200183],[102.4077901452001,1.387793720220019],[102.41982628977838,1.3752370937140062]],[[102.49879667409365,1.307649729753197],[102.49828414529154,1.3076068205375595],[102.49835543167228,1.30733547230378],[102.49879667409365,1.307649729753197]],[[102.40552627965387,1.3239348966906062],[102.4051901452001,1.3234937202200179],[102.40486963237959,1.3232373099636077],[102.4051901452001,1.3234937202200123],[102.40552627965387,1.3239348966906062]],[[102.4107029657129,1.3316193612456557],[102.41059014520009,1.331393720220019],[102.410481054291,1.3311819555141367],[102.41059014520009,1.3313937202200163],[102.4107029657129,1.3316193612456557]],[[102.41581931934732,1.3401067363780181],[102.4137901452001,1.3370937202200182],[102.41267537884495,1.3352357762947829],[102.41379014520011,1.3370937202200208],[102.41581931934732,1.3401067363780181]],[[102.43129014520011,1.3628937202200166],[102.42178390963426,1.3729962606357364],[102.4312901452001,1.3628937202200184],[102.42029014520008,1.3469937202200182],[102.41925118416113,1.345370343596642],[102.43129014520011,1.3628937202200166]],[[102.39279014520008,1.4461937202200184],[102.39389014520009,1.4394937202200193],[102.39405474468329,1.437847725387994],[102.3938901452001,1.4394937202200186],[102.39279014520008,1.4461937202200184]],[[102.3980901452001,1.447993720220024],[102.39880608722909,1.4487422050685177],[102.3978838717298,1.447887027045738],[102.3980901452001,1.447993720220024]],[[102.41298840214006,1.4590136040160164],[102.41269014520009,1.4589937202200183],[102.40999014520008,1.4581937202200184],[102.40892729828873,1.4575863791278116],[102.41298840214006,1.4590136040160164]],[[102.4257015737715,1.4650308630771616],[102.42109014520008,1.4611937202200185],[102.41962750783746,1.4604876194242686],[102.4210901452001,1.4611937202200151],[102.4257015737715,1.4650308630771616]],[[102.43217888692196,1.4658885546571023],[102.42789014520008,1.4665937202200183],[102.42772014520008,1.4664837202200185],[102.42789014520008,1.4665937202200179],[102.43217888692196,1.4658885546571023]],[[102.47280361188938,1.4401087432379733],[102.47280361188939,1.440108743237983],[102.47249729100011,1.4421717020000528],[102.47280361188938,1.440108743237983],[102.47280361188938,1.4401087432379733]],[[102.47037113267046,1.4394946072526784],[102.47037113231175,1.439494607628164],[102.4696901452001,1.4393937202200393],[102.47037113267046,1.4394946072526784]],[[102.31589014520009,1.4230937202200193],[102.3135901452001,1.421093720220041],[102.31163927814806,1.4194029687749365],[102.31614112559224,1.423187837867078],[102.31589014520009,1.4230937202200193]],[[102.39419014520007,1.4364937202200168],[102.39419014520007,1.4364937202200172],[102.38669014520009,1.4351937202200187],[102.39419014520007,1.4364937202200168]],[[102.33449014520009,1.4596937202200462],[102.34279014520008,1.4759937202200177],[102.34507927563487,1.480232850654801],[102.34279014520008,1.4759937202200437],[102.33449014520009,1.4596937202200462]],[[102.33819014520007,1.4540937202200297],[102.33393666205403,1.4509445067368771],[102.33819014520009,1.454093720220019],[102.33819014520007,1.4540937202200297]],[[102.32709621996644,1.443618019285453],[102.32689014520008,1.4427937202200405],[102.32689014520008,1.442793720220037],[102.32709621996644,1.443618019285453]],[[102.32857903408897,1.4349381646644628],[102.32909014520008,1.4353937202200182],[102.33249014520008,1.4382937202200186],[102.32909014520008,1.4353937202200189],[102.32857903408897,1.4349381646644628]]],[[[102.30269014520009,0.28949372022001896],[102.30509014520008,0.2870937202200192],[102.30489014520009,0.2826937202200188],[102.30229014520009,0.28589372022001847],[102.30269014520009,0.28949372022001896]]],[[[102.28249014520009,0.29389372022001936],[102.27969014520009,0.2904937202200184],[102.27729014520008,0.29249372022001907],[102.2792901452001,0.2946937202200193],[102.28249014520009,0.29389372022001936]]],[[[102.23689014520009,0.3040937202200187],[102.24129014520008,0.3051937202200179],[102.23749014520008,0.29869372022001883],[102.23089014520009,0.30249372022001886],[102.23289014520009,0.3048937202200186],[102.23689014520009,0.3040937202200187]]],[[[102.25849014520008,0.3136937202200176],[102.25889014520008,0.31769372022001896],[102.26669014520009,0.31279372022001795],[102.26249014520009,0.31109372022001835],[102.25849014520008,0.3136937202200176]]],[[[102.22089014520009,1.249793720220019],[102.20849014520009,1.270393720220019],[102.20599014520009,1.2794937202200192],[102.22739014520009,1.3292937202200186],[102.22889014520008,1.361593720220018],[102.22729014520009,1.3686937202200191],[102.2150901452001,1.3887937202200185],[102.21009014520008,1.4070937202200184],[102.21349014520008,1.4138937202200186],[102.24159014520009,1.411893720220018],[102.27019014520009,1.4184937202200185],[102.28629014520008,1.4150937202200193],[102.29589014520009,1.4092937202200186],[102.30509014520008,1.3994937202200184],[102.3126901452001,1.386693720220018],[102.32439014520008,1.3772937202200186],[102.32669014520009,1.3720937202200183],[102.35569014520009,1.3430937202200184],[102.37379014520009,1.3190937202200193],[102.38939014520008,1.3064937202200184],[102.41819014520009,1.295193720220018],[102.43199014520009,1.2841937202200189],[102.43609014520008,1.2777937202200178],[102.45409014520008,1.265493720220018],[102.47209014520008,1.2466937202200192],[102.48559014520009,1.227393720220018],[102.48579014520008,1.2080937202200186],[102.47919014520009,1.2051937202200182],[102.45889014520009,1.169493720220018],[102.45529014520008,1.1420937202200179],[102.45729014520009,1.1396937202200181],[102.45649014520009,1.135893720220018],[102.4470901452001,1.125293720220018],[102.44649014520009,1.1082937202200185],[102.43389014520008,1.076493720220018],[102.43629014520009,1.063093720220019],[102.44169014520008,1.0570937202200188],[102.44649014520009,1.043693720220018],[102.46329014520009,1.0174937202200187],[102.46649014520008,1.0018937202200178],[102.46409014520009,0.9962937202200184],[102.4659901452001,0.9848937202200183],[102.47989014520009,0.955293720220018],[102.4800901452001,0.951493720220018],[102.47689014520009,0.9474937202200184],[102.4650901452001,0.9466937202200185],[102.44909014520009,0.9546937202200176],[102.43309014520008,0.9534937202200187],[102.42109014520008,0.9466937202200185],[102.41049014520009,0.9268937202200185],[102.38139014520009,0.9152937202200189],[102.36089014520009,0.9302937202200177],[102.33289014520008,0.9610937202200187],[102.29549014520009,0.9867937202200192],[102.27959014520009,1.0007937202200186],[102.26899014520009,1.0218937202200191],[102.23669014520009,1.101993720220019],[102.23809014520009,1.1173937202200186],[102.24729014520008,1.1482937202200176],[102.24929014520009,1.1757937202200193],[102.24579014520009,1.195693720220019],[102.23619014520008,1.2247937202200188],[102.22089014520009,1.249793720220019]]],[[[102.33489014520009,0.2274937202200178],[102.33029014520008,0.2254937202200189],[102.32739014520008,0.22879372022001832],[102.33149014520009,0.23069372022001922],[102.33489014520009,0.2274937202200178]]],[[[102.5558901452001,0.7702937202200193],[102.50739014520009,0.7879937202200189],[102.46829014520009,0.8102937202200184],[102.44499014520008,0.8201937202200185],[102.4248901452001,0.8380937202200194],[102.41369014520009,0.8530937202200182],[102.41009014520009,0.8621937202200183],[102.40749014520009,0.8796937202200183],[102.40979014520009,0.8901937202200187],[102.4333901452001,0.9199937202200186],[102.44009014520009,0.9350937202200189],[102.44819014520009,0.9367937202200185],[102.46869014520009,0.9289937202200189],[102.48029014520009,0.9284937202200183],[102.48879014520008,0.9318937202200193],[102.50059014520009,0.9442937202200188],[102.48929014520009,0.9799937202200191],[102.48059014520008,1.0227937202200188],[102.46819014520008,1.0442937202200184],[102.45959014520008,1.0669937202200188],[102.46179014520008,1.0826937202200178],[102.47909014520009,1.121793720220019],[102.4830901452001,1.1258937202200183],[102.52009014520009,1.1251937202200182],[102.5352901452001,1.1295937202200186],[102.54319014520009,1.1241937202200187],[102.53929014520008,1.1166937202200184],[102.57369014520009,1.0865937202200193],[102.5990901452001,1.0556937202200185],[102.6114901452001,1.048293720220018],[102.61089014520009,1.044493720220018],[102.60489014520009,1.040993720220019],[102.59969014520009,1.0266937202200186],[102.6029901452001,1.0037937202200187],[102.60709014520009,1.0024937202200181],[102.61649014520009,0.9903937202200179],[102.63849014520008,0.9848937202200183],[102.65959014520008,0.9930937202200187],[102.66239014520009,0.9966937202200192],[102.67959014520008,1.0046937202200183],[102.73169014520009,1.0220937202200187],[102.73869014520008,1.0212937202200187],[102.74539014520009,1.0168937202200183],[102.74469014520008,1.0130937202200183],[102.7484901452001,1.0080937202200193],[102.74229014520009,0.9998937202200189],[102.74429014520008,0.9958937202200193],[102.75169014520009,0.9922937202200188],[102.75069014520008,0.9996937202200193],[102.75369014520008,1.0067937202200188],[102.75949014520009,1.008993720220019],[102.77399014520009,1.0053937202200185],[102.77729014520008,1.003693720220019],[102.78169014520009,0.9926937202200179],[102.79249014520009,0.9812937202200178],[102.81049014520009,0.9714937202200193],[102.8644901452001,0.954093720220019],[102.87529014520008,0.9486937202200192],[102.90489014520008,0.9256937202200177],[102.92669014520008,0.8986937202200185],[102.94309014520009,0.8830937202200193],[102.96269014520009,0.8728937202200182],[102.97009014520009,0.8718937202200188],[102.9916901452001,0.8621937202200183],[103.0245901452001,0.8379937202200178],[103.04349014520008,0.8182937202200193],[103.05169014520008,0.7922937202200178],[103.04969014520009,0.7760937202200182],[103.04419014520009,0.7599937202200184],[103.04289014520009,0.7478937202200182],[103.04529014520008,0.7216937202200189],[103.04289014520009,0.7131937202200191],[103.02229014520009,0.6946937202200179],[103.01719014520009,0.6859937202200186],[102.9971901452001,0.6887937202200192],[102.99049014520008,0.6925937202200192],[102.96929014520009,0.7234937202200182],[102.92609014520009,0.7703937202200191],[102.91509014520008,0.7760937202200182],[102.89369014520008,0.7802937202200191],[102.85999014520009,0.7929937202200179],[102.81249014520009,0.7946937202200193],[102.78889014520009,0.7914937202200178],[102.7514901452001,0.7904937202200184],[102.72169014520009,0.7926937202200186],[102.64689014520009,0.7928937202200181],[102.57979014520009,0.7664937202200193],[102.5703901452001,0.7701937202200178],[102.5558901452001,0.7702937202200193]]],[[[102.84889014520009,0.29389372022001936],[102.88369014520009,0.30369372022001784],[102.91849014520008,0.3230937202200188],[102.9274901452001,0.3228937202200193],[102.93009014520008,0.31969372022001785],[102.9316901452001,0.313093720220019],[102.92969014520008,0.3084937202200191],[102.89589014520008,0.29249372022001907],[102.86909014520009,0.2730937202200181],[102.84389014520009,0.2622937202200184],[102.82849014520009,0.26109372022001764],[102.81809014520009,0.26629372022001796],[102.81409014520008,0.27989372022001824],[102.81729014520009,0.28349372022001873],[102.82749014520009,0.29009372022001934],[102.84889014520009,0.29389372022001936]]],[[[102.88769014520008,0.964793720220019],[102.82719014520009,0.9866937202200177],[102.81059014520008,0.9901937202200184],[102.8032901452001,0.9954937202200185],[102.7869901452001,1.0235937202200187],[102.79159014520009,1.0298937202200182],[102.80549014520008,1.0298937202200182],[102.81079014520009,1.0324937202200193],[102.81579014520008,1.037993720220019],[102.81509014520009,1.043293720220019],[102.81049014520009,1.0426937202200186],[102.80049014520009,1.034893720220019],[102.7844901452001,1.0342937202200186],[102.77689014520008,1.0205937202200186],[102.76469014520009,1.024193720220019],[102.7424901452001,1.0393937202200192],[102.71989014520008,1.0426937202200186],[102.70629014520009,1.0338937202200178],[102.68949014520008,1.0282937202200184],[102.67169014520009,1.0262937202200177],[102.6380901452001,1.0100937202200182],[102.6264901452001,1.0098937202200187],[102.62319014520008,1.0160937202200184],[102.62379014520009,1.0186937202200177],[102.63959014520009,1.0224937202200177],[102.6538901452001,1.029993720220018],[102.66479014520009,1.0552937202200177],[102.66779014520009,1.083393720220018],[102.68369014520009,1.114193720220019],[102.72039014520008,1.1452937202200193],[102.73629014520009,1.1544937202200192],[102.75469014520009,1.1591937202200189],[102.7702901452001,1.1589937202200193],[102.87399014520008,1.1325937202200187],[102.93819014520008,1.105493720220018],[102.9796901452001,1.091293720220019],[102.99329014520009,1.0803937202200178],[103.01939014520009,1.045593720220019],[103.08749014520009,0.9768937202200192],[103.09999014520008,0.9556937202200189],[103.11659014520009,0.9394937202200193],[103.12429014520009,0.9259937202200188],[103.15289014520009,0.8951937202200178],[103.15739014520008,0.8861937202200192],[103.15269014520008,0.8728937202200182],[103.15569014520008,0.8640937202200192],[103.15309014520008,0.851193720220019],[103.14619014520008,0.8416937202200181],[103.1191901452001,0.8310937202200179],[103.0969901452001,0.8277937202200185],[103.07189014520009,0.8321937202200189],[103.06089014520009,0.8448937202200177],[103.04329014520009,0.8594937202200192],[102.9890901452001,0.8916937202200188],[102.95369014520008,0.9065937202200178],[102.9466901452001,0.912193720220019],[102.92689014520009,0.9382937202200186],[102.88769014520008,0.964793720220019]]],[[[102.95049014520009,0.3562937202200178],[102.95969014520008,0.354693720220018],[102.96309014520008,0.3518937202200192],[102.97669014520008,0.353493720220019],[102.9821901452001,0.3518937202200192],[102.98319014520008,0.34229372022001847],[102.9744901452001,0.33209372022001915],[102.93709014520009,0.31389372022001893],[102.93329014520009,0.32249372022001843],[102.93789014520009,0.3300937202200185],[102.93249014520009,0.326493720220018],[102.92669014520008,0.32629372022001846],[102.92189014520008,0.33269372022001775],[102.9222901452001,0.3388937202200193],[102.93289014520009,0.3520937202200187],[102.95049014520009,0.3562937202200178]],[[102.94209014520008,0.33289372022001906],[102.94429014520009,0.33549372022001833],[102.9470901452001,0.3396937202200192],[102.94129014520009,0.3366937202200191],[102.93789014520009,0.3300937202200185],[102.94209014520008,0.33289372022001906]]],[[[103.16689014520009,0.4202937202200179],[103.1649901452001,0.4181937202200192],[103.1615901452001,0.4151937202200191],[103.16919014520009,0.4251937202200189],[103.16689014520009,0.4202937202200179]]],[[[103.17729014520009,0.5048937202200179],[103.17039014520009,0.49859372022001835],[103.16429014520008,0.5009937202200181],[103.14879014520008,0.5243937202200186],[103.13959014520009,0.5501937202200189],[103.13789014520009,0.5709937202200184],[103.14619014520008,0.608493720220018],[103.14989014520009,0.6661937202200185],[103.15999014520008,0.6830937202200182],[103.18219014520008,0.696893720220018],[103.2043901452001,0.7022937202200179],[103.21689014520008,0.7016937202200193],[103.23159014520009,0.6972937202200189],[103.24809014520008,0.686993720220018],[103.2488901452001,0.6833937202200193],[103.26469014520009,0.6700937202200183],[103.27369014520009,0.6582937202200192],[103.29589014520009,0.615693720220019],[103.29889014520009,0.5982937202200187],[103.29959014520009,0.5586937202200186],[103.28969014520008,0.5406937202200179],[103.2822901452001,0.5324937202200193],[103.27469014520008,0.5281937202200186],[103.20669014520008,0.5203937202200191],[103.19399014520009,0.5158937202200189],[103.17729014520009,0.5048937202200179]]],[[[103.05289014520008,0.5278937202200193],[103.04089014520008,0.539493720220019],[103.03569014520009,0.5528937202200179],[103.03909014520009,0.5514937202200176],[103.04509014520009,0.5408937202200192],[103.05709014520009,0.5280937202200189],[103.05289014520008,0.5278937202200193]]],[[[103.05359014520009,0.5965937202200191],[103.04519014520008,0.6134937202200188],[103.0288901452001,0.6358937202200181],[103.02799014520009,0.6428937202200178],[103.03519014520009,0.6593937202200184],[103.04639014520009,0.6577937202200186],[103.05609014520009,0.6463937202200185],[103.07709014520009,0.5982937202200187],[103.07889014520009,0.5880937202200194],[103.0746901452001,0.5780937202200178],[103.06519014520009,0.5666937202200177],[103.05359014520009,0.5965937202200191]]],[[[103.10959014520009,0.6656937202200179],[103.10969014520009,0.6584937202200187],[103.11399014520009,0.6478937202200186],[103.10839014520009,0.6387937202200185],[103.10149014520009,0.634393720220018],[103.09399014520008,0.6519937202200179],[103.09999014520008,0.6608937202200185],[103.10959014520009,0.6656937202200179]]],[[[102.96929014520009,0.6702937202200179],[102.96709014520009,0.6721937202200188],[102.96579014520009,0.674393720220019],[102.97179014520009,0.6735937202200191],[102.96929014520009,0.6702937202200179]]],[[[103.07779014520008,0.749093720220019],[103.08099014520009,0.7766937202200186],[103.08559014520009,0.7889937202200183],[103.09339014520009,0.7978937202200189],[103.10609014520008,0.7968937202200177],[103.11089014520009,0.7820937202200184],[103.1127901452001,0.7326937202200181],[103.1084901452001,0.7259937202200177],[103.1003901452001,0.7198937202200177],[103.08769014520009,0.7184937202200192],[103.08149014520009,0.7248937202200185],[103.07739014520008,0.7342937202200179],[103.07779014520008,0.749093720220019]]],[[[102.89479014520009,0.768893720220019],[102.88879014520009,0.7727937202200188],[102.89669014520008,0.7710937202200192],[102.90379014520009,0.7661937202200182],[102.89479014520009,0.768893720220019]]],[[[103.08989014520009,0.820393720220018],[103.10619014520009,0.8160937202200191],[103.10779014520008,0.8074937202200179],[103.0815901452001,0.7998937202200178],[103.07579014520009,0.8175937202200192],[103.07719014520009,0.8215937202200188],[103.0806901452001,0.8233937202200181],[103.08989014520009,0.820393720220018]]],[[[103.41749014520009,-0.7286062797799815],[103.4038901452001,-0.7254062797799818],[103.40449014520009,-0.7173062797799812],[103.42309014520009,-0.7123062797799822],[103.43049014520008,-0.721506279779982],[103.42949014520009,-0.7246062797799819],[103.41749014520009,-0.7286062797799815]]],[[[103.46349014520008,-0.5074062797799819],[103.4590901452001,-0.5045062797799815],[103.45429014520009,-0.5097062797799818],[103.42209014520009,-0.521506279779981],[103.40929014520009,-0.5200062797799809],[103.40269014520008,-0.5166062797799817],[103.39509014520009,-0.5061062797799813],[103.38349014520008,-0.45380627977998067],[103.37969014520009,-0.4398062797799813],[103.3760901452001,-0.4355062797799807],[103.36969014520008,-0.43250627977998235],[103.33569014520009,-0.4390062797799814],[103.33269014520009,-0.43330627977998226],[103.33829014520009,-0.41710627977998094],[103.33789014520009,-0.40570627977998086],[103.33169014520008,-0.39960627977998087],[103.31849014520009,-0.39580627977998084],[103.30989014520009,-0.38160627977998196],[103.32029014520009,-0.3661062797799808],[103.33029014520008,-0.3592062797799809],[103.33589014520008,-0.3589062797799816],[103.36569014520009,-0.37560627977998173],[103.39429014520009,-0.38000627977998214],[103.4248901452001,-0.3774062797799811],[103.44449014520009,-0.37030627977998165],[103.44949014520009,-0.37110627977998156],[103.46129014520008,-0.37970627977998106],[103.47249014520008,-0.3810062797799816],[103.49929014520009,-0.37140627977998086],[103.51189014520008,-0.3699062797799808],[103.53159014520008,-0.39630627977998145],[103.54149014520009,-0.39880627977998095],[103.56989014520009,-0.3939062797799817],[103.59429014520009,-0.41400627977998106],[103.59979014520009,-0.4153062797799816],[103.60269014520009,-0.42890627977998186],[103.59769014520009,-0.4399062797799811],[103.55229014520009,-0.4781062797799809],[103.5464901452001,-0.48180627977998114],[103.54329014520009,-0.4805062797799806],[103.5412901452001,-0.4864062797799811],[103.5344901452001,-0.49170627977998116],[103.51729014520009,-0.49580627977998226],[103.50749014520008,-0.4844062797799822],[103.50989014520009,-0.4929062797799819],[103.50609014520009,-0.5018062797799807],[103.50369014520008,-0.5049062797799824],[103.49309014520009,-0.505506279779981],[103.48609014520008,-0.5031062797799812],[103.47769014520009,-0.48150627977998184],[103.4744901452001,-0.48400627977998134],[103.4800901452001,-0.5036062797799818],[103.47479014520009,-0.5063062797799809],[103.46729014520008,-0.5045062797799815],[103.46349014520008,-0.5074062797799819]]],[[[103.68209014520009,-0.35730627977998175],[103.67349014520009,-0.36390627977998236],[103.66089014520009,-0.366006279779981],[103.61289014520008,-0.390406279779981],[103.59729014520009,-0.3795062797799815],[103.59249014520009,-0.3787062797799816],[103.58269014520009,-0.3846062797799821],[103.56509014520009,-0.38300627977998225],[103.53989014520009,-0.3874062797799809],[103.51729014520009,-0.35760627977998105],[103.49989014520008,-0.36040627977998163],[103.49449014520009,-0.3646062797799807],[103.48029014520009,-0.3691062797799809],[103.47089014520009,-0.3691062797799809],[103.4620901452001,-0.36890627977998136],[103.45689014520009,-0.363306279779982],[103.45509014520009,-0.35730627977998175],[103.4744901452001,-0.30170627977998166],[103.49909014520009,-0.26360627977998163],[103.53169014520009,-0.2228062797799808],[103.53729014520009,-0.21900627977998077],[103.55559014520009,-0.21690627977998211],[103.58149014520009,-0.22650627977998106],[103.62409014520009,-0.2286062797799815],[103.63149014520009,-0.23290627977998213],[103.6315901452001,-0.24400627977998113],[103.63409014520009,-0.24700627977998124],[103.6474901452001,-0.2513062797799819],[103.66229014520009,-0.2596062797799821],[103.67369014520008,-0.26300627977998126],[103.68329014520009,-0.2620062797799818],[103.68849014520009,-0.26690627977998105],[103.70749014520008,-0.2650062797799819],[103.71829014520009,-0.26830627977998134],[103.73609014520008,-0.2859062797799812],[103.75939014520009,-0.30090627977998174],[103.77019014520009,-0.31530627977998194],[103.7767901452001,-0.33710627977998087],[103.77149014520009,-0.34130627977998174],[103.71749014520009,-0.34710627977998065],[103.68209014520009,-0.35730627977998175]]],[[[103.41069014520009,-0.2963062797799818],[103.42139014520009,-0.30260627977998134],[103.44759014520008,-0.30690627977998197],[103.45959014520008,-0.3135062797799808],[103.46139014520008,-0.32420627977998073],[103.45379014520009,-0.342706279779982],[103.43829014520009,-0.35590627977998146],[103.42849014520009,-0.35870627977998204],[103.36729014520009,-0.35840627977998096],[103.34589014520009,-0.34950627977998217],[103.30769014520008,-0.3212062797799806],[103.28329014520008,-0.30670627977998066],[103.26509014520009,-0.28920627977998237],[103.24789014520009,-0.2828062797799813],[103.23609014520008,-0.27630627977998223],[103.23499014520009,-0.27300627977998104],[103.25169014520009,-0.26410627977998224],[103.26619014520008,-0.24530627977998165],[103.27179014520009,-0.24200627977998224],[103.2852901452001,-0.24260627977998084],[103.30409014520009,-0.2516062797799812],[103.31669014520008,-0.25470627977998106],[103.34399014520008,-0.25310627977998124],[103.41869014520009,-0.23390627977998157],[103.43609014520008,-0.22050627977998083],[103.46189014520009,-0.20960627977998136],[103.49709014520009,-0.20550627977998204],[103.51039014520009,-0.20160627977998224],[103.51849014520009,-0.2059062797799811],[103.52059014520009,-0.2092062797799823],[103.49989014520008,-0.23760627977998183],[103.4864901452001,-0.26410627977998224],[103.45889014520009,-0.3055062797799817],[103.43929014520009,-0.2996062797799812],[103.42329014520008,-0.2989062797799811],[103.4068901452001,-0.29040627977998135],[103.37569014520008,-0.2911062797799815],[103.36769014520009,-0.2867062797799811],[103.36679014520008,-0.2897062797799812],[103.38069014520009,-0.2964062797799816],[103.40069014520009,-0.2935062797799812],[103.41069014520009,-0.2963062797799818]]],[[[103.50749014520008,-0.19600627977998109],[103.48989014520009,-0.20190627977998155],[103.48579014520008,-0.20210627977998108],[103.48289014520009,-0.1987062797799819],[103.50669014520008,-0.18490627977998209],[103.53289014520008,-0.17780627977998087],[103.53719014520009,-0.1774062797799818],[103.55709014520009,-0.1877062797799809],[103.55129014520008,-0.19690627977998076],[103.53169014520009,-0.2023062797799806],[103.52729014520008,-0.20240627977998216],[103.51549014520009,-0.1946062797799808],[103.50749014520008,-0.19600627977998109]]],[[[103.59159014520009,-0.12070627977998072],[103.5960901452001,-0.11780627977998215],[103.59839014520009,-0.11760627977998084],[103.5960901452001,-0.12020627977998188],[103.59159014520009,-0.12070627977998072]]],[[[103.47639014520009,-0.10560627977998216],[103.47569014520009,-0.10940627977998219],[103.47359014520009,-0.10720627977998198],[103.47639014520009,-0.10560627977998216]]],[[[103.50259014520009,-0.08570627977998235],[103.50869014520009,-0.09290627977998156],[103.51539014520009,-0.09650627977998205],[103.51709014520009,-0.10060627977998138],[103.50769014520009,-0.10300627977998111],[103.5044901452001,-0.10640627977998207],[103.50379014520009,-0.11820627977998122],[103.49469014520008,-0.11900627977998113],[103.47819014520009,-0.10990627977998102],[103.47639014520009,-0.10560627977998216],[103.4894901452001,-0.10040627977998184],[103.49009014520009,-0.09150627977998127],[103.4924901452001,-0.08880627977998223],[103.4924901452001,-0.09210627977998165],[103.49629014520009,-0.08770627977998124],[103.50259014520009,-0.08570627977998235]]],[[[103.5459901452001,-0.1196062797799815],[103.53439014520009,-0.12190627977998147],[103.51929014520009,-0.11720627977998177],[103.51229014520008,-0.11750627977998107],[103.50929014520008,-0.11650627977998163],[103.50869014520009,-0.11150627977998084],[103.51129014520009,-0.10670627977998137],[103.51959014520008,-0.10560627977998216],[103.5224901452001,-0.10150627977998106],[103.5207901452001,-0.09150627977998127],[103.52299014520008,-0.09010627977998098],[103.54919014520009,-0.07900627977998198],[103.57849014520009,-0.07410627977998097],[103.58529014520009,-0.08640627977998072],[103.59129014520009,-0.08910627977998153],[103.59239014520008,-0.09190627977998211],[103.58899014520009,-0.09850627977998094],[103.58169014520008,-0.10380627977998103],[103.5459901452001,-0.1196062797799815]]],[[[103.5014901452001,-0.08350627977998215],[103.4950901452001,-0.08180627977998078],[103.48829014520008,-0.07260627977998091],[103.49049014520008,-0.06440627977998226],[103.48729014520009,-0.05440627977998069],[103.4958901452001,-0.06300627977998197],[103.49989014520008,-0.07190627977998076],[103.50029014520008,-0.07950627977998082],[103.51409014520009,-0.07960627977998236],[103.52399014520009,-0.07520627977998195],[103.52709014520009,-0.08000627977998143],[103.5250901452001,-0.08380627977998145],[103.51429014520009,-0.08910627977998153],[103.5014901452001,-0.08350627977998215]]],[[[103.47089014520009,-0.050006279779982066],[103.4702901452001,-0.04280627977998108],[103.4736901452001,-0.04260627977998155],[103.48389014520009,-0.05080627977998198],[103.47329014520008,-0.05300627977998218],[103.47089014520009,-0.050006279779982066]]],[[[103.7450901452001,0.240693720220019],[103.75769014520009,0.21049372022001833],[103.76419014520009,0.18659372022001897],[103.75309014520009,0.1872937202200191],[103.74789014520009,0.1828937202200187],[103.71549014520009,0.19309372022001803],[103.70389014520009,0.201493720220018],[103.69149014520009,0.22849372022001901],[103.68329014520009,0.23669372022001767],[103.67309014520009,0.2552937202200187],[103.61079014520008,0.28399372022001934],[103.60669014520009,0.28839372022001797],[103.60499014520009,0.298293720220018],[103.60969014520009,0.3034937202200183],[103.61129014520009,0.30949372022001853],[103.60959014520009,0.33579372022001763],[103.61199014520008,0.3452937202200186],[103.6375901452001,0.3416937202200181],[103.67889014520009,0.3231937202200186],[103.71129014520008,0.289893720220018],[103.72089014520009,0.2832937202200192],[103.7450901452001,0.240693720220019]]],[[[103.5524901452001,0.4295937202200193],[103.54699014520008,0.43529372022001844],[103.5442901452001,0.44909372022001826],[103.55919014520009,0.4445937202200181],[103.57629014520009,0.4337937202200184],[103.58829014520009,0.4146937202200185],[103.58859014520009,0.40849372022001873],[103.58619014520009,0.40739372022001774],[103.56919014520008,0.4162937202200183],[103.5524901452001,0.4295937202200193]]]]}}]}