{"type":"FeatureCollection","schemaVersion":1,"generatedAt":"2026-10-09T03:55:28.069377+00:00","title":"Estimasi Area Terindikasi Terbakar Riau","method":"Sentinel-2 dNBR/NBR with FIRMS candidate events","disclaimer":"Estimasi berbasis citra satelit; bukan hasil pengukuran atau verifikasi lapangan.","features":[{"type":"Feature","properties":{"eventId":"RIAU-20261003-002","firstDetection":"2026-10-03T06:27:00+00:00","lastDetection":"2026-10-03T06:27:00+00:00","estimatedAreaHa":1.48,"confidence":"rendah","hotspotCount":5,"detectionDays":1,"villages":["Sungai Upih"],"districts":["Kuala Kampar"],"regencies":["Pelalawan"],"method":"Sentinel-2 dNBR/NBR indication","resolutionM":20,"clearCoveragePct":8.1,"preSceneDates":["2026-08-22","2026-09-03"],"postSceneDates":["2026-10-06"],"status":"estimate","disclaimer":"Estimasi berbasis citra satelit; bukan hasil verifikasi lapangan.","province":"Riau","villageAreas":[{"village":"Sungai Upih","district":"Kuala Kampar","regency":"Pelalawan","areaHa":1.48}],"unassignedAreaHa":0.0},"geometry":{"type":"MultiPolygon","coordinates":[[[[103.22828284447067,0.6747040952825596],[103.22846209924322,0.6747039381760963],[103.22846194319511,0.6745234880172266],[103.22756566894769,0.6745242732733321],[103.22756551297417,0.6743438229041995],[103.227386258006,0.6743439798935773],[103.22738656998168,0.6747048807156982],[103.22810358965636,0.6747042523824112],[103.22810374573308,0.6748847026251525],[103.22828300055396,0.674884545483281],[103.22828284447067,0.6747040952825596]]],[[[103.22935977908737,0.6763272020755249],[103.22953903366859,0.676327044551097],[103.22953872078364,0.6759661447405971],[103.22918021160578,0.6759664596146978],[103.2291800552391,0.675786009625128],[103.22900080059412,0.675786167010213],[103.22900064427577,0.6756057169784435],[103.2286421348737,0.6756060316446935],[103.22864197861026,0.6754255815287001],[103.22846272385316,0.6754257388098703],[103.22846256763805,0.6752452886516825],[103.22828331284578,0.675245445884212],[103.228283156679,0.6750649956838316],[103.22810390185154,0.6750651528677236],[103.22810405801175,0.6752456031101238],[103.22774554821848,0.6752459175420965],[103.22774586063785,0.675606818194456],[103.22792511556851,0.6756066608977449],[103.22792527184738,0.6757871111816517],[103.22846303640863,0.6757866391257333],[103.22846319274899,0.675967089283409],[103.22864244752581,0.6759669318761675],[103.22864260391451,0.6761473819916483],[103.22900111335606,0.6761470670732398],[103.22900126979967,0.6763275171044969],[103.2291805244644,0.6763273595933247],[103.22918068095636,0.6765078095823818],[103.2293599355859,0.6765076520225511],[103.22935977908737,0.6763272020755249]]]]}},{"type":"Feature","properties":{"eventId":"RIAU-20261003-003","firstDetection":"2026-10-03T06:27:00+00:00","lastDetection":"2026-10-03T06:27:00+00:00","estimatedAreaHa":2.56,"confidence":"rendah","hotspotCount":16,"detectionDays":1,"villages":["Sungaibela","Sungaiberapit"],"districts":["Concong","Kuala Indragiri"],"regencies":["Indragiri Hilir"],"method":"Sentinel-2 dNBR/NBR indication","resolutionM":20,"clearCoveragePct":35.5,"preSceneDates":["2026-08-07","2026-08-22","2026-08-27","2026-09-03"],"postSceneDates":["2026-10-06"],"status":"estimate","disclaimer":"Estimasi berbasis citra satelit; bukan hasil verifikasi lapangan.","province":"Riau","villageAreas":[{"village":"Sungaibela","district":"Kuala Indragiri","regency":"Indragiri Hilir","areaHa":1.2},{"village":"Sungaiberapit","district":"Concong","regency":"Indragiri Hilir","areaHa":1.36}],"unassignedAreaHa":0.0},"geometry":{"type":"MultiPolygon","coordinates":[[[[103.64130402533611,-0.36592792173160427],[103.6413041182478,-0.36610827056815687],[103.64112497300589,-0.3661083641253448],[103.6411250659598,-0.3662887130078895],[103.64130421120528,-0.366288619404613],[103.64130430420853,-0.36646896824097264],[103.6409460136647,-0.3664691555361197],[103.64094592066856,-0.36628880660758484],[103.64076677533154,-0.36628890020369864],[103.64076668238472,-0.3661085512289824],[103.6409458277182,-0.3661084576789534],[103.64094573481363,-0.3659281087502257],[103.64076658948372,-0.36592820225416983],[103.64076649662847,-0.3657478532792606],[103.64112478723541,-0.36574766635996636],[103.64112488009776,-0.3659280152427038],[103.64130402533611,-0.36592792173160427]]],[[[103.63574929940847,-0.363586265465075],[103.63574957616669,-0.3641273162619592],[103.63521213616552,-0.36412759507082293],[103.63521204387767,-0.3639472446671946],[103.63485375032202,-0.3639474304299137],[103.63485347375398,-0.36340637894228833],[103.63503262054407,-0.3634062862007883],[103.63503252844264,-0.3632259357507485],[103.63521167518347,-0.36322584305172373],[103.63521158312423,-0.3630454926476168],[103.63556987646169,-0.36304530733097495],[103.63557015279774,-0.3635863582668219],[103.63574929940847,-0.363586265465075]]],[[[103.65613902224224,-0.2930607584189432],[103.65613917159165,-0.2934214484992426],[103.6559600314463,-0.29342152372101676],[103.65596010618704,-0.2936018688072846],[103.65560182575285,-0.29360201933469],[103.65560190053382,-0.2937823645133435],[103.65452705811208,-0.2937828163040175],[103.65452698334823,-0.29360247084801716],[103.6547061238638,-0.29360239560297197],[103.654706049143,-0.2934220501931142],[103.6548851896098,-0.2934219749914205],[103.65488511493207,-0.29324162962770717],[103.65524339572222,-0.2932414793081628],[103.65524332108471,-0.29306113403682105],[103.65542246140807,-0.2930610589189756],[103.65542238681364,-0.2928807136937839],[103.65595980749961,-0.2928804884617491],[103.65595988210258,-0.2930608335482489],[103.65613902224224,-0.2930607584189432]]],[[[103.65990020997596,-0.2912557393488157],[103.65990028422785,-0.29143608341845023],[103.65972114507856,-0.2914361581914811],[103.65972099662643,-0.29107546995959277],[103.65990013577004,-0.2910753952791042],[103.65990006161009,-0.2908950512093161],[103.6602583397538,-0.29089490193235],[103.66025848813095,-0.29125558988675426],[103.65990020997596,-0.2912557393488157]]]]}},{"type":"Feature","properties":{"eventId":"RIAU-20261003-005","firstDetection":"2026-10-03T06:27:00+00:00","lastDetection":"2026-10-03T06:27:00+00:00","estimatedAreaHa":64.51,"confidence":"sedang","hotspotCount":3,"detectionDays":1,"villages":["Kuala Selat","Penjuru"],"districts":["Kateman"],"regencies":["Indragiri Hilir"],"method":"Sentinel-2 dNBR/NBR indication","resolutionM":20,"clearCoveragePct":61.3,"preSceneDates":["2026-08-14","2026-08-22","2026-09-03","2026-09-26"],"postSceneDates":["2026-10-06"],"status":"estimate","disclaimer":"Estimasi berbasis citra satelit; bukan hasil verifikasi lapangan.","province":"Riau","villageAreas":[{"village":"Kuala Selat","district":"Kateman","regency":"Indragiri Hilir","areaHa":54.132295},{"village":"Penjuru","district":"Kateman","regency":"Indragiri Hilir","areaHa":10.232378}],"unassignedAreaHa":0.149263},"geometry":{"type":"MultiPolygon","coordinates":[[[[103.72632270162069,0.18988415730776317],[103.72614358095944,0.18988420671891004],[103.72614354169471,0.18973987317541452],[103.72560622543398,0.18990902829453557],[103.72560626779357,0.19006468194621828],[103.72578538859646,0.19006463249371913],[103.72578553617413,0.19060561336766246],[103.72596465693599,0.19060556377254295],[103.72596470622359,0.19078589068350188],[103.72632294761117,0.19078579139382765],[103.72632284907513,0.19042513775955358],[103.7265019696953,0.19042508820577234],[103.72650187134202,0.19006443466514839],[103.72632275072556,0.1900644841250772],[103.72632270162069,0.18988415730776317]]],[[[103.7207705807079,0.19222995571148765],[103.72041233640243,0.19223005563546824],[103.72041238605165,0.19241038399970004],[103.72023326382723,0.19241043400573876],[103.72023336326157,0.19277109082778182],[103.72005424098685,0.19277114092566933],[103.720054290772,0.19295146938347865],[103.72077077959906,0.19295126879315622],[103.72077068006037,0.19259061225242421],[103.720949802147,0.19259056219387277],[103.72094975244562,0.19241023397030163],[103.72077063036085,0.1924102839819815],[103.7207705807079,0.19222995571148765]]],[[[103.71163630545429,0.19588443176008258],[103.71144978512646,0.1960194982043737],[103.71163634325397,0.19601944524565001],[103.71163630545429,0.19588443176008258]]],[[[103.71181541725964,0.19583906378343846],[103.71181539368526,0.1957547471790403],[103.71169891083687,0.1958390968278634],[103.71181541725964,0.19583906378343846]]],[[[103.71109907059328,0.19638025938406875],[103.71109904064824,0.196273485585155],[103.71095153318089,0.19638030133737228],[103.71109907059328,0.19638025938406875]]],[[[103.71127814465495,0.19619987769381544],[103.71127812894191,0.19614380095869774],[103.71120065923942,0.19619989970877735],[103.71127814465495,0.19619987769381544]]],[[[103.72220455827376,0.19583611384008456],[103.722204507721,0.1956557859455924],[103.72148802027073,0.19565598940913606],[103.72148807081588,0.1958363174911536],[103.7216671927502,0.19583626658125708],[103.72166724334382,0.19601659461634396],[103.72184636523349,0.1960165436576532],[103.72184641587558,0.19619687164580746],[103.72202553772055,0.19619682063831884],[103.72202558841111,0.19637714857953886],[103.72220471021144,0.19637709752324883],[103.72220476095049,0.19655742541753274],[103.72238388270615,0.19655737431243775],[103.72238393349367,0.1967377021597837],[103.72256305520467,0.1967376510058804],[103.72256310604068,0.19691797880628645],[103.72274222770702,0.1969179276035713],[103.72274202463481,0.19619661658919071],[103.72256290297611,0.19619666760434878],[103.7225628523264,0.19601633980373395],[103.72238373062304,0.19601639077008715],[103.7223836800218,0.19583606292253275],[103.72220455827376,0.19583611384008456]]],[[[103.72041369327194,0.19709892145165234],[103.72059281549896,0.19709887022516204],[103.72059286640706,0.19727919854112924],[103.72077198858945,0.19727914726584284],[103.72077203954603,0.19745947553488777],[103.72095116168379,0.19745942421080173],[103.720951008948,0.19691843954412475],[103.720771886816,0.19691849072759582],[103.72077183599909,0.1967381624583938],[103.72041359159921,0.19673826472582456],[103.72041369327194,0.19709892145165234]]],[[[103.71432356070547,0.19728099196152302],[103.71450268451629,0.1972809407537166],[103.71450263367326,0.19710061084522137],[103.71468175743567,0.19710055968229692],[103.71468160517986,0.19655957009692746],[103.71432335762002,0.19655967213999562],[103.71432345906976,0.19692033205086382],[103.71414433521628,0.19692038316312932],[103.71414438600897,0.1971007131652915],[103.7137861381587,0.19710081547765657],[103.71378618899406,0.19728114557337403],[103.71360706499728,0.1972811967734683],[103.71360711587721,0.1974615269159346],[103.71342799183202,0.19746157816090026],[103.71342804275652,0.19764190835011355],[103.71360716680363,0.19764185705834855],[103.71360721777654,0.19782218720071001],[103.71378634177908,0.19782213586021222],[103.71378629080424,0.19764180576465193],[103.71414453866602,0.19764170317146407],[103.71414448773383,0.19746137316945891],[103.71432361159306,0.19746132191677407],[103.71432356070547,0.19728099196152302]]],[[[103.71665216661881,0.19728032610965276],[103.71611479672106,0.19728047979669702],[103.7161147458608,0.1971001503095551],[103.71593562247045,0.19710020148788976],[103.71593567332877,0.19728053102185575],[103.71575654988997,0.1972805822450865],[103.71575670273829,0.19782157098713712],[103.71593582618284,0.1978215196234395],[103.71593587722721,0.19800184915719576],[103.7162941239806,0.19800174633035061],[103.7162940729324,0.19782141689024424],[103.7164731962374,0.19782136552074667],[103.71647314523378,0.19764103612741538],[103.71665226849036,0.1976409848028139],[103.71665216661881,0.19728032610965276]]],[[[103.71074372727699,0.2064788910882805],[103.71074388707257,0.2070198837530537],[103.71110213671881,0.20701977636105684],[103.7111019769112,0.20647878397692704],[103.71074372727699,0.2064788910882805]]],[[[103.71522210115208,0.20737920020794262],[103.71522199428883,0.20701854077141033],[103.71540111797312,0.2070184870258427],[103.71540101129186,0.20665782768272473],[103.71450539242551,0.20665809592219522],[103.71450544573283,0.2068384258278494],[103.71414719785679,0.20683853320311463],[103.71414725120661,0.20701886320232868],[103.71271425782676,0.20701929299691965],[103.71271441810687,0.20756028411739794],[103.71325179099107,0.20756012253845302],[103.71325173751184,0.20737979230539777],[103.71360998586486,0.20737968466955575],[103.71361003934811,0.2075600148090138],[103.71414741153502,0.20755985319964113],[103.71414735804572,0.20737952320059197],[103.71522210115208,0.20737920020794262]]],[[[103.71074474637753,0.2099051779567977],[103.71146124561366,0.2099049601710677],[103.71146119155053,0.20972462947085205],[103.71164031624136,0.20972457506607103],[103.71164026222263,0.20954424441257988],[103.71074463831397,0.2095445161821053],[103.71074474637753,0.2099051779567977]]],[[[103.7159404961305,0.21369051838754496],[103.7161196197043,0.21369046290139096],[103.71611945456522,0.21314947445467972],[103.71594033099761,0.21314952980036117],[103.7159402211416,0.2127888707419556],[103.71522372642268,0.21278909172929222],[103.71522378131917,0.21296942144580233],[103.7150446575211,0.21296947673425282],[103.71504471246203,0.21314980649752172],[103.71486558861541,0.2131498618307045],[103.71486564360077,0.2133301916407304],[103.71468651970557,0.2133302470186418],[103.71468646472228,0.2131499171618041],[103.71396996868478,0.21315013846537129],[103.7139700236598,0.21333046850943865],[103.7134326511373,0.21333063460564486],[103.71343270615259,0.21351096479005946],[103.71361183037531,0.2135109093799428],[103.7136119405495,0.21387156965500292],[103.71432843699209,0.21387134761923843],[103.71432838187346,0.21369101766895232],[103.71468662981165,0.21369090673214733],[103.71468668493443,0.21387123658881504],[103.71594055126782,0.21387084791649283],[103.7159404961305,0.21369051838754496]]],[[[103.70913623238552,0.22162720276582434],[103.70931535781847,0.22162714530171368],[103.70931541492263,0.22180747655937547],[103.71003191619862,0.2218072464942258],[103.71003185908584,0.22162691542361065],[103.70985273383869,0.22162697289638547],[103.7098526197568,0.22126631066145033],[103.70913611832084,0.2212665401568101],[103.70913623238552,0.22162720276582434]]],[[[103.71379544799467,0.22775693095904612],[103.71379538930255,0.2275766008728561],[103.7139745135993,0.22757654180792727],[103.71397445495143,0.22739621176848002],[103.71325795749435,0.2273964478276484],[103.71325789890182,0.22721611760093888],[103.71289964989877,0.2272162355235985],[103.7128997084869,0.2273965658438983],[103.71272058391345,0.22739662484868975],[103.71272064254583,0.2275769552157218],[103.7125415179237,0.22757701426508153],[103.7125416353235,0.22793767509254587],[103.71289988453015,0.22793755680443564],[103.7128999433042,0.2281178871244938],[103.71307906784001,0.22811782793030289],[103.71307924444768,0.22865881874973118],[103.71325836894367,0.22865875941292263],[103.7132582511543,0.22829809896028994],[103.71343737559937,0.2282980397148422],[103.7134372579915,0.22793737935556266],[103.71361638238564,0.227937320201483],[103.71361632364923,0.22775699006855207],[103.71379544799467,0.22775693095904612]]],[[[103.71899169785227,0.23280442017955663],[103.71899175795818,0.23298474890596788],[103.71952912686305,0.23298456729397415],[103.7195291870223,0.23316489587975556],[103.72006655551505,0.23316471410668568],[103.72006649534903,0.23298438566148827],[103.72024561808459,0.23298432511277253],[103.72024549788766,0.23262366831592163],[103.719349883767,0.23262397056811848],[103.71934994383088,0.23280429920088133],[103.71899169785227,0.23280442017955663]]],[[[103.74763617335071,0.1841079850433977],[103.74763622117676,0.18428830626570986],[103.74727799103827,0.18428840260548918],[103.74727808682368,0.1846490452384993],[103.74763631696932,0.1846489487101868],[103.74763626904964,0.18446862748797288],[103.74799449900442,0.18446853104671707],[103.74799445112797,0.18428820991872763],[103.74781533617579,0.18428825809311913],[103.74781528834794,0.1841079369179429],[103.74763617335071,0.1841079850433977]]],[[[103.74889050614799,0.18609117794028934],[103.74871139141196,0.18609122659514923],[103.7487115366082,0.18663218941178322],[103.74906976604427,0.18663209181736085],[103.74906971759508,0.18645177097282722],[103.74924883224105,0.1864517222200307],[103.74924878383689,0.1862714014225974],[103.7488905545017,0.18627149883207048],[103.74889050614799,0.18609117794028934]]],[[[103.7444130114805,0.18753497032421362],[103.74441296284444,0.18735464825464684],[103.74459207871661,0.1873545993136978],[103.74459203012552,0.1871742772911853],[103.74477114594907,0.1871742283955116],[103.74477104890362,0.18681358444454912],[103.74441281721697,0.1868136820456473],[103.74441276876806,0.1866333599758813],[103.74423365285635,0.1866334087265898],[103.74423360445604,0.18645308660967166],[103.74441272036593,0.18645303790606557],[103.7444126720106,0.1862727158362002],[103.74405444014765,0.18627281314738728],[103.74405439184272,0.1860924909832692],[103.74387527584287,0.18609253958903363],[103.74387522758653,0.18591221737776706],[103.74315876312654,0.18591241159426278],[103.74315881137566,0.18609273399390736],[103.7426214625341,0.18609287977846953],[103.74262151082458,0.1862732023193297],[103.74208416155666,0.18627334822877545],[103.74208420988849,0.1864536709108352],[103.74154686019423,0.18645381694513277],[103.7415469085674,0.1866341397683762],[103.74100955844688,0.1866342859274938],[103.74100960686135,0.18681460889190507],[103.74065137321027,0.18681470641633444],[103.74065142166788,0.1869950294748321],[103.74083053851861,0.18699498066646303],[103.74083063557771,0.18735562668917466],[103.74100975238531,0.18735557778484038],[103.74100980098683,0.1875359007490525],[103.7411889177495,0.18753585179581667],[103.74118906384,0.18807682054694108],[103.741905530445,0.18807662415077092],[103.7419054816941,0.18789630142208],[103.74280106388902,0.18789605612093233],[103.74280101517579,0.18771573362760674],[103.7438757122552,0.1877154394881975],[103.74387566357781,0.1875351172773785],[103.7444130114805,0.18753497032421362]]],[[[103.73115884367982,0.1895221714058545],[103.73080060483633,0.18952227013860998],[103.73080055582533,0.18934194449482966],[103.73026319721566,0.18934209243917227],[103.73026324622116,0.18952241822385293],[103.73008412658947,0.18952246758189645],[103.73008417563977,0.18970279341348997],[103.72990505595959,0.1897028428166429],[103.72990520338485,0.19024382045200522],[103.7308008013469,0.1902435727132268],[103.73080075214926,0.1900632470696484],[103.73097987159989,0.19006319756328574],[103.7309797733409,0.18970254636991782],[103.73115889274116,0.18970249695564204],[103.73115884367982,0.1895221714058545]]],[[[103.72918857677242,0.18970304041071673],[103.72900945685902,0.18970308980460066],[103.72900955507744,0.19006374203112145],[103.72883043511371,0.1900637915170534],[103.72883048429104,0.19024411767718896],[103.7290096042566,0.19024406814430608],[103.72900965348242,0.19042439425744018],[103.7291887734032,0.19042434467574554],[103.72918872417554,0.19024401860956416],[103.72936784404783,0.1902439690729631],[103.72936774572875,0.18988331703435754],[103.72918862586016,0.1898833664770497],[103.72918857677242,0.18970304041071673]]],[[[103.73295023169653,0.1902429779505322],[103.73259199377162,0.1902430770962387],[103.73259204303437,0.19042340226998417],[103.73223380491906,0.19042350150222498],[103.73223400242202,0.19114480257258235],[103.73259224055215,0.19114470296445923],[103.7325921911027,0.19096437779091657],[103.73277131009588,0.19096432803104113],[103.7327712113333,0.19060367777777942],[103.73295033027613,0.19060362811001727],[103.73295023169653,0.1902429779505322]]],[[[103.73080104803488,0.1911452009303595],[103.73080099860398,0.19096487528703437],[103.73062187909746,0.1909649250263825],[103.73062182971506,0.19078459933603809],[103.73044271016376,0.1907846490265532],[103.7304427595443,0.19096497476386437],[103.7302636399445,0.19096502449948013],[103.73026383792576,0.191686327636077],[103.73044295753301,0.19168627771260108],[103.73044300714682,0.19186660344965797],[103.73080124622507,0.19186650350315124],[103.73080119660754,0.1916861778600297],[103.73098031607482,0.1916861279309342],[103.73098021697601,0.19132547673847894],[103.7311593363929,0.1913254269014544],[103.73115928691163,0.19114510135212257],[103.73080104803488,0.1911452009303595]]],[[[103.74227851548274,0.23640299003724108],[103.7422785768179,0.23658331265657473],[103.74209945977593,0.23658337442695865],[103.74209952115557,0.23676369709331088],[103.74192040406454,0.23676375890846296],[103.7419205269595,0.23712440433513793],[103.74209964405513,0.23712434242582617],[103.74209970557509,0.2373046650919892],[103.74192058847714,0.23730472704838068],[103.74192077331064,0.2378456951877301],[103.74209989041549,0.23784563309009898],[103.74209982875524,0.23766531042412564],[103.74227894581102,0.23766524837125208],[103.74227882262623,0.2373046031332788],[103.74245793963063,0.23730454117224964],[103.74245763247563,0.2364029283116287],[103.74227851548274,0.23640299003724108]]],[[[103.73869709005156,0.23910907746721008],[103.73905532592994,0.23910895269460683],[103.73905538792484,0.23928927616019027],[103.73959274139881,0.2392890888426015],[103.73959280344742,0.23946941216696088],[103.73977192118092,0.23946934967603115],[103.7397719832786,0.23964967295326986],[103.74013021861002,0.23964954787027126],[103.74013003244329,0.23910857832072135],[103.73941356162135,0.23910882791265767],[103.73941349966854,0.23892850454111578],[103.73869702810805,0.23892875390746504],[103.73869709005156,0.23910907746721008]]],[[[103.73816023305825,0.24055185421332703],[103.73798111489015,0.24055191696544298],[103.73798099032076,0.24019126947055994],[103.73780187211061,0.2401913321262467],[103.73780205902777,0.24073230350959327],[103.73762294076388,0.24073236630404568],[103.73762300316072,0.24091269014540406],[103.73744388484776,0.2409127529845398],[103.73744400977692,0.2412734007611359],[103.73780224636546,0.24127327489236358],[103.73780218387283,0.24109295109817094],[103.73798130209467,0.24109288820728764],[103.73798117724492,0.24073224071278862],[103.73816029541537,0.24073217791363158],[103.73816023305825,0.24055185421332703]]],[[[103.72562348072326,0.24524474287568276],[103.7259817235755,0.2452446152536388],[103.725981660212,0.24506428836016794],[103.72616078156582,0.24506422459247404],[103.72616084493171,0.24524455143902185],[103.7263399662413,0.2452444876220082],[103.72633990287304,0.2450641608223852],[103.72651902413365,0.24506409704990165],[103.72651896080961,0.24488377029714004],[103.72669808202122,0.24488370656918984],[103.72669801874143,0.24470337986329163],[103.72687713990405,0.24470331617987845],[103.7268770766685,0.24452298952084517],[103.72669795550824,0.24452305315732822],[103.72669782918173,0.24416239974520676],[103.72687695033724,0.24416233620258382],[103.72687688724154,0.24398200954335583],[103.72723512940794,0.24398188254481742],[103.72723506635414,0.24380155597938996],[103.727772429247,0.24380136560451168],[103.7277724923079,0.24398169202912764],[103.72813073400808,0.24398156500674636],[103.72813067094242,0.24380123867601353],[103.72848891245133,0.24380111173798535],[103.72848897552173,0.24398143797482807],[103.7286680962086,0.2439813744552925],[103.72866841227192,0.24488300540379368],[103.72848929157318,0.24488306915806787],[103.72848935492338,0.24506339539452074],[103.7286684756245,0.24506333159329888],[103.7286685390237,0.2452436577827389],[103.72974326226527,0.245243274643393],[103.72974319885179,0.2450629487356763],[103.72992231922642,0.24506288491769074],[103.7299222558572,0.2448825590568689],[103.7301013761828,0.2448824952834503],[103.73010143955439,0.24506282109731028],[103.73028055983572,0.24506275727453505],[103.73028062325635,0.24524308304136627],[103.73099710392466,0.24524282753844542],[103.73099716740147,0.24542315311733942],[103.73189276719896,0.24542283344988633],[103.73189270371024,0.24524250810587184],[103.7324300630216,0.2452423164175693],[103.73242999957242,0.2450619912144385],[103.73260911924714,0.24506192736053115],[103.73260905584226,0.24488160220432173],[103.73278817546793,0.24488153839500784],[103.7327882388752,0.24506186350422896],[103.73296735845658,0.24506179964553199],[103.73296742191289,0.24524212470769802],[103.73278830232914,0.2452421886133849],[103.73278836582976,0.2454225137224757],[103.73404220195243,0.24542206600337305],[103.73404213843516,0.24524174122324935],[103.73440037690243,0.2452416133759279],[103.73440044042447,0.24542193806204507],[103.73493779778232,0.2454217461320661],[103.73493773425312,0.24524142158697187],[103.73475861518293,0.24524148551902036],[103.7347585517028,0.24506116092685146],[103.73493767077063,0.24506109704181242],[103.73493754394575,0.24470044795129797],[103.73511666296211,0.24470038415788659],[103.73511659961734,0.2445200596595429],[103.73475836154263,0.2445201871499541],[103.7347582982493,0.24433986255752485],[103.73457917914428,0.24433992625213866],[103.7345791159,0.24415960161263672],[103.73439999675067,0.244159665257857],[103.73439993355545,0.2439793405712844],[103.7338625758344,0.24397953135162256],[103.73386263902248,0.24415985617920224],[103.73296704187514,0.2441601743337257],[103.73296710509808,0.24434049939621702],[103.7327879855262,0.2443405630669539],[103.73278792230565,0.24416023795747255],[103.73260880268947,0.24416030157883348],[103.73260855028344,0.24343900095230656],[103.73189207138985,0.24343925466214922],[103.73189200841449,0.24325892931742013],[103.73171288857678,0.24325899269195414],[103.73171282565043,0.24307866730018093],[103.73153370576843,0.2430787306253601],[103.73153364289111,0.24289840518654462],[103.73135452296478,0.2428984684623725],[103.73135446013649,0.24271814297651653],[103.73117534016588,0.24271820620299664],[103.73117521465397,0.24235755513714283],[103.73135433461988,0.24235749200461104],[103.73135414669493,0.24181651554626973],[103.73153326660713,0.24181645255229725],[103.7315330790951,0.24127547623430504],[103.73117483923811,0.24127560193803674],[103.73117490169076,0.24145592747138175],[103.73099578168993,0.24145599036668325],[103.7309957192396,0.24127566478636597],[103.73081659919445,0.24127572763233737],[103.73081647443848,0.24091507637756895],[103.73009999381007,0.2409153273621469],[103.7300999315114,0.24073500154680189],[103.72992081124,0.24073506424009894],[103.72992056252122,0.240013760790232],[103.72938320145515,0.2400139482925088],[103.72938326355789,0.24019427429594614],[103.72920414310691,0.24019433683896887],[103.72920408100651,0.24001401078857673],[103.72884583996931,0.24001413577367628],[103.72884590206505,0.2401944619179726],[103.72741293603222,0.2401949621400971],[103.72741355936746,0.2419982273350041],[103.72723443838014,0.24199829032156067],[103.72723450096774,0.24217861688763387],[103.72705537993144,0.24217867991875902],[103.72705531734618,0.24199835330575226],[103.72562234739642,0.2419988570941485],[103.72562240996287,0.2421791840825607],[103.72544328850705,0.24217924709238595],[103.72544322594295,0.24199892005705598],[103.72472673966307,0.24199917188503622],[103.72472705290255,0.24290080799930877],[103.72490617455418,0.24290074481130758],[103.72490636306412,0.24344172633836486],[103.7247272414054,0.24344178966709817],[103.72472730433287,0.2436221168895653],[103.7245481826252,0.24362218026282856],[103.7245482455969,0.2438025075321399],[103.72472736730695,0.2438024441119678],[103.7247274933949,0.24416309855657828],[103.72454837168011,0.24416316207056835],[103.72454843479161,0.24434348933968528],[103.72472755650877,0.24434342577878626],[103.72472774612994,0.24488440744502052],[103.72454862440567,0.24488447114664633],[103.72454868770355,0.2450647984155033],[103.7247278094302,0.24506473466696851],[103.72472793617051,0.24542538911066925],[103.72490705785533,0.2454253252659181],[103.7249069944595,0.24524499809101108],[103.72526523768458,0.24524487048814025],[103.72526517433059,0.24506454340699474],[103.7256234173645,0.24506441588837108],[103.72562348072326,0.24524474287568276]]],[[[103.73493817993811,0.24650369340125905],[103.73493824379416,0.2466840179458953],[103.73529648183269,0.24668388932241603],[103.73529641797184,0.2465035648718039],[103.73547553691866,0.24650350060346304],[103.73547547310211,0.24632317619980001],[103.73475899704421,0.24632343307066204],[103.73475906085119,0.24650375766237337],[103.73493817993811,0.24650369340125905]]],[[[103.73726736479217,0.24830609711814827],[103.73726730048452,0.24812577318538698],[103.73744641893911,0.24812570846724263],[103.73744622628922,0.24758473680966542],[103.73726710784184,0.2475848013867074],[103.73726704372106,0.2474044774536825],[103.73708792522936,0.24740454198127287],[103.73708786115769,0.2472242180011498],[103.737266979647,0.2472241535205917],[103.73726691561964,0.24704382958743512],[103.73780427080004,0.24704363627237372],[103.73780414287113,0.24668298868807856],[103.73798326116635,0.24668292433897535],[103.73798319726959,0.24650260059376863],[103.7381623155157,0.24650253628929603],[103.73816218785757,0.2461418888927682],[103.73798306961625,0.2461419531031585],[103.73798300585968,0.24596162935775523],[103.73780388757402,0.24596169351870095],[103.73780382386654,0.24578136972619288],[103.73672911318576,0.24578175435919486],[103.7367291768789,0.24596207843390216],[103.7365500582662,0.24596214257802346],[103.73654999457544,0.24578181845628916],[103.73637087591842,0.2457818825509816],[103.73637106712367,0.246322855057064],[103.73655018578786,0.24632279082129566],[103.73655024961877,0.24650311494283356],[103.73672936823863,0.24650305065763115],[103.73672949604536,0.2468636988064561],[103.7365503774207,0.24686376318571251],[103.73655044139174,0.24704408730705346],[103.73637132271797,0.24704415173092292],[103.73637138673332,0.24722447589922342],[103.73619226801046,0.24722454036770228],[103.7361923320701,0.24740486458296063],[103.73601321329812,0.24740492909604525],[103.73601334155276,0.2477655776204079],[103.73583422272927,0.24776564222511507],[103.73583428692424,0.24794596653421752],[103.73565516805164,0.2479460311835218],[103.73565523229091,0.24812635553957643],[103.73601346999423,0.24812622614450694],[103.73601353428504,0.24830655040645744],[103.73619265306905,0.24830648565826402],[103.73619271740897,0.24848680987312668],[103.73637183614868,0.24848674507548327],[103.73637177180635,0.248306420907644],[103.73655089049694,0.2483063561545977],[103.73655095484168,0.24848668027541157],[103.73708831064042,0.24848648586062771],[103.73708824628845,0.24830616188090027],[103.73726736479217,0.24830609711814827]]]]}},{"type":"Feature","properties":{"eventId":"RIAU-20260920-006","firstDetection":"2026-09-20T08:50:00+00:00","lastDetection":"2026-09-20T18:53:00+00:00","estimatedAreaHa":99.2,"confidence":"sedang","hotspotCount":2,"detectionDays":1,"villages":["Area Tidakterdefinisi","Pancur","Penyaguan","Penyaguan/Kuala Mulia"],"districts":["Batang Gangsal","Batang Gangsal/Kuala Cenaku","Keritang"],"regencies":["Indragiri Hilir","Indragiri Hulu"],"method":"Sentinel-2 dNBR/NBR indication","resolutionM":20,"clearCoveragePct":78.9,"preSceneDates":["2026-08-22","2026-08-27","2026-09-03"],"postSceneDates":["2026-09-23"],"status":"estimate","disclaimer":"Estimasi berbasis citra satelit; bukan hasil verifikasi lapangan.","province":"Riau","villageAreas":[{"village":"Area Tidakterdefinisi","district":"Batang Gangsal","regency":"Indragiri Hulu","areaHa":27.727659},{"village":"Pancur","district":"Keritang","regency":"Indragiri Hilir","areaHa":3.745259},{"village":"Penyaguan","district":"Batang Gangsal","regency":"Indragiri Hulu","areaHa":62.163478},{"village":"Penyaguan/Kuala Mulia","district":"Batang Gangsal/Kuala Cenaku","regency":"Indragiri Hulu","areaHa":5.563604}],"unassignedAreaHa":0.0},"geometry":{"type":"MultiPolygon","coordinates":[[[[102.6531405473613,-0.578385201781584],[102.65314031621257,-0.5780240499060475],[102.6529609398503,-0.578024166214145],[102.65296070885726,-0.5776630142653802],[102.65314008520825,-0.5776628980299573],[102.65313996976023,-0.5774823220917048],[102.65331934606947,-0.5774822058869441],[102.65331969253873,-0.5780239335922698],[102.65349906882881,-0.578023817272812],[102.65349953131584,-0.5787461207326119],[102.65332015500319,-0.578746237197433],[102.65331992369876,-0.5783850853951282],[102.6531405473613,-0.578385201781584]]],[[[102.65313985434831,-0.577301746153314],[102.6531397389725,-0.577121170214785],[102.65278098626824,-0.5771214024619361],[102.65278075564744,-0.5767602504391182],[102.65313950832918,-0.5767600183373124],[102.65313939306166,-0.576579442398369],[102.65349814558772,-0.5765792103465722],[102.65349826086648,-0.5767597862128357],[102.65367763708099,-0.5767596701420961],[102.6536778677581,-0.5771208218015238],[102.65331911527048,-0.5771210540827024],[102.65331923065193,-0.5773016299848924],[102.65313985434831,-0.577301746153314]]],[[[102.65798253997386,-0.5765763077868856],[102.65798242459051,-0.5763957328295805],[102.65780304925428,-0.5763958489635725],[102.65780293391272,-0.5762152739697443],[102.65798230924332,-0.5762151578721374],[102.65798207865735,-0.575854007956837],[102.65905832981431,-0.5758533116889861],[102.65905844512294,-0.5760338864283571],[102.65887907001489,-0.5760340025235413],[102.6588793007294,-0.5763951520746609],[102.65852055038229,-0.5763953843936206],[102.65852066578253,-0.5765759592417598],[102.65798253997386,-0.5765763077868856]]],[[[102.65726342662663,-0.574048720982162],[102.65708405121883,-0.5740488366205835],[102.65708393636956,-0.5738682614794417],[102.65654580994612,-0.5738686082517368],[102.65654535097764,-0.5731463072493016],[102.65833910423356,-0.5731451525995078],[102.65833921897743,-0.5733257274865159],[102.65851859410982,-0.5733256119541698],[102.65851905346925,-0.5740479113552661],[102.65833967831445,-0.574048027033174],[102.65833956342597,-0.5738674521467156],[102.65726331177177,-0.5738681458773981],[102.65726342662663,-0.574048720982162]]],[[[102.65708244661778,-0.5715207846321061],[102.65690307125212,-0.5715208997556191],[102.65690341448216,-0.5720626252931127],[102.65672403906359,-0.5720627405201333],[102.65672415354031,-0.572243315735398],[102.65654477808003,-0.5722434309931698],[102.65654466360891,-0.5720628557415322],[102.6563652881181,-0.5720629709573096],[102.65636540258362,-0.5722435462453183],[102.65618602705109,-0.5722436614918434],[102.65618648525219,-0.5729659627879835],[102.65600710966116,-0.5729660781743551],[102.65600676597292,-0.5724243520933535],[102.65582739036253,-0.5724244673649979],[102.655826703995,-0.5713410149811013],[102.65654420608577,-0.5713405547336119],[102.65654409179533,-0.5711599794812896],[102.65672346722212,-0.5711598644417539],[102.65672323873848,-0.5707987140094444],[102.65690261411798,-0.5707985990370452],[102.65690181552452,-0.5695345727742789],[102.65708119082893,-0.5695344580509042],[102.65708107688314,-0.5693538829063394],[102.65761920256286,-0.5693535388117746],[102.65761943052392,-0.5697146888824898],[102.65744005532238,-0.5697148036590358],[102.6574409685679,-0.5711594042274861],[102.65726159328565,-0.5711595192894718],[102.65726170759842,-0.5713400943962927],[102.65708233227446,-0.5713402094890441],[102.65708244661778,-0.5715207846321061]]],[[[102.64972779881838,-0.5711643468246773],[102.64972768477588,-0.5709837701913717],[102.64954830794676,-0.5709838849757095],[102.64954842198368,-0.5711644616453185],[102.6493690451129,-0.5711645764603471],[102.64936893108157,-0.5709839997544364],[102.64918955418032,-0.5709841145275522],[102.64918932623698,-0.5706229610427208],[102.64972745679911,-0.5706226169243507],[102.64972734286484,-0.5704420402906352],[102.65008609638146,-0.5704418109229632],[102.65008621032688,-0.5706223874840665],[102.65044496371034,-0.5706221580213525],[102.65044519173169,-0.5709833109979104],[102.65026581504685,-0.5709834258046923],[102.65026592910606,-0.5711640023290768],[102.64972779881838,-0.5711643468246773]]],[[[102.65636266538323,-0.5679097392953874],[102.65636312013802,-0.5686320404591656],[102.65600436925955,-0.5686322694918635],[102.65600402817255,-0.5680905434010248],[102.6561834036132,-0.5680904289965716],[102.65618328998424,-0.5679098536690537],[102.65636266538323,-0.5679097392953874]]],[[[102.65833567872762,-0.5677279059256268],[102.65833556510445,-0.5675473310343833],[102.6586943149767,-0.5675471022931001],[102.6586947697307,-0.5682694015661285],[102.65851539479048,-0.568269516085127],[102.65851550856382,-0.5684500909394361],[102.65815675856382,-0.5684503200334601],[102.65815630373174,-0.5677280203242915],[102.65833567872762,-0.5677279059256268]]],[[[102.6473935113536,-0.5673737198192245],[102.64703475694414,-0.5673739477852224],[102.64703487018221,-0.5675545249656181],[102.64685549291787,-0.5675546389765306],[102.64685560618643,-0.567735216193067],[102.64703498345631,-0.5677351021458777],[102.64703611817953,-0.5695408739409957],[102.64685674085415,-0.5695409883509529],[102.64685685451913,-0.5697215655659928],[102.64649809974914,-0.5697217944416652],[102.64649775889566,-0.5691800625784921],[102.64631838147328,-0.5691801768991158],[102.64631826793308,-0.5689995995748476],[102.64649764534991,-0.5689994852904954],[102.6464974183665,-0.5686383307140934],[102.64667679573617,-0.5686382164966961],[102.64667656888581,-0.5682770619922963],[102.64649719152722,-0.5682771761371471],[102.6464969648321,-0.567916021559657],[102.64667634217957,-0.5679159074873527],[102.64667600239052,-0.5673741757289181],[102.64685537968535,-0.5673740617598582],[102.64685515332843,-0.5670129073261063],[102.64667577604466,-0.5670130212226163],[102.6466756629258,-0.5668324439692618],[102.64649628561155,-0.5668325578239265],[102.64649617253424,-0.566651980534163],[102.64631679518948,-0.566652094346986],[102.64631656915404,-0.5662909396945098],[102.64649594648775,-0.5662908259542297],[102.64649583351853,-0.5661102486640598],[102.64721334247086,-0.5661097937923937],[102.64721356848952,-0.566470948082391],[102.64739294564856,-0.5664708342780057],[102.64739317182244,-0.5668319884949004],[102.6475725489565,-0.5668318746123842],[102.64757266210304,-0.5670124516843457],[102.64739328496344,-0.5670125656031441],[102.6473935113536,-0.5673737198192245]]],[[[102.65474851269715,-0.5682719196941602],[102.65456913696197,-0.568272034090307],[102.65456936430064,-0.5686331853991461],[102.65438998851826,-0.5686332998624115],[102.65438908007462,-0.5671886943329805],[102.65456845581267,-0.5671885801605258],[102.65456868271798,-0.5675497314709966],[102.65474805843098,-0.5675496172202623],[102.65474817194335,-0.5677301928389407],[102.65456879622481,-0.5677303071260282],[102.65456890976775,-0.5679108827809238],[102.65474828549183,-0.567910768457483],[102.65474851269715,-0.5682719196941602]]],[[[102.65385027292737,-0.5661055820098642],[102.6538503861232,-0.5662861578113765],[102.65349163437743,-0.56628638574269],[102.65349106881472,-0.5653835063703407],[102.65402919629634,-0.5653831650101866],[102.65402930935323,-0.5655637407758948],[102.6538499335566,-0.5655638546045147],[102.65385015976769,-0.5659250062082166],[102.65402953557535,-0.5659248923069048],[102.65402964874056,-0.5661054680722064],[102.65385027292737,-0.5661055820098642]]],[[[102.65313163956209,-0.5643002782286345],[102.6531313013406,-0.5637585503831289],[102.65349005307634,-0.5637583234915878],[102.65349039133086,-0.5643000511190551],[102.65313163956209,-0.5643002782286345]]],[[[102.65546262170322,-0.56285419780952],[102.655462509144,-0.5626736223326174],[102.65564188452748,-0.5626735090357698],[102.6556417719989,-0.5624929335950946],[102.65582114734076,-0.5624928203290817],[102.6558215976938,-0.5632151219455203],[102.65564222232996,-0.5632152353569877],[102.65564210969302,-0.5630346599167168],[102.65528335886796,-0.5630348866503264],[102.65528324627813,-0.5628543111371984],[102.65546262170322,-0.56285419780952]]],[[[102.65169516833488,-0.5619536953274394],[102.65151579217907,-0.5619538083573516],[102.65151590447309,-0.5621343846343063],[102.65061902312536,-0.5621349498826217],[102.65061913542803,-0.5623155263410293],[102.65043975904474,-0.5623156394104326],[102.65043964674759,-0.5621350629157126],[102.65008089388381,-0.5621352889653227],[102.65007999689276,-0.5606906764217698],[102.65043874966884,-0.5606904509531128],[102.65043863769633,-0.5605098744571834],[102.65151489512594,-0.5605091981368762],[102.65151511917271,-0.5608703506928011],[102.65169449529566,-0.5608702378808261],[102.65169471949771,-0.5612313903635678],[102.6518740955955,-0.5612312774734322],[102.65187431995288,-0.5615924298829874],[102.65169494384412,-0.5615925428457726],[102.65169516833488,-0.5619536953274394]]],[[[102.65241199942649,-0.5608697865778105],[102.65259137536898,-0.5608696737382777],[102.65259182402703,-0.5615919779766604],[102.65205369602555,-0.5615923169146835],[102.65205347165723,-0.5612311645777812],[102.65223284768284,-0.5612310516766151],[102.65223273554734,-0.5610504755442906],[102.65241211153139,-0.5610503626739396],[102.65241199942649,-0.5608697865778105]]],[[[102.64398140129495,-0.5610556616204517],[102.64398173705358,-0.5615973950248024],[102.64344360386096,-0.5615977331681214],[102.64344338001874,-0.5612365773478865],[102.6432640022268,-0.5612366899788058],[102.64326389036518,-0.561056112032246],[102.64362264590208,-0.561055886837376],[102.64362253406551,-0.560875308963166],[102.64398128944742,-0.5608750838187331],[102.64398117763591,-0.5606945060168801],[102.64416055526738,-0.5606943934726443],[102.64416033174143,-0.5603332379410327],[102.64469846438693,-0.5603329004927762],[102.6446986879457,-0.5606940558068765],[102.64433993286285,-0.5606942809228984],[102.64434004468531,-0.5608748586522528],[102.64416066708436,-0.5608749712382487],[102.64416077893738,-0.5610555490037192],[102.64398140129495,-0.5610556616204517]]],[[[102.65528167381312,-0.5603262539392736],[102.65510229842866,-0.560326366752404],[102.6551021863861,-0.5601457912009002],[102.65474343551975,-0.560146016737931],[102.6547430996416,-0.5596042898644819],[102.65456372417066,-0.5596044025156816],[102.65456316512335,-0.5587015242088215],[102.65474254056701,-0.5587014117393867],[102.6547426523097,-0.5588819873646734],[102.65510140309958,-0.5588817623366221],[102.65510129134597,-0.5587011867840468],[102.65528066668128,-0.5587010742981414],[102.65528044327155,-0.5583399232653062],[102.655639193812,-0.5583396984224691],[102.65563941724355,-0.5587008493098605],[102.65581879247048,-0.5587007368074848],[102.65581946366487,-0.5597841892482651],[102.65564008840518,-0.5597843019688228],[102.65564053656875,-0.5605066037387836],[102.65528178589727,-0.5605068294542848],[102.65528167381312,-0.5603262539392736]]],[[[102.6457739471548,-0.5590681833669312],[102.64559456989669,-0.5590682956343787],[102.64559401275432,-0.5581654082485737],[102.64649089854827,-0.5581648477630927],[102.64649112135163,-0.5585260023551374],[102.64613236712034,-0.5585262267108672],[102.64613247856518,-0.5587068040792298],[102.64595310139003,-0.5587069162851296],[102.64595321286545,-0.5588874936896264],[102.64577383564881,-0.5588876059263017],[102.6457739471548,-0.5590681833669312]]],[[[102.65205023453858,-0.5559944556324777],[102.65205056800544,-0.5565361841492699],[102.65187119208558,-0.5565362961004346],[102.65187130330794,-0.5567168723087588],[102.65205067923324,-0.5567167603212675],[102.65205090179711,-0.5570779126648628],[102.65187152586094,-0.5570780247250068],[102.65187185996108,-0.5576197533483788],[102.6516924839725,-0.5576198655120221],[102.65169270687548,-0.5579810179995852],[102.65151333083992,-0.5579811302303946],[102.65151321937583,-0.5578005539503571],[102.65115446720736,-0.5578007783228862],[102.65115457866055,-0.5579813546755643],[102.65025769758076,-0.557981915692532],[102.6502575861548,-0.5578013391582842],[102.65007820983605,-0.5578014513089194],[102.6500780984516,-0.5576208747382296],[102.64989872210225,-0.5576209868470767],[102.64989861075931,-0.5574404102399465],[102.64953985796328,-0.557440634368593],[102.64953996929532,-0.5576212110483316],[102.64936059283777,-0.5576213231407396],[102.64936048151115,-0.5574407464246994],[102.64918110502298,-0.5574408584753279],[102.6491806600989,-0.5567185514646352],[102.64936003656534,-0.5567184395592057],[102.64935981430881,-0.5563572861256592],[102.6495391907283,-0.5563571742873618],[102.64953930184397,-0.5565377509679003],[102.64989805458565,-0.5565375272022955],[102.64989794345912,-0.5563569505943653],[102.65007731977042,-0.5563568387396663],[102.65007720867453,-0.5561762621679102],[102.65025658494433,-0.5561761503440522],[102.6502563628499,-0.5558149972727575],[102.65061511525958,-0.5558147737538909],[102.6506152262996,-0.5559953502169821],[102.65097397857585,-0.5559951266036381],[102.65097386752495,-0.5558145502131764],[102.65187074755698,-0.555813991265807],[102.65187085863501,-0.5559945674746637],[102.65205023453858,-0.5559944556324777]]],[[[102.6529477809366,-0.5570773522820288],[102.65258902938909,-0.5570775764515851],[102.65258836203277,-0.5559941200731384],[102.65276773779199,-0.555994008209098],[102.65276762668684,-0.5558134321818909],[102.65294700240453,-0.5558133203487223],[102.6529477809366,-0.5570773522820288]]],[[[102.66066023543692,-0.5559890807824148],[102.66048086126762,-0.5559891928868493],[102.66048074992914,-0.5558086184236595],[102.65976325291192,-0.5558090666411353],[102.65976214173325,-0.5540033205456351],[102.66065901264353,-0.5540027620805348],[102.66066023543692,-0.5559890807824148]]],[[[102.65545792531816,-0.5552700276640928],[102.65545803639634,-0.5554506031464845],[102.65527866119504,-0.5554507149833983],[102.65527877230392,-0.555631290502017],[102.65509939706105,-0.555631402369831],[102.65509950820062,-0.555811977924675],[102.65474075759572,-0.5558122017166341],[102.654740646467,-0.555631626089079],[102.65492002178209,-0.555631514232185],[102.65491946665311,-0.554728636274188],[102.65474009136513,-0.5547287479493085],[102.65473998045309,-0.5545481723209558],[102.65491935573567,-0.5545480606821902],[102.65491924485436,-0.5543674850900593],[102.65473986957718,-0.5543675966924702],[102.65473953716615,-0.5538258698062171],[102.65545703799317,-0.553825423800177],[102.65545737046912,-0.5543671502501413],[102.65563674560183,-0.5543670386259402],[102.65563685650478,-0.5545476140726344],[102.65581623160676,-0.5545475024066221],[102.65581667560157,-0.5552698040466161],[102.65545792531816,-0.5552700276640928]]],[[[102.6468464378477,-0.55292788398989],[102.64684654819717,-0.5531084612172869],[102.64666717133439,-0.5531085723206268],[102.64666706099032,-0.552927995056955],[102.64630830716744,-0.5529282171747842],[102.6463081968702,-0.5527476398384359],[102.64612881991012,-0.5527477508529305],[102.64612859943453,-0.5523865961072982],[102.6464873532971,-0.5523863742179588],[102.64648746352766,-0.5525669515183004],[102.6468462172569,-0.5525667295346997],[102.64684632753428,-0.5527473067623611],[102.64702570435023,-0.552747195726139],[102.64702581466905,-0.5529277729173915],[102.6468464378477,-0.55292788398989]]],[[[102.65329839083509,-0.5437145098458851],[102.65329860827646,-0.5440756616997878],[102.6534779835369,-0.5440755522123648],[102.65347820113331,-0.5444367039930653],[102.65311945055505,-0.5444369231079234],[102.65311901554915,-0.5437146192552844],[102.65329839083509,-0.5437145098458851]]],[[[102.6570651547197,-0.5435316358506641],[102.65688578019756,-0.5435317453358879],[102.65688567146103,-0.5433511701357564],[102.65670629690807,-0.5433512795792652],[102.65670618821298,-0.5431707043426296],[102.65688556276064,-0.5431705949354948],[102.6568854540964,-0.5429900197351031],[102.65706482860261,-0.5429899103590068],[102.65706493727217,-0.5431704855230228],[102.65742368618682,-0.543170266682066],[102.65742401244412,-0.5437119919550613],[102.65724463798897,-0.5437121014873467],[102.65724474680837,-0.5438926766144644],[102.65706537231178,-0.5438927861777847],[102.6570651547197,-0.5435316358506641]]],[[[102.65885824572622,-0.5424470919033227],[102.65903761981893,-0.54244698257772],[102.65903772843834,-0.5426275573418741],[102.6592171025002,-0.5426274479745437],[102.65921721116104,-0.5428080227021704],[102.65885846299058,-0.5428082415042913],[102.65885857167699,-0.5429888163045806],[102.65867919753222,-0.5429889257340339],[102.65867930624948,-0.5431695005705868],[102.6579618092877,-0.5431699383805998],[102.65796137472033,-0.5424476384513808],[102.65814074899382,-0.5424475291524299],[102.65814085758673,-0.5426281040985431],[102.65832023182936,-0.5426279947578735],[102.65832034046372,-0.5428085696674684],[102.65849971467549,-0.5428084602850767],[102.65849960603583,-0.5426278854118718],[102.65885835434032,-0.542627666703872],[102.65885824572622,-0.5424470919033227]]],[[[102.65419180645564,-0.5379355388007495],[102.6541919140293,-0.5381161145501906],[102.65437128893491,-0.5381160062355604],[102.65437118135601,-0.5379354305224684],[102.65490930584045,-0.5379351056559091],[102.65490952106589,-0.5382962568638475],[102.65508889583231,-0.5382961484917096],[102.65508900350446,-0.538476724059129],[102.65526837824001,-0.5384766156453433],[102.65526848595354,-0.538657191176276],[102.65544786065824,-0.5386570827208388],[102.65544796841316,-0.5388376582152826],[102.65455109450221,-0.5388382006213174],[102.6545509867736,-0.5386576249450921],[102.65401286200944,-0.5386579502161256],[102.6540127543327,-0.5384773744307235],[102.65383337934435,-0.5384774828074692],[102.65383327170899,-0.5382969069855927],[102.65365389668979,-0.5382970153207031],[102.65365378909578,-0.5381164394623537],[102.65347441404573,-0.5381165477558323],[102.6534745216345,-0.5382971236505237],[102.65329514654307,-0.5382972319750549],[102.65329525416269,-0.5384778079059575],[102.65311587902991,-0.5384779162615374],[102.65311534131918,-0.5375750364240415],[102.65347409149608,-0.5375748200709849],[102.65347398405174,-0.5373942441757785],[102.65401210903059,-0.5373939197156059],[102.65401221649067,-0.5375744955017806],[102.65419159141665,-0.5375743873014805],[102.6541916989181,-0.5377549630511795],[102.65401232398686,-0.5377550712878268],[102.65401243151916,-0.5379356470737443],[102.65419180645564,-0.5379355388007495]]],[[[102.65903244860924,-0.5337793937463181],[102.65903234176156,-0.5335988189758482],[102.65921171556079,-0.5335987114283745],[102.65921182241367,-0.5337792861624474],[102.65939119618194,-0.5337791785733313],[102.6593913030762,-0.5339597532708777],[102.65957067681353,-0.5339596456401161],[102.65957078374916,-0.5341402203011338],[102.65939141000662,-0.5341403279682962],[102.6593915169732,-0.5343209026655867],[102.65885339551299,-0.5343212257447727],[102.65885350250008,-0.5345018005511267],[102.65867412860247,-0.534501908270081],[102.6586740216206,-0.534321333427334],[102.65813589972652,-0.5343216564435139],[102.65813568590251,-0.5339605065392955],[102.65831505989293,-0.5339603989452625],[102.6583148462031,-0.5335992491133089],[102.65849422014693,-0.5335991415868089],[102.658494326979,-0.5337797164664595],[102.6586737008919,-0.5337796088983241],[102.65867359405463,-0.5335990340550655],[102.65885296792618,-0.5335989265180784],[102.65885307476864,-0.5337795013249437],[102.65903244860924,-0.5337793937463181]]],[[[102.67216044791974,-0.5879431530112212],[102.67216056607002,-0.5881237250795549],[102.67180182034471,-0.5881239629849377],[102.67180170220591,-0.5879433908435551],[102.67162232929456,-0.5879435097510564],[102.67162221119779,-0.5877629375730109],[102.6714428382559,-0.5877630564382149],[102.67144272020114,-0.5875824842235081],[102.67126334722872,-0.5875826030464184],[102.67126322921597,-0.5874020307950526],[102.67162197511308,-0.587401793216497],[102.67162209313729,-0.5875823653948243],[102.67180146603715,-0.5875822465603671],[102.67180158410339,-0.5877628187020315],[102.6719809569727,-0.587762699825277],[102.67198107508096,-0.587943271930277],[102.67216044791974,-0.5879431530112212]]],[[[102.66695498134433,-0.5823488323162034],[102.66767247583509,-0.5823483617756868],[102.66767270963783,-0.5827095077461221],[102.66749333605812,-0.5827096254627965],[102.66749345300816,-0.5828901984842856],[102.6667759583042,-0.5828906694396326],[102.66677572448586,-0.5825295231047016],[102.66695509820484,-0.5825294054474044],[102.66695498134433,-0.5823488323162034]]],[[[102.66049390646177,-0.5767552552542916],[102.66067328126685,-0.576755138962517],[102.66067339680694,-0.5769357133735555],[102.65995589734709,-0.576936178652286],[102.65995566634808,-0.576575029538798],[102.66049379096346,-0.5765746808067034],[102.66049390646177,-0.5767552552542916]]],[[[102.67753377137925,-0.575841327327214],[102.67753342393429,-0.5752996143830863],[102.67825090897884,-0.5752991481991139],[102.67825102477995,-0.5754797190342961],[102.67789228231914,-0.5754799522107573],[102.67789239814536,-0.5756605231189705],[102.67771302685482,-0.5756606397353015],[102.67771314271175,-0.5758412106799591],[102.67753377137925,-0.575841327327214]]],[[[102.68058249971757,-0.574936491757355],[102.68058238395257,-0.5747559213975337],[102.68076175463332,-0.5747558048737559],[102.68076163889909,-0.5745752345504072],[102.68094100953786,-0.5745751180575943],[102.68094089383439,-0.57439454777072],[102.68112026443117,-0.5743944313088758],[102.68112038014027,-0.5745750015591359],[102.6812997507063,-0.574574885055032],[102.68129986645738,-0.5747554552685387],[102.68094112527771,-0.5747556883443307],[102.68094124105394,-0.574936258630929],[102.68058249971757,-0.574936491757355]]],[[[102.66766598821788,-0.5722362743780537],[102.66766679295432,-0.57350028532644],[102.6674874196624,-0.5735004011825837],[102.66748788028674,-0.5742226932959904],[102.6662322660718,-0.574223505152475],[102.66623215090058,-0.5740429318690127],[102.66587340366716,-0.574043163704295],[102.66587305840449,-0.5735014436342873],[102.66605243202251,-0.5735013278288615],[102.6660523170018,-0.5733207545083824],[102.66587294338937,-0.5733208702773431],[102.66587282841049,-0.5731402969202616],[102.66497595983297,-0.5731408754982639],[102.66497584491827,-0.5729603019587467],[102.66515521870063,-0.5729601862908659],[102.66515510381656,-0.5727796127876676],[102.6649757300398,-0.5727797284190923],[102.66497538562169,-0.5722380077993053],[102.665513506793,-0.5722376612162675],[102.66551362157959,-0.5724182346469601],[102.66569299523651,-0.5724181190715735],[102.66569311006491,-0.5725986924656673],[102.6658724836912,-0.572598576848193],[102.66587236885721,-0.5724180034905622],[102.66605174244168,-0.5724178879039261],[102.66605162763834,-0.5722373145826232],[102.666231001181,-0.5722371990268292],[102.66623077167183,-0.5718760524567451],[102.66641014516709,-0.5718759369682652],[102.66641003046126,-0.5716953637194861],[102.66658940391471,-0.5716952482618574],[102.66658928923955,-0.5715146750494114],[102.6669480360266,-0.5715144441902468],[102.6669479213765,-0.5713338710506098],[102.66712729471008,-0.5713337556490793],[102.66712740936576,-0.5715143287522407],[102.66730678266869,-0.5715142133086191],[102.66730712686987,-0.572055932507849],[102.66748650015332,-0.5720558169491738],[102.6674866149651,-0.5722363899788304],[102.66766598821788,-0.5722362743780537]]],[[[102.66246380532213,-0.5716979023660643],[102.66228443103581,-0.5716980176944874],[102.66228420198946,-0.5713368695198651],[102.6626429505036,-0.5713366390031227],[102.66264306501982,-0.5715172130176415],[102.66282243922817,-0.5715170977144161],[102.66282255378617,-0.571697671692365],[102.66264317957224,-0.5716977870320235],[102.66264329416086,-0.5718783610462684],[102.66246391990516,-0.5718784764167407],[102.66246380532213,-0.5716979023660643]]],[[[102.66748512523861,-0.56988894058261],[102.66766449841893,-0.5698888254560848],[102.66766529985726,-0.5711528364169431],[102.66748592663797,-0.5711529517988345],[102.66748512523861,-0.56988894058261]]],[[[102.6662282566354,-0.5679034401497087],[102.66622871261052,-0.5686257333013566],[102.66604933917921,-0.5686258481278165],[102.66604922513665,-0.5684452748036422],[102.66586985167467,-0.5684453895880494],[102.66586950978095,-0.5679036695053142],[102.6662282566354,-0.5679034401497087]]],[[[102.6669444987234,-0.5659166767980087],[102.66658575228053,-0.5659169053958535],[102.6665856387648,-0.5657363321790451],[102.66622689218805,-0.5657365606817081],[102.66622677871958,-0.5655559873918257],[102.66604740538239,-0.565556101598352],[102.66604751884533,-0.565736674924701],[102.66586814546638,-0.5657367891621352],[102.66586791858778,-0.5653756424363713],[102.66622666528735,-0.5653754141018077],[102.66622655189136,-0.565194840811654],[102.66640592518128,-0.5651947266725073],[102.66640558519411,-0.5646530069106391],[102.66658495843127,-0.5646528928753495],[102.66658507172961,-0.5648334660929707],[102.66694381810626,-0.5648332379328003],[102.6669440448337,-0.5651943842217451],[102.6671234179787,-0.5651942700603837],[102.66712375835817,-0.5657359893833582],[102.66694438519663,-0.5657361036541462],[102.6669444987234,-0.5659166767980087]]],[[[102.6604844431978,-0.5617675756383645],[102.66030506881776,-0.561767688902449],[102.66030484387292,-0.5614065399116823],[102.66084296687166,-0.5614062003213384],[102.66084285443705,-0.5612256259349879],[102.66102222869213,-0.5612255127635886],[102.66102200392051,-0.5608643640633151],[102.66120137812847,-0.5608642509592348],[102.66120239078973,-0.5624894197784756],[102.66084364223894,-0.5624896466366136],[102.66084341697182,-0.5621284978653939],[102.66066404265315,-0.5621286112133455],[102.66066393007932,-0.56194803679112],[102.66048455572997,-0.5619481500971363],[102.6604844431978,-0.5617675756383645]]],[[[102.67698549018296,-0.5597708496029118],[102.67698571549333,-0.5601319918086907],[102.67716508645253,-0.560131878360428],[102.67716542470701,-0.560673591558364],[102.67680668271943,-0.5606738186688296],[102.67680656994256,-0.5604932475298376],[102.67662719889974,-0.5604933610402355],[102.67662708616466,-0.5603127898645375],[102.67644771509097,-0.5603129033328588],[102.67644760239769,-0.5601323321204569],[102.67626823129315,-0.5601324455467048],[102.67626834398096,-0.5603130167956745],[102.67608897283463,-0.5603131302529848],[102.67608886015229,-0.5601325589674492],[102.67537137522558,-0.5601330125953891],[102.67537126260143,-0.5599524411634731],[102.67555063388211,-0.5599523278013027],[102.67555052128881,-0.5597717564058113],[102.67572989252773,-0.5597716430746994],[102.67572966743916,-0.5594105003564349],[102.6759090386308,-0.5594103870929478],[102.67590892613555,-0.5592298157701766],[102.67608829728543,-0.5592297025377571],[102.67608796000123,-0.5586879886783312],[102.67626733109842,-0.5586878755501143],[102.676267106413,-0.5583267330496258],[102.67644647746295,-0.5583266199890551],[102.6764470394762,-0.559229476056433],[102.67662641051712,-0.5592293628075289],[102.67662663558762,-0.5595905051604022],[102.67680600660312,-0.5595903918328609],[102.67680611919833,-0.5597709629725247],[102.67698549018296,-0.5597708496029118]]],[[[102.6818269178637,-0.5572398049228473],[102.68110943793882,-0.5572402569116829],[102.68110955019226,-0.5574208271748468],[102.68075081000069,-0.5574210532096394],[102.68075092227963,-0.5576016235458953],[102.68039218193168,-0.557601849631999],[102.68039229423611,-0.5577824200413398],[102.68021292400215,-0.5577825331127803],[102.68021303633749,-0.557963103558594],[102.68003366606172,-0.557963216661159],[102.68003321696027,-0.5572409347306808],[102.6798538466699,-0.5572410476813507],[102.67985373449089,-0.5570604771617936],[102.6803918452366,-0.5570601384031734],[102.68039173307764,-0.5568795679932974],[102.68075047338208,-0.5568793422000691],[102.68075036124863,-0.5566987718632782],[102.6811091013967,-0.556698546121389],[102.68110898928876,-0.5565179758576905],[102.68164709922176,-0.556517637313685],[102.68164721134602,-0.5566982074675314],[102.68182658125636,-0.5566980945719726],[102.68182680562488,-0.5570592348060228],[102.6820061755097,-0.5570591218317488],[102.68200640003462,-0.5574202619920187],[102.6818270301389,-0.5574203750395381],[102.6818269178637,-0.5572398049228473]]],[[[102.67572776005231,-0.5563407872295487],[102.67536901774517,-0.5563410124970027],[102.67536912964296,-0.5565215839315972],[102.67501038717965,-0.5565218092502977],[102.67501049910291,-0.5567023807578707],[102.67465175648348,-0.5567026061278034],[102.67465186843218,-0.5568831777083484],[102.67429312565665,-0.5568834031294988],[102.67429323763076,-0.5570639747830082],[102.67393449469914,-0.5570642002553625],[102.67393460669871,-0.5572447719818292],[102.67357586361098,-0.557244997505373],[102.67357597563596,-0.5574255693047898],[102.67339660403219,-0.5574256820948881],[102.67339649201266,-0.5572451102589318],[102.67321712037804,-0.5572452230070152],[102.67321700840024,-0.5570646511343879],[102.67267889329494,-0.5570649892361835],[102.67267878136974,-0.5568844172538204],[102.67249940960082,-0.5568845299069413],[102.67249918587018,-0.5565233858687536],[102.67285792934997,-0.5565231607031655],[102.67285781752823,-0.556342588756934],[102.67303718920826,-0.5563424762024713],[102.67303707741738,-0.5561619042926406],[102.67339582065769,-0.5561616792403888],[102.67339570889224,-0.5559811074034977],[102.6737544519765,-0.5559808824024675],[102.67375467556542,-0.5563420259299554],[102.67393404706397,-0.55634191334816],[102.6739341589183,-0.5565224850751609],[102.67411353038595,-0.5565223724513543],[102.67411341852619,-0.5563418007608981],[102.67429278995212,-0.5563416881681696],[102.67429256633064,-0.5559805448599495],[102.674830680358,-0.5559802072682649],[102.67483056858545,-0.5557996357236047],[102.67500993984984,-0.5557995232186708],[102.67500982810819,-0.5556189517104306],[102.67518919933084,-0.5556188392365907],[102.67518931107794,-0.5557994107082758],[102.6753686822697,-0.5557992981924194],[102.67536879405853,-0.5559798696274139],[102.67554816521941,-0.5559797570695376],[102.67554827705,-0.55616032846784],[102.67572764817999,-0.5561602158679405],[102.67572776005231,-0.5563407872295487]]],[[[102.67500971640283,-0.555438380202057],[102.6750096047338,-0.5552578086935503],[102.6746508622012,-0.5552580334786414],[102.67465075057932,-0.5550774618968963],[102.67447137926398,-0.5550775742447083],[102.67447126768383,-0.5548970026262802],[102.67465063899374,-0.5548968903150182],[102.67465041593154,-0.5545357471508624],[102.67500915842079,-0.5545355226581921],[102.67500926994457,-0.5547160941672312],[102.67536801229939,-0.5547158695796536],[102.6753685705172,-0.5556187267572915],[102.67518919933084,-0.5556188392365907],[102.67518908762007,-0.5554382677647723],[102.67500971640283,-0.555438380202057]]],[[[102.67070334912158,-0.5530936360403108],[102.67070268326127,-0.5520102017161548],[102.67088205524689,-0.5520100901035947],[102.67088272113956,-0.553093524208675],[102.67070334912158,-0.5530936360403108]]],[[[102.66334784785795,-0.5511119037430713],[102.66334773741005,-0.5509313298590977],[102.66370648425196,-0.5509311075106222],[102.66370659471059,-0.5511116813217145],[102.66352722130237,-0.5511117925351007],[102.66352733179184,-0.5512923663825021],[102.66334795834203,-0.5512924776269127],[102.66334817941882,-0.5516536253941994],[102.66316880592204,-0.5516537367060692],[102.66316891650935,-0.5518343106259523],[102.66281016939644,-0.5518345333063003],[102.6628100588199,-0.5516539593135462],[102.66245131157298,-0.5516541818993406],[102.66245098009283,-0.551112459701694],[102.66263035371824,-0.5511123485208003],[102.66263024329187,-0.5509317744910851],[102.6628096168757,-0.5509316633412087],[102.66280972730746,-0.5511122373344911],[102.66298910086049,-0.5511121261427666],[102.66298921133381,-0.5512927000994824],[102.66316858485602,-0.5512925888659063],[102.66316847437731,-0.5511120149456266],[102.66334784785795,-0.5511119037430713]]],[[[102.67034338534893,-0.5511075626194659],[102.67016401328141,-0.5511076740332171],[102.67016357088993,-0.5503853840403796],[102.67088105885637,-0.5503849389370425],[102.67088183357285,-0.551648945400842],[102.670702461598,-0.5516490569403767],[102.67070235082078,-0.5514684845522893],[102.67052297881503,-0.5514685960498926],[102.67052286807947,-0.551288023625162],[102.67034349604285,-0.5512881350808376],[102.67034338534893,-0.5511075626194659]]],[[[102.66334740628358,-0.5503896082063852],[102.66245053862599,-0.5503901634363171],[102.66245064893842,-0.5505707375028593],[102.66227127529295,-0.55057084856905],[102.6622711649859,-0.5503902744660785],[102.6620917913096,-0.5503903854904318],[102.66209157081481,-0.5500292372112384],[102.66280906525985,-0.5500287933728167],[102.66280895504526,-0.5498482193787425],[102.66298832856067,-0.5498481084420598],[102.66298843878063,-0.5500286823996993],[102.66334718571359,-0.5500284604372503],[102.66334707548292,-0.5498478865524853],[102.66352644888973,-0.5498477755995935],[102.66352666939805,-0.5502089232961122],[102.66334729598049,-0.5502090343218836],[102.66334740628358,-0.5503896082063852]]],[[[102.66801088266017,-0.5500255729581053],[102.66801066195592,-0.549664427084469],[102.66872815157694,-0.5496639828245393],[102.66872837232414,-0.5500251284062663],[102.66801088266017,-0.5500255729581053]]],[[[102.68020790655007,-0.5496568629132654],[102.6802081279842,-0.5500180038167235],[102.6803874979857,-0.5500178923193707],[102.6803876087627,-0.5501984627342951],[102.68020823875582,-0.5501985742682542],[102.68020834956381,-0.5503791447196533],[102.67931149895715,-0.5503797024913664],[102.67931105605078,-0.5496574199529524],[102.67913168584184,-0.5496575313446874],[102.6791315752115,-0.5494769606731581],[102.67931094541507,-0.5494768493180188],[102.67931083481572,-0.5492962786829538],[102.67949020497758,-0.5492961673590133],[102.67948998387725,-0.5489350261616828],[102.67966935399203,-0.5489349149055444],[102.67966946452938,-0.5491154854676759],[102.67984883461314,-0.5491153741695426],[102.67984905580764,-0.5494765152202075],[102.68002842586579,-0.5494764038434727],[102.68002853652293,-0.5496569743320044],[102.68020790655007,-0.5496568629132654]]],[[[102.66890477665336,-0.5451495528424284],[102.66890444850748,-0.5446078345684905],[102.6692631927289,-0.5446076144390772],[102.66926330208524,-0.544788187124196],[102.6694426741469,-0.5447880770149641],[102.66944278354481,-0.5449686496634536],[102.66926341147784,-0.5449687598091838],[102.6692635209067,-0.5451493324940411],[102.66890477665336,-0.5451495528424284]]],[[[102.67589884111743,-0.5427978248418411],[102.6760782117779,-0.5427977149367521],[102.67607799349665,-0.5424365723398846],[102.67625736411019,-0.5424364625025937],[102.67625747323795,-0.5426170337645269],[102.67643684382047,-0.5426169238853387],[102.67643717143763,-0.5431586375606545],[102.67607843020446,-0.5431588575330989],[102.67607832097302,-0.5429782862349906],[102.67589895030726,-0.5429783961766437],[102.67589884111743,-0.5427978248418411]]],[[[102.66549289446775,-0.5388315742240631],[102.66531352178335,-0.5388316830123693],[102.66531341373921,-0.5386511095204514],[102.66567215906126,-0.5386508920114645],[102.6656723752068,-0.5390120388493307],[102.66585174782401,-0.5390119300139725],[102.66585207232977,-0.5395536501604145],[102.66567269969677,-0.5395537591051611],[102.66567248333389,-0.53919261226807],[102.6654931106752,-0.5391927211345929],[102.66549289446775,-0.5388315742240631]]],[[[102.66441676587219,-0.5390128005485387],[102.66441687396247,-0.5391933742224679],[102.66387875511724,-0.5391937006948793],[102.66387864704275,-0.5390131269116096],[102.66369927402718,-0.539013235688707],[102.66369916599417,-0.5388326618688647],[102.66351979294767,-0.538832770604224],[102.66351990097543,-0.5390133444605077],[102.66334052788746,-0.5390134532270121],[102.66334041986497,-0.5388328793342887],[102.66316104674605,-0.5388329880590588],[102.66316093876502,-0.5386524141297682],[102.66351968495611,-0.5386521967478114],[102.66351957700077,-0.5384716228912694],[102.66369895003675,-0.5384715142287929],[102.66369905799736,-0.5386520880488935],[102.6649546682723,-0.5386513270082666],[102.66495477630592,-0.5388319005730977],[102.66459603068361,-0.5388321181126475],[102.66459613874292,-0.5390126917502556],[102.66441676587219,-0.5390128005485387]]],[[[102.67230483478855,-0.5317851255707926],[102.67230472795455,-0.5316045534970939],[102.67248409901606,-0.5316044459634361],[102.67248399221317,-0.5314238739261385],[102.67302210516439,-0.5314235514034203],[102.67302221198285,-0.5316041233311224],[102.67356032462298,-0.5316038006517975],[102.67356053839994,-0.5319649442875957],[102.67284305476564,-0.5319653748085394],[102.67284294787979,-0.5317848028445588],[102.67230483478855,-0.5317851255707926]]],[[[102.6760707650394,-0.5303382950461789],[102.6760708717281,-0.5305188663533014],[102.67625024199607,-0.5305187589293455],[102.67625056229566,-0.5310604727402514],[102.67589182169233,-0.5310606878023387],[102.67589139474029,-0.5303384024283582],[102.6760707650394,-0.5303382950461789]]],[[[102.6737392682914,-0.5308814059546126],[102.67391863904182,-0.5308812985253375],[102.6739188525491,-0.5312424420159887],[102.67356011099123,-0.5312426570154892],[102.67356000422983,-0.5310620851971439],[102.67320126253715,-0.5310623001026887],[102.67320094250177,-0.5305205844276601],[102.6733803133507,-0.5305204770871085],[102.67337999362647,-0.5299787615205465],[102.67320062279305,-0.5299788687514863],[102.67320051629606,-0.5297982968591741],[102.67355925791627,-0.5297980824651629],[102.67355947096722,-0.5301592261035079],[102.67373884173321,-0.5301591188256123],[102.6737389483183,-0.530339690608053],[102.67391831905317,-0.5303395832884057],[102.67391842567974,-0.5305201550341768],[102.6737390549397,-0.530520262390367],[102.6737392682914,-0.5308814059546126]]],[[[102.69618924455665,-0.5774542702094937],[102.69600987692597,-0.577454387770364],[102.69601011055315,-0.5778155221757388],[102.69583074287466,-0.5778156398044584],[102.69583062604846,-0.5776350725650787],[102.6956512583391,-0.5776351901513619],[102.69565102480752,-0.5772740555986674],[102.6958303925056,-0.5772739380859038],[102.69583027578895,-0.5770933708461079],[102.69618901106429,-0.57709313587709],[102.6961888943729,-0.5769125687106798],[102.6965476294909,-0.5769123337925137],[102.69654751282476,-0.5767317666994967],[102.69690624778538,-0.5767315318321969],[102.69690636446276,-0.5769120988516754],[102.69672699699508,-0.5769122163249286],[102.69672711370337,-0.5770927833810388],[102.69636837864718,-0.577093018384076],[102.69636849538072,-0.5772735855135823],[102.69618912779221,-0.577273703043361],[102.69618924455665,-0.5774542702094937]]],[[[102.68183937000663,-0.5769219468455039],[102.6818394862475,-0.5771025169473558],[102.68148074513995,-0.5771027510091582],[102.68148062891035,-0.5769221808340661],[102.68130125830764,-0.5769222978198443],[102.68130102596882,-0.5765611573960094],[102.68112165534099,-0.5765612743028874],[102.68112153923178,-0.5763807040541463],[102.6809421685732,-0.5763808209187452],[102.68094193647515,-0.5760196803476202],[102.6816594188462,-0.5760192131481794],[102.68165953489954,-0.576199783287344],[102.68183890540698,-0.5761996664367135],[102.68183925380214,-0.576741376743514],[102.68201862429008,-0.5767412597773532],[102.6820187405002,-0.5769218298427203],[102.68183937000663,-0.5769219468455039]]],[[[102.68309438184193,-0.5760182784776328],[102.6821975302425,-0.5760188626891718],[102.68219741420869,-0.5758382926597376],[102.68183867332546,-0.5758385262314881],[102.68183832547601,-0.5752968159226135],[102.68291454758798,-0.5752961157987599],[102.6829146635351,-0.5754766856820924],[102.68309403376534,-0.5754765689383659],[102.68309414975448,-0.5756571387849264],[102.6836322602437,-0.57565678840991],[102.68363260848004,-0.5761984976190283],[102.68309449794025,-0.5761988483237787],[102.68309438184193,-0.5760182784776328]]],[[[102.69205971930218,-0.5711370921986567],[102.69241845574086,-0.5711368598916204],[102.69241880206702,-0.5716785637186382],[102.69223943384921,-0.5716786799851393],[102.69223931837624,-0.5714981120062116],[102.6918805818423,-0.5714983444489177],[102.69188046641698,-0.5713177763964064],[102.69205983469661,-0.5713176602145831],[102.69205971930218,-0.5711370921986567]]],[[[102.68757446585485,-0.5695148737355195],[102.68757458078194,-0.5696954426702022],[102.68811268798636,-0.5696950955024471],[102.68811291798323,-0.5700562331513135],[102.68829228698961,-0.570056117344164],[102.68829240204828,-0.5702366861317069],[102.68847177102377,-0.5702365702822697],[102.68847188612445,-0.5704171390329886],[102.68829251714338,-0.5704172549191127],[102.68829263227495,-0.5705978237063816],[102.68811326325186,-0.5705979396235861],[102.68811337841431,-0.5707785084474027],[102.6879340093492,-0.5707786243956842],[102.68793389419235,-0.5705980555351842],[102.6877545250964,-0.5705981714411763],[102.68775440998154,-0.5704176025438576],[102.68793377907193,-0.5704174866745472],[102.68793366398796,-0.5702369178137732],[102.68775429490313,-0.5702370336464023],[102.68775417986116,-0.57005646474881],[102.68739544159331,-0.5700566963239027],[102.68739555662414,-0.5702372652948525],[102.68721618743001,-0.5702373811106737],[102.68721607240472,-0.5700568121030475],[102.68667796462039,-0.5700571594068765],[102.68667784964823,-0.5698765902890962],[102.68631911095433,-0.5698768217236412],[102.68631899602971,-0.5696962525323878],[102.68613962663368,-0.569696368204596],[102.68613905258483,-0.5687935220629502],[102.68667716058033,-0.5687931755795412],[102.6866772753339,-0.5689737446981421],[102.68685664459844,-0.5689736291558245],[102.68685687422598,-0.5693347673192748],[102.68703624346519,-0.569334651698022],[102.68703635833917,-0.5695152207428693],[102.68757446585485,-0.5695148737355195]]],[[[102.70192318701706,-0.5684222056581004],[102.70228191927028,-0.5684219738384964],[102.70228180414341,-0.5682414079164774],[102.70281990223222,-0.568241060255668],[102.70282001737571,-0.5684216260672065],[102.70264065137715,-0.5684217419965543],[102.70264088176282,-0.5687828736928783],[102.70228214963373,-0.5687831056821244],[102.70228226487033,-0.5689636716037333],[102.70192353258382,-0.5689639036442721],[102.70192318701706,-0.5684222056581004]]],[[[102.68559979906195,-0.5669881751026769],[102.68577916848405,-0.5669880599971624],[102.68577928284564,-0.5671686293004542],[102.68595865223686,-0.5671685141527071],[102.68595876664043,-0.5673490834192008],[102.68613813600075,-0.5673489682292173],[102.68613825044629,-0.5675295374589112],[102.68577951167812,-0.5675297679066291],[102.68577939724368,-0.5673491986036098],[102.68560002781051,-0.5673493137824444],[102.68560014223941,-0.5675298831221239],[102.68542077276429,-0.5675299983320427],[102.6854206583409,-0.5673494289557048],[102.6852412888349,-0.5673495441233907],[102.68524117445348,-0.5671689747102602],[102.6850618049166,-0.567169089835717],[102.68506169057713,-0.5669885203857954],[102.68488232100937,-0.5669886354690266],[102.68488220671185,-0.566808065982316],[102.68452346747814,-0.5668082960587649],[102.6845233532281,-0.5666277264986177],[102.68434398356216,-0.566627841491841],[102.68434375518235,-0.566266702297843],[102.68488186403775,-0.5662663575213681],[102.68488197822604,-0.5664469270084865],[102.68506134777722,-0.5664468120352143],[102.68506146200744,-0.5666273814855441],[102.68524083152774,-0.5666272664700517],[102.6852409457999,-0.5668078358835904],[102.6855996847423,-0.5668076057625888],[102.68559979906195,-0.5669881751026769]]],[[[102.70299731625325,-0.5651713261666556],[102.70299720176281,-0.5649907603894943],[102.70317656758313,-0.5649906451487888],[102.70317668207906,-0.5651712108891178],[102.70335604786827,-0.5651710956060276],[102.70335627698095,-0.5655322270126102],[102.7028181794704,-0.5655325730662163],[102.70281795039084,-0.5651714414386408],[102.70299731625325,-0.5651713261666556]]],[[[102.68846799314836,-0.5642778014319642],[102.68846776546188,-0.5639166639211259],[102.68900587158853,-0.5639163201916733],[102.68900609930806,-0.5642774574823701],[102.68882673062461,-0.5642775721377788],[102.68882684453354,-0.5644581408196161],[102.68864747580814,-0.564458255506171],[102.68864736190471,-0.5642776867876437],[102.68846799314836,-0.5642778014319642]]],[[[102.69887063617503,-0.563187743148124],[102.69887040828851,-0.5628266098973835],[102.6990497748839,-0.5628264952258429],[102.69904966098997,-0.5626459286370609],[102.6994083940601,-0.5626456993509795],[102.69940850796502,-0.5628262658661737],[102.69958787445074,-0.5628261511780442],[102.69958798839771,-0.5630067176563065],[102.69940862190647,-0.5630068323812323],[102.69940873588449,-0.5631873988961557],[102.69887063617503,-0.563187743148124]]],[[[102.69330945748575,-0.5619273231449429],[102.69366819284957,-0.561927094506546],[102.69366830643274,-0.5621076621988363],[102.69384767406538,-0.5621075478346165],[102.69384801505036,-0.5626492508004571],[102.69348927971564,-0.5626494797438074],[102.69348916602844,-0.5624689120151847],[102.69330979831183,-0.5624690264418314],[102.69330945748575,-0.5619273231449429]]],[[[102.69851121969756,-0.5621045724264614],[102.69886995295407,-0.5621043433942787],[102.69886983921184,-0.5619237767681646],[102.69922857231117,-0.5619235477874762],[102.69922868606437,-0.5621041143400061],[102.6994080525647,-0.5621039998045859],[102.69940828019175,-0.5624651328356501],[102.69904954713259,-0.5624653620481438],[102.69904943331177,-0.5622847954590913],[102.69851133346538,-0.5622851391260175],[102.69851121969756,-0.5621045724264614]]],[[[102.6848785684168,-0.561029842335959],[102.68487868154914,-0.5612104118270027],[102.68505805094071,-0.5612102979166658],[102.68505793780291,-0.561029728462275],[102.68559604574276,-0.5610293868081491],[102.68559593262492,-0.5608488174635926],[102.68595467105844,-0.5608485897399358],[102.68595478418722,-0.5610291590111702],[102.68613415335483,-0.5610290451044125],[102.6861343797326,-0.5613901835731504],[102.68595501055403,-0.5613902975532353],[102.68595512379207,-0.5615708668240655],[102.68577575457161,-0.5615709808352963],[102.68577586784059,-0.5617515501426538],[102.68559649857822,-0.561751664185027],[102.68559661187814,-0.5619322335289094],[102.6850585038561,-0.5619325757328821],[102.68505861717597,-0.562113145186599],[102.68487924775698,-0.5621132592802005],[102.684879474495,-0.5624743982605351],[102.68470010502861,-0.5624745124219159],[102.6846999916469,-0.5622939428951648],[102.68452062214958,-0.5622940570143699],[102.68452039550634,-0.5619329178871642],[102.6843410259836,-0.5619330319275493],[102.68434068630822,-0.5613913231257862],[102.68416131676551,-0.5613914370507127],[102.68416120361869,-0.5612108674132096],[102.68398183404506,-0.561210981295976],[102.6839817209401,-0.5610304116216942],[102.68380235133554,-0.5610305254623041],[102.68380223827248,-0.5608499557512453],[102.68398160787156,-0.5608498419472776],[102.68398149483941,-0.5606692722727264],[102.68451960340181,-0.5606689309376972],[102.68451949038966,-0.5604883613729486],[102.68523696794124,-0.5604879063290614],[102.68523708097527,-0.5606684757472018],[102.68487834226137,-0.5606687033534669],[102.68487845532088,-0.5608492728447803],[102.68469908590383,-0.5608493866763007],[102.68469919899428,-0.5610299562041305],[102.6848785684168,-0.561029842335959]]],[[[102.6897215290554,-0.5610267658116865],[102.68972175565227,-0.5613879028131369],[102.68990112406554,-0.5613877887172211],[102.68990146425072,-0.5619294941082829],[102.68936335885218,-0.561929836709775],[102.68936279214138,-0.561026993840179],[102.6897215290554,-0.5610267658116865]]],[[[102.68792806951453,-0.561389043468932],[102.68792795625264,-0.5612084746013635],[102.68810732502496,-0.5612083605972878],[102.68810721179405,-0.561027791766268],[102.68846594921838,-0.5610275638149463],[102.68846617573855,-0.5613887013301087],[102.68828680703365,-0.5613888153818988],[102.68828692034293,-0.5615693841759646],[102.68810755159612,-0.5615694982589239],[102.6881074382923,-0.5613889294281733],[102.68792806951453,-0.561389043468932]]],[[[102.7006630484236,-0.5612003666100585],[102.70084241460403,-0.5612002522145036],[102.70084252826032,-0.5613808184363561],[102.70012506329729,-0.5613812761327193],[102.70012494966291,-0.5612007097636413],[102.69994558333622,-0.5612008241371415],[102.69994546974388,-0.5610202577311271],[102.69976610338611,-0.5610203720623137],[102.69976621697296,-0.5612009385051284],[102.69904875115441,-0.561201395921939],[102.69904886475592,-0.5613819625118021],[102.69869013161637,-0.5613821912607063],[102.69869001802581,-0.5612016245972625],[102.69815191805881,-0.5612019675688954],[102.69815169102019,-0.5608408340208876],[102.69868979095433,-0.5608404912699706],[102.69868990447179,-0.5610210579336841],[102.69904863758944,-0.5610208293319414],[102.69904852406103,-0.5608402627418088],[102.69922789055956,-0.5608401484694626],[102.69922766360143,-0.5604790153623789],[102.69904829711386,-0.5604791295611388],[102.6990481836951,-0.5602985629706018],[102.69958628303176,-0.5602982204681869],[102.69958639646693,-0.5604787869483392],[102.700124495491,-0.5604784442859811],[102.70012438203942,-0.5602978779162292],[102.7004831145284,-0.5602976495207334],[102.70048356859782,-0.5610199147044962],[102.70066293480936,-0.5610198003512624],[102.7006630484236,-0.5612003666100585]]],[[[102.69761279738788,-0.5595772085275478],[102.69779216414048,-0.5595770945567345],[102.6977922773748,-0.5597576614053118],[102.69797164409634,-0.5597575473922204],[102.69797187068552,-0.5601186810154097],[102.69779250395305,-0.5601187951020624],[102.697792617297,-0.560299361950236],[102.69761325052254,-0.5602994760681645],[102.69761279738788,-0.5595772085275478]]],[[[102.68397935414525,-0.5572384484307279],[102.68397946648574,-0.5574190181078292],[102.68380009699034,-0.5574191312155945],[102.68380020936179,-0.5575997009292043],[102.68397957886263,-0.5575995877847969],[102.68397969127592,-0.5577801574616303],[102.68433843017925,-0.5577799310830897],[102.68433854263985,-0.5579605006864996],[102.68415917320092,-0.557960613915156],[102.68415928569247,-0.5581411835550776],[102.68380054669454,-0.55814141006923],[102.6838006592116,-0.5583219797823038],[102.68308318075712,-0.558322432891352],[102.68308329328879,-0.558503002750843],[102.68290392357872,-0.558503116051024],[102.68290403614132,-0.5586836859470143],[102.68272466638942,-0.5586837992783394],[102.68272477898294,-0.5588643692108274],[102.6829041487403,-0.5588642558428706],[102.68290426137568,-0.5590448257385928],[102.68308363110211,-0.5590447123285117],[102.68308385649296,-0.5594058520462866],[102.6832632261939,-0.5594057385574422],[102.68326345174125,-0.5597668782014097],[102.68344282141673,-0.5597667646337953],[102.68344304712059,-0.5601279042039512],[102.68362241677059,-0.5601277905575593],[102.6836227556158,-0.5606694998018686],[102.68236716718664,-0.560670295980339],[102.68236728016953,-0.5608508659846067],[102.68218791024289,-0.5608509797389791],[102.6821880232567,-0.5610315497797385],[102.68164991324207,-0.5610318911196603],[102.6816498002447,-0.5608513209690327],[102.68147043017254,-0.5608514347013625],[102.68147020429788,-0.5604902943264652],[102.68129083420028,-0.5604904079800496],[102.68129072132298,-0.5603098377557817],[102.68111135119449,-0.5603099513672434],[102.68111123835902,-0.5601293811062255],[102.68093186819962,-0.5601294946755679],[102.68093175540602,-0.5599489243778016],[102.6807523852157,-0.5599490379050284],[102.68075215974852,-0.5595878972358684],[102.68093152992792,-0.5595877837818659],[102.68093141724343,-0.5594072134836965],[102.68075204706949,-0.559407326901087],[102.68075170925063,-0.5588656158959373],[102.68236603935907,-0.5588645959302674],[102.68236592677644,-0.5586840259245217],[102.68254529660112,-0.558683912604175],[102.68254518404943,-0.5585033426349234],[102.68236581423021,-0.5585034559186418],[102.68236558924688,-0.55814231590648],[102.68218621940215,-0.5581424291114582],[102.68218610697053,-0.5579618590685501],[102.68254484661269,-0.557961632726364],[102.68254473420656,-0.557781062756576],[102.68290347369226,-0.5577808364657222],[102.68290358610929,-0.5579614063622486],[102.68344169508124,-0.557961066774959],[102.68344158264787,-0.5577804969883382],[102.68362095222696,-0.5577803838182492],[102.68362072745856,-0.5574192443178829],[102.68344135789036,-0.5574193574146945],[102.68344124556619,-0.5572387876276719],[102.68326187596703,-0.5572389006823695],[102.68326176368471,-0.5570583308585761],[102.6830823940546,-0.5570584438711638],[102.6830822818141,-0.5568778740106017],[102.68290291215303,-0.5568779869810826],[102.68290279995435,-0.5566974170837533],[102.68344090881206,-0.5566970782658015],[102.68344102102705,-0.5568776480532255],[102.68362039057892,-0.5568775350663299],[102.68362050283574,-0.5570581048169813],[102.68379987235666,-0.5570579917879738],[102.6837999846553,-0.557238561501851],[102.68397935414525,-0.5572384484307279]]],[[[102.70048141697853,-0.5575891550624487],[102.70048152989257,-0.5577697213606075],[102.70066089600583,-0.557769607669904],[102.70066123498364,-0.558311306453155],[102.70012313648519,-0.5583116478400749],[102.70012268465322,-0.557589382353807],[102.70048141697853,-0.5575891550624487]]],[[[102.70299208756465,-0.5568653002772669],[102.70299220040852,-0.5570458660604996],[102.70281283479252,-0.55704597967512],[102.70281306057916,-0.5574071113148439],[102.7026336949157,-0.5574072249976487],[102.70263380785848,-0.5575877908541382],[102.70227507641093,-0.5575880182769707],[102.70227439936842,-0.5565046226941144],[102.70209503362238,-0.5565047361763745],[102.70209480824506,-0.556143604240705],[102.70263290534083,-0.5561432639984721],[102.70263279269076,-0.5559626981409116],[102.7035296204248,-0.5559621311454066],[102.70352984581581,-0.5563232624920735],[102.70335048033131,-0.5563233759757699],[102.70335059307628,-0.5565039416857382],[102.70317122754977,-0.5565040552008029],[102.70317145313861,-0.5568651866940058],[102.70299208756465,-0.5568653002772669]]],[[[102.69061554986507,-0.5565119876685343],[102.69043618174494,-0.5565121007954],[102.69043595707346,-0.5561509640803292],[102.69025658892772,-0.5561510771283151],[102.69025614004406,-0.555428803549746],[102.6904355081681,-0.5554286906485844],[102.69043562033973,-0.555609259006721],[102.69061498843271,-0.5556091460633942],[102.69061521289626,-0.5559702827058508],[102.69079458096363,-0.5559701696836459],[102.69079480558389,-0.5563313062521493],[102.69061543750567,-0.5563314193477733],[102.69061554986507,-0.5565119876685343]]],[[[102.68290179180397,-0.5550722880017823],[102.68272242216078,-0.5550724006004762],[102.68272231033144,-0.5548918306651811],[102.68290167996923,-0.5548917181031188],[102.68290156817088,-0.5547111482043219],[102.68379841578678,-0.5547105854954147],[102.68379830399775,-0.5545300157796693],[102.68397767340632,-0.5545299032581794],[102.68397789703161,-0.5548910426162529],[102.68379852761221,-0.5548911552110273],[102.68379863947403,-0.5550717249265066],[102.68308116141078,-0.5550721753976349],[102.68308127328734,-0.5552527452595319],[102.6829019036751,-0.5552528579003129],[102.68290179180397,-0.5550722880017823]]],[[[102.68236312403658,-0.5541697757374061],[102.68236290079986,-0.5538086357188362],[102.68254227047795,-0.5538085233874461],[102.68254215890876,-0.5536279534145897],[102.68290089814498,-0.5536277288087463],[102.68290078660137,-0.5534471589090184],[102.68343889516655,-0.5534468220693616],[102.68343900672636,-0.5536273918591844],[102.68325963723564,-0.5536275041811446],[102.68325986045365,-0.5539886438336652],[102.68290112134137,-0.5539888686078037],[102.68290123299415,-0.5541694385071331],[102.68236312403658,-0.5541697757374061]]],[[[102.69043405325517,-0.5530813019806852],[102.69025468520147,-0.5530814144046682],[102.69025457354574,-0.5529008460079617],[102.68989583733972,-0.5529010707662186],[102.68989561415925,-0.552539933825594],[102.69025435034371,-0.5525397092141502],[102.6902544619265,-0.5527202776111224],[102.69061319797588,-0.5527200529045502],[102.69061330960592,-0.5529006212279756],[102.6907926775813,-0.5529005088298339],[102.6907929009616,-0.5532616454028672],[102.69043416495276,-0.5532618703405527],[102.69043405325517,-0.5530813019806852]]],[[[102.68325841213885,-0.5516412360827885],[102.68415525893187,-0.5516406764338122],[102.68415537014924,-0.5518212460783967],[102.6845141086224,-0.5518210221075724],[102.68451433118791,-0.5521821612497574],[102.68397622339126,-0.5521824974177352],[102.68397633471247,-0.552363067098566],[102.68325885711904,-0.5523635153931388],[102.68325896845509,-0.5525440852203949],[102.68307959896035,-0.552544197317105],[102.6830794876297,-0.5523636274532138],[102.68290011810396,-0.5523637395078619],[102.68289989556264,-0.552002599706415],[102.68272052601128,-0.5520027116823727],[102.68272030362628,-0.5516415718071329],[102.68254093404931,-0.5516416837044077],[102.68254082291679,-0.5514611137299593],[102.6823614533088,-0.551461225585186],[102.6823611201457,-0.5509195155511628],[102.68218175051749,-0.5509196272910926],[102.68218163954127,-0.5507390572428609],[102.68254037875057,-0.5507388338308428],[102.6825406007609,-0.5510999737806656],[102.68271997032173,-0.5510998619932801],[102.68272008138686,-0.5512804319313634],[102.6830788204101,-0.5512802082670833],[102.68307893152239,-0.5514607781317696],[102.6832583009848,-0.5514606662548697],[102.68325841213885,-0.5516412360827885]]],[[[102.69312234177623,-0.5494682587597238],[102.6931221197883,-0.5491071231359009],[102.69330148714002,-0.5491070114331302],[102.69330137619542,-0.548926443657755],[102.6940188452159,-0.5489259969396781],[102.69401917822346,-0.5494676998245419],[102.69383981100701,-0.5494678116223753],[102.69383992207716,-0.5496483792871407],[102.69330182019274,-0.5496487147584639],[102.69330170913867,-0.5494681469834846],[102.69312234177623,-0.5494682587597238]]],[[[102.69814272933374,-0.5463954916620678],[102.69796336304817,-0.5463956029587662],[102.69796347362052,-0.5465761697802682],[102.69778410729307,-0.5465762811083791],[102.69778421789663,-0.5467568479665299],[102.69742548512146,-0.5467570706801972],[102.6974253745286,-0.5465765037484908],[102.69724600809154,-0.5465766150604915],[102.69724589754055,-0.5463960480918783],[102.69688716456753,-0.5463962706262249],[102.69688694359645,-0.5460351365415145],[102.69706631009058,-0.5460350253505685],[102.6970661996545,-0.5458544583447882],[102.69724556610674,-0.5458543471852506],[102.69724567654815,-0.5460349141542576],[102.6974250429692,-0.5460348029525824],[102.69742515345246,-0.5462153698846831],[102.69778388619562,-0.5462151473916828],[102.6977837757017,-0.5460345805331377],[102.69814250828804,-0.5460343580922343],[102.69814272933374,-0.5463954916620678]]],[[[102.68307232920274,-0.54062658601784],[102.68289296002371,-0.5406266956913286],[102.68289317797964,-0.5409878355093053],[102.68271380875365,-0.5409879452507449],[102.68271424508106,-0.5417102250316649],[102.68253487579754,-0.5417103349143074],[102.68253498496509,-0.5418909048958422],[102.68271435425389,-0.54189079497657],[102.6827144634631,-0.5420713649213448],[102.68307320194212,-0.5420711449935632],[102.68307331119831,-0.5422517148649434],[102.68343204954232,-0.5422514948425856],[102.68343237756105,-0.5427932042361301],[102.68361174669434,-0.5427930941070438],[102.68361185611201,-0.5429736638679931],[102.68379122521421,-0.5429735536969333],[102.68379111579124,-0.5427929839726247],[102.68397048485174,-0.5427928738328722],[102.68397026610442,-0.5424317344571479],[102.68450837303573,-0.5424314042257653],[102.68450826370079,-0.5422508346476442],[102.6852257390783,-0.5422503944111272],[102.68522584843441,-0.542430963842641],[102.68504647963935,-0.5424310739464164],[102.68504658902658,-0.5426116434144543],[102.68450848240707,-0.5426119738037556],[102.68450859181482,-0.5427925433816162],[102.68432922286354,-0.5427926535373679],[102.68432933230238,-0.5429732231517452],[102.6841499633094,-0.5429733333388097],[102.6841502918285,-0.5435150422910964],[102.6843296608374,-0.5435149319940952],[102.68432988004277,-0.543876071221676],[102.68450924902587,-0.5438759608460398],[102.68450946838747,-0.5442370999998036],[102.68415073036363,-0.5442373208923179],[102.68415084008844,-0.544417890542297],[102.68361273276368,-0.5444182219508897],[102.68361284250894,-0.5445987917106642],[102.6832541040998,-0.5445990126962558],[102.68325421387082,-0.5447795825291748],[102.68271610596823,-0.5447799140773298],[102.6827162157597,-0.5449604840200177],[102.68253684638071,-0.5449605945619939],[102.68253651713145,-0.5444188846236492],[102.68235714773203,-0.544418995050387],[102.68235703806039,-0.5442384250340496],[102.68217766862989,-0.5442385354188122],[102.68217744940634,-0.5438773953124932],[102.6819980799501,-0.54387750561866],[102.68199786088269,-0.5435163654385701],[102.68181849140068,-0.5435164756661478],[102.68181838192686,-0.5433359055392846],[102.68163901241375,-0.5433360157249012],[102.68163890298162,-0.5431554455612869],[102.68145953343745,-0.5431555557049459],[102.68145931469292,-0.5427944153040881],[102.68163868422648,-0.542794305233667],[102.68163857490349,-0.5426137350696617],[102.68181794439538,-0.5426136250305282],[102.68181783510347,-0.5424330549030133],[102.6819972045537,-0.5424329448951709],[102.68199665861339,-0.541530094438757],[102.68181728918961,-0.541530204263487],[102.68181696207789,-0.540988493878211],[102.68163759263358,-0.5409886035877577],[102.68163737475155,-0.5406274632570164],[102.68145800528143,-0.5406275728880097],[102.68145778755546,-0.5402664324835114],[102.68127841805952,-0.5402665420359586],[102.68127820048961,-0.539905401557707],[102.68307189370653,-0.5399043065268619],[102.68307200252599,-0.5400848763998012],[102.68343074074325,-0.5400846572567031],[102.68343084960965,-0.5402652270562405],[102.68325148051395,-0.5402653366670794],[102.68325158941148,-0.5404459065031243],[102.68307222027411,-0.54044601614529],[102.68307232920274,-0.54062658601784]]]]}},{"type":"Feature","properties":{"eventId":"RIAU-20260915-007","firstDetection":"2026-09-15T08:56:00+00:00","lastDetection":"2026-09-17T20:53:00+00:00","estimatedAreaHa":102.12,"confidence":"sedang","hotspotCount":2,"detectionDays":2,"villages":["Sanglap","Sipang"],"districts":["Batang Cenaku"],"regencies":["Indragiri Hulu"],"method":"Sentinel-2 dNBR/NBR indication","resolutionM":20,"clearCoveragePct":61.2,"preSceneDates":["2026-08-22","2026-08-27","2026-09-03"],"postSceneDates":["2026-09-23"],"status":"estimate","disclaimer":"Estimasi berbasis citra satelit; bukan hasil verifikasi lapangan.","province":"Riau","villageAreas":[{"village":"Sanglap","district":"Batang Cenaku","regency":"Indragiri Hulu","areaHa":85.497641},{"village":"Sipang","district":"Batang Cenaku","regency":"Indragiri Hulu","areaHa":16.622359}],"unassignedAreaHa":0.0},"geometry":{"type":"MultiPolygon","coordinates":[[[[102.31105102145034,-0.8842430126703231],[102.3110511816887,-0.8844236544212192],[102.31123063580392,-0.8844234931015796],[102.31123095639617,-0.8847847765368468],[102.31141041049597,-0.8847846151425913],[102.31141073123649,-0.8851458985111235],[102.3112312771194,-0.8851460599712914],[102.31123111674141,-0.8849654182541717],[102.31069275421964,-0.8849659024835506],[102.31069259390036,-0.8847852606673678],[102.31033368540612,-0.8847855833775103],[102.31033336490034,-0.8844242996127363],[102.31015391062142,-0.8844244608888554],[102.31015375042628,-0.8842438189732147],[102.30925647858385,-0.8842446250585474],[102.30925615837823,-0.8838833408972495],[102.30943561279489,-0.8838831797634608],[102.30943545273253,-0.8837025377154402],[102.31015327003733,-0.8837018932250599],[102.31015343013424,-0.8838825351413169],[102.31051233860751,-0.8838822127780522],[102.31051249875445,-0.8840628546282114],[102.31087140711405,-0.884062532164252],[102.31087156731101,-0.8842431739483061],[102.31105102145034,-0.8842430126703231]]],[[[102.3110454337369,-0.8779205512597819],[102.31104559282919,-0.8781011930178463],[102.31122504664286,-0.8781010328516031],[102.3112252057765,-0.8782816745765091],[102.3117635670468,-0.8782811939270555],[102.31176372623894,-0.8784618355528843],[102.31212263360587,-0.8784615150107731],[102.31212279284794,-0.8786421565704733],[102.31248170010105,-0.8786418359278492],[102.31248185939306,-0.8788224774214138],[102.31355858041768,-0.8788215150881731],[102.313558739794,-0.8790021563836968],[102.313738193192,-0.8790019959315732],[102.31373851206016,-0.8793632784560491],[102.31355905864496,-0.8793634389741307],[102.31355921811958,-0.8795440802690414],[102.31320031117367,-0.8795444013451946],[102.31320047066387,-0.8797250427058535],[102.31302101713317,-0.8797252032639198],[102.31302117664754,-0.8799058446573479],[102.31320063018684,-0.8799056840663075],[102.31320078974257,-0.8800863254265573],[102.31302133619465,-0.8800864860505713],[102.31302149577454,-0.8802671274435901],[102.31266258856323,-0.880267448731576],[102.31266274815867,-0.8804480901903322],[102.31248329449527,-0.8804482508542989],[102.31248345411485,-0.8806288923458186],[102.31212454667254,-0.8806292137136889],[102.31212470630767,-0.8808098552709357],[102.31194525252879,-0.8808100159748337],[102.31194509290226,-0.8806293743846237],[102.31176563909922,-0.880629535046892],[102.31176547951407,-0.8804488934235162],[102.31158602568688,-0.8804490540441581],[102.31158586614308,-0.8802684123876182],[102.31140641229175,-0.8802685729666374],[102.31140609331962,-0.8799072895870284],[102.31122663945276,-0.8799074500914723],[102.31122648002442,-0.8797268083684052],[102.31086757220965,-0.8797271292854081],[102.31086741283124,-0.8795464874962297],[102.31068795888335,-0.8795466479087938],[102.31068779954629,-0.8793660060864605],[102.31050834557425,-0.8793661664574195],[102.31050802701554,-0.8790048827462423],[102.31032857302796,-0.879005043042653],[102.3103284138063,-0.8788244011538108],[102.31014895979459,-0.8788245614086256],[102.31014880061426,-0.8786439194866339],[102.30996934657838,-0.878644079699856],[102.30996902833311,-0.8782827957893731],[102.3097895742817,-0.8782829559280648],[102.30978941521674,-0.8781023139395756],[102.30960996114118,-0.8781024740366835],[102.30960964312665,-0.877741189993213],[102.3094301890355,-0.8777413500158029],[102.30942987116906,-0.8773800659056399],[102.3101476872686,-0.8773794260269768],[102.31014784621978,-0.8775600679503969],[102.31068620797645,-0.8775595878518931],[102.3106863669861,-0.8777402296762683],[102.3108658208481,-0.87774006959321],[102.31086597989906,-0.8779207113844308],[102.3110454337369,-0.8779205512597819]]],[[[102.30440118752082,-0.8728684667035064],[102.30440134538048,-0.8730491096853179],[102.30368352591637,-0.8730497453018603],[102.30368305253776,-0.8725078159612124],[102.30422141710808,-0.8725073395576403],[102.30422125935497,-0.8723266965423342],[102.3047596236056,-0.8723262201601436],[102.30475978138429,-0.8725068630767847],[102.30493923607767,-0.872506704232659],[102.30493939389758,-0.8726873471162058],[102.30475993919568,-0.8726875059932233],[102.30476009703975,-0.8728681489094592],[102.30440118752082,-0.8728684667035064]]],[[[102.30709316371332,-0.873046724898875],[102.30709332173372,-0.8732273673869729],[102.30691386739853,-0.8732275264657952],[102.3069140254431,-0.8734081689866033],[102.30619620774118,-0.8734088053475861],[102.30619604973077,-0.873228162695143],[102.30601659523208,-0.8732283217309947],[102.3060164372629,-0.8730476790454444],[102.30583698274005,-0.8730478380397997],[102.30583682481209,-0.872867195321144],[102.30565737026508,-0.8728673542740062],[102.30565752818451,-0.8730479970255625],[102.30547807359629,-0.8730481560027332],[102.30547823153985,-0.8732287987869856],[102.30529877691039,-0.8732289577884612],[102.30529893487812,-0.8734096006054075],[102.30511948020745,-0.8734097596311845],[102.30511900642793,-0.8728678310810497],[102.30529846107301,-0.8728676721539591],[102.30529830320336,-0.8726870293364041],[102.30511884856682,-0.8726871882305992],[102.30511853294261,-0.8723259025290901],[102.30547744214888,-0.8723255848636959],[102.30547759996169,-0.8725062276487593],[102.30565705452433,-0.8725060687702856],[102.30565689670297,-0.8723254260181209],[102.30583635122439,-0.8723252671639611],[102.30583619342721,-0.8721446244444945],[102.30565673891432,-0.8721447832657538],[102.3056564234351,-0.8717834977604119],[102.3061947868245,-0.871783021468298],[102.30619462910836,-0.8716023788140305],[102.30637408349759,-0.8716022200657388],[102.3063739258056,-0.871421577444175],[102.30691228875153,-0.8714211012465606],[102.30691244646907,-0.8716017437693957],[102.30709190072749,-0.871601584986792],[102.30709237410188,-0.8721435124553434],[102.30727182835317,-0.8721433535654167],[102.30727261800727,-0.8730465658443738],[102.30709316371332,-0.873046724898875]]],[[[102.31265323041771,-0.8696096023042112],[102.31265338808029,-0.8697902437749683],[102.31175612195966,-0.8697910372835516],[102.3117562796125,-0.8699716789189296],[102.3115768262816,-0.8699718376279255],[102.31157635344685,-0.8694299126223063],[102.31139690010873,-0.8694300712238678],[102.3113965850663,-0.8690687878198626],[102.31157603838744,-0.8690686292842164],[102.31157588090687,-0.8688879876148684],[102.31319095924671,-0.8688865607058682],[102.31319127439356,-0.8692478434509666],[102.31337072739562,-0.869247684796816],[102.3133708850267,-0.8694283261360866],[102.31301197897281,-0.8694286435017823],[102.31301213661965,-0.8696092849067997],[102.31265323041771,-0.8696096023042112]]],[[[102.31408022972686,-0.8596730658168872],[102.31408054161575,-0.8600343482526958],[102.31390108917589,-0.8600345052589649],[102.31390124516108,-0.8602151465095516],[102.31354234016621,-0.860215460562657],[102.31354218419784,-0.8600348192461112],[102.31336273165965,-0.8600349762269883],[102.31336288761963,-0.8602156175765112],[102.31300398242816,-0.8602159315788221],[102.31300413840407,-0.8603965729940938],[102.31282468575078,-0.8603967300155225],[102.31282515384987,-0.8609386543590515],[102.31264570113856,-0.860938811470922],[102.31264601335158,-0.8613000944315472],[102.31282546607973,-0.8612999372537369],[102.31282562224379,-0.8614805787007793],[102.31318452761862,-0.8614802642537845],[102.3131843714377,-0.8612996228726871],[102.31336382406755,-0.8612994656694476],[102.3133639802569,-0.8614801070175698],[102.31390233797507,-0.8614796352580566],[102.31390249422245,-0.8616602765070425],[102.3142613992209,-0.8616599618923431],[102.31426171184766,-0.8620212442577806],[102.31444116431457,-0.8620210868717394],[102.31444132068555,-0.8622017280211716],[102.3149796779149,-0.8622012557131786],[102.31497983434394,-0.8623818967634423],[102.3151592866966,-0.8623817392774812],[102.31515913025913,-0.8622010982602106],[102.31533858257058,-0.8622009407987573],[102.31533811342958,-0.8616590178447273],[102.31551756568295,-0.8616588604737784],[102.31551740935977,-0.8614782195216975],[102.31587631375132,-0.8614779048203584],[102.31587615744407,-0.8612972639340756],[102.31605560958224,-0.8612971066036907],[102.3160552970493,-0.8609358248965281],[102.31623474913783,-0.8609356676236743],[102.31623459291214,-0.8607550268027963],[102.31605514083202,-0.8607551840426465],[102.31605498464754,-0.8605745431885646],[102.31623443671923,-0.8605743859817179],[102.31623428055913,-0.8603937451604396],[102.31659318458732,-0.8603934307873518],[102.3165936532165,-0.8609353530525485],[102.31641420119355,-0.8609355103423476],[102.31641435746047,-0.86111615113002],[102.31623490539631,-0.861116308444352],[102.31623553075822,-0.8618388717250606],[102.31641498285606,-0.8618387142787072],[102.31641529575064,-0.8621999958518483],[102.31659474783254,-0.8621998383309987],[102.31659506087516,-0.8625611198373234],[102.31641560877641,-0.8625612774241876],[102.31641576533848,-0.8627419182100564],[102.31569795658174,-0.8627425486046364],[102.31569780005341,-0.8625619076867567],[102.31551834779067,-0.8625620652311771],[102.31551850431059,-0.8627427061820553],[102.31533905200664,-0.8627428637509833],[102.3153392085509,-0.8629235047346576],[102.31515975620573,-0.8629236623280899],[102.31516038267686,-0.8636462263927591],[102.31533983505581,-0.8636460686673475],[102.31533999176399,-0.8638267096500183],[102.31551944411859,-0.8638265518831105],[102.315519600868,-0.864007192832584],[102.31534014850496,-0.864007350632488],[102.31534046208527,-0.8643686325968247],[102.31498155722706,-0.8643689483030994],[102.31498171404948,-0.8645495893509542],[102.31480226156275,-0.864549747224323],[102.31480241840951,-0.8647303883049681],[102.31462296588154,-0.8647305462028178],[102.3146232796565,-0.8650918284294837],[102.31480273220137,-0.8650916704656548],[102.31480304612437,-0.8654529526255371],[102.31426468834063,-0.865453426689409],[102.31426484532591,-0.8656340678680111],[102.31390593995593,-0.8656343839339726],[102.31390609695707,-0.8658150251783405],[102.31354719143908,-0.8658153412761851],[102.31354703445488,-0.8656346999658576],[102.31372648722179,-0.8656345419541748],[102.3137263302619,-0.8654539006766251],[102.31390578298759,-0.8654537426894037],[102.313905626052,-0.8652731014446334],[102.31408507873644,-0.8652729434818771],[102.31408492182517,-0.865092302269888],[102.3142643744684,-0.8650921443316003],[102.31426406072725,-0.8647308619729873],[102.31408460810096,-0.8647310198453068],[102.31408445128801,-0.8645503786327146],[102.31426390390587,-0.8645502207933792],[102.31426359036139,-0.86418893843356],[102.31408413776043,-0.8641890962069272],[102.31408319796427,-0.8631052489247446],[102.31390374538123,-0.863105406491713],[102.31390358887167,-0.8629247652443309],[102.31372413626427,-0.8629249227698244],[102.31372397979592,-0.8627442814892614],[102.3133650744997,-0.8627445964488153],[102.31336523095116,-0.8629252377953341],[102.313006325507,-0.8629255527868747],[102.3130061690724,-0.8627449113744069],[102.31264726351405,-0.8627452262660358],[102.31264695077688,-0.8623839433086162],[102.31246749796543,-0.8623841006757585],[102.31246734165441,-0.8622034591637797],[102.31228788881863,-0.8622036164894686],[102.31228804512124,-0.8623842580344137],[102.31210859224427,-0.8623844153845818],[102.31210874857118,-0.8625650569622909],[102.31157038971848,-0.862565529060755],[102.31156976470851,-0.8618429623531846],[102.31174921765844,-0.8618428051273557],[102.3117490614794,-0.8616621634829214],[102.31210796726417,-0.8616618490717415],[102.31210781110101,-0.8614812074930304],[102.31228726393586,-0.861481050307685],[102.31228710779705,-0.8613004087617382],[102.31210765497065,-0.8613005659141192],[102.312107186776,-0.8607586411761846],[102.31228663957715,-0.8607584841226973],[102.31228648356938,-0.8605778425759502],[102.31246593632936,-0.860577685546958],[102.31246578034592,-0.8603970440329768],[102.31264523306473,-0.8603968870284834],[102.3126449211793,-0.8600356040658576],[102.31282437384854,-0.8600354471188362],[102.31282406207734,-0.8596741642213503],[102.31300351469699,-0.8596740073318083],[102.31300367057462,-0.8598546487476795],[102.31318312316992,-0.8598544918167035],[102.3131829672839,-0.8596738504338058],[102.31336241983803,-0.8596736935273429],[102.31336210814744,-0.859312410826898],[102.313541560652,-0.8593122539779284],[102.31354140484747,-0.8591316126603834],[102.3133619523513,-0.8591317694763758],[102.31336179658794,-0.858951128125654],[102.3139001539529,-0.8589506577512472],[102.31390046556281,-0.8593119402546189],[102.31407991796905,-0.8593117833802792],[102.31408007383158,-0.8594924245986829],[102.31425952621345,-0.8594922676829022],[102.31425968211713,-0.8596729088681222],[102.31408022972686,-0.8596730658168872]]],[[[102.2864466495829,-0.8625874753447254],[102.28644618431731,-0.8620455365241328],[102.28662564184333,-0.8620453804531231],[102.28662548681136,-0.8618647342119024],[102.28680494429645,-0.8618645781651196],[102.28680478928858,-0.8616839319564112],[102.28698424673273,-0.8616837759338596],[102.28698471187917,-0.8622257144612433],[102.28680525440973,-0.8622258705819367],[102.28680540951513,-0.8624065167900452],[102.28662595200474,-0.862406672934964],[102.28662610713421,-0.8625873191755843],[102.2864466495829,-0.8625874753447254]]],[[[102.29075238016375,-0.8611385610341705],[102.29075253525939,-0.8613192065233639],[102.29021416492887,-0.8613196749033843],[102.2902140098585,-0.8611390293159427],[102.29003455302501,-0.8611391853929156],[102.29003439799561,-0.8609585397725286],[102.28985494113799,-0.8609586958082817],[102.28985463119362,-0.8605974045014201],[102.29003408803442,-0.860597248531155],[102.29003424299874,-0.8607778941519415],[102.2902136998154,-0.8607777381404603],[102.29021385482069,-0.8609583837283014],[102.29057276837322,-0.8609580716144257],[102.29057292342787,-0.8611387171365702],[102.29075238016375,-0.8611385610341705]]],[[[102.28770130142193,-0.8607799215302364],[102.2877009917446,-0.8604186294373964],[102.28788044896726,-0.8604184736014979],[102.28788029416896,-0.8602378275875011],[102.2880597513507,-0.8602376717758587],[102.28805990615743,-0.8604183177571307],[102.28823936331506,-0.8604181619042954],[102.28823951816273,-0.860598807852642],[102.28806006099667,-0.8605989637382037],[102.28806021586843,-0.8607796097190769],[102.28770130142193,-0.8607799215302364]]],[[[102.30582166118857,-0.8553448506540959],[102.30582181594536,-0.8555254933922263],[102.30600126964855,-0.8555253375893975],[102.3060011148834,-0.8553446948841695],[102.30636002217497,-0.8553443833190629],[102.30636079641131,-0.8562475965141672],[102.30618134274003,-0.8562477524654583],[102.3061816526467,-0.8566090378079194],[102.30636110633472,-0.8566088817908167],[102.30636126134547,-0.8567895244288429],[102.30654071500916,-0.8567893683704023],[102.30654133541267,-0.857511938788886],[102.30636188171546,-0.857512094978957],[102.30636234733629,-0.8580540228894508],[102.30528562431545,-0.8580549604448738],[102.30528515884559,-0.8575130319421558],[102.30510570491953,-0.857513188073151],[102.30510554983667,-0.8573325452056181],[102.3049260958863,-0.8573327012952806],[102.3049257858354,-0.8569714154938307],[102.30474633186911,-0.8569715715092724],[102.30474617690105,-0.8567909285753573],[102.30456672291047,-0.8567910845494753],[102.30456656798347,-0.8566104415824711],[102.30474602196568,-0.8566102856412431],[102.304745402551,-0.855887713902797],[102.30456594860229,-0.8558878697124661],[102.30456502051089,-0.8548040119014947],[102.30492392827533,-0.8548037006684206],[102.30492408289223,-0.8549843435716313],[102.30510353673378,-0.8549841879095817],[102.30510369139174,-0.8551648307797006],[102.30564205274533,-0.8551643636443748],[102.30564220746106,-0.8553450064156042],[102.30582166118857,-0.8553448506540959]]],[[[102.30923065646238,-0.8546193211332909],[102.3092300376505,-0.8538967526773871],[102.30958894363074,-0.853896441336223],[102.30958909830133,-0.854077083384623],[102.30940964531922,-0.8540772390923447],[102.30940980001417,-0.854257881173484],[102.30958925300465,-0.8542577254328244],[102.30958956250946,-0.8546190095286319],[102.30923065646238,-0.8546193211332909]]],[[[102.30976762366811,-0.852993075572757],[102.30976793273139,-0.8533543596054634],[102.30958847981539,-0.8533545151898326],[102.30958863438778,-0.8535351572388277],[102.3092297284409,-0.8535354684482443],[102.30922957388519,-0.8533548263333757],[102.30905012087102,-0.8533549818925495],[102.30905027541837,-0.8535356240403527],[102.30887082236313,-0.8535357796240607],[102.30887097693487,-0.8537164218045976],[102.30869152383855,-0.8537165774128362],[102.30869136927515,-0.8535359351993685],[102.30851191615446,-0.8535360907662762],[102.30851160714252,-0.8531748062728881],[102.30869106024653,-0.853174650771838],[102.30869090578129,-0.8529940085577753],[102.30904981187446,-0.8529936975963485],[102.30904965742528,-0.8528130554479508],[102.30922911041444,-0.8528128999875793],[102.30922926487196,-0.8529935421030428],[102.30940871783673,-0.8529933866013424],[102.30940856337087,-0.8528127445188146],[102.30958801629458,-0.8528125890416571],[102.30958817076879,-0.8529932310912469],[102.30976762366811,-0.852993075572757]]],[[[102.31066365239651,-0.8515471630334265],[102.3106628814123,-0.8506439537638937],[102.31084233400695,-0.8506437986233868],[102.31084202582582,-0.85028251498009],[102.31102147837109,-0.8502823598971153],[102.3110220948976,-0.8510049270511112],[102.31120154744339,-0.851004771827954],[102.31120185591973,-0.8513660553378578],[102.31084295076211,-0.8513663659076084],[102.31084310503275,-0.8515470077281693],[102.31066365239651,-0.8515471630334265]]],[[[102.29953201077286,-0.8450535953216224],[102.29953216337701,-0.8452342392214633],[102.29971161774945,-0.8452340855852066],[102.2997117703945,-0.8454147294520115],[102.30007067905801,-0.8454144220888563],[102.30007083175221,-0.8455950658897798],[102.30042974030172,-0.8455947584276509],[102.30043019862975,-0.8461366896321674],[102.29971238130094,-0.8461373049172676],[102.29971253410913,-0.8463179487830905],[102.29953307968708,-0.8463181026163861],[102.29953292688715,-0.8461374587177234],[102.29935347244073,-0.8461376125098519],[102.29935316695533,-0.8457763246462607],[102.29917371249283,-0.845776478364389],[102.29917355980734,-0.8455958343994627],[102.29899410532047,-0.8455959880764324],[102.29899425799769,-0.8457766320741932],[102.29881480346995,-0.8457767857756732],[102.29881495617151,-0.8459574298060702],[102.29863550160289,-0.845957583532057],[102.29863580708736,-0.8463188716579236],[102.29845635246954,-0.846319025441243],[102.29845619971927,-0.8461383813455787],[102.29791783569495,-0.8461388425470826],[102.2979176830021,-0.8459581983527453],[102.29809713770122,-0.8459580446600622],[102.29809683239684,-0.8455967563364456],[102.29791737771426,-0.8455969099634811],[102.29791692002709,-0.8450549773781129],[102.29809637468489,-0.8450548238495486],[102.29809591726647,-0.8445128913608859],[102.29953155315621,-0.8445116636209227],[102.2995314006826,-0.8443310197202971],[102.29971085501376,-0.8443308662482389],[102.29971100749563,-0.8445115101160249],[102.2998904618024,-0.8445113566028155],[102.29989076688057,-0.8448726442721155],[102.29971131255728,-0.8448727978510082],[102.29971146513705,-0.8450534417182053],[102.29953201077286,-0.8450535953216224]]],[[[102.29683958180081,-0.8443333208039812],[102.29701903662122,-0.8443331674565717],[102.2970188842958,-0.8441525230961799],[102.29683942948364,-0.8441526764107761],[102.29683927719906,-0.8439720320173753],[102.29719818677425,-0.8439717254455026],[102.29719833907534,-0.8441523697732753],[102.29737779382228,-0.8441522164420626],[102.29737794616422,-0.8443328607368229],[102.29719849140902,-0.8443330141008524],[102.29719879617421,-0.844694302755418],[102.29701934136989,-0.8446944561767672],[102.29701949379314,-0.8448751005365708],[102.29684003894796,-0.8448752539824196],[102.29684019139555,-0.8450558983748402],[102.29701964624898,-0.8450557448961782],[102.29701979873745,-0.8452363892555895],[102.296301979095,-0.8452370032515766],[102.29630182663959,-0.8450563587609233],[102.29612237165576,-0.8450565122063171],[102.29612221924121,-0.8448758676826618],[102.29594276423302,-0.8448760210869338],[102.29594261185935,-0.8446953765302783],[102.29576315682682,-0.8446955298934326],[102.29576300449398,-0.8445148853037786],[102.29558354943713,-0.8445150386258188],[102.29558324488575,-0.844153749380321],[102.29576269992609,-0.844153596123882],[102.29576254769104,-0.8439729515336399],[102.29594200269052,-0.8439727983016952],[102.29594185047982,-0.8437921537440597],[102.29612130543846,-0.8437920005366127],[102.29612145765743,-0.8439726450614443],[102.29630091259175,-0.8439724918128865],[102.29630121714396,-0.8443337807963498],[102.29648067206219,-0.8443336274738702],[102.29648082439545,-0.8445142719324998],[102.29683973415058,-0.84451396519699],[102.29683958180081,-0.8443333208039812]]],[[[102.29630076036452,-0.8437918473208612],[102.29612130543846,-0.8437920005366127],[102.29612115325209,-0.8436113560115854],[102.2959416983017,-0.8436115091862282],[102.29594124196291,-0.8430695755115589],[102.2964796066421,-0.8430691162579759],[102.29647975874718,-0.8432497607179767],[102.29665921358328,-0.8432496075840447],[102.2966593657292,-0.8434302520110403],[102.29683882054096,-0.8434300988359976],[102.29683897272771,-0.8436107432299859],[102.2963006081699,-0.8436112028286399],[102.29630076036452,-0.8437918473208612]]],[[[102.30150478659894,-0.8436067569114972],[102.30168424053804,-0.8436066034794686],[102.30168454545486,-0.8439678904937024],[102.30114618349013,-0.8439683509620254],[102.3011458786228,-0.8436070637506462],[102.30096642458577,-0.8436072171577668],[102.30096566302996,-0.8427039989616212],[102.30132457098895,-0.842703692467626],[102.30132472325131,-0.8428843360415371],[102.30150417719008,-0.8428841827492413],[102.3015044818292,-0.8432454698307608],[102.30132502787396,-0.8432456231887717],[102.30132518023426,-0.8434262667620953],[102.30150463419774,-0.843426113371227],[102.30150478659894,-0.8436067569114972]]],[[[102.29665860532565,-0.8425270298741045],[102.29665814947472,-0.841985096589596],[102.29683760422057,-0.8419849436770437],[102.2968377561465,-0.8421655880725976],[102.29719666555685,-0.8421652821570041],[102.29719681753186,-0.8423459264867346],[102.29701736283477,-0.8423460794814904],[102.29701751483412,-0.8425267238438401],[102.29665860532565,-0.8425270298741045]]],[[[102.29414547610342,-0.8416259467195479],[102.2941456278407,-0.8418065916074753],[102.29432508303458,-0.8418064388437259],[102.2943255384666,-0.8423483734079761],[102.29378717271315,-0.8423488319694301],[102.2937865656344,-0.8416262521566237],[102.29414547610342,-0.8416259467195479]]],[[[102.30203828688508,-0.8378257063595719],[102.30203813550409,-0.8376450629116377],[102.302217589074,-0.8376449105392331],[102.30221743771747,-0.8374642671239688],[102.30239689124656,-0.8374641147761869],[102.30239673991449,-0.8372834713935942],[102.3027556468583,-0.8372831667390421],[102.30275579820672,-0.8374638100558967],[102.30257634474296,-0.8374639624201629],[102.30257649611586,-0.8376446057696928],[102.30239704261126,-0.8376447581585849],[102.30239719400865,-0.8378254015407884],[102.30203828688508,-0.8378257063595719]]],[[[102.30454625389984,-0.8325849252142106],[102.30454610335188,-0.8324042822209159],[102.30526391465906,-0.8324036760356592],[102.30526421585279,-0.8327649617589183],[102.304905310232,-0.8327652649995068],[102.30490546086162,-0.8329459079266338],[102.30472600799405,-0.8329460595675253],[102.30472570678381,-0.8325847736472953],[102.30454625389984,-0.8325849252142106]]],[[[102.30059768090838,-0.8318656827464288],[102.30059783117937,-0.8320463264634197],[102.3002389239253,-0.8320466290150393],[102.3002387736706,-0.8318659852323533],[102.29987986630226,-0.8318662876855294],[102.29987971609644,-0.8316856438369622],[102.29970026237146,-0.8316857950184282],[102.29970041256914,-0.8318664388998367],[102.29952095880338,-0.8318665901059568],[102.29952080861383,-0.8316859461917087],[102.2993413548236,-0.8316860973568038],[102.2993412046748,-0.8315054534095249],[102.29916175086005,-0.8315056045335986],[102.2991614506766,-0.8311443165727894],[102.29934090447509,-0.8311441655143876],[102.2993407544242,-0.8309635215665294],[102.29969966190703,-0.8309632194908632],[102.2996995118725,-0.8307825756084894],[102.29987896555686,-0.8307824245912302],[102.29987881554683,-0.830601780741505],[102.30005826919043,-0.8306016297489125],[102.30005811920492,-0.8304209859318373],[102.30023757280776,-0.830420834963915],[102.30023772280138,-0.8306014787481452],[102.30041717637971,-0.8306013277392031],[102.30041702637797,-0.8304206839878198],[102.30059647991554,-0.8304205330035516],[102.30059632993832,-0.8302398892848236],[102.30077578343513,-0.8302397383252328],[102.30077593342047,-0.8304203820111108],[102.30095538689275,-0.8304202310104964],[102.300955837069,-0.8309621619684163],[102.30077638357236,-0.8309623130675862],[102.30077713447832,-0.8318655314911857],[102.30059768090838,-0.8318656827464288]]],[[[102.31028587020593,-0.8291478741165689],[102.31028572001948,-0.8289672321729478],[102.31064462333647,-0.8289669298243967],[102.31064507404267,-0.8295088554569989],[102.30992726718047,-0.8295094605168121],[102.30992711694478,-0.8293288185076896],[102.31010656870131,-0.8293286672879243],[102.31010641849024,-0.8291480253115515],[102.31028587020593,-0.8291478741165689]]],[[[102.31136182896468,-0.8282437580438006],[102.31136197906878,-0.8284243997904881],[102.31118252758192,-0.8284245509026106],[102.31118237748593,-0.8282439091229679],[102.31100292597444,-0.828244060193984],[102.31100262589686,-0.8278827765682145],[102.31118207739216,-0.827882625563105],[102.3111819273944,-0.8277019837828852],[102.31136137884887,-0.8277018328025831],[102.31136152885473,-0.8278824745498481],[102.31172043168162,-0.8278821724988913],[102.31172088194424,-0.8284240975417848],[102.3115414305229,-0.8284242486702129],[102.31154128041068,-0.8282436069564824],[102.31136182896468,-0.8282437580438006]]],[[[102.32523799710833,-0.89561050975551],[102.32505854501315,-0.8956106738058113],[102.32505870799748,-0.8957913129678907],[102.32469980369098,-0.8957916411082335],[102.32469996669067,-0.8959722803362852],[102.32434106223513,-0.8959726085075399],[102.32434089925296,-0.8957919692133144],[102.32452035148842,-0.8957918051651816],[102.32452018853034,-0.8956111659038337],[102.32434073630365,-0.8956113299188805],[102.3243399220503,-0.8947081334435865],[102.32451937423323,-0.8947079695939695],[102.32451921147245,-0.894527330331372],[102.32469866361374,-0.8945271665060383],[102.3246988263833,-0.894707805735548],[102.32487827850048,-0.8947076418683216],[102.32487844131164,-0.8948882810645338],[102.32541679749211,-0.8948877893107463],[102.32541728620166,-0.8954297066002951],[102.32523783414813,-0.8954298706263154],[102.32523799710833,-0.89561050975551]]],[[[102.32523653165039,-0.8939847575852619],[102.32505707963395,-0.8939849213377257],[102.32505724232233,-0.894165560501679],[102.32487779026427,-0.8941657242784363],[102.324877302324,-0.8936238066866784],[102.32505675435583,-0.8936236430091951],[102.3250565917661,-0.893443003844618],[102.32541549571368,-0.8934426765294566],[102.32541565832089,-0.8936233156278459],[102.32559511025407,-0.8936231519239801],[102.32559576104671,-0.8943457081830709],[102.32541630907856,-0.8943458720193231],[102.3254161463398,-0.8941652329217659],[102.32523669434751,-0.8941653967161224],[102.32523653165039,-0.8939847575852619]]],[[[102.3162543752863,-0.8833351278477497],[102.31625405473447,-0.8829738462560756],[102.31679241392334,-0.8829733623059807],[102.31679273452697,-0.8833346436996099],[102.3162543752863,-0.8833351278477497]]],[[[102.31840732938818,-0.8827912695864997],[102.3184071690907,-0.8826106291863359],[102.31768935802333,-0.8826112744843938],[102.31768919779319,-0.882430633951934],[102.3178686506006,-0.8824304726734685],[102.31786833022149,-0.8820691916739736],[102.31804778297885,-0.8820690304528673],[102.31804794316062,-0.8822496709196959],[102.31876575389646,-0.8822490258163597],[102.31876591414556,-0.8824296661508778],[102.3185864615022,-0.8824298274727643],[102.31858678208161,-0.8827911082072432],[102.31840732938818,-0.8827912695864997]]],[[[102.3202010532549,-0.8818864550518695],[102.32020121350735,-0.8820670951225031],[102.32002176114385,-0.8820672564477767],[102.3200219214205,-0.8822478965512485],[102.31984246901555,-0.882248057900883],[102.31984230874752,-0.88206741776437],[102.31912449883393,-0.8820680629439364],[102.31912465906746,-0.882248703212597],[102.31876575389646,-0.8822490258163597],[102.31876559368017,-0.882068385481636],[102.31894504627347,-0.8820682242171266],[102.31894488608138,-0.8818875839152286],[102.31912433863322,-0.881887422675071],[102.31912353812206,-0.8809842213276673],[102.31948244304108,-0.8809838991516662],[102.31948228302011,-0.8808032589476409],[102.31966173542176,-0.8808030978796733],[102.319661575425,-0.8806224577084806],[102.32002048011262,-0.8806221356126217],[102.32002080017342,-0.8809834158226402],[102.32020025248522,-0.880983254695625],[102.32020073284852,-0.8815251749099868],[102.32038018515331,-0.8815250136751672],[102.32038050557694,-0.88188629375096],[102.3202010532549,-0.8818864550518695]]],[[[102.319481004034,-0.8793581373080658],[102.31948132358357,-0.8797194177191876],[102.31930187120071,-0.8797195785802713],[102.31930171141812,-0.8795389383417768],[102.31912225901104,-0.8795390991611689],[102.31912209926986,-0.8793584588894358],[102.31876319437443,-0.8793587804361895],[102.3187633540984,-0.879539420773986],[102.31840444905448,-0.8795397423521801],[102.31840460879408,-0.8797203827558274],[102.31786625095629,-0.8797208651572709],[102.31786641070288,-0.8799015056597844],[102.31768695801607,-0.8799016664759705],[102.31768711778687,-0.8800823070112991],[102.31732821229758,-0.8800826286837273],[102.317328372084,-0.8802632692848862],[102.31714891928155,-0.8802634301411233],[102.31714859975872,-0.8799021488725719],[102.31732805254397,-0.8799019880823642],[102.31732789282319,-0.879721347480796],[102.31750734556702,-0.8797211867149451],[102.31750718587043,-0.8795405461461892],[102.31768663857285,-0.8795403854046989],[102.31768647890047,-0.8793597448687561],[102.3178659315615,-0.8793595841516301],[102.31786577191332,-0.8791789436485031],[102.31804522453295,-0.8791787829557446],[102.31804538418972,-0.87935942342585],[102.3184042893477,-0.8793591019483277],[102.31840412967374,-0.8791784615442712],[102.3193013919514,-0.8791776578641739],[102.31930155166835,-0.8793582981030776],[102.319481004034,-0.8793581373080658]]],[[[102.32558268505682,-0.8797139432911805],[102.32558284517329,-0.8798945823721541],[102.32540339389895,-0.8798947435606848],[102.32540371421334,-0.880256021788211],[102.32522426288891,-0.8802561830342721],[102.32522442308681,-0.8804368221808225],[102.3250449717209,-0.8804369834513136],[102.32504481153158,-0.8802563442716701],[102.32486536014139,-0.8802565055004059],[102.32486519999358,-0.8800758662874667],[102.3246857485791,-0.8800760274744505],[102.32468558847276,-0.8798953882282171],[102.32504449125162,-0.8798950659117689],[102.32504433116097,-0.8797144267315113],[102.32522378249247,-0.8797142655933916],[102.32522346239259,-0.8793529872984475],[102.32504401107829,-0.8793531483703816],[102.32504369112714,-0.8789918700084338],[102.32522314242425,-0.8789917090026854],[102.32522298248941,-0.8788110698544975],[102.32540243374505,-0.8788109088731934],[102.32540291367401,-0.8793528262178598],[102.32558236492254,-0.8793526651286185],[102.32558252497324,-0.8795333042100018],[102.32576197619748,-0.8795331430790087],[102.32576213628967,-0.8797137821270886],[102.32558268505682,-0.8797139432911805]]],[[[102.31947511605208,-0.8726744495551017],[102.31947495754116,-0.8724938093416961],[102.3192955055009,-0.8724939688813443],[102.31929534703133,-0.8723133286347],[102.31965425106193,-0.8723130096128903],[102.31965409260813,-0.8721323694321165],[102.31983354456567,-0.8721322099413741],[102.31983338613617,-0.8719515697934369],[102.32037174178622,-0.8719510913688417],[102.32037190024128,-0.8721317314176502],[102.3205513520675,-0.8721315718925768],[102.3205516690932,-0.8724928519234924],[102.32019276537385,-0.8724931710972388],[102.3201929239189,-0.8726738111784833],[102.31947511605208,-0.8726744495551017]]],[[[102.3201911817292,-0.8706867702736385],[102.32019133994592,-0.8708674103569105],[102.3203707917453,-0.8708672510717329],[102.32037095000338,-0.8710478911217577],[102.32055040177845,-0.8710477317949629],[102.32055056007786,-0.8712283718117386],[102.32001220462857,-0.8712288498655405],[102.3200120463547,-0.8710482097496305],[102.31983259448113,-0.8710483690507089],[102.31983243624862,-0.8708677289015554],[102.31929408045644,-0.8708682066542447],[102.31929392228231,-0.8706875664057758],[102.31911447029444,-0.8706877256064974],[102.31911399599448,-0.870145804760774],[102.31929344795682,-0.8701456456591543],[102.31929360603249,-0.8703262859082306],[102.3196525098757,-0.8703259676132283],[102.31965266800121,-0.8705066077960286],[102.31983211988208,-0.8705064486026407],[102.31983227804893,-0.8706870887521991],[102.3201911817292,-0.8706867702736385]]],[[[102.31785389181262,-0.8656309053342196],[102.31803334379255,-0.8656307471180812],[102.31803350098835,-0.8658113876034046],[102.31821295294394,-0.8658112293457241],[102.318213110181,-0.8659918697978227],[102.31839256211225,-0.8659917114985966],[102.31839287670178,-0.8663529923361397],[102.3180339727726,-0.8663533090581663],[102.31803413009966,-0.8665339495426839],[102.31785467807738,-0.8665341079239299],[102.31785483542876,-0.8667147484412675],[102.31803428745951,-0.8667145900270001],[102.31803460227766,-0.8670758709950278],[102.31767569814946,-0.8670761879471155],[102.31767554074094,-0.8668955473971612],[102.31749608863609,-0.8668957058273875],[102.31749593126884,-0.8667150652442137],[102.31731647913966,-0.8667152236328923],[102.31731616452053,-0.8663539423999077],[102.31749561663277,-0.8663537840772614],[102.31749545936394,-0.866173143493483],[102.31731600726019,-0.8661733017831134],[102.31731585003263,-0.8659926611661174],[102.31713639790452,-0.8659928194142089],[102.31713608356478,-0.8656315381135842],[102.3169566314208,-0.8656316962871281],[102.31695647430858,-0.8654510556035013],[102.31677702214027,-0.8654512137355156],[102.31677686506931,-0.8652705730186763],[102.31659741287666,-0.8652707311091643],[102.31659694188599,-0.8647288088584134],[102.3164174896859,-0.8647289668413642],[102.31641733276307,-0.8645483260577043],[102.31695568923956,-0.8645478521823489],[102.31695553232416,-0.864367211497515],[102.31731443646092,-0.8643668956040972],[102.31731459339322,-0.8645475362229039],[102.31785294937767,-0.8645470622199248],[102.31785342044749,-0.8650889837779775],[102.31803287240204,-0.8650888256609035],[102.31803318662958,-0.8654501066325566],[102.31785373465809,-0.8654502648156734],[102.31785389181262,-0.8656309053342196]]],[[[102.31856950188477,-0.8631013069899588],[102.31910785697742,-0.8631008336010356],[102.31910817058434,-0.8634621141807786],[102.31892871890273,-0.8634622720516443],[102.31892887574699,-0.8636429123742465],[102.31874942402412,-0.8636430702696454],[102.31874926718831,-0.8634624299140127],[102.31856981544105,-0.8634625877678835],[102.31856950188477,-0.8631013069899588]]],[[[102.32556652593401,-0.8612887559639185],[102.32556668269599,-0.8614693950655568],[102.32574613306923,-0.8614692372443655],[102.32574660357776,-0.8620111544487833],[102.32592605394338,-0.8620109965198155],[102.32592621085375,-0.8621916355544539],[102.32628511150317,-0.8621913196048646],[102.3262852684633,-0.862371958573098],[102.32682361921599,-0.8623714844857581],[102.3268237762343,-0.8625521233544702],[102.32700322642783,-0.8625519652752737],[102.3270033834875,-0.8627326041106747],[102.32736228379272,-0.862732287860591],[102.32736275521971,-0.8632742041669113],[102.32718330505824,-0.8632743623955399],[102.32718346225792,-0.8634550011970253],[102.3268245618194,-0.8634553176950192],[102.32682471903512,-0.863635956562526],[102.32628636810526,-0.8636364313451084],[102.32628652532853,-0.8638170703117348],[102.32592762452727,-0.8638173868571664],[102.32592778176655,-0.8639980258897967],[102.32574833130813,-0.8639981841828608],[102.32574817407729,-0.8638175451171309],[102.32520982253004,-0.8638180198460199],[102.32520997973555,-0.8639986590110385],[102.32485107852274,-0.8639989755206439],[102.32485092133413,-0.8638183362894422],[102.32467147068685,-0.863818494498402],[102.32467115642517,-0.8634572159692177],[102.3244917057619,-0.8634573741035023],[102.32449107766679,-0.8627348169103741],[102.32484997889294,-0.8627345008980127],[102.3248502929085,-0.863095779362626],[102.32502974348911,-0.8630956212775285],[102.32502990055465,-0.863276260476443],[102.32520935111084,-0.8632761023497595],[102.32520919403687,-0.8630954631839373],[102.32538864455174,-0.8630953050818525],[102.32538817350182,-0.8625533876824645],[102.32520872301225,-0.8625535456852662],[102.32520856606982,-0.8623729065186412],[102.32484966500891,-0.8623732224325965],[102.32484950811622,-0.8621925831995875],[102.32502895865468,-0.8621924252799437],[102.32502864495108,-0.8618311468795052],[102.32484919442946,-0.8618313047329673],[102.32484903763542,-0.8616506654993564],[102.32466958708935,-0.8616508233112484],[102.32466943033658,-0.8614701840443478],[102.32431052916267,-0.8614704995765204],[102.32431068589858,-0.8616511389095934],[102.32323398153736,-0.8616520855011213],[102.3232341382556,-0.8618327250324689],[102.32287523652208,-0.8618330405612863],[102.32287539325633,-0.8620136801585778],[102.32269594233185,-0.862013837943334],[102.32269562891307,-0.8616525586824114],[102.32287507982069,-0.8616524009637945],[102.3228746099137,-0.861110482170116],[102.3230540607632,-0.8611103245422328],[102.32305421737442,-0.8612909641072546],[102.32359256975101,-0.8612904910735358],[102.32359241311453,-0.8611098516077379],[102.32377186383256,-0.8611096939459582],[102.32377170722054,-0.8609290545130381],[102.3239511578973,-0.8609288968758643],[102.32395131451774,-0.8611095362757039],[102.32413076517005,-0.8611093785969756],[102.3241309218318,-0.8612900179635331],[102.32431037245964,-0.861289860243247],[102.32431021578948,-0.8611092209097732],[102.32448966637604,-0.8611090632140964],[102.32448950973034,-0.8609284239135077],[102.3243100591522,-0.8609285815760989],[102.32430990254778,-0.8607479422422244],[102.32448935311751,-0.8607477846127185],[102.32448919653757,-0.8605671453117293],[102.32502754802422,-0.8605666724716553],[102.3250277046294,-0.8607473116733778],[102.32484825415833,-0.8607474693282953],[102.32484856745053,-0.8611087477973207],[102.32502801793845,-0.8611085900762219],[102.32502817464228,-0.8612892292773432],[102.32556652593401,-0.8612887559639185]]],[[[102.32000339185389,-0.8611130030637474],[102.32000401792325,-0.8618355635705076],[102.320183469332,-0.8618354059460418],[102.32018362593985,-0.862016046039188],[102.32036307732417,-0.8620158883731965],[102.32036354737002,-0.862557808552298],[102.32000464451794,-0.8625581240740603],[102.32000417452267,-0.8620162036966967],[102.31982472307268,-0.8620163613457219],[102.31982456648169,-0.861835721186492],[102.31964511500728,-0.8618358787939948],[102.31964495845753,-0.8616552386015252],[102.31910660386264,-0.8616557112740377],[102.319106447371,-0.8614750709822608],[102.31892699578214,-0.8614752284897735],[102.31892683933174,-0.8612945881647641],[102.31874738771847,-0.8612947456307685],[102.31874754416046,-0.8614753859888081],[102.31856809250596,-0.8614755434793653],[102.31856824897233,-0.8616561838702332],[102.31838879727658,-0.8616563413853388],[102.31838864081864,-0.8614757009614441],[102.31820918909851,-0.8614758584350451],[102.31820903268179,-0.8612952179779251],[102.31802958093726,-0.8612953754100248],[102.31802942456179,-0.8611147349196812],[102.31784997279287,-0.8611148923102833],[102.31784981645862,-0.8609342517867182],[102.31767036466529,-0.8609344091358263],[102.31767020837228,-0.8607537685790412],[102.31784966015718,-0.860753611262953],[102.31784950388855,-0.8605729707389873],[102.31802895563222,-0.8605728134474494],[102.31802879938799,-0.8603921729563052],[102.31838770276006,-0.8603918584138703],[102.31838754653182,-0.8602112179885739],[102.31856699816024,-0.8602110607376824],[102.3185668419564,-0.8600304203452128],[102.31892574509794,-0.8600301058840916],[102.31892558891012,-0.8598494655574809],[102.3196433947657,-0.8598488366658129],[102.31964355098715,-0.8600294768602847],[102.32000245373479,-0.8600291622975995],[102.32000276630983,-0.8603904425537826],[102.32018221765122,-0.8603902851936588],[102.32018284322893,-0.8611128455714526],[102.32000339185389,-0.8611130030637474]]],[[[102.32735883571017,-0.8587582348924303],[102.32735836675101,-0.8582163185710852],[102.32717891682515,-0.858216475872526],[102.327178604367,-0.8578551982577362],[102.32753750415228,-0.8578548837788681],[102.32753781664397,-0.8582161612611992],[102.32771726650402,-0.8582160039428673],[102.32771742280762,-0.858396642650616],[102.32807632244578,-0.8583963279223756],[102.32807663518528,-0.8587576052047933],[102.32735883571017,-0.8587582348924303]]],[[[102.31820451087127,-0.8560566446344833],[102.3182048218343,-0.8564179255601077],[102.31784591876584,-0.8564182386326288],[102.31784514168807,-0.8555150359868525],[102.31802459319687,-0.8555148796199129],[102.31802443787139,-0.8553342391231818],[102.3183833407738,-0.8553339264300924],[102.31838349611601,-0.8555145668607753],[102.31856294752636,-0.8555144104685778],[102.31856325832597,-0.8558756912632933],[102.31838380689888,-0.8558758477215443],[102.31838396233952,-0.8560564881516302],[102.31820451087127,-0.8560566446344833]]],[[[102.31945309001117,-0.8472041774812016],[102.3194529361288,-0.8470235372395976],[102.31963238695106,-0.8470233823496351],[102.31963223309323,-0.8468427421408713],[102.31999113462271,-0.8468424324020194],[102.31999175031729,-0.8475649929715741],[102.31981229953583,-0.84756514797733],[102.31981245353326,-0.8477457881522665],[102.31963300271067,-0.8477459431827205],[102.31963254084172,-0.847204022558202],[102.31945309001117,-0.8472041774812016]]],[[[102.31550470243504,-0.8466656607732911],[102.31550454883322,-0.8464850198047282],[102.31586345183882,-0.8464847105812349],[102.31586406650906,-0.8472072741903145],[102.31550516343722,-0.8472075836777991],[102.31550500973704,-0.8470269427098267],[102.31568446128108,-0.8470267880032514],[102.31568415396251,-0.846665506132712],[102.31550470243504,-0.8466656607732911]]],[[[102.31693632902817,-0.8419677650337394],[102.31693587068096,-0.841425842904253],[102.31711532170678,-0.8414256891543709],[102.31711547446461,-0.8416063298313828],[102.31729492546584,-0.8416061760402062],[102.31729538396084,-0.8421480979710265],[102.31711593293491,-0.8421482518612456],[102.31711578007867,-0.8419676111848203],[102.31693632902817,-0.8419677650337394]]],[[[102.31621791356582,-0.8412458169787245],[102.31621776091472,-0.8410651761362778],[102.31585885853522,-0.8410654834129452],[102.31585840082799,-0.8405235606864171],[102.31621730315818,-0.8405232536077643],[102.3162174557109,-0.8407038944507975],[102.31639690683501,-0.8407037408660583],[102.31639705942875,-0.8408843816758911],[102.3165765105283,-0.8408842280498713],[102.31657681583059,-0.8412455096029365],[102.31621791356582,-0.8412458169787245]]],[[[102.31872885294909,-0.8396179012238205],[102.31872900545278,-0.839798541605598],[102.31890845607651,-0.8397983880701791],[102.31890860862123,-0.8399790284187312],[102.31908805922035,-0.8399788748420159],[102.31908836442467,-0.8403401554724708],[102.31926781500742,-0.8403400018214222],[102.31926796766702,-0.8405206421033227],[102.31908851707605,-0.840520795787405],[102.31908866976028,-0.8407014361021438],[102.31890921912829,-0.840701589810986],[102.31890906645229,-0.8405209494632152],[102.31872961579569,-0.8405211031307541],[102.31872946316072,-0.8403404627497584],[102.31855001247953,-0.8403406163759972],[102.31854985988561,-0.8401599759617775],[102.3183704091798,-0.8401601295467201],[102.3183702566269,-0.8399794890992788],[102.3181908058965,-0.8399796426429283],[102.3181898913175,-0.8388957997560317],[102.31854879264702,-0.8388954930567717],[102.31854894501122,-0.8390761334723584],[102.31872839563495,-0.8390759800773167],[102.31872854804017,-0.83925662045968],[102.3189079986393,-0.8392564670233507],[102.31890830356463,-0.8396177477214315],[102.31872885294909,-0.8396179012238205]]],[[[102.31926537691777,-0.837449757284458],[102.31926552905219,-0.837630397569481],[102.31890662809995,-0.8376307038723302],[102.31890678025083,-0.8378113442232231],[102.31854787915093,-0.8378116505591575],[102.31854772701645,-0.8376310101422062],[102.31836827642546,-0.8376311632647794],[102.31836766824843,-0.8369086014629211],[102.31854711880666,-0.8369084484724533],[102.31854681489867,-0.8365471676364089],[102.31872626540773,-0.8365470147037612],[102.31872611349479,-0.8363663743184755],[102.31890556396284,-0.8363662214106249],[102.31890526021905,-0.8360049407055293],[102.31908471063797,-0.8360047878555119],[102.31908547028448,-0.8369079894516335],[102.31926492071143,-0.8369078364282214],[102.3192650727474,-0.8370884767138282],[102.31944452314971,-0.8370883236491445],[102.31944482733645,-0.837449604153704],[102.31926537691777,-0.837449757284458]]],[[[102.3194419428637,-0.8340174393289793],[102.31944163992432,-0.8336561588170349],[102.31962109013865,-0.8336560063718162],[102.31962124160007,-0.8338366465948485],[102.31980069178972,-0.833836494108387],[102.31980114639543,-0.8343784146772035],[102.31926279565461,-0.8343788724093031],[102.31926249260025,-0.834017591832064],[102.3194419428637,-0.8340174393289793]]],[[[102.3206947674245,-0.8300422909920915],[102.32069491827808,-0.8302229310207347],[102.32015656859114,-0.8302233865958394],[102.32015671945321,-0.8304040267234272],[102.31997726948379,-0.830404178598497],[102.31997757129015,-0.8307654589191774],[102.31979812127166,-0.8307656108521561],[102.31979797036018,-0.8305849706588718],[102.31961852031698,-0.830585122550636],[102.31961836944645,-0.8304044823241202],[102.31943891937853,-0.8304046341746739],[102.31943876854893,-0.8302239939149278],[102.3197976686357,-0.8302236902717242],[102.3197975178227,-0.8300430500778606],[102.31997696780873,-0.8300428982770439],[102.31997681702045,-0.8298622581160274],[102.31979736704253,-0.8298624098838041],[102.3197972162952,-0.8296817696895544],[102.31997666626499,-0.8296816179548187],[102.31997651554236,-0.8295009777934162],[102.32015596547123,-0.8295008260835577],[102.32015611620196,-0.8296814662119177],[102.32069446581585,-0.8296810109342252],[102.32069461660376,-0.8298616509632549],[102.32087406641749,-0.8298614991546448],[102.32087421724634,-0.8300421391504319],[102.3206947674245,-0.8300422909920915]]],[[[102.32732687320714,-0.8210047269334475],[102.32732702271583,-0.8211853657476881],[102.32714757447282,-0.8211855162608575],[102.3271477240064,-0.8213661551080205],[102.32660937905581,-0.8213666066983705],[102.32660908006973,-0.8210053288051955],[102.32678852840343,-0.8210051783493776],[102.32678822953288,-0.8206439005216541],[102.32696767781762,-0.8206437501239761],[102.32696752842368,-0.8204631112429377],[102.32678808014694,-0.8204632616075062],[102.32678793079393,-0.8202826226931671],[102.32696737906262,-0.8202824723617081],[102.32696722973448,-0.820101833480288],[102.32714667796228,-0.8201016831738686],[102.32714682729845,-0.8202823220221774],[102.32732627550136,-0.8202821716745741],[102.32732672373135,-0.8208240881190156],[102.32714727550437,-0.8208242385659585],[102.32714742497214,-0.8210048774135037],[102.32732687320714,-0.8210047269334475]]],[[[102.33187493014792,-0.8925335893105706],[102.33187476742394,-0.8923529514035325],[102.33151586595109,-0.8923532789538383],[102.33151554063687,-0.8919920030065074],[102.33169499137233,-0.8919918393020593],[102.33169450362196,-0.8914499254789764],[102.33205340494172,-0.8914495982427051],[102.33205356750965,-0.8916302361176208],[102.33241246871503,-0.8916299087799329],[102.33241311938608,-0.8923524600122135],[102.33205421811094,-0.8923527876152075],[102.33205438084364,-0.892533425489085],[102.33187493014792,-0.8925335893105706]]],[[[102.32791731283909,-0.881698872627608],[102.32791699175722,-0.8813375953303846],[102.32809644263986,-0.8813374337556582],[102.32809660317295,-0.8815180723712512],[102.32827605403128,-0.8815179107547285],[102.32827637521343,-0.8818791879190525],[102.327738022488,-0.8818796729413236],[102.32773786190633,-0.8816990342599003],[102.32791731283909,-0.881698872627608]]],[[[102.33222364315442,-0.881153077289669],[102.33150584249042,-0.8811537242018176],[102.33150568185951,-0.8809730862154573],[102.33168513206631,-0.8809729245335839],[102.33168497145974,-0.8807922865801748],[102.33222332185663,-0.8807918015820192],[102.33222364315442,-0.881153077289669]]],[[[102.33114597877271,-0.880070219286776],[102.33078707821457,-0.8800705422583308],[102.33078723864634,-0.880251180378326],[102.33060778830925,-0.8802513418842606],[102.33060730713855,-0.8797094274242163],[102.33114565797356,-0.8797089431787735],[102.33114597877271,-0.880070219286776]]],[[[102.34261526712675,-0.8625381798929523],[102.34261542492006,-0.8627188158409487],[102.34243597758709,-0.8627189746918601],[102.34243613540502,-0.8628996106729204],[102.34261558274643,-0.8628994517887438],[102.34261574060586,-0.8630800877363382],[102.34279518792266,-0.8630799288104037],[102.34279550375756,-0.863441200638455],[102.34297495105818,-0.8634410416374906],[102.34297510903366,-0.8636216775179456],[102.34243676700731,-0.8636221545951499],[102.34243660905716,-0.8634415186148945],[102.34207771422454,-0.8634418365573479],[102.34207787215782,-0.863622472604128],[102.34189842468349,-0.8636226315958699],[102.34189826675868,-0.8634419955158298],[102.34171881925974,-0.8634421544658153],[102.34171834570886,-0.8629002461247146],[102.3415388982022,-0.8629004049664349],[102.34153874042643,-0.8627197688190766],[102.34135929289516,-0.8627199276190516],[102.3413589774596,-0.8623586552572224],[102.34153842497402,-0.8623584965237562],[102.34153826729738,-0.8621778603757945],[102.34207660961704,-0.8621773842242538],[102.34207676731897,-0.8623580202724417],[102.3422562147012,-0.8623578615050321],[102.34225605699083,-0.8621772254901056],[102.34243550433158,-0.8621770667474731],[102.3424358198022,-0.8625383387105986],[102.34261526712675,-0.8625381798929523]]],[[[102.33884623623776,-0.8618189666943603],[102.33884607878662,-0.861638330047168],[102.33920497463986,-0.8616380130751976],[102.33920513210785,-0.8618186496559294],[102.33956402784585,-0.8618183325835755],[102.33956418536373,-0.8619989690976387],[102.33992308098647,-0.861998651924888],[102.33992323855422,-0.8621792883722751],[102.34010268632449,-0.862179129739936],[102.34010284393369,-0.8623597661538828],[102.34028229167936,-0.8623596074798177],[102.34028276473045,-0.8629015166207256],[102.34046221246837,-0.8629013578384435],[102.34046237022656,-0.8630819941851003],[102.34028292248021,-0.8630821530006262],[102.34028308026299,-0.8632627893803257],[102.34010363247515,-0.8632629482206002],[102.34010379028254,-0.8634435846333408],[102.33992434245323,-0.8634437434983608],[102.3399245002852,-0.86362437994414],[102.33956560451063,-0.8636246977151651],[102.33956544669554,-0.863444061202911],[102.33938599876716,-0.8634442200424411],[102.33938584099353,-0.8632635834967509],[102.33902694505457,-0.8632639010838572],[102.33902678733084,-0.8630832644715016],[102.33884733932028,-0.8630834232190832],[102.338847181638,-0.8629027865732971],[102.33866773360286,-0.8629029452791577],[102.33866757596203,-0.8627223085999429],[102.3384881279023,-0.8627224672640863],[102.33848797030292,-0.8625418305514446],[102.33812907410129,-0.8625421477878163],[102.33812812929949,-0.8614583271090696],[102.3379486811997,-0.8614584855152007],[102.3379483665467,-0.8610972118875714],[102.33812781462964,-0.8610970535478814],[102.33812797194807,-0.8612776903285759],[102.33848686803174,-0.8612773735573294],[102.3384871828013,-0.8616386469852232],[102.33866663081047,-0.8616384885204349],[102.33866678825319,-0.861819125200855],[102.33884623623776,-0.8618189666943603]]],[[[102.34099866465893,-0.8607332464619957],[102.34099882204598,-0.8609138827113211],[102.34063992692064,-0.860914199586883],[102.34063961221325,-0.8605529269550397],[102.34046016461787,-0.8605530853136224],[102.34046000732214,-0.8603724489641545],[102.34028055970212,-0.8603726072810255],[102.34028040244785,-0.8601919708981134],[102.3401009548032,-0.8601921291732759],[102.34010048326377,-0.8596502199236122],[102.34045937846956,-0.8596499035642786],[102.340459221339,-0.8594692672138088],[102.34081811639585,-0.8594689508871309],[102.34081795928152,-0.8592883146029537],[102.340997406752,-0.8592881564601773],[102.34099724966231,-0.8591075202090485],[102.34117669709133,-0.8591073620910675],[102.3411774829122,-0.8600105431784548],[102.3413569303502,-0.8600103848857574],[102.34135740226444,-0.8605522934360279],[102.3411779548012,-0.860552451828483],[102.34117811216362,-0.8607330880447581],[102.34099866465893,-0.8607332464619957]]],[[[102.34889306271954,-0.8592811898070354],[102.34889274783416,-0.8589199202340054],[102.34871330183586,-0.8589200786821688],[102.34871298709973,-0.858558809041683],[102.34889243308125,-0.8585586506601738],[102.34889211846081,-0.858197381085542],[102.34907156439242,-0.8581972227622423],[102.34907187902965,-0.8585584922702167],[102.34925132494494,-0.8585583338718112],[102.34925148232162,-0.8587389685921674],[102.34943092821219,-0.8587388101519811],[102.34943140056615,-0.8592807142118504],[102.34889306271954,-0.8592811898070354]]],[[[102.33022846706324,-0.8569493328864206],[102.33022862325377,-0.857129971131737],[102.3298697245231,-0.8571302855987328],[102.32986941220847,-0.8567690089753355],[102.3300488615735,-0.8567688518123359],[102.3300487054572,-0.8565882135334782],[102.33022815478095,-0.8565880563951898],[102.33022799868921,-0.8564074181492749],[102.33040744797164,-0.8564072610357011],[102.3304071358702,-0.8560459846095618],[102.33058658510298,-0.8560458275538517],[102.33058705332964,-0.8565877420933241],[102.33076650255458,-0.856587584929747],[102.33076665870439,-0.8567682230760251],[102.3304077602048,-0.8567685374610429],[102.33040791637079,-0.8569491756734144],[102.33022846706324,-0.8569493328864206]]],[[[102.33902128780257,-0.856760982912683],[102.33902081829652,-0.8562190730533815],[102.33937971357993,-0.8562187580583767],[102.33937955712722,-0.8560381215046745],[102.33973845226178,-0.8560378065424389],[102.33973860873125,-0.8562184430296699],[102.33955916117209,-0.8562186005482362],[102.33955947419335,-0.8565798735885726],[102.3392005789425,-0.8565801887333634],[102.3392007354859,-0.8567608253197001],[102.33902128780257,-0.856760982912683]]],[[[102.34691210598943,-0.8511543509260875],[102.34691241784374,-0.8515156212492658],[102.34709186383036,-0.8515154642513029],[102.3470931126381,-0.8529605452695983],[102.34691366658485,-0.8529607025340353],[102.34691382282642,-0.8531413376937372],[102.34673437673172,-0.8531414949830888],[102.34673453299804,-0.8533221301758993],[102.34637564069268,-0.8533224447960271],[102.34637579697542,-0.8535030800552483],[102.34619635076477,-0.8535032373860194],[102.34619619449037,-0.8533226020934958],[102.34583730198648,-0.8533229166632431],[102.34583745824419,-0.8535035520223654],[102.34547856559126,-0.8535038666251176],[102.34547809696743,-0.8529619603473776],[102.34565754328541,-0.8529618031500861],[102.34565738713529,-0.8527811677570705],[102.34547794082565,-0.8527813249210667],[102.34547762864133,-0.8524200540678484],[102.3458365211942,-0.8524197398646478],[102.34583636513501,-0.8522391045043324],[102.3460158113535,-0.8522389474234492],[102.34601534334944,-0.8516970414412073],[102.34619478950984,-0.8516968844518387],[102.34619447765593,-0.8513356138626188],[102.34601503151217,-0.8513357707853866],[102.34601487564318,-0.8511551354571785],[102.34619432177861,-0.8511549785677113],[102.34619401012323,-0.8507937079773005],[102.34601456400443,-0.850793864800167],[102.3460144082347,-0.8506132294713639],[102.34619385434517,-0.850613072681798],[102.34619369860022,-0.8504324373860966],[102.34637314466929,-0.8504322806214625],[102.34637345620895,-0.8507935511460621],[102.34655290226156,-0.850793394306452],[102.34655305808934,-0.8509740295351501],[102.34673250411718,-0.8509738726538622],[102.34673265998637,-0.8511545078490564],[102.34691210598943,-0.8511543509260875]]],[[[102.3305816091293,-0.850265405688104],[102.33094050696225,-0.8502650936729093],[102.33094081700577,-0.8506263699128778],[102.33076136808914,-0.8506265259909573],[102.330761523152,-0.8508071641437936],[102.33022317617956,-0.8508076324272447],[102.33022286613668,-0.8504463559224995],[102.33058176411798,-0.8504460438744842],[102.3305816091293,-0.850265405688104]]],[[[102.34314124569978,-0.8482674707502857],[102.342961799135,-0.8482676269650472],[102.34296164396943,-0.8480869910676384],[102.34278219737989,-0.8480871472407847],[102.34278173210642,-0.8475452394475678],[102.3429611786711,-0.8475450833742267],[102.34296086863749,-0.8471838115776309],[102.3434992080835,-0.8471833435071981],[102.34349905309145,-0.8470027077084196],[102.34367849949905,-0.8470025517015445],[102.34367865449939,-0.8471831874670476],[102.3438581008822,-0.8471830314185608],[102.34385934214154,-0.8486281172692556],[102.34332100269498,-0.8486285861883173],[102.34332084744672,-0.8484479503578458],[102.3431414009067,-0.8484481066142264],[102.34314124569978,-0.8482674707502857]]],[[[102.35175417528315,-0.8477180598298066],[102.35175401981077,-0.8475374255641304],[102.35157457486797,-0.8475375820461235],[102.351574419437,-0.847356947746894],[102.35139497446934,-0.8473571041871938],[102.35139466372341,-0.8469958355214348],[102.3515741086745,-0.8469956791478422],[102.35157426403917,-0.8471763134474669],[102.35211259871842,-0.8471758441766116],[102.35211290959691,-0.8475371125751249],[102.35193346472042,-0.8475372690737976],[102.3519336202011,-0.8477179033061166],[102.35175417528315,-0.8477180598298066]]],[[[102.34600466144558,-0.8392332033587823],[102.34600481513081,-0.8394138386999949],[102.34564592383485,-0.8394141481251138],[102.34564561653029,-0.8390528773093027],[102.3454661708491,-0.8390530319428828],[102.34546586369326,-0.8386917610596994],[102.34528641799538,-0.838691915618437],[102.34528626447529,-0.838511280143259],[102.34546571016497,-0.8385111256178147],[102.34546555666977,-0.8383304901757345],[102.3458244479335,-0.8383301811666841],[102.34582429445497,-0.8381495457909995],[102.34600374002902,-0.838149391307399],[102.34600358657539,-0.8379687559648179],[102.34618303210814,-0.8379686015062698],[102.34618287867943,-0.8377879661967933],[102.3465417696293,-0.8377876573215659],[102.3465419230744,-0.837968292564437],[102.34672136850789,-0.8379681380811519],[102.34672152199428,-0.8381487732905218],[102.34708041277837,-0.8381484642325987],[102.34708133449006,-0.8392322750850159],[102.34600466144558,-0.8392332033587823]]],[[[102.33487835793127,-0.8385202285012718],[102.33487881716407,-0.8390621407100864],[102.33469936950108,-0.8390622948482714],[102.33469952263643,-0.839242932284007],[102.33434062719513,-0.8392432406019777],[102.3343404740762,-0.8390626030998711],[102.33416102631429,-0.8390627572132856],[102.33416087323653,-0.8388821196778009],[102.33398142544985,-0.8388822737497774],[102.33398096643896,-0.8383403610426078],[102.33416041420104,-0.8383402070701744],[102.33416026125515,-0.8381595695339084],[102.33433970897606,-0.8381594155864077],[102.33433955605496,-0.8379787780831295],[102.3345190037347,-0.8379786241605658],[102.33451854514463,-0.8374367117491136],[102.33469799276685,-0.8374365579178629],[102.33469814560542,-0.8376171953553557],[102.33487759320283,-0.8376170414826761],[102.33487805194096,-0.8381589536944192],[102.33469860431897,-0.8381591076666632],[102.33469891029289,-0.8385203825398924],[102.33487835793127,-0.8385202285012718]]],[[[102.33039169876163,-0.8379821622932394],[102.3303918515025,-0.8381628005261292],[102.33057129991542,-0.8381626467518375],[102.33057114716635,-0.8379820085520929],[102.33075059553815,-0.8379818548027],[102.33075105390873,-0.8385237693019061],[102.32967436303646,-0.8385246922711387],[102.32967421026251,-0.8383440539060749],[102.32931531305805,-0.8383443614302007],[102.3293150076417,-0.8379830845669451],[102.32913555900647,-0.837983238250367],[102.3291352537382,-0.8376219613200646],[102.32931470235705,-0.8376218077029088],[102.32931485498291,-0.8378024461350242],[102.32967375213822,-0.8378021388097124],[102.32967390481339,-0.837982777175362],[102.32985335334985,-0.8379826234672006],[102.32985320066649,-0.8378019851346898],[102.33003264916182,-0.8378018314514226],[102.3300324965032,-0.837621193151857],[102.32985304801605,-0.8376213468019842],[102.32985289539855,-0.8374407084690834],[102.33057068911678,-0.8374400939516892],[102.33057084176704,-0.8376207321520189],[102.33039139337869,-0.8376208858268743],[102.3303915460537,-0.8378015240601542],[102.33021209762423,-0.8378016777599109],[102.33021225032397,-0.8379823160261395],[102.33039169876163,-0.8379821622932394]]],[[[102.33702989187704,-0.8363507353221485],[102.33703004462404,-0.8365313723292266],[102.33738893883,-0.8365310647598644],[102.3373893973181,-0.8370729755806556],[102.33685105588606,-0.8370734372212526],[102.33685044473273,-0.8363508890612726],[102.33702989187704,-0.8363507353221485]]],[[[102.34295101737918,-0.8356231136714285],[102.34295132318147,-0.8359843854931285],[102.3427718771434,-0.8359845394373039],[102.34277218306157,-0.8363458113247607],[102.34205439851341,-0.8363464272853083],[102.3420542455705,-0.8361657912086224],[102.34187479935902,-0.8361659451449256],[102.34187464645731,-0.8359853090347856],[102.34169520022095,-0.8359854629296032],[102.34169474173869,-0.8354435544982426],[102.34187418795054,-0.8354434007031973],[102.34187403518104,-0.8352627645922784],[102.34223292748928,-0.8352624570440454],[102.34223277473649,-0.835081820999452],[102.34241222083287,-0.8350816672462696],[102.34241206810498,-0.8349010312347445],[102.34277096018225,-0.8349007237702583],[102.34277126570375,-0.8352619956600521],[102.34295071170914,-0.8352618418489494],[102.34295086452762,-0.8354424777602861],[102.34313031050813,-0.8354423239076945],[102.34313046336786,-0.8356229597855667],[102.34295101737918,-0.8356231136714285]]],[[[102.34797381049786,-0.8336318169804047],[102.34797396324704,-0.8338124519612635],[102.34761507318622,-0.833812759502444],[102.34761522595221,-0.8339933945497426],[102.34743578086399,-0.8339935483413397],[102.34743562810615,-0.8338129132607272],[102.34725618299298,-0.8338130670108055],[102.3472560302764,-0.8336324318966858],[102.34743547538142,-0.8336322781799197],[102.34743517003126,-0.8332710080177224],[102.34797350509882,-0.8332705470181037],[102.34797335244896,-0.8330899120366618],[102.34815279739712,-0.8330897583870432],[102.34815295005514,-0.8332703933351654],[102.34833239497833,-0.8332702396440277],[102.3483325476776,-0.8334508745586343],[102.34815310274625,-0.8334510282830935],[102.34815325547046,-0.8336316632308268],[102.34797381049786,-0.8336318169804047]]],[[[102.33881419718757,-0.8242465398192006],[102.33863475091715,-0.8242466914144057],[102.33863399836918,-0.8233435078061574],[102.33881344459932,-0.8233433563770877],[102.33881329418072,-0.8231627196880895],[102.33899274036982,-0.8231625682841465],[102.33899289079646,-0.8233432049399155],[102.33917233696059,-0.8233430534946421],[102.33917278846279,-0.8238849633611075],[102.33899334227452,-0.8238851149060729],[102.33899349283324,-0.8240657515610745],[102.33881404660389,-0.8240659031311618],[102.33881419718757,-0.8242465398192006]]],[[[102.33558340740684,-0.8233460808607362],[102.33522451372559,-0.8233463834191003],[102.33522466401621,-0.8235270207721097],[102.33504521711806,-0.82352717207233],[102.33504536743362,-0.823707809458339],[102.33450702651716,-0.8237082634099404],[102.33450642554939,-0.8229857134664983],[102.33468587252231,-0.8229855622901482],[102.3346855722202,-0.8226242873836495],[102.33486501914406,-0.8226241362655766],[102.33486486903442,-0.8224434988452279],[102.33540320958404,-0.8224430455420135],[102.33540335971782,-0.822623682862788],[102.33558280650978,-0.8226235317123349],[102.33558310689234,-0.8229848062869188],[102.3354036600843,-0.8229849575037619],[102.33540381031702,-0.8231655948239616],[102.3355832571331,-0.8231654435739235],[102.33558340740684,-0.8233460808607362]]]]}},{"type":"Feature","properties":{"eventId":"RIAU-20260916-008","firstDetection":"2026-09-16T06:22:00+00:00","lastDetection":"2026-09-17T20:53:00+00:00","estimatedAreaHa":363.8,"confidence":"sedang","hotspotCount":5,"detectionDays":2,"villages":["Area Saling Klaim","Pulau Jum'At","Sungairabit","Tanjung Sari","Tanjung Sari / Sungairabit"],"districts":["Kempas","Kuala Cenaku","Kuala Cenaku / Kempas"],"regencies":["Indragiri Hilir","Indragiri Hulu","Indragiri Hulu / Indragiri Hilir"],"method":"Sentinel-2 dNBR/NBR indication","resolutionM":20,"clearCoveragePct":60.8,"preSceneDates":["2026-08-22","2026-08-27","2026-09-03"],"postSceneDates":["2026-09-23"],"status":"estimate","disclaimer":"Estimasi berbasis citra satelit; bukan hasil verifikasi lapangan.","province":"Riau","villageAreas":[{"village":"Area Saling Klaim","district":"","regency":"Indragiri Hilir","areaHa":4.951172},{"village":"Pulau Jum'At","district":"Kuala Cenaku","regency":"Indragiri Hulu","areaHa":10.458811},{"village":"Sungairabit","district":"Kempas","regency":"Indragiri Hilir","areaHa":22.415659},{"village":"Tanjung Sari","district":"Kuala Cenaku","regency":"Indragiri Hulu","areaHa":2.099458},{"village":"Tanjung Sari","district":"Kuala Cenaku","regency":"Indragiri Hulu","areaHa":0.24},{"village":"Tanjung Sari / Sungairabit","district":"Kuala Cenaku / Kempas","regency":"Indragiri Hulu / Indragiri Hilir","areaHa":323.6349}],"unassignedAreaHa":0.0},"geometry":{"type":"MultiPolygon","coordinates":[[[[102.69843914245726,-0.4328187835145712],[102.69843905489158,-0.4326382167292709],[102.6982596916888,-0.43263830486203886],[102.6982595166755,-0.4322771712175571],[102.69861824302761,-0.43227699509491285],[102.69861833052443,-0.43245756184363465],[102.69879769364988,-0.4324574737391539],[102.69879778118747,-0.43263804045098353],[102.69861841805779,-0.43263812859225254],[102.69861850562769,-0.43281869534076634],[102.69843914245726,-0.4328187835145712]]],[[[102.6993350837208,-0.4310126765848438],[102.69933517097864,-0.431193243187129],[102.69915580799233,-0.4311933310468015],[102.69915598260924,-0.4315544643246475],[102.69897661957796,-0.43155455225366723],[102.69897627050717,-0.43083228555039366],[102.69933499649952,-0.43083210998245525],[102.69933490931479,-0.4306515433799628],[102.69987299801653,-0.43065128010670084],[102.69987308521388,-0.43083184659880197],[102.70023181084069,-0.43083167098853614],[102.70023198536188,-0.43119280382522196],[102.69969389684161,-0.431193067455075],[102.69969380957535,-0.4310125009263822],[102.6993350837208,-0.4310126765848438]]],[[[102.69825527450705,-0.423429396798763],[102.6982551888457,-0.42324882997132757],[102.69843455183128,-0.42324874375135757],[102.69843480893738,-0.42379044412300476],[102.69789671983379,-0.423790703101485],[102.69789663410764,-0.42361013620068944],[102.69807599717456,-0.423610049915474],[102.6980759114808,-0.4234294830513576],[102.69825527450705,-0.423429396798763]]],[[[102.68838974179096,-0.4223507214250537],[102.68838957139647,-0.4219895837280285],[102.68874830128769,-0.4219894122549808],[102.68874838647494,-0.42216998103016856],[102.68856902154344,-0.42217006680545416],[102.68856927731152,-0.4227117732404746],[102.68821054731444,-0.42271194499871867],[102.68821037678245,-0.42235080722872875],[102.68838974179096,-0.4223507214250537]]],[[[102.69430825505516,-0.4212644817532078],[102.69430808482679,-0.4209033464781787],[102.69412872105475,-0.4209034321248394],[102.69412863599942,-0.4207228644504292],[102.69430799976735,-0.42072277884051235],[102.69430791474441,-0.42054221120274493],[102.69466664216253,-0.42054204004400325],[102.69466672719368,-0.420722607608278],[102.69484609085208,-0.42072252198596055],[102.69484626103211,-0.42108365704070844],[102.6946668973655,-0.4210837427365239],[102.69466698250615,-0.4212643103004952],[102.69430825505516,-0.4212644817532078]]],[[[102.69628116905069,-0.4210829713252507],[102.69628125422835,-0.4212635385584168],[102.69610189084972,-0.4212636243240918],[102.69610180567616,-0.4210830570541625],[102.69592244226514,-0.4210831427789373],[102.69592235713222,-0.42090257547214543],[102.69574299368877,-0.42090266115602354],[102.69574290859649,-0.4207220938123707],[102.69556354512062,-0.42072217945535567],[102.6955633750538,-0.4203610446942309],[102.69610146534718,-0.4203607879734337],[102.69610155037465,-0.4205413552437675],[102.69628091373684,-0.4205412696251454],[102.69628099880494,-0.420721836858615],[102.69646036213472,-0.4207217511990961],[102.6964605323887,-0.42108288559220186],[102.69628116905069,-0.4210829713252507]]],[[[102.69466604796665,-0.419278067091253],[102.69466579385883,-0.41873636439570505],[102.69520388458936,-0.41873610872912836],[102.6952040539826,-0.4190972436390896],[102.69538341749458,-0.4190971583351607],[102.69538358704203,-0.41945829317121064],[102.69484549637197,-0.4194585492911601],[102.69484541159225,-0.4192779817629278],[102.69466604796665,-0.419278067091253]]],[[[102.69251266774012,-0.41711227463203143],[102.69251283635398,-0.41747341064600524],[102.69233347229478,-0.4174734955535197],[102.69233355665236,-0.4176540635970821],[102.6921541925526,-0.41765414853721905],[102.69215410819908,-0.41747358045693245],[102.69197474406691,-0.4174736653562437],[102.69197465975395,-0.41729309723913444],[102.69179529558936,-0.41729318209762334],[102.69179521131697,-0.4171126139436932],[102.69161584711998,-0.41711269876136337],[102.69161576288812,-0.41693213057061435],[102.69143639865872,-0.4169322153474694],[102.69143623031256,-0.4165710788922365],[102.69161559453383,-0.4165709941888156],[102.6916155104114,-0.41639042599776604],[102.69197423873636,-0.4163902566520851],[102.69197432286691,-0.41657082476969526],[102.69215368697874,-0.416570740053996],[102.69215385535743,-0.41693187621547123],[102.69233321944093,-0.41693179142223086],[102.69233330368905,-0.417112359466094],[102.69251266774012,-0.41711227463203143]]],[[[102.68766740022706,-0.411878062727462],[102.68766731714139,-0.4116974937264612],[102.68748795222726,-0.411697577349534],[102.68748786918204,-0.41151700831175625],[102.68730850423549,-0.4115170918941078],[102.68730842123072,-0.411336522819555],[102.68748778617326,-0.4113364392738796],[102.6874877032009,-0.4111558702359042],[102.687667068103,-0.4111557867228654],[102.68766715107937,-0.4113363557241627],[102.68802588078226,-0.41133618861260485],[102.68802604686036,-0.41169732646818075],[102.68784668201909,-0.41169741009934346],[102.68784676510877,-0.4118779790636646],[102.68766740022706,-0.411878062727462]]],[[[102.68425888025286,-0.4106156636856013],[102.68425896304375,-0.4107962333837729],[102.6839002318353,-0.4107964001057295],[102.68390014905242,-0.41061583033427107],[102.68372078339762,-0.41061591365255445],[102.6837205352794,-0.4100742042276657],[102.6838999009222,-0.4100741210193046],[102.68389998359586,-0.41025469079105864],[102.68443808031786,-0.4102544410318679],[102.68443816303996,-0.4104350106935906],[102.68461752854516,-0.41043492739581755],[102.68461761130766,-0.41061549702079386],[102.68425888025286,-0.4106156636856013]]],[[[102.68210591268578,-0.40935267236829787],[102.68210599517391,-0.4095332425067727],[102.68120916483667,-0.40953365775754075],[102.68120883518235,-0.408811376470664],[102.68138820130658,-0.40881129357502144],[102.68138828366958,-0.4089918638602721],[102.68174701581688,-0.40899169798369983],[102.68174709822426,-0.4091722681956152],[102.68192646424734,-0.4091721852146802],[102.6819265466951,-0.40935275538987614],[102.68210591268578,-0.40935267236829787]]],[[[102.68425674046696,-0.40592085149866225],[102.68425690419221,-0.4062819909000063],[102.68407753870588,-0.40628207334689653],[102.68407762061915,-0.4064626430840664],[102.68371888952933,-0.40646280803915463],[102.68371872575507,-0.4061016684181509],[102.6835393601635,-0.40610175081642674],[102.68353919654274,-0.4057406111217552],[102.68371856212639,-0.4057405287967572],[102.68371864392253,-0.40592109860750275],[102.68389800947374,-0.4059210162418775],[102.68389792767363,-0.40574044646777263],[102.68407729318449,-0.4057403641348016],[102.68407737498856,-0.40592093387226413],[102.68425674046696,-0.40592085149866225]]],[[[102.67923449331771,-0.40592315645193255],[102.67923432995983,-0.40556201499946354],[102.67941369641251,-0.4055619328067392],[102.67941361478414,-0.4053813621169549],[102.68013108021553,-0.4053810334526121],[102.68013116185972,-0.40556160399599317],[102.67995179555245,-0.405561686204657],[102.67995187722906,-0.4057422567845443],[102.67959314449755,-0.40574242126311866],[102.67959322620258,-0.40592299191611003],[102.67923449331771,-0.40592315645193255]]],[[[102.6813869702263,-0.4061027392845114],[102.68138688844526,-0.40592216899769595],[102.68120752238465,-0.4059222513074849],[102.68120744064396,-0.4057416809839562],[102.68084870842154,-0.40574184551834275],[102.68084862672514,-0.4055612751214903],[102.68066926056333,-0.4055613573460933],[102.68066909728756,-0.40520021647887533],[102.68084846344145,-0.4052001343274934],[102.68084854506512,-0.4053807047245406],[102.6812072772717,-0.40538054033660664],[102.68120719564013,-0.4051999700127859],[102.68138656168492,-0.4051998878494603],[102.68138664332044,-0.4053804581366652],[102.6815660093328,-0.40538037593274073],[102.68156592769331,-0.40519980568215336],[102.68174529366534,-0.40519972351086536],[102.6817452120583,-0.4050191532968001],[102.68228330974424,-0.4050189068689173],[102.68228355471015,-0.4055606171812146],[102.68210418883935,-0.40556069943769585],[102.68210427056346,-0.405741269578225],[102.68192490465232,-0.4057413518673444],[102.68192506820176,-0.40610249222135636],[102.6813869702263,-0.4061027392845114]]],[[[102.68299761744578,-0.39797634981776864],[102.68299793852621,-0.3986986296629539],[102.68281857295008,-0.3986987105433667],[102.68281849262928,-0.3985181405455821],[102.68263912702066,-0.3985182213854477],[102.68263888628825,-0.3979765112816302],[102.68299761744578,-0.39797634981776864]]],[[[102.6892756302913,-0.39851522770269215],[102.68927538912747,-0.3979735216683455],[102.68945475337689,-0.3979734407936938],[102.68945467305797,-0.3977928721520826],[102.68963403726704,-0.39779279131021833],[102.6896338767308,-0.39743165410010406],[102.68999260502407,-0.39743149255145044],[102.68999284590642,-0.3979731981462783],[102.69017221001002,-0.39797311725598633],[102.69017253171245,-0.3986953912342739],[102.6898138034377,-0.39869555330456236],[102.68981372296518,-0.39851498473673047],[102.6892756302913,-0.39851522770269215]]],[[[102.68801728722339,-0.39219588171020925],[102.68801736638164,-0.39237645064827714],[102.68819673076662,-0.3923763709381742],[102.68819696847147,-0.3929180776417628],[102.68783823964208,-0.39291823727820696],[102.6878379228058,-0.39219596137977575],[102.68801728722339,-0.39219588171020925]]],[[[102.69177978412239,-0.38262409475592024],[102.69177970685345,-0.38244352658354475],[102.69231779697824,-0.38244329325795273],[102.69231787425836,-0.382623861320162],[102.69249723756408,-0.3826237835007241],[102.69249731488442,-0.3828043515261159],[102.69195922484667,-0.3828045850833233],[102.69195914753752,-0.38262401694776016],[102.69177978412239,-0.38262409475592024]]],[[[102.6856807901996,-0.3811821826355421],[102.68568071334894,-0.3810016132149979],[102.68603944255412,-0.3810014585104463],[102.68603959630674,-0.38136259720479954],[102.68550150242201,-0.38136282947597183],[102.68550157934179,-0.3815433989329911],[102.685322214637,-0.38154347638587777],[102.68532206084132,-0.38118233739843466],[102.6856807901996,-0.3811821826355421]]],[[[102.69895084461758,-0.37449547780888637],[102.69895099627453,-0.37485661122116326],[102.69877163444228,-0.37485668759398316],[102.69877155859918,-0.37467612085110036],[102.69841283483233,-0.37467627351211835],[102.69841275903309,-0.37449570669557186],[102.6982333970985,-0.3744957829837751],[102.69823332133946,-0.37431521613035457],[102.69787459736798,-0.37431536862216047],[102.6978745216528,-0.37413480169508706],[102.69805388365315,-0.37413472548780335],[102.69805380797084,-0.3739541585974205],[102.698233169931,-0.37395408242324346],[102.69823324561696,-0.37413464927684403],[102.69859196943497,-0.3741344968438982],[102.69859204516479,-0.37431506362383876],[102.69877140702263,-0.37431498736506463],[102.69877148279262,-0.37449555410812746],[102.69895084461758,-0.37449547780888637]]],[[[102.6948237817757,-0.3703441780423107],[102.69482355733525,-0.3698024753799245],[102.69518228236696,-0.36980232485071857],[102.69518250682906,-0.37034402729259713],[102.6948237817757,-0.3703441780423107]]],[[[102.69715377862342,-0.36619015513521597],[102.6971539268466,-0.3665512892913157],[102.69733328884129,-0.3665512146432196],[102.69733336301125,-0.36673178168436393],[102.69715400101299,-0.3667318563692335],[102.6971540752159,-0.36691242344706304],[102.69679535110262,-0.3669125728795346],[102.69679527690687,-0.36673200572816367],[102.69661591479903,-0.3667320804022241],[102.69661584064337,-0.3665515132139967],[102.69625711632527,-0.36655166247777793],[102.69625704221329,-0.36637109521593164],[102.69607768000303,-0.3663711698056576],[102.69607775411143,-0.3665517371042666],[102.69571902957422,-0.3665518863464403],[102.69571910371198,-0.36673245371848145],[102.695539741385,-0.36673252837092385],[102.69553981555572,-0.3669130957796344],[102.69500172834502,-0.36691331982560504],[102.69500165418506,-0.36673275230663277],[102.69518101662156,-0.36673267766499945],[102.69518094249453,-0.36655211018269135],[102.69553966725083,-0.3665519609621252],[102.69553959315316,-0.36637139355323856],[102.69589831775626,-0.36637124439178415],[102.69589824368795,-0.3661906770563259],[102.69607760593115,-0.3661906025069604],[102.69607753189578,-0.3660100352081753],[102.69661561839555,-0.36600981164878627],[102.69661569244164,-0.3661903788372779],[102.69679505453877,-0.36619030427352156],[102.69679512862494,-0.366370871425157],[102.6969744906891,-0.3663707968210332],[102.69697441659935,-0.36619022970616766],[102.69715377862342,-0.36619015513521597]]],[[[102.71512214949558,-0.43768577574808304],[102.71512206054611,-0.4375052123943351],[102.7153014204208,-0.4375051228643509],[102.71530133150377,-0.4373245595474492],[102.71548069133748,-0.43732447005012015],[102.71548078025879,-0.4375050333300685],[102.71566014006008,-0.4375049437914883],[102.71566031802138,-0.4378660702771594],[102.71530159836502,-0.43786624949783837],[102.71530150937456,-0.43768568618114717],[102.71512214949558,-0.43768577574808304]]],[[[102.70687137794243,-0.4373287610757028],[102.7068715554119,-0.43768989117899876],[102.70651283217074,-0.437690069904382],[102.70651292095187,-0.43787063502960644],[102.70633355927208,-0.4378707244227125],[102.70633347049522,-0.43769015926062366],[102.7061541087831,-0.4376902486125653],[102.70615402004714,-0.4375096834135083],[102.70597465830264,-0.4375097727242891],[102.70597439232726,-0.436968077015904],[102.70615375405893,-0.4369679878157062],[102.70615366546944,-0.43678742261622855],[102.70651238881442,-0.43678724427668125],[102.70651230025302,-0.43660667915082574],[102.70669166186632,-0.4366065900114817],[102.70669175043199,-0.4367871551004709],[102.70687111201292,-0.4367870659199696],[102.70687120061946,-0.43696763097198565],[102.70705056216802,-0.43696754175032343],[102.70705073949954,-0.4373286717803009],[102.70687137794243,-0.4373287610757028]]],[[[102.70417953673103,-0.43444105030432206],[102.70417971290124,-0.4348021815166431],[102.7036416265415,-0.4348024476364643],[102.70364153845081,-0.4346218819198372],[102.7032828140365,-0.43462205923802255],[102.7032824620736,-0.43389979607578766],[102.70346182428212,-0.433899707566167],[102.70346191222218,-0.43408027332004817],[102.70382063653788,-0.43408009621434485],[102.70382072452301,-0.43426066189444756],[102.70400008663022,-0.4342605732983594],[102.70400017465619,-0.434441138941518],[102.70417953673103,-0.43444105030432206]]],[[[102.6996933737924,-0.43010966828136465],[102.69969328674549,-0.4299291017520507],[102.6998726495927,-0.4299290141372608],[102.69987256257814,-0.42974844764464226],[102.70023128815455,-0.42974827247599384],[102.70023137517751,-0.42992883889500944],[102.70059010061607,-0.4299286636358628],[102.70059027478847,-0.4302897963263639],[102.70023154933311,-0.43028997173273054],[102.70023146223703,-0.43010940531392183],[102.6996933737924,-0.43010966828136465]]],[[[102.70166480106754,-0.42685851362596344],[102.70166454187299,-0.42631681524680376],[102.70184390423444,-0.42631672832191725],[102.7018439906002,-0.4264972944115882],[102.70202335292926,-0.42649720744569336],[102.70202326655932,-0.42631664139284253],[102.70238199109934,-0.42631646752212793],[102.70238225034386,-0.4268581654594365],[102.70166480106754,-0.42685851362596344]]],[[[102.71942123795199,-0.4263081893661061],[102.71942132472554,-0.4264887518389812],[102.71960068346162,-0.4264886644624766],[102.71960094401527,-0.42703035176950377],[102.71924222648138,-0.42703052674028147],[102.71924213960175,-0.42684996423072263],[102.71870406303785,-0.4268502265444608],[102.71870380265689,-0.42630853868227014],[102.71852444374125,-0.4263086260008413],[102.71852435702525,-0.42612806334292075],[102.71834499807701,-0.4261281506203208],[102.71834482476353,-0.4257670252302052],[102.71870354260659,-0.4257668508191555],[102.71870362925328,-0.4259474134402963],[102.71888298812387,-0.4259473261915107],[102.71888307481144,-0.42612788877556224],[102.71924179245067,-0.42612771419145906],[102.71924187918334,-0.42630827670142907],[102.71942123795199,-0.4263081893661061]]],[[[102.7004090043188,-0.4263174236037352],[102.70040909065128,-0.4264979899879026],[102.70058845327287,-0.42649790305552876],[102.70058853964608,-0.42667846940278775],[102.70076790223528,-0.426678382429416],[102.70076807509972,-0.4270395150500108],[102.70022998719742,-0.42703977617838496],[102.70022990075944,-0.4268592097577214],[102.70005053805637,-0.42685929675531953],[102.70005019268665,-0.4261370309244299],[102.69987082996367,-0.4261371177706323],[102.6998705713327,-0.42559541828598757],[102.70022929671713,-0.4255952448102048],[102.70022938289921,-0.4257758112315858],[102.70040874554074,-0.42577572445061845],[102.70040891802289,-0.4261368572194654],[102.70022955537304,-0.42613694407404107],[102.70022964166479,-0.42631751049511474],[102.7004090043188,-0.4263174236037352]]],[[[102.70256023367216,-0.423969023320234],[102.70256031957899,-0.42414958926394347],[102.70273968170775,-0.4241495027600409],[102.70273976765532,-0.42433006866682116],[102.70291912975163,-0.42432998212192274],[102.70291921573993,-0.42451054799177207],[102.70327793983108,-0.4245103748158057],[102.703278111934,-0.424871506407872],[102.70309874989842,-0.4248715930716053],[102.7030989221394,-0.4252327247369278],[102.70274019794189,-0.42523289819919124],[102.70274028410896,-0.42541346410535874],[102.70256092195118,-0.4254135508670511],[102.70256100815067,-0.42559411680994325],[102.70238164595216,-0.4255942036042817],[102.70238173218408,-0.4257747695838968],[102.70220236994483,-0.4257748564108774],[102.70220228371706,-0.42559429039443875],[102.70202292144538,-0.4255943771804147],[102.70202283525833,-0.4254138111270516],[102.70184347295422,-0.4254138978720262],[102.70184338680792,-0.42523333178174094],[102.70112593724238,-0.4252336785725822],[102.70112585114923,-0.42505311233493237],[102.70094648867055,-0.42505319898538735],[102.70094605877411,-0.42415036761154973],[102.70112542123205,-0.4241502811451506],[102.70112533535831,-0.423969714906888],[102.70130469777556,-0.4239696284731347],[102.70130452612953,-0.42360849606992973],[102.70148388850193,-0.4236084097056407],[102.70148380272964,-0.42342784354070007],[102.70202188961498,-0.4234275845333168],[102.70202197539967,-0.42360815058780266],[102.70220133762578,-0.42360806420686664],[102.70220142345117,-0.4237886302244288],[102.70238078564482,-0.42378854380250747],[102.70238087151094,-0.42396910978314417],[102.70256023367216,-0.423969023320234]]],[[[102.70776129084182,-0.42306368970742664],[102.70776111926436,-0.42270255995609646],[102.70811984129581,-0.4227023872925117],[102.70812001288978,-0.42306351689632393],[102.7082993738588,-0.4230634304845383],[102.70829945971487,-0.42324399524940975],[102.70794073773192,-0.42324416814258736],[102.70794065188412,-0.4230636033039535],[102.70776129084182,-0.42306368970742664]]],[[[102.71780476546567,-0.4216143422480919],[102.71780459401376,-0.4212532166309965],[102.71816331187061,-0.42125304409398173],[102.71816339758644,-0.42143360682862263],[102.71870147410851,-0.42143334788111375],[102.71870164567504,-0.42179447312819174],[102.71798421020587,-0.4217948186791154],[102.7179841244207,-0.42161425590769785],[102.71780476546567,-0.4216143422480919]]],[[[102.7172661745392,-0.4205312237263821],[102.71726626008757,-0.420711786646309],[102.71708690100618,-0.4207118727852817],[102.71708664448362,-0.42017018391428496],[102.7172660035527,-0.42017009788622456],[102.71726591811452,-0.419989534965994],[102.71744527714279,-0.4199894489707785],[102.71744519173723,-0.41980888608741923],[102.71762455072466,-0.4198088001250522],[102.7176246361343,-0.419989362971437],[102.71780399508908,-0.41998927696796967],[102.71780416602677,-0.4203504025864838],[102.71762480706377,-0.4203504886639033],[102.7176248925836,-0.4205310515099845],[102.7172661745392,-0.4205312237263821]]],[[[102.71905933589595,-0.4196275497270206],[102.71905925052701,-0.4194469871762919],[102.71887989184167,-0.4194470730976747],[102.71887980651358,-0.4192665105098566],[102.7187004477956,-0.41926659639013203],[102.71870036250833,-0.4190860337652262],[102.71887972122224,-0.41908594792193743],[102.71887963596762,-0.4189053853339174],[102.71923835327704,-0.4189052137089677],[102.71923852383934,-0.41926633873694924],[102.7194178824471,-0.4192662528443175],[102.71941813857846,-0.4198079402745563],[102.7192387799584,-0.4198080262781643],[102.71923869454864,-0.41962746376452703],[102.71905933589595,-0.4196275497270206]]],[[[102.71708630296769,-0.419447932084873],[102.71708604721634,-0.41890624321175335],[102.71762412422743,-0.41890598589161243],[102.7176242094534,-0.41908654873850226],[102.71780356838774,-0.4190864629199154],[102.71780365365454,-0.41926702572972835],[102.71744493574099,-0.4192671974367354],[102.71744502103634,-0.41944776032039766],[102.71708630296769,-0.419447932084873]]],[[[102.71797796132176,-0.40843317332279677],[102.71797821074273,-0.4089748616586471],[102.71815756937734,-0.4089747779026831],[102.7181579858336,-0.40987759160889875],[102.71636439763495,-0.40987843083632236],[102.71636431431023,-0.4096978677255608],[102.7160055962378,-0.4096980354488051],[102.7160055129578,-0.409517472264023],[102.71492935788346,-0.40951797511543736],[102.71492927466414,-0.4093374117088338],[102.71403247777947,-0.409337830456325],[102.7140323946168,-0.4091572668649026],[102.71385303513377,-0.4091573505653982],[102.7138526198908,-0.4082545324221155],[102.7140319793539,-0.4082544489063135],[102.71403189641141,-0.40807388531430083],[102.71421125583383,-0.4080738018314287],[102.71421117292404,-0.4078932382762581],[102.71439053230577,-0.40789315482631944],[102.71439044942872,-0.40771259130799303],[102.71528724576697,-0.4077121741829314],[102.71528716290672,-0.40753161084924466],[102.71582524025727,-0.40753136063700823],[102.7158251574218,-0.40735079741408753],[102.71636323443,-0.4073505472766992],[102.71636315161932,-0.4071699841645607],[102.71815673921999,-0.4071691504828702],[102.71815665640631,-0.4069885877403489],[102.71833601496039,-0.4069885043871616],[102.71833593217946,-0.40680794168152346],[102.71869464916945,-0.4068077750371223],[102.71869481478393,-0.4071689003003646],[102.71851545629934,-0.40716898369853305],[102.71851595400068,-0.40825235970781387],[102.71815723687357,-0.40825252693593733],[102.71815731994441,-0.40843308967777137],[102.71797796132176,-0.40843317332279677]]],[[[102.70470515592127,-0.4080782208993159],[102.7047050732225,-0.4078976553887429],[102.70488443454676,-0.40789757215118616],[102.70488476557738,-0.4086198340454958],[102.70416731999704,-0.40862016756120806],[102.70416715444041,-0.40825903631948485],[102.70434651588242,-0.4082589530202643],[102.70434643315502,-0.4080783874360983],[102.70470515592127,-0.4080782208993159]]],[[[102.70416509733433,-0.40374489576491596],[102.70416501552587,-0.4035643301414663],[102.70452373816731,-0.4035641654548924],[102.70452365638756,-0.4033835999050332],[102.70470301764945,-0.40338351759264546],[102.70470318125342,-0.40374464861857395],[102.70488254248657,-0.403744566228527],[102.70488270624483,-0.4041056971803704],[102.70434462241191,-0.4041059445596907],[102.7043444586773,-0.4037448133867685],[102.70416509733433,-0.40374489576491596]]],[[[102.70254425970326,-0.3889392283648943],[102.70254433851312,-0.3891197943275708],[102.70272369987202,-0.3891197149680993],[102.70272377872227,-0.3893002808938553],[102.7029031400484,-0.3893002014937322],[102.70290321893903,-0.3894807673825661],[102.70308258023236,-0.389480687941788],[102.70308265916339,-0.3896612537936977],[102.70290329786624,-0.3896613332713063],[102.70290337683004,-0.3898418991599528],[102.7027240154925,-0.38984197867056164],[102.70272417352224,-0.3902031105212306],[102.70254481214052,-0.39020319010166316],[102.70254512862375,-0.3909254539491819],[102.70236576719019,-0.390925533673081],[102.70236592564368,-0.39128666566992665],[102.70218656416588,-0.39128674546363196],[102.70218664344368,-0.391467311498737],[102.70200728192552,-0.3914673913254194],[102.70200736123606,-0.3916479573972517],[102.70182799967749,-0.39164803725690805],[102.70182807902079,-0.391828603365466],[102.70021382331363,-0.391829322260523],[102.70021390265907,-0.3920098887002845],[102.7000345407272,-0.39200996859506754],[102.70003462010538,-0.3921905350715368],[102.69985525813311,-0.39219061499926855],[102.69985533754402,-0.39237118151244377],[102.69967597553138,-0.392371261473121],[102.69967605497501,-0.3925518280230003],[102.69949669292198,-0.3925519080166194],[102.69949677239835,-0.39273247460320093],[102.69913804817494,-0.3927326346524572],[102.6991381276802,-0.39291320131253255],[102.69895876550984,-0.3929132813681643],[102.69895884504781,-0.39309384806493647],[102.69877948283707,-0.3930939281534977],[102.69877956240775,-0.393274494886965],[102.69860020015663,-0.39327457500845203],[102.69860059853895,-0.39417740885830815],[102.69877996080926,-0.3941773285528819],[102.6987801204257,-0.39453846201858583],[102.69895948266716,-0.39453838163570776],[102.69895956253404,-0.3947189483316278],[102.69913892474284,-0.3947188679080823],[102.69913900465012,-0.39489943456711596],[102.6993183668262,-0.3948993541028994],[102.69931844677389,-0.39507992072504505],[102.69949780891729,-0.3950798402201537],[102.69949788890537,-0.3952604068054095],[102.70057406102123,-0.3952599234737438],[102.70057414106901,-0.3954404898380976],[102.70200903520676,-0.39543984488390754],[102.70200895512811,-0.39525927881406214],[102.7023676782891,-0.3952591176103097],[102.7023675982393,-0.395078551614014],[102.70254695976107,-0.39507847104313815],[102.70254687974399,-0.39489790508357264],[102.70272624122534,-0.3948978245456422],[102.70272616124099,-0.3947172586228086],[102.70290552268189,-0.39471717811782714],[102.70290560267007,-0.39489774400383204],[102.7039817705702,-0.3948972606714993],[102.70398169055889,-0.39471669500650336],[102.70487849611668,-0.3947162923070931],[102.70487841612272,-0.3945357268262253],[102.70505777712062,-0.39453564631155963],[102.70505785711843,-0.39471621175557764],[102.70541657901212,-0.3947160506409132],[102.70541649900659,-0.3945354852706004],[102.70559585989467,-0.3945354047443067],[102.70559577992191,-0.3943548394107544],[102.7061338623549,-0.3943545979191935],[102.70613378240722,-0.3941740326961226],[102.70649250383843,-0.39417387175610397],[102.70649242391967,-0.39399330660666476],[102.70685114519671,-0.3939931457248899],[102.70685106530688,-0.39381258064908936],[102.70703042588661,-0.39381250023926534],[102.70703034602957,-0.3936319352002394],[102.70720970656885,-0.3936318548234178],[102.70720962674457,-0.3934512898211684],[102.70738898724339,-0.3934512094773525],[102.7073889074519,-0.3932706445118815],[102.70756826791025,-0.3932705642010751],[102.70756810842951,-0.3929094343435986],[102.70774746884354,-0.39290935410268163],[102.70774738915428,-0.3927287892106781],[102.70792674952786,-0.3927287090027794],[102.7079266698714,-0.3925481441475598],[102.70810603020449,-0.3925480639726829],[102.70810587099385,-0.3921869343357203],[102.70828523128264,-0.39218685423075067],[102.70828515172845,-0.39200628944900967],[102.7084645119768,-0.3920062093770707],[102.70846435297067,-0.3916450798870729],[102.70864371317471,-0.3916449998850536],[102.70864363372279,-0.3914644351767987],[102.70882299388637,-0.391464355207819],[102.7088225179214,-0.390380967177636],[102.7086431577807,-0.3903810469252929],[102.70864299942649,-0.3900199175073723],[102.70846363925676,-0.3900199971774234],[102.70846356013841,-0.3898394324314369],[102.70828419993585,-0.38983951206077266],[102.70828404181668,-0.38947838249475136],[102.70810468158508,-0.38947846204649367],[102.70810452362008,-0.3891173324063339],[102.70846324403144,-0.3891171734465537],[102.70846332300322,-0.389297738192915],[102.70864268315773,-0.3892976586704055],[102.70864276216996,-0.38947822337978777],[102.70900148237666,-0.38947806424951914],[102.70900156143313,-0.3896586288850317],[102.70918092148533,-0.3896585492772673],[102.70918084242506,-0.38947798467864536],[102.7093602024368,-0.38947790510394537],[102.70936028150086,-0.3896584696656747],[102.70953964147976,-0.3896583900502542],[102.70953972058429,-0.38983895457499557],[102.71025716014854,-0.3898386359274385],[102.71025723930494,-0.3900192003044915],[102.71079531860465,-0.39001896116789614],[102.71079539780912,-0.39019952543414055],[102.71133347679029,-0.39019928615233046],[102.71133339757439,-0.39001872199681664],[102.71187147621411,-0.3900184827912533],[102.71187171400608,-0.39056017492527345],[102.71169235448475,-0.39056025477504475],[102.71169251318847,-0.390921382937756],[102.71187187271742,-0.39092130301415023],[102.7118719521281,-0.3911018670584477],[102.71223067108363,-0.3911017071258748],[102.71223075053862,-0.39128227109623814],[102.71276882870826,-0.39128203105778936],[102.7127689082114,-0.3914625949172853],[102.71294826753174,-0.3914625148598532],[102.71294834707537,-0.3916430786823269],[102.71330706561365,-0.39164291848206445],[102.7133071452016,-0.39182348223058266],[102.71348650441952,-0.3918234020877469],[102.713486584048,-0.3920039657992375],[102.71366594323305,-0.3920038856156176],[102.71366602290205,-0.3921844492900787],[102.71384538205425,-0.3921843690656709],[102.71384554150994,-0.3925454963404364],[102.7140249006331,-0.3925454160382985],[102.71402498041982,-0.39272597963860095],[102.71420433951012,-0.39272589929566637],[102.71420441933739,-0.3929064628589339],[102.71438377839482,-0.3929063824751992],[102.7143838582626,-0.39308694600142996],[102.71456321728718,-0.3930868655768913],[102.7145632971955,-0.39326742906608353],[102.71492201514219,-0.3932672681315283],[102.71492209509489,-0.3934478315467326],[102.71510145401703,-0.3934477510367107],[102.71510153401027,-0.3936283144148711],[102.71528089289956,-0.3936282338640329],[102.71528097293334,-0.39380879720514744],[102.71546033178974,-0.39380871661348954],[102.71546041186409,-0.3939892799175565],[102.71563977068763,-0.3939891992850753],[102.71563985080253,-0.3941697625520928],[102.7158192095932,-0.3941696818787848],[102.71581928974865,-0.394350245108751],[102.71599864850647,-0.39435016439461257],[102.71599872870249,-0.39453072758752583],[102.71617808742742,-0.3945306468325535],[102.71617816766401,-0.39471120998841175],[102.71635752635609,-0.394711129192602],[102.71635768694709,-0.39507225543011],[102.71653704561018,-0.39507217455649574],[102.71653712596462,-0.39525273763814356],[102.71671648459483,-0.395252656723683],[102.71671656498984,-0.39543321976827034],[102.71689592358719,-0.39543313881295994],[102.7168960844951,-0.3957942648279151],[102.71707544306344,-0.3957941837947825],[102.71707592669175,-0.3968775616155465],[102.71671720947194,-0.39687772412153843],[102.71671729019744,-0.3970582871652674],[102.71653793152858,-0.3970583684493803],[102.71653801228693,-0.39723893152997886],[102.71635865357746,-0.3972390128471547],[102.71635889606121,-0.39778070219926676],[102.71617953730338,-0.3977807836234253],[102.71617945644265,-0.39760022046918864],[102.71600009765199,-0.3976003018524795],[102.71600001683183,-0.39741973866118724],[102.71582065800834,-0.397419820003614],[102.71582057722878,-0.39723925677526783],[102.71384762779041,-0.39724015087786324],[102.71384770852734,-0.39742071451263183],[102.71366834926341,-0.3974207958082083],[102.71366843003314,-0.3976013594798183],[102.71348907072866,-0.3976014408084255],[102.71348915153119,-0.3977820045168749],[102.71330979218612,-0.3977820858785095],[102.7133099538935,-0.3981432133689875],[102.71313059450398,-0.3981432948005774],[102.71313067540882,-0.39832385858260433],[102.71295131597873,-0.39832394004721267],[102.71295139691637,-0.39850450386607333],[102.71205459919625,-0.39850491131504046],[102.71205468015111,-0.39868547531842763],[102.71169596079855,-0.39868563834444665],[102.7116960417823,-0.3988662024215743],[102.71151668204713,-0.3988662839656243],[102.71151684411689,-0.3992274121934229],[102.71133748433724,-0.39922749380738215],[102.71133764654587,-0.3995886221086239],[102.71115828672177,-0.3995887037924852],[102.71115869286554,-0.40049152472846633],[102.71133805270917,-0.4004914428600446],[102.71133813405184,-0.40067200701003974],[102.7111587742043,-0.40067208891537337],[102.71115893699181,-0.40103321728889857],[102.71097957709979,-0.40103329926411657],[102.71097965854463,-0.4012138634876447],[102.71062093864276,-0.4012140275000766],[102.71062102011643,-0.40139459179732345],[102.7104416601066,-0.40139467383453215],[102.71044174161301,-0.4015752381685873],[102.71026238156259,-0.4015753202387558],[102.71026246310174,-0.40175588460961764],[102.71008310301075,-0.40175596671274244],[102.71008375661228,-0.4032004819713634],[102.7099043964532,-0.40320056436573865],[102.70990431462863,-0.40301999992185045],[102.70972495443684,-0.40302008227536673],[102.70972454588352,-0.4021172598699827],[102.70954518567471,-0.4021173420350591],[102.70954502251782,-0.4017562129984358],[102.70936566228019,-0.40175629508577304],[102.70936549927772,-0.40139516597497404],[102.7091861390113,-0.4013952479845794],[102.70918605756896,-0.40121468339214256],[102.7090066972698,-0.4012147653609137],[102.709006615868,-0.40103420073148954],[102.70882725553612,-0.40103428265943014],[102.70882717417489,-0.4008537179930204],[102.70846845340901,-0.4008538817633094],[102.70846837209226,-0.40067331702303055],[102.70828901165827,-0.4006733988653843],[102.70828893038205,-0.40049283408812536],[102.70793020941197,-0.40049299768726204],[102.70793012818021,-0.4003124328361448],[102.70757140707141,-0.40031259634578836],[102.7075713258841,-0.40013203142081977],[102.70685388324254,-0.4001323582454255],[102.70685396441422,-0.40031292331788276],[102.70631588203679,-0.40031316850565946],[102.70631596323337,-0.40049373368861807],[102.70577788051463,-0.4004939789515818],[102.70577796173612,-0.4006745442450259],[102.70541923973273,-0.40067470780770775],[102.705419320983,-0.40085527317476793],[102.70523995992248,-0.40085535498705793],[102.70524004120546,-0.40103592039087516],[102.70506068010441,-0.4010360022360788],[102.70506059882536,-0.40085543679540986],[102.70488123769161,-0.40085551859982366],[102.70488115645307,-0.40067495312220813],[102.70470179528665,-0.4006750348858356],[102.70470171408861,-0.4004944693712757],[102.7045223528895,-0.40049455109412035],[102.70452227173197,-0.40031398554261766],[102.7034461037921,-0.4003144755760176],[102.7034461849262,-0.40049504134856173],[102.703087461979,-0.4004952047352319],[102.70308754314183,-0.40067577058134585],[102.70272882004049,-0.40067593402593676],[102.70272890123209,-0.40085649994561345],[102.70237017797658,-0.4008566634481108],[102.70237025919695,-0.4010372294413432],[102.70201153578729,-0.4010373930017328],[102.7020116170364,-0.4012179590685136],[102.70165289347263,-0.40121812268678114],[102.70165297475047,-0.40139868882710333],[102.70147361290981,-0.4013987706671408],[102.70147369422033,-0.4015793368441828],[102.70129433233916,-0.4015794187170913],[102.70129441368233,-0.4017599849308513],[102.70111505176067,-0.4017600668366271],[102.70111513313648,-0.40194063308710315],[102.70093577117434,-0.4019407150257428],[102.7009358525828,-0.4021212813129332],[102.70075649058018,-0.4021213632844332],[102.70075657202128,-0.402301929608336],[102.69950103695165,-0.40230250355583275],[102.69950111840183,-0.40248307013725354],[102.69914239375937,-0.4024832341602689],[102.69914247523825,-0.402663800815181],[102.69896311285827,-0.4026638828575488],[102.69896319436975,-0.40284444954915566],[102.69860446949228,-0.40284461369560076],[102.69860455103247,-0.40302518046068836],[102.69824582600096,-0.4030253446648729],[102.69824590756983,-0.403205911503434],[102.69806654499531,-0.4032059936363695],[102.69806662659677,-0.4033865605116163],[102.6978872639818,-0.4033866426773713],[102.69788734561585,-0.4035672095893019],[102.69770798296041,-0.40356729178787276],[102.69770855539421,-0.40483126042612194],[102.69788791807727,-0.4048311779700978],[102.69788816396591,-0.4053728787032658],[102.6980675266243,-0.4053727961329218],[102.69806777285366,-0.4059144967548704],[102.69824713548738,-0.405914414070196],[102.69824746432059,-0.4066366814176305],[102.69842682693363,-0.40663659858183054],[102.69842690923726,-0.40681716538166063],[102.69860627181772,-0.4068170825050796],[102.69860635416184,-0.4069976492680256],[102.69878571670974,-0.4069975663506598],[102.69878579909438,-0.40717813307672],[102.70022069819353,-0.40717746929947746],[102.7002206157771,-0.40699690286778456],[102.70093806443342,-0.40699657103038167],[102.70093798203766,-0.4068160047458172],[102.70147606813403,-0.40681575593621877],[102.70147615054171,-0.406996322110345],[102.70165551250466,-0.40699623912900224],[102.70165584251696,-0.4077185036772625],[102.70147648053809,-0.4077185868058704],[102.70147722516944,-0.40934368236506324],[102.70165658718417,-0.40934359890510835],[102.70165667010785,-0.4095241650410441],[102.70183603209001,-0.40952408154024944],[102.70183611505426,-0.4097046476392685],[102.7016567530681,-0.4097047311768813],[102.70165683606491,-0.40988529731262],[102.70147747403817,-0.409885380883024],[102.70147755706758,-0.41006594705548055],[102.7011188328964,-0.4100661142578351],[102.70111891595435,-0.41024668050382035],[102.7009395538099,-0.4102467641357657],[102.70093963690043,-0.41042733041846347],[102.7007602747154,-0.4104274140831875],[102.70076035783849,-0.4106079804025957],[102.7005809956129,-0.410608064100095],[102.70058107876854,-0.4107886304562121],[102.70040171650238,-0.4107887141864831],[102.70040179969057,-0.410969280579307],[102.70022243738384,-0.41096936434234616],[102.70022252060458,-0.41114993077187517],[102.70004315825729,-0.41115001456767897],[102.70004324151057,-0.4113305810339113],[102.6998638791227,-0.41133066486247605],[102.69986396240854,-0.4115112313654099],[102.6995052375151,-0.4115113990840115],[102.6995051542373,-0.41133083250748226],[102.69932579173977,-0.4113309163239236],[102.69932587501354,-0.41151148293724793],[102.69914651247544,-0.41151156678644146],[102.69914667912464,-0.41187270008638005],[102.6987879539227,-0.4118728679198007],[102.6987880372941,-0.4120534346432028],[102.69842931193796,-0.4120536025340119],[102.69842939533783,-0.412234169330889],[102.69825003260092,-0.4122342533070057],[102.69825011603331,-0.41241482014056824],[102.69789139044184,-0.4124149881542148],[102.6978913070175,-0.4122344212470886],[102.69771194417098,-0.41223450521105504],[102.69771186078718,-0.4120539382670509],[102.69753249790814,-0.4120540221901899],[102.69753241456492,-0.4118734552093092],[102.69735305165337,-0.4118735390916244],[102.6973529683507,-0.41169297207386923],[102.69717360540663,-0.41169305591536404],[102.6971735221445,-0.41151248886073605],[102.69699415916793,-0.4115125726614142],[102.69699407594634,-0.4113320055699153],[102.69681471293725,-0.41133208932978027],[102.6968146297562,-0.4111515222014124],[102.69663526671461,-0.4111516059204677],[102.69663510047012,-0.41079047158989823],[102.69645573740002,-0.41079055523138075],[102.69645557130963,-0.41042942082688316],[102.69627620821102,-0.41042950439079984],[102.69627612522463,-0.4102489371516381],[102.6960967620935,-0.41024902067475943],[102.69609651336542,-0.4097073188463935],[102.69591715020977,-0.40970740225520014],[102.69591681909958,-0.40898513300228845],[102.6957374559234,-0.4089852162600316],[102.69573729059539,-0.4086240815594666],[102.69555792739068,-0.4086241647396759],[102.69555784478543,-0.40844359735248836],[102.69537848154819,-0.40844368049192703],[102.69537839898344,-0.4082631130678852],[102.69519903571367,-0.4082631961665568],[102.69519895318942,-0.40808262870566275],[102.69501958988712,-0.40808271176357086],[102.69501950740336,-0.4079021442658261],[102.69484014406855,-0.4079022272829742],[102.6948399792185,-0.4075410922136895],[102.69466061585513,-0.40754117515333216],[102.69466036886578,-0.4069994724384239],[102.69448100547784,-0.40699955526382114],[102.69448084100875,-0.40663842004656553],[102.69430147759223,-0.4066385027944735],[102.69430139541642,-0.4064579351489538],[102.69412203196737,-0.40645801785612296],[102.69412194983201,-0.40627745017376193],[102.69394258635043,-0.4062775328401959],[102.69394242219714,-0.4059163974016975],[102.69376305868698,-0.40591647999065983],[102.69376281274266,-0.40537477672196065],[102.69358344920789,-0.40537485919672017],[102.6935833673034,-0.405194291403554],[102.693045276492,-0.4051945386937322],[102.69304454110033,-0.4035694275590235],[102.69286517745907,-0.4035695096505406],[102.69286509593526,-0.4033889417094676],[102.69250636855116,-0.4033891058071498],[102.69250628707171,-0.40320853779252297],[102.69268565077807,-0.403208455782391],[102.69268540654684,-0.4026667518481118],[102.69250604285229,-0.40266683374806106],[102.69250596151878,-0.40248626573304686],[102.69232659779165,-0.40248634759231405],[102.6923263540218,-0.4019446434365139],[102.69214699026999,-0.4019447251816548],[102.692146827947,-0.401583589003857],[102.69232619169098,-0.4015835073321643],[102.69232611058028,-0.40140293927984466],[102.69268483795098,-0.40140277599807606],[102.69268475686893,-0.40122220801911346],[102.69304348408583,-0.40122204479503026],[102.69304340303246,-0.40104147688943176],[102.69322276658227,-0.4010413953082102],[102.69322260457714,-0.40068025957018966],[102.69340196808263,-0.4006801780584973],[102.69340188713089,-0.40049961022607733],[102.69358125059598,-0.4004995287471848],[102.69358116967683,-0.4003189609514049],[102.69376053310151,-0.40031887950531575],[102.69376012903365,-0.3994160407086656],[102.69358076562847,-0.39941612197106374],[102.6935806042646,-0.3990549863782552],[102.69340124083071,-0.39905506756325637],[102.6934011602074,-0.3988744997299718],[102.69304243323796,-0.39887466201474464],[102.69304235265894,-0.39869409410789675],[102.69232489829777,-0.39869441848350223],[102.69232465682626,-0.3981527143216426],[102.69214529315643,-0.3981527952955792],[102.69214521274277,-0.39797222720471054],[102.69196584904034,-0.3979723081380132],[102.69196576866705,-0.39779174001032674],[102.69178640493203,-0.3977918209029988],[102.69178648530144,-0.3979723890674057],[102.69160712152605,-0.3979724699928881],[102.69160704116052,-0.39779190179176266],[102.69142767735255,-0.39779198267661825],[102.69142759702738,-0.39761141443868014],[102.69106886930976,-0.39761157612323794],[102.69106862857637,-0.39706987118856574],[102.6908892646745,-0.3970699519148501],[102.69088918450684,-0.3968893835663903],[102.69106854840484,-0.3968893028768174],[102.69106846826979,-0.3967087345649738],[102.69124783212744,-0.39670865390821497],[102.69124775202499,-0.39652808563298925],[102.6914271158423,-0.3965280050090478],[102.69142695573908,-0.3961668685317411],[102.69250313783057,-0.39616638514693536],[102.69250305781047,-0.39598581712846703],[102.69304114835212,-0.39598557549370633],[102.69304106835692,-0.3958050075853309],[102.69339979519451,-0.39580484654950526],[102.69339971522807,-0.3956242787145021],[102.69357907858827,-0.3956241982274927],[102.69357891875714,-0.39526306263067396],[102.69375828207313,-0.395262982213254],[102.69375812238025,-0.3949018466895318],[102.69393748565203,-0.3949017663417082],[102.69393740585649,-0.39472119861644467],[102.69411676908791,-0.394721118301483],[102.69411668932503,-0.3945405506128663],[102.6942960525161,-0.3945404703307701],[102.69429597278585,-0.39435990267880194],[102.69447533593659,-0.3943598224295746],[102.69447525623899,-0.39417925481425714],[102.69465461934936,-0.39417917459790236],[102.69465453968444,-0.3939986070192371],[102.69483390275445,-0.3939985268357586],[102.69483382312218,-0.3938179592937474],[102.69501318615185,-0.39381787914314836],[102.69501310655224,-0.3936373116377932],[102.69519246954157,-0.39363723152007735],[102.6951923104442,-0.3932760965825879],[102.69537167338933,-0.39327601653451294],[102.6953715144303,-0.39291488167015354],[102.69555087733126,-0.3929148016917265],[102.69555079790268,-0.392734234296161],[102.69573016076329,-0.3927341543506314],[102.6957300813674,-0.3925535869917292],[102.69590944418766,-0.3925535070791005],[102.69590936482444,-0.3923729397568634],[102.69608872760436,-0.3923728598771391],[102.69608864827384,-0.39219229259156896],[102.6962680110134,-0.3921922127447527],[102.6962679317156,-0.39201164549585127],[102.6966266570775,-0.39201148586419055],[102.69662657780854,-0.39183091868872616],[102.6969853030167,-0.3918307591151982],[102.69698522377664,-0.391650192013178],[102.69734394883105,-0.3916500324977972],[102.69734386961986,-0.3914694654692283],[102.69770259452049,-0.39146930601200874],[102.6977025153382,-0.3912887390568983],[102.69788187772991,-0.39128865935929835],[102.69788179858031,-0.39110809244087275],[102.69806116093167,-0.3911080127762093],[102.6980610818148,-0.39092744589447026],[102.6982404441258,-0.39092736626274677],[102.69824036504166,-0.39074679941769647],[102.6984197273123,-0.39074671981891657],[102.69841909592415,-0.389302185349409],[102.69823973368395,-0.38930226465391504],[102.69823934027292,-0.38839943042350866],[102.70021232269625,-0.3883985598872044],[102.70021224408198,-0.388217993445567],[102.70075032941843,-0.38821775605685893],[102.70075025082936,-0.3880371897255447],[102.70146769741756,-0.38803687330111764],[102.7014676188499,-0.387856307116957],[102.70164698040173,-0.3878562280381358],[102.70164705897318,-0.3880367941854803],[102.7021851434206,-0.3880365568156946],[102.7021854581176,-0.38875882096230246],[102.70236481954207,-0.3887587416841231],[102.70236489831156,-0.388939307683718],[102.70254425970326,-0.3889392283648943]]],[[[102.7201253405447,-0.39759842904859155],[102.72012558349334,-0.3981401160703123],[102.71976686746831,-0.3981402792268364],[102.71976670548133,-0.39777915439779277],[102.71958734742145,-0.3977792358961973],[102.71958726648697,-0.39759867344453625],[102.7201253405447,-0.39759842904859155]]],[[[102.70595227699356,-0.3892988511064729],[102.70595235594878,-0.3894794163689493],[102.70613171661991,-0.38947933686312286],[102.70613203282217,-0.3902015977646491],[102.70631139347189,-0.39020151810754705],[102.70631147261781,-0.39038208329583174],[102.70613211196428,-0.3903821629897961],[102.70613234961031,-0.39092385866467344],[102.70595298890875,-0.39092393846538426],[102.70595306819351,-0.39110450372701583],[102.70577370745148,-0.39110458356074485],[102.70577386612324,-0.39146571415744336],[102.70541514451409,-0.3914658739607988],[102.70541522389725,-0.391646439332719],[102.70523586303393,-0.3916465192654813],[102.70523570431189,-0.3912853884478397],[102.70541506516756,-0.3912853085887843],[102.7054147481475,-0.3905630470997859],[102.7052353873071,-0.39056312681142763],[102.70523522902435,-0.3902019959926577],[102.70505586815496,-0.390202075626759],[102.70505563101682,-0.38966037928734537],[102.7052349918748,-0.38966029976379896],[102.70523451856413,-0.38857690730355193],[102.70505515772892,-0.3885769866059885],[102.70505507897573,-0.38839642115876827],[102.70559316136013,-0.3883961833505666],[102.70559308263218,-0.38821561801381316],[102.70577244334996,-0.38821553877363807],[102.70577267965503,-0.3887572346730471],[102.70595204034757,-0.3887571553184819],[102.70595211919294,-0.3889377205812391],[102.70577275849662,-0.38893779997266303],[102.70577291628962,-0.3892989305716143],[102.70595227699356,-0.3892988511064729]]],[[[102.71240719441737,-0.38460132548760423],[102.71240711631569,-0.3844207615507094],[102.71294519394381,-0.3844205257103094],[102.71294527205676,-0.38460108953642586],[102.7125865536672,-0.3846012468409897],[102.7125866318093,-0.38478181074086765],[102.71204855393857,-0.3847820467801438],[102.7120484758077,-0.38460148276949824],[102.71240719441737,-0.38460132548760423]]],[[[102.70917771006486,-0.38225540065738184],[102.70917755498604,-0.3818942714524323],[102.70899819509573,-0.38189434947389883],[102.70899811761501,-0.3817137848343955],[102.70917747750158,-0.38171370684981965],[102.70917740005379,-0.38153314224711515],[102.7093567599,-0.3815330642956816],[102.70935683735152,-0.38171362886149374],[102.70971555694145,-0.3817134728735919],[102.70971571196935,-0.38207460185736036],[102.70953635218525,-0.3820746799269782],[102.70953642975046,-0.3822552444556204],[102.70917771006486,-0.38225540065738184]]],[[[102.7204741503119,-0.37484741974672586],[102.72047407402628,-0.37466685746824463],[102.72065343141998,-0.3746667806868373],[102.72065335516747,-0.37448621844526997],[102.72083271252076,-0.37448614169718797],[102.72083301776597,-0.37520839051489224],[102.72065366039806,-0.3752084674109978],[102.7206537367976,-0.3753890296522039],[102.72011566446231,-0.37538926042941195],[102.72011574088762,-0.37556982278153456],[102.71975702580633,-0.37556997668856407],[102.71975694938834,-0.37538941426244554],[102.71957759179625,-0.37538949117343096],[102.71957751541868,-0.37520892871022676],[102.71939815779348,-0.37520900558053105],[102.71939808145632,-0.3750284430802432],[102.71921872379804,-0.37502851990986974],[102.71921857124127,-0.3746673948350397],[102.71939792889225,-0.37466731807939657],[102.71939785266531,-0.3744867555788377],[102.7197565678497,-0.37448660213049817],[102.71975672035491,-0.3748477269835481],[102.71993607789929,-0.374847650179866],[102.71993615421067,-0.37502821256925867],[102.7202948691965,-0.37502805887684826],[102.72029479287778,-0.37484749656145494],[102.7204741503119,-0.37484741974672586]]],[[[102.72229500596134,-0.43461263783934595],[102.7222950944932,-0.4347931997153347],[102.72247445283436,-0.43479311056876946],[102.72247436429826,-0.43461254872980304],[102.72283308086175,-0.4346123704979089],[102.7228332579877,-0.43497349402763674],[102.72265389971587,-0.43497358321977037],[102.72265398832977,-0.43515414502150296],[102.7224746300169,-0.43515423424638777],[102.72247480734654,-0.4355153579235868],[102.72229544898839,-0.43551544721824154],[102.72229553770414,-0.43569600909370604],[102.72211617930498,-0.4356960984211031],[102.72211626805324,-0.4358766603334831],[102.72193690961304,-0.4358767496936188],[102.72193699839383,-0.4360573116429128],[102.7215782813946,-0.4360574904243708],[102.72157837020366,-0.43623805244759184],[102.72139901164464,-0.43623814186890897],[102.72139883407182,-0.43587701774833454],[102.72157819262232,-0.4358769284010445],[102.72157792652611,-0.435335242330436],[102.72139856798835,-0.43533533156668563],[102.7213984793674,-0.43515476950592624],[102.7212191207971,-0.43515485870088744],[102.72121903221716,-0.43497429660301146],[102.72103967361437,-0.4349743857566881],[102.72103949657327,-0.43461326148660206],[102.72121885516759,-0.43461317240694536],[102.72121876669794,-0.434432610308755],[102.72139812525127,-0.43443252126184045],[102.72139803681415,-0.4342519592005573],[102.72157739532646,-0.4342518701863885],[102.72157721855405,-0.4338907461375355],[102.72175657702113,-0.43389065719313136],[102.72175648868584,-0.4337100952055632],[102.72211520550118,-0.4337099173780035],[102.72211529384494,-0.43389047929153596],[102.72229465220168,-0.4338903903343448],[102.72229474058643,-0.434070952210752],[102.72211538222545,-0.43407104120496376],[102.72211564758766,-0.43461272694461955],[102.72229500596134,-0.43461263783934595]]],[[[102.72337018372869,-0.4326259249190371],[102.72337009561284,-0.43244536326395544],[102.72372881170695,-0.43244518587817976],[102.72372907619022,-0.43298687062090907],[102.72337036007077,-0.4329870482288877],[102.72337027188134,-0.43280648657401466],[102.72319091377065,-0.4328065753345927],[102.72319082562223,-0.432626013642584],[102.72337018372869,-0.4326259249190371]]],[[[102.73054236914307,-0.4282889283264937],[102.73054245658001,-0.42846948850126],[102.73072181308012,-0.42846940045686044],[102.73072190055812,-0.42864996059441957],[102.73090125702555,-0.42864987250870534],[102.73090116954339,-0.4284693124082518],[102.73125988235928,-0.4284691362984078],[102.73125996984983,-0.42864969632464484],[102.73108061345613,-0.4286497844187804],[102.73108070097935,-0.4288303444820232],[102.73090134454459,-0.42883043260905557],[102.73090143210048,-0.4290109927093024],[102.73054271911202,-0.42901116902493924],[102.7305426315645,-0.42883060885048296],[102.73036327501917,-0.42883069696487786],[102.73036336256251,-0.42901125717643623],[102.7300046493529,-0.4290114334667875],[102.73000456181794,-0.42883087318103036],[102.7296458484693,-0.4288310493803327],[102.72964576097954,-0.42865048902028013],[102.72928704749188,-0.4286506651285478],[102.72928713497326,-0.4288312255627852],[102.72892842132984,-0.4288314017283876],[102.72892850883972,-0.42901196223669896],[102.72839043808571,-0.42901222656476173],[102.72839017570432,-0.42847054470575774],[102.72856953264659,-0.4284704567118656],[102.72856944525562,-0.42828989612907364],[102.72892815902132,-0.42828972020283296],[102.72892807165881,-0.4281091596941081],[102.72910742848222,-0.4281090717617648],[102.7291075158489,-0.4282896322334017],[102.72982494279078,-0.4282892803136051],[102.72982503021102,-0.4284698406367693],[102.73036310004305,-0.4284695765414508],[102.73036301261027,-0.42828901632958233],[102.73054236914307,-0.4282889283264937]]],[[[102.7267732708635,-0.4228739468538964],[102.72677335710806,-0.4230545078105123],[102.72731142844493,-0.4230542472660062],[102.72731160106929,-0.423415368956522],[102.72623545801459,-0.4234158904529203],[102.72623537170877,-0.4232353293853192],[102.72605601440827,-0.42323541624976835],[102.72605584191537,-0.42287429404014126],[102.72623519920761,-0.42287420724981106],[102.72623511301227,-0.42269364618190414],[102.72605575572412,-0.4226937329351747],[102.72605558345211,-0.42233261072493633],[102.72641429797507,-0.42233243736248427],[102.72641421188604,-0.4221518763313331],[102.72659356908818,-0.422151789680947],[102.72659348303185,-0.4219712286867571],[102.72802833929036,-0.42197053563094655],[102.72802851150574,-0.4223316570260884],[102.72677301235076,-0.4223322639834372],[102.72677309848486,-0.4225128249403588],[102.72659374131129,-0.4225129116690215],[102.7265939136817,-0.4228740336566887],[102.7267732708635,-0.4228739468538964]]],[[[102.72946182024711,-0.4190808758809986],[102.72946173475128,-0.418900315478335],[102.72928237821233,-0.4189004015274267],[102.72928229275743,-0.41871984108757065],[102.72910293618573,-0.4187199270954578],[102.72910285077174,-0.4185393666184113],[102.72999963324146,-0.41853893672330966],[102.72999971867586,-0.41871949701489036],[102.72982036225153,-0.4187195830392302],[102.72982044771868,-0.41890014336780684],[102.72964109125341,-0.41890022942512833],[102.72964117675332,-0.4190807897906988],[102.72946182024711,-0.4190808758809986]]],[[[102.72354269365887,-0.4183614680478075],[102.72354277890942,-0.4185420296738527],[102.72336342116365,-0.41854211551308296],[102.72336316553464,-0.41800043052354635],[102.72425995383428,-0.4180000018418255],[102.72425986867778,-0.41781944036362706],[102.72461858373192,-0.4178192689362805],[102.72461883933626,-0.4183609531483182],[102.72443948181535,-0.41836103897517407],[102.7244395670863,-0.41854160041602856],[102.72390149429056,-0.4185418579830576],[102.72390140903184,-0.41836129643108344],[102.72354269365887,-0.4183614680478075]]],[[[102.7395001492119,-0.40715919897053743],[102.7395003158955,-0.4075203156288287],[102.73967967007736,-0.4075202316883145],[102.73967975347854,-0.4077007899801204],[102.73950039929271,-0.407700873957827],[102.73950064970599,-0.4082425489442312],[102.73968000390377,-0.4082424648549475],[102.73968008745275,-0.40842302314635964],[102.73985944161758,-0.4084229390158716],[102.73985952520749,-0.40860349726999096],[102.73968017103867,-0.4086035814376731],[102.73968025466155,-0.40878413972888805],[102.7393215462051,-0.40878430812659455],[102.7393214625902,-0.4086037497609965],[102.73896275399396,-0.4086039180682654],[102.73896267042399,-0.408423359628193],[102.73878331607443,-0.40842344373862166],[102.73878314905326,-0.40806232678381055],[102.73896250339484,-0.4080622427477525],[102.73896233651348,-0.40770112586691826],[102.73878298217987,-0.4077012098286058],[102.73878289879856,-0.4075206513508558],[102.738244835588,-0.40752090310034467],[102.73824475225558,-0.4073403445109511],[102.73806539778217,-0.4073404283822632],[102.73806531449064,-0.40715986975559326],[102.73788595998427,-0.4071599535857278],[102.73788587673364,-0.4069793949217831],[102.73842394013003,-0.4069791435309159],[102.73842402339258,-0.4071597020833259],[102.73860337778815,-0.4071596182411931],[102.73860329452164,-0.40697905972596476],[102.73914135747481,-0.4069788082871255],[102.73914144075323,-0.40715936669079794],[102.7395001492119,-0.40715919897053743]]],[[[102.7206680045174,-0.4077096693297951],[102.72066792153782,-0.4075291071054677],[102.72030920532451,-0.4075292741338161],[102.72030912238965,-0.4073487118353836],[102.72012976423183,-0.4073487953065519],[102.72012968133768,-0.4071682329710206],[102.7208471137325,-0.4071678992103514],[102.72084703085923,-0.4069873370227358],[102.72102638886207,-0.4069872536095769],[102.72102647173931,-0.40716781576018457],[102.72120582970935,-0.4071677323060179],[102.72120591262734,-0.40734829441951764],[102.7210265546533,-0.4073483779106942],[102.72102672059162,-0.4077095022114189],[102.7206680045174,-0.4077096693297951]]],[[[102.74183158395151,-0.4067969927074945],[102.74183166725254,-0.40697755055324664],[102.74201102094206,-0.4069774666723404],[102.74201110428402,-0.40715802448077887],[102.74236981156007,-0.4071578566325374],[102.74236997837082,-0.407518972100247],[102.74219062474333,-0.40751905610080547],[102.7421907082002,-0.4076996138717317],[102.74183200082638,-0.4076997819352724],[102.74183183396552,-0.4073386662444561],[102.7416524802311,-0.40733875019579197],[102.7416523968601,-0.40715819231302275],[102.74075562765344,-0.4071586118236434],[102.74075546106204,-0.4067974956857267],[102.74111416883972,-0.4067973280422993],[102.74111408559152,-0.40661677004760505],[102.74129343942096,-0.4066166862571059],[102.74129335620574,-0.4064361282995219],[102.74147270999424,-0.4064360445422388],[102.7414727932134,-0.4066166024626127],[102.74183150068744,-0.40661643486164417],[102.74183141746035,-0.4064358770156958],[102.74201077113794,-0.40643579324643586],[102.74201093763705,-0.4067969088638037],[102.74183158395151,-0.4067969927074945]]],[[[102.73734764663824,-0.40661852872545],[102.73734756351031,-0.4064379699496924],[102.73752691811158,-0.40643788628024075],[102.7375268350166,-0.40625732754155613],[102.737706189577,-0.4062572439052849],[102.73770610651498,-0.406076685203675],[102.73824416996267,-0.40607643438244706],[102.73824425303657,-0.40625699297252765],[102.73842360744923,-0.406256909320294],[102.73842369056403,-0.4064374678730967],[102.73770627267594,-0.40643780260679674],[102.73770635581181,-0.4066183613082103],[102.73734764663824,-0.40661852872545]]],[[[102.71976956147748,-0.40409883885041564],[102.7197694792528,-0.4039182764391293],[102.71959012105994,-0.4039183591953785],[102.71958995672875,-0.4035572342985232],[102.72012803117346,-0.4035569862398549],[102.72012811333249,-0.40373754857733957],[102.72084554542663,-0.4037372176289333],[102.72084562763818,-0.4039177798183068],[102.7203075536109,-0.4039180281465738],[102.7203076358474,-0.4040985904468631],[102.71976956147748,-0.40409883885041564]]],[[[102.72479124694127,-0.4033742735285132],[102.72479132916592,-0.40355483490349825],[102.7249706862844,-0.40355475210627395],[102.72497060405581,-0.40337419076833564],[102.72514996113355,-0.4033741080041956],[102.72515004336609,-0.40355466930508527],[102.72532940041094,-0.40355458649993226],[102.72532948268422,-0.403735147763674],[102.72550883969623,-0.4037350649175045],[102.72550908674867,-0.4042767485969893],[102.72461230126146,-0.40427716334390623],[102.72461238366617,-0.40445772475544983],[102.72443302645438,-0.40445780772996237],[102.72443294405362,-0.40427724628137535],[102.72407422952753,-0.4042774121443997],[102.72407414717145,-0.40409685062163403],[102.72389478985717,-0.404096933510151],[102.7238943786484,-0.4031941257096728],[102.724073735943,-0.4031940430063458],[102.7240738181151,-0.40337460452959795],[102.72425317537683,-0.40337452178527056],[102.72425325758967,-0.4035550832713857],[102.72461197201063,-0.40355491769675833],[102.72461188978993,-0.4033743562847282],[102.72479124694127,-0.4033742735285132]]],[[[102.72532890754431,-0.40247121891544085],[102.725329153812,-0.40301290270812357],[102.72514979677892,-0.4030129854021252],[102.72514987893784,-0.403193546703209],[102.72497052186404,-0.4031936294303003],[102.72497043970905,-0.40301306809216786],[102.7246117254589,-0.40301323346037626],[102.7246116433486,-0.4028326720480545],[102.72443228617225,-0.40283275468917706],[102.72443212206987,-0.4024716317901559],[102.72425276486459,-0.4024717143532379],[102.72425268287252,-0.40229115286654027],[102.72479075436621,-0.40229090527656314],[102.72479083637005,-0.4024714666521307],[102.72497019346493,-0.4024713840771878],[102.7249702755095,-0.40265194541561145],[102.72514963257152,-0.40265186279966614],[102.72514955052301,-0.40247130149829113],[102.72532890754431,-0.40247121891544085]]],[[[102.74362321251412,-0.402643332172848],[102.74362329500418,-0.4028238896486134],[102.74326458843552,-0.40282405576578223],[102.7432645059533,-0.4026434982155558],[102.74308515261743,-0.40264358123097727],[102.74308507017614,-0.40246302364342607],[102.7429057168072,-0.40246310661766654],[102.7429055520434,-0.4021019913678204],[102.7432642587286,-0.40210182556429386],[102.74326417639432,-0.4019212680136791],[102.74380223613296,-0.40192101939046093],[102.74380240086202,-0.40228213426820536],[102.74362304764495,-0.4022822172210256],[102.74362313006104,-0.4024627746969853],[102.74344377680306,-0.4024628576830855],[102.74344385925221,-0.4026434151961794],[102.74362321251412,-0.402643332172848]]],[[[102.74003597553879,-0.40228387544762073],[102.74003589323817,-0.40210331722727377],[102.73949783115887,-0.40210356571335387],[102.73949766669202,-0.4017424490492044],[102.73967702074755,-0.4017423662988454],[102.73967693856562,-0.4015618080038176],[102.739497584514,-0.4015618907169841],[102.73949750237294,-0.40138133238466717],[102.73931814828829,-0.40138141505669883],[102.73931806618809,-0.4012008566870943],[102.73949742026882,-0.4012007740522533],[102.73949733820164,-0.40102021571974256],[102.73985604624444,-0.40102005051262424],[102.73985612831945,-0.40120060877074853],[102.74003548228931,-0.4012005261240848],[102.74003581097449,-0.40192275900683],[102.7402151649231,-0.4019226762074347],[102.74021532949524,-0.4022837925738302],[102.74003597553879,-0.40228387544762073]]],[[[102.73591024964811,-0.4010218669243134],[102.73591041366282,-0.401382985076186],[102.73573105883965,-0.4013830676693632],[102.73573114089845,-0.4015636267823095],[102.73519307619573,-0.40156387464963933],[102.73519315827967,-0.4017444338739433],[102.73501380330104,-0.4017445165256456],[102.73501388541797,-0.4019250757870005],[102.73483453039853,-0.4019251584719028],[102.73483461254844,-0.4021057177703069],[102.73465525748816,-0.40210580048840544],[102.73465533967105,-0.40228635982385713],[102.73429662943194,-0.40228652532248793],[102.73429646511876,-0.4019254065029204],[102.7344758202489,-0.40192532382986257],[102.73447573814373,-0.4017447644570743],[102.73429638301751,-0.40174484709299124],[102.73429621892568,-0.4013837282728421],[102.73447557404407,-0.40138364571120694],[102.73447549204958,-0.4012030863381281],[102.73501355717164,-0.4012028387409993],[102.73501363917788,-0.4013833980026449],[102.73519299414868,-0.4013833154252386],[102.73519291213852,-0.40120275620074103],[102.73555162196158,-0.40120259110840156],[102.73555153998052,-0.4010220319581084],[102.73573089483277,-0.4010219494431806],[102.73573081288468,-0.40084139032994404],[102.73591016769613,-0.400841307848232],[102.73591000390287,-0.4004801896957792],[102.73626871339938,-0.40048002486917367],[102.7362686315503,-0.4002994658671178],[102.73644798623927,-0.4002993834850745],[102.73644814998215,-0.4006605014147689],[102.73626879528537,-0.4006605838711329],[102.73626887720826,-0.4008411428729955],[102.73608952247065,-0.40084122536258254],[102.73608960442655,-0.40102178440150704],[102.73591024964811,-0.4010218669243134]]],[[[102.74218780920818,-0.4013800918310748],[102.742187891408,-0.40156064960532073],[102.7420085378738,-0.4015607323737092],[102.74200862010667,-0.40174129018507543],[102.7418292665316,-0.4017413729867348],[102.74182943110041,-0.402102488683607],[102.74147072382365,-0.4021026544239382],[102.74147055927052,-0.40174153857821515],[102.74164991291954,-0.40174145578444803],[102.74164974850642,-0.4013803400127607],[102.74182910211064,-0.40138025728947474],[102.74182901995562,-0.40119969944069944],[102.74200837351896,-0.40119961675068616],[102.74200820931199,-0.40083850112727576],[102.74218756283052,-0.40083841850775603],[102.74218739876362,-0.400477302958393],[102.74236675223737,-0.4004772204093738],[102.74236683425625,-0.40065777814688464],[102.74254618769693,-0.400657695556711],[102.74254626975669,-0.40083825325690453],[102.7423669163121,-0.4008383358842989],[102.74236716270148,-0.40138000909596094],[102.74218780920818,-0.4013800918310748]]],[[[102.72066438819104,-0.399764931367103],[102.72066446958992,-0.3999454935956122],[102.72048511166712,-0.3999455755576063],[102.72048519309887,-0.4001261378230235],[102.72066455102558,-0.40012605582402505],[102.72066463249799,-0.4003066180523415],[102.72084399039184,-0.4003065360124064],[102.72084390891553,-0.40012597382109594],[102.72102326676871,-0.4001258918142362],[102.72102351131967,-0.40066757827685456],[102.72030607963946,-0.40066790672477165],[102.72030599810135,-0.4004873444226413],[102.71994728204851,-0.4004875085489841],[102.71994720055497,-0.40030694617275747],[102.71976784247734,-0.4003070281930303],[102.71976767960832,-0.39994590336629354],[102.71994703767815,-0.3999458214200151],[102.71994663112926,-0.3990430095364739],[102.72048470505976,-0.3990427642290763],[102.72048486759242,-0.3994038887607769],[102.72066422550353,-0.39940380690979577],[102.7206643068289,-0.39958436913849754],[102.72084366470715,-0.3995842872465867],[102.72084374607319,-0.3997648494381861],[102.72066438819104,-0.399764931367103]]],[[[102.72424983633147,-0.39597150077136434],[102.72424975566403,-0.39579093928120435],[102.72389104143129,-0.39579110165463055],[102.72389096080838,-0.39561054009029756],[102.72407031793928,-0.3956104589425665],[102.72407023734931,-0.3954298974151761],[102.72442895149302,-0.39542973518213637],[102.72442903209073,-0.3956102966354455],[102.72460838911124,-0.3956102154760557],[102.7246084697496,-0.3957907768922262],[102.72478782673718,-0.3957906956919051],[102.7247879074162,-0.3959712570709351],[102.72424983633147,-0.39597150077136434]]],[[[102.72226772263105,-0.37484665139690654],[102.72208836556459,-0.37484672824845894],[102.72208844191988,-0.37502729019374925],[102.72172972766934,-0.3750274439598419],[102.72172965132135,-0.3748468819405168],[102.72190900846135,-0.374846805096329],[102.72190893214649,-0.37466624311393026],[102.72172957501016,-0.3746663199211015],[102.72172942249806,-0.37430519588200006],[102.72155006533225,-0.3743052726114613],[102.721549989135,-0.3741247105547606],[102.72190870342256,-0.3741245571661924],[102.72190877962709,-0.37430511914886183],[102.72208813671936,-0.3743050424120466],[102.72208806051115,-0.37412448046639535],[102.72244677457805,-0.3741243270557758],[102.72244685079356,-0.3743048889273852],[102.72226749377485,-0.3743049656715543],[102.72226772263105,-0.37484665139690654]]],[[[102.72926155236624,-0.37231580482126614],[102.72908219678636,-0.37231588129717685],[102.72908212084103,-0.3721353207956322],[102.72890276522796,-0.3721353972307981],[102.72890268932308,-0.37195483669207624],[102.72908204493253,-0.3719547602939979],[102.72908196906089,-0.3717741997922739],[102.729440680162,-0.3717740470593358],[102.72944075604092,-0.3719546074868796],[102.7297994670019,-0.37195445466514626],[102.72979961888477,-0.37231557537159027],[102.72944090790926,-0.3723157283416982],[102.72944098389871,-0.37249628876897284],[102.72926162835205,-0.3724963652856318],[102.72926155236624,-0.37231580482126614]]]]}},{"type":"Feature","properties":{"eventId":"RIAU-20260916-009","firstDetection":"2026-09-16T13:33:00+00:00","lastDetection":"2026-09-17T20:53:00+00:00","estimatedAreaHa":29.68,"confidence":"rendah","hotspotCount":2,"detectionDays":2,"villages":["Area Saling Klaim","Kelumpang","Pungkat","Semambu Kuning","Telukkabung"],"districts":["Gaung","Gaung Anak Serka"],"regencies":["Indragiri Hilir"],"method":"Sentinel-2 dNBR/NBR indication","resolutionM":20,"clearCoveragePct":9.2,"preSceneDates":["2026-08-14","2026-08-22","2026-08-27","2026-09-03"],"postSceneDates":["2026-09-23"],"status":"estimate","disclaimer":"Estimasi berbasis citra satelit; bukan hasil verifikasi lapangan.","province":"Riau","villageAreas":[{"village":"Kelumpang","district":"Gaung Anak Serka","regency":"Indragiri Hilir","areaHa":0.88},{"village":"Pungkat","district":"Gaung","regency":"Indragiri Hilir","areaHa":5.16},{"village":"Semambu Kuning","district":"Gaung","regency":"Indragiri Hilir","areaHa":6.68},{"village":"Area Saling Klaim","district":"","regency":"Indragiri Hilir","areaHa":9.919838},{"village":"Telukkabung","district":"Gaung","regency":"Indragiri Hilir","areaHa":7.040162}],"unassignedAreaHa":0.0},"geometry":{"type":"MultiPolygon","coordinates":[[[[103.08316074917612,-0.13373855997761963],[103.08298147301034,-0.13373859005136174],[103.08298144315863,-0.13355810613238084],[103.08262289070872,-0.13355816619476485],[103.08262283113147,-0.133197198194372],[103.08369848798188,-0.13319701847853974],[103.08369851775814,-0.13337750223523454],[103.08333996563333,-0.13337756222691652],[103.0833399954473,-0.13355804606475796],[103.08316071932313,-0.13355807609922427],[103.08316074917612,-0.13373855997761963]]],[[[103.09445500644324,-0.1333757000520296],[103.09481355356179,-0.13337563989816653],[103.09481352370503,-0.13319515866155757],[103.09499279720237,-0.13319512862336652],[103.0949928868978,-0.13373657221098675],[103.09409651898737,-0.13373672299936226],[103.09409648905496,-0.13355624160002838],[103.09445503633782,-0.1335561813700046],[103.09445500644324,-0.1333757000520296]]],[[[103.09373788187209,-0.13319533886327567],[103.09391715561196,-0.13319530883292124],[103.09391718546223,-0.1333757902730151],[103.09409645916298,-0.13337576020066114],[103.09409648905496,-0.13355624160002838],[103.09355866782752,-0.13355633193524177],[103.09355869775602,-0.13373681345665062],[103.09337942393141,-0.13373684360645727],[103.09337945389902,-0.13391732516852098],[103.09320018003268,-0.13391735535770255],[103.09320015006638,-0.13373687375495247],[103.09302087616094,-0.1337369039021363],[103.09302072694209,-0.13283449568446357],[103.09320000084104,-0.13283446574070276],[103.0931999414338,-0.13247350253477064],[103.09337921528974,-0.13247347267108],[103.09337924497447,-0.13265395423337623],[103.09355851879128,-0.1326539243276984],[103.0935585485177,-0.1328344058492734],[103.09373782229541,-0.13283437590160488],[103.09373788187209,-0.13319533886327567]]],[[[103.0849533596897,-0.13283584180551838],[103.08477408393364,-0.13283587168935948],[103.08477411363702,-0.13301635520253868],[103.08459483783933,-0.13301638512567854],[103.08459480813724,-0.13283590157189795],[103.08405698050606,-0.13283599121169748],[103.08405695084818,-0.13265550753609012],[103.08423622676428,-0.1326554776980557],[103.08423619714542,-0.13247499406301136],[103.08441547301989,-0.13247496426427394],[103.0844154139006,-0.13211399707528212],[103.08477396552341,-0.1321139376363121],[103.08477393602166,-0.1319334541229678],[103.08495321177129,-0.13193342444214262],[103.08495315288626,-0.13157245749656182],[103.08531170425937,-0.13157239829345346],[103.08531173368429,-0.13175288168504853],[103.08513245801662,-0.13175291132785463],[103.0851326057398,-0.1326553284883705],[103.08495333002536,-0.13265535833290926],[103.0849533596897,-0.13283584180551838]]],[[[103.08298114685896,-0.13175326694074943],[103.08280187066707,-0.1317532965667592],[103.0828018412601,-0.13157281260683107],[103.08333966971098,-0.1315727238466822],[103.08333969912178,-0.13175320768485388],[103.08351897519272,-0.13175317805496808],[103.08351900464513,-0.13193366185251795],[103.08298117630751,-0.1319337508600611],[103.08298114685896,-0.13175326694074943]]],[[[103.08943494532907,-0.13103026971511192],[103.08961422002308,-0.1310302402038947],[103.08961427873258,-0.1313912050370644],[103.08943500403603,-0.13139123462957997],[103.08943503345006,-0.13157171708676488],[103.08925575871184,-0.13157174671863944],[103.08925572929908,-0.13139126422080707],[103.08889717970409,-0.131391323399396],[103.08889720911428,-0.1315718059785179],[103.08835938441517,-0.13157189485865897],[103.08835935500882,-0.13139141215761607],[103.08853862994762,-0.13139138257283114],[103.08853860058035,-0.13121089991239407],[103.08835932564283,-0.13121092945654036],[103.08835929631721,-0.13103044675543202],[103.0881800213406,-0.13103047625765482],[103.08817996281302,-0.13066951077406652],[103.08871778761407,-0.1306694225073747],[103.088717758407,-0.13048893988744736],[103.08907630806999,-0.1304888811178653],[103.0890763372796,-0.1306693636565067],[103.0892556120518,-0.13066933422915056],[103.08925564130305,-0.13084981672711365],[103.08943491603615,-0.13084978725782886],[103.08943494532907,-0.13103026971511192]]],[[[103.08316001494579,-0.12922646300785548],[103.08262218642354,-0.129226550181369],[103.08262212878114,-0.12886558217940694],[103.08315995729586,-0.1288654952493957],[103.08316001494579,-0.12922646300785548]]],[[[103.08495263018077,-0.12832375498047605],[103.0851319058647,-0.12832372611045598],[103.08513199207856,-0.12886517640871537],[103.08477344066283,-0.12886523439112146],[103.08477341188706,-0.1286847508771923],[103.08459413611993,-0.1286847798258984],[103.08459410738575,-0.12850429627133572],[103.08441483157956,-0.1285043251781803],[103.0844148603125,-0.12868480877334257],[103.08405630857665,-0.1286848666644451],[103.0840563373474,-0.1288653503407693],[103.08387706141774,-0.12886537932502198],[103.08387703264825,-0.1286848956081035],[103.08351848067043,-0.12868495349163442],[103.08351845194376,-0.12850446969350052],[103.08369772795156,-0.1285044407929568],[103.08369767061667,-0.12814347327777453],[103.08387694658165,-0.12814344445715573],[103.08387691797343,-0.12796296074010927],[103.08405619389686,-0.12796293195882816],[103.08405616532771,-0.1277824482823441],[103.08441471705106,-0.12778239079721126],[103.0844147456227,-0.12796287439250137],[103.08459402142515,-0.12796284560745574],[103.08459405003835,-0.12814332916211432],[103.08495260152473,-0.12814327150705387],[103.08495263018077,-0.12832375498047605]]],[[[103.08280129018698,-0.128143617362019],[103.0826220139801,-0.128143646175098],[103.08262192830257,-0.1276021941715309],[103.08280120450571,-0.12760216548019768],[103.08280117602591,-0.12742168151952696],[103.08315972830877,-0.1274216242142757],[103.08315981387658,-0.12796307585268502],[103.08298053775157,-0.12796310462769184],[103.08298059499585,-0.12832407246764302],[103.08280131882803,-0.1283241013225624],[103.08280129018698,-0.128143617362019]]],[[[103.08549034271448,-0.1276017349600413],[103.08513179147756,-0.12760179237899588],[103.08513173452602,-0.1272408255130748],[103.08531101016216,-0.1272407968854366],[103.08531098174564,-0.12706031349303523],[103.08549025734021,-0.1270602849047577],[103.08549028575796,-0.12724076825655062],[103.08566956131342,-0.12724073962641688],[103.08566958977276,-0.12742122293756783],[103.08549031421605,-0.12742125160831186],[103.08549034271448,-0.1276017349600413]]],[[[103.0919431002341,-0.12020094310293254],[103.09176382613857,-0.12020097019052214],[103.09176379925304,-0.12002048825993854],[103.09158452511826,-0.12002051530567907],[103.09158449827432,-0.11984003333439512],[103.09230159456631,-0.1198399253070636],[103.09230162141493,-0.12002040711565531],[103.09212234740137,-0.12002043416492664],[103.09212240121751,-0.12038139786337175],[103.0919431271612,-0.12038142499281397],[103.0919431002341,-0.12020094310293254]]],[[[103.0881778322681,-0.1167723395602633],[103.08799855734648,-0.11677236585103515],[103.08799853125241,-0.116591883066184],[103.08871563069216,-0.11659177805877668],[103.08871565679078,-0.11677226068107721],[103.08853638199027,-0.1167722869752843],[103.08853640812812,-0.11695276963819602],[103.08817785840368,-0.11695282230445031],[103.0881778322681,-0.1167723395602633]]],[[[103.091942466104,-0.11586937773688781],[103.09212174013155,-0.11586935162429392],[103.09212179208916,-0.11623031532409402],[103.09230106607856,-0.1162302891290125],[103.09230109211909,-0.11641077093819341],[103.09248036606922,-0.11641074470129462],[103.0924803921513,-0.11659122646976908],[103.09265966606216,-0.11659120019104954],[103.09265969218579,-0.11677168191881561],[103.09283896605739,-0.11677165559827178],[103.09283899222255,-0.11695213728532777],[103.09265971834984,-0.1169521636465526],[103.09265977079913,-0.11731312710193902],[103.09248049688371,-0.11731315354337547],[103.09248054949234,-0.11767411708000336],[103.09230127553424,-0.11767414360164441],[103.092301301898,-0.11785462541059186],[103.09212202789836,-0.1178546519717547],[103.09212200153571,-0.11767417012213156],[103.0919427274968,-0.11767419664146478],[103.09194275385829,-0.11785467853176182],[103.09158420565696,-0.11785473164830909],[103.09158423205656,-0.1180352136199193],[103.09140495789414,-0.11803524021712802],[103.09140485254275,-0.11731331216783651],[103.09122557834453,-0.1173133386012204],[103.09122555210882,-0.11713285654815743],[103.09140482630589,-0.11713283015544046],[103.09140480010943,-0.1169523481430151],[103.09122552591349,-0.11695237449506522],[103.09122547364404,-0.11659141038879346],[103.0914047478377,-0.11659138411807703],[103.09140472176243,-0.11641090210556432],[103.09122544756988,-0.11641092833561396],[103.09122542153615,-0.11623044628240539],[103.09104614730435,-0.11623047247064837],[103.09104612131213,-0.11604999037674575],[103.09086684704108,-0.11605001652318568],[103.09086687303217,-0.11623049865775163],[103.0906875987196,-0.11623052484371506],[103.09068762474995,-0.11641100701891356],[103.09050835039585,-0.11641103324439704],[103.09050837646545,-0.11659151546022628],[103.08997055315744,-0.11659159425179619],[103.08997050106544,-0.1162306295761713],[103.09014977553954,-0.11623060339476686],[103.09014974955299,-0.11605012109756542],[103.09050829837781,-0.11605006881265154],[103.09050827242936,-0.11586958659673538],[103.09068754678006,-0.11586956049323122],[103.09068752087089,-0.11568907831794589],[103.09050824652132,-0.11568910438079028],[103.09050819482637,-0.11532813994881363],[103.09086674348062,-0.11532808798463302],[103.09086676931015,-0.11550857011931441],[103.0912253178051,-0.11550851806928177],[103.09122534367728,-0.11568900012260595],[103.09194244018691,-0.11568889584627043],[103.091942466104,-0.11586937773688781]]],[[[103.09373525653905,-0.11623007952732917],[103.09355598287293,-0.11623010573152867],[103.09355600892141,-0.11641058725593015],[103.09319746146565,-0.1164106397422844],[103.09319740941365,-0.11604967653070362],[103.09301813562743,-0.11604970269079938],[103.09301808373934,-0.11568873939773373],[103.09337663126686,-0.11568868723914603],[103.09337665719295,-0.11586916880432248],[103.09355593089722,-0.1158691426826388],[103.09355590497,-0.1156886611581505],[103.09373517863274,-0.11568863507602051],[103.09373512689729,-0.11532767210833714],[103.09355585323681,-0.11532769810908734],[103.09355582743083,-0.11514721658451263],[103.09391437470912,-0.11514716466326269],[103.09391434894133,-0.11496668322004078],[103.09427289605568,-0.11496663137566289],[103.09427302531013,-0.11586903818454233],[103.09391447818452,-0.11586909043586298],[103.09391450415443,-0.1160495718789409],[103.09373523052986,-0.11604959804358853],[103.09373525653905,-0.11623007952732917]]],[[[103.09265953605015,-0.11568879155178376],[103.09283880991494,-0.11568876547532596],[103.09283886180079,-0.11604972884975719],[103.09265958793372,-0.11604975500757693],[103.09265956197174,-0.11586927327969485],[103.09248028806542,-0.11586929939569737],[103.09248026214495,-0.11568881762710712],[103.09230098819934,-0.11568884370129599],[103.09230096232042,-0.11550836189199941],[103.09212168833554,-0.11550838792437815],[103.09212166249814,-0.11532790607437705],[103.09230093648189,-0.115327880082674],[103.09230091068378,-0.11514739827331985],[103.09248018462601,-0.11514737232116334],[103.09248015886719,-0.11496689055245797],[103.09319725422756,-0.11496678689526821],[103.0931973057946,-0.11532775010719515],[103.09283875819075,-0.11532780210077939],[103.09283878403265,-0.11550828378806711],[103.09265951016897,-0.11550830982384389],[103.09265953605015,-0.11568879155178376]]],[[[103.0881776246366,-0.11532847760572291],[103.08799834972402,-0.11532850357141484],[103.08799840138747,-0.11568946914149332],[103.0874605764008,-0.1156895472755721],[103.08746060228968,-0.11587003018246246],[103.08728132721228,-0.1158700562655144],[103.08728137910886,-0.11623102216046421],[103.08692282882848,-0.11623107448566027],[103.08692275105093,-0.1156896253994406],[103.0867434758536,-0.11568965143846116],[103.08674345000958,-0.11550916836904096],[103.08692272520578,-0.11550914237064303],[103.08692264791246,-0.11496769328407763],[103.08710192306495,-0.11496766740642009],[103.08710187173557,-0.11460670142981524],[103.08728114684547,-0.11460667563228258],[103.0872811212402,-0.1144261926845634],[103.08746039630863,-0.11442616692653478],[103.08746034521693,-0.11406520111226671],[103.08763962024278,-0.11406517543437536],[103.08763964576956,-0.11424565830089398],[103.08835674547376,-0.11424555541560667],[103.08835682230963,-0.11478700352738215],[103.0881775474408,-0.11478702937229476],[103.0881776246366,-0.11532847760572291]]],[[[103.12959318651832,-0.1411301322890174],[103.12923465503685,-0.14113019647997088],[103.1292346231779,-0.14094972309212697],[103.12941388893763,-0.14094969103838412],[103.12941382533927,-0.1405887443446747],[103.12977235673097,-0.14058868039722236],[103.12977232499021,-0.14040820713240432],[103.12995159062353,-0.14040817519765797],[103.12995165414857,-0.1407691216451641],[103.12977238851252,-0.14076915366200524],[103.12977242033482,-0.1409496269267528],[103.12959315465662,-0.14094965898325942],[103.12959318651832,-0.1411301322890174]]],[[[103.13210280680107,-0.1405882646043931],[103.13192354165578,-0.14058829659672695],[103.13192357345376,-0.14076876936882438],[103.13174430826632,-0.14076880140084672],[103.13174427646972,-0.14058832858768244],[103.13156501124283,-0.14058836057725954],[103.13156494777473,-0.14022741486869536],[103.13174421299887,-0.14022738296124837],[103.13174418132463,-0.14004691014797868],[103.13210271164782,-0.1400468464110958],[103.13210268001166,-0.13986637367992652],[103.13246121016891,-0.13986631001969405],[103.1324612734875,-0.14022725531771246],[103.13228200842653,-0.14022728723065864],[103.13228204014565,-0.14040775992068738],[103.13210277504253,-0.1404077918733291],[103.13210280680107,-0.1405882646043931]]],[[[103.09893659583838,-0.13193110535173785],[103.09750241391815,-0.13193134356940403],[103.09750235485343,-0.13157038231706447],[103.09893653675314,-0.1315701447511588],[103.09893659583838,-0.13193110535173785]]],[[[103.09768142227148,-0.1303069885267236],[103.09786069510116,-0.13030695911932497],[103.09786066591015,-0.1301264785743368],[103.09839848415265,-0.13012639046667682],[103.09839860117474,-0.13084831215762435],[103.09732296429507,-0.1308484893390162],[103.09732290571839,-0.1304875280048297],[103.09768145150167,-0.13048746911240977],[103.09768142227148,-0.1303069885267236]]],[[[103.09660569701869,-0.12976572245398954],[103.09588860433982,-0.12976583955155355],[103.09588854626877,-0.1294048775654719],[103.09660563893756,-0.1294047607936324],[103.09660569701869,-0.12976572245398954]]],[[[103.1437516956865,-0.12073447558611908],[103.14357243333649,-0.12073450313784585],[103.14357240599018,-0.1205540330352542],[103.14339314360046,-0.12055406054461561],[103.14339311629622,-0.12037359040081193],[103.14303459139639,-0.12037364533363089],[103.14303456413542,-0.12019317510743881],[103.1435723514203,-0.12019309282998035],[103.14357232419671,-0.12001262272729817],[103.14411011110992,-0.1200125405627909],[103.14411016560501,-0.12037348052101311],[103.14428942782995,-0.1203734530481132],[103.14428945514003,-0.12055392298599017],[103.14375166833901,-0.12055400552471095],[103.1437516956865,-0.12073447558611908]]],[[[103.13962805968058,-0.11676474678945814],[103.13909026976303,-0.11676482664410484],[103.13909029622184,-0.11694529777633525],[103.13891103283311,-0.11694532443339893],[103.13891108587103,-0.11730626678004696],[103.13873182243917,-0.11730629351823567],[103.13873184901828,-0.11748676473265145],[103.1383733220297,-0.1174868182878451],[103.13837329545288,-0.11730634699116307],[103.13855255896645,-0.11730632025527442],[103.13855253242936,-0.11712584899969528],[103.13873179590092,-0.11712582230379057],[103.13873176940353,-0.11694535108931609],[103.13855250593309,-0.11694537774408677],[103.13855247947771,-0.116764906488449],[103.13837321596755,-0.11676493310094094],[103.13837318955416,-0.11658446180414166],[103.13819392600428,-0.11658448837435835],[103.13819387330231,-0.11622354569841128],[103.13873166382258,-0.11622346623112573],[103.13873169015653,-0.11640393744571706],[103.13944874361603,-0.11640383130883068],[103.13944876999538,-0.11658430235883917],[103.13962803325923,-0.11658427578062176],[103.13962805968058,-0.11676474678945814]]],[[[103.14231684573319,-0.11568152501236358],[103.14249610833727,-0.11568149862171491],[103.14249616084825,-0.11604243932259727],[103.14231689824192,-0.11604246579558823],[103.14231692455762,-0.11622293618715697],[103.14213766190926,-0.11622296270017976],[103.14213776757649,-0.11694484443084051],[103.1419585048827,-0.1169448711073944],[103.1419585579594,-0.11730581205488438],[103.1414207696258,-0.11730589232465172],[103.14142071655594,-0.11694495113017717],[103.14124145369858,-0.11694497780214513],[103.14124142722613,-0.11676450716370337],[103.14142069008236,-0.11676448053289594],[103.14142061090688,-0.11622306874087683],[103.14177913648984,-0.11622301572280708],[103.14177911017752,-0.11604254520773546],[103.14195837290656,-0.11604251873815735],[103.14195834663398,-0.11586204826422253],[103.142137609321,-0.11586202183467444],[103.1421375568963,-0.11550108096905294],[103.14195829421156,-0.1155011073162658],[103.14195826806169,-0.11532063684224401],[103.1421375307453,-0.11532061053619874],[103.14213750463519,-0.11514014010331572],[103.1423167672768,-0.11514011383730934],[103.14231679338803,-0.11532058422902301],[103.14249605598987,-0.11532055792071669],[103.14249608214313,-0.1155010282712303],[103.14231681954016,-0.1155010546207078],[103.14231684573319,-0.11568152501236358]]],[[[103.121342709327,-0.11478222890668918],[103.12116344191504,-0.11478225495869492],[103.12116333873217,-0.11406035400822413],[103.12170114083256,-0.11406027634040039],[103.12170116657057,-0.11424075145516857],[103.12152189924336,-0.1142407773865274],[103.12152192502097,-0.1144212525422329],[103.12134265765194,-0.11442127851343573],[103.121342709327,-0.11478222890668918]]],[[[103.1224182354725,-0.1142406477185326],[103.12331457068414,-0.11424051802253606],[103.12331459647288,-0.11442099276850275],[103.12313532951084,-0.11442101875092403],[103.12313535533917,-0.11460149353784399],[103.12241828707954,-0.11460159762022049],[103.1224182354725,-0.1142406477185326]]],[[[103.13353238774584,-0.11189289621446899],[103.13299459375321,-0.11189297262479662],[103.13299456847558,-0.11171250009408054],[103.13335309784264,-0.11171244923711915],[103.13335307260365,-0.11153197678853519],[103.13371160180532,-0.11153192600936007],[103.13371157660497,-0.1113514536429153],[103.1340701056412,-0.1113514029415406],[103.13407013084372,-0.11153187522581115],[103.13389086634493,-0.11153190061813231],[103.13389089158717,-0.11171237294346292],[103.13353236246496,-0.11171242380699566],[103.13353238774584,-0.11189289621446899]]],[[[103.12618193461594,-0.10774303554789183],[103.12636120084566,-0.10774301106384024],[103.12636122518674,-0.10792348511384553],[103.12654049137677,-0.10792346058772391],[103.12654051575964,-0.1081039345966885],[103.12671978191,-0.10810391002849334],[103.12671980633466,-0.10828438399641546],[103.12689907244531,-0.1082843593861432],[103.12689912141899,-0.10864530723987165],[103.12707838749101,-0.10864528254649977],[103.12707843662979,-0.10900623031808156],[103.12689917055565,-0.10900625509349138],[103.12689921985526,-0.10936720294700203],[103.12671995373825,-0.10936722780337757],[103.12671997844811,-0.10954770177110909],[103.12654071228928,-0.10954772666742779],[103.12654076182909,-0.1099086746848394],[103.12636149562739,-0.10990869966211145],[103.12636142138199,-0.10936727751291185],[103.12618215514277,-0.10936730236607059],[103.12618213047683,-0.10918682827527067],[103.12600286419793,-0.10918685308634701],[103.12600279044774,-0.10864543069075318],[103.12582352413129,-0.10864545537773392],[103.1258234751703,-0.10828450703185195],[103.12600274148464,-0.10828448242688797],[103.12600271706418,-0.10810400829491472],[103.12582345075089,-0.10810403285887034],[103.12582342637224,-0.10792355868586165],[103.12546489362553,-0.10792360772858181],[103.12546486928971,-0.10774313347353472],[103.12528560285632,-0.10774315795230456],[103.12528562719112,-0.10792363224835472],[103.12492709420006,-0.10792368128472617],[103.12492704557542,-0.10756273252859729],[103.1247477790209,-0.10756275696320032],[103.12474775477071,-0.10738228254409773],[103.12492702132418,-0.10738225815049243],[103.12492699711368,-0.10720178377236077],[103.12510626362537,-0.10720175941870218],[103.12510628783693,-0.10738223375583435],[103.12546482074023,-0.10738218496335969],[103.1254648449946,-0.10756265921846069],[103.12618191031665,-0.10756256145684773],[103.12618193461594,-0.10774303554789183]]],[[[103.12743674879589,-0.10738191652947326],[103.12725748281272,-0.10738194093781785],[103.12725750707757,-0.10756241478279092],[103.12707824105259,-0.10756243923110352],[103.12707826535713,-0.10774291311707045],[103.12671973318288,-0.10774296209256805],[103.12671968461875,-0.10738201415653488],[103.1265404184726,-0.10738203856066827],[103.12654039425269,-0.10720156455159592],[103.12671966039778,-0.10720154018847795],[103.12671961207809,-0.10684059225228375],[103.12689887818037,-0.1068405679701492],[103.1268988540806,-0.10666009404302915],[103.12707812014108,-0.10666006980086608],[103.1270781442419,-0.10684054368696712],[103.12725741026269,-0.10684051940273756],[103.12725738616084,-0.10666004555765726],[103.12743665213983,-0.10666002131340273],[103.12743674879589,-0.10738191652947326]]],[[[103.1333523824797,-0.10647874821701145],[103.13353164707121,-0.10647872397828571],[103.13353167116864,-0.10665919638655184],[103.13371093572039,-0.10665917210569774],[103.13371095985966,-0.1068396444728527],[103.13389022437161,-0.10683962014986671],[103.13389027277468,-0.10720056480192387],[103.13371100826065,-0.1072005892070823],[103.13371098403974,-0.1070201168399809],[103.13353171948592,-0.10702014120300388],[103.13353169530687,-0.10683966879479125],[103.13335243071329,-0.10683969311568234],[103.1333524548913,-0.10702016556497765],[103.13299392557961,-0.10702021428577752],[103.13299394979634,-0.10720068681720608],[103.13263542031937,-0.10720073561596204],[103.13263539610472,-0.10702026300238046],[103.13245613130609,-0.10702028735910812],[103.13245610713328,-0.10683981470442595],[103.13209757741569,-0.10683986333259121],[103.13209755328576,-0.10665939059573994],[103.1319182883668,-0.10665941486718285],[103.13191819225922,-0.1059375237552371],[103.13227672204805,-0.10593747553986081],[103.13227674601582,-0.10611794823574834],[103.13317306977909,-0.10611782747375396],[103.13317309379283,-0.10629829996423691],[103.13335235842412,-0.10629827576763598],[103.1333523824797,-0.10647874821701145]]],[[[103.12098274208904,-0.10431471480854368],[103.12044493967268,-0.1043147858279049],[103.12044486931626,-0.10377335961884454],[103.12098267172351,-0.10377328896809666],[103.120982695138,-0.10395376424827169],[103.12116196252671,-0.10395374065502691],[103.12116198598291,-0.10413421589421533],[103.12098271859318,-0.10413423952842069],[103.12098274208904,-0.10431471480854368]]],[[[103.12080326466858,-0.1026904605920171],[103.12098253209095,-0.1026904372865032],[103.1209825784724,-0.10305138784713755],[103.12080331104802,-0.10305141123456908],[103.12080333429877,-0.10323188655580642],[103.12026553177856,-0.10323195683490452],[103.12026550853082,-0.10305148139080136],[103.12044477607724,-0.10305145800640098],[103.1204447297018,-0.10269050720002439],[103.12026546215739,-0.10269053050251777],[103.1202654390317,-0.10251005505833746],[103.12008617144761,-0.10251007831887228],[103.1200861945723,-0.10269055380400433],[103.11990692694654,-0.10269057710448402],[103.11990697331596,-0.10305152815657098],[103.12008624094373,-0.10305150477419137],[103.12008626419045,-0.10323198025924626],[103.11990699656168,-0.10323200368257583],[103.11990704317515,-0.10359295473450804],[103.11936924003874,-0.10359302524410241],[103.11936914698656,-0.10287112264877767],[103.11918987919711,-0.10287114598617288],[103.11918985603674,-0.1026906702963344],[103.11936912382518,-0.10269064699988206],[103.11936907762446,-0.1023296957020139],[103.11954834537025,-0.10232967248644402],[103.1195482993302,-0.10196872127036277],[103.11936903158642,-0.10196874440404335],[103.1193690086284,-0.10178826875501983],[103.11972754407333,-0.10178822256854997],[103.119727521154,-0.10160774700139209],[103.11990678881448,-0.10160772394760835],[103.11990676593483,-0.10142724842137323],[103.12026530113177,-0.10142720239271877],[103.12026541594668,-0.1023295796141315],[103.12044468348908,-0.10232955639354509],[103.1204447065751,-0.10251003179679759],[103.12080324153989,-0.10250998527070257],[103.12080326466858,-0.1026904605920171]]]]}},{"type":"Feature","properties":{"eventId":"RIAU-20260914-010","firstDetection":"2026-09-14T13:55:00+00:00","lastDetection":"2026-09-16T13:33:00+00:00","estimatedAreaHa":1090.72,"confidence":"tinggi","hotspotCount":7,"detectionDays":3,"villages":["Semelinang Tebing/Anak Talang","Semelinang Tebing/Pauh Ranap","Semelinang Tebing/Pauh Ranap/Pesajian"],"districts":["Peranap","Peranap/Batang Cenaku","Peranap/Batang Peranap"],"regencies":["Indragiri Hulu"],"method":"Sentinel-2 dNBR/NBR indication","resolutionM":20,"clearCoveragePct":88.3,"preSceneDates":["2026-08-14","2026-08-22","2026-08-27","2026-09-03"],"postSceneDates":["2026-09-23"],"status":"estimate","disclaimer":"Estimasi berbasis citra satelit; bukan hasil verifikasi lapangan.","province":"Riau","villageAreas":[{"village":"Semelinang Tebing/Anak Talang","district":"Peranap/Batang Cenaku","regency":"Indragiri Hulu","areaHa":295.282911},{"village":"Semelinang Tebing/Pauh Ranap","district":"Peranap","regency":"Indragiri Hulu","areaHa":64.957023},{"village":"Semelinang Tebing/Pauh Ranap/Pesajian","district":"Peranap/Batang Peranap","regency":"Indragiri Hulu","areaHa":727.79702}],"unassignedAreaHa":2.683778},"geometry":{"type":"MultiPolygon","coordinates":[[[[101.99139050280937,-0.8814445879659819],[101.99121099330401,-0.8814447332266606],[101.99121084901756,-0.8812640355739322],[101.99103133949124,-0.8812641807961438],[101.99103090683535,-0.8807220877474164],[101.99156943524792,-0.8807216523227789],[101.99156957946283,-0.880902349916538],[101.99174908888313,-0.8809022047278486],[101.99174923313625,-0.8810829022916215],[101.99192874253556,-0.8810827570644636],[101.99192931429607,-0.8817984849350108],[101.99189014520009,-0.8818062797799815],[101.99139072361467,-0.8817210126800324],[101.99139050280937,-0.8814445879659819]]],[[[101.98995442593798,-0.8814457498082169],[101.99013393565046,-0.8814456046083368],[101.99013398422572,-0.8815064474185035],[101.98923631247371,-0.8813531863876717],[101.9892360984388,-0.8810849345602302],[101.98941560825233,-0.8810847894546194],[101.9894154641113,-0.8809040915037579],[101.98959497388665,-0.8809039464192303],[101.98959482976657,-0.8807232484979347],[101.98977433950371,-0.8807231034344942],[101.98977405133509,-0.8803617076508388],[101.9899535610254,-0.8803615626382576],[101.98995327295786,-0.8800001669133425],[101.99013278260136,-0.8800000219516281],[101.99013263860336,-0.879819324118642],[101.99031214820866,-0.8798191791780289],[101.99031200423161,-0.8796384813746162],[101.99049151379873,-0.8796383364551077],[101.99049237815646,-0.8807225230939487],[101.99031286853764,-0.8807226681921025],[101.99031301269218,-0.8809033659943191],[101.99013350303518,-0.8809035111135671],[101.99013364721068,-0.8810842089453566],[101.98995413751547,-0.8810843540856951],[101.98995442593798,-0.8814457498082169]]],[[[101.9958737647692,-0.8758393503221966],[101.99641229008633,-0.8758389166109503],[101.99641243373361,-0.8760196134052163],[101.99659194212194,-0.8760194687877059],[101.99659208580745,-0.8762001655519387],[101.99695110251231,-0.8761998762313475],[101.99695153379821,-0.87674196634383],[101.9971310421319,-0.8767418215810635],[101.99713118596175,-0.8769225182549869],[101.99731069427438,-0.8769223734537397],[101.99731083814245,-0.8771030700976226],[101.99713132982126,-0.8771032149287116],[101.99713147371041,-0.8772839116022374],[101.99695196535095,-0.8772840564545241],[101.99695254116972,-0.8780068432659996],[101.99659352429313,-0.8780071331833398],[101.99659323635883,-0.8776457396586499],[101.99641372789326,-0.8776458845446733],[101.99641358397916,-0.8774651877521952],[101.99443898899618,-0.8774667805996257],[101.99443913281578,-0.8776474777201685],[101.9942596239946,-0.8776476225024169],[101.99425976783523,-0.8778283196525748],[101.99443927666502,-0.8778281748405129],[101.99443956445235,-0.8781895690806044],[101.99372152888672,-0.878190148515439],[101.99372138501262,-0.8780094512762497],[101.99336236706928,-0.8780097408821363],[101.99336222324199,-0.8778290435831372],[101.99318271423449,-0.8778291883433007],[101.99318257044541,-0.8776484910143],[101.99336207944432,-0.8776483462839393],[101.99336193567625,-0.8774676489845425],[101.99354144463695,-0.8774675042753387],[101.99354130088993,-0.8772868070055474],[101.99336179193782,-0.8772869516849471],[101.99336164822897,-0.8771062543851527],[101.99300263025307,-0.8771065436584147],[101.99300248659102,-0.876925846298818],[101.99282297756726,-0.8769259908926857],[101.99282312122071,-0.8771066882820817],[101.99264361215873,-0.8771068328971061],[101.99264404327101,-0.8776489251534936],[101.99246453415367,-0.8776490698492618],[101.9924648216927,-0.8780104647454505],[101.99228531252857,-0.8780106094921586],[101.99228545633389,-0.8781913069697486],[101.99192643789962,-0.8781915964967922],[101.99192629411148,-0.87801089895962],[101.99102874755076,-0.8780116224768703],[101.99102846014921,-0.87765022710408],[101.99084895076548,-0.8776503717220162],[101.99084851991086,-0.877108278572001],[101.9906690105233,-0.8771084230919558],[101.99066886697284,-0.8769277253451089],[101.99138690431121,-0.8769271473325562],[101.99138676075603,-0.8767464497046328],[101.99210479758653,-0.8767458716729754],[101.9921046540266,-0.8765651741640033],[101.99300219935576,-0.8765644515790288],[101.99300234295859,-0.8767451489390228],[101.99318185194417,-0.876745004366315],[101.9931819955852,-0.8769257016963091],[101.99372052239002,-0.8769252678369376],[101.99372066608642,-0.87710596507732],[101.99425919265043,-0.8771055310507513],[101.99425904892828,-0.8769248338997984],[101.99443855771513,-0.8769246892368036],[101.99443841401403,-0.8767439921154656],[101.99425890523577,-0.8767441367486469],[101.9942586179396,-0.8763827424457483],[101.99461763543218,-0.8763824532900037],[101.99461749181137,-0.876201756197885],[101.99479700050463,-0.8762016116368763],[101.99479685690488,-0.876020914574376],[101.99497636555995,-0.8760207700345527],[101.99497622198125,-0.8758400730016724],[101.99515573059811,-0.8758399284830376],[101.99515601780229,-0.8762013224889581],[101.99533552640666,-0.8762011779020485],[101.99533567006178,-0.8763818748748886],[101.99569468719879,-0.8763815856155186],[101.99569454352651,-0.8762008887023283],[101.99587405204198,-0.8762007440895176],[101.9958737647692,-0.8758393503221966]]],[[[101.98905242101277,-0.8758448372750848],[101.98941144017066,-0.8758445487987804],[101.98941172682602,-0.8762059447114466],[101.9892322172447,-0.8762060890134414],[101.98923236060817,-0.8763867869992407],[101.98887334133967,-0.8763870756368497],[101.98887319799337,-0.8762063775915288],[101.98905270763382,-0.8762062333068019],[101.98905242101277,-0.8758448372750848]]],[[[101.9938985958451,-0.8751181510832028],[101.99425761333615,-0.8751178623793501],[101.99425790021759,-0.8754792566850274],[101.99353986504846,-0.8754798342967123],[101.99354000849934,-0.8756605315684889],[101.99318099071994,-0.8756608203821786],[101.99318113418326,-0.875841517713364],[101.99282211626826,-0.8758418065521403],[101.99282197282206,-0.8756611091613546],[101.99264246382872,-0.8756612535380003],[101.99264203369349,-0.8751191612750613],[101.99246252469624,-0.8751193055536917],[101.99246238138561,-0.8749386081025198],[101.99264189037429,-0.8749384638536849],[101.9926417470847,-0.8747577664321106],[101.99300076495611,-0.8747574779681735],[101.99300090826283,-0.8749381753301515],[101.99318041716268,-0.874938031055453],[101.99318056050757,-0.8751187283874319],[101.99353957823557,-0.8751184397525635],[101.99353943487354,-0.8749377424801918],[101.99389845246594,-0.8749374538704454],[101.9938985958451,-0.8751181510832028]]],[[[101.98923150087099,-0.87530259908147],[101.9886929720782,-0.8753030314892508],[101.9886931152681,-0.8754837295653215],[101.98833409590793,-0.8754840178535613],[101.98833395273519,-0.8753033197179796],[101.98815444301931,-0.8753034638194063],[101.9881542998847,-0.8751227656538735],[101.98797479014785,-0.8751229097169243],[101.98797450398442,-0.8747615133257618],[101.98815401370415,-0.8747613693222133],[101.98815415677964,-0.8749420674881425],[101.98887219539716,-0.8749414912687287],[101.98887233853648,-0.8751221893154377],[101.98905184812551,-0.875122045209271],[101.98905170497763,-0.8749413471923216],[101.9892312145285,-0.8749412031072932],[101.98923150087099,-0.87530259908147]]],[[[101.98869154180558,-0.8734960507176466],[101.98887105134713,-0.8734959068879261],[101.9888711942499,-0.8736766049362195],[101.98851217512009,-0.8736768926465673],[101.98851231803532,-0.8738575907541772],[101.9883328084175,-0.8738577346261922],[101.98833266551084,-0.8736770364888279],[101.98815315587201,-0.8736771803224794],[101.98815301300347,-0.8734964821551642],[101.98797350334364,-0.873496625950456],[101.9879733605132,-0.8733159277531919],[101.98815287016448,-0.8733157839876515],[101.98815272735506,-0.8731350858199408],[101.98833223696822,-0.8731349420755479],[101.98833166599199,-0.8724121495217396],[101.9885111755414,-0.8724120058877611],[101.98851131824966,-0.8725927039967551],[101.98869082777807,-0.8725925603244236],[101.98869111330038,-0.8729539564823058],[101.98851160375489,-0.87295410021415],[101.98851188937834,-0.8733154964307542],[101.98869139894094,-0.8733153526393974],[101.98869154180558,-0.8734960507176466]]],[[[101.99335820810137,-0.8727695191305694],[101.99317869933377,-0.8727696630562575],[101.99317898534245,-0.8731310577247691],[101.99264045881075,-0.8731314896290279],[101.99264017285333,-0.8727700947817217],[101.9924606639673,-0.87277023867301],[101.99246052104154,-0.8725895412192648],[101.99228101213444,-0.8725896850721591],[101.99228058356043,-0.8720475926203562],[101.99263960129376,-0.8720473050847367],[101.99263974413924,-0.8722280025092793],[101.99281925297005,-0.8722278586987832],[101.99281939585367,-0.872408556093331],[101.99299890466341,-0.8724084122444411],[101.99299904758517,-0.8725891096089922],[101.99335806513288,-0.8725888218258195],[101.99335820810137,-0.8727695191305694]]],[[[101.9953318017752,-0.8715030565386368],[101.99515229339323,-0.8715032003501676],[101.99515215054676,-0.8713225033421591],[101.99551116726401,-0.8713222157701559],[101.99551145302071,-0.871683609666683],[101.99569096135194,-0.8716834658081517],[101.99569110428328,-0.8718641627262931],[101.9955115959435,-0.8718643066146504],[101.99551173889593,-0.8720450035624202],[101.995332230518,-0.8720451474720106],[101.9953318017752,-0.8715030565386368]]],[[[101.98904713985934,-0.8691590105455472],[101.98814959302719,-0.8691597260803535],[101.9881493087978,-0.8687983297356604],[101.98868783693476,-0.8687979006189972],[101.9886876948389,-0.8686172025356192],[101.98904671343203,-0.8686169164745571],[101.98904713985934,-0.8691590105455472]]],[[[101.99425104776715,-0.8668057931305416],[101.99407153942862,-0.8668059361154494],[101.99407125540799,-0.8664445417312053],[101.9938917470568,-0.8664446846479524],[101.9938914631716,-0.8660832902033038],[101.99425047981045,-0.8660830044805142],[101.99425104776715,-0.8668057931305416]]],[[[101.99568725553999,-0.866985345867262],[101.99478971469372,-0.8669860611971433],[101.99478900454652,-0.8660825758323251],[101.9951480208891,-0.8660822900241958],[101.9951478789316,-0.8659015930102822],[101.99568640319781,-0.8659011643235555],[101.99568654518075,-0.8660818612479974],[101.99586605321869,-0.8660817183055298],[101.99586633729044,-0.8664431120941697],[101.9960458453157,-0.8664429690835099],[101.99604612952297,-0.8668043628117059],[101.99568711340888,-0.8668046489438017],[101.99568725553999,-0.866985345867262]]],[[[101.98814407188387,-0.8621124972172286],[101.98832358097894,-0.8621123552877509],[101.98832343999399,-0.8619316571376111],[101.9886824580786,-0.8619313733126812],[101.98868302226334,-0.8626541656740271],[101.98850351320206,-0.8626543077097634],[101.98850337211996,-0.8624736095899637],[101.98832386303756,-0.8624737515874452],[101.98832372199347,-0.8622930534376959],[101.98814421288994,-0.8622931953969263],[101.98814407188387,-0.8621124972172286]]],[[[101.9859893971136,-0.8613914055600327],[101.98616890652957,-0.8613912638514211],[101.98616904732465,-0.8615719623590608],[101.98652806608484,-0.8615716788569056],[101.98652820692634,-0.861752377304882],[101.98670771627054,-0.8617522355113333],[101.98670785715002,-0.8619329339293781],[101.98652834779736,-0.8619330757526634],[101.98652848869794,-0.8621137742002495],[101.98598996043738,-0.8621141997083448],[101.9859901013422,-0.8622948982449349],[101.98581059185449,-0.862295040093706],[101.98581073278038,-0.8624757386598301],[101.98545171369946,-0.8624760223913348],[101.98545157279045,-0.8622953237657569],[101.98527206321414,-0.8622954655890372],[101.98527149990716,-0.8615726709658768],[101.98509199033505,-0.8615728126617705],[101.98509170887564,-0.8612114152895753],[101.9852712184309,-0.8612112736531261],[101.98527065583276,-0.8604884790252849],[101.98580918422014,-0.8604880544217308],[101.98580932485065,-0.8606687529898057],[101.9856298154093,-0.8606688945625305],[101.98563009674209,-0.8610302917575512],[101.98580960620029,-0.861030150125371],[101.98580974691941,-0.8612108486928612],[101.98598925635649,-0.861210707022467],[101.9859893971136,-0.8613914055600327]]],[[[101.97647437428331,-0.8601340031904283],[101.97665388520358,-0.8601338621391488],[101.97665402534554,-0.860314562221454],[101.97737206876575,-0.8603139978130118],[101.97737234920541,-0.8606753977399075],[101.97719283837769,-0.8606755389140226],[101.97719297863328,-0.8608562389068225],[101.97701346776768,-0.8608563801020985],[101.9770136080443,-0.8610370801243455],[101.97719311891834,-0.8610369388994276],[101.97719339957679,-0.8613983388840529],[101.9770138886859,-0.8613984801682556],[101.97701402905088,-0.8615791801899182],[101.97683451812209,-0.8615793214952728],[101.97683437776556,-0.8613986214439697],[101.97665486681576,-0.8613987627111955],[101.97665458620789,-0.8610373625487276],[101.9764750752455,-0.8610375037481914],[101.97647493499417,-0.8608568036370282],[101.97611591299793,-0.8608570859512331],[101.9761157727929,-0.8606763857806068],[101.97539772848079,-0.8606769501887043],[101.9753975883389,-0.8604962498993677],[101.97521807719569,-0.8604963909505645],[101.97521793709166,-0.8603156906314093],[101.97503842592744,-0.8603158316445039],[101.97503800581723,-0.859773730597002],[101.97521751695618,-0.8597735896727753],[101.97521723701304,-0.8594121890327134],[101.97593528120717,-0.8594116254880982],[101.97593542119768,-0.8595923256897184],[101.97611493218102,-0.859592184752761],[101.97611507220938,-0.8597728849245553],[101.97629458317171,-0.8597727439494939],[101.97629472323793,-0.8599534440914604],[101.97647423417922,-0.8599533030782917],[101.97647437428331,-0.8601340031904283]]],[[[101.9933488357051,-0.8608434965949112],[101.99316932749753,-0.8608436385536302],[101.99316848190868,-0.8597594544656344],[101.99334799006574,-0.8597593126857304],[101.9933478492295,-0.8595786153668519],[101.99352735734853,-0.8595784736082802],[101.99352792090485,-0.8603012627634096],[101.99370742902794,-0.8603011208771438],[101.99370756999949,-0.860481818135633],[101.99352806186798,-0.8604819600517047],[101.99352820286073,-0.8606626573398047],[101.99334869469118,-0.860662799277202],[101.9933488357051,-0.8608434965949112]]],[[[101.99101297577783,-0.857954178093213],[101.99083346732003,-0.8579543194651915],[101.99083332689749,-0.8577736217272953],[101.9906538184185,-0.857773763061042],[101.99065367803394,-0.8575930652931739],[101.99029466100397,-0.8575933478757614],[101.9902945206658,-0.8574126500481495],[101.99047402918717,-0.8574125087908548],[101.99047346809671,-0.8566897175975607],[101.99065297655495,-0.8566895764509204],[101.99065283634792,-0.8565088786818875],[101.9908323447682,-0.8565087375565829],[101.99083262522862,-0.8568701330348999],[101.99101213363606,-0.8568699918415973],[101.99101227391905,-0.8570506895506855],[101.99083276550321,-0.8570508307737674],[101.99083304614118,-0.8574122262509195],[101.99101255457379,-0.857412084968279],[101.99101297577783,-0.857954178093213]]],[[[101.97341696985754,-0.8527276743629744],[101.97359648093442,-0.8527275346696532],[101.97359689740053,-0.8532696364505739],[101.97377640847306,-0.8532694966600253],[101.97377654736228,-0.8534501972236714],[101.9735970362814,-0.8534503370438283],[101.9735971751917,-0.8536310376368895],[101.97341766407305,-0.8536311774782429],[101.97341696985754,-0.8527276743629744]]],[[[101.97718489249748,-0.8503756390037787],[101.97700538211767,-0.8503757784798116],[101.97700552068603,-0.8505564785132886],[101.97682601026845,-0.8505566180105822],[101.97682587170841,-0.8503759179474648],[101.97664636126972,-0.8503760574067383],[101.97664622274746,-0.8501953573137899],[101.97682573317785,-0.850195217884155],[101.97682545620503,-0.8498338177569581],[101.97700496658932,-0.8498336783782257],[101.97700455132605,-0.8492915782749093],[101.97682504096672,-0.849291717564721],[101.97682476428841,-0.8489303174356021],[101.97700427463111,-0.8489301782050707],[101.97700441296386,-0.8491108782400859],[101.9775429438402,-0.8491104604093682],[101.97754335908996,-0.8496525602464671],[101.97736384880236,-0.849652699620677],[101.97736426429228,-0.8501947995449821],[101.97718475395025,-0.850194938999751],[101.97718489249748,-0.8503756390037787]]],[[[101.98597933811031,-0.8483811103593211],[101.9852613025611,-0.8483816685475972],[101.98526116396418,-0.8482009698771896],[101.98508165501134,-0.8482011093736371],[101.98508151645227,-0.8480204106733152],[101.9849020074782,-0.848020550131684],[101.98490173046524,-0.8476591526710241],[101.98526074835065,-0.8476588738648149],[101.98526088685897,-0.8478395725357986],[101.98561990464282,-0.8478392936367289],[101.98562004319727,-0.8480199922480707],[101.9857995520532,-0.848019852756277],[101.98579969064549,-0.8482005513376993],[101.98597919948017,-0.8482004118078199],[101.98597933811031,-0.8483811103593211]]],[[[101.98310580943408,-0.8465763520316871],[101.98274679093966,-0.8465766302810318],[101.98274665275409,-0.846395931192758],[101.98292616200777,-0.8463957921019557],[101.98292602384343,-0.8462150930431891],[101.9831055330593,-0.8462149539737474],[101.98310567123194,-0.8463956530028129],[101.98328518042659,-0.8463955138953299],[101.983285318637,-0.8465762128945015],[101.98346482781044,-0.8465760737489739],[101.98346496605866,-0.8467567727182496],[101.98310594766572,-0.8467570510603695],[101.98310580943408,-0.8465763520316871]]],[[[101.98400197404636,-0.844768667450284],[101.98418148301894,-0.8447685285685026],[101.98418162100509,-0.8449492274208577],[101.98364309397401,-0.8449496441303588],[101.98364323196488,-0.8451303430716517],[101.98346372288721,-0.8451304819878727],[101.98346358490463,-0.8449497830168736],[101.98310456667728,-0.8449500607649252],[101.98310470464331,-0.8451307597953311],[101.98256617705616,-0.8451311764440601],[101.98256631502687,-0.8453118755633714],[101.98238680576387,-0.8453120144593205],[101.98238652986846,-0.8449506161611157],[101.9822070205925,-0.8449507549893481],[101.98220674483166,-0.844589356630991],[101.98274527252143,-0.8445889402994877],[101.98274513466046,-0.8444082412091086],[101.98292464382311,-0.8444081024449948],[101.98292436817317,-0.8440467043230607],[101.98310387728979,-0.8440465656100279],[101.98310401510825,-0.8442272646413894],[101.98346303326944,-0.8442269871309651],[101.98346317113398,-0.8444076861027291],[101.98364268017856,-0.8444075473053323],[101.98364281808087,-0.844588246247199],[101.98400183609802,-0.844587968568026],[101.98400197404636,-0.844768667450284]]],[[[101.98651220383334,-0.8409720545188726],[101.98669171221916,-0.8409719161450149],[101.98669184970058,-0.8411526145852318],[101.98687135806507,-0.8411524761733493],[101.98687177071136,-0.841694571403643],[101.98669226232214,-0.8416947099047397],[101.98669267520964,-0.8422368052225323],[101.98651316676616,-0.8422369438045441],[101.98651344215573,-0.8425983407415913],[101.9866929506157,-0.842598202100107],[101.98669308836305,-0.8427789005386082],[101.98705210521086,-0.8427786231712532],[101.98705238082722,-0.8431400199287272],[101.98687287240159,-0.8431401586760369],[101.98687314811966,-0.8435015554922267],[101.98669363964797,-0.8435016942907044],[101.98669377754307,-0.8436823927282511],[101.98651426903356,-0.8436825315481533],[101.98651440694995,-0.8438632300152454],[101.98633489840265,-0.8438633688565688],[101.98633517430753,-0.8442247658496483],[101.98651468287134,-0.8442246269488559],[101.98651509697505,-0.844766722347838],[101.98669460553414,-0.8447665833495176],[101.98669474363606,-0.8449472817857261],[101.98651523506872,-0.8449474208137828],[101.98651551134468,-0.8453088177450983],[101.98633600273122,-0.8453089568242983],[101.98633641734193,-0.84585105230904],[101.98615690867412,-0.8458511914691089],[101.98615732352587,-0.8463932870413251],[101.98597781480366,-0.8463934262822522],[101.98597795313837,-0.846574124835672],[101.98579844437833,-0.8465742640979881],[101.98579858273432,-0.8467549626809455],[101.98543956510905,-0.846755241240005],[101.98543942676964,-0.8465745425975945],[101.985259917921,-0.8465746818348844],[101.9852600562521,-0.8467553805070189],[101.98508054736564,-0.8467555197656891],[101.98508068571799,-0.846936218467354],[101.9849011767937,-0.8469363577474008],[101.98490131516729,-0.8471170564785944],[101.98418327914166,-0.8471176136341891],[101.98418341751162,-0.8472983124840546],[101.9840039084231,-0.8472984517817962],[101.98400377006143,-0.8471177529022195],[101.98382426095169,-0.8471178921619024],[101.98382412262787,-0.8469371932524239],[101.98400363172931,-0.8469370540224508],[101.9840034934267,-0.8467563551424906],[101.9847215295041,-0.8467557982579981],[101.98472139119785,-0.8465750994967027],[101.9849009001351,-0.8465749602844388],[101.9849002090054,-0.8456714666236793],[101.98472070010956,-0.8456716056873506],[101.9847205619805,-0.8454909069249058],[101.98454105306341,-0.845491045950527],[101.98454091497214,-0.845310347158174],[101.98489993276023,-0.8453100691580351],[101.98489979468194,-0.845129370424926],[101.98507930352342,-0.8451292314420827],[101.98507902743889,-0.8447678340347309],[101.98489951861396,-0.8447679729581337],[101.98489938062426,-0.8445872742244506],[101.98471987177807,-0.8445874131098104],[101.98471973382617,-0.8444067143462177],[101.9848992426641,-0.8444065754905763],[101.98489910473346,-0.8442258767565107],[101.98507861353359,-0.8442257379222687],[101.9850780620733,-0.8435029431029771],[101.98525757081086,-0.8435028043793048],[101.98525743301136,-0.8433221057037263],[101.98543694171113,-0.8433219670014663],[101.98543666618423,-0.8429605697091843],[101.98525715750095,-0.8429607083519968],[101.98525701979007,-0.8427800096758457],[101.98507751108552,-0.8427801482806295],[101.98507737341241,-0.8425994495745656],[101.98489786468657,-0.8425995881413246],[101.98489772705125,-0.8424188894053497],[101.98471821830414,-0.8424190279340873],[101.98471794313853,-0.8420576304021282],[101.9845384343784,-0.8420577688631314],[101.98453829684813,-0.841877070067149],[101.98435878806669,-0.8418772084901397],[101.98435865057421,-0.8416965096642518],[101.98417914177149,-0.8416966480492337],[101.98417900431676,-0.841515949193442],[101.98399949549274,-0.8415160875404186],[101.98399935807576,-0.8413353886547252],[101.98364034035568,-0.8413356652643842],[101.9836402029847,-0.8411549663190829],[101.9834606940886,-0.8411551045817707],[101.98346028217748,-0.8406130076556062],[101.98381929989074,-0.8406127313001834],[101.9838194371814,-0.840793430216348],[101.98417845479305,-0.8407931537683712],[101.98417831748594,-0.8406124549116273],[101.98435782623925,-0.8406123167049242],[101.98435755169714,-0.840250919050292],[101.98507558634931,-0.8402503663783881],[101.98507572363852,-0.840431065086929],[101.98543474080387,-0.8404307886418528],[101.98543487813906,-0.8406114872907577],[101.9863324205767,-0.8406107958844966],[101.98633255798256,-0.8407914943845651],[101.9865120663897,-0.8407913560487288],[101.98651220383334,-0.8409720545188726]]],[[[101.97287153598927,-0.8436930575350231],[101.97251251440112,-0.8436933338861997],[101.97251265167324,-0.8438740346672389],[101.97233314082679,-0.8438741728599518],[101.97233231768476,-0.8427899679932812],[101.97287084998727,-0.8427895539229484],[101.97287098712886,-0.8429702546457449],[101.97305049784579,-0.8429701165760896],[101.97305063502503,-0.843150817269094],[101.9732301457208,-0.843150679161529],[101.97323042018404,-0.8435120804877607],[101.97287139873005,-0.8435123568129895],[101.97287153598927,-0.8436930575350231]]],[[[101.97646133321307,-0.8431481918045901],[101.97628182304705,-0.8431483300617093],[101.97628196040426,-0.8433290302214014],[101.97610245020054,-0.8433291684998451],[101.97610231285155,-0.84314846831052],[101.97592280262664,-0.8431486065510224],[101.9759225280335,-0.8427872061125379],[101.97610203824192,-0.8427870679312982],[101.97610190098126,-0.8426063677414014],[101.97628141115199,-0.8426062295814895],[101.97628154842089,-0.8427869297417534],[101.97682007878113,-0.8427865151232896],[101.97681994148748,-0.8426058150519357],[101.97699945154042,-0.8426056768588113],[101.97699972617367,-0.8429670769420486],[101.97646119587702,-0.8429674916743423],[101.97646133321307,-0.8431481918045901]]],[[[101.97520448690543,-0.8427877587544471],[101.97448644530641,-0.8427883112634768],[101.97448630811999,-0.8426076108069623],[101.97430679765492,-0.8426077488838422],[101.9743066605062,-0.8424270483975221],[101.97412715001994,-0.8424271864364851],[101.97412701290887,-0.842246485920361],[101.97448603383546,-0.8422462098933625],[101.97448589673733,-0.8420655094362767],[101.97466540714825,-0.8420653714399445],[101.97466527007131,-0.8418846710122854],[101.97484478044456,-0.8418845330372745],[101.97484464338879,-0.8417038326390434],[101.9752036640305,-0.841703556723376],[101.97520393820442,-0.8420649574011619],[101.9753834484976,-0.8420648193716385],[101.97538372280573,-0.8424262199894142],[101.97556323308596,-0.8424260818923411],[101.97556337029243,-0.8426067821713171],[101.97520434968602,-0.8426070584164118],[101.97520448690543,-0.8427877587544471]]],[[[101.98901698156764,-0.8299475349096892],[101.98829895137946,-0.8299480815256753],[101.98829881565688,-0.8297673833414344],[101.98793980040166,-0.8297676565408567],[101.98793966472488,-0.8295869582969254],[101.98776015706105,-0.8295870948546236],[101.98775975023241,-0.8290450000324566],[101.9879392578719,-0.8290448635640044],[101.98793885128495,-0.8285027688293937],[101.98775934366982,-0.8285029052086003],[101.98775920820806,-0.8283222069336063],[101.98829773094047,-0.8283217978607462],[101.98829786642655,-0.8285024960464891],[101.988477373953,-0.8285023596427912],[101.98847750947675,-0.8286830577985926],[101.98865701698176,-0.8286829213569751],[101.9886571525432,-0.8288636194828332],[101.98901616748071,-0.8288633465155846],[101.98901698156764,-0.8299475349096892]]],[[[101.98739829977107,-0.8257927029055564],[101.98775731484712,-0.8257924310640113],[101.98775772007961,-0.8263345258962999],[101.98739870495505,-0.82633479791632],[101.98739856986418,-0.8261540995795857],[101.98721906226564,-0.8261542355476392],[101.98721892721241,-0.8259735371809747],[101.98739843480284,-0.8259734012426647],[101.98739829977107,-0.8257927029055564]]],[[[101.98757686287244,-0.8245276788320757],[101.98739735537617,-0.8245278145405649],[101.98739722058085,-0.8243471162019617],[101.9872177130631,-0.8243472518725828],[101.98721784785036,-0.8245279502409293],[101.987038340295,-0.8245280859331691],[101.98703847510374,-0.82470878433107],[101.98685896751077,-0.8247089200449248],[101.98685856319737,-0.8241668247614429],[101.98703807076616,-0.824166689136807],[101.98703780135551,-0.8238052923396985],[101.98739681637215,-0.8238050211850327],[101.98739668169503,-0.8236243228456829],[101.98775569657734,-0.8236240517180384],[101.98775583127058,-0.8238047499978965],[101.98757632383614,-0.8238048855955233],[101.98757645855089,-0.8239855839049415],[101.98775596599339,-0.8239854482775676],[101.98775610074574,-0.8241661465570527],[101.98757659329519,-0.8241662822141728],[101.98757686287244,-0.8245276788320757]]],[[[101.98524245536835,-0.8234452502334866],[101.9852421863553,-0.8230838528402542],[101.98506267853948,-0.8230839882053473],[101.98506240966066,-0.8227225907519262],[101.98595994836383,-0.8227219141426074],[101.98596008282875,-0.8229026127207845],[101.98578057513913,-0.822902748088591],[101.98578070962553,-0.8230834466963107],[101.98560120189832,-0.8230835820857357],[101.9856013364062,-0.8232642807229963],[101.9854218286414,-0.823264416134036],[101.98542196317075,-0.8234451148008355],[101.98524245536835,-0.8234452502334866]]],[[[101.9873938603025,-0.8198296576763204],[101.98739372627557,-0.8196489593328768],[101.98721421896703,-0.8196490942301765],[101.98721408497767,-0.8194683958568044],[101.98739359227818,-0.819468260989248],[101.98739278891458,-0.8183840709235785],[101.98721328166215,-0.8183842056126762],[101.98721314787966,-0.818203507238006],[101.98757216233894,-0.8182032379112344],[101.98757202856997,-0.8180225395958666],[101.98775153574726,-0.818022404950134],[101.9877524728067,-0.819287292945588],[101.9875729655733,-0.8192874277995471],[101.98757309954917,-0.8194681261136169],[101.98775260679055,-0.8194679912299109],[101.98775274080398,-0.8196486895140482],[101.98757323355456,-0.819648824427501],[101.9875733675895,-0.8198295227411994],[101.9873938603025,-0.8198296576763204]]],[[[101.99044427375583,-0.818201082136089],[101.990623780468,-0.8182009473316132],[101.99062391440266,-0.8183816451408601],[101.99080342109326,-0.8183815102985452],[101.9908036890674,-0.8187429058569291],[101.99044467562457,-0.8187431756525991],[101.99044480964001,-0.8189238734910652],[101.9902653028662,-0.8189240084065722],[101.9902651688588,-0.8187433105383327],[101.99008566206342,-0.818743445415999],[101.99008579606281,-0.8189241433140099],[101.98990628922985,-0.8189242782133783],[101.98990561956877,-0.8180207885726206],[101.98972611274628,-0.8180209233150797],[101.98972597891081,-0.8178402253566042],[101.98954647206676,-0.8178403600612363],[101.98954633826887,-0.8176596620728095],[101.98972584510491,-0.8176595273979437],[101.9897257113286,-0.8174788294390977],[101.99008472489595,-0.8174785601247329],[101.99008459113321,-0.8172978622252396],[101.99062311123839,-0.8172974582825993],[101.99062324502513,-0.8174781560927725],[101.9908027516757,-0.8174780213993419],[101.99080288550003,-0.8176587191795532],[101.99062337884146,-0.8176588539027606],[101.99062351268739,-0.8178395517125634],[101.99044400599124,-0.817839686457489],[101.99044427375583,-0.818201082136089]]],[[[101.99659568758041,-0.8807175845931224],[101.99641617896852,-0.8807177299863373],[101.99641603455046,-0.8805370331972461],[101.99659554315372,-0.8805368878338659],[101.99659539875668,-0.8803561910744098],[101.99677490732168,-0.8803560457321897],[101.99677476294568,-0.8801753490023708],[101.9969542714724,-0.8801752036813147],[101.99695398279212,-0.8798138102807548],[101.99713349127197,-0.8798136650107062],[101.9971340687856,-0.8805364516916674],[101.99731357727026,-0.8805363062935818],[101.997313729707,-0.8807269594800984],[101.99659580930341,-0.8808698292121545],[101.99659568758041,-0.8807175845931224]]],[[[102.0057491401107,-0.8789032056699312],[102.00556963309919,-0.878903351206466],[102.00556948853885,-0.878722655939226],[102.0053899815062,-0.878722801437177],[102.00538983698421,-0.8785421061398138],[102.00556934400826,-0.8785419606717867],[102.0055691995074,-0.8783612654041484],[102.00610772037535,-0.8783608290379111],[102.00610786490202,-0.8785415242157673],[102.00646687868247,-0.8785412332018057],[102.00646702325606,-0.8787219283195993],[102.00664653011029,-0.8787217827696993],[102.00664664845958,-0.8788696622159051],[102.00574925617846,-0.8790482477444859],[102.0057491401107,-0.8789032056699312]]],[[[102.00000259586528,-0.8760167194149664],[101.99928456438826,-0.8760172984892327],[101.99928470820241,-0.8761979948057306],[101.9991052002504,-0.8761981395825792],[101.99910548795056,-0.8765595322747018],[101.99892597995171,-0.8765596771026367],[101.99892612383772,-0.8767403734782596],[101.99874661580063,-0.8767405183274152],[101.99874675970771,-0.8769212147326975],[101.9989262677534,-0.876921069853684],[101.99892641169873,-0.8771017662289096],[101.99910591972333,-0.8771016213113959],[101.99910606370693,-0.8772823176565632],[101.99928557171046,-0.8772821727005455],[101.99928571573231,-0.8774628690156523],[101.99910620772022,-0.8774630140015315],[101.99910635176316,-0.8776437103463007],[101.99892684371281,-0.8776438553533936],[101.99892669967845,-0.8774631589787645],[101.99874719160701,-0.8774633039473514],[101.9987470476109,-0.8772826075426656],[101.99856753951839,-0.8772827524727503],[101.99856739556054,-0.8771020560380097],[101.99820837930368,-0.8771023458125401],[101.99820823539268,-0.8769216493178934],[101.99802872722833,-0.8769217941623438],[101.99802843951247,-0.8765604011127531],[101.99820794765964,-0.8765602563280038],[101.99820780383762,-0.8763795598327614],[101.99838731194654,-0.8763794150692277],[101.99838716814563,-0.8761987186036387],[101.99874618425734,-0.8761984291103763],[101.99874604046892,-0.8760177327042993],[101.99892554847169,-0.8760175879745757],[101.99892540470437,-0.875836891598158],[101.9991049126689,-0.875836746889662],[101.99910476892268,-0.8756560505429059],[101.99928427684897,-0.8756559058556415],[101.9992838457626,-0.8751138169037663],[101.99946335363352,-0.8751136722974635],[101.99946349730787,-0.8752943685850904],[101.99964300515768,-0.8752942239402998],[101.99964314887026,-0.8754749201978632],[101.99982265669897,-0.8754747755145813],[101.99982280044982,-0.8756554717420796],[102.00000230825741,-0.8756553270203024],[102.00000259586528,-0.8760167194149664]]],[[[102.00484843205271,-0.874928634707699],[102.00592547325641,-0.8749277655162557],[102.00592576119219,-0.8752891559391834],[102.00610526797253,-0.8752890109839119],[102.0061054119936,-0.8754697061651489],[102.00628491875278,-0.8754695611713217],[102.00628535102013,-0.8760116466240485],[102.00646485777527,-0.8760115015317977],[102.00646500193245,-0.8761921966523765],[102.00682401537065,-0.8761919063821093],[102.00682488104134,-0.8772760767421843],[102.00664537428563,-0.8772762220612521],[102.00664508562691,-0.8769148318821499],[102.00646557885862,-0.8769149771327048],[102.00646529033605,-0.8765535868929382],[102.00628578355517,-0.8765537320749873],[102.00628563934708,-0.8763730369248733],[102.00574711885174,-0.8763734723294124],[102.00574683057626,-0.8760120818490129],[102.00556732370215,-0.876012226906738],[102.00556717961759,-0.8758315316363147],[102.00538767272232,-0.8758316766554844],[102.00538752867607,-0.875650981354939],[102.00520802175964,-0.8756511263355571],[102.00520816579733,-0.8758318216660248],[102.0050286588426,-0.8758319666679352],[102.00502894699002,-0.8761933573881153],[102.0052084539619,-0.8761932123263642],[102.00520859808877,-0.876373907656236],[102.00538810503951,-0.8763737625559298],[102.00538853762428,-0.8769158484545864],[102.00520903064782,-0.8769159936446586],[102.00520917489362,-0.8770966889737352],[102.00502966787884,-0.8770968341850873],[102.00502981214579,-0.8772775295438854],[102.0048503050927,-0.8772776747765136],[102.00485073804617,-0.8778197609414691],[102.0043122166312,-0.8778201968567246],[102.00431236098271,-0.8780008923343897],[102.00413285377635,-0.8780010376520874],[102.00413270943343,-0.8778203421445111],[102.00377369494875,-0.8778206326941359],[102.00377340638647,-0.8774592415587512],[102.00359389911672,-0.8774593867607775],[102.00359375488874,-0.8772786911628804],[102.00341424759787,-0.8772788363263568],[102.00341410340819,-0.877098140698357],[102.00359361069049,-0.8770979955647845],[102.0035933223831,-0.8767366043679967],[102.0037728296185,-0.8767364592855942],[102.0037726855008,-0.876555763716808],[102.00359317827399,-0.8765559087693043],[102.0035930341946,-0.8763752131704132],[102.00341352694663,-0.8763753581843686],[102.00341338290552,-0.8761946625553744],[102.00323387563643,-0.8761948075307924],[102.0032337316336,-0.8760141118716974],[102.00305422434339,-0.876014256808581],[102.00305408037885,-0.8758335611193869],[102.0032335876605,-0.8758334162124037],[102.00323329980343,-0.8754720248932208],[102.0030537925389,-0.8754721697404025],[102.00305364866351,-0.8752914740506126],[102.00323315591946,-0.8752913292333314],[102.00323258068069,-0.8745685465917903],[102.00341208787266,-0.8745684018854943],[102.00341223164635,-0.8747490975162747],[102.00377124595828,-0.8747488080180207],[102.00377110216748,-0.8745681124470505],[102.0039506092703,-0.8745679677149023],[102.00395075306967,-0.874748663255965],[102.0048482881808,-0.8747479393164002],[102.00484843205271,-0.874928634707699]]],[[[102.00860976578186,-0.8644452946201775],[102.0084302599289,-0.8644454378989513],[102.00842983306745,-0.8639033534862678],[102.00825032721012,-0.8639034966666677],[102.00825018499094,-0.8637228018320958],[102.00896820820788,-0.8637222291792431],[102.00896849274363,-0.8640836186085527],[102.00914799849038,-0.8640834753641455],[102.00914828316212,-0.8644448647327527],[102.00878927160504,-0.8644451513328867],[102.00878912927121,-0.8642644565887643],[102.0086096234565,-0.8642645998460997],[102.00860976578186,-0.8644452946201775]]],[[[102.01058134366684,-0.8606491346165828],[102.01076084898521,-0.8606489918650806],[102.01076127456814,-0.8611910751197125],[102.01040226385106,-0.8611913607940828],[102.01040212197717,-0.8610106663161189],[102.01022261658238,-0.8610108091106043],[102.01022247474668,-0.8608301146024734],[102.01058148548961,-0.8608298290649641],[102.01058134366684,-0.8606491346165828]]],[[[102.00860635818783,-0.8601086199882858],[102.00896536939932,-0.8601083348430996],[102.00896551105696,-0.860289029561763],[102.00914501662646,-0.8602888869464989],[102.00914530004788,-0.8606502763233217],[102.00842727752386,-0.8606508469731717],[102.00842699416982,-0.8602894573566968],[102.00860649982863,-0.8602893147668622],[102.00860635818783,-0.8601086199882858]]],[[[102.01004183578445,-0.859384701046673],[102.01022134113325,-0.8593845585303997],[102.01022119956556,-0.8592038640205126],[102.01040070487616,-0.8592037215257433],[102.01040084645224,-0.8593844160056586],[102.01058035174147,-0.8593842734724505],[102.01058077667363,-0.8599263568211064],[102.01022176601492,-0.8599266420588905],[102.01022162435792,-0.8597459475495884],[102.0100421189923,-0.8597460901258015],[102.01004183578445,-0.859384701046673]]],[[[101.98865986998085,-0.83247758196052],[101.98883937762702,-0.8324774448858292],[101.98883978628719,-0.8330195391617132],[101.98901929392824,-0.8330194019895414],[101.98901943021558,-0.8332001000513661],[101.98883992256638,-0.8332002372532973],[101.98884005887513,-0.8333809353446928],[101.9890195665325,-0.833380798113002],[101.98901983925505,-0.8337421942357078],[101.98919934689917,-0.8337420569362832],[101.98919948331296,-0.8339227549675918],[101.98973800609237,-0.8339223429307313],[101.98973786965409,-0.8337416449887168],[101.9899173771799,-0.8337415076564307],[101.98991724076305,-0.8335608097439956],[101.99009674825112,-0.8335606724332637],[101.99009647548982,-0.8331992766673675],[101.98991696801805,-0.8331994139185589],[101.98991642288304,-0.8324766222654216],[101.99063445246216,-0.8324760736877579],[101.99063486136689,-0.8330181670706218],[101.99081436871215,-0.8330180298163672],[101.99081464147953,-0.8333794253444454],[101.99099414881152,-0.8333792880224247],[101.99099428524775,-0.8335599857564018],[101.9908147779076,-0.8335601231082012],[101.9908150508525,-0.8339215186351467],[101.990994558209,-0.8339213812237892],[101.990994694734,-0.8341020789571999],[101.99117420206905,-0.8341019415078444],[101.99117433863181,-0.8342826392112852],[101.99135384594544,-0.8342825017239284],[101.99135370937451,-0.8341018040502703],[101.99153321665038,-0.8341016665844772],[101.99153308010088,-0.8339209689404141],[101.99135357283318,-0.8339211063764229],[101.99135343632145,-0.8337404087023869],[101.99153294358098,-0.8337402712961622],[101.99153280709068,-0.8335595736517214],[101.99189182150465,-0.8335592988742001],[101.99189195801128,-0.8337399964590668],[101.99225097232316,-0.8337397215891106],[101.99225124545787,-0.8341011166391157],[101.99243075258575,-0.8341009791322281],[101.99243102585517,-0.834462374121891],[101.99225151871097,-0.8344625116883649],[101.99225165538193,-0.8346432092127062],[101.9924311625343,-0.834643071616439],[101.99243129924304,-0.8348237691107979],[101.99261080637397,-0.8348236314765115],[101.99261094312048,-0.8350043289408863],[101.99279045022999,-0.8350041912685772],[101.99279058701427,-0.8351848887029661],[101.99314960116081,-0.835184613274066],[101.99314946436019,-0.8350039158992758],[101.99332897138086,-0.8350037782022838],[101.99332883460167,-0.8348230808571065],[101.99314932758915,-0.8348232185242968],[101.99314919084773,-0.8346425211491285],[101.99279017675023,-0.8346427963992322],[101.99279004005477,-0.8344620989642759],[101.99261053296978,-0.8344622365471946],[101.99261039631209,-0.8342815390822527],[101.99314891745374,-0.8342811263982247],[101.99314905413594,-0.8344618237737713],[101.99386708194292,-0.834461273294093],[101.9938672186874,-0.8346419705502313],[101.99404672557327,-0.8346418328799468],[101.99404686235553,-0.8348225301060865],[101.99422636921997,-0.8348223923977666],[101.99422650604002,-0.8350030895939065],[101.994406012883,-0.8350029518475479],[101.99440587605476,-0.8348222546812211],[101.99476488963549,-0.8348219792234516],[101.99476502648007,-0.8350026763301479],[101.99566255995425,-0.835001987392663],[101.99566338188926,-0.8360861691342152],[101.99584288854426,-0.836086031143073],[101.99584316277605,-0.8364474249957543],[101.99602266941781,-0.8364472869367161],[101.99602280658634,-0.8366279838329437],[101.99620231320664,-0.836627845735833],[101.99620245041301,-0.8368085426020405],[101.99638195701185,-0.8368084044668539],[101.9963822315299,-0.837169798139035],[101.99656173811547,-0.8371696599359345],[101.99656187542718,-0.8373503567419064],[101.9967413819913,-0.837350218500721],[101.99674124467141,-0.8371695217245851],[101.9969207511977,-0.8371693835049869],[101.99692088852579,-0.8373500802512848],[101.99710039503063,-0.8373499419935981],[101.99710053239654,-0.837530638709867],[101.99745954533367,-0.8375303621100565],[101.99745968274564,-0.8377110587664511],[101.99799820195351,-0.8377106437153019],[101.99799833941972,-0.8378913402819667],[101.99817784577124,-0.8378912018852249],[101.99817798327534,-0.8380718984218495],[101.99907551462893,-0.8380712061650221],[101.9990756522037,-0.838251902552179],[101.9988961459841,-0.8382520410499191],[101.99889628358035,-0.8384327374667452],[101.99871677732287,-0.8384328759860833],[101.99871774126974,-0.8396977511075439],[101.9988972475847,-0.839697612379204],[101.99889752328153,-0.840059005209623],[101.99907702958326,-0.8400588664132914],[101.9990771674844,-0.8402395627983562],[101.99925667376469,-0.8402394239638862],[101.99925681170373,-0.8404201203188993],[101.99961582419174,-0.8404198425653951],[101.99961596217689,-0.8406005388604906],[101.99997497456266,-0.8406002610141281],[101.99997511259394,-0.840780957249299],[102.00033412487744,-0.8407806793100641],[102.00033426295488,-0.8409613754853029],[102.00069327513611,-0.8409610974531817],[102.0006934132597,-0.8411417935684812],[102.00105242533866,-0.8411415154434594],[102.0010525635084,-0.8413222114988126],[102.00177058734295,-0.8413216550297804],[102.00177044914028,-0.8411409590939602],[102.00194995501646,-0.8411408199858653],[102.00194981683524,-0.8409601240797424],[102.00212932267348,-0.8409599849932491],[102.00212918451373,-0.8407792891168245],[102.00248819608466,-0.8407790109787638],[102.00248833426085,-0.840959706795404],[102.00320635707915,-0.8409591503002806],[102.00320621887002,-0.84077845460323],[102.00356523008445,-0.840778176365757],[102.00356509188858,-0.8405974807283216],[102.003744597443,-0.840597341627064],[102.00374432112393,-0.8402359504114324],[102.00392382663219,-0.8402358113617066],[102.00392327431777,-0.8395130290477864],[102.00410277976341,-0.8395128901094177],[102.00410291780565,-0.8396935856582743],[102.00464143398894,-0.8396931687038001],[102.00464129592204,-0.8395124732446811],[102.00482080124878,-0.8395123342732252],[102.0048206632034,-0.8393316388438318],[102.00500016849222,-0.839331499894022],[102.00499989247419,-0.8389701090945004],[102.00517939771684,-0.8389699701962599],[102.00517870815098,-0.8380664933437255],[102.00535821332286,-0.8380663545868258],[102.00535835118478,-0.8382470499277916],[102.00553785633515,-0.8382469111327111],[102.00553799423501,-0.8384276064435634],[102.00571749936384,-0.8384274676102987],[102.00571791326644,-0.8389695534519397],[102.00589741839016,-0.8389694145206337],[102.00589755642538,-0.8391501097708733],[102.00607706152759,-0.8391499708013721],[102.00607719960075,-0.8393306660214928],[102.00643620973237,-0.8393303879978233],[102.00643634785172,-0.8395110831578914],[102.0067953578808,-0.8395108050412723],[102.00679549604632,-0.8396915001412804],[102.00697500102446,-0.8396913610406256],[102.00697513922795,-0.8398720561105056],[102.00841117804778,-0.8398709427678579],[102.00841103977854,-0.8396902479375419],[102.00859054448888,-0.8396901087624259],[102.00859040624118,-0.8395094139618731],[102.00876991091356,-0.8395092748084386],[102.00876963449102,-0.8391478852666722],[102.00859012983507,-0.8391480243601958],[102.00858985354803,-0.8387866347577573],[102.00876935818754,-0.8387864957241443],[102.00876949632439,-0.8389671904955036],[102.00894900094235,-0.8389670514236687],[102.0089488627973,-0.8387863566822668],[102.00912836737727,-0.8387862176321246],[102.00912850553054,-0.8389669123435677],[102.00948751461763,-0.8389666341585668],[102.00948765281709,-0.8391473288098967],[102.0102056706668,-0.8391467722208318],[102.01020553243448,-0.8389660776893695],[102.01038503681426,-0.8389659385514047],[102.0103848986035,-0.8387852440497231],[102.01056440294529,-0.8387851049334649],[102.01056426475611,-0.8386044104615665],[102.01074376905989,-0.8386042713670189],[102.01074349275447,-0.8382428824826008],[102.01092299701206,-0.8382427434397436],[102.01092285889581,-0.838062049027226],[102.01074335464642,-0.8380621880401066],[102.01074280251214,-0.8373394102682288],[102.01056329826575,-0.8373395491529525],[102.0105630223937,-0.8369781602059239],[102.01038351813393,-0.8369782990224514],[102.01038324239741,-0.8366169100147172],[102.01056274664079,-0.8366167712581358],[102.010562608809,-0.8364360767839571],[102.01074211301442,-0.8364359380491079],[102.01074197520423,-0.8362552436047141],[102.0112804876172,-0.8362548274406528],[102.01128034981224,-0.8360741330860046],[102.01145985388214,-0.8360739943781542],[102.01145957834522,-0.8357126057282526],[102.01163908236897,-0.8357124670721313],[102.01163922013072,-0.8358931613671933],[102.0121777320477,-0.8358927452594632],[102.01217786986379,-0.8360734394643736],[102.01199836591307,-0.8360735782051751],[102.01199864161826,-0.8364349666744048],[102.01181913762137,-0.8364351054669433],[102.01181899976207,-0.836254411202436],[102.01145999169528,-0.8362546887028202],[102.01146012953822,-0.8364353830272968],[102.01128062545195,-0.8364355217951114],[102.01128076331648,-0.8366162161493801],[102.01146026741094,-0.8366160773515832],[102.01146040531347,-0.8367967716756802],[102.01181941342936,-0.8367964939953885],[102.01181927551048,-0.8366157997312609],[102.01199877951555,-0.8366156609087348],[102.01199891744264,-0.8367963551428752],[102.0121784214261,-0.8367962162821172],[102.01217883541072,-0.8373382988934314],[102.01235833938898,-0.837338159934456],[102.01235889181845,-0.8380609366269182],[102.0125383957997,-0.8380607975397221],[102.01253853398977,-0.8382414916823695],[102.01217952598107,-0.8382417699084883],[102.01217966418454,-0.8384224641109295],[102.01200016012729,-0.8384226032415896],[102.01200029835233,-0.8386032974738294],[102.01128228179255,-0.8386038540337992],[102.01128242001457,-0.8387845483857874],[102.01074390725728,-0.8387849658089424],[102.01074404548446,-0.8389656602506755],[102.01056454116424,-0.8389657994051731],[102.010564679413,-0.8391464938766909],[102.01074418374142,-0.8391463546922187],[102.01074432202816,-0.8393270491335714],[102.01110333061209,-0.8393267706798673],[102.01110346894504,-0.8395074650610744],[102.01164198162215,-0.839507047228549],[102.01164239687374,-0.8400491301011891],[102.01146289265317,-0.8400492694769204],[102.0114631696201,-0.8404106581176956],[102.01128366535329,-0.840410797545114],[102.0112838038732,-0.8405914918951977],[102.01146330814824,-0.8405913524377968],[102.01146344670619,-0.8407720467577078],[102.01164295095965,-0.8407719072620411],[102.01164308955562,-0.8409526015517774],[102.01182259378751,-0.840952462017841],[102.0118227324215,-0.8411331562774009],[102.01272025317525,-0.8411324583334779],[102.0127203918802,-0.8413131524428924],[102.01289989594977,-0.8413130127992487],[102.01289975723658,-0.8411323187198307],[102.01361777318388,-0.8411317601823666],[102.01361791193,-0.8413124541417817],[102.01379741585053,-0.8413123144566916],[102.01379755463469,-0.8414930083859106],[102.01415656240277,-0.841492728930847],[102.01415670123323,-0.8416734227998595],[102.01451570889851,-0.8416731432516088],[102.01451584777527,-0.8418538370604073],[102.01487485533774,-0.8418535574189555],[102.01487471644451,-0.8416728636701871],[102.01505422017277,-0.8416727238670368],[102.0150539424593,-0.8413113364289623],[102.01523344614127,-0.841311196677558],[102.01523358499131,-0.8414918903666714],[102.01541308865167,-0.841491750576957],[102.01541322753981,-0.8416724442358583],[102.01559273117857,-0.8416723044078297],[102.01559287010475,-0.8418529980365169],[102.01595187730928,-0.8418527182955304],[102.01595201628179,-0.8420334118639753],[102.01613151984752,-0.8420332719510117],[102.01613165885811,-0.8422139654892371],[102.01631116240226,-0.8422138255379472],[102.01631130145093,-0.8423945190459515],[102.01684981192908,-0.8423940990521921],[102.01684995103233,-0.8425747924699041],[102.0161319369688,-0.8425753525651143],[102.0161320760689,-0.8427560461027662],[102.01595257247017,-0.8427561861358431],[102.01595243337832,-0.8425754925681629],[102.015772929758,-0.8425756325629098],[102.01577279070423,-0.8423949389650119],[102.01559328706233,-0.8423950789214323],[102.01559342610784,-0.8425757725493551],[102.01541392242785,-0.8425759125274986],[102.0154142005919,-0.8429372998428163],[102.01559370428838,-0.8429371598046268],[102.0155938434234,-0.8431178534319758],[102.01541433971867,-0.8431179935001883],[102.0154146180617,-0.8434793808143582],[102.01523511431063,-0.8434795209343063],[102.01523539275647,-0.843840908307753],[102.01505588895904,-0.8438410484794292],[102.01505616750768,-0.8442024359121487],[102.01487666366391,-0.8442025761355463],[102.01487652438294,-0.8440218823892645],[102.01451751662246,-0.8440221627510764],[102.0145176558869,-0.8442028565573881],[102.01433815195367,-0.8442029967558324],[102.01433829123967,-0.8443836905919652],[102.0139792832672,-0.8443839710239198],[102.01397914399773,-0.8442032771277679],[102.01415864799061,-0.844203136945959],[102.0141585087427,-0.8440224430796245],[102.01397900475807,-0.8440225832314245],[102.01397886554824,-0.8438418893348896],[102.01379936154206,-0.8438420294483665],[102.0137992223703,-0.8436613355216329],[102.01326071019767,-0.8436617557221685],[102.0132605710805,-0.8434810617052333],[102.0130810669716,-0.8434812017254538],[102.01308120608051,-0.8436618957723888],[102.01290170193354,-0.8436620358142968],[102.01290184106402,-0.8438427298910385],[102.01272233687898,-0.8438428699546302],[102.012722476031,-0.8440235640611768],[102.0129019802243,-0.8440234239675887],[102.01290211941438,-0.8442041180439475],[102.01308162358613,-0.8442039779120454],[102.01308176281428,-0.8443846719582148],[102.01326126696449,-0.8443845317879949],[102.01326154552675,-0.8447459198197586],[102.01308204136001,-0.8447460600499781],[102.0130821806776,-0.8449267540955723],[102.01290267647278,-0.8449268943474667],[102.0129028158119,-0.8451075884228675],[102.012723311569,-0.8451077286964335],[102.01272345092964,-0.8452884228016387],[102.01254394664868,-0.8452885630968725],[102.0125445043562,-0.8460113396357533],[102.01236500001232,-0.8460114800426297],[102.01236513950543,-0.8461921742068629],[102.01218563512347,-0.8461923146353948],[102.0121857746381,-0.8463730088294271],[102.01236527902833,-0.8463728683709042],[102.01236541858106,-0.8465535625347533],[102.01254492294979,-0.8465534220378985],[102.01254478338879,-0.8463727279040423],[102.01272428771944,-0.846372587428841],[102.01272414817996,-0.8461918933247872],[102.01308315673528,-0.8461916124093616],[102.01308301720903,-0.8460109183651101],[102.0132625214337,-0.8460107779248913],[102.01326266096821,-0.8461914719391427],[102.01344216517134,-0.8461913314605868],[102.01344230474396,-0.8463720254446444],[102.01398081719933,-0.8463716038689358],[102.01398095682661,-0.8465522977627857],[102.01416046092706,-0.8465521571908625],[102.01416088001265,-0.847094238781233],[102.01380187173221,-0.8470945200967862],[102.01380201147046,-0.8472752140198744],[102.01326349880132,-0.8472756360206178],[102.0132636385445,-0.8474563300335245],[102.01290462993278,-0.8474566113856112],[102.01290476968917,-0.8476373054583236],[102.01272526533029,-0.8476374461518384],[102.0127254051082,-0.8478181402543549],[102.01290490947538,-0.8478179995308437],[102.01290560885352,-0.8487214698905572],[102.01272610444484,-0.8487216107640504],[102.01272652440447,-0.8492636930675574],[102.01254701994105,-0.849263834022672],[102.0125471599789,-0.8494445281534503],[102.01236765547736,-0.8494446691301901],[102.01236779553669,-0.8496253632907684],[102.01164977719928,-0.8496259272339871],[102.0116496371732,-0.8494452329534551],[102.01111112313227,-0.8494456557330243],[102.01111126313339,-0.8496263501035025],[102.01093175838517,-0.8496264910432652],[102.01093231865427,-0.8503492686431652],[102.01111182343575,-0.850349127583488],[102.01111196358583,-0.8505298219530021],[102.01129146834586,-0.8505296808549664],[102.01129160853404,-0.8507103751943074],[102.01093259896754,-0.8507106574419577],[102.01093273916887,-0.8508913518410645],[102.0107532343326,-0.8508914929822936],[102.01075365509028,-0.8514335762683861],[102.01057415019923,-0.8514337174911568],[102.01057443083661,-0.8517951064075364],[102.01039492589912,-0.8517952476818643],[102.01039520663895,-0.8521566366574173],[102.01003619664127,-0.8521569193007775],[102.01003633703917,-0.8523376138482056],[102.00985683198732,-0.8523377551872593],[102.00985697240667,-0.8525184497644617],[102.00967746731668,-0.8525185911250834],[102.00967802925841,-0.8532413695518237],[102.00985753438177,-0.8532412280713372],[102.00985767494998,-0.8534219226475723],[102.01003718005192,-0.8534217811287109],[102.01003732065828,-0.8536024756747843],[102.0102168257388,-0.8536023341175446],[102.01021696638328,-0.8537830286334548],[102.01039647144236,-0.8537828870378327],[102.01039633078952,-0.853602192551894],[102.01075534080165,-0.8536019093953616],[102.01075646699205,-0.8550474647978576],[102.01057696193399,-0.8550476066201299],[102.01057710283347,-0.8552283010745446],[102.01039759773724,-0.8552284429183654],[102.01039773865811,-0.8554091374025595],[102.01057724376271,-0.8554089955287653],[102.01057738472173,-0.8555896899827917],[102.01075688980492,-0.8555895480705942],[102.01075703080211,-0.8557702424944517],[102.01111604089587,-0.8557699585848104],[102.01111589988193,-0.8555892642209089],[102.01129540487574,-0.855589122283421],[102.01129526388321,-0.8554084279493057],[102.01147476883887,-0.8554082860333698],[102.01147462786777,-0.8552275917290426],[102.01165413278527,-0.8552274498346629],[102.01165385091568,-0.8548660612853943],[102.01147434601492,-0.854866203119806],[102.0114742051332,-0.8546855088148971],[102.01165371002557,-0.8546853670104692],[102.01165356916528,-0.85450467273535],[102.0118330740195,-0.854504530952487],[102.01183279237156,-0.854143142461639],[102.01201229717925,-0.8541430007303314],[102.01201215639162,-0.8539623065146044],[102.01219166116117,-0.8539621648048705],[102.01219152039496,-0.8537814706189388],[102.01237102512636,-0.8537813289307823],[102.01237074366665,-0.85341994061832],[102.01255024835153,-0.8534197989817371],[102.01255010765803,-0.8532391048552085],[102.01290911692168,-0.8532388216168078],[102.01290897624128,-0.8530581275500769],[102.01344748988814,-0.8530577027194245],[102.01344763059359,-0.8532383966961554],[102.01362713509127,-0.8532382550391243],[102.01362727583489,-0.8534189489856582],[102.01398628475754,-0.853418665586363],[102.01398642554767,-0.8535993594726907],[102.01434543436774,-0.8535990759797419],[102.0143457160709,-0.8539604636317769],[102.01416621165906,-0.8539606054424779],[102.01416635254701,-0.8541412992982157],[102.01398684809699,-0.8541414411305117],[102.01398698900641,-0.8543221350160644],[102.01380748451821,-0.8543222768699519],[102.01380762544908,-0.8545029707853178],[102.0136281209227,-0.8545031126607934],[102.01362840285715,-0.8548645005509541],[102.01380790740026,-0.8548643586154681],[102.01380804842057,-0.8550450525302522],[102.01398755294223,-0.855044910556336],[102.01398741191355,-0.8548642166715589],[102.01416691639702,-0.854864074719227],[102.0141667753898,-0.8546833808642651],[102.01434627983507,-0.8546832389335212],[102.0143461388493,-0.8545025451083758],[102.0145256432564,-0.8545024031992233],[102.01452550229209,-0.8543217094038968],[102.01470500666099,-0.8543215675163395],[102.01470472480511,-0.8539601799851331],[102.01488422912747,-0.8539600381491903],[102.01488408823592,-0.8537793444133125],[102.01506359252011,-0.8537792025989736],[102.01506345165001,-0.8535985088929198],[102.01524295589601,-0.8535983671001887],[102.0152428150474,-0.8534176734239606],[102.01542231925522,-0.8534175316528405],[102.01542203763076,-0.8530561443598467],[102.01560154179205,-0.8530560026403642],[102.01560140101621,-0.8528753090236],[102.01578090513932,-0.8528751673257375],[102.01578062366048,-0.8525137801516784],[102.01613963178379,-0.8525134968508545],[102.01613977252498,-0.8526941903779256],[102.01631927655022,-0.8526940486848839],[102.0163196989779,-0.8532361291748453],[102.0161401949276,-0.8532362709579777],[102.01614033578817,-0.8534169644842745],[102.01596083169967,-0.8534171062890287],[102.01596097258171,-0.8535977998451604],[102.01578146845505,-0.8535979416715328],[102.01578259651856,-0.855043490353822],[102.01596210071213,-0.8550433482872356],[102.0159622418627,-0.8552240418416224],[102.01668025837208,-0.8552234733709065],[102.01668110610306,-0.8563076339723994],[102.01650160197023,-0.8563077762829212],[102.01650174335481,-0.8564884697458572],[102.01668124749602,-0.8564883274053017],[102.01668153037147,-0.8568497142705229],[102.01650202621347,-0.8568498566711461],[102.01650216768758,-0.857030550133499],[102.01632266349135,-0.8570306925557122],[102.0163228049869,-0.8572113860479025],[102.01614330075246,-0.8572115284917019],[102.01614358381629,-0.8575729155355597],[102.01632308806752,-0.8575727730316994],[102.0163233712675,-0.8579341600147179],[102.01614386699949,-0.8579343025786389],[102.01614400863582,-0.8581149960998864],[102.01596450432957,-0.8581151386853829],[102.01596478767499,-0.8584765257873508],[102.01578528332209,-0.8584766684244458],[102.01578542503115,-0.8586573620051645],[102.01560592064001,-0.8586575046638263],[102.0156066295908,-0.8595609727146206],[102.01578613402398,-0.8595608299058334],[102.01578641782997,-0.8599222170647357],[102.01560691337995,-0.8599223599335729],[102.01560719728845,-0.8602837471517447],[102.01542769279175,-0.8602838900721558],[102.01542797680273,-0.8606452773495928],[102.01524847225937,-0.8606454203215711],[102.01524833024739,-0.8604647266529283],[102.01506882568262,-0.8604648695864068],[102.01506896768619,-0.860645563285069],[102.01470995845031,-0.8606458491866258],[102.0147098164636,-0.8604651554279296],[102.01453031180935,-0.8604652983359738],[102.01453016986089,-0.8602846045470681],[102.01435066518525,-0.8602847474166219],[102.01435038139462,-0.8599233597781992],[102.01417087670599,-0.859923502579255],[102.01417059305147,-0.8595621148800301],[102.01435009772327,-0.859561972138996],[102.01434995593233,-0.8593812783191015],[102.01417045126895,-0.8593814210301252],[102.01417030951625,-0.8592007271800254],[102.01381130011683,-0.8592010125166544],[102.0138110167345,-0.8588396246958369],[102.01363151200688,-0.8588397672914421],[102.01363108718223,-0.8582976854687381],[102.01345158245,-0.8582978279658703],[102.01345129939943,-0.8579364400230866],[102.0132717946542,-0.8579365824517585],[102.01327165318204,-0.8577558884500727],[102.01273313879267,-0.857756315595375],[102.01273299737551,-0.8575756215034994],[102.01255349252783,-0.8575757638383694],[102.01255335114884,-0.8573950697163049],[102.01201483645221,-0.8573954965802436],[102.012014977806,-0.8575761907922816],[102.01165596784246,-0.8575764753859751],[102.01165582650545,-0.8573957811139635],[102.01129681643951,-0.8573960656138924],[102.01129695775974,-0.8575767599458702],[102.01093794755785,-0.8575770444719668],[102.01093766498076,-0.8572156556878977],[102.01075815985193,-0.8572157978783177],[102.01075801861644,-0.8570351034560149],[102.01057851346621,-0.8570352456080136],[102.01057837226891,-0.8568545511555409],[102.01003985666468,-0.8568549774709564],[102.01003971552232,-0.8566742829283744],[102.00986021026972,-0.8566744249866599],[102.00986006916554,-0.8564937304139156],[102.0095010585878,-0.8564940144452333],[102.00950119967523,-0.8566747090779081],[102.00860367266799,-0.856675419158315],[102.00860381374326,-0.8568561139405909],[102.00824480271523,-0.8568563979735735],[102.00824466165672,-0.8566757031313917],[102.00788565052642,-0.8566759870707054],[102.00788550951445,-0.8564952921684306],[102.00716748693031,-0.8564958598259913],[102.0071672050627,-0.8561344697813071],[102.00752621638075,-0.8561341860891738],[102.00752607547481,-0.8559534911264247],[102.00770558108083,-0.8559533492976495],[102.00770544019626,-0.8557726543646517],[102.00788494576415,-0.8557725125573894],[102.00788466406753,-0.8554111227507039],[102.00806416958892,-0.8554109809949064],[102.00806374724206,-0.8548688963732686],[102.0078842417458,-0.8548690380392205],[102.0078841010314,-0.8546883431350051],[102.00716607878225,-0.8546889095948076],[102.00716621946317,-0.8548696046187988],[102.00680720814336,-0.8548698878580494],[102.00680678624,-0.8543278026058622],[102.00662728056056,-0.8543279441230451],[102.00662713999398,-0.8541472490086591],[102.00644763429317,-0.8541473904874902],[102.00644707235764,-0.8534246099082733],[102.00626756666053,-0.8534247512589588],[102.00626742625936,-0.8532440560837382],[102.00608792054084,-0.8532441973960841],[102.00608806093365,-0.8534248926012354],[102.00590855517703,-0.853425033935103],[102.00590869559123,-0.8536057291699896],[102.00554968397209,-0.8536060118723505],[102.00554954357459,-0.853425316577612],[102.00537003772877,-0.8534254578862529],[102.00537017811791,-0.8536061532109153],[102.00519067223401,-0.8536062945410691],[102.00519081264453,-0.8537869898954591],[102.00501130672252,-0.8537871312471222],[102.0050114471544,-0.8539678266312386],[102.00483194119433,-0.8539679680044074],[102.00483208164759,-0.8541486634182484],[102.00501158761602,-0.8541485220151613],[102.00501229037003,-0.8550519989318695],[102.00465327831978,-0.8550522820287992],[102.00465341894302,-0.8552329774713937],[102.00447391286494,-0.855233119037136],[102.00447405350954,-0.8554138145094511],[102.00429454739336,-0.8554139560966793],[102.0042946880593,-0.8555946515987133],[102.00411518190502,-0.8555947932074239],[102.00411532259231,-0.8557754887391753],[102.00393581639995,-0.8557756303693647],[102.00393595710858,-0.8559563259308307],[102.00357694461792,-0.8559566092257267],[102.00357680392604,-0.8557759136044474],[102.00339729764451,-0.8557760552093406],[102.00339743832802,-0.8559567508605238],[102.00321793200841,-0.855956892486887],[102.00321807271325,-0.8561375881677783],[102.00303856635554,-0.856137729815608],[102.00303842565908,-0.8559570341048163],[102.0026794128713,-0.855957317315373],[102.00267927222131,-0.855776621544592],[102.00232025933147,-0.8557769046616249],[102.0023203999647,-0.855957600492194],[102.00214089346684,-0.8559577420679536],[102.00214103412141,-0.8561384379282202],[102.00196152758546,-0.8561385795254356],[102.00196166826136,-0.8563192754153977],[102.00178216168734,-0.8563194170340651],[102.00178202101985,-0.8561387211142152],[102.0016025144245,-0.856138862694559],[102.00160265508363,-0.8563195586442951],[102.00142314845021,-0.8563197002460874],[102.00142328913066,-0.8565003962255139],[102.00124378245918,-0.8565005378487511],[102.00124392316091,-0.8566812338578661],[102.00106441645136,-0.8566813755025449],[102.00106483870957,-0.8572234636183662],[102.00124434544429,-0.857223321884045],[102.0012444862648,-0.857404017892383],[102.00106497952169,-0.8574041596565848],[102.00106526123498,-0.8577655517324386],[102.00124476799489,-0.8577654099084754],[102.00124490890448,-0.8579461059162298],[102.00142441564309,-0.8579459640539321],[102.00142427472511,-0.8577652680760602],[102.00160378142563,-0.8577651262351932],[102.00160364052894,-0.857584430287011],[102.00196265382411,-0.8575841466396957],[102.00196251294034,-0.8574034507510934],[102.00214201953497,-0.8574033089446502],[102.00214216042714,-0.857584004803363],[102.0025011735441,-0.857583721105348],[102.00250131448276,-0.8577644169040817],[102.00268082100509,-0.8577642750125042],[102.0026811029883,-0.8581256665495978],[102.00286060949772,-0.858125524589775],[102.00286075054228,-0.8583062203281331],[102.00321976348879,-0.8583059363233225],[102.00322018685118,-0.8588480233578327],[102.00339969330507,-0.8588478812530352],[102.00339983449369,-0.8590285769009135],[102.00304082153937,-0.8590288611618487],[102.0030409627409,-0.8592095568693349],[102.00286145621077,-0.859209699017005],[102.00286173868611,-0.8595710904911904],[102.00268223210944,-0.8595712326901879],[102.00268209086533,-0.8593905369232956],[102.00250258426738,-0.8593906790839286],[102.00250244306137,-0.8592099832869466],[102.00232293644213,-0.8592101254092185],[102.00232279527424,-0.8590294295821485],[102.0021432886337,-0.8590295716660628],[102.00214314750393,-0.8588488758089066],[102.00196364084209,-0.858849017854467],[102.00196349975042,-0.8586683219672262],[102.00178399306729,-0.8586684639744364],[102.00178413415055,-0.8588491598915651],[102.00088660024745,-0.858849869950118],[102.00088674131838,-0.8590305660164649],[102.00070723444027,-0.8590307080326652],[102.00070737553247,-0.8592114041286945],[101.99998934768959,-0.859211972228344],[101.99998948877781,-0.8593926684436697],[101.99980998173449,-0.8593928104772852],[101.99981026398318,-0.8597542029670887],[101.99998977104335,-0.8597540608737365],[101.99998991222063,-0.8599347570884778],[102.00034892626873,-0.8599344728166172],[102.00034935002917,-0.8604765612804448],[102.0001698429947,-0.8604767035102274],[102.0001701256332,-0.8608380958782147],[102.00034963268453,-0.8608379535886881],[102.00034977405674,-0.861018649742517],[102.0008882950579,-0.8610182227334182],[102.00088815366041,-0.8608375266692159],[102.001067660593,-0.8608373843457607],[102.00106780199891,-0.8610180803800843],[102.00142681579187,-0.8610177956479648],[102.00142695724433,-0.8611984916223296],[102.00178597093537,-0.8611982067965039],[102.00178582946604,-0.8610175108819098],[102.00250385645802,-0.8610169412479939],[102.00250413949381,-0.861378332837862],[102.0023246327735,-0.8613784753188534],[102.00232477432752,-0.8615591711433881],[102.00214526756909,-0.8615593136457833],[102.00214540914436,-0.8617400095000142],[102.00196590234779,-0.8617401520238102],[102.00196618557058,-0.8621015437914651],[102.0016071718546,-0.8621018289331326],[102.00160731349366,-0.862282524876441],[102.00142780658268,-0.8622826674644173],[102.00142837340213,-0.8630054513552334],[102.00160788034688,-0.8630053086477195],[102.0016083057986,-0.863547396474124],[102.00178781273901,-0.863547253668448],[102.00178795462409,-0.8637279495803053],[102.00196746154326,-0.8637278067362324],[102.0019676034665,-0.8639085026180058],[102.00232661723263,-0.8639082168445474],[102.00232675920249,-0.8640889126663435],[102.00268577286673,-0.8640886267990471],[102.00268591488319,-0.8642693225608593],[102.00286542167922,-0.8642691795845432],[102.00286556373386,-0.8644498753162622],[102.00304507050863,-0.8644497323015317],[102.00304521260144,-0.864630428003156],[102.00322471935496,-0.8646302849500072],[102.00322486148595,-0.8648109806215352],[102.00340436821823,-0.8648108375299646],[102.0034045103874,-0.864991533171394],[102.00376352377974,-0.8649912469028802],[102.00376366599554,-0.8651719424843035],[102.00394317265562,-0.8651717993073543],[102.0039433149096,-0.8653524948586743],[102.00412282154842,-0.8653523516432912],[102.00412296384062,-0.8655330471645053],[102.00394345719332,-0.8655331904097979],[102.00394402662535,-0.8662559726123292],[102.00376451991445,-0.8662561159687239],[102.00376466233827,-0.8664368115487735],[102.00340564881034,-0.8664370982957663],[102.00340550640347,-0.8662564026559072],[102.00304649277363,-0.8662566893089486],[102.00304663516356,-0.8664373850086109],[102.00286712829559,-0.8664375283522271],[102.00286727070672,-0.8666182240815916],[102.00304677758317,-0.8666180807080766],[102.00304692003249,-0.8667987764073457],[102.00286741314757,-0.8667989198107596],[102.00286755561811,-0.8669796155397311],[102.00232903475965,-0.8669800457884134],[102.00232889231455,-0.8667993499697564],[102.00196987827735,-0.8667996366997169],[102.00197002070549,-0.8669803325781553],[102.00179051363385,-0.8669804759602122],[102.00179065608319,-0.8671611718683422],[102.0019701631633,-0.8671610284563971],[102.00197030565081,-0.8673417243344425],[102.00179079856221,-0.8673418677762754],[102.00179094107094,-0.867522563684012],[102.0010729123856,-0.8675231374854175],[102.00107276991082,-0.8673424414581465],[102.00089326267376,-0.8673425848572488],[102.00089312023717,-0.8671618887999022],[102.00071361297888,-0.8671620321605807],[102.00071347058048,-0.8669813360731601],[102.00089297783026,-0.8669811927423586],[102.00089283545306,-0.8668004966846187],[102.00071332821176,-0.8668006399855429],[102.00071318587273,-0.8666199438977291],[102.00017466399615,-0.8666203736596346],[102.00017480630973,-0.8668010698370701],[101.99999529894968,-0.8668012131038305],[101.99999544128447,-0.866981909310939],[101.99927741151357,-0.8669824824120357],[101.99927726921274,-0.8668017860854637],[101.99909776170432,-0.8668019293095197],[101.99909733500529,-0.8662598402390413],[101.99927684248827,-0.8662596971045693],[101.99927641603084,-0.8657176081219076],[101.99909690857329,-0.8657177511667957],[101.99909676648865,-0.8655370548089879],[101.99945578135711,-0.8655367687704056],[101.99945606558998,-0.8658981613663763],[101.99963557299667,-0.8658980182745626],[101.9996357151661,-0.8660787145423887],[101.99999472990736,-0.8660784282734308],[101.99999458772098,-0.8658977320653397],[102.00017409503862,-0.8658975889479303],[102.00017366863213,-0.8653555004120911],[102.00035317589467,-0.8653553573757655],[102.00035274972991,-0.8648132689277768],[102.00053225693736,-0.8648131259725461],[102.00053211493335,-0.8646324298526982],[102.00035260773436,-0.8646325727780552],[102.00035246576849,-0.8644518766281372],[101.99999345129838,-0.8644521623935508],[101.99999359324732,-0.8646328586032105],[101.9998140859593,-0.864633001503009],[101.99981422792946,-0.8648136977423415],[101.99945521324744,-0.8648139835761112],[101.99945535523035,-0.864994679874979],[101.99927584783636,-0.864994822808945],[101.99927570586192,-0.8648141264802142],[101.99909619844672,-0.8648142693757959],[101.99909548906192,-0.8639107875798956],[101.99891598165935,-0.8639109303176582],[101.99891583987986,-0.8637302339280312],[101.99873633245609,-0.8637303766274237],[101.99873647422712,-0.8639110730469085],[101.99819795175243,-0.8639115011835848],[101.99819766829074,-0.8635501081652944],[101.99837717579507,-0.8635499655212865],[101.99837703410026,-0.8633692690417],[101.99855654156646,-0.863369126419037],[101.99855639989288,-0.8631884299691089],[101.99837689243513,-0.8631885725619178],[101.99837675079966,-0.86300787608194],[101.99819724332069,-0.8630080186363911],[101.99819696015562,-0.8626466256161441],[101.99801745266389,-0.8626467681023906],[101.99801702816409,-0.8621046784810021],[101.99783752066801,-0.862104820869202],[101.99783737923583,-0.8619241242984996],[101.99747836417158,-0.8619244089897232],[101.99747822278594,-0.8617437123591334],[101.99729871521778,-0.8617438546621625],[101.99729885659498,-0.8619245513225959],[101.99676033368725,-0.8619249782702558],[101.99676019233534,-0.8617442815203026],[101.99658068464858,-0.8617444237893671],[101.99658054333476,-0.8615637270093826],[101.99604202012188,-0.8615641536761306],[101.99604187886301,-0.8613834568064523],[101.99586237107452,-0.8613835989818939],[101.99586208866256,-0.8610222051822936],[101.99604159643418,-0.8610220630665105],[101.99604145526423,-0.8608413661962471],[101.99586194750103,-0.8608415082822007],[101.99586152419428,-0.860299417580752],[101.9960410319322,-0.8602992755842856],[101.9960408908808,-0.860118578713242],[101.99586138315131,-0.860118720679879],[101.99586124213798,-0.8599380237788113],[101.99568173438726,-0.8599381657071459],[101.99568159341197,-0.8597574687760559],[101.99622011654996,-0.8597570430551197],[101.99621997557908,-0.8595763462133225],[101.99639948322404,-0.859576204319233],[101.99639934227439,-0.8593955075070738],[101.99621983463784,-0.8593956493713302],[101.99621969372625,-0.8592149525291434],[101.99604018606844,-0.8592150943551011],[101.99603976353673,-0.8586730037378797],[101.99586025587452,-0.8586731454658832],[101.9958601150983,-0.8584924485632579],[101.99603962275211,-0.8584923068650833],[101.99603934127177,-0.8581309131189071],[101.99621884887911,-0.8581307714719353],[101.99621842685573,-0.8575886809407052],[101.99639793440825,-0.8575885393747759],[101.99639709111148,-0.8565043584860663],[101.996576598584,-0.8565042170906935],[101.99657645812991,-0.8563235203050635],[101.99639695066575,-0.8563236616706017],[101.99639681024969,-0.8561429648549435],[101.99621730276428,-0.8561431061822111],[101.99621688171908,-0.8556010156445738],[101.99639638917937,-0.8556008744068038],[101.99639596837582,-0.8550587839569193],[101.99621646094066,-0.8550589251051913],[101.99621632074047,-0.8548782282583429],[101.99603681328404,-0.8548783693683586],[101.99603695347585,-0.8550590662450379],[101.9958574459814,-0.8550592073764589],[101.99585772643722,-0.8554206011888946],[101.99531920372581,-0.8554210247115598],[101.99531906350822,-0.8552403277159624],[101.99513955588685,-0.8552404688435042],[101.99513941570724,-0.8550597718178913],[101.99495990806462,-0.855059912907186],[101.99495948772869,-0.8545178217397233],[101.99477998008153,-0.8545179627311373],[101.99477984003718,-0.8543372656451108],[101.99460033236876,-0.8543374065982886],[101.99460047240476,-0.8545181037141314],[101.99424145696231,-0.8545183856548598],[101.99424131694306,-0.8543376884793888],[101.99406180918577,-0.8543378294073117],[101.99406166920448,-0.8541571322018358],[101.99370265361777,-0.8541574139728095],[101.99370279358232,-0.8543381112379027],[101.99280525405545,-0.8543388156670602],[101.9928053940078,-0.8545195130809715],[101.99262588600524,-0.8545196539713453],[101.99262602597882,-0.8547003514148602],[101.99244651793829,-0.8547004923266092],[101.99244637797307,-0.8545197948532988],[101.99226686991128,-0.8545199357268324],[101.99226700986814,-0.8547006332299361],[101.9920875017684,-0.8547007741248412],[101.9920876417465,-0.8548814716575429],[101.99190813360877,-0.854881612573816],[101.99190799363903,-0.8547009150113245],[101.99172848548008,-0.8547010558893858],[101.99172834554831,-0.8545203582969123],[101.99154883736813,-0.8545204991367655],[101.99154897729153,-0.8547011967590251],[101.9908309442414,-0.854701760153364],[101.99083108416093,-0.8548824578945579],[101.99029255903753,-0.8548828804412083],[101.9902924191431,-0.8547021826106876],[101.99011291071783,-0.8547023234129518],[101.99011277086136,-0.8545216255524651],[101.98993326241488,-0.8545217663165371],[101.98993312259634,-0.8543410684260867],[101.98975361412865,-0.8543412091519698],[101.98975347434805,-0.8541605112315572],[101.98993298280739,-0.8541603705354429],[101.98993270331822,-0.8537989747535747],[101.99011221173127,-0.8537988341085843],[101.9901120720227,-0.8536181362471305],[101.9902915803978,-0.853617995623499],[101.99029144071046,-0.8534372977916238],[101.99011193234371,-0.8534374383854832],[101.99011179269431,-0.8532567405236428],[101.98993228430633,-0.8532568810793222],[101.98993214469486,-0.8530761831875185],[101.98975263628566,-0.8530763237050217],[101.98975277588877,-0.853257021626594],[101.98957326744164,-0.8532571621654582],[101.98957354671991,-0.853618558067557],[101.9893940382265,-0.8536186986575433],[101.98939445734064,-0.8541607925985364],[101.98957396585914,-0.854160651919255],[101.98957410563136,-0.8543413498694343],[101.98885607134649,-0.8543419126551084],[101.98885621111484,-0.8545226107241432],[101.98867670246132,-0.8545227514292735],[101.98867684225088,-0.8547034495278728],[101.98849733355944,-0.854703590254339],[101.98849747337019,-0.8548842883825006],[101.98831796464081,-0.8548844291302989],[101.98831810447277,-0.8550651272880216],[101.98813859570546,-0.8550652680571487],[101.98813845588188,-0.8548845698696736],[101.98795894709338,-0.8548847106006244],[101.98795908690857,-0.8550654088178503],[101.98777957808215,-0.8550655495701261],[101.98777943827531,-0.8548848513231514],[101.9875999294277,-0.8548849920372544],[101.98760006922616,-0.8550656903139765],[101.98742056034061,-0.8550658310494011],[101.98742084000948,-0.8554272276617549],[101.98724133107764,-0.855427368448241],[101.98724175077747,-0.8559694634545493],[101.98706224179095,-0.8559696043218319],[101.98706238174162,-0.8561503026866224],[101.98724189073654,-0.8561501617895978],[101.98724203072514,-0.8563308601244526],[101.98706252172185,-0.8563310010512188],[101.98706280177096,-0.8566923977798302],[101.98688329272136,-0.8566925387576385],[101.98688427376538,-0.8579574275098455],[101.98670476462748,-0.8579575686873806],[101.98670462439806,-0.8577768702650523],[101.986525115239,-0.8577770114043967],[101.98652497504754,-0.8575963129521376],[101.98472988191614,-0.8575977235834312],[101.98472960178974,-0.8572363260837961],[101.98455009233093,-0.8572364670410128],[101.98454967238797,-0.8566943707009537],[101.9843701629248,-0.8566945115605781],[101.98437002301125,-0.8565138127504552],[101.98419051352697,-0.8565139535719245],[101.98419023380521,-0.8561525558916703],[101.98401072430816,-0.8561526966452763],[101.98401058449993,-0.8559719977751468],[101.98383107498174,-0.8559721384906065],[101.98383093521143,-0.8557914395905737],[101.98347191610323,-0.8557917209367751],[101.9834717763792,-0.855611021977134],[101.98311275716969,-0.8556113032301966],[101.98311247784366,-0.8552499051915196],[101.98293296821139,-0.8552500457460023],[101.98293282860101,-0.8550693466966724],[101.98275331894759,-0.8550694872130287],[101.98275290031862,-0.85452738997478],[101.98293240994693,-0.854527249547521],[101.98293213099177,-0.8541658514471198],[101.98275262138019,-0.8541659918149805],[101.98275220319385,-0.8536238945738311],[101.98329073186484,-0.8536234737123061],[101.98329087125585,-0.8538041727037798],[101.98364989023898,-0.8538038920279616],[101.98365002967623,-0.8539845909598315],[101.98400904855801,-0.853984310190942],[101.98400918804147,-0.854165009063201],[101.98436820682188,-0.8541647282012264],[101.9843680673217,-0.8539840293883926],[101.98454757665925,-0.8539838889744952],[101.98454743718023,-0.853803190191183],[101.98436792785103,-0.8538033305753652],[101.98436778840987,-0.8536226317621447],[101.9841882790595,-0.8536227721082004],[101.98418772162358,-0.8528999767345324],[101.9840082122771,-0.8529001169533306],[101.98400807300027,-0.8527194180797193],[101.98382856363263,-0.8527195582604031],[101.98382842439366,-0.8525388593568888],[101.98400793375298,-0.8525387192059148],[101.98400779453519,-0.8523580203319175],[101.98436681314855,-0.8523577400641916],[101.98436695238303,-0.8525384388787641],[101.98454646165376,-0.8525382987025875],[101.98454660092611,-0.852718997487252],[101.98472611017566,-0.8527188572729577],[101.98472638882562,-0.8530802547822738],[101.98490589806237,-0.8530801145001394],[101.98490603743998,-0.853260813224789],[101.98508554665553,-0.853260672904528],[101.98508540726955,-0.8530799742095992],[101.98526491644722,-0.8530798339106528],[101.98526477708242,-0.8528991352452526],[101.9854442862222,-0.8528989949676241],[101.98544400756452,-0.8525375976956927],[101.98526449844144,-0.8525377379138731],[101.98526435916524,-0.852357039247894],[101.98490534084715,-0.8523573195996101],[101.98490520161718,-0.8521766208739951],[101.98472569242219,-0.8521767610075359],[101.98472555323008,-0.8519960622520094],[101.9845460440139,-0.8519962023474362],[101.98454590485966,-0.8518155035620001],[101.98436639562229,-0.8518156436193165],[101.98436625650592,-0.8516349448039723],[101.98454576573496,-0.8516348047763711],[101.98454562663977,-0.8514541059905492],[101.98436611741909,-0.8514542459884351],[101.98436597836177,-0.8512735471727054],[101.98400695984846,-0.8512738270838824],[101.98400682083732,-0.8510931282085351],[101.98418633010041,-0.8510929882868523],[101.98418619111048,-0.850912289441024],[101.98472471869756,-0.8509118697148013],[101.98472457971218,-0.8507311709579254],[101.9849040888405,-0.8507310310621333],[101.9849039498763,-0.8505503323347837],[101.98562198606093,-0.8505497727866792],[101.98562184709296,-0.8503690741780292],[101.98580135605695,-0.8503689342997774],[101.98580107819299,-0.8500075371413546],[101.98562156924564,-0.850007676960151],[101.98562087514422,-0.8491041839120891],[101.98669792813571,-0.8491033457656316],[101.9866980669468,-0.8492840441972371],[101.98687757568361,-0.8492839044471386],[101.9868781312567,-0.8500066980526834],[101.98669862248661,-0.8500068379217347],[101.98669876144544,-0.8501875363523782],[101.98651925263748,-0.8501876762427902],[101.98651953062712,-0.8505490731629721],[101.98669903945172,-0.8505489332130871],[101.9866991784992,-0.850729631643153],[101.98687868730258,-0.8507294916551487],[101.98687882638792,-0.8509101900552836],[101.98705833517009,-0.8509100500291567],[101.98705819607642,-0.8507293516587616],[101.9872377048207,-0.8507292116539915],[101.98723756574825,-0.8505485133131458],[101.98741707445465,-0.8505483733297365],[101.98741665738966,-0.8500062783952748],[101.98759616604153,-0.8500061384927203],[101.98759602707065,-0.8498254402105934],[101.9874165184271,-0.8498255800834024],[101.98741610171676,-0.8492834851466308],[101.98759561033538,-0.8492833453630578],[101.98759519386611,-0.8487412505137913],[101.98777470243023,-0.8487411108110908],[101.98777442491523,-0.8483797143034464],[101.98795393343318,-0.8483795746518805],[101.9879537947117,-0.8481988764275187],[101.98813330319179,-0.8481987367973436],[101.98813302582093,-0.8478373404075457],[101.9884920426592,-0.8478370612411348],[101.98849218134644,-0.8480177593766232],[101.98831267293379,-0.84801789899376],[101.98831281164232,-0.8481985971588104],[101.98849232006327,-0.8481984575119197],[101.98849245880965,-0.8483791556470239],[101.98867196720934,-0.8483790159620189],[101.9886721059936,-0.8485597140671751],[101.98885161437202,-0.8485595743440528],[101.98885147557947,-0.8483788762686545],[101.98903098392003,-0.8483787365669303],[101.98903070640702,-0.8480173404750759],[101.9892102147014,-0.8480172008245147],[101.98921035345143,-0.8481978988407767],[101.98938986172453,-0.8481977591520963],[101.98939000051243,-0.8483784571384028],[101.98956950876426,-0.8483783174115994],[101.98956936996807,-0.8481976194550577],[101.98974887818204,-0.8481974797496616],[101.98974873940709,-0.8480167818226944],[101.9902872638466,-0.848016362745669],[101.99028740264643,-0.8481970605833258],[101.99064641880813,-0.8481967810973126],[101.99064655765414,-0.8483774788752274],[101.99082606569893,-0.8483773390899069],[101.99082634349634,-0.8487387345856053],[101.99064683543496,-0.8487388744304809],[101.99064697436975,-0.8489195722078192],[101.99082648243943,-0.8489194323331662],[101.99082662141211,-0.8491001300805349],[101.99154465342822,-0.8490995703791474],[101.99154493152886,-0.8494609656350528],[101.99172443947552,-0.8494608256292167],[101.99172457857856,-0.8496415232270947],[101.99190408650394,-0.8496413831831001],[101.9919039473926,-0.8494606856150101],[101.99208345528007,-0.8494605455924332],[101.99208317712954,-0.8490991505152562],[101.99226268497078,-0.8490990105438921],[101.99226282403956,-0.8492797080527855],[101.99244233185951,-0.8492795680432618],[101.9924424709662,-0.8494602655221691],[101.99262197876486,-0.8494601254744816],[101.9926222570837,-0.849821520372129],[101.99280176486938,-0.8498213802564771],[101.99280190408152,-0.8500020776752152],[101.9931609195807,-0.8500017973591913],[101.99316078035191,-0.8498211000000528],[101.99334028804878,-0.8498209598592797],[101.99334014884128,-0.8496402625297511],[101.99351965650021,-0.8496401224104086],[101.99351979571603,-0.849820819710133],[101.99387881096168,-0.8498205393867185],[101.99387867172922,-0.8496398421466073],[101.9940581792993,-0.8496397020021488],[101.99405804008816,-0.8494590047916545],[101.9942375476203,-0.8494588646686354],[101.99423740843046,-0.8492781674877599],[101.99441691592467,-0.8492780273861836],[101.99441649850797,-0.8487359359318417],[101.99513452808878,-0.8487353757996619],[101.99513536338831,-0.8498195579909951],[101.99495585598767,-0.8498196982155053],[101.99495613464126,-0.8501810923373834],[101.99513564205854,-0.8501809520532331],[101.99513578143811,-0.8503616490840631],[101.99531528883408,-0.8503615087617135],[101.99531514944618,-0.8501808117607055],[101.99549465680421,-0.8501806714598006],[101.99549479620042,-0.8503613684309848],[101.99567430353713,-0.8503612280918773],[101.99567444297128,-0.8505419250330434],[101.99603345757244,-0.850541644270035],[101.99603373656298,-0.8509030380324766],[101.99621324383575,-0.8509028975787396],[101.99621338338382,-0.8510835944298402],[101.99639289063528,-0.8510834539378861],[101.9963935888619,-0.8519869380413336],[101.9965730961254,-0.8519867973918215],[101.99657323586798,-0.8521674941820974],[101.99675274311018,-0.8521673534943542],[101.99675288289077,-0.8523480502546009],[101.99693239011164,-0.852347909528623],[101.99693252993023,-0.8525286062588386],[101.99711203712981,-0.8525284654946224],[101.99711217698638,-0.8527091621948046],[101.99693266977846,-0.8527093029888609],[101.99693280965633,-0.85288999971869],[101.99711231687259,-0.8528898588947944],[101.99711245678847,-0.8530705555945906],[101.99747147114874,-0.8530702738619026],[101.99747133121619,-0.8528895772217913],[101.99800985250916,-0.8528891546492576],[101.99800971258118,-0.8527084580984937],[101.99818921961118,-0.8527083172540252],[101.9981893595475,-0.8528890137749388],[101.99836886655616,-0.8528888728922158],[101.99836900653048,-0.8530695693830839],[101.99818949951346,-0.8530697102956588],[101.99818963950908,-0.8532504068161856],[101.99801013245404,-0.8532505477502054],[101.99801027247099,-0.8534312443003895],[101.99783076537794,-0.8534313852558503],[101.99783090541618,-0.8536120818356897],[101.99765139828511,-0.8536122228125884],[101.99765153834467,-0.8537929194220809],[101.99783104548409,-0.8537927784153354],[101.99783118558166,-0.8539734749947875],[101.99765167843387,-0.8539736160313801],[101.99765195870124,-0.8543350092493978],[101.99747245150708,-0.8543351503372659],[101.99747273187636,-0.8546965436141991],[101.99765223908724,-0.8546964024666406],[101.99765237932472,-0.8548770990749718],[101.99783188651432,-0.8548769578891448],[101.99783174626847,-0.8546962613106605],[101.99801125342005,-0.8546961201462588],[101.99801111319549,-0.8545154235974295],[101.99819062030903,-0.8545152824544566],[101.99819033993218,-0.8541538894159184],[101.99836984699932,-0.85415374832423],[101.99836970684704,-0.8539730518345227],[101.99854921387616,-0.8539729107642721],[101.99854893364385,-0.853611517843985],[101.9987284406266,-0.8536113768250315],[101.99872816049623,-0.8532499839636818],[101.99926668121637,-0.8532495610355117],[101.99926654117063,-0.8530688646941249],[101.99944604800964,-0.8530687237311164],[101.9994457679905,-0.8527073311074885],[101.99962527478314,-0.8527071901958038],[101.99962513480973,-0.8525264939135645],[101.99980464156435,-0.8525263530233442],[101.99980450161227,-0.8523456567707784],[101.99998400832888,-0.8523455159020258],[101.99998386839815,-0.8521648196791348],[102.00016337507672,-0.8521646788318541],[102.0001632351673,-0.8519839826386403],[101.99998372849707,-0.8519841234560509],[101.99998358862568,-0.8518034272327737],[101.9998040819341,-0.8518035680119216],[101.99980422179715,-0.8519842642650668],[101.99962471506755,-0.8519844050656877],[101.99962457521283,-0.851803708782676],[101.9994450684619,-0.8518038495450372],[101.99944492864519,-0.8516231532319678],[101.99926542187292,-0.851623293956073],[101.99926528209423,-0.8514425976129476],[101.99908577530063,-0.8514427382988006],[101.99908549584892,-0.8510813455522482],[101.99926500262586,-0.8510812049261173],[101.9992648629362,-0.8509005085824132],[101.99908535616758,-0.8509006491786827],[101.99908493730157,-0.8503585600568294],[101.99926444404521,-0.8503584195501431],[101.99926430447421,-0.8501777232056674],[101.99944381117986,-0.8501775827204651],[101.99944367163023,-0.8499968864056595],[101.99926416493291,-0.849997026860999],[101.99926402542127,-0.8498163305161383],[101.99890501195424,-0.8498166113419708],[101.99890459364724,-0.8492745221270713],[101.99872508689418,-0.8492746624378551],[101.99872494752617,-0.849093966002646],[101.99854544075174,-0.8490941062752055],[101.9985453014217,-0.8489134098099486],[101.99836579462593,-0.8489135500442878],[101.99836593394765,-0.8490942465393991],[101.9980069202505,-0.8490945270426862],[101.99800678094539,-0.8489138304878724],[101.99764776714622,-0.8489141108979984],[101.9976474886582,-0.8485527176684029],[101.99746798173075,-0.8485528578012289],[101.99746784253954,-0.8483721611562977],[101.99728833559074,-0.8483723012509191],[101.99728791821991,-0.8478302112254424],[101.99710841126637,-0.8478303512221803],[101.99710813318401,-0.8474689578112188],[101.99746714702827,-0.8474686779287586],[101.99746700801498,-0.8472879812826746],[101.99764651488435,-0.8472878413587638],[101.99764637589242,-0.8471071447423328],[101.99746686903134,-0.8471072846363984],[101.99746673007736,-0.8469265879899301],[101.99710771628287,-0.8469268676933362],[101.99710785522026,-0.8471075643994892],[101.99692834827023,-0.8471077042685141],[101.996928487229,-0.8472884010043146],[101.99674898024104,-0.8472885408948307],[101.99674911922115,-0.847469237660277],[101.99656961219524,-0.8474693775722804],[101.99656933428125,-0.8471079839815236],[101.99638982724228,-0.8471081238255076],[101.99638954946347,-0.8467467301743142],[101.99621004241143,-0.8467468699502866],[101.99620990357477,-0.8465661730945694],[101.99638941061852,-0.8465660333484296],[101.99638913301756,-0.8462046396960848],[101.99620962599037,-0.8462047793825597],[101.99620934852454,-0.8458433856697829],[101.99638885553516,-0.8458432460429732],[101.99638871683844,-0.8456625492161297],[101.99620920983611,-0.8456626888131067],[101.99620907117729,-0.8454819919562393],[101.9960295641536,-0.845482131515053],[101.99602942553271,-0.8453014346281631],[101.99584991848765,-0.8453015741488169],[101.99584977990467,-0.8451208772319067],[101.99549076574219,-0.8451211561885742],[101.99549062720538,-0.8449404592118196],[101.99477259855792,-0.8449410169059426],[101.99477246008384,-0.8447603198097129],[101.99459295285617,-0.8447604591826133],[101.99459267601341,-0.8443990649299469],[101.99477218322454,-0.8443989256166795],[101.99477204483935,-0.8442182285198756],[101.99459253763648,-0.8442183678033266],[101.99459239928916,-0.8440376706765151],[101.99405387752758,-0.8440380883875175],[101.99405373923469,-0.843857391171076],[101.99369472459537,-0.8438576695438772],[101.99369458634862,-0.8436769722676277],[101.9935150789928,-0.8436771114117498],[101.99351494078391,-0.8434964141055032],[101.99315592599994,-0.843496692309202],[101.99315606419232,-0.8436773896750549],[101.99279704927339,-0.8436776679051069],[101.99279718747886,-0.8438583653303675],[101.99225866485364,-0.8438587827024817],[101.99225880306393,-0.8440394802169365],[101.99172028014749,-0.8440398976035848],[101.99172000380608,-0.8436785023957453],[101.99154049612459,-0.8436786414484222],[101.99154035800653,-0.8434979438144294],[101.9911813425713,-0.843498221835276],[101.99118148067282,-0.8436789195288357],[101.9908224651027,-0.8436791975759961],[101.99082232701767,-0.8434984998228764],[101.99064281919648,-0.8434986388042093],[101.99064295727325,-0.8436793365871061],[101.99046344941421,-0.8436794755899031],[101.99046372564,-0.8440408712146743],[101.99064323351554,-0.8440407321523266],[101.99064337168106,-0.8442214299346499],[101.9908228795353,-0.8442212908342077],[101.99082329423419,-0.8447633840906986],[101.99064378635516,-0.8447635232804727],[101.99064392463904,-0.8449442210620309],[101.99046441672215,-0.8449443602732565],[101.99046469336211,-0.8453057558953495],[101.99010567740649,-0.8453060344119147],[101.99010553908826,-0.8451253365414182],[101.98938750685515,-0.8451258933555262],[101.9893873685996,-0.8449451953657681],[101.98902835232214,-0.844945473663332],[101.9890282141127,-0.844764775613858],[101.98884870593787,-0.8447649147203917],[101.98884801537554,-0.8438614243213558],[101.98866850721248,-0.8438615632707768],[101.98866823121105,-0.843500167050309],[101.98848872303493,-0.8435003059319031],[101.98848858508683,-0.8433196077916268],[101.9883090768894,-0.8433197466351552],[101.9883089389791,-0.8431390484649336],[101.98812943076038,-0.8431391872703997],[101.9881292928879,-0.842958489070235],[101.98777027637826,-0.8429587665967438],[101.98777013855185,-0.8427780683368887],[101.98741112194047,-0.8427783457706799],[101.98741084640932,-0.842416949131413],[101.9875903547133,-0.8424168104781597],[101.9875902169838,-0.8422361121879853],[101.98776972524998,-0.8422359735561784],[101.9877694498632,-0.8418745770347511],[101.98812846627388,-0.8418742998652383],[101.98812860396899,-0.8420549980665479],[101.98830811213823,-0.842054859439596],[101.98830797443489,-0.8418741612680387],[101.98848748256633,-0.8418740226625432],[101.98848706960898,-0.8413319282359901],[101.98866657768613,-0.8413317897114669],[101.98866644008457,-0.8411510915986573],[101.98884594812392,-0.8411509530956012],[101.98884581054371,-0.8409702550123589],[101.98938433445966,-0.8409698395427441],[101.98938419688432,-0.8407891415485949],[101.98974321266395,-0.84078886458695],[101.98974335025576,-0.8409695625215681],[101.98992285810944,-0.8409694239985499],[101.98992272050941,-0.8407887260937001],[101.99010222832528,-0.8407885875921657],[101.99010209074659,-0.8406078897168958],[101.98992258293895,-0.8406080281886601],[101.98992244539808,-0.8404273302834298],[101.98974293756908,-0.8404274687171428],[101.9897426625925,-0.8400660728465741],[101.98956315475037,-0.8400662112124729],[101.989562742532,-0.8395241173158936],[101.98974225034948,-0.8395239790392944],[101.98974183837265,-0.8389818852303036],[101.98992134613589,-0.8389817470347369],[101.98992107161614,-0.8386203512206627],[101.98974156386933,-0.8386204893566924],[101.98974142666204,-0.8384397914196022],[101.98938241109607,-0.8384400676073401],[101.98938254828695,-0.8386207656039618],[101.98920304045141,-0.8386209037152011],[101.98920317766365,-0.8388016017413956],[101.98884416188743,-0.8388018779986043],[101.9888440246916,-0.8386211799128892],[101.98866451676734,-0.8386213179993378],[101.9886643796093,-0.8384406198836751],[101.98848487166369,-0.8384407579321044],[101.9884847345434,-0.8382600597864959],[101.98794621055379,-0.8382604737929569],[101.98794607348769,-0.8380797755579015],[101.98776656544024,-0.8380799135137864],[101.98776642841192,-0.8378992152487926],[101.9875869203431,-0.8378993531666724],[101.98758678335253,-0.8377186548717418],[101.98740727526236,-0.8377187927516201],[101.98740713830955,-0.8375380944267548],[101.98704812205693,-0.8375383701022622],[101.98704798515008,-0.8373576717177222],[101.98686847698764,-0.8373578095133568],[101.98686834011853,-0.8371771110988875],[101.98740686449257,-0.8371766977764553],[101.98740672762843,-0.836995999451021],[101.9875862356858,-0.8369958616901235],[101.98758609884301,-0.836815163394245],[101.98776560686264,-0.8368150256548467],[101.98776547004123,-0.8366343273885255],[101.98830399389819,-0.8366339142101076],[101.98830413074418,-0.8368146123871776],[101.98848363864558,-0.8368144746147963],[101.98848377552932,-0.8369951727619224],[101.98884279125978,-0.8369948971329095],[101.98884292818948,-0.8371755952203328],[101.98920194381806,-0.8371753194988092],[101.98920208079373,-0.8373560175265221],[101.98938158857185,-0.8373558796236237],[101.98938145158799,-0.8371751816256736],[101.98956095932834,-0.8371750437442887],[101.98956068543296,-0.8368136478073492],[101.98974019312736,-0.8368135099772482],[101.98974005621582,-0.8366328120382605],[101.98991956387246,-0.836632674229682],[101.98991901648941,-0.8359098825909107],[101.98973950886554,-0.8359100202804158],[101.98973923536785,-0.8355486244003575],[101.98955972773075,-0.8355487620220932],[101.98955959103445,-0.8353680640520134],[101.98938008337596,-0.835368201635751],[101.9893799467174,-0.8351875036357177],[101.98920043903752,-0.835187641181461],[101.98920030241673,-0.8350069431514754],[101.98884128698457,-0.8350072181587526],[101.9888411504097,-0.8348265200690573],[101.98848213487561,-0.8348267949839094],[101.98848186184725,-0.8344653986849253],[101.9883023540522,-0.8344655360705041],[101.98830208115841,-0.834104139711256],[101.98812257335014,-0.8341042770291076],[101.98812243695575,-0.8339235788194479],[101.98776342126685,-0.8339238533709955],[101.98776328491836,-0.8337431551016478],[101.98758377703771,-0.8337432923353488],[101.98758391337805,-0.8339239906344432],[101.98704538953433,-0.8339244023754833],[101.98704552587974,-0.8341051007636189],[101.98686601786456,-0.8341052380239374],[101.98686615423134,-0.834285936441624],[101.98704566225467,-0.8342857991515656],[101.98704593509322,-0.8346471959268924],[101.98722544310336,-0.8346470585691302],[101.98722557957511,-0.8348277569267686],[101.98704607155682,-0.8348278943142723],[101.98704634457268,-0.8351892910884648],[101.98686683650848,-0.835189428527222],[101.98686697305256,-0.8353701269437744],[101.98650795681917,-0.8353704018560735],[101.98650782029144,-0.8351897033800467],[101.98614880395621,-0.8351899781999528],[101.98614853102211,-0.834828581128398],[101.98596902282652,-0.8348287184665445],[101.98596875002691,-0.8344673213347721],[101.98578924181815,-0.8344674586052342],[101.98578910547083,-0.8342867600093354],[101.98560959724067,-0.8342868972418476],[101.98560932465098,-0.8339254999900287],[101.98578883286478,-0.8339253628169713],[101.98578856037692,-0.8335639656238517],[101.98596806854488,-0.833563828502035],[101.98596766001012,-0.8330217328001277],[101.98632667620848,-0.8330214587102431],[101.986326540073,-0.8328407602020268],[101.98704457208254,-0.8328402120427054],[101.987044435944,-0.8326595136532486],[101.98722394386436,-0.8326593766226433],[101.98722380774721,-0.8324786782627395],[101.98740331562988,-0.8324785412536729],[101.98740317953414,-0.832297842923324],[101.98722367165965,-0.8322979799026474],[101.98722353560161,-0.8321172815423667],[101.98704402770569,-0.8321174184837475],[101.98704389168536,-0.8319367200935369],[101.98722339957312,-0.8319365831818976],[101.98722312760482,-0.8315751864603943],[101.98794115879522,-0.8315746389698276],[101.98794102282285,-0.8313939407277775],[101.98812053053842,-0.8313938038644009],[101.98812066651894,-0.8315745020767007],[101.9883001742131,-0.8315743651753799],[101.98830031023131,-0.8317550633577394],[101.98847981790402,-0.8317549264184703],[101.98848009004543,-0.8321163227231161],[101.98865959770488,-0.8321161857161398],[101.98865986998085,-0.83247758196052]]],[[[102.0001524136798,-0.8378896789761675],[101.99925488325734,-0.8378903713313974],[101.9992547457337,-0.8377096749737215],[101.99961375797531,-0.8377093981161245],[101.99961362046494,-0.837528701817986],[102.00015213858019,-0.8375282865592883],[102.0001524136798,-0.8378896789761675]]],[[[102.00356260944393,-0.8373449592219315],[102.00374211485054,-0.8373448206589716],[102.00374225251976,-0.8375255162699261],[102.00428076858584,-0.8375251004418172],[102.00428063089204,-0.8373444049205896],[102.00446013617976,-0.8373442663246281],[102.00446054937495,-0.8378863527980033],[102.00464005465754,-0.8378862141040483],[102.00464033028602,-0.8382476050255199],[102.00446082498702,-0.8382477437793036],[102.00446096283764,-0.8384284392696687],[102.0042814575007,-0.8384285780451056],[102.00428173327471,-0.8387899690850903],[102.00410222789164,-0.8387901079120875],[102.004102365815,-0.8389708034617054],[102.003922860394,-0.838970942310347],[102.00392299833887,-0.8391516378896837],[102.00374349287993,-0.8391517767599657],[102.00374335494327,-0.8389710811507219],[102.00356384946285,-0.8389712199828306],[102.00356371156411,-0.838790524343491],[102.00338420606217,-0.8387906631374293],[102.00338406820136,-0.8386099674679962],[102.00320456267792,-0.8386101062237677],[102.00320442485503,-0.8384294105242421],[102.00302491931008,-0.8384295492418509],[102.00302478152511,-0.8382488535122354],[102.00284527595866,-0.8382489921916845],[102.00284541373543,-0.8384296879511984],[102.00266590813106,-0.8384298266522847],[102.0026657703625,-0.8382491308628742],[102.00230675908108,-0.8382494081804754],[102.00230662135863,-0.8380687123310874],[102.0019476099748,-0.8380689895558701],[102.00194719703488,-0.837526901827224],[102.0023062083695,-0.837526624781783],[102.00230634600284,-0.8377073206317409],[102.0024858516338,-0.8377071820667489],[102.00248598930504,-0.8378878778866244],[102.0026654949145,-0.8378877392834833],[102.00266535723505,-0.8377070434935029],[102.00302436834843,-0.8377067663222484],[102.0030242306823,-0.837526070591873],[102.00320373618624,-0.8375259320237647],[102.00320346092668,-0.8371645406222441],[102.00302395543915,-0.8371646791305523],[102.00302381786213,-0.836983983399607],[102.00320332334148,-0.8369838449211991],[102.00320304826019,-0.8366224535185398],[102.00302354279722,-0.8366225919371477],[102.00302340530934,-0.8364418962056335],[102.00320291076412,-0.8364417578169254],[102.00320277329776,-0.8362610621151217],[102.00338227871464,-0.836260923748074],[102.00338241618918,-0.8364416194199761],[102.00356192158453,-0.836441481014785],[102.00356219663917,-0.8368028722982129],[102.00338269122743,-0.8368030107632113],[102.0033829663845,-0.8371644021056873],[102.00356247181263,-0.8371642635808818],[102.00356260944393,-0.8373449592219315]]],[[[102.00840979669464,-0.8380639944561323],[102.00858930133109,-0.8380638555505978],[102.00858943934068,-0.8382445503526731],[102.00876894395557,-0.8382444114089258],[102.00876922008045,-0.8386058009525952],[102.00841021078809,-0.8386060789516477],[102.00841007272716,-0.8384253841199996],[102.00823056804455,-0.83842552307718],[102.00823001613134,-0.8377027436288784],[102.00805051145177,-0.8377028824579984],[102.00804982227083,-0.836799407993597],[102.00840883151825,-0.8367991306266117],[102.0084089693113,-0.8369798254599703],[102.00876797845608,-0.8369795480000964],[102.00876811629529,-0.8371602427733561],[102.00858861172958,-0.8371603815373717],[102.00858902540119,-0.8377024659458774],[102.00840952078114,-0.8377026047915048],[102.00840979669464,-0.8380639944561323]]],[[[102.00715229863151,-0.8368001012667727],[102.00643427918457,-0.836800655736903],[102.00643414151138,-0.8366199605739842],[102.00625463658346,-0.836620099140972],[102.0062544989482,-0.8364394039479311],[102.00643400386791,-0.8364392654108754],[102.00643386625418,-0.836258570247577],[102.00679287598803,-0.8362582932086107],[102.00679301361811,-0.8364389883120396],[102.00715202324935,-0.8364387111802376],[102.00715188560288,-0.8362580161366855],[102.00733139036568,-0.8362578775883635],[102.00733194116279,-0.8369806576416697],[102.00715243636724,-0.8369807963097556],[102.00715229863151,-0.8368001012667727]]],[[[102.00481790853812,-0.8357177302160524],[102.00499741366298,-0.8357175918646004],[102.00499727623365,-0.8355368964611368],[102.00571529640307,-0.8355363430926731],[102.00571570887838,-0.8360784289434277],[102.00553620385608,-0.8360785673876675],[102.00553634139914,-0.8362592627007981],[102.00517733124897,-0.8362595396244085],[102.00517719372229,-0.8360788442514333],[102.00481818346957,-0.8360791210822469],[102.00481790853812,-0.8357177302160524]]],[[[101.99871485379008,-0.8359031257152421],[101.99835584141559,-0.8359034018932034],[101.99835570425925,-0.8357227053841544],[101.99817619803571,-0.8357228434309285],[101.99817592382837,-0.8353614503525587],[101.99871444236095,-0.835361036366655],[101.99871485379008,-0.8359031257152421]]],[[[102.00212477908349,-0.8349970209708226],[102.00194527351593,-0.8349971590709659],[102.0019454107171,-0.8351778549833588],[102.00158639947654,-0.8351781312187364],[102.00158653669106,-0.8353588271907135],[102.00122752531537,-0.8353591034529406],[102.00122766254324,-0.8355397994844946],[102.00104815680267,-0.8355399376331422],[102.00104829405204,-0.8357206336943872],[102.0008687882736,-0.8357207718646804],[102.00086865103242,-0.8355400757735569],[102.00068914523249,-0.8355402139057388],[102.00068900802917,-0.8353595177845486],[102.00050950220772,-0.8353596558786226],[102.00050963940286,-0.8355403520296879],[102.00033013354356,-0.835540490145404],[102.0003298591993,-0.835179097783338],[102.00050936504225,-0.8351789597273682],[102.00050922790646,-0.8349982635759243],[102.0003297220717,-0.8349984016020207],[102.00032958497377,-0.8348177054205141],[102.00015007911747,-0.8348178434085115],[102.0001499420574,-0.8346371471969445],[102.00050895372397,-0.8346368712724691],[102.00050881667724,-0.8344561751204574],[102.00104733392992,-0.8344557612616958],[102.0010477452327,-0.8349978494482708],[102.00122725094873,-0.8349977113892645],[102.0012273881172,-0.8351784074211974],[102.00140689381172,-0.8351782693240817],[102.00140675663506,-0.8349975733220312],[102.00176576791867,-0.8349972971628815],[102.00176563075536,-0.8348166012204117],[102.00194513634445,-0.8348164631583834],[102.00194499920266,-0.834635767245612],[102.0021245047539,-0.8346356292052474],[102.00212409348225,-0.8340935415554653],[102.00230359897925,-0.8340934035965505],[102.00230346193995,-0.8339127077428025],[102.00266247282855,-0.8339124318601046],[102.0026623358026,-0.8337317360659553],[102.00284184119418,-0.8337315981421778],[102.00284197822829,-0.8339122939064305],[102.00302148359832,-0.8339121559445398],[102.00302203206444,-0.8346349388800672],[102.00230401027541,-0.8346354911566588],[102.00230414743352,-0.8348161870096501],[102.00212464190383,-0.8348163250881296],[102.00212477908349,-0.8349970209708226]]],[[[102.00966124127976,-0.8313773207849655],[102.00948173712422,-0.8313774586313714],[102.00948187407326,-0.8315581532906589],[102.0093023698798,-0.8315582911588358],[102.00930223293891,-0.831377596469586],[102.00894322447897,-0.8313778721214403],[102.00894308758411,-0.8311971773720824],[102.00876358331763,-0.8311973151557657],[102.00876344646068,-0.8310166203762622],[102.00858394217256,-0.8310167581218004],[102.00858380535351,-0.8308360633121535],[102.00840430104377,-0.8308362010195501],[102.00840416426261,-0.8306555061797614],[102.00876317283607,-0.8306552308166906],[102.00876303606842,-0.8304745360366219],[102.00948105282563,-0.8304739853321056],[102.0094811896258,-0.8306546799923358],[102.00984019784205,-0.830654404531052],[102.0098400610256,-0.8304737099307518],[102.01055807706824,-0.8304731590298531],[102.01055794024907,-0.8302924645492461],[102.01073744417717,-0.8302923268335395],[102.01073758100446,-0.830473021284172],[102.01091708491087,-0.8304728835303082],[102.01091749559588,-0.831014966791146],[102.00984047156423,-0.831015793731087],[102.00984060847,-0.8311964883308217],[102.00966110435238,-0.8311966261554534],[102.00966124127976,-0.8313773207849655]]],[[[102.00768505384065,-0.8292104971242351],[102.00750554945523,-0.8292106345212003],[102.00750568595771,-0.8293913295122354],[102.00732618153442,-0.829391466930973],[102.00732645461241,-0.829752856972364],[102.00714695014314,-0.8297529944428115],[102.00714763331808,-0.8306564696926997],[102.007327137828,-0.8306563320725476],[102.00732741132249,-0.8310177221113024],[102.00714790679632,-0.8310178597913367],[102.00714831723678,-0.8315599449378782],[102.00696881265645,-0.8315600826995415],[102.0069689495213,-0.8317407777779507],[102.00678944490308,-0.8317409155613581],[102.00678958178952,-0.831921610669516],[102.00607156298663,-0.8319221618409256],[102.00607169987028,-0.8321028570686265],[102.00553318543142,-0.8321032704508955],[102.00553304857222,-0.8319225751334143],[102.00535354370795,-0.8319227128811834],[102.00535340688663,-0.8317420175335904],[102.00553291174278,-0.8317418798157445],[102.00553277494305,-0.8315611844978862],[102.0057122797613,-0.83156104680177],[102.00571159616803,-0.8306575703592748],[102.00589110091587,-0.8306574328045988],[102.00589082767044,-0.8302960422861353],[102.0060703323723,-0.8302959047831315],[102.00607005922956,-0.8299345143237715],[102.00624956388543,-0.8299343768724474],[102.0062492908454,-0.829572986472195],[102.00642879545529,-0.8295728490725575],[102.006428522518,-0.8292114587314168],[102.00624901792435,-0.8292115960711903],[102.00624888150843,-0.8290309008704059],[102.00642838609396,-0.8290307635605643],[102.0064281133351,-0.8286693732182953],[102.00660761787468,-0.8286692359601529],[102.00660748153176,-0.8284885408186698],[102.00678698603346,-0.8284884035822984],[102.00678684971219,-0.8283077084705633],[102.00696635417604,-0.8283075712559658],[102.00696649050542,-0.8284882663377632],[102.0073254993601,-0.8284879918242041],[102.00732563573548,-0.8286686868459339],[102.00750514012631,-0.8286685495469669],[102.00750527653952,-0.8288492445385662],[102.0076847809087,-0.82884910720149],[102.00768505384065,-0.8292104971242351]]],[[[102.00876248929544,-0.8297517569144641],[102.00858298506421,-0.829751894450316],[102.00858312170469,-0.829932589261093],[102.00840361743559,-0.8299327268187228],[102.00840348080322,-0.8297520319779923],[102.00804447219198,-0.8297523070088183],[102.00804433560563,-0.8295716121079983],[102.00786483126349,-0.8295717495812001],[102.00786469471502,-0.829391054650244],[102.00804419904904,-0.8293909172069904],[102.00804406252222,-0.8292102223057941],[102.00822356681836,-0.8292100848843184],[102.00822370335331,-0.8293907797555647],[102.00840320762782,-0.8293906422959672],[102.00840307108474,-0.8292099474546722],[102.00858257532137,-0.829209810016856],[102.0085828484535,-0.8295711996393509],[102.0087623526766,-0.829571062133454],[102.00876248929544,-0.8297517569144641]]],[[[102.004990986621,-0.8272249076976593],[102.0053499960165,-0.8272246337825749],[102.00535013209455,-0.8274053291348709],[102.00570914138731,-0.8274050551273359],[102.0057095498484,-0.8279471410035538],[102.00517103579173,-0.8279475522719355],[102.0051708996326,-0.8277668568902812],[102.0049913948957,-0.8277669939335064],[102.004990986621,-0.8272249076976593]]],[[[102.00391436584998,-0.8277678160215808],[102.00355535593032,-0.8277680899856901],[102.0035554920165,-0.8279487856365559],[102.00337598700399,-0.82794892263628],[102.00337571487754,-0.8275875312745536],[102.00319620985152,-0.8275876682063165],[102.00319607384097,-0.82740697249527],[102.00265755860896,-0.827407383151937],[102.00265715082841,-0.8268652957485896],[102.00337517098116,-0.8268647485488498],[102.00337530691068,-0.8270454442305568],[102.00355481188268,-0.8270453073803504],[102.00355494785002,-0.8272260030319668],[102.00373445280042,-0.8272258661437061],[102.00373458880557,-0.8274065617652295],[102.00391409373432,-0.8274064248389108],[102.00391436584998,-0.8277678160215808]]],[[[102.00391246353671,-0.8252380777271434],[102.00409196833871,-0.8252379411515781],[102.00409237551118,-0.8257800278423224],[102.00391287068494,-0.825780164507614],[102.00391300646045,-0.8259608601007298],[102.00337449177918,-0.8259612701375018],[102.00337462756015,-0.8261419658201461],[102.00301561760793,-0.8261422391971043],[102.00301575340244,-0.8263229349393627],[102.00265674331519,-0.8263232083435547],[102.00265687912321,-0.8265039041454206],[102.00247737402695,-0.8265040408651981],[102.00247710245675,-0.8261426492014904],[102.00229759734697,-0.8261427858533387],[102.0022974616145,-0.8259620899913109],[102.00211795648309,-0.8259622266051283],[102.00211782078843,-0.8257815307130222],[102.00229732591174,-0.8257813941290962],[102.00229719023869,-0.8256006982666939],[102.00211768512345,-0.8256008348207292],[102.0021174138826,-0.8252394430355816],[102.0022969189817,-0.8252393065413282],[102.00229678339774,-0.8250586106783646],[102.00247628845905,-0.8250584742058727],[102.00247615289673,-0.8248777783726149],[102.00283516291408,-0.824877505463034],[102.00283502736532,-0.8246968096893798],[102.00301453232137,-0.8246966732522961],[102.00301439679423,-0.8245159775083531],[102.0031939017125,-0.8245158410930434],[102.003193766207,-0.8243351453788134],[102.0033732710875,-0.824335008985281],[102.00337340660106,-0.8245157046696094],[102.0035529114599,-0.8245155682380515],[102.00355277593827,-0.8243348725836266],[102.00373228075934,-0.8243347361738498],[102.00373255184846,-0.8246961274227019],[102.00391205665595,-0.8246959909449887],[102.00391246353671,-0.8252380777271434]]],[[[102.00301331364668,-0.8230704115500841],[102.00265430385004,-0.8230706838779762],[102.00265416860638,-0.8228899880725581],[102.00247466367155,-0.8228901241944448],[102.00247452846567,-0.8227094283589456],[102.00283353828951,-0.8227091561668548],[102.00283340309721,-0.8225284603909596],[102.00301290795653,-0.8225283243126528],[102.0030127727859,-0.8223476285664694],[102.00319227760743,-0.8223474925099582],[102.00319214245846,-0.822166796793488],[102.00355115199633,-0.822166524715962],[102.0035512871614,-0.8223472203726271],[102.00337178239927,-0.8223473564453437],[102.00337191758601,-0.8225280521317258],[102.00319241278612,-0.8225281882262415],[102.00319254799452,-0.8227088839423388],[102.00301304315687,-0.8227090200586498],[102.00301331364668,-0.8230704115500841]]],[[[102.00947438608773,-0.821619946750863],[102.00983339349536,-0.8216196742860694],[102.0098335288528,-0.8218003688955523],[102.01001303251998,-0.8218002326210451],[102.01001316791523,-0.8219809272003742],[102.00929515303565,-0.8219814723696801],[102.00929501767257,-0.8218007776704916],[102.00947452142908,-0.8218006414202755],[102.00947438608773,-0.821619946750863]]],[[[102.00408953092077,-0.8219854209717856],[102.00373052157728,-0.8219856930381014],[102.0037303864636,-0.8218049974109688],[102.00355088175532,-0.8218051334020728],[102.0035507466794,-0.821624437744849],[102.0031917371898,-0.8216247096429596],[102.00319160215966,-0.8214440139257443],[102.0028325925673,-0.8214442857316747],[102.00283232262831,-0.8210828941770896],[102.00301182742328,-0.8210827583379671],[102.0030116924903,-0.8209020625902933],[102.0031911972475,-0.8209019267729805],[102.00319106233621,-0.8207212310550204],[102.00337056705568,-0.820721095259521],[102.0033709719028,-0.8212631823231381],[102.00355047661667,-0.8212630464298417],[102.00355061163317,-0.8214437420874384],[102.00390962098784,-0.8214434702167575],[102.00390975605013,-0.8216241658143557],[102.00408926069093,-0.8216240298369657],[102.00408953092077,-0.8219854209717856]]],[[[102.00803700413313,-0.8198140871853773],[102.00857551567333,-0.819813679568877],[102.00857592077313,-0.8203557640315217],[102.00839641693207,-0.8203559000016257],[102.00839628187707,-0.8201752051509772],[102.00785777019945,-0.8201756129229425],[102.00785763519829,-0.8199949179822589],[102.00803713911256,-0.8199947820962995],[102.00803700413313,-0.8198140871853773]]],[[[102.00121516186542,-0.8189157637939627],[102.00121502736908,-0.8187350677451579],[102.001394532327,-0.8187349323673145],[102.00139466683133,-0.8189156283862374],[102.00157417176757,-0.8189154929704429],[102.00157430630962,-0.8190961889592959],[102.00175381122419,-0.819096053505547],[102.00175394580396,-0.819276749464329],[102.00085642089412,-0.8192774268017765],[102.00085615184449,-0.8189160345852069],[102.00121516186542,-0.8189157637939627]]],[[[102.00731804453132,-0.8185497653408342],[102.00731817927041,-0.8187304603728377],[102.00749768321779,-0.8187303247207143],[102.00749781799463,-0.8189110197225897],[102.0078568258162,-0.8189107483342515],[102.0078570954912,-0.819272138217664],[102.00731858366613,-0.8192725454677341],[102.00731844883781,-0.8190918504362878],[102.00713894484463,-0.8190919861402257],[102.00713881005407,-0.8189112910786529],[102.00695930603916,-0.8189114267445816],[102.00695944082172,-0.8190921218360934],[102.00660043268662,-0.8190923932036167],[102.00660056748288,-0.8192730883548155],[102.00642106336271,-0.8192732240564051],[102.00642079381596,-0.8189118336939548],[102.0066002979201,-0.8189116980522324],[102.00660002847631,-0.8185503077489062],[102.0067795325347,-0.8185501721589861],[102.00677939784939,-0.8183694770369798],[102.00659989379903,-0.8183696125969646],[102.00659948994564,-0.8178275271400265],[102.00695849796858,-0.8178272561916113],[102.00695863257265,-0.8180079512842372],[102.0071381365475,-0.8180078157680033],[102.00713827118932,-0.8181885108305045],[102.00695876720646,-0.8181886463766772],[102.00695890187001,-0.8183693414689316],[102.00713840586089,-0.81836920589282],[102.0071385405622,-0.81854990095495],[102.00731804453132,-0.8185497653408342]]],[[[102.00606097768818,-0.8178279335022136],[102.00570196936785,-0.8178282043700484],[102.00570210391587,-0.8180088996721969],[102.00534309546057,-0.8180091705676465],[102.00534296092856,-0.8178284752056502],[102.00480444804667,-0.8178288813986175],[102.00480431356841,-0.8176481859466778],[102.004624809223,-0.8176483212983015],[102.00462494369326,-0.817829016780157],[102.00426593489725,-0.8178292875190613],[102.00426580044301,-0.8176485919773795],[102.00408629600842,-0.8176487273048341],[102.00408602720508,-0.8172873361610932],[102.00480404470105,-0.8172867950422421],[102.00480417911986,-0.8174674904945525],[102.0051631877055,-0.8174672198269735],[102.00516305327069,-0.8172865244344998],[102.00534255751093,-0.8172863891185493],[102.00534242309783,-0.8171056937558117],[102.00552192730034,-0.8171055584617315],[102.00552179290898,-0.8169248631287312],[102.00606030531408,-0.8169244572879641],[102.00606017092848,-0.8167437620445582],[102.00641917903386,-0.8167434915036628],[102.00641944786679,-0.8171048818705656],[102.00659895189087,-0.8171047465281795],[102.00659908635996,-0.8172854416814194],[102.00641958232788,-0.8172855770537392],[102.00641985133926,-0.81764696741953],[102.00606084315389,-0.8176472382597348],[102.00606097768818,-0.8178279335022136]]],[[[102.00713625468565,-0.8154780848735264],[102.00695675082272,-0.8154782199706149],[102.00695661663512,-0.815297524875396],[102.00713612049006,-0.8152973898082466],[102.00713585218813,-0.8149359996771326],[102.00803337093683,-0.8149353245203312],[102.00803363931855,-0.8152967143520025],[102.00785413561235,-0.8152968494593172],[102.00785453838417,-0.8158389342952811],[102.00767503462427,-0.8158390694844012],[102.00767490034522,-0.8156583745093188],[102.007136388911,-0.815658779938621],[102.00713625468565,-0.8154780848735264]]],[[[102.02352397820043,-0.8835867535296252],[102.02298546526094,-0.883587195032969],[102.02298531908866,-0.8834065026820066],[102.0233443277276,-0.8834062084153481],[102.02334418156795,-0.8832255161243837],[102.02406219845231,-0.8832249276070402],[102.02406234464655,-0.883405619777586],[102.02388284046168,-0.8834057669500821],[102.02388298667721,-0.8835864591505351],[102.02370348245377,-0.8835866063444329],[102.02370333624691,-0.8834059141138746],[102.02352383200221,-0.8834060612689631],[102.02352397820043,-0.8835867535296252]]],[[[102.01508389891879,-0.8794377068718524],[102.0150839409167,-0.8794899781291555],[102.01498803582216,-0.879437784880427],[102.01508389891879,-0.8794377068718524]]],[[[102.01867298610811,-0.8781699319683304],[102.01849348127656,-0.878170078008149],[102.01849377148658,-0.8785314642252351],[102.01813476169949,-0.8785317563991201],[102.01813461659675,-0.8783510632305745],[102.01795511166702,-0.8783512092744847],[102.01795525676116,-0.8785319024730786],[102.01759624679492,-0.8785321945950282],[102.01759610171798,-0.8783515013363424],[102.01741659669868,-0.8783516473542904],[102.0174164516602,-0.8781709540653619],[102.01723694661962,-0.8781711000446142],[102.01723665664939,-0.8778097134060773],[102.01759566666625,-0.8778094215590895],[102.01759581165365,-0.8779901148183732],[102.0177753166259,-0.8779899688518611],[102.01777517162992,-0.8778092756226222],[102.01795467656373,-0.8778091296775066],[102.01795453158903,-0.8776284364781151],[102.01813403648437,-0.8776282905543986],[102.01813374660733,-0.8772669042151154],[102.01867226106272,-0.8772664665723967],[102.01867240601207,-0.8774471596519818],[102.01903141551685,-0.8774468677868391],[102.01903156051326,-0.8776275608061124],[102.0188520557672,-0.8776277067730636],[102.01885220078488,-0.8778083998221948],[102.01867269600037,-0.8778085458105548],[102.01867298610811,-0.8781699319683304]]],[[[102.02226206040841,-0.8769021620094244],[102.0220825562346,-0.8769023080116627],[102.02208270128732,-0.8770830005202859],[102.02190319707502,-0.8770831465439717],[102.02190334214905,-0.8772638390824833],[102.02172383789826,-0.8772639851276134],[102.0217239829936,-0.8774446776960116],[102.02154447870434,-0.8774448237625828],[102.0215443336176,-0.8772641311641004],[102.02136482930705,-0.877264277191944],[102.0213649743852,-0.8774449698205088],[102.02118547003616,-0.8774451158697895],[102.02118561513562,-0.8776258085282354],[102.0208266063307,-0.8776261006610173],[102.02082646124842,-0.8774454079424159],[102.02046745234112,-0.8774456999804618],[102.02046730730589,-0.8772650072015123],[102.0206468117659,-0.8772648612168854],[102.02064666675197,-0.8770841684678105],[102.0208261711735,-0.8770840225046153],[102.02082588121813,-0.8767226370660182],[102.0210053855926,-0.8767224911543352],[102.02100524065116,-0.876541798464815],[102.02118474498718,-0.8765416525745727],[102.02118416548599,-0.8758188819348168],[102.0213636697578,-0.8758187361562603],[102.02136381459684,-0.8759994287864175],[102.02154331884735,-0.8759992829691495],[102.02154346372484,-0.8761799755690253],[102.0224409845718,-0.876179246202786],[102.02244141951233,-0.8767213235499052],[102.022261915377,-0.8767214695306919],[102.02226206040841,-0.8769021620094244]]],[[[102.0123874095497,-0.8745611555837546],[102.01256691522401,-0.8745610104379842],[102.01256705943435,-0.8747417045413809],[102.01274656508741,-0.8747415593569984],[102.01274699792287,-0.875283641576013],[102.01238798653551,-0.8752839321161235],[102.01238813085648,-0.8754646262487191],[102.01220862510954,-0.87546477153583],[102.01220891382373,-0.8758261598604087],[102.01238841958781,-0.8758260145133149],[102.01238870843835,-0.876187402777116],[102.01256821418978,-0.8761872573614062],[102.01256850317668,-0.8765486455644258],[102.01274800891547,-0.8765485000800932],[102.01274815346221,-0.8767291941513095],[102.01328667052549,-0.876728757556497],[102.01328681512777,-0.8769094515375185],[102.01310730946123,-0.8769095971077614],[102.01310745408476,-0.8770902911185845],[102.01328695975988,-0.8770901455183412],[102.01328710442178,-0.8772708394989647],[102.01346661007567,-0.8772706938600775],[102.01346689950611,-0.8776320817607234],[102.01292838240347,-0.8776325188314563],[102.01292823769913,-0.8774518247912318],[102.01274873194723,-0.877451970434185],[102.01274887664299,-0.8776326645044062],[102.01256937085269,-0.8776328101687089],[102.01256966031644,-0.8779941983685442],[102.01274916612392,-0.8779940526442512],[102.01274931090911,-0.878174746713875],[102.01292881669539,-0.8781746009509347],[102.01292893097326,-0.8783171836021153],[102.01203100966966,-0.8778285189470937],[102.01203099799417,-0.8778139412997251],[102.01200426310528,-0.8778139629936947],[102.01199014520009,-0.8778062797799819],[102.01195132117911,-0.8778140059533099],[102.01185149207608,-0.8778140869594268],[102.01185134739346,-0.8776333927394474],[102.01149233548506,-0.8776336839729328],[102.01149204624357,-0.8772722954124356],[102.0116715521955,-0.877272149859985],[102.01167126305602,-0.8769107613586603],[102.01149175712125,-0.8769109068511421],[102.01149161260479,-0.876730212570197],[102.01131210664883,-0.8767303580240561],[102.01131225115671,-0.8769110523349837],[102.01113274516237,-0.876911197810185],[102.01113288969147,-0.8770918921508948],[102.01095338365876,-0.8770920376474352],[102.01095352820906,-0.8772727320179248],[102.01077402213797,-0.8772728775358004],[102.01077431131074,-0.877634266336137],[102.01059480519271,-0.8776344119053197],[102.01059494981517,-0.877815106335165],[102.01023593747256,-0.877815397507534],[102.01023608210762,-0.8779960919971256],[102.00987706962869,-0.8779963831948366],[102.00987678042269,-0.8776349940955775],[102.01005628665986,-0.8776348485609841],[102.01005585304843,-0.8770927650005074],[102.00987634683702,-0.8770929104451959],[102.00987620236802,-0.8769122158946705],[102.00969669613542,-0.8769123613007506],[102.00969655170478,-0.8767316667200601],[102.00951704545096,-0.8767318120875348],[102.00951690105869,-0.8765511174766805],[102.00915788847894,-0.876551408125791],[102.00915774413357,-0.8763707134548137],[102.00897823780763,-0.8763708587364548],[102.00897809350062,-0.8761901640353188],[102.00843957436989,-0.8761905997385645],[102.00843943011839,-0.8760099049473625],[102.00808041723289,-0.8760101953131244],[102.00808027302828,-0.875829500461821],[102.00790076654947,-0.875829645601806],[102.00790062238322,-0.8756489507203554],[102.0077211158832,-0.875649095821764],[102.00772082765708,-0.8752877059983731],[102.00825934701639,-0.8752872708479563],[102.00825920292225,-0.8751065760258093],[102.00861821566252,-0.8751062859423162],[102.00861835977378,-0.8752869807045571],[102.00879786610784,-0.8752868356199214],[102.00879801025744,-0.8754675303520076],[102.00897751657028,-0.87546738522879],[102.00897766075822,-0.8756480799307201],[102.00933667331176,-0.8756477895984861],[102.00933652910668,-0.8754670949564763],[102.009875047688,-0.875466659483311],[102.00987490348699,-0.8752859649309972],[102.01059292781089,-0.8752853842992304],[102.01059307204618,-0.8754660787316607],[102.01095208404656,-0.8754657883040797],[102.01095193979415,-0.8752850939316024],[102.0111314457411,-0.8752849487348516],[102.01113101313689,-0.8747428657061648],[102.01131051902836,-0.8747427205907324],[102.01130979857435,-0.8738392490221895],[102.01184831594162,-0.8738388140739445],[102.01184845999849,-0.8740195082980968],[102.01202796573654,-0.8740193632681409],[102.01202810983177,-0.874200057462107],[102.01220761554859,-0.8741999123935499],[102.01220775968218,-0.8743806065573282],[102.01238726537775,-0.8743804614501661],[102.0123874095497,-0.8745611555837546]]],[[[102.01310846728404,-0.8783551491887708],[102.01310851521417,-0.8784149165223403],[102.0129988563319,-0.8783552382190661],[102.01310846728404,-0.8783551491887708]]],[[[102.01544044677404,-0.8763656231574489],[102.01490193083573,-0.8763660598831193],[102.01490178624567,-0.8761853661715843],[102.01508129157969,-0.8761852206350136],[102.0150811470109,-0.8760045269532982],[102.01544015757231,-0.8760042359143],[102.01544030215825,-0.8761849295359739],[102.01597881780235,-0.8761844928226675],[102.01597896244387,-0.8763651863540669],[102.01615846760745,-0.87636504073567],[102.01615861228738,-0.8765457342368416],[102.01544059141965,-0.8765463167787251],[102.01544044677404,-0.8763656231574489]]],[[[102.02387730643966,-0.8765394631846003],[102.02369780255216,-0.8765396092043848],[102.02369765751193,-0.8763589169660331],[102.02351815360312,-0.8763590629470779],[102.02351800860137,-0.8761783706784235],[102.02315900071115,-0.876178662554408],[102.02315856593684,-0.8756365855666457],[102.02351757377564,-0.8756362938712668],[102.02351771868764,-0.8758169861405181],[102.02387672642394,-0.8758166943504213],[102.023876871383,-0.8759973865592646],[102.02405637521483,-0.8759972406211657],[102.02405666523985,-0.8763586249780406],[102.02387716139086,-0.8763587709763542],[102.02387730643966,-0.8765394631846003]]],[[[102.02136178957038,-0.8734697319461405],[102.02118228540985,-0.8734698773336508],[102.02118199661571,-0.8731084920074176],[102.02172050895632,-0.8731080559995621],[102.0217206533641,-0.8732887485725312],[102.0219001574264,-0.8732886031892888],[102.0219003018726,-0.8734692957319738],[102.02207980591356,-0.8734691503100398],[102.02207995039822,-0.8736498428224392],[102.02136193402083,-0.8736504245788793],[102.02136178957038,-0.8734697319461405]]],[[[102.02369447419505,-0.8723836876720197],[102.0238739778857,-0.8723835423446592],[102.02387426669694,-0.8727449267696911],[102.02369476298924,-0.8727450721572626],[102.02369519640484,-0.8732871488836399],[102.02315668502533,-0.8732875852656774],[102.02315682953137,-0.8734682775977121],[102.02279782177838,-0.8734685685362449],[102.02279767728943,-0.8732878761440155],[102.02261817337663,-0.8732880215702783],[102.02261788450552,-0.8729266367250353],[102.02279738840123,-0.8729264913589618],[102.02279724400198,-0.8727457989661376],[102.02261774011481,-0.8727459443021165],[102.02261759575403,-0.8725652518789994],[102.02243809184549,-0.8725653971762867],[102.02243823619774,-0.8727460896294967],[102.0220792282739,-0.8727463802584605],[102.02207893963346,-0.8723849952314814],[102.02189943564376,-0.8723851404728903],[102.02189929137693,-0.8722044479290162],[102.02171978736588,-0.8722045931317436],[102.02171964313747,-0.8720239005575857],[102.02154013910507,-0.8720240457216359],[102.02153999491509,-0.871843353117196],[102.02171949893896,-0.8718432079832298],[102.02171935477034,-0.8716625154086758],[102.02189885875578,-0.8716623702962055],[102.02189871460853,-0.8714816777515396],[102.0224372263599,-0.8714812424528678],[102.02243737053273,-0.8716619349072656],[102.0226168743986,-0.8716617897604431],[102.02261701860986,-0.8718424821845503],[102.02279652245436,-0.8718423369990449],[102.02279666670407,-0.8720230293928596],[102.02369418552054,-0.8720223031859844],[102.02369447419505,-0.8723836876720197]]],[[[102.01363920473445,-0.8685972397991197],[102.01435722529209,-0.8685966628841584],[102.0143573686039,-0.8687773566940525],[102.0147163787208,-0.868777068125196],[102.01471652207947,-0.8689577618748656],[102.01489602710168,-0.8689576175475812],[102.01489617049866,-0.8691383112670376],[102.01507567549956,-0.8691381669011734],[102.01507639297441,-0.8700416353454055],[102.01489688793095,-0.8700417798613598],[102.01489717511265,-0.8704031672977068],[102.01471767002234,-0.8704033118651214],[102.01471752642509,-0.8702226181170307],[102.01453802131347,-0.8702227626458547],[102.01453816490219,-0.8704034564239604],[102.01435865975222,-0.8704036009742233],[102.0143589470021,-0.8707649885898676],[102.01417944180528,-0.8707651331915763],[102.01417972915739,-0.8711265208664519],[102.01382071864018,-0.8711268101641644],[102.01382043132215,-0.8707654223692556],[102.01399993657863,-0.8707652777847057],[102.01399979295581,-0.8705845839169623],[102.01382028770787,-0.8705847284715048],[102.0138201441234,-0.8704040345735563],[102.01364063885416,-0.8704041790895156],[102.01364049530801,-0.870223485161364],[102.01346099001748,-0.8702236296387434],[102.01346084650967,-0.8700429356803906],[102.01328134119784,-0.8700430801191937],[102.01328119772836,-0.8698623861306416],[102.01310169239524,-0.8698625305308719],[102.01310183585619,-0.8700432245494244],[102.01292233048476,-0.8700433689710827],[102.01292276102093,-0.870585451115551],[102.0127432555941,-0.8705855956186269],[102.01274311206076,-0.8704049015406715],[102.01256360661266,-0.8704050460051749],[102.01256346311764,-0.8702243518970271],[102.01238395764825,-0.870224496322961],[102.01238367076465,-0.8698631080460871],[102.01220416528248,-0.8698632524034642],[102.01220373520614,-0.8693211698966986],[102.01256274608957,-0.8693208813533272],[102.01256260277337,-0.8691401872439954],[102.01292161352059,-0.8691398987263543],[102.0129214702172,-0.868959204676817],[102.01310097553757,-0.8689590604351495],[102.01310068900317,-0.86859767239548],[102.01292118369979,-0.8685978165771506],[102.01292089730161,-0.8682364284766958],[102.01274139198543,-0.8682365725898148],[102.01274110572348,-0.8678751844285787],[102.01310011629207,-0.8678748963137765],[102.01310054578067,-0.8684169783753497],[102.01328005104575,-0.8684168342151215],[102.01328019427673,-0.8685975282052515],[102.0134596995205,-0.8685973840064649],[102.01345955628102,-0.8684166900463366],[102.01363906148646,-0.8684165458689956],[102.01363920473445,-0.8685972397991197]]],[[[102.01040639114944,-0.8664315005698864],[102.01058589676806,-0.8664313568677136],[102.01058603954392,-0.8666120513098251],[102.01112455624653,-0.8666116200621536],[102.01112498482915,-0.8671537031175153],[102.01094547926594,-0.8671538469652142],[102.01094533638376,-0.8669731525836448],[102.01040681954089,-0.8669735839855521],[102.01040639114944,-0.8664315005698864]]],[[[102.0200980783832,-0.8644361070627855],[102.0206365900373,-0.864435675540065],[102.02063673295939,-0.86461636830298],[102.02045722909611,-0.864616512182477],[102.020457515013,-0.8649778977678645],[102.02027801110293,-0.8649780416989855],[102.020277868138,-0.8647973488763185],[102.02009836420649,-0.8647974927688477],[102.0200980783832,-0.8644361070627855]]],[[[102.01632777613062,-0.8635356581517051],[102.01650728062998,-0.8635355146483337],[102.01650742320824,-0.863716208103462],[102.01668692768621,-0.8637160645615486],[102.01668721294918,-0.8640774514111492],[102.01614869937502,-0.8640778821915532],[102.01614841416279,-0.8637164951617592],[102.01632791870044,-0.8637163516368657],[102.01632777613062,-0.8635356581517051]]],[[[102.01848211352525,-0.8638953217988267],[102.01884112181145,-0.8638950344591622],[102.01884126455934,-0.8640757275233176],[102.01866176042272,-0.8640758712274611],[102.01866218882016,-0.8646179505089162],[102.01830318040655,-0.864618238071979],[102.01830303759446,-0.8644375449182512],[102.01812353335133,-0.8644376886569544],[102.01812339057756,-0.8642569954729804],[102.01794388631302,-0.8642571391731184],[102.01794374357756,-0.8640764459589],[102.01776423929164,-0.8640765896204762],[102.01776409659449,-0.863895896376015],[102.01722558358296,-0.8638963272195336],[102.01722529832897,-0.8635349405497665],[102.01704579394898,-0.8635350840871705],[102.01704565137521,-0.8633543907219533],[102.0174046600884,-0.8633541036987175],[102.01740451752758,-0.8631734103933849],[102.01758402183096,-0.8631732668990503],[102.01758387929154,-0.8629925736235647],[102.01794288779183,-0.8629922866694728],[102.01794303034815,-0.8631729798848673],[102.01812253456195,-0.8631728363650192],[102.01812267715657,-0.8633535295501693],[102.01830218134897,-0.8633533859917666],[102.0183024666447,-0.8637147723013793],[102.01848197082414,-0.8637146286743661],[102.01848211352525,-0.8638953217988267]]],[[[102.01381442519373,-0.8631762784941029],[102.01345541530416,-0.8631765651170716],[102.01345527295905,-0.8629958711510498],[102.01309626296712,-0.8629961576799973],[102.0130961206687,-0.8628154636537776],[102.01399364538268,-0.8628147474176553],[102.01399378772332,-0.8629954412938562],[102.01417329258511,-0.8629952979911194],[102.01417386227969,-0.8637180733739286],[102.01399435738409,-0.8637182167967019],[102.01399407249407,-0.8633568290456708],[102.01381456758557,-0.8633569723999196],[102.01381442519373,-0.8631762784941029]]],[[[102.0197383565136,-0.8635329301327558],[102.01955885255168,-0.8635330737892735],[102.0195587098596,-0.8633523808447693],[102.01919970186304,-0.8633526680721572],[102.01919941660228,-0.8629912820623142],[102.01955842456503,-0.8629909949551727],[102.01955828196256,-0.8628103020100806],[102.01991728978894,-0.8628100149290585],[102.0199174324083,-0.8629907078140201],[102.02045594394913,-0.8629902770385214],[102.02045637206253,-0.8635323554216047],[102.02009736434782,-0.8635326427941964],[102.02009750709513,-0.8637133356483065],[102.01973849924401,-0.8637136230469998],[102.0197383565136,-0.8635329301327558]]],[[[102.01955785433438,-0.8622682231736293],[102.01973735823718,-0.8622680797275616],[102.0197370732842,-0.8619066938957435],[102.01991657714026,-0.8619065505013119],[102.01991643470015,-0.8617258576151757],[102.02027544230576,-0.8617255708609741],[102.02027601231295,-0.8624483421637962],[102.01991700463984,-0.862448629158547],[102.01991714719946,-0.8626293220439009],[102.01973764330964,-0.8626294655585963],[102.01973750075848,-0.8624487726431764],[102.01955799684724,-0.8624489161193087],[102.01955785433438,-0.8622682231736293]]],[[[102.01901791921412,-0.860461723091483],[102.01937692700045,-0.8604614368430211],[102.01937706920616,-0.8606421298207187],[102.0199155806869,-0.8606417002942499],[102.01991586523847,-0.8610030860686738],[102.01973636142459,-0.861003229312775],[102.01973650373677,-0.8611839222297598],[102.01955699988457,-0.861184065495442],[102.0195572845817,-0.8615454513889537],[102.01937778068275,-0.8615455947062761],[102.0193776383277,-0.8613649017295554],[102.01919813440733,-0.8613650450083286],[102.01919770754667,-0.8608229659868125],[102.01901820362171,-0.8608231091669222],[102.01901806140297,-0.8606424161293001],[102.01865905348032,-0.8606427024039632],[102.01865891130831,-0.8604620093060334],[102.01794089513835,-0.8604625816334006],[102.01794075302988,-0.860281888415072],[102.01758174478259,-0.8602821744677976],[102.01758160272081,-0.8601014811891827],[102.01776110685097,-0.8601013381971027],[102.01776096481063,-0.8599206449483372],[102.01794046890251,-0.8599205019778293],[102.01794018489457,-0.8595591155398059],[102.01811968893975,-0.8595589726209218],[102.01811954697216,-0.8593782794316654],[102.01847855495613,-0.8593779936285922],[102.01847898099899,-0.8599200730154707],[102.01865848497144,-0.8599199300110725],[102.01865862705387,-0.8601006231095882],[102.01883813100486,-0.8601004800666624],[102.01883827312557,-0.8602811731349275],[102.01901777705511,-0.8602810300534705],[102.01901791921412,-0.860461723091483]]],[[[102.023323163222,-0.8568444395125819],[102.02350266624468,-0.8568442967911564],[102.02350337554985,-0.8577477582377654],[102.02368287858457,-0.857747615357381],[102.02368302054373,-0.8579283076160154],[102.02404202654022,-0.8579280217696811],[102.0240421685461,-0.8581087139679086],[102.0238626655544,-0.8581088569254088],[102.02386309172631,-0.8586509336092424],[102.02314507935961,-0.8586515057159281],[102.023144937306,-0.8584708133677689],[102.02296543414795,-0.8584709563431925],[102.02296529213265,-0.8582902639647401],[102.02242678250428,-0.8582906927499798],[102.0224266405441,-0.8581100002810489],[102.02224713728324,-0.8581101431624586],[102.02224699536134,-0.8579294506632421],[102.02188798876672,-0.8579297363405213],[102.02188813067183,-0.8581104288999143],[102.02170862732127,-0.8581105717559603],[102.02170848542458,-0.8579298791664816],[102.02152898205253,-0.8579300219839894],[102.02152912394082,-0.8581107146035517],[102.0213496205305,-0.8581108574426887],[102.02134990437996,-0.8584722427413924],[102.02117040092294,-0.8584723856322352],[102.02117025899166,-0.8582916929529006],[102.02099075551314,-0.8582918358052066],[102.02099061362016,-0.8581111430955985],[102.02081111012016,-0.8581112859093718],[102.02081125200475,-0.8582919786490564],[102.02063174846647,-0.8582921214844498],[102.02063160659029,-0.8581114287146901],[102.02027259944086,-0.8581117142999632],[102.02027274130025,-0.8582924071298673],[102.02009323767231,-0.8582925499398916],[102.02009281220899,-0.8577504713593865],[102.01991330857638,-0.8577506140707508],[102.0199131668234,-0.8575699211801254],[102.02009267044761,-0.8575697784988285],[102.02009252871613,-0.8573890856380759],[102.02027203230207,-0.8573889429783995],[102.0202718905921,-0.8572082501475218],[102.02045139413977,-0.857208107509469],[102.02045125245127,-0.8570274147084679],[102.02063075596067,-0.8570272720920427],[102.02063061429365,-0.8568465793209202],[102.0208101177648,-0.8568464367261256],[102.02080983450365,-0.8564850512434468],[102.02098933792813,-0.8564849087003634],[102.020989196334,-0.8563042159888089],[102.02152770640298,-0.8563037883991679],[102.02152784802225,-0.8564844810204822],[102.02224586106259,-0.8564839106625006],[102.02224571940978,-0.8563032181615323],[102.02242522258675,-0.8563030755810315],[102.02242508095546,-0.8561223831099597],[102.02260458409413,-0.8561222405511147],[102.02260444248436,-0.8559415481099413],[102.02278394558478,-0.8559414055727558],[102.02278408720291,-0.8561220979838349],[102.02314309333075,-0.8561218128239706],[102.02314323499554,-0.8563025051746609],[102.02350224102052,-0.8563022199208554],[102.02350238273199,-0.8564829122111502],[102.0233228797261,-0.8564830548723729],[102.023323163222,-0.8568444395125819]]],[[[102.02044420612421,-0.8479927744111908],[102.02098271531115,-0.8479923510478015],[102.02098313605892,-0.8485344292085897],[102.02116263908636,-0.8485342879805153],[102.021163060128,-0.8490763660493343],[102.0213425631505,-0.8490762247226594],[102.02134284401099,-0.8494376100407481],[102.02116334097188,-0.8494377514275832],[102.02116348143863,-0.8496184441164185],[102.02098397836133,-0.8496185855249628],[102.02098383790288,-0.8494378928060493],[102.02080433480398,-0.8494380341761459],[102.02080419438373,-0.8492573414269632],[102.02026568493271,-0.84925776539682],[102.02026554456728,-0.8490770725572253],[102.02008604136547,-0.8490772138337065],[102.0200861817226,-0.8492579067033706],[102.01972717521276,-0.8492581892913701],[102.01972731558315,-0.8494388822209746],[102.0195478122751,-0.8494390235324873],[102.01954809308884,-0.8498004094512465],[102.0193685897343,-0.8498005508145144],[102.01936873017766,-0.8499812438036668],[102.01954823354052,-0.8499811024103366],[102.01954851453348,-0.8503424883279377],[102.01972801788312,-0.8503423468661047],[102.01972815843274,-0.8505230397945517],[102.01901014482168,-0.850523605711861],[102.01900986381891,-0.8501622196142826],[102.01883036035811,-0.8501623610125464],[102.01883021990986,-0.8499816679334107],[102.01865071642752,-0.849981809293243],[102.01865057601744,-0.8498011161838592],[102.01793256182276,-0.8498016814192392],[102.0179324214758,-0.84962098818946],[102.01865043563721,-0.8496204230742826],[102.01865029528685,-0.849439729964513],[102.01882979874424,-0.8494395886948464],[102.01882965841543,-0.849258895614939],[102.01900916183465,-0.8492587543669602],[102.01900888125,-0.8488973682666814],[102.01882937784741,-0.8488975094545466],[102.0188292376082,-0.8487168163740612],[102.01847023073006,-0.8487170986645912],[102.0184700905373,-0.8485364055238048],[102.01829058706176,-0.8485365466264752],[102.0182907272462,-0.8487172397973132],[102.01811122373246,-0.848717380921673],[102.01811136393844,-0.8488980741223683],[102.01793186038655,-0.848898215268414],[102.01793172018887,-0.8487175220376706],[102.01775221661543,-0.848717663145306],[102.01775207645592,-0.8485369698843239],[102.01757257286094,-0.848537110953553],[102.01757271301216,-0.8487178042445795],[102.017213705716,-0.84871808641804],[102.01721384588045,-0.8488987797689576],[102.01703434217929,-0.8488989208731836],[102.01703448236528,-0.8490796142539477],[102.01685497862597,-0.8490797553798473],[102.01685525907084,-0.849441142200872],[102.01667575528506,-0.8494412833784768],[102.01667617615126,-0.8499833636986746],[102.016855679962,-0.8499832224309627],[102.01685582031875,-0.8501639158406075],[102.01703532410795,-0.8501637745344839],[102.01703546450285,-0.850344467913898],[102.01739447200838,-0.8503441852164414],[102.01739461244978,-0.8505248785355825],[102.01757411616609,-0.8505247371442443],[102.0175743971551,-0.8508861237218621],[102.01739489342214,-0.8508862651732855],[102.01739517451391,-0.8512476518102161],[102.01649765531809,-0.8512483592419554],[102.0164977958671,-0.8514290527103177],[102.01631829193008,-0.8514291942015363],[102.01631801087858,-0.8510678072045542],[102.01649751479896,-0.8510676657733998],[102.01649737430964,-0.850886972304651],[102.0163178703976,-0.8508871137057736],[102.01631772994645,-0.8507064202067995],[102.01613822601291,-0.8507065615695083],[102.01613808559993,-0.8505258680403113],[102.01595858164487,-0.8505260093646096],[102.01595872204952,-0.8507067029238352],[102.0157792180563,-0.8507068442697804],[102.01577949893846,-0.8510682314477059],[102.01542049082919,-0.8510685142345469],[102.01542035038986,-0.8508878205856327],[102.01488183802722,-0.8508882446129451],[102.0148816976427,-0.8507075508737789],[102.01452268926847,-0.8507078334567054],[102.01452282963633,-0.8508885272559019],[102.01416382112616,-0.8508888098653242],[102.01416368077494,-0.850708116006105],[102.01398417648345,-0.8507082572682318],[102.01398403617038,-0.8505275633788105],[102.01452254893043,-0.8505271396573164],[102.0145224086222,-0.8503464458577341],[102.01470191280758,-0.8503463046304901],[102.01470177252087,-0.8501656108607288],[102.0145222683438,-0.8501657520579589],[102.01452212809522,-0.8499850582579905],[102.01434262389667,-0.8499851994168314],[102.01434248368622,-0.8498045055866578],[102.01416297946616,-0.8498046467071131],[102.01416283929386,-0.8496239528467362],[102.01470135183963,-0.8496235295502883],[102.01470149203688,-0.8498042233206282],[102.01488099616748,-0.8498040821750538],[102.01488113640288,-0.8499847759151848],[102.01524014459122,-0.8499844935388801],[102.01524028487307,-0.8501651872187809],[102.01559929295874,-0.850164904748933],[102.01559915266024,-0.8499842111290767],[102.01595816060993,-0.8499839286857745],[102.01595802032463,-0.849803235125777],[102.0161375242464,-0.8498030939215925],[102.01613724374867,-0.8494417068610758],[102.01595773984353,-0.8494418480052035],[102.01595745948178,-0.8490804608838588],[102.0161369633703,-0.849080319799788],[102.01613668311127,-0.8487189327377294],[102.01631618695333,-0.8487187917053531],[102.01631604686027,-0.848538098204065],[102.0161365430265,-0.848538239206411],[102.0161364029716,-0.8483575456749001],[102.01649541059267,-0.84835726372191],[102.01649527055098,-0.848176570250269],[102.01667477430844,-0.8481764292912697],[102.016674494298,-0.8478150424074775],[102.01811052315041,-0.8478139149153074],[102.01811038312358,-0.8476332217134569],[102.01846939002155,-0.8476329398169835],[102.01846925000798,-0.8474522466750419],[102.01864875340388,-0.8474521057443315],[102.01864903347747,-0.8478134919679156],[102.0188285368601,-0.8478133509687451],[102.01882867695,-0.8479940440501933],[102.01900818031105,-0.8479939030126129],[102.0190083204391,-0.8481745960638118],[102.01918782377861,-0.8481744549878175],[102.01918768364224,-0.8479937619666774],[102.01936718694357,-0.847993620912387],[102.01936704682879,-0.8478129279211151],[102.01954655009195,-0.8478127868885318],[102.01954612990193,-0.8472707080037473],[102.01972563311033,-0.8472705670530031],[102.01972577315209,-0.8474512599847264],[102.02008477949586,-0.8474509779980613],[102.02008491958408,-0.8476316708694586],[102.02026442271944,-0.8476315298335323],[102.02026456284584,-0.8478122226746678],[102.02044406595964,-0.8478120816003191],[102.02044420612421,-0.8479927744111908]]],[[[102.02511113642464,-0.847808410735323],[102.02547014100747,-0.8478081281272085],[102.02547028140442,-0.847988820095365],[102.0263677923792,-0.8479881132782707],[102.02636793284759,-0.848168805095603],[102.02600892853089,-0.8481690879077628],[102.0260090690126,-0.8483497797851604],[102.02582956680104,-0.8483499212088318],[102.0258297073044,-0.8485306131161632],[102.02547070277487,-0.8485308959986789],[102.02547084329153,-0.8487115879660648],[102.02511183862568,-0.8487118708753805],[102.02511169812561,-0.8485311788477544],[102.02493219575611,-0.848531320259752],[102.02493163408835,-0.8478085520268508],[102.0247521317221,-0.8478086933100257],[102.02475199138827,-0.8476280012212031],[102.0245724890004,-0.8476281424659113],[102.0245723487048,-0.8474474503467824],[102.02439284629531,-0.8474475915530272],[102.02439256581044,-0.8470862072539679],[102.0242130633876,-0.8470863483916424],[102.02421292319835,-0.8469056562117139],[102.02385391827954,-0.8469059384018104],[102.0238536380239,-0.8465445539209459],[102.02457164767554,-0.8465439897482521],[102.02457178782156,-0.8467246818683428],[102.02475129016796,-0.8467245407742042],[102.02475185108436,-0.8474473091321884],[102.02493135343401,-0.8474471679092449],[102.02493149374621,-0.8476278599681439],[102.02511099607422,-0.8476277187067337],[102.02511113642464,-0.847808410735323]]],[[[102.01882476572194,-0.842934637697027],[102.01864526256271,-0.8429347778847096],[102.01864498410171,-0.842573391650765],[102.0190039903573,-0.8425731113873182],[102.01900385115512,-0.842392418330171],[102.01936285727474,-0.8423921380936371],[102.01936313574198,-0.8427535240875024],[102.01918363268061,-0.8427536642700402],[102.0191837719508,-0.842934357296746],[102.0190042688513,-0.842934497501039],[102.0190044081431,-0.8431151905576125],[102.01882490500549,-0.8431153307836571],[102.01882476572194,-0.842934637697027]]],[[[102.02474542945136,-0.8391354728301124],[102.02456592745146,-0.8391356126594705],[102.02456578856214,-0.8389549205313405],[102.02420678448902,-0.8389552001050322],[102.02420692336192,-0.8391358922933844],[102.02402742127227,-0.83913603209794],[102.02402756016686,-0.8393167243162103],[102.02420706226472,-0.8393165844815463],[102.02420720119744,-0.8394972766695175],[102.02456620531986,-0.8394969969151592],[102.02456634429895,-0.8396776890427177],[102.02474584632347,-0.839677549123018],[102.0247459853407,-0.8398582412202721],[102.02528449125943,-0.8398578213211847],[102.02528463033124,-0.8400385133278955],[102.02546413225252,-0.8400383733148629],[102.02546427136248,-0.8402190652912622],[102.02510526747353,-0.8402193453692912],[102.02510540659698,-0.8404000374057397],[102.0249259045994,-0.8404001774624541],[102.02492576548418,-0.8402194853958883],[102.0245667614157,-0.840219765424248],[102.02456662234687,-0.8400390732972621],[102.02438712027595,-0.8400392132689125],[102.02438725933658,-0.8402199054260108],[102.02420775722754,-0.840220045419495],[102.02420761817514,-0.8400393532322868],[102.02402811604439,-0.8400394931873846],[102.02402797703013,-0.8398588009698772],[102.02366897269536,-0.8398590807950317],[102.02366883372746,-0.8396783885171221],[102.02348933152342,-0.8396785283871844],[102.0234894704831,-0.8398592206951973],[102.02330996824092,-0.839859360587088],[102.02330982928946,-0.8396786682489735],[102.02295082473184,-0.8396789479477339],[102.02295068582673,-0.839498255549232],[102.0222326763855,-0.839498814727104],[102.02223253754315,-0.8393181222080379],[102.02348905369378,-0.8393171437705865],[102.02348891482383,-0.8391364514620019],[102.0238479191527,-0.8391361718942281],[102.02384778029622,-0.8389554796456608],[102.02402728240757,-0.8389553398794792],[102.02402714357282,-0.8387746476608279],[102.02384764146967,-0.8387747873969029],[102.02384750267302,-0.8385940951479547],[102.02402700476797,-0.8385939554419864],[102.02402686599304,-0.8384132632229541],[102.02456537207371,-0.8384128441458071],[102.02456551087327,-0.8385935362745087],[102.02474501284854,-0.8385933965354918],[102.02474515168622,-0.8387740886338892],[102.02492465363976,-0.8387739488564947],[102.02492479251559,-0.838954640924586],[102.02474529055382,-0.8389547807320961],[102.02474542945136,-0.8391354728301124]]],[[[102.0218732550974,-0.838957016528116],[102.02187353265955,-0.8393184016871714],[102.02169403017292,-0.8393185414143339],[102.02169389138511,-0.8391378488048162],[102.0215143888768,-0.8391379884936259],[102.0215142501271,-0.8389572958538339],[102.02133474759711,-0.8389574355042945],[102.02133488633861,-0.8391381281741679],[102.02115538377052,-0.8391382678464423],[102.02115496766032,-0.8385961897460109],[102.02097546508698,-0.8385963293197833],[102.02097504927038,-0.8380542511274038],[102.02187256171514,-0.8380535536271448],[102.02187270033181,-0.8382342462077198],[102.02205220273929,-0.8382341066528102],[102.02205234139404,-0.8384147992031077],[102.02187283897837,-0.8384149387881044],[102.02187297765481,-0.8385956313682987],[102.02169347520103,-0.8385957709751202],[102.02169375262719,-0.8389571561951078],[102.0218732550974,-0.838957016528116]]],[[[102.02276827358394,-0.8357038543115745],[102.02276841185285,-0.8358845467441673],[102.02294791400433,-0.8358844075392112],[102.02294805231135,-0.8360650999415183],[102.02312755444112,-0.836064960698229],[102.02312783116123,-0.8364263454420782],[102.02276882683908,-0.8364266240408063],[102.02276868848044,-0.8362459316087831],[102.02258918628269,-0.8362460708656918],[102.02258932463316,-0.8364267633278092],[102.02240982239732,-0.8364269026065713],[102.02241009917158,-0.8367882875904206],[102.02223059688947,-0.8367884269211229],[102.02223087376693,-0.8371498119643935],[102.02205137143854,-0.837149951347029],[102.02205123299305,-0.8369692587953997],[102.02187173064296,-0.8369693981397003],[102.02187145385805,-0.836608012975698],[102.02205095619178,-0.8366078736915717],[102.02205081783596,-0.8364271811393724],[102.02187131551045,-0.8364273203934117],[102.02187090064697,-0.8358852426454143],[102.02169139831611,-0.835885381800957],[102.02169126009626,-0.8357046891878261],[102.02151175774368,-0.83570482830505],[102.02151161956189,-0.835524135661646],[102.0213321171876,-0.8355242747405541],[102.0213319790439,-0.8353435820668789],[102.02169098374623,-0.8353433039609954],[102.02169084561605,-0.8351626113472955],[102.0218703479142,-0.8351624723120937],[102.02187020980575,-0.8349817797282892],[102.02204971206584,-0.834981640714946],[102.0220495739791,-0.8348009481610391],[102.02222907620113,-0.8348008091695581],[102.02222893813611,-0.8346201166455504],[102.02240844032006,-0.834619977675935],[102.02240857839325,-0.8348006701698523],[102.02330608890533,-0.8347999750479493],[102.02330650342685,-0.8353420520771248],[102.02312700135974,-0.8353421912082534],[102.02312713958521,-0.8355228835810318],[102.02294763748,-0.8355230227340278],[102.02294777572722,-0.8357037151367145],[102.02276827358394,-0.8357038543115745]]],[[[102.02204929789532,-0.8344395630526568],[102.02169029339427,-0.8344398408906001],[102.02169015541357,-0.8342591482759527],[102.02186965767086,-0.8342590093911768],[102.02186951971188,-0.8340783168064251],[102.02204902193114,-0.8340781779435167],[102.02204888399388,-0.8338974853886623],[102.02276689253924,-0.8338969299752175],[102.02276716850895,-0.834258314844005],[102.02240816426342,-0.8342585926875323],[102.0224083022768,-0.8344392851818283],[102.022228800101,-0.8344394241213533],[102.02222893813611,-0.8346201166455504],[102.02204943592227,-0.834620255606943],[102.02204929789532,-0.8344395630526568]]],[[[102.02293953382612,-0.824862170641106],[102.02329853704782,-0.8248618958785051],[102.0232986735468,-0.8250425882321185],[102.02347817512086,-0.8250424508085266],[102.02347831165783,-0.8252231431318516],[102.02329881007569,-0.8252232805855447],[102.02329894663448,-0.8254039729387835],[102.02293994336432,-0.8254042478819751],[102.02293953382612,-0.824862170641106]]],[[[102.02509177854846,-0.822511524878063],[102.02473277613467,-0.8225117990201797],[102.02473209571059,-0.8216083384414435],[102.02509109804393,-0.8216080646004887],[102.02509123408498,-0.8217887566563769],[102.0254502363147,-0.8217884827228032],[102.02545037240176,-0.8219691747182654],[102.02527087129383,-0.8219693117192213],[102.02527100740276,-0.8221500037446172],[102.02509150625687,-0.8221501407675932],[102.02509177854846,-0.822511524878063]]],[[[102.02585228283637,-0.8770799320267034],[102.02567277925229,-0.8770800782318594],[102.02567292450661,-0.8772607701381567],[102.02549342088403,-0.8772609163647948],[102.02549356615971,-0.8774416083010166],[102.02567306979088,-0.8774414620442553],[102.02567321510506,-0.8776221539501543],[102.0254937114653,-0.8776223002370386],[102.02549385680082,-0.8778029921728616],[102.02567336044919,-0.877802845855854],[102.02567350582325,-0.8779835377613542],[102.02585300945026,-0.8779833914055729],[102.02585344577781,-0.8785254670305023],[102.02603294940067,-0.8785253205756902],[102.02603309491165,-0.8787060124201407],[102.0262125985132,-0.8787058659265445],[102.02621274406272,-0.8788865577406672],[102.0263922476429,-0.8788864112082831],[102.02639239323098,-0.8790671029920756],[102.02657189678983,-0.8790669564209003],[102.02657204241645,-0.8792476481743609],[102.02675154595396,-0.8792475015643908],[102.02675183731424,-0.8796088850104447],[102.02693134083901,-0.8796087383315404],[102.02693163233629,-0.8799701217165238],[102.02711113584834,-0.8799699749686781],[102.02711142748262,-0.880331358292587],[102.02729093098196,-0.8803312114757932],[102.02729107685263,-0.8805119031073082],[102.02747058033066,-0.8805117562517001],[102.0274707262399,-0.8806924478528739],[102.02818873988691,-0.8806918602231073],[102.0281885939432,-0.8805111687425153],[102.02836809727144,-0.8805110218435315],[102.02836795134907,-0.8803303303928895],[102.02872695789843,-0.880330036629202],[102.02872710383804,-0.8805107280195384],[102.02890660707641,-0.8805105810945294],[102.02890689906275,-0.8808719638142916],[102.02908640228839,-0.8808718168202929],[102.02908654833513,-0.881052508149717],[102.02890704510088,-0.8810526551738727],[102.02890733726703,-0.881414037892434],[102.02908684051853,-0.8814138908079641],[102.02908698665517,-0.8815945821367874],[102.02926648988534,-0.8815944350134748],[102.02926634374006,-0.8814137437148104],[102.02944584693165,-0.8814135966129727],[102.0294457008077,-0.8812329053442686],[102.02962520396069,-0.8812327582639096],[102.02962505785808,-0.8810520670251678],[102.02998406405688,-0.8810517728987332],[102.029983917967,-0.8808710817201217],[102.03034292402864,-0.8808707876193032],[102.03034277795152,-0.8806900965008287],[102.03052228092875,-0.880689949467573],[102.0305218428514,-0.8801478762014637],[102.0307013457728,-0.8801477292500507],[102.0307010538539,-0.8797863471319907],[102.03123956238652,-0.8797859064067829],[102.03123970835681,-0.8799665973753827],[102.03177821664535,-0.8799661564816179],[102.03177807064922,-0.879785465603564],[102.032316578642,-0.879785024722335],[102.03231643265005,-0.8796043339346435],[102.03267543781135,-0.8796040400308687],[102.03267587592889,-0.8801461122121925],[102.03285537849038,-0.8801459651567225],[102.03285552459818,-0.8803266558532361],[102.03267602202807,-0.8803268029389004],[102.03267616815727,-0.8805074936654084],[102.03249666554855,-0.8805076407725925],[102.03249681169912,-0.8806883315290929],[102.03267631431646,-0.8806881843917161],[102.03267646050566,-0.8808688751178239],[102.03303546566757,-0.8808685807566494],[102.03303575817044,-0.8812299620874826],[102.03321526072364,-0.8812298148334816],[102.03321540702872,-0.8814105054683997],[102.03339490956053,-0.8814103581755168],[102.03339476324683,-0.8812296675707986],[102.03357426574,-0.8812295202994337],[102.03357411944768,-0.8810488297247167],[102.03393312432675,-0.8810485352163492],[102.03393327063631,-0.8812292257306575],[102.03465128006876,-0.8812286364889216],[102.03465157284695,-0.8815900172752601],[102.03483107514727,-0.881589869882693],[102.03483122159001,-0.8817705602453476],[102.03465171928107,-0.8817707076681287],[102.03465186574522,-0.881951398060797],[102.03447236339763,-0.8819515455051034],[102.03447250988317,-0.8821322359277834],[102.03411350508065,-0.8821325308507479],[102.03411365157893,-0.8823132213336469],[102.03393414912402,-0.8823133688122998],[102.03393429564369,-0.8824940593252053],[102.03375479315011,-0.882494206825371],[102.03375493969116,-0.8826748973682811],[102.03357543715893,-0.8826750448899554],[102.03357558372136,-0.8828557354628687],[102.0332165785496,-0.8828560305405303],[102.03321672512475,-0.8830367211736443],[102.03303722248522,-0.8830368687296261],[102.03303736908173,-0.8832175593927375],[102.03285786640355,-0.883217706970216],[102.03285801302141,-0.8833983976633227],[102.03249900755776,-0.8833986928525619],[102.03249915418833,-0.8835793836058555],[102.03231965140284,-0.883579531217611],[102.03231979805479,-0.8837602220008948],[102.03214029523065,-0.8837603696341344],[102.03214044190395,-0.8839410604474065],[102.03178143614839,-0.8839413557481378],[102.03178158283437,-0.8841220466215821],[102.03160207990295,-0.8841221942890686],[102.03160222661026,-0.8843028851924959],[102.03124322064015,-0.8843031805616991],[102.03124336736013,-0.884483871525288],[102.03106386432144,-0.8844840192269997],[102.03106401106275,-0.884664710220566],[102.0307050048781,-0.8846650056581986],[102.03070515163208,-0.8848456967119158],[102.0305256484861,-0.8848458444478315],[102.03052579526143,-0.8850265355315208],[102.03016678886222,-0.8850268310375398],[102.03016649537622,-0.8846654487492782],[102.02998699214898,-0.8846655964288728],[102.0299868454596,-0.8844849052542725],[102.02980734221103,-0.8844850528949849],[102.0298071955603,-0.8843043616900178],[102.02962769229042,-0.8843045092918519],[102.0296275456783,-0.8841238180565194],[102.02944804238709,-0.8841239656194783],[102.0294478958136,-0.8839432743537824],[102.02872988238371,-0.88394386439788],[102.0287300289226,-0.884124555784208],[102.02837102201057,-0.8841248508143088],[102.0283711685621,-0.8843055422607414],[102.02801216151292,-0.8843058373162977],[102.02801230807711,-0.8844865288228276],[102.02783280449891,-0.8844866763676836],[102.0278329510844,-0.8846673679041593],[102.0276534474676,-0.8846675154704458],[102.0276537407111,-0.8850288986030836],[102.02747423704704,-0.8850290462209398],[102.02747453039302,-0.8853904294130593],[102.02729502668168,-0.885390577082478],[102.0272954668993,-0.8859326519595728],[102.02711596313199,-0.8859327997106868],[102.02711610992242,-0.8861134913661216],[102.0272956136984,-0.8861133435848684],[102.02729576052745,-0.886294035209963],[102.0270134371843,-0.8862942676806626],[102.0269366587148,-0.8861783756512528],[102.0269366061165,-0.8861136391386446],[102.02689379412091,-0.8861136743774493],[102.02669014520009,-0.885806279779981],[102.02442229785609,-0.8845720771437939],[102.02442164543936,-0.8837667096265326],[102.02460114955177,-0.8837665623676999],[102.02460100327174,-0.8835858702878877],[102.02442149916799,-0.8835860175166079],[102.02442135292654,-0.8834053254064824],[102.0242418488015,-0.883405472596386],[102.02424170259862,-0.8832247804559493],[102.024421206715,-0.8832246332961565],[102.02442106053338,-0.8830439411856299],[102.02424155642564,-0.8830440883153118],[102.0242414102826,-0.8828633961744736],[102.02388240199464,-0.8828636903475205],[102.02388210983285,-0.8825023059448105],[102.02406161397452,-0.8825021589228508],[102.02406146792987,-0.8823214667513022],[102.0245999801494,-0.8823210257235866],[102.02459983410877,-0.8821403336421704],[102.02477933811346,-0.8821401866456603],[102.02477919209412,-0.8819594945941581],[102.02495869606025,-0.8819593476190729],[102.0249585500622,-0.8817786555974867],[102.02513805398979,-0.8817785086438299],[102.02513790801302,-0.8815978166521611],[102.02549691576115,-0.8815975227790257],[102.02549676979706,-0.8814168308473983],[102.0256762736176,-0.8814166839279253],[102.02567612767481,-0.8812359920262206],[102.02549662386289,-0.8812361389155704],[102.02549633208436,-0.8808747550513143],[102.02531682825978,-0.8808749018717389],[102.02531668242403,-0.8806942099091896],[102.02549618624,-0.8806940631188865],[102.02549589464107,-0.8803326792534302],[102.02531639084232,-0.8803328259834903],[102.02531624509638,-0.8801521340203408],[102.02495723742634,-0.8801524273942029],[102.02495709172753,-0.8799717353706156],[102.02477758785624,-0.879971882014423],[102.02477773354641,-0.8801525740681263],[102.02423922172714,-0.8801530140378668],[102.02423907606281,-0.8799723218938257],[102.02405957207182,-0.8799724685029535],[102.02405971772755,-0.8801531606771035],[102.02388021369804,-0.8801533073076688],[102.02388094238235,-0.8810567683259564],[102.02352193414738,-0.8810570618621173],[102.02352178836794,-0.8808763695986507],[102.02298327581701,-0.8808768097474869],[102.02298313009334,-0.8806961173935198],[102.02280362585851,-0.8806962640623442],[102.02280348017337,-0.8805155716780807],[102.02262397591724,-0.8805157183081332],[102.02262383027062,-0.8803350258935746],[102.02244432599322,-0.8803351724848589],[102.02244403480691,-0.8799737875949563],[102.02226453051682,-0.8799739341173844],[102.02226438497713,-0.8797932416420421],[102.02208488066577,-0.879793388125711],[102.02208502619685,-0.8799740806311428],[102.02190552184697,-0.8799742271362309],[102.02190537632451,-0.8797935346007115],[102.0215463675523,-0.8797938275247081],[102.02154651305753,-0.8799745201203973],[102.02118750414853,-0.879974813069884],[102.02118764966643,-0.8801555057255366],[102.02100814515849,-0.8801556522173535],[102.02100829069767,-0.8803363449028848],[102.02118779521425,-0.8803361983809891],[102.02118794079192,-0.8805168910362419],[102.02136744528723,-0.8805167444755921],[102.02136729970093,-0.8803360518504199],[102.0217263085846,-0.8803357587632604],[102.02172645418814,-0.8805164513282664],[102.02208546296949,-0.8805161581462392],[102.02208604575155,-0.8812389281635682],[102.02172703690123,-0.8812392215862899],[102.02172689117812,-0.8810585290220838],[102.02154738671675,-0.8810586756903368],[102.02154724103214,-0.8808779830958469],[102.02118823203696,-0.8808782763461476],[102.02118837770432,-0.8810589690008005],[102.02100887315326,-0.8810591156430112],[102.02100901884188,-0.881239808327543],[102.02082951425233,-0.8812399549911503],[102.0208296599622,-0.8814206477055587],[102.0210091645604,-0.8814205010118745],[102.02100945608706,-0.8817818863799375],[102.02118896067262,-0.8817817396174115],[102.02118939821268,-0.8823238175777676],[102.02100989360122,-0.8823239644305299],[102.02100974773329,-0.8821432717471994],[102.02083024310058,-0.8821434185611914],[102.02083009727116,-0.8819627258475836],[102.02047108793334,-0.8819630193893451],[102.02047094215108,-0.8817823266153885],[102.02029143744598,-0.8817824733431627],[102.02029158321963,-0.8819631661471913],[102.02011207847602,-0.8819633128963478],[102.02011229085053,-0.8822264950999471],[102.01723894914505,-0.8806627717228165],[102.01723883433664,-0.8805201131756559],[102.01705932915435,-0.8805202595367703],[102.01705918377486,-0.8803395661901562],[102.01670017333797,-0.8803398588262843],[102.01670019724243,-0.8803695734084652],[102.01634102924807,-0.8801741078333013],[102.01634101746652,-0.8801594579607633],[102.01652052275095,-0.880159311694416],[102.016520377457,-0.8799786182572942],[102.016699882703,-0.8799784720123093],[102.01669973743029,-0.8797977786050221],[102.01687924263781,-0.8797976323814031],[102.01687909738634,-0.879616939003952],[102.01705860255541,-0.8796167928017021],[102.0170587478155,-0.8797974861491152],[102.01723825296332,-0.8797973399081592],[102.01723839826188,-0.8799780332253331],[102.01741790338849,-0.8799778869456675],[102.0174180487255,-0.8801585802326],[102.01759755383085,-0.8801584339142209],[102.01759769920633,-0.8803391271709107],[102.01777720429047,-0.8803389808138145],[102.0177773497044,-0.8805196740402597],[102.0179568547673,-0.880519527644443],[102.01795700021972,-0.8807002208406415],[102.01903403002169,-0.8806993421032395],[102.0190341755557,-0.8808800351189201],[102.01993169961243,-0.8808793024488137],[102.01993155403531,-0.8806986095834469],[102.0201110587484,-0.8806984630534567],[102.02011091319254,-0.8805177702179581],[102.02029041786714,-0.8805176237093605],[102.02029012682783,-0.8801562380979028],[102.02011062217045,-0.8801563845463607],[102.02011047670423,-0.8799756917102622],[102.02046948597187,-0.8799753988648163],[102.02046963145531,-0.8801560916407734],[102.02064913605292,-0.8801559451749719],[102.02064899056086,-0.8799752524290885],[102.02082849511997,-0.8799751059846902],[102.02082834964916,-0.8797944132686821],[102.0210078541698,-0.8797942668456912],[102.02100770872026,-0.8796135741595602],[102.02154622207695,-0.8796131349288189],[102.02154607663148,-0.87943244233273],[102.02172558101532,-0.8794322959352342],[102.02172543559114,-0.8792516033690297],[102.02154593121593,-0.8792517497364416],[102.02154578583024,-0.8790710571399535],[102.02136628143373,-0.87907120346862],[102.02136599076927,-0.8787098182148801],[102.02154549514857,-0.8787096719463783],[102.02154505935026,-0.8781675941545193],[102.0217245636739,-0.8781674479676118],[102.02172441845897,-0.8779867554000108],[102.02190392274412,-0.877986609234537],[102.02190406796761,-0.8781673017720525],[102.02262208484356,-0.8781667169032922],[102.02262193958568,-0.8779860244861383],[102.02298094782704,-0.8779857320600366],[102.02298138374198,-0.8785278091303262],[102.02280187961045,-0.8785279554379919],[102.02280202496665,-0.8787086478244529],[102.02298152910679,-0.8787085014866908],[102.02298167450148,-0.8788891938428554],[102.02316117862028,-0.8788890474663374],[102.02316146951662,-0.8792504321178716],[102.02334097362274,-0.879250285672494],[102.02334111912437,-0.8794309779678612],[102.02352062320918,-0.8794308314837189],[102.02352047769894,-0.8792501392184536],[102.02369998174524,-0.8792499927557502],[102.0236998362563,-0.8790693005203887],[102.02387934026407,-0.879069154079128],[102.02387919479645,-0.8788884618736723],[102.0240586987657,-0.8788883154538579],[102.02405797183333,-0.8779848545741226],[102.02423747572969,-0.8779847082961938],[102.0242370399035,-0.8774426318562866],[102.02441654374415,-0.8774424856600401],[102.02441668899822,-0.8776231777767644],[102.02459619281755,-0.8776230315417601],[102.02459633811011,-0.8778037236281727],[102.02477584190812,-0.8778035773544075],[102.02477569660695,-0.8776228852981094],[102.02495520036642,-0.8776227390458118],[102.02495432913632,-0.8765385868845359],[102.02477482542835,-0.8765387329561367],[102.02477468033665,-0.8763580408984443],[102.02495418403603,-0.8763578948569598],[102.02495403896569,-0.8761772028291842],[102.02513354262658,-0.876177056809183],[102.0251336877055,-0.8763577488068405],[102.02531319134505,-0.8763576027480872],[102.02531333646247,-0.876538294715426],[102.02567234366892,-0.8765380025117718],[102.02567248883345,-0.8767186944186669],[102.02585199240036,-0.8767185482737607],[102.02585228283637,-0.8770799320267034]]],[[[102.03572770791372,-0.8805049915160243],[102.03554820581527,-0.8805051387706809],[102.03554776710419,-0.8799630680405341],[102.03572726917679,-0.8799629208765466],[102.0357271229912,-0.8797822306629871],[102.03590662502516,-0.8797820835205551],[102.03590677121936,-0.8799627737038895],[102.03608627323189,-0.8799626265225631],[102.03608641946471,-0.880143316675471],[102.03626592145582,-0.8801431694552467],[102.03626606772731,-0.8803238595777265],[102.03572756163804,-0.880324301303065],[102.03572770791372,-0.8805049915160243]]],[[[102.03626533667025,-0.8794204089633281],[102.03608583471357,-0.8794205560626389],[102.03608539646561,-0.8788784856009161],[102.03590589450472,-0.8788786326008832],[102.03590574849073,-0.8786979424163495],[102.03554674449607,-0.8786982363298598],[102.03554645259258,-0.8783368558392975],[102.03590545655287,-0.8783365620466824],[102.03590531062898,-0.8781558718615494],[102.03608481255547,-0.8781557249824882],[102.03608510445048,-0.8785171052921016],[102.03626460636413,-0.8785169583439322],[102.03626475236527,-0.8786976484682109],[102.03644425425749,-0.8786975014811563],[102.03644469246697,-0.8792395717621035],[102.03626519054895,-0.8792397188398485],[102.03626533667025,-0.8794204089633281]]],[[[102.03069988737768,-0.8783408186517588],[102.030340881677,-0.8783411119424691],[102.03034059039216,-0.8779797296997258],[102.03016108751405,-0.8779798762717614],[102.03016094192517,-0.8777991851199208],[102.03069945044379,-0.8777987454683778],[102.03069988737768,-0.8783408186517588]]],[[[102.0339307874557,-0.8781574869602127],[102.03411028971247,-0.8781573401763199],[102.0341107273163,-0.8786994116376216],[102.03375172272115,-0.8786997053779917],[102.03375186863194,-0.878880395925105],[102.03303385904711,-0.8788809834227629],[102.03303371317074,-0.878700292754847],[102.03267470821548,-0.8787005863913319],[102.03267397936968,-0.8777971327468032],[102.03285348181933,-0.8777969860838616],[102.0328530448461,-0.8772549139853334],[102.03303254723998,-0.8772547674043323],[102.03303283854264,-0.8776161487431579],[102.03321234092368,-0.8776160020931179],[102.03321248662861,-0.8777966927320335],[102.03375099361747,-0.8777962526394304],[102.0337511393782,-0.8779769431875419],[102.03393064165638,-0.8779767964425059],[102.0339307874557,-0.8781574869602127]]],[[[102.03464821314803,-0.8774341381840611],[102.03518671936496,-0.8774336980651973],[102.03518730262269,-0.8781564592912777],[102.03500780054604,-0.8781566061270806],[102.03500794642694,-0.8783372964633195],[102.03482844431169,-0.8783374433206865],[102.03482800678482,-0.8777953722207239],[102.03464850466531,-0.8777955189787955],[102.03464821314803,-0.8774341381840611]]],[[[102.0328530448461,-0.8772549139853334],[102.03267354242223,-0.8772550605576916],[102.03267339683308,-0.8770743698275892],[102.03249389438778,-0.877074516361112],[102.03249360331665,-0.8767131348399237],[102.03231410085851,-0.8767132813044235],[102.03231395537652,-0.8765325905133394],[102.03213445289698,-0.8765327369390126],[102.03213459837038,-0.8767134277602858],[102.03177559330413,-0.8767137206460976],[102.03177515702538,-0.8761716480005625],[102.03213416204017,-0.8761713552958692],[102.03213401665674,-0.8759906644739986],[102.03231351911059,-0.8759905181388926],[102.0323132284166,-0.8756291365549329],[102.03249273082328,-0.8756289902715783],[102.03249258551273,-0.8754482995094909],[102.03267208788083,-0.875448153247702],[102.0326723785491,-0.8758095347112927],[102.03285188090436,-0.8758093883804902],[102.03285231715748,-0.8763514604838003],[102.0326728147765,-0.8763516069051862],[102.03267310574479,-0.8767129883667861],[102.03285260814292,-0.8767128418850114],[102.0328530448461,-0.8772549139853334]]],[[[102.02908029538501,-0.873282780804289],[102.02925979822012,-0.8732826350682836],[102.02926008784347,-0.8736440176833546],[102.02943959066573,-0.8736438718784242],[102.02944017030627,-0.8743666369855418],[102.0292606674498,-0.8743667829111148],[102.02926095743278,-0.8747281655238032],[102.02908145452922,-0.874728311501079],[102.02908174461494,-0.8750896941732903],[102.0289022416643,-0.8750898402022622],[102.02890238674354,-0.8752705315682265],[102.02872288375437,-0.8752706776187321],[102.028723028855,-0.8754513690146529],[102.028184519682,-0.8754518072048841],[102.02818466478689,-0.875632498691061],[102.02800516166073,-0.8756326447673689],[102.02800559712945,-0.8761747193151508],[102.02746708749409,-0.8761751577636139],[102.02746665210252,-0.8756330829445309],[102.02728714885654,-0.8756332289863309],[102.02728656878804,-0.8749104624375382],[102.02710706554639,-0.8749106083501542],[102.0271069206127,-0.8747299166823198],[102.02692741734967,-0.8747300625561785],[102.02692756227479,-0.8749107542541501],[102.02674805897324,-0.8749109001495262],[102.02674820391975,-0.8750915918774348],[102.02656870057969,-0.8750917377943248],[102.02656884554759,-0.8752724295521686],[102.0267483488962,-0.8752722836051448],[102.0267484939026,-0.875452975332656],[102.02692799722985,-0.8754528293468727],[102.02692814227477,-0.8756335210440492],[102.0263896321775,-0.8756339590659242],[102.02638977722664,-0.8758146508533033],[102.02621027379242,-0.8758147968734712],[102.02621012875184,-0.8756341050559616],[102.02603062529627,-0.8756342510373719],[102.02603048029421,-0.8754535591895347],[102.02567147331038,-0.8754538510662224],[102.02567132835539,-0.8752731591579347],[102.0258508318537,-0.8752730132540284],[102.02585068692007,-0.875092321375667],[102.02567118343033,-0.875092467249448],[102.02567074883474,-0.8745503915227961],[102.02602975573294,-0.8745500999473671],[102.0260296109105,-0.8743694080983376],[102.02620911430611,-0.8743692623278272],[102.02620896950506,-0.8741885705087276],[102.02602946611799,-0.8741887162491095],[102.02602932135541,-0.8740080243996828],[102.02620882473393,-0.8740078786894293],[102.0262085352815,-0.8736464950502376],[102.02602903192009,-0.8736466407002339],[102.0260288872473,-0.8734659488502118],[102.0263878939231,-0.8734656576018701],[102.02638774926318,-0.8732849658119086],[102.02692625902667,-0.8732845289652549],[102.02692611437104,-0.8731038372654965],[102.0271056175571,-0.8731036916628748],[102.02710576222125,-0.8732843833324959],[102.02728526538591,-0.873284237691133],[102.0272851207132,-0.8731035460516511],[102.02746462383936,-0.8731034004318252],[102.02746418997529,-0.8725613256026127],[102.02800269909719,-0.8725608889628231],[102.02800255451011,-0.8723801974431228],[102.02818205748228,-0.8723800519094809],[102.02818220207789,-0.872560743399033],[102.02836170502866,-0.8725605978266462],[102.02836184966277,-0.8727412892858504],[102.02890035836093,-0.8727408524266493],[102.02890064777029,-0.8731022351635418],[102.02908015062683,-0.8731020894662973],[102.02908029538501,-0.873282780804289]]],[[[102.03177341460977,-0.8740033574005143],[102.03159391216016,-0.8740035033777078],[102.03159362219458,-0.8736421215478835],[102.03177312462708,-0.8736419756310574],[102.03177297968071,-0.8734612847460309],[102.03195248207467,-0.873461138850783],[102.03195291702939,-0.8740032114147099],[102.032132419419,-0.8740030654202947],[102.0321327095559,-0.8743644470682119],[102.03195320714916,-0.8743645931230014],[102.03195306207428,-0.874183902268955],[102.0317735596461,-0.8741840482849448],[102.03177341460977,-0.8740033574005143]]],[[[102.03212119766928,-0.8599091805351212],[102.03230069936707,-0.859909036886834],[102.0323008420892,-0.860089727696071],[102.0328393470278,-0.8600892966098002],[102.03283920428039,-0.8599086058911405],[102.03301870585817,-0.8599084622089656],[102.03301856313236,-0.8597277715203061],[102.03319806467172,-0.8597276278598569],[102.0331977792933,-0.859366246542348],[102.03337728078581,-0.8593661029338276],[102.0333771381332,-0.8591854123049796],[102.0335566395873,-0.8591852687181939],[102.03355678224833,-0.8593659593168408],[102.03373628368082,-0.8593658156913871],[102.03373642638027,-0.8595465062596356],[102.03391592779118,-0.8595463625955106],[102.03391607052905,-0.8597270531333587],[102.03409557191834,-0.859726909430559],[102.03409585750096,-0.8600882904452555],[102.03391635609484,-0.8600884342084686],[102.03391649892274,-0.8602691247457305],[102.03373699747817,-0.8602692685306748],[102.03373728320719,-0.8606306496650216],[102.03355778171577,-0.8606307935018968],[102.03355821050911,-0.8611728652925593],[102.0333787089624,-0.8611730092115593],[102.03337899495783,-0.8615343904647584],[102.03319949336425,-0.8615345344356733],[102.03319977946285,-0.8618959157484882],[102.03302027782239,-0.8618960597713107],[102.03302056402413,-0.8622574411437378],[102.0328410623368,-0.8622575852184607],[102.03284134864168,-0.8626189666504962],[102.03266184690746,-0.8626191107771123],[102.03266199009646,-0.8627998015230299],[102.03284149183912,-0.8627996573662197],[102.03284163506657,-0.8629803480817473],[102.03320063847877,-0.8629800596822311],[102.03320078175312,-0.8631607503371689],[102.03338028342266,-0.8631606060944578],[102.03338014013987,-0.8629799154697199],[102.03355964177095,-0.8629797712487062],[102.03355949850973,-0.8627990806539734],[102.03373900010236,-0.8627989364546608],[102.03373885686268,-0.862618245889935],[102.03391835841686,-0.862618101712327],[102.03391807201069,-0.8622567206426973],[102.03409757351797,-0.8622565765170038],[102.03409728721498,-0.8618951955070037],[102.03463579150608,-0.8618947632602153],[102.03463593466789,-0.8620754536746825],[102.03499493739538,-0.8620751654072702],[102.03499479421671,-0.8618944750532324],[102.03517429552699,-0.8618943309370037],[102.03517400924287,-0.861532950288775],[102.03553301173962,-0.8615326621517235],[102.03553315488354,-0.8617133524154958],[102.0357126560953,-0.8617132083040155],[102.03571322900503,-0.8624359692362549],[102.0358927302205,-0.862435824995387],[102.03589287353145,-0.8626165151977324],[102.036431377023,-0.8626160823334645],[102.03643152038933,-0.8627967724449296],[102.03661102150154,-0.8627966281096116],[102.03661145180605,-0.863338698352135],[102.03679095291359,-0.8633385539176167],[102.03679109641696,-0.8635192439678318],[102.03715009855878,-0.8635189550128057],[102.03715038568946,-0.8638803349917031],[102.0373298867322,-0.8638801904409515],[102.03733003035107,-0.8640608803998668],[102.03750953137222,-0.8640607358103639],[102.03750967502958,-0.8642414257388422],[102.03768917602916,-0.8642412811105843],[102.03768931972505,-0.8644219710086235],[102.03822782256879,-0.8644215369820251],[102.03822796632011,-0.8646022267891305],[102.03840746721637,-0.8646020820663158],[102.0384073234566,-0.8644213922894599],[102.03876632514203,-0.8644211028787804],[102.0387661813954,-0.8642404131622323],[102.03894568218458,-0.8642402684743733],[102.03894553845953,-0.8640595787878833],[102.03912503921018,-0.8640594341217662],[102.03912489550676,-0.8638787444653364],[102.03930439621888,-0.8638785998209653],[102.03930425253706,-0.8636979101945974],[102.03948375321067,-0.8636977655719755],[102.03948389690095,-0.8638784551680833],[102.0400223987667,-0.8638780211583713],[102.0400225425124,-0.8640587106634918],[102.04038154362279,-0.8640584212205935],[102.04038139986017,-0.8638777317760097],[102.04109940168615,-0.8638771529091563],[102.0410995454826,-0.8640578422326464],[102.04145854623201,-0.8640575526875973],[102.04145869007543,-0.8642382419503332],[102.0418176907214,-0.8642379523106692],[102.04181754686104,-0.8640572631084982],[102.04253554775804,-0.8640566838481495],[102.04253569165222,-0.8642373729291697],[102.04271519180969,-0.8642372280625089],[102.04271533574241,-0.8644179171130404],[102.04289483587824,-0.8644177722075714],[102.04289541194406,-0.8651405282865546],[102.04271591177438,-0.8651406733131995],[102.04271605585761,-0.8653213623627474],[102.04253655564938,-0.8653215074111611],[102.04253669975425,-0.8655021964908045],[102.04235719950744,-0.8655023415609839],[102.04235734363394,-0.8656830306707209],[102.04217784334855,-0.865683175762662],[102.04217769923054,-0.8655024866226363],[102.04163919821923,-0.865502921756433],[102.0416390541567,-0.8653222325253552],[102.04128005334901,-0.8653225225113581],[102.04127990933351,-0.8651418332195223],[102.04110040889299,-0.8651419781694584],[102.04110026491604,-0.8649612888471477],[102.04056176343938,-0.8649617235549929],[102.04056161951793,-0.8647810341416626],[102.04038211897401,-0.8647811789969637],[102.04038226288702,-0.864961868440565],[102.04020276230456,-0.8649620133176155],[102.04020305020384,-0.8653233922647655],[102.04038255080324,-0.865323247327177],[102.04038283883979,-0.865684626213002],[102.04056233942605,-0.8656844812063467],[102.04056248349791,-0.8658651706186931],[102.04074198406256,-0.8658650255732364],[102.04074212817298,-0.8660457149551135],[102.04092162871602,-0.8660455698708521],[102.0409220612532,-0.8665876379244777],[102.04110156179159,-0.8665874927408556],[102.0411017060393,-0.866768182061394],[102.0412812065561,-0.8667680368389562],[102.0412810622999,-0.8665873475486959],[102.04164006322627,-0.8665870571387643],[102.04164020749943,-0.8667677463684635],[102.04217870868872,-0.8667673105986798],[102.04217856439013,-0.8665866214598359],[102.0423580647179,-0.8665864762164516],[102.0423579204409,-0.8664057871076996],[102.04253742073008,-0.8664056418860682],[102.04253727647472,-0.8662249528074092],[102.04271677672534,-0.8662248076075348],[102.04271663249159,-0.866044118558971],[102.04289613270362,-0.8660439733808564],[102.04289670985312,-0.8667667294527527],[102.04307621006897,-0.8667665841449228],[102.04307635444009,-0.8669472731321083],[102.04343535479845,-0.866946982430234],[102.04343564366492,-0.8673083602828198],[102.04325614348384,-0.867308505698626],[102.04325628795375,-0.8674891946549226],[102.04307678773408,-0.8674893400924818],[102.04307664327264,-0.8673086511058878],[102.04289714303133,-0.8673087965046051],[102.0428969986085,-0.8671281074875182],[102.04253799805255,-0.8671283981987326],[102.04253814245841,-0.8673090872764058],[102.04235864212681,-0.8673092326494893],[102.04235922001729,-0.8680319890793711],[102.04217971962161,-0.8680321345650646],[102.04217943063317,-0.8676707562899412],[102.04199993022439,-0.8676709017065094],[102.0419997857838,-0.8674902125383649],[102.04182028535342,-0.8674903579160996],[102.04182042978552,-0.8676710471145295],[102.04164092931656,-0.8676711925140012],[102.04164078489295,-0.8674905032852883],[102.041102283331,-0.867490939341576],[102.04110242772911,-0.8676716286611283],[102.0409229271398,-0.8676717740264075],[102.04092336048923,-0.8682138420747094],[102.04110286110404,-0.8682136966186014],[102.04110315017105,-0.8685750752559298],[102.04074414887738,-0.8685753662806935],[102.04074429343902,-0.8687560556596123],[102.04056479273855,-0.8687562011894312],[102.04056493732178,-0.8689368905984248],[102.04038543658272,-0.8689370361499558],[102.04038601518235,-0.869659793905038],[102.04056551595544,-0.8696596482324236],[102.04056566068905,-0.8698403376404288],[102.04074516144057,-0.8698401919289741],[102.04074530621277,-0.8700208813065088],[102.04146330895203,-0.8700202982538852],[102.04146345378838,-0.8702009875101137],[102.04200195555246,-0.8702005500397969],[102.04200210044446,-0.8703812392049778],[102.04254060196324,-0.8703808015666374],[102.04254089188863,-0.8707421797146724],[102.04236139139543,-0.870742325663275],[102.04236153639475,-0.870923014767286],[102.04218203586294,-0.8709231607375988],[102.0421824710159,-0.8714652281393094],[102.0420029704284,-0.871465374191903],[102.04200340582663,-0.8720074416826904],[102.04182390518343,-0.8720075878175539],[102.04182419558234,-0.8723689662043246],[102.04164469489197,-0.872369112391164],[102.04164498539416,-0.8727304908377079],[102.04146548465664,-0.8727306370765163],[102.0414657752621,-0.8730920155828295],[102.04128627447739,-0.8730921618735996],[102.0412865651861,-0.8734535404396784],[102.04110706435422,-0.8734536867824029],[102.04110735516619,-0.8738150654082436],[102.04092785428713,-0.8738152118029155],[102.04092770887465,-0.8736345224598182],[102.04056870704338,-0.8736348151627891],[102.04056885243875,-0.8738155045664334],[102.04038935146944,-0.8738156509352795],[102.04038964233331,-0.8741770298025141],[102.04056914331973,-0.874176883373126],[102.0405695798668,-0.8747189515816747],[102.04039007885471,-0.8747190981018753],[102.04039037001937,-0.8750804769671217],[102.04021086896006,-0.8750806235392433],[102.04021101457893,-0.8752613130018373],[102.04003151348101,-0.8752614595956051],[102.04003180479185,-0.8756228385807305],[102.03985230364671,-0.8756229852264067],[102.03985244933867,-0.8758036747489362],[102.03967294815487,-0.8758038214162499],[102.03967323961187,-0.8761652005212398],[102.03949373838088,-0.8761653472404488],[102.0394938841459,-0.8763460368229073],[102.03931438287626,-0.8763461835637449],[102.03931452866277,-0.8765268731762644],[102.03895552601611,-0.8765271666925536],[102.03895538024675,-0.8763464770195192],[102.03859637749697,-0.8763467704407585],[102.03859608608273,-0.8759853909730748],[102.03841658467991,-0.8759855376102412],[102.03841643902645,-0.8758048478458492],[102.03823693760215,-0.8758049944441357],[102.03823664640255,-0.8754436148542554],[102.03805714496532,-0.875443761383418],[102.03805699941917,-0.8752630715579314],[102.03787749796045,-0.8752632180482228],[102.03787735245292,-0.8750825281922913],[102.03733884792217,-0.8750829675206995],[102.037338993404,-0.8752636574673586],[102.03680048857711,-0.8752640968088866],[102.03680063406328,-0.875444786846058],[102.03662113238566,-0.8754449333062213],[102.03662098690806,-0.8752642432388162],[102.03644148520897,-0.8752643896601228],[102.03644163067801,-0.8754450797577599],[102.03626212894031,-0.8754452262006733],[102.03626227443083,-0.8756259163283414],[102.03608277265452,-0.8756260627928582],[102.0360829181665,-0.8758067529505554],[102.03590341635159,-0.875806899436672],[102.03590356188504,-0.8759875896243968],[102.03572406003151,-0.8759877361321096],[102.03572420558642,-0.8761684263498599],[102.03536520177214,-0.8761687193998388],[102.0353653473399,-0.876349409677834],[102.03518584537915,-0.8763495562200948],[102.03518569981995,-0.8761688659118801],[102.03500619783775,-0.8761690124152895],[102.03500605231713,-0.8759883220766583],[102.03482655031348,-0.8759884685412196],[102.03482640483148,-0.8758077781721735],[102.03464690280634,-0.8758079245978907],[102.0346470482798,-0.875988614997151],[102.03446754621609,-0.8759887614444514],[102.03446740075123,-0.8758080710149792],[102.0337493922305,-0.8758086565970474],[102.0337482298664,-0.8743631321874571],[102.0339277319731,-0.8743629860465234],[102.0339272965561,-0.8738209144802623],[102.03374779447508,-0.8738210605305806],[102.03374764940466,-0.8736403699778912],[102.03356814730218,-0.873640515989397],[102.03356800227031,-0.8734598254063058],[102.03338850014637,-0.8734599713790032],[102.03338835515308,-0.8732792807655116],[102.03356785726848,-0.8732791348230162],[102.033567422443,-0.8727370630719564],[102.03338792035323,-0.8727372089238475],[102.03338777547998,-0.8725565183095626],[102.03320827336876,-0.8725566641226555],[102.03320769420995,-0.8718339015427348],[102.03338719628702,-0.8718337558504407],[102.0333869068706,-0.8714723746196906],[102.03320740481058,-0.8714725202515855],[102.0332072601559,-0.8712918296057137],[102.03302775807443,-0.8712919751988245],[102.03302746887215,-0.8709305938460911],[102.0328479667777,-0.8709307393702256],[102.0328476777125,-0.8705693579563083],[102.03320668183731,-0.8705690670202467],[102.03320653733267,-0.8703883763733854],[102.03338603934155,-0.8703882309226889],[102.0333858948584,-0.8702075403058293],[102.03356539682875,-0.8702073948767592],[102.03356496353383,-0.8696653231155987],[102.03338546158903,-0.8696654684540643],[102.03338531722592,-0.8694847778364141],[102.03302631326329,-0.8694850684272438],[102.03302616894722,-0.8693043777489984],[102.03230816069598,-0.8693049587070885],[102.03230830497803,-0.8694856495061081],[102.0321288028317,-0.8694857947544083],[102.03212938022583,-0.8702085580692652],[102.03194987801545,-0.870208703429748],[102.03194958927543,-0.8698473217123402],[102.0317700870521,-0.8698474670038789],[102.03176979844908,-0.8694860852253097],[102.03159029621277,-0.869486230447911],[102.03159015196476,-0.8693055395281463],[102.03141064970697,-0.8693056847119994],[102.03141050549746,-0.8691249937618553],[102.03105150090894,-0.8691252840435093],[102.03105164510143,-0.8693059750540116],[102.03069264037596,-0.8693062653617655],[102.03069249620047,-0.869125574290912],[102.03051299380127,-0.869125719401769],[102.03051313796824,-0.8693064105027957],[102.03033363553054,-0.869306555635261],[102.03033377971899,-0.8694872467662613],[102.0301542772428,-0.8694873919203316],[102.03015442145272,-0.8696680830813038],[102.02997491893805,-0.8696682282569752],[102.02997506316942,-0.8698489194479176],[102.0301545656926,-0.8698487742420785],[102.03015499859214,-0.8703908477232162],[102.0303345011109,-0.8703907024182986],[102.03033464547921,-0.8705713935481132],[102.03051414797652,-0.8705712482044492],[102.03051443682014,-0.8709326304031423],[102.0306939393045,-0.8709324849905553],[102.0306940837798,-0.871113176059432],[102.03105308867562,-0.871112885148165],[102.03105323319797,-0.8712935761564923],[102.03123273560942,-0.8712934306578068],[102.03123288017028,-0.8714741216357581],[102.03141238256029,-0.8714739760983083],[102.03141223799089,-0.8712932851505373],[102.03159174034238,-0.8712931396346836],[102.03159130678858,-0.8707510668807288],[102.03141180446268,-0.8707512123060368],[102.03141166001326,-0.8705705213574743],[102.03123215766588,-0.8705706667440233],[102.03123201325496,-0.8703899757650826],[102.03105251088611,-0.8703901211128765],[102.0310523665137,-0.8702094301035599],[102.0308728641234,-0.8702095754126018],[102.03087271978949,-0.8700288843729109],[102.0306932173777,-0.8700290296432045],[102.03069278458142,-0.8694869564324217],[102.03105178932391,-0.8694866660643166],[102.03105207785885,-0.8698480480843336],[102.03123158020213,-0.8698479028270749],[102.0312317245231,-0.8700285938066085],[102.03141122684491,-0.8700284485105996],[102.03141137120437,-0.8702091394597554],[102.03159087350471,-0.8702089941249931],[102.03159101790268,-0.8703896850437695],[102.03177052018157,-0.8703895396702498],[102.0317708090845,-0.8707509214468417],[102.03195031135043,-0.870750776004376],[102.03195045585542,-0.8709314668621899],[102.03212995809987,-0.8709313213809581],[102.03213010264336,-0.8711120122083867],[102.03230960486636,-0.8711118666883854],[102.03230989406042,-0.8714732482822707],[102.03195088955034,-0.8714735394344436],[102.03195103417531,-0.8716542302914652],[102.03177153186675,-0.8716543758848582],[102.03177167651317,-0.8718350667718675],[102.0315921741661,-0.8718352123868565],[102.03159231883397,-0.8720159033038513],[102.0310538115872,-0.8720163401878217],[102.0310536669449,-0.8718356491802863],[102.03069466198085,-0.8718359403329589],[102.03069451738561,-0.8716552492648741],[102.03051501486713,-0.8716553947981531],[102.03051487031041,-0.8714747036996975],[102.03033536777049,-0.8714748491942174],[102.03033522325228,-0.8712941580653923],[102.02997621809956,-0.871294448968337],[102.02997592918717,-0.8709330665894192],[102.0297964265829,-0.8709332119676833],[102.02979613780747,-0.8705718295276421],[102.0299756403947,-0.8705716842097097],[102.0299754960434,-0.8703909930195581],[102.02979599346469,-0.8703911383073247],[102.02979584915191,-0.8702104470868098],[102.02943684392162,-0.8702107375762909],[102.02943669965583,-0.8700300462952518],[102.02925719700424,-0.8700301914969714],[102.02925705277696,-0.869849500185574],[102.0288980474009,-0.8698497905029822],[102.0288979032206,-0.8696690991310717],[102.02853889774171,-0.8696693893538913],[102.0285387536084,-0.8694886979214745],[102.02817974802669,-0.8694889880497199],[102.02817960394036,-0.869308296556804],[102.02782059825583,-0.8693085865904893],[102.0278201662276,-0.8687665119296745],[102.02764066336593,-0.8687666568432364],[102.02764051942493,-0.868585965259092],[102.0274610165418,-0.868586110133952],[102.02746087263925,-0.8684054185194681],[102.02728136973468,-0.8684055633556292],[102.0272812258706,-0.868224871710807],[102.02710172294456,-0.8682250165082732],[102.02710186680015,-0.8684057081832349],[102.02674286084127,-0.8684059978127785],[102.02674271700268,-0.8682253060775439],[102.02656321398682,-0.8682254508493482],[102.02656307018665,-0.8680447590837829],[102.02638356714935,-0.8680449038169012],[102.026383710941,-0.8682255956125985],[102.02584520162397,-0.8682260298510243],[102.02584534542008,-0.8684067217369097],[102.02530683580814,-0.8684071559887179],[102.02530669203752,-0.8682264640124631],[102.02494768549691,-0.8682267534106515],[102.02494782925051,-0.8684074454471438],[102.0242298157762,-0.868408024261324],[102.02422995952574,-0.8685887164180721],[102.02405045607384,-0.8685888611303362],[102.0240505998448,-0.8687695533169961],[102.0238710963545,-0.8687696980508094],[102.02387124014687,-0.8689503902673787],[102.02369173661815,-0.8689505350227379],[102.0236913053563,-0.8684084582821218],[102.02351180182318,-0.8684086029386091],[102.02351165813755,-0.868227910661239],[102.02315265099857,-0.868228199888344],[102.02315250735984,-0.8680475075505751],[102.02297300375399,-0.868047652121198],[102.0229731473842,-0.868228344489065],[102.02279364373994,-0.8682284890812323],[102.02279350011823,-0.8680477966832687],[102.02207548527612,-0.8680483748460264],[102.02207534171829,-0.8678676823274979],[102.02171633413485,-0.8678679712973886],[102.02171647767568,-0.86804866387609],[102.02153697383062,-0.8680488083782935],[102.02153683029827,-0.867868115769508],[102.02135732643181,-0.8678682602330764],[102.02135746995567,-0.8680489528719441],[102.02117796605083,-0.8680490973570422],[102.02117810959608,-0.868229790025793],[102.02099860565285,-0.8682299345324174],[102.02099874921949,-0.8684106272310498],[102.02117825317121,-0.8684104826943468],[102.02117839677625,-0.8685911753627035],[102.02135790070659,-0.8685910307873642],[102.02135775709306,-0.868410338149088],[102.021537260985,-0.868410193595273],[102.02153740460703,-0.8685908862034669],[102.02171690847759,-0.8685907416110119],[102.02171705213802,-0.8687714341889249],[102.02189655598717,-0.8687712895578263],[102.02189698717333,-0.8693133672001239],[102.02207649101811,-0.8693132224702033],[102.02207663481514,-0.8694939149871537],[102.02189713096183,-0.869494059747162],[102.02189727478024,-0.8696747522940023],[102.02171777088853,-0.8696748970755296],[102.021718058598,-0.8700362822287894],[102.02153855465937,-0.8700364270619161],[102.0215384107982,-0.869855734455301],[102.02117940284832,-0.8698560240356753],[102.02117925903406,-0.8696753313687],[102.02082025098164,-0.8696756208546375],[102.02082010721429,-0.8694949281273093],[102.02064060315178,-0.8694950728273503],[102.02064045942284,-0.8693143800697495],[102.02028145122515,-0.8693146693839862],[102.02028159493706,-0.8694953622017318],[102.01992258660285,-0.8694956515418458],[102.01992244290794,-0.8693149586639629],[102.01974293870452,-0.8693151032911037],[102.01974308239092,-0.8694957961990529],[102.01956357814912,-0.8694959408476929],[102.01956372185687,-0.869676633785509],[102.01938421757669,-0.869676778455645],[102.0193843613058,-0.8698574714233258],[102.01902535263878,-0.8698577607980116],[102.01902520892669,-0.8696770677702106],[102.0188457045569,-0.8696772124146407],[102.0188455608832,-0.869496519356585],[102.01830704762014,-0.869496953148302],[102.01830661685479,-0.8689548737024676],[102.01848612128013,-0.8689547292039511],[102.018485690758,-0.8684126498464976],[102.01830618635816,-0.8684127942548584],[102.018306042919,-0.868232101105261],[102.01794703404673,-0.8682323898362154],[102.01794689065444,-0.8680516966263225],[102.01758788167973,-0.8680519852629683],[102.01758773833429,-0.867871291992787],[102.01686972006064,-0.8678718690432852],[102.01686957677902,-0.8676911756527456],[102.01669007214447,-0.8676913198639571],[102.0166899289012,-0.867510626443185],[102.0165104242453,-0.8675107706158132],[102.01651028104035,-0.86733007716481],[102.01633077636312,-0.8673302212988584],[102.0163306331965,-0.8671495278176261],[102.01704865169245,-0.8671489513502981],[102.01704850852171,-0.8669682579890088],[102.01722801306259,-0.8669681138808567],[102.01722772679372,-0.8666067272177662],[102.01740723128779,-0.8666065831611547],[102.0174073744158,-0.8667872764627571],[102.0175868788885,-0.866787132367564],[102.017586735752,-0.8666064390960045],[102.01812524896553,-0.8666060068493238],[102.01812539212746,-0.8667867000307435],[102.01848440080416,-0.8667864117634958],[102.0184845440129,-0.8669671048846167],[102.01902305682944,-0.8669666723295274],[102.01902320009351,-0.8671473653602856],[102.0193822085055,-0.8671470768873969],[102.01938206522445,-0.8669663839167585],[102.02010008165601,-0.8669658069887174],[102.02010022497102,-0.8671464998390952],[102.0202797290127,-0.8671463555556603],[102.02027987236606,-0.8673270483757712],[102.02117739216871,-0.8673263266800685],[102.02117724877291,-0.8671456340103328],[102.02153625646778,-0.8671453453323962],[102.02153611308489,-0.8669646527226259],[102.02189512064324,-0.8669643640706846],[102.02189497727326,-0.8667836715208872],[102.0224334883611,-0.8667832385691796],[102.02243363175651,-0.8669639310287093],[102.02279263901588,-0.8669636422913501],[102.02279278245817,-0.8671443346904956],[102.02315178961489,-0.8671440458587748],[102.02315193310405,-0.8673247381975289],[102.0235109401581,-0.8673244492714323],[102.02351108369417,-0.8675051415497878],[102.02369058718482,-0.8675049970438179],[102.02369044364026,-0.8673243047955659],[102.02386994709252,-0.8673241603111544],[102.02387009064557,-0.8675048525293012],[102.02440860084828,-0.8675044189344682],[102.02440845726976,-0.867323726806648],[102.02458796060233,-0.8673235822880553],[102.02458753002085,-0.8667815059937505],[102.02494653654531,-0.8667812171116197],[102.02494639306104,-0.8666005250733544],[102.0251258962699,-0.8666003806495971],[102.02512575280707,-0.8664196886412527],[102.02494624960669,-0.8664198330348926],[102.02494610618226,-0.8662391409962334],[102.02476660296043,-0.8662392853512211],[102.0247664595744,-0.8660585932822497],[102.02458695633112,-0.8660587375985884],[102.02458709970867,-0.8662394296976741],[102.0242280931154,-0.8662397183649759],[102.0242279497548,-0.8660590262056674],[102.02440745305793,-0.8660588819063942],[102.02440716640955,-0.865697497647408],[102.02548418549814,-0.8656966320339827],[102.02548432885823,-0.865877323982873],[102.02566383194339,-0.8658771796539936],[102.02566397534189,-0.8660578715725644],[102.02584347840558,-0.8660577272050289],[102.02584362184247,-0.866238419093278],[102.02602312488472,-0.8662382746870835],[102.02602298143935,-0.8660575828289607],[102.02709999901325,-0.8660567163933649],[102.02710014250948,-0.8662374080706903],[102.02692063964689,-0.866237552528092],[102.02692078316458,-0.8664182442353578],[102.02710028603566,-0.8664180997478188],[102.02710057317788,-0.8667794831014854],[102.02674156737183,-0.8667797721885733],[102.02674171097088,-0.866960463925384],[102.02656220801447,-0.8669606084862518],[102.02656235163496,-0.8671413002529996],[102.02674185459988,-0.867141155661998],[102.02674199825881,-0.867321847398415],[102.02692150120227,-0.8673217027687345],[102.02692178862696,-0.8676830861807063],[102.02710129155746,-0.8676829414822058],[102.0271014353232,-0.8678636331577589],[102.02763994396045,-0.8678631989205428],[102.02764008778165,-0.868043890505476],[102.02781959060933,-0.868043745712492],[102.02781973446898,-0.8682244372670833],[102.02799923727518,-0.8682242924354009],[102.02799909340706,-0.8680436009109554],[102.02817859617483,-0.868043456100867],[102.02817830851143,-0.867682073111681],[102.02799880576065,-0.8676822178614735],[102.02799866198238,-0.8675015263364368],[102.02781915921014,-0.8675016710475346],[102.02781887176045,-0.8671402879365775],[102.02817787724102,-0.8671399986264237],[102.02817773354413,-0.8669593071309439],[102.028357236231,-0.8669591624932018],[102.02835737993637,-0.867139853958532],[102.02853688260177,-0.8671397092820967],[102.02853673888791,-0.8669590178469184],[102.02907524667886,-0.8669585838568181],[102.0290751029695,-0.8667778925119081],[102.02925460549807,-0.8667777478616171],[102.0292544618102,-0.8665970565466689],[102.02943396430031,-0.8665969119179987],[102.02943410799666,-0.8667776032027864],[102.02961361046529,-0.8667774585354158],[102.02961346676047,-0.8665967672807904],[102.02979296919064,-0.8665966226350441],[102.0297928255073,-0.8664159314103859],[102.02997232789902,-0.8664157867862673],[102.0299720406053,-0.8660544043966919],[102.03015154295008,-0.8660542598243726],[102.03015125575932,-0.8656928774943451],[102.03033075805718,-0.865692732973832],[102.03033061449828,-0.8655120418386925],[102.0305101167577,-0.8655118973398213],[102.03050997322032,-0.8653312062346563],[102.03033047096937,-0.8653313507033563],[102.03033018400149,-0.8649699684320942],[102.03050968623549,-0.8649698240237366],[102.03050954278805,-0.864789132917982],[102.03033004056252,-0.8647892772961685],[102.0303298971535,-0.8646085861600462],[102.03015039490644,-0.8646087304995432],[102.0301502515359,-0.8644280393330553],[102.02997074926732,-0.8644281836338664],[102.02997031936088,-0.8638861100427215],[102.0306883281538,-0.8638855331504198],[102.03068818487779,-0.8637048420736597],[102.03086768699262,-0.8637046978594809],[102.03086725731912,-0.8631626247185472],[102.03068775522965,-0.8631627688422021],[102.03068761207356,-0.8629820777646573],[102.03050810996255,-0.862982221849635],[102.03050825311018,-0.8631629129573527],[102.02961074206323,-0.8631636334055447],[102.02961088519861,-0.8633443246639041],[102.02925188055312,-0.8633446128439748],[102.02925202370156,-0.8635253041624604],[102.0290725213254,-0.8635254482698955],[102.02907266449536,-0.8637061396183437],[102.0283546546573,-0.863706716083624],[102.02835479782343,-0.8638874075524928],[102.02763678747219,-0.8638879840022093],[102.02763607211027,-0.8629845260529629],[102.02799507726128,-0.8629842381465799],[102.02799493426186,-0.8628035466164327],[102.028174436784,-0.8628034026806356],[102.02817415085813,-0.8624420196800493],[102.02799464835289,-0.8624421635555506],[102.02799450544333,-0.8622614720248158],[102.02763550035986,-0.8622617596900364],[102.02763535749713,-0.862081068098815],[102.02745585491891,-0.8620812118885398],[102.02745556930019,-0.8617198286452245],[102.02817357936588,-0.8617192536765262],[102.02817372219401,-0.8618999451777011],[102.028532727064,-0.8618996575821111],[102.02853301284385,-0.8622610404632702],[102.02871251525079,-0.8622608965924311],[102.0287126581941,-0.8624415880025638],[102.02889216057952,-0.8624414440930742],[102.02889201762775,-0.8622607527130969],[102.02907151997475,-0.8622606088252674],[102.02907123414425,-0.8618992261250384],[102.02925073644441,-0.8618990822890311],[102.02925059356568,-0.8617183909687814],[102.02943009582742,-0.8617182471544428],[102.0294302387146,-0.8618989384445318],[102.02960974095483,-0.8618987945915411],[102.0296098838804,-0.8620794858512724],[102.02978938609908,-0.8620793419596259],[102.02978924316507,-0.8618986507300586],[102.02996874534534,-0.8618985068600845],[102.02996860243287,-0.8617178156604873],[102.03014810457474,-0.861717671812189],[102.03014796168381,-0.8615369806425635],[102.03032746378726,-0.8615368368159446],[102.03032732091788,-0.8613561456762927],[102.03050682298291,-0.8613560018713569],[102.03050653731722,-0.8609946196518078],[102.03068603933544,-0.8609944758987317],[102.03068589653914,-0.8608137848188363],[102.03050639452935,-0.86081392854174],[102.03050610904354,-0.8604525463210173],[102.03068561103649,-0.8604524026584593],[102.03068575377283,-0.8606330937387456],[102.0314037614784,-0.8606325188830316],[102.03140361870838,-0.8604518279234545],[102.03158312055139,-0.86045168421851],[102.03158297780294,-0.8602709932889192],[102.03140347596835,-0.8602711369636821],[102.0314033332583,-0.8600904460037139],[102.03122383140213,-0.860090589639821],[102.03122368873049,-0.8599098986494779],[102.03104418685277,-0.859910042246933],[102.03104404421953,-0.859729351226216],[102.03086454232024,-0.8597294947850229],[102.03086468494506,-0.8599101858359165],[102.03050568103968,-0.859910472988467],[102.03050582367766,-0.8600911640995125],[102.03032632167158,-0.8600913076932509],[102.03032589387284,-0.8595492342690153],[102.03050539585368,-0.8595490907657902],[102.03050525330565,-0.8593683996541586],[102.03068475524809,-0.8593682561726378],[102.03068461272161,-0.8591875650909838],[102.0305051107876,-0.8591877085423317],[102.03050468341331,-0.8586456352056804],[102.03086368720095,-0.8586453484755615],[102.030863544786,-0.8584646574233017],[102.03104304662645,-0.8584645140757293],[102.0310431890498,-0.858645205097813],[102.0315816944164,-0.8586447749138095],[102.03158240710901,-0.8595482295686014],[102.03176190887994,-0.859548086006097],[102.03176205151685,-0.859728776906286],[102.03212105498557,-0.8597284896954998],[102.03212119766928,-0.8599091805351212]]],[[[102.04361240428571,-0.8638751258028147],[102.04343290429567,-0.8638752706514443],[102.04343261657328,-0.8635138927913792],[102.04361211654641,-0.8635137480033517],[102.043612260401,-0.8636944369031815],[102.04379176035246,-0.8636942920763439],[102.04379161648941,-0.8635136032068169],[102.04397111640232,-0.8635134584017748],[102.04397097256094,-0.8633327695623565],[102.04415047243526,-0.8633326247791139],[102.0441506162851,-0.8635133135882263],[102.04433011613777,-0.86351316876617],[102.04433069187209,-0.8642359238794218],[102.04379219212228,-0.8642363586837457],[102.0437920481689,-0.8640556698148081],[102.04361254820051,-0.8640558147022515],[102.04361240428571,-0.8638751258028147]]],[[[102.04378760054924,-0.8584543147804738],[102.0432491013377,-0.8584547465992698],[102.04324895837307,-0.8582740576331609],[102.04432595647475,-0.8582731941012757],[102.04432609948978,-0.8584538828855626],[102.04468509863291,-0.8584535949133353],[102.04468538478692,-0.8588149723600802],[102.04432638561019,-0.8588152604535506],[102.04432624253492,-0.8586345716696542],[102.04378774356917,-0.8586350036554844],[102.04378760054924,-0.8584543147804738]]],[[[102.03786323850294,-0.8573749213523728],[102.03786338106526,-0.8575556112276054],[102.03750437971969,-0.8575558982546413],[102.03750423717415,-0.8573752083189224],[102.03768373785357,-0.8573750648398709],[102.03768345283584,-0.8570136850283331],[102.03786295346843,-0.8570135416013227],[102.03786281099624,-0.8568328517255054],[102.0380423115904,-0.8568327083202977],[102.03804245407096,-0.8570133981658693],[102.03858095569825,-0.8570129678088494],[102.03858124079986,-0.8573743473179118],[102.03840174027071,-0.8573744908391973],[102.03840159771327,-0.8571938010545122],[102.03804259658159,-0.857194088011246],[102.03804273912225,-0.8573747778564276],[102.03786323850294,-0.8573749213523728]]],[[[102.03678609167406,-0.8571950920937947],[102.03678637666798,-0.8575564722073297],[102.03696587747598,-0.8575563287318305],[102.0369664478579,-0.8582790888356203],[102.03624844431133,-0.8582796631706444],[102.03624830170438,-0.8580989730240597],[102.03606880075104,-0.8580991165564483],[102.03606865818253,-0.8579184263794407],[102.03588915720754,-0.857918569873149],[102.03588901467745,-0.85773787966572],[102.03606851564403,-0.8577377362022379],[102.03606808820881,-0.8571956656694599],[102.03624758912017,-0.8571955222882113],[102.03624744669344,-0.8570148321404569],[102.03642694756638,-0.8570146887809932],[102.03642680516131,-0.8568339986632735],[102.03660630599583,-0.8568338553255979],[102.0366061636124,-0.856653165237915],[102.0367856644085,-0.8566530219220312],[102.03678552204673,-0.8564723318643872],[102.03714452353204,-0.8564720452677721],[102.03714438118354,-0.856291355270405],[102.03732388187274,-0.8562912119896792],[102.03732373954591,-0.8561105220223565],[102.0371442388651,-0.8561106652728436],[102.0371440965767,-0.8559299752750876],[102.03678509514167,-0.8559302616902869],[102.03678523741331,-0.8561109517485147],[102.03660573664237,-0.8561110949736987],[102.03660545214588,-0.8557497147965817],[102.03642595136164,-0.8557498579528682],[102.03642580916683,-0.8555691678337863],[102.03624630836093,-0.855569310951412],[102.03624616620452,-0.855388620801906],[102.03588716451935,-0.8553889069514168],[102.03588702240974,-0.8552082167412618],[102.03570752153047,-0.8552083597731519],[102.03570766363173,-0.855389050013531],[102.03534866176636,-0.8553893361124779],[102.0353488038809,-0.855570026413106],[102.0351693028948,-0.8555701694801574],[102.03516916078864,-0.8553894791493102],[102.03498965978089,-0.8553896221777151],[102.03498980187868,-0.8555703125387797],[102.03481030083253,-0.8555704555889729],[102.03481044295198,-0.8557511459800587],[102.03463094186745,-0.8557512890520363],[102.03463122617963,-0.8561126698940512],[102.03445172504831,-0.8561128130180221],[102.03445158288558,-0.8559321225668999],[102.03427208173264,-0.8559322656522259],[102.03427193960829,-0.8557515751706992],[102.0340924384337,-0.8557517182173842],[102.03409229634775,-0.8555710277054545],[102.03391279515151,-0.8555711707135019],[102.03391265310395,-0.8553904801711713],[102.03373315188607,-0.8553906231405849],[102.03373329392525,-0.8555713137131203],[102.03355379266898,-0.8555714567043096],[102.03355393472981,-0.8557521473068537],[102.03337443343516,-0.855752290319815],[102.03337457551761,-0.8559329809523657],[102.03355407682065,-0.8559328379092033],[102.03355421894148,-0.8561135285113587],[102.03373372022287,-0.8561133854295602],[102.0337338623821,-0.8562940760013178],[102.03409286487162,-0.8562937897520062],[102.03409300707762,-0.8564744802631576],[102.0339135058395,-0.8564746234222382],[102.03391379032477,-0.8568360045043706],[102.03409329157967,-0.8568358612848769],[102.03409343387573,-0.8570165517954441],[102.03373443131913,-0.8570168382864015],[102.03373428903986,-0.8568361477154225],[102.03337528638001,-0.8568364341122018],[102.03337514414751,-0.8566557434806239],[102.03319564278094,-0.8566558866361517],[102.03319550058684,-0.8564751959741796],[102.03247749485409,-0.8564757683911115],[102.03247735272353,-0.8562950776081647],[102.03229785122372,-0.8562952206611117],[102.03229770913154,-0.8561145298477795],[102.0321182076101,-0.8561146728621017],[102.03211792353247,-0.8557532911744764],[102.03247692651182,-0.8557530052581566],[102.03247678450126,-0.8555723144744316],[102.03265628593755,-0.8555721715338176],[102.03265586006071,-0.8550300992720534],[102.03337386540544,-0.8550295277876668],[102.03337372347302,-0.854848837154144],[102.03355322472581,-0.854848694292189],[102.03355308281505,-0.854668003688673],[102.03373258402947,-0.854667860848499],[102.03373244214035,-0.8544871702749917],[102.03391194331638,-0.8544870274566022],[102.03391151780401,-0.8539449558255303],[102.03409101892495,-0.8539448130893419],[102.0340904519619,-0.8532220510326881],[102.03391095087437,-0.8532221936480505],[102.03391066758962,-0.8528608125581468],[102.03409016866046,-0.8528606700031981],[102.03409002705477,-0.8526799794881619],[102.03426952808724,-0.8526798369550189],[102.03426938650321,-0.8524991464699974],[102.03462838846141,-0.8524988614389314],[102.03462824689072,-0.8523181710141382],[102.03498724871216,-0.8523178860099057],[102.03498710715479,-0.8521371956453478],[102.03534610883945,-0.8521369106679633],[102.03534625041348,-0.8523176009720849],[102.03552575121913,-0.8523174584405789],[102.03552589283153,-0.8524981487142859],[102.0362438957871,-0.8524975783833907],[102.03624403746291,-0.852678268536003],[102.03642353813507,-0.8526781259020526],[102.03642367984926,-0.8528588160242412],[102.03660318049971,-0.8528586733516588],[102.0366037476903,-0.8535814337175488],[102.03678324834411,-0.853581290915631],[102.03678339022521,-0.853761980976385],[102.03714239145944,-0.8537616952868489],[102.03714253338728,-0.8539423852869374],[102.0373220339677,-0.8539422423993136],[102.03732217593395,-0.8541229323689693],[102.03768117702133,-0.8541226465080004],[102.03768103503836,-0.8539419565988275],[102.03839903681904,-0.8539413848968993],[102.0383988948327,-0.8537606951085187],[102.03893739582755,-0.8537602663344946],[102.03893767988045,-0.8541216457295449],[102.03911718016866,-0.8541215027275352],[102.03911732224857,-0.8543021923945124],[102.03947632275151,-0.8543019063047306],[102.03947660703497,-0.8546632855170662],[102.03965610725807,-0.8546631423990269],[102.03965624945326,-0.8548438319746411],[102.04001524982597,-0.8548435456527739],[102.04001539206797,-0.855024235167665],[102.04019489221758,-0.8550240919638317],[102.04019503449803,-0.8552047814482613],[102.04091303482917,-0.8552042084276053],[102.04091317717318,-0.8553848977907542],[102.041272177175,-0.8553846111693204],[102.04127231956585,-0.8555653004717211],[102.04001581897442,-0.8555663037111721],[102.0400156766422,-0.8553856141968644],[102.03929767567608,-0.8553861871700638],[102.0392975334074,-0.8552054975345107],[102.03840003156512,-0.8552062134101253],[102.03839988936838,-0.8550255236231045],[102.03822038891809,-0.8550256667427021],[102.03822024675978,-0.8548449769252374],[102.0378612457858,-0.8548452630786679],[102.03786138792739,-0.8550259529566258],[102.03768188738697,-0.8550260960509523],[102.03768202955025,-0.8552067859589593],[102.03750252897139,-0.8552069290751043],[102.03750267115636,-0.8553876190131594],[102.03732317053908,-0.8553877621511196],[102.03732345498241,-0.8557491420871269],[102.03750295561642,-0.8557489988886863],[102.03750309789153,-0.8559296888261578],[102.03786209908617,-0.8559294023434978],[102.03786238376004,-0.856290782096885],[102.03768288316098,-0.8562909254029193],[102.03768302553462,-0.8564716153095647],[102.03786252614206,-0.8564714719732864],[102.03786281099624,-0.8568328517255054],[102.03768331037205,-0.8568329951222718],[102.03768316793831,-0.8566523052160155],[102.03750366729244,-0.8566524485740981],[102.0375038097178,-0.8568331385105965],[102.0373243090335,-0.8568332818904798],[102.0373244514805,-0.8570139718570238],[102.03696545000498,-0.8570142586519413],[102.03696559246528,-0.8571949486787659],[102.03678609167406,-0.8571950920937947]]],[[[102.02906356202958,-0.8521418929238692],[102.02888406015241,-0.8521420351229201],[102.0288839189086,-0.8519613437318425],[102.02906342077745,-0.8519612015629484],[102.02906327955527,-0.8517805102018339],[102.02924278138579,-0.8517803680547045],[102.0292429226163,-0.8519610593856605],[102.0294224244252,-0.851960917199979],[102.02942256569402,-0.8521416085005813],[102.02960206748129,-0.852141466276344],[102.0296022087884,-0.8523221575465907],[102.02906370331168,-0.852322584284597],[102.02906356202958,-0.8521418929238692]]],[[[102.02906215085667,-0.8503349793059546],[102.02870314723901,-0.8503352630925448],[102.02870300630318,-0.8501545716693786],[102.02942101338537,-0.8501540041833173],[102.0294211543545,-0.8503346954858534],[102.02960065605845,-0.8503345535632364],[102.02960093810324,-0.8506959361074047],[102.02924193463208,-0.8506962200649058],[102.02924179361133,-0.8505155287325957],[102.02906229183913,-0.850515670668616],[102.02906215085667,-0.8503349793059546]]],[[[102.02924094811624,-0.8494313807346806],[102.02906144639394,-0.8494315224897501],[102.02906158722655,-0.8496122138533772],[102.02888208546598,-0.8496123556302344],[102.02888194464168,-0.8494316642364507],[102.02870244285945,-0.8494318059747826],[102.02870230207341,-0.8492511145506512],[102.02852280026956,-0.8492512562504612],[102.02852294104726,-0.8494319477047458],[102.028163937333,-0.8494322311395653],[102.02816365584079,-0.8490708481102018],[102.02834315769627,-0.8490707064572756],[102.02834287630726,-0.8487093234874391],[102.02852237811616,-0.8487091818864502],[102.028522518804,-0.8488898733413134],[102.02870202059127,-0.8488897317018096],[102.02870216131736,-0.8490704231263269],[102.02888166308297,-0.8490702814483048],[102.02888180384734,-0.8492509728424743],[102.02924080730529,-0.8492506894010191],[102.02924094811624,-0.8494313807346806]]],[[[102.03372791753465,-0.8487050718204502],[102.03354841659531,-0.848705213663926],[102.03354898045713,-0.8494279761023846],[102.0337284814297,-0.8494278341380969],[102.0337286224785,-0.8496085247170262],[102.03408762435025,-0.8496082407029335],[102.03408790657114,-0.8499696217393903],[102.03390840563364,-0.8499697638110347],[102.03390882916513,-0.8505118354548902],[102.03283182276009,-0.8505126882525086],[102.03283125831115,-0.849789925335508],[102.0330107594204,-0.8497897833443033],[102.03301033637379,-0.8492477112451124],[102.0331898374281,-0.8492475693361283],[102.03318885131137,-0.8479827346426468],[102.0333683522775,-0.8479825929366913],[102.03336849306962,-0.8481632835775678],[102.03354799401406,-0.848163141833057],[102.03354785321365,-0.8479824512223815],[102.03372735411979,-0.8479823094997172],[102.0337272133411,-0.8478016189190521],[102.03354771244327,-0.8478017606115134],[102.03354743099251,-0.8474403793891994],[102.03390643272499,-0.8474400961167393],[102.03390657345194,-0.847620786667585],[102.03408607428145,-0.847620644988625],[102.03408663752262,-0.8483434070692553],[102.03390713665992,-0.8483435488690414],[102.03390727753695,-0.8485242394189235],[102.03372777663591,-0.848524381240556],[102.03372791753465,-0.8487050718204502]]],[[[102.02995586305713,-0.8454556068999851],[102.02977636163719,-0.8454557480248887],[102.02977608131415,-0.8450943655298745],[102.03013508409099,-0.8450940833924039],[102.03013522425405,-0.845274774579674],[102.03031472560578,-0.8452746334682807],[102.0303148658071,-0.8454553246251896],[102.0301353644471,-0.8454554657667522],[102.03013550467013,-0.8456361569536384],[102.02995600327188,-0.8456362981170383],[102.02995586305713,-0.8454556068999851]]],[[[102.0283400690081,-0.8450954937467143],[102.02869907226439,-0.8450952117424609],[102.02869893219746,-0.8449145203137104],[102.0288784337724,-0.8449143793292492],[102.02887815371187,-0.844552996531482],[102.02905765524031,-0.8445528555990098],[102.02905779526385,-0.8447335469678329],[102.0292372967706,-0.8447334059968816],[102.02923757692412,-0.845094788673635],[102.02905807540084,-0.8450949297049032],[102.02905821551428,-0.8452756210731501],[102.02834020908844,-0.845276185235577],[102.0283400690081,-0.8450954937467143]]],[[[102.03677591192454,-0.8441854074899849],[102.03803241263587,-0.8441844186485707],[102.03803255301264,-0.8443651085076791],[102.0378530529929,-0.8443652498259342],[102.03785319339146,-0.8445459397150958],[102.03803269341947,-0.8445457983665952],[102.03803297432327,-0.8449071780838513],[102.03785347427873,-0.8449073194928433],[102.03785361476746,-0.845088009381429],[102.03803311482027,-0.8450878679421912],[102.03803325534729,-0.8452685578003389],[102.03785375528624,-0.8452686992698222],[102.03785389583504,-0.8454493891580235],[102.03767439573565,-0.8454495306494233],[102.03767453630624,-0.8456302205676761],[102.03713603580292,-0.8456306450826198],[102.03713617637872,-0.8458113350914013],[102.0369566761426,-0.845811476609957],[102.03695653557506,-0.8456307865709389],[102.03659753502919,-0.8456310695225836],[102.03659739450823,-0.8454503794229051],[102.03623839385877,-0.8454506622807645],[102.03623825338441,-0.8452699721204328],[102.0364177537159,-0.8452698307258975],[102.03641747284074,-0.844908450465117],[102.03623797252581,-0.844908591799193],[102.03623783214155,-0.8447279016382853],[102.03641733244822,-0.8447277603344385],[102.03641719208575,-0.8445470702035681],[102.03623769178735,-0.8445472114771851],[102.03623755146316,-0.8443665213158932],[102.03605805114299,-0.8443666625509619],[102.03605791085711,-0.8441859723592503],[102.03587841051515,-0.8441861135557743],[102.03587855079277,-0.8443668037777121],[102.03569905041253,-0.8443669449961434],[102.03569919071191,-0.8445476352481134],[102.0349811888576,-0.844548200159531],[102.03498104859128,-0.8443675097866816],[102.0348015480609,-0.8443676509635196],[102.03480126763483,-0.8440062701568152],[102.03462176709097,-0.8440064112649069],[102.03462162693124,-0.8438257208310534],[102.03426262576993,-0.8438260029618702],[102.03426248565674,-0.8436453124674032],[102.03444198624413,-0.8436451714363614],[102.0344418461527,-0.8434644809719125],[102.03462134670183,-0.8434643399627709],[102.03462148680151,-0.843645030397008],[102.03480098732888,-0.8436448893493432],[102.03480112746685,-0.8438255797531752],[102.03498062797244,-0.8438254386669833],[102.0349807681487,-0.8440061290404081],[102.03677577163565,-0.8440047174190033],[102.03677591192454,-0.8441854074899849]]],[[[102.0294142821112,-0.8414808214352028],[102.02959378340948,-0.8414806809905208],[102.02959392294831,-0.8416613722721197],[102.02977342422486,-0.8416612317889832],[102.02977356380191,-0.8418419230402273],[102.03013256628154,-0.8418416419887453],[102.03013270590506,-0.8420223331794655],[102.03049170828128,-0.8420220520344677],[102.03049184795123,-0.8422027431646568],[102.03031234676988,-0.8422028837714743],[102.03031276593491,-0.8427449572514055],[102.030492267141,-0.8427448165540757],[102.03049240693089,-0.8429255076834992],[102.03085140926964,-0.8429252262035837],[102.03085154910599,-0.8431059172724685],[102.03103105023865,-0.8431057764898778],[102.03103119011325,-0.843286467528395],[102.03121069122417,-0.8432863267073197],[102.03121083113702,-0.8434670177154674],[102.03139033222621,-0.8434668768559044],[102.03139047217728,-0.8436475678336808],[102.03156997324473,-0.8436474269356263],[102.03157011323407,-0.8438281178830294],[102.03174961427979,-0.8438279769464798],[102.03174975430737,-0.8440086678635078],[102.03192925533135,-0.8440085268884597],[102.03192981577465,-0.8447312904339137],[102.0317503147176,-0.8447314315297021],[102.03175045489515,-0.8449121224457709],[102.03157095379984,-0.8449122635634199],[102.03157081363057,-0.8447315726171678],[102.03139131251353,-0.8447317136963114],[102.03139117238253,-0.8445510227196859],[102.03157067349129,-0.8445508816707239],[102.0315703933027,-0.8441894997772602],[102.03139089221047,-0.8441896407658592],[102.03139075216941,-0.8440089497886583],[102.03121125105545,-0.8440090907387603],[102.03121111105264,-0.8438283997311877],[102.03103160991697,-0.8438285406427968],[102.03103146995241,-0.8436478496048545],[102.03085196879499,-0.8436479904779737],[102.03085182886868,-0.8434672994096636],[102.03067232768953,-0.8434674402442967],[102.03067218780146,-0.8432867491456207],[102.03031318536975,-0.8432870307296134],[102.03031304552816,-0.8431063395704025],[102.03013354427559,-0.8431064803197674],[102.03013312495543,-0.842564406750478],[102.02995362369762,-0.8425645474010349],[102.0299533443172,-0.842203164960217],[102.02977384304593,-0.8422033055421416],[102.02977370340894,-0.8420226142912801],[102.02941470079293,-0.8420228953699117],[102.02941456120239,-0.8418422040585333],[102.02923505985767,-0.8418423445552452],[102.02923519943997,-0.8420230358967837],[102.02905569805705,-0.8420231764153601],[102.02905583766108,-0.8422038677868653],[102.02887633623995,-0.8422040083273024],[102.0288764758657,-0.8423846997287731],[102.02869697440636,-0.8423848402910672],[102.02869683478885,-0.8422041488594417],[102.02851733330779,-0.8422042893832835],[102.02851747291706,-0.8423849808450619],[102.0283379713978,-0.8423851213907573],[102.02833853010145,-0.8431078873565616],[102.02851803165372,-0.8431077466902613],[102.02851817141277,-0.8432884381510826],[102.02869767294332,-0.8432882974463229],[102.02869823231221,-0.8440110631670793],[102.02851873074863,-0.844011203992451],[102.0285188706575,-0.8441918954523138],[102.0283393690557,-0.8441920362995212],[102.02833950898626,-0.8443727277893436],[102.02816000734624,-0.8443728686583831],[102.02816042729287,-0.8449149432171478],[102.02833992895769,-0.8449148022576596],[102.0283400690081,-0.8450954937467143],[102.028160567335,-0.845095634736352],[102.02816070740708,-0.8452763262553641],[102.0278017039545,-0.8452766082699543],[102.02780184403997,-0.8454572998490681],[102.02744284045103,-0.8454575818906335],[102.02744298054992,-0.8456382735298414],[102.02708397682461,-0.8456385555983673],[102.0270841169369,-0.8458192472976628],[102.02690461502105,-0.8458193883495655],[102.02690475515502,-0.8460000800788059],[102.02672525320094,-0.8460002211525103],[102.0267255335421,-0.8463616046706851],[102.02654603154153,-0.8463617457963215],[102.02654631198591,-0.8467231293739941],[102.02636680993882,-0.8467232705515552],[102.02636695019763,-0.8469039623702347],[102.02618744811231,-0.8469041035695832],[102.0261871676412,-0.8465427198717722],[102.02600766554252,-0.8465428610025207],[102.02600752536016,-0.8463621691231987],[102.02582802323982,-0.8463623102154803],[102.02582788309567,-0.8461816183058394],[102.02564838095371,-0.846181759359658],[102.02564824084777,-0.8460010674197005],[102.02510973426709,-0.8460014904407716],[102.02510959421592,-0.8458207984102591],[102.02493009197079,-0.845820939370495],[102.02492995195783,-0.8456402473096728],[102.02528895640162,-0.8456399654411041],[102.02528909643114,-0.8458206574416895],[102.02600710499269,-0.8458200934840788],[102.02600724508524,-0.8460007853639775],[102.02618674715907,-0.8460006443236133],[102.02618688728984,-0.846181336173192],[102.02636638934203,-0.8461811950943626],[102.02636624920297,-0.846000503274914],[102.02654575121691,-0.8460003622178798],[102.02654561109954,-0.8458196704283708],[102.02672511307526,-0.8458195293931347],[102.02672497297952,-0.8456388376335667],[102.02654547101207,-0.8456389786386695],[102.02654533095456,-0.8454582868487762],[102.02636582896544,-0.8454584278154155],[102.02636554895679,-0.8450970441747897],[102.02654505092936,-0.8450969032684136],[102.02654491096166,-0.8449162114779443],[102.02672441289603,-0.8449160705933755],[102.02672413303394,-0.8445546870721279],[102.02654463111611,-0.84455482789643],[102.02654435139031,-0.8441934443141483],[102.02672385329161,-0.8441933035501132],[102.02672343390269,-0.8436512282656533],[102.02690293574926,-0.8436510875837065],[102.0269027960046,-0.8434703958519715],[102.02672329416626,-0.8434705365037831],[102.02672315445979,-0.8432898447417214],[102.02654365259978,-0.8432899853550894],[102.0265435129315,-0.8431092935627028],[102.02672301478326,-0.8431091529794683],[102.02672287513666,-0.8429284612170235],[102.02690237695022,-0.8429283206556175],[102.02690195816535,-0.8423862454575405],[102.02761996502119,-0.8423856834905444],[102.02761982545314,-0.8422049918780278],[102.02779932708398,-0.8422048513956739],[102.02779904802127,-0.8418434682303553],[102.02797854960568,-0.8418433277999955],[102.027978410111,-0.8416626362471951],[102.02815791165722,-0.841662495838689],[102.02815777218427,-0.8414818043158451],[102.02833727369229,-0.8414816639291962],[102.02833713424106,-0.8413009724363104],[102.02869613715075,-0.8413006916984456],[102.028695997713,-0.8411200002656727],[102.02887549911468,-0.8411198599144617],[102.02887563856065,-0.8413005513170799],[102.02905513994058,-0.8413004109274256],[102.02905527942475,-0.8414811022996959],[102.02923478078296,-0.8414809618715945],[102.02923464129056,-0.8413002705294826],[102.02941414261056,-0.841300130123251],[102.0294142821112,-0.8414808214352028]]],[[[102.0294135849077,-0.8405773648735319],[102.02977258739196,-0.8405770842775044],[102.02977244802472,-0.8403963930249227],[102.02995194921365,-0.8403962527446522],[102.02995180986817,-0.840215561522045],[102.03031081213969,-0.8402152809970007],[102.03031123031545,-0.8407573544832413],[102.03049073143093,-0.8407572141177897],[102.03049087089104,-0.8409379052493172],[102.02995236743,-0.8409383264113283],[102.02995222799458,-0.8407576351892939],[102.02941372428846,-0.8407580561862482],[102.0294135849077,-0.8405773648735319]]],[[[102.03479777244164,-0.839489010008371],[102.03461827210373,-0.8394891503611254],[102.03461841154297,-0.8396698407995705],[102.0347979118891,-0.8396697004166028],[102.03479833041163,-0.8402117716401527],[102.03497783075241,-0.8402116311582667],[102.03497810993397,-0.8405730119125813],[102.03515761026118,-0.8405728713619834],[102.03515774990524,-0.8407535617086371],[102.0349782495698,-0.840753702289452],[102.03497838923565,-0.8409343926661316],[102.03479888886197,-0.8409345332688788],[102.03479874920436,-0.8407538428619837],[102.03461924880888,-0.8407539834262323],[102.03461938845827,-0.8409346738633408],[102.03426038756079,-0.8409349550274103],[102.03426024792786,-0.8407542645298801],[102.03408074744233,-0.8407544050692795],[102.03408060784766,-0.8405737145413501],[102.03426010832494,-0.840573574032159],[102.03425996875205,-0.8403928835342468],[102.03408046828298,-0.8403930240132297],[102.03408032874832,-0.8402123334849185],[102.03390082825744,-0.8402124739254152],[102.03390096778388,-0.8403931644839331],[102.03354196669567,-0.8403934454005006],[102.03354182718569,-0.8402127547815756],[102.03336232660477,-0.8402128951972391],[102.03336218713302,-0.840032204547922],[102.03318268653034,-0.8400323449251083],[102.03318282599386,-0.8402130356046246],[102.03282382468203,-0.840213316394562],[102.03282368523494,-0.8400326256546526],[102.03264418454225,-0.8400327660070107],[102.0326443239811,-0.8402134567771139],[102.03246482325018,-0.8402135971513882],[102.0324649627108,-0.8403942879514926],[102.03228546194167,-0.8403944283476793],[102.0322858804789,-0.8409365008374182],[102.03246538127273,-0.8409363603506602],[102.03246552085336,-0.8411170511500007],[102.03264502162543,-0.8411169106247659],[102.03264488203655,-0.8409362198556177],[102.03282438277039,-0.8409360793522903],[102.0328242432033,-0.8407553886131447],[102.0330037438989,-0.8407552481317279],[102.03300360435358,-0.8405745574225869],[102.03318310501095,-0.8405744169630844],[102.03318338414803,-0.8409357983207799],[102.03336288479186,-0.8409356577925974],[102.03336302441365,-0.8411163484409593],[102.0331835237616,-0.8411164889993412],[102.03318366340517,-0.8412971796777113],[102.03300416271487,-0.8412973202580037],[102.03300402307954,-0.8411166295494362],[102.03282452236748,-0.8411167700912445],[102.03282466199458,-0.8412974608300077],[102.03264516124429,-0.8412976013937233],[102.03264530089315,-0.8414782921624889],[102.03246580010463,-0.8414784327481079],[102.03246566046398,-0.8412977419491501],[102.0322861596537,-0.8412978824962885],[102.03228602005129,-0.8411171916669489],[102.03192701835718,-0.8411174726759841],[102.03192715794312,-0.8412981635656992],[102.03174765704283,-0.8412983040879719],[102.03174737791743,-0.8409369222479807],[102.03156787700362,-0.8409370627015983],[102.03156759801463,-0.8405756808004763],[102.03192659977934,-0.8405754000056926],[102.03192646031339,-0.8403947091152135],[102.03210596114252,-0.8403945687355862],[102.03210582169834,-0.8402138778751029],[102.03192632087742,-0.8402140182245433],[102.03192618147145,-0.8400333273336819],[102.03210568228415,-0.8400331870144284],[102.03210554289994,-0.8398524961535634],[102.0324645444189,-0.8398522155506064],[102.03246440504826,-0.8396715247499292],[102.03264390575453,-0.8396713844662314],[102.03264362708681,-0.8393100029246888],[102.03282312774662,-0.8393098626931063],[102.03282298844955,-0.8391291719522427],[102.03318198966278,-0.839128891524664],[102.03318226831979,-0.839490272885414],[102.03336176889782,-0.8394901325988255],[102.03336190827955,-0.8396708232487151],[102.03354140883579,-0.8396706829236549],[102.03354154825574,-0.8398513735431525],[102.03372104879018,-0.8398512331796172],[102.03372090936202,-0.8396705425903218],[102.03390040985823,-0.8396704022487167],[102.03390027045185,-0.8394897116894355],[102.03407977090986,-0.8394895713697639],[102.03407949217069,-0.8391281903110416],[102.03389999172914,-0.8391283305703002],[102.0338998524128,-0.8389476400104467],[102.03372035194944,-0.8389477802312338],[102.03372021267131,-0.838767089640985],[102.033361211671,-0.8387673699973593],[102.03336107243929,-0.8385866793465163],[102.03354057294625,-0.8385865392026619],[102.03354043373636,-0.8384058485818293],[102.03389943464386,-0.8384055683297423],[102.03389957387016,-0.838586258890168],[102.03407907428708,-0.8385861187215281],[102.0340792135516,-0.8387668092515567],[102.03443821431183,-0.8387665288290735],[102.0344380750309,-0.8385858383594632],[102.03461757535779,-0.8385856981660383],[102.03461743609866,-0.8384050077264487],[102.03479693638732,-0.8384048675549753],[102.03479679715,-0.8382241771454089],[102.03533529781122,-0.8382237566720797],[102.03533585503908,-0.8389465179465979],[102.03551535523226,-0.8389463776514228],[102.0355154946225,-0.8391270679393549],[102.03515649418968,-0.8391273485818791],[102.03515663359353,-0.8393080389300605],[102.0347976330242,-0.8393083195999484],[102.03479777244164,-0.839489010008371]]],[[[102.03856615672213,-0.838040542496451],[102.03838665708071,-0.8380406827808811],[102.03838679645206,-0.8382213725859952],[102.03856629610166,-0.8382212322713143],[102.03856643551129,-0.8384019220459867],[102.03838693585347,-0.8384020623909186],[102.03838721474645,-0.8387634420001935],[102.03820771504213,-0.8387635823973634],[102.0382078545255,-0.8389442722319642],[102.03802835478295,-0.838944412651118],[102.03802849428816,-0.8391251025157749],[102.03820799403893,-0.8391249620663738],[102.0382081335824,-0.8393056519005929],[102.03838763331133,-0.8393055114126758],[102.03838749375964,-0.8391248216087057],[102.0385669934503,-0.8391246811427706],[102.03856685392047,-0.8389439913688608],[102.03874635357285,-0.8389438509249111],[102.03874621406486,-0.8387631611810633],[102.03946421234095,-0.8387625994436421],[102.03946435188178,-0.8389432890664615],[102.03982335085584,-0.838943008087646],[102.03982376970804,-0.8394850767733857],[102.0400032691746,-0.8394849361807848],[102.04000340886037,-0.8396656257120513],[102.03982390938559,-0.8396657663349171],[102.03982418883088,-0.8400271454574073],[102.03946518975822,-0.8400274267993723],[102.03946505003698,-0.8398467371776979],[102.03964454958012,-0.8398465965411148],[102.03964427021141,-0.8394852173577161],[102.03946477068469,-0.839485357933776],[102.03946463105366,-0.8393046683115286],[102.0392851315051,-0.8393048088490583],[102.03928527112792,-0.8394854985015655],[102.03910577154107,-0.8394856390610843],[102.03910591118574,-0.8396663287436584],[102.03820841275953,-0.8396670315684587],[102.03820855239317,-0.8398477214021052],[102.0376700529521,-0.839848143088454],[102.03766991334311,-0.8396674531640709],[102.03749041347754,-0.839667593679397],[102.03749055307831,-0.8398482836340221],[102.03731105317446,-0.8398484241713159],[102.03731091358192,-0.8396677341864506],[102.03713141365624,-0.8396678746852322],[102.03713127410197,-0.8394871846699378],[102.0373107740194,-0.8394870442013945],[102.03731063448696,-0.8393063542161477],[102.03749013436615,-0.8393062137695741],[102.03748999485553,-0.8391255238143766],[102.03766949469644,-0.8391253833897764],[102.03766935520767,-0.8389446934646303],[102.03784885501032,-0.8389445530620065],[102.0378485761065,-0.8385831732716293],[102.03766907632024,-0.8385833136137653],[102.0376689369216,-0.838402623688047],[102.0374894371135,-0.8384027639916793],[102.03748957650394,-0.8385834539476397],[102.03731007665759,-0.8385835942732522],[102.03730993727538,-0.8384029042870518],[102.03713043740719,-0.8384030445741644],[102.0371305767812,-0.8385837345906033],[102.03695107687476,-0.8385838748996927],[102.03695135569652,-0.8389452549924719],[102.03659235576067,-0.838945535706801],[102.03659193762236,-0.8384034653859429],[102.03641243763401,-0.838403605640016],[102.03641229832284,-0.8382229155024506],[102.03569429810189,-0.8382234763152361],[102.03569388044707,-0.8376814055386754],[102.0360528805684,-0.8376811253301493],[102.03605301977305,-0.8378618155287432],[102.03623251979687,-0.8378616753818731],[102.03623265903974,-0.8380423655500489],[102.03659165901368,-0.8380420851710844],[102.03659151975441,-0.8378613950633695],[102.03713001946541,-0.8378609745237043],[102.03713015874928,-0.8380416645407148],[102.03730965860107,-0.8380415243140791],[102.03730979792319,-0.8382222143006607],[102.03784829732287,-0.8382217934804894],[102.03784815797611,-0.8380411035846335],[102.0380276577077,-0.8380409633249724],[102.03802751838282,-0.8378602734591716],[102.03820701807615,-0.8378601332215011],[102.03820687877311,-0.8376794433857571],[102.03802737908798,-0.8376795835931801],[102.0380272398232,-0.8374988937269984],[102.03820673950013,-0.8374987535498226],[102.03820660025721,-0.8373180637136978],[102.0383860998959,-0.8373179235585201],[102.038386239147,-0.8374986133643961],[102.03874523835059,-0.8374983329687902],[102.03874537764815,-0.8376790227139722],[102.03892487721306,-0.8376788824735383],[102.03892501654889,-0.8378595721882756],[102.03856601737263,-0.8378598527213973],[102.03856615672213,-0.838040542496451]]],[[[102.03820493168647,-0.8351497856653619],[102.03838443122693,-0.8351496458731726],[102.03838457011736,-0.8353303356813303],[102.03856406963595,-0.8353301958506626],[102.03856420856462,-0.8355108856283796],[102.03784621027722,-0.8355114450226653],[102.03784607138127,-0.835330755123956],[102.03730757237471,-0.8353311744925149],[102.03730771124613,-0.8355118644819503],[102.03694871174184,-0.8355121440803164],[102.03694815650178,-0.8347893838795373],[102.03712765623625,-0.834789244205416],[102.03712737878014,-0.8344278641643608],[102.03730687846824,-0.8344277245424921],[102.03730701718945,-0.8346084145328762],[102.03766601649184,-0.8346081352039945],[102.03766615525942,-0.8347888251337068],[102.03784565487369,-0.8347886854266885],[102.0378457936795,-0.8349693753259674],[102.03820479283426,-0.8349690958267655],[102.03820493168647,-0.8351497856653619]]],[[[102.03605051868473,-0.8346093919249532],[102.03551201887501,-0.8346098106839337],[102.035511741626,-0.8342484300983692],[102.03569124157627,-0.8342482905807095],[102.03569110298864,-0.8340676003178652],[102.03551160304654,-0.8340677398053026],[102.03551146449709,-0.8338870495120463],[102.03533196453313,-0.833887188961046],[102.0353321030744,-0.8340678792845228],[102.03515260307225,-0.8340680187555255],[102.03515288022854,-0.8344293994623478],[102.03479388010149,-0.8344296785005662],[102.03479374152465,-0.8342489880868178],[102.03461424142426,-0.8342491275633824],[102.03461410288561,-0.8340684371192308],[102.03443460276337,-0.8340685765573648],[102.0344344642629,-0.8338878860828123],[102.03461396437699,-0.8338877466748899],[102.03461382589839,-0.8337070562303593],[102.03479332597429,-0.8337069168444351],[102.03479304909082,-0.8333455360152324],[102.03515204911993,-0.8333452573396067],[102.03515218756297,-0.8335259476938708],[102.03533168754066,-0.833525808313524],[102.03533182602189,-0.8337064986373797],[102.03622932550063,-0.8337058014613477],[102.03622987988904,-0.8344285621503936],[102.03605038002071,-0.834428701722938],[102.03605051868473,-0.8346093919249532]]],[[[102.02545845451385,-0.8326300021186878],[102.02527895292819,-0.8326301408967656],[102.02527922870748,-0.8329915249251947],[102.02545873030945,-0.8329913860868752],[102.02545914422733,-0.8335334620377366],[102.02563864582383,-0.8335333231008426],[102.02563906003556,-0.8340753989596329],[102.02581856162662,-0.8340752599241535],[102.02581869976522,-0.8342559518465803],[102.02617770287387,-0.8342556736907143],[102.02617784105873,-0.8344363655526977],[102.02635734257632,-0.8344362264323061],[102.02635748079929,-0.8346169182639701],[102.02653698229511,-0.8346167791052256],[102.02653712055618,-0.8347974709065684],[102.02689612347433,-0.8347971925041425],[102.02689626178169,-0.8349778842450276],[102.02635775733505,-0.8349783019267292],[102.0263576190522,-0.8347976100954443],[102.02617811751828,-0.8347977492760956],[102.02617797927354,-0.8346170574144913],[102.02545997287118,-0.8346176139343479],[102.02545983468904,-0.834436921952053],[102.02510083132462,-0.8344372001024037],[102.02510069318875,-0.8342565080596794],[102.0249211914698,-0.8342566470924058],[102.02492105337203,-0.8340759550193748],[102.0251005550828,-0.8340758160167656],[102.02510041700678,-0.8338951239736625],[102.02492091530418,-0.8338952629461545],[102.02492077726625,-0.8337145708727447],[102.02474127554187,-0.8337147098069052],[102.02474141357165,-0.8338954019104304],[102.0243824100168,-0.8338956798143345],[102.02438213401982,-0.8335342954866437],[102.02456163579588,-0.8335341565990232],[102.02456149783411,-0.8333534644650059],[102.0247409995721,-0.8333533255992868],[102.02474086163208,-0.8331726334951934],[102.02492036333199,-0.8331724946513795],[102.02492022541377,-0.8329918025772127],[102.024740723722,-0.8329919413909113],[102.02474058584185,-0.8328112492864396],[102.02420208061153,-0.832811665587958],[102.02420194278574,-0.8326309733929617],[102.02384293916558,-0.8326312508260664],[102.02384266363634,-0.8322698663150769],[102.0240221654451,-0.8322697276628392],[102.02402202771721,-0.8320890354371674],[102.0242015294879,-0.8320888968068383],[102.02420166722393,-0.8322695890024018],[102.02438116897284,-0.8322694503337645],[102.02438130674695,-0.8324501424990289],[102.02456080847408,-0.8324500037920798],[102.02456067069184,-0.8322693116569275],[102.02474017238092,-0.8322691729718903],[102.02474003462045,-0.8320884808666625],[102.02491953627145,-0.8320883422035411],[102.02491939853276,-0.8319076501282396],[102.02473989688991,-0.8319077887612456],[102.02473962151858,-0.8315464045498452],[102.02491912314517,-0.83154626597707],[102.02491898549626,-0.831365573901202],[102.02509848708478,-0.8313654353503515],[102.02509862474183,-0.8315461273961025],[102.02545762784537,-0.8315458502095887],[102.02545804104493,-0.8320879261649887],[102.02563754257622,-0.8320877874690753],[102.02563781820854,-0.8324491713781518],[102.02545831666095,-0.8324493101343104],[102.02545845451385,-0.8326300021186878]]],[[[102.03479263399079,-0.8328034647700079],[102.0344336338905,-0.8328037432315178],[102.03443335733984,-0.8324423622795719],[102.0346128573887,-0.8324422231133423],[102.03461271915023,-0.8322615326672973],[102.0349717191416,-0.8322612543706631],[102.03497185739634,-0.8324419447562795],[102.03515135735513,-0.8324418055654467],[102.03515163397097,-0.8328031862756785],[102.03497213399588,-0.8328033255269455],[102.0349719956811,-0.8326226351417074],[102.03479249568413,-0.8326227743545546],[102.03479263399079,-0.8328034647700079]]],[[[102.03245609770755,-0.8288300763615869],[102.03245623527827,-0.8290107671736401],[102.03227673502379,-0.8290109056678404],[102.03227687261639,-0.8291915965098954],[102.0320973723238,-0.8291917350261164],[102.03209764758276,-0.8295531167700381],[102.03191814724394,-0.829553255338463],[102.0319173218757,-0.8284691099233177],[102.03209682216583,-0.8284689715360122],[102.03209668470132,-0.8282882806630157],[102.03227618495335,-0.8282881422977365],[102.03227604751072,-0.82810745145474],[102.03245554772467,-0.8281073131114903],[102.03245568517538,-0.8282880039242968],[102.03335318583554,-0.828287311934694],[102.03335332335679,-0.8284680025963347],[102.03299432316652,-0.8284682794770533],[102.03299446070157,-0.828648970198902],[102.03263546037508,-0.8286492471073614],[102.03263559792391,-0.8288299378894113],[102.03245609770755,-0.8288300763615869]]],[[[102.03263312663498,-0.8255775037837384],[102.0326332636738,-0.8257581945689839],[102.03281276372252,-0.8257580566019357],[102.03281290079943,-0.8259387473567997],[102.03299240082622,-0.8259386093514204],[102.03299294946625,-0.8266613722482175],[102.03263394931794,-0.8266616484923953],[102.03263381212912,-0.8264809577080885],[102.032274811877,-0.8264812338593069],[102.03227467473434,-0.8263005430144303],[102.03209517457138,-0.8263006810476374],[102.03209503746682,-0.8261199901723847],[102.03191553728195,-0.8261201281672643],[102.03191540021545,-0.8259394372616373],[102.03155639977189,-0.8259397131666115],[102.03155626275156,-0.8257590222004291],[102.03119726220422,-0.8257592980124938],[102.03119685137163,-0.8252172249317387],[102.03173535207496,-0.8252168114730695],[102.0317354890134,-0.8253975024096317],[102.03191498919594,-0.8253973645436303],[102.03191512617245,-0.8255780554498203],[102.03209462633308,-0.8255779175455003],[102.03209476334766,-0.8257586084213162],[102.03227426348637,-0.825758470478674],[102.03227412646372,-0.8255777796330466],[102.03263312663498,-0.8255775037837384]]]]}},{"type":"Feature","properties":{"eventId":"RIAU-20260915-011","firstDetection":"2026-09-15T18:04:00+00:00","lastDetection":"2026-09-16T13:33:00+00:00","estimatedAreaHa":326.4,"confidence":"rendah","hotspotCount":7,"detectionDays":2,"villages":["Balung","Sungai Sarik"],"districts":["Kampar Kiri","Xiii Koto Kampar"],"regencies":["Kampar"],"method":"Sentinel-2 dNBR/NBR indication","resolutionM":20,"clearCoveragePct":26.0,"preSceneDates":["2026-08-15","2026-09-04"],"postSceneDates":["2026-09-24"],"status":"estimate","disclaimer":"Estimasi berbasis citra satelit; bukan hasil verifikasi lapangan.","province":"Riau","villageAreas":[{"village":"Balung","district":"Xiii Koto Kampar","regency":"Kampar","areaHa":210.517195},{"village":"Sungai Sarik","district":"Kampar Kiri","regency":"Kampar","areaHa":115.882805}],"unassignedAreaHa":0.0},"geometry":{"type":"MultiPolygon","coordinates":[[[[101.03111714196208,0.06763110176343828],[101.03093752056105,0.06763110933311665],[101.03093751305244,0.06745027749176367],[101.03075789163195,0.06745028504053571],[101.03075790666797,0.06781194876370333],[101.03093752808978,0.0678119411744553],[101.03093753563861,0.0679927730157795],[101.03111715704098,0.06799276540562152],[101.0311171722003,0.068354429047747],[101.0312967935839,0.06835442139643393],[101.03129680119439,0.06853525319723332],[101.03183566522658,0.06853523017850584],[101.03183565002169,0.06817356669836351],[101.03165602869909,0.06817357433145603],[101.03165601357598,0.06781191081076192],[101.0311171494915,0.06781193358453712],[101.03111714196208,0.06763110176343828]]],[[[101.03848181318585,0.07251322754869508],[101.03848179704347,0.07215156556999709],[101.03830217645105,0.07215157367490337],[101.03830216841085,0.07197074266521829],[101.03794292716688,0.0719707588322711],[101.03794291914826,0.07178992778194994],[101.03776329849671,0.07178993584410183],[101.03776329049897,0.07160910477345772],[101.0374040491368,0.07160912085502322],[101.03740404116063,0.07142828974375383],[101.03722442044999,0.07142829776317276],[101.0372244124947,0.07124746663158586],[101.03704479176459,0.07124747462999839],[101.03704478383014,0.07106664347809581],[101.03686516308058,0.07106665145550554],[101.03686515516699,0.07088582028328905],[101.03668553439796,0.07088582823969951],[101.03668552650524,0.070704997047171],[101.03650590571675,0.07070500498258576],[101.03650589784488,0.07052417376974703],[101.03614665620879,0.07052418959789546],[101.03614664835845,0.0703433583444567],[101.03596702751088,0.07034336623719568],[101.03596701968138,0.07016253496345215],[101.03578739881434,0.07016254283520798],[101.0357873910057,0.06998171154116148],[101.03560777011919,0.06998171939193772],[101.03560775456371,0.06962005676322762],[101.03542813365843,0.06962006457274336],[101.03542812591161,0.06943923323808161],[101.0348892630769,0.06943925660165824],[101.03488927082168,0.0696200879971627],[101.03524851273299,0.0696200723815711],[101.03524852049928,0.06980090373650075],[101.0354281414254,0.06980089590739028],[101.0354281570198,0.07016255857663964],[101.03560777792714,0.07016255070627049],[101.0356077936035,0.07052421333489127],[101.03542817269478,0.07052422124582937],[101.03542818845034,0.07088588391495917],[101.03524856752009,0.07088589186576576],[101.0352485754274,0.07106672322059075],[101.03488933350505,0.07106673916066249],[101.0348893414311,0.0712475705560324],[101.03345237293051,0.07124763445039685],[101.0334524048137,0.07197096068039922],[101.03363202594954,0.07197095261500862],[101.03363204201334,0.07233261568938859],[101.03381166313046,0.07233260758275356],[101.03381167119326,0.0725134390996539],[101.03399129229098,0.07251343097203568],[101.03399128422747,0.07233259947540371],[101.03417090530435,0.0723325913673391],[101.03417089726027,0.07215175989096197],[101.03488938136356,0.07215172753265425],[101.03488936533014,0.07179006474205123],[101.0350689863042,0.07179005669125008],[101.03506897831701,0.07160922531620476],[101.03560784111619,0.07160920122039274],[101.03560784910549,0.07179003253458996],[101.03578746999895,0.07179002448095109],[101.03578747800913,0.07197085577484681],[101.036146719737,0.07197083962486292],[101.03614672776874,0.07215167087816543],[101.03704483173925,0.07215163038928359],[101.03704483979467,0.07233246154109478],[101.03740408124318,0.0723324452999482],[101.03740408932018,0.07251327641114112],[101.03776333068943,0.07251326012652537],[101.03776333878804,0.07269409119709282],[101.03794295944311,0.0726940830334024],[101.0379429513438,0.07251325198314265],[101.038122571978,0.07251324383904337],[101.03812258007801,0.07269407486899362],[101.0384818212873,0.07269405853802098],[101.03848182940894,0.07287488952733144],[101.03866144998403,0.07287488134045275],[101.03866145812655,0.07305571230943285],[101.03884107868218,0.07305570410151738],[101.03884109502923,0.07341736599879772],[101.0392003360828,0.07341734949952372],[101.03920031158822,0.07287485677549585],[101.03884107053895,0.07287487315285393],[101.03884106241588,0.07269404220417498],[101.03866144186169,0.07269405037145717],[101.03866143375951,0.07251321940244611],[101.03848181318585,0.07251322754869508]]],[[[101.03973938273849,0.07739560337564809],[101.0397393741071,0.07721477252897786],[101.03955975363543,0.07721478120799126],[101.03955974502499,0.07703395034097903],[101.03938012453388,0.07703395899890564],[101.03938011594438,0.07685312811155326],[101.03920049543385,0.0768531367483966],[101.03920048686528,0.07667230584070586],[101.03884124578518,0.07667232307147558],[101.03884123723832,0.0764914921231299],[101.03866161666873,0.07649150071706161],[101.03866160814279,0.07631066974838303],[101.0384819875538,0.07631067832124404],[101.03848197904877,0.07612984733223438],[101.03830235844033,0.0761298558840282],[101.03830234995624,0.07594902487468928],[101.03812272932838,0.07594903340541954],[101.03812272086522,0.07576820237575319],[101.03794310021792,0.07576821088542343],[101.03794306656995,0.0750448866853595],[101.03776344590544,0.07504489511305013],[101.03776341258316,0.07432157083150023],[101.03794303324473,0.07432156248504042],[101.03794301670317,0.07395990038478595],[101.03812263734311,0.07395989207821071],[101.03812262910186,0.0737790610483694],[101.03830224972091,0.07377905276137457],[101.0383022414991,0.07359822175182885],[101.03848186209726,0.07359821348441802],[101.03848184571275,0.07323655150590586],[101.03830222511604,0.07323655973269055],[101.03830221695476,0.073055728723098],[101.03794297570226,0.07305574513387549],[101.0379429675626,0.07287491408364669],[101.03776334690681,0.0728749222676448],[101.03776335504575,0.07305575333818136],[101.03704487221802,0.0730557861481855],[101.03704488037427,0.07323661729991945],[101.03632639722105,0.07323665017955716],[101.03632640539458,0.07341748141245995],[101.03614678455514,0.07341748965085171],[101.03614677638234,0.0732366583976573],[101.03578753464447,0.07323667483168644],[101.03578752649325,0.07305584353789857],[101.03560790559482,0.07305585173354129],[101.03560791374531,0.07323668304761542],[101.035428292826,0.07323669126282069],[101.03542830099593,0.07341752259716373],[101.03506905909542,0.07341753906596674],[101.03506907549284,0.07377920181573319],[101.03488945451093,0.07377921008960464],[101.03488947098747,0.07414087287986665],[101.03470984998395,0.0741408811935637],[101.03470987484764,0.07468337543967042],[101.03488949585334,0.07468336706514135],[101.03488950418226,0.07486419846020127],[101.03506912516855,0.07486419006465508],[101.03506913351835,0.07504502143941998],[101.03524875448521,0.07504501302285307],[101.03524876285589,0.0752258443773211],[101.03542838380338,0.07522583593972992],[101.03542839219493,0.07540666727389927],[101.035608013123,0.07540665881528026],[101.03560802153544,0.07558749012914909],[101.03578764244409,0.07558748164949863],[101.03578765933092,0.07594914423661561],[101.03596728022092,0.07594913571564207],[101.0359672886953,0.07612996698888831],[101.0361469095659,0.07612995844687447],[101.03614691806118,0.07631078969981468],[101.03632653891236,0.07631078113675685],[101.03632653041632,0.07612994990410828],[101.0365061512466,0.07612994136058979],[101.03650614276998,0.07594911014821844],[101.0370450051376,0.07594908457404012],[101.03704501361646,0.07612991572552051],[101.03758387580486,0.07612989008368047],[101.03758388430613,0.07631072117423762],[101.0379431256657,0.07631070403530246],[101.03794313418865,0.07649153508522977],[101.03812275483894,0.07649152649432153],[101.0381227633828,0.07667235752392308],[101.03794314273178,0.07667236613514081],[101.03794315129507,0.07685319718503554],[101.0372246684862,0.07685323170354989],[101.03722467706663,0.07703406283464845],[101.03704505631326,0.07703407148267898],[101.0370450649131,0.07721490263406174],[101.0368654441388,0.07721491130162979],[101.03686547005704,0.07775740481657577],[101.03668584926028,0.07775741354427178],[101.03668586663841,0.07811907592808053],[101.03722472897277,0.07811904962089468],[101.03722472027133,0.07793821848989489],[101.03830244439095,0.07793816597652117],[101.03830245309696,0.07811899698568002],[101.03866169431032,0.07811897943443281],[101.03866170303804,0.07829981040294712],[101.03884132361523,0.07829980160584891],[101.03884133236392,0.07848063255402996],[101.03920057345925,0.07848061491687368],[101.03920058222965,0.07866144582439938],[101.03938020274782,0.07866143698433593],[101.0393802115392,0.07884226787152289],[101.03955983203795,0.07884225901035835],[101.03955982324581,0.0786614281434952],[101.03973944372359,0.07866141930187712],[101.03973943495086,0.07848058845532281],[101.03991905540768,0.07848057963325478],[101.03991900319072,0.07739559467554431],[101.03973938273849,0.07739560337564809]]],[[[101.02231606906544,0.07667311241070059],[101.022136446646,0.0766731209552423],[101.02213643816904,0.07649228812509314],[101.02195681573035,0.07649229664872673],[101.02195680727414,0.07631146379841089],[101.02177718481617,0.07631147230113988],[101.02177717638074,0.07613063943065916],[101.02141793140626,0.07613065639356278],[101.0214179398402,0.07631148930433548],[101.02105869478419,0.07631150630451454],[101.02105872020155,0.07685400515758974],[101.02123834274182,0.0768539965974527],[101.02123835125504,0.07703482952830366],[101.02159759627705,0.0770348123654627],[101.02159760481179,0.07721564525600894],[101.02195684975528,0.0772156280498273],[101.02195684121902,0.07703479519957665],[101.02213646365999,0.07703478661549173],[101.02213645514298,0.07685395378537517],[101.02231607756318,0.0768539452206812],[101.02231606906544,0.07667311241070059]]],[[[101.02375309041928,0.07757720727041771],[101.02375309902321,0.07775803991903409],[101.02339385447559,0.07775805726147077],[101.0233938458732,0.07757722457252313],[101.02303460124699,0.07757724187156202],[101.02303459266614,0.07739640914227372],[101.02267534796137,0.07739642639792907],[101.02267537375941,0.07793892470669544],[101.02285499612411,0.07793891601877738],[101.02285500476425,0.07811974876817553],[101.0232142494351,0.07811973134970819],[101.02321425809683,0.07830056405876917],[101.02357350268908,0.07830054659688612],[101.02357349402584,0.0781197139281529],[101.02375311629115,0.07811970521621725],[101.02375310764717,0.07793887256763393],[101.02393272989168,0.07793886387509465],[101.02393271266227,0.07757719861821508],[101.02375309041928,0.07757720727041771]]],[[[101.0260882039167,0.0781195918908027],[101.02608819526276,0.07793875950454707],[101.02590857325876,0.07793876820632879],[101.02590860799181,0.0786620978320108],[101.02608822999888,0.07866208904946996],[101.02608823873305,0.07884292143565906],[101.0259086167252,0.07884293023838965],[101.02590862547865,0.07902376264475175],[101.02662711339278,0.0790237273483847],[101.02662709589974,0.07866206269718339],[101.02644747395284,0.07866207148205626],[101.02644745654159,0.07830040679039785],[101.02626783457617,0.0783004155341067],[101.0262678259014,0.0781195831680592],[101.0260882039167,0.0781195918908027]]],[[[101.0343509361923,0.08101249313282848],[101.03453055726503,0.08101248405019384],[101.03453053926083,0.08065082118007574],[101.03471016031182,0.08065081213719161],[101.0347101334542,0.08010831789271271],[101.0348897544827,0.08010830890986365],[101.03488974556966,0.0799274775152806],[101.03506936657722,0.07992746855191903],[101.03506935768353,0.07974663717759811],[101.03524897867017,0.0797466282337276],[101.03524896094166,0.07938496552559682],[101.03506933995659,0.0793849744289055],[101.03506932231024,0.07902331168014542],[101.03453045923881,0.0790233382637006],[101.03453045044817,0.07884250682846336],[101.03435082938486,0.07884251566781286],[101.03435083817473,0.07902334712332387],[101.03399159598615,0.07902336484022768],[101.03399158719783,0.07884253334417453],[101.03381196607411,0.07884254218118668],[101.03381197486166,0.07902337369750824],[101.03363235371702,0.0790233825540079],[101.03363239795281,0.07992754023669622],[101.03345277678416,0.07992754919373911],[101.03345278569093,0.08010838075049083],[101.03309354329167,0.08010839870273134],[101.03309355221698,0.08028923029999034],[101.03291393098637,0.08028923929518264],[101.0329139578807,0.08083173414763552],[101.03309357911367,0.08083172509166482],[101.03309358811948,0.08101255668885535],[101.03327320933313,0.08101254761182462],[101.03327321835988,0.0811933791887367],[101.03345283955419,0.08119337009064237],[101.03345284860184,0.08137420164727414],[101.03363246977685,0.08137419252811263],[101.03363247884543,0.0815550240644623],[101.03381210000107,0.08155501492423005],[101.03381211820025,0.08191667795634408],[101.03363249704299,0.0819166871371096],[101.03363250617197,0.08209751867340719],[101.03381212733004,0.08209750947237507],[101.03381214565,0.08245917250438463],[101.03363252449032,0.08245918174594996],[101.03363254288918,0.08282084481842267],[101.03381216405049,0.08282083553632408],[101.03381217328094,0.08300166705226747],[101.03399179442292,0.08300165774908207],[101.03399177598054,0.08263999475771454],[101.03417139710076,0.08263998549424928],[101.034171333181,0.08137416516580331],[101.03435095427547,0.08137415604342527],[101.0343509361923,0.08101249313282848]]],[[[101.03632708556142,0.08716065506461805],[101.03632707585598,0.08697982383301028],[101.03650669673429,0.08697981407188657],[101.03650668704816,0.08679898286055376],[101.03668630790546,0.08679897311886572],[101.03668629823862,0.08661814192780969],[101.03650667738218,0.08661815164920249],[101.0365066581107,0.08625648922644481],[101.03614741634073,0.0862565085854925],[101.0361474067369,0.0860756773335011],[101.03596778582254,0.08607568699145654],[101.03596777623973,0.08589485571915698],[101.03578815530605,0.08589486535597374],[101.03578814574422,0.08571403406336787],[101.03524928282481,0.08571406290787192],[101.03524929238411,0.08589489426133123],[101.03471042928085,0.08589492315904951],[101.03471045807198,0.08643741740183003],[101.03453083699475,0.08643742709353185],[101.03453084663123,0.08661825852803089],[101.034351225533,0.08661826823915231],[101.03435121589736,0.08643743678437948],[101.03417159477985,0.08643744647437297],[101.0341715755707,0.08607578352422826],[101.03399195443474,0.08607579317282721],[101.0339919448612,0.08589496167745723],[101.03363270253057,0.08589498093156823],[101.03363269297887,0.08571414939564498],[101.0334530717842,0.08571415900116244],[101.03345306225346,0.08553332744495615],[101.03327344103951,0.08553333702936355],[101.03327343152972,0.08535250545287605],[101.03309381029649,0.08535251501617692],[101.03309380080766,0.08517168341941002],[101.03327342204008,0.08517167387637041],[101.0332733936919,0.08462917914674507],[101.03345301490168,0.0846291696636529],[101.03345300549171,0.08444833810733816],[101.03381224784923,0.08444831917917636],[101.03381223845773,0.08426748766337515],[101.03399185960545,0.08426747821831092],[101.03399183154929,0.08372498373160517],[101.03417145267441,0.0837249743465188],[101.03417143406932,0.08336331139583303],[101.03399181294584,0.08336332074037905],[101.03399180367431,0.0831824892447394],[101.0338121825315,0.0831824985681932],[101.03381219180221,0.08336333008410125],[101.03345294945458,0.08336334876907434],[101.03345294018551,0.08318251721263482],[101.03327331898232,0.08318252653362264],[101.03327332825057,0.08336335811032519],[101.03309370702644,0.08336336745075225],[101.03309372562168,0.0837250306446267],[101.03327334684747,0.08372502126367712],[101.0332733561761,0.08390585284032645],[101.03345297738257,0.08390584343828646],[101.03345299610186,0.0842675065510055],[101.03327337489374,0.08426751599357155],[101.03327338428277,0.08444834757016727],[101.03273452053514,0.08444837595364754],[101.03273451114862,0.08426754431627341],[101.03255488986,0.08426755375550858],[101.03255488049443,0.08408672209786063],[101.03237525918651,0.08408673151600896],[101.03237524984188,0.08390589983808906],[101.03219562851467,0.08390590923515409],[101.03219561919097,0.08372507753696405],[101.03165675509113,0.08372510566243804],[101.03165676441238,0.08390593742137435],[101.03147714300471,0.08390594681512278],[101.0314771336843,0.08372511503594128],[101.03129751225735,0.08372512440861718],[101.03129750295788,0.08354429260917455],[101.03111788151165,0.08354430196078144],[101.03111787223311,0.08336347014107946],[101.03093825076759,0.08336347947162098],[101.03093824150996,0.08318264763166147],[101.03039937699525,0.08318267555763449],[101.03039938625042,0.08336350745830273],[101.02968089994617,0.08336354476234521],[101.02968092782244,0.08390604070700335],[101.03004017101968,0.08390602193526049],[101.0300401803536,0.08408685387632123],[101.0302198019229,0.0840868444689752],[101.03021982065268,0.08444850831058126],[101.03039944220353,0.08444849886193893],[101.03039945159941,0.08462933076248243],[101.03021983004771,0.08462934023135743],[101.03021983946284,0.08481017215211557],[101.03004021789023,0.08481018164038515],[101.03004022732462,0.08499101358135619],[101.03057909198468,0.08499098505333523],[101.03057910144167,0.08517181693359022],[101.03093834444957,0.08517179787023589],[101.03093835392833,0.08535262970999852],[101.03111797540295,0.08535262015681905],[101.03111798490266,0.08553345197632373],[101.03129760635802,0.08553344240205919],[101.03129759685747,0.08535261060279611],[101.03147721829188,0.08535260104792977],[101.03147722779327,0.08553343282694943],[101.03165684920842,0.08553342325099442],[101.03165685873074,0.08571425500975074],[101.03147723731476,0.08571426460595094],[101.03147724685637,0.08589509638493427],[101.03129762541944,0.08589510600053081],[101.03129761587867,0.08571427420130412],[101.03093837294618,0.08571429338946936],[101.03093838248525,0.08589512522917746],[101.030758760988,0.08589513484222756],[101.03075881863954,0.08698012600152003],[101.03129768308625,0.08698009679550653],[101.03129769276777,0.08716092859460473],[101.03147731421065,0.08716091883730441],[101.03147732391312,0.0873417506161407],[101.03219580948695,0.08734171149733493],[101.03219579978105,0.08716087979949007],[101.03237542112336,0.08716087003788317],[101.03237541143673,0.08698003836027211],[101.0327346540593,0.08698001887498438],[101.03273464439107,0.0867991872378649],[101.03309388693145,0.08679916778965618],[101.03309389660139,0.08697999938625851],[101.03327351784225,0.08697998964060626],[101.0332734985208,0.0866183264879057],[101.03345311973982,0.08661831678192002],[101.03345311010844,0.08643748522580517],[101.03363273130648,0.08643747553922836],[101.03363274093873,0.08661830707507838],[101.03381236211749,0.0866182973673808],[101.0338123717707,0.08679912888294582],[101.03399199293018,0.08679911915412385],[101.03399200260439,0.086979950649402],[101.03417162374458,0.08697994089945213],[101.03417163343978,0.08716077237444161],[101.03453087566149,0.08716075283141748],[101.0345308659646,0.08697992139697376],[101.03489010810404,0.08697990189105727],[101.03489009842558,0.08679907049714797],[101.03506971946423,0.08679906076317954],[101.03506970016605,0.08643739801586389],[101.03524932118285,0.08643738832159961],[101.03524931156312,0.0862565569681951],[101.03542893255894,0.08625654729335937],[101.03542892295852,0.08607571596021925],[101.03560854393334,0.0860757063048156],[101.03560855353462,0.08625653761767121],[101.03578817449014,0.08625652794113069],[101.0357881841124,0.08643735923368168],[101.03560856315603,0.08643736893050849],[101.03560857279761,0.08661820024332742],[101.03542895182025,0.08661820995958452],[101.03542896148112,0.08679904129266952],[101.03560858245935,0.0867990315561279],[101.03560861156541,0.08734152549441865],[101.03578823252604,0.08734151569616046],[101.03578824226922,0.08752234698860067],[101.03596786321056,0.08752233716919132],[101.03596787297475,0.0877031684413249],[101.03650673568043,0.0877031389170326],[101.03650672591365,0.08752230770577395],[101.03632710503278,0.08752231752777796],[101.03632709528704,0.08734148629620726],[101.03650671616704,0.0873414764944967],[101.03650670644059,0.08716064528320087],[101.03632708556142,0.08716065506461805]]],[[[101.02429236420514,0.0857146477593909],[101.02429232637387,0.08499131740990908],[101.02447194858946,0.08499130792828515],[101.02447191107547,0.08426797765920938],[101.02357379981372,0.08426802465552762],[101.02357380915801,0.08444885732367409],[101.02339418684475,0.08444886674060427],[101.02339419620824,0.08462969942889759],[101.02321457387411,0.08462970886515618],[101.02321462098787,0.08553387240716731],[101.02339424332617,0.08553386287009385],[101.02339423386253,0.08535303018189076],[101.02357385617996,0.0853530206641368],[101.02357384673552,0.08517218799608035],[101.02393309130863,0.0851721689983769],[101.02393310075477,0.08535300162609846],[101.02411272301211,0.08535299210581408],[101.02411273247911,0.08553382471334739],[101.02393311022094,0.0855338342538019],[101.02393311970712,0.08571466688148718],[101.02375349742807,0.08571467644126479],[101.02375350693345,0.0858955090891002],[101.02357388463352,0.08589551866819727],[101.02357389415809,0.086076351336181],[101.02339427183729,0.086076360934594],[101.02339426231354,0.08589552824644552],[101.02321463997356,0.08589553782384493],[101.02321464949645,0.08607637053215637],[101.02303502713558,0.08607638012886816],[101.02303504623974,0.08643804558575861],[101.0232146686023,0.08643803594872448],[101.02321465903937,0.08625720324044958],[101.02339428138104,0.08625719362272422],[101.02339429094484,0.08643802631083612],[101.02375353556981,0.08643800703249689],[101.02375354515533,0.08661883968025913],[101.02411278970187,0.08661882035816462],[101.02411278011466,0.08643798775074085],[101.02429240235702,0.08643797810858155],[101.024292392789,0.0862571455213113],[101.02411277054748,0.08625715514329868],[101.02411274196615,0.08571465732086256],[101.02429236420514,0.0857146477593909]]],[[[101.02537012581726,0.08625708777148634],[101.0253701162642,0.08607625530526679],[101.02465162766225,0.0860762937278399],[101.02465163721193,0.08625712627477926],[101.02447201501047,0.0862571358984715],[101.02447202457935,0.08643796846556803],[101.02465164678163,0.08643795882170033],[101.02465167561105,0.08698045646235317],[101.02483129779586,0.08698044675709946],[101.0248313074466,0.08716127928376959],[101.02501092961222,0.08716126955747726],[101.02501091996062,0.0869804370509862],[101.02537016423,0.086980417636181],[101.02537015459676,0.08679958517003494],[101.02590902084789,0.08679955610193912],[101.02590899206076,0.08625705888506638],[101.02537012581726,0.08625708777148634]]],[[[101.03973989832058,0.08752213076180705],[101.03973987881666,0.08716046907040848],[101.0388417760346,0.08716051804639878],[101.0388417857722,0.08734134899371743],[101.03920102694728,0.08734132936526653],[101.03920103670677,0.08752216027192797],[101.03973989832058,0.08752213076180705]]],[[[101.02123887925492,0.08752313948843031],[101.02123888894859,0.08770397241825072],[101.02070002112241,0.08770400172153654],[101.0207000308335,0.08788483471175754],[101.02141852123185,0.08788479555841382],[101.0214185309664,0.08806562846805363],[101.02213702104807,0.08806558922022273],[101.02213701131005,0.08788475639117409],[101.02159814378142,0.08788478576790663],[101.02159813406602,0.08770395287839325],[101.02141851151731,0.08770396264875535],[101.0214185018228,0.08752312973907826],[101.02123887925492,0.08752313948843031]]],[[[101.02770536732338,0.08915027779799978],[101.02770535743818,0.08896944559461474],[101.02734611367131,0.08896946547627763],[101.02734610380791,0.08878863323246378],[101.02698685996252,0.08878865307020702],[101.02698687970587,0.08915031763862144],[101.02680725775133,0.08915032759657437],[101.02680726765223,0.08933115990095192],[101.02662764567674,0.08933116987822079],[101.02662765559683,0.08951200220277629],[101.02644803360042,0.08951201219935755],[101.02644807347781,0.09023534157816965],[101.02662769547777,0.09023533150080784],[101.02662770549816,0.09041616382526792],[101.02698694943963,0.09041614362747348],[101.02698695948186,0.0905969759115187],[101.02716658142339,0.09059696579108073],[101.02716659148658,0.09077779805490621],[101.02752583531122,0.09077777777093801],[101.02752580517655,0.09023528110062304],[101.02770542705612,0.0902352710179109],[101.02770539709942,0.08969277440804105],[101.02788501895625,0.08969276438506021],[101.02788498917758,0.08915026783564187],[101.02770536732338,0.08915027779799978]]],[[[101.03776422022509,0.09023470496287438],[101.03794384095772,0.09023469482933547],[101.03794382086575,0.08987303273215129],[101.03758457938383,0.08987305291711016],[101.03758458941796,0.09005388400632545],[101.03740496864587,0.09005389411777687],[101.03740497869929,0.09023472522727716],[101.03722535790614,0.09023473535814107],[101.03722534785359,0.09005390422833837],[101.03704572704117,0.09005391433800997],[101.03704571700969,0.08987308318788756],[101.03668647532609,0.08987310336396528],[101.03668648535582,0.09005393455468348],[101.03650686448289,0.0900539446616854],[101.03650687453188,0.09023477587267968],[101.03668649540569,0.09023476574538254],[101.03668650547573,0.09041559693606245],[101.03686612633025,0.09041558678757661],[101.03686613642134,0.09059641795794028],[101.03704575725659,0.09059640778826221],[101.03704576736874,0.09077723893830783],[101.03722538818472,0.09077722874743392],[101.0372253780717,0.09059639761768887],[101.0374049988666,0.09059638744622026],[101.03740498877286,0.09041555633675835],[101.03776423030044,0.09041553603174546],[101.03776422022509,0.09023470496287438]]],[[[101.02429263800103,0.09077796019747265],[101.0242926279521,0.09059712761065349],[101.02519073896326,0.09059707706665755],[101.02519070892338,0.09005457960874397],[101.02465184238478,0.09005460975621586],[101.02465185237538,0.0902354423027434],[101.02447223015487,0.09023545237029633],[101.02447222016517,0.09005461980359328],[101.02429259792551,0.09005462985008077],[101.02429258795672,0.0898737972631849],[101.02411296569792,0.08987380728861054],[101.02411295575006,0.08969297468152368],[101.02393333347209,0.08969298468589106],[101.02393332354514,0.08951215205861501],[101.02357407893086,0.0895121720243558],[101.02357408885605,0.08969300469196671],[101.023394466518,0.089693014693675],[101.02339447646233,0.08987384738143164],[101.02321485410337,0.08987385740241652],[101.02321486406684,0.0900546901103171],[101.02339448642671,0.09005468006916921],[101.0233944964111,0.09023551275688765],[101.02357411875181,0.09023550269468508],[101.02357412875712,0.0904163353622196],[101.02339450641553,0.09041634544458695],[101.02339451643998,0.09059717813226703],[101.02321489407747,0.09059718823390388],[101.0232148840539,0.09041635552606078],[101.02285563927057,0.09041637568632792],[101.02285564929235,0.09059720843449158],[101.02267602686977,0.0905972185334425],[101.02267605705259,0.09113971683829081],[101.02285567947787,0.09113970667886702],[101.02285568957976,0.09132053942695353],[101.0230353119859,0.09132052924646968],[101.02303530188311,0.09113969651854259],[101.02339454663353,0.09113967619519174],[101.02339453654898,0.09095884350756947],[101.02357415889324,0.09095883336470784],[101.02357414882785,0.090778000697231],[101.02429263800103,0.09077796019747265]]],[[[101.03255540459493,0.09367079992763439],[101.03255539418313,0.09348996827096821],[101.03273501551625,0.09348995779868206],[101.03273500512366,0.09330912616225194],[101.03291462643574,0.09330911570929958],[101.03291460570908,0.09294745247689533],[101.03273498439883,0.09294746288933224],[101.03273497406661,0.09276663125284279],[101.03255535273715,0.09276664164410532],[101.03255534242595,0.09258580998734023],[101.0327349637545,0.09258579961633362],[101.03273495346251,0.09240496797980477],[101.03309419605742,0.09240494727556388],[101.03309418578374,0.09222411567953259],[101.03399229191427,0.09222406400427467],[101.0339922816562,0.09204323250954798],[101.034171902821,0.09204322219203252],[101.03417191307997,0.09222405366648902],[101.03489039754146,0.09222401230623294],[101.0348903770364,0.09186234951949775],[101.03506999809962,0.09186233921771361],[101.03506997767333,0.09150067647145861],[101.03489035661192,0.09150068673268445],[101.03489032612627,0.09095819255231888],[101.0347107050474,0.09095820275180849],[101.0347106949267,0.09077737133803725],[101.03435145271034,0.09077739169377061],[101.03435144261155,0.09059656023943076],[101.0339922003164,0.09059658055103369],[101.03399219023954,0.09041574905613241],[101.03381256906266,0.09041575919032255],[101.0338125590068,0.09023492767513364],[101.03327369535805,0.0902349580115487],[101.03327368532497,0.09005412643554611],[101.03309406406935,0.09005413652563982],[101.03309405405729,0.0898733049293568],[101.03291443278242,0.0898733149983011],[101.03291442279138,0.08969248338173955],[101.03255518018302,0.0896925034764502],[101.03255521021124,0.09023499844761836],[101.03237558887425,0.09023500855440653],[101.032375598923,0.09041584023167842],[101.032195977565,0.09041585035782722],[101.03219596751713,0.09023501866030299],[101.0320163461399,0.09023502876530777],[101.03201633611303,0.09005419704751386],[101.03183671471656,0.09005420713137816],[101.03183670471068,0.08987337539331636],[101.031657083295,0.08987338545604377],[101.03165707331011,0.08969255369771592],[101.03147745187519,0.08969256373931003],[101.0314774419113,0.08951173196071796],[101.03165706334535,0.08951172193936899],[101.0316570335717,0.08896922666421435],[101.03129779068877,0.08896924658456194],[101.03129780059146,0.08915007838345435],[101.03111817911895,0.08915008836255098],[101.03111816921714,0.08896925654341695],[101.0309385477254,0.08896926650139277],[101.03093853784456,0.08878843466200002],[101.0307589163336,0.08878844459885862],[101.03075888681431,0.0882459490198533],[101.03057926528585,0.08824595889512578],[101.03057922621169,0.08752263137524478],[101.03039960466657,0.08752264116870738],[101.03039961440409,0.08770347306894005],[101.03004037125187,0.08770349269373405],[101.03004038100778,0.08788432463441165],[101.02986075940065,0.0878843344657377],[101.02986077897101,0.08824599838749508],[101.02968115734208,0.0882460082584073],[101.02968120661527,0.08915016816360856],[101.03004044986177,0.08915014821863007],[101.03004045977843,0.08933098015915726],[101.03022008137242,0.08933097016511565],[101.03022009131006,0.08951180208539299],[101.03039971288482,0.08951179207023593],[101.03039972284344,0.0896926239702616],[101.03057934439899,0.08969261393398553],[101.03057935437857,0.08987344581375768],[101.0307589759149,0.08987343575635902],[101.03075898591548,0.09005426761587584],[101.03093860743259,0.09005425753735101],[101.03093861745415,0.09023508937661065],[101.03111823895205,0.09023507927695612],[101.0311182489946,0.09041591109595676],[101.03129787047328,0.0904159009751689],[101.03129788053683,0.09059673277390873],[101.03219598763299,0.09059668205533224],[101.03219599772109,0.09077751375281798],[101.03237561908088,0.09077750358616453],[101.03237562918999,0.09095833526337868],[101.03219600782931,0.09095834545028447],[101.03219605867214,0.09186250393732627],[101.03201643728687,0.09186251422458593],[101.03201644751488,0.09204334594218644],[101.03147758323567,0.09204337685925962],[101.03147757301036,0.0918625450809182],[101.03129795154463,0.09186255536454671],[101.03129793115615,0.09150089176731856],[101.03111830967212,0.09150090200955609],[101.03111831985541,0.0916817338284215],[101.03093869835038,0.09168174408999463],[101.03093873928097,0.0924050714462205],[101.03129798227816,0.0924050507602425],[101.03129799256288,0.09258588255876855],[101.03147761403223,0.09258587219416645],[101.03147762433798,0.09276670397242945],[101.03129800286771,0.09276671435727497],[101.03129801319265,0.09294754615576162],[101.03165725611488,0.09294752534466534],[101.03165726646175,0.09312835710264367],[101.0318368878936,0.09312834667547082],[101.03183692948586,0.09385167362619816],[101.03201655090129,0.09385166311710993],[101.03201659281903,0.09457498998652329],[101.03219621421805,0.09457497939550544],[101.0321962247487,0.0947558110925581],[101.03237584612853,0.09475580048035336],[101.03237583559694,0.09457496880355301],[101.0325554569557,0.094574958210666],[101.03255543595104,0.09421329489751334],[101.03237581459413,0.09421330544989212],[101.03237578324078,0.0936708104192508],[101.03255540459493,0.09367079992763439]]],[[[101.0266277457803,0.09113949312291583],[101.02662777620256,0.09168199009594871],[101.02680739818959,0.0916819798561197],[101.02680738802788,0.09150114755199176],[101.02698700999395,0.09150113733145547],[101.0269869998514,0.09132030504750682],[101.02734624372154,0.09132028464412438],[101.02734623359729,0.09113945240055915],[101.0266277457803,0.09113949312291583]]],[[[101.02968151280227,0.09457512758470751],[101.02968150230471,0.09439429560428973],[101.0295018806252,0.09439430616199777],[101.02950187014865,0.09421347416133438],[101.02914262673121,0.09421349523350632],[101.02914261627662,0.09403266319237728],[101.02896299453869,0.09403267370684654],[101.02896296329817,0.09349017752267912],[101.02914258503333,0.09349016706887035],[101.0291425333629,0.09258600686262888],[101.02860366811086,0.09258603791800787],[101.02860369904467,0.09312853422377745],[101.02842407725109,0.09312854463438498],[101.02842408760159,0.09330937675648349],[101.02824446578703,0.09330938718638374],[101.02824447615669,0.09349021932867543],[101.02806485432113,0.09349022977786484],[101.02806486470995,0.09367106194034788],[101.0278852428534,0.09367107240882283],[101.02788525326139,0.09385190459149548],[101.0275260094862,0.09385192556608193],[101.02752604082505,0.09439442223522064],[101.02770566272545,0.09439441168777353],[101.02770567321281,0.09457524389057387],[101.02842416061736,0.09457520161061592],[101.02842417112852,0.09475603373255481],[101.02860379293038,0.09475602314001401],[101.02860378241832,0.09457519103828993],[101.02896302595998,0.0945751698908342],[101.0289630364739,0.09475600195212329],[101.02950190163854,0.09475597016326431],[101.02950189112182,0.09457513816264108],[101.02968151280227,0.09457512758470751]]],[[[101.03740572108931,0.10271207173439259],[101.03740573255445,0.10289290284245797],[101.03722611169495,0.10289291439448786],[101.03722612317924,0.10307374552283376],[101.0375853648801,0.10307372237715075],[101.03758537638657,0.10325455346486821],[101.03776499720777,0.1032545418701929],[101.03776502028327,0.10361620400495006],[101.03794464108631,0.10361619236863892],[101.03794465265534,0.10379702341567675],[101.03812427343924,0.10379701175803217],[101.03812429663985,0.1041586738114226],[101.03830391740561,0.1041586621121297],[101.03830392903721,0.10433949311848041],[101.0384835497838,0.10433948139784513],[101.03848344581668,0.10271200252271304],[101.03830382507923,0.10271201406053045],[101.03830381362921,0.1025311830539819],[101.03794457209578,0.1025312060859509],[101.03794458354378,0.10271203713312027],[101.03740572108931,0.10271207173439259]]],[[[101.04045729437223,0.0643757534257898],[101.04045730157264,0.06455658419220942],[101.04009806086806,0.06455659870912112],[101.0400980680874,0.06473742951619067],[101.03991844770418,0.06473743679401875],[101.03991846948144,0.06527992927613219],[101.03973884907612,0.06527993661430263],[101.03973885637494,0.06546076746197342],[101.04063695820281,0.06546073066301575],[101.04063695090078,0.0652798999169996],[101.04081657120511,0.06527989257560377],[101.04081654941828,0.06473740039848111],[101.04063692911586,0.0647374076788681],[101.0406369146936,0.06437574618671156],[101.04045729437223,0.0643757534257898]]],[[[101.05123489776727,0.07414011326660011],[101.05105527860401,0.0741401216469669],[101.05105527029025,0.07395929208412107],[101.0508756511074,0.07395930044331711],[101.05087564281466,0.07377847086001739],[101.05069602361225,0.07377847919804621],[101.05069600708913,0.07341681999052703],[101.05015714936442,0.07341684487764254],[101.05015714113547,0.07323601521256112],[101.04961828323027,0.0732360400318651],[101.04961827502378,0.07305521030548583],[101.04907941693813,0.0730552350570104],[101.04907940875407,0.0728744052693494],[101.04889978935233,0.07287441349799528],[101.04889978118926,0.07269358368990028],[101.04854054232639,0.07269360010420013],[101.04854053418504,0.07251277025525803],[101.04836091472389,0.07251277844091732],[101.04836090660352,0.07233194857154665],[101.04818128712282,0.07233195673607806],[101.04818127902342,0.07215112684628067],[101.04800165952315,0.07215113498968775],[101.04800163534874,0.07160864525897499],[101.04782201583032,0.0716086533404458],[101.04782200781342,0.07142782340976994],[101.04764238827543,0.07142783147012716],[101.04764237230387,0.07106617156791793],[101.04782199184045,0.07106616354837271],[101.04782197594857,0.07070450368691505],[101.0480015954635,0.07070449570748315],[101.04800158754728,0.07052366579713952],[101.0487200654015,0.07052363395407406],[101.04872005750278,0.0703428041253644],[101.04889967691494,0.07034279618327255],[101.04889966117695,0.06998113656664182],[101.04907928056747,0.06998112866469185],[101.04907925711053,0.06943863930088973],[101.04889963772207,0.0694386471415842],[101.0488996221869,0.06907698752480528],[101.04872000277952,0.06907699532398019],[101.04871999504302,0.06889616549515196],[101.04854037561604,0.06889617327322937],[101.0485403679005,0.06871534342397156],[101.04818112898705,0.06871535893725948],[101.04818112129314,0.0685345290471626],[101.04800150180668,0.06853453678237846],[101.04800149413371,0.06835370687185743],[101.04782187462764,0.06835371458598832],[101.04782186697562,0.06817288465504498],[101.04764224744997,0.06817289234809445],[101.04764223981887,0.06799206239673063],[101.04728300070809,0.06799207774000196],[101.0472829930986,0.06781124774781709],[101.04692375390809,0.06781126304760145],[101.04692374632019,0.0676304330146027],[101.0462052676987,0.06763046352455294],[101.04620527528392,0.06781129363912917],[101.04602565557725,0.06781130128533588],[101.04602566318206,0.0679921314202876],[101.04584604345446,0.06799213908621235],[101.04584607407358,0.06871545970742673],[101.04566645432305,0.06871546745422492],[101.04566646202778,0.06889629762987842],[101.04548684225632,0.06889630539638214],[101.04548684998063,0.06907713559240553],[101.04566646975276,0.06907712780551728],[101.045666477498,0.06925795798114144],[101.04602571698287,0.06925794236454269],[101.04602572474971,0.0694387724993777],[101.04620534446245,0.06943876466966185],[101.04620536005827,0.06980042489850773],[101.0463849797521,0.06980041702732233],[101.04638500329979,0.07034290730930466],[101.04656462297545,0.07034289937624909],[101.04656467062189,0.0714278798174481],[101.04674429028147,0.07142787176132584],[101.04674430632708,0.07178953186748055],[101.0469239259678,0.07178952376985837],[101.0469239340217,0.07197035380251579],[101.04710355364288,0.07197034568378537],[101.04710356171776,0.07215117569602865],[101.04728318131937,0.0721511675561864],[101.04728318941521,0.07233199754801375],[101.04746280899727,0.07233198938705612],[101.0474628171141,0.07251281935846564],[101.04782205621882,0.07251280299359593],[101.04782206435733,0.07269363292417988],[101.04800168388002,0.07269362472026243],[101.0480016920395,0.07287445463042311],[101.04818131154263,0.07287444640537777],[101.0481813197231,0.07305527629511341],[101.04836093920667,0.07305526804893663],[101.04836094740814,0.07323609791824538],[101.04854056687215,0.07323608965093355],[101.04854058333737,0.07359774934867805],[101.04872020278253,0.07359774103981268],[101.04872021933032,0.07395940069666472],[101.04889983875665,0.07395939234623866],[101.0488998304719,0.07377856253823721],[101.0501571658832,0.07377850420775849],[101.05015717417302,0.07395933387279295],[101.05069603190425,0.07395930880178231],[101.05069604021655,0.07414013840550268],[101.05087565942043,0.07414013002660111],[101.05087566775376,0.07432095960986931],[101.05105528693807,0.07432095120979697],[101.05105529529243,0.07450178077261126],[101.05123491445715,0.07450177235136456],[101.05123492283255,0.07468260189372301],[101.05159416110257,0.07468258500813581],[101.0515941527257,0.07450175550666259],[101.05141453360157,0.07450176392938168],[101.05141452524576,0.07432093440744908],[101.05123490610205,0.07432094280899024],[101.05123489776727,0.07414011326660011]]],[[[101.04027797777424,0.07160899212324505],[101.04027796978683,0.07142816133705623],[101.03973910856301,0.0714281854270759],[101.03973911654832,0.07160901627425215],[101.03955949609929,0.07160902432317261],[101.03955950410408,0.07178985519065924],[101.03937988363417,0.07178986325919585],[101.03937989165843,0.07197069414699102],[101.03920027116762,0.07197070223514024],[101.0392002872753,0.07233236405132866],[101.03937990776753,0.07233235592253544],[101.0393798997029,0.07215152503477089],[101.03973914062536,0.07215150881568949],[101.03973913257948,0.071970677968559],[101.04009837341978,0.07197066178728219],[101.04009835738579,0.07160900017428835],[101.04027797777424,0.07160899212324505]]],[[[101.04764281391381,0.08046932900481579],[101.04764282294343,0.08065015895508933],[101.0474632033471,0.08065016805535515],[101.04746319431827,0.0804693380846774],[101.04728357470248,0.08046934716374386],[101.04728356569471,0.0802885171726466],[101.04746318530972,0.08028850811398257],[101.04746317632141,0.08010767814327065],[101.0476427959154,0.08010766910421745],[101.04764277799804,0.079746009203551],[101.04746315840565,0.07974601820179579],[101.04746314947815,0.07956518823103292],[101.04728352986628,0.07956519720808722],[101.04728350320774,0.07902270723448995],[101.04746312281728,0.07902269831864286],[101.0474631051447,0.07866103837696548],[101.04764272473243,0.07866102950114594],[101.04764271592576,0.07848019955068634],[101.04782233549246,0.0784801906944955],[101.04782232670529,0.07829936076442519],[101.04854080476623,0.07829932541354859],[101.04854079599627,0.0781184955651035],[101.04907965432677,0.07811846910507216],[101.04907964557479,0.0779376393178606],[101.04943888435885,0.0779376217148224],[101.04943887562563,0.07775679196843663],[101.04961849498646,0.07775678318618616],[101.04961848627276,0.07757595346020772],[101.04979810561255,0.07757594469761457],[101.04979803662724,0.07612930705260164],[101.04961841729349,0.07612931565178961],[101.04961840876238,0.0759484859256641],[101.04943878940908,0.07594849450367595],[101.049438780899,0.07576766475711044],[101.04925916152617,0.07576767331394972],[101.04925915303711,0.075586843546946],[101.04907953364474,0.07558685208261628],[101.04907954213304,0.0757676818700403],[101.04889992271964,0.07576769042538216],[101.0488999312275,0.07594852023320856],[101.04872031179308,0.07594852880821844],[101.04872032032044,0.07612935863644538],[101.04854070086499,0.0761293672311197],[101.04854070941191,0.07631019707974537],[101.04836108993543,0.07631020569408056],[101.04836109850186,0.07649103556310315],[101.04818147900437,0.07649104419709561],[101.04818147043868,0.07631021430766169],[101.04800185092164,0.07631022292048877],[101.04800180840103,0.07540607337102856],[101.04710371053045,0.0754061159137477],[101.04710371899033,0.075586945925693],[101.04728333860572,0.0755869373982388],[101.04728336410916,0.07612942737277618],[101.04710374449152,0.07612943596143228],[101.04710375303246,0.07631026597331303],[101.04692413339383,0.07631027458161568],[101.04692414195426,0.07649110461387905],[101.04656490261472,0.0764911218690145],[101.04656495439376,0.07757610230700596],[101.04638533468906,0.0775761110558008],[101.04638534338905,0.07775694114913535],[101.04620572366333,0.0777569499175553],[101.0462057323828,0.07793778003126506],[101.04602611263606,0.07793778881930656],[101.04602612137502,0.07811861895338962],[101.04530764218251,0.07811865417939587],[101.04530765093865,0.07829948439500412],[101.04494841121938,0.07829950204413576],[101.04494841999423,0.07848033230048754],[101.04458918019245,0.07848034998727729],[101.044589188986,0.07866118028436539],[101.04476880889777,0.07866117142098267],[101.04476881771234,0.07884200169767842],[101.0445891977998,0.07884201058143676],[101.04458921548807,0.07920367117552923],[101.0447688354022,0.07920366225101966],[101.04476884427747,0.07938449252766502],[101.04494846417212,0.07938448358199537],[101.04494847306843,0.07956531383824646],[101.0451280929436,0.07956530487141315],[101.04512810186093,0.07974613510726815],[101.04530772171665,0.07974612611926762],[101.0453077396136,0.08010778655016475],[101.04548735945065,0.08010777752061067],[101.04548736843029,0.08028860771565094],[101.04566698824787,0.08028859866492073],[101.04566697926744,0.08010776849026499],[101.04620583859634,0.08010774139447845],[101.04620584757912,0.08028857150796978],[101.0463854673157,0.08028856245406606],[101.04638547631951,0.0804693925471486],[101.04674471573348,0.08046937439617222],[101.04674472475914,0.0806502044484489],[101.04692434443653,0.08065019535137091],[101.04692435348325,0.08083102538323338],[101.04674473380507,0.08083103450070846],[101.04674475195769,0.08119269460517599],[101.04746323055518,0.08119265796728532],[101.04746322146555,0.08101182799665912],[101.04764284106346,0.0810118188555849],[101.04764283199331,0.08083098890534571],[101.04782245157017,0.08083097978387692],[101.04782243348909,0.08046931992415901],[101.04764281391381,0.08046932900481579]]],[[[101.0411764421365,0.0793846712763229],[101.04117645101643,0.07956550196012421],[101.04171531185547,0.07956547510679882],[101.04171530297322,0.07938464448402786],[101.0418949232117,0.07938463555169392],[101.04189491434887,0.07920380494925311],[101.04099681295826,0.07920384950136089],[101.04099682181719,0.07938468020551899],[101.0411764421365,0.0793846712763229]]],[[[101.04925945304444,0.08173505561580406],[101.04925943474785,0.0813733960828832],[101.04907981533083,0.08137340527200272],[101.04907979711696,0.08101174569817206],[101.04890017768125,0.08101175484565049],[101.04890015051494,0.08046926542351988],[101.04872053106132,0.08046927450894767],[101.04872052204725,0.08028844468111979],[101.04836128308075,0.08028846280876176],[101.04836131925242,0.08101178228328267],[101.0481816997356,0.081011791427559],[101.0481817088284,0.08119262131655763],[101.04800208929049,0.08119263048044303],[101.04800209840279,0.08137346038983395],[101.04818171794147,0.081373451205539],[101.04818172707483,0.08155428109450305],[101.04800210753534,0.08155429029920756],[101.04800211668818,0.08173512020856387],[101.04782249712761,0.08173512943287031],[101.04782251549247,0.08209678929234626],[101.04764289591002,0.08209679855665702],[101.04764291435436,0.08245845845687516],[101.04818177304573,0.08245843053906247],[101.04818178230074,0.0826392604279219],[101.04836140182479,0.08263925109994334],[101.04836141110088,0.08282008096837384],[101.04872065008979,0.08282006226913884],[101.04872065938778,0.08300089209672366],[101.0490798982972,0.08300087335337987],[101.04907987971824,0.08263921377986304],[101.0492594991409,0.08263920444780146],[101.04925948064148,0.08227754491505493],[101.04943910004224,0.08227753562302093],[101.0494390724428,0.08173504638503626],[101.04925945304444,0.08173505561580406]]],[[[101.0417154475146,0.08227793444631266],[101.04171543832919,0.0820971038237994],[101.04135619776781,0.08209712229644431],[101.04135620695162,0.0822779529596463],[101.0411765866398,0.08227796221509356],[101.04117661431,0.08282045426561942],[101.04135623462425,0.08282044494914717],[101.04135622537983,0.08263961428599777],[101.04171546594606,0.08263959569128675],[101.04171545672023,0.08245876506880849],[101.04153583644802,0.08245877434622706],[101.04153582724321,0.08227794370338601],[101.0417154475146,0.08227793444631266]]],[[[101.04602643999786,0.08444767363556031],[101.04602643055006,0.08426684350208134],[101.04530795124916,0.08426688150050843],[101.04530796069365,0.0844477117155292],[101.04512834081697,0.08444772123343519],[101.04512835028088,0.08462855146881898],[101.04530797015838,0.084628541930532],[101.04530797964337,0.08480937214551681],[101.0456672193393,0.08480935302566668],[101.0456672288462,0.08499018319986615],[101.04584684866462,0.08499017361829767],[101.04584683915688,0.08480934346448456],[101.04602645895423,0.08480933390246433],[101.04602644946593,0.08462850376902131],[101.04620606924217,0.08462849422655296],[101.0462060597733,0.0844476641134819],[101.04602643999786,0.08444767363556031]]],[[[101.04872074398224,0.08462836054418836],[101.04854112448972,0.08462837009836441],[101.04854111501005,0.08444754025052485],[101.04818187596581,0.08444755931554364],[101.04818186650807,0.08426672942686163],[101.04692452922049,0.08426679598531192],[101.04692453867244,0.08444762601682339],[101.04638567952847,0.08444765459056898],[101.04638569848815,0.08480931477590975],[101.04692455763711,0.08480928607979252],[101.04692456714983,0.08499011611125003],[101.04764304573477,0.08499007775642148],[101.04764305527111,0.08517090770625482],[101.0478226748675,0.0851708980950421],[101.04782268442494,0.0853517280244513],[101.04800230400193,0.08535171839198916],[101.04800232317928,0.08571337820993753],[101.04818194273764,0.08571336853581282],[101.04818196199778,0.08607502831286917],[101.04836158153758,0.08607501859707477],[101.04836157189654,0.08589418872896709],[101.0485411914152,0.08589417903273527],[101.0485411817936,0.08571334918502248],[101.04872080129114,0.08571333950835684],[101.04872074398224,0.08462836054418836]]],[[[101.04135642375594,0.08643705820838782],[101.0413564141074,0.08625622754559774],[101.04153603441719,0.08625621784178138],[101.04153602478802,0.08607538719931644],[101.04171564507675,0.08607537751499296],[101.04171560675873,0.08535205502633166],[101.04153598647335,0.08535206462927414],[101.04153597694521,0.08517123398671811],[101.04081749560498,0.08517127230869065],[101.04081750512978,0.08535210303260982],[101.04099712549598,0.08535209343304102],[101.0409971350418,0.08553292413660393],[101.04117675538865,0.08553291451585184],[101.0411767745426,0.0858945758822433],[101.04099715419409,0.08589458554367516],[101.04099717342719,0.08625624695067337],[101.04081755305678,0.08625625665193264],[101.04081756270278,0.08643708737574236],[101.04063794231132,0.08643709709648557],[101.04063795197668,0.08661792784061326],[101.04027871113148,0.08661794732020449],[101.04027872081532,0.08679877810498102],[101.04045834124888,0.08679876834528061],[101.04045835095378,0.08697959910970597],[101.040817591762,0.08697957954706118],[101.0408175820554,0.08679874882330667],[101.04099720242834,0.08679873906103311],[101.04099719274109,0.08661790835759826],[101.041176813093,0.08661789861480684],[101.04117680342509,0.08643706793169348],[101.04135642375594,0.08643705820838782]]],[[[101.0453081934351,0.08878763687055347],[101.04530815383502,0.08806431601212335],[101.04512853394142,0.08806432593764905],[101.04512852409289,0.08788349570261367],[101.0449489041799,0.08788350560688996],[101.0449489238955,0.08824516611770046],[101.04476930396054,0.08824517606186312],[101.04476931384782,0.08842600633761767],[101.04441007391546,0.08842602626407647],[101.04441009374729,0.08878768689702807],[101.04423047374901,0.08878769689969086],[101.04423048369442,0.0889685272365104],[101.04458972367247,0.08896850718956154],[101.04458971372533,0.08878767689348788],[101.04476933368313,0.08878766688907035],[101.04476932375536,0.08860683661335342],[101.04494894369206,0.08860682662843591],[101.04494895362069,0.08878765688377542],[101.0453081934351,0.08878763687055347]]],[[[101.04045863089124,0.09204286050597014],[101.0404586206208,0.09186202974207693],[101.0406382410587,0.09186201941215202],[101.04063823080757,0.0916811886685738],[101.04081785122438,0.09168117835807744],[101.04081786147641,0.09186200908131935],[101.04135672260834,0.09186197808337482],[101.04135673288329,0.09204280874557752],[101.04189559383605,0.09204277767842743],[101.04189560413391,0.09222360827957479],[101.04261408512492,0.09222356676256835],[101.04261406454216,0.09186190572306607],[101.04243444432655,0.09186191606297632],[101.04243438306894,0.09077693282187695],[101.04261400327917,0.09077692260409184],[101.04261399313944,0.09059609208419504],[101.04315285364618,0.0905960614865308],[101.04315283342204,0.09023440056882603],[101.04261397292063,0.09023443104434373],[101.04261396284156,0.09005360052438928],[101.04243434263486,0.09005361066075766],[101.04243433257689,0.08987278012042986],[101.04225471235087,0.08987279023555594],[101.042254702314,0.08969195967485667],[101.04207508206864,0.08969196976874406],[101.04207507205285,0.08951113918767513],[101.04189545178816,0.08951114926032736],[101.04189547183817,0.08987281046314383],[101.0417158515515,0.08987282057560561],[101.04171586160595,0.09005365119733225],[101.04153624129819,0.09005366132925122],[101.04153629186911,0.09095781453932279],[101.0413566715367,0.09095782477206917],[101.04135668171062,0.0911386554343691],[101.0411770613571,0.09113866568655835],[101.04117707155032,0.09131949636918058],[101.0406382103659,0.09131952718135891],[101.04063822057664,0.09150035792497609],[101.03991973871102,0.09150039907657433],[101.03991974893836,0.09168122990149943],[101.03938088732443,0.09168126081668096],[101.03938089756925,0.09186209170256339],[101.03884203577094,0.09186212267055183],[101.03884204603325,0.09204295361737543],[101.03848280473164,0.09204297429879377],[101.03848281501233,0.09222380528622935],[101.03830319433035,0.09222381564588729],[101.03830321495046,0.0925854776613258],[101.03866245629784,0.09258545685984267],[101.03866244597589,0.0924046258927612],[101.03956054898666,0.09240457397464358],[101.03956053868036,0.09222374310914368],[101.03991977974154,0.09222372237615774],[101.03991976945362,0.09204289155129121],[101.04045863089124,0.09204286050597014]]],[[[101.04387141577284,0.09204266369550901],[101.04387142608067,0.09222349407272103],[101.0436918060048,0.09222350445971889],[101.04369182667932,0.09258516525481748],[101.04405106681442,0.09258514439844003],[101.04405105646524,0.09240431404163574],[101.04423067650153,0.09240430363244494],[101.04423066617167,0.09222347329599126],[101.04405104613629,0.09222348368481181],[101.04405103582758,0.09204265332796828],[101.04387141577284,0.09204266369550901]]],[[[101.05015813671703,0.09258478928010981],[101.05015812633698,0.09240395961689717],[101.04997850696938,0.09240397005622032],[101.04997853816768,0.09294645910708689],[101.04979891877704,0.0929464696067793],[101.04979892921615,0.09312729931078945],[101.04961930980431,0.0931273098299891],[101.0496193202628,0.0933081395544051],[101.04997855906801,0.09330811847423252],[101.04997856954861,0.09348894815777561],[101.05015818892169,0.09348893759587704],[101.0501581994235,0.093669767258971],[101.05033781877721,0.0936697566757176],[101.05033778732991,0.09312726774766918],[101.05051740666057,0.0931272572247886],[101.05051738579535,0.09276559798018956],[101.05033776646651,0.09276560846220451],[101.05033775606526,0.09258477881944256],[101.05015813671703,0.09258478928010981]]],[[[101.05105635945387,0.09475469169855408],[101.05105634882564,0.0945738621377532],[101.05051749093333,0.09457389420238965],[101.0505174803282,0.0943930645802595],[101.0501582416337,0.09439308591114728],[101.05015826286055,0.09475474523711515],[101.05105635945387,0.09475469169855408]]],[[[101.04099798655095,0.10036104176337102],[101.04063874564704,0.10036106433764243],[101.04063879065107,0.10108438730790524],[101.04135727239387,0.10108434182997132],[101.0413572611086,0.10090351116879376],[101.0411776407042,0.1009035225194339],[101.04117762944013,0.10072269183789323],[101.0409980090165,0.10072270316719636],[101.04099798655095,0.10036104176337102]]],[[[101.04333322111205,0.10307335149212948],[101.04333320959338,0.1028925210550669],[101.04369244991878,0.10289249788085059],[101.04369242693811,0.102530837088116],[101.04315356642572,0.10253087172573656],[101.043153600918,0.10307336309807386],[101.04333322111205,0.10307335149212948]]],[[[101.04584795967202,0.10397733966071256],[101.04584794803793,0.10379650950900643],[101.04566832812317,0.10379652121075576],[101.04566830491781,0.10343486086650465],[101.04512944505807,0.10343489584330187],[101.04512945664757,0.1036157260765868],[101.04530907662208,0.10361571439829549],[101.04530912318661,0.10433903524969068],[101.04512950320803,0.10433904700950604],[101.04512951489873,0.10451987724268047],[101.04494989489888,0.10451988902184396],[101.04494990660882,0.1047007192753754],[101.04566838649089,0.10470067207099683],[101.04566837477684,0.10451984189899297],[101.04584799469572,0.10451983011569815],[101.0458479830009,0.10433899996405847],[101.04602760289849,0.10433898820011896],[101.04602757956756,0.10397732793754935],[101.04584795967202,0.10397733966071256]]],[[[101.050518152562,0.10524284187115747],[101.05051811721492,0.10470035300845695],[101.05033849782212,0.1047003648390379],[101.05033848608137,0.1045195351976603],[101.04997924723695,0.10451955881485817],[101.04997927073461,0.10488121817931165],[101.04979965127991,0.10488123002721628],[101.04979967485667,0.1052428894324355],[101.04997929431345,0.10524287754367594],[101.04997930613331,0.10542370722582452],[101.05015892557081,0.10542369531559574],[101.050158937412,0.10560452497729267],[101.04997931797345,0.10560453690795069],[101.04997932983389,0.10578536659005441],[101.04926085187265,0.10578541438395031],[101.04926088756321,0.1063279036752238],[101.04962012659065,0.1063278796578285],[101.04962013853017,0.10650870938069516],[101.0501589969223,0.1065086732854397],[101.05015898497966,0.10632784362385544],[101.05033860440207,0.1063278316104297],[101.05033859247868,0.10614700196925389],[101.05069783126054,0.10614697798011781],[101.0506977719376,0.10524282997823808],[101.050518152562,0.10524284187115747]]],[[[101.05518678255405,0.07974563056569582],[101.05518676465218,0.0793839723821421],[101.05536638336984,0.07938396339097507],[101.05536637444864,0.07920313431965391],[101.0555459931452,0.07920312534818526],[101.05554598424357,0.07902229629733008],[101.055725602919,0.07902228734556342],[101.05572561182142,0.07920311637593398],[101.05590523047726,0.07920310740290006],[101.0559052394008,0.07938393641276739],[101.05608485803708,0.07938392741846265],[101.05608486698176,0.07956475640782486],[101.05662372277084,0.0795647293587288],[101.05662371382384,0.07938390043084186],[101.0568033323787,0.07938389143339944],[101.0568033413265,0.07956472034079104],[101.05698295986178,0.07956471132206705],[101.05698296883072,0.0797455402089446],[101.05734220584176,0.0797455221281384],[101.05734221483263,0.07992635097399937],[101.0577014517638,0.07992633284903443],[101.05770144277139,0.07974550404418024],[101.05788106120563,0.07974549500101916],[101.05788105223279,0.07956466621665403],[101.05770143379932,0.07956467523930906],[101.05770142484764,0.07938384643442094],[101.05752180639458,0.0793838554357855],[101.05752179746403,0.07920302661037622],[101.05716256049838,0.07920304456974885],[101.05716255158976,0.07902221570331955],[101.05698293307717,0.07902222466133299],[101.05698291532255,0.07866056688742619],[101.05680329679114,0.07866057580366453],[101.05680327911952,0.07829891798869656],[101.05590518616482,0.07829896235331159],[101.05590519498662,0.07847979136326275],[101.05572557633386,0.07847980025435106],[101.05572556751284,0.0782989712239135],[101.05554594884049,0.07829898009374169],[101.0555459400406,0.07811815104280288],[101.05536632134867,0.07811815989137454],[101.05536631256989,0.07793733081993627],[101.05500707512654,0.07793734847380354],[101.05500706636961,0.0777565193613884],[101.05464782884643,0.07775653697122202],[101.05464782011138,0.0775757078178372],[101.05446820132005,0.07757571660112758],[101.05446819260611,0.07739488742725234],[101.05464781139668,0.07739487866443584],[101.0546478027023,0.07721404951101804],[101.05482742147178,0.07721404076791245],[101.054827412797,0.0770332116349539],[101.05500703154537,0.0770332029115628],[101.05500702289017,0.07685237379906533],[101.05518664161745,0.07685236509539228],[101.05518663298183,0.07667153600335773],[101.05536625168803,0.07667152731940634],[101.05536624307199,0.07649069824783652],[101.05554586175708,0.0764906895836103],[101.05554585316065,0.07630986053250705],[101.05572547182464,0.07630985188800961],[101.05572546324781,0.07612902285737475],[101.05608470051327,0.07612900560709232],[101.05608469195528,0.07594817661741586],[101.05590507333348,0.07594818522244501],[101.05590506479659,0.07576735621226419],[101.05608468341765,0.0757673476277232],[101.05608467490038,0.07558651863801445],[101.05644391207994,0.07558650150766819],[101.05644390358154,0.07540567255892511],[101.05662352214006,0.07540566401312519],[101.05662351366128,0.07522483508485958],[101.05752160614475,0.07522479244717784],[101.05752161462723,0.07540562127294888],[101.05770123306358,0.07540561272267829],[101.05770125009114,0.07576727033316369],[101.05788086850859,0.07576726174113589],[101.05788087705366,0.07594809052584835],[101.05824011382897,0.07594807329852923],[101.05824010528241,0.07576724455483423],[101.05859934197473,0.07576722736553784],[101.05859932493975,0.07540556996014872],[101.05877894325386,0.0754055614054075],[101.0587789347662,0.07522473272320383],[101.0591381713318,0.0752247156525214],[101.05913817982093,0.07540554429368969],[101.0593177980739,0.07540553573671313],[101.05931780658418,0.07558636435734506],[101.05967704303045,0.07558634720011058],[101.0596770345187,0.07540551862052473],[101.06003627088192,0.0754055015013559],[101.06003626238909,0.0752246729628072],[101.06021588053939,0.0752246644226344],[101.06021586361341,0.07486300738654765],[101.05967700910578,0.07486303288167107],[101.05967700067559,0.07468220430202129],[101.0593177642367,0.07468222125402546],[101.05931777266542,0.07486304987472131],[101.05913815441467,0.0748630583701368],[101.05913816286305,0.0750438870113371],[101.05895854459118,0.07504389552653142],[101.05895853614354,0.07486306686481257],[101.05877891785201,0.07486307535874857],[101.05877890101934,0.07450141799422963],[101.05859928270891,0.07450142644639593],[101.05859927432388,0.07432059774359764],[101.05877889263357,0.07432058931194636],[101.05877888426818,0.07413976062964728],[101.05859926595922,0.07413976904078359],[101.05859925761493,0.07395894033795374],[101.05841963928631,0.07395894872784423],[101.05841963096313,0.07377812000448546],[101.05824001261486,0.07377812837313372],[101.05823999603106,0.0734164708853463],[101.05841961437788,0.07341646255772084],[101.05841959787415,0.07305480511089375],[101.05859921619917,0.07305479682356925],[101.05859920797714,0.07287396812064559],[101.05913806282776,0.07287394331589112],[101.05913803827754,0.07233145739167819],[101.05931765651819,0.07233144918354759],[101.05931764025188,0.07196979194170264],[101.05913802201265,0.07196980010879259],[101.05913801391077,0.07178897146732677],[101.05895839565186,0.07178897961318699],[101.05895838757107,0.07160815095118737],[101.05698258538615,0.07160824028324507],[101.05698259345921,0.07178906917083092],[101.05662335643214,0.07178908544481706],[101.05662336452416,0.0719699143733801],[101.05644374597938,0.07196992252980265],[101.05644376222304,0.07233158042786984],[101.05626414365649,0.07233158862456476],[101.05626415998015,0.07269324656355394],[101.05608454139183,0.07269325480051404],[101.05608454958347,0.0728740837904754],[101.05590493097408,0.0728740920472054],[101.05590493918537,0.07305492105763946],[101.0557253205549,0.07305492933413575],[101.05572532878583,0.07323575836504068],[101.05536609146243,0.07323577495683503],[101.05536612458378,0.07395909124416832],[101.05554574325855,0.07395908286670166],[101.05554581048368,0.07540571527674807],[101.05536619180306,0.07540572381807734],[101.05536621734598,0.07594821103302962],[101.05518659864278,0.07594821963505688],[101.05518661577162,0.07630987781923977],[101.05500699704659,0.07630988646147507],[101.05500700564076,0.07649071557402143],[101.05464776812818,0.07649073289718301],[101.0546477767412,0.07667156205066628],[101.05446815795365,0.07667157073158719],[101.05446816658626,0.07685239990552804],[101.05410892894865,0.07685241730603944],[101.05410893760008,0.07703324652090636],[101.05321084314647,0.07703329011121997],[101.05321083449881,0.07685246079402824],[101.05303121554788,0.07685246948934778],[101.05303120692129,0.07667164015168011],[101.05285158795077,0.07667164882578241],[101.05285157934527,0.07649081946764061],[101.0526719603552,0.07649082812052925],[101.05267193466284,0.0759483399846384],[101.05249231565469,0.0759483485754085],[101.05249229014741,0.07540586037800953],[101.05213305207462,0.07540587743458894],[101.0521330436143,0.0752250479945207],[101.05195342454819,0.07522505650124384],[101.05195341610893,0.07504422704071076],[101.05213303517431,0.0750442185544365],[101.05213302675463,0.07486338911433632],[101.051773788605,0.07486340604524731],[101.05177380546175,0.07522506500722365],[101.05159418635499,0.07522507351246012],[101.05159419481308,0.0754059030138696],[101.05141457568529,0.07540591153880624],[101.0514145926609,0.0757675705824641],[101.05159421179019,0.07576756201664041],[101.0515942203092,0.07594839151800169],[101.05213307757742,0.07594836575469723],[101.05213308611899,0.07612919519470106],[101.05231270516852,0.07612918658498127],[101.05231271373114,0.07631001600451827],[101.0524923327611,0.07631000737359375],[101.05249236721775,0.07703332496976922],[101.05267198623041,0.0770333162562737],[101.05267199489612,0.07721414563482248],[101.05285161388922,0.07721413690010975],[101.052851622576,0.07739496625818607],[101.05339047943565,0.07739493998809113],[101.05339048814504,0.07757576928477221],[101.05357010705835,0.07757576050608116],[101.05357011578884,0.07775658978228256],[101.05410897240914,0.07775656338020985],[101.05410898116223,0.07793739259499446],[101.05428859999576,0.07793738377229656],[101.05428860876995,0.07811821296659426],[101.05410898993566,0.07811822180976251],[101.05410899872942,0.07829905102451393],[101.05428861756448,0.07829904216087537],[101.05428863521453,0.07866070054938759],[101.05410901637794,0.07866070945396679],[101.05410902523269,0.07884153866866815],[101.05374978749693,0.07884155651642999],[101.05374977864372,0.07866072726079337],[101.05357015974613,0.07866073616304073],[101.05357016859857,0.07884156543914231],[101.05303131178148,0.07884159220260488],[101.05303132954269,0.07920325087752605],[101.05321094850359,0.07920324191623175],[101.05321095741544,0.0793840712332075],[101.05374981417854,0.07938404428323916],[101.05374982311307,0.07956487353880849],[101.05392944199421,0.07956486453345013],[101.05392946892214,0.08010735223865617],[101.05464794425282,0.0801073159637059],[101.05464795327259,0.0802881451168557],[101.05482757205522,0.08028813602566352],[101.05482759923895,0.08083062342358327],[101.05500721800361,0.08083061427016532],[101.05500720892123,0.08064978515802],[101.05518682766476,0.08064977602428258],[101.05518680955944,0.08028811784089908],[101.05500719081749,0.08028812693367797],[101.05500716381445,0.07974563959703695],[101.05518678255405,0.07974563056569582]]],[[[101.05913854542469,0.08281951856733627],[101.05913853609987,0.08263868992685725],[101.05949777264748,0.08263867117045931],[101.05949776334143,0.0824578425710052],[101.05967738158385,0.08245783321210529],[101.0596773908907,0.08263866179103546],[101.06003662731598,0.08263864302973807],[101.06003660871943,0.08227698595396658],[101.06021622689985,0.0822769766131516],[101.0602161624486,0.08101117699110712],[101.06039578060303,0.08101116779319667],[101.06039577147648,0.08083033929622356],[101.06057538960974,0.08083033011804548],[101.0605753805028,0.08064950164158803],[101.06129385282863,0.08064946500303798],[101.06129384373892,0.0804686366087127],[101.06147346176857,0.08046862746762468],[101.06147345269848,0.08028779909382408],[101.06201230666267,0.08028777172742535],[101.06201231573513,0.08046860003958985],[101.06237155161078,0.08046858175025763],[101.06237156070523,0.08064941002130535],[101.06273079650082,0.0806493916876858],[101.06273077832917,0.08028773522778693],[101.06255116044315,0.08028774435388654],[101.06255114235475,0.07992608785281073],[101.06273076023918,0.07992607876781972],[101.06273074223085,0.07956442230778449],[101.06291036009331,0.07956441326311588],[101.062910351119,0.07938358505362896],[101.06273073325734,0.07938359407774144],[101.06273071537153,0.07902193761760473],[101.06291033323164,0.0790219286346044],[101.06291028005963,0.07793695937712851],[101.06273066220413,0.0779369682367923],[101.062730644645,0.0775753117763884],[101.06255102677063,0.07757532059417349],[101.06255101802246,0.07739449234339245],[101.06237140012841,0.07739450113985848],[101.06237139140143,0.07721367286850846],[101.06219177348773,0.07721368164365901],[101.06219178221397,0.07739450993555975],[101.06201216427911,0.07739451873049627],[101.06201215555363,0.0772136904180466],[101.06183253759912,0.0772136991916712],[101.0618325288948,0.07703287085865794],[101.06165291092064,0.0770328796109742],[101.06165291962418,0.07721370796453286],[101.06129368361313,0.07721372550796723],[101.06129367491108,0.07703289711332323],[101.0611140568757,0.07703290586335597],[101.06111404819482,0.07685207744815556],[101.06075481206436,0.07685209490486285],[101.06075482074374,0.0770329233611379],[101.0602159663928,0.07703294960210189],[101.06021597509032,0.07721377811995915],[101.05949750233388,0.07721381317936099],[101.05949751104875,0.07739464177930823],[101.05931789280791,0.07739465056277339],[101.05931790154239,0.07757547918322631],[101.05913828328042,0.07757548798644709],[101.05913830080901,0.07793714526834405],[101.05895868252513,0.07793715411183537],[101.05895871782384,0.0786604687575043],[101.0587790995165,0.07866047768229265],[101.05877916206843,0.07992627845518496],[101.05895878038122,0.07992626938677917],[101.0589587893995,0.08010709804803647],[101.0591384076927,0.0801070889583223],[101.05913842579199,0.08046874623974856],[101.05931804406639,0.08046873710820213],[101.05931807137057,0.08101122296865196],[101.05913845309381,0.08101123216175944],[101.05913846223518,0.08119206080239533],[101.05895884393723,0.08119207001522087],[101.05895885309819,0.08137289867635805],[101.05877923477907,0.08137290790889809],[101.05877924395959,0.08155373659053473],[101.0585996256193,0.0815537458427857],[101.05859964403989,0.08191540324703687],[101.0584200256776,0.08191541253950842],[101.05842003491766,0.08209624126212112],[101.0582404165342,0.08209625057429465],[101.05824040729495,0.0819154218311705],[101.05806078889192,0.08191543112202315],[101.05806077047615,0.08155377359470346],[101.05770153361217,0.08155379209195265],[101.05770152443644,0.08137296328725288],[101.0573422874926,0.08137298174027185],[101.05734227833884,0.081192152894548],[101.05716265983716,0.08119216209935069],[101.05716266899013,0.08137299096557525],[101.05698305046731,0.08137300019007458],[101.05698306883275,0.08173465796346961],[101.05680345028796,0.08173466722815907],[101.05680345950041,0.08191549613532766],[101.05662384093446,0.08191550541970483],[101.05662385016647,0.08209633434735135],[101.05626461297189,0.08209635295466272],[101.05626463149375,0.08245801089187392],[101.05608501286432,0.08245802023529274],[101.05608502215497,0.08263884922436202],[101.05626464078522,0.08263883986045321],[101.05626465009703,0.08281966882901494],[101.05644426870774,0.08281965944379781],[101.05644427804071,0.08300048839185017],[101.05698313375314,0.08300046016980248],[101.05698314310892,0.08318128905635115],[101.05734238015037,0.0831812701965523],[101.05734238952816,0.08336209904208365],[101.05770162648977,0.08336208013799022],[101.05770161711035,0.08318125133346566],[101.0584200907859,0.08318121359742907],[101.05842008142359,0.08300038487492178],[101.05895893646387,0.08300035662580892],[101.05895892711949,0.08281952796482896],[101.05913854542469,0.08281951856733627]]],[[[101.05213332441942,0.08101159006855913],[101.0521333153294,0.08083076062900589],[101.05195369623952,0.08083076976964428],[101.05195368717062,0.08064994030962497],[101.05177406806122,0.08064994942901751],[101.05177404998594,0.08028829046803333],[101.05159443085782,0.08028829954573834],[101.05159442185142,0.08010747004477527],[101.05177404097876,0.08010746098751559],[101.05177403199188,0.07992663150698086],[101.05231288924966,0.07992660439179894],[101.0523128982389,0.08010743381098703],[101.05249251728497,0.08010742475056104],[101.05249252629531,0.08028825414927968],[101.05267214532186,0.08028824506760786],[101.05267216340506,0.08064990382408536],[101.05285178241287,0.0806498947007081],[101.05285179148574,0.08083072405846514],[101.05303141047403,0.08083071491383313],[101.05303141956803,0.08101154425111513],[101.05321103853679,0.08101153508522481],[101.05321102036756,0.0806498764515628],[101.05339063931442,0.08064986732579474],[101.05339062122489,0.08028820873298691],[101.05321100227961,0.08028821781783217],[101.05321099326613,0.08010738850094122],[101.05303137430133,0.08010739756453354],[101.05303136530895,0.07992656822716597],[101.0528517463246,0.07992657726950891],[101.05285173735335,0.07974574791166653],[101.05267211834946,0.07974575693276362],[101.05267209155993,0.07920326879776675],[101.05285171056146,0.07920325983803772],[101.05285170167149,0.07902243048012772],[101.05159436823949,0.0790224930386407],[101.05159437712405,0.07920332253970537],[101.05141475798033,0.07920333149395586],[101.05141477580878,0.07956499053692169],[101.05123515664319,0.07956499953127302],[101.0512351655871,0.07974582907317229],[101.0510555464004,0.07974583808717733],[101.05105555536385,0.07992666764949957],[101.050696316928,0.07992668571602018],[101.05069632591017,0.08010751531919999],[101.05051670666101,0.08010752437171015],[101.0505167156627,0.08028835399530752],[101.05033709639245,0.08028836306745894],[101.0503371144551,0.08065002235546796],[101.05051673372694,0.08065001324245097],[101.0505167427895,0.08083084286599698],[101.0506963620418,0.08083083373174843],[101.05069638022941,0.08119249293791972],[101.05087599946302,0.0811924837619997],[101.05087601773343,0.08155414292722912],[101.0515944944712,0.08155410605199932],[101.05159448532265,0.08137327655115663],[101.05177410445553,0.0813732673507798],[101.0517740953265,0.08119243787036508],[101.05195371443827,0.08119242868963125],[101.05195370532874,0.08101159922964636],[101.05213332441942,0.08101159006855913]]],[[[101.0541091513342,0.08137314767270896],[101.05446838901064,0.08137312924863678],[101.05446839817198,0.08155395842214015],[101.05482763576869,0.08155393995390206],[101.05482761746313,0.0811922816887772],[101.05446837986963,0.08119230007511613],[101.05446837074896,0.08101147090157816],[101.05410913307571,0.08101148924376549],[101.0541091513342,0.08137314767270896]]],[[[101.05392957846351,0.08227730305793672],[101.0539295877241,0.08245813229276396],[101.05357034991601,0.0824581509576019],[101.05357034065705,0.08227732168184296],[101.05339072172332,0.08227733099257654],[101.05339071248548,0.08209650169633695],[101.05357033141838,0.08209649240606652],[101.05357032220006,0.08191566313027265],[101.05303146534276,0.08191569093726603],[101.05303149305146,0.0824581789487478],[101.05321111202663,0.08245816961918065],[101.05321113060232,0.082819828252495],[101.05357036849496,0.08281980950906714],[101.05357037781494,0.08300063878477335],[101.05428885335951,0.08300060120622646],[101.05428883473341,0.08263894281853759],[101.05446845356711,0.08263893346279466],[101.05446844428374,0.08245810428939596],[101.05428882545087,0.08245811362466676],[101.05428881618865,0.0822772844307784],[101.05392957846351,0.08227730305793672]]],[[[101.0512359468851,0.09421219236688987],[101.05123595747364,0.09439302190729099],[101.05105633821773,0.09439303257693224],[101.05105634882564,0.0945738621377532],[101.05159520653523,0.09457383006470597],[101.05159517476406,0.09403134156615858],[101.0517747939572,0.09403133093460973],[101.0517747834065,0.09385050145549921],[101.05141554500176,0.09385052267677887],[101.05141556611977,0.09421218171675765],[101.0512359468851,0.09421219236688987]]],[[[101.08141226629611,0.10343252019639142],[101.08141225452195,0.1032516941163219],[101.0815918703688,0.10325168227269947],[101.08159185861423,0.10307085621334988],[101.08177147443946,0.10307084438945098],[101.08177146270451,0.10289001835082316],[101.08213069429111,0.10288999474146292],[101.08213068257473,0.10270916874430598],[101.08231029833611,0.10270915695885002],[101.08231028663933,0.10252833098242028],[101.08248990237911,0.10252831921670034],[101.08248989070192,0.10234749326099964],[101.08266950642007,0.10234748151501931],[101.08266949476251,0.10216665558004945],[101.0823102633076,0.10216667902949532],[101.08231027496318,0.10234750500596869],[101.08195104342383,0.10234752849287304],[101.08195103177027,0.1021667024749033],[101.08177141597068,0.10216671419609306],[101.08177140433874,0.10198588815735601],[101.08159178851956,0.10198589985679257],[101.08159175375037,0.10144342167822012],[101.08141213791357,0.10144343331442315],[101.08141210333281,0.1009009550734304],[101.08159171916662,0.10090094349945317],[101.08159170767992,0.10072011743982115],[101.08195093928376,0.10072009433036498],[101.08195092781568,0.10053926831220071],[101.0821305435857,0.10053925677672716],[101.08213053213726,0.10035843077928881],[101.08159168476831,0.10035846532049279],[101.08159169621382,0.10053929138016766],[101.08141208038198,0.10053930291266104],[101.08141209184708,0.10072012899305645],[101.08123247599366,0.10072014054529656],[101.08123248747839,0.10090096664641066],[101.08105287160336,0.10090097821839394],[101.0810528831077,0.1010818043402249],[101.08087326721109,0.10108181593194779],[101.08087325570774,0.10090098978938024],[101.08069363979153,0.10090100135936955],[101.08069362830976,0.10072017519604572],[101.08033439641753,0.10072019829156921],[101.08033438495833,0.1005393720867597],[101.08015476898233,0.10053938361229922],[101.0801547575447,0.10035855738673886],[101.07979552553286,0.10035858039338422],[101.0797955141178,0.10017775412634902],[101.0794362820256,0.1001777770875815],[101.07943627063308,0.0999969507790786],[101.07871780620562,0.09999699660679424],[101.07871781759418,0.10017782299816841],[101.07781973659199,0.1001778803641307],[101.07781972520833,0.09999705386920765],[101.07764010894715,0.09999706531872618],[101.07764009758505,0.09981623880307747],[101.0774604813043,0.0998162502309053],[101.07746046996373,0.09963542369453268],[101.07728085366338,0.0996354351006734],[101.07728084234435,0.09945460854357871],[101.07710122602444,0.09945461992803589],[101.07710121472694,0.099273793350221],[101.07692159838744,0.09927380471299821],[101.07692157585608,0.0989121515159105],[101.07674195949797,0.09891216283631583],[101.07674194826409,0.09873133621704488],[101.07638271548814,0.09873135881353799],[101.07638270427674,0.09855053215286039],[101.0762030878589,0.0985505434289535],[101.07620307666903,0.09836971674756481],[101.07566422729512,0.0983697505079419],[101.0756642161287,0.09818892376447264],[101.07530498311195,0.09818894622516663],[101.075304971968,0.0980081194403123],[101.07494573887102,0.09800814185576849],[101.07494572774954,0.09782731502953629],[101.07476611117119,0.09782732621513596],[101.07476610007119,0.09764649936820709],[101.07458648347328,0.0976465105321661],[101.07458647239478,0.09746568366454238],[101.07422723913926,0.09746570594822318],[101.0742272280832,0.09728487903923602],[101.0740476114256,0.09728489015896316],[101.07404760039104,0.09710406322928662],[101.07350875029792,0.09710409652070512],[101.07350873928675,0.09692326952901256],[101.0731495057906,0.09692329167717292],[101.07314951679987,0.09710411871018672],[101.07296990002007,0.09710412980348827],[101.07296988901176,0.09692330274981652],[101.07207180480975,0.09692335809866919],[101.07207181581332,0.0971041852556039],[101.07171258198703,0.09710420742973377],[101.07171257098538,0.09692338023150635],[101.07135333707897,0.09692340236051271],[101.07135332609973,0.09674257512097915],[101.0708144750892,0.09674260824539108],[101.07081446413329,0.09656178094392198],[101.07063484708974,0.0965617919628461],[101.07063485804468,0.09674261928494987],[101.0695571553473,0.09674268550222843],[101.06955714439803,0.0965618580563538],[101.06937752721105,0.09656186906859897],[101.06937751628323,0.09638104160208157],[101.0691978990767,0.09638105259275219],[101.06919787728438,0.09601939761841498],[101.06847940826103,0.09601944140664619],[101.06847939739936,0.09583861383698304],[101.06829978009327,0.09583862476105741],[101.06829976925302,0.0956577971707624],[101.06812015192739,0.09565780807328005],[101.06812014110857,0.09547698046235498],[101.06758128901168,0.09547701310241831],[101.06758127821612,0.09529618542965446],[101.06722204338442,0.0952962071437763],[101.06722203261118,0.09511537942978883],[101.06668318021298,0.0951154119321177],[101.066683169463,0.0949345841563184],[101.06632393443044,0.09493460577865293],[101.0663239237028,0.09475377796164797],[101.06614430615676,0.09475378875081808],[101.0661442954505,0.09457296091320287],[101.06596467788495,0.09457297168084847],[101.06596466720005,0.09439214382262487],[101.06560543200945,0.0943921653139414],[101.06560542134687,0.0942113374145265],[101.06542580372182,0.09421134813820282],[101.0654257930806,0.094030520218185],[101.06524617543604,0.09403053092034926],[101.06524616481619,0.0938497029797303],[101.0650665471521,0.09384971366038611],[101.06506653655362,0.09366888569916784],[101.06488691887,0.09366889635831878],[101.06488690829288,0.093488068376503],[101.06470729058975,0.0934880790141526],[101.06470730116595,0.0936689070165441],[101.06452768344148,0.09366891767384389],[101.06452769403721,0.09384974569678943],[101.0641684585251,0.09384976704975491],[101.06416846913942,0.09403059511382304],[101.06380923354374,0.09403061650421457],[101.06380924417664,0.09421144460939815],[101.06362962634722,0.09421145532376525],[101.06362961571526,0.09403062719801666],[101.06344999786634,0.0940306378908896],[101.06344998725571,0.0938498097445577],[101.0632703693873,0.09384982041594002],[101.06327032715268,0.09312650774816734],[101.06309070926753,0.09312651833638362],[101.06309069876085,0.09294569014883111],[101.06237222701964,0.0929457324102733],[101.06237221653703,0.0927649041404802],[101.06201298054575,0.0927649252245911],[101.06201297008536,0.09258409691367854],[101.06165373401427,0.09258411795303036],[101.06165379707176,0.09366908806476411],[101.0614741790001,0.0936690987063293],[101.0614741895802,0.093849927078759],[101.06129457148722,0.09384993773994046],[101.06129458208679,0.09403076613289199],[101.06111496397249,0.09403077681368611],[101.06111495337385,0.09384994840019457],[101.06075571708591,0.09384996971792069],[101.0607557065095,0.09366914126333449],[101.06057608833585,0.09366915190027186],[101.06057607778075,0.09348832342513105],[101.06039645958764,0.09348833404060998],[101.06039644905385,0.09330750554491639],[101.05985759435485,0.09330753732422255],[101.05985758384422,0.09312670876692122],[101.05931872896447,0.09312674047635758],[101.05931871847696,0.0929459118574646],[101.05913910014385,0.09294592240491592],[101.05913907923181,0.09258426512602998],[101.0593186975631,0.0925842546196194],[101.05931868713675,0.09240342600066723],[101.05949830544674,0.09240341551386394],[101.05949828465339,0.09204175831694499],[101.05967790294119,0.09204174787027652],[101.05967789257419,0.09186091929231158],[101.05985751084069,0.09186090886525936],[101.05985749016604,0.09149925175032234],[101.05967787190133,0.09149926213632312],[101.05967785131003,0.09113760498025679],[101.05949823302672,0.09113761532430557],[101.05949821251876,0.09077595812711382],[101.05931859421685,0.09077596842921772],[101.05931853318754,0.08969099671404722],[101.05913891487054,0.08969100689213197],[101.05913892499028,0.08987183553189534],[101.05895930665203,0.08987184572961236],[101.05895931679125,0.09005267438987523],[101.05824084323096,0.09005271525391932],[101.05824085338702,0.09023354399621944],[101.05806123494513,0.09023355423051553],[101.05806122478995,0.09005272546770575],[101.05752236934471,0.09005275610372597],[101.05752237949723,0.09023358492805397],[101.05734276097387,0.0902335951587835],[101.05734277114585,0.09041442400359477],[101.05662429684521,0.09041446499958879],[101.05662428667677,0.09023363607278541],[101.05644466805158,0.09023364629905682],[101.05644463767105,0.08969115945705097],[101.05662425629356,0.08969114929226024],[101.05662418611195,0.08842534680370227],[101.05644456749555,0.08842535682503806],[101.05644454762859,0.08806369893000734],[101.05626492899357,0.08806370890948585],[101.05626491909149,0.0878828799414506],[101.05644453772565,0.0878828699824639],[101.05644446897504,0.0866170673491384],[101.05662408758285,0.08661705753273818],[101.05662404874123,0.08589374182383451],[101.05536671808284,0.08589380994699256],[101.05536672775679,0.08607463901766332],[101.0548278714526,0.086074668262009],[101.05482788114438,0.08625549739409928],[101.05464826233478,0.08625550716098915],[101.05464827204604,0.08643633631353675],[101.05428903436415,0.08643635588570549],[101.05428904409405,0.08661718507918074],[101.05410942522175,0.08661719488445427],[101.05410943497114,0.08679802409838143],[101.05375019716385,0.08679804374729605],[101.05375020693187,0.08697887300214005],[101.05357058799687,0.08697888284577579],[101.05357059778436,0.08715971212106627],[101.05339097882818,0.08715972198430572],[101.05339101817796,0.08788303916713458],[101.05357063713757,0.08788302922204241],[101.05357065693615,0.08824468777241852],[101.05375027587716,0.08824467778552797],[101.05375030573008,0.08878716554955633],[101.05392992465336,0.08878715550039355],[101.05392993464588,0.08896798473456519],[101.05410955354971,0.0889679746640565],[101.05410956356342,0.0891488038777407],[101.05428918244779,0.08914879378588254],[101.0542891724332,0.08896796459266869],[101.0546484101392,0.08896794444725567],[101.05464842015553,0.08914877359952349],[101.0548280389789,0.08914876350502263],[101.05482804901644,0.08932959263679578],[101.05500766782035,0.08932958252093649],[101.0550076778791,0.0895104116322132],[101.05482805907432,0.08951042176854997],[101.05482806915253,0.08969125090028508],[101.05428921261354,0.08969128136541017],[101.05428922270946,0.08987211055854795],[101.05410960382157,0.08987212073228741],[101.05410961393693,0.09005294994587641],[101.05321151918814,0.09005300090357765],[101.05321150907717,0.08987217158766377],[101.05303189006733,0.08987218175607484],[101.05303187997758,0.08969135241968226],[101.05159492717434,0.08969143357138779],[101.05159491711194,0.08951060407136356],[101.05141529792101,0.08951061419089493],[101.0514152878798,0.08932978467040815],[101.05123566866945,0.08932979476861329],[101.05123563867029,0.08878730614571391],[101.05105601944224,0.08878731618171648],[101.05105600948401,0.08860648662027222],[101.05123562871117,0.08860647660470965],[101.05123559895566,0.0880639879815839],[101.05105597973109,0.08806399793582664],[101.05105596985406,0.08788316837430729],[101.05087635061005,0.08788317830724166],[101.05087633091861,0.08752151914327055],[101.05069671165602,0.08752152903446374],[101.05069670184162,0.0873406994320139],[101.05015784393464,0.08734072903910596],[101.0501578341431,0.0871598993753391],[101.04979859543872,0.08715991906822854],[101.04979858566918,0.08697908936358645],[101.04961896628738,0.08697909918831359],[101.04961895653899,0.0867982694632274],[101.04943933713777,0.08679827926667115],[101.04943931770356,0.08643661977559566],[101.04925969828373,0.08643662953733758],[101.04925970798986,0.08661745930330662],[101.04890046908773,0.08661747886506685],[101.04890045938329,0.08643664905825903],[101.04872083990264,0.08643665881743852],[101.04872083021935,0.08625582899019557],[101.04854121071926,0.08625583872810602],[101.0485412204017,0.08643666857576392],[101.0483616008805,0.08643667833323519],[101.0483615911989,0.08625584846516413],[101.04818197165827,0.0862558582013699],[101.04818198133903,0.0864366880898523],[101.04782274219524,0.08643670760052419],[101.04782273251618,0.08625587767122439],[101.04746349329301,0.08625589713766954],[101.04746348363591,0.08607506716754124],[101.04728386399478,0.08607507687908283],[101.04728385435878,0.0858942468885338],[101.0462061360915,0.08589430501754468],[101.0462061553736,0.08625596524337854],[101.0460265355898,0.08625597496935615],[101.0460265646623,0.0867984653691391],[101.04620618444865,0.08679845558199172],[101.04620617473671,0.08661762546913905],[101.04692465367616,0.08661758639355005],[101.0469246633915,0.08679841642482516],[101.04710428307656,0.08679840663338925],[101.04710430256974,0.08716006665508637],[101.04692468288296,0.08716007648731997],[101.0469246926591,0.08734090651853961],[101.04710431234673,0.08734089666590712],[101.04710433196148,0.08770255668749294],[101.04728395163056,0.08770254679319608],[101.0472839911067,0.08842586675454113],[101.04710437143416,0.08842587673044053],[101.04710440125142,0.08896836676245394],[101.04692478155602,0.08896837679867614],[101.04692481155301,0.08951086689171588],[101.04710443125107,0.08951085679429714],[101.04710444129147,0.0896916868048735],[101.04728406097013,0.0896916766861696],[101.04728407103168,0.08987250667632629],[101.04764331032996,0.08987248639545292],[101.04764330026664,0.0896916564461029],[101.04782291988451,0.0896916463247401],[101.04782290984058,0.08951081639577703],[101.0480025294373,0.08951080629393572],[101.0480025394821,0.08969163620249102],[101.04854139815322,0.08969160583042597],[101.04854138810578,0.08951077598310478],[101.04836176856989,0.0895107860875996],[101.04836175854359,0.08932995621984618],[101.04854137807861,0.08932994613576455],[101.04854136807172,0.08914911628840533],[101.04908022655245,0.08914908609211418],[101.04908021656321,0.08896825630598615],[101.04961907485878,0.08896822616303288],[101.04961908485063,0.08914905588789461],[101.04979870424279,0.08914904581805955],[101.04979869425006,0.08896821611362347],[101.05015793297174,0.08896819601216727],[101.05015792299756,0.08878736634856899],[101.05033754232709,0.08878735631695317],[101.05033755230214,0.08896818596012049],[101.05051717161226,0.08896817590719452],[101.05051720166182,0.08951066477528435],[101.05033758234909,0.08951067488950872],[101.05033759240531,0.08969150453260011],[101.04997835371721,0.0896915247992556],[101.04997836379198,0.08987235448318819],[101.04961912502093,0.08987237478715163],[101.04961911494793,0.08969154506236594],[101.04943949553284,0.08969155519259168],[101.04943950560498,0.08987238493780123],[101.04925988616874,0.08987239508756277],[101.04925989626025,0.09005322485317532],[101.04908027680284,0.09005323502246906],[101.04908028691378,0.09023406480848277],[101.04872104793634,0.0902340851852359],[101.04872105806578,0.09041491501206567],[101.04836181900546,0.0904149354260803],[101.0483618291534,0.09059576529371889],[101.04818220959194,0.09059577551979742],[101.04818221975925,0.09077660540782816],[101.04800260017663,0.090776615653421],[101.04800261036334,0.09095744556184202],[101.04764337113548,0.09095746609115048],[101.04764338134068,0.09113829604036595],[101.04818224015473,0.09113826518383164],[101.04818225038288,0.09131909507180436],[101.04836186994793,0.09131908476408038],[101.04836188019723,0.09149991463162231],[101.04961921659095,0.09149984230935831],[101.04961920633535,0.091319012584746],[101.04997844512063,0.09131899195395766],[101.04997845537801,0.09149982163771686],[101.05015807474112,0.09149981130053991],[101.0501580850197,0.09168064096385044],[101.05033770436341,0.09168063060533826],[101.05033772498327,0.09204228989103874],[101.05069696361338,0.09204226908956181],[101.0506969532915,0.09186143948758876],[101.05123581108174,0.0918614083398665],[101.05123582140634,0.09204223788052504],[101.05159505983345,0.09204221706995294],[101.05159507018014,0.09222304656970662],[101.05177468936414,0.09222303614261097],[101.05177469973205,0.09240386562189974],[101.05195431889665,0.09240385517344572],[101.05195435012497,0.09294634354985261],[101.05213396927199,0.09294633303913878],[101.05213395884132,0.09276550360080509],[101.05231357796711,0.09276549310962351],[101.05231358839869,0.09294632252750652],[101.05249320750507,0.09294631201495582],[101.05249322843099,0.09330797080975758],[101.05303208563373,0.0933079391438585],[101.05303207515786,0.09312710980783566],[101.05321169418389,0.09312709927115155],[101.05321170466067,0.0933079285867148],[101.05339132366727,0.09330791802864905],[101.05339133416531,0.09348874732373107],[101.05375057211938,0.09348872616390534],[101.05375056161952,0.09330789690975151],[101.05393018056516,0.09330788634891973],[101.05393017008473,0.0931270571152128],[101.0541097890091,0.09312704657392754],[101.05410979949046,0.0933078757871659],[101.05428941839543,0.09330786522449008],[101.05428938700963,0.09276537764612663],[101.05446900589152,0.09276536714394518],[101.05446899546934,0.09258453797158996],[101.0548282331703,0.09258451700542666],[101.05482821238333,0.0922228587425564],[101.05500783120148,0.09222284829905743],[101.0550078208376,0.09204201918807037],[101.05518743963451,0.09204200876413933],[101.05518742929007,0.09186117967361196],[101.05536704806573,0.09186116926925249],[101.0553670584111,0.09204199833929885],[101.05554667716731,0.09204198791354883],[101.05554668753389,0.09222281696309273],[101.05536706877677,0.0922228274093256],[101.05536708956919,0.0925844855493202],[101.0551874707899,0.0925844960356039],[101.05518748121573,0.09276532512605272],[101.05554671875576,0.0927653041116066],[101.05554672920374,0.09294613316107182],[101.05572634794416,0.09294612263198916],[101.05572635841341,0.09312695166094997],[101.05590597713439,0.09312694111046244],[101.05590598762488,0.09330777011891704],[101.05608560632645,0.09330775954702106],[101.05608557491324,0.09276527258306254],[101.05626519359168,0.09276526207171455],[101.05626518316042,0.09258443310417885],[101.0564448018176,0.09258442261240599],[101.0564448122498,0.0927652515594499],[101.05662443088754,0.09276524104626861],[101.05662444134099,0.09294606997279925],[101.05698367855722,0.09294604890269423],[101.05698368903286,0.0931268777882126],[101.05734292616948,0.09312685667343423],[101.05734293666731,0.09330768551793313],[101.05752255520598,0.09330767493866111],[101.05752258682439,0.09385016141053115],[101.05734296828297,0.09385017205131067],[101.05734297886225,0.09403100089572997],[101.05716336029953,0.09403101155608282],[101.05716334972116,0.0938501826911628],[101.0566244939136,0.09385021460515508],[101.05662448335836,0.09366938567872368],[101.05644486471604,0.09366939629437279],[101.05644488584504,0.09403105418820273],[101.056804123113,0.0940310328740011],[101.05680413370986,0.09421186177989715],[101.0573429894619,0.09421182974012925],[101.0573430000819,0.09439265858450852],[101.05752261862611,0.09439264788222149],[101.05752262926741,0.09457347670607813],[101.0577022477922,0.09457346598235411],[101.05770225845478,0.09475429478568638],[101.05788187696011,0.09475428404052173],[101.05788188764402,0.09493511282332777],[101.0580615061299,0.09493510205671898],[101.05806152756067,0.0952967595812547],[101.05788190907292,0.09529677038887925],[101.05788191981792,0.09547759917162454],[101.05770230130885,0.0954776099988135],[101.0577023120733,0.0956584388020446],[101.05788193058329,0.09565842795434958],[101.05788194136903,0.09583925673705425],[101.05806155985961,0.09583924586790617],[101.05806154907292,0.09565841710570935],[101.05824116754218,0.0956584062561239],[101.05824117832981,0.09583923499781102],[101.05878003361816,0.09583920238184358],[101.05878004442899,0.0960200310619707],[101.05913928118788,0.09602000927222192],[101.05913925958286,0.09565835199401808],[101.05878002282772,0.0956583737016961],[101.05878001205765,0.09547754502152826],[101.05860039365045,0.09547755585343441],[101.0586003829017,0.09529672715273124],[101.05878000130797,0.09529671634134008],[101.05877999057866,0.09511588766113166],[101.0589596089636,0.09511587686931566],[101.05895959825374,0.0949350482096038],[101.05931883496062,0.09493502666419117],[101.05931884567237,0.09511585528286405],[101.05949846399616,0.09511584448822845],[101.05949847472921,0.09529667308635899],[101.06003732958109,0.09529664063523574],[101.06003731884525,0.09511581209868239],[101.06093540985253,0.09511575809730835],[101.0609353991324,0.09493492966339918],[101.06111501727175,0.09493491888084302],[101.0611150065711,0.09475409046745187],[101.06147424278669,0.09475406894060713],[101.06147425348921,0.09493489731291643],[101.06183348962504,0.09493487574123759],[101.06183350034983,0.09511570407243768],[101.0621927364059,0.0951156824559104],[101.06219274715296,0.09529651074599416],[101.06255198312924,0.09529648908460413],[101.06255197238032,0.09511566083562364],[101.0627315903369,0.09511565002407049],[101.06273157960744,0.09493482179562411],[101.06380928691254,0.0949347570299316],[101.0638092976476,0.09511558513501453],[101.06434815102716,0.0951155526777985],[101.06434816178545,0.09529638072115536],[101.06524625034739,0.09529632650411944],[101.06524626113078,0.0954771544445772],[101.06542587878279,0.09547714357776398],[101.06542590041278,0.0958387994174563],[101.0657851356592,0.09583877759866435],[101.06578514650676,0.09601960547731232],[101.06596476410024,0.09601959454590939],[101.06596477496917,0.09620042240395045],[101.06650362762976,0.09620038954227875],[101.066503616758,0.09601956174600784],[101.06668323426968,0.09601955081080978],[101.06668324514239,0.09620037858648704],[101.06686286263454,0.09620036762974479],[101.06686287352865,0.09638119538480615],[101.06668325603555,0.09638120636214383],[101.06668327788324,0.09674286191339582],[101.06650366036779,0.09674287293096842],[101.06650367132137,0.09692370072715717],[101.06668328883778,0.09692368968899094],[101.06668329981277,0.09710451746456546],[101.06650368229542,0.09710452852332531],[101.0665036932899,0.09728535631947277],[101.06596484061222,0.09728538955176552],[101.0659648296206,0.09710456169384787],[101.0656055944018,0.09710458380273204],[101.06560558343253,0.09692375590362257],[101.06542596579341,0.09692376693604249],[101.06542595484552,0.09674293901632948],[101.06560557248369,0.09674292800449244],[101.06560555064736,0.09638127220617049],[101.0654259330111,0.09638128317684169],[101.06542592212455,0.09620045525706702],[101.06488706909592,0.09620048810162847],[101.06488707997963,0.09638131608314114],[101.0647074622616,0.09638132705000291],[101.0647074731648,0.09656215505207084],[101.06452785542538,0.0965621660385542],[101.06452787729121,0.09692382208377635],[101.06434825952945,0.09692383311044994],[101.06434827049208,0.09710466115360228],[101.06470750599705,0.09710463905815118],[101.064707516982,0.0972854670601367],[101.06488713470478,0.09728545599039612],[101.06488715673792,0.09764711195315345],[101.06524639212601,0.09764708972847465],[101.0652463810973,0.09746626178826324],[101.06542599875972,0.09746625069505764],[101.06542600978938,0.09764707861468794],[101.06560562743232,0.09764706749993637],[101.06560563848339,0.09782789539896297],[101.06578525610684,0.09782788426266183],[101.0657852671793,0.09800871214108292],[101.06560564955488,0.09800872329796873],[101.06560566064685,0.09818955119695365],[101.06596489587713,0.09818952884104236],[101.06596490699147,0.09837035669883519],[101.06614452457691,0.09837034549883596],[101.06614451346162,0.09818951766163138],[101.0665037485692,0.09818949529989877],[101.06650375968643,0.09837032309592142],[101.06740184710225,0.09837026707162493],[101.06740183598019,0.09818943937858829],[101.06812030554065,0.09818939462407596],[101.0681202944352,0.09800856701343942],[101.06847952909068,0.09800854467158317],[101.0684795180038,0.09782771710214698],[101.06883875257546,0.09782769479764536],[101.06883876366426,0.09800852232585319],[101.06973684973983,0.09800846644458072],[101.06973686085392,0.09818929386966552],[101.06991647800855,0.09818928266987993],[101.0699164891441,0.09837011007431805],[101.0700961062792,0.09837009885293467],[101.07009609514267,0.09818927146912416],[101.07063494642212,0.09818923786103555],[101.07063495756154,0.0983700651829526],[101.07135342565104,0.09837002027603521],[101.07135343681482,0.09855084751538169],[101.0715330537869,0.09855083626558048],[101.0715330761779,0.09891249070292672],[101.07135345920388,0.09891250199401166],[101.07135348167493,0.09927415647255741],[101.07189233254134,0.09927412247250847],[101.07189234381055,0.09945494964981866],[101.07207196072598,0.09945493829385993],[101.07207197201667,0.09963576545050173],[101.07225158891256,0.09963575407291125],[101.07225161155745,0.0999974083448331],[101.07261084529163,0.09999738550409185],[101.07261083395697,0.09981655840944496],[101.07297006760712,0.09981653560606198],[101.07297004499543,0.09945488149932559],[101.07314966178778,0.09945487013747058],[101.07314965051174,0.09927404310472855],[101.07332926728259,0.0992740317625506],[101.0733292785596,0.09945485877463286],[101.07368851204167,0.0994548360460093],[101.07368850076271,0.0992740090752519],[101.0735088840329,0.09927402041939169],[101.0735088615385,0.09891236643648683],[101.07368847826636,0.09891235513367365],[101.07368846704897,0.09873152816285294],[101.07404770044116,0.09873150559562653],[101.0740477116605,0.09891233252511526],[101.07422732832676,0.09891232121937003],[101.07422733956759,0.09909314812816902],[101.0744069562143,0.099093136800776],[101.07440696747663,0.09927396368888342],[101.07458658410378,0.099273952339839],[101.07458659538763,0.09945477920725301],[101.07494582858227,0.09945475646487158],[101.0749458398886,0.09963558329091458],[101.07512545645609,0.09963557189757218],[101.07512546778395,0.09981639870291635],[101.07530508433189,0.09981638728791008],[101.07530509568124,0.09999721407255359],[101.07566432871744,0.09999719119821804],[101.07566431736612,0.09981636445493867],[101.07602355031817,0.09981634161802219],[101.07602356167146,0.09999716831993023],[101.07620317811765,0.09999715687930424],[101.07620318949247,0.10017798356050266],[101.07638280591908,0.10017797209819848],[101.07638281731545,0.10035879875868545],[101.0765624337225,0.10035878727469953],[101.07656244514038,0.10053961391447319],[101.07638282873235,0.10053962541915104],[101.07638284016981,0.10072045207959525],[101.07620322374024,0.10072046360396977],[101.07620323519727,0.10090129028508263],[101.07584400227448,0.10090131337222095],[101.07584401375007,0.1010821400946872],[101.07566439725689,0.1010821516574456],[101.07566444336074,0.10180545862983403],[101.07584405985793,0.10180544698433656],[101.07584408303514,0.10216710042903132],[101.0763829324094,0.10216706536237333],[101.07638294403183,0.1023478920226231],[101.07728102591624,0.10234783345452565],[101.07728103756426,0.10252866001127621],[101.07746065388046,0.10252864827392205],[101.07746064223143,0.10234782173787232],[101.07764025852607,0.10234781002020774],[101.0776402701761,0.10252863653555477],[101.07781988645118,0.10252862479617446],[101.07781993326097,0.10325193077452638],[101.07799954951953,0.10325191895130817],[101.07799956127441,0.10343274542513506],[101.0781791775134,0.10343273358018865],[101.07817918928987,0.10361356003328552],[101.07853842170819,0.10361353629890535],[101.07853840992969,0.1034327098872298],[101.07871802610697,0.1034326980392174],[101.07871803788647,0.10361352443017957],[101.07907727018134,0.10361350068965666],[101.0790772583998,0.10343267434012655],[101.07925687451535,0.10343266248904814],[101.0792568862979,0.10361348881785955],[101.07961611846929,0.10361346507119393],[101.0796160949207,0.10325181249643467],[101.07979571097349,0.10325180066301434],[101.07979569922904,0.10307097439632572],[101.07997531526023,0.10307096258261104],[101.07997530353538,0.10289013633662634],[101.08033453553395,0.1028901127475988],[101.08033454726083,0.1030709389521264],[101.08051416323026,0.10307092713535643],[101.08051422217862,0.10397505805400824],[101.08069383813252,0.10397504613255486],[101.08069382630065,0.10379421996960163],[101.08087344223294,0.10379420806785566],[101.08087343042064,0.1036133819256151],[101.08123266222138,0.10361335816052145],[101.08123265042765,0.1034325320597338],[101.08141226629611,0.10343252019639142]]],[[[101.05231386675014,0.09764788738541452],[101.05231387773021,0.09782871680275036],[101.05213425857823,0.09782872786655106],[101.05213426957766,0.09800955730431679],[101.05195465040441,0.0980095683875997],[101.0519546614232,0.09819039784579346],[101.05231389975131,0.09819037563735955],[101.05231391079232,0.09837120505463286],[101.05249352992688,0.09837119392850803],[101.05249354098918,0.09855202332530795],[101.05285277919927,0.09855200102923185],[101.05285276813504,0.09837117167334224],[101.05267314904111,0.09837118280141117],[101.05267313799817,0.09819035342504462],[101.0524935188849,0.09819036453168721],[101.05249348588085,0.09764787634109962],[101.05231386675014,0.09764788738541452]]],[[[101.06129487598763,0.09891313273489463],[101.06129486483715,0.09873230434249677],[101.06165410105373,0.09873228190990038],[101.06165407881015,0.09837062520721257],[101.061474460714,0.09837063638291135],[101.06147447182461,0.09855146475480935],[101.0612948537071,0.09855147595007793],[101.06129484259745,0.09837064755763812],[101.0611152244605,0.09837065873139289],[101.0611152133722,0.09818983031839211],[101.06093559521581,0.09818984147063659],[101.06093558414888,0.09800901303707672],[101.06075596597306,0.09800902416781447],[101.06075595492749,0.09782819571369725],[101.06021710028051,0.09782822903850129],[101.06021708925823,0.0976474005227646],[101.05985785272685,0.09764742269341042],[101.05985784172687,0.09746659413659617],[101.05967822343156,0.09746660519994602],[101.05967825648978,0.09800909093190367],[101.05949863817119,0.09800910205586227],[101.05949864923042,0.09818993065366378],[101.0587801757484,0.09818997522189153],[101.05878018682415,0.09837080390175006],[101.05860056840173,0.0983708150618964],[101.0586005794969,0.09855164376224904],[101.05842096105313,0.09855165494193657],[101.05842094995893,0.09837082622107068],[101.05806171301222,0.0983708485365032],[101.05806172410449,0.09855167729839014],[101.0578821055996,0.09855168847515619],[101.05788211671127,0.09873251725753007],[101.05770249818505,0.09873252845382838],[101.05770250931612,0.09891335725668732],[101.0578821278433,0.09891334603988294],[101.05788213899571,0.0990941748222147],[101.0580617575035,0.09909416358392506],[101.05806176867723,0.09927499234572792],[101.05842100563366,0.09927496982518993],[101.05842101682971,0.09945579854595059],[101.05860063527834,0.09945578726369693],[101.0586006240813,0.09927495856344953],[101.05913947930196,0.09927492477234241],[101.05913946812238,0.09909409613362428],[101.05949870483231,0.09909407364235724],[101.05949871601383,0.09927490224003284],[101.0596783343392,0.09927489097240662],[101.05967834554208,0.09945571954953712],[101.05985796384803,0.09945570826040419],[101.05985797507229,0.09963653681698781],[101.06021721162496,0.09963651419471685],[101.06021718919294,0.09927485716364211],[101.06039680743673,0.09927484589209201],[101.06039679625033,0.09909401739705404],[101.06111526901766,0.09909397238318629],[101.06111525784776,0.09891314397026948],[101.06129487598763,0.09891313273489463]]],[[[101.0548285657721,0.09819022006965271],[101.05482855473791,0.09800939093885574],[101.05464893586955,0.0980094020366658],[101.05464895795632,0.09837106033919023],[101.05446933906569,0.09837107147697964],[101.05446935013862,0.09855190064868442],[101.05428973122667,0.0985519118059739],[101.05428974231897,0.09873274099812984],[101.05393050443216,0.09873276335072623],[101.05393051554285,0.09891359258380007],[101.05411013449739,0.09891358138752113],[101.05411014562938,0.09909441060010536],[101.05464900237394,0.09909437694398772],[101.05464898012445,0.09873271864163097],[101.05482859899669,0.09873270746191808],[101.05482857682662,0.09837104920042876],[101.05500819567658,0.09837103806069526],[101.05500818462109,0.09819020895039668],[101.0548285657721,0.09819022006965271]]],[[[101.05734328335011,0.0990942085312086],[101.05716366476085,0.09909421976558153],[101.05716365361233,0.09891339090123613],[101.0569840350037,0.09891340211413094],[101.05698404615123,0.09909423099897527],[101.05680442752124,0.09909424223138981],[101.05680444987547,0.09945590004200949],[101.0569840685074,0.09945588876860066],[101.05698409094502,0.09981754653814143],[101.0573433281517,0.09981752390637616],[101.05734330571019,0.09945586621883466],[101.05716368711897,0.09945587749420905],[101.05716367592973,0.09927504862990583],[101.05734329451997,0.09927503737503221],[101.05734328335011,0.0990942085312086]]],[[[101.05195478397029,0.1001795218845383],[101.05195476150621,0.09981786296859313],[101.05159552307934,0.09981788554117793],[101.05159553429927,0.0999987150400536],[101.05141591505439,0.09999872634531],[101.05141590383545,0.0998178968259908],[101.05105666528675,0.0998179193926575],[101.05105667650373,0.09999874895285842],[101.05087705719795,0.09999876025515042],[101.05087706843426,0.10017958983576826],[101.0506974491072,0.10017960115750853],[101.05069746036281,0.10036043075854147],[101.05105669899862,0.10036040807319646],[101.05105671027651,0.10054123763333349],[101.05123632956496,0.10054122626873344],[101.05123631828607,0.10036039672903639],[101.05159555680005,0.1003603740377411],[101.0515955680809,0.10054120353655287],[101.05177518730842,0.10054119216897232],[101.05177516476506,0.10017953321221812],[101.05195478397029,0.1001795218845383]]],[[[101.07584422382435,0.10433702109536161],[101.07584417656585,0.10361371420693706],[101.07566456005858,0.10361372605928217],[101.07566457184137,0.10379455280210627],[101.07548495531253,0.10379456467411054],[101.0754849907811,0.10433704496449897],[101.07584422382435,0.10433702109536161]]],[[[101.0708149183573,0.1037948729862401],[101.07081490660201,0.10361404568560276],[101.07009643815155,0.10361409297417415],[101.07009647346672,0.10415657512360448],[101.07027609061313,0.10415656324110924],[101.07027610242686,0.10433739060357901],[101.07063533666025,0.10433736679423683],[101.07063532484447,0.10415653947303118],[101.07081494192941,0.10415652758744844],[101.0708149301331,0.1039757002868553],[101.0706353130492,0.10397571215180335],[101.07063530127442,0.10379488483055337],[101.0708149183573,0.1037948729862401]]],[[[101.07350930297079,0.10578379209692272],[101.07350929097446,0.10560296510626603],[101.07297044055635,0.10560300130207348],[101.07297042858364,0.10542217424941507],[101.0727908117376,0.10542218629194111],[101.07279079978645,0.10524135921860409],[101.07261118292094,0.1052413712394341],[101.07261117099132,0.10506054414542024],[101.07207232027477,0.10506058013971842],[101.07207233220127,0.10524140729568472],[101.07225194912833,0.1052413952779744],[101.07225199704362,0.10596470381901898],[101.0726112308445,0.10596467961526498],[101.07261124287668,0.10614550670916642],[101.07297047659758,0.10614548245991372],[101.07297048865237,0.10632630951248194],[101.07315010548308,0.1063262973656244],[101.07315011755942,0.10650712439751205],[101.07368896793157,0.10650708788865115],[101.0736889558521,0.1063262609187481],[101.07386857260072,0.10632624876768813],[101.07386854850127,0.10596459486914442],[101.07368893175472,0.10596460697887418],[101.07368891973682,0.10578378000890333],[101.07350930297079,0.10578379209692272]]],[[[101.07566470280801,0.10578364697170407],[101.07566471483734,0.1059644737142604],[101.07530548173443,0.10596449795361342],[101.07530546970717,0.10578367116969291],[101.07494623652417,0.1057836953635008],[101.07494627266132,0.10632617583926564],[101.0751258892662,0.10632616368085147],[101.07512590135404,0.10650699048538358],[101.07584436757237,0.10650694175849248],[101.07584435548036,0.10632611503668875],[101.07602397198254,0.10632610287302154],[101.07602394785806,0.10596444947071929],[101.07584433135797,0.10596446159301337],[101.0758443193276,0.10578363487114179],[101.07566470280801,0.10578364697170407]]],[[[101.0638102226391,0.10958183347278752],[101.06381018559244,0.10903934916269147],[101.06363056768124,0.10903936156339249],[101.06363054308775,0.10867770531541557],[101.06345092515826,0.10867771767391261],[101.06345091289323,0.10849688952932618],[101.06327129494437,0.10849690186618789],[101.06327131949274,0.10885855819646059],[101.06309170152134,0.1088585705733696],[101.0630917138251,0.10903939875903096],[101.0629120958322,0.10903941115542222],[101.0629121081553,0.10922023936161826],[101.06273249014092,0.10922025177748822],[101.06273252722951,0.10976273645760512],[101.06309176324432,0.10976271150144387],[101.06309175085887,0.1095818833158756],[101.06327136883456,0.10958187085672777],[101.06327138122109,0.10976269902173637],[101.06363061711336,0.10976267405906759],[101.0636306047247,0.10958184593518376],[101.0638102226391,0.10958183347278752]]]]}},{"type":"Feature","properties":{"eventId":"RIAU-20260914-012","firstDetection":"2026-09-14T07:22:00+00:00","lastDetection":"2026-09-16T06:22:00+00:00","estimatedAreaHa":767.72,"confidence":"sedang","hotspotCount":7,"detectionDays":3,"villages":["Anak Talang","Semelinang Tebing/Anak Talang"],"districts":["Batang Cenaku","Peranap/Batang Cenaku"],"regencies":["Indragiri Hulu"],"method":"Sentinel-2 dNBR/NBR indication","resolutionM":20,"clearCoveragePct":73.4,"preSceneDates":["2026-08-14","2026-08-22","2026-09-03"],"postSceneDates":["2026-09-23"],"status":"estimate","disclaimer":"Estimasi berbasis citra satelit; bukan hasil verifikasi lapangan.","province":"Riau","villageAreas":[{"village":"Anak Talang","district":"Batang Cenaku","regency":"Indragiri Hulu","areaHa":4.157849},{"village":"Semelinang Tebing/Anak Talang","district":"Peranap/Batang Cenaku","regency":"Indragiri Hulu","areaHa":760.694118}],"unassignedAreaHa":2.865611},"geometry":{"type":"MultiPolygon","coordinates":[[[[102.05116727974328,-0.8835639844543043],[102.05134677936904,-0.8835638359285436],[102.05134722216559,-0.8841058986473309],[102.05152672178711,-0.8841057500217266],[102.051526869455,-0.8842864375638739],[102.0518858686248,-0.884286140225771],[102.0518857209396,-0.8841054527443888],[102.0522447199713,-0.8841051554322116],[102.05224486767379,-0.8842858428528221],[102.05260386660203,-0.8842855454450271],[102.05260371888222,-0.8841048580851957],[102.05278321829239,-0.8841047093986233],[102.05278307059415,-0.8839240220689828],[102.05296256996546,-0.8839238734040946],[102.0529613893975,-0.8824783750028836],[102.05314088866946,-0.8824782265724535],[102.05314103614339,-0.8826589138429122],[102.05350003461396,-0.8826586168951738],[102.05350032968698,-0.8830199913138955],[102.05367982889425,-0.8830198427661813],[102.0536799764847,-0.8832005299448397],[102.0535004772688,-0.8832006785229553],[102.05350092019552,-0.8837427401489271],[102.05332142092347,-0.8837428888095399],[102.05332156861746,-0.8839235760481943],[102.05350106789817,-0.8839234273571822],[102.05350121563103,-0.8841041145652361],[102.05368071489018,-0.884103965835115],[102.05368086266189,-0.8842846530125668],[102.05386036189948,-0.8842845042433332],[102.05386050971006,-0.8844651913901804],[102.05368101046382,-0.8844653401898169],[102.05368115829597,-0.8846460273668658],[102.05350165901086,-0.8846461761881901],[102.05350225060687,-0.8853689250159764],[102.05332275125691,-0.8853690739501828],[102.05332304721881,-0.8857304484236654],[102.05314354782132,-0.885730597409945],[102.05314399196473,-0.8862726592098495],[102.05332349138824,-0.8862725101323776],[102.05332363950512,-0.8864531973682114],[102.05386213762046,-0.8864527499922051],[102.05386198947754,-0.8862720628475748],[102.05404148878023,-0.8862719137351786],[102.05404163693181,-0.8864526008494044],[102.05458013468458,-0.8864521533686046],[102.05458057939872,-0.8869942144363971],[102.05476007861525,-0.8869940651674296],[102.05476067202521,-0.8877168131333454],[102.05494017124624,-0.8877166637339852],[102.05494031968298,-0.8878973506945455],[102.05529931805178,-0.8878970518087571],[102.05529946653611,-0.8880777387082828],[102.05583796388869,-0.8880772902227355],[102.05583826100019,-0.8884386638386558],[102.05601776007464,-0.8884385142651271],[102.05601790868442,-0.8886192010423595],[102.05583840960128,-0.8886193506463123],[102.05583885558596,-0.8891614110680685],[102.05530035807685,-0.8891618601011889],[102.05530020941116,-0.8889811732028771],[102.05512071018971,-0.8889813228326479],[102.05512085884669,-0.8891620097613767],[102.05476186029571,-0.8891623090554742],[102.05476171165613,-0.8889816220659161],[102.05404371422635,-0.8889822204273607],[102.05404356565177,-0.8888015333159635],[102.05386406622749,-0.8888016828540256],[102.05386391769184,-0.8886209957120212],[102.05350491877003,-0.8886212947010734],[102.05350477028198,-0.8884406074980632],[102.05296627169879,-0.8884410558247923],[102.05296642016076,-0.8886217431189956],[102.05278692056393,-0.8886218925741278],[102.0527870690474,-0.8888025798985231],[102.05260756941168,-0.8888027293752931],[102.05260771791666,-0.8889834167298784],[102.05278721756108,-0.8889832672227158],[102.0527876632833,-0.8895253291940802],[102.05296716292362,-0.8895251795869779],[102.05296775767756,-0.8902479287577192],[102.05314725732254,-0.8902477790202702],[102.05314740609523,-0.8904284662820533],[102.05350640531198,-0.890428166720048],[102.05350625652186,-0.8902474795190618],[102.0536857560762,-0.8902473297553023],[102.05368545856915,-0.8898859554135246],[102.05386495807586,-0.889885805701801],[102.05386480935894,-0.8897051185610112],[102.05404430882673,-0.8897049688709256],[102.05404535054063,-0.890969778639365],[102.05422485003922,-0.8909696287276688],[102.05422499898506,-0.8911503158062284],[102.05440449846215,-0.8911501658553467],[102.05440434950758,-0.8909694788071953],[102.05458384894574,-0.8909693288779444],[102.05458340223718,-0.890427267823504],[102.05476290161896,-0.8904271179767115],[102.05476260394693,-0.890065744000228],[102.05530110185866,-0.8900652945897115],[102.05530125070571,-0.8902459814868079],[102.05548074995788,-0.8902458316353469],[102.05548089884385,-0.8904265185018221],[102.05530139958296,-0.8904266683837022],[102.05530154849045,-0.8906073552803936],[102.05512204919063,-0.8906075051839191],[102.05512219811962,-0.890788192110825],[102.05530169742816,-0.8907880421768823],[102.05530231646063,-0.8915385012558376],[102.05374430372372,-0.8924155282931672],[102.05350804399716,-0.8924157259175088],[102.05350789487473,-0.8922350387187544],[102.05314889548352,-0.8922353388887304],[102.05314904458847,-0.8924160261482821],[102.05279004505897,-0.8924163263438888],[102.05278989597149,-0.8922356390235474],[102.05261039617018,-0.8922357890777711],[102.05261024712162,-0.8920551017268341],[102.05243074729883,-0.8920552517418774],[102.05243089633866,-0.8922359391232049],[102.05225139647693,-0.8922360891598488],[102.05225154553824,-0.892416776571362],[102.05171304574573,-0.8924172267197105],[102.051713194811,-0.8925979142221759],[102.05135419478091,-0.8925982143378781],[102.05135389671548,-0.8922368392112213],[102.05153339672815,-0.8922366892185266],[102.05153309876601,-0.891875314151817],[102.0513535987708,-0.8918754640837521],[102.05135344984373,-0.8916947765197127],[102.0509944497802,-0.8916950762964695],[102.05099430090078,-0.8915143886714734],[102.05027630044646,-0.8915149879980848],[102.05027644929096,-0.8916956757445683],[102.05009694909322,-0.8916958255846316],[102.05009709795918,-0.8918765133612799],[102.04991759772253,-0.8918766632229241],[102.04991789552753,-0.8922380388363428],[102.05009739578163,-0.8922378889139672],[102.05009754473814,-0.8924185766900063],[102.05027704497081,-0.8924184267284738],[102.05027734299178,-0.8927798022192077],[102.05009784274164,-0.8927799522414753],[102.0500976937248,-0.8925992644658424],[102.04991819345321,-0.8925994144489489],[102.04991834246132,-0.8927801022549477],[102.04973884215083,-0.8927802522596249],[102.04973914024006,-0.8931416279317399],[102.04991864056805,-0.8931414778663354],[102.04991878966666,-0.8933221656717244],[102.05045729049576,-0.8933217153316151],[102.05045743965078,-0.8935024030456986],[102.05135494047276,-0.893501652150965],[102.05135479127401,-0.8933209645887541],[102.05171379137401,-0.8933206642300059],[102.05171394059025,-0.8935013517314553],[102.0518155213484,-0.8935012667163622],[102.05117259278184,-0.8938631801478697],[102.0508167385057,-0.8938634780202815],[102.05081688776875,-0.8940441656730114],[102.05063738754792,-0.8940443159342738],[102.05063748676058,-0.8941643987691088],[102.05052966358924,-0.894225093931782],[102.05045803657266,-0.8942251538999986],[102.05045806982811,-0.8942653950555983],[102.04991981883497,-0.894568384025246],[102.04991968489202,-0.8944062924997878],[102.04920168315418,-0.8944068935587265],[102.049201832429,-0.8945875814841364],[102.04866333078262,-0.8945880322768864],[102.04866318153407,-0.8944073442604116],[102.0484836809337,-0.894407494476684],[102.04848353172407,-0.8942268064296541],[102.0483040311023,-0.8942269566067655],[102.04830388193157,-0.8940462685291827],[102.04848338254459,-0.8940461183824211],[102.04848323339527,-0.8938654303349844],[102.04866273396938,-0.8938652802097662],[102.04866258484147,-0.8936845921924776],[102.04884208537668,-0.8936844420888067],[102.04884193627018,-0.8935037541016682],[102.04902143676648,-0.8935036040195479],[102.0490212876814,-0.8933229160625608],[102.04920078813879,-0.8933227660019946],[102.04920063907512,-0.8931420780751611],[102.04902113862649,-0.8931422281053701],[102.04902098960173,-0.8929615401479765],[102.04866198863144,-0.8929618401212904],[102.04866213763871,-0.8931425281393921],[102.04830313653028,-0.8931428281382185],[102.04830328555023,-0.8933235162168178],[102.04812378494204,-0.8933236662333804],[102.0481239339834,-0.8935043543421245],[102.04776493265908,-0.8935046544095379],[102.04776508171308,-0.893685342578769],[102.04758558099695,-0.8936854926296143],[102.04758573007237,-0.8938661808289847],[102.04776523079727,-0.8938660307477967],[102.04776537991158,-0.8940467189166211],[102.04704737679616,-0.8940473193098956],[102.04704752590564,-0.894228007599876],[102.04686802504267,-0.8942281577065103],[102.04686817417353,-0.8944088460266224],[102.04668867327166,-0.894408996154781],[102.04668912081884,-0.8949510612048972],[102.04686862174698,-0.8949509109857381],[102.04686877099842,-0.8951315993050359],[102.04704827190515,-0.8951314490467247],[102.0470484211955,-0.8953121373354834],[102.04794592532086,-0.8953113857599456],[102.04794607468517,-0.895492073896797],[102.04812557542856,-0.8954919235248825],[102.04812564688953,-0.8955783483653919],[102.04669030712859,-0.896386321078509],[102.04669016615051,-0.8962158796480405],[102.04651066513088,-0.8962160300707057],[102.04651081457577,-0.896396718449243],[102.04633131351721,-0.8963968688934087],[102.04633147189777,-0.8965883144203524],[102.04399014520008,-0.8979062797799813],[102.04346026113532,-0.8975706865389637],[102.04346018888991,-0.8974834081581927],[102.04417819508204,-0.8974828061664295],[102.04417834462369,-0.8976634949376905],[102.04435784610523,-0.8976633443873365],[102.04435769655477,-0.8974826556463841],[102.0445371979974,-0.8974825051174969],[102.0445370484683,-0.8973018164066511],[102.044716549872,-0.8973016658992345],[102.04471610143905,-0.896759599856409],[102.04489560278633,-0.8967594494310944],[102.04489545336014,-0.8965787607800588],[102.04471595202165,-0.8965789111750593],[102.04471580263437,-0.8963982224935054],[102.04435679988457,-0.8963985231963849],[102.04435665054494,-0.8962178344540046],[102.04417714913365,-0.8962179847618892],[102.04417699983291,-0.8960372959889962],[102.0438179969375,-0.8960375965176647],[102.04381814622069,-0.89621828535117],[102.04363864471905,-0.8962184356325663],[102.04363894335823,-0.8965798133595713],[102.04345944180892,-0.8965799636927413],[102.0434598899672,-0.8971220303726243],[102.04328038836144,-0.897122180787861],[102.04327904477854,-0.8954959804700093],[102.04345854630535,-0.8954958303274708],[102.04345869548065,-0.8956765192221922],[102.04363819698611,-0.8956763690405296],[102.04363834620031,-0.8958570579047457],[102.04381784768442,-0.895856907683956],[102.04381769846145,-0.8956762188500434],[102.04399719990668,-0.8956760686507332],[102.04399705070506,-0.8954953798469218],[102.04417655211141,-0.8954952296690946],[102.04417610466095,-0.8949531633473604],[102.04399660328089,-0.8949533134342669],[102.04399645419973,-0.8947726246296412],[102.0438169527983,-0.8947727746774261],[102.043816803756,-0.8945920858422918],[102.04363730233322,-0.894592235850958],[102.0436371533298,-0.8944115469853169],[102.04345765188567,-0.8944116969548684],[102.0434575029211,-0.8942310080587222],[102.04363700435648,-0.8942308581194724],[102.04363640876434,-0.8935081026540613],[102.04345690736396,-0.8935082524721052],[102.04345675854994,-0.8933275635749426],[102.04327725712818,-0.8933277133538837],[102.04327710835302,-0.8931470244262186],[102.0430976069099,-0.8931471741660608],[102.04309745817359,-0.8929664852078941],[102.0429179567091,-0.892966634908641],[102.04291736209983,-0.8922438789527602],[102.04273786064019,-0.8922440285235321],[102.04273726654749,-0.8915212724432267],[102.04255776509265,-0.8915214218840379],[102.04255702319766,-0.8906179766276314],[102.04237752175635,-0.8906181259082058],[102.04237678065742,-0.8897146804952817],[102.04219727922955,-0.8897148296156365],[102.0421965389266,-0.8888113840462089],[102.04237604031096,-0.8888112350772989],[102.04237618832005,-0.8889919241612999],[102.042555689683,-0.8889917751533426],[102.0425555416652,-0.8888110860996326],[102.04273504298934,-0.8888109371132097],[102.04273459909047,-0.8882688700417442],[102.0429141003584,-0.8882687211374478],[102.04291395244363,-0.8880880321435164],[102.04309345367278,-0.8880878832607653],[102.04309315791615,-0.8877265053328882],[102.04363166137084,-0.8877260588139374],[102.04363180926018,-0.8879067476870777],[102.04381131036021,-0.8879065987996327],[102.04381116246219,-0.8877259099567955],[102.04399066352343,-0.8877257610909081],[102.04399036780033,-0.8873643834652382],[102.04381086675649,-0.8873645322705155],[102.04381071894879,-0.8871838434270728],[102.04416972098903,-0.8871835458683875],[102.04416957319411,-0.8870028570853548],[102.04470807600254,-0.8870024107727057],[102.04470792821168,-0.886821722080402],[102.04488742907891,-0.8868215733223557],[102.04488757687845,-0.8870022619843455],[102.0452465785399,-0.8870019643814099],[102.04524687426408,-0.8873633415835174],[102.04542637506698,-0.8873631927083034],[102.04542652298295,-0.8875438812787354],[102.0456060237644,-0.8875437323644582],[102.04560587583975,-0.8873630438243473],[102.0457853765824,-0.8873628949316491],[102.0457852286792,-0.8871822064216591],[102.04596472938302,-0.8871820575505435],[102.04596443364963,-0.8868206805906074],[102.04614393430597,-0.8868205317714043],[102.0461437864758,-0.8866398433214601],[102.04632328709332,-0.886639694523848],[102.04632343493216,-0.8868203829434643],[102.04650293552822,-0.8868202341067877],[102.0465030834059,-0.8870009224958725],[102.04668258398048,-0.8870007736201274],[102.04668273189698,-0.8871814619786784],[102.04722123346598,-0.8871810152080074],[102.04722108552345,-0.8870003269404619],[102.04740058597747,-0.8870001780297635],[102.04740043805641,-0.8868194897923553],[102.04757993847161,-0.8868193409032589],[102.04757964270257,-0.8864579644885181],[102.04740014230472,-0.8864581133169335],[102.04739999447409,-0.8862774250789198],[102.04722049405478,-0.8862775738682633],[102.04722034626297,-0.8860968855997094],[102.04704084582218,-0.8860970343499845],[102.0470406980692,-0.8859163460508923],[102.04668169711452,-0.885916643464585],[102.04668154940903,-0.8857359551046222],[102.04686104989277,-0.8857358064324734],[102.04686090220873,-0.8855551181026424],[102.04704040265366,-0.8855549694521028],[102.04704025499112,-0.8853742811524057],[102.04721975539722,-0.8853741325234787],[102.04721960775616,-0.8851934442539171],[102.04739910812346,-0.8851932956466065],[102.04739881291444,-0.8848319191675574],[102.04757831323427,-0.884831770612207],[102.04757816566632,-0.8846510824027211],[102.04739866535513,-0.8846512309277307],[102.047398517826,-0.8844705426877028],[102.04721901749333,-0.8844706911736583],[102.04721887000298,-0.8842900029030903],[102.04703936964881,-0.8842901513499953],[102.04703922219727,-0.8841094630488889],[102.04668022141584,-0.8841097598558951],[102.04668007401173,-0.8839290714939194],[102.04650057358447,-0.8839292198540258],[102.04650013157897,-0.8833871546758966],[102.0466796319803,-0.8833870064067854],[102.04667948469677,-0.8832063180440052],[102.0468589850593,-0.8832061697965244],[102.04685913235149,-0.8833868581289709],[102.04721813300345,-0.8833865615472337],[102.04721828034306,-0.8835672498188073],[102.04739778063248,-0.8835671014845456],[102.0473976332842,-0.8833864132433108],[102.04757713353483,-0.8833862649306852],[102.04757698620807,-0.8832055767195902],[102.0473974859661,-0.8832057250018753],[102.04739733867814,-0.8830250367602388],[102.04775633911464,-0.8830247402476503],[102.0477564864199,-0.8832054284286043],[102.04847448696566,-0.8832048351776497],[102.04847433962583,-0.8830241471180831],[102.04865383967824,-0.8830239988139432],[102.04865369235992,-0.8828433107845272],[102.04883319237352,-0.882843162502041],[102.04883289781012,-0.8824817865033117],[102.04919189771228,-0.8824814900336702],[102.04919175045855,-0.8823008020947155],[102.04937125035575,-0.8823006538772121],[102.04937110312355,-0.8821199659684154],[102.05026860211385,-0.882119224902337],[102.05026874938922,-0.8822999126593156],[102.0504482491054,-0.8822997643896601],[102.05044839641958,-0.8824804521160692],[102.05098689541293,-0.882480007163833],[102.05098719018368,-0.8828413824338128],[102.05116668980504,-0.882841234038261],[102.05116727974328,-0.8835639844543043]]],[[[102.05207279135328,-0.8933203638360554],[102.05213698543088,-0.8933203101136418],[102.05207282114036,-0.8933564290851261],[102.05207279135328,-0.8933203638360554]]],[[[102.05584034416655,-0.8909682791274248],[102.05619934252901,-0.8909679791197098],[102.0561993965932,-0.8910335223732612],[102.05599454324239,-0.8911488371733869],[102.05584049319087,-0.8911489659322456],[102.05584034416655,-0.8909682791274248]]],[[[102.04524451184476,-0.8844723239440756],[102.04542401250893,-0.8844721755539692],[102.04542415994284,-0.8846528641276258],[102.04560366058556,-0.8846527156984847],[102.04560380805826,-0.8848334042416187],[102.04614230983155,-0.8848329588109299],[102.04614260491932,-0.8851943357146477],[102.04596310434103,-0.8851944842609136],[102.04596339953201,-0.8855558612244785],[102.04614290012763,-0.8855557126175597],[102.04614304777698,-0.8857364010687135],[102.04650204889515,-0.8857361037680453],[102.04650219659199,-0.8859167921583397],[102.0463226960393,-0.8859169408433667],[102.0463228437576,-0.8860976292637894],[102.04650234431897,-0.8860974805484325],[102.04650249207607,-0.8862781689383237],[102.04632299150605,-0.8862783176840108],[102.04632313928461,-0.8864590061040303],[102.04614363867576,-0.8864591548713139],[102.0461437864758,-0.8866398433214601],[102.04596428582815,-0.8866399921103368],[102.0459641380368,-0.8864593036298644],[102.04524613517957,-0.8864598985767349],[102.04524598745304,-0.8862792099747735],[102.0450664866721,-0.8862793586593407],[102.04506633898437,-0.8860986700268599],[102.04488683818197,-0.8860988186723803],[102.04488624776698,-0.8853760640191799],[102.04506574853473,-0.8853759154949221],[102.04506545349064,-0.8850145382277447],[102.04488595274023,-0.885014686691371],[102.04488580527205,-0.8848339980271644],[102.04470630450018,-0.8848341464517582],[102.04470600967147,-0.8844727690621141],[102.04488551042603,-0.884472620698148],[102.04488536304821,-0.8842919320333381],[102.04470586230231,-0.8842920803669901],[102.04470571496327,-0.8841113916716651],[102.04434671339843,-0.8841116882522113],[102.04434656610681,-0.8839309994960628],[102.04416706528787,-0.8839311477429622],[102.044166918035,-0.8837504589563043],[102.04452591962547,-0.8837501625144156],[102.04452606689564,-0.8839308512404551],[102.04488506838292,-0.8839305547031148],[102.0448852157005,-0.8841112433683269],[102.04506471640761,-0.8841110950562788],[102.04506486376397,-0.8842917836909743],[102.04524436444962,-0.8842916353398986],[102.04524451184476,-0.8844723239440756]]],[[[102.04452518372649,-0.882846718881205],[102.04434568298953,-0.8828468669549512],[102.04434553590873,-0.8826661781973961],[102.04416603515031,-0.882666326232136],[102.04416588810827,-0.8824856374440719],[102.04434538885805,-0.8824854894396403],[102.04434524183748,-0.8823048006816838],[102.04452474254852,-0.8823046526988686],[102.04452444858047,-0.8819432752429739],[102.04470394924412,-0.8819431273120905],[102.04470380229665,-0.8817624386141545],[102.04488330292155,-0.8817622907048961],[102.04488344987766,-0.8819429793725184],[102.04506295048107,-0.8819428314242576],[102.04506368575662,-0.8828462746077813],[102.04488418511002,-0.8828464227076201],[102.04488433224688,-0.8830271113740381],[102.04452533084604,-0.8830274076082488],[102.04452518372649,-0.882846718881205]]],[[[102.04201099576387,-0.8814032779051371],[102.04290850075925,-0.8814025392264029],[102.04290879439128,-0.8817639172289574],[102.04201128930961,-0.8817646562105982],[102.04201099576387,-0.8814032779051371]]],[[[102.05528739119887,-0.8732614122795542],[102.05510789272763,-0.8732615592630405],[102.05510803875518,-0.8734422462092223],[102.05492854024517,-0.873442393214521],[102.0549286862944,-0.8736230801909193],[102.05474918774561,-0.8736232272180269],[102.05474904170494,-0.8734425402112149],[102.05439004453382,-0.8734428341787894],[102.05438989854045,-0.8732621471109578],[102.05456939713258,-0.8732620001618826],[102.05456881342714,-0.8725392520102073],[102.05492781045238,-0.8725389583295486],[102.0549279563505,-0.8727196453069405],[102.05510745482633,-0.8727194984233023],[102.05510730891967,-0.8725388114763257],[102.05528680735675,-0.8725386646145071],[102.05528666147177,-0.8723579776977486],[102.05546615987008,-0.8723578308577533],[102.05546645168732,-0.872719204630234],[102.05564595007247,-0.8727190577208037],[102.05564609603499,-0.8728997445763254],[102.05546659764128,-0.8728998915161763],[102.05546674362547,-0.8730805784019201],[102.05528724519301,-0.8730807253635905],[102.05528739119887,-0.8732614122795542]]],[[[102.05385052741092,-0.8721784649480897],[102.05367102874919,-0.8721786116803374],[102.05367117452711,-0.8723592988709825],[102.05331217709595,-0.8723595923705012],[102.0533120313351,-0.8721789051190557],[102.05349153005724,-0.8721787584039926],[102.05349138431808,-0.871998071182748],[102.05331188560446,-0.871998217867412],[102.0533115942338,-0.8716368433635289],[102.05349109293034,-0.8716366967396629],[102.0534909472818,-0.8714560095178231],[102.05367044593962,-0.8714558629157712],[102.05367015471607,-0.8710944885322978],[102.05349065607531,-0.8710946350735478],[102.05349036498966,-0.8707332606284796],[102.05402886077016,-0.8707328211614009],[102.05402900632346,-0.8709135082928264],[102.05420850486506,-0.870913361756238],[102.05420865045708,-0.8710940488570589],[102.05402915190696,-0.8710941954240532],[102.0540294431646,-0.8714555696859125],[102.05384994456722,-0.8714557163051345],[102.05385052741092,-0.8721784649480897]]],[[[102.05133681551641,-0.8712770804860982],[102.05151631452806,-0.8712769340174469],[102.05151660560733,-0.8716383091299101],[102.05115760751973,-0.8716386021801436],[102.05115775308758,-0.8718192897968348],[102.05097825398997,-0.871819436339447],[102.05097839957948,-0.8720001239863157],[102.05061940127663,-0.8720004171065208],[102.05061954687926,-0.872181104813938],[102.05026054843864,-0.8721813979605202],[102.05026069405436,-0.8723620857284783],[102.05008119478025,-0.8723622323192481],[102.05008075804922,-0.8718201689236774],[102.05026025729772,-0.8718200224240088],[102.05026011177253,-0.8716393346554554],[102.05043961098232,-0.871639188177567],[102.0504393200054,-0.8712778127006029],[102.05061881916797,-0.8712776662748687],[102.0506185282947,-0.8709162908578528],[102.05043902914917,-0.870916437222846],[102.05043873841369,-0.870555061744296],[102.05079773664045,-0.8705547691272163],[102.05079788201014,-0.8707354568058474],[102.05097738108677,-0.8707353104540688],[102.05097752649519,-0.8709159981021275],[102.05115702555015,-0.8709158517113951],[102.05115717099727,-0.8710965393288794],[102.0513366700306,-0.8710963928991893],[102.05133681551641,-0.8712770804860982]]],[[[102.04594691022139,-0.865138061529555],[102.0457674105637,-0.8651382067010925],[102.04576697806289,-0.8645961410969871],[102.0459464776952,-0.8645959960164223],[102.04594662184046,-0.8647766845209964],[102.04630562103159,-0.8647763942736597],[102.04630590944637,-0.8651377711609104],[102.04612640984895,-0.8651379163494942],[102.04612655409308,-0.8653186048231521],[102.04594705445706,-0.865318750033539],[102.04594691022139,-0.865138061529555]]],[[[102.0484586044335,-0.8635098355109384],[102.04827910527398,-0.8635099805286558],[102.04827924934831,-0.8636906686400326],[102.04845874851631,-0.8636905235919662],[102.04845889262926,-0.8638712116727975],[102.04863839177555,-0.8638710665858714],[102.04863868010884,-0.8642324426862424],[102.04845918094564,-0.8642325878338704],[102.04845946938266,-0.8645939639941569],[102.04863896856277,-0.8645938187858269],[102.04863911283499,-0.8647745068353241],[102.04881861199341,-0.8647743615881239],[102.04881875630423,-0.8649550496070717],[102.0484597579403,-0.8649553401536563],[102.04845990226434,-0.8651360282331106],[102.04828040302867,-0.8651361735239703],[102.04828083615638,-0.8656782378522003],[102.04810133686514,-0.8656783832255792],[102.04810148129287,-0.8658590713649426],[102.04792198196301,-0.865859216760139],[102.04792212641243,-0.866039904929651],[102.04774262704395,-0.8660400503466612],[102.047742482603,-0.865859362146805],[102.04756298321283,-0.8658595075249411],[102.0475628388105,-0.8656788192945462],[102.04738333939866,-0.8656789646338119],[102.04738319503497,-0.8654982763728796],[102.04684469664399,-0.8654987122484964],[102.04684484098226,-0.8656794006004387],[102.04666534144984,-0.865679545905591],[102.0466656301999,-0.8660409226695511],[102.04684512974926,-0.8660407773037326],[102.04684527417797,-0.866221465655084],[102.04648627503214,-0.8662217564388536],[102.04648613062038,-0.8660410680268379],[102.04630663101074,-0.8660412133755926],[102.04630648663759,-0.8658605249330501],[102.04576798765328,-0.8658609608371446],[102.04576784333568,-0.8656802723034266],[102.04594734301878,-0.8656801270409165],[102.04594719872286,-0.8654994385373261],[102.04612669836736,-0.8654992932966133],[102.04612655409308,-0.8653186048231521],[102.04630605369897,-0.8653184596042407],[102.04630619798172,-0.865499148047374],[102.04648569756594,-0.8654990027896079],[102.04648555327474,-0.8653183143768043],[102.04666505282036,-0.8653181691408431],[102.04666490855081,-0.8651374807581738],[102.0470239075347,-0.8651371903213452],[102.04702376327836,-0.8649565019991472],[102.04720326271662,-0.864956356798285],[102.04720340698142,-0.8651370450901461],[102.047382906398,-0.8651368998504244],[102.04738305070141,-0.8653175881117505],[102.04756255009632,-0.8653174428331654],[102.04756240578445,-0.8651367546021794],[102.04774190514073,-0.8651366093454118],[102.04774176085053,-0.8649559211445711],[102.04756226150272,-0.864956066370997],[102.04756211725115,-0.8647753781396176],[102.04738261788162,-0.864775523327182],[102.04738247366866,-0.8645948350652658],[102.04720297427748,-0.8645949802139721],[102.04720254184484,-0.8640529153360276],[102.04702304244887,-0.8640530603852062],[102.04702289837341,-0.8638723720618282],[102.04684339895576,-0.8638725170721595],[102.04684311091216,-0.8635111403641442],[102.04702261031291,-0.8635109954144825],[102.04702232237297,-0.8631496187663509],[102.04738132105021,-0.863149328962857],[102.047381465022,-0.8633300172263457],[102.04809946204853,-0.8633294373959455],[102.04809931804294,-0.8631487492538283],[102.04827881721573,-0.8631486043053125],[102.04827867323186,-0.8629679161933462],[102.0486376714701,-0.8629676263315049],[102.04863781547088,-0.8631483143827711],[102.04881731455322,-0.8631481694087453],[102.04881760266213,-0.8635095454499829],[102.04863810356291,-0.8635096904847142],[102.0486379595018,-0.8633290024338409],[102.04845846038087,-0.8633291474297142],[102.0484586044335,-0.8635098355109384]]],[[[102.05114979167891,-0.8618814705853199],[102.05132929027975,-0.8618813257048912],[102.05132957820264,-0.8622427008986282],[102.05150907679017,-0.8622425559489499],[102.05150922080533,-0.8624232435151445],[102.0516887193711,-0.8624230985265907],[102.0516888634249,-0.8626037860622079],[102.05186836196891,-0.8626036410347753],[102.05186850606134,-0.8627843285398132],[102.05204800458363,-0.8627841834734976],[102.05204814871468,-0.8629648709479547],[102.0522276472152,-0.8629647258427531],[102.05222793558481,-0.8633261007303047],[102.05240743407202,-0.8633259555558247],[102.05240815556668,-0.8642293926193231],[102.05258765406599,-0.8642292472843879],[102.0525882318391,-0.8649519968100856],[102.05276773034203,-0.8649518513450689],[102.05276787486928,-0.8651325386956096],[102.05258837635786,-0.865132684191018],[102.05258852090684,-0.8653133715717534],[102.05205002516601,-0.8653138080980072],[102.05205016971978,-0.8654944955697106],[102.05187067107066,-0.8654946410917977],[102.05187081564613,-0.865675328593689],[102.05169131695834,-0.8656754741376326],[102.05169146155554,-0.8658561616697099],[102.05151196282908,-0.8658563072355063],[102.05151181824036,-0.865675619673048],[102.05115282071384,-0.8656759107182942],[102.05115267617224,-0.8654952230948812],[102.05097317737217,-0.8654953685743364],[102.05097274395389,-0.864953305611789],[102.05115224272856,-0.8649531602234619],[102.0511520983077,-0.8647724725992615],[102.05133159704371,-0.8647723272327907],[102.05133116393685,-0.8642302644501424],[102.0515106626173,-0.8642301191662907],[102.05151051830026,-0.8640494316020604],[102.05133101962826,-0.8640495768555327],[102.05133073110166,-0.8636882016657236],[102.05115123241639,-0.8636883468499285],[102.05115108820682,-0.8635076592243516],[102.05097158949981,-0.8635078043696719],[102.05097144532887,-0.8633271167135226],[102.05025345023287,-0.8633276970882506],[102.05025359437,-0.8635083848658854],[102.05007409551212,-0.8635085299686719],[102.05007395138342,-0.8633278421606699],[102.0498944525038,-0.863327987224584],[102.04989459662406,-0.8635086750629511],[102.04971509770581,-0.8635088201487238],[102.04971524184778,-0.8636895080172575],[102.04953574289091,-0.8636896531248848],[102.04953531058091,-0.8631475894276086],[102.04989430841374,-0.8631472993860205],[102.04989416435386,-0.8629666115472607],[102.05007366321658,-0.8629664665440766],[102.0500735191784,-0.8627857787354855],[102.0502530180025,-0.8627856337541672],[102.05025287398607,-0.8626049459757464],[102.05043237277155,-0.862604801016297],[102.0504320848123,-0.8622434255196044],[102.05025258604371,-0.8622435704183166],[102.0502524421178,-0.8620628826393073],[102.05007294332745,-0.862063027499158],[102.05007265558301,-0.861701651879817],[102.05025215435649,-0.8617015070806999],[102.05025201052109,-0.8615208193011024],[102.05061100796064,-0.8615205297381403],[102.0506111518129,-0.8617012174569991],[102.05079065049584,-0.8617010726324147],[102.0507907943867,-0.861881760320705],[102.05097029304791,-0.8618816154572579],[102.0509704369774,-0.8620623031149779],[102.05114993561683,-0.8620621582126642],[102.05114979167891,-0.8618814705853199]]],[[[102.05653589094051,-0.863322614195428],[102.05671538870253,-0.8633224688168305],[102.05671509991058,-0.862961095449762],[102.05707409531013,-0.8629608047887875],[102.05707423970787,-0.8631414914115525],[102.05689474201478,-0.8631416367767251],[102.0568953198744,-0.8638643833875577],[102.05635682651226,-0.8638648197972297],[102.05635653757268,-0.8635034463096204],[102.05653603537338,-0.8635033009090984],[102.05653589094051,-0.863322614195428]]],[[[102.05492026539517,-0.8631432352324218],[102.05509976342083,-0.8631430899607826],[102.05509990775589,-0.8633237769180339],[102.05527940575976,-0.8633236316074749],[102.0552795501335,-0.863504318534113],[102.05510005212118,-0.8635044638750885],[102.05510019651668,-0.8636851508319463],[102.05456170227303,-0.8636855868950726],[102.05456155790287,-0.8635048998469748],[102.0540230634126,-0.8635053357423015],[102.05402263055949,-0.8629632743231581],[102.05420212872777,-0.8629631291244412],[102.05420184029319,-0.8626017549048421],[102.05438133841439,-0.8626016097584395],[102.05438105008378,-0.8622402355988709],[102.05456054815787,-0.8622400905047897],[102.05456040402946,-0.8620594034551206],[102.0547399020649,-0.8620592583829565],[102.05474004620174,-0.8622399454022143],[102.0549195442154,-0.8622398002911447],[102.05491968839091,-0.8624204872797927],[102.05509918638279,-0.8624203421298138],[102.05509961911598,-0.8629624030033353],[102.05492012109879,-0.8629625482445591],[102.05492026539517,-0.8631432352324218]]],[[[102.05868913987118,-0.8624174373460907],[102.05850964248408,-0.8624175826659879],[102.05850978685864,-0.8625982690458014],[102.05833028943287,-0.8625984143876516],[102.05833057825585,-0.8629597872075873],[102.0585100756985,-0.8629596418048393],[102.05851022016384,-0.8631403281840637],[102.05797172771972,-0.8631407644581444],[102.05797129449054,-0.8625987050458589],[102.05815079197681,-0.862598559721004],[102.05815050329174,-0.8622371868393887],[102.05833000073089,-0.8622370415669303],[102.0583298564253,-0.862056355156275],[102.05850935382576,-0.8620562099057716],[102.05850906528845,-0.8616948371447699],[102.05868856264179,-0.8616946919466753],[102.05868841841009,-0.8615140055963307],[102.05886791572475,-0.8615138604201997],[102.05886805996487,-0.8616945467400918],[102.0590475572577,-0.8616944015250195],[102.05904770153653,-0.8618750878142616],[102.05886820423527,-0.8618752330597877],[102.05886849286684,-0.8622366056985908],[102.05868899551844,-0.8622367509965314],[102.05868913987118,-0.8624174373460907]]],[[[102.0488167386973,-0.8624254173239134],[102.04881659480873,-0.8622447293022147],[102.04863709576861,-0.862244874124477],[102.04863695191864,-0.8620641860722293],[102.0488164509503,-0.8620640412803197],[102.04881630712204,-0.861883353258229],[102.04899580611513,-0.861883208488181],[102.0489956623086,-0.8617025204962481],[102.0491751612631,-0.8617023757480657],[102.04917544892318,-0.8620637516710227],[102.04935494786437,-0.8620636068536348],[102.04935523566199,-0.8624249827150908],[102.04917573670393,-0.8624251275931946],[102.04917588063954,-0.8626058155539864],[102.04899638164287,-0.86260596045395],[102.04899623771568,-0.862425272462802],[102.0488167386973,-0.8624254173239134]]],[[[102.05438032978603,-0.8613368001965153],[102.05438076187403,-0.8618788614385171],[102.05402176566895,-0.8618791514795691],[102.05402162162626,-0.8616984643382839],[102.05384212348685,-0.8616986093156692],[102.0538419794828,-0.8615179221437841],[102.0540214776138,-0.8615177771968027],[102.05402133363154,-0.8613370900551252],[102.05438032978603,-0.8613368001965153]]],[[[102.05904597218786,-0.8597068523304181],[102.05922546935777,-0.859706707441872],[102.05922561331212,-0.8598873937028144],[102.05940511046018,-0.8598872487753417],[102.05940496649741,-0.8597065625448574],[102.0603024517416,-0.8597058379327465],[102.06030259574646,-0.8598865240109158],[102.06066158964907,-0.8598862340458493],[102.06066144562739,-0.8597055480286184],[102.06084094252486,-0.8597054030638509],[102.06084079852505,-0.8595247170768964],[102.06119979221234,-0.8595244271829033],[102.06119993622897,-0.859705113108909],[102.06155892981195,-0.8597048231200903],[102.06155878577849,-0.8595241372550413],[102.06191777922349,-0.8595238472933104],[102.0619176352035,-0.8593431614890287],[102.06227662851052,-0.8593428715543993],[102.06227691661445,-0.8597042430408254],[102.06209741995927,-0.8597043880733451],[102.06209785231711,-0.8602464453929742],[102.06173885886535,-0.8602467356155079],[102.06173871473263,-0.860066049781527],[102.06137972117656,-0.8600663399092031],[102.06137986529247,-0.8602470258041438],[102.06066187778326,-0.8602476060797235],[102.06066173370102,-0.8600669200628843],[102.06030273978159,-0.8600672100888893],[102.06030288384699,-0.8602478961666669],[102.06012338683344,-0.8602480411974269],[102.06012353092069,-0.8604287273054753],[102.06030302794265,-0.8604285822442487],[102.06030317206861,-0.8606092683216343],[102.06012367503821,-0.8606094134133276],[102.060123819186,-0.8607900995209842],[102.05994432211693,-0.8607902446346642],[102.05994446628658,-0.8609709307725892],[102.05940597487243,-0.8609713661541348],[102.05940611904705,-0.8611520523832477],[102.05922662184005,-0.861152197523924],[102.05922618943221,-0.8606101387446242],[102.05940568661394,-0.8606099936953211],[102.05940554253011,-0.8604293074656201],[102.05922604535681,-0.8604294524844657],[102.05922590131165,-0.8602487662241111],[102.0590464041165,-0.8602489112040248],[102.05904626011002,-0.8600682249130183],[102.05886676289302,-0.8600683698540031],[102.05886661892522,-0.859887683532347],[102.05832812711793,-0.8598881182131137],[102.05832798320563,-0.8597074317999099],[102.05743049629714,-0.8597081559462187],[102.05743064016737,-0.85988884251164],[102.05707164517541,-0.8598891321717536],[102.05707178905905,-0.8600698187978532],[102.05617430100787,-0.8600705429520501],[102.05617372582306,-0.8593477958378577],[102.0563532234601,-0.8593476511456736],[102.05635336721937,-0.8595283378940877],[102.0565328648346,-0.8595281931630088],[102.05653272106693,-0.8593475064450237],[102.05707121370595,-0.85934707229228],[102.05707106994329,-0.8591663856653976],[102.05725056742074,-0.8591662409613217],[102.05725042367992,-0.8589855543646797],[102.05760941852726,-0.8589852649920139],[102.05760956228492,-0.8591659515277777],[102.05832755165028,-0.8591653725591241],[102.05832769547182,-0.859346058972915],[102.0586866899898,-0.8593457693769062],[102.05868683385839,-0.8595264557296023],[102.05904582827216,-0.8595261660388244],[102.05904597218786,-0.8597068523304181]]],[[[102.06768752542573,-0.8913197299214478],[102.06804651982466,-0.8913194286330001],[102.06804673570169,-0.8915799995067984],[102.06768753232404,-0.8913280582488707],[102.06768752542573,-0.8913197299214478]]],[[[102.06266005635155,-0.8894657782991724],[102.06104454984819,-0.8894388531907833],[102.06104387073162,-0.8886150085775502],[102.06158236525782,-0.8886145589778337],[102.06158221637847,-0.8884338731446377],[102.06176171448459,-0.8884337232910391],[102.06176186337264,-0.8886144090937538],[102.06230035753539,-0.8886139593889915],[102.06230065545454,-0.8889753308109049],[102.06248015346559,-0.8889751808308328],[102.06248030247932,-0.8891558665109973],[102.06265980046878,-0.889155716491678],[102.06266005635155,-0.8894657782991724]]],[[[102.06104193800114,-0.886266091541599],[102.06086243987808,-0.8862662409944996],[102.06086229142716,-0.8860855550367689],[102.06068279328248,-0.8860857044504664],[102.0606826448705,-0.8859050184620617],[102.06050314670422,-0.8859051678365599],[102.06050299833119,-0.8857244818174828],[102.06032350014331,-0.8857246311527849],[102.0603232035054,-0.885363259053088],[102.06050270167596,-0.8853631097787236],[102.06050255339376,-0.8851824237590413],[102.06068205152538,-0.8851822745064252],[102.06068219981624,-0.885362960495637],[102.06086169792623,-0.8853628112038286],[102.06086184625605,-0.8855434971623665],[102.06140034043035,-0.8855430491431828],[102.06140108266365,-0.8864464784757063],[102.06104208649103,-0.8864467774686534],[102.06104193800114,-0.886266091541599]]],[[[102.06515683676594,-0.8696396100961568],[102.06533633337129,-0.8696394632412574],[102.06533647927955,-0.8698201484548037],[102.0655159758631,-0.8698200015608192],[102.06551582994635,-0.8696393163777913],[102.06569532649105,-0.8696391695057586],[102.06569547241631,-0.8698198546582663],[102.06587496893921,-0.8698197077471447],[102.06587482300544,-0.8696390226251589],[102.06605431948948,-0.8696388757359925],[102.06605417357753,-0.8694581906443326],[102.06623367002275,-0.8694580437771248],[102.06623323244335,-0.8689159885925324],[102.0664127288327,-0.8689158418083415],[102.06641287467068,-0.8690965268395432],[102.06659237103821,-0.8690963800162638],[102.06659251691502,-0.8692770650167381],[102.0678489906978,-0.86927603680031],[102.06784942868896,-0.869818091159286],[102.06749043628025,-0.8698183851614674],[102.06749029026987,-0.8696377003142591],[102.06659280875967,-0.8696384350170928],[102.06659295472748,-0.8698191200169733],[102.06623396189401,-0.869819413899196],[102.06623410787515,-0.8700000989599342],[102.0660546114044,-0.8700002459187184],[102.06605490344062,-0.8703616161006513],[102.06587540692252,-0.8703617631119123],[102.06587599132486,-0.8710845035954929],[102.06605548787707,-0.8710843564621369],[102.06605578027725,-0.8714457266416892],[102.06587628370801,-0.8714458738360927],[102.06587613750128,-0.8712651887158921],[102.06569664091022,-0.8712653358711892],[102.06569634860479,-0.8709039655691485],[102.06551685200046,-0.8709041126548226],[102.06551670590176,-0.8707234274729844],[102.06533720927561,-0.8707235745195606],[102.0653373553658,-0.870904259731917],[102.06515785870081,-0.8709044068004324],[102.0651580048128,-0.871085092043107],[102.06497850810898,-0.8710852391335581],[102.06497836200552,-0.8709045538603688],[102.0644398717377,-0.8709049949887016],[102.06443972569014,-0.8707243096237799],[102.06408073204373,-0.8707246036054251],[102.0640805860435,-0.8705439181792916],[102.06390108918336,-0.8705440651267438],[102.06390123517505,-0.8707247505833816],[102.06372173827607,-0.8707248975527605],[102.06372203033335,-0.8710862685264454],[102.06390152724939,-0.871086121496062],[102.06390167333201,-0.8712668069521045],[102.06372217640745,-0.8712669540129904],[102.06372246864659,-0.8716283249854846],[102.06336347467244,-0.8716286192035066],[102.06336318246743,-0.8712672481090137],[102.06318368545195,-0.8712673951441509],[102.06318353940343,-0.8710867095661095],[102.06264504820078,-0.8710871505285437],[102.06264519422373,-0.8712678361980654],[102.06246569708706,-0.8712679831988712],[102.06246584313178,-0.8714486688986843],[102.06264534027697,-0.8714485218673889],[102.06264548636052,-0.8716292075365133],[102.06282498348395,-0.8716290604661414],[102.06282542194198,-0.8721711173808492],[102.0630049190607,-0.8721709702104101],[102.06300521153462,-0.8725323414249018],[102.06318470864012,-0.8725321941848807],[102.06318485493107,-0.8727128797613329],[102.06300535781703,-0.8727130270318494],[102.06300565047276,-0.8730743982451482],[102.06318514760387,-0.8730742509136413],[102.06318544039789,-0.8734356220651541],[102.06336493751581,-0.8734354746640526],[102.06336523044813,-0.8737968457537751],[102.06354472755284,-0.8737966982830716],[102.06354487407302,-0.8739773837971357],[102.06372437115598,-0.8739772362873236],[102.06372451771502,-0.8741579217706877],[102.06426300880769,-0.8741574790980816],[102.06426286222299,-0.87397679370623],[102.0646218561161,-0.8739764986091199],[102.06462170954461,-0.873795813278086],[102.06498070329937,-0.8737955182075621],[102.06498084988795,-0.8739762034775713],[102.06516034672839,-0.8739760558988828],[102.06516049335586,-0.874156741138178],[102.06551948696288,-0.8741564458939375],[102.06551934031832,-0.8739757607156776],[102.06587833378693,-0.8739754654980341],[102.06587818715558,-0.8737947803806171],[102.06605768383584,-0.8737946327894048],[102.06605753722627,-0.8736139477023122],[102.06623703386767,-0.873613800133018],[102.0662367407224,-0.8732524300192871],[102.06677523041327,-0.8732519874429431],[102.06677537699636,-0.8734326724083209],[102.0673138664398,-0.8734322296629528],[102.06731371983109,-0.8732515447891784],[102.067493216243,-0.8732513972207189],[102.06749306965607,-0.8730707123772834],[102.0676725660291,-0.8730705648307615],[102.06767241946396,-0.872889880017667],[102.0678519157981,-0.872889732493086],[102.06785176925477,-0.8727090477103341],[102.06767227292917,-0.8727091952043736],[102.0676716870935,-0.8719864559492115],[102.06785118338496,-0.8719863085773382],[102.06785103699337,-0.8718056237935925],[102.06803053324595,-0.8718054764436727],[102.06803024053676,-0.8714441069366716],[102.06820973674192,-0.8714439596392543],[102.06820959042432,-0.8712632749160008],[102.0680300942277,-0.8712634221828736],[102.06802994794899,-0.8710827374288764],[102.06838894029485,-0.8710824429476405],[102.06838879402943,-0.870901758254537],[102.0691067783228,-0.8709011693112997],[102.06910663205366,-0.8707204847402031],[102.06928612804258,-0.8707203375135018],[102.06928583557834,-0.8703589684318246],[102.06910633960645,-0.8703591155974143],[102.06910619342838,-0.8701784310257223],[102.0696446812274,-0.8701779895949043],[102.06964453505415,-0.8699973051146868],[102.06982403091791,-0.869997157984498],[102.06982417709968,-0.8701778424341546],[102.07000367294158,-0.8701776952648329],[102.07000381916222,-0.870358379683728],[102.0698243233118,-0.8703585268836126],[102.06982461582717,-0.8707198957819339],[102.06964511992933,-0.8707200430343671],[102.06964526622404,-0.8709007275137911],[102.06946577028732,-0.8709008747882065],[102.06946591660389,-0.8710815592979912],[102.06964541254912,-0.8710814119930168],[102.06964555890455,-0.871262096472044],[102.06982505482796,-0.8712619491279275],[102.06982564058751,-0.8719846869198052],[102.06964614463,-0.8719848343861659],[102.06964629113727,-0.8721655188641999],[102.06982578710333,-0.872165371367278],[102.06982608022604,-0.872526740261627],[102.06964658424292,-0.8725268878196714],[102.06964673084128,-0.8727075722971086],[102.06982622683296,-0.8727074247085032],[102.06982637347024,-0.8728881091551803],[102.07000586944007,-0.872887961527415],[102.07000616282284,-0.8732493303590472],[102.0696471708186,-0.873249625728227],[102.06964702412913,-0.8730689412513866],[102.06946752809002,-0.8730690888925137],[102.06946738143947,-0.8728884043849149],[102.06928788537851,-0.8728885519868843],[102.06928803202054,-0.8730692365250405],[102.0691085359207,-0.8730693841489671],[102.06910897600329,-0.8736114378539098],[102.06928847212878,-0.8736112901383162],[102.06928861889224,-0.8737919746756764],[102.06910912275822,-0.873792122421826],[102.0691092695435,-0.873972806989543],[102.06892977337054,-0.873972954757639],[102.06892992017764,-0.8741536393557108],[102.06875042396578,-0.8741537871457497],[102.06875057079468,-0.8743344717741746],[102.06857107454391,-0.8743346195861529],[102.06857122139459,-0.8745153042449287],[102.06803273243449,-0.874515747720827],[102.06803287928986,-0.8746964324710446],[102.06785338290055,-0.8746965803096577],[102.06785367668523,-0.8750579498705815],[102.06767418024845,-0.8750580977616613],[102.06767432717774,-0.875238782572366],[102.0678538236231,-0.8752386346507443],[102.06785397059129,-0.8754193194307076],[102.0685719561034,-0.8754187275358192],[102.06857210313623,-0.8755994121933991],[102.06875159944694,-0.8755992641675672],[102.0687517465187,-0.875779948794397],[102.06893124280761,-0.8757798007293875],[102.0689310957273,-0.87559911613311],[102.06911059197728,-0.8755989680900278],[102.06911015089277,-0.8750569143916608],[102.0692896470867,-0.8750567664316203],[102.0692895001107,-0.874876081895655],[102.0694689962657,-0.8748759339575521],[102.06946870238765,-0.8745145649461381],[102.06964819849517,-0.874514417060536],[102.06964805159313,-0.8743337325850894],[102.06982754766173,-0.8743335847214336],[102.0698274007815,-0.8741529002763491],[102.07036588877942,-0.8741524567253985],[102.07036603568532,-0.8743331410787892],[102.07054553163245,-0.8743329931806819],[102.07054538471799,-0.8741523088578596],[102.07072488062617,-0.8741521609817097],[102.07072473373354,-0.8739714766892586],[102.07054523783393,-0.8739716245348382],[102.07054509098022,-0.8737909402116176],[102.07126307436228,-0.8737903488999328],[102.07126322125018,-0.8739710331008625],[102.07108372544168,-0.8739711809722706],[102.07108401929152,-0.8743325494346832],[102.07090452343553,-0.874332697358629],[102.07090481738979,-0.8746940658813919],[102.07072532148631,-0.8746942138578684],[102.07072605686075,-0.8755976353141448],[102.07036706487702,-0.8755979315469404],[102.0703672120259,-0.8757786158987356],[102.07018771597991,-0.8757787640327621],[102.07018815758306,-0.8763208171786494],[102.07000866148098,-0.8763209653957428],[102.0700089560178,-0.8766823342197986],[102.06982945986817,-0.8766824824893855],[102.06982960717356,-0.8768631669316765],[102.069650110985,-0.8768633152231886],[102.0696504056697,-0.8772246841682936],[102.06982990187544,-0.8772245358156592],[102.06983049164359,-0.8779472735812252],[102.0700099878533,-0.8779471250976968],[102.07001057814173,-0.8786698627378093],[102.07019007435544,-0.8786697141233738],[102.07019022201209,-0.8788503985023364],[102.07001072578976,-0.8788505471473366],[102.07001087346816,-0.8790312315566637],[102.07019036969908,-0.879031082881099],[102.07019051741645,-0.8792117672596609],[102.0705495098044,-0.8792114698214186],[102.07054936206981,-0.8790307855039913],[102.0707288582096,-0.8790306368024489],[102.07072856281437,-0.878669268228134],[102.0709080589066,-0.8786691195790762],[102.07090791124594,-0.8784884353221899],[102.07108740729919,-0.8784882866950502],[102.07108725966032,-0.8783076024685376],[102.07126675567459,-0.8783074538633197],[102.07126660805751,-0.8781267696671822],[102.07144610403279,-0.8781266210838896],[102.0714459564375,-0.8779459369181293],[102.0712664604708,-0.8779460854708446],[102.07126631291449,-0.8777654012743071],[102.0714458088726,-0.8777652527521689],[102.07144566133807,-0.8775845685860084],[102.0716251572572,-0.8775844200858024],[102.07162456738862,-0.8768616835414765],[102.07180406324304,-0.876861535154949],[102.0718037684739,-0.8765001669427481],[102.07198326428076,-0.8765000186087477],[102.07198282232925,-0.8759579663806958],[102.07234181380035,-0.8759576698703041],[102.07234196110429,-0.8761383538853508],[102.07252145680282,-0.8761382055866238],[102.07252160414573,-0.8763188895708827],[102.07270109982245,-0.8763187412329355],[102.07270124720432,-0.8764994251864051],[102.07288074285923,-0.8764992768092341],[102.07288089028006,-0.8766799607319128],[102.07306038591314,-0.8766798123155143],[102.07306082838382,-0.87722186399057],[102.07324032401223,-0.8772217154737507],[102.07324047157185,-0.8774023993344412],[102.07359946275466,-0.8774021022136836],[102.07359961036185,-0.8775827860129786],[102.07449708782968,-0.8775820429068123],[102.0744976787343,-0.8783047774899124],[102.074677174171,-0.8783046287203079],[102.0746773219818,-0.878485312334973],[102.07521580813517,-0.8784848658824098],[102.0752156602986,-0.8783041823595832],[102.07539515561362,-0.8783040335553712],[102.07539500779887,-0.8781233500629607],[102.07629248387464,-0.8781226060652325],[102.0762927796205,-0.878483972743636],[102.07647227476156,-0.8784838238568861],[102.07647242268874,-0.8786645071651603],[102.07701090795507,-0.8786640603610976],[102.07701105593848,-0.8788447435772797],[102.077190550975,-0.8788445945946471],[102.07719069899744,-0.8790252777799944],[102.07737019401212,-0.8790251287580688],[102.07737167599697,-0.8808319602941491],[102.0775511710673,-0.880831810957187],[102.07755161628226,-0.8813738603221826],[102.07737212118607,-0.8813740097510581],[102.0773722696433,-0.8815546929029592],[102.07719277450805,-0.8815548423537889],[102.07719292298711,-0.8817355255361251],[102.07701342781277,-0.8817356750089052],[102.07701357631365,-0.8819163582216742],[102.07665458585642,-0.8819166572024411],[102.0766544373728,-0.8817359739284086],[102.07647494210715,-0.8817361233751322],[102.07647464524848,-0.8813747567652062],[102.07629514996965,-0.8813749061419897],[102.07629500159459,-0.8811942228060982],[102.07611550629395,-0.8811943721435744],[102.07611535795793,-0.8810136887768563],[102.07557687189933,-0.8810141366453378],[102.07557657537032,-0.880652769727569],[102.07539707997384,-0.8806529189384694],[102.07539693176359,-0.8804722354486654],[102.0752174363453,-0.8804723846202746],[102.07521758454693,-0.8806530681406948],[102.0750380890896,-0.8806532173342451],[102.0750383855669,-0.8810145844357126],[102.07521788104147,-0.881014435180933],[102.07521802933435,-0.8811951187007507],[102.07539752478712,-0.8811949694066761],[102.07539767311906,-0.8813756528956765],[102.07557716855004,-0.8813755035623032],[102.07557731692103,-0.8815561870204844],[102.07593630770894,-0.8815558882664501],[102.07593660457671,-0.881917255059726],[102.07539811829743,-0.881917703361472],[102.07539796987423,-0.8817370198730745],[102.07521847439558,-0.8817371692589986],[102.07521862281016,-0.8819178527780125],[102.07503912729246,-0.8819180021858655],[102.07503927572883,-0.8820986857352928],[102.07485978017209,-0.8820988351650714],[102.07486007711883,-0.8824602023245488],[102.07468058151439,-0.8824603518068603],[102.07468073002474,-0.8826410354169082],[102.07450123438126,-0.8826411849211363],[102.07450108587953,-0.882460501280479],[102.0736036072491,-0.8824612485181806],[102.07360375570764,-0.8826419323118581],[102.07342425988169,-0.8826420817639185],[102.073424408362,-0.8828227655879932],[102.07360390419657,-0.8828226161053344],[102.0736042012657,-0.8831839836916827],[102.07342470541383,-0.8831841332355392],[102.07342485398534,-0.88336481705901],[102.07324535809444,-0.8833649666247635],[102.07324550668771,-0.8835456504786299],[102.07306601075774,-0.8835458000662768],[102.07306660540027,-0.8842685356021086],[102.07288710940531,-0.8842686853034252],[102.07288740689167,-0.8846300531313183],[102.07270791084899,-0.8846302028851072],[102.07270805962912,-0.884810886829343],[102.0725285635474,-0.8848110366050077],[102.0725288611815,-0.8851724045540535],[102.07234936505206,-0.8851725543821782],[102.0723498117052,-0.8857146063959975],[102.07252930786063,-0.8857144564761088],[102.07252945681445,-0.8858951404497234],[102.07342693717904,-0.8858943905664389],[102.07342678818185,-0.8857137067457912],[102.07396527600974,-0.8857132568029018],[102.07396542503294,-0.885893940531748],[102.07414492092343,-0.8858937905027312],[102.07414506998568,-0.8860744742007713],[102.07432456585443,-0.886074324132422],[102.0743244167835,-0.8858936404649875],[102.07450391261315,-0.8858934904185176],[102.07450376356397,-0.8857128067814887],[102.07468325935454,-0.8857126567569011],[102.07468311032711,-0.8855319731502799],[102.07486260607861,-0.8855318231475788],[102.07486245707292,-0.8853511395713668],[102.07504195278534,-0.8853509895905558],[102.0750418038014,-0.8851703060447546],[102.07522129947473,-0.8851701560858369],[102.07522115051256,-0.884989472570449],[102.0754006461468,-0.8849893226334283],[102.0754004972064,-0.8848086391484549],[102.07557999280156,-0.8848084892333347],[102.07557984388292,-0.8846278057787779],[102.075759339439,-0.884627655885562],[102.07575919054213,-0.8844469724614237],[102.07593868605912,-0.8844468225901153],[102.07593853718403,-0.8842661391963973],[102.07611803266194,-0.8842659893470003],[102.07611773498571,-0.8839046226202061],[102.07629723041589,-0.8839044728233496],[102.07629663539403,-0.8831817394898444],[102.0764761307592,-0.8831815898067894],[102.07647598207119,-0.8830009065035366],[102.07665547739727,-0.8830007568424108],[102.07665532873104,-0.8828200735695857],[102.07701431927462,-0.8828197742825029],[102.07701417062155,-0.8826390910707397],[102.0773731610261,-0.8826387918101423],[102.07737330969645,-0.8828194749606354],[102.07755280486171,-0.8828193252866571],[102.07755265618272,-0.8826386421668018],[102.07791164640462,-0.8826383428540377],[102.0779114977388,-0.8824576597952625],[102.07809099279544,-0.8824575101564821],[102.07809114146988,-0.8826381931846141],[102.07827063650471,-0.8826380435064961],[102.07827078521825,-0.8828187265037819],[102.07845028023127,-0.8828185767863228],[102.0784504289839,-0.8829992597527606],[102.07880941893583,-0.8829989602304545],[102.07880956773622,-0.8831796431353923],[102.07898906267513,-0.8831794933305401],[102.07898921151461,-0.8833601762046241],[102.0804251699985,-0.8833589772073372],[102.0804250210899,-0.8831782945785338],[102.08060451575462,-0.8831781446953845],[102.08060436686785,-0.8829974620970477],[102.0809633560886,-0.8829971623659912],[102.08096350499267,-0.8831778449029866],[102.08114299956597,-0.8831776949937381],[102.08114314850916,-0.8833583774998585],[102.08096365392721,-0.8833585274397803],[102.08096469732243,-0.8846233051916927],[102.08078520264945,-0.8846234553376149],[102.08078594880278,-0.8855268681648578],[102.08042695927878,-0.8855271687372506],[102.08042710858355,-0.8857078513634313],[102.08024761376717,-0.8857080016672099],[102.08024776309374,-0.8858886843238549],[102.08006826823822,-0.8858888346495735],[102.08006856696544,-0.8862502000235867],[102.08024806183829,-0.886250049636539],[102.08024865969305,-0.886972780259481],[102.08042815457014,-0.886972629741038],[102.08042830411868,-0.8871533123656011],[102.08060779897399,-0.8871531618077528],[102.08060794856169,-0.8873338444014457],[102.08096693819823,-0.887333543198191],[102.08096708783377,-0.8875142257303398],[102.081146582615,-0.8875140750849281],[102.08114688199491,-0.8878754400872713],[102.08096738719631,-0.88787559079403],[102.08096753692328,-0.8880562733255714],[102.0807880420855,-0.888056424054256],[102.08078834161351,-0.8884177891780742],[102.08042935181177,-0.8884180907318765],[102.08042950160412,-0.8885987733548196],[102.08025000664882,-0.8885989241492602],[102.08025015646294,-0.8887796068026675],[102.08007066146848,-0.8887797576190196],[102.08007081130438,-0.8889604403028886],[102.07989131627076,-0.8889605911411489],[102.07989146612842,-0.8891412738554777],[102.07971197105563,-0.8891414247156424],[102.07971212093506,-0.8893221074604296],[102.0793531306807,-0.8893224092158001],[102.07935328057316,-0.8895030920217012],[102.07863529966409,-0.8895036955499316],[102.07863544955221,-0.8896843784782422],[102.07755847722272,-0.8896852836915906],[102.07755832738684,-0.8895046005794149],[102.0770198408372,-0.8895050529758685],[102.07701999064696,-0.8896857361799525],[102.0752250334161,-0.8896872439048377],[102.07522518316924,-0.8898679274149649],[102.07504568727009,-0.8898680781698665],[102.07504583704494,-0.8900487617104054],[102.07486634110667,-0.8900489124871542],[102.07486649090322,-0.8902295960581036],[102.07468699492583,-0.8902297468566959],[102.0746871447441,-0.8904104304580533],[102.07450764872758,-0.8904105812784862],[102.07450779856754,-0.8905912649102499],[102.07432830251187,-0.8905914157525192],[102.07432845237354,-0.8907720994146877],[102.07414895627875,-0.89077225027879],[102.07414955599467,-0.8914949850478566],[102.0736110674232,-0.8914954379547431],[102.07361121740202,-0.8916761217383089],[102.07343172114199,-0.8916762727203061],[102.0734318711425,-0.8918569565342676],[102.07361136741127,-0.8918568055216711],[102.07361181762141,-0.8923988568705385],[102.07379131388595,-0.8923987057573554],[102.07379146402555,-0.8925793895093034],[102.07397096026843,-0.8925792383567268],[102.07397141089588,-0.8931212895195436],[102.07415090713455,-0.893121138266362],[102.07415105741326,-0.8933018219562895],[102.07486904209878,-0.8933012167331505],[102.0748688917851,-0.8931205331656576],[102.07522788392787,-0.8931202305625187],[102.07522818462061,-0.8934815975748451],[102.07540768066384,-0.8934814461988456],[102.07540813195735,-0.8940234966239571],[102.0755876279964,-0.8940233451473011],[102.07558777849717,-0.8942040285913123],[102.07576727451455,-0.8942038770752295],[102.07576757562485,-0.8945652439013997],[102.07522908742894,-0.8945656986069339],[102.07522893688483,-0.8943850151020956],[102.07504944076743,-0.8943851666223679],[102.07504929026248,-0.8942044830867105],[102.07486979412342,-0.8942046345675599],[102.07486964365766,-0.8940239510010854],[102.07469014749692,-0.8940241024425148],[102.07468999707032,-0.8938434188452254],[102.07433100467509,-0.8938437216404468],[102.07433085429639,-0.8936630379817363],[102.07397186179702,-0.8936633406805276],[102.07397201215821,-0.893844024400448],[102.07379251585415,-0.8938441757672413],[102.07379281665028,-0.8942055432676759],[102.07343382391596,-0.8942058460972464],[102.07343367352019,-0.8940251622859313],[102.07325417711617,-0.8940253136569067],[102.07325402675954,-0.893844629814791],[102.07307453033387,-0.8938447811463643],[102.07307438001641,-0.8936640972734498],[102.07271538709135,-0.8936643998489958],[102.07271523682176,-0.8934837159146923],[102.07253574032238,-0.8934838671586707],[102.07253589058323,-0.8936645511235642],[102.07163840758669,-0.8936653073643568],[102.07163855783418,-0.8938459914819697],[102.07145906113496,-0.8938461427342976],[102.07145916701542,-0.8939734409143504],[102.07127956541403,-0.8938474703467041],[102.07127941417535,-0.8936656097990507],[102.0710999174241,-0.8936657610031931],[102.07109961707275,-0.8933043925838912],[102.0709201203086,-0.8933045437180822],[102.07091997018723,-0.8931238594775519],[102.07074047340146,-0.8931240105723709],[102.0707403233192,-0.8929433263010648],[102.0705608265118,-0.8929434773565156],[102.07056052645589,-0.8925821087521525],[102.07091952000539,-0.8925818067547396],[102.07091937000554,-0.8924011225133955],[102.07109886672599,-0.8924009715320742],[102.07109871674777,-0.8922202873211001],[102.07091922003606,-0.8922204382718477],[102.07091907009696,-0.8920397540300967],[102.0707395733636,-0.892039904941483],[102.0707394234636,-0.8918592206689565],[102.0705599267086,-0.8918593715409852],[102.07056007659986,-0.8920400558440821],[102.07038057980574,-0.8920402067378937],[102.07038087966193,-0.8924015754046145],[102.07020138281996,-0.8924017263507726],[102.07020153278488,-0.8925824107143946],[102.06966304205059,-0.8925828635918127],[102.06966289211188,-0.8924021791365011],[102.0692194836792,-0.8924025519076997],[102.0691243457111,-0.8923358231939549],[102.06912425124833,-0.8922219472959226],[102.06896218217439,-0.892222083491123],[102.06844757874791,-0.8918611463656081],[102.06858546039902,-0.8918610305534542],[102.06858531063413,-0.891680345913998],[102.06876480771446,-0.8916801951691614],[102.0687646579712,-0.8914995105600527],[102.06894415501245,-0.8914993598369847],[102.06894385559956,-0.891137990679263],[102.069123352593,-0.8911378400085215],[102.06912320292338,-0.8909571554599104],[102.06930269987774,-0.8909570048109464],[102.06930240061214,-0.8905956357742268],[102.06984089124073,-0.890595183958033],[102.06984074162733,-0.8904144995310479],[102.07002023843407,-0.8904143489386668],[102.07001964024934,-0.8896916113509494],[102.06984014347745,-0.8896917618210777],[102.0698399940159,-0.889511077393078],[102.06912200665944,-0.889511679063714],[102.06912170789708,-0.8891503099626371],[102.06930120476433,-0.8891501596192339],[102.06930090610601,-0.8887887905784582],[102.06912140925616,-0.8887889408607493],[102.06912125998124,-0.8886082563095018],[102.06894176310972,-0.8886084065524832],[102.06894191237593,-0.8887890911342853],[102.06876241546536,-0.8887892413990657],[102.06876256475324,-0.8889699260112177],[102.06858306780362,-0.8889700762977933],[102.06858336645304,-0.8893314455825908],[102.06876286342008,-0.8893312952349136],[102.06876316220836,-0.8896926644577988],[102.06894265916245,-0.889692514040256],[102.06894295808955,-0.8900538832012249],[102.06912245503071,-0.8900537327138092],[102.06912260454851,-0.890234417263435],[102.06858411360787,-0.8902348687910365],[102.0685842631299,-0.8904155534321172],[102.06768677757816,-0.8904163059554543],[102.06768692708698,-0.8905969907490591],[102.06750742987687,-0.8905971412579524],[102.06750728037676,-0.8904164564338077],[102.06714828588294,-0.8904167573642],[102.06714798700861,-0.8900553875931523],[102.0669684897336,-0.8900555379841217],[102.06696834035067,-0.8898748530677589],[102.06660934572704,-0.8898751537623304],[102.06660919639188,-0.889694468784701],[102.06642969904327,-0.8896946190883083],[102.06642984836974,-0.8898753040964671],[102.06625035098209,-0.8898754544218376],[102.06625020166432,-0.8896947693831511],[102.06589120681544,-0.8896950699465438],[102.06589090830573,-0.8893336997464631],[102.0657114108532,-0.8893338499539684],[102.06571126165254,-0.8891531648231019],[102.06607025650986,-0.8891528644603767],[102.06607010732212,-0.8889721793903537],[102.0662496046966,-0.8889720292263782],[102.0662494555305,-0.8887913441866787],[102.06642895286592,-0.8887911940444736],[102.06642880372146,-0.8886105090350989],[102.06660830101785,-0.8886103589146677],[102.06660800280255,-0.88824898895637],[102.06642850552355,-0.8882491390157424],[102.06642835647008,-0.8880684540057605],[102.06624885916943,-0.8880686040258554],[102.0662485611709,-0.8877072339442296],[102.06606906385728,-0.8877073838945244],[102.06606891491221,-0.8875266988228825],[102.06570992021136,-0.8875269986361919],[102.06570932480382,-0.886804258103417],[102.06588882213468,-0.8868041083232228],[102.06588867334995,-0.886623423220046],[102.06606817064178,-0.8866232734616394],[102.06606802187869,-0.8864425883887846],[102.06624751913152,-0.8864424386521699],[102.066247221679,-0.8860810685669059],[102.06606772444351,-0.8860812182424691],[102.06606742712965,-0.8857198480953463],[102.06588792988116,-0.8857199977011329],[102.06588778127839,-0.8855393125967446],[102.06552878670777,-0.8855396117210999],[102.06552848962788,-0.8851782413896332],[102.06534899231441,-0.8851783908776882],[102.06534884382862,-0.8849977056811339],[102.06498984912803,-0.8849980045700527],[102.06498970068988,-0.8848173193122647],[102.0646307058853,-0.8848176181052864],[102.0646305574948,-0.8846369327862723],[102.0644510600557,-0.8846370821391988],[102.06445076338295,-0.8842757114395465],[102.06463026080473,-0.8842755621476391],[102.06463011250517,-0.8840948768280205],[102.064809609888,-0.8840947275579137],[102.06480931336253,-0.8837333569790952],[102.06462981599701,-0.8837335061881789],[102.06462951961011,-0.8833721355475317],[102.06480901695835,-0.8833719863994708],[102.06480886880172,-0.883191301109357],[102.06462937146215,-0.8831914502269066],[102.06462907525714,-0.8828300795850521],[102.06444957790454,-0.8828302286328821],[102.06444942985615,-0.8826495432811434],[102.06426993248186,-0.8826496922897686],[102.06427008052161,-0.8828303776720151],[102.06391108566481,-0.8828306757241912],[102.06391049375681,-0.8821079339499573],[102.06408999116582,-0.882107785050235],[102.06408984325596,-0.8819270996366786],[102.06391034585558,-0.8819272485058967],[102.06391019798467,-0.8817465630616347],[102.06408969537642,-0.881746414222921],[102.06408954752717,-0.8815657288089626],[102.06426904488,-0.8815655799920689],[102.06426889705246,-0.8813848946084157],[102.06444839436632,-0.8813847458133455],[102.06444824656046,-0.8812040604599994],[102.0646277438354,-0.8812039116867564],[102.06462759605122,-0.8810232263637191],[102.06480709328721,-0.8810230776123067],[102.06480694552475,-0.8808423923195803],[102.06498644272179,-0.8808422435900022],[102.06498629498104,-0.8806615583275884],[102.06516579213914,-0.8806614096198478],[102.06516564442008,-0.8804807243877483],[102.06498614727057,-0.8804808730649737],[102.06498599959045,-0.8803001878021585],[102.06462700521774,-0.8803004850695638],[102.0646267099829,-0.8799391144212826],[102.06444721276829,-0.8799392629809583],[102.06444706520496,-0.8797585776260074],[102.06390857340507,-0.8797590231615066],[102.063908278421,-0.8793976522679671],[102.06408777570073,-0.8793975038258092],[102.06408748082067,-0.8790361329924772],[102.06390798355817,-0.8790362813736267],[102.0639078361722,-0.8788555959261559],[102.06372833888798,-0.8788557442681433],[102.06372819154093,-0.8786750587899699],[102.06354869423501,-0.8786752070927994],[102.06354854692687,-0.8784945215839249],[102.06301005485305,-0.878494966348986],[102.06301020213539,-0.8786756519493518],[102.06247170976306,-0.8786760967280013],[102.0624718570499,-0.878856782419642],[102.06229235952325,-0.8788569306923684],[102.0622925068318,-0.8790376164142975],[102.06211300926627,-0.8790377647088524],[102.0621131565965,-0.8792184504610678],[102.06193365899206,-0.8792185987774479],[102.06193395372618,-0.879579970342247],[102.06175445607425,-0.8795801187109316],[102.06175460347814,-0.8797608045235137],[102.0615751057873,-0.8797609529140147],[102.06157525321287,-0.8799416387568773],[102.06139575548313,-0.8799417871691911],[102.06139560806619,-0.8797611012958491],[102.0610366125331,-0.879761398033518],[102.06103646516364,-0.8795807120990224],[102.06031847376853,-0.879581305348475],[102.06031832646379,-0.8794006192918937],[102.06013882854793,-0.8794007675521277],[102.06013868128207,-0.8792200814648792],[102.05977968537672,-0.8792203778984297],[102.05977983262538,-0.8794010640466065],[102.05960033461871,-0.8794012122808512],[102.05960048188903,-0.8795818984592896],[102.05942098384347,-0.8795820467153311],[102.0594214258102,-0.8801241053408232],[102.05960092388158,-0.8801239569934023],[102.05960107127297,-0.8803046431710392],[102.0597805693227,-0.8803044947844868],[102.05978071675297,-0.8804851809314617],[102.05960121869462,-0.8804853293484757],[102.05960136614654,-0.8806660155257113],[102.05942186804931,-0.8806661639645115],[102.05942216302671,-0.8810275363793009],[102.05924266488198,-0.8810276848703411],[102.05924281240746,-0.881208371107893],[102.05870431776582,-0.8812088166203025],[102.05870446529568,-0.8813895029490169],[102.05852496701264,-0.8813896514662422],[102.05852481949141,-0.8812089651070767],[102.05834532118675,-0.8812091135851703],[102.05834546869936,-0.8813897999747847],[102.05816597035582,-0.8813899484746445],[102.05816611789007,-0.8815706348945059],[102.05834561624224,-0.8815704863641987],[102.05834591141875,-0.8819318591424239],[102.05762791775953,-0.8819324534551025],[102.05762806535864,-0.8821131399656924],[102.05744856685958,-0.8821132885525821],[102.0574487144803,-0.8822939750934115],[102.05726921594237,-0.8822941237020495],[102.05726936358471,-0.8824748102731166],[102.05708986500788,-0.8824749589034998],[102.05709001267182,-0.8826556455048024],[102.05673101541016,-0.8826559428003558],[102.0567311630871,-0.8828366294623257],[102.0563721656872,-0.8828369267839586],[102.05637231337707,-0.8830176135065884],[102.05601331583897,-0.8830179108542867],[102.05601302052403,-0.8826565372871187],[102.05583352172691,-0.8826566858870711],[102.05583337412342,-0.8824759990727614],[102.0556538753047,-0.8824761476335962],[102.05565372774008,-0.8822954607886634],[102.05511523112848,-0.8822959063277489],[102.05511493614172,-0.8819345324547676],[102.054935437228,-0.8819346808895817],[102.05493528978859,-0.8817539939223749],[102.05475579085328,-0.8817541423180874],[102.05475564345271,-0.881573455320266],[102.0540376474438,-0.8815740486946153],[102.05403779480984,-0.8817547358140733],[102.05385829572346,-0.8817548841663534],[102.05385844311108,-0.8819355713160149],[102.05349944483041,-0.8819358680553196],[102.05349959223099,-0.8821165552655844],[102.05314059381222,-0.8821168520309325],[102.0531404464289,-0.881936164759871],[102.05296094718284,-0.8819363130991144],[102.05296065252409,-0.8815749384955975],[102.05278115326509,-0.8815750867653646],[102.05278085874438,-0.8812137121002573],[102.05296035798614,-0.881213563891278],[102.05296021076248,-0.8810328765888175],[102.0531397099654,-0.8810327284015529],[102.0531395627633,-0.8808520411292875],[102.052960063569,-0.8808521892861564],[102.05295976927268,-0.880490814680233],[102.05313926844974,-0.8804906665841553],[102.05313882720591,-0.879948604764954],[102.05331832632694,-0.8799484567513947],[102.0533180322982,-0.8795870822650539],[102.05349753137179,-0.8795869343036242],[102.0534970905294,-0.8790448726638095],[102.05367658954697,-0.879044724784918],[102.05367629578588,-0.878683350418176],[102.05349679678551,-0.8786834982362655],[102.05349664995887,-0.8785028110221937],[102.0533171509369,-0.8785029588012279],[102.05331729775493,-0.878683646045699],[102.05313779869415,-0.8786837938464762],[102.05313809240364,-0.8790451683956134],[102.05295859329544,-0.8790453162485256],[102.05295888710853,-0.8794066908576537],[102.05277938795294,-0.8794068387626937],[102.05277968186962,-0.879768213431809],[102.05260018266661,-0.87976836138897],[102.05260062374231,-0.8803104234823174],[102.05242112448325,-0.8803105715219823],[102.05242156580488,-0.8808526337046975],[102.05206256714447,-0.8808529299403364],[102.05206271429483,-0.8810336173949491],[102.05134471657723,-0.8810342098836242],[102.0513448637233,-0.8812148974595658],[102.05080636509228,-0.8812153418260658],[102.05080651224264,-0.8813960294929352],[102.05044751298713,-0.8813963257546051],[102.05044766015044,-0.8815770134820174],[102.04955016144044,-0.8815777541360654],[102.04955001432029,-0.8813970662568259],[102.04901151475813,-0.8813975104539608],[102.049011367694,-0.8812168224834458],[102.04883186778827,-0.8812169705014364],[102.04883172076292,-0.8810362825003659],[102.04865222083563,-0.8810364304793223],[102.04865236785234,-0.8812171185107457],[102.04829336789004,-0.8812174145033196],[102.04829322089057,-0.881036726411196],[102.04811372087282,-0.8810368743641133],[102.04811357391213,-0.8808561862414412],[102.04793407387284,-0.8808563341553333],[102.04793392695092,-0.880675646002115],[102.0477544268901,-0.8806757938769849],[102.04775383953843,-0.8799530411407326],[102.04757433948191,-0.8799531888855574],[102.04757419272799,-0.8797725006706516],[102.04739469264993,-0.879772648376467],[102.04739454593476,-0.8795919601310201],[102.04721504583517,-0.8795921077978296],[102.04721519254173,-0.8797727960736148],[102.04703569240338,-0.8797729437620958],[102.04703583913147,-0.8799536320680179],[102.04721533927842,-0.8799534843492001],[102.04721607341413,-0.880856925724122],[102.04685707300389,-0.8808572214564492],[102.04685692613371,-0.8806765331211933],[102.046677425892,-0.8806766809440066],[102.04667727906057,-0.8804959925782171],[102.04649777879735,-0.8804961403620227],[102.04649763200467,-0.880315451965701],[102.04631813171991,-0.8803155997105025],[102.04631827850397,-0.8804962881371541],[102.04577977744304,-0.8804967314105013],[102.04577948395676,-0.880135354375041],[102.0459589843233,-0.8801352066865817],[102.04595883761674,-0.8799545181988758],[102.04577933725882,-0.8799546658570103],[102.04577904395332,-0.8795932888203488],[102.04595854429404,-0.8795931412228629],[102.04595825109183,-0.8792317642460501],[102.04613775138522,-0.8792316167005514],[102.04613745828635,-0.8788702397835906],[102.04595795801019,-0.8788703872684371],[102.04595781151457,-0.8786896987793306],[102.0454193105311,-0.8786901410909512],[102.04541945700093,-0.8788708296710258],[102.04523995660425,-0.8788709771212385],[102.04524010309561,-0.8790516657314325],[102.04506060266019,-0.8790518132033042],[102.04506045617744,-0.8788711245627929],[102.04488095572052,-0.8788712719956892],[102.04488110219465,-0.8790519606665158],[102.044701601699,-0.8790521081210669],[102.04470174819467,-0.8792327968220075],[102.04434274709578,-0.8792330917657519],[102.04434260061734,-0.8790524030041893],[102.04416310003133,-0.8790525504327603],[102.04416295359158,-0.8788718616406893],[102.04398345298407,-0.8788720090302933],[102.04398330658304,-0.8786913202077158],[102.04380380595401,-0.8786914675583567],[102.0438035132595,-0.8783300898519926],[102.04362401261756,-0.8783302371333703],[102.04362386632407,-0.8781495482495852],[102.04326486496701,-0.8781498427257809],[102.04326471872082,-0.8779691537811956],[102.04290571726055,-0.8779694481621919],[102.04290557106165,-0.8777887591568133],[102.04272607029495,-0.877788906304043],[102.04272577800462,-0.8774275282320985],[102.0434437808221,-0.8774269398336673],[102.04344363468776,-0.8772462509185829],[102.04362313530827,-0.8772461038276659],[102.04362298919544,-0.8770654149426833],[102.04380248977726,-0.877065267873427],[102.04380307444359,-0.8777880232909478],[102.04362357382742,-0.8777881704814164],[102.04362372006068,-0.8779688593656009],[102.04380322068545,-0.877968712144829],[102.04380336695742,-0.8781494009985106],[102.0441623681338,-0.8781491064704071],[102.04416251445308,-0.8783297952632774],[102.04434201500469,-0.8783296479559404],[102.04434186867681,-0.8781489591933783],[102.04452136918972,-0.8781488119076981],[102.04452107660714,-0.8777874344425958],[102.04434157611144,-0.8777875816676554],[102.04434113748923,-0.8772455153775736],[102.04452063795917,-0.8772453682434446],[102.04452049180342,-0.8770646795099951],[102.04487949263579,-0.8770643852764356],[102.04487963880871,-0.8772450739492592],[102.04505913918831,-0.8772449267892031],[102.04505928539993,-0.877425615431512],[102.04523878575799,-0.8774254682324959],[102.04523893200832,-0.8776061568442878],[102.04541843234483,-0.8776060096063084],[102.0454185786339,-0.8777866981875817],[102.04559807894887,-0.8777865509106357],[102.04559822527663,-0.8779672394613884],[102.04595722583338,-0.8779669448209064],[102.04595707948843,-0.8777862563308008],[102.04631607990746,-0.8777859617163752],[102.0463162262696,-0.8779666501458265],[102.04667522658525,-0.8779663554361489],[102.04667508020593,-0.8777856670673592],[102.04685458030997,-0.8777855197298794],[102.04685443395219,-0.877604831391223],[102.04703393401749,-0.877604684075431],[102.04703378768126,-0.8774239957669102],[102.04685428762456,-0.8774241430523672],[102.04685414132706,-0.8772434547133116],[102.04613614083316,-0.8772440436473761],[102.04613599460015,-0.8770633551867985],[102.04595649440991,-0.8770635023683826],[102.04595634821561,-0.8768828138772791],[102.04559734776193,-0.8768831081538784],[102.04559720161492,-0.8767024196019287],[102.04577670184824,-0.8767022724982708],[102.0457765557228,-0.8765215839764439],[102.04595605591743,-0.8765214368944738],[102.04595590981353,-0.876340748402772],[102.04577640962748,-0.8763408954544177],[102.04577626356229,-0.8761602069321923],[102.04595576373977,-0.876160059910871],[102.04595547168263,-0.8757986829264705],[102.0457759715223,-0.8757988298871434],[102.04577582554752,-0.87561814136432],[102.04559632536564,-0.8756182882860417],[102.04559559598646,-0.874714845517325],[102.04541609581727,-0.8747149922788165],[102.04541580429361,-0.874353615109295],[102.0455953044457,-0.8743534684084451],[102.04559472172572,-0.8736307141882992],[102.04541522160785,-0.8736308607678656],[102.04541507601174,-0.8734501721820113],[102.0452355758723,-0.8734503187226522],[102.04523543031485,-0.87326963010628],[102.04469692974146,-0.8732700695856263],[102.04469707527326,-0.8734507582929446],[102.04451757501333,-0.8734509047991653],[102.0445178661502,-0.87381228227383],[102.04379986474093,-0.873812868455123],[102.04380001032034,-0.8739935573133869],[102.04362050988419,-0.8739937038674919],[102.0436209467774,-0.8745357705319997],[102.04344144628547,-0.8745359171683977],[102.04344159196819,-0.874716606086471],[102.04326209143758,-0.8747167527445527],[102.04326092688721,-0.8732712411520073],[102.0434404273494,-0.8732710947363208],[102.04343955514983,-0.8721869612153654],[102.04361905553064,-0.8721868149728831],[102.043618329483,-0.8712833705181374],[102.04379782979103,-0.8712832244185776],[102.04379768466332,-0.8711025355573366],[102.04397718493271,-0.8711023894794977],[102.04397733006897,-0.8712830783104338],[102.04433633053449,-0.8712827860683957],[102.0443361853812,-0.8711020972980744],[102.04451568556026,-0.8711019511944899],[102.04451554042855,-0.8709212624542808],[102.04505404075944,-0.8709208241829772],[102.04505418591673,-0.8711015128322455],[102.04541318600376,-0.8711012205478399],[102.04541304082942,-0.8709205319592078],[102.04559254081921,-0.8709203858344531],[102.04559239566649,-0.8707396972759435],[102.04613089542954,-0.8707392589411721],[102.04613075028138,-0.8705585704734375],[102.0463102501336,-0.8705584243750184],[102.04631010500705,-0.8703777359374137],[102.04648960482062,-0.8703775898607478],[102.0464894597157,-0.8701969014532748],[102.04666895949062,-0.8701967553983656],[102.04666910460406,-0.8703774437755071],[102.04684860435736,-0.8703772976816923],[102.04684874950946,-0.8705579860283026],[102.04702824924115,-0.870557839895578],[102.04702839443192,-0.8707385282116552],[102.04738739382186,-0.870738235859801],[102.04738753905983,-0.8709189241150053],[102.04828503704974,-0.870918192933532],[102.04828518236046,-0.8710988810368183],[102.04846468187651,-0.8710987347444344],[102.04846482722591,-0.8712794228171734],[102.04864432672032,-0.871279276485857],[102.04864461752668,-0.8716406525700376],[102.04882411700798,-0.871640506169432],[102.04882469901673,-0.872363258214002],[102.04900419850202,-0.8723631116833911],[102.04900434408815,-0.8725437996636826],[102.0493633429853,-0.8725435065159637],[102.04936348861867,-0.8727241944353421],[102.04954298803054,-0.8727240478182288],[102.04954313370263,-0.8729047357070489],[102.04972263309287,-0.8729045890509761],[102.04972336194854,-0.873808028340287],[102.04954386251555,-0.8738081751481684],[102.04954430016532,-0.8743502388104548],[102.04972379962396,-0.8743500919114883],[102.04972409155845,-0.8747114676246274],[102.04990359100402,-0.8747113206563197],[102.04990373702509,-0.8748920084822273],[102.05008323644905,-0.874891861474937],[102.05008338250886,-0.8750725492702801],[102.05026288191124,-0.8750724022240037],[102.05026332029733,-0.8756144655177368],[102.05044281969523,-0.8756143183717329],[102.05044296589286,-0.8757950061055433],[102.05080196461525,-0.8757947117269138],[102.0508018184005,-0.8756140240538468],[102.05098131770785,-0.8756138768819646],[102.05098102535173,-0.8752525015959813],[102.0508015260615,-0.8752526487071149],[102.05080123384323,-0.8748912733595863],[102.05098073311633,-0.874891126309201],[102.05098058704392,-0.874710438665512],[102.05116008627826,-0.874710291636884],[102.05115964821643,-0.8741682287957513],[102.05187764474928,-0.8741676409596321],[102.0518774987548,-0.8739869534670454],[102.052056997804,-0.8739868065168709],[102.05205685183117,-0.87380611905447],[102.05241584982186,-0.8738058251890659],[102.05241570386211,-0.8736251377872414],[102.05277470171492,-0.8736248439481866],[102.05277499369878,-0.8739862186300728],[102.052954492597,-0.8739860716368483],[102.05295463864277,-0.8741667589470987],[102.05313413751934,-0.8741666119148687],[102.05313428360388,-0.8743472991945247],[102.05331378245879,-0.8743471521232856],[102.0533139285821,-0.8745278393723454],[102.0536729262184,-0.8745275451432258],[102.05367278007799,-0.8743468579549661],[102.05385227884227,-0.8743467108578862],[102.05385242499125,-0.874527398015743],[102.05403192373389,-0.8745272508796452],[102.05403206992163,-0.8747079380068988],[102.05421156864261,-0.8747077908317792],[102.05421171486914,-0.8748884779284273],[102.05439121356846,-0.8748883307142826],[102.05439106733338,-0.8747076436480424],[102.05457056599393,-0.8747074964556889],[102.05457071223758,-0.8748881834915191],[102.05475021087646,-0.8748880362601367],[102.05475006462426,-0.8747073492547179],[102.05492956322438,-0.8747072020451301],[102.05492912462338,-0.87416514111892],[102.05528812168158,-0.8741648468563896],[102.05528797552459,-0.8739841599414205],[102.05546747399983,-0.8739840128276565],[102.05546732786449,-0.873803325942907],[102.05564682630093,-0.8738031788509536],[102.0556466801873,-0.8736224919964256],[102.05582617858494,-0.8736223449262864],[102.05582632470714,-0.8738030317503921],[102.05636481974437,-0.8738025903970588],[102.05636467359652,-0.8736219036642309],[102.05654417187324,-0.8736217565596665],[102.05654446421627,-0.8739831299642647],[102.05672396247988,-0.8739829827902316],[102.0567241087053,-0.874163669461801],[102.05636511213078,-0.8741639638621179],[102.05636525836933,-0.8743446505943493],[102.05600626165675,-0.8743449450210733],[102.05600640790843,-0.8745256318139589],[102.05582690949822,-0.8745257790448249],[102.05582705577157,-0.8747064658679354],[102.05564755732259,-0.8747066131206084],[102.05564828909996,-0.8756100473852849],[102.05546879057792,-0.8756101947814434],[102.05547010960439,-0.8772363767190842],[102.05564960820361,-0.8772362290491404],[102.05565019525784,-0.8779589764501082],[102.05547069662425,-0.877959124241734],[102.05547128412778,-0.878681871761186],[102.05565078279574,-0.8786817238478778],[102.05565092975579,-0.87886241069682],[102.05618942560412,-0.878861966813686],[102.05618927861828,-0.8786812800560161],[102.05690727262503,-0.8786806882123477],[102.05690712563502,-0.8785000015761992],[102.05708662405253,-0.8784998536240766],[102.05708618323817,-0.8779577938057357],[102.05726568159963,-0.8779576459362685],[102.05726553471341,-0.8777769593601917],[102.05708603636054,-0.8777771071992222],[102.05708588951315,-0.8775964205925086],[102.05726538785744,-0.8775962727839147],[102.05726494747097,-0.8770542130538859],[102.05744444575924,-0.8770540653279615],[102.05744429901567,-0.8768733787813241],[102.05762379726512,-0.8768732310771998],[102.0576239440173,-0.8770539175933972],[102.05780344224507,-0.8770537698501928],[102.05780329548433,-0.876873083364437],[102.05798279367329,-0.8768729356430364],[102.05798250022539,-0.8765115627318142],[102.05780300205359,-0.8765117103923277],[102.05780285538358,-0.8763310239059734],[102.05744385896641,-0.8763313191402141],[102.05744400561925,-0.8765120056874504],[102.05708500906393,-0.876512300948034],[102.0570842761879,-0.8756088679054833],[102.0572637744378,-0.8756087204316916],[102.05726362794476,-0.8754280338530199],[102.05744312615586,-0.8754278864010406],[102.05744283324339,-0.8750665133039758],[102.0572633350494,-0.8750666606950783],[102.05726304227504,-0.8747052875363397],[102.05744254045189,-0.8747051402061139],[102.0574423941015,-0.8745244536568841],[102.05762189223955,-0.8745243063484816],[102.0576215996124,-0.8741629333103047],[102.05744210149147,-0.8741630805578272],[102.05744195523182,-0.8739823940080004],[102.05708295891634,-0.8739826884163356],[102.05708266652199,-0.8736213151943352],[102.05726216467777,-0.8736211680553454],[102.0572620185174,-0.8734404814744832],[102.05762101472111,-0.8734401872315635],[102.05762086857389,-0.8732595007113809],[102.05780036662183,-0.8732593536074562],[102.05780022049632,-0.8730786671175166],[102.05797971850545,-0.8730785200354328],[102.05797957240166,-0.8728978335757381],[102.058159070372,-0.872897686515499],[102.05815892428991,-0.8727170000860509],[102.05797942632812,-0.8727171471158447],[102.05797928028481,-0.8725364606557525],[102.0577997823013,-0.8725366076465053],[102.0577996362968,-0.8723559211557707],[102.05797913427178,-0.8723557741954614],[102.05797898828898,-0.8721750877349721],[102.05815848622517,-0.8721749407965145],[102.05815863221649,-0.8723556272265585],[102.05869712586914,-0.872355186268287],[102.05869727191633,-0.8725358726067856],[102.05887676974857,-0.872535725573055],[102.05887691583456,-0.8727164118809023],[102.05905641364508,-0.872716264808122],[102.05905626755055,-0.8725355785307288],[102.05923576532226,-0.8725354314798073],[102.05923547320691,-0.8721740589853374],[102.05941497093129,-0.8721739119867361],[102.05941511698236,-0.8723545982036122],[102.05977411235739,-0.8723543041197128],[102.05977425845582,-0.8725349902754695],[102.05995375610647,-0.8725348431901657],[102.0599539022437,-0.8727155293152604],[102.06067189257773,-0.8727149407662207],[102.06067174640633,-0.8725342547629967],[102.06085124390562,-0.8725341076347156],[102.0608509516366,-0.8721727356886156],[102.0610304490885,-0.8721725886126872],[102.06103001088647,-0.8716305307834689],[102.06120950828252,-0.8716303837903756],[102.06120936226719,-0.8714496978773816],[102.06102986487969,-0.8714498448399994],[102.06102971890319,-0.8712691588963309],[102.06067072405438,-0.8712694527348662],[102.0606705781252,-0.8710887667300536],[102.06013208565047,-0.8710892073320787],[102.06013223155406,-0.8712698934282971],[102.05995273399343,-0.8712700403089412],[102.05995287991875,-0.8714507264354261],[102.0597733823193,-0.8714508733379505],[102.05977352826639,-0.8716315594946996],[102.05959403062815,-0.8716317064191008],[102.05959388468959,-0.8714510202318899],[102.05923488933936,-0.8714513139940145],[102.05923503526085,-0.8716320002421429],[102.0590555375318,-0.8716321471407841],[102.05905539161884,-0.8714514608621997],[102.05887589386806,-0.8714516077218],[102.0588757479939,-0.8712709214125625],[102.05905524573615,-0.8712707745834165],[102.05905466250796,-0.8705480294663008],[102.05923416018587,-0.8705478827503961],[102.05923401444595,-0.8703671965010776],[102.05941351208506,-0.8703670498070546],[102.05941365783349,-0.8705477360259155],[102.05959315545086,-0.8705475892928589],[102.05959330123807,-0.8707282754810618],[102.05977279883368,-0.8707281287089678],[102.05977265303795,-0.8705474425512265],[102.05995215059477,-0.870547295801018],[102.05995200482079,-0.8703666096735415],[102.06013150233882,-0.8703664629452222],[102.0601313565866,-0.8701857768480126],[102.06031085406586,-0.8701856301415858],[102.06031056263518,-0.8698242580075053],[102.06049006006712,-0.8698241113534434],[102.0604899143887,-0.8696434253165742],[102.06066941178184,-0.869643278684414],[102.06066897490267,-0.8691012206640298],[102.06156646128665,-0.8691004878318578],[102.06156675259422,-0.8694618595408888],[102.06138725536098,-0.8694620061854048],[102.06138754677268,-0.8698233779546022],[102.06156704402295,-0.8698232312491279],[102.06156718978274,-0.8700039171029501],[102.06174668701124,-0.8700037703584259],[102.06174683280982,-0.8701844561815691],[102.06192633001653,-0.8701843093979916],[102.06192618420943,-0.8700036236053315],[102.06210568137735,-0.8700034768436663],[102.06210524411223,-0.86946141955595],[102.0622847412243,-0.8694612728771735],[102.06228444984869,-0.8690999014120113],[102.06210495275361,-0.8691000480298152],[102.06210480711974,-0.8689193622664511],[102.0631817891847,-0.8689184826141483],[102.06318193486959,-0.8690991681945681],[102.06354092866586,-0.8690988748476601],[102.06354078296395,-0.8689181893282362],[102.06389977662198,-0.868917896008085],[102.0638999223409,-0.8690985814665061],[102.06407941913295,-0.8690984347630868],[102.06407927340553,-0.8689177493351697],[102.06425877015876,-0.8689176026536949],[102.06425862445316,-0.868736917256086],[102.0646176178517,-0.8687366239284743],[102.0646174721594,-0.8685559385916845],[102.06479696880469,-0.8685557919455529],[102.0647971145055,-0.8687364772518316],[102.06551510081745,-0.8687358904596816],[102.06551553820381,-0.8692779460111415],[102.06533604164578,-0.8692780928135708],[102.06533618749339,-0.8694587780275133],[102.06515669089653,-0.8694589248518959],[102.06515683676594,-0.8696396100961568]]],[[[102.06211448393171,-0.8808446222219878],[102.06193498624977,-0.8808447708127302],[102.0619351338743,-0.8810254565934258],[102.06139664062087,-0.881025902405033],[102.0613964930222,-0.8808452165328939],[102.06121699521913,-0.8808453650889272],[102.06121670012986,-0.8804839932830923],[102.06139619791573,-0.8804838447880144],[102.06139605040791,-0.8803031589152738],[102.06193454355791,-0.8803027134694402],[102.06193439605455,-0.8801220276879428],[102.06211389370202,-0.880121879219139],[102.06211374622033,-0.8799411934679254],[102.06283173647284,-0.8799405996279656],[102.06283203153542,-0.8803019708862792],[102.0626525340005,-0.8803021194202553],[102.06265268156864,-0.8804828050796031],[102.06229368639069,-0.8804831021825178],[102.06229383397188,-0.8806637879026431],[102.06211433632885,-0.8806639364715764],[102.06211448393171,-0.8808446222219878]]],[[[102.06605651180855,-0.8723491520870943],[102.06587701519665,-0.8723492994341165],[102.06587716158536,-0.8725299845531251],[102.06533867154205,-0.8725304266341916],[102.06533837884618,-0.8721690562128543],[102.06569737220455,-0.8721687616228156],[102.06569722588503,-0.8719880764728878],[102.06587672251021,-0.8719879291955029],[102.06587642994508,-0.8716265589560946],[102.06605592652285,-0.8716264117311675],[102.06605578027725,-0.8714457266416892],[102.06623527681617,-0.871445579438701],[102.06623542307031,-0.8716262644976539],[102.06641491958742,-0.871626117255554],[102.0664150658804,-0.8718068022837809],[102.06623556935477,-0.8718069495564081],[102.06623586201468,-0.8721683196733204],[102.06605636544164,-0.8721684669984107],[102.06605651180855,-0.8723491520870943]]],[[[102.07233770162986,-0.8708985173680787],[102.0725171970805,-0.870898369956399],[102.0725174900338,-0.8712597379362692],[102.07197900353954,-0.8712601803290869],[102.0719791500362,-0.8714408644104822],[102.0717996544688,-0.8714410118881722],[102.07179980098734,-0.8716216959999511],[102.07162030538103,-0.8716218434996376],[102.07162015887103,-0.8714411593572776],[102.07144066324287,-0.8714413068177992],[102.07144051677179,-0.8712606226446616],[102.07162001239142,-0.8712604752147194],[102.07161957313492,-0.8707184227858528],[102.07144007754084,-0.8707185701240583],[102.0714399311913,-0.8705378859501269],[102.07126043557538,-0.8705380332491783],[102.07126028926474,-0.8703573490444713],[102.07108079362693,-0.8703574963043718],[102.0710806473552,-0.8701768120688912],[102.07143963858337,-0.8701765176016688],[102.07143978487215,-0.8703572017759971],[102.07179877599583,-0.8703569072133276],[102.07179892233202,-0.8705375913262977],[102.0719784178568,-0.8705374440015202],[102.0719785642319,-0.8707181280837096],[102.07233755520733,-0.8707178333472577],[102.07233770162986,-0.8708985173680787]]],[[[102.07161825700625,-0.8690922654885397],[102.0717977524933,-0.8690921184169828],[102.0717978986168,-0.8692728025313409],[102.07197739408198,-0.8692726554206405],[102.07197768643712,-0.8696340235875974],[102.07161869544233,-0.8696343179227617],[102.07161854926657,-0.8694536337782192],[102.07143905373212,-0.8694537809023726],[102.07143890759527,-0.869273096727053],[102.07125941203891,-0.8692732438120646],[102.07125926594095,-0.8690925596059699],[102.07107977036273,-0.8690927066518431],[102.07107962430365,-0.8689120224149748],[102.07090012870356,-0.8689121694217135],[102.07090027475414,-0.8690928536891552],[102.07054128344579,-0.8690931477380958],[102.07054069949378,-0.8683704104225737],[102.0710791863087,-0.868369969703182],[102.07107933227664,-0.8685506539406441],[102.07125882782935,-0.8685505069864967],[102.07125897383617,-0.8687311911931861],[102.071438469367,-0.8687310441999054],[102.0714386154127,-0.8689117283758193],[102.07161811092165,-0.8689115813434026],[102.07161825700625,-0.8690922654885397]]],[[[102.06712780301869,-0.8653015563629622],[102.06694830692041,-0.8653017025707046],[102.06694816169404,-0.8651210176269462],[102.06676866557387,-0.8651211637956322],[102.06676852038632,-0.8649404788211442],[102.0671275125794,-0.8649401865363171],[102.06712736740526,-0.8647595016226988],[102.06730686344784,-0.8647593554980405],[102.06730700863044,-0.8649400403811226],[102.06784549660146,-0.8649396018644174],[102.06784564183981,-0.8651202866556836],[102.06820463368568,-0.8651199942075234],[102.06820492428727,-0.8654813636672876],[102.06712794828387,-0.8654822412759889],[102.06712780301869,-0.8653015563629622]]],[[[102.06120253370682,-0.8629574597434853],[102.06120267829883,-0.8631381456657635],[102.06102318130175,-0.8631382912265038],[102.06102332591558,-0.8633189771790609],[102.06066433181367,-0.8633192683359785],[102.06066418721673,-0.8631385823224756],[102.0604846901288,-0.8631387278577073],[102.06048454557057,-0.8629580418135379],[102.06120253370682,-0.8629574597434853]]],[[[102.06209943996168,-0.8622339888831849],[102.06209958447477,-0.8624146746538447],[102.06192008766288,-0.8624148201351614],[102.0619202321978,-0.8625955059361093],[102.0615612384663,-0.8625957969342193],[102.06156109394824,-0.862415111072308],[102.06102260314917,-0.8624155474143097],[102.06102245868674,-0.8622348614607702],[102.06066346468614,-0.8622351522520137],[102.06066332027085,-0.862054466237332],[102.06048382323358,-0.8620546115897425],[102.06048367885701,-0.8618739255443943],[102.0608426728844,-0.8618736348920231],[102.06084252852123,-0.8616929489074208],[102.06102202548108,-0.8616928035989733],[102.06102188113977,-0.8615121176446484],[102.06138087495177,-0.8615118270632403],[102.06138101930993,-0.8616925129566123],[102.06174001301765,-0.861692222280297],[102.06174015742299,-0.8618729081125132],[102.06156066057584,-0.861873053485396],[102.06156080500301,-0.8620537393478963],[102.0617403018586,-0.8620535939445326],[102.0617404463245,-0.8622342797763559],[102.06209943996168,-0.8622339888831849]]],[[[102.066585260236,-0.8602428147512347],[102.0669442520508,-0.8602425240710916],[102.0669446853634,-0.8607845789177024],[102.06712418125055,-0.860784433473317],[102.06712432575718,-0.8609651183912607],[102.06730382162243,-0.8609649729078598],[102.06730367710738,-0.860784288020452],[102.06748317293385,-0.8607841425591077],[102.06748288397792,-0.8604227728447792],[102.06784187550615,-0.8604224820188139],[102.06784201998578,-0.860603166814995],[102.06802151571279,-0.8606030213587554],[102.06802166023121,-0.8607837061241975],[102.06838065161102,-0.8607834151251936],[102.06838094077258,-0.8611447845333059],[102.06856043643383,-0.8611446389599877],[102.06856115991106,-0.862048062324091],[102.06784317691539,-0.8620486451773818],[102.06784332166815,-0.8622293299717968],[102.06748432997135,-0.8622296214085717],[102.06748418523546,-0.8620489365530759],[102.06730468934998,-0.8620490822281851],[102.06730454465286,-0.8618683973419551],[102.06712504874547,-0.8618685429780363],[102.06712461486147,-0.8613264882265596],[102.06694511894904,-0.861326633762548],[102.06694497439014,-0.8611459488144623],[102.06676547845579,-0.8611460943114333],[102.06676533393568,-0.8609654093326189],[102.06658583797942,-0.860965554790576],[102.06658569349806,-0.8607848697810349],[102.06640619751988,-0.8607850151999819],[102.06640605307729,-0.8606043301597157],[102.06604706104679,-0.8606046209111186],[102.06604691665136,-0.8604239358096036],[102.06622641267336,-0.8604237904686662],[102.06622612395667,-0.8600624203260994],[102.06604662795151,-0.860062565605986],[102.06604648364709,-0.8598818805038834],[102.06586698762,-0.8598820257447738],[102.06586669911896,-0.8595206554789337],[102.0660461951292,-0.85952051029909],[102.06604633937297,-0.8597011954015845],[102.06622583536131,-0.8597010501827486],[102.06622597964382,-0.8598817352545219],[102.06640547561024,-0.8598815899966902],[102.06640561993149,-0.8600622750377404],[102.06658511587598,-0.860062129740909],[102.066585260236,-0.8602428147512347]]],[[[102.06370571917121,-0.850668807278641],[102.06334672715222,-0.8506690944207705],[102.06334658454982,-0.8504884088508702],[102.06316708850319,-0.8504885523788684],[102.06316694593941,-0.8503078667782776],[102.06334644197773,-0.8503077232807762],[102.06334615692444,-0.849946352140007],[102.06388464480763,-0.8499459217802464],[102.06388478734408,-0.850126607259227],[102.06406428325283,-0.850126463758724],[102.06406442582791,-0.8503071492070071],[102.06388492991083,-0.8503072927380139],[102.06388507250789,-0.8504879782166072],[102.06370557655217,-0.8504881217697395],[102.06370571917121,-0.850668807278641]]],[[[102.07882157044693,-0.8976342748742603],[102.07918056168846,-0.8976339703513635],[102.07918071297344,-0.8978146531785455],[102.07936020855729,-0.8978145008731779],[102.07936035988152,-0.8979951836694992],[102.0795398554437,-0.8979950313246303],[102.07954000680718,-0.898175714090089],[102.07936051123622,-0.8981758664656156],[102.07936066262137,-0.8983565492615275],[102.07918116701114,-0.8983567016588626],[102.07918146985524,-0.8987180673113832],[102.07936096548306,-0.8987179148527361],[102.0793611169596,-0.8988985976480328],[102.07989960368661,-0.8988981401269968],[102.07989975522001,-0.8990788228301104],[102.08007925074355,-0.8990786702747262],[102.08007940231622,-0.8992593529469717],[102.08025889781808,-0.8992592003520664],[102.08025904943001,-0.899439882993442],[102.08061804035992,-0.899439577715722],[102.08061819201993,-0.8996202602955574],[102.08079768744798,-0.8996201076127377],[102.08079799087704,-0.8999814727104525],[102.08097748629223,-0.899981319957427],[102.08097753958053,-0.9000447602042757],[102.07949014520008,-0.8996062797799809],[102.07846362751927,-0.8988862916844101],[102.07846348703943,-0.8987186770574427],[102.07864298278906,-0.8987185246342069],[102.07864267999771,-0.8983571587977728],[102.07882217569932,-0.8983570064269853],[102.07882187301222,-0.8979956406510327],[102.0786423773282,-0.8979957929605188],[102.07864207478049,-0.8976344271224457],[102.07846257908359,-0.8976345793617889],[102.07846242786421,-0.8974538964117962],[102.0781034363966,-0.8974542008026638],[102.07810328522524,-0.8972735177911747],[102.07702631014436,-0.8972744305677739],[102.07702615905613,-0.8970937473722461],[102.07738515085397,-0.8970934432100054],[102.07738499977862,-0.8969127600755439],[102.07774399143713,-0.8969124559392334],[102.07774414253002,-0.8970931390124169],[102.07828262981577,-0.8970926826497577],[102.07828278096548,-0.8972733656308064],[102.07864177235462,-0.897273061283554],[102.07864192355233,-0.8974537442031022],[102.07882141920999,-0.8974535919855672],[102.07882157044693,-0.8976342748742603]]],[[[102.0824126897761,-0.8990766862488079],[102.08259218487291,-0.8990765335694357],[102.08259279183928,-0.8997992625393099],[102.08241329670726,-0.8997994153414339],[102.08241344851629,-0.8999800976140775],[102.082233953345,-0.8999802504380243],[102.08223410517569,-0.9001609327411485],[102.08205460996508,-0.9001610855869143],[102.08205476181747,-0.9003417679205176],[102.08198523719587,-0.9003418271313367],[102.0813740989238,-0.9001616649817714],[102.08151612415035,-0.9001615440710106],[102.0815159723549,-0.8999808616451598],[102.08133647703114,-0.8999810144247808],[102.08133602185404,-0.8994389670539641],[102.08151551715137,-0.8994388143663745],[102.08151475908852,-0.8985354022309633],[102.08169425431137,-0.8985352496879095],[102.08169410278146,-0.8983545672908912],[102.08187359796504,-0.8983544147696672],[102.08187374950374,-0.8985350971360047],[102.08205324466562,-0.8985349445752489],[102.08205339624361,-0.898715626910699],[102.0822328913838,-0.8987154743104079],[102.08223304300105,-0.8988961566149685],[102.08241253811956,-0.8988960039751385],[102.0824126897761,-0.8990766862488079]]],[[[102.07971935097541,-0.8979948789709153],[102.08025783738776,-0.897994421856697],[102.08025798878639,-0.8981751044995074],[102.08007849333728,-0.8981752569104241],[102.08007864475759,-0.8983559395836942],[102.07954015820113,-0.898356396855343],[102.07954000680718,-0.898175714090089],[102.07971950234767,-0.8981755617057147],[102.07971935097541,-0.8979948789709153]]],[[[102.07415286312988,-0.8954700262195221],[102.0743323594519,-0.895469874559665],[102.07433220879949,-0.8952891909027902],[102.07451170508234,-0.8952890392647199],[102.07451140385125,-0.8949276720115736],[102.07469090008617,-0.8949275204259035],[102.07469105069526,-0.895108204021969],[102.07487054690853,-0.895108052396872],[102.0748706975568,-0.8952887359621222],[102.07505019374841,-0.8952885842975945],[102.07505004309137,-0.8951079007629572],[102.0752295392438,-0.8951077491202252],[102.07522984060581,-0.8954691161280656],[102.07540933674534,-0.8954689644152832],[102.07540963824658,-0.8958303313610735],[102.07523014208952,-0.8958304831350897],[102.07523059454324,-0.8963725336440931],[102.0754100907266,-0.8963723817782273],[102.07541039253208,-0.8967337487219748],[102.0753946743429,-0.8967337620259828],[102.07289597982917,-0.8949812054573236],[102.0728959363685,-0.8949290358859018],[102.07343442580307,-0.8949285813404667],[102.07343427528569,-0.8947478975299674],[102.07361377169431,-0.89474774602779],[102.07361392222046,-0.8949284298076904],[102.07379341860742,-0.8949282782660984],[102.07379356917274,-0.895108962015194],[102.07397306553807,-0.8951088104341838],[102.07397321614255,-0.8952894941524729],[102.07415271248622,-0.8952893425320412],[102.07415286312988,-0.8954700262195221]]],[[[102.08187163073629,-0.8960055439886445],[102.08169213566686,-0.896005696111018],[102.08169228680043,-0.8961863785106976],[102.08151279169174,-0.8961865306549246],[102.08151294284706,-0.8963672130850785],[102.08115395252067,-0.8963675174084013],[102.0811541036889,-0.8965481998997032],[102.08079511322305,-0.8965485042490533],[102.08079496207235,-0.8963678216964057],[102.08043597150213,-0.8963681259490919],[102.08043566932723,-0.8960067607205064],[102.08061516461004,-0.8960066086599148],[102.08061501355954,-0.8958259260759838],[102.08043551828548,-0.8958260781059072],[102.08043536727422,-0.8956453954911038],[102.07989688129557,-0.8956458514359337],[102.07989703228053,-0.8958265341427315],[102.0797175368846,-0.8958266861373576],[102.0797178389284,-0.8961880516116626],[102.07953834348447,-0.8961882036587833],[102.07953819245611,-0.8960075208910735],[102.07917920149441,-0.8960078248975175],[102.07917905051404,-0.8958271420682901],[102.07935854600136,-0.8958269901001369],[102.07935839504268,-0.8956463073013611],[102.07953789049077,-0.8956461553550411],[102.07953773955381,-0.8954654725867185],[102.08007622568898,-0.8954650167868072],[102.08007607475619,-0.8952843341102638],[102.08025557006489,-0.8952841821899832],[102.0802554191538,-0.8951034995439007],[102.0809734000488,-0.8951028918972657],[102.08097355099493,-0.8952835744206715],[102.08151203637246,-0.8952831185010894],[102.08151233840871,-0.8956444833632362],[102.08169183349112,-0.8956443313110466],[102.08169198456373,-0.8958250137111344],[102.08187147962443,-0.8958248616194415],[102.08187163073629,-0.8960055439886445]]],[[[102.08384426200134,-0.893835685667371],[102.08402375659972,-0.8938355338075109],[102.0840240583932,-0.8941968978135891],[102.08420355297856,-0.8941967458835167],[102.08420370392982,-0.8943774278555456],[102.08456269302656,-0.8943771239075637],[102.0845625420578,-0.8941964419969477],[102.08474203655163,-0.8941962900404509],[102.08474188560464,-0.8940156081603396],[102.08492138005921,-0.8940154562257459],[102.084921229134,-0.8938347743761419],[102.0851007235493,-0.8938346224634547],[102.08510057264587,-0.8936539406443594],[102.08492107823929,-0.8936540925263341],[102.08492092737512,-0.8934734106763222],[102.08474143294677,-0.8934735625187831],[102.08474128212184,-0.8932928806378566],[102.08456178767175,-0.8932930324408072],[102.08456163688606,-0.8931123505289676],[102.08510012011864,-0.8931118951858508],[102.08509996933725,-0.8929312133659403],[102.08527946367835,-0.892931061598021],[102.08527961446845,-0.8931117433872169],[102.08545910878775,-0.8931115915797859],[102.08545925961712,-0.8932922733380619],[102.08563875391464,-0.8932921214911154],[102.08563890478327,-0.8934728032184693],[102.08581839905901,-0.8934726513320038],[102.08581870090534,-0.8938340147246601],[102.08545971228837,-0.8938343186116665],[102.08545986323983,-0.8940150003691268],[102.08528036887681,-0.8940151523301393],[102.08528067085382,-0.8943765159058807],[102.08510117644278,-0.8943766679195162],[102.0851013274683,-0.8945573497377952],[102.08492183301799,-0.8945575017733337],[102.08492213514309,-0.894918865470705],[102.08510162961092,-0.894918713373741],[102.0851019318756,-0.8952800770088696],[102.08492243739026,-0.8952802291672594],[102.08492258855964,-0.8954609110152301],[102.084743094035,-0.895461063195512],[102.08474324522612,-0.8956417450739893],[102.0843842560678,-0.895642049469508],[102.08438410489421,-0.8954613675296139],[102.08420461027806,-0.895461519683434],[102.08420476144288,-0.8956422016540342],[102.0838457721015,-0.8956425059966188],[102.08384562095421,-0.8954618239646128],[102.08366612624651,-0.8954619760919711],[102.08366597513849,-0.895281294029061],[102.08348648040905,-0.8952814461169001],[102.08348632934029,-0.8951007640230868],[102.08294784499525,-0.895101220141607],[102.08294754300178,-0.8947398557691977],[102.08276804817662,-0.8947400077296875],[102.08276789723439,-0.8945593255124853],[102.08240890751009,-0.8945596293456468],[102.08240875661585,-0.8943789470668629],[102.0825882514845,-0.894378795185376],[102.082588100612,-0.894198112937076],[102.0827675954414,-0.8941979610774686],[102.0827672937704,-0.8938365966416358],[102.0825877989585,-0.893836748439864],[102.0825876481775,-0.8936560661909518],[102.0822286584797,-0.8936563696996206],[102.08222835704414,-0.8932950050784372],[102.082048862167,-0.8932951567581987],[102.08204871150369,-0.8931144744166171],[102.08186921660479,-0.8931146260568965],[102.08186906598071,-0.8929339436844288],[102.08330502424818,-0.8929327305613721],[102.08330517494217,-0.8931134126883302],[102.0834846695971,-0.8931132609776705],[102.08348451889438,-0.8929325788814093],[102.08366401351006,-0.892932427192651],[102.08366416422153,-0.8931131092582139],[102.08384365881545,-0.8931129575299593],[102.08384426200134,-0.893835685667371]]],[[[102.08097264577538,-0.894199479277173],[102.08079315064111,-0.8941996310486983],[102.08079299988661,-0.8940189484933958],[102.08133148517172,-0.8940184932444163],[102.08133133442144,-0.8938378107809307],[102.08169032444162,-0.8938375072989349],[102.08169047520937,-0.8940181897010641],[102.08151098020579,-0.8940183414771435],[102.08151113099528,-0.8941990239097479],[102.08133163595247,-0.894199175707698],[102.0813317867637,-0.8943798581707754],[102.0809727965691,-0.8943801618015996],[102.08097264577538,-0.894199479277173]]],[[[102.07827931222685,-0.893117657014998],[102.0780998166881,-0.893117808470528],[102.07809966624754,-0.8929371254541388],[102.07827916177756,-0.8929369740292539],[102.07827901135872,-0.8927562910433064],[102.07863800230993,-0.8927559882284447],[102.07863785190406,-0.8925753053035892],[102.07881734732526,-0.8925751539136174],[102.07881779866042,-0.893117202595622],[102.07863830321303,-0.8931173540775449],[102.07863845371025,-0.8932980370017896],[102.07881794916639,-0.8932978854892162],[102.07881809970283,-0.8934785683826064],[102.07827961321681,-0.8934790229858747],[102.07827931222685,-0.893117657014998]]],[[[102.08061139748996,-0.8914895440004343],[102.08079089252364,-0.8914893926977677],[102.0807907422263,-0.8913087101394107],[102.08114973218478,-0.8913084075690784],[102.08114988249957,-0.8914890900660899],[102.08132937744183,-0.891488938737079],[102.08132967818031,-0.8918503036691415],[102.08079119320976,-0.8918507578138719],[102.08079104285147,-0.8916700752559212],[102.08061154780906,-0.8916702265892579],[102.08061139748996,-0.8914895440004343]]],[[[102.07468744447188,-0.8907717976601593],[102.07486694047542,-0.8907716467697329],[102.0748667905876,-0.8905909631993928],[102.075225782486,-0.8905906614534441],[102.07522608232694,-0.8909520284714654],[102.07504658637549,-0.8909521794100561],[102.07504673633288,-0.891132862949377],[102.07486724034231,-0.8911330139098039],[102.07486709039367,-0.8909523303398699],[102.07468759438139,-0.8909524812609075],[102.07468744447188,-0.8907717976601593]]],[[[102.08491476821902,-0.8860654546507736],[102.08545325024997,-0.886065002848467],[102.08545354955847,-0.8864263663806522],[102.08491506747548,-0.8864268183672454],[102.08491476821902,-0.8860654546507736]]],[[[102.08545100932788,-0.883354776331322],[102.08580999693619,-0.8833544760077101],[102.08580984776827,-0.883173794299724],[102.08634832892587,-0.8831733438412166],[102.08634877659898,-0.8837153886880608],[102.08652827028307,-0.8837152384256451],[102.08652856890177,-0.8840766015944128],[102.0867080625726,-0.8840764512618358],[102.08670836133074,-0.8844378143683387],[102.0865288676426,-0.8844379647623731],[102.08652901705882,-0.8846186463460506],[102.08563154811687,-0.8846193983391614],[102.08563169752033,-0.8848000800762534],[102.0854522036317,-0.8848002304794523],[102.0854520542369,-0.8846195487116423],[102.0852725603264,-0.8846196990754097],[102.08527241097077,-0.8844390172766815],[102.08509291703841,-0.8844391676010207],[102.08509246918061,-0.8838971221114826],[102.0849129752437,-0.883897272334972],[102.08491282602743,-0.8837165904740101],[102.08473333206865,-0.8837167406580819],[102.08473348127626,-0.8838974225497548],[102.0845539872783,-0.8838975727558311],[102.08455413650776,-0.8840782546780113],[102.08401565430488,-0.8840787053361164],[102.08401550510136,-0.8838980233218198],[102.08383601098136,-0.8838981734930693],[102.08383616017623,-0.8840788555380682],[102.08365666601708,-0.8840790057313113],[102.08365696448102,-0.8844403698821038],[102.08383645865747,-0.8844402196274603],[102.08383660794385,-0.8846209016718538],[102.08401610209846,-0.8846207513777965],[102.08401640078009,-0.8849821154045738],[102.08383690660814,-0.8849822657600351],[102.08383705598605,-0.8851629478038231],[102.08365756177496,-0.885163098181267],[102.08365771117471,-0.885343780255553],[102.08347821692445,-0.8853439306549765],[102.08347761954313,-0.8846212022338271],[102.08329812529699,-0.8846213525017431],[102.08329797603658,-0.8844406703652546],[102.08347747027405,-0.8844405201280352],[102.08347702264986,-0.8838984738094487],[102.08365651683086,-0.8838983236556125],[102.08365636767515,-0.8837176415797118],[102.08383586181701,-0.8837174914478689],[102.08383526546464,-0.8829947632650516],[102.08401475954142,-0.8829946132473113],[102.084014461531,-0.8826332492160973],[102.0838349674715,-0.8826333991724339],[102.08383481852069,-0.8824527171258226],[102.0841938065919,-0.8824524172658617],[102.08419395555998,-0.882633099251067],[102.08437344955846,-0.8826329492773426],[102.08437389667168,-0.883174995139634],[102.08419440264728,-0.8831751452054748],[102.08419455173741,-0.8833558271898742],[102.08437404577045,-0.8833556770933276],[102.08437419489974,-0.8835363590468204],[102.0845536889109,-0.8835362089108654],[102.08455353977298,-0.8833555269880801],[102.084733033745,-0.8833553768741309],[102.08473318289157,-0.8835360587662073],[102.08491267684171,-0.8835359086128461],[102.0849125276865,-0.8833552267514807],[102.08509202159748,-0.883355076620129],[102.08509127623596,-0.8824516674638424],[102.08491178236817,-0.8824518174416311],[102.08491163339608,-0.882271135579057],[102.08527062108384,-0.8822708356762141],[102.08527077007322,-0.8824515174773615],[102.08545026387998,-0.8824513674821882],[102.08545071105713,-0.882993412792273],[102.08527121722449,-0.8829935628795946],[102.08527136633595,-0.8831742446799363],[102.08545086017725,-0.8831740945618983],[102.08545100932788,-0.883354776331322]]],[[[102.08114240409802,-0.8824549649672422],[102.08078341499004,-0.882455264531659],[102.08078326621653,-0.8822745819631865],[102.08096276077711,-0.8822744322159961],[102.08096261202543,-0.8820937496779943],[102.08114210654692,-0.8820935999527862],[102.08114225530723,-0.8822742824601147],[102.08150124427601,-0.8822739829222801],[102.08150169079165,-0.8828160302590016],[102.08132219629658,-0.8828161801242954],[102.08132204743619,-0.8826354976482459],[102.08114255291929,-0.882635647474168],[102.08114240409802,-0.8824549649672422]]],[[[102.08131759579855,-0.8772150232733211],[102.08149709002667,-0.877214874359013],[102.0814972379812,-0.8773955568104082],[102.0816767321874,-0.8773954078567802],[102.0816765842243,-0.8772147254360637],[102.08185607839144,-0.8772145765044739],[102.08185622636313,-0.8773952588945098],[102.0822152146231,-0.8773949609440408],[102.08221536264246,-0.8775756432725101],[102.08257435079764,-0.8775753452260973],[102.08257449886467,-0.8777560274929931],[102.08311298089453,-0.8777555802664669],[102.08311283280175,-0.8775748980916447],[102.08329232674211,-0.8775747490295384],[102.08329277113774,-0.8781167954613203],[102.0825747950902,-0.8781173920261837],[102.0825749432487,-0.8782980742924786],[102.08239544915199,-0.8782982234427578],[102.08239574554328,-0.8786595880361215],[102.08221625139888,-0.8786597372391209],[102.08221654789494,-0.8790211018930546],[102.08239604205654,-0.8790209526286837],[102.08239619035892,-0.879201634924664],[102.08257568449862,-0.879201485620947],[102.08257583284009,-0.8793821678860388],[102.08293482104524,-0.8793818691912427],[102.08293467268656,-0.8792011869875314],[102.08311416673479,-0.8792010376578328],[102.083114018398,-0.8790203554846137],[102.08329351240714,-0.8790202061769496],[102.08329321580787,-0.8786588418912994],[102.08347270976928,-0.8786586926363698],[102.08347241327483,-0.8782973284113105],[102.0840108949245,-0.8782968807787916],[102.08401119147054,-0.8786582448196504],[102.08383169760062,-0.8786583941005455],[102.08383214262267,-0.8792004402524353],[102.08365264869646,-0.8792005896167752],[102.08365279708954,-0.8793812716977041],[102.08383229102436,-0.879381122302664],[102.08383243945657,-0.8795618043526923],[102.0845504149252,-0.8795612065630924],[102.08455026645858,-0.8793805246358823],[102.08472976024085,-0.8793803751975315],[102.08472946338193,-0.8790190114039277],[102.08490895711647,-0.8790188620183361],[102.08490880872418,-0.8788381801519438],[102.0850883024196,-0.8788380307884062],[102.08508815404926,-0.8786573489525265],[102.08526764770556,-0.8786571996110464],[102.0852674993571,-0.8784765178056798],[102.08544699297431,-0.8784763684862611],[102.08544684464779,-0.8782956867114106],[102.08580583177341,-0.8782953881080509],[102.08580598011713,-0.8784760698214642],[102.08598547364276,-0.8784759204760858],[102.08598577043897,-0.8788372838408679],[102.08616526395126,-0.8788371344253902],[102.08616541240374,-0.8790178160767573],[102.08670389278323,-0.8790173676862028],[102.08670404129208,-0.879198049245189],[102.08706302807627,-0.8791977502133981],[102.08706317663284,-0.8793784317107212],[102.0874221633121,-0.8793781325828194],[102.08742231191643,-0.8795588140184721],[102.08724281858346,-0.8795589636174896],[102.08724296720972,-0.8797396450836773],[102.08706347383762,-0.879739794704765],[102.0870636224858,-0.8799204762014858],[102.08652514216041,-0.8799209251049461],[102.0865252908133,-0.8801016066936572],[102.08634579730183,-0.8801017563415361],[102.08634624341785,-0.8806438011986445],[102.08616674985001,-0.880643950930029],[102.08616704739612,-0.8810053142285466],[102.0863465409812,-0.8810051644357119],[102.08634668980866,-0.8811858460539441],[102.08652618337184,-0.8811856962217043],[102.08652633223846,-0.8813663778090087],[102.08706481277066,-0.8813659281680197],[102.0870649616937,-0.8815466096629319],[102.08652648113562,-0.8815470593961119],[102.0865266300633,-0.8817277409830138],[102.08634713647425,-0.8817278909074338],[102.0863469875552,-0.8815472092898052],[102.08616749394423,-0.8815473591748149],[102.08616734506433,-0.88136667752626],[102.08580835776807,-0.8813669772087847],[102.08580791136328,-0.8808249320775792],[102.0859874050008,-0.8808247823328219],[102.08598695884487,-0.8802827372919714],[102.08616645242601,-0.8802825876307077],[102.08616615512415,-0.879921224330583],[102.08598666156023,-0.8799213739304],[102.08598651296369,-0.8797406922493133],[102.0854480321146,-0.8797411409046012],[102.08544788357442,-0.8795604591311547],[102.08526838990561,-0.8795606086348698],[102.08526824140456,-0.8793799268305065],[102.0849092539926,-0.8793802257505187],[102.08490940247644,-0.8795609076163089],[102.08472990871608,-0.8795610570940325],[102.08473005722183,-0.8797417389903333],[102.08455056342234,-0.8797418884901019],[102.08455071194999,-0.8799225704169105],[102.08437121811139,-0.8799227199387206],[102.08437166385158,-0.8804647658100636],[102.08419216995662,-0.8804649154153228],[102.08419261594558,-0.8810069613769737],[102.08383362801241,-0.8810072607456899],[102.08383377671919,-0.8811879427939107],[102.08365428269822,-0.8811880924959516],[102.08365383669532,-0.8806460462585866],[102.08383333069042,-0.8806458966486459],[102.08383318207518,-0.8804652145998224],[102.08401267603115,-0.8804650650119089],[102.0840125274378,-0.8802843829935866],[102.08419202135467,-0.8802842334277037],[102.08419172424227,-0.8799228694518634],[102.08401223034264,-0.8799230189563387],[102.08401208184081,-0.8797423369374138],[102.08383258791929,-0.8797424864025198],[102.0838327364125,-0.8799231684521466],[102.08311476038689,-0.8799237663487031],[102.08311490887617,-0.8801044485209186],[102.0829354147849,-0.8801045980040818],[102.08293571183773,-0.8804659624092969],[102.08275621769874,-0.8804661119451732],[102.0827560691657,-0.8802854297119749],[102.08239708081346,-0.8802857286963317],[102.08239693232814,-0.8801050464015556],[102.08167895529222,-0.880105644143483],[102.0816791037431,-0.880286326560992],[102.08132011502501,-0.8802866254412953],[102.08132026348912,-0.8804673079199591],[102.08114076907573,-0.8804674573777792],[102.08114062062023,-0.8802867748684402],[102.08078163171925,-0.8802870736967165],[102.08078178015752,-0.8804677562674007],[102.0806022856527,-0.880467905699202],[102.08060213722304,-0.8802872230978479],[102.0802431481392,-0.8802875218740973],[102.08024299975725,-0.8801068392112082],[102.08042249430578,-0.8801066898580856],[102.08042234594568,-0.8799260072256619],[102.08060184045513,-0.879925857894538],[102.08060169211689,-0.8797451752925821],[102.08149916416397,-0.879744428660314],[102.08149901581316,-0.8795637462115243],[102.08167851012253,-0.8795635968897519],[102.08167865848195,-0.8797442793078631],[102.08185815276944,-0.8797441299467463],[102.08185830116796,-0.879924812333976],[102.08203779543356,-0.8799246629335111],[102.08203764702644,-0.8797439805769636],[102.08221714125295,-0.8797438311985153],[102.08221699286771,-0.8795631488724508],[102.08203749864981,-0.8795632982202154],[102.08203735030366,-0.8793826158632663],[102.08185785606388,-0.8793827651716846],[102.08185770775682,-0.8792020827838528],[102.08167821349515,-0.879202232052928],[102.08167806522721,-0.8790215496342153],[102.08149857094364,-0.8790216988639513],[102.08149842271477,-0.8788410164143592],[102.08131892840933,-0.8788411656047597],[102.08131878021955,-0.8786604831242901],[102.08113928589223,-0.8786606322753586],[102.08113943407342,-0.8788413147865032],[102.08078044531015,-0.8788416131240195],[102.08078059350463,-0.8790222956963091],[102.08006261557797,-0.8790228923901271],[102.08006217118918,-0.8784808443046522],[102.08024166569075,-0.8784806952361794],[102.0802415176135,-0.878300012571285],[102.080421012076,-0.8782998635248248],[102.08042116016185,-0.8784805461590529],[102.08060065460248,-0.8784803970732731],[102.0806008027274,-0.8786610796766331],[102.08078029714616,-0.87866093055153],[102.08078014901264,-0.8784802479788398],[102.08095964339232,-0.8784800988757535],[102.08095934719952,-0.8781187337911152],[102.08077985283704,-0.8781188828328587],[102.08077955678334,-0.8777575176860761],[102.08095905112864,-0.8777573687056759],[102.08095875517967,-0.8773960036194357],[102.08113824947732,-0.8773958546917358],[102.08113795363309,-0.8770344896660415],[102.08095845935262,-0.8770346385323947],[102.0809583114848,-0.8768539559885741],[102.08077881718242,-0.8768541048156164],[102.08077866935368,-0.8766734222409245],[102.08131715214363,-0.8766729758259051],[102.08131700431962,-0.8764922933430329],[102.0814964985134,-0.8764921445514323],[102.081496646346,-0.8766728270036276],[102.08167614051787,-0.8766726781727144],[102.08167628838953,-0.8768533605940309],[102.08149679420907,-0.8768535094556227],[102.08149694210262,-0.8770341919074178],[102.08131744788311,-0.8770343407910492],[102.08131759579855,-0.8772150232733211]]],[[[102.08257272407302,-0.8755878402770384],[102.08239323010504,-0.8755879889670037],[102.08239308241251,-0.8754073066670206],[102.08221358842259,-0.8754074553176754],[102.08221373610654,-0.8755881376483443],[102.08149575980771,-0.8755887322874578],[102.08149590748788,-0.8757694147406525],[102.08131641332838,-0.8757695634095453],[102.08131656103046,-0.8759502458932171],[102.08095757260291,-0.8759505432664718],[102.08095742491797,-0.8757698607214517],[102.08113691913842,-0.8757697120698118],[102.08113662384282,-0.8754083470405191],[102.08131611801566,-0.875408198441603],[102.08131597040502,-0.8752275159573322],[102.08203394675728,-0.8752269215981544],[102.08203379914286,-0.8750462392364018],[102.08221329314614,-0.8750460906557385],[102.08221299799166,-0.8746847259930026],[102.08293097363136,-0.8746841318296606],[102.0829311212276,-0.8748648140383745],[102.08311061506986,-0.8748646654453063],[102.08311091037095,-0.8752260298007495],[102.0827519226217,-0.8752263271010361],[102.08275207030087,-0.8754070093398421],[102.08257257637193,-0.8754071580077429],[102.08257272407302,-0.8755878402770384]]],[[[102.0816726007437,-0.8723363000012145],[102.08185209467972,-0.8723361518979962],[102.08185224182827,-0.8725168342934206],[102.08221122962591,-0.8725165379998391],[102.08221137682202,-0.8726972203336987],[102.08292935208556,-0.872696627520647],[102.08292949934632,-0.8728773097315536],[102.08275000556765,-0.8728774579784022],[102.08275015285037,-0.8730581402198008],[102.08203217739653,-0.87305873324396],[102.08203203014797,-0.8728780508798148],[102.08185253621683,-0.8728781990836726],[102.0818523890073,-0.8726975166886461],[102.08167289505421,-0.8726976648532256],[102.08167274788372,-0.8725169824273197],[102.08131375990317,-0.8725172786693335],[102.08131361278022,-0.8723365961818729],[102.08113411875276,-0.872336744259313],[102.08113426586716,-0.8725174267774486],[102.08095477180068,-0.8725175748769688],[102.08095491893702,-0.8726982574255785],[102.08113441301204,-0.8726981092953849],[102.08113470739325,-0.8730594743306603],[102.08095521330115,-0.8730596225222008],[102.08095536052892,-0.8732403050702131],[102.08059637223619,-0.873240601488835],[102.08059651947735,-0.8734212840979892],[102.08041702527674,-0.8734214323250653],[102.08041731983337,-0.8737827976041125],[102.0802378255852,-0.8737829458839174],[102.08023797290068,-0.8739636285538082],[102.08005847861347,-0.8739637768556704],[102.08005862595087,-0.874144459556026],[102.07952014288075,-0.8741449045019417],[102.07951999556903,-0.8739642217096035],[102.07934050115995,-0.8739643699770302],[102.07934035388722,-0.8737836871538354],[102.07880187050287,-0.8737841318125],[102.07880157610009,-0.8734227659815902],[102.07898107057491,-0.8734226178319462],[102.07898092341065,-0.8732419349468444],[102.07933991225181,-0.873241638683055],[102.07933976510093,-0.8730609558590631],[102.07951925946728,-0.8730608077449228],[102.07951896523983,-0.8726994421576566],[102.07969845955861,-0.8726992940962343],[102.0796980184203,-0.8721572458058189],[102.07951852412712,-0.8721573937752641],[102.07951837715048,-0.8719767109807353],[102.07987736568931,-0.871976415094574],[102.07987721872607,-0.8717957323611663],[102.08005671294124,-0.8717955844358639],[102.08005656599994,-0.8716149017329198],[102.08023606017612,-0.8716147538296944],[102.08023635410626,-0.8719761191740552],[102.08041584826903,-0.8719759712009116],[102.08041599528835,-0.8721566538421275],[102.08077498353954,-0.8721563578087352],[102.08077483650317,-0.8719756752288571],[102.08167230655512,-0.8719749351484075],[102.0816726007437,-0.8723363000012145]]],[[[102.07718509554424,-0.8721593165962545],[102.07700560082472,-0.8721594644454231],[102.07700530714082,-0.8717980979980878],[102.07736429651527,-0.8717978024136994],[102.07736444335906,-0.8719784855761965],[102.07754393800917,-0.8719783377404832],[102.07754408489193,-0.8721590208721436],[102.07772357952011,-0.8721588729972015],[102.07772372644186,-0.8723395560980236],[102.07718524244038,-0.8723399997889896],[102.07718509554424,-0.8721593165962545]]],[[[102.07503057003089,-0.8714383559763583],[102.07503027677807,-0.8710769888537179],[102.07520977178112,-0.8710768412827405],[102.07520962519182,-0.8708961577517367],[102.07574810999292,-0.8708957150791746],[102.07574869663495,-0.8716184488345804],[102.07556920169758,-0.8716185965231594],[102.07556905499996,-0.8714379130539861],[102.07538956004069,-0.8714380607033612],[102.07538941338203,-0.8712573772033712],[102.07520991840084,-0.8712575248135456],[102.075210065051,-0.871438208344152],[102.07503057003089,-0.8714383559763583]]],[[[102.07305612280231,-0.8714399793640719],[102.0730559762545,-0.8712592954662088],[102.07323547160061,-0.8712591479590239],[102.07323517857911,-0.8708977802238919],[102.07377366438386,-0.8708973378344326],[102.07377410403843,-0.8714393891614464],[102.07305612280231,-0.8714399793640719]]],[[[102.08418463015647,-0.8712501337915289],[102.0840051366681,-0.8712502818222323],[102.08400498963066,-0.8710695997937188],[102.08364600257946,-0.8710698957679777],[102.08364570863019,-0.8707085315875512],[102.08346621507587,-0.8707086795004139],[102.08346606815552,-0.8705279973792047],[102.08328657457922,-0.8705281452527942],[102.08328642769789,-0.8703474631006898],[102.08310693409959,-0.8703476109350097],[102.08310678725726,-0.8701669287520122],[102.08364526793507,-0.8701664853154218],[102.08364541480293,-0.8703471674063301],[102.08382490830971,-0.8703470195462906],[102.08382505521661,-0.8705277016063006],[102.08400454870139,-0.870527553706986],[102.08400484262371,-0.8708889177650068],[102.08418433609505,-0.8708887697957102],[102.08418463015647,-0.8712501337915289]]],[[[102.0829271468337,-0.8699863943331773],[102.08220917208176,-0.8699869853049258],[102.08220931885101,-0.8701676676415679],[102.08185033127505,-0.8701679631373904],[102.08185018452284,-0.869987280739382],[102.08167069069763,-0.8699874284437559],[102.08167039730168,-0.8696260635857826],[102.08184989110984,-0.8696259159427697],[102.08184974444907,-0.869445233544166],[102.08202923821824,-0.8694450859232692],[102.08202909157946,-0.8692644035551491],[102.08184959781879,-0.8692645511453638],[102.081849451219,-0.8690838687463636],[102.08166995743635,-0.8690840162973356],[102.08167010402764,-0.8692646987270163],[102.081490610206,-0.8692648463001059],[102.08149075681928,-0.8694455287602668],[102.08131126295864,-0.8694456763554707],[102.08131140959387,-0.8696263588461101],[102.08113191569426,-0.8696265064634247],[102.08113220903915,-0.8699878715054583],[102.0813117029558,-0.8699877238267938],[102.08131184968248,-0.8701684063168381],[102.08113235575733,-0.8701685540261775],[102.08113250250598,-0.8703492365466982],[102.08095300854183,-0.8703493842781395],[102.08095271509204,-0.8699880191755535],[102.08077322111444,-0.8699881668370784],[102.08077263461463,-0.8692654365068387],[102.0805931406406,-0.8692655840371155],[102.08059299410036,-0.8690849014233901],[102.08113147590551,-0.8690844588988864],[102.08113132937022,-0.8689037763769771],[102.08131082323581,-0.8689036288823627],[102.0813106767225,-0.8687229463909302],[102.0814901705491,-0.8687227989184335],[102.08149002405777,-0.8685421164574794],[102.08220799902537,-0.868541526604645],[102.0822081455507,-0.868722208942874],[102.08202865184602,-0.8687223564495997],[102.08202894497116,-0.8690837211868309],[102.08220843869283,-0.8690835736187376],[102.08220858530963,-0.8692642559563719],[102.08292655992543,-0.8692636654756372],[102.0829271468337,-0.8699863943331773]]],[[[102.0795163226762,-0.8694471518364687],[102.07933682848036,-0.8694472993374641],[102.07933668196918,-0.8692666165092994],[102.0791571877514,-0.869266763971075],[102.0791570412792,-0.8690860811120564],[102.08023400607787,-0.8690851963969218],[102.08023415260111,-0.8692658790719812],[102.08005465853566,-0.86926602657657],[102.08005480508088,-0.8694467092820956],[102.07987531097645,-0.8694468568087845],[102.07987545754362,-0.8696275395447739],[102.07951646922635,-0.8696278346337781],[102.0795163226762,-0.8694471518364687]]],[[[102.10162492866041,-0.9066488163063443],[102.10144543643486,-0.9066489712212561],[102.1014457442821,-0.9070103292249942],[102.10126625200813,-0.9070104841927255],[102.10126640596889,-0.9071911632251586],[102.10108691365537,-0.9071913182148292],[102.10108706763792,-0.9073719972779284],[102.10072808290109,-0.9073723072922043],[102.10072792893627,-0.9071916281673638],[102.10054843653072,-0.9071917831302277],[102.10054828260544,-0.9070111039743123],[102.10072777500213,-0.9070109490423163],[102.10072746722587,-0.9066495907915999],[102.10090695957413,-0.9066494359124092],[102.10090680572314,-0.9064687568176095],[102.10108629803186,-0.90646860196036],[102.10108614420268,-0.906287922896225],[102.10126563647184,-0.9062877680609202],[102.10126548266446,-0.9061070890274514],[102.1018039592613,-0.9061066245606071],[102.101803805458,-0.9059259456195611],[102.10216278968474,-0.9059256359921366],[102.10216294350576,-0.9061063148714205],[102.10198345139888,-0.9061064697204761],[102.10198360524171,-0.9062871486304345],[102.10180411309527,-0.9062873035014456],[102.10180426695993,-0.9064679824420774],[102.10162477477392,-0.9064681373350407],[102.10162492866041,-0.9066488163063443]]],[[[102.10287968163404,-0.904660265334254],[102.1030591735166,-0.9046601106877016],[102.10305932716705,-0.9048407894139964],[102.10287983527564,-0.9048409440914398],[102.10287998894795,-0.9050216228484188],[102.10252100505534,-0.9050219322383448],[102.10252085140074,-0.9048412534195897],[102.10234135941725,-0.9048414080702959],[102.10234120580219,-0.9046607292204478],[102.10252069777682,-0.904660574600627],[102.1025205441836,-0.904479895781458],[102.10270003611869,-0.9044797411836141],[102.10269972900664,-0.904118383606431],[102.10287922089334,-0.9041182290614568],[102.10287906737452,-0.9039375503034442],[102.10305855922168,-0.9039373957804556],[102.10305825225839,-0.9035760383255933],[102.10359672756265,-0.9035755748885734],[102.10359718813321,-0.9041176107925073],[102.10341769636929,-0.9041177653731023],[102.10341784994536,-0.9042984440382299],[102.10305886630773,-0.9042987532344916],[102.10305901989682,-0.9044794319612001],[102.1028795280231,-0.9044795865768617],[102.10287968163404,-0.904660265334254]]],[[[102.10377575894857,-0.9030333845786693],[102.1035962672684,-0.9030335389827814],[102.1035961138984,-0.9028528603471045],[102.10377560556972,-0.9028527059738904],[102.10377545222158,-0.9026720273689054],[102.1039549438534,-0.9026718730176982],[102.10395463723155,-0.9023105158689091],[102.10449311188971,-0.9023100529473628],[102.10449341856452,-0.9026714099107316],[102.10431392702485,-0.9026715642886114],[102.10431423380484,-0.9030329213129658],[102.10413474221679,-0.9030330757437615],[102.10413489564401,-0.9032137542865325],[102.10377591235813,-0.9032140631832419],[102.10377575894857,-0.9030333845786693]]],[[[102.1000050495843,-0.9014105119103719],[102.09982555733922,-0.901410665849952],[102.09982586324818,-0.9017720244212923],[102.0996463709548,-0.9017721784137116],[102.09964652394645,-0.9019528577299317],[102.09946703161357,-0.9019530117443258],[102.09946687863074,-0.9017723323972482],[102.09928738627603,-0.9017724863719032],[102.09928692753796,-0.9012304482368699],[102.09910743517905,-0.9012306021100818],[102.0991072823365,-0.9010499227004717],[102.09892778995575,-0.9010500765339551],[102.09892748438027,-0.9006887176524152],[102.09874799198649,-0.9006888714153232],[102.09874783925353,-0.9005081919433943],[102.09838885439166,-0.9005084993809016],[102.09838870170698,-0.9003278198470723],[102.09928616358772,-0.9003270513410309],[102.09928677468659,-0.9010497688581136],[102.09946626700602,-0.9010496150068802],[102.09946641986622,-0.9012302943547812],[102.09964591216381,-0.9012301404638157],[102.0996457592948,-0.9010494611467714],[102.10000474378035,-0.9010491533999289],[102.1000050495843,-0.9014105119103719]]],[[[102.0956972272425,-0.9014142040097691],[102.09533824125079,-0.9014145114538705],[102.09533808856278,-0.9012338313969546],[102.09497910246624,-0.9012341387439139],[102.09497849209097,-0.9005114182676832],[102.09515798511929,-0.9005112647218922],[102.095158137676,-0.9006919448104462],[102.09533763068251,-0.900691791224971],[102.09533778327865,-0.9008724712825043],[102.09551727626337,-0.9008723176573412],[102.09551742889894,-0.9010529976838529],[102.09569692186184,-0.9010528440189984],[102.0956972272425,-0.9014142040097691]]],[[[102.09695291371823,-0.9005097287761371],[102.09695276110403,-0.9003290489956012],[102.09731174643863,-0.9003287417616774],[102.0973120517329,-0.9006901011992114],[102.09713255906328,-0.900690254882275],[102.09713271174758,-0.9008709346315676],[102.09695321903853,-0.9008710883365915],[102.09695306636306,-0.9006904085564675],[102.09677357363218,-0.900690562221788],[102.09677342099617,-0.9005098824106272],[102.09695291371823,-0.9005097287761371]]],[[[102.0921018900334,-0.8949127747163701],[102.09210204149204,-0.8950934553348495],[102.09228153474648,-0.8950933028544997],[102.09228138327907,-0.8949126222668043],[102.09246087649414,-0.8949124698084235],[102.09246072504858,-0.8947317892513097],[102.09264021822432,-0.8947316368149015],[102.09264006680057,-0.8945509562883709],[102.09281955993696,-0.894550803873939],[102.09281986283253,-0.8949121648652177],[102.09299935595583,-0.8949120123803924],[102.09299950745826,-0.895092692844934],[102.09353798667084,-0.8950922352451852],[102.09353783514213,-0.8949115548730275],[102.09371732814301,-0.8949114023529428],[102.09371747968048,-0.8950920826943022],[102.09389697265954,-0.8950919301346026],[102.09389712423638,-0.8952726104449578],[102.09407661719356,-0.8952724578456397],[102.09407646560798,-0.8950917775660865],[102.09425595852582,-0.8950916249887539],[102.09425580696208,-0.8949109447397996],[102.09443529984055,-0.8949107921844557],[102.09443514829866,-0.8947301119661026],[102.09479413394625,-0.8947298068905861],[102.09479398241747,-0.8945491267336448],[102.09515296792509,-0.8945488216844997],[102.09515311947139,-0.8947295017798179],[102.09533261218803,-0.8947293492112143],[102.0953327637737,-0.8949100292755141],[102.09569174913261,-0.8949097240502341],[102.09569190076641,-0.8950904040526956],[102.0964098711518,-0.8950897933730695],[102.09641002285127,-0.8952704732520376],[102.0962305302921,-0.8952706259659937],[102.09623068201344,-0.8954513058755821],[102.0960511894149,-0.8954514586115431],[102.09605103770231,-0.8952707786711317],[102.09569205243085,-0.8952710840549524],[102.09569220412588,-0.895451764057005],[102.09515372596273,-0.8954522221590473],[102.09515342265583,-0.8950908619698414],[102.09497392989105,-0.8950910145912571],[102.09497377829229,-0.894910334465535],[102.09479428550564,-0.8949104870473233],[102.09479443709566,-0.8950911672038563],[102.09461494426967,-0.8950913198076385],[102.09461524752402,-0.8954526801817085],[102.09479474036753,-0.8954525275163081],[102.09479489204939,-0.8956332076722279],[102.09461539919711,-0.8956333603684371],[102.09461585440006,-0.8961754009273946],[102.0930004171154,-0.896176775627891],[102.09300056883203,-0.896357456091001],[102.09282107563862,-0.8963576088221554],[102.09282137914609,-0.8967189698093437],[102.09264188590454,-0.8967191225932478],[102.09264203769541,-0.8968998031173245],[102.09282153094574,-0.8968996503026313],[102.09282168277596,-0.8970803307957135],[102.09300117600448,-0.8970801779413948],[102.09300147977427,-0.8974415388653629],[102.09318097298974,-0.8974413859406223],[102.09318142890028,-0.8979834272326584],[102.0933609221115,-0.8979832742066937],[102.09336107415166,-0.8981639546061678],[102.09354056734108,-0.8981638015405612],[102.09354117584292,-0.89888652301322],[102.09336168261834,-0.8988866762020125],[102.0933618348115,-0.8990673566004609],[102.09300284825295,-0.8990676630130711],[102.09300300045912,-0.8992483434729018],[102.09282350712515,-0.8992484966967146],[102.09282365935313,-0.899429177187131],[102.09264416597975,-0.8994293304328755],[102.09264431822952,-0.899610010953876],[102.09246482481676,-0.8996101642215488],[102.09246558648044,-0.9005135669774075],[102.09264507993724,-0.9005134135557968],[102.09264523237057,-0.9006940940755641],[102.0928247258056,-0.9006939406142939],[102.09282487827832,-0.900874621103066],[102.09318386507421,-0.9008743140923259],[102.09318371258385,-0.9006936336651378],[102.09336320592708,-0.9006934801772519],[102.09336335842625,-0.9008741605736452],[102.09372234503853,-0.9008738535096632],[102.09372219252172,-0.9006931731748649],[102.09390168577313,-0.900693019660364],[102.09390153327813,-0.9005123393561594],[102.09426051967151,-0.9005120323621476],[102.09426067218416,-0.9006927126047461],[102.09444016534376,-0.9006925590636295],[102.09444031789582,-0.9008732392752169],[102.09426082472741,-0.9008733928471391],[102.09426112990573,-0.9012347533313078],[102.09444062309178,-0.9012345996977748],[102.0944409284102,-0.9015959601195095],[102.0942614352065,-0.9015961138146533],[102.09426128254083,-0.9014154335730834],[102.09408178931534,-0.901415587228543],[102.0940819419722,-0.9015962675009163],[102.09390244870733,-0.9015964211782989],[102.09390229605927,-0.9014157408751232],[102.0933638161074,-0.9014162017615912],[102.09336366351641,-0.9012355213658153],[102.09300467674646,-0.9012358285174783],[102.09300482931981,-0.901416508974842],[102.09282533588011,-0.901416662568149],[102.0928251833156,-0.9012359820799937],[102.09264568985412,-0.9012361356336326],[102.09264584240982,-0.9014168161525771],[102.09210736181541,-0.9014172768525874],[102.09210751437524,-0.9015979574636839],[102.0917485271417,-0.9015982646141919],[102.0917483745995,-0.9014175839415327],[102.09156888094569,-0.9014177374726868],[102.09156903347906,-0.9015984181761247],[102.09138953978582,-0.9015985717291768],[102.09139030286727,-0.9025019753971636],[102.09156979660465,-0.9025018216902266],[102.09157035948088,-0.9031674990188285],[102.09013404948868,-0.9027440781540752],[102.09013399849576,-0.9026837320451797],[102.08992993858888,-0.9026839067327476],[102.08959543293538,-0.9025852952395191],[102.08959460117183,-0.9016001067712538],[102.0894151071423,-0.9016002602266171],[102.0894149547148,-0.9014195791539724],[102.08923546066353,-0.9014197325696993],[102.08923561308221,-0.9016004136730993],[102.08869713071859,-0.9016008739592607],[102.08869728314136,-0.9017815551547108],[102.0883382947285,-0.9017818620292423],[102.0883379899488,-0.9014204995151458],[102.0881584957142,-0.9014206528775978],[102.08815834337899,-0.901239971589496],[102.08797884912265,-0.9012401249123255],[102.08797900144904,-0.9014208062311704],[102.08779950715333,-0.9014209595758637],[102.08779965950144,-0.9016016409252446],[102.08762016516638,-0.9016017942917985],[102.0876203175362,-0.901782475671713],[102.08744082316177,-0.9017826290601239],[102.08744067080076,-0.9016019476494717],[102.0872611764046,-0.901602100998264],[102.08726102408295,-0.9014214195566698],[102.08708152966508,-0.9014215728658467],[102.0870816819779,-0.9016022543381751],[102.08690218752066,-0.9016024076692054],[102.08690203521667,-0.9014217261661444],[102.08672254073771,-0.9014218794575628],[102.08672238847306,-0.901241197923566],[102.08654289397239,-0.9012413511753766],[102.0865427417471,-0.9010606696104445],[102.08636324722471,-0.9010608228226502],[102.08636279075847,-0.90051877803444],[102.086183296232,-0.9005189311455941],[102.08618314414646,-0.9003382495183876],[102.08636263866413,-0.9003380964379588],[102.08636157485859,-0.89907332525684],[102.0865410692841,-0.8990731723826322],[102.0865409174252,-0.8988924908152354],[102.08725889478667,-0.8988918793527704],[102.08725874292313,-0.898711197908095],[102.08743823717835,-0.8987110450510789],[102.08743808533656,-0.8985303636369341],[102.08725859109013,-0.8985305164632141],[102.08725798406356,-0.8978077906816407],[102.08815545481448,-0.8978070270765245],[102.08815530309026,-0.8976263457843168],[102.08833479714004,-0.8976261930675077],[102.08833464543758,-0.8974455118058398],[102.08815515139659,-0.897445664491904],[102.08815484810093,-0.8970843019064637],[102.08833434212433,-0.8970841492818893],[102.08833419051355,-0.896903468019607],[102.08851368449763,-0.8969033154169427],[102.0885135329086,-0.896722634185202],[102.08869302685336,-0.8967224816044518],[102.08869287528613,-0.896541800403255],[102.08851338135014,-0.896541952953257],[102.08851322982224,-0.8963612717211072],[102.08833373586447,-0.8963614242315315],[102.08833388738361,-0.896542105494428],[102.08797489935888,-0.8965424105502766],[102.08797474785729,-0.8963617292258921],[102.08761575972791,-0.8963620341849355],[102.08761545685144,-0.8960006714125918],[102.08743596275848,-0.8960008238173938],[102.08743581137483,-0.8958201424001774],[102.08725631726007,-0.895820294765418],[102.08725616591573,-0.8956396133172612],[102.08671768341456,-0.8956400702678418],[102.08671753212705,-0.8954593887272833],[102.0865380379077,-0.8954595409957701],[102.08653788665949,-0.8952788594242784],[102.08689687505014,-0.8952785549399436],[102.08689672381495,-0.8950978734297073],[102.08707621795571,-0.8950977212050443],[102.08707636919968,-0.8952784026845483],[102.08725586331866,-0.895278250420334],[102.08725571206595,-0.8950975689715641],[102.08761470019479,-0.8950972644781537],[102.08761485146502,-0.8952779458654501],[102.08815333345548,-0.8952774889669839],[102.08815348478257,-0.8954581702618521],[102.08851247264097,-0.8954578655572902],[102.08851262401612,-0.8956385467904623],[102.08887161176985,-0.8956382419891205],[102.08887146037718,-0.8954575608174467],[102.08905095419944,-0.8954574084342944],[102.08905065148824,-0.8950960461518377],[102.08887115768349,-0.8950961984734859],[102.08887100638248,-0.8949155173011992],[102.08905050017847,-0.8949153650103027],[102.08905034889928,-0.8947346838685635],[102.08922984265594,-0.8947345315996058],[102.08922969139854,-0.894553850488416],[102.08940918511591,-0.8945536982414006],[102.08940903388032,-0.8943730171607622],[102.0901270084091,-0.8943724082076255],[102.09012731098088,-0.8947337701226186],[102.09030680455416,-0.8947336178007814],[102.09030710726573,-0.8950949796534287],[102.09048660082595,-0.8950948272612458],[102.09048675223636,-0.8952755081564967],[102.09066624577477,-0.8952753557247293],[102.09066609435561,-0.8950946748602465],[102.09084558785469,-0.8950945224504303],[102.09084543645734,-0.894913841616513],[102.09102492991711,-0.8949136892286514],[102.09102432459848,-0.8941909660140251],[102.09120381799265,-0.8941908137404418],[102.09120396928517,-0.8943714945136316],[102.09138346265752,-0.8943713422004658],[102.09138361398938,-0.8945520229426761],[102.09156310733988,-0.8945518705899236],[102.09156325871109,-0.8947325513011528],[102.09174275203975,-0.8947323989088105],[102.0917429034503,-0.8949130795890569],[102.0921018900334,-0.8949127747163701]]],[[[102.10413000120364,-0.8974320408157055],[102.1044889838029,-0.8974317338612813],[102.10448913629577,-0.8976124123486222],[102.1046686275581,-0.8976122588272443],[102.10466893265354,-0.8979736157394972],[102.10484842390275,-0.8979734621474607],[102.10484872913861,-0.8983348189970751],[102.10413076388721,-0.8983354335594003],[102.1041306112891,-0.8981547550110716],[102.10395111990826,-0.8981549085986309],[102.10395096734963,-0.8979742300191959],[102.10377147594687,-0.8979743835670089],[102.10377162849673,-0.8981550621773436],[102.10359213705449,-0.8981552157472104],[102.10359244222872,-0.8985165730290604],[102.1034129507382,-0.8985167266518725],[102.10341310336257,-0.8986974053233858],[102.10323361183256,-0.8986975589682424],[102.10323406986349,-0.8992395950742333],[102.10305457827639,-0.8992397488029158],[102.10305503655721,-0.8997817849997349],[102.1032345281707,-0.8997816311783745],[102.10323468100118,-0.8999623098793438],[102.10305518937886,-0.8999624637315969],[102.10305549511428,-0.9003238211947037],[102.10287600344365,-0.9003239750998744],[102.10287615634861,-0.9005046538620101],[102.10305564802803,-0.9005044999259488],[102.10305580097248,-0.9006851786569878],[102.10341478425688,-0.9006848706964686],[102.10341509027313,-0.9010462280343547],[102.10359458188691,-0.9010460739789958],[102.10359473494991,-0.9012267526167341],[102.10413320963347,-0.9012262903047082],[102.10413336275361,-0.9014069688495406],[102.10431285426222,-0.9014068146968751],[102.10431316061228,-0.9017681717241165],[102.10413366908604,-0.9017683259385885],[102.10413382229831,-0.9019490044828031],[102.10395433073255,-0.9019491587192949],[102.10395417752909,-0.9017684801441783],[102.10341570267401,-0.9017689427076566],[102.10341554952775,-0.9015882640396401],[102.10305656615517,-0.9015885723090948],[102.10305671928381,-0.901769251038898],[102.10287722754266,-0.9017694051911959],[102.10287707442284,-0.9015887264305014],[102.1025180908661,-0.9015890346466745],[102.10251824396826,-0.9017697134691451],[102.10233875213503,-0.9017698675947964],[102.10233921159917,-0.9023119041536293],[102.10215971970878,-0.9023120583630504],[102.10215987291605,-0.9024927372464656],[102.10198038098612,-0.9024928914778809],[102.10198068747505,-0.9028542493058577],[102.10180119549678,-0.9028544035901441],[102.10180134877844,-0.9030350825347034],[102.10108338052318,-0.9030356997064242],[102.10108292087627,-0.9024936625016184],[102.10126241295961,-0.9024935083146493],[102.10126225979648,-0.9023128292768415],[102.10144175184031,-0.9023126751118583],[102.10144190501225,-0.9024933541187912],[102.10162139703422,-0.9024931999140434],[102.10162124385346,-0.9023125209379874],[102.10180073583591,-0.9023123667552291],[102.10180042954875,-0.9019510088642547],[102.10197992148287,-0.9019508547343695],[102.10197976837651,-0.9017701758194531],[102.1018002764512,-0.9017703299184581],[102.10180012338434,-0.9015896509724561],[102.10162063143719,-0.9015898050317008],[102.10162047840981,-0.9014091260546135],[102.10144098644079,-0.9014092800741013],[102.10144083345294,-0.9012286010659318],[102.10072286530534,-0.9012292169316074],[102.1007225594922,-0.9008678586676733],[102.10108154359209,-0.900867550876071],[102.10108139071389,-0.900686871805536],[102.101260882709,-0.9006867179272978],[102.10126103559601,-0.9008673969669597],[102.10144052756925,-0.9008672430489753],[102.10144068049576,-0.9010479220575561],[102.10162017244713,-0.9010477680998221],[102.10162032541314,-0.9012284470773211],[102.10179981734265,-0.9012282930798332],[102.10179966436783,-0.9010476141332128],[102.10197915625785,-0.9010474601577284],[102.1019790033049,-0.9008667812417828],[102.10233798697524,-0.9008664733259547],[102.10233783403535,-0.900685794471569],[102.10251732581568,-0.9006856405312308],[102.10251717289766,-0.9005049617075245],[102.10233768112616,-0.900505115616977],[102.10233752824765,-0.9003244367621792],[102.10215803645426,-0.9003245906318785],[102.10215757802928,-0.8997825539736003],[102.10197808623163,-0.8997827077417858],[102.10197793349347,-0.8996020288244001],[102.10179844167394,-0.8996021825528429],[102.10179859440328,-0.8997828615011089],[102.10143961065455,-0.8997831689931672],[102.10143976339697,-0.8999638480029827],[102.10126027146777,-0.8999640017665929],[102.10126011873416,-0.8997833227259024],[102.10108062678309,-0.8997834764497751],[102.10108047408896,-0.8996027973780061],[102.10090098211602,-0.8996029510621448],[102.10090113480135,-0.8997836301647854],[102.10036265867208,-0.89978409125664],[102.10036235338491,-0.8994227328659476],[102.10072133746655,-0.8994224256037078],[102.10072118485138,-0.8992417464697867],[102.1009006768374,-0.8992415928562476],[102.10090037168148,-0.8988802346495285],[102.10072087971305,-0.8988803882013283],[102.10072057469742,-0.898519029932049],[102.1005410827159,-0.8985191834132601],[102.1005409302629,-0.8983385042474449],[102.10036143825951,-0.8983386576889397],[102.10036128584595,-0.898157978492053],[102.09964331756089,-0.8981585920461029],[102.09964286060968,-0.897616554083875],[102.09982235270057,-0.8976164008012089],[102.09982189599897,-0.8970743629297113],[102.10018088003612,-0.8970740565230239],[102.10018072784604,-0.8968933772938374],[102.10053971174294,-0.8968930709135365],[102.10053955956597,-0.8967123917458751],[102.10089854332264,-0.8967120853919748],[102.10089869551716,-0.8968927644978988],[102.10107818735827,-0.8968926112768288],[102.1010784918569,-0.8972539694263194],[102.10125798368487,-0.8972538161346694],[102.10125813598897,-0.897434495178234],[102.10107864415221,-0.8974346485007573],[102.1010789488349,-0.8977960066490177],[102.10125844068924,-0.8977958532647482],[102.10125859308538,-0.897976532307698],[102.10161757671956,-0.8979762254508792],[102.10161742430584,-0.897795546469681],[102.10179691606812,-0.8977953930588827],[102.10179645898472,-0.8972533562066931],[102.10197595068999,-0.8972532028796922],[102.10197579838145,-0.8970725239594323],[102.10215529004724,-0.8970723706544758],[102.10215498550464,-0.896711012875105],[102.10251396870906,-0.8967107063622229],[102.10251381646624,-0.8965300275339992],[102.10305229101635,-0.8965295677911016],[102.10305244328549,-0.896710246526658],[102.10341142618296,-0.8967099399254537],[102.1034117308484,-0.8970712972723781],[102.10359122226865,-0.8970711438967349],[102.1035913746562,-0.8972518225389937],[102.10412984875904,-0.8972513622663513],[102.10413000120364,-0.8974320408157055]]],[[[102.10574725461262,-0.8995987984802772],[102.10556776343785,-0.8995989523947944],[102.10556761055436,-0.8994182740951804],[102.10502913687215,-0.8994187356928262],[102.10502928972925,-0.8995994140851824],[102.10484979843162,-0.8995995679642572],[102.10484918722275,-0.8988768542699573],[102.1050286784852,-0.8988767005145242],[102.10502852575097,-0.8986960221213461],[102.10538750816612,-0.8986957146457457],[102.10538766091793,-0.8988763929770976],[102.10556715208823,-0.8988762391951041],[102.1055669993276,-0.8986955608946681],[102.10574649045839,-0.8986954071347386],[102.10574618501175,-0.8983340505950849],[102.10592567609422,-0.8983338968881424],[102.10592628714555,-0.8990566098429505],[102.10610577823248,-0.8990564560034756],[102.10610623686999,-0.8995984906246611],[102.10592674575666,-0.8995986445568995],[102.10592689868848,-0.8997793227944708],[102.10574740753565,-0.8997794767487682],[102.10574725461262,-0.8995987984802772]]],[[[102.10394929123117,-0.8959867656318727],[102.10430827375146,-0.8959864591895651],[102.10430812154375,-0.8958057806694748],[102.10466710392367,-0.8958054742536786],[102.10466725614891,-0.8959861527119573],[102.1050262384235,-0.895985846199049],[102.1050265430012,-0.8963472029913538],[102.104308578259,-0.8963478162291316],[102.10430842598987,-0.8961671377094508],[102.10394944345205,-0.8961674442135632],[102.10394929123117,-0.8959867656318727]]],[[[102.10538522057526,-0.8959855396508408],[102.10556471160504,-0.8959853863634992],[102.10556425489,-0.8954433514517317],[102.10628221859675,-0.895442738585157],[102.10628282775184,-0.8961654513057148],[102.10610333683617,-0.8961656046592792],[102.10610348919299,-0.8963462828698294],[102.10574450725194,-0.8963465896123184],[102.10574435491266,-0.8961659113399281],[102.10538537286627,-0.8961662179852696],[102.10538522057526,-0.8959855396508408]]],[[[102.1001798153495,-0.8958093019144191],[102.09982083143518,-0.8958096078890464],[102.09982037565352,-0.8952675700114051],[102.09999986759972,-0.8952674171210848],[102.09999971572508,-0.8950867378589894],[102.10017920763187,-0.8950865849907128],[102.1001798153495,-0.8958093019144191]]],[[[102.10466695172914,-0.8956247957951955],[102.10430796936676,-0.8956251021491795],[102.10430781722046,-0.8954444236286797],[102.10412832600197,-0.8954445767615363],[102.1041284781395,-0.8956252553129395],[102.10376949559286,-0.8956255616139946],[102.10376964774356,-0.895806240226994],[102.10341066505659,-0.895806546554557],[102.10341020874917,-0.8952645105295627],[102.10358970008171,-0.895264357462881],[102.10358954803188,-0.8950836788183698],[102.10376903932496,-0.8950835257737682],[102.10376888729708,-0.8949028471599503],[102.10394837855071,-0.8949026941374322],[102.10394822654476,-0.8947220155543095],[102.1037687352999,-0.8947221685459278],[102.10376843139763,-0.8943608113172694],[102.10430690498761,-0.8943603525013851],[102.10430705694965,-0.8945410310231123],[102.10466603920693,-0.894540725039999],[102.10466634325816,-0.894902081959216],[102.10448685212735,-0.8949022350169915],[102.10448715628391,-0.8952635919972041],[102.10466664743223,-0.895263438877615],[102.10466695172914,-0.8956247957951955]]],[[[102.09245996827961,-0.893828386462676],[102.09263946141158,-0.8938282341802058],[102.09263961271293,-0.8940089147075534],[102.09281910582307,-0.8940087623854893],[102.09281940853506,-0.8943701233779935],[102.09263991540745,-0.8943702757616359],[102.09264006680057,-0.8945509562883709],[102.0924605736336,-0.8945511086939912],[102.09246027089542,-0.894189747578742],[102.09228077771536,-0.8941898999139798],[102.09228062640089,-0.8940092193252628],[102.092101133199,-0.8940093716209089],[102.09210083067936,-0.8936480103812954],[102.09192133746434,-0.8936481626065708],[102.09192073282708,-0.8929254400017671],[102.09174123961647,-0.8929255920951185],[102.09174078648587,-0.8923835500470337],[102.09192027967029,-0.8923833980460234],[102.09192058174423,-0.8927447593500561],[102.09210007491554,-0.8927446072786916],[102.09210022600712,-0.8929252878996202],[102.09227971915656,-0.892925135788678],[102.09228017264107,-0.8934671775578886],[102.09245966578617,-0.8934670253457938],[102.09245996827961,-0.893828386462676]]],[[[102.09496849162373,-0.8885865299368072],[102.09514798407433,-0.8885863784246385],[102.09514843577387,-0.8891284187301435],[102.09460995825191,-0.8891288735176873],[102.09461010885354,-0.889309553711548],[102.09443061627631,-0.8893097053206872],[102.09443091755402,-0.8896710657694137],[102.09407193227288,-0.8896713690846304],[102.09407178163612,-0.8894906887987603],[102.09299482511041,-0.8894915983493111],[102.0929946745565,-0.8893109178784543],[102.09281518170381,-0.8893110694087567],[102.09281488070515,-0.8889497084048517],[102.09263538783928,-0.8889498598648158],[102.09263523739453,-0.8887691793317697],[102.09245574450675,-0.8887693307521906],[102.0924558949428,-0.8889500113160239],[102.09227640201574,-0.8889501627584759],[102.09227700403102,-0.8896728851349233],[102.0924564969929,-0.8896727335693284],[102.09245664758188,-0.8898534141321469],[102.09281563343127,-0.889853110913091],[102.09281578406828,-0.8900337914141295],[102.09299527695578,-0.8900336397606631],[102.09299542763209,-0.8902143202307073],[102.0931749204977,-0.8902141685376812],[102.09317507121332,-0.8903948489767295],[102.09281608543408,-0.890395152415597],[102.09281593473587,-0.8902144719149648],[102.09263644180908,-0.8902146235904537],[102.09263659249855,-0.8903953041218751],[102.09245709953244,-0.890395455819383],[102.09245694885166,-0.890214775257174],[102.09209796284509,-0.8902150785643088],[102.09209811350844,-0.8903957591880873],[102.09191862045054,-0.8903959108592839],[102.09191877113578,-0.8905765915136411],[102.0917392780386,-0.8905767432068475],[102.09173957948337,-0.8909381045765129],[102.09191907259799,-0.8909379528217456],[102.09191922337497,-0.8911186334754926],[102.09209871646773,-0.8911184816811675],[102.09209931991643,-0.8918412041709922],[102.09174033363055,-0.8918415079971154],[102.09174048455174,-0.8920221886806251],[102.0915609913542,-0.8920223406112882],[102.09156084044173,-0.8918416598969997],[102.09138134722234,-0.8918418117880995],[102.09138104550661,-0.8914804502973582],[102.09120155227409,-0.8914806021181233],[102.09120140147083,-0.8912999213416724],[102.09102190821643,-0.8913000731228831],[102.09102175745245,-0.8911193923154554],[102.08976530387675,-0.8911204543227456],[102.08976515320438,-0.8909397732997516],[102.08994464665534,-0.8909396216415181],[102.08994449600482,-0.8907589406490813],[102.0901239894165,-0.8907587890128346],[102.09012368818975,-0.8903974270888766],[102.0899441947955,-0.8903975786635984],[102.08994374321078,-0.8898555356838492],[102.09012323657889,-0.8898553842014151],[102.09012293565783,-0.8894940222754251],[102.09030242897796,-0.8894938708457545],[102.0903025794319,-0.889674551778087],[102.0910205524415,-0.8896739458487137],[102.09102040195273,-0.8894932650394566],[102.09119989512,-0.8894931135659783],[102.09119974465311,-0.8893124327872913],[102.09102025149456,-0.8893125842299964],[102.09102010106693,-0.8891319034203331],[102.0908406078865,-0.889132054823507],[102.09084045749816,-0.8889513739828695],[102.09066096429586,-0.8889515253465158],[102.0906608139468,-0.8887708444749055],[102.09101980030344,-0.8887705418003977],[102.09101964996755,-0.8885898609901255],[102.09119914309132,-0.8885897096705134],[102.0911988424939,-0.8882283481109071],[102.09137833556969,-0.888228196844092],[102.0913784858618,-0.8884088775932217],[102.09155797891572,-0.888408726286881],[102.09155812924709,-0.8885894070050306],[102.0920966082514,-0.8885889529411624],[102.09209675863944,-0.8887696335667684],[102.0922762515884,-0.8887694821638565],[102.09227610119164,-0.8885888015690342],[102.09245559410131,-0.8885886501881536],[102.09245529338219,-0.8882272890594721],[102.09263478624388,-0.8882271377314137],[102.09263463592151,-0.8880464571975561],[102.09335260702755,-0.8880458519210003],[102.09335275738468,-0.8882265323316905],[102.09353225009339,-0.888226380959887],[102.09353209972757,-0.8880457005799934],[102.09407057764399,-0.8880452465044892],[102.09407042728272,-0.8878645662167923],[102.0942499198516,-0.8878644148716002],[102.09425007022158,-0.8880450951284934],[102.09460905528493,-0.8880447923502607],[102.09460920570291,-0.8882254725453388],[102.09478869819736,-0.8882253211122929],[102.09478884865463,-0.8884060012763597],[102.09496834112716,-0.8884058498037541],[102.09496849162373,-0.8885865299368072]]],[[[102.09945428793986,-0.8867759458756385],[102.09927479631145,-0.8867760972893136],[102.0992746459128,-0.8865954178942206],[102.09981312068007,-0.8865949637195623],[102.09981297028605,-0.8864142844168372],[102.10017195329355,-0.8864139816517905],[102.10017210370492,-0.8865946608927929],[102.10035159517135,-0.8865945094663095],[102.10035189610342,-0.8869558678859787],[102.09981342156007,-0.8869563223244044],[102.09981357204607,-0.8871370016265216],[102.0994545888465,-0.8871373046035063],[102.09945428793986,-0.8867759458756385]]],[[[102.08670970725385,-0.8860639483376066],[102.08688920098942,-0.8860637976582861],[102.08688935069777,-0.8862444791786861],[102.08706884441149,-0.8862443284599058],[102.087069443585,-0.8869670544165535],[102.08688994983657,-0.8869672052582628],[102.08689009969763,-0.8871478867776509],[102.08671060591,-0.8871480376413541],[102.08670970725385,-0.8860639483376066]]],[[[102.08778666920918,-0.8860630441307662],[102.08760717562632,-0.8860631948537262],[102.08760732536936,-0.8862438762511865],[102.08742783174728,-0.8862440269961559],[102.08742693379918,-0.8851599384239358],[102.08814490789624,-0.8851593361294458],[102.0881452071594,-0.8855206987417393],[102.08796571366364,-0.8855208493899261],[102.08796586333237,-0.8857015307265126],[102.08814535683682,-0.8857013800475829],[102.08814550654478,-0.8858820613532244],[102.08778651948802,-0.8858823627638432],[102.08778666920918,-0.8860630441307662]]],[[[102.0883245509691,-0.8853398668095293],[102.08904252448981,-0.885339264217664],[102.08904267418,-0.8855199453699686],[102.088863180837,-0.8855200960617677],[102.08886333054906,-0.8857007772446218],[102.08850434375404,-0.8857010786635509],[102.0885041940593,-0.8855203974191986],[102.08832470062464,-0.8855205480848303],[102.0883245509691,-0.8853398668095293]]],[[[102.0906570651567,-0.8842538226188161],[102.09083655813343,-0.8842536720551795],[102.09083670772681,-0.8844343529010801],[102.09101620068164,-0.8844342022979628],[102.09101635031422,-0.88461488311289],[102.09137533614944,-0.8846145818189716],[102.09137563554101,-0.8849759433251244],[102.09047817063708,-0.884976696802283],[102.09047727308898,-0.8838926113582607],[102.09065676607898,-0.8838924608648699],[102.09065646712357,-0.8835310991101167],[102.09083596006572,-0.8835309486695587],[102.09083581062522,-0.8833502678226489],[102.09137428924225,-0.8833498165410772],[102.09137443870867,-0.8835304972956678],[102.09119494585828,-0.883530647762334],[102.09119524486557,-0.8838920093324594],[102.09083625903843,-0.8838923103627726],[102.09083640857064,-0.8840729912090771],[102.09065691560255,-0.8840731417419437],[102.0906570651567,-0.8842538226188161]]],[[[102.09532282479967,-0.8829851445953317],[102.09514333264838,-0.8829852951610156],[102.09514318309228,-0.8828046150525044],[102.094963690919,-0.8828047655786789],[102.09496354140214,-0.8826240854391539],[102.09460455698103,-0.8826243864037969],[102.09460440751205,-0.8824437062024509],[102.09406593067669,-0.882444157491797],[102.09406563188239,-0.8820827969036702],[102.0942451241742,-0.8820826465441869],[102.09424497481432,-0.8819019662806247],[102.09442446706687,-0.8819018159432581],[102.094424317729,-0.8817211357102996],[102.09478330212501,-0.8817208350711224],[102.09478360086592,-0.8820821954136068],[102.09496309303528,-0.8820820450193697],[102.09496324246028,-0.8822627251594992],[102.09514273460765,-0.8822625747257618],[102.0951428840719,-0.8824432548348776],[102.09532237619729,-0.8824431043616359],[102.09532282479967,-0.8829851445953317]]],[[[102.10124126862563,-0.8771984410340786],[102.10106177776129,-0.8771985908988411],[102.10106207557243,-0.8775599490925227],[102.10088258466024,-0.8775600990103868],[102.10088273360324,-0.8777407781377978],[102.1007032426518,-0.8777409280778878],[102.10070339161689,-0.8779216072359671],[102.10088288257693,-0.8779214572650081],[102.10088303158128,-0.878102136392018],[102.10124201342651,-0.8781018363624149],[102.10124186440497,-0.8779211572971486],[102.10142135527299,-0.8779210073002481],[102.10142195157758,-0.8786437234366109],[102.10160144244928,-0.8786435733075579],[102.10160159161072,-0.8788242523102706],[102.10196057327929,-0.878823951964444],[102.10196087172862,-0.8791853098457507],[102.10214036253407,-0.8791851595980903],[102.10214051181339,-0.8793658385075607],[102.10196102099931,-0.8793659887861031],[102.1019611703007,-0.8795466677262541],[102.10178167944734,-0.8795468180270152],[102.1017818287708,-0.8797274969978451],[102.10142284695483,-0.8797277976351314],[102.10142210073042,-0.8788244024701998],[102.10124260981944,-0.8788245526214729],[102.1012424606752,-0.8786438735570096],[102.10106296974213,-0.8786440236687537],[102.10106282063715,-0.8784633445732168],[102.100883329682,-0.8784634946454356],[102.10088318061631,-0.8782828155188274],[102.10070368963908,-0.8782829655515245],[102.10070354061264,-0.8781022863938461],[102.10034455858337,-0.8781025863715554],[102.10034440960479,-0.8779219071519432],[102.09944695403787,-0.877922656790557],[102.09944680513291,-0.8777419774164433],[102.09962629629904,-0.8777418275368716],[102.09962614741615,-0.8775611481934138],[102.09980563854302,-0.8775609983360556],[102.09980534085206,-0.8771996397102556],[102.10016432297947,-0.8771993400930523],[102.10016417416283,-0.877018660841574],[102.10052315615039,-0.8770183612515394],[102.10052300734725,-0.87683768206159],[102.10070249828645,-0.8768375322844827],[102.10070220075501,-0.8764761739657179],[102.10106118250708,-0.8764758745090737],[102.10106133127462,-0.8766565536068159],[102.10177929444495,-0.8766559544664297],[102.10177944327748,-0.8768366334404702],[102.10142046173651,-0.8768369330896872],[102.10142061058257,-0.8770176121252818],[102.10124111975749,-0.8770177619678099],[102.10124126862563,-0.8771984410340786]]],[[[102.10267779048995,-0.877919957079823],[102.10267808870117,-0.8782813147160632],[102.10249859803075,-0.8782814648352678],[102.10249785277585,-0.8773780705887283],[102.10285683400006,-0.8773777706505468],[102.10285728111246,-0.8779198070137451],[102.10267779048995,-0.877919957079823]]],[[[102.09585459980848,-0.8748540933110915],[102.09585445159593,-0.8746734133168154],[102.09567495993205,-0.8746735624909019],[102.09567481175868,-0.8744928824656066],[102.09531582835622,-0.8744931807263004],[102.0953156802306,-0.8743125006391723],[102.09495669672276,-0.8743127988037855],[102.09495654864484,-0.8741321186548315],[102.09477705685357,-0.87413226769341],[102.09477690881482,-0.8739515875134465],[102.09495640059757,-0.8739514385056785],[102.09495625258089,-0.8737707583563256],[102.09549472771974,-0.8737703113738131],[102.09549487576207,-0.8739509914307245],[102.09567436742232,-0.8739508423885232],[102.09567421937145,-0.8737701623624294],[102.09585371099254,-0.8737700133424393],[102.09585385905197,-0.8739506933377138],[102.09639233375712,-0.8739502461336358],[102.09639307464197,-0.8748536456446712],[102.09585459980848,-0.8748540933110915]]]]}},{"type":"Feature","properties":{"eventId":"RIAU-20260915-013","firstDetection":"2026-09-15T08:56:00+00:00","lastDetection":"2026-09-15T08:56:00+00:00","estimatedAreaHa":112.16,"confidence":"rendah","hotspotCount":4,"detectionDays":1,"villages":["Alim","Sanglap"],"districts":["Batang Cenaku"],"regencies":["Indragiri Hulu"],"method":"Sentinel-2 dNBR/NBR indication","resolutionM":20,"clearCoveragePct":40.3,"preSceneDates":["2026-08-14","2026-08-22","2026-09-03"],"postSceneDates":["2026-09-23","2026-09-26"],"status":"estimate","disclaimer":"Estimasi berbasis citra satelit; bukan hasil verifikasi lapangan.","province":"Riau","villageAreas":[{"village":"Alim","district":"Batang Cenaku","regency":"Indragiri Hulu","areaHa":17.567229},{"village":"Sanglap","district":"Batang Cenaku","regency":"Indragiri Hulu","areaHa":94.59277}],"unassignedAreaHa":0.0},"geometry":{"type":"MultiPolygon","coordinates":[[[[102.24270508147245,-0.9164602698052162],[102.24270524412495,-0.9166409239452267],[102.24252577606218,-0.916641087684309],[102.24252528822782,-0.9160991251668164],[102.24270475626369,-0.9160989615245604],[102.2427045937074,-0.9159183073839149],[102.24306352966501,-0.9159179801369037],[102.2430636922392,-0.9160986342129931],[102.24288422426748,-0.9160987978732862],[102.24288454949418,-0.9164601060893878],[102.24270508147245,-0.9164602698052162]]],[[[102.2649476492916,-0.9039750411728444],[102.2649474877881,-0.9037943910340204],[102.26476802434779,-0.903794553584772],[102.26476818584246,-0.9039752037560914],[102.26458872236103,-0.9039753663304398],[102.26458888387914,-0.9041560165340435],[102.26476834736941,-0.9041558539272009],[102.26476850892864,-0.9043365040981016],[102.26494797239546,-0.9043363414498632],[102.26494813399584,-0.9045169915880591],[102.26512759743923,-0.9045168288984212],[102.26512775908073,-0.90469747900391],[102.26530722250065,-0.9046973162728694],[102.2653070608503,-0.90451666619988],[102.2654865242291,-0.9045165034924358],[102.26548668588829,-0.9046971535329239],[102.26566614924363,-0.9046969907840726],[102.26566631094398,-0.9048776407918481],[102.26584577427587,-0.9048774780015872],[102.26584625959725,-0.9054194279261429],[102.26602572292339,-0.9054192650294556],[102.2660260466502,-0.9057805649130981],[102.26620550996175,-0.9057804019424816],[102.26620567188246,-0.9059610518514807],[102.26638513517057,-0.9059608888394381],[102.26638545912662,-0.9063221885917855],[102.26656492240015,-0.9063220255058022],[102.2665650844355,-0.9065026753491497],[102.26674454768558,-0.9065025122217312],[102.2667447097621,-0.9066831620323547],[102.26692417298872,-0.906682998863498],[102.26692433510644,-0.9068636486413963],[102.2672832614805,-0.9068633222118722],[102.26728342364825,-0.9070439719245244],[102.2676423499108,-0.9070436453942509],[102.2676425121286,-0.9072242950416499],[102.26818090130665,-0.9072238050816994],[102.26818106358338,-0.9074044546313103],[102.26871945249714,-0.9074039644933947],[102.26871961483282,-0.9075846139452008],[102.26889907774829,-0.907584450515497],[102.26889924012517,-0.9077650999345581],[102.26907870301719,-0.9077649364633843],[102.26907886543528,-0.9079455858496984],[102.26943779114008,-0.9079452588154657],[102.26943762870422,-0.9077646094942301],[102.26961709149924,-0.90776444599625],[102.26961741642103,-0.9081257445734262],[102.26979687920146,-0.9081255810014234],[102.26979704171974,-0.908306230257152],[102.26997650447673,-0.9083060666436641],[102.26997634194956,-0.9081254174204811],[102.27015580466531,-0.9081252538306004],[102.27015564216161,-0.9079446046397541],[102.27033510483614,-0.9079444410734836],[102.2703349423559,-0.9077637919149761],[102.27015547969026,-0.9077639554486976],[102.27015531725124,-0.9075833062574309],[102.27033477990801,-0.9075831427562586],[102.27033461749247,-0.907402493597331],[102.27087300524211,-0.9074020031378713],[102.27087284283229,-0.9072213540763918],[102.27123176781922,-0.9072210271238745],[102.27123160542399,-0.907040378127299],[102.27159053026378,-0.9070400512041834],[102.27159036788318,-0.9068594022725196],[102.27176983024567,-0.9068592388301329],[102.27176966788856,-0.9066785899308223],[102.27212859249873,-0.9066782630844021],[102.27212843015626,-0.9064976142500134],[102.27230789240394,-0.9064974508459853],[102.27230773008495,-0.9063168020439551],[102.2724871922914,-0.9063166386635748],[102.27248735461924,-0.9064972874330343],[102.27266681680219,-0.906497124011161],[102.27266697917126,-0.9066777727478379],[102.2728464413307,-0.9066776092844675],[102.27284660374102,-0.9068582579883606],[102.27302606587695,-0.9068580944834898],[102.27302622832849,-0.9070387431545972],[102.27284676618368,-0.9070389066920437],[102.27284692865874,-0.9072195553955169],[102.2730263908124,-0.9072193918254939],[102.27302655332869,-0.9074000404961808],[102.27374440165518,-0.9073993859964711],[102.27374505218604,-0.9081219801558308],[102.27392451422223,-0.9081218163782351],[102.27392467694477,-0.9083024648849642],[102.27410413895745,-0.9083023010658436],[102.27410430172127,-0.9084829495397757],[102.27536053496546,-0.9084818023274428],[102.27536069782383,-0.9086624505730091],[102.2751812360201,-0.9086626145199106],[102.27518139890198,-0.9088432627978651],[102.27500193705696,-0.9088434267684203],[102.27500209996236,-0.9090240750787616],[102.27518156181625,-0.9090239110756091],[102.27518172476293,-0.9092045593531419],[102.27482280100494,-0.9092048874156917],[102.27482296396623,-0.9093855357582072],[102.27464350202976,-0.9093856998086516],[102.27464366501454,-0.9095663481835498],[102.27446420303679,-0.909566512257635],[102.27446485526417,-0.9102891058854872],[102.27428539321845,-0.9102892700809799],[102.27428555634735,-0.9104699185200061],[102.27410609426035,-0.910470082739127],[102.2741064205975,-0.910831379681723],[102.27428588270233,-0.9108312153974254],[102.27428604592838,-0.9110118638358182],[102.27446550800973,-0.9110116995099646],[102.27446534477477,-0.9108310511041618],[102.27464480681482,-0.9108308868019332],[102.27464497005869,-0.9110115351751441],[102.27482443207526,-0.9110113708313564],[102.274824758678,-0.9113726675119572],[102.27500422067999,-0.9113725030940115],[102.27500438403885,-0.9115531514013998],[102.27536330796352,-0.9115528224733999],[102.27536314458683,-0.911372174231208],[102.27554260649165,-0.91137200978635],[102.27554244313846,-0.9111913615765478],[102.2759013668331,-0.9111910327251274],[102.27590120349447,-0.9110103845803208],[102.2762601270417,-0.9110100557582393],[102.27625996371765,-0.9108294076784358],[102.27643942543375,-0.9108292432865539],[102.2764395887667,-0.9110098913337478],[102.2767985121195,-0.9110095624578641],[102.27679834876875,-0.9108289144758946],[102.27697781038763,-0.9108287500571172],[102.27697748376552,-0.9104674541577759],[102.27733640687043,-0.9104671254237959],[102.27733673352816,-0.9108284211926667],[102.2775161950498,-0.9108282567469937],[102.2775163584362,-0.9110089045984918],[102.27769581993435,-0.9110087401112313],[102.27769598336207,-0.911189387929896],[102.27787544483668,-0.9111892234010444],[102.27787560830573,-0.9113698711868744],[102.27805506975685,-0.9113697066164285],[102.27805523326722,-0.9115503543694217],[102.27823469469483,-0.9115501897573776],[102.27823485824655,-0.9117308374775314],[102.27841431965065,-0.9117306728238854],[102.27841464686918,-0.9120919681983013],[102.27823518544723,-0.9120921329172056],[102.2782355127776,-0.9124534283560337],[102.27805605130541,-0.9124535931312152],[102.2780562150103,-0.9126342408829398],[102.27787675349676,-0.9126344056817659],[102.27787708098596,-0.9129957012498318],[102.27769761942214,-0.9129958661049228],[102.27769778320645,-0.9131765139212623],[102.27751832160128,-0.9131766787999889],[102.27751848540908,-0.9133573266487389],[102.27715956208364,-0.9133576564444661],[102.27715972590599,-0.9135383043582437],[102.27698026418572,-0.9135384692752393],[102.27698042803154,-0.9137191172214215],[102.27680096626993,-0.9137192821620401],[102.27680113013922,-0.9138999301406261],[102.27662166833626,-0.9139000951048644],[102.2766219961542,-0.9142613911266272],[102.27554522454874,-0.9142623811144358],[102.2755450606772,-0.9140817329080182],[102.27428882572609,-0.9140828872561674],[102.2742886619495,-0.9139022388213686],[102.27410919969302,-0.9139024036596689],[102.27410903595775,-0.9137217551920703],[102.27375011136552,-0.9137220847765132],[102.27374994768049,-0.9135414362435313],[102.27339102297661,-0.9135417657268344],[102.27339085934184,-0.9133611171284758],[102.27321139695026,-0.91336128182406],[102.2732112333568,-0.9131806331929108],[102.27303177094177,-0.9131807978469266],[102.27303160738961,-0.9130001491829882],[102.27285214495114,-0.9130003137954398],[102.27285230849438,-0.9131809624919542],[102.27267284601463,-0.9131811271279932],[102.2726730095813,-0.91336177585687],[102.27249354706024,-0.9133619405164928],[102.27249387427283,-0.9137232380387572],[102.27267333681175,-0.9137230733139899],[102.27267350047553,-0.913903722042232],[102.26908424337081,-0.9139070154798445],[102.2690844068882,-0.9140876648589852],[102.26854601717986,-0.9140881586618783],[102.26854618070277,-0.9142688081384123],[102.26818725405103,-0.9142691373604139],[102.26818741758838,-0.9144497869017978],[102.26800795420507,-0.9144499515318273],[102.26800779067666,-0.9142693019579157],[102.26782832727,-0.9142694665464178],[102.26782783690551,-0.9137275177258333],[102.26764837349333,-0.9137276822077632],[102.26764821011206,-0.913547032567954],[102.2674687466765,-0.9135471970083668],[102.2674685833365,-0.9133665473358233],[102.26710965638627,-0.9133668761246323],[102.26710932983893,-0.9130055766488316],[102.2669298663332,-0.9130057409647155],[102.26692970311693,-0.912825091193981],[102.26657077602641,-0.9128254197337584],[102.2665706128603,-0.912644769897783],[102.2662116856584,-0.9126450983365977],[102.26621184880665,-0.912825748237595],[102.2658529214577,-0.9128260767054907],[102.26585275832728,-0.9126454267394783],[102.26567329461326,-0.9126455909274432],[102.2656728054426,-0.912103640930624],[102.26549334172307,-0.9121038050120962],[102.26549317873969,-0.911923154980231],[102.26531371499678,-0.9119233190202239],[102.26531355205462,-0.9117426689556463],[102.2651340882883,-0.9117428329541635],[102.26513359968236,-0.9112008826616655],[102.2649541359105,-0.9112010465537147],[102.26495381035248,-0.9108397462926661],[102.26477434656614,-0.9108399101107544],[102.26477418384448,-0.910659259947418],[102.26459472003476,-0.9106594237240461],[102.26459488274753,-0.9108400739198768],[102.26405649109796,-0.9108405652934494],[102.26405632841191,-0.9106599150001473],[102.2633384724628,-0.9106605699094523],[102.26333830984467,-0.9104799194860012],[102.2631588457856,-0.9104800831584374],[102.26315852066395,-0.9101187822459443],[102.26297905659041,-0.910118945844462],[102.26297889408688,-0.9099382953554214],[102.26226103750564,-0.9099389495300099],[102.26226119997357,-0.9101196001489452],[102.26208173573869,-0.9101197637026691],[102.26208189822998,-0.910300414353863],[102.26190243395394,-0.9103005779310953],[102.2619027590155,-0.9106618792977856],[102.26172329468938,-0.910662042930989],[102.26172345725965,-0.9108426936464834],[102.26154399289237,-0.9108428573031861],[102.26154383033101,-0.910662206555228],[102.26136436594038,-0.9106623701705028],[102.26136420342019,-0.9104817193898713],[102.26118473900621,-0.9104818829637217],[102.26118457652716,-0.9103012321504192],[102.26100511208983,-0.9103013956828488],[102.26100478724632,-0.909940093990695],[102.26082532279455,-0.9099402574492502],[102.26082516043006,-0.9097596065704008],[102.26064569595492,-0.9097597699875442],[102.26064553363159,-0.909579119076029],[102.26100446253182,-0.9095787922976988],[102.26100430022295,-0.9093981414508846],[102.26136322897639,-0.9093978147016591],[102.26136355366197,-0.9097591162652388],[102.2615430180081,-0.9097589528122745],[102.26154318040815,-0.9099396035612863],[102.26172264473092,-0.909939440066903],[102.26172280717215,-0.9101200907832402],[102.26190227147156,-0.9101199272474338],[102.26190210902142,-0.9099392765635625],[102.26208157327966,-0.9099391130512644],[102.26208108609617,-0.9093971610957878],[102.26190162186462,-0.909397324510683],[102.26190113499817,-0.9088553724559092],[102.26208059920305,-0.9088552091384159],[102.26208043696987,-0.9086745584855381],[102.26190097277387,-0.9086747217705641],[102.26190081058184,-0.908494071085008],[102.2611829535108,-0.9084947240058139],[102.26118279138655,-0.9083140731901961],[102.26100332704704,-0.9083142363655822],[102.26100316496392,-0.9081335855172956],[102.26118262929457,-0.908133422374368],[102.26118246723483,-0.9079527715583299],[102.26136193152435,-0.9079526084389233],[102.26136176948799,-0.9077719576551353],[102.26154123373635,-0.9077717945592535],[102.26154090974268,-0.9074104930559712],[102.26172037394103,-0.9074103300160812],[102.26172053593062,-0.9075909807353634],[102.26297678447791,-0.9075898389787386],[102.26297694656189,-0.9077704894705146],[102.26315641051987,-0.907770326294212],[102.263156572645,-0.9079509767532997],[102.2633360365796,-0.9079508135355813],[102.26333587444557,-0.9077701631089734],[102.26351533833902,-0.9077699999147996],[102.26351517622841,-0.9075893495204631],[102.26369464008069,-0.9075891863498369],[102.26369431593855,-0.9072278856255007],[102.26423270724848,-0.9072273962549408],[102.26423254519922,-0.9070467459899182],[102.26459147256001,-0.9070464197632097],[102.26459163462701,-0.9072270699632496],[102.26495056187639,-0.9072267436358374],[102.26495039979164,-0.9070460935007874],[102.26512986335902,-0.9070459303561839],[102.26512970129771,-0.9068652802534218],[102.26530916482393,-0.906865117132389],[102.26530900278604,-0.9066844670619161],[102.2654884662711,-0.906684303964458],[102.26548781840701,-0.9059617038104727],[102.26530835495741,-0.9059618667779263],[102.26530819308098,-0.9057812167064038],[102.26512872960794,-0.9057813796324403],[102.26512856777268,-0.9056007295282098],[102.26530803123686,-0.9056005666346723],[102.26530786942503,-0.9054199165627311],[102.2651284059697,-0.9054200794237689],[102.26512824419902,-0.9052394293191187],[102.26458985366583,-0.9052399177512703],[102.26459001540995,-0.9054205679534079],[102.26423108820867,-0.9054208935952719],[102.26423124996738,-0.9056015438621828],[102.26405178630945,-0.9056017067022347],[102.26405194809158,-0.9057823570014247],[102.26387248439252,-0.9057825198650491],[102.26387264619807,-0.9059631701965164],[102.26333425488065,-0.9059636588313443],[102.26333409310168,-0.9057830084024272],[102.2631546292735,-0.9057831712303874],[102.26315446753566,-0.9056025207687808],[102.26297500368406,-0.9056026835553472],[102.26297484198734,-0.9054220330610528],[102.26279537811234,-0.905422195806229],[102.26279521645674,-0.9052415452792486],[102.26261575255832,-0.9052417079830377],[102.26261559094385,-0.9050610574233733],[102.2622566630679,-0.9050613827392754],[102.26225601700348,-0.9043387802387501],[102.2620765530525,-0.9043389427534613],[102.26207623023156,-0.9039776414370044],[102.26225569416485,-0.9039774789872312],[102.26225553279393,-0.9037968283611582],[102.26243499668614,-0.9037966659349578],[102.26243483533865,-0.9036160153411461],[102.26261429918975,-0.9036158529385214],[102.2626141378657,-0.9034352023769738],[102.26243467402342,-0.9034353647471256],[102.26243419027136,-0.902893412963808],[102.26548507074963,-0.902890653118623],[102.26548620100759,-0.9041552034108309],[102.26530673764648,-0.9041553660532735],[102.26530657609301,-0.9039747159796564],[102.2649476492916,-0.9039750411728444]]],[[[102.23551874260586,-0.9079760056091675],[102.23551906421757,-0.9083373164880456],[102.23533959528386,-0.9083374783847795],[102.23533975612884,-0.9085181338561087],[102.23498081814766,-0.9085184576871532],[102.23498097900688,-0.9086991132226752],[102.23462204087994,-0.9086994370823395],[102.23462220175337,-0.9088800926820473],[102.23444273263303,-0.9088802546306561],[102.23444208936682,-0.9081576321017848],[102.23462155845164,-0.908157470281957],[102.23462123699271,-0.9077961590806533],[102.23480070602777,-0.9077959973162789],[102.23480054533742,-0.9076153417475095],[102.2349800143316,-0.9076151800063972],[102.23498017503083,-0.9077958355429678],[102.23533911294095,-0.907795511969535],[102.23533927368992,-0.9079761674414929],[102.23551874260586,-0.9079760056091675]]]]}},{"type":"Feature","properties":{"eventId":"RIAU-20260915-014","firstDetection":"2026-09-15T06:44:00+00:00","lastDetection":"2026-09-15T08:56:00+00:00","estimatedAreaHa":13.56,"confidence":"rendah","hotspotCount":2,"detectionDays":1,"villages":["Kepayang Sari"],"districts":["Batang Cenaku"],"regencies":["Indragiri Hulu"],"method":"Sentinel-2 dNBR/NBR indication","resolutionM":20,"clearCoveragePct":15.7,"preSceneDates":["2026-08-14","2026-08-22","2026-08-27","2026-09-03"],"postSceneDates":["2026-09-23"],"status":"estimate","disclaimer":"Estimasi berbasis citra satelit; bukan hasil verifikasi lapangan.","province":"Riau","villageAreas":[{"village":"Kepayang Sari","district":"Batang Cenaku","regency":"Indragiri Hulu","areaHa":13.56}],"unassignedAreaHa":0.0},"geometry":{"type":"MultiPolygon","coordinates":[[[[102.15687952825945,-0.8742608559159005],[102.15688013268655,-0.8749835335665116],[102.15652117032201,-0.8749838378893793],[102.1565210191855,-0.8748031684141807],[102.15616205671319,-0.8748034726397429],[102.15616190562501,-0.8746228031015038],[102.15580294304492,-0.8746231072297743],[102.15580279200509,-0.8744424376285016],[102.15562331067677,-0.8744425896483039],[102.15562285777023,-0.8739005807490412],[102.15580233907289,-0.8739004288234801],[102.15580249001907,-0.8740810984253544],[102.15634093376539,-0.874080642502784],[102.15634108476846,-0.8742613120102065],[102.15652056596335,-0.8742611599873806],[102.15652041495174,-0.874080490511379],[102.15669989610684,-0.8740803385113662],[102.15669974511792,-0.873899669066587],[102.15687922623326,-0.8738995170893911],[102.15687892433195,-0.8735381782620791],[102.15705840539897,-0.8735380263391298],[102.15705900936067,-0.8742607038672466],[102.15687952825945,-0.8742608559159005]]],[[[102.15454160716835,-0.8686620672043767],[102.15400316325295,-0.8686625200427734],[102.15400286343464,-0.8683011801987174],[102.15436182604212,-0.8683008784406009],[102.15436167616276,-0.8681202085810706],[102.1545411574112,-0.8681200577205874],[102.15454100755457,-0.8679393878922591],[102.15489996994086,-0.8679390862084541],[102.15490041965536,-0.8684810955044178],[102.1545414572181,-0.8684813973766462],[102.15454160716835,-0.8686620672043767]]],[[[102.15363674331074,-0.8596293224130638],[102.15417518614525,-0.8596288743353503],[102.15417533454976,-0.859809544235597],[102.15345741067438,-0.8598101417811965],[102.15345755907644,-0.859990811806825],[102.15309859693475,-0.859991110591601],[102.15309800358095,-0.8592684302367886],[102.15327748463375,-0.8592682809741893],[102.15327763293384,-0.8594489510317996],[102.15363659496266,-0.8594486524184332],[102.15363674331074,-0.8596293224130638]]],[[[102.14914837665718,-0.8580070164139443],[102.14896889494632,-0.8580071652624881],[102.1489690428266,-0.8581878360743105],[102.14914852454585,-0.8581876871944193],[102.14914867246569,-0.8583683579746975],[102.14950763582755,-0.8583680601268606],[102.14950778379533,-0.8585487308442414],[102.15004622862969,-0.8585482839150247],[102.1500463766538,-0.8587289545381446],[102.1498668950651,-0.8587291035543614],[102.14986704311198,-0.8589097742086406],[102.15004652470908,-0.8589096251610673],[102.15004667279551,-0.8590902957837931],[102.15058511742508,-0.8590898484962427],[102.15058496931343,-0.858909177967597],[102.1507644507859,-0.8589090288861903],[102.15076459890594,-0.8590896993834725],[102.15094408035563,-0.8590895502622422],[102.1509439322272,-0.8589088797963255],[102.15112341363731,-0.8589087306980019],[102.15112326553162,-0.8587280602632555],[102.15148222824156,-0.8587277621039738],[102.15148237636406,-0.8589084324759805],[102.15166185768068,-0.8589082833522822],[102.15166200584274,-0.8590889536927195],[102.15202096839926,-0.8590886553571981],[102.15202111660929,-0.8592693256346878],[102.1522005978492,-0.8592691764228593],[102.15220074609883,-0.8594498466687741],[102.15238022731594,-0.8594496974171039],[102.15238037560518,-0.859630367631442],[102.15220089437963,-0.8596305169144918],[102.1522011910348,-0.8599918574053353],[102.15202170976127,-0.8599920067426754],[102.15202215495262,-0.860534017571595],[102.15130422944573,-0.8605346152127469],[102.15130437787151,-0.8607152856141523],[102.15112489640843,-0.8607154350346236],[102.15112504485698,-0.8608961054672004],[102.15094556335431,-0.8608962549105628],[102.15094586032806,-0.8612575958378582],[102.15112534184757,-0.8612574463317616],[102.15112563896282,-0.8616187871955324],[102.15076667585893,-0.8616190863247097],[102.15076682444646,-0.8617997568190316],[102.15040786120105,-0.8618000559769943],[102.15040771263037,-0.861619385419947],[102.15022823096936,-0.8616195349548381],[102.15022808243828,-0.8614388643662332],[102.15004860075452,-0.8614390138612809],[102.1500483038027,-0.8610776726207617],[102.14986882210464,-0.8610778220446131],[102.1498685252943,-0.8607164807405909],[102.14968904358193,-0.8607166300932533],[102.1496888952319,-0.8605359594095912],[102.1495094134968,-0.8605361087224244],[102.14950926518635,-0.8603554380072119],[102.14932978342851,-0.8603555872802194],[102.14932963515764,-0.8601749165334587],[102.14968859862535,-0.8601746180416748],[102.14968874691304,-0.8603552887257316],[102.14986822860858,-0.860355139435779],[102.14986837693586,-0.8605358100882836],[102.15022734025031,-0.8605355114202455],[102.15022748862557,-0.860716182009838],[102.15040697024448,-0.8607160326317473],[102.15040682186078,-0.8605353620735149],[102.15058630344011,-0.8605352127183101],[102.15058600674936,-0.8601738716639767],[102.15040652518688,-0.8601740209564579],[102.15040637689667,-0.8599933503976334],[102.15022689531143,-0.8599934996502838],[102.1502267470608,-0.8598128290599021],[102.14968830214339,-0.8598132766729696],[102.14968845036879,-0.8599939473574211],[102.14950896865894,-0.8599940965761951],[102.14950882044194,-0.859813425860391],[102.14932933870934,-0.8598135750393451],[102.14932919053192,-0.8596329042919924],[102.1495086722561,-0.8596327551443893],[102.14950852410142,-0.8594520844281908],[102.14968800578606,-0.8594519353034755],[102.14968756148372,-0.8589099232477556],[102.14950807982432,-0.8589100722784121],[102.14950793179423,-0.8587294015614254],[102.14914896839876,-0.8587296995346629],[102.14914882041664,-0.8585490287547786],[102.14878985691337,-0.8585493266314966],[102.14879000487869,-0.8587299974740744],[102.14771311357102,-0.8587308910893494],[102.14771326151705,-0.8589115621197676],[102.14753377951507,-0.8589117110573818],[102.14753363157742,-0.8587310399956303],[102.14717466749683,-0.8587313377828222],[102.14717451960712,-0.8585506666582121],[102.14699503752853,-0.8585508155077949],[102.14699488967835,-0.8583701443516601],[102.14681540757702,-0.858370293161462],[102.14681525976636,-0.8581896219738038],[102.1466357776423,-0.8581897707438279],[102.14663562987117,-0.8580090995246488],[102.14735355814702,-0.8580085045191527],[102.14735341037343,-0.8578278334250852],[102.14753289235617,-0.8578276846839187],[102.14753274460533,-0.857647013620986],[102.14789170846063,-0.8576467161759785],[102.14789156072415,-0.8574660451755175],[102.14825052443813,-0.8574657477594015],[102.14825037671599,-0.8572850768214196],[102.14842985851789,-0.8572849281320358],[102.1484297108185,-0.8571042572251976],[102.14896815601216,-0.8571038112004239],[102.14896874709719,-0.8578264944504684],[102.14914822879967,-0.8578263456332725],[102.14914837665718,-0.8580070164139443]]],[[[102.157764797864,-0.859625885203587],[102.15758531757469,-0.8596260347405944],[102.15758516904161,-0.8594453654370399],[102.15740568872945,-0.8594455149341511],[102.15740554023601,-0.8592648455989678],[102.15722605990105,-0.8592649950561863],[102.15722591144724,-0.8590843256893763],[102.15704643108946,-0.8590844751067054],[102.15704628267528,-0.8589038057082706],[102.15758472362978,-0.8589033575251922],[102.15758487206917,-0.8590840268293388],[102.15776435233327,-0.8590838773866303],[102.15776420388549,-0.858903208113917],[102.15830264446521,-0.8589027598293419],[102.15830249602345,-0.8587220906507415],[102.15848197614581,-0.8587219412370739],[102.15848257013386,-0.8594446178245336],[102.15776464932253,-0.8594452159314653],[102.157764797864,-0.859625885203587]]],[[[102.15596555342275,-0.8542072925159507],[102.15614503374162,-0.8542071439976385],[102.1561451813021,-0.8543878135582961],[102.15560674022677,-0.8543882591822424],[102.15560659269137,-0.8542075895273394],[102.15524763183512,-0.854207886505081],[102.15524777935381,-0.8543885562228052],[102.15506829887052,-0.854388704730466],[102.15506770901644,-0.8536660257327601],[102.15578563062866,-0.8536654321542057],[102.15578592556012,-0.8540267714021654],[102.15596540590185,-0.8540266229236801],[102.15596555342275,-0.8542072925159507]]],[[[102.1536293641185,-0.8505958224407735],[102.15344988352955,-0.8505959702134797],[102.15344973674945,-0.850415300177648],[102.15327025613762,-0.8504154479105878],[102.15326996268765,-0.8500541077755589],[102.15362892384684,-0.8500538124268691],[102.153628777152,-0.8498731424218441],[102.15380825767649,-0.8498729947663364],[102.15380869787954,-0.850415004686645],[102.15362921733009,-0.8504151524363337],[102.1536293641185,-0.8505958224407735]]]]}},{"type":"Feature","properties":{"eventId":"RIAU-20260915-015","firstDetection":"2026-09-15T06:05:00+00:00","lastDetection":"2026-09-15T07:01:00+00:00","estimatedAreaHa":107.36,"confidence":"rendah","hotspotCount":2,"detectionDays":1,"villages":["Rantai Langsat","Sanglap"],"districts":["Batang Cenaku","Batang Gangsal"],"regencies":["Indragiri Hulu"],"method":"Sentinel-2 dNBR/NBR indication","resolutionM":20,"clearCoveragePct":55.9,"preSceneDates":["2026-08-22","2026-08-27","2026-09-03"],"postSceneDates":["2026-09-23"],"status":"estimate","disclaimer":"Estimasi berbasis citra satelit; bukan hasil verifikasi lapangan.","province":"Riau","villageAreas":[{"village":"Rantai Langsat","district":"Batang Gangsal","regency":"Indragiri Hulu","areaHa":105.24},{"village":"Sanglap","district":"Batang Cenaku","regency":"Indragiri Hulu","areaHa":2.12}],"unassignedAreaHa":0.0},"geometry":{"type":"MultiPolygon","coordinates":[[[[102.34858055820709,-0.9109430664189794],[102.34929835209947,-0.9109423942149977],[102.34929885314409,-0.9114842981959339],[102.34911940469395,-0.9114844663603697],[102.34911957176617,-0.9116651010535881],[102.3485812261903,-0.9116656055930654],[102.34858055820709,-0.9109430664189794]]],[[[102.34875967291914,-0.9105816288597643],[102.34822132730491,-0.9105821327455756],[102.34822116047594,-0.9104014978844508],[102.34804171188054,-0.9104016657951465],[102.34804154509357,-0.9102210309004888],[102.34786209647395,-0.910221198768907],[102.34786192972898,-0.9100405638407177],[102.3480413783397,-0.910040396005619],[102.34804087827678,-0.9094984913197365],[102.3482203268277,-0.9094983235756454],[102.34822066018766,-0.9098595932998043],[102.34840010872325,-0.909859425480118],[102.3484002754618,-0.9100400603085566],[102.34875917245145,-0.9100397245756744],[102.34875967291914,-0.9105816288597643]]],[[[102.34983502890829,-0.9091355443510268],[102.34947613240502,-0.9091358798580067],[102.34947596577872,-0.9089552452284816],[102.3491170691607,-0.9089555806330131],[102.349116736043,-0.908594311239997],[102.35019342539294,-0.9085933053191059],[102.35019392527907,-0.9091352088082635],[102.35001447711025,-0.909135376584118],[102.35001464379634,-0.909316011113421],[102.3498351955855,-0.9093161789136683],[102.34983502890829,-0.9091355443510268]]],[[[102.3385285635779,-0.9078816390092648],[102.33852790036357,-0.9071590923636456],[102.33888680070629,-0.907158758679106],[102.33888746399158,-0.9078813050589054],[102.3390669141489,-0.9078811380703244],[102.33906708006164,-0.9080617746315155],[102.33870817969624,-0.9080621086662016],[102.33870801380124,-0.907881472038552],[102.3385285635779,-0.9078816390092648]]],[[[102.34409017704102,-0.9064313737151038],[102.34409034293775,-0.9066120093468185],[102.34426979207464,-0.906611842332128],[102.34426995801329,-0.9067924779303496],[102.3439110596887,-0.9067928120173702],[102.34391122564269,-0.906973447681942],[102.3437317764219,-0.9069736147453462],[102.3437319424001,-0.907154250442985],[102.34391139162975,-0.9071540833463028],[102.34391155764986,-0.9073347190104517],[102.34355265913979,-0.9073350532614443],[102.3435524931374,-0.9071544175307408],[102.34301414515089,-0.9071549187404477],[102.34301381329851,-0.9067936470787684],[102.34319326264267,-0.9067934800843355],[102.34319276508546,-0.9062515726900454],[102.34337221436998,-0.9062514057865074],[102.34337238019819,-0.9064320415515426],[102.3435518294585,-0.9064318746058122],[102.34355199532862,-0.9066125103373612],[102.34391089376777,-0.9066121763525873],[102.34391072787993,-0.9064315406875928],[102.34409017704102,-0.9064313737151038]]],[[[102.34067387090988,-0.8990284576728598],[102.34085332030415,-0.8990282922240879],[102.34085315595458,-0.8988476559847716],[102.3406737065691,-0.8988478214002957],[102.34067354226136,-0.8986671851275222],[102.34103244098168,-0.8986668543541263],[102.34103342742922,-0.8997506715886402],[102.34085397803283,-0.8997508371792572],[102.3408536491024,-0.8993895647020919],[102.34067419969057,-0.8993897302173594],[102.34067387090988,-0.8990284576728598]]],[[[102.3431855017655,-0.8983035973560118],[102.34318566613014,-0.8984842331635727],[102.34336511503534,-0.898484067690765],[102.34336527944181,-0.8986647034648433],[102.34354472832274,-0.8986645379499195],[102.34354489277106,-0.8988451736905144],[102.34336544388135,-0.8988453392387126],[102.34336560835395,-0.8990259750123726],[102.3431861594224,-0.8990261405849986],[102.34318632391927,-0.8992067763917218],[102.34264797689985,-0.8992072731563273],[102.34264781242935,-0.8990266372497968],[102.34282726146009,-0.8990264717037108],[102.34282709701385,-0.8988458358302381],[102.3426476479919,-0.8988460013430568],[102.3426474835875,-0.8986653654361072],[102.34246803454128,-0.8986655309068153],[102.34246787017872,-0.8984848949663908],[102.34228842110824,-0.8984850603949922],[102.34228825678751,-0.8983044244210944],[102.34192935856494,-0.8983047551852502],[102.34192919429483,-0.898124119144621],[102.34210864341387,-0.898123953800223],[102.34210831495525,-0.897762681784857],[102.34228776402368,-0.8977625164981455],[102.34228792824523,-0.8979431524726711],[102.34282627527853,-0.8979426564597339],[102.34282643955947,-0.8981232923342537],[102.34300588851323,-0.8981231269456666],[102.34300605283602,-0.8983037627867078],[102.3431855017655,-0.8983035973560118]]],[[[102.34390231144869,-0.8972191214936839],[102.34390214728042,-0.89703848581776],[102.34408159598314,-0.8970383205758252],[102.34408143183916,-0.8968576849329721],[102.34426088050006,-0.8968575197154922],[102.34426071638038,-0.8966768841057114],[102.34444016499944,-0.8966767189126896],[102.34444032912788,-0.8968573544891868],[102.34461977772261,-0.896857189254056],[102.3446199418929,-0.8970378247970591],[102.3442610446528,-0.8970381553250638],[102.34426120883862,-0.8972187909344259],[102.34390231144869,-0.8972191214936839]]],[[[102.32954614407085,-0.8970516765720836],[102.32900778984542,-0.8970521701263441],[102.32900746306349,-0.8966908932618161],[102.32954581723631,-0.8966903999063599],[102.32954565386844,-0.8965097615731847],[102.32972510518476,-0.8965095971368552],[102.32972526856139,-0.8966902354368929],[102.3300841711128,-0.896689906471486],[102.3300843345399,-0.8968705447050344],[102.32954598063712,-0.896871038239326],[102.32954614407085,-0.8970516765720836]]],[[[102.34766990601193,-0.896312473974669],[102.347669741825,-0.8961318389969495],[102.34749029382785,-0.8961320042488472],[102.34749045800599,-0.8963126392598821],[102.34731100996697,-0.8963128045362757],[102.34731068166127,-0.8959515344473696],[102.34749012968278,-0.8959513692376035],[102.34748996557083,-0.8957707342261505],[102.34802830941048,-0.8957702386439056],[102.3480284735487,-0.8959508735554073],[102.34820792143779,-0.895950708310376],[102.34820841407739,-0.8964926129436649],[102.34802896616202,-0.8964927782886583],[102.34802880192447,-0.8963121433777835],[102.34766990601193,-0.896312473974669]]],[[[102.34156701784632,-0.8945117276201192],[102.34156750872036,-0.8950536359534601],[102.34174695775648,-0.895053471192102],[102.341747121456,-0.8952341072695417],[102.34210601944662,-0.8952337776538832],[102.34210667464522,-0.8959563216954819],[102.34192722563141,-0.8959564866407567],[102.34192738950492,-0.8961371226838946],[102.34174794044931,-0.8961372876536112],[102.34174810434712,-0.8963179237297988],[102.34156865524969,-0.8963180887239539],[102.34156881917178,-0.8964987248331893],[102.34138937003256,-0.8964988898517794],[102.34138953397891,-0.8966795259940609],[102.34121008479788,-0.896679691037082],[102.34121041277221,-0.8970409633875245],[102.34085151427595,-0.8970412935800979],[102.3408513502898,-0.8968606573384802],[102.34067190100087,-0.8968608223882781],[102.34067157314522,-0.8964995498379204],[102.34085102241662,-0.8964993848546179],[102.34085085852958,-0.8963187486123735],[102.34103030775917,-0.8963185836534987],[102.34102981627001,-0.8957766750252614],[102.3408503670667,-0.8957768398843875],[102.34085020331182,-0.8955962036413078],[102.34067075408421,-0.8955963684583712],[102.34067026304406,-0.8950544596281376],[102.34049081380968,-0.8950546243366497],[102.34049032309309,-0.894512715404801],[102.34066977230123,-0.8945125507960265],[102.34066960878637,-0.8943319145182395],[102.34084905795271,-0.8943317499339104],[102.34084922147633,-0.8945123861784499],[102.3412081197274,-0.8945120569168892],[102.34120795618631,-0.8943314207388506],[102.34138740525354,-0.8943312561281198],[102.34138756880338,-0.8945118922729055],[102.34156701784632,-0.8945117276201192]]],[[[102.33205438084364,-0.892533425489085],[102.33187493014792,-0.8925335893105706],[102.33187476742394,-0.8923529514035325],[102.33151586595109,-0.8923532789538383],[102.33151554063687,-0.8919920030065074],[102.33169499137233,-0.8919918393020593],[102.33169450362196,-0.8914499254789764],[102.3318739542983,-0.8914497618652271],[102.33187411685753,-0.8916303997733035],[102.33241246871503,-0.8916299087799329],[102.33241311938608,-0.8923524600122135],[102.33205421811094,-0.8923527876152075],[102.33205438084364,-0.892533425489085]]],[[[102.34174385374456,-0.8916213856811646],[102.3413849559711,-0.8916217139313554],[102.34138462996184,-0.8912604416349182],[102.34156407884767,-0.8912602775807196],[102.3415639158839,-0.891079641465444],[102.34174336472795,-0.8910794774357318],[102.34174352770043,-0.8912601135177505],[102.34192297652017,-0.8912599494460108],[102.34192313953442,-0.8914405854945636],[102.34174369070598,-0.8914407495995612],[102.34174385374456,-0.8916213856811646]]],[[[102.33060730713855,-0.8797094274242163],[102.33114565797356,-0.8797089431787735],[102.33114597877271,-0.880070219286776],[102.33078707821457,-0.8800705422583308],[102.33078723864634,-0.880251180378326],[102.33060778830925,-0.8802513418842606],[102.33060730713855,-0.8797094274242163]]],[[[102.34243676700731,-0.8636221545951499],[102.34243645114006,-0.8632608826344375],[102.34225700374871,-0.8632610415766492],[102.34225668803055,-0.8628997695486055],[102.34261558274643,-0.8628994517887438],[102.34261574060586,-0.8630800877363382],[102.34279518792266,-0.8630799288104037],[102.34279550375756,-0.863441200638455],[102.34297495105818,-0.8634410416374906],[102.34297510903366,-0.8636216775179456],[102.34243676700731,-0.8636221545951499]]],[[[102.35970881989084,-0.9136421219821514],[102.35970831610028,-0.9131002238177053],[102.35988776267344,-0.9131000548231802],[102.35988759480078,-0.9129194221347088],[102.36060538072547,-0.9129187462005276],[102.36060554863383,-0.9130993787552353],[102.36042610219359,-0.9130995477856986],[102.36042627012625,-0.9132801803736365],[102.36024682364385,-0.9132803494285572],[102.36024715959103,-0.9136416146706784],[102.35970881989084,-0.9136421219821514]]],[[[102.35055566014032,-0.912205658498538],[102.3509145565487,-0.9122053217504192],[102.35091472384258,-0.912385956109391],[102.351094172006,-0.9123857876885179],[102.35109433934191,-0.9125664220139273],[102.35055599472551,-0.912566927349656],[102.35055582741636,-0.9123862929242034],[102.34947913734248,-0.9123873031531712],[102.34947880293056,-0.9120260339015525],[102.34983769971869,-0.9120256973278191],[102.3498375325446,-0.9118450627683625],[102.35001698088006,-0.9118448945013732],[102.35001681373016,-0.911664259975043],[102.35019626202357,-0.9116640917324212],[102.35019642918239,-0.911844726225411],[102.3503758774516,-0.9118445579404767],[102.35037604465244,-0.9120251923999114],[102.35055549289741,-0.91202502407266],[102.35055566014032,-0.912205658498538]]],[[[102.35324637620926,-0.9111193284562676],[102.35324620903158,-0.9109386945294885],[102.35306676133726,-0.9109388627911295],[102.3530664270992,-0.9105775948701922],[102.35486090237188,-0.9105759125179973],[102.35486106956337,-0.910756546144785],[102.35468162217646,-0.9107567144537111],[102.3546817893922,-0.9109373481136729],[102.35378455191557,-0.9109381896907839],[102.35378471911996,-0.9111188235174403],[102.35324637620926,-0.9111193284562676]]],[[[102.35324370534575,-0.9082291856023257],[102.35324420548604,-0.9087710873915759],[102.35288531027768,-0.9087714231050188],[102.35288547703966,-0.9089520571010847],[102.35270602937688,-0.9089522249777602],[102.35270619616311,-0.9091328590069808],[102.35252674845827,-0.9091330269080774],[102.35252691526878,-0.9093136609704521],[102.35216801974188,-0.9093139968125334],[102.35216785294915,-0.9091333626834335],[102.35198840514487,-0.9091335305576927],[102.35198823839416,-0.9089528963950212],[102.3518087905656,-0.9089530642269763],[102.3518084571814,-0.908591795834281],[102.3519879049922,-0.9085916280690419],[102.35198723858606,-0.9078690914145411],[102.35234613403716,-0.9078687561241294],[102.35234596750074,-0.9076881220266965],[102.35306375796961,-0.9076874514721375],[102.35306392454152,-0.9078680854361055],[102.35324337208472,-0.9078679177417665],[102.35324353869866,-0.9080485516721517],[102.35306409114658,-0.908048719399862],[102.35306425778481,-0.9082293533634063],[102.35324370534575,-0.9082291856023257]]],[[[102.35359595964205,-0.9010034953514787],[102.3541343008658,-0.9010029959663206],[102.35413496265632,-0.901725531051152],[102.35395551557967,-0.901725697655255],[102.3539556811014,-0.9019063314593166],[102.35359678683095,-0.9019066647076573],[102.35359595964205,-0.9010034953514787]]],[[[102.36041442948692,-0.9004552661028574],[102.3604139328669,-0.899913368293335],[102.3605933786603,-0.8999132017042494],[102.36059354417587,-0.90009383427419],[102.36077298994482,-0.9000936676428042],[102.36077315550244,-0.9002743001790899],[102.36095260124696,-0.9002741335054005],[102.36095276684661,-0.9004547660080291],[102.36041442948692,-0.9004552661028574]]],[[[102.36167088089695,-0.9008153638278977],[102.36167038389267,-0.9002734667220607],[102.36149093828111,-0.9002736334311827],[102.36149027610934,-0.8995511038199745],[102.36166972168573,-0.8995509372446685],[102.3616695562171,-0.8993703048747957],[102.36184900175145,-0.8993701383240943],[102.36184933273954,-0.8997314029967182],[102.36202877825822,-0.8997312363702524],[102.36202894381093,-0.8999118686727918],[102.36184949828345,-0.8999120353327156],[102.36185032650168,-0.9008151970095498],[102.36167088089695,-0.9008153638278977]]],[[[102.35718225124671,-0.8981100333205467],[102.35700280491011,-0.8981101994072943],[102.35700263993566,-0.8979295661665158],[102.35664374718041,-0.8979298982466852],[102.3566434173662,-0.8975686316308717],[102.35789954130571,-0.8975674696634189],[102.3579005315154,-0.8986512681050665],[102.35736219272535,-0.8986517667455773],[102.35736202763374,-0.8984711335722486],[102.35718258131277,-0.898471299734656],[102.35718225124671,-0.8981100333205467]]],[[[102.35735840401811,-0.8944972037060518],[102.35771729617487,-0.894496872824932],[102.3577171318294,-0.8943162397136202],[102.35789657784923,-0.8943160742932745],[102.35789674220345,-0.8944967073711696],[102.35807618819881,-0.8944965419086057],[102.35807668148693,-0.8950384410407835],[102.35789723546534,-0.8950386066036027],[102.35789739995238,-0.8952192396806624],[102.35771795388882,-0.8952194052680917],[102.35771811840033,-0.8954000383783596],[102.35700033377906,-0.8954007007736372],[102.35700049828874,-0.8955813340173447],[102.35682105204167,-0.8955814996275459],[102.35682121657581,-0.8957621329044525],[102.35664177028677,-0.8957622985392475],[102.35664193484536,-0.8959429318493511],[102.35682138114312,-0.8959427661811503],[102.35682154574364,-0.8961233994576387],[102.35646265309738,-0.8961237308520348],[102.35646281771359,-0.8963043641951243],[102.3562833713319,-0.8963045299124983],[102.35628304215021,-0.8959432631593051],[102.35610359575287,-0.8959434288010583],[102.35610343122057,-0.895762795390747],[102.35646232396456,-0.8957624641652281],[102.35646215944794,-0.8955818308215112],[102.35664160576141,-0.8955816652289348],[102.35664144126922,-0.8954010319184132],[102.35682088754074,-0.8954008663504304],[102.356820723073,-0.8952202330731058],[102.35664127681024,-0.8952203986076827],[102.35664111238445,-0.8950397652967433],[102.35646166609725,-0.895039930789107],[102.35646183051428,-0.8952205641334506],[102.35610293782281,-0.8952208951585604],[102.35610244472375,-0.8946789949244943],[102.35592299835446,-0.8946791603236394],[102.35592283406322,-0.8944985268784675],[102.3557433876695,-0.894498692235412],[102.35574289502114,-0.8939567917984534],[102.35610178772295,-0.8939564612761506],[102.35610162355573,-0.8937758278635427],[102.35628106984812,-0.8937756626225976],[102.35628090570535,-0.8935950292431823],[102.35646035195579,-0.893594864026845],[102.35646018783748,-0.8934142306806233],[102.35681908022136,-0.8934139002883806],[102.35681924435714,-0.893594533567792],[102.35717813662569,-0.8935942030735677],[102.3571787935707,-0.8943167359218585],[102.35735823969013,-0.8943165705279124],[102.35735840401811,-0.8944972037060518]]],[[[102.3600417469046,-0.8852824544596782],[102.35986230171825,-0.8852826183137257],[102.35986246450737,-0.8854632510343042],[102.36004190970237,-0.8854630871468189],[102.36004207253339,-0.8856437198337531],[102.36040096284103,-0.8856433919657636],[102.36040112572257,-0.88582402458561],[102.35986279018529,-0.8858245164748412],[102.35986295307409,-0.8860051491948],[102.35950406253245,-0.8860054771442437],[102.35950422543715,-0.8861861099308659],[102.35932478010784,-0.8861862739259434],[102.35932510599957,-0.8865475395654321],[102.35914566061972,-0.8865477036186514],[102.35914614968047,-0.8870896021766249],[102.35932559508633,-0.8870894380231134],[102.35932592131027,-0.8874507036605326],[102.35950536670025,-0.8874505394314274],[102.35950552987073,-0.887631172216394],[102.35968497523618,-0.8876310079451221],[102.35968513844855,-0.8878116406964474],[102.35986458378946,-0.8878114763830056],[102.35986474704373,-0.8879921091006874],[102.36022363764322,-0.8879917803807195],[102.36022380094806,-0.8881724130313166],[102.36130047200105,-0.8881714264610387],[102.3613003086441,-0.8879907940111169],[102.36147975369458,-0.8879906295856023],[102.3614795903622,-0.8878099971689254],[102.36165903537078,-0.8878098327681272],[102.36165936208614,-0.8881710975343658],[102.36183880707883,-0.8881709330579208],[102.36183897049506,-0.8883515654072732],[102.36201841546318,-0.8883514008886315],[102.36201825203827,-0.8881707685727362],[102.36219769696447,-0.8881706040788128],[102.36219737019701,-0.8878093395133184],[102.36201792528817,-0.8878095039403237],[102.362017761963,-0.8876288716238062],[102.3618383170296,-0.8876290360086184],[102.36183815374635,-0.8874484036584366],[102.36201759867107,-0.8874482393070819],[102.3620169458358,-0.8867257100381137],[102.36183750094577,-0.8867258742556386],[102.36183733782873,-0.8865452419044213],[102.36165789291411,-0.8865454060797658],[102.361657729839,-0.8863647736948862],[102.36237550926334,-0.8863641170750026],[102.36237567237312,-0.8865447493260489],[102.36273456190312,-0.8865444208968515],[102.3627347250635,-0.8867250530807639],[102.36291416978729,-0.8867248888196143],[102.36291433298958,-0.8869055209698531],[102.36309377768879,-0.8869053566665106],[102.363093940933,-0.8870859887830744],[102.36291449622512,-0.8870861531198853],[102.36291547633674,-0.8881699460157271],[102.36273603154355,-0.8881701105446073],[102.3627361950032,-0.8883507427266548],[102.36255675016807,-0.8883509072802606],[102.36255691365228,-0.8885315394955656],[102.3627363584961,-0.8885313749084954],[102.36273668558167,-0.8888926392715544],[102.36255724072048,-0.8888928039255535],[102.36255740430444,-0.8890734361402363],[102.36237795940131,-0.8890736008189518],[102.36237812300986,-0.8892542330668898],[102.36255756792167,-0.8892540683547114],[102.36255773157214,-0.8894347005689789],[102.3627371764594,-0.8894345358145863],[102.36273734015182,-0.8896151679951816],[102.36327567464016,-0.8896146735790893],[102.36327583839193,-0.8897953056590727],[102.36363472790192,-0.8897949759376329],[102.36363505554002,-0.8901562399630863],[102.36381450026252,-0.8901560750222831],[102.36381466414016,-0.8903367070012228],[102.3641735535028,-0.8903363770263852],[102.36417371743111,-0.8905170089381612],[102.36471205125163,-0.8905165138097544],[102.36471221523934,-0.8906971456208755],[102.36453277065705,-0.8906973107059242],[102.36453293466933,-0.8908779425503214],[102.36471237926031,-0.8908777774317888],[102.36471254331455,-0.8910584092424938],[102.36453309871487,-0.8910585743945105],[102.36453326279369,-0.891239206238492],[102.36435381815201,-0.8912393714152237],[102.36435414639202,-0.8916006351695265],[102.36453359105111,-0.8916004699258302],[102.36453391944164,-0.8919617336123358],[102.36435447476511,-0.891961898922997],[102.36435463900156,-0.8921425307994197],[102.36453408368682,-0.8921423654552764],[102.36453424796525,-0.8923229972980083],[102.36489313725338,-0.8923226665164167],[102.36489330158254,-0.8925032982919706],[102.36507274618542,-0.8925031328545171],[102.36507258184754,-0.892322501112451],[102.36543147093602,-0.89232217027818],[102.36543130661396,-0.8921415386028864],[102.36668741731415,-0.8921403806408601],[102.36668725296435,-0.8919597491998468],[102.36704614141878,-0.8919594183415634],[102.36704597708484,-0.8917787869673547],[102.36776375355929,-0.8917781252795202],[102.3677639179281,-0.8919587565196825],[102.36794336197218,-0.8919585910422715],[102.36794319759463,-0.8917779598356255],[102.36830208556545,-0.8917776289215128],[102.3683022499604,-0.8919582600611208],[102.36848169390456,-0.8919580945573813],[102.36848185834157,-0.8921387256632597],[102.36884074614738,-0.8921383945624036],[102.36884058169294,-0.8919577635235734],[102.36919946934805,-0.8919574324546611],[102.36919930490949,-0.891776801482678],[102.36937874867836,-0.891776635968588],[102.36937858426441,-0.891596005029927],[102.36955802799123,-0.8915958395405946],[102.36955786360188,-0.8914152086352577],[102.36991675093816,-0.8914148776973447],[102.36991691534494,-0.8915955085356123],[102.37009635897181,-0.8915953430199621],[102.37009668790277,-0.891956604628797],[102.37027613151373,-0.8919564390372959],[102.3702766251863,-0.892498331348368],[102.37009718154917,-0.892498497040487],[102.37009734616463,-0.8926791278439665],[102.36955901502708,-0.8926796249682417],[102.3695591796497,-0.8928602558721204],[102.36937973586181,-0.8928604215961777],[102.369379900509,-0.8930410525333797],[102.36920045667907,-0.8930412182821825],[102.36920062135084,-0.8932218492527063],[102.36902117747887,-0.8932220150262509],[102.36902134217524,-0.8934026460300948],[102.36884189826121,-0.8934028118283776],[102.36884206298217,-0.8935834428655395],[102.3686626190261,-0.8935836086885569],[102.36866278377161,-0.8937642397590352],[102.3684833397735,-0.8937644056067837],[102.36848383418375,-0.8943062989175363],[102.36830439012608,-0.8943064648570557],[102.36830455498739,-0.8944870959937435],[102.36776622258839,-0.894487593860059],[102.36776589295157,-0.8941263313853663],[102.36758644876943,-0.8941264972561737],[102.36758628400972,-0.8939458659849996],[102.36722739556303,-0.8939461976331983],[102.3672272308541,-0.8937655662947921],[102.36740667508535,-0.8937654005086014],[102.36740601654763,-0.8930428752869333],[102.36722657235131,-0.8930430409390806],[102.36722640780886,-0.8928624095996311],[102.36704696358797,-0.8928625752094824],[102.36704679908753,-0.8926819438363154],[102.36686735484209,-0.892682109403874],[102.36686719038367,-0.8925014779969916],[102.36668774611366,-0.8925016435222615],[102.36668758169725,-0.8923210120816649],[102.36579035989136,-0.8923218394087893],[102.36579052426414,-0.8925024710168865],[102.36543163529134,-0.8925028019532653],[102.36543179967995,-0.8926834336281421],[102.36525235513491,-0.8926835991166502],[102.36525251954806,-0.8928642308248097],[102.365073074961,-0.892864396338024],[102.36507291055658,-0.8926837645963746],[102.36417568716584,-0.8926845918632454],[102.36417585152664,-0.8928652237723157],[102.36399640673996,-0.8928653892328182],[102.3639965711253,-0.8930460211751586],[102.3641760159207,-0.8930458556811772],[102.36417618034805,-0.8932264875898306],[102.36435562511893,-0.8932263220535813],[102.36435578958826,-0.8934069539285455],[102.36453523433461,-0.8934067883500252],[102.36453539884594,-0.893587420191298],[102.36471484356774,-0.8935872545705029],[102.36471467904767,-0.8934066227627141],[102.36489412372747,-0.8934064571666129],[102.36489461741371,-0.8939483524888955],[102.36507406208644,-0.89394818678354],[102.3650742267238,-0.894128818523729],[102.36489478204236,-0.8941289842625721],[102.36489494670425,-0.8943096160360402],[102.36507439139446,-0.8943094502637094],[102.36507455609838,-0.8944900820034809],[102.36543344539645,-0.8944897503654402],[102.36543361015113,-0.8946703820380222],[102.36525416551001,-0.8946705478949345],[102.36525433028922,-0.8948511796007986],[102.36507488560606,-0.8948513454823975],[102.36507505040981,-0.8950319772215425],[102.36489560568464,-0.8950321431278242],[102.36489593537448,-0.8953934066724624],[102.36453704578928,-0.895393738592547],[102.36453688094522,-0.8952131067533619],[102.36435743611148,-0.8952132726667064],[102.36435727130944,-0.89503264079383],[102.36399838155963,-0.8950329725271345],[102.36399854634416,-0.8952136044669703],[102.3638191014106,-0.8952137703538895],[102.36381926621965,-0.8953944023269935],[102.36363982124408,-0.8953945682385797],[102.36363998607764,-0.8955752002449502],[102.36346054106005,-0.8955753661811996],[102.36346087080945,-0.89593663026026],[102.36328142574109,-0.8959367962546411],[102.36328159065692,-0.8961174283273295],[102.36292270040289,-0.8961177603565834],[102.36292237063952,-0.8957564960771213],[102.36274292548013,-0.8957566620115894],[102.36274276065708,-0.8955760298380782],[102.36256331547321,-0.8955761957302676],[102.36256315069218,-0.8953955635230827],[102.36220426024218,-0.895395895214102],[102.36220409551188,-0.8952152629397842],[102.36292187624387,-0.8952145996563599],[102.36292171151185,-0.8950339675156881],[102.36310115660295,-0.8950338017062792],[102.36310099189542,-0.8948531695988665],[102.36328043694452,-0.8948530038141209],[102.36328010761176,-0.8944917396656094],[102.36345955261011,-0.8944915739390022],[102.36345922339288,-0.8941303098565989],[102.36363866834049,-0.8941301441881375],[102.36363817473791,-0.8935882481633876],[102.36381761962605,-0.8935880825865545],[102.3638172907065,-0.8932268186359621],[102.36363784583583,-0.8932269841458448],[102.36363751706679,-0.8928657201274676],[102.36345807218031,-0.8928658855616143],[102.36345790785441,-0.8926852535186394],[102.36309901799913,-0.892685584293635],[102.36309885372394,-0.8925049521835103],[102.36273996375309,-0.8925052828564372],[102.36273979952861,-0.8923246506791694],[102.36256035450202,-0.8923248159689954],[102.36256051871777,-0.8925054481797281],[102.3622016285474,-0.892505778799964],[102.36220146434908,-0.8923251465223079],[102.36202201922274,-0.8923253117857939],[102.3620218550664,-0.8921446794744702],[102.36148351951407,-0.892145175111881],[102.36148335541714,-0.8919645426999816],[102.36130391017525,-0.8919647078614432],[102.36130374612029,-0.8917840754158834],[102.36112430085389,-0.8917842405351182],[102.36112413684087,-0.8916036080559003],[102.36094469154995,-0.8916037731329116],[102.36094485555425,-0.891784405645578],[102.36076541022138,-0.8917845707472631],[102.36076557425021,-0.8919652032931685],[102.36058612887538,-0.8919653684195239],[102.36058629292873,-0.8921460009986661],[102.36040684751194,-0.8921461661496881],[102.36040701158979,-0.8923267987620656],[102.36022756613106,-0.8923269639377507],[102.36022773023342,-0.8925075965833613],[102.36004828473274,-0.892507761783706],[102.3600484488596,-0.892688394462548],[102.35986900331697,-0.8926885596875489],[102.35986966012177,-0.8934110905345847],[102.35969021451099,-0.8934112558845467],[102.35969054309527,-0.893772521373686],[102.35986998872352,-0.8937723559568518],[102.35987015307423,-0.8939529886676726],[102.36058793528989,-0.8939523267786291],[102.36058809970878,-0.8941329593554789],[102.36076754518835,-0.8941327938277825],[102.36076770964922,-0.8943134263709784],[102.3609471551043,-0.8943132608010376],[102.36094748414322,-0.8946745258199089],[102.36112692958257,-0.894674360174271],[102.36112709416064,-0.8948549926499448],[102.36130653957547,-0.8948548269620534],[102.36130637498866,-0.8946741945198301],[102.36166526570113,-0.8946738631845385],[102.36166543030544,-0.8948544955598556],[102.36184487562055,-0.8948543298455491],[102.36184504026686,-0.8950349621872016],[102.36202448555747,-0.8950347964306329],[102.36202465024576,-0.895215428738619],[102.3609479779509,-0.8952164233466499],[102.36094781331511,-0.8950357908379453],[102.35987113987625,-0.8950367849282141],[102.35987097532617,-0.8948561522186456],[102.35969152964547,-0.8948563178360973],[102.35969169418681,-0.8950369505791017],[102.35915335691912,-0.8950374474789239],[102.35915352146743,-0.8952180803220176],[102.35897407563634,-0.895218245971107],[102.3589742402091,-0.895398878847421],[102.35879479433606,-0.895399044521129],[102.35879397184817,-0.8944958799703348],[102.35897341767746,-0.8944957144637631],[102.35897325327079,-0.8943150815864054],[102.35915269905814,-0.8943149161044613],[102.35915253467594,-0.8941342832603235],[102.35897308889733,-0.8941344487088386],[102.3589729245571,-0.8939538158310634],[102.35879347875402,-0.893953981237353],[102.35879364308552,-0.8941346141485556],[102.35861419724048,-0.8941347795794745],[102.35861436159645,-0.894315412523894],[102.35825546978927,-0.8943157434261839],[102.35825530545077,-0.8941351104149186],[102.35843475136222,-0.8941349450015955],[102.35843442276739,-0.8937736790452832],[102.3582549768734,-0.8937738443917622],[102.35825464842888,-0.8934125783677718],[102.35807520251915,-0.893412743638616],[102.35807487422493,-0.8930514775469514],[102.35789542829946,-0.8930516427421679],[102.35789510015553,-0.8926903765828327],[102.35807454606355,-0.8926902114544529],[102.35807356237636,-0.8916064131719603],[102.35789411652067,-0.8916065780998297],[102.35789395269775,-0.8914259450186008],[102.35771450681756,-0.8914261099042806],[102.35771467063178,-0.8916067430189262],[102.35753522470966,-0.8916069079292495],[102.35753538854836,-0.8917875410771015],[102.35735594258435,-0.8917877060120645],[102.35735577875437,-0.8916070728307994],[102.35699688674417,-0.8916074026075799],[102.35699672296481,-0.8914267693592858],[102.35681727691862,-0.8914269342011086],[102.35681744068927,-0.8916075674828104],[102.35663799460117,-0.8916077323492679],[102.35663848608608,-0.8921496322933431],[102.35645903993864,-0.8921497972512399],[102.35645920382461,-0.8923304305989194],[102.35663864998078,-0.8923302656076183],[102.35663881390867,-0.8925108989216858],[102.35681826004037,-0.8925107338881986],[102.35681809610375,-0.8923301006075371],[102.35699754219353,-0.8923299355986758],[102.35699737828139,-0.8921493023512139],[102.35753571632536,-0.8921488073721818],[102.35753604423518,-0.8925100736664295],[102.35717715220416,-0.8925104037948782],[102.35717731619143,-0.8926910370085139],[102.3569978701174,-0.8926912020929746],[102.35699803412912,-0.8928718353398116],[102.35663914186402,-0.8928721655491954],[102.35663897786975,-0.8926915322355445],[102.35610063924933,-0.8926920273835209],[102.35610080321743,-0.8928726607973788],[102.35574191062042,-0.892872990918906],[102.35574174666978,-0.8926923574382523],[102.35556230033022,-0.892692522452442],[102.3555621364215,-0.8925118889381848],[102.35520324366028,-0.8925122188734277],[102.35520275218552,-0.8919703181290506],[102.35538219855655,-0.8919701532659956],[102.35538203478927,-0.891789519717512],[102.35520258842696,-0.8917896845471754],[102.35520242470159,-0.8916090509650921],[102.35538187105517,-0.8916088861688203],[102.35538170735425,-0.8914282526199209],[102.35556115366596,-0.8914280878482694],[102.35556098998951,-0.8912474543325553],[102.35574043625931,-0.8912472895855276],[102.35574027260733,-0.891066656103001],[102.35591971883524,-0.8910664913806006],[102.35591955520775,-0.8908858579312633],[102.3564578936662,-0.890885363811657],[102.35645773004576,-0.890704730462313],[102.3566371761235,-0.8907045657716498],[102.35663684896478,-0.8903432991391473],[102.35699574098585,-0.8903429698651547],[102.35699557743888,-0.8901623366154057],[102.35717502339092,-0.8901621719986778],[102.35717485986845,-0.8899815387821303],[102.35699541392512,-0.8899817033654488],[102.35699525044454,-0.8898010701152842],[102.35663635847567,-0.8898013991888362],[102.35663586828531,-0.8892594992366566],[102.35681531426025,-0.8892593348044759],[102.35681515092115,-0.8890787015200736],[102.3566357049549,-0.8890788659188482],[102.3566355416577,-0.8888982326008326],[102.35681498761525,-0.8888980682354638],[102.35681482434255,-0.8887174349506467],[102.35663537839368,-0.8887175992826095],[102.35663521516285,-0.888536965964179],[102.35645576918948,-0.8885371302539931],[102.3564559324116,-0.8887177636058277],[102.35591759426627,-0.8887182565230135],[102.35591775749553,-0.8888988899748421],[102.35555886521533,-0.888899218609368],[102.35555837567921,-0.8883573180528828],[102.35537892951538,-0.8883574822568453],[102.35537876641173,-0.8881768487042093],[102.35519932022342,-0.8881770128660388],[102.35519915716162,-0.8879963792798035],[102.3537635865302,-0.887997691992751],[102.35376309775218,-0.8874557904315951],[102.35394254417116,-0.8874556264731912],[102.3539423813028,-0.8872749926524357],[102.35412182767995,-0.8872748287186785],[102.3541216648361,-0.8870941949310953],[102.3543011111714,-0.8870940310219885],[102.35430046009296,-0.8863714960031114],[102.35447990636042,-0.8863713322188065],[102.35447974366508,-0.8861906984969529],[102.35465918989071,-0.8861905347373109],[102.3546595153319,-0.8865518021140424],[102.35483896154167,-0.8865516382789076],[102.35483912432072,-0.8867322719335768],[102.35501857050598,-0.8867321080563308],[102.35501873332686,-0.8869127416774052],[102.35519817948762,-0.8869125777580438],[102.35519834235033,-0.8870932113455211],[102.35555723458967,-0.8870928834138326],[102.35555739750292,-0.8872735169343179],[102.35591628962686,-0.8872731889009221],[102.35591612669629,-0.887092555447229],[102.35627501867013,-0.8870922274457101],[102.35627485575539,-0.8869115940586091],[102.35645430168387,-0.886911430078159],[102.35645495357666,-0.8876339634917118],[102.35663439950665,-0.8876337993689183],[102.35663456257149,-0.8878144326883851],[102.35681400847696,-0.8878142685234514],[102.35681417158368,-0.8879949018093051],[102.35735250912691,-0.8879944091618612],[102.35735267229288,-0.8881750423472795],[102.35753211808291,-0.8881748780805766],[102.35753195490827,-0.8879942449285714],[102.35860862889903,-0.8879932593453438],[102.35860846570552,-0.8878126263936468],[102.35878791124573,-0.8878124621326197],[102.35878774807675,-0.8876318292141409],[102.35896719357507,-0.8876316649778051],[102.358966378185,-0.8867285005494412],[102.35878693273004,-0.8867286646186411],[102.35878676976034,-0.8865480316989199],[102.35860732428084,-0.8865481957259693],[102.35860716135302,-0.8863675627726162],[102.35842771584895,-0.8863677267575186],[102.35842755296301,-0.886187093770535],[102.35806866187261,-0.8861874216473332],[102.35806849903719,-0.8860067885933007],[102.35735071649252,-0.8860074441085974],[102.35735055372497,-0.8858268109206958],[102.35752999940227,-0.8858266470883617],[102.35752967394944,-0.8854653807787645],[102.35770911957623,-0.8854652170045433],[102.35770895689096,-0.8852845838828498],[102.35806784802763,-0.8852842563751044],[102.35806768535826,-0.8851036233200387],[102.3584265763448,-0.8851032958442919],[102.35842706450445,-0.8856451948083434],[102.35860650997387,-0.8856450309571354],[102.35860667276884,-0.8858256639113156],[102.35896556362535,-0.8858253361159039],[102.35896540081306,-0.8856447032285764],[102.35950373682272,-0.8856442115703793],[102.35950357401768,-0.8854635787831371],[102.35968301927913,-0.8854634149130771],[102.35968285649867,-0.8852827821590624],[102.35950341124587,-0.8852829459956881],[102.35950324850727,-0.8851023132080325],[102.35932380322991,-0.8851024770025151],[102.35932364053319,-0.8849218441812206],[102.35950308580192,-0.8849216804201706],[102.35950276049084,-0.8845604148438269],[102.35968220570903,-0.8845602511409382],[102.35968236835662,-0.884740883895779],[102.35986181355022,-0.8847407201507504],[102.35986197623967,-0.8849213528719486],[102.36004142140872,-0.8849211890847767],[102.3600417469046,-0.8852824544596782]]],[[[102.35143273646878,-0.8901674353894967],[102.35143224683605,-0.8896255325345686],[102.35161169379028,-0.8896253682894345],[102.35161153063696,-0.889444734037398],[102.35214987127468,-0.8894442413495467],[102.3521505241912,-0.8901667779561534],[102.35197107731032,-0.8901669423276279],[102.35197124061364,-0.8903475765121206],[102.35161234673501,-0.890347905295506],[102.3516121834491,-0.8901672710442996],[102.35143273646878,-0.8901674353894967]]],[[[102.35106523706123,-0.88059414314059],[102.35106539856467,-0.8807747775027985],[102.35070650527224,-0.8807751026636805],[102.35070634378602,-0.8805944682347762],[102.3505268970987,-0.8805946307688717],[102.35052625151957,-0.8798720929178196],[102.35088514479222,-0.8798717681077333],[102.35088498346308,-0.8796911337111494],[102.35106443004108,-0.8796909713264682],[102.35106459137884,-0.8798716056897031],[102.35124403793233,-0.8798714432630151],[102.35124436072445,-0.880232711922168],[102.351423807262,-0.8802325494201175],[102.35142413020391,-0.8805938180117443],[102.35106523706123,-0.88059414314059]]],[[[102.36236771909553,-0.8776937687822337],[102.36218827470316,-0.8776939313441646],[102.36218811323118,-0.8775132990495688],[102.36200866881413,-0.8775134615694046],[102.36200834598709,-0.8771521969126804],[102.36182890155396,-0.8771523593569674],[102.36182874019887,-0.876971726994841],[102.36236707337284,-0.8769712397364648],[102.36236723475363,-0.8771518719982142],[102.36218779038698,-0.8771520344597628],[102.36218795179246,-0.877332666754768],[102.3623673961677,-0.8773325042597588],[102.36236771909553,-0.8776937687822337]]],[[[102.36146711359099,-0.8739013004657259],[102.36146727436383,-0.8740819328982355],[102.36164671871796,-0.8740817710399222],[102.36164687953257,-0.8742624034387741],[102.361826323862,-0.8742622415384047],[102.36182664560809,-0.8746235062685856],[102.36164720126156,-0.8746236682358658],[102.36164704038045,-0.874443035837422],[102.36146759600923,-0.8744431977626427],[102.3614677568818,-0.8746238301945399],[102.36128831246879,-0.8746239921446084],[102.36128815160478,-0.8744433596792592],[102.36110870716708,-0.8744435215872718],[102.36110854634484,-0.8742628890882682],[102.361287990774,-0.8742627272137058],[102.36128782997646,-0.8740820947479483],[102.36110838555585,-0.8740822565890609],[102.3611082248001,-0.8739016240896491],[102.3609287803548,-0.8739017858887126],[102.360928941102,-0.8740824184215725],[102.36074949661493,-0.8740825802454837],[102.36074933587626,-0.8739019476791774],[102.36021100224126,-0.8739024329989789],[102.36021116295431,-0.8740830656656141],[102.36003171833431,-0.874083227455123],[102.36003155762981,-0.8739025947550482],[102.35985211298512,-0.8739027565025189],[102.3598519523224,-0.8737221237688029],[102.36003139695855,-0.8737219620547697],[102.3600312363205,-0.8735413293542872],[102.36039012547602,-0.8735410059673107],[102.36039028613115,-0.8737216386009125],[102.36056973066759,-0.8737214768610883],[102.36056957000393,-0.8735408442609295],[102.36128734778327,-0.8735401973494523],[102.36128766921216,-0.8739014622819871],[102.36146711359099,-0.8739013004657259]]],[[[102.35195108459243,-0.867768301855006],[102.35195092543252,-0.8675876676448891],[102.3521303712395,-0.8675875074433519],[102.35213084884413,-0.868129409973017],[102.3517719571461,-0.868129730567705],[102.35177179792838,-0.8679490963246355],[102.35159235203814,-0.8679492565758103],[102.35159219286204,-0.8677686222991827],[102.35195108459243,-0.867768301855006]]],[[[102.36742331168816,-0.9118285299579699],[102.36580830446619,-0.9118300518706077],[102.36580813653201,-0.9116494202850474],[102.3656286911276,-0.9116495893080971],[102.3656285232356,-0.911468957688829],[102.36544907780682,-0.9114691266694154],[102.3654487421405,-0.9111078633632534],[102.36598707827358,-0.9111073565955603],[102.36598691046363,-0.9109267250426458],[102.36616635576586,-0.9109265561356509],[102.36616618798028,-0.9107459246160221],[102.36634563324031,-0.9107457557335644],[102.36634580103478,-0.9109263872196927],[102.36652524627041,-0.9109262182947717],[102.36652507846705,-0.9107455868421459],[102.36670452366049,-0.9107454179417658],[102.36670435588151,-0.9105647865224316],[102.36706324615072,-0.9105644487618015],[102.36706391753764,-0.9112869741698093],[102.3672433626579,-0.9112868051420178],[102.3672435305968,-0.9114674364599786],[102.36742297569266,-0.9114672673897096],[102.36742331168816,-0.9118285299579699]]],[[[102.37334380428946,-0.9105585321496561],[102.37334346817288,-0.9101972717921466],[102.37352291207323,-0.9101971026519642],[102.37352274405609,-0.9100164725064619],[102.37370218791418,-0.9100163033908967],[102.37370235594022,-0.9101969335028255],[102.37406124357412,-0.9101965951776819],[102.37406141165133,-0.9103772252222457],[102.37424085542713,-0.9103770560126623],[102.37424102354659,-0.9105576860234347],[102.37334380428946,-0.9105585321496561]]],[[[102.37298055770705,-0.9058624840779782],[102.372980892187,-0.9062237445799477],[102.37280144838188,-0.9062239129548075],[102.37280161566302,-0.9064045432390411],[102.372442727935,-0.9064048800291385],[102.37244239344149,-0.9060436193262056],[102.37226294954516,-0.9060437876407557],[102.37226278235728,-0.9058631572554109],[102.37244222624476,-0.9058629889744219],[102.37244205908138,-0.9056823586224262],[102.37262150292665,-0.9056821903660871],[102.37262133578776,-0.9055015600474425],[102.37280077959083,-0.9055013918157567],[102.37280061247645,-0.905320761530465],[102.37315949996481,-0.9053204251074995],[102.3731596670969,-0.9055010553256568],[102.37333911079989,-0.9055008870672434],[102.37333927797417,-0.9056815172516197],[102.37315983426232,-0.9056816855436028],[102.37316000146112,-0.9058623157613376],[102.37298055770705,-0.9058624840779782]]],[[[102.37925939574602,-0.9040502969292799],[102.37907995321554,-0.9040504652126692],[102.37908012040575,-0.9042310943235681],[102.37872123522685,-0.9042314309309133],[102.37872140243282,-0.9044120601088524],[102.37836251710259,-0.9044123967478558],[102.37836218275946,-0.9040511382572779],[102.37818274006192,-0.9040513064961929],[102.37818207181185,-0.903328789378024],[102.37836151447407,-0.9033286212735865],[102.37836134748625,-0.9031479920271358],[102.37872023269279,-0.9031476558588423],[102.37872039969827,-0.903328285038049],[102.37889984226025,-0.9033281169069486],[102.37889967524593,-0.9031474877613666],[102.37907911776567,-0.9031473196550053],[102.37907895077596,-0.9029666905428387],[102.37925839325347,-0.9029665224612198],[102.37925856025201,-0.9031471515397578],[102.37943800270492,-0.9031469834156239],[102.37943867106861,-0.9038694995931442],[102.37925922858038,-0.9038696678517978],[102.37925939574602,-0.9040502969292799]]],[[[102.37836101361081,-0.9027867335336007],[102.37854045621313,-0.9027865655211398],[102.3785402893167,-0.9026059363076768],[102.37907861689675,-0.9026054323178729],[102.37907895077596,-0.9029666905428387],[102.37889950826505,-0.9029668586155741],[102.37889934131755,-0.9027862294695699],[102.37871989878205,-0.9027863974997961],[102.37872006572071,-0.9029670266794249],[102.37836118053183,-0.9029673627804743],[102.37836101361081,-0.9027867335336007]]],[[[102.37817923771213,-0.9002580915881497],[102.37853812270346,-0.9002577565134781],[102.37853795627477,-0.9000771272970655],[102.37871739871152,-0.9000769597800662],[102.37871806466195,-0.9007994765099617],[102.37853862218999,-0.9007996441614528],[102.37853878875232,-0.9009802733770237],[102.37835934623816,-0.9009804410532731],[102.37835984609916,-0.9015223287995843],[102.37782151827693,-0.9015228320777032],[102.37782135164962,-0.9013422027282908],[102.37764190898422,-0.9013423704363096],[102.37764174239909,-0.901161741053072],[102.37746229970911,-0.9011619087186106],[102.37746180018061,-0.9006200204667976],[102.37728235748364,-0.900620188022638],[102.37728169194843,-0.899897670216165],[102.37746113461021,-0.8998975027947669],[102.37746096830111,-0.8997168733762332],[102.37781985350689,-0.8997165385741008],[102.37782001983358,-0.8998971679254079],[102.37799946239517,-0.8998970004774473],[102.37799962876406,-0.9000776297949283],[102.37817907130103,-0.9000774623044967],[102.37817923771213,-0.9002580915881497]]],[[[102.3645373755772,-0.8957550022702894],[102.3645372106666,-0.8955743704315225],[102.3647166554846,-0.8955742044424013],[102.36471715034249,-0.8961160998576215],[102.36435826062069,-0.8961164320279521],[102.3643580956523,-0.8959358001561214],[102.36417865075026,-0.89593596619458],[102.36417848582391,-0.8957553342890593],[102.3645373755772,-0.8957550022702894]]],[[[102.37260217399866,-0.8845484416600857],[102.37260233726882,-0.8847290720029888],[102.37242289443857,-0.8847292363660865],[102.37242322106165,-0.8850904971183964],[102.3720643352665,-0.8850908259527156],[102.37206449861075,-0.8852714563956795],[102.37170561266494,-0.885271785262277],[102.37170577602524,-0.8854524157721461],[102.37152633299364,-0.8854525802259328],[102.37152649637864,-0.8856332107691484],[102.37134705330506,-0.8856333752477744],[102.37134721671471,-0.8858140058243349],[102.3706294440524,-0.8858146637858892],[102.37062928067738,-0.8856340330751403],[102.37044983743712,-0.8856341975101972],[102.3704491843049,-0.8849116745309619],[102.37062862751054,-0.884911510230076],[102.37062846430216,-0.8847308795182931],[102.37080790746582,-0.8847307152422448],[102.37080774428213,-0.8845500845637995],[102.37098718740381,-0.8845499203125924],[102.3709870242448,-0.8843692896674868],[102.37134591037086,-0.8843689612060611],[102.37134574722789,-0.8841883306278469],[102.37152519023229,-0.8841881664176334],[102.37152502711402,-0.8840075358727641],[102.37134558411827,-0.884007700049426],[102.371345421042,-0.8838270694707986],[102.37098653496778,-0.883827397730931],[102.37098637194212,-0.8836467670849996],[102.37242191536969,-0.8836454541041978],[102.37242207846447,-0.8838260844816956],[102.3726015212515,-0.8838259202864089],[102.37260168438827,-0.8840065506301382],[102.37278112715059,-0.8840063863925914],[102.3727816167869,-0.8845482773218472],[102.37260217399866,-0.8845484416600857]]],[[[102.37708758008388,-0.8838218125780558],[102.37690813813114,-0.8838219769907407],[102.37690764829915,-0.8832800883763945],[102.37726653211942,-0.8832797597439742],[102.37726669538063,-0.8834603892150811],[102.37744613724931,-0.8834602248522251],[102.37744630055253,-0.8836408542895153],[102.37708741676452,-0.8836411830737537],[102.37708758008388,-0.8838218125780558]]],[[[102.36829374558877,-0.8825654405262665],[102.36829439657362,-0.8832879651257335],[102.36793550941829,-0.8832882928890844],[102.3679356722305,-0.8834689241054727],[102.36775622859425,-0.883469088007628],[102.36775541490938,-0.8825659317560435],[102.36829374558877,-0.8825654405262665]]],[[[102.36919080001547,-0.8823839906535383],[102.36919096272155,-0.8825646216362963],[102.36865263254181,-0.8825651129963297],[102.36865246986162,-0.8823844819129918],[102.36847302641038,-0.882384645648779],[102.36847286377213,-0.8822040145317124],[102.36883175062405,-0.8822036871185037],[102.36883158800185,-0.8820230560682788],[102.36919047470329,-0.8820227286874047],[102.36919031209716,-0.8818420977040289],[102.36990808506573,-0.8818414429722713],[102.36990841038025,-0.8822027046705543],[102.36972896717086,-0.8822028684335796],[102.36972929260143,-0.8825641301981092],[102.36954984934145,-0.882564294019522],[102.36954968661814,-0.8823836631038262],[102.36919080001547,-0.8823839906535383]]],[[[102.36631921489335,-0.8818447152427942],[102.3661397710351,-0.881844878765215],[102.36613993349467,-0.8820255103183323],[102.36596048959449,-0.8820256738655745],[102.36596065207873,-0.8822063054519842],[102.36614009598752,-0.8822061418712437],[102.36614025851367,-0.8823867734239491],[102.36596081459625,-0.8823869370381876],[102.36596097714705,-0.8825675686241853],[102.36578153318771,-0.8825677322632384],[102.36578137064554,-0.882387100643744],[102.36560192666155,-0.8823872642406188],[102.36560143926059,-0.8818453692804166],[102.36596032714354,-0.8818450422789591],[102.36596016472588,-0.8816644106921377],[102.36613960860882,-0.8816642472118917],[102.3661392838561,-0.8813029841046277],[102.36631872768852,-0.8813028206827069],[102.36631905245846,-0.8816640837229711],[102.36649849627482,-0.8816639202253753],[102.36649882119515,-0.8820251831978122],[102.36631937736155,-0.8820253467624115],[102.36631921489335,-0.8818447152427942]]],[[[102.3647035697411,-0.8811236593459459],[102.36470324532588,-0.8807623957015758],[102.36506213343824,-0.8807620691887256],[102.36506197126334,-0.8805814374332055],[102.3654208592254,-0.8805811109526713],[102.36542118364292,-0.8809423743295455],[102.36524173966133,-0.8809425376411268],[102.36524206419476,-0.8813038010841604],[102.36488317609727,-0.8813041278152732],[102.36488301383115,-0.8811234960268824],[102.3647035697411,-0.8811236593459459]]],[[[102.36847172623699,-0.8809395967064776],[102.36847107694973,-0.8802170722303878],[102.3686505202976,-0.8802169088968774],[102.36865068257806,-0.8803975399826853],[102.36883012590123,-0.8803973766069897],[102.3688302882236,-0.880578007659067],[102.36900973152206,-0.8805778442411821],[102.36901005628395,-0.8809391062776668],[102.36847172623699,-0.8809395967064776]]]]}},{"type":"Feature","properties":{"eventId":"RIAU-20260914-016","firstDetection":"2026-09-14T13:55:00+00:00","lastDetection":"2026-09-14T13:55:00+00:00","estimatedAreaHa":113.08,"confidence":"rendah","hotspotCount":2,"detectionDays":1,"villages":["Punti Anai","Sanglap","Sipang"],"districts":["Batang Cenaku"],"regencies":["Indragiri Hulu"],"method":"Sentinel-2 dNBR/NBR indication","resolutionM":20,"clearCoveragePct":59.7,"preSceneDates":["2026-08-22","2026-08-27","2026-09-03"],"postSceneDates":["2026-09-16","2026-09-23"],"status":"estimate","disclaimer":"Estimasi berbasis citra satelit; bukan hasil verifikasi lapangan.","province":"Riau","villageAreas":[{"village":"Punti Anai","district":"Batang Cenaku","regency":"Indragiri Hulu","areaHa":0.88},{"village":"Sanglap","district":"Batang Cenaku","regency":"Indragiri Hulu","areaHa":2.161652},{"village":"Sipang","district":"Batang Cenaku","regency":"Indragiri Hulu","areaHa":110.038348}],"unassignedAreaHa":0.0},"geometry":{"type":"MultiPolygon","coordinates":[[[[102.30203828688508,-0.8378257063595719],[102.30203813550409,-0.8376450629116377],[102.302217589074,-0.8376449105392331],[102.30221743771747,-0.8374642671239688],[102.30239689124656,-0.8374641147761869],[102.30239673991449,-0.8372834713935942],[102.3027556468583,-0.8372831667390421],[102.30275579820672,-0.8374638100558967],[102.30257634474296,-0.8374639624201629],[102.30257649611586,-0.8376446057696928],[102.30239704261126,-0.8376447581585849],[102.30239719400865,-0.8378254015407884],[102.30203828688508,-0.8378257063595719]]],[[[102.29341981128883,-0.8322330163015238],[102.29341966131064,-0.8320523712721744],[102.2939580258598,-0.8320519183660121],[102.2939581758624,-0.832232563297019],[102.29431708541523,-0.8322322612530606],[102.29431723546668,-0.8324129061183037],[102.29377887106415,-0.8324133592703078],[102.29377872103711,-0.8322327143067113],[102.29341981128883,-0.8322330163015238]]],[[[102.30059768090838,-0.8318656827464288],[102.30059783117937,-0.8320463264634197],[102.3002389239253,-0.8320466290150393],[102.3002387736706,-0.8318659852323533],[102.29987986630226,-0.8318662876855294],[102.29987971609644,-0.8316856438369622],[102.29970026237146,-0.8316857950184282],[102.29970041256914,-0.8318664388998367],[102.29952095880338,-0.8318665901059568],[102.29952080861383,-0.8316859461917087],[102.2993413548236,-0.8316860973568038],[102.2993412046748,-0.8315054534095249],[102.29916175086005,-0.8315056045335986],[102.2991614506766,-0.8311443165727894],[102.29934090447509,-0.8311441655143876],[102.2993407544242,-0.8309635215665294],[102.29969966190703,-0.8309632194908632],[102.2996995118725,-0.8307825756084894],[102.29987896555686,-0.8307824245912302],[102.29987881554683,-0.830601780741505],[102.30005826919043,-0.8306016297489125],[102.30005811920492,-0.8304209859318373],[102.30023757280776,-0.830420834963915],[102.30023772280138,-0.8306014787481452],[102.30041717637971,-0.8306013277392031],[102.30041702637797,-0.8304206839878198],[102.30059647991554,-0.8304205330035516],[102.30059632993832,-0.8302398892848236],[102.30077578343513,-0.8302397383252328],[102.30077593342047,-0.8304203820111108],[102.30095538689275,-0.8304202310104964],[102.300955837069,-0.8309621619684163],[102.30077638357236,-0.8309623130675862],[102.30077713447832,-0.8318655314911857],[102.30059768090838,-0.8318656827464288]]],[[[102.28677697009465,-0.828625672440536],[102.286776672073,-0.8282643799507851],[102.28713558387194,-0.8282640800015386],[102.28713573288272,-0.828444726181082],[102.28731518874152,-0.8284445761615137],[102.28731548687676,-0.82880586845459],[102.28695657509425,-0.8288061686164362],[102.28695642602656,-0.8286255224045624],[102.28677697009465,-0.828625672440536]]],[[[102.28641746228483,-0.8279033872460613],[102.28641731340397,-0.8277227409350923],[102.28623785741503,-0.8277228907830594],[102.28623755976697,-0.8273615980951295],[102.28641701573974,-0.8273614483125784],[102.2864171645556,-0.8275420946239312],[102.2867760764198,-0.8275417949689782],[102.28677622528434,-0.8277224412147179],[102.28695568117578,-0.8277222913423106],[102.28695583008093,-0.8279029375551452],[102.28641746228483,-0.8279033872460613]]],[[[102.29323349145076,-0.8239234942295763],[102.29323378849237,-0.8242847843709353],[102.29269542459696,-0.824285232951016],[102.29269527608405,-0.8241045877821108],[102.29233636667374,-0.8241048867293955],[102.29233621820948,-0.8239242414947613],[102.29197730868506,-0.8239245403440708],[102.2919771602695,-0.8237438950437137],[102.2917977054665,-0.8237440444234414],[102.29179740874913,-0.823382753756628],[102.29251522770134,-0.8233821564511968],[102.29251537607597,-0.8235628016536366],[102.29269483074067,-0.823562652274249],[102.2926949791559,-0.8237432974437275],[102.29287443379611,-0.8237431480234623],[102.29287458225194,-0.823923793159978],[102.29323349145076,-0.8239234942295763]]],[[[102.28641404624746,-0.8237485220452758],[102.28641375001322,-0.8233872294143364],[102.28659320577593,-0.823387080343255],[102.28659305769952,-0.8232064340602085],[102.28677251342168,-0.823206285013734],[102.28677236536973,-0.823025638763208],[102.28713127670044,-0.8230253407113804],[102.28713142476849,-0.8232059868964786],[102.28695196911134,-0.8232061359591577],[102.28695226532888,-0.8235674283942104],[102.28677280962312,-0.8235675775142134],[102.28677295777258,-0.8237482237641665],[102.28641404624746,-0.8237485220452758]]],[[[102.29717940591591,-0.8213911829445654],[102.2971795541412,-0.8215718272965049],[102.29682064658525,-0.8215721257305523],[102.29682079482707,-0.8217527701479284],[102.29664134099217,-0.821752919385634],[102.29664119275839,-0.8215722749354472],[102.2964617388989,-0.821572424132256],[102.2964614425452,-0.8212111351656914],[102.29664089638861,-0.8212109860345009],[102.29664104455719,-0.8213916304850695],[102.29682049837604,-0.8213914813129856],[102.29682035019943,-0.8212108368952279],[102.29735871143623,-0.8212103894289151],[102.29735885963694,-0.8213910337482292],[102.29717940591591,-0.8213911829445654]]],[[[102.29663897316365,-0.8188626081597771],[102.2966386777719,-0.8185013192531198],[102.29681813146247,-0.818501170606011],[102.29681827915006,-0.8186818150266238],[102.29717718644942,-0.8186815176426121],[102.29717748195439,-0.819042806352013],[102.29681857462303,-0.8190431038672792],[102.29681842687023,-0.8188624594470465],[102.29663897316365,-0.8188626081597771]]],[[[102.30184223023548,-0.8177744312097416],[102.30184208248707,-0.8175937877076063],[102.30220098786323,-0.8175934902667428],[102.30220128342468,-0.8179547771393698],[102.30202183073695,-0.8179549259295533],[102.30202197855866,-0.8181355693984459],[102.30166307306924,-0.8181358670203858],[102.30166277749044,-0.817774579950964],[102.30184223023548,-0.8177744312097416]]],[[[102.30166189153766,-0.8166907187381419],[102.30166248204223,-0.8174132928807826],[102.30130357648616,-0.8174135902076505],[102.30130328120053,-0.8170523030052776],[102.30148273397892,-0.8170521544115802],[102.3014824388079,-0.8166908672741628],[102.30166189153766,-0.8166907187381419]]],[[[102.30040439552103,-0.8150659644196872],[102.30040454274855,-0.8152466081873123],[102.30022508985411,-0.8152467564042974],[102.30022538439115,-0.8156080440046724],[102.29932811934974,-0.8156087852976547],[102.29932797210476,-0.8154281413333564],[102.29914851900656,-0.8154282895350357],[102.2991483718022,-0.8152476455377121],[102.29896891867934,-0.8152477936985321],[102.29896862438441,-0.8148865056376492],[102.2993275305656,-0.8148862094393253],[102.2993276777127,-0.8150668534041916],[102.29950713076234,-0.815066705260162],[102.29950698360727,-0.8148860613281333],[102.29986588959272,-0.8148857650816891],[102.2998660367637,-0.8150664089480374],[102.30040439552103,-0.8150659644196872]]],[[[102.29484075327679,-0.8143479752557831],[102.29484060645922,-0.8141673304697998],[102.29502006028417,-0.8141671826902829],[102.29502064778174,-0.8148897617019092],[102.29484119392494,-0.8148899096125986],[102.29484134087282,-0.8150705543978253],[102.29466188697548,-0.8150707023332855],[102.29466129941129,-0.8143481230600782],[102.29484075327679,-0.8143479752557831]]],[[[102.2856875404345,-0.8130909778592367],[102.28568827184229,-0.8139942101433727],[102.28550881633335,-0.8139943574734982],[102.28550866999475,-0.8138137109843477],[102.28532921446129,-0.8138138582737628],[102.28532862946366,-0.8130912721844791],[102.2856875404345,-0.8130909778592367]]],[[[102.29807047649756,-0.813803380821061],[102.29807018280415,-0.8134420924288666],[102.2984290891842,-0.8134417968359586],[102.2984289423705,-0.8132611527052301],[102.29860839550366,-0.8132610049295959],[102.29860824871463,-0.8130803608315069],[102.29878770180721,-0.8130802130806993],[102.29878799543377,-0.8134415012110272],[102.2986085423253,-0.8134416490274958],[102.29860898298594,-0.8139835813200625],[102.29825007662338,-0.8139838771259486],[102.2982499297198,-0.8138032329629599],[102.29807047649756,-0.813803380821061]]],[[[102.29913872844743,-0.8033251412978344],[102.29967708605359,-0.8033247032690484],[102.29967694101151,-0.8031440593576465],[102.29985639347379,-0.80314391336508],[102.29985653852371,-0.8033245572436405],[102.3000359909612,-0.8033244112103266],[102.30003628117464,-0.8036856989012028],[102.2996773762356,-0.8036859910912919],[102.29967723112829,-0.8035053471802633],[102.29913887349856,-0.8035057853075613],[102.29913872844743,-0.8033251412978344]]],[[[102.2978809667528,-0.801339076441192],[102.29770151401013,-0.8013392220185961],[102.29770165863971,-0.8015198662929931],[102.2975222058566,-0.8015200118953303],[102.29752206123486,-0.8013393675881137],[102.29734260842696,-0.8013395131497443],[102.29734275304087,-0.8015201574897787],[102.29716330019255,-0.8015203030763388],[102.29716344483121,-0.8017009474490031],[102.29698399194244,-0.8017010930604888],[102.29698370271336,-0.8013398042493457],[102.29680424980766,-0.8013399497873163],[102.29680410524988,-0.8011593053486532],[102.29662465231941,-0.8011594508459262],[102.29662450780205,-0.8009788063742665],[102.29698341361471,-0.8009785154374585],[102.29698326911429,-0.8007978710312359],[102.29788053303625,-0.8007971437153486],[102.29788067757582,-0.8009777879574823],[102.2980601302702,-0.8009776424378374],[102.2980599857228,-0.8007969982285269],[102.29823943837675,-0.8007968527338237],[102.29823972751983,-0.8011581410866093],[102.297880822148,-0.8011584321994302],[102.2978809667528,-0.801339076441192]]],[[[102.29697995460307,-0.7966430496368905],[102.29697981088513,-0.7964624052262178],[102.29680035819032,-0.7964625498782534],[102.29680021451279,-0.7962819054345833],[102.29715911985421,-0.7962816161882996],[102.2971589761937,-0.7961009718100713],[102.29733842880772,-0.7961008272079899],[102.29733857247604,-0.7962814715534022],[102.29751802506524,-0.796281326910668],[102.29751816877393,-0.7964619712230778],[102.29733871617694,-0.79646211589863],[102.29733885991047,-0.7966427602436726],[102.29697995460307,-0.7966430496368905]]],[[[102.29715883256578,-0.7959203274316577],[102.29715840187765,-0.7953783942953094],[102.29733785446057,-0.7953782498244919],[102.29733771095529,-0.7951976054781553],[102.29751716349782,-0.7951974610323274],[102.29751730701086,-0.795378105345846],[102.29769675952856,-0.795377960859372],[102.297696903082,-0.7955586051398865],[102.29751745055653,-0.7955587496591798],[102.29751773774566,-0.7959200382852936],[102.29715883256578,-0.7959203274316577]]],[[[102.29338903059079,-0.7942975559641667],[102.293388887452,-0.7941169108951843],[102.29320943420657,-0.7941170549643455],[102.29320929110811,-0.7939364098624024],[102.29356819755084,-0.7939361217818199],[102.29356805446942,-0.7937554767452478],[102.29374750763417,-0.793755332726016],[102.29374765072335,-0.7939359777298077],[102.29410655697068,-0.7939356896023411],[102.29410670010796,-0.7941163345403826],[102.29428615319053,-0.7941161904321429],[102.29428629636816,-0.7942968353372146],[102.29338903059079,-0.7942975559641667]]],[[[102.29320771917426,-0.7919493137288766],[102.2932078619145,-0.7921299588328443],[102.29338731507463,-0.7921298151242276],[102.29338717232663,-0.7919491700530368],[102.29374607853367,-0.7919488826779734],[102.29374622129716,-0.7921295276836053],[102.29356676820217,-0.7921296714078148],[102.29356705381136,-0.7924909614840878],[102.29338760066831,-0.7924911052660578],[102.29338788639227,-0.7928523954071522],[102.29302897997748,-0.7928526830787964],[102.2930291228728,-0.7930333282146194],[102.29249076298314,-0.7930337597618746],[102.29249062011107,-0.7928531145277374],[102.29231116675714,-0.7928532583284442],[102.2923110239254,-0.7926726130613552],[102.29249047727157,-0.7926724692934161],[102.29249019169022,-0.7923111788242219],[102.29231073835955,-0.7923113225266253],[102.29231045292394,-0.79195003199116],[102.2921309995762,-0.7919501756202333],[102.29213085691497,-0.7917695303194587],[102.29248976356241,-0.7917692431190518],[102.29248990623913,-0.7919498883542924],[102.29266935952175,-0.7919497447096301],[102.29266950223877,-0.7921303899119172],[102.29284895549658,-0.7921302462266891],[102.29284881277182,-0.7919496010571735],[102.29320771917426,-0.7919493137288766]]],[[[102.29930454918726,-0.7861638166468545],[102.29930469114676,-0.7863444606412794],[102.29894578743907,-0.7863447464638532],[102.29894550358341,-0.7859834583434833],[102.29876605169602,-0.785983601177498],[102.29876576798623,-0.7856223129907344],[102.29894521985825,-0.7856221702223831],[102.29894507804461,-0.7854415261615595],[102.29948343344195,-0.78544109790862],[102.29948357527863,-0.7856217418709378],[102.29930412350447,-0.7856218846624848],[102.2993042653661,-0.7858025286574573],[102.29912481355163,-0.7858026714741079],[102.2991250973574,-0.7861639595291755],[102.29930454918726,-0.7861638166468545]]],[[[102.2978680829319,-0.7850810939426008],[102.29786751644865,-0.7843585169081702],[102.29822642037882,-0.7843582319005883],[102.29822698692347,-0.785080808672429],[102.2978680829319,-0.7850810939426008]]],[[[102.31854924983807,-0.8394374143029456],[102.31854940230073,-0.8396180547179468],[102.31819050090559,-0.8396183616814106],[102.3181898913175,-0.8388957997560317],[102.31854879264702,-0.8388954930567717],[102.31854894501122,-0.8390761334723584],[102.31872839563495,-0.8390759800773167],[102.31872854804017,-0.83925662045968],[102.3189079986393,-0.8392564670233507],[102.31890815108555,-0.8394371073724888],[102.31854924983807,-0.8394374143029456]]],[[[102.31926537691777,-0.837449757284458],[102.31926552905219,-0.837630397569481],[102.31890662809995,-0.8376307038723302],[102.31890678025083,-0.8378113442232231],[102.31854787915093,-0.8378116505591575],[102.31854772701645,-0.8376310101422062],[102.31836827642546,-0.8376311632647794],[102.31836766824843,-0.8369086014629211],[102.31854711880666,-0.8369084484724533],[102.31854681489867,-0.8365471676364089],[102.31872626540773,-0.8365470147037612],[102.31872611349479,-0.8363663743184755],[102.31890556396284,-0.8363662214106249],[102.31890526021905,-0.8360049407055293],[102.31908471063797,-0.8360047878555119],[102.31908547028448,-0.8369079894516335],[102.31926492071143,-0.8369078364282214],[102.3192650727474,-0.8370884767138282],[102.31944452314971,-0.8370883236491445],[102.31944482733645,-0.837449604153704],[102.31926537691777,-0.837449757284458]]],[[[102.3194419428637,-0.8340174393289793],[102.31944163992432,-0.8336561588170349],[102.31962109013865,-0.8336560063718162],[102.31962124160007,-0.8338366465948485],[102.31980069178972,-0.833836494108387],[102.31980114639543,-0.8343784146772035],[102.31926279565461,-0.8343788724093031],[102.31926249260025,-0.834017591832064],[102.3194419428637,-0.8340174393289793]]],[[[102.30454625389984,-0.8325849252142106],[102.30454610335188,-0.8324042822209159],[102.30526391465906,-0.8324036760356592],[102.30526421585279,-0.8327649617589183],[102.304905310232,-0.8327652649995068],[102.30490546086162,-0.8329459079266338],[102.30472600799405,-0.8329460595675253],[102.30472570678381,-0.8325847736472953],[102.30454625389984,-0.8325849252142106]]],[[[102.3206947674245,-0.8300422909920915],[102.32069491827808,-0.8302229310207347],[102.32015656859114,-0.8302233865958394],[102.32015671945321,-0.8304040267234272],[102.31997726948379,-0.830404178598497],[102.31997757129015,-0.8307654589191774],[102.31979812127166,-0.8307656108521561],[102.31979797036018,-0.8305849706588718],[102.31961852031698,-0.830585122550636],[102.31961836944645,-0.8304044823241202],[102.31943891937853,-0.8304046341746739],[102.31943876854893,-0.8302239939149278],[102.3197976686357,-0.8302236902717242],[102.3197975178227,-0.8300430500778606],[102.31997696780873,-0.8300428982770439],[102.31997681702045,-0.8298622581160274],[102.31979736704253,-0.8298624098838041],[102.3197972162952,-0.8296817696895544],[102.31997666626499,-0.8296816179548187],[102.31997651554236,-0.8295009777934162],[102.32015596547123,-0.8295008260835577],[102.32015611620196,-0.8296814662119177],[102.32069446581585,-0.8296810109342252],[102.32069461660376,-0.8298616509632549],[102.32087406641749,-0.8298614991546448],[102.32087421724634,-0.8300421391504319],[102.3206947674245,-0.8300422909920915]]],[[[102.31028587020593,-0.8291478741165689],[102.31028572001948,-0.8289672321729478],[102.31064462333647,-0.8289669298243967],[102.31064507404267,-0.8295088554569989],[102.30992726718047,-0.8295094605168121],[102.30992711694478,-0.8293288185076896],[102.31010656870131,-0.8293286672879243],[102.31010641849024,-0.8291480253115515],[102.31028587020593,-0.8291478741165689]]],[[[102.31136182896468,-0.8282437580438006],[102.31136197906878,-0.8284243997904881],[102.31118252758192,-0.8284245509026106],[102.31118237748593,-0.8282439091229679],[102.31100292597444,-0.828244060193984],[102.31100262589686,-0.8278827765682145],[102.31118207739216,-0.827882625563105],[102.3111819273944,-0.8277019837828852],[102.31136137884887,-0.8277018328025831],[102.31136152885473,-0.8278824745498481],[102.31172043168162,-0.8278821724988913],[102.31172088194424,-0.8284240975417848],[102.3115414305229,-0.8284242486702129],[102.31154128041068,-0.8282436069564824],[102.31136182896468,-0.8282437580438006]]],[[[102.30596845181331,-0.8163258659681836],[102.30596919065742,-0.8172290797021716],[102.30561028668546,-0.8172293773493858],[102.30561013886724,-0.8170487345371665],[102.30543068684021,-0.8170488833158113],[102.30543083465044,-0.8172295261609286],[102.30525138258274,-0.8172296749644286],[102.3052516782853,-0.8175909607198864],[102.30507222616893,-0.8175911095811323],[102.30507237406125,-0.8177717524914706],[102.3048929219042,-0.817771901377563],[102.30489277401988,-0.8175912584343317],[102.30453386962373,-0.8175915561165912],[102.30453372178806,-0.8174109131073901],[102.30327755542821,-0.8174119545116594],[102.30327770320791,-0.8175925977510348],[102.30309825073212,-0.817592746523769],[102.3030981029604,-0.817412103251519],[102.30291865045994,-0.8174122519833336],[102.30291850272887,-0.8172316086780205],[102.3023801450555,-0.817232054726587],[102.3023798497393,-0.8168707679181733],[102.30255930231377,-0.8168706193090965],[102.30255915469667,-0.816689975937473],[102.30273860723051,-0.816689827353226],[102.30273845963809,-0.8165091840142823],[102.30309736459179,-0.8165088868874202],[102.30309721701607,-0.8163282436140313],[102.30327666943596,-0.8163280950714211],[102.30327696463604,-0.8166893815522597],[102.3030975122002,-0.8166895301606194],[102.30309765984126,-0.8168701734336289],[102.30327711228509,-0.8168700247923941],[102.30327725996679,-0.8170506680323388],[102.30345671238594,-0.8170505193501884],[102.30345656469625,-0.8168698761431199],[102.30363601707475,-0.8168697274858063],[102.30363586940975,-0.816689084311427],[102.30399477405275,-0.8166887870384437],[102.30399462640445,-0.8165081439296367],[102.30417407866896,-0.8165079953139727],[102.30417393104534,-0.8163273522378598],[102.30453283546039,-0.8163270550481968],[102.30453298309997,-0.8165076980585366],[102.30489188740027,-0.8165074007709575],[102.30489173974472,-0.8163267578263976],[102.30507119183787,-0.8163266092034468],[102.30507104420703,-0.81614596629159],[102.3052504962595,-0.8161458176934999],[102.30525034865336,-0.8159651748143479],[102.30542980066518,-0.8159650262411219],[102.30542965308373,-0.8157843833946765],[102.3056091050549,-0.8157842348463179],[102.30560880997415,-0.8154229492186547],[102.30614716564362,-0.8154225037228164],[102.30614731319157,-0.8156031464380381],[102.306326765024,-0.8156029978904697],[102.30632706023393,-0.8159642832545342],[102.30614760838556,-0.8159644318679126],[102.30614790371031,-0.8163257172970289],[102.30596845181331,-0.8163258659681836]]],[[[102.30829925805814,-0.813794940126499],[102.30829955278924,-0.8141562247702032],[102.30847900416545,-0.8141560763897249],[102.30847915158802,-0.8143367186783668],[102.30883805425822,-0.8143364218275143],[102.30883820172944,-0.8145170640501088],[102.30847929904333,-0.8145173609668196],[102.30847944653134,-0.8146980032550828],[102.30776164073465,-0.8146985971240065],[102.30776149327849,-0.8145179547040479],[102.30758204175551,-0.8145181031183147],[102.30758218920371,-0.8146987455711925],[102.30740273764005,-0.8146988940103607],[102.30740303261864,-0.8150601789813834],[102.30686467768362,-0.8150606244482643],[102.30686349874532,-0.8136154837696955],[102.30740185348925,-0.8136150390927502],[102.30740200076596,-0.8137956815794916],[102.30758145228981,-0.8137955333049111],[102.30758159960718,-0.8139761757585458],[102.30794050257268,-0.8139758791195173],[102.3079403552394,-0.8137952367317229],[102.30829925805814,-0.813794940126499]]],[[[102.31457870901622,-0.8121639738246208],[102.31439925884082,-0.812164122114666],[102.31439911154885,-0.8119834809113251],[102.31421966134862,-0.8119836291603924],[102.31421980863264,-0.8121642703967186],[102.3140403583917,-0.8121644186707782],[102.3140406530422,-0.8125257012088302],[102.31422010329904,-0.812525552868804],[102.3142202506814,-0.8127061941045632],[102.31493805141274,-0.8127056005325437],[102.31493834633936,-0.8130668827395936],[102.31511779645615,-0.8130667342606092],[102.31511794397657,-0.8132473753308584],[102.31529739406852,-0.8132472268108785],[102.31529754162969,-0.8134278678479445],[102.31547699169681,-0.8134277192869652],[102.31547728693339,-0.8137890012945386],[102.31565673698363,-0.8137888526595592],[102.31565688465903,-0.8139694936300644],[102.31583633468446,-0.8139693449540772],[102.31583618700108,-0.8137887040165713],[102.31601563698574,-0.8137885553655744],[102.3160154893272,-0.8136079144608802],[102.31619493927111,-0.8136077658348777],[102.31619508693761,-0.8137884067065689],[102.31655398674299,-0.8137881093645319],[102.3165541344582,-0.8139687501700229],[102.31673358431964,-0.8139686014539833],[102.3167337320756,-0.8141492422262766],[102.31727208148703,-0.8141487959310598],[102.31727237714512,-0.8145100772770081],[102.31709292735819,-0.8145102261161198],[102.31709322313156,-0.8148715075273374],[102.31727267293442,-0.8148713586221986],[102.3172731168644,-0.8154132806385631],[102.31745256665836,-0.8154131316263591],[102.3174530109075,-0.8159550535419708],[102.31763246069256,-0.815954904422691],[102.3176329052609,-0.8164968262375436],[102.31745345545188,-0.8164969754558747],[102.31745315905614,-0.8161356941801285],[102.31727370923029,-0.8161358433243939],[102.3172735610896,-0.815955202653221],[102.31709411123893,-0.8159553517564412],[102.31709425937161,-0.8161359924606278],[102.31691480948015,-0.8161361415888299],[102.31691495763766,-0.8163167823258386],[102.31709440753713,-0.8163166331646248],[102.31709470396653,-0.8166779145720493],[102.31691525405111,-0.8166780637992868],[102.31691540230703,-0.816858704535726],[102.31637705234006,-0.81685915226824],[102.3163769041081,-0.8166785114327763],[102.3165563541219,-0.8166783622296502],[102.31655590959882,-0.8161364398211384],[102.31637645960896,-0.8161365889252451],[102.31637616344017,-0.8157753072526088],[102.31655561341408,-0.815775158214515],[102.31655531736052,-0.8154138766071327],[102.31637586740258,-0.8154140255792136],[102.31637571943295,-0.8152333847422315],[102.31565791930507,-0.8152339804183002],[102.3156580672428,-0.8154146213872899],[102.31529916696618,-0.8154149192431802],[102.31529901904439,-0.8152342782081967],[102.31511956886487,-0.8152344270911107],[102.31511942098385,-0.8150537860229436],[102.31493997077952,-0.8150539348648426],[102.31493982293924,-0.8148732937634937],[102.31368367064694,-0.8148743352012963],[102.3136835228952,-0.8146936938688625],[102.31386297331302,-0.8146935451490716],[102.31386253023052,-0.8141516212495727],[102.3140419805917,-0.8141514726207089],[102.31404183295511,-0.8139708313534791],[102.3138623826019,-0.8139709799493613],[102.31386208744296,-0.8136096973483705],[102.31368263707289,-0.8136098458702827],[102.31368248955053,-0.813429204536524],[102.313323588728,-0.8134295014903733],[102.31332373623447,-0.8136101428900862],[102.3131442857661,-0.8136102913879776],[102.31314443329735,-0.8137909328204759],[102.31296498278827,-0.8137910813433327],[102.31296468777441,-0.8134297984122016],[102.31314413826759,-0.8134296499552901],[102.31314384336886,-0.813068367089348],[102.31332329381338,-0.8130682186903799],[102.31332285168718,-0.8125262944889724],[102.3135023020751,-0.8125261461809314],[102.31350215475729,-0.8123455048130603],[102.31332270437733,-0.8123456530881253],[102.31332255710021,-0.8121650116870897],[102.31278420578757,-0.812165456365399],[102.31278405856703,-0.8119848148652564],[102.31260460807191,-0.811984963042405],[102.31260446089208,-0.8118043215091045],[102.31278391137927,-0.8118041733649254],[102.31278376422428,-0.8116235318644053],[102.31296321467077,-0.8116233837452075],[102.3129630675406,-0.8114427422774697],[102.3131425179464,-0.8114425941832569],[102.31314237084104,-0.8112619527483033],[102.31403962233894,-0.8112612123223448],[102.31403947522669,-0.811080571052092],[102.3147572758034,-0.8110799786995594],[102.31475742294737,-0.8112606198378682],[102.31493687301753,-0.8112604716967894],[102.3149370202022,-0.8114411128019194],[102.3147575701241,-0.8114412609759886],[102.31475771733362,-0.81162190211392],[102.3145782672148,-0.8116220503129923],[102.31457870901622,-0.8121639738246208]]],[[[102.31619375911964,-0.8121626388545409],[102.31637320896719,-0.8121624904845685],[102.31637335637929,-0.8123431313247672],[102.31655280620198,-0.8123429829137957],[102.31655265878194,-0.8121623421066037],[102.31673210856391,-0.8121621937206459],[102.31673181380633,-0.8118009121717107],[102.3170907132401,-0.8118006155078609],[102.31709086061836,-0.811981256216401],[102.31727031029399,-0.8119811078394792],[102.317270457713,-0.8121617485148169],[102.31744990736375,-0.8121616000968886],[102.3174500548235,-0.8123422407390224],[102.31762950444939,-0.8123420922800846],[102.3176300946482,-0.8130646547146617],[102.31745064499053,-0.813064803305668],[102.31745049739956,-0.8128841626642902],[102.31727104771703,-0.8128843112142796],[102.3172709001668,-0.8127036705396975],[102.31691200071924,-0.8127039675496518],[102.31691185321772,-0.8125233268088552],[102.3163735038242,-0.8125237721647773],[102.31637365130189,-0.8127044130045985],[102.31547640161708,-0.8127051552695495],[102.31547625417912,-0.812524514264723],[102.31529680415173,-0.8125246626607233],[102.31529665675448,-0.812344021622712],[102.31493775661725,-0.8123443183247381],[102.31493760926868,-0.8121636772205518],[102.31511705934575,-0.8121635289065284],[102.31511676473106,-0.811802246763574],[102.31529621475947,-0.8118020985075459],[102.31529636205836,-0.8119827395461234],[102.31547581206192,-0.8119825912491102],[102.3154756647551,-0.8118019502435284],[102.31601401454523,-0.8118015054035411],[102.31601416187587,-0.8119821463101251],[102.31619361174828,-0.8119819979811485],[102.31619375911964,-0.8121626388545409]]],[[[102.31924425456042,-0.8119794751659416],[102.3192435175211,-0.81107627360275],[102.31960241597267,-0.811075976979493],[102.31960226864742,-0.8108953367323603],[102.31978171781604,-0.8108951884417972],[102.31978215991406,-0.8114371090835149],[102.31960271072165,-0.811437257473193],[102.31960285814537,-0.8116178977197598],[102.3194234089122,-0.8116180461344892],[102.31942370384226,-0.8119793266931298],[102.31924425456042,-0.8119794751659416]]],[[[102.31978068740297,-0.8096307069378564],[102.31978083450635,-0.8098113471532705],[102.31960138538527,-0.8098114952456033],[102.31960182686862,-0.81035341598983],[102.31942237769096,-0.8103535641733027],[102.3194225249098,-0.8105342044540381],[102.31924307569139,-0.8105343526625711],[102.31924322293513,-0.8107149929761528],[102.31906377367598,-0.8107151412097424],[102.31906392094461,-0.8108957815561684],[102.31888447164471,-0.8108959298148111],[102.318884324384,-0.8107152894353538],[102.31870487505918,-0.8107154376529866],[102.31870472783922,-0.8105347972403113],[102.31852527848952,-0.810534945416938],[102.31852483705026,-0.809993024078698],[102.3187042863762,-0.8099928760011542],[102.31870413928749,-0.809812235587725],[102.31906303782507,-0.8098119394747846],[102.3190631849296,-0.809992579822153],[102.31924263415709,-0.8099924317206956],[102.31924248704462,-0.8098117914063604],[102.31942193623135,-0.8098116433299665],[102.31942149506719,-0.8092697224849349],[102.31978039329469,-0.8092694265064639],[102.3197802462898,-0.8090887862904851],[102.3199596953464,-0.8090886383223438],[102.31995954836641,-0.8089079981392168],[102.3203184463653,-0.8089077022451328],[102.32031874038974,-0.8092689824790268],[102.32013929139087,-0.8092691304961366],[102.32013943844444,-0.8094497706458452],[102.31995998940484,-0.8094499186880326],[102.3199601364833,-0.8096305588705948],[102.31978068740297,-0.8096307069378564]]],[[[102.3176258275993,-0.8078260769956024],[102.31762597427964,-0.8080067176092404],[102.31780542368263,-0.8080065699347598],[102.31780601076358,-0.8087291322553573],[102.31762656132898,-0.8087292800619129],[102.31762641451743,-0.8085486394490268],[102.31744696505793,-0.8085487872146067],[102.31744711186157,-0.8087294278605097],[102.31708821282832,-0.8087297234338271],[102.31708835964896,-0.808910364145571],[102.31672946046871,-0.8089106597530743],[102.31672931366388,-0.808730018975309],[102.31637041436825,-0.8087303144849555],[102.31637026761204,-0.8085496736409874],[102.31601136820103,-0.808549969052791],[102.31601092817658,-0.8080080463217372],[102.31654927717278,-0.8080076034891372],[102.31654913053985,-0.8078269626774239],[102.31672858013177,-0.8078268150836619],[102.31672843352374,-0.8076461743047687],[102.31690788307495,-0.8076460267360669],[102.31690802969086,-0.80782666748195],[102.3172669287107,-0.8078263722546761],[102.31726678207897,-0.807645731574818],[102.31744623153179,-0.8076455839822714],[102.3174463781714,-0.8078262246291141],[102.3176258275993,-0.8078260769956024]]],[[[102.3048820667374,-0.8044043230681677],[102.30488192127152,-0.8042236801109948],[102.30506137283389,-0.8042235336918476],[102.30506122739281,-0.8040428907673803],[102.3048817758383,-0.8040430371536352],[102.30488163043776,-0.803862394196089],[102.30470217885843,-0.8038625405415398],[102.30470203349844,-0.8036818975509157],[102.30524038811484,-0.8036814585895065],[102.30524082436358,-0.8042233872647854],[102.3054202758606,-0.8042232408298085],[102.30542056687224,-0.8045845265466014],[102.30506166381409,-0.8045848195402214],[102.30506151830764,-0.804404176616128],[102.3048820667374,-0.8044043230681677]]],[[[102.30613474356363,-0.800067872240842],[102.3061350331343,-0.8004291577030058],[102.30559667943164,-0.8004295950063854],[102.30559682424254,-0.8006102378358925],[102.30541737293511,-0.8006103836208283],[102.30541751777088,-0.800791026483047],[102.30523806642293,-0.8007911722929998],[102.30523821128354,-0.8009718151879285],[102.30505875989508,-0.8009719610228941],[102.3050586150423,-0.8007913180950713],[102.304879163629,-0.8007914638892616],[102.30487901881672,-0.8006108209283602],[102.30469956737856,-0.8006109666817789],[102.3046994226068,-0.8004303236878008],[102.30487887403714,-0.8004301779672729],[102.30487858457602,-0.8000688920445402],[102.30541693862398,-0.8000684550330565],[102.30541679391897,-0.7998878121700939],[102.30559624519509,-0.799887666516749],[102.30559638990793,-0.8000683093468137],[102.30577584115917,-0.8000681636526972],[102.30577569643853,-0.7998875208555318],[102.30595514764929,-0.7998873751864425],[102.30595529237776,-0.8000680179507065],[102.30613474356363,-0.800067872240842]]],[[[102.30595485829042,-0.7995260896573576],[102.30595500295351,-0.7997067324219931],[102.30577555175057,-0.7997068780581807],[102.30577540709531,-0.7995262352606441],[102.3055959558675,-0.7995263808560621],[102.30559581125273,-0.79934573802544],[102.30523690871469,-0.7993460291268762],[102.30523676414825,-0.7991653862302748],[102.3048778614951,-0.799165677234457],[102.30487771697695,-0.7989850342718832],[102.3045188142087,-0.7989853251788257],[102.3045185253017,-0.7986240391215621],[102.3050568793582,-0.7986236029466974],[102.3050567349303,-0.7984429600164595],[102.30577453985016,-0.798442378471524],[102.3057746843093,-0.7986230212701745],[102.30595413546536,-0.7986228758313945],[102.3059544244973,-0.7989841613623364],[102.30613387563628,-0.7989840158498908],[102.30613430945284,-0.7995259440462023],[102.30595485829042,-0.7995260896573576]]],[[[102.31672157994221,-0.7991560574856706],[102.31672128990753,-0.7987947759097641],[102.31690073907399,-0.7987946299585434],[102.31690059409803,-0.798613989203321],[102.31708004322385,-0.7986138432772508],[102.3170798982729,-0.7984332025548545],[102.31725934735812,-0.7984330566539385],[102.31725963730847,-0.7987943380325191],[102.31708018820763,-0.7987944839994617],[102.31708033322417,-0.7989751247214868],[102.31690088408271,-0.79897527071358],[102.31690102912427,-0.7991559114684307],[102.31672157994221,-0.7991560574856706]]],[[[102.30738959900734,-0.7984410695357291],[102.30738974353673,-0.7986217120382041],[102.30685139075521,-0.7986221485195985],[102.30685153529389,-0.798802791120629],[102.30649263326042,-0.7988030821347452],[102.306492344247,-0.798441796800861],[102.30667179526446,-0.7984416513635505],[102.30667136196615,-0.7978997234600584],[102.30703026385618,-0.7978994327593298],[102.30703040827186,-0.7980800753281906],[102.30685095733539,-0.7980802207153931],[102.30685110177598,-0.7982608633169803],[102.30703055272024,-0.7982607178968659],[102.30703069720131,-0.7984413604653557],[102.30738959900734,-0.7984410695357291]]],[[[102.31689900152732,-0.7966269408836281],[102.31689827894351,-0.795723737094536],[102.31725717691299,-0.7957234462909335],[102.31725732137971,-0.7959040869830972],[102.31707787240359,-0.7959042324218273],[102.31707816141987,-0.7962655138716261],[102.31725761041156,-0.7962653683668698],[102.31725789957463,-0.7966266497499016],[102.31689900152732,-0.7966269408836281]]],[[[102.31438296586823,-0.7919323061766069],[102.31438253510294,-0.7913903825033852],[102.31456198437692,-0.7913902380068095],[102.31456212794032,-0.7915708791984142],[102.31474157718925,-0.7915707346610619],[102.31474172079315,-0.7917513758194943],[102.31492117001706,-0.7917512312413617],[102.31492131366149,-0.7919318723666199],[102.31438296586823,-0.7919323061766069]]],[[[102.31276505591231,-0.7883207767303504],[102.31276491301594,-0.7881401352056554],[102.31258546355328,-0.7881402790309108],[102.31258560644194,-0.7883209205885746],[102.31240615693882,-0.7883210644390407],[102.31240629985253,-0.7885017060294882],[102.31150905180708,-0.7885024253302546],[102.31150876608949,-0.7881411418195606],[102.31186766537508,-0.7881408542543694],[102.31186780823293,-0.7883214959438902],[102.3120472578343,-0.7883213521166984],[102.31204711496876,-0.7881407104601394],[102.31222656452968,-0.7881405666581528],[102.31222642168919,-0.7879599250343738],[102.31258532069738,-0.7879596374730639],[102.31258517787423,-0.7877789959150338],[102.31294407673597,-0.7877787083886447],[102.31294421957453,-0.7879593498807356],[102.31312366896397,-0.7879592060729398],[102.31312381184298,-0.7881398475318754],[102.31330326120737,-0.7881397036833511],[102.31330340412686,-0.7883203451091291],[102.31276505591231,-0.7883207767303504]]],[[[102.3043270584702,-0.7834501666639411],[102.30432677519899,-0.7830888805092976],[102.30414732441373,-0.7830890230492141],[102.3041471828348,-0.7829083799387347],[102.30432663361239,-0.7829082374317029],[102.30432635053722,-0.7825469512759681],[102.30450580126684,-0.7825468088270051],[102.30450565977063,-0.7823661657817518],[102.30504401174043,-0.7823657384873242],[102.30504429481145,-0.7827270243803068],[102.30486484417223,-0.7827271668852664],[102.30486555238343,-0.7836303817790006],[102.30468610167323,-0.7836305244407094],[102.3046859599733,-0.783449881429436],[102.3043270584702,-0.7834501666639411]]],[[[102.33863475091715,-0.8242466914144057],[102.33863399836918,-0.8233435078061574],[102.33881344459932,-0.8233433563770877],[102.33881329418072,-0.8231627196880895],[102.33917218652589,-0.8231624168721031],[102.33917278846279,-0.8238849633611075],[102.33899334227452,-0.8238851149060729],[102.33899349283324,-0.8240657515610745],[102.33881404660389,-0.8240659031311618],[102.33881419718757,-0.8242465398192006],[102.33863475091715,-0.8242466914144057]]],[[[102.3355832571331,-0.8231654435739235],[102.33558340740684,-0.8233460808607362],[102.33522451372559,-0.8233463834191003],[102.33522466401621,-0.8235270207721097],[102.33504521711806,-0.82352717207233],[102.33504536743362,-0.823707809458339],[102.33450702651716,-0.8237082634099404],[102.33450642554939,-0.8229857134664983],[102.33468587252231,-0.8229855622901482],[102.3346855722202,-0.8226242873836495],[102.33486501914406,-0.8226241362655766],[102.33486486903442,-0.8224434988452279],[102.33540320958404,-0.8224430455420135],[102.33540335971782,-0.822623682862788],[102.33558280650978,-0.8226235317123349],[102.33558310689234,-0.8229848062869188],[102.3354036600843,-0.8229849575037619],[102.33540381031702,-0.8231655948239616],[102.3355832571331,-0.8231654435739235]]],[[[102.32732687320714,-0.8210047269334475],[102.32732702271583,-0.8211853657476881],[102.32714757447282,-0.8211855162608575],[102.3271477240064,-0.8213661551080205],[102.32660937905581,-0.8213666066983705],[102.32660908006973,-0.8210053288051955],[102.32678852840343,-0.8210051783493776],[102.32678822953288,-0.8206439005216541],[102.32696767781762,-0.8206437501239761],[102.32696752842368,-0.8204631112429377],[102.32678808014694,-0.8204632616075062],[102.32678793079393,-0.8202826226931671],[102.32696737906262,-0.8202824723617081],[102.32696722973448,-0.820101833480288],[102.32714667796228,-0.8201016831738686],[102.32714682729845,-0.8202823220221774],[102.32732627550136,-0.8202821716745741],[102.32732672373135,-0.8208240881190156],[102.32714727550437,-0.8208242385659585],[102.32714742497214,-0.8210048774135037],[102.32732687320714,-0.8210047269334475]]],[[[102.33718976181025,-0.8128677733286961],[102.33701031574688,-0.8128679227586124],[102.33701061269436,-0.8132291968225244],[102.3368311665821,-0.8132293463108599],[102.33683131509738,-0.8134099833757407],[102.3370107612176,-0.8134098338541961],[102.33701090977382,-0.8135904708856784],[102.33647257129036,-0.8135909195259216],[102.33647271985572,-0.8137715566568363],[102.33611382735253,-0.8137718557767075],[102.3361135302866,-0.8134105813818768],[102.33593408400142,-0.8134107308634001],[102.3359339355259,-0.8132300936325004],[102.33611338180312,-0.8132299441841775],[102.33611308493512,-0.81286866978821],[102.3359336386738,-0.8128688191701328],[102.33593319364304,-0.8123269074751613],[102.33575374737256,-0.8123270567494896],[102.3357534508662,-0.8119657822188325],[102.33611234334242,-0.8119654837949793],[102.33611249159499,-0.8121461209940041],[102.3368302761833,-0.8121455239175982],[102.33683012789899,-0.8119648868513921],[102.33700957395564,-0.8119647375955201],[102.3370100189314,-0.8125066486939432],[102.33718946497888,-0.8125064993304486],[102.33718976181025,-0.8128677733286961]]],[[[102.32193540016782,-0.8112546879673995],[102.3222942976501,-0.811254391038563],[102.32229415017308,-0.8110737512873811],[102.32355029027063,-0.8110727120164656],[102.32355043780316,-0.8112533515361544],[102.323729886265,-0.8112532030038763],[102.3237303290836,-0.8117951214625778],[102.32355088059796,-0.8117952700940885],[102.32355102826197,-0.8119759096130219],[102.32337157973551,-0.8119760582696195],[102.32337187514622,-0.8123373373730713],[102.32319242657103,-0.8123374860878262],[102.3231927220973,-0.8126987652566702],[102.32283382481657,-0.8126990627944828],[102.32283367705288,-0.8125184231440125],[102.32247477965659,-0.8125187205836987],[102.32247448425957,-0.8121574411499204],[102.32229503552803,-0.8121575897916394],[102.32229488788673,-0.8119769500414019],[102.32175654151882,-0.8119773958194194],[102.32175639393418,-0.8117967559698084],[102.32157694508712,-0.8117969045134417],[102.32157679754327,-0.8116162646305838],[102.32121789976648,-0.811616561627773],[102.32121775227135,-0.8114359216786157],[102.32067940538363,-0.8114363670153432],[102.32067896316666,-0.8108944468692816],[102.32085841213828,-0.810894298530838],[102.3208581174753,-0.8105330184986188],[102.32067866851952,-0.8105331667709639],[102.32067852124523,-0.810352526721522],[102.32049907226452,-0.8103526749528437],[102.32049863066239,-0.8098107547042459],[102.3208575285434,-0.8098104584319175],[102.32085797019307,-0.8103523784822261],[102.32103741910807,-0.8103522302349552],[102.32103756639823,-0.810532870218297],[102.32175536176152,-0.8105322770172455],[102.32175580392415,-0.8110741965694761],[102.32193525270665,-0.8110740481500929],[102.32193540016782,-0.8112546879673995]]],[[[102.32911184852713,-0.8094423583801654],[102.32911229107215,-0.809984273865071],[102.32893284365255,-0.8099844224049343],[102.32893269611255,-0.8098037838770235],[102.32875324866794,-0.8098039323757869],[102.32875265886875,-0.8090813781297426],[102.32911155366175,-0.8090810813892859],[102.32911140627841,-0.8089004428935637],[102.32929085361761,-0.8089002945445252],[102.32929100100884,-0.8090809330071148],[102.32947044832304,-0.8090807846169817],[102.3294705957551,-0.8092614230462486],[102.32929114843299,-0.8092615714695159],[102.32929129589007,-0.809442209931729],[102.32911184852713,-0.8094423583801654]]],[[[102.32587811756457,-0.80492905174781],[102.325878264082,-0.8051096908437463],[102.32605771184781,-0.8051095433331034],[102.32605785840602,-0.8052901823957519],[102.32659620152972,-0.8052897397169725],[102.32659605494793,-0.8051091007536363],[102.3269549501835,-0.8051088056610437],[102.32695509678106,-0.8052894445581632],[102.32713454435738,-0.8052892969668711],[102.3271346909957,-0.8054699358306917],[102.327314138547,-0.8054697881983623],[102.32731399190081,-0.8052891493676546],[102.32749343941131,-0.8052890017605135],[102.32749329279015,-0.805108362962733],[102.3276727402599,-0.8051082153807838],[102.32767288688893,-0.8052888541454477],[102.32785233433366,-0.8052887065224571],[102.32785277444181,-0.8058306227159686],[102.32767332697348,-0.8058307704383141],[102.3276736205277,-0.8061920479659541],[102.32749417301069,-0.8061921957466025],[102.32749431982928,-0.8063728345432577],[102.3273148722715,-0.8063729823490875],[102.3273150191151,-0.8065536211786697],[102.32695612388507,-0.8065539168327472],[102.32695627074581,-0.8067345557283662],[102.32677682307354,-0.8067347035766086],[102.32677711687795,-0.8070959814335017],[102.32659766915701,-0.8070961293400207],[102.32659811008665,-0.8076380462232745],[102.32677755783126,-0.8076378982174321],[102.32677799908065,-0.8081798149996713],[102.32659855131234,-0.8081799631048364],[102.32659884562729,-0.808541241024937],[102.3267782934114,-0.8085410928535567],[102.32677873515424,-0.8090830096329736],[102.32659928734641,-0.8090831579036772],[102.3265994346519,-0.8092637968628806],[102.32641998680327,-0.8092639451587281],[102.32641983950569,-0.8090833061664188],[102.32624039163207,-0.8090834544211982],[102.32624053892175,-0.8092640934466118],[102.32606109100733,-0.8092642417265317],[102.32606138566953,-0.8096255198429982],[102.3258819377064,-0.8096256681811557],[102.32588223248432,-0.8099869463630699],[102.32570278447247,-0.8099870947594576],[102.3257033743913,-0.8107096512534193],[102.32552392631487,-0.8107097997742239],[102.32552451672817,-0.8114323563975552],[102.32498617220644,-0.8114328023092232],[102.32498631986816,-0.8116134415638646],[102.32480687162055,-0.8116135902182068],[102.32480672396676,-0.8114329509304754],[102.32444782738878,-0.8114332481490242],[102.32444753221152,-0.8110719694406457],[102.3246269805011,-0.8110718209015367],[102.32462712808122,-0.811252460222734],[102.32480657634582,-0.8112523116425551],[102.32480642875778,-0.8110716723544462],[102.3249858769816,-0.8110715237993739],[102.3249857294185,-0.810890884544166],[102.3251651776015,-0.8108907360142038],[102.3251648825581,-0.8105294575694058],[102.32498543439095,-0.8105296060331846],[102.32498528692649,-0.8103489667774109],[102.32480583873436,-0.8103491152001233],[102.32480598619091,-0.8105297544889871],[102.324626537958,-0.8105299029368132],[102.3246263905094,-0.8103492636148614],[102.32444694225151,-0.8103494120216248],[102.32444664746876,-0.8099881333109827],[102.32462609571078,-0.8099879849703921],[102.3246259483608,-0.8098073456478747],[102.32480539656203,-0.8098071973324011],[102.324805249237,-0.8096265580427836],[102.32516414552501,-0.8096262614541105],[102.32516399821702,-0.8094456222304863],[102.32534344630378,-0.809445473957292],[102.32534329902079,-0.8092648347665728],[102.32516385094193,-0.8092649830066733],[102.32516370369972,-0.8090843437826722],[102.3248048074592,-0.8090846401728005],[102.32480495468559,-0.8092652794629832],[102.3246255065081,-0.8092654276791922],[102.32462565375945,-0.8094460670022747],[102.32426675729003,-0.8094463634769722],[102.32426646285182,-0.8090850846982766],[102.32408701458363,-0.8090852328575112],[102.32408657319661,-0.808543314588808],[102.32390712491924,-0.8085434626408373],[102.32390697786389,-0.8083628231844788],[102.32372752956158,-0.8083629711954722],[102.32372738254698,-0.8081823317058464],[102.3235479342197,-0.8081824796758073],[102.32354778724587,-0.808001840152916],[102.32318889050852,-0.8080021360028283],[102.32318874358334,-0.8078214964135993],[102.32336819196055,-0.807821348525693],[102.32336804506035,-0.8076407089693499],[102.3235474933968,-0.8076405611065695],[102.32354734652158,-0.8074599215831144],[102.32372679481726,-0.8074597737454634],[102.32372650114961,-0.8070984947641445],[102.32390594939665,-0.8070983469847058],[102.32390550911799,-0.8065564286105569],[102.3240849573085,-0.8065562809224185],[102.3240848106068,-0.8063756414970744],[102.32426425875656,-0.8063754938340819],[102.32426396543602,-0.8060142150489963],[102.32444341353714,-0.8060140674442372],[102.3244432669183,-0.8058334280844976],[102.32462271497866,-0.8058332805048929],[102.32462227529575,-0.8052913625238086],[102.32498117127061,-0.8052910675393429],[102.32498102475964,-0.8051104282781176],[102.32516047268989,-0.8051102808070895],[102.32516032620393,-0.8049296415787687],[102.32498087828155,-0.8049297890167054],[102.32498043904458,-0.8043878712313445],[102.32480099111294,-0.8043880185620904],[102.32480069846841,-0.804026739971401],[102.32462125051961,-0.8040268872280547],[102.3246211042545,-0.8038462478993411],[102.3244416562807,-0.8038463951149967],[102.32444136386486,-0.8034851163908358],[102.32426191587388,-0.8034852635324115],[102.32426176972312,-0.8033046241369662],[102.32533845712872,-0.8033037413674405],[102.32533948120441,-0.8045682157418942],[102.32551892904529,-0.8045680683543056],[102.32551907548121,-0.8047487075168122],[102.32569852329705,-0.8047485600882089],[102.32569866977373,-0.8049291992174313],[102.32587811756457,-0.80492905174781]]],[[[102.32982728203959,-0.806551550711173],[102.3298274290265,-0.806732189076799],[102.32964798188083,-0.8067323370520629],[102.32964842301544,-0.8072742522472273],[102.32946897581319,-0.807274400313961],[102.32946927005177,-0.80763567717607],[102.3292898228008,-0.8076358253011281],[102.32929011715527,-0.8079971022287536],[102.32893122252298,-0.8079973985875539],[102.32893107534508,-0.8078167600575716],[102.32857218059692,-0.8078170563183106],[102.32857232775902,-0.8079976949145489],[102.32839288032767,-0.8079978430661195],[102.32839302751479,-0.8081784816952953],[102.32821358004263,-0.8081786298720383],[102.32821387449981,-0.8085399071960727],[102.32803442697893,-0.8085400554311063],[102.32803457424897,-0.8087206941259635],[102.32767567909269,-0.8087209906383995],[102.32767553183844,-0.8085403518773041],[102.32749608421882,-0.8085405000884678],[102.32749623146518,-0.80872113888268],[102.32731678380476,-0.8087212871190019],[102.3273164893608,-0.8083600094641602],[102.3276753846171,-0.8083597131160205],[102.32767523742868,-0.8081790743545488],[102.32785468499956,-0.808178926201665],[102.32785439070562,-0.807817648744394],[102.32803383822781,-0.8078175006497973],[102.3280336911223,-0.807636861954],[102.32821313860369,-0.8076367138845757],[102.32821299152319,-0.8074560752217121],[102.32839243896377,-0.8074559271774638],[102.32839214488574,-0.8070946499174203],[102.32821269746094,-0.8070947978954214],[102.32821255047918,-0.8069141592319942],[102.32803310302937,-0.8069143071689308],[102.32803325000324,-0.8070949458654797],[102.32785380251262,-0.8070950938275959],[102.32785394951152,-0.8072757325570775],[102.32731560681856,-0.807276176495121],[102.32731545984333,-0.8070955376662897],[102.32749490743267,-0.807095389728001],[102.32749476048247,-0.8069147509320967],[102.32767420803101,-0.8069146030189823],[102.32767391421355,-0.8065533254928435],[102.32803280918036,-0.8065530297752691],[102.3280326623052,-0.8063723910781568],[102.32821210973138,-0.8063722432405858],[102.32821196288126,-0.8061916045764075],[102.32839141026663,-0.8061914567640248],[102.32839126344153,-0.8060108181327825],[102.32875015809776,-0.8060105225504695],[102.32875001128984,-0.8058298839852922],[102.32910890579866,-0.8058295884375121],[102.3291087590079,-0.8056489499384069],[102.32946765336926,-0.805648654425174],[102.3294680938876,-0.8061905697231256],[102.32928864669974,-0.8061907175831091],[102.32928879359714,-0.8063713560485191],[102.32946824079289,-0.8063712081554009],[102.3294683877311,-0.8065518465874886],[102.32982728203959,-0.806551550711173]]],[[[102.33090293585745,-0.805286195719155],[102.33090278908674,-0.8051055575508926],[102.33108223593098,-0.8051054098184103],[102.33108208918533,-0.8049247716831109],[102.33126153598874,-0.8049246239758577],[102.33126138926816,-0.8047439858735229],[102.33144083603078,-0.8047438381915026],[102.33144068933527,-0.8045632001221343],[102.33162013605708,-0.8045630524653506],[102.33161998938665,-0.8043824144289505],[102.33179943606766,-0.8043822667974068],[102.33179987620137,-0.8049241808065722],[102.33144098275922,-0.8049244762606834],[102.33144112952063,-0.8051051143296769],[102.33126168274227,-0.8051052620780048],[102.33126182952873,-0.8052859001799648],[102.33090293585745,-0.805286195719155]]],[[[102.33197683256904,-0.8018531875571359],[102.33197697879392,-0.8020338255298372],[102.33179753224795,-0.8020339727382274],[102.33179767849794,-0.8022146107439013],[102.33161823191116,-0.8022147579775564],[102.33161808566902,-0.8020341199387251],[102.33107974573458,-0.8020345614928635],[102.3310795995489,-0.8018539233543841],[102.33090015284604,-0.8018540704901617],[102.33089986058916,-0.8014927941463422],[102.33107930727633,-0.8014926470768652],[102.33107945339614,-0.801673285215718],[102.33125890005822,-0.8016731381052019],[102.33125875393057,-0.8014924999995011],[102.33179709369564,-0.8014920587200857],[102.3317973860309,-0.8018533347323668],[102.33197683256904,-0.8018531875571359]]],[[[102.33556385645014,-0.7995019573596113],[102.33556371053022,-0.7993213200478552],[102.33574315626652,-0.7993211731716715],[102.33574344815496,-0.7996824477286041],[102.3359228938739,-0.7996823007781584],[102.33592303987542,-0.7998629380231472],[102.33574359414867,-0.7998630850067913],[102.33574374017533,-0.800043722284792],[102.33556429440777,-0.8000438692937614],[102.33556414838891,-0.7998632319825644],[102.33538470259619,-0.7998633789504664],[102.33538455661812,-0.7996827416058881],[102.33520511080023,-0.7996828885327265],[102.33520525677046,-0.7998635259104975],[102.33502581091177,-0.7998636728626576],[102.33502595690717,-0.8000443102734331],[102.33484651100768,-0.8000444572509117],[102.33484665702825,-0.8002250946946905],[102.33466721108796,-0.8002252416974838],[102.33466706507522,-0.8000446042205172],[102.33376983491831,-0.8000453389504528],[102.33376968897764,-0.799864701307389],[102.33394913506716,-0.7998645544103262],[102.33394898915164,-0.7996839168002547],[102.33412843520034,-0.7996837699285011],[102.33412814345259,-0.7993224947741607],[102.33466648135402,-0.7993220543107888],[102.33466662723485,-0.7995026917885002],[102.33502551901991,-0.799502398040547],[102.33502537312343,-0.7993217606292125],[102.33520481895869,-0.7993216137766256],[102.33520496486297,-0.7995022511547693],[102.33556385645014,-0.7995019573596113]]],[[[102.3373584584378,-0.799681124891301],[102.33735889672897,-0.8002230358287589],[102.3368205601946,-0.8002234771442451],[102.3368201219738,-0.7996815659078911],[102.3369995674948,-0.7996814189102304],[102.33699927549695,-0.7993201448181475],[102.33681982999157,-0.7993202917493905],[102.33681968404996,-0.799139654669861],[102.33717857501208,-0.7991393608659286],[102.33717872096932,-0.7993199978790385],[102.33735816640869,-0.7993198509320643],[102.33735831240675,-0.7995004879117757],[102.33753775782093,-0.7995003409237216],[102.3375379038598,-0.7996809778700326],[102.3373584584378,-0.799681124891301]]],[[[102.33323105877585,-0.7995038664656137],[102.33323076717217,-0.7991425909791318],[102.33376910554466,-0.7991421507332712],[102.33376939719523,-0.7995034260207025],[102.33323105877585,-0.7995038664656137]]],[[[102.32623088835524,-0.7973419173673567],[102.32623132390913,-0.797883834479495],[102.32605187648961,-0.797883980673971],[102.32605202173222,-0.7980646197440815],[102.32515478410235,-0.7980653507641684],[102.32515449372804,-0.7977040722927936],[102.32533394130417,-0.7977039261706698],[102.32533379615853,-0.7975232869677975],[102.325513243694,-0.7975231408709187],[102.32551295348577,-0.7971618625308069],[102.32569240097276,-0.7971617164922739],[102.32569254606823,-0.7973423556293258],[102.32587199353013,-0.7973422095498492],[102.32587213866627,-0.7975228486536169],[102.32605158610306,-0.7975227025331934],[102.32605144095913,-0.7973420634625262],[102.32623088835524,-0.7973419173673567]]],[[[102.3441728404644,-0.7940758252645138],[102.34417254989152,-0.793714553820545],[102.34453143767779,-0.7937142613687478],[102.34453158296321,-0.7938948970242597],[102.34471102681451,-0.7938947507533608],[102.34471131750009,-0.7942560219972586],[102.34435242973339,-0.7942563146643823],[102.34435228438959,-0.7940756789759571],[102.3441728404644,-0.7940758252645138]]],[[[102.33232802194976,-0.7922790838788458],[102.33232831097101,-0.7926403597110914],[102.33178997264785,-0.7926407961868461],[102.331789828144,-0.7924601581713331],[102.33143093577932,-0.7924604490498568],[102.3314307913239,-0.7922798109678465],[102.33232802194976,-0.7922790838788458]]],[[[102.32622238261987,-0.7866842138240172],[102.32622252583104,-0.7868648528724583],[102.32604307888404,-0.7868649970477055],[102.3260432221204,-0.7870456361290656],[102.32586377513283,-0.7870457803296698],[102.32586420501617,-0.7875876976719512],[102.32568475797262,-0.7875878419641056],[102.32568504471055,-0.7879491202575742],[102.32550559761872,-0.7879492646081715],[102.3255057410293,-0.7881299037877275],[102.32514684673156,-0.7881301925318479],[102.32514699015962,-0.7883108317774085],[102.32496754295371,-0.7883109761709264],[102.3249682605487,-0.7892141725614338],[102.32514770779315,-0.7892140280024591],[102.32514799507672,-0.7895753064911942],[102.32532744230373,-0.7895751618582665],[102.32532772973425,-0.7899364402800799],[102.32514828249181,-0.789936584979194],[102.32514900160494,-0.7908397811959766],[102.32532844888603,-0.7908396363313966],[102.32532873677691,-0.7912009147506354],[102.32550818404057,-0.7912007698120826],[102.32550861614672,-0.7917426873402749],[102.32568806340072,-0.7917425422946458],[102.32568820750961,-0.7919231814372449],[102.32514986562576,-0.7919236166500421],[102.3251500097443,-0.7921042558917415],[102.32497056237618,-0.7921044009801792],[102.32497070651986,-0.7922850402547857],[102.32515015389573,-0.7922848951332568],[102.3251508751461,-0.7931880913380663],[102.32479198028398,-0.7931883819042332],[102.32479212461718,-0.7933690212108229],[102.32461267712905,-0.7933691665152856],[102.32461282148736,-0.7935498058547783],[102.32443337395861,-0.7935499511845198],[102.3244327967536,-0.7928273936930965],[102.32425334922297,-0.7928275388826914],[102.32425320501166,-0.79264689947629],[102.3240737574559,-0.7926470446250004],[102.3240730369311,-0.7917438474248145],[102.32425248444811,-0.791743702441517],[102.32425262849507,-0.7919243418488403],[102.32461152344598,-0.7919240517927008],[102.32461137938353,-0.7917434124515479],[102.32479082680193,-0.7917432674448761],[102.32479068276461,-0.791562628136627],[102.3249701301424,-0.7915624831552535],[102.32496984215094,-0.7912012046043819],[102.32479039478862,-0.7912013495195762],[102.32479025084994,-0.7910207102107748],[102.32425190858896,-0.7910211448103825],[102.32425176470636,-0.7908405054021387],[102.32389286971681,-0.7908407950301257],[102.32389301358396,-0.7910214345045328],[102.32353411844748,-0.7910217241675455],[102.3235339745958,-0.7908410846269824],[102.32263673621816,-0.7908418084829286],[102.32263688003117,-0.7910224481888513],[102.32245743224935,-0.7910225929697594],[102.32245714467163,-0.790661313491597],[102.3222776968724,-0.790661458198591],[102.32227755314055,-0.790480818426169],[102.3220981053162,-0.7904809630923191],[102.32209824904032,-0.7906616028978042],[102.3219188011754,-0.7906617475892365],[102.32191894492463,-0.7908423874275986],[102.32209839279729,-0.7908422427031051],[102.32209853658712,-0.7910228825082218],[102.32191908870672,-0.7910230272657767],[102.32191923252167,-0.7912036671037708],[102.32156033664687,-0.7912039566616441],[102.32156048047919,-0.7913845965655713],[102.3213810324848,-0.7913847413658845],[102.32138117634221,-0.7915653813026833],[102.32102228023942,-0.7915656709460522],[102.32102213639747,-0.7913850309431468],[102.32084268830454,-0.7913851757200958],[102.32084254450317,-0.7912045356839559],[102.32066309638515,-0.7912046804200684],[102.32066324017879,-0.791385320489257],[102.32048379202018,-0.7913854652506301],[102.32048393583891,-0.7915661053526817],[102.32066338400524,-0.7915659605582618],[102.3206636717567,-0.7919272406957185],[102.32084311990569,-0.791927095827411],[102.32084326383841,-0.7921077358628144],[102.3210227119623,-0.7921075909536632],[102.32102299994176,-0.792468870957816],[102.32084355180237,-0.7924690159330685],[102.32084383989769,-0.7928302960025848],[102.32102328805256,-0.7928301509612314],[102.32102343215723,-0.7930107909626626],[102.32138232838395,-0.7930105007904423],[102.32138218426378,-0.7928298608551176],[102.32156163232014,-0.7928297157903573],[102.32156192060881,-0.7931909955947104],[102.32138247253697,-0.7931911407255823],[102.32138276094152,-0.7935524205953092],[102.32120331282131,-0.7935525657844836],[102.32120403436863,-0.7944557656208397],[102.32138348252766,-0.7944556202663946],[102.32138377139202,-0.7948169001335353],[102.32156321953373,-0.7948167547051602],[102.32156336402295,-0.7949973946053973],[102.3217428121396,-0.7949972491361427],[102.32174310123212,-0.7953585288699467],[102.32084586024274,-0.7953592564685261],[102.32084571571895,-0.7951786164364458],[102.32066626743031,-0.7951787618996315],[102.32066496826364,-0.7935530013051512],[102.32048552001207,-0.7935531464630882],[102.32048494348942,-0.7928305860618852],[102.32030549523604,-0.7928307310798319],[102.32030520718723,-0.7924694508120336],[102.32012575891652,-0.7924695957560913],[102.32012561494909,-0.7922889555888719],[102.3199461666533,-0.7922891004920891],[102.31994602272646,-0.7921084602916441],[102.31958712605184,-0.7921087500086095],[102.31958726996321,-0.7922893902751327],[102.31940782156892,-0.7922895351549591],[102.31940767766531,-0.7921088948553995],[102.31922822924595,-0.7921090396943945],[102.31922808538292,-0.7919283993616161],[102.31851029140823,-0.791928978507523],[102.31851000384253,-0.7915676975771728],[102.31868945236997,-0.7915675528684415],[102.3186893086286,-0.7913869124360176],[102.31886875711545,-0.791386767752525],[102.31886861339918,-0.7912061273529468],[102.31904806184549,-0.7912059826946972],[102.3190479181543,-0.7910253423279658],[102.31922736656006,-0.7910251976949625],[102.31922722289394,-0.7908445573610798],[102.31940667125915,-0.7908444127533268],[102.31940652761813,-0.7906637724522945],[102.31976542423459,-0.7906634832795146],[102.31976528061095,-0.7904828430443729],[102.31994472886221,-0.7904826984793512],[102.31994458526367,-0.7903020582770653],[102.32030348165225,-0.7903017691897699],[102.32030333807108,-0.7901211290533853],[102.32048278620839,-0.7901209845311168],[102.32048264265234,-0.7899403444275935],[102.3206620907491,-0.7899401999305964],[102.32066194721816,-0.7897595598599363],[102.32102084329772,-0.7897592709087196],[102.32102069978416,-0.7895786309039752],[102.32155904363405,-0.789578197518022],[102.32155890013019,-0.7893975576122562],[102.32173834800675,-0.7893974131677889],[102.32173849151835,-0.7895780530404972],[102.32227683497408,-0.7895776195613018],[102.32227669143934,-0.7893969797877768],[102.32245613918451,-0.789396835312236],[102.32245628272696,-0.789577475052696],[102.32263573044699,-0.7895773305363203],[102.32263587403003,-0.7897579702435301],[102.32317421701612,-0.7897575365485714],[102.32317436065516,-0.7899381761563872],[102.3233538082592,-0.7899380315427834],[102.32335395193883,-0.790118671117342],[102.32353339951773,-0.790118526462889],[102.32353325583037,-0.7899378869214061],[102.32371270336868,-0.7899377422922549],[102.32371255970646,-0.7897571027836656],[102.32353311217587,-0.7897572473797393],[102.32353296855425,-0.7895766078378889],[102.32335352099852,-0.7895767523931153],[102.32335294687151,-0.788854194091575],[102.32353239439638,-0.78885404966865],[102.32353225093907,-0.7886734101258811],[102.32425004067905,-0.7886728324888702],[102.32424989722377,-0.7884921930782376],[102.32442934456888,-0.7884920486826659],[102.32442920113877,-0.7883114093049339],[102.32460864844329,-0.7883112649346891],[102.32460850503834,-0.7881306255898598],[102.32478795230229,-0.7881304812449451],[102.32478780892251,-0.7879498419330202],[102.32460836166626,-0.7879499862448468],[102.32460807502075,-0.7875887075542711],[102.32442862774703,-0.7875888517921719],[102.32442848448129,-0.7874082124135233],[102.3242490371824,-0.7874083566105892],[102.32424918044045,-0.7875889960223219],[102.32389028572865,-0.787589284459371],[102.323890142486,-0.7874086449814747],[102.3237106950885,-0.7874087891552943],[102.32371083832345,-0.7875894286662692],[102.32353139088538,-0.7875895728654173],[102.3235315341455,-0.7877702124092865],[102.32335208666687,-0.787770356633759],[102.32335194341445,-0.7875897170568147],[102.32299304837402,-0.7875900054163575],[102.32299290516984,-0.7874093657730845],[102.3231723526988,-0.7874092216302601],[102.32317206637367,-0.7870479424093081],[102.32424875076491,-0.7870470777865735],[102.32424860760547,-0.7868664383742907],[102.32442805488127,-0.7868662942764778],[102.32442791174701,-0.7866856548970963],[102.32460735898225,-0.7866855108246259],[102.32460721587319,-0.7865048714781472],[102.32478666306785,-0.7865047274310228],[102.32478651998397,-0.7863240881174492],[102.32496596713808,-0.7863239440956745],[102.3249658240794,-0.7861433048150075],[102.32550416532139,-0.7861428728025344],[102.32550430840315,-0.786323511983922],[102.32586320241545,-0.78632322387073],[102.32586334554546,-0.7865038629857394],[102.32604279250998,-0.7865037188844362],[102.32604293568056,-0.7866843579661624],[102.32622238261987,-0.7866842138240172]]],[[[102.3348369465606,-0.7881223855515636],[102.33483709040476,-0.7883030230075493],[102.33465764497691,-0.7883031678199692],[102.33465778884634,-0.7884838053089588],[102.33447834337781,-0.788483950146807],[102.3344784872725,-0.7886645876687985],[102.33358125939681,-0.7886653119075547],[102.33358111554067,-0.7884846742196617],[102.33340166987433,-0.7884848190109555],[102.33340152605886,-0.7883041812897038],[102.33322208036728,-0.7883043260400654],[102.33322179285062,-0.7879430505306649],[102.33393957535755,-0.787942471748082],[102.3339397191302,-0.7881231093701705],[102.33411916468222,-0.78812296462196],[102.33411930849556,-0.7883036022106849],[102.3344781995161,-0.7883033126246317],[102.33447805568736,-0.7881226751022727],[102.3348369465606,-0.7881223855515636]]],[[[102.33645238569719,-0.7886629936605842],[102.33645224171771,-0.7884823565037322],[102.33627279657901,-0.7884825014191704],[102.33627265264022,-0.788301864228931],[102.33609320747622,-0.7883020091034085],[102.3360926320818,-0.7875794602078096],[102.33681041241657,-0.7875788811946245],[102.33681026861964,-0.7873982441030832],[102.33698971361314,-0.7873980993636205],[102.33698985741778,-0.7875787364219531],[102.3373487473212,-0.7875784468533601],[102.33734946691631,-0.7884816318101573],[102.33681113189613,-0.7884820666495791],[102.33681127589104,-0.788662703740019],[102.33645238569719,-0.7886629936605842]]],[[[102.33106772441326,-0.787041595367646],[102.3310681549662,-0.78758350982804],[102.33052981660006,-0.7875839433555363],[102.330529529578,-0.7872226668499007],[102.33035008340549,-0.7872228112772761],[102.33034979653054,-0.7868615347046181],[102.33017035034048,-0.7868616790579609],[102.33016992029815,-0.7863197640981714],[102.3305288125992,-0.7863194755826052],[102.3305289559291,-0.7865001138364306],[102.33070840203791,-0.7864999695338942],[102.33070868881188,-0.7868612459747026],[102.33088813490315,-0.7868611015981304],[102.33088827834723,-0.7870417397851116],[102.33106772441326,-0.787041595367646]]],[[[102.3272972042138,-0.7843350437446356],[102.32747665082302,-0.7843348999787872],[102.32747679366028,-0.7845155387978414],[102.32783568679532,-0.7845152511767552],[102.32783582968084,-0.7846958899293928],[102.32801527620667,-0.7846957460741495],[102.32801556209175,-0.7850570235126367],[102.32711832905683,-0.7850577430427945],[102.32711804324846,-0.784696465273145],[102.32693859655812,-0.7846966090897783],[102.32693845371095,-0.7845159701715687],[102.32657956024691,-0.7845162577154526],[102.32657941744799,-0.7843356187308441],[102.32639997067427,-0.7843357624581002],[102.32639982791592,-0.7841551234402034],[102.32657927468195,-0.7841549797460529],[102.32657898924856,-0.7837937017759232],[102.32639954249785,-0.7837938454038628],[102.32639939983817,-0.7836132063854185],[102.32675829329135,-0.7836129191880395],[102.32675843596637,-0.7837935581402707],[102.32693788265128,-0.783793414496905],[102.32693802536684,-0.7839740534158447],[102.32711747202653,-0.783973909731655],[102.32711761478265,-0.7841545486173015],[102.3272970614171,-0.7841544048922843],[102.3272972042138,-0.7843350437446356]]],[[[102.32639840214132,-0.7823487332512067],[102.32586006187559,-0.7823491632942986],[102.32585991950198,-0.7821685241750909],[102.3256804726886,-0.7821686674742919],[102.32568061505457,-0.7823493066265982],[102.32532172131388,-0.7823495932681003],[102.32532157896321,-0.7821689540496026],[102.32514213205118,-0.7821690973257123],[102.32514198974104,-0.7819884580739396],[102.32550088351692,-0.7819881715802114],[102.32550074122436,-0.7818075323944447],[102.32639797505033,-0.7818068161909552],[102.3263981173811,-0.781987455211221],[102.32675701069654,-0.7819871686097575],[102.32675729548734,-0.7823484465173176],[102.32657784883077,-0.7823485898881116],[102.32657799126787,-0.7825292288747259],[102.32639854457076,-0.7825293722709264],[102.32639840214132,-0.7823487332512067]]]]}},{"type":"Feature","properties":{"eventId":"RIAU-20260914-017","firstDetection":"2026-09-14T13:55:00+00:00","lastDetection":"2026-09-14T13:55:00+00:00","estimatedAreaHa":78.92,"confidence":"sedang","hotspotCount":2,"detectionDays":1,"villages":["Area Saling Klaim","Kuala Lemang","Nyiur Permai","Pengalihan","Telukkelasa"],"districts":["Keritang"],"regencies":["Indragiri Hilir"],"method":"Sentinel-2 dNBR/NBR indication","resolutionM":20,"clearCoveragePct":94.9,"preSceneDates":["2026-08-14","2026-08-22","2026-08-27","2026-09-03"],"postSceneDates":["2026-09-16","2026-09-23"],"status":"estimate","disclaimer":"Estimasi berbasis citra satelit; bukan hasil verifikasi lapangan.","province":"Riau","villageAreas":[{"village":"Kuala Lemang","district":"Keritang","regency":"Indragiri Hilir","areaHa":25.233565},{"village":"Area Saling Klaim","district":"","regency":"Indragiri Hilir","areaHa":2.72},{"village":"Nyiur Permai","district":"Keritang","regency":"Indragiri Hilir","areaHa":1.04},{"village":"Pengalihan","district":"Keritang","regency":"Indragiri Hilir","areaHa":1.474476},{"village":"Telukkelasa","district":"Keritang","regency":"Indragiri Hilir","areaHa":48.451959}],"unassignedAreaHa":0.0},"geometry":{"type":"MultiPolygon","coordinates":[[[[102.82325888206204,-0.6949015726292578],[102.82325873671935,-0.6947210320372603],[102.82307939135573,-0.6947211783261543],[102.8230792460576,-0.6945406376959676],[102.82289990066297,-0.6945407839400213],[102.8228997554094,-0.6943602432716469],[102.82325844614732,-0.6943599508527587],[102.82325859141444,-0.6945404914450939],[102.82343793673353,-0.6945403451874004],[102.8234380820452,-0.6947208857415447],[102.82361742733328,-0.6947207394390075],[102.82361757268951,-0.6949012799549589],[102.82325888206204,-0.6949015726292578]]],[[[102.82074168824846,-0.6869598109645982],[102.82074183187301,-0.6871403520959417],[102.82056248626377,-0.6871404966935202],[102.82056262991935,-0.6873210378626922],[102.82038328426566,-0.6873211824915172],[102.8203831406168,-0.6871406412843514],[102.82020379493208,-0.6871407858684353],[102.82020365132765,-0.6869602446231109],[102.82002430561188,-0.6869603891624573],[102.82002401852966,-0.686599306595327],[102.81984467278954,-0.686599451051951],[102.81984452931175,-0.6864189097301471],[102.8196651835406,-0.6864190541420426],[102.81966504010722,-0.6862385127820853],[102.82020307728739,-0.6862380796401427],[102.82020322074084,-0.686418620886135],[102.82038256639876,-0.6864184764540188],[102.82038270989665,-0.6865990176618524],[102.82092074666404,-0.686598584211076],[102.82092103381325,-0.6869596663982698],[102.82074168824846,-0.6869598109645982]]],[[[102.82558056524927,-0.6826229427409563],[102.82558085108373,-0.6829840229583768],[102.82540150664806,-0.6829841668631337],[102.82540164961533,-0.6831647070096379],[102.82558099405766,-0.683164563066838],[102.82558113706938,-0.6833451031751329],[102.82576048148057,-0.6833449591875798],[102.82576062453677,-0.6835254992576638],[102.82593996891681,-0.6835253552253538],[102.82594011201748,-0.6837058952572245],[102.8261194563664,-0.6837057511801545],[102.82611974269446,-0.6840668311672999],[102.82629908701892,-0.6840666870074157],[102.82629923024633,-0.6842472269626886],[102.82647857453966,-0.6842470827580355],[102.82647886112125,-0.6846081625919773],[102.82629951681456,-0.6846083068727349],[102.82629966015537,-0.6847888468275085],[102.8261203158042,-0.6847889911395941],[102.82612045917614,-0.6849695311322516],[102.82576177034703,-0.6849698198123462],[102.8257619137434,-0.6851503598809323],[102.82558256926548,-0.6851505042489362],[102.82558271269298,-0.6853310443554008],[102.82540336817056,-0.6853311887547201],[102.82540351162918,-0.6855117288990614],[102.82504482245757,-0.6855120177535935],[102.82504467901234,-0.685331477533171],[102.82486533437654,-0.6853316219123023],[102.82486519097577,-0.685151081653675],[102.82468584630887,-0.6851512259880409],[102.82468570295258,-0.6849706856912108],[102.82450635825455,-0.6849708299808144],[102.82450621494274,-0.6847902896457834],[102.82432687021362,-0.6847904338906287],[102.82432672694627,-0.6846098935173985],[102.82378869255223,-0.684610326097502],[102.82378883579955,-0.6847908665848195],[102.8236094909193,-0.6847910108027683],[102.82360934767866,-0.6846104702774252],[102.82325065781818,-0.6846107586171044],[102.82325051462867,-0.6844302180155494],[102.82307116964844,-0.684430362137285],[102.8230710265034,-0.6842498214975432],[102.82325037147695,-0.6842496774138276],[102.82325022836298,-0.6840691368119396],[102.8230708833961,-0.6840692808576349],[102.8230707403266,-0.6838887402175602],[102.8232500852868,-0.683888596209885],[102.82324979924776,-0.6835275150052776],[102.82342914415685,-0.6835273710669311],[102.82342900118732,-0.6833468305024],[102.82360834605198,-0.6833466865953656],[102.82360820311357,-0.6831661460686921],[102.82378754793378,-0.6831660021929732],[102.82378740502648,-0.6829854617041593],[102.82360806021293,-0.6829856055418525],[102.82360791735007,-0.6828050650148466],[102.82378726215696,-0.682804921215179],[102.82378711932522,-0.6826243807260329],[102.82396646408766,-0.6826242369576879],[102.82396632128705,-0.6824436965064029],[102.82414566600505,-0.6824435527693843],[102.82414552323556,-0.6822630123559628],[102.82432486790913,-0.6822628686502735],[102.82432472517077,-0.6820823282747168],[102.82468341439123,-0.6820820409193081],[102.8246835571429,-0.6822625812187979],[102.82504224622552,-0.682262293760525],[102.8250423890283,-0.6824428339837749],[102.82540107797305,-0.6824425464226239],[102.82540122082693,-0.6826230865696264],[102.82558056524927,-0.6826229427409563]]],[[[102.8089005196255,-0.6815530282930341],[102.80890037760993,-0.6813724846526426],[102.80907972545556,-0.6813723417058181],[102.80907958347099,-0.6811917981031417],[102.80961762676209,-0.681191369336173],[102.80961748479524,-0.6810108258469819],[102.809796832477,-0.6810106829491679],[102.80979697445052,-0.6811912264004716],[102.80997632210129,-0.6811910834580812],[102.80997646411909,-0.6813716268713305],[102.80979711646167,-0.68137176985161],[102.80979725851044,-0.6815523133025829],[102.8089005196255,-0.6815530282930341]]],[[[102.81015496015692,-0.6802882236297281],[102.81015481835837,-0.6801076802533775],[102.81087220827507,-0.6801071092996515],[102.81087235010017,-0.6802876525244211],[102.81051365520383,-0.6802879380904351],[102.81051379705332,-0.6804684813908337],[102.80997575440657,-0.68046890980343],[102.80997561257699,-0.680288366389354],[102.81015496015692,-0.6802882236297281]]],[[[102.81123019438049,-0.6792041080353963],[102.81123033603059,-0.6793846511851906],[102.81087164135118,-0.679384936398921],[102.81087135811515,-0.6790238499475656],[102.81069201073223,-0.6790239924686281],[102.81069186917732,-0.6788434492048053],[102.81051252176336,-0.6788435916813036],[102.81051223877974,-0.6784825050773714],[102.81069158618045,-0.6784823626766652],[102.81069172766006,-0.6786629059408176],[102.81087107502974,-0.6786627634955508],[102.81087121655362,-0.6788433067216407],[102.81105056389228,-0.67884316423181],[102.81105084706624,-0.6792042506076961],[102.81123019438049,-0.6792041080353963]]],[[[102.80871819745127,-0.6777617539926989],[102.80871833870755,-0.677942297674269],[102.80889768646483,-0.6779421554538236],[102.80889782776534,-0.6781226990973509],[102.80925652318024,-0.6781224145607263],[102.80925666453162,-0.678302958128327],[102.8096153598092,-0.6783026734892973],[102.80961550121144,-0.6784832169809641],[102.8097948488004,-0.6784830746135708],[102.80979513173105,-0.6788441615206361],[102.80961578412887,-0.6788443039638037],[102.80961592564404,-0.6790248474549765],[102.8092572303135,-0.6790251323970823],[102.80925708881158,-0.6788445888301406],[102.80907774109647,-0.6788447312533099],[102.80907759963881,-0.6786641876483216],[102.80836020842854,-0.6786647571228268],[102.80835992567906,-0.6783036696093367],[102.80818057779565,-0.6783038118855559],[102.80818043648397,-0.6781232680906909],[102.80782174061751,-0.6781235525474061],[102.80782188191596,-0.6783040964180118],[102.80692514155837,-0.6783048076325855],[102.806925000293,-0.6781242635726592],[102.80710434843314,-0.6781241213809267],[102.80710406600201,-0.6777630333363013],[102.8072834140913,-0.6777628912136345],[102.80728284965402,-0.6770407152738583],[102.80746219767926,-0.6770405732959925],[102.80746233873876,-0.677221117243319],[102.80764168673299,-0.6772209752209387],[102.80764154566688,-0.677040431311478],[102.80817958940402,-0.6770400053180438],[102.80817944835573,-0.6768594615220267],[102.80853814397915,-0.6768591775689092],[102.80853842613979,-0.677220265009283],[102.80835907833368,-0.6772204070649145],[102.80835921946384,-0.6774009508227298],[102.80853856727656,-0.6774008087292233],[102.80853884966298,-0.6777618961686104],[102.80871819745127,-0.6777617539926989]]],[[[102.80423420938956,-0.6774042171374044],[102.80423392747075,-0.6770431278803504],[102.8047719733515,-0.6770427022658839],[102.80477225530996,-0.6774037912959235],[102.80459290670741,-0.677403933249736],[102.8045930477364,-0.6775844778023467],[102.80441369908966,-0.6775846197873425],[102.80441355806727,-0.6774040751968962],[102.80423420938956,-0.6774042171374044]]],[[[102.81893672767549,-0.6723373932976123],[102.81893658721202,-0.6721568517728491],[102.81875724177566,-0.672156993150812],[102.81875696097502,-0.6717959100248406],[102.81857761551402,-0.6717960513202521],[102.81857733487743,-0.6714349681176762],[102.8183979893918,-0.6714351093305428],[102.81839784913664,-0.6712545676910364],[102.81875654005708,-0.6712542853346595],[102.81875682063131,-0.6716153684616101],[102.81893616604803,-0.6716152271975796],[102.8189364467863,-0.6719763102479226],[102.8191157921784,-0.6719761689013386],[102.81911607308069,-0.6723372518750699],[102.81893672767549,-0.6723373932976123]]],[[[102.82449333174321,-0.6683611184664429],[102.82449319190778,-0.6681805781162762],[102.82431384778572,-0.6681807188621286],[102.82431370799459,-0.6680001784737668],[102.82413436384125,-0.6680003191750274],[102.82413408438538,-0.667639238321756],[102.82431342852568,-0.6676390976965566],[102.82431356824124,-0.6678196380852433],[102.82449291235027,-0.6678194974154555],[102.82449305211013,-0.6680000377659471],[102.82467239618788,-0.6679998970515681],[102.824672675834,-0.6683609776759953],[102.82449333174321,-0.6683611184664429]]],[[[102.80153614332984,-0.6672958142333828],[102.80153628214305,-0.6674763594380971],[102.80135693322492,-0.6674764991928658],[102.8013570720692,-0.6676570444352238],[102.801177723107,-0.6676571842212413],[102.80117786198231,-0.6678377295012411],[102.80135721095101,-0.6678375896774198],[102.8013573498704,-0.6680181349194538],[102.80081930283205,-0.668018554484648],[102.80081874745801,-0.6672963730619169],[102.80063939839617,-0.6672965127526682],[102.80063925965307,-0.6671159673587822],[102.80045991056019,-0.6671161070051835],[102.80045963319962,-0.666755016141333],[102.80099768032657,-0.6667545974092651],[102.8009978190076,-0.6669351427278761],[102.80135651691747,-0.6669348634648201],[102.80135665564907,-0.667115408707664],[102.80171535342171,-0.6671151293427975],[102.80171549220388,-0.6672956745098667],[102.80153614332984,-0.6672958142333828]]],[[[102.80619892399062,-0.6669310908494755],[102.80619906289789,-0.66711163507095],[102.80601971496993,-0.6671117749204372],[102.80601957606918,-0.6669312306611112],[102.80584022811013,-0.6669313704661973],[102.80584008925346,-0.6667508261688596],[102.806019437206,-0.6667506864016233],[102.80601888212941,-0.6660285093620537],[102.80619823001835,-0.6660283697396758],[102.80619795269268,-0.6656672812946238],[102.80637730053103,-0.6656671417414122],[102.8063768848051,-0.6651255091861822],[102.80673558033001,-0.665125230287284],[102.80673613475838,-0.6658474067244199],[102.80655678698876,-0.6658475463285621],[102.80655748083801,-0.6667502670606289],[102.80637813299828,-0.6667504068475079],[102.80637827187445,-0.6669309510312909],[102.80619892399062,-0.6669310908494755]]],[[[102.80583856431205,-0.6647648388874732],[102.80583911830975,-0.6654870160829668],[102.8056597703651,-0.6654871555787198],[102.80565990895204,-0.6656676999150377],[102.80530121293693,-0.6656679789626291],[102.8053013515485,-0.6658485233744759],[102.80494265537,-0.6658488024716034],[102.80494279400615,-0.6660293469589721],[102.80476344585404,-0.6660294865355668],[102.80476303007781,-0.6654878529594588],[102.80530107436297,-0.6654874345506206],[102.80530093582662,-0.665306890138451],[102.80548028383998,-0.6653067506936127],[102.80548014533474,-0.6651262063191257],[102.80530079732786,-0.6651263457261198],[102.8053006588667,-0.6649458013136268],[102.80494196275312,-0.6649460800323367],[102.80494182434252,-0.6647655355439991],[102.80512117241162,-0.6647653962257498],[102.80512089569025,-0.6644043073242722],[102.80530024370879,-0.6644041680751803],[102.80529927632294,-0.6631403571798292],[102.80547862425855,-0.6631402181891237],[102.80547876235022,-0.6633207625653841],[102.80583745812159,-0.6633204844887429],[102.80583759626379,-0.6635010287891481],[102.80601694409953,-0.6635008897032071],[102.80601791219316,-0.6647646995365839],[102.80583856431205,-0.6647648388874732]]],[[[102.81785105368198,-0.6598808603838084],[102.81785091586062,-0.6597003186200389],[102.81803026103744,-0.6597001798949068],[102.81802998549503,-0.6593390964428242],[102.81838867570974,-0.659338819125011],[102.81838895127788,-0.6596999024252093],[102.81820960617652,-0.6597000411632971],[102.8182098818827,-0.6600611245387982],[102.81803053673075,-0.6600612633463486],[102.81803039886522,-0.6598807216207079],[102.81785105368198,-0.6598808603838084]]],[[[102.80834132433043,-0.654110804722376],[102.80834146064423,-0.6542913485008819],[102.80852080762554,-0.6542912112553215],[102.80852094398335,-0.6544717549957941],[102.80870029093343,-0.6544716177059325],[102.80870083676648,-0.6551937925147282],[102.80852148979085,-0.6551939299560947],[102.80852176292038,-0.6555550174352909],[102.80870110990878,-0.6555548799181721],[102.80870124653639,-0.6557354236196549],[102.80852189954157,-0.6557355611746499],[102.80852258321204,-0.6566382798690571],[102.80834323614759,-0.656638417606985],[102.80834392072674,-0.6575411364867786],[102.80816457359262,-0.6575412744076216],[102.80816498477238,-0.6580829058472003],[102.80798563758138,-0.6580830438751993],[102.80798577471013,-0.6582635877259435],[102.80780642747509,-0.6582637257853492],[102.80780670183263,-0.6586248135620967],[102.80744800722397,-0.6586250898129818],[102.80744787003924,-0.6584445458489551],[102.80726852268492,-0.6584446839268324],[102.80726838554422,-0.6582641399247817],[102.80744773289213,-0.6582640018847684],[102.80744745871077,-0.6579029139559157],[102.8072681113757,-0.6579030519202014],[102.80726756349004,-0.6571808759091246],[102.80744691079946,-0.6571807380962941],[102.80744636349004,-0.6564585622341197],[102.8076257107362,-0.6564584245662981],[102.80762461787192,-0.6550140731372264],[102.80780396502928,-0.6550139357658972],[102.80780314692282,-0.6539306724146167],[102.80798249400425,-0.6539305352640699],[102.80798235777847,-0.6537499914095029],[102.80780301070341,-0.6537501285221808],[102.80780287452163,-0.6535695846295859],[102.80852026257064,-0.653569036291843],[102.80852039877793,-0.6537495800329509],[102.80869974570248,-0.6537494428945942],[102.80869988195377,-0.6539299865976669],[102.80852053502284,-0.6539301237738998],[102.80852067130539,-0.6541106675146903],[102.80834132433043,-0.654110804722376]]],[[[102.80851646404412,-0.6485138114765581],[102.80851632892806,-0.648333267730866],[102.8083369821564,-0.6483334037265721],[102.80833684708432,-0.6481528599428482],[102.80815750028135,-0.6481529958943155],[102.8081572302627,-0.6477919082506507],[102.80833657705303,-0.6477917723749288],[102.80833671204987,-0.6479723161589672],[102.80851605880888,-0.6479721802390098],[102.80851619384966,-0.6481527239850166],[102.80869554057738,-0.6481525880208201],[102.80869581078447,-0.6485136754366092],[102.80851646404412,-0.6485138114765581]]],[[[102.80905275033257,-0.6461663361085813],[102.8090526156868,-0.6459857924744796],[102.80923196222587,-0.6459856569457657],[102.80923182761143,-0.6458051133493886],[102.80959052056406,-0.6458048423486984],[102.80959078985578,-0.646165929389759],[102.80923209687793,-0.6461662005419858],[102.80923223156765,-0.646346744138049],[102.80887353842667,-0.6463470153406554],[102.80887340374956,-0.6461664716688313],[102.80905275033257,-0.6461663361085813]]],[[[102.81245992407366,-0.6456221305156099],[102.81245978942115,-0.6454415876010875],[102.81263913522596,-0.6454414520655938],[102.81263873147554,-0.6448998234348308],[102.8128180772238,-0.6448996880067495],[102.81281794270937,-0.6447191451674322],[102.81317663408026,-0.6447188743681104],[102.81317811594936,-0.6467048447577507],[102.81299877021347,-0.6467049805777012],[102.81299863531603,-0.6465244377778709],[102.81263994374383,-0.6465247093228853],[102.81263926988477,-0.6456219949422011],[102.81245992407366,-0.6456221305156099]]],[[[102.82339954455516,-0.6450722271402233],[102.82339940963186,-0.6448916865412938],[102.82375809656381,-0.6448914149188977],[102.82375823149967,-0.645071955441779],[102.8235788880463,-0.6450720912941682],[102.82357915801879,-0.6454331724155102],[102.82322047097354,-0.6454334442533756],[102.82322020102623,-0.6450723629799441],[102.82339954455516,-0.6450722271402233]]],[[[102.8189150024345,-0.6438118303871785],[102.81891527155146,-0.6441729134867686],[102.81855658263116,-0.6441731844634055],[102.81855644806637,-0.6439926428377363],[102.81819775900773,-0.643992913713126],[102.81819762449324,-0.6438123720113549],[102.8189150024345,-0.6438118303871785]]],[[[102.82088698180037,-0.6427270936038082],[102.82088684745591,-0.6425465524707052],[102.82070750348625,-0.6425466876897958],[102.82070723492312,-0.6421856053471288],[102.82142461052517,-0.642185064736904],[102.82142474481292,-0.6423656057563185],[102.82124540096278,-0.6423657409563354],[102.821245535282,-0.6425462820135959],[102.82106619138784,-0.6425464172453053],[102.82106632573856,-0.6427269583404098],[102.82088698180037,-0.6427270936038082]]],[[[102.82232159785411,-0.6425454704908438],[102.82232132917821,-0.6421843888322425],[102.82268001637509,-0.6421841184262378],[102.82268015070669,-0.6423646591795896],[102.82303883776503,-0.6423643886723279],[102.8230391065666,-0.642725470026495],[102.82285976304378,-0.6427256053593154],[102.82285962863037,-0.6425450646442923],[102.82232159785411,-0.6425454704908438]]],[[[102.82487429902925,-0.6965251176199734],[102.82487415328546,-0.6963445773717616],[102.82469480820082,-0.6963447240643774],[102.8246946625016,-0.6961641837779601],[102.82487400757945,-0.6961640371233805],[102.8248737162808,-0.6958029566261106],[102.82559109615997,-0.6958023702437618],[102.82559124181756,-0.695982910340318],[102.82523255193998,-0.6959832036212422],[102.82523269762177,-0.6961637437937145],[102.8250533526195,-0.6961638904619654],[102.8250536440829,-0.6965249708824817],[102.82487429902925,-0.6965251176199734]]],[[[102.82810119277809,-0.6948976192233409],[102.82810104725242,-0.6947170796585643],[102.82738366965319,-0.6947176655099391],[102.82738352419244,-0.6945371257927312],[102.82702483517949,-0.6945374186013692],[102.8270246897701,-0.6943568788078716],[102.82756272321251,-0.6943564396988686],[102.82756286864222,-0.6945369793781827],[102.82828024606304,-0.6945363936517915],[102.82828039155767,-0.6947169331786671],[102.82845973582509,-0.6947167866919483],[102.82845988136431,-0.694897326180583],[102.82810119277809,-0.6948976192233409]]],[[[102.82523109720074,-0.6941778018872179],[102.82523095193469,-0.6939972617128863],[102.82558964166311,-0.6939969692688984],[102.82558978694271,-0.6941775093671451],[102.82541044209061,-0.6941776556305895],[102.82541073274967,-0.6945387359026628],[102.82505204290501,-0.6945390285612663],[102.82505175227307,-0.6941779481370299],[102.82523109720074,-0.6941778018872179]]],[[[102.83617004729581,-0.692905102802064],[102.83617019274743,-0.6930856406536228],[102.83652887779051,-0.6930853477598035],[102.83652902329355,-0.6932658855348922],[102.83670836576499,-0.6932657390396216],[102.83670822025519,-0.6930852013026861],[102.83688756268198,-0.6930850548387636],[102.83688727176258,-0.6927239794406967],[102.83670792934932,-0.6927241258283089],[102.83670778395324,-0.6925435880908676],[102.83760449560666,-0.6925428562755832],[102.8376052231351,-0.6934455440071375],[102.83617048376436,-0.6934467163562342],[102.83617033823694,-0.6932661785050128],[102.83599099565178,-0.6932663249798627],[102.83599070472418,-0.6929052492006176],[102.83617004729581,-0.692905102802064]]],[[[102.83401373466872,-0.6876712480951819],[102.83401387894067,-0.6878517864092725],[102.8332965073623,-0.6878523673662085],[102.83329636311719,-0.6876718288996219],[102.83311702013461,-0.6876719740838516],[102.83311716437302,-0.6878525125885578],[102.83275847828084,-0.6878528030129949],[102.83275804571943,-0.6873111872696728],[102.83329607474053,-0.6873107519659465],[102.83329593060903,-0.6871302134988578],[102.83347527353361,-0.6871300684222399],[102.83347541767183,-0.6873106068512075],[102.83365476056524,-0.6873104617297194],[102.83365490474803,-0.6874910001203965],[102.83383424761027,-0.6874908549540354],[102.83383439183764,-0.6876713933064199],[102.83401373466872,-0.6876712480951819]]],[[[102.83149948267109,-0.683340348043115],[102.83149933943945,-0.6831598091912425],[102.83203736879453,-0.683159376658506],[102.83203751204618,-0.6833399153960624],[102.8325755410805,-0.6833394826886235],[102.83257568439001,-0.683520021311682],[102.83275502733238,-0.6835198770243355],[102.83275560097573,-0.6842420313624487],[102.83257625800667,-0.6842421758022517],[102.83257668861678,-0.6847837916684305],[102.832218002525,-0.6847840807565508],[102.83221814612406,-0.6849646194545006],[102.83150077345945,-0.6849651977024804],[102.83150091706966,-0.6851457365526883],[102.83132157380217,-0.6851458811359711],[102.83132171744356,-0.6853264200241139],[102.83114237413153,-0.6853265646387695],[102.83114251780408,-0.6855071035648458],[102.83132186112279,-0.6855069589120902],[102.83132200483988,-0.6856874977998997],[102.83150134812742,-0.6856873531023115],[102.83150149188906,-0.685867891951852],[102.8316808351454,-0.6858677472094277],[102.83168126667752,-0.6864093636427376],[102.83150192340108,-0.6864095084994729],[102.83150221126503,-0.6867705861970519],[102.8288120573757,-0.686772759381988],[102.82881191352526,-0.6865922199619409],[102.82845322571018,-0.686592509529146],[102.82845336954723,-0.6867730490253419],[102.82827402557625,-0.6867731938369036],[102.82827373795338,-0.6864121147682014],[102.82809439395798,-0.68641225949688],[102.82809425020997,-0.6862317199242086],[102.82827359419868,-0.6862315752336],[102.82827316316153,-0.6856899566287942],[102.82809381919289,-0.6856901012051931],[102.82809367559616,-0.6855095616318542],[102.82791433159639,-0.6855097061634522],[102.82791418804419,-0.6853291665518786],[102.82809353203727,-0.6853290220583487],[102.82809324503296,-0.6849679429108375],[102.82791390105322,-0.684968087328231],[102.82791375761448,-0.6847875477161572],[102.82773441360362,-0.6847876920887589],[102.82773427020936,-0.6846071524384524],[102.8271962379699,-0.684607585401725],[102.8271960946335,-0.6844270456370635],[102.82701675048473,-0.6844271899066505],[102.82701660719282,-0.6842466501037635],[102.82683726301292,-0.6842467943285728],[102.8268371197655,-0.6840662544874617],[102.82701646393873,-0.68406611030071],[102.82701632072244,-0.68388557049749],[102.8271956648512,-0.6838854263420805],[102.82719552166604,-0.6837048865767533],[102.82773355380542,-0.6837044541844226],[102.82773369701056,-0.6838849938355614],[102.82809238492773,-0.6838847054643064],[102.82809252818404,-0.6840652450391443],[102.82863055979611,-0.6840648123176841],[102.82863070311028,-0.6842453517781408],[102.828810046912,-0.6842452074861451],[102.82881019027064,-0.68442574690836],[102.82916887777394,-0.6844254582280571],[102.82916873440193,-0.684244918881998],[102.82934807809015,-0.6842447745698467],[102.8293479347493,-0.6840642352617015],[102.82952727839302,-0.6840640909809136],[102.82952699181148,-0.6837030124402887],[102.82970633540401,-0.6837028682289522],[102.82970619216333,-0.6835223289964744],[102.82988553571136,-0.6835221848165104],[102.82988539250184,-0.683341645621952],[102.83024407947104,-0.6833413573180669],[102.83024393628605,-0.6831608181995193],[102.83060262309056,-0.6831605299449797],[102.83060276628888,-0.6833410689873433],[102.83078210964102,-0.683340924811917],[102.83078196643604,-0.683160385807648],[102.83096130974366,-0.6831602416636084],[102.83096145295532,-0.6833407806297809],[102.83149948267109,-0.683340348043115]]],[[[102.82916644559504,-0.6813562893224421],[102.8291663028662,-0.6811757499735591],[102.82898695925334,-0.6811758936316537],[102.82898681656897,-0.6809953542445262],[102.82880747292492,-0.6809954978578555],[102.82880704511871,-0.6804538795812488],[102.82916573232912,-0.6804535925763705],[102.82916601752198,-0.6808146712752959],[102.82934536108371,-0.6808145276866737],[102.82934550374355,-0.6809950669978077],[102.82952484727409,-0.6809949233644185],[102.82952513272052,-0.6813560019100248],[102.82916644559504,-0.6813562893224421]]],[[[102.83561766771058,-0.6748517445331411],[102.83561724301285,-0.6743101305842173],[102.83597592689628,-0.674309845665434],[102.83597635163349,-0.6748514593854874],[102.83561766771058,-0.6748517445331411]]],[[[102.83435496201787,-0.6654647531363921],[102.83435510164354,-0.6656452913944808],[102.83453444355577,-0.6656451508150677],[102.83453472293377,-0.6660062272544957],[102.83471406482111,-0.66600608659228],[102.83471476396161,-0.6669087774973449],[102.83435608008405,-0.666909059196562],[102.83435622001281,-0.6670895974533535],[102.8339975359707,-0.6670898792026361],[102.83399767592432,-0.667270417535523],[102.83381833383993,-0.6672705584384655],[102.8338186138478,-0.667631635180005],[102.83363927171251,-0.667631776152645],[102.83363941176675,-0.6678123145612956],[102.83381875390855,-0.6678121735505309],[102.83381889400717,-0.6679927119208944],[102.83399823611758,-0.6679925708654462],[102.83399837626061,-0.6681731091975209],[102.83435706038085,-0.6681728269906901],[102.83435720057479,-0.6683533652463438],[102.8345365425846,-0.6683532240949558],[102.83453668282294,-0.6685337623123153],[102.8347160248014,-0.6685336211162316],[102.83471588455654,-0.6683530829370056],[102.83489522649059,-0.6683529417724927],[102.8348950862771,-0.6681724036312394],[102.8352537700185,-0.6681721213588027],[102.83525391024502,-0.6683526594237803],[102.83543325206539,-0.6683525182395804],[102.83543353264515,-0.6687135942927667],[102.83525419081172,-0.6687137355532474],[102.83525447153004,-0.6690748116820637],[102.83507512964567,-0.6690749530122564],[102.83507569151084,-0.6697971054204892],[102.83489634956247,-0.6697972468966606],[102.83489620904588,-0.6696167087567096],[102.83471686706616,-0.669616850188169],[102.83471672659398,-0.6694363120099199],[102.83435804253394,-0.6694365947768494],[102.8343579021127,-0.6692560565221721],[102.83417856003238,-0.6692561978576475],[102.8341787004471,-0.6694367361504546],[102.83399935832236,-0.6694368775174868],[102.83399949876842,-0.6696174158482592],[102.83382015659929,-0.6696175572468447],[102.83382057814514,-0.6701591723525631],[102.8336412359185,-0.6701593138589477],[102.83364137650301,-0.6703398522653189],[102.83328269192307,-0.6703401353345916],[102.83328255135164,-0.6701595968519765],[102.83310320901141,-0.6701597383386206],[102.83310306848439,-0.6699791998177232],[102.83292372611281,-0.6699793412596697],[102.8329235856302,-0.6697988027004914],[102.83256490078651,-0.6697990854884198],[102.83256476035483,-0.6696185468528489],[102.8323854178827,-0.6696186881988357],[102.83238527749542,-0.6694381495249897],[102.83202659245067,-0.6694384321210199],[102.83202603133238,-0.6687162771191306],[102.8322053738476,-0.6687161359768368],[102.83220509350258,-0.668355058551133],[102.83238443596687,-0.668354917478494],[102.83238429584463,-0.6681743788035086],[102.83274298064661,-0.668174096714769],[102.83274284054922,-0.6679935581158472],[102.83292218288689,-0.6679934170997524],[102.83292176280234,-0.6674518014163586],[102.8331011050826,-0.6674516605080574],[102.83310082520256,-0.6670905834612177],[102.83292148293532,-0.667090724293284],[102.83292092365572,-0.666368570045187],[102.83310026589695,-0.6663684293655907],[102.83309998647138,-0.6660073523168042],[102.83292064424315,-0.6660074929201656],[102.83292050459364,-0.6658269543574115],[102.83256182003655,-0.6658272354682866],[102.83256140135425,-0.6652856195503642],[102.83309942807466,-0.6652851982172863],[102.83309956761704,-0.6654657367424085],[102.83345825192093,-0.6654654557447882],[102.83345839151417,-0.6656459941935086],[102.83381707567955,-0.665645713093505],[102.83381693607333,-0.6654651747210321],[102.83435496201787,-0.6654647531363921]]],[[[102.82718320930786,-0.667997926361549],[102.82718334920327,-0.6681784661411793],[102.82736269272051,-0.6681783252903523],[102.82736283266026,-0.668358865031759],[102.82682480197546,-0.6683592876787346],[102.8268246620553,-0.6681787478231508],[102.8264659747561,-0.6681790294788786],[102.82646583488678,-0.6679984895470229],[102.82628649118698,-0.6679986303269936],[102.82628635136197,-0.6678180903569237],[102.8261070076309,-0.6678182310922851],[102.82610630910547,-0.666915531049249],[102.826285652804,-0.6669153905041385],[102.82628551320582,-0.6667348505330946],[102.82646485686003,-0.6667347100194873],[102.82646499646474,-0.6669152499524791],[102.82682368367277,-0.6669149688295151],[102.82682438232838,-0.6678176681114953],[102.82700372590823,-0.6678175273499046],[102.82700386575931,-0.6679980671677561],[102.82718320930786,-0.667997926361549]]],[[[102.8382996373754,-0.6643784352027636],[102.83829949787236,-0.6641978977828477],[102.83937554346231,-0.6641970551780273],[102.83937596220186,-0.6647386667501387],[102.83865859854916,-0.6647392289708933],[102.83865845895731,-0.664558691627644],[102.83776175357055,-0.6645593940658912],[102.83776161404903,-0.6643788565316358],[102.8382996373754,-0.6643784352027636]]],[[[102.83560826404302,-0.6627556993238495],[102.83560812497821,-0.6625751613301331],[102.83596680801408,-0.6625748813701986],[102.8359669470918,-0.6627554192876249],[102.83650497138076,-0.6627549991844831],[102.8365052496887,-0.6631160747899559],[102.83578788384257,-0.6631166352196513],[102.83578760558635,-0.6627555593089909],[102.83560826404302,-0.6627556993238495]]],[[[102.83793942289033,-0.6623928036275437],[102.83793956200122,-0.6625733411254109],[102.83776022091922,-0.6625734811801919],[102.83776008181478,-0.6623929436441593],[102.83758074070133,-0.6623930836542714],[102.83758060164125,-0.6622125460799146],[102.83775994274826,-0.662212406107966],[102.83775966472896,-0.6618513310350953],[102.83811834680337,-0.661851051224357],[102.83811848580699,-0.6620315886845404],[102.83829782679376,-0.662031448731255],[102.83829796584173,-0.6622119861531085],[102.83811862484849,-0.6622121261445629],[102.83811876392794,-0.6623926636044243],[102.83793942289033,-0.6623928036275437]]],[[[102.83166204627048,-0.6618560838405696],[102.83166218504165,-0.6620366226736503],[102.83184152739246,-0.6620364829543754],[102.83184180506129,-0.6623975605438435],[102.83130377785658,-0.6623979799107862],[102.83130363902261,-0.662217441001823],[102.83112429655178,-0.6622175807396962],[102.83112415776212,-0.6620370417924724],[102.83094481525991,-0.6620371814857454],[102.83094467651456,-0.6618566425002624],[102.83076533398096,-0.6618567821489388],[102.83076519527991,-0.6616762431251988],[102.83022716747138,-0.6616766619179584],[102.83022702882754,-0.6614961227797794],[102.83004768615547,-0.6614962623262831],[102.83004754755592,-0.6613157231498543],[102.83058557543927,-0.6613153046051303],[102.83058571405817,-0.6614958436672866],[102.83094439913742,-0.6614955645288133],[102.83094453780707,-0.6616761035146185],[102.83130322274782,-0.6616758242739669],[102.83130336146823,-0.6618563631834133],[102.83166204627048,-0.6618560838405696]]],[[[102.82592251739256,-0.6611383899990515],[102.825922379017,-0.6609578499467422],[102.82610172253963,-0.6609577106637738],[102.82610213779905,-0.6614993307060745],[102.82592279425708,-0.6614994701031873],[102.82592293274604,-0.6616800101550143],[102.82574358915981,-0.6616801495836785],[102.82574317382569,-0.6611385293135764],[102.82592251739256,-0.6611383899990515]]],[[[102.8302260593803,-0.6602323488080231],[102.83022578273594,-0.6598712705289321],[102.83004644012185,-0.6598714097326346],[102.83004630186288,-0.6596908705547591],[102.82986695921738,-0.659691009713895],[102.82986668282582,-0.6593299312814885],[102.82968734015536,-0.6593300703579761],[102.82968706392802,-0.6589689918487568],[102.83004574920538,-0.6589687138416533],[102.83004602545846,-0.659329792198527],[102.83022536805323,-0.6593296531090916],[102.83022550624295,-0.659510192249199],[102.83040484880632,-0.659510053115199],[102.83040540196939,-0.6602322095216601],[102.8302260593803,-0.6602323488080231]]],[[[102.83668057024306,-0.6578803394303127],[102.83668070836109,-0.6580608771993177],[102.83686004950955,-0.6580607381374353],[102.8368601876719,-0.6582412758681253],[102.83614282282493,-0.6582418322294953],[102.83614268468826,-0.6580612943461975],[102.83596334338819,-0.6580614333822349],[102.83596320529584,-0.6578808954606294],[102.83578386396428,-0.6578810344520598],[102.83578344993387,-0.6573394205718455],[102.83596279124619,-0.6573392816948519],[102.83596292922483,-0.6575198196169381],[102.83614227050568,-0.6575196806953431],[102.83614240852863,-0.6577002185791213],[102.83650109098942,-0.6576999406402632],[102.83650122906312,-0.6578804784475812],[102.83668057024306,-0.6578803394303127]]],[[[102.83595894323076,-0.6522842198116459],[102.83595853270569,-0.6517426060310446],[102.83631721482081,-0.6517423306228922],[102.83631762538405,-0.6522839441746034],[102.83595894323076,-0.6522842198116459]]],[[[102.82627405834089,-0.6517500323753793],[102.82627364918629,-0.6512084124213696],[102.82645299228776,-0.6512082751802151],[102.82645271969434,-0.6508471952861863],[102.82681140575842,-0.6508469209369117],[102.82681181474335,-0.6513885405493912],[102.82663247171116,-0.6513886778413895],[102.82663260810872,-0.6515692177499544],[102.82645326503237,-0.6515693550736102],[102.82645340146141,-0.6517498950200697],[102.82627405834089,-0.6517500323753793]]],[[[102.82752687298097,-0.6483188160826243],[102.82752700876745,-0.6484993558035828],[102.82734766598793,-0.6484994925121687],[102.82734739446545,-0.6481384129939693],[102.82752673723232,-0.6481382763615081],[102.82752660152147,-0.6479577366402343],[102.82806462957622,-0.6479573268188635],[102.82806490107365,-0.6483184060328587],[102.8278855584139,-0.6483185427224797],[102.82788569421302,-0.6484990823673085],[102.82770635150915,-0.6484992190886295],[102.82770621571635,-0.6483186794057348],[102.82752687298097,-0.6483188160826243]]],[[[102.83326568579578,-0.6481339007625554],[102.83326554988267,-0.6479533622602098],[102.83308620833309,-0.647953499058199],[102.83308607246417,-0.6477729605175767],[102.8334447555128,-0.6477726869914759],[102.83344461966912,-0.6475921485269359],[102.83362396113031,-0.6475920117924675],[102.83362382531818,-0.6474114733658922],[102.83380316673518,-0.6474113366631897],[102.83380303095461,-0.6472307982745814],[102.83416171366234,-0.6472305249263599],[102.83416212115557,-0.6477721398629508],[102.83398277980169,-0.6477722766546226],[102.83398291570221,-0.6479528150046321],[102.83380357430414,-0.6479529518280696],[102.83380371023621,-0.6481334902160477],[102.83326568579578,-0.6481339007625554]]],[[[102.8275256526044,-0.6466939585869063],[102.82752551719608,-0.6465134188643729],[102.82734617448604,-0.6465135551542739],[102.82734590379545,-0.6461524756326108],[102.82752524649288,-0.6461523394188343],[102.82752538182557,-0.6463328791416821],[102.82824275226234,-0.6463323340708638],[102.82824315856298,-0.6468739527816642],[102.82770513073537,-0.6468743619369055],[102.82770499528293,-0.6466938222525933],[102.8275256526044,-0.6466939585869063]]],[[[102.84872422491087,-0.6932559083506697],[102.84872393302336,-0.6928948379972537],[102.84908261273777,-0.6928945442272959],[102.84908246683756,-0.6927140091268841],[102.84944114638633,-0.6927137154062714],[102.84944129230009,-0.6928942504301266],[102.84926195253796,-0.6928943973321128],[102.84926209848297,-0.693074932394078],[102.84890341883109,-0.6930752262541948],[102.84890356480061,-0.6932557613925445],[102.84872422491087,-0.6932559083506697]]],[[[102.84602615605603,-0.6833286453776131],[102.84602644371289,-0.6836897168965962],[102.84620578381694,-0.6836895720676711],[102.84620592770904,-0.6838701077886656],[102.84566790726288,-0.6838705423700393],[102.84566747576059,-0.6833289348623474],[102.84602615605603,-0.6833286453776131]]],[[[102.84692299997235,-0.6835084571166901],[102.8469228561296,-0.6833279215483686],[102.84656417621417,-0.6833282111001935],[102.84656374495391,-0.6827866041647105],[102.84674308491063,-0.6827864595069101],[102.84674294122655,-0.6826059238996688],[102.84692228113862,-0.6826057792734187],[102.84692213748589,-0.6824252437042652],[102.84710147735329,-0.6824250991095692],[102.84710190844547,-0.6829667057017627],[102.84728124829482,-0.6829665609855932],[102.84728153589298,-0.6833276319697076],[102.84710219603029,-0.6833277767623928],[102.84710233987971,-0.6835083122924582],[102.84692299997235,-0.6835084571166901]]],[[[102.86162759194612,-0.6820522998355889],[102.86162788022875,-0.6824133646886383],[102.86126920662468,-0.6824136549567086],[102.86126906247759,-0.6822331224534697],[102.86073105180532,-0.6822335576901452],[102.86073090771633,-0.682053025071557],[102.86019289672075,-0.6820534601327853],[102.86019275268987,-0.6818729273988641],[102.85965474137099,-0.6818733622846767],[102.85965459739819,-0.6816928294354382],[102.85947526022228,-0.681692974345607],[102.85947511629426,-0.6815124414578223],[102.86037180175923,-0.6815117170319707],[102.86037194572049,-0.6816922497278375],[102.86055128270571,-0.6816921047842059],[102.86055142671177,-0.6818726374415175],[102.86126877429786,-0.6818720574464928],[102.86126891836865,-0.6820525899500645],[102.86162759194612,-0.6820522998355889]]],[[[102.85050763524934,-0.6807975372965759],[102.85050777869282,-0.6809780721017682],[102.84961108285374,-0.6809787941133109],[102.84961093944347,-0.6807982591166882],[102.84943160016819,-0.6807984034606582],[102.84943174357181,-0.6809789384955618],[102.84925240425187,-0.6809790828711267],[102.84925254768689,-0.6811596179441435],[102.8488938689196,-0.6811599067517686],[102.84889401237936,-0.681340441901172],[102.84871467293203,-0.6813405863332267],[102.84871481642318,-0.681521121520738],[102.84889415587715,-0.6815209770504093],[102.84889429941296,-0.6817015121994805],[102.84907363883555,-0.6817013676841851],[102.84907421338568,-0.6824235081257057],[102.848536194924,-0.682423942110797],[102.84853605124938,-0.682243406885845],[102.84835671169277,-0.6822435514958719],[102.84835642447092,-0.6818824809689288],[102.84853576401424,-0.6818823364354425],[102.8485356204537,-0.6817018012099917],[102.84835628091703,-0.6817019457052079],[102.84835613740115,-0.6815214104413211],[102.84817679783312,-0.681521554891576],[102.84817651092874,-0.6811604842867671],[102.84835585048347,-0.681160339913049],[102.84835542039211,-0.6806187341193959],[102.84889343876847,-0.6806183013025632],[102.84889329546083,-0.6804377661524962],[102.84978999196099,-0.6804370448488559],[102.84978984865819,-0.680256509890018],[102.85086588316341,-0.6802556443349245],[102.85086573985883,-0.6800751096056535],[102.85104507880325,-0.6800749653613906],[102.85104522211446,-0.6802555000523668],[102.85122456102748,-0.6802553557631301],[102.85122470438336,-0.6804358904156438],[102.85104536546372,-0.6804360347431772],[102.85104565227637,-0.6807971041243],[102.85050763524934,-0.6807975372965759]]],[[[102.85857842987602,-0.681513165716404],[102.85857828601937,-0.6813326326365791],[102.85821961119849,-0.681332922216439],[102.85821932362612,-0.6809718559028165],[102.85875733576037,-0.6809714217532097],[102.85875747954744,-0.6811519547949958],[102.85911615412627,-0.6811516652517494],[102.85911629796475,-0.6813321982166214],[102.85947497240437,-0.6813319085698711],[102.85947511629426,-0.6815124414578223],[102.85857842987602,-0.681513165716404]]],[[[102.8618024796059,-0.6764556506515764],[102.86180233669789,-0.6762751182580662],[102.86234034602764,-0.6762746867029098],[102.86234048895541,-0.6764552189812056],[102.86269916166431,-0.6764549311677531],[102.86269930464346,-0.6766354633690653],[102.86216129550307,-0.6766358951945076],[102.86216115254373,-0.6764553628779705],[102.8618024796059,-0.6764556506515764]]],[[[102.8585731325685,-0.674833441652542],[102.85857299012233,-0.6746529085665973],[102.85821431579076,-0.6746531953071888],[102.8582140310391,-0.674292128981332],[102.85839336821078,-0.6742919856910832],[102.85839351057413,-0.6744725188157262],[102.8589315218802,-0.6744720887901463],[102.8589316643014,-0.6746526217995117],[102.85911100133376,-0.6746524784060336],[102.85911114379965,-0.6748330113768597],[102.8585731325685,-0.674833441652542]]],[[[102.84027898944241,-0.6728621286419415],[102.84027884808486,-0.6726815916496514],[102.84009950713128,-0.6726817339275545],[102.84009936581823,-0.6725011968969123],[102.84081672937863,-0.6725006278984366],[102.84081658807727,-0.672320091020395],[102.84099592886595,-0.6723199487924645],[102.84099607017386,-0.6725004856323102],[102.84117541093116,-0.6725003433595814],[102.84117555228357,-0.6726808801610661],[102.84099621151972,-0.6726810224719925],[102.84099635290353,-0.6728615593115109],[102.84027898944241,-0.6728621286419415]]],[[[102.84243121947839,-0.6730409568672673],[102.84243136099062,-0.6732214934008294],[102.84225202047276,-0.6732216358726175],[102.84225187896709,-0.6730410993008455],[102.84207253841785,-0.6730412417278158],[102.84207239695671,-0.6728607051176722],[102.84189305637607,-0.6728608474998279],[102.84189291495946,-0.672680310851314],[102.84207225553352,-0.6726801685073643],[102.84207211414831,-0.6724996318968929],[102.84189277358078,-0.6724997742026363],[102.84189234967255,-0.6719581642556207],[102.84207169022041,-0.6719580220644958],[102.84207197280104,-0.6723190952862579],[102.84225131332404,-0.6723189530121196],[102.84225145467786,-0.672499489584547],[102.8426101356231,-0.6724992049400458],[102.8426105599517,-0.673040814427081],[102.84243121947839,-0.6730409568672673]]],[[[102.85282669851334,-0.6650891744196283],[102.85282683873149,-0.6652697087411693],[102.85318551466912,-0.6652694263827726],[102.8531856549383,-0.6654499606275208],[102.8533649928565,-0.6654498194002074],[102.85336513317026,-0.6656303536064759],[102.85354447105688,-0.6656302123343095],[102.85354461141519,-0.6658107465020963],[102.85336527352207,-0.665810887812582],[102.85336541391196,-0.6659914220185256],[102.85121335614775,-0.665993117694178],[102.8512132158358,-0.6658125830285376],[102.85157189249742,-0.6658123005579137],[102.85157175221052,-0.6656317659687098],[102.85175109047775,-0.6656316247618942],[102.85175081000514,-0.6652705556596027],[102.85193014822134,-0.6652704145228594],[102.85192986788796,-0.6649093454965265],[102.85210920605314,-0.6649092044298623],[102.85210934620729,-0.6650897389048045],[102.85228868434089,-0.665089597793305],[102.85228882453958,-0.6652701322297782],[102.85264750070559,-0.6652698499105703],[102.85264736049392,-0.665089315550717],[102.85282669851334,-0.6650891744196283]]],[[[102.84421773171265,-0.6641932605510722],[102.84421759203377,-0.6640127243915614],[102.84439693180136,-0.6640125837967537],[102.84439707148671,-0.6641931199180352],[102.84475575092088,-0.6641928386323976],[102.8447561702437,-0.664734446765881],[102.84403881114565,-0.6647350097698317],[102.84403839190061,-0.6641934011775878],[102.84421773171265,-0.6641932605510722]]],[[[102.85766796908398,-0.6640021616900021],[102.85766810924862,-0.6641826949774092],[102.85713009825835,-0.6641831183046105],[102.85712981800606,-0.6638220514994836],[102.85730915502796,-0.6638219104736507],[102.85730901495249,-0.6636413771092009],[102.85766768886906,-0.6636410951147025],[102.85766754881875,-0.6634605618268097],[102.8578468857134,-0.6634604208581495],[102.85784674569474,-0.6632798876084571],[102.85820541935674,-0.6632796057283252],[102.85820569945804,-0.6636406720740894],[102.85802636263317,-0.6636408130941425],[102.85802650273452,-0.6638213463051473],[102.85784716586505,-0.6638214873570489],[102.85784730599805,-0.6640020206062559],[102.85766796908398,-0.6640021616900021]]],[[[102.84439414607061,-0.6604018613372075],[102.84439428499633,-0.660582397461716],[102.84457362460319,-0.6605822575867756],[102.84457390258146,-0.6609433297588481],[102.84403588360821,-0.660943749593587],[102.8440354667558,-0.660402140991175],[102.84439414607061,-0.6604018613372075]]],[[[102.84762017200208,-0.6576913117238716],[102.84762003356862,-0.6575107762852201],[102.84708201689966,-0.6575111942701365],[102.84708174018527,-0.6571501231627976],[102.84744041797696,-0.657149844665675],[102.84744055632797,-0.6573303801429081],[102.84797857274961,-0.6573299622340468],[102.84797871115786,-0.6575104975963316],[102.84779937238226,-0.6575106369440035],[102.84779951082211,-0.6576911723443923],[102.84762017200208,-0.6576913117238716]]],[[[102.84564537101897,-0.6549848065637935],[102.84564550884997,-0.6551653424254567],[102.84546616966351,-0.6551654811920681],[102.8454663075261,-0.6553460170918133],[102.84564564671895,-0.6553458782869604],[102.84564578462592,-0.6555264141483041],[102.84528710618945,-0.6555266918280569],[102.84528696829527,-0.6553461558902319],[102.84474895037481,-0.6553465722468821],[102.84474881253779,-0.6551660361941889],[102.84456947316139,-0.6551661749286377],[102.84456933536875,-0.6549856388375526],[102.84510735336481,-0.6549852227296117],[102.84510721559097,-0.6548046867530697],[102.84528655484064,-0.6548045480757991],[102.84528627939417,-0.6544434761987128],[102.84546561859307,-0.6544433375914923],[102.8454657563037,-0.6546238734918756],[102.84564509547099,-0.6546237348399884],[102.84564523322598,-0.6548042707019707],[102.84582457236166,-0.6548041320054129],[102.84582471016105,-0.6549846678289925],[102.84564537101897,-0.6549848065637935]]],[[[102.84134012016023,-0.6535438400322912],[102.84134025753427,-0.653724376812534],[102.84116091748756,-0.6537245151191721],[102.84116078011989,-0.6535439783007305],[102.84098144004162,-0.6535441165627528],[102.84098130271828,-0.6533635797059553],[102.8406226224606,-0.653363856134361],[102.84062248518795,-0.6531833192010154],[102.8408018253294,-0.6531831810282133],[102.84080168808832,-0.6530026441329022],[102.84133970826585,-0.6530022296906084],[102.8413395710436,-0.6528216929097296],[102.84151891102051,-0.6528215547876759],[102.84151904824911,-0.6530020915303543],[102.84169838819443,-0.653001953363689],[102.84169866277823,-0.653363026772164],[102.84151932282016,-0.6533631650152344],[102.84151946016262,-0.6535437017574355],[102.84134012016023,-0.6535438400322912]]],[[[102.8506635518048,-0.650648084546355],[102.85066341474601,-0.6504675497521927],[102.85012540076261,-0.6504679635864944],[102.85012526376089,-0.650287428677306],[102.85084261563729,-0.6502868770386249],[102.85084247864823,-0.6501063422824385],[102.8510218165159,-0.6501062043951014],[102.85102167955854,-0.649925669677051],[102.85120101738181,-0.6499255318216276],[102.85120129134724,-0.6502866011809776],[102.85102195351129,-0.6502867391129934],[102.85102209054473,-0.6504672738307269],[102.85084275266439,-0.6504674117946528],[102.85084288972953,-0.6506479465505225],[102.8506635518048,-0.650648084546355]]],[[[102.84151291053585,-0.6448779379530457],[102.84151263953237,-0.6445168644533094],[102.84169197918031,-0.6445167280821529],[102.84169130230441,-0.6436140445210777],[102.8415119626879,-0.6436141807012229],[102.84151142189546,-0.6428920336967318],[102.84169076148689,-0.6428918976693956],[102.84169049130584,-0.6425308242426149],[102.84186983084679,-0.6425306882853744],[102.84187037138575,-0.6432528349854933],[102.84204971091381,-0.6432526988691213],[102.8420507938639,-0.6446969919561901],[102.84187145428561,-0.6446971283782087],[102.8418715898189,-0.6448776650515918],[102.84151291053585,-0.6448779379530457]]],[[[102.84760705573056,-0.6403599088889796],[102.84796573211729,-0.6403596374701521],[102.847965866952,-0.6405401728473019],[102.84724851400152,-0.6405407158128551],[102.84724824442007,-0.6401796447523068],[102.84760692094635,-0.6401793734351472],[102.84760705573056,-0.6403599088889796]]],[[[102.84742677483268,-0.6390962961410358],[102.84832346548609,-0.6390956189174973],[102.84832373468623,-0.6394566895207564],[102.84814439661912,-0.6394568250545489],[102.84814453126998,-0.6396373603942126],[102.84760651682181,-0.6396377670727138],[102.84760624759552,-0.6392766961636455],[102.84742690938258,-0.6392768316340643],[102.84742677483268,-0.6390962961410358]]]]}}],"province":"Riau","boundarySource":"data/batas_provinsi_riau_dissolve.geojson","villageSource":"data/batas_administrasi_desa_riau.geojson","spatiallyClipped":true,"areaCrs":"EPSG:32647","administrativeUpdatedAt":"2026-10-09T03:55:28.481135+00:00"}