{"type":"FeatureCollection","name":"Indikasi perubahan garis pantai tahunan desa pesisir Riau","generatedAt":"2026-08-12T04:58:28.894475+00:00","methodVersion":"s2-annual-water-edge-v1","features":[{"type":"Feature","properties":{"village":"Kayu Ara Permai","district":"Sungai Apit","regency":"Siak","baseline":"2016","current":"2025","confidence":"rendah","resolutionM":10,"uncertaintyM":14.1,"change":"erosion"},"geometry":{"type":"Polygon","coordinates":[[[102.17857249657726,1.2304677991895245],[102.17857259158843,1.230377436881522],[102.17875214833198,1.2303776281267045],[102.17875205332685,1.2304679904487565],[102.17857249657726,1.2304677991895245]]]}},{"type":"Feature","properties":{"village":"Kayu Ara Permai","district":"Sungai Apit","regency":"Siak","baseline":"2016","current":"2025","confidence":"rendah","resolutionM":10,"uncertaintyM":14.1,"change":"erosion"},"geometry":{"type":"Polygon","coordinates":[[[102.17875214833198,1.2303776281267045],[102.17875224333012,1.2302872658045827],[102.17893180009558,1.2302874570235844],[102.17893189508072,1.2301970946873453],[102.17920123027223,1.2301973814720304],[102.17920113529611,1.2302877438293411],[102.17902157848877,1.2302875526285362],[102.17902148349967,1.2303779149717304],[102.17875214833198,1.2303776281267045]]]}},{"type":"Feature","properties":{"village":"Kayu Ara Permai","district":"Sungai Apit","regency":"Siak","baseline":"2016","current":"2025","confidence":"rendah","resolutionM":10,"uncertaintyM":14.1,"change":"erosion"},"geometry":{"type":"Polygon","coordinates":[[[102.17929100868335,1.2301974770608601],[102.17929110364946,1.2301071146964573],[102.17938088206456,1.2301072102752317],[102.17938078710146,1.2301975726466576],[102.17929100868335,1.2301974770608601]]]}},{"type":"Feature","properties":{"village":"Kayu Ara Permai","district":"Sungai Apit","regency":"Siak","baseline":"2016","current":"2025","confidence":"rendah","resolutionM":10,"uncertaintyM":14.1,"change":"erosion"},"geometry":{"type":"Polygon","coordinates":[[[102.17965031229882,1.2300171346007975],[102.17965040723891,1.2299267722081657],[102.17974018567591,1.229926867760766],[102.17974009073883,1.23001723016042],[102.17965031229882,1.2300171346007975]]]}},{"type":"Feature","properties":{"village":"Kayu Ara Permai","district":"Sungai Apit","regency":"Siak","baseline":"2016","current":"2025","confidence":"rendah","resolutionM":10,"uncertaintyM":14.1,"change":"erosion"},"geometry":{"type":"Polygon","coordinates":[[[102.17982996411989,1.2299269633103347],[102.17983005904698,1.2298366009035895],[102.17991983749492,1.2298366964431042],[102.17991974257085,1.2299270588568714],[102.17982996411989,1.2299269633103347]]]}},{"type":"Feature","properties":{"village":"Kayu Ara Permai","district":"Sungai Apit","regency":"Siak","baseline":"2016","current":"2025","confidence":"rendah","resolutionM":10,"uncertaintyM":14.1,"change":"erosion"},"geometry":{"type":"Polygon","coordinates":[[[102.18009948932283,1.2297465250851602],[102.18009958422692,1.2296561626572133],[102.18018936268979,1.2296562581735908],[102.1801892677887,1.2297466206085588],[102.18009948932283,1.2297465250851602]]]}},{"type":"Feature","properties":{"village":"Kayu Ara Permai","district":"Sungai Apit","regency":"Siak","baseline":"2016","current":"2025","confidence":"rendah","resolutionM":10,"uncertaintyM":14.1,"change":"erosion"},"geometry":{"type":"Polygon","coordinates":[[[102.18027914115962,1.2296563536869365],[102.18027923605072,1.2295659912448784],[102.18036901452453,1.2295660867481728],[102.18036891963644,1.2296564491972515],[102.18027914115962,1.2296563536869365]]]}},{"type":"Feature","properties":{"village":"Kayu Ara Permai","district":"Sungai Apit","regency":"Siak","baseline":"2016","current":"2025","confidence":"rendah","resolutionM":10,"uncertaintyM":14.1,"change":"erosion"},"geometry":{"type":"Polygon","coordinates":[[[102.1804587930053,1.2295661822484358],[102.1804588878834,1.229475819792268],[102.18054866636815,1.2294759152824797],[102.18054857149306,1.229566277745668],[102.1804587930053,1.2295661822484358]]]}},{"type":"Feature","properties":{"village":"Kayu Ara Permai","district":"Sungai Apit","regency":"Siak","baseline":"2016","current":"2025","confidence":"rendah","resolutionM":10,"uncertaintyM":14.1,"change":"erosion"},"geometry":{"type":"Polygon","coordinates":[[[102.18063844485988,1.2294760107696612],[102.18063853972497,1.2293856482993837],[102.18072831822066,1.2293857437765139],[102.18072822335859,1.229476106253811],[102.18063844485988,1.2294760107696612]]]}},{"type":"Feature","properties":{"village":"Kayu Ara Permai","district":"Sungai Apit","regency":"Siak","baseline":"2016","current":"2025","confidence":"rendah","resolutionM":10,"uncertaintyM":14.1,"change":"erosion"},"geometry":{"type":"Polygon","coordinates":[[[102.18072831822066,1.2293857437765139],[102.18072841307577,1.229295381299148],[102.18081819157543,1.2292954767662283],[102.18081809672333,1.229385839250614],[102.18072831822066,1.2293857437765139]]]}},{"type":"Feature","properties":{"village":"Kayu Ara Permai","district":"Sungai Apit","regency":"Siak","baseline":"2016","current":"2025","confidence":"rendah","resolutionM":10,"uncertaintyM":14.1,"change":"erosion"},"geometry":{"type":"Polygon","coordinates":[[[102.18090797008207,1.2292955722302783],[102.18090806492417,1.2292052097388053],[102.18099784343477,1.2292053051928056],[102.18099774859569,1.229295667691298],[102.18090797008207,1.2292955722302783]]]}},{"type":"Feature","properties":{"village":"Kayu Ara Permai","district":"Sungai Apit","regency":"Siak","baseline":"2016","current":"2025","confidence":"rendah","resolutionM":10,"uncertaintyM":14.1,"change":"erosion"},"geometry":{"type":"Polygon","coordinates":[[[102.18099784343477,1.2292053051928056],[102.1809979382669,1.2291149426942445],[102.18117749530302,1.2291151335791175],[102.18117740047693,1.2292054960917158],[102.18099784343477,1.2292053051928056]]]}},{"type":"Feature","properties":{"village":"Kayu Ara Permai","district":"Sungai Apit","regency":"Siak","baseline":"2016","current":"2025","confidence":"rendah","resolutionM":10,"uncertaintyM":14.1,"change":"erosion"},"geometry":{"type":"Polygon","coordinates":[[[102.18117749530302,1.2291151335791175],[102.18117759012215,1.2290247710664497],[102.18126736864765,1.2290248664973227],[102.18126746345679,1.228934503977568],[102.18144702052273,1.2289346948161886],[102.18144692571961,1.22902505734998],[102.18135714718015,1.2290249619251663],[102.18135705236705,1.2291153244518704],[102.18117749530302,1.2291151335791175]]]}},{"type":"Feature","properties":{"village":"Kayu Ara Permai","district":"Sungai Apit","regency":"Siak","baseline":"2016","current":"2025","confidence":"rendah","resolutionM":10,"uncertaintyM":14.1,"change":"erosion"},"geometry":{"type":"Polygon","coordinates":[[[102.18144702052273,1.2289346948161886],[102.18144711531886,1.2288443322823288],[102.18153689385929,1.228844427690077],[102.18153679906615,1.2289347902309546],[102.18144702052273,1.2289346948161886]]]}},{"type":"Feature","properties":{"village":"Kayu Ara Permai","district":"Sungai Apit","regency":"Siak","baseline":"2016","current":"2025","confidence":"rendah","resolutionM":10,"uncertaintyM":14.1,"change":"erosion"},"geometry":{"type":"Polygon","coordinates":[[[102.18153689385929,1.228844427690077],[102.18153698864545,1.2287540651491309],[102.18162676718984,1.228754160546832],[102.18162667240668,1.2288445230947964],[102.18153689385929,1.228844427690077]]]}},{"type":"Feature","properties":{"village":"Kayu Ara Permai","district":"Sungai Apit","regency":"Siak","baseline":"2016","current":"2025","confidence":"rendah","resolutionM":10,"uncertaintyM":14.1,"change":"erosion"},"geometry":{"type":"Polygon","coordinates":[[[102.1817165457412,1.2287542559415048],[102.18171664051437,1.2286638933864547],[102.18180641906969,1.2286639887710809],[102.18180632429954,1.228754351333148],[102.1817165457412,1.2287542559415048]]]}},{"type":"Feature","properties":{"village":"Kayu Ara Permai","district":"Sungai Apit","regency":"Siak","baseline":"2016","current":"2025","confidence":"rendah","resolutionM":10,"uncertaintyM":14.1,"change":"erosion"},"geometry":{"type":"Polygon","coordinates":[[[102.18180641906969,1.2286639887710809],[102.18180651383285,1.2285736262089453],[102.18189629239215,1.2285737215835255],[102.18189619763199,1.2286640841526786],[102.18180641906969,1.2286639887710809]]]}},{"type":"Feature","properties":{"village":"Kayu Ara Permai","district":"Sungai Apit","regency":"Siak","baseline":"2016","current":"2025","confidence":"rendah","resolutionM":10,"uncertaintyM":14.1,"change":"erosion"},"geometry":{"type":"Polygon","coordinates":[[[102.18189629239215,1.2285737215835255],[102.18189638714534,1.2284833590143043],[102.18198616570861,1.2284834543788397],[102.18198607095843,1.228573816955078],[102.18189629239215,1.2285737215835255]]]}},{"type":"Feature","properties":{"village":"Kayu Ara Permai","district":"Sungai Apit","regency":"Siak","baseline":"2016","current":"2025","confidence":"rendah","resolutionM":10,"uncertaintyM":14.1,"change":"erosion"},"geometry":{"type":"Polygon","coordinates":[[[102.18216581759324,1.2283932825084858],[102.18216591232347,1.2283029199180775],[102.18225569090163,1.2283030152594956],[102.18225559617441,1.2283933778569198],[102.18216581759324,1.2283932825084858]]]}},{"type":"Feature","properties":{"village":"Kayu Ara Permai","district":"Sungai Apit","regency":"Siak","baseline":"2016","current":"2025","confidence":"rendah","resolutionM":10,"uncertaintyM":14.1,"change":"erosion"},"geometry":{"type":"Polygon","coordinates":[[[102.18225569090163,1.2283030152594956],[102.18225578562186,1.228212652662003],[102.182345564204,1.2282127479933775],[102.18234546948676,1.228303110597886],[102.18225569090163,1.2283030152594956]]]}},{"type":"Feature","properties":{"village":"Kayu Ara Permai","district":"Sungai Apit","regency":"Siak","baseline":"2016","current":"2025","confidence":"rendah","resolutionM":10,"uncertaintyM":14.1,"change":"erosion"},"geometry":{"type":"Polygon","coordinates":[[[102.18270496267601,1.227942041390477],[102.18270505735332,1.2278516787576326],[102.18279483595828,1.2278517740458093],[102.18279474128398,1.2279421366856684],[102.18270496267601,1.227942041390477]]]}},{"type":"Feature","properties":{"village":"Kayu Ara Permai","district":"Sungai Apit","regency":"Siak","baseline":"2016","current":"2025","confidence":"rendah","resolutionM":10,"uncertaintyM":14.1,"change":"erosion"},"geometry":{"type":"Polygon","coordinates":[[[102.1741760267455,1.2279329745441963],[102.17417612170848,1.2278426125787656],[102.17399656584634,1.2278424214182495],[102.17399666080834,1.2277520594668223],[102.17426599460305,1.2277523461819475],[102.17426580469007,1.2279330701269502],[102.1741760267455,1.2279329745441963]]]}},{"type":"Feature","properties":{"village":"Kayu Ara Permai","district":"Sungai Apit","regency":"Siak","baseline":"2016","current":"2025","confidence":"rendah","resolutionM":10,"uncertaintyM":14.1,"change":"erosion"},"geometry":{"type":"Polygon","coordinates":[[[102.18279483595828,1.2278517740458093],[102.1827949306256,1.227761411405882],[102.18288470923453,1.2277615066840177],[102.18288461457021,1.22785186933096],[102.18279483595828,1.2278517740458093]]]}},{"type":"Feature","properties":{"village":"Kayu Ara Permai","district":"Sungai Apit","regency":"Siak","baseline":"2016","current":"2025","confidence":"rendah","resolutionM":10,"uncertaintyM":14.1,"change":"erosion"},"geometry":{"type":"Polygon","coordinates":[[[102.18288470923453,1.2277615066840177],[102.18288480389187,1.2276711440370072],[102.18297458250478,1.2276712393051024],[102.18297448785044,1.2277616019591269],[102.18288470923453,1.2277615066840177]]]}},{"type":"Feature","properties":{"village":"Kayu Ara Permai","district":"Sungai Apit","regency":"Siak","baseline":"2016","current":"2025","confidence":"rendah","resolutionM":10,"uncertaintyM":14.1,"change":"erosion"},"geometry":{"type":"Polygon","coordinates":[[[102.18315423439284,1.2275810671640912],[102.18315432902722,1.2274907044959016],[102.18324410765503,1.2274907997408904],[102.18324401302365,1.227581162416094],[102.18315423439284,1.2275810671640912]]]}},{"type":"Feature","properties":{"village":"Kayu Ara Permai","district":"Sungai Apit","regency":"Siak","baseline":"2016","current":"2025","confidence":"rendah","resolutionM":10,"uncertaintyM":14.1,"change":"erosion"},"geometry":{"type":"Polygon","coordinates":[[[102.18324410765503,1.2274907997408904],[102.18324420227943,1.2274004370656184],[102.1833339809112,1.227400532300568],[102.1833338862898,1.2274908949828534],[102.18324410765503,1.2274907997408904]]]}},{"type":"Feature","properties":{"village":"Kayu Ara Permai","district":"Sungai Apit","regency":"Siak","baseline":"2016","current":"2025","confidence":"rendah","resolutionM":10,"uncertaintyM":14.1,"change":"erosion"},"geometry":{"type":"Polygon","coordinates":[[[102.1833339809112,1.227400532300568],[102.18333407552561,1.2273101696182132],[102.18342385416135,1.2273102648431238],[102.18342375954994,1.2274006275324916],[102.1833339809112,1.227400532300568]]]}},{"type":"Feature","properties":{"village":"Kayu Ara Permai","district":"Sungai Apit","regency":"Siak","baseline":"2016","current":"2025","confidence":"rendah","resolutionM":10,"uncertaintyM":14.1,"change":"erosion"},"geometry":{"type":"Polygon","coordinates":[[[102.18342385416135,1.2273102648431238],[102.18342394876579,1.227219902153688],[102.1835137274055,1.2272199973685602],[102.18351363280405,1.2273103600650093],[102.18342385416135,1.2273102648431238]]]}},{"type":"Feature","properties":{"village":"Kayu Ara Permai","district":"Sungai Apit","regency":"Siak","baseline":"2016","current":"2025","confidence":"rendah","resolutionM":10,"uncertaintyM":14.1,"change":"erosion"},"geometry":{"type":"Polygon","coordinates":[[[102.1835137274055,1.2272199973685602],[102.18351382199995,1.2271296346720428],[102.18360360064362,1.2271297298768773],[102.18360350605215,1.227220092580407],[102.1835137274055,1.2272199973685602]]]}},{"type":"Feature","properties":{"village":"Kayu Ara Permai","district":"Sungai Apit","regency":"Siak","baseline":"2016","current":"2025","confidence":"rendah","resolutionM":10,"uncertaintyM":14.1,"change":"erosion"},"geometry":{"type":"Polygon","coordinates":[[[102.18513135035062,1.225685542723518],[102.18513144477255,1.2255951798996412],[102.18522122349059,1.225595274930877],[102.18522112907165,1.2256856377617629],[102.18513135035062,1.225685542723518]]]}},{"type":"Feature","properties":{"village":"Kayu Ara Permai","district":"Sungai Apit","regency":"Siak","baseline":"2016","current":"2025","confidence":"rendah","resolutionM":10,"uncertaintyM":14.1,"change":"erosion"},"geometry":{"type":"Polygon","coordinates":[[[102.18522122349059,1.225595274930877],[102.18522131790255,1.2255049120999233],[102.18531109662455,1.2255050071211293],[102.18531100221558,1.2255953699590914],[102.18522122349059,1.225595274930877]]]}},{"type":"Feature","properties":{"village":"Kayu Ara Permai","district":"Sungai Apit","regency":"Siak","baseline":"2016","current":"2025","confidence":"rendah","resolutionM":10,"uncertaintyM":14.1,"change":"erosion"},"geometry":{"type":"Polygon","coordinates":[[[102.18531109662455,1.2255050071211293],[102.18531119102656,1.2254146442830984],[102.18540096975252,1.2254147392942756],[102.18540087535352,1.2255051021393144],[102.18531109662455,1.2255050071211293]]]}},{"type":"Feature","properties":{"village":"Kayu Ara Permai","district":"Sungai Apit","regency":"Siak","baseline":"2016","current":"2025","confidence":"rendah","resolutionM":10,"uncertaintyM":14.1,"change":"erosion"},"geometry":{"type":"Polygon","coordinates":[[[102.18540096975252,1.2254147392942756],[102.18540106414454,1.225324376449168],[102.18549084287449,1.2253244714503158],[102.18549074848545,1.2254148343024314],[102.18540096975252,1.2254147392942756]]]}},{"type":"Feature","properties":{"village":"Kayu Ara Permai","district":"Sungai Apit","regency":"Siak","baseline":"2016","current":"2025","confidence":"rendah","resolutionM":10,"uncertaintyM":14.1,"change":"erosion"},"geometry":{"type":"Polygon","coordinates":[[[102.18576036784523,1.2251440306891546],[102.18576046220436,1.2250536678158113],[102.18585024095314,1.2250537627838554],[102.18585014659702,1.2251441256642062],[102.18576036784523,1.2251440306891546]]]}},{"type":"Feature","properties":{"village":"Kayu Ara Permai","district":"Sungai Apit","regency":"Siak","baseline":"2016","current":"2025","confidence":"rendah","resolutionM":10,"uncertaintyM":14.1,"change":"erosion"},"geometry":{"type":"Polygon","coordinates":[[[102.18585024095314,1.2250537627838554],[102.18585033530232,1.2249633999034364],[102.18594011405507,1.2249634948614538],[102.1859400197089,1.2250538577488799],[102.18585024095314,1.2250537627838554]]]}},{"type":"Feature","properties":{"village":"Kayu Ara Permai","district":"Sungai Apit","regency":"Siak","baseline":"2016","current":"2025","confidence":"rendah","resolutionM":10,"uncertaintyM":14.1,"change":"erosion"},"geometry":{"type":"Polygon","coordinates":[[[102.18594011405507,1.2249634948614538],[102.18594020839426,1.2248731319739594],[102.18602998715099,1.2248732269219507],[102.18602989281479,1.2249635898164515],[102.18594011405507,1.2249634948614538]]]}},{"type":"Feature","properties":{"village":"Kayu Ara Permai","district":"Sungai Apit","regency":"Siak","baseline":"2016","current":"2025","confidence":"rendah","resolutionM":10,"uncertaintyM":14.1,"change":"erosion"},"geometry":{"type":"Polygon","coordinates":[[[102.18602998715099,1.2248732269219507],[102.18603008148023,1.2247828640273808],[102.18611986024091,1.224782958965346],[102.18611976591467,1.2248733218669219],[102.18602998715099,1.2248732269219507]]]}},{"type":"Feature","properties":{"village":"Kayu Ara Permai","district":"Sungai Apit","regency":"Siak","baseline":"2016","current":"2025","confidence":"rendah","resolutionM":10,"uncertaintyM":14.1,"change":"erosion"},"geometry":{"type":"Polygon","coordinates":[[[102.18611986024091,1.224782958965346],[102.18611995456017,1.2246925960637012],[102.18620973332482,1.224692690991641],[102.18620963900855,1.2247830539002917],[102.18611986024091,1.224782958965346]]]}},{"type":"Feature","properties":{"village":"Kayu Ara Permai","district":"Sungai Apit","regency":"Siak","baseline":"2016","current":"2025","confidence":"rendah","resolutionM":10,"uncertaintyM":14.1,"change":"erosion"},"geometry":{"type":"Polygon","coordinates":[[[102.18620973332482,1.224692690991641],[102.18620982763413,1.224602328082922],[102.18629960640276,1.2246024230008363],[102.18629951209644,1.2246927859165617],[102.18620973332482,1.224692690991641]]]}},{"type":"Feature","properties":{"village":"Kayu Ara Permai","district":"Sungai Apit","regency":"Siak","baseline":"2016","current":"2025","confidence":"rendah","resolutionM":10,"uncertaintyM":14.1,"change":"erosion"},"geometry":{"type":"Polygon","coordinates":[[[102.18863583401783,1.2227072647373498],[102.18863592809308,1.2226169016380435],[102.1887257069837,1.2226169963204496],[102.18872561291147,1.222707359426756],[102.18863583401783,1.2227072647373498]]]}},{"type":"Feature","properties":{"village":"Kayu Ara Permai","district":"Sungai Apit","regency":"Siak","baseline":"2016","current":"2025","confidence":"rendah","resolutionM":10,"uncertaintyM":14.1,"change":"erosion"},"geometry":{"type":"Polygon","coordinates":[[[102.18899523180299,1.222436554094769],[102.1889953258454,1.2223461909672597],[102.18908510475488,1.2223462856166127],[102.18908501071547,1.2224366487511218],[102.18899523180299,1.222436554094769]]]}},{"type":"Feature","properties":{"village":"Kayu Ara Permai","district":"Sungai Apit","regency":"Siak","baseline":"2016","current":"2025","confidence":"rendah","resolutionM":10,"uncertaintyM":14.1,"change":"erosion"},"geometry":{"type":"Polygon","coordinates":[[[102.18971402730388,1.2218951321592062],[102.18971412128059,1.2218047689753004],[102.18980390022774,1.2218048635585634],[102.18980380625403,1.2218952267494667],[102.18971402730388,1.2218951321592062]]]}},{"type":"Feature","properties":{"village":"Kayu Ara Permai","district":"Sungai Apit","regency":"Siak","baseline":"2016","current":"2025","confidence":"rendah","resolutionM":10,"uncertaintyM":14.1,"change":"erosion"},"geometry":{"type":"Polygon","coordinates":[[[102.18980390022774,1.2218048635585634],[102.18980399419452,1.2217145003675918],[102.18989377314564,1.221714594940846],[102.18989367918186,1.2218049581388144],[102.18980390022774,1.2218048635585634]]]}},{"type":"Feature","properties":{"village":"Mengkapan","district":"Sungai Apit","regency":"Siak","baseline":"2016","current":"2025","confidence":"rendah","resolutionM":10,"uncertaintyM":14.1,"change":"erosion"},"geometry":{"type":"Polygon","coordinates":[[[102.26088009145116,0.9581825843168841],[102.2608801632759,0.958092215497762],[102.26096993985465,0.9580922877917382],[102.26097001167028,0.9580019189657428],[102.26105978825345,0.9580019912505368],[102.2610596446201,0.9581827289161143],[102.26088009145116,0.9581825843168841]]]}},{"type":"Feature","properties":{"village":"Mengkapan","district":"Sungai Apit","regency":"Siak","baseline":"2016","current":"2025","confidence":"rendah","resolutionM":10,"uncertaintyM":14.1,"change":"erosion"},"geometry":{"type":"Polygon","coordinates":[[[102.26105978825345,0.9580019912505368],[102.26105986005994,0.9579116224176679],[102.26114963664754,0.9579116946932804],[102.26114978023553,0.9577309570137442],[102.26123955682522,0.9577310292733556],[102.26123934144012,0.9580021358130385],[102.26105978825345,0.9580019912505368]]]}},{"type":"Feature","properties":{"village":"Mengkapan","district":"Sungai Apit","regency":"Siak","baseline":"2016","current":"2025","confidence":"rendah","resolutionM":10,"uncertaintyM":14.1,"change":"erosion"},"geometry":{"type":"Polygon","coordinates":[[[102.26141932533494,0.9574600672044182],[102.2614193970914,0.9573696983439529],[102.26168872691362,0.9573699150126279],[102.26168879865627,0.957279546131654],[102.26186835190028,0.9572796905519987],[102.2618682801623,0.9573700594466085],[102.26177850353459,0.9573699872307982],[102.2617784317875,0.9574603561185374],[102.26141932533494,0.9574600672044182]]]}},{"type":"Feature","properties":{"village":"Mengkapan","district":"Sungai Apit","regency":"Siak","baseline":"2016","current":"2025","confidence":"rendah","resolutionM":10,"uncertaintyM":14.1,"change":"erosion"},"geometry":{"type":"Polygon","coordinates":[[[102.26348562168123,0.9556543475898701],[102.26348569324831,0.9555639785715674],[102.26366524667422,0.9555641226385853],[102.26366531822987,0.9554737536066018],[102.26384487167817,0.9554738976505694],[102.26384494322237,0.9553835286049068],[102.26393471995432,0.9553836006165443],[102.26393479148942,0.9552932315640156],[102.2640245682258,0.9552933035664848],[102.2640246397518,0.9552029345070906],[102.26411441649262,0.955203006500392],[102.26411448800948,0.9551126374341329],[102.26429404150676,0.9551127814000462],[102.26429411301217,0.9550224123201096],[102.26447366653186,0.9550225562629799],[102.2644735950311,0.9551129253565394],[102.26465314858252,0.955113069303613],[102.26465300557011,0.9552938075178165],[102.26447345200931,0.9552936635434988],[102.26447338048827,0.955384032636899],[102.26420405019084,0.9553838166373219],[102.264203978656,0.9554741857102341],[102.26402442515355,0.9554740416851136],[102.26402435360725,0.9555644107443482],[102.26393457686385,0.9555643387214415],[102.26393450530844,0.9556547077738106],[102.26348562168123,0.9556543475898701]]]}},{"type":"Feature","properties":{"village":"Mengkapan","district":"Sungai Apit","regency":"Siak","baseline":"2016","current":"2025","confidence":"rendah","resolutionM":10,"uncertaintyM":14.1,"change":"erosion"},"geometry":{"type":"Polygon","coordinates":[[[102.26519195235652,0.9549327627921748],[102.26519209528674,0.9547520244958245],[102.26537164892774,0.954752168350744],[102.26537179182152,0.9545714300269442],[102.26501268458532,0.954571142362165],[102.26501282747074,0.9543904040926295],[102.26537193468826,0.9543906917029321],[102.26537264861594,0.953487000079693],[102.26555220221856,0.9534871437345485],[102.26555227356944,0.9533967745583156],[102.26564205037856,0.9533968463754086],[102.26564212172033,0.953306477192314],[102.26582167535422,0.9533066208058308],[102.26582174668455,0.953216251609067],[102.2659115235093,0.9532163234054921],[102.26591159483054,0.9531259542018674],[102.26609114849568,0.953126097774051],[102.26609121980547,0.9530357285567587],[102.26618099664586,0.9530358003325182],[102.26618106794656,0.9529454311083655],[102.26627084479136,0.9529455028749683],[102.26627091608299,0.9528551336439556],[102.26645046978821,0.9528552771564989],[102.2664505410684,0.9527649079118206],[102.26663009479601,0.9527650514013539],[102.26663016606476,0.9526746821430102],[102.26671994293638,0.9526747538774472],[102.26672001419603,0.9525843846122446],[102.2668995679549,0.9525845280604606],[102.26689963920313,0.9524941587815943],[102.26707919298437,0.9524943022068052],[102.26707926422117,0.9524039329142757],[102.2671690411196,0.9524040046165537],[102.26716911234729,0.9523136353171663],[102.26725888925016,0.9523137070102917],[102.26725896046877,0.9522233377040472],[102.2674385142901,0.952223481069645],[102.26743858549729,0.9521331117497395],[102.26752836241577,0.9521331834222124],[102.26752843361386,0.9520428140954499],[102.26770798746644,0.9520429574197463],[102.2677080586531,0.9519525880793246],[102.26788761252806,0.9519527313806251],[102.2678876837033,0.951862362026544],[102.26806723760063,0.9518625053048506],[102.26806730876444,0.9517721359371117],[102.26833663965417,0.951772350816563],[102.2683367108042,0.9516819814283649],[102.26860604174777,0.9516821962662911],[102.26860611288407,0.951591826857636],[102.26869588987643,0.9515918984587841],[102.26869596100366,0.9515015290432752],[102.26896529201431,0.9515017438122402],[102.26896536312779,0.951411374376277],[102.26914491716401,0.9514115175302564],[102.26914498826608,0.9513211480806407],[102.2694143193641,0.9513213627736178],[102.2694143904524,0.9512309933035511],[102.26959394454687,0.9512311364068766],[102.26959401562377,0.9511407669231594],[102.26977356974061,0.9511409100035064],[102.26977364080608,0.9510505405061398],[102.26995319494529,0.95105068356351],[102.26995326599933,0.9509603140524948],[102.27022259725182,0.9509605286005705],[102.27022266829213,0.9508701590691103],[102.27040222248957,0.9508703020758433],[102.27040229351847,0.9507799325307368],[102.27058184773826,0.9507800755144987],[102.27058191875574,0.9506897059557466],[102.2708512501291,0.9506899203934197],[102.27085132113285,0.9505995508142278],[102.27112065255997,0.9505997652104184],[102.27112072355,0.9505093956107882],[102.2713900550309,0.9505096099655003],[102.27139012600719,0.9504192403454338],[102.27174923473363,0.9504195260917304],[102.27174930569385,0.9503291564444365],[102.2719288600929,0.9503292992899377],[102.27192893104171,0.9502389296290052],[102.27246759438694,0.9502393580685189],[102.27246766531503,0.9501489883667812],[102.27282677433752,0.950149273919099],[102.27282684524955,0.9500589041901445],[102.27300639979661,0.950059046938666],[102.27300632888924,0.9501494166812013],[102.27291655161,0.9501493453013213],[102.27291648069355,0.9502397150370137],[102.27273692615066,0.950239572256645],[102.2727368552228,0.9503299419787036],[102.27255730070225,0.9503297991753804],[102.27255722976298,0.9504201688838043],[102.27237767526476,0.9504200260575255],[102.2723776043141,0.9505103957523136],[102.27219804983824,0.9505102529030771],[102.27219797887615,0.9506006225842283],[102.27201842442263,0.9506004797120327],[102.27201835344914,0.9506908493795468],[102.27174902181248,0.9506906350332944],[102.27174895082526,0.9507810046803773],[102.27165917362423,0.9507809332201447],[102.27165910262792,0.9508713028603815],[102.2715693254313,0.9508712313910114],[102.27156925442593,0.9509616010244016],[102.27129992286955,0.9509613865818416],[102.27129999388193,0.9508710169688335],[102.27103066239331,0.9508708025255544],[102.27103059137396,0.9509611721181787],[102.27085103707732,0.950961029130679],[102.27085096604657,0.9510513987096598],[102.27058163464527,0.9510511841904377],[102.27058156360076,0.9511415537489782],[102.27031223225325,0.9511413391882613],[102.27031216119501,0.95123170872636],[102.2700428299013,0.9512314941241448],[102.2700427588293,0.9513218636417987],[102.2698632046626,0.9513217205483325],[102.26986313357921,0.9514120900523387],[102.26959380237284,0.9514118753741522],[102.26959373127568,0.9515022448577104],[102.26941417716722,0.9515021017135921],[102.26941410605865,0.9515924711835003],[102.26923455197256,0.9515923280163993],[102.26923448085256,0.9516826974726562],[102.26905492678883,0.9516825542825705],[102.26905485565743,0.9517729237251751],[102.26887530161605,0.9517727805121026],[102.26887523047323,0.9518631499410536],[102.26869567645423,0.9518630067049932],[102.26869560529998,0.9519533761202905],[102.26860582829829,0.9519533044919387],[102.26860575713494,0.9520436739003822],[102.26842620314716,0.9520435306230346],[102.2684261319724,0.9521339000178229],[102.268246578007,0.9521337567174819],[102.26824650682082,0.952224126098614],[102.26806695287779,0.9522239827752782],[102.26806688168016,0.9523143521427531],[102.26788732775951,0.9523142087964207],[102.26788725655047,0.9524045781502375],[102.26770770265219,0.9524044347809064],[102.26770763143172,0.952494804121064],[102.26761785449038,0.9524947324260726],[102.26761778326083,0.9525851017593743],[102.26752800632391,0.9525850300552307],[102.26752793508527,0.9526753993816754],[102.26743815815279,0.9526753276683796],[102.26743808690505,0.9527656969879674],[102.267348309977,0.9527656252655186],[102.26734823872016,0.9528559945782495],[102.26725846179653,0.952855922846647],[102.26725839053059,0.9529462921525212],[102.26707883669896,0.9529461486686583],[102.26707876542159,0.9530365179608706],[102.26698898851357,0.9530364462086096],[102.26698891722712,0.9531268154939636],[102.26680936342672,0.9531266719687822],[102.26680929212883,0.9532170412404724],[102.26671951523645,0.9532169694675511],[102.26671944392945,0.9533073387323827],[102.26653989016029,0.9533071951658768],[102.26653981884186,0.953397564417044],[102.26645004196509,0.9533974926234589],[102.26644997063757,0.9534878618677668],[102.26627041689963,0.9534877182599311],[102.26627034556068,0.9535780874905726],[102.26618056869954,0.9535780156763214],[102.26618049735146,0.9536683849001034],[102.26609072049474,0.9536683130766935],[102.26609064913758,0.9537586822936157],[102.26591109543978,0.953758538626127],[102.2659109526958,0.9539392770325814],[102.26582117585237,0.953939205181694],[102.2658211044679,0.9540295743780339],[102.26555177397118,0.954029358790834],[102.26555163116792,0.9542100971425053],[102.26564140799807,0.9542101690208743],[102.26564133658864,0.954300538203439],[102.26555155975615,0.9543004663182614],[102.26555134548023,0.9545715738452117],[102.2654615686475,0.9545715019372546],[102.26546135430367,0.9548426094433013],[102.26537157747069,0.9548425375125639],[102.26537150600687,0.9549329066743311],[102.26519195235652,0.9549327627921748]]]}},{"type":"Feature","properties":{"village":"Mengkapan","district":"Sungai Apit","regency":"Siak","baseline":"2016","current":"2025","confidence":"rendah","resolutionM":10,"uncertaintyM":14.1,"change":"erosion"},"geometry":{"type":"Polygon","coordinates":[[[102.27300639979661,0.950059046938666],[102.27300647069725,0.9499686771960778],[102.27309624797859,0.9499687485600347],[102.27309617708029,0.9500591183094129],[102.27300639979661,0.950059046938666]]]}},{"type":"Feature","properties":{"village":"Mengkapan","district":"Sungai Apit","regency":"Siak","baseline":"2016","current":"2025","confidence":"rendah","resolutionM":10,"uncertaintyM":14.1,"change":"erosion"},"geometry":{"type":"Polygon","coordinates":[[[102.27309624797859,0.9499687485600347],[102.27309631887013,0.9498783788106042],[102.27327587344838,0.9498785215179115],[102.2732758025615,0.949968891280921],[102.27309624797859,0.9499687485600347]]]}},{"type":"Feature","properties":{"village":"Mengkapan","district":"Sungai Apit","regency":"Siak","baseline":"2016","current":"2025","confidence":"rendah","resolutionM":10,"uncertaintyM":14.1,"change":"erosion"},"geometry":{"type":"Polygon","coordinates":[[[102.27327587344838,0.9498785215179115],[102.27327594432855,0.9497881517548488],[102.27336572162548,0.9497882230982002],[102.27336579249656,0.949697853328295],[102.27354534710598,0.9496979959943936],[102.27354527623956,0.9497883657778762],[102.27345549892914,0.9497882944392088],[102.27345542805364,0.9498786642158501],[102.27327587344838,0.9498785215179115]]]}},{"type":"Feature","properties":{"village":"Mengkapan","district":"Sungai Apit","regency":"Siak","baseline":"2016","current":"2025","confidence":"rendah","resolutionM":10,"uncertaintyM":14.1,"change":"erosion"},"geometry":{"type":"Polygon","coordinates":[[[102.27354534710598,0.9496979959943936],[102.27354541796566,0.9496076262108585],[102.27372497259742,0.9496077688540128],[102.27372504344571,0.9495173990568471],[102.2739045980998,0.9495175416770595],[102.27390452725616,0.9496079114878015],[102.27381474992343,0.9496078401720778],[102.27381467907072,0.9496982099759788],[102.27354534710598,0.9496979959943936]]]}},{"type":"Feature","properties":{"village":"Mengkapan","district":"Sungai Apit","regency":"Siak","baseline":"2016","current":"2025","confidence":"rendah","resolutionM":10,"uncertaintyM":14.1,"change":"erosion"},"geometry":{"type":"Polygon","coordinates":[[[102.2739045980998,0.9495175416770595],[102.27390466893668,0.9494271718662656],[102.27399444627152,0.949427243166072],[102.27399437543697,0.9495176129836539],[102.2739045980998,0.9495175416770595]]]}},{"type":"Feature","properties":{"village":"Mengkapan","district":"Sungai Apit","regency":"Siak","baseline":"2016","current":"2025","confidence":"rendah","resolutionM":10,"uncertaintyM":14.1,"change":"erosion"},"geometry":{"type":"Polygon","coordinates":[[[102.27399444627152,0.949427243166072],[102.27399451709934,0.9493368733484374],[102.2741740717846,0.9493370159274529],[102.27417400096144,0.9494273857586627],[102.27399444627152,0.949427243166072]]]}},{"type":"Feature","properties":{"village":"Mengkapan","district":"Sungai Apit","regency":"Siak","baseline":"2016","current":"2025","confidence":"rendah","resolutionM":10,"uncertaintyM":14.1,"change":"erosion"},"geometry":{"type":"Polygon","coordinates":[[[102.27426384913736,0.9493370872134492],[102.27426391995145,0.9492467173754001],[102.27435369730861,0.9492467886522689],[102.27435362649683,0.9493371584971049],[102.27426384913736,0.9493370872134492]]]}},{"type":"Feature","properties":{"village":"Mengkapan","district":"Sungai Apit","regency":"Siak","baseline":"2016","current":"2025","confidence":"rendah","resolutionM":10,"uncertaintyM":14.1,"change":"erosion"},"geometry":{"type":"Polygon","coordinates":[[[102.27435369730861,0.9492467886522689],[102.27435376811364,0.9491564188073799],[102.27453332284355,0.9491565613405226],[102.27453325204317,0.9492469311989845],[102.27435369730861,0.9492467886522689]]]}},{"type":"Feature","properties":{"village":"Mengkapan","district":"Sungai Apit","regency":"Siak","baseline":"2016","current":"2025","confidence":"rendah","resolutionM":10,"uncertaintyM":14.1,"change":"erosion"},"geometry":{"type":"Polygon","coordinates":[[[102.27453332284355,0.9491565613405226],[102.27453339363717,0.949066191482008],[102.27462317100992,0.9490662627382824],[102.27462324179449,0.9489758928729288],[102.27471301917166,0.9489759641200775],[102.27471308994716,0.9488855942478851],[102.27489264471707,0.9488857367215906],[102.27489271548116,0.9487953668357749],[102.2749824928739,0.9487954380623328],[102.27498256362895,0.9487050681696787],[102.27516211843002,0.9487052106022064],[102.27516204767963,0.9487955805084305],[102.2750722702734,0.9487955092865514],[102.27507219951394,0.9488858791859381],[102.27498242211213,0.9488858079549342],[102.27498235134361,0.9489761778474831],[102.27480279655556,0.948976035364886],[102.27480272577566,0.949066405243811],[102.27471294838942,0.9490663339922172],[102.27471287760044,0.9491567038643038],[102.27453332284355,0.9491565613405226]]]}},{"type":"Feature","properties":{"village":"Mengkapan","district":"Sungai Apit","regency":"Siak","baseline":"2016","current":"2025","confidence":"rendah","resolutionM":10,"uncertaintyM":14.1,"change":"erosion"},"geometry":{"type":"Polygon","coordinates":[[[102.27516211843002,0.9487052106022064],[102.27516218917367,0.9486148406959297],[102.27534174399706,0.9486149831055314],[102.27534167325805,0.9487053530253771],[102.27516211843002,0.9487052106022064]]]}},{"type":"Feature","properties":{"village":"Mengkapan","district":"Sungai Apit","regency":"Siak","baseline":"2016","current":"2025","confidence":"rendah","resolutionM":10,"uncertaintyM":14.1,"change":"erosion"},"geometry":{"type":"Polygon","coordinates":[[[102.27534174399706,0.9486149831055314],[102.27534181472932,0.9485246131856329],[102.2754315921488,0.9485246843801409],[102.275431662872,0.9484343144534056],[102.27561121772655,0.9484344568218378],[102.27561128843834,0.9483440868814821],[102.2757908433152,0.9483442292269926],[102.27579091401563,0.9482538592730174],[102.27597046891482,0.9482540015956088],[102.27597039821904,0.9483443715631502],[102.27588062076376,0.9483443003962406],[102.27588055005893,0.9484346703569461],[102.27570099516393,0.9484345280025458],[102.2757009244477,0.9485248979496325],[102.27552136957503,0.9485247555723101],[102.27552129884742,0.9486151255057769],[102.27534174399706,0.9486149831055314]]]}},{"type":"Feature","properties":{"village":"Mengkapan","district":"Sungai Apit","regency":"Siak","baseline":"2016","current":"2025","confidence":"rendah","resolutionM":10,"uncertaintyM":14.1,"change":"erosion"},"geometry":{"type":"Polygon","coordinates":[[[102.27597046891482,0.9482540015956088],[102.27597053960385,0.9481636316280151],[102.27606031706122,0.9481637027790211],[102.27606024637451,0.9482540727533973],[102.27597046891482,0.9482540015956088]]]}},{"type":"Feature","properties":{"village":"Mengkapan","district":"Sungai Apit","regency":"Siak","baseline":"2016","current":"2025","confidence":"rendah","resolutionM":10,"uncertaintyM":14.1,"change":"erosion"},"geometry":{"type":"Polygon","coordinates":[[[102.27606031706122,0.9481637027790211],[102.2760603877412,0.9480733328045919],[102.27623994267152,0.9480734750860252],[102.2762398719962,0.9481638450740187],[102.27606031706122,0.9481637027790211]]]}},{"type":"Feature","properties":{"village":"Mengkapan","district":"Sungai Apit","regency":"Siak","baseline":"2016","current":"2025","confidence":"rendah","resolutionM":10,"uncertaintyM":14.1,"change":"erosion"},"geometry":{"type":"Polygon","coordinates":[[[102.27623994267152,0.9480734750860252],[102.27624001334011,0.9479831050979791],[102.27632979081307,0.9479831762284073],[102.2763297201468,0.9480735462232351],[102.27623994267152,0.9480734750860252]]]}},{"type":"Feature","properties":{"village":"Mengkapan","district":"Sungai Apit","regency":"Siak","baseline":"2016","current":"2025","confidence":"rendah","resolutionM":10,"uncertaintyM":14.1,"change":"erosion"},"geometry":{"type":"Polygon","coordinates":[[[102.27632979081307,0.9479831762284073],[102.27632986147259,0.9478928062335265],[102.27650941643407,0.9478929484738071],[102.27650934577919,0.9479833184822508],[102.27632979081307,0.9479831762284073]]]}},{"type":"Feature","properties":{"village":"Mengkapan","district":"Sungai Apit","regency":"Siak","baseline":"2016","current":"2025","confidence":"rendah","resolutionM":10,"uncertaintyM":14.1,"change":"erosion"},"geometry":{"type":"Polygon","coordinates":[[[102.27650941643407,0.9478929484738071],[102.27650948708221,0.94780257846531],[102.27659926457073,0.9478026495751632],[102.27659933520981,0.947712279559833],[102.27677889020244,0.9477124217589658],[102.27677896083014,0.9476220517300209],[102.27695851584507,0.9476221939062456],[102.27695844522202,0.9477125639487515],[102.27686866770887,0.9477124928550269],[102.27686859707674,0.9478028628907],[102.276689042066,0.9478027206826791],[102.2766889714225,0.947893090704738],[102.27650941643407,0.9478929484738071]]]}},{"type":"Feature","properties":{"village":"Mengkapan","district":"Sungai Apit","regency":"Siak","baseline":"2016","current":"2025","confidence":"rendah","resolutionM":10,"uncertaintyM":14.1,"change":"erosion"},"geometry":{"type":"Polygon","coordinates":[[[102.27695851584507,0.9476221939062456],[102.27695858646139,0.9475318238636868],[102.27713814149864,0.9475319660170051],[102.27713807088696,0.9476223360731236],[102.27695851584507,0.9476221939062456]]]}},{"type":"Feature","properties":{"village":"Mengkapan","district":"Sungai Apit","regency":"Siak","baseline":"2016","current":"2025","confidence":"rendah","resolutionM":10,"uncertaintyM":14.1,"change":"erosion"},"geometry":{"type":"Polygon","coordinates":[[[102.27713814149864,0.9475319660170051],[102.27713821210358,0.9474415959608333],[102.27722798962998,0.947441667027208],[102.27722791902735,0.9475320370901591],[102.27713814149864,0.9475319660170051]]]}},{"type":"Feature","properties":{"village":"Mengkapan","district":"Sungai Apit","regency":"Siak","baseline":"2016","current":"2025","confidence":"rendah","resolutionM":10,"uncertaintyM":14.1,"change":"erosion"},"geometry":{"type":"Polygon","coordinates":[[[102.27722798962998,0.947441667027208],[102.27722806022585,0.9473512969642045],[102.27731783775668,0.9473513680214634],[102.27731776716313,0.9474417380912467],[102.27722798962998,0.947441667027208]]]}},{"type":"Feature","properties":{"village":"Mengkapan","district":"Sungai Apit","regency":"Siak","baseline":"2016","current":"2025","confidence":"rendah","resolutionM":10,"uncertaintyM":14.1,"change":"erosion"},"geometry":{"type":"Polygon","coordinates":[[[102.27731783775668,0.9473513680214634],[102.2773179083435,0.9472609979516279],[102.27740768587874,0.9472610689997716],[102.27740775645651,0.9471706989231039],[102.27758731154256,0.9471708409988266],[102.27758724096944,0.947261211089052],[102.27749746342073,0.9472611400455799],[102.27749739283854,0.9473515101289739],[102.27731783775668,0.9473513680214634]]]}},{"type":"Feature","properties":{"village":"Mengkapan","district":"Sungai Apit","regency":"Siak","baseline":"2016","current":"2025","confidence":"rendah","resolutionM":10,"uncertaintyM":14.1,"change":"erosion"},"geometry":{"type":"Polygon","coordinates":[[[102.27758731154256,0.9471708409988266],[102.27758738210895,0.9470804709085487],[102.2777669372173,0.9470806129613725],[102.27776686665555,0.9471709830652074],[102.27758731154256,0.9471708409988266]]]}},{"type":"Feature","properties":{"village":"Mengkapan","district":"Sungai Apit","regency":"Siak","baseline":"2016","current":"2025","confidence":"rendah","resolutionM":10,"uncertaintyM":14.1,"change":"erosion"},"geometry":{"type":"Polygon","coordinates":[[[102.2777669372173,0.9470806129613725],[102.27776700777231,0.9469902428574848],[102.27785678533428,0.9469903138736154],[102.27785671478158,0.9470806839842812],[102.2777669372173,0.9470806129613725]]]}},{"type":"Feature","properties":{"village":"Mengkapan","district":"Sungai Apit","regency":"Siak","baseline":"2016","current":"2025","confidence":"rendah","resolutionM":10,"uncertaintyM":14.1,"change":"erosion"},"geometry":{"type":"Polygon","coordinates":[[[102.27794656290297,0.9469903848874109],[102.2779466334466,0.9469000147699149],[102.27803641101971,0.9469000857745977],[102.2780363404784,0.9469904558988715],[102.27794656290297,0.9469903848874109]]]}},{"type":"Feature","properties":{"village":"Mengkapan","district":"Sungai Apit","regency":"Siak","baseline":"2016","current":"2025","confidence":"rendah","resolutionM":10,"uncertaintyM":14.1,"change":"erosion"},"geometry":{"type":"Polygon","coordinates":[[[102.27803641101971,0.9469000857745977],[102.27803648155431,0.946809715650271],[102.27821603671609,0.9468098576390777],[102.2782161072393,0.9467194875011438],[102.27830588482797,0.9467195584852677],[102.27830595534213,0.9466291883405046],[102.27839573293522,0.9466292593155176],[102.27839559190481,0.9468099996185457],[102.27830581430709,0.9468099286299789],[102.27830574377946,0.9469002987746373],[102.27803641101971,0.9469000857745977]]]}},{"type":"Feature","properties":{"village":"Mengkapan","district":"Sungai Apit","regency":"Siak","baseline":"2016","current":"2025","confidence":"rendah","resolutionM":10,"uncertaintyM":14.1,"change":"erosion"},"geometry":{"type":"Polygon","coordinates":[[[102.27839573293522,0.9466292593155176],[102.27839580344033,0.9465388891639248],[102.27848558103784,0.9465389601298271],[102.2784856515339,0.946448589971405],[102.27866520674446,0.9464487318826553],[102.27866513625305,0.9465391020546297],[102.27857535864207,0.9465390310933957],[102.2785752881416,0.9466294012585416],[102.27839573293522,0.9466292593155176]]]}},{"type":"Feature","properties":{"village":"Mengkapan","district":"Sungai Apit","regency":"Siak","baseline":"2016","current":"2025","confidence":"rendah","resolutionM":10,"uncertaintyM":14.1,"change":"erosion"},"geometry":{"type":"Polygon","coordinates":[[[102.27866520674446,0.9464487318826553],[102.27866527722914,0.9463583617106287],[102.27875505484222,0.946358432655977],[102.27875498435985,0.9464488028347796],[102.27866520674446,0.9464487318826553]]]}},{"type":"Feature","properties":{"village":"Mengkapan","district":"Sungai Apit","regency":"Siak","baseline":"2016","current":"2025","confidence":"rendah","resolutionM":10,"uncertaintyM":14.1,"change":"erosion"},"geometry":{"type":"Polygon","coordinates":[[[102.27875505484222,0.946358432655977],[102.27875512531784,0.9462680624771214],[102.27884490293533,0.9462681334133608],[102.27884483246201,0.9463585035989921],[102.27875505484222,0.946358432655977]]]}},{"type":"Feature","properties":{"village":"Mengkapan","district":"Sungai Apit","regency":"Siak","baseline":"2016","current":"2025","confidence":"rendah","resolutionM":10,"uncertaintyM":14.1,"change":"erosion"},"geometry":{"type":"Polygon","coordinates":[[[102.27893468055956,0.9462682043472669],[102.27893475102381,0.9461778341548074],[102.27911430628782,0.9461779760020697],[102.27911423582819,0.9462683462080791],[102.27893468055956,0.9462682043472669]]]}},{"type":"Feature","properties":{"village":"Mengkapan","district":"Sungai Apit","regency":"Siak","baseline":"2016","current":"2025","confidence":"rendah","resolutionM":10,"uncertaintyM":14.1,"change":"erosion"},"geometry":{"type":"Polygon","coordinates":[[[102.27911430628782,0.9461779760020697],[102.27911437674071,0.9460876057960073],[102.279293932027,0.9460877476203876],[102.27929386157874,0.9461781178399994],[102.27911430628782,0.9461779760020697]]]}},{"type":"Feature","properties":{"village":"Mengkapan","district":"Sungai Apit","regency":"Siak","baseline":"2016","current":"2025","confidence":"rendah","resolutionM":10,"uncertaintyM":14.1,"change":"erosion"},"geometry":{"type":"Polygon","coordinates":[[[102.279293932027,0.9460877476203876],[102.27929400246852,0.945997377400724],[102.27938378011946,0.9459974483026403],[102.27938370968025,0.9460878185290788],[102.279293932027,0.9460877476203876]]]}},{"type":"Feature","properties":{"village":"Mengkapan","district":"Sungai Apit","regency":"Siak","baseline":"2016","current":"2025","confidence":"rendah","resolutionM":10,"uncertaintyM":14.1,"change":"erosion"},"geometry":{"type":"Polygon","coordinates":[[[102.2815396412526,0.9444628526285632],[102.28153978177092,0.9442821118487101],[102.28171933732797,0.9442822532763688],[102.28171940757241,0.9441918828728264],[102.28189896315173,0.9441920242776352],[102.28189903338482,0.9441016538605034],[102.28207858898644,0.9441017952424638],[102.28207851875797,0.9441921656731312],[102.28198874095149,0.9441920949765472],[102.281988670714,0.9442824654003941],[102.28180911511659,0.9442823239867058],[102.28180904486774,0.9443726943969641],[102.28171926707681,0.9443726236798592],[102.28171919681893,0.944462994083297],[102.2815396412526,0.9444628526285632]]]}},{"type":"Feature","properties":{"village":"Mengkapan","district":"Sungai Apit","regency":"Siak","baseline":"2016","current":"2025","confidence":"rendah","resolutionM":10,"uncertaintyM":14.1,"change":"erosion"},"geometry":{"type":"Polygon","coordinates":[[[102.28207858898644,0.9441017952424638],[102.28207865920817,0.9440114248117444],[102.28216843701675,0.9440114954924651],[102.28216850722944,0.9439211250549255],[102.28225828504245,0.9439211957265518],[102.2822583552461,0.9438308252821929],[102.28234813306351,0.9438308959447241],[102.28234820325812,0.9437405254935461],[102.28243798107995,0.943740596146983],[102.28243805126553,0.9436502256889857],[102.28252782909176,0.9436502963333292],[102.28252796943814,0.9434695554036445],[102.28261774726647,0.9434696260321281],[102.28261788758132,0.943288885088701],[102.28270766541176,0.9432889557013264],[102.2827077355568,0.9431985852227682],[102.28288729123321,0.9431987264275096],[102.2828873613669,0.9431083559353672],[102.28297713921287,0.9431084265274841],[102.28297720933753,0.9430180560285242],[102.28306698718792,0.9430181266115499],[102.28306705730355,0.942927756105773],[102.28315683515837,0.9429278266797081],[102.28315690526496,0.9428374561671131],[102.28324668312418,0.9428375267319589],[102.28324675322173,0.9427471562125472],[102.28333653108537,0.9427472267683035],[102.28333660117389,0.9426568562420745],[102.2835161569167,0.9426569973330848],[102.2835162269939,0.9425666267932757],[102.28360600487308,0.9425666973285303],[102.28360607494123,0.9424763267819045],[102.28378563071513,0.9424764678319144],[102.28378570077194,0.9423860972717092],[102.28387547866667,0.9423861677864646],[102.28387554871446,0.9422957972194442],[102.28405510451945,0.9422959382284586],[102.28405517455592,0.9422055676478602],[102.28414495246618,0.9422056381421192],[102.2841450224936,0.9421152675547062],[102.28432457832969,0.9421154085227302],[102.28432464834577,0.94202503792174],[102.28441442627158,0.9420251083955057],[102.28441449627864,0.9419347377877014],[102.28459405214582,0.9419348787147408],[102.28459412214156,0.9418445080933612],[102.28477367803099,0.941844648997588],[102.28477374801537,0.9417542783626345],[102.28495330392705,0.9417544192440501],[102.28495337390012,0.9416640485955224],[102.28513292983406,0.9416641894541292],[102.28513299979579,0.9415738187920288],[102.285312555752,0.941573959627828],[102.2853126257024,0.9414835889521563],[102.28549218168087,0.9414837297651497],[102.28549225161994,0.9413933590759074],[102.28567180762064,0.9413934998660967],[102.28567187754838,0.9413031291632838],[102.28576165555653,0.9413031995481382],[102.28576172547524,0.9412128288385148],[102.28594128150702,0.9412129695877436],[102.28594135141442,0.9411225988645516],[102.28612090746846,0.9411227395909817],[102.28612097736452,0.941032368854222],[102.28630053344081,0.9410325095578547],[102.28630060332554,0.9409421388075279],[102.28648015942409,0.9409422794883654],[102.28648022929751,0.9408519087244731],[102.28665978541828,0.9408520493825169],[102.28665985528038,0.9407616786050591],[102.28674963334853,0.940761748923845],[102.28674970320161,0.9406713781395792],[102.28701903743945,0.9406715890617512],[102.28701910727891,0.9405812182571665],[102.2871088853693,0.9405812885531626],[102.28710895519974,0.9404909177417703],[102.28728851139607,0.9404910583132955],[102.28728858121518,0.9404006874883416],[102.28746813743375,0.9404008280370812],[102.28746820724155,0.9403104571985664],[102.28773754161283,0.940310667984023],[102.287737611407,0.9402202971251943],[102.28782738954187,0.9402203673756225],[102.28782745932703,0.940129996509988],[102.28809679376504,0.9401302072271033],[102.28809686353658,0.9400398363411582],[102.28827641985752,0.9400399767941389],[102.28827648961774,0.9399496058946364],[102.28845604596091,0.9399497463248415],[102.28845611570982,0.9398593754117832],[102.288725450268,0.939859586019453],[102.2887255200033,0.9397692150860881],[102.28899485461494,0.9397694256526482],[102.28899492433662,0.9396790546989794],[102.28908470255162,0.9396791248764474],[102.28908477226429,0.9395887539159766],[102.28944388518212,0.9395890345756794],[102.28944395487889,0.9394986635881573],[102.28962351137346,0.9394988038906094],[102.2896235810589,0.9394084328895371],[102.28989291584413,0.9394086433055944],[102.28989298551598,0.9393182722842248],[102.2900725420684,0.9393184125365185],[102.29007261172892,0.9392280415016002],[102.29034194660095,0.939228251842427],[102.29034201624786,0.9391378807872149],[102.29070112949522,0.93913816118224],[102.29070119912622,0.9390477900999891],[102.29106031247163,0.9390480704309783],[102.29106038208674,0.9389576993216928],[102.29123993879506,0.9389578394598039],[102.29124000839887,0.9388674683369765],[102.29177867867088,0.9388678886552768],[102.29177874825419,0.9387775174919323],[102.29204808347374,0.9387777275995989],[102.29204815304347,0.9386873564159728],[102.29240726675417,0.9386876365001495],[102.29240733630797,0.938597265289502],[102.29276645011667,0.9385975453096782],[102.29276651965459,0.9385071740720127],[102.2933949690616,0.938507663971032],[102.29339503857672,0.9384172926861326],[102.29375415266173,0.9384175725505599],[102.29375422216097,0.9383272012386527],[102.294472450634,0.9383277608025318],[102.29447252010814,0.9382373894366707],[102.29510097035741,0.9382378788864372],[102.29510103980878,0.9381475074733722],[102.29563971169824,0.938147926871106],[102.29563978112914,0.9380575554175816],[102.29635801067143,0.9380581144311461],[102.29635794125893,0.9381484859385344],[102.29590904773332,0.9381481365387415],[102.29590897830265,0.9382385080124146],[102.29546008493283,0.9382381585211187],[102.29546001548397,0.9383285299610711],[102.29510090089937,0.9383282502994504],[102.29510083143461,0.9384186217124109],[102.29465193834297,0.9384182720496452],[102.29465186886003,0.938508643428875],[102.29411319735715,0.9385082237167703],[102.29411312785373,0.938598595055526],[102.29357445657809,0.9385981752196779],[102.29357438705418,0.9386885465179521],[102.2929459375212,0.9386880565569746],[102.2929458679745,0.9387784278080178],[102.29249697564039,0.9387780777327447],[102.29249690607547,0.9388684489500299],[102.29213779231958,0.9388681688211745],[102.29213772273876,0.9389585400114392],[102.2918683874853,0.9389583298702598],[102.29186831789089,0.9390487010402435],[102.2915092043042,0.9390484207926147],[102.29150913469388,0.9391387919355719],[102.29123979956734,0.9391385817053034],[102.29123972994341,0.9392289528279749],[102.29088061652598,0.9392286724615476],[102.29088054688617,0.9393190435571863],[102.29052143356678,0.9393187631267186],[102.29052136391105,0.9394091341953197],[102.29025202898501,0.9394089238279076],[102.29025195931567,0.9394992948762165],[102.28998262444306,0.9394990844677135],[102.28998255476012,0.9395894554957271],[102.28971321994094,0.9395892450461296],[102.28971315024438,0.9396796160538465],[102.2895335937272,0.9396794757290325],[102.28953352401933,0.9397698467231996],[102.28926418928695,0.9397696361983519],[102.28926411956547,0.9398600071722188],[102.28908456310616,0.9398598667972335],[102.28908449337335,0.9399502377575485],[102.28881515872777,0.9399500271574378],[102.28881508898137,0.9400403980974493],[102.2886355325799,0.9400402576722846],[102.28863546282219,0.9401306285987412],[102.28845590644296,0.9401304881508014],[102.28845583667392,0.940220859063703],[102.2881865021485,0.9402206483541508],[102.28818643236585,0.9403110192467442],[102.2880068760445,0.9403108787486115],[102.28800680625054,0.9404012496276479],[102.28773747181194,0.9404010388427994],[102.28773740200434,0.9404914097015239],[102.28755784574089,0.9404912691531898],[102.28755777592198,0.9405816399983544],[102.28737821968078,0.940581499427236],[102.28737814985054,0.94067187025884],[102.28719859363156,0.9406717296649345],[102.28719852379001,0.9407621004829774],[102.28701896759328,0.9407619598662836],[102.2870188977404,0.9408523306707643],[102.2869291196498,0.9408522603521825],[102.28692904978791,0.9409426311498552],[102.28674949362224,0.94094249049222],[102.28674942374901,0.9410328612763291],[102.28656986760559,0.9410327205959006],[102.28656979772104,0.941123091366445],[102.28639024159988,0.9411229506632217],[102.286390171704,0.9412133214202008],[102.28630039365117,0.941213251058351],[102.28630032374627,0.9413036218085209],[102.28612076765617,0.9413034810643446],[102.28612069773996,0.9413938518009477],[102.28594114167208,0.941393711033971],[102.28594107174455,0.9414840817570067],[102.28576151569892,0.9414839409672283],[102.28576144576004,0.9415743116766953],[102.285671667745,0.9415742412715651],[102.28567159779712,0.9416646119742214],[102.28549204178256,0.9416644711434783],[102.28549197182335,0.9417548418325645],[102.28540219382384,0.9417547714069507],[102.28540212385559,0.9418451420892257],[102.28522256787211,0.9418450012175127],[102.28522249789253,0.9419353718862158],[102.28504294193131,0.9419352309916934],[102.2850428719404,0.9420256016468245],[102.28495309396756,0.9420255311893186],[102.28495302396762,0.9421159018376378],[102.28486324599919,0.9421158313710488],[102.28486317599024,0.9422062020125543],[102.2846836200689,0.9422060610588852],[102.2846835500486,0.9422964316868168],[102.2845937720957,0.9422963611997364],[102.2845937020664,0.9423867318208546],[102.28441414617615,0.9423865908261995],[102.28441407613548,0.9424769614337424],[102.2842345202675,0.9424768204162688],[102.28423445021551,0.942567191010235],[102.28414467228927,0.9425671204912497],[102.28414460222825,0.9426574910784016],[102.28396504639134,0.9426573500199333],[102.283964976319,0.9427477205935079],[102.28387519840831,0.9427476500540241],[102.28387512832691,0.9428380206207828],[102.2836955725211,0.9428378795213145],[102.28369550242836,0.9429282500744947],[102.28360572453322,0.9429281795145098],[102.28360565443145,0.9430185500608737],[102.28342609865673,0.9430184089204005],[102.28342602854362,0.943108779453184],[102.28333625066402,0.943108708872695],[102.2833361805419,0.943199079398662],[102.28315662479825,0.943198938217178],[102.28315655466477,0.9432893087295636],[102.28306677680072,0.9432892381285684],[102.2830667066582,0.9433796086341364],[102.28297692879856,0.9433795380240495],[102.28297685864702,0.9434699085228004],[102.2827973029433,0.9434697672821174],[102.2827972327804,0.943560137767284],[102.28270745493631,0.9435600671366869],[102.2827073847644,0.9436504376150358],[102.2826176069247,0.9436503669753459],[102.28261746655605,0.9438311079183542],[102.28252768871849,0.9438310372628049],[102.28252761852175,0.9439214077274639],[102.28234806286216,0.9439212663958498],[102.28234799265408,0.9440116368469235],[102.28225821483205,0.9440115661708581],[102.28225814461494,0.9441019366151124],[102.28207858898644,0.9441017952424638]]]}},{"type":"Feature","properties":{"village":"Mengkapan","district":"Sungai Apit","regency":"Siak","baseline":"2016","current":"2025","confidence":"rendah","resolutionM":10,"uncertaintyM":14.1,"change":"erosion"},"geometry":{"type":"Polygon","coordinates":[[[102.29644778939432,0.9380581842974322],[102.29644785879782,0.9379678127832598],[102.29680697374711,0.937968092198348],[102.29680690435279,0.9380584637394458],[102.29644778939432,0.9380581842974322]]]}},{"type":"Feature","properties":{"village":"Penyengat","district":"Sungai Apit","regency":"Siak","baseline":"2016","current":"2025","confidence":"rendah","resolutionM":10,"uncertaintyM":14.1,"change":"erosion"},"geometry":{"type":"Polygon","coordinates":[[[102.41550114277196,0.805108960862463],[102.41550119971596,0.8050185805537043],[102.41559098396839,0.8050186378715251],[102.41559104090402,0.8049282575562864],[102.41568082516088,0.8049283148656855],[102.41568071128717,0.8051090755089899],[102.41550114277196,0.805108960862463]]]}},{"type":"Feature","properties":{"village":"Penyengat","district":"Sungai Apit","regency":"Siak","baseline":"2016","current":"2025","confidence":"rendah","resolutionM":10,"uncertaintyM":14.1,"change":"erosion"},"geometry":{"type":"Polygon","coordinates":[[[102.52902726991287,0.7469697811547015],[102.52902732042487,0.7468793928616564],[102.52911711135826,0.7468794437056913],[102.5291170608481,0.7469698320048904],[102.52902726991287,0.7469697811547015]]]}},{"type":"Feature","properties":{"village":"Penyengat","district":"Sungai Apit","regency":"Siak","baseline":"2016","current":"2025","confidence":"rendah","resolutionM":10,"uncertaintyM":14.1,"change":"erosion"},"geometry":{"type":"Polygon","coordinates":[[[102.53199042445394,0.7468810697416846],[102.5319904748994,0.7467906812456385],[102.53208026603261,0.7467907320227066],[102.53208021558898,0.7468811205248987],[102.53199042445394,0.7468810697416846]]]}},{"type":"Feature","properties":{"village":"Penyengat","district":"Sungai Apit","regency":"Siak","baseline":"2016","current":"2025","confidence":"rendah","resolutionM":10,"uncertaintyM":14.1,"change":"erosion"},"geometry":{"type":"Polygon","coordinates":[[[102.54869188078969,0.746528925167039],[102.54869213113236,0.7460769769885182],[102.54887171563968,0.746077077757577],[102.54887176568634,0.745986688109541],[102.54905135021428,0.7459867888590263],[102.54905140025124,0.7458963991987404],[102.54923098479978,0.7458964999286543],[102.549231034827,0.7458061102561199],[102.54932082710855,0.7458061606122118],[102.54932047680337,0.7464388883618234],[102.54914089222076,0.746438787562346],[102.54914084214926,0.7465291772284915],[102.54896125758722,0.7465290764094373],[102.54896140779456,0.7462579074475036],[102.54878182326777,0.7462578066577085],[102.54878167304948,0.746528975583014],[102.54869188078969,0.746528925167039]]]}},{"type":"Feature","properties":{"village":"Penyengat","district":"Sungai Apit","regency":"Siak","baseline":"2016","current":"2025","confidence":"rendah","resolutionM":10,"uncertaintyM":14.1,"change":"erosion"},"geometry":{"type":"Polygon","coordinates":[[[102.54967994627724,0.7458967517212247],[102.54968009631332,0.7456255826119519],[102.54985968093578,0.7456256832794803],[102.54985953091068,0.7458968524253679],[102.54967994627724,0.7458967517212247]]]}},{"type":"Feature","properties":{"village":"Penyengat","district":"Sungai Apit","regency":"Siak","baseline":"2016","current":"2025","confidence":"rendah","resolutionM":10,"uncertaintyM":14.1,"change":"erosion"},"geometry":{"type":"Polygon","coordinates":[[[102.5512965086712,0.745355318915665],[102.55129660856278,0.7451745392894122],[102.55138640097096,0.7451745895604825],[102.55138645090582,0.7450841997411968],[102.55147624331822,0.74508425000433],[102.55147609350091,0.7453554194803608],[102.5512965086712,0.745355318915665]]]}},{"type":"Feature","properties":{"village":"Penyengat","district":"Sungai Apit","regency":"Siak","baseline":"2016","current":"2025","confidence":"rendah","resolutionM":10,"uncertaintyM":14.1,"change":"erosion"},"geometry":{"type":"Polygon","coordinates":[[[102.55093743899072,0.7451743381867412],[102.55093748893472,0.7450839483979501],[102.55102728131683,0.745083998670277],[102.55102723137465,0.7451743884651674],[102.55093743899072,0.7451743381867412]]]}},{"type":"Feature","properties":{"village":"Penyengat","district":"Sungai Apit","regency":"Siak","baseline":"2016","current":"2025","confidence":"rendah","resolutionM":10,"uncertaintyM":14.1,"change":"erosion"},"geometry":{"type":"Polygon","coordinates":[[[102.5538113965082,0.7440912663752326],[102.55381144632112,0.7440008763908835],[102.55399103143519,0.7440009766698068],[102.55399108123841,0.7439105866732328],[102.55435025153189,0.7439107871846802],[102.55435020173596,0.7440011772056201],[102.5542604091517,0.7440011270744209],[102.5542603593479,0.7440915170892292],[102.5538113965082,0.7440912663752326]]]}},{"type":"Feature","properties":{"village":"Penyengat","district":"Sungai Apit","regency":"Siak","baseline":"2016","current":"2025","confidence":"rendah","resolutionM":10,"uncertaintyM":14.1,"change":"erosion"},"geometry":{"type":"Polygon","coordinates":[[[102.55435025153189,0.7439107871846802],[102.55435030132175,0.7438203971636997],[102.55444009390843,0.743820447280881],[102.55444004412038,0.7439108373079524],[102.55435025153189,0.7439107871846802]]]}},{"type":"Feature","properties":{"village":"Penyengat","district":"Sungai Apit","regency":"Siak","baseline":"2016","current":"2025","confidence":"rendah","resolutionM":10,"uncertaintyM":14.1,"change":"erosion"},"geometry":{"type":"Polygon","coordinates":[[[102.55857105614302,0.742918847614525],[102.5585711554124,0.7427380669995652],[102.55866094826139,0.7427381169575057],[102.55866084899567,0.7429188975846265],[102.55857105614302,0.742918847614525]]]}},{"type":"Feature","properties":{"village":"Penyengat","district":"Sungai Apit","regency":"Siak","baseline":"2016","current":"2025","confidence":"rendah","resolutionM":10,"uncertaintyM":14.1,"change":"erosion"},"geometry":{"type":"Polygon","coordinates":[[[102.55875088996424,0.7424669959543879],[102.5587509891659,0.7422862153147026],[102.55884078201788,0.7422862652385769],[102.55884068281985,0.7424670458904223],[102.55875088996424,0.7424669959543879]]]}},{"type":"Feature","properties":{"village":"Penyengat","district":"Sungai Apit","regency":"Siak","baseline":"2016","current":"2025","confidence":"rendah","resolutionM":10,"uncertaintyM":14.1,"change":"erosion"},"geometry":{"type":"Polygon","coordinates":[[[102.57338917263196,0.7388594589872719],[102.57338922169896,0.7387690676777392],[102.57356880923074,0.7387691664550556],[102.57356876016738,0.7388595577766752],[102.57338917263196,0.7388594589872719]]]}},{"type":"Feature","properties":{"village":"Penyengat","district":"Sungai Apit","regency":"Siak","baseline":"2016","current":"2025","confidence":"rendah","resolutionM":10,"uncertaintyM":14.1,"change":"accretion"},"geometry":{"type":"Polygon","coordinates":[[[102.42151913909204,0.8012264253592122],[102.4215191956295,0.8011360446178408],[102.42142941104011,0.8011359877071987],[102.42142946757318,0.8010456069722047],[102.42151925216059,0.8010456638764256],[102.42151930868529,0.8009552831349662],[102.42160909327714,0.8009553400307899],[102.42160914979351,0.8008649592828654],[102.42169893438975,0.8008650161702927],[102.42169899089778,0.8007746354159034],[102.42178877549846,0.8007746922949346],[102.42178894497836,0.8005035500122415],[102.42187872957952,0.8005036068700362],[102.42187878605812,0.8004132261026303],[102.42205835527565,0.8004133397994551],[102.42205841174393,0.8003229590191654],[102.42214819636033,0.8003230158581963],[102.42214825282025,0.8002326350714427],[102.42223803744105,0.8002326919020805],[102.42223809389266,0.8001423111088634],[102.42232787851788,0.8001423679311076],[102.42232782206823,0.8002327487307437],[102.4226869606407,0.8002329760256564],[102.42268701708251,0.8001425952003458],[102.4227768017396,0.8001426520127205],[102.42277685817307,0.8000522711809477],[102.42286664283459,0.8000523279849311],[102.42286658640309,0.8001427088231218],[102.42295637107294,0.8001427656315491],[102.42295631463703,0.8002331464761132],[102.42286652996522,0.8002330896612685],[102.42286647352095,0.8003234704993711],[102.42277668885356,0.8003234136761344],[102.42277663240097,0.8004137945077751],[102.42268684773798,0.800413737676146],[102.42268679127706,0.8005041185013249],[102.42250722196628,0.8005040048193058],[102.42250716549506,0.800594385631604],[102.42232759620589,0.8005942719288487],[102.42232753972436,0.8006846527282647],[102.42223775508738,0.8006845958675054],[102.42223769859751,0.8007749766604584],[102.42205812933874,0.8007748629201752],[102.42205807283857,0.800865243700245],[102.4219682882168,0.8008651868207204],[102.42196823170828,0.8009555675943266],[102.42178866247994,0.80095545381651],[102.42178860596114,0.8010458345772314],[102.42169882135457,0.801045777678939],[102.42169876482741,0.801136158433196],[102.42160898022526,0.8011361015265066],[102.42160892368976,0.801226482274299],[102.42151913909204,0.8012264253592122]]]}},{"type":"Feature","properties":{"village":"Penyengat","district":"Sungai Apit","regency":"Siak","baseline":"2016","current":"2025","confidence":"rendah","resolutionM":10,"uncertaintyM":14.1,"change":"accretion"},"geometry":{"type":"Polygon","coordinates":[[[102.43651823298735,0.7931919214679453],[102.43651828863241,0.7931015396534642],[102.4364285031545,0.7931014836410442],[102.43642855879516,0.7930111018329037],[102.43651834427112,0.7930111578389398],[102.43651839990349,0.7929207760243716],[102.43660818538386,0.7929208320220675],[102.43660824100795,0.7928304502010721],[102.4366980264927,0.7928305061904287],[102.4366980821085,0.7927401243630064],[102.43678786759769,0.7927401803440235],[102.43678792320519,0.7926497985101743],[102.43696749419867,0.7926499104535759],[102.43696743859503,0.7927402923001908],[102.43705722410324,0.7927403482753411],[102.4370571684952,0.7928307301282953],[102.43696738298507,0.7928306741467626],[102.43696732736876,0.7929210559932903],[102.43687754186303,0.7929210000034187],[102.43687748623843,0.7930113818435205],[102.43669791524209,0.7930112698451427],[102.43669785960728,0.7931016516724346],[102.43660807411666,0.7931015956639279],[102.43660801847356,0.7931919774847924],[102.43651823298735,0.7931919214679453]]]}},{"type":"Feature","properties":{"village":"Penyengat","district":"Sungai Apit","regency":"Siak","baseline":"2016","current":"2025","confidence":"rendah","resolutionM":10,"uncertaintyM":14.1,"change":"accretion"},"geometry":{"type":"Polygon","coordinates":[[[102.48672822767655,0.7612265137451637],[102.48672828003343,0.7611361283819071],[102.48663849171865,0.7611360756790789],[102.48663870109141,0.7607745342506734],[102.48672848939873,0.760774586928465],[102.4867285417245,0.760684201565],[102.48681833003617,0.7606842542346556],[102.48681838235386,0.7605938688648904],[102.48690817066989,0.7605939215264104],[102.48690822297951,0.7605035361503445],[102.48708779962647,0.7605036414552373],[102.48708774732057,0.7605940268438198],[102.48717753565525,0.7605940794997099],[102.48717748334501,0.7606844648945085],[102.48726727168776,0.7606845175547796],[102.48726716705237,0.7608652883567684],[102.48717737870588,0.7608652356839817],[102.487177326377,0.7609556210786553],[102.48708753803486,0.7609555683977333],[102.48708748569788,0.7610459537861077],[102.48690790902855,0.7610458484061138],[102.48690785668163,0.7611362337819296],[102.48681806835441,0.7611361810828575],[102.4868180159994,0.7612265664523731],[102.48672822767655,0.7612265137451637]]]}},{"type":"Feature","properties":{"village":"Penyengat","district":"Sungai Apit","regency":"Siak","baseline":"2016","current":"2025","confidence":"rendah","resolutionM":10,"uncertaintyM":14.1,"change":"accretion"},"geometry":{"type":"Polygon","coordinates":[[[102.51070872210728,0.7493094320179102],[102.51070877315291,0.7492190449859831],[102.51061898342994,0.7492189936029491],[102.51061903447125,0.7491286065771807],[102.5107088241924,0.7491286579540152],[102.51070887522572,0.7490382709220063],[102.51106803416458,0.7490384763860628],[102.5110679831386,0.749128863442868],[102.51115777289054,0.74912891481046],[102.51115772186024,0.7492193018734227],[102.51106793210647,0.7492192504996321],[102.51106788106817,0.7493096375563555],[102.51070872210728,0.7493094320179102]]]}},{"type":"Feature","properties":{"village":"Penyengat","district":"Sungai Apit","regency":"Siak","baseline":"2016","current":"2025","confidence":"rendah","resolutionM":10,"uncertaintyM":14.1,"change":"accretion"},"geometry":{"type":"Polygon","coordinates":[[[102.51142709115854,0.749219455983702],[102.51142714218334,0.749129068902145],[102.51133735241292,0.7491290175400986],[102.51133740343337,0.7490386304646985],[102.51142719320197,0.7490386818205471],[102.51142724421445,0.7489482947389086],[102.51151703398735,0.7489483460867113],[102.5115169829767,0.7490387331745476],[102.51160677275762,0.7490387845266997],[102.51160672174265,0.7491291716206926],[102.51151693195992,0.749129120262343],[102.51151688093697,0.7492195073500977],[102.51142709115854,0.749219455983702]]]}},{"type":"Feature","properties":{"village":"Penyengat","district":"Sungai Apit","regency":"Siak","baseline":"2016","current":"2025","confidence":"rendah","resolutionM":10,"uncertaintyM":14.1,"change":"accretion"},"geometry":{"type":"Polygon","coordinates":[[[102.5117863013266,0.7491292743318465],[102.5117863523379,0.7490388872254594],[102.51169656254467,0.7490388358770037],[102.51169661355165,0.7489484487767728],[102.51178640334302,0.7489485001190316],[102.51178645434199,0.7488581130125629],[102.51196603393954,0.7488582156791431],[102.51196598294425,0.748948602798005],[102.5120557727541,0.7489486541347196],[102.51205572175448,0.7490390412597369],[102.5119659319428,0.7490389899168259],[102.51196588093516,0.7491293770356059],[102.5117863013266,0.7491292743318465]]]}},{"type":"Feature","properties":{"village":"Penyengat","district":"Sungai Apit","regency":"Siak","baseline":"2016","current":"2025","confidence":"rendah","resolutionM":10,"uncertaintyM":14.1,"change":"accretion"},"geometry":{"type":"Polygon","coordinates":[[[102.51367209229859,0.7487688034064185],[102.51367214324671,0.7486784161697839],[102.51358235333159,0.7486783648849111],[102.5135824042754,0.7485879776544279],[102.51367219418867,0.7485880289331084],[102.5136722451245,0.7484976416963922],[102.51385182496585,0.7484977442358279],[102.51385187589185,0.7484073569866868],[102.51430082559374,0.7484076132719993],[102.5143008765044,0.748317225991862],[102.51457024639383,0.7483173797223179],[102.51457029729285,0.7482269924235688],[102.51483966723214,0.7482271461188377],[102.5148397181195,0.7481367588014788],[102.51528866813213,0.7481370148923913],[102.51528871900418,0.7480466275440482],[102.51537850902331,0.7480466787505046],[102.5153784581531,0.7481370661050355],[102.51573761829846,0.7481372709371521],[102.51573766916133,0.7480468835578713],[102.51618661947218,0.7480471395255482],[102.51618656861847,0.7481375269357613],[102.5162763587009,0.7481375781299449],[102.51627630784289,0.748227965546303],[102.51618651775861,0.7482279143459334],[102.5161864668926,0.748318301756065],[102.51582730660964,0.7483180969113788],[102.51582725573016,0.7484084842967241],[102.51537830550558,0.7484082281683835],[102.51537825461077,0.7484986155227512],[102.51483951453315,0.7484983080706687],[102.5148394636212,0.7485886953878643],[102.51421093379759,0.7485883365664017],[102.51421088286664,0.7486787238402259],[102.51376193316798,0.7486784674528093],[102.5137618822217,0.7487688546956361],[102.51367209229859,0.7487688034064185]]]}},{"type":"Feature","properties":{"village":"Penyengat","district":"Sungai Apit","regency":"Siak","baseline":"2016","current":"2025","confidence":"rendah","resolutionM":10,"uncertaintyM":14.1,"change":"accretion"},"geometry":{"type":"Polygon","coordinates":[[[102.52103554629561,0.7475979623157678],[102.52103559701348,0.7475075745715967],[102.52094580661844,0.7475075235184734],[102.52094585733202,0.7474171357804358],[102.52103564772523,0.7474171868273852],[102.52103569843084,0.7473267990831326],[102.52121527923198,0.747326901159151],[102.52121522853004,0.747417288915751],[102.52130501894163,0.7474173399571675],[102.52130496823538,0.7475077277198995],[102.52121517782196,0.7475076766723099],[102.52121512710772,0.747598064428828],[102.52103554629561,0.7475979623157678]]]}},{"type":"Feature","properties":{"village":"Penyengat","district":"Sungai Apit","regency":"Siak","baseline":"2016","current":"2025","confidence":"rendah","resolutionM":10,"uncertaintyM":14.1,"change":"accretion"},"geometry":{"type":"Polygon","coordinates":[[[102.5215743395125,0.7475078808516016],[102.52157439021325,0.7474174930703509],[102.52148459978324,0.7474174420344672],[102.52148465047969,0.7473270542593483],[102.52157444090787,0.7473271052890592],[102.52157449159635,0.747236717507727],[102.52175407246742,0.7472368195492719],[102.5217540217826,0.7473272073429487],[102.52184381222918,0.7473272583671273],[102.52184376154005,0.7474176461669355],[102.52175397109164,0.7474175951365849],[102.52175392039456,0.7475079829301803],[102.5215743395125,0.7475078808516016]]]}},{"type":"Feature","properties":{"village":"Penyengat","district":"Sungai Apit","regency":"Siak","baseline":"2016","current":"2025","confidence":"rendah","resolutionM":10,"uncertaintyM":14.1,"change":"accretion"},"geometry":{"type":"Polygon","coordinates":[[[102.52193355199458,0.7474176971954419],[102.52193360268187,0.747327309389462],[102.52184381222918,0.7473272583671273],[102.52184386291216,0.7472368705672785],[102.52193365336304,0.7472369215834412],[102.52193370403806,0.7471465337773799],[102.52202349449324,0.7471465847855272],[102.5220235451603,0.7470561969732537],[102.52211333561975,0.747056247973386],[102.52211338627887,0.7469658601549004],[102.52220317674262,0.7469659111470184],[102.52220322739377,0.7468755233223209],[102.52229301786184,0.7468755743064248],[102.52229296721254,0.746965962137293],[102.52238275768858,0.7469660131257247],[102.52238270703495,0.7470564009627227],[102.52247249751895,0.7470564519554816],[102.52247244686104,0.7471468397986093],[102.522562237353,0.7471468907956947],[102.5225621866908,0.7472372786449519],[102.522472396197,0.7472372276416964],[102.52247234552684,0.7473276154847425],[102.52238255503735,0.7473275644734727],[102.52238250435921,0.7474179523103078],[102.52193355199458,0.7474176971954419]]]}},{"type":"Feature","properties":{"village":"Penyengat","district":"Sungai Apit","regency":"Siak","baseline":"2016","current":"2025","confidence":"rendah","resolutionM":10,"uncertaintyM":14.1,"change":"accretion"},"geometry":{"type":"Polygon","coordinates":[[[102.5230110885925,0.7473279215136354],[102.5230111392517,0.7472375336335717],[102.52292134872724,0.7472374826395355],[102.52292139938213,0.7471470947655999],[102.52301118990474,0.747147145753467],[102.52301124055165,0.7470567578733215],[102.52319082161159,0.7470568598311875],[102.52319087224872,0.7469664719386638],[102.5233704533295,0.7469665738768194],[102.52337050395684,0.7468761859719185],[102.52346029450459,0.7468762369320634],[102.52346024387909,0.7469666248431324],[102.52363982499665,0.7469667267702285],[102.52363977436868,0.7470571146935917],[102.52372956493848,0.7470571656605424],[102.52372951430621,0.7471475535900323],[102.52363972373458,0.7471475026169144],[102.52363967309435,0.7472378905401963],[102.52328051086177,0.7472376866046169],[102.52328046020808,0.7473280745031865],[102.5230110885925,0.7473279215136354]]]}},{"type":"Feature","properties":{"village":"Penyengat","district":"Sungai Apit","regency":"Siak","baseline":"2016","current":"2025","confidence":"rendah","resolutionM":10,"uncertaintyM":14.1,"change":"accretion"},"geometry":{"type":"Polygon","coordinates":[[[102.54078983384571,0.7471572050283466],[102.54078988413002,0.7470668159311242],[102.53989196710351,0.747066309681316],[102.53989201740004,0.7469759206453119],[102.5395328507672,0.7469757181182789],[102.53953290106496,0.7468853291067435],[102.53944310942381,0.7468852784765051],[102.53944315971731,0.7467948894710572],[102.53953295135663,0.7467949400951681],[102.53953300164221,0.7467045510835512],[102.53980237659124,0.7467047029264431],[102.53980232631115,0.7467950919564426],[102.5399819096446,0.7467951931880777],[102.53998195992102,0.7467048041458245],[102.54070029348362,0.7467052089496428],[102.54070024322183,0.7467955980409032],[102.54087982667703,0.7467956992356803],[102.54087977641281,0.7468860883391496],[102.541059359896,0.7468861895388041],[102.54105930962936,0.7469765786544811],[102.54123889314053,0.7469766798590108],[102.5412389434035,0.746886290731086],[102.54132873516639,0.7468863413244624],[102.54132878542144,0.7467959521903734],[102.5415981607411,0.7467961039410744],[102.54159811049155,0.7468864930935327],[102.54186748587145,0.7468866448460149],[102.5418674356213,0.7469770340167997],[102.54195722742858,0.7469770846033963],[102.54195717717418,0.7470674737802624],[102.54186738536507,0.7470674231875438],[102.54186733510275,0.7471578123582472],[102.54123879259635,0.7471574581147381],[102.54123884287148,0.7470670689868949],[102.54105925935664,0.7470669677701175],[102.54105920907784,0.7471573568857127],[102.54078983384571,0.7471572050283466]]]}},{"type":"Feature","properties":{"village":"Penyengat","district":"Sungai Apit","regency":"Siak","baseline":"2016","current":"2025","confidence":"rendah","resolutionM":10,"uncertaintyM":14.1,"change":"accretion"},"geometry":{"type":"Polygon","coordinates":[[[102.53001507151419,0.746789563683908],[102.5300151219938,0.746699175323101],[102.52992533100294,0.7466991245097999],[102.52992538147828,0.746608736155104],[102.53001517246732,0.7466087869622536],[102.53001522293471,0.7465183986013653],[102.53019480492745,0.7465185001978346],[102.53019475446371,0.7466088885710257],[102.53028454547108,0.7466089393726482],[102.53028449500307,0.7466993277519495],[102.53019470399387,0.7466992769441761],[102.53019465351791,0.7467896653172854],[102.53001507151419,0.746789563683908]]]}},{"type":"Feature","properties":{"village":"Penyengat","district":"Sungai Apit","regency":"Siak","baseline":"2016","current":"2025","confidence":"rendah","resolutionM":10,"uncertaintyM":14.1,"change":"accretion"},"geometry":{"type":"Polygon","coordinates":[[[102.53055381759869,0.7467898685619266],[102.53055386806733,0.7466994801642145],[102.5304640770398,0.7466994293619689],[102.53046412750416,0.7466090409703662],[102.53055391852986,0.7466090917664616],[102.53055396898628,0.7465187033686681],[102.53082334209455,0.7465188557274505],[102.53082329164363,0.7466092441436937],[102.53091308269377,0.7466092949324196],[102.53091303223857,0.7466996833547713],[102.5308232411866,0.7466996325598961],[102.53082319072344,0.7467900209760577],[102.53055381759869,0.7467898685619266]]]}},{"type":"Feature","properties":{"village":"Penyengat","district":"Sungai Apit","regency":"Siak","baseline":"2016","current":"2025","confidence":"rendah","resolutionM":10,"uncertaintyM":14.1,"change":"accretion"},"geometry":{"type":"Polygon","coordinates":[[[102.53612087334443,0.7467930150834214],[102.53612092369956,0.746702626304826],[102.5360311322936,0.7467025756168226],[102.53603118264448,0.7466121868443226],[102.53612097404861,0.7466122375261897],[102.53612102439158,0.7465218487475127],[102.53621081579998,0.7465218994214007],[102.53621076545885,0.7466122882062141],[102.53630055687519,0.7466123388843962],[102.5363005065298,0.7467027276753048],[102.53621071511164,0.7467026769909867],[102.53621066475831,0.7467930657757185],[102.53612087334443,0.7467930150834214]]]}},{"type":"Feature","properties":{"village":"Penyengat","district":"Sungai Apit","regency":"Siak","baseline":"2016","current":"2025","confidence":"rendah","resolutionM":10,"uncertaintyM":14.1,"change":"accretion"},"geometry":{"type":"Polygon","coordinates":[[[102.53154151932493,0.7467904273326564],[102.53154156977344,0.7467000388673055],[102.53145177867871,0.7466999880853286],[102.53145182912293,0.7466095996260849],[102.53154162021585,0.746609650401914],[102.53154167065212,0.7465192619364817],[102.5317212528526,0.746519363470318],[102.53172130327911,0.7464289749925502],[102.5318110943867,0.7464290257505577],[102.53181104396201,0.746519414234473],[102.53190083507751,0.7465194649967857],[102.53190078464854,0.7466098534868072],[102.53199057577199,0.7466099042534243],[102.53199052533874,0.7467002927495519],[102.53190073421347,0.7467002419767877],[102.53190068377229,0.7467906304667278],[102.53154151932493,0.7467904273326564]]]}},{"type":"Feature","properties":{"village":"Penyengat","district":"Sungai Apit","regency":"Siak","baseline":"2016","current":"2025","confidence":"rendah","resolutionM":10,"uncertaintyM":14.1,"change":"accretion"},"geometry":{"type":"Polygon","coordinates":[[[102.5336067162314,0.7467915949509075],[102.5336067666378,0.7467012063442174],[102.53351697540263,0.7467011556046206],[102.53351702580477,0.7466107670040327],[102.5336068170381,0.746610817737487],[102.53360686743228,0.7465204291307156],[102.53396603241936,0.74652063202154],[102.53396608280013,0.7464302433901593],[102.5345946217496,0.7464305983351912],[102.53459457138165,0.7465209870095584],[102.53522311064286,0.7465213419073103],[102.5352230602816,0.7466117306246124],[102.53531285163086,0.7466117813230609],[102.53531280126535,0.746702170046461],[102.53522300991425,0.746702119341874],[102.5352229595408,0.7467925080590947],[102.5336067162314,0.7467915949509075]]]}},{"type":"Feature","properties":{"village":"Penyengat","district":"Sungai Apit","regency":"Siak","baseline":"2016","current":"2025","confidence":"rendah","resolutionM":10,"uncertaintyM":14.1,"change":"accretion"},"geometry":{"type":"Polygon","coordinates":[[[102.54635708359149,0.7468891716118977],[102.54635713374401,0.7467987821352464],[102.54626734164259,0.7467987316511969],[102.54626739179088,0.746708342180616],[102.54635718389046,0.7467083926585546],[102.54635723403085,0.746618003181822],[102.54662661036055,0.7466181545862495],[102.54662666048937,0.7465277650911444],[102.54698582900663,0.74652796691348],[102.54698587912206,0.7464375773938952],[102.54707567126472,0.7464376278387642],[102.54707572137227,0.7463472383130295],[102.54752468216745,0.7463474904792008],[102.54752473225977,0.746257100922882],[102.54779410880423,0.74625725218216],[102.547794158885,0.7461668626074778],[102.54806353547858,0.74616701383186],[102.54806358554777,0.7460766242388159],[102.54833296219047,0.7460767754283066],[102.54833301224814,0.7459863858169029],[102.54842280447266,0.7459864362036118],[102.54842275441685,0.7460768258211212],[102.54851254664928,0.7460768762120948],[102.54851249658923,0.7461672658356697],[102.54842270435496,0.7461672154385904],[102.54842265428701,0.7462576050560188],[102.54824306983302,0.7462575042441242],[102.54824301975535,0.7463478938493001],[102.54806343532196,0.7463477930178262],[102.54806338523457,0.7464381826107485],[102.54779400862452,0.7464380313314026],[102.54779395852556,0.7465284209059628],[102.54752458196462,0.7465282695917158],[102.54752453185411,0.7466186591479123],[102.5472551553423,0.7466185077987596],[102.54725510522022,0.7467088973365904],[102.54689593661547,0.7467086954874887],[102.54689588648002,0.7467990850008421],[102.54662651008469,0.7467989335763374],[102.54662645993766,0.7468893230713207],[102.54635708359149,0.7468891716118977]]]}},{"type":"Feature","properties":{"village":"Penyengat","district":"Sungai Apit","regency":"Siak","baseline":"2016","current":"2025","confidence":"rendah","resolutionM":10,"uncertaintyM":14.1,"change":"accretion"},"geometry":{"type":"Polygon","coordinates":[[[102.55650577251458,0.7430080879636758],[102.55650582220022,0.7429176977961693],[102.55641602949262,0.742917647782066],[102.55641607917406,0.7428272576206043],[102.5565058718798,0.7428273076286223],[102.55650592155335,0.7427369174610344],[102.55659571426334,0.7427369674611332],[102.55659576392901,0.7426465772874196],[102.55677534936349,0.7426466772699476],[102.55677529970146,0.7427370674558319],[102.55686509242958,0.7427371174504316],[102.55686504276332,0.7428275076423604],[102.55677525003337,0.7428274576416756],[102.55677520035925,0.742917847827479],[102.55659561491386,0.7429177478084392],[102.55659556523004,0.7430081379820317],[102.55650577251458,0.7430080879636758]]]}},{"type":"Feature","properties":{"village":"Penyengat","district":"Sungai Apit","regency":"Siak","baseline":"2016","current":"2025","confidence":"rendah","resolutionM":10,"uncertaintyM":14.1,"change":"accretion"},"geometry":{"type":"Polygon","coordinates":[[[102.56252293737653,0.7411132330610926],[102.56252298681346,0.7410228424854954],[102.56243319373945,0.7410227927217202],[102.56243324317217,0.7409324021521537],[102.56252303624436,0.7409324519098581],[102.56252308566924,0.7408420613341803],[102.56261287874565,0.7408421110839852],[102.56261282932259,0.7409325016657339],[102.56270262240685,0.740932551419781],[102.56270257297957,0.7410229420075594],[102.5626127798935,0.7410228922474418],[102.56261273045838,0.7411132828291096],[102.56252293737653,0.7411132330610926]]]}},{"type":"Feature","properties":{"village":"Penyengat","district":"Sungai Apit","regency":"Siak","baseline":"2016","current":"2025","confidence":"rendah","resolutionM":10,"uncertaintyM":14.1,"change":"accretion"},"geometry":{"type":"Polygon","coordinates":[[[102.56342091788528,0.7410233400226647],[102.56342096729801,0.7409329493863308],[102.56333117416551,0.740932899646912],[102.56333122357404,0.7408425090166061],[102.56342101670472,0.7408425587499563],[102.5634210661054,0.7407521681135416],[102.5635108592403,0.7407522178389949],[102.56351090863313,0.7406618271964716],[102.56360070177224,0.7406618769140287],[102.56360075115724,0.7405714862653969],[102.5638701306053,0.7405716353888977],[102.56387008122574,0.740662026055733],[102.56395987438898,0.7406620757659784],[102.56395982500523,0.7407524664388406],[102.56387003184018,0.7407524167225277],[102.56386998244858,0.7408428073892822],[102.56378018928775,0.7408427576650737],[102.56378013988832,0.7409331483257204],[102.56351076043654,0.740932999123921],[102.56351071102563,0.7410233897663232],[102.56342091788528,0.7410233400226647]]]}},{"type":"Feature","properties":{"village":"Penyengat","district":"Sungai Apit","regency":"Siak","baseline":"2016","current":"2025","confidence":"rendah","resolutionM":10,"uncertaintyM":14.1,"change":"accretion"},"geometry":{"type":"Polygon","coordinates":[[[102.57186263044723,0.7389490101895659],[102.571862679551,0.7388586189828497],[102.57177288589443,0.7388585695544134],[102.57177293499402,0.7387681783537049],[102.57186272864878,0.7387682277760933],[102.57186277774055,0.7386778365692966],[102.57213215873546,0.7386779848073807],[102.57213220781578,0.7385875935824023],[102.57222200149096,0.7385876429854044],[102.57222195241245,0.7386780342164295],[102.57231174609544,0.7386780836236553],[102.57231169701274,0.7387684748606869],[102.57240149070356,0.7387685242721357],[102.57240144161666,0.7388589155151734],[102.57231164792402,0.7388588660976781],[102.5723115988293,0.7389492573346292],[102.57186263044723,0.7389490101895659]]]}},{"type":"Feature","properties":{"village":"Penyengat","district":"Sungai Apit","regency":"Siak","baseline":"2016","current":"2025","confidence":"rendah","resolutionM":10,"uncertaintyM":14.1,"change":"accretion"},"geometry":{"type":"Polygon","coordinates":[[[102.57258102901993,0.7388590143446936],[102.57258107810321,0.738768623089564],[102.57249128440037,0.7387685736817614],[102.57249133347946,0.7386781824326376],[102.57258112718048,0.738678231834394],[102.57258117625175,0.7385878405791838],[102.57267096995696,0.7385878899730718],[102.57267101902042,0.7384974987117758],[102.57276081272981,0.7384975480977954],[102.57276076366819,0.7385879393651368],[102.57285055738541,0.7385879887553789],[102.57285050831958,0.7386783800287255],[102.57294030204463,0.73867842942319],[102.57294025297459,0.738768820702541],[102.57285045924773,0.7387687713020317],[102.57285041016988,0.7388591625752977],[102.57258102901993,0.7388590143446936]]]}},{"type":"Feature","properties":{"village":"Penyengat","district":"Sungai Apit","regency":"Siak","baseline":"2016","current":"2025","confidence":"rendah","resolutionM":10,"uncertaintyM":14.1,"change":"accretion"},"geometry":{"type":"Polygon","coordinates":[[[102.57635241904347,0.7387706965708583],[102.57635246804469,0.7386803050619627],[102.57626267409157,0.7386802557367741],[102.57626272308858,0.738589864233875],[102.5763525170399,0.7385899135530269],[102.5763525660291,0.7384995220440513],[102.57644235998458,0.7384995713553443],[102.576442408966,0.7384091798402921],[102.57653220292566,0.7384092291437264],[102.57653225189927,0.7383188376225978],[102.5770710157724,0.7383191333687219],[102.57707096680967,0.738409524926062],[102.57716076081131,0.7384095742167397],[102.5771607118444,0.7384999657800743],[102.57769947599107,0.7385002615220714],[102.57769952494712,0.7384098699225348],[102.57787911304035,0.7384099684765537],[102.57787906408791,0.7385003600881564],[102.57796885814533,0.738500409368465],[102.5779688091887,0.7385908009860597],[102.57787901512948,0.7385907516997189],[102.57787896616506,0.738681143311241],[102.57760958401792,0.7386809954231822],[102.57760953504206,0.7387713870165654],[102.57635241904347,0.7387706965708583]]]}},{"type":"Feature","properties":{"village":"Penyengat","district":"Sungai Apit","regency":"Siak","baseline":"2016","current":"2025","confidence":"rendah","resolutionM":10,"uncertaintyM":14.1,"change":"accretion"},"geometry":{"type":"Polygon","coordinates":[[[102.57823819140235,0.7385909488341459],[102.57823824035353,0.7385005571984548],[102.57814844627813,0.738500507923614],[102.57814849522514,0.7384101162939147],[102.57805870115756,0.7384100670232835],[102.57805875010037,0.738319675399576],[102.57814854416615,0.7383197246641752],[102.57814859310118,0.7382293330343956],[102.57823838717113,0.7382293822911408],[102.57823833823792,0.7383197739269522],[102.57832813231569,0.7383198231879068],[102.5783280833783,0.7384102148297098],[102.57841787746386,0.738410264094874],[102.57841782852229,0.738500655742668],[102.5783280344349,0.7385006064714725],[102.57832798548553,0.7385909981131951],[102.57823819140235,0.7385909488341459]]]}},{"type":"Feature","properties":{"village":"Penyengat","district":"Sungai Apit","regency":"Siak","baseline":"2016","current":"2025","confidence":"rendah","resolutionM":10,"uncertaintyM":14.1,"change":"accretion"},"geometry":{"type":"Polygon","coordinates":[[[102.5804831430854,0.7384113966906609],[102.58048319197934,0.7383210049041664],[102.58039339775782,0.7383209556869442],[102.58039344664758,0.7382305639064359],[102.58048324086731,0.7382306131176319],[102.58048328974928,0.7381402213310572],[102.58057308397316,0.7381402705344055],[102.58057313284733,0.7380498787417644],[102.58066292707541,0.7380499279372649],[102.58066297594179,0.737959536138558],[102.58075277017404,0.7379595853262114],[102.58075281903263,0.737869193521439],[102.58084261326904,0.7378692427012458],[102.58084266211984,0.7377788508904081],[102.58102225060703,0.7377789492325081],[102.58102220175986,0.737869341055396],[102.58111199601424,0.7378693902297396],[102.58111204485961,0.737778998400827],[102.58174060479524,0.7377793425280745],[102.58174055596254,0.7378697343991539],[102.58183035026481,0.7378697835589285],[102.58183030142794,0.7379601754359906],[102.581920095738,0.7379602245999669],[102.58192004689695,0.7380506164830114],[102.5820098412148,0.7380506656511892],[102.58200979236958,0.7381410575402161],[102.58191999804991,0.7381410083660161],[102.5819199491969,0.7382314002489804],[102.58183015488142,0.7382313510669358],[102.58183010602062,0.7383217429438373],[102.58120154596709,0.7383213985763459],[102.58120149708763,0.7384117904110423],[102.5804831430854,0.7384113966906609]]]}},{"type":"Feature","properties":{"village":"Sungai Rawa","district":"Sungai Apit","regency":"Siak","baseline":"2016","current":"2025","confidence":"rendah","resolutionM":10,"uncertaintyM":14.1,"change":"erosion"},"geometry":{"type":"Polygon","coordinates":[[[102.30624086646144,0.9286670719287762],[102.30624100337445,0.9284863274247247],[102.3063307825895,0.9284863963255664],[102.30633085103374,0.9283960240667559],[102.3064206302532,0.9283960929586005],[102.30642069868848,0.9283057206930313],[102.30651047791233,0.9283057895758796],[102.30651054633867,0.9282154173035521],[102.3066901048018,0.9282155550489676],[102.30669003638002,0.9283059273347084],[102.30660025714283,0.9283058584564389],[102.3066001887121,0.9283962307354217],[102.3065104094793,0.9283961618481558],[102.30651034103963,0.9284865341203804],[102.30642056181124,0.928486465224118],[102.30642049336262,0.9285768374895839],[102.30633071413861,0.9285767685843251],[102.30633064568104,0.9286671408430328],[102.30624086646144,0.9286670719287762]]]}},{"type":"Feature","properties":{"village":"Sungai Rawa","district":"Sungai Apit","regency":"Siak","baseline":"2016","current":"2025","confidence":"rendah","resolutionM":10,"uncertaintyM":14.1,"change":"erosion"},"geometry":{"type":"Polygon","coordinates":[[[102.3066901048018,0.9282155550489676],[102.30669017321695,0.9281251827631751],[102.30677995245624,0.9281252516257432],[102.30677988404338,0.9282156239182419],[102.3066901048018,0.9282155550489676]]]}},{"type":"Feature","properties":{"village":"Sungai Rawa","district":"Sungai Apit","regency":"Siak","baseline":"2016","current":"2025","confidence":"rendah","resolutionM":10,"uncertaintyM":14.1,"change":"erosion"},"geometry":{"type":"Polygon","coordinates":[[[102.30677995245624,0.9281252516257432],[102.30678002086245,0.9280348793331933],[102.30686980010611,0.9280349481867667],[102.30686973170219,0.9281253204860227],[102.30677995245624,0.9281252516257432]]]}},{"type":"Feature","properties":{"village":"Sungai Rawa","district":"Sungai Apit","regency":"Siak","baseline":"2016","current":"2025","confidence":"rendah","resolutionM":10,"uncertaintyM":14.1,"change":"erosion"},"geometry":{"type":"Polygon","coordinates":[[[102.30686980010611,0.9280349481867667],[102.30686986850338,0.927944575887459],[102.30695964775146,0.927944644732038],[102.30695957935646,0.9280350170380514],[102.30686980010611,0.9280349481867667]]]}},{"type":"Feature","properties":{"village":"Sungai Rawa","district":"Sungai Apit","regency":"Siak","baseline":"2016","current":"2025","confidence":"rendah","resolutionM":10,"uncertaintyM":14.1,"change":"erosion"},"geometry":{"type":"Polygon","coordinates":[[[102.30695964775146,0.927944644732038],[102.30695971613979,0.9278542724259734],[102.30704949539223,0.9278543412615576],[102.30704942700619,0.9279447135743282],[102.30695964775146,0.927944644732038]]]}},{"type":"Feature","properties":{"village":"Sungai Rawa","district":"Sungai Apit","regency":"Siak","baseline":"2016","current":"2025","confidence":"rendah","resolutionM":10,"uncertaintyM":14.1,"change":"erosion"},"geometry":{"type":"Polygon","coordinates":[[[102.30704949539223,0.9278543412615576],[102.30704956377163,0.9277639689487363],[102.3071393430285,0.9277640377753271],[102.30713927465136,0.9278544100948545],[102.30704949539223,0.9278543412615576]]]}},{"type":"Feature","properties":{"village":"Sungai Rawa","district":"Sungai Apit","regency":"Siak","baseline":"2016","current":"2025","confidence":"rendah","resolutionM":10,"uncertaintyM":14.1,"change":"erosion"},"geometry":{"type":"Polygon","coordinates":[[[102.3071393430285,0.9277640377753271],[102.30713941139894,0.9276736654557489],[102.3072291906602,0.9276737342733468],[102.307229122292,0.9277641065996307],[102.3071393430285,0.9277640377753271]]]}},{"type":"Feature","properties":{"village":"Sungai Rawa","district":"Sungai Apit","regency":"Siak","baseline":"2016","current":"2025","confidence":"rendah","resolutionM":10,"uncertaintyM":14.1,"change":"erosion"},"geometry":{"type":"Polygon","coordinates":[[[102.3072291906602,0.9276737342733468],[102.30722925902171,0.9275833619470115],[102.30731903828733,0.9275834307556172],[102.30731896992809,0.9276738030886572],[102.3072291906602,0.9276737342733468]]]}},{"type":"Feature","properties":{"village":"Sungai Rawa","district":"Sungai Apit","regency":"Siak","baseline":"2016","current":"2025","confidence":"rendah","resolutionM":10,"uncertaintyM":14.1,"change":"erosion"},"geometry":{"type":"Polygon","coordinates":[[[102.30884644725391,0.9260482685452347],[102.30884651545466,0.92595789609732],[102.30893629479932,0.9259579647441346],[102.30893622660084,0.9260483371987501],[102.30884644725391,0.9260482685452347]]]}},{"type":"Feature","properties":{"village":"Sungai Rawa","district":"Sungai Apit","regency":"Siak","baseline":"2016","current":"2025","confidence":"rendah","resolutionM":10,"uncertaintyM":14.1,"change":"erosion"},"geometry":{"type":"Polygon","coordinates":[[[102.3091159216959,0.9258677295628447],[102.30911598987653,0.9257773570947252],[102.30920576923663,0.9257774257212885],[102.30920570105826,0.9258677981961085],[102.3091159216959,0.9258677295628447]]]}},{"type":"Feature","properties":{"village":"Sungai Rawa","district":"Sungai Apit","regency":"Siak","baseline":"2016","current":"2025","confidence":"rendah","resolutionM":10,"uncertaintyM":14.1,"change":"erosion"},"geometry":{"type":"Polygon","coordinates":[[[102.30920576923663,0.9257774257212885],[102.30920583740834,0.9256870532464174],[102.30929561677281,0.9256871218639976],[102.30929554860339,0.9257774943455689],[102.30920576923663,0.9257774257212885]]]}},{"type":"Feature","properties":{"village":"Sungai Rawa","district":"Sungai Apit","regency":"Siak","baseline":"2016","current":"2025","confidence":"rendah","resolutionM":10,"uncertaintyM":14.1,"change":"erosion"},"geometry":{"type":"Polygon","coordinates":[[[102.30929561677281,0.9256871218639976],[102.3092956849356,0.9255967493823754],[102.30938546430448,0.9255968179909732],[102.30938539614397,0.9256871904792954],[102.30929561677281,0.9256871218639976]]]}},{"type":"Feature","properties":{"village":"Sungai Rawa","district":"Sungai Apit","regency":"Siak","baseline":"2016","current":"2025","confidence":"rendah","resolutionM":10,"uncertaintyM":14.1,"change":"erosion"},"geometry":{"type":"Polygon","coordinates":[[[102.30938546430448,0.9255968179909732],[102.30938560060554,0.9254160730141746],[102.30947537997653,0.9254161416070905],[102.30947551624642,0.9252353966166876],[102.30956529561955,0.9252354651939226],[102.30956543185827,0.9250547201899166],[102.30965521123352,0.9250547887514713],[102.30965527934063,0.9249644162426924],[102.30983483810657,0.9249645533455613],[102.30983490620248,0.9248741808233333],[102.30992468559317,0.9248742493646475],[102.30992475368018,0.9247838768356694],[102.31001453307525,0.9247839453680049],[102.31001460115334,0.9246935728322776],[102.3101043805528,0.9246936413556348],[102.31010444862196,0.9246032688131578],[102.31019422802581,0.9246033373275363],[102.31019429608605,0.9245129647783108],[102.3103738549092,0.9245131017868328],[102.31037392295825,0.9244227292241607],[102.31046370237755,0.9244227977183047],[102.31046377041768,0.9243324251488845],[102.31055354984136,0.9243324936340521],[102.31055361787257,0.9242421210578835],[102.31073317673538,0.9242422580079868],[102.31073324475541,0.9241518854183737],[102.31082302419452,0.9241519538833105],[102.31082309220564,0.9240615812869502],[102.3110026510993,0.9240617181965947],[102.31100258309272,0.9241520908063465],[102.31091280364029,0.9241520223459682],[102.3109127356248,0.9242423949489734],[102.31082295617676,0.9242423264796195],[102.31082288815234,0.9243326990758779],[102.3106433292717,0.9243325621169399],[102.3106432612361,0.9244229346997538],[102.3105534818035,0.9244228662101692],[102.31055341375897,0.9245132387862354],[102.31046363433074,0.924513170287674],[102.3104635662773,0.9246035428569918],[102.31037378685349,0.9246034743494534],[102.31037371879113,0.9246938469120227],[102.3102839393717,0.9246937783955071],[102.31028387130041,0.9247841509513282],[102.31019409188538,0.9247840824258344],[102.31019402380517,0.9248744549749068],[102.31010424439451,0.9248743864404343],[102.31010417630539,0.9249647589827574],[102.31001439689912,0.9249646904393065],[102.31001432880107,0.92505506297488],[102.3099245493992,0.9250549944224497],[102.30992448129224,0.9251453669512738],[102.30983470189474,0.9251452983898641],[102.30983463377885,0.9252356709119386],[102.30974485438577,0.925235602341548],[102.30974478626095,0.925325974856873],[102.30965500687225,0.9253259062775019],[102.3096549387385,0.9254162787860764],[102.3095651593542,0.9254162101977246],[102.30956509121152,0.9255065826995482],[102.3094753118316,0.9255065141022147],[102.30947524368001,0.9255968865972881],[102.30938546430448,0.9255968179909732]]]}},{"type":"Feature","properties":{"village":"Sungai Rawa","district":"Sungai Apit","regency":"Siak","baseline":"2016","current":"2025","confidence":"rendah","resolutionM":10,"uncertaintyM":14.1,"change":"erosion"},"geometry":{"type":"Polygon","coordinates":[[[102.3110026510993,0.9240617181965947],[102.31100271909924,0.923971345586791],[102.31109249855379,0.9239714140314995],[102.31109243055612,0.9240617866479985],[102.3110026510993,0.9240617181965947]]]}},{"type":"Feature","properties":{"village":"Sungai Rawa","district":"Sungai Apit","regency":"Siak","baseline":"2016","current":"2025","confidence":"rendah","resolutionM":10,"uncertaintyM":14.1,"change":"erosion"},"geometry":{"type":"Polygon","coordinates":[[[102.31127212546933,0.9238811782841402],[102.31127219344917,0.9237908056541482],[102.31136197291916,0.923790874078631],[102.31136190494158,0.9238812467153177],[102.31127212546933,0.9238811782841402]]]}},{"type":"Feature","properties":{"village":"Sungai Rawa","district":"Sungai Apit","regency":"Siak","baseline":"2016","current":"2025","confidence":"rendah","resolutionM":10,"uncertaintyM":14.1,"change":"erosion"},"geometry":{"type":"Polygon","coordinates":[[[102.31136197291916,0.923790874078631],[102.31136210885434,0.9236101288051041],[102.31145188832645,0.9236101972139193],[102.3114519562818,0.9235198245703846],[102.31154173575831,0.9235198929702275],[102.31154180370474,0.9234295203199469],[102.31163158318563,0.9234295887108184],[102.31163165112315,0.9233392160537925],[102.31172143060844,0.9233392844356928],[102.31172149853704,0.9232489117719217],[102.31181127802671,0.9232489801448512],[102.31181134594641,0.9231586074743346],[102.31190112544046,0.9231586758382939],[102.31190119335125,0.9230683031610334],[102.31208075235479,0.923068439868735],[102.31208082025441,0.9229780671780367],[102.31226037928005,0.9229782038632476],[102.31226031138495,0.9230685765673321],[102.31217053186654,0.9230685082191717],[102.31217046396254,0.9231588809165121],[102.31208068444853,0.9231588125593825],[102.31208061653562,0.9232491852499791],[102.311990837026,0.9232491168838799],[102.31199076910418,0.9233394895677317],[102.31190098959894,0.9233394211926623],[102.31190092166821,0.92342979386977],[102.31172136267318,0.9234296570994126],[102.31172129473126,0.9235200297630819],[102.31163151524146,0.9235199613677936],[102.31163144729062,0.9236103340247176],[102.31154166780522,0.9236102656204574],[102.31154159984547,0.9237006382706355],[102.31145182036445,0.9237005698574033],[102.3114517523958,0.923790942500836],[102.31136197291916,0.923790874078631]]]}},{"type":"Feature","properties":{"village":"Sungai Rawa","district":"Sungai Apit","regency":"Siak","baseline":"2016","current":"2025","confidence":"rendah","resolutionM":10,"uncertaintyM":14.1,"change":"erosion"},"geometry":{"type":"Polygon","coordinates":[[[102.31226037928005,0.9229782038632476],[102.31226044716847,0.9228878311591128],[102.312350226689,0.9228878994916118],[102.31235029456852,0.922797526780733],[102.31244007409344,0.9227975951042636],[102.31244014196406,0.9227072223866408],[102.31252992149336,0.9227072907012042],[102.31252998935507,0.9226169179768386],[102.31270954842911,0.9226170545857556],[102.31270948057194,0.9227074273235039],[102.31261970102932,0.9227073590134915],[102.31261963316324,0.9227977317444979],[102.31252985362501,0.9227976634255186],[102.31252978575002,0.9228880361497818],[102.31244000621618,0.9228879678218349],[102.31243993833226,0.9229783405393543],[102.31226037928005,0.9229782038632476]]]}},{"type":"Feature","properties":{"village":"Sungai Rawa","district":"Sungai Apit","regency":"Siak","baseline":"2016","current":"2025","confidence":"rendah","resolutionM":10,"uncertaintyM":14.1,"change":"erosion"},"geometry":{"type":"Polygon","coordinates":[[[102.31270954842911,0.9226170545857556],[102.31270961627963,0.9225266818479554],[102.31279939582437,0.9225267501423094],[102.31279932797611,0.9226171228868008],[102.31270954842911,0.9226170545857556]]]}},{"type":"Feature","properties":{"village":"Sungai Rawa","district":"Sungai Apit","regency":"Siak","baseline":"2016","current":"2025","confidence":"rendah","resolutionM":10,"uncertaintyM":14.1,"change":"erosion"},"geometry":{"type":"Polygon","coordinates":[[[102.31288917537577,0.9225268184343886],[102.31288924321512,0.9224364456831553],[102.3129790227709,0.9224365139662682],[102.3129789549338,0.9225268867241928],[102.31288917537577,0.9225268184343886]]]}},{"type":"Feature","properties":{"village":"Sungai Rawa","district":"Sungai Apit","regency":"Siak","baseline":"2016","current":"2025","confidence":"rendah","resolutionM":10,"uncertaintyM":14.1,"change":"erosion"},"geometry":{"type":"Polygon","coordinates":[[[102.3129790227709,0.9224365139662682],[102.31297909060136,0.9223461412082928],[102.31306887016152,0.9223462094824408],[102.31306880233333,0.922436582247107],[102.3129790227709,0.9224365139662682]]]}},{"type":"Feature","properties":{"village":"Sungai Rawa","district":"Sungai Apit","regency":"Siak","baseline":"2016","current":"2025","confidence":"rendah","resolutionM":10,"uncertaintyM":14.1,"change":"erosion"},"geometry":{"type":"Polygon","coordinates":[[[102.31387742872575,0.9216238412465977],[102.31387756421518,0.9214430955958829],[102.31396734381923,0.9214431637804005],[102.3139672083343,0.9216239094444921],[102.31387742872575,0.9216238412465977]]]}},{"type":"Feature","properties":{"village":"Sungai Rawa","district":"Sungai Apit","regency":"Siak","baseline":"2016","current":"2025","confidence":"rendah","resolutionM":10,"uncertaintyM":14.1,"change":"erosion"},"geometry":{"type":"Polygon","coordinates":[[[102.31396734381923,0.9214431637804005],[102.31396741155172,0.9213527909482782],[102.31405719116016,0.9213528591238349],[102.31405712342992,0.9214432319626455],[102.31396734381923,0.9214431637804005]]]}},{"type":"Feature","properties":{"village":"Sungai Rawa","district":"Sungai Apit","regency":"Siak","baseline":"2016","current":"2025","confidence":"rendah","resolutionM":10,"uncertaintyM":14.1,"change":"erosion"},"geometry":{"type":"Polygon","coordinates":[[[102.31405719116016,0.9213528591238349],[102.31405725888374,0.9212624862849732],[102.31423681811604,0.921262622615895],[102.31423688582848,0.9211722497636067],[102.31432666545234,0.9211723179189721],[102.31432673315587,0.9210819450599449],[102.31441651278412,0.9210820132063514],[102.31441658047873,0.920991640340586],[102.31450636011138,0.9209917084780338],[102.3145064277971,0.9209013356055304],[102.31459620743414,0.9209014037340202],[102.31459627511096,0.920811030854779],[102.31468605475237,0.9208110989743107],[102.3146861224203,0.9207207260883318],[102.31486568171856,0.920720862307211],[102.31486574937531,0.9206304894078081],[102.31495552903216,0.9206305575071556],[102.31495559668004,0.9205401846010163],[102.31513515600913,0.9205403207795292],[102.31513508836578,0.92063069369904],[102.31504530869566,0.9206306256042331],[102.31504524104339,0.9207209985170078],[102.31495546137766,0.9207209304132448],[102.31495539371652,0.9208113033192825],[102.31486561405515,0.9208112352065628],[102.3148655463851,0.9209016081058634],[102.31477576672813,0.9209015399841867],[102.31477569904919,0.9209919128767503],[102.31459613975068,0.9209917766132102],[102.31459607206055,0.9210821494923502],[102.31450629241901,0.9210820813504863],[102.31450622472,0.921172454222888],[102.31441644508286,0.9211723860720658],[102.31441637737494,0.921262758937729],[102.31432659774218,0.9212626907779481],[102.31432653002535,0.921353063636873],[102.31405719116016,0.9213528591238349]]]}},{"type":"Feature","properties":{"village":"Sungai Rawa","district":"Sungai Apit","regency":"Siak","baseline":"2016","current":"2025","confidence":"rendah","resolutionM":10,"uncertaintyM":14.1,"change":"erosion"},"geometry":{"type":"Polygon","coordinates":[[[102.31513515600913,0.9205403207795292],[102.31513522364585,0.9204499478599673],[102.3152250033181,0.9204500159391333],[102.31522493568364,0.9205403888653808],[102.31513515600913,0.9205403207795292]]]}},{"type":"Feature","properties":{"village":"Sungai Rawa","district":"Sungai Apit","regency":"Siak","baseline":"2016","current":"2025","confidence":"rendah","resolutionM":10,"uncertaintyM":14.1,"change":"erosion"},"geometry":{"type":"Polygon","coordinates":[[[102.3152250033181,0.9204500159391333],[102.31522507094591,0.9203596430128351],[102.31531485062257,0.9203597110830459],[102.31531491824148,0.920269338150012],[102.31540469792253,0.9202694062112682],[102.31540476553255,0.920179033271498],[102.31549454521796,0.9201791013238001],[102.3154946128191,0.9200887283772945],[102.31567417220536,0.9200888644617227],[102.31567410460875,0.9201792374215974],[102.31558432491003,0.9201791693738335],[102.31558425730452,0.9202695423269729],[102.3154944776102,0.9202694742702552],[102.3154944099958,0.9203598472166591],[102.31540463030586,0.9203597791509874],[102.31540456268256,0.9204501520906557],[102.3152250033181,0.9204500159391333]]]}},{"type":"Feature","properties":{"village":"Sungai Rawa","district":"Sungai Apit","regency":"Siak","baseline":"2016","current":"2025","confidence":"rendah","resolutionM":10,"uncertaintyM":14.1,"change":"erosion"},"geometry":{"type":"Polygon","coordinates":[[[102.31567417220536,0.9200888644617227],[102.31567423979533,0.9199984915017972],[102.31576401949619,0.919998559533924],[102.31576395190847,0.9200889325005333],[102.31567417220536,0.9200888644617227]]]}},{"type":"Feature","properties":{"village":"Sungai Rawa","district":"Sungai Apit","regency":"Siak","baseline":"2016","current":"2025","confidence":"rendah","resolutionM":10,"uncertaintyM":14.1,"change":"erosion"},"geometry":{"type":"Polygon","coordinates":[[[102.31594364649435,0.919908322611343],[102.31594371406428,0.9198179496312645],[102.31603349378054,0.919818017643218],[102.31603342621287,0.9199083906299803],[102.31594364649435,0.919908322611343]]]}},{"type":"Feature","properties":{"village":"Sungai Rawa","district":"Sungai Apit","regency":"Siak","baseline":"2016","current":"2025","confidence":"rendah","resolutionM":10,"uncertaintyM":14.1,"change":"erosion"},"geometry":{"type":"Polygon","coordinates":[[[102.31603349378054,0.919818017643218],[102.31603356134157,0.9197276446564052],[102.31612334106222,0.9197277126594076],[102.31612327350345,0.9198180856529034],[102.31603349378054,0.919818017643218]]]}},{"type":"Feature","properties":{"village":"Sungai Rawa","district":"Sungai Apit","regency":"Siak","baseline":"2016","current":"2025","confidence":"rendah","resolutionM":10,"uncertaintyM":14.1,"change":"erosion"},"geometry":{"type":"Polygon","coordinates":[[[102.31684198417156,0.9191860183189867],[102.31684205166583,0.919095645271678],[102.3169318314305,0.9190957132074993],[102.31693176393846,0.9191860862614891],[102.31684198417156,0.9191860183189867]]]}},{"type":"Feature","properties":{"village":"Sungai Rawa","district":"Sungai Apit","regency":"Siak","baseline":"2016","current":"2025","confidence":"rendah","resolutionM":10,"uncertaintyM":14.1,"change":"erosion"},"geometry":{"type":"Polygon","coordinates":[[[102.3169318314305,0.9190957132074993],[102.31693189891587,0.9190053401534577],[102.3170216786849,0.919005408080332],[102.31702161120177,0.9190957811410542],[102.3169318314305,0.9190957132074993]]]}},{"type":"Feature","properties":{"village":"Sungai Rawa","district":"Sungai Apit","regency":"Siak","baseline":"2016","current":"2025","confidence":"rendah","resolutionM":10,"uncertaintyM":14.1,"change":"erosion"},"geometry":{"type":"Polygon","coordinates":[[[102.3170216786849,0.919005408080332],[102.3170217461614,0.9189150350195591],[102.31711152593482,0.9189151029374859],[102.31711145846057,0.9190054760049399],[102.3170216786849,0.919005408080332]]]}},{"type":"Feature","properties":{"village":"Sungai Rawa","district":"Sungai Apit","regency":"Siak","baseline":"2016","current":"2025","confidence":"rendah","resolutionM":10,"uncertaintyM":14.1,"change":"erosion"},"geometry":{"type":"Polygon","coordinates":[[[102.31711152593482,0.9189151029374859],[102.31711159340242,0.9188247298699819],[102.31720137318023,0.9188247977789622],[102.31720130571487,0.918915170853147],[102.31711152593482,0.9189151029374859]]]}},{"type":"Feature","properties":{"village":"Sungai Rawa","district":"Sungai Apit","regency":"Siak","baseline":"2016","current":"2025","confidence":"rendah","resolutionM":10,"uncertaintyM":14.1,"change":"erosion"},"geometry":{"type":"Polygon","coordinates":[[[102.31729115296467,0.9188248656856768],[102.31729122042114,0.9187344926047608],[102.31738100020996,0.9187345605025297],[102.31738093275575,0.9188249335901255],[102.31729115296467,0.9188248656856768]]]}},{"type":"Feature","properties":{"village":"Sungai Rawa","district":"Sungai Apit","regency":"Siak","baseline":"2016","current":"2025","confidence":"rendah","resolutionM":10,"uncertaintyM":14.1,"change":"erosion"},"geometry":{"type":"Polygon","coordinates":[[[102.31738100020996,0.9187345605025297],[102.31738106765755,0.9186441874148827],[102.31747084745076,0.918644255303706],[102.31747078000544,0.9187346283980328],[102.31738100020996,0.9187345605025297]]]}},{"type":"Feature","properties":{"village":"Sungai Rawa","district":"Sungai Apit","regency":"Siak","baseline":"2016","current":"2025","confidence":"rendah","resolutionM":10,"uncertaintyM":14.1,"change":"erosion"},"geometry":{"type":"Polygon","coordinates":[[[102.31747084745076,0.918644255303706],[102.31747091488944,0.9185538822093285],[102.31756069468705,0.9185539500892067],[102.31756062725061,0.9186443231902633],[102.31747084745076,0.918644255303706]]]}},{"type":"Feature","properties":{"village":"Sungai Rawa","district":"Sungai Apit","regency":"Siak","baseline":"2016","current":"2025","confidence":"rendah","resolutionM":10,"uncertaintyM":14.1,"change":"erosion"},"geometry":{"type":"Polygon","coordinates":[[[102.31774032172747,0.9184637127277012],[102.31774045655817,0.9182829664986167],[102.31783023636893,0.9182830343516626],[102.31783037116858,0.9181022881090166],[102.31792015098148,0.9181023559464409],[102.3179202183691,0.9180119828183632],[102.31800999818638,0.9180120506468444],[102.31801006556513,0.9179216775120375],[102.3180998453868,0.9179217453315769],[102.31809991275665,0.917831372190041],[102.31818969258272,0.9178314400006387],[102.31818975994368,0.917741066852374],[102.31827953977414,0.9177411346540305],[102.31827960712621,0.9176507614990369],[102.31836938696105,0.9176508292917529],[102.31836945430425,0.9175604561300311],[102.31845923414348,0.9175605239138067],[102.31845930147779,0.9174701507453569],[102.31863886117165,0.9174702862927656],[102.31863892849485,0.9173799131109113],[102.31872870834947,0.9173799808745449],[102.31872877566377,0.9172896076859627],[102.31890833538846,0.917289743193091],[102.31890840269162,0.9171993699911055],[102.31899818256167,0.9171994377346004],[102.31899824985595,0.9171090645258888],[102.3190880297304,0.9171091322604458],[102.31908809701581,0.9170187590450074],[102.31917787689463,0.9170188267706272],[102.31917794417116,0.9169284535484625],[102.31926772405436,0.9169285212651459],[102.319267791322,0.9168381480362545],[102.31935757120961,0.9168382157440018],[102.31935763846838,0.9167478425083854],[102.31953719825896,0.9167479779037467],[102.31953726550661,0.9166576046547297],[102.3196270454096,0.916657672342345],[102.31962711264838,0.9165672990866028],[102.31971689255576,0.9165673667652832],[102.31971695978565,0.9164769935028163],[102.31980673969743,0.9164770611725622],[102.31980680691844,0.9163866879033705],[102.3198965868346,0.9163867555641827],[102.31989665404674,0.9162963822882668],[102.31998643396727,0.9162964499401457],[102.31998650117055,0.9162060766575051],[102.32007628109547,0.9162061443004513],[102.32007634828985,0.9161157710110869],[102.32025590815512,0.9161159062768545],[102.32025597533838,0.9160255329740933],[102.32034575527872,0.9160256005969157],[102.3203458224531,0.9159352272874312],[102.32043560239784,0.915935294901322],[102.32043566956335,0.9158449215851145],[102.32052544951246,0.9158449891900746],[102.3205255166691,0.9157546158671446],[102.3206152966226,0.9157546834631738],[102.32061536377037,0.9156643101335211],[102.32079492369276,0.9156644453054612],[102.3207949908294,0.9155740719624145],[102.3208847707983,0.9155741395383261],[102.32088483792609,0.9154837661885573],[102.32097461789937,0.9154838337555402],[102.32097468501829,0.91539346039905],[102.32115424498025,0.9153935955129011],[102.32115431208804,0.9153032221430185],[102.32124409207672,0.9153032896898874],[102.32124415917565,0.9152129163132837],[102.32133393916871,0.9152129838512251],[102.32133400625877,0.9151226104679007],[102.32151356626031,0.9151227455236732],[102.32151363333925,0.9150323721269584],[102.32160341334772,0.91503243964479],[102.32160348041778,0.9149420662413551],[102.32169326043064,0.9149421337502607],[102.32169332749184,0.9148517603401063],[102.32187288753295,0.9148518953378103],[102.32187295458306,0.9147615219142672],[102.32205251464617,0.9147616568896099],[102.32205258168517,0.9146712834526792],[102.32214236172443,0.9146713509302985],[102.32214242875455,0.9145809774866489],[102.3222322087982,0.9145810449553449],[102.32223227581945,0.9144906715049766],[102.32241183592214,0.9144908064222664],[102.32241190293229,0.9144004329585126],[102.32250168299133,0.9144005004071073],[102.32250174999261,0.9143101269366355],[102.32259153005604,0.9143101943763084],[102.32259159704846,0.914219820899119],[102.32277115719072,0.9142199557583667],[102.32277122417202,0.9141295822677934],[102.32286100425085,0.9141296496873689],[102.32286107122329,0.9140392761900784],[102.3229508513065,0.9140393436007337],[102.32295091827008,0.9139489700967263],[102.32313047845189,0.9139491048979426],[102.32313054540438,0.9138587313805531],[102.32322032550299,0.9138587987711148],[102.3232203924466,0.9137684252470096],[102.32339995265919,0.9137685600080419],[102.32340001959172,0.9136781864705555],[102.32348979970571,0.9136782538410269],[102.32348966583852,0.913859000929278],[102.32366922609533,0.9138591356901186],[102.32366915915628,0.9139495092474974],[102.32357937902232,0.9139494418615398],[102.32357931207441,0.9140398154122039],[102.32330997170557,0.914039613220813],[102.32330990474432,0.9141299867514318],[102.32313034452706,0.9141298519325696],[102.3231302775547,0.9142202254498073],[102.32295071735946,0.9142200906085961],[102.322950650376,0.9143104641124513],[102.32286087028608,0.9143103966817978],[102.32286080329375,0.9144007701789367],[102.32277102320822,0.9144007027393618],[102.32277095620702,0.9144910762297835],[102.32259139605134,0.9144909413305357],[102.32259132903903,0.9145813148075732],[102.32250154896889,0.9145812473478994],[102.32250148194774,0.9146716208182192],[102.32232192182282,0.9146714858787702],[102.32232185479056,0.9147618593357049],[102.32223207473581,0.9147617918559292],[102.32223200769467,0.9148521653061454],[102.3221422276443,0.9148520978174459],[102.3221421605943,0.9149424712609439],[102.32196260050895,0.9149423362634396],[102.32196253344786,0.9150327096935501],[102.32187275341288,0.9150326421847448],[102.3218726863429,0.9151230156081362],[102.32169312628835,0.9151228805704185],[102.32169305920726,0.9152132539804207],[102.32160327918767,0.9152131864515072],[102.32160321209771,0.9153035598547907],[102.32151343208253,0.9153034923169506],[102.3215133649837,0.9153938657135133],[102.32142358497289,0.9153937981667465],[102.3214235178652,0.9154841715565888],[102.32124395785898,0.9154840364429424],[102.32124389074016,0.915574409819394],[102.32115411074476,0.9155743422525136],[102.32115404361707,0.9156647156222446],[102.32106426362606,0.9156646480464359],[102.3210641964895,0.9157550214094451],[102.32097441650286,0.9157549538247076],[102.32097434935744,0.9158453271809953],[102.32079478939956,0.9158451919914025],[102.32079472224301,0.9159355653342974],[102.32070494227177,0.9159354977294417],[102.32070487510636,0.9160258710656142],[102.3206150951395,0.9160258034518278],[102.32061502796522,0.9161161767812784],[102.3204354680469,0.9161160415335848],[102.3204354008615,0.9162064148496398],[102.32034562091005,0.9162063472157319],[102.32034555371577,0.916296720525064],[102.3202557737687,0.9162966528822242],[102.32025570656555,0.9163870261848327],[102.3200761466868,0.9163868908790276],[102.32007607947253,0.9164772641682397],[102.31998629954086,0.9164771965052739],[102.3199862323177,0.9165675697877621],[102.31989645239042,0.9165675021158629],[102.31989631791973,0.9167482486673404],[102.31980653799458,0.916748180979833],[102.31980647074705,0.9168385542488219],[102.31962691091216,0.9168384188536769],[102.3196268436535,0.9169287921092668],[102.31953706374377,0.9169287244016283],[102.31953699647622,0.9170190976504927],[102.31935743667215,0.9170189622150832],[102.31935736939349,0.9171093354505474],[102.31926758949916,0.9171092677227751],[102.3192675222116,0.9171996409515136],[102.31917774232166,0.9171995732148047],[102.31917767502523,0.9172899464368168],[102.31908789513967,0.9172898786911703],[102.31908782783435,0.9173802519064571],[102.31899804795319,0.9173801841518726],[102.31899798063898,0.9174705573604323],[102.3189082007622,0.9174704895969094],[102.31890813343914,0.9175608627987424],[102.31872857370097,0.9175607272515566],[102.31872850636677,0.9176511004399859],[102.31863872650538,0.917651032656322],[102.31863865916229,0.9177414058380247],[102.3185488793053,0.9177413380454208],[102.31854881195332,0.9178317112203954],[102.31845903210072,0.917831643418851],[102.31845896473988,0.9179220165870977],[102.31836918489165,0.9179219487766133],[102.31836911752191,0.9180123219381319],[102.31827933767808,0.9180122541187056],[102.31827927029946,0.9181026272734956],[102.3180997106272,0.9181024916144966],[102.31809964323745,0.91819286475588],[102.31800986340902,0.9181927969163063],[102.31800979601037,0.9182831700509608],[102.31792001618633,0.9182831022024442],[102.31791994877881,0.9183734753303693],[102.31783016895916,0.9183734074729091],[102.31783010154274,0.918463780594105],[102.31774032172747,0.9184637127277012]]]}},{"type":"Feature","properties":{"village":"Sungai Rawa","district":"Sungai Apit","regency":"Siak","baseline":"2016","current":"2025","confidence":"rendah","resolutionM":10,"uncertaintyM":14.1,"change":"erosion"},"geometry":{"type":"Polygon","coordinates":[[[102.32528613867986,0.9126854903225253],[102.32528633907827,0.9124143692883538],[102.3254658995283,0.9124145037459257],[102.32546596631008,0.9123241300544475],[102.32555574654278,0.9123241972731984],[102.32555581331569,0.9122338235750098],[102.32573537379649,0.9122339579924434],[102.32573544055832,0.9121435842808858],[102.32591500106109,0.9121437186760027],[102.32591493430374,0.9122340924008777],[102.32582515404681,0.9122340251977855],[102.32582508728059,0.912324398915952],[102.32573530702803,0.9123243317039506],[102.32573524025297,0.912414705415407],[102.32555567976324,0.912414570971336],[102.32555561297708,0.9125049446694237],[102.32546583273992,0.9125048774373532],[102.32546576594491,0.9125952511287305],[102.32537598571211,0.9125951838877497],[102.32537591890825,0.9126855575724167],[102.32528613867986,0.9126854903225253]]]}},{"type":"Feature","properties":{"village":"Sungai Rawa","district":"Sungai Apit","regency":"Siak","baseline":"2016","current":"2025","confidence":"rendah","resolutionM":10,"uncertaintyM":14.1,"change":"erosion"},"geometry":{"type":"Polygon","coordinates":[[[102.32591500106109,0.9121437186760027],[102.32591506781185,0.912053344951077],[102.32600484807094,0.9120534121386028],[102.32600478132242,0.9121437858701872],[102.32591500106109,0.9121437186760027]]]}},{"type":"Feature","properties":{"village":"Sungai Rawa","district":"Sungai Apit","regency":"Siak","baseline":"2016","current":"2025","confidence":"rendah","resolutionM":10,"uncertaintyM":14.1,"change":"erosion"},"geometry":{"type":"Polygon","coordinates":[[[102.32609462833662,0.9120534793238791],[102.32609469507629,0.9119631055855862],[102.32618447534638,0.9119631727619553],[102.32618440860895,0.9120535465069065],[102.32609462833662,0.9120534793238791]]]}},{"type":"Feature","properties":{"village":"Sungai Rawa","district":"Sungai Apit","regency":"Siak","baseline":"2016","current":"2025","confidence":"rendah","resolutionM":10,"uncertaintyM":14.1,"change":"accretion"},"geometry":{"type":"Polygon","coordinates":[[[102.3338244174625,0.9002202137955573],[102.33382448314578,0.9001298394789184],[102.33373470260493,0.9001297733634497],[102.3337347682838,0.9000393990534001],[102.33382454882246,0.9000394651622299],[102.33382461449254,0.8999490908454916],[102.33400417558522,0.8999492230432148],[102.33400410991955,0.9000395973732306],[102.334093890478,0.9000396634754014],[102.33409382480792,0.9001300378120061],[102.33400404424728,0.9001299717031969],[102.33400397856842,0.9002203460331133],[102.3338244174625,0.9002202137955573]]]}},{"type":"Feature","properties":{"village":"Sungai Rawa","district":"Sungai Apit","regency":"Siak","baseline":"2016","current":"2025","confidence":"rendah","resolutionM":10,"uncertaintyM":14.1,"change":"accretion"},"geometry":{"type":"Polygon","coordinates":[[[102.33445327535674,0.8996784304087654],[102.334453340985,0.8995880560453604],[102.3343635604112,0.8995879899852559],[102.33436362603507,0.8994976156284386],[102.33427384547007,0.8994975495727536],[102.33427397670243,0.8993168008722455],[102.33436375726303,0.8993168669146552],[102.33436382286712,0.8992264925576885],[102.3345433840037,0.8992266246225787],[102.33454331840402,0.8993169989928202],[102.3346330989844,0.899317065028576],[102.33463290215239,0.899588188158913],[102.3345431215654,0.8995881221032458],[102.33454305593933,0.8996784964732881],[102.33445327535674,0.8996784304087654]]]}},{"type":"Feature","properties":{"village":"Sungai Rawa","district":"Sungai Apit","regency":"Siak","baseline":"2016","current":"2025","confidence":"rendah","resolutionM":10,"uncertaintyM":14.1,"change":"accretion"},"geometry":{"type":"Polygon","coordinates":[[[102.3343640852175,0.8988649951293263],[102.33436415078862,0.8987746207721115],[102.33427437024123,0.8987745547695287],[102.33427443580794,0.8986841804189019],[102.33436421635314,0.8986842464148469],[102.33436434746237,0.8985034977001687],[102.33445412800974,0.8985035636806221],[102.33445419355226,0.8984131893165711],[102.33454397410402,0.8984132552881714],[102.33454403963775,0.8983228809174331],[102.33463382019391,0.8983229468801806],[102.33463388571886,0.8982325725027556],[102.3347236662794,0.8982326384566507],[102.33472373179553,0.8981422640725389],[102.33481351236048,0.8981423300175823],[102.33481357786782,0.8980519556267845],[102.33490335843717,0.8980520215629758],[102.33490342393571,0.8979616471654922],[102.33508298508978,0.8979617790179589],[102.33508305057734,0.897871404607153],[102.33517283116205,0.8978714705234287],[102.33517289664081,0.8977810961059377],[102.33526267722993,0.8977811620133638],[102.3352627426999,0.8976907875891874],[102.33544230389353,0.8976909193841263],[102.33544236935249,0.8976005449466298],[102.33553214995699,0.8976006108341436],[102.33553228085077,0.8974198619457321],[102.33562206145746,0.8974199278177627],[102.33562212689226,0.8973295533668478],[102.33580168812102,0.8973296850910011],[102.33580175354483,0.8972393106267678],[102.33625065672112,0.8972396398652552],[102.33625072212735,0.8971492653678048],[102.33660984477824,0.8971495286922343],[102.3366097793808,0.8972399032162147],[102.3366995600622,0.8972399690484228],[102.33669942925195,0.8974207181094993],[102.33660964856617,0.8974206522640272],[102.33660951772518,0.8976014013116415],[102.33651973704157,0.897601335450692],[102.33651967160898,0.8976917099677924],[102.3364298909298,0.8976916440979965],[102.33642982548841,0.8977820186084151],[102.3363400448136,0.8977819527297727],[102.33633997936343,0.8978723272335086],[102.33625019869301,0.8978722613460195],[102.33625013323405,0.8979626358430731],[102.33616035256802,0.8979625699467364],[102.33616028710027,0.8980529444371074],[102.33607050643863,0.8980528785319225],[102.33607044096209,0.8981432530156102],[102.33598066030484,0.898143187101577],[102.33598059481952,0.898233561578582],[102.33589081416665,0.8982334956557002],[102.33589087965417,0.8981431211853292],[102.33571131837265,0.8981429893461882],[102.33571125288071,0.8982333638032909],[102.33562147224762,0.8982332978737634],[102.3356214067469,0.898323672324182],[102.3355316261182,0.8983236063858044],[102.33553156060869,0.8984139808295387],[102.3354417799844,0.8984139148823109],[102.33544171446607,0.8985042893193607],[102.33499281143246,0.8985039595168088],[102.33499274589654,0.8985943339206313],[102.3349029653074,0.8985942679468369],[102.3349028997627,0.898684642343973],[102.33481311917797,0.8986845763613265],[102.33481305362446,0.8987749507517765],[102.3347232730441,0.8987748847602766],[102.3347232074818,0.8988652591440403],[102.3343640852175,0.8988649951293263]]]}},{"type":"Feature","properties":{"village":"Teluk Lanus","district":"Sungai Apit","regency":"Siak","baseline":"2016","current":"2025","confidence":"rendah","resolutionM":10,"uncertaintyM":14.1,"change":"erosion"},"geometry":{"type":"Polygon","coordinates":[[[102.71364791906345,0.7511384555880645],[102.71364796606431,0.7510480551158146],[102.71373776918277,0.7510481024255586],[102.71373772218372,0.7511385029035036],[102.71364791906345,0.7511384555880645]]]}},{"type":"Feature","properties":{"village":"Teluk Lanus","district":"Sungai Apit","regency":"Siak","baseline":"2016","current":"2025","confidence":"rendah","resolutionM":10,"uncertaintyM":14.1,"change":"erosion"},"geometry":{"type":"Polygon","coordinates":[[[102.83318689045282,0.7387235063866167],[102.83318693426114,0.7386330985262909],[102.83336655466881,0.7386331867169231],[102.83336651086414,0.7387235945880444],[102.83318689045282,0.7387235063866167]]]}},{"type":"Feature","properties":{"village":"Teluk Lanus","district":"Sungai Apit","regency":"Siak","baseline":"2016","current":"2025","confidence":"rendah","resolutionM":10,"uncertaintyM":14.1,"change":"erosion"},"geometry":{"type":"Polygon","coordinates":[[[102.75083362926685,0.7378686719878805],[102.75083367468672,0.7377782691710577],[102.75119289541453,0.7377784520337891],[102.7511929408216,0.7376880491945174],[102.7513725512153,0.7376881406037494],[102.75137250581186,0.7377785434542241],[102.75128270061042,0.7377784977449173],[102.7512826551996,0.7378689005897512],[102.75083362926685,0.7378686719878805]]]}},{"type":"Feature","properties":{"village":"Teluk Lanus","district":"Sungai Apit","regency":"Siak","baseline":"2016","current":"2025","confidence":"rendah","resolutionM":10,"uncertaintyM":14.1,"change":"erosion"},"geometry":{"type":"Polygon","coordinates":[[[102.8273496777928,0.737816560775829],[102.82734972166513,0.7377261532664512],[102.82743953149911,0.7377261974271305],[102.8274394876286,0.737816604941921],[102.8273496777928,0.737816560775829]]]}},{"type":"Feature","properties":{"village":"Teluk Lanus","district":"Sungai Apit","regency":"Siak","baseline":"2016","current":"2025","confidence":"rendah","resolutionM":10,"uncertaintyM":14.1,"change":"erosion"},"geometry":{"type":"Polygon","coordinates":[[[102.75155216163125,0.7376882320056952],[102.7515522070255,0.7375978291439782],[102.75164201224001,0.7375978748366181],[102.7516420576269,0.7375074719692607],[102.751821668069,0.7375075633378754],[102.75182162268574,0.7375979662164336],[102.7517318174601,0.7375979205274364],[102.75173177206945,0.7376883234003551],[102.75155216163125,0.7376882320056952]]]}},{"type":"Feature","properties":{"village":"Teluk Lanus","district":"Sungai Apit","regency":"Siak","baseline":"2016","current":"2025","confidence":"rendah","resolutionM":10,"uncertaintyM":14.1,"change":"erosion"},"geometry":{"type":"Polygon","coordinates":[[[102.82654147728458,0.7376353482776502],[102.82654152116243,0.737544940816915],[102.8267211407317,0.7375450291475907],[102.82672109685747,0.7376354366191544],[102.82654147728458,0.7376353482776502]]]}},{"type":"Feature","properties":{"village":"Teluk Lanus","district":"Sungai Apit","regency":"Siak","baseline":"2016","current":"2025","confidence":"rendah","resolutionM":10,"uncertaintyM":14.1,"change":"erosion"},"geometry":{"type":"Polygon","coordinates":[[[102.82537408227327,0.7373635517091515],[102.82537412615851,0.7372731443187057],[102.82546393586509,0.737273188492382],[102.82546389198166,0.7373635958882454],[102.82537408227327,0.7373635517091515]]]}},{"type":"Feature","properties":{"village":"Teluk Lanus","district":"Sungai Apit","regency":"Siak","baseline":"2016","current":"2025","confidence":"rendah","resolutionM":10,"uncertaintyM":14.1,"change":"erosion"},"geometry":{"type":"Polygon","coordinates":[[[102.75289946724024,0.7372369025591163],[102.75289951257955,0.7371464996132117],[102.75307912316295,0.7371465908860567],[102.75307916849307,0.7370561879289177],[102.7531689737913,0.7370562335570129],[102.75316901911405,0.7369658305942369],[102.75334862972359,0.736965921833774],[102.75334858440445,0.7370563248077434],[102.75325877909509,0.7370562791832882],[102.75325873376859,0.7371466821516213],[102.75316892846298,0.7371466365197491],[102.7531688831291,0.7372370394824457],[102.75289946724024,0.7372369025591163]]]}},{"type":"Feature","properties":{"village":"Teluk Lanus","district":"Sungai Apit","regency":"Siak","baseline":"2016","current":"2025","confidence":"rendah","resolutionM":10,"uncertaintyM":14.1,"change":"erosion"},"geometry":{"type":"Polygon","coordinates":[[[102.75406711768323,0.736875883700359],[102.7540671629768,0.7367854806815454],[102.75415696833076,0.7367855262728373],[102.754156923039,0.7368759292972454],[102.75406711768323,0.736875883700359]]]}},{"type":"Feature","properties":{"village":"Teluk Lanus","district":"Sungai Apit","regency":"Siak","baseline":"2016","current":"2025","confidence":"rendah","resolutionM":10,"uncertaintyM":14.1,"change":"erosion"},"geometry":{"type":"Polygon","coordinates":[[[102.75415696833076,0.7367855262728373],[102.75415701361696,0.7366951232483896],[102.75424681897468,0.7366951688322679],[102.75424677369028,0.7367855718623096],[102.75415696833076,0.7367855262728373]]]}},{"type":"Feature","properties":{"village":"Teluk Lanus","district":"Sungai Apit","regency":"Siak","baseline":"2016","current":"2025","confidence":"rendah","resolutionM":10,"uncertaintyM":14.1,"change":"erosion"},"geometry":{"type":"Polygon","coordinates":[[[102.7544264297068,0.7366952599945665],[102.754426474982,0.7366048569532969],[102.75460608573273,0.7366049480971324],[102.75460604046114,0.7366953511495891],[102.7544264297068,0.7366952599945665]]]}},{"type":"Feature","properties":{"village":"Teluk Lanus","district":"Sungai Apit","regency":"Siak","baseline":"2016","current":"2025","confidence":"rendah","resolutionM":10,"uncertaintyM":14.1,"change":"erosion"},"geometry":{"type":"Polygon","coordinates":[[[102.80400129365141,0.733736741471062],[102.80400133774974,0.7336463353747136],[102.80427076280738,0.7336464685338978],[102.80427071871442,0.7337368746466569],[102.80400129365141,0.733736741471062]]]}},{"type":"Feature","properties":{"village":"Teluk Lanus","district":"Sungai Apit","regency":"Siak","baseline":"2016","current":"2025","confidence":"rendah","resolutionM":10,"uncertaintyM":14.1,"change":"erosion"},"geometry":{"type":"Polygon","coordinates":[[[102.8001398930466,0.7330115839404285],[102.80013993717878,0.7329211780792069],[102.80031955338183,0.7329212669219425],[102.80031950925324,0.733011672794124],[102.8001398930466,0.7330115839404285]]]}},{"type":"Feature","properties":{"village":"Teluk Lanus","district":"Sungai Apit","regency":"Siak","baseline":"2016","current":"2025","confidence":"rendah","resolutionM":10,"uncertaintyM":14.1,"change":"erosion"},"geometry":{"type":"Polygon","coordinates":[[[102.79996027686177,0.7330114950794923],[102.79996032099753,0.7329210892292313],[102.79969089676649,0.7329209559406931],[102.79969094090221,0.7328305501068358],[102.79942151672556,0.7328304168184525],[102.79942156086123,0.732740011001001],[102.79978079310044,0.7327401886932997],[102.79978074897198,0.7328305945326774],[102.80005017321396,0.7328307277993433],[102.80005008495147,0.7330115395108655],[102.79996027686177,0.7330114950794923]]]}},{"type":"Feature","properties":{"village":"Teluk Lanus","district":"Sungai Apit","regency":"Siak","baseline":"2016","current":"2025","confidence":"rendah","resolutionM":10,"uncertaintyM":14.1,"change":"erosion"},"geometry":{"type":"Polygon","coordinates":[[[102.79861328864163,0.732739611087471],[102.79861333278804,0.7326492053193268],[102.7988827568068,0.7326493386236717],[102.7988827126658,0.7327397444082667],[102.79861328864163,0.732739611087471]]]}},{"type":"Feature","properties":{"village":"Teluk Lanus","district":"Sungai Apit","regency":"Siak","baseline":"2016","current":"2025","confidence":"rendah","resolutionM":10,"uncertaintyM":14.1,"change":"erosion"},"geometry":{"type":"Polygon","coordinates":[[[102.7974458292734,0.7326486274789978],[102.79744587343771,0.7325582217821248],[102.79771529723857,0.7325583551405728],[102.79771525307964,0.7326487608539056],[102.7974458292734,0.7326486274789978]]]}},{"type":"Feature","properties":{"village":"Teluk Lanus","district":"Sungai Apit","regency":"Siak","baseline":"2016","current":"2025","confidence":"rendah","resolutionM":10,"uncertaintyM":14.1,"change":"erosion"},"geometry":{"type":"Polygon","coordinates":[[[102.79600899151626,0.7324671046529951],[102.79600903569842,0.7323766990438617],[102.79609884353575,0.7323767435164513],[102.79609879935538,0.7324671491310748],[102.79600899151626,0.7324671046529951]]]}},{"type":"Feature","properties":{"village":"Teluk Lanus","district":"Sungai Apit","regency":"Siak","baseline":"2016","current":"2025","confidence":"rendah","resolutionM":10,"uncertaintyM":14.1,"change":"erosion"},"geometry":{"type":"Polygon","coordinates":[[[102.79636822290546,0.7324672825544618],[102.79636826708042,0.7323768769233683],[102.79645807493957,0.7323769213887236],[102.79645803076639,0.7324673270253063],[102.79636822290546,0.7324672825544618]]]}},{"type":"Feature","properties":{"village":"Teluk Lanus","district":"Sungai Apit","regency":"Siak","baseline":"2016","current":"2025","confidence":"rendah","resolutionM":10,"uncertaintyM":14.1,"change":"erosion"},"geometry":{"type":"Polygon","coordinates":[[[102.79654783863278,0.7324673714943418],[102.79654788280415,0.73237696585227],[102.79663769067419,0.7323770103140078],[102.79663764650462,0.7324674159615688],[102.79654783863278,0.7324673714943418]]]}},{"type":"Feature","properties":{"village":"Teluk Lanus","district":"Sungai Apit","regency":"Siak","baseline":"2016","current":"2025","confidence":"rendah","resolutionM":10,"uncertaintyM":14.1,"change":"erosion"},"geometry":{"type":"Polygon","coordinates":[[[102.7956498044037,0.7323765211354171],[102.79564984858757,0.7322861155482081],[102.79573965640128,0.7322861600225409],[102.7957396122192,0.7323765656152411],[102.7956498044037,0.7323765211354171]]]}},{"type":"Feature","properties":{"village":"Teluk Lanus","district":"Sungai Apit","regency":"Siak","baseline":"2016","current":"2025","confidence":"rendah","resolutionM":10,"uncertaintyM":14.1,"change":"erosion"},"geometry":{"type":"Polygon","coordinates":[[[102.79430277624228,0.7321950427113545],[102.79430282044218,0.7321046372064623],[102.79448243590414,0.7321047261855936],[102.79448239170782,0.7321951317014749],[102.79430277624228,0.7321950427113545]]]}},{"type":"Feature","properties":{"village":"Teluk Lanus","district":"Sungai Apit","regency":"Siak","baseline":"2016","current":"2025","confidence":"rendah","resolutionM":10,"uncertaintyM":14.1,"change":"erosion"},"geometry":{"type":"Polygon","coordinates":[[[102.79421301271941,0.7321045927141847],[102.79421305691565,0.7320141872147481],[102.79430286463665,0.732014231701531],[102.79430282044218,0.7321046372064623],[102.79421301271941,0.7321045927141847]]]}},{"type":"Feature","properties":{"village":"Teluk Lanus","district":"Sungai Apit","regency":"Siak","baseline":"2016","current":"2025","confidence":"rendah","resolutionM":10,"uncertaintyM":14.1,"change":"erosion"},"geometry":{"type":"Polygon","coordinates":[[[102.79250671125436,0.7320133416224099],[102.79250675547928,0.7319229362273774],[102.7925965630947,0.7319229807430075],[102.79259651887159,0.7320133861435392],[102.79250671125436,0.7320133416224099]]]}},{"type":"Feature","properties":{"village":"Teluk Lanus","district":"Sungai Apit","regency":"Siak","baseline":"2016","current":"2025","confidence":"rendah","resolutionM":10,"uncertaintyM":14.1,"change":"erosion"},"geometry":{"type":"Polygon","coordinates":[[[102.79394363378545,0.7320140537435535],[102.79394367798163,0.7319236482605631],[102.79412329339272,0.7319237372321764],[102.79412324920013,0.7320141427261576],[102.79394363378545,0.7320140537435535]]]}},{"type":"Feature","properties":{"village":"Teluk Lanus","district":"Sungai Apit","regency":"Siak","baseline":"2016","current":"2025","confidence":"rendah","resolutionM":10,"uncertaintyM":14.1,"change":"erosion"},"geometry":{"type":"Polygon","coordinates":[[[102.79223733266579,0.7319228026696416],[102.79223737689061,0.7318323972910685],[102.79232718448786,0.7318324418066215],[102.79232714026482,0.7319228471906943],[102.79223733266579,0.7319228026696416]]]}},{"type":"Feature","properties":{"village":"Teluk Lanus","district":"Sungai Apit","regency":"Siak","baseline":"2016","current":"2025","confidence":"rendah","resolutionM":10,"uncertaintyM":14.1,"change":"erosion"},"geometry":{"type":"Polygon","coordinates":[[[102.78972281065685,0.7317407448973089],[102.78972285492101,0.7316503396727396],[102.78981266236158,0.7316503842278839],[102.78981261809922,0.731740789457959],[102.78972281065685,0.7317407448973089]]]}},{"type":"Feature","properties":{"village":"Teluk Lanus","district":"Sungai Apit","regency":"Siak","baseline":"2016","current":"2025","confidence":"rendah","resolutionM":10,"uncertaintyM":14.1,"change":"accretion"},"geometry":{"type":"Polygon","coordinates":[[[102.6762878707378,0.7557289137330372],[102.67628791879825,0.7556385156513851],[102.67619811796445,0.7556384672732437],[102.67619816602101,0.7555480691973392],[102.67628796685298,0.7555481175696923],[102.67628801490193,0.7554577194879586],[102.67646761657937,0.7554578162154933],[102.67646756853412,0.7555482143088028],[102.67655736938332,0.7555482626755603],[102.67655732133417,0.7556386607746163],[102.67646752048311,0.7556386124020713],[102.67646747242637,0.7557290104952992],[102.6762878707378,0.7557289137330372]]]}},{"type":"Feature","properties":{"village":"Teluk Lanus","district":"Sungai Apit","regency":"Siak","baseline":"2016","current":"2025","confidence":"rendah","resolutionM":10,"uncertaintyM":14.1,"change":"accretion"},"geometry":{"type":"Polygon","coordinates":[[[102.67808393668169,0.755639482822465],[102.67808398469934,0.7555490846250552],[102.67799418375242,0.7555490362900068],[102.67799423176618,0.7554586380983402],[102.67808403271125,0.7554586864276048],[102.67808408071741,0.7553682882301133],[102.67817388166638,0.7553683365517295],[102.67817392966494,0.7552779383484138],[102.67844333254075,0.755278083284724],[102.67844328454774,0.7553684815053892],[102.6785330855197,0.7553685298195459],[102.6785330375228,0.7554589280459527],[102.678443236549,0.7554588797260131],[102.6784431885445,0.7555492779465963],[102.67817378565202,0.7555491329582383],[102.67817373763621,0.7556395311614316],[102.67808393668169,0.755639482822465]]]}},{"type":"Feature","properties":{"village":"Teluk Lanus","district":"Sungai Apit","regency":"Siak","baseline":"2016","current":"2025","confidence":"rendah","resolutionM":10,"uncertaintyM":14.1,"change":"accretion"},"geometry":{"type":"Polygon","coordinates":[[[102.68814196603097,0.7551024921275772],[102.68814201380675,0.7550120932835581],[102.68805221222873,0.7550120451919733],[102.68805226000063,0.7549216463536718],[102.6881420615768,0.7549216944394981],[102.68814210934114,0.7548312955953974],[102.68823191092119,0.7548313436736013],[102.68823186315872,0.7549217425234603],[102.68832166474633,0.7549217906055591],[102.68832161697998,0.7550121894611359],[102.6882318153905,0.755012141373279],[102.68823176761657,0.7551025402230566],[102.68814196603097,0.7551024921275772]]]}},{"type":"Feature","properties":{"village":"Teluk Lanus","district":"Sungai Apit","regency":"Siak","baseline":"2016","current":"2025","confidence":"rendah","resolutionM":10,"uncertaintyM":14.1,"change":"accretion"},"geometry":{"type":"Polygon","coordinates":[[[102.68535811971626,0.7551010002430781],[102.68535816754945,0.7550106015776833],[102.68526836614889,0.7550105534283154],[102.6852684139782,0.7549201547686453],[102.6853582153769,0.7549202029122474],[102.68535826319862,0.7548298042467712],[102.6854480646012,0.7548298523827438],[102.68544801678134,0.7549202510539856],[102.68562761960737,0.7549203473318713],[102.68562766742355,0.7548299486490991],[102.6857174688433,0.7548299967794816],[102.68571751665189,0.7547395980909042],[102.6858971195049,0.7547396943345493],[102.6858970717,0.7548300930346558],[102.686166476028,0.754830237403441],[102.68616642822295,0.7549206361207978],[102.68634603114063,0.7549207323688637],[102.686346078942,0.7548303336399799],[102.68652568187886,0.7548304298690651],[102.6865256340812,0.7549208286094744],[102.68661543556009,0.7549208767269843],[102.68661538775855,0.7550112754731158],[102.68652558627782,0.7550112273498434],[102.68652553846871,0.7551016260901713],[102.68634593552072,0.7551015298265092],[102.68634598333354,0.7550111310977068],[102.68616638041216,0.7550110348381146],[102.68616633259565,0.7551014335553901],[102.68598672969347,0.7551013372768145],[102.68598677751369,0.7550109385710665],[102.68589697607304,0.7550108904347465],[102.68589692825097,0.7551012891347304],[102.68562752395783,0.755101144697293],[102.68562757178546,0.7550107460146026],[102.68544796895573,0.755010649725187],[102.68544792112439,0.7551010483963472],[102.68535811971626,0.7551010002430781]]]}},{"type":"Feature","properties":{"village":"Teluk Lanus","district":"Sungai Apit","regency":"Siak","baseline":"2016","current":"2025","confidence":"rendah","resolutionM":10,"uncertaintyM":14.1,"change":"accretion"},"geometry":{"type":"Polygon","coordinates":[[[102.69020740394696,0.7551035978519605],[102.69020745168015,0.7550131988755523],[102.68886042663695,0.7550124779491341],[102.6888604743922,0.754922079059012],[102.68868087115402,0.754921982915316],[102.68868082339507,0.7550123817939239],[102.68859102178271,0.7550123337135228],[102.68859106954352,0.7549219348406726],[102.68850126793873,0.754921886764165],[102.68850131569566,0.7548314878970316],[102.6885911172986,0.7548315359677816],[102.68859116504797,0.7547411370948497],[102.68868096665476,0.7547411851579788],[102.68868091890725,0.7548315840366677],[102.68886052214172,0.7548316801688496],[102.68886056988552,0.7547412812786465],[102.68993818975052,0.7547418578461351],[102.6899382374664,0.7546514588868255],[102.69011784085357,0.7546515549438126],[102.6901177931414,0.7547419539146304],[102.69047699999177,0.7547421460292609],[102.69047704769655,0.75465174703543],[102.69092605637884,0.754651987108032],[102.69092600868332,0.7547423861306242],[102.69128521573943,0.754742578178175],[102.6912851680456,0.7548329772237312],[102.69137496982577,0.7548330252367115],[102.69137492212808,0.7549234242879772],[102.69128512034608,0.7549233762692464],[102.69128507264082,0.7550137753147214],[102.6908360638072,0.7550135351643541],[102.69083601608696,0.7551039341810311],[102.69065641258982,0.755103838096332],[102.69065646031373,0.7550134390911593],[102.69038705511645,0.7550132949673869],[102.69038700738696,0.7551036939553016],[102.69020740394696,0.7551035978519605]]]}},{"type":"Feature","properties":{"village":"Teluk Lanus","district":"Sungai Apit","regency":"Siak","baseline":"2016","current":"2025","confidence":"rendah","resolutionM":10,"uncertaintyM":14.1,"change":"accretion"},"geometry":{"type":"Polygon","coordinates":[[[102.69236283745624,0.7547431541419486],[102.69236288512214,0.7546527550273578],[102.69227308328284,0.7546527070463734],[102.69227313094488,0.7545623079374904],[102.69236293278233,0.7545623559127267],[102.69236298043681,0.7544719567980549],[102.69254258412514,0.7544720527314431],[102.69254253647436,0.7545624518576107],[102.69263233832895,0.7545624998272585],[102.6926322906743,0.754652898959133],[102.69254248881786,0.7546528509837378],[102.69254244115567,0.7547432501098241],[102.69236283745624,0.7547431541419486]]]}},{"type":"Feature","properties":{"village":"Teluk Lanus","district":"Sungai Apit","regency":"Siak","baseline":"2016","current":"2025","confidence":"rendah","resolutionM":10,"uncertaintyM":14.1,"change":"accretion"},"geometry":{"type":"Polygon","coordinates":[[[102.66102287439284,0.7537319255775987],[102.661022922641,0.7536415284822471],[102.66093312282878,0.7536414799151615],[102.660933171073,0.7535510828255951],[102.66102297088337,0.7535511313868545],[102.66102301911995,0.753460734291421],[102.66120261875436,0.7534608313967073],[102.66120257052148,0.7535512285037924],[102.66129237034922,0.753551277059471],[102.66129232211239,0.7536416741723408],[102.6612025222828,0.7536416256108367],[102.66120247403835,0.7537320227178401],[102.66102287439284,0.7537319255775987]]]}},{"type":"Feature","properties":{"village":"Teluk Lanus","district":"Sungai Apit","regency":"Siak","baseline":"2016","current":"2025","confidence":"rendah","resolutionM":10,"uncertaintyM":14.1,"change":"accretion"},"geometry":{"type":"Polygon","coordinates":[[[102.66066372342685,0.7536413342027425],[102.66066377167661,0.7535509371306557],[102.66021477279841,0.7535506942685523],[102.66021482105162,0.753460297225562],[102.65985562206069,0.7534601029257095],[102.65985567031551,0.7533697059059924],[102.6597658705841,0.7533696573322083],[102.65976591883498,0.7532792603182794],[102.65985571856453,0.7532793088862346],[102.65985576680775,0.7531889118664361],[102.66021496577652,0.7531891060963471],[102.66021491754069,0.7532795031394596],[102.66057411660948,0.7532796973629318],[102.66057406837524,0.7533700944293137],[102.66075366794807,0.7533701915415464],[102.66075361971174,0.7534605886195413],[102.6608434195087,0.7534606371786946],[102.66084337126841,0.7535510342624754],[102.66075357146961,0.7535509856974956],[102.6607535232217,0.7536413827754094],[102.66066372342685,0.7536413342027425]]]}},{"type":"Feature","properties":{"village":"Teluk Lanus","district":"Sungai Apit","regency":"Siak","baseline":"2016","current":"2025","confidence":"rendah","resolutionM":10,"uncertaintyM":14.1,"change":"accretion"},"geometry":{"type":"Polygon","coordinates":[[[102.65940667171638,0.7533694630184741],[102.65940671997465,0.7532790660278635],[102.65913732089022,0.7532789202905265],[102.65913736914823,0.7531885233173663],[102.6587781704575,0.753188328998208],[102.6587782187171,0.7530979320483316],[102.65868841906075,0.7530978834697253],[102.6586884673164,0.7530074865256402],[102.6587782669709,0.7530075350984147],[102.65877831521891,0.7529171381484568],[102.65904771421165,0.7529172838381333],[102.65904766596918,0.753007680805585],[102.65940686471465,0.7530078750557877],[102.65940681647379,0.7530982720465202],[102.65967621559926,0.7530984177321433],[102.65967616735811,0.7531888147403244],[102.65976596708005,0.7531888633043099],[102.65976591883498,0.7532792603182794],[102.65967611911121,0.7532792117484648],[102.6596760708585,0.7533696087565643],[102.65940667171638,0.7533694630184741]]]}},{"type":"Feature","properties":{"village":"Teluk Lanus","district":"Sungai Apit","regency":"Siak","baseline":"2016","current":"2025","confidence":"rendah","resolutionM":10,"uncertaintyM":14.1,"change":"accretion"},"geometry":{"type":"Polygon","coordinates":[[[102.65788027068663,0.7530070492870208],[102.6578803189531,0.75291665239539],[102.65752112060906,0.7529164580421215],[102.65752116887712,0.752826061173787],[102.65743136930746,0.7528260125866582],[102.65743141757157,0.7527356157241182],[102.65752121713939,0.7527356643054121],[102.65752126539587,0.7526452674369963],[102.65779066412858,0.7526454131522262],[102.65779061587764,0.7527358100381453],[102.65806001466808,0.7527359557541548],[102.6580599664169,0.7528263526575337],[102.65814976602714,0.7528264012316539],[102.65814971777199,0.7529167981408259],[102.6580599181599,0.7529167495608725],[102.65805986989712,0.7530071464641706],[102.65788027068663,0.7530070492870208]]]}},{"type":"Feature","properties":{"village":"Teluk Lanus","district":"Sungai Apit","regency":"Siak","baseline":"2016","current":"2025","confidence":"rendah","resolutionM":10,"uncertaintyM":14.1,"change":"accretion"},"geometry":{"type":"Polygon","coordinates":[[[102.65644362270817,0.7527350812072425],[102.65644367098677,0.7526446844088593],[102.65635387149038,0.7526446358111045],[102.65635391976505,0.7525542390185183],[102.6564437192596,0.7525542876104353],[102.65644376752662,0.7524638908119707],[102.65671316603954,0.7524640365590651],[102.65671311777805,0.7525544333750411],[102.6568029172958,0.7525544819595275],[102.65680286903036,0.752644878781299],[102.65671306951077,0.7526448301909763],[102.65671302123769,0.7527352270068706],[102.65644362270817,0.7527350812072425]]]}},{"type":"Feature","properties":{"village":"Teluk Lanus","district":"Sungai Apit","regency":"Siak","baseline":"2016","current":"2025","confidence":"rendah","resolutionM":10,"uncertaintyM":14.1,"change":"accretion"},"geometry":{"type":"Polygon","coordinates":[[[102.65590487409541,0.752644392794461],[102.6559049223793,0.7525539960310655],[102.65581512291955,0.7525539474280019],[102.65581521947364,0.7523731539127665],[102.65590501892969,0.7523732025041526],[102.65590506719619,0.7522828057406348],[102.656084666122,0.7522829029061582],[102.65608461785921,0.7523732996813527],[102.65617441733266,0.7523733482671672],[102.65617436906591,0.7524637450481589],[102.65626416854701,0.7524637936379537],[102.6562641202763,0.7525541904247433],[102.65617432079335,0.7525541418291105],[102.65617427251499,0.7526445386100211],[102.65590487409541,0.752644392794461]]]}},{"type":"Feature","properties":{"village":"Teluk Lanus","district":"Sungai Apit","regency":"Siak","baseline":"2016","current":"2025","confidence":"rendah","resolutionM":10,"uncertaintyM":14.1,"change":"accretion"},"geometry":{"type":"Polygon","coordinates":[[[102.64952951390796,0.751917766157989],[102.64952956227637,0.7518273698093801],[102.64890096917074,0.75182702895354],[102.64890101754622,0.7517366326458782],[102.64881121855625,0.7517365839506194],[102.64881126692775,0.7516461876487732],[102.64890106591588,0.7516462363381757],[102.64890111427972,0.7515558400304324],[102.64961950637947,0.7515562294320144],[102.64961945803037,0.7516466257865997],[102.64970925707085,0.7516466744593032],[102.6497092087178,0.7517370708197021],[102.64979900776594,0.7517371194964039],[102.6497989594089,0.751827515862616],[102.6497091603589,0.75182746718006],[102.6497091119942,0.7519178635403774],[102.64952951390796,0.751917766157989]]]}},{"type":"Feature","properties":{"village":"Teluk Lanus","district":"Sungai Apit","regency":"Siak","baseline":"2016","current":"2025","confidence":"rendah","resolutionM":10,"uncertaintyM":14.1,"change":"accretion"},"geometry":{"type":"Polygon","coordinates":[[[102.64755403330767,0.7517359020221502],[102.64755408170498,0.7516455058023149],[102.64746428280417,0.7516454570850806],[102.6474643311975,0.751555060871064],[102.64755413009648,0.7515551095824387],[102.64755417848214,0.7514647133625217],[102.64764397738512,0.751464762066182],[102.6476440741353,0.7512839696145076],[102.6477338730404,0.7512840183045945],[102.64773392140492,0.751193622072837],[102.647823720314,0.7511936707552103],[102.64782367195131,0.7512840669928267],[102.64791347086806,0.7512841156792045],[102.6479134225014,0.7513745119226387],[102.64782362358281,0.7513744632304022],[102.64782352682836,0.7515552557054316],[102.64791332575064,0.7515553044093853],[102.64791327736651,0.7516457006526975],[102.6478234784424,0.7516456519428851],[102.64782343005062,0.751736048180298],[102.64755403330767,0.7517359020221502]]]}},{"type":"Feature","properties":{"village":"Teluk Lanus","district":"Sungai Apit","regency":"Siak","baseline":"2016","current":"2025","confidence":"rendah","resolutionM":10,"uncertaintyM":14.1,"change":"accretion"},"geometry":{"type":"Polygon","coordinates":[[[102.63660011478775,0.7489276834864297],[102.63660016322864,0.7488372879818522],[102.63642056697073,0.7488371904577982],[102.63642061540942,0.748746794964954],[102.63633081729108,0.7487467462060415],[102.6363309141546,0.748565955232006],[102.63615131794282,0.748565857732187],[102.63615126951031,0.7486562532074496],[102.63606147141134,0.7486562044488805],[102.6360615198457,0.7485658089795058],[102.63597172175442,0.7485657602249766],[102.63597181860924,0.7483849692978812],[102.63588202052748,0.7483849205532814],[102.63588206894794,0.7482945250955614],[102.63579227087388,0.7482944763550026],[102.63579236770092,0.7481136854512183],[102.63588216577132,0.7481137341799997],[102.6358822625713,0.7479329432642761],[102.63579246450456,0.7479328945472717],[102.63579275477507,0.7473905218344599],[102.6357029567252,0.7473904731509421],[102.63570310178696,0.7471192868116562],[102.63561330374843,0.7471192381439606],[102.63561344876302,0.7468480518219774],[102.63552365073585,0.7468480031701057],[102.63552379570328,0.7465768168654264],[102.63543399768744,0.7465767682293791],[102.63543428747529,0.7460343956542654],[102.63534448947628,0.7460343470517139],[102.6353447308144,0.7455823699341229],[102.63543452880425,0.7455824185072258],[102.6354345770525,0.7454920230776967],[102.63552437504636,0.74549207164307],[102.63552432679995,0.7455824670784884],[102.63561412480153,0.7455825156479106],[102.63561383521117,0.7461248882949096],[102.63570363322955,0.7461249368978254],[102.6357033917525,0.7465769141319917],[102.6357931897859,0.7465769627625098],[102.63579309315779,0.746757753667671],[102.63588289120068,0.7467578023081237],[102.63588269788156,0.7471193841415145],[102.63597249593765,0.7471194328036773],[102.63597239924665,0.7473002237319069],[102.63606219731224,0.7473002724040017],[102.6360621006015,0.7474810633438457],[102.63615189867662,0.7474811120258719],[102.63615165680658,0.747933089404212],[102.63624145489669,0.7479331381138317],[102.63624130970997,0.7482043245580128],[102.63633110781146,0.7482043732834486],[102.63633105940602,0.7482947687706487],[102.63642085751518,0.748294817500125],[102.63642080910573,0.7483852129931717],[102.63651060722258,0.7483852617266878],[102.6365105588091,0.7484756572255812],[102.63660035693364,0.748475705963137],[102.63660030851617,0.7485661014678765],[102.63669010664837,0.7485661502094711],[102.63669000979954,0.7487469412306019],[102.63677980794128,0.7487469899821213],[102.63677975950992,0.7488373854985125],[102.63668996136636,0.7488373367411066],[102.63668991292731,0.7489277322515705],[102.63660011478775,0.7489276834864297]]]}},{"type":"Feature","properties":{"village":"Teluk Lanus","district":"Sungai Apit","regency":"Siak","baseline":"2016","current":"2025","confidence":"rendah","resolutionM":10,"uncertaintyM":14.1,"change":"accretion"},"geometry":{"type":"Polygon","coordinates":[[[102.62088878468612,0.7428626914719781],[102.62088883305387,0.7427722969982811],[102.62079903607146,0.7427722483107405],[102.62079908443516,0.7426818538429294],[102.62088888141574,0.7426819025245441],[102.62088892977172,0.7425915080507666],[102.6211583207433,0.7425916540668355],[102.62115827239278,0.7426820485583892],[102.62124806939691,0.742682097232671],[102.62124802104232,0.7427724917301095],[102.62115822403638,0.7427724430499023],[102.62115817567408,0.7428628375413756],[102.62088878468612,0.7428626914719781]]]}},{"type":"Feature","properties":{"village":"Teluk Lanus","district":"Sungai Apit","regency":"Siak","baseline":"2016","current":"2025","confidence":"rendah","resolutionM":10,"uncertaintyM":14.1,"change":"accretion"},"geometry":{"type":"Polygon","coordinates":[[[102.62043984820076,0.7427720535422445],[102.62043989657175,0.7426816590981389],[102.62026030267536,0.7426815617147446],[102.6202603510441,0.7425911672824528],[102.62017055410655,0.7425911185939332],[102.62017060247123,0.7425007241675285],[102.62026039940693,0.7425007728501207],[102.6202604477639,0.7424103784177485],[102.62044004164933,0.7424104757655803],[102.62043999329603,0.7425008702098067],[102.62070938417384,0.7425010162355903],[102.6207093358201,0.7425914106975559],[102.62079913279297,0.7425914593750778],[102.62079908443516,0.7426818538429294],[102.62070928746047,0.7426818051594815],[102.62070923909496,0.7427721996213665],[102.62043984820076,0.7427720535422445]]]}},{"type":"Feature","properties":{"village":"Teluk Lanus","district":"Sungai Apit","regency":"Siak","baseline":"2016","current":"2025","confidence":"rendah","resolutionM":10,"uncertaintyM":14.1,"change":"accretion"},"geometry":{"type":"Polygon","coordinates":[[[102.6193623819338,0.7425906803147754],[102.61936243031485,0.7425002859417273],[102.61927263343803,0.7425002372408082],[102.619272681815,0.7424098428736498],[102.61936247869001,0.7424098915686395],[102.61936252705927,0.7423194971955108],[102.61945232393833,0.7423195458827386],[102.6194522755709,0.7424099402617964],[102.61954207245765,0.7424099889531213],[102.61954202408613,0.7425003833380678],[102.61945222719754,0.742500334640814],[102.61945217881832,0.7425907290197913],[102.6193623819338,0.7425906803147754]]]}},{"type":"Feature","properties":{"village":"Teluk Lanus","district":"Sungai Apit","regency":"Siak","baseline":"2016","current":"2025","confidence":"rendah","resolutionM":10,"uncertaintyM":14.1,"change":"accretion"},"geometry":{"type":"Polygon","coordinates":[[[102.63534487554702,0.7453111836630834],[102.63534492377954,0.7452207882393229],[102.63525512580284,0.7452207396879392],[102.63525522225395,0.7450399488520768],[102.63534502022699,0.7450399973916808],[102.63534511665105,0.7448592065438772],[102.6354349146263,0.7448592550698624],[102.63543496282772,0.7447688596400105],[102.6353451648543,0.7447688111199149],[102.63534535760877,0.7444072294236621],[102.6354351555749,0.744407277920199],[102.63543539637719,0.7439553007695271],[102.63552519434003,0.7439553492347791],[102.63552533874574,0.7436841629262241],[102.63561513670895,0.7436842113719718],[102.63561528105652,0.7434130250453863],[102.63570507902011,0.7434130734716311],[102.63570555978009,0.7425091189881722],[102.6356157618347,0.7425090706208178],[102.63561585792014,0.7423282797354213],[102.63552605998424,0.7423282313780123],[102.6355261560499,0.7421474405042334],[102.63543635812351,0.7421473921567708],[102.63543640614937,0.7420569967257108],[102.63552620407397,0.7420570450672835],[102.63552625209216,0.7419666496302938],[102.63561605002077,0.7419666979641457],[102.6356160020044,0.7420570934070246],[102.63570579994068,0.7420571417449345],[102.63570575192026,0.7421475371936623],[102.63579554986421,0.742147585535629],[102.63579550183977,0.7422379809902054],[102.6358852997914,0.7422380293362287],[102.63588520372859,0.7424188202570384],[102.6359750016897,0.7424188686130064],[102.63597485755707,0.7426900550115846],[102.63606465552951,0.7426901033833843],[102.63606436711724,0.7432324762147826],[102.6359745691339,0.7432324278076544],[102.6359744248433,0.743503614205146],[102.63588462686033,0.7435035657785178],[102.6358844343837,0.7438651476177223],[102.63579463639927,0.7438650991657048],[102.6357945401222,0.7440458900732881],[102.63570474213998,0.7440458416076565],[102.63570459767503,0.7443170279510629],[102.63561479969319,0.7443169794659278],[102.6356145587921,0.7447689566746867],[102.63552476080699,0.7447689081582678],[102.63552471260739,0.7448593035940093],[102.63561451059432,0.7448593521163175],[102.6356144623907,0.7449497475579079],[102.63552466440193,0.7449496990297105],[102.63552451975049,0.7452208853365718],[102.6354347217621,0.7452208367888671],[102.6354346735314,0.7453112322185175],[102.63534487554702,0.7453111836630834]]]}},{"type":"Feature","properties":{"village":"Teluk Lanus","district":"Sungai Apit","regency":"Siak","baseline":"2016","current":"2025","confidence":"rendah","resolutionM":10,"uncertaintyM":14.1,"change":"accretion"},"geometry":{"type":"Polygon","coordinates":[[[102.6146035431452,0.7418649438571211],[102.61460359157552,0.7417745497983299],[102.61451379502583,0.7417745010478092],[102.61451384345206,0.741684106994919],[102.61460363999994,0.7416841557394982],[102.61460368841846,0.7415937616806265],[102.6146934849704,0.7415938104174339],[102.61469343655371,0.741684204482247],[102.6147832331134,0.7416842532231649],[102.61478318469261,0.7417746472938787],[102.61469338813112,0.7417745985470198],[102.61469333970261,0.7418649926117522],[102.6146035431452,0.7418649438571211]]]}},{"type":"Feature","properties":{"village":"Teluk Lanus","district":"Sungai Apit","regency":"Siak","baseline":"2016","current":"2025","confidence":"rendah","resolutionM":10,"uncertaintyM":14.1,"change":"accretion"},"geometry":{"type":"Polygon","coordinates":[[[102.61343633378023,0.7415931279355595],[102.61343638221646,0.7415027339539038],[102.613346585749,0.7415026851974144],[102.61334663418116,0.7414122912216631],[102.61343643064681,0.741412339972208],[102.61343647907125,0.7413219459904721],[102.61361607201665,0.7413220434741838],[102.61361602359585,0.7414124374678079],[102.61370582007923,0.7414124862128629],[102.61370577165434,0.7415028802123902],[102.61361597516914,0.7415028314613917],[102.61361592673653,0.7415932254549353],[102.61343633378023,0.7415931279355595]]]}},{"type":"Feature","properties":{"village":"Teluk Lanus","district":"Sungai Apit","regency":"Siak","baseline":"2016","current":"2025","confidence":"rendah","resolutionM":10,"uncertaintyM":14.1,"change":"accretion"},"geometry":{"type":"Polygon","coordinates":[[[102.6127180590869,0.7414119499166085],[102.6127181075259,0.7413215559824337],[102.6126283111093,0.7413215072231948],[102.61262835954419,0.7412311132949259],[102.61271815595897,0.7412311620482186],[102.61271820438614,0.7411407681139633],[102.61280800080499,0.7411408168594805],[102.61280795237964,0.7412312107996817],[102.61289774880623,0.7412312595493151],[102.61289770037679,0.7413216534954218],[102.6128079039484,0.7413216047398425],[102.61280785551124,0.7414119986799633],[102.6127180590869,0.7414119499166085]]]}},{"type":"Feature","properties":{"village":"Teluk Lanus","district":"Sungai Apit","regency":"Siak","baseline":"2016","current":"2025","confidence":"rendah","resolutionM":10,"uncertaintyM":14.1,"change":"accretion"},"geometry":{"type":"Polygon","coordinates":[[[102.61182024052249,0.7411402805581787],[102.61182028896192,0.7410498866833549],[102.61173049260987,0.7410498379236635],[102.6117305410452,0.7409594440547479],[102.61182033739543,0.7409594928084909],[102.61182038582304,0.7408690989335864],[102.61191018217737,0.7408691476795524],[102.61191013375158,0.7409595415604049],[102.61199993011363,0.7409595903104902],[102.61199988168373,0.7410499841972501],[102.61191008531986,0.741049935441217],[102.61191003688226,0.741140329321989],[102.61182024052249,0.7411402805581787]]]}},{"type":"Feature","properties":{"village":"Teluk Lanus","district":"Sungai Apit","regency":"Siak","baseline":"2016","current":"2025","confidence":"rendah","resolutionM":10,"uncertaintyM":14.1,"change":"accretion"},"geometry":{"type":"Polygon","coordinates":[[[102.61038379029233,0.7405971374100841],[102.61038383872535,0.7405067436302197],[102.61020424623814,0.7405066461219021],[102.61020429466889,0.7404162523539017],[102.60993490598788,0.7404161060955745],[102.60993495441815,0.740325712345392],[102.60966556579584,0.740325566088477],[102.60966561422563,0.7402351723561142],[102.60930642948594,0.7402349773451282],[102.60930647791709,0.7401445836365416],[102.60885749713465,0.7401443398614753],[102.60885754556895,0.7400539461826238],[102.60849836105679,0.7400537511535119],[102.60849840949243,0.7399633574984447],[102.60822902117587,0.7399632112253018],[102.60822906961106,0.739872817588065],[102.60813927351919,0.7398727688326553],[102.60813932195025,0.7397823752013355],[102.60804952586612,0.7397823264500571],[102.60804957429308,0.7396919328246546],[102.60813937037538,0.7396919815699757],[102.60813941879461,0.7396015879385758],[102.6085883992859,0.73960183160801],[102.60858835087576,0.7396922252691942],[102.60876794311734,0.7396923227361016],[102.60876789470488,0.7397827164091577],[102.60894748697376,0.7397828138806735],[102.60894743855901,0.739873207565601],[102.60939641934381,0.7398734512422102],[102.60939637093223,0.7399638449568716],[102.60984535187399,0.7399640886175951],[102.6098454002765,0.7398736948731649],[102.61020458512913,0.7398738897450575],[102.61020453673386,0.7399642835132985],[102.61029433296363,0.7399643322326583],[102.61029428456428,0.7400547260068113],[102.61038408080175,0.7400547747302968],[102.61038398398892,0.7402355622903867],[102.61047378023595,0.7402356110239487],[102.6104737318225,0.7403260048098851],[102.61056352807724,0.7403260535475717],[102.61056347965969,0.7404164473394194],[102.61065327592216,0.7404164960812297],[102.6106532275005,0.7405068898789887],[102.61056343123622,0.7405068411312268],[102.61056338280682,0.7405972349229942],[102.61038379029233,0.7405971374100841]]]}},{"type":"Feature","properties":{"village":"Teluk Lanus","district":"Sungai Apit","regency":"Siak","baseline":"2016","current":"2025","confidence":"rendah","resolutionM":10,"uncertaintyM":14.1,"change":"accretion"},"geometry":{"type":"Polygon","coordinates":[[[102.60778013764924,0.7397821801852661],[102.60778018608164,0.7396917865777377],[102.60769039002301,0.739691737825114],[102.6076904384513,0.7396013442235039],[102.60778023450811,0.739601392970169],[102.60778028292867,0.7395109993625606],[102.60787007898962,0.7395110481014423],[102.60787003057087,0.7396014417150091],[102.60795982663953,0.7396014904580234],[102.60795977821668,0.7396918840775081],[102.6078699821462,0.7396918353285357],[102.60786993371562,0.7397822289420223],[102.60778013764924,0.7397821801852661]]]}},{"type":"Feature","properties":{"village":"Teluk Lanus","district":"Sungai Apit","regency":"Siak","baseline":"2016","current":"2025","confidence":"rendah","resolutionM":10,"uncertaintyM":14.1,"change":"accretion"},"geometry":{"type":"Polygon","coordinates":[[[102.84540056040983,0.7399047991563126],[102.84540060404098,0.7398143905644359],[102.84531079309424,0.7398143466447064],[102.84531083672188,0.739723938058158],[102.8454006476668,0.73972398197252],[102.8454006912873,0.7396335733805643],[102.84549050223575,0.7396336172877318],[102.84549045861706,0.7397240258850548],[102.84558026957265,0.7397240697957628],[102.84558022595047,0.7398144783984136],[102.84549041499305,0.7398144344823385],[102.84549037136371,0.7399048430795826],[102.84540056040983,0.7399047991563126]]]}},{"type":"Feature","properties":{"village":"Teluk Lanus","district":"Sungai Apit","regency":"Siak","baseline":"2016","current":"2025","confidence":"rendah","resolutionM":10,"uncertaintyM":14.1,"change":"accretion"},"geometry":{"type":"Polygon","coordinates":[[[102.84387377500984,0.7399040521811224],[102.84387381867187,0.7398136436805282],[102.84378400781583,0.7398135997297356],[102.84378405147432,0.7397231912344734],[102.84387386232855,0.7397232351798944],[102.84387390597989,0.739632826679221],[102.84405352770074,0.7396329145538396],[102.84405348405302,0.7397233230652555],[102.84423310579884,0.7397234109433084],[102.84423314944291,0.7396330024211512],[102.84441277120645,0.7396330902811553],[102.84441281484156,0.7395426817482177],[102.84477205842539,0.7395428574248263],[102.84477201479753,0.7396332659792427],[102.84486182570863,0.7396333098991975],[102.84486178207725,0.7397237184589432],[102.84495159299551,0.7397237623824402],[102.8449515493606,0.7398141709475151],[102.84486173844054,0.7398141270186493],[102.8448616947985,0.7399045355783158],[102.84423301849466,0.7399042279875043],[102.84423306214941,0.7398138194654262],[102.84405344039996,0.7398137315766317],[102.84405339674157,0.7399041400879682],[102.84387377500984,0.7399040521811224]]]}},{"type":"Feature","properties":{"village":"Teluk Lanus","district":"Sungai Apit","regency":"Siak","baseline":"2016","current":"2025","confidence":"rendah","resolutionM":10,"uncertaintyM":14.1,"change":"accretion"},"geometry":{"type":"Polygon","coordinates":[[[102.84162854887238,0.7398125443625493],[102.84162859257444,0.7397221359962715],[102.8415387818537,0.7397220920051756],[102.84153882555223,0.7396316836442351],[102.84162863627115,0.7396317276299539],[102.84162867996251,0.7395413192635966],[102.8418981121459,0.739541451193662],[102.84189806845997,0.7396318595761494],[102.84198787920026,0.7396319035545609],[102.8419878355108,0.7397223119423847],[102.8418980247687,0.7397222679585967],[102.8418979810721,0.7398126763410049],[102.84162854887238,0.7398125443625493]]]}},{"type":"Feature","properties":{"village":"Teluk Lanus","district":"Sungai Apit","regency":"Siak","baseline":"2016","current":"2025","confidence":"rendah","resolutionM":10,"uncertaintyM":14.1,"change":"accretion"},"geometry":{"type":"Polygon","coordinates":[[[102.84306547748126,0.7399036565098575],[102.84306552115962,0.7398132480576154],[102.84288589954895,0.7398131601213132],[102.8428859432256,0.7397227516797786],[102.8427961324301,0.7397227077142609],[102.8427961761032,0.7396322992780608],[102.8428859868969,0.7396323432382047],[102.84288603056287,0.739541934796591],[102.84306565216265,0.7395420227006512],[102.84306560850031,0.7396324311530122],[102.84315541931002,0.7396324751076758],[102.84315537564416,0.7397228835653704],[102.84333499728324,0.7397229714799636],[102.84333504094546,0.7396325630115229],[102.84342485177119,0.7396326069607063],[102.84342480811077,0.7397230154345195],[102.84351461894366,0.7397230593872484],[102.84351457527971,0.7398134678663947],[102.84342476444502,0.7398134239082934],[102.84342472077392,0.7399038323820274],[102.84333490994274,0.7399037884167261],[102.84333495361567,0.7398133799483646],[102.84315533197297,0.7398132920230257],[102.84315528829642,0.7399037004806414],[102.84306547748126,0.7399036565098575]]]}},{"type":"Feature","properties":{"village":"Teluk Lanus","district":"Sungai Apit","regency":"Siak","baseline":"2016","current":"2025","confidence":"rendah","resolutionM":10,"uncertaintyM":14.1,"change":"accretion"},"geometry":{"type":"Polygon","coordinates":[[[102.6074210018826,0.7396915915562883],[102.60742105031635,0.7396011979725546],[102.6073312542832,0.7396011492185872],[102.60733130271282,0.739510755640773],[102.60724150668742,0.7395107068909398],[102.60724155511294,0.7394203133190447],[102.60733135113652,0.7394203620629185],[102.6073313995543,0.7393299684850237],[102.607421195582,0.7393300172211134],[102.60742114716605,0.7394204108049672],[102.60760073924284,0.7394205082835894],[102.60760069082457,0.7395109018793214],[102.60769048687366,0.7395109506218536],[102.6076904384513,0.7396013442235039],[102.60760064240039,0.7396012954750131],[102.60760059397029,0.7396916890706644],[102.6074210018826,0.7396915915562883]]]}},{"type":"Feature","properties":{"village":"Teluk Lanus","district":"Sungai Apit","regency":"Siak","baseline":"2016","current":"2025","confidence":"rendah","resolutionM":10,"uncertaintyM":14.1,"change":"accretion"},"geometry":{"type":"Polygon","coordinates":[[[102.84064067494022,0.7397216519937336],[102.84064071865689,0.7396312436865771],[102.84055090799674,0.7396311996807637],[102.8405509517099,0.7395407913789472],[102.84064076236822,0.7395408353793805],[102.8406408060742,0.7394504270721448],[102.84073061673607,0.7394504710653722],[102.8407305730319,0.7395408793779874],[102.84091019437527,0.7395409673697216],[102.84091023807582,0.7394505590463483],[102.84135929151871,0.739450778966828],[102.84135924782723,0.7395411873170925],[102.84144905853366,0.7395412313010872],[102.84144901483866,0.7396316396566898],[102.84135920413041,0.7396315956673177],[102.84135916042825,0.739722004017503],[102.84091010695815,0.7397217840163494],[102.84091015066939,0.7396313756930554],[102.84073052932237,0.7396312876905632],[102.84073048560751,0.7397216960030992],[102.84064067494022,0.7397216519937336]]]}},{"type":"Feature","properties":{"village":"Teluk Lanus","district":"Sungai Apit","regency":"Siak","baseline":"2016","current":"2025","confidence":"rendah","resolutionM":10,"uncertaintyM":14.1,"change":"accretion"},"geometry":{"type":"Polygon","coordinates":[[[102.85536986929763,0.7393672083640972],[102.85536991269544,0.7392767991775506],[102.85528010116897,0.7392767554927047],[102.85528014456328,0.7391863463114614],[102.85536995608794,0.7391863899909643],[102.85536999947513,0.7390959808043386],[102.85545981100329,0.7390960244766731],[102.85545985438335,0.7390056152846656],[102.85599872365285,0.7390058772482847],[102.85599868028365,0.7390962864723442],[102.85608849184895,0.7390963301319002],[102.85608844847627,0.7391867393612616],[102.85599863690916,0.7391866956963644],[102.85599859352935,0.7392771049203453],[102.85590878196572,0.7392770612482809],[102.85590873857879,0.7393674704668807],[102.85536986929763,0.7393672083640972]]]}},{"type":"Feature","properties":{"village":"Teluk Lanus","district":"Sungai Apit","regency":"Siak","baseline":"2016","current":"2025","confidence":"rendah","resolutionM":10,"uncertaintyM":14.1,"change":"accretion"},"geometry":{"type":"Polygon","coordinates":[[[102.59727481640826,0.7383301764935493],[102.59727486495773,0.7382397835840282],[102.5970952742927,0.7382396858412522],[102.59709532283985,0.7381492929436603],[102.59700552751805,0.7381492440755242],[102.59700557606106,0.7380588511838774],[102.59709537138104,0.7380589000460284],[102.5970954199163,0.7379685071483564],[102.59736480590648,0.7379686537059266],[102.59736475737665,0.7380590466215523],[102.59745455272041,0.7380590954764167],[102.59745450418646,0.7381494883979864],[102.59754429953796,0.7381495372570133],[102.59754425099987,0.7382399301845267],[102.59745445564654,0.7382398813195158],[102.5974544071007,0.7383302742410051],[102.59727481640826,0.7383301764935493]]]}},{"type":"Feature","properties":{"village":"Teluk Lanus","district":"Sungai Apit","regency":"Siak","baseline":"2016","current":"2025","confidence":"rendah","resolutionM":10,"uncertaintyM":14.1,"change":"accretion"},"geometry":{"type":"Polygon","coordinates":[[[102.59628711659444,0.7382392459085672],[102.59628716515786,0.7381488530648481],[102.5961075746273,0.7381487552939605],[102.5961076231884,0.7380583624621757],[102.59601782793385,0.7380583135799865],[102.59601787649082,0.7379679207541487],[102.59610767174355,0.7379679696303506],[102.59610772029275,0.7378775767984855],[102.59628731081247,0.7378776745334507],[102.59628726226688,0.7379680673772897],[102.59637705753747,0.7379681162480272],[102.59637700898774,0.7380585090978131],[102.5964668042661,0.7380585579727159],[102.59646675571223,0.7381489508284483],[102.59637696043207,0.7381489019475591],[102.59637691187045,0.7382392947972648],[102.59628711659444,0.7382392459085672]]]}},{"type":"Feature","properties":{"village":"Teluk Lanus","district":"Sungai Apit","regency":"Siak","baseline":"2016","current":"2025","confidence":"rendah","resolutionM":10,"uncertaintyM":14.1,"change":"accretion"},"geometry":{"type":"Polygon","coordinates":[[[102.59206684262614,0.7380561609602595],[102.59206689126272,0.7379657683980895],[102.5919770962779,0.737965719439925],[102.59197714491035,0.7378753268837125],[102.59206693989336,0.7378753758358794],[102.59206698851801,0.7377849832736293],[102.59233637349737,0.7377851301012122],[102.59233632487813,0.7378755226814534],[102.59242611988499,0.7378755716263355],[102.5924260712616,0.7379659642125331],[102.59233627625294,0.7379659152616544],[102.59233622762179,0.7380563078418154],[102.59206684262614,0.7380561609602595]]]}},{"type":"Feature","properties":{"village":"Teluk Lanus","district":"Sungai Apit","regency":"Siak","baseline":"2016","current":"2025","confidence":"rendah","resolutionM":10,"uncertaintyM":14.1,"change":"accretion"},"geometry":{"type":"Polygon","coordinates":[[[102.59404233383917,0.738057237710954],[102.59404238243594,0.7379668450168962],[102.59395258732008,0.7379667960988022],[102.59395263591271,0.737876403410697],[102.59404243102676,0.7378764523227985],[102.59404247961163,0.7377860596286604],[102.59413227472982,0.7377861085329483],[102.59413222614677,0.7378765012330786],[102.59422202127273,0.7378765501415375],[102.59422197268553,0.7379669428476199],[102.59413217755775,0.7379668939331688],[102.5941321289628,0.7380572866332189],[102.59404233383917,0.738057237710954]]]}},{"type":"Feature","properties":{"village":"Teluk Lanus","district":"Sungai Apit","regency":"Siak","baseline":"2016","current":"2025","confidence":"rendah","resolutionM":10,"uncertaintyM":14.1,"change":"accretion"},"geometry":{"type":"Polygon","coordinates":[[[102.7520011877685,0.7376884604786833],[102.7520012331537,0.7375980575889642],[102.75191142791694,0.7375980119036097],[102.7519114732984,0.7375076090194509],[102.75200127853336,0.7375076546992057],[102.75200132390744,0.7374172518094073],[102.75209112914615,0.7374172974817409],[102.75209117451287,0.7373268945863031],[102.75218097975532,0.7373269402512167],[102.75218102511467,0.7372365373501396],[102.7522708303609,0.7372365830076333],[102.75227087571285,0.7371461801009174],[102.75254029147949,0.737146317045679],[102.75254024613295,0.7372367199691914],[102.75263005140143,0.7372367656194031],[102.75262991533387,0.7375079744064978],[102.75254011005997,0.7375079287394908],[102.75254006469117,0.7375983316628444],[102.75236045415643,0.7375982403121696],[102.75236040877846,0.7376886432242863],[102.7520011877685,0.7376884604786833]]]}},{"type":"Feature","properties":{"village":"Teluk Lanus","district":"Sungai Apit","regency":"Siak","baseline":"2016","current":"2025","confidence":"rendah","resolutionM":10,"uncertaintyM":14.1,"change":"accretion"},"geometry":{"type":"Polygon","coordinates":[[[102.82250039410991,0.736910100931361],[102.8225004380261,0.7368196937141899],[102.8224106285063,0.7368196495075489],[102.8224106724189,0.7367292422957633],[102.82250048193688,0.7367292864969798],[102.82250052584227,0.7366388792797298],[102.8226801448908,0.736638967665855],[102.82268010098902,0.7367293748939536],[102.82276991052318,0.7367294190897115],[102.8227698666178,0.7368198263231945],[102.82268005708185,0.7368197821220128],[102.82268001316928,0.7369101893500324],[102.82250039410991,0.736910100931361]]]}},{"type":"Feature","properties":{"village":"Teluk Lanus","district":"Sungai Apit","regency":"Siak","baseline":"2016","current":"2025","confidence":"rendah","resolutionM":10,"uncertaintyM":14.1,"change":"accretion"},"geometry":{"type":"Polygon","coordinates":[[[102.8208839553759,0.7366380834771324],[102.82088399930845,0.7365476763575218],[102.82079418989113,0.7365476321344119],[102.82079423382007,0.7364572250201907],[102.82088404323558,0.7364572692378716],[102.82088408715732,0.7363668621181821],[102.82097389657643,0.7363669063286159],[102.8209738526565,0.7364573134537339],[102.82106366208279,0.7364573576677774],[102.82106361815926,0.7365477647982842],[102.82097380873115,0.7365477205788125],[102.82097376480043,0.7366381277038515],[102.8208839553759,0.7366380834771324]]]}},{"type":"Feature","properties":{"village":"Teluk Lanus","district":"Sungai Apit","regency":"Siak","baseline":"2016","current":"2025","confidence":"rendah","resolutionM":10,"uncertaintyM":14.1,"change":"accretion"},"geometry":{"type":"Polygon","coordinates":[[[102.82043495227579,0.7365474552237826],[102.82043499621197,0.736457048131278],[102.82034518682342,0.7364570039045031],[102.820345230756,0.7363665968173893],[102.82043504014274,0.7363666410387344],[102.82043508406814,0.7362762339461514],[102.82052489345844,0.7362762781602483],[102.82052484953488,0.7363666852582613],[102.8206146589324,0.7363667294759693],[102.82061461500523,0.7364571365793718],[102.8205248056059,0.7364570923562344],[102.82052476167152,0.7365474994541684],[102.82043495227579,0.7365474552237826]]]}},{"type":"Feature","properties":{"village":"Teluk Lanus","district":"Sungai Apit","regency":"Siak","baseline":"2016","current":"2025","confidence":"rendah","resolutionM":10,"uncertaintyM":14.1,"change":"accretion"},"geometry":{"type":"Polygon","coordinates":[[[102.81720212551878,0.7359130134393551],[102.81720216948217,0.7358226065421893],[102.81711236030064,0.7358225622880022],[102.81711240426044,0.7357321553962348],[102.81720221344018,0.7357321996449842],[102.81720225739278,0.7356417927477398],[102.81729206657612,0.7356418369892342],[102.81729202262531,0.7357322438919165],[102.81738183181587,0.7357322881370317],[102.81738178786148,0.735822695045112],[102.81729197866912,0.7358226507945592],[102.81729193470753,0.7359130576971626],[102.81720212551878,0.7359130134393551]]]}},{"type":"Feature","properties":{"village":"Teluk Lanus","district":"Sungai Apit","regency":"Siak","baseline":"2016","current":"2025","confidence":"rendah","resolutionM":10,"uncertaintyM":14.1,"change":"accretion"},"geometry":{"type":"Polygon","coordinates":[[[102.81369983549557,0.735368845857115],[102.81369987949692,0.735278439171955],[102.81361007053707,0.7352783948795756],[102.81361011453482,0.7351879881998231],[102.81369992349285,0.7351880324867559],[102.81369996748337,0.7350976258015173],[102.81405920336239,0.7350978029093084],[102.81405915937908,0.7351882096163311],[102.81414896836417,0.7351882538941857],[102.81414892437726,0.7352786606066145],[102.81405911539036,0.7352786163233144],[102.81405907139624,0.7353690230302583],[102.81369983549557,0.735368845857115]]]}},{"type":"Feature","properties":{"village":"Teluk Lanus","district":"Sungai Apit","regency":"Siak","baseline":"2016","current":"2025","confidence":"rendah","resolutionM":10,"uncertaintyM":14.1,"change":"accretion"},"geometry":{"type":"Polygon","coordinates":[[[102.81253240746061,0.7351874566150076],[102.81253245147458,0.7350970500005916],[102.8124426425887,0.7350970056955047],[102.81244268659907,0.7350065990864991],[102.81253249548313,0.7350066433861365],[102.81253253948626,0.7349162367716419],[102.81262234837394,0.734916281064015],[102.8126223043726,0.7350066876839586],[102.81271211326748,0.7350067319799656],[102.81271206926253,0.7350971386053191],[102.81262226036584,0.735097094303863],[102.81262221635369,0.7351875009237281],[102.81253240746061,0.7351874566150076]]]}},{"type":"Feature","properties":{"village":"Teluk Lanus","district":"Sungai Apit","regency":"Siak","baseline":"2016","current":"2025","confidence":"rendah","resolutionM":10,"uncertaintyM":14.1,"change":"accretion"},"geometry":{"type":"Polygon","coordinates":[[[102.81316102581908,0.7352781733904401],[102.81316106982582,0.7351877667379237],[102.8128916430654,0.7351876338389963],[102.81289168707215,0.7350972272027849],[102.81280187816463,0.7350971829049595],[102.81280192216778,0.7350067762741576],[102.81289173107349,0.735006820566534],[102.81289177506942,0.7349164139302438],[102.81307139289349,0.734916502498655],[102.81307134890116,0.7350069091458418],[102.81325096675047,0.7350069977178884],[102.81325092275634,0.7350974043759313],[102.81343054063092,0.7350974929516119],[102.81343058462144,0.7350070862826743],[102.81352039356504,0.7350071305623445],[102.81352034957632,0.7350975372367291],[102.81361015852714,0.7350975815200309],[102.81361011453482,0.7351879881998231],[102.8135203055822,0.7351879439110746],[102.81352026158265,0.7352783505853804],[102.81343045263365,0.735278306289369],[102.813430496635,0.7351878996205103],[102.8132508787568,0.7351878110339348],[102.81325083475186,0.7352782176918989],[102.81316102581908,0.7352781733904401]]]}},{"type":"Feature","properties":{"village":"Teluk Lanus","district":"Sungai Apit","regency":"Siak","baseline":"2016","current":"2025","confidence":"rendah","resolutionM":10,"uncertaintyM":14.1,"change":"accretion"},"geometry":{"type":"Polygon","coordinates":[[[102.81181398053931,0.7350966955090651],[102.8118140245623,0.7350062889382122],[102.8111853627909,0.7350059787009805],[102.81118540682108,0.7349155721682515],[102.81055674532776,0.7349152618802499],[102.81055678936515,0.7348248553856563],[102.81010774561294,0.7348246337241948],[102.81010778965393,0.7347342272568359],[102.81001798092154,0.734734182924555],[102.81001793687876,0.7348245893864583],[102.80974851070873,0.7348244563623606],[102.80974855475692,0.7347340499168249],[102.80920970257407,0.734733783852373],[102.80920974662764,0.7346433774395396],[102.80876070330007,0.734643155696555],[102.80876074735725,0.7345527493109734],[102.80831170417426,0.7345525275499282],[102.80831174823501,0.7344621211916038],[102.80795251379348,0.7344619437719558],[102.80795255785603,0.7343715374354329],[102.80732389780484,0.7343712269194475],[102.80732394187456,0.7342808206211161],[102.80723413331931,0.7342807762598976],[102.80723422144611,0.7340999636740416],[102.80732402999773,0.7341000080243355],[102.80732407405118,0.7340096017258859],[102.80777311688173,0.7340098234228513],[102.80777307283729,0.7341002297486096],[102.8082221158125,0.7341004514275603],[102.80822207177162,0.7341908577805824],[102.80840168900329,0.7341909464503917],[102.80840164496061,0.7342813528142941],[102.80885068814369,0.7342815744843828],[102.80885064410458,0.7343719808755412],[102.80938949611405,0.7343722468525529],[102.80938945208034,0.7344626532764192],[102.81046715670644,0.734463185100042],[102.81046711268893,0.7345535915893391],[102.81100596530545,0.7345538574359258],[102.81100592129333,0.7346442639579064],[102.81145496529845,0.7346444854741047],[102.81145492128994,0.7347348920233089],[102.81199377428563,0.7347351578155832],[102.8119937302825,0.7348255643974564],[102.81217334799467,0.7348256529912659],[102.81217330398974,0.7349160595840005],[102.81226311285575,0.7349161038836334],[102.8122630688472,0.7350065104817789],[102.81217325997939,0.735006466176696],[102.81217321596361,0.7350968727693515],[102.81199359824063,0.7350967841428392],[102.81199364226,0.7350063775610842],[102.81190383340844,0.7350063332505559],[102.81190378938726,0.7350967398268599],[102.81181398053931,0.7350966955090651]]]}},{"type":"Feature","properties":{"village":"Teluk Lanus","district":"Sungai Apit","regency":"Siak","baseline":"2016","current":"2025","confidence":"rendah","resolutionM":10,"uncertaintyM":14.1,"change":"accretion"},"geometry":{"type":"Polygon","coordinates":[[[102.80166636677313,0.7335547746913272],[102.80166641090739,0.7334643687372107],[102.80157660271071,0.7334643243110388],[102.80157664684131,0.7333739183623595],[102.8016664550362,0.7333739627830548],[102.80166649915957,0.7332835568288596],[102.80175630735808,0.7332836012422677],[102.80175635147421,0.7331931952825568],[102.80184615967637,0.7331932396886778],[102.80184611556204,0.7332836456538647],[102.80193592377144,0.733283690063651],[102.80193587965347,0.7333740960342744],[102.80202568787011,0.7333741404477252],[102.80202564374851,0.7334645464237849],[102.80193583553006,0.7334645020048581],[102.80193579140119,0.7335549079754031],[102.80166636677313,0.7335547746913272]]]}},{"type":"Feature","properties":{"village":"Teluk Lanus","district":"Sungai Apit","regency":"Siak","baseline":"2016","current":"2025","confidence":"rendah","resolutionM":10,"uncertaintyM":14.1,"change":"accretion"},"geometry":{"type":"Polygon","coordinates":[[[102.7863999834678,0.7316486898622326],[102.78640002779291,0.7315582848415018],[102.78631022056217,0.731558240223214],[102.78631026488358,0.7314678352079582],[102.78640007211251,0.7314678798207316],[102.78640011642666,0.731377474799922],[102.78648992365929,0.7313775194053747],[102.78648987934693,0.7314679244316982],[102.78657968658683,0.7314679690408586],[102.78657973089739,0.7313775640090211],[102.78675934539002,0.7313776532108958],[102.78675930108307,0.7314680582537608],[102.78684910833938,0.7314681028575023],[102.78684906402874,0.7315585079058413],[102.78675925677062,0.7315584632965864],[102.7867592124527,0.7316488683393731],[102.7865795979493,0.7316487791044164],[102.78657964227081,0.7315583740726572],[102.78648983502912,0.7315583294579826],[102.7864897907058,0.7316487344842277],[102.7863999834678,0.7316486898622326]]]}}]}