{"type":"FeatureCollection","generatedAt":"2026-08-12T04:06:53.069617+00:00","features":[{"type":"Feature","properties":{"NAMA_PROP":"RIAU","NAMOBJ":"Air Putih","REMARK":null,"UUPP":"Hasil Delineasi Tahun 2018","SRS_ID":"SRGI 2013","WADMKD":"Air Putih","WADMKC":"Bengkalis","WIADKC":null,"WADMKK":"Bengkalis","WIADKK":"Bengkalis","WADMPR":"Riau","Coastal_Candidate":true,"Coast_Distance_M":0,"Intervention":false},"geometry":{"type":"Polygon","coordinates":[[[102.1462901452001,1.4558937202200533],[102.14619014520007,1.4521937202201078],[102.14574160378271,1.447867926628537],[102.14552765400005,1.447900842000092],[102.14541175300006,1.4479186730000548],[102.1442039710002,1.448451518000206],[102.14283633500021,1.4489843630001582],[102.14203706800002,1.4493218320000905],[102.14180616800013,1.4493395930000628],[102.1409536160001,1.4496948230001483],[102.13891992400005,1.4503786410000366],[102.13833379500012,1.4504852100002579],[102.13794304200002,1.4507161100001689],[102.13753452700008,1.4510535780000327],[102.13730362800011,1.4511956700000856],[102.1369839210002,1.4513732850001055],[102.13673526000014,1.451391047000125],[102.13638003000005,1.4514976160001474],[102.1360101876822,1.4516164935207676],[102.13588270800011,1.4516574690001895],[102.13550971700006,1.4517462770000562],[102.13546735000001,1.4517707190001055],[102.13504791800013,1.4520126990000934],[102.13487030300008,1.4521192680000985],[102.13456835700015,1.4523146450001958],[102.13421312700008,1.4522968830001572],[102.13417760400006,1.4524567370000303],[102.133804613,1.4525100209999893],[102.13348490600018,1.4526343520000835],[102.13327176800013,1.4526343520000977],[102.13305863000006,1.4527231590000322],[102.13277444600016,1.4528652510000635],[102.1324725,1.4530606280001965],[102.13195741700014,1.4531671970000213],[102.13162882900012,1.4533004080001368],[102.13125583700014,1.4534780230001894],[102.13077627700011,1.4537266840000103],[102.13047433100019,1.45383325300006],[102.13017238600013,1.453975345000092],[102.13004805500009,1.4539042990000681],[102.1296040180002,1.4543128130001084],[102.12952243199999,1.4543128130001552],[102.12919550300006,1.4543128130001264],[102.12898236600007,1.4543305749999964],[102.1285383280001,1.4545792360000427],[102.12808821500009,1.4546992660000502],[102.128005483,1.4547213280000824],[102.12756144600013,1.4549522270001047],[102.12711740800012,1.4551298420001522],[102.12686874700007,1.4553962650000478],[102.12650003943907,1.4555893972966987],[102.12715505914174,1.4558896491103852],[102.12724440808205,1.456098664476439],[102.1271901452001,1.4572937202200325],[102.1281901452001,1.4613937202200455],[102.1299901452001,1.4638937202200426],[102.1319901452001,1.4664937202200141],[102.13459014520011,1.4701937202200277],[102.1371901452001,1.4739937202200117],[102.14049014520009,1.4787937202200607],[102.14349014520009,1.483193720220052],[102.1478901452001,1.489693720220032],[102.15029014520009,1.4937937202200233],[102.15899014520011,1.4963937202199953],[102.16929014520011,1.4957937202200224],[102.1657901452001,1.4909937202200234],[102.16389014520009,1.4887937202200174],[102.1579901452001,1.4816937202200418],[102.1562901452001,1.4795937202200422],[102.15299014520009,1.4757937202200517],[102.1512901452001,1.4738937202200406],[102.14999014520009,1.4698937202200164],[102.14939014520009,1.4673937202200213],[102.1480901452001,1.4621937202200328],[102.1467901452001,1.4589937202200416],[102.1462901452001,1.4558937202200533]]]}},{"type":"Feature","properties":{"NAMA_PROP":"RIAU","NAMOBJ":"Air Tawar","REMARK":null,"UUPP":"Hasil Delineasi Tahun 2018","SRS_ID":"SRGI 2013","WADMKD":"Air Tawar","WADMKC":"Kateman","WIADKC":null,"WADMKK":"Indragiri Hilir","WIADKK":null,"WADMPR":"Riau","Coastal_Candidate":true,"Coast_Distance_M":199.1,"Intervention":false},"geometry":{"type":"Polygon","coordinates":[[[103.56079014520009,0.30109372022001857],[103.54919014520009,0.314293720220018],[103.54779014520008,0.3723937202200194],[103.5498901452001,0.37449372022001803],[103.55219014520009,0.3764937202200187],[103.55559014520009,0.3781937202200183],[103.55989014520009,0.38079372022001934],[103.56419014520009,0.38269372022001846],[103.56759014520009,0.3831937202200191],[103.57049014520008,0.382893720220018],[103.57319014520009,0.3819937202200183],[103.57589014520009,0.3817937202200188],[103.57879014520009,0.38269372022001846],[103.58059014520009,0.3841937202200185],[103.58309014520009,0.38469372022001913],[103.58589014520008,0.38549372022001904],[103.59129014520009,0.3776937202200177],[103.59289014520009,0.3736937202200181],[103.59449014520008,0.36949372022001903],[103.59729014520009,0.36389372022001787],[103.60009014520008,0.3582937202200185],[103.60109014520009,0.35309372022001817],[103.6024901452001,0.3501937202200178],[103.6024901452001,0.3457937202200192],[103.60029014520009,0.34009372022001827],[103.5994901452001,0.3358937202200192],[103.60029014520009,0.3308937202200184],[103.60109014520009,0.3236937202200192],[103.60169014520008,0.32029372022001823],[103.60309014520008,0.3114937202200192],[103.60189014520009,0.3062937202200189],[103.59889014520009,0.3018937202200185],[103.59549014520009,0.2998937202200178],[103.58789014520009,0.2974937202200181],[103.58199014520008,0.2962937202200191],[103.57699014520009,0.2979937202200187],[103.57239014520009,0.2996937202200183],[103.56709014520008,0.3026937202200184],[103.56079014520009,0.30109372022001857]]]}},{"type":"Feature","properties":{"NAMA_PROP":"RIAU","NAMOBJ":"Alah Air","REMARK":null,"UUPP":"Hasil Delineasi Tahun 2018","SRS_ID":"SRGI 2013","WADMKD":"Alah Air","WADMKC":"Tebing Tinggi","WIADKC":"Tebing Tinggi","WADMKK":"Kepulauan Meranti","WIADKK":"Kepulauan Meranti","WADMPR":"Riau","Coastal_Candidate":true,"Coast_Distance_M":0,"Intervention":false},"geometry":{"type":"Polygon","coordinates":[[[102.69429014520009,1.000993720220018],[102.69429014520009,0.9975937202200189],[102.6940901452001,0.9934937202200178],[102.69379014520008,0.989593720220018],[102.69349014520009,0.9858937202200178],[102.69309014520009,0.9817937202200184],[102.69349014520009,0.9782937202200177],[102.6876901452001,0.9782937202200177],[102.6833901452001,0.9782937202200177],[102.68029014520009,0.9785937202200188],[102.67889014520009,0.985793720220018],[102.67799014520008,0.9909937202200183],[102.67589014520009,0.9959937202200191],[102.67419014520009,0.9999937202200186],[102.67349014520009,1.0018937202200178],[102.67719014520009,1.0033937202200178],[102.67959014520008,1.0046937202200183],[102.6833901452001,1.0060937202200186],[102.68669014520009,1.0072937202200194],[102.68869014520008,1.0082937202200188],[102.69119014520008,1.0090937202200188],[102.69449014520009,1.0094937202200178],[102.69389014520009,1.0069937202200183],[102.6940901452001,1.0039937202200182],[102.69429014520009,1.000993720220018]]]}},{"type":"Feature","properties":{"NAMA_PROP":"RIAU","NAMOBJ":"Anak Setatah","REMARK":null,"UUPP":"Hasil Delineasi Tahun 2018","SRS_ID":"SRGI 2013","WADMKD":"Anak Setatah","WADMKC":"Rangsang Barat","WIADKC":"Rangsang Barat","WADMKK":"Kepulauan Meranti","WIADKK":"Kepulauan Meranti","WADMPR":"Riau","Coastal_Candidate":true,"Coast_Distance_M":0,"Intervention":false},"geometry":{"type":"Polygon","coordinates":[[[102.68659014520009,1.057393720220018],[102.68099014520008,1.0513937202200179],[102.67959014520008,1.0499937202200194],[102.67639014520009,1.0457937202200185],[102.67819014520009,1.0430937202200177],[102.67079014520009,1.0367937202200181],[102.6671901452001,1.0362937202200193],[102.66519014520009,1.0350937202200186],[102.6632901452001,1.0331937202200177],[102.66019014520009,1.0313937202200183],[102.6572901452001,1.029993720220018],[102.6538901452001,1.029993720220018],[102.65589014520009,1.033793720220018],[102.65649014520008,1.0359937202200182],[102.65739014520008,1.0395937202200187],[102.65879014520009,1.0434937202200185],[102.66019014520009,1.0456937202200187],[102.66109014520009,1.0475937202200178],[102.6628901452001,1.050193720220019],[102.66369014520009,1.0527937202200182],[102.66479014520009,1.0552937202200177],[102.66489014520009,1.0574937202200179],[102.66539014520009,1.0608937202200188],[102.66539014520009,1.0644937202200193],[102.66609014520009,1.067693720220019],[102.66649014520009,1.0698937202200192],[102.66669014520009,1.0723937202200187],[102.66909014520009,1.0702937202200182],[102.6739901452001,1.0673937202200179],[102.67889014520009,1.0651937202200177],[102.68249014520009,1.0623937202200189],[102.68389014520008,1.0608937202200188],[102.68659014520009,1.057393720220018]]]}},{"type":"Feature","properties":{"NAMA_PROP":"RIAU","NAMOBJ":"Api-Api","REMARK":null,"UUPP":"Hasil Delineasi Tahun 2018","SRS_ID":"SRGI 2013","WADMKD":"Api-Api","WADMKC":"Bandar Laksamana","WIADKC":null,"WADMKK":"Bengkalis","WIADKK":"Bengkalis","WADMPR":"Riau","Coastal_Candidate":true,"Coast_Distance_M":0,"Intervention":false},"geometry":{"type":"Polygon","coordinates":[[[101.95679014520009,1.4995937202200178],[101.9543901452001,1.4977937202200184],[101.95199014520009,1.498293720220019],[101.9505901452001,1.4962937202200184],[101.94959014520009,1.4934937202200178],[101.94689014520009,1.4897937202200193],[101.92139014520009,1.474393720220018],[101.89719014520008,1.459093720220018],[101.82789014520009,1.4149937202200178],[101.78129014520009,1.3853937202200193],[101.72039014520008,1.346593720220019],[101.66489014520009,1.3112937202200179],[101.6418901452001,1.2966937202200182],[101.64049014520009,1.3014937202200176],[101.63629014520009,1.315093720220018],[101.63479014520009,1.3193937202200186],[101.63329014520009,1.322993720220019],[101.63089014520008,1.3285937202200184],[101.68879014520009,1.3655937202200192],[101.75989014520009,1.4109937202200182],[101.82749014520009,1.4542937202200186],[101.89199014520008,1.4954937202200185],[101.91939014520008,1.5136937202200187],[101.92289014520009,1.5160937202200184],[101.92639014520009,1.5190937202200185],[101.92809014520009,1.5214937202200183],[101.92939014520009,1.5240937202200193],[101.93199014520009,1.522393720220018],[101.93369014520009,1.520893720220018],[101.93589014520009,1.5191937202200183],[101.93839014520009,1.5164937202200193],[101.94089014520009,1.5138937202200182],[101.94379014520008,1.511693720220018],[101.94479014520009,1.5094937202200178],[101.9466901452001,1.5079937202200178],[101.95019014520008,1.505193720220019],[101.9543901452001,1.501793720220018],[101.95679014520009,1.4995937202200178]]]}},{"type":"Feature","properties":{"NAMA_PROP":"RIAU","NAMOBJ":"Bagan Jawa Pesisir","REMARK":null,"UUPP":"Hasil Delineasi Tahun 2018","SRS_ID":"SRGI 2013","WADMKD":"Bagan Jawa Pesisir","WADMKC":"Bangko","WIADKC":null,"WADMKK":"Rokan Hilir","WIADKK":null,"WADMPR":"Riau","Coastal_Candidate":true,"Coast_Distance_M":0,"Intervention":false},"geometry":{"type":"Polygon","coordinates":[[[100.80999014520009,2.188593720220018],[100.80949014520009,2.185893720220019],[100.80909014520009,2.1829937202200185],[100.80879014520009,2.178993720220019],[100.80859014520009,2.176293720220018],[100.80809014520008,2.171793720220018],[100.80569014520009,2.1670937202200182],[100.80309014520009,2.1669937202200185],[100.8006901452001,2.166793720220019],[100.79719014520009,2.1665937202200194],[100.79479014520008,2.166393720220018],[100.79249014520009,2.1661937202200185],[100.78899014520009,2.166093720220019],[100.7839901452001,2.1657937202200177],[100.77949014520009,2.1662937202200183],[100.77959014520009,2.168793720220018],[100.78029014520008,2.171093720220018],[100.78119014520009,2.174793720220018],[100.78169014520009,2.1794937202200177],[100.78129014520009,2.1837937202200184],[100.78029014520008,2.187093720220018],[100.77919014520009,2.1893937202200178],[100.77819014520009,2.1916937202200177],[100.78119014520009,2.191593720220018],[100.78379014520009,2.1913937202200184],[100.78939014520009,2.190893720220018],[100.79349014520008,2.1904937202200188],[100.79689014520008,2.1901937202200177],[100.79999014520008,2.189993720220018],[100.80349014520009,2.189693720220019],[100.80689014520009,2.1894937202200193],[100.80999014520009,2.188593720220018]]]}},{"type":"Feature","properties":{"NAMA_PROP":"RIAU","NAMOBJ":"Bagan Punak Pesisir","REMARK":null,"UUPP":"Hasil Delineasi Tahun 2018","SRS_ID":"SRGI 2013","WADMKD":"Bagan Punak Pesisir","WADMKC":"Bangko","WIADKC":null,"WADMKK":"Rokan Hilir","WIADKK":null,"WADMPR":"Riau","Coastal_Candidate":true,"Coast_Distance_M":0,"Intervention":false},"geometry":{"type":"Polygon","coordinates":[[[100.80961856941207,2.1409979256571887],[100.80875756727295,2.1406886336266098],[100.80893602684841,2.1402603306454466],[100.80872187535795,2.1401532549002127],[100.80888843762824,2.1399153087996865],[100.80891223223841,2.139836786586443],[100.80898361606847,2.1397844384442237],[100.80900741067865,2.139732090302232],[100.80903120528848,2.139651188628079],[100.80906451774263,2.139522697733696],[100.80909783019672,2.13939420683937],[100.80915969618286,2.1392847516329994],[100.8092263210911,2.1391943321149256],[100.80927391031116,2.1390658412205426],[100.80931674060923,2.1389563860143994],[100.8093643298294,2.138875484340076],[100.80939764228356,2.1387993415879123],[100.80946426719163,2.1387041631476222],[100.80954040994379,2.138570913331307],[100.80959275808601,2.138475734891074],[100.80966414191624,2.138328208308849],[100.80969269544818,2.1382377887905477],[100.80970221329233,2.138114056818324],[100.80970697221426,2.138028396222012],[100.80972124898034,2.13795701239178],[100.8097926328104,2.1378999053276857],[100.80984973987455,2.1378380393415455],[100.80994967723694,2.1377666555114843],[100.81002581998894,2.137671477071251],[100.81008768597525,2.137466843424704],[100.81009244489724,2.1373478703744695],[100.81010196274133,2.137209861635938],[100.81010672166332,2.1371194421178643],[100.81012575735133,2.1370385404437116],[100.81017334657139,2.1370099869115506],[100.81022569471355,2.13696715661348],[100.81026376608963,2.136900531705237],[100.81029707854378,2.1368053532650038],[100.81031611423163,2.136719692668862],[100.81036846237384,2.1366483088386303],[100.81069404950176,2.136221894729431],[100.81219014520025,2.1334937202202013],[100.8134901452002,2.1320937202202117],[100.8148901452002,2.1297937202201638],[100.81629014520024,2.127793720220211],[100.81699014520024,2.125493720220163],[100.8178901452003,2.123193720220115],[100.8191901452002,2.1208937202200673],[100.81129014520025,2.1155937202200903],[100.80529014520027,2.1117937202201347],[100.79489014520027,2.117093720220055],[100.78899014520022,2.1199937202201795],[100.7881901452003,2.1224937202201204],[100.7881901452003,2.12429372022018],[100.78669014520017,2.127793720220211],[100.78679014520026,2.1327937202202065],[100.78559014520027,2.135593720220072],[100.78809014520021,2.13749372022005],[100.78999014520019,2.139093720220103],[100.79239014520016,2.1398937202200727],[100.79609014520025,2.139793720220098],[100.80019014520019,2.1408937202201628],[100.80259014520016,2.141393720220151],[100.80599014520027,2.143093720220122],[100.80869014520039,2.142493720220216],[100.80885107414309,2.142609387897778],[100.80921680324735,2.1417974624555427],[100.80941051443722,2.1413331253388606],[100.80961856941207,2.1409979256571887]]]}},{"type":"Feature","properties":{"NAMA_PROP":"RIAU","NAMOBJ":"Bakau Aceh","REMARK":null,"UUPP":"Hasil Delineasi Tahun 2018","SRS_ID":"SRGI 2013","WADMKD":"Bakau Aceh","WADMKC":"Mandah","WIADKC":null,"WADMKK":"Indragiri Hilir","WIADKK":null,"WADMPR":"Riau","Coastal_Candidate":true,"Coast_Distance_M":0,"Intervention":false},"geometry":{"type":"MultiPolygon","coordinates":[[[[103.50409014520008,-0.05700627977998174],[103.49929014520009,-0.059706279779980775],[103.49669014520009,-0.05720627977998127],[103.49189014520009,-0.052606279779981335],[103.48489014520008,-0.045006279779981284],[103.48209014520009,-0.042206279779980704],[103.47809014520008,-0.04000627977998228],[103.47329014520008,-0.037306279779981466],[103.46949014520008,-0.034206279779981585],[103.46569014520009,-0.032306279779980684],[103.46149014520009,-0.03090627977998217],[103.45689014520009,-0.027906279779982057],[103.45169014520009,-0.025706279779981855],[103.44989014520009,-0.027906279779982057],[103.45489014520008,-0.031006279779981938],[103.45749014520008,-0.03400627977998205],[103.46089014520008,-0.037006279779982165],[103.46469014520008,-0.038206279779981145],[103.4680901452001,-0.04080627977998219],[103.46249014520009,-0.04070627977998065],[103.45729014520009,-0.04030627977998158],[103.45249014520009,-0.04000627977998228],[103.4496901452001,-0.038206279779981145],[103.4462901452001,-0.037506279779981],[103.44269014520009,-0.03770627977998231],[103.4385901452001,-0.036806279779980855],[103.43989014520008,-0.04000627977998228],[103.44329014520008,-0.04170627977998187],[103.44829014520009,-0.04370627977998076],[103.45249014520009,-0.04520627977998082],[103.45649014520009,-0.04710627977998172],[103.46269014520009,-0.04730627977998125],[103.4676901452001,-0.05010627977998183],[103.4676901452001,-0.05330627977998148],[103.46609014520008,-0.057106279779981506],[103.46749014520009,-0.06060627977998223],[103.47089014520009,-0.06030627977998115],[103.4736901452001,-0.059406279779981475],[103.47609014520009,-0.057706279779981884],[103.47869014520009,-0.05580627977998098],[103.4834901452001,-0.05700627977998174],[103.48549014520009,-0.06300627977998197],[103.4856901452001,-0.0690062797799822],[103.48489014520008,-0.07210627977998207],[103.48369014520009,-0.07690627977998155],[103.48469014520009,-0.08050627977998204],[103.48749014520008,-0.0831062797799813],[103.49049014520008,-0.08570627977998235],[103.48799014520009,-0.08810627977998209],[103.48729014520009,-0.09180627977998235],[103.48639014520009,-0.09490627977998223],[103.48639014520009,-0.0975062797799815],[103.48109014520008,-0.09670627977998159],[103.48409014520008,-0.09230627977998118],[103.48249014520009,-0.0892062797799813],[103.47909014520009,-0.08770627977998124],[103.47489014520009,-0.08690627977998133],[103.4702901452001,-0.08600627977998165],[103.4676901452001,-0.08320627977998107],[103.46389014520008,-0.08290627977998177],[103.4650901452001,-0.08650627977998226],[103.46929014520009,-0.09060627977998159],[103.47389014520009,-0.09270627977998203],[103.47849014520008,-0.09450627977998138],[103.48109014520008,-0.09670627977998159],[103.47809014520008,-0.09950627977998217],[103.47649014520009,-0.10300627977998111],[103.47419014520008,-0.10270627977998181],[103.47159014520008,-0.10500627977998178],[103.47089014520009,-0.10870627977998204],[103.47219014520009,-0.11130627977998131],[103.46969014520009,-0.11110627977998178],[103.46549014520009,-0.10970627977998149],[103.46129014520008,-0.10700627977998067],[103.46049014520008,-0.09610627977998121],[103.4577901452001,-0.08940627977998084],[103.45389014520009,-0.08410627977998075],[103.45039014520009,-0.08000627977998143],[103.44659014520009,-0.07420627977998073],[103.4333901452001,-0.06030627977998115],[103.42089014520009,-0.04820627977998093],[103.40359014520008,-0.03380627977998074],[103.3858901452001,-0.017506279779981426],[103.39209014520009,-0.0073062797799821055],[103.3965901452001,0.0013937202200189347],[103.4034901452001,0.005293720220018727],[103.40579014520009,0.0018937202200177694],[103.41019014520009,-0.000906279779981034],[103.41429014520008,-0.001606279779981179],[103.42019014520008,-0.002206279779981557],[103.42499014520008,-0.003606279779981847],[103.42849014520009,-0.001406279779981645],[103.43319014520009,0.0017937202200180025],[103.43589014520009,0.004393720220019048],[103.43799014520009,0.007193720220017852],[103.44309014520009,0.010993720220017877],[103.47439014520009,-0.021606279779980753],[103.47729014520009,-0.024606279779980866],[103.47609014520009,-0.02990627977998095],[103.4834901452001,-0.037506279779981],[103.48689014520009,-0.0397062797799812],[103.49129014520008,-0.04390627977998207],[103.50409014520008,-0.05700627977998174]]],[[[103.48389014520009,-0.05080627977998198],[103.48069014520009,-0.05220627977998227],[103.4762901452001,-0.05190627977998119],[103.47329014520008,-0.05300627977998218],[103.47089014520009,-0.050006279779982066],[103.47129014520009,-0.046906279779982185],[103.4702901452001,-0.04280627977998108],[103.4736901452001,-0.04260627977998155],[103.47669014520008,-0.04470627977998198],[103.48029014520009,-0.04700627977998195],[103.48389014520009,-0.05080627977998198]]],[[[103.49989014520008,-0.07190627977998076],[103.50029014520008,-0.07950627977998082],[103.50509014520009,-0.07950627977998082],[103.51409014520009,-0.07960627977998236],[103.51849014520009,-0.07820627977998207],[103.52399014520009,-0.07520627977998195],[103.52709014520009,-0.08000627977998143],[103.5250901452001,-0.08380627977998145],[103.5224901452001,-0.08560627977998081],[103.51889014520009,-0.08660627977998203],[103.51429014520009,-0.08910627977998153],[103.5108901452001,-0.08650627977998226],[103.5078901452001,-0.08620627977998119],[103.50519014520009,-0.08440627977998183],[103.5014901452001,-0.08350627977998215],[103.49759014520009,-0.08330627977998084],[103.4950901452001,-0.08180627977998078],[103.49309014520009,-0.07900627977998198],[103.49129014520008,-0.07560627977998102],[103.48829014520008,-0.07260627977998091],[103.48889014520009,-0.06920627977998173],[103.49049014520008,-0.06440627977998226],[103.48929014520009,-0.06000627977998185],[103.48769014520009,-0.05750627977998235],[103.48729014520009,-0.05440627977998069],[103.49109014520009,-0.05780627977998165],[103.4958901452001,-0.06300627977998197],[103.49989014520008,-0.07190627977998076]]]]}},{"type":"Feature","properties":{"NAMA_PROP":"RIAU","NAMOBJ":"Bandul","REMARK":null,"UUPP":"Hasil Delineasi Tahun 2018","SRS_ID":"SRGI 2013","WADMKD":"Bandul","WADMKC":"Tasik Putri Puyu","WIADKC":"Tasik Putri Puyu","WADMKK":"Kepulauan Meranti","WIADKK":"Kepulauan Meranti","WADMPR":"Riau","Coastal_Candidate":true,"Coast_Distance_M":0,"Intervention":false},"geometry":{"type":"Polygon","coordinates":[[[102.47919014520009,1.2051937202200182],[102.47859014520009,1.209093720220018],[102.4796901452001,1.2129937202200178],[102.47869014520009,1.216693720220018],[102.4744901452001,1.2160937202200177],[102.47229014520009,1.2145937202200177],[102.46989014520008,1.2130937202200194],[102.46619014520009,1.2125937202200188],[102.46349014520008,1.2141937202200186],[102.46179014520008,1.2165937202200183],[102.45979014520009,1.2183937202200177],[102.45669014520008,1.219793720220018],[102.45279014520008,1.221593720220019],[102.45129014520009,1.2259937202200177],[102.45019014520008,1.2305937202200177],[102.44869014520009,1.2352937202200192],[102.44699014520009,1.2388937202200179],[102.44449014520009,1.2408937202200185],[102.44279014520009,1.242193720220019],[102.4406901452001,1.2440937202200182],[102.43819014520008,1.245993720220019],[102.43609014520008,1.2478937202200182],[102.43409014520009,1.2499937202200186],[102.43219014520008,1.2522937202200186],[102.4299901452001,1.2552937202200187],[102.4282901452001,1.2580937202200193],[102.42679014520009,1.259393720220018],[102.42789014520008,1.2633937202200194],[102.42979014520009,1.2671937202200176],[102.43029014520009,1.2712937202200187],[102.43249014520009,1.2754937202200178],[102.4342901452001,1.2766937202200186],[102.43609014520008,1.2777937202200178],[102.43819014520008,1.2779937202200191],[102.44149014520009,1.2752937202200183],[102.44499014520008,1.2724937202200177],[102.44759014520008,1.2704937202200188],[102.45069014520008,1.2681937202200189],[102.45409014520008,1.265493720220018],[102.45689014520009,1.2614937202200185],[102.46409014520009,1.2548937202200179],[102.47209014520008,1.2466937202200192],[102.47729014520009,1.2402937202200182],[102.48109014520008,1.2338937202200189],[102.48329014520009,1.228893720220018],[102.48559014520009,1.227393720220018],[102.48529014520008,1.2228937202200179],[102.48549014520009,1.2194937202200187],[102.48539014520009,1.215193720220018],[102.48539014520009,1.2115937202200193],[102.48579014520008,1.2080937202200186],[102.48329014520009,1.206093720220018],[102.47919014520009,1.2051937202200182]]]}},{"type":"Feature","properties":{"NAMA_PROP":"RIAU","NAMOBJ":"Banglas","REMARK":null,"UUPP":"Hasil Delineasi Tahun 2018","SRS_ID":"SRGI 2013","WADMKD":"Banglas","WADMKC":"Tebing Tinggi","WIADKC":"Tebing Tinggi","WADMKK":"Kepulauan Meranti","WIADKK":"Kepulauan Meranti","WADMPR":"Riau","Coastal_Candidate":true,"Coast_Distance_M":0,"Intervention":false},"geometry":{"type":"Polygon","coordinates":[[[102.82379014520009,0.967493720220018],[102.82239014520009,0.9646937202200192],[102.82029014520009,0.9609937202200189],[102.81709014520008,0.9623937202200192],[102.80939014520008,0.9628937202200181],[102.79859014520008,0.9633937202200187],[102.77749014520009,0.9643937202200181],[102.7702901452001,0.9646937202200192],[102.75559014520009,0.9653937202200193],[102.7510901452001,0.9655937202200189],[102.74399014520009,0.965993720220018],[102.73889014520009,0.9676937202200193],[102.73599014520009,0.9722937202200193],[102.7334901452001,0.9763937202200186],[102.72849014520008,0.9766937202200179],[102.72179014520009,0.9778937202200186],[102.7193901452001,0.9798937202200193],[102.71689014520008,0.9815937202200189],[102.71549014520009,0.9832937202200185],[102.71359014520009,0.9859937202200193],[102.7103901452001,0.9888937202200179],[102.70809014520009,0.993393720220018],[102.7099901452001,0.9939937202200184],[102.71439014520008,0.9955937202200182],[102.71709014520009,0.9963937202200182],[102.72169014520009,0.9962937202200184],[102.72509014520008,0.995693720220018],[102.72439014520009,0.9988937202200177],[102.72519014520009,1.0016937202200182],[102.72839014520008,1.0024937202200181],[102.72769014520009,1.007493720220019],[102.74019014520009,1.0113937202200187],[102.74469014520008,1.0130937202200183],[102.74759014520009,1.0107937202200183],[102.7484901452001,1.0080937202200193],[102.74229014520009,0.9998937202200189],[102.74429014520008,0.9958937202200193],[102.75169014520009,0.9922937202200188],[102.75069014520008,0.9996937202200193],[102.7514901452001,1.0038937202200184],[102.75369014520008,1.0067937202200188],[102.75679014520009,1.0072937202200194],[102.75949014520009,1.008993720220019],[102.76209014520009,1.0083937202200186],[102.76469014520009,1.0076937202200185],[102.76729014520009,1.0072937202200194],[102.76889014520009,1.0067937202200188],[102.77099014520009,1.006393720220018],[102.77399014520009,1.0053937202200185],[102.77729014520008,1.003693720220019],[102.77829014520009,0.9996937202200193],[102.77949014520009,0.9966937202200192],[102.78169014520009,0.9926937202200179],[102.78489014520008,0.9888937202200179],[102.78769014520009,0.9856937202200182],[102.79249014520009,0.9812937202200178],[102.79419014520009,0.9813937202200194],[102.79579014520009,0.9803937202200181],[102.79869014520008,0.978493720220019],[102.80229014520009,0.9750937202200181],[102.81049014520009,0.9714937202200193],[102.82029014520009,0.9684937202200192],[102.82379014520009,0.967493720220018]]]}},{"type":"Feature","properties":{"NAMA_PROP":"RIAU","NAMOBJ":"Banglas Barat","REMARK":null,"UUPP":"Hasil Delineasi Tahun 2018","SRS_ID":"SRGI 2013","WADMKD":"Banglas Barat","WADMKC":"Tebing Tinggi","WIADKC":"Tebing Tinggi","WADMKK":"Kepulauan Meranti","WIADKK":"Kepulauan Meranti","WADMPR":"Riau","Coastal_Candidate":true,"Coast_Distance_M":0,"Intervention":false},"geometry":{"type":"Polygon","coordinates":[[[102.82029014520009,0.9609937202200189],[102.82159014520009,0.9577937202200193],[102.82089014520008,0.954893720220019],[102.8178901452001,0.9546937202200176],[102.8049901452001,0.9550937202200185],[102.79309014520008,0.9545937202200179],[102.7844901452001,0.9538937202200177],[102.77069014520009,0.9539937202200193],[102.75159014520008,0.9541937202200188],[102.7313901452001,0.9551937202200182],[102.72019014520009,0.9557937202200186],[102.71289014520009,0.9565937202200185],[102.7090901452001,0.9588937202200185],[102.70699014520008,0.962493720220019],[102.70549014520009,0.966293720220019],[102.70469014520009,0.9737937202200193],[102.70379014520009,0.9794937202200185],[102.70169014520009,0.984593720220019],[102.7026901452001,0.9869937202200187],[102.70179014520009,0.9896937202200178],[102.70429014520009,0.9912937202200194],[102.70629014520009,0.9920937202200193],[102.70809014520009,0.993393720220018],[102.7103901452001,0.9888937202200179],[102.71359014520009,0.9859937202200193],[102.71549014520009,0.9832937202200185],[102.71689014520008,0.9815937202200189],[102.7193901452001,0.9798937202200193],[102.72179014520009,0.9778937202200186],[102.72849014520008,0.9766937202200179],[102.7334901452001,0.9763937202200186],[102.73599014520009,0.9722937202200193],[102.73889014520009,0.9676937202200193],[102.74399014520009,0.965993720220018],[102.7510901452001,0.9655937202200189],[102.75559014520009,0.9653937202200193],[102.7702901452001,0.9646937202200192],[102.77749014520009,0.9643937202200181],[102.79859014520008,0.9633937202200187],[102.80939014520008,0.9628937202200181],[102.81709014520008,0.9623937202200192],[102.82029014520009,0.9609937202200189]]]}},{"type":"Feature","properties":{"NAMA_PROP":"RIAU","NAMOBJ":"Banglas Barat / Batin Suir","REMARK":"Area Saling Klaim","UUPP":"Hasil Delineasi Tahun 2018","SRS_ID":"SRGI 2013","WADMKD":"Banglas Barat / Batin Suir","WADMKC":"Tebing Tinggi Timur","WIADKC":"Tebing Tinggi Timur","WADMKK":"Kepulauan Meranti","WIADKK":"Kepulauan Meranti","WADMPR":"Riau","Coastal_Candidate":true,"Coast_Distance_M":47.8,"Intervention":false},"geometry":{"type":"Polygon","coordinates":[[[102.75159014520008,0.9541937202200188],[102.74879014520009,0.9447937202200194],[102.74659014520009,0.9401937202200177],[102.73449014520008,0.9432937202200193],[102.72919014520009,0.9448937202200192],[102.72609014520009,0.9454937202200178],[102.72319014520009,0.945393720220018],[102.7184901452001,0.9460937202200181],[102.7167901452001,0.947993720220019],[102.71439014520008,0.9519937202200186],[102.71289014520009,0.9565937202200185],[102.72019014520009,0.9557937202200186],[102.7313901452001,0.9551937202200182],[102.75159014520008,0.9541937202200188]]]}},{"type":"Feature","properties":{"NAMA_PROP":"RIAU","NAMOBJ":"Bantan Air","REMARK":null,"UUPP":"Hasil Delineasi Tahun 2018","SRS_ID":"SRGI 2013","WADMKD":"Bantan Air","WADMKC":"Bantan","WIADKC":null,"WADMKK":"Bengkalis","WIADKK":"Bengkalis","WADMPR":"Riau","Coastal_Candidate":true,"Coast_Distance_M":0,"Intervention":false},"geometry":{"type":"Polygon","coordinates":[[[102.34049014520009,1.5491937202200177],[102.34159014520009,1.5453937202200176],[102.34189014520008,1.542993720220018],[102.34209014520009,1.5397937202200183],[102.33859014520009,1.536093720220018],[102.33449014520009,1.529993720220018],[102.3392901452001,1.5016937202200182],[102.33699014520009,1.481993720220018],[102.33389014520009,1.4821937202200193],[102.32909014520008,1.4820937202200177],[102.3293901452001,1.487693720220019],[102.32969014520009,1.494193720220018],[102.32789014520009,1.502093720220019],[102.32669014520009,1.5047937202200181],[102.32359014520009,1.5088937202200192],[102.31999014520008,1.510193720220018],[102.31949014520009,1.5129937202200185],[102.31559014520009,1.5151937202200187],[102.31029014520009,1.5159937202200187],[102.3032901452001,1.516293720220018],[102.29839014520009,1.5161937202200182],[102.29749014520009,1.5229937202200183],[102.30769014520008,1.529593720220019],[102.3156901452001,1.5349937202200188],[102.3143901452001,1.544493720220018],[102.31709014520008,1.5500937202200191],[102.31979014520009,1.5487937202200186],[102.32249014520009,1.5481937202200182],[102.32479014520008,1.5479937202200187],[102.3272901452001,1.5483937202200178],[102.33049014520009,1.5499937202200194],[102.33379014520008,1.5513937202200179],[102.33729014520009,1.5504937202200182],[102.34049014520009,1.5491937202200177]]]}},{"type":"Feature","properties":{"NAMA_PROP":"RIAU","NAMOBJ":"Bantan Sari","REMARK":null,"UUPP":"Hasil Delineasi Tahun 2018","SRS_ID":"SRGI 2013","WADMKD":"Bantan Sari","WADMKC":"Bantan","WIADKC":null,"WADMKK":"Bengkalis","WIADKK":"Bengkalis","WADMPR":"Riau","Coastal_Candidate":true,"Coast_Distance_M":0,"Intervention":false},"geometry":{"type":"Polygon","coordinates":[[[102.35409014520009,1.5477937202200192],[102.35349014520008,1.5433937202200187],[102.35309014520008,1.5341937202200189],[102.35239014520009,1.5268937202200181],[102.35169014520008,1.4791937202200192],[102.34549014520009,1.4809937202200185],[102.3430901452001,1.4816937202200187],[102.33699014520009,1.481993720220018],[102.3392901452001,1.5016937202200182],[102.33449014520009,1.529993720220018],[102.33859014520009,1.536093720220018],[102.34209014520009,1.5397937202200183],[102.34189014520008,1.542993720220018],[102.34159014520009,1.5453937202200176],[102.34049014520009,1.5491937202200177],[102.34299014520009,1.5492937202200192],[102.3452901452001,1.5488937202200184],[102.34789014520008,1.5486937202200188],[102.35019014520009,1.5481937202200182],[102.35179014520008,1.5469937202200192],[102.35409014520009,1.5477937202200192]]]}},{"type":"Feature","properties":{"NAMA_PROP":"RIAU","NAMOBJ":"Bantan Timur","REMARK":null,"UUPP":"Hasil Delineasi Tahun 2018","SRS_ID":"SRGI 2013","WADMKD":"Bantan Timur","WADMKC":"Bantan","WIADKC":null,"WADMKK":"Bengkalis","WIADKK":"Bengkalis","WADMPR":"Riau","Coastal_Candidate":true,"Coast_Distance_M":0,"Intervention":false},"geometry":{"type":"Polygon","coordinates":[[[102.37739014520008,1.5414937202200178],[102.37419014520009,1.5247937202200177],[102.37379014520009,1.5161937202200182],[102.37169014520009,1.5033937202200178],[102.36999014520009,1.4615937202200193],[102.36429014520009,1.4640937202200188],[102.35799014520009,1.4717937202200186],[102.35169014520008,1.4791937202200192],[102.35239014520009,1.5268937202200181],[102.35309014520008,1.5341937202200189],[102.35349014520008,1.5433937202200187],[102.35409014520009,1.5477937202200192],[102.35659014520009,1.5457937202200185],[102.35959014520009,1.5450937202200183],[102.36209014520009,1.5445937202200177],[102.36469014520009,1.544493720220018],[102.36689014520009,1.5438937202200194],[102.37019014520008,1.5430937202200177],[102.37379014520009,1.542193720220018],[102.37739014520008,1.5414937202200178]]]}},{"type":"Feature","properties":{"NAMA_PROP":"RIAU","NAMOBJ":"Bantar","REMARK":null,"UUPP":"Hasil Delineasi Tahun 2018","SRS_ID":"SRGI 2013","WADMKD":"Bantar","WADMKC":"Rangsang Barat","WIADKC":"Rangsang Barat","WADMKK":"Kepulauan Meranti","WIADKK":"Kepulauan Meranti","WADMPR":"Riau","Coastal_Candidate":true,"Coast_Distance_M":0,"Intervention":false},"geometry":{"type":"Polygon","coordinates":[[[102.67519014520009,1.026193720220018],[102.67169014520009,1.0262937202200177],[102.66829014520009,1.0250937202200188],[102.66589014520008,1.0228937202200186],[102.65809014520009,1.0184937202200182],[102.65059014520008,1.0155937202200178],[102.65079014520009,1.0183937202200184],[102.6508901452001,1.0212937202200187],[102.6500901452001,1.027293720220019],[102.6517901452001,1.028793720220019],[102.6538901452001,1.029993720220018],[102.6572901452001,1.029993720220018],[102.66019014520009,1.0313937202200183],[102.6632901452001,1.0331937202200177],[102.66519014520009,1.0350937202200186],[102.6671901452001,1.0362937202200193],[102.67199014520008,1.0315937202200178],[102.67369014520008,1.0290937202200183],[102.67519014520009,1.026193720220018]]]}},{"type":"Feature","properties":{"NAMA_PROP":"RIAU","NAMOBJ":"Baran Melintang","REMARK":null,"UUPP":"Hasil Delineasi Tahun 2018","SRS_ID":"SRGI 2013","WADMKD":"Baran Melintang","WADMKC":"Pulaumerbau","WIADKC":"Pulau Merbau","WADMKK":"Kepulauan Meranti","WIADKK":"Kepulauan Meranti","WADMPR":"Riau","Coastal_Candidate":true,"Coast_Distance_M":0,"Intervention":false},"geometry":{"type":"Polygon","coordinates":[[[102.49759014520009,1.0716937202200185],[102.49729014520008,1.0681937202200178],[102.4988901452001,1.064293720220018],[102.5014901452001,1.0608937202200188],[102.50479014520009,1.0561937202200191],[102.5087901452001,1.0487937202200186],[102.51119014520009,1.0439937202200191],[102.51329014520009,1.0392937202200176],[102.51569014520008,1.0335937202200185],[102.51659014520008,1.0290937202200183],[102.51159014520009,1.0288937202200188],[102.50809014520009,1.0278937202200193],[102.50389014520009,1.027293720220019],[102.50089014520009,1.0266937202200186],[102.49869014520009,1.0263937202200193],[102.49469014520008,1.0254937202200178],[102.49129014520008,1.0248937202200192],[102.48879014520008,1.024993720220019],[102.48609014520008,1.0242937202200189],[102.4834901452001,1.0243937202200186],[102.48059014520008,1.0227937202200188],[102.4779901452001,1.0254937202200178],[102.47679014520008,1.0278937202200193],[102.47559014520009,1.0301937202200193],[102.4740901452001,1.0329937202200181],[102.47259014520009,1.0357937202200187],[102.4714901452001,1.0381937202200184],[102.46989014520008,1.0410937202200188],[102.46819014520008,1.0442937202200184],[102.46669014520009,1.047493720220018],[102.46569014520009,1.050193720220019],[102.46469014520008,1.0525937202200186],[102.46359014520009,1.0548937202200186],[102.46189014520009,1.0591937202200192],[102.46069014520009,1.0625937202200184],[102.45989014520009,1.0647937202200186],[102.45959014520008,1.0669937202200188],[102.45939014520009,1.0693937202200186],[102.45939014520009,1.071893720220018],[102.45969014520008,1.074493720220019],[102.46019014520009,1.0768937202200188],[102.4607901452001,1.0795937202200179],[102.46179014520008,1.0826937202200178],[102.46329014520009,1.085993720220019],[102.46479014520008,1.0887937202200177],[102.46669014520009,1.0908937202200182],[102.46789014520009,1.0873937202200192],[102.46859014520008,1.085193720220019],[102.4702901452001,1.0820937202200192],[102.47219014520009,1.0795937202200179],[102.47809014520008,1.0776937202200187],[102.49389014520008,1.0721937202200191],[102.49759014520009,1.0716937202200185]]]}},{"type":"Feature","properties":{"NAMA_PROP":"RIAU","NAMOBJ":"Batang Duku","REMARK":null,"UUPP":"Hasil Delineasi Tahun 2018","SRS_ID":"SRGI 2013","WADMKD":"Batang Duku","WADMKC":"Bukit Batu","WIADKC":null,"WADMKK":"Bengkalis","WIADKK":"Bengkalis","WADMPR":"Riau","Coastal_Candidate":true,"Coast_Distance_M":0,"Intervention":false},"geometry":{"type":"Polygon","coordinates":[[[102.13939014520008,1.3807937202200193],[102.13689014520008,1.376793720220018],[102.13569014520009,1.374493720220018],[102.13579014520009,1.3711937202200186],[102.1358901452001,1.3677937202200177],[102.13599014520008,1.3640937202200192],[102.13599014520008,1.361093720220019],[102.13619014520009,1.3591937202200182],[102.12639014520009,1.3558937202200187],[102.11299014520009,1.3553937202200181],[102.1106901452001,1.359593720220019],[102.1063901452001,1.3597937202200185],[102.09569014520008,1.359593720220019],[102.08779014520009,1.359593720220019],[102.07889014520009,1.359593720220019],[102.0690901452001,1.359593720220019],[102.0601901452001,1.3594937202200192],[102.0656901452001,1.3699937202200179],[102.07369014520009,1.3840937202200188],[102.07629014520009,1.3902937202200185],[102.07759014520009,1.3945937202200192],[102.07929014520009,1.3994937202200184],[102.08099014520009,1.4025937202200183],[102.08189014520009,1.4046937202200187],[102.08349014520009,1.406493720220018],[102.08659014520009,1.4042937202200179],[102.08969014520008,1.4017937202200184],[102.0930901452001,1.4006937202200191],[102.09689014520009,1.3992937202200189],[102.09999014520008,1.3978937202200186],[102.10339014520008,1.3954937202200188],[102.1063901452001,1.3929937202200193],[102.1097901452001,1.3914937202200193],[102.11259014520009,1.390893720220019],[102.11659014520009,1.3895937202200184],[102.1208901452001,1.3895937202200184],[102.1234901452001,1.3896937202200181],[102.12599014520009,1.388593720220019],[102.12859014520009,1.386993720220019],[102.13149014520009,1.385493720220019],[102.1345901452001,1.3832937202200188],[102.13739014520009,1.381393720220018],[102.13939014520008,1.3807937202200193]]]}},{"type":"Feature","properties":{"NAMA_PROP":"RIAU","NAMOBJ":"Batang Sari","REMARK":null,"UUPP":"Hasil Delineasi Tahun 2018","SRS_ID":"SRGI 2013","WADMKD":"Batang Sari","WADMKC":"Mandah","WIADKC":null,"WADMKK":"Indragiri Hilir","WIADKK":null,"WADMPR":"Riau","Coastal_Candidate":true,"Coast_Distance_M":0,"Intervention":false},"geometry":{"type":"Polygon","coordinates":[[[103.70099014520008,0.06289372022001771],[103.70819014520009,0.034493720220018176],[103.71319014520009,0.01489372022001767],[103.71469014520008,0.004693720220018349],[103.71669014520009,-0.0007062797799815002],[103.71869014520009,-0.0055062797799809715],[103.7219901452001,-0.010906279779980821],[103.71969014520009,-0.012406279779980878],[103.70889014520009,-0.01570627977998207],[103.70429014520009,-0.01680627977998128],[103.69789014520009,-0.018306279779981338],[103.69329014520008,-0.01910627977998125],[103.68749014520009,-0.02020627977998224],[103.68269014520008,-0.02100627977998215],[103.67689014520009,-0.021606279779980753],[103.67109014520008,-0.020306279779982006],[103.66829014520009,-0.019806279779981395],[103.6692901452001,-0.017206279779982125],[103.6692901452001,-0.012106279779981577],[103.66949014520009,-0.007006279779981028],[103.66919014520009,0.0037937202200186704],[103.67069014520008,0.008693720220017909],[103.67129014520009,0.014293720220019068],[103.67169014520009,0.01859372022001793],[103.67369014520008,0.02669372022001859],[103.67639014520009,0.03739372022001852],[103.67819014520009,0.04989372022001781],[103.67459014520009,0.06639372022001844],[103.68149014520009,0.0675937202200192],[103.68449014520009,0.0678937202200185],[103.68839014520009,0.0689937202200177],[103.68909014520008,0.05839372022001932],[103.70099014520008,0.06289372022001771]]]}},{"type":"Feature","properties":{"NAMA_PROP":"RIAU","NAMOBJ":"Batin Suir","REMARK":null,"UUPP":"Hasil Delineasi Tahun 2018","SRS_ID":"SRGI 2013","WADMKD":"Batin Suir","WADMKC":"Tebing Tinggi Timur","WIADKC":"Tebing Tinggi Timur","WADMKK":"Kepulauan Meranti","WIADKK":"Kepulauan Meranti","WADMPR":"Riau","Coastal_Candidate":true,"Coast_Distance_M":0,"Intervention":false},"geometry":{"type":"Polygon","coordinates":[[[102.71289014520009,0.9565937202200185],[102.71439014520008,0.9519937202200186],[102.7167901452001,0.947993720220019],[102.7184901452001,0.9460937202200181],[102.72319014520009,0.945393720220018],[102.72609014520009,0.9454937202200178],[102.72919014520009,0.9448937202200192],[102.73449014520008,0.9432937202200193],[102.74659014520009,0.9401937202200177],[102.74229014520009,0.9267937202200187],[102.73869014520008,0.9242937202200192],[102.74259014520008,0.9227937202200192],[102.73959014520008,0.9132937202200182],[102.73989014520009,0.9074937202200193],[102.73839014520009,0.9044937202200192],[102.73669014520009,0.9005937202200194],[102.73619014520008,0.8975937202200193],[102.73749014520008,0.8948937202200185],[102.73899014520009,0.8676937202200179],[102.7390901452001,0.8643937202200185],[102.7176901452001,0.8640937202200192],[102.68499014520009,0.8653937202200179],[102.6637901452001,0.8660937202200181],[102.66079014520008,0.8654937202200177],[102.66339014520008,0.869193720220018],[102.67379014520009,0.8871937202200186],[102.67539014520008,0.8897937202200179],[102.67779014520009,0.8936937202200177],[102.67969014520008,0.8996937202200179],[102.68099014520008,0.9041937202200181],[102.68099014520008,0.9088937202200178],[102.67959014520008,0.9130937202200187],[102.67939014520009,0.9164937202200178],[102.67979014520009,0.9190937202200189],[102.68149014520009,0.9218937202200177],[102.68309014520008,0.9251937202200189],[102.68479014520008,0.9264937202200176],[102.68679014520009,0.9274937202200189],[102.6893901452001,0.9292937202200182],[102.69159014520008,0.930493720220019],[102.69469014520008,0.9329937202200185],[102.69379014520008,0.9347937202200178],[102.69329014520008,0.9372937202200191],[102.69349014520009,0.9398937202200184],[102.6940901452001,0.9431937202200178],[102.69499014520008,0.945393720220018],[102.69639014520008,0.9478937202200193],[102.69789014520009,0.9499937202200179],[102.69989014520009,0.9521937202200181],[102.70259014520009,0.9547937202200192],[102.70539014520008,0.9569937202200194],[102.7090901452001,0.9588937202200185],[102.71289014520009,0.9565937202200185]]]}},{"type":"Feature","properties":{"NAMA_PROP":"RIAU","NAMOBJ":"Belaras","REMARK":null,"UUPP":"Hasil Delineasi Tahun 2018","SRS_ID":"SRGI 2013","WADMKD":"Belaras","WADMKC":"Mandah","WIADKC":null,"WADMKK":"Indragiri Hilir","WIADKK":null,"WADMPR":"Riau","Coastal_Candidate":true,"Coast_Distance_M":0,"Intervention":false},"geometry":{"type":"Polygon","coordinates":[[[103.66919014520009,0.0037937202200186704],[103.66949014520009,-0.007006279779981028],[103.6692901452001,-0.012106279779981577],[103.6692901452001,-0.017206279779982125],[103.66829014520009,-0.019806279779981395],[103.66539014520009,-0.019006279779981483],[103.6628901452001,-0.016406279779982214],[103.66089014520009,-0.01650627977998198],[103.65839014520009,-0.01680627977998128],[103.65479014520008,-0.016606279779981747],[103.65199014520009,-0.01650627977998198],[103.6491901452001,-0.016706279779981514],[103.65309014520008,-0.01880627977998195],[103.6559901452001,-0.019806279779981395],[103.6585901452001,-0.020706279779981074],[103.65929014520009,-0.02410627977998203],[103.6602901452001,-0.027906279779982057],[103.6628901452001,-0.032306279779980684],[103.6654901452001,-0.035106279779981264],[103.6696901452001,-0.03860627977998199],[103.67189014520008,-0.04090627977998196],[103.67249014520009,-0.04400627977998184],[103.66989014520009,-0.04570627977998143],[103.6662901452001,-0.047806279779981864],[103.66229014520009,-0.04530627977998236],[103.65889014520009,-0.043006279779980616],[103.65529014520008,-0.04070627977998065],[103.65149014520009,-0.03740627977998123],[103.64729014520009,-0.03620627977998225],[103.6448901452001,-0.032806279779981296],[103.64329014520008,-0.027906279779982057],[103.64239014520008,-0.02390627977998072],[103.64089014520009,-0.02100627977998215],[103.63749014520009,-0.015406279779980991],[103.63489014520009,-0.014906279779982157],[103.63309014520009,-0.013806279779981168],[103.62539014520009,-0.01460627977998108],[103.62859014520009,-0.016206279779980903],[103.6294901452001,-0.01820627977998157],[103.63069014520009,-0.019906279779981162],[103.63429014520008,-0.02100627977998215],[103.6388901452001,-0.024606279779980866],[103.64089014520009,-0.02560627977998209],[103.6414901452001,-0.028606279779982202],[103.64249014520009,-0.03260627977998176],[103.64369014520008,-0.03610627977998071],[103.64539014520008,-0.040106279779982046],[103.64619014520008,-0.04250627977998178],[103.64759014520008,-0.04480627977998175],[103.64759014520008,-0.04710627977998172],[103.64639014520009,-0.04930627977998192],[103.6431901452001,-0.05060627977998067],[103.64049014520009,-0.05110627977998128],[103.63679014520008,-0.05010627977998183],[103.63229014520009,-0.04850627977998201],[103.62909014520008,-0.047206279779981486],[103.62599014520009,-0.04540627977998213],[103.6234901452001,-0.043806279779982304],[103.6217901452001,-0.042706279779981315],[103.62019014520008,-0.04110627977998149],[103.61829014520009,-0.03880627977998152],[103.61689014520009,-0.035106279779981264],[103.61469014520009,-0.03220627977998092],[103.61219014520009,-0.02950627977998188],[103.60969014520009,-0.027206279779981912],[103.60709014520009,-0.02560627977998209],[103.60439014520009,-0.024606279779980866],[103.60229014520009,-0.02390627977998072],[103.60059014520009,-0.021306279779981452],[103.6007901452001,-0.01790627977998227],[103.60329014520009,-0.016406279779982214],[103.60649014520008,-0.014406279779981546],[103.60889014520009,-0.01230627977998111],[103.6106901452001,-0.01060627977998152],[103.61309014520009,-0.010206279779980676],[103.61549014520008,-0.009506279779982307],[103.61789014520009,-0.01060627977998152],[103.61979014520008,-0.010706279779981287],[103.61769014520009,-0.00800627977998225],[103.6149901452001,-0.00640627977998065],[103.61289014520008,-0.003006279779981469],[103.60699014520009,0.00019372022001817868],[103.60709014520009,0.0032937202200180593],[103.60589014520009,0.006693720220019017],[103.6020901452001,0.007293720220019395],[103.60189014520009,0.004793720220018116],[103.5977901452001,0.006493720220017707],[103.59459014520009,0.008693720220017909],[103.59029014520009,0.01089372022001811],[103.5883901452001,0.014793720220017903],[103.58399014520009,0.019193720220018307],[103.58059014520009,0.020293720220019296],[103.57869014520008,0.022593720220019264],[103.5750901452001,0.02409372022001932],[103.57539014520009,0.02709372022001766],[103.5733901452001,0.038493720220017735],[103.58139014520009,0.03299372022001812],[103.58459014520008,0.030193720220019316],[103.58979014520008,0.02639372022001929],[103.5934901452001,0.023993720220017778],[103.59829014520008,0.021193720220018974],[103.60499014520009,0.01739372022001895],[103.60819014520008,0.01509372022001898],[103.61139014520009,0.014093720220017758],[103.61959014520009,0.012793720220019011],[103.62229014520008,0.011193720220019188],[103.6260901452001,0.009993720220018432],[103.62799014520009,0.020393720220019063],[103.62719014520009,0.04469372022001927],[103.62409014520009,0.07359372022001764],[103.62359014520008,0.09539372022001835],[103.63429014520008,0.09669372022001888],[103.64099014520009,0.09749372022001879],[103.6435901452001,0.07579372022001785],[103.64369014520008,0.0686937202200184],[103.64379014520009,0.05949372022001853],[103.64389014520009,0.04769372022001939],[103.6431901452001,0.040393720220018636],[103.64209014520009,0.032293720220017974],[103.64089014520009,0.023793720220018244],[103.6401901452001,0.019193720220018307],[103.63999014520009,0.016093720220018426],[103.6397901452001,0.012593720220017701],[103.63999014520009,0.010293720220017732],[103.64119014520008,0.0028937202200189915],[103.64909014520009,0.0026937202200176813],[103.65499014520009,0.0029937202200187585],[103.66519014520009,0.003993720220018204],[103.66919014520009,0.0037937202200186704]]]}},{"type":"Feature","properties":{"NAMA_PROP":"RIAU","NAMOBJ":"Bente","REMARK":null,"UUPP":"Hasil Delineasi Tahun 2018","SRS_ID":"SRGI 2013","WADMKD":"Bente","WADMKC":"Mandah","WIADKC":null,"WADMKK":"Indragiri Hilir","WIADKK":null,"WADMPR":"Riau","Coastal_Candidate":true,"Coast_Distance_M":0,"Intervention":false},"geometry":{"type":"Polygon","coordinates":[[[103.5733901452001,0.038493720220017735],[103.57539014520009,0.02709372022001766],[103.5750901452001,0.02409372022001932],[103.57869014520008,0.022593720220019264],[103.58059014520009,0.020293720220019296],[103.58399014520009,0.019193720220018307],[103.5883901452001,0.014793720220017903],[103.59029014520009,0.01089372022001811],[103.59459014520009,0.008693720220017909],[103.5977901452001,0.006493720220017707],[103.60189014520009,0.004793720220018116],[103.6024901452001,0.0006937202200187897],[103.6054901452001,-0.001006279779980801],[103.60879014520009,-0.002906279779981702],[103.6123901452001,-0.005206279779981671],[103.61229014520009,-0.007706279779981173],[103.6106901452001,-0.01060627977998152],[103.60889014520009,-0.01230627977998111],[103.60649014520008,-0.014406279779981546],[103.60329014520009,-0.016406279779982214],[103.6007901452001,-0.01790627977998227],[103.59769014520009,-0.01820627977998157],[103.59459014520009,-0.01960627977998186],[103.59169014520009,-0.021106279779981918],[103.58789014520009,-0.02220627977998113],[103.58389014520009,-0.020406279779981773],[103.57909014520008,-0.015006279779981924],[103.57709014520009,-0.012206279779981344],[103.5750901452001,-0.009506279779982307],[103.57199014520009,-0.006606279779981961],[103.56829014520008,-0.0007062797799815002],[103.56489014520008,0.0025937202200179144],[103.5601901452001,0.005493720220018261],[103.5575901452001,0.007993720220017764],[103.55559014520009,0.011593720220018255],[103.55389014520009,0.014393720220018835],[103.55019014520009,0.01849372022001816],[103.54709014520009,0.021193720220018974],[103.54209014520009,0.024393720220018622],[103.53919014520008,0.02639372022001929],[103.5365901452001,0.028593720220017715],[103.53299014520009,0.031093720220018994],[103.52879014520009,0.035393720220017855],[103.5262901452001,0.03749372022001829],[103.52209014520008,0.04169372022001916],[103.5168901452001,0.044093720220018895],[103.51509014520009,0.04169372022001916],[103.52009014520009,0.038493720220017735],[103.5232901452001,0.036093720220018],[103.51969014520009,0.03289372022001835],[103.51679014520009,0.02899372022001856],[103.51339014520009,0.03259372022001905],[103.50989014520009,0.03629372022001931],[103.5027901452001,0.03719372022001899],[103.49959014520009,0.03979372022001826],[103.49789014520009,0.04139372022001808],[103.49499014520009,0.04189372022001869],[103.49179014520008,0.04329372022001898],[103.49049014520008,0.04759372022001784],[103.48969014520009,0.05049372022001819],[103.48729014520009,0.05199372022001825],[103.48489014520008,0.05279372022001816],[103.48099014520008,0.05419372022001845],[103.4779901452001,0.05579372022001827],[103.47519014520009,0.057393720220018096],[103.4710901452001,0.05689372022001926],[103.46709014520009,0.06039372022001821],[103.46449014520009,0.061593720220018966],[103.46269014520009,0.06329372022001856],[103.4603901452001,0.064293720220018],[103.45889014520009,0.06669372022001774],[103.45549014520009,0.06849372022001887],[103.45219014520009,0.07029372022001823],[103.44919014520009,0.07139372022001922],[103.44609014520009,0.0725937202200182],[103.44349014520009,0.07399372022001849],[103.39709014520008,0.1115937202200179],[103.40229014520008,0.11259372022001912],[103.41619014520009,0.11519372022001839],[103.4196901452001,0.11579372022001877],[103.42009014520009,0.11189372022001898],[103.44729014520009,0.11589372022001854],[103.4676901452001,0.11899372022001842],[103.4847901452001,0.12129372022001839],[103.49109014520009,0.12119372022001862],[103.50089014520009,0.12499372022001864],[103.4976901452001,0.12939372022001905],[103.5031901452001,0.1300937202200192],[103.55549014520008,0.1361937202200192],[103.5733901452001,0.038493720220017735]]]}},{"type":"Feature","properties":{"NAMA_PROP":"RIAU","NAMOBJ":"Beting","REMARK":null,"UUPP":"Hasil Delineasi Tahun 2018","SRS_ID":"SRGI 2013","WADMKD":"Beting","WADMKC":"Rangsang Pesisir","WIADKC":"Rangsang Pesisir","WADMKK":"Kepulauan Meranti","WIADKK":"Kepulauan Meranti","WADMPR":"Riau","Coastal_Candidate":true,"Coast_Distance_M":0,"Intervention":false},"geometry":{"type":"Polygon","coordinates":[[[102.8233901452001,0.9875937202200191],[102.82109014520009,0.988093720220018],[102.8173901452001,0.9887937202200181],[102.81329014520009,0.989593720220018],[102.81059014520008,0.9901937202200184],[102.80849014520008,0.9910937202200181],[102.80579014520009,0.9930937202200187],[102.8032901452001,0.9954937202200185],[102.80149014520009,0.9975937202200189],[102.79969014520009,1.0000937202200184],[102.79789014520009,1.002893720220019],[102.79639014520009,1.0050937202200192],[102.7955901452001,1.0075937202200187],[102.79479014520008,1.0105937202200188],[102.79359014520008,1.0134937202200192],[102.79139014520008,1.0168937202200183],[102.78849014520009,1.0191937202200183],[102.7869901452001,1.0235937202200187],[102.78859014520009,1.0266937202200186],[102.79159014520009,1.0298937202200182],[102.79589014520009,1.0300937202200178],[102.80209014520008,1.0294937202200192],[102.80549014520008,1.0298937202200182],[102.80809014520008,1.0313937202200183],[102.81079014520009,1.0324937202200193],[102.8135901452001,1.0344937202200182],[102.81689014520009,1.0303937202200188],[102.8178901452001,1.0273937202200187],[102.8186901452001,1.023893720220018],[102.82009014520008,1.0221937202200184],[102.82239014520009,1.0210937202200192],[102.82519014520008,1.0201937202200178],[102.82869014520008,1.016993720220018],[102.83089014520009,1.014293720220019],[102.8315901452001,1.0103937202200193],[102.83179014520009,1.0072937202200194],[102.83139014520009,1.0050937202200192],[102.8306901452001,1.0010937202200179],[102.82889014520009,0.9977937202200184],[102.82819014520008,0.9939937202200184],[102.82519014520008,0.9908937202200185],[102.82289014520009,0.9897937202200193],[102.8233901452001,0.9875937202200191]]]}},{"type":"Feature","properties":{"NAMA_PROP":"RIAU","NAMOBJ":"Bidari Tanjung Datuk","REMARK":null,"UUPP":"Hasil Delineasi Tahun 2018","SRS_ID":"SRGI 2013","WADMKD":"Bidari Tanjung Datuk","WADMKC":"Mandah","WIADKC":null,"WADMKK":"Indragiri Hilir","WIADKK":null,"WADMPR":"Riau","Coastal_Candidate":true,"Coast_Distance_M":212.5,"Intervention":false},"geometry":{"type":"Polygon","coordinates":[[[103.80359014520009,0.016193720220018193],[103.80509014520008,0.014093720220017758],[103.8066901452001,0.011693720220018022],[103.80689014520009,0.008493720220018375],[103.8058901452001,0.0014937202200187016],[103.80429014520008,-0.002006279779982023],[103.8006901452001,-0.002806279779981935],[103.7972901452001,-0.0033062797799807697],[103.79029014520009,-0.002706279779982168],[103.78669014520008,-0.002506279779980858],[103.78329014520008,-0.002706279779982168],[103.77709014520009,-0.0033062797799807697],[103.7702901452001,-0.005006279779982137],[103.76349014520008,-0.005806279779982049],[103.7570901452001,-0.005706279779982282],[103.75249014520008,-0.005906279779981816],[103.7471901452001,0.02129372022001874],[103.74209014520008,0.04259372022001884],[103.73429014520009,0.0750937202200177],[103.74579014520009,0.07969372022001764],[103.75969014520008,0.07249372022001843],[103.76069014520009,0.0689937202200177],[103.76159014520009,0.06529372022001922],[103.76279014520009,0.060793720220019054],[103.76399014520008,0.05679372022001772],[103.76469014520009,0.053193720220019],[103.76529014520008,0.05049372022001819],[103.76589014520009,0.04739372022001831],[103.76629014520009,0.04379372022001782],[103.7668901452001,0.04089372022001925],[103.76769014520009,0.037293720220018756],[103.76879014520009,0.0335937202200185],[103.76969014520009,0.030893720220017684],[103.77369014520009,0.02219372022001842],[103.77809014520008,0.01849372022001816],[103.78049014520009,0.01489372022001767],[103.78579014520008,0.014793720220017903],[103.79879014520009,0.015793720220019125],[103.80359014520009,0.016193720220018193]]]}},{"type":"Feature","properties":{"NAMA_PROP":"RIAU","NAMOBJ":"Area Saling Klaim","REMARK":"Area Saling Klaim","UUPP":"Hasil Delineasi Tahun 2018","SRS_ID":"SRGI 2013","WADMKD":null,"WADMKC":null,"WIADKC":null,"WADMKK":"Indragiri Hilir","WIADKK":null,"WADMPR":"Riau","Coastal_Candidate":true,"Coast_Distance_M":196.9,"Intervention":false},"geometry":{"type":"Polygon","coordinates":[[[103.80359014520009,0.016193720220018193],[103.79879014520009,0.015793720220019125],[103.78579014520008,0.014793720220017903],[103.78049014520009,0.01489372022001767],[103.77809014520008,0.01849372022001816],[103.77369014520009,0.02219372022001842],[103.76969014520009,0.030893720220017684],[103.76879014520009,0.0335937202200185],[103.76769014520009,0.037293720220018756],[103.7668901452001,0.04089372022001925],[103.76629014520009,0.04379372022001782],[103.76589014520009,0.04739372022001831],[103.76529014520008,0.05049372022001819],[103.76469014520009,0.053193720220019],[103.76399014520008,0.05679372022001772],[103.76279014520009,0.060793720220019054],[103.76159014520009,0.06529372022001922],[103.76069014520009,0.0689937202200177],[103.75969014520008,0.07249372022001843],[103.74579014520009,0.07969372022001764],[103.77519014520009,0.09079372022001841],[103.77569014520009,0.08869372022001798],[103.77689014520008,0.08389372022001851],[103.77769014520008,0.0794937202200181],[103.7788901452001,0.0744937202200191],[103.78029014520008,0.06969372022001785],[103.78069014520008,0.06589372022001783],[103.78169014520009,0.06129372022001789],[103.78289014520008,0.05769372022001917],[103.78489014520008,0.051493720220017636],[103.78649014520009,0.04769372022001939],[103.7878901452001,0.04449372022001796],[103.78909014520009,0.040093720220019335],[103.7904901452001,0.037293720220018756],[103.79549014520009,0.028893720220018793],[103.79809014520009,0.024893720220019233],[103.80089014520009,0.020093720220017985],[103.80359014520009,0.016193720220018193]]]}},{"type":"Feature","properties":{"NAMA_PROP":"RIAU","NAMOBJ":"Bina Maju","REMARK":null,"UUPP":"Hasil Delineasi Tahun 2018","SRS_ID":"SRGI 2013","WADMKD":"Bina Maju","WADMKC":"Rangsang Barat","WIADKC":"Rangsang Barat","WADMKK":"Kepulauan Meranti","WIADKK":"Kepulauan Meranti","WADMPR":"Riau","Coastal_Candidate":true,"Coast_Distance_M":8,"Intervention":false},"geometry":{"type":"Polygon","coordinates":[[[102.7180901452001,1.0926937202200193],[102.72159014520008,1.0925937202200178],[102.72479014520009,1.0923937202200182],[102.73189014520008,1.0907937202200184],[102.72609014520009,1.0770937202200184],[102.72589014520008,1.0727937202200177],[102.72529014520009,1.0649937202200181],[102.7202901452001,1.065093720220018],[102.71779014520008,1.0673937202200179],[102.71729014520008,1.076093720220019],[102.71719014520009,1.0824937202200182],[102.71349014520008,1.0826937202200178],[102.71069014520009,1.0838937202200185],[102.70789014520008,1.0847937202200182],[102.70809014520009,1.0781937202200194],[102.70409014520008,1.0788937202200177],[102.70149014520008,1.0791937202200188],[102.69859014520009,1.079493720220018],[102.69469014520008,1.0800937202200185],[102.69179014520009,1.0804937202200193],[102.68889014520009,1.0812937202200192],[102.68489014520009,1.082193720220019],[102.68149014520009,1.0830937202200186],[102.67769014520009,1.0835937202200192],[102.67479014520009,1.084093720220018],[102.6786901452001,1.087893720220018],[102.67019014520008,1.0900937202200183],[102.67159014520008,1.0933937202200177],[102.67309014520009,1.0963937202200178],[102.67429014520009,1.0987937202200193],[102.67579014520008,1.1010937202200193],[102.67789014520008,1.1047937202200178],[102.68149014520009,1.1018937202200192],[102.68459014520009,1.101193720220019],[102.68739014520008,1.1001937202200178],[102.69189014520009,1.0989937202200188],[102.69699014520009,1.097093720220018],[102.69999014520009,1.0959937202200187],[102.7026901452001,1.0946937202200182],[102.70649014520009,1.0933937202200177],[102.70969014520008,1.0931937202200182],[102.71299014520008,1.0931937202200182],[102.71569014520009,1.0928937202200188],[102.7180901452001,1.0926937202200193]]]}},{"type":"Feature","properties":{"NAMA_PROP":"RIAU","NAMOBJ":"Bokor","REMARK":null,"UUPP":"Hasil Delineasi Tahun 2018","SRS_ID":"SRGI 2013","WADMKD":"Bokor","WADMKC":"Rangsang Barat","WIADKC":"Rangsang Barat","WADMKK":"Kepulauan Meranti","WIADKK":"Kepulauan Meranti","WADMPR":"Riau","Coastal_Candidate":true,"Coast_Distance_M":0,"Intervention":false},"geometry":{"type":"Polygon","coordinates":[[[102.76489014520008,1.0883937202200187],[102.7724901452001,1.087493720220019],[102.77319014520009,1.0829937202200188],[102.77369014520009,1.0792937202200186],[102.77429014520008,1.0751937202200192],[102.77489014520009,1.071193720220018],[102.77539014520009,1.0681937202200178],[102.77619014520009,1.0624937202200186],[102.77689014520008,1.0579937202200185],[102.77729014520008,1.055193720220018],[102.77789014520009,1.050893720220019],[102.77839014520009,1.0472937202200185],[102.7788901452001,1.0443937202200182],[102.77939014520008,1.0407937202200177],[102.78049014520009,1.0334937202200187],[102.78169014520009,1.0296937202200187],[102.77829014520009,1.0222937202200182],[102.77689014520008,1.0205937202200186],[102.7741901452001,1.0206937202200184],[102.77109014520009,1.0213937202200185],[102.76809014520009,1.0224937202200177],[102.76469014520009,1.024193720220019],[102.76179014520008,1.0258937202200187],[102.75839014520008,1.0280937202200189],[102.75419014520008,1.0315937202200178],[102.75159014520008,1.034893720220019],[102.74859014520008,1.0366937202200184],[102.74639014520008,1.0370937202200192],[102.74449014520009,1.038393720220018],[102.7424901452001,1.0393937202200192],[102.74039014520008,1.0393937202200192],[102.74449014520009,1.0887937202200177],[102.7471901452001,1.0884937202200184],[102.75119014520008,1.0879937202200178],[102.76029014520009,1.0877937202200183],[102.76489014520008,1.0883937202200187]]]}},{"type":"Feature","properties":{"NAMA_PROP":"RIAU","NAMOBJ":"Bolak Raya","REMARK":null,"UUPP":"Hasil Delineasi Tahun 2018","SRS_ID":"SRGI 2013","WADMKD":"Bolak Raya","WADMKC":"Mandah","WIADKC":null,"WADMKK":"Indragiri Hilir","WIADKK":null,"WADMPR":"Riau","Coastal_Candidate":true,"Coast_Distance_M":0,"Intervention":false},"geometry":{"type":"Polygon","coordinates":[[[103.54889014520009,-0.0005062797799819663],[103.55129014520008,-0.002506279779980858],[103.55339014520008,-0.005006279779982137],[103.55619014520009,-0.0067062797799817275],[103.55989014520009,-0.009306279779980997],[103.5618901452001,-0.01630627977998067],[103.56489014520008,-0.021206279779981685],[103.56819014520009,-0.025106279779981477],[103.56989014520009,-0.03150627977998077],[103.56949014520009,-0.03400627977998205],[103.56989014520009,-0.03610627977998071],[103.57009014520008,-0.03800627977998161],[103.57259014520008,-0.037006279779982165],[103.5755901452001,-0.03740627977998123],[103.57829014520009,-0.03630627977998202],[103.58129014520009,-0.03440627977998112],[103.58399014520009,-0.03290627977998106],[103.58719014520008,-0.03180627977998185],[103.5909901452001,-0.032506279779981995],[103.59339014520009,-0.034706279779982196],[103.5952901452001,-0.03840627977998068],[103.59559014520009,-0.042406279779982015],[103.59489014520008,-0.04510627977998105],[103.59319014520008,-0.04880627977998131],[103.59089014520009,-0.052106279779980724],[103.58819014520009,-0.054506279779982236],[103.58609014520009,-0.056306279779981594],[103.58369014520008,-0.058906279779980864],[103.57849014520009,-0.06030627977998115],[103.57019014520009,-0.0588062797799811],[103.56599014520009,-0.05550627977998168],[103.56079014520009,-0.05440627977998069],[103.55539014520009,-0.055206279779980605],[103.5502901452001,-0.05500627977998107],[103.54609014520008,-0.05480627977998154],[103.54169014520009,-0.054906279779981304],[103.53859014520009,-0.05320627977998171],[103.54039014520009,-0.04880627977998131],[103.53849014520009,-0.04700627977998195],[103.53459014520008,-0.04740627977998102],[103.53149014520008,-0.04530627977998236],[103.53009014520009,-0.042706279779981315],[103.52829014520009,-0.03640627977998179],[103.52689014520008,-0.03240627977998223],[103.52339014520008,-0.029406279779982114],[103.52129014520008,-0.02620627977998069],[103.5190901452001,-0.020406279779981773],[103.51499014520009,-0.016906279779981048],[103.51079014520009,-0.015906279779981602],[103.50769014520009,-0.015906279779981602],[103.50509014520009,-0.013506279779981867],[103.50339014520009,-0.011106279779982131],[103.5207901452001,-0.009706279779981841],[103.5267901452001,-0.00890627977998193],[103.52999014520009,-0.007706279779981173],[103.53249014520009,-0.0055062797799809715],[103.53559014520009,-0.004206279779982225],[103.53869014520009,-0.002506279779980858],[103.54159014520009,-0.0005062797799819663],[103.54409014520009,0.0006937202200187897],[103.54889014520009,-0.0005062797799819663]]]}},{"type":"Feature","properties":{"NAMA_PROP":"RIAU","NAMOBJ":"Bukit Batu","REMARK":null,"UUPP":"Hasil Delineasi Tahun 2018","SRS_ID":"SRGI 2013","WADMKD":"Bukit Batu","WADMKC":"Bukit Batu","WIADKC":null,"WADMKK":"Bengkalis","WIADKK":"Bengkalis","WADMPR":"Riau","Coastal_Candidate":true,"Coast_Distance_M":0,"Intervention":false},"geometry":{"type":"Polygon","coordinates":[[[102.03079014520009,1.4428937202200185],[102.02609014520009,1.4396937202200188],[102.02209014520008,1.4379937202200193],[102.0185901452001,1.4362937202200179],[102.01569014520008,1.434693720220018],[102.01459014520009,1.432793720220019],[102.0078901452001,1.4215937202200184],[101.99359014520009,1.3975937202200193],[101.98339014520009,1.380193720220019],[101.98359014520008,1.3700937202200176],[101.98379014520009,1.360393720220019],[101.98369014520009,1.3553937202200181],[101.98379014520009,1.3515937202200181],[101.98379014520009,1.3461937202200183],[101.98389014520009,1.3414937202200186],[101.98389014520009,1.3390937202200188],[101.98389014520009,1.3342937202200194],[101.98389014520009,1.3293937202200183],[101.98389014520009,1.325293720220019],[101.9753901452001,1.324993720220018],[101.96369014520009,1.3246937202200186],[101.96319014520009,1.318093720220018],[101.95159014520009,1.3128937202200177],[101.94919014520009,1.3117937202200185],[101.9466901452001,1.3097937202200178],[101.94139014520009,1.305493720220019],[101.93889014520009,1.3025937202200186],[101.93739014520008,1.3002937202200187],[101.93539014520009,1.297093720220019],[101.90839014520009,1.2969937202200192],[101.87999014520008,1.2969937202200192],[101.87999014520008,1.3474937202200188],[101.88669014520009,1.3475937202200186],[101.88989014520008,1.3501937202200178],[101.90209014520009,1.3598937202200183],[101.90459014520009,1.361893720220019],[101.91109014520009,1.3670937202200193],[101.9209901452001,1.3749937202200186],[101.92709014520008,1.3798937202200179],[101.93019014520009,1.382493720220019],[101.95259014520009,1.4012937202200177],[101.95699014520008,1.404993720220018],[101.96299014520008,1.4108937202200185],[101.97219014520009,1.4242937202200192],[101.9817901452001,1.4397937202200186],[101.98669014520009,1.447993720220019],[101.98929014520009,1.4532937202200191],[101.99019014520009,1.458393720220018],[101.99069014520009,1.4607937202200176],[101.99129014520008,1.4626937202200185],[101.99239014520009,1.4656937202200186],[101.9954901452001,1.4678937202200188],[101.99929014520009,1.4642937202200184],[102.00289014520008,1.462893720220018],[102.0044901452001,1.4595937202200187],[102.00889014520008,1.456793720220018],[102.01239014520009,1.454893720220019],[102.0151901452001,1.453393720220019],[102.01799014520009,1.4518937202200188],[102.01969014520009,1.4508937202200194],[102.02129014520008,1.4497937202200184],[102.02409014520009,1.4484937202200179],[102.02639014520008,1.446893720220018],[102.02869014520009,1.445393720220018],[102.03079014520009,1.4428937202200185]]]}},{"type":"Feature","properties":{"NAMA_PROP":"RIAU","NAMOBJ":"Bungsur","REMARK":null,"UUPP":"Hasil Delineasi Tahun 2018","SRS_ID":"SRGI 2013","WADMKD":"Bungsur","WADMKC":"Sungai Apit","WIADKC":"Sungai Apit","WADMKK":"Siak","WIADKK":"Siak","WADMPR":"Riau","Coastal_Candidate":true,"Coast_Distance_M":207.6,"Intervention":false},"geometry":{"type":"Polygon","coordinates":[[[102.21689014520008,1.0157937202200191],[102.21359014520009,1.0140937202200178],[102.2073901452001,1.013593720220019],[102.18189014520009,1.0114937202200185],[102.16169014520008,1.0092937202200183],[102.15639014520009,1.0090937202200188],[102.15369014520009,1.018893720220019],[102.15169014520009,1.0263937202200193],[102.15059014520008,1.0301937202200193],[102.14989014520009,1.0320937202200184],[102.15249014520009,1.0323937202200177],[102.15639014520009,1.0324937202200193],[102.16279014520009,1.0329937202200181],[102.16579014520009,1.0334937202200187],[102.1654901452001,1.0380937202200187],[102.16579014520009,1.046293720220019],[102.17249014520009,1.0469937202200192],[102.18249014520009,1.0475937202200178],[102.19819014520009,1.0484937202200193],[102.20129014520009,1.048593720220019],[102.20589014520009,1.0489937202200181],[102.2082901452001,1.044093720220019],[102.21029014520009,1.0400937202200193],[102.21249014520009,1.0316937202200194],[102.21309014520008,1.0278937202200193],[102.21389014520008,1.0236937202200185],[102.21689014520008,1.0157937202200191]]]}},{"type":"Feature","properties":{"NAMA_PROP":"RIAU","NAMOBJ":"Bungur","REMARK":null,"UUPP":"Hasil Delineasi Tahun 2018","SRS_ID":"SRGI 2013","WADMKD":"Bungur","WADMKC":"Rangsang Pesisir","WIADKC":"Rangsang Pesisir","WADMKK":"Kepulauan Meranti","WIADKK":"Kepulauan Meranti","WADMPR":"Riau","Coastal_Candidate":true,"Coast_Distance_M":0,"Intervention":false},"geometry":{"type":"Polygon","coordinates":[[[102.8897901452001,1.1258937202200183],[102.87629014520009,1.0471937202200188],[102.87449014520008,1.0510937202200186],[102.87209014520009,1.0534937202200183],[102.8683901452001,1.0545937202200193],[102.8661901452001,1.054693720220019],[102.86369014520008,1.0547937202200188],[102.86029014520008,1.0548937202200186],[102.85779014520008,1.0552937202200177],[102.85389014520008,1.0562937202200189],[102.85089014520008,1.0556937202200185],[102.8469901452001,1.054393720220018],[102.84369014520009,1.054393720220018],[102.8400901452001,1.055193720220018],[102.8370901452001,1.0547937202200188],[102.83419014520008,1.0532937202200188],[102.83119014520008,1.0517937202200187],[102.82779014520008,1.0510937202200186],[102.82399014520009,1.051293720220018],[102.82069014520009,1.0514937202200176],[102.82219014520008,1.0585937202200189],[102.82239014520009,1.060793720220019],[102.82259014520008,1.065093720220018],[102.82399014520009,1.068093720220018],[102.82799014520009,1.069993720220019],[102.83339014520008,1.0712937202200177],[102.8387901452001,1.071893720220018],[102.84319014520008,1.0725937202200182],[102.84939014520009,1.0727937202200177],[102.85029014520009,1.074993720220018],[102.8507901452001,1.077593720220019],[102.85169014520008,1.0809937202200182],[102.85329014520009,1.0831937202200184],[102.8554901452001,1.0847937202200182],[102.8614901452001,1.0858937202200192],[102.86629014520008,1.0852937202200188],[102.86909014520009,1.0888937202200193],[102.87209014520009,1.096593720220019],[102.87699014520008,1.1098937202200183],[102.87909014520008,1.117193720220019],[102.88269014520009,1.1280937202200185],[102.8863901452001,1.1268937202200178],[102.8897901452001,1.1258937202200183]]]}},{"type":"Feature","properties":{"NAMA_PROP":"RIAU","NAMOBJ":"Buruk Bakul","REMARK":null,"UUPP":"Hasil Delineasi Tahun 2018","SRS_ID":"SRGI 2013","WADMKD":"Buruk Bakul","WADMKC":"Bukit Batu","WIADKC":null,"WADMKK":"Bengkalis","WIADKK":"Bengkalis","WADMPR":"Riau","Coastal_Candidate":true,"Coast_Distance_M":0,"Intervention":true},"geometry":{"type":"Polygon","coordinates":[[[102.08349014520009,1.406493720220018],[102.08189014520009,1.4046937202200187],[102.08099014520009,1.4025937202200183],[102.07929014520009,1.3994937202200184],[102.07759014520009,1.3945937202200192],[102.07629014520009,1.3902937202200185],[102.07369014520009,1.3840937202200188],[102.0656901452001,1.3699937202200179],[102.0601901452001,1.3594937202200192],[102.0515901452001,1.3594937202200192],[102.04979014520009,1.3601937202200194],[102.03899014520009,1.3602937202200192],[102.03199014520008,1.3601937202200194],[102.02609014520009,1.3601937202200194],[102.01999014520008,1.3602937202200192],[102.01129014520009,1.3600937202200178],[102.00389014520009,1.3600937202200178],[101.99159014520009,1.3602937202200192],[101.9856901452001,1.360393720220019],[101.98379014520009,1.360393720220019],[101.98359014520008,1.3700937202200176],[101.98339014520009,1.380193720220019],[101.99359014520009,1.3975937202200193],[102.0078901452001,1.4215937202200184],[102.01459014520009,1.432793720220019],[102.01569014520008,1.434693720220018],[102.0185901452001,1.4362937202200179],[102.02209014520008,1.4379937202200193],[102.02609014520009,1.4396937202200188],[102.03079014520009,1.4428937202200185],[102.03379014520009,1.4423937202200179],[102.03469014520009,1.440093720220018],[102.0395901452001,1.437793720220018],[102.04099014520008,1.4362937202200179],[102.04239014520009,1.4345937202200183],[102.04509014520009,1.432393720220018],[102.04829014520008,1.429693720220019],[102.0506901452001,1.428193720220019],[102.05269014520009,1.4268937202200185],[102.05389014520009,1.4253937202200184],[102.0566901452001,1.4239937202200181],[102.06039014520009,1.4216937202200182],[102.06429014520009,1.4196937202200193],[102.06629014520009,1.4184937202200185],[102.0690901452001,1.4166937202200192],[102.07229014520009,1.4141937202200179],[102.0750901452001,1.411893720220018],[102.0789901452001,1.4097937202200193],[102.08189014520009,1.4079937202200181],[102.08349014520009,1.406493720220018]]]}},{"type":"Feature","properties":{"NAMA_PROP":"RIAU","NAMOBJ":"Centai","REMARK":null,"UUPP":"Hasil Delineasi Tahun 2018","SRS_ID":"SRGI 2013","WADMKD":"Centai","WADMKC":"Pulaumerbau","WIADKC":"Pulau Merbau","WADMKK":"Kepulauan Meranti","WIADKK":"Kepulauan Meranti","WADMPR":"Riau","Coastal_Candidate":true,"Coast_Distance_M":0,"Intervention":false},"geometry":{"type":"Polygon","coordinates":[[[102.6024901452001,1.0358937202200185],[102.59959014520008,1.0381937202200184],[102.59619014520008,1.036093720220018],[102.59319014520008,1.0361937202200178],[102.58969014520008,1.0354937202200176],[102.58609014520009,1.035293720220018],[102.5810901452001,1.0408937202200192],[102.57779014520008,1.0430937202200177],[102.57399014520009,1.0453937202200176],[102.55989014520009,1.050593720220018],[102.5635901452001,1.0519937202200182],[102.5656901452001,1.053193720220019],[102.56769014520009,1.0564937202200184],[102.56919014520008,1.0597937202200178],[102.56899014520009,1.0631937202200188],[102.56929014520009,1.0673937202200179],[102.56889014520009,1.070393720220018],[102.57089014520008,1.0742937202200178],[102.57199014520009,1.0765937202200178],[102.57499014520009,1.0796937202200176],[102.5776901452001,1.081793720220018],[102.57979014520009,1.0801937202200182],[102.58139014520009,1.0781937202200194],[102.5832901452001,1.0748937202200182],[102.59189014520008,1.065093720220018],[102.59509014520009,1.0602937202200184],[102.59689014520009,1.0580937202200182],[102.5990901452001,1.0556937202200185],[102.60289014520009,1.0532937202200188],[102.60479014520008,1.0527937202200182],[102.60659014520009,1.051693720220019],[102.60909014520008,1.0502937202200187],[102.6114901452001,1.048293720220018],[102.61089014520009,1.044493720220018],[102.60689014520008,1.042493720220019],[102.60489014520009,1.040993720220019],[102.60369014520009,1.0376937202200178],[102.6024901452001,1.0358937202200185]]]}},{"type":"Feature","properties":{"NAMA_PROP":"RIAU","NAMOBJ":"Damai","REMARK":null,"UUPP":"Hasil Delineasi Tahun 2018","SRS_ID":"SRGI 2013","WADMKD":"Damai","WADMKC":"Bengkalis","WIADKC":null,"WADMKK":"Bengkalis","WIADKK":"Bengkalis","WADMPR":"Riau","Coastal_Candidate":true,"Coast_Distance_M":0,"Intervention":false},"geometry":{"type":"Polygon","coordinates":[[[102.22199014520012,1.4792937202200234],[102.22119014520008,1.437093720220062],[102.2203128889617,1.4325102551059445],[102.21961929700007,1.4325016920001254],[102.21910421400021,1.432572738000172],[102.218553607,1.4326082610001782],[102.21787867000008,1.4326260220001545],[102.21736358700014,1.4326793070001775],[102.21724794800008,1.4327082170000942],[102.21693731100004,1.4327858760000318],[102.21640446600009,1.4328213990000405],[102.21572952900011,1.432839160000178],[102.21517892200013,1.4328391600002224],[102.21248805500018,1.4330967020001841],[102.21199073300006,1.433132225000217],[102.21185374100008,1.433145590000166],[102.21126251200006,1.4332032710000264],[102.21048100600007,1.4332565560000703],[102.20952188500002,1.433416409000074],[102.20913113200015,1.4334341710001426],[102.20843275099998,1.4335953350001078],[102.20820753400012,1.4336473090001518],[102.20745605268309,1.4337503549596806],[102.20604762982975,1.4339434827395647],[102.2055521900001,1.4340114190001088],[102.20507262900016,1.434064704000154],[102.20481202262152,1.4341428856762457],[102.20457278602902,1.4342146564239855],[102.20450414700022,1.4342527370001927],[102.20441598100018,1.4343225710001029],[102.20429959000025,1.434342759000184],[102.20417595500004,1.4343409810000136],[102.20382120400008,1.4343405440000878],[102.2036067217839,1.4343689736624037],[102.20342081000018,1.4344021720002145],[102.20337754442613,1.434405500128231],[102.20249721200014,1.4344732180000506],[102.20196436700019,1.4344909800000576],[102.2013427140002,1.4346153100001067],[102.20098040100015,1.4346642720000216],[102.20068553900008,1.4347041180001334],[102.20017045500009,1.434704118000145],[102.19999284000006,1.434810687000148],[102.19922909600007,1.434970540000187],[102.19891199258814,1.4349828950218826],[102.2001625628281,1.4386074044352242],[102.19999014520009,1.438593720220035],[102.1995901452001,1.4416937202200255],[102.1986901452001,1.4437937202200262],[102.19979014520008,1.4510937202200362],[102.20079014520009,1.4564937202199966],[102.20149014520008,1.4604937202200112],[102.20269014520011,1.464793720220033],[102.2039901452001,1.469593720220042],[102.20469014520009,1.4729937202200272],[102.2056901452001,1.4760937202200273],[102.20669014520008,1.4798937202200264],[102.20669014520008,1.4878937202200266],[102.21199014520009,1.4871937202200296],[102.21519014520008,1.4834937202200171],[102.2191901452001,1.4809937202200145],[102.22199014520012,1.4792937202200234]]]}},{"type":"Feature","properties":{"NAMA_PROP":"RIAU","NAMOBJ":"Darul Aman","REMARK":null,"UUPP":"Hasil Delineasi Tahun 2018","SRS_ID":"SRGI 2013","WADMKD":"Darul Aman","WADMKC":"Rupat","WIADKC":null,"WADMKK":"Bengkalis","WIADKK":"Bengkalis","WADMPR":"Riau","Coastal_Candidate":true,"Coast_Distance_M":0,"Intervention":false},"geometry":{"type":"MultiPolygon","coordinates":[[[[101.46819014520008,1.9711937202200183],[101.4607901452001,1.9382937202200186],[101.44229014520009,1.8780937202200185],[101.43609014520008,1.8608937202200178],[101.43419014520009,1.8544937202200185],[101.43549014520009,1.8494937202200177],[101.43649014520008,1.8466937202200189],[101.43789014520009,1.8414937202200186],[101.43849014520009,1.8392937202200184],[101.43929014520009,1.8376937202200185],[101.44039014520008,1.8357937202200176],[101.44169014520008,1.8335937202200192],[101.4428901452001,1.831393720220019],[101.44429014520009,1.8288937202200177],[101.44519014520009,1.826793720220019],[101.4440901452001,1.823793720220019],[101.44059014520009,1.8240937202200183],[101.43679014520009,1.8243937202200193],[101.43229014520008,1.8238937202200187],[101.42849014520009,1.8240937202200183],[101.42639014520009,1.8223937202200187],[101.42439014520009,1.8213937202200192],[101.42199014520008,1.8194937202200183],[101.42049014520009,1.8205937202200193],[101.41989014520009,1.822993720220019],[101.41919014520009,1.8259937202200192],[101.41879014520009,1.8280937202200178],[101.41809014520008,1.8306937202200189],[101.41739014520009,1.8337937202200187],[101.41679014520008,1.8362937202200182],[101.41609014520009,1.8388937202200193],[101.4149901452001,1.8422937202200185],[101.41399014520009,1.8453937202200184],[101.41309014520009,1.8478937202200179],[101.41179014520009,1.8515937202200181],[101.41049014520009,1.8547937202200178],[101.40939014520009,1.8575937202200183],[101.40809014520009,1.860393720220019],[101.40659014520008,1.8634937202200188],[101.40509014520009,1.8661937202200178],[101.40329014520009,1.8681937202200185],[101.40219014520008,1.8700937202200176],[101.40049014520008,1.873293720220019],[101.3978901452001,1.877093720220019],[101.39539014520008,1.880893720220019],[101.39259014520009,1.8856937202200186],[101.39089014520009,1.8898937202200177],[101.38959014520009,1.8929937202200193],[101.38839014520009,1.8956937202200184],[101.38729014520008,1.8981937202200179],[101.38579014520009,1.9006937202200191],[101.38489014520009,1.903493720220018],[101.38339014520008,1.9071937202200182],[101.3837901452001,1.9108937202200185],[101.38669014520009,1.913693720220019],[101.38859014520008,1.9170937202200182],[101.3901901452001,1.9196937202200193],[101.39129014520009,1.9219937202200192],[101.39169014520009,1.9253937202200184],[101.39299014520009,1.928593720220018],[101.39399014520009,1.9312937202200189],[101.39419014520008,1.933493720220019],[101.39349014520009,1.935793720220019],[101.39339014520009,1.9386937202200176],[101.39439014520009,1.9401937202200177],[101.39559014520009,1.9434937202200189],[101.39709014520008,1.947293720220019],[101.39799014520008,1.9504937202200185],[101.3978901452001,1.9551937202200182],[101.39819014520009,1.9591937202200178],[101.3982901452001,1.9620937202200182],[101.39819014520009,1.9640937202200188],[101.39799014520008,1.9663937202200188],[101.39799014520008,1.969393720220019],[101.39839014520008,1.9733937202200185],[101.39909014520009,1.9771937202200185],[101.39949014520009,1.981193720220018],[101.39979014520009,1.9848937202200183],[101.39949014520009,1.9884937202200188],[101.39899014520009,1.990693720220019],[101.39799014520008,1.9942937202200177],[101.3978901452001,1.9988937202200177],[101.46819014520008,1.9711937202200183]]],[[[101.36549014520008,1.8742937202200185],[101.36289014520008,1.8734937202200186],[101.36089014520009,1.8745937202200178],[101.3589901452001,1.8764937202200187],[101.3571901452001,1.8784937202200194],[101.3550901452001,1.8810937202200186],[101.3529901452001,1.884793720220019],[101.35349014520008,1.8872937202200184],[101.35559014520008,1.8882937202200178],[101.35769014520008,1.888593720220019],[101.35949014520008,1.888593720220019],[101.36139014520009,1.8884937202200192],[101.3631901452001,1.8870937202200189],[101.36529014520009,1.8840937202200188],[101.36699014520009,1.8807937202200193],[101.36589014520008,1.8784937202200194],[101.36549014520008,1.8742937202200185]]]]}},{"type":"Feature","properties":{"NAMA_PROP":"RIAU","NAMOBJ":"Darussalam","REMARK":null,"UUPP":"Hasil Delineasi Tahun 2018","SRS_ID":"SRGI 2013","WADMKD":"Darussalam","WADMKC":"Sinaboi","WIADKC":null,"WADMKK":"Rokan Hilir","WIADKK":null,"WADMPR":"Riau","Coastal_Candidate":true,"Coast_Distance_M":0,"Intervention":false},"geometry":{"type":"Polygon","coordinates":[[[101.14699014520009,2.156493720220018],[101.14379014520009,2.154293720220018],[101.14119014520008,2.152793720220018],[101.13939014520008,2.150393720220018],[101.13709014520009,2.1467937202200194],[101.13529014520009,2.143893720220019],[101.13359014520009,2.141593720220019],[101.13179014520009,2.1390937202200178],[101.13009014520009,2.136693720220018],[101.12829014520008,2.1345937202200194],[101.12479014520008,2.1318937202200186],[101.1226901452001,2.1296937202200183],[101.12099014520008,2.1280937202200185],[101.11949014520009,2.1261937202200176],[101.1191901452001,2.1241937202200187],[101.11889014520008,2.122493720220019],[101.11759014520008,2.119593720220019],[101.11489014520009,2.114093720220019],[101.11329014520008,2.1108937202200178],[101.11119014520008,2.106193720220018],[101.10769014520008,2.097893720220018],[101.11039014520009,2.093293720220018],[101.11219014520009,2.0906937202200186],[101.11529014520009,2.0869937202200184],[101.11799014520008,2.0845937202200187],[101.1208901452001,2.082593720220018],[101.12429014520009,2.079593720220018],[101.12729014520009,2.0766937202200193],[101.12939014520009,2.0743937202200193],[101.13189014520009,2.071993720220018],[101.12999014520008,2.0678937202200185],[101.12679014520009,2.063193720220019],[101.12469014520009,2.0601937202200187],[101.12229014520008,2.0567937202200177],[101.11809014520009,2.049893720220018],[101.1149901452001,2.044393720220018],[101.1114901452001,2.039093720220018],[101.10739014520009,2.033093720220018],[101.10359014520009,2.027693720220018],[101.1003901452001,2.022293720220018],[101.0969901452001,2.0168937202200183],[101.09369014520009,2.014793720220018],[101.08519014520009,2.0099937202200184],[101.0750901452001,2.0061937202200184],[101.06749014520008,2.005093720220019],[101.05809014520008,2.0041937202200177],[101.04869014520008,2.003293720220018],[101.04839014520009,2.0065937202200193],[101.04309014520008,2.0205937202200186],[101.03409014520008,2.041493720220018],[101.0258901452001,2.064993720220018],[101.0241901452001,2.0677937202200187],[101.01869014520008,2.076893720220019],[101.0185901452001,2.090293720220018],[101.01359014520008,2.0968937202200184],[101.01279014520009,2.0997937202200188],[101.01229014520008,2.1022937202200183],[101.0108901452001,2.107793720220018],[101.01039014520009,2.110093720220018],[101.01009014520008,2.1132937202200193],[101.00979014520009,2.1173937202200186],[101.00929014520008,2.119893720220018],[101.00949014520009,2.1242937202200185],[101.01009014520008,2.128693720220019],[101.01069014520009,2.133593720220018],[101.01169014520009,2.1390937202200178],[101.01249014520009,2.142893720220018],[101.01299014520009,2.1455937202200186],[101.01599014520009,2.1562937202200185],[101.01699014520008,2.159593720220018],[101.01799014520009,2.162993720220019],[101.01899014520009,2.1654937202200184],[101.02069014520009,2.1695937202200177],[101.0215901452001,2.1729937202200187],[101.02269014520009,2.175593720220018],[101.02339014520008,2.178193720220019],[101.02449014520009,2.182093720220019],[101.02519014520009,2.184693720220018],[101.02659014520009,2.187693720220018],[101.02819014520009,2.1916937202200177],[101.02949014520009,2.194193720220019],[101.03089014520009,2.1977937202200177],[101.03179014520009,2.200293720220019],[101.03269014520009,2.2042937202200186],[101.03349014520009,2.2065937202200185],[101.03429014520009,2.2088937202200185],[101.03549014520009,2.211793720220019],[101.03649014520009,2.2157937202200184],[101.03809014520009,2.218993720220018],[101.03929014520008,2.222093720220018],[101.04189014520009,2.226893720220019],[101.04359014520008,2.2297937202200178],[101.04519014520008,2.2331937202200187],[101.04669014520009,2.235693720220018],[101.04799014520009,2.2381937202200177],[101.04869014520008,2.240293720220018],[101.05009014520009,2.244493720220019],[101.05129014520008,2.248293720220019],[101.05149014520009,2.251293720220019],[101.05209014520008,2.2580937202200193],[101.05379014520008,2.259793720220019],[101.05519014520009,2.257193720220018],[101.05769014520008,2.256293720220018],[101.05859014520009,2.252193720220019],[101.05889014520008,2.2492937202200185],[101.06009014520009,2.247193720220018],[101.06229014520008,2.245193720220019],[101.0639901452001,2.2430937202200187],[101.06479014520009,2.241093720220018],[101.06609014520009,2.237993720220018],[101.0626901452001,2.236893720220019],[101.06629014520009,2.2336937202200193],[101.06599014520009,2.2309937202200185],[101.06729014520009,2.2286937202200185],[101.06929014520009,2.225493720220019],[101.07049014520008,2.222493720220019],[101.07179014520008,2.220593720220018],[101.07459014520009,2.216993720220019],[101.07679014520009,2.213593720220018],[101.0793901452001,2.2111937202200185],[101.08339014520008,2.2088937202200185],[101.08659014520009,2.2077937202200193],[101.09019014520008,2.2049937202200187],[101.09379014520009,2.202293720220018],[101.0952901452001,2.199493720220019],[101.0926901452001,2.1966937202200185],[101.08809014520008,2.1974937202200184],[101.08689014520009,2.194293720220019],[101.08809014520008,2.1916937202200177],[101.09149014520008,2.1904937202200188],[101.09539014520008,2.190393720220019],[101.0964901452001,2.1950937202200187],[101.09839014520009,2.197693720220018],[101.10069014520009,2.196393720220019],[101.10409014520009,2.193493720220019],[101.10759014520009,2.191993720220019],[101.10999014520009,2.1890937202200185],[101.11189014520009,2.187393720220019],[101.1144901452001,2.1848937202200194],[101.11759014520008,2.182093720220019],[101.11999014520009,2.1799937202200184],[101.12319014520008,2.177393720220019],[101.12629014520009,2.1746937202200183],[101.13069014520009,2.1707937202200185],[101.13529014520009,2.1668937202200187],[101.1375901452001,2.164893720220018],[101.14089014520009,2.162093720220019],[101.14389014520009,2.159193720220019],[101.14699014520009,2.156493720220018]]]}},{"type":"Feature","properties":{"NAMA_PROP":"RIAU","NAMOBJ":"Area Saling Klaim","REMARK":"Area Saling Klaim","UUPP":"Hasil Delineasi Tahun 2018","SRS_ID":"SRGI 2013","WADMKD":null,"WADMKC":null,"WIADKC":null,"WADMKK":"Rokan Hilir","WIADKK":null,"WADMPR":"Riau","Coastal_Candidate":true,"Coast_Distance_M":0,"Intervention":false},"geometry":{"type":"Polygon","coordinates":[[[101.05379014520008,2.259793720220019],[101.05209014520008,2.2580937202200193],[101.05149014520009,2.251293720220019],[101.05129014520008,2.248293720220019],[101.05009014520009,2.244493720220019],[101.04869014520008,2.240293720220018],[101.04799014520009,2.2381937202200177],[101.04669014520009,2.235693720220018],[101.04519014520008,2.2331937202200187],[101.04359014520008,2.2297937202200178],[101.04189014520009,2.226893720220019],[101.03929014520008,2.222093720220018],[101.03809014520009,2.218993720220018],[101.03649014520009,2.2157937202200184],[101.03549014520009,2.211793720220019],[101.03429014520009,2.2088937202200185],[101.03349014520009,2.2065937202200185],[101.03269014520009,2.2042937202200186],[101.03179014520009,2.200293720220019],[101.03089014520009,2.1977937202200177],[101.02949014520009,2.194193720220019],[101.02819014520009,2.1916937202200177],[101.02659014520009,2.187693720220018],[101.02519014520009,2.184693720220018],[101.02449014520009,2.182093720220019],[101.02339014520008,2.178193720220019],[101.02269014520009,2.175593720220018],[101.0215901452001,2.1729937202200187],[101.02069014520009,2.1695937202200177],[101.01899014520009,2.1654937202200184],[101.01799014520009,2.162993720220019],[101.01699014520008,2.159593720220018],[101.01599014520009,2.1562937202200185],[101.01299014520009,2.1455937202200186],[101.01249014520009,2.142893720220018],[101.01169014520009,2.1390937202200178],[101.01069014520009,2.133593720220018],[101.01009014520008,2.128693720220019],[101.00949014520009,2.1242937202200185],[101.00929014520008,2.119893720220018],[101.00979014520009,2.1173937202200186],[101.01009014520008,2.1132937202200193],[101.01039014520009,2.110093720220018],[101.0108901452001,2.107793720220018],[101.01229014520008,2.1022937202200183],[101.01279014520009,2.0997937202200188],[101.01359014520008,2.0968937202200184],[100.9988901452001,2.096693720220019],[100.9988901452001,2.129893720220018],[101.00329014520008,2.144593720220019],[101.00429014520009,2.1493937202200186],[101.00549014520008,2.1517937202200184],[101.00639014520009,2.154293720220018],[101.00519014520009,2.1570937202200184],[101.00479014520009,2.1601937202200183],[101.00389014520009,2.1638937202200186],[101.00349014520009,2.1670937202200182],[101.00199014520008,2.170593720220019],[101.0014901452001,2.1738937202200184],[101.00079014520009,2.1784937202200183],[100.99909014520009,2.1829937202200185],[100.9984901452001,2.1866937202200187],[100.99859014520008,2.190093720220018],[100.99829014520009,2.1936937202200184],[100.99739014520009,2.1974937202200184],[100.99629014520009,2.2001937202200192],[100.99659014520009,2.2039937202200193],[100.99569014520009,2.2072937202200187],[100.99559014520008,2.210993720220019],[100.99359014520009,2.2134937202200184],[100.99519014520008,2.2156937202200186],[100.99649014520008,2.218293720220018],[100.9954901452001,2.220793720220019],[100.99649014520008,2.2229937202200176],[100.9976901452001,2.2263937202200186],[100.99999014520009,2.228593720220019],[100.99729014520008,2.230493720220018],[100.99699014520009,2.2332937202200185],[100.99689014520008,2.236893720220019],[100.99639014520008,2.2400937202200186],[100.9933901452001,2.238793720220018],[100.99499014520009,2.241793720220018],[100.99599014520008,2.2446937202200186],[100.99329014520009,2.247593720220019],[100.99349014520008,2.2515937202200185],[100.99469014520008,2.2542937202200193],[100.99369014520009,2.256693720220019],[100.99439014520009,2.258593720220018],[100.99619014520009,2.259493720220018],[101.00079014520009,2.262393720220018],[101.00459014520008,2.2641937202200193],[101.01029014520009,2.2648937202200177],[101.01459014520009,2.265793720220019],[101.01899014520009,2.2667937202200186],[101.0228901452001,2.268493720220018],[101.02969014520009,2.271093720220019],[101.03269014520009,2.273493720220019],[101.03689014520009,2.276093720220018],[101.04079014520009,2.280693720220018],[101.04349014520008,2.2857937202200187],[101.04689014520008,2.289093720220018],[101.05009014520009,2.285393720220018],[101.05279014520009,2.283093720220018],[101.05609014520009,2.279493720220019],[101.05719014520008,2.2755937202200194],[101.05439014520009,2.2698937202200185],[101.05529014520009,2.2683937202200184],[101.05449014520009,2.266193720220018],[101.0536901452001,2.263493720220019],[101.05379014520008,2.259793720220019]]]}},{"type":"Feature","properties":{"NAMA_PROP":"RIAU","NAMOBJ":"Deluk","REMARK":null,"UUPP":"Hasil Delineasi Tahun 2018","SRS_ID":"SRGI 2013","WADMKD":"Deluk","WADMKC":"Bantan","WIADKC":null,"WADMKK":"Bengkalis","WIADKK":"Bengkalis","WADMPR":"Riau","Coastal_Candidate":true,"Coast_Distance_M":0,"Intervention":false},"geometry":{"type":"Polygon","coordinates":[[[102.23169014520009,1.565393720220019],[102.2313901452001,1.5618937202200183],[102.22859014520009,1.558493720220019],[102.22529014520009,1.5579937202200185],[102.2219901452001,1.559693720220018],[102.21759014520009,1.5620937202200178],[102.21349014520008,1.5616937202200187],[102.21159014520009,1.5580937202200182],[102.21229014520009,1.555193720220018],[102.21299014520008,1.552093720220018],[102.21149014520009,1.5491937202200177],[102.20949014520009,1.547893720220019],[102.19919014520009,1.551693720220019],[102.19659014520009,1.5507937202200193],[102.19519014520009,1.5541937202200184],[102.19279014520009,1.5529937202200177],[102.18999014520008,1.5536937202200178],[102.18929014520009,1.557793720220019],[102.18479014520008,1.5578937202200187],[102.18569014520008,1.569193720220019],[102.18979014520009,1.5686937202200184],[102.1919901452001,1.5682937202200193],[102.19529014520009,1.5679937202200183],[102.19879014520009,1.567693720220019],[102.20279014520008,1.5675937202200192],[102.20729014520009,1.5671937202200183],[102.21179014520008,1.5671937202200183],[102.21659014520009,1.5667937202200193],[102.21919014520009,1.5666937202200177],[102.22309014520009,1.5666937202200177],[102.22849014520008,1.566593720220018],[102.23169014520009,1.565393720220019]]]}},{"type":"Feature","properties":{"NAMA_PROP":"RIAU","NAMOBJ":"Dwi Tunggal","REMARK":null,"UUPP":"Hasil Delineasi Tahun 2018","SRS_ID":"SRGI 2013","WADMKD":"Dwi Tunggal","WADMKC":"Rangsang","WIADKC":"Rangsang","WADMKK":"Kepulauan Meranti","WIADKK":"Kepulauan Meranti","WADMPR":"Riau","Coastal_Candidate":true,"Coast_Distance_M":0,"Intervention":false},"geometry":{"type":"Polygon","coordinates":[[[103.11649014520009,0.8792937202200193],[103.11559014520009,0.8745937202200178],[103.11439014520009,0.8702937202200189],[103.11209014520009,0.8601937202200194],[103.11059014520009,0.8556937202200192],[103.1089901452001,0.852393720220018],[103.10429014520008,0.8449937202200193],[103.10159014520009,0.840193720220018],[103.10189014520009,0.8370937202200182],[103.10179014520008,0.8347937202200182],[103.09899014520009,0.8339937202200183],[103.0994901452001,0.8278937202200183],[103.0969901452001,0.8277937202200185],[103.09419014520009,0.827993720220018],[103.09119014520009,0.8282937202200191],[103.08779014520009,0.8288937202200177],[103.08959014520009,0.841293720220019],[103.09189014520008,0.8507937202200182],[103.09429014520009,0.859593720220019],[103.09539014520008,0.8647937202200193],[103.09639014520009,0.8676937202200179],[103.10049014520008,0.890493720220018],[103.11649014520009,0.8792937202200193]]]}},{"type":"Feature","properties":{"NAMA_PROP":"RIAU","NAMOBJ":"Gemala Sari","REMARK":null,"UUPP":"Hasil Delineasi Tahun 2018","SRS_ID":"SRGI 2013","WADMKD":"Gemala Sari","WADMKC":"Rangsang","WIADKC":"Rangsang","WADMKK":"Kepulauan Meranti","WIADKK":"Kepulauan Meranti","WADMPR":"Riau","Coastal_Candidate":true,"Coast_Distance_M":0,"Intervention":false},"geometry":{"type":"Polygon","coordinates":[[[103.05149014520009,0.9312937202200189],[103.05059014520009,0.9287937202200194],[103.04849014520009,0.9214937202200186],[103.04759014520009,0.9181937202200192],[103.04659014520008,0.9146937202200185],[103.04339014520009,0.9031937202200186],[103.04119014520009,0.8952937202200193],[103.03799014520008,0.8835937202200181],[103.03159014520008,0.8731937202200193],[103.02769014520008,0.8672937202200188],[103.02519014520009,0.869193720220018],[103.02309014520009,0.8704937202200185],[103.02069014520009,0.8721937202200181],[103.01809014520009,0.8736937202200181],[103.0155901452001,0.8753937202200177],[103.0125901452001,0.8772937202200186],[103.0091901452001,0.8791937202200177],[103.00569014520009,0.8815937202200193],[103.00259014520009,0.8836937202200179],[102.99929014520009,0.8856937202200186],[102.99609014520009,0.8873937202200182],[102.9937901452001,0.888993720220018],[102.99139014520009,0.8902937202200185],[102.9890901452001,0.8916937202200188],[102.98679014520009,0.8928937202200178],[102.98449014520008,0.8940937202200185],[102.98199014520009,0.8952937202200193],[102.97889014520008,0.8966937202200178],[102.97529014520009,0.8979937202200183],[102.97079014520008,0.8997937202200177],[102.9663901452001,0.9012937202200177],[102.9633901452001,0.9023937202200187],[102.96069014520009,0.9035937202200177],[102.95729014520009,0.9048937202200182],[102.95369014520008,0.9065937202200178],[102.9500901452001,0.9092937202200186],[102.9466901452001,0.912193720220019],[102.94479014520009,0.9149937202200178],[102.94339014520008,0.9173937202200193],[102.94219014520009,0.919493720220018],[102.9406901452001,0.9215937202200184],[102.93909014520008,0.9236937202200188],[102.95599014520009,0.9419937202200188],[102.97039014520008,0.9595937202200187],[102.97189014520009,0.9614937202200178],[102.98389014520009,0.9768937202200192],[102.99929014520009,0.9748937202200185],[103.01319014520008,0.9617937202200189],[103.02649014520009,0.9492937202200178],[103.02989014520008,0.9461937202200179],[103.03859014520009,0.9379937202200193],[103.04249014520009,0.9361937202200181],[103.05149014520009,0.9312937202200189]]]}},{"type":"Feature","properties":{"NAMA_PROP":"RIAU","NAMOBJ":"Gogok Darussalam","REMARK":null,"UUPP":"Hasil Delineasi Tahun 2018","SRS_ID":"SRGI 2013","WADMKD":"Gogok Darussalam","WADMKC":"Tebing Tinggi Barat","WIADKC":"Tebing Tinggi Barat","WADMKK":"Kepulauan Meranti","WIADKK":"Kepulauan Meranti","WADMPR":"Riau","Coastal_Candidate":true,"Coast_Distance_M":233.2,"Intervention":false},"geometry":{"type":"Polygon","coordinates":[[[102.66069014520009,0.9766937202200179],[102.65809014520009,0.977393720220018],[102.65549014520009,0.9781937202200179],[102.65189014520008,0.9778937202200186],[102.6495901452001,0.9775937202200193],[102.6457901452001,0.976993720220019],[102.64239014520008,0.9764937202200183],[102.63939014520008,0.9766937202200179],[102.63859014520008,0.9791937202200192],[102.63599014520008,0.9820937202200177],[102.6354901452001,0.9867937202200192],[102.63849014520008,0.9848937202200183],[102.64449014520008,0.987293720220018],[102.65489014520008,0.9912937202200194],[102.65959014520008,0.9930937202200187],[102.66049014520009,0.9914937202200189],[102.66169014520008,0.9889937202200176],[102.66309014520009,0.9861937202200188],[102.66349014520009,0.9833937202200183],[102.66219014520009,0.9800937202200188],[102.66069014520009,0.9766937202200179]]]}},{"type":"Feature","properties":{"NAMA_PROP":"RIAU","NAMOBJ":"Insit","REMARK":null,"UUPP":"Hasil Delineasi Tahun 2018","SRS_ID":"SRGI 2013","WADMKD":"Insit","WADMKC":"Tebing Tinggi Barat","WIADKC":"Tebing Tinggi Barat","WADMKK":"Kepulauan Meranti","WIADKK":"Kepulauan Meranti","WADMPR":"Riau","Coastal_Candidate":true,"Coast_Distance_M":0,"Intervention":false},"geometry":{"type":"Polygon","coordinates":[[[102.68029014520009,0.9785937202200188],[102.67139014520009,0.9715937202200191],[102.66069014520009,0.9766937202200179],[102.66219014520009,0.9800937202200188],[102.66349014520009,0.9833937202200183],[102.66309014520009,0.9861937202200188],[102.66169014520008,0.9889937202200176],[102.66049014520009,0.9914937202200189],[102.65959014520008,0.9930937202200187],[102.66239014520009,0.9966937202200192],[102.66579014520009,0.998293720220019],[102.66849014520008,0.9998937202200189],[102.6709901452001,1.000593720220019],[102.67349014520009,1.0018937202200178],[102.67419014520009,0.9999937202200186],[102.67589014520009,0.9959937202200191],[102.67799014520008,0.9909937202200183],[102.67889014520009,0.985793720220018],[102.68029014520009,0.9785937202200188]]]}},{"type":"Feature","properties":{"NAMA_PROP":"RIAU","NAMOBJ":"Jangkang","REMARK":null,"UUPP":"Hasil Delineasi Tahun 2018","SRS_ID":"SRGI 2013","WADMKD":"Jangkang","WADMKC":"Bantan","WIADKC":null,"WADMKK":"Bengkalis","WIADKK":"Jangkang","WADMPR":"Riau","Coastal_Candidate":true,"Coast_Distance_M":0,"Intervention":false},"geometry":{"type":"Polygon","coordinates":[[[102.18569014520008,1.569193720220019],[102.18479014520008,1.5578937202200187],[102.18929014520009,1.557793720220019],[102.18999014520008,1.5536937202200178],[102.19279014520009,1.5529937202200177],[102.19519014520009,1.5541937202200184],[102.19659014520009,1.5507937202200193],[102.19919014520009,1.551693720220019],[102.20949014520009,1.547893720220019],[102.2073901452001,1.5466937202200182],[102.20459014520009,1.545993720220018],[102.20279014520008,1.542493720220019],[102.20179014520009,1.5393937202200192],[102.19999014520009,1.5373937202200185],[102.19759014520008,1.5343937202200184],[102.19439014520009,1.5351937202200183],[102.19089014520009,1.5353937202200179],[102.18869014520008,1.5336937202200183],[102.1863901452001,1.5351937202200183],[102.18419014520009,1.5357937202200187],[102.18179014520008,1.5357937202200187],[102.17889014520009,1.5359937202200182],[102.17579014520008,1.5365937202200186],[102.17389014520009,1.5385937202200193],[102.17259014520009,1.5403937202200186],[102.17089014520009,1.541793720220019],[102.16879014520009,1.5438937202200194],[102.16399014520009,1.549793720220018],[102.16189014520009,1.5525937202200186],[102.15229014520008,1.5522937202200193],[102.15409014520009,1.560093720220019],[102.15449014520009,1.5707937202200188],[102.15339014520009,1.5770937202200184],[102.15659014520008,1.5763937202200182],[102.15999014520008,1.5754937202200185],[102.16389014520009,1.574493720220019],[102.1679901452001,1.5734937202200179],[102.17239014520008,1.5721937202200191],[102.17559014520009,1.5715937202200188],[102.17909014520009,1.5704937202200178],[102.1816901452001,1.569993720220019],[102.18569014520008,1.569193720220019]]]}},{"type":"Feature","properties":{"NAMA_PROP":"RIAU","NAMOBJ":"Kampung Baru","REMARK":null,"UUPP":"Hasil Delineasi Tahun 2018","SRS_ID":"SRGI 2013","WADMKD":"Kampung Baru","WADMKC":"Concong","WIADKC":null,"WADMKK":"Indragiri Hilir","WIADKK":null,"WADMPR":"Riau","Coastal_Candidate":true,"Coast_Distance_M":70.4,"Intervention":false},"geometry":{"type":"Polygon","coordinates":[[[103.61369014520008,-0.22810627977998088],[103.60829014520009,-0.23450627977998195],[103.60619014520009,-0.23730627977998076],[103.6050901452001,-0.23980627977998203],[103.60479014520008,-0.24280627977998215],[103.60489014520009,-0.24540627977998142],[103.60539014520009,-0.24700627977998124],[103.60339014520008,-0.24970627977998205],[103.60169014520008,-0.25170627977998095],[103.59889014520009,-0.2521062797799818],[103.59579014520008,-0.2524062797799811],[103.59289014520009,-0.252006279779982],[103.58989014520009,-0.25170627977998095],[103.58849014520008,-0.25360627977998185],[103.58779014520009,-0.2559062797799818],[103.58569014520009,-0.26110627977998213],[103.5810901452001,-0.27470627977998063],[103.57879014520009,-0.28680627977998085],[103.57689014520008,-0.30480627977998154],[103.56349014520009,-0.30690627977998197],[103.56219014520009,-0.30090627977998174],[103.5613901452001,-0.2933062797799817],[103.55599014520008,-0.2794062797799821],[103.55259014520009,-0.2734062797799819],[103.55049014520009,-0.2687062797799822],[103.54869014520008,-0.26360627977998163],[103.54589014520009,-0.25880627977998216],[103.54149014520009,-0.2518062797799807],[103.53889014520009,-0.24480627977998104],[103.53499014520008,-0.23450627977998195],[103.53169014520009,-0.2228062797799808],[103.53479014520009,-0.22060627977998237],[103.53729014520009,-0.21900627977998077],[103.54029014520009,-0.21830627977998063],[103.5442901452001,-0.21870627977998147],[103.55209014520008,-0.21790627977998156],[103.55559014520009,-0.21690627977998211],[103.55899014520008,-0.21710627977998165],[103.56279014520008,-0.21910627977998232],[103.56709014520008,-0.22210627977998065],[103.57349014520008,-0.22450627977998217],[103.58149014520009,-0.22650627977998106],[103.59069014520009,-0.2272062797799812],[103.60629014520009,-0.22750627977998228],[103.61369014520008,-0.22810627977998088]]]}},{"type":"Feature","properties":{"NAMA_PROP":"RIAU","NAMOBJ":"Kayu Ara Permai","REMARK":null,"UUPP":"Hasil Delineasi Tahun 2018","SRS_ID":"SRGI 2013","WADMKD":"Kayu Ara Permai","WADMKC":"Sungai Apit","WIADKC":"Sungai Apit","WADMKK":"Siak","WIADKK":"Siak","WADMPR":"Riau","Coastal_Candidate":true,"Coast_Distance_M":0,"Intervention":false},"geometry":{"type":"MultiPolygon","coordinates":[[[[102.19329014520008,1.1500937202200188],[102.19259014520009,1.1574937202200193],[102.19109014520009,1.1684937202200185],[102.19049014520009,1.1730937202200185],[102.18949014520008,1.1797937202200188],[102.18799014520009,1.1908937202200178],[102.1868901452001,1.1986937202200192],[102.18459014520009,1.2056937202200189],[102.18149014520009,1.2152937202200178],[102.17849014520009,1.220893720220019],[102.17389014520009,1.227693720220019],[102.17609014520009,1.2293937202200187],[102.17879014520008,1.230493720220018],[102.1812901452001,1.2290937202200194],[102.1833901452001,1.227393720220018],[102.18559014520008,1.2252937202200194],[102.18759014520009,1.2234937202200182],[102.18999014520008,1.2216937202200189],[102.19049014520009,1.2190937202200178],[102.19429014520009,1.2138937202200193],[102.19729014520009,1.2092937202200194],[102.19989014520009,1.205293720220018],[102.20129014520009,1.2026937202200187],[102.20249014520009,1.199493720220019],[102.20389014520009,1.193893720220018],[102.20369014520008,1.1862937202200179],[102.20249014520009,1.1806937202200185],[102.20069014520008,1.1730937202200185],[102.1988901452001,1.1652937202200189],[102.1970901452001,1.159093720220019],[102.19329014520008,1.1500937202200188]]],[[[102.18809014520009,1.1318937202200186],[102.1876901452001,1.1348937202200187],[102.18959014520009,1.1357937202200183],[102.18809014520009,1.1318937202200186]]],[[[102.18289014520009,1.1091937202200182],[102.17719014520009,1.117993720220019],[102.17839014520008,1.1219937202200185],[102.18059014520009,1.1243937202200183],[102.18809014520009,1.1318937202200186],[102.1876901452001,1.128693720220019],[102.18569014520008,1.121493720220018],[102.18449014520009,1.116493720220019],[102.18389014520008,1.1124937202200194],[102.18289014520009,1.1091937202200182]]]]}},{"type":"Feature","properties":{"NAMA_PROP":"RIAU","NAMOBJ":"Kedabu Rapat","REMARK":null,"UUPP":"Hasil Delineasi Tahun 2018","SRS_ID":"SRGI 2013","WADMKD":"Kedabu Rapat","WADMKC":"Rangsang Pesisir","WIADKC":"Rangsang Pesisir","WADMKK":"Kepulauan Meranti","WIADKK":"Kepulauan Meranti","WADMPR":"Riau","Coastal_Candidate":true,"Coast_Distance_M":0,"Intervention":false},"geometry":{"type":"Polygon","coordinates":[[[102.7728901452001,1.1581937202200177],[102.77359014520009,1.1460937202200192],[102.7745901452001,1.1333937202200186],[102.77869014520009,1.1195937202200188],[102.78149014520008,1.1100937202200178],[102.77869014520009,1.1098937202200183],[102.77009014520009,1.1090937202200184],[102.76679014520009,1.1098937202200183],[102.76419014520009,1.1101937202200194],[102.76039014520009,1.109593720220019],[102.75729014520009,1.1091937202200182],[102.75349014520009,1.1093937202200177],[102.75039014520009,1.1082937202200185],[102.74699014520009,1.1075937202200183],[102.74429014520008,1.1091937202200182],[102.73849014520009,1.1101937202200194],[102.7390901452001,1.1151937202200184],[102.73929014520009,1.1197937202200183],[102.73639014520009,1.1220937202200183],[102.73169014520009,1.1256937202200188],[102.73059014520008,1.127893720220019],[102.72849014520008,1.1311937202200184],[102.72659014520009,1.1341937202200185],[102.72499014520008,1.1360937202200176],[102.72289014520008,1.1376937202200192],[102.71959014520009,1.1396937202200181],[102.71749014520009,1.1420937202200179],[102.72039014520008,1.1452937202200193],[102.72389014520009,1.1474937202200177],[102.72729014520009,1.1495937202200182],[102.7304901452001,1.1509937202200184],[102.73359014520008,1.1527937202200178],[102.73629014520009,1.1544937202200192],[102.73939014520009,1.1551937202200193],[102.74229014520009,1.1562937202200185],[102.74519014520008,1.156493720220018],[102.74729014520008,1.1567937202200191],[102.7493901452001,1.1565937202200178],[102.75169014520009,1.1574937202200193],[102.75469014520009,1.1591937202200189],[102.75859014520009,1.159093720220019],[102.76179014520008,1.1585937202200185],[102.7651901452001,1.1589937202200193],[102.76739014520008,1.158393720220019],[102.7702901452001,1.1589937202200193],[102.7728901452001,1.1581937202200177]]]}},{"type":"Feature","properties":{"NAMA_PROP":"RIAU","NAMOBJ":"Kelapapati","REMARK":null,"UUPP":"Hasil Delineasi Tahun 2018","SRS_ID":"SRGI 2013","WADMKD":"Kelapapati","WADMKC":"Bengkalis","WIADKC":null,"WADMKK":"Bengkalis","WIADKK":"Bengkalis","WADMPR":"Riau","Coastal_Candidate":true,"Coast_Distance_M":0,"Intervention":true},"geometry":{"type":"Polygon","coordinates":[[[102.10449014520009,1.484593720220019],[102.10819014520008,1.4818937202200182],[102.10609014520008,1.478193720220018],[102.10449014520009,1.476193720220019],[102.10289014520009,1.4736937202200178],[102.10169014520008,1.472093720220018],[102.09939014520009,1.472793720220018],[102.09709014520008,1.4740937202200186],[102.09419014520009,1.475893720220018],[102.09149014520008,1.477693720220019],[102.08939014520008,1.4790937202200194],[102.08769014520009,1.480493720220018],[102.0857901452001,1.4821937202200193],[102.08359014520009,1.4838937202200189],[102.08129014520009,1.485393720220019],[102.07989014520008,1.4874937202200194],[102.0815901452001,1.4894937202200182],[102.08489014520009,1.4908937202200185],[102.09089014520009,1.4920937202200193],[102.09919014520008,1.487693720220019],[102.10189014520009,1.4871937202200183],[102.10449014520009,1.484593720220019]]]}},{"type":"Feature","properties":{"NAMA_PROP":"RIAU","NAMOBJ":"Kelebuk","REMARK":null,"UUPP":"Hasil Delineasi Tahun 2018","SRS_ID":"SRGI 2013","WADMKD":"Kelebuk","WADMKC":"Bengkalis","WIADKC":null,"WADMKK":"Bengkalis","WIADKK":"Bengkalis","WADMPR":"Riau","Coastal_Candidate":true,"Coast_Distance_M":0,"Intervention":false},"geometry":{"type":"Polygon","coordinates":[[[102.19959014520008,1.4416937202201099],[102.19999014520012,1.438593720220035],[102.20016256282821,1.438607404433575],[102.19891199258814,1.4349828950218826],[102.19854527799998,1.434997183000128],[102.19838542500021,1.4351215130001338],[102.19819004800009,1.4350682290001753],[102.19787034100017,1.435121513000141],[102.19772824900015,1.435192559000148],[102.19735525800013,1.4351570360001515],[102.19671584400017,1.4352280820001604],[102.19630732900004,1.4353701740001834],[102.19607643000019,1.4354945050000794],[102.19588105300012,1.4354056970000337],[102.19574689400008,1.4353654489999992],[102.1955258230002,1.4352991280001717],[102.19490417100009,1.4353346510001763],[102.19414042600005,1.435423459000068],[102.19351877400011,1.4356721200000992],[102.19311025900016,1.4356898810000982],[102.19091671400015,1.4361605610001367],[102.19020625400015,1.436302653000191],[102.18953131700016,1.436462506000108],[102.18906951800007,1.436586837000068],[102.18869652699999,1.4366223600000603],[102.18816368200005,1.436799975000096],[102.18784397500019,1.4368532590002223],[102.18739993700001,1.4369420670001247],[102.1871884280002,1.4370416140000646],[102.18709799200019,1.4370841590001893],[102.18699822320906,1.4371539968730613],[102.18734552375402,1.4382539323474899],[102.18619014520011,1.4421937202201085],[102.18619014520009,1.4458937202200235],[102.1867901452001,1.4501937202200332],[102.18699014520008,1.4538937202200175],[102.18679014520009,1.4598937202200004],[102.1883901452001,1.461893720220031],[102.1902901452001,1.466293720220017],[102.19179014520009,1.4707937202200436],[102.1932901452001,1.476293720220025],[102.19739014520009,1.4909937202200025],[102.2030901452001,1.4891937202200363],[102.20669014520008,1.4878937202200266],[102.20669014520008,1.4798937202200264],[102.2056901452001,1.4760937202200273],[102.20469014520009,1.4729937202200272],[102.2039901452001,1.469593720220042],[102.20269014520011,1.464793720220033],[102.20149014520008,1.4604937202200112],[102.20079014520009,1.4564937202199966],[102.19979014520008,1.4510937202200362],[102.1986901452001,1.4437937202200262],[102.19959014520008,1.4416937202201099]]]}},{"type":"Feature","properties":{"NAMA_PROP":"RIAU","NAMOBJ":"Kelemantan","REMARK":null,"UUPP":"Hasil Delineasi Tahun 2018","SRS_ID":"SRGI 2013","WADMKD":"Kelemantan","WADMKC":"Bengkalis","WIADKC":null,"WADMKK":"Bengkalis","WIADKK":"Bengkalis","WADMPR":"Riau","Coastal_Candidate":true,"Coast_Distance_M":0,"Intervention":false},"geometry":{"type":"Polygon","coordinates":[[[102.45699014520008,1.3349937202200326],[102.42834446058069,1.3031405303528165],[102.4271901452001,1.3039937202200331],[102.42499014520008,1.305593720220055],[102.42059014520011,1.308993720220027],[102.41839014520009,1.310493720220039],[102.4158901452001,1.3120937202200136],[102.41319014520009,1.313893720220051],[102.40969014520009,1.3159937202200267],[102.40609014520008,1.3179937202200573],[102.40319014520009,1.3197937202200347],[102.40269014520008,1.3214937202200567],[102.4051901452001,1.3234937202200123],[102.40679014520009,1.3255937202200392],[102.40889014520009,1.3280937202200567],[102.41059014520009,1.3313937202200163],[102.41169014520007,1.333593720220014],[102.41379014520011,1.3370937202200208],[102.41709014520009,1.3419937202200307],[102.42029014520008,1.3469937202200126],[102.43129014520011,1.3628937202200166],[102.43359014520009,1.3604937202200296],[102.43719014520009,1.3552937202200324],[102.4391901452001,1.3523937202200143],[102.4455901452001,1.3471937202200526],[102.45109014520008,1.3412937202200323],[102.45309014520011,1.3391937202200361],[102.45699014520008,1.3349937202200326]]]}},{"type":"Feature","properties":{"NAMA_PROP":"RIAU","NAMOBJ":"Kelemantan Barat","REMARK":null,"UUPP":"Hasil Delineasi Tahun 2018","SRS_ID":"SRGI 2013","WADMKD":"Kelemantan Barat","WADMKC":"Bengkalis","WIADKC":null,"WADMKK":"Bengkalis","WIADKK":"Bengkalis","WADMPR":"Riau","Coastal_Candidate":true,"Coast_Distance_M":0,"Intervention":false},"geometry":{"type":"Polygon","coordinates":[[[102.41679014520008,1.3787937202200187],[102.42029014520008,1.3746937202200193],[102.42469014520009,1.3696937202200186],[102.4312901452001,1.3628937202200184],[102.42029014520008,1.3469937202200182],[102.41709014520009,1.3419937202200192],[102.4137901452001,1.3370937202200182],[102.41169014520008,1.3335937202200192],[102.41059014520009,1.331393720220019],[102.40889014520009,1.3280937202200178],[102.40679014520009,1.3255937202200183],[102.4051901452001,1.3234937202200179],[102.40269014520008,1.321493720220019],[102.39929014520008,1.3224937202200184],[102.39639014520009,1.324993720220018],[102.39419014520008,1.3268937202200188],[102.39179014520009,1.3295937202200179],[102.38819014520008,1.3331937202200184],[102.38469014520008,1.3364937202200178],[102.38229014520009,1.3391937202200186],[102.38059014520009,1.3413937202200188],[102.37909014520008,1.3431937202200182],[102.37719014520009,1.3459937202200187],[102.37489014520008,1.3492937202200181],[102.37289014520009,1.3516937202200179],[102.3704901452001,1.3544937202200185],[102.36809014520009,1.357293720220019],[102.36569014520009,1.3596937202200188],[102.36299014520009,1.3621937202200183],[102.3601901452001,1.364593720220018],[102.37369014520009,1.3844937202200178],[102.37599014520009,1.3880937202200183],[102.39479014520009,1.430193720220018],[102.39719014520008,1.4207937202200185],[102.3995901452001,1.4120937202200192],[102.40209014520009,1.4025937202200183],[102.40329014520009,1.3941937202200183],[102.4077901452001,1.387793720220019],[102.4137901452001,1.3821937202200179],[102.41679014520008,1.3787937202200187]]]}},{"type":"Feature","properties":{"NAMA_PROP":"RIAU","NAMOBJ":"Kelurahan Bagan Barat","REMARK":null,"UUPP":"Hasil Delineasi Tahun 2018","SRS_ID":"SRGI 2013","WADMKD":"Kelurahan Bagan Barat","WADMKC":"Bangko","WIADKC":null,"WADMKK":"Rokan Hilir","WIADKK":null,"WADMPR":"Riau","Coastal_Candidate":true,"Coast_Distance_M":0,"Intervention":false},"geometry":{"type":"Polygon","coordinates":[[[100.8075901452001,2.158393720220019],[100.80699014520009,2.153393720220018],[100.80149014520009,2.151493720220019],[100.79779014520008,2.151093720220018],[100.79479014520008,2.151193720220018],[100.79199014520009,2.1482937202200176],[100.79009014520008,2.1456937202200184],[100.78799014520008,2.1429937202200193],[100.78629014520008,2.1406937202200194],[100.78469014520009,2.1386937202200187],[100.78349014520009,2.141193720220018],[100.78139014520009,2.1452937202200193],[100.78109014520008,2.1479937202200183],[100.78089014520009,2.151193720220018],[100.77979014520008,2.1551937202200193],[100.77839014520009,2.1597937202200193],[100.7788901452001,2.163693720220019],[100.77949014520009,2.1662937202200183],[100.7839901452001,2.1657937202200177],[100.78899014520009,2.166093720220019],[100.79249014520009,2.1661937202200185],[100.79479014520008,2.166393720220018],[100.79719014520009,2.1665937202200194],[100.8006901452001,2.166793720220019],[100.80309014520009,2.1669937202200185],[100.80569014520009,2.1670937202200182],[100.80659014520009,2.1645937202200187],[100.80659014520009,2.161893720220018],[100.8075901452001,2.158393720220019]]]}},{"type":"Feature","properties":{"NAMA_PROP":"RIAU","NAMOBJ":"Kelurahan Bagan Hulu","REMARK":null,"UUPP":"Hasil Delineasi Tahun 2018","SRS_ID":"SRGI 2013","WADMKD":"Kelurahan Bagan Hulu","WADMKC":"Bangko","WIADKC":null,"WADMKK":"Rokan Hilir","WIADKK":null,"WADMPR":"Riau","Coastal_Candidate":true,"Coast_Distance_M":0,"Intervention":false},"geometry":{"type":"Polygon","coordinates":[[[100.81189014520015,2.1447937202200933],[100.81152963934477,2.144626641591117],[100.81139876898948,2.1445255144984685],[100.81127979593907,2.144436284710821],[100.81117272019378,2.1443886954906475],[100.81104779849113,2.1443113630080006],[100.81093477409331,2.1442756710929416],[100.81080985239043,2.1442578251353552],[100.81065518742497,2.144192389957709],[100.81056000898474,2.144132903432535],[100.81045293323967,2.144055570949888],[100.81036370345186,2.144037724992245],[100.8102506790542,2.1439365978995966],[100.81015550061397,2.143889008679423],[100.81006032217368,2.143865214069365],[100.8100067843011,2.1437759842815467],[100.80994134912328,2.1437700356291316],[100.80983427337804,2.1437819329341323],[100.80963201919252,2.143758138324131],[100.8094833028797,2.143680805841484],[100.80943571365964,2.143579678748665],[100.809382175787,2.1434904489610176],[100.80929294599918,2.1434250137833715],[100.80925130543176,2.143347681300554],[100.80916802429653,2.1432703488179072],[100.80903120528865,2.1431989649877323],[100.80892412954341,2.143181119030089],[100.80888248897583,2.1431216325050855],[100.80885274571318,2.1430502486748537],[100.8088348997556,2.142961018887206],[100.8088586943656,2.142901532361975],[100.8088586943656,2.1428479944893297],[100.80877541323053,2.1427885079641555],[100.80884476110646,2.1426048504027904],[100.80869014520022,2.1424937202200454],[100.8059901452001,2.143093720220122],[100.80259014520016,2.141393720220151],[100.80019014520019,2.1408937202199922],[100.79609014520008,2.139793720220098],[100.79239014520016,2.1398937202200727],[100.78999014520019,2.139093720220103],[100.78809014520021,2.13749372022005],[100.7855901452001,2.135593720220072],[100.78469014520005,2.138693720220033],[100.7862901452001,2.140693720220156],[100.78799014520007,2.1429937202200335],[100.79009014520011,2.1456937202201516],[100.79199014520009,2.1482937202199537],[100.79479014520012,2.151193720220135],[100.79779014520022,2.15109372021999],[100.80149014520009,2.15149372022006],[100.80699014520007,2.1533937202200946],[100.8091901452002,2.1493937202200186],[100.81219014520008,2.1489937202200053],[100.81699014520007,2.1500937202200703],[100.82089014520017,2.151993720220048],[100.82399014520013,2.1528937202201064],[100.8286901452002,2.153193720220031],[100.83749014520015,2.1533937202200946],[100.84369014520013,2.1534937202200126],[100.84889014520019,2.153593720220101],[100.8535901452002,2.1536937202200193],[100.85769014520014,2.153793720220108],[100.86069014520024,2.153793720220108],[100.86529014520016,2.153793720220108],[100.87119014520016,2.153793720220108],[100.87579014520009,2.153793720220108],[100.88159014520022,2.153793720220108],[100.88609014520023,2.153793720220108],[100.90579014520006,2.1546937202199956],[100.90669014520006,2.1521937202200547],[100.9080901452001,2.149193720220012],[100.90929014520009,2.145593720220063],[100.90149014520023,2.145493720220145],[100.89309014520012,2.1452937202200815],[100.8890901452001,2.1452937202200815],[100.88639014520015,2.1452937202200815],[100.87749014520006,2.1456937202201516],[100.87049014520016,2.1459937202200763],[100.86469014520009,2.1461937202201398],[100.85479014520018,2.1465937202199825],[100.8351901452001,2.1480937202201176],[100.83189014520008,2.1481937202200356],[100.82829014520013,2.1482937202199537],[100.82559014520018,2.1485937202201058],[100.82339014520005,2.1488937202200873],[100.82079014520008,2.1480937202201176],[100.81769014520023,2.1468937202201346],[100.8147901452001,2.1457937202200696],[100.81189014520015,2.1447937202200933]]]}},{"type":"Feature","properties":{"NAMA_PROP":"RIAU","NAMOBJ":"Kelurahan Bandar Sri Gemilang","REMARK":null,"UUPP":"Hasil Delineasi Tahun 2018","SRS_ID":"SRGI 2013","WADMKD":"Kelurahan Bandar Sri Gemilang","WADMKC":"Kateman","WIADKC":null,"WADMKK":"Indragiri Hilir","WIADKK":null,"WADMPR":"Riau","Coastal_Candidate":true,"Coast_Distance_M":0,"Intervention":false},"geometry":{"type":"Polygon","coordinates":[[[103.64949014520009,0.3368937202200186],[103.64619014520008,0.33109372022001793],[103.64439014520009,0.3260937202200189],[103.64129014520009,0.31719372022001835],[103.6401901452001,0.3125937202200184],[103.63999014520009,0.30729372022001833],[103.64109014520008,0.29869372022001883],[103.64099014520009,0.2946937202200193],[103.63969014520009,0.29069372022001794],[103.63669014520009,0.2865937202200186],[103.6337901452001,0.28779372022001937],[103.62859014520009,0.29229372022001776],[103.62319014520008,0.29699372022001924],[103.61909014520009,0.30059372022001796],[103.61599014520009,0.3034937202200183],[103.61059014520009,0.3059937202200178],[103.61129014520009,0.30949372022001853],[103.61159014520008,0.31379372022001917],[103.6114901452001,0.31689372022001905],[103.61099014520009,0.320393720220018],[103.61029014520008,0.32469372022001863],[103.60989014520008,0.32739372022001767],[103.60959014520009,0.33579372022001763],[103.60969014520009,0.34009372022001827],[103.61199014520008,0.3452937202200186],[103.61519014520009,0.3446937202200182],[103.61769014520009,0.34399372022001806],[103.62039014520009,0.3432937202200179],[103.62409014520009,0.3433937202200177],[103.62869014520008,0.3427937202200191],[103.63149014520009,0.34239372022001824],[103.63479014520009,0.34199372022001917],[103.6375901452001,0.3416937202200181],[103.64039014520009,0.34009372022001827],[103.64329014520008,0.33899372022001906],[103.64619014520008,0.33789372022001807],[103.64949014520009,0.3368937202200186]]]}},{"type":"Feature","properties":{"NAMA_PROP":"RIAU","NAMOBJ":"Kelurahan Bangsal Aceh","REMARK":null,"UUPP":"Hasil Delineasi Tahun 2018","SRS_ID":"SRGI 2013","WADMKD":"Kelurahan Bangsal Aceh","WADMKC":"Sungai Sembilan","WIADKC":null,"WADMKK":"Kota Dumai","WIADKK":"Kota Dumai","WADMPR":"Riau","Coastal_Candidate":true,"Coast_Distance_M":0,"Intervention":false},"geometry":{"type":"Polygon","coordinates":[[[101.38769014520008,1.7194937202200187],[101.38729014520008,1.7158937202200182],[101.38359014520009,1.714793720220019],[101.38019014520009,1.7123937202200192],[101.38049014520008,1.7094937202200189],[101.37959014520008,1.7064937202200188],[101.3794901452001,1.7039937202200193],[101.37859014520009,1.7018937202200188],[101.37829014520008,1.6992937202200178],[101.37619014520008,1.6986937202200192],[101.37479014520008,1.6965937202200188],[101.3721901452001,1.6974937202200184],[101.36989014520009,1.696493720220019],[101.3687901452001,1.6931937202200178],[101.36699014520009,1.6896937202200188],[101.36459014520008,1.688493720220018],[101.36129014520009,1.6881937202200188],[101.35799014520009,1.6867937202200185],[101.3571901452001,1.683993720220018],[101.35659014520009,1.6813937202200187],[101.35449014520009,1.678993720220019],[101.35409014520009,1.6760937202200186],[101.35259014520008,1.6733937202200178],[101.35229014520009,1.6710937202200178],[101.35199014520009,1.6677937202200184],[101.3507901452001,1.6642937202200176],[101.3490901452001,1.6604937202200176],[101.34829014520008,1.6562937202200185],[101.34759014520009,1.6525937202200183],[101.34669014520009,1.6483937202200192],[101.34539014520008,1.6454937202200188],[101.34469014520009,1.6433937202200184],[101.3443901452001,1.6391937202200193],[101.34059014520008,1.636993720220019],[101.33959014520009,1.6333937202200186],[101.33789014520009,1.630193720220019],[101.3370901452001,1.6273937202200184],[101.33819014520009,1.624093720220019],[101.33739014520009,1.6220937202200183],[101.33569014520009,1.6207937202200178],[101.33399014520009,1.6205937202200182],[101.33139014520009,1.6193937202200193],[101.3280901452001,1.6177937202200177],[101.32539014520009,1.616493720220019],[101.32289014520009,1.615393720220018],[101.31989014520009,1.6139937202200176],[101.31679014520009,1.6124937202200194],[101.3139901452001,1.6111937202200188],[101.31129014520009,1.609993720220018],[101.3092901452001,1.6089937202200186],[101.3066901452001,1.6077937202200179],[101.30289014520008,1.6060937202200183],[101.29859014520008,1.6039937202200178],[101.29539014520009,1.6024937202200178],[101.29339014520009,1.6015937202200181],[101.29139014520008,1.6006937202200184],[101.26839014520009,1.638593720220019],[101.26169014520009,1.6529937202200191],[101.26789014520008,1.6542937202200179],[101.26669014520009,1.6574937202200193],[101.26379014520009,1.6612937202200193],[101.26169014520009,1.6647937202200183],[101.2638901452001,1.6670937202200182],[101.26739014520008,1.6688937202200194],[101.27019014520009,1.6703937202200176],[101.27519014520009,1.672893720220019],[101.27779014520009,1.674393720220019],[101.28129014520009,1.6768937202200185],[101.28559014520009,1.6798937202200186],[101.29109014520009,1.6836937202200186],[101.29369014520009,1.685493720220018],[101.29589014520009,1.686993720220018],[101.29789014520009,1.688493720220018],[101.30319014520009,1.6923937202200179],[101.3062901452001,1.6947937202200194],[101.31009014520009,1.6975937202200182],[101.31249014520009,1.6993937202200193],[101.3152901452001,1.701493720220018],[101.31749014520008,1.7030937202200178],[101.31989014520009,1.704893720220019],[101.32269014520008,1.7069937202200194],[101.32499014520009,1.708693720220019],[101.32779014520008,1.7107937202200176],[101.33129014520009,1.7133937202200187],[101.33369014520008,1.715193720220018],[101.33699014520009,1.7175937202200178],[101.34419014520009,1.7229937202200176],[101.34769014520009,1.7252937202200194],[101.3494901452001,1.7263937202200186],[101.35109014520009,1.727393720220018],[101.35329014520009,1.7287937202200183],[101.35669014520009,1.7308937202200187],[101.36029014520008,1.7332937202200185],[101.36349014520009,1.7352937202200192],[101.36569014520009,1.736593720220018],[101.36849014520008,1.738393720220019],[101.37149014520008,1.7402937202200182],[101.37469014520009,1.741893720220018],[101.3764901452001,1.7385937202200186],[101.37839014520009,1.7352937202200192],[101.37849014520009,1.732693720220018],[101.38129014520008,1.7264937202200183],[101.38559014520008,1.7225937202200186],[101.38769014520008,1.7194937202200187]]]}},{"type":"Feature","properties":{"NAMA_PROP":"RIAU","NAMOBJ":"Kelurahan Batu Panjang","REMARK":null,"UUPP":"Hasil Delineasi Tahun 2018","SRS_ID":"SRGI 2013","WADMKD":"Kelurahan Batu Panjang","WADMKC":"Rupat","WIADKC":null,"WADMKK":"Bengkalis","WIADKK":"Bengkalis","WADMPR":"Riau","Coastal_Candidate":true,"Coast_Distance_M":0,"Intervention":false},"geometry":{"type":"Polygon","coordinates":[[[101.56839014520008,1.8722937202200178],[101.59989014520009,1.8708937202200193],[101.57349014520008,1.8045937202200193],[101.56649014520009,1.7880937202200187],[101.53599014520009,1.7156937202200186],[101.53069014520008,1.7053937202200178],[101.52469014520008,1.7062937202200192],[101.52139014520009,1.7057937202200186],[101.51899014520009,1.7064937202200188],[101.51529014520008,1.7076937202200178],[101.51179014520008,1.7091937202200178],[101.50939014520009,1.7096937202200184],[101.50679014520009,1.710593720220018],[101.50339014520009,1.7118937202200186],[101.50029014520008,1.714493720220018],[101.49569014520009,1.7154937202200191],[101.4924901452001,1.7152937202200178],[101.48839014520009,1.7168937202200176],[101.48389014520009,1.7204937202200181],[101.4774901452001,1.7226937202200183],[101.47179014520009,1.7240937202200186],[101.4924901452001,1.765893720220019],[101.52909014520009,1.834893720220018],[101.54959014520009,1.8742937202200185],[101.56839014520008,1.8722937202200178]]]}},{"type":"Feature","properties":{"NAMA_PROP":"RIAU","NAMOBJ":"Kelurahan Batu Teritip","REMARK":null,"UUPP":"Hasil Delineasi Tahun 2018","SRS_ID":"SRGI 2013","WADMKD":"Kelurahan Batu Teritip","WADMKC":"Sungai Sembilan","WIADKC":null,"WADMKK":"Kota Dumai","WIADKK":"Kota Dumai","WADMPR":"Riau","Coastal_Candidate":true,"Coast_Distance_M":0,"Intervention":false},"geometry":{"type":"Polygon","coordinates":[[[101.31749014520008,1.9984937202200186],[101.31549014520009,1.996793720220019],[101.31249014520009,1.995293720220019],[101.31079014520009,1.9925937202200181],[101.31009014520009,1.9904937202200177],[101.30789014520009,1.9885937202200186],[101.30519014520009,1.9864937202200181],[101.30229014520009,1.9839937202200186],[101.29939014520009,1.9813937202200194],[101.29779014520008,1.9844937202200192],[101.29479014520008,1.983493720220018],[101.29139014520008,1.9820937202200177],[101.28639014520009,1.9827937202200179],[101.2827901452001,1.983093720220019],[101.27789014520009,1.989193720220019],[101.27539014520009,1.9937937202200189],[101.27169014520008,1.989193720220019],[101.2698901452001,1.988093720220018],[101.26669014520009,1.9881937202200177],[101.26419014520009,1.9878937202200184],[101.25239014520008,1.9877937202200187],[101.24659014520009,1.9877937202200187],[101.24179014520008,1.9877937202200187],[101.23419014520009,1.9878937202200184],[101.05349014520009,1.9838937202200189],[101.05269014520009,1.988093720220018],[101.05139014520009,1.9930937202200187],[101.05019014520009,1.9963937202200182],[101.04859014520008,1.999093720220019],[101.04869014520008,2.003293720220018],[101.05809014520008,2.0041937202200177],[101.06749014520008,2.005093720220019],[101.0750901452001,2.0061937202200184],[101.08519014520009,2.0099937202200184],[101.09369014520009,2.014793720220018],[101.0969901452001,2.0168937202200183],[101.1003901452001,2.022293720220018],[101.10359014520009,2.027693720220018],[101.10739014520009,2.033093720220018],[101.1114901452001,2.039093720220018],[101.1149901452001,2.044393720220018],[101.11809014520009,2.049893720220018],[101.12229014520008,2.0567937202200177],[101.12469014520009,2.0601937202200187],[101.12679014520009,2.063193720220019],[101.12999014520008,2.0678937202200185],[101.13189014520009,2.071993720220018],[101.12939014520009,2.0743937202200193],[101.12729014520009,2.0766937202200193],[101.12429014520009,2.079593720220018],[101.1208901452001,2.082593720220018],[101.11799014520008,2.0845937202200187],[101.11529014520009,2.0869937202200184],[101.11219014520009,2.0906937202200186],[101.11039014520009,2.093293720220018],[101.10769014520008,2.097893720220018],[101.11119014520008,2.106193720220018],[101.11329014520008,2.1108937202200178],[101.11489014520009,2.114093720220019],[101.11759014520008,2.119593720220019],[101.11889014520008,2.122493720220019],[101.1191901452001,2.1241937202200187],[101.11949014520009,2.1261937202200176],[101.12099014520008,2.1280937202200185],[101.1226901452001,2.1296937202200183],[101.12479014520008,2.1318937202200186],[101.12829014520008,2.1345937202200194],[101.13009014520009,2.136693720220018],[101.13179014520009,2.1390937202200178],[101.13359014520009,2.141593720220019],[101.13529014520009,2.143893720220019],[101.13709014520009,2.1467937202200194],[101.13939014520008,2.150393720220018],[101.14119014520008,2.152793720220018],[101.14379014520009,2.154293720220018],[101.14699014520009,2.156493720220018],[101.1508901452001,2.153493720220018],[101.1538901452001,2.150693720220019],[101.15669014520009,2.1479937202200183],[101.15969014520009,2.1451937202200178],[101.16209014520008,2.1429937202200193],[101.16449014520009,2.140893720220019],[101.16709014520009,2.1383937202200194],[101.17009014520009,2.135893720220018],[101.17249014520009,2.133693720220018],[101.17469014520009,2.131793720220019],[101.17669014520008,2.1299937202200177],[101.17859014520009,2.1280937202200185],[101.18189014520009,2.125693720220019],[101.18549014520009,2.1235937202200184],[101.18819014520008,2.122193720220018],[101.19149014520009,2.120293720220019],[101.19549014520008,2.1181937202200185],[101.19919014520009,2.1159937202200183],[101.20209014520009,2.1139937202200176],[101.20499014520009,2.1119937202200187],[101.20819014520009,2.1097937202200185],[101.21029014520009,2.1083937202200183],[101.2133901452001,2.106193720220018],[101.21589014520009,2.1045937202200182],[101.21879014520009,2.102793720220019],[101.22229014520009,2.100793720220018],[101.2253901452001,2.0994937202200177],[101.22759014520008,2.0984937202200182],[101.23039014520009,2.0971937202200177],[101.23269014520008,2.0953937202200184],[101.2347901452001,2.094293720220019],[101.23709014520009,2.0929937202200186],[101.24039014520008,2.0921937202200187],[101.2433901452001,2.090593720220019],[101.24619014520009,2.089693720220019],[101.24819014520008,2.0884937202200184],[101.25009014520009,2.0884937202200184],[101.25249014520008,2.087493720220019],[101.2553901452001,2.0864937202200178],[101.25849014520008,2.085293720220019],[101.26229014520008,2.082993720220019],[101.26459014520009,2.081893720220018],[101.26699014520008,2.0811937202200177],[101.27009014520009,2.074893720220018],[101.27339014520008,2.0723937202200187],[101.27439014520009,2.069993720220019],[101.27529014520009,2.0677937202200187],[101.27669014520009,2.065893720220018],[101.2788901452001,2.0628937202200177],[101.28119014520009,2.0602937202200184],[101.2835901452001,2.056993720220019],[101.28649014520009,2.0549937202200184],[101.28909014520009,2.0541937202200184],[101.29169014520009,2.052193720220018],[101.29359014520008,2.050993720220019],[101.29629014520009,2.0488937202200184],[101.29829014520008,2.0472937202200185],[101.29939014520009,2.0457937202200185],[101.30189014520009,2.0404937202200184],[101.30389014520009,2.0350937202200186],[101.30529014520009,2.029493720220019],[101.30769014520008,2.021093720220019],[101.30909014520009,2.0160937202200184],[101.31129014520009,2.0114937202200185],[101.31489014520008,2.008293720220019],[101.31369014520008,2.005893720220019],[101.31589014520009,2.0034937202200194],[101.31759014520009,2.001093720220018],[101.31749014520008,1.9984937202200186]]]}},{"type":"Feature","properties":{"NAMA_PROP":"RIAU","NAMOBJ":"Kelurahan Buluh Kasap","REMARK":null,"UUPP":"Hasil Delineasi Tahun 2018","SRS_ID":"SRGI 2013","WADMKD":"Kelurahan Buluh Kasap","WADMKC":"Dumai Timur","WIADKC":null,"WADMKK":"Kota Dumai","WIADKK":"Kota Dumai","WADMPR":"Riau","Coastal_Candidate":true,"Coast_Distance_M":0,"Intervention":false},"geometry":{"type":"Polygon","coordinates":[[[101.46369014520009,1.6851937202200187],[101.46369014520009,1.6810937202200193],[101.46369014520009,1.6775937202200186],[101.45769014520009,1.6780937202200192],[101.45419014520009,1.6780937202200192],[101.44909014520009,1.6782937202200188],[101.44819014520009,1.6820937202200188],[101.44769014520008,1.6864937202200192],[101.4500901452001,1.6867937202200185],[101.45339014520009,1.6866937202200187],[101.45729014520009,1.6866937202200187],[101.4603901452001,1.6860937202200184],[101.46369014520009,1.6851937202200187]]]}},{"type":"Feature","properties":{"NAMA_PROP":"RIAU","NAMOBJ":"Kelurahan Damon","REMARK":null,"UUPP":"Hasil Delineasi Tahun 2018","SRS_ID":"SRGI 2013","WADMKD":"Kelurahan Damon","WADMKC":"Bengkalis","WIADKC":null,"WADMKK":"Bengkalis","WIADKK":"Bengkalis","WADMPR":"Riau","Coastal_Candidate":true,"Coast_Distance_M":7.6,"Intervention":false},"geometry":{"type":"Polygon","coordinates":[[[102.11419014520008,1.4778937202200186],[102.11089014520009,1.4748937202200185],[102.10819014520008,1.4722937202200193],[102.10629014520009,1.4702937202200186],[102.10389014520008,1.469793720220018],[102.10169014520008,1.472093720220018],[102.10289014520009,1.4736937202200178],[102.10449014520009,1.476193720220019],[102.10609014520008,1.478193720220018],[102.10819014520008,1.4818937202200182],[102.11159014520008,1.4798937202200193],[102.11419014520008,1.4778937202200186]]]}},{"type":"Feature","properties":{"NAMA_PROP":"RIAU","NAMOBJ":"Kelurahan Dumai Kota","REMARK":null,"UUPP":"Hasil Delineasi Tahun 2018","SRS_ID":"SRGI 2013","WADMKD":"Kelurahan Dumai Kota","WADMKC":"Dumai Kota","WIADKC":null,"WADMKK":"Kota Dumai","WIADKK":"Kota Dumai","WADMPR":"Riau","Coastal_Candidate":true,"Coast_Distance_M":0,"Intervention":false},"geometry":{"type":"Polygon","coordinates":[[[101.44769014520008,1.6864937202200192],[101.44819014520009,1.6820937202200188],[101.44909014520009,1.6782937202200188],[101.44619014520009,1.6780937202200192],[101.44379014520008,1.6780937202200192],[101.44119014520008,1.677893720220018],[101.44119014520008,1.6797937202200188],[101.44109014520009,1.6822937202200183],[101.44109014520009,1.6844937202200185],[101.44149014520009,1.6879937202200193],[101.44429014520009,1.6878937202200177],[101.44769014520008,1.6864937202200192]]]}},{"type":"Feature","properties":{"NAMA_PROP":"RIAU","NAMOBJ":"Kelurahan Guntung","REMARK":null,"UUPP":"Hasil Delineasi Tahun 2018","SRS_ID":"SRGI 2013","WADMKD":"Kelurahan Guntung","WADMKC":"Medang Kampai","WIADKC":null,"WADMKK":"Kota Dumai","WIADKK":"Kota Dumai","WADMPR":"Riau","Coastal_Candidate":true,"Coast_Distance_M":0,"Intervention":false},"geometry":{"type":"Polygon","coordinates":[[[101.57879014520009,1.6365937202200183],[101.57849014520009,1.6302937202200187],[101.57849014520009,1.6213937202200182],[101.57879014520009,1.606193720220018],[101.57869014520008,1.5918937202200176],[101.57869014520008,1.5880937202200194],[101.57879014520009,1.5594937202200185],[101.57879014520009,1.553593720220018],[101.57879014520009,1.5408937202200192],[101.57609014520008,1.5361937202200178],[101.56929014520009,1.5301937202200193],[101.56459014520009,1.5426937202200186],[101.56259014520009,1.5460937202200178],[101.56009014520009,1.550593720220018],[101.55429014520008,1.558193720220018],[101.55139014520009,1.5609937202200186],[101.54799014520009,1.564293720220018],[101.54569014520008,1.566893720220019],[101.54569014520008,1.5717937202200183],[101.54579014520009,1.576493720220018],[101.54639014520009,1.579493720220018],[101.5472901452001,1.582893720220019],[101.54749014520009,1.586693720220019],[101.54999014520008,1.5907937202200184],[101.5515901452001,1.5940937202200178],[101.55219014520009,1.5978937202200179],[101.55239014520009,1.6030937202200182],[101.55009014520009,1.6062937202200178],[101.54889014520009,1.6091937202200182],[101.54929014520009,1.6123937202200178],[101.54999014520008,1.6147937202200193],[101.5502901452001,1.6177937202200177],[101.55129014520008,1.622193720220018],[101.5515901452001,1.6268937202200178],[101.55169014520008,1.6303937202200185],[101.5502901452001,1.6335937202200181],[101.54719014520009,1.6356937202200186],[101.54669014520009,1.6384937202200192],[101.54759014520009,1.6409937202200187],[101.55119014520008,1.6401937202200187],[101.55399014520009,1.6395937202200184],[101.55679014520008,1.638193720220018],[101.56009014520009,1.6373937202200182],[101.56429014520009,1.6372937202200184],[101.56779014520009,1.6370937202200189],[101.57059014520009,1.6364937202200185],[101.57449014520009,1.6367937202200178],[101.57879014520009,1.6365937202200183]]]}},{"type":"Feature","properties":{"NAMA_PROP":"RIAU","NAMOBJ":"Kelurahan Kota Bengkalis","REMARK":null,"UUPP":"Hasil Delineasi Tahun 2018","SRS_ID":"SRGI 2013","WADMKD":"Kelurahan Kota Bengkalis","WADMKC":"Bengkalis","WIADKC":null,"WADMKK":"Bengkalis","WIADKK":"Bengkalis","WADMPR":"Riau","Coastal_Candidate":true,"Coast_Distance_M":0,"Intervention":false},"geometry":{"type":"Polygon","coordinates":[[[102.11779014520009,1.4762937202200188],[102.1174901452001,1.4719937202200182],[102.1157901452001,1.469393720220019],[102.11369014520008,1.466693720220018],[102.11349014520009,1.4627937202200183],[102.11029014520008,1.464493720220018],[102.10739014520009,1.466293720220019],[102.10389014520008,1.469793720220018],[102.10629014520009,1.4702937202200186],[102.10819014520008,1.4722937202200193],[102.11089014520009,1.4748937202200185],[102.11419014520008,1.4778937202200186],[102.11779014520009,1.4762937202200188]]]}},{"type":"Feature","properties":{"NAMA_PROP":"RIAU","NAMOBJ":"Kelurahan Laksamana","REMARK":null,"UUPP":"Hasil Delineasi Tahun 2018","SRS_ID":"SRGI 2013","WADMKD":"Kelurahan Laksamana","WADMKC":"Dumai Kota","WIADKC":null,"WADMKK":"Kota Dumai","WIADKK":"Kota Dumai","WADMPR":"Riau","Coastal_Candidate":true,"Coast_Distance_M":0,"Intervention":false},"geometry":{"type":"Polygon","coordinates":[[[101.44119014520008,1.677893720220018],[101.43949014520008,1.6779937202200177],[101.43709014520009,1.6775937202200186],[101.43449014520009,1.6771937202200178],[101.43029014520009,1.676293720220018],[101.43269014520008,1.6788937202200191],[101.4346901452001,1.6802937202200177],[101.43509014520009,1.6830937202200182],[101.43679014520009,1.6845937202200183],[101.43819014520008,1.6875937202200184],[101.44149014520009,1.6879937202200193],[101.44109014520009,1.6844937202200185],[101.44109014520009,1.6822937202200183],[101.44119014520008,1.6797937202200188],[101.44119014520008,1.677893720220018]]]}},{"type":"Feature","properties":{"NAMA_PROP":"RIAU","NAMOBJ":"Kelurahan Lubuk Gaung","REMARK":null,"UUPP":"Hasil Delineasi Tahun 2018","SRS_ID":"SRGI 2013","WADMKD":"Kelurahan Lubuk Gaung","WADMKC":"Sungai Sembilan","WIADKC":null,"WADMKK":"Kota Dumai","WIADKK":"Kota Dumai","WADMPR":"Riau","Coastal_Candidate":true,"Coast_Distance_M":32.9,"Intervention":false},"geometry":{"type":"Polygon","coordinates":[[[101.37469014520009,1.741893720220018],[101.37149014520008,1.7402937202200182],[101.36849014520008,1.738393720220019],[101.36569014520009,1.736593720220018],[101.36349014520009,1.7352937202200192],[101.36029014520008,1.7332937202200185],[101.35669014520009,1.7308937202200187],[101.35329014520009,1.7287937202200183],[101.35109014520009,1.727393720220018],[101.3494901452001,1.7263937202200186],[101.34769014520009,1.7252937202200194],[101.34419014520009,1.7229937202200176],[101.33699014520009,1.7175937202200178],[101.33369014520008,1.715193720220018],[101.33129014520009,1.7133937202200187],[101.32779014520008,1.7107937202200176],[101.32499014520009,1.708693720220019],[101.32269014520008,1.7069937202200194],[101.31989014520009,1.704893720220019],[101.31749014520008,1.7030937202200178],[101.3152901452001,1.701493720220018],[101.31249014520009,1.6993937202200193],[101.31009014520009,1.6975937202200182],[101.3062901452001,1.6947937202200194],[101.30319014520009,1.6923937202200179],[101.29789014520009,1.688493720220018],[101.29589014520009,1.686993720220018],[101.29369014520009,1.685493720220018],[101.29109014520009,1.6836937202200186],[101.28559014520009,1.6798937202200186],[101.28129014520009,1.6768937202200185],[101.27779014520009,1.674393720220019],[101.27519014520009,1.672893720220019],[101.27019014520009,1.6703937202200176],[101.26739014520008,1.6688937202200194],[101.2638901452001,1.6670937202200182],[101.26169014520009,1.6647937202200183],[101.26379014520009,1.6612937202200193],[101.26669014520009,1.6574937202200193],[101.26789014520008,1.6542937202200179],[101.26169014520009,1.6529937202200191],[101.25859014520009,1.6591937202200189],[101.25569014520009,1.6620937202200192],[101.2514901452001,1.6676937202200186],[101.24989014520008,1.6737937202200186],[101.24099014520009,1.6943937202200186],[101.2296901452001,1.7115937202200193],[101.2240901452001,1.721293720220018],[101.22089014520009,1.7293937202200187],[101.22439014520009,1.7314937202200191],[101.22909014520009,1.7344937202200192],[101.23199014520009,1.7363937202200184],[101.2351901452001,1.7384937202200188],[101.23799014520009,1.7402937202200182],[101.2416901452001,1.7425937202200181],[101.25099014520009,1.7473937202200194],[101.25359014520009,1.7478937202200182],[101.25769014520009,1.7504937202200193],[101.26209014520009,1.7533937202200178],[101.26609014520008,1.755893720220019],[101.26899014520009,1.7575937202200187],[101.2715901452001,1.758993720220019],[101.27449014520009,1.760493720220019],[101.27799014520009,1.762493720220018],[101.2827901452001,1.7652937202200185],[101.28869014520009,1.7683937202200184],[101.2929901452001,1.770893720220018],[101.29639014520009,1.7731937202200179],[101.29999014520008,1.7752937202200183],[101.3032901452001,1.7771937202200192],[101.3079901452001,1.7796937202200187],[101.31239014520008,1.7819937202200187],[101.31609014520009,1.783793720220018],[101.31899014520009,1.7851937202200183],[101.32259014520008,1.7867937202200181],[101.32629014520009,1.787193720220019],[101.33149014520009,1.7864937202200188],[101.3349901452001,1.7877937202200194],[101.33739014520009,1.7884937202200177],[101.33959014520009,1.7890937202200181],[101.34199014520009,1.7893937202200192],[101.34459014520009,1.789493720220019],[101.34619014520008,1.7915937202200194],[101.3490901452001,1.792993720220018],[101.35189014520009,1.7931937202200192],[101.35289014520009,1.7884937202200177],[101.35309014520008,1.7854937202200176],[101.35449014520009,1.782293720220018],[101.35629014520009,1.7811937202200188],[101.35669014520009,1.7783937202200182],[101.35669014520009,1.7748937202200192],[101.35999014520009,1.7705937202200186],[101.35969014520009,1.7672937202200192],[101.36109014520008,1.7634937202200192],[101.36369014520008,1.7605937202200188],[101.36569014520009,1.756393720220018],[101.36569014520009,1.753293720220018],[101.36949014520009,1.7499937202200186],[101.37099014520008,1.7476937202200187],[101.37199014520009,1.745693720220018],[101.37309014520008,1.744193720220018],[101.37469014520009,1.741893720220018]]]}},{"type":"Feature","properties":{"NAMA_PROP":"RIAU","NAMOBJ":"Metro","REMARK":null,"UUPP":"Hasil Delineasi Tahun 2018","SRS_ID":"SRGI 2013","WADMKD":"Metro","WADMKC":"Reteh","WIADKC":null,"WADMKK":"Indragiri Hilir","WIADKK":null,"WADMPR":"Riau","Coastal_Candidate":true,"Coast_Distance_M":0,"Intervention":false},"geometry":{"type":"Polygon","coordinates":[[[103.23249014520009,-0.6855062797799807],[103.23439014520008,-0.6889062797799816],[103.23879014520008,-0.6921062797799813],[103.24089014520008,-0.694106279779982],[103.2381901452001,-0.697906279779982],[103.23669014520009,-0.7023062797799806],[103.23639014520009,-0.7235062797799809],[103.23629014520009,-0.7266062797799808],[103.23639014520009,-0.7316062797799816],[103.2356901452001,-0.7366062797799806],[103.23369014520009,-0.7420062797799822],[103.2300901452001,-0.7589062797799819],[103.22949014520009,-0.7652062797799815],[103.22809014520008,-0.7643062797799818],[103.22379014520008,-0.7648062797799806],[103.21989014520008,-0.7636062797799816],[103.21469014520008,-0.7606062797799815],[103.21069014520009,-0.7584062797799813],[103.20799014520009,-0.757006279779981],[103.20789014520008,-0.7540062797799809],[103.2077901452001,-0.7486062797799811],[103.2077901452001,-0.7424062797799813],[103.20789014520008,-0.7364062797799811],[103.20789014520008,-0.7329062797799821],[103.20769014520009,-0.7286062797799815],[103.20759014520009,-0.7240062797799816],[103.2073901452001,-0.7193062797799818],[103.20719014520009,-0.7159062797799809],[103.20699014520008,-0.7108062797799821],[103.20679014520009,-0.7074062797799812],[103.2065901452001,-0.7046062797799824],[103.20649014520009,-0.7012062797799814],[103.20619014520008,-0.6975062797799811],[103.20589014520009,-0.6937062797799811],[103.20559014520009,-0.6898062797799813],[103.2043901452001,-0.6851062797799816],[103.20799014520009,-0.6843062797799817],[103.21149014520009,-0.6836062797799816],[103.22779014520009,-0.6853062797799812],[103.23249014520009,-0.6855062797799807]]]}},{"type":"Feature","properties":{"NAMA_PROP":"RIAU","NAMOBJ":"Kelurahan Mundam","REMARK":null,"UUPP":"Hasil Delineasi Tahun 2018","SRS_ID":"SRGI 2013","WADMKD":"Kelurahan Mundam","WADMKC":"Medang Kampai","WIADKC":null,"WADMKK":"Kota Dumai","WIADKK":"Kota Dumai","WADMPR":"Riau","Coastal_Candidate":true,"Coast_Distance_M":0,"Intervention":false},"geometry":{"type":"Polygon","coordinates":[[[101.51329014520009,1.6540937202200183],[101.51229014520008,1.6508937202200187],[101.51129014520009,1.648493720220019],[101.50979014520009,1.6459937202200177],[101.50799014520008,1.6428937202200178],[101.50679014520009,1.6406937202200194],[101.50549014520008,1.6384937202200192],[101.50409014520008,1.636293720220019],[101.50249014520008,1.6338937202200192],[101.49969014520009,1.6291937202200177],[101.49789014520009,1.625993720220018],[101.49649014520008,1.623293720220019],[101.49399014520009,1.618393720220018],[101.49239014520009,1.6154937202200177],[101.49059014520009,1.611893720220019],[101.48849014520009,1.6079937202200192],[101.48699014520008,1.6051937202200186],[101.48599014520009,1.603193720220018],[101.48439014520008,1.5998937202200185],[101.48379014520009,1.5967937202200186],[101.4834901452001,1.593993720220018],[101.48299014520009,1.5914937202200186],[101.48189014520008,1.5890937202200188],[101.48089014520009,1.5862937202200182],[101.47549014520008,1.585193720220019],[101.4710901452001,1.5868937202200186],[101.4659901452001,1.588693720220018],[101.46229014520009,1.5898937202200187],[101.4577901452001,1.5913937202200188],[101.4539901452001,1.5926937202200193],[101.45029014520009,1.594393720220019],[101.44719014520008,1.5960937202200185],[101.4406901452001,1.5964937202200193],[101.47309014520009,1.644293720220018],[101.47789014520009,1.650793720220019],[101.48019014520008,1.6553937202200188],[101.48249014520009,1.659893720220019],[101.48379014520009,1.6626937202200178],[101.48619014520008,1.667193720220018],[101.48849014520009,1.6702937202200179],[101.49139014520009,1.6725937202200178],[101.49559014520008,1.6693937202200182],[101.49749014520009,1.6669937202200185],[101.5010901452001,1.664893720220018],[101.50399014520009,1.6631937202200184],[101.50649014520009,1.660293720220018],[101.51009014520008,1.657593720220019],[101.51329014520009,1.6540937202200183]]]}},{"type":"Feature","properties":{"NAMA_PROP":"RIAU","NAMOBJ":"Kelurahan Pangkalan Sesai","REMARK":null,"UUPP":"Hasil Delineasi Tahun 2018","SRS_ID":"SRGI 2013","WADMKD":"Kelurahan Pangkalan Sesai","WADMKC":"Dumai Barat","WIADKC":null,"WADMKK":"Kota Dumai","WIADKK":"Kota Dumai","WADMPR":"Riau","Coastal_Candidate":true,"Coast_Distance_M":0,"Intervention":false},"geometry":{"type":"Polygon","coordinates":[[[101.43819014520008,1.6875937202200184],[101.43679014520009,1.6845937202200183],[101.43509014520009,1.6830937202200182],[101.4346901452001,1.6802937202200177],[101.43269014520008,1.6788937202200191],[101.43029014520009,1.676293720220018],[101.42929014520008,1.6731937202200182],[101.42769014520009,1.674393720220019],[101.42449014520008,1.6749937202200194],[101.42159014520008,1.6761937202200183],[101.41639014520008,1.6764937202200176],[101.41439014520009,1.6782937202200188],[101.4162901452001,1.6802937202200177],[101.4085901452001,1.685093720220019],[101.41079014520008,1.688893720220019],[101.41259014520008,1.6921937202200183],[101.41439014520009,1.6952937202200182],[101.41809014520008,1.6937937202200182],[101.42079014520009,1.6931937202200178],[101.42349014520009,1.6921937202200183],[101.42629014520008,1.6910937202200191],[101.42989014520009,1.6896937202200188],[101.43319014520009,1.6886937202200176],[101.43609014520008,1.6881937202200188],[101.43819014520008,1.6875937202200184]]]}},{"type":"Feature","properties":{"NAMA_PROP":"RIAU","NAMOBJ":"Kelurahan Panipahan","REMARK":null,"UUPP":"Hasil Delineasi Tahun 2018","SRS_ID":"SRGI 2013","WADMKD":"Kelurahan Panipahan","WADMKC":"Pasir Limau Kapas","WIADKC":null,"WADMKK":"Rokan Hilir","WIADKK":null,"WADMPR":"Riau","Coastal_Candidate":true,"Coast_Distance_M":0,"Intervention":false},"geometry":{"type":"MultiPolygon","coordinates":[[[[100.34039014520009,2.4638937202200193],[100.33729014520009,2.467893720220019],[100.34119014520009,2.4702937202200186],[100.34469014520009,2.470493720220018],[100.34659014520008,2.469093720220018],[100.34659014520008,2.4664937202200186],[100.34299014520009,2.4653937202200193],[100.34039014520009,2.4638937202200193]]],[[[100.33989014520009,2.4587937202200187],[100.33749014520009,2.4558937202200184],[100.33529014520009,2.454093720220019],[100.33659014520009,2.4626937202200185],[100.34039014520009,2.4638937202200193],[100.34029014520009,2.4611937202200185],[100.33989014520009,2.4587937202200187]]]]}},{"type":"Feature","properties":{"NAMA_PROP":"RIAU","NAMOBJ":"Kelurahan Pelintung","REMARK":null,"UUPP":"Hasil Delineasi Tahun 2018","SRS_ID":"SRGI 2013","WADMKD":"Kelurahan Pelintung","WADMKC":"Medang Kampai","WIADKC":null,"WADMKK":"Kota Dumai","WIADKK":"Kota Dumai","WADMPR":"Riau","Coastal_Candidate":true,"Coast_Distance_M":0,"Intervention":false},"geometry":{"type":"Polygon","coordinates":[[[101.72739014520009,1.6711937202200193],[101.72669014520008,1.6688937202200194],[101.72769014520009,1.664493720220019],[101.72819014520009,1.6608937202200185],[101.72719014520008,1.6570937202200184],[101.72469014520009,1.6475937202200193],[101.72189014520009,1.6371937202200186],[101.72049014520009,1.6317937202200188],[101.70959014520008,1.5902937202200178],[101.70849014520009,1.5860937202200187],[101.68999014520008,1.5157937202200191],[101.62659014520008,1.517393720220019],[101.61059014520009,1.5210937202200192],[101.60009014520008,1.5244937202200184],[101.59109014520008,1.5301937202200193],[101.58369014520008,1.5369937202200177],[101.57879014520009,1.5408937202200192],[101.57879014520009,1.553593720220018],[101.57879014520009,1.5594937202200185],[101.57869014520008,1.5880937202200194],[101.57869014520008,1.5918937202200176],[101.57879014520009,1.606193720220018],[101.57849014520009,1.6213937202200182],[101.57849014520009,1.6302937202200187],[101.57879014520009,1.6365937202200183],[101.5827901452001,1.6368937202200193],[101.5840901452001,1.6346937202200191],[101.58589014520008,1.6318937202200186],[101.59049014520009,1.6370937202200189],[101.5943901452001,1.6380937202200183],[101.59739014520008,1.638193720220018],[101.60049014520008,1.6380937202200183],[101.60369014520009,1.6393937202200188],[101.60699014520009,1.640493720220018],[101.61059014520009,1.6411937202200182],[101.61299014520009,1.641593720220019],[101.61569014520009,1.642393720220019],[101.61859014520009,1.6440937202200185],[101.62099014520008,1.6457937202200181],[101.62369014520009,1.6467937202200194],[101.6260901452001,1.6477937202200188],[101.62849014520009,1.649693720220018],[101.6311901452001,1.6517937202200184],[101.63329014520009,1.6532937202200184],[101.63559014520008,1.6547937202200185],[101.63859014520008,1.6558937202200177],[101.64139014520009,1.6569937202200187],[101.64479014520009,1.6584937202200187],[101.64799014520008,1.6589937202200193],[101.65279014520009,1.6597937202200193],[101.65569014520008,1.6601937202200183],[101.6585901452001,1.6607937202200187],[101.66269014520009,1.6622937202200188],[101.66539014520009,1.6646937202200185],[101.6688901452001,1.6653937202200186],[101.67209014520009,1.6652937202200189],[101.67589014520009,1.6653937202200186],[101.67929014520008,1.665993720220019],[101.68179014520008,1.6661937202200185],[101.68459014520009,1.6661937202200185],[101.68719014520009,1.6661937202200185],[101.68979014520009,1.6657937202200177],[101.69309014520009,1.6654937202200184],[101.69579014520009,1.6666937202200192],[101.69919014520009,1.667193720220018],[101.70259014520009,1.6677937202200184],[101.70579014520008,1.6687937202200178],[101.70899014520009,1.6696937202200193],[101.71149014520009,1.6700937202200183],[101.71489014520009,1.6707937202200185],[101.71759014520009,1.671293720220019],[101.71999014520009,1.671293720220019],[101.72359014520009,1.6713937202200189],[101.72739014520009,1.6711937202200193]]]}},{"type":"Feature","properties":{"NAMA_PROP":"RIAU","NAMOBJ":"Kelurahan Pergam","REMARK":null,"UUPP":"Hasil Delineasi Tahun 2018","SRS_ID":"SRGI 2013","WADMKD":"Kelurahan Pergam","WADMKC":"Rupat","WIADKC":null,"WADMKK":"Bengkalis","WIADKK":"Bengkalis","WADMPR":"Riau","Coastal_Candidate":true,"Coast_Distance_M":230.5,"Intervention":false},"geometry":{"type":"Polygon","coordinates":[[[101.67029014520008,1.854693720220018],[101.65929014520009,1.801293720220018],[101.67619014520008,1.7511937202200176],[101.6782901452001,1.7455937202200182],[101.68139014520008,1.7454937202200185],[101.68209014520009,1.7422937202200188],[101.68379014520009,1.738393720220019],[101.6808901452001,1.7384937202200188],[101.67549014520009,1.736093720220019],[101.67189014520008,1.732693720220018],[101.66869014520009,1.7302937202200184],[101.66489014520009,1.7280937202200182],[101.65469014520009,1.7228937202200179],[101.64589014520008,1.7168937202200176],[101.64329014520008,1.7148937202200187],[101.63969014520009,1.7126937202200185],[101.63529014520009,1.7102937202200188],[101.6320901452001,1.7062937202200192],[101.6294901452001,1.7042937202200186],[101.6264901452001,1.702293720220018],[101.61969014520008,1.6980937202200188],[101.61539014520008,1.6955937202200193],[101.61459014520008,1.7301937202200186],[101.61139014520009,1.7914937202200178],[101.61079014520008,1.8036937202200178],[101.62979014520009,1.870693720220018],[101.67029014520008,1.854693720220018]]]}},{"type":"Feature","properties":{"NAMA_PROP":"RIAU","NAMOBJ":"Kelurahan Purnama","REMARK":null,"UUPP":"Hasil Delineasi Tahun 2018","SRS_ID":"SRGI 2013","WADMKD":"Kelurahan Purnama","WADMKC":"Dumai Barat","WIADKC":null,"WADMKK":"Kota Dumai","WIADKK":"Kota Dumai","WADMPR":"Riau","Coastal_Candidate":true,"Coast_Distance_M":0,"Intervention":false},"geometry":{"type":"Polygon","coordinates":[[[101.41439014520009,1.6952937202200182],[101.41259014520008,1.6921937202200183],[101.41079014520008,1.688893720220019],[101.4085901452001,1.685093720220019],[101.40659014520008,1.682393720220018],[101.40499014520009,1.6803937202200192],[101.40249014520009,1.676693720220019],[101.39989014520009,1.6737937202200186],[101.39839014520008,1.6721937202200188],[101.3965901452001,1.6702937202200179],[101.39459014520008,1.667993720220018],[101.3914901452001,1.6645937202200187],[101.38859014520008,1.6596937202200177],[101.38769014520008,1.688493720220018],[101.3880901452001,1.692693720220019],[101.38839014520009,1.694993720220019],[101.38789014520009,1.6981937202200186],[101.3837901452001,1.6989937202200185],[101.38079014520008,1.6989937202200185],[101.37829014520008,1.6992937202200178],[101.37859014520009,1.7018937202200188],[101.3794901452001,1.7039937202200193],[101.37959014520008,1.7064937202200188],[101.38049014520008,1.7094937202200189],[101.38019014520009,1.7123937202200192],[101.38359014520009,1.714793720220019],[101.38729014520008,1.7158937202200182],[101.38769014520008,1.7194937202200187],[101.39049014520009,1.7169937202200192],[101.39309014520009,1.7137937202200177],[101.39539014520008,1.7118937202200186],[101.39679014520009,1.7100937202200193],[101.39929014520008,1.707893720220019],[101.40209014520009,1.7050937202200185],[101.4042901452001,1.7034937202200187],[101.40609014520008,1.7020937202200184],[101.40879014520009,1.6995937202200189],[101.41229014520009,1.6967937202200183],[101.41439014520009,1.6952937202200182]]]}},{"type":"Feature","properties":{"NAMA_PROP":"RIAU","NAMOBJ":"Kelurahan Rimba Sekampung","REMARK":null,"UUPP":"Hasil Delineasi Tahun 2018","SRS_ID":"SRGI 2013","WADMKD":"Kelurahan Rimba Sekampung","WADMKC":"Bengkalis","WIADKC":null,"WADMKK":"Bengkalis","WIADKK":"Bengkalis","WADMPR":"Riau","Coastal_Candidate":true,"Coast_Distance_M":0,"Intervention":false},"geometry":{"type":"Polygon","coordinates":[[[102.1191691370002,1.4596856670000387],[102.118938238,1.4596501440000191],[102.1186718150001,1.4597211900000433],[102.11835210800018,1.4597922360000537],[102.11781926300006,1.4600764200001204],[102.11739298700013,1.4603783650001974],[102.11703775700006,1.4606625490000447],[102.11659372000021,1.4610710640001974],[102.11622072800004,1.4612842020000707],[102.11600759,1.4613907710000675],[102.11567012200015,1.4615506240000906],[102.115332653,1.461568386000132],[102.11504846900017,1.461586147000145],[102.11474652400013,1.4616039090001343],[102.11453338600006,1.4616571930001305],[102.11428472500018,1.4619946620002435],[102.11421367900017,1.4621545150000694],[102.11420691494243,1.4622492090528205],[102.11419591700015,1.4624031760001415],[102.1140893480001,1.4625275070001915],[102.11408375171328,1.462534968785684],[102.11349014520009,1.4627937202200125],[102.11369014520008,1.4666937202200339],[102.1157901452001,1.4693937202200125],[102.1174901452001,1.471993720220011],[102.11779014520009,1.4762937202200146],[102.12169014520009,1.4756937202200486],[102.12099014520008,1.4727937202200483],[102.1217901452001,1.4694937202200296],[102.12179014520011,1.4649937202200345],[102.11989014520015,1.4608937202201238],[102.11954616893782,1.4605444073974285],[102.11947108300014,1.4599165660000621],[102.11940805100006,1.459908687000066],[102.11932899100009,1.459898805000082],[102.11927778051484,1.459809186295307],[102.11925794500007,1.4597744740000511],[102.1191691370002,1.4596856670000387]]]}},{"type":"Feature","properties":{"NAMA_PROP":"RIAU","NAMOBJ":"Kelurahan Selatpanjang Barat","REMARK":null,"UUPP":"Hasil Delineasi Tahun 2018","SRS_ID":"SRGI 2013","WADMKD":"Kelurahan Selatpanjang Barat","WADMKC":"Tebing Tinggi","WIADKC":"Tebing Tinggi","WADMKK":"Kepulauan Meranti","WIADKK":"Kepulauan Meranti","WADMPR":"Riau","Coastal_Candidate":true,"Coast_Distance_M":0,"Intervention":false},"geometry":{"type":"Polygon","coordinates":[[[102.70749014520008,1.0072937202200194],[102.70459014520009,1.0073937202200192],[102.7030901452001,1.0090937202200188],[102.70029014520009,1.0090937202200188],[102.69749014520009,1.008993720220019],[102.69449014520009,1.0094937202200178],[102.69739014520009,1.011293720220019],[102.70099014520008,1.0122937202200184],[102.70339014520009,1.0130937202200183],[102.70719014520009,1.013593720220019],[102.70749014520008,1.0109937202200179],[102.70749014520008,1.0072937202200194]]]}},{"type":"Feature","properties":{"NAMA_PROP":"RIAU","NAMOBJ":"Kelurahan Selatpanjang Kota","REMARK":null,"UUPP":"Hasil Delineasi Tahun 2018","SRS_ID":"SRGI 2013","WADMKD":"Kelurahan Selatpanjang Kota","WADMKC":"Tebing Tinggi","WIADKC":"Tebing Tinggi","WADMKK":"Kepulauan Meranti","WIADKK":"Kepulauan Meranti","WADMPR":"Riau","Coastal_Candidate":true,"Coast_Distance_M":0,"Intervention":false},"geometry":{"type":"Polygon","coordinates":[[[102.74469014520008,1.0130937202200183],[102.74019014520009,1.0113937202200187],[102.72769014520009,1.007493720220019],[102.72489014520009,1.0092937202200183],[102.7214901452001,1.0084937202200184],[102.71899014520008,1.007893720220018],[102.71609014520008,1.0072937202200194],[102.71329014520009,1.0071937202200179],[102.71109014520009,1.0072937202200194],[102.70749014520008,1.0072937202200194],[102.70749014520008,1.0109937202200179],[102.70719014520009,1.013593720220019],[102.70949014520009,1.0145937202200184],[102.71299014520008,1.015493720220018],[102.7163901452001,1.0166937202200188],[102.71999014520009,1.0183937202200184],[102.72359014520009,1.0194937202200194],[102.72599014520009,1.0205937202200186],[102.72889014520008,1.0212937202200187],[102.73169014520009,1.0220937202200187],[102.73389014520009,1.0221937202200184],[102.73869014520008,1.0212937202200187],[102.74239014520009,1.0194937202200194],[102.74539014520009,1.0168937202200183],[102.74469014520008,1.0130937202200183]]]}},{"type":"Feature","properties":{"NAMA_PROP":"RIAU","NAMOBJ":"Kelurahan Selatpanjang Selatan","REMARK":null,"UUPP":"Hasil Delineasi Tahun 2018","SRS_ID":"SRGI 2013","WADMKD":"Kelurahan Selatpanjang Selatan","WADMKC":"Tebing Tinggi","WIADKC":"Tebing Tinggi","WADMKK":"Kepulauan Meranti","WIADKK":"Kepulauan Meranti","WADMPR":"Riau","Coastal_Candidate":true,"Coast_Distance_M":38.1,"Intervention":false},"geometry":{"type":"Polygon","coordinates":[[[102.70749014520008,1.0072937202200194],[102.70719014520009,1.004393720220019],[102.70689014520009,1.0016937202200182],[102.70459014520009,1.0019937202200193],[102.70209014520009,1.0016937202200182],[102.7000901452001,1.0015937202200185],[102.69739014520009,1.0015937202200185],[102.69429014520009,1.000993720220018],[102.6940901452001,1.0039937202200182],[102.69389014520009,1.0069937202200183],[102.69449014520009,1.0094937202200178],[102.69749014520009,1.008993720220019],[102.70029014520009,1.0090937202200188],[102.7030901452001,1.0090937202200188],[102.70459014520009,1.0073937202200192],[102.70749014520008,1.0072937202200194]]]}},{"type":"Feature","properties":{"NAMA_PROP":"RIAU","NAMOBJ":"Kelurahan Sinaboi Kota","REMARK":null,"UUPP":"Hasil Delineasi Tahun 2018","SRS_ID":"SRGI 2013","WADMKD":"Kelurahan Sinaboi Kota","WADMKC":"Sinaboi","WIADKC":null,"WADMKK":"Rokan Hilir","WIADKK":null,"WADMPR":"Riau","Coastal_Candidate":true,"Coast_Distance_M":0,"Intervention":false},"geometry":{"type":"Polygon","coordinates":[[[101.04689014520008,2.289093720220018],[101.04349014520008,2.2857937202200187],[101.04079014520009,2.280693720220018],[101.02209014520008,2.281493720220018],[101.02129014520008,2.286093720220018],[101.02199014520009,2.290593720220018],[101.02489014520009,2.291793720220019],[101.02799014520009,2.291793720220019],[101.03069014520008,2.292593720220019],[101.03339014520009,2.2918937202200187],[101.03709014520008,2.291693720220019],[101.04039014520009,2.2912937202200183],[101.04359014520008,2.2911937202200185],[101.04689014520008,2.289093720220018]]]}},{"type":"Feature","properties":{"NAMA_PROP":"RIAU","NAMOBJ":"Kelurahan Tanjung Palas","REMARK":null,"UUPP":"Hasil Delineasi Tahun 2018","SRS_ID":"SRGI 2013","WADMKD":"Kelurahan Tanjung Palas","WADMKC":"Dumai Timur","WIADKC":null,"WADMKK":"Kota Dumai","WIADKK":"Kota Dumai","WADMPR":"Riau","Coastal_Candidate":true,"Coast_Distance_M":0,"Intervention":false},"geometry":{"type":"Polygon","coordinates":[[[101.49139014520009,1.6725937202200178],[101.48849014520009,1.6702937202200179],[101.48619014520008,1.667193720220018],[101.48379014520009,1.6626937202200178],[101.48249014520009,1.659893720220019],[101.48019014520008,1.6553937202200188],[101.47789014520009,1.650793720220019],[101.47309014520009,1.644293720220018],[101.4406901452001,1.5964937202200193],[101.43869014520008,1.5953937202200184],[101.4368901452001,1.595893720220019],[101.43379014520009,1.597093720220018],[101.43069014520009,1.598193720220019],[101.4286901452001,1.5990937202200186],[101.43229014520008,1.6030937202200182],[101.43439014520008,1.6047937202200178],[101.43929014520009,1.608493720220018],[101.44209014520008,1.6113937202200184],[101.44449014520009,1.613793720220018],[101.45219014520009,1.6216937202200192],[101.45529014520008,1.624793720220019],[101.45859014520009,1.6307937202200193],[101.46069014520009,1.635493720220019],[101.46329014520009,1.6444937202200194],[101.46399014520009,1.6469937202200189],[101.46489014520009,1.6500937202200188],[101.46579014520009,1.654593720220019],[101.46629014520009,1.6593937202200184],[101.4663901452001,1.6630937202200187],[101.46659014520009,1.6662937202200183],[101.46699014520009,1.6702937202200179],[101.4650901452001,1.670993720220018],[101.4633901452001,1.6713937202200189],[101.46369014520009,1.674793720220018],[101.46369014520009,1.6775937202200186],[101.46369014520009,1.6810937202200193],[101.46369014520009,1.6851937202200187],[101.4667901452001,1.685493720220018],[101.46959014520009,1.685093720220019],[101.4736901452001,1.6853937202200182],[101.47649014520009,1.683993720220018],[101.4796901452001,1.682793720220019],[101.48269014520008,1.6812937202200189],[101.48609014520008,1.6783937202200185],[101.48959014520008,1.6763937202200179],[101.49139014520009,1.6725937202200178]]]}},{"type":"Feature","properties":{"NAMA_PROP":"RIAU","NAMOBJ":"Kelurahan Tanjung Penyebal","REMARK":null,"UUPP":"Hasil Delineasi Tahun 2018","SRS_ID":"SRGI 2013","WADMKD":"Kelurahan Tanjung Penyebal","WADMKC":"Sungai Sembilan","WIADKC":null,"WADMKK":"Kota Dumai","WIADKK":"Kota Dumai","WADMPR":"Riau","Coastal_Candidate":true,"Coast_Distance_M":0,"Intervention":false},"geometry":{"type":"Polygon","coordinates":[[[101.35059014520009,1.8454937202200181],[101.35399014520009,1.8428937202200188],[101.3554901452001,1.841293720220019],[101.35709014520009,1.839793720220019],[101.35889014520009,1.837193720220018],[101.35829014520009,1.833693720220019],[101.35909014520008,1.8306937202200189],[101.35909014520008,1.8274937202200192],[101.35769014520008,1.8234937202200179],[101.35689014520008,1.8174937202200177],[101.35689014520008,1.8140937202200185],[101.3554901452001,1.806693720220018],[101.35409014520009,1.8018937202200185],[101.35349014520008,1.797093720220019],[101.35479014520008,1.7939937202200191],[101.35189014520009,1.7931937202200192],[101.3490901452001,1.792993720220018],[101.34619014520008,1.7915937202200194],[101.34459014520009,1.789493720220019],[101.34199014520009,1.7893937202200192],[101.33959014520009,1.7890937202200181],[101.33739014520009,1.7884937202200177],[101.3349901452001,1.7877937202200194],[101.33149014520009,1.7864937202200188],[101.32629014520009,1.787193720220019],[101.32259014520008,1.7867937202200181],[101.31899014520009,1.7851937202200183],[101.31609014520009,1.783793720220018],[101.31239014520008,1.7819937202200187],[101.3079901452001,1.7796937202200187],[101.3032901452001,1.7771937202200192],[101.29999014520008,1.7752937202200183],[101.29639014520009,1.7731937202200179],[101.2929901452001,1.770893720220018],[101.28869014520009,1.7683937202200184],[101.2827901452001,1.7652937202200185],[101.27799014520009,1.762493720220018],[101.27449014520009,1.760493720220019],[101.2715901452001,1.758993720220019],[101.26899014520009,1.7575937202200187],[101.26609014520008,1.755893720220019],[101.26209014520009,1.7533937202200178],[101.25769014520009,1.7504937202200193],[101.25359014520009,1.7478937202200182],[101.25099014520009,1.7473937202200194],[101.2416901452001,1.7425937202200181],[101.23799014520009,1.7402937202200182],[101.2351901452001,1.7384937202200188],[101.23199014520009,1.7363937202200184],[101.22909014520009,1.7344937202200192],[101.22439014520009,1.7314937202200191],[101.22089014520009,1.7293937202200187],[101.21869014520009,1.730493720220018],[101.20539014520008,1.7499937202200186],[101.18789014520009,1.7720937202200187],[101.20329014520009,1.779993720220018],[101.22829014520009,1.7922937202200178],[101.25269014520009,1.8026937202200184],[101.25499014520008,1.8038937202200191],[101.25679014520009,1.8050937202200181],[101.25909014520009,1.8059937202200178],[101.26119014520009,1.806993720220019],[101.2638901452001,1.8079937202200185],[101.26879014520009,1.8101937202200187],[101.28129014520009,1.8154937202200188],[101.28669014520008,1.817693720220019],[101.29839014520009,1.822693720220018],[101.30239014520009,1.8242937202200178],[101.30579014520009,1.8247937202200184],[101.3083901452001,1.825693720220018],[101.3113901452001,1.8280937202200178],[101.31489014520008,1.8301937202200182],[101.31759014520009,1.8316937202200183],[101.32019014520009,1.8331937202200184],[101.32239014520009,1.835193720220019],[101.32449014520009,1.8376937202200185],[101.32609014520008,1.8391937202200186],[101.32799014520009,1.8398937202200187],[101.33009014520009,1.8403937202200193],[101.3310901452001,1.838293720220019],[101.33369014520008,1.839793720220019],[101.33649014520009,1.8415937202200183],[101.34069014520009,1.843993720220018],[101.34429014520009,1.8452937202200186],[101.3469901452001,1.846293720220018],[101.35059014520009,1.8454937202200181]]]}},{"type":"Feature","properties":{"NAMA_PROP":"RIAU","NAMOBJ":"Kelurahan Tanjungkapal","REMARK":null,"UUPP":"Hasil Delineasi Tahun 2018","SRS_ID":"SRGI 2013","WADMKD":"Kelurahan Tanjungkapal","WADMKC":"Rupat","WIADKC":null,"WADMKK":"Bengkalis","WIADKK":"Bengkalis","WADMPR":"Riau","Coastal_Candidate":true,"Coast_Distance_M":0,"Intervention":false},"geometry":{"type":"MultiPolygon","coordinates":[[[[101.57779014520008,1.9284937202200183],[101.56839014520008,1.8722937202200178],[101.54959014520009,1.8742937202200185],[101.52909014520009,1.834893720220018],[101.4924901452001,1.765893720220019],[101.47179014520009,1.7240937202200186],[101.4650901452001,1.7268937202200192],[101.45969014520008,1.7274937202200178],[101.4556901452001,1.7278937202200186],[101.45279014520008,1.7302937202200184],[101.45029014520009,1.734293720220018],[101.44869014520009,1.736893720220019],[101.44739014520009,1.739193720220019],[101.44619014520009,1.7413937202200191],[101.44529014520009,1.7439937202200184],[101.44449014520009,1.7469937202200185],[101.44359014520009,1.7498937202200189],[101.44249014520008,1.7531937202200183],[101.44109014520009,1.7572937202200194],[101.43959014520009,1.7613937202200187],[101.43839014520009,1.7640937202200178],[101.43669014520009,1.766993720220018],[101.4346901452001,1.7707937202200181],[101.43209014520009,1.774693720220018],[101.42969014520008,1.7780937202200189],[101.42789014520008,1.781493720220018],[101.4265901452001,1.7853937202200179],[101.42619014520008,1.7895937202200187],[101.42579014520008,1.7930937202200177],[101.42519014520009,1.797093720220019],[101.42439014520009,1.802093720220018],[101.42369014520008,1.8057937202200183],[101.42309014520009,1.8090937202200177],[101.42219014520009,1.8132937202200186],[101.42129014520009,1.8167937202200193],[101.42199014520008,1.8194937202200183],[101.42439014520009,1.8213937202200192],[101.42639014520009,1.8223937202200187],[101.42849014520009,1.8240937202200183],[101.43229014520008,1.8238937202200187],[101.43679014520009,1.8243937202200193],[101.44059014520009,1.8240937202200183],[101.4440901452001,1.823793720220019],[101.44519014520009,1.826793720220019],[101.44429014520009,1.8288937202200177],[101.4428901452001,1.831393720220019],[101.44169014520008,1.8335937202200192],[101.44039014520008,1.8357937202200176],[101.43929014520009,1.8376937202200185],[101.43849014520009,1.8392937202200184],[101.43789014520009,1.8414937202200186],[101.43649014520008,1.8466937202200189],[101.43549014520009,1.8494937202200177],[101.43419014520009,1.8544937202200185],[101.43609014520008,1.8608937202200178],[101.44229014520009,1.8780937202200185],[101.4607901452001,1.9382937202200186],[101.46819014520008,1.9711937202200183],[101.57779014520008,1.9284937202200183]]],[[[101.40709014520009,1.7660937202200184],[101.4038901452001,1.7640937202200178],[101.40239014520009,1.767393720220019],[101.40029014520009,1.7699937202200182],[101.39839014520008,1.7737937202200182],[101.3965901452001,1.7781937202200186],[101.39589014520008,1.7808937202200177],[101.39499014520008,1.7834937202200187],[101.39439014520009,1.7865937202200186],[101.39389014520009,1.790193720220019],[101.39369014520008,1.794093720220019],[101.39399014520009,1.7977937202200192],[101.39419014520008,1.8010937202200186],[101.39429014520009,1.8033937202200185],[101.39419014520008,1.8053937202200192],[101.39419014520008,1.8071937202200186],[101.39429014520009,1.8093937202200188],[101.39389014520009,1.813093720220019],[101.39399014520009,1.8172937202200181],[101.39369014520008,1.8200937202200187],[101.39399014520009,1.8224937202200184],[101.39629014520008,1.8261937202200187],[101.3991901452001,1.8277937202200185],[101.40139014520008,1.8282937202200191],[101.40319014520009,1.8277937202200185],[101.40479014520008,1.825293720220019],[101.40609014520008,1.8225937202200182],[101.40669014520009,1.8196937202200179],[101.40629014520009,1.8154937202200188],[101.4068901452001,1.8106937202200193],[101.40789014520008,1.805893720220018],[101.40809014520009,1.801693720220019],[101.40829014520008,1.798293720220018],[101.40809014520009,1.792493720220019],[101.40809014520009,1.7874937202200183],[101.40809014520009,1.7806937202200182],[101.40769014520009,1.776493720220019],[101.40709014520009,1.773493720220019],[101.40809014520009,1.7698937202200185],[101.40709014520009,1.7660937202200184]]],[[[101.37909014520008,1.7724937202200177],[101.37739014520008,1.7664937202200193],[101.37539014520009,1.7704937202200188],[101.37399014520008,1.7733937202200192],[101.37319014520008,1.7756937202200191],[101.37249014520009,1.7783937202200182],[101.37229014520008,1.781493720220018],[101.37199014520009,1.7847937202200193],[101.37359014520008,1.788393720220018],[101.3721901452001,1.792493720220019],[101.37209014520009,1.7958937202200183],[101.3721901452001,1.7983937202200178],[101.37289014520009,1.8013937202200179],[101.37509014520009,1.8033937202200185],[101.3777901452001,1.8048937202200186],[101.37889014520009,1.8004937202200182],[101.37809014520009,1.7964937202200186],[101.37789014520008,1.7922937202200178],[101.37749014520008,1.789893720220018],[101.37709014520009,1.7854937202200176],[101.37709014520009,1.781893720220019],[101.37809014520009,1.7778937202200193],[101.37909014520008,1.7724937202200177]]]]}},{"type":"Feature","properties":{"NAMA_PROP":"RIAU","NAMOBJ":"Kelurahan Teluk Belitung","REMARK":null,"UUPP":"Hasil Delineasi Tahun 2018","SRS_ID":"SRGI 2013","WADMKD":"Kelurahan Teluk Belitung","WADMKC":"Merbau","WIADKC":"Merbau","WADMKK":"Kepulauan Meranti","WIADKK":"Kepulauan Meranti","WADMPR":"Riau","Coastal_Candidate":true,"Coast_Distance_M":28.3,"Intervention":false},"geometry":{"type":"Polygon","coordinates":[[[102.45329014520009,1.0330937202200179],[102.4496901452001,1.0309937202200192],[102.44569014520009,1.0301937202200193],[102.44309014520009,1.032593720220019],[102.44089014520009,1.034093720220019],[102.43809014520009,1.036093720220018],[102.43499014520009,1.0366937202200184],[102.43079014520009,1.036393720220019],[102.42639014520009,1.0355937202200192],[102.4231901452001,1.0359937202200182],[102.4196901452001,1.0350937202200186],[102.41599014520008,1.0338937202200178],[102.41279014520009,1.034093720220019],[102.40719014520009,1.0331937202200177],[102.40319014520009,1.0319937202200187],[102.40079014520009,1.0312937202200185],[102.39839014520008,1.032293720220018],[102.39449014520008,1.0324937202200193],[102.38969014520009,1.032293720220018],[102.38579014520009,1.032293720220018],[102.38139014520009,1.0323937202200177],[102.37479014520008,1.0330937202200179],[102.37139014520008,1.034593720220018],[102.36639014520009,1.0361937202200178],[102.36299014520009,1.036893720220018],[102.35999014520009,1.0370937202200192],[102.35669014520009,1.0365937202200186],[102.35399014520009,1.0362937202200193],[102.35259014520008,1.0389937202200183],[102.35259014520008,1.049093720220018],[102.3640901452001,1.050193720220019],[102.3726901452001,1.050593720220018],[102.39159014520008,1.0513937202200179],[102.39679014520009,1.0515937202200192],[102.40759014520009,1.052093720220018],[102.42419014520009,1.0527937202200182],[102.4269901452001,1.0532937202200188],[102.42989014520009,1.0552937202200177],[102.43289014520009,1.056993720220019],[102.43369014520009,1.0602937202200184],[102.43629014520009,1.063093720220019],[102.43869014520008,1.0598937202200194],[102.44169014520008,1.0570937202200188],[102.44229014520009,1.0534937202200183],[102.44529014520009,1.046293720220019],[102.44649014520009,1.043693720220018],[102.4505901452001,1.0382937202200182],[102.45199014520009,1.036093720220018],[102.45329014520009,1.0330937202200179]]]}},{"type":"Feature","properties":{"NAMA_PROP":"RIAU","NAMOBJ":"Kelurahan Teluk Dalam","REMARK":null,"UUPP":"Hasil Delineasi Tahun 2018","SRS_ID":"SRGI 2013","WADMKD":"Kelurahan Teluk Dalam","WADMKC":"Kuala Kampar","WIADKC":null,"WADMKK":"Pelalawan","WIADKK":null,"WADMPR":"Riau","Coastal_Candidate":true,"Coast_Distance_M":0,"Intervention":false},"geometry":{"type":"Polygon","coordinates":[[[103.2514901452001,0.6159937202200183],[103.25339014520009,0.6101937202200194],[103.2548901452001,0.6012937202200188],[103.25629014520008,0.5977937202200181],[103.26159014520009,0.5791937202200188],[103.26499014520009,0.5596937202200181],[103.27299014520008,0.5557937202200183],[103.2882901452001,0.5424937202200191],[103.28969014520008,0.5406937202200179],[103.28669014520008,0.5370937202200192],[103.2822901452001,0.5324937202200193],[103.2784901452001,0.5304937202200186],[103.27469014520008,0.5281937202200186],[103.27099014520009,0.5280937202200189],[103.26849014520009,0.5274937202200185],[103.26429014520009,0.5270937202200177],[103.26019014520008,0.5267937202200184],[103.25749014520008,0.5265937202200188],[103.25379014520009,0.526193720220018],[103.25009014520009,0.5257937202200189],[103.24629014520009,0.5251937202200185],[103.24259014520008,0.524993720220019],[103.2390901452001,0.5246937202200179],[103.23609014520008,0.5243937202200186],[103.2330901452001,0.523893720220018],[103.23059014520008,0.5236937202200185],[103.22739014520009,0.5230937202200181],[103.2240901452001,0.522693720220019],[103.22119014520008,0.5222937202200182],[103.21829014520009,0.5222937202200182],[103.21529014520009,0.5216937202200178],[103.2120901452001,0.5213937202200185],[103.2099901452001,0.5259937202200184],[103.20219014520009,0.5423937202200193],[103.1970901452001,0.5530937202200192],[103.1876901452001,0.568093720220018],[103.19189014520009,0.5708937202200186],[103.19639014520008,0.5738937202200187],[103.20239014520008,0.5792937202200186],[103.20599014520009,0.5843937202200191],[103.21199014520009,0.5931937202200182],[103.21739014520008,0.5992937202200181],[103.22319014520009,0.6060937202200183],[103.23379014520009,0.6197937202200183],[103.23829014520008,0.6155937202200192],[103.2514901452001,0.6159937202200183]]]}},{"type":"Feature","properties":{"NAMA_PROP":"RIAU","NAMOBJ":"Kelurahan Teluk Makmur","REMARK":null,"UUPP":"Hasil Delineasi Tahun 2018","SRS_ID":"SRGI 2013","WADMKD":"Kelurahan Teluk Makmur","WADMKC":"Medang Kampai","WIADKC":null,"WADMKK":"Kota Dumai","WIADKK":"Kota Dumai","WADMPR":"Riau","Coastal_Candidate":true,"Coast_Distance_M":0,"Intervention":false},"geometry":{"type":"Polygon","coordinates":[[[101.54759014520009,1.6409937202200187],[101.54669014520009,1.6384937202200192],[101.54719014520009,1.6356937202200186],[101.5502901452001,1.6335937202200181],[101.55169014520008,1.6303937202200185],[101.5515901452001,1.6268937202200178],[101.55129014520008,1.622193720220018],[101.5502901452001,1.6177937202200177],[101.54999014520008,1.6147937202200193],[101.54929014520009,1.6123937202200178],[101.54889014520009,1.6091937202200182],[101.55009014520009,1.6062937202200178],[101.55239014520009,1.6030937202200182],[101.55219014520009,1.5978937202200179],[101.5515901452001,1.5940937202200178],[101.54999014520008,1.5907937202200184],[101.54749014520009,1.586693720220019],[101.48089014520009,1.5862937202200182],[101.48189014520008,1.5890937202200188],[101.48299014520009,1.5914937202200186],[101.4834901452001,1.593993720220018],[101.48379014520009,1.5967937202200186],[101.48439014520008,1.5998937202200185],[101.48599014520009,1.603193720220018],[101.48699014520008,1.6051937202200186],[101.48849014520009,1.6079937202200192],[101.49059014520009,1.611893720220019],[101.49239014520009,1.6154937202200177],[101.49399014520009,1.618393720220018],[101.49649014520008,1.623293720220019],[101.49789014520009,1.625993720220018],[101.49969014520009,1.6291937202200177],[101.50249014520008,1.6338937202200192],[101.50409014520008,1.636293720220019],[101.50549014520008,1.6384937202200192],[101.50679014520009,1.6406937202200194],[101.50799014520008,1.6428937202200178],[101.50979014520009,1.6459937202200177],[101.51129014520009,1.648493720220019],[101.51229014520008,1.6508937202200187],[101.51329014520009,1.6540937202200183],[101.51619014520008,1.6538937202200188],[101.51929014520009,1.652293720220019],[101.52239014520009,1.650793720220019],[101.5245901452001,1.6492937202200189],[101.5267901452001,1.6477937202200188],[101.5292901452001,1.6467937202200194],[101.53129014520009,1.6456937202200184],[101.53369014520008,1.6451937202200178],[101.5365901452001,1.6439937202200188],[101.54039014520009,1.642793720220018],[101.54379014520009,1.6417937202200186],[101.54759014520009,1.6409937202200187]]]}},{"type":"Feature","properties":{"NAMA_PROP":"RIAU","NAMOBJ":"Kelurahan Terkul","REMARK":null,"UUPP":"Hasil Delineasi Tahun 2018","SRS_ID":"SRGI 2013","WADMKD":"Kelurahan Terkul","WADMKC":"Rupat","WIADKC":null,"WADMKK":"Bengkalis","WIADKK":"Bengkalis","WADMPR":"Riau","Coastal_Candidate":true,"Coast_Distance_M":231.7,"Intervention":false},"geometry":{"type":"Polygon","coordinates":[[[101.62979014520009,1.870693720220018],[101.61079014520008,1.8036937202200178],[101.61139014520009,1.7914937202200178],[101.61459014520008,1.7301937202200186],[101.61539014520008,1.6955937202200193],[101.61189014520009,1.6932937202200193],[101.60729014520008,1.6920937202200186],[101.6024901452001,1.6936937202200184],[101.5994901452001,1.6946937202200179],[101.59429014520009,1.6954937202200178],[101.5892901452001,1.6960937202200181],[101.57929014520009,1.697693720220018],[101.5712901452001,1.6984937202200179],[101.56669014520008,1.6988937202200187],[101.55869014520009,1.6998937202200182],[101.55089014520009,1.700693720220018],[101.54609014520008,1.7018937202200188],[101.53929014520008,1.7034937202200187],[101.53069014520008,1.7053937202200178],[101.53599014520009,1.7156937202200186],[101.56649014520009,1.7880937202200187],[101.57349014520008,1.8045937202200193],[101.59989014520009,1.8708937202200193],[101.62979014520009,1.870693720220018]]]}},{"type":"Feature","properties":{"NAMA_PROP":"RIAU","NAMOBJ":"Kembung Luar","REMARK":null,"UUPP":"Hasil Delineasi Tahun 2018","SRS_ID":"SRGI 2013","WADMKD":"Kembung Luar","WADMKC":"Bantan","WIADKC":null,"WADMKK":"Bengkalis","WIADKK":"Bengkalis","WADMPR":"Riau","Coastal_Candidate":true,"Coast_Distance_M":0,"Intervention":false},"geometry":{"type":"Polygon","coordinates":[[[102.47417948900005,1.44118432500005],[102.47420689470957,1.4411779108970608],[102.47449014520011,1.4413937202200162],[102.47777392000204,1.4411344751496316],[102.47878724700007,1.4413306030000643],[102.47929922100008,1.441330476000072],[102.47978709681952,1.4410428097327692],[102.48049132100004,1.4406275780000308],[102.48132611100004,1.4406808620000535],[102.48228523200004,1.440751908000034],[102.48358182100013,1.440698624000027],[102.48461198800004,1.4406986240000907],[102.48655687300004,1.4405476510000488],[102.4872318100001,1.4401036140000811],[102.48772913200008,1.4396418150001131],[102.48797779300008,1.4391800160000479],[102.48800523069487,1.4391668935747648],[102.48799014520007,1.438593720220041],[102.48830127943279,1.4376188280038182],[102.48842351347423,1.438977979000231],[102.48929701408008,1.4385423450416637],[102.48966430449794,1.4383591692350248],[102.49025126400007,1.4379189490000668],[102.49090844000006,1.4376702880000725],[102.49128143100006,1.4371552050000713],[102.49183203800004,1.436231607000035],[102.49176099200008,1.4355389080000724],[102.49181427600007,1.4349527790000824],[102.49168994600006,1.4345442640000823],[102.49176099200008,1.4343133650000304],[102.49184979900008,1.4343666490000682],[102.49190072500005,1.4343242110000478],[102.49195636800005,1.434277842000062],[102.49196524337762,1.434276298458521],[102.49200114200005,1.4341434790000729],[102.49217264400006,1.4342290130000426],[102.49218931811758,1.4342373289914088],[102.49236488300009,1.4342067960000933],[102.4925957820001,1.434313365000041],[102.49261609332544,1.4343742986917165],[102.49272011300012,1.434686356000048],[102.49326183900008,1.4348195680000455],[102.49390125300005,1.4345886680000532],[102.49390125300006,1.4340203000000344],[102.49397293482859,1.4339526006013723],[102.49422096000008,1.4337183550000667],[102.49470052000002,1.4332565560000856],[102.49508055781277,1.4327978897138824],[102.49521560400007,1.4326349030001044],[102.49545538400008,1.4318445160001039],[102.49549090700003,1.4312583870000788],[102.49549090700003,1.4304946420000477],[102.49551301950692,1.4302337118723765],[102.49554347797174,1.4298742997849816],[102.4955797140001,1.4294467140000735],[102.49570404500008,1.428825062000052],[102.49581061400009,1.428150125000069],[102.49581949500003,1.4267203240000297],[102.49580173300006,1.4262230020000373],[102.49576621000006,1.4256546340000698],[102.49594382500004,1.425388211000031],[102.49564188000011,1.425157312000043],[102.49544650300004,1.424713274000073],[102.4954339910482,1.4245297645546737],[102.49539321900005,1.4239317680000532],[102.4955353110001,1.4235410150000651],[102.49567740300006,1.4231147390000474],[102.4954109800001,1.422866078000042],[102.49538433800006,1.421933600000043],[102.49532560489227,1.4212523013600369],[102.49529553000008,1.420903433000048],[102.49526000700007,1.4199975960000295],[102.49526000700007,1.4192160900000517],[102.49517120000007,1.4182036850000357],[102.49493142000006,1.4170403070000561],[102.49486037400004,1.4160811860000535],[102.49464723600008,1.4146247430000507],[102.49445185900004,1.4135235300000404],[102.49423872100007,1.4125466470000507],[102.49424760200009,1.4120582060000388],[102.49420889800008,1.4118001810000684],[102.49419431700005,1.4117029760000797],[102.49408774800008,1.4112767000000535],[102.4939989410001,1.4108504240000677],[102.49417655600013,1.4105662400000396],[102.49419431700004,1.4101932490000304],[102.49385684900005,1.4098557800000655],[102.49398117900006,1.4096071190000534],[102.49419431700007,1.4091275590000787],[102.49391013300007,1.408630237000091],[102.49373251800006,1.408381576000086],[102.49364371100006,1.4077599230000915],[102.49358154600009,1.4070938670000996],[102.49351168182032,1.4066647033114619],[102.49349338100008,1.4063854660001127],[102.49348479079622,1.4062473949135095],[102.49361706900004,1.405850562000081],[102.49383020700009,1.40544204700009],[102.49375916100007,1.4050690560000554],[102.49346301291617,1.4047564547948599],[102.49346311651666,1.4046592848154102],[102.49375916100007,1.4037547050000565],[102.49360818800011,1.4019519130000815],[102.49360818800007,1.400921746000071],[102.49364371100008,1.400193524000044],[102.49350161900009,1.3997139640000786],[102.49357266500004,1.3988969350000537],[102.49344833400005,1.3981864750000523],[102.49350161900009,1.3973872070000766],[102.49326543305715,1.3966561049269015],[102.4931463890001,1.3966412240000685],[102.49301910138722,1.396570508677559],[102.49282668200004,1.3964636090000042],[102.49289772800006,1.3962682330000427],[102.49313628796021,1.3962364249466521],[102.49316415000004,1.3962327100000476],[102.49348385700006,1.3960550950000696],[102.49379468400008,1.3959218840000944],[102.4937946840001,1.395371277000062],[102.49393677600006,1.3948029090000276],[102.49377692200005,1.3942878260000742],[102.49365259200005,1.3937727420000743],[102.49379468400008,1.3933109430000559],[102.49406998700005,1.3923429420000473],[102.49394565600007,1.3920942810000256],[102.49399894100009,1.3915614360000819],[102.49400159716937,1.3914844043435148],[102.4940167020001,1.3910463520000467],[102.49396341800008,1.3904779840000459],[102.49414413500006,1.3900179770000816],[102.49415879400004,1.3899806620000323],[102.4941549757578,1.3899524069481328],[102.4896901452001,1.3896937202200128],[102.4847901452001,1.3886937202200182],[102.4804901452001,1.3880937202200128],[102.47669014520008,1.3876937202200434],[102.47609014520009,1.3850937202200497],[102.47109014520011,1.3835937202200137],[102.46869014520009,1.38019372022003],[102.4617901452001,1.3800937202200172],[102.45329014520009,1.380093720220013],[102.4475901452001,1.3801937202200398],[102.44129014520009,1.380193720220017],[102.4340901452001,1.3802937202200247],[102.42939014520009,1.379493720220018],[102.42409014520008,1.3774937202200557],[102.42029014520007,1.3746937202200296],[102.41679014520008,1.3787937202200347],[102.42729014520009,1.396993720220044],[102.43049014520008,1.4055937202200381],[102.4302901452001,1.4131937202200184],[102.44609014520009,1.4176937202200384],[102.4584901452001,1.4202937202200179],[102.45969014520008,1.4223937202200216],[102.45939014520009,1.4257937202200546],[102.4580901452001,1.4297937202200408],[102.45879014520008,1.4335937202200006],[102.45959014520008,1.4363937202200365],[102.45939014520009,1.4392937202200582],[102.4626901452001,1.439893720220042],[102.46489014520009,1.439593720220036],[102.46759014520009,1.4404937202200347],[102.4696901452001,1.4393937202200393],[102.47239014520008,1.4397937202200082],[102.47280361188939,1.440108743237983],[102.47249729100011,1.4421717020000528],[102.47417948900005,1.44118432500005]]]}},{"type":"Feature","properties":{"NAMA_PROP":"RIAU","NAMOBJ":"Kepau Baru","REMARK":null,"UUPP":"Hasil Delineasi Tahun 2018","SRS_ID":"SRGI 2013","WADMKD":"Kepau Baru","WADMKC":"Tebing Tinggi Timur","WIADKC":"Tebing Tinggi Timur","WADMKK":"Kepulauan Meranti","WIADKK":"Kepulauan Meranti","WADMPR":"Riau","Coastal_Candidate":true,"Coast_Distance_M":0,"Intervention":false},"geometry":{"type":"MultiPolygon","coordinates":[[[[102.7390901452001,0.8643937202200185],[102.76149014520009,0.8583937202200183],[102.77969014520009,0.8516937202200179],[102.78709014520008,0.8490937202200186],[102.79709014520009,0.8478937202200179],[102.81459014520009,0.8434937202200192],[102.82599014520008,0.8416937202200181],[102.89369014520008,0.8239937202200185],[102.89479014520009,0.8321937202200189],[102.90509014520009,0.8278937202200183],[102.91649014520009,0.8232937202200183],[102.9282901452001,0.8178937202200185],[102.94159014520008,0.8120937202200178],[102.94329014520008,0.8114937202200192],[102.9419901452001,0.7978937202200189],[102.9419901452001,0.7918937202200187],[102.9419901452001,0.7781937202200186],[102.94559014520009,0.7709937202200177],[102.9419901452001,0.767793720220018],[102.93839014520009,0.7658937202200189],[102.93349014520008,0.7635937202200189],[102.93109014520009,0.7661937202200182],[102.92859014520009,0.7682937202200186],[102.92609014520009,0.7703937202200191],[102.92309014520009,0.7720937202200187],[102.9205901452001,0.7735937202200187],[102.9179901452001,0.7748937202200192],[102.91509014520008,0.7760937202200182],[102.91169014520008,0.7770937202200177],[102.90819014520008,0.7779937202200191],[102.90469014520009,0.778493720220018],[102.90139014520008,0.778493720220018],[102.89809014520009,0.7791937202200181],[102.89369014520008,0.7802937202200191],[102.8905901452001,0.7813937202200183],[102.8871901452001,0.7823937202200177],[102.88319014520009,0.7840937202200191],[102.8803901452001,0.7854937202200176],[102.87809014520009,0.7864937202200188],[102.87619014520008,0.7869937202200177],[102.8738901452001,0.7881937202200184],[102.87159014520009,0.7891937202200179],[102.86859014520009,0.7901937202200191],[102.86589014520008,0.7912937202200183],[102.86339014520009,0.7920937202200182],[102.85999014520009,0.7929937202200179],[102.85689014520008,0.7934937202200185],[102.85409014520009,0.7938937202200194],[102.85009014520008,0.7941937202200187],[102.8464901452001,0.7942937202200184],[102.84369014520009,0.7943937202200182],[102.84069014520009,0.7942937202200184],[102.8370901452001,0.7941937202200187],[102.83399014520009,0.7939937202200191],[102.83059014520009,0.7937937202200178],[102.8272901452001,0.7933937202200187],[102.82349014520008,0.7942937202200184],[102.81249014520009,0.7946937202200193],[102.80749014520009,0.7940937202200189],[102.80289014520008,0.7934937202200185],[102.79589014520009,0.7922937202200178],[102.78889014520009,0.7914937202200178],[102.78249014520009,0.7910937202200188],[102.77489014520009,0.7912937202200183],[102.75809014520009,0.7908937202200192],[102.7514901452001,0.7904937202200184],[102.7458901452001,0.7914937202200178],[102.73809014520009,0.7922937202200178],[102.7270901452001,0.7924937202200191],[102.72169014520009,0.7926937202200186],[102.71869014520009,0.7913937202200181],[102.7137901452001,0.7916937202200192],[102.71019014520009,0.7917937202200189],[102.70639014520009,0.792193720220018],[102.70279014520008,0.792193720220018],[102.70019014520008,0.792193720220018],[102.6966901452001,0.7920937202200182],[102.69219014520009,0.7919937202200185],[102.6889901452001,0.7919937202200185],[102.6868901452001,0.7918937202200187],[102.68309014520008,0.7919937202200185],[102.6782901452001,0.793293720220019],[102.66809014520008,0.7938937202200194],[102.66009014520009,0.793293720220019],[102.65329014520009,0.7926937202200186],[102.64689014520009,0.7928937202200181],[102.64229014520009,0.7916937202200192],[102.6388901452001,0.7900937202200193],[102.63449014520009,0.7878937202200191],[102.63069014520009,0.7864937202200188],[102.62589014520009,0.7844937202200182],[102.6204901452001,0.7820937202200184],[102.61429014520009,0.7794937202200192],[102.60969014520009,0.7778937202200193],[102.60309014520008,0.7762937202200177],[102.59569014520008,0.7724937202200177],[102.5870901452001,0.7690937202200185],[102.58399014520009,0.7685937202200179],[102.57979014520009,0.7664937202200193],[102.57659014520009,0.7669937202200181],[102.57289014520009,0.7692937202200181],[102.5703901452001,0.7701937202200178],[102.57159014520009,0.7719937202200189],[102.57239014520009,0.7744937202200184],[102.57239014520009,0.7766937202200186],[102.57159014520009,0.7801937202200193],[102.57219014520008,0.7834937202200187],[102.57379014520009,0.7866937202200184],[102.57759014520009,0.7945937202200177],[102.57969014520009,0.7988937202200184],[102.58449014520009,0.8088937202200182],[102.59599014520009,0.825293720220019],[102.59639014520009,0.829093720220019],[102.59629014520009,0.8319937202200194],[102.59619014520008,0.8355937202200181],[102.59589014520009,0.8383937202200187],[102.6140901452001,0.840193720220018],[102.61899014520009,0.8411937202200193],[102.63609014520009,0.8405937202200189],[102.63709014520009,0.8376937202200185],[102.63749014520009,0.8352937202200188],[102.63839014520009,0.8329937202200188],[102.64469014520009,0.8418937202200176],[102.64669014520008,0.8448937202200177],[102.66079014520008,0.8654937202200177],[102.6637901452001,0.8660937202200181],[102.68499014520009,0.8653937202200179],[102.7176901452001,0.8640937202200192],[102.7390901452001,0.8643937202200185]]],[[[102.90379014520009,0.7661937202200182],[102.90189014520008,0.7658937202200189],[102.89859014520009,0.7670937202200179],[102.89479014520009,0.768893720220019],[102.89249014520009,0.770093720220018],[102.88879014520009,0.7727937202200188],[102.89259014520009,0.772693720220019],[102.89669014520008,0.7710937202200192],[102.90079014520009,0.7690937202200185],[102.90379014520009,0.7661937202200182]]]]}},{"type":"Feature","properties":{"NAMA_PROP":"RIAU","NAMOBJ":"Ketam Putih","REMARK":null,"UUPP":"Hasil Delineasi Tahun 2018","SRS_ID":"SRGI 2013","WADMKD":"Ketam Putih","WADMKC":"Bengkalis","WIADKC":null,"WADMKK":"Bengkalis","WIADKK":"Bengkalis","WADMPR":"Riau","Coastal_Candidate":true,"Coast_Distance_M":0,"Intervention":false},"geometry":{"type":"Polygon","coordinates":[[[102.39479014520009,1.430193720220018],[102.37599014520009,1.3880937202200183],[102.37369014520009,1.3844937202200178],[102.36479014520009,1.3936937202200177],[102.36099014520009,1.3975937202200193],[102.35839014520009,1.4002937202200183],[102.35669014520009,1.4032937202200184],[102.3507901452001,1.4134937202200177],[102.3477901452001,1.4206937202200187],[102.32489014520009,1.4155937202200182],[102.32259014520008,1.412593720220018],[102.31979014520009,1.4089937202200193],[102.31769014520009,1.4067937202200191],[102.31459014520009,1.4085937202200185],[102.3118901452001,1.4115937202200186],[102.30919014520009,1.4149937202200178],[102.31059014520008,1.4184937202200185],[102.3135901452001,1.4210937202200178],[102.31589014520009,1.4230937202200185],[102.3190901452001,1.4242937202200192],[102.3233901452001,1.4250937202200191],[102.3280901452001,1.4257937202200193],[102.3327901452001,1.4259937202200188],[102.33619014520009,1.4264937202200176],[102.33989014520009,1.4277937202200182],[102.3477901452001,1.4290937202200187],[102.35439014520009,1.4300937202200181],[102.36849014520008,1.4322937202200183],[102.38669014520009,1.4351937202200187],[102.39419014520008,1.4364937202200192],[102.39479014520009,1.430193720220018]]]}},{"type":"Feature","properties":{"NAMA_PROP":"RIAU","NAMOBJ":"Ketapang Permai","REMARK":null,"UUPP":"Hasil Delineasi Tahun 2018","SRS_ID":"SRGI 2013","WADMKD":"Ketapang Permai","WADMKC":"Pulaumerbau","WIADKC":"Pulau Merbau","WADMKK":"Kepulauan Meranti","WIADKK":"Kepulauan Meranti","WADMPR":"Riau","Coastal_Candidate":true,"Coast_Distance_M":0,"Intervention":false},"geometry":{"type":"Polygon","coordinates":[[[102.52169014520008,1.028793720220019],[102.52279014520009,1.0237937202200182],[102.52299014520008,1.0198937202200185],[102.52299014520008,1.0167937202200186],[102.52339014520008,1.005593720220018],[102.52179014520009,0.9983937202200188],[102.51839014520009,0.9856937202200182],[102.49959014520009,0.9816937202200187],[102.50059014520009,0.9779937202200184],[102.49709014520009,0.9759937202200177],[102.49059014520009,0.976193720220019],[102.48929014520009,0.9799937202200191],[102.48829014520008,0.9840937202200184],[102.4873901452001,0.9882937202200193],[102.48689014520009,0.9910937202200181],[102.4864901452001,0.9940937202200182],[102.48599014520009,0.9972937202200178],[102.48559014520009,1.0000937202200184],[102.48489014520008,1.003293720220018],[102.48439014520008,1.0072937202200194],[102.4834901452001,1.0114937202200185],[102.48269014520008,1.0143937202200188],[102.48159014520009,1.0172937202200192],[102.4804901452001,1.020093720220018],[102.48059014520008,1.0227937202200188],[102.4834901452001,1.0243937202200186],[102.48609014520008,1.0242937202200189],[102.48879014520008,1.024993720220019],[102.49129014520008,1.0248937202200192],[102.49469014520008,1.0254937202200178],[102.49869014520009,1.0263937202200193],[102.50089014520009,1.0266937202200186],[102.50389014520009,1.027293720220019],[102.50809014520009,1.0278937202200193],[102.51159014520009,1.0288937202200188],[102.51659014520008,1.0290937202200183],[102.52169014520008,1.028793720220019]]]}},{"type":"Feature","properties":{"NAMA_PROP":"RIAU","NAMOBJ":"Kuala Alam","REMARK":null,"UUPP":"Hasil Delineasi Tahun 2018","SRS_ID":"SRGI 2013","WADMKD":"Kuala Alam","WADMKC":"Bengkalis","WIADKC":null,"WADMKK":"Bengkalis","WIADKK":"Bengkalis","WADMPR":"Riau","Coastal_Candidate":true,"Coast_Distance_M":0,"Intervention":false},"geometry":{"type":"MultiPolygon","coordinates":[[[[102.17499014520008,1.458793720220018],[102.17159014520008,1.452993720220041],[102.16739014520009,1.4510937202200238],[102.16449014520016,1.448893720220067],[102.16424782300004,1.4427767190000726],[102.16401692300013,1.442776719000065],[102.16309332500009,1.442989857000131],[102.16118396400009,1.443442776000023],[102.1608642570002,1.4434605370001599],[102.16020708200014,1.4435671060001705],[102.15979856700012,1.4437980060000717],[102.15962095200007,1.444082190000148],[102.15946800300016,1.4441586640001147],[102.15944333700003,1.4441709970001408],[102.15930124500001,1.4441532360000007],[102.15901706100016,1.44413547400014],[102.15862630800007,1.4442420430001588],[102.15807570200015,1.4442775660001548],[102.15736524200014,1.444597273000068],[102.15686792000005,1.444757127000152],[102.15647716700012,1.4449880260001509],[102.15553580700005,1.4451301180001963],[102.15382182200005,1.4455119900001865],[102.15348435400007,1.4456540820000543],[102.15323569300018,1.4458672200000995],[102.15321705572104,1.446006999799032],[102.15313448600006,1.4460565020000824],[102.15304680800006,1.4461540900001697],[102.15300704930083,1.44616459515499],[102.15301757508958,1.4470597404392669],[102.15411993600004,1.4473764070001571],[102.15479004400005,1.4478038140000546],[102.1553901452001,1.4491937202200322],[102.1566901452001,1.4529937202200458],[102.1598901452001,1.455593720220042],[102.1643901452001,1.4568937202200258],[102.17499014520008,1.458793720220018]]],[[[102.17499014520008,1.458793720220018],[102.17349014520009,1.462193720220018],[102.1748901452001,1.4631937202200436],[102.17579014520008,1.4664937202200377],[102.1785901452001,1.4739937202200408],[102.18939014520011,1.4949937202200236],[102.19389014520009,1.49349372022002],[102.18789014520009,1.4799937202200204],[102.1860901452001,1.4770937202200207],[102.18319014520009,1.471993720220023],[102.17499014520008,1.458793720220018]]]]}},{"type":"Feature","properties":{"NAMA_PROP":"RIAU","NAMOBJ":"Kuala Gaung","REMARK":null,"UUPP":"Hasil Delineasi Tahun 2018","SRS_ID":"SRGI 2013","WADMKD":"Kuala Gaung","WADMKC":"Gaung Anak Serka","WIADKC":null,"WADMKK":"Indragiri Hilir","WIADKK":null,"WADMPR":"Riau","Coastal_Candidate":true,"Coast_Distance_M":0,"Intervention":false},"geometry":{"type":"MultiPolygon","coordinates":[[[[103.41129014520008,-0.06630627977998138],[103.41409014520009,-0.06850627977998158],[103.40989014520008,-0.07070627977998178],[103.40649014520008,-0.07430627977998228],[103.40649014520008,-0.07850627977998137],[103.40969014520009,-0.08380627977998145],[103.41269014520009,-0.08030627977998073],[103.41229014520009,-0.07710627977998108],[103.41349014520009,-0.07410627977998097],[103.4175901452001,-0.07310627977998152],[103.41999014520009,-0.07470627977998134],[103.42239014520008,-0.07570627977998079],[103.4256901452001,-0.07700627977998131],[103.42819014520009,-0.0781062797799823],[103.43039014520009,-0.0806062797799818],[103.43279014520009,-0.08370627977998168],[103.43389014520008,-0.0870062797799811],[103.43209014520009,-0.09160627977998104],[103.43649014520008,-0.09200627977998188],[103.44249014520008,-0.09050627977998182],[103.4440901452001,-0.0931062797799811],[103.44529014520009,-0.0958062797799819],[103.44829014520009,-0.09960627977998193],[103.45109014520008,-0.10360627977998149],[103.45339014520009,-0.10680627977998114],[103.45169014520009,-0.11000627977998079],[103.45769014520009,-0.11180627977998192],[103.46109014520009,-0.11340627977998174],[103.46499014520009,-0.11500627977998157],[103.47019014520009,-0.1199062797799808],[103.47299014520009,-0.12120627977998133],[103.47519014520009,-0.12270627977998139],[103.47759014520008,-0.12410627977998168],[103.4800901452001,-0.12530627977998066],[103.4834901452001,-0.1268062797799807],[103.48679014520009,-0.12810627977998124],[103.48879014520008,-0.13000627977998214],[103.49219014520008,-0.13070627977998228],[103.49469014520008,-0.13240627977998187],[103.49749014520009,-0.13460627977998207],[103.4993901452001,-0.1387062797799814],[103.50059014520009,-0.14240627977998166],[103.50129014520009,-0.14570627977998107],[103.49999014520009,-0.14880627977998095],[103.49779014520009,-0.15300627977998182],[103.4954901452001,-0.15600627977998194],[103.49189014520009,-0.15890627977998228],[103.48849014520009,-0.16070627977998164],[103.48609014520008,-0.16230627977998147],[103.48369014520009,-0.16320627977998114],[103.47789014520009,-0.16350627977998222],[103.47249014520008,-0.16430627977998213],[103.46909014520008,-0.16340627977998068],[103.46629014520009,-0.15920627977998159],[103.46409014520009,-0.15430627977998235],[103.45789014520008,-0.1470062797799816],[103.45209014520009,-0.14320627977998157],[103.44809014520008,-0.14180627977998128],[103.43529014520009,-0.1395062797799813],[103.4252901452001,-0.13880627977998117],[103.41789014520009,-0.14020627977998146],[103.41109014520009,-0.14200627977998082],[103.40569014520008,-0.14180627977998128],[103.40529014520008,-0.12240627977998209],[103.40499014520009,-0.11430627977998142],[103.40469014520009,-0.106106279779981],[103.40419014520009,-0.0911062797799822],[103.40409014520009,-0.08760627977998148],[103.40399014520008,-0.08370627977998168],[103.40359014520008,-0.07340627977998082],[103.4051901452001,-0.06820627977998228],[103.40789014520008,-0.06410627977998118],[103.41129014520008,-0.06630627977998138]]],[[[103.38559014520008,-0.2308062797799817],[103.3888901452001,-0.21830627977998063],[103.39129014520009,-0.2117062797799818],[103.39569014520009,-0.19840627977998082],[103.3974901452001,-0.19320627977998228],[103.4017901452001,-0.19220627977998106],[103.40049014520008,-0.17220627977998149],[103.39979014520009,-0.1578062797799813],[103.40299014520009,-0.15770627977998153],[103.40579014520009,-0.15850627977998144],[103.40839014520009,-0.15760627977998176],[103.40789014520008,-0.15320627977998136],[103.40639014520009,-0.1506062797799821],[103.40659014520008,-0.14830627977998212],[103.41909014520009,-0.14720627977998113],[103.42769014520009,-0.14570627977998107],[103.43829014520009,-0.14650627977998099],[103.44589014520008,-0.14980627977998218],[103.45249014520009,-0.156406279779981],[103.4590901452001,-0.16370627977998176],[103.46449014520009,-0.16970627977998198],[103.4616901452001,-0.17510627977998183],[103.46029014520009,-0.17810627977998195],[103.45859014520009,-0.18040627977998192],[103.45639014520009,-0.18290627977998142],[103.45349014520009,-0.18500627977998185],[103.44489014520009,-0.1899062797799811],[103.43749014520009,-0.19410627977998196],[103.43329014520009,-0.19640627977998193],[103.42069014520008,-0.20650627977998148],[103.41209014520008,-0.21520627977998075],[103.40409014520009,-0.22310627977998188],[103.39229014520009,-0.22870627977998126],[103.38559014520008,-0.2308062797799817]]]]}},{"type":"Feature","properties":{"NAMA_PROP":"RIAU","NAMOBJ":"Kuala Merbau","REMARK":null,"UUPP":"Hasil Delineasi Tahun 2018","SRS_ID":"SRGI 2013","WADMKD":"Kuala Merbau","WADMKC":"Pulaumerbau","WIADKC":"Pulau Merbau","WADMKK":"Kepulauan Meranti","WIADKK":"Kepulauan Meranti","WADMPR":"Riau","Coastal_Candidate":true,"Coast_Distance_M":0,"Intervention":false},"geometry":{"type":"Polygon","coordinates":[[[102.54329014520009,1.1123937202200178],[102.5404901452001,1.110793720220018],[102.53819014520009,1.1096937202200188],[102.53299014520009,1.1105937202200185],[102.52869014520009,1.1121937202200183],[102.52489014520009,1.1120937202200185],[102.52169014520008,1.1108937202200178],[102.51969014520009,1.1094937202200192],[102.51759014520009,1.1075937202200183],[102.5147901452001,1.1059937202200185],[102.51269014520008,1.1037937202200183],[102.50889014520008,1.104693720220018],[102.48839014520009,1.114893720220019],[102.47819014520009,1.1195937202200188],[102.47909014520009,1.121793720220019],[102.48029014520009,1.1239937202200192],[102.4830901452001,1.1258937202200183],[102.48609014520008,1.126393720220019],[102.48879014520008,1.1260937202200179],[102.4916901452001,1.125593720220019],[102.49439014520009,1.125293720220018],[102.49899014520008,1.1249937202200186],[102.50169014520009,1.124793720220019],[102.50509014520009,1.124793720220019],[102.5078901452001,1.1250937202200184],[102.50999014520009,1.1253937202200177],[102.51269014520008,1.125293720220018],[102.5151901452001,1.1250937202200184],[102.51769014520009,1.1250937202200184],[102.52009014520009,1.1251937202200182],[102.52309014520009,1.1261937202200176],[102.52649014520009,1.1284937202200194],[102.5309901452001,1.1287937202200187],[102.5352901452001,1.1295937202200186],[102.5387901452001,1.128293720220018],[102.54079014520009,1.1262937202200192],[102.54319014520009,1.1241937202200187],[102.54109014520009,1.1192937202200177],[102.53929014520008,1.1166937202200184],[102.54169014520009,1.1146937202200178],[102.54329014520009,1.1123937202200178]]]}},{"type":"Feature","properties":{"NAMA_PROP":"RIAU","NAMOBJ":"Kuala Patah Parang","REMARK":null,"UUPP":"Hasil Delineasi Tahun 2018","SRS_ID":"SRGI 2013","WADMKD":"Kuala Patah Parang","WADMKC":"Sungai Batang","WIADKC":null,"WADMKK":"Indragiri Hilir","WIADKK":null,"WADMPR":"Riau","Coastal_Candidate":true,"Coast_Distance_M":0,"Intervention":false},"geometry":{"type":"Polygon","coordinates":[[[103.42629014520008,-0.5525062797799816],[103.42709014520008,-0.5561062797799821],[103.42689014520009,-0.5617062797799814],[103.4256901452001,-0.5684062797799818],[103.42309014520009,-0.5740062797799812],[103.41869014520009,-0.5814062797799817],[103.41729014520008,-0.5868062797799816],[103.41669014520009,-0.5923062797799812],[103.41589014520008,-0.597306279779982],[103.41489014520009,-0.6009062797799807],[103.41229014520009,-0.6030062797799811],[103.40869014520008,-0.6044062797799814],[103.40509014520009,-0.6051062797799815],[103.40169014520009,-0.6056062797799822],[103.39669014520008,-0.6085062797799807],[103.40169014520009,-0.6085062797799807],[103.4068901452001,-0.607606279779981],[103.41129014520008,-0.6088062797799818],[103.41529014520009,-0.6128062797799814],[103.41689014520009,-0.6152062797799811],[103.41669014520009,-0.619406279779982],[103.41429014520008,-0.6242062797799814],[103.41249014520008,-0.6277062797799822],[103.41149014520009,-0.6307062797799823],[103.40919014520009,-0.636606279779981],[103.40639014520009,-0.6375062797799806],[103.40269014520008,-0.6396062797799811],[103.39869014520009,-0.6413062797799807],[103.39479014520009,-0.6436062797799806],[103.39159014520008,-0.6443062797799808],[103.38869014520009,-0.6456062797799813],[103.38339014520008,-0.6471062797799814],[103.37829014520008,-0.6486062797799814],[103.37369014520009,-0.6489062797799807],[103.36979014520008,-0.6485062797799817],[103.36569014520009,-0.648006279779981],[103.36199014520008,-0.6463062797799815],[103.35699014520009,-0.6443062797799808],[103.35279014520009,-0.6440062797799815],[103.34749014520008,-0.6413062797799807],[103.34329014520009,-0.6405062797799808],[103.33949014520009,-0.6405062797799808],[103.33619014520009,-0.6413062797799807],[103.33529014520009,-0.6389062797799809],[103.33559014520009,-0.6367062797799807],[103.33649014520009,-0.6339062797799819],[103.3383901452001,-0.6312062797799811],[103.3409901452001,-0.6288062797799814],[103.34339014520009,-0.6273062797799813],[103.34579014520008,-0.6266062797799812],[103.34849014520009,-0.6273062797799813],[103.35169014520008,-0.6280062797799815],[103.35409014520009,-0.6277062797799822],[103.35709014520009,-0.6262062797799821],[103.35969014520009,-0.6241062797799817],[103.36119014520008,-0.6216062797799822],[103.36289014520008,-0.619406279779982],[103.36519014520009,-0.6176062797799808],[103.3674901452001,-0.6155062797799822],[103.3691901452001,-0.6135062797799815],[103.36419014520008,-0.6097062797799815],[103.3601901452001,-0.6057062797799819],[103.3580901452001,-0.6032062797799806],[103.35609014520008,-0.5970062797799809],[103.35559014520008,-0.5920062797799819],[103.35479014520008,-0.5843062797799821],[103.35399014520009,-0.5778062797799812],[103.35409014520009,-0.5715062797799817],[103.36489014520009,-0.5678062797799814],[103.3828901452001,-0.5591062797799822],[103.41239014520009,-0.552006279779981],[103.4209901452001,-0.5522062797799823],[103.42629014520008,-0.5525062797799816]]]}},{"type":"Feature","properties":{"NAMA_PROP":"RIAU","NAMOBJ":"Kuala Selat","REMARK":null,"UUPP":"Hasil Delineasi Tahun 2018","SRS_ID":"SRGI 2013","WADMKD":"Kuala Selat","WADMKC":"Kateman","WIADKC":null,"WADMKK":"Indragiri Hilir","WIADKK":null,"WADMPR":"Riau","Coastal_Candidate":true,"Coast_Distance_M":0,"Intervention":false},"geometry":{"type":"MultiPolygon","coordinates":[[[[103.71239014520009,0.19549372022001776],[103.71529014520009,0.20079372022001785],[103.71899014520008,0.2000937202200177],[103.72139014520009,0.20929372022001935],[103.7219901452001,0.21399372022001906],[103.72269014520009,0.21899372022001806],[103.72349014520009,0.2243937202200179],[103.72439014520009,0.229693720220018],[103.72489014520009,0.23429372022001793],[103.72559014520009,0.24309372022001874],[103.72529014520009,0.24619372022001862],[103.7159901452001,0.24859372022001835],[103.72189014520009,0.2495937202200178],[103.72349014520009,0.2519937202200193],[103.72679014520008,0.2545937202200186],[103.73539014520009,0.25859372022001814],[103.73749014520008,0.2547937202200181],[103.73969014520009,0.25139372022001893],[103.74069014520009,0.2487937202200179],[103.74229014520009,0.2462937202200184],[103.74389014520008,0.24329372022001827],[103.7450901452001,0.240693720220019],[103.74619014520009,0.23819372022001772],[103.74789014520009,0.23509372022001784],[103.74959014520009,0.23119372022001805],[103.75119014520008,0.22729372022001826],[103.75289014520008,0.22339372022001847],[103.75409014520008,0.22029372022001859],[103.75519014520009,0.21689372022001763],[103.75639014520009,0.2138937202200193],[103.75769014520009,0.21049372022001833],[103.75889014520008,0.20689372022001784],[103.75969014520008,0.20429372022001857],[103.7604901452001,0.20099372022001916],[103.76209014520009,0.195393720220018],[103.76359014520008,0.19109372022001914],[103.76419014520009,0.18659372022001897],[103.75949014520009,0.18769372022001818],[103.75309014520009,0.1872937202200191],[103.74789014520009,0.1828937202200187],[103.74189014520009,0.18389372022001815],[103.73249014520009,0.18689372022001827],[103.72569014520009,0.19009372022001791],[103.71549014520009,0.19309372022001803],[103.71239014520009,0.19549372022001776]]],[[[103.7690901452001,0.1408937202200189],[103.75009014520009,0.1391937202200193],[103.7300901452001,0.13279372022001823],[103.7125901452001,0.12719372022001885],[103.6885901452001,0.1250937202200184],[103.68349014520008,0.12469372022001934],[103.68609014520008,0.1314937202200177],[103.69039014520008,0.1411937202200182],[103.69279014520009,0.14769372022001903],[103.69529014520009,0.1538937202200188],[103.69689014520009,0.15759372022001905],[103.69859014520009,0.1618937202200179],[103.69999014520009,0.16589372022001925],[103.70079014520009,0.16889372022001936],[103.7013901452001,0.1718937202200177],[103.70189014520008,0.17609372022001857],[103.70239014520008,0.18149372022001842],[103.70509014520009,0.18249372022001786],[103.70809014520009,0.1881937202200188],[103.70949014520009,0.1870937202200178],[103.71729014520008,0.1820937202200188],[103.72549014520008,0.1776937202200184],[103.73489014520008,0.1734937202200193],[103.7416901452001,0.16969372022001927],[103.74989014520008,0.16569372022001794],[103.7570901452001,0.1646937202200185],[103.76699014520008,0.15839372022001896],[103.76719014520009,0.15569372022001815],[103.76709014520009,0.15309372022001888],[103.76749014520009,0.1494937202200184],[103.76799014520009,0.14519372022001775],[103.7690901452001,0.1408937202200189]]]]}},{"type":"Feature","properties":{"NAMA_PROP":"RIAU","NAMOBJ":"Kuala Sungai Batang","REMARK":null,"UUPP":"Hasil Delineasi Tahun 2018","SRS_ID":"SRGI 2013","WADMKD":"Kuala Sungai Batang","WADMKC":"Sungai Batang","WIADKC":null,"WADMKK":"Indragiri Hilir","WIADKK":null,"WADMPR":"Riau","Coastal_Candidate":true,"Coast_Distance_M":0,"Intervention":false},"geometry":{"type":"Polygon","coordinates":[[[103.33529014520009,-0.6389062797799809],[103.33619014520009,-0.6413062797799807],[103.33419014520008,-0.6433062797799813],[103.33229014520009,-0.6457062797799811],[103.3306901452001,-0.6483062797799821],[103.32909014520008,-0.6508062797799816],[103.3276901452001,-0.6523062797799817],[103.32629014520009,-0.6548062797799812],[103.3238901452001,-0.6578062797799813],[103.32109014520009,-0.6607062797799816],[103.31629014520009,-0.6606062797799819],[103.31279014520008,-0.6599062797799817],[103.30919014520009,-0.6591062797799818],[103.30559014520009,-0.6581062797799824],[103.30119014520008,-0.6577062797799815],[103.29739014520008,-0.6573062797799807],[103.29489014520009,-0.6573062797799807],[103.29239014520009,-0.6572062797799809],[103.29189014520009,-0.6543062797799823],[103.29439014520008,-0.6499062797799819],[103.30109014520009,-0.6497062797799806],[103.30169014520008,-0.6214062797799809],[103.3156901452001,-0.6285062797799821],[103.33529014520009,-0.6389062797799809]]]}},{"type":"Feature","properties":{"NAMA_PROP":"RIAU","NAMOBJ":"Kudap","REMARK":null,"UUPP":"Hasil Delineasi Tahun 2018","SRS_ID":"SRGI 2013","WADMKD":"Kudap","WADMKC":"Tasik Putri Puyu","WIADKC":"Tasik Putri Puyu","WADMKK":"Kepulauan Meranti","WIADKK":"Kepulauan Meranti","WADMPR":"Riau","Coastal_Candidate":true,"Coast_Distance_M":18.1,"Intervention":false},"geometry":{"type":"Polygon","coordinates":[[[102.43609014520008,1.2777937202200178],[102.4342901452001,1.2766937202200186],[102.43249014520009,1.2754937202200178],[102.43029014520009,1.2712937202200187],[102.42979014520009,1.2671937202200176],[102.42789014520008,1.2633937202200194],[102.42679014520009,1.259393720220018],[102.42509014520009,1.2576937202200185],[102.4222901452001,1.256393720220018],[102.3815901452001,1.208693720220019],[102.35519014520008,1.2027937202200185],[102.35289014520009,1.201493720220018],[102.34999014520008,1.202593720220019],[102.34579014520008,1.2024937202200192],[102.3400901452001,1.2016937202200193],[102.33139014520009,1.2179937202200186],[102.33979014520008,1.2209937202200187],[102.34679014520009,1.223193720220019],[102.35279014520009,1.2348937202200183],[102.35579014520009,1.2407937202200188],[102.36699014520009,1.2626937202200192],[102.3738901452001,1.276193720220018],[102.3760901452001,1.2803937202200188],[102.3781901452001,1.2844937202200182],[102.38339014520008,1.2945937202200177],[102.38509014520008,1.297893720220019],[102.38939014520008,1.3064937202200184],[102.39449014520008,1.304693720220019],[102.40769014520009,1.2992937202200192],[102.41129014520008,1.2994937202200187],[102.41409014520009,1.297893720220019],[102.41599014520008,1.296793720220018],[102.41819014520009,1.295193720220018],[102.42009014520009,1.292493720220019],[102.4248901452001,1.2890937202200181],[102.42889014520009,1.285293720220018],[102.43199014520009,1.2841937202200189],[102.43479014520008,1.2812937202200185],[102.43609014520008,1.2777937202200178]]]}},{"type":"Feature","properties":{"NAMA_PROP":"RIAU","NAMOBJ":"Kundur","REMARK":null,"UUPP":"Hasil Delineasi Tahun 2018","SRS_ID":"SRGI 2013","WADMKD":"Kundur","WADMKC":"Tebing Tinggi Barat","WIADKC":"Tebing Tinggi Barat","WADMKK":"Kepulauan Meranti","WIADKK":"Kepulauan Meranti","WADMPR":"Riau","Coastal_Candidate":true,"Coast_Distance_M":0,"Intervention":false},"geometry":{"type":"Polygon","coordinates":[[[102.58469014520008,0.9744937202200177],[102.58489014520009,0.9722937202200193],[102.58479014520009,0.9699937202200193],[102.58509014520008,0.9667937202200179],[102.58039014520008,0.9648937202200187],[102.58029014520008,0.9611937202200185],[102.58019014520009,0.9511937202200187],[102.57679014520009,0.9495937202200189],[102.56129014520009,0.9425937202200192],[102.5536901452001,0.9390937202200185],[102.51589014520009,0.9218937202200177],[102.51019014520008,0.9313937202200187],[102.50739014520009,0.9326937202200192],[102.5044901452001,0.9330937202200182],[102.50259014520009,0.9346937202200181],[102.49929014520009,0.9367937202200185],[102.49709014520009,0.9393937202200178],[102.49859014520008,0.941593720220018],[102.50059014520009,0.9442937202200188],[102.5031901452001,0.9449937202200189],[102.50549014520008,0.9457937202200188],[102.50779014520009,0.946493720220019],[102.50969014520008,0.9482937202200183],[102.5125901452001,0.9504937202200185],[102.51589014520009,0.9531937202200194],[102.51919014520008,0.9556937202200189],[102.52199014520009,0.9580937202200186],[102.52539014520009,0.9596937202200184],[102.52829014520009,0.9616937202200191],[102.53209014520009,0.9637937202200177],[102.53559014520009,0.965193720220018],[102.53949014520009,0.9665937202200183],[102.54279014520009,0.9671937202200187],[102.54589014520009,0.9681937202200182],[102.54929014520009,0.9689937202200181],[102.55339014520008,0.969793720220018],[102.55699014520009,0.9706937202200177],[102.5596901452001,0.9721937202200177],[102.56229014520008,0.9737937202200193],[102.56469014520009,0.9762937202200188],[102.56719014520009,0.9783937202200192],[102.5695901452001,0.9812937202200178],[102.5716901452001,0.9841937202200182],[102.57409014520009,0.9823937202200188],[102.57649014520008,0.9787937202200183],[102.57979014520009,0.9756937202200184],[102.58219014520009,0.9742937202200181],[102.58469014520008,0.9744937202200177]]]}},{"type":"Feature","properties":{"NAMA_PROP":"RIAU","NAMOBJ":"Lemang","REMARK":null,"UUPP":"Hasil Delineasi Tahun 2018","SRS_ID":"SRGI 2013","WADMKD":"Lemang","WADMKC":"Rangsang Barat","WIADKC":"Rangsang Barat","WADMKK":"Kepulauan Meranti","WIADKK":"Kepulauan Meranti","WADMPR":"Riau","Coastal_Candidate":true,"Coast_Distance_M":188.4,"Intervention":false},"geometry":{"type":"Polygon","coordinates":[[[102.72569014520009,1.0416937202200192],[102.72389014520009,1.0410937202200188],[102.71989014520008,1.0426937202200186],[102.71649014520008,1.0408937202200192],[102.71369014520009,1.0372937202200188],[102.70629014520009,1.0338937202200178],[102.70249014520009,1.0326937202200188],[102.70129014520009,1.0376937202200178],[102.70029014520009,1.0414937202200178],[102.69879014520009,1.0453937202200176],[102.70429014520009,1.0468937202200177],[102.70859014520009,1.049393720220019],[102.71159014520009,1.0511937202200183],[102.71479014520008,1.0529937202200177],[102.71929014520009,1.0559937202200178],[102.72179014520009,1.056993720220019],[102.7253901452001,1.0570937202200188],[102.72589014520008,1.0536937202200178],[102.72619014520009,1.0487937202200186],[102.72589014520008,1.043693720220018],[102.72569014520009,1.0416937202200192]]]}},{"type":"Feature","properties":{"NAMA_PROP":"RIAU","NAMOBJ":"Lubuk Muda","REMARK":null,"UUPP":"Hasil Delineasi Tahun 2018","SRS_ID":"SRGI 2013","WADMKD":"Lubuk Muda","WADMKC":"Siak Kecil","WIADKC":null,"WADMKK":"Bengkalis","WIADKK":"Bengkalis","WADMPR":"Riau","Coastal_Candidate":true,"Coast_Distance_M":0,"Intervention":false},"geometry":{"type":"MultiPolygon","coordinates":[[[[102.14989014520009,1.2652937202200185],[102.1482901452001,1.2629937202200185],[102.14669014520008,1.260893720220018],[102.14559014520009,1.2585937202200181],[102.14439014520009,1.256693720220019],[102.14589014520008,1.2541937202200177],[102.14819014520009,1.250293720220018],[102.14809014520009,1.246493720220018],[102.14469014520009,1.245293720220019],[102.1414901452001,1.2455937202200182],[102.13909014520009,1.2453937202200187],[102.13349014520008,1.2449937202200179],[102.13049014520008,1.2453937202200187],[102.12739014520008,1.245293720220019],[102.1277901452001,1.2491937202200187],[102.1281901452001,1.2537937202200187],[102.13059014520009,1.261293720220019],[102.13259014520008,1.2659937202200187],[102.13529014520009,1.264793720220018],[102.13659014520009,1.268093720220019],[102.13789014520009,1.2712937202200187],[102.14069014520008,1.2770937202200177],[102.14549014520009,1.2771937202200192],[102.14429014520009,1.273093720220018],[102.14299014520009,1.2679937202200193],[102.14589014520008,1.269693720220019],[102.15039014520009,1.2709937202200177],[102.14869014520009,1.2686937202200177],[102.14989014520009,1.2652937202200185]]],[[[102.10309014520008,1.2649937202200192],[102.09959014520008,1.2614937202200185],[102.09689014520009,1.261693720220018],[102.09339014520009,1.260893720220018],[102.0960901452001,1.268593720220018],[102.10309014520008,1.2649937202200192]]],[[[102.07829014520009,1.2453937202200187],[102.0815901452001,1.2439937202200184],[102.08349014520009,1.242693720220018],[102.08249014520008,1.2405937202200192],[102.08139014520009,1.2378937202200184],[102.08289014520008,1.2362937202200186],[102.08569014520009,1.2355937202200185],[102.08819014520009,1.2344937202200192],[102.09029014520009,1.2333937202200183],[102.09279014520008,1.231593720220019],[102.0947901452001,1.2297937202200178],[102.09399014520008,1.2278937202200186],[102.09199014520009,1.2257937202200182],[102.09089014520009,1.223893720220019],[102.08909014520009,1.223893720220019],[102.08589014520008,1.222093720220018],[102.0789901452001,1.2180937202200184],[102.07539014520009,1.2249937202200183],[102.06919014520008,1.2225937202200186],[102.06759014520009,1.2251937202200178],[102.0695901452001,1.229993720220019],[102.0678901452001,1.2427937202200177],[102.07109014520009,1.2417937202200182],[102.0738901452001,1.2469937202200185],[102.07829014520009,1.2453937202200187]]]]}},{"type":"Feature","properties":{"NAMA_PROP":"RIAU","NAMOBJ":"Lukit","REMARK":null,"UUPP":"Hasil Delineasi Tahun 2018","SRS_ID":"SRGI 2013","WADMKD":"Lukit","WADMKC":"Merbau","WIADKC":"Merbau","WADMKK":"Kepulauan Meranti","WIADKK":"Kepulauan Meranti","WADMPR":"Riau","Coastal_Candidate":true,"Coast_Distance_M":0,"Intervention":false},"geometry":{"type":"Polygon","coordinates":[[[102.33139014520009,1.2179937202200186],[102.3400901452001,1.2016937202200193],[102.34769014520009,1.1866937202200187],[102.35569014520009,1.1716937202200182],[102.36709014520008,1.150393720220018],[102.3661901452001,1.1276937202200177],[102.36549014520008,1.111593720220018],[102.36489014520009,1.097093720220018],[102.36419014520008,1.0869937202200184],[102.36249014520008,1.083693720220019],[102.36139014520009,1.081093720220018],[102.35879014520009,1.077293720220018],[102.35619014520009,1.074493720220019],[102.3546901452001,1.0723937202200187],[102.35399014520009,1.0704937202200178],[102.35309014520008,1.0667937202200193],[102.35309014520008,1.0628937202200177],[102.35289014520009,1.0534937202200183],[102.35259014520008,1.049093720220018],[102.35259014520008,1.0389937202200183],[102.35399014520009,1.0362937202200193],[102.36119014520008,1.0232937202200176],[102.36109014520008,1.0145937202200184],[102.37059014520008,1.0016937202200182],[102.37339014520009,0.996793720220019],[102.37729014520009,0.9954937202200185],[102.38069014520009,0.9928937202200192],[102.38319014520009,0.9900937202200186],[102.38539014520009,0.9863937202200184],[102.38709014520009,0.9828937202200176],[102.39049014520009,0.9756937202200184],[102.39199014520008,0.9724937202200188],[102.39699014520009,0.962493720220019],[102.39689014520009,0.9589937202200183],[102.39719014520008,0.9553937202200178],[102.3978901452001,0.9503937202200188],[102.39809014520009,0.9446937202200179],[102.3982901452001,0.9424937202200177],[102.39869014520009,0.9368937202200183],[102.39979014520009,0.923293720220018],[102.39689014520009,0.9224937202200181],[102.38829014520009,0.918693720220018],[102.38489014520009,0.9170937202200182],[102.38139014520009,0.9152937202200189],[102.37869014520008,0.9167937202200189],[102.3760901452001,0.9185937202200183],[102.37359014520008,0.9202937202200179],[102.37069014520009,0.9223937202200183],[102.36759014520008,0.924793720220018],[102.36429014520009,0.9273937202200191],[102.36089014520009,0.9302937202200177],[102.35839014520009,0.9328937202200187],[102.35619014520009,0.9348937202200194],[102.35289014520009,0.938093720220019],[102.3494901452001,0.9413937202200184],[102.34709014520008,0.944193720220019],[102.34489014520008,0.946893720220018],[102.34259014520009,0.9496937202200186],[102.34039014520009,0.9526937202200187],[102.33769014520009,0.9556937202200189],[102.3353901452001,0.9580937202200186],[102.33289014520008,0.9610937202200187],[102.32979014520009,0.9634937202200184],[102.32799014520009,0.9648937202200187],[102.32619014520009,0.9660937202200177],[102.3238901452001,0.9679937202200186],[102.32159014520009,0.9696937202200182],[102.31929014520009,0.971293720220018],[102.31669014520008,0.9730937202200192],[102.31459014520009,0.974693720220019],[102.3118901452001,0.9764937202200183],[102.30899014520008,0.9779937202200184],[102.3066901452001,0.9794937202200185],[102.30339014520008,0.9814937202200191],[102.30049014520009,0.9832937202200185],[102.29829014520008,0.9848937202200183],[102.29549014520009,0.9867937202200192],[102.29179014520008,0.989593720220018],[102.28899014520009,0.9917937202200182],[102.28579014520008,0.9943937202200193],[102.28259014520009,0.9973937202200194],[102.27959014520009,1.0007937202200186],[102.27699014520009,1.0041937202200177],[102.27529014520009,1.0075937202200187],[102.27359014520009,1.0113937202200187],[102.27209014520008,1.0146937202200181],[102.27039014520008,1.018593720220018],[102.26899014520009,1.0218937202200191],[102.26789014520008,1.024993720220019],[102.26709014520009,1.0278937202200193],[102.26619014520008,1.0304937202200186],[102.26489014520008,1.0338937202200178],[102.26369014520009,1.0366937202200184],[102.26239014520009,1.039493720220019],[102.26129014520009,1.0418937202200187],[102.26019014520008,1.0443937202200182],[102.25929014520008,1.0464937202200186],[102.25829014520009,1.0486937202200188],[102.2570901452001,1.052093720220018],[102.25579014520008,1.0556937202200185],[102.25439014520009,1.0586937202200186],[102.25339014520009,1.0611937202200181],[102.25199014520008,1.064293720220018],[102.25059014520009,1.0675937202200192],[102.24949014520008,1.0700937202200187],[102.24869014520009,1.0720937202200194],[102.24729014520008,1.0750937202200177],[102.2458901452001,1.0782937202200191],[102.24459014520009,1.081093720220018],[102.24349014520008,1.083393720220018],[102.24269014520009,1.0854937202200183],[102.2416901452001,1.0877937202200183],[102.2407901452001,1.090193720220018],[102.2394901452001,1.0929937202200186],[102.23849014520009,1.0955937202200179],[102.2377901452001,1.0986937202200178],[102.23669014520009,1.101993720220019],[102.23699014520008,1.1048937202200193],[102.23719014520009,1.1078937202200176],[102.2373901452001,1.1109937202200193],[102.23749014520008,1.1140937202200192],[102.23809014520009,1.1173937202200186],[102.23939014520009,1.1205937202200182],[102.24059014520009,1.1238937202200177],[102.24179014520008,1.1271937202200188],[102.24259014520008,1.1297937202200181],[102.24309014520009,1.1326937202200185],[102.24349014520008,1.136293720220019],[102.24459014520009,1.1399937202200192],[102.24569014520009,1.143093720220019],[102.24649014520008,1.145393720220019],[102.24729014520008,1.1482937202200176],[102.24779014520009,1.1515937202200188],[102.24809014520008,1.154993720220018],[102.24859014520008,1.158793720220018],[102.24879014520009,1.1626937202200178],[102.2493901452001,1.165693720220018],[102.24949014520008,1.168293720220019],[102.24949014520008,1.172093720220019],[102.24929014520009,1.1757937202200193],[102.24869014520009,1.180193720220018],[102.24799014520009,1.1852937202200184],[102.2471901452001,1.1893937202200178],[102.24649014520008,1.1925937202200192],[102.24579014520009,1.195693720220019],[102.24459014520009,1.199493720220019],[102.24329014520009,1.2023937202200177],[102.24189014520009,1.2056937202200189],[102.2407901452001,1.2092937202200194],[102.2399901452001,1.212493720220019],[102.23919014520008,1.2153937202200193],[102.2381901452001,1.2186937202200188],[102.23709014520009,1.2219937202200182],[102.23619014520008,1.2247937202200188],[102.23529014520008,1.2270937202200187],[102.23419014520009,1.2297937202200178],[102.23269014520008,1.2328937202200176],[102.23029014520009,1.2356937202200182],[102.22809014520008,1.239193720220019],[102.22499014520008,1.242693720220018],[102.22809014520008,1.244493720220019],[102.23059014520008,1.2465937202200177],[102.2347901452001,1.249093720220019],[102.2433901452001,1.2498937202200189],[102.25129014520009,1.2496937202200193],[102.25389014520009,1.2496937202200193],[102.25859014520009,1.2498937202200189],[102.26399014520008,1.249793720220019],[102.27149014520009,1.2492937202200185],[102.27979014520008,1.2473937202200194],[102.2899901452001,1.2454937202200185],[102.30259014520009,1.2408937202200185],[102.3096901452001,1.2381937202200177],[102.31459014520009,1.2363937202200184],[102.31779014520009,1.2350937202200178],[102.32099014520008,1.231193720220018],[102.32679014520009,1.2255937202200187],[102.33139014520009,1.2179937202200186]]]}},{"type":"Feature","properties":{"NAMA_PROP":"RIAU","NAMOBJ":"Lukun","REMARK":null,"UUPP":"Hasil Delineasi Tahun 2018","SRS_ID":"SRGI 2013","WADMKD":"Lukun","WADMKC":"Tebing Tinggi Timur","WIADKC":"Tebing Tinggi Timur","WADMKK":"Kepulauan Meranti","WIADKK":"Kepulauan Meranti","WADMPR":"Riau","Coastal_Candidate":true,"Coast_Distance_M":0,"Intervention":false},"geometry":{"type":"Polygon","coordinates":[[[102.89479014520009,0.8321937202200189],[102.89369014520008,0.8239937202200185],[102.82599014520008,0.8416937202200181],[102.81459014520009,0.8434937202200192],[102.79709014520009,0.8478937202200179],[102.78709014520008,0.8490937202200186],[102.77969014520009,0.8516937202200179],[102.76149014520009,0.8583937202200183],[102.7390901452001,0.8643937202200185],[102.73899014520009,0.8676937202200179],[102.73749014520008,0.8948937202200185],[102.73619014520008,0.8975937202200193],[102.73669014520009,0.9005937202200194],[102.73839014520009,0.9044937202200192],[102.73989014520009,0.9074937202200193],[102.73959014520008,0.9132937202200182],[102.74259014520008,0.9227937202200192],[102.73869014520008,0.9242937202200192],[102.74229014520009,0.9267937202200187],[102.74659014520009,0.9401937202200177],[102.74979014520008,0.9387937202200192],[102.75729014520009,0.9356937202200193],[102.76469014520009,0.9326937202200192],[102.7698901452001,0.9313937202200187],[102.77279014520009,0.930893720220018],[102.7758901452001,0.9328937202200187],[102.78309014520009,0.9370937202200178],[102.78799014520008,0.9404937202200188],[102.79189014520009,0.9424937202200177],[102.80299014520008,0.9440937202200193],[102.81239014520008,0.9458937202200186],[102.8216901452001,0.9515937202200178],[102.89479014520009,0.8321937202200189]]]}},{"type":"Feature","properties":{"NAMA_PROP":"RIAU","NAMOBJ":"Makeruh","REMARK":null,"UUPP":"Hasil Delineasi Tahun 2018","SRS_ID":"SRGI 2013","WADMKD":"Makeruh","WADMKC":"Rupat","WIADKC":null,"WADMKK":"Bengkalis","WIADKK":"Bengkalis","WADMPR":"Riau","Coastal_Candidate":true,"Coast_Distance_M":0,"Intervention":false},"geometry":{"type":"Polygon","coordinates":[[[101.72229014520009,2.0450937202200183],[101.72519014520009,2.0430937202200177],[101.72839014520008,2.0427937202200184],[101.73059014520008,2.0434937202200185],[101.7321901452001,2.0446937202200193],[101.73439014520008,2.044093720220019],[101.73659014520008,2.0423937202200193],[101.73829014520008,2.040593720220018],[101.73929014520009,2.036893720220018],[101.74429014520008,2.029293720220018],[101.74739014520009,2.0270937202200177],[101.74809014520008,2.024293720220019],[101.7510901452001,2.022693720220019],[101.75299014520009,2.019993720220018],[101.7544901452001,2.017893720220018],[101.75699014520009,2.014393720220019],[101.75989014520009,2.010593720220019],[101.76189014520008,2.0077937202200182],[101.76349014520008,2.005693720220018],[101.76549014520009,2.0030937202200185],[101.76679014520009,2.001393720220019],[101.76809014520009,1.9995937202200178],[101.7702901452001,1.9972937202200178],[101.77209014520008,1.9947937202200183],[101.77369014520009,1.9920937202200193],[101.77369014520009,1.9866937202200177],[101.76889014520009,1.9856937202200182],[101.76829014520008,1.9885937202200186],[101.76759014520009,1.9919937202200177],[101.7664901452001,1.9945937202200188],[101.76429014520009,1.9940937202200182],[101.76099014520008,1.9931937202200185],[101.75809014520009,1.9928937202200192],[101.75599014520009,1.9937937202200189],[101.75629014520008,1.9965937202200177],[101.75169014520009,1.9961937202200186],[101.74689014520008,1.995693720220018],[101.7390901452001,1.994893720220018],[101.7116901452001,1.9904937202200177],[101.71669014520009,1.9981937202200193],[101.71179014520008,2.0000937202200184],[101.70709014520008,2.0031937202200183],[101.70789014520008,2.006693720220019],[101.70639014520009,2.0083937202200186],[101.7039901452001,2.0095937202200194],[101.70239014520008,2.0107937202200183],[101.70339014520009,2.0126937202200192],[101.70619014520008,2.014293720220019],[101.70849014520009,2.0136937202200187],[101.71119014520009,2.013193720220018],[101.71399014520009,2.013593720220019],[101.71409014520009,2.015493720220018],[101.7133901452001,2.0175937202200185],[101.71319014520009,2.0194937202200194],[101.7120901452001,2.0205937202200186],[101.71119014520009,2.0221937202200184],[101.71019014520009,2.0248937202200192],[101.70839014520008,2.0285937202200177],[101.7060901452001,2.0320937202200184],[101.70819014520009,2.032993720220018],[101.71019014520009,2.032693720220019],[101.71239014520009,2.0304937202200186],[101.71439014520008,2.0305937202200184],[101.7184901452001,2.0323937202200177],[101.72259014520009,2.0358937202200185],[101.72169014520009,2.037893720220019],[101.7193901452001,2.0388937202200186],[101.71649014520008,2.038693720220019],[101.7137901452001,2.040593720220018],[101.71159014520009,2.043693720220018],[101.71099014520009,2.0464937202200186],[101.71269014520009,2.0468937202200177],[101.71549014520009,2.046393720220019],[101.71909014520008,2.045293720220018],[101.72229014520009,2.0450937202200183]]]}},{"type":"Feature","properties":{"NAMA_PROP":"RIAU","NAMOBJ":"Makmur Jaya","REMARK":null,"UUPP":"Hasil Delineasi Tahun 2018","SRS_ID":"SRGI 2013","WADMKD":"Makmur Jaya","WADMKC":"Kateman","WIADKC":null,"WADMKK":"Indragiri Hilir","WIADKK":null,"WADMPR":"Riau","Coastal_Candidate":true,"Coast_Distance_M":0,"Intervention":false},"geometry":{"type":"Polygon","coordinates":[[[103.7715901452001,0.12059372022001824],[103.75039014520009,0.11359372022001857],[103.7227901452001,0.10449372022001846],[103.7039901452001,0.09899372022001884],[103.68409014520009,0.09499372022001928],[103.66909014520009,0.09199372022001917],[103.6671901452001,0.10069372022001843],[103.64099014520009,0.09749372022001879],[103.63429014520008,0.09669372022001888],[103.63339014520008,0.10399372022001785],[103.63229014520009,0.1134937202200188],[103.63149014520009,0.12009372022001763],[103.62979014520009,0.13399372022001899],[103.63769014520008,0.13319372022001907],[103.64119014520008,0.13319372022001907],[103.68349014520008,0.12469372022001934],[103.6885901452001,0.1250937202200184],[103.7125901452001,0.12719372022001885],[103.7300901452001,0.13279372022001823],[103.75009014520009,0.1391937202200193],[103.7690901452001,0.1408937202200189],[103.76939014520009,0.13859372022001892],[103.7698901452001,0.13529372022001773],[103.76999014520008,0.13239372022001916],[103.7702901452001,0.12949372022001882],[103.77019014520009,0.12669372022001824],[103.77099014520009,0.1242937202200185],[103.7715901452001,0.12059372022001824]]]}},{"type":"Feature","properties":{"NAMA_PROP":"RIAU","NAMOBJ":"Mekar Baru","REMARK":null,"UUPP":"Hasil Delineasi Tahun 2018","SRS_ID":"SRGI 2013","WADMKD":"Mekar Baru","WADMKC":"Rangsang Barat","WIADKC":"Rangsang Barat","WADMKK":"Kepulauan Meranti","WIADKK":"Kepulauan Meranti","WADMPR":"Riau","Coastal_Candidate":true,"Coast_Distance_M":38.5,"Intervention":false},"geometry":{"type":"Polygon","coordinates":[[[102.72689014520009,1.1111937202200188],[102.72059014520009,1.097393720220019],[102.7180901452001,1.0926937202200193],[102.71569014520009,1.0928937202200188],[102.71299014520008,1.0931937202200182],[102.70969014520008,1.0931937202200182],[102.70649014520009,1.0933937202200177],[102.7026901452001,1.0946937202200182],[102.69999014520009,1.0959937202200187],[102.69699014520009,1.097093720220018],[102.69189014520009,1.0989937202200188],[102.68739014520008,1.1001937202200178],[102.68459014520009,1.101193720220019],[102.68149014520009,1.1018937202200192],[102.67789014520008,1.1047937202200178],[102.6791901452001,1.107693720220018],[102.68069014520009,1.109993720220018],[102.68209014520009,1.1120937202200185],[102.68369014520009,1.114193720220019],[102.68649014520008,1.1167937202200182],[102.68879014520009,1.1197937202200183],[102.69099014520009,1.120993720220019],[102.69309014520009,1.1186937202200191],[102.69569014520009,1.117993720220019],[102.69869014520009,1.1166937202200184],[102.70119014520009,1.116093720220018],[102.7039901452001,1.114893720220019],[102.70639014520009,1.1140937202200192],[102.70959014520008,1.113093720220018],[102.7125901452001,1.1125937202200191],[102.71559014520008,1.112293720220018],[102.71819014520008,1.111893720220019],[102.7227901452001,1.1114937202200181],[102.72689014520009,1.1111937202200188]]]}},{"type":"Feature","properties":{"NAMA_PROP":"RIAU","NAMOBJ":"Mekar Sari","REMARK":null,"UUPP":"Hasil Delineasi Tahun 2018","SRS_ID":"SRGI 2013","WADMKD":"Mekar Sari","WADMKC":"Merbau","WIADKC":"Merbau","WADMKK":"Kepulauan Meranti","WIADKK":"Kepulauan Meranti","WADMPR":"Riau","Coastal_Candidate":true,"Coast_Distance_M":19.5,"Intervention":false},"geometry":{"type":"Polygon","coordinates":[[[102.4659901452001,0.9848937202200183],[102.46219014520008,0.9848937202200183],[102.45899014520009,0.9849937202200181],[102.45509014520009,0.9858937202200178],[102.4522901452001,0.9866937202200177],[102.45209014520009,0.9921937202200191],[102.45119014520009,0.9985937202200184],[102.43669014520009,0.9989937202200192],[102.38059014520009,1.0202937202200193],[102.41669014520009,1.0214937202200183],[102.42619014520008,1.022693720220019],[102.43219014520008,1.0222937202200182],[102.43579014520009,1.0232937202200176],[102.43759014520009,1.0255937202200194],[102.44079014520008,1.0266937202200186],[102.44379014520008,1.027293720220019],[102.44569014520009,1.0301937202200193],[102.4496901452001,1.0309937202200192],[102.45329014520009,1.0330937202200179],[102.45529014520008,1.0308937202200177],[102.45709014520008,1.0280937202200189],[102.4582901452001,1.025793720220019],[102.45979014520009,1.023093720220018],[102.46149014520009,1.020393720220019],[102.46329014520009,1.0174937202200187],[102.46329014520009,1.0136937202200187],[102.46489014520009,1.0080937202200193],[102.46649014520008,1.0018937202200178],[102.46409014520009,0.9962937202200184],[102.46449014520009,0.9916937202200184],[102.46609014520008,0.986893720220019],[102.4659901452001,0.9848937202200183]]]}},{"type":"Feature","properties":{"NAMA_PROP":"RIAU","NAMOBJ":"Mekong","REMARK":null,"UUPP":"Hasil Delineasi Tahun 2018","SRS_ID":"SRGI 2013","WADMKD":"Mekong","WADMKC":"Tebing Tinggi Barat","WIADKC":"Tebing Tinggi Barat","WADMKK":"Kepulauan Meranti","WIADKK":"Kepulauan Meranti","WADMPR":"Riau","Coastal_Candidate":true,"Coast_Distance_M":0,"Intervention":false},"geometry":{"type":"Polygon","coordinates":[[[102.61649014520009,0.9903937202200179],[102.61469014520009,0.9824937202200186],[102.61009014520009,0.9816937202200187],[102.6063901452001,0.9820937202200177],[102.60109014520009,0.9821937202200193],[102.59859014520009,0.9821937202200193],[102.59619014520008,0.9786937202200185],[102.59069014520009,0.9766937202200179],[102.58469014520008,0.9744937202200177],[102.58219014520009,0.9742937202200181],[102.57979014520009,0.9756937202200184],[102.57649014520008,0.9787937202200183],[102.57409014520009,0.9823937202200188],[102.5716901452001,0.9841937202200182],[102.57309014520008,0.9870937202200185],[102.57539014520009,0.9904937202200177],[102.5780901452001,0.9937937202200189],[102.58049014520009,0.9958937202200193],[102.58299014520009,0.9981937202200193],[102.58639014520008,1.0003937202200177],[102.58959014520009,1.0019937202200193],[102.59259014520009,1.0029937202200188],[102.59499014520009,1.0031937202200183],[102.59759014520009,1.0033937202200178],[102.60049014520008,1.0035937202200191],[102.6029901452001,1.0037937202200187],[102.60709014520009,1.0024937202200181],[102.6097901452001,0.9993937202200183],[102.61049014520009,0.9968937202200188],[102.6140901452001,0.9932937202200183],[102.61649014520009,0.9903937202200179]]]}},{"type":"Feature","properties":{"NAMA_PROP":"RIAU","NAMOBJ":"Melai","REMARK":null,"UUPP":"Hasil Delineasi Tahun 2018","SRS_ID":"SRGI 2013","WADMKD":"Melai","WADMKC":"Rangsang Barat","WIADKC":"Rangsang Barat","WADMKK":"Kepulauan Meranti","WIADKK":"Kepulauan Meranti","WADMPR":"Riau","Coastal_Candidate":true,"Coast_Distance_M":0,"Intervention":false},"geometry":{"type":"Polygon","coordinates":[[[102.73849014520009,1.1101937202200194],[102.73239014520009,1.1105937202200185],[102.7296901452001,1.111093720220019],[102.72689014520009,1.1111937202200188],[102.7227901452001,1.1114937202200181],[102.71819014520008,1.111893720220019],[102.71559014520008,1.112293720220018],[102.7125901452001,1.1125937202200191],[102.70959014520008,1.113093720220018],[102.70639014520009,1.1140937202200192],[102.7039901452001,1.114893720220019],[102.70119014520009,1.116093720220018],[102.69869014520009,1.1166937202200184],[102.69569014520009,1.117993720220019],[102.69309014520009,1.1186937202200191],[102.69099014520009,1.120993720220019],[102.6923901452001,1.1227937202200184],[102.69449014520009,1.1246937202200193],[102.69689014520009,1.126793720220018],[102.69979014520008,1.1289937202200182],[102.70319014520008,1.1315937202200193],[102.70639014520009,1.1334937202200184],[102.70839014520008,1.1352937202200177],[102.7107901452001,1.1375937202200177],[102.71389014520008,1.1401937202200187],[102.71749014520009,1.1420937202200179],[102.71959014520009,1.1396937202200181],[102.72289014520008,1.1376937202200192],[102.72499014520008,1.1360937202200176],[102.72659014520009,1.1341937202200185],[102.72849014520008,1.1311937202200184],[102.73059014520008,1.127893720220019],[102.73169014520009,1.1256937202200188],[102.73639014520009,1.1220937202200183],[102.73929014520009,1.1197937202200183],[102.7390901452001,1.1151937202200184],[102.73849014520009,1.1101937202200194]]]}},{"type":"Feature","properties":{"NAMA_PROP":"RIAU","NAMOBJ":"Mengkapan","REMARK":null,"UUPP":"Hasil Delineasi Tahun 2018","SRS_ID":"SRGI 2013","WADMKD":"Mengkapan","WADMKC":"Sungai Apit","WIADKC":"Sungai Apit","WADMKK":"Siak","WIADKK":"Siak","WADMPR":"Riau","Coastal_Candidate":true,"Coast_Distance_M":0,"Intervention":false},"geometry":{"type":"Polygon","coordinates":[[[102.3006901452001,0.9340937202200177],[102.27469014520008,0.9156937202200179],[102.25949014520009,0.9040937202200183],[102.25699014520009,0.9021937202200192],[102.20799014520009,0.8650937202200186],[102.2005901452001,0.868393720220018],[102.19169014520008,0.8733937202200188],[102.17859014520009,0.8847937202200189],[102.16879014520009,0.8983937202200192],[102.16429014520008,0.9093937202200184],[102.16189014520009,0.9145937202200187],[102.15409014520009,0.9332937202200178],[102.15379014520009,0.9363937202200177],[102.1534901452001,0.9420937202200186],[102.15299014520009,0.9456937202200191],[102.15199014520009,0.9666937202200181],[102.15149014520009,0.9768937202200192],[102.15149014520009,0.9827937202200179],[102.1538901452001,0.9882937202200193],[102.1577901452001,0.9908937202200185],[102.16189014520009,0.9925937202200181],[102.1679901452001,0.9949937202200179],[102.18459014520009,1.0027937202200192],[102.18319014520009,1.007093720220018],[102.18189014520009,1.0114937202200185],[102.2073901452001,1.013593720220019],[102.21359014520009,1.0140937202200178],[102.21689014520008,1.0157937202200191],[102.21709014520009,1.0134937202200192],[102.2202901452001,1.0106937202200186],[102.2214901452001,1.0064937202200177],[102.2257901452001,1.0021937202200188],[102.2274901452001,0.9988937202200177],[102.22889014520008,0.9958937202200193],[102.23089014520009,0.9930937202200187],[102.23229014520008,0.990693720220019],[102.23269014520008,0.986893720220019],[102.2364901452001,0.9820937202200177],[102.24449014520009,0.9730937202200192],[102.24779014520009,0.9714937202200193],[102.2501901452001,0.9691937202200194],[102.25349014520009,0.965993720220018],[102.25599014520009,0.9633937202200187],[102.25829014520009,0.9608937202200192],[102.26059014520008,0.9587937202200187],[102.26289014520009,0.9564937202200188],[102.26659014520008,0.9541937202200188],[102.2698901452001,0.9516937202200193],[102.27379014520008,0.9498937202200182],[102.27719014520008,0.9477937202200177],[102.2801901452001,0.945393720220018],[102.2827901452001,0.9436937202200184],[102.28499014520008,0.9420937202200186],[102.28739014520009,0.9405937202200185],[102.29009014520008,0.9394937202200193],[102.2925901452001,0.9387937202200192],[102.29449014520009,0.9384937202200181],[102.29689014520008,0.9379937202200193],[102.29869014520008,0.9363937202200177],[102.3006901452001,0.9340937202200177]]]}},{"type":"Feature","properties":{"NAMA_PROP":"RIAU","NAMOBJ":"Mengkikip","REMARK":null,"UUPP":"Hasil Delineasi Tahun 2018","SRS_ID":"SRGI 2013","WADMKD":"Mengkikip","WADMKC":"Tebing Tinggi Barat","WIADKC":"Tebing Tinggi Barat","WADMKK":"Kepulauan Meranti","WIADKK":"Kepulauan Meranti","WADMPR":"Riau","Coastal_Candidate":true,"Coast_Distance_M":0,"Intervention":false},"geometry":{"type":"Polygon","coordinates":[[[102.52879014520009,0.8624937202200194],[102.5344901452001,0.8601937202200194],[102.5446901452001,0.8559937202200185],[102.5502901452001,0.8542937202200189],[102.59589014520009,0.8383937202200187],[102.59619014520008,0.8355937202200181],[102.59629014520009,0.8319937202200194],[102.59639014520009,0.829093720220019],[102.59599014520009,0.825293720220019],[102.58449014520009,0.8088937202200182],[102.57969014520009,0.7988937202200184],[102.57759014520009,0.7945937202200177],[102.57379014520009,0.7866937202200184],[102.57219014520008,0.7834937202200187],[102.57159014520009,0.7801937202200193],[102.57239014520009,0.7766937202200186],[102.57239014520009,0.7744937202200184],[102.57159014520009,0.7719937202200189],[102.5703901452001,0.7701937202200178],[102.56849014520009,0.770093720220018],[102.5652901452001,0.7708937202200179],[102.55939014520008,0.7695937202200192],[102.5558901452001,0.7702937202200193],[102.55379014520008,0.7705937202200186],[102.5498901452001,0.7717937202200194],[102.54549014520009,0.7734937202200189],[102.54249014520009,0.7748937202200192],[102.53919014520008,0.7760937202200182],[102.53509014520009,0.7775937202200183],[102.53109014520008,0.7790937202200183],[102.52789014520009,0.7801937202200193],[102.52499014520009,0.7809937202200192],[102.52239014520009,0.7818937202200189],[102.5190901452001,0.7829937202200181],[102.51599014520009,0.7841937202200189],[102.51289014520009,0.7856937202200189],[102.51039014520009,0.7866937202200184],[102.50739014520009,0.7879937202200189],[102.50389014520009,0.7895937202200187],[102.50139014520009,0.7906937202200179],[102.49929014520009,0.7919937202200185],[102.49619014520009,0.7938937202200194],[102.49299014520008,0.7958937202200183],[102.49029014520009,0.7974937202200181],[102.48769014520009,0.7987937202200186],[102.48489014520008,0.8001937202200189],[102.48119014520009,0.8021937202200178],[102.47809014520008,0.8038937202200191],[102.47599014520009,0.8049937202200184],[102.47399014520009,0.8059937202200178],[102.47119014520008,0.8074937202200179],[102.46829014520009,0.8102937202200184],[102.46009014520008,0.8140937202200185],[102.45429014520009,0.8166937202200177],[102.45259014520009,0.8162937202200187],[102.45029014520009,0.8171937202200183],[102.44719014520008,0.8189937202200177],[102.44499014520008,0.8201937202200185],[102.4428901452001,0.8215937202200188],[102.44039014520008,0.8233937202200181],[102.43729014520008,0.8254937202200185],[102.4346901452001,0.8278937202200183],[102.43199014520009,0.8303937202200178],[102.42959014520008,0.8327937202200193],[102.42709014520008,0.8354937202200183],[102.4248901452001,0.8380937202200194],[102.4231901452001,0.8402937202200178],[102.42119014520009,0.8434937202200192],[102.41959014520009,0.8455937202200179],[102.4179901452001,0.8476937202200183],[102.41599014520008,0.8501937202200178],[102.41369014520009,0.8530937202200182],[102.41179014520009,0.856193720220018],[102.41079014520008,0.8588937202200189],[102.41009014520009,0.8621937202200183],[102.40979014520009,0.8655937202200192],[102.40909014520008,0.8692937202200177],[102.40829014520008,0.873293720220019],[102.40769014520009,0.8764937202200187],[102.40749014520009,0.8796937202200183],[102.40759014520009,0.8830937202200193],[102.40829014520008,0.8864937202200185],[102.40979014520009,0.8901937202200187],[102.41219014520009,0.8934937202200182],[102.41519014520009,0.8964937202200183],[102.41729014520008,0.898893720220018],[102.41859014520008,0.901193720220018],[102.4196901452001,0.9035937202200177],[102.42179014520009,0.906093720220019],[102.42389014520009,0.9086937202200183],[102.42549014520009,0.9107937202200187],[102.42739014520009,0.9130937202200187],[102.42959014520008,0.9152937202200189],[102.43399014520008,0.9123937202200185],[102.43819014520008,0.9082937202200192],[102.44699014520009,0.9052937202200191],[102.46389014520008,0.8992937202200189],[102.4804901452001,0.8901937202200187],[102.49749014520009,0.8777937202200192],[102.50579014520008,0.8734937202200186],[102.51189014520008,0.8713937202200182],[102.51659014520008,0.8696937202200186],[102.52299014520008,0.8661937202200178],[102.52879014520009,0.8624937202200194]]]}},{"type":"Feature","properties":{"NAMA_PROP":"RIAU","NAMOBJ":"Mengkopot","REMARK":null,"UUPP":"Hasil Delineasi Tahun 2018","SRS_ID":"SRGI 2013","WADMKD":"Mengkopot","WADMKC":"Tasik Putri Puyu","WIADKC":"Tasik Putri Puyu","WADMKK":"Kepulauan Meranti","WIADKK":"Kepulauan Meranti","WADMPR":"Riau","Coastal_Candidate":true,"Coast_Distance_M":143.3,"Intervention":false},"geometry":{"type":"Polygon","coordinates":[[[102.35289014520009,1.201493720220018],[102.35449014520009,1.1982937202200183],[102.35659014520009,1.1950937202200187],[102.3606901452001,1.1939937202200177],[102.36339014520009,1.193393720220019],[102.36599014520009,1.193093720220018],[102.3674901452001,1.1898937202200184],[102.36689014520009,1.1851937202200187],[102.36679014520008,1.1811937202200191],[102.36949014520009,1.1795937202200193],[102.3726901452001,1.1786937202200178],[102.3760901452001,1.1787937202200194],[102.37919014520008,1.177393720220019],[102.38189014520009,1.1775937202200186],[102.38389014520008,1.1795937202200193],[102.38609014520009,1.1798937202200186],[102.38819014520008,1.1791937202200184],[102.39109014520008,1.178593720220018],[102.39449014520008,1.1784937202200183],[102.3978901452001,1.1777937202200182],[102.40139014520008,1.1754937202200182],[102.4055901452001,1.1733937202200178],[102.40979014520009,1.1726937202200194],[102.4132901452001,1.1707937202200185],[102.4162901452001,1.1665937202200194],[102.4192901452001,1.1643937202200192],[102.42159014520008,1.1626937202200178],[102.42359014520008,1.1607937202200187],[102.42549014520009,1.1588937202200178],[102.42789014520008,1.1565937202200178],[102.43239014520009,1.1550937202200178],[102.43509014520009,1.151493720220019],[102.43609014520008,1.148093720220018],[102.43679014520009,1.1441937202200183],[102.43879014520009,1.1403937202200183],[102.44079014520008,1.1353937202200193],[102.44129014520009,1.1315937202200193],[102.44379014520008,1.1303937202200185],[102.44509014520008,1.1277937202200192],[102.4470901452001,1.125293720220018],[102.44749014520009,1.120993720220019],[102.44789014520009,1.1186937202200191],[102.44759014520008,1.1128937202200184],[102.44649014520009,1.1082937202200185],[102.44449014520009,1.1029937202200184],[102.43879014520009,1.1083937202200183],[102.4351901452001,1.110793720220018],[102.42709014520008,1.1161937202200178],[102.42169014520009,1.1196937202200186],[102.41679014520008,1.1246937202200193],[102.41639014520008,1.1388937202200182],[102.36709014520008,1.150393720220018],[102.35569014520009,1.1716937202200182],[102.34769014520009,1.1866937202200187],[102.3400901452001,1.2016937202200193],[102.34579014520008,1.2024937202200192],[102.34999014520008,1.202593720220019],[102.35289014520009,1.201493720220018]]]}},{"type":"Feature","properties":{"NAMA_PROP":"RIAU","NAMOBJ":"Mentayan","REMARK":null,"UUPP":"Hasil Delineasi Tahun 2018","SRS_ID":"SRGI 2013","WADMKD":"Mentayan","WADMKC":"Bantan","WIADKC":null,"WADMKK":"Bengkalis","WIADKK":"Bengkalis","WADMPR":"Riau","Coastal_Candidate":true,"Coast_Distance_M":0,"Intervention":false},"geometry":{"type":"Polygon","coordinates":[[[102.27969014520009,1.553593720220018],[102.28089014520009,1.5488937202200184],[102.28079014520009,1.5414937202200178],[102.28729014520009,1.5402937202200189],[102.29089014520008,1.5399937202200178],[102.29379014520009,1.5324937202200193],[102.29339014520009,1.5296937202200187],[102.2758901452001,1.5245937202200182],[102.27169014520008,1.5235937202200187],[102.26939014520009,1.5252937202200183],[102.26589014520009,1.524193720220019],[102.26339014520009,1.5232937202200176],[102.26009014520008,1.5222937202200182],[102.25739014520009,1.5225937202200193],[102.25529014520009,1.5239937202200178],[102.25589014520008,1.527293720220019],[102.25769014520009,1.5293937202200176],[102.25849014520008,1.5316937202200194],[102.25969014520008,1.5344937202200182],[102.25939014520009,1.5385937202200193],[102.25889014520008,1.5428937202200181],[102.25719014520008,1.5463937202200189],[102.25829014520009,1.551693720220019],[102.26149014520009,1.554393720220018],[102.26339014520009,1.5565937202200182],[102.26419014520009,1.5588937202200182],[102.2651901452001,1.5610937202200184],[102.26829014520008,1.5587937202200184],[102.27109014520009,1.5576937202200192],[102.27339014520008,1.556693720220018],[102.27709014520009,1.555893720220018],[102.27969014520009,1.553593720220018]]]}},{"type":"Feature","properties":{"NAMA_PROP":"RIAU","NAMOBJ":"Meskom","REMARK":null,"UUPP":"Hasil Delineasi Tahun 2018","SRS_ID":"SRGI 2013","WADMKD":"Meskom","WADMKC":"Bengkalis","WIADKC":null,"WADMKK":"Bengkalis","WIADKK":"Bengkalis","WADMPR":"Riau","Coastal_Candidate":true,"Coast_Distance_M":0,"Intervention":false},"geometry":{"type":"Polygon","coordinates":[[[102.0446901452001,1.5701937202200185],[102.04009014520008,1.561593720220019],[102.0369901452001,1.5578937202200187],[102.03519014520009,1.555493720220019],[102.03379014520009,1.5537937202200194],[102.03199014520008,1.5515937202200192],[102.02959014520009,1.5494937202200187],[102.02449014520009,1.546793720220018],[102.02309014520009,1.5460937202200178],[102.02119014520008,1.5484937202200193],[102.01879014520009,1.5509937202200188],[102.01749014520009,1.5537937202200194],[102.01639014520009,1.5570937202200188],[102.0155901452001,1.560493720220018],[102.01369014520009,1.5647937202200186],[102.0241901452001,1.574193720220018],[102.03199014520008,1.5682937202200193],[102.03409014520008,1.5684937202200189],[102.04139014520008,1.5715937202200188],[102.0446901452001,1.5701937202200185]]]}},{"type":"Feature","properties":{"NAMA_PROP":"RIAU","NAMOBJ":"Area Saling Klaim","REMARK":"Area Saling Klaim","UUPP":"Hasil Delineasi Tahun 2018","SRS_ID":"SRGI 2013","WADMKD":null,"WADMKC":null,"WIADKC":null,"WADMKK":"Indragiri Hilir","WIADKK":null,"WADMPR":"Riau","Coastal_Candidate":true,"Coast_Distance_M":0,"Intervention":false},"geometry":{"type":"MultiPolygon","coordinates":[[[[103.23639014520009,-0.7235062797799809],[103.23669014520009,-0.7023062797799806],[103.2381901452001,-0.697906279779982],[103.24089014520008,-0.694106279779982],[103.24629014520009,-0.6965062797799817],[103.24469014520008,-0.6984062797799808],[103.24159014520009,-0.7011062797799816],[103.23859014520009,-0.702906279779981],[103.23869014520008,-0.7054062797799823],[103.23869014520008,-0.7093062797799821],[103.23839014520009,-0.7133062797799816],[103.23799014520009,-0.7185062797799819],[103.23639014520009,-0.7235062797799809]]],[[[103.22949014520009,-0.7652062797799815],[103.2300901452001,-0.7589062797799819],[103.23369014520009,-0.7420062797799822],[103.2356901452001,-0.7366062797799806],[103.23679014520009,-0.7400062797799816],[103.23609014520008,-0.7438062797799816],[103.23499014520009,-0.7481062797799822],[103.23289014520009,-0.755806279779982],[103.22949014520009,-0.7652062797799815]]]]}},{"type":"Feature","properties":{"NAMA_PROP":"RIAU","NAMOBJ":"Muntai","REMARK":null,"UUPP":"Hasil Delineasi Tahun 2018","SRS_ID":"SRGI 2013","WADMKD":"Muntai","WADMKC":"Bantan","WIADKC":null,"WADMKK":"Bengkalis","WIADKK":"Bengkalis","WADMPR":"Riau","Coastal_Candidate":true,"Coast_Distance_M":0,"Intervention":false},"geometry":{"type":"Polygon","coordinates":[[[102.45959014520008,1.5187937202200192],[102.45929014520009,1.5156937202200194],[102.45049014520009,1.5171937202200176],[102.44809014520008,1.5156937202200194],[102.43219014520008,1.5042937202200193],[102.42649014520009,1.5004937202200193],[102.41939014520008,1.5015937202200185],[102.41589014520008,1.5022937202200186],[102.41729014520008,1.5073937202200192],[102.41949014520009,1.5151937202200187],[102.4239901452001,1.5175937202200185],[102.4269901452001,1.5179937202200193],[102.42859014520009,1.5239937202200178],[102.42909014520009,1.5282937202200184],[102.43309014520008,1.527293720220019],[102.4351901452001,1.525793720220019],[102.43739014520008,1.5250937202200188],[102.44059014520009,1.524193720220019],[102.44299014520008,1.5235937202200187],[102.44509014520008,1.5231937202200179],[102.44699014520009,1.5227937202200188],[102.45019014520008,1.5214937202200183],[102.45319014520008,1.5202937202200193],[102.45639014520009,1.5193937202200178],[102.45959014520008,1.5187937202200192]]]}},{"type":"Feature","properties":{"NAMA_PROP":"RIAU","NAMOBJ":"Muntai Barat","REMARK":null,"UUPP":"Hasil Delineasi Tahun 2018","SRS_ID":"SRGI 2013","WADMKD":"Muntai Barat","WADMKC":"Bantan","WIADKC":null,"WADMKK":"Bengkalis","WIADKK":"Bengkalis","WADMPR":"Riau","Coastal_Candidate":true,"Coast_Distance_M":0,"Intervention":false},"geometry":{"type":"Polygon","coordinates":[[[102.42909014520009,1.5282937202200184],[102.42859014520009,1.5239937202200178],[102.4269901452001,1.5179937202200193],[102.4239901452001,1.5175937202200185],[102.41949014520009,1.5151937202200187],[102.41019014520009,1.5102937202200177],[102.40819014520008,1.5053937202200185],[102.38859014520008,1.5094937202200178],[102.37169014520009,1.5033937202200178],[102.37379014520009,1.5161937202200182],[102.37419014520009,1.5247937202200177],[102.37739014520008,1.5414937202200178],[102.38179014520009,1.5403937202200186],[102.38469014520008,1.5399937202200178],[102.3875901452001,1.5396937202200185],[102.39119014520008,1.5391937202200179],[102.39569014520009,1.537993720220019],[102.3995901452001,1.536893720220018],[102.40199014520009,1.536393720220019],[102.4051901452001,1.5355937202200192],[102.40819014520008,1.5355937202200192],[102.41179014520009,1.5339937202200193],[102.41579014520009,1.532593720220019],[102.41849014520008,1.531493720220018],[102.42159014520008,1.5303937202200188],[102.42509014520009,1.5292937202200179],[102.42909014520009,1.5282937202200184]]]}},{"type":"Feature","properties":{"NAMA_PROP":"RIAU","NAMOBJ":"Nipah Sendanu","REMARK":null,"UUPP":"Hasil Delineasi Tahun 2018","SRS_ID":"SRGI 2013","WADMKD":"Nipah Sendanu","WADMKC":"Tebing Tinggi Timur","WIADKC":"Tebing Tinggi Timur","WADMKK":"Kepulauan Meranti","WIADKK":"Kepulauan Meranti","WADMPR":"Riau","Coastal_Candidate":true,"Coast_Distance_M":0,"Intervention":false},"geometry":{"type":"Polygon","coordinates":[[[102.9941901452001,0.8604937202200187],[102.98979014520009,0.8554937202200179],[102.9881901452001,0.8526937202200191],[102.98689014520009,0.8500937202200181],[102.98449014520008,0.8461937202200183],[102.98119014520009,0.8398937202200187],[102.97919014520009,0.8364937202200178],[102.96459014520009,0.8028937202200179],[102.95849014520009,0.8053937202200192],[102.95539014520008,0.806693720220018],[102.95079014520009,0.8084937202200191],[102.94739014520009,0.8098937202200194],[102.94329014520008,0.8114937202200192],[102.95239014520008,0.8282937202200191],[102.95959014520008,0.8410937202200177],[102.9633901452001,0.8478937202200179],[102.96519014520008,0.8510937202200193],[102.9676901452001,0.8554937202200179],[102.96539014520009,0.8591937202200182],[102.9633901452001,0.863393720220019],[102.96469014520008,0.8665937202200187],[102.96669014520009,0.871793720220019],[102.97009014520009,0.8718937202200188],[102.97399014520009,0.8700937202200176],[102.97729014520009,0.8686937202200191],[102.98059014520008,0.8672937202200188],[102.98389014520009,0.8658937202200185],[102.9873901452001,0.8644937202200182],[102.9916901452001,0.8621937202200183],[102.9941901452001,0.8604937202200187]]]}},{"type":"Feature","properties":{"NAMA_PROP":"RIAU","NAMOBJ":"Padang Kamal","REMARK":null,"UUPP":"Hasil Delineasi Tahun 2018","SRS_ID":"SRGI 2013","WADMKD":"Padang Kamal","WADMKC":"Pulaumerbau","WIADKC":"Pulau Merbau","WADMKK":"Kepulauan Meranti","WIADKK":"Kepulauan Meranti","WADMPR":"Riau","Coastal_Candidate":true,"Coast_Distance_M":0,"Intervention":false},"geometry":{"type":"Polygon","coordinates":[[[102.54589014520009,0.9681937202200182],[102.54279014520009,0.9671937202200187],[102.53949014520009,0.9665937202200183],[102.53559014520009,0.965193720220018],[102.53209014520009,0.9637937202200177],[102.52829014520009,0.9616937202200191],[102.52539014520009,0.9596937202200184],[102.52199014520009,0.9580937202200186],[102.51919014520008,0.9556937202200189],[102.51589014520009,0.9531937202200194],[102.51509014520009,0.9580937202200186],[102.51239014520009,0.961393720220018],[102.51129014520009,0.9655937202200189],[102.51199014520009,0.9718937202200184],[102.51039014520009,0.976193720220019],[102.50869014520009,0.9795937202200182],[102.51299014520009,0.9812937202200178],[102.51589014520009,0.9828937202200176],[102.51839014520009,0.9856937202200182],[102.52179014520009,0.9983937202200188],[102.52339014520008,1.005593720220018],[102.53389014520009,1.0064937202200177],[102.53289014520008,0.9959937202200191],[102.5387901452001,0.9787937202200183],[102.54119014520009,0.9750937202200181],[102.54589014520009,0.9681937202200182]]]}},{"type":"Feature","properties":{"NAMA_PROP":"RIAU","NAMOBJ":"Palkun","REMARK":null,"UUPP":"Hasil Delineasi Tahun 2018","SRS_ID":"SRGI 2013","WADMKD":"Palkun","WADMKC":"Bengkalis","WIADKC":null,"WADMKK":"Bengkalis","WIADKK":"Bengkalis","WADMPR":"Riau","Coastal_Candidate":true,"Coast_Distance_M":0,"Intervention":false},"geometry":{"type":"Polygon","coordinates":[[[102.45679014520009,1.2860937202200198],[102.4555901452001,1.2839937202200247],[102.45059014520011,1.2864937202200284],[102.44699014520009,1.2891937202200354],[102.4444901452001,1.2909937202200212],[102.44159014520008,1.2929937202200106],[102.43909014520008,1.2948937202200552],[102.4365901452001,1.2966937202200324],[102.43359014520009,1.2988937202200523],[102.42949014520009,1.3022937202200149],[102.42834446058069,1.3031405303528165],[102.45699014520008,1.3349937202200326],[102.45949014520009,1.3338937202200385],[102.4636901452001,1.3321937202200442],[102.4676901452001,1.3303937202200158],[102.47219014520009,1.328493720220033],[102.47559014520009,1.3262937202200398],[102.4618901452001,1.295693720220029],[102.46069014520009,1.2939937202200544],[102.45979014520009,1.2914937202200336],[102.45849014520009,1.2894937202200145],[102.4572901452001,1.2881937202200342],[102.45679014520009,1.2860937202200198]]]}},{"type":"Feature","properties":{"NAMA_PROP":"RIAU","NAMOBJ":"Pampang Baru","REMARK":null,"UUPP":"Hasil Delineasi Tahun 2018","SRS_ID":"SRGI 2013","WADMKD":"Pampang Baru","WADMKC":"Bantan","WIADKC":null,"WADMKK":"Bengkalis","WIADKK":"Bengkalis","WADMPR":"Riau","Coastal_Candidate":true,"Coast_Distance_M":0,"Intervention":false},"geometry":{"type":"Polygon","coordinates":[[[102.46439014520008,1.5146937202200181],[102.4637901452001,1.5113937202200187],[102.4616901452001,1.5035937202200191],[102.46289014520009,1.499093720220019],[102.46179014520008,1.4973937202200194],[102.46019014520009,1.4945937202200188],[102.46199014520009,1.491493720220019],[102.46539014520009,1.4901937202200184],[102.46819014520008,1.4909937202200183],[102.47089014520009,1.4897937202200193],[102.47389014520009,1.4896937202200178],[102.47649014520009,1.4878937202200184],[102.48129014520009,1.4884937202200188],[102.48319014520008,1.4855937202200185],[102.48499014520009,1.4824937202200186],[102.47999014520009,1.481193720220018],[102.47549014520008,1.478893720220018],[102.4680901452001,1.4790937202200194],[102.45639014520009,1.4820937202200177],[102.45049014520009,1.4843937202200177],[102.45079014520009,1.482293720220019],[102.4488901452001,1.4766937202200179],[102.44519014520009,1.461693720220019],[102.44279014520009,1.4633937202200187],[102.43979014520009,1.4652937202200178],[102.43589014520009,1.4653937202200193],[102.43789014520009,1.4757937202200182],[102.43839014520009,1.4779937202200184],[102.43879014520009,1.4800937202200188],[102.43909014520008,1.4831937202200187],[102.4359901452001,1.4836937202200193],[102.43569014520008,1.4861937202200188],[102.43579014520009,1.489593720220018],[102.43359014520009,1.4900937202200186],[102.43219014520008,1.5042937202200193],[102.44809014520008,1.5156937202200194],[102.45049014520009,1.5171937202200176],[102.45929014520009,1.5156937202200194],[102.45959014520008,1.5187937202200192],[102.4620901452001,1.5170937202200179],[102.46439014520008,1.5146937202200181]]]}},{"type":"Feature","properties":{"NAMA_PROP":"RIAU","NAMOBJ":"Pampang Pesisir","REMARK":null,"UUPP":"Hasil Delineasi Tahun 2018","SRS_ID":"SRGI 2013","WADMKD":"Pampang Pesisir","WADMKC":"Bantan","WIADKC":null,"WADMKK":"Bengkalis","WIADKK":"Bengkalis","WADMPR":"Riau","Coastal_Candidate":true,"Coast_Distance_M":0,"Intervention":false},"geometry":{"type":"Polygon","coordinates":[[[102.48129014520009,1.4884937202200188],[102.47649014520009,1.4878937202200184],[102.47389014520009,1.4896937202200178],[102.47089014520009,1.4897937202200193],[102.46819014520008,1.4909937202200183],[102.46539014520009,1.4901937202200184],[102.46199014520009,1.491493720220019],[102.46019014520009,1.4945937202200188],[102.46179014520008,1.4973937202200194],[102.46289014520009,1.499093720220019],[102.4616901452001,1.5035937202200191],[102.4637901452001,1.5113937202200187],[102.46439014520008,1.5146937202200181],[102.4663901452001,1.5120937202200189],[102.46879014520009,1.508693720220018],[102.47009014520009,1.5062937202200182],[102.47129014520009,1.5034937202200194],[102.47249014520008,1.5006937202200188],[102.47519014520009,1.4972937202200178],[102.4787901452001,1.4923937202200186],[102.48129014520009,1.4884937202200188]]]}},{"type":"Feature","properties":{"NAMA_PROP":"RIAU","NAMOBJ":"Pandan Sari","REMARK":null,"UUPP":"Hasil Delineasi Tahun 2018","SRS_ID":"SRGI 2013","WADMKD":"Pandan Sari","WADMKC":"Sungai Batang","WIADKC":null,"WADMKK":"Indragiri Hilir","WIADKK":null,"WADMPR":"Riau","Coastal_Candidate":true,"Coast_Distance_M":14.8,"Intervention":false},"geometry":{"type":"Polygon","coordinates":[[[103.33529014520009,-0.6389062797799809],[103.3156901452001,-0.6285062797799821],[103.30169014520008,-0.6214062797799809],[103.29919014520009,-0.6141062797799819],[103.29869014520008,-0.5953062797799813],[103.3036901452001,-0.5952062797799815],[103.31059014520008,-0.5928062797799818],[103.31429014520009,-0.5913062797799817],[103.3173901452001,-0.5902062797799807],[103.3233901452001,-0.5879062797799808],[103.32579014520009,-0.586306279779981],[103.3280901452001,-0.5847062797799811],[103.33079014520008,-0.582806279779982],[103.33399014520009,-0.5806062797799818],[103.3375901452001,-0.5781062797799823],[103.34359014520008,-0.5739062797799814],[103.35409014520009,-0.5715062797799817],[103.35399014520009,-0.5778062797799812],[103.35479014520008,-0.5843062797799821],[103.35559014520008,-0.5920062797799819],[103.35609014520008,-0.5970062797799809],[103.3580901452001,-0.6032062797799806],[103.3601901452001,-0.6057062797799819],[103.36419014520008,-0.6097062797799815],[103.3691901452001,-0.6135062797799815],[103.3674901452001,-0.6155062797799822],[103.36519014520009,-0.6176062797799808],[103.36289014520008,-0.619406279779982],[103.36119014520008,-0.6216062797799822],[103.35969014520009,-0.6241062797799817],[103.35709014520009,-0.6262062797799821],[103.35409014520009,-0.6277062797799822],[103.35169014520008,-0.6280062797799815],[103.34849014520009,-0.6273062797799813],[103.34579014520008,-0.6266062797799812],[103.34339014520009,-0.6273062797799813],[103.3409901452001,-0.6288062797799814],[103.3383901452001,-0.6312062797799811],[103.33649014520009,-0.6339062797799819],[103.33559014520009,-0.6367062797799807],[103.33529014520009,-0.6389062797799809]]]}},{"type":"Feature","properties":{"NAMA_PROP":"RIAU","NAMOBJ":"Pangkalan Balai","REMARK":null,"UUPP":"Hasil Delineasi Tahun 2018","SRS_ID":"SRGI 2013","WADMKD":"Pangkalan Balai","WADMKC":"Pulaumerbau","WIADKC":"Pulau Merbau","WADMKK":"Kepulauan Meranti","WIADKK":"Kepulauan Meranti","WADMPR":"Riau","Coastal_Candidate":true,"Coast_Distance_M":0,"Intervention":false},"geometry":{"type":"Polygon","coordinates":[[[102.51269014520008,1.1037937202200183],[102.5181901452001,1.0991937202200184],[102.51269014520008,1.0968937202200184],[102.51079014520009,1.093293720220018],[102.50719014520008,1.0905937202200189],[102.50379014520009,1.0876937202200185],[102.50219014520009,1.0835937202200192],[102.50139014520009,1.0806937202200189],[102.49759014520009,1.0716937202200185],[102.49389014520008,1.0721937202200191],[102.47809014520008,1.0776937202200187],[102.47219014520009,1.0795937202200179],[102.4702901452001,1.0820937202200192],[102.46859014520008,1.085193720220019],[102.46789014520009,1.0873937202200192],[102.46669014520009,1.0908937202200182],[102.46739014520008,1.0946937202200182],[102.4693901452001,1.098593720220018],[102.47069014520008,1.1018937202200192],[102.47179014520009,1.1045937202200182],[102.47299014520009,1.107293720220019],[102.47439014520009,1.110793720220018],[102.4757901452001,1.1140937202200192],[102.4770901452001,1.1169937202200177],[102.47819014520009,1.1195937202200188],[102.48839014520009,1.114893720220019],[102.50889014520008,1.104693720220018],[102.51269014520008,1.1037937202200183]]]}},{"type":"Feature","properties":{"NAMA_PROP":"RIAU","NAMOBJ":"Pangkalan Batang","REMARK":null,"UUPP":"Hasil Delineasi Tahun 2018","SRS_ID":"SRGI 2013","WADMKD":"Pangkalan Batang","WADMKC":"Bengkalis","WIADKC":null,"WADMKK":"Bengkalis","WIADKK":"Bengkalis","WADMPR":"Riau","Coastal_Candidate":true,"Coast_Distance_M":0,"Intervention":false},"geometry":{"type":"Polygon","coordinates":[[[102.13319014520009,1.5832937202200181],[102.13229014520009,1.5734937202200179],[102.11039014520009,1.547893720220019],[102.09659014520008,1.525793720220019],[102.09459014520009,1.523093720220018],[102.09129014520009,1.5205937202200186],[102.08959014520009,1.5114937202200185],[102.08899014520009,1.5031937202200183],[102.08789014520009,1.5012937202200192],[102.08649014520009,1.4981937202200193],[102.08479014520009,1.494893720220018],[102.08489014520009,1.4908937202200185],[102.0815901452001,1.4894937202200182],[102.07989014520008,1.4874937202200194],[102.07649014520008,1.4896937202200178],[102.07369014520009,1.492193720220019],[102.07149014520009,1.4937937202200189],[102.06999014520008,1.4960937202200189],[102.07109014520009,1.4978937202200182],[102.07329014520009,1.4998937202200189],[102.07449014520009,1.5016937202200182],[102.08009014520009,1.507893720220018],[102.07379014520009,1.5068937202200186],[102.06209014520009,1.5136937202200187],[102.06779014520009,1.5189937202200188],[102.07309014520008,1.5248937202200192],[102.07689014520008,1.529593720220019],[102.09539014520008,1.595893720220019],[102.0986901452001,1.5948937202200177],[102.10149014520009,1.5938937202200183],[102.1037901452001,1.5929937202200186],[102.10729014520008,1.5918937202200176],[102.11269014520009,1.5898937202200187],[102.11659014520009,1.5883937202200187],[102.1208901452001,1.5870937202200182],[102.12329014520009,1.586393720220018],[102.12619014520008,1.5852937202200188],[102.12919014520008,1.5843937202200191],[102.13319014520009,1.5832937202200181]]]}},{"type":"Feature","properties":{"NAMA_PROP":"RIAU","NAMOBJ":"Pangkalan Batang Barat","REMARK":null,"UUPP":"Hasil Delineasi Tahun 2018","SRS_ID":"SRGI 2013","WADMKD":"Pangkalan Batang Barat","WADMKC":"Bengkalis","WIADKC":null,"WADMKK":"Bengkalis","WIADKK":"Bengkalis","WADMPR":"Riau","Coastal_Candidate":true,"Coast_Distance_M":0,"Intervention":false},"geometry":{"type":"Polygon","coordinates":[[[102.06999014520008,1.4960937202200189],[102.0669901452001,1.497593720220019],[102.06489014520008,1.499493720220018],[102.06219014520009,1.5015937202200185],[102.05919014520009,1.504393720220019],[102.05689014520009,1.5069937202200183],[102.05479014520009,1.5094937202200178],[102.05719014520008,1.5103937202200193],[102.05909014520009,1.5114937202200185],[102.06209014520009,1.5136937202200187],[102.07379014520009,1.5068937202200186],[102.08009014520009,1.507893720220018],[102.07449014520009,1.5016937202200182],[102.07329014520009,1.4998937202200189],[102.07109014520009,1.4978937202200182],[102.06999014520008,1.4960937202200189]]]}},{"type":"Feature","properties":{"NAMA_PROP":"RIAU","NAMOBJ":"Panglima Raja","REMARK":null,"UUPP":"Hasil Delineasi Tahun 2018","SRS_ID":"SRGI 2013","WADMKD":"Panglima Raja","WADMKC":"Concong","WIADKC":null,"WADMKK":"Indragiri Hilir","WIADKK":null,"WADMPR":"Riau","Coastal_Candidate":true,"Coast_Distance_M":0,"Intervention":false},"geometry":{"type":"Polygon","coordinates":[[[103.7767901452001,-0.33710627977998087],[103.75249014520008,-0.3224062797799814],[103.74929014520009,-0.32050627977998225],[103.74639014520008,-0.3193062797799815],[103.72499014520008,-0.3160062797799821],[103.6936901452001,-0.3113062797799824],[103.67259014520009,-0.3072062797799813],[103.67039014520009,-0.30500627977998107],[103.66589014520008,-0.30060627977998067],[103.66369014520009,-0.2933062797799817],[103.65959014520008,-0.28350627977998144],[103.65809014520009,-0.28040627977998156],[103.65629014520009,-0.27770627977998075],[103.65649014520008,-0.27460627977998087],[103.65989014520008,-0.2693062797799808],[103.6482901452001,-0.26140627977998143],[103.63599014520008,-0.25390627977998115],[103.62929014520009,-0.2510062797799808],[103.62619014520008,-0.25060627977998173],[103.62729014520009,-0.24810627977998223],[103.62899014520009,-0.24580627977998226],[103.6315901452001,-0.24400627977998113],[103.63409014520009,-0.24700627977998124],[103.63789014520009,-0.24840627977998153],[103.6414901452001,-0.24940627977998098],[103.6474901452001,-0.2513062797799819],[103.65209014520009,-0.2541062797799807],[103.65669014520009,-0.25560627977998074],[103.65929014520009,-0.2577062797799812],[103.66229014520009,-0.2596062797799821],[103.6662901452001,-0.26100627977998236],[103.6696901452001,-0.2621062797799816],[103.67369014520008,-0.26300627977998126],[103.67909014520009,-0.26250627977998064],[103.68329014520009,-0.2620062797799818],[103.68489014520009,-0.26490627977998216],[103.68849014520009,-0.26690627977998105],[103.69149014520009,-0.26610627977998114],[103.69469014520008,-0.2659062797799816],[103.69849014520008,-0.26580627977998184],[103.7026901452001,-0.265406279779981],[103.70749014520008,-0.2650062797799819],[103.71829014520009,-0.26830627977998134],[103.72179014520009,-0.27020627977998224],[103.7236901452001,-0.2720062797799816],[103.72649014520009,-0.27430627977998157],[103.72989014520009,-0.27960627977998165],[103.73609014520008,-0.2859062797799812],[103.74469014520008,-0.29260627977998155],[103.75269014520009,-0.2971062797799817],[103.75729014520009,-0.3005062797799809],[103.75939014520009,-0.30090627977998174],[103.76109014520009,-0.3032062797799817],[103.7625901452001,-0.3052062797799806],[103.76459014520009,-0.30750627977998235],[103.7664901452001,-0.3099062797799821],[103.76759014520009,-0.3116062797799817],[103.76869014520008,-0.31310627977998173],[103.77019014520009,-0.31530627977998194],[103.77069014520009,-0.3193062797799815],[103.77229014520009,-0.3246062797799816],[103.77449014520009,-0.3293062797799813],[103.77489014520009,-0.33220627977998163],[103.7767901452001,-0.33710627977998087]]]}},{"type":"Feature","properties":{"NAMA_PROP":"RIAU","NAMOBJ":"Panipahan","REMARK":null,"UUPP":"Hasil Delineasi Tahun 2018","SRS_ID":"SRGI 2013","WADMKD":"Panipahan","WADMKC":"Pasir Limau Kapas","WIADKC":null,"WADMKK":"Rokan Hilir","WIADKK":null,"WADMPR":"Riau","Coastal_Candidate":true,"Coast_Distance_M":0,"Intervention":false},"geometry":{"type":"Polygon","coordinates":[[[100.34119014520009,2.4702937202200186],[100.33729014520009,2.467893720220019],[100.3370901452001,2.4717937202200186],[100.33909014520009,2.4734937202200182],[100.34119014520009,2.4702937202200186]]]}},{"type":"Feature","properties":{"NAMA_PROP":"RIAU","NAMOBJ":"Panipahan Darat","REMARK":null,"UUPP":"Hasil Delineasi Tahun 2018","SRS_ID":"SRGI 2013","WADMKD":"Panipahan Darat","WADMKC":"Pasir Limau Kapas","WIADKC":null,"WADMKK":"Rokan Hilir","WIADKK":null,"WADMPR":"Riau","Coastal_Candidate":true,"Coast_Distance_M":0,"Intervention":false},"geometry":{"type":"Polygon","coordinates":[[[100.33729014520009,2.467893720220019],[100.34039014520009,2.4638937202200193],[100.33659014520009,2.4626937202200185],[100.33529014520009,2.454093720220019],[100.33379014520008,2.4513937202200182],[100.33209014520008,2.4493937202200193],[100.3293901452001,2.447693720220018],[100.3263901452001,2.4458937202200186],[100.3229901452001,2.443793720220018],[100.32029014520009,2.4420937202200186],[100.31709014520008,2.439993720220018],[100.31339014520009,2.4375937202200184],[100.31069014520008,2.4359937202200186],[100.30859014520009,2.434693720220018],[100.30569014520009,2.4329937202200185],[100.3032901452001,2.4314937202200184],[100.30549014520008,2.4452937202200182],[100.30809014520008,2.457893720220019],[100.31169014520009,2.469093720220018],[100.31419014520009,2.474593720220019],[100.3178901452001,2.4744937202200177],[100.32149014520009,2.474293720220018],[100.32539014520009,2.4733937202200185],[100.32929014520009,2.472493720220019],[100.33169014520008,2.4717937202200186],[100.33439014520009,2.470793720220019],[100.33729014520009,2.467893720220019]]]}},{"type":"Feature","properties":{"NAMA_PROP":"RIAU","NAMOBJ":"Panipahan Laut","REMARK":null,"UUPP":"Hasil Delineasi Tahun 2018","SRS_ID":"SRGI 2013","WADMKD":"Panipahan Laut","WADMKC":"Pasir Limau Kapas","WIADKC":null,"WADMKK":"Rokan Hilir","WIADKK":null,"WADMPR":"Riau","Coastal_Candidate":true,"Coast_Distance_M":0,"Intervention":false},"geometry":{"type":"Polygon","coordinates":[[[100.3601901452001,2.3933937202200184],[100.35779014520008,2.392793720220018],[100.35409014520009,2.3910937202200184],[100.34979014520009,2.3906937202200194],[100.34759014520009,2.390093720220019],[100.34489014520008,2.390493720220018],[100.34319014520008,2.3910937202200184],[100.3409901452001,2.3917937202200186],[100.33869014520009,2.3918937202200183],[100.3357901452001,2.391993720220018],[100.33259014520009,2.392393720220019],[100.32969014520009,2.3924937202200187],[100.30459014520008,2.3925937202200185],[100.30399014520009,2.3978937202200186],[100.30319014520009,2.404993720220018],[100.30239014520009,2.4127937202200194],[100.30209014520008,2.4168937202200187],[100.30189014520009,2.421293720220019],[100.30149014520009,2.424293720220019],[100.30129014520008,2.4279937202200177],[100.3032901452001,2.4314937202200184],[100.30569014520009,2.4329937202200185],[100.30859014520009,2.434693720220018],[100.31069014520008,2.4359937202200186],[100.31339014520009,2.4375937202200184],[100.31709014520008,2.439993720220018],[100.32029014520009,2.4420937202200186],[100.3229901452001,2.443793720220018],[100.3263901452001,2.4458937202200186],[100.3293901452001,2.447693720220018],[100.33209014520008,2.4493937202200193],[100.33379014520008,2.4513937202200182],[100.33529014520009,2.454093720220019],[100.33749014520009,2.4558937202200184],[100.33989014520009,2.4587937202200187],[100.34149014520008,2.455993720220018],[100.34239014520008,2.4516937202200193],[100.3430901452001,2.4488937202200187],[100.34379014520009,2.4462937202200177],[100.34459014520009,2.4435937202200186],[100.3452901452001,2.4401937202200177],[100.34559014520009,2.4360937202200184],[100.34659014520008,2.4317937202200177],[100.34749014520008,2.428893720220019],[100.3486901452001,2.427093720220018],[100.34959014520008,2.425493720220018],[100.35109014520009,2.423693720220019],[100.35239014520009,2.420993720220018],[100.35399014520009,2.4177937202200184],[100.35569014520009,2.4142937202200176],[100.3567901452001,2.4111937202200178],[100.35789014520009,2.4086937202200183],[100.35919014520009,2.4054937202200186],[100.36089014520009,2.403093720220019],[100.36089014520009,2.400393720220018],[100.36139014520009,2.3975937202200193],[100.36179014520009,2.394393720220018],[100.3601901452001,2.3933937202200184]]]}},{"type":"Feature","properties":{"NAMA_PROP":"RIAU","NAMOBJ":"Parit Aman","REMARK":null,"UUPP":"Hasil Delineasi Tahun 2018","SRS_ID":"SRGI 2013","WADMKD":"Parit Aman","WADMKC":"Bangko","WIADKC":null,"WADMKK":"Rokan Hilir","WIADKK":null,"WADMPR":"Riau","Coastal_Candidate":true,"Coast_Distance_M":0,"Intervention":false},"geometry":{"type":"MultiPolygon","coordinates":[[[[100.88659014520009,2.1947937202200194],[100.8901901452001,2.1902937202200192],[100.8905901452001,2.187693720220018],[100.87069014520009,2.187793720220018],[100.86189014520009,2.187793720220018],[100.85089014520008,2.187793720220018],[100.84419014520009,2.187793720220018],[100.83659014520009,2.187793720220018],[100.82119014520009,2.1878937202200177],[100.81679014520009,2.1878937202200177],[100.8143901452001,2.188093720220019],[100.81209014520009,2.188493720220018],[100.80999014520009,2.188593720220018],[100.80689014520009,2.1894937202200193],[100.80349014520009,2.189693720220019],[100.79999014520008,2.189993720220018],[100.79689014520008,2.1901937202200177],[100.79349014520008,2.1904937202200188],[100.78939014520009,2.190893720220018],[100.78379014520009,2.1913937202200184],[100.78119014520009,2.191593720220018],[100.77819014520009,2.1916937202200177],[100.77639014520008,2.1936937202200184],[100.7745901452001,2.1958937202200186],[100.77209014520008,2.1989937202200185],[100.7702901452001,2.201093720220019],[100.76829014520008,2.2042937202200186],[100.76699014520008,2.207193720220019],[100.76609014520008,2.2104937202200183],[100.76549014520009,2.214093720220019],[100.76509014520009,2.2173937202200182],[100.76459014520009,2.221393720220018],[100.76429014520009,2.223893720220019],[100.76409014520009,2.2259937202200177],[100.76549014520009,2.2278937202200186],[100.76749014520009,2.2310937202200183],[100.77069014520009,2.2354937202200187],[100.77529014520009,2.238493720220019],[100.78169014520009,2.2442937202200177],[100.78489014520008,2.247493720220019],[100.78709014520008,2.2504937202200193],[100.78989014520009,2.255693720220018],[100.79349014520008,2.262093720220019],[100.79709014520009,2.2668937202200183],[100.79929014520009,2.2694937202200194],[100.80189014520009,2.272293720220018],[100.80529014520009,2.2744937202200184],[100.80989014520009,2.275493720220018],[100.81409014520008,2.278493720220018],[100.81829014520008,2.278893720220019],[100.82089014520008,2.279593720220019],[100.82069014520009,2.2763937202200193],[100.8203901452001,2.2728937202200186],[100.8195901452001,2.2698937202200185],[100.81829014520008,2.2663937202200177],[100.8169901452001,2.261693720220018],[100.81829014520008,2.258693720220018],[100.8190901452001,2.2545937202200186],[100.81919014520008,2.250593720220019],[100.81879014520008,2.247593720220019],[100.81819014520009,2.244993720220018],[100.81769014520009,2.2416937202200184],[100.82079014520009,2.239093720220019],[100.82249014520009,2.2366937202200177],[100.82229014520009,2.2333937202200183],[100.82419014520009,2.230493720220018],[100.82609014520008,2.2278937202200186],[100.82879014520009,2.2247937202200188],[100.82929014520009,2.221293720220018],[100.83089014520009,2.2191937202200194],[100.83289014520008,2.2156937202200186],[100.83439014520009,2.211393720220018],[100.8357901452001,2.208393720220018],[100.83849014520008,2.205593720220019],[100.8417901452001,2.2034937202200187],[100.84469014520009,2.201493720220018],[100.84729014520009,2.199593720220019],[100.85159014520009,2.198693720220019],[100.85629014520009,2.199293720220018],[100.85999014520009,2.1989937202200185],[100.86349014520009,2.1977937202200177],[100.86709014520008,2.196393720220019],[100.87069014520009,2.1954937202200178],[100.87419014520009,2.193893720220018],[100.87699014520008,2.193393720220019],[100.88659014520009,2.1947937202200194]]],[[[100.7690901452001,2.2386937202200183],[100.76589014520009,2.2340937202200184],[100.7625901452001,2.2366937202200177],[100.76199014520009,2.239093720220019],[100.76169014520009,2.241493720220019],[100.76129014520009,2.2438937202200187],[100.76119014520009,2.246093720220019],[100.76129014520009,2.2488937202200177],[100.76289014520009,2.253293720220018],[100.76509014520009,2.256293720220018],[100.7724901452001,2.261693720220018],[100.7792901452001,2.265093720220019],[100.78409014520008,2.2676937202200182],[100.7904901452001,2.270093720220018],[100.79269014520008,2.266293720220018],[100.79029014520009,2.2622937202200184],[100.78869014520009,2.2598937202200187],[100.78649014520009,2.256293720220018],[100.78469014520009,2.2534937202200194],[100.78209014520009,2.250293720220018],[100.7792901452001,2.247493720220019],[100.77649014520009,2.2446937202200186],[100.77369014520009,2.2420937202200193],[100.7690901452001,2.2386937202200183]]]]}},{"type":"Feature","properties":{"NAMA_PROP":"RIAU","NAMOBJ":"Paritsatuapi-Api","REMARK":null,"UUPP":"Hasil Delineasi Tahun 2018","SRS_ID":"SRGI 2013","WADMKD":"Paritsatuapi-Api","WADMKC":"Bandar Laksamana","WIADKC":null,"WADMKK":"Bengkalis","WIADKK":"Bengkalis","WADMPR":"Riau","Coastal_Candidate":true,"Coast_Distance_M":0,"Intervention":false},"geometry":{"type":"Polygon","coordinates":[[[101.9779901452001,1.482693720220018],[101.97639014520009,1.478493720220019],[101.97509014520008,1.475093720220018],[101.97219014520009,1.471593720220019],[101.97019014520009,1.4680937202200184],[101.9684901452001,1.4653937202200193],[101.96689014520008,1.467793720220019],[101.95979014520009,1.474693720220019],[101.95789014520008,1.4760937202200193],[101.95539014520008,1.4778937202200186],[101.95259014520009,1.4814937202200191],[101.95039014520009,1.4841937202200182],[101.94689014520009,1.4897937202200193],[101.94959014520009,1.4934937202200178],[101.9505901452001,1.4962937202200184],[101.95199014520009,1.498293720220019],[101.9543901452001,1.4977937202200184],[101.95679014520009,1.4995937202200178],[101.95979014520009,1.4972937202200178],[101.96289014520009,1.4953937202200187],[101.96499014520009,1.4932937202200183],[101.96709014520009,1.4911937202200178],[101.96909014520008,1.489893720220019],[101.97099014520009,1.488093720220018],[101.97389014520009,1.486093720220019],[101.97649014520009,1.4844937202200192],[101.9779901452001,1.482693720220018]]]}},{"type":"Feature","properties":{"NAMA_PROP":"RIAU","NAMOBJ":"Pasir Limau Kapas","REMARK":null,"UUPP":"Hasil Delineasi Tahun 2018","SRS_ID":"SRGI 2013","WADMKD":"Pasir Limau Kapas","WADMKC":"Pasir Limau Kapas","WIADKC":null,"WADMKK":"Rokan Hilir","WIADKK":null,"WADMPR":"Riau","Coastal_Candidate":true,"Coast_Distance_M":0,"Intervention":false},"geometry":{"type":"Polygon","coordinates":[[[100.45669014520008,2.2468937202200188],[100.4483901452001,2.2439937202200184],[100.44519014520009,2.243493720220018],[100.4368901452001,2.239193720220019],[100.41509014520008,2.2278937202200186],[100.37209014520009,2.213993720220019],[100.37239014520009,2.219093720220018],[100.3726901452001,2.2240937202200186],[100.37099014520008,2.2283937202200192],[100.3674901452001,2.2378937202200184],[100.36479014520009,2.2432937202200183],[100.3627901452001,2.247593720220019],[100.3571901452001,2.259393720220018],[100.34879014520008,2.274593720220018],[100.3469901452001,2.2805937202200184],[100.34299014520009,2.2888937202200186],[100.33939014520008,2.296293720220019],[100.33589014520008,2.3030937202200192],[100.33449014520009,2.305993720220018],[100.33029014520008,2.3144937202200193],[100.31969014520008,2.3339937202200183],[100.31759014520009,2.3387937202200177],[100.31239014520008,2.3509937202200177],[100.31059014520008,2.355493720220018],[100.3092901452001,2.3619937202200187],[100.30729014520008,2.367593720220018],[100.30649014520009,2.3742937202200185],[100.30519014520009,2.3868937202200193],[100.30459014520008,2.3925937202200185],[100.32969014520009,2.3924937202200187],[100.33259014520009,2.392393720220019],[100.3357901452001,2.391993720220018],[100.33869014520009,2.3918937202200183],[100.3409901452001,2.3917937202200186],[100.34319014520008,2.3910937202200184],[100.34489014520008,2.390493720220018],[100.34759014520009,2.390093720220019],[100.34979014520009,2.3906937202200194],[100.35409014520009,2.3910937202200184],[100.35779014520008,2.392793720220018],[100.3601901452001,2.3933937202200184],[100.36269014520009,2.391693720220019],[100.36519014520009,2.389993720220019],[100.3644901452001,2.388493720220019],[100.36689014520009,2.3826937202200185],[100.36969014520008,2.3784937202200194],[100.37189014520008,2.3738937202200177],[100.3734901452001,2.3696937202200186],[100.37549014520009,2.3674937202200184],[100.37849014520009,2.364693720220018],[100.38069014520009,2.363793720220018],[100.3815901452001,2.361193720220019],[100.38299014520008,2.3586937202200193],[100.38329014520009,2.3555937202200177],[100.3837901452001,2.3529937202200184],[100.38469014520008,2.350493720220019],[100.38729014520008,2.347393720220019],[100.38839014520009,2.342493720220018],[100.39069014520008,2.338693720220018],[100.39269014520009,2.3346937202200184],[100.39329014520008,2.3322937202200187],[100.39339014520009,2.328693720220018],[100.39439014520009,2.3246937202200186],[100.39569014520009,2.321093720220018],[100.39809014520009,2.318893720220018],[100.39879014520008,2.315793720220018],[100.40119014520009,2.3147937202200186],[100.4025901452001,2.312693720220018],[100.40489014520008,2.3102937202200184],[100.40769014520009,2.3083937202200193],[100.40889014520009,2.3055937202200187],[100.41089014520009,2.303193720220019],[100.4128901452001,2.3007937202200193],[100.41469014520008,2.2988937202200184],[100.41789014520009,2.294793720220019],[100.41959014520009,2.292193720220018],[100.42079014520009,2.289093720220018],[100.42349014520009,2.2866937202200184],[100.42579014520008,2.2836937202200183],[100.42689014520009,2.280793720220018],[100.42839014520008,2.277293720220019],[100.43039014520009,2.2743937202200186],[100.43249014520009,2.2705937202200186],[100.43389014520008,2.2687937202200192],[100.43509014520009,2.2667937202200186],[100.4363901452001,2.2651937202200187],[100.43809014520009,2.264293720220019],[100.43969014520009,2.2621937202200186],[100.44179014520009,2.259693720220019],[100.44449014520009,2.2565937202200193],[100.44699014520009,2.2546937202200183],[100.44919014520009,2.2531937202200183],[100.45179014520009,2.251293720220019],[100.4543901452001,2.2493937202200183],[100.45669014520008,2.2468937202200188]]]}},{"type":"Feature","properties":{"NAMA_PROP":"RIAU","NAMOBJ":"Pekaitan","REMARK":null,"UUPP":"Hasil Delineasi Tahun 2018","SRS_ID":"SRGI 2013","WADMKD":"Pekaitan","WADMKC":"Pekaitan","WIADKC":null,"WADMKK":"Rokan Hilir","WIADKK":null,"WADMPR":"Riau","Coastal_Candidate":true,"Coast_Distance_M":0,"Intervention":false},"geometry":{"type":"Polygon","coordinates":[[[100.7454901452001,2.089693720220019],[100.74409014520009,2.087993720220018],[100.74209014520008,2.0853937202200186],[100.74029014520009,2.082193720220019],[100.73849014520009,2.079593720220018],[100.7377901452001,2.077193720220018],[100.73679014520009,2.0738937202200187],[100.73549014520009,2.070393720220018],[100.72119014520008,2.0274937202200185],[100.71319014520009,2.021193720220019],[100.70249014520009,2.012093720220019],[100.6988901452001,2.009693720220019],[100.69899014520009,2.014793720220018],[100.6988901452001,2.020093720220018],[100.70099014520008,2.021893720220019],[100.70239014520008,2.0240937202200193],[100.70249014520009,2.0289937202200186],[100.70239014520008,2.0316937202200194],[100.70149014520008,2.0334937202200187],[100.70129014520009,2.037593720220018],[100.70039014520009,2.040993720220019],[100.69919014520009,2.044093720220019],[100.69819014520009,2.0469937202200192],[100.69809014520008,2.0502937202200187],[100.69749014520009,2.058193720220018],[100.69679014520008,2.0602937202200184],[100.69559014520009,2.0640937202200185],[100.69559014520009,2.0679937202200183],[100.69529014520009,2.0712937202200177],[100.69249014520008,2.0750937202200177],[100.6906901452001,2.0773937202200177],[100.68969014520009,2.116393720220019],[100.69169014520008,2.1150937202200186],[100.69329014520008,2.1139937202200176],[100.69499014520008,2.1128937202200184],[100.69729014520009,2.111493720220018],[100.70089014520009,2.109593720220019],[100.7039901452001,2.1078937202200176],[100.70689014520009,2.105693720220019],[100.71029014520009,2.103093720220018],[100.7133901452001,2.100793720220018],[100.71619014520009,2.098993720220019],[100.71819014520008,2.097793720220018],[100.7197901452001,2.0968937202200184],[100.72249014520008,2.095493720220018],[100.7257901452001,2.0959937202200187],[100.72959014520009,2.0956937202200177],[100.73339014520009,2.094793720220018],[100.73669014520009,2.094093720220018],[100.73979014520009,2.093193720220018],[100.74189014520009,2.0910937202200177],[100.7454901452001,2.089693720220019]]]}},{"type":"Feature","properties":{"NAMA_PROP":"RIAU","NAMOBJ":"Pematang Duku","REMARK":null,"UUPP":"Hasil Delineasi Tahun 2018","SRS_ID":"SRGI 2013","WADMKD":"Pematang Duku","WADMKC":"Bengkalis","WIADKC":null,"WADMKK":"Bengkalis","WIADKK":"Bengkalis","WADMPR":"Riau","Coastal_Candidate":true,"Coast_Distance_M":0,"Intervention":true},"geometry":{"type":"Polygon","coordinates":[[[102.33699014520009,1.4819937202200226],[102.34309014520008,1.4816937202200333],[102.34549014520009,1.4809937202200139],[102.34279014520008,1.4759937202200437],[102.33449014520009,1.4596937202200462],[102.3345901452001,1.4576937202200202],[102.33819014520009,1.4540937202200377],[102.3277901452001,1.4463937202200028],[102.32689014520008,1.4427937202200405],[102.33249014520008,1.4382937202200325],[102.32909014520008,1.4353937202200189],[102.32449014520009,1.4312937202200136],[102.3233901452001,1.4250937202200156],[102.31909014520011,1.424293720220014],[102.31589014520009,1.4230937202200193],[102.3135901452001,1.421093720220041],[102.3105901452001,1.4184937202200183],[102.3091901452001,1.4149937202200213],[102.30619014520009,1.417193720220034],[102.30359014520009,1.4201937202200297],[102.3017901452001,1.4221937202200476],[102.29999014520008,1.424393720220038],[102.29799014520009,1.4265937202200192],[102.29509014520009,1.4279937202200121],[102.29437924767097,1.4286723039097766],[102.29413766800008,1.428762896000022],[102.29371139200005,1.4289227500000492],[102.29359736986139,1.4290438983135612],[102.2934272080001,1.4292246950000764],[102.29317854700008,1.4292602180000369],[102.29310750100007,1.4293845490000268],[102.29307197800011,1.4295266410000758],[102.29305013700008,1.4295345830000223],[102.29291927000011,1.4295821710000542],[102.29285884000008,1.4295444020000432],[102.29308684154307,1.4299059645026684],[102.29289014520009,1.430093720220021],[102.2945901452001,1.4332937202199976],[102.2983901452001,1.4457937202200382],[102.29929014520009,1.448893720220011],[102.3004901452001,1.4532937202200198],[102.30149014520009,1.4598937202200328],[102.3049901452001,1.47989372022002],[102.31609014520008,1.482193720220005],[102.3252901452001,1.4819937202200142],[102.32909014520008,1.4820937202200104],[102.3338901452001,1.4821937202200304],[102.33699014520009,1.4819937202200226]]]}},{"type":"Feature","properties":{"NAMA_PROP":"RIAU","NAMOBJ":"Penampi","REMARK":null,"UUPP":"Hasil Delineasi Tahun 2018","SRS_ID":"SRGI 2013","WADMKD":"Penampi","WADMKC":"Bengkalis","WIADKC":null,"WADMKK":"Bengkalis","WIADKK":"Bengkalis","WADMPR":"Riau","Coastal_Candidate":true,"Coast_Distance_M":0,"Intervention":true},"geometry":{"type":"Polygon","coordinates":[[[102.18619014520009,1.4458937202200235],[102.18619014520011,1.4421937202201085],[102.18734552375402,1.4382539323474899],[102.18699822320906,1.4371539968730613],[102.18692037700015,1.437208489000098],[102.18660067000008,1.437101920000113],[102.18603230200013,1.4371019200000963],[102.18537512600012,1.43724401200015],[102.1837854720002,1.4375726000001223],[102.18348352700013,1.437679169000146],[102.18279082800014,1.4378745450002115],[102.18245336000012,1.4379100680001715],[102.18202708400021,1.4380876830000506],[102.18179618400006,1.438194252000094],[102.181547523,1.438194252000072],[102.18112124700008,1.4382652980001105],[102.18067721000006,1.4384073900001193],[102.18019764900009,1.4386027670000396],[102.17996675000006,1.438620528000166],[102.1794871890001,1.4387093360000425],[102.1790431520002,1.4387448590000453],[102.17842149900021,1.4390468040001412],[102.17762223200003,1.4392066580001641],[102.17624571600005,1.4397128610000542],[102.1760681010002,1.4398016680002155],[102.1756773480001,1.4398904760000821],[102.17521554900014,1.4399082370000706],[102.17489584200008,1.440032568000114],[102.17464718100018,1.4401746600001446],[102.17432747400011,1.4402989900001537],[102.1739367210002,1.4403522750001834],[102.17345716000005,1.4404766050002018],[102.17303088400013,1.4406542200000798],[102.17262237000007,1.440796312000099],[102.17228490100013,1.4410449730001424],[102.1722493780001,1.4409028810001299],[102.17196832800018,1.440945465000095],[102.17166324900002,1.4409916890001562],[102.17145011100018,1.4410094500001502],[102.17107711900003,1.4410094500001411],[102.1707751740002,1.4411515420001693],[102.17061532000008,1.441204827000217],[102.17022456699999,1.4412581109999751],[102.17004695200012,1.4414002030000206],[102.16858162900014,1.44171102900017],[102.16826192200007,1.4418175980001924],[102.16790669200014,1.441924167000027],[102.16762250800008,1.4419596900000444],[102.16744489300004,1.4421550670001533],[102.16719623199998,1.4422261130001748],[102.16696533200007,1.4421550670001517],[102.16653905600015,1.4421728280001096],[102.16621934900007,1.442226113000169],[102.16586411899999,1.4423326819999864],[102.16543784300008,1.4423682049999795],[102.16502932900006,1.4425458200000396],[102.16451424500002,1.442599104000199],[102.16428646100002,1.4427509600001385],[102.16424782300004,1.4427767190000726],[102.16449014520016,1.448893720220067],[102.16739014520009,1.4510937202200238],[102.17159014520008,1.452993720220041],[102.17499014520008,1.458793720220018],[102.18319014520009,1.471993720220023],[102.1860901452001,1.4770937202200207],[102.18789014520009,1.4799937202200204],[102.19389014520009,1.49349372022002],[102.19739014520009,1.4909937202200025],[102.1932901452001,1.476293720220025],[102.19179014520009,1.4707937202200436],[102.1902901452001,1.466293720220017],[102.1883901452001,1.461893720220031],[102.18679014520009,1.4598937202200004],[102.18699014520008,1.4538937202200175],[102.1867901452001,1.4501937202200332],[102.18619014520009,1.4458937202200235]]]}},{"type":"Feature","properties":{"NAMA_PROP":"RIAU","NAMOBJ":"Penebal","REMARK":null,"UUPP":"Hasil Delineasi Tahun 2018","SRS_ID":"SRGI 2013","WADMKD":"Penebal","WADMKC":"Bengkalis","WIADKC":null,"WADMKK":"Bengkalis","WIADKK":"Bengkalis","WADMPR":"Riau","Coastal_Candidate":true,"Coast_Distance_M":0,"Intervention":false},"geometry":{"type":"Polygon","coordinates":[[[102.29839014520012,1.4457937202200382],[102.2945901452001,1.4332937202199976],[102.29289014520009,1.430093720220021],[102.292996152542,1.4299925313276116],[102.29308684154307,1.4299059645026684],[102.29285884000008,1.4295444020000432],[102.29273451000006,1.4294378330000856],[102.29263682200009,1.4294289520000334],[102.29255070636451,1.4294991202167637],[102.29230500869872,1.4296993181035076],[102.29215726100007,1.4298197050000945],[102.29190724741616,1.429948283518837],[102.29153560900006,1.4301394120000925],[102.29093171800008,1.4304235960000249],[102.29041663400005,1.4306900190000686],[102.28979498200006,1.4310807720000696],[102.28933318300005,1.4312228640000793],[102.28887138400009,1.4314715250000745],[102.28828525400009,1.43161361700007],[102.28789450100004,1.4318800390000417],[102.28730837200003,1.432039893000042],[102.28697090300007,1.432181985000067],[102.28650910400007,1.4322885540000483],[102.28622492000007,1.432554976000069],[102.28585192900005,1.4326793070000674],[102.28578088300009,1.4328036370000863],[102.28572759800005,1.4329279680000409],[102.28556774500005,1.4327858760000358],[102.28525691800007,1.4328302800000892],[102.28499049600003,1.4329368490000656],[102.28452869700004,1.4330256560000536],[102.28399585200003,1.4332032710000442],[102.28367614500006,1.433398648000078],[102.28326763100006,1.4333986480000191],[102.28286807800004,1.4333986480000722],[102.28282359300006,1.4333986480000545],[102.28273478600003,1.4335229780000602],[102.28237955600007,1.4337538780000676],[102.28209537200011,1.4337538780000771],[102.28149148100005,1.4340203000000606],[102.28142171934012,1.434049367359655],[102.28106520500006,1.434197915000024],[102.28072832500004,1.434255431000043],[102.28033698300004,1.4343222460000342],[102.27978049146752,1.4343884946365741],[102.27959100000004,1.4344110530000898],[102.27885212543372,1.4345728186049098],[102.27862173200005,1.4346001080000328],[102.27841747300008,1.4346503080000856],[102.27834987106303,1.4346827796559267],[102.27809015300005,1.4347396410000215],[102.27777044600003,1.434721879000043],[102.27736193200008,1.434757402000072],[102.27711327100012,1.4347751640000113],[102.27690013300008,1.4347929250000804],[102.27672251800007,1.4347751640000495],[102.27643833400003,1.4347929250001037],[102.27622519600004,1.434846210000082],[102.27599429700008,1.4349705400000765],[102.27588772800004,1.435006063000075],[102.27581668200008,1.4348994940000548],[102.27556802100008,1.4348639710000242],[102.27540816700008,1.4350060630000583],[102.27510622200005,1.4350593480000564],[102.27464442300004,1.4350948710000717],[102.27398724700004,1.4352014400000825],[102.27361425600009,1.435236963000016],[102.27298584179566,1.4353857974812072],[102.2729393190001,1.4353968160000479],[102.27291349642958,1.4353955863584233],[102.27219333600004,1.4353612930000237],[102.27053263500007,1.4354412200000277],[102.26999979000004,1.4354056970000333],[102.26964456000009,1.4354589820000785],[102.26936037600011,1.4354945050000667],[102.26923951375709,1.4355428498976845],[102.26918276100008,1.4355655510000342],[102.26917874200008,1.43556299300009],[102.26914469784177,1.4355413284755727],[102.26898738500006,1.4354412200000226],[102.26868544000007,1.4353524130000654],[102.26783288800004,1.4353346510000846],[102.26671391300006,1.4352636050000558],[102.2653962231615,1.4351880276048967],[102.26436536300007,1.4351289010000696],[102.26354096493644,1.4350816159965083],[102.26315273200008,1.4350593480000384],[102.26261988700008,1.435006063000071],[102.26157195900004,1.434917256000101],[102.26013327800008,1.434828448000085],[102.25888997300007,1.4346330720000786],[102.25653186611896,1.4343738703783055],[102.2565248558777,1.4343730998123216],[102.25557745300004,1.4342689610000456],[102.25529326900005,1.4342334380000366],[102.25451176300005,1.434126869000084],[102.25346383400007,1.4340025390000586],[102.25287770500009,1.4338959700000498],[102.25198963000008,1.4338071620000452],[102.25104827100006,1.4335585010000602],[102.24823307300007,1.4330878210001134],[102.24757589700008,1.4330878210001046],[102.24707857500005,1.4329457290000631],[102.24617273900009,1.4328924450000782],[102.24577511800005,1.4328829780000691],[102.24578936783632,1.4329898538729753],[102.24638619800004,1.437466082000105],[102.24646571400008,1.4380624480000572],[102.24660804875948,1.4382595272268233],[102.24689014520008,1.4382937202200157],[102.2479901452001,1.4411937202199998],[102.2473901452001,1.4439937202199982],[102.2469901452001,1.4462937202200465],[102.2475901452001,1.4484937202200219],[102.24709014520012,1.451093720220033],[102.24529014520009,1.470493720220039],[102.25199014520008,1.4714937202200156],[102.2549901452001,1.4719937202200417],[102.26069014520013,1.4723937202200201],[102.2663901452001,1.4727937202200334],[102.2716901452001,1.4738937202200126],[102.28029014520008,1.4755937202200364],[102.28919014520008,1.4766937202200152],[102.2980901452001,1.4788937202200407],[102.3049901452001,1.47989372022002],[102.30149014520009,1.4598937202200328],[102.30049014520011,1.4532937202200198],[102.29929014520009,1.448893720220011],[102.29839014520012,1.4457937202200382]]]}},{"type":"Feature","properties":{"NAMA_PROP":"RIAU","NAMOBJ":"Penyagun","REMARK":null,"UUPP":"Hasil Delineasi Tahun 2018","SRS_ID":"SRGI 2013","WADMKD":"Penyagun","WADMKC":"Rangsang","WIADKC":"Rangsang","WADMKK":"Kepulauan Meranti","WIADKK":"Kepulauan Meranti","WADMPR":"Riau","Coastal_Candidate":true,"Coast_Distance_M":0,"Intervention":false},"geometry":{"type":"Polygon","coordinates":[[[102.97339014520009,0.984593720220019],[102.98389014520009,0.9768937202200192],[102.97189014520009,0.9614937202200178],[102.97039014520008,0.9595937202200187],[102.95599014520009,0.9419937202200188],[102.93909014520008,0.9236937202200188],[102.93749014520009,0.925893720220019],[102.93629014520009,0.9279937202200177],[102.93499014520009,0.9299937202200184],[102.93309014520008,0.9321937202200186],[102.93119014520009,0.9339937202200179],[102.92909014520009,0.9358937202200188],[102.92689014520009,0.9382937202200186],[102.92739014520009,0.9444937202200183],[102.92729014520009,0.9480937202200188],[102.92709014520008,0.9579937202200188],[102.92709014520008,0.9606937202200179],[102.92549014520009,0.9650937202200183],[102.92309014520009,0.9720937202200179],[102.92479014520009,0.9782937202200177],[102.9274901452001,0.9879937202200182],[102.93329014520009,1.0129937202200185],[102.94579014520009,1.0041937202200177],[102.9616901452001,0.9928937202200192],[102.97339014520009,0.984593720220019]]]}},{"type":"Feature","properties":{"NAMA_PROP":"RIAU","NAMOBJ":"Penyengat","REMARK":null,"UUPP":"Hasil Delineasi Tahun 2018","SRS_ID":"SRGI 2013","WADMKD":"Penyengat","WADMKC":"Sungai Apit","WIADKC":"Sungai Apit","WADMKK":"Siak","WIADKK":"Siak","WADMPR":"Riau","Coastal_Candidate":true,"Coast_Distance_M":0,"Intervention":false},"geometry":{"type":"Polygon","coordinates":[[[102.5840901452001,0.7378937202200184],[102.58299014520009,0.7354937202200187],[102.58469014520008,0.7312937202200178],[102.58589014520008,0.7277937202200189],[102.58549014520008,0.7241937202200184],[102.5849901452001,0.7203937202200184],[102.58489014520009,0.7172937202200185],[102.58489014520009,0.7137937202200177],[102.58469014520008,0.7106937202200179],[102.58469014520008,0.7065937202200185],[102.58449014520009,0.702593720220019],[102.58389014520009,0.6986937202200192],[102.58389014520009,0.6950937202200187],[102.58429014520009,0.6896937202200188],[102.58459014520008,0.6859937202200186],[102.58589014520008,0.6812937202200189],[102.5866901452001,0.6783937202200185],[102.58679014520008,0.674793720220018],[102.58729014520009,0.6690937202200189],[102.58739014520009,0.6646937202200185],[102.58739014520009,0.6607937202200187],[102.58739014520009,0.6573937202200177],[102.5875901452001,0.6539937202200186],[102.58829014520009,0.6500937202200188],[102.58909014520009,0.6453937202200191],[102.58999014520009,0.6414937202200193],[102.5913901452001,0.6387937202200185],[102.60329014520009,0.6149937202200189],[102.60359014520009,0.6129937202200182],[102.58369014520008,0.6123937202200178],[102.51099014520008,0.6111937202200188],[102.49999014520009,0.6109937202200193],[102.49229014520009,0.6104937202200187],[102.48199014520009,0.6101937202200194],[102.46989014520008,0.6097937202200185],[102.45979014520009,0.6099937202200181],[102.45709014520008,0.6100937202200178],[102.44169014520008,0.6092937202200179],[102.42879014520008,0.6091937202200182],[102.42519014520009,0.6091937202200182],[102.41389014520009,0.6088937202200189],[102.39989014520009,0.608493720220018],[102.38569014520009,0.6078937202200176],[102.36539014520008,0.6073937202200188],[102.36049014520009,0.6137937202200181],[102.35459014520009,0.6213937202200182],[102.34489014520008,0.6333937202200186],[102.33899014520009,0.6407937202200191],[102.33309014520009,0.6480937202200181],[102.3507901452001,0.8344937202200189],[102.35159014520009,0.8470937202200179],[102.34639014520009,0.8621937202200183],[102.35169014520008,0.8692937202200177],[102.35619014520009,0.8743937202200183],[102.35769014520008,0.8722937202200178],[102.35829014520009,0.8702937202200189],[102.36469014520009,0.8620937202200185],[102.36969014520008,0.8548937202200193],[102.3734901452001,0.8494937202200177],[102.37729014520009,0.8434937202200192],[102.38069014520009,0.8384937202200184],[102.38429014520008,0.8332937202200181],[102.38909014520009,0.8270937202200184],[102.3940901452001,0.821893720220018],[102.39989014520009,0.8164937202200182],[102.40499014520009,0.8131937202200188],[102.40739014520008,0.8112937202200179],[102.4102901452001,0.8087937202200184],[102.4132901452001,0.806693720220018],[102.41749014520009,0.8038937202200191],[102.42079014520009,0.801693720220019],[102.4239901452001,0.7998937202200178],[102.42689014520009,0.7983937202200178],[102.4299901452001,0.7969937202200192],[102.43189014520009,0.7958937202200183],[102.43499014520009,0.7940937202200189],[102.4376901452001,0.7924937202200191],[102.44089014520009,0.7906937202200179],[102.44319014520009,0.789493720220019],[102.44829014520009,0.7842937202200186],[102.45149014520008,0.7824937202200193],[102.45429014520009,0.7808937202200177],[102.45949014520009,0.7782937202200184],[102.46369014520009,0.7758937202200187],[102.4676901452001,0.7734937202200189],[102.47129014520009,0.7706937202200184],[102.47549014520008,0.7672937202200192],[102.47849014520008,0.765093720220019],[102.48109014520008,0.7630937202200183],[102.4856901452001,0.7618937202200193],[102.48879014520008,0.7598937202200187],[102.49099014520009,0.7584937202200184],[102.49349014520008,0.7568937202200186],[102.4967901452001,0.7550937202200192],[102.50009014520009,0.752893720220019],[102.50419014520008,0.7511937202200176],[102.5070901452001,0.750293720220018],[102.50939014520009,0.7495937202200178],[102.51339014520009,0.7487937202200179],[102.51779014520008,0.7480937202200177],[102.52219014520008,0.7473937202200194],[102.52519014520009,0.7470937202200183],[102.52989014520008,0.7468937202200188],[102.53489014520008,0.746793720220019],[102.53769014520009,0.7468937202200188],[102.54199014520009,0.7471937202200181],[102.54589014520009,0.7469937202200185],[102.54869014520008,0.7466937202200192],[102.55179014520009,0.7452937202200189],[102.55469014520008,0.744493720220019],[102.5579901452001,0.7430937202200187],[102.56149014520008,0.7419937202200177],[102.56469014520009,0.7410937202200181],[102.56839014520008,0.7402937202200182],[102.57219014520008,0.739193720220019],[102.57629014520009,0.7389937202200176],[102.57929014520009,0.738393720220019],[102.58119014520008,0.738393720220019],[102.5840901452001,0.7378937202200184]]]}},{"type":"Feature","properties":{"NAMA_PROP":"RIAU","NAMOBJ":"Perigi Raja","REMARK":null,"UUPP":"Hasil Delineasi Tahun 2018","SRS_ID":"SRGI 2013","WADMKD":"Perigi Raja","WADMKC":"Kuala Indragiri","WIADKC":null,"WADMKK":"Indragiri Hilir","WIADKK":null,"WADMPR":"Riau","Coastal_Candidate":true,"Coast_Distance_M":0,"Intervention":false},"geometry":{"type":"Polygon","coordinates":[[[103.39709014520008,-0.29210627977998094],[103.39709014520008,-0.288606279779982],[103.39459014520008,-0.2811062797799817],[103.39289014520008,-0.27690627977998084],[103.39269014520009,-0.27320627977998235],[103.39609014520009,-0.2667062797799815],[103.40039014520009,-0.26140627977998143],[103.40709014520009,-0.2559062797799818],[103.42009014520009,-0.2523062797799813],[103.43269014520008,-0.24890627977998214],[103.43629014520009,-0.24790627977998092],[103.45149014520008,-0.24050627977998218],[103.4620901452001,-0.23420627977998087],[103.46669014520009,-0.23170627977998137],[103.47289014520008,-0.2283062797799822],[103.48089014520009,-0.22480627977998147],[103.48789014520008,-0.22170627977998159],[103.4916901452001,-0.22010627977998176],[103.50209014520009,-0.21620627977998197],[103.50799014520008,-0.2112062797799812],[103.51509014520009,-0.207806279779982],[103.51849014520009,-0.2059062797799811],[103.52059014520009,-0.2092062797799823],[103.51789014520008,-0.21270627977998124],[103.51569014520008,-0.21570627977998136],[103.51149014520009,-0.2220062797799809],[103.50909014520009,-0.2255062797799816],[103.50649014520009,-0.22880627977998103],[103.50349014520009,-0.23280627977998236],[103.49989014520008,-0.23760627977998183],[103.4988901452001,-0.24090627977998125],[103.49429014520008,-0.2510062797799808],[103.49009014520009,-0.2579062797799807],[103.4864901452001,-0.26410627977998224],[103.47689014520009,-0.2795062797799819],[103.4676901452001,-0.29170627977998187],[103.46369014520009,-0.30060627977998067],[103.45889014520009,-0.3055062797799817],[103.4530901452001,-0.3041062797799814],[103.4470901452001,-0.3013062797799808],[103.43929014520009,-0.2996062797799812],[103.42909014520009,-0.2994062797799817],[103.42329014520008,-0.2989062797799811],[103.41649014520009,-0.2964062797799816],[103.4128901452001,-0.29340627977998146],[103.4068901452001,-0.29040627977998135],[103.39709014520008,-0.29210627977998094]]]}},{"type":"Feature","properties":{"NAMA_PROP":"RIAU","NAMOBJ":"Permai","REMARK":null,"UUPP":"Hasil Delineasi Tahun 2018","SRS_ID":"SRGI 2013","WADMKD":"Permai","WADMKC":"Rangsang Barat","WIADKC":"Rangsang Barat","WADMKK":"Kepulauan Meranti","WIADKK":"Kepulauan Meranti","WADMPR":"Riau","Coastal_Candidate":true,"Coast_Distance_M":0,"Intervention":false},"geometry":{"type":"Polygon","coordinates":[[[102.65059014520008,1.0155937202200178],[102.64889014520008,1.0146937202200181],[102.64269014520009,1.011693720220018],[102.6380901452001,1.0100937202200182],[102.6264901452001,1.0098937202200187],[102.6238901452001,1.0130937202200183],[102.62319014520008,1.0160937202200184],[102.62379014520009,1.0186937202200177],[102.62739014520008,1.0201937202200178],[102.63089014520008,1.021193720220019],[102.6341901452001,1.0212937202200187],[102.63679014520008,1.021593720220018],[102.63959014520009,1.0224937202200177],[102.64169014520009,1.0232937202200176],[102.64379014520009,1.0240937202200193],[102.64679014520009,1.025393720220018],[102.6500901452001,1.027293720220019],[102.6508901452001,1.0212937202200187],[102.65079014520009,1.0183937202200184],[102.65059014520008,1.0155937202200178]]]}},{"type":"Feature","properties":{"NAMA_PROP":"RIAU","NAMOBJ":"Prapat Tunggal","REMARK":null,"UUPP":"Hasil Delineasi Tahun 2018","SRS_ID":"SRGI 2013","WADMKD":"Prapat Tunggal","WADMKC":"Bengkalis","WIADKC":null,"WADMKK":"Bengkalis","WIADKK":"Bengkalis","WADMPR":"Riau","Coastal_Candidate":true,"Coast_Distance_M":0,"Intervention":false},"geometry":{"type":"Polygon","coordinates":[[[102.0241901452001,1.574193720220018],[102.01369014520009,1.5647937202200186],[102.01249014520009,1.5679937202200183],[102.01159014520009,1.5709937202200184],[102.01039014520009,1.5746937202200186],[102.00909014520009,1.576793720220019],[102.00689014520009,1.5777937202200185],[102.00469014520009,1.5781937202200194],[102.00309014520009,1.5795937202200179],[102.00289014520008,1.582893720220019],[102.00349014520009,1.588693720220018],[102.00169014520009,1.5914937202200186],[102.00219014520009,1.5953937202200184],[102.00469014520009,1.597393720220019],[102.00669014520008,1.5989937202200188],[102.00999014520009,1.601993720220019],[102.0224901452001,1.580593720220019],[102.02309014520009,1.5782937202200191],[102.0241901452001,1.574193720220018]]]}},{"type":"Feature","properties":{"NAMA_PROP":"RIAU","NAMOBJ":"Area Tidak Terdefinisi","REMARK":"Tidak Di Akui Oleh Desa Sekitar (Aset Kecamatan Bangko)","UUPP":"Hasil Delineasi Tahun 2018","SRS_ID":"SRGI 2013","WADMKD":null,"WADMKC":"Bangko","WIADKC":null,"WADMKK":"Rokan Hilir","WIADKK":null,"WADMPR":"Riau","Coastal_Candidate":true,"Coast_Distance_M":0,"Intervention":false},"geometry":{"type":"Polygon","coordinates":[[[100.77839014520009,2.1597937202200193],[100.77709014520009,2.157193720220018],[100.77769014520008,2.153893720220019],[100.7788901452001,2.149993720220019],[100.78109014520008,2.1479937202200183],[100.78139014520009,2.1452937202200193],[100.78349014520009,2.141193720220018],[100.78469014520009,2.1386937202200187],[100.78559014520009,2.135593720220019],[100.78679014520009,2.1327937202200182],[100.78669014520008,2.1277937202200192],[100.78609014520009,2.124093720220019],[100.78009014520009,2.129093720220018],[100.7750901452001,2.133693720220018],[100.77129014520008,2.137493720220018],[100.76729014520009,2.140893720220019],[100.7638901452001,2.1440937202200185],[100.75829014520009,2.1482937202200176],[100.7518901452001,2.1550937202200178],[100.7476901452001,2.1624937202200183],[100.7454901452001,2.1672937202200178],[100.74229014520009,2.1738937202200184],[100.73849014520009,2.182693720220019],[100.73609014520008,2.1890937202200185],[100.73509014520009,2.1950937202200187],[100.73389014520009,2.1996937202200186],[100.73289014520009,2.209093720220018],[100.73189014520008,2.214693720220019],[100.73149014520008,2.2222937202200193],[100.73209014520009,2.228893720220018],[100.73329014520009,2.2346937202200188],[100.73629014520009,2.241493720220019],[100.7390901452001,2.2458937202200193],[100.74309014520009,2.250293720220018],[100.74669014520009,2.253693720220019],[100.75029014520008,2.2557937202200193],[100.75219014520009,2.2537937202200187],[100.7531901452001,2.251093720220018],[100.75419014520008,2.247493720220019],[100.7544901452001,2.2453937202200187],[100.75519014520009,2.242893720220019],[100.7553901452001,2.239593720220018],[100.75589014520008,2.236193720220019],[100.7570901452001,2.2309937202200185],[100.75889014520008,2.2249937202200183],[100.75999014520009,2.219793720220018],[100.7608901452001,2.2157937202200184],[100.76169014520009,2.212993720220018],[100.76249014520009,2.2100937202200193],[100.76369014520009,2.2064937202200188],[100.76469014520009,2.2035937202200184],[100.76619014520008,2.2008937202200194],[100.76789014520008,2.198093720220019],[100.76959014520008,2.196193720220018],[100.77269014520009,2.1929937202200183],[100.77579014520009,2.1894937202200193],[100.7775901452001,2.1866937202200187],[100.77839014520009,2.1845937202200183],[100.77869014520009,2.1821937202200186],[100.77869014520009,2.178893720220019],[100.77809014520008,2.1741937202200177],[100.77729014520008,2.170293720220018],[100.7767901452001,2.167193720220018],[100.77659014520009,2.164093720220018],[100.77839014520009,2.1597937202200193]]]}},{"type":"Feature","properties":{"NAMA_PROP":"RIAU","NAMOBJ":"Pulauburung","REMARK":null,"UUPP":"Hasil Delineasi Tahun 2018","SRS_ID":"SRGI 2013","WADMKD":"Pulauburung","WADMKC":"Pulau Burung","WIADKC":null,"WADMKK":"Indragiri Hilir","WIADKK":null,"WADMPR":"Riau","Coastal_Candidate":true,"Coast_Distance_M":0,"Intervention":false},"geometry":{"type":"MultiPolygon","coordinates":[[[[103.58859014520009,0.40849372022001873],[103.58619014520009,0.40739372022001774],[103.5827901452001,0.40899372022001934],[103.57989014520008,0.4107937202200187],[103.5772901452001,0.41229372022001876],[103.57399014520009,0.41399372022001835],[103.56919014520008,0.4162937202200183],[103.56609014520009,0.4184937202200185],[103.56319014520008,0.4204937202200192],[103.56079014520009,0.4221937202200188],[103.55869014520009,0.424393720220019],[103.55549014520008,0.42699372022001825],[103.5524901452001,0.4295937202200193],[103.54949014520008,0.4323937202200181],[103.54699014520008,0.43529372022001844],[103.54669014520009,0.439293720220018],[103.54529014520008,0.4422937202200181],[103.5442901452001,0.44909372022001826],[103.54849014520009,0.44879372022001895],[103.55099014520009,0.44779372022001773],[103.5536901452001,0.4467937202200183],[103.55659014520009,0.4456937202200191],[103.55919014520009,0.4445937202200181],[103.56169014520009,0.4433937202200191],[103.56459014520009,0.4417937202200193],[103.56709014520008,0.4401937202200177],[103.56969014520008,0.43829372022001856],[103.57269014520008,0.4367937202200185],[103.57449014520009,0.4353937202200182],[103.57629014520009,0.4337937202200184],[103.57829014520009,0.43189372022001926],[103.57849014520009,0.4290937202200187],[103.5810901452001,0.42529372022001866],[103.58349014520009,0.42149372022001863],[103.58589014520008,0.4184937202200185],[103.58829014520009,0.4146937202200185],[103.58959014520009,0.4115937202200186],[103.58859014520009,0.40849372022001873]]],[[[103.58589014520008,0.38549372022001904],[103.58309014520009,0.38469372022001913],[103.58059014520009,0.3841937202200185],[103.57879014520009,0.38269372022001846],[103.57589014520009,0.3817937202200188],[103.57319014520009,0.3819937202200183],[103.57049014520008,0.382893720220018],[103.56759014520009,0.3831937202200191],[103.56419014520009,0.38269372022001846],[103.55989014520009,0.38079372022001934],[103.55559014520009,0.3781937202200183],[103.55219014520009,0.3764937202200187],[103.5498901452001,0.37449372022001803],[103.54779014520008,0.3723937202200194],[103.54539014520009,0.37139372022001815],[103.54289014520009,0.3698937202200181],[103.54029014520009,0.36749372022001836],[103.53729014520009,0.36609372022001807],[103.53439014520009,0.3637937202200181],[103.5305901452001,0.3623937202200178],[103.5275901452001,0.36059372022001845],[103.52519014520009,0.35949372022001924],[103.5228901452001,0.3587937202200191],[103.51979014520009,0.35759372022001834],[103.51619014520008,0.3565937202200189],[103.5121901452001,0.3555937202200177],[103.50839014520008,0.35449372022001846],[103.50519014520009,0.35369372022001855],[103.50269014520009,0.35289372022001864],[103.4993901452001,0.3512937202200188],[103.4958901452001,0.3499937202200183],[103.4924901452001,0.3491937202200184],[103.4881901452001,0.3495937202200192],[103.48419014520009,0.35119372022001905],[103.48129014520009,0.34979372022001876],[103.47669014520008,0.3490937202200186],[103.47289014520008,0.35009372022001806],[103.46909014520008,0.3501937202200178],[103.43509014520009,0.35889372022001886],[103.43579014520009,0.36839372022001804],[103.4496901452001,0.3653937202200179],[103.45169014520009,0.37419372022001873],[103.45329014520009,0.3814937202200177],[103.45729014520009,0.38059372022001803],[103.47129014520009,0.3964937202200183],[103.4864901452001,0.4137937202200188],[103.49619014520009,0.41009372022001855],[103.5014901452001,0.41889372022001936],[103.50509014520009,0.41959372022001773],[103.50869014520009,0.42149372022001863],[103.51119014520009,0.4246937202200183],[103.51429014520009,0.4272937202200193],[103.51619014520008,0.429393720220018],[103.51919014520008,0.43199372022001903],[103.52279014520009,0.434293720220019],[103.52619014520009,0.4364937202200192],[103.5288901452001,0.4384937202200181],[103.5318901452001,0.43749372022001864],[103.53639014520009,0.4353937202200182],[103.53919014520008,0.43259372022001763],[103.54169014520009,0.43029372022001766],[103.54349014520008,0.42839372022001854],[103.54579014520009,0.4262937202200181],[103.54789014520009,0.4240937202200179],[103.55019014520009,0.4212937202200191],[103.55269014520009,0.41869372022001805],[103.55549014520008,0.41589372022001925],[103.55869014520009,0.41289372022001913],[103.56119014520009,0.41089372022001847],[103.5635901452001,0.4090937202200191],[103.56649014520009,0.4069937202200187],[103.56879014520008,0.40539372022001885],[103.5712901452001,0.403793720220019],[103.57459014520009,0.4016937202200186],[103.57779014520008,0.3994937202200184],[103.58049014520009,0.39739372022001795],[103.58319014520009,0.39489372022001845],[103.58559014520009,0.3925937202200185],[103.58749014520009,0.38989372022001767],[103.58859014520009,0.38769372022001924],[103.58589014520008,0.38549372022001904]]]]}},{"type":"Feature","properties":{"NAMA_PROP":"RIAU","NAMOBJ":"Pulaucawan","REMARK":null,"UUPP":"Hasil Delineasi Tahun 2018","SRS_ID":"SRGI 2013","WADMKD":"Pulaucawan","WADMKC":"Mandah","WIADKC":null,"WADMKK":"Indragiri Hilir","WIADKK":null,"WADMPR":"Riau","Coastal_Candidate":true,"Coast_Distance_M":0,"Intervention":false},"geometry":{"type":"MultiPolygon","coordinates":[[[[103.57679014520009,-0.10560627977998216],[103.57479014520008,-0.10710627977998222],[103.5712901452001,-0.10850627977998073],[103.56879014520008,-0.10970627977998149],[103.56669014520008,-0.11070627977998093],[103.56449014520008,-0.11200627977998145],[103.56199014520008,-0.11330627977998198],[103.5583901452001,-0.1149062797799818],[103.55519014520009,-0.11600627977998101],[103.55279014520009,-0.11720627977998177],[103.54979014520009,-0.11820627977998122],[103.5459901452001,-0.1196062797799815],[103.54349014520008,-0.12050627977998118],[103.54029014520009,-0.12120627977998133],[103.5369901452001,-0.12170627977998194],[103.53439014520009,-0.12190627977998147],[103.52789014520009,-0.12030627977998165],[103.51929014520009,-0.11720627977998177],[103.51589014520009,-0.11700627977998224],[103.51229014520008,-0.11750627977998107],[103.50929014520008,-0.11650627977998163],[103.50869014520009,-0.11150627977998084],[103.51029014520009,-0.10820627977998143],[103.51129014520009,-0.10670627977998137],[103.51459014520009,-0.10640627977998207],[103.51719014520009,-0.10550627977998062],[103.51959014520008,-0.10560627977998216],[103.5224901452001,-0.10150627977998106],[103.5224901452001,-0.09790627977998234],[103.52169014520008,-0.09440627977998162],[103.5207901452001,-0.09150627977998127],[103.52299014520008,-0.09010627977998098],[103.52549014520008,-0.08900627977998177],[103.52869014520009,-0.08730627977998218],[103.53109014520008,-0.08650627977998226],[103.53419014520009,-0.08520627977998174],[103.53849014520009,-0.0842062797799823],[103.54189014520009,-0.08210627977998186],[103.54549014520009,-0.0801062797799812],[103.54919014520009,-0.07900627977998198],[103.55219014520009,-0.07850627977998137],[103.55459014520008,-0.0784062797799816],[103.5579901452001,-0.0784062797799816],[103.5613901452001,-0.07820627977998207],[103.56499014520008,-0.07770627977998146],[103.56779014520009,-0.07710627977998108],[103.57069014520009,-0.07630627977998117],[103.57459014520009,-0.07500627977998064],[103.57849014520009,-0.07410627977998097],[103.58079014520008,-0.07690627977998155],[103.5815901452001,-0.08030627977998073],[103.5827901452001,-0.08190627977998233],[103.58389014520009,-0.08400627977998099],[103.58529014520009,-0.08640627977998072],[103.58789014520009,-0.08820627977998186],[103.59129014520009,-0.08910627977998153],[103.59239014520008,-0.09190627977998211],[103.59029014520009,-0.09510627977998176],[103.58899014520009,-0.09850627977998094],[103.58689014520009,-0.10020627977998231],[103.58439014520009,-0.10200627977998167],[103.58169014520008,-0.10380627977998103],[103.5789901452001,-0.10500627977998178],[103.57679014520009,-0.10560627977998216]]],[[[103.47639014520009,-0.10560627977998216],[103.47959014520009,-0.10490627977998201],[103.48299014520009,-0.10350627977998172],[103.48549014520009,-0.10350627977998172],[103.4894901452001,-0.10040627977998184],[103.48939014520009,-0.09490627977998223],[103.49009014520009,-0.09150627977998127],[103.4924901452001,-0.08880627977998223],[103.4924901452001,-0.09210627977998165],[103.49629014520009,-0.08770627977998124],[103.49929014520009,-0.08600627977998165],[103.50259014520009,-0.08570627977998235],[103.50419014520008,-0.0870062797799811],[103.5061901452001,-0.09020627977998075],[103.50869014520009,-0.09290627977998156],[103.5125901452001,-0.09460627977998115],[103.51539014520009,-0.09650627977998205],[103.51709014520009,-0.10060627977998138],[103.51269014520008,-0.10290627977998135],[103.50769014520009,-0.10300627977998111],[103.5044901452001,-0.10640627977998207],[103.50409014520008,-0.11030627977998186],[103.50459014520008,-0.11510627977998134],[103.50379014520009,-0.11820627977998122],[103.50079014520009,-0.11940627977998197],[103.49789014520009,-0.11940627977998197],[103.49469014520008,-0.11900627977998113],[103.49309014520009,-0.11700627977998224],[103.48969014520009,-0.11530627977998087],[103.48669014520009,-0.11360627977998128],[103.48209014520009,-0.11260627977998183],[103.47819014520009,-0.10990627977998102],[103.47639014520009,-0.10560627977998216]]],[[[103.47639014520009,-0.10560627977998216],[103.47569014520009,-0.10940627977998219],[103.47359014520009,-0.10720627977998198],[103.47639014520009,-0.10560627977998216]]],[[[103.5960901452001,-0.12020627977998188],[103.59159014520009,-0.12070627977998072],[103.59379014520009,-0.11890627977998136],[103.5960901452001,-0.11780627977998215],[103.59839014520009,-0.11760627977998084],[103.5960901452001,-0.12020627977998188]]]]}},{"type":"Feature","properties":{"NAMA_PROP":"RIAU","NAMOBJ":"Pulauhalang Belakang","REMARK":null,"UUPP":"Hasil Delineasi Tahun 2018","SRS_ID":"SRGI 2013","WADMKD":"Pulauhalang Belakang","WADMKC":"Kubu Babussalam","WIADKC":null,"WADMKK":"Rokan Hilir","WIADKK":null,"WADMPR":"Riau","Coastal_Candidate":true,"Coast_Distance_M":0,"Intervention":false},"geometry":{"type":"Polygon","coordinates":[[[100.6632901452001,2.180193720220018],[100.66389014520009,2.176293720220018],[100.65969014520009,2.179693720220019],[100.65589014520009,2.182693720220019],[100.65229014520008,2.1856937202200193],[100.64849014520009,2.1882937202200186],[100.64509014520009,2.191493720220018],[100.64089014520009,2.194893720220019],[100.63709014520009,2.1982937202200183],[100.63479014520009,2.1996937202200186],[100.63369014520009,2.2019937202200186],[100.63319014520009,2.204593720220018],[100.63239014520009,2.2072937202200187],[100.63239014520009,2.2104937202200183],[100.63259014520008,2.2137937202200177],[100.63409014520009,2.2175937202200178],[100.6363901452001,2.2115937202200193],[100.63959014520009,2.207893720220019],[100.64299014520009,2.204093720220019],[100.64619014520008,2.200293720220019],[100.65109014520009,2.194293720220019],[100.65479014520008,2.1897937202200186],[100.65719014520009,2.1866937202200187],[100.65979014520009,2.183493720220019],[100.6632901452001,2.180193720220018]]]}},{"type":"Feature","properties":{"NAMA_PROP":"RIAU","NAMOBJ":"Pulauhalang Hulu","REMARK":null,"UUPP":"Hasil Delineasi Tahun 2018","SRS_ID":"SRGI 2013","WADMKD":"Pulauhalang Hulu","WADMKC":"Kubu Babussalam","WIADKC":null,"WADMKK":"Rokan Hilir","WIADKK":null,"WADMPR":"Riau","Coastal_Candidate":true,"Coast_Distance_M":6.8,"Intervention":false},"geometry":{"type":"Polygon","coordinates":[[[100.66389014520009,2.176293720220018],[100.6632901452001,2.180193720220018],[100.66739014520009,2.182693720220019],[100.67009014520009,2.1841937202200192],[100.67199014520008,2.1856937202200193],[100.67389014520009,2.1866937202200187],[100.67439014520009,2.1841937202200192],[100.67549014520009,2.181293720220019],[100.67719014520009,2.178593720220018],[100.67989014520009,2.1752937202200187],[100.68159014520009,2.1722937202200185],[100.68319014520009,2.1696937202200193],[100.68359014520009,2.166693720220019],[100.68189014520009,2.166093720220019],[100.67909014520009,2.166693720220019],[100.67469014520009,2.169093720220019],[100.67009014520009,2.172493720220018],[100.66389014520009,2.176293720220018]]]}},{"type":"Feature","properties":{"NAMA_PROP":"RIAU","NAMOBJ":"Pulauhalang Muka","REMARK":null,"UUPP":"Hasil Delineasi Tahun 2018","SRS_ID":"SRGI 2013","WADMKD":"Pulauhalang Muka","WADMKC":"Kubu Babussalam","WIADKC":null,"WADMKK":"Rokan Hilir","WIADKK":null,"WADMPR":"Riau","Coastal_Candidate":true,"Coast_Distance_M":0,"Intervention":false},"geometry":{"type":"Polygon","coordinates":[[[100.67389014520009,2.1866937202200187],[100.67199014520008,2.1856937202200193],[100.67009014520009,2.1841937202200192],[100.66739014520009,2.182693720220019],[100.6632901452001,2.180193720220018],[100.65979014520009,2.183493720220019],[100.65719014520009,2.1866937202200187],[100.65479014520008,2.1897937202200186],[100.65109014520009,2.194293720220019],[100.64619014520008,2.200293720220019],[100.64299014520009,2.204093720220019],[100.63959014520009,2.207893720220019],[100.6363901452001,2.2115937202200193],[100.63409014520009,2.2175937202200178],[100.63779014520009,2.219393720220019],[100.64209014520009,2.2195937202200184],[100.6448901452001,2.2191937202200194],[100.6474901452001,2.2187937202200185],[100.64949014520009,2.2175937202200178],[100.65149014520009,2.216393720220019],[100.65449014520009,2.2134937202200184],[100.65749014520009,2.210993720220019],[100.65819014520008,2.208693720220019],[100.65999014520008,2.2064937202200188],[100.66239014520009,2.203793720220018],[100.66409014520009,2.201793720220019],[100.66649014520009,2.199993720220018],[100.66909014520009,2.1977937202200177],[100.67079014520009,2.1955937202200193],[100.67209014520009,2.1928937202200185],[100.67309014520009,2.190093720220018],[100.67389014520009,2.1866937202200187]]]}},{"type":"Feature","properties":{"NAMA_PROP":"RIAU","NAMOBJ":"Pulauruku","REMARK":null,"UUPP":"Hasil Delineasi Tahun 2018","SRS_ID":"SRGI 2013","WADMKD":"Pulauruku","WADMKC":"Reteh","WIADKC":null,"WADMKK":"Indragiri Hilir","WIADKK":null,"WADMPR":"Riau","Coastal_Candidate":true,"Coast_Distance_M":0,"Intervention":false},"geometry":{"type":"MultiPolygon","coordinates":[[[[103.39719014520008,-0.7108062797799821],[103.40219014520008,-0.712806279779981],[103.40449014520009,-0.7173062797799812],[103.4012901452001,-0.7184062797799822],[103.3978901452001,-0.7195062797799814],[103.39369014520008,-0.718906279779981],[103.3880901452001,-0.717406279779981],[103.38439014520009,-0.7152062797799807],[103.38059014520009,-0.7130062797799823],[103.37709014520009,-0.7122062797799806],[103.37329014520009,-0.7121062797799809],[103.37069014520009,-0.712806279779981],[103.3674901452001,-0.7145062797799824],[103.36489014520009,-0.7154062797799821],[103.36189014520009,-0.7159062797799809],[103.35779014520008,-0.7160062797799807],[103.35399014520009,-0.7161062797799822],[103.35169014520008,-0.7156062797799816],[103.3477901452001,-0.7164062797799815],[103.34399014520008,-0.717706279779982],[103.33919014520009,-0.7195062797799814],[103.33529014520009,-0.7209062797799817],[103.33229014520009,-0.7230062797799821],[103.33049014520009,-0.7245062797799822],[103.32669014520009,-0.7275062797799823],[103.32479014520008,-0.7249062797799812],[103.32359014520009,-0.7218062797799814],[103.32249014520009,-0.718906279779981],[103.32539014520009,-0.717406279779981],[103.32929014520009,-0.7173062797799812],[103.34939014520009,-0.7062062797799822],[103.36429014520009,-0.7047062797799821],[103.37809014520009,-0.7037062797799809],[103.3901901452001,-0.7082062797799811],[103.39719014520008,-0.7108062797799821]]],[[[103.40449014520009,-0.7173062797799812],[103.40789014520008,-0.716206279779982],[103.41089014520009,-0.7143062797799811],[103.41789014520009,-0.7124062797799819],[103.42309014520009,-0.7123062797799822],[103.4252901452001,-0.7146062797799821],[103.42689014520009,-0.7180062797799813],[103.43049014520008,-0.721506279779982],[103.42949014520009,-0.7246062797799819],[103.42629014520008,-0.726106279779982],[103.4226901452001,-0.7275062797799823],[103.41749014520009,-0.7286062797799815],[103.41309014520009,-0.728406279779982],[103.4072901452001,-0.7272062797799812],[103.4038901452001,-0.7254062797799818],[103.4034901452001,-0.7220062797799809],[103.40449014520009,-0.7173062797799812]]],[[[103.44309014520009,-0.7442062797799807],[103.44479014520009,-0.7480062797799807],[103.4436901452001,-0.753206279779981],[103.44359014520009,-0.7569062797799813],[103.4423901452001,-0.7609062797799808],[103.4423901452001,-0.7638062797799812],[103.44189014520009,-0.7663062797799807],[103.44019014520009,-0.7691062797799813],[103.43829014520009,-0.7711062797799819],[103.43489014520009,-0.7727062797799817],[103.43329014520009,-0.7756062797799821],[103.4299901452001,-0.7781062797799816],[103.42599014520009,-0.7762062797799807],[103.42309014520009,-0.7749062797799819],[103.42129014520009,-0.7722062797799811],[103.41739014520009,-0.7695062797799821],[103.41099014520009,-0.7668062797799813],[103.40569014520008,-0.7658062797799818],[103.40189014520008,-0.7637062797799814],[103.39419014520008,-0.7574062797799819],[103.3854901452001,-0.7484062797799815],[103.38309014520009,-0.7457062797799807],[103.37709014520009,-0.743306279779981],[103.38049014520008,-0.7393062797799814],[103.38339014520008,-0.7375062797799821],[103.3854901452001,-0.7366062797799806],[103.38689014520008,-0.7348062797799813],[103.38939014520008,-0.7327062797799808],[103.39169014520009,-0.7323062797799818],[103.39389014520009,-0.7291062797799821],[103.39709014520008,-0.7263062797799815],[103.40049014520008,-0.7287062797799813],[103.40369014520009,-0.7304062797799808],[103.41089014520009,-0.7331062797799817],[103.4162901452001,-0.7363062797799813],[103.42249014520009,-0.7405062797799822],[103.4308901452001,-0.7424062797799813],[103.43389014520008,-0.7416062797799814],[103.4376901452001,-0.7418062797799809],[103.44309014520009,-0.7442062797799807]]]]}},{"type":"Feature","properties":{"NAMA_PROP":"RIAU","NAMOBJ":"Puteri Sembilan","REMARK":null,"UUPP":"Hasil Delineasi Tahun 2018","SRS_ID":"SRGI 2013","WADMKD":"Puteri Sembilan","WADMKC":"Rupat Utara","WIADKC":null,"WADMKK":"Bengkalis","WIADKK":"Bengkalis","WADMPR":"Riau","Coastal_Candidate":true,"Coast_Distance_M":0,"Intervention":false},"geometry":{"type":"Polygon","coordinates":[[[101.7099901452001,2.080293720220018],[101.71109014520009,2.0732937202200183],[101.7116901452001,2.068893720220018],[101.71289014520009,2.0640937202200185],[101.71489014520009,2.0594937202200185],[101.71629014520009,2.0564937202200184],[101.71729014520008,2.0534937202200183],[101.71709014520009,2.050093720220019],[101.72009014520009,2.0495937202200185],[101.72159014520008,2.0480937202200185],[101.72229014520009,2.0450937202200183],[101.71909014520008,2.045293720220018],[101.71549014520009,2.046393720220019],[101.71269014520009,2.0468937202200177],[101.71099014520009,2.0464937202200186],[101.7090901452001,2.049393720220019],[101.7043901452001,2.0503937202200184],[101.70169014520009,2.0491937202200177],[101.69849014520008,2.0483937202200178],[101.69699014520009,2.050993720220019],[101.69809014520008,2.0529937202200177],[101.69959014520009,2.054693720220019],[101.69699014520009,2.055893720220018],[101.69339014520008,2.0555937202200187],[101.67179014520009,2.063593720220018],[101.68729014520008,2.0842937202200194],[101.69529014520009,2.082993720220019],[101.70359014520008,2.0815937202200185],[101.7099901452001,2.080293720220018]]]}},{"type":"Feature","properties":{"NAMA_PROP":"RIAU","NAMOBJ":"Putri Puyu","REMARK":null,"UUPP":"Hasil Delineasi Tahun 2018","SRS_ID":"SRGI 2013","WADMKD":"Putri Puyu","WADMKC":"Tasik Putri Puyu","WIADKC":"Tasik Putri Puyu","WADMKK":"Kepulauan Meranti","WIADKK":"Kepulauan Meranti","WADMPR":"Riau","Coastal_Candidate":true,"Coast_Distance_M":0,"Intervention":false},"geometry":{"type":"Polygon","coordinates":[[[102.33959014520009,1.359293720220018],[102.33089014520009,1.3460937202200185],[102.32119014520009,1.3311937202200177],[102.31929014520009,1.3282937202200191],[102.31169014520009,1.3376937202200185],[102.28139014520009,1.374793720220019],[102.28849014520009,1.384793720220019],[102.29019014520009,1.3871937202200186],[102.29509014520009,1.3939937202200188],[102.30339014520008,1.4015937202200188],[102.30509014520008,1.3994937202200184],[102.30749014520009,1.3960937202200192],[102.30769014520008,1.3936937202200177],[102.3126901452001,1.386693720220018],[102.31649014520009,1.382493720220019],[102.3190901452001,1.3796937202200183],[102.32229014520009,1.3787937202200187],[102.32439014520008,1.3772937202200186],[102.32589014520009,1.375293720220018],[102.32669014520009,1.3720937202200183],[102.33749014520009,1.3614937202200181],[102.33959014520009,1.359293720220018]]]}},{"type":"Feature","properties":{"NAMA_PROP":"RIAU","NAMOBJ":"Rawa Mekar Jaya","REMARK":null,"UUPP":"Hasil Delineasi Tahun 2018","SRS_ID":"SRGI 2013","WADMKD":"Rawa Mekar Jaya","WADMKC":"Sungai Apit","WIADKC":"Sungai Apit","WADMKK":"Siak","WIADKK":"Siak","WADMPR":"Riau","Coastal_Candidate":true,"Coast_Distance_M":0,"Intervention":false},"geometry":{"type":"Polygon","coordinates":[[[102.35619014520009,0.8743937202200183],[102.35169014520008,0.8692937202200177],[102.34639014520009,0.8621937202200183],[102.35159014520009,0.8470937202200179],[102.3507901452001,0.8344937202200189],[102.33309014520009,0.6480937202200181],[102.32859014520008,0.6536937202200193],[102.32109014520009,0.6630937202200187],[102.30979014520008,0.677093720220018],[102.30599014520008,0.6818937202200193],[102.29749014520009,0.6925937202200192],[102.29549014520009,0.6949937202200189],[102.29309014520008,0.697993720220019],[102.28559014520009,0.7089937202200183],[102.2882901452001,0.7108937202200192],[102.29089014520008,0.7110937202200187],[102.29349014520008,0.7103937202200186],[102.29569014520008,0.7115937202200193],[102.29909014520008,0.7130937202200194],[102.30289014520008,0.715193720220018],[102.30509014520008,0.7161937202200193],[102.3075901452001,0.7156937202200186],[102.31009014520009,0.7144937202200179],[102.31429014520009,0.7137937202200177],[102.31809014520009,0.7129937202200178],[102.32179014520008,0.7120937202200182],[102.3238901452001,0.714793720220019],[102.32439014520008,0.7170937202200189],[102.32489014520009,0.7196937202200182],[102.3246901452001,0.7234937202200182],[102.32359014520009,0.7259937202200177],[102.32259014520008,0.7286937202200185],[102.3212901452001,0.730793720220019],[102.3203901452001,0.7333937202200183],[102.31929014520009,0.7363937202200184],[102.31839014520008,0.739193720220019],[102.31729014520009,0.7425937202200181],[102.31749014520008,0.7471937202200181],[102.31679014520009,0.7510937202200179],[102.31479014520009,0.7544937202200188],[102.31279014520008,0.7569937202200183],[102.31039014520009,0.7594937202200178],[102.30979014520008,0.762793720220019],[102.30809014520008,0.766293720220018],[102.30609014520009,0.7692937202200181],[102.30449014520009,0.7721937202200184],[102.30359014520009,0.7753937202200181],[102.30279014520009,0.778493720220018],[102.30189014520009,0.7817937202200191],[102.3015901452001,0.784893720220019],[102.30209014520008,0.7873937202200185],[102.3032901452001,0.7897937202200183],[102.30389014520009,0.7915937202200194],[102.30469014520008,0.7937937202200178],[102.30579014520009,0.7957937202200185],[102.30689014520009,0.7979937202200187],[102.30719014520008,0.8012937202200181],[102.30749014520009,0.8045937202200193],[102.30849014520008,0.8060937202200193],[102.31079014520009,0.8080937202200182],[102.31279014520008,0.8110937202200184],[102.31449014520008,0.8151937202200177],[102.31689014520009,0.8181937202200178],[102.31899014520009,0.8211937202200179],[102.31939014520009,0.8249937202200179],[102.32009014520008,0.8278937202200183],[102.32199014520009,0.8296937202200176],[102.32249014520009,0.8319937202200194],[102.3238901452001,0.8342937202200194],[102.32569014520008,0.8371937202200179],[102.3263901452001,0.8399937202200185],[102.32799014520009,0.8427937202200191],[102.3306901452001,0.8452937202200186],[102.33209014520008,0.8488937202200191],[102.33299014520009,0.8531937202200179],[102.33219014520009,0.8551937202200186],[102.33169014520008,0.8591937202200182],[102.33429014520009,0.8615937202200179],[102.3323901452001,0.8637937202200181],[102.3306901452001,0.8666937202200184],[102.3332901452001,0.8701937202200192],[102.33199014520008,0.8720937202200183],[102.32979014520009,0.8725937202200189],[102.32699014520009,0.870693720220018],[102.32569014520008,0.8725937202200189],[102.32499014520009,0.8757937202200186],[102.32379014520009,0.8794937202200188],[102.32269014520008,0.8821937202200179],[102.32629014520009,0.881693720220019],[102.32829014520009,0.879393720220019],[102.32949014520008,0.877893720220019],[102.33609014520009,0.8814937202200177],[102.33969014520008,0.8791937202200177],[102.3426901452001,0.8823937202200192],[102.34489014520008,0.8842937202200183],[102.34669014520009,0.8865937202200183],[102.34879014520008,0.8834937202200184],[102.35049014520008,0.8812937202200182],[102.35189014520009,0.879393720220019],[102.35359014520009,0.8774937202200181],[102.35619014520009,0.8743937202200183]]]}},{"type":"Feature","properties":{"NAMA_PROP":"RIAU","NAMOBJ":"Repan","REMARK":null,"UUPP":"Hasil Delineasi Tahun 2018","SRS_ID":"SRGI 2013","WADMKD":"Repan","WADMKC":"Rangsang","WIADKC":"Rangsang","WADMKK":"Kepulauan Meranti","WIADKK":"Kepulauan Meranti","WADMPR":"Riau","Coastal_Candidate":true,"Coast_Distance_M":0,"Intervention":false},"geometry":{"type":"Polygon","coordinates":[[[102.93329014520009,1.0129937202200185],[102.9274901452001,0.9879937202200182],[102.92479014520009,0.9782937202200177],[102.92309014520009,0.9720937202200179],[102.92549014520009,0.9650937202200183],[102.92709014520008,0.9606937202200179],[102.92709014520008,0.9579937202200188],[102.92729014520009,0.9480937202200188],[102.92739014520009,0.9444937202200183],[102.92689014520009,0.9382937202200186],[102.92429014520009,0.940393720220019],[102.92159014520008,0.9427937202200187],[102.91819014520009,0.9452937202200182],[102.91479014520009,0.9470937202200194],[102.91169014520008,0.949193720220018],[102.90769014520009,0.9518937202200188],[102.90489014520008,0.9535937202200184],[102.90189014520008,0.9554937202200193],[102.89879014520008,0.9576937202200178],[102.8965901452001,0.9591937202200178],[102.89459014520008,0.9600937202200193],[102.89599014520009,0.9623937202200192],[102.89949014520009,0.9638937202200193],[102.90419014520009,0.9670937202200189],[102.90809014520009,0.9704937202200181],[102.90319014520009,0.9847937202200185],[102.90339014520009,0.9894937202200182],[102.90539014520009,1.0011937202200176],[102.91619014520009,1.0184937202200182],[102.91849014520008,1.017793720220018],[102.93329014520009,1.0129937202200185]]]}},{"type":"Feature","properties":{"NAMA_PROP":"RIAU","NAMOBJ":"Sebauk","REMARK":null,"UUPP":"Hasil Delineasi Tahun 2018","SRS_ID":"SRGI 2013","WADMKD":"Sebauk","WADMKC":"Bengkalis","WIADKC":null,"WADMKK":"Bengkalis","WIADKK":"Bengkalis","WADMPR":"Riau","Coastal_Candidate":true,"Coast_Distance_M":0,"Intervention":false},"geometry":{"type":"Polygon","coordinates":[[[102.09539014520008,1.595893720220019],[102.07689014520008,1.529593720220019],[102.07309014520008,1.5248937202200192],[102.06779014520009,1.5189937202200188],[102.06209014520009,1.5136937202200187],[102.05909014520009,1.5114937202200185],[102.05719014520008,1.5103937202200193],[102.05479014520009,1.5094937202200178],[102.0515901452001,1.5130937202200183],[102.04909014520008,1.5157937202200191],[102.04709014520009,1.5178937202200178],[102.04479014520008,1.5204937202200188],[102.04199014520009,1.5229937202200183],[102.05099014520009,1.5259937202200184],[102.05959014520009,1.5289937202200186],[102.0626901452001,1.5298937202200182],[102.06389014520009,1.5326937202200188],[102.07289014520009,1.5562937202200189],[102.08569014520009,1.5984937202200182],[102.08899014520009,1.5975937202200186],[102.09169014520009,1.5967937202200186],[102.09539014520008,1.595893720220019]]]}},{"type":"Feature","properties":{"NAMA_PROP":"RIAU","NAMOBJ":"Seberang Pulau Kijang","REMARK":null,"UUPP":"Hasil Delineasi Tahun 2018","SRS_ID":"SRGI 2013","WADMKD":"Seberang Pulau Kijang","WADMKC":"Reteh","WIADKC":null,"WADMKK":"Indragiri Hilir","WIADKK":null,"WADMPR":"Riau","Coastal_Candidate":true,"Coast_Distance_M":0,"Intervention":false},"geometry":{"type":"Polygon","coordinates":[[[103.36569014520009,-0.648006279779981],[103.36729014520009,-0.6501062797799815],[103.37169014520009,-0.6515062797799818],[103.3760901452001,-0.6521062797799821],[103.38029014520009,-0.6515062797799818],[103.38749014520009,-0.6505062797799823],[103.3974901452001,-0.6500062797799817],[103.40209014520009,-0.6516062797799815],[103.40509014520009,-0.6545062797799819],[103.41249014520008,-0.6632062797799811],[103.41529014520009,-0.6694062797799809],[103.41509014520008,-0.6754062797799811],[103.40219014520008,-0.6739062797799811],[103.38489014520009,-0.6707062797799814],[103.35489014520009,-0.6684062797799815],[103.35229014520009,-0.6691062797799816],[103.34019014520008,-0.6729062797799816],[103.33269014520009,-0.6756062797799807],[103.3233901452001,-0.6790062797799816],[103.31409014520008,-0.682306279779981],[103.28749014520008,-0.6867062797799814],[103.28329014520008,-0.6865062797799819],[103.2792901452001,-0.6863062797799824],[103.27969014520009,-0.6804062797799819],[103.27999014520009,-0.6767062797799817],[103.28009014520009,-0.6739062797799811],[103.27749014520009,-0.6729062797799816],[103.27469014520008,-0.673506279779982],[103.27099014520009,-0.6745062797799815],[103.26599014520009,-0.6765062797799821],[103.2613901452001,-0.6782062797799817],[103.25799014520008,-0.6792062797799812],[103.25359014520009,-0.6798062797799815],[103.24869014520009,-0.6800062797799811],[103.24479014520008,-0.6799062797799813],[103.23979014520009,-0.6805062797799817],[103.23679014520009,-0.6816062797799809],[103.2347901452001,-0.6824062797799808],[103.23249014520009,-0.6855062797799807],[103.22779014520009,-0.6853062797799812],[103.21149014520009,-0.6836062797799816],[103.20799014520009,-0.6843062797799817],[103.2043901452001,-0.6851062797799816],[103.1962901452001,-0.6865062797799819],[103.18849014520009,-0.6874062797799816],[103.1859901452001,-0.6873062797799818],[103.1863901452001,-0.6841062797799822],[103.18569014520008,-0.6787062797799823],[103.1851901452001,-0.6750062797799821],[103.18399014520008,-0.6717062797799809],[103.18269014520008,-0.6689062797799821],[103.1816901452001,-0.6657062797799806],[103.18139014520008,-0.6631062797799814],[103.18329014520009,-0.6622062797799817],[103.18879014520009,-0.6612062797799823],[103.20129014520009,-0.6600062797799815],[103.2039901452001,-0.659806279779982],[103.2193901452001,-0.6597062797799822],[103.2351901452001,-0.6595062797799809],[103.2394901452001,-0.6595062797799809],[103.24859014520008,-0.6589062797799823],[103.25259014520009,-0.6586062797799812],[103.2630901452001,-0.657506279779982],[103.28469014520009,-0.6569062797799816],[103.29239014520009,-0.6572062797799809],[103.29489014520009,-0.6573062797799807],[103.29739014520008,-0.6573062797799807],[103.30119014520008,-0.6577062797799815],[103.30559014520009,-0.6581062797799824],[103.30919014520009,-0.6591062797799818],[103.31279014520008,-0.6599062797799817],[103.31629014520009,-0.6606062797799819],[103.32109014520009,-0.6607062797799816],[103.3238901452001,-0.6578062797799813],[103.32629014520009,-0.6548062797799812],[103.3276901452001,-0.6523062797799817],[103.32909014520008,-0.6508062797799816],[103.33429014520009,-0.652606279779981],[103.33769014520009,-0.6486062797799814],[103.34369014520009,-0.6443062797799808],[103.34749014520008,-0.644206279779981],[103.35279014520009,-0.6440062797799815],[103.35699014520009,-0.6443062797799808],[103.36199014520008,-0.6463062797799815],[103.36569014520009,-0.648006279779981]]]}},{"type":"Feature","properties":{"NAMA_PROP":"RIAU","NAMOBJ":"Segomeng","REMARK":null,"UUPP":"Hasil Delineasi Tahun 2018","SRS_ID":"SRGI 2013","WADMKD":"Segomeng","WADMKC":"Rangsang Barat","WIADKC":"Rangsang Barat","WADMKK":"Kepulauan Meranti","WIADKK":"Kepulauan Meranti","WADMPR":"Riau","Coastal_Candidate":true,"Coast_Distance_M":0,"Intervention":false},"geometry":{"type":"Polygon","coordinates":[[[102.70429014520009,1.0468937202200177],[102.69879014520009,1.0453937202200176],[102.69609014520009,1.0458937202200183],[102.69279014520009,1.0449937202200186],[102.68709014520009,1.0426937202200186],[102.68439014520008,1.0428937202200181],[102.68069014520009,1.0426937202200186],[102.67819014520009,1.0430937202200177],[102.68039014520009,1.0461937202200193],[102.68239014520009,1.0489937202200181],[102.68479014520008,1.0513937202200179],[102.68799014520009,1.053993720220019],[102.68659014520009,1.057393720220018],[102.68389014520008,1.0608937202200188],[102.68249014520009,1.0623937202200189],[102.67889014520009,1.0651937202200177],[102.6739901452001,1.0673937202200179],[102.66909014520009,1.0702937202200182],[102.66669014520009,1.0723937202200187],[102.66699014520009,1.0771937202200181],[102.66739014520009,1.0811937202200177],[102.66779014520009,1.083393720220018],[102.67049014520009,1.0822937202200187],[102.67249014520009,1.0814937202200188],[102.67479014520009,1.0804937202200193],[102.6782901452001,1.0792937202200186],[102.68189014520009,1.0777937202200185],[102.68509014520009,1.0770937202200184],[102.68789014520009,1.0763937202200182],[102.69099014520009,1.075293720220019],[102.69569014520009,1.072993720220019],[102.69779014520009,1.0679937202200183],[102.69919014520009,1.0640937202200185],[102.70039014520009,1.060093720220019],[102.70429014520009,1.0468937202200177]]]}},{"type":"Feature","properties":{"NAMA_PROP":"RIAU","NAMOBJ":"Sei Alam","REMARK":null,"UUPP":"Hasil Delineasi Tahun 2018","SRS_ID":"SRGI 2013","WADMKD":"Sei Alam","WADMKC":"Bengkalis","WIADKC":null,"WADMKK":"Bengkalis","WIADKK":"Bengkalis","WADMPR":"Riau","Coastal_Candidate":true,"Coast_Distance_M":0,"Intervention":false},"geometry":{"type":"Polygon","coordinates":[[[102.15479004400005,1.4478038140000546],[102.15411993600004,1.4473764070001571],[102.15301757508958,1.4470597404392669],[102.15300704930083,1.44616459515499],[102.15280941700009,1.446009312000132],[102.1524719490002,1.4460448350001442],[102.15174372700017,1.4460803580001185],[102.15089117500015,1.4463467810002357],[102.15032289500004,1.446614207000157],[102.15028728400017,1.4466309650001175],[102.14929264000011,1.446826341000087],[102.14794276600021,1.4473059020000751],[102.14762305900013,1.447625609000162],[102.14744544400027,1.4475368010001068],[102.14633535000006,1.4477765810000334],[102.14574160378271,1.447867926628537],[102.14619014520007,1.4521937202201078],[102.1462901452001,1.4558937202200533],[102.1467901452001,1.4589937202200416],[102.1480901452001,1.4621937202200328],[102.14939014520009,1.4673937202200213],[102.14999014520009,1.4698937202200164],[102.1512901452001,1.4738937202200406],[102.15299014520009,1.4757937202200517],[102.1562901452001,1.4795937202200422],[102.1579901452001,1.4816937202200418],[102.16389014520009,1.4887937202200174],[102.1657901452001,1.4909937202200234],[102.16929014520011,1.4957937202200224],[102.17749014520011,1.496093720220032],[102.18639014520011,1.4960937202200206],[102.18939014520011,1.4949937202200236],[102.1785901452001,1.4739937202200408],[102.17579014520008,1.4664937202200377],[102.1748901452001,1.4631937202200436],[102.17349014520009,1.462193720220018],[102.17499014520008,1.458793720220018],[102.1643901452001,1.4568937202200258],[102.1598901452001,1.455593720220042],[102.1566901452001,1.4529937202200458],[102.1553901452001,1.4491937202200322],[102.15479004400005,1.4478038140000546]]]}},{"type":"Feature","properties":{"NAMA_PROP":"RIAU","NAMOBJ":"Sei Bakau","REMARK":null,"UUPP":"Hasil Delineasi Tahun 2018","SRS_ID":"SRGI 2013","WADMKD":"Sei Bakau","WADMKC":"Sinaboi","WIADKC":null,"WADMKK":"Rokan Hilir","WIADKK":null,"WADMPR":"Riau","Coastal_Candidate":true,"Coast_Distance_M":18,"Intervention":false},"geometry":{"type":"Polygon","coordinates":[[[100.99439014520009,2.2918937202200187],[101.00089014520009,2.278793720220019],[100.99869014520009,2.278493720220018],[100.9907901452001,2.280393720220019],[100.99329014520009,2.275493720220018],[100.98899014520009,2.2750937202200188],[100.98919014520008,2.2713937202200185],[100.9894901452001,2.268193720220019],[100.9881901452001,2.264693720220018],[100.98679014520009,2.261793720220018],[100.9864901452001,2.2590937202200188],[100.98929014520009,2.258693720220018],[100.99369014520009,2.256693720220019],[100.99469014520008,2.2542937202200193],[100.99349014520008,2.2515937202200185],[100.99329014520009,2.247593720220019],[100.99599014520008,2.2446937202200186],[100.99499014520009,2.241793720220018],[100.9933901452001,2.238793720220018],[100.99639014520008,2.2400937202200186],[100.99689014520008,2.236893720220019],[100.99699014520009,2.2332937202200185],[100.99729014520008,2.230493720220018],[100.99999014520009,2.228593720220019],[100.9976901452001,2.2263937202200186],[100.99649014520008,2.2229937202200176],[100.9954901452001,2.220793720220019],[100.99649014520008,2.218293720220018],[100.99519014520008,2.2156937202200186],[100.99359014520009,2.2134937202200184],[100.99559014520008,2.210993720220019],[100.99569014520009,2.2072937202200187],[100.99659014520009,2.2039937202200193],[100.99629014520009,2.2001937202200192],[100.99739014520009,2.1974937202200184],[100.99829014520009,2.1936937202200184],[100.99859014520008,2.190093720220018],[100.9984901452001,2.1866937202200187],[100.99909014520009,2.1829937202200185],[101.00079014520009,2.1784937202200183],[101.0014901452001,2.1738937202200184],[101.00199014520008,2.170593720220019],[101.00349014520009,2.1670937202200182],[101.00389014520009,2.1638937202200186],[101.00479014520009,2.1601937202200183],[101.00519014520009,2.1570937202200184],[101.00639014520009,2.154293720220018],[101.00549014520008,2.1517937202200184],[101.00429014520009,2.1493937202200186],[101.00329014520008,2.144593720220019],[100.9988901452001,2.129893720220018],[100.9988901452001,2.096693720220019],[100.9890901452001,2.096393720220018],[100.98389014520009,2.096293720220018],[100.97669014520008,2.0960937202200185],[100.97139014520009,2.095793720220019],[100.9693901452001,2.095793720220019],[100.96369014520009,2.0956937202200177],[100.95649014520009,2.096293720220018],[100.9488901452001,2.0979937202200176],[100.94149014520009,2.1982937202200183],[100.94159014520008,2.202193720220018],[100.94169014520008,2.206093720220018],[100.94189014520009,2.2104937202200183],[100.94229014520009,2.2150937202200183],[100.94249014520008,2.218993720220018],[100.94269014520009,2.223193720220019],[100.94279014520009,2.2271937202200185],[100.94129014520009,2.2298937202200193],[100.9376901452001,2.2320937202200177],[100.93729014520008,2.2346937202200188],[100.93759014520009,2.237993720220018],[100.93729014520008,2.2420937202200193],[100.9389901452001,2.246493720220018],[100.94219014520009,2.2485937202200184],[100.94359014520009,2.250693720220019],[100.94419014520008,2.2530937202200185],[100.94319014520009,2.255993720220019],[100.94279014520009,2.258893720220019],[100.94209014520008,2.2610937202200176],[100.94229014520009,2.2645937202200184],[100.94339014520008,2.2671937202200176],[100.94169014520008,2.2698937202200185],[100.94009014520009,2.273093720220018],[100.94259014520009,2.275393720220018],[100.9419901452001,2.278493720220018],[100.94149014520009,2.2809937202200192],[100.94139014520009,2.284993720220019],[100.93949014520008,2.2873937202200185],[100.93959014520009,2.290693720220018],[100.93919014520009,2.293993720220019],[100.9393901452001,2.296293720220019],[100.94129014520009,2.299293720220019],[100.9470901452001,2.298693720220019],[100.95069014520008,2.2988937202200184],[100.95449014520008,2.2988937202200184],[100.9590901452001,2.2980937202200185],[100.96389014520008,2.2976937202200194],[100.96889014520009,2.297093720220019],[100.97399014520009,2.298993720220018],[100.97759014520008,2.2980937202200185],[100.97979014520008,2.2971937202200188],[100.98259014520009,2.296693720220018],[100.98589014520009,2.295293720220018],[100.98979014520009,2.293193720220019],[100.99439014520009,2.2918937202200187]]]}},{"type":"Feature","properties":{"NAMA_PROP":"RIAU","NAMOBJ":"Sei Besar","REMARK":null,"UUPP":"Hasil Delineasi Tahun 2018","SRS_ID":"SRGI 2013","WADMKD":"Sei Besar","WADMKC":"Pekaitan","WIADKC":null,"WADMKK":"Rokan Hilir","WIADKK":null,"WADMPR":"Riau","Coastal_Candidate":true,"Coast_Distance_M":219.4,"Intervention":false},"geometry":{"type":"Polygon","coordinates":[[[100.77649014520009,2.079093720220019],[100.76719014520009,2.052893720220018],[100.7685901452001,2.049393720220019],[100.77049014520009,2.0464937202200186],[100.77239014520009,2.0434937202200185],[100.77449014520009,2.040993720220019],[100.78389014520009,2.0251937202200185],[100.78569014520009,2.022393720220018],[100.7869901452001,2.020493720220019],[100.7887901452001,2.018193720220019],[100.7912901452001,2.0156937202200194],[100.79309014520008,2.013993720220018],[100.79519014520008,2.0122937202200184],[100.79779014520008,2.008893720220019],[100.79939014520009,2.0053937202200185],[100.80119014520008,2.002893720220019],[100.80299014520008,2.001293720220019],[100.79589014520009,1.997193720220018],[100.77669014520009,2.000593720220019],[100.76399014520008,2.0076937202200185],[100.75169014520009,2.013593720220019],[100.74039014520008,2.018093720220019],[100.73529014520008,2.0202937202200193],[100.74579014520009,2.050593720220018],[100.74669014520009,2.052893720220018],[100.74739014520009,2.0548937202200186],[100.74809014520008,2.056593720220018],[100.74909014520009,2.0595937202200183],[100.75049014520009,2.0629937202200193],[100.7471901452001,2.065393720220019],[100.74479014520008,2.0662937202200187],[100.74149014520009,2.067393720220018],[100.73759014520009,2.0686937202200184],[100.73549014520009,2.070393720220018],[100.73679014520009,2.0738937202200187],[100.7377901452001,2.077193720220018],[100.73849014520009,2.079593720220018],[100.74029014520009,2.082193720220019],[100.74209014520008,2.0853937202200186],[100.74409014520009,2.087993720220018],[100.7454901452001,2.089693720220019],[100.74929014520009,2.088193720220019],[100.75809014520009,2.0854937202200183],[100.7638901452001,2.084093720220018],[100.76709014520009,2.0842937202200194],[100.7698901452001,2.082993720220019],[100.7732901452001,2.0811937202200177],[100.77649014520009,2.079093720220019]]]}},{"type":"Feature","properties":{"NAMA_PROP":"RIAU","NAMOBJ":"Sekodi","REMARK":null,"UUPP":"Hasil Delineasi Tahun 2018","SRS_ID":"SRGI 2013","WADMKD":"Sekodi","WADMKC":"Bengkalis","WIADKC":null,"WADMKK":"Bengkalis","WIADKK":"Bengkalis","WADMPR":"Riau","Coastal_Candidate":true,"Coast_Distance_M":0,"Intervention":false},"geometry":{"type":"Polygon","coordinates":[[[102.50425620700008,1.3076649930000832],[102.50426698100006,1.307485270000038],[102.50427396800006,1.3073630470000348],[102.50426788221161,1.3073417467872324],[102.50416739900005,1.3069900560000676],[102.50425620700008,1.306634826000069],[102.50429458700006,1.3065292810000593],[102.50432725300004,1.3064394490000368],[102.50432725300006,1.3060664580000332],[102.5044871060001,1.3056224200000297],[102.50448710600006,1.305249429000046],[102.50461143700005,1.3049297220000786],[102.50480681300012,1.3046988230000183],[102.50454039100005,1.3044324000000451],[102.50459413300008,1.304124605000026],[102.50463807900007,1.3038729130000262],[102.50451374900007,1.3037663440000489],[102.50454927200008,1.3035709670000393],[102.50476241000013,1.3033400680000766],[102.50481569400006,1.3030558840000548],[102.50488674000007,1.3028960300000507],[102.50499330900006,1.302753938000016],[102.50485121700007,1.302558562000048],[102.50497554800006,1.3022388550000454],[102.50504659400008,1.3019013860000836],[102.50508211700009,1.3015816790000607],[102.50504659400008,1.301208688000031],[102.50488674000007,1.3008534580000808],[102.50501107100008,1.300569274000049],[102.50502324710436,1.3005550684871339],[102.50511764000004,1.300444943000071],[102.50529525500009,1.3002850900000535],[102.50529525500006,1.3000719520000634],[102.50536630100004,1.2998588140000567],[102.50545510800005,1.2995391070000295],[102.50521957100005,1.298864985000064],[102.50519756600005,1.2988020050000437],[102.50519756600005,1.298588867000051],[102.50526861200007,1.298375729000062],[102.50525085100008,1.297967214000062],[102.50530413500007,1.2978073610000331],[102.50533965800008,1.297558700000032],[102.50525085100008,1.2972567540000453],[102.50521532800009,1.29695480900005],[102.50542846600008,1.296723909000053],[102.50565936500004,1.2964397250000421],[102.50578369600004,1.2961200180000652],[102.50564160400006,1.2958180730000344],[102.50564160400006,1.2956049350000427],[102.50564160400006,1.2952674660000378],[102.50565936500004,1.2949477590000402],[102.50578369600005,1.2947701440000647],[102.50581921900007,1.294557006000055],[102.50585474200007,1.2943438680000763],[102.50596131100008,1.2941129690000415],[102.50606788000005,1.2936689310000729],[102.50613004500008,1.2936067660000727],[102.50609452200005,1.2932160130000638],[102.50602347600005,1.2929673520000644],[102.5060412380001,1.2926298840000834],[102.50614780700005,1.2924877920000315],[102.50614780700005,1.2921858460000575],[102.50634318300007,1.2919727080000514],[102.50632542200009,1.2917950930000723],[102.50634318300008,1.291528671000015],[102.50648527500005,1.291315533000037],[102.50660960600004,1.2909958260000256],[102.5066096060001,1.2907116420000773],[102.50655632100006,1.2903919350000796],[102.50664512900005,1.2900367050000452],[102.50660960600004,1.2897347590000585],[102.50660960600005,1.2893262450000456],[102.50669841300005,1.2890065380000146],[102.50680498200008,1.2888289230000753],[102.5069559550001,1.2886069040000783],[102.50697371600006,1.2882339130000566],[102.50686714700004,1.287896444000089],[102.50683162400013,1.2875234530000785],[102.50677834000004,1.2870261310000901],[102.50676057800007,1.2865820930000418],[102.50676057800007,1.2863511940000862],[102.50672505500006,1.2859959640000536],[102.50665400900004,1.2854453570000923],[102.50665400900004,1.284717136000023],[102.50684938600006,1.2844684750000643],[102.50692043200007,1.2840244370000289],[102.50691155100012,1.28344718800002],[102.50689378900006,1.2831630040000672],[102.50689378900006,1.282790013000068],[102.5070003580001,1.2825413520000661],[102.50712468900008,1.2822216450000843],[102.50707140400006,1.2819729840000471],[102.50707140400006,1.2815999920000773],[102.50707140400006,1.2811559550000255],[102.50717797300007,1.2806941560000595],[102.50719573500004,1.2801080270000558],[102.50717797300007,1.2797350350000454],[102.50716021200007,1.279326521000035],[102.50719573500005,1.2790423370000334],[102.50718685400007,1.278358519000041],[102.50729342300008,1.278198665000068],[102.50741775400007,1.2778079120000636],[102.5074532770001,1.2775592510000628],[102.50734670800007,1.277310590000065],[102.5075420840001,1.277008645000019],[102.50754208400008,1.2768487910000337],[102.50748880000005,1.2766356530000544],[102.50748880000005,1.2764402770000856],[102.50752432300006,1.276244900000076],[102.50739999200006,1.2759607160000523],[102.50748880000003,1.2755877250000298],[102.50759536900006,1.275321302000073],[102.50757760700009,1.2751081640000725],[102.50750656100007,1.2748239800000967],[102.50751486200005,1.2748115290000277],[102.50764865300005,1.274610842000088],[102.50775522200009,1.2742733740001062],[102.50782626800012,1.2738648590000885],[102.50794171800005,1.2731632800000638],[102.50792395600007,1.2728258120000824],[102.50781738700006,1.272310728000038],[102.50792395600008,1.2719022140000413],[102.50788843300006,1.2713871300000539],[102.50790619500006,1.270889808000074],[102.50792395600008,1.2705168170000394],[102.50792395600007,1.269948449000026],[102.50803052500004,1.269202466000035],[102.50793283700006,1.268003565000093],[102.50796836000006,1.267452958000036],[102.50795059900013,1.267008921000064],[102.50802164500003,1.266635929000072],[102.5080749290001,1.2662806990000721],[102.50806741668738,1.2661154239185464],[102.50808163241703,1.266094862654318],[102.50810433705963,1.2660174407870002],[102.50810325249846,1.265968468734762],[102.50805500669573,1.26585320501347],[102.50803940600008,1.2655880010000438],[102.50784403000007,1.2654636700000652],[102.50784402998764,1.2652238414708052],[102.5079048984724,1.2651357617692096],[102.50793909170645,1.2650718810237387],[102.50809269100006,1.264984110000069],[102.50821702100006,1.2648420180000282],[102.50823478300003,1.264682164000024],[102.50816153686408,1.2642719880718898],[102.5082000345294,1.2641520614368553],[102.5082000662835,1.2641187308024928],[102.50830582900005,1.2639894660000737],[102.5082880670001,1.2638473740000293],[102.50821702100009,1.2636697590000177],[102.50803052500004,1.2628616110000777],[102.5079950020001,1.2627728030000698],[102.5081171184224,1.2626506865744445],[102.50817261700007,1.262595188000059],[102.50840351700003,1.2625596650000286],[102.50850929384076,1.2624433107682393],[102.50858113200007,1.2623642890000566],[102.50859889300006,1.2617426360000648],[102.50851008600006,1.2614406910000737],[102.5081193330001,1.2611209840000792],[102.50815667955813,1.2609591470234789],[102.50823204063582,1.2608901638601009],[102.50827815626242,1.2608040706118515],[102.50832356366897,1.2606974036262895],[102.50834544121665,1.2606296797183416],[102.50835598337379,1.2605455137210684],[102.5083545108445,1.2605262972334828],[102.50834816033108,1.2604434230575032],[102.5082973797213,1.2602975975273991],[102.50822053656195,1.2601916099183157],[102.50814937131697,1.2600651256643083],[102.50812117013696,1.259972850690176],[102.50811222261616,1.2598635096404613],[102.508112237361,1.2598631436081023],[102.50811685866522,1.259748488854439],[102.50815882922122,1.2596380576109647],[102.50823798855161,1.2595462826498236],[102.50835362538503,1.2594268138571354],[102.50840351697526,1.2593376582710178],[102.50840351700005,1.259167219000071],[102.50845358428285,1.258960691131453],[102.50854560900007,1.2585810890000844],[102.50852784700005,1.2579949600000722],[102.50845952520616,1.2576647378631813],[102.50844998865836,1.2576186444768174],[102.5084212780001,1.257479876000045],[102.50854560900007,1.2569115080000333],[102.50840351700005,1.2561477640000525],[102.50815485600003,1.255366258000018],[102.50785291000008,1.255028789000053],[102.50755096500006,1.2547446050000413],[102.50710692700005,1.2544781830000664],[102.50676945900005,1.2544248980000243],[102.50652079800005,1.2543538520000597],[102.50628989900011,1.254034145000047],[102.5060767610001,1.2535901080000384],[102.50587368000004,1.2534026490000783],[102.50584586100008,1.2531105470000745],[102.50550839300008,1.2528974090000868],[102.50511764000004,1.2527020330000727],[102.50492226300008,1.2525421790000757],[102.50486897900004,1.2522579950000468],[102.50476241000007,1.2518672420000745],[102.50470912500005,1.2515475350000709],[102.50469136400005,1.251121259000051],[102.50442494100007,1.2510146900000478],[102.50406971100006,1.2509081210000792],[102.50364343500007,1.25090812100008],[102.50331701130833,1.2509202111280096],[102.50324356889267,1.251417169318029],[102.50322368594372,1.2515329838355043],[102.5007901452001,1.2517937202200096],[102.4977901452001,1.25309372022006],[102.4943901452001,1.2542937202200186],[102.49129014520008,1.2568937202200186],[102.48869014520008,1.2592937202200263],[102.4855901452001,1.26209372022002],[102.48239014520009,1.264493720220043],[102.47979014520008,1.2663937202200408],[102.47689014520009,1.2684937202200122],[102.47349014520009,1.2708937202200281],[102.47089014520009,1.2727937202200472],[102.4673901452001,1.2747937202200226],[102.4650901452001,1.2765937202200257],[102.4629901452001,1.2782937202200533],[102.4607901452001,1.279793720220029],[102.4578901452001,1.2816937202200218],[102.4555901452001,1.2839937202200247],[102.45679014520009,1.2860937202200198],[102.4572901452001,1.2881937202200342],[102.45849014520009,1.2894937202200145],[102.45979014520009,1.2914937202200336],[102.46069014520009,1.2939937202200544],[102.4618901452001,1.295693720220029],[102.47559014520009,1.3262937202200398],[102.4795901452001,1.3236937202200303],[102.48669014520009,1.3189937202200412],[102.4922901452001,1.3157937202200296],[102.4967901452001,1.3132937202200397],[102.49838673228344,1.3128356119420006],[102.50318272824735,1.3114594960845634],[102.50323492100006,1.3113327430000297],[102.50332372800007,1.3109952740000632],[102.50341253600006,1.310728852000083],[102.50344805900005,1.3103736220000453],[102.50360791200006,1.310036153000055],[102.50376776600007,1.3095921160000492],[102.50375888500008,1.308997105000062],[102.50390097700007,1.3088017290000578],[102.5040608300001,1.3085353060000833],[102.50398978400007,1.3080557460000293],[102.50425620700008,1.3076649930000832]],[[102.49828414529154,1.3076068205375595],[102.49835543167228,1.30733547230378],[102.49879667409365,1.307649729753197],[102.49828414529154,1.3076068205375595]]]}},{"type":"Feature","properties":{"NAMA_PROP":"RIAU","NAMOBJ":"Selat Baru","REMARK":null,"UUPP":"Hasil Delineasi Tahun 2018","SRS_ID":"SRGI 2013","WADMKD":"Selat Baru","WADMKC":"Bantan","WIADKC":null,"WADMKK":"Bengkalis","WIADKK":"Bengkalis","WADMPR":"Riau","Coastal_Candidate":true,"Coast_Distance_M":0,"Intervention":false},"geometry":{"type":"Polygon","coordinates":[[[102.2651901452001,1.5610937202200184],[102.26419014520009,1.5588937202200182],[102.26339014520009,1.5565937202200182],[102.26149014520009,1.554393720220018],[102.25829014520009,1.551693720220019],[102.25719014520008,1.5463937202200189],[102.25349014520009,1.5448937202200188],[102.24989014520008,1.5438937202200194],[102.24609014520009,1.545593720220019],[102.2424901452001,1.546793720220018],[102.23919014520008,1.5464937202200186],[102.2373901452001,1.5433937202200187],[102.23709014520009,1.5391937202200179],[102.23579014520008,1.535293720220018],[102.23489014520008,1.5311937202200188],[102.23529014520008,1.5289937202200186],[102.23429014520009,1.5268937202200181],[102.23279014520008,1.524993720220019],[102.23109014520008,1.521193720220019],[102.22949014520009,1.5183937202200184],[102.22729014520009,1.5120937202200189],[102.22389014520009,1.515493720220018],[102.2202901452001,1.519693720220019],[102.21309014520008,1.5255937202200194],[102.20959014520008,1.5262937202200177],[102.20579014520008,1.5267937202200184],[102.20369014520008,1.5298937202200182],[102.20239014520008,1.5312937202200185],[102.20029014520009,1.5328937202200184],[102.19759014520008,1.5343937202200184],[102.19999014520009,1.5373937202200185],[102.20179014520009,1.5393937202200192],[102.20279014520008,1.542493720220019],[102.20459014520009,1.545993720220018],[102.2073901452001,1.5466937202200182],[102.20949014520009,1.547893720220019],[102.21149014520009,1.5491937202200177],[102.21299014520008,1.552093720220018],[102.21229014520009,1.555193720220018],[102.21159014520009,1.5580937202200182],[102.21349014520008,1.5616937202200187],[102.21759014520009,1.5620937202200178],[102.2219901452001,1.559693720220018],[102.22529014520009,1.5579937202200185],[102.22859014520009,1.558493720220019],[102.2313901452001,1.5618937202200183],[102.23169014520009,1.565393720220019],[102.23429014520009,1.5636937202200176],[102.2373901452001,1.5632937202200186],[102.23989014520009,1.5628937202200177],[102.24269014520009,1.5628937202200177],[102.2476901452001,1.5624937202200186],[102.25009014520009,1.5624937202200186],[102.25389014520009,1.5626937202200182],[102.2570901452001,1.5629937202200193],[102.25969014520008,1.5629937202200193],[102.26249014520009,1.5624937202200186],[102.2651901452001,1.5610937202200184]]]}},{"type":"Feature","properties":{"NAMA_PROP":"RIAU","NAMOBJ":"Semukut","REMARK":null,"UUPP":"Hasil Delineasi Tahun 2018","SRS_ID":"SRGI 2013","WADMKD":"Semukut","WADMKC":"Pulaumerbau","WIADKC":"Pulau Merbau","WADMKK":"Kepulauan Meranti","WIADKK":"Kepulauan Meranti","WADMPR":"Riau","Coastal_Candidate":true,"Coast_Distance_M":0,"Intervention":false},"geometry":{"type":"Polygon","coordinates":[[[102.6024901452001,1.0358937202200185],[102.6012901452001,1.0330937202200179],[102.59969014520009,1.0266937202200186],[102.60199014520009,1.0193937202200178],[102.6020901452001,1.0170937202200179],[102.60169014520008,1.0148937202200177],[102.60289014520009,1.0110937202200176],[102.60329014520009,1.006693720220019],[102.6029901452001,1.0037937202200187],[102.60049014520008,1.0035937202200191],[102.59759014520009,1.0033937202200178],[102.59499014520009,1.0031937202200183],[102.59259014520009,1.0029937202200188],[102.58959014520009,1.0019937202200193],[102.58639014520008,1.0003937202200177],[102.58299014520009,0.9981937202200193],[102.58049014520009,0.9958937202200193],[102.5780901452001,0.9937937202200189],[102.57539014520009,0.9904937202200177],[102.57309014520008,0.9870937202200185],[102.5716901452001,0.9841937202200182],[102.5695901452001,0.9812937202200178],[102.56719014520009,0.9783937202200192],[102.56469014520009,0.9762937202200188],[102.56229014520008,0.9737937202200193],[102.5596901452001,0.9721937202200177],[102.55699014520009,0.9706937202200177],[102.55339014520008,0.969793720220018],[102.54929014520009,0.9689937202200181],[102.54589014520009,0.9681937202200182],[102.54119014520009,0.9750937202200181],[102.5387901452001,0.9787937202200183],[102.53289014520008,0.9959937202200191],[102.53389014520009,1.0064937202200177],[102.53779014520009,1.007093720220018],[102.54039014520009,1.0084937202200184],[102.54539014520009,1.0096937202200191],[102.5476901452001,1.0107937202200183],[102.55149014520009,1.012793720220019],[102.55689014520009,1.0156937202200194],[102.56029014520009,1.0179937202200193],[102.56339014520009,1.0204937202200188],[102.56619014520008,1.0217937202200194],[102.56879014520008,1.0214937202200183],[102.57069014520009,1.021593720220018],[102.57259014520008,1.0210937202200192],[102.57599014520008,1.0206937202200184],[102.57969014520009,1.022693720220019],[102.58229014520009,1.023893720220018],[102.58459014520008,1.0258937202200187],[102.58779014520009,1.0265937202200188],[102.5909901452001,1.0294937202200192],[102.59129014520009,1.0324937202200193],[102.58969014520008,1.0354937202200176],[102.59319014520008,1.0361937202200178],[102.59619014520008,1.036093720220018],[102.59959014520008,1.0381937202200184],[102.6024901452001,1.0358937202200185]]]}},{"type":"Feature","properties":{"NAMA_PROP":"RIAU","NAMOBJ":"Sendanu Darul Ihsan","REMARK":null,"UUPP":"Hasil Delineasi Tahun 2018","SRS_ID":"SRGI 2013","WADMKD":"Sendanu Darul Ihsan","WADMKC":"Tebing Tinggi Timur","WIADKC":"Tebing Tinggi Timur","WADMKK":"Kepulauan Meranti","WIADKK":"Kepulauan Meranti","WADMPR":"Riau","Coastal_Candidate":true,"Coast_Distance_M":39.5,"Intervention":false},"geometry":{"type":"Polygon","coordinates":[[[103.0245901452001,0.8379937202200178],[103.0207901452001,0.8343937202200191],[103.00989014520009,0.8136937202200176],[103.00819014520009,0.8101937202200187],[102.99759014520009,0.7893937202200192],[102.99309014520009,0.7913937202200181],[102.98109014520008,0.7960937202200178],[102.96949014520008,0.8009937202200188],[102.96459014520009,0.8028937202200179],[102.97919014520009,0.8364937202200178],[102.98119014520009,0.8398937202200187],[102.98449014520008,0.8461937202200183],[102.98689014520009,0.8500937202200181],[102.9881901452001,0.8526937202200191],[102.98979014520009,0.8554937202200179],[102.9941901452001,0.8604937202200187],[102.99709014520009,0.8587937202200191],[103.00049014520009,0.854693720220018],[103.00649014520009,0.8498937202200185],[103.01449014520009,0.8448937202200177],[103.02129014520008,0.8404937202200191],[103.0245901452001,0.8379937202200178]]]}},{"type":"Feature","properties":{"NAMA_PROP":"RIAU","NAMOBJ":"Senderek","REMARK":null,"UUPP":"Hasil Delineasi Tahun 2018","SRS_ID":"SRGI 2013","WADMKD":"Senderek","WADMKC":"Bengkalis","WIADKC":null,"WADMKK":"Bengkalis","WIADKK":"Bengkalis","WADMPR":"Riau","Coastal_Candidate":true,"Coast_Distance_M":0,"Intervention":false},"geometry":{"type":"Polygon","coordinates":[[[102.08569014520009,1.5984937202200182],[102.07289014520009,1.5562937202200189],[102.06389014520009,1.5326937202200188],[102.0626901452001,1.5298937202200182],[102.05959014520009,1.5289937202200186],[102.05099014520009,1.5259937202200184],[102.04199014520009,1.5229937202200183],[102.03899014520009,1.5255937202200194],[102.03709014520008,1.527293720220019],[102.0344901452001,1.5296937202200187],[102.03219014520009,1.5321937202200182],[102.0369901452001,1.5374937202200183],[102.03869014520009,1.5405937202200182],[102.04499014520009,1.5475937202200178],[102.06029014520009,1.5625937202200184],[102.06659014520008,1.572693720220018],[102.07229014520009,1.581093720220018],[102.07989014520008,1.6001937202200178],[102.08259014520009,1.5994937202200177],[102.08569014520009,1.5984937202200182]]]}},{"type":"Feature","properties":{"NAMA_PROP":"RIAU","NAMOBJ":"Senggoro","REMARK":null,"UUPP":"Hasil Delineasi Tahun 2018","SRS_ID":"SRGI 2013","WADMKD":"Senggoro","WADMKC":"Bengkalis","WIADKC":null,"WADMKK":"Bengkalis","WIADKK":"Bengkalis","WADMPR":"Riau","Coastal_Candidate":true,"Coast_Distance_M":0,"Intervention":false},"geometry":{"type":"Polygon","coordinates":[[[102.1422901452001,1.4941937202200128],[102.14579014520011,1.492793720220034],[102.15029014520009,1.4937937202200233],[102.1478901452001,1.489693720220032],[102.14349014520009,1.483193720220052],[102.14049014520009,1.4787937202200607],[102.1371901452001,1.4739937202200117],[102.13459014520011,1.4701937202200277],[102.1319901452001,1.4664937202200141],[102.1299901452001,1.4638937202200426],[102.1281901452001,1.4613937202200455],[102.1271901452001,1.4572937202200325],[102.12724440808205,1.456098664476439],[102.12715505914174,1.4558896491103852],[102.12650003943907,1.4555893972966987],[102.12649575600004,1.455591641000068],[102.1263536640002,1.455733733000122],[102.12619952600005,1.455779974000116],[102.12617604900015,1.4557870180001515],[102.12590962600008,1.4558047790001138],[102.12569648800019,1.4558225410001753],[102.1251814050001,1.4561244860000315],[102.12493274400005,1.4563553860001173],[102.12459527500012,1.456621808000136],[102.1242666870001,1.4567017350000873],[102.12416011800009,1.4567372580001292],[102.12400026500008,1.4568793500001254],[102.12378712700018,1.4569859190001717],[102.12350294300012,1.4570392030000898],[102.12327204300004,1.4571990570000297],[102.12298785900015,1.4573056260000665],[102.12282800600013,1.4573944329999895],[102.12259710600006,1.457589810000111],[102.12233068400003,1.4578029480001589],[102.12213530700014,1.4580160860000464],[102.12176231600006,1.458193701000107],[102.12140653100006,1.458361710000031],[102.12112290200014,1.4584956460000877],[102.1205012500002,1.4587265460000045],[102.1201460200001,1.4589041610000402],[102.11998616600005,1.4589929680002096],[102.11993288200007,1.4590107300000532],[102.11968422100018,1.4591350600000708],[102.11947108300012,1.4593837210000833],[102.1194533210001,1.4595790980001697],[102.11955989000013,1.459685667000034],[102.11955988999885,1.4597188419435354],[102.11955989000012,1.45979223600007],[102.11947108300014,1.4599165660000621],[102.11954616893782,1.4605444073974285],[102.11989014520015,1.4608937202201238],[102.12179014520011,1.4649937202200345],[102.1217901452001,1.4694937202200296],[102.12099014520008,1.4727937202200483],[102.12169014520009,1.4756937202200486],[102.1238901452001,1.4774937202200373],[102.12689014520011,1.479093720220029],[102.12819014520011,1.4816937202200293],[102.1296901452001,1.486193720220039],[102.13089014520008,1.4901937202200315],[102.13309014520009,1.4915937202200154],[102.1345901452001,1.4939937202200224],[102.13689014520008,1.4960937202200204],[102.1422901452001,1.4941937202200128]]]}},{"type":"Feature","properties":{"NAMA_PROP":"RIAU","NAMOBJ":"Sepahat","REMARK":null,"UUPP":"Hasil Delineasi Tahun 2018","SRS_ID":"SRGI 2013","WADMKD":"Sepahat","WADMKC":"Bandar Laksamana","WIADKC":null,"WADMKK":"Bengkalis","WIADKK":"Bengkalis","WADMPR":"Riau","Coastal_Candidate":true,"Coast_Distance_M":0,"Intervention":true},"geometry":{"type":"Polygon","coordinates":[[[101.89539014520008,1.5471937202200188],[101.8948901452001,1.5454937202200192],[101.89199014520008,1.5438937202200194],[101.84379014520009,1.515893720220019],[101.7274901452001,1.4485937202200176],[101.7274901452001,1.4607937202200176],[101.72739014520009,1.4779937202200184],[101.7279901452001,1.496493720220018],[101.72869014520009,1.4988937202200177],[101.72869014520009,1.516593720220019],[101.72869014520009,1.5372937202200188],[101.7287901452001,1.5509937202200188],[101.7287901452001,1.574993720220018],[101.7287901452001,1.5873937202200192],[101.75519014520009,1.6015937202200181],[101.75999014520009,1.6067937202200184],[101.7655901452001,1.6129937202200182],[101.76929014520009,1.6170937202200193],[101.77369014520009,1.6219937202200185],[101.77689014520008,1.6254937202200193],[101.78089014520009,1.630593720220018],[101.78419014520009,1.6355937202200188],[101.7865901452001,1.638593720220019],[101.78909014520009,1.6352937202200177],[101.79199014520009,1.6346937202200191],[101.79459014520009,1.6325937202200187],[101.79779014520008,1.6300937202200192],[101.80059014520009,1.6274937202200181],[101.80359014520009,1.624793720220019],[101.80659014520009,1.6218937202200188],[101.80879014520009,1.6190937202200182],[101.81059014520008,1.616893720220018],[101.81259014520009,1.6151937202200184],[101.8152901452001,1.6125937202200191],[101.8152901452001,1.6102937202200192],[101.81759014520009,1.6097937202200185],[101.8195901452001,1.607693720220018],[101.82149014520009,1.6056937202200192],[101.82369014520009,1.6033937202200192],[101.82589014520009,1.6012937202200188],[101.82799014520009,1.5992937202200181],[101.82999014520009,1.5974937202200188],[101.83219014520009,1.5953937202200184],[101.83459014520008,1.593293720220018],[101.8370901452001,1.5910937202200177],[101.83939014520008,1.5888937202200193],[101.8417901452001,1.5869937202200184],[101.84409014520008,1.5849937202200177],[101.84629014520009,1.5831937202200184],[101.8477901452001,1.5818937202200178],[101.85099014520009,1.5800937202200185],[101.8529901452001,1.5774937202200192],[101.8554901452001,1.5755937202200183],[101.85869014520009,1.574193720220018],[101.86099014520009,1.571893720220018],[101.86379014520008,1.5702937202200182],[101.86549014520008,1.5685937202200186],[101.86779014520009,1.5673937202200179],[101.86949014520009,1.565093720220018],[101.8721901452001,1.5629937202200193],[101.87489014520008,1.560493720220018],[101.87839014520009,1.5588937202200182],[101.88169014520008,1.5567937202200177],[101.88479014520009,1.5549937202200184],[101.88819014520008,1.5515937202200192],[101.89239014520008,1.5488937202200184],[101.89539014520008,1.5471937202200188]]]}},{"type":"Feature","properties":{"NAMA_PROP":"RIAU","NAMOBJ":"Serapung","REMARK":null,"UUPP":"Hasil Delineasi Tahun 2018","SRS_ID":"SRGI 2013","WADMKD":"Serapung","WADMKC":"Kuala Kampar","WIADKC":null,"WADMKK":"Pelalawan","WIADKK":null,"WADMPR":"Riau","Coastal_Candidate":true,"Coast_Distance_M":0,"Intervention":false},"geometry":{"type":"MultiPolygon","coordinates":[[[[103.04089014520008,0.539493720220019],[103.04489014520009,0.5324937202200193],[103.04889014520009,0.528493720220018],[103.05409014520009,0.523893720220018],[103.05949014520009,0.5194937202200194],[103.07669014520009,0.507893720220018],[103.08549014520008,0.49889372022001766],[103.09069014520009,0.491893720220018],[103.09449014520008,0.48509372022001784],[103.09789014520008,0.47809372022001817],[103.09989014520009,0.4710937202200185],[103.10089014520008,0.46429372022001836],[103.10009014520008,0.45849372022001766],[103.09829014520008,0.455293720220018],[103.09589014520009,0.45349372022001866],[103.08949014520009,0.44989372022001817],[103.07849014520009,0.4456937202200191],[103.07189014520009,0.44329372022001934],[103.06449014520008,0.4408937202200178],[103.05989014520009,0.439293720220018],[103.05289014520008,0.43609372022001835],[103.0472901452001,0.4328937202200187],[103.04379014520009,0.4297937202200188],[103.03219014520009,0.4511937202200187],[103.00059014520009,0.4995937202200178],[102.94599014520008,0.5877937202200183],[102.91599014520008,0.6416937202200188],[102.91279014520009,0.6505937202200194],[102.8905901452001,0.7130937202200194],[102.88779014520009,0.7163937202200188],[102.89029014520008,0.7179937202200186],[102.89259014520009,0.7190937202200178],[102.8965901452001,0.7201937202200188],[102.89949014520009,0.7196937202200182],[102.9042901452001,0.7164937202200186],[102.90969014520009,0.7114937202200178],[102.91769014520008,0.6992937202200178],[102.9222901452001,0.6916937202200177],[102.92649014520009,0.6862937202200179],[102.93329014520009,0.6836937202200186],[102.9376901452001,0.6788937202200191],[102.94149014520009,0.6730937202200185],[102.9462901452001,0.6660937202200188],[102.9526901452001,0.6590937202200191],[102.95849014520009,0.6530937202200189],[102.96529014520009,0.6454937202200188],[102.9710901452001,0.6392937202200191],[102.97509014520008,0.6358937202200181],[102.97889014520008,0.6326937202200185],[102.98209014520009,0.6294937202200188],[102.98789014520008,0.623293720220019],[102.99229014520009,0.6180937202200187],[102.99649014520008,0.613093720220018],[103.00289014520008,0.6054937202200179],[103.00669014520008,0.6010937202200193],[103.01189014520008,0.5946937202200182],[103.0168901452001,0.5858937202200192],[103.01869014520008,0.5794937202200181],[103.02189014520009,0.5690937202200193],[103.0250901452001,0.563093720220019],[103.0284901452001,0.5570937202200188],[103.03409014520008,0.5474937202200181],[103.03849014520009,0.5410937202200188],[103.04089014520008,0.539493720220019]]],[[[102.97179014520009,0.6735937202200191],[102.96929014520009,0.6702937202200179],[102.96709014520009,0.6721937202200188],[102.96579014520009,0.674393720220019],[102.96829014520009,0.6754937202200182],[102.97179014520009,0.6735937202200191]]],[[[103.10429014520008,0.6356937202200186],[103.10149014520009,0.634393720220018],[103.0994901452001,0.6381937202200181],[103.09759014520009,0.6422937202200192],[103.0952901452001,0.6464937202200183],[103.09389014520009,0.6492937202200189],[103.09399014520008,0.6519937202200179],[103.09519014520009,0.654993720220018],[103.0969901452001,0.6578937202200184],[103.09999014520008,0.6608937202200185],[103.10399014520009,0.6637937202200188],[103.10699014520009,0.6655937202200182],[103.10959014520009,0.6656937202200179],[103.11089014520009,0.6615937202200186],[103.10969014520009,0.6584937202200187],[103.1123901452001,0.6554937202200186],[103.1140901452001,0.6507937202200189],[103.11399014520009,0.6478937202200186],[103.11219014520009,0.6446937202200189],[103.11039014520009,0.641593720220019],[103.10839014520009,0.6387937202200185],[103.10609014520008,0.6378937202200188],[103.10429014520008,0.6356937202200186]]],[[[103.06809014520009,0.571493720220019],[103.06519014520009,0.5666937202200177],[103.0635901452001,0.5695937202200181],[103.06239014520008,0.5728937202200193],[103.0613901452001,0.5760937202200189],[103.06079014520009,0.5780937202200178],[103.05999014520009,0.5804937202200193],[103.05859014520009,0.5839937202200183],[103.05719014520008,0.5871937202200179],[103.05599014520008,0.5899937202200185],[103.05479014520009,0.5932937202200179],[103.05359014520009,0.5965937202200191],[103.0519901452001,0.6001937202200178],[103.05009014520009,0.6042937202200189],[103.04839014520009,0.6076937202200181],[103.04669014520009,0.6104937202200187],[103.04519014520008,0.6134937202200188],[103.04289014520009,0.6169937202200177],[103.04079014520009,0.6199937202200179],[103.03909014520009,0.6221937202200181],[103.03639014520009,0.6253937202200177],[103.03299014520009,0.629393720220019],[103.03049014520009,0.632893720220018],[103.0288901452001,0.6358937202200181],[103.02809014520008,0.6390937202200178],[103.02799014520009,0.6428937202200178],[103.0288901452001,0.6451937202200178],[103.02999014520009,0.6474937202200177],[103.0309901452001,0.6500937202200188],[103.0322901452001,0.6532937202200184],[103.03339014520009,0.6561937202200188],[103.03519014520009,0.6593937202200184],[103.0404901452001,0.6597937202200193],[103.04369014520009,0.6590937202200191],[103.04639014520009,0.6577937202200186],[103.0476901452001,0.6554937202200186],[103.05109014520009,0.6514937202200191],[103.05389014520009,0.6474937202200177],[103.05609014520009,0.6463937202200185],[103.05689014520009,0.6437937202200192],[103.05869014520009,0.6395937202200184],[103.06049014520009,0.6349937202200184],[103.0618901452001,0.6320937202200181],[103.06299014520009,0.6297937202200181],[103.06469014520009,0.6265937202200185],[103.06589014520009,0.6237937202200179],[103.06729014520009,0.6211937202200186],[103.06939014520009,0.6182937202200183],[103.07069014520009,0.6155937202200192],[103.0738901452001,0.6052937202200184],[103.07709014520009,0.5982937202200187],[103.07909014520008,0.5920937202200189],[103.07889014520009,0.5880937202200194],[103.07669014520009,0.5834937202200177],[103.0746901452001,0.5780937202200178],[103.07109014520009,0.5732937202200183],[103.06809014520009,0.571493720220019]]],[[[103.04089014520008,0.539493720220019],[103.04029014520009,0.5434937202200185],[103.03749014520008,0.548293720220018],[103.03569014520009,0.5528937202200179],[103.03909014520009,0.5514937202200176],[103.04069014520009,0.5490937202200179],[103.04229014520008,0.5460937202200178],[103.04509014520009,0.5408937202200192],[103.04789014520009,0.5376937202200178],[103.05209014520008,0.5334937202200187],[103.05709014520009,0.5280937202200189],[103.05289014520008,0.5278937202200193],[103.04909014520008,0.5318937202200189],[103.0464901452001,0.5347937202200193],[103.04089014520008,0.539493720220019]]]]}},{"type":"Feature","properties":{"NAMA_PROP":"RIAU","NAMOBJ":"Sesap","REMARK":null,"UUPP":"Hasil Delineasi Tahun 2018","SRS_ID":"SRGI 2013","WADMKD":"Sesap","WADMKC":"Tebing Tinggi","WIADKC":"Tebing Tinggi","WADMKK":"Kepulauan Meranti","WIADKK":"Kepulauan Meranti","WADMPR":"Riau","Coastal_Candidate":true,"Coast_Distance_M":0,"Intervention":false},"geometry":{"type":"Polygon","coordinates":[[[102.7090901452001,0.9588937202200185],[102.70539014520008,0.9569937202200194],[102.70259014520009,0.9547937202200192],[102.69999014520009,0.9561937202200177],[102.6962901452001,0.9569937202200194],[102.6919901452001,0.9579937202200188],[102.68849014520009,0.958693720220019],[102.68379014520009,0.958693720220019],[102.6791901452001,0.9577937202200193],[102.67419014520009,0.9565937202200185],[102.66959014520009,0.9557937202200186],[102.66559014520008,0.9550937202200185],[102.66269014520009,0.9546937202200176],[102.65919014520009,0.9542937202200186],[102.65589014520009,0.9535937202200184],[102.65209014520009,0.9526937202200187],[102.65079014520009,0.9547937202200192],[102.64699014520009,0.9582937202200181],[102.6500901452001,0.9593937202200191],[102.65649014520008,0.9627937202200183],[102.6615901452001,0.9655937202200189],[102.66819014520009,0.9689937202200181],[102.67139014520009,0.9715937202200191],[102.68029014520009,0.9785937202200188],[102.6833901452001,0.9782937202200177],[102.6876901452001,0.9782937202200177],[102.69349014520009,0.9782937202200177],[102.69719014520008,0.9782937202200177],[102.70379014520009,0.9794937202200185],[102.70469014520009,0.9737937202200193],[102.70549014520009,0.966293720220019],[102.70699014520008,0.962493720220019],[102.7090901452001,0.9588937202200185]]]}},{"type":"Feature","properties":{"NAMA_PROP":"RIAU","NAMOBJ":"Sialang Pasung","REMARK":null,"UUPP":"Hasil Delineasi Tahun 2018","SRS_ID":"SRGI 2013","WADMKD":"Sialang Pasung","WADMKC":"Rangsang Barat","WIADKC":"Rangsang Barat","WADMKK":"Kepulauan Meranti","WIADKK":"Kepulauan Meranti","WADMPR":"Riau","Coastal_Candidate":true,"Coast_Distance_M":140.6,"Intervention":false},"geometry":{"type":"Polygon","coordinates":[[[102.69879014520009,1.0453937202200176],[102.70029014520009,1.0414937202200178],[102.70129014520009,1.0376937202200178],[102.70249014520009,1.0326937202200188],[102.69469014520008,1.0300937202200178],[102.68949014520008,1.0282937202200184],[102.67969014520008,1.0268937202200181],[102.67519014520009,1.026193720220018],[102.67369014520008,1.0290937202200183],[102.67199014520008,1.0315937202200178],[102.6671901452001,1.0362937202200193],[102.67079014520009,1.0367937202200181],[102.67819014520009,1.0430937202200177],[102.68069014520009,1.0426937202200186],[102.68439014520008,1.0428937202200181],[102.68709014520009,1.0426937202200186],[102.69279014520009,1.0449937202200186],[102.69609014520009,1.0458937202200183],[102.69879014520009,1.0453937202200176]]]}},{"type":"Feature","properties":{"NAMA_PROP":"RIAU","NAMOBJ":"Simpang Ayam","REMARK":null,"UUPP":"Hasil Delineasi Tahun 2018","SRS_ID":"SRGI 2013","WADMKD":"Simpang Ayam","WADMKC":"Bengkalis","WIADKC":null,"WADMKK":"Bengkalis","WIADKK":"Bengkalis","WADMPR":"Riau","Coastal_Candidate":true,"Coast_Distance_M":96.4,"Intervention":true},"geometry":{"type":"Polygon","coordinates":[[[102.07019014520009,1.6028937202200186],[102.06499014520008,1.5876937202200185],[102.05909014520009,1.5818937202200178],[102.04849014520009,1.572993720220019],[102.0446901452001,1.5701937202200185],[102.04139014520008,1.5715937202200188],[102.03409014520008,1.5684937202200189],[102.03199014520008,1.5682937202200193],[102.0241901452001,1.574193720220018],[102.02309014520009,1.5782937202200191],[102.0224901452001,1.580593720220019],[102.00999014520009,1.601993720220019],[102.01329014520009,1.603493720220019],[102.01669014520009,1.6037937202200183],[102.0198901452001,1.604293720220019],[102.02339014520008,1.6056937202200192],[102.02739014520009,1.6062937202200178],[102.03079014520009,1.6066937202200187],[102.03349014520009,1.606993720220018],[102.03749014520008,1.6068937202200182],[102.04019014520009,1.606993720220018],[102.0429901452001,1.6068937202200182],[102.04579014520009,1.606593720220019],[102.0481901452001,1.606193720220018],[102.05099014520009,1.6056937202200192],[102.05389014520009,1.6052937202200184],[102.05609014520009,1.6051937202200186],[102.05809014520008,1.6051937202200186],[102.05989014520009,1.6048937202200193],[102.06199014520008,1.6044937202200185],[102.06509014520009,1.6040937202200194],[102.07019014520009,1.6028937202200186]]]}},{"type":"Feature","properties":{"NAMA_PROP":"RIAU","NAMOBJ":"Sinaboi","REMARK":null,"UUPP":"Hasil Delineasi Tahun 2018","SRS_ID":"SRGI 2013","WADMKD":"Sinaboi","WADMKC":"Sinaboi","WIADKC":null,"WADMKK":"Rokan Hilir","WIADKK":null,"WADMPR":"Riau","Coastal_Candidate":true,"Coast_Distance_M":0,"Intervention":false},"geometry":{"type":"MultiPolygon","coordinates":[[[[101.01199014520009,2.3075937202200176],[101.01539014520009,2.3068937202200193],[101.02039014520008,2.307093720220019],[101.02519014520009,2.3071937202200186],[101.02819014520009,2.306293720220019],[101.02689014520008,2.3040937202200187],[101.0198901452001,2.303693720220018],[101.01429014520009,2.3044937202200177],[101.00849014520008,2.306593720220018],[101.01199014520009,2.3075937202200176]]],[[[101.02199014520009,2.290593720220018],[101.02129014520008,2.286093720220018],[101.02209014520008,2.281493720220018],[101.04079014520009,2.280693720220018],[101.03689014520009,2.276093720220018],[101.03269014520009,2.273493720220019],[101.02969014520009,2.271093720220019],[101.0228901452001,2.268493720220018],[101.01899014520009,2.2667937202200186],[101.01459014520009,2.265793720220019],[101.01029014520009,2.2648937202200177],[101.00459014520008,2.2641937202200193],[101.00079014520009,2.262393720220018],[100.99619014520009,2.259493720220018],[100.99439014520009,2.258593720220018],[100.99369014520009,2.256693720220019],[100.98929014520009,2.258693720220018],[100.9864901452001,2.2590937202200188],[100.98679014520009,2.261793720220018],[100.9881901452001,2.264693720220018],[100.9894901452001,2.268193720220019],[100.98919014520008,2.2713937202200185],[100.98899014520009,2.2750937202200188],[100.99329014520009,2.275493720220018],[100.9907901452001,2.280393720220019],[100.99869014520009,2.278493720220018],[101.00089014520009,2.278793720220019],[100.99439014520009,2.2918937202200187],[100.99779014520009,2.2919937202200185],[101.00099014520009,2.291693720220019],[101.00399014520009,2.291493720220018],[101.00769014520009,2.2911937202200185],[101.01209014520009,2.290993720220019],[101.01599014520009,2.2908937202200192],[101.01919014520008,2.2907937202200177],[101.02199014520009,2.290593720220018]]]]}},{"type":"Feature","properties":{"NAMA_PROP":"RIAU","NAMOBJ":"Sokoi","REMARK":null,"UUPP":"Hasil Delineasi Tahun 2018","SRS_ID":"SRGI 2013","WADMKD":"Sokoi","WADMKC":"Kuala Kampar","WIADKC":null,"WADMKK":"Pelalawan","WIADKK":null,"WADMPR":"Riau","Coastal_Candidate":true,"Coast_Distance_M":0,"Intervention":false},"geometry":{"type":"Polygon","coordinates":[[[103.34789014520008,0.5382937202200182],[103.34939014520009,0.5111937202200192],[103.35099014520009,0.49169372022001845],[103.35159014520009,0.48479372022001854],[103.31859014520009,0.4660937202200177],[103.31079014520009,0.4615937202200193],[103.2887901452001,0.44909372022001826],[103.2690901452001,0.43799372022001926],[103.2630901452001,0.4516937202200193],[103.26289014520009,0.45599372022001816],[103.26229014520008,0.45819372022001836],[103.26109014520009,0.4614937202200178],[103.26099014520008,0.46509372022001827],[103.26149014520009,0.47149372022001934],[103.26129014520009,0.4903937202200179],[103.26159014520009,0.49729372022001783],[103.26429014520009,0.504093720220018],[103.26779014520008,0.5042937202200193],[103.26999014520008,0.5045937202200186],[103.2728901452001,0.5052937202200187],[103.27599014520008,0.5042937202200193],[103.27969014520009,0.5047937202200181],[103.2827901452001,0.505593720220018],[103.28579014520008,0.5063937202200179],[103.28939014520009,0.5077937202200182],[103.2925901452001,0.5091937202200185],[103.29569014520008,0.5109937202200179],[103.29959014520009,0.5133937202200194],[103.30299014520008,0.5159937202200187],[103.30559014520009,0.5187937202200192],[103.30849014520008,0.5217937202200194],[103.31109014520008,0.5247937202200177],[103.31279014520008,0.5269937202200179],[103.31459014520009,0.5291937202200181],[103.31649014520009,0.5311937202200188],[103.3190901452001,0.5335937202200185],[103.32099014520008,0.5356937202200189],[103.32229014520009,0.5385937202200193],[103.32369014520009,0.5413937202200181],[103.32569014520008,0.5441937202200187],[103.32859014520008,0.5434937202200185],[103.33249014520008,0.5426937202200186],[103.33649014520009,0.5418937202200187],[103.3392901452001,0.5406937202200179],[103.34189014520008,0.539893720220018],[103.34499014520009,0.5390937202200181],[103.34789014520008,0.5382937202200182]]]}},{"type":"Feature","properties":{"NAMA_PROP":"RIAU","NAMOBJ":"Sokop","REMARK":null,"UUPP":"Hasil Delineasi Tahun 2018","SRS_ID":"SRGI 2013","WADMKD":"Sokop","WADMKC":"Rangsang Pesisir","WIADKC":"Rangsang Pesisir","WADMKK":"Kepulauan Meranti","WIADKK":"Kepulauan Meranti","WADMPR":"Riau","Coastal_Candidate":true,"Coast_Distance_M":0,"Intervention":false},"geometry":{"type":"Polygon","coordinates":[[[102.87629014520009,1.0471937202200188],[102.87699014520008,1.0434937202200185],[102.88049014520008,1.0418937202200187],[102.88359014520009,1.040693720220018],[102.8858901452001,1.0380937202200187],[102.88749014520009,1.0366937202200184],[102.89029014520008,1.034893720220019],[102.89289014520008,1.0330937202200179],[102.89389014520009,1.0258937202200187],[102.86229014520009,0.9888937202200179],[102.86189014520009,0.9832937202200185],[102.8623901452001,0.9793937202200187],[102.86199014520008,0.9765937202200181],[102.86089014520009,0.974693720220019],[102.85699014520009,0.9755937202200187],[102.85359014520009,0.9765937202200181],[102.8507901452001,0.977393720220018],[102.8477901452001,0.9782937202200177],[102.84499014520009,0.9794937202200185],[102.8413901452001,0.9810937202200183],[102.83769014520009,0.9817937202200184],[102.83509014520008,0.983093720220019],[102.83219014520009,0.984593720220019],[102.83009014520009,0.9855937202200185],[102.82719014520009,0.9866937202200177],[102.8233901452001,0.9875937202200191],[102.82289014520009,0.9897937202200193],[102.82519014520008,0.9908937202200185],[102.82819014520008,0.9939937202200184],[102.82889014520009,0.9977937202200184],[102.8306901452001,1.0010937202200179],[102.83139014520009,1.0050937202200192],[102.83179014520009,1.0072937202200194],[102.8315901452001,1.0103937202200193],[102.83089014520009,1.014293720220019],[102.82869014520008,1.016993720220018],[102.82519014520008,1.0201937202200178],[102.82239014520009,1.0210937202200192],[102.82009014520008,1.0221937202200184],[102.8186901452001,1.023893720220018],[102.8178901452001,1.0273937202200187],[102.81689014520009,1.0303937202200188],[102.8135901452001,1.0344937202200182],[102.81579014520008,1.037993720220019],[102.81769014520009,1.0437937202200178],[102.81999014520008,1.0494937202200187],[102.82069014520009,1.0514937202200176],[102.82399014520009,1.051293720220018],[102.82779014520008,1.0510937202200186],[102.83119014520008,1.0517937202200187],[102.83419014520008,1.0532937202200188],[102.8370901452001,1.0547937202200188],[102.8400901452001,1.055193720220018],[102.84369014520009,1.054393720220018],[102.8469901452001,1.054393720220018],[102.85089014520008,1.0556937202200185],[102.85389014520008,1.0562937202200189],[102.85779014520008,1.0552937202200177],[102.86029014520008,1.0548937202200186],[102.86369014520008,1.0547937202200188],[102.8661901452001,1.054693720220019],[102.8683901452001,1.0545937202200193],[102.87209014520009,1.0534937202200183],[102.87449014520008,1.0510937202200186],[102.87629014520009,1.0471937202200188]]]}},{"type":"Feature","properties":{"NAMA_PROP":"RIAU","NAMOBJ":"Sonde","REMARK":null,"UUPP":"Hasil Delineasi Tahun 2018","SRS_ID":"SRGI 2013","WADMKD":"Sonde","WADMKC":"Rangsang Pesisir","WIADKC":"Rangsang Pesisir","WADMKK":"Kepulauan Meranti","WIADKK":"Kepulauan Meranti","WADMPR":"Riau","Coastal_Candidate":true,"Coast_Distance_M":0,"Intervention":false},"geometry":{"type":"Polygon","coordinates":[[[102.8597901452001,1.135893720220018],[102.8601901452001,1.130193720220019],[102.86049014520009,1.1226937202200187],[102.86109014520008,1.1037937202200183],[102.85819014520008,1.097393720220019],[102.85759014520009,1.0937937202200185],[102.85729014520008,1.0917937202200179],[102.85739014520009,1.0898937202200187],[102.85659014520009,1.0875937202200188],[102.8554901452001,1.0847937202200182],[102.85329014520009,1.0831937202200184],[102.85169014520008,1.0809937202200182],[102.8507901452001,1.077593720220019],[102.85029014520009,1.074993720220018],[102.84939014520009,1.0727937202200177],[102.84319014520008,1.0725937202200182],[102.84029014520009,1.076093720220019],[102.83649014520009,1.075293720220019],[102.83379014520008,1.0750937202200177],[102.83319014520009,1.0785937202200184],[102.83369014520008,1.0827937202200193],[102.83319014520009,1.0849937202200177],[102.83299014520009,1.0881937202200191],[102.83289014520008,1.0914937202200186],[102.83119014520008,1.0941937202200194],[102.81619014520008,1.1005937202200187],[102.80999014520009,1.1108937202200178],[102.81289014520009,1.1200937202200176],[102.81379014520009,1.122993720220018],[102.81589014520009,1.1296937202200183],[102.8173901452001,1.1346937202200191],[102.8195901452001,1.1416937202200188],[102.82119014520009,1.1456937202200184],[102.8229901452001,1.1451937202200178],[102.82499014520009,1.144693720220019],[102.82679014520009,1.1440937202200185],[102.83099014520009,1.1443937202200178],[102.83609014520009,1.140893720220019],[102.8392901452001,1.140093720220019],[102.84159014520009,1.1410937202200184],[102.84459014520009,1.1399937202200192],[102.84799014520009,1.1393937202200188],[102.85139014520009,1.1383937202200194],[102.8550901452001,1.1371937202200186],[102.85749014520009,1.1365937202200183],[102.8597901452001,1.135893720220018]]]}},{"type":"Feature","properties":{"NAMA_PROP":"RIAU","NAMOBJ":"Suka Damai","REMARK":null,"UUPP":"Hasil Delineasi Tahun 2018","SRS_ID":"SRGI 2013","WADMKD":"Suka Damai","WADMKC":"Rupat Utara","WIADKC":null,"WADMKK":"Bengkalis","WIADKK":"Bengkalis","WADMPR":"Riau","Coastal_Candidate":true,"Coast_Distance_M":0,"Intervention":false},"geometry":{"type":"Polygon","coordinates":[[[101.63389014520008,2.039193720220018],[101.60859014520008,2.0372937202200188],[101.60739014520009,2.039493720220019],[101.60739014520009,2.0422937202200178],[101.57839014520009,2.042593720220019],[101.56489014520008,2.0479937202200187],[101.56669014520008,2.052093720220018],[101.5678901452001,2.0556937202200185],[101.56849014520009,2.0590937202200177],[101.57089014520008,2.062293720220019],[101.57219014520008,2.065093720220018],[101.57239014520009,2.069293720220019],[101.57539014520009,2.070793720220019],[101.57789014520009,2.0720937202200194],[101.58049014520009,2.0738937202200187],[101.58369014520008,2.0755937202200183],[101.5840901452001,2.0778937202200183],[101.58479014520009,2.0801937202200182],[101.58559014520009,2.083293720220018],[101.58729014520009,2.087093720220018],[101.5887901452001,2.0884937202200184],[101.5917901452001,2.0906937202200186],[101.59499014520009,2.092893720220019],[101.63109014520009,2.0430937202200177],[101.63389014520008,2.039193720220018]]]}},{"type":"Feature","properties":{"NAMA_PROP":"RIAU","NAMOBJ":"Sukajadi","REMARK":null,"UUPP":"Hasil Delineasi Tahun 2018","SRS_ID":"SRGI 2013","WADMKD":"Sukajadi","WADMKC":"Bukit Batu","WIADKC":null,"WADMKK":"Bengkalis","WIADKK":"Bengkalis","WADMPR":"Riau","Coastal_Candidate":true,"Coast_Distance_M":0,"Intervention":false},"geometry":{"type":"Polygon","coordinates":[[[101.9954901452001,1.4678937202200188],[101.99239014520009,1.4656937202200186],[101.99129014520008,1.4626937202200185],[101.99069014520009,1.4607937202200176],[101.99019014520009,1.458393720220018],[101.98929014520009,1.4532937202200191],[101.98669014520009,1.447993720220019],[101.9817901452001,1.4397937202200186],[101.97219014520009,1.4242937202200192],[101.96299014520008,1.4108937202200185],[101.95699014520008,1.404993720220018],[101.95259014520009,1.4012937202200177],[101.93019014520009,1.382493720220019],[101.92709014520008,1.3798937202200179],[101.9209901452001,1.3749937202200186],[101.91109014520009,1.3670937202200193],[101.90459014520009,1.361893720220019],[101.90209014520009,1.3598937202200183],[101.88989014520008,1.3501937202200178],[101.88669014520009,1.3475937202200186],[101.87999014520008,1.3474937202200188],[101.87999014520008,1.2969937202200192],[101.7805901452001,1.298293720220018],[101.78269014520009,1.3003937202200184],[101.78469014520009,1.301293720220018],[101.7869901452001,1.303593720220018],[101.78979014520009,1.3064937202200184],[101.7925901452001,1.3095937202200183],[101.79149014520009,1.312793720220018],[101.78899014520009,1.314293720220018],[101.78649014520009,1.3158937202200178],[101.78539014520008,1.319193720220019],[101.78489014520008,1.3220937202200194],[101.78459014520008,1.324993720220018],[101.78689014520009,1.3274937202200192],[101.7899901452001,1.3284937202200187],[101.79249014520009,1.3293937202200183],[101.79479014520008,1.3306937202200189],[101.79589014520009,1.3330937202200186],[101.79479014520008,1.335993720220019],[101.79209014520009,1.3379937202200178],[101.7887901452001,1.338293720220019],[101.78599014520009,1.3408937202200182],[101.7869901452001,1.3440937202200178],[101.78979014520009,1.3457937202200192],[101.79249014520009,1.3480937202200192],[101.79169014520009,1.3515937202200181],[101.78859014520009,1.356193720220018],[101.78819014520009,1.3591937202200182],[101.79069014520009,1.361093720220019],[101.7942901452001,1.3617937202200192],[101.79799014520009,1.3609937202200193],[101.79969014520009,1.358093720220019],[101.80179014520009,1.3560937202200183],[101.80519014520009,1.3562937202200178],[101.80809014520008,1.358793720220019],[101.80719014520008,1.3620937202200185],[101.8075901452001,1.3647937202200193],[101.81009014520009,1.3662937202200194],[101.81319014520008,1.3663937202200191],[101.81639014520009,1.3638937202200179],[101.81609014520009,1.361093720220019],[101.81669014520008,1.358493720220018],[101.81939014520009,1.355493720220018],[101.82329014520009,1.3539937202200178],[101.82629014520009,1.3539937202200178],[101.82969014520009,1.3547937202200178],[101.83139014520009,1.3583937202200183],[101.83219014520009,1.3624937202200194],[101.83199014520008,1.365393720220018],[101.8306901452001,1.3674937202200184],[101.82629014520009,1.3682937202200183],[101.82359014520009,1.3701937202200192],[101.82259014520008,1.3726937202200187],[101.82279014520009,1.3749937202200186],[101.82459014520009,1.377093720220019],[101.8272901452001,1.3800937202200192],[101.82979014520009,1.381693720220019],[101.8327901452001,1.382093720220018],[101.83559014520009,1.3807937202200193],[101.83869014520009,1.3795937202200186],[101.8426901452001,1.379393720220019],[101.84739014520008,1.3804937202200183],[101.85099014520009,1.3827937202200182],[101.85259014520008,1.3864937202200185],[101.85489014520009,1.3901937202200187],[101.85829014520009,1.3913937202200177],[101.86259014520009,1.3921937202200176],[101.86569014520009,1.3922937202200192],[101.86819014520009,1.3925937202200185],[101.87119014520009,1.3932937202200186],[101.87429014520009,1.392393720220019],[101.87619014520008,1.3899937202200192],[101.8798901452001,1.388593720220019],[101.88329014520009,1.390093720220019],[101.88749014520009,1.3891937202200193],[101.89009014520009,1.3916937202200188],[101.89109014520008,1.3963937202200185],[101.89509014520009,1.397393720220018],[101.89909014520009,1.395893720220018],[101.9012901452001,1.396193720220019],[101.9038901452001,1.3967937202200194],[101.9059901452001,1.3981937202200179],[101.90639014520009,1.4002937202200183],[101.90679014520009,1.4036937202200193],[101.90849014520009,1.406093720220019],[101.91059014520009,1.407293720220018],[101.91319014520009,1.4079937202200181],[101.9154901452001,1.4092937202200186],[101.91689014520009,1.410293720220018],[101.91859014520008,1.4116937202200184],[101.9209901452001,1.414893720220018],[101.92299014520009,1.416793720220019],[101.92589014520009,1.419493720220018],[101.9252901452001,1.4223937202200183],[101.92429014520009,1.4248937202200178],[101.92359014520008,1.427093720220018],[101.9252901452001,1.4299937202200184],[101.92689014520009,1.432393720220018],[101.92859014520009,1.4343937202200188],[101.93029014520009,1.4376937202200182],[101.93209014520009,1.4408937202200178],[101.93209014520009,1.4443937202200186],[101.93289014520009,1.4481937202200186],[101.93189014520009,1.4515937202200178],[101.93099014520008,1.4550937202200185],[101.93199014520009,1.4589937202200183],[101.93199014520009,1.4625937202200188],[101.93199014520009,1.4660937202200177],[101.93419014520009,1.4673937202200182],[101.93699014520008,1.468293720220018],[101.93969014520009,1.4686937202200188],[101.94249014520008,1.4688937202200183],[101.94599014520008,1.4683937202200177],[101.9483901452001,1.466293720220019],[101.94869014520009,1.4638937202200193],[101.95079014520009,1.463293720220019],[101.95419014520009,1.4634937202200184],[101.95759014520009,1.4642937202200184],[101.96029014520009,1.463993720220019],[101.9642901452001,1.4627937202200183],[101.96799014520009,1.4622937202200177],[101.9684901452001,1.4653937202200193],[101.97019014520009,1.4680937202200184],[101.97219014520009,1.471593720220019],[101.97509014520008,1.475093720220018],[101.97639014520009,1.478493720220019],[101.9779901452001,1.482693720220018],[101.97999014520009,1.4820937202200177],[101.98159014520009,1.4806937202200192],[101.9834901452001,1.4787937202200183],[101.98589014520009,1.4775937202200193],[101.98809014520009,1.4764937202200183],[101.99099014520009,1.474693720220019],[101.99359014520009,1.4728937202200179],[101.99609014520009,1.4701937202200188],[101.9954901452001,1.4678937202200188]]]}},{"type":"Feature","properties":{"NAMA_PROP":"RIAU","NAMOBJ":"Sungai Cina","REMARK":null,"UUPP":"Hasil Delineasi Tahun 2018","SRS_ID":"SRGI 2013","WADMKD":"Sungai Cina","WADMKC":"Rangsang Barat","WIADKC":"Rangsang Barat","WADMKK":"Kepulauan Meranti","WIADKK":"Kepulauan Meranti","WADMPR":"Riau","Coastal_Candidate":true,"Coast_Distance_M":0,"Intervention":false},"geometry":{"type":"Polygon","coordinates":[[[102.67479014520009,1.084093720220018],[102.67769014520009,1.0835937202200192],[102.68149014520009,1.0830937202200186],[102.68489014520009,1.082193720220019],[102.68889014520009,1.0812937202200192],[102.69179014520009,1.0804937202200193],[102.69469014520008,1.0800937202200185],[102.69859014520009,1.079493720220018],[102.70149014520008,1.0791937202200188],[102.70409014520008,1.0788937202200177],[102.70809014520009,1.0781937202200194],[102.7125901452001,1.0765937202200178],[102.7133901452001,1.070393720220018],[102.71459014520009,1.0656937202200183],[102.7202901452001,1.065093720220018],[102.72529014520009,1.0649937202200181],[102.72559014520009,1.0594937202200185],[102.7253901452001,1.0570937202200188],[102.72179014520009,1.056993720220019],[102.71929014520009,1.0559937202200178],[102.71479014520008,1.0529937202200177],[102.71159014520009,1.0511937202200183],[102.70859014520009,1.049393720220019],[102.70429014520009,1.0468937202200177],[102.70039014520009,1.060093720220019],[102.69919014520009,1.0640937202200185],[102.69779014520009,1.0679937202200183],[102.69569014520009,1.072993720220019],[102.69099014520009,1.075293720220019],[102.68789014520009,1.0763937202200182],[102.68509014520009,1.0770937202200184],[102.68189014520009,1.0777937202200185],[102.6782901452001,1.0792937202200186],[102.67479014520009,1.0804937202200193],[102.67249014520009,1.0814937202200188],[102.67049014520009,1.0822937202200187],[102.66779014520009,1.083393720220018],[102.66869014520009,1.0856937202200179],[102.67109014520008,1.0847937202200182],[102.67479014520009,1.084093720220018]]]}},{"type":"Feature","properties":{"NAMA_PROP":"RIAU","NAMOBJ":"Sungai Cina / Bina Maju","REMARK":"Area Saling Klaim","UUPP":"Hasil Delineasi Tahun 2018","SRS_ID":"SRGI 2013","WADMKD":"Sungai Cina / Bina Maju","WADMKC":"Rangsang Barat","WIADKC":"Rangsang Barat","WADMKK":"Kepulauan Meranti","WIADKK":"Kepulauan Meranti","WADMPR":"Riau","Coastal_Candidate":true,"Coast_Distance_M":0,"Intervention":false},"geometry":{"type":"MultiPolygon","coordinates":[[[[102.67479014520009,1.084093720220018],[102.67109014520008,1.0847937202200182],[102.66869014520009,1.0856937202200179],[102.67019014520008,1.0900937202200183],[102.6786901452001,1.087893720220018],[102.67479014520009,1.084093720220018]]],[[[102.7202901452001,1.065093720220018],[102.71459014520009,1.0656937202200183],[102.7133901452001,1.070393720220018],[102.7125901452001,1.0765937202200178],[102.70809014520009,1.0781937202200194],[102.70789014520008,1.0847937202200182],[102.71069014520009,1.0838937202200185],[102.71349014520008,1.0826937202200178],[102.71719014520009,1.0824937202200182],[102.71729014520008,1.076093720220019],[102.71779014520008,1.0673937202200179],[102.7202901452001,1.065093720220018]]]]}},{"type":"Feature","properties":{"NAMA_PROP":"RIAU","NAMOBJ":"Sungai Daun","REMARK":null,"UUPP":"Hasil Delineasi Tahun 2018","SRS_ID":"SRGI 2013","WADMKD":"Sungai Daun","WADMKC":"Pasir Limau Kapas","WIADKC":null,"WADMKK":"Rokan Hilir","WIADKK":null,"WADMPR":"Riau","Coastal_Candidate":true,"Coast_Distance_M":0,"Intervention":false},"geometry":{"type":"Polygon","coordinates":[[[100.52809014520008,2.1875937202200184],[100.52689014520008,2.1844937202200185],[100.52349014520009,2.1817937202200177],[100.52099014520009,2.1795937202200193],[100.51659014520008,2.1761937202200183],[100.51109014520009,2.170593720220019],[100.50369014520008,2.159193720220019],[100.49269014520009,2.1429937202200193],[100.48089014520009,2.1250937202200184],[100.47009014520009,2.108593720220018],[100.4590901452001,2.093593720220019],[100.45289014520009,2.0838937202200185],[100.44329014520008,2.069293720220019],[100.43509014520009,2.0575937202200176],[100.42759014520009,2.048193720220018],[100.41979014520008,2.037993720220019],[100.41429014520008,2.0298937202200182],[100.40629014520009,2.010493720220019],[100.40249014520009,2.002093720220019],[100.39819014520009,1.991893720220018],[100.39459014520008,1.987293720220018],[100.39269014520009,1.9841937202200182],[100.39119014520008,1.9816937202200187],[100.38819014520008,1.9741937202200184],[100.38469014520008,1.9744937202200177],[100.37999014520008,1.9745937202200192],[100.37459014520009,1.9747937202200188],[100.36569014520009,1.975493720220019],[100.36169014520009,1.975493720220019],[100.35779014520008,1.975493720220019],[100.35479014520008,1.975493720220019],[100.34989014520009,1.9755937202200187],[100.34689014520009,1.9755937202200187],[100.34279014520008,1.9756937202200184],[100.33649014520009,1.9756937202200184],[100.32849014520009,1.9756937202200184],[100.32319014520009,1.9756937202200184],[100.32349014520008,1.980793720220019],[100.32369014520009,1.9840937202200184],[100.32369014520009,1.990693720220019],[100.3233901452001,2.0007937202200186],[100.3229901452001,2.006393720220018],[100.32289014520009,2.011693720220018],[100.32269014520008,2.0182937202200186],[100.3238901452001,2.027693720220018],[100.3250901452001,2.0366937202200184],[100.32689014520008,2.0496937202200183],[100.33009014520009,2.066093720220019],[100.33469014520008,2.084893720220018],[100.33909014520009,2.1040937202200194],[100.34469014520009,2.127093720220019],[100.34799014520009,2.142793720220018],[100.34919014520008,2.145393720220019],[100.35049014520008,2.1486937202200185],[100.35329014520009,2.1528937202200193],[100.35859014520008,2.161493720220019],[100.35999014520009,2.1638937202200186],[100.3640901452001,2.1714937202200186],[100.36829014520009,2.1784937202200183],[100.36989014520009,2.182393720220018],[100.37139014520008,2.1867937202200185],[100.37289014520009,2.193093720220018],[100.37289014520009,2.196193720220018],[100.37279014520009,2.2016937202200193],[100.37279014520009,2.204193720220019],[100.37209014520009,2.2111937202200185],[100.37209014520009,2.213993720220019],[100.41509014520008,2.2278937202200186],[100.4368901452001,2.239193720220019],[100.44519014520009,2.243493720220018],[100.4483901452001,2.2439937202200184],[100.45669014520008,2.2468937202200188],[100.4599901452001,2.244093720220018],[100.46239014520009,2.2407937202200188],[100.46519014520008,2.2385937202200186],[100.46749014520009,2.2369937202200187],[100.46969014520009,2.2347937202200185],[100.4719901452001,2.2328937202200176],[100.47469014520009,2.2305937202200177],[100.4770901452001,2.2272937202200183],[100.47829014520009,2.2255937202200187],[100.4800901452001,2.224393720220018],[100.48239014520009,2.222393720220019],[100.48379014520009,2.219693720220018],[100.48589014520009,2.218993720220018],[100.48689014520009,2.216793720220018],[100.4881901452001,2.2153937202200193],[100.49149014520009,2.2153937202200193],[100.4941901452001,2.212893720220018],[100.49619014520009,2.210993720220019],[100.4988901452001,2.2095937202200187],[100.50209014520009,2.207593720220018],[100.50499014520008,2.205593720220019],[100.50869014520009,2.203293720220019],[100.51159014520009,2.2012937202200185],[100.5138901452001,2.199493720220019],[100.5164901452001,2.1977937202200177],[100.51899014520009,2.196093720220018],[100.5207901452001,2.194293720220019],[100.52299014520008,2.192293720220018],[100.52559014520008,2.1898937202200184],[100.52809014520008,2.1875937202200184]]]}},{"type":"Feature","properties":{"NAMA_PROP":"RIAU","NAMOBJ":"Sungai Gayung Kiri","REMARK":null,"UUPP":"Hasil Delineasi Tahun 2018","SRS_ID":"SRGI 2013","WADMKD":"Sungai Gayung Kiri","WADMKC":"Rangsang","WIADKC":"Rangsang","WADMKK":"Kepulauan Meranti","WIADKK":"Kepulauan Meranti","WADMPR":"Riau","Coastal_Candidate":true,"Coast_Distance_M":17.5,"Intervention":false},"geometry":{"type":"Polygon","coordinates":[[[103.11659014520009,0.9394937202200193],[103.11459014520008,0.938093720220019],[103.1131901452001,0.9366937202200187],[103.11119014520008,0.9358937202200188],[103.10869014520009,0.9360937202200184],[103.10599014520008,0.9367937202200185],[103.10349014520008,0.9371937202200193],[103.0994901452001,0.9383937202200183],[103.0952901452001,0.9399937202200181],[103.0909901452001,0.9404937202200188],[103.0857901452001,0.9405937202200185],[103.07739014520008,0.9405937202200185],[103.07069014520009,0.9401937202200177],[103.0643901452001,0.9373937202200189],[103.0583901452001,0.9347937202200178],[103.05519014520009,0.9333937202200193],[103.05149014520009,0.9312937202200189],[103.04249014520009,0.9361937202200181],[103.03859014520009,0.9379937202200193],[103.02989014520008,0.9461937202200179],[103.02649014520009,0.9492937202200178],[103.01319014520008,0.9617937202200189],[102.99929014520009,0.9748937202200185],[102.98389014520009,0.9768937202200192],[102.97339014520009,0.984593720220019],[102.99559014520008,1.0149937202200192],[103.0087901452001,1.031893720220019],[103.01939014520009,1.045593720220019],[103.02869014520009,1.0366937202200184],[103.03569014520009,1.0294937202200192],[103.0438901452001,1.0214937202200183],[103.05009014520009,1.0144937202200186],[103.06169014520009,1.002893720220019],[103.06509014520009,0.999093720220019],[103.06849014520009,0.9958937202200193],[103.0720901452001,0.9914937202200189],[103.07569014520008,0.9870937202200185],[103.07839014520009,0.9860937202200191],[103.08079014520008,0.983493720220018],[103.08269014520009,0.981993720220018],[103.08469014520008,0.9798937202200193],[103.08749014520009,0.9768937202200192],[103.08909014520009,0.9737937202200193],[103.0909901452001,0.9709937202200187],[103.09239014520008,0.9683937202200177],[103.09369014520009,0.965993720220018],[103.09499014520009,0.9633937202200187],[103.09629014520009,0.9609937202200189],[103.09789014520008,0.958693720220019],[103.09999014520008,0.9556937202200189],[103.1020901452001,0.9530937202200178],[103.1037901452001,0.9510937202200189],[103.10599014520008,0.9485937202200176],[103.10829014520009,0.9462937202200177],[103.11079014520008,0.944193720220019],[103.11369014520008,0.9419937202200188],[103.11659014520009,0.9394937202200193]]]}},{"type":"Feature","properties":{"NAMA_PROP":"RIAU","NAMOBJ":"Sungai Mas","REMARK":null,"UUPP":"Hasil Delineasi Tahun 2018","SRS_ID":"SRGI 2013","WADMKD":"Sungai Mas","WADMKC":"Kuala Kampar","WIADKC":null,"WADMKK":"Pelalawan","WIADKK":null,"WADMPR":"Riau","Coastal_Candidate":true,"Coast_Distance_M":0,"Intervention":false},"geometry":{"type":"Polygon","coordinates":[[[103.2630901452001,0.4516937202200193],[103.2690901452001,0.43799372022001926],[103.26179014520008,0.42999372022001836],[103.25569014520009,0.423293720220018],[103.23919014520008,0.4005937202200194],[103.21989014520008,0.41839372022001875],[103.21579014520009,0.422093720220019],[103.20809014520009,0.42559372022001796],[103.18909014520008,0.4348937202200194],[103.1812901452001,0.439293720220018],[103.18349014520008,0.44439372022001855],[103.1846901452001,0.44799372022001904],[103.18609014520008,0.4524937202200192],[103.18679014520009,0.456393720220019],[103.18789014520009,0.4610937202200187],[103.18919014520009,0.4640937202200188],[103.19099014520009,0.467493720220018],[103.19279014520009,0.4705937202200179],[103.19499014520008,0.473593720220018],[103.19739014520009,0.47569372022001843],[103.20049014520009,0.47779372022001887],[103.20409014520008,0.4798937202200193],[103.20719014520009,0.4810937202200183],[103.20959014520008,0.4818937202200182],[103.21189014520009,0.4826937202200181],[103.21489014520009,0.4837937202200191],[103.21839014520009,0.4851937202200194],[103.22219014520009,0.486893720220019],[103.22519014520009,0.48869372022001833],[103.22789014520009,0.4904937202200177],[103.23089014520009,0.4925937202200181],[103.23269014520008,0.4909937202200183],[103.2570901452001,0.4588937202200185],[103.2630901452001,0.4516937202200193]]]}},{"type":"Feature","properties":{"NAMA_PROP":"RIAU","NAMOBJ":"Area Saling Klaim","REMARK":"Area Saling Klaim","UUPP":"Hasil Delineasi Tahun 2018","SRS_ID":"SRGI 2013","WADMKD":null,"WADMKC":null,"WIADKC":null,"WADMKK":"Pelalawan","WIADKK":null,"WADMPR":"Riau","Coastal_Candidate":true,"Coast_Distance_M":0,"Intervention":false},"geometry":{"type":"Polygon","coordinates":[[[103.2630901452001,0.4516937202200193],[103.2570901452001,0.4588937202200185],[103.23269014520008,0.4909937202200183],[103.23089014520009,0.4925937202200181],[103.23389014520009,0.49469372022001856],[103.23679014520009,0.4964937202200179],[103.23979014520009,0.4983937202200188],[103.24209014520008,0.5001937202200182],[103.24499014520009,0.5011937202200176],[103.24879014520009,0.5023937202200184],[103.2514901452001,0.5029937202200188],[103.25429014520009,0.5035937202200191],[103.25799014520008,0.5038937202200184],[103.26109014520009,0.5039937202200182],[103.26429014520009,0.504093720220018],[103.26159014520009,0.49729372022001783],[103.26129014520009,0.4903937202200179],[103.26149014520009,0.47149372022001934],[103.26099014520008,0.46509372022001827],[103.26109014520009,0.4614937202200178],[103.26229014520008,0.45819372022001836],[103.26289014520009,0.45599372022001816],[103.2630901452001,0.4516937202200193]]]}},{"type":"Feature","properties":{"NAMA_PROP":"RIAU","NAMOBJ":"Sungai Rawa","REMARK":null,"UUPP":"Hasil Delineasi Tahun 2018","SRS_ID":"SRGI 2013","WADMKD":"Sungai Rawa","WADMKC":"Sungai Apit","WIADKC":"Sungai Apit","WADMKK":"Siak","WIADKK":"Siak","WADMPR":"Riau","Coastal_Candidate":true,"Coast_Distance_M":0,"Intervention":false},"geometry":{"type":"Polygon","coordinates":[[[102.34669014520009,0.8865937202200183],[102.34489014520008,0.8842937202200183],[102.3426901452001,0.8823937202200192],[102.33969014520008,0.8791937202200177],[102.33609014520009,0.8814937202200177],[102.32949014520008,0.877893720220019],[102.32829014520009,0.879393720220019],[102.32629014520009,0.881693720220019],[102.32269014520008,0.8821937202200179],[102.32379014520009,0.8794937202200188],[102.32499014520009,0.8757937202200186],[102.32569014520008,0.8725937202200189],[102.32699014520009,0.870693720220018],[102.32979014520009,0.8725937202200189],[102.33199014520008,0.8720937202200183],[102.3332901452001,0.8701937202200192],[102.3306901452001,0.8666937202200184],[102.3323901452001,0.8637937202200181],[102.33429014520009,0.8615937202200179],[102.33169014520008,0.8591937202200182],[102.33219014520009,0.8551937202200186],[102.33299014520009,0.8531937202200179],[102.33209014520008,0.8488937202200191],[102.3306901452001,0.8452937202200186],[102.32799014520009,0.8427937202200191],[102.3263901452001,0.8399937202200185],[102.32569014520008,0.8371937202200179],[102.3238901452001,0.8342937202200194],[102.32249014520009,0.8319937202200194],[102.32199014520009,0.8296937202200176],[102.32009014520008,0.8278937202200183],[102.31939014520009,0.8249937202200179],[102.31899014520009,0.8211937202200179],[102.31689014520009,0.8181937202200178],[102.31449014520008,0.8151937202200177],[102.31279014520008,0.8110937202200184],[102.31079014520009,0.8080937202200182],[102.30849014520008,0.8060937202200193],[102.30749014520009,0.8045937202200193],[102.30719014520008,0.8012937202200181],[102.30689014520009,0.7979937202200187],[102.30579014520009,0.7957937202200185],[102.30469014520008,0.7937937202200178],[102.30389014520009,0.7915937202200194],[102.3032901452001,0.7897937202200183],[102.30209014520008,0.7873937202200185],[102.3015901452001,0.784893720220019],[102.30189014520009,0.7817937202200191],[102.30279014520009,0.778493720220018],[102.30359014520009,0.7753937202200181],[102.30449014520009,0.7721937202200184],[102.30609014520009,0.7692937202200181],[102.30809014520008,0.766293720220018],[102.30979014520008,0.762793720220019],[102.31039014520009,0.7594937202200178],[102.31279014520008,0.7569937202200183],[102.31479014520009,0.7544937202200188],[102.31679014520009,0.7510937202200179],[102.31749014520008,0.7471937202200181],[102.31729014520009,0.7425937202200181],[102.31839014520008,0.739193720220019],[102.31929014520009,0.7363937202200184],[102.3203901452001,0.7333937202200183],[102.3212901452001,0.730793720220019],[102.32259014520008,0.7286937202200185],[102.32359014520009,0.7259937202200177],[102.3246901452001,0.7234937202200182],[102.32489014520009,0.7196937202200182],[102.32439014520008,0.7170937202200189],[102.3238901452001,0.714793720220019],[102.32179014520008,0.7120937202200182],[102.31809014520009,0.7129937202200178],[102.31429014520009,0.7137937202200177],[102.31009014520009,0.7144937202200179],[102.3075901452001,0.7156937202200186],[102.30509014520008,0.7161937202200193],[102.30289014520008,0.715193720220018],[102.29909014520008,0.7130937202200194],[102.29569014520008,0.7115937202200193],[102.29349014520008,0.7103937202200186],[102.29089014520008,0.7110937202200187],[102.2882901452001,0.7108937202200192],[102.28559014520009,0.7089937202200183],[102.26499014520009,0.7206937202200177],[102.24139014520009,0.7353937202200189],[102.23729014520009,0.7378937202200184],[102.23789014520008,0.7504937202200193],[102.23829014520008,0.7575937202200187],[102.23859014520009,0.7660937202200184],[102.23929014520009,0.7794937202200192],[102.23979014520009,0.7838937202200178],[102.24199014520009,0.7835937202200185],[102.24479014520008,0.7832937202200192],[102.24789014520009,0.7843937202200184],[102.25069014520008,0.7866937202200184],[102.25249014520008,0.7905937202200182],[102.25369014520008,0.7933937202200187],[102.25679014520009,0.7963937202200189],[102.26079014520009,0.7979937202200187],[102.26419014520009,0.7998937202200178],[102.26769014520009,0.8030937202200192],[102.26869014520008,0.8077937202200189],[102.26889014520009,0.8105937202200177],[102.26539014520009,0.8129937202200193],[102.26269014520008,0.8156937202200183],[102.25899014520009,0.8205937202200193],[102.25129014520009,0.8267937202200191],[102.24519014520008,0.8317937202200181],[102.23759014520009,0.8380937202200194],[102.23199014520009,0.842493720220018],[102.22979014520008,0.8442937202200191],[102.22639014520009,0.8476937202200183],[102.22049014520009,0.8535937202200188],[102.21409014520009,0.8598937202200183],[102.20799014520009,0.8650937202200186],[102.25699014520009,0.9021937202200192],[102.25949014520009,0.9040937202200183],[102.27469014520008,0.9156937202200179],[102.3006901452001,0.9340937202200177],[102.30259014520009,0.9321937202200186],[102.30439014520009,0.9305937202200187],[102.30719014520008,0.9277937202200182],[102.3101901452001,0.924793720220018],[102.31329014520009,0.9221937202200188],[102.31619014520008,0.9196937202200193],[102.3190901452001,0.9173937202200193],[102.32259014520008,0.9147937202200183],[102.32669014520009,0.9115937202200186],[102.32689014520008,0.9084937202200187],[102.32849014520009,0.9046937202200187],[102.33229014520009,0.9018937202200181],[102.33649014520009,0.897693720220019],[102.33829014520009,0.8948937202200185],[102.34289014520009,0.8890937202200178],[102.34669014520009,0.8865937202200183]]]}},{"type":"Feature","properties":{"NAMA_PROP":"RIAU","NAMOBJ":"Sungai Solok","REMARK":null,"UUPP":"Hasil Delineasi Tahun 2018","SRS_ID":"SRGI 2013","WADMKD":"Sungai Solok","WADMKC":"Kuala Kampar","WIADKC":null,"WADMKK":"Pelalawan","WIADKK":null,"WADMPR":"Riau","Coastal_Candidate":true,"Coast_Distance_M":169.5,"Intervention":false},"geometry":{"type":"Polygon","coordinates":[[[103.29589014520009,0.615693720220019],[103.29089014520008,0.6129937202200182],[103.28649014520009,0.6159937202200183],[103.28439014520009,0.617993720220019],[103.2818901452001,0.6201937202200192],[103.27699014520009,0.6182937202200183],[103.2750901452001,0.6205937202200182],[103.27239014520009,0.618393720220018],[103.26919014520008,0.6221937202200181],[103.2514901452001,0.6159937202200183],[103.23829014520008,0.6155937202200192],[103.23379014520009,0.6197937202200183],[103.20649014520009,0.6359937202200179],[103.21459014520009,0.6496937202200179],[103.22759014520008,0.6619937202200177],[103.23159014520009,0.6655937202200182],[103.23849014520009,0.6719937202200192],[103.24279014520009,0.6768937202200185],[103.24579014520009,0.6803937202200192],[103.2488901452001,0.6833937202200193],[103.25209014520009,0.6812937202200189],[103.25749014520008,0.6762937202200181],[103.26469014520009,0.6700937202200183],[103.27009014520009,0.663693720220019],[103.27369014520009,0.6582937202200192],[103.27729014520008,0.6512937202200177],[103.28109014520008,0.6440937202200185],[103.28409014520008,0.6388937202200182],[103.28749014520008,0.632893720220018],[103.29169014520009,0.6260937202200179],[103.29309014520008,0.6228937202200182],[103.2946901452001,0.6192937202200177],[103.29589014520009,0.615693720220019]]]}},{"type":"Feature","properties":{"NAMA_PROP":"RIAU","NAMOBJ":"Sungai Tohor","REMARK":null,"UUPP":"Hasil Delineasi Tahun 2018","SRS_ID":"SRGI 2013","WADMKD":"Sungai Tohor","WADMKC":"Tebing Tinggi Timur","WIADKC":"Tebing Tinggi Timur","WADMKK":"Kepulauan Meranti","WIADKK":"Kepulauan Meranti","WADMPR":"Riau","Coastal_Candidate":true,"Coast_Distance_M":186.7,"Intervention":false},"geometry":{"type":"Polygon","coordinates":[[[102.96669014520009,0.871793720220019],[102.96469014520008,0.8665937202200187],[102.9633901452001,0.863393720220019],[102.96539014520009,0.8591937202200182],[102.9676901452001,0.8554937202200179],[102.96519014520008,0.8510937202200193],[102.9633901452001,0.8478937202200179],[102.95959014520008,0.8410937202200177],[102.95239014520008,0.8282937202200191],[102.94329014520008,0.8114937202200192],[102.94159014520008,0.8120937202200178],[102.9282901452001,0.8178937202200185],[102.91649014520009,0.8232937202200183],[102.90509014520009,0.8278937202200183],[102.89479014520009,0.8321937202200189],[102.8216901452001,0.9515937202200178],[102.82089014520008,0.954893720220019],[102.82159014520009,0.9577937202200193],[102.82029014520009,0.9609937202200189],[102.82239014520009,0.9646937202200192],[102.82379014520009,0.967493720220018],[102.8272901452001,0.9664937202200186],[102.83469014520008,0.9640937202200188],[102.83889014520008,0.9622937202200177],[102.84429014520009,0.9596937202200184],[102.85829014520009,0.9556937202200189],[102.8644901452001,0.954093720220019],[102.86849014520008,0.9524937202200192],[102.87529014520008,0.9486937202200192],[102.88049014520008,0.9444937202200183],[102.88509014520008,0.9400937202200179],[102.89229014520009,0.9348937202200194],[102.89849014520009,0.930493720220019],[102.90489014520008,0.9256937202200177],[102.9102901452001,0.9202937202200179],[102.91769014520008,0.9114937202200188],[102.92289014520009,0.9052937202200191],[102.92449014520008,0.9020937202200177],[102.92669014520008,0.8986937202200185],[102.92969014520008,0.8958937202200179],[102.93449014520009,0.8920937202200179],[102.93789014520009,0.8884937202200192],[102.9402901452001,0.8860937202200176],[102.94309014520009,0.8830937202200193],[102.94609014520009,0.8808937202200191],[102.95049014520009,0.8784937202200194],[102.95649014520009,0.8758937202200183],[102.96269014520009,0.8728937202200182],[102.96669014520009,0.871793720220019]]]}},{"type":"Feature","properties":{"NAMA_PROP":"RIAU","NAMOBJ":"Sungai Upih","REMARK":null,"UUPP":"Hasil Delineasi Tahun 2018","SRS_ID":"SRGI 2013","WADMKD":"Sungai Upih","WADMKC":"Kuala Kampar","WIADKC":null,"WADMKK":"Pelalawan","WIADKK":null,"WADMPR":"Riau","Coastal_Candidate":true,"Coast_Distance_M":0,"Intervention":false},"geometry":{"type":"Polygon","coordinates":[[[103.2488901452001,0.6833937202200193],[103.24579014520009,0.6803937202200192],[103.24279014520009,0.6768937202200185],[103.23849014520009,0.6719937202200192],[103.23159014520009,0.6655937202200182],[103.22759014520008,0.6619937202200177],[103.21459014520009,0.6496937202200179],[103.20649014520009,0.6359937202200179],[103.23379014520009,0.6197937202200183],[103.22319014520009,0.6060937202200183],[103.17879014520008,0.6247937202200191],[103.17389014520009,0.6274937202200181],[103.16949014520009,0.6292937202200193],[103.1637901452001,0.631693720220019],[103.16039014520008,0.6336937202200179],[103.15679014520009,0.6342937202200183],[103.15379014520009,0.634393720220018],[103.15149014520009,0.6346937202200191],[103.14879014520008,0.6346937202200191],[103.14849014520009,0.6383937202200194],[103.14849014520009,0.6413937202200177],[103.14849014520009,0.6441937202200183],[103.14859014520009,0.6469937202200189],[103.14859014520009,0.6496937202200179],[103.14869014520009,0.6531937202200186],[103.14879014520008,0.6565937202200178],[103.14909014520009,0.6597937202200193],[103.14929014520008,0.6629937202200189],[103.14989014520009,0.6661937202200185],[103.15149014520009,0.6700937202200183],[103.15339014520009,0.6737937202200186],[103.15569014520008,0.6772937202200193],[103.1577901452001,0.6802937202200177],[103.15999014520008,0.6830937202200182],[103.1632901452001,0.685493720220018],[103.16669014520009,0.6871937202200193],[103.16879014520009,0.6886937202200176],[103.17079014520009,0.6899937202200181],[103.17289014520009,0.6910937202200191],[103.17509014520009,0.6920937202200186],[103.17729014520009,0.6933937202200191],[103.17959014520008,0.6954937202200178],[103.18219014520008,0.696893720220018],[103.18449014520009,0.6975937202200182],[103.18729014520008,0.6983937202200181],[103.19019014520009,0.6993937202200193],[103.19309014520009,0.7001937202200192],[103.19559014520009,0.7008937202200194],[103.19809014520008,0.7012937202200185],[103.20109014520008,0.7017937202200191],[103.2043901452001,0.7022937202200179],[103.20749014520008,0.7021937202200181],[103.21089014520008,0.7020937202200184],[103.21419014520009,0.7019937202200186],[103.21689014520008,0.7016937202200193],[103.21959014520009,0.7010937202200189],[103.22309014520009,0.700293720220019],[103.22759014520008,0.6988937202200187],[103.23159014520009,0.6972937202200189],[103.23539014520009,0.6952937202200182],[103.23839014520009,0.6934937202200189],[103.24059014520009,0.6917937202200193],[103.24289014520009,0.6902937202200192],[103.24529014520009,0.6887937202200192],[103.24809014520008,0.686993720220018],[103.2488901452001,0.6833937202200193]]]}},{"type":"Feature","properties":{"NAMA_PROP":"RIAU","NAMOBJ":"Sungaibatang","REMARK":null,"UUPP":"Hasil Delineasi Tahun 2018","SRS_ID":"SRGI 2013","WADMKD":"Sungaibatang","WADMKC":"Bengkalis","WIADKC":null,"WADMKK":"Bengkalis","WIADKK":"Bengkalis","WADMPR":"Riau","Coastal_Candidate":true,"Coast_Distance_M":0,"Intervention":false},"geometry":{"type":"Polygon","coordinates":[[[102.37369014520009,1.3844937202200178],[102.3601901452001,1.364593720220018],[102.35759014520009,1.3665937202200187],[102.35449014520009,1.3692937202200177],[102.35279014520009,1.3711937202200186],[102.35109014520009,1.372993720220018],[102.3494901452001,1.3748937202200189],[102.34759014520009,1.3773937202200184],[102.34549014520009,1.380193720220019],[102.34319014520008,1.383693720220018],[102.34079014520009,1.3867937202200178],[102.33769014520009,1.390093720220019],[102.3353901452001,1.3920937202200179],[102.33359014520009,1.3934937202200182],[102.33119014520008,1.395393720220019],[102.32829014520009,1.3971937202200184],[102.32619014520009,1.3985937202200187],[102.32419014520009,1.399993720220019],[102.32199014520009,1.4017937202200184],[102.31949014520009,1.4038937202200188],[102.31769014520009,1.4067937202200191],[102.31979014520009,1.4089937202200193],[102.32259014520008,1.412593720220018],[102.32489014520009,1.4155937202200182],[102.3477901452001,1.4206937202200187],[102.3507901452001,1.4134937202200177],[102.35669014520009,1.4032937202200184],[102.35839014520009,1.4002937202200183],[102.36099014520009,1.3975937202200193],[102.36479014520009,1.3936937202200177],[102.37369014520009,1.3844937202200178]]]}},{"type":"Feature","properties":{"NAMA_PROP":"RIAU","NAMOBJ":"Sungaibela","REMARK":null,"UUPP":"Hasil Delineasi Tahun 2018","SRS_ID":"SRGI 2013","WADMKD":"Sungaibela","WADMKC":"Kuala Indragiri","WIADKC":null,"WADMKK":"Indragiri Hilir","WIADKK":null,"WADMPR":"Riau","Coastal_Candidate":true,"Coast_Distance_M":0,"Intervention":false},"geometry":{"type":"Polygon","coordinates":[[[103.67259014520009,-0.3072062797799813],[103.6936901452001,-0.3113062797799824],[103.72499014520008,-0.3160062797799821],[103.74639014520008,-0.3193062797799815],[103.74929014520009,-0.32050627977998225],[103.75249014520008,-0.3224062797799814],[103.7767901452001,-0.33710627977998087],[103.77149014520009,-0.34130627977998174],[103.76529014520008,-0.342706279779982],[103.75009014520009,-0.34380627977998124],[103.7330901452001,-0.3449062797799822],[103.71749014520009,-0.34710627977998065],[103.71009014520008,-0.34900627977998155],[103.70409014520008,-0.35040627977998184],[103.68789014520009,-0.35480627977998225],[103.68209014520009,-0.35730627977998175],[103.67649014520009,-0.36040627977998163],[103.67349014520009,-0.36390627977998236],[103.67069014520008,-0.36480627977998203],[103.66809014520008,-0.36590627977998125],[103.66569014520009,-0.3661062797799808],[103.66089014520009,-0.366006279779981],[103.65849014520009,-0.36780627977998215],[103.64929014520008,-0.37250627977998185],[103.64289014520008,-0.37560627977998173],[103.63529014520009,-0.3795062797799815],[103.62869014520008,-0.38300627977998225],[103.6238901452001,-0.38580627977998105],[103.6204901452001,-0.38750627977998064],[103.61629014520008,-0.3896062797799811],[103.61289014520008,-0.390406279779981],[103.60969014520009,-0.38910627977998224],[103.60769014520008,-0.3868062797799823],[103.6046901452001,-0.38410627977998146],[103.60069014520009,-0.38160627977998196],[103.59729014520009,-0.3795062797799815],[103.59249014520009,-0.3787062797799816],[103.58849014520008,-0.3817062797799817],[103.58269014520009,-0.3846062797799821],[103.57869014520008,-0.384306279779981],[103.57029014520009,-0.3832062797799818],[103.56509014520009,-0.38300627977998225],[103.5592901452001,-0.38390627977998193],[103.55209014520008,-0.3862062797799819],[103.54829014520008,-0.3874062797799809],[103.54349014520008,-0.3879062797799815],[103.53989014520009,-0.3874062797799809],[103.53649014520009,-0.3852062797799807],[103.53309014520009,-0.37970627977998106],[103.53029014520008,-0.3738062797799824],[103.52609014520009,-0.36780627977998215],[103.52349014520009,-0.36450627977998096],[103.52069014520009,-0.36010627977998233],[103.51729014520009,-0.35760627977998105],[103.51379014520009,-0.3569062797799809],[103.50679014520009,-0.3528062797799816],[103.50349014520009,-0.35180627977998213],[103.50129014520009,-0.3491062797799813],[103.49629014520009,-0.3486062797799807],[103.49399014520009,-0.3475062797799815],[103.49229014520009,-0.3458062797799819],[103.50399014520009,-0.3384062797799814],[103.50679014520009,-0.3367062797799818],[103.51759014520009,-0.32990627977998166],[103.54849014520009,-0.31440627977998226],[103.56029014520009,-0.3085062797799818],[103.56349014520009,-0.30690627977998197],[103.57689014520008,-0.30480627977998154],[103.57669014520009,-0.3140062797799814],[103.57949014520008,-0.3148062797799813],[103.58619014520009,-0.31580627977998077],[103.6020901452001,-0.31610627977998185],[103.61209014520009,-0.3163062797799814],[103.62619014520008,-0.3167062797799822],[103.64989014520009,-0.3154062797799817],[103.6577901452001,-0.3140062797799814],[103.66359014520009,-0.3121062797799823],[103.6688901452001,-0.3097062797799808],[103.67259014520009,-0.3072062797799813]]]}},{"type":"Feature","properties":{"NAMA_PROP":"RIAU","NAMOBJ":"Sungaibuluh","REMARK":null,"UUPP":"Hasil Delineasi Tahun 2018","SRS_ID":"SRGI 2013","WADMKD":"Sungaibuluh","WADMKC":"Kuala Indragiri","WIADKC":null,"WADMKK":"Indragiri Hilir","WIADKK":null,"WADMPR":"Riau","Coastal_Candidate":true,"Coast_Distance_M":0,"Intervention":false},"geometry":{"type":"Polygon","coordinates":[[[103.55429014520008,-0.47650627977998106],[103.54669014520009,-0.47040627977998106],[103.52999014520009,-0.4653062797799823],[103.52239014520009,-0.46570627977998136],[103.51399014520008,-0.4648062797799817],[103.50969014520008,-0.4633062797799816],[103.50649014520009,-0.46160627977998203],[103.51119014520009,-0.4477062797799807],[103.5138901452001,-0.44000627977998086],[103.51539014520009,-0.4349062797799821],[103.51789014520008,-0.4268062797799814],[103.51779014520008,-0.42200627977998195],[103.51769014520009,-0.4127062797799823],[103.51869014520008,-0.40180627977998107],[103.52059014520009,-0.3995062797799811],[103.52959014520009,-0.3978062797799815],[103.53159014520008,-0.39630627977998145],[103.53569014520009,-0.39800627977998104],[103.54149014520009,-0.39880627977998095],[103.55149014520009,-0.39740627977998066],[103.55849014520008,-0.39550627977998154],[103.56429014520009,-0.39410627977998125],[103.56989014520009,-0.3939062797799817],[103.57429014520008,-0.3957062797799811],[103.57669014520009,-0.39770627977998174],[103.58169014520008,-0.40290627977998206],[103.58429014520009,-0.40590627977998217],[103.5866901452001,-0.4084062797799817],[103.59089014520009,-0.40990627977998173],[103.59429014520009,-0.41400627977998106],[103.59749014520008,-0.41400627977998106],[103.59979014520009,-0.4153062797799816],[103.6012901452001,-0.42040627977998213],[103.60229014520009,-0.4243062797799819],[103.60269014520009,-0.42890627977998186],[103.60169014520008,-0.4335062797799818],[103.59769014520009,-0.4399062797799811],[103.5934901452001,-0.4442062797799817],[103.5892901452001,-0.4474062797799814],[103.58489014520009,-0.45130627977998117],[103.57829014520009,-0.4570062797799821],[103.5746901452001,-0.4595062797799816],[103.56989014520009,-0.4634062797799814],[103.56409014520008,-0.46820627977998086],[103.55489014520009,-0.47460627977998193],[103.55429014520008,-0.47650627977998106]]]}},{"type":"Feature","properties":{"NAMA_PROP":"RIAU","NAMOBJ":"Sungaicingam","REMARK":null,"UUPP":"Hasil Delineasi Tahun 2018","SRS_ID":"SRGI 2013","WADMKD":"Sungaicingam","WADMKC":"Rupat","WIADKC":null,"WADMKK":"Bengkalis","WIADKK":"Bengkalis","WADMPR":"Riau","Coastal_Candidate":true,"Coast_Distance_M":233.2,"Intervention":false},"geometry":{"type":"Polygon","coordinates":[[[101.77369014520009,1.9866937202200177],[101.77529014520009,1.9816937202200187],[101.77689014520008,1.9772937202200183],[101.77809014520008,1.9732937202200187],[101.7788901452001,1.970093720220019],[101.7788901452001,1.9654937202200191],[101.77909014520009,1.9620937202200182],[101.77949014520009,1.9576937202200178],[101.78089014520009,1.9538937202200177],[101.78149014520008,1.950293720220019],[101.7818901452001,1.9470937202200194],[101.78109014520008,1.9436937202200184],[101.77729014520008,1.9412937202200187],[101.7732901452001,1.9398937202200184],[101.7702901452001,1.939293720220018],[101.76549014520009,1.938493720220018],[101.76329014520009,1.935493720220018],[101.76849014520009,1.9332937202200178],[101.77169014520008,1.9326937202200192],[101.7724901452001,1.9288937202200191],[101.77129014520008,1.9238937202200184],[101.76709014520009,1.9160937202200188],[101.76409014520009,1.9126937202200178],[101.76069014520009,1.9086937202200183],[101.7565901452001,1.9036937202200193],[101.74389014520008,1.9054937202200186],[101.72619014520009,1.9079937202200181],[101.7304901452001,1.9326937202200192],[101.73089014520009,1.9402937202200192],[101.73559014520009,1.946193720220018],[101.74269014520009,1.9566937202200183],[101.7399901452001,1.9775937202200193],[101.7407901452001,1.9835937202200178],[101.74039014520008,1.9877937202200187],[101.73919014520008,1.9928937202200192],[101.7390901452001,1.994893720220018],[101.74689014520008,1.995693720220018],[101.75169014520009,1.9961937202200186],[101.75629014520008,1.9965937202200177],[101.75599014520009,1.9937937202200189],[101.75809014520009,1.9928937202200192],[101.76099014520008,1.9931937202200185],[101.76429014520009,1.9940937202200182],[101.7664901452001,1.9945937202200188],[101.76759014520009,1.9919937202200177],[101.76829014520008,1.9885937202200186],[101.76889014520009,1.9856937202200182],[101.77369014520009,1.9866937202200177]]]}},{"type":"Feature","properties":{"NAMA_PROP":"RIAU","NAMOBJ":"Sungaidanai","REMARK":null,"UUPP":"Hasil Delineasi Tahun 2018","SRS_ID":"SRGI 2013","WADMKD":"Sungaidanai","WADMKC":"Pulau Burung","WIADKC":null,"WADMKK":"Indragiri Hilir","WIADKK":null,"WADMPR":"Riau","Coastal_Candidate":true,"Coast_Distance_M":0,"Intervention":false},"geometry":{"type":"Polygon","coordinates":[[[103.47869014520009,0.4684937202200192],[103.47659014520009,0.46519372022001804],[103.47429014520009,0.4619937202200184],[103.47179014520009,0.45849372022001766],[103.46689014520008,0.45129372022001846],[103.45889014520009,0.4401937202200177],[103.4530901452001,0.4450937202200187],[103.44869014520009,0.4489937202200185],[103.44449014520009,0.45269372022001875],[103.43909014520008,0.4577937202200193],[103.43729014520008,0.4597937202200182],[103.43489014520009,0.4630937202200194],[103.4329901452001,0.46729372022001847],[103.42909014520009,0.4691937202200194],[103.42509014520009,0.47149372022001934],[103.42069014520008,0.47509372022001806],[103.4171901452001,0.47759372022001934],[103.41539014520009,0.4790937202200194],[103.4132901452001,0.4810937202200183],[103.40619014520009,0.48479372022001854],[103.40359014520008,0.48609372022001907],[103.39779014520009,0.4853937202200189],[103.39089014520009,0.4854937202200187],[103.3837901452001,0.4917937202200182],[103.38099014520009,0.49439372022001926],[103.3803901452001,0.4973937202200194],[103.37249014520009,0.5035937202200191],[103.36759014520008,0.5007937202200186],[103.36369014520008,0.4983937202200188],[103.35869014520009,0.49529372022001894],[103.3554901452001,0.49359372022001935],[103.35099014520009,0.49169372022001845],[103.34939014520009,0.5111937202200192],[103.34789014520008,0.5382937202200182],[103.3503901452001,0.5372937202200188],[103.35349014520008,0.5359937202200182],[103.35659014520009,0.5349937202200188],[103.35959014520009,0.5341937202200189],[103.36419014520008,0.5334937202200187],[103.36799014520008,0.5328937202200184],[103.37019014520008,0.5324937202200193],[103.3726901452001,0.5321937202200182],[103.37709014520009,0.5319937202200187],[103.38109014520009,0.5317937202200191],[103.38349014520008,0.531093720220019],[103.38569014520009,0.5306937202200182],[103.38839014520009,0.5296937202200187],[103.39119014520008,0.5290937202200183],[103.3940901452001,0.527693720220018],[103.39709014520008,0.5263937202200193],[103.42879014520008,0.5092937202200183],[103.43119014520009,0.5076937202200185],[103.43359014520009,0.5057937202200193],[103.4363901452001,0.5045937202200186],[103.43879014520009,0.5022937202200186],[103.44019014520009,0.5006937202200188],[103.44249014520008,0.49889372022001766],[103.44509014520008,0.4965937202200177],[103.44739014520009,0.4951937202200192],[103.44939014520008,0.49359372022001935],[103.45169014520009,0.4922937202200188],[103.45429014520009,0.4903937202200179],[103.45639014520009,0.4892937202200187],[103.4590901452001,0.4879937202200182],[103.4625901452001,0.48529372022001915],[103.46579014520009,0.48179372022001843],[103.46919014520009,0.4788937202200181],[103.47269014520009,0.4754937202200189],[103.47509014520008,0.47339372022001847],[103.47729014520009,0.4713937202200178],[103.47869014520009,0.4684937202200192]]]}},{"type":"Feature","properties":{"NAMA_PROP":"RIAU","NAMOBJ":"Sungaipanji-Panji","REMARK":null,"UUPP":"Hasil Delineasi Tahun 2018","SRS_ID":"SRGI 2013","WADMKD":"Sungaipanji-Panji","WADMKC":"Kubu Babussalam","WIADKC":null,"WADMKK":"Rokan Hilir","WIADKK":null,"WADMPR":"Riau","Coastal_Candidate":true,"Coast_Distance_M":0,"Intervention":false},"geometry":{"type":"Polygon","coordinates":[[[100.68969014520009,2.116393720220019],[100.6906901452001,2.0773937202200177],[100.69249014520008,2.0750937202200177],[100.69529014520009,2.0712937202200177],[100.69559014520009,2.0679937202200183],[100.69559014520009,2.0640937202200185],[100.69679014520008,2.0602937202200184],[100.69749014520009,2.058193720220018],[100.69809014520008,2.0502937202200187],[100.69819014520009,2.0469937202200192],[100.69919014520009,2.044093720220019],[100.70039014520009,2.040993720220019],[100.70129014520009,2.037593720220018],[100.70149014520008,2.0334937202200187],[100.70239014520008,2.0316937202200194],[100.70249014520009,2.0289937202200186],[100.70239014520008,2.0240937202200193],[100.70099014520008,2.021893720220019],[100.6988901452001,2.020093720220018],[100.69899014520009,2.014793720220018],[100.68819014520008,2.033293720220019],[100.68039014520009,2.0357937202200187],[100.67079014520009,2.045593720220019],[100.66959014520009,2.0480937202200185],[100.66839014520009,2.0502937202200187],[100.66689014520009,2.0544937202200177],[100.66559014520008,2.0590937202200177],[100.66439014520009,2.062793720220018],[100.6632901452001,2.066493720220018],[100.66229014520009,2.069693720220018],[100.66299014520008,2.0723937202200187],[100.66769014520008,2.0716937202200185],[100.66979014520008,2.0689937202200177],[100.67049014520009,2.065893720220018],[100.67169014520009,2.0643937202200178],[100.67389014520009,2.0625937202200184],[100.6782901452001,2.063593720220018],[100.68229014520008,2.065093720220018],[100.68329014520009,2.068893720220018],[100.68199014520009,2.0712937202200177],[100.68029014520009,2.072993720220019],[100.67819014520009,2.0762937202200185],[100.67429014520009,2.0777937202200185],[100.66959014520009,2.077593720220019],[100.66619014520009,2.0777937202200185],[100.66279014520009,2.0792937202200186],[100.65999014520008,2.0816937202200183],[100.65669014520009,2.0849937202200177],[100.65459014520009,2.0873937202200192],[100.65249014520009,2.089693720220019],[100.64909014520009,2.0934937202200192],[100.64699014520009,2.096993720220018],[100.64549014520009,2.100493720220019],[100.64549014520009,2.102693720220019],[100.64539014520008,2.1052937202200184],[100.64589014520008,2.1090937202200184],[100.64679014520009,2.113393720220019],[100.64879014520008,2.1182937202200183],[100.64999014520009,2.122193720220018],[100.65169014520009,2.1211937202200186],[100.65279014520009,2.123293720220019],[100.65399014520008,2.124893720220019],[100.6568901452001,2.124593720220018],[100.65989014520008,2.124093720220019],[100.66339014520008,2.123993720220019],[100.66699014520009,2.1238937202200177],[100.67089014520009,2.123393720220019],[100.67429014520009,2.1227937202200184],[100.6774901452001,2.121793720220019],[100.6812901452001,2.1208937202200193],[100.68489014520009,2.1197937202200183],[100.68749014520009,2.118393720220018],[100.68969014520009,2.116393720220019]]]}},{"type":"Feature","properties":{"NAMA_PROP":"RIAU","NAMOBJ":"Sungaiselari","REMARK":null,"UUPP":"Hasil Delineasi Tahun 2018","SRS_ID":"SRGI 2013","WADMKD":"Sungaiselari","WADMKC":"Bukit Batu","WIADKC":null,"WADMKK":"Bengkalis","WIADKK":"Bengkalis","WADMPR":"Riau","Coastal_Candidate":true,"Coast_Distance_M":0,"Intervention":false},"geometry":{"type":"Polygon","coordinates":[[[102.15329014520009,1.359593720220019],[102.14809014520009,1.359593720220019],[102.14459014520008,1.3591937202200182],[102.14399014520009,1.3562937202200178],[102.13619014520009,1.3591937202200182],[102.13599014520008,1.361093720220019],[102.13599014520008,1.3640937202200192],[102.1358901452001,1.3677937202200177],[102.13579014520009,1.3711937202200186],[102.13569014520009,1.374493720220018],[102.13689014520008,1.376793720220018],[102.13939014520008,1.3807937202200193],[102.14229014520009,1.3799937202200177],[102.14479014520009,1.3788937202200184],[102.14809014520009,1.3787937202200187],[102.14969014520008,1.3766937202200182],[102.15189014520008,1.3737937202200179],[102.15329014520009,1.359593720220019]]]}},{"type":"Feature","properties":{"NAMA_PROP":"RIAU","NAMOBJ":"Sungaisimbar","REMARK":null,"UUPP":"Hasil Delineasi Tahun 2018","SRS_ID":"SRGI 2013","WADMKD":"Sungaisimbar","WADMKC":"Kateman","WIADKC":null,"WADMKK":"Indragiri Hilir","WIADKK":null,"WADMPR":"Riau","Coastal_Candidate":true,"Coast_Distance_M":0,"Intervention":false},"geometry":{"type":"Polygon","coordinates":[[[103.77519014520009,0.09079372022001841],[103.74579014520009,0.07969372022001764],[103.73089014520009,0.0852937202200188],[103.73429014520009,0.0750937202200177],[103.70099014520008,0.06289372022001771],[103.69809014520008,0.07119372022001791],[103.69569014520009,0.070393720220018],[103.69339014520008,0.06989372022001916],[103.69139014520009,0.06969372022001785],[103.68839014520009,0.0689937202200177],[103.68449014520009,0.0678937202200185],[103.68149014520009,0.0675937202200192],[103.67459014520009,0.06639372022001844],[103.66909014520009,0.09199372022001917],[103.68409014520009,0.09499372022001928],[103.7039901452001,0.09899372022001884],[103.7227901452001,0.10449372022001846],[103.75039014520009,0.11359372022001857],[103.7715901452001,0.12059372022001824],[103.77209014520008,0.11779372022001766],[103.7724901452001,0.11359372022001857],[103.77339014520008,0.11029372022001915],[103.77379014520008,0.10639372022001936],[103.77379014520008,0.10389372022001808],[103.7741901452001,0.10159372022001811],[103.77489014520009,0.09839372022001847],[103.77469014520008,0.09269372022001932],[103.77519014520009,0.09079372022001841]]]}},{"type":"Feature","properties":{"NAMA_PROP":"RIAU","NAMOBJ":"Sungaisiput","REMARK":null,"UUPP":"Hasil Delineasi Tahun 2018","SRS_ID":"SRGI 2013","WADMKD":"Sungaisiput","WADMKC":"Siak Kecil","WIADKC":null,"WADMKK":"Bengkalis","WIADKK":"Bengkalis","WADMPR":"Riau","Coastal_Candidate":true,"Coast_Distance_M":148,"Intervention":false},"geometry":{"type":"MultiPolygon","coordinates":[[[[102.15379014520009,1.205593720220019],[102.15069014520009,1.2059937202200182],[102.14819014520009,1.2043937202200183],[102.14479014520009,1.203793720220018],[102.1405901452001,1.203393720220019],[102.13839014520009,1.203393720220019],[102.13769014520008,1.2057937202200186],[102.13739014520009,1.208393720220018],[102.1341901452001,1.2092937202200194],[102.13539014520009,1.2155937202200189],[102.13259014520008,1.2164937202200186],[102.13029014520009,1.2173937202200182],[102.13519014520008,1.2190937202200178],[102.13569014520009,1.2248937202200185],[102.13279014520009,1.2293937202200187],[102.13679014520008,1.2344937202200192],[102.13989014520008,1.2367937202200192],[102.14289014520008,1.2374937202200194],[102.14499014520008,1.2361937202200188],[102.1478901452001,1.235793720220018],[102.14849014520009,1.2381937202200177],[102.14679014520009,1.2401937202200184],[102.14429014520009,1.2428937202200192],[102.14469014520009,1.245293720220019],[102.14809014520009,1.246493720220018],[102.14819014520009,1.250293720220018],[102.14589014520008,1.2541937202200177],[102.14439014520009,1.256693720220019],[102.14559014520009,1.2585937202200181],[102.14669014520008,1.260893720220018],[102.1482901452001,1.2629937202200185],[102.14989014520009,1.2652937202200185],[102.1508901452001,1.2626937202200192],[102.15309014520008,1.2576937202200185],[102.15409014520009,1.2544937202200188],[102.15549014520009,1.248293720220019],[102.1568901452001,1.2422937202200188],[102.15789014520008,1.238093720220018],[102.15849014520009,1.2348937202200183],[102.15909014520008,1.230493720220018],[102.15929014520009,1.2262937202200188],[102.15889014520009,1.2230937202200192],[102.15809014520009,1.2186937202200188],[102.15509014520009,1.2122937202200177],[102.15369014520009,1.2094937202200189],[102.15379014520009,1.205593720220019]]],[[[102.16399014520009,1.2005937202200183],[102.1602901452001,1.2001937202200192],[102.16249014520008,1.2030937202200178],[102.16469014520008,1.2064937202200188],[102.16699014520009,1.2081937202200184],[102.16599014520008,1.2046937202200176],[102.16529014520009,1.2023937202200177],[102.16399014520009,1.2005937202200183]]]]}},{"type":"Feature","properties":{"NAMA_PROP":"RIAU","NAMOBJ":"Sungaiteritip","REMARK":null,"UUPP":"Hasil Delineasi Tahun 2018","SRS_ID":"SRGI 2013","WADMKD":"Sungaiteritip","WADMKC":"Kateman","WIADKC":null,"WADMKK":"Indragiri Hilir","WIADKK":null,"WADMPR":"Riau","Coastal_Candidate":true,"Coast_Distance_M":0,"Intervention":false},"geometry":{"type":"Polygon","coordinates":[[[103.73539014520009,0.25859372022001814],[103.72679014520008,0.2545937202200186],[103.72349014520009,0.2519937202200193],[103.72189014520009,0.2495937202200178],[103.7159901452001,0.24859372022001835],[103.70669014520008,0.2470937202200183],[103.7022901452001,0.24699372022001853],[103.69849014520008,0.25079372022001856],[103.69059014520009,0.257893720220018],[103.6833901452001,0.261693720220018],[103.66529014520009,0.27039372022001906],[103.63669014520009,0.2865937202200186],[103.63969014520009,0.29069372022001794],[103.64099014520009,0.2946937202200193],[103.64109014520008,0.29869372022001883],[103.63999014520009,0.30729372022001833],[103.6401901452001,0.3125937202200184],[103.64129014520009,0.31719372022001835],[103.64439014520009,0.3260937202200189],[103.64619014520008,0.33109372022001793],[103.64949014520009,0.3368937202200186],[103.65209014520009,0.33599372022001894],[103.65499014520009,0.33489372022001795],[103.65829014520008,0.33349372022001766],[103.66079014520008,0.3321937202200189],[103.66279014520009,0.33109372022001793],[103.66669014520009,0.32909372022001904],[103.67029014520008,0.32719372022001814],[103.67279014520008,0.3258937202200194],[103.67599014520009,0.3242937202200178],[103.67889014520009,0.3231937202200186],[103.6812901452001,0.31889372022001794],[103.68649014520008,0.3134937202200181],[103.69229014520009,0.30809372022001824],[103.70189014520008,0.30029372022001866],[103.70649014520009,0.2960937202200178],[103.70889014520009,0.2926937202200186],[103.71129014520008,0.289893720220018],[103.71469014520008,0.2876937202200178],[103.7176901452001,0.2844937202200182],[103.72089014520009,0.2832937202200192],[103.72289014520008,0.2804937202200186],[103.72459014520008,0.27739372022001874],[103.72649014520009,0.27459372022001816],[103.72819014520009,0.2713937202200185],[103.7300901452001,0.26859372022001793],[103.73269014520008,0.26459372022001837],[103.73419014520009,0.261693720220018],[103.73539014520009,0.25859372022001814]]]}},{"type":"Feature","properties":{"NAMA_PROP":"RIAU","NAMOBJ":"Sungaiundan","REMARK":null,"UUPP":"Hasil Delineasi Tahun 2018","SRS_ID":"SRGI 2013","WADMKD":"Sungaiundan","WADMKC":"Reteh","WIADKC":null,"WADMKK":"Indragiri Hilir","WIADKK":null,"WADMPR":"Riau","Coastal_Candidate":true,"Coast_Distance_M":0,"Intervention":false},"geometry":{"type":"Polygon","coordinates":[[[103.41509014520008,-0.6754062797799811],[103.4132901452001,-0.6794062797799807],[103.40929014520009,-0.6838062797799811],[103.40569014520008,-0.687206279779982],[103.40109014520009,-0.6905062797799815],[103.39649014520009,-0.6926062797799819],[103.39069014520008,-0.6939062797799807],[103.38629014520009,-0.6936062797799813],[103.38189014520009,-0.6928062797799814],[103.37789014520008,-0.6921062797799813],[103.3738901452001,-0.6919062797799818],[103.37029014520009,-0.693006279779981],[103.36509014520009,-0.6944062797799813],[103.36049014520009,-0.6953062797799809],[103.35489014520009,-0.6958062797799816],[103.34749014520008,-0.6961062797799809],[103.33889014520008,-0.6951062797799814],[103.33389014520009,-0.694506279779981],[103.33009014520009,-0.6947062797799823],[103.32649014520008,-0.6960062797799811],[103.32289014520009,-0.6969062797799808],[103.31429014520009,-0.6988062797799817],[103.31449014520008,-0.7025062797799819],[103.32289014520009,-0.7013062797799812],[103.32849014520009,-0.7004062797799815],[103.3332901452001,-0.6996062797799816],[103.34129014520009,-0.6985062797799824],[103.34689014520009,-0.6999062797799809],[103.35429014520008,-0.699406279779982],[103.35869014520009,-0.6993062797799823],[103.36589014520008,-0.699406279779982],[103.37129014520009,-0.6993062797799823],[103.37929014520009,-0.6990062797799812],[103.38469014520008,-0.6987062797799819],[103.38909014520009,-0.7016062797799822],[103.39229014520009,-0.7045062797799808],[103.39719014520008,-0.7108062797799821],[103.3901901452001,-0.7082062797799811],[103.37809014520009,-0.7037062797799809],[103.36429014520009,-0.7047062797799821],[103.34939014520009,-0.7062062797799822],[103.32929014520009,-0.7173062797799812],[103.32539014520009,-0.717406279779981],[103.32249014520009,-0.718906279779981],[103.30639014520008,-0.7196062797799812],[103.29909014520008,-0.7252062797799823],[103.29009014520008,-0.7316062797799816],[103.28519014520009,-0.7320062797799807],[103.27649014520009,-0.7312062797799808],[103.27179014520009,-0.7298062797799822],[103.25289014520008,-0.7597062797799818],[103.24739014520009,-0.770306279779982],[103.24289014520009,-0.7699062797799812],[103.22949014520009,-0.7652062797799815],[103.23289014520009,-0.755806279779982],[103.23499014520009,-0.7481062797799822],[103.23609014520008,-0.7438062797799816],[103.23679014520009,-0.7400062797799816],[103.2356901452001,-0.7366062797799806],[103.23639014520009,-0.7316062797799816],[103.23629014520009,-0.7266062797799808],[103.23639014520009,-0.7235062797799809],[103.23799014520009,-0.7185062797799819],[103.23839014520009,-0.7133062797799816],[103.23869014520008,-0.7093062797799821],[103.23869014520008,-0.7054062797799823],[103.23859014520009,-0.702906279779981],[103.24159014520009,-0.7011062797799816],[103.24469014520008,-0.6984062797799808],[103.24629014520009,-0.6965062797799817],[103.24089014520008,-0.694106279779982],[103.23879014520008,-0.6921062797799813],[103.23439014520008,-0.6889062797799816],[103.23249014520009,-0.6855062797799807],[103.2347901452001,-0.6824062797799808],[103.23679014520009,-0.6816062797799809],[103.23979014520009,-0.6805062797799817],[103.24479014520008,-0.6799062797799813],[103.24869014520009,-0.6800062797799811],[103.25359014520009,-0.6798062797799815],[103.25799014520008,-0.6792062797799812],[103.2613901452001,-0.6782062797799817],[103.26599014520009,-0.6765062797799821],[103.27099014520009,-0.6745062797799815],[103.27469014520008,-0.673506279779982],[103.27749014520009,-0.6729062797799816],[103.28009014520009,-0.6739062797799811],[103.27999014520009,-0.6767062797799817],[103.27969014520009,-0.6804062797799819],[103.2792901452001,-0.6863062797799824],[103.28329014520008,-0.6865062797799819],[103.28749014520008,-0.6867062797799814],[103.31409014520008,-0.682306279779981],[103.3233901452001,-0.6790062797799816],[103.33269014520009,-0.6756062797799807],[103.34019014520008,-0.6729062797799816],[103.35229014520009,-0.6691062797799816],[103.35489014520009,-0.6684062797799815],[103.38489014520009,-0.6707062797799814],[103.40219014520008,-0.6739062797799811],[103.41509014520008,-0.6754062797799811]]]}},{"type":"Feature","properties":{"NAMA_PROP":"RIAU","NAMOBJ":"Tanah Merah","REMARK":null,"UUPP":"Hasil Delineasi Tahun 2018","SRS_ID":"SRGI 2013","WADMKD":"Tanah Merah","WADMKC":"Rangsang Pesisir","WIADKC":"Rangsang Pesisir","WADMKK":"Kepulauan Meranti","WIADKK":"Kepulauan Meranti","WADMPR":"Riau","Coastal_Candidate":true,"Coast_Distance_M":0,"Intervention":false},"geometry":{"type":"Polygon","coordinates":[[[102.82119014520009,1.1456937202200184],[102.8195901452001,1.1416937202200188],[102.8173901452001,1.1346937202200191],[102.81589014520009,1.1296937202200183],[102.81379014520009,1.122993720220018],[102.81289014520009,1.1200937202200176],[102.80999014520009,1.1108937202200178],[102.78149014520008,1.1100937202200178],[102.77869014520009,1.1195937202200188],[102.7745901452001,1.1333937202200186],[102.77359014520009,1.1460937202200192],[102.7728901452001,1.1581937202200177],[102.77669014520009,1.157293720220018],[102.78029014520008,1.1569937202200187],[102.78409014520008,1.1559937202200192],[102.78689014520009,1.155293720220019],[102.7899901452001,1.1543937202200176],[102.79209014520009,1.1538937202200188],[102.79399014520008,1.1533937202200182],[102.79719014520009,1.1525937202200183],[102.80039014520008,1.1517937202200184],[102.80429014520008,1.1509937202200184],[102.8079901452001,1.1501937202200185],[102.81129014520009,1.1493937202200186],[102.81429014520009,1.1479937202200183],[102.81639014520009,1.1470937202200187],[102.81889014520009,1.1463937202200185],[102.82119014520009,1.1456937202200184]]]}},{"type":"Feature","properties":{"NAMA_PROP":"RIAU","NAMOBJ":"Tanjung Bakau","REMARK":null,"UUPP":"Hasil Delineasi Tahun 2018","SRS_ID":"SRGI 2013","WADMKD":"Tanjung Bakau","WADMKC":"Rangsang","WIADKC":"Rangsang","WADMKK":"Kepulauan Meranti","WIADKK":"Kepulauan Meranti","WADMPR":"Riau","Coastal_Candidate":true,"Coast_Distance_M":0,"Intervention":false},"geometry":{"type":"Polygon","coordinates":[[[103.12399014520008,0.8781937202200183],[103.12679014520009,0.8770937202200191],[103.12889014520009,0.8675937202200181],[103.12919014520008,0.8549937202200191],[103.12919014520008,0.8507937202200182],[103.12739014520008,0.8433937202200177],[103.12589014520009,0.8383937202200187],[103.12489014520008,0.834893720220018],[103.12379014520009,0.8321937202200189],[103.1191901452001,0.8310937202200179],[103.11509014520009,0.8301937202200182],[103.11189014520009,0.8297937202200192],[103.10859014520008,0.8289937202200193],[103.10519014520008,0.8286937202200182],[103.10229014520009,0.827993720220018],[103.0994901452001,0.8278937202200183],[103.09899014520009,0.8339937202200183],[103.10179014520008,0.8347937202200182],[103.10189014520009,0.8370937202200182],[103.10159014520009,0.840193720220018],[103.10429014520008,0.8449937202200193],[103.1089901452001,0.852393720220018],[103.11059014520009,0.8556937202200192],[103.11209014520009,0.8601937202200194],[103.11439014520009,0.8702937202200189],[103.11559014520009,0.8745937202200178],[103.11649014520009,0.8792937202200193],[103.12399014520008,0.8781937202200183]]]}},{"type":"Feature","properties":{"NAMA_PROP":"RIAU","NAMOBJ":"Tanjung Darul Takzim","REMARK":null,"UUPP":"Hasil Delineasi Tahun 2018","SRS_ID":"SRGI 2013","WADMKD":"Tanjung Darul Takzim","WADMKC":"Tebing Tinggi Barat","WIADKC":"Tebing Tinggi Barat","WADMKK":"Kepulauan Meranti","WIADKK":"Kepulauan Meranti","WADMPR":"Riau","Coastal_Candidate":true,"Coast_Distance_M":0,"Intervention":false},"geometry":{"type":"Polygon","coordinates":[[[102.70259014520009,0.9547937202200192],[102.69989014520009,0.9521937202200181],[102.69789014520009,0.9499937202200179],[102.69639014520008,0.9478937202200193],[102.69499014520008,0.945393720220018],[102.6940901452001,0.9431937202200178],[102.69349014520009,0.9398937202200184],[102.69329014520008,0.9372937202200191],[102.69379014520008,0.9347937202200178],[102.69469014520008,0.9329937202200185],[102.69159014520008,0.930493720220019],[102.6893901452001,0.9292937202200182],[102.68679014520009,0.9274937202200189],[102.68479014520008,0.9264937202200176],[102.68309014520008,0.9251937202200189],[102.68149014520009,0.9218937202200177],[102.67979014520009,0.9190937202200189],[102.67939014520009,0.9164937202200178],[102.67959014520008,0.9130937202200187],[102.68099014520008,0.9088937202200178],[102.68099014520008,0.9041937202200181],[102.67969014520008,0.8996937202200179],[102.67779014520009,0.8936937202200177],[102.67539014520008,0.8897937202200179],[102.67379014520009,0.8871937202200186],[102.66339014520008,0.869193720220018],[102.66079014520008,0.8654937202200177],[102.64669014520008,0.8448937202200177],[102.64469014520009,0.8418937202200176],[102.63839014520009,0.8329937202200188],[102.63749014520009,0.8352937202200188],[102.63709014520009,0.8376937202200185],[102.63609014520009,0.8405937202200189],[102.63839014520009,0.8429937202200186],[102.63709014520009,0.8464937202200193],[102.63339014520008,0.8467937202200186],[102.6311901452001,0.8487937202200193],[102.6281901452001,0.849693720220019],[102.6238901452001,0.8509937202200177],[102.6217901452001,0.8544937202200185],[102.6217901452001,0.8581937202200187],[102.61939014520009,0.8613937202200184],[102.61889014520008,0.8649937202200189],[102.61939014520009,0.8687937202200189],[102.61789014520009,0.8718937202200188],[102.61649014520009,0.8758937202200183],[102.61629014520008,0.8787937202200187],[102.61599014520009,0.8808937202200191],[102.6157901452001,0.8838937202200192],[102.61589014520008,0.8869937202200191],[102.61569014520009,0.8895937202200184],[102.61599014520009,0.8919937202200181],[102.61659014520009,0.8943937202200178],[102.61819014520009,0.8971937202200184],[102.62139014520008,0.8995937202200182],[102.62399014520008,0.9016937202200186],[102.62629014520009,0.903793720220019],[102.62769014520009,0.9073937202200177],[102.62849014520009,0.9103937202200179],[102.6303901452001,0.9131937202200184],[102.63349014520008,0.9154937202200184],[102.63709014520009,0.9180937202200177],[102.63879014520009,0.9213937202200189],[102.63999014520009,0.9256937202200177],[102.64099014520009,0.9288937202200191],[102.64139014520009,0.9318937202200193],[102.64169014520009,0.9371937202200193],[102.64209014520009,0.9390937202200185],[102.64279014520008,0.9422937202200181],[102.6435901452001,0.9454937202200178],[102.6448901452001,0.947993720220019],[102.64639014520009,0.9499937202200179],[102.64909014520009,0.951493720220018],[102.65209014520009,0.9526937202200187],[102.65589014520009,0.9535937202200184],[102.65919014520009,0.9542937202200186],[102.66269014520009,0.9546937202200176],[102.66559014520008,0.9550937202200185],[102.66959014520009,0.9557937202200186],[102.67419014520009,0.9565937202200185],[102.6791901452001,0.9577937202200193],[102.68379014520009,0.958693720220019],[102.68849014520009,0.958693720220019],[102.6919901452001,0.9579937202200188],[102.6962901452001,0.9569937202200194],[102.69999014520009,0.9561937202200177],[102.70259014520009,0.9547937202200192]]]}},{"type":"Feature","properties":{"NAMA_PROP":"RIAU","NAMOBJ":"Tanjung Gadai","REMARK":null,"UUPP":"Hasil Delineasi Tahun 2018","SRS_ID":"SRGI 2013","WADMKD":"Tanjung Gadai","WADMKC":"Tebing Tinggi Timur","WIADKC":"Tebing Tinggi Timur","WADMKK":"Kepulauan Meranti","WIADKK":"Kepulauan Meranti","WADMPR":"Riau","Coastal_Candidate":true,"Coast_Distance_M":0,"Intervention":false},"geometry":{"type":"Polygon","coordinates":[[[103.04419014520009,0.7599937202200184],[103.04289014520009,0.7478937202200182],[103.04369014520009,0.7384937202200188],[103.0446901452001,0.7300937202200188],[103.04529014520008,0.7216937202200189],[103.04329014520009,0.7166937202200181],[103.04289014520009,0.7131937202200191],[103.04099014520008,0.7111937202200185],[103.03849014520009,0.7088937202200185],[103.03469014520009,0.7072937202200187],[103.03209014520009,0.7046937202200176],[103.02909014520009,0.701493720220018],[103.02609014520009,0.6986937202200192],[103.02229014520009,0.6946937202200179],[103.02009014520009,0.6906937202200183],[103.01789014520008,0.688093720220019],[103.01719014520009,0.6859937202200186],[103.01319014520008,0.6861937202200181],[103.0091901452001,0.6867937202200185],[103.00559014520009,0.6873937202200189],[103.00269014520009,0.6878937202200177],[103.00009014520009,0.6881937202200188],[102.9971901452001,0.6887937202200192],[102.99399014520009,0.6897937202200186],[102.99049014520008,0.6925937202200192],[102.98829014520008,0.6954937202200178],[102.98989014520009,0.6971937202200191],[102.99569014520009,0.7033937202200189],[102.99779014520009,0.7070937202200192],[103.00209014520009,0.708693720220019],[102.99989014520008,0.7128937202200181],[103.00349014520009,0.716293720220019],[103.01129014520009,0.7242937202200181],[103.01269014520008,0.7268937202200192],[103.01489014520008,0.7309937202200185],[103.02089014520008,0.738393720220019],[103.02129014520008,0.7696937202200189],[103.02789014520009,0.7674937202200187],[103.03739014520009,0.7640937202200178],[103.04069014520009,0.7620937202200189],[103.04419014520009,0.7599937202200184]]]}},{"type":"Feature","properties":{"NAMA_PROP":"RIAU","NAMOBJ":"Tanjung Gemuk","REMARK":null,"UUPP":"Hasil Delineasi Tahun 2018","SRS_ID":"SRGI 2013","WADMKD":"Tanjung Gemuk","WADMKC":"Rangsang","WIADKC":"Rangsang","WADMKK":"Kepulauan Meranti","WIADKK":"Kepulauan Meranti","WADMPR":"Riau","Coastal_Candidate":true,"Coast_Distance_M":0,"Intervention":false},"geometry":{"type":"Polygon","coordinates":[[[103.12379014520009,0.8321937202200189],[103.12489014520008,0.834893720220018],[103.12589014520009,0.8383937202200187],[103.12739014520008,0.8433937202200177],[103.12919014520008,0.8507937202200182],[103.12919014520008,0.8549937202200191],[103.12889014520009,0.8675937202200181],[103.12679014520009,0.8770937202200191],[103.12399014520008,0.8781937202200183],[103.12629014520009,0.8841937202200185],[103.13259014520008,0.8852937202200177],[103.13959014520009,0.8864937202200185],[103.14979014520009,0.8880937202200183],[103.15569014520008,0.8886937202200187],[103.15739014520008,0.8861937202200192],[103.15669014520009,0.8838937202200192],[103.15609014520008,0.8811937202200184],[103.15449014520009,0.8782937202200181],[103.15359014520008,0.8756937202200188],[103.15269014520008,0.8728937202200182],[103.15309014520008,0.8697937202200183],[103.15489014520008,0.866893720220018],[103.15569014520008,0.8640937202200192],[103.15499014520009,0.8613937202200184],[103.15369014520009,0.8582937202200185],[103.15309014520008,0.8545937202200182],[103.15309014520008,0.851193720220019],[103.15109014520009,0.847393720220019],[103.14839014520008,0.8444937202200187],[103.14619014520008,0.8416937202200181],[103.14269014520009,0.8396937202200192],[103.13989014520008,0.8384937202200184],[103.13649014520009,0.8373937202200192],[103.13249014520008,0.8357937202200176],[103.12979014520009,0.8342937202200194],[103.12709014520009,0.8332937202200181],[103.12379014520009,0.8321937202200189]]]}},{"type":"Feature","properties":{"NAMA_PROP":"RIAU","NAMOBJ":"Tanjung Kedabu","REMARK":null,"UUPP":"Hasil Delineasi Tahun 2018","SRS_ID":"SRGI 2013","WADMKD":"Tanjung Kedabu","WADMKC":"Rangsang Pesisir","WIADKC":"Rangsang Pesisir","WADMKK":"Kepulauan Meranti","WIADKK":"Kepulauan Meranti","WADMPR":"Riau","Coastal_Candidate":true,"Coast_Distance_M":0,"Intervention":false},"geometry":{"type":"Polygon","coordinates":[[[103.01939014520009,1.045593720220019],[103.0087901452001,1.031893720220019],[102.99559014520008,1.0149937202200192],[102.97339014520009,0.984593720220019],[102.9616901452001,0.9928937202200192],[102.94579014520009,1.0041937202200177],[102.93329014520009,1.0129937202200185],[102.91849014520008,1.017793720220018],[102.91619014520009,1.0184937202200182],[102.90639014520009,1.0216937202200178],[102.89389014520009,1.0258937202200187],[102.91049014520009,1.055193720220018],[102.91579014520009,1.0646937202200188],[102.92179014520009,1.0751937202200192],[102.9299901452001,1.0896937202200192],[102.93319014520009,1.0953937202200184],[102.93499014520009,1.0984937202200182],[102.93819014520008,1.105493720220018],[102.94079014520008,1.1045937202200182],[102.94419014520008,1.1033937202200192],[102.9470901452001,1.1021937202200185],[102.94949014520009,1.1013937202200186],[102.95379014520009,1.0999937202200183],[102.9577901452001,1.0987937202200193],[102.96089014520008,1.0979937202200176],[102.96399014520009,1.0968937202200184],[102.96709014520009,1.0960937202200185],[102.96989014520008,1.0949937202200193],[102.97359014520009,1.0937937202200185],[102.9762901452001,1.0926937202200193],[102.9796901452001,1.091293720220019],[102.98199014520009,1.0890937202200188],[102.9839901452001,1.0881937202200191],[102.98619014520008,1.0864937202200178],[102.98859014520009,1.0841937202200178],[102.9911901452001,1.0822937202200187],[102.99329014520009,1.0803937202200178],[102.99449014520009,1.0774937202200192],[102.99969014520009,1.0720937202200194],[103.00309014520009,1.0682937202200193],[103.00689014520009,1.063893720220019],[103.01249014520009,1.054693720220019],[103.01939014520009,1.045593720220019]]]}},{"type":"Feature","properties":{"NAMA_PROP":"RIAU","NAMOBJ":"Tanjung Kuras","REMARK":null,"UUPP":"Hasil Delineasi Tahun 2018","SRS_ID":"SRGI 2013","WADMKD":"Tanjung Kuras","WADMKC":"Sungai Apit","WIADKC":"Sungai Apit","WADMKK":"Siak","WIADKK":"Siak","WADMPR":"Riau","Coastal_Candidate":true,"Coast_Distance_M":239.1,"Intervention":true},"geometry":{"type":"Polygon","coordinates":[[[102.17389014520009,1.227693720220019],[102.17849014520009,1.220893720220019],[102.18149014520009,1.2152937202200178],[102.18459014520009,1.2056937202200189],[102.1868901452001,1.1986937202200192],[102.18799014520009,1.1908937202200178],[102.18949014520008,1.1797937202200188],[102.19049014520009,1.1730937202200185],[102.19109014520009,1.1684937202200185],[102.19259014520009,1.1574937202200193],[102.19329014520008,1.1500937202200188],[102.18119014520009,1.1487937202200182],[102.17079014520009,1.1478937202200186],[102.16769014520008,1.148493720220019],[102.16449014520009,1.1509937202200184],[102.15939014520009,1.151493720220019],[102.1568901452001,1.1551937202200193],[102.15569014520008,1.1582937202200192],[102.15379014520009,1.163393720220018],[102.15439014520008,1.166793720220019],[102.15639014520009,1.1710937202200178],[102.16399014520009,1.1752937202200187],[102.16739014520009,1.1774937202200189],[102.1688901452001,1.1802937202200177],[102.16859014520008,1.1843937202200188],[102.16739014520009,1.1881937202200188],[102.16509014520008,1.1913937202200184],[102.16339014520008,1.1959937202200184],[102.16399014520009,1.2005937202200183],[102.16529014520009,1.2023937202200177],[102.16599014520008,1.2046937202200176],[102.16699014520009,1.2081937202200184],[102.16839014520009,1.211393720220018],[102.16859014520008,1.213993720220019],[102.16869014520009,1.216693720220018],[102.16839014520009,1.2194937202200187],[102.16839014520009,1.2237937202200193],[102.16849014520008,1.2280937202200182],[102.17389014520009,1.227693720220019]]]}},{"type":"Feature","properties":{"NAMA_PROP":"RIAU","NAMOBJ":"Tanjung Medang","REMARK":null,"UUPP":"Hasil Delineasi Tahun 2018","SRS_ID":"SRGI 2013","WADMKD":"Tanjung Medang","WADMKC":"Rangsang","WIADKC":"Rangsang","WADMKK":"Kepulauan Meranti","WIADKK":"Kepulauan Meranti","WADMPR":"Riau","Coastal_Candidate":true,"Coast_Distance_M":37.1,"Intervention":false},"geometry":{"type":"Polygon","coordinates":[[[103.11659014520009,0.9394937202200193],[103.11799014520008,0.9364937202200192],[103.11889014520008,0.9334937202200191],[103.12059014520008,0.930893720220018],[103.12249014520009,0.928193720220019],[103.12429014520009,0.9259937202200188],[103.12629014520009,0.9238937202200184],[103.12839014520009,0.9216937202200182],[103.13069014520009,0.9195937202200177],[103.13259014520008,0.9178937202200181],[103.13489014520009,0.9156937202200179],[103.13739014520009,0.9128937202200191],[103.13929014520009,0.9104937202200176],[103.14139014520009,0.9084937202200187],[103.14339014520009,0.9063937202200183],[103.14589014520008,0.9035937202200177],[103.14849014520009,0.9007937202200189],[103.15029014520009,0.8980937202200181],[103.15289014520009,0.8951937202200178],[103.15419014520009,0.8920937202200179],[103.15569014520008,0.8886937202200187],[103.14979014520009,0.8880937202200183],[103.13959014520009,0.8864937202200185],[103.13259014520008,0.8852937202200177],[103.12629014520009,0.8841937202200185],[103.12399014520008,0.8781937202200183],[103.11649014520009,0.8792937202200193],[103.10049014520008,0.890493720220018],[103.09199014520009,0.8865937202200183],[103.0823901452001,0.8952937202200193],[103.06419014520009,0.9166937202200192],[103.06129014520009,0.9201937202200181],[103.05879014520009,0.9231937202200182],[103.05439014520009,0.928193720220019],[103.05149014520009,0.9312937202200189],[103.05519014520009,0.9333937202200193],[103.0583901452001,0.9347937202200178],[103.0643901452001,0.9373937202200189],[103.07069014520009,0.9401937202200177],[103.07739014520008,0.9405937202200185],[103.0857901452001,0.9405937202200185],[103.0909901452001,0.9404937202200188],[103.0952901452001,0.9399937202200181],[103.0994901452001,0.9383937202200183],[103.10349014520008,0.9371937202200193],[103.10599014520008,0.9367937202200185],[103.10869014520009,0.9360937202200184],[103.11119014520008,0.9358937202200188],[103.1131901452001,0.9366937202200187],[103.11459014520008,0.938093720220019],[103.11659014520009,0.9394937202200193]]]}},{"type":"Feature","properties":{"NAMA_PROP":"RIAU","NAMOBJ":"Tanjung Padang","REMARK":null,"UUPP":"Hasil Delineasi Tahun 2018","SRS_ID":"SRGI 2013","WADMKD":"Tanjung Padang","WADMKC":"Tasik Putri Puyu","WIADKC":"Tasik Putri Puyu","WADMKK":"Kepulauan Meranti","WIADKK":"Kepulauan Meranti","WADMPR":"Riau","Coastal_Candidate":true,"Coast_Distance_M":0,"Intervention":false},"geometry":{"type":"Polygon","coordinates":[[[102.30339014520008,1.4015937202200188],[102.29509014520009,1.3939937202200188],[102.29019014520009,1.3871937202200186],[102.28849014520009,1.384793720220019],[102.28139014520009,1.374793720220019],[102.31169014520009,1.3376937202200185],[102.31929014520009,1.3282937202200191],[102.31629014520009,1.323793720220019],[102.31559014520009,1.306693720220018],[102.31049014520009,1.299393720220019],[102.31059014520008,1.2960937202200178],[102.30619014520009,1.2930937202200177],[102.29879014520009,1.2817937202200191],[102.2942901452001,1.2765937202200188],[102.28149014520008,1.266593720220019],[102.27899014520008,1.2646937202200181],[102.26339014520009,1.2548937202200179],[102.25389014520009,1.2496937202200193],[102.25129014520009,1.2496937202200193],[102.2433901452001,1.2498937202200189],[102.2347901452001,1.249093720220019],[102.23059014520008,1.2465937202200177],[102.22809014520008,1.244493720220019],[102.22499014520008,1.242693720220018],[102.2227901452001,1.246793720220019],[102.22089014520009,1.249793720220019],[102.21899014520008,1.252093720220019],[102.21699014520009,1.2549937202200177],[102.21579014520009,1.257493720220019],[102.21479014520008,1.259393720220018],[102.2137901452001,1.2611937202200192],[102.21219014520008,1.2641937202200193],[102.21019014520009,1.2670937202200179],[102.20849014520009,1.270393720220019],[102.20759014520009,1.273493720220019],[102.2060901452001,1.2768937202200181],[102.20599014520009,1.2794937202200192],[102.20629014520009,1.2823937202200177],[102.20819014520009,1.2862937202200193],[102.20959014520008,1.289493720220019],[102.2103901452001,1.2914937202200178],[102.2116901452001,1.294493720220018],[102.21389014520008,1.2984937202200193],[102.21579014520009,1.301293720220018],[102.21699014520009,1.3040937202200187],[102.21859014520008,1.3076937202200192],[102.22019014520009,1.3106937202200193],[102.22159014520008,1.3137937202200192],[102.22309014520009,1.3174937202200177],[102.22389014520009,1.3202937202200182],[102.22489014520009,1.3224937202200184],[102.2262901452001,1.3254937202200185],[102.22739014520009,1.3292937202200186],[102.2279901452001,1.333693720220019],[102.22809014520008,1.335593720220018],[102.22869014520009,1.3381937202200191],[102.22859014520009,1.3403937202200193],[102.22869014520009,1.342493720220018],[102.22899014520009,1.3455937202200179],[102.22919014520009,1.3495937202200192],[102.22929014520008,1.3530937202200182],[102.22919014520009,1.3567937202200184],[102.22889014520008,1.361593720220018],[102.22839014520008,1.366093720220018],[102.22729014520009,1.3686937202200191],[102.2253901452001,1.3710937202200189],[102.2240901452001,1.3739937202200192],[102.22269014520009,1.3761937202200176],[102.2210901452001,1.3789937202200182],[102.21969014520009,1.381393720220018],[102.21819014520008,1.3838937202200192],[102.21689014520008,1.385893720220018],[102.2150901452001,1.3887937202200185],[102.21399014520009,1.3914937202200193],[102.21309014520008,1.3939937202200188],[102.21139014520008,1.3979937202200183],[102.21029014520009,1.400793720220019],[102.20979014520009,1.403493720220018],[102.21009014520008,1.4070937202200184],[102.21189014520009,1.411093720220018],[102.21349014520008,1.4138937202200186],[102.2163901452001,1.4140937202200181],[102.21949014520008,1.4134937202200177],[102.2219901452001,1.4131937202200184],[102.2244901452001,1.4127937202200194],[102.2279901452001,1.412193720220019],[102.2317901452001,1.4119937202200177],[102.23699014520008,1.4117937202200181],[102.24159014520009,1.411893720220018],[102.2441901452001,1.412193720220019],[102.24699014520009,1.412593720220018],[102.25119014520008,1.4132937202200182],[102.25339014520009,1.413693720220019],[102.25529014520009,1.4139937202200183],[102.25729014520009,1.4143937202200192],[102.2608901452001,1.4155937202200182],[102.2647901452001,1.4168937202200187],[102.26729014520009,1.4178937202200181],[102.27019014520009,1.4184937202200185],[102.27339014520008,1.4183937202200187],[102.27639014520008,1.4178937202200181],[102.27979014520008,1.4170937202200182],[102.28309014520009,1.4161937202200185],[102.28629014520008,1.4150937202200193],[102.28869014520009,1.4139937202200183],[102.2912901452001,1.4130937202200187],[102.29349014520008,1.4112937202200193],[102.29589014520009,1.4092937202200186],[102.29799014520009,1.4071937202200182],[102.30019014520009,1.4050937202200178],[102.30169014520008,1.403493720220018],[102.30339014520008,1.4015937202200188]]]}},{"type":"Feature","properties":{"NAMA_PROP":"RIAU","NAMOBJ":"Tanjung Peranap","REMARK":null,"UUPP":"Hasil Delineasi Tahun 2018","SRS_ID":"SRGI 2013","WADMKD":"Tanjung Peranap","WADMKC":"Tebing Tinggi Barat","WIADKC":"Tebing Tinggi Barat","WADMKK":"Kepulauan Meranti","WIADKK":"Kepulauan Meranti","WADMPR":"Riau","Coastal_Candidate":true,"Coast_Distance_M":0,"Intervention":false},"geometry":{"type":"Polygon","coordinates":[[[102.51589014520009,0.9218937202200177],[102.50249014520008,0.9131937202200184],[102.51779014520008,0.8892937202200191],[102.53029014520008,0.8704937202200185],[102.53309014520009,0.8677937202200177],[102.52879014520009,0.8624937202200194],[102.52299014520008,0.8661937202200178],[102.51659014520008,0.8696937202200186],[102.51189014520008,0.8713937202200182],[102.50579014520008,0.8734937202200186],[102.49749014520009,0.8777937202200192],[102.4804901452001,0.8901937202200187],[102.46389014520008,0.8992937202200189],[102.44699014520009,0.9052937202200191],[102.43819014520008,0.9082937202200192],[102.43399014520008,0.9123937202200185],[102.42959014520008,0.9152937202200189],[102.4312901452001,0.917193720220018],[102.4333901452001,0.9199937202200186],[102.43529014520009,0.923293720220018],[102.43649014520008,0.925893720220019],[102.43759014520009,0.9286937202200178],[102.4385901452001,0.9321937202200186],[102.44009014520009,0.9350937202200189],[102.44249014520008,0.9360937202200184],[102.44499014520008,0.9362937202200179],[102.44819014520009,0.9367937202200185],[102.4522901452001,0.9358937202200188],[102.45519014520009,0.9346937202200181],[102.45629014520009,0.9326937202200192],[102.45929014520009,0.9330937202200182],[102.46309014520008,0.9313937202200187],[102.46569014520009,0.9301937202200179],[102.46869014520009,0.9289937202200189],[102.47309014520009,0.9282937202200188],[102.47689014520009,0.9282937202200188],[102.48029014520009,0.9284937202200183],[102.4834901452001,0.9292937202200182],[102.48629014520009,0.9303937202200192],[102.48879014520008,0.9318937202200193],[102.49189014520009,0.9347937202200178],[102.49469014520008,0.937793720220018],[102.49709014520009,0.9393937202200178],[102.49929014520009,0.9367937202200185],[102.50259014520009,0.9346937202200181],[102.5044901452001,0.9330937202200182],[102.50739014520009,0.9326937202200192],[102.51019014520008,0.9313937202200187],[102.51589014520009,0.9218937202200177]]]}},{"type":"Feature","properties":{"NAMA_PROP":"RIAU","NAMOBJ":"Tanjung Pisang","REMARK":null,"UUPP":"Hasil Delineasi Tahun 2018","SRS_ID":"SRGI 2013","WADMKD":"Tanjung Pisang","WADMKC":"Tasik Putri Puyu","WIADKC":"Tasik Putri Puyu","WADMKK":"Kepulauan Meranti","WIADKK":"Kepulauan Meranti","WADMPR":"Riau","Coastal_Candidate":true,"Coast_Distance_M":173.5,"Intervention":false},"geometry":{"type":"Polygon","coordinates":[[[102.45529014520008,1.1420937202200179],[102.45729014520009,1.1396937202200181],[102.45649014520009,1.135893720220018],[102.45469014520009,1.1322937202200194],[102.45089014520009,1.1294937202200188],[102.4470901452001,1.125293720220018],[102.44509014520008,1.1277937202200192],[102.44379014520008,1.1303937202200185],[102.44129014520009,1.1315937202200193],[102.44079014520008,1.1353937202200193],[102.43879014520009,1.1403937202200183],[102.43679014520009,1.1441937202200183],[102.43609014520008,1.148093720220018],[102.43509014520009,1.151493720220019],[102.43239014520009,1.1550937202200178],[102.42789014520008,1.1565937202200178],[102.42549014520009,1.1588937202200178],[102.42359014520008,1.1607937202200187],[102.42159014520008,1.1626937202200178],[102.4192901452001,1.1643937202200192],[102.4162901452001,1.1665937202200194],[102.4132901452001,1.1707937202200185],[102.40979014520009,1.1726937202200194],[102.4055901452001,1.1733937202200178],[102.40139014520008,1.1754937202200182],[102.3978901452001,1.1777937202200182],[102.39449014520008,1.1784937202200183],[102.39109014520008,1.178593720220018],[102.38819014520008,1.1791937202200184],[102.38609014520009,1.1798937202200186],[102.38389014520008,1.1795937202200193],[102.38189014520009,1.1775937202200186],[102.37919014520008,1.177393720220019],[102.3760901452001,1.1787937202200194],[102.3726901452001,1.1786937202200178],[102.36949014520009,1.1795937202200193],[102.36679014520008,1.1811937202200191],[102.36689014520009,1.1851937202200187],[102.3674901452001,1.1898937202200184],[102.36599014520009,1.193093720220018],[102.36339014520009,1.193393720220019],[102.3606901452001,1.1939937202200177],[102.35659014520009,1.1950937202200187],[102.35449014520009,1.1982937202200183],[102.35289014520009,1.201493720220018],[102.35519014520008,1.2027937202200185],[102.3815901452001,1.208693720220019],[102.4000901452001,1.1899937202200181],[102.40299014520009,1.1870937202200178],[102.41949014520009,1.1759937202200188],[102.42369014520008,1.1727937202200192],[102.42719014520009,1.1699937202200186],[102.43319014520009,1.1628937202200191],[102.44079014520008,1.1535937202200177],[102.44299014520008,1.1516937202200186],[102.44579014520009,1.1492937202200189],[102.4479901452001,1.1472937202200182],[102.45179014520009,1.1441937202200183],[102.45529014520008,1.1420937202200179]]]}},{"type":"Feature","properties":{"NAMA_PROP":"RIAU","NAMOBJ":"Tanjung Samak","REMARK":null,"UUPP":"Hasil Delineasi Tahun 2018","SRS_ID":"SRGI 2013","WADMKD":"Tanjung Samak","WADMKC":"Rangsang","WIADKC":"Rangsang","WADMKK":"Kepulauan Meranti","WIADKK":"Kepulauan Meranti","WADMPR":"Riau","Coastal_Candidate":true,"Coast_Distance_M":0,"Intervention":false},"geometry":{"type":"Polygon","coordinates":[[[103.07569014520008,0.858093720220019],[103.07739014520008,0.852393720220018],[103.07999014520009,0.851993720220019],[103.08399014520009,0.8513937202200186],[103.08909014520009,0.8506937202200184],[103.09189014520008,0.8507937202200182],[103.08959014520009,0.841293720220019],[103.08779014520009,0.8288937202200177],[103.08369014520008,0.8295937202200179],[103.07949014520008,0.8303937202200178],[103.0750901452001,0.8310937202200179],[103.07189014520009,0.8321937202200189],[103.06989014520009,0.8337937202200187],[103.06799014520008,0.8354937202200183],[103.06619014520008,0.8375937202200188],[103.06469014520009,0.8405937202200189],[103.06299014520009,0.8427937202200191],[103.06089014520009,0.8448937202200177],[103.05869014520009,0.8467937202200186],[103.05719014520008,0.8480937202200192],[103.05829014520009,0.8495937202200192],[103.05989014520009,0.8514937202200183],[103.06179014520009,0.853493720220019],[103.06429014520009,0.8562937202200178],[103.0652901452001,0.859593720220019],[103.06889014520009,0.8588937202200189],[103.07569014520008,0.858093720220019]]]}},{"type":"Feature","properties":{"NAMA_PROP":"RIAU","NAMOBJ":"Tanjung Sum","REMARK":null,"UUPP":"Hasil Delineasi Tahun 2018","SRS_ID":"SRGI 2013","WADMKD":"Tanjung Sum","WADMKC":"Kuala Kampar","WIADKC":null,"WADMKK":"Pelalawan","WIADKK":null,"WADMPR":"Riau","Coastal_Candidate":true,"Coast_Distance_M":86.1,"Intervention":false},"geometry":{"type":"Polygon","coordinates":[[[103.29589014520009,0.615693720220019],[103.2964901452001,0.6132937202200193],[103.29749014520009,0.6076937202200181],[103.29849014520009,0.6026937202200191],[103.29889014520009,0.5982937202200187],[103.29909014520008,0.5930937202200184],[103.29889014520009,0.5864937202200178],[103.29979014520009,0.5817937202200181],[103.29979014520009,0.5786937202200182],[103.29979014520009,0.5757937202200178],[103.29979014520009,0.5724937202200184],[103.29959014520009,0.5696937202200179],[103.29939014520009,0.5661937202200189],[103.29949014520008,0.5614937202200192],[103.29959014520009,0.5586937202200186],[103.2976901452001,0.5548937202200186],[103.29249014520009,0.5442937202200184],[103.28969014520008,0.5406937202200179],[103.2882901452001,0.5424937202200191],[103.27299014520008,0.5557937202200183],[103.26499014520009,0.5596937202200181],[103.26159014520009,0.5791937202200188],[103.25629014520008,0.5977937202200181],[103.2548901452001,0.6012937202200188],[103.25339014520009,0.6101937202200194],[103.2514901452001,0.6159937202200183],[103.26919014520008,0.6221937202200181],[103.27239014520009,0.618393720220018],[103.2750901452001,0.6205937202200182],[103.27699014520009,0.6182937202200183],[103.2818901452001,0.6201937202200192],[103.28439014520009,0.617993720220019],[103.28649014520009,0.6159937202200183],[103.29089014520008,0.6129937202200182],[103.29589014520009,0.615693720220019]]]}},{"type":"Feature","properties":{"NAMA_PROP":"RIAU","NAMOBJ":"Tanjungbunga","REMARK":null,"UUPP":"Hasil Delineasi Tahun 2018","SRS_ID":"SRGI 2013","WADMKD":"Tanjungbunga","WADMKC":"Pulaumerbau","WIADKC":"Pulau Merbau","WADMKK":"Kepulauan Meranti","WIADKK":"Kepulauan Meranti","WADMPR":"Riau","Coastal_Candidate":true,"Coast_Distance_M":0,"Intervention":false},"geometry":{"type":"Polygon","coordinates":[[[102.5776901452001,1.081793720220018],[102.57499014520009,1.0796937202200176],[102.57199014520009,1.0765937202200178],[102.57089014520008,1.0742937202200178],[102.56889014520009,1.070393720220018],[102.56929014520009,1.0673937202200179],[102.56899014520009,1.0631937202200188],[102.56919014520008,1.0597937202200178],[102.56769014520009,1.0564937202200184],[102.5656901452001,1.053193720220019],[102.5635901452001,1.0519937202200182],[102.55989014520009,1.050593720220018],[102.55569014520009,1.0498937202200178],[102.55299014520008,1.0494937202200187],[102.54879014520009,1.0500937202200191],[102.5446901452001,1.050893720220019],[102.54179014520008,1.0529937202200177],[102.53979014520009,1.0575937202200176],[102.5382901452001,1.0614937202200192],[102.54089014520008,1.0646937202200188],[102.54069014520009,1.068393720220019],[102.53969014520008,1.0715937202200188],[102.53969014520008,1.0745937202200189],[102.54099014520008,1.077993720220018],[102.5429901452001,1.080293720220018],[102.54519014520008,1.0814937202200188],[102.5476901452001,1.0819937202200194],[102.5498901452001,1.0841937202200178],[102.54879014520009,1.0862937202200182],[102.54719014520009,1.0881937202200191],[102.5464901452001,1.0907937202200184],[102.54659014520008,1.094393720220019],[102.54549014520009,1.097793720220018],[102.54209014520009,1.0994937202200177],[102.53929014520008,1.1020937202200187],[102.5387901452001,1.1058937202200187],[102.53819014520009,1.1096937202200188],[102.5404901452001,1.110793720220018],[102.54329014520009,1.1123937202200178],[102.54749014520009,1.1096937202200188],[102.54919014520009,1.109293720220018],[102.5519901452001,1.106993720220018],[102.5541901452001,1.1050937202200188],[102.55659014520009,1.1024937202200178],[102.5583901452001,1.1009937202200177],[102.56089014520009,1.0989937202200188],[102.56409014520008,1.0940937202200178],[102.56969014520008,1.0900937202200183],[102.57189014520009,1.0877937202200183],[102.57369014520009,1.0865937202200193],[102.57569014520008,1.0842937202200194],[102.5776901452001,1.081793720220018]]]}},{"type":"Feature","properties":{"NAMA_PROP":"RIAU","NAMOBJ":"Tanjungleban","REMARK":null,"UUPP":"Hasil Delineasi Tahun 2018","SRS_ID":"SRGI 2013","WADMKD":"Tanjungleban","WADMKC":"Bandar Laksamana","WIADKC":null,"WADMKK":"Bengkalis","WIADKK":"Bengkalis","WADMPR":"Riau","Coastal_Candidate":true,"Coast_Distance_M":0,"Intervention":false},"geometry":{"type":"Polygon","coordinates":[[[101.7865901452001,1.638593720220019],[101.78419014520009,1.6355937202200188],[101.78089014520009,1.630593720220018],[101.77689014520008,1.6254937202200193],[101.77369014520009,1.6219937202200185],[101.76929014520009,1.6170937202200193],[101.7655901452001,1.6129937202200182],[101.75999014520009,1.6067937202200184],[101.75519014520009,1.6015937202200181],[101.7287901452001,1.5873937202200192],[101.7287901452001,1.574993720220018],[101.7287901452001,1.5509937202200188],[101.72869014520009,1.5372937202200188],[101.72869014520009,1.516593720220019],[101.72869014520009,1.4988937202200177],[101.7279901452001,1.496493720220018],[101.72739014520009,1.4779937202200184],[101.7274901452001,1.4607937202200176],[101.7274901452001,1.4485937202200176],[101.67249014520009,1.4166937202200192],[101.65229014520008,1.404993720220018],[101.56149014520008,1.4737937202200193],[101.55889014520008,1.4760937202200193],[101.55259014520009,1.4798937202200193],[101.5489901452001,1.4828937202200176],[101.54119014520009,1.483493720220018],[101.53269014520009,1.4836937202200193],[101.52939014520008,1.4836937202200193],[101.5267901452001,1.4835937202200178],[101.52369014520009,1.4859937202200193],[101.52149014520009,1.4879937202200182],[101.52799014520009,1.4937937202200189],[101.53509014520009,1.4999937202200186],[101.5455901452001,1.5092937202200183],[101.55749014520009,1.5197937202200187],[101.56929014520009,1.5301937202200193],[101.57609014520008,1.5361937202200178],[101.57879014520009,1.5408937202200192],[101.58369014520008,1.5369937202200177],[101.59109014520008,1.5301937202200193],[101.60009014520008,1.5244937202200184],[101.61059014520009,1.5210937202200192],[101.62659014520008,1.517393720220019],[101.68999014520008,1.5157937202200191],[101.70849014520009,1.5860937202200187],[101.70959014520008,1.5902937202200178],[101.72049014520009,1.6317937202200188],[101.72189014520009,1.6371937202200186],[101.72469014520009,1.6475937202200193],[101.72719014520008,1.6570937202200184],[101.72819014520009,1.6608937202200185],[101.72769014520009,1.664493720220019],[101.72669014520008,1.6688937202200194],[101.72739014520009,1.6711937202200193],[101.7313901452001,1.6707937202200185],[101.73449014520008,1.6700937202200183],[101.7373901452001,1.669493720220018],[101.74059014520009,1.6685937202200183],[101.74309014520009,1.6676937202200186],[101.74519014520008,1.666793720220019],[101.74729014520008,1.6661937202200185],[101.74969014520009,1.6652937202200189],[101.75239014520008,1.6641937202200179],[101.75529014520009,1.6622937202200188],[101.75929014520008,1.6604937202200176],[101.76269014520008,1.658793720220018],[101.7655901452001,1.6566937202200194],[101.76839014520009,1.6543937202200176],[101.7707901452001,1.6521937202200192],[101.77279014520009,1.6506937202200191],[101.77499014520009,1.649193720220019],[101.77689014520008,1.647393720220018],[101.7784901452001,1.6444937202200194],[101.78269014520009,1.6426937202200182],[101.78499014520008,1.6406937202200194],[101.7865901452001,1.638593720220019]]]}},{"type":"Feature","properties":{"NAMA_PROP":"RIAU","NAMOBJ":"Tanjungmedang","REMARK":null,"UUPP":"Hasil Delineasi Tahun 2018","SRS_ID":"SRGI 2013","WADMKD":"Tanjungmedang","WADMKC":"Rupat Utara","WIADKC":null,"WADMKK":"Bengkalis","WIADKK":"Bengkalis","WADMPR":"Riau","Coastal_Candidate":true,"Coast_Distance_M":0,"Intervention":false},"geometry":{"type":"MultiPolygon","coordinates":[[[[101.63169014520008,2.119093720220018],[101.6268901452001,2.118493720220018],[101.62959014520008,2.1216937202200192],[101.63319014520009,2.123393720220019],[101.63629014520009,2.1246937202200193],[101.6358901452001,2.1223937202200194],[101.63169014520008,2.119093720220018]]],[[[101.63859014520008,2.032593720220019],[101.63389014520008,2.039193720220018],[101.63109014520009,2.0430937202200177],[101.59499014520009,2.092893720220019],[101.59749014520008,2.0949937202200193],[101.59979014520009,2.0968937202200184],[101.6020901452001,2.0982937202200187],[101.6046901452001,2.099593720220019],[101.60699014520009,2.100793720220018],[101.60879014520009,2.1017937202200176],[101.61059014520009,2.102793720220019],[101.6123901452001,2.1036937202200185],[101.61679014520008,2.1051937202200186],[101.6200901452001,2.105093720220019],[101.62409014520009,2.105493720220018],[101.62639014520009,2.1060937202200183],[101.62919014520008,2.1075937202200183],[101.62969014520009,2.110393720220019],[101.6328901452001,2.111493720220018],[101.63559014520008,2.1113937202200184],[101.63799014520009,2.1135937202200186],[101.64049014520009,2.116093720220018],[101.64329014520008,2.117593720220018],[101.64549014520009,2.119093720220018],[101.64699014520009,2.121093720220019],[101.64979014520009,2.1227937202200184],[101.65299014520009,2.123993720220019],[101.6572901452001,2.107393720220019],[101.63859014520008,2.032593720220019]]],[[[101.64049014520009,2.116093720220018],[101.63689014520008,2.115293720220018],[101.63499014520009,2.1155937202200192],[101.6354901452001,2.118393720220018],[101.63669014520009,2.1203937202200187],[101.63839014520009,2.122193720220018],[101.6401901452001,2.122993720220018],[101.64169014520009,2.1200937202200176],[101.64049014520009,2.116093720220018]]]]}},{"type":"Feature","properties":{"NAMA_PROP":"RIAU","NAMOBJ":"Tanjungmelayu","REMARK":null,"UUPP":"Hasil Delineasi Tahun 2018","SRS_ID":"SRGI 2013","WADMKD":"Tanjungmelayu","WADMKC":"Kuala Indragiri","WIADKC":null,"WADMKK":"Indragiri Hilir","WIADKK":null,"WADMPR":"Riau","Coastal_Candidate":true,"Coast_Distance_M":0,"Intervention":false},"geometry":{"type":"MultiPolygon","coordinates":[[[[103.55489014520009,-0.19350627977998158],[103.55129014520008,-0.19690627977998076],[103.54849014520009,-0.19800627977998175],[103.54269014520008,-0.19910627977998097],[103.53769014520009,-0.20080627977998233],[103.53169014520009,-0.2023062797799806],[103.52729014520008,-0.20240627977998216],[103.5232901452001,-0.19940627977998204],[103.51929014520009,-0.19610627977998085],[103.51549014520009,-0.1946062797799808],[103.5104901452001,-0.19520627977998117],[103.50749014520008,-0.19600627977998109],[103.50429014520009,-0.196806279779981],[103.50089014520009,-0.19810627977998152],[103.49929014520009,-0.2001062797799822],[103.49739014520009,-0.20050627977998126],[103.4941901452001,-0.20130627977998117],[103.48989014520009,-0.20190627977998155],[103.48579014520008,-0.20210627977998108],[103.48289014520009,-0.1987062797799819],[103.48549014520009,-0.19670627977998123],[103.4877901452001,-0.19550627977998225],[103.48989014520009,-0.19420627977998173],[103.49279014520009,-0.19160627977998068],[103.49699014520009,-0.18940627977998226],[103.49959014520009,-0.18810627977998173],[103.50259014520009,-0.18670627977998144],[103.50669014520008,-0.18490627977998209],[103.51009014520008,-0.1835062797799818],[103.5130901452001,-0.18250627977998235],[103.51579014520009,-0.1816062797799809],[103.5185901452001,-0.18090627977998075],[103.52129014520008,-0.1802062797799806],[103.52399014520009,-0.1794062797799807],[103.52689014520008,-0.1788062797799821],[103.52969014520009,-0.17840627977998125],[103.53289014520008,-0.17780627977998087],[103.53719014520009,-0.1774062797799818],[103.53889014520009,-0.17950627977998224],[103.54309014520008,-0.18110627977998206],[103.54829014520008,-0.1824062797799808],[103.55229014520009,-0.18360627977998156],[103.55709014520009,-0.1877062797799809],[103.55489014520009,-0.19350627977998158]]],[[[103.51849014520009,-0.2059062797799811],[103.51509014520009,-0.207806279779982],[103.50799014520008,-0.2112062797799812],[103.50209014520009,-0.21620627977998197],[103.4916901452001,-0.22010627977998176],[103.48789014520008,-0.22170627977998159],[103.48089014520009,-0.22480627977998147],[103.47289014520008,-0.2283062797799822],[103.46669014520009,-0.23170627977998137],[103.4620901452001,-0.23420627977998087],[103.45149014520008,-0.24050627977998218],[103.43629014520009,-0.24790627977998092],[103.43269014520008,-0.24890627977998214],[103.42009014520009,-0.2523062797799813],[103.40709014520009,-0.2559062797799818],[103.40039014520009,-0.26140627977998143],[103.39609014520009,-0.2667062797799815],[103.39269014520009,-0.27320627977998235],[103.39289014520008,-0.27690627977998084],[103.39459014520008,-0.2811062797799817],[103.39709014520008,-0.288606279779982],[103.39709014520008,-0.29210627977998094],[103.39069014520008,-0.29070627977998065],[103.38409014520009,-0.29150627977998234],[103.37569014520008,-0.2911062797799815],[103.37209014520009,-0.28930627977998213],[103.36769014520009,-0.2867062797799811],[103.36679014520008,-0.2897062797799812],[103.36349014520009,-0.2869062797799806],[103.3597901452001,-0.2850062797799815],[103.35669014520009,-0.2850062797799815],[103.3529901452001,-0.28510627977998126],[103.34929014520009,-0.2858062797799814],[103.34579014520008,-0.286306279779982],[103.3443901452001,-0.28350627977998144],[103.34489014520008,-0.2808062797799806],[103.3464901452001,-0.2783062797799811],[103.34799014520009,-0.276406279779982],[103.34999014520008,-0.27350627977998165],[103.35119014520009,-0.2712062797799817],[103.35199014520009,-0.26850627977998087],[103.35189014520009,-0.26520627977998146],[103.35049014520008,-0.2620062797799818],[103.34889014520009,-0.25940627977998076],[103.34679014520009,-0.2571062797799808],[103.34399014520008,-0.25310627977998124],[103.34589014520009,-0.2521062797799818],[103.35829014520009,-0.24940627977998098],[103.36889014520008,-0.24660627977998217],[103.38789014520009,-0.2419062797799807],[103.40669014520009,-0.2382062797799822],[103.41869014520009,-0.23390627977998157],[103.42609014520009,-0.22750627977998228],[103.43609014520008,-0.22050627977998083],[103.45089014520009,-0.21320627977998186],[103.46189014520009,-0.20960627977998136],[103.47139014520009,-0.20890627977998122],[103.47419014520008,-0.20820627977998107],[103.47689014520009,-0.20790627977998177],[103.48079014520009,-0.2073062797799814],[103.48429014520009,-0.20660627977998125],[103.48709014520009,-0.20650627977998148],[103.49069014520009,-0.20620627977998218],[103.4937901452001,-0.20600627977998087],[103.49709014520009,-0.20550627977998204],[103.50049014520009,-0.2048062797799819],[103.50309014520009,-0.20400627977998198],[103.50629014520008,-0.202906279779981],[103.51039014520009,-0.20160627977998224],[103.5138901452001,-0.20220627977998085],[103.51599014520009,-0.2034062797799816],[103.51849014520009,-0.2059062797799811]]]]}},{"type":"Feature","properties":{"NAMA_PROP":"RIAU","NAMOBJ":"Tanjungpasir","REMARK":null,"UUPP":"Hasil Delineasi Tahun 2018","SRS_ID":"SRGI 2013","WADMKD":"Tanjungpasir","WADMKC":"Tanah Merah","WIADKC":null,"WADMKK":"Indragiri Hilir","WIADKK":null,"WADMPR":"Riau","Coastal_Candidate":true,"Coast_Distance_M":0,"Intervention":false},"geometry":{"type":"Polygon","coordinates":[[[103.44599014520008,-0.43500627977998185],[103.44569014520009,-0.44050627977998147],[103.44559014520009,-0.4460062797799811],[103.4453901452001,-0.45380627977998067],[103.44519014520009,-0.4576062797799807],[103.44599014520008,-0.46240627977998194],[103.4483901452001,-0.46820627977998086],[103.44989014520009,-0.4716062797799818],[103.45159014520009,-0.4753062797799821],[103.45329014520009,-0.47840627977998196],[103.45529014520008,-0.4802062797799813],[103.45669014520008,-0.4830062797799819],[103.45809014520009,-0.4863062797799813],[103.45949014520009,-0.4893062797799814],[103.46009014520008,-0.492106279779982],[103.46159014520009,-0.4946062797799815],[103.46309014520008,-0.497106279779981],[103.46439014520008,-0.4999062797799816],[103.46579014520009,-0.5023062797799813],[103.46729014520008,-0.5045062797799815],[103.46649014520008,-0.5068062797799815],[103.46349014520008,-0.5074062797799819],[103.4590901452001,-0.5045062797799815],[103.4560901452001,-0.5071062797799808],[103.45429014520009,-0.5097062797799818],[103.45019014520008,-0.5114062797799814],[103.4466901452001,-0.5125062797799806],[103.44349014520009,-0.5138062797799812],[103.44059014520009,-0.5150062797799819],[103.43789014520009,-0.516506279779982],[103.4346901452001,-0.516906279779981],[103.43139014520008,-0.5179062797799823],[103.42759014520009,-0.5191062797799813],[103.4252901452001,-0.5206062797799813],[103.42209014520009,-0.521506279779981],[103.41849014520008,-0.520306279779982],[103.41369014520009,-0.520306279779982],[103.40929014520009,-0.5200062797799809],[103.40589014520009,-0.5187062797799822],[103.40269014520008,-0.5166062797799817],[103.40049014520008,-0.5138062797799812],[103.3978901452001,-0.5095062797799823],[103.39509014520009,-0.5061062797799813],[103.39389014520009,-0.49920627977998144],[103.39249014520009,-0.49310627977998145],[103.38969014520009,-0.48280627977998236],[103.38749014520009,-0.4747062797799817],[103.38569014520009,-0.4681062797799811],[103.38449014520009,-0.46210627977998087],[103.38389014520008,-0.4569062797799823],[103.38349014520008,-0.45380627977998067],[103.37969014520009,-0.4398062797799813],[103.3760901452001,-0.4355062797799807],[103.36969014520008,-0.43250627977998235],[103.36739014520009,-0.43370627977998133],[103.36379014520008,-0.4335062797799818],[103.3614901452001,-0.4338062797799811],[103.35729014520008,-0.4347062797799808],[103.35059014520009,-0.4365062797799819],[103.34549014520009,-0.43750627977998136],[103.34259014520009,-0.4382062797799815],[103.33919014520009,-0.4387062797799821],[103.33569014520009,-0.4390062797799814],[103.33269014520009,-0.43330627977998226],[103.33449014520009,-0.42840627977998125],[103.3370901452001,-0.4222062797799815],[103.33829014520009,-0.41710627977998094],[103.33849014520008,-0.4117062797799811],[103.33789014520009,-0.40570627977998086],[103.33489014520009,-0.40130627977998223],[103.33169014520008,-0.39960627977998087],[103.32789014520009,-0.3986062797799814],[103.31849014520009,-0.39580627977998084],[103.31559014520009,-0.3925062797799814],[103.31309014520009,-0.3893062797799818],[103.31089014520009,-0.38550627977998175],[103.30989014520009,-0.38160627977998196],[103.31069014520008,-0.3788062797799814],[103.31349014520009,-0.37450627977998074],[103.31649014520009,-0.3705062797799812],[103.31889014520009,-0.36780627977998215],[103.3276901452001,-0.37530627977998066],[103.32989014520008,-0.37720627977998156],[103.33689014520009,-0.3832062797799818],[103.36089014520009,-0.40070627977998186],[103.38619014520009,-0.4133062797799809],[103.40869014520008,-0.422406279779981],[103.43529014520009,-0.4332062797799807],[103.44599014520008,-0.43500627977998185]]]}},{"type":"Feature","properties":{"NAMA_PROP":"RIAU","NAMOBJ":"Area Saling Klaim","REMARK":"Area Saling Klaim","UUPP":"Hasil Delineasi Tahun 2018","SRS_ID":"SRGI 2013","WADMKD":null,"WADMKC":null,"WIADKC":null,"WADMKK":"Indragiri Hilir","WIADKK":null,"WADMPR":"Riau","Coastal_Candidate":true,"Coast_Distance_M":0,"Intervention":false},"geometry":{"type":"Polygon","coordinates":[[[103.4530901452001,-0.4379062797799822],[103.45349014520009,-0.4417062797799822],[103.45419014520009,-0.4457062797799818],[103.45519014520009,-0.4496062797799816],[103.45639014520009,-0.45220627977998085],[103.45669014520008,-0.45600627977998087],[103.45769014520009,-0.4584062797799806],[103.45859014520009,-0.4623062797799822],[103.46249014520009,-0.4659062797799809],[103.46469014520008,-0.4678062797799818],[103.4663901452001,-0.470006279779982],[103.46829014520009,-0.47350627977998094],[103.47089014520009,-0.4766062797799808],[103.47289014520008,-0.4789062797799808],[103.47299014520009,-0.4820062797799807],[103.4744901452001,-0.48400627977998134],[103.47639014520009,-0.48750627977998207],[103.47729014520009,-0.4907062797799817],[103.47689014520009,-0.49500627977998235],[103.47729014520009,-0.4979062797799809],[103.47829014520009,-0.5008062797799813],[103.4800901452001,-0.5036062797799818],[103.4762901452001,-0.5049062797799824],[103.47479014520009,-0.5063062797799809],[103.47139014520009,-0.5065062797799822],[103.46729014520008,-0.5045062797799815],[103.46579014520009,-0.5023062797799813],[103.46439014520008,-0.4999062797799816],[103.46309014520008,-0.497106279779981],[103.46159014520009,-0.4946062797799815],[103.46009014520008,-0.492106279779982],[103.45949014520009,-0.4893062797799814],[103.45809014520009,-0.4863062797799813],[103.45669014520008,-0.4830062797799819],[103.45529014520008,-0.4802062797799813],[103.45329014520009,-0.47840627977998196],[103.45159014520009,-0.4753062797799821],[103.44989014520009,-0.4716062797799818],[103.4483901452001,-0.46820627977998086],[103.44599014520008,-0.46240627977998194],[103.44519014520009,-0.4576062797799807],[103.4453901452001,-0.45380627977998067],[103.44559014520009,-0.4460062797799811],[103.44569014520009,-0.44050627977998147],[103.44599014520008,-0.43500627977998185],[103.4530901452001,-0.4379062797799822]]]}},{"type":"Feature","properties":{"NAMA_PROP":"RIAU","NAMOBJ":"Tanjungpunak","REMARK":null,"UUPP":"Hasil Delineasi Tahun 2018","SRS_ID":"SRGI 2013","WADMKD":"Tanjungpunak","WADMKC":"Rupat Utara","WIADKC":null,"WADMKK":"Bengkalis","WIADKK":"Bengkalis","WADMPR":"Riau","Coastal_Candidate":true,"Coast_Distance_M":19.8,"Intervention":false},"geometry":{"type":"Polygon","coordinates":[[[101.7099901452001,2.080293720220018],[101.70359014520008,2.0815937202200185],[101.69529014520009,2.082993720220019],[101.68729014520008,2.0842937202200194],[101.67179014520009,2.063593720220018],[101.64349014520009,2.025693720220019],[101.64109014520008,2.0289937202200186],[101.64939014520009,2.0434937202200185],[101.64979014520009,2.0457937202200185],[101.65149014520009,2.049093720220018],[101.65439014520008,2.0518937202200185],[101.65649014520008,2.0548937202200186],[101.65719014520009,2.0582937202200178],[101.66139014520009,2.064293720220018],[101.66849014520008,2.077993720220018],[101.6696901452001,2.079493720220018],[101.67189014520008,2.080993720220018],[101.67189014520008,2.0834937202200177],[101.68199014520009,2.1002937202200194],[101.68699014520008,2.108093720220019],[101.6893901452001,2.1063937202200194],[101.69249014520008,2.1043937202200187],[101.69549014520008,2.102493720220018],[101.6988901452001,2.0997937202200188],[101.70209014520009,2.0976937202200183],[101.70409014520008,2.0960937202200185],[101.70669014520008,2.0933937202200177],[101.70939014520009,2.090593720220019],[101.71149014520009,2.0877937202200183],[101.71029014520009,2.0842937202200194],[101.7099901452001,2.080293720220018]]]}},{"type":"Feature","properties":{"NAMA_PROP":"RIAU","NAMOBJ":"Tebun","REMARK":null,"UUPP":"Hasil Delineasi Tahun 2018","SRS_ID":"SRGI 2013","WADMKD":"Tebun","WADMKC":"Rangsang","WIADKC":"Rangsang","WADMKK":"Kepulauan Meranti","WIADKK":"Kepulauan Meranti","WADMPR":"Riau","Coastal_Candidate":true,"Coast_Distance_M":0,"Intervention":false},"geometry":{"type":"Polygon","coordinates":[[[102.91619014520009,1.0184937202200182],[102.90539014520009,1.0011937202200176],[102.90339014520009,0.9894937202200182],[102.90319014520009,0.9847937202200185],[102.90809014520009,0.9704937202200181],[102.90419014520009,0.9670937202200189],[102.89949014520009,0.9638937202200193],[102.89599014520009,0.9623937202200192],[102.89459014520008,0.9600937202200193],[102.89279014520008,0.9614937202200178],[102.8905901452001,0.9628937202200181],[102.88769014520008,0.964793720220019],[102.88399014520009,0.9666937202200181],[102.88099014520009,0.9681937202200182],[102.87639014520009,0.9703937202200184],[102.8726901452001,0.9715937202200191],[102.86989014520009,0.9722937202200193],[102.86719014520008,0.9731937202200189],[102.86389014520009,0.9738937202200191],[102.86089014520009,0.974693720220019],[102.86199014520008,0.9765937202200181],[102.8623901452001,0.9793937202200187],[102.86189014520009,0.9832937202200185],[102.86229014520009,0.9888937202200179],[102.89389014520009,1.0258937202200187],[102.90639014520009,1.0216937202200178],[102.91619014520009,1.0184937202200182]]]}},{"type":"Feature","properties":{"NAMA_PROP":"RIAU","NAMOBJ":"Telaga Baru","REMARK":null,"UUPP":"Hasil Delineasi Tahun 2018","SRS_ID":"SRGI 2013","WADMKD":"Telaga Baru","WADMKC":"Rangsang Barat","WIADKC":"Rangsang Barat","WADMKK":"Kepulauan Meranti","WIADKK":"Kepulauan Meranti","WADMPR":"Riau","Coastal_Candidate":true,"Coast_Distance_M":0,"Intervention":false},"geometry":{"type":"Polygon","coordinates":[[[102.74449014520009,1.0887937202200177],[102.74039014520008,1.0393937202200192],[102.7373901452001,1.0397937202200183],[102.7339901452001,1.0400937202200193],[102.73189014520008,1.040193720220019],[102.72849014520008,1.0400937202200193],[102.72569014520009,1.0416937202200192],[102.72589014520008,1.043693720220018],[102.72619014520009,1.0487937202200186],[102.72589014520008,1.0536937202200178],[102.7253901452001,1.0570937202200188],[102.72559014520009,1.0594937202200185],[102.72529014520009,1.0649937202200181],[102.72589014520008,1.0727937202200177],[102.72609014520009,1.0770937202200184],[102.73189014520008,1.0907937202200184],[102.7364901452001,1.089793720220019],[102.7399901452001,1.0893937202200181],[102.74449014520009,1.0887937202200177]]]}},{"type":"Feature","properties":{"NAMA_PROP":"RIAU","NAMOBJ":"Telesung","REMARK":null,"UUPP":"Hasil Delineasi Tahun 2018","SRS_ID":"SRGI 2013","WADMKD":"Telesung","WADMKC":"Rangsang Pesisir","WIADKC":"Rangsang Pesisir","WADMKK":"Kepulauan Meranti","WIADKK":"Kepulauan Meranti","WADMPR":"Riau","Coastal_Candidate":true,"Coast_Distance_M":0,"Intervention":false},"geometry":{"type":"Polygon","coordinates":[[[102.93819014520008,1.105493720220018],[102.93499014520009,1.0984937202200182],[102.93319014520009,1.0953937202200184],[102.9299901452001,1.0896937202200192],[102.92179014520009,1.0751937202200192],[102.91579014520009,1.0646937202200188],[102.91049014520009,1.055193720220018],[102.89389014520009,1.0258937202200187],[102.89289014520008,1.0330937202200179],[102.89029014520008,1.034893720220019],[102.88749014520009,1.0366937202200184],[102.8858901452001,1.0380937202200187],[102.88359014520009,1.040693720220018],[102.88049014520008,1.0418937202200187],[102.87699014520008,1.0434937202200185],[102.87629014520009,1.0471937202200188],[102.8897901452001,1.1258937202200183],[102.89399014520009,1.124793720220019],[102.89809014520009,1.122993720220018],[102.90079014520009,1.121793720220019],[102.9025901452001,1.120993720220019],[102.90579014520009,1.1192937202200177],[102.90939014520009,1.1172937202200188],[102.91219014520009,1.1167937202200182],[102.9145901452001,1.1154937202200177],[102.91859014520008,1.113793720220018],[102.92299014520009,1.111893720220019],[102.92709014520008,1.1100937202200178],[102.93019014520009,1.108793720220019],[102.93279014520009,1.107693720220018],[102.93559014520008,1.106593720220019],[102.93819014520008,1.105493720220018]]]}},{"type":"Feature","properties":{"NAMA_PROP":"RIAU","NAMOBJ":"Teluk","REMARK":null,"UUPP":"Hasil Delineasi Tahun 2018","SRS_ID":"SRGI 2013","WADMKD":"Teluk","WADMKC":"Kuala Kampar","WIADKC":null,"WADMKK":"Pelalawan","WIADKK":null,"WADMPR":"Riau","Coastal_Candidate":true,"Coast_Distance_M":0,"Intervention":false},"geometry":{"type":"Polygon","coordinates":[[[103.2120901452001,0.5213937202200185],[103.20959014520008,0.5209937202200177],[103.20669014520008,0.5203937202200191],[103.2043901452001,0.5197937202200187],[103.20119014520009,0.5183937202200184],[103.19699014520009,0.5172937202200192],[103.19399014520009,0.5158937202200189],[103.19119014520008,0.5138937202200182],[103.18909014520008,0.5124937202200179],[103.18659014520009,0.510493720220019],[103.18329014520009,0.5098937202200187],[103.18009014520008,0.507893720220018],[103.17729014520009,0.5048937202200179],[103.17329014520008,0.5012937202200192],[103.17309014520009,0.49949372022001803],[103.17039014520009,0.49859372022001835],[103.1671901452001,0.49909372022001897],[103.16429014520008,0.5009937202200181],[103.16249014520008,0.5033937202200178],[103.16089014520009,0.5056937202200178],[103.15919014520009,0.5080937202200193],[103.15769014520009,0.510193720220018],[103.15649014520008,0.5121937202200186],[103.15489014520008,0.5146937202200181],[103.15299014520009,0.517393720220019],[103.15139014520008,0.5198937202200185],[103.14999014520009,0.5221937202200184],[103.14879014520008,0.5243937202200186],[103.14739014520009,0.5271937202200192],[103.14629014520008,0.5302937202200191],[103.14499014520008,0.5339937202200193],[103.14369014520008,0.5376937202200178],[103.14249014520009,0.5411937202200185],[103.14139014520009,0.5442937202200184],[103.1401901452001,0.5474937202200181],[103.13959014520009,0.5501937202200189],[103.13919014520009,0.5529937202200177],[103.13899014520008,0.5555937202200187],[103.13959014520009,0.5589937202200179],[103.14269014520009,0.5616937202200187],[103.14519014520009,0.5648937202200184],[103.15119014520009,0.5667937202200193],[103.15199014520009,0.5629937202200193],[103.15969014520009,0.5625937202200184],[103.17379014520009,0.5638937202200189],[103.17889014520009,0.5645937202200191],[103.18279014520009,0.5655937202200185],[103.1876901452001,0.568093720220018],[103.1970901452001,0.5530937202200192],[103.20219014520009,0.5423937202200193],[103.2099901452001,0.5259937202200184],[103.2120901452001,0.5213937202200185]]]}},{"type":"Feature","properties":{"NAMA_PROP":"RIAU","NAMOBJ":"Teluk Bakau","REMARK":null,"UUPP":"Hasil Delineasi Tahun 2018","SRS_ID":"SRGI 2013","WADMKD":"Teluk Bakau","WADMKC":"Kuala Kampar","WIADKC":null,"WADMKK":"Pelalawan","WIADKK":null,"WADMPR":"Riau","Coastal_Candidate":true,"Coast_Distance_M":0,"Intervention":false},"geometry":{"type":"Polygon","coordinates":[[[103.19639014520008,0.5738937202200187],[103.19189014520009,0.5708937202200186],[103.1876901452001,0.568093720220018],[103.18279014520009,0.5655937202200185],[103.17889014520009,0.5645937202200191],[103.17379014520009,0.5638937202200189],[103.15969014520009,0.5625937202200184],[103.15199014520009,0.5629937202200193],[103.15119014520009,0.5667937202200193],[103.14519014520009,0.5648937202200184],[103.14269014520009,0.5616937202200187],[103.13959014520009,0.5589937202200179],[103.13849014520008,0.5614937202200192],[103.1380901452001,0.5650937202200179],[103.13789014520009,0.5678937202200185],[103.13789014520009,0.5709937202200184],[103.13839014520009,0.5760937202200189],[103.13899014520008,0.580293720220018],[103.13989014520008,0.5843937202200191],[103.14119014520008,0.5883937202200187],[103.14299014520009,0.5927937202200191],[103.1440901452001,0.5966937202200189],[103.14469014520009,0.5997937202200188],[103.14539014520008,0.6037937202200183],[103.15489014520008,0.5987937202200193],[103.16789014520009,0.593593720220019],[103.17159014520008,0.5916937202200181],[103.1851901452001,0.5858937202200192],[103.19259014520009,0.5777937202200185],[103.19639014520008,0.5738937202200187]]]}},{"type":"Feature","properties":{"NAMA_PROP":"RIAU","NAMOBJ":"Teluk Beringin","REMARK":null,"UUPP":"Hasil Delineasi Tahun 2018","SRS_ID":"SRGI 2013","WADMKD":"Teluk Beringin","WADMKC":"Kuala Kampar","WIADKC":null,"WADMKK":"Pelalawan","WIADKK":null,"WADMPR":"Riau","Coastal_Candidate":true,"Coast_Distance_M":0,"Intervention":false},"geometry":{"type":"Polygon","coordinates":[[[103.22319014520009,0.6060937202200183],[103.21739014520008,0.5992937202200181],[103.21199014520009,0.5931937202200182],[103.20599014520009,0.5843937202200191],[103.20239014520008,0.5792937202200186],[103.19639014520008,0.5738937202200187],[103.19259014520009,0.5777937202200185],[103.1851901452001,0.5858937202200192],[103.17159014520008,0.5916937202200181],[103.16789014520009,0.593593720220019],[103.15489014520008,0.5987937202200193],[103.14539014520008,0.6037937202200183],[103.14619014520008,0.608493720220018],[103.14649014520009,0.6113937202200184],[103.14679014520009,0.6143937202200185],[103.14729014520009,0.6177937202200177],[103.14759014520008,0.6215937202200177],[103.1478901452001,0.6249937202200186],[103.14809014520009,0.6279937202200188],[103.14819014520009,0.6311937202200184],[103.14879014520008,0.6346937202200191],[103.15149014520009,0.6346937202200191],[103.15379014520009,0.634393720220018],[103.15679014520009,0.6342937202200183],[103.16039014520008,0.6336937202200179],[103.1637901452001,0.631693720220019],[103.16949014520009,0.6292937202200193],[103.17389014520009,0.6274937202200181],[103.17879014520008,0.6247937202200191],[103.22319014520009,0.6060937202200183]]]}},{"type":"Feature","properties":{"NAMA_PROP":"RIAU","NAMOBJ":"Teluk Buntal","REMARK":null,"UUPP":"Hasil Delineasi Tahun 2018","SRS_ID":"SRGI 2013","WADMKD":"Teluk Buntal","WADMKC":"Tebing Tinggi Timur","WIADKC":"Tebing Tinggi Timur","WADMKK":"Kepulauan Meranti","WIADKK":"Kepulauan Meranti","WADMPR":"Riau","Coastal_Candidate":true,"Coast_Distance_M":0,"Intervention":false},"geometry":{"type":"Polygon","coordinates":[[[102.96459014520009,0.8028937202200179],[102.96949014520008,0.8009937202200188],[102.98109014520008,0.7960937202200178],[102.99309014520009,0.7913937202200181],[102.99759014520009,0.7893937202200192],[103.00069014520008,0.7879937202200189],[103.0044901452001,0.7866937202200184],[103.00939014520009,0.7836937202200183],[103.01359014520008,0.7812937202200185],[103.01789014520008,0.7783937202200182],[103.02139014520009,0.7725937202200193],[103.02129014520008,0.7696937202200189],[103.02089014520008,0.738393720220019],[103.01489014520008,0.7309937202200185],[103.01269014520008,0.7268937202200192],[103.01129014520009,0.7242937202200181],[103.00349014520009,0.716293720220019],[102.99989014520008,0.7128937202200181],[103.00209014520009,0.708693720220019],[102.99779014520009,0.7070937202200192],[102.99569014520009,0.7033937202200189],[102.98989014520009,0.6971937202200191],[102.98829014520008,0.6954937202200178],[102.98619014520008,0.6977937202200177],[102.98359014520008,0.700293720220019],[102.98079014520009,0.704093720220019],[102.97889014520008,0.7079937202200188],[102.97729014520009,0.7108937202200192],[102.97589014520008,0.7135937202200182],[102.97419014520008,0.7168937202200176],[102.97189014520009,0.7201937202200188],[102.96929014520009,0.7234937202200182],[102.9663901452001,0.7265937202200181],[102.9642901452001,0.7286937202200185],[102.96159014520009,0.7312937202200178],[102.95869014520008,0.7338937202200189],[102.95649014520009,0.735793720220018],[102.9543901452001,0.7377937202200187],[102.9522901452001,0.7400937202200186],[102.94979014520008,0.742993720220019],[102.94789014520009,0.7453937202200187],[102.94609014520009,0.7477937202200184],[102.94399014520009,0.750593720220019],[102.94209014520008,0.7530937202200185],[102.93949014520008,0.7561937202200184],[102.93719014520009,0.7588937202200192],[102.93549014520009,0.7609937202200179],[102.93349014520008,0.7635937202200189],[102.93839014520009,0.7658937202200189],[102.9419901452001,0.767793720220018],[102.94559014520009,0.7709937202200177],[102.9419901452001,0.7781937202200186],[102.9419901452001,0.7918937202200187],[102.9419901452001,0.7978937202200189],[102.94329014520008,0.8114937202200192],[102.94739014520009,0.8098937202200194],[102.95079014520009,0.8084937202200191],[102.95539014520008,0.806693720220018],[102.95849014520009,0.8053937202200192],[102.96459014520009,0.8028937202200179]]]}},{"type":"Feature","properties":{"NAMA_PROP":"RIAU","NAMOBJ":"Teluk Ketapang","REMARK":null,"UUPP":"Hasil Delineasi Tahun 2018","SRS_ID":"SRGI 2013","WADMKD":"Teluk Ketapang","WADMKC":"Pulaumerbau","WIADKC":"Pulau Merbau","WADMKK":"Kepulauan Meranti","WIADKK":"Kepulauan Meranti","WADMPR":"Riau","Coastal_Candidate":true,"Coast_Distance_M":0,"Intervention":false},"geometry":{"type":"Polygon","coordinates":[[[102.51589014520009,0.9531937202200194],[102.5125901452001,0.9504937202200185],[102.50969014520008,0.9482937202200183],[102.50779014520009,0.946493720220019],[102.50549014520008,0.9457937202200188],[102.5031901452001,0.9449937202200189],[102.50059014520009,0.9442937202200188],[102.49999014520009,0.9481937202200186],[102.49979014520008,0.9511937202200187],[102.49879014520009,0.954093720220019],[102.49779014520009,0.9566937202200183],[102.49709014520009,0.9591937202200178],[102.49609014520009,0.9621937202200179],[102.49489014520009,0.9653937202200193],[102.49359014520009,0.9684937202200192],[102.49259014520008,0.9707937202200192],[102.49179014520008,0.9731937202200189],[102.49059014520009,0.976193720220019],[102.49709014520009,0.9759937202200177],[102.50059014520009,0.9779937202200184],[102.49959014520009,0.9816937202200187],[102.51839014520009,0.9856937202200182],[102.51589014520009,0.9828937202200176],[102.51299014520009,0.9812937202200178],[102.50869014520009,0.9795937202200182],[102.51039014520009,0.976193720220019],[102.51199014520009,0.9718937202200184],[102.51129014520009,0.9655937202200189],[102.51239014520009,0.961393720220018],[102.51509014520009,0.9580937202200186],[102.51589014520009,0.9531937202200194]]]}},{"type":"Feature","properties":{"NAMA_PROP":"RIAU","NAMOBJ":"Teluk Lanus","REMARK":null,"UUPP":"Hasil Delineasi Tahun 2018","SRS_ID":"SRGI 2013","WADMKD":"Teluk Lanus","WADMKC":"Sungai Apit","WIADKC":"Sungai Apit","WADMKK":"Siak","WIADKK":"Siak","WADMPR":"Riau","Coastal_Candidate":true,"Coast_Distance_M":0,"Intervention":false},"geometry":{"type":"Polygon","coordinates":[[[102.8965901452001,0.7201937202200188],[102.89259014520009,0.7190937202200178],[102.89029014520008,0.7179937202200186],[102.88779014520009,0.7163937202200188],[102.88389014520008,0.7138937202200193],[102.87979014520009,0.7111937202200185],[102.87719014520009,0.7081937202200184],[102.8738901452001,0.704893720220019],[102.8721901452001,0.7017937202200191],[102.87069014520009,0.698793720220019],[102.86989014520009,0.694193720220019],[102.86939014520009,0.6897937202200186],[102.8683901452001,0.6860937202200184],[102.86699014520009,0.6835937202200189],[102.86469014520009,0.6798937202200186],[102.86289014520008,0.6768937202200185],[102.85919014520009,0.6717937202200179],[102.85519014520008,0.6688937202200194],[102.85029014520009,0.6613937202200191],[102.84449014520008,0.6605937202200192],[102.8417901452001,0.6602937202200181],[102.83859014520009,0.659893720220019],[102.83459014520008,0.6592937202200186],[102.8306901452001,0.658793720220018],[102.82689014520008,0.6582937202200192],[102.8169901452001,0.6566937202200194],[102.81109014520008,0.6555937202200184],[102.80879014520009,0.6547937202200185],[102.80179014520009,0.6554937202200186],[102.75739014520009,0.6513937202200193],[102.75519014520009,0.651193720220018],[102.75369014520008,0.6531937202200186],[102.7510901452001,0.6533937202200182],[102.7270901452001,0.6462937202200187],[102.61629014520008,0.6164937202200189],[102.60359014520009,0.6129937202200182],[102.60329014520009,0.6149937202200189],[102.5913901452001,0.6387937202200185],[102.58999014520009,0.6414937202200193],[102.58909014520009,0.6453937202200191],[102.58829014520009,0.6500937202200188],[102.5875901452001,0.6539937202200186],[102.58739014520009,0.6573937202200177],[102.58739014520009,0.6607937202200187],[102.58739014520009,0.6646937202200185],[102.58729014520009,0.6690937202200189],[102.58679014520008,0.674793720220018],[102.5866901452001,0.6783937202200185],[102.58589014520008,0.6812937202200189],[102.58459014520008,0.6859937202200186],[102.58429014520009,0.6896937202200188],[102.58389014520009,0.6950937202200187],[102.58389014520009,0.6986937202200192],[102.58449014520009,0.702593720220019],[102.58469014520008,0.7065937202200185],[102.58469014520008,0.7106937202200179],[102.58489014520009,0.7137937202200177],[102.58489014520009,0.7172937202200185],[102.5849901452001,0.7203937202200184],[102.58549014520008,0.7241937202200184],[102.58589014520008,0.7277937202200189],[102.58469014520008,0.7312937202200178],[102.58299014520009,0.7354937202200187],[102.5840901452001,0.7378937202200184],[102.58799014520008,0.7377937202200187],[102.59079014520009,0.7379937202200182],[102.5930901452001,0.738093720220018],[102.59629014520009,0.7381937202200177],[102.59999014520008,0.7385937202200186],[102.6024901452001,0.7389937202200176],[102.60599014520008,0.7393937202200185],[102.60969014520009,0.7402937202200182],[102.6123901452001,0.7412937202200194],[102.61539014520008,0.7419937202200177],[102.61789014520009,0.7423937202200186],[102.62029014520009,0.7426937202200179],[102.62319014520008,0.7432937202200183],[102.62599014520009,0.7440937202200182],[102.62849014520009,0.7451937202200192],[102.63129014520008,0.7464937202200179],[102.63529014520009,0.7483937202200188],[102.63919014520009,0.750293720220018],[102.64379014520009,0.7511937202200176],[102.64729014520009,0.7516937202200182],[102.64979014520009,0.7518937202200178],[102.65229014520008,0.7522937202200186],[102.65579014520009,0.752893720220019],[102.65909014520008,0.7532937202200181],[102.66209014520008,0.7539937202200182],[102.66559014520008,0.7546937202200183],[102.66859014520008,0.7553937202200185],[102.6722901452001,0.7556937202200178],[102.6756901452001,0.7556937202200178],[102.6782901452001,0.7556937202200178],[102.68179014520008,0.7557937202200193],[102.68459014520009,0.755193720220019],[102.68749014520009,0.7549937202200177],[102.68989014520008,0.7552937202200187],[102.69209014520008,0.7547937202200181],[102.69429014520009,0.7546937202200183],[102.69679014520008,0.7542937202200193],[102.69949014520009,0.7537937202200187],[102.7022901452001,0.7530937202200185],[102.70489014520008,0.7508937202200183],[102.70919014520008,0.7519937202200193],[102.7137901452001,0.7510937202200179],[102.71749014520009,0.7497937202200191],[102.72009014520009,0.7478937202200182],[102.7274901452001,0.744493720220019],[102.73489014520008,0.740693720220019],[102.74289014520009,0.7390937202200192],[102.74809014520008,0.7376937202200189],[102.75169014520009,0.7378937202200184],[102.75609014520009,0.7362937202200186],[102.75609014520009,0.733493720220018],[102.77449014520009,0.7298937202200193],[102.7758901452001,0.7312937202200178],[102.77879014520009,0.7314937202200191],[102.7822901452001,0.7314937202200191],[102.78589014520009,0.7315937202200189],[102.78809014520009,0.7316937202200187],[102.79079014520009,0.7320937202200177],[102.79529014520008,0.7326937202200181],[102.7998901452001,0.7333937202200183],[102.8032901452001,0.7339937202200186],[102.80619014520009,0.7343937202200177],[102.81049014520009,0.7354937202200187],[102.81469014520009,0.7354937202200187],[102.81819014520009,0.7362937202200186],[102.82149014520009,0.7367937202200192],[102.82429014520008,0.7373937202200178],[102.82799014520009,0.7386937202200183],[102.8315901452001,0.7389937202200176],[102.83619014520009,0.7393937202200185],[102.83959014520009,0.7396937202200178],[102.84379014520009,0.7398937202200191],[102.8477901452001,0.7398937202200191],[102.85149014520009,0.7397937202200193],[102.8554901452001,0.7393937202200185],[102.85949014520008,0.7386937202200183],[102.86389014520009,0.7378937202200184],[102.86679014520008,0.737293720220018],[102.8704901452001,0.7366937202200177],[102.87459014520009,0.7355937202200185],[102.87749014520008,0.7347937202200185],[102.87979014520009,0.7338937202200189],[102.88029014520009,0.7320937202200177],[102.88269014520009,0.7304937202200179],[102.88909014520009,0.7274937202200178],[102.89269014520009,0.7242937202200181],[102.8965901452001,0.7201937202200188]]]}},{"type":"Feature","properties":{"NAMA_PROP":"RIAU","NAMOBJ":"Teluk Samak","REMARK":null,"UUPP":"Hasil Delineasi Tahun 2018","SRS_ID":"SRGI 2013","WADMKD":"Teluk Samak","WADMKC":"Rangsang","WIADKC":"Rangsang","WADMKK":"Kepulauan Meranti","WIADKK":"Kepulauan Meranti","WADMPR":"Riau","Coastal_Candidate":true,"Coast_Distance_M":0,"Intervention":false},"geometry":{"type":"Polygon","coordinates":[[[103.06419014520009,0.9166937202200192],[103.06419014520009,0.9106937202200189],[103.06429014520009,0.9017937202200184],[103.06419014520009,0.8918937202200183],[103.06389014520009,0.886693720220018],[103.06329014520009,0.8795937202200186],[103.06369014520008,0.8761937202200176],[103.06509014520009,0.8723937202200194],[103.06749014520008,0.8667937202200182],[103.06609014520009,0.8654937202200177],[103.06499014520008,0.8639937202200176],[103.06429014520009,0.862293720220018],[103.0652901452001,0.859593720220019],[103.06429014520009,0.8562937202200178],[103.06179014520009,0.853493720220019],[103.05989014520009,0.8514937202200183],[103.05829014520009,0.8495937202200192],[103.05719014520008,0.8480937202200192],[103.05529014520009,0.8497937202200188],[103.05349014520009,0.8512937202200188],[103.05169014520008,0.8530937202200182],[103.04919014520009,0.8551937202200186],[103.04629014520009,0.8573937202200188],[103.04329014520009,0.8594937202200192],[103.04059014520008,0.8610937202200191],[103.03849014520009,0.8620937202200185],[103.03609014520009,0.8626937202200189],[103.0335901452001,0.8638937202200179],[103.03089014520009,0.8652937202200182],[103.02769014520008,0.8672937202200188],[103.03159014520008,0.8731937202200193],[103.03799014520008,0.8835937202200181],[103.04119014520009,0.8952937202200193],[103.04339014520009,0.9031937202200186],[103.04659014520008,0.9146937202200185],[103.04759014520009,0.9181937202200192],[103.04849014520009,0.9214937202200186],[103.05059014520009,0.9287937202200194],[103.05149014520009,0.9312937202200189],[103.05439014520009,0.928193720220019],[103.05879014520009,0.9231937202200182],[103.06129014520009,0.9201937202200181],[103.06419014520009,0.9166937202200192]]]}},{"type":"Feature","properties":{"NAMA_PROP":"RIAU","NAMOBJ":"Teluklancar","REMARK":null,"UUPP":"Hasil Delineasi Tahun 2018","SRS_ID":"SRGI 2013","WADMKD":"Teluklancar","WADMKC":"Bantan","WIADKC":null,"WADMKK":"Bengkalis","WIADKK":"Bengkalis","WADMPR":"Riau","Coastal_Candidate":true,"Coast_Distance_M":0,"Intervention":false},"geometry":{"type":"Polygon","coordinates":[[[102.49415879400009,1.3803894520000504],[102.49415879400006,1.3794658550000614],[102.4941765560001,1.3783468800000416],[102.49416750589596,1.3781025320521556],[102.49413215200008,1.3771479790000238],[102.49411439100004,1.376774987000042],[102.49425648300007,1.3763664730000842],[102.49436856700004,1.3760675810000493],[102.49452290500005,1.3756560130000202],[102.49464723600006,1.3752119750000737],[102.49473604300006,1.374661369000035],[102.4947182820001,1.3742350930000553],[102.49484261200008,1.37379105500002],[102.49486037400006,1.3732759720000696],[102.49489589700005,1.3728674570000485],[102.49509127300007,1.3726187960000462],[102.49502022700011,1.3724056580000434],[102.49502022700007,1.3721037130000622],[102.49518896100005,1.3717396020000578],[102.49536657600005,1.3713666110000526],[102.49547314500005,1.3708515270000767],[102.49552643000004,1.3705318200000547],[102.49561523700002,1.3702298750001036],[102.49561523700004,1.36971479100005],[102.49588166000007,1.3691997080000555],[102.49600599000007,1.3684537250000606],[102.49608591700009,1.3671837780000256],[102.49619248600004,1.3667575020000495],[102.49613920200007,1.366100326000064],[102.49608591700007,1.3656740500000701],[102.49619248600004,1.3652832970000819],[102.49612144000008,1.3649458290000458],[102.49624577100008,1.364732691000026],[102.49621024800007,1.3642886530000913],[102.49633457800007,1.3640222310000363],[102.49635234000004,1.363471624000084],[102.49652107400004,1.3624148150000326],[102.49660988100004,1.3618642090000375],[102.49646778900008,1.361242556000072],[102.49659212000007,1.3607807570000385],[102.49673421200004,1.3603011970000758],[102.49676973500006,1.3598749210000252],[102.4966986890001,1.3595196910000775],[102.4966986890001,1.3590578920000755],[102.49671407500006,1.3584578480000802],[102.49671645000008,1.3583651930000533],[102.49651219300007,1.3571485300000785],[102.49637010100007,1.3557631330000537],[102.49637010100007,1.3547862510001023],[102.49635234000004,1.3541468370000505],[102.49651219300006,1.3538093690000492],[102.49668980800004,1.3536139920000358],[102.49681413900004,1.3535074230000503],[102.49697399200005,1.353258762000067],[102.49724041500009,1.3529568170000612],[102.49728481800008,1.3523440450000614],[102.49739138700008,1.3515625390000656],[102.49739138700005,1.3510296940000521],[102.49751571800006,1.350798794000076],[102.49755124100005,1.3504258030000853],[102.49737362600008,1.3501060960000653],[102.49717824900007,1.3498396730000133],[102.4972492950001,1.349644297000052],[102.49749795600007,1.3494489200000488],[102.49751571800006,1.3490581670000836],[102.49742691000006,1.3484720380000914],[102.49746243300007,1.3478681470000666],[102.49754236000008,1.3472908980000622],[102.49764892900005,1.3467047690000364],[102.49757788300008,1.3461719240000316],[102.49757788300008,1.3457278860000104],[102.4976134060001,1.3452305640000743],[102.49759564500005,1.3449463800001087],[102.49756012200005,1.3445733890000702],[102.49741803000006,1.3442536820000566],[102.49759564500006,1.3441293510000423],[102.49763116800005,1.3439694980000492],[102.49743579100004,1.3436675520000756],[102.49744274800008,1.3436292890000385],[102.49747131400007,1.3434721760000317],[102.49796863600005,1.343330084000079],[102.49787982900006,1.343134707000046],[102.49784430600006,1.3428505230000476],[102.49789759000005,1.3426196240000792],[102.49794605864525,1.3423772825797933],[102.49795087500007,1.342353201000025],[102.49788870900004,1.3420068520000512],[102.49783542500006,1.3416338610000673],[102.49779990200008,1.3413674380000418],[102.4979597550001,1.3411187770000366],[102.49797751700004,1.3407102630000574],[102.49795975500007,1.340408317000025],[102.49790647100008,1.3401596560000193],[102.49769333300007,1.3400353260000384],[102.49765781000008,1.3395912880000618],[102.49779990200007,1.3390229200000674],[102.49787094800007,1.338259176000103],[102.49810184700007,1.3382236530000604],[102.49851036200006,1.3378151380000773],[102.49859028800009,1.336847137000068],[102.49851924200006,1.3363853380000734],[102.49848371900005,1.3357992080000176],[102.49860805000009,1.335426217000016],[102.49867909600003,1.3350532250000176],[102.49876790300004,1.3345026190000449],[102.49880342600005,1.3341296270000338],[102.49878566500007,1.333756636000034],[102.49883894900007,1.333436929000096],[102.49878566500009,1.333028414000109],[102.49875014200012,1.3326021380000244],[102.49861693100007,1.3322202660000602],[102.49877678400009,1.331847274000055],[102.49881230700004,1.3315986130000637],[102.49895439900008,1.3309769610000322],[102.49913201400005,1.330550685000058],[102.4990254450001,1.3301244090000797],[102.49914977600008,1.3297514180000531],[102.49932739100005,1.32957380300009],[102.49941619800008,1.3292363340000428],[102.49929186800006,1.3289521500000254],[102.49941619800008,1.3287745350000753],[102.49945172100007,1.3285436360000598],[102.49938067500008,1.3281528830000255],[102.4996470980001,1.327833176000066],[102.49959381300006,1.327566753000042],[102.49971814400006,1.3273536150000733],[102.49980695100004,1.3271404770000423],[102.49975366700006,1.3268740550000755],[102.49987799700006,1.3265898710001007],[102.50000232800005,1.326270164000045],[102.49994904300007,1.325843888000055],[102.50005561200005,1.3255774650000522],[102.50017994300003,1.3252399970000575],[102.5001621810001,1.3249913360000405],[102.50033979600005,1.3247604360000325],[102.50033979600005,1.3244584910000328],[102.50048188800014,1.3242808760000768],[102.50044405700004,1.3241484660000813],[102.50051741100003,1.323836838000049],[102.5004818880001,1.3236237000000524],[102.50048188800008,1.323286232000047],[102.50064174200008,1.3229665250000298],[102.50060621900008,1.3225224870000498],[102.50069502600009,1.3222915880000519],[102.50080159500006,1.3222205420000621],[102.50081935700007,1.3219008350000936],[102.50103249500006,1.3215633660000332],[102.50099697200005,1.3212081360000945],[102.50092592600004,1.3209239520000773],[102.50096144900004,1.3208351450000437],[102.50099697200007,1.3206397680000346],[102.50083711800005,1.3204799150000563],[102.50092592600002,1.3202845380001047],[102.50092592600006,1.3200714000000708],[102.50099697200005,1.3198405010000633],[102.50117458700005,1.3197161700000637],[102.50119234800007,1.3193076560000307],[102.50129003600006,1.3191389220000638],[102.50136108200007,1.3187836920001057],[102.50134332100004,1.318375177000093],[102.50144989000006,1.318108755000041],[102.50153869700006,1.3177890480000625],[102.50153869700007,1.3175048640000413],[102.50162750500004,1.3173450100000605],[102.50150317400005,1.3171141110000257],[102.50166302800005,1.316883211000057],[102.50182288100007,1.3165990270000594],[102.50208930400004,1.3162793200000353],[102.50221363400004,1.316048421000079],[102.50221363400007,1.3158175210000482],[102.50223139600007,1.315497814000023],[102.50232020300007,1.3150893000000645],[102.50251558000008,1.3145386930000613],[102.50259550700008,1.3140502520000765],[102.50252446100008,1.3138193520000536],[102.50250669900005,1.3135174070000717],[102.5026487910001,1.3132509850000293],[102.50257774500005,1.3130911310000497],[102.5024889380001,1.3128602320000504],[102.50264879100007,1.3125760480000432],[102.50300402100005,1.3122030560000453],[102.50302178300008,1.3119721570000715],[102.50311059000006,1.311634688000044],[102.50318272824735,1.3114594960845634],[102.49838673228344,1.3128356119420006],[102.4967901452001,1.3132937202200397],[102.4922901452001,1.3157937202200296],[102.48669014520009,1.3189937202200412],[102.4795901452001,1.3236937202200303],[102.47559014520009,1.3262937202200398],[102.47219014520009,1.328493720220033],[102.4676901452001,1.3303937202200158],[102.4636901452001,1.3321937202200442],[102.45949014520009,1.3338937202200385],[102.45699014520008,1.3349937202200326],[102.45309014520011,1.3391937202200361],[102.45109014520008,1.3412937202200323],[102.4455901452001,1.3471937202200526],[102.4391901452001,1.3523937202200143],[102.43719014520009,1.3552937202200324],[102.43359014520009,1.3604937202200296],[102.43129014520011,1.3628937202200166],[102.42469014520009,1.36969372022003],[102.42029014520007,1.3746937202200296],[102.42409014520008,1.3774937202200557],[102.42939014520009,1.379493720220018],[102.4340901452001,1.3802937202200247],[102.44129014520009,1.380193720220017],[102.4475901452001,1.3801937202200398],[102.45329014520009,1.380093720220013],[102.4617901452001,1.3800937202200172],[102.46869014520009,1.38019372022003],[102.47109014520011,1.3835937202200137],[102.47609014520009,1.3850937202200497],[102.47669014520008,1.3876937202200434],[102.4804901452001,1.3880937202200128],[102.4847901452001,1.3886937202200182],[102.4896901452001,1.3896937202200128],[102.49231177897884,1.3897254848422513],[102.4941549757578,1.3899524069481328],[102.49406998700005,1.3893234870000926],[102.49392789500007,1.3887373570000066],[102.49414103300006,1.3884531730001017],[102.49405222500009,1.3876894290000388],[102.49365259200006,1.3872365110000118],[102.49358154600009,1.387005611000055],[102.49349273800007,1.3866681430000576],[102.49363483000009,1.3862418670000323],[102.49374139900004,1.385922160000077],[102.49383020700009,1.3856557370000575],[102.49375916100009,1.3853005070001032],[102.49383020700009,1.3849275160000747],[102.4939722990001,1.3844657170000616],[102.4937946840001,1.3840572020000577],[102.49399006000003,1.3837730180000527],[102.49422096000006,1.3836486880000614],[102.4944163360001,1.383417788000028],[102.49423872100007,1.3830092740000537],[102.49397229900006,1.3826362820000606],[102.49405222500009,1.3821478410000576],[102.49387461000005,1.3818636570000538],[102.49394565600007,1.3814018580000682],[102.49387461000005,1.3809400590000624],[102.49401670200007,1.3807624440000497],[102.49415879400009,1.3803894520000504]]]}},{"type":"Feature","properties":{"NAMA_PROP":"RIAU","NAMOBJ":"Teluklatak","REMARK":null,"UUPP":"Hasil Delineasi Tahun 2018","SRS_ID":"SRGI 2013","WADMKD":"Teluklatak","WADMKC":"Bengkalis","WIADKC":null,"WADMKK":"Bengkalis","WIADKK":"Bengkalis","WADMPR":"Riau","Coastal_Candidate":true,"Coast_Distance_M":0,"Intervention":false},"geometry":{"type":"Polygon","coordinates":[[[102.07989014520008,1.6001937202200178],[102.07229014520009,1.581093720220018],[102.06659014520008,1.572693720220018],[102.06029014520009,1.5625937202200184],[102.04499014520009,1.5475937202200178],[102.03869014520009,1.5405937202200182],[102.0369901452001,1.5374937202200183],[102.03219014520009,1.5321937202200182],[102.02989014520008,1.534893720220019],[102.02769014520008,1.537193720220019],[102.02599014520008,1.5397937202200183],[102.02449014520009,1.5422937202200178],[102.02309014520009,1.5460937202200178],[102.02449014520009,1.546793720220018],[102.02959014520009,1.5494937202200187],[102.03199014520008,1.5515937202200192],[102.03379014520009,1.5537937202200194],[102.03519014520009,1.555493720220019],[102.0369901452001,1.5578937202200187],[102.04009014520008,1.561593720220019],[102.0446901452001,1.5701937202200185],[102.04849014520009,1.572993720220019],[102.05909014520009,1.5818937202200178],[102.06499014520008,1.5876937202200185],[102.07019014520009,1.6028937202200186],[102.07549014520009,1.6013937202200186],[102.07989014520008,1.6001937202200178]]]}},{"type":"Feature","properties":{"NAMA_PROP":"RIAU","NAMOBJ":"Teluknibung","REMARK":null,"UUPP":"Hasil Delineasi Tahun 2018","SRS_ID":"SRGI 2013","WADMKD":"Teluknibung","WADMKC":"Pulau Burung","WIADKC":null,"WADMKK":"Indragiri Hilir","WIADKK":null,"WADMPR":"Riau","Coastal_Candidate":true,"Coast_Distance_M":0,"Intervention":false},"geometry":{"type":"Polygon","coordinates":[[[103.5288901452001,0.4384937202200181],[103.52619014520009,0.4364937202200192],[103.52279014520009,0.434293720220019],[103.51919014520008,0.43199372022001903],[103.51619014520008,0.429393720220018],[103.51429014520009,0.4272937202200193],[103.51119014520009,0.4246937202200183],[103.50869014520009,0.42149372022001863],[103.50509014520009,0.41959372022001773],[103.5014901452001,0.41889372022001936],[103.49619014520009,0.41009372022001855],[103.4864901452001,0.4137937202200188],[103.47129014520009,0.3964937202200183],[103.45729014520009,0.38059372022001803],[103.45329014520009,0.3814937202200177],[103.45169014520009,0.37419372022001873],[103.4496901452001,0.3653937202200179],[103.43579014520009,0.36839372022001804],[103.43739014520008,0.3899937202200192],[103.41899014520008,0.406093720220019],[103.42799014520008,0.4162937202200183],[103.4342901452001,0.42359372022001907],[103.43709014520009,0.4267937202200187],[103.44319014520009,0.4336937202200186],[103.44589014520008,0.4367937202200185],[103.4488901452001,0.4401937202200177],[103.4530901452001,0.4450937202200187],[103.45889014520009,0.4401937202200177],[103.46689014520008,0.45129372022001846],[103.47179014520009,0.45849372022001766],[103.47429014520009,0.4619937202200184],[103.47659014520009,0.46519372022001804],[103.47869014520009,0.4684937202200192],[103.48159014520009,0.4666937202200181],[103.48319014520008,0.46489372022001874],[103.48559014520009,0.46399372022001906],[103.48759014520009,0.46259372022001877],[103.48839014520009,0.46079372022001763],[103.4911901452001,0.4591937202200178],[103.49529014520009,0.4558937202200184],[103.49799014520009,0.45379372022001796],[103.50039014520009,0.45219372022001814],[103.49969014520009,0.45049372022001855],[103.50339014520009,0.4510937202200189],[103.50669014520008,0.4497937202200184],[103.5095901452001,0.44829372022001834],[103.51289014520009,0.4466937202200185],[103.51569014520008,0.4456937202200191],[103.51879014520009,0.44469372022001785],[103.52209014520008,0.44329372022001934],[103.52539014520009,0.44189372022001905],[103.5288901452001,0.4384937202200181]]]}},{"type":"Feature","properties":{"NAMA_PROP":"RIAU","NAMOBJ":"Telukpambang","REMARK":null,"UUPP":"Hasil Delineasi Tahun 2018","SRS_ID":"SRGI 2013","WADMKD":"Telukpambang","WADMKC":"Bantan","WIADKC":null,"WADMKK":"Bengkalis","WIADKK":"Bengkalis","WADMPR":"Riau","Coastal_Candidate":true,"Coast_Distance_M":0,"Intervention":false},"geometry":{"type":"Polygon","coordinates":[[[102.4680901452001,1.4790937202200136],[102.47549014520008,1.4788937202200418],[102.47999014520009,1.481193720220028],[102.48499014520009,1.4824937202200357],[102.48717806718243,1.4785736922615509],[102.48739166300005,1.4782730760000513],[102.48787122400007,1.477651424000042],[102.48927438200009,1.4762305040000594],[102.49040223700007,1.4751736940000353],[102.49093796160783,1.474353366140658],[102.4909706050001,1.4743033810000366],[102.49191196500007,1.4735573980000374],[102.4924884082565,1.4730487715932818],[102.49251585600007,1.4730245530000952],[102.49311974700004,1.4724029000000147],[102.49375916100007,1.471905578000068],[102.4942920060001,1.4713372100000928],[102.49477156600007,1.4707333190000318],[102.49557971400009,1.4700672630000355],[102.49604151300012,1.4696232260000652],[102.49609479800004,1.469143665000044],[102.49639674300008,1.4687706740000535],[102.49646232319988,1.4686103667427393],[102.49671645000006,1.4679891680000374],[102.49678749600008,1.4674208000000821],[102.49662764300007,1.466461679000048],[102.4965565970001,1.4659288340000767],[102.49653883500008,1.4654315120000714],[102.49594382500004,1.4641260420000402],[102.49573068700005,1.4635399120000652],[102.49567334913645,1.4634180691500707],[102.49544650300005,1.4629360210000941],[102.49523336500005,1.462527507000067],[102.49512679600008,1.4618348080000787],[102.49440745500004,1.4601208240000578],[102.49385684900005,1.4591439410000564],[102.49339505000006,1.458078251000068],[102.4929814598463,1.4575654002851386],[102.49295101200008,1.4575276450000227],[102.49282668200006,1.4568882310000633],[102.49240040600006,1.4561244860000433],[102.49231081931838,1.4558495480644253],[102.4921428640001,1.4553340990000236],[102.49182315700006,1.4546058780000506],[102.49145016600006,1.4534513810000633],[102.49130807400007,1.4524389750000561],[102.49107717400005,1.451160147000053],[102.49092620100004,1.4504585680000568],[102.49049992500007,1.449641539000035],[102.4901802190001,1.4481318110000447],[102.48982714527386,1.4469976983400143],[102.48959408900004,1.4462490920000814],[102.48959408900004,1.445591917000055],[102.48978946600006,1.4451656410000875],[102.48939871300007,1.4445972730000525],[102.48905466623845,1.4435011262489663],[102.48901684000003,1.4433806100000044],[102.48859250434646,1.4432031608030151],[102.48810611808068,1.4429997629570348],[102.48803995800006,1.4429720960000931],[102.48642366100005,1.442776719000051],[102.4852336410001,1.442723435000076],[102.48409690500006,1.4425991040000727],[102.48276479200007,1.4424214890000369],[102.48143268000008,1.4423326820000435],[102.48042027500009,1.4422438740000516],[102.47929922100008,1.441330476000072],[102.47878724700007,1.4413306030000643],[102.47777392000204,1.4411344751496316],[102.47449014520011,1.4413937202200162],[102.47420689470955,1.4411779108970109],[102.47417948900005,1.44118432500005],[102.47249729100011,1.4421717020000528],[102.47249633100007,1.4421728170000492],[102.47210002668378,1.4426330409255406],[102.47179014520009,1.4427937202200167],[102.46799014520009,1.443993720220057],[102.46569014520009,1.4446937202200247],[102.46379014520012,1.4471937202200174],[102.46139014520008,1.4498937202200426],[102.4587901452001,1.4508937202200252],[102.45629014520009,1.4515937202200424],[102.45509014520009,1.45339372022004],[102.45689014520009,1.4560937202200241],[102.45549014520009,1.4582937202200155],[102.45239014520008,1.4594937202200162],[102.4484901452001,1.460893720220041],[102.4451901452001,1.4616937202200142],[102.44889014520011,1.4766937202200168],[102.45079014520009,1.4822937202200415],[102.45049014520009,1.4843937202200248],[102.45639014520009,1.4820937202200177],[102.4680901452001,1.4790937202200136]]]}},{"type":"Feature","properties":{"NAMA_PROP":"RIAU","NAMOBJ":"Telukpapal","REMARK":null,"UUPP":"Hasil Delineasi Tahun 2018","SRS_ID":"SRGI 2013","WADMKD":"Telukpapal","WADMKC":"Bantan","WIADKC":null,"WADMKK":"Bengkalis","WIADKK":"Bengkalis","WADMPR":"Riau","Coastal_Candidate":true,"Coast_Distance_M":0,"Intervention":false},"geometry":{"type":"Polygon","coordinates":[[[102.31709014520008,1.5500937202200191],[102.3143901452001,1.544493720220018],[102.3156901452001,1.5349937202200188],[102.30769014520008,1.529593720220019],[102.29749014520009,1.5229937202200183],[102.29689014520008,1.5280937202200189],[102.29379014520009,1.5324937202200193],[102.29089014520008,1.5399937202200178],[102.28729014520009,1.5402937202200189],[102.28079014520009,1.5414937202200178],[102.28089014520009,1.5488937202200184],[102.27969014520009,1.553593720220018],[102.2827901452001,1.5532937202200188],[102.28629014520008,1.5533937202200185],[102.29019014520009,1.5537937202200194],[102.29339014520009,1.5533937202200185],[102.29789014520009,1.553193720220019],[102.30109014520009,1.5532937202200188],[102.3036901452001,1.552393720220019],[102.30739014520009,1.5515937202200192],[102.31089014520009,1.5507937202200193],[102.31379014520009,1.5503937202200184],[102.31709014520008,1.5500937202200191]]]}},{"type":"Feature","properties":{"NAMA_PROP":"RIAU","NAMOBJ":"Telukpiyai","REMARK":null,"UUPP":"Hasil Delineasi Tahun 2018","SRS_ID":"SRGI 2013","WADMKD":"Telukpiyai","WADMKC":"Kubu","WIADKC":null,"WADMKK":"Rokan Hilir","WIADKK":null,"WADMPR":"Riau","Coastal_Candidate":true,"Coast_Distance_M":0,"Intervention":false},"geometry":{"type":"Polygon","coordinates":[[[100.64999014520009,2.122193720220018],[100.64879014520008,2.1182937202200183],[100.64679014520009,2.113393720220019],[100.64589014520008,2.1090937202200184],[100.64539014520008,2.1052937202200184],[100.64549014520009,2.102693720220019],[100.64549014520009,2.100493720220019],[100.64419014520008,2.0987937202200193],[100.64269014520009,2.095493720220018],[100.64089014520009,2.091693720220018],[100.64029014520008,2.0873937202200192],[100.6380901452001,2.0831937202200184],[100.63439014520009,2.0857937202200176],[100.63109014520009,2.087093720220018],[100.62699014520008,2.087493720220019],[100.62809014520009,2.0850937202200193],[100.63099014520009,2.0830937202200186],[100.63329014520009,2.0804937202200193],[100.63309014520009,2.074893720220018],[100.62999014520008,2.0784937202200187],[100.62719014520009,2.080993720220018],[100.62279014520009,2.082493720220018],[100.62079014520009,2.0849937202200177],[100.61829014520009,2.085993720220019],[100.6161901452001,2.0875937202200188],[100.61209014520009,2.088293720220019],[100.60889014520009,2.0877937202200183],[100.60609014520008,2.0862937202200182],[100.60409014520009,2.0854937202200183],[100.59989014520009,2.088593720220018],[100.59109014520008,2.090893720220018],[100.58209014520008,2.093993720220018],[100.58139014520009,2.098193720220019],[100.5810901452001,2.1028937202200186],[100.58179014520009,2.105693720220019],[100.58489014520009,2.106293720220018],[100.58749014520009,2.1066937202200187],[100.59059014520008,2.107793720220018],[100.59339014520009,2.1101937202200194],[100.59549014520009,2.113493720220019],[100.59659014520008,2.1170937202200193],[100.59729014520009,2.1205937202200182],[100.59859014520009,2.122993720220018],[100.5990901452001,2.1249937202200186],[100.5969901452001,2.127593720220018],[100.5947901452001,2.130093720220019],[100.59239014520008,2.1315937202200193],[100.59029014520009,2.1329937202200178],[100.58739014520009,2.134693720220019],[100.58529014520009,2.1380937202200183],[100.58549014520008,2.141293720220018],[100.5875901452001,2.143593720220018],[100.58849014520008,2.1462937202200187],[100.59079014520009,2.1474937202200177],[100.59549014520009,2.146093720220019],[100.59889014520009,2.1448937202200185],[100.60169014520008,2.143893720220019],[100.60619014520009,2.142293720220019],[100.60959014520009,2.1410937202200184],[100.6123901452001,2.140093720220019],[100.61529014520009,2.1390937202200178],[100.61899014520009,2.1375937202200177],[100.62369014520009,2.1363937202200187],[100.62749014520008,2.135193720220018],[100.63139014520009,2.133893720220019],[100.63449014520009,2.132493720220019],[100.63769014520008,2.131293720220018],[100.64009014520009,2.1302937202200187],[100.64519014520009,2.1280937202200185],[100.6495901452001,2.125293720220018],[100.64999014520009,2.122193720220018]]]}},{"type":"Feature","properties":{"NAMA_PROP":"RIAU","NAMOBJ":"Telukpiyai Pesisir","REMARK":null,"UUPP":"Hasil Delineasi Tahun 2018","SRS_ID":"SRGI 2013","WADMKD":"Telukpiyai Pesisir","WADMKC":"Kubu","WIADKC":null,"WADMKK":"Rokan Hilir","WIADKK":null,"WADMPR":"Riau","Coastal_Candidate":true,"Coast_Distance_M":0,"Intervention":false},"geometry":{"type":"Polygon","coordinates":[[[100.59079014520009,2.1474937202200177],[100.58849014520008,2.1462937202200187],[100.5875901452001,2.143593720220018],[100.58549014520008,2.141293720220018],[100.58529014520009,2.1380937202200183],[100.58739014520009,2.134693720220019],[100.59029014520009,2.1329937202200178],[100.59239014520008,2.1315937202200193],[100.5947901452001,2.130093720220019],[100.5969901452001,2.127593720220018],[100.5990901452001,2.1249937202200186],[100.59859014520009,2.122993720220018],[100.59729014520009,2.1205937202200182],[100.59659014520008,2.1170937202200193],[100.59549014520009,2.113493720220019],[100.59339014520009,2.1101937202200194],[100.59059014520008,2.107793720220018],[100.58749014520009,2.1066937202200187],[100.58489014520009,2.106293720220018],[100.58179014520009,2.105693720220019],[100.5810901452001,2.1028937202200186],[100.58139014520009,2.098193720220019],[100.58209014520008,2.093993720220018],[100.5746901452001,2.0953937202200184],[100.5678901452001,2.095593720220018],[100.56089014520009,2.095893720220019],[100.55299014520008,2.095793720220019],[100.52799014520009,2.096293720220018],[100.50569014520009,2.0964937202200193],[100.4851901452001,2.075393720220019],[100.41639014520008,2.010593720220019],[100.39819014520009,1.991893720220018],[100.40249014520009,2.002093720220019],[100.40629014520009,2.010493720220019],[100.41429014520008,2.0298937202200182],[100.41979014520008,2.037993720220019],[100.42759014520009,2.048193720220018],[100.43509014520009,2.0575937202200176],[100.44329014520008,2.069293720220019],[100.45289014520009,2.0838937202200185],[100.4590901452001,2.093593720220019],[100.47009014520009,2.108593720220018],[100.48089014520009,2.1250937202200184],[100.49269014520009,2.1429937202200193],[100.50369014520008,2.159193720220019],[100.51109014520009,2.170593720220019],[100.51659014520008,2.1761937202200183],[100.52099014520009,2.1795937202200193],[100.52349014520009,2.1817937202200177],[100.52689014520008,2.1844937202200185],[100.52809014520008,2.1875937202200184],[100.5309901452001,2.1848937202200194],[100.5335901452001,2.182693720220019],[100.53669014520008,2.1799937202200184],[100.53969014520008,2.177493720220019],[100.54319014520009,2.1745937202200185],[100.54489014520009,2.173293720220018],[100.54829014520008,2.169893720220019],[100.55169014520008,2.1673937202200193],[100.55339014520008,2.165993720220019],[100.55459014520008,2.164993720220018],[100.55719014520008,2.162893720220019],[100.55979014520008,2.1609937202200182],[100.56339014520009,2.158793720220018],[100.56769014520009,2.1561937202200188],[100.57019014520009,2.1550937202200178],[100.5720901452001,2.154293720220018],[100.57459014520009,2.153393720220018],[100.5780901452001,2.1520937202200177],[100.58089014520009,2.1512937202200177],[100.58339014520008,2.1502937202200183],[100.58559014520009,2.149593720220018],[100.58789014520009,2.1486937202200185],[100.59079014520009,2.1474937202200177]]]}},{"type":"Feature","properties":{"NAMA_PROP":"RIAU","NAMOBJ":"Telukpulai","REMARK":null,"UUPP":"Hasil Delineasi Tahun 2018","SRS_ID":"SRGI 2013","WADMKD":"Telukpulai","WADMKC":"Pasir Limau Kapas","WIADKC":null,"WADMKK":"Rokan Hilir","WIADKK":null,"WADMPR":"Riau","Coastal_Candidate":true,"Coast_Distance_M":0,"Intervention":false},"geometry":{"type":"Polygon","coordinates":[[[100.33909014520009,2.4734937202200182],[100.3370901452001,2.4717937202200186],[100.33729014520009,2.467893720220019],[100.33439014520009,2.470793720220019],[100.33169014520008,2.4717937202200186],[100.32929014520009,2.472493720220019],[100.32539014520009,2.4733937202200185],[100.32149014520009,2.474293720220018],[100.3178901452001,2.4744937202200177],[100.31419014520009,2.474593720220019],[100.3152901452001,2.4802937202200184],[100.31889014520009,2.492693720220018],[100.32069014520009,2.4996937202200193],[100.33749014520009,2.482993720220019],[100.33909014520009,2.4786937202200185],[100.33909014520009,2.4734937202200182]]]}},{"type":"Feature","properties":{"NAMA_PROP":"RIAU","NAMOBJ":"Telukrhu","REMARK":null,"UUPP":"Hasil Delineasi Tahun 2018","SRS_ID":"SRGI 2013","WADMKD":"Telukrhu","WADMKC":"Rupat Utara","WIADKC":null,"WADMKK":"Bengkalis","WIADKK":"Bengkalis","WADMPR":"Riau","Coastal_Candidate":true,"Coast_Distance_M":0,"Intervention":false},"geometry":{"type":"Polygon","coordinates":[[[101.68699014520008,2.108093720220019],[101.68199014520009,2.1002937202200194],[101.67189014520008,2.0834937202200177],[101.67189014520008,2.080993720220018],[101.6696901452001,2.079493720220018],[101.66849014520008,2.077993720220018],[101.66139014520009,2.064293720220018],[101.65719014520009,2.0582937202200178],[101.65649014520008,2.0548937202200186],[101.65439014520008,2.0518937202200185],[101.65149014520009,2.049093720220018],[101.64979014520009,2.0457937202200185],[101.64939014520009,2.0434937202200185],[101.64109014520008,2.0289937202200186],[101.63859014520008,2.032593720220019],[101.6572901452001,2.107393720220019],[101.65299014520009,2.123993720220019],[101.65539014520009,2.125193720220018],[101.65909014520008,2.1238937202200177],[101.6619901452001,2.122293720220018],[101.66339014520008,2.120693720220018],[101.66559014520008,2.119893720220018],[101.66789014520009,2.118693720220019],[101.66959014520009,2.117293720220019],[101.67379014520009,2.1155937202200192],[101.67639014520009,2.1139937202200176],[101.68019014520009,2.1120937202200185],[101.6829901452001,2.110293720220019],[101.68539014520009,2.109193720220018],[101.68699014520008,2.108093720220019]]]}},{"type":"Feature","properties":{"NAMA_PROP":"RIAU","NAMOBJ":"Temeran","REMARK":null,"UUPP":"Hasil Delineasi Tahun 2018","SRS_ID":"SRGI 2013","WADMKD":"Temeran","WADMKC":"Bengkalis","WIADKC":null,"WADMKK":"Bengkalis","WIADKK":"Bengkalis","WADMPR":"Riau","Coastal_Candidate":true,"Coast_Distance_M":0,"Intervention":false},"geometry":{"type":"Polygon","coordinates":[[[102.23029014520009,1.4746937202200483],[102.2371901452001,1.4699937202200068],[102.24529014520009,1.470493720220039],[102.2470901452001,1.451093720220033],[102.2475901452001,1.4484937202200219],[102.2469901452001,1.4462937202200465],[102.2473901452001,1.4439937202199982],[102.2479901452001,1.4411937202199998],[102.24689014520008,1.4382937202200157],[102.24660804875948,1.4382595272268233],[102.24646571400008,1.4380624480000572],[102.24638619800004,1.437466082000105],[102.24578936783632,1.4329898538729753],[102.24577720700007,1.4329887170000362],[102.24572410300006,1.4329751350000433],[102.24559469400003,1.432946711000042],[102.24546773300005,1.4329139890000577],[102.2450184290001,1.4328458500000498],[102.24490243000008,1.4328364920000574],[102.24480535600009,1.4328302290000652],[102.2447198790001,1.4328270530000526],[102.24462096600007,1.4328263190000885],[102.24452998900009,1.4328274370000704],[102.24442559800008,1.4328119480000636],[102.24433773000005,1.432766370000041],[102.24426386400008,1.4327546050000648],[102.2441283140001,1.432755670000074],[102.24400499600006,1.432740157000084],[102.24390489100007,1.432714842000073],[102.24380477000005,1.4327036590000568],[102.24367472400007,1.432697972000047],[102.24352698700005,1.4326787430000765],[102.24336642800006,1.4326594990000814],[102.24326201700006,1.4326612170000237],[102.24320156100003,1.4326691310000903],[102.24311546100006,1.4326757860000578],[102.24302326600008,1.4326738310000628],[102.24291460600006,1.4326552650000777],[102.24281817100007,1.4326244230000493],[102.24274495800009,1.432578247000052],[102.24265216000006,1.4325695320000766],[102.24252333700008,1.4325626160000648],[102.24238717900005,1.4325618360000716],[102.24227788900004,1.4325592460000385],[102.24221622400007,1.4325567140000508],[102.24212527700007,1.4325326380000722],[102.24201354300006,1.432530658000092],[102.24189875700006,1.4325292900000635],[102.24179984400006,1.4325291710000716],[102.24170275900008,1.4325315110000232],[102.24158491200006,1.4325362850000478],[102.24149455400004,1.432530644000073],[102.24140908800008,1.4325182500000617],[102.24132728000006,1.4325107770000822],[102.24123080100009,1.432517420000079],[102.24114591100006,1.432533909000037],[102.24109399400004,1.4325485940000495],[102.24103048100005,1.43255957700009],[102.24094196100006,1.4325484090000753],[102.24082904100005,1.4325175470000537],[102.24071734100005,1.4324885310000395],[102.24061113000005,1.432463822000083],[102.2405037060001,1.4324323530000356],[102.2403492640001,1.4324051270000566],[102.24012890100005,1.432358773000043],[102.23995307300002,1.4323444260000666],[102.23980351200004,1.4323190510000408],[102.23968812400005,1.4323096930000387],[102.23953916100004,1.4322959940000768],[102.23938714400005,1.4322816760000583],[102.2392320700001,1.4322716550000336],[102.2390885990001,1.4322598060000613],[102.23893658800007,1.4322418020000218],[102.23878275100009,1.432218264000039],[102.23865638100007,1.4322015190000839],[102.23853854000004,1.432202605000064],[102.23842496500004,1.432208612000108],[102.2383419350001,1.432201752000046],[102.2382607270001,1.4322034970000483],[102.23813552400009,1.432232841000044],[102.23803354600005,1.4322425490000261],[102.23797860500011,1.432233879000035],[102.23792551700006,1.4322073920000702],[102.23785286900005,1.432198701000066],[102.23771792900007,1.432200995000081],[102.23760191700008,1.4322033120000806],[102.23750911300009,1.4322007410000506],[102.23742547800003,1.4321895790000665],[102.23733756900003,1.43217841100006],[102.23722645600012,1.4321684450000685],[102.23710007100004,1.4321646050000598],[102.237097392093,1.4321645662619635],[102.23700726600005,1.4321632630000714],[102.23692056500006,1.432163158000057],[102.23679538600005,1.4321716090000147],[102.23668183000011,1.4321634820000586],[102.23656890400008,1.4321381510000826],[102.23648709500009,1.4321312920000793],[102.2363875710001,1.4321317860000702],[102.23629842800007,1.432131063000035],[102.23618793500009,1.4321143370000682],[102.23610430200006,1.4321007170000375],[102.23599501300004,1.4320981260000356],[102.23590160100012,1.4320937110000689],[102.23588620708435,1.4320916859195862],[102.23581674400003,1.4320825480000603],[102.23571541300007,1.432062761000047],[102.23562810200008,1.432062040000073],[102.23554565600006,1.432077302000031],[102.23541492500006,1.4321336770000659],[102.23535263100007,1.4321471200000457],[102.23530745300009,1.432143378000027],[102.2352598510001,1.4321248850000403],[102.23523301700004,1.43209843000007],[102.23517205300004,1.4320209300000528],[102.2351073720001,1.4319876680000345],[102.23503596400009,1.4319636160000995],[102.23495660200008,1.4319530730000536],[102.23486014400005,1.4319418960001036],[102.23477588700007,1.431941179000028],[102.2346299580001,1.4319428450000367],[102.23450723200006,1.4319433100001007],[102.23434054800003,1.4319418790000151],[102.23426177500006,1.431949157000028],[102.23423856400008,1.4319571180001092],[102.23417012700008,1.432000663000091],[102.23408219000002,1.4320128460000359],[102.23400157900005,1.4320262670000188],[102.23394356000007,1.4320384860000697],[102.23386052200004,1.4320383860000572],[102.2337426930001,1.4320290250000598],[102.23365965400006,1.4320301530000252],[102.23358210600009,1.4320343600000858],[102.23351188700008,1.4320367330000727],[102.23344228500007,1.4320341900000237],[102.23335193100007,1.4320254780000903],[102.23325669400003,1.4320155290001018],[102.23318892900005,1.4320080730000226],[102.23313094800005,1.4319889540000883],[102.23307053300006,1.4319618430000882],[102.2330302490001,1.431950733000065],[102.23299117200008,1.43195068600007],[102.23291177000004,1.4319739390000659],[102.23274569800013,1.4319712800000162],[102.23267485900003,1.431981640000055],[102.2326137760001,1.4320036870000166],[102.23253927400005,1.4320134290000643],[102.23241166200006,1.4320157320000282],[102.23230482200007,1.4320069980000059],[102.23220411400008,1.4319773800000333],[102.23213210000004,1.4319496410000752],[102.23205274300007,1.431934182000033],[102.23195994400008,1.4319279250000176],[102.23184881200008,1.431934549000063],[102.23177185400004,1.4319559620001023],[102.23171504500004,1.4319780150000236],[102.23159963100007,1.4319920080000632],[102.23148912200008,1.431988186000063],[102.23137740000004,1.4319776040000651],[102.23132123700003,1.4319695480000276],[102.23128891900006,1.43193386700006],[102.23127429900008,1.4319061980000443],[102.2312199610001,1.4319036740001072],[102.23117051300005,1.431897469000042],[102.23104291300007,1.4318893250000442],[102.23093484500004,1.4318867360000413],[102.23089831900009,1.4318859310000756],[102.23084631500006,1.431884784000055],[102.23074864100005,1.4318699180000969],[102.23062470000009,1.4318660800000411],[102.23059336852128,1.4318652910092216],[102.22988544400005,1.4318800390000157],[102.22986237027374,1.4318800390034294],[102.22952739579486,1.4318800390264184],[102.22946337880839,1.4318800390251814],[102.22919274500006,1.4318800390000441],[102.22871318500007,1.4318800390000403],[102.22683934700007,1.431977728000074],[102.22619993300003,1.4319954890000708],[102.22557828000004,1.4320132510000794],[102.22493886600006,1.4321553430000464],[102.22428169100009,1.4321375810000818],[102.22386202500007,1.4321602660000619],[102.22362451500007,1.432173104000072],[102.22307390900005,1.4322086270000258],[102.2224344950001,1.43220862700004],[102.22165298900008,1.432208627000039],[102.2208537210001,1.4323862420000588],[102.2203386380001,1.4325105730000798],[102.22031288896176,1.432510255105944],[102.22119014520008,1.4370937202200285],[102.22199014520012,1.4792937202200234],[102.23029014520009,1.4746937202200483]]]}},{"type":"Feature","properties":{"NAMA_PROP":"RIAU","NAMOBJ":"Tenggayun","REMARK":null,"UUPP":"Hasil Delineasi Tahun 2018","SRS_ID":"SRGI 2013","WADMKD":"Tenggayun","WADMKC":"Bandar Laksamana","WIADKC":null,"WADMKK":"Bengkalis","WIADKK":"Bengkalis","WADMPR":"Riau","Coastal_Candidate":true,"Coast_Distance_M":0,"Intervention":false},"geometry":{"type":"Polygon","coordinates":[[[101.92939014520009,1.5240937202200193],[101.92809014520009,1.5214937202200183],[101.92639014520009,1.5190937202200185],[101.92289014520009,1.5160937202200184],[101.91939014520008,1.5136937202200187],[101.89199014520008,1.4954937202200185],[101.82749014520009,1.4542937202200186],[101.75989014520009,1.4109937202200182],[101.68879014520009,1.3655937202200192],[101.63089014520008,1.3285937202200184],[101.62919014520008,1.3323937202200185],[101.6131901452001,1.340993720220018],[101.59369014520009,1.350893720220018],[101.56599014520009,1.354993720220019],[101.59829014520008,1.3736937202200181],[101.62039014520009,1.3865937202200183],[101.65229014520008,1.404993720220018],[101.67249014520009,1.4166937202200192],[101.7274901452001,1.4485937202200176],[101.84379014520009,1.515893720220019],[101.89199014520008,1.5438937202200194],[101.8948901452001,1.5454937202200192],[101.89539014520008,1.5471937202200188],[101.89759014520008,1.546293720220019],[101.89949014520009,1.544793720220019],[101.90249014520009,1.5433937202200187],[101.90579014520009,1.5416937202200192],[101.90889014520009,1.5385937202200193],[101.91139014520009,1.5367937202200181],[101.91369014520009,1.5358937202200185],[101.91649014520009,1.5339937202200193],[101.9196901452001,1.5321937202200182],[101.92259014520009,1.5301937202200193],[101.92509014520009,1.5285937202200177],[101.92709014520008,1.526993720220018],[101.92939014520009,1.5240937202200193]]]}},{"type":"Feature","properties":{"NAMA_PROP":"RIAU","NAMOBJ":"Tenggayun Raya","REMARK":null,"UUPP":"Hasil Delineasi Tahun 2018","SRS_ID":"SRGI 2013","WADMKD":"Tenggayun Raya","WADMKC":"Rangsang Pesisir","WIADKC":"Rangsang Pesisir","WADMKK":"Kepulauan Meranti","WIADKK":"Kepulauan Meranti","WADMPR":"Riau","Coastal_Candidate":true,"Coast_Distance_M":0,"Intervention":false},"geometry":{"type":"Polygon","coordinates":[[[102.88269014520009,1.1280937202200185],[102.87909014520008,1.117193720220019],[102.87699014520008,1.1098937202200183],[102.87209014520009,1.096593720220019],[102.86909014520009,1.0888937202200193],[102.86629014520008,1.0852937202200188],[102.8614901452001,1.0858937202200192],[102.8554901452001,1.0847937202200182],[102.85659014520009,1.0875937202200188],[102.85739014520009,1.0898937202200187],[102.85729014520008,1.0917937202200179],[102.85759014520009,1.0937937202200185],[102.85819014520008,1.097393720220019],[102.86109014520008,1.1037937202200183],[102.86049014520009,1.1226937202200187],[102.8601901452001,1.130193720220019],[102.8597901452001,1.135893720220018],[102.8631901452001,1.135193720220018],[102.86739014520009,1.1344937202200178],[102.87019014520008,1.1334937202200184],[102.87399014520008,1.1325937202200187],[102.87789014520008,1.1299937202200177],[102.88009014520009,1.129093720220018],[102.88269014520009,1.1280937202200185]]]}},{"type":"Feature","properties":{"NAMA_PROP":"RIAU","NAMOBJ":"Titi Akar","REMARK":null,"UUPP":"Hasil Delineasi Tahun 2018","SRS_ID":"SRGI 2013","WADMKD":"Titi Akar","WADMKC":"Rupat Utara","WIADKC":null,"WADMKK":"Bengkalis","WIADKK":"Bengkalis","WADMPR":"Riau","Coastal_Candidate":true,"Coast_Distance_M":0,"Intervention":false},"geometry":{"type":"MultiPolygon","coordinates":[[[[101.55169014520008,2.0960937202200185],[101.5481901452001,2.0918937202200176],[101.54479014520008,2.0938937202200183],[101.54629014520009,2.0967937202200186],[101.54949014520008,2.0986937202200178],[101.55219014520009,2.099593720220019],[101.55169014520008,2.0960937202200185]]],[[[101.56489014520008,2.0479937202200187],[101.57839014520009,2.042593720220019],[101.60739014520009,2.0422937202200178],[101.60739014520009,2.039493720220019],[101.60859014520008,2.0372937202200188],[101.63389014520008,2.039193720220018],[101.63859014520008,2.032593720220019],[101.64109014520008,2.0289937202200186],[101.64349014520009,2.025693720220019],[101.64949014520009,2.0171937202200176],[101.6559901452001,2.0077937202200182],[101.6508901452001,2.010493720220019],[101.60629014520009,2.011693720220018],[101.60749014520009,2.0076937202200185],[101.60749014520009,2.003293720220018],[101.6003901452001,2.0007937202200186],[101.60319014520009,1.9998937202200189],[101.60559014520008,1.999093720220019],[101.60589014520009,1.9966937202200192],[101.60459014520009,1.994893720220018],[101.5990901452001,1.9913937202200191],[101.59499014520009,1.9885937202200186],[101.59229014520008,1.986093720220019],[101.59029014520009,1.9838937202200189],[101.5870901452001,1.9801937202200186],[101.58529014520009,1.9775937202200193],[101.58189014520009,1.971593720220019],[101.57989014520008,1.9692937202200191],[101.57699014520009,1.9675937202200178],[101.57439014520008,1.965193720220018],[101.5755901452001,1.9630937202200194],[101.5776901452001,1.9618937202200186],[101.58059014520009,1.9595937202200187],[101.58439014520009,1.9550937202200185],[101.58659014520009,1.9519937202200186],[101.58789014520009,1.9489937202200185],[101.58869014520009,1.9460937202200181],[101.5900901452001,1.9434937202200189],[101.57779014520008,1.9284937202200183],[101.46819014520008,1.9711937202200183],[101.3978901452001,1.9988937202200177],[101.3974901452001,2.003393720220018],[101.39899014520009,2.0080937202200193],[101.40149014520009,2.011193720220019],[101.40319014520009,2.014293720220019],[101.40469014520009,2.0186937202200177],[101.40589014520009,2.0214937202200183],[101.40759014520009,2.0235937202200187],[101.4102901452001,2.026993720220018],[101.41269014520009,2.0293937202200176],[101.41479014520009,2.0312937202200185],[101.41659014520009,2.032993720220018],[101.41859014520008,2.0350937202200186],[101.42119014520009,2.037893720220019],[101.42329014520008,2.039993720220018],[101.42579014520008,2.042593720220019],[101.4274901452001,2.044393720220018],[101.42949014520009,2.046093720220018],[101.43229014520008,2.0479937202200187],[101.43459014520009,2.049393720220019],[101.43699014520008,2.0507937202200193],[101.43919014520009,2.052393720220019],[101.44229014520009,2.0541937202200184],[101.44609014520009,2.0563937202200187],[101.4483901452001,2.0567937202200177],[101.45089014520009,2.058193720220018],[101.45469014520009,2.0598937202200194],[101.45869014520008,2.0613937202200177],[101.46099014520009,2.0618937202200183],[101.46319014520009,2.062793720220018],[101.46549014520009,2.0639937202200187],[101.46879014520009,2.0644937202200193],[101.47169014520009,2.0652937202200192],[101.47529014520009,2.065393720220019],[101.47909014520009,2.0643937202200178],[101.48249014520009,2.0629937202200193],[101.48499014520009,2.0618937202200183],[101.48709014520009,2.0605937202200177],[101.48979014520009,2.059293720220019],[101.49329014520009,2.057693720220019],[101.49579014520009,2.0564937202200184],[101.49829014520009,2.0549937202200184],[101.50069014520008,2.0530937202200192],[101.50379014520009,2.0517937202200187],[101.50679014520009,2.049893720220018],[101.50749014520008,2.0472937202200185],[101.51029014520009,2.0442937202200184],[101.51209014520009,2.0418937202200187],[101.51429014520009,2.039493720220019],[101.51249014520009,2.0350937202200186],[101.51269014520008,2.0300937202200178],[101.5185901452001,2.0358937202200185],[101.51869014520008,2.033093720220018],[101.51659014520008,2.029493720220019],[101.51839014520009,2.0285937202200177],[101.52119014520008,2.0304937202200186],[101.52299014520008,2.032993720220018],[101.52519014520009,2.035593720220019],[101.52809014520008,2.036793720220018],[101.53129014520009,2.0372937202200188],[101.53469014520009,2.037993720220019],[101.53749014520008,2.0388937202200186],[101.54059014520008,2.0396937202200185],[101.54369014520009,2.0400937202200193],[101.54709014520009,2.0404937202200184],[101.55089014520009,2.044093720220019],[101.5549901452001,2.0456937202200187],[101.5566901452001,2.043693720220018],[101.55959014520009,2.0450937202200183],[101.56199014520008,2.0441937202200187],[101.56249014520009,2.0412937202200183],[101.56489014520008,2.0380937202200187],[101.56849014520009,2.0380937202200187],[101.5656901452001,2.0445937202200177],[101.56489014520008,2.0479937202200187]]]]}},{"type":"Feature","properties":{"NAMA_PROP":"RIAU","NAMOBJ":"Topang","REMARK":null,"UUPP":"Hasil Delineasi Tahun 2018","SRS_ID":"SRGI 2013","WADMKD":"Topang","WADMKC":"Rangsang","WIADKC":"Rangsang","WADMKK":"Kepulauan Meranti","WIADKK":"Kepulauan Meranti","WADMPR":"Riau","Coastal_Candidate":true,"Coast_Distance_M":0,"Intervention":false},"geometry":{"type":"MultiPolygon","coordinates":[[[[103.08569014520009,0.8024937202200189],[103.0815901452001,0.7998937202200178],[103.07989014520008,0.8036937202200178],[103.07829014520009,0.8073937202200181],[103.07749014520009,0.8112937202200179],[103.07679014520009,0.8140937202200185],[103.07579014520009,0.8175937202200192],[103.07719014520009,0.8215937202200188],[103.0806901452001,0.8233937202200181],[103.08389014520009,0.821893720220018],[103.08719014520008,0.8209937202200184],[103.08989014520009,0.820393720220018],[103.09279014520008,0.8199937202200189],[103.09669014520009,0.8197937202200194],[103.1007901452001,0.8187937202200182],[103.10339014520008,0.8179937202200183],[103.10619014520009,0.8160937202200191],[103.10799014520009,0.8129937202200193],[103.10729014520008,0.810493720220018],[103.10779014520008,0.8074937202200179],[103.1046901452001,0.8060937202200193],[103.10139014520009,0.8056937202200185],[103.09839014520009,0.8052937202200177],[103.09489014520008,0.8045937202200193],[103.0909901452001,0.8030937202200192],[103.08569014520009,0.8024937202200189]]],[[[103.0969901452001,0.7189937202200181],[103.09419014520009,0.7180937202200184],[103.09149014520008,0.7181937202200182],[103.08769014520009,0.7184937202200192],[103.08429014520009,0.7217937202200186],[103.08149014520009,0.7248937202200185],[103.08009014520009,0.7276937202200191],[103.07889014520009,0.730793720220019],[103.07739014520008,0.7342937202200179],[103.0763901452001,0.7381937202200177],[103.07619014520009,0.7420937202200193],[103.07709014520009,0.7457937202200178],[103.07779014520008,0.749093720220019],[103.07839014520009,0.7520937202200191],[103.0789901452001,0.755193720220019],[103.07959014520009,0.758993720220019],[103.07989014520008,0.7617937202200178],[103.07989014520008,0.7641937202200193],[103.08009014520009,0.7672937202200192],[103.08029014520008,0.7710937202200192],[103.08059014520009,0.7741937202200191],[103.08099014520009,0.7766937202200186],[103.08189014520009,0.7797937202200185],[103.08359014520009,0.7832937202200192],[103.08449014520009,0.7857937202200187],[103.08559014520009,0.7889937202200183],[103.08729014520009,0.7914937202200178],[103.08909014520009,0.7939937202200191],[103.09119014520009,0.7960937202200178],[103.09339014520009,0.7978937202200189],[103.09679014520009,0.7988937202200184],[103.10049014520008,0.7986937202200188],[103.10329014520009,0.7979937202200187],[103.10609014520008,0.7968937202200177],[103.10819014520008,0.7941937202200187],[103.10819014520008,0.7906937202200179],[103.10869014520009,0.7869937202200177],[103.11009014520009,0.7840937202200191],[103.11089014520009,0.7820937202200184],[103.10989014520008,0.7791937202200181],[103.1101901452001,0.776193720220018],[103.11079014520008,0.7733937202200192],[103.11119014520008,0.7703937202200191],[103.11189014520009,0.766593720220019],[103.11179014520009,0.7628937202200188],[103.11119014520008,0.7599937202200184],[103.11109014520008,0.7572937202200194],[103.11159014520008,0.7544937202200188],[103.1127901452001,0.751793720220018],[103.11299014520009,0.7481937202200193],[103.11309014520009,0.7457937202200178],[103.1131901452001,0.7430937202200187],[103.11379014520008,0.7392937202200187],[103.11339014520009,0.7353937202200189],[103.1127901452001,0.7326937202200181],[103.11159014520008,0.7306937202200192],[103.11039014520009,0.7286937202200185],[103.1084901452001,0.7259937202200177],[103.1054901452001,0.7237937202200193],[103.1029901452001,0.7220937202200179],[103.1003901452001,0.7198937202200177],[103.0969901452001,0.7189937202200181]]]]}},{"type":"Feature","properties":{"NAMA_PROP":"RIAU","NAMOBJ":"Wonosari","REMARK":null,"UUPP":"Hasil Delineasi Tahun 2018","SRS_ID":"SRGI 2013","WADMKD":"Wonosari","WADMKC":"Bengkalis","WIADKC":null,"WADMKK":"Bengkalis","WIADKK":"Bengkalis","WADMPR":"Riau","Coastal_Candidate":true,"Coast_Distance_M":83.9,"Intervention":false},"geometry":{"type":"Polygon","coordinates":[[[102.15339014520009,1.5770937202200184],[102.15449014520009,1.5707937202200188],[102.15409014520009,1.560093720220019],[102.15229014520008,1.5522937202200193],[102.14989014520009,1.5439937202200191],[102.14879014520008,1.5395937202200187],[102.1478901452001,1.535693720220019],[102.14219014520009,1.5118937202200193],[102.13919014520009,1.499493720220018],[102.13689014520008,1.4960937202200189],[102.1345901452001,1.4939937202200184],[102.13309014520009,1.4915937202200187],[102.13089014520008,1.4901937202200184],[102.12969014520009,1.4861937202200188],[102.1281901452001,1.4816937202200187],[102.1268901452001,1.4790937202200194],[102.1238901452001,1.4774937202200178],[102.12169014520009,1.4756937202200184],[102.11779014520009,1.4762937202200188],[102.11419014520008,1.4778937202200186],[102.11159014520008,1.4798937202200193],[102.10819014520008,1.4818937202200182],[102.10449014520009,1.484593720220019],[102.10999014520009,1.4940937202200182],[102.1097901452001,1.4972937202200178],[102.10969014520009,1.500293720220018],[102.11339014520009,1.5079937202200178],[102.11959014520009,1.521193720220019],[102.13229014520009,1.5411937202200185],[102.13229014520009,1.5734937202200179],[102.13319014520009,1.5832937202200181],[102.13679014520008,1.5822937202200187],[102.13939014520008,1.5815937202200185],[102.14269014520009,1.5804937202200193],[102.14559014520009,1.579493720220018],[102.14939014520009,1.578393720220019],[102.15339014520009,1.5770937202200184]]]}},{"type":"Feature","properties":{"NAMA_PROP":"RIAU","NAMOBJ":"Kelurahan Basilam Baru","REMARK":"Wilayah pascapemekaran Sungai Geniot; batas berdasarkan Perwali Kota Dumai Nomor 39 Tahun 2025","UUPP":"Perwali Kota Dumai Nomor 39 Tahun 2025","SRS_ID":"SRGI 2013","WADMKD":"Kelurahan Basilam Baru","WADMKC":"Sungai Sembilan","WIADKC":null,"WADMKK":"Kota Dumai","WIADKK":"Kota Dumai","WADMPR":"Riau","KODE_WIL":"14.72.04.1004","KODE_DESA":"14.72.04.1004","Coastal_Candidate":true,"Coast_Distance_M":0,"Intervention":false,"Boundary_Source":"Perwali Kota Dumai Nomor 39 Tahun 2025"},"geometry":{"type":"Polygon","coordinates":[[[101.35059014520009,1.8454937202200181],[101.3469901452001,1.846293720220018],[101.34429014520009,1.8452937202200186],[101.34069014520009,1.843993720220018],[101.33649014520009,1.8415937202200183],[101.33369014520008,1.839793720220019],[101.3310901452001,1.838293720220019],[101.33009014520009,1.8403937202200193],[101.32799014520009,1.8398937202200187],[101.32609014520008,1.8391937202200186],[101.32449014520009,1.8376937202200185],[101.32239014520009,1.835193720220019],[101.32019014520009,1.8331937202200184],[101.31759014520009,1.8316937202200183],[101.31489014520008,1.8301937202200182],[101.3113901452001,1.8280937202200178],[101.3083901452001,1.825693720220018],[101.30579014520009,1.8247937202200184],[101.30239014520009,1.8242937202200178],[101.29839014520009,1.822693720220018],[101.28669014520008,1.817693720220019],[101.28129014520009,1.8154937202200188],[101.26879014520009,1.8101937202200187],[101.2638901452001,1.8079937202200185],[101.26119014520009,1.806993720220019],[101.25909014520009,1.8059937202200178],[101.25679014520009,1.8050937202200181],[101.25499014520008,1.8038937202200191],[101.25269014520009,1.8026937202200184],[101.22829014520009,1.7922937202200178],[101.20329014520009,1.779993720220018],[101.18789014520009,1.7720937202200187],[101.18369014520009,1.7773937202200187],[101.15139014520008,1.815393720220019],[101.14549014520009,1.8219937202200178],[101.13949014520009,1.8284937202200187],[101.1363901452001,1.8318937202200178],[101.12309014520008,1.8516937202200179],[101.11819014520009,1.8585937202200178],[101.11399014520009,1.8661937202200178],[101.1091745867192,1.8745406882535425],[101.25476583333332,1.8926591666666663],[101.25535086306662,1.8928544034537707],[101.25593586794774,1.8930496153782381],[101.25681407902893,1.893538156695239],[101.25749680282827,1.8938311533925827],[101.25798476782798,1.8941243164375214],[101.25974014692825,1.8948078699040247],[101.26071573749557,1.8952963529310183],[101.26110561929279,1.8953938632775595],[101.26315386498841,1.8962728533061322],[101.26344636747213,1.896370471710261],[101.26432387492329,1.8966633269226474],[101.26568934728783,1.897249320296182],[101.26724996741582,1.8979329903426998],[101.26763984938569,1.8980305504568213],[101.26783497238327,1.8981282271509574],[101.26802975594877,1.8981280607822095],[101.26822487903267,1.8982257623601357],[101.26832225843249,1.8982256791863383],[101.27007627945916,1.8985177608661459],[101.27105051203921,1.8986147969902338],[101.27192734036724,1.898711891425482],[101.27221984285096,1.8988095098296107],[101.27562880808512,1.8989044663972339],[101.27757622992412,1.898804934826541],[101.2793292324819,1.8988034375501168],[101.28010800245964,1.8987049041496047],[101.2810815560892,1.8986062292641348],[101.28137337953612,1.8985081117749156],[101.28166554250144,1.8985078622323706],[101.28186032606695,1.8985076958636227],[101.28215214951386,1.8984095783744037],[101.28254171664486,1.898409245636908],[101.28302866317568,1.898408829725615],[101.2853663311825,1.8985047013107743],[101.28527404417027,1.8999726917076254],[101.28527642066959,1.9006577300086578],[101.285279136601,1.901440611372574],[101.28528015511304,1.9017342027707007],[101.28528524750062,1.9032021099937542],[101.28520006513418,1.906725190431065],[101.2852133054023,1.9105417666296571],[101.28378745842458,1.9206226787779899],[101.28378881641186,1.9210141256808955],[101.2839835752115,1.9210139593333009],[101.28408097937718,1.9210138761383504],[101.28427607765205,1.9211115652955346],[101.2844715402112,1.9213071223782396],[101.28466734228874,1.9216005474076185],[101.28476506116381,1.9216983197386],[101.28486314432313,1.9218939599951024],[101.28486382331677,1.922089683446555],[101.28476709814473,1.9222854900929585],[101.28467039773855,1.9224812967182086],[101.28447629316669,1.9226771865384091],[101.28428218855167,1.9228730639167146],[101.28399036510476,1.9229711814059338],[101.2839910440984,1.9231669048573867],[101.28389434369222,1.9233627114826368],[101.28389502264271,1.9235584224921947],[101.28399308103617,1.92375406276985],[101.28409150367074,1.9240475585311314],[101.284286941464,1.9242431156349893],[101.2843846851481,1.924340900386713],[101.28457980818884,1.924438589522744],[101.28477490650688,1.9245362911218231],[101.28497002954762,1.9246339802578543],[101.28516515263152,1.9247316818357803],[101.28565209916235,1.9247312659244873],[101.28584688272785,1.9247310995557396],[101.28604164152748,1.9247309332081448],[101.28623608557459,1.924632898892723],[101.28643019014643,1.9244370090725225],[101.28652689055261,1.9242412024472721],[101.28662395524306,1.9241432637475429],[101.2870124791393,1.9238493520749687],[101.28720692318642,1.9237513177595469],[101.28730362359259,1.9235555111342968],[101.28749806768285,1.92345748926077],[101.28759510760743,1.9233595505821939],[101.28778921217929,1.9231636607619933],[101.28798365622639,1.9230656264465715],[101.28808035663256,1.9228698198213212],[101.28827446124758,1.9226739424430157],[101.28837084690122,1.9223802678499384],[101.28856492670721,1.922184378050891],[101.28856458723197,1.9220865225461121],[101.28836948891393,1.9219888209470328],[101.28827140579777,1.9217931931324257],[101.28807628271386,1.9216954915544995],[101.2878808449206,1.9214999344506414],[101.28778276176126,1.921304294194139],[101.2876847033678,1.9211086539164834],[101.28748890133342,1.9208152413289996],[101.28748822233977,1.920619517877547],[101.28748754338929,1.920423806867989],[101.28748686439565,1.9202280834165364],[101.28758356480182,1.920032276791286],[101.28777800884893,1.9199342424758643],[101.288069832339,1.9198361374285404],[101.28826461590451,1.9198359710597925],[101.28845905999476,1.9197379491862658],[101.28865418303552,1.919835638322297],[101.28884894183514,1.9198354719747022],[101.28923884844139,1.9199329947419854],[101.2894339715253,1.9200306963199116],[101.2896287550908,1.9200305299511637],[101.28982385336568,1.9201282191083477],[101.29001931592481,1.9203237761910528],[101.2900203343937,1.9206173551472845],[101.29011841755303,1.920812995403787],[101.29011909654666,1.9210087188552398],[101.29021817340902,1.9214979380891268],[101.29021987087154,1.9219872404968112],[101.29031792926499,1.9221828807744668],[101.29041601242432,1.9223785210309692],[101.29051474981142,1.9227698847600774],[101.29070987285216,1.9228675738961085],[101.29090499593607,1.9229652754740347],[101.29119715890138,1.9229650259314894],[101.29139157818263,1.9228669916372207],[101.29158602227288,1.922768969763694],[101.29178046636315,1.9226709478901673],[101.2919742314166,1.922377190123293],[101.29207093182278,1.9221813834980426],[101.29216763222895,1.9219855768727925],[101.29226435744415,1.9217897826682844],[101.29216593476643,1.9214962744651078],[101.29216525577279,1.9213005510136552],[101.29216457677914,1.9211048275622022],[101.29216389782866,1.9209091165526446],[101.29216321883501,1.9207133931011917],[101.29225994400706,1.9205175864547885],[101.29235664441323,1.9203217798295382],[101.29245370910368,1.920223841129809],[101.29255040950986,1.9200280345045588],[101.29264710991603,1.9198322278793087],[101.29293827917833,1.9195383993593786],[101.29313235898432,1.9193425095603311],[101.29332680303142,1.9192444752449094],[101.2936182870031,1.9190485022509114],[101.29381273109337,1.9189504803773847],[101.29400717514046,1.918852446061963],[101.29420195870597,1.918852279693215],[101.29429899863054,1.9187543410146388],[101.29449378219604,1.9187541746458912],[101.29468822628631,1.9186561527723645],[101.29478526616772,1.9185582016518932],[101.29498004973323,1.9185580352831453],[101.29517446905761,1.9184600134307717],[101.29536925262312,1.9184598470620238],[101.29566107607003,1.9183617295728048],[101.29595326380122,1.9183614800091064],[101.29614768312561,1.9182634581567328],[101.29634246669112,1.9182632917879852],[101.29653691073821,1.9181652574725634],[101.29673133006261,1.9180672356201898],[101.29673065106897,1.9178715121687369],[101.29672997207533,1.9176757887172842],[101.29663225320027,1.9175780163863025],[101.29653385533157,1.9172845206038682],[101.29643611164748,1.9171867358521448],[101.29633805325402,1.9169910955744893],[101.29633737426037,1.9167953721230364],[101.2963366953099,1.9165996611134788],[101.29653046036336,1.9163059033466041],[101.29662750028793,1.916207964668028],[101.29682160485979,1.9160120748478273],[101.29721046823128,1.915816018680032],[101.29740525179679,1.915815852311284],[101.29886507292036,1.9155210256211734],[101.29954612402305,1.91532471988968],[101.30042125493172,1.9149325243591386],[101.30081014306909,1.9147364681701902],[101.30100456239347,1.9146384463178165],[101.30129607113102,1.9144424733026655],[101.30149082993066,1.914442306955071],[101.3015878946211,1.9143443682553416],[101.3017823386682,1.9142463339399198],[101.30197675799259,1.9141483120875462],[101.30217120203969,1.9140502777721244],[101.30236564612996,1.9139522558985977],[101.30256006541119,1.913854221604329],[101.30285191366713,1.9137561165358519],[101.30314475562609,1.9139515904447595],[101.30334021818524,1.9141471475274645],[101.3034382765787,1.91434278780512],[101.30353633492899,1.9145384156408802],[101.30363441808832,1.9147340558973827],[101.3036354365572,1.9150276348536144],[101.30373383446907,1.9153211430779438],[101.30392963650345,1.9156145556654276],[101.3041250990626,1.9158101127481326],[101.30441760150316,1.9159077187103664],[101.30471010398688,1.9160053371144952],[101.30509967111789,1.9160050043769994],[101.30656014642607,1.9159058887175997],[101.308508611543,1.9160999485238805],[101.30889849342654,1.9161974837542117],[101.30909293747364,1.9160994494387902],[101.3092873815639,1.9160014275652635],[101.309481825611,1.9159033932498417],[101.30967593022602,1.9157075158715362],[101.30977229111379,1.915413841299612],[101.30986865204473,1.9151201791695829],[101.30986797305108,1.9149244557181302],[101.30976991465762,1.9147288154404747],[101.30976855671351,1.9143373809794642],[101.30986525711968,1.9141415743542138],[101.30996164277332,1.9138478997611368],[101.31005800370426,1.9135542376311077],[101.31015470411043,1.9133584310058576],[101.31025142928247,1.9131626243594542],[101.31034812968865,1.912966817734204],[101.31044485486069,1.912771011087801],[101.31054189478526,1.9126730724092247],[101.31073633887553,1.912575050535698],[101.31093044344739,1.9123791607154974],[101.31102714385355,1.912183354090247],[101.31131862782523,1.911987381096249],[101.31161011179691,1.9117914081022511],[101.31170717648736,1.9116934694025218],[101.31190125629334,1.9114975796034743],[101.31209570034045,1.9113995452880523],[101.3122901444307,1.9113015234145259],[101.31258162840238,1.9111055504205279],[101.31277607249265,1.9110075285470012],[101.31297051653975,1.9109094942315794],[101.31316493586414,1.9108114723792058],[101.3133593799544,1.910713450505679],[101.31355416351991,1.9107132841369312],[101.31365120340132,1.91061533301646],[101.31394336636664,1.9106150834739148],[101.31423555409782,1.9106148339102165],[101.31442997342222,1.9105168120578429],[101.31443031289746,1.9106146675626219],[101.31452805658155,1.9107124523143453],[101.3146257754566,1.9108102246453267],[101.31462611493184,1.9109080801501057],[101.31472385861593,1.911005864901829],[101.31472419809117,1.911103720406608],[101.31472521656005,1.9113972993628396],[101.314628491388,1.911593106009243],[101.31443472633455,1.9118868637761175],[101.31443574480343,1.9121804427323492],[101.31433938387251,1.9124741048623783],[101.31424234399108,1.9125720559828496],[101.31414663728793,1.9130614415854845],[101.31415003221298,1.9140400464008536],[101.31415071120662,1.9142357698523063],[101.3141517296755,1.914529348808538],[101.31415240866914,1.914725072259991],[101.31425049182847,1.914920712516493],[101.31425151029735,1.9152142914727248],[101.314252189291,1.9154100149241777],[101.31425320780305,1.9157036063223045],[101.31415648258783,1.9158994005268126],[101.31415750109988,1.9161929919249394],[101.31425558425921,1.9163886321814418],[101.31425626325286,1.9165843556328945],[101.31445170100297,1.9167799002948576],[101.3147445677278,1.916975374182612],[101.31493932652742,1.9169752078350173],[101.31513411009293,1.9169750414662696],[101.31532889365843,1.9169748750975217],[101.3155233377487,1.916876853223995],[101.31591254059543,1.9167786525609785],[101.31620436408551,1.9166805475136546],[101.31649618757558,1.9165824424663305],[101.31669063162269,1.9164844081509087],[101.3168854151882,1.9164842417821608],[101.31707985927845,1.9163862199086341],[101.31727464284396,1.9163860535398864],[101.31746940164359,1.9163858871922916],[101.3177612250905,1.9162877697030725],[101.3178586292562,1.916287686508122],[101.3181507922215,1.916287436965577],[101.31844261571159,1.9161893319182528],[101.31863705975869,1.916091297602831],[101.31883184332419,1.9160911312340834],[101.31902626264858,1.9159931093817097],[101.31922104621408,1.9159929430129619],[101.31941549026118,1.91589490869754],[101.31961027382668,1.9158947423287924],[101.3197076532265,1.915894659154995],[101.31999981619182,1.9158944096124497],[101.32029197915713,1.9158941600699047],[101.32058450640673,1.9159917784528804],[101.32077926520637,1.9159916121052856],[101.32087700884729,1.916089384415114],[101.32116917181261,1.9160891348725688],[101.32136429489651,1.9161868364504948],[101.32146167429633,1.9161867532766976],[101.32165645786183,1.9161865869079497],[101.32185124142734,1.9161864205392019],[101.32214340439265,1.9161861709966568],[101.32233784843976,1.916088136681235],[101.32253226776415,1.9159901148288614],[101.322726372336,1.9157942250086606],[101.32292013743262,1.9155004796836812],[101.3230168378388,1.915304673058431],[101.32311356301084,1.9151088664120277],[101.32321026341701,1.9149130597867776],[101.32330662434795,1.9146193976567485],[101.32340334951999,1.9144235910103453],[101.32349971045093,1.9141299288803162],[101.32369381502279,1.9139340390601156],[101.32379051542897,1.9137382324348655],[101.32398462000081,1.9135423426146647],[101.32408132040699,1.9133465359894146],[101.32427542497885,1.913150646169214],[101.32437246490343,1.9130527074906378],[101.3245665694753,1.9128568176704372],[101.32476067404716,1.9126609278502364],[101.32485703497808,1.9123672657202075],[101.32495342063173,1.9120735911271303],[101.32485533751556,1.911877963312523],[101.32465922072865,1.9114866827572121],[101.32456147704455,1.9113888980054885],[101.32446341869425,1.9111932701697283],[101.32436533553492,1.9109976299132259],[101.32416989774165,1.9108020728093678],[101.32407181458233,1.9106064325528653],[101.32397375618886,1.91041079227521],[101.3238756977954,1.9102151519975545],[101.32377761463607,1.9100195117410521],[101.32367989576102,1.9099217394100707],[101.32367921676737,1.9097260159586178],[101.32358113360804,1.9095303757021154],[101.3235804546144,1.9093346522506627],[101.32348239622095,1.9091390119730072],[101.3234820567457,1.9090411564682284],[101.32348103827682,1.9087475775119966],[101.32348035928318,1.9085518540605437],[101.32367446385504,1.9083559642403431],[101.32377116426122,1.908160157615093],[101.32386822895167,1.9080622189153638],[101.3240626482329,1.907964184621095],[101.32425675280476,1.9077682948008943],[101.32454891577007,1.9077680452583492],[101.32474403885398,1.9078657468362754],[101.32493916189472,1.9079634359723063],[101.32513428497863,1.9080611375502325],[101.32523234337208,1.908256777827888],[101.32533040172238,1.9084524056636483],[101.32542848488171,1.9086480459201507],[101.32552620379992,1.9087458306930274],[101.32572166631591,1.9089413753338373],[101.32581972470936,1.9091370156114926],[101.32601484779327,1.9092347171894188],[101.32611290618674,1.9094303574670741],[101.32630836874587,1.9096259145497791],[101.32640645186204,1.9098215423643865],[101.32660155018007,1.9099192439634658],[101.32679667322083,1.9100169330994967],[101.3282609077815,1.910994302622882],[101.32845603082224,1.9110919917589129],[101.32865078962188,1.9110918254113183],[101.32874853330595,1.9111896101630417],[101.32894365634671,1.9112872992990728],[101.32923615878727,1.9113849052613063],[101.32952832175258,1.9113846557187613],[101.32972344483649,1.9114823572966875],[101.32991820363611,1.9114821909490927],[101.33011298720162,1.9114820245803448],[101.33030811024236,1.911579713716376],[101.33038479022812,1.9115796482223841],[101.3310901452001,1.9084937202200187],[101.33189014520009,1.9044937202200192],[101.33309014520009,1.898893720220018],[101.33609014520009,1.8947937202200187],[101.33689014520009,1.8914937202200193],[101.33899014520009,1.8876937202200192],[101.3400901452001,1.882893720220018],[101.34289014520009,1.8760937202200179],[101.3452901452001,1.8678937202200192],[101.34629014520009,1.8644937202200182],[101.34669014520009,1.8596937202200188],[101.34899014520009,1.8559937202200185],[101.35019014520009,1.852393720220018],[101.34989014520009,1.8486937202200178],[101.35059014520009,1.8454937202200181]]]}},{"type":"Feature","properties":{"NAMA_PROP":"RIAU","NAMOBJ":"Kelurahan Sungai Geniot","REMARK":"Pemekaran dari Basilam Baru berdasarkan Perda Kota Dumai Nomor 1 Tahun 2019; batas berdasarkan Perwali Kota Dumai Nomor 40 Tahun 2025","UUPP":"Perwali Kota Dumai Nomor 40 Tahun 2025","SRS_ID":"SRGI 2013","WADMKD":"Kelurahan Sungai Geniot","WADMKC":"Sungai Sembilan","WIADKC":null,"WADMKK":"Kota Dumai","WIADKK":"Kota Dumai","WADMPR":"Riau","KODE_WIL":"14.72.04.1006","KODE_DESA":"14.72.04.1006","Coastal_Candidate":true,"Coast_Distance_M":0,"Intervention":false,"Boundary_Source":"Perwali Kota Dumai Nomor 40 Tahun 2025"},"geometry":{"type":"Polygon","coordinates":[[[101.1091745867192,1.8745406882535425],[101.10499014520009,1.8817937202200188],[101.09799014520009,1.892793720220018],[101.09499014520009,1.8974937202200177],[101.09169014520009,1.9030937202200189],[101.08909014520009,1.906893720220019],[101.08429014520009,1.911893720220018],[101.07119014520009,1.9297937202200188],[101.06519014520009,1.9370937202200178],[101.06329014520009,1.9406937202200183],[101.06219014520009,1.944593720220018],[101.05949014520009,1.9520937202200184],[101.0583901452001,1.9549937202200187],[101.0575901452001,1.9572937202200187],[101.05649014520009,1.962893720220018],[101.05529014520009,1.9690937202200178],[101.05459014520008,1.9748937202200185],[101.05349014520009,1.9838937202200189],[101.23419014520009,1.9878937202200184],[101.24179014520008,1.9877937202200187],[101.24659014520009,1.9877937202200187],[101.25239014520008,1.9877937202200187],[101.26419014520009,1.9878937202200184],[101.26669014520009,1.9881937202200177],[101.2698901452001,1.988093720220018],[101.27169014520008,1.989193720220019],[101.27539014520009,1.9937937202200189],[101.27789014520009,1.989193720220019],[101.2827901452001,1.983093720220019],[101.28639014520009,1.9827937202200179],[101.29139014520008,1.9820937202200177],[101.29479014520008,1.983493720220018],[101.29779014520008,1.9844937202200192],[101.29939014520009,1.9813937202200194],[101.30229014520009,1.9839937202200186],[101.30519014520009,1.9864937202200181],[101.30789014520009,1.9885937202200186],[101.31009014520009,1.9904937202200177],[101.31079014520009,1.9925937202200181],[101.31249014520009,1.995293720220019],[101.31549014520009,1.996793720220019],[101.31749014520008,1.9984937202200186],[101.32049014520008,1.994893720220018],[101.31949014520009,1.9912937202200194],[101.3190901452001,1.9870937202200185],[101.3190901452001,1.978893720220018],[101.31949014520009,1.9730937202200192],[101.32069014520009,1.9696937202200182],[101.32269014520008,1.9630937202200194],[101.32289014520009,1.955293720220018],[101.32449014520009,1.952293720220018],[101.32409014520009,1.9486937202200192],[101.32329014520009,1.9432937202200193],[101.32409014520009,1.9398937202200184],[101.32689014520008,1.937293720220019],[101.32569014520008,1.9352937202200184],[101.32649014520008,1.930893720220018],[101.32749014520009,1.9268937202200185],[101.32949014520008,1.924393720220019],[101.32999014520009,1.9218937202200177],[101.33049014520009,1.9191937202200187],[101.32949014520008,1.9154937202200184],[101.33038479022812,1.9115796482223841],[101.33030811024236,1.911579713716376],[101.33011298720162,1.9114820245803448],[101.32991820363611,1.9114821909490927],[101.32972344483649,1.9114823572966875],[101.32952832175258,1.9113846557187613],[101.32923615878727,1.9113849052613063],[101.32894365634671,1.9112872992990728],[101.32874853330595,1.9111896101630417],[101.32865078962188,1.9110918254113183],[101.32845603082224,1.9110919917589129],[101.3282609077815,1.910994302622882],[101.32679667322083,1.9100169330994967],[101.32660155018007,1.9099192439634658],[101.32640645186204,1.9098215423643865],[101.32630836874587,1.9096259145497791],[101.32611290618674,1.9094303574670741],[101.32601484779327,1.9092347171894188],[101.32581972470936,1.9091370156114926],[101.32572166631591,1.9089413753338373],[101.32552620379992,1.9087458306930274],[101.32542848488171,1.9086480459201507],[101.32533040172238,1.9084524056636483],[101.32523234337208,1.908256777827888],[101.32513428497863,1.9080611375502325],[101.32493916189472,1.9079634359723063],[101.32474403885398,1.9078657468362754],[101.32454891577007,1.9077680452583492],[101.32425675280476,1.9077682948008943],[101.3240626482329,1.907964184621095],[101.32386822895167,1.9080622189153638],[101.32377116426122,1.908160157615093],[101.32367446385504,1.9083559642403431],[101.32348035928318,1.9085518540605437],[101.32348103827682,1.9087475775119966],[101.3234820567457,1.9090411564682284],[101.32348239622095,1.9091390119730072],[101.3235804546144,1.9093346522506627],[101.32358113360804,1.9095303757021154],[101.32367921676737,1.9097260159586178],[101.32367989576102,1.9099217394100707],[101.32377761463607,1.9100195117410521],[101.3238756977954,1.9102151519975545],[101.32397375618886,1.91041079227521],[101.32407181458233,1.9106064325528653],[101.32416989774165,1.9108020728093678],[101.32436533553492,1.9109976299132259],[101.32446341869425,1.9111932701697283],[101.32456147704455,1.9113888980054885],[101.32465922072865,1.9114866827572121],[101.32485533751556,1.911877963312523],[101.32495342063173,1.9120735911271303],[101.32485703497808,1.9123672657202075],[101.32476067404716,1.9126609278502364],[101.3245665694753,1.9128568176704372],[101.32437246490343,1.9130527074906378],[101.32427542497885,1.913150646169214],[101.32408132040699,1.9133465359894146],[101.32398462000081,1.9135423426146647],[101.32379051542897,1.9137382324348655],[101.32369381502279,1.9139340390601156],[101.32349971045093,1.9141299288803162],[101.32340334951999,1.9144235910103453],[101.32330662434795,1.9146193976567485],[101.32321026341701,1.9149130597867776],[101.32311356301084,1.9151088664120277],[101.3230168378388,1.915304673058431],[101.32292013743262,1.9155004796836812],[101.322726372336,1.9157942250086606],[101.32253226776415,1.9159901148288614],[101.32233784843976,1.916088136681235],[101.32214340439265,1.9161861709966568],[101.32185124142734,1.9161864205392019],[101.32165645786183,1.9161865869079497],[101.32146167429633,1.9161867532766976],[101.32136429489651,1.9161868364504948],[101.32116917181261,1.9160891348725688],[101.32087700884729,1.916089384415114],[101.32077926520637,1.9159916121052856],[101.32058450640673,1.9159917784528804],[101.32029197915713,1.9158941600699047],[101.31999981619182,1.9158944096124497],[101.3197076532265,1.915894659154995],[101.31961027382668,1.9158947423287924],[101.31941549026118,1.91589490869754],[101.31922104621408,1.9159929430129619],[101.31902626264858,1.9159931093817097],[101.31883184332419,1.9160911312340834],[101.31863705975869,1.916091297602831],[101.31844261571159,1.9161893319182528],[101.3181507922215,1.916287436965577],[101.3178586292562,1.916287686508122],[101.3177612250905,1.9162877697030725],[101.31746940164359,1.9163858871922916],[101.31727464284396,1.9163860535398864],[101.31707985927845,1.9163862199086341],[101.3168854151882,1.9164842417821608],[101.31669063162269,1.9164844081509087],[101.31649618757558,1.9165824424663305],[101.31620436408551,1.9166805475136546],[101.31591254059543,1.9167786525609785],[101.3155233377487,1.916876853223995],[101.31532889365843,1.9169748750975217],[101.31513411009293,1.9169750414662696],[101.31493932652742,1.9169752078350173],[101.3147445677278,1.916975374182612],[101.31445170100297,1.9167799002948576],[101.31425626325286,1.9165843556328945],[101.31425558425921,1.9163886321814418],[101.31415750109988,1.9161929919249394],[101.31415648258783,1.9158994005268126],[101.31425320780305,1.9157036063223045],[101.314252189291,1.9154100149241777],[101.31425151029735,1.9152142914727248],[101.31425049182847,1.914920712516493],[101.31415240866914,1.914725072259991],[101.3141517296755,1.914529348808538],[101.31415071120662,1.9142357698523063],[101.31415003221298,1.9140400464008536],[101.31414663728793,1.9130614415854845],[101.31424234399108,1.9125720559828496],[101.31433938387251,1.9124741048623783],[101.31443574480343,1.9121804427323492],[101.31443472633455,1.9118868637761175],[101.314628491388,1.911593106009243],[101.31472521656005,1.9113972993628396],[101.31472419809117,1.911103720406608],[101.31472385861593,1.911005864901829],[101.31462611493184,1.9109080801501057],[101.3146257754566,1.9108102246453267],[101.31452805658155,1.9107124523143453],[101.31443031289746,1.9106146675626219],[101.31442997342222,1.9105168120578429],[101.31423555409782,1.9106148339102165],[101.31394336636664,1.9106150834739148],[101.31365120340132,1.91061533301646],[101.31355416351991,1.9107132841369312],[101.3133593799544,1.910713450505679],[101.31316493586414,1.9108114723792058],[101.31297051653975,1.9109094942315794],[101.31277607249265,1.9110075285470012],[101.31258162840238,1.9111055504205279],[101.3122901444307,1.9113015234145259],[101.31209570034045,1.9113995452880523],[101.31190125629334,1.9114975796034743],[101.31170717648736,1.9116934694025218],[101.31161011179691,1.9117914081022511],[101.31131862782523,1.911987381096249],[101.31102714385355,1.912183354090247],[101.31093044344739,1.9123791607154974],[101.31073633887553,1.912575050535698],[101.31054189478526,1.9126730724092247],[101.31044485486069,1.912771011087801],[101.31034812968865,1.912966817734204],[101.31025142928247,1.9131626243594542],[101.31015470411043,1.9133584310058576],[101.31005800370426,1.9135542376311077],[101.30996164277332,1.9138478997611368],[101.30986525711968,1.9141415743542138],[101.30976855671351,1.9143373809794642],[101.30976991465762,1.9147288154404747],[101.30986797305108,1.9149244557181302],[101.30986865204473,1.9151201791695829],[101.30977229111379,1.915413841299612],[101.30967593022602,1.9157075158715362],[101.309481825611,1.9159033932498417],[101.3092873815639,1.9160014275652635],[101.30909293747364,1.9160994494387902],[101.30889849342654,1.9161974837542117],[101.308508611543,1.9160999485238805],[101.30656014642607,1.9159058887175997],[101.30509967111789,1.9160050043769994],[101.30471010398688,1.9160053371144952],[101.30441760150316,1.9159077187103664],[101.3041250990626,1.9158101127481326],[101.30392963650345,1.9156145556654276],[101.30373383446907,1.9153211430779438],[101.3036354365572,1.9150276348536144],[101.30363441808832,1.9147340558973827],[101.30353633492899,1.9145384156408802],[101.3034382765787,1.91434278780512],[101.30334021818524,1.9141471475274645],[101.30314475562609,1.9139515904447595],[101.30285191366713,1.9137561165358519],[101.30256006541119,1.913854221604329],[101.30236564612996,1.9139522558985977],[101.30217120203969,1.9140502777721244],[101.30197675799259,1.9141483120875462],[101.3017823386682,1.9142463339399198],[101.3015878946211,1.9143443682553416],[101.30149082993066,1.914442306955071],[101.30129607113102,1.9144424733026655],[101.30100456239347,1.9146384463178165],[101.30081014306909,1.9147364681701902],[101.30042125493172,1.9149325243591386],[101.29954612402305,1.91532471988968],[101.29886507292036,1.9155210256211734],[101.29740525179679,1.915815852311284],[101.29721046823128,1.915816018680032],[101.29682160485979,1.9160120748478273],[101.29662750028793,1.916207964668028],[101.29653046036336,1.9163059033466041],[101.2963366953099,1.9165996611134788],[101.29633737426037,1.9167953721230364],[101.29633805325402,1.9169910955744893],[101.29643611164748,1.9171867358521448],[101.29653385533157,1.9172845206038682],[101.29663225320027,1.9175780163863025],[101.29672997207533,1.9176757887172842],[101.29673065106897,1.9178715121687369],[101.29673133006261,1.9180672356201898],[101.29653691073821,1.9181652574725634],[101.29634246669112,1.9182632917879852],[101.29614768312561,1.9182634581567328],[101.29595326380122,1.9183614800091064],[101.29566107607003,1.9183617295728048],[101.29536925262312,1.9184598470620238],[101.29517446905761,1.9184600134307717],[101.29498004973323,1.9185580352831453],[101.29478526616772,1.9185582016518932],[101.29468822628631,1.9186561527723645],[101.29449378219604,1.9187541746458912],[101.29429899863054,1.9187543410146388],[101.29420195870597,1.918852279693215],[101.29400717514046,1.918852446061963],[101.29381273109337,1.9189504803773847],[101.2936182870031,1.9190485022509114],[101.29332680303142,1.9192444752449094],[101.29313235898432,1.9193425095603311],[101.29293827917833,1.9195383993593786],[101.29264710991603,1.9198322278793087],[101.29255040950986,1.9200280345045588],[101.29245370910368,1.920223841129809],[101.29235664441323,1.9203217798295382],[101.29225994400706,1.9205175864547885],[101.29216321883501,1.9207133931011917],[101.29216389782866,1.9209091165526446],[101.29216457677914,1.9211048275622022],[101.29216525577279,1.9213005510136552],[101.29216593476643,1.9214962744651078],[101.29226435744415,1.9217897826682844],[101.29216763222895,1.9219855768727925],[101.29207093182278,1.9221813834980426],[101.2919742314166,1.922377190123293],[101.29178046636315,1.9226709478901673],[101.29158602227288,1.922768969763694],[101.29139157818263,1.9228669916372207],[101.29119715890138,1.9229650259314894],[101.29090499593607,1.9229652754740347],[101.29070987285216,1.9228675738961085],[101.29051474981142,1.9227698847600774],[101.29041601242432,1.9223785210309692],[101.29031792926499,1.9221828807744668],[101.29021987087154,1.9219872404968112],[101.29021817340902,1.9214979380891268],[101.29011909654666,1.9210087188552398],[101.29011841755303,1.920812995403787],[101.2900203343937,1.9206173551472845],[101.29001931592481,1.9203237761910528],[101.28982385336568,1.9201282191083477],[101.2896287550908,1.9200305299511637],[101.2894339715253,1.9200306963199116],[101.28923884844139,1.9199329947419854],[101.28884894183514,1.9198354719747022],[101.28865418303552,1.919835638322297],[101.28845905999476,1.9197379491862658],[101.28826461590451,1.9198359710597925],[101.288069832339,1.9198361374285404],[101.28777800884893,1.9199342424758643],[101.28758356480182,1.920032276791286],[101.28748686439565,1.9202280834165364],[101.28748754338929,1.920423806867989],[101.28748822233977,1.920619517877547],[101.28748890133342,1.9208152413289996],[101.2876847033678,1.9211086539164834],[101.28778276176126,1.921304294194139],[101.2878808449206,1.9214999344506414],[101.28807628271386,1.9216954915544995],[101.28827140579777,1.9217931931324257],[101.28836948891393,1.9219888209470328],[101.28856458723197,1.9220865225461121],[101.28856492670721,1.922184378050891],[101.28837084690122,1.9223802678499384],[101.28827446124758,1.9226739424430157],[101.28808035663256,1.9228698198213212],[101.28798365622639,1.9230656264465715],[101.28778921217929,1.9231636607619933],[101.28759510760743,1.9233595505821939],[101.28749806768285,1.92345748926077],[101.28730362359259,1.9235555111342968],[101.28720692318642,1.9237513177595469],[101.2870124791393,1.9238493520749687],[101.28662395524306,1.9241432637475429],[101.28652689055261,1.9242412024472721],[101.28643019014643,1.9244370090725225],[101.28623608557459,1.924632898892723],[101.28604164152748,1.9247309332081448],[101.28584688272785,1.9247310995557396],[101.28565209916235,1.9247312659244873],[101.28516515263152,1.9247316818357803],[101.28497002954762,1.9246339802578543],[101.28477490650688,1.9245362911218231],[101.28457980818884,1.924438589522744],[101.2843846851481,1.924340900386713],[101.284286941464,1.9242431156349893],[101.28409150367074,1.9240475585311314],[101.28399308103617,1.92375406276985],[101.28389502264271,1.9235584224921947],[101.28389434369222,1.9233627114826368],[101.2839910440984,1.9231669048573867],[101.28399036510476,1.9229711814059338],[101.28428218855167,1.9228730639167146],[101.28447629316669,1.9226771865384091],[101.28467039773855,1.9224812967182086],[101.28476709814473,1.9222854900929585],[101.28486382331677,1.922089683446555],[101.28486314432313,1.9218939599951024],[101.28476506116381,1.9216983197386],[101.28466734228874,1.9216005474076185],[101.2844715402112,1.9213071223782396],[101.28427607765205,1.9211115652955346],[101.28408097937718,1.9210138761383504],[101.2839835752115,1.9210139593333009],[101.28378881641186,1.9210141256808955],[101.28378745842458,1.9206226787779899],[101.2852133054023,1.9105417666296571],[101.28520006513418,1.906725190431065],[101.28528524750062,1.9032021099937542],[101.28528015511304,1.9017342027707007],[101.285279136601,1.901440611372574],[101.28527642066959,1.9006577300086578],[101.28527404417027,1.8999726917076254],[101.2853663311825,1.8985047013107743],[101.28302866317568,1.898408829725615],[101.28254171664486,1.898409245636908],[101.28215214951386,1.8984095783744037],[101.28186032606695,1.8985076958636227],[101.28166554250144,1.8985078622323706],[101.28137337953612,1.8985081117749156],[101.2810815560892,1.8986062292641348],[101.28010800245964,1.8987049041496047],[101.2793292324819,1.8988034375501168],[101.27757622992412,1.898804934826541],[101.27562880808512,1.8989044663972339],[101.27221984285096,1.8988095098296107],[101.27192734036724,1.898711891425482],[101.27105051203921,1.8986147969902338],[101.27007627945916,1.8985177608661459],[101.26832225843249,1.8982256791863383],[101.26822487903267,1.8982257623601357],[101.26802975594877,1.8981280607822095],[101.26783497238327,1.8981282271509574],[101.26763984938569,1.8980305504568213],[101.26724996741582,1.8979329903426998],[101.26568934728783,1.897249320296182],[101.26432387492329,1.8966633269226474],[101.26344636747213,1.896370471710261],[101.26315386498841,1.8962728533061322],[101.26110561929279,1.8953938632775595],[101.26071573749557,1.8952963529310183],[101.25974014692825,1.8948078699040247],[101.25798476782798,1.8941243164375214],[101.25749680282827,1.8938311533925827],[101.25681407902893,1.893538156695239],[101.25593586794774,1.8930496153782381],[101.25535086306662,1.8928544034537707],[101.25476583333332,1.8926591666666663],[101.1091745867192,1.8745406882535425]]]}}]}