{
  "type": "FeatureCollection",
  "generatedAt": "2026-08-06T03:36:07.290Z",
  "periodDays": 30,
  "confidenceFilter": "high",
  "features": [
    {
      "type": "Feature",
      "geometry": {
        "type": "Point",
        "coordinates": [
          117.30676,
          2.17567
        ]
      },
      "properties": {
        "acq_date": "2026-07-12",
        "acq_time": "0052",
        "satellite": "Terra",
        "confidence": "high",
        "brightness": 327.49,
        "frp": 24.94,
        "daynight": "D"
      }
    },
    {
      "type": "Feature",
      "geometry": {
        "type": "Point",
        "coordinates": [
          104.56725,
          -4.47505
        ]
      },
      "properties": {
        "acq_date": "2026-07-12",
        "acq_time": "0839",
        "satellite": "Aqua",
        "confidence": "high",
        "brightness": 334.03,
        "frp": 27.97,
        "daynight": "D"
      }
    },
    {
      "type": "Feature",
      "geometry": {
        "type": "Point",
        "coordinates": [
          103.31515,
          -3.76551
        ]
      },
      "properties": {
        "acq_date": "2026-07-12",
        "acq_time": "0839",
        "satellite": "Aqua",
        "confidence": "high",
        "brightness": 328.65,
        "frp": 21.37,
        "daynight": "D"
      }
    },
    {
      "type": "Feature",
      "geometry": {
        "type": "Point",
        "coordinates": [
          103.13704,
          -3.44888
        ]
      },
      "properties": {
        "acq_date": "2026-07-12",
        "acq_time": "0839",
        "satellite": "Aqua",
        "confidence": "high",
        "brightness": 328.39,
        "frp": 21.39,
        "daynight": "D"
      }
    },
    {
      "type": "Feature",
      "geometry": {
        "type": "Point",
        "coordinates": [
          103.75066,
          -3.23864
        ]
      },
      "properties": {
        "acq_date": "2026-07-12",
        "acq_time": "0839",
        "satellite": "Aqua",
        "confidence": "high",
        "brightness": 336.44,
        "frp": 32.32,
        "daynight": "D"
      }
    },
    {
      "type": "Feature",
      "geometry": {
        "type": "Point",
        "coordinates": [
          103.82898,
          -3.19818
        ]
      },
      "properties": {
        "acq_date": "2026-07-12",
        "acq_time": "0839",
        "satellite": "Aqua",
        "confidence": "high",
        "brightness": 325.57,
        "frp": 17.94,
        "daynight": "D"
      }
    },
    {
      "type": "Feature",
      "geometry": {
        "type": "Point",
        "coordinates": [
          102.75536,
          -3.14411
        ]
      },
      "properties": {
        "acq_date": "2026-07-12",
        "acq_time": "0839",
        "satellite": "Aqua",
        "confidence": "high",
        "brightness": 327.05,
        "frp": 20.26,
        "daynight": "D"
      }
    },
    {
      "type": "Feature",
      "geometry": {
        "type": "Point",
        "coordinates": [
          102.76411,
          -3.14283
        ]
      },
      "properties": {
        "acq_date": "2026-07-12",
        "acq_time": "0839",
        "satellite": "Aqua",
        "confidence": "high",
        "brightness": 336.39,
        "frp": 32.83,
        "daynight": "D"
      }
    },
    {
      "type": "Feature",
      "geometry": {
        "type": "Point",
        "coordinates": [
          103.61909,
          -3.10013
        ]
      },
      "properties": {
        "acq_date": "2026-07-12",
        "acq_time": "0839",
        "satellite": "Aqua",
        "confidence": "high",
        "brightness": 341.99,
        "frp": 41.81,
        "daynight": "D"
      }
    },
    {
      "type": "Feature",
      "geometry": {
        "type": "Point",
        "coordinates": [
          102.7681,
          -2.87343
        ]
      },
      "properties": {
        "acq_date": "2026-07-12",
        "acq_time": "0839",
        "satellite": "Aqua",
        "confidence": "high",
        "brightness": 332.81,
        "frp": 26.74,
        "daynight": "D"
      }
    },
    {
      "type": "Feature",
      "geometry": {
        "type": "Point",
        "coordinates": [
          102.85477,
          -2.71519
        ]
      },
      "properties": {
        "acq_date": "2026-07-12",
        "acq_time": "0839",
        "satellite": "Aqua",
        "confidence": "high",
        "brightness": 327.86,
        "frp": 20.88,
        "daynight": "D"
      }
    },
    {
      "type": "Feature",
      "geometry": {
        "type": "Point",
        "coordinates": [
          106.47684,
          -2.67433
        ]
      },
      "properties": {
        "acq_date": "2026-07-12",
        "acq_time": "0839",
        "satellite": "Aqua",
        "confidence": "high",
        "brightness": 326.82,
        "frp": 30.09,
        "daynight": "D"
      }
    },
    {
      "type": "Feature",
      "geometry": {
        "type": "Point",
        "coordinates": [
          102.95079,
          -2.62601
        ]
      },
      "properties": {
        "acq_date": "2026-07-12",
        "acq_time": "0839",
        "satellite": "Aqua",
        "confidence": "high",
        "brightness": 360.6,
        "frp": 81.44,
        "daynight": "D"
      }
    },
    {
      "type": "Feature",
      "geometry": {
        "type": "Point",
        "coordinates": [
          102.9595,
          -2.62473
        ]
      },
      "properties": {
        "acq_date": "2026-07-12",
        "acq_time": "0839",
        "satellite": "Aqua",
        "confidence": "high",
        "brightness": 348.32,
        "frp": 52.44,
        "daynight": "D"
      }
    },
    {
      "type": "Feature",
      "geometry": {
        "type": "Point",
        "coordinates": [
          102.78032,
          -2.59495
        ]
      },
      "properties": {
        "acq_date": "2026-07-12",
        "acq_time": "0839",
        "satellite": "Aqua",
        "confidence": "high",
        "brightness": 348.36,
        "frp": 52.48,
        "daynight": "D"
      }
    },
    {
      "type": "Feature",
      "geometry": {
        "type": "Point",
        "coordinates": [
          102.78904,
          -2.59367
        ]
      },
      "properties": {
        "acq_date": "2026-07-12",
        "acq_time": "0839",
        "satellite": "Aqua",
        "confidence": "high",
        "brightness": 333.65,
        "frp": 27.39,
        "daynight": "D"
      }
    },
    {
      "type": "Feature",
      "geometry": {
        "type": "Point",
        "coordinates": [
          106.07334,
          -2.29411
        ]
      },
      "properties": {
        "acq_date": "2026-07-12",
        "acq_time": "0839",
        "satellite": "Aqua",
        "confidence": "high",
        "brightness": 332.42,
        "frp": 40.5,
        "daynight": "D"
      }
    },
    {
      "type": "Feature",
      "geometry": {
        "type": "Point",
        "coordinates": [
          102.94683,
          -2.28378
        ]
      },
      "properties": {
        "acq_date": "2026-07-12",
        "acq_time": "0839",
        "satellite": "Aqua",
        "confidence": "high",
        "brightness": 326.22,
        "frp": 18.94,
        "daynight": "D"
      }
    },
    {
      "type": "Feature",
      "geometry": {
        "type": "Point",
        "coordinates": [
          102.95554,
          -2.2825
        ]
      },
      "properties": {
        "acq_date": "2026-07-12",
        "acq_time": "0839",
        "satellite": "Aqua",
        "confidence": "high",
        "brightness": 351.41,
        "frp": 60.15,
        "daynight": "D"
      }
    },
    {
      "type": "Feature",
      "geometry": {
        "type": "Point",
        "coordinates": [
          102.19611,
          -2.24511
        ]
      },
      "properties": {
        "acq_date": "2026-07-12",
        "acq_time": "0839",
        "satellite": "Aqua",
        "confidence": "high",
        "brightness": 333.98,
        "frp": 30.96,
        "daynight": "D"
      }
    },
    {
      "type": "Feature",
      "geometry": {
        "type": "Point",
        "coordinates": [
          99.75663,
          1.80177
        ]
      },
      "properties": {
        "acq_date": "2026-07-12",
        "acq_time": "0841",
        "satellite": "Aqua",
        "confidence": "high",
        "brightness": 330.65,
        "frp": 29.8,
        "daynight": "D"
      }
    },
    {
      "type": "Feature",
      "geometry": {
        "type": "Point",
        "coordinates": [
          98.0866,
          3.0206
        ]
      },
      "properties": {
        "acq_date": "2026-07-12",
        "acq_time": "0841",
        "satellite": "Aqua",
        "confidence": "high",
        "brightness": 334.8,
        "frp": 50.11,
        "daynight": "D"
      }
    },
    {
      "type": "Feature",
      "geometry": {
        "type": "Point",
        "coordinates": [
          98.74576,
          3.42917
        ]
      },
      "properties": {
        "acq_date": "2026-07-12",
        "acq_time": "0841",
        "satellite": "Aqua",
        "confidence": "high",
        "brightness": 326.1,
        "frp": 23.3,
        "daynight": "D"
      }
    },
    {
      "type": "Feature",
      "geometry": {
        "type": "Point",
        "coordinates": [
          140.90871,
          -8.49867
        ]
      },
      "properties": {
        "acq_date": "2026-07-12",
        "acq_time": "1130",
        "satellite": "Terra",
        "confidence": "high",
        "brightness": 311.12,
        "frp": 8.91,
        "daynight": "N"
      }
    },
    {
      "type": "Feature",
      "geometry": {
        "type": "Point",
        "coordinates": [
          112.92091,
          -8.11055
        ]
      },
      "properties": {
        "acq_date": "2026-07-12",
        "acq_time": "1308",
        "satellite": "Terra",
        "confidence": "high",
        "brightness": 311.32,
        "frp": 18.06,
        "daynight": "N"
      }
    },
    {
      "type": "Feature",
      "geometry": {
        "type": "Point",
        "coordinates": [
          116.14663,
          -3.73655
        ]
      },
      "properties": {
        "acq_date": "2026-07-12",
        "acq_time": "1310",
        "satellite": "Terra",
        "confidence": "high",
        "brightness": 312.99,
        "frp": 10.91,
        "daynight": "N"
      }
    },
    {
      "type": "Feature",
      "geometry": {
        "type": "Point",
        "coordinates": [
          114.11383,
          -2.36099
        ]
      },
      "properties": {
        "acq_date": "2026-07-12",
        "acq_time": "1310",
        "satellite": "Terra",
        "confidence": "high",
        "brightness": 326.91,
        "frp": 24.74,
        "daynight": "N"
      }
    },
    {
      "type": "Feature",
      "geometry": {
        "type": "Point",
        "coordinates": [
          115.57645,
          -2.16715
        ]
      },
      "properties": {
        "acq_date": "2026-07-12",
        "acq_time": "1310",
        "satellite": "Terra",
        "confidence": "high",
        "brightness": 316.25,
        "frp": 12.93,
        "daynight": "N"
      }
    },
    {
      "type": "Feature",
      "geometry": {
        "type": "Point",
        "coordinates": [
          112.75436,
          -2.132
        ]
      },
      "properties": {
        "acq_date": "2026-07-12",
        "acq_time": "1310",
        "satellite": "Terra",
        "confidence": "high",
        "brightness": 310.31,
        "frp": 9.6,
        "daynight": "N"
      }
    },
    {
      "type": "Feature",
      "geometry": {
        "type": "Point",
        "coordinates": [
          117.08495,
          -1.05346
        ]
      },
      "properties": {
        "acq_date": "2026-07-12",
        "acq_time": "1312",
        "satellite": "Terra",
        "confidence": "high",
        "brightness": 310.25,
        "frp": 11.23,
        "daynight": "N"
      }
    },
    {
      "type": "Feature",
      "geometry": {
        "type": "Point",
        "coordinates": [
          127.44107,
          -1.45898
        ]
      },
      "properties": {
        "acq_date": "2026-07-12",
        "acq_time": "1921",
        "satellite": "Aqua",
        "confidence": "high",
        "brightness": 325.97,
        "frp": 58.71,
        "daynight": "N"
      }
    },
    {
      "type": "Feature",
      "geometry": {
        "type": "Point",
        "coordinates": [
          121.38428,
          -2.58278
        ]
      },
      "properties": {
        "acq_date": "2026-07-17",
        "acq_time": "0052",
        "satellite": "Terra",
        "confidence": "high",
        "brightness": 336.65,
        "frp": 49.83,
        "daynight": "D"
      }
    },
    {
      "type": "Feature",
      "geometry": {
        "type": "Point",
        "coordinates": [
          121.37287,
          -2.58116
        ]
      },
      "properties": {
        "acq_date": "2026-07-17",
        "acq_time": "0052",
        "satellite": "Terra",
        "confidence": "high",
        "brightness": 343.44,
        "frp": 65.81,
        "daynight": "D"
      }
    },
    {
      "type": "Feature",
      "geometry": {
        "type": "Point",
        "coordinates": [
          104.87951,
          -3.05111
        ]
      },
      "properties": {
        "acq_date": "2026-07-17",
        "acq_time": "0835",
        "satellite": "Aqua",
        "confidence": "high",
        "brightness": 331.1,
        "frp": 23.6,
        "daynight": "D"
      }
    },
    {
      "type": "Feature",
      "geometry": {
        "type": "Point",
        "coordinates": [
          105.99446,
          -2.4628
        ]
      },
      "properties": {
        "acq_date": "2026-07-17",
        "acq_time": "0835",
        "satellite": "Aqua",
        "confidence": "high",
        "brightness": 388.07,
        "frp": 192.86,
        "daynight": "D"
      }
    },
    {
      "type": "Feature",
      "geometry": {
        "type": "Point",
        "coordinates": [
          102.93414,
          -2.41262
        ]
      },
      "properties": {
        "acq_date": "2026-07-17",
        "acq_time": "0835",
        "satellite": "Aqua",
        "confidence": "high",
        "brightness": 326.47,
        "frp": 21.84,
        "daynight": "D"
      }
    },
    {
      "type": "Feature",
      "geometry": {
        "type": "Point",
        "coordinates": [
          102.94369,
          -2.41122
        ]
      },
      "properties": {
        "acq_date": "2026-07-17",
        "acq_time": "0835",
        "satellite": "Aqua",
        "confidence": "high",
        "brightness": 349.52,
        "frp": 64.33,
        "daynight": "D"
      }
    },
    {
      "type": "Feature",
      "geometry": {
        "type": "Point",
        "coordinates": [
          105.99313,
          -2.28726
        ]
      },
      "properties": {
        "acq_date": "2026-07-17",
        "acq_time": "0835",
        "satellite": "Aqua",
        "confidence": "high",
        "brightness": 330.45,
        "frp": 25.04,
        "daynight": "D"
      }
    },
    {
      "type": "Feature",
      "geometry": {
        "type": "Point",
        "coordinates": [
          106.00224,
          -2.2859
        ]
      },
      "properties": {
        "acq_date": "2026-07-17",
        "acq_time": "0835",
        "satellite": "Aqua",
        "confidence": "high",
        "brightness": 341.11,
        "frp": 41.7,
        "daynight": "D"
      }
    },
    {
      "type": "Feature",
      "geometry": {
        "type": "Point",
        "coordinates": [
          106.1562,
          -2.1425
        ]
      },
      "properties": {
        "acq_date": "2026-07-17",
        "acq_time": "0835",
        "satellite": "Aqua",
        "confidence": "high",
        "brightness": 326.45,
        "frp": 17.84,
        "daynight": "D"
      }
    },
    {
      "type": "Feature",
      "geometry": {
        "type": "Point",
        "coordinates": [
          105.86231,
          -2.11275
        ]
      },
      "properties": {
        "acq_date": "2026-07-17",
        "acq_time": "0835",
        "satellite": "Aqua",
        "confidence": "high",
        "brightness": 333.84,
        "frp": 30.99,
        "daynight": "D"
      }
    },
    {
      "type": "Feature",
      "geometry": {
        "type": "Point",
        "coordinates": [
          105.91633,
          -2.08466
        ]
      },
      "properties": {
        "acq_date": "2026-07-17",
        "acq_time": "0835",
        "satellite": "Aqua",
        "confidence": "high",
        "brightness": 343.68,
        "frp": 46.72,
        "daynight": "D"
      }
    },
    {
      "type": "Feature",
      "geometry": {
        "type": "Point",
        "coordinates": [
          105.85131,
          -2.02134
        ]
      },
      "properties": {
        "acq_date": "2026-07-17",
        "acq_time": "0835",
        "satellite": "Aqua",
        "confidence": "high",
        "brightness": 345.3,
        "frp": 49.52,
        "daynight": "D"
      }
    },
    {
      "type": "Feature",
      "geometry": {
        "type": "Point",
        "coordinates": [
          105.60346,
          -1.91862
        ]
      },
      "properties": {
        "acq_date": "2026-07-17",
        "acq_time": "0835",
        "satellite": "Aqua",
        "confidence": "high",
        "brightness": 330.3,
        "frp": 23.25,
        "daynight": "D"
      }
    },
    {
      "type": "Feature",
      "geometry": {
        "type": "Point",
        "coordinates": [
          101.65213,
          -1.41024
        ]
      },
      "properties": {
        "acq_date": "2026-07-17",
        "acq_time": "0835",
        "satellite": "Aqua",
        "confidence": "high",
        "brightness": 325.66,
        "frp": 25.75,
        "daynight": "D"
      }
    },
    {
      "type": "Feature",
      "geometry": {
        "type": "Point",
        "coordinates": [
          101.03889,
          1.13362
        ]
      },
      "properties": {
        "acq_date": "2026-07-17",
        "acq_time": "0835",
        "satellite": "Aqua",
        "confidence": "high",
        "brightness": 332.18,
        "frp": 32.48,
        "daynight": "D"
      }
    },
    {
      "type": "Feature",
      "geometry": {
        "type": "Point",
        "coordinates": [
          140.04825,
          -7.91826
        ]
      },
      "properties": {
        "acq_date": "2026-07-17",
        "acq_time": "1130",
        "satellite": "Terra",
        "confidence": "high",
        "brightness": 311.69,
        "frp": 9.48,
        "daynight": "N"
      }
    },
    {
      "type": "Feature",
      "geometry": {
        "type": "Point",
        "coordinates": [
          139.24561,
          -7.45749
        ]
      },
      "properties": {
        "acq_date": "2026-07-17",
        "acq_time": "1130",
        "satellite": "Terra",
        "confidence": "high",
        "brightness": 322.05,
        "frp": 18.42,
        "daynight": "N"
      }
    },
    {
      "type": "Feature",
      "geometry": {
        "type": "Point",
        "coordinates": [
          139.24435,
          -7.44857
        ]
      },
      "properties": {
        "acq_date": "2026-07-17",
        "acq_time": "1130",
        "satellite": "Terra",
        "confidence": "high",
        "brightness": 314.13,
        "frp": 11.22,
        "daynight": "N"
      }
    },
    {
      "type": "Feature",
      "geometry": {
        "type": "Point",
        "coordinates": [
          111.41077,
          -7.31279
        ]
      },
      "properties": {
        "acq_date": "2026-07-17",
        "acq_time": "1308",
        "satellite": "Terra",
        "confidence": "high",
        "brightness": 313.74,
        "frp": 20.01,
        "daynight": "N"
      }
    },
    {
      "type": "Feature",
      "geometry": {
        "type": "Point",
        "coordinates": [
          115.12135,
          -3.08767
        ]
      },
      "properties": {
        "acq_date": "2026-07-17",
        "acq_time": "1308",
        "satellite": "Terra",
        "confidence": "high",
        "brightness": 311.84,
        "frp": 7.8,
        "daynight": "N"
      }
    },
    {
      "type": "Feature",
      "geometry": {
        "type": "Point",
        "coordinates": [
          132.56194,
          -11.07054
        ]
      },
      "properties": {
        "acq_date": "2026-07-17",
        "acq_time": "2354",
        "satellite": "Terra",
        "confidence": "high",
        "brightness": 330.14,
        "frp": 26.55,
        "daynight": "D"
      }
    },
    {
      "type": "Feature",
      "geometry": {
        "type": "Point",
        "coordinates": [
          134.14586,
          -6.63216
        ]
      },
      "properties": {
        "acq_date": "2026-07-22",
        "acq_time": "0648",
        "satellite": "Aqua",
        "confidence": "high",
        "brightness": 344.1,
        "frp": 52.82,
        "daynight": "D"
      }
    },
    {
      "type": "Feature",
      "geometry": {
        "type": "Point",
        "coordinates": [
          128.12675,
          -3.02003
        ]
      },
      "properties": {
        "acq_date": "2026-07-22",
        "acq_time": "0648",
        "satellite": "Aqua",
        "confidence": "high",
        "brightness": 322.24,
        "frp": 21.31,
        "daynight": "D"
      }
    },
    {
      "type": "Feature",
      "geometry": {
        "type": "Point",
        "coordinates": [
          133.06421,
          -2.91367
        ]
      },
      "properties": {
        "acq_date": "2026-07-22",
        "acq_time": "0648",
        "satellite": "Aqua",
        "confidence": "high",
        "brightness": 327.64,
        "frp": 23.82,
        "daynight": "D"
      }
    },
    {
      "type": "Feature",
      "geometry": {
        "type": "Point",
        "coordinates": [
          133.05695,
          -0.81773
        ]
      },
      "properties": {
        "acq_date": "2026-07-22",
        "acq_time": "0650",
        "satellite": "Aqua",
        "confidence": "high",
        "brightness": 331.45,
        "frp": 31.07,
        "daynight": "D"
      }
    },
    {
      "type": "Feature",
      "geometry": {
        "type": "Point",
        "coordinates": [
          111.21828,
          -2.84824
        ]
      },
      "properties": {
        "acq_date": "2026-07-22",
        "acq_time": "0826",
        "satellite": "Aqua",
        "confidence": "high",
        "brightness": 331.35,
        "frp": 48.69,
        "daynight": "D"
      }
    },
    {
      "type": "Feature",
      "geometry": {
        "type": "Point",
        "coordinates": [
          110.70714,
          -1.85202
        ]
      },
      "properties": {
        "acq_date": "2026-07-22",
        "acq_time": "0828",
        "satellite": "Aqua",
        "confidence": "high",
        "brightness": 325.94,
        "frp": 34.95,
        "daynight": "D"
      }
    },
    {
      "type": "Feature",
      "geometry": {
        "type": "Point",
        "coordinates": [
          110.40665,
          -1.09352
        ]
      },
      "properties": {
        "acq_date": "2026-07-22",
        "acq_time": "0828",
        "satellite": "Aqua",
        "confidence": "high",
        "brightness": 333.56,
        "frp": 53.05,
        "daynight": "D"
      }
    },
    {
      "type": "Feature",
      "geometry": {
        "type": "Point",
        "coordinates": [
          110.40042,
          -1.09023
        ]
      },
      "properties": {
        "acq_date": "2026-07-22",
        "acq_time": "0828",
        "satellite": "Aqua",
        "confidence": "high",
        "brightness": 327.76,
        "frp": 37.77,
        "daynight": "D"
      }
    },
    {
      "type": "Feature",
      "geometry": {
        "type": "Point",
        "coordinates": [
          140.78931,
          -8.56894
        ]
      },
      "properties": {
        "acq_date": "2026-07-22",
        "acq_time": "1128",
        "satellite": "Terra",
        "confidence": "high",
        "brightness": 316.57,
        "frp": 13.94,
        "daynight": "N"
      }
    },
    {
      "type": "Feature",
      "geometry": {
        "type": "Point",
        "coordinates": [
          140.3895,
          -8.28253
        ]
      },
      "properties": {
        "acq_date": "2026-07-22",
        "acq_time": "1128",
        "satellite": "Terra",
        "confidence": "high",
        "brightness": 315.22,
        "frp": 12.89,
        "daynight": "N"
      }
    },
    {
      "type": "Feature",
      "geometry": {
        "type": "Point",
        "coordinates": [
          140.39836,
          -8.28131
        ]
      },
      "properties": {
        "acq_date": "2026-07-22",
        "acq_time": "1128",
        "satellite": "Terra",
        "confidence": "high",
        "brightness": 333.34,
        "frp": 32.74,
        "daynight": "N"
      }
    },
    {
      "type": "Feature",
      "geometry": {
        "type": "Point",
        "coordinates": [
          140.62848,
          -8.2697
        ]
      },
      "properties": {
        "acq_date": "2026-07-22",
        "acq_time": "1128",
        "satellite": "Terra",
        "confidence": "high",
        "brightness": 310.93,
        "frp": 9.02,
        "daynight": "N"
      }
    },
    {
      "type": "Feature",
      "geometry": {
        "type": "Point",
        "coordinates": [
          140.35289,
          -8.21559
        ]
      },
      "properties": {
        "acq_date": "2026-07-22",
        "acq_time": "1128",
        "satellite": "Terra",
        "confidence": "high",
        "brightness": 322.16,
        "frp": 18.85,
        "daynight": "N"
      }
    },
    {
      "type": "Feature",
      "geometry": {
        "type": "Point",
        "coordinates": [
          139.25331,
          -7.45319
        ]
      },
      "properties": {
        "acq_date": "2026-07-22",
        "acq_time": "1130",
        "satellite": "Terra",
        "confidence": "high",
        "brightness": 315.55,
        "frp": 12.26,
        "daynight": "N"
      }
    },
    {
      "type": "Feature",
      "geometry": {
        "type": "Point",
        "coordinates": [
          112.36993,
          -7.61314
        ]
      },
      "properties": {
        "acq_date": "2026-07-22",
        "acq_time": "1306",
        "satellite": "Terra",
        "confidence": "high",
        "brightness": 310.36,
        "frp": 12.84,
        "daynight": "N"
      }
    },
    {
      "type": "Feature",
      "geometry": {
        "type": "Point",
        "coordinates": [
          115.01601,
          -3.2269
        ]
      },
      "properties": {
        "acq_date": "2026-07-22",
        "acq_time": "1306",
        "satellite": "Terra",
        "confidence": "high",
        "brightness": 312.25,
        "frp": 8.87,
        "daynight": "N"
      }
    },
    {
      "type": "Feature",
      "geometry": {
        "type": "Point",
        "coordinates": [
          114.11023,
          -2.34691
        ]
      },
      "properties": {
        "acq_date": "2026-07-22",
        "acq_time": "1308",
        "satellite": "Terra",
        "confidence": "high",
        "brightness": 342.81,
        "frp": 46.97,
        "daynight": "N"
      }
    },
    {
      "type": "Feature",
      "geometry": {
        "type": "Point",
        "coordinates": [
          114.109,
          -2.33807
        ]
      },
      "properties": {
        "acq_date": "2026-07-22",
        "acq_time": "1308",
        "satellite": "Terra",
        "confidence": "high",
        "brightness": 314.11,
        "frp": 11.19,
        "daynight": "N"
      }
    },
    {
      "type": "Feature",
      "geometry": {
        "type": "Point",
        "coordinates": [
          109.91238,
          -1.09372
        ]
      },
      "properties": {
        "acq_date": "2026-07-22",
        "acq_time": "1308",
        "satellite": "Terra",
        "confidence": "high",
        "brightness": 325.19,
        "frp": 41.98,
        "daynight": "N"
      }
    },
    {
      "type": "Feature",
      "geometry": {
        "type": "Point",
        "coordinates": [
          110.12952,
          -0.90594
        ]
      },
      "properties": {
        "acq_date": "2026-07-22",
        "acq_time": "1308",
        "satellite": "Terra",
        "confidence": "high",
        "brightness": 315.67,
        "frp": 22,
        "daynight": "N"
      }
    },
    {
      "type": "Feature",
      "geometry": {
        "type": "Point",
        "coordinates": [
          110.14281,
          -0.90416
        ]
      },
      "properties": {
        "acq_date": "2026-07-22",
        "acq_time": "1308",
        "satellite": "Terra",
        "confidence": "high",
        "brightness": 316.44,
        "frp": 23.14,
        "daynight": "N"
      }
    },
    {
      "type": "Feature",
      "geometry": {
        "type": "Point",
        "coordinates": [
          110.13662,
          -0.90049
        ]
      },
      "properties": {
        "acq_date": "2026-07-22",
        "acq_time": "1308",
        "satellite": "Terra",
        "confidence": "high",
        "brightness": 330.46,
        "frp": 51.01,
        "daynight": "N"
      }
    },
    {
      "type": "Feature",
      "geometry": {
        "type": "Point",
        "coordinates": [
          112.12908,
          -0.33501
        ]
      },
      "properties": {
        "acq_date": "2026-07-22",
        "acq_time": "1308",
        "satellite": "Terra",
        "confidence": "high",
        "brightness": 325.57,
        "frp": 26.02,
        "daynight": "N"
      }
    },
    {
      "type": "Feature",
      "geometry": {
        "type": "Point",
        "coordinates": [
          109.48545,
          1.92534
        ]
      },
      "properties": {
        "acq_date": "2026-07-22",
        "acq_time": "1308",
        "satellite": "Terra",
        "confidence": "high",
        "brightness": 316.62,
        "frp": 23.53,
        "daynight": "N"
      }
    },
    {
      "type": "Feature",
      "geometry": {
        "type": "Point",
        "coordinates": [
          139.27866,
          -7.47654
        ]
      },
      "properties": {
        "acq_date": "2026-07-27",
        "acq_time": "0642",
        "satellite": "Aqua",
        "confidence": "high",
        "brightness": 326.4,
        "frp": 45.53,
        "daynight": "D"
      }
    },
    {
      "type": "Feature",
      "geometry": {
        "type": "Point",
        "coordinates": [
          138.55275,
          -7.46468
        ]
      },
      "properties": {
        "acq_date": "2026-07-27",
        "acq_time": "0642",
        "satellite": "Aqua",
        "confidence": "high",
        "brightness": 325.55,
        "frp": 35.97,
        "daynight": "D"
      }
    },
    {
      "type": "Feature",
      "geometry": {
        "type": "Point",
        "coordinates": [
          138.49104,
          -7.44074
        ]
      },
      "properties": {
        "acq_date": "2026-07-27",
        "acq_time": "0642",
        "satellite": "Aqua",
        "confidence": "high",
        "brightness": 330.45,
        "frp": 51.45,
        "daynight": "D"
      }
    },
    {
      "type": "Feature",
      "geometry": {
        "type": "Point",
        "coordinates": [
          136.39258,
          -3.93704
        ]
      },
      "properties": {
        "acq_date": "2026-07-27",
        "acq_time": "0642",
        "satellite": "Aqua",
        "confidence": "high",
        "brightness": 319.96,
        "frp": 23,
        "daynight": "D"
      }
    },
    {
      "type": "Feature",
      "geometry": {
        "type": "Point",
        "coordinates": [
          133.10477,
          -2.75833
        ]
      },
      "properties": {
        "acq_date": "2026-07-27",
        "acq_time": "0644",
        "satellite": "Aqua",
        "confidence": "high",
        "brightness": 339.43,
        "frp": 36.05,
        "daynight": "D"
      }
    },
    {
      "type": "Feature",
      "geometry": {
        "type": "Point",
        "coordinates": [
          110.96515,
          -3.04443
        ]
      },
      "properties": {
        "acq_date": "2026-07-27",
        "acq_time": "0822",
        "satellite": "Aqua",
        "confidence": "high",
        "brightness": 334.71,
        "frp": 36.86,
        "daynight": "D"
      }
    },
    {
      "type": "Feature",
      "geometry": {
        "type": "Point",
        "coordinates": [
          103.13989,
          -2.26242
        ]
      },
      "properties": {
        "acq_date": "2026-07-27",
        "acq_time": "0822",
        "satellite": "Aqua",
        "confidence": "high",
        "brightness": 334.76,
        "frp": 74.81,
        "daynight": "D"
      }
    },
    {
      "type": "Feature",
      "geometry": {
        "type": "Point",
        "coordinates": [
          103.1554,
          -2.26017
        ]
      },
      "properties": {
        "acq_date": "2026-07-27",
        "acq_time": "0822",
        "satellite": "Aqua",
        "confidence": "high",
        "brightness": 328.22,
        "frp": 53.91,
        "daynight": "D"
      }
    },
    {
      "type": "Feature",
      "geometry": {
        "type": "Point",
        "coordinates": [
          110.4756,
          -2.11187
        ]
      },
      "properties": {
        "acq_date": "2026-07-27",
        "acq_time": "0822",
        "satellite": "Aqua",
        "confidence": "high",
        "brightness": 326.52,
        "frp": 26.3,
        "daynight": "D"
      }
    },
    {
      "type": "Feature",
      "geometry": {
        "type": "Point",
        "coordinates": [
          111.13911,
          -2.0746
        ]
      },
      "properties": {
        "acq_date": "2026-07-27",
        "acq_time": "0822",
        "satellite": "Aqua",
        "confidence": "high",
        "brightness": 338.7,
        "frp": 49.24,
        "daynight": "D"
      }
    },
    {
      "type": "Feature",
      "geometry": {
        "type": "Point",
        "coordinates": [
          109.86563,
          -1.07508
        ]
      },
      "properties": {
        "acq_date": "2026-07-27",
        "acq_time": "0822",
        "satellite": "Aqua",
        "confidence": "high",
        "brightness": 362.93,
        "frp": 104.87,
        "daynight": "D"
      }
    },
    {
      "type": "Feature",
      "geometry": {
        "type": "Point",
        "coordinates": [
          110.13829,
          -0.90691
        ]
      },
      "properties": {
        "acq_date": "2026-07-27",
        "acq_time": "0822",
        "satellite": "Aqua",
        "confidence": "high",
        "brightness": 332.18,
        "frp": 34.96,
        "daynight": "D"
      }
    },
    {
      "type": "Feature",
      "geometry": {
        "type": "Point",
        "coordinates": [
          109.53539,
          0.72371
        ]
      },
      "properties": {
        "acq_date": "2026-07-27",
        "acq_time": "0822",
        "satellite": "Aqua",
        "confidence": "high",
        "brightness": 343.68,
        "frp": 57.8,
        "daynight": "D"
      }
    },
    {
      "type": "Feature",
      "geometry": {
        "type": "Point",
        "coordinates": [
          139.26358,
          -7.47812
        ]
      },
      "properties": {
        "acq_date": "2026-07-27",
        "acq_time": "1128",
        "satellite": "Terra",
        "confidence": "high",
        "brightness": 312.95,
        "frp": 10.92,
        "daynight": "N"
      }
    },
    {
      "type": "Feature",
      "geometry": {
        "type": "Point",
        "coordinates": [
          139.28204,
          -7.47561
        ]
      },
      "properties": {
        "acq_date": "2026-07-27",
        "acq_time": "1128",
        "satellite": "Terra",
        "confidence": "high",
        "brightness": 323.39,
        "frp": 20.96,
        "daynight": "N"
      }
    },
    {
      "type": "Feature",
      "geometry": {
        "type": "Point",
        "coordinates": [
          139.29126,
          -7.47435
        ]
      },
      "properties": {
        "acq_date": "2026-07-27",
        "acq_time": "1128",
        "satellite": "Terra",
        "confidence": "high",
        "brightness": 310.52,
        "frp": 8.85,
        "daynight": "N"
      }
    },
    {
      "type": "Feature",
      "geometry": {
        "type": "Point",
        "coordinates": [
          139.23209,
          -7.45486
        ]
      },
      "properties": {
        "acq_date": "2026-07-27",
        "acq_time": "1128",
        "satellite": "Terra",
        "confidence": "high",
        "brightness": 334.27,
        "frp": 34.81,
        "daynight": "N"
      }
    },
    {
      "type": "Feature",
      "geometry": {
        "type": "Point",
        "coordinates": [
          139.24135,
          -7.45361
        ]
      },
      "properties": {
        "acq_date": "2026-07-27",
        "acq_time": "1128",
        "satellite": "Terra",
        "confidence": "high",
        "brightness": 313.64,
        "frp": 11.06,
        "daynight": "N"
      }
    },
    {
      "type": "Feature",
      "geometry": {
        "type": "Point",
        "coordinates": [
          139.2506,
          -7.45236
        ]
      },
      "properties": {
        "acq_date": "2026-07-27",
        "acq_time": "1128",
        "satellite": "Terra",
        "confidence": "high",
        "brightness": 338.26,
        "frp": 42.02,
        "daynight": "N"
      }
    },
    {
      "type": "Feature",
      "geometry": {
        "type": "Point",
        "coordinates": [
          140.51178,
          -7.42857
        ]
      },
      "properties": {
        "acq_date": "2026-07-27",
        "acq_time": "1128",
        "satellite": "Terra",
        "confidence": "high",
        "brightness": 314.97,
        "frp": 11.56,
        "daynight": "N"
      }
    },
    {
      "type": "Feature",
      "geometry": {
        "type": "Point",
        "coordinates": [
          141.22198,
          -7.39333
        ]
      },
      "properties": {
        "acq_date": "2026-07-27",
        "acq_time": "1128",
        "satellite": "Terra",
        "confidence": "high",
        "brightness": 330.74,
        "frp": 29.24,
        "daynight": "N"
      }
    },
    {
      "type": "Feature",
      "geometry": {
        "type": "Point",
        "coordinates": [
          140.83769,
          -7.2913
        ]
      },
      "properties": {
        "acq_date": "2026-07-27",
        "acq_time": "1128",
        "satellite": "Terra",
        "confidence": "high",
        "brightness": 323.88,
        "frp": 20.37,
        "daynight": "N"
      }
    },
    {
      "type": "Feature",
      "geometry": {
        "type": "Point",
        "coordinates": [
          140.84656,
          -7.29007
        ]
      },
      "properties": {
        "acq_date": "2026-07-27",
        "acq_time": "1128",
        "satellite": "Terra",
        "confidence": "high",
        "brightness": 328.9,
        "frp": 26.19,
        "daynight": "N"
      }
    },
    {
      "type": "Feature",
      "geometry": {
        "type": "Point",
        "coordinates": [
          111.35589,
          -7.30892
        ]
      },
      "properties": {
        "acq_date": "2026-07-27",
        "acq_time": "1304",
        "satellite": "Terra",
        "confidence": "high",
        "brightness": 312.98,
        "frp": 20.54,
        "daynight": "N"
      }
    },
    {
      "type": "Feature",
      "geometry": {
        "type": "Point",
        "coordinates": [
          113.79928,
          -2.22199
        ]
      },
      "properties": {
        "acq_date": "2026-07-27",
        "acq_time": "1306",
        "satellite": "Terra",
        "confidence": "high",
        "brightness": 316.52,
        "frp": 14.42,
        "daynight": "N"
      }
    },
    {
      "type": "Feature",
      "geometry": {
        "type": "Point",
        "coordinates": [
          111.37743,
          -1.85242
        ]
      },
      "properties": {
        "acq_date": "2026-07-27",
        "acq_time": "1306",
        "satellite": "Terra",
        "confidence": "high",
        "brightness": 310.73,
        "frp": 16.17,
        "daynight": "N"
      }
    },
    {
      "type": "Feature",
      "geometry": {
        "type": "Point",
        "coordinates": [
          109.8651,
          -1.07056
        ]
      },
      "properties": {
        "acq_date": "2026-07-27",
        "acq_time": "1306",
        "satellite": "Terra",
        "confidence": "high",
        "brightness": 313.54,
        "frp": 29.82,
        "daynight": "N"
      }
    },
    {
      "type": "Feature",
      "geometry": {
        "type": "Point",
        "coordinates": [
          123.50926,
          -8.26408
        ]
      },
      "properties": {
        "acq_date": "2026-07-27",
        "acq_time": "1904",
        "satellite": "Aqua",
        "confidence": "high",
        "brightness": 314.27,
        "frp": 15.28,
        "daynight": "N"
      }
    },
    {
      "type": "Feature",
      "geometry": {
        "type": "Point",
        "coordinates": [
          127.44315,
          -1.45831
        ]
      },
      "properties": {
        "acq_date": "2026-07-27",
        "acq_time": "1904",
        "satellite": "Aqua",
        "confidence": "high",
        "brightness": 317.59,
        "frp": 14.46,
        "daynight": "N"
      }
    },
    {
      "type": "Feature",
      "geometry": {
        "type": "Point",
        "coordinates": [
          104.01154,
          -2.86369
        ]
      },
      "properties": {
        "acq_date": "2026-07-27",
        "acq_time": "2042",
        "satellite": "Aqua",
        "confidence": "high",
        "brightness": 311.58,
        "frp": 11.09,
        "daynight": "N"
      }
    },
    {
      "type": "Feature",
      "geometry": {
        "type": "Point",
        "coordinates": [
          100.98824,
          -2.13806
        ]
      },
      "properties": {
        "acq_date": "2026-07-27",
        "acq_time": "2042",
        "satellite": "Aqua",
        "confidence": "high",
        "brightness": 312.77,
        "frp": 11.66,
        "daynight": "N"
      }
    },
    {
      "type": "Feature",
      "geometry": {
        "type": "Point",
        "coordinates": [
          100.97894,
          -2.13663
        ]
      },
      "properties": {
        "acq_date": "2026-07-27",
        "acq_time": "2042",
        "satellite": "Aqua",
        "confidence": "high",
        "brightness": 320.33,
        "frp": 18.99,
        "daynight": "N"
      }
    },
    {
      "type": "Feature",
      "geometry": {
        "type": "Point",
        "coordinates": [
          140.65965,
          -8.57166
        ]
      },
      "properties": {
        "acq_date": "2026-08-01",
        "acq_time": "0635",
        "satellite": "Aqua",
        "confidence": "high",
        "brightness": 337.25,
        "frp": 69.54,
        "daynight": "D"
      }
    },
    {
      "type": "Feature",
      "geometry": {
        "type": "Point",
        "coordinates": [
          140.33269,
          -8.36872
        ]
      },
      "properties": {
        "acq_date": "2026-08-01",
        "acq_time": "0635",
        "satellite": "Aqua",
        "confidence": "high",
        "brightness": 341.27,
        "frp": 79.9,
        "daynight": "D"
      }
    },
    {
      "type": "Feature",
      "geometry": {
        "type": "Point",
        "coordinates": [
          140.61285,
          -8.31256
        ]
      },
      "properties": {
        "acq_date": "2026-08-01",
        "acq_time": "0635",
        "satellite": "Aqua",
        "confidence": "high",
        "brightness": 324.93,
        "frp": 34.55,
        "daynight": "D"
      }
    },
    {
      "type": "Feature",
      "geometry": {
        "type": "Point",
        "coordinates": [
          140.53336,
          -8.22259
        ]
      },
      "properties": {
        "acq_date": "2026-08-01",
        "acq_time": "0635",
        "satellite": "Aqua",
        "confidence": "high",
        "brightness": 381.05,
        "frp": 311.07,
        "daynight": "D"
      }
    },
    {
      "type": "Feature",
      "geometry": {
        "type": "Point",
        "coordinates": [
          140.54768,
          -8.22027
        ]
      },
      "properties": {
        "acq_date": "2026-08-01",
        "acq_time": "0635",
        "satellite": "Aqua",
        "confidence": "high",
        "brightness": 338.78,
        "frp": 71.39,
        "daynight": "D"
      }
    },
    {
      "type": "Feature",
      "geometry": {
        "type": "Point",
        "coordinates": [
          138.70512,
          -8.02785
        ]
      },
      "properties": {
        "acq_date": "2026-08-01",
        "acq_time": "0635",
        "satellite": "Aqua",
        "confidence": "high",
        "brightness": 323.14,
        "frp": 21.9,
        "daynight": "D"
      }
    },
    {
      "type": "Feature",
      "geometry": {
        "type": "Point",
        "coordinates": [
          140.41072,
          -7.45542
        ]
      },
      "properties": {
        "acq_date": "2026-08-01",
        "acq_time": "0635",
        "satellite": "Aqua",
        "confidence": "high",
        "brightness": 330.3,
        "frp": 51.04,
        "daynight": "D"
      }
    },
    {
      "type": "Feature",
      "geometry": {
        "type": "Point",
        "coordinates": [
          138.86568,
          -4.07372
        ]
      },
      "properties": {
        "acq_date": "2026-08-01",
        "acq_time": "0637",
        "satellite": "Aqua",
        "confidence": "high",
        "brightness": 321.95,
        "frp": 28.99,
        "daynight": "D"
      }
    },
    {
      "type": "Feature",
      "geometry": {
        "type": "Point",
        "coordinates": [
          114.73368,
          -3.64132
        ]
      },
      "properties": {
        "acq_date": "2026-08-01",
        "acq_time": "0816",
        "satellite": "Aqua",
        "confidence": "high",
        "brightness": 327.09,
        "frp": 35.8,
        "daynight": "D"
      }
    },
    {
      "type": "Feature",
      "geometry": {
        "type": "Point",
        "coordinates": [
          104.60168,
          -3.31993
        ]
      },
      "properties": {
        "acq_date": "2026-08-01",
        "acq_time": "0816",
        "satellite": "Aqua",
        "confidence": "high",
        "brightness": 327.01,
        "frp": 47.29,
        "daynight": "D"
      }
    },
    {
      "type": "Feature",
      "geometry": {
        "type": "Point",
        "coordinates": [
          108.06248,
          -3.01092
        ]
      },
      "properties": {
        "acq_date": "2026-08-01",
        "acq_time": "0816",
        "satellite": "Aqua",
        "confidence": "high",
        "brightness": 328.36,
        "frp": 26.59,
        "daynight": "D"
      }
    },
    {
      "type": "Feature",
      "geometry": {
        "type": "Point",
        "coordinates": [
          111.00028,
          -2.92133
        ]
      },
      "properties": {
        "acq_date": "2026-08-01",
        "acq_time": "0816",
        "satellite": "Aqua",
        "confidence": "high",
        "brightness": 329.63,
        "frp": 23.11,
        "daynight": "D"
      }
    },
    {
      "type": "Feature",
      "geometry": {
        "type": "Point",
        "coordinates": [
          111.00919,
          -2.92003
        ]
      },
      "properties": {
        "acq_date": "2026-08-01",
        "acq_time": "0816",
        "satellite": "Aqua",
        "confidence": "high",
        "brightness": 331.7,
        "frp": 25.86,
        "daynight": "D"
      }
    },
    {
      "type": "Feature",
      "geometry": {
        "type": "Point",
        "coordinates": [
          110.99896,
          -2.91249
        ]
      },
      "properties": {
        "acq_date": "2026-08-01",
        "acq_time": "0816",
        "satellite": "Aqua",
        "confidence": "high",
        "brightness": 328.63,
        "frp": 22.6,
        "daynight": "D"
      }
    },
    {
      "type": "Feature",
      "geometry": {
        "type": "Point",
        "coordinates": [
          110.51105,
          -2.6627
        ]
      },
      "properties": {
        "acq_date": "2026-08-01",
        "acq_time": "0816",
        "satellite": "Aqua",
        "confidence": "high",
        "brightness": 329.11,
        "frp": 20.24,
        "daynight": "D"
      }
    },
    {
      "type": "Feature",
      "geometry": {
        "type": "Point",
        "coordinates": [
          110.51981,
          -2.66141
        ]
      },
      "properties": {
        "acq_date": "2026-08-01",
        "acq_time": "0816",
        "satellite": "Aqua",
        "confidence": "high",
        "brightness": 345.64,
        "frp": 46.26,
        "daynight": "D"
      }
    },
    {
      "type": "Feature",
      "geometry": {
        "type": "Point",
        "coordinates": [
          106.11149,
          -2.36909
        ]
      },
      "properties": {
        "acq_date": "2026-08-01",
        "acq_time": "0816",
        "satellite": "Aqua",
        "confidence": "high",
        "brightness": 345.09,
        "frp": 80.56,
        "daynight": "D"
      }
    },
    {
      "type": "Feature",
      "geometry": {
        "type": "Point",
        "coordinates": [
          106.1241,
          -2.36728
        ]
      },
      "properties": {
        "acq_date": "2026-08-01",
        "acq_time": "0816",
        "satellite": "Aqua",
        "confidence": "high",
        "brightness": 327.53,
        "frp": 33.66,
        "daynight": "D"
      }
    },
    {
      "type": "Feature",
      "geometry": {
        "type": "Point",
        "coordinates": [
          110.75271,
          -2.35823
        ]
      },
      "properties": {
        "acq_date": "2026-08-01",
        "acq_time": "0816",
        "satellite": "Aqua",
        "confidence": "high",
        "brightness": 343.5,
        "frp": 44.7,
        "daynight": "D"
      }
    },
    {
      "type": "Feature",
      "geometry": {
        "type": "Point",
        "coordinates": [
          113.06129,
          -2.25256
        ]
      },
      "properties": {
        "acq_date": "2026-08-01",
        "acq_time": "0816",
        "satellite": "Aqua",
        "confidence": "high",
        "brightness": 328.72,
        "frp": 29.7,
        "daynight": "D"
      }
    },
    {
      "type": "Feature",
      "geometry": {
        "type": "Point",
        "coordinates": [
          105.97311,
          -2.21534
        ]
      },
      "properties": {
        "acq_date": "2026-08-01",
        "acq_time": "0816",
        "satellite": "Aqua",
        "confidence": "high",
        "brightness": 341.11,
        "frp": 69.44,
        "daynight": "D"
      }
    },
    {
      "type": "Feature",
      "geometry": {
        "type": "Point",
        "coordinates": [
          105.98586,
          -2.2135
        ]
      },
      "properties": {
        "acq_date": "2026-08-01",
        "acq_time": "0816",
        "satellite": "Aqua",
        "confidence": "high",
        "brightness": 325.99,
        "frp": 31.34,
        "daynight": "D"
      }
    },
    {
      "type": "Feature",
      "geometry": {
        "type": "Point",
        "coordinates": [
          110.39362,
          -2.17931
        ]
      },
      "properties": {
        "acq_date": "2026-08-01",
        "acq_time": "0816",
        "satellite": "Aqua",
        "confidence": "high",
        "brightness": 342.06,
        "frp": 46.17,
        "daynight": "D"
      }
    },
    {
      "type": "Feature",
      "geometry": {
        "type": "Point",
        "coordinates": [
          105.96082,
          -2.17804
        ]
      },
      "properties": {
        "acq_date": "2026-08-01",
        "acq_time": "0816",
        "satellite": "Aqua",
        "confidence": "high",
        "brightness": 329,
        "frp": 38.6,
        "daynight": "D"
      }
    },
    {
      "type": "Feature",
      "geometry": {
        "type": "Point",
        "coordinates": [
          105.9736,
          -2.17613
        ]
      },
      "properties": {
        "acq_date": "2026-08-01",
        "acq_time": "0816",
        "satellite": "Aqua",
        "confidence": "high",
        "brightness": 339.35,
        "frp": 64.69,
        "daynight": "D"
      }
    },
    {
      "type": "Feature",
      "geometry": {
        "type": "Point",
        "coordinates": [
          105.98755,
          -2.03961
        ]
      },
      "properties": {
        "acq_date": "2026-08-01",
        "acq_time": "0816",
        "satellite": "Aqua",
        "confidence": "high",
        "brightness": 328.22,
        "frp": 35.67,
        "daynight": "D"
      }
    },
    {
      "type": "Feature",
      "geometry": {
        "type": "Point",
        "coordinates": [
          110.74953,
          -1.95289
        ]
      },
      "properties": {
        "acq_date": "2026-08-01",
        "acq_time": "0816",
        "satellite": "Aqua",
        "confidence": "high",
        "brightness": 334.85,
        "frp": 29.76,
        "daynight": "D"
      }
    },
    {
      "type": "Feature",
      "geometry": {
        "type": "Point",
        "coordinates": [
          110.90287,
          -1.91988
        ]
      },
      "properties": {
        "acq_date": "2026-08-01",
        "acq_time": "0816",
        "satellite": "Aqua",
        "confidence": "high",
        "brightness": 333.23,
        "frp": 27.66,
        "daynight": "D"
      }
    },
    {
      "type": "Feature",
      "geometry": {
        "type": "Point",
        "coordinates": [
          110.90154,
          -1.91102
        ]
      },
      "properties": {
        "acq_date": "2026-08-01",
        "acq_time": "0816",
        "satellite": "Aqua",
        "confidence": "high",
        "brightness": 341.87,
        "frp": 42.26,
        "daynight": "D"
      }
    },
    {
      "type": "Feature",
      "geometry": {
        "type": "Point",
        "coordinates": [
          110.14632,
          -1.90198
        ]
      },
      "properties": {
        "acq_date": "2026-08-01",
        "acq_time": "0816",
        "satellite": "Aqua",
        "confidence": "high",
        "brightness": 393.08,
        "frp": 206.24,
        "daynight": "D"
      }
    },
    {
      "type": "Feature",
      "geometry": {
        "type": "Point",
        "coordinates": [
          110.13632,
          -1.8945
        ]
      },
      "properties": {
        "acq_date": "2026-08-01",
        "acq_time": "0816",
        "satellite": "Aqua",
        "confidence": "high",
        "brightness": 337.25,
        "frp": 30.01,
        "daynight": "D"
      }
    },
    {
      "type": "Feature",
      "geometry": {
        "type": "Point",
        "coordinates": [
          110.54912,
          -1.62188
        ]
      },
      "properties": {
        "acq_date": "2026-08-01",
        "acq_time": "0816",
        "satellite": "Aqua",
        "confidence": "high",
        "brightness": 344.42,
        "frp": 46.21,
        "daynight": "D"
      }
    },
    {
      "type": "Feature",
      "geometry": {
        "type": "Point",
        "coordinates": [
          110.58098,
          -1.57038
        ]
      },
      "properties": {
        "acq_date": "2026-08-01",
        "acq_time": "0816",
        "satellite": "Aqua",
        "confidence": "high",
        "brightness": 327.55,
        "frp": 18.5,
        "daynight": "D"
      }
    },
    {
      "type": "Feature",
      "geometry": {
        "type": "Point",
        "coordinates": [
          113.85372,
          -1.40319
        ]
      },
      "properties": {
        "acq_date": "2026-08-01",
        "acq_time": "0816",
        "satellite": "Aqua",
        "confidence": "high",
        "brightness": 341.61,
        "frp": 74.43,
        "daynight": "D"
      }
    },
    {
      "type": "Feature",
      "geometry": {
        "type": "Point",
        "coordinates": [
          110.29193,
          -1.40113
        ]
      },
      "properties": {
        "acq_date": "2026-08-01",
        "acq_time": "0816",
        "satellite": "Aqua",
        "confidence": "high",
        "brightness": 337.63,
        "frp": 32.7,
        "daynight": "D"
      }
    },
    {
      "type": "Feature",
      "geometry": {
        "type": "Point",
        "coordinates": [
          112.02203,
          -0.96035
        ]
      },
      "properties": {
        "acq_date": "2026-08-01",
        "acq_time": "0816",
        "satellite": "Aqua",
        "confidence": "high",
        "brightness": 346.69,
        "frp": 63.11,
        "daynight": "D"
      }
    },
    {
      "type": "Feature",
      "geometry": {
        "type": "Point",
        "coordinates": [
          112.03206,
          -0.95886
        ]
      },
      "properties": {
        "acq_date": "2026-08-01",
        "acq_time": "0816",
        "satellite": "Aqua",
        "confidence": "high",
        "brightness": 334.12,
        "frp": 36.62,
        "daynight": "D"
      }
    },
    {
      "type": "Feature",
      "geometry": {
        "type": "Point",
        "coordinates": [
          109.69417,
          -1.13727
        ]
      },
      "properties": {
        "acq_date": "2026-08-01",
        "acq_time": "0818",
        "satellite": "Aqua",
        "confidence": "high",
        "brightness": 326.99,
        "frp": 16.87,
        "daynight": "D"
      }
    },
    {
      "type": "Feature",
      "geometry": {
        "type": "Point",
        "coordinates": [
          109.48778,
          -1.04778
        ]
      },
      "properties": {
        "acq_date": "2026-08-01",
        "acq_time": "0818",
        "satellite": "Aqua",
        "confidence": "high",
        "brightness": 341.08,
        "frp": 38.66,
        "daynight": "D"
      }
    },
    {
      "type": "Feature",
      "geometry": {
        "type": "Point",
        "coordinates": [
          109.47778,
          -1.0403
        ]
      },
      "properties": {
        "acq_date": "2026-08-01",
        "acq_time": "0818",
        "satellite": "Aqua",
        "confidence": "high",
        "brightness": 338.5,
        "frp": 33.39,
        "daynight": "D"
      }
    },
    {
      "type": "Feature",
      "geometry": {
        "type": "Point",
        "coordinates": [
          109.48649,
          -1.03902
        ]
      },
      "properties": {
        "acq_date": "2026-08-01",
        "acq_time": "0818",
        "satellite": "Aqua",
        "confidence": "high",
        "brightness": 351.47,
        "frp": 58.29,
        "daynight": "D"
      }
    },
    {
      "type": "Feature",
      "geometry": {
        "type": "Point",
        "coordinates": [
          110.54439,
          -1.02135
        ]
      },
      "properties": {
        "acq_date": "2026-08-01",
        "acq_time": "0818",
        "satellite": "Aqua",
        "confidence": "high",
        "brightness": 382.7,
        "frp": 162.04,
        "daynight": "D"
      }
    },
    {
      "type": "Feature",
      "geometry": {
        "type": "Point",
        "coordinates": [
          110.55327,
          -1.02004
        ]
      },
      "properties": {
        "acq_date": "2026-08-01",
        "acq_time": "0818",
        "satellite": "Aqua",
        "confidence": "high",
        "brightness": 350.84,
        "frp": 58.82,
        "daynight": "D"
      }
    },
    {
      "type": "Feature",
      "geometry": {
        "type": "Point",
        "coordinates": [
          111.62329,
          -0.89831
        ]
      },
      "properties": {
        "acq_date": "2026-08-01",
        "acq_time": "0818",
        "satellite": "Aqua",
        "confidence": "high",
        "brightness": 324.88,
        "frp": 18.91,
        "daynight": "D"
      }
    },
    {
      "type": "Feature",
      "geometry": {
        "type": "Point",
        "coordinates": [
          111.62383,
          -0.80647
        ]
      },
      "properties": {
        "acq_date": "2026-08-01",
        "acq_time": "0818",
        "satellite": "Aqua",
        "confidence": "high",
        "brightness": 331.25,
        "frp": 28.39,
        "daynight": "D"
      }
    },
    {
      "type": "Feature",
      "geometry": {
        "type": "Point",
        "coordinates": [
          111.63351,
          -0.80502
        ]
      },
      "properties": {
        "acq_date": "2026-08-01",
        "acq_time": "0818",
        "satellite": "Aqua",
        "confidence": "high",
        "brightness": 324.85,
        "frp": 19.17,
        "daynight": "D"
      }
    },
    {
      "type": "Feature",
      "geometry": {
        "type": "Point",
        "coordinates": [
          110.31644,
          -0.76803
        ]
      },
      "properties": {
        "acq_date": "2026-08-01",
        "acq_time": "0818",
        "satellite": "Aqua",
        "confidence": "high",
        "brightness": 358.88,
        "frp": 77.32,
        "daynight": "D"
      }
    },
    {
      "type": "Feature",
      "geometry": {
        "type": "Point",
        "coordinates": [
          110.36411,
          -0.72502
        ]
      },
      "properties": {
        "acq_date": "2026-08-01",
        "acq_time": "0818",
        "satellite": "Aqua",
        "confidence": "high",
        "brightness": 342.69,
        "frp": 41.03,
        "daynight": "D"
      }
    },
    {
      "type": "Feature",
      "geometry": {
        "type": "Point",
        "coordinates": [
          110.82752,
          -0.56467
        ]
      },
      "properties": {
        "acq_date": "2026-08-01",
        "acq_time": "0818",
        "satellite": "Aqua",
        "confidence": "high",
        "brightness": 370.99,
        "frp": 120.84,
        "daynight": "D"
      }
    },
    {
      "type": "Feature",
      "geometry": {
        "type": "Point",
        "coordinates": [
          111.47933,
          -0.44043
        ]
      },
      "properties": {
        "acq_date": "2026-08-01",
        "acq_time": "0818",
        "satellite": "Aqua",
        "confidence": "high",
        "brightness": 331.35,
        "frp": 27.88,
        "daynight": "D"
      }
    },
    {
      "type": "Feature",
      "geometry": {
        "type": "Point",
        "coordinates": [
          111.63364,
          -0.22383
        ]
      },
      "properties": {
        "acq_date": "2026-08-01",
        "acq_time": "0818",
        "satellite": "Aqua",
        "confidence": "high",
        "brightness": 367.16,
        "frp": 120.41,
        "daynight": "D"
      }
    },
    {
      "type": "Feature",
      "geometry": {
        "type": "Point",
        "coordinates": [
          110.89484,
          -0.15615
        ]
      },
      "properties": {
        "acq_date": "2026-08-01",
        "acq_time": "0818",
        "satellite": "Aqua",
        "confidence": "high",
        "brightness": 338.46,
        "frp": 36.5,
        "daynight": "D"
      }
    },
    {
      "type": "Feature",
      "geometry": {
        "type": "Point",
        "coordinates": [
          110.90401,
          -0.15481
        ]
      },
      "properties": {
        "acq_date": "2026-08-01",
        "acq_time": "0818",
        "satellite": "Aqua",
        "confidence": "high",
        "brightness": 328.54,
        "frp": 21.38,
        "daynight": "D"
      }
    },
    {
      "type": "Feature",
      "geometry": {
        "type": "Point",
        "coordinates": [
          110.85551,
          0.1984
        ]
      },
      "properties": {
        "acq_date": "2026-08-01",
        "acq_time": "0818",
        "satellite": "Aqua",
        "confidence": "high",
        "brightness": 344.81,
        "frp": 47.89,
        "daynight": "D"
      }
    },
    {
      "type": "Feature",
      "geometry": {
        "type": "Point",
        "coordinates": [
          109.83587,
          0.21313
        ]
      },
      "properties": {
        "acq_date": "2026-08-01",
        "acq_time": "0818",
        "satellite": "Aqua",
        "confidence": "high",
        "brightness": 356.41,
        "frp": 71.26,
        "daynight": "D"
      }
    },
    {
      "type": "Feature",
      "geometry": {
        "type": "Point",
        "coordinates": [
          110.86594,
          0.25503
        ]
      },
      "properties": {
        "acq_date": "2026-08-01",
        "acq_time": "0818",
        "satellite": "Aqua",
        "confidence": "high",
        "brightness": 340.69,
        "frp": 40.11,
        "daynight": "D"
      }
    },
    {
      "type": "Feature",
      "geometry": {
        "type": "Point",
        "coordinates": [
          110.75518,
          0.33049
        ]
      },
      "properties": {
        "acq_date": "2026-08-01",
        "acq_time": "0818",
        "satellite": "Aqua",
        "confidence": "high",
        "brightness": 363.45,
        "frp": 95.96,
        "daynight": "D"
      }
    },
    {
      "type": "Feature",
      "geometry": {
        "type": "Point",
        "coordinates": [
          110.76435,
          0.33184
        ]
      },
      "properties": {
        "acq_date": "2026-08-01",
        "acq_time": "0818",
        "satellite": "Aqua",
        "confidence": "high",
        "brightness": 338.29,
        "frp": 36.65,
        "daynight": "D"
      }
    },
    {
      "type": "Feature",
      "geometry": {
        "type": "Point",
        "coordinates": [
          110.9994,
          0.33874
        ]
      },
      "properties": {
        "acq_date": "2026-08-01",
        "acq_time": "0818",
        "satellite": "Aqua",
        "confidence": "high",
        "brightness": 355.04,
        "frp": 75.21,
        "daynight": "D"
      }
    },
    {
      "type": "Feature",
      "geometry": {
        "type": "Point",
        "coordinates": [
          110.5833,
          0.38001
        ]
      },
      "properties": {
        "acq_date": "2026-08-01",
        "acq_time": "0818",
        "satellite": "Aqua",
        "confidence": "high",
        "brightness": 327.8,
        "frp": 21.49,
        "daynight": "D"
      }
    },
    {
      "type": "Feature",
      "geometry": {
        "type": "Point",
        "coordinates": [
          110.01264,
          0.46313
        ]
      },
      "properties": {
        "acq_date": "2026-08-01",
        "acq_time": "0818",
        "satellite": "Aqua",
        "confidence": "high",
        "brightness": 328.15,
        "frp": 20.74,
        "daynight": "D"
      }
    },
    {
      "type": "Feature",
      "geometry": {
        "type": "Point",
        "coordinates": [
          110.02144,
          0.46442
        ]
      },
      "properties": {
        "acq_date": "2026-08-01",
        "acq_time": "0818",
        "satellite": "Aqua",
        "confidence": "high",
        "brightness": 327.27,
        "frp": 19.49,
        "daynight": "D"
      }
    },
    {
      "type": "Feature",
      "geometry": {
        "type": "Point",
        "coordinates": [
          110.07171,
          0.48976
        ]
      },
      "properties": {
        "acq_date": "2026-08-01",
        "acq_time": "0818",
        "satellite": "Aqua",
        "confidence": "high",
        "brightness": 330.04,
        "frp": 22.48,
        "daynight": "D"
      }
    },
    {
      "type": "Feature",
      "geometry": {
        "type": "Point",
        "coordinates": [
          110.08051,
          0.49105
        ]
      },
      "properties": {
        "acq_date": "2026-08-01",
        "acq_time": "0818",
        "satellite": "Aqua",
        "confidence": "high",
        "brightness": 381.78,
        "frp": 157.33,
        "daynight": "D"
      }
    },
    {
      "type": "Feature",
      "geometry": {
        "type": "Point",
        "coordinates": [
          111.12342,
          0.49641
        ]
      },
      "properties": {
        "acq_date": "2026-08-01",
        "acq_time": "0818",
        "satellite": "Aqua",
        "confidence": "high",
        "brightness": 355.31,
        "frp": 77.34,
        "daynight": "D"
      }
    },
    {
      "type": "Feature",
      "geometry": {
        "type": "Point",
        "coordinates": [
          110.42979,
          0.58765
        ]
      },
      "properties": {
        "acq_date": "2026-08-01",
        "acq_time": "0818",
        "satellite": "Aqua",
        "confidence": "high",
        "brightness": 331.1,
        "frp": 26,
        "daynight": "D"
      }
    },
    {
      "type": "Feature",
      "geometry": {
        "type": "Point",
        "coordinates": [
          111.07429,
          0.79351
        ]
      },
      "properties": {
        "acq_date": "2026-08-01",
        "acq_time": "0818",
        "satellite": "Aqua",
        "confidence": "high",
        "brightness": 330.7,
        "frp": 26.72,
        "daynight": "D"
      }
    },
    {
      "type": "Feature",
      "geometry": {
        "type": "Point",
        "coordinates": [
          111.30409,
          0.8091
        ]
      },
      "properties": {
        "acq_date": "2026-08-01",
        "acq_time": "0818",
        "satellite": "Aqua",
        "confidence": "high",
        "brightness": 370.82,
        "frp": 133.72,
        "daynight": "D"
      }
    },
    {
      "type": "Feature",
      "geometry": {
        "type": "Point",
        "coordinates": [
          111.3138,
          0.81055
        ]
      },
      "properties": {
        "acq_date": "2026-08-01",
        "acq_time": "0818",
        "satellite": "Aqua",
        "confidence": "high",
        "brightness": 327.1,
        "frp": 23.4,
        "daynight": "D"
      }
    },
    {
      "type": "Feature",
      "geometry": {
        "type": "Point",
        "coordinates": [
          109.80486,
          0.87617
        ]
      },
      "properties": {
        "acq_date": "2026-08-01",
        "acq_time": "0818",
        "satellite": "Aqua",
        "confidence": "high",
        "brightness": 328.63,
        "frp": 24.12,
        "daynight": "D"
      }
    },
    {
      "type": "Feature",
      "geometry": {
        "type": "Point",
        "coordinates": [
          140.65564,
          -8.56051
        ]
      },
      "properties": {
        "acq_date": "2026-08-01",
        "acq_time": "1125",
        "satellite": "Terra",
        "confidence": "high",
        "brightness": 319.84,
        "frp": 16.33,
        "daynight": "N"
      }
    },
    {
      "type": "Feature",
      "geometry": {
        "type": "Point",
        "coordinates": [
          139.80452,
          -7.92167
        ]
      },
      "properties": {
        "acq_date": "2026-08-01",
        "acq_time": "1125",
        "satellite": "Terra",
        "confidence": "high",
        "brightness": 311.53,
        "frp": 9.56,
        "daynight": "N"
      }
    },
    {
      "type": "Feature",
      "geometry": {
        "type": "Point",
        "coordinates": [
          112.92144,
          -8.11428
        ]
      },
      "properties": {
        "acq_date": "2026-08-01",
        "acq_time": "1304",
        "satellite": "Terra",
        "confidence": "high",
        "brightness": 317.47,
        "frp": 27.07,
        "daynight": "N"
      }
    },
    {
      "type": "Feature",
      "geometry": {
        "type": "Point",
        "coordinates": [
          114.73721,
          -3.63062
        ]
      },
      "properties": {
        "acq_date": "2026-08-01",
        "acq_time": "1304",
        "satellite": "Terra",
        "confidence": "high",
        "brightness": 317.54,
        "frp": 14.01,
        "daynight": "N"
      }
    },
    {
      "type": "Feature",
      "geometry": {
        "type": "Point",
        "coordinates": [
          112.83302,
          -3.27306
        ]
      },
      "properties": {
        "acq_date": "2026-08-01",
        "acq_time": "1304",
        "satellite": "Terra",
        "confidence": "high",
        "brightness": 311.55,
        "frp": 9.94,
        "daynight": "N"
      }
    },
    {
      "type": "Feature",
      "geometry": {
        "type": "Point",
        "coordinates": [
          115.16537,
          -2.73307
        ]
      },
      "properties": {
        "acq_date": "2026-08-01",
        "acq_time": "1304",
        "satellite": "Terra",
        "confidence": "high",
        "brightness": 335.46,
        "frp": 33.89,
        "daynight": "N"
      }
    },
    {
      "type": "Feature",
      "geometry": {
        "type": "Point",
        "coordinates": [
          115.17413,
          -2.73186
        ]
      },
      "properties": {
        "acq_date": "2026-08-01",
        "acq_time": "1304",
        "satellite": "Terra",
        "confidence": "high",
        "brightness": 320.07,
        "frp": 15.16,
        "daynight": "N"
      }
    },
    {
      "type": "Feature",
      "geometry": {
        "type": "Point",
        "coordinates": [
          115.16291,
          -2.71546
        ]
      },
      "properties": {
        "acq_date": "2026-08-01",
        "acq_time": "1304",
        "satellite": "Terra",
        "confidence": "high",
        "brightness": 330.6,
        "frp": 27.16,
        "daynight": "N"
      }
    },
    {
      "type": "Feature",
      "geometry": {
        "type": "Point",
        "coordinates": [
          115.07449,
          -2.48947
        ]
      },
      "properties": {
        "acq_date": "2026-08-01",
        "acq_time": "1304",
        "satellite": "Terra",
        "confidence": "high",
        "brightness": 312.67,
        "frp": 9.46,
        "daynight": "N"
      }
    },
    {
      "type": "Feature",
      "geometry": {
        "type": "Point",
        "coordinates": [
          114.09316,
          -2.34739
        ]
      },
      "properties": {
        "acq_date": "2026-08-01",
        "acq_time": "1304",
        "satellite": "Terra",
        "confidence": "high",
        "brightness": 321.85,
        "frp": 17.25,
        "daynight": "N"
      }
    },
    {
      "type": "Feature",
      "geometry": {
        "type": "Point",
        "coordinates": [
          114.10212,
          -2.34617
        ]
      },
      "properties": {
        "acq_date": "2026-08-01",
        "acq_time": "1304",
        "satellite": "Terra",
        "confidence": "high",
        "brightness": 314.85,
        "frp": 10.41,
        "daynight": "N"
      }
    },
    {
      "type": "Feature",
      "geometry": {
        "type": "Point",
        "coordinates": [
          114.08557,
          -2.3378
        ]
      },
      "properties": {
        "acq_date": "2026-08-01",
        "acq_time": "1304",
        "satellite": "Terra",
        "confidence": "high",
        "brightness": 320.44,
        "frp": 16.47,
        "daynight": "N"
      }
    },
    {
      "type": "Feature",
      "geometry": {
        "type": "Point",
        "coordinates": [
          115.86362,
          -1.89057
        ]
      },
      "properties": {
        "acq_date": "2026-08-01",
        "acq_time": "1304",
        "satellite": "Terra",
        "confidence": "high",
        "brightness": 319.48,
        "frp": 16.48,
        "daynight": "N"
      }
    },
    {
      "type": "Feature",
      "geometry": {
        "type": "Point",
        "coordinates": [
          110.41418,
          -2.13709
        ]
      },
      "properties": {
        "acq_date": "2026-08-01",
        "acq_time": "1306",
        "satellite": "Terra",
        "confidence": "high",
        "brightness": 317.99,
        "frp": 25.95,
        "daynight": "N"
      }
    },
    {
      "type": "Feature",
      "geometry": {
        "type": "Point",
        "coordinates": [
          110.42828,
          -2.13519
        ]
      },
      "properties": {
        "acq_date": "2026-08-01",
        "acq_time": "1306",
        "satellite": "Terra",
        "confidence": "high",
        "brightness": 320.02,
        "frp": 29.68,
        "daynight": "N"
      }
    },
    {
      "type": "Feature",
      "geometry": {
        "type": "Point",
        "coordinates": [
          110.42678,
          -2.12419
        ]
      },
      "properties": {
        "acq_date": "2026-08-01",
        "acq_time": "1306",
        "satellite": "Terra",
        "confidence": "high",
        "brightness": 316.27,
        "frp": 22.95,
        "daynight": "N"
      }
    },
    {
      "type": "Feature",
      "geometry": {
        "type": "Point",
        "coordinates": [
          110.12843,
          -1.90001
        ]
      },
      "properties": {
        "acq_date": "2026-08-01",
        "acq_time": "1306",
        "satellite": "Terra",
        "confidence": "high",
        "brightness": 317.05,
        "frp": 25.34,
        "daynight": "N"
      }
    },
    {
      "type": "Feature",
      "geometry": {
        "type": "Point",
        "coordinates": [
          110.14317,
          -1.89803
        ]
      },
      "properties": {
        "acq_date": "2026-08-01",
        "acq_time": "1306",
        "satellite": "Terra",
        "confidence": "high",
        "brightness": 385.44,
        "frp": 373.27,
        "daynight": "N"
      }
    },
    {
      "type": "Feature",
      "geometry": {
        "type": "Point",
        "coordinates": [
          110.15784,
          -1.89604
        ]
      },
      "properties": {
        "acq_date": "2026-08-01",
        "acq_time": "1306",
        "satellite": "Terra",
        "confidence": "high",
        "brightness": 328.26,
        "frp": 50.26,
        "daynight": "N"
      }
    },
    {
      "type": "Feature",
      "geometry": {
        "type": "Point",
        "coordinates": [
          116.22121,
          -0.69847
        ]
      },
      "properties": {
        "acq_date": "2026-08-01",
        "acq_time": "1306",
        "satellite": "Terra",
        "confidence": "high",
        "brightness": 317.6,
        "frp": 16.84,
        "daynight": "N"
      }
    },
    {
      "type": "Feature",
      "geometry": {
        "type": "Point",
        "coordinates": [
          110.39568,
          -0.6583
        ]
      },
      "properties": {
        "acq_date": "2026-08-01",
        "acq_time": "1306",
        "satellite": "Terra",
        "confidence": "high",
        "brightness": 314.75,
        "frp": 20.63,
        "daynight": "N"
      }
    },
    {
      "type": "Feature",
      "geometry": {
        "type": "Point",
        "coordinates": [
          110.40913,
          -0.65647
        ]
      },
      "properties": {
        "acq_date": "2026-08-01",
        "acq_time": "1306",
        "satellite": "Terra",
        "confidence": "high",
        "brightness": 322.97,
        "frp": 35.23,
        "daynight": "N"
      }
    },
    {
      "type": "Feature",
      "geometry": {
        "type": "Point",
        "coordinates": [
          117.35426,
          -0.49808
        ]
      },
      "properties": {
        "acq_date": "2026-08-01",
        "acq_time": "1306",
        "satellite": "Terra",
        "confidence": "high",
        "brightness": 311.43,
        "frp": 11.71,
        "daynight": "N"
      }
    },
    {
      "type": "Feature",
      "geometry": {
        "type": "Point",
        "coordinates": [
          111.73521,
          -0.4038
        ]
      },
      "properties": {
        "acq_date": "2026-08-01",
        "acq_time": "1306",
        "satellite": "Terra",
        "confidence": "high",
        "brightness": 315.43,
        "frp": 15.92,
        "daynight": "N"
      }
    },
    {
      "type": "Feature",
      "geometry": {
        "type": "Point",
        "coordinates": [
          111.99458,
          -0.39735
        ]
      },
      "properties": {
        "acq_date": "2026-08-01",
        "acq_time": "1306",
        "satellite": "Terra",
        "confidence": "high",
        "brightness": 313.24,
        "frp": 12.92,
        "daynight": "N"
      }
    },
    {
      "type": "Feature",
      "geometry": {
        "type": "Point",
        "coordinates": [
          127.43931,
          -1.45724
        ]
      },
      "properties": {
        "acq_date": "2026-08-01",
        "acq_time": "1858",
        "satellite": "Aqua",
        "confidence": "high",
        "brightness": 317.35,
        "frp": 17.09,
        "daynight": "N"
      }
    },
    {
      "type": "Feature",
      "geometry": {
        "type": "Point",
        "coordinates": [
          110.14973,
          -1.90216
        ]
      },
      "properties": {
        "acq_date": "2026-08-01",
        "acq_time": "2034",
        "satellite": "Aqua",
        "confidence": "high",
        "brightness": 328.84,
        "frp": 75.3,
        "daynight": "N"
      }
    },
    {
      "type": "Feature",
      "geometry": {
        "type": "Point",
        "coordinates": [
          110.15548,
          -1.89751
        ]
      },
      "properties": {
        "acq_date": "2026-08-01",
        "acq_time": "2034",
        "satellite": "Aqua",
        "confidence": "high",
        "brightness": 340.65,
        "frp": 124.37,
        "daynight": "N"
      }
    },
    {
      "type": "Feature",
      "geometry": {
        "type": "Point",
        "coordinates": [
          110.13782,
          -1.89486
        ]
      },
      "properties": {
        "acq_date": "2026-08-01",
        "acq_time": "2034",
        "satellite": "Aqua",
        "confidence": "high",
        "brightness": 321.67,
        "frp": 52.16,
        "daynight": "N"
      }
    },
    {
      "type": "Feature",
      "geometry": {
        "type": "Point",
        "coordinates": [
          119.74824,
          -9.46313
        ]
      },
      "properties": {
        "acq_date": "2026-08-06",
        "acq_time": "0048",
        "satellite": "Terra",
        "confidence": "high",
        "brightness": 335.9,
        "frp": 37.75,
        "daynight": "D"
      }
    },
    {
      "type": "Feature",
      "geometry": {
        "type": "Point",
        "coordinates": [
          119.73821,
          -9.46173
        ]
      },
      "properties": {
        "acq_date": "2026-08-06",
        "acq_time": "0048",
        "satellite": "Terra",
        "confidence": "high",
        "brightness": 331.82,
        "frp": 30.79,
        "daynight": "D"
      }
    },
    {
      "type": "Feature",
      "geometry": {
        "type": "Point",
        "coordinates": [
          141.17926,
          -8.64329
        ]
      },
      "properties": {
        "acq_date": "2026-07-17",
        "acq_time": "0342",
        "satellite": "N",
        "confidence": "high",
        "brightness": 367,
        "frp": 5.02,
        "daynight": "D"
      }
    },
    {
      "type": "Feature",
      "geometry": {
        "type": "Point",
        "coordinates": [
          141.17253,
          -8.63901
        ]
      },
      "properties": {
        "acq_date": "2026-07-17",
        "acq_time": "0342",
        "satellite": "N",
        "confidence": "high",
        "brightness": 367,
        "frp": 10.93,
        "daynight": "D"
      }
    },
    {
      "type": "Feature",
      "geometry": {
        "type": "Point",
        "coordinates": [
          140.46869,
          -8.34894
        ]
      },
      "properties": {
        "acq_date": "2026-07-17",
        "acq_time": "0342",
        "satellite": "N",
        "confidence": "high",
        "brightness": 367,
        "frp": 10.94,
        "daynight": "D"
      }
    },
    {
      "type": "Feature",
      "geometry": {
        "type": "Point",
        "coordinates": [
          141.08719,
          -8.32514
        ]
      },
      "properties": {
        "acq_date": "2026-07-17",
        "acq_time": "0342",
        "satellite": "N",
        "confidence": "high",
        "brightness": 367,
        "frp": 15.39,
        "daynight": "D"
      }
    },
    {
      "type": "Feature",
      "geometry": {
        "type": "Point",
        "coordinates": [
          141.0865,
          -8.32002
        ]
      },
      "properties": {
        "acq_date": "2026-07-17",
        "acq_time": "0342",
        "satellite": "N",
        "confidence": "high",
        "brightness": 367,
        "frp": 9.94,
        "daynight": "D"
      }
    },
    {
      "type": "Feature",
      "geometry": {
        "type": "Point",
        "coordinates": [
          138.42506,
          -3.62367
        ]
      },
      "properties": {
        "acq_date": "2026-07-17",
        "acq_time": "0345",
        "satellite": "N",
        "confidence": "high",
        "brightness": 367,
        "frp": 29.81,
        "daynight": "D"
      }
    },
    {
      "type": "Feature",
      "geometry": {
        "type": "Point",
        "coordinates": [
          138.42372,
          -3.61804
        ]
      },
      "properties": {
        "acq_date": "2026-07-17",
        "acq_time": "0345",
        "satellite": "N",
        "confidence": "high",
        "brightness": 367,
        "frp": 32.8,
        "daynight": "D"
      }
    },
    {
      "type": "Feature",
      "geometry": {
        "type": "Point",
        "coordinates": [
          120.80563,
          -1.75083
        ]
      },
      "properties": {
        "acq_date": "2026-07-17",
        "acq_time": "0525",
        "satellite": "N",
        "confidence": "high",
        "brightness": 367,
        "frp": 12.2,
        "daynight": "D"
      }
    },
    {
      "type": "Feature",
      "geometry": {
        "type": "Point",
        "coordinates": [
          113.98499,
          -1.49043
        ]
      },
      "properties": {
        "acq_date": "2026-07-17",
        "acq_time": "0525",
        "satellite": "N",
        "confidence": "high",
        "brightness": 367,
        "frp": 8.57,
        "daynight": "D"
      }
    },
    {
      "type": "Feature",
      "geometry": {
        "type": "Point",
        "coordinates": [
          112.69249,
          1.11671
        ]
      },
      "properties": {
        "acq_date": "2026-07-17",
        "acq_time": "0525",
        "satellite": "N",
        "confidence": "high",
        "brightness": 367,
        "frp": 17.06,
        "daynight": "D"
      }
    },
    {
      "type": "Feature",
      "geometry": {
        "type": "Point",
        "coordinates": [
          106.95467,
          -6.51166
        ]
      },
      "properties": {
        "acq_date": "2026-07-17",
        "acq_time": "0705",
        "satellite": "N",
        "confidence": "high",
        "brightness": 367,
        "frp": 9.55,
        "daynight": "D"
      }
    },
    {
      "type": "Feature",
      "geometry": {
        "type": "Point",
        "coordinates": [
          105.98863,
          -2.6981
        ]
      },
      "properties": {
        "acq_date": "2026-07-17",
        "acq_time": "0705",
        "satellite": "N",
        "confidence": "high",
        "brightness": 367,
        "frp": 20.12,
        "daynight": "D"
      }
    },
    {
      "type": "Feature",
      "geometry": {
        "type": "Point",
        "coordinates": [
          106.02581,
          -2.28921
        ]
      },
      "properties": {
        "acq_date": "2026-07-17",
        "acq_time": "0705",
        "satellite": "N",
        "confidence": "high",
        "brightness": 367,
        "frp": 17.19,
        "daynight": "D"
      }
    },
    {
      "type": "Feature",
      "geometry": {
        "type": "Point",
        "coordinates": [
          110.61458,
          -1.90851
        ]
      },
      "properties": {
        "acq_date": "2026-07-17",
        "acq_time": "0705",
        "satellite": "N",
        "confidence": "high",
        "brightness": 367,
        "frp": 30.18,
        "daynight": "D"
      }
    },
    {
      "type": "Feature",
      "geometry": {
        "type": "Point",
        "coordinates": [
          110.61388,
          -1.90732
        ]
      },
      "properties": {
        "acq_date": "2026-07-17",
        "acq_time": "0705",
        "satellite": "N",
        "confidence": "high",
        "brightness": 367,
        "frp": 16.76,
        "daynight": "D"
      }
    },
    {
      "type": "Feature",
      "geometry": {
        "type": "Point",
        "coordinates": [
          105.62701,
          -1.90056
        ]
      },
      "properties": {
        "acq_date": "2026-07-17",
        "acq_time": "0705",
        "satellite": "N",
        "confidence": "high",
        "brightness": 367,
        "frp": 24.9,
        "daynight": "D"
      }
    },
    {
      "type": "Feature",
      "geometry": {
        "type": "Point",
        "coordinates": [
          105.59717,
          -1.89853
        ]
      },
      "properties": {
        "acq_date": "2026-07-17",
        "acq_time": "0705",
        "satellite": "N",
        "confidence": "high",
        "brightness": 367,
        "frp": 37.84,
        "daynight": "D"
      }
    },
    {
      "type": "Feature",
      "geometry": {
        "type": "Point",
        "coordinates": [
          105.59663,
          -1.87938
        ]
      },
      "properties": {
        "acq_date": "2026-07-17",
        "acq_time": "0705",
        "satellite": "N",
        "confidence": "high",
        "brightness": 367,
        "frp": 22.19,
        "daynight": "D"
      }
    },
    {
      "type": "Feature",
      "geometry": {
        "type": "Point",
        "coordinates": [
          105.70416,
          -1.85189
        ]
      },
      "properties": {
        "acq_date": "2026-07-17",
        "acq_time": "0705",
        "satellite": "N",
        "confidence": "high",
        "brightness": 367,
        "frp": 11.96,
        "daynight": "D"
      }
    },
    {
      "type": "Feature",
      "geometry": {
        "type": "Point",
        "coordinates": [
          110.48215,
          -1.80362
        ]
      },
      "properties": {
        "acq_date": "2026-07-17",
        "acq_time": "0705",
        "satellite": "N",
        "confidence": "high",
        "brightness": 367,
        "frp": 14.56,
        "daynight": "D"
      }
    },
    {
      "type": "Feature",
      "geometry": {
        "type": "Point",
        "coordinates": [
          110.54583,
          -1.30677
        ]
      },
      "properties": {
        "acq_date": "2026-07-17",
        "acq_time": "0705",
        "satellite": "N",
        "confidence": "high",
        "brightness": 367,
        "frp": 40.45,
        "daynight": "D"
      }
    },
    {
      "type": "Feature",
      "geometry": {
        "type": "Point",
        "coordinates": [
          141.35562,
          -8.50512
        ]
      },
      "properties": {
        "acq_date": "2026-07-22",
        "acq_time": "0349",
        "satellite": "N",
        "confidence": "high",
        "brightness": 367,
        "frp": 13.58,
        "daynight": "D"
      }
    },
    {
      "type": "Feature",
      "geometry": {
        "type": "Point",
        "coordinates": [
          138.77267,
          -7.75272
        ]
      },
      "properties": {
        "acq_date": "2026-07-22",
        "acq_time": "0349",
        "satellite": "N",
        "confidence": "high",
        "brightness": 367,
        "frp": 20.89,
        "daynight": "D"
      }
    },
    {
      "type": "Feature",
      "geometry": {
        "type": "Point",
        "coordinates": [
          141.49625,
          -7.7002
        ]
      },
      "properties": {
        "acq_date": "2026-07-22",
        "acq_time": "0349",
        "satellite": "N",
        "confidence": "high",
        "brightness": 367,
        "frp": 15.71,
        "daynight": "D"
      }
    },
    {
      "type": "Feature",
      "geometry": {
        "type": "Point",
        "coordinates": [
          139.26022,
          -7.48072
        ]
      },
      "properties": {
        "acq_date": "2026-07-22",
        "acq_time": "0349",
        "satellite": "N",
        "confidence": "high",
        "brightness": 367,
        "frp": 5.24,
        "daynight": "D"
      }
    },
    {
      "type": "Feature",
      "geometry": {
        "type": "Point",
        "coordinates": [
          139.24341,
          -7.46057
        ]
      },
      "properties": {
        "acq_date": "2026-07-22",
        "acq_time": "0349",
        "satellite": "N",
        "confidence": "high",
        "brightness": 367,
        "frp": 3.63,
        "daynight": "D"
      }
    },
    {
      "type": "Feature",
      "geometry": {
        "type": "Point",
        "coordinates": [
          139.24197,
          -7.45028
        ]
      },
      "properties": {
        "acq_date": "2026-07-22",
        "acq_time": "0349",
        "satellite": "N",
        "confidence": "high",
        "brightness": 367,
        "frp": 23.39,
        "daynight": "D"
      }
    },
    {
      "type": "Feature",
      "geometry": {
        "type": "Point",
        "coordinates": [
          138.61549,
          -7.41326
        ]
      },
      "properties": {
        "acq_date": "2026-07-22",
        "acq_time": "0349",
        "satellite": "N",
        "confidence": "high",
        "brightness": 367,
        "frp": 8.03,
        "daynight": "D"
      }
    },
    {
      "type": "Feature",
      "geometry": {
        "type": "Point",
        "coordinates": [
          138.99481,
          -6.66347
        ]
      },
      "properties": {
        "acq_date": "2026-07-22",
        "acq_time": "0349",
        "satellite": "N",
        "confidence": "high",
        "brightness": 367,
        "frp": 10.26,
        "daynight": "D"
      }
    },
    {
      "type": "Feature",
      "geometry": {
        "type": "Point",
        "coordinates": [
          138.99619,
          -6.66246
        ]
      },
      "properties": {
        "acq_date": "2026-07-22",
        "acq_time": "0349",
        "satellite": "N",
        "confidence": "high",
        "brightness": 367,
        "frp": 9.69,
        "daynight": "D"
      }
    },
    {
      "type": "Feature",
      "geometry": {
        "type": "Point",
        "coordinates": [
          139.01186,
          -6.65064
        ]
      },
      "properties": {
        "acq_date": "2026-07-22",
        "acq_time": "0349",
        "satellite": "N",
        "confidence": "high",
        "brightness": 367,
        "frp": 11.97,
        "daynight": "D"
      }
    },
    {
      "type": "Feature",
      "geometry": {
        "type": "Point",
        "coordinates": [
          139.01015,
          -6.64993
        ]
      },
      "properties": {
        "acq_date": "2026-07-22",
        "acq_time": "0349",
        "satellite": "N",
        "confidence": "high",
        "brightness": 367,
        "frp": 5.74,
        "daynight": "D"
      }
    },
    {
      "type": "Feature",
      "geometry": {
        "type": "Point",
        "coordinates": [
          138.85934,
          -6.58624
        ]
      },
      "properties": {
        "acq_date": "2026-07-22",
        "acq_time": "0349",
        "satellite": "N",
        "confidence": "high",
        "brightness": 367,
        "frp": 9.62,
        "daynight": "D"
      }
    },
    {
      "type": "Feature",
      "geometry": {
        "type": "Point",
        "coordinates": [
          139.15141,
          -6.50715
        ]
      },
      "properties": {
        "acq_date": "2026-07-22",
        "acq_time": "0349",
        "satellite": "N",
        "confidence": "high",
        "brightness": 367,
        "frp": 7.81,
        "daynight": "D"
      }
    },
    {
      "type": "Feature",
      "geometry": {
        "type": "Point",
        "coordinates": [
          139.15443,
          -6.50672
        ]
      },
      "properties": {
        "acq_date": "2026-07-22",
        "acq_time": "0349",
        "satellite": "N",
        "confidence": "high",
        "brightness": 367,
        "frp": 7.81,
        "daynight": "D"
      }
    },
    {
      "type": "Feature",
      "geometry": {
        "type": "Point",
        "coordinates": [
          139.27609,
          -6.40703
        ]
      },
      "properties": {
        "acq_date": "2026-07-22",
        "acq_time": "0349",
        "satellite": "N",
        "confidence": "high",
        "brightness": 367,
        "frp": 8.15,
        "daynight": "D"
      }
    },
    {
      "type": "Feature",
      "geometry": {
        "type": "Point",
        "coordinates": [
          136.98746,
          -3.82764
        ]
      },
      "properties": {
        "acq_date": "2026-07-22",
        "acq_time": "0349",
        "satellite": "N",
        "confidence": "high",
        "brightness": 367,
        "frp": 43.9,
        "daynight": "D"
      }
    },
    {
      "type": "Feature",
      "geometry": {
        "type": "Point",
        "coordinates": [
          111.71348,
          -7.35916
        ]
      },
      "properties": {
        "acq_date": "2026-07-22",
        "acq_time": "0529",
        "satellite": "N",
        "confidence": "high",
        "brightness": 367,
        "frp": 10.01,
        "daynight": "D"
      }
    },
    {
      "type": "Feature",
      "geometry": {
        "type": "Point",
        "coordinates": [
          110.82469,
          -7.22267
        ]
      },
      "properties": {
        "acq_date": "2026-07-22",
        "acq_time": "0531",
        "satellite": "N",
        "confidence": "high",
        "brightness": 367,
        "frp": 6.58,
        "daynight": "D"
      }
    },
    {
      "type": "Feature",
      "geometry": {
        "type": "Point",
        "coordinates": [
          111.78407,
          -6.91395
        ]
      },
      "properties": {
        "acq_date": "2026-07-22",
        "acq_time": "0531",
        "satellite": "N",
        "confidence": "high",
        "brightness": 367,
        "frp": 10.5,
        "daynight": "D"
      }
    },
    {
      "type": "Feature",
      "geometry": {
        "type": "Point",
        "coordinates": [
          130.43399,
          -3.13012
        ]
      },
      "properties": {
        "acq_date": "2026-07-22",
        "acq_time": "0531",
        "satellite": "N",
        "confidence": "high",
        "brightness": 367,
        "frp": 8.03,
        "daynight": "D"
      }
    },
    {
      "type": "Feature",
      "geometry": {
        "type": "Point",
        "coordinates": [
          112.59373,
          -3.1239
        ]
      },
      "properties": {
        "acq_date": "2026-07-22",
        "acq_time": "0531",
        "satellite": "N",
        "confidence": "high",
        "brightness": 367,
        "frp": 10.02,
        "daynight": "D"
      }
    },
    {
      "type": "Feature",
      "geometry": {
        "type": "Point",
        "coordinates": [
          112.59691,
          -3.12343
        ]
      },
      "properties": {
        "acq_date": "2026-07-22",
        "acq_time": "0531",
        "satellite": "N",
        "confidence": "high",
        "brightness": 367,
        "frp": 10.02,
        "daynight": "D"
      }
    },
    {
      "type": "Feature",
      "geometry": {
        "type": "Point",
        "coordinates": [
          130.36693,
          -3.06689
        ]
      },
      "properties": {
        "acq_date": "2026-07-22",
        "acq_time": "0531",
        "satellite": "N",
        "confidence": "high",
        "brightness": 367,
        "frp": 8.4,
        "daynight": "D"
      }
    },
    {
      "type": "Feature",
      "geometry": {
        "type": "Point",
        "coordinates": [
          111.25732,
          -2.89186
        ]
      },
      "properties": {
        "acq_date": "2026-07-22",
        "acq_time": "0531",
        "satellite": "N",
        "confidence": "high",
        "brightness": 367,
        "frp": 6.52,
        "daynight": "D"
      }
    },
    {
      "type": "Feature",
      "geometry": {
        "type": "Point",
        "coordinates": [
          111.24397,
          -2.88214
        ]
      },
      "properties": {
        "acq_date": "2026-07-22",
        "acq_time": "0531",
        "satellite": "N",
        "confidence": "high",
        "brightness": 367,
        "frp": 39.61,
        "daynight": "D"
      }
    },
    {
      "type": "Feature",
      "geometry": {
        "type": "Point",
        "coordinates": [
          110.99725,
          -2.724
        ]
      },
      "properties": {
        "acq_date": "2026-07-22",
        "acq_time": "0531",
        "satellite": "N",
        "confidence": "high",
        "brightness": 367,
        "frp": 14.87,
        "daynight": "D"
      }
    },
    {
      "type": "Feature",
      "geometry": {
        "type": "Point",
        "coordinates": [
          111.00137,
          -2.72338
        ]
      },
      "properties": {
        "acq_date": "2026-07-22",
        "acq_time": "0531",
        "satellite": "N",
        "confidence": "high",
        "brightness": 367,
        "frp": 12.16,
        "daynight": "D"
      }
    },
    {
      "type": "Feature",
      "geometry": {
        "type": "Point",
        "coordinates": [
          111.0007,
          -2.72323
        ]
      },
      "properties": {
        "acq_date": "2026-07-22",
        "acq_time": "0531",
        "satellite": "N",
        "confidence": "high",
        "brightness": 367,
        "frp": 13.09,
        "daynight": "D"
      }
    },
    {
      "type": "Feature",
      "geometry": {
        "type": "Point",
        "coordinates": [
          111.2563,
          -2.01081
        ]
      },
      "properties": {
        "acq_date": "2026-07-22",
        "acq_time": "0531",
        "satellite": "N",
        "confidence": "high",
        "brightness": 367,
        "frp": 10.09,
        "daynight": "D"
      }
    },
    {
      "type": "Feature",
      "geometry": {
        "type": "Point",
        "coordinates": [
          110.70468,
          -1.84507
        ]
      },
      "properties": {
        "acq_date": "2026-07-22",
        "acq_time": "0531",
        "satellite": "N",
        "confidence": "high",
        "brightness": 367,
        "frp": 30.57,
        "daynight": "D"
      }
    },
    {
      "type": "Feature",
      "geometry": {
        "type": "Point",
        "coordinates": [
          110.56532,
          -1.26946
        ]
      },
      "properties": {
        "acq_date": "2026-07-22",
        "acq_time": "0531",
        "satellite": "N",
        "confidence": "high",
        "brightness": 367,
        "frp": 16.29,
        "daynight": "D"
      }
    },
    {
      "type": "Feature",
      "geometry": {
        "type": "Point",
        "coordinates": [
          110.40838,
          -1.08662
        ]
      },
      "properties": {
        "acq_date": "2026-07-22",
        "acq_time": "0531",
        "satellite": "N",
        "confidence": "high",
        "brightness": 367,
        "frp": 13.56,
        "daynight": "D"
      }
    },
    {
      "type": "Feature",
      "geometry": {
        "type": "Point",
        "coordinates": [
          110.40804,
          -0.71968
        ]
      },
      "properties": {
        "acq_date": "2026-07-22",
        "acq_time": "0531",
        "satellite": "N",
        "confidence": "high",
        "brightness": 367,
        "frp": 11.32,
        "daynight": "D"
      }
    },
    {
      "type": "Feature",
      "geometry": {
        "type": "Point",
        "coordinates": [
          110.31815,
          -0.26667
        ]
      },
      "properties": {
        "acq_date": "2026-07-22",
        "acq_time": "0531",
        "satellite": "N",
        "confidence": "high",
        "brightness": 367,
        "frp": 74.24,
        "daynight": "D"
      }
    },
    {
      "type": "Feature",
      "geometry": {
        "type": "Point",
        "coordinates": [
          110.3215,
          -0.26015
        ]
      },
      "properties": {
        "acq_date": "2026-07-22",
        "acq_time": "0531",
        "satellite": "N",
        "confidence": "high",
        "brightness": 367,
        "frp": 164.06,
        "daynight": "D"
      }
    },
    {
      "type": "Feature",
      "geometry": {
        "type": "Point",
        "coordinates": [
          110.42245,
          0.06935
        ]
      },
      "properties": {
        "acq_date": "2026-07-22",
        "acq_time": "0531",
        "satellite": "N",
        "confidence": "high",
        "brightness": 367,
        "frp": 16.22,
        "daynight": "D"
      }
    },
    {
      "type": "Feature",
      "geometry": {
        "type": "Point",
        "coordinates": [
          111.99326,
          0.07851
        ]
      },
      "properties": {
        "acq_date": "2026-07-22",
        "acq_time": "0531",
        "satellite": "N",
        "confidence": "high",
        "brightness": 367,
        "frp": 7.33,
        "daynight": "D"
      }
    },
    {
      "type": "Feature",
      "geometry": {
        "type": "Point",
        "coordinates": [
          112.2927,
          0.24131
        ]
      },
      "properties": {
        "acq_date": "2026-07-22",
        "acq_time": "0531",
        "satellite": "N",
        "confidence": "high",
        "brightness": 367,
        "frp": 10.02,
        "daynight": "D"
      }
    },
    {
      "type": "Feature",
      "geometry": {
        "type": "Point",
        "coordinates": [
          110.32192,
          0.42111
        ]
      },
      "properties": {
        "acq_date": "2026-07-22",
        "acq_time": "0533",
        "satellite": "N",
        "confidence": "high",
        "brightness": 367,
        "frp": 49.32,
        "daynight": "D"
      }
    },
    {
      "type": "Feature",
      "geometry": {
        "type": "Point",
        "coordinates": [
          110.32108,
          0.42692
        ]
      },
      "properties": {
        "acq_date": "2026-07-22",
        "acq_time": "0533",
        "satellite": "N",
        "confidence": "high",
        "brightness": 367,
        "frp": 49.32,
        "daynight": "D"
      }
    },
    {
      "type": "Feature",
      "geometry": {
        "type": "Point",
        "coordinates": [
          110.57374,
          0.49568
        ]
      },
      "properties": {
        "acq_date": "2026-07-22",
        "acq_time": "0533",
        "satellite": "N",
        "confidence": "high",
        "brightness": 367,
        "frp": 20.19,
        "daynight": "D"
      }
    },
    {
      "type": "Feature",
      "geometry": {
        "type": "Point",
        "coordinates": [
          110.57748,
          0.49625
        ]
      },
      "properties": {
        "acq_date": "2026-07-22",
        "acq_time": "0533",
        "satellite": "N",
        "confidence": "high",
        "brightness": 367,
        "frp": 35.57,
        "daynight": "D"
      }
    },
    {
      "type": "Feature",
      "geometry": {
        "type": "Point",
        "coordinates": [
          110.57668,
          0.49763
        ]
      },
      "properties": {
        "acq_date": "2026-07-22",
        "acq_time": "0533",
        "satellite": "N",
        "confidence": "high",
        "brightness": 367,
        "frp": 16.46,
        "daynight": "D"
      }
    },
    {
      "type": "Feature",
      "geometry": {
        "type": "Point",
        "coordinates": [
          109.88905,
          0.8428
        ]
      },
      "properties": {
        "acq_date": "2026-07-22",
        "acq_time": "0533",
        "satellite": "N",
        "confidence": "high",
        "brightness": 367,
        "frp": 124.67,
        "daynight": "D"
      }
    },
    {
      "type": "Feature",
      "geometry": {
        "type": "Point",
        "coordinates": [
          140.92679,
          -7.82853
        ]
      },
      "properties": {
        "acq_date": "2026-07-27",
        "acq_time": "0355",
        "satellite": "N",
        "confidence": "high",
        "brightness": 367,
        "frp": 6.4,
        "daynight": "D"
      }
    },
    {
      "type": "Feature",
      "geometry": {
        "type": "Point",
        "coordinates": [
          139.34137,
          -6.46404
        ]
      },
      "properties": {
        "acq_date": "2026-07-27",
        "acq_time": "0355",
        "satellite": "N",
        "confidence": "high",
        "brightness": 367,
        "frp": 11.35,
        "daynight": "D"
      }
    },
    {
      "type": "Feature",
      "geometry": {
        "type": "Point",
        "coordinates": [
          139.39151,
          -6.38209
        ]
      },
      "properties": {
        "acq_date": "2026-07-27",
        "acq_time": "0355",
        "satellite": "N",
        "confidence": "high",
        "brightness": 367,
        "frp": 14.89,
        "daynight": "D"
      }
    },
    {
      "type": "Feature",
      "geometry": {
        "type": "Point",
        "coordinates": [
          136.78403,
          -3.73883
        ]
      },
      "properties": {
        "acq_date": "2026-07-27",
        "acq_time": "0355",
        "satellite": "N",
        "confidence": "high",
        "brightness": 367,
        "frp": 15.37,
        "daynight": "D"
      }
    },
    {
      "type": "Feature",
      "geometry": {
        "type": "Point",
        "coordinates": [
          136.78275,
          -3.73375
        ]
      },
      "properties": {
        "acq_date": "2026-07-27",
        "acq_time": "0355",
        "satellite": "N",
        "confidence": "high",
        "brightness": 367,
        "frp": 12.69,
        "daynight": "D"
      }
    },
    {
      "type": "Feature",
      "geometry": {
        "type": "Point",
        "coordinates": [
          119.4137,
          -9.39088
        ]
      },
      "properties": {
        "acq_date": "2026-07-27",
        "acq_time": "0536",
        "satellite": "N",
        "confidence": "high",
        "brightness": 367,
        "frp": 11.47,
        "daynight": "D"
      }
    },
    {
      "type": "Feature",
      "geometry": {
        "type": "Point",
        "coordinates": [
          130.81937,
          -8.31035
        ]
      },
      "properties": {
        "acq_date": "2026-07-27",
        "acq_time": "0536",
        "satellite": "N",
        "confidence": "high",
        "brightness": 367,
        "frp": 13.2,
        "daynight": "D"
      }
    },
    {
      "type": "Feature",
      "geometry": {
        "type": "Point",
        "coordinates": [
          130.82307,
          -8.30968
        ]
      },
      "properties": {
        "acq_date": "2026-07-27",
        "acq_time": "0536",
        "satellite": "N",
        "confidence": "high",
        "brightness": 367,
        "frp": 13.2,
        "daynight": "D"
      }
    },
    {
      "type": "Feature",
      "geometry": {
        "type": "Point",
        "coordinates": [
          131.02002,
          -8.19248
        ]
      },
      "properties": {
        "acq_date": "2026-07-27",
        "acq_time": "0536",
        "satellite": "N",
        "confidence": "high",
        "brightness": 367,
        "frp": 8.15,
        "daynight": "D"
      }
    },
    {
      "type": "Feature",
      "geometry": {
        "type": "Point",
        "coordinates": [
          131.01912,
          -8.18998
        ]
      },
      "properties": {
        "acq_date": "2026-07-27",
        "acq_time": "0536",
        "satellite": "N",
        "confidence": "high",
        "brightness": 367,
        "frp": 13.17,
        "daynight": "D"
      }
    },
    {
      "type": "Feature",
      "geometry": {
        "type": "Point",
        "coordinates": [
          110.97614,
          -3.04658
        ]
      },
      "properties": {
        "acq_date": "2026-07-27",
        "acq_time": "0538",
        "satellite": "N",
        "confidence": "high",
        "brightness": 367,
        "frp": 12.07,
        "daynight": "D"
      }
    },
    {
      "type": "Feature",
      "geometry": {
        "type": "Point",
        "coordinates": [
          110.27288,
          -2.28137
        ]
      },
      "properties": {
        "acq_date": "2026-07-27",
        "acq_time": "0538",
        "satellite": "N",
        "confidence": "high",
        "brightness": 367,
        "frp": 30.2,
        "daynight": "D"
      }
    },
    {
      "type": "Feature",
      "geometry": {
        "type": "Point",
        "coordinates": [
          127.63747,
          1.4965
        ]
      },
      "properties": {
        "acq_date": "2026-07-27",
        "acq_time": "0540",
        "satellite": "N",
        "confidence": "high",
        "brightness": 367,
        "frp": 9.14,
        "daynight": "D"
      }
    },
    {
      "type": "Feature",
      "geometry": {
        "type": "Point",
        "coordinates": [
          139.44714,
          -7.68278
        ]
      },
      "properties": {
        "acq_date": "2026-08-01",
        "acq_time": "0402",
        "satellite": "N",
        "confidence": "high",
        "brightness": 367,
        "frp": 17.87,
        "daynight": "D"
      }
    },
    {
      "type": "Feature",
      "geometry": {
        "type": "Point",
        "coordinates": [
          117.5815,
          -8.45568
        ]
      },
      "properties": {
        "acq_date": "2026-08-01",
        "acq_time": "0544",
        "satellite": "N",
        "confidence": "high",
        "brightness": 367,
        "frp": 11.3,
        "daynight": "D"
      }
    },
    {
      "type": "Feature",
      "geometry": {
        "type": "Point",
        "coordinates": [
          117.58527,
          -8.45513
        ]
      },
      "properties": {
        "acq_date": "2026-08-01",
        "acq_time": "0544",
        "satellite": "N",
        "confidence": "high",
        "brightness": 367,
        "frp": 11.3,
        "daynight": "D"
      }
    },
    {
      "type": "Feature",
      "geometry": {
        "type": "Point",
        "coordinates": [
          117.58099,
          -8.45224
        ]
      },
      "properties": {
        "acq_date": "2026-08-01",
        "acq_time": "0544",
        "satellite": "N",
        "confidence": "high",
        "brightness": 367,
        "frp": 11.3,
        "daynight": "D"
      }
    },
    {
      "type": "Feature",
      "geometry": {
        "type": "Point",
        "coordinates": [
          126.81473,
          -3.29367
        ]
      },
      "properties": {
        "acq_date": "2026-08-01",
        "acq_time": "0544",
        "satellite": "N",
        "confidence": "high",
        "brightness": 367,
        "frp": 28,
        "daynight": "D"
      }
    },
    {
      "type": "Feature",
      "geometry": {
        "type": "Point",
        "coordinates": [
          126.81458,
          -3.29026
        ]
      },
      "properties": {
        "acq_date": "2026-08-01",
        "acq_time": "0544",
        "satellite": "N",
        "confidence": "high",
        "brightness": 367,
        "frp": 28,
        "daynight": "D"
      }
    },
    {
      "type": "Feature",
      "geometry": {
        "type": "Point",
        "coordinates": [
          126.81734,
          -3.28979
        ]
      },
      "properties": {
        "acq_date": "2026-08-01",
        "acq_time": "0544",
        "satellite": "N",
        "confidence": "high",
        "brightness": 367,
        "frp": 35.97,
        "daynight": "D"
      }
    },
    {
      "type": "Feature",
      "geometry": {
        "type": "Point",
        "coordinates": [
          126.81345,
          -3.2886
        ]
      },
      "properties": {
        "acq_date": "2026-08-01",
        "acq_time": "0544",
        "satellite": "N",
        "confidence": "high",
        "brightness": 367,
        "frp": 28,
        "daynight": "D"
      }
    },
    {
      "type": "Feature",
      "geometry": {
        "type": "Point",
        "coordinates": [
          126.81622,
          -3.28815
        ]
      },
      "properties": {
        "acq_date": "2026-08-01",
        "acq_time": "0544",
        "satellite": "N",
        "confidence": "high",
        "brightness": 367,
        "frp": 42.41,
        "daynight": "D"
      }
    },
    {
      "type": "Feature",
      "geometry": {
        "type": "Point",
        "coordinates": [
          115.16601,
          -2.73915
        ]
      },
      "properties": {
        "acq_date": "2026-08-01",
        "acq_time": "0544",
        "satellite": "N",
        "confidence": "high",
        "brightness": 367,
        "frp": 15.69,
        "daynight": "D"
      }
    },
    {
      "type": "Feature",
      "geometry": {
        "type": "Point",
        "coordinates": [
          109.69887,
          -1.13524
        ]
      },
      "properties": {
        "acq_date": "2026-08-01",
        "acq_time": "0546",
        "satellite": "N",
        "confidence": "high",
        "brightness": 367,
        "frp": 16.97,
        "daynight": "D"
      }
    },
    {
      "type": "Feature",
      "geometry": {
        "type": "Point",
        "coordinates": [
          127.79491,
          1.17813
        ]
      },
      "properties": {
        "acq_date": "2026-08-01",
        "acq_time": "0546",
        "satellite": "N",
        "confidence": "high",
        "brightness": 367,
        "frp": 12.16,
        "daynight": "D"
      }
    },
    {
      "type": "Feature",
      "geometry": {
        "type": "Point",
        "coordinates": [
          104.33086,
          -5.56108
        ]
      },
      "properties": {
        "acq_date": "2026-08-01",
        "acq_time": "0726",
        "satellite": "N",
        "confidence": "high",
        "brightness": 367,
        "frp": 12.26,
        "daynight": "D"
      }
    },
    {
      "type": "Feature",
      "geometry": {
        "type": "Point",
        "coordinates": [
          102.15954,
          -3.42741
        ]
      },
      "properties": {
        "acq_date": "2026-08-01",
        "acq_time": "0726",
        "satellite": "N",
        "confidence": "high",
        "brightness": 367,
        "frp": 9.05,
        "daynight": "D"
      }
    },
    {
      "type": "Feature",
      "geometry": {
        "type": "Point",
        "coordinates": [
          103.73849,
          -3.21553
        ]
      },
      "properties": {
        "acq_date": "2026-08-01",
        "acq_time": "0726",
        "satellite": "N",
        "confidence": "high",
        "brightness": 367,
        "frp": 22.26,
        "daynight": "D"
      }
    },
    {
      "type": "Feature",
      "geometry": {
        "type": "Point",
        "coordinates": [
          103.73863,
          -3.21339
        ]
      },
      "properties": {
        "acq_date": "2026-08-01",
        "acq_time": "0726",
        "satellite": "N",
        "confidence": "high",
        "brightness": 367,
        "frp": 22.69,
        "daynight": "D"
      }
    },
    {
      "type": "Feature",
      "geometry": {
        "type": "Point",
        "coordinates": [
          103.69376,
          -3.01398
        ]
      },
      "properties": {
        "acq_date": "2026-08-01",
        "acq_time": "0726",
        "satellite": "N",
        "confidence": "high",
        "brightness": 367,
        "frp": 8.58,
        "daynight": "D"
      }
    },
    {
      "type": "Feature",
      "geometry": {
        "type": "Point",
        "coordinates": [
          103.6928,
          -3.01003
        ]
      },
      "properties": {
        "acq_date": "2026-08-01",
        "acq_time": "0726",
        "satellite": "N",
        "confidence": "high",
        "brightness": 367,
        "frp": 14.97,
        "daynight": "D"
      }
    },
    {
      "type": "Feature",
      "geometry": {
        "type": "Point",
        "coordinates": [
          110.14629,
          -1.8977
        ]
      },
      "properties": {
        "acq_date": "2026-08-01",
        "acq_time": "1828",
        "satellite": "N",
        "confidence": "high",
        "brightness": 367,
        "frp": 17.22,
        "daynight": "N"
      }
    },
    {
      "type": "Feature",
      "geometry": {
        "type": "Point",
        "coordinates": [
          110.14204,
          -1.89704
        ]
      },
      "properties": {
        "acq_date": "2026-08-01",
        "acq_time": "1828",
        "satellite": "N",
        "confidence": "high",
        "brightness": 367,
        "frp": 10.03,
        "daynight": "N"
      }
    },
    {
      "type": "Feature",
      "geometry": {
        "type": "Point",
        "coordinates": [
          110.14686,
          -1.89405
        ]
      },
      "properties": {
        "acq_date": "2026-08-01",
        "acq_time": "1828",
        "satellite": "N",
        "confidence": "high",
        "brightness": 367,
        "frp": 17.22,
        "daynight": "N"
      }
    },
    {
      "type": "Feature",
      "geometry": {
        "type": "Point",
        "coordinates": [
          110.92772,
          -8.08359
        ]
      },
      "properties": {
        "acq_date": "2026-07-12",
        "acq_time": "0536",
        "satellite": "N20",
        "confidence": "high",
        "brightness": 367,
        "frp": 12.22,
        "daynight": "D"
      }
    },
    {
      "type": "Feature",
      "geometry": {
        "type": "Point",
        "coordinates": [
          126.96428,
          -3.53363
        ]
      },
      "properties": {
        "acq_date": "2026-07-12",
        "acq_time": "0538",
        "satellite": "N20",
        "confidence": "high",
        "brightness": 367,
        "frp": 15,
        "daynight": "D"
      }
    },
    {
      "type": "Feature",
      "geometry": {
        "type": "Point",
        "coordinates": [
          105.2877,
          -2.75681
        ]
      },
      "properties": {
        "acq_date": "2026-07-12",
        "acq_time": "0538",
        "satellite": "N20",
        "confidence": "high",
        "brightness": 367,
        "frp": 19.98,
        "daynight": "D"
      }
    },
    {
      "type": "Feature",
      "geometry": {
        "type": "Point",
        "coordinates": [
          105.9129,
          -2.32526
        ]
      },
      "properties": {
        "acq_date": "2026-07-12",
        "acq_time": "0538",
        "satellite": "N20",
        "confidence": "high",
        "brightness": 367,
        "frp": 9.96,
        "daynight": "D"
      }
    },
    {
      "type": "Feature",
      "geometry": {
        "type": "Point",
        "coordinates": [
          109.6442,
          -1.2081
        ]
      },
      "properties": {
        "acq_date": "2026-07-12",
        "acq_time": "0538",
        "satellite": "N20",
        "confidence": "high",
        "brightness": 367,
        "frp": 6.24,
        "daynight": "D"
      }
    },
    {
      "type": "Feature",
      "geometry": {
        "type": "Point",
        "coordinates": [
          109.34682,
          -0.11691
        ]
      },
      "properties": {
        "acq_date": "2026-07-12",
        "acq_time": "0540",
        "satellite": "N20",
        "confidence": "high",
        "brightness": 367,
        "frp": 4.96,
        "daynight": "D"
      }
    },
    {
      "type": "Feature",
      "geometry": {
        "type": "Point",
        "coordinates": [
          102.75055,
          -2.66019
        ]
      },
      "properties": {
        "acq_date": "2026-07-12",
        "acq_time": "0720",
        "satellite": "N20",
        "confidence": "high",
        "brightness": 367,
        "frp": 9.74,
        "daynight": "D"
      }
    },
    {
      "type": "Feature",
      "geometry": {
        "type": "Point",
        "coordinates": [
          102.80076,
          -2.59695
        ]
      },
      "properties": {
        "acq_date": "2026-07-12",
        "acq_time": "0720",
        "satellite": "N20",
        "confidence": "high",
        "brightness": 367,
        "frp": 18.67,
        "daynight": "D"
      }
    },
    {
      "type": "Feature",
      "geometry": {
        "type": "Point",
        "coordinates": [
          102.79984,
          -2.5913
        ]
      },
      "properties": {
        "acq_date": "2026-07-12",
        "acq_time": "0720",
        "satellite": "N20",
        "confidence": "high",
        "brightness": 367,
        "frp": 24.74,
        "daynight": "D"
      }
    },
    {
      "type": "Feature",
      "geometry": {
        "type": "Point",
        "coordinates": [
          121.37434,
          -2.57811
        ]
      },
      "properties": {
        "acq_date": "2026-07-12",
        "acq_time": "1639",
        "satellite": "N20",
        "confidence": "high",
        "brightness": 367,
        "frp": 6.75,
        "daynight": "N"
      }
    },
    {
      "type": "Feature",
      "geometry": {
        "type": "Point",
        "coordinates": [
          115.57752,
          -2.16315
        ]
      },
      "properties": {
        "acq_date": "2026-07-12",
        "acq_time": "1819",
        "satellite": "N20",
        "confidence": "high",
        "brightness": 367,
        "frp": 6.58,
        "daynight": "N"
      }
    },
    {
      "type": "Feature",
      "geometry": {
        "type": "Point",
        "coordinates": [
          138.15317,
          -8.32335
        ]
      },
      "properties": {
        "acq_date": "2026-07-17",
        "acq_time": "0402",
        "satellite": "N20",
        "confidence": "high",
        "brightness": 367,
        "frp": 11.13,
        "daynight": "D"
      }
    },
    {
      "type": "Feature",
      "geometry": {
        "type": "Point",
        "coordinates": [
          134.15904,
          -6.39065
        ]
      },
      "properties": {
        "acq_date": "2026-07-17",
        "acq_time": "0402",
        "satellite": "N20",
        "confidence": "high",
        "brightness": 367,
        "frp": 9.32,
        "daynight": "D"
      }
    },
    {
      "type": "Feature",
      "geometry": {
        "type": "Point",
        "coordinates": [
          126.80149,
          -3.38609
        ]
      },
      "properties": {
        "acq_date": "2026-07-17",
        "acq_time": "0544",
        "satellite": "N20",
        "confidence": "high",
        "brightness": 367,
        "frp": 9.21,
        "daynight": "D"
      }
    },
    {
      "type": "Feature",
      "geometry": {
        "type": "Point",
        "coordinates": [
          99.26044,
          0.2194
        ]
      },
      "properties": {
        "acq_date": "2026-07-17",
        "acq_time": "0726",
        "satellite": "N20",
        "confidence": "high",
        "brightness": 367,
        "frp": 7.97,
        "daynight": "D"
      }
    },
    {
      "type": "Feature",
      "geometry": {
        "type": "Point",
        "coordinates": [
          140.05472,
          -7.91686
        ]
      },
      "properties": {
        "acq_date": "2026-07-17",
        "acq_time": "1645",
        "satellite": "N20",
        "confidence": "high",
        "brightness": 367,
        "frp": 6.53,
        "daynight": "N"
      }
    },
    {
      "type": "Feature",
      "geometry": {
        "type": "Point",
        "coordinates": [
          140.05328,
          -7.91326
        ]
      },
      "properties": {
        "acq_date": "2026-07-17",
        "acq_time": "1645",
        "satellite": "N20",
        "confidence": "high",
        "brightness": 367,
        "frp": 9.96,
        "daynight": "N"
      }
    },
    {
      "type": "Feature",
      "geometry": {
        "type": "Point",
        "coordinates": [
          130.26884,
          -9.81998
        ]
      },
      "properties": {
        "acq_date": "2026-07-22",
        "acq_time": "0408",
        "satellite": "N20",
        "confidence": "high",
        "brightness": 367,
        "frp": 22.53,
        "daynight": "D"
      }
    },
    {
      "type": "Feature",
      "geometry": {
        "type": "Point",
        "coordinates": [
          138.94157,
          -7.9023
        ]
      },
      "properties": {
        "acq_date": "2026-07-22",
        "acq_time": "0408",
        "satellite": "N20",
        "confidence": "high",
        "brightness": 367,
        "frp": 7.45,
        "daynight": "D"
      }
    },
    {
      "type": "Feature",
      "geometry": {
        "type": "Point",
        "coordinates": [
          141.43106,
          -7.70642
        ]
      },
      "properties": {
        "acq_date": "2026-07-22",
        "acq_time": "0408",
        "satellite": "N20",
        "confidence": "high",
        "brightness": 367,
        "frp": 8.48,
        "daynight": "D"
      }
    },
    {
      "type": "Feature",
      "geometry": {
        "type": "Point",
        "coordinates": [
          139.56036,
          -6.64607
        ]
      },
      "properties": {
        "acq_date": "2026-07-22",
        "acq_time": "0408",
        "satellite": "N20",
        "confidence": "high",
        "brightness": 367,
        "frp": 24.59,
        "daynight": "D"
      }
    },
    {
      "type": "Feature",
      "geometry": {
        "type": "Point",
        "coordinates": [
          130.27786,
          -9.82203
        ]
      },
      "properties": {
        "acq_date": "2026-07-22",
        "acq_time": "0548",
        "satellite": "N20",
        "confidence": "high",
        "brightness": 367,
        "frp": 29.76,
        "daynight": "D"
      }
    },
    {
      "type": "Feature",
      "geometry": {
        "type": "Point",
        "coordinates": [
          106.58473,
          -2.57346
        ]
      },
      "properties": {
        "acq_date": "2026-07-22",
        "acq_time": "0553",
        "satellite": "N20",
        "confidence": "high",
        "brightness": 367,
        "frp": 7.88,
        "daynight": "D"
      }
    },
    {
      "type": "Feature",
      "geometry": {
        "type": "Point",
        "coordinates": [
          95.71793,
          5.53682
        ]
      },
      "properties": {
        "acq_date": "2026-07-22",
        "acq_time": "0733",
        "satellite": "N20",
        "confidence": "high",
        "brightness": 367,
        "frp": 68.47,
        "daynight": "D"
      }
    },
    {
      "type": "Feature",
      "geometry": {
        "type": "Point",
        "coordinates": [
          114.11221,
          -2.34717
        ]
      },
      "properties": {
        "acq_date": "2026-07-22",
        "acq_time": "1834",
        "satellite": "N20",
        "confidence": "high",
        "brightness": 367,
        "frp": 6.68,
        "daynight": "N"
      }
    },
    {
      "type": "Feature",
      "geometry": {
        "type": "Point",
        "coordinates": [
          114.11287,
          -2.34631
        ]
      },
      "properties": {
        "acq_date": "2026-07-22",
        "acq_time": "1834",
        "satellite": "N20",
        "confidence": "high",
        "brightness": 367,
        "frp": 7.32,
        "daynight": "N"
      }
    },
    {
      "type": "Feature",
      "geometry": {
        "type": "Point",
        "coordinates": [
          130.83121,
          -8.31673
        ]
      },
      "properties": {
        "acq_date": "2026-07-27",
        "acq_time": "0414",
        "satellite": "N20",
        "confidence": "high",
        "brightness": 367,
        "frp": 15.32,
        "daynight": "D"
      }
    },
    {
      "type": "Feature",
      "geometry": {
        "type": "Point",
        "coordinates": [
          130.83112,
          -8.31355
        ]
      },
      "properties": {
        "acq_date": "2026-07-27",
        "acq_time": "0414",
        "satellite": "N20",
        "confidence": "high",
        "brightness": 367,
        "frp": 17.04,
        "daynight": "D"
      }
    },
    {
      "type": "Feature",
      "geometry": {
        "type": "Point",
        "coordinates": [
          129.61877,
          -7.90348
        ]
      },
      "properties": {
        "acq_date": "2026-07-27",
        "acq_time": "0414",
        "satellite": "N20",
        "confidence": "high",
        "brightness": 367,
        "frp": 10.8,
        "daynight": "D"
      }
    },
    {
      "type": "Feature",
      "geometry": {
        "type": "Point",
        "coordinates": [
          140.02927,
          -7.68313
        ]
      },
      "properties": {
        "acq_date": "2026-07-27",
        "acq_time": "0414",
        "satellite": "N20",
        "confidence": "high",
        "brightness": 367,
        "frp": 7.05,
        "daynight": "D"
      }
    },
    {
      "type": "Feature",
      "geometry": {
        "type": "Point",
        "coordinates": [
          130.46007,
          -3.13429
        ]
      },
      "properties": {
        "acq_date": "2026-07-27",
        "acq_time": "0417",
        "satellite": "N20",
        "confidence": "high",
        "brightness": 367,
        "frp": 5.81,
        "daynight": "D"
      }
    },
    {
      "type": "Feature",
      "geometry": {
        "type": "Point",
        "coordinates": [
          130.46146,
          -3.12888
        ]
      },
      "properties": {
        "acq_date": "2026-07-27",
        "acq_time": "0417",
        "satellite": "N20",
        "confidence": "high",
        "brightness": 367,
        "frp": 5.81,
        "daynight": "D"
      }
    },
    {
      "type": "Feature",
      "geometry": {
        "type": "Point",
        "coordinates": [
          123.51194,
          -8.273
        ]
      },
      "properties": {
        "acq_date": "2026-07-27",
        "acq_time": "0555",
        "satellite": "N20",
        "confidence": "high",
        "brightness": 367,
        "frp": 7.43,
        "daynight": "D"
      }
    },
    {
      "type": "Feature",
      "geometry": {
        "type": "Point",
        "coordinates": [
          102.22987,
          -2.44312
        ]
      },
      "properties": {
        "acq_date": "2026-07-27",
        "acq_time": "0557",
        "satellite": "N20",
        "confidence": "high",
        "brightness": 367,
        "frp": 35.04,
        "daynight": "D"
      }
    },
    {
      "type": "Feature",
      "geometry": {
        "type": "Point",
        "coordinates": [
          102.22809,
          -2.4425
        ]
      },
      "properties": {
        "acq_date": "2026-07-27",
        "acq_time": "0557",
        "satellite": "N20",
        "confidence": "high",
        "brightness": 367,
        "frp": 57.1,
        "daynight": "D"
      }
    },
    {
      "type": "Feature",
      "geometry": {
        "type": "Point",
        "coordinates": [
          121.55985,
          -1.08338
        ]
      },
      "properties": {
        "acq_date": "2026-07-27",
        "acq_time": "0557",
        "satellite": "N20",
        "confidence": "high",
        "brightness": 367,
        "frp": 9.92,
        "daynight": "D"
      }
    },
    {
      "type": "Feature",
      "geometry": {
        "type": "Point",
        "coordinates": [
          122.36602,
          -0.35319
        ]
      },
      "properties": {
        "acq_date": "2026-07-27",
        "acq_time": "0557",
        "satellite": "N20",
        "confidence": "high",
        "brightness": 367,
        "frp": 18.1,
        "daynight": "D"
      }
    },
    {
      "type": "Feature",
      "geometry": {
        "type": "Point",
        "coordinates": [
          137.87544,
          -8.28001
        ]
      },
      "properties": {
        "acq_date": "2026-08-01",
        "acq_time": "0419",
        "satellite": "N20",
        "confidence": "high",
        "brightness": 367,
        "frp": 11.86,
        "daynight": "D"
      }
    },
    {
      "type": "Feature",
      "geometry": {
        "type": "Point",
        "coordinates": [
          139.34782,
          -7.47148
        ]
      },
      "properties": {
        "acq_date": "2026-08-01",
        "acq_time": "0421",
        "satellite": "N20",
        "confidence": "high",
        "brightness": 367,
        "frp": 92.43,
        "daynight": "D"
      }
    },
    {
      "type": "Feature",
      "geometry": {
        "type": "Point",
        "coordinates": [
          126.71097,
          -3.52339
        ]
      },
      "properties": {
        "acq_date": "2026-08-01",
        "acq_time": "0421",
        "satellite": "N20",
        "confidence": "high",
        "brightness": 367,
        "frp": 19.41,
        "daynight": "D"
      }
    },
    {
      "type": "Feature",
      "geometry": {
        "type": "Point",
        "coordinates": [
          126.71066,
          -3.51926
        ]
      },
      "properties": {
        "acq_date": "2026-08-01",
        "acq_time": "0421",
        "satellite": "N20",
        "confidence": "high",
        "brightness": 367,
        "frp": 23.32,
        "daynight": "D"
      }
    },
    {
      "type": "Feature",
      "geometry": {
        "type": "Point",
        "coordinates": [
          126.71432,
          -3.51872
        ]
      },
      "properties": {
        "acq_date": "2026-08-01",
        "acq_time": "0421",
        "satellite": "N20",
        "confidence": "high",
        "brightness": 367,
        "frp": 21.22,
        "daynight": "D"
      }
    },
    {
      "type": "Feature",
      "geometry": {
        "type": "Point",
        "coordinates": [
          126.71415,
          -3.5169
        ]
      },
      "properties": {
        "acq_date": "2026-08-01",
        "acq_time": "0421",
        "satellite": "N20",
        "confidence": "high",
        "brightness": 367,
        "frp": 21.61,
        "daynight": "D"
      }
    },
    {
      "type": "Feature",
      "geometry": {
        "type": "Point",
        "coordinates": [
          126.8475,
          -3.48602
        ]
      },
      "properties": {
        "acq_date": "2026-08-01",
        "acq_time": "0421",
        "satellite": "N20",
        "confidence": "high",
        "brightness": 367,
        "frp": 6.39,
        "daynight": "D"
      }
    },
    {
      "type": "Feature",
      "geometry": {
        "type": "Point",
        "coordinates": [
          102.18707,
          -3.57627
        ]
      },
      "properties": {
        "acq_date": "2026-08-01",
        "acq_time": "0603",
        "satellite": "N20",
        "confidence": "high",
        "brightness": 367,
        "frp": 10.97,
        "daynight": "D"
      }
    },
    {
      "type": "Feature",
      "geometry": {
        "type": "Point",
        "coordinates": [
          101.82954,
          -3.10305
        ]
      },
      "properties": {
        "acq_date": "2026-08-01",
        "acq_time": "0603",
        "satellite": "N20",
        "confidence": "high",
        "brightness": 367,
        "frp": 25.53,
        "daynight": "D"
      }
    },
    {
      "type": "Feature",
      "geometry": {
        "type": "Point",
        "coordinates": [
          121.06824,
          -3.04701
        ]
      },
      "properties": {
        "acq_date": "2026-08-01",
        "acq_time": "0603",
        "satellite": "N20",
        "confidence": "high",
        "brightness": 367,
        "frp": 14.82,
        "daynight": "D"
      }
    },
    {
      "type": "Feature",
      "geometry": {
        "type": "Point",
        "coordinates": [
          121.06954,
          -3.04436
        ]
      },
      "properties": {
        "acq_date": "2026-08-01",
        "acq_time": "0603",
        "satellite": "N20",
        "confidence": "high",
        "brightness": 367,
        "frp": 7.81,
        "daynight": "D"
      }
    },
    {
      "type": "Feature",
      "geometry": {
        "type": "Point",
        "coordinates": [
          104.23716,
          -3.03826
        ]
      },
      "properties": {
        "acq_date": "2026-08-01",
        "acq_time": "0603",
        "satellite": "N20",
        "confidence": "high",
        "brightness": 367,
        "frp": 20.41,
        "daynight": "D"
      }
    },
    {
      "type": "Feature",
      "geometry": {
        "type": "Point",
        "coordinates": [
          121.37697,
          -2.5789
        ]
      },
      "properties": {
        "acq_date": "2026-08-01",
        "acq_time": "0603",
        "satellite": "N20",
        "confidence": "high",
        "brightness": 367,
        "frp": 28.06,
        "daynight": "D"
      }
    },
    {
      "type": "Feature",
      "geometry": {
        "type": "Point",
        "coordinates": [
          103.13985,
          -2.57614
        ]
      },
      "properties": {
        "acq_date": "2026-08-01",
        "acq_time": "0603",
        "satellite": "N20",
        "confidence": "high",
        "brightness": 367,
        "frp": 6.83,
        "daynight": "D"
      }
    },
    {
      "type": "Feature",
      "geometry": {
        "type": "Point",
        "coordinates": [
          103.13837,
          -2.57496
        ]
      },
      "properties": {
        "acq_date": "2026-08-01",
        "acq_time": "0603",
        "satellite": "N20",
        "confidence": "high",
        "brightness": 367,
        "frp": 8.96,
        "daynight": "D"
      }
    },
    {
      "type": "Feature",
      "geometry": {
        "type": "Point",
        "coordinates": [
          110.1478,
          -1.73517
        ]
      },
      "properties": {
        "acq_date": "2026-08-01",
        "acq_time": "0603",
        "satellite": "N20",
        "confidence": "high",
        "brightness": 367,
        "frp": 7.65,
        "daynight": "D"
      }
    },
    {
      "type": "Feature",
      "geometry": {
        "type": "Point",
        "coordinates": [
          121.55368,
          -1.0756
        ]
      },
      "properties": {
        "acq_date": "2026-08-01",
        "acq_time": "0603",
        "satellite": "N20",
        "confidence": "high",
        "brightness": 367,
        "frp": 11.24,
        "daynight": "D"
      }
    },
    {
      "type": "Feature",
      "geometry": {
        "type": "Point",
        "coordinates": [
          119.81743,
          -0.56759
        ]
      },
      "properties": {
        "acq_date": "2026-08-01",
        "acq_time": "0603",
        "satellite": "N20",
        "confidence": "high",
        "brightness": 367,
        "frp": 9.51,
        "daynight": "D"
      }
    },
    {
      "type": "Feature",
      "geometry": {
        "type": "Point",
        "coordinates": [
          119.81541,
          -0.56555
        ]
      },
      "properties": {
        "acq_date": "2026-08-01",
        "acq_time": "0603",
        "satellite": "N20",
        "confidence": "high",
        "brightness": 367,
        "frp": 10.85,
        "daynight": "D"
      }
    },
    {
      "type": "Feature",
      "geometry": {
        "type": "Point",
        "coordinates": [
          110.28443,
          0.29505
        ]
      },
      "properties": {
        "acq_date": "2026-08-01",
        "acq_time": "0603",
        "satellite": "N20",
        "confidence": "high",
        "brightness": 367,
        "frp": 187.47,
        "daynight": "D"
      }
    },
    {
      "type": "Feature",
      "geometry": {
        "type": "Point",
        "coordinates": [
          102.43073,
          -0.03602
        ]
      },
      "properties": {
        "acq_date": "2026-08-01",
        "acq_time": "0605",
        "satellite": "N20",
        "confidence": "high",
        "brightness": 367,
        "frp": 16.25,
        "daynight": "D"
      }
    },
    {
      "type": "Feature",
      "geometry": {
        "type": "Point",
        "coordinates": [
          135.09615,
          -3.47325
        ]
      },
      "properties": {
        "acq_date": "2026-08-01",
        "acq_time": "1705",
        "satellite": "N20",
        "confidence": "high",
        "brightness": 367,
        "frp": 10.82,
        "daynight": "N"
      }
    },
    {
      "type": "Feature",
      "geometry": {
        "type": "Point",
        "coordinates": [
          135.09659,
          -3.47321
        ]
      },
      "properties": {
        "acq_date": "2026-08-01",
        "acq_time": "1705",
        "satellite": "N20",
        "confidence": "high",
        "brightness": 367,
        "frp": 11.04,
        "daynight": "N"
      }
    },
    {
      "type": "Feature",
      "geometry": {
        "type": "Point",
        "coordinates": [
          114.33328,
          5.83173
        ]
      },
      "properties": {
        "acq_date": "2026-08-01",
        "acq_time": "1705",
        "satellite": "N20",
        "confidence": "high",
        "brightness": 367,
        "frp": 28.65,
        "daynight": "N"
      }
    },
    {
      "type": "Feature",
      "geometry": {
        "type": "Point",
        "coordinates": [
          114.3316,
          5.83222
        ]
      },
      "properties": {
        "acq_date": "2026-08-01",
        "acq_time": "1705",
        "satellite": "N20",
        "confidence": "high",
        "brightness": 367,
        "frp": 8.98,
        "daynight": "N"
      }
    },
    {
      "type": "Feature",
      "geometry": {
        "type": "Point",
        "coordinates": [
          112.98378,
          4.97933
        ]
      },
      "properties": {
        "acq_date": "2026-08-01",
        "acq_time": "1843",
        "satellite": "N20",
        "confidence": "high",
        "brightness": 367,
        "frp": 6.67,
        "daynight": "N"
      }
    },
    {
      "type": "Feature",
      "geometry": {
        "type": "Point",
        "coordinates": [
          114.33954,
          5.8253
        ]
      },
      "properties": {
        "acq_date": "2026-08-01",
        "acq_time": "1843",
        "satellite": "N20",
        "confidence": "high",
        "brightness": 367,
        "frp": 16.14,
        "daynight": "N"
      }
    },
    {
      "type": "Feature",
      "geometry": {
        "type": "Point",
        "coordinates": [
          114.33971,
          5.82667
        ]
      },
      "properties": {
        "acq_date": "2026-08-01",
        "acq_time": "1843",
        "satellite": "N20",
        "confidence": "high",
        "brightness": 367,
        "frp": 22.03,
        "daynight": "N"
      }
    },
    {
      "type": "Feature",
      "geometry": {
        "type": "Point",
        "coordinates": [
          110.14815,
          -1.90229
        ]
      },
      "properties": {
        "acq_date": "2026-08-01",
        "acq_time": "1845",
        "satellite": "N20",
        "confidence": "high",
        "brightness": 367,
        "frp": 17.61,
        "daynight": "N"
      }
    },
    {
      "type": "Feature",
      "geometry": {
        "type": "Point",
        "coordinates": [
          110.14451,
          -1.90173
        ]
      },
      "properties": {
        "acq_date": "2026-08-01",
        "acq_time": "1845",
        "satellite": "N20",
        "confidence": "high",
        "brightness": 367,
        "frp": 17.61,
        "daynight": "N"
      }
    },
    {
      "type": "Feature",
      "geometry": {
        "type": "Point",
        "coordinates": [
          110.14086,
          -1.90117
        ]
      },
      "properties": {
        "acq_date": "2026-08-01",
        "acq_time": "1845",
        "satellite": "N20",
        "confidence": "high",
        "brightness": 367,
        "frp": 11.78,
        "daynight": "N"
      }
    },
    {
      "type": "Feature",
      "geometry": {
        "type": "Point",
        "coordinates": [
          110.14533,
          -1.89619
        ]
      },
      "properties": {
        "acq_date": "2026-08-01",
        "acq_time": "1845",
        "satellite": "N20",
        "confidence": "high",
        "brightness": 367,
        "frp": 17.61,
        "daynight": "N"
      }
    },
    {
      "type": "Feature",
      "geometry": {
        "type": "Point",
        "coordinates": [
          110.1417,
          -1.89563
        ]
      },
      "properties": {
        "acq_date": "2026-08-01",
        "acq_time": "1845",
        "satellite": "N20",
        "confidence": "high",
        "brightness": 367,
        "frp": 11.78,
        "daynight": "N"
      }
    },
    {
      "type": "Feature",
      "geometry": {
        "type": "Point",
        "coordinates": [
          140.92493,
          -8.84525
        ]
      },
      "properties": {
        "acq_date": "2026-07-12",
        "acq_time": "0440",
        "satellite": "N21",
        "confidence": "high",
        "brightness": 367,
        "frp": 12.63,
        "daynight": "D"
      }
    },
    {
      "type": "Feature",
      "geometry": {
        "type": "Point",
        "coordinates": [
          120.86595,
          -8.68305
        ]
      },
      "properties": {
        "acq_date": "2026-07-12",
        "acq_time": "0442",
        "satellite": "N21",
        "confidence": "high",
        "brightness": 367,
        "frp": 16.05,
        "daynight": "D"
      }
    },
    {
      "type": "Feature",
      "geometry": {
        "type": "Point",
        "coordinates": [
          120.86604,
          -8.67671
        ]
      },
      "properties": {
        "acq_date": "2026-07-12",
        "acq_time": "0442",
        "satellite": "N21",
        "confidence": "high",
        "brightness": 367,
        "frp": 19.34,
        "daynight": "D"
      }
    },
    {
      "type": "Feature",
      "geometry": {
        "type": "Point",
        "coordinates": [
          122.1127,
          -8.54826
        ]
      },
      "properties": {
        "acq_date": "2026-07-12",
        "acq_time": "0442",
        "satellite": "N21",
        "confidence": "high",
        "brightness": 367,
        "frp": 14.2,
        "daynight": "D"
      }
    },
    {
      "type": "Feature",
      "geometry": {
        "type": "Point",
        "coordinates": [
          123.50263,
          -8.27402
        ]
      },
      "properties": {
        "acq_date": "2026-07-12",
        "acq_time": "0442",
        "satellite": "N21",
        "confidence": "high",
        "brightness": 367,
        "frp": 15.27,
        "daynight": "D"
      }
    },
    {
      "type": "Feature",
      "geometry": {
        "type": "Point",
        "coordinates": [
          140.76202,
          -8.1986
        ]
      },
      "properties": {
        "acq_date": "2026-07-12",
        "acq_time": "0442",
        "satellite": "N21",
        "confidence": "high",
        "brightness": 367,
        "frp": 6.92,
        "daynight": "D"
      }
    },
    {
      "type": "Feature",
      "geometry": {
        "type": "Point",
        "coordinates": [
          138.17804,
          -7.87426
        ]
      },
      "properties": {
        "acq_date": "2026-07-12",
        "acq_time": "0442",
        "satellite": "N21",
        "confidence": "high",
        "brightness": 367,
        "frp": 11.83,
        "daynight": "D"
      }
    },
    {
      "type": "Feature",
      "geometry": {
        "type": "Point",
        "coordinates": [
          138.85365,
          -7.84428
        ]
      },
      "properties": {
        "acq_date": "2026-07-12",
        "acq_time": "0442",
        "satellite": "N21",
        "confidence": "high",
        "brightness": 367,
        "frp": 16.17,
        "daynight": "D"
      }
    },
    {
      "type": "Feature",
      "geometry": {
        "type": "Point",
        "coordinates": [
          138.85426,
          -7.84136
        ]
      },
      "properties": {
        "acq_date": "2026-07-12",
        "acq_time": "0442",
        "satellite": "N21",
        "confidence": "high",
        "brightness": 367,
        "frp": 37.39,
        "daynight": "D"
      }
    },
    {
      "type": "Feature",
      "geometry": {
        "type": "Point",
        "coordinates": [
          121.96156,
          -4.56411
        ]
      },
      "properties": {
        "acq_date": "2026-07-12",
        "acq_time": "0444",
        "satellite": "N21",
        "confidence": "high",
        "brightness": 367,
        "frp": 15.43,
        "daynight": "D"
      }
    },
    {
      "type": "Feature",
      "geometry": {
        "type": "Point",
        "coordinates": [
          121.96037,
          -4.56325
        ]
      },
      "properties": {
        "acq_date": "2026-07-12",
        "acq_time": "0444",
        "satellite": "N21",
        "confidence": "high",
        "brightness": 367,
        "frp": 19.24,
        "daynight": "D"
      }
    },
    {
      "type": "Feature",
      "geometry": {
        "type": "Point",
        "coordinates": [
          117.50629,
          -8.44217
        ]
      },
      "properties": {
        "acq_date": "2026-07-12",
        "acq_time": "0622",
        "satellite": "N21",
        "confidence": "high",
        "brightness": 367,
        "frp": 18.49,
        "daynight": "D"
      }
    },
    {
      "type": "Feature",
      "geometry": {
        "type": "Point",
        "coordinates": [
          114.68475,
          -3.93707
        ]
      },
      "properties": {
        "acq_date": "2026-07-12",
        "acq_time": "0622",
        "satellite": "N21",
        "confidence": "high",
        "brightness": 367,
        "frp": 20.41,
        "daynight": "D"
      }
    },
    {
      "type": "Feature",
      "geometry": {
        "type": "Point",
        "coordinates": [
          114.68311,
          -3.93589
        ]
      },
      "properties": {
        "acq_date": "2026-07-12",
        "acq_time": "0622",
        "satellite": "N21",
        "confidence": "high",
        "brightness": 367,
        "frp": 14.17,
        "daynight": "D"
      }
    },
    {
      "type": "Feature",
      "geometry": {
        "type": "Point",
        "coordinates": [
          95.71401,
          5.36163
        ]
      },
      "properties": {
        "acq_date": "2026-07-12",
        "acq_time": "0627",
        "satellite": "N21",
        "confidence": "high",
        "brightness": 367,
        "frp": 12.46,
        "daynight": "D"
      }
    },
    {
      "type": "Feature",
      "geometry": {
        "type": "Point",
        "coordinates": [
          119.7873,
          -9.42121
        ]
      },
      "properties": {
        "acq_date": "2026-07-17",
        "acq_time": "0446",
        "satellite": "N21",
        "confidence": "high",
        "brightness": 367,
        "frp": 13.96,
        "daynight": "D"
      }
    },
    {
      "type": "Feature",
      "geometry": {
        "type": "Point",
        "coordinates": [
          138.98026,
          -4.1307
        ]
      },
      "properties": {
        "acq_date": "2026-07-17",
        "acq_time": "0446",
        "satellite": "N21",
        "confidence": "high",
        "brightness": 367,
        "frp": 14.79,
        "daynight": "D"
      }
    },
    {
      "type": "Feature",
      "geometry": {
        "type": "Point",
        "coordinates": [
          138.60394,
          -3.96778
        ]
      },
      "properties": {
        "acq_date": "2026-07-17",
        "acq_time": "0446",
        "satellite": "N21",
        "confidence": "high",
        "brightness": 367,
        "frp": 12.82,
        "daynight": "D"
      }
    },
    {
      "type": "Feature",
      "geometry": {
        "type": "Point",
        "coordinates": [
          138.60265,
          -3.96753
        ]
      },
      "properties": {
        "acq_date": "2026-07-17",
        "acq_time": "0446",
        "satellite": "N21",
        "confidence": "high",
        "brightness": 367,
        "frp": 14.34,
        "daynight": "D"
      }
    },
    {
      "type": "Feature",
      "geometry": {
        "type": "Point",
        "coordinates": [
          140.36652,
          -8.46005
        ]
      },
      "properties": {
        "acq_date": "2026-07-17",
        "acq_time": "0449",
        "satellite": "N21",
        "confidence": "high",
        "brightness": 367,
        "frp": 14.11,
        "daynight": "D"
      }
    },
    {
      "type": "Feature",
      "geometry": {
        "type": "Point",
        "coordinates": [
          140.59262,
          -8.29417
        ]
      },
      "properties": {
        "acq_date": "2026-07-17",
        "acq_time": "0449",
        "satellite": "N21",
        "confidence": "high",
        "brightness": 367,
        "frp": 19.54,
        "daynight": "D"
      }
    },
    {
      "type": "Feature",
      "geometry": {
        "type": "Point",
        "coordinates": [
          139.54785,
          -7.90944
        ]
      },
      "properties": {
        "acq_date": "2026-07-17",
        "acq_time": "0449",
        "satellite": "N21",
        "confidence": "high",
        "brightness": 367,
        "frp": 11.25,
        "daynight": "D"
      }
    },
    {
      "type": "Feature",
      "geometry": {
        "type": "Point",
        "coordinates": [
          139.54822,
          -7.9089
        ]
      },
      "properties": {
        "acq_date": "2026-07-17",
        "acq_time": "0449",
        "satellite": "N21",
        "confidence": "high",
        "brightness": 367,
        "frp": 15.32,
        "daynight": "D"
      }
    },
    {
      "type": "Feature",
      "geometry": {
        "type": "Point",
        "coordinates": [
          139.54408,
          -7.90424
        ]
      },
      "properties": {
        "acq_date": "2026-07-17",
        "acq_time": "0449",
        "satellite": "N21",
        "confidence": "high",
        "brightness": 367,
        "frp": 15.32,
        "daynight": "D"
      }
    },
    {
      "type": "Feature",
      "geometry": {
        "type": "Point",
        "coordinates": [
          138.8271,
          -7.83214
        ]
      },
      "properties": {
        "acq_date": "2026-07-17",
        "acq_time": "0449",
        "satellite": "N21",
        "confidence": "high",
        "brightness": 367,
        "frp": 12.52,
        "daynight": "D"
      }
    },
    {
      "type": "Feature",
      "geometry": {
        "type": "Point",
        "coordinates": [
          138.82997,
          -7.83163
        ]
      },
      "properties": {
        "acq_date": "2026-07-17",
        "acq_time": "0449",
        "satellite": "N21",
        "confidence": "high",
        "brightness": 367,
        "frp": 20.85,
        "daynight": "D"
      }
    },
    {
      "type": "Feature",
      "geometry": {
        "type": "Point",
        "coordinates": [
          138.82623,
          -7.82717
        ]
      },
      "properties": {
        "acq_date": "2026-07-17",
        "acq_time": "0449",
        "satellite": "N21",
        "confidence": "high",
        "brightness": 367,
        "frp": 12.52,
        "daynight": "D"
      }
    },
    {
      "type": "Feature",
      "geometry": {
        "type": "Point",
        "coordinates": [
          127.16737,
          -3.3559
        ]
      },
      "properties": {
        "acq_date": "2026-07-17",
        "acq_time": "0449",
        "satellite": "N21",
        "confidence": "high",
        "brightness": 367,
        "frp": 13.55,
        "daynight": "D"
      }
    },
    {
      "type": "Feature",
      "geometry": {
        "type": "Point",
        "coordinates": [
          120.9813,
          -2.45577
        ]
      },
      "properties": {
        "acq_date": "2026-07-17",
        "acq_time": "0449",
        "satellite": "N21",
        "confidence": "high",
        "brightness": 367,
        "frp": 11.05,
        "daynight": "D"
      }
    },
    {
      "type": "Feature",
      "geometry": {
        "type": "Point",
        "coordinates": [
          120.98402,
          -2.45535
        ]
      },
      "properties": {
        "acq_date": "2026-07-17",
        "acq_time": "0449",
        "satellite": "N21",
        "confidence": "high",
        "brightness": 367,
        "frp": 25.43,
        "daynight": "D"
      }
    },
    {
      "type": "Feature",
      "geometry": {
        "type": "Point",
        "coordinates": [
          120.98396,
          -2.45406
        ]
      },
      "properties": {
        "acq_date": "2026-07-17",
        "acq_time": "0449",
        "satellite": "N21",
        "confidence": "high",
        "brightness": 367,
        "frp": 17.94,
        "daynight": "D"
      }
    },
    {
      "type": "Feature",
      "geometry": {
        "type": "Point",
        "coordinates": [
          115.45811,
          -2.46456
        ]
      },
      "properties": {
        "acq_date": "2026-07-17",
        "acq_time": "0629",
        "satellite": "N21",
        "confidence": "high",
        "brightness": 367,
        "frp": 20.39,
        "daynight": "D"
      }
    },
    {
      "type": "Feature",
      "geometry": {
        "type": "Point",
        "coordinates": [
          115.46096,
          -2.46317
        ]
      },
      "properties": {
        "acq_date": "2026-07-17",
        "acq_time": "0629",
        "satellite": "N21",
        "confidence": "high",
        "brightness": 367,
        "frp": 25.2,
        "daynight": "D"
      }
    },
    {
      "type": "Feature",
      "geometry": {
        "type": "Point",
        "coordinates": [
          112.00092,
          -1.82551
        ]
      },
      "properties": {
        "acq_date": "2026-07-17",
        "acq_time": "0631",
        "satellite": "N21",
        "confidence": "high",
        "brightness": 367,
        "frp": 6.67,
        "daynight": "D"
      }
    },
    {
      "type": "Feature",
      "geometry": {
        "type": "Point",
        "coordinates": [
          110.17417,
          -1.72504
        ]
      },
      "properties": {
        "acq_date": "2026-07-17",
        "acq_time": "0631",
        "satellite": "N21",
        "confidence": "high",
        "brightness": 367,
        "frp": 20.85,
        "daynight": "D"
      }
    },
    {
      "type": "Feature",
      "geometry": {
        "type": "Point",
        "coordinates": [
          110.17473,
          -1.72491
        ]
      },
      "properties": {
        "acq_date": "2026-07-17",
        "acq_time": "0631",
        "satellite": "N21",
        "confidence": "high",
        "brightness": 367,
        "frp": 19.59,
        "daynight": "D"
      }
    },
    {
      "type": "Feature",
      "geometry": {
        "type": "Point",
        "coordinates": [
          112.63677,
          -1.65015
        ]
      },
      "properties": {
        "acq_date": "2026-07-17",
        "acq_time": "0631",
        "satellite": "N21",
        "confidence": "high",
        "brightness": 367,
        "frp": 9.78,
        "daynight": "D"
      }
    },
    {
      "type": "Feature",
      "geometry": {
        "type": "Point",
        "coordinates": [
          111.7858,
          -0.66791
        ]
      },
      "properties": {
        "acq_date": "2026-07-17",
        "acq_time": "0631",
        "satellite": "N21",
        "confidence": "high",
        "brightness": 367,
        "frp": 6.84,
        "daynight": "D"
      }
    },
    {
      "type": "Feature",
      "geometry": {
        "type": "Point",
        "coordinates": [
          111.96927,
          -0.23983
        ]
      },
      "properties": {
        "acq_date": "2026-07-17",
        "acq_time": "0631",
        "satellite": "N21",
        "confidence": "high",
        "brightness": 367,
        "frp": 13.38,
        "daynight": "D"
      }
    },
    {
      "type": "Feature",
      "geometry": {
        "type": "Point",
        "coordinates": [
          112.0985,
          -0.02292
        ]
      },
      "properties": {
        "acq_date": "2026-07-17",
        "acq_time": "0631",
        "satellite": "N21",
        "confidence": "high",
        "brightness": 367,
        "frp": 10.48,
        "daynight": "D"
      }
    },
    {
      "type": "Feature",
      "geometry": {
        "type": "Point",
        "coordinates": [
          112.09685,
          -0.02112
        ]
      },
      "properties": {
        "acq_date": "2026-07-17",
        "acq_time": "0631",
        "satellite": "N21",
        "confidence": "high",
        "brightness": 367,
        "frp": 10.82,
        "daynight": "D"
      }
    },
    {
      "type": "Feature",
      "geometry": {
        "type": "Point",
        "coordinates": [
          111.94023,
          0.09949
        ]
      },
      "properties": {
        "acq_date": "2026-07-17",
        "acq_time": "0631",
        "satellite": "N21",
        "confidence": "high",
        "brightness": 367,
        "frp": 8,
        "daynight": "D"
      }
    },
    {
      "type": "Feature",
      "geometry": {
        "type": "Point",
        "coordinates": [
          113.07484,
          3.27788
        ]
      },
      "properties": {
        "acq_date": "2026-07-17",
        "acq_time": "0631",
        "satellite": "N21",
        "confidence": "high",
        "brightness": 367,
        "frp": 11.39,
        "daynight": "D"
      }
    },
    {
      "type": "Feature",
      "geometry": {
        "type": "Point",
        "coordinates": [
          130.26526,
          -9.82304
        ]
      },
      "properties": {
        "acq_date": "2026-07-17",
        "acq_time": "1554",
        "satellite": "N21",
        "confidence": "high",
        "brightness": 367,
        "frp": 10.77,
        "daynight": "N"
      }
    },
    {
      "type": "Feature",
      "geometry": {
        "type": "Point",
        "coordinates": [
          141.35628,
          -8.50387
        ]
      },
      "properties": {
        "acq_date": "2026-07-22",
        "acq_time": "0313",
        "satellite": "N21",
        "confidence": "high",
        "brightness": 367,
        "frp": 15.88,
        "daynight": "D"
      }
    },
    {
      "type": "Feature",
      "geometry": {
        "type": "Point",
        "coordinates": [
          141.43315,
          -7.71346
        ]
      },
      "properties": {
        "acq_date": "2026-07-22",
        "acq_time": "0313",
        "satellite": "N21",
        "confidence": "high",
        "brightness": 367,
        "frp": 52.67,
        "daynight": "D"
      }
    },
    {
      "type": "Feature",
      "geometry": {
        "type": "Point",
        "coordinates": [
          141.41505,
          -7.60996
        ]
      },
      "properties": {
        "acq_date": "2026-07-22",
        "acq_time": "0313",
        "satellite": "N21",
        "confidence": "high",
        "brightness": 367,
        "frp": 28.53,
        "daynight": "D"
      }
    },
    {
      "type": "Feature",
      "geometry": {
        "type": "Point",
        "coordinates": [
          141.27301,
          -7.5366
        ]
      },
      "properties": {
        "acq_date": "2026-07-22",
        "acq_time": "0313",
        "satellite": "N21",
        "confidence": "high",
        "brightness": 367,
        "frp": 83.54,
        "daynight": "D"
      }
    },
    {
      "type": "Feature",
      "geometry": {
        "type": "Point",
        "coordinates": [
          141.47154,
          -7.48348
        ]
      },
      "properties": {
        "acq_date": "2026-07-22",
        "acq_time": "0313",
        "satellite": "N21",
        "confidence": "high",
        "brightness": 367,
        "frp": 36.72,
        "daynight": "D"
      }
    },
    {
      "type": "Feature",
      "geometry": {
        "type": "Point",
        "coordinates": [
          119.41888,
          -9.70906
        ]
      },
      "properties": {
        "acq_date": "2026-07-22",
        "acq_time": "0453",
        "satellite": "N21",
        "confidence": "high",
        "brightness": 367,
        "frp": 9.36,
        "daynight": "D"
      }
    },
    {
      "type": "Feature",
      "geometry": {
        "type": "Point",
        "coordinates": [
          119.83276,
          -9.50985
        ]
      },
      "properties": {
        "acq_date": "2026-07-22",
        "acq_time": "0453",
        "satellite": "N21",
        "confidence": "high",
        "brightness": 367,
        "frp": 21.21,
        "daynight": "D"
      }
    },
    {
      "type": "Feature",
      "geometry": {
        "type": "Point",
        "coordinates": [
          117.92737,
          -8.74214
        ]
      },
      "properties": {
        "acq_date": "2026-07-22",
        "acq_time": "0453",
        "satellite": "N21",
        "confidence": "high",
        "brightness": 367,
        "frp": 23.3,
        "daynight": "D"
      }
    },
    {
      "type": "Feature",
      "geometry": {
        "type": "Point",
        "coordinates": [
          117.92741,
          -8.74148
        ]
      },
      "properties": {
        "acq_date": "2026-07-22",
        "acq_time": "0453",
        "satellite": "N21",
        "confidence": "high",
        "brightness": 367,
        "frp": 31.1,
        "daynight": "D"
      }
    },
    {
      "type": "Feature",
      "geometry": {
        "type": "Point",
        "coordinates": [
          124.09365,
          -8.43161
        ]
      },
      "properties": {
        "acq_date": "2026-07-22",
        "acq_time": "0453",
        "satellite": "N21",
        "confidence": "high",
        "brightness": 367,
        "frp": 10.25,
        "daynight": "D"
      }
    },
    {
      "type": "Feature",
      "geometry": {
        "type": "Point",
        "coordinates": [
          139.27432,
          -8.13585
        ]
      },
      "properties": {
        "acq_date": "2026-07-22",
        "acq_time": "0453",
        "satellite": "N21",
        "confidence": "high",
        "brightness": 367,
        "frp": 12.21,
        "daynight": "D"
      }
    },
    {
      "type": "Feature",
      "geometry": {
        "type": "Point",
        "coordinates": [
          139.27823,
          -8.13513
        ]
      },
      "properties": {
        "acq_date": "2026-07-22",
        "acq_time": "0453",
        "satellite": "N21",
        "confidence": "high",
        "brightness": 367,
        "frp": 12.21,
        "daynight": "D"
      }
    },
    {
      "type": "Feature",
      "geometry": {
        "type": "Point",
        "coordinates": [
          138.78227,
          -8.10041
        ]
      },
      "properties": {
        "acq_date": "2026-07-22",
        "acq_time": "0453",
        "satellite": "N21",
        "confidence": "high",
        "brightness": 367,
        "frp": 16.86,
        "daynight": "D"
      }
    },
    {
      "type": "Feature",
      "geometry": {
        "type": "Point",
        "coordinates": [
          138.78461,
          -8.10016
        ]
      },
      "properties": {
        "acq_date": "2026-07-22",
        "acq_time": "0453",
        "satellite": "N21",
        "confidence": "high",
        "brightness": 367,
        "frp": 20.99,
        "daynight": "D"
      }
    },
    {
      "type": "Feature",
      "geometry": {
        "type": "Point",
        "coordinates": [
          138.78586,
          -8.09978
        ]
      },
      "properties": {
        "acq_date": "2026-07-22",
        "acq_time": "0453",
        "satellite": "N21",
        "confidence": "high",
        "brightness": 367,
        "frp": 19.77,
        "daynight": "D"
      }
    },
    {
      "type": "Feature",
      "geometry": {
        "type": "Point",
        "coordinates": [
          139.7045,
          -8.01523
        ]
      },
      "properties": {
        "acq_date": "2026-07-22",
        "acq_time": "0453",
        "satellite": "N21",
        "confidence": "high",
        "brightness": 367,
        "frp": 10.33,
        "daynight": "D"
      }
    },
    {
      "type": "Feature",
      "geometry": {
        "type": "Point",
        "coordinates": [
          138.78879,
          -7.95734
        ]
      },
      "properties": {
        "acq_date": "2026-07-22",
        "acq_time": "0453",
        "satellite": "N21",
        "confidence": "high",
        "brightness": 367,
        "frp": 44.44,
        "daynight": "D"
      }
    },
    {
      "type": "Feature",
      "geometry": {
        "type": "Point",
        "coordinates": [
          138.83047,
          -7.87636
        ]
      },
      "properties": {
        "acq_date": "2026-07-22",
        "acq_time": "0453",
        "satellite": "N21",
        "confidence": "high",
        "brightness": 367,
        "frp": 25.99,
        "daynight": "D"
      }
    },
    {
      "type": "Feature",
      "geometry": {
        "type": "Point",
        "coordinates": [
          138.83066,
          -7.87573
        ]
      },
      "properties": {
        "acq_date": "2026-07-22",
        "acq_time": "0453",
        "satellite": "N21",
        "confidence": "high",
        "brightness": 367,
        "frp": 13.78,
        "daynight": "D"
      }
    },
    {
      "type": "Feature",
      "geometry": {
        "type": "Point",
        "coordinates": [
          139.11943,
          -7.85785
        ]
      },
      "properties": {
        "acq_date": "2026-07-22",
        "acq_time": "0453",
        "satellite": "N21",
        "confidence": "high",
        "brightness": 367,
        "frp": 17.84,
        "daynight": "D"
      }
    },
    {
      "type": "Feature",
      "geometry": {
        "type": "Point",
        "coordinates": [
          139.08333,
          -7.79142
        ]
      },
      "properties": {
        "acq_date": "2026-07-22",
        "acq_time": "0453",
        "satellite": "N21",
        "confidence": "high",
        "brightness": 367,
        "frp": 17.61,
        "daynight": "D"
      }
    },
    {
      "type": "Feature",
      "geometry": {
        "type": "Point",
        "coordinates": [
          138.69638,
          -7.46859
        ]
      },
      "properties": {
        "acq_date": "2026-07-22",
        "acq_time": "0453",
        "satellite": "N21",
        "confidence": "high",
        "brightness": 367,
        "frp": 14.09,
        "daynight": "D"
      }
    },
    {
      "type": "Feature",
      "geometry": {
        "type": "Point",
        "coordinates": [
          138.69856,
          -7.46774
        ]
      },
      "properties": {
        "acq_date": "2026-07-22",
        "acq_time": "0453",
        "satellite": "N21",
        "confidence": "high",
        "brightness": 367,
        "frp": 10.88,
        "daynight": "D"
      }
    },
    {
      "type": "Feature",
      "geometry": {
        "type": "Point",
        "coordinates": [
          141.13313,
          -7.15327
        ]
      },
      "properties": {
        "acq_date": "2026-07-22",
        "acq_time": "0453",
        "satellite": "N21",
        "confidence": "high",
        "brightness": 367,
        "frp": 16.77,
        "daynight": "D"
      }
    },
    {
      "type": "Feature",
      "geometry": {
        "type": "Point",
        "coordinates": [
          139.57655,
          -6.64308
        ]
      },
      "properties": {
        "acq_date": "2026-07-22",
        "acq_time": "0453",
        "satellite": "N21",
        "confidence": "high",
        "brightness": 367,
        "frp": 15.68,
        "daynight": "D"
      }
    },
    {
      "type": "Feature",
      "geometry": {
        "type": "Point",
        "coordinates": [
          138.99442,
          -6.58653
        ]
      },
      "properties": {
        "acq_date": "2026-07-22",
        "acq_time": "0453",
        "satellite": "N21",
        "confidence": "high",
        "brightness": 367,
        "frp": 11.71,
        "daynight": "D"
      }
    },
    {
      "type": "Feature",
      "geometry": {
        "type": "Point",
        "coordinates": [
          139.34381,
          -6.58467
        ]
      },
      "properties": {
        "acq_date": "2026-07-22",
        "acq_time": "0453",
        "satellite": "N21",
        "confidence": "high",
        "brightness": 367,
        "frp": 26.6,
        "daynight": "D"
      }
    },
    {
      "type": "Feature",
      "geometry": {
        "type": "Point",
        "coordinates": [
          139.34598,
          -6.58354
        ]
      },
      "properties": {
        "acq_date": "2026-07-22",
        "acq_time": "0453",
        "satellite": "N21",
        "confidence": "high",
        "brightness": 367,
        "frp": 14.35,
        "daynight": "D"
      }
    },
    {
      "type": "Feature",
      "geometry": {
        "type": "Point",
        "coordinates": [
          138.86359,
          -6.58052
        ]
      },
      "properties": {
        "acq_date": "2026-07-22",
        "acq_time": "0453",
        "satellite": "N21",
        "confidence": "high",
        "brightness": 367,
        "frp": 10.92,
        "daynight": "D"
      }
    },
    {
      "type": "Feature",
      "geometry": {
        "type": "Point",
        "coordinates": [
          139.40724,
          -6.5252
        ]
      },
      "properties": {
        "acq_date": "2026-07-22",
        "acq_time": "0453",
        "satellite": "N21",
        "confidence": "high",
        "brightness": 367,
        "frp": 11.6,
        "daynight": "D"
      }
    },
    {
      "type": "Feature",
      "geometry": {
        "type": "Point",
        "coordinates": [
          141.0269,
          -8.38683
        ]
      },
      "properties": {
        "acq_date": "2026-07-22",
        "acq_time": "0455",
        "satellite": "N21",
        "confidence": "high",
        "brightness": 367,
        "frp": 34.24,
        "daynight": "D"
      }
    },
    {
      "type": "Feature",
      "geometry": {
        "type": "Point",
        "coordinates": [
          139.01578,
          -4.18867
        ]
      },
      "properties": {
        "acq_date": "2026-07-22",
        "acq_time": "0455",
        "satellite": "N21",
        "confidence": "high",
        "brightness": 367,
        "frp": 25.88,
        "daynight": "D"
      }
    },
    {
      "type": "Feature",
      "geometry": {
        "type": "Point",
        "coordinates": [
          139.01915,
          -4.18811
        ]
      },
      "properties": {
        "acq_date": "2026-07-22",
        "acq_time": "0455",
        "satellite": "N21",
        "confidence": "high",
        "brightness": 367,
        "frp": 25.88,
        "daynight": "D"
      }
    },
    {
      "type": "Feature",
      "geometry": {
        "type": "Point",
        "coordinates": [
          139.01442,
          -4.18613
        ]
      },
      "properties": {
        "acq_date": "2026-07-22",
        "acq_time": "0455",
        "satellite": "N21",
        "confidence": "high",
        "brightness": 367,
        "frp": 25.07,
        "daynight": "D"
      }
    },
    {
      "type": "Feature",
      "geometry": {
        "type": "Point",
        "coordinates": [
          136.49954,
          -3.97301
        ]
      },
      "properties": {
        "acq_date": "2026-07-22",
        "acq_time": "0455",
        "satellite": "N21",
        "confidence": "high",
        "brightness": 367,
        "frp": 8.99,
        "daynight": "D"
      }
    },
    {
      "type": "Feature",
      "geometry": {
        "type": "Point",
        "coordinates": [
          136.47028,
          -3.93211
        ]
      },
      "properties": {
        "acq_date": "2026-07-22",
        "acq_time": "0455",
        "satellite": "N21",
        "confidence": "high",
        "brightness": 367,
        "frp": 8.26,
        "daynight": "D"
      }
    },
    {
      "type": "Feature",
      "geometry": {
        "type": "Point",
        "coordinates": [
          111.85757,
          -7.41468
        ]
      },
      "properties": {
        "acq_date": "2026-07-22",
        "acq_time": "0635",
        "satellite": "N21",
        "confidence": "high",
        "brightness": 367,
        "frp": 5.24,
        "daynight": "D"
      }
    },
    {
      "type": "Feature",
      "geometry": {
        "type": "Point",
        "coordinates": [
          111.81162,
          -7.37122
        ]
      },
      "properties": {
        "acq_date": "2026-07-22",
        "acq_time": "0635",
        "satellite": "N21",
        "confidence": "high",
        "brightness": 367,
        "frp": 6.12,
        "daynight": "D"
      }
    },
    {
      "type": "Feature",
      "geometry": {
        "type": "Point",
        "coordinates": [
          112.58726,
          -3.11907
        ]
      },
      "properties": {
        "acq_date": "2026-07-22",
        "acq_time": "0635",
        "satellite": "N21",
        "confidence": "high",
        "brightness": 367,
        "frp": 16.87,
        "daynight": "D"
      }
    },
    {
      "type": "Feature",
      "geometry": {
        "type": "Point",
        "coordinates": [
          111.24504,
          -2.87343
        ]
      },
      "properties": {
        "acq_date": "2026-07-22",
        "acq_time": "0637",
        "satellite": "N21",
        "confidence": "high",
        "brightness": 367,
        "frp": 33.86,
        "daynight": "D"
      }
    },
    {
      "type": "Feature",
      "geometry": {
        "type": "Point",
        "coordinates": [
          111.24416,
          -2.86824
        ]
      },
      "properties": {
        "acq_date": "2026-07-22",
        "acq_time": "0637",
        "satellite": "N21",
        "confidence": "high",
        "brightness": 367,
        "frp": 41.56,
        "daynight": "D"
      }
    },
    {
      "type": "Feature",
      "geometry": {
        "type": "Point",
        "coordinates": [
          111.23389,
          -2.86459
        ]
      },
      "properties": {
        "acq_date": "2026-07-22",
        "acq_time": "0637",
        "satellite": "N21",
        "confidence": "high",
        "brightness": 367,
        "frp": 8.77,
        "daynight": "D"
      }
    },
    {
      "type": "Feature",
      "geometry": {
        "type": "Point",
        "coordinates": [
          111.23306,
          -2.85941
        ]
      },
      "properties": {
        "acq_date": "2026-07-22",
        "acq_time": "0637",
        "satellite": "N21",
        "confidence": "high",
        "brightness": 367,
        "frp": 44.86,
        "daynight": "D"
      }
    },
    {
      "type": "Feature",
      "geometry": {
        "type": "Point",
        "coordinates": [
          110.99772,
          -2.72413
        ]
      },
      "properties": {
        "acq_date": "2026-07-22",
        "acq_time": "0637",
        "satellite": "N21",
        "confidence": "high",
        "brightness": 367,
        "frp": 14.24,
        "daynight": "D"
      }
    },
    {
      "type": "Feature",
      "geometry": {
        "type": "Point",
        "coordinates": [
          112.71935,
          -2.62094
        ]
      },
      "properties": {
        "acq_date": "2026-07-22",
        "acq_time": "0637",
        "satellite": "N21",
        "confidence": "high",
        "brightness": 367,
        "frp": 11.31,
        "daynight": "D"
      }
    },
    {
      "type": "Feature",
      "geometry": {
        "type": "Point",
        "coordinates": [
          110.95441,
          -2.54976
        ]
      },
      "properties": {
        "acq_date": "2026-07-22",
        "acq_time": "0637",
        "satellite": "N21",
        "confidence": "high",
        "brightness": 367,
        "frp": 22.1,
        "daynight": "D"
      }
    },
    {
      "type": "Feature",
      "geometry": {
        "type": "Point",
        "coordinates": [
          111.25747,
          -2.00946
        ]
      },
      "properties": {
        "acq_date": "2026-07-22",
        "acq_time": "0637",
        "satellite": "N21",
        "confidence": "high",
        "brightness": 367,
        "frp": 14.75,
        "daynight": "D"
      }
    },
    {
      "type": "Feature",
      "geometry": {
        "type": "Point",
        "coordinates": [
          110.71095,
          -1.85
        ]
      },
      "properties": {
        "acq_date": "2026-07-22",
        "acq_time": "0637",
        "satellite": "N21",
        "confidence": "high",
        "brightness": 367,
        "frp": 7.26,
        "daynight": "D"
      }
    },
    {
      "type": "Feature",
      "geometry": {
        "type": "Point",
        "coordinates": [
          110.69857,
          -1.84679
        ]
      },
      "properties": {
        "acq_date": "2026-07-22",
        "acq_time": "0637",
        "satellite": "N21",
        "confidence": "high",
        "brightness": 367,
        "frp": 10.83,
        "daynight": "D"
      }
    },
    {
      "type": "Feature",
      "geometry": {
        "type": "Point",
        "coordinates": [
          111.99981,
          -1.82245
        ]
      },
      "properties": {
        "acq_date": "2026-07-22",
        "acq_time": "0637",
        "satellite": "N21",
        "confidence": "high",
        "brightness": 367,
        "frp": 13.77,
        "daynight": "D"
      }
    },
    {
      "type": "Feature",
      "geometry": {
        "type": "Point",
        "coordinates": [
          111.5293,
          -1.74502
        ]
      },
      "properties": {
        "acq_date": "2026-07-22",
        "acq_time": "0637",
        "satellite": "N21",
        "confidence": "high",
        "brightness": 367,
        "frp": 25.64,
        "daynight": "D"
      }
    },
    {
      "type": "Feature",
      "geometry": {
        "type": "Point",
        "coordinates": [
          111.53958,
          -1.74337
        ]
      },
      "properties": {
        "acq_date": "2026-07-22",
        "acq_time": "0637",
        "satellite": "N21",
        "confidence": "high",
        "brightness": 367,
        "frp": 14.73,
        "daynight": "D"
      }
    },
    {
      "type": "Feature",
      "geometry": {
        "type": "Point",
        "coordinates": [
          110.556,
          -0.66492
        ]
      },
      "properties": {
        "acq_date": "2026-07-22",
        "acq_time": "0637",
        "satellite": "N21",
        "confidence": "high",
        "brightness": 367,
        "frp": 22.85,
        "daynight": "D"
      }
    },
    {
      "type": "Feature",
      "geometry": {
        "type": "Point",
        "coordinates": [
          110.55718,
          -0.66199
        ]
      },
      "properties": {
        "acq_date": "2026-07-22",
        "acq_time": "0637",
        "satellite": "N21",
        "confidence": "high",
        "brightness": 367,
        "frp": 22.33,
        "daynight": "D"
      }
    },
    {
      "type": "Feature",
      "geometry": {
        "type": "Point",
        "coordinates": [
          110.47964,
          -0.61383
        ]
      },
      "properties": {
        "acq_date": "2026-07-22",
        "acq_time": "0637",
        "satellite": "N21",
        "confidence": "high",
        "brightness": 367,
        "frp": 8.92,
        "daynight": "D"
      }
    },
    {
      "type": "Feature",
      "geometry": {
        "type": "Point",
        "coordinates": [
          112.24655,
          -0.50334
        ]
      },
      "properties": {
        "acq_date": "2026-07-22",
        "acq_time": "0637",
        "satellite": "N21",
        "confidence": "high",
        "brightness": 367,
        "frp": 44.12,
        "daynight": "D"
      }
    },
    {
      "type": "Feature",
      "geometry": {
        "type": "Point",
        "coordinates": [
          111.59932,
          -0.46618
        ]
      },
      "properties": {
        "acq_date": "2026-07-22",
        "acq_time": "0637",
        "satellite": "N21",
        "confidence": "high",
        "brightness": 367,
        "frp": 39.66,
        "daynight": "D"
      }
    },
    {
      "type": "Feature",
      "geometry": {
        "type": "Point",
        "coordinates": [
          111.70857,
          -0.42073
        ]
      },
      "properties": {
        "acq_date": "2026-07-22",
        "acq_time": "0637",
        "satellite": "N21",
        "confidence": "high",
        "brightness": 367,
        "frp": 11.17,
        "daynight": "D"
      }
    },
    {
      "type": "Feature",
      "geometry": {
        "type": "Point",
        "coordinates": [
          110.84399,
          -0.37364
        ]
      },
      "properties": {
        "acq_date": "2026-07-22",
        "acq_time": "0637",
        "satellite": "N21",
        "confidence": "high",
        "brightness": 367,
        "frp": 10.54,
        "daynight": "D"
      }
    },
    {
      "type": "Feature",
      "geometry": {
        "type": "Point",
        "coordinates": [
          110.33157,
          -0.32404
        ]
      },
      "properties": {
        "acq_date": "2026-07-22",
        "acq_time": "0637",
        "satellite": "N21",
        "confidence": "high",
        "brightness": 367,
        "frp": 11.51,
        "daynight": "D"
      }
    },
    {
      "type": "Feature",
      "geometry": {
        "type": "Point",
        "coordinates": [
          110.36568,
          -0.32395
        ]
      },
      "properties": {
        "acq_date": "2026-07-22",
        "acq_time": "0637",
        "satellite": "N21",
        "confidence": "high",
        "brightness": 367,
        "frp": 6.9,
        "daynight": "D"
      }
    },
    {
      "type": "Feature",
      "geometry": {
        "type": "Point",
        "coordinates": [
          110.51754,
          -0.32146
        ]
      },
      "properties": {
        "acq_date": "2026-07-22",
        "acq_time": "0637",
        "satellite": "N21",
        "confidence": "high",
        "brightness": 367,
        "frp": 26,
        "daynight": "D"
      }
    },
    {
      "type": "Feature",
      "geometry": {
        "type": "Point",
        "coordinates": [
          110.32452,
          -0.31474
        ]
      },
      "properties": {
        "acq_date": "2026-07-22",
        "acq_time": "0637",
        "satellite": "N21",
        "confidence": "high",
        "brightness": 367,
        "frp": 40.51,
        "daynight": "D"
      }
    },
    {
      "type": "Feature",
      "geometry": {
        "type": "Point",
        "coordinates": [
          110.28926,
          -0.24368
        ]
      },
      "properties": {
        "acq_date": "2026-07-22",
        "acq_time": "0637",
        "satellite": "N21",
        "confidence": "high",
        "brightness": 367,
        "frp": 13.5,
        "daynight": "D"
      }
    },
    {
      "type": "Feature",
      "geometry": {
        "type": "Point",
        "coordinates": [
          110.85783,
          -0.12931
        ]
      },
      "properties": {
        "acq_date": "2026-07-22",
        "acq_time": "0637",
        "satellite": "N21",
        "confidence": "high",
        "brightness": 367,
        "frp": 38.17,
        "daynight": "D"
      }
    },
    {
      "type": "Feature",
      "geometry": {
        "type": "Point",
        "coordinates": [
          110.24727,
          0.00168
        ]
      },
      "properties": {
        "acq_date": "2026-07-22",
        "acq_time": "0637",
        "satellite": "N21",
        "confidence": "high",
        "brightness": 367,
        "frp": 61.84,
        "daynight": "D"
      }
    },
    {
      "type": "Feature",
      "geometry": {
        "type": "Point",
        "coordinates": [
          110.24654,
          0.00676
        ]
      },
      "properties": {
        "acq_date": "2026-07-22",
        "acq_time": "0637",
        "satellite": "N21",
        "confidence": "high",
        "brightness": 367,
        "frp": 61.84,
        "daynight": "D"
      }
    },
    {
      "type": "Feature",
      "geometry": {
        "type": "Point",
        "coordinates": [
          110.41409,
          0.06175
        ]
      },
      "properties": {
        "acq_date": "2026-07-22",
        "acq_time": "0637",
        "satellite": "N21",
        "confidence": "high",
        "brightness": 367,
        "frp": 9.02,
        "daynight": "D"
      }
    },
    {
      "type": "Feature",
      "geometry": {
        "type": "Point",
        "coordinates": [
          110.43657,
          0.0733
        ]
      },
      "properties": {
        "acq_date": "2026-07-22",
        "acq_time": "0637",
        "satellite": "N21",
        "confidence": "high",
        "brightness": 367,
        "frp": 8,
        "daynight": "D"
      }
    },
    {
      "type": "Feature",
      "geometry": {
        "type": "Point",
        "coordinates": [
          110.43701,
          0.07572
        ]
      },
      "properties": {
        "acq_date": "2026-07-22",
        "acq_time": "0637",
        "satellite": "N21",
        "confidence": "high",
        "brightness": 367,
        "frp": 9.2,
        "daynight": "D"
      }
    },
    {
      "type": "Feature",
      "geometry": {
        "type": "Point",
        "coordinates": [
          110.39573,
          0.10102
        ]
      },
      "properties": {
        "acq_date": "2026-07-22",
        "acq_time": "0637",
        "satellite": "N21",
        "confidence": "high",
        "brightness": 367,
        "frp": 13.81,
        "daynight": "D"
      }
    },
    {
      "type": "Feature",
      "geometry": {
        "type": "Point",
        "coordinates": [
          110.39496,
          0.10616
        ]
      },
      "properties": {
        "acq_date": "2026-07-22",
        "acq_time": "0637",
        "satellite": "N21",
        "confidence": "high",
        "brightness": 367,
        "frp": 13.81,
        "daynight": "D"
      }
    },
    {
      "type": "Feature",
      "geometry": {
        "type": "Point",
        "coordinates": [
          110.44204,
          0.16617
        ]
      },
      "properties": {
        "acq_date": "2026-07-22",
        "acq_time": "0637",
        "satellite": "N21",
        "confidence": "high",
        "brightness": 367,
        "frp": 14.29,
        "daynight": "D"
      }
    },
    {
      "type": "Feature",
      "geometry": {
        "type": "Point",
        "coordinates": [
          110.43204,
          0.16987
        ]
      },
      "properties": {
        "acq_date": "2026-07-22",
        "acq_time": "0637",
        "satellite": "N21",
        "confidence": "high",
        "brightness": 367,
        "frp": 17.13,
        "daynight": "D"
      }
    },
    {
      "type": "Feature",
      "geometry": {
        "type": "Point",
        "coordinates": [
          110.82095,
          0.17699
        ]
      },
      "properties": {
        "acq_date": "2026-07-22",
        "acq_time": "0637",
        "satellite": "N21",
        "confidence": "high",
        "brightness": 367,
        "frp": 13.57,
        "daynight": "D"
      }
    },
    {
      "type": "Feature",
      "geometry": {
        "type": "Point",
        "coordinates": [
          110.85051,
          0.18154
        ]
      },
      "properties": {
        "acq_date": "2026-07-22",
        "acq_time": "0637",
        "satellite": "N21",
        "confidence": "high",
        "brightness": 367,
        "frp": 10.28,
        "daynight": "D"
      }
    },
    {
      "type": "Feature",
      "geometry": {
        "type": "Point",
        "coordinates": [
          110.34817,
          0.19082
        ]
      },
      "properties": {
        "acq_date": "2026-07-22",
        "acq_time": "0637",
        "satellite": "N21",
        "confidence": "high",
        "brightness": 367,
        "frp": 63.74,
        "daynight": "D"
      }
    },
    {
      "type": "Feature",
      "geometry": {
        "type": "Point",
        "coordinates": [
          110.25684,
          0.20299
        ]
      },
      "properties": {
        "acq_date": "2026-07-22",
        "acq_time": "0637",
        "satellite": "N21",
        "confidence": "high",
        "brightness": 367,
        "frp": 29.29,
        "daynight": "D"
      }
    },
    {
      "type": "Feature",
      "geometry": {
        "type": "Point",
        "coordinates": [
          110.93029,
          0.2102
        ]
      },
      "properties": {
        "acq_date": "2026-07-22",
        "acq_time": "0637",
        "satellite": "N21",
        "confidence": "high",
        "brightness": 367,
        "frp": 28.46,
        "daynight": "D"
      }
    },
    {
      "type": "Feature",
      "geometry": {
        "type": "Point",
        "coordinates": [
          110.24612,
          0.23262
        ]
      },
      "properties": {
        "acq_date": "2026-07-22",
        "acq_time": "0637",
        "satellite": "N21",
        "confidence": "high",
        "brightness": 367,
        "frp": 8.77,
        "daynight": "D"
      }
    },
    {
      "type": "Feature",
      "geometry": {
        "type": "Point",
        "coordinates": [
          110.00549,
          0.31317
        ]
      },
      "properties": {
        "acq_date": "2026-07-22",
        "acq_time": "0637",
        "satellite": "N21",
        "confidence": "high",
        "brightness": 367,
        "frp": 15.98,
        "daynight": "D"
      }
    },
    {
      "type": "Feature",
      "geometry": {
        "type": "Point",
        "coordinates": [
          110.43407,
          0.36974
        ]
      },
      "properties": {
        "acq_date": "2026-07-22",
        "acq_time": "0637",
        "satellite": "N21",
        "confidence": "high",
        "brightness": 367,
        "frp": 14.69,
        "daynight": "D"
      }
    },
    {
      "type": "Feature",
      "geometry": {
        "type": "Point",
        "coordinates": [
          110.31962,
          0.42799
        ]
      },
      "properties": {
        "acq_date": "2026-07-22",
        "acq_time": "0637",
        "satellite": "N21",
        "confidence": "high",
        "brightness": 367,
        "frp": 10.48,
        "daynight": "D"
      }
    },
    {
      "type": "Feature",
      "geometry": {
        "type": "Point",
        "coordinates": [
          110.29166,
          0.50518
        ]
      },
      "properties": {
        "acq_date": "2026-07-22",
        "acq_time": "0637",
        "satellite": "N21",
        "confidence": "high",
        "brightness": 367,
        "frp": 17.99,
        "daynight": "D"
      }
    },
    {
      "type": "Feature",
      "geometry": {
        "type": "Point",
        "coordinates": [
          110.04345,
          0.51407
        ]
      },
      "properties": {
        "acq_date": "2026-07-22",
        "acq_time": "0637",
        "satellite": "N21",
        "confidence": "high",
        "brightness": 367,
        "frp": 7.76,
        "daynight": "D"
      }
    },
    {
      "type": "Feature",
      "geometry": {
        "type": "Point",
        "coordinates": [
          109.96101,
          0.58846
        ]
      },
      "properties": {
        "acq_date": "2026-07-22",
        "acq_time": "0637",
        "satellite": "N21",
        "confidence": "high",
        "brightness": 367,
        "frp": 16.6,
        "daynight": "D"
      }
    },
    {
      "type": "Feature",
      "geometry": {
        "type": "Point",
        "coordinates": [
          110.30643,
          0.62021
        ]
      },
      "properties": {
        "acq_date": "2026-07-22",
        "acq_time": "0637",
        "satellite": "N21",
        "confidence": "high",
        "brightness": 367,
        "frp": 63.23,
        "daynight": "D"
      }
    },
    {
      "type": "Feature",
      "geometry": {
        "type": "Point",
        "coordinates": [
          109.83398,
          0.65645
        ]
      },
      "properties": {
        "acq_date": "2026-07-22",
        "acq_time": "0637",
        "satellite": "N21",
        "confidence": "high",
        "brightness": 367,
        "frp": 8.59,
        "daynight": "D"
      }
    },
    {
      "type": "Feature",
      "geometry": {
        "type": "Point",
        "coordinates": [
          110.1865,
          0.69406
        ]
      },
      "properties": {
        "acq_date": "2026-07-22",
        "acq_time": "0637",
        "satellite": "N21",
        "confidence": "high",
        "brightness": 367,
        "frp": 35.3,
        "daynight": "D"
      }
    },
    {
      "type": "Feature",
      "geometry": {
        "type": "Point",
        "coordinates": [
          110.01616,
          0.74085
        ]
      },
      "properties": {
        "acq_date": "2026-07-22",
        "acq_time": "0637",
        "satellite": "N21",
        "confidence": "high",
        "brightness": 367,
        "frp": 20.95,
        "daynight": "D"
      }
    },
    {
      "type": "Feature",
      "geometry": {
        "type": "Point",
        "coordinates": [
          109.89814,
          0.76353
        ]
      },
      "properties": {
        "acq_date": "2026-07-22",
        "acq_time": "0637",
        "satellite": "N21",
        "confidence": "high",
        "brightness": 367,
        "frp": 7.76,
        "daynight": "D"
      }
    },
    {
      "type": "Feature",
      "geometry": {
        "type": "Point",
        "coordinates": [
          110.35101,
          0.77165
        ]
      },
      "properties": {
        "acq_date": "2026-07-22",
        "acq_time": "0637",
        "satellite": "N21",
        "confidence": "high",
        "brightness": 367,
        "frp": 9.15,
        "daynight": "D"
      }
    },
    {
      "type": "Feature",
      "geometry": {
        "type": "Point",
        "coordinates": [
          109.89069,
          0.81371
        ]
      },
      "properties": {
        "acq_date": "2026-07-22",
        "acq_time": "0637",
        "satellite": "N21",
        "confidence": "high",
        "brightness": 367,
        "frp": 27.76,
        "daynight": "D"
      }
    },
    {
      "type": "Feature",
      "geometry": {
        "type": "Point",
        "coordinates": [
          109.83231,
          0.86654
        ]
      },
      "properties": {
        "acq_date": "2026-07-22",
        "acq_time": "0637",
        "satellite": "N21",
        "confidence": "high",
        "brightness": 367,
        "frp": 23.62,
        "daynight": "D"
      }
    },
    {
      "type": "Feature",
      "geometry": {
        "type": "Point",
        "coordinates": [
          109.83171,
          0.87156
        ]
      },
      "properties": {
        "acq_date": "2026-07-22",
        "acq_time": "0637",
        "satellite": "N21",
        "confidence": "high",
        "brightness": 367,
        "frp": 23.62,
        "daynight": "D"
      }
    },
    {
      "type": "Feature",
      "geometry": {
        "type": "Point",
        "coordinates": [
          130.26491,
          -9.82288
        ]
      },
      "properties": {
        "acq_date": "2026-07-22",
        "acq_time": "1601",
        "satellite": "N21",
        "confidence": "high",
        "brightness": 367,
        "frp": 11.93,
        "daynight": "N"
      }
    },
    {
      "type": "Feature",
      "geometry": {
        "type": "Point",
        "coordinates": [
          141.48836,
          -8.20817
        ]
      },
      "properties": {
        "acq_date": "2026-07-27",
        "acq_time": "0319",
        "satellite": "N21",
        "confidence": "high",
        "brightness": 367,
        "frp": 24.68,
        "daynight": "D"
      }
    },
    {
      "type": "Feature",
      "geometry": {
        "type": "Point",
        "coordinates": [
          141.43266,
          -7.51489
        ]
      },
      "properties": {
        "acq_date": "2026-07-27",
        "acq_time": "0319",
        "satellite": "N21",
        "confidence": "high",
        "brightness": 367,
        "frp": 15.86,
        "daynight": "D"
      }
    },
    {
      "type": "Feature",
      "geometry": {
        "type": "Point",
        "coordinates": [
          141.22801,
          -7.3917
        ]
      },
      "properties": {
        "acq_date": "2026-07-27",
        "acq_time": "0319",
        "satellite": "N21",
        "confidence": "high",
        "brightness": 367,
        "frp": 18.88,
        "daynight": "D"
      }
    },
    {
      "type": "Feature",
      "geometry": {
        "type": "Point",
        "coordinates": [
          141.22737,
          -7.38603
        ]
      },
      "properties": {
        "acq_date": "2026-07-27",
        "acq_time": "0319",
        "satellite": "N21",
        "confidence": "high",
        "brightness": 367,
        "frp": 12.67,
        "daynight": "D"
      }
    },
    {
      "type": "Feature",
      "geometry": {
        "type": "Point",
        "coordinates": [
          139.342,
          -6.46395
        ]
      },
      "properties": {
        "acq_date": "2026-07-27",
        "acq_time": "0319",
        "satellite": "N21",
        "confidence": "high",
        "brightness": 367,
        "frp": 25.32,
        "daynight": "D"
      }
    },
    {
      "type": "Feature",
      "geometry": {
        "type": "Point",
        "coordinates": [
          130.39456,
          -11.19359
        ]
      },
      "properties": {
        "acq_date": "2026-07-27",
        "acq_time": "0459",
        "satellite": "N21",
        "confidence": "high",
        "brightness": 367,
        "frp": 11.04,
        "daynight": "D"
      }
    },
    {
      "type": "Feature",
      "geometry": {
        "type": "Point",
        "coordinates": [
          130.39842,
          -11.19298
        ]
      },
      "properties": {
        "acq_date": "2026-07-27",
        "acq_time": "0459",
        "satellite": "N21",
        "confidence": "high",
        "brightness": 367,
        "frp": 9.05,
        "daynight": "D"
      }
    },
    {
      "type": "Feature",
      "geometry": {
        "type": "Point",
        "coordinates": [
          119.31671,
          -9.70939
        ]
      },
      "properties": {
        "acq_date": "2026-07-27",
        "acq_time": "0459",
        "satellite": "N21",
        "confidence": "high",
        "brightness": 367,
        "frp": 23.87,
        "daynight": "D"
      }
    },
    {
      "type": "Feature",
      "geometry": {
        "type": "Point",
        "coordinates": [
          138.08873,
          -8.34972
        ]
      },
      "properties": {
        "acq_date": "2026-07-27",
        "acq_time": "0459",
        "satellite": "N21",
        "confidence": "high",
        "brightness": 367,
        "frp": 14.89,
        "daynight": "D"
      }
    },
    {
      "type": "Feature",
      "geometry": {
        "type": "Point",
        "coordinates": [
          138.08875,
          -8.34969
        ]
      },
      "properties": {
        "acq_date": "2026-07-27",
        "acq_time": "0459",
        "satellite": "N21",
        "confidence": "high",
        "brightness": 367,
        "frp": 15.16,
        "daynight": "D"
      }
    },
    {
      "type": "Feature",
      "geometry": {
        "type": "Point",
        "coordinates": [
          136.39514,
          -3.93278
        ]
      },
      "properties": {
        "acq_date": "2026-07-27",
        "acq_time": "0501",
        "satellite": "N21",
        "confidence": "high",
        "brightness": 367,
        "frp": 12.75,
        "daynight": "D"
      }
    },
    {
      "type": "Feature",
      "geometry": {
        "type": "Point",
        "coordinates": [
          135.40181,
          -3.48602
        ]
      },
      "properties": {
        "acq_date": "2026-07-27",
        "acq_time": "0501",
        "satellite": "N21",
        "confidence": "high",
        "brightness": 367,
        "frp": 9.01,
        "daynight": "D"
      }
    },
    {
      "type": "Feature",
      "geometry": {
        "type": "Point",
        "coordinates": [
          135.45392,
          -3.41848
        ]
      },
      "properties": {
        "acq_date": "2026-07-27",
        "acq_time": "0501",
        "satellite": "N21",
        "confidence": "high",
        "brightness": 367,
        "frp": 8.72,
        "daynight": "D"
      }
    },
    {
      "type": "Feature",
      "geometry": {
        "type": "Point",
        "coordinates": [
          135.97887,
          -3.02811
        ]
      },
      "properties": {
        "acq_date": "2026-07-27",
        "acq_time": "0501",
        "satellite": "N21",
        "confidence": "high",
        "brightness": 367,
        "frp": 9.54,
        "daynight": "D"
      }
    },
    {
      "type": "Feature",
      "geometry": {
        "type": "Point",
        "coordinates": [
          111.40029,
          -7.16634
        ]
      },
      "properties": {
        "acq_date": "2026-07-27",
        "acq_time": "0642",
        "satellite": "N21",
        "confidence": "high",
        "brightness": 367,
        "frp": 9.2,
        "daynight": "D"
      }
    },
    {
      "type": "Feature",
      "geometry": {
        "type": "Point",
        "coordinates": [
          112.37919,
          -3.16466
        ]
      },
      "properties": {
        "acq_date": "2026-07-27",
        "acq_time": "0644",
        "satellite": "N21",
        "confidence": "high",
        "brightness": 367,
        "frp": 48.56,
        "daynight": "D"
      }
    },
    {
      "type": "Feature",
      "geometry": {
        "type": "Point",
        "coordinates": [
          140.95079,
          -8.52456
        ]
      },
      "properties": {
        "acq_date": "2026-08-01",
        "acq_time": "0325",
        "satellite": "N21",
        "confidence": "high",
        "brightness": 367,
        "frp": 14.69,
        "daynight": "D"
      }
    },
    {
      "type": "Feature",
      "geometry": {
        "type": "Point",
        "coordinates": [
          140.40265,
          -8.28035
        ]
      },
      "properties": {
        "acq_date": "2026-08-01",
        "acq_time": "0325",
        "satellite": "N21",
        "confidence": "high",
        "brightness": 367,
        "frp": 55.35,
        "daynight": "D"
      }
    },
    {
      "type": "Feature",
      "geometry": {
        "type": "Point",
        "coordinates": [
          140.25853,
          -8.14697
        ]
      },
      "properties": {
        "acq_date": "2026-08-01",
        "acq_time": "0325",
        "satellite": "N21",
        "confidence": "high",
        "brightness": 367,
        "frp": 13.72,
        "daynight": "D"
      }
    },
    {
      "type": "Feature",
      "geometry": {
        "type": "Point",
        "coordinates": [
          138.34717,
          -7.44876
        ]
      },
      "properties": {
        "acq_date": "2026-08-01",
        "acq_time": "0325",
        "satellite": "N21",
        "confidence": "high",
        "brightness": 367,
        "frp": 66.91,
        "daynight": "D"
      }
    },
    {
      "type": "Feature",
      "geometry": {
        "type": "Point",
        "coordinates": [
          138.3461,
          -7.44554
        ]
      },
      "properties": {
        "acq_date": "2026-08-01",
        "acq_time": "0325",
        "satellite": "N21",
        "confidence": "high",
        "brightness": 367,
        "frp": 26.04,
        "daynight": "D"
      }
    },
    {
      "type": "Feature",
      "geometry": {
        "type": "Point",
        "coordinates": [
          139.11319,
          -6.66535
        ]
      },
      "properties": {
        "acq_date": "2026-08-01",
        "acq_time": "0325",
        "satellite": "N21",
        "confidence": "high",
        "brightness": 367,
        "frp": 14.05,
        "daynight": "D"
      }
    },
    {
      "type": "Feature",
      "geometry": {
        "type": "Point",
        "coordinates": [
          140.40234,
          -4.35
        ]
      },
      "properties": {
        "acq_date": "2026-08-01",
        "acq_time": "0328",
        "satellite": "N21",
        "confidence": "high",
        "brightness": 367,
        "frp": 11.72,
        "daynight": "D"
      }
    },
    {
      "type": "Feature",
      "geometry": {
        "type": "Point",
        "coordinates": [
          140.28615,
          -4.19888
        ]
      },
      "properties": {
        "acq_date": "2026-08-01",
        "acq_time": "0328",
        "satellite": "N21",
        "confidence": "high",
        "brightness": 367,
        "frp": 11.77,
        "daynight": "D"
      }
    },
    {
      "type": "Feature",
      "geometry": {
        "type": "Point",
        "coordinates": [
          120.22879,
          -9.90803
        ]
      },
      "properties": {
        "acq_date": "2026-08-01",
        "acq_time": "0506",
        "satellite": "N21",
        "confidence": "high",
        "brightness": 367,
        "frp": 11.43,
        "daynight": "D"
      }
    },
    {
      "type": "Feature",
      "geometry": {
        "type": "Point",
        "coordinates": [
          120.23203,
          -9.90455
        ]
      },
      "properties": {
        "acq_date": "2026-08-01",
        "acq_time": "0506",
        "satellite": "N21",
        "confidence": "high",
        "brightness": 367,
        "frp": 24.38,
        "daynight": "D"
      }
    },
    {
      "type": "Feature",
      "geometry": {
        "type": "Point",
        "coordinates": [
          120.23192,
          -9.90324
        ]
      },
      "properties": {
        "acq_date": "2026-08-01",
        "acq_time": "0506",
        "satellite": "N21",
        "confidence": "high",
        "brightness": 367,
        "frp": 28.79,
        "daynight": "D"
      }
    },
    {
      "type": "Feature",
      "geometry": {
        "type": "Point",
        "coordinates": [
          138.08217,
          -7.84225
        ]
      },
      "properties": {
        "acq_date": "2026-08-01",
        "acq_time": "0506",
        "satellite": "N21",
        "confidence": "high",
        "brightness": 367,
        "frp": 40.62,
        "daynight": "D"
      }
    },
    {
      "type": "Feature",
      "geometry": {
        "type": "Point",
        "coordinates": [
          139.34732,
          -7.4761
        ]
      },
      "properties": {
        "acq_date": "2026-08-01",
        "acq_time": "0506",
        "satellite": "N21",
        "confidence": "high",
        "brightness": 367,
        "frp": 17.14,
        "daynight": "D"
      }
    },
    {
      "type": "Feature",
      "geometry": {
        "type": "Point",
        "coordinates": [
          139.34599,
          -7.46912
        ]
      },
      "properties": {
        "acq_date": "2026-08-01",
        "acq_time": "0506",
        "satellite": "N21",
        "confidence": "high",
        "brightness": 367,
        "frp": 39.91,
        "daynight": "D"
      }
    },
    {
      "type": "Feature",
      "geometry": {
        "type": "Point",
        "coordinates": [
          117.58282,
          -8.45341
        ]
      },
      "properties": {
        "acq_date": "2026-08-01",
        "acq_time": "0508",
        "satellite": "N21",
        "confidence": "high",
        "brightness": 367,
        "frp": 18.63,
        "daynight": "D"
      }
    },
    {
      "type": "Feature",
      "geometry": {
        "type": "Point",
        "coordinates": [
          134.10664,
          -6.73309
        ]
      },
      "properties": {
        "acq_date": "2026-08-01",
        "acq_time": "0508",
        "satellite": "N21",
        "confidence": "high",
        "brightness": 367,
        "frp": 9.36,
        "daynight": "D"
      }
    },
    {
      "type": "Feature",
      "geometry": {
        "type": "Point",
        "coordinates": [
          134.20016,
          -6.593
        ]
      },
      "properties": {
        "acq_date": "2026-08-01",
        "acq_time": "0508",
        "satellite": "N21",
        "confidence": "high",
        "brightness": 367,
        "frp": 33.57,
        "daynight": "D"
      }
    },
    {
      "type": "Feature",
      "geometry": {
        "type": "Point",
        "coordinates": [
          138.42763,
          -3.90352
        ]
      },
      "properties": {
        "acq_date": "2026-08-01",
        "acq_time": "0508",
        "satellite": "N21",
        "confidence": "high",
        "brightness": 367,
        "frp": 26.41,
        "daynight": "D"
      }
    },
    {
      "type": "Feature",
      "geometry": {
        "type": "Point",
        "coordinates": [
          115.17516,
          -3.43577
        ]
      },
      "properties": {
        "acq_date": "2026-08-01",
        "acq_time": "0508",
        "satellite": "N21",
        "confidence": "high",
        "brightness": 367,
        "frp": 13.86,
        "daynight": "D"
      }
    },
    {
      "type": "Feature",
      "geometry": {
        "type": "Point",
        "coordinates": [
          115.17356,
          -3.43037
        ]
      },
      "properties": {
        "acq_date": "2026-08-01",
        "acq_time": "0508",
        "satellite": "N21",
        "confidence": "high",
        "brightness": 367,
        "frp": 10.35,
        "daynight": "D"
      }
    },
    {
      "type": "Feature",
      "geometry": {
        "type": "Point",
        "coordinates": [
          114.81799,
          -3.19503
        ]
      },
      "properties": {
        "acq_date": "2026-08-01",
        "acq_time": "0508",
        "satellite": "N21",
        "confidence": "high",
        "brightness": 367,
        "frp": 12.39,
        "daynight": "D"
      }
    },
    {
      "type": "Feature",
      "geometry": {
        "type": "Point",
        "coordinates": [
          115.16367,
          -2.73707
        ]
      },
      "properties": {
        "acq_date": "2026-08-01",
        "acq_time": "0510",
        "satellite": "N21",
        "confidence": "high",
        "brightness": 367,
        "frp": 10.97,
        "daynight": "D"
      }
    },
    {
      "type": "Feature",
      "geometry": {
        "type": "Point",
        "coordinates": [
          115.1685,
          -2.71961
        ]
      },
      "properties": {
        "acq_date": "2026-08-01",
        "acq_time": "0510",
        "satellite": "N21",
        "confidence": "high",
        "brightness": 367,
        "frp": 19.18,
        "daynight": "D"
      }
    },
    {
      "type": "Feature",
      "geometry": {
        "type": "Point",
        "coordinates": [
          114.4613,
          0.74571
        ]
      },
      "properties": {
        "acq_date": "2026-08-01",
        "acq_time": "0510",
        "satellite": "N21",
        "confidence": "high",
        "brightness": 367,
        "frp": 13.39,
        "daynight": "D"
      }
    },
    {
      "type": "Feature",
      "geometry": {
        "type": "Point",
        "coordinates": [
          114.46043,
          0.75112
        ]
      },
      "properties": {
        "acq_date": "2026-08-01",
        "acq_time": "0510",
        "satellite": "N21",
        "confidence": "high",
        "brightness": 367,
        "frp": 13.39,
        "daynight": "D"
      }
    },
    {
      "type": "Feature",
      "geometry": {
        "type": "Point",
        "coordinates": [
          115.26121,
          1.43656
        ]
      },
      "properties": {
        "acq_date": "2026-08-01",
        "acq_time": "0510",
        "satellite": "N21",
        "confidence": "high",
        "brightness": 367,
        "frp": 15.28,
        "daynight": "D"
      }
    },
    {
      "type": "Feature",
      "geometry": {
        "type": "Point",
        "coordinates": [
          115.02962,
          1.67101
        ]
      },
      "properties": {
        "acq_date": "2026-08-01",
        "acq_time": "0510",
        "satellite": "N21",
        "confidence": "high",
        "brightness": 367,
        "frp": 13.39,
        "daynight": "D"
      }
    },
    {
      "type": "Feature",
      "geometry": {
        "type": "Point",
        "coordinates": [
          115.0329,
          1.67154
        ]
      },
      "properties": {
        "acq_date": "2026-08-01",
        "acq_time": "0510",
        "satellite": "N21",
        "confidence": "high",
        "brightness": 367,
        "frp": 13.39,
        "daynight": "D"
      }
    },
    {
      "type": "Feature",
      "geometry": {
        "type": "Point",
        "coordinates": [
          114.97115,
          1.67744
        ]
      },
      "properties": {
        "acq_date": "2026-08-01",
        "acq_time": "0510",
        "satellite": "N21",
        "confidence": "high",
        "brightness": 367,
        "frp": 15.49,
        "daynight": "D"
      }
    },
    {
      "type": "Feature",
      "geometry": {
        "type": "Point",
        "coordinates": [
          115.03895,
          1.67778
        ]
      },
      "properties": {
        "acq_date": "2026-08-01",
        "acq_time": "0510",
        "satellite": "N21",
        "confidence": "high",
        "brightness": 367,
        "frp": 16.37,
        "daynight": "D"
      }
    },
    {
      "type": "Feature",
      "geometry": {
        "type": "Point",
        "coordinates": [
          114.97054,
          1.68264
        ]
      },
      "properties": {
        "acq_date": "2026-08-01",
        "acq_time": "0510",
        "satellite": "N21",
        "confidence": "high",
        "brightness": 367,
        "frp": 15.49,
        "daynight": "D"
      }
    },
    {
      "type": "Feature",
      "geometry": {
        "type": "Point",
        "coordinates": [
          115.03864,
          1.68299
        ]
      },
      "properties": {
        "acq_date": "2026-08-01",
        "acq_time": "0510",
        "satellite": "N21",
        "confidence": "high",
        "brightness": 367,
        "frp": 16.37,
        "daynight": "D"
      }
    },
    {
      "type": "Feature",
      "geometry": {
        "type": "Point",
        "coordinates": [
          114.97363,
          1.68313
        ]
      },
      "properties": {
        "acq_date": "2026-08-01",
        "acq_time": "0510",
        "satellite": "N21",
        "confidence": "high",
        "brightness": 367,
        "frp": 15.49,
        "daynight": "D"
      }
    },
    {
      "type": "Feature",
      "geometry": {
        "type": "Point",
        "coordinates": [
          114.97388,
          1.69903
        ]
      },
      "properties": {
        "acq_date": "2026-08-01",
        "acq_time": "0510",
        "satellite": "N21",
        "confidence": "high",
        "brightness": 367,
        "frp": 10.54,
        "daynight": "D"
      }
    },
    {
      "type": "Feature",
      "geometry": {
        "type": "Point",
        "coordinates": [
          114.98882,
          1.70668
        ]
      },
      "properties": {
        "acq_date": "2026-08-01",
        "acq_time": "0510",
        "satellite": "N21",
        "confidence": "high",
        "brightness": 367,
        "frp": 9.08,
        "daynight": "D"
      }
    },
    {
      "type": "Feature",
      "geometry": {
        "type": "Point",
        "coordinates": [
          114.90514,
          1.73739
        ]
      },
      "properties": {
        "acq_date": "2026-08-01",
        "acq_time": "0510",
        "satellite": "N21",
        "confidence": "high",
        "brightness": 367,
        "frp": 23.59,
        "daynight": "D"
      }
    },
    {
      "type": "Feature",
      "geometry": {
        "type": "Point",
        "coordinates": [
          114.8997,
          1.75244
        ]
      },
      "properties": {
        "acq_date": "2026-08-01",
        "acq_time": "0510",
        "satellite": "N21",
        "confidence": "high",
        "brightness": 367,
        "frp": 14.08,
        "daynight": "D"
      }
    },
    {
      "type": "Feature",
      "geometry": {
        "type": "Point",
        "coordinates": [
          113.89053,
          2.10407
        ]
      },
      "properties": {
        "acq_date": "2026-08-01",
        "acq_time": "0510",
        "satellite": "N21",
        "confidence": "high",
        "brightness": 367,
        "frp": 17.91,
        "daynight": "D"
      }
    },
    {
      "type": "Feature",
      "geometry": {
        "type": "Point",
        "coordinates": [
          113.08461,
          3.28414
        ]
      },
      "properties": {
        "acq_date": "2026-08-01",
        "acq_time": "0510",
        "satellite": "N21",
        "confidence": "high",
        "brightness": 367,
        "frp": 12.36,
        "daynight": "D"
      }
    },
    {
      "type": "Feature",
      "geometry": {
        "type": "Point",
        "coordinates": [
          113.63286,
          3.7221
        ]
      },
      "properties": {
        "acq_date": "2026-08-01",
        "acq_time": "0510",
        "satellite": "N21",
        "confidence": "high",
        "brightness": 367,
        "frp": 25.11,
        "daynight": "D"
      }
    },
    {
      "type": "Feature",
      "geometry": {
        "type": "Point",
        "coordinates": [
          112.87186,
          -3.2593
        ]
      },
      "properties": {
        "acq_date": "2026-08-01",
        "acq_time": "0650",
        "satellite": "N21",
        "confidence": "high",
        "brightness": 367,
        "frp": 30.34,
        "daynight": "D"
      }
    },
    {
      "type": "Feature",
      "geometry": {
        "type": "Point",
        "coordinates": [
          108.03324,
          -3.03881
        ]
      },
      "properties": {
        "acq_date": "2026-08-01",
        "acq_time": "0650",
        "satellite": "N21",
        "confidence": "high",
        "brightness": 367,
        "frp": 8.89,
        "daynight": "D"
      }
    },
    {
      "type": "Feature",
      "geometry": {
        "type": "Point",
        "coordinates": [
          110.51431,
          -2.65962
        ]
      },
      "properties": {
        "acq_date": "2026-08-01",
        "acq_time": "0650",
        "satellite": "N21",
        "confidence": "high",
        "brightness": 367,
        "frp": 21.48,
        "daynight": "D"
      }
    },
    {
      "type": "Feature",
      "geometry": {
        "type": "Point",
        "coordinates": [
          110.99258,
          -2.0763
        ]
      },
      "properties": {
        "acq_date": "2026-08-01",
        "acq_time": "0650",
        "satellite": "N21",
        "confidence": "high",
        "brightness": 367,
        "frp": 19.25,
        "daynight": "D"
      }
    },
    {
      "type": "Feature",
      "geometry": {
        "type": "Point",
        "coordinates": [
          110.99197,
          -2.0739
        ]
      },
      "properties": {
        "acq_date": "2026-08-01",
        "acq_time": "0650",
        "satellite": "N21",
        "confidence": "high",
        "brightness": 367,
        "frp": 15.02,
        "daynight": "D"
      }
    },
    {
      "type": "Feature",
      "geometry": {
        "type": "Point",
        "coordinates": [
          110.14918,
          -1.90082
        ]
      },
      "properties": {
        "acq_date": "2026-08-01",
        "acq_time": "0650",
        "satellite": "N21",
        "confidence": "high",
        "brightness": 367,
        "frp": 93.72,
        "daynight": "D"
      }
    },
    {
      "type": "Feature",
      "geometry": {
        "type": "Point",
        "coordinates": [
          110.14366,
          -1.89552
        ]
      },
      "properties": {
        "acq_date": "2026-08-01",
        "acq_time": "0650",
        "satellite": "N21",
        "confidence": "high",
        "brightness": 367,
        "frp": 38.08,
        "daynight": "D"
      }
    },
    {
      "type": "Feature",
      "geometry": {
        "type": "Point",
        "coordinates": [
          110.89783,
          -1.28296
        ]
      },
      "properties": {
        "acq_date": "2026-08-01",
        "acq_time": "0650",
        "satellite": "N21",
        "confidence": "high",
        "brightness": 367,
        "frp": 16.29,
        "daynight": "D"
      }
    },
    {
      "type": "Feature",
      "geometry": {
        "type": "Point",
        "coordinates": [
          109.69975,
          -1.13498
        ]
      },
      "properties": {
        "acq_date": "2026-08-01",
        "acq_time": "0650",
        "satellite": "N21",
        "confidence": "high",
        "brightness": 367,
        "frp": 25.87,
        "daynight": "D"
      }
    },
    {
      "type": "Feature",
      "geometry": {
        "type": "Point",
        "coordinates": [
          110.51919,
          -0.96506
        ]
      },
      "properties": {
        "acq_date": "2026-08-01",
        "acq_time": "0650",
        "satellite": "N21",
        "confidence": "high",
        "brightness": 367,
        "frp": 31.47,
        "daynight": "D"
      }
    },
    {
      "type": "Feature",
      "geometry": {
        "type": "Point",
        "coordinates": [
          110.52129,
          -0.96103
        ]
      },
      "properties": {
        "acq_date": "2026-08-01",
        "acq_time": "0650",
        "satellite": "N21",
        "confidence": "high",
        "brightness": 367,
        "frp": 23.04,
        "daynight": "D"
      }
    },
    {
      "type": "Feature",
      "geometry": {
        "type": "Point",
        "coordinates": [
          110.41721,
          -0.85557
        ]
      },
      "properties": {
        "acq_date": "2026-08-01",
        "acq_time": "0650",
        "satellite": "N21",
        "confidence": "high",
        "brightness": 367,
        "frp": 22.57,
        "daynight": "D"
      }
    },
    {
      "type": "Feature",
      "geometry": {
        "type": "Point",
        "coordinates": [
          110.31351,
          -0.63476
        ]
      },
      "properties": {
        "acq_date": "2026-08-01",
        "acq_time": "0650",
        "satellite": "N21",
        "confidence": "high",
        "brightness": 367,
        "frp": 82.79,
        "daynight": "D"
      }
    },
    {
      "type": "Feature",
      "geometry": {
        "type": "Point",
        "coordinates": [
          110.58195,
          -0.51453
        ]
      },
      "properties": {
        "acq_date": "2026-08-01",
        "acq_time": "0650",
        "satellite": "N21",
        "confidence": "high",
        "brightness": 367,
        "frp": 16.95,
        "daynight": "D"
      }
    },
    {
      "type": "Feature",
      "geometry": {
        "type": "Point",
        "coordinates": [
          111.5005,
          -0.14559
        ]
      },
      "properties": {
        "acq_date": "2026-08-01",
        "acq_time": "0650",
        "satellite": "N21",
        "confidence": "high",
        "brightness": 367,
        "frp": 41.89,
        "daynight": "D"
      }
    },
    {
      "type": "Feature",
      "geometry": {
        "type": "Point",
        "coordinates": [
          111.49905,
          -0.1432
        ]
      },
      "properties": {
        "acq_date": "2026-08-01",
        "acq_time": "0650",
        "satellite": "N21",
        "confidence": "high",
        "brightness": 367,
        "frp": 53.51,
        "daynight": "D"
      }
    },
    {
      "type": "Feature",
      "geometry": {
        "type": "Point",
        "coordinates": [
          111.12633,
          -0.01335
        ]
      },
      "properties": {
        "acq_date": "2026-08-01",
        "acq_time": "0650",
        "satellite": "N21",
        "confidence": "high",
        "brightness": 367,
        "frp": 18.6,
        "daynight": "D"
      }
    },
    {
      "type": "Feature",
      "geometry": {
        "type": "Point",
        "coordinates": [
          110.89439,
          0.21572
        ]
      },
      "properties": {
        "acq_date": "2026-08-01",
        "acq_time": "0650",
        "satellite": "N21",
        "confidence": "high",
        "brightness": 367,
        "frp": 19.4,
        "daynight": "D"
      }
    },
    {
      "type": "Feature",
      "geometry": {
        "type": "Point",
        "coordinates": [
          110.09683,
          0.2416
        ]
      },
      "properties": {
        "acq_date": "2026-08-01",
        "acq_time": "0650",
        "satellite": "N21",
        "confidence": "high",
        "brightness": 367,
        "frp": 17.17,
        "daynight": "D"
      }
    },
    {
      "type": "Feature",
      "geometry": {
        "type": "Point",
        "coordinates": [
          110.86167,
          0.27708
        ]
      },
      "properties": {
        "acq_date": "2026-08-01",
        "acq_time": "0650",
        "satellite": "N21",
        "confidence": "high",
        "brightness": 367,
        "frp": 78.31,
        "daynight": "D"
      }
    },
    {
      "type": "Feature",
      "geometry": {
        "type": "Point",
        "coordinates": [
          110.86194,
          0.27753
        ]
      },
      "properties": {
        "acq_date": "2026-08-01",
        "acq_time": "0650",
        "satellite": "N21",
        "confidence": "high",
        "brightness": 367,
        "frp": 69.3,
        "daynight": "D"
      }
    },
    {
      "type": "Feature",
      "geometry": {
        "type": "Point",
        "coordinates": [
          110.28482,
          0.29883
        ]
      },
      "properties": {
        "acq_date": "2026-08-01",
        "acq_time": "0650",
        "satellite": "N21",
        "confidence": "high",
        "brightness": 367,
        "frp": 15.17,
        "daynight": "D"
      }
    },
    {
      "type": "Feature",
      "geometry": {
        "type": "Point",
        "coordinates": [
          110.24003,
          0.3082
        ]
      },
      "properties": {
        "acq_date": "2026-08-01",
        "acq_time": "0650",
        "satellite": "N21",
        "confidence": "high",
        "brightness": 367,
        "frp": 23.23,
        "daynight": "D"
      }
    },
    {
      "type": "Feature",
      "geometry": {
        "type": "Point",
        "coordinates": [
          110.74292,
          0.31874
        ]
      },
      "properties": {
        "acq_date": "2026-08-01",
        "acq_time": "0650",
        "satellite": "N21",
        "confidence": "high",
        "brightness": 367,
        "frp": 31.49,
        "daynight": "D"
      }
    },
    {
      "type": "Feature",
      "geometry": {
        "type": "Point",
        "coordinates": [
          110.28408,
          0.32142
        ]
      },
      "properties": {
        "acq_date": "2026-08-01",
        "acq_time": "0650",
        "satellite": "N21",
        "confidence": "high",
        "brightness": 367,
        "frp": 19.53,
        "daynight": "D"
      }
    },
    {
      "type": "Feature",
      "geometry": {
        "type": "Point",
        "coordinates": [
          110.57227,
          0.37889
        ]
      },
      "properties": {
        "acq_date": "2026-08-01",
        "acq_time": "0650",
        "satellite": "N21",
        "confidence": "high",
        "brightness": 367,
        "frp": 12.45,
        "daynight": "D"
      }
    },
    {
      "type": "Feature",
      "geometry": {
        "type": "Point",
        "coordinates": [
          110.4661,
          0.44301
        ]
      },
      "properties": {
        "acq_date": "2026-08-01",
        "acq_time": "0650",
        "satellite": "N21",
        "confidence": "high",
        "brightness": 367,
        "frp": 49.38,
        "daynight": "D"
      }
    },
    {
      "type": "Feature",
      "geometry": {
        "type": "Point",
        "coordinates": [
          110.01689,
          0.46838
        ]
      },
      "properties": {
        "acq_date": "2026-08-01",
        "acq_time": "0650",
        "satellite": "N21",
        "confidence": "high",
        "brightness": 367,
        "frp": 26.19,
        "daynight": "D"
      }
    },
    {
      "type": "Feature",
      "geometry": {
        "type": "Point",
        "coordinates": [
          110.01687,
          0.4699
        ]
      },
      "properties": {
        "acq_date": "2026-08-01",
        "acq_time": "0650",
        "satellite": "N21",
        "confidence": "high",
        "brightness": 367,
        "frp": 19.89,
        "daynight": "D"
      }
    },
    {
      "type": "Feature",
      "geometry": {
        "type": "Point",
        "coordinates": [
          110.07095,
          0.5085
        ]
      },
      "properties": {
        "acq_date": "2026-08-01",
        "acq_time": "0650",
        "satellite": "N21",
        "confidence": "high",
        "brightness": 367,
        "frp": 14.5,
        "daynight": "D"
      }
    },
    {
      "type": "Feature",
      "geometry": {
        "type": "Point",
        "coordinates": [
          110.49258,
          0.51262
        ]
      },
      "properties": {
        "acq_date": "2026-08-01",
        "acq_time": "0650",
        "satellite": "N21",
        "confidence": "high",
        "brightness": 367,
        "frp": 18.22,
        "daynight": "D"
      }
    },
    {
      "type": "Feature",
      "geometry": {
        "type": "Point",
        "coordinates": [
          110.49281,
          0.51418
        ]
      },
      "properties": {
        "acq_date": "2026-08-01",
        "acq_time": "0650",
        "satellite": "N21",
        "confidence": "high",
        "brightness": 367,
        "frp": 14.79,
        "daynight": "D"
      }
    },
    {
      "type": "Feature",
      "geometry": {
        "type": "Point",
        "coordinates": [
          110.25887,
          0.51479
        ]
      },
      "properties": {
        "acq_date": "2026-08-01",
        "acq_time": "0650",
        "satellite": "N21",
        "confidence": "high",
        "brightness": 367,
        "frp": 53.25,
        "daynight": "D"
      }
    },
    {
      "type": "Feature",
      "geometry": {
        "type": "Point",
        "coordinates": [
          110.25853,
          0.51789
        ]
      },
      "properties": {
        "acq_date": "2026-08-01",
        "acq_time": "0650",
        "satellite": "N21",
        "confidence": "high",
        "brightness": 367,
        "frp": 37.52,
        "daynight": "D"
      }
    },
    {
      "type": "Feature",
      "geometry": {
        "type": "Point",
        "coordinates": [
          109.80566,
          0.5495
        ]
      },
      "properties": {
        "acq_date": "2026-08-01",
        "acq_time": "0650",
        "satellite": "N21",
        "confidence": "high",
        "brightness": 367,
        "frp": 23.2,
        "daynight": "D"
      }
    },
    {
      "type": "Feature",
      "geometry": {
        "type": "Point",
        "coordinates": [
          109.80686,
          0.54968
        ]
      },
      "properties": {
        "acq_date": "2026-08-01",
        "acq_time": "0650",
        "satellite": "N21",
        "confidence": "high",
        "brightness": 367,
        "frp": 23.25,
        "daynight": "D"
      }
    },
    {
      "type": "Feature",
      "geometry": {
        "type": "Point",
        "coordinates": [
          109.88274,
          0.61173
        ]
      },
      "properties": {
        "acq_date": "2026-08-01",
        "acq_time": "0650",
        "satellite": "N21",
        "confidence": "high",
        "brightness": 367,
        "frp": 24.88,
        "daynight": "D"
      }
    },
    {
      "type": "Feature",
      "geometry": {
        "type": "Point",
        "coordinates": [
          111.07606,
          0.79627
        ]
      },
      "properties": {
        "acq_date": "2026-08-01",
        "acq_time": "0650",
        "satellite": "N21",
        "confidence": "high",
        "brightness": 367,
        "frp": 45.52,
        "daynight": "D"
      }
    },
    {
      "type": "Feature",
      "geometry": {
        "type": "Point",
        "coordinates": [
          111.52563,
          0.82256
        ]
      },
      "properties": {
        "acq_date": "2026-08-01",
        "acq_time": "0650",
        "satellite": "N21",
        "confidence": "high",
        "brightness": 367,
        "frp": 34.44,
        "daynight": "D"
      }
    },
    {
      "type": "Feature",
      "geometry": {
        "type": "Point",
        "coordinates": [
          121.37486,
          -2.57876
        ]
      },
      "properties": {
        "acq_date": "2026-08-01",
        "acq_time": "1749",
        "satellite": "N21",
        "confidence": "high",
        "brightness": 367,
        "frp": 9.91,
        "daynight": "N"
      }
    },
    {
      "type": "Feature",
      "geometry": {
        "type": "Point",
        "coordinates": [
          121.58693,
          -2.52852
        ]
      },
      "properties": {
        "acq_date": "2026-08-01",
        "acq_time": "1749",
        "satellite": "N21",
        "confidence": "high",
        "brightness": 367,
        "frp": 7.19,
        "daynight": "N"
      }
    },
    {
      "type": "Feature",
      "geometry": {
        "type": "Point",
        "coordinates": [
          105.18783,
          5.41253
        ]
      },
      "properties": {
        "acq_date": "2026-08-01",
        "acq_time": "1749",
        "satellite": "N21",
        "confidence": "high",
        "brightness": 367,
        "frp": 25.31,
        "daynight": "N"
      }
    },
    {
      "type": "Feature",
      "geometry": {
        "type": "Point",
        "coordinates": [
          110.14536,
          -1.89536
        ]
      },
      "properties": {
        "acq_date": "2026-08-01",
        "acq_time": "1752",
        "satellite": "N21",
        "confidence": "high",
        "brightness": 367,
        "frp": 23.94,
        "daynight": "N"
      }
    }
  ]
}
