overallRank,villageRank,polygonId,village,district,regency,areaHa,priorityClass,priorityLabel,priorityScore,needScore,suitabilityScore,riskScore,confidence,decisionReason,methodVersion
1,1,MPR-FF866691E7,Kelurahan Selatpanjang Kota,Tebing Tinggi,Kepulauan Meranti,0.25,P2,Regenerasi alami terbantu,71.6,61,85,28,tinggi,Kondisi biofisik relatif mendukung pemulihan vegetasi.,mangrove-priority-2016-2025-v0.1
2,2,MPR-08EE925B09,Kelurahan Selatpanjang Kota,Tebing Tinggi,Kepulauan Meranti,0.223,P2,Regenerasi alami terbantu,71.6,61,85,28,tinggi,Kondisi biofisik relatif mendukung pemulihan vegetasi.,mangrove-priority-2016-2025-v0.1
3,3,MPR-65E7A020D4,Kelurahan Selatpanjang Kota,Tebing Tinggi,Kepulauan Meranti,0.22,P2,Regenerasi alami terbantu,71.6,61,85,28,tinggi,Kondisi biofisik relatif mendukung pemulihan vegetasi.,mangrove-priority-2016-2025-v0.1
4,4,MPR-D93F3C053E,Kelurahan Selatpanjang Kota,Tebing Tinggi,Kepulauan Meranti,0.22,P2,Regenerasi alami terbantu,71.6,61,85,28,tinggi,Kondisi biofisik relatif mendukung pemulihan vegetasi.,mangrove-priority-2016-2025-v0.1
5,5,MPR-800B7FA520,Kelurahan Selatpanjang Kota,Tebing Tinggi,Kepulauan Meranti,0.218,P2,Regenerasi alami terbantu,71.6,61,85,28,tinggi,Kondisi biofisik relatif mendukung pemulihan vegetasi.,mangrove-priority-2016-2025-v0.1
6,6,MPR-41C37D9494,Kelurahan Selatpanjang Kota,Tebing Tinggi,Kepulauan Meranti,0.21,P2,Regenerasi alami terbantu,71.6,61,85,28,tinggi,Kondisi biofisik relatif mendukung pemulihan vegetasi.,mangrove-priority-2016-2025-v0.1
7,7,MPR-2F2AE7A9DA,Kelurahan Selatpanjang Kota,Tebing Tinggi,Kepulauan Meranti,0.207,P2,Regenerasi alami terbantu,71.6,61,85,28,tinggi,Kondisi biofisik relatif mendukung pemulihan vegetasi.,mangrove-priority-2016-2025-v0.1
8,8,MPR-30EEA85B31,Kelurahan Selatpanjang Kota,Tebing Tinggi,Kepulauan Meranti,0.2,P2,Regenerasi alami terbantu,71.6,61,85,28,tinggi,Kondisi biofisik relatif mendukung pemulihan vegetasi.,mangrove-priority-2016-2025-v0.1
9,9,MPR-8E2739AB95,Kelurahan Selatpanjang Kota,Tebing Tinggi,Kepulauan Meranti,0.2,P2,Regenerasi alami terbantu,71.6,61,85,28,tinggi,Kondisi biofisik relatif mendukung pemulihan vegetasi.,mangrove-priority-2016-2025-v0.1
10,10,MPR-CF1C687673,Kelurahan Selatpanjang Kota,Tebing Tinggi,Kepulauan Meranti,0.19,P2,Regenerasi alami terbantu,71.6,61,85,28,tinggi,Kondisi biofisik relatif mendukung pemulihan vegetasi.,mangrove-priority-2016-2025-v0.1
11,11,MPR-DE0E0291BC,Kelurahan Selatpanjang Kota,Tebing Tinggi,Kepulauan Meranti,0.19,P2,Regenerasi alami terbantu,71.6,61,85,28,tinggi,Kondisi biofisik relatif mendukung pemulihan vegetasi.,mangrove-priority-2016-2025-v0.1
12,12,MPR-0FF50525B7,Kelurahan Selatpanjang Kota,Tebing Tinggi,Kepulauan Meranti,0.171,P2,Regenerasi alami terbantu,71.6,61,85,28,tinggi,Kondisi biofisik relatif mendukung pemulihan vegetasi.,mangrove-priority-2016-2025-v0.1
13,13,MPR-3258AEDBDA,Kelurahan Selatpanjang Kota,Tebing Tinggi,Kepulauan Meranti,0.16,P2,Regenerasi alami terbantu,71.6,61,85,28,tinggi,Kondisi biofisik relatif mendukung pemulihan vegetasi.,mangrove-priority-2016-2025-v0.1
14,14,MPR-7F7B1D0077,Kelurahan Selatpanjang Kota,Tebing Tinggi,Kepulauan Meranti,0.16,P2,Regenerasi alami terbantu,71.6,61,85,28,tinggi,Kondisi biofisik relatif mendukung pemulihan vegetasi.,mangrove-priority-2016-2025-v0.1
15,15,MPR-513E561290,Kelurahan Selatpanjang Kota,Tebing Tinggi,Kepulauan Meranti,0.15,P2,Regenerasi alami terbantu,71.6,61,85,28,tinggi,Kondisi biofisik relatif mendukung pemulihan vegetasi.,mangrove-priority-2016-2025-v0.1
16,16,MPR-6110EDC129,Kelurahan Selatpanjang Kota,Tebing Tinggi,Kepulauan Meranti,0.15,P2,Regenerasi alami terbantu,71.6,61,85,28,tinggi,Kondisi biofisik relatif mendukung pemulihan vegetasi.,mangrove-priority-2016-2025-v0.1
17,17,MPR-987FBC33F8,Kelurahan Selatpanjang Kota,Tebing Tinggi,Kepulauan Meranti,0.147,P2,Regenerasi alami terbantu,71.6,61,85,28,tinggi,Kondisi biofisik relatif mendukung pemulihan vegetasi.,mangrove-priority-2016-2025-v0.1
18,18,MPR-044BA2FAE8,Kelurahan Selatpanjang Kota,Tebing Tinggi,Kepulauan Meranti,0.14,P2,Regenerasi alami terbantu,71.6,61,85,28,tinggi,Kondisi biofisik relatif mendukung pemulihan vegetasi.,mangrove-priority-2016-2025-v0.1
19,19,MPR-BC562BBF2D,Kelurahan Selatpanjang Kota,Tebing Tinggi,Kepulauan Meranti,0.14,P2,Regenerasi alami terbantu,71.6,61,85,28,tinggi,Kondisi biofisik relatif mendukung pemulihan vegetasi.,mangrove-priority-2016-2025-v0.1
20,20,MPR-691123063B,Kelurahan Selatpanjang Kota,Tebing Tinggi,Kepulauan Meranti,0.13,P2,Regenerasi alami terbantu,71.6,61,85,28,tinggi,Kondisi biofisik relatif mendukung pemulihan vegetasi.,mangrove-priority-2016-2025-v0.1
21,21,MPR-CB74684689,Kelurahan Selatpanjang Kota,Tebing Tinggi,Kepulauan Meranti,0.13,P2,Regenerasi alami terbantu,71.6,61,85,28,tinggi,Kondisi biofisik relatif mendukung pemulihan vegetasi.,mangrove-priority-2016-2025-v0.1
22,22,MPR-F28A712F43,Kelurahan Selatpanjang Kota,Tebing Tinggi,Kepulauan Meranti,0.128,P2,Regenerasi alami terbantu,71.6,61,85,28,tinggi,Kondisi biofisik relatif mendukung pemulihan vegetasi.,mangrove-priority-2016-2025-v0.1
23,23,MPR-4015B2CFCB,Kelurahan Selatpanjang Kota,Tebing Tinggi,Kepulauan Meranti,0.124,P2,Regenerasi alami terbantu,71.6,61,85,28,tinggi,Kondisi biofisik relatif mendukung pemulihan vegetasi.,mangrove-priority-2016-2025-v0.1
24,24,MPR-9438A1F8CD,Kelurahan Selatpanjang Kota,Tebing Tinggi,Kepulauan Meranti,0.116,P2,Regenerasi alami terbantu,71.6,61,85,28,tinggi,Kondisi biofisik relatif mendukung pemulihan vegetasi.,mangrove-priority-2016-2025-v0.1
25,25,MPR-D51FA3268C,Kelurahan Selatpanjang Kota,Tebing Tinggi,Kepulauan Meranti,0.11,P2,Regenerasi alami terbantu,71.6,61,85,28,tinggi,Kondisi biofisik relatif mendukung pemulihan vegetasi.,mangrove-priority-2016-2025-v0.1
26,26,MPR-DCD04F9957,Kelurahan Selatpanjang Kota,Tebing Tinggi,Kepulauan Meranti,0.11,P2,Regenerasi alami terbantu,71.6,61,85,28,tinggi,Kondisi biofisik relatif mendukung pemulihan vegetasi.,mangrove-priority-2016-2025-v0.1
27,27,MPR-E073FFD207,Kelurahan Selatpanjang Kota,Tebing Tinggi,Kepulauan Meranti,0.11,P2,Regenerasi alami terbantu,71.6,61,85,28,tinggi,Kondisi biofisik relatif mendukung pemulihan vegetasi.,mangrove-priority-2016-2025-v0.1
28,28,MPR-E1C79D77E3,Kelurahan Selatpanjang Kota,Tebing Tinggi,Kepulauan Meranti,0.11,P2,Regenerasi alami terbantu,71.6,61,85,28,tinggi,Kondisi biofisik relatif mendukung pemulihan vegetasi.,mangrove-priority-2016-2025-v0.1
29,29,MPR-2B15515AFD,Kelurahan Selatpanjang Kota,Tebing Tinggi,Kepulauan Meranti,0.1,P2,Regenerasi alami terbantu,71.6,61,85,28,tinggi,Kondisi biofisik relatif mendukung pemulihan vegetasi.,mangrove-priority-2016-2025-v0.1
30,30,MPR-4DD36C762F,Kelurahan Selatpanjang Kota,Tebing Tinggi,Kepulauan Meranti,0.087,P2,Regenerasi alami terbantu,71.6,61,85,28,tinggi,Kondisi biofisik relatif mendukung pemulihan vegetasi.,mangrove-priority-2016-2025-v0.1
31,31,MPR-BFBA4EF254,Kelurahan Selatpanjang Kota,Tebing Tinggi,Kepulauan Meranti,0.084,P2,Regenerasi alami terbantu,71.6,61,85,28,tinggi,Kondisi biofisik relatif mendukung pemulihan vegetasi.,mangrove-priority-2016-2025-v0.1
32,32,MPR-947561ACE7,Kelurahan Selatpanjang Kota,Tebing Tinggi,Kepulauan Meranti,0.08,P2,Regenerasi alami terbantu,71.6,61,85,28,tinggi,Kondisi biofisik relatif mendukung pemulihan vegetasi.,mangrove-priority-2016-2025-v0.1
33,33,MPR-AF4CA22FF5,Kelurahan Selatpanjang Kota,Tebing Tinggi,Kepulauan Meranti,0.078,P2,Regenerasi alami terbantu,71.6,61,85,28,tinggi,Kondisi biofisik relatif mendukung pemulihan vegetasi.,mangrove-priority-2016-2025-v0.1
34,34,MPR-9FC4FE04EA,Kelurahan Selatpanjang Kota,Tebing Tinggi,Kepulauan Meranti,0.076,P2,Regenerasi alami terbantu,71.6,61,85,28,tinggi,Kondisi biofisik relatif mendukung pemulihan vegetasi.,mangrove-priority-2016-2025-v0.1
35,35,MPR-ECD16D732C,Kelurahan Selatpanjang Kota,Tebing Tinggi,Kepulauan Meranti,0.066,P2,Regenerasi alami terbantu,71.6,61,85,28,tinggi,Kondisi biofisik relatif mendukung pemulihan vegetasi.,mangrove-priority-2016-2025-v0.1
36,36,MPR-3308F9464F,Kelurahan Selatpanjang Kota,Tebing Tinggi,Kepulauan Meranti,0.061,P2,Regenerasi alami terbantu,71.6,61,85,28,tinggi,Kondisi biofisik relatif mendukung pemulihan vegetasi.,mangrove-priority-2016-2025-v0.1
37,37,MPR-82679188F0,Kelurahan Selatpanjang Kota,Tebing Tinggi,Kepulauan Meranti,0.055,P2,Regenerasi alami terbantu,71.6,61,85,28,tinggi,Kondisi biofisik relatif mendukung pemulihan vegetasi.,mangrove-priority-2016-2025-v0.1
38,38,MPR-395BF667B7,Kelurahan Selatpanjang Kota,Tebing Tinggi,Kepulauan Meranti,0.05,P2,Regenerasi alami terbantu,71.6,61,85,28,tinggi,Kondisi biofisik relatif mendukung pemulihan vegetasi.,mangrove-priority-2016-2025-v0.1
39,39,MPR-6A52AA8319,Kelurahan Selatpanjang Kota,Tebing Tinggi,Kepulauan Meranti,0.05,P2,Regenerasi alami terbantu,71.6,61,85,28,tinggi,Kondisi biofisik relatif mendukung pemulihan vegetasi.,mangrove-priority-2016-2025-v0.1
40,40,MPR-A516167031,Kelurahan Selatpanjang Kota,Tebing Tinggi,Kepulauan Meranti,0.05,P2,Regenerasi alami terbantu,71.6,61,85,28,tinggi,Kondisi biofisik relatif mendukung pemulihan vegetasi.,mangrove-priority-2016-2025-v0.1
41,41,MPR-B35D79BD8D,Kelurahan Selatpanjang Kota,Tebing Tinggi,Kepulauan Meranti,0.05,P2,Regenerasi alami terbantu,71.6,61,85,28,tinggi,Kondisi biofisik relatif mendukung pemulihan vegetasi.,mangrove-priority-2016-2025-v0.1
42,42,MPR-E6CDA7F586,Kelurahan Selatpanjang Kota,Tebing Tinggi,Kepulauan Meranti,0.9,P2,Regenerasi alami terbantu,71.5,62,84,29,tinggi,Kondisi biofisik relatif mendukung pemulihan vegetasi.,mangrove-priority-2016-2025-v0.1
43,43,MPR-CA00CD44BD,Kelurahan Selatpanjang Kota,Tebing Tinggi,Kepulauan Meranti,0.71,P2,Regenerasi alami terbantu,71.5,62,84,29,tinggi,Kondisi biofisik relatif mendukung pemulihan vegetasi.,mangrove-priority-2016-2025-v0.1
44,44,MPR-2E65B08511,Kelurahan Selatpanjang Kota,Tebing Tinggi,Kepulauan Meranti,0.642,P2,Regenerasi alami terbantu,71.5,62,84,29,tinggi,Kondisi biofisik relatif mendukung pemulihan vegetasi.,mangrove-priority-2016-2025-v0.1
45,45,MPR-ABEF12B0F3,Kelurahan Selatpanjang Kota,Tebing Tinggi,Kepulauan Meranti,0.531,P2,Regenerasi alami terbantu,71.5,62,84,29,tinggi,Kondisi biofisik relatif mendukung pemulihan vegetasi.,mangrove-priority-2016-2025-v0.1
46,46,MPR-FE94951323,Kelurahan Selatpanjang Kota,Tebing Tinggi,Kepulauan Meranti,0.488,P2,Regenerasi alami terbantu,71.5,62,84,29,tinggi,Kondisi biofisik relatif mendukung pemulihan vegetasi.,mangrove-priority-2016-2025-v0.1
47,47,MPR-852262B85F,Kelurahan Selatpanjang Kota,Tebing Tinggi,Kepulauan Meranti,0.437,P2,Regenerasi alami terbantu,71.5,62,84,29,tinggi,Kondisi biofisik relatif mendukung pemulihan vegetasi.,mangrove-priority-2016-2025-v0.1
48,48,MPR-70450BFA73,Kelurahan Selatpanjang Kota,Tebing Tinggi,Kepulauan Meranti,0.314,P2,Regenerasi alami terbantu,71.4,61,85,29,tinggi,Kondisi biofisik relatif mendukung pemulihan vegetasi.,mangrove-priority-2016-2025-v0.1
49,1,MPR-F104609395,Alah Air,Tebing Tinggi,Kepulauan Meranti,0.49,P2,Regenerasi alami terbantu,71.2,61,84,28,tinggi,Kondisi biofisik relatif mendukung pemulihan vegetasi.,mangrove-priority-2016-2025-v0.1
50,2,MPR-78EEAC06BD,Alah Air,Tebing Tinggi,Kepulauan Meranti,0.48,P2,Regenerasi alami terbantu,71.2,61,84,28,tinggi,Kondisi biofisik relatif mendukung pemulihan vegetasi.,mangrove-priority-2016-2025-v0.1
51,3,MPR-14C3B98A72,Alah Air,Tebing Tinggi,Kepulauan Meranti,0.461,P2,Regenerasi alami terbantu,71.2,61,84,28,tinggi,Kondisi biofisik relatif mendukung pemulihan vegetasi.,mangrove-priority-2016-2025-v0.1
52,4,MPR-FD8BDA226A,Alah Air,Tebing Tinggi,Kepulauan Meranti,0.32,P2,Regenerasi alami terbantu,71.2,60,85,28,tinggi,Kondisi biofisik relatif mendukung pemulihan vegetasi.,mangrove-priority-2016-2025-v0.1
53,5,MPR-F92520F6B0,Alah Air,Tebing Tinggi,Kepulauan Meranti,0.29,P2,Regenerasi alami terbantu,71.2,60,85,28,tinggi,Kondisi biofisik relatif mendukung pemulihan vegetasi.,mangrove-priority-2016-2025-v0.1
54,6,MPR-901489C991,Alah Air,Tebing Tinggi,Kepulauan Meranti,0.19,P2,Regenerasi alami terbantu,71.2,60,85,28,tinggi,Kondisi biofisik relatif mendukung pemulihan vegetasi.,mangrove-priority-2016-2025-v0.1
55,7,MPR-EBA1EA7D9F,Alah Air,Tebing Tinggi,Kepulauan Meranti,0.17,P2,Regenerasi alami terbantu,71.2,60,85,28,tinggi,Kondisi biofisik relatif mendukung pemulihan vegetasi.,mangrove-priority-2016-2025-v0.1
56,8,MPR-C019B862BD,Alah Air,Tebing Tinggi,Kepulauan Meranti,0.14,P2,Regenerasi alami terbantu,71.2,60,85,28,tinggi,Kondisi biofisik relatif mendukung pemulihan vegetasi.,mangrove-priority-2016-2025-v0.1
57,9,MPR-340C9B9A6E,Alah Air,Tebing Tinggi,Kepulauan Meranti,0.11,P2,Regenerasi alami terbantu,71.2,60,85,28,tinggi,Kondisi biofisik relatif mendukung pemulihan vegetasi.,mangrove-priority-2016-2025-v0.1
58,10,MPR-505F647246,Alah Air,Tebing Tinggi,Kepulauan Meranti,0.11,P2,Regenerasi alami terbantu,71.2,60,85,28,tinggi,Kondisi biofisik relatif mendukung pemulihan vegetasi.,mangrove-priority-2016-2025-v0.1
59,11,MPR-E773CF0C44,Alah Air,Tebing Tinggi,Kepulauan Meranti,0.11,P2,Regenerasi alami terbantu,71.2,60,85,28,tinggi,Kondisi biofisik relatif mendukung pemulihan vegetasi.,mangrove-priority-2016-2025-v0.1
60,12,MPR-CEA28A89F3,Alah Air,Tebing Tinggi,Kepulauan Meranti,0.1,P2,Regenerasi alami terbantu,71.2,60,85,28,tinggi,Kondisi biofisik relatif mendukung pemulihan vegetasi.,mangrove-priority-2016-2025-v0.1
61,13,MPR-DE5922B569,Alah Air,Tebing Tinggi,Kepulauan Meranti,0.1,P2,Regenerasi alami terbantu,71.2,60,85,28,tinggi,Kondisi biofisik relatif mendukung pemulihan vegetasi.,mangrove-priority-2016-2025-v0.1
62,14,MPR-AB5E100706,Alah Air,Tebing Tinggi,Kepulauan Meranti,0.09,P2,Regenerasi alami terbantu,71.2,60,85,28,tinggi,Kondisi biofisik relatif mendukung pemulihan vegetasi.,mangrove-priority-2016-2025-v0.1
63,15,MPR-1B1E66ABF9,Alah Air,Tebing Tinggi,Kepulauan Meranti,0.08,P2,Regenerasi alami terbantu,71.2,60,85,28,tinggi,Kondisi biofisik relatif mendukung pemulihan vegetasi.,mangrove-priority-2016-2025-v0.1
64,16,MPR-26A983B14B,Alah Air,Tebing Tinggi,Kepulauan Meranti,0.08,P2,Regenerasi alami terbantu,71.2,60,85,28,tinggi,Kondisi biofisik relatif mendukung pemulihan vegetasi.,mangrove-priority-2016-2025-v0.1
65,17,MPR-CC5963B8E1,Alah Air,Tebing Tinggi,Kepulauan Meranti,0.08,P2,Regenerasi alami terbantu,71.2,60,85,28,tinggi,Kondisi biofisik relatif mendukung pemulihan vegetasi.,mangrove-priority-2016-2025-v0.1
66,18,MPR-FF2DEDC4F2,Alah Air,Tebing Tinggi,Kepulauan Meranti,0.08,P2,Regenerasi alami terbantu,71.2,60,85,28,tinggi,Kondisi biofisik relatif mendukung pemulihan vegetasi.,mangrove-priority-2016-2025-v0.1
67,19,MPR-B8309021EC,Alah Air,Tebing Tinggi,Kepulauan Meranti,0.054,P2,Regenerasi alami terbantu,71.2,60,85,28,tinggi,Kondisi biofisik relatif mendukung pemulihan vegetasi.,mangrove-priority-2016-2025-v0.1
68,20,MPR-C5536B2979,Alah Air,Tebing Tinggi,Kepulauan Meranti,0.05,X,Tidak direkomendasikan,71.2,60,85,28,tinggi,Area terlalu kecil dan terisolasi untuk diprioritaskan.,mangrove-priority-2016-2025-v0.1
69,49,MPR-53A7AF5422,Kelurahan Selatpanjang Kota,Tebing Tinggi,Kepulauan Meranti,1.19,P2,Regenerasi alami terbantu,71.0,62,83,30,tinggi,Kondisi biofisik relatif mendukung pemulihan vegetasi.,mangrove-priority-2016-2025-v0.1
70,50,MPR-7373D05D61,Kelurahan Selatpanjang Kota,Tebing Tinggi,Kepulauan Meranti,1.13,P2,Regenerasi alami terbantu,71.0,62,83,30,tinggi,Kondisi biofisik relatif mendukung pemulihan vegetasi.,mangrove-priority-2016-2025-v0.1
71,21,MPR-9CA4CDD97C,Alah Air,Tebing Tinggi,Kepulauan Meranti,0.73,P2,Regenerasi alami terbantu,71.0,61,84,29,tinggi,Kondisi biofisik relatif mendukung pemulihan vegetasi.,mangrove-priority-2016-2025-v0.1
72,22,MPR-C3BF887F73,Alah Air,Tebing Tinggi,Kepulauan Meranti,0.705,P2,Regenerasi alami terbantu,71.0,61,84,29,tinggi,Kondisi biofisik relatif mendukung pemulihan vegetasi.,mangrove-priority-2016-2025-v0.1
73,23,MPR-10A5DB17B4,Alah Air,Tebing Tinggi,Kepulauan Meranti,1.15,P2,Regenerasi alami terbantu,70.7,61,83,29,tinggi,Kondisi biofisik relatif mendukung pemulihan vegetasi.,mangrove-priority-2016-2025-v0.1
74,1,MPR-E5C2916FEC,Tanjung Bakau,Rangsang,Kepulauan Meranti,0.258,P2,Regenerasi alami terbantu,70.7,59,85,28,tinggi,Kondisi biofisik relatif mendukung pemulihan vegetasi.,mangrove-priority-2016-2025-v0.1
75,2,MPR-69D07B4C23,Tanjung Bakau,Rangsang,Kepulauan Meranti,0.21,P2,Regenerasi alami terbantu,70.7,59,85,28,tinggi,Kondisi biofisik relatif mendukung pemulihan vegetasi.,mangrove-priority-2016-2025-v0.1
76,3,MPR-4524F883A3,Tanjung Bakau,Rangsang,Kepulauan Meranti,0.19,P2,Regenerasi alami terbantu,70.7,59,85,28,tinggi,Kondisi biofisik relatif mendukung pemulihan vegetasi.,mangrove-priority-2016-2025-v0.1
77,4,MPR-8435B9AC42,Tanjung Bakau,Rangsang,Kepulauan Meranti,0.15,P2,Regenerasi alami terbantu,70.7,59,85,28,tinggi,Kondisi biofisik relatif mendukung pemulihan vegetasi.,mangrove-priority-2016-2025-v0.1
78,5,MPR-3126421237,Tanjung Bakau,Rangsang,Kepulauan Meranti,0.14,P2,Regenerasi alami terbantu,70.7,59,85,28,tinggi,Kondisi biofisik relatif mendukung pemulihan vegetasi.,mangrove-priority-2016-2025-v0.1
79,6,MPR-3D76CF481F,Tanjung Bakau,Rangsang,Kepulauan Meranti,0.14,P2,Regenerasi alami terbantu,70.7,59,85,28,tinggi,Kondisi biofisik relatif mendukung pemulihan vegetasi.,mangrove-priority-2016-2025-v0.1
80,7,MPR-59810547E2,Tanjung Bakau,Rangsang,Kepulauan Meranti,0.14,P2,Regenerasi alami terbantu,70.7,59,85,28,tinggi,Kondisi biofisik relatif mendukung pemulihan vegetasi.,mangrove-priority-2016-2025-v0.1
81,8,MPR-DC867CA5CE,Tanjung Bakau,Rangsang,Kepulauan Meranti,0.14,P2,Regenerasi alami terbantu,70.7,59,85,28,tinggi,Kondisi biofisik relatif mendukung pemulihan vegetasi.,mangrove-priority-2016-2025-v0.1
82,9,MPR-BD9CC86C8E,Tanjung Bakau,Rangsang,Kepulauan Meranti,0.131,P2,Regenerasi alami terbantu,70.7,59,85,28,tinggi,Kondisi biofisik relatif mendukung pemulihan vegetasi.,mangrove-priority-2016-2025-v0.1
83,10,MPR-3A39A2078E,Tanjung Bakau,Rangsang,Kepulauan Meranti,0.11,P2,Regenerasi alami terbantu,70.7,59,85,28,tinggi,Kondisi biofisik relatif mendukung pemulihan vegetasi.,mangrove-priority-2016-2025-v0.1
84,11,MPR-8B0AF59A14,Tanjung Bakau,Rangsang,Kepulauan Meranti,0.11,P2,Regenerasi alami terbantu,70.7,59,85,28,tinggi,Kondisi biofisik relatif mendukung pemulihan vegetasi.,mangrove-priority-2016-2025-v0.1
85,12,MPR-9E80905844,Tanjung Bakau,Rangsang,Kepulauan Meranti,0.1,P2,Regenerasi alami terbantu,70.7,59,85,28,tinggi,Kondisi biofisik relatif mendukung pemulihan vegetasi.,mangrove-priority-2016-2025-v0.1
86,13,MPR-7ECF2025AA,Tanjung Bakau,Rangsang,Kepulauan Meranti,0.064,P2,Regenerasi alami terbantu,70.7,59,85,28,tinggi,Kondisi biofisik relatif mendukung pemulihan vegetasi.,mangrove-priority-2016-2025-v0.1
87,14,MPR-C3FDB7FF83,Tanjung Bakau,Rangsang,Kepulauan Meranti,0.061,P2,Regenerasi alami terbantu,70.7,59,85,28,tinggi,Kondisi biofisik relatif mendukung pemulihan vegetasi.,mangrove-priority-2016-2025-v0.1
88,15,MPR-4E9F69A2F8,Tanjung Bakau,Rangsang,Kepulauan Meranti,0.05,P2,Regenerasi alami terbantu,70.7,59,85,28,tinggi,Kondisi biofisik relatif mendukung pemulihan vegetasi.,mangrove-priority-2016-2025-v0.1
89,16,MPR-7EB6B8ABDF,Tanjung Bakau,Rangsang,Kepulauan Meranti,0.668,P2,Regenerasi alami terbantu,70.6,60,84,29,tinggi,Kondisi biofisik relatif mendukung pemulihan vegetasi.,mangrove-priority-2016-2025-v0.1
90,51,MPR-973C58EDF9,Kelurahan Selatpanjang Kota,Tebing Tinggi,Kepulauan Meranti,3.65,P1,Penanaman aktif,70.5,65,80,34,tinggi,Kebutuhan dan kelayakan relatif tinggi.,mangrove-priority-2016-2025-v0.1
91,17,MPR-097A6B7E82,Tanjung Bakau,Rangsang,Kepulauan Meranti,1.011,P2,Regenerasi alami terbantu,70.4,60,84,30,tinggi,Kondisi biofisik relatif mendukung pemulihan vegetasi.,mangrove-priority-2016-2025-v0.1
92,1,MPR-7992CB32CD,Anak Setatah,Rangsang Barat,Kepulauan Meranti,0.19,P2,Regenerasi alami terbantu,70.3,59,85,30,sedang,Kondisi biofisik relatif mendukung pemulihan vegetasi.,mangrove-priority-2016-2025-v0.1
93,2,MPR-A5DCF1F74D,Anak Setatah,Rangsang Barat,Kepulauan Meranti,0.19,P2,Regenerasi alami terbantu,70.3,59,85,30,sedang,Kondisi biofisik relatif mendukung pemulihan vegetasi.,mangrove-priority-2016-2025-v0.1
94,3,MPR-34A4B534DF,Anak Setatah,Rangsang Barat,Kepulauan Meranti,0.18,P2,Regenerasi alami terbantu,70.3,59,85,30,sedang,Kondisi biofisik relatif mendukung pemulihan vegetasi.,mangrove-priority-2016-2025-v0.1
95,4,MPR-0F8794D636,Anak Setatah,Rangsang Barat,Kepulauan Meranti,0.156,P2,Regenerasi alami terbantu,70.3,59,85,30,sedang,Kondisi biofisik relatif mendukung pemulihan vegetasi.,mangrove-priority-2016-2025-v0.1
96,5,MPR-2D9C3734D4,Anak Setatah,Rangsang Barat,Kepulauan Meranti,0.152,P2,Regenerasi alami terbantu,70.3,59,85,30,sedang,Kondisi biofisik relatif mendukung pemulihan vegetasi.,mangrove-priority-2016-2025-v0.1
97,6,MPR-EFC0B8F4AD,Anak Setatah,Rangsang Barat,Kepulauan Meranti,0.15,P2,Regenerasi alami terbantu,70.3,59,85,30,sedang,Kondisi biofisik relatif mendukung pemulihan vegetasi.,mangrove-priority-2016-2025-v0.1
98,7,MPR-2EA1FB4735,Anak Setatah,Rangsang Barat,Kepulauan Meranti,0.14,P2,Regenerasi alami terbantu,70.3,59,85,30,sedang,Kondisi biofisik relatif mendukung pemulihan vegetasi.,mangrove-priority-2016-2025-v0.1
99,8,MPR-39C4C24E9A,Anak Setatah,Rangsang Barat,Kepulauan Meranti,0.14,P2,Regenerasi alami terbantu,70.3,59,85,30,sedang,Kondisi biofisik relatif mendukung pemulihan vegetasi.,mangrove-priority-2016-2025-v0.1
100,9,MPR-C3467EAA43,Anak Setatah,Rangsang Barat,Kepulauan Meranti,0.14,P2,Regenerasi alami terbantu,70.3,59,85,30,sedang,Kondisi biofisik relatif mendukung pemulihan vegetasi.,mangrove-priority-2016-2025-v0.1
101,10,MPR-DE7CBD8885,Anak Setatah,Rangsang Barat,Kepulauan Meranti,0.14,P2,Regenerasi alami terbantu,70.3,59,85,30,sedang,Kondisi biofisik relatif mendukung pemulihan vegetasi.,mangrove-priority-2016-2025-v0.1
102,11,MPR-8E6D4DA54F,Anak Setatah,Rangsang Barat,Kepulauan Meranti,0.13,P2,Regenerasi alami terbantu,70.3,59,85,30,sedang,Kondisi biofisik relatif mendukung pemulihan vegetasi.,mangrove-priority-2016-2025-v0.1
103,12,MPR-1C72CED521,Anak Setatah,Rangsang Barat,Kepulauan Meranti,0.12,P2,Regenerasi alami terbantu,70.3,59,85,30,sedang,Kondisi biofisik relatif mendukung pemulihan vegetasi.,mangrove-priority-2016-2025-v0.1
104,13,MPR-62C2148F4A,Anak Setatah,Rangsang Barat,Kepulauan Meranti,0.11,P2,Regenerasi alami terbantu,70.3,59,85,30,sedang,Kondisi biofisik relatif mendukung pemulihan vegetasi.,mangrove-priority-2016-2025-v0.1
105,14,MPR-CDFEC9C296,Anak Setatah,Rangsang Barat,Kepulauan Meranti,0.1,P2,Regenerasi alami terbantu,70.3,59,85,30,sedang,Kondisi biofisik relatif mendukung pemulihan vegetasi.,mangrove-priority-2016-2025-v0.1
106,15,MPR-CE2F9AF7BC,Anak Setatah,Rangsang Barat,Kepulauan Meranti,0.1,P2,Regenerasi alami terbantu,70.3,59,85,30,sedang,Kondisi biofisik relatif mendukung pemulihan vegetasi.,mangrove-priority-2016-2025-v0.1
107,16,MPR-DF6533F7CD,Anak Setatah,Rangsang Barat,Kepulauan Meranti,0.1,P2,Regenerasi alami terbantu,70.3,59,85,30,sedang,Kondisi biofisik relatif mendukung pemulihan vegetasi.,mangrove-priority-2016-2025-v0.1
108,17,MPR-A33800F4A6,Anak Setatah,Rangsang Barat,Kepulauan Meranti,0.05,P2,Regenerasi alami terbantu,70.3,59,85,30,sedang,Kondisi biofisik relatif mendukung pemulihan vegetasi.,mangrove-priority-2016-2025-v0.1
109,18,MPR-F8AD1AD17E,Anak Setatah,Rangsang Barat,Kepulauan Meranti,0.87,P2,Regenerasi alami terbantu,70.2,60,84,31,sedang,Kondisi biofisik relatif mendukung pemulihan vegetasi.,mangrove-priority-2016-2025-v0.1
110,19,MPR-5975531E31,Anak Setatah,Rangsang Barat,Kepulauan Meranti,0.85,P2,Regenerasi alami terbantu,70.2,60,84,31,sedang,Kondisi biofisik relatif mendukung pemulihan vegetasi.,mangrove-priority-2016-2025-v0.1
111,20,MPR-B0070ABF21,Anak Setatah,Rangsang Barat,Kepulauan Meranti,0.71,P2,Regenerasi alami terbantu,70.2,60,84,31,sedang,Kondisi biofisik relatif mendukung pemulihan vegetasi.,mangrove-priority-2016-2025-v0.1
112,18,MPR-5C6B6B8960,Tanjung Bakau,Rangsang,Kepulauan Meranti,0.402,P2,Regenerasi alami terbantu,70.2,59,84,29,tinggi,Kondisi biofisik relatif mendukung pemulihan vegetasi.,mangrove-priority-2016-2025-v0.1
113,19,MPR-857F24FE66,Tanjung Bakau,Rangsang,Kepulauan Meranti,0.36,P2,Regenerasi alami terbantu,70.2,59,84,29,tinggi,Kondisi biofisik relatif mendukung pemulihan vegetasi.,mangrove-priority-2016-2025-v0.1
114,21,MPR-8430963E95,Anak Setatah,Rangsang Barat,Kepulauan Meranti,1.4,P2,Regenerasi alami terbantu,70.1,61,83,32,sedang,Kondisi biofisik relatif mendukung pemulihan vegetasi.,mangrove-priority-2016-2025-v0.1
115,22,MPR-8E85AE4D48,Anak Setatah,Rangsang Barat,Kepulauan Meranti,0.26,P2,Regenerasi alami terbantu,70.1,59,85,31,sedang,Kondisi biofisik relatif mendukung pemulihan vegetasi.,mangrove-priority-2016-2025-v0.1
116,20,MPR-3AF9CA6B3B,Tanjung Bakau,Rangsang,Kepulauan Meranti,2.071,P2,Regenerasi alami terbantu,70.0,61,82,31,tinggi,Kondisi biofisik relatif mendukung pemulihan vegetasi.,mangrove-priority-2016-2025-v0.1
117,24,MPR-A7EC0A46D9,Alah Air,Tebing Tinggi,Kepulauan Meranti,5.848,P1,Penanaman aktif,69.9,67,77,36,tinggi,Kebutuhan dan kelayakan relatif tinggi.,mangrove-priority-2016-2025-v0.1
118,1,MPR-894F706358,Teluk Samak,Rangsang,Kepulauan Meranti,0.62,P2,Regenerasi alami terbantu,69.9,58,84,28,tinggi,Kondisi biofisik relatif mendukung pemulihan vegetasi.,mangrove-priority-2016-2025-v0.1
119,2,MPR-51BB0BD947,Teluk Samak,Rangsang,Kepulauan Meranti,0.6,P2,Regenerasi alami terbantu,69.9,58,84,28,tinggi,Kondisi biofisik relatif mendukung pemulihan vegetasi.,mangrove-priority-2016-2025-v0.1
120,3,MPR-8082F55BF0,Teluk Samak,Rangsang,Kepulauan Meranti,0.6,P2,Regenerasi alami terbantu,69.9,58,84,28,tinggi,Kondisi biofisik relatif mendukung pemulihan vegetasi.,mangrove-priority-2016-2025-v0.1
121,4,MPR-DFFE6EEC38,Teluk Samak,Rangsang,Kepulauan Meranti,0.59,P2,Regenerasi alami terbantu,69.9,58,84,28,tinggi,Kondisi biofisik relatif mendukung pemulihan vegetasi.,mangrove-priority-2016-2025-v0.1
122,1,MPR-10018D4C00,Nipah Sendanu,Tebing Tinggi Timur,Kepulauan Meranti,0.55,P2,Regenerasi alami terbantu,69.9,58,84,28,tinggi,Kondisi biofisik relatif mendukung pemulihan vegetasi.,mangrove-priority-2016-2025-v0.1
123,2,MPR-E12F4B0A04,Nipah Sendanu,Tebing Tinggi Timur,Kepulauan Meranti,0.427,P2,Regenerasi alami terbantu,69.9,58,84,28,tinggi,Kondisi biofisik relatif mendukung pemulihan vegetasi.,mangrove-priority-2016-2025-v0.1
124,1,MPR-A62F516B4A,Repan,Rangsang,Kepulauan Meranti,0.79,P2,Regenerasi alami terbantu,69.8,59,84,31,tinggi,Kondisi biofisik relatif mendukung pemulihan vegetasi.,mangrove-priority-2016-2025-v0.1
125,2,MPR-9E516801F0,Repan,Rangsang,Kepulauan Meranti,0.61,P2,Regenerasi alami terbantu,69.8,59,84,31,tinggi,Kondisi biofisik relatif mendukung pemulihan vegetasi.,mangrove-priority-2016-2025-v0.1
126,3,MPR-E571CE60EE,Repan,Rangsang,Kepulauan Meranti,0.56,P2,Regenerasi alami terbantu,69.8,59,84,31,tinggi,Kondisi biofisik relatif mendukung pemulihan vegetasi.,mangrove-priority-2016-2025-v0.1
127,4,MPR-9071105DDB,Repan,Rangsang,Kepulauan Meranti,0.45,P2,Regenerasi alami terbantu,69.8,59,84,31,tinggi,Kondisi biofisik relatif mendukung pemulihan vegetasi.,mangrove-priority-2016-2025-v0.1
128,5,MPR-0D5AB5F670,Repan,Rangsang,Kepulauan Meranti,0.42,P2,Regenerasi alami terbantu,69.8,59,84,31,tinggi,Kondisi biofisik relatif mendukung pemulihan vegetasi.,mangrove-priority-2016-2025-v0.1
129,3,MPR-30E9D8257A,Nipah Sendanu,Tebing Tinggi Timur,Kepulauan Meranti,0.346,P2,Regenerasi alami terbantu,69.8,57,85,28,tinggi,Kondisi biofisik relatif mendukung pemulihan vegetasi.,mangrove-priority-2016-2025-v0.1
130,6,MPR-7DA66F2ED5,Repan,Rangsang,Kepulauan Meranti,0.3,P2,Regenerasi alami terbantu,69.8,58,85,30,tinggi,Kondisi biofisik relatif mendukung pemulihan vegetasi.,mangrove-priority-2016-2025-v0.1
131,7,MPR-E20EB1E99C,Repan,Rangsang,Kepulauan Meranti,0.3,P2,Regenerasi alami terbantu,69.8,58,85,30,tinggi,Kondisi biofisik relatif mendukung pemulihan vegetasi.,mangrove-priority-2016-2025-v0.1
132,8,MPR-D7E5CFE5BD,Repan,Rangsang,Kepulauan Meranti,0.294,P2,Regenerasi alami terbantu,69.8,58,85,30,tinggi,Kondisi biofisik relatif mendukung pemulihan vegetasi.,mangrove-priority-2016-2025-v0.1
133,4,MPR-DE0D06CB4D,Nipah Sendanu,Tebing Tinggi Timur,Kepulauan Meranti,0.29,P2,Regenerasi alami terbantu,69.8,57,85,28,tinggi,Kondisi biofisik relatif mendukung pemulihan vegetasi.,mangrove-priority-2016-2025-v0.1
134,5,MPR-FC24738695,Teluk Samak,Rangsang,Kepulauan Meranti,0.29,P2,Regenerasi alami terbantu,69.8,57,85,28,tinggi,Kondisi biofisik relatif mendukung pemulihan vegetasi.,mangrove-priority-2016-2025-v0.1
135,9,MPR-B1D3452CB5,Repan,Rangsang,Kepulauan Meranti,0.28,P2,Regenerasi alami terbantu,69.8,58,85,30,tinggi,Kondisi biofisik relatif mendukung pemulihan vegetasi.,mangrove-priority-2016-2025-v0.1
136,6,MPR-F42CA0F1AC,Teluk Samak,Rangsang,Kepulauan Meranti,0.26,P2,Regenerasi alami terbantu,69.8,57,85,28,tinggi,Kondisi biofisik relatif mendukung pemulihan vegetasi.,mangrove-priority-2016-2025-v0.1
137,10,MPR-91CA2174CA,Repan,Rangsang,Kepulauan Meranti,0.241,P2,Regenerasi alami terbantu,69.8,58,85,30,tinggi,Kondisi biofisik relatif mendukung pemulihan vegetasi.,mangrove-priority-2016-2025-v0.1
138,5,MPR-CD6F5350D1,Nipah Sendanu,Tebing Tinggi Timur,Kepulauan Meranti,0.24,P2,Regenerasi alami terbantu,69.8,57,85,28,tinggi,Kondisi biofisik relatif mendukung pemulihan vegetasi.,mangrove-priority-2016-2025-v0.1
139,7,MPR-F06190507C,Teluk Samak,Rangsang,Kepulauan Meranti,0.235,P2,Regenerasi alami terbantu,69.8,57,85,28,tinggi,Kondisi biofisik relatif mendukung pemulihan vegetasi.,mangrove-priority-2016-2025-v0.1
140,11,MPR-100C07F661,Repan,Rangsang,Kepulauan Meranti,0.23,P2,Regenerasi alami terbantu,69.8,58,85,30,tinggi,Kondisi biofisik relatif mendukung pemulihan vegetasi.,mangrove-priority-2016-2025-v0.1
141,6,MPR-6A37858448,Nipah Sendanu,Tebing Tinggi Timur,Kepulauan Meranti,0.22,P2,Regenerasi alami terbantu,69.8,57,85,28,tinggi,Kondisi biofisik relatif mendukung pemulihan vegetasi.,mangrove-priority-2016-2025-v0.1
142,7,MPR-9F37F3F146,Nipah Sendanu,Tebing Tinggi Timur,Kepulauan Meranti,0.22,P2,Regenerasi alami terbantu,69.8,57,85,28,tinggi,Kondisi biofisik relatif mendukung pemulihan vegetasi.,mangrove-priority-2016-2025-v0.1
143,8,MPR-F213DE6398,Nipah Sendanu,Tebing Tinggi Timur,Kepulauan Meranti,0.22,P2,Regenerasi alami terbantu,69.8,57,85,28,tinggi,Kondisi biofisik relatif mendukung pemulihan vegetasi.,mangrove-priority-2016-2025-v0.1
144,9,MPR-B866D8FDF0,Nipah Sendanu,Tebing Tinggi Timur,Kepulauan Meranti,0.21,P2,Regenerasi alami terbantu,69.8,57,85,28,tinggi,Kondisi biofisik relatif mendukung pemulihan vegetasi.,mangrove-priority-2016-2025-v0.1
145,12,MPR-6339F1C342,Repan,Rangsang,Kepulauan Meranti,0.2,P2,Regenerasi alami terbantu,69.8,58,85,30,tinggi,Kondisi biofisik relatif mendukung pemulihan vegetasi.,mangrove-priority-2016-2025-v0.1
146,10,MPR-87437F210D,Nipah Sendanu,Tebing Tinggi Timur,Kepulauan Meranti,0.2,P2,Regenerasi alami terbantu,69.8,57,85,28,tinggi,Kondisi biofisik relatif mendukung pemulihan vegetasi.,mangrove-priority-2016-2025-v0.1
147,11,MPR-EE6676FE7C,Nipah Sendanu,Tebing Tinggi Timur,Kepulauan Meranti,0.2,P2,Regenerasi alami terbantu,69.8,57,85,28,tinggi,Kondisi biofisik relatif mendukung pemulihan vegetasi.,mangrove-priority-2016-2025-v0.1
148,13,MPR-D6D60F95C5,Repan,Rangsang,Kepulauan Meranti,0.196,P2,Regenerasi alami terbantu,69.8,58,85,30,tinggi,Kondisi biofisik relatif mendukung pemulihan vegetasi.,mangrove-priority-2016-2025-v0.1
149,14,MPR-31BC874D30,Repan,Rangsang,Kepulauan Meranti,0.19,P2,Regenerasi alami terbantu,69.8,58,85,30,tinggi,Kondisi biofisik relatif mendukung pemulihan vegetasi.,mangrove-priority-2016-2025-v0.1
150,8,MPR-26B6EBF740,Teluk Samak,Rangsang,Kepulauan Meranti,0.18,P2,Regenerasi alami terbantu,69.8,57,85,28,tinggi,Kondisi biofisik relatif mendukung pemulihan vegetasi.,mangrove-priority-2016-2025-v0.1
151,15,MPR-3615B82AAE,Repan,Rangsang,Kepulauan Meranti,0.18,P2,Regenerasi alami terbantu,69.8,58,85,30,tinggi,Kondisi biofisik relatif mendukung pemulihan vegetasi.,mangrove-priority-2016-2025-v0.1
152,9,MPR-A125E483E3,Teluk Samak,Rangsang,Kepulauan Meranti,0.18,P2,Regenerasi alami terbantu,69.8,57,85,28,tinggi,Kondisi biofisik relatif mendukung pemulihan vegetasi.,mangrove-priority-2016-2025-v0.1
153,12,MPR-F071141B29,Nipah Sendanu,Tebing Tinggi Timur,Kepulauan Meranti,0.18,P2,Regenerasi alami terbantu,69.8,57,85,28,tinggi,Kondisi biofisik relatif mendukung pemulihan vegetasi.,mangrove-priority-2016-2025-v0.1
154,13,MPR-D443C81436,Nipah Sendanu,Tebing Tinggi Timur,Kepulauan Meranti,0.178,P2,Regenerasi alami terbantu,69.8,57,85,28,tinggi,Kondisi biofisik relatif mendukung pemulihan vegetasi.,mangrove-priority-2016-2025-v0.1
155,10,MPR-70B1F954BD,Teluk Samak,Rangsang,Kepulauan Meranti,0.17,P2,Regenerasi alami terbantu,69.8,57,85,28,tinggi,Kondisi biofisik relatif mendukung pemulihan vegetasi.,mangrove-priority-2016-2025-v0.1
156,16,MPR-7B49071ED8,Repan,Rangsang,Kepulauan Meranti,0.17,P2,Regenerasi alami terbantu,69.8,58,85,30,tinggi,Kondisi biofisik relatif mendukung pemulihan vegetasi.,mangrove-priority-2016-2025-v0.1
157,17,MPR-C1E822460C,Repan,Rangsang,Kepulauan Meranti,0.164,P2,Regenerasi alami terbantu,69.8,58,85,30,tinggi,Kondisi biofisik relatif mendukung pemulihan vegetasi.,mangrove-priority-2016-2025-v0.1
158,14,MPR-01B08BDEE3,Nipah Sendanu,Tebing Tinggi Timur,Kepulauan Meranti,0.16,P2,Regenerasi alami terbantu,69.8,57,85,28,tinggi,Kondisi biofisik relatif mendukung pemulihan vegetasi.,mangrove-priority-2016-2025-v0.1
159,15,MPR-4C0AD7B035,Nipah Sendanu,Tebing Tinggi Timur,Kepulauan Meranti,0.16,P2,Regenerasi alami terbantu,69.8,57,85,28,tinggi,Kondisi biofisik relatif mendukung pemulihan vegetasi.,mangrove-priority-2016-2025-v0.1
160,11,MPR-F34591B52A,Teluk Samak,Rangsang,Kepulauan Meranti,0.16,P2,Regenerasi alami terbantu,69.8,57,85,28,tinggi,Kondisi biofisik relatif mendukung pemulihan vegetasi.,mangrove-priority-2016-2025-v0.1
161,18,MPR-6BF6113A6E,Repan,Rangsang,Kepulauan Meranti,0.159,P2,Regenerasi alami terbantu,69.8,58,85,30,tinggi,Kondisi biofisik relatif mendukung pemulihan vegetasi.,mangrove-priority-2016-2025-v0.1
162,12,MPR-8B217AFDF5,Teluk Samak,Rangsang,Kepulauan Meranti,0.15,P2,Regenerasi alami terbantu,69.8,57,85,28,tinggi,Kondisi biofisik relatif mendukung pemulihan vegetasi.,mangrove-priority-2016-2025-v0.1
163,19,MPR-F71E357387,Repan,Rangsang,Kepulauan Meranti,0.15,P2,Regenerasi alami terbantu,69.8,58,85,30,tinggi,Kondisi biofisik relatif mendukung pemulihan vegetasi.,mangrove-priority-2016-2025-v0.1
164,20,MPR-89869AADE1,Repan,Rangsang,Kepulauan Meranti,0.14,P2,Regenerasi alami terbantu,69.8,58,85,30,tinggi,Kondisi biofisik relatif mendukung pemulihan vegetasi.,mangrove-priority-2016-2025-v0.1
165,21,MPR-3EB83D3AEA,Repan,Rangsang,Kepulauan Meranti,0.138,P2,Regenerasi alami terbantu,69.8,58,85,30,tinggi,Kondisi biofisik relatif mendukung pemulihan vegetasi.,mangrove-priority-2016-2025-v0.1
166,22,MPR-0D2EDEF150,Repan,Rangsang,Kepulauan Meranti,0.13,P2,Regenerasi alami terbantu,69.8,58,85,30,tinggi,Kondisi biofisik relatif mendukung pemulihan vegetasi.,mangrove-priority-2016-2025-v0.1
167,13,MPR-5FF142BCE7,Teluk Samak,Rangsang,Kepulauan Meranti,0.13,P2,Regenerasi alami terbantu,69.8,57,85,28,tinggi,Kondisi biofisik relatif mendukung pemulihan vegetasi.,mangrove-priority-2016-2025-v0.1
168,23,MPR-68B6587349,Repan,Rangsang,Kepulauan Meranti,0.13,P2,Regenerasi alami terbantu,69.8,58,85,30,tinggi,Kondisi biofisik relatif mendukung pemulihan vegetasi.,mangrove-priority-2016-2025-v0.1
169,14,MPR-A1DF1E15F3,Teluk Samak,Rangsang,Kepulauan Meranti,0.13,P2,Regenerasi alami terbantu,69.8,57,85,28,tinggi,Kondisi biofisik relatif mendukung pemulihan vegetasi.,mangrove-priority-2016-2025-v0.1
170,16,MPR-B2B6A971FA,Nipah Sendanu,Tebing Tinggi Timur,Kepulauan Meranti,0.13,P2,Regenerasi alami terbantu,69.8,57,85,28,tinggi,Kondisi biofisik relatif mendukung pemulihan vegetasi.,mangrove-priority-2016-2025-v0.1
171,24,MPR-D46E0A8EEC,Repan,Rangsang,Kepulauan Meranti,0.13,P2,Regenerasi alami terbantu,69.8,58,85,30,tinggi,Kondisi biofisik relatif mendukung pemulihan vegetasi.,mangrove-priority-2016-2025-v0.1
172,15,MPR-65DC7554C7,Teluk Samak,Rangsang,Kepulauan Meranti,0.12,P2,Regenerasi alami terbantu,69.8,57,85,28,tinggi,Kondisi biofisik relatif mendukung pemulihan vegetasi.,mangrove-priority-2016-2025-v0.1
173,17,MPR-BFF6EA7A76,Nipah Sendanu,Tebing Tinggi Timur,Kepulauan Meranti,0.12,P2,Regenerasi alami terbantu,69.8,57,85,28,tinggi,Kondisi biofisik relatif mendukung pemulihan vegetasi.,mangrove-priority-2016-2025-v0.1
174,16,MPR-CFE82B1241,Teluk Samak,Rangsang,Kepulauan Meranti,0.116,P2,Regenerasi alami terbantu,69.8,57,85,28,tinggi,Kondisi biofisik relatif mendukung pemulihan vegetasi.,mangrove-priority-2016-2025-v0.1
175,18,MPR-4ADE724D74,Nipah Sendanu,Tebing Tinggi Timur,Kepulauan Meranti,0.11,P2,Regenerasi alami terbantu,69.8,57,85,28,tinggi,Kondisi biofisik relatif mendukung pemulihan vegetasi.,mangrove-priority-2016-2025-v0.1
176,19,MPR-9BA4A9453E,Nipah Sendanu,Tebing Tinggi Timur,Kepulauan Meranti,0.11,P2,Regenerasi alami terbantu,69.8,57,85,28,tinggi,Kondisi biofisik relatif mendukung pemulihan vegetasi.,mangrove-priority-2016-2025-v0.1
177,20,MPR-00E93FFB51,Nipah Sendanu,Tebing Tinggi Timur,Kepulauan Meranti,0.1,P2,Regenerasi alami terbantu,69.8,57,85,28,tinggi,Kondisi biofisik relatif mendukung pemulihan vegetasi.,mangrove-priority-2016-2025-v0.1
178,25,MPR-2EB04463E9,Repan,Rangsang,Kepulauan Meranti,0.1,P2,Regenerasi alami terbantu,69.8,58,85,30,tinggi,Kondisi biofisik relatif mendukung pemulihan vegetasi.,mangrove-priority-2016-2025-v0.1
179,26,MPR-816760DFB7,Repan,Rangsang,Kepulauan Meranti,0.1,P2,Regenerasi alami terbantu,69.8,58,85,30,tinggi,Kondisi biofisik relatif mendukung pemulihan vegetasi.,mangrove-priority-2016-2025-v0.1
180,27,MPR-8281E2B7BF,Repan,Rangsang,Kepulauan Meranti,0.1,P2,Regenerasi alami terbantu,69.8,58,85,30,tinggi,Kondisi biofisik relatif mendukung pemulihan vegetasi.,mangrove-priority-2016-2025-v0.1
181,21,MPR-A518A04520,Nipah Sendanu,Tebing Tinggi Timur,Kepulauan Meranti,0.1,P2,Regenerasi alami terbantu,69.8,57,85,28,tinggi,Kondisi biofisik relatif mendukung pemulihan vegetasi.,mangrove-priority-2016-2025-v0.1
182,22,MPR-1192514688,Nipah Sendanu,Tebing Tinggi Timur,Kepulauan Meranti,0.091,P2,Regenerasi alami terbantu,69.8,57,85,28,tinggi,Kondisi biofisik relatif mendukung pemulihan vegetasi.,mangrove-priority-2016-2025-v0.1
183,23,MPR-34CF901B9E,Nipah Sendanu,Tebing Tinggi Timur,Kepulauan Meranti,0.08,P2,Regenerasi alami terbantu,69.8,57,85,28,tinggi,Kondisi biofisik relatif mendukung pemulihan vegetasi.,mangrove-priority-2016-2025-v0.1
184,28,MPR-85CE05DD00,Repan,Rangsang,Kepulauan Meranti,0.08,P2,Regenerasi alami terbantu,69.8,58,85,30,tinggi,Kondisi biofisik relatif mendukung pemulihan vegetasi.,mangrove-priority-2016-2025-v0.1
185,17,MPR-9C1E3CAF05,Teluk Samak,Rangsang,Kepulauan Meranti,0.08,P2,Regenerasi alami terbantu,69.8,57,85,28,tinggi,Kondisi biofisik relatif mendukung pemulihan vegetasi.,mangrove-priority-2016-2025-v0.1
186,24,MPR-E30F107A26,Nipah Sendanu,Tebing Tinggi Timur,Kepulauan Meranti,0.08,P2,Regenerasi alami terbantu,69.8,57,85,28,tinggi,Kondisi biofisik relatif mendukung pemulihan vegetasi.,mangrove-priority-2016-2025-v0.1
187,18,MPR-FAEFF641DC,Teluk Samak,Rangsang,Kepulauan Meranti,0.08,P2,Regenerasi alami terbantu,69.8,57,85,28,tinggi,Kondisi biofisik relatif mendukung pemulihan vegetasi.,mangrove-priority-2016-2025-v0.1
188,25,MPR-BF65E1597E,Nipah Sendanu,Tebing Tinggi Timur,Kepulauan Meranti,0.077,P2,Regenerasi alami terbantu,69.8,57,85,28,tinggi,Kondisi biofisik relatif mendukung pemulihan vegetasi.,mangrove-priority-2016-2025-v0.1
189,26,MPR-8F673A4BD0,Nipah Sendanu,Tebing Tinggi Timur,Kepulauan Meranti,0.063,P2,Regenerasi alami terbantu,69.8,57,85,28,tinggi,Kondisi biofisik relatif mendukung pemulihan vegetasi.,mangrove-priority-2016-2025-v0.1
190,29,MPR-F0E1CC89BA,Repan,Rangsang,Kepulauan Meranti,0.059,P2,Regenerasi alami terbantu,69.8,58,85,30,tinggi,Kondisi biofisik relatif mendukung pemulihan vegetasi.,mangrove-priority-2016-2025-v0.1
191,27,MPR-98168810DC,Nipah Sendanu,Tebing Tinggi Timur,Kepulauan Meranti,0.053,P2,Regenerasi alami terbantu,69.8,57,85,28,tinggi,Kondisi biofisik relatif mendukung pemulihan vegetasi.,mangrove-priority-2016-2025-v0.1
192,30,MPR-955048CF83,Repan,Rangsang,Kepulauan Meranti,0.052,P2,Regenerasi alami terbantu,69.8,58,85,30,tinggi,Kondisi biofisik relatif mendukung pemulihan vegetasi.,mangrove-priority-2016-2025-v0.1
193,31,MPR-326BEA3808,Repan,Rangsang,Kepulauan Meranti,0.05,P2,Regenerasi alami terbantu,69.8,58,85,30,tinggi,Kondisi biofisik relatif mendukung pemulihan vegetasi.,mangrove-priority-2016-2025-v0.1
194,32,MPR-538177F10F,Repan,Rangsang,Kepulauan Meranti,0.05,P2,Regenerasi alami terbantu,69.8,58,85,30,tinggi,Kondisi biofisik relatif mendukung pemulihan vegetasi.,mangrove-priority-2016-2025-v0.1
195,28,MPR-6F41DFD0BA,Nipah Sendanu,Tebing Tinggi Timur,Kepulauan Meranti,0.05,P2,Regenerasi alami terbantu,69.8,57,85,28,tinggi,Kondisi biofisik relatif mendukung pemulihan vegetasi.,mangrove-priority-2016-2025-v0.1
196,33,MPR-B8F784F58F,Repan,Rangsang,Kepulauan Meranti,0.05,P2,Regenerasi alami terbantu,69.8,58,85,30,tinggi,Kondisi biofisik relatif mendukung pemulihan vegetasi.,mangrove-priority-2016-2025-v0.1
197,19,MPR-F9346156C3,Teluk Samak,Rangsang,Kepulauan Meranti,0.05,P2,Regenerasi alami terbantu,69.8,57,85,28,tinggi,Kondisi biofisik relatif mendukung pemulihan vegetasi.,mangrove-priority-2016-2025-v0.1
198,23,MPR-5C9A323254,Anak Setatah,Rangsang Barat,Kepulauan Meranti,2.98,P2,Regenerasi alami terbantu,69.7,63,81,35,sedang,Kondisi biofisik relatif mendukung pemulihan vegetasi.,mangrove-priority-2016-2025-v0.1
199,34,MPR-6A84C93262,Repan,Rangsang,Kepulauan Meranti,1.398,P2,Regenerasi alami terbantu,69.7,60,83,32,tinggi,Kondisi biofisik relatif mendukung pemulihan vegetasi.,mangrove-priority-2016-2025-v0.1
200,20,MPR-3DC1FC403A,Teluk Samak,Rangsang,Kepulauan Meranti,0.96,P2,Regenerasi alami terbantu,69.7,58,84,29,tinggi,Kondisi biofisik relatif mendukung pemulihan vegetasi.,mangrove-priority-2016-2025-v0.1
201,29,MPR-9E99F70B40,Nipah Sendanu,Tebing Tinggi Timur,Kepulauan Meranti,0.768,P2,Regenerasi alami terbantu,69.7,58,84,29,tinggi,Kondisi biofisik relatif mendukung pemulihan vegetasi.,mangrove-priority-2016-2025-v0.1
202,21,MPR-BCDB34A8E9,Teluk Samak,Rangsang,Kepulauan Meranti,0.75,P2,Regenerasi alami terbantu,69.7,58,84,29,tinggi,Kondisi biofisik relatif mendukung pemulihan vegetasi.,mangrove-priority-2016-2025-v0.1
203,1,MPR-CF6661AF31,Tanah Merah,Rangsang Pesisir,Kepulauan Meranti,0.47,P2,Regenerasi alami terbantu,69.7,62,84,38,tinggi,Kondisi biofisik relatif mendukung pemulihan vegetasi.,mangrove-priority-2016-2025-v0.1
204,2,MPR-DAA929D56A,Tanah Merah,Rangsang Pesisir,Kepulauan Meranti,0.47,P2,Regenerasi alami terbantu,69.7,62,84,38,tinggi,Kondisi biofisik relatif mendukung pemulihan vegetasi.,mangrove-priority-2016-2025-v0.1
205,3,MPR-CE45410555,Tanah Merah,Rangsang Pesisir,Kepulauan Meranti,0.44,P2,Regenerasi alami terbantu,69.7,62,84,38,tinggi,Kondisi biofisik relatif mendukung pemulihan vegetasi.,mangrove-priority-2016-2025-v0.1
206,30,MPR-4C4F071028,Nipah Sendanu,Tebing Tinggi Timur,Kepulauan Meranti,1.76,P2,Regenerasi alami terbantu,69.6,59,83,30,tinggi,Kondisi biofisik relatif mendukung pemulihan vegetasi.,mangrove-priority-2016-2025-v0.1
207,22,MPR-BF8CD3211F,Teluk Samak,Rangsang,Kepulauan Meranti,1.68,P2,Regenerasi alami terbantu,69.6,59,83,30,tinggi,Kondisi biofisik relatif mendukung pemulihan vegetasi.,mangrove-priority-2016-2025-v0.1
208,31,MPR-FE37DF82A5,Nipah Sendanu,Tebing Tinggi Timur,Kepulauan Meranti,1.66,P2,Regenerasi alami terbantu,69.6,59,83,30,tinggi,Kondisi biofisik relatif mendukung pemulihan vegetasi.,mangrove-priority-2016-2025-v0.1
209,23,MPR-594341074B,Teluk Samak,Rangsang,Kepulauan Meranti,1.48,P2,Regenerasi alami terbantu,69.6,59,83,30,tinggi,Kondisi biofisik relatif mendukung pemulihan vegetasi.,mangrove-priority-2016-2025-v0.1
210,4,MPR-035570EE2A,Tanah Merah,Rangsang Pesisir,Kepulauan Meranti,0.35,P2,Regenerasi alami terbantu,69.6,61,85,38,tinggi,Kondisi biofisik relatif mendukung pemulihan vegetasi.,mangrove-priority-2016-2025-v0.1
211,5,MPR-758C95535D,Tanah Merah,Rangsang Pesisir,Kepulauan Meranti,0.35,P2,Regenerasi alami terbantu,69.6,61,85,38,tinggi,Kondisi biofisik relatif mendukung pemulihan vegetasi.,mangrove-priority-2016-2025-v0.1
212,6,MPR-0F2BFA67D7,Tanah Merah,Rangsang Pesisir,Kepulauan Meranti,0.34,P2,Regenerasi alami terbantu,69.6,61,85,38,tinggi,Kondisi biofisik relatif mendukung pemulihan vegetasi.,mangrove-priority-2016-2025-v0.1
213,7,MPR-1AED55DC56,Tanah Merah,Rangsang Pesisir,Kepulauan Meranti,0.32,P2,Regenerasi alami terbantu,69.6,61,85,38,tinggi,Kondisi biofisik relatif mendukung pemulihan vegetasi.,mangrove-priority-2016-2025-v0.1
214,8,MPR-17222D4FF0,Tanah Merah,Rangsang Pesisir,Kepulauan Meranti,0.3,P2,Regenerasi alami terbantu,69.6,61,85,38,tinggi,Kondisi biofisik relatif mendukung pemulihan vegetasi.,mangrove-priority-2016-2025-v0.1
215,9,MPR-F97B01C09F,Tanah Merah,Rangsang Pesisir,Kepulauan Meranti,0.26,P2,Regenerasi alami terbantu,69.6,61,85,38,tinggi,Kondisi biofisik relatif mendukung pemulihan vegetasi.,mangrove-priority-2016-2025-v0.1
216,10,MPR-5EB3666686,Tanah Merah,Rangsang Pesisir,Kepulauan Meranti,0.23,P2,Regenerasi alami terbantu,69.6,61,85,38,tinggi,Kondisi biofisik relatif mendukung pemulihan vegetasi.,mangrove-priority-2016-2025-v0.1
217,11,MPR-D248188989,Tanah Merah,Rangsang Pesisir,Kepulauan Meranti,0.23,P2,Regenerasi alami terbantu,69.6,61,85,38,tinggi,Kondisi biofisik relatif mendukung pemulihan vegetasi.,mangrove-priority-2016-2025-v0.1
218,12,MPR-A51E3B8F3E,Tanah Merah,Rangsang Pesisir,Kepulauan Meranti,0.226,P2,Regenerasi alami terbantu,69.6,61,85,38,tinggi,Kondisi biofisik relatif mendukung pemulihan vegetasi.,mangrove-priority-2016-2025-v0.1
219,13,MPR-5D6EFCD62E,Tanah Merah,Rangsang Pesisir,Kepulauan Meranti,0.21,P2,Regenerasi alami terbantu,69.6,61,85,38,tinggi,Kondisi biofisik relatif mendukung pemulihan vegetasi.,mangrove-priority-2016-2025-v0.1
220,14,MPR-E91563F8A5,Tanah Merah,Rangsang Pesisir,Kepulauan Meranti,0.2,P2,Regenerasi alami terbantu,69.6,61,85,38,tinggi,Kondisi biofisik relatif mendukung pemulihan vegetasi.,mangrove-priority-2016-2025-v0.1
221,15,MPR-EBE75C7496,Tanah Merah,Rangsang Pesisir,Kepulauan Meranti,0.2,P2,Regenerasi alami terbantu,69.6,61,85,38,tinggi,Kondisi biofisik relatif mendukung pemulihan vegetasi.,mangrove-priority-2016-2025-v0.1
222,16,MPR-673D1BA72E,Tanah Merah,Rangsang Pesisir,Kepulauan Meranti,0.19,P2,Regenerasi alami terbantu,69.6,61,85,38,tinggi,Kondisi biofisik relatif mendukung pemulihan vegetasi.,mangrove-priority-2016-2025-v0.1
223,17,MPR-08E09B2F90,Tanah Merah,Rangsang Pesisir,Kepulauan Meranti,0.18,P2,Regenerasi alami terbantu,69.6,61,85,38,tinggi,Kondisi biofisik relatif mendukung pemulihan vegetasi.,mangrove-priority-2016-2025-v0.1
224,18,MPR-6CC6652E3E,Tanah Merah,Rangsang Pesisir,Kepulauan Meranti,0.17,P2,Regenerasi alami terbantu,69.6,61,85,38,tinggi,Kondisi biofisik relatif mendukung pemulihan vegetasi.,mangrove-priority-2016-2025-v0.1
225,19,MPR-BAC5753729,Tanah Merah,Rangsang Pesisir,Kepulauan Meranti,0.17,P2,Regenerasi alami terbantu,69.6,61,85,38,tinggi,Kondisi biofisik relatif mendukung pemulihan vegetasi.,mangrove-priority-2016-2025-v0.1
226,20,MPR-F0925F2D68,Tanah Merah,Rangsang Pesisir,Kepulauan Meranti,0.17,P2,Regenerasi alami terbantu,69.6,61,85,38,tinggi,Kondisi biofisik relatif mendukung pemulihan vegetasi.,mangrove-priority-2016-2025-v0.1
227,21,MPR-3FC4C7A6A3,Tanah Merah,Rangsang Pesisir,Kepulauan Meranti,0.16,P2,Regenerasi alami terbantu,69.6,61,85,38,tinggi,Kondisi biofisik relatif mendukung pemulihan vegetasi.,mangrove-priority-2016-2025-v0.1
228,22,MPR-A5C93C49AE,Tanah Merah,Rangsang Pesisir,Kepulauan Meranti,0.16,P2,Regenerasi alami terbantu,69.6,61,85,38,tinggi,Kondisi biofisik relatif mendukung pemulihan vegetasi.,mangrove-priority-2016-2025-v0.1
229,23,MPR-BF4B554736,Tanah Merah,Rangsang Pesisir,Kepulauan Meranti,0.153,P2,Regenerasi alami terbantu,69.6,61,85,38,tinggi,Kondisi biofisik relatif mendukung pemulihan vegetasi.,mangrove-priority-2016-2025-v0.1
230,24,MPR-8FB79D5DFE,Tanah Merah,Rangsang Pesisir,Kepulauan Meranti,0.15,P2,Regenerasi alami terbantu,69.6,61,85,38,tinggi,Kondisi biofisik relatif mendukung pemulihan vegetasi.,mangrove-priority-2016-2025-v0.1
231,25,MPR-97A76689BF,Tanah Merah,Rangsang Pesisir,Kepulauan Meranti,0.14,P2,Regenerasi alami terbantu,69.6,61,85,38,tinggi,Kondisi biofisik relatif mendukung pemulihan vegetasi.,mangrove-priority-2016-2025-v0.1
232,26,MPR-8486762E2A,Tanah Merah,Rangsang Pesisir,Kepulauan Meranti,0.13,P2,Regenerasi alami terbantu,69.6,61,85,38,tinggi,Kondisi biofisik relatif mendukung pemulihan vegetasi.,mangrove-priority-2016-2025-v0.1
233,27,MPR-D83A530212,Tanah Merah,Rangsang Pesisir,Kepulauan Meranti,0.13,P2,Regenerasi alami terbantu,69.6,61,85,38,tinggi,Kondisi biofisik relatif mendukung pemulihan vegetasi.,mangrove-priority-2016-2025-v0.1
234,28,MPR-9F27AC86F2,Tanah Merah,Rangsang Pesisir,Kepulauan Meranti,0.12,P2,Regenerasi alami terbantu,69.6,61,85,38,tinggi,Kondisi biofisik relatif mendukung pemulihan vegetasi.,mangrove-priority-2016-2025-v0.1
235,29,MPR-BAA1E1E60A,Tanah Merah,Rangsang Pesisir,Kepulauan Meranti,0.12,P2,Regenerasi alami terbantu,69.6,61,85,38,tinggi,Kondisi biofisik relatif mendukung pemulihan vegetasi.,mangrove-priority-2016-2025-v0.1
236,30,MPR-DC6602DE55,Tanah Merah,Rangsang Pesisir,Kepulauan Meranti,0.12,P2,Regenerasi alami terbantu,69.6,61,85,38,tinggi,Kondisi biofisik relatif mendukung pemulihan vegetasi.,mangrove-priority-2016-2025-v0.1
237,31,MPR-A8025CC4A4,Tanah Merah,Rangsang Pesisir,Kepulauan Meranti,0.116,P2,Regenerasi alami terbantu,69.6,61,85,38,tinggi,Kondisi biofisik relatif mendukung pemulihan vegetasi.,mangrove-priority-2016-2025-v0.1
238,32,MPR-338B370C2E,Tanah Merah,Rangsang Pesisir,Kepulauan Meranti,0.11,P2,Regenerasi alami terbantu,69.6,61,85,38,tinggi,Kondisi biofisik relatif mendukung pemulihan vegetasi.,mangrove-priority-2016-2025-v0.1
239,33,MPR-5A344543A5,Tanah Merah,Rangsang Pesisir,Kepulauan Meranti,0.096,P2,Regenerasi alami terbantu,69.6,61,85,38,tinggi,Kondisi biofisik relatif mendukung pemulihan vegetasi.,mangrove-priority-2016-2025-v0.1
240,34,MPR-3A66314D86,Tanah Merah,Rangsang Pesisir,Kepulauan Meranti,0.091,P2,Regenerasi alami terbantu,69.6,61,85,38,tinggi,Kondisi biofisik relatif mendukung pemulihan vegetasi.,mangrove-priority-2016-2025-v0.1
241,35,MPR-B711061F05,Tanah Merah,Rangsang Pesisir,Kepulauan Meranti,0.091,P2,Regenerasi alami terbantu,69.6,61,85,38,tinggi,Kondisi biofisik relatif mendukung pemulihan vegetasi.,mangrove-priority-2016-2025-v0.1
242,36,MPR-1868346C33,Tanah Merah,Rangsang Pesisir,Kepulauan Meranti,0.08,P2,Regenerasi alami terbantu,69.6,61,85,38,tinggi,Kondisi biofisik relatif mendukung pemulihan vegetasi.,mangrove-priority-2016-2025-v0.1
243,37,MPR-464FFEBAF1,Tanah Merah,Rangsang Pesisir,Kepulauan Meranti,0.08,P2,Regenerasi alami terbantu,69.6,61,85,38,tinggi,Kondisi biofisik relatif mendukung pemulihan vegetasi.,mangrove-priority-2016-2025-v0.1
244,38,MPR-78FBBDCB79,Tanah Merah,Rangsang Pesisir,Kepulauan Meranti,0.08,P2,Regenerasi alami terbantu,69.6,61,85,38,tinggi,Kondisi biofisik relatif mendukung pemulihan vegetasi.,mangrove-priority-2016-2025-v0.1
245,39,MPR-A580F66A57,Tanah Merah,Rangsang Pesisir,Kepulauan Meranti,0.08,P2,Regenerasi alami terbantu,69.6,61,85,38,tinggi,Kondisi biofisik relatif mendukung pemulihan vegetasi.,mangrove-priority-2016-2025-v0.1
246,40,MPR-B0C8409263,Tanah Merah,Rangsang Pesisir,Kepulauan Meranti,0.08,P2,Regenerasi alami terbantu,69.6,61,85,38,tinggi,Kondisi biofisik relatif mendukung pemulihan vegetasi.,mangrove-priority-2016-2025-v0.1
247,41,MPR-EAAE615C7B,Tanah Merah,Rangsang Pesisir,Kepulauan Meranti,0.08,P2,Regenerasi alami terbantu,69.6,61,85,38,tinggi,Kondisi biofisik relatif mendukung pemulihan vegetasi.,mangrove-priority-2016-2025-v0.1
248,21,MPR-1876797819,Tanjung Bakau,Rangsang,Kepulauan Meranti,5.56,P1,Penanaman aktif,69.5,66,77,36,tinggi,Kebutuhan dan kelayakan relatif tinggi.,mangrove-priority-2016-2025-v0.1
249,24,MPR-A2B942DF1F,Teluk Samak,Rangsang,Kepulauan Meranti,2.31,P2,Regenerasi alami terbantu,69.5,60,82,31,tinggi,Kondisi biofisik relatif mendukung pemulihan vegetasi.,mangrove-priority-2016-2025-v0.1
250,24,MPR-324D1C39E4,Anak Setatah,Rangsang Barat,Kepulauan Meranti,1.91,P2,Regenerasi alami terbantu,69.5,61,82,33,sedang,Kondisi biofisik relatif mendukung pemulihan vegetasi.,mangrove-priority-2016-2025-v0.1
251,42,MPR-449D1122BA,Tanah Merah,Rangsang Pesisir,Kepulauan Meranti,0.81,P2,Regenerasi alami terbantu,69.5,62,84,39,tinggi,Kondisi biofisik relatif mendukung pemulihan vegetasi.,mangrove-priority-2016-2025-v0.1
252,43,MPR-22555AB604,Tanah Merah,Rangsang Pesisir,Kepulauan Meranti,0.77,P2,Regenerasi alami terbantu,69.5,62,84,39,tinggi,Kondisi biofisik relatif mendukung pemulihan vegetasi.,mangrove-priority-2016-2025-v0.1
253,44,MPR-9C9A2CBE7C,Tanah Merah,Rangsang Pesisir,Kepulauan Meranti,0.72,P2,Regenerasi alami terbantu,69.5,62,84,39,tinggi,Kondisi biofisik relatif mendukung pemulihan vegetasi.,mangrove-priority-2016-2025-v0.1
254,45,MPR-A10FD9F8B0,Tanah Merah,Rangsang Pesisir,Kepulauan Meranti,0.69,P2,Regenerasi alami terbantu,69.5,62,84,39,tinggi,Kondisi biofisik relatif mendukung pemulihan vegetasi.,mangrove-priority-2016-2025-v0.1
255,46,MPR-F5A1D9BACD,Tanah Merah,Rangsang Pesisir,Kepulauan Meranti,0.67,P2,Regenerasi alami terbantu,69.5,62,84,39,tinggi,Kondisi biofisik relatif mendukung pemulihan vegetasi.,mangrove-priority-2016-2025-v0.1
256,47,MPR-BB436BB194,Tanah Merah,Rangsang Pesisir,Kepulauan Meranti,0.58,P2,Regenerasi alami terbantu,69.5,62,84,39,tinggi,Kondisi biofisik relatif mendukung pemulihan vegetasi.,mangrove-priority-2016-2025-v0.1
257,1,MPR-DCAD0DD918,Tanjungbunga,Pulaumerbau,Kepulauan Meranti,0.55,P2,Regenerasi alami terbantu,69.5,59,82,29,tinggi,Kondisi biofisik relatif mendukung pemulihan vegetasi.,mangrove-priority-2016-2025-v0.1
258,2,MPR-FA83FE76F3,Tanjungbunga,Pulaumerbau,Kepulauan Meranti,0.52,P2,Regenerasi alami terbantu,69.5,59,82,29,tinggi,Kondisi biofisik relatif mendukung pemulihan vegetasi.,mangrove-priority-2016-2025-v0.1
259,32,MPR-21DDCF0B5F,Nipah Sendanu,Tebing Tinggi Timur,Kepulauan Meranti,0.41,P2,Regenerasi alami terbantu,69.5,57,84,28,tinggi,Kondisi biofisik relatif mendukung pemulihan vegetasi.,mangrove-priority-2016-2025-v0.1
260,33,MPR-454DCB98C7,Nipah Sendanu,Tebing Tinggi Timur,Kepulauan Meranti,0.392,P2,Regenerasi alami terbantu,69.5,57,84,28,tinggi,Kondisi biofisik relatif mendukung pemulihan vegetasi.,mangrove-priority-2016-2025-v0.1
261,25,MPR-1FA0866150,Teluk Samak,Rangsang,Kepulauan Meranti,0.38,P2,Regenerasi alami terbantu,69.5,57,84,28,tinggi,Kondisi biofisik relatif mendukung pemulihan vegetasi.,mangrove-priority-2016-2025-v0.1
262,26,MPR-8EAD439D26,Teluk Samak,Rangsang,Kepulauan Meranti,0.38,P2,Regenerasi alami terbantu,69.5,57,84,28,tinggi,Kondisi biofisik relatif mendukung pemulihan vegetasi.,mangrove-priority-2016-2025-v0.1
263,34,MPR-2C1D6F82E8,Nipah Sendanu,Tebing Tinggi Timur,Kepulauan Meranti,0.37,P2,Regenerasi alami terbantu,69.5,57,84,28,tinggi,Kondisi biofisik relatif mendukung pemulihan vegetasi.,mangrove-priority-2016-2025-v0.1
264,27,MPR-A548C5DB2D,Teluk Samak,Rangsang,Kepulauan Meranti,0.37,P2,Regenerasi alami terbantu,69.5,57,84,28,tinggi,Kondisi biofisik relatif mendukung pemulihan vegetasi.,mangrove-priority-2016-2025-v0.1
265,3,MPR-28003F7D84,Tanjungbunga,Pulaumerbau,Kepulauan Meranti,0.14,P2,Regenerasi alami terbantu,69.5,58,83,28,tinggi,Kondisi biofisik relatif mendukung pemulihan vegetasi.,mangrove-priority-2016-2025-v0.1
266,4,MPR-A050C4EB70,Tanjungbunga,Pulaumerbau,Kepulauan Meranti,0.11,P2,Regenerasi alami terbantu,69.5,58,83,28,tinggi,Kondisi biofisik relatif mendukung pemulihan vegetasi.,mangrove-priority-2016-2025-v0.1
267,5,MPR-141A24BB3D,Tanjungbunga,Pulaumerbau,Kepulauan Meranti,0.1,P2,Regenerasi alami terbantu,69.5,58,83,28,tinggi,Kondisi biofisik relatif mendukung pemulihan vegetasi.,mangrove-priority-2016-2025-v0.1
268,6,MPR-2A2CD33518,Tanjungbunga,Pulaumerbau,Kepulauan Meranti,0.1,P2,Regenerasi alami terbantu,69.5,58,83,28,tinggi,Kondisi biofisik relatif mendukung pemulihan vegetasi.,mangrove-priority-2016-2025-v0.1
269,7,MPR-03C89683F5,Tanjungbunga,Pulaumerbau,Kepulauan Meranti,0.08,P2,Regenerasi alami terbantu,69.5,58,83,28,tinggi,Kondisi biofisik relatif mendukung pemulihan vegetasi.,mangrove-priority-2016-2025-v0.1
270,8,MPR-2BFF068444,Tanjungbunga,Pulaumerbau,Kepulauan Meranti,0.08,P2,Regenerasi alami terbantu,69.5,58,83,28,tinggi,Kondisi biofisik relatif mendukung pemulihan vegetasi.,mangrove-priority-2016-2025-v0.1
271,48,MPR-8D9B9D2B53,Tanah Merah,Rangsang Pesisir,Kepulauan Meranti,1.61,P2,Regenerasi alami terbantu,69.4,63,83,40,tinggi,Kondisi biofisik relatif mendukung pemulihan vegetasi.,mangrove-priority-2016-2025-v0.1
272,49,MPR-F01FA9FCE1,Tanah Merah,Rangsang Pesisir,Kepulauan Meranti,1.55,P2,Regenerasi alami terbantu,69.4,63,83,40,tinggi,Kondisi biofisik relatif mendukung pemulihan vegetasi.,mangrove-priority-2016-2025-v0.1
273,50,MPR-18FC343DDE,Tanah Merah,Rangsang Pesisir,Kepulauan Meranti,1.27,P2,Regenerasi alami terbantu,69.4,63,83,40,tinggi,Kondisi biofisik relatif mendukung pemulihan vegetasi.,mangrove-priority-2016-2025-v0.1
274,9,MPR-DAAEE40C83,Tanjungbunga,Pulaumerbau,Kepulauan Meranti,1.37,P2,Regenerasi alami terbantu,69.3,60,81,30,tinggi,Kondisi biofisik relatif mendukung pemulihan vegetasi.,mangrove-priority-2016-2025-v0.1
275,28,MPR-C35F7A1400,Teluk Samak,Rangsang,Kepulauan Meranti,1.16,P2,Regenerasi alami terbantu,69.3,58,83,29,tinggi,Kondisi biofisik relatif mendukung pemulihan vegetasi.,mangrove-priority-2016-2025-v0.1
276,29,MPR-7A46DF3E48,Teluk Samak,Rangsang,Kepulauan Meranti,1.15,P2,Regenerasi alami terbantu,69.3,58,83,29,tinggi,Kondisi biofisik relatif mendukung pemulihan vegetasi.,mangrove-priority-2016-2025-v0.1
277,35,MPR-DF593D54FB,Repan,Rangsang,Kepulauan Meranti,0.411,P2,Regenerasi alami terbantu,69.3,58,84,31,tinggi,Kondisi biofisik relatif mendukung pemulihan vegetasi.,mangrove-priority-2016-2025-v0.1
278,36,MPR-2D4492FC22,Repan,Rangsang,Kepulauan Meranti,0.38,P2,Regenerasi alami terbantu,69.3,58,84,31,tinggi,Kondisi biofisik relatif mendukung pemulihan vegetasi.,mangrove-priority-2016-2025-v0.1
279,37,MPR-4E471EFFB2,Repan,Rangsang,Kepulauan Meranti,0.38,P2,Regenerasi alami terbantu,69.3,58,84,31,tinggi,Kondisi biofisik relatif mendukung pemulihan vegetasi.,mangrove-priority-2016-2025-v0.1
280,10,MPR-CE84A6E57C,Tanjungbunga,Pulaumerbau,Kepulauan Meranti,0.34,P2,Regenerasi alami terbantu,69.3,58,83,29,tinggi,Kondisi biofisik relatif mendukung pemulihan vegetasi.,mangrove-priority-2016-2025-v0.1
281,11,MPR-60CAEE4605,Tanjungbunga,Pulaumerbau,Kepulauan Meranti,0.32,P2,Regenerasi alami terbantu,69.3,58,83,29,tinggi,Kondisi biofisik relatif mendukung pemulihan vegetasi.,mangrove-priority-2016-2025-v0.1
282,12,MPR-BF038702F6,Tanjungbunga,Pulaumerbau,Kepulauan Meranti,0.3,P2,Regenerasi alami terbantu,69.3,58,83,29,tinggi,Kondisi biofisik relatif mendukung pemulihan vegetasi.,mangrove-priority-2016-2025-v0.1
283,13,MPR-9022D1871B,Tanjungbunga,Pulaumerbau,Kepulauan Meranti,0.22,P2,Regenerasi alami terbantu,69.3,58,83,29,tinggi,Kondisi biofisik relatif mendukung pemulihan vegetasi.,mangrove-priority-2016-2025-v0.1
284,14,MPR-4E60D5C520,Tanjungbunga,Pulaumerbau,Kepulauan Meranti,0.2,P2,Regenerasi alami terbantu,69.3,58,83,29,tinggi,Kondisi biofisik relatif mendukung pemulihan vegetasi.,mangrove-priority-2016-2025-v0.1
285,15,MPR-50ADE09702,Tanjungbunga,Pulaumerbau,Kepulauan Meranti,0.2,P2,Regenerasi alami terbantu,69.3,58,83,29,tinggi,Kondisi biofisik relatif mendukung pemulihan vegetasi.,mangrove-priority-2016-2025-v0.1
286,1,MPR-E0B2CDE5F1,Segomeng,Rangsang Barat,Kepulauan Meranti,1.33,P1,Penanaman aktif,69.2,68,73,35,sedang,Kebutuhan dan kelayakan relatif tinggi.,mangrove-priority-2016-2025-v0.1
287,1,MPR-EED0947676,Bungur,Rangsang Pesisir,Kepulauan Meranti,0.59,P2,Regenerasi alami terbantu,69.2,57,84,29,tinggi,Kondisi biofisik relatif mendukung pemulihan vegetasi.,mangrove-priority-2016-2025-v0.1
288,2,MPR-EFDD78099A,Bungur,Rangsang Pesisir,Kepulauan Meranti,0.589,P2,Regenerasi alami terbantu,69.2,57,84,29,tinggi,Kondisi biofisik relatif mendukung pemulihan vegetasi.,mangrove-priority-2016-2025-v0.1
289,2,MPR-C5335471F3,Segomeng,Rangsang Barat,Kepulauan Meranti,0.51,P1,Penanaman aktif,69.2,67,74,34,sedang,Kebutuhan dan kelayakan relatif tinggi.,mangrove-priority-2016-2025-v0.1
290,3,MPR-311C132972,Bungur,Rangsang Pesisir,Kepulauan Meranti,0.46,P2,Regenerasi alami terbantu,69.2,57,84,29,tinggi,Kondisi biofisik relatif mendukung pemulihan vegetasi.,mangrove-priority-2016-2025-v0.1
291,51,MPR-4FBB94D520,Tanah Merah,Rangsang Pesisir,Kepulauan Meranti,0.41,P2,Regenerasi alami terbantu,69.2,61,84,38,tinggi,Kondisi biofisik relatif mendukung pemulihan vegetasi.,mangrove-priority-2016-2025-v0.1
292,52,MPR-FB1C481353,Tanah Merah,Rangsang Pesisir,Kepulauan Meranti,0.36,P2,Regenerasi alami terbantu,69.2,61,84,38,tinggi,Kondisi biofisik relatif mendukung pemulihan vegetasi.,mangrove-priority-2016-2025-v0.1
293,1,MPR-28D2E39501,Tanjung Peranap,Tebing Tinggi Barat,Kepulauan Meranti,0.34,P2,Regenerasi alami terbantu,69.2,57,85,31,sedang,Kondisi biofisik relatif mendukung pemulihan vegetasi.,mangrove-priority-2016-2025-v0.1
294,3,MPR-5430CA7DDB,Segomeng,Rangsang Barat,Kepulauan Meranti,0.31,P1,Penanaman aktif,69.2,66,75,34,sedang,Kebutuhan dan kelayakan relatif tinggi.,mangrove-priority-2016-2025-v0.1
295,2,MPR-C1BDAD47DF,Tanjung Peranap,Tebing Tinggi Barat,Kepulauan Meranti,0.28,P2,Regenerasi alami terbantu,69.2,57,85,31,sedang,Kondisi biofisik relatif mendukung pemulihan vegetasi.,mangrove-priority-2016-2025-v0.1
296,1,MPR-374DCE2320,Bandul,Tasik Putri Puyu,Kepulauan Meranti,0.21,P2,Regenerasi alami terbantu,69.2,59,82,30,sedang,Kondisi biofisik relatif mendukung pemulihan vegetasi.,mangrove-priority-2016-2025-v0.1
297,3,MPR-36A4930302,Tanjung Peranap,Tebing Tinggi Barat,Kepulauan Meranti,0.2,P2,Regenerasi alami terbantu,69.2,57,85,31,sedang,Kondisi biofisik relatif mendukung pemulihan vegetasi.,mangrove-priority-2016-2025-v0.1
298,4,MPR-9BBEA3D5DF,Segomeng,Rangsang Barat,Kepulauan Meranti,0.2,P1,Penanaman aktif,69.2,66,75,34,sedang,Kebutuhan dan kelayakan relatif tinggi.,mangrove-priority-2016-2025-v0.1
299,2,MPR-C54615D21A,Bandul,Tasik Putri Puyu,Kepulauan Meranti,0.2,P2,Regenerasi alami terbantu,69.2,59,82,30,sedang,Kondisi biofisik relatif mendukung pemulihan vegetasi.,mangrove-priority-2016-2025-v0.1
300,5,MPR-535C922019,Segomeng,Rangsang Barat,Kepulauan Meranti,0.19,P1,Penanaman aktif,69.2,66,75,34,sedang,Kebutuhan dan kelayakan relatif tinggi.,mangrove-priority-2016-2025-v0.1
301,4,MPR-7D662729B6,Tanjung Peranap,Tebing Tinggi Barat,Kepulauan Meranti,0.19,P2,Regenerasi alami terbantu,69.2,57,85,31,sedang,Kondisi biofisik relatif mendukung pemulihan vegetasi.,mangrove-priority-2016-2025-v0.1
302,5,MPR-8DBDED510F,Tanjung Peranap,Tebing Tinggi Barat,Kepulauan Meranti,0.19,P2,Regenerasi alami terbantu,69.2,57,85,31,sedang,Kondisi biofisik relatif mendukung pemulihan vegetasi.,mangrove-priority-2016-2025-v0.1
303,6,MPR-8EAD20BEC2,Tanjung Peranap,Tebing Tinggi Barat,Kepulauan Meranti,0.19,P2,Regenerasi alami terbantu,69.2,57,85,31,sedang,Kondisi biofisik relatif mendukung pemulihan vegetasi.,mangrove-priority-2016-2025-v0.1
304,7,MPR-4ABF52F17D,Tanjung Peranap,Tebing Tinggi Barat,Kepulauan Meranti,0.18,P2,Regenerasi alami terbantu,69.2,57,85,31,sedang,Kondisi biofisik relatif mendukung pemulihan vegetasi.,mangrove-priority-2016-2025-v0.1
305,3,MPR-B7AB739F03,Bandul,Tasik Putri Puyu,Kepulauan Meranti,0.17,P2,Regenerasi alami terbantu,69.2,59,82,30,sedang,Kondisi biofisik relatif mendukung pemulihan vegetasi.,mangrove-priority-2016-2025-v0.1
306,8,MPR-DE4185AF84,Tanjung Peranap,Tebing Tinggi Barat,Kepulauan Meranti,0.17,P2,Regenerasi alami terbantu,69.2,57,85,31,sedang,Kondisi biofisik relatif mendukung pemulihan vegetasi.,mangrove-priority-2016-2025-v0.1
307,9,MPR-EDA108A590,Tanjung Peranap,Tebing Tinggi Barat,Kepulauan Meranti,0.17,P2,Regenerasi alami terbantu,69.2,57,85,31,sedang,Kondisi biofisik relatif mendukung pemulihan vegetasi.,mangrove-priority-2016-2025-v0.1
308,10,MPR-D88CA3DDA5,Tanjung Peranap,Tebing Tinggi Barat,Kepulauan Meranti,0.16,P2,Regenerasi alami terbantu,69.2,57,85,31,sedang,Kondisi biofisik relatif mendukung pemulihan vegetasi.,mangrove-priority-2016-2025-v0.1
309,11,MPR-E24CC1183F,Tanjung Peranap,Tebing Tinggi Barat,Kepulauan Meranti,0.16,P2,Regenerasi alami terbantu,69.2,57,85,31,sedang,Kondisi biofisik relatif mendukung pemulihan vegetasi.,mangrove-priority-2016-2025-v0.1
310,12,MPR-6966FB8E7B,Tanjung Peranap,Tebing Tinggi Barat,Kepulauan Meranti,0.15,P2,Regenerasi alami terbantu,69.2,57,85,31,sedang,Kondisi biofisik relatif mendukung pemulihan vegetasi.,mangrove-priority-2016-2025-v0.1
311,6,MPR-A0D1AA92D3,Segomeng,Rangsang Barat,Kepulauan Meranti,0.15,P1,Penanaman aktif,69.2,66,75,34,sedang,Kebutuhan dan kelayakan relatif tinggi.,mangrove-priority-2016-2025-v0.1
312,13,MPR-9D9D156615,Tanjung Peranap,Tebing Tinggi Barat,Kepulauan Meranti,0.14,P2,Regenerasi alami terbantu,69.2,57,85,31,sedang,Kondisi biofisik relatif mendukung pemulihan vegetasi.,mangrove-priority-2016-2025-v0.1
313,4,MPR-385746FFB8,Bandul,Tasik Putri Puyu,Kepulauan Meranti,0.13,P2,Regenerasi alami terbantu,69.2,59,82,30,sedang,Kondisi biofisik relatif mendukung pemulihan vegetasi.,mangrove-priority-2016-2025-v0.1
314,14,MPR-BEA7A6DE6F,Tanjung Peranap,Tebing Tinggi Barat,Kepulauan Meranti,0.12,P2,Regenerasi alami terbantu,69.2,57,85,31,sedang,Kondisi biofisik relatif mendukung pemulihan vegetasi.,mangrove-priority-2016-2025-v0.1
315,15,MPR-DD64BA645B,Tanjung Peranap,Tebing Tinggi Barat,Kepulauan Meranti,0.12,P2,Regenerasi alami terbantu,69.2,57,85,31,sedang,Kondisi biofisik relatif mendukung pemulihan vegetasi.,mangrove-priority-2016-2025-v0.1
316,16,MPR-3889D155AD,Tanjung Peranap,Tebing Tinggi Barat,Kepulauan Meranti,0.11,P2,Regenerasi alami terbantu,69.2,57,85,31,sedang,Kondisi biofisik relatif mendukung pemulihan vegetasi.,mangrove-priority-2016-2025-v0.1
317,17,MPR-E74BDD044A,Tanjung Peranap,Tebing Tinggi Barat,Kepulauan Meranti,0.11,P2,Regenerasi alami terbantu,69.2,57,85,31,sedang,Kondisi biofisik relatif mendukung pemulihan vegetasi.,mangrove-priority-2016-2025-v0.1
318,7,MPR-5105A83615,Segomeng,Rangsang Barat,Kepulauan Meranti,0.08,P1,Penanaman aktif,69.2,66,75,34,sedang,Kebutuhan dan kelayakan relatif tinggi.,mangrove-priority-2016-2025-v0.1
319,18,MPR-5986D1E4EE,Tanjung Peranap,Tebing Tinggi Barat,Kepulauan Meranti,0.08,P2,Regenerasi alami terbantu,69.2,57,85,31,sedang,Kondisi biofisik relatif mendukung pemulihan vegetasi.,mangrove-priority-2016-2025-v0.1
320,19,MPR-9BB90429E5,Tanjung Peranap,Tebing Tinggi Barat,Kepulauan Meranti,0.08,P2,Regenerasi alami terbantu,69.2,57,85,31,sedang,Kondisi biofisik relatif mendukung pemulihan vegetasi.,mangrove-priority-2016-2025-v0.1
321,20,MPR-981402BF4F,Tanjung Peranap,Tebing Tinggi Barat,Kepulauan Meranti,0.05,P2,Regenerasi alami terbantu,69.2,57,85,31,sedang,Kondisi biofisik relatif mendukung pemulihan vegetasi.,mangrove-priority-2016-2025-v0.1
322,5,MPR-F697189C3D,Bandul,Tasik Putri Puyu,Kepulauan Meranti,1.62,P2,Regenerasi alami terbantu,69.1,61,80,32,sedang,Kondisi biofisik relatif mendukung pemulihan vegetasi.,mangrove-priority-2016-2025-v0.1
323,21,MPR-6DF5EF8058,Tanjung Peranap,Tebing Tinggi Barat,Kepulauan Meranti,0.67,P2,Regenerasi alami terbantu,69.1,58,84,32,sedang,Kondisi biofisik relatif mendukung pemulihan vegetasi.,mangrove-priority-2016-2025-v0.1
324,22,MPR-5DFE640156,Tanjung Peranap,Tebing Tinggi Barat,Kepulauan Meranti,0.59,P2,Regenerasi alami terbantu,69.1,58,84,32,sedang,Kondisi biofisik relatif mendukung pemulihan vegetasi.,mangrove-priority-2016-2025-v0.1
325,6,MPR-9B8D19EFE3,Bandul,Tasik Putri Puyu,Kepulauan Meranti,0.57,P2,Regenerasi alami terbantu,69.1,60,81,31,sedang,Kondisi biofisik relatif mendukung pemulihan vegetasi.,mangrove-priority-2016-2025-v0.1
326,7,MPR-11D8A1C9C0,Bandul,Tasik Putri Puyu,Kepulauan Meranti,0.55,P2,Regenerasi alami terbantu,69.1,60,81,31,sedang,Kondisi biofisik relatif mendukung pemulihan vegetasi.,mangrove-priority-2016-2025-v0.1
327,23,MPR-41E606D161,Tanjung Peranap,Tebing Tinggi Barat,Kepulauan Meranti,0.55,P2,Regenerasi alami terbantu,69.1,58,84,32,sedang,Kondisi biofisik relatif mendukung pemulihan vegetasi.,mangrove-priority-2016-2025-v0.1
328,1,MPR-11D39F102A,Telesung,Rangsang Pesisir,Kepulauan Meranti,0.48,P2,Regenerasi alami terbantu,69.1,58,84,32,tinggi,Kondisi biofisik relatif mendukung pemulihan vegetasi.,mangrove-priority-2016-2025-v0.1
329,24,MPR-AF5434D1E6,Tanjung Peranap,Tebing Tinggi Barat,Kepulauan Meranti,0.45,P2,Regenerasi alami terbantu,69.1,58,84,32,sedang,Kondisi biofisik relatif mendukung pemulihan vegetasi.,mangrove-priority-2016-2025-v0.1
330,4,MPR-ABC22A62C9,Bungur,Rangsang Pesisir,Kepulauan Meranti,0.35,P2,Regenerasi alami terbantu,69.1,56,85,29,tinggi,Kondisi biofisik relatif mendukung pemulihan vegetasi.,mangrove-priority-2016-2025-v0.1
331,5,MPR-F2FE2865E9,Bungur,Rangsang Pesisir,Kepulauan Meranti,0.33,P2,Regenerasi alami terbantu,69.1,56,85,29,tinggi,Kondisi biofisik relatif mendukung pemulihan vegetasi.,mangrove-priority-2016-2025-v0.1
332,6,MPR-B9F30EE7F7,Bungur,Rangsang Pesisir,Kepulauan Meranti,0.3,P2,Regenerasi alami terbantu,69.1,56,85,29,tinggi,Kondisi biofisik relatif mendukung pemulihan vegetasi.,mangrove-priority-2016-2025-v0.1
333,7,MPR-B3521034E2,Bungur,Rangsang Pesisir,Kepulauan Meranti,0.28,P2,Regenerasi alami terbantu,69.1,56,85,29,tinggi,Kondisi biofisik relatif mendukung pemulihan vegetasi.,mangrove-priority-2016-2025-v0.1
334,8,MPR-5C85AC66D8,Bungur,Rangsang Pesisir,Kepulauan Meranti,0.26,P2,Regenerasi alami terbantu,69.1,56,85,29,tinggi,Kondisi biofisik relatif mendukung pemulihan vegetasi.,mangrove-priority-2016-2025-v0.1
335,9,MPR-E8D7C202EA,Bungur,Rangsang Pesisir,Kepulauan Meranti,0.26,P2,Regenerasi alami terbantu,69.1,56,85,29,tinggi,Kondisi biofisik relatif mendukung pemulihan vegetasi.,mangrove-priority-2016-2025-v0.1
336,1,MPR-A125587F34,Banglas Barat,Tebing Tinggi,Kepulauan Meranti,0.24,P2,Regenerasi alami terbantu,69.1,55,85,27,tinggi,Kondisi biofisik relatif mendukung pemulihan vegetasi.,mangrove-priority-2016-2025-v0.1
337,10,MPR-CFDAAA7534,Bungur,Rangsang Pesisir,Kepulauan Meranti,0.24,P2,Regenerasi alami terbantu,69.1,56,85,29,tinggi,Kondisi biofisik relatif mendukung pemulihan vegetasi.,mangrove-priority-2016-2025-v0.1
338,11,MPR-5F4A543F4B,Bungur,Rangsang Pesisir,Kepulauan Meranti,0.23,P2,Regenerasi alami terbantu,69.1,56,85,29,tinggi,Kondisi biofisik relatif mendukung pemulihan vegetasi.,mangrove-priority-2016-2025-v0.1
339,12,MPR-BAA72EAB39,Bungur,Rangsang Pesisir,Kepulauan Meranti,0.23,P2,Regenerasi alami terbantu,69.1,56,85,29,tinggi,Kondisi biofisik relatif mendukung pemulihan vegetasi.,mangrove-priority-2016-2025-v0.1
340,13,MPR-4B286B6EFB,Bungur,Rangsang Pesisir,Kepulauan Meranti,0.226,P2,Regenerasi alami terbantu,69.1,56,85,29,tinggi,Kondisi biofisik relatif mendukung pemulihan vegetasi.,mangrove-priority-2016-2025-v0.1
341,2,MPR-64E49C0EDE,Banglas Barat,Tebing Tinggi,Kepulauan Meranti,0.223,P2,Regenerasi alami terbantu,69.1,55,85,27,tinggi,Kondisi biofisik relatif mendukung pemulihan vegetasi.,mangrove-priority-2016-2025-v0.1
342,3,MPR-F4AF0F80FF,Banglas Barat,Tebing Tinggi,Kepulauan Meranti,0.18,P2,Regenerasi alami terbantu,69.1,55,85,27,tinggi,Kondisi biofisik relatif mendukung pemulihan vegetasi.,mangrove-priority-2016-2025-v0.1
343,14,MPR-8842B1AC69,Bungur,Rangsang Pesisir,Kepulauan Meranti,0.17,P2,Regenerasi alami terbantu,69.1,56,85,29,tinggi,Kondisi biofisik relatif mendukung pemulihan vegetasi.,mangrove-priority-2016-2025-v0.1
344,4,MPR-747017BB4C,Banglas Barat,Tebing Tinggi,Kepulauan Meranti,0.16,P2,Regenerasi alami terbantu,69.1,55,85,27,tinggi,Kondisi biofisik relatif mendukung pemulihan vegetasi.,mangrove-priority-2016-2025-v0.1
345,15,MPR-F9636096A8,Bungur,Rangsang Pesisir,Kepulauan Meranti,0.16,P2,Regenerasi alami terbantu,69.1,56,85,29,tinggi,Kondisi biofisik relatif mendukung pemulihan vegetasi.,mangrove-priority-2016-2025-v0.1
346,16,MPR-CD9F7EB746,Bungur,Rangsang Pesisir,Kepulauan Meranti,0.15,P2,Regenerasi alami terbantu,69.1,56,85,29,tinggi,Kondisi biofisik relatif mendukung pemulihan vegetasi.,mangrove-priority-2016-2025-v0.1
347,17,MPR-64D982586C,Bungur,Rangsang Pesisir,Kepulauan Meranti,0.14,P2,Regenerasi alami terbantu,69.1,56,85,29,tinggi,Kondisi biofisik relatif mendukung pemulihan vegetasi.,mangrove-priority-2016-2025-v0.1
348,18,MPR-292C185D93,Bungur,Rangsang Pesisir,Kepulauan Meranti,0.13,P2,Regenerasi alami terbantu,69.1,56,85,29,tinggi,Kondisi biofisik relatif mendukung pemulihan vegetasi.,mangrove-priority-2016-2025-v0.1
349,19,MPR-A38216ED35,Bungur,Rangsang Pesisir,Kepulauan Meranti,0.13,P2,Regenerasi alami terbantu,69.1,56,85,29,tinggi,Kondisi biofisik relatif mendukung pemulihan vegetasi.,mangrove-priority-2016-2025-v0.1
350,5,MPR-C72AC06EED,Banglas Barat,Tebing Tinggi,Kepulauan Meranti,0.13,P2,Regenerasi alami terbantu,69.1,55,85,27,tinggi,Kondisi biofisik relatif mendukung pemulihan vegetasi.,mangrove-priority-2016-2025-v0.1
351,20,MPR-093EAE8FF1,Bungur,Rangsang Pesisir,Kepulauan Meranti,0.12,P2,Regenerasi alami terbantu,69.1,56,85,29,tinggi,Kondisi biofisik relatif mendukung pemulihan vegetasi.,mangrove-priority-2016-2025-v0.1
352,6,MPR-B982056B38,Banglas Barat,Tebing Tinggi,Kepulauan Meranti,0.12,P2,Regenerasi alami terbantu,69.1,55,85,27,tinggi,Kondisi biofisik relatif mendukung pemulihan vegetasi.,mangrove-priority-2016-2025-v0.1
353,7,MPR-EFB03BF296,Banglas Barat,Tebing Tinggi,Kepulauan Meranti,0.12,P2,Regenerasi alami terbantu,69.1,55,85,27,tinggi,Kondisi biofisik relatif mendukung pemulihan vegetasi.,mangrove-priority-2016-2025-v0.1
354,8,MPR-DA6516EF76,Banglas Barat,Tebing Tinggi,Kepulauan Meranti,0.116,P2,Regenerasi alami terbantu,69.1,55,85,27,tinggi,Kondisi biofisik relatif mendukung pemulihan vegetasi.,mangrove-priority-2016-2025-v0.1
355,21,MPR-AFD42E7BB4,Bungur,Rangsang Pesisir,Kepulauan Meranti,0.11,P2,Regenerasi alami terbantu,69.1,56,85,29,tinggi,Kondisi biofisik relatif mendukung pemulihan vegetasi.,mangrove-priority-2016-2025-v0.1
356,22,MPR-0355BF232B,Bungur,Rangsang Pesisir,Kepulauan Meranti,0.1,P2,Regenerasi alami terbantu,69.1,56,85,29,tinggi,Kondisi biofisik relatif mendukung pemulihan vegetasi.,mangrove-priority-2016-2025-v0.1
357,23,MPR-2A2E630D1A,Bungur,Rangsang Pesisir,Kepulauan Meranti,0.1,P2,Regenerasi alami terbantu,69.1,56,85,29,tinggi,Kondisi biofisik relatif mendukung pemulihan vegetasi.,mangrove-priority-2016-2025-v0.1
358,24,MPR-67D62D6A83,Bungur,Rangsang Pesisir,Kepulauan Meranti,0.1,P2,Regenerasi alami terbantu,69.1,56,85,29,tinggi,Kondisi biofisik relatif mendukung pemulihan vegetasi.,mangrove-priority-2016-2025-v0.1
359,9,MPR-6EBB657074,Banglas Barat,Tebing Tinggi,Kepulauan Meranti,0.1,P2,Regenerasi alami terbantu,69.1,55,85,27,tinggi,Kondisi biofisik relatif mendukung pemulihan vegetasi.,mangrove-priority-2016-2025-v0.1
360,10,MPR-B8CFBF00D4,Banglas Barat,Tebing Tinggi,Kepulauan Meranti,0.1,P2,Regenerasi alami terbantu,69.1,55,85,27,tinggi,Kondisi biofisik relatif mendukung pemulihan vegetasi.,mangrove-priority-2016-2025-v0.1
361,25,MPR-C6BFDCDC0F,Bungur,Rangsang Pesisir,Kepulauan Meranti,0.1,P2,Regenerasi alami terbantu,69.1,56,85,29,tinggi,Kondisi biofisik relatif mendukung pemulihan vegetasi.,mangrove-priority-2016-2025-v0.1
362,26,MPR-FC859B73CA,Bungur,Rangsang Pesisir,Kepulauan Meranti,0.1,P2,Regenerasi alami terbantu,69.1,56,85,29,tinggi,Kondisi biofisik relatif mendukung pemulihan vegetasi.,mangrove-priority-2016-2025-v0.1
363,27,MPR-184B537828,Bungur,Rangsang Pesisir,Kepulauan Meranti,0.09,P2,Regenerasi alami terbantu,69.1,56,85,29,tinggi,Kondisi biofisik relatif mendukung pemulihan vegetasi.,mangrove-priority-2016-2025-v0.1
364,11,MPR-DDBA74E09F,Banglas Barat,Tebing Tinggi,Kepulauan Meranti,0.085,P2,Regenerasi alami terbantu,69.1,55,85,27,tinggi,Kondisi biofisik relatif mendukung pemulihan vegetasi.,mangrove-priority-2016-2025-v0.1
365,28,MPR-101A1EC7B7,Bungur,Rangsang Pesisir,Kepulauan Meranti,0.08,P2,Regenerasi alami terbantu,69.1,56,85,29,tinggi,Kondisi biofisik relatif mendukung pemulihan vegetasi.,mangrove-priority-2016-2025-v0.1
366,29,MPR-33CB694E3F,Bungur,Rangsang Pesisir,Kepulauan Meranti,0.08,P2,Regenerasi alami terbantu,69.1,56,85,29,tinggi,Kondisi biofisik relatif mendukung pemulihan vegetasi.,mangrove-priority-2016-2025-v0.1
367,12,MPR-4E611A0FC3,Banglas Barat,Tebing Tinggi,Kepulauan Meranti,0.08,P2,Regenerasi alami terbantu,69.1,55,85,27,tinggi,Kondisi biofisik relatif mendukung pemulihan vegetasi.,mangrove-priority-2016-2025-v0.1
368,30,MPR-89B2E4489A,Bungur,Rangsang Pesisir,Kepulauan Meranti,0.08,P2,Regenerasi alami terbantu,69.1,56,85,29,tinggi,Kondisi biofisik relatif mendukung pemulihan vegetasi.,mangrove-priority-2016-2025-v0.1
369,31,MPR-9B9A27EDCC,Bungur,Rangsang Pesisir,Kepulauan Meranti,0.08,P2,Regenerasi alami terbantu,69.1,56,85,29,tinggi,Kondisi biofisik relatif mendukung pemulihan vegetasi.,mangrove-priority-2016-2025-v0.1
370,32,MPR-D55C590371,Bungur,Rangsang Pesisir,Kepulauan Meranti,0.08,P2,Regenerasi alami terbantu,69.1,56,85,29,tinggi,Kondisi biofisik relatif mendukung pemulihan vegetasi.,mangrove-priority-2016-2025-v0.1
371,33,MPR-FEDC733046,Bungur,Rangsang Pesisir,Kepulauan Meranti,0.08,P2,Regenerasi alami terbantu,69.1,56,85,29,tinggi,Kondisi biofisik relatif mendukung pemulihan vegetasi.,mangrove-priority-2016-2025-v0.1
372,13,MPR-B749FF8E2B,Banglas Barat,Tebing Tinggi,Kepulauan Meranti,0.062,P2,Regenerasi alami terbantu,69.1,55,85,27,tinggi,Kondisi biofisik relatif mendukung pemulihan vegetasi.,mangrove-priority-2016-2025-v0.1
373,34,MPR-3B0BA822FF,Bungur,Rangsang Pesisir,Kepulauan Meranti,0.05,P2,Regenerasi alami terbantu,69.1,56,85,29,tinggi,Kondisi biofisik relatif mendukung pemulihan vegetasi.,mangrove-priority-2016-2025-v0.1
374,35,MPR-4327C24298,Bungur,Rangsang Pesisir,Kepulauan Meranti,0.05,P2,Regenerasi alami terbantu,69.1,56,85,29,tinggi,Kondisi biofisik relatif mendukung pemulihan vegetasi.,mangrove-priority-2016-2025-v0.1
375,36,MPR-5520B1C0B5,Bungur,Rangsang Pesisir,Kepulauan Meranti,0.05,P2,Regenerasi alami terbantu,69.1,56,85,29,tinggi,Kondisi biofisik relatif mendukung pemulihan vegetasi.,mangrove-priority-2016-2025-v0.1
376,37,MPR-A0011D2E41,Bungur,Rangsang Pesisir,Kepulauan Meranti,0.05,P2,Regenerasi alami terbantu,69.1,56,85,29,tinggi,Kondisi biofisik relatif mendukung pemulihan vegetasi.,mangrove-priority-2016-2025-v0.1
377,38,MPR-AB49FCFCD4,Bungur,Rangsang Pesisir,Kepulauan Meranti,0.05,P2,Regenerasi alami terbantu,69.1,56,85,29,tinggi,Kondisi biofisik relatif mendukung pemulihan vegetasi.,mangrove-priority-2016-2025-v0.1
378,14,MPR-CD888A8B82,Banglas Barat,Tebing Tinggi,Kepulauan Meranti,0.05,X,Tidak direkomendasikan,69.1,55,85,27,tinggi,Area terlalu kecil dan terisolasi untuk diprioritaskan.,mangrove-priority-2016-2025-v0.1
379,8,MPR-3DA049BB23,Bandul,Tasik Putri Puyu,Kepulauan Meranti,2.33,P2,Regenerasi alami terbantu,69.0,62,79,33,sedang,Kondisi biofisik relatif mendukung pemulihan vegetasi.,mangrove-priority-2016-2025-v0.1
380,25,MPR-97D3AA8DEC,Tanjung Peranap,Tebing Tinggi Barat,Kepulauan Meranti,1.3,P2,Regenerasi alami terbantu,69.0,59,83,33,sedang,Kondisi biofisik relatif mendukung pemulihan vegetasi.,mangrove-priority-2016-2025-v0.1
381,8,MPR-32ADDDF8B5,Segomeng,Rangsang Barat,Kepulauan Meranti,1.01,P1,Penanaman aktif,69.0,67,74,35,sedang,Kebutuhan dan kelayakan relatif tinggi.,mangrove-priority-2016-2025-v0.1
382,15,MPR-C5C0E4A54B,Banglas Barat,Tebing Tinggi,Kepulauan Meranti,0.85,P2,Regenerasi alami terbantu,69.0,56,84,28,tinggi,Kondisi biofisik relatif mendukung pemulihan vegetasi.,mangrove-priority-2016-2025-v0.1
383,16,MPR-15305CB4E5,Banglas Barat,Tebing Tinggi,Kepulauan Meranti,0.846,P2,Regenerasi alami terbantu,69.0,56,84,28,tinggi,Kondisi biofisik relatif mendukung pemulihan vegetasi.,mangrove-priority-2016-2025-v0.1
384,17,MPR-030A0C4F00,Banglas Barat,Tebing Tinggi,Kepulauan Meranti,0.72,P2,Regenerasi alami terbantu,69.0,56,84,28,tinggi,Kondisi biofisik relatif mendukung pemulihan vegetasi.,mangrove-priority-2016-2025-v0.1
385,39,MPR-A8F86B71F4,Bungur,Rangsang Pesisir,Kepulauan Meranti,0.68,P2,Regenerasi alami terbantu,69.0,57,84,30,tinggi,Kondisi biofisik relatif mendukung pemulihan vegetasi.,mangrove-priority-2016-2025-v0.1
386,40,MPR-B6E958F51F,Bungur,Rangsang Pesisir,Kepulauan Meranti,0.65,P2,Regenerasi alami terbantu,69.0,57,84,30,tinggi,Kondisi biofisik relatif mendukung pemulihan vegetasi.,mangrove-priority-2016-2025-v0.1
387,41,MPR-FB223DB821,Bungur,Rangsang Pesisir,Kepulauan Meranti,0.63,P2,Regenerasi alami terbantu,69.0,57,84,30,tinggi,Kondisi biofisik relatif mendukung pemulihan vegetasi.,mangrove-priority-2016-2025-v0.1
388,1,MPR-CED7E8FF7D,Kedabu Rapat,Rangsang Pesisir,Kepulauan Meranti,0.58,P2,Regenerasi alami terbantu,69.0,59,84,35,tinggi,Kondisi biofisik relatif mendukung pemulihan vegetasi.,mangrove-priority-2016-2025-v0.1
389,18,MPR-7D2AF61F5F,Banglas Barat,Tebing Tinggi,Kepulauan Meranti,0.444,P2,Regenerasi alami terbantu,69.0,56,84,28,tinggi,Kondisi biofisik relatif mendukung pemulihan vegetasi.,mangrove-priority-2016-2025-v0.1
390,19,MPR-48E4D79853,Banglas Barat,Tebing Tinggi,Kepulauan Meranti,0.44,P2,Regenerasi alami terbantu,69.0,56,84,28,tinggi,Kondisi biofisik relatif mendukung pemulihan vegetasi.,mangrove-priority-2016-2025-v0.1
391,2,MPR-8D4E4E29BA,Telesung,Rangsang Pesisir,Kepulauan Meranti,0.34,P2,Regenerasi alami terbantu,69.0,57,85,32,tinggi,Kondisi biofisik relatif mendukung pemulihan vegetasi.,mangrove-priority-2016-2025-v0.1
392,3,MPR-78121AE354,Telesung,Rangsang Pesisir,Kepulauan Meranti,0.32,P2,Regenerasi alami terbantu,69.0,57,85,32,tinggi,Kondisi biofisik relatif mendukung pemulihan vegetasi.,mangrove-priority-2016-2025-v0.1
393,4,MPR-E00F0D326C,Telesung,Rangsang Pesisir,Kepulauan Meranti,0.32,P2,Regenerasi alami terbantu,69.0,57,85,32,tinggi,Kondisi biofisik relatif mendukung pemulihan vegetasi.,mangrove-priority-2016-2025-v0.1
394,5,MPR-C6075A187D,Telesung,Rangsang Pesisir,Kepulauan Meranti,0.25,P2,Regenerasi alami terbantu,69.0,57,85,32,tinggi,Kondisi biofisik relatif mendukung pemulihan vegetasi.,mangrove-priority-2016-2025-v0.1
395,6,MPR-083D966BFD,Telesung,Rangsang Pesisir,Kepulauan Meranti,0.24,P2,Regenerasi alami terbantu,69.0,57,85,32,tinggi,Kondisi biofisik relatif mendukung pemulihan vegetasi.,mangrove-priority-2016-2025-v0.1
396,1,MPR-64D7F26DCF,Kundur,Tebing Tinggi Barat,Kepulauan Meranti,0.24,P2,Regenerasi alami terbantu,69.0,56,84,28,sedang,Kondisi biofisik relatif mendukung pemulihan vegetasi.,mangrove-priority-2016-2025-v0.1
397,2,MPR-D1BD47F1BA,Kundur,Tebing Tinggi Barat,Kepulauan Meranti,0.24,P2,Regenerasi alami terbantu,69.0,56,84,28,sedang,Kondisi biofisik relatif mendukung pemulihan vegetasi.,mangrove-priority-2016-2025-v0.1
398,3,MPR-E041930D2C,Kundur,Tebing Tinggi Barat,Kepulauan Meranti,0.24,P2,Regenerasi alami terbantu,69.0,56,84,28,sedang,Kondisi biofisik relatif mendukung pemulihan vegetasi.,mangrove-priority-2016-2025-v0.1
399,7,MPR-576804CEA7,Telesung,Rangsang Pesisir,Kepulauan Meranti,0.23,P2,Regenerasi alami terbantu,69.0,57,85,32,tinggi,Kondisi biofisik relatif mendukung pemulihan vegetasi.,mangrove-priority-2016-2025-v0.1
400,4,MPR-5280BB5EB7,Kundur,Tebing Tinggi Barat,Kepulauan Meranti,0.21,P2,Regenerasi alami terbantu,69.0,56,84,28,sedang,Kondisi biofisik relatif mendukung pemulihan vegetasi.,mangrove-priority-2016-2025-v0.1
401,5,MPR-7ADDB9ADBD,Kundur,Tebing Tinggi Barat,Kepulauan Meranti,0.21,P2,Regenerasi alami terbantu,69.0,56,84,28,sedang,Kondisi biofisik relatif mendukung pemulihan vegetasi.,mangrove-priority-2016-2025-v0.1
402,8,MPR-CCF361F2A2,Telesung,Rangsang Pesisir,Kepulauan Meranti,0.195,P2,Regenerasi alami terbantu,69.0,57,85,32,tinggi,Kondisi biofisik relatif mendukung pemulihan vegetasi.,mangrove-priority-2016-2025-v0.1
403,6,MPR-17B9DD5524,Kundur,Tebing Tinggi Barat,Kepulauan Meranti,0.171,P2,Regenerasi alami terbantu,69.0,56,84,28,sedang,Kondisi biofisik relatif mendukung pemulihan vegetasi.,mangrove-priority-2016-2025-v0.1
404,9,MPR-20C8D480F3,Telesung,Rangsang Pesisir,Kepulauan Meranti,0.17,P2,Regenerasi alami terbantu,69.0,57,85,32,tinggi,Kondisi biofisik relatif mendukung pemulihan vegetasi.,mangrove-priority-2016-2025-v0.1
405,10,MPR-4A711D581A,Telesung,Rangsang Pesisir,Kepulauan Meranti,0.17,P2,Regenerasi alami terbantu,69.0,57,85,32,tinggi,Kondisi biofisik relatif mendukung pemulihan vegetasi.,mangrove-priority-2016-2025-v0.1
406,7,MPR-5D760CD0CB,Kundur,Tebing Tinggi Barat,Kepulauan Meranti,0.17,P2,Regenerasi alami terbantu,69.0,56,84,28,sedang,Kondisi biofisik relatif mendukung pemulihan vegetasi.,mangrove-priority-2016-2025-v0.1
407,11,MPR-A6B8F72524,Telesung,Rangsang Pesisir,Kepulauan Meranti,0.17,P2,Regenerasi alami terbantu,69.0,57,85,32,tinggi,Kondisi biofisik relatif mendukung pemulihan vegetasi.,mangrove-priority-2016-2025-v0.1
408,12,MPR-2597F735D4,Telesung,Rangsang Pesisir,Kepulauan Meranti,0.16,P2,Regenerasi alami terbantu,69.0,57,85,32,tinggi,Kondisi biofisik relatif mendukung pemulihan vegetasi.,mangrove-priority-2016-2025-v0.1
409,13,MPR-C090655815,Telesung,Rangsang Pesisir,Kepulauan Meranti,0.16,P2,Regenerasi alami terbantu,69.0,57,85,32,tinggi,Kondisi biofisik relatif mendukung pemulihan vegetasi.,mangrove-priority-2016-2025-v0.1
410,14,MPR-74CFC3FC4B,Telesung,Rangsang Pesisir,Kepulauan Meranti,0.155,P2,Regenerasi alami terbantu,69.0,57,85,32,tinggi,Kondisi biofisik relatif mendukung pemulihan vegetasi.,mangrove-priority-2016-2025-v0.1
411,8,MPR-4667B84019,Kundur,Tebing Tinggi Barat,Kepulauan Meranti,0.15,P2,Regenerasi alami terbantu,69.0,56,84,28,sedang,Kondisi biofisik relatif mendukung pemulihan vegetasi.,mangrove-priority-2016-2025-v0.1
412,9,MPR-4EF6F62589,Kundur,Tebing Tinggi Barat,Kepulauan Meranti,0.15,P2,Regenerasi alami terbantu,69.0,56,84,28,sedang,Kondisi biofisik relatif mendukung pemulihan vegetasi.,mangrove-priority-2016-2025-v0.1
413,15,MPR-65DD06CB5B,Telesung,Rangsang Pesisir,Kepulauan Meranti,0.14,P2,Regenerasi alami terbantu,69.0,57,85,32,tinggi,Kondisi biofisik relatif mendukung pemulihan vegetasi.,mangrove-priority-2016-2025-v0.1
414,10,MPR-6CB0F30566,Kundur,Tebing Tinggi Barat,Kepulauan Meranti,0.14,P2,Regenerasi alami terbantu,69.0,56,84,28,sedang,Kondisi biofisik relatif mendukung pemulihan vegetasi.,mangrove-priority-2016-2025-v0.1
415,16,MPR-BA87BFBFEF,Telesung,Rangsang Pesisir,Kepulauan Meranti,0.14,P2,Regenerasi alami terbantu,69.0,57,85,32,tinggi,Kondisi biofisik relatif mendukung pemulihan vegetasi.,mangrove-priority-2016-2025-v0.1
416,11,MPR-72A5E0EFFE,Kundur,Tebing Tinggi Barat,Kepulauan Meranti,0.13,P2,Regenerasi alami terbantu,69.0,56,84,28,sedang,Kondisi biofisik relatif mendukung pemulihan vegetasi.,mangrove-priority-2016-2025-v0.1
417,17,MPR-091A9647E9,Telesung,Rangsang Pesisir,Kepulauan Meranti,0.12,P2,Regenerasi alami terbantu,69.0,57,85,32,tinggi,Kondisi biofisik relatif mendukung pemulihan vegetasi.,mangrove-priority-2016-2025-v0.1
418,12,MPR-5E7A23F454,Kundur,Tebing Tinggi Barat,Kepulauan Meranti,0.12,P2,Regenerasi alami terbantu,69.0,56,84,28,sedang,Kondisi biofisik relatif mendukung pemulihan vegetasi.,mangrove-priority-2016-2025-v0.1
419,13,MPR-7C0F36F8BD,Kundur,Tebing Tinggi Barat,Kepulauan Meranti,0.12,P2,Regenerasi alami terbantu,69.0,56,84,28,sedang,Kondisi biofisik relatif mendukung pemulihan vegetasi.,mangrove-priority-2016-2025-v0.1
420,18,MPR-0188F8E60C,Telesung,Rangsang Pesisir,Kepulauan Meranti,0.118,P2,Regenerasi alami terbantu,69.0,57,85,32,tinggi,Kondisi biofisik relatif mendukung pemulihan vegetasi.,mangrove-priority-2016-2025-v0.1
421,19,MPR-1C2B6F1569,Telesung,Rangsang Pesisir,Kepulauan Meranti,0.11,P2,Regenerasi alami terbantu,69.0,57,85,32,tinggi,Kondisi biofisik relatif mendukung pemulihan vegetasi.,mangrove-priority-2016-2025-v0.1
422,20,MPR-67140A926A,Telesung,Rangsang Pesisir,Kepulauan Meranti,0.11,P2,Regenerasi alami terbantu,69.0,57,85,32,tinggi,Kondisi biofisik relatif mendukung pemulihan vegetasi.,mangrove-priority-2016-2025-v0.1
423,14,MPR-1669BE7536,Kundur,Tebing Tinggi Barat,Kepulauan Meranti,0.1,P2,Regenerasi alami terbantu,69.0,56,84,28,sedang,Kondisi biofisik relatif mendukung pemulihan vegetasi.,mangrove-priority-2016-2025-v0.1
424,21,MPR-1BFEDE8B74,Telesung,Rangsang Pesisir,Kepulauan Meranti,0.1,P2,Regenerasi alami terbantu,69.0,57,85,32,tinggi,Kondisi biofisik relatif mendukung pemulihan vegetasi.,mangrove-priority-2016-2025-v0.1
425,15,MPR-36DAA6A4ED,Kundur,Tebing Tinggi Barat,Kepulauan Meranti,0.1,P2,Regenerasi alami terbantu,69.0,56,84,28,sedang,Kondisi biofisik relatif mendukung pemulihan vegetasi.,mangrove-priority-2016-2025-v0.1
426,22,MPR-6FF7901D8C,Telesung,Rangsang Pesisir,Kepulauan Meranti,0.1,P2,Regenerasi alami terbantu,69.0,57,85,32,tinggi,Kondisi biofisik relatif mendukung pemulihan vegetasi.,mangrove-priority-2016-2025-v0.1
427,23,MPR-9928E9580F,Telesung,Rangsang Pesisir,Kepulauan Meranti,0.1,P2,Regenerasi alami terbantu,69.0,57,85,32,tinggi,Kondisi biofisik relatif mendukung pemulihan vegetasi.,mangrove-priority-2016-2025-v0.1
428,24,MPR-D4E25D46A2,Telesung,Rangsang Pesisir,Kepulauan Meranti,0.1,P2,Regenerasi alami terbantu,69.0,57,85,32,tinggi,Kondisi biofisik relatif mendukung pemulihan vegetasi.,mangrove-priority-2016-2025-v0.1
429,25,MPR-DBAFDCA3C2,Telesung,Rangsang Pesisir,Kepulauan Meranti,0.097,P2,Regenerasi alami terbantu,69.0,57,85,32,tinggi,Kondisi biofisik relatif mendukung pemulihan vegetasi.,mangrove-priority-2016-2025-v0.1
430,26,MPR-497223A2B0,Telesung,Rangsang Pesisir,Kepulauan Meranti,0.096,P2,Regenerasi alami terbantu,69.0,57,85,32,tinggi,Kondisi biofisik relatif mendukung pemulihan vegetasi.,mangrove-priority-2016-2025-v0.1
431,27,MPR-0B1016B346,Telesung,Rangsang Pesisir,Kepulauan Meranti,0.08,P2,Regenerasi alami terbantu,69.0,57,85,32,tinggi,Kondisi biofisik relatif mendukung pemulihan vegetasi.,mangrove-priority-2016-2025-v0.1
432,28,MPR-3EEEBDA1FC,Telesung,Rangsang Pesisir,Kepulauan Meranti,0.08,P2,Regenerasi alami terbantu,69.0,57,85,32,tinggi,Kondisi biofisik relatif mendukung pemulihan vegetasi.,mangrove-priority-2016-2025-v0.1
433,16,MPR-E1E1869996,Kundur,Tebing Tinggi Barat,Kepulauan Meranti,0.08,P2,Regenerasi alami terbantu,69.0,56,84,28,sedang,Kondisi biofisik relatif mendukung pemulihan vegetasi.,mangrove-priority-2016-2025-v0.1
434,29,MPR-E56325F424,Telesung,Rangsang Pesisir,Kepulauan Meranti,0.08,P2,Regenerasi alami terbantu,69.0,57,85,32,tinggi,Kondisi biofisik relatif mendukung pemulihan vegetasi.,mangrove-priority-2016-2025-v0.1
435,17,MPR-EE961D590F,Kundur,Tebing Tinggi Barat,Kepulauan Meranti,0.08,P2,Regenerasi alami terbantu,69.0,56,84,28,sedang,Kondisi biofisik relatif mendukung pemulihan vegetasi.,mangrove-priority-2016-2025-v0.1
436,18,MPR-F9BEC9D789,Kundur,Tebing Tinggi Barat,Kepulauan Meranti,0.08,P2,Regenerasi alami terbantu,69.0,56,84,28,sedang,Kondisi biofisik relatif mendukung pemulihan vegetasi.,mangrove-priority-2016-2025-v0.1
437,19,MPR-2428586E64,Kundur,Tebing Tinggi Barat,Kepulauan Meranti,0.05,P2,Regenerasi alami terbantu,69.0,56,84,28,sedang,Kondisi biofisik relatif mendukung pemulihan vegetasi.,mangrove-priority-2016-2025-v0.1
438,20,MPR-36799AB551,Kundur,Tebing Tinggi Barat,Kepulauan Meranti,0.05,X,Tidak direkomendasikan,69.0,56,84,28,sedang,Area terlalu kecil dan terisolasi untuk diprioritaskan.,mangrove-priority-2016-2025-v0.1
439,21,MPR-3953FF32CC,Kundur,Tebing Tinggi Barat,Kepulauan Meranti,0.05,P2,Regenerasi alami terbantu,69.0,56,84,28,sedang,Kondisi biofisik relatif mendukung pemulihan vegetasi.,mangrove-priority-2016-2025-v0.1
440,30,MPR-AA270AD7F6,Telesung,Rangsang Pesisir,Kepulauan Meranti,0.05,P2,Regenerasi alami terbantu,69.0,57,85,32,tinggi,Kondisi biofisik relatif mendukung pemulihan vegetasi.,mangrove-priority-2016-2025-v0.1
441,22,MPR-D495D0E9DE,Kundur,Tebing Tinggi Barat,Kepulauan Meranti,0.05,P2,Regenerasi alami terbantu,69.0,56,84,28,sedang,Kondisi biofisik relatif mendukung pemulihan vegetasi.,mangrove-priority-2016-2025-v0.1
442,23,MPR-E9AD7EBE51,Kundur,Tebing Tinggi Barat,Kepulauan Meranti,0.05,P2,Regenerasi alami terbantu,69.0,56,84,28,sedang,Kondisi biofisik relatif mendukung pemulihan vegetasi.,mangrove-priority-2016-2025-v0.1
443,9,MPR-D699954A44,Bandul,Tasik Putri Puyu,Kepulauan Meranti,1.74,P2,Regenerasi alami terbantu,68.9,61,80,33,sedang,Kondisi biofisik relatif mendukung pemulihan vegetasi.,mangrove-priority-2016-2025-v0.1
444,16,MPR-F7F0503240,Tanjungbunga,Pulaumerbau,Kepulauan Meranti,1.12,P2,Regenerasi alami terbantu,68.9,59,81,30,tinggi,Kondisi biofisik relatif mendukung pemulihan vegetasi.,mangrove-priority-2016-2025-v0.1
445,31,MPR-AAC6D7C7B7,Telesung,Rangsang Pesisir,Kepulauan Meranti,1.03,P2,Regenerasi alami terbantu,68.9,58,84,33,tinggi,Kondisi biofisik relatif mendukung pemulihan vegetasi.,mangrove-priority-2016-2025-v0.1
446,32,MPR-3C41F59EDC,Telesung,Rangsang Pesisir,Kepulauan Meranti,1.012,P2,Regenerasi alami terbantu,68.9,58,84,33,tinggi,Kondisi biofisik relatif mendukung pemulihan vegetasi.,mangrove-priority-2016-2025-v0.1
447,33,MPR-31BBE535E6,Telesung,Rangsang Pesisir,Kepulauan Meranti,0.9,P2,Regenerasi alami terbantu,68.9,58,84,33,tinggi,Kondisi biofisik relatif mendukung pemulihan vegetasi.,mangrove-priority-2016-2025-v0.1
448,34,MPR-635A47E5D4,Telesung,Rangsang Pesisir,Kepulauan Meranti,0.81,P2,Regenerasi alami terbantu,68.9,58,84,33,tinggi,Kondisi biofisik relatif mendukung pemulihan vegetasi.,mangrove-priority-2016-2025-v0.1
449,24,MPR-6206FEE477,Kundur,Tebing Tinggi Barat,Kepulauan Meranti,0.51,P2,Regenerasi alami terbantu,68.9,57,83,29,sedang,Kondisi biofisik relatif mendukung pemulihan vegetasi.,mangrove-priority-2016-2025-v0.1
450,25,MPR-09EA50A851,Kundur,Tebing Tinggi Barat,Kepulauan Meranti,0.49,P2,Regenerasi alami terbantu,68.9,57,83,29,sedang,Kondisi biofisik relatif mendukung pemulihan vegetasi.,mangrove-priority-2016-2025-v0.1
451,10,MPR-1040E0B8BC,Bandul,Tasik Putri Puyu,Kepulauan Meranti,0.36,P2,Regenerasi alami terbantu,68.9,59,81,30,sedang,Kondisi biofisik relatif mendukung pemulihan vegetasi.,mangrove-priority-2016-2025-v0.1
452,20,MPR-A05E199038,Banglas Barat,Tebing Tinggi,Kepulauan Meranti,0.35,P2,Regenerasi alami terbantu,68.9,55,85,28,tinggi,Kondisi biofisik relatif mendukung pemulihan vegetasi.,mangrove-priority-2016-2025-v0.1
453,21,MPR-3B11FC0950,Banglas Barat,Tebing Tinggi,Kepulauan Meranti,0.34,P2,Regenerasi alami terbantu,68.9,55,85,28,tinggi,Kondisi biofisik relatif mendukung pemulihan vegetasi.,mangrove-priority-2016-2025-v0.1
454,22,MPR-F363D15E44,Banglas Barat,Tebing Tinggi,Kepulauan Meranti,0.27,P2,Regenerasi alami terbantu,68.9,55,85,28,tinggi,Kondisi biofisik relatif mendukung pemulihan vegetasi.,mangrove-priority-2016-2025-v0.1
455,1,MPR-F10A6A12E4,Banglas,Tebing Tinggi,Kepulauan Meranti,0.21,P2,Regenerasi alami terbantu,68.9,56,85,30,tinggi,Kondisi biofisik relatif mendukung pemulihan vegetasi.,mangrove-priority-2016-2025-v0.1
456,2,MPR-7EACA6CDC0,Banglas,Tebing Tinggi,Kepulauan Meranti,0.2,P2,Regenerasi alami terbantu,68.9,56,85,30,tinggi,Kondisi biofisik relatif mendukung pemulihan vegetasi.,mangrove-priority-2016-2025-v0.1
457,3,MPR-F6A36B84F8,Banglas,Tebing Tinggi,Kepulauan Meranti,0.2,P2,Regenerasi alami terbantu,68.9,56,85,30,tinggi,Kondisi biofisik relatif mendukung pemulihan vegetasi.,mangrove-priority-2016-2025-v0.1
458,4,MPR-564B4428EC,Banglas,Tebing Tinggi,Kepulauan Meranti,0.19,P2,Regenerasi alami terbantu,68.9,56,85,30,tinggi,Kondisi biofisik relatif mendukung pemulihan vegetasi.,mangrove-priority-2016-2025-v0.1
459,5,MPR-908BE9AE0E,Banglas,Tebing Tinggi,Kepulauan Meranti,0.19,P2,Regenerasi alami terbantu,68.9,56,85,30,tinggi,Kondisi biofisik relatif mendukung pemulihan vegetasi.,mangrove-priority-2016-2025-v0.1
460,6,MPR-1DAC460876,Banglas,Tebing Tinggi,Kepulauan Meranti,0.18,P2,Regenerasi alami terbantu,68.9,56,85,30,tinggi,Kondisi biofisik relatif mendukung pemulihan vegetasi.,mangrove-priority-2016-2025-v0.1
461,7,MPR-430537D15B,Banglas,Tebing Tinggi,Kepulauan Meranti,0.18,P2,Regenerasi alami terbantu,68.9,56,85,30,tinggi,Kondisi biofisik relatif mendukung pemulihan vegetasi.,mangrove-priority-2016-2025-v0.1
462,8,MPR-4437A7B56A,Banglas,Tebing Tinggi,Kepulauan Meranti,0.17,P2,Regenerasi alami terbantu,68.9,56,85,30,tinggi,Kondisi biofisik relatif mendukung pemulihan vegetasi.,mangrove-priority-2016-2025-v0.1
463,9,MPR-A9B309AD28,Banglas,Tebing Tinggi,Kepulauan Meranti,0.136,P2,Regenerasi alami terbantu,68.9,56,85,30,tinggi,Kondisi biofisik relatif mendukung pemulihan vegetasi.,mangrove-priority-2016-2025-v0.1
464,10,MPR-2EC24D52D0,Banglas,Tebing Tinggi,Kepulauan Meranti,0.13,P2,Regenerasi alami terbantu,68.9,56,85,30,tinggi,Kondisi biofisik relatif mendukung pemulihan vegetasi.,mangrove-priority-2016-2025-v0.1
465,11,MPR-F9A0A7A9E5,Banglas,Tebing Tinggi,Kepulauan Meranti,0.13,P2,Regenerasi alami terbantu,68.9,56,85,30,tinggi,Kondisi biofisik relatif mendukung pemulihan vegetasi.,mangrove-priority-2016-2025-v0.1
466,12,MPR-DAF426480B,Banglas,Tebing Tinggi,Kepulauan Meranti,0.121,P2,Regenerasi alami terbantu,68.9,56,85,30,tinggi,Kondisi biofisik relatif mendukung pemulihan vegetasi.,mangrove-priority-2016-2025-v0.1
467,13,MPR-C10C5EEB42,Banglas,Tebing Tinggi,Kepulauan Meranti,0.12,P2,Regenerasi alami terbantu,68.9,56,85,30,tinggi,Kondisi biofisik relatif mendukung pemulihan vegetasi.,mangrove-priority-2016-2025-v0.1
468,14,MPR-2F55E32EA2,Banglas,Tebing Tinggi,Kepulauan Meranti,0.11,P2,Regenerasi alami terbantu,68.9,56,85,30,tinggi,Kondisi biofisik relatif mendukung pemulihan vegetasi.,mangrove-priority-2016-2025-v0.1
469,15,MPR-6FAEF0B71B,Banglas,Tebing Tinggi,Kepulauan Meranti,0.11,P2,Regenerasi alami terbantu,68.9,56,85,30,tinggi,Kondisi biofisik relatif mendukung pemulihan vegetasi.,mangrove-priority-2016-2025-v0.1
470,16,MPR-4FAC2EA9FB,Banglas,Tebing Tinggi,Kepulauan Meranti,0.1,P2,Regenerasi alami terbantu,68.9,56,85,30,tinggi,Kondisi biofisik relatif mendukung pemulihan vegetasi.,mangrove-priority-2016-2025-v0.1
471,17,MPR-ADF956E11B,Banglas,Tebing Tinggi,Kepulauan Meranti,0.1,P2,Regenerasi alami terbantu,68.9,56,85,30,tinggi,Kondisi biofisik relatif mendukung pemulihan vegetasi.,mangrove-priority-2016-2025-v0.1
472,18,MPR-32C98144B0,Banglas,Tebing Tinggi,Kepulauan Meranti,0.08,P2,Regenerasi alami terbantu,68.9,56,85,30,tinggi,Kondisi biofisik relatif mendukung pemulihan vegetasi.,mangrove-priority-2016-2025-v0.1
473,19,MPR-616ECF66FE,Banglas,Tebing Tinggi,Kepulauan Meranti,0.08,P2,Regenerasi alami terbantu,68.9,56,85,30,tinggi,Kondisi biofisik relatif mendukung pemulihan vegetasi.,mangrove-priority-2016-2025-v0.1
474,20,MPR-7A7C224FF3,Banglas,Tebing Tinggi,Kepulauan Meranti,0.08,P2,Regenerasi alami terbantu,68.9,56,85,30,tinggi,Kondisi biofisik relatif mendukung pemulihan vegetasi.,mangrove-priority-2016-2025-v0.1
475,21,MPR-904EC3D963,Banglas,Tebing Tinggi,Kepulauan Meranti,0.08,P2,Regenerasi alami terbantu,68.9,56,85,30,tinggi,Kondisi biofisik relatif mendukung pemulihan vegetasi.,mangrove-priority-2016-2025-v0.1
476,22,MPR-FF68822AA4,Banglas,Tebing Tinggi,Kepulauan Meranti,0.08,P2,Regenerasi alami terbantu,68.9,56,85,30,tinggi,Kondisi biofisik relatif mendukung pemulihan vegetasi.,mangrove-priority-2016-2025-v0.1
477,23,MPR-701B3B403B,Banglas,Tebing Tinggi,Kepulauan Meranti,0.05,P2,Regenerasi alami terbantu,68.9,56,85,30,tinggi,Kondisi biofisik relatif mendukung pemulihan vegetasi.,mangrove-priority-2016-2025-v0.1
478,24,MPR-79DBD5DC11,Banglas,Tebing Tinggi,Kepulauan Meranti,0.05,P2,Regenerasi alami terbantu,68.9,56,85,30,tinggi,Kondisi biofisik relatif mendukung pemulihan vegetasi.,mangrove-priority-2016-2025-v0.1
479,25,MPR-87972B196A,Banglas,Tebing Tinggi,Kepulauan Meranti,0.05,P2,Regenerasi alami terbantu,68.9,56,85,30,tinggi,Kondisi biofisik relatif mendukung pemulihan vegetasi.,mangrove-priority-2016-2025-v0.1
480,38,MPR-2D2E620615,Repan,Rangsang,Kepulauan Meranti,3.94,P2,Regenerasi alami terbantu,68.8,63,79,36,tinggi,Kondisi biofisik relatif mendukung pemulihan vegetasi.,mangrove-priority-2016-2025-v0.1
481,9,MPR-0691A3940C,Segomeng,Rangsang Barat,Kepulauan Meranti,2.37,P1,Penanaman aktif,68.8,69,72,37,sedang,Kebutuhan dan kelayakan relatif tinggi.,mangrove-priority-2016-2025-v0.1
482,10,MPR-23D0987067,Segomeng,Rangsang Barat,Kepulauan Meranti,2.15,P1,Penanaman aktif,68.8,69,72,37,sedang,Kebutuhan dan kelayakan relatif tinggi.,mangrove-priority-2016-2025-v0.1
483,53,MPR-3AFE58AC2D,Tanah Merah,Rangsang Pesisir,Kepulauan Meranti,1.87,P2,Regenerasi alami terbantu,68.8,63,82,41,tinggi,Kondisi biofisik relatif mendukung pemulihan vegetasi.,mangrove-priority-2016-2025-v0.1
484,26,MPR-42162E5F5C,Banglas,Tebing Tinggi,Kepulauan Meranti,0.86,P2,Regenerasi alami terbantu,68.8,57,84,31,tinggi,Kondisi biofisik relatif mendukung pemulihan vegetasi.,mangrove-priority-2016-2025-v0.1
485,27,MPR-7CCBCFF4BB,Banglas,Tebing Tinggi,Kepulauan Meranti,0.85,P2,Regenerasi alami terbantu,68.8,57,84,31,tinggi,Kondisi biofisik relatif mendukung pemulihan vegetasi.,mangrove-priority-2016-2025-v0.1
486,2,MPR-9A1E03CDFC,Kedabu Rapat,Rangsang Pesisir,Kepulauan Meranti,0.847,P2,Regenerasi alami terbantu,68.8,59,84,36,tinggi,Kondisi biofisik relatif mendukung pemulihan vegetasi.,mangrove-priority-2016-2025-v0.1
487,1,MPR-EB50F5AA96,Beting,Rangsang Pesisir,Kepulauan Meranti,0.82,P2,Regenerasi alami terbantu,68.8,59,84,36,tinggi,Kondisi biofisik relatif mendukung pemulihan vegetasi.,mangrove-priority-2016-2025-v0.1
488,28,MPR-C334F8B9DB,Banglas,Tebing Tinggi,Kepulauan Meranti,0.79,P2,Regenerasi alami terbantu,68.8,57,84,31,tinggi,Kondisi biofisik relatif mendukung pemulihan vegetasi.,mangrove-priority-2016-2025-v0.1
489,3,MPR-1FBFFA55EE,Kedabu Rapat,Rangsang Pesisir,Kepulauan Meranti,0.76,P2,Regenerasi alami terbantu,68.8,59,84,36,tinggi,Kondisi biofisik relatif mendukung pemulihan vegetasi.,mangrove-priority-2016-2025-v0.1
490,2,MPR-C23733A6AA,Beting,Rangsang Pesisir,Kepulauan Meranti,0.64,P2,Regenerasi alami terbantu,68.8,59,84,36,tinggi,Kondisi biofisik relatif mendukung pemulihan vegetasi.,mangrove-priority-2016-2025-v0.1
491,3,MPR-00A6433850,Beting,Rangsang Pesisir,Kepulauan Meranti,0.61,P2,Regenerasi alami terbantu,68.8,59,84,36,tinggi,Kondisi biofisik relatif mendukung pemulihan vegetasi.,mangrove-priority-2016-2025-v0.1
492,4,MPR-B0399D5105,Beting,Rangsang Pesisir,Kepulauan Meranti,0.59,P2,Regenerasi alami terbantu,68.8,59,84,36,tinggi,Kondisi biofisik relatif mendukung pemulihan vegetasi.,mangrove-priority-2016-2025-v0.1
493,5,MPR-DF8FC0B8F3,Beting,Rangsang Pesisir,Kepulauan Meranti,0.59,P2,Regenerasi alami terbantu,68.8,59,84,36,tinggi,Kondisi biofisik relatif mendukung pemulihan vegetasi.,mangrove-priority-2016-2025-v0.1
494,6,MPR-4BABFE0F2D,Beting,Rangsang Pesisir,Kepulauan Meranti,0.55,P2,Regenerasi alami terbantu,68.8,59,84,36,tinggi,Kondisi biofisik relatif mendukung pemulihan vegetasi.,mangrove-priority-2016-2025-v0.1
495,29,MPR-EB2D0D649E,Banglas,Tebing Tinggi,Kepulauan Meranti,0.55,P2,Regenerasi alami terbantu,68.8,57,84,31,tinggi,Kondisi biofisik relatif mendukung pemulihan vegetasi.,mangrove-priority-2016-2025-v0.1
496,7,MPR-043429AD22,Beting,Rangsang Pesisir,Kepulauan Meranti,0.483,P2,Regenerasi alami terbantu,68.8,59,84,36,tinggi,Kondisi biofisik relatif mendukung pemulihan vegetasi.,mangrove-priority-2016-2025-v0.1
497,8,MPR-079BFDE8D9,Beting,Rangsang Pesisir,Kepulauan Meranti,0.47,P2,Regenerasi alami terbantu,68.8,59,84,36,tinggi,Kondisi biofisik relatif mendukung pemulihan vegetasi.,mangrove-priority-2016-2025-v0.1
498,30,MPR-203430F007,Banglas,Tebing Tinggi,Kepulauan Meranti,0.44,P2,Regenerasi alami terbantu,68.8,57,84,31,tinggi,Kondisi biofisik relatif mendukung pemulihan vegetasi.,mangrove-priority-2016-2025-v0.1
499,42,MPR-C59B8B5C7F,Bungur,Rangsang Pesisir,Kepulauan Meranti,0.36,P2,Regenerasi alami terbantu,68.8,56,84,29,tinggi,Kondisi biofisik relatif mendukung pemulihan vegetasi.,mangrove-priority-2016-2025-v0.1
500,31,MPR-74AFBE75D3,Banglas,Tebing Tinggi,Kepulauan Meranti,0.34,P2,Regenerasi alami terbantu,68.8,56,85,31,tinggi,Kondisi biofisik relatif mendukung pemulihan vegetasi.,mangrove-priority-2016-2025-v0.1
501,32,MPR-F859C457A0,Banglas,Tebing Tinggi,Kepulauan Meranti,0.33,P2,Regenerasi alami terbantu,68.8,56,85,31,tinggi,Kondisi biofisik relatif mendukung pemulihan vegetasi.,mangrove-priority-2016-2025-v0.1
502,4,MPR-928E623283,Kedabu Rapat,Rangsang Pesisir,Kepulauan Meranti,0.31,P2,Regenerasi alami terbantu,68.8,58,85,35,tinggi,Kondisi biofisik relatif mendukung pemulihan vegetasi.,mangrove-priority-2016-2025-v0.1
503,5,MPR-6D499D33AF,Kedabu Rapat,Rangsang Pesisir,Kepulauan Meranti,0.3,P2,Regenerasi alami terbantu,68.8,58,85,35,tinggi,Kondisi biofisik relatif mendukung pemulihan vegetasi.,mangrove-priority-2016-2025-v0.1
504,1,MPR-F094201F56,Mengkikip,Tebing Tinggi Barat,Kepulauan Meranti,0.28,U,Data belum memadai,68.8,56,85,31,rendah,Keyakinan data rendah.,mangrove-priority-2016-2025-v0.1
505,6,MPR-5B2AF0659C,Kedabu Rapat,Rangsang Pesisir,Kepulauan Meranti,0.27,P2,Regenerasi alami terbantu,68.8,58,85,35,tinggi,Kondisi biofisik relatif mendukung pemulihan vegetasi.,mangrove-priority-2016-2025-v0.1
506,33,MPR-30A3D4D964,Banglas,Tebing Tinggi,Kepulauan Meranti,0.26,P2,Regenerasi alami terbantu,68.8,56,85,31,tinggi,Kondisi biofisik relatif mendukung pemulihan vegetasi.,mangrove-priority-2016-2025-v0.1
507,2,MPR-399F2B10B1,Mengkikip,Tebing Tinggi Barat,Kepulauan Meranti,0.26,U,Data belum memadai,68.8,56,85,31,rendah,Keyakinan data rendah.,mangrove-priority-2016-2025-v0.1
508,9,MPR-CF82386455,Beting,Rangsang Pesisir,Kepulauan Meranti,0.25,P2,Regenerasi alami terbantu,68.8,58,85,35,tinggi,Kondisi biofisik relatif mendukung pemulihan vegetasi.,mangrove-priority-2016-2025-v0.1
509,10,MPR-FD25447CDD,Beting,Rangsang Pesisir,Kepulauan Meranti,0.25,P2,Regenerasi alami terbantu,68.8,58,85,35,tinggi,Kondisi biofisik relatif mendukung pemulihan vegetasi.,mangrove-priority-2016-2025-v0.1
510,11,MPR-5B066749ED,Beting,Rangsang Pesisir,Kepulauan Meranti,0.24,P2,Regenerasi alami terbantu,68.8,58,85,35,tinggi,Kondisi biofisik relatif mendukung pemulihan vegetasi.,mangrove-priority-2016-2025-v0.1
511,7,MPR-642BA38BBC,Kedabu Rapat,Rangsang Pesisir,Kepulauan Meranti,0.24,P2,Regenerasi alami terbantu,68.8,58,85,35,tinggi,Kondisi biofisik relatif mendukung pemulihan vegetasi.,mangrove-priority-2016-2025-v0.1
512,3,MPR-DBDB8DB2B0,Mengkikip,Tebing Tinggi Barat,Kepulauan Meranti,0.24,U,Data belum memadai,68.8,56,85,31,rendah,Keyakinan data rendah.,mangrove-priority-2016-2025-v0.1
513,34,MPR-214004F57E,Banglas,Tebing Tinggi,Kepulauan Meranti,0.23,P2,Regenerasi alami terbantu,68.8,56,85,31,tinggi,Kondisi biofisik relatif mendukung pemulihan vegetasi.,mangrove-priority-2016-2025-v0.1
514,4,MPR-25A1BEF1F7,Mengkikip,Tebing Tinggi Barat,Kepulauan Meranti,0.23,U,Data belum memadai,68.8,56,85,31,rendah,Keyakinan data rendah.,mangrove-priority-2016-2025-v0.1
515,12,MPR-626F4E892E,Beting,Rangsang Pesisir,Kepulauan Meranti,0.23,P2,Regenerasi alami terbantu,68.8,58,85,35,tinggi,Kondisi biofisik relatif mendukung pemulihan vegetasi.,mangrove-priority-2016-2025-v0.1
516,8,MPR-70DE9E4AF4,Kedabu Rapat,Rangsang Pesisir,Kepulauan Meranti,0.23,P2,Regenerasi alami terbantu,68.8,58,85,35,tinggi,Kondisi biofisik relatif mendukung pemulihan vegetasi.,mangrove-priority-2016-2025-v0.1
517,9,MPR-80148FE495,Kedabu Rapat,Rangsang Pesisir,Kepulauan Meranti,0.23,P2,Regenerasi alami terbantu,68.8,58,85,35,tinggi,Kondisi biofisik relatif mendukung pemulihan vegetasi.,mangrove-priority-2016-2025-v0.1
518,5,MPR-C4F3B5C590,Mengkikip,Tebing Tinggi Barat,Kepulauan Meranti,0.23,U,Data belum memadai,68.8,56,85,31,rendah,Keyakinan data rendah.,mangrove-priority-2016-2025-v0.1
519,35,MPR-252F2F4593,Banglas,Tebing Tinggi,Kepulauan Meranti,0.223,P2,Regenerasi alami terbantu,68.8,56,85,31,tinggi,Kondisi biofisik relatif mendukung pemulihan vegetasi.,mangrove-priority-2016-2025-v0.1
520,10,MPR-0C4365B37B,Kedabu Rapat,Rangsang Pesisir,Kepulauan Meranti,0.22,P2,Regenerasi alami terbantu,68.8,58,85,35,tinggi,Kondisi biofisik relatif mendukung pemulihan vegetasi.,mangrove-priority-2016-2025-v0.1
521,6,MPR-1BC832FB43,Mengkikip,Tebing Tinggi Barat,Kepulauan Meranti,0.22,U,Data belum memadai,68.8,56,85,31,rendah,Keyakinan data rendah.,mangrove-priority-2016-2025-v0.1
522,7,MPR-6D5D76F269,Mengkikip,Tebing Tinggi Barat,Kepulauan Meranti,0.22,U,Data belum memadai,68.8,56,85,31,rendah,Keyakinan data rendah.,mangrove-priority-2016-2025-v0.1
523,36,MPR-E91851108F,Banglas,Tebing Tinggi,Kepulauan Meranti,0.22,P2,Regenerasi alami terbantu,68.8,56,85,31,tinggi,Kondisi biofisik relatif mendukung pemulihan vegetasi.,mangrove-priority-2016-2025-v0.1
524,13,MPR-A2CCDCE70A,Beting,Rangsang Pesisir,Kepulauan Meranti,0.21,P2,Regenerasi alami terbantu,68.8,58,85,35,tinggi,Kondisi biofisik relatif mendukung pemulihan vegetasi.,mangrove-priority-2016-2025-v0.1
525,14,MPR-A3428B0EA1,Beting,Rangsang Pesisir,Kepulauan Meranti,0.21,P2,Regenerasi alami terbantu,68.8,58,85,35,tinggi,Kondisi biofisik relatif mendukung pemulihan vegetasi.,mangrove-priority-2016-2025-v0.1
526,15,MPR-B5C2152CB2,Beting,Rangsang Pesisir,Kepulauan Meranti,0.192,P2,Regenerasi alami terbantu,68.8,58,85,35,tinggi,Kondisi biofisik relatif mendukung pemulihan vegetasi.,mangrove-priority-2016-2025-v0.1
527,8,MPR-5E2196B630,Mengkikip,Tebing Tinggi Barat,Kepulauan Meranti,0.19,U,Data belum memadai,68.8,56,85,31,rendah,Keyakinan data rendah.,mangrove-priority-2016-2025-v0.1
528,9,MPR-1161309235,Mengkikip,Tebing Tinggi Barat,Kepulauan Meranti,0.18,U,Data belum memadai,68.8,56,85,31,rendah,Keyakinan data rendah.,mangrove-priority-2016-2025-v0.1
529,16,MPR-EA1B15C76A,Beting,Rangsang Pesisir,Kepulauan Meranti,0.18,P2,Regenerasi alami terbantu,68.8,58,85,35,tinggi,Kondisi biofisik relatif mendukung pemulihan vegetasi.,mangrove-priority-2016-2025-v0.1
530,10,MPR-172844FE58,Mengkikip,Tebing Tinggi Barat,Kepulauan Meranti,0.17,U,Data belum memadai,68.8,56,85,31,rendah,Keyakinan data rendah.,mangrove-priority-2016-2025-v0.1
531,11,MPR-7E23912FFA,Mengkikip,Tebing Tinggi Barat,Kepulauan Meranti,0.17,U,Data belum memadai,68.8,56,85,31,rendah,Keyakinan data rendah.,mangrove-priority-2016-2025-v0.1
532,17,MPR-9305B01711,Beting,Rangsang Pesisir,Kepulauan Meranti,0.17,P2,Regenerasi alami terbantu,68.8,58,85,35,tinggi,Kondisi biofisik relatif mendukung pemulihan vegetasi.,mangrove-priority-2016-2025-v0.1
533,12,MPR-AC542DFA17,Mengkikip,Tebing Tinggi Barat,Kepulauan Meranti,0.17,U,Data belum memadai,68.8,56,85,31,rendah,Keyakinan data rendah.,mangrove-priority-2016-2025-v0.1
534,18,MPR-E65D9B727D,Beting,Rangsang Pesisir,Kepulauan Meranti,0.17,P2,Regenerasi alami terbantu,68.8,58,85,35,tinggi,Kondisi biofisik relatif mendukung pemulihan vegetasi.,mangrove-priority-2016-2025-v0.1
535,11,MPR-E24B1D155C,Kedabu Rapat,Rangsang Pesisir,Kepulauan Meranti,0.168,P2,Regenerasi alami terbantu,68.8,58,85,35,tinggi,Kondisi biofisik relatif mendukung pemulihan vegetasi.,mangrove-priority-2016-2025-v0.1
536,13,MPR-365D1B4DF6,Mengkikip,Tebing Tinggi Barat,Kepulauan Meranti,0.16,U,Data belum memadai,68.8,56,85,31,rendah,Keyakinan data rendah.,mangrove-priority-2016-2025-v0.1
537,14,MPR-008A2C49C3,Mengkikip,Tebing Tinggi Barat,Kepulauan Meranti,0.15,U,Data belum memadai,68.8,56,85,31,rendah,Keyakinan data rendah.,mangrove-priority-2016-2025-v0.1
538,15,MPR-42E8429172,Mengkikip,Tebing Tinggi Barat,Kepulauan Meranti,0.15,U,Data belum memadai,68.8,56,85,31,rendah,Keyakinan data rendah.,mangrove-priority-2016-2025-v0.1
539,16,MPR-1DFB8177E0,Mengkikip,Tebing Tinggi Barat,Kepulauan Meranti,0.14,U,Data belum memadai,68.8,56,85,31,rendah,Keyakinan data rendah.,mangrove-priority-2016-2025-v0.1
540,19,MPR-47E9925677,Beting,Rangsang Pesisir,Kepulauan Meranti,0.14,P2,Regenerasi alami terbantu,68.8,58,85,35,tinggi,Kondisi biofisik relatif mendukung pemulihan vegetasi.,mangrove-priority-2016-2025-v0.1
541,20,MPR-7BB3860978,Beting,Rangsang Pesisir,Kepulauan Meranti,0.14,P2,Regenerasi alami terbantu,68.8,58,85,35,tinggi,Kondisi biofisik relatif mendukung pemulihan vegetasi.,mangrove-priority-2016-2025-v0.1
542,17,MPR-7CD99534AD,Mengkikip,Tebing Tinggi Barat,Kepulauan Meranti,0.14,U,Data belum memadai,68.8,56,85,31,rendah,Keyakinan data rendah.,mangrove-priority-2016-2025-v0.1
543,18,MPR-842B8DD36A,Mengkikip,Tebing Tinggi Barat,Kepulauan Meranti,0.14,U,Data belum memadai,68.8,56,85,31,rendah,Keyakinan data rendah.,mangrove-priority-2016-2025-v0.1
544,12,MPR-9CE074664C,Kedabu Rapat,Rangsang Pesisir,Kepulauan Meranti,0.14,P2,Regenerasi alami terbantu,68.8,58,85,35,tinggi,Kondisi biofisik relatif mendukung pemulihan vegetasi.,mangrove-priority-2016-2025-v0.1
545,19,MPR-C21740421B,Mengkikip,Tebing Tinggi Barat,Kepulauan Meranti,0.14,U,Data belum memadai,68.8,56,85,31,rendah,Keyakinan data rendah.,mangrove-priority-2016-2025-v0.1
546,20,MPR-C4B2EDEE06,Mengkikip,Tebing Tinggi Barat,Kepulauan Meranti,0.14,U,Data belum memadai,68.8,56,85,31,rendah,Keyakinan data rendah.,mangrove-priority-2016-2025-v0.1
547,21,MPR-E1D6326F8C,Mengkikip,Tebing Tinggi Barat,Kepulauan Meranti,0.14,U,Data belum memadai,68.8,56,85,31,rendah,Keyakinan data rendah.,mangrove-priority-2016-2025-v0.1
548,13,MPR-60E7BE2B76,Kedabu Rapat,Rangsang Pesisir,Kepulauan Meranti,0.136,P2,Regenerasi alami terbantu,68.8,58,85,35,tinggi,Kondisi biofisik relatif mendukung pemulihan vegetasi.,mangrove-priority-2016-2025-v0.1
549,14,MPR-487F5F7F51,Kedabu Rapat,Rangsang Pesisir,Kepulauan Meranti,0.135,P2,Regenerasi alami terbantu,68.8,58,85,35,tinggi,Kondisi biofisik relatif mendukung pemulihan vegetasi.,mangrove-priority-2016-2025-v0.1
550,22,MPR-033386074A,Mengkikip,Tebing Tinggi Barat,Kepulauan Meranti,0.13,U,Data belum memadai,68.8,56,85,31,rendah,Keyakinan data rendah.,mangrove-priority-2016-2025-v0.1
551,15,MPR-34AADECF67,Kedabu Rapat,Rangsang Pesisir,Kepulauan Meranti,0.12,P2,Regenerasi alami terbantu,68.8,58,85,35,tinggi,Kondisi biofisik relatif mendukung pemulihan vegetasi.,mangrove-priority-2016-2025-v0.1
552,21,MPR-B712D27222,Beting,Rangsang Pesisir,Kepulauan Meranti,0.12,P2,Regenerasi alami terbantu,68.8,58,85,35,tinggi,Kondisi biofisik relatif mendukung pemulihan vegetasi.,mangrove-priority-2016-2025-v0.1
553,23,MPR-A31AF32838,Mengkikip,Tebing Tinggi Barat,Kepulauan Meranti,0.115,U,Data belum memadai,68.8,56,85,31,rendah,Keyakinan data rendah.,mangrove-priority-2016-2025-v0.1
554,22,MPR-43996A553C,Beting,Rangsang Pesisir,Kepulauan Meranti,0.111,P2,Regenerasi alami terbantu,68.8,58,85,35,tinggi,Kondisi biofisik relatif mendukung pemulihan vegetasi.,mangrove-priority-2016-2025-v0.1
555,23,MPR-158BBD6296,Beting,Rangsang Pesisir,Kepulauan Meranti,0.11,P2,Regenerasi alami terbantu,68.8,58,85,35,tinggi,Kondisi biofisik relatif mendukung pemulihan vegetasi.,mangrove-priority-2016-2025-v0.1
556,24,MPR-740F663648,Mengkikip,Tebing Tinggi Barat,Kepulauan Meranti,0.11,U,Data belum memadai,68.8,56,85,31,rendah,Keyakinan data rendah.,mangrove-priority-2016-2025-v0.1
557,25,MPR-867198C792,Mengkikip,Tebing Tinggi Barat,Kepulauan Meranti,0.11,U,Data belum memadai,68.8,56,85,31,rendah,Keyakinan data rendah.,mangrove-priority-2016-2025-v0.1
558,24,MPR-D282CCDE29,Beting,Rangsang Pesisir,Kepulauan Meranti,0.11,P2,Regenerasi alami terbantu,68.8,58,85,35,tinggi,Kondisi biofisik relatif mendukung pemulihan vegetasi.,mangrove-priority-2016-2025-v0.1
559,26,MPR-F7E5899E86,Mengkikip,Tebing Tinggi Barat,Kepulauan Meranti,0.11,U,Data belum memadai,68.8,56,85,31,rendah,Keyakinan data rendah.,mangrove-priority-2016-2025-v0.1
560,25,MPR-FA8701E3E4,Beting,Rangsang Pesisir,Kepulauan Meranti,0.11,P2,Regenerasi alami terbantu,68.8,58,85,35,tinggi,Kondisi biofisik relatif mendukung pemulihan vegetasi.,mangrove-priority-2016-2025-v0.1
561,16,MPR-AE6A6A328A,Kedabu Rapat,Rangsang Pesisir,Kepulauan Meranti,0.108,P2,Regenerasi alami terbantu,68.8,58,85,35,tinggi,Kondisi biofisik relatif mendukung pemulihan vegetasi.,mangrove-priority-2016-2025-v0.1
562,27,MPR-63CEF2110C,Mengkikip,Tebing Tinggi Barat,Kepulauan Meranti,0.1,U,Data belum memadai,68.8,56,85,31,rendah,Keyakinan data rendah.,mangrove-priority-2016-2025-v0.1
563,28,MPR-7546E56999,Mengkikip,Tebing Tinggi Barat,Kepulauan Meranti,0.1,U,Data belum memadai,68.8,56,85,31,rendah,Keyakinan data rendah.,mangrove-priority-2016-2025-v0.1
564,29,MPR-8FC0007829,Mengkikip,Tebing Tinggi Barat,Kepulauan Meranti,0.1,U,Data belum memadai,68.8,56,85,31,rendah,Keyakinan data rendah.,mangrove-priority-2016-2025-v0.1
565,26,MPR-966A245D1C,Beting,Rangsang Pesisir,Kepulauan Meranti,0.1,P2,Regenerasi alami terbantu,68.8,58,85,35,tinggi,Kondisi biofisik relatif mendukung pemulihan vegetasi.,mangrove-priority-2016-2025-v0.1
566,17,MPR-BCBD08CEA7,Kedabu Rapat,Rangsang Pesisir,Kepulauan Meranti,0.1,P2,Regenerasi alami terbantu,68.8,58,85,35,tinggi,Kondisi biofisik relatif mendukung pemulihan vegetasi.,mangrove-priority-2016-2025-v0.1
567,27,MPR-F772D64E61,Beting,Rangsang Pesisir,Kepulauan Meranti,0.1,P2,Regenerasi alami terbantu,68.8,58,85,35,tinggi,Kondisi biofisik relatif mendukung pemulihan vegetasi.,mangrove-priority-2016-2025-v0.1
568,28,MPR-879043608B,Beting,Rangsang Pesisir,Kepulauan Meranti,0.09,P2,Regenerasi alami terbantu,68.8,58,85,35,tinggi,Kondisi biofisik relatif mendukung pemulihan vegetasi.,mangrove-priority-2016-2025-v0.1
569,29,MPR-E4EC430980,Beting,Rangsang Pesisir,Kepulauan Meranti,0.09,P2,Regenerasi alami terbantu,68.8,58,85,35,tinggi,Kondisi biofisik relatif mendukung pemulihan vegetasi.,mangrove-priority-2016-2025-v0.1
570,30,MPR-C9E3A07DA0,Beting,Rangsang Pesisir,Kepulauan Meranti,0.086,P2,Regenerasi alami terbantu,68.8,58,85,35,tinggi,Kondisi biofisik relatif mendukung pemulihan vegetasi.,mangrove-priority-2016-2025-v0.1
571,18,MPR-083DDEF919,Kedabu Rapat,Rangsang Pesisir,Kepulauan Meranti,0.08,P2,Regenerasi alami terbantu,68.8,58,85,35,tinggi,Kondisi biofisik relatif mendukung pemulihan vegetasi.,mangrove-priority-2016-2025-v0.1
572,30,MPR-21A0A0D79C,Mengkikip,Tebing Tinggi Barat,Kepulauan Meranti,0.08,U,Data belum memadai,68.8,56,85,31,rendah,Keyakinan data rendah.,mangrove-priority-2016-2025-v0.1
573,31,MPR-30251CBE33,Beting,Rangsang Pesisir,Kepulauan Meranti,0.08,P2,Regenerasi alami terbantu,68.8,58,85,35,tinggi,Kondisi biofisik relatif mendukung pemulihan vegetasi.,mangrove-priority-2016-2025-v0.1
574,19,MPR-31EC747DBB,Kedabu Rapat,Rangsang Pesisir,Kepulauan Meranti,0.08,P2,Regenerasi alami terbantu,68.8,58,85,35,tinggi,Kondisi biofisik relatif mendukung pemulihan vegetasi.,mangrove-priority-2016-2025-v0.1
575,20,MPR-449A69CB4F,Kedabu Rapat,Rangsang Pesisir,Kepulauan Meranti,0.08,P2,Regenerasi alami terbantu,68.8,58,85,35,tinggi,Kondisi biofisik relatif mendukung pemulihan vegetasi.,mangrove-priority-2016-2025-v0.1
576,31,MPR-6218326504,Mengkikip,Tebing Tinggi Barat,Kepulauan Meranti,0.08,U,Data belum memadai,68.8,56,85,31,rendah,Keyakinan data rendah.,mangrove-priority-2016-2025-v0.1
577,32,MPR-63EBF7E6AC,Mengkikip,Tebing Tinggi Barat,Kepulauan Meranti,0.08,U,Data belum memadai,68.8,56,85,31,rendah,Keyakinan data rendah.,mangrove-priority-2016-2025-v0.1
578,33,MPR-A299F13AFA,Mengkikip,Tebing Tinggi Barat,Kepulauan Meranti,0.08,U,Data belum memadai,68.8,56,85,31,rendah,Keyakinan data rendah.,mangrove-priority-2016-2025-v0.1
579,34,MPR-AE06CE1CDF,Mengkikip,Tebing Tinggi Barat,Kepulauan Meranti,0.08,U,Data belum memadai,68.8,56,85,31,rendah,Keyakinan data rendah.,mangrove-priority-2016-2025-v0.1
580,32,MPR-D071737494,Beting,Rangsang Pesisir,Kepulauan Meranti,0.08,P2,Regenerasi alami terbantu,68.8,58,85,35,tinggi,Kondisi biofisik relatif mendukung pemulihan vegetasi.,mangrove-priority-2016-2025-v0.1
581,33,MPR-AF433AD7C9,Beting,Rangsang Pesisir,Kepulauan Meranti,0.063,P2,Regenerasi alami terbantu,68.8,58,85,35,tinggi,Kondisi biofisik relatif mendukung pemulihan vegetasi.,mangrove-priority-2016-2025-v0.1
582,35,MPR-3CB0E38E6D,Mengkikip,Tebing Tinggi Barat,Kepulauan Meranti,0.056,U,Data belum memadai,68.8,56,85,31,rendah,Keyakinan data rendah.,mangrove-priority-2016-2025-v0.1
583,34,MPR-0EAA0939C1,Beting,Rangsang Pesisir,Kepulauan Meranti,0.052,P2,Regenerasi alami terbantu,68.8,58,85,35,tinggi,Kondisi biofisik relatif mendukung pemulihan vegetasi.,mangrove-priority-2016-2025-v0.1
584,36,MPR-05C814E16D,Mengkikip,Tebing Tinggi Barat,Kepulauan Meranti,0.05,U,Data belum memadai,68.8,56,85,31,rendah,Keyakinan data rendah.,mangrove-priority-2016-2025-v0.1
585,37,MPR-075DEBCEE9,Mengkikip,Tebing Tinggi Barat,Kepulauan Meranti,0.05,U,Data belum memadai,68.8,56,85,31,rendah,Keyakinan data rendah.,mangrove-priority-2016-2025-v0.1
586,38,MPR-0C370BADF1,Mengkikip,Tebing Tinggi Barat,Kepulauan Meranti,0.05,U,Data belum memadai,68.8,56,85,31,rendah,Keyakinan data rendah.,mangrove-priority-2016-2025-v0.1
587,39,MPR-B1FC88436A,Mengkikip,Tebing Tinggi Barat,Kepulauan Meranti,0.05,U,Data belum memadai,68.8,56,85,31,rendah,Keyakinan data rendah.,mangrove-priority-2016-2025-v0.1
588,40,MPR-D0449F8A76,Mengkikip,Tebing Tinggi Barat,Kepulauan Meranti,0.05,U,Data belum memadai,68.8,56,85,31,rendah,Keyakinan data rendah.,mangrove-priority-2016-2025-v0.1
589,35,MPR-DD6A264D0C,Beting,Rangsang Pesisir,Kepulauan Meranti,0.05,P2,Regenerasi alami terbantu,68.8,58,85,35,tinggi,Kondisi biofisik relatif mendukung pemulihan vegetasi.,mangrove-priority-2016-2025-v0.1
590,41,MPR-E923ABB89B,Mengkikip,Tebing Tinggi Barat,Kepulauan Meranti,0.05,U,Data belum memadai,68.8,56,85,31,rendah,Keyakinan data rendah.,mangrove-priority-2016-2025-v0.1
591,42,MPR-F739576CCE,Mengkikip,Tebing Tinggi Barat,Kepulauan Meranti,0.05,U,Data belum memadai,68.8,56,85,31,rendah,Keyakinan data rendah.,mangrove-priority-2016-2025-v0.1
592,43,MPR-FBEC08344C,Mengkikip,Tebing Tinggi Barat,Kepulauan Meranti,0.05,U,Data belum memadai,68.8,56,85,31,rendah,Keyakinan data rendah.,mangrove-priority-2016-2025-v0.1
593,17,MPR-2F881CD47F,Tanjungbunga,Pulaumerbau,Kepulauan Meranti,2.83,P2,Regenerasi alami terbantu,68.7,61,79,32,tinggi,Kondisi biofisik relatif mendukung pemulihan vegetasi.,mangrove-priority-2016-2025-v0.1
594,37,MPR-889598FABD,Banglas,Tebing Tinggi,Kepulauan Meranti,2.11,P2,Regenerasi alami terbantu,68.7,59,82,33,tinggi,Kondisi biofisik relatif mendukung pemulihan vegetasi.,mangrove-priority-2016-2025-v0.1
595,21,MPR-8F23BA50FF,Kedabu Rapat,Rangsang Pesisir,Kepulauan Meranti,1.78,P2,Regenerasi alami terbantu,68.7,60,83,37,tinggi,Kondisi biofisik relatif mendukung pemulihan vegetasi.,mangrove-priority-2016-2025-v0.1
596,36,MPR-34FA179E89,Beting,Rangsang Pesisir,Kepulauan Meranti,1.503,P2,Regenerasi alami terbantu,68.7,60,83,37,tinggi,Kondisi biofisik relatif mendukung pemulihan vegetasi.,mangrove-priority-2016-2025-v0.1
597,22,MPR-0943010740,Kedabu Rapat,Rangsang Pesisir,Kepulauan Meranti,1.43,P2,Regenerasi alami terbantu,68.7,60,83,37,tinggi,Kondisi biofisik relatif mendukung pemulihan vegetasi.,mangrove-priority-2016-2025-v0.1
598,44,MPR-EEA3E5E887,Mengkikip,Tebing Tinggi Barat,Kepulauan Meranti,0.7,U,Data belum memadai,68.7,57,84,32,rendah,Keyakinan data rendah.,mangrove-priority-2016-2025-v0.1
599,1,MPR-E92AAFEDF5,Tanjung Gadai,Tebing Tinggi Timur,Kepulauan Meranti,0.53,P2,Regenerasi alami terbantu,68.7,58,84,34,tinggi,Kondisi biofisik relatif mendukung pemulihan vegetasi.,mangrove-priority-2016-2025-v0.1
600,2,MPR-8C96D5E8B8,Tanjung Gadai,Tebing Tinggi Timur,Kepulauan Meranti,0.5,P2,Regenerasi alami terbantu,68.7,58,84,34,tinggi,Kondisi biofisik relatif mendukung pemulihan vegetasi.,mangrove-priority-2016-2025-v0.1
601,35,MPR-2E056D8469,Telesung,Rangsang Pesisir,Kepulauan Meranti,0.41,P2,Regenerasi alami terbantu,68.7,57,84,32,tinggi,Kondisi biofisik relatif mendukung pemulihan vegetasi.,mangrove-priority-2016-2025-v0.1
602,26,MPR-E033F5E5B2,Tanjung Peranap,Tebing Tinggi Barat,Kepulauan Meranti,0.41,P2,Regenerasi alami terbantu,68.7,57,84,32,sedang,Kondisi biofisik relatif mendukung pemulihan vegetasi.,mangrove-priority-2016-2025-v0.1
603,27,MPR-040F6CD290,Tanjung Peranap,Tebing Tinggi Barat,Kepulauan Meranti,0.39,P2,Regenerasi alami terbantu,68.7,57,84,32,sedang,Kondisi biofisik relatif mendukung pemulihan vegetasi.,mangrove-priority-2016-2025-v0.1
604,28,MPR-D7922D58FE,Tanjung Peranap,Tebing Tinggi Barat,Kepulauan Meranti,0.39,P2,Regenerasi alami terbantu,68.7,57,84,32,sedang,Kondisi biofisik relatif mendukung pemulihan vegetasi.,mangrove-priority-2016-2025-v0.1
605,36,MPR-41F3D1D56E,Telesung,Rangsang Pesisir,Kepulauan Meranti,0.38,P2,Regenerasi alami terbantu,68.7,57,84,32,tinggi,Kondisi biofisik relatif mendukung pemulihan vegetasi.,mangrove-priority-2016-2025-v0.1
606,26,MPR-7E47A7820E,Kundur,Tebing Tinggi Barat,Kepulauan Meranti,0.38,P2,Regenerasi alami terbantu,68.7,56,83,28,sedang,Kondisi biofisik relatif mendukung pemulihan vegetasi.,mangrove-priority-2016-2025-v0.1
607,29,MPR-90FEA79CBE,Tanjung Peranap,Tebing Tinggi Barat,Kepulauan Meranti,0.36,P2,Regenerasi alami terbantu,68.7,57,84,32,sedang,Kondisi biofisik relatif mendukung pemulihan vegetasi.,mangrove-priority-2016-2025-v0.1
608,27,MPR-ADC54B5FE0,Kundur,Tebing Tinggi Barat,Kepulauan Meranti,0.36,P2,Regenerasi alami terbantu,68.7,56,83,28,sedang,Kondisi biofisik relatif mendukung pemulihan vegetasi.,mangrove-priority-2016-2025-v0.1
609,1,MPR-D801EDD939,Sungai Gayung Kiri,Rangsang,Kepulauan Meranti,0.08,P2,Regenerasi alami terbantu,68.7,57,84,32,tinggi,Kondisi biofisik relatif mendukung pemulihan vegetasi.,mangrove-priority-2016-2025-v0.1
610,39,MPR-1710F35C3C,Repan,Rangsang,Kepulauan Meranti,5.65,P1,Penanaman aktif,68.6,65,77,38,tinggi,Kebutuhan dan kelayakan relatif tinggi.,mangrove-priority-2016-2025-v0.1
611,30,MPR-E31961FB7D,Tanjung Peranap,Tebing Tinggi Barat,Kepulauan Meranti,3.12,P2,Regenerasi alami terbantu,68.6,61,81,36,sedang,Kondisi biofisik relatif mendukung pemulihan vegetasi.,mangrove-priority-2016-2025-v0.1
612,28,MPR-1D2D84B104,Kundur,Tebing Tinggi Barat,Kepulauan Meranti,3.1,P2,Regenerasi alami terbantu,68.6,60,80,32,sedang,Kondisi biofisik relatif mendukung pemulihan vegetasi.,mangrove-priority-2016-2025-v0.1
613,37,MPR-140671ABCF,Beting,Rangsang Pesisir,Kepulauan Meranti,1.057,P2,Regenerasi alami terbantu,68.6,59,84,37,tinggi,Kondisi biofisik relatif mendukung pemulihan vegetasi.,mangrove-priority-2016-2025-v0.1
614,38,MPR-38923924D2,Beting,Rangsang Pesisir,Kepulauan Meranti,0.35,P2,Regenerasi alami terbantu,68.6,58,85,36,tinggi,Kondisi biofisik relatif mendukung pemulihan vegetasi.,mangrove-priority-2016-2025-v0.1
615,39,MPR-5467141351,Beting,Rangsang Pesisir,Kepulauan Meranti,0.34,P2,Regenerasi alami terbantu,68.6,58,85,36,tinggi,Kondisi biofisik relatif mendukung pemulihan vegetasi.,mangrove-priority-2016-2025-v0.1
616,3,MPR-F8A95DDEA7,Tanjung Gadai,Tebing Tinggi Timur,Kepulauan Meranti,0.33,P2,Regenerasi alami terbantu,68.6,57,85,34,tinggi,Kondisi biofisik relatif mendukung pemulihan vegetasi.,mangrove-priority-2016-2025-v0.1
617,4,MPR-14C223A717,Tanjung Gadai,Tebing Tinggi Timur,Kepulauan Meranti,0.323,P2,Regenerasi alami terbantu,68.6,57,85,34,tinggi,Kondisi biofisik relatif mendukung pemulihan vegetasi.,mangrove-priority-2016-2025-v0.1
618,5,MPR-AA0A4BC87F,Tanjung Gadai,Tebing Tinggi Timur,Kepulauan Meranti,0.309,P2,Regenerasi alami terbantu,68.6,57,85,34,tinggi,Kondisi biofisik relatif mendukung pemulihan vegetasi.,mangrove-priority-2016-2025-v0.1
619,6,MPR-8D554B997B,Tanjung Gadai,Tebing Tinggi Timur,Kepulauan Meranti,0.303,P2,Regenerasi alami terbantu,68.6,57,85,34,tinggi,Kondisi biofisik relatif mendukung pemulihan vegetasi.,mangrove-priority-2016-2025-v0.1
620,7,MPR-9C1FB0EF68,Tanjung Gadai,Tebing Tinggi Timur,Kepulauan Meranti,0.26,P2,Regenerasi alami terbantu,68.6,57,85,34,tinggi,Kondisi biofisik relatif mendukung pemulihan vegetasi.,mangrove-priority-2016-2025-v0.1
621,8,MPR-81784D54F4,Tanjung Gadai,Tebing Tinggi Timur,Kepulauan Meranti,0.245,P2,Regenerasi alami terbantu,68.6,57,85,34,tinggi,Kondisi biofisik relatif mendukung pemulihan vegetasi.,mangrove-priority-2016-2025-v0.1
622,9,MPR-6EFA429DE0,Tanjung Gadai,Tebing Tinggi Timur,Kepulauan Meranti,0.2,P2,Regenerasi alami terbantu,68.6,57,85,34,tinggi,Kondisi biofisik relatif mendukung pemulihan vegetasi.,mangrove-priority-2016-2025-v0.1
623,10,MPR-2EC20356B7,Tanjung Gadai,Tebing Tinggi Timur,Kepulauan Meranti,0.17,P2,Regenerasi alami terbantu,68.6,57,85,34,tinggi,Kondisi biofisik relatif mendukung pemulihan vegetasi.,mangrove-priority-2016-2025-v0.1
624,11,MPR-45F6891AE9,Tanjung Gadai,Tebing Tinggi Timur,Kepulauan Meranti,0.16,P2,Regenerasi alami terbantu,68.6,57,85,34,tinggi,Kondisi biofisik relatif mendukung pemulihan vegetasi.,mangrove-priority-2016-2025-v0.1
625,12,MPR-74282A807A,Tanjung Gadai,Tebing Tinggi Timur,Kepulauan Meranti,0.16,P2,Regenerasi alami terbantu,68.6,57,85,34,tinggi,Kondisi biofisik relatif mendukung pemulihan vegetasi.,mangrove-priority-2016-2025-v0.1
626,13,MPR-E61802879F,Tanjung Gadai,Tebing Tinggi Timur,Kepulauan Meranti,0.16,P2,Regenerasi alami terbantu,68.6,57,85,34,tinggi,Kondisi biofisik relatif mendukung pemulihan vegetasi.,mangrove-priority-2016-2025-v0.1
627,14,MPR-02F2E102B5,Tanjung Gadai,Tebing Tinggi Timur,Kepulauan Meranti,0.154,P2,Regenerasi alami terbantu,68.6,57,85,34,tinggi,Kondisi biofisik relatif mendukung pemulihan vegetasi.,mangrove-priority-2016-2025-v0.1
628,15,MPR-0D3B5CD078,Tanjung Gadai,Tebing Tinggi Timur,Kepulauan Meranti,0.14,P2,Regenerasi alami terbantu,68.6,57,85,34,tinggi,Kondisi biofisik relatif mendukung pemulihan vegetasi.,mangrove-priority-2016-2025-v0.1
629,16,MPR-4B6BAC0E13,Tanjung Gadai,Tebing Tinggi Timur,Kepulauan Meranti,0.14,P2,Regenerasi alami terbantu,68.6,57,85,34,tinggi,Kondisi biofisik relatif mendukung pemulihan vegetasi.,mangrove-priority-2016-2025-v0.1
630,17,MPR-BF77649FE7,Tanjung Gadai,Tebing Tinggi Timur,Kepulauan Meranti,0.14,P2,Regenerasi alami terbantu,68.6,57,85,34,tinggi,Kondisi biofisik relatif mendukung pemulihan vegetasi.,mangrove-priority-2016-2025-v0.1
631,18,MPR-A703ACD3E1,Tanjung Gadai,Tebing Tinggi Timur,Kepulauan Meranti,0.13,P2,Regenerasi alami terbantu,68.6,57,85,34,tinggi,Kondisi biofisik relatif mendukung pemulihan vegetasi.,mangrove-priority-2016-2025-v0.1
632,19,MPR-49CA6D9538,Tanjung Gadai,Tebing Tinggi Timur,Kepulauan Meranti,0.12,P2,Regenerasi alami terbantu,68.6,57,85,34,tinggi,Kondisi biofisik relatif mendukung pemulihan vegetasi.,mangrove-priority-2016-2025-v0.1
633,20,MPR-1709D7F169,Tanjung Gadai,Tebing Tinggi Timur,Kepulauan Meranti,0.103,P2,Regenerasi alami terbantu,68.6,57,85,34,tinggi,Kondisi biofisik relatif mendukung pemulihan vegetasi.,mangrove-priority-2016-2025-v0.1
634,21,MPR-AD5EE8D9EA,Tanjung Gadai,Tebing Tinggi Timur,Kepulauan Meranti,0.102,P2,Regenerasi alami terbantu,68.6,57,85,34,tinggi,Kondisi biofisik relatif mendukung pemulihan vegetasi.,mangrove-priority-2016-2025-v0.1
635,22,MPR-0E7BEE99FE,Tanjung Gadai,Tebing Tinggi Timur,Kepulauan Meranti,0.1,P2,Regenerasi alami terbantu,68.6,57,85,34,tinggi,Kondisi biofisik relatif mendukung pemulihan vegetasi.,mangrove-priority-2016-2025-v0.1
636,23,MPR-DFA57D425D,Tanjung Gadai,Tebing Tinggi Timur,Kepulauan Meranti,0.1,P2,Regenerasi alami terbantu,68.6,57,85,34,tinggi,Kondisi biofisik relatif mendukung pemulihan vegetasi.,mangrove-priority-2016-2025-v0.1
637,24,MPR-71FB11BF4E,Tanjung Gadai,Tebing Tinggi Timur,Kepulauan Meranti,0.08,P2,Regenerasi alami terbantu,68.6,57,85,34,tinggi,Kondisi biofisik relatif mendukung pemulihan vegetasi.,mangrove-priority-2016-2025-v0.1
638,25,MPR-C59E9542CF,Tanjung Gadai,Tebing Tinggi Timur,Kepulauan Meranti,0.08,P2,Regenerasi alami terbantu,68.6,57,85,34,tinggi,Kondisi biofisik relatif mendukung pemulihan vegetasi.,mangrove-priority-2016-2025-v0.1
639,26,MPR-5176640E8C,Tanjung Gadai,Tebing Tinggi Timur,Kepulauan Meranti,0.06,P2,Regenerasi alami terbantu,68.6,57,85,34,tinggi,Kondisi biofisik relatif mendukung pemulihan vegetasi.,mangrove-priority-2016-2025-v0.1
640,27,MPR-AE8329EB96,Tanjung Gadai,Tebing Tinggi Timur,Kepulauan Meranti,0.058,P2,Regenerasi alami terbantu,68.6,57,85,34,tinggi,Kondisi biofisik relatif mendukung pemulihan vegetasi.,mangrove-priority-2016-2025-v0.1
641,28,MPR-A32494F371,Tanjung Gadai,Tebing Tinggi Timur,Kepulauan Meranti,0.05,P2,Regenerasi alami terbantu,68.6,57,85,34,tinggi,Kondisi biofisik relatif mendukung pemulihan vegetasi.,mangrove-priority-2016-2025-v0.1
642,29,MPR-DA738F0885,Tanjung Gadai,Tebing Tinggi Timur,Kepulauan Meranti,0.05,P2,Regenerasi alami terbantu,68.6,57,85,34,tinggi,Kondisi biofisik relatif mendukung pemulihan vegetasi.,mangrove-priority-2016-2025-v0.1
643,30,MPR-F7D46A01A5,Tanjung Gadai,Tebing Tinggi Timur,Kepulauan Meranti,0.05,P2,Regenerasi alami terbantu,68.6,57,85,34,tinggi,Kondisi biofisik relatif mendukung pemulihan vegetasi.,mangrove-priority-2016-2025-v0.1
644,45,MPR-B32D5EFF42,Mengkikip,Tebing Tinggi Barat,Kepulauan Meranti,2.28,U,Data belum memadai,68.5,59,82,34,rendah,Keyakinan data rendah.,mangrove-priority-2016-2025-v0.1
645,46,MPR-82B03DE25B,Mengkikip,Tebing Tinggi Barat,Kepulauan Meranti,2.09,U,Data belum memadai,68.5,59,82,34,rendah,Keyakinan data rendah.,mangrove-priority-2016-2025-v0.1
646,31,MPR-6D52A63A2A,Tanjung Peranap,Tebing Tinggi Barat,Kepulauan Meranti,2.07,P2,Regenerasi alami terbantu,68.5,59,82,34,sedang,Kondisi biofisik relatif mendukung pemulihan vegetasi.,mangrove-priority-2016-2025-v0.1
647,40,MPR-5FD11BD0CF,Beting,Rangsang Pesisir,Kepulauan Meranti,1.736,P2,Regenerasi alami terbantu,68.5,60,83,38,tinggi,Kondisi biofisik relatif mendukung pemulihan vegetasi.,mangrove-priority-2016-2025-v0.1
648,47,MPR-4F9A99F86F,Mengkikip,Tebing Tinggi Barat,Kepulauan Meranti,1.29,U,Data belum memadai,68.5,58,83,33,rendah,Keyakinan data rendah.,mangrove-priority-2016-2025-v0.1
649,37,MPR-4B30008D48,Telesung,Rangsang Pesisir,Kepulauan Meranti,1.11,P2,Regenerasi alami terbantu,68.5,58,83,33,tinggi,Kondisi biofisik relatif mendukung pemulihan vegetasi.,mangrove-priority-2016-2025-v0.1
650,38,MPR-E6951B5895,Telesung,Rangsang Pesisir,Kepulauan Meranti,1.1,P2,Regenerasi alami terbantu,68.5,58,83,33,tinggi,Kondisi biofisik relatif mendukung pemulihan vegetasi.,mangrove-priority-2016-2025-v0.1
651,48,MPR-B55641D116,Mengkikip,Tebing Tinggi Barat,Kepulauan Meranti,1.06,U,Data belum memadai,68.5,57,84,33,rendah,Keyakinan data rendah.,mangrove-priority-2016-2025-v0.1
652,31,MPR-0D370C30BE,Tanjung Gadai,Tebing Tinggi Timur,Kepulauan Meranti,1.04,P2,Regenerasi alami terbantu,68.5,58,84,35,tinggi,Kondisi biofisik relatif mendukung pemulihan vegetasi.,mangrove-priority-2016-2025-v0.1
653,32,MPR-37A394A151,Tanjung Gadai,Tebing Tinggi Timur,Kepulauan Meranti,1.03,P2,Regenerasi alami terbantu,68.5,58,84,35,tinggi,Kondisi biofisik relatif mendukung pemulihan vegetasi.,mangrove-priority-2016-2025-v0.1
654,33,MPR-2EC07C74A3,Tanjung Gadai,Tebing Tinggi Timur,Kepulauan Meranti,0.97,P2,Regenerasi alami terbantu,68.5,58,84,35,tinggi,Kondisi biofisik relatif mendukung pemulihan vegetasi.,mangrove-priority-2016-2025-v0.1
655,34,MPR-C59299FE95,Tanjung Gadai,Tebing Tinggi Timur,Kepulauan Meranti,0.8,P2,Regenerasi alami terbantu,68.5,58,84,35,tinggi,Kondisi biofisik relatif mendukung pemulihan vegetasi.,mangrove-priority-2016-2025-v0.1
656,35,MPR-B525239708,Tanjung Gadai,Tebing Tinggi Timur,Kepulauan Meranti,0.78,P2,Regenerasi alami terbantu,68.5,58,84,35,tinggi,Kondisi biofisik relatif mendukung pemulihan vegetasi.,mangrove-priority-2016-2025-v0.1
657,36,MPR-E9892FD9AC,Tanjung Gadai,Tebing Tinggi Timur,Kepulauan Meranti,0.78,P2,Regenerasi alami terbantu,68.5,58,84,35,tinggi,Kondisi biofisik relatif mendukung pemulihan vegetasi.,mangrove-priority-2016-2025-v0.1
658,37,MPR-7422A9E94B,Tanjung Gadai,Tebing Tinggi Timur,Kepulauan Meranti,0.73,P2,Regenerasi alami terbantu,68.5,58,84,35,tinggi,Kondisi biofisik relatif mendukung pemulihan vegetasi.,mangrove-priority-2016-2025-v0.1
659,38,MPR-75CC4CDEAA,Tanjung Gadai,Tebing Tinggi Timur,Kepulauan Meranti,0.696,P2,Regenerasi alami terbantu,68.5,58,84,35,tinggi,Kondisi biofisik relatif mendukung pemulihan vegetasi.,mangrove-priority-2016-2025-v0.1
660,2,MPR-8C7675C324,Sungai Gayung Kiri,Rangsang,Kepulauan Meranti,0.64,P2,Regenerasi alami terbantu,68.5,58,83,33,tinggi,Kondisi biofisik relatif mendukung pemulihan vegetasi.,mangrove-priority-2016-2025-v0.1
661,3,MPR-0B496EF045,Sungai Gayung Kiri,Rangsang,Kepulauan Meranti,0.63,P2,Regenerasi alami terbantu,68.5,58,83,33,tinggi,Kondisi biofisik relatif mendukung pemulihan vegetasi.,mangrove-priority-2016-2025-v0.1
662,39,MPR-35BA933373,Tanjung Gadai,Tebing Tinggi Timur,Kepulauan Meranti,0.61,P2,Regenerasi alami terbantu,68.5,58,84,35,tinggi,Kondisi biofisik relatif mendukung pemulihan vegetasi.,mangrove-priority-2016-2025-v0.1
663,23,MPR-2511C5C577,Banglas Barat,Tebing Tinggi,Kepulauan Meranti,0.4,P2,Regenerasi alami terbantu,68.5,55,84,28,tinggi,Kondisi biofisik relatif mendukung pemulihan vegetasi.,mangrove-priority-2016-2025-v0.1
664,23,MPR-D297733F1E,Kedabu Rapat,Rangsang Pesisir,Kepulauan Meranti,0.4,P2,Regenerasi alami terbantu,68.5,58,84,35,tinggi,Kondisi biofisik relatif mendukung pemulihan vegetasi.,mangrove-priority-2016-2025-v0.1
665,49,MPR-ACD0F8BBBC,Mengkikip,Tebing Tinggi Barat,Kepulauan Meranti,0.35,U,Data belum memadai,68.5,56,85,32,rendah,Keyakinan data rendah.,mangrove-priority-2016-2025-v0.1
666,4,MPR-5803A1AB2B,Sungai Gayung Kiri,Rangsang,Kepulauan Meranti,0.32,P2,Regenerasi alami terbantu,68.5,57,84,33,tinggi,Kondisi biofisik relatif mendukung pemulihan vegetasi.,mangrove-priority-2016-2025-v0.1
667,50,MPR-4284ED3062,Mengkikip,Tebing Tinggi Barat,Kepulauan Meranti,0.31,U,Data belum memadai,68.5,56,85,32,rendah,Keyakinan data rendah.,mangrove-priority-2016-2025-v0.1
668,5,MPR-BD32EF22FC,Sungai Gayung Kiri,Rangsang,Kepulauan Meranti,0.31,P2,Regenerasi alami terbantu,68.5,57,84,33,tinggi,Kondisi biofisik relatif mendukung pemulihan vegetasi.,mangrove-priority-2016-2025-v0.1
669,6,MPR-C2F4045455,Sungai Gayung Kiri,Rangsang,Kepulauan Meranti,0.31,P2,Regenerasi alami terbantu,68.5,57,84,33,tinggi,Kondisi biofisik relatif mendukung pemulihan vegetasi.,mangrove-priority-2016-2025-v0.1
670,7,MPR-6A46B63712,Sungai Gayung Kiri,Rangsang,Kepulauan Meranti,0.3,P2,Regenerasi alami terbantu,68.5,57,84,33,tinggi,Kondisi biofisik relatif mendukung pemulihan vegetasi.,mangrove-priority-2016-2025-v0.1
671,51,MPR-DFFDE994B7,Mengkikip,Tebing Tinggi Barat,Kepulauan Meranti,0.29,U,Data belum memadai,68.5,56,85,32,rendah,Keyakinan data rendah.,mangrove-priority-2016-2025-v0.1
672,1,MPR-A23B37B4AB,Tanjung Medang,Rangsang,Kepulauan Meranti,0.28,P2,Regenerasi alami terbantu,68.5,63,85,48,tinggi,Kondisi biofisik relatif mendukung pemulihan vegetasi.,mangrove-priority-2016-2025-v0.1
673,2,MPR-DAE4668996,Tanjung Medang,Rangsang,Kepulauan Meranti,0.28,P2,Regenerasi alami terbantu,68.5,63,85,48,tinggi,Kondisi biofisik relatif mendukung pemulihan vegetasi.,mangrove-priority-2016-2025-v0.1
674,8,MPR-7F748CA640,Sungai Gayung Kiri,Rangsang,Kepulauan Meranti,0.26,P2,Regenerasi alami terbantu,68.5,57,84,33,tinggi,Kondisi biofisik relatif mendukung pemulihan vegetasi.,mangrove-priority-2016-2025-v0.1
675,3,MPR-CA9F860C9D,Tanjung Medang,Rangsang,Kepulauan Meranti,0.24,P2,Regenerasi alami terbantu,68.5,63,85,48,tinggi,Kondisi biofisik relatif mendukung pemulihan vegetasi.,mangrove-priority-2016-2025-v0.1
676,9,MPR-3695992C01,Sungai Gayung Kiri,Rangsang,Kepulauan Meranti,0.22,P2,Regenerasi alami terbantu,68.5,57,84,33,tinggi,Kondisi biofisik relatif mendukung pemulihan vegetasi.,mangrove-priority-2016-2025-v0.1
677,4,MPR-BC8B38B3BC,Tanjung Medang,Rangsang,Kepulauan Meranti,0.21,P2,Regenerasi alami terbantu,68.5,63,85,48,tinggi,Kondisi biofisik relatif mendukung pemulihan vegetasi.,mangrove-priority-2016-2025-v0.1
678,5,MPR-30DFEC051F,Tanjung Medang,Rangsang,Kepulauan Meranti,0.2,P2,Regenerasi alami terbantu,68.5,63,85,48,tinggi,Kondisi biofisik relatif mendukung pemulihan vegetasi.,mangrove-priority-2016-2025-v0.1
679,6,MPR-C2FDADF590,Tanjung Medang,Rangsang,Kepulauan Meranti,0.2,P2,Regenerasi alami terbantu,68.5,63,85,48,tinggi,Kondisi biofisik relatif mendukung pemulihan vegetasi.,mangrove-priority-2016-2025-v0.1
680,7,MPR-84848EF4B1,Tanjung Medang,Rangsang,Kepulauan Meranti,0.19,P2,Regenerasi alami terbantu,68.5,63,85,48,tinggi,Kondisi biofisik relatif mendukung pemulihan vegetasi.,mangrove-priority-2016-2025-v0.1
681,10,MPR-A64396ECB7,Sungai Gayung Kiri,Rangsang,Kepulauan Meranti,0.18,P2,Regenerasi alami terbantu,68.5,57,84,33,tinggi,Kondisi biofisik relatif mendukung pemulihan vegetasi.,mangrove-priority-2016-2025-v0.1
682,8,MPR-C5F2B68A21,Tanjung Medang,Rangsang,Kepulauan Meranti,0.18,P2,Regenerasi alami terbantu,68.5,63,85,48,tinggi,Kondisi biofisik relatif mendukung pemulihan vegetasi.,mangrove-priority-2016-2025-v0.1
683,11,MPR-FCECDC73D4,Sungai Gayung Kiri,Rangsang,Kepulauan Meranti,0.18,P2,Regenerasi alami terbantu,68.5,57,84,33,tinggi,Kondisi biofisik relatif mendukung pemulihan vegetasi.,mangrove-priority-2016-2025-v0.1
684,12,MPR-B7E262DEDF,Sungai Gayung Kiri,Rangsang,Kepulauan Meranti,0.17,P2,Regenerasi alami terbantu,68.5,57,84,33,tinggi,Kondisi biofisik relatif mendukung pemulihan vegetasi.,mangrove-priority-2016-2025-v0.1
685,9,MPR-F37F0F1BAD,Tanjung Medang,Rangsang,Kepulauan Meranti,0.17,P2,Regenerasi alami terbantu,68.5,63,85,48,tinggi,Kondisi biofisik relatif mendukung pemulihan vegetasi.,mangrove-priority-2016-2025-v0.1
686,10,MPR-12570CB3FA,Tanjung Medang,Rangsang,Kepulauan Meranti,0.15,P2,Regenerasi alami terbantu,68.5,63,85,48,tinggi,Kondisi biofisik relatif mendukung pemulihan vegetasi.,mangrove-priority-2016-2025-v0.1
687,11,MPR-697CB0D92F,Tanjung Medang,Rangsang,Kepulauan Meranti,0.15,P2,Regenerasi alami terbantu,68.5,63,85,48,tinggi,Kondisi biofisik relatif mendukung pemulihan vegetasi.,mangrove-priority-2016-2025-v0.1
688,12,MPR-DD8A1006E4,Tanjung Medang,Rangsang,Kepulauan Meranti,0.15,P2,Regenerasi alami terbantu,68.5,63,85,48,tinggi,Kondisi biofisik relatif mendukung pemulihan vegetasi.,mangrove-priority-2016-2025-v0.1
689,13,MPR-D6DC756EA9,Tanjung Medang,Rangsang,Kepulauan Meranti,0.147,P2,Regenerasi alami terbantu,68.5,63,85,48,tinggi,Kondisi biofisik relatif mendukung pemulihan vegetasi.,mangrove-priority-2016-2025-v0.1
690,14,MPR-290577DE8B,Tanjung Medang,Rangsang,Kepulauan Meranti,0.14,P2,Regenerasi alami terbantu,68.5,63,85,48,tinggi,Kondisi biofisik relatif mendukung pemulihan vegetasi.,mangrove-priority-2016-2025-v0.1
691,13,MPR-61CA591865,Sungai Gayung Kiri,Rangsang,Kepulauan Meranti,0.14,P2,Regenerasi alami terbantu,68.5,57,84,33,tinggi,Kondisi biofisik relatif mendukung pemulihan vegetasi.,mangrove-priority-2016-2025-v0.1
692,15,MPR-C779A66998,Tanjung Medang,Rangsang,Kepulauan Meranti,0.14,P2,Regenerasi alami terbantu,68.5,63,85,48,tinggi,Kondisi biofisik relatif mendukung pemulihan vegetasi.,mangrove-priority-2016-2025-v0.1
693,16,MPR-8A5E79ED68,Tanjung Medang,Rangsang,Kepulauan Meranti,0.138,P2,Regenerasi alami terbantu,68.5,63,85,48,tinggi,Kondisi biofisik relatif mendukung pemulihan vegetasi.,mangrove-priority-2016-2025-v0.1
694,17,MPR-F32515B0CE,Tanjung Medang,Rangsang,Kepulauan Meranti,0.134,P2,Regenerasi alami terbantu,68.5,63,85,48,tinggi,Kondisi biofisik relatif mendukung pemulihan vegetasi.,mangrove-priority-2016-2025-v0.1
695,14,MPR-46205668FB,Sungai Gayung Kiri,Rangsang,Kepulauan Meranti,0.13,P2,Regenerasi alami terbantu,68.5,57,84,33,tinggi,Kondisi biofisik relatif mendukung pemulihan vegetasi.,mangrove-priority-2016-2025-v0.1
696,18,MPR-FC10272609,Tanjung Medang,Rangsang,Kepulauan Meranti,0.13,P2,Regenerasi alami terbantu,68.5,63,85,48,tinggi,Kondisi biofisik relatif mendukung pemulihan vegetasi.,mangrove-priority-2016-2025-v0.1
697,19,MPR-28B33CF32E,Tanjung Medang,Rangsang,Kepulauan Meranti,0.12,P2,Regenerasi alami terbantu,68.5,63,85,48,tinggi,Kondisi biofisik relatif mendukung pemulihan vegetasi.,mangrove-priority-2016-2025-v0.1
698,20,MPR-11E3B437BF,Tanjung Medang,Rangsang,Kepulauan Meranti,0.112,P2,Regenerasi alami terbantu,68.5,63,85,48,tinggi,Kondisi biofisik relatif mendukung pemulihan vegetasi.,mangrove-priority-2016-2025-v0.1
699,15,MPR-493FBC456D,Sungai Gayung Kiri,Rangsang,Kepulauan Meranti,0.111,P2,Regenerasi alami terbantu,68.5,57,84,33,tinggi,Kondisi biofisik relatif mendukung pemulihan vegetasi.,mangrove-priority-2016-2025-v0.1
700,16,MPR-49BB2C768E,Sungai Gayung Kiri,Rangsang,Kepulauan Meranti,0.11,P2,Regenerasi alami terbantu,68.5,57,84,33,tinggi,Kondisi biofisik relatif mendukung pemulihan vegetasi.,mangrove-priority-2016-2025-v0.1
701,21,MPR-E6C252E1DB,Tanjung Medang,Rangsang,Kepulauan Meranti,0.11,P2,Regenerasi alami terbantu,68.5,63,85,48,tinggi,Kondisi biofisik relatif mendukung pemulihan vegetasi.,mangrove-priority-2016-2025-v0.1
702,22,MPR-41AF3D3F93,Tanjung Medang,Rangsang,Kepulauan Meranti,0.1,P2,Regenerasi alami terbantu,68.5,63,85,48,tinggi,Kondisi biofisik relatif mendukung pemulihan vegetasi.,mangrove-priority-2016-2025-v0.1
703,23,MPR-EFC593CC53,Tanjung Medang,Rangsang,Kepulauan Meranti,0.1,P2,Regenerasi alami terbantu,68.5,63,85,48,tinggi,Kondisi biofisik relatif mendukung pemulihan vegetasi.,mangrove-priority-2016-2025-v0.1
704,24,MPR-42F9185B60,Tanjung Medang,Rangsang,Kepulauan Meranti,0.08,P2,Regenerasi alami terbantu,68.5,63,85,48,tinggi,Kondisi biofisik relatif mendukung pemulihan vegetasi.,mangrove-priority-2016-2025-v0.1
705,25,MPR-955DD78214,Tanjung Medang,Rangsang,Kepulauan Meranti,0.08,P2,Regenerasi alami terbantu,68.5,63,85,48,tinggi,Kondisi biofisik relatif mendukung pemulihan vegetasi.,mangrove-priority-2016-2025-v0.1
706,26,MPR-03F295C1CE,Tanjung Medang,Rangsang,Kepulauan Meranti,0.05,P2,Regenerasi alami terbantu,68.5,63,85,48,tinggi,Kondisi biofisik relatif mendukung pemulihan vegetasi.,mangrove-priority-2016-2025-v0.1
707,27,MPR-56120C5066,Tanjung Medang,Rangsang,Kepulauan Meranti,0.05,P2,Regenerasi alami terbantu,68.5,63,85,48,tinggi,Kondisi biofisik relatif mendukung pemulihan vegetasi.,mangrove-priority-2016-2025-v0.1
708,28,MPR-AD925DA1EF,Tanjung Medang,Rangsang,Kepulauan Meranti,0.05,P2,Regenerasi alami terbantu,68.5,63,85,48,tinggi,Kondisi biofisik relatif mendukung pemulihan vegetasi.,mangrove-priority-2016-2025-v0.1
709,24,MPR-2FC7926E66,Kedabu Rapat,Rangsang Pesisir,Kepulauan Meranti,1.09,P2,Regenerasi alami terbantu,68.4,59,83,36,tinggi,Kondisi biofisik relatif mendukung pemulihan vegetasi.,mangrove-priority-2016-2025-v0.1
710,29,MPR-08645F26C7,Tanjung Medang,Rangsang,Kepulauan Meranti,0.89,P2,Regenerasi alami terbantu,68.4,64,84,49,tinggi,Kondisi biofisik relatif mendukung pemulihan vegetasi.,mangrove-priority-2016-2025-v0.1
711,30,MPR-34BC719EAD,Tanjung Medang,Rangsang,Kepulauan Meranti,0.8,P2,Regenerasi alami terbantu,68.4,64,84,49,tinggi,Kondisi biofisik relatif mendukung pemulihan vegetasi.,mangrove-priority-2016-2025-v0.1
712,31,MPR-8027A7F74D,Tanjung Medang,Rangsang,Kepulauan Meranti,0.76,P2,Regenerasi alami terbantu,68.4,64,84,49,tinggi,Kondisi biofisik relatif mendukung pemulihan vegetasi.,mangrove-priority-2016-2025-v0.1
713,32,MPR-F5EF702321,Tanjung Medang,Rangsang,Kepulauan Meranti,0.75,P2,Regenerasi alami terbantu,68.4,64,84,49,tinggi,Kondisi biofisik relatif mendukung pemulihan vegetasi.,mangrove-priority-2016-2025-v0.1
714,33,MPR-4BF0C4FC30,Tanjung Medang,Rangsang,Kepulauan Meranti,0.72,P2,Regenerasi alami terbantu,68.4,64,84,49,tinggi,Kondisi biofisik relatif mendukung pemulihan vegetasi.,mangrove-priority-2016-2025-v0.1
715,34,MPR-9DCB21E155,Tanjung Medang,Rangsang,Kepulauan Meranti,0.72,P2,Regenerasi alami terbantu,68.4,64,84,49,tinggi,Kondisi biofisik relatif mendukung pemulihan vegetasi.,mangrove-priority-2016-2025-v0.1
716,35,MPR-41AF02E57C,Tanjung Medang,Rangsang,Kepulauan Meranti,0.68,P2,Regenerasi alami terbantu,68.4,64,84,49,tinggi,Kondisi biofisik relatif mendukung pemulihan vegetasi.,mangrove-priority-2016-2025-v0.1
717,36,MPR-2C5FE1C06B,Tanjung Medang,Rangsang,Kepulauan Meranti,0.65,P2,Regenerasi alami terbantu,68.4,64,84,49,tinggi,Kondisi biofisik relatif mendukung pemulihan vegetasi.,mangrove-priority-2016-2025-v0.1
718,37,MPR-14A42F415A,Tanjung Medang,Rangsang,Kepulauan Meranti,0.61,P2,Regenerasi alami terbantu,68.4,64,84,49,tinggi,Kondisi biofisik relatif mendukung pemulihan vegetasi.,mangrove-priority-2016-2025-v0.1
719,38,MPR-68748C8EB1,Tanjung Medang,Rangsang,Kepulauan Meranti,0.5,P2,Regenerasi alami terbantu,68.4,64,84,49,tinggi,Kondisi biofisik relatif mendukung pemulihan vegetasi.,mangrove-priority-2016-2025-v0.1
720,39,MPR-5F0F6ACF9D,Tanjung Medang,Rangsang,Kepulauan Meranti,0.464,P2,Regenerasi alami terbantu,68.4,64,84,49,tinggi,Kondisi biofisik relatif mendukung pemulihan vegetasi.,mangrove-priority-2016-2025-v0.1
721,40,MPR-25F2250B16,Tanjung Gadai,Tebing Tinggi Timur,Kepulauan Meranti,2.114,P2,Regenerasi alami terbantu,68.3,60,82,37,tinggi,Kondisi biofisik relatif mendukung pemulihan vegetasi.,mangrove-priority-2016-2025-v0.1
722,25,MPR-2F0FD1F401,Kedabu Rapat,Rangsang Pesisir,Kepulauan Meranti,1.97,P2,Regenerasi alami terbantu,68.3,60,82,37,tinggi,Kondisi biofisik relatif mendukung pemulihan vegetasi.,mangrove-priority-2016-2025-v0.1
723,26,MPR-E85F3FB200,Kedabu Rapat,Rangsang Pesisir,Kepulauan Meranti,1.9,P2,Regenerasi alami terbantu,68.3,60,82,37,tinggi,Kondisi biofisik relatif mendukung pemulihan vegetasi.,mangrove-priority-2016-2025-v0.1
724,27,MPR-60A9A6C630,Kedabu Rapat,Rangsang Pesisir,Kepulauan Meranti,1.893,P2,Regenerasi alami terbantu,68.3,60,82,37,tinggi,Kondisi biofisik relatif mendukung pemulihan vegetasi.,mangrove-priority-2016-2025-v0.1
725,40,MPR-4237414ECC,Tanjung Medang,Rangsang,Kepulauan Meranti,1.3,P1,Penanaman aktif,68.3,65,83,50,tinggi,Kebutuhan dan kelayakan relatif tinggi.,mangrove-priority-2016-2025-v0.1
726,38,MPR-843650A909,Banglas,Tebing Tinggi,Kepulauan Meranti,1.2,P2,Regenerasi alami terbantu,68.3,57,83,32,tinggi,Kondisi biofisik relatif mendukung pemulihan vegetasi.,mangrove-priority-2016-2025-v0.1
727,41,MPR-7574228A37,Beting,Rangsang Pesisir,Kepulauan Meranti,0.401,P2,Regenerasi alami terbantu,68.3,58,84,36,tinggi,Kondisi biofisik relatif mendukung pemulihan vegetasi.,mangrove-priority-2016-2025-v0.1
728,41,MPR-8D38840D78,Tanjung Medang,Rangsang,Kepulauan Meranti,0.35,P2,Regenerasi alami terbantu,68.3,63,85,49,tinggi,Kondisi biofisik relatif mendukung pemulihan vegetasi.,mangrove-priority-2016-2025-v0.1
729,42,MPR-205A02230C,Tanjung Medang,Rangsang,Kepulauan Meranti,0.33,P2,Regenerasi alami terbantu,68.3,63,85,49,tinggi,Kondisi biofisik relatif mendukung pemulihan vegetasi.,mangrove-priority-2016-2025-v0.1
730,43,MPR-F5317A2DE1,Tanjung Medang,Rangsang,Kepulauan Meranti,0.3,P2,Regenerasi alami terbantu,68.3,63,85,49,tinggi,Kondisi biofisik relatif mendukung pemulihan vegetasi.,mangrove-priority-2016-2025-v0.1
731,43,MPR-B22A5710FB,Bungur,Rangsang Pesisir,Kepulauan Meranti,3.69,P2,Regenerasi alami terbantu,68.2,60,80,34,tinggi,Kondisi biofisik relatif mendukung pemulihan vegetasi.,mangrove-priority-2016-2025-v0.1
732,42,MPR-FB06D773B1,Beting,Rangsang Pesisir,Kepulauan Meranti,3.181,P2,Regenerasi alami terbantu,68.2,62,81,40,tinggi,Kondisi biofisik relatif mendukung pemulihan vegetasi.,mangrove-priority-2016-2025-v0.1
733,24,MPR-AE63A35D90,Banglas Barat,Tebing Tinggi,Kepulauan Meranti,2.67,P2,Regenerasi alami terbantu,68.2,58,81,31,tinggi,Kondisi biofisik relatif mendukung pemulihan vegetasi.,mangrove-priority-2016-2025-v0.1
734,41,MPR-FF18CA7BA4,Tanjung Gadai,Tebing Tinggi Timur,Kepulauan Meranti,1.08,P2,Regenerasi alami terbantu,68.2,58,83,35,tinggi,Kondisi biofisik relatif mendukung pemulihan vegetasi.,mangrove-priority-2016-2025-v0.1
735,52,MPR-656EB1066A,Mengkikip,Tebing Tinggi Barat,Kepulauan Meranti,0.41,U,Data belum memadai,68.2,56,84,32,rendah,Keyakinan data rendah.,mangrove-priority-2016-2025-v0.1
736,42,MPR-5264C332D4,Tanjung Gadai,Tebing Tinggi Timur,Kepulauan Meranti,0.365,P2,Regenerasi alami terbantu,68.2,57,84,34,tinggi,Kondisi biofisik relatif mendukung pemulihan vegetasi.,mangrove-priority-2016-2025-v0.1
737,53,MPR-52F99401E6,Mengkikip,Tebing Tinggi Barat,Kepulauan Meranti,0.36,U,Data belum memadai,68.2,56,84,32,rendah,Keyakinan data rendah.,mangrove-priority-2016-2025-v0.1
738,54,MPR-BD9EBBC536,Mengkikip,Tebing Tinggi Barat,Kepulauan Meranti,0.36,U,Data belum memadai,68.2,56,84,32,rendah,Keyakinan data rendah.,mangrove-priority-2016-2025-v0.1
739,55,MPR-F7688E554C,Mengkikip,Tebing Tinggi Barat,Kepulauan Meranti,0.36,U,Data belum memadai,68.2,56,84,32,rendah,Keyakinan data rendah.,mangrove-priority-2016-2025-v0.1
740,56,MPR-B59B847889,Mengkikip,Tebing Tinggi Barat,Kepulauan Meranti,3.0,U,Data belum memadai,68.1,60,81,36,rendah,Keyakinan data rendah.,mangrove-priority-2016-2025-v0.1
741,39,MPR-D76FC7FFE7,Banglas,Tebing Tinggi,Kepulauan Meranti,2.56,P2,Regenerasi alami terbantu,68.1,59,81,34,tinggi,Kondisi biofisik relatif mendukung pemulihan vegetasi.,mangrove-priority-2016-2025-v0.1
742,17,MPR-00C48F602E,Sungai Gayung Kiri,Rangsang,Kepulauan Meranti,2.12,P2,Regenerasi alami terbantu,68.1,60,81,36,tinggi,Kondisi biofisik relatif mendukung pemulihan vegetasi.,mangrove-priority-2016-2025-v0.1
743,18,MPR-2A3B43E9A3,Sungai Gayung Kiri,Rangsang,Kepulauan Meranti,0.37,P2,Regenerasi alami terbantu,68.1,57,83,33,tinggi,Kondisi biofisik relatif mendukung pemulihan vegetasi.,mangrove-priority-2016-2025-v0.1
744,28,MPR-4511AECF4D,Kedabu Rapat,Rangsang Pesisir,Kepulauan Meranti,3.99,P2,Regenerasi alami terbantu,68.0,63,79,40,tinggi,Kondisi biofisik relatif mendukung pemulihan vegetasi.,mangrove-priority-2016-2025-v0.1
745,29,MPR-BCC8FF1671,Kedabu Rapat,Rangsang Pesisir,Kepulauan Meranti,2.74,P2,Regenerasi alami terbantu,68.0,61,81,39,tinggi,Kondisi biofisik relatif mendukung pemulihan vegetasi.,mangrove-priority-2016-2025-v0.1
746,19,MPR-95CB1EE208,Sungai Gayung Kiri,Rangsang,Kepulauan Meranti,1.1,P2,Regenerasi alami terbantu,68.0,58,82,34,tinggi,Kondisi biofisik relatif mendukung pemulihan vegetasi.,mangrove-priority-2016-2025-v0.1
747,20,MPR-F783B47450,Sungai Gayung Kiri,Rangsang,Kepulauan Meranti,1.09,P2,Regenerasi alami terbantu,68.0,58,82,34,tinggi,Kondisi biofisik relatif mendukung pemulihan vegetasi.,mangrove-priority-2016-2025-v0.1
748,44,MPR-6BE1A5C443,Tanjung Medang,Rangsang,Kepulauan Meranti,0.38,P2,Regenerasi alami terbantu,68.0,63,84,49,tinggi,Kondisi biofisik relatif mendukung pemulihan vegetasi.,mangrove-priority-2016-2025-v0.1
749,30,MPR-DA6B8E4F17,Kedabu Rapat,Rangsang Pesisir,Kepulauan Meranti,3.57,P2,Regenerasi alami terbantu,67.9,62,80,40,tinggi,Kondisi biofisik relatif mendukung pemulihan vegetasi.,mangrove-priority-2016-2025-v0.1
750,45,MPR-24AB5954C8,Tanjung Medang,Rangsang,Kepulauan Meranti,3.097,P1,Penanaman aktif,67.9,67,81,53,tinggi,Kebutuhan dan kelayakan relatif tinggi.,mangrove-priority-2016-2025-v0.1
751,21,MPR-D3BCE9EE9A,Sungai Gayung Kiri,Rangsang,Kepulauan Meranti,1.82,P2,Regenerasi alami terbantu,67.9,59,81,35,tinggi,Kondisi biofisik relatif mendukung pemulihan vegetasi.,mangrove-priority-2016-2025-v0.1
752,22,MPR-573A159F2E,Sungai Gayung Kiri,Rangsang,Kepulauan Meranti,2.69,P2,Regenerasi alami terbantu,67.8,60,80,36,tinggi,Kondisi biofisik relatif mendukung pemulihan vegetasi.,mangrove-priority-2016-2025-v0.1
753,46,MPR-CC59AD2A58,Tanjung Medang,Rangsang,Kepulauan Meranti,1.09,P2,Regenerasi alami terbantu,67.8,64,83,50,tinggi,Kondisi biofisik relatif mendukung pemulihan vegetasi.,mangrove-priority-2016-2025-v0.1
754,1,MPR-81BE04965E,Kuala Merbau,Pulaumerbau,Kepulauan Meranti,0.54,P2,Regenerasi alami terbantu,67.8,63,84,50,tinggi,Kondisi biofisik relatif mendukung pemulihan vegetasi.,mangrove-priority-2016-2025-v0.1
755,1,MPR-85895BEBB5,Bokor,Rangsang Barat,Kepulauan Meranti,0.53,P2,Regenerasi alami terbantu,67.8,53,84,27,tinggi,Kondisi biofisik relatif mendukung pemulihan vegetasi.,mangrove-priority-2016-2025-v0.1
756,2,MPR-A2222CD5B4,Bokor,Rangsang Barat,Kepulauan Meranti,0.5,P2,Regenerasi alami terbantu,67.8,53,84,27,tinggi,Kondisi biofisik relatif mendukung pemulihan vegetasi.,mangrove-priority-2016-2025-v0.1
757,1,MPR-8DED4C0C9D,Tebun,Rangsang,Kepulauan Meranti,0.44,P2,Regenerasi alami terbantu,67.8,53,84,27,tinggi,Kondisi biofisik relatif mendukung pemulihan vegetasi.,mangrove-priority-2016-2025-v0.1
758,3,MPR-643A3E79BF,Bokor,Rangsang Barat,Kepulauan Meranti,0.43,P2,Regenerasi alami terbantu,67.8,53,84,27,tinggi,Kondisi biofisik relatif mendukung pemulihan vegetasi.,mangrove-priority-2016-2025-v0.1
759,2,MPR-AE76BDE908,Kuala Merbau,Pulaumerbau,Kepulauan Meranti,0.35,P2,Regenerasi alami terbantu,67.8,62,85,49,tinggi,Kondisi biofisik relatif mendukung pemulihan vegetasi.,mangrove-priority-2016-2025-v0.1
760,4,MPR-627AAD9EA2,Bokor,Rangsang Barat,Kepulauan Meranti,0.34,P2,Regenerasi alami terbantu,67.8,52,85,27,tinggi,Kondisi biofisik relatif mendukung pemulihan vegetasi.,mangrove-priority-2016-2025-v0.1
761,5,MPR-834E1C5F89,Bokor,Rangsang Barat,Kepulauan Meranti,0.32,P2,Regenerasi alami terbantu,67.8,52,85,27,tinggi,Kondisi biofisik relatif mendukung pemulihan vegetasi.,mangrove-priority-2016-2025-v0.1
762,6,MPR-8E3D200D7D,Bokor,Rangsang Barat,Kepulauan Meranti,0.304,P2,Regenerasi alami terbantu,67.8,52,85,27,tinggi,Kondisi biofisik relatif mendukung pemulihan vegetasi.,mangrove-priority-2016-2025-v0.1
763,2,MPR-1B624914CB,Tebun,Rangsang,Kepulauan Meranti,0.288,P2,Regenerasi alami terbantu,67.8,52,85,27,tinggi,Kondisi biofisik relatif mendukung pemulihan vegetasi.,mangrove-priority-2016-2025-v0.1
764,3,MPR-2176002F3B,Kuala Merbau,Pulaumerbau,Kepulauan Meranti,0.28,P2,Regenerasi alami terbantu,67.8,62,85,49,tinggi,Kondisi biofisik relatif mendukung pemulihan vegetasi.,mangrove-priority-2016-2025-v0.1
765,3,MPR-1B50FB3B3E,Tebun,Rangsang,Kepulauan Meranti,0.27,P2,Regenerasi alami terbantu,67.8,52,85,27,tinggi,Kondisi biofisik relatif mendukung pemulihan vegetasi.,mangrove-priority-2016-2025-v0.1
766,4,MPR-9C7C381FFB,Tebun,Rangsang,Kepulauan Meranti,0.269,P2,Regenerasi alami terbantu,67.8,52,85,27,tinggi,Kondisi biofisik relatif mendukung pemulihan vegetasi.,mangrove-priority-2016-2025-v0.1
767,7,MPR-F0702863D5,Bokor,Rangsang Barat,Kepulauan Meranti,0.22,P2,Regenerasi alami terbantu,67.8,52,85,27,tinggi,Kondisi biofisik relatif mendukung pemulihan vegetasi.,mangrove-priority-2016-2025-v0.1
768,8,MPR-0352334F5F,Bokor,Rangsang Barat,Kepulauan Meranti,0.21,P2,Regenerasi alami terbantu,67.8,52,85,27,tinggi,Kondisi biofisik relatif mendukung pemulihan vegetasi.,mangrove-priority-2016-2025-v0.1
769,4,MPR-A4BE2BE888,Kuala Merbau,Pulaumerbau,Kepulauan Meranti,0.21,P2,Regenerasi alami terbantu,67.8,62,85,49,tinggi,Kondisi biofisik relatif mendukung pemulihan vegetasi.,mangrove-priority-2016-2025-v0.1
770,5,MPR-7786AB8EE7,Tebun,Rangsang,Kepulauan Meranti,0.19,P2,Regenerasi alami terbantu,67.8,52,85,27,tinggi,Kondisi biofisik relatif mendukung pemulihan vegetasi.,mangrove-priority-2016-2025-v0.1
771,9,MPR-7909980217,Bokor,Rangsang Barat,Kepulauan Meranti,0.19,P2,Regenerasi alami terbantu,67.8,52,85,27,tinggi,Kondisi biofisik relatif mendukung pemulihan vegetasi.,mangrove-priority-2016-2025-v0.1
772,10,MPR-00E1DD7765,Bokor,Rangsang Barat,Kepulauan Meranti,0.18,P2,Regenerasi alami terbantu,67.8,52,85,27,tinggi,Kondisi biofisik relatif mendukung pemulihan vegetasi.,mangrove-priority-2016-2025-v0.1
773,11,MPR-32767AE4A2,Bokor,Rangsang Barat,Kepulauan Meranti,0.17,P2,Regenerasi alami terbantu,67.8,52,85,27,tinggi,Kondisi biofisik relatif mendukung pemulihan vegetasi.,mangrove-priority-2016-2025-v0.1
774,5,MPR-4187CE723C,Kuala Merbau,Pulaumerbau,Kepulauan Meranti,0.17,P2,Regenerasi alami terbantu,67.8,62,85,49,tinggi,Kondisi biofisik relatif mendukung pemulihan vegetasi.,mangrove-priority-2016-2025-v0.1
775,6,MPR-47998D9C02,Kuala Merbau,Pulaumerbau,Kepulauan Meranti,0.16,P2,Regenerasi alami terbantu,67.8,62,85,49,tinggi,Kondisi biofisik relatif mendukung pemulihan vegetasi.,mangrove-priority-2016-2025-v0.1
776,6,MPR-77F855793D,Tebun,Rangsang,Kepulauan Meranti,0.16,P2,Regenerasi alami terbantu,67.8,52,85,27,tinggi,Kondisi biofisik relatif mendukung pemulihan vegetasi.,mangrove-priority-2016-2025-v0.1
777,7,MPR-8D70C09D7A,Tebun,Rangsang,Kepulauan Meranti,0.16,P2,Regenerasi alami terbantu,67.8,52,85,27,tinggi,Kondisi biofisik relatif mendukung pemulihan vegetasi.,mangrove-priority-2016-2025-v0.1
778,7,MPR-903AAA4F2C,Kuala Merbau,Pulaumerbau,Kepulauan Meranti,0.16,P2,Regenerasi alami terbantu,67.8,62,85,49,tinggi,Kondisi biofisik relatif mendukung pemulihan vegetasi.,mangrove-priority-2016-2025-v0.1
779,8,MPR-9E990C437A,Tebun,Rangsang,Kepulauan Meranti,0.16,P2,Regenerasi alami terbantu,67.8,52,85,27,tinggi,Kondisi biofisik relatif mendukung pemulihan vegetasi.,mangrove-priority-2016-2025-v0.1
780,9,MPR-AB0154ABE2,Tebun,Rangsang,Kepulauan Meranti,0.16,P2,Regenerasi alami terbantu,67.8,52,85,27,tinggi,Kondisi biofisik relatif mendukung pemulihan vegetasi.,mangrove-priority-2016-2025-v0.1
781,12,MPR-BCD57CEF44,Bokor,Rangsang Barat,Kepulauan Meranti,0.16,P2,Regenerasi alami terbantu,67.8,52,85,27,tinggi,Kondisi biofisik relatif mendukung pemulihan vegetasi.,mangrove-priority-2016-2025-v0.1
782,13,MPR-9A73BB2BC2,Bokor,Rangsang Barat,Kepulauan Meranti,0.155,P2,Regenerasi alami terbantu,67.8,52,85,27,tinggi,Kondisi biofisik relatif mendukung pemulihan vegetasi.,mangrove-priority-2016-2025-v0.1
783,14,MPR-496B9F06B6,Bokor,Rangsang Barat,Kepulauan Meranti,0.15,P2,Regenerasi alami terbantu,67.8,52,85,27,tinggi,Kondisi biofisik relatif mendukung pemulihan vegetasi.,mangrove-priority-2016-2025-v0.1
784,10,MPR-75F6388A6C,Tebun,Rangsang,Kepulauan Meranti,0.15,P2,Regenerasi alami terbantu,67.8,52,85,27,tinggi,Kondisi biofisik relatif mendukung pemulihan vegetasi.,mangrove-priority-2016-2025-v0.1
785,11,MPR-F8145AB931,Tebun,Rangsang,Kepulauan Meranti,0.15,P2,Regenerasi alami terbantu,67.8,52,85,27,tinggi,Kondisi biofisik relatif mendukung pemulihan vegetasi.,mangrove-priority-2016-2025-v0.1
786,12,MPR-DE751789CA,Tebun,Rangsang,Kepulauan Meranti,0.148,P2,Regenerasi alami terbantu,67.8,52,85,27,tinggi,Kondisi biofisik relatif mendukung pemulihan vegetasi.,mangrove-priority-2016-2025-v0.1
787,15,MPR-34AF6BDE8E,Bokor,Rangsang Barat,Kepulauan Meranti,0.146,P2,Regenerasi alami terbantu,67.8,52,85,27,tinggi,Kondisi biofisik relatif mendukung pemulihan vegetasi.,mangrove-priority-2016-2025-v0.1
788,13,MPR-2FD9D0CBF3,Tebun,Rangsang,Kepulauan Meranti,0.14,P2,Regenerasi alami terbantu,67.8,52,85,27,tinggi,Kondisi biofisik relatif mendukung pemulihan vegetasi.,mangrove-priority-2016-2025-v0.1
789,1,MPR-445E981A83,Gemala Sari,Rangsang,Kepulauan Meranti,0.14,P2,Regenerasi alami terbantu,67.8,57,85,38,tinggi,Kondisi biofisik relatif mendukung pemulihan vegetasi.,mangrove-priority-2016-2025-v0.1
790,2,MPR-4F97AE9EEE,Gemala Sari,Rangsang,Kepulauan Meranti,0.14,P2,Regenerasi alami terbantu,67.8,57,85,38,tinggi,Kondisi biofisik relatif mendukung pemulihan vegetasi.,mangrove-priority-2016-2025-v0.1
791,3,MPR-8D44CE3D92,Gemala Sari,Rangsang,Kepulauan Meranti,0.14,P2,Regenerasi alami terbantu,67.8,57,85,38,tinggi,Kondisi biofisik relatif mendukung pemulihan vegetasi.,mangrove-priority-2016-2025-v0.1
792,4,MPR-9471CA44FD,Gemala Sari,Rangsang,Kepulauan Meranti,0.14,P2,Regenerasi alami terbantu,67.8,57,85,38,tinggi,Kondisi biofisik relatif mendukung pemulihan vegetasi.,mangrove-priority-2016-2025-v0.1
793,5,MPR-C055D9A67B,Gemala Sari,Rangsang,Kepulauan Meranti,0.14,P2,Regenerasi alami terbantu,67.8,57,85,38,tinggi,Kondisi biofisik relatif mendukung pemulihan vegetasi.,mangrove-priority-2016-2025-v0.1
794,6,MPR-E4C78A6B48,Gemala Sari,Rangsang,Kepulauan Meranti,0.14,P2,Regenerasi alami terbantu,67.8,57,85,38,tinggi,Kondisi biofisik relatif mendukung pemulihan vegetasi.,mangrove-priority-2016-2025-v0.1
795,7,MPR-325B041564,Gemala Sari,Rangsang,Kepulauan Meranti,0.13,P2,Regenerasi alami terbantu,67.8,57,85,38,tinggi,Kondisi biofisik relatif mendukung pemulihan vegetasi.,mangrove-priority-2016-2025-v0.1
796,8,MPR-3CA76DC6F6,Gemala Sari,Rangsang,Kepulauan Meranti,0.13,P2,Regenerasi alami terbantu,67.8,57,85,38,tinggi,Kondisi biofisik relatif mendukung pemulihan vegetasi.,mangrove-priority-2016-2025-v0.1
797,9,MPR-5A43DDA8E7,Gemala Sari,Rangsang,Kepulauan Meranti,0.13,P2,Regenerasi alami terbantu,67.8,57,85,38,tinggi,Kondisi biofisik relatif mendukung pemulihan vegetasi.,mangrove-priority-2016-2025-v0.1
798,10,MPR-7CC403533B,Gemala Sari,Rangsang,Kepulauan Meranti,0.13,P2,Regenerasi alami terbantu,67.8,57,85,38,tinggi,Kondisi biofisik relatif mendukung pemulihan vegetasi.,mangrove-priority-2016-2025-v0.1
799,11,MPR-8E00E62D20,Gemala Sari,Rangsang,Kepulauan Meranti,0.13,P2,Regenerasi alami terbantu,67.8,57,85,38,tinggi,Kondisi biofisik relatif mendukung pemulihan vegetasi.,mangrove-priority-2016-2025-v0.1
800,16,MPR-AC0EE9D96D,Bokor,Rangsang Barat,Kepulauan Meranti,0.13,P2,Regenerasi alami terbantu,67.8,52,85,27,tinggi,Kondisi biofisik relatif mendukung pemulihan vegetasi.,mangrove-priority-2016-2025-v0.1
801,14,MPR-13817D4F1B,Tebun,Rangsang,Kepulauan Meranti,0.12,P2,Regenerasi alami terbantu,67.8,52,85,27,tinggi,Kondisi biofisik relatif mendukung pemulihan vegetasi.,mangrove-priority-2016-2025-v0.1
802,17,MPR-9271BCF371,Bokor,Rangsang Barat,Kepulauan Meranti,0.12,P2,Regenerasi alami terbantu,67.8,52,85,27,tinggi,Kondisi biofisik relatif mendukung pemulihan vegetasi.,mangrove-priority-2016-2025-v0.1
803,12,MPR-CF675F5BC1,Gemala Sari,Rangsang,Kepulauan Meranti,0.12,P2,Regenerasi alami terbantu,67.8,57,85,38,tinggi,Kondisi biofisik relatif mendukung pemulihan vegetasi.,mangrove-priority-2016-2025-v0.1
804,13,MPR-F49FD50409,Gemala Sari,Rangsang,Kepulauan Meranti,0.117,P2,Regenerasi alami terbantu,67.8,57,85,38,tinggi,Kondisi biofisik relatif mendukung pemulihan vegetasi.,mangrove-priority-2016-2025-v0.1
805,18,MPR-06555CC29B,Bokor,Rangsang Barat,Kepulauan Meranti,0.11,P2,Regenerasi alami terbantu,67.8,52,85,27,tinggi,Kondisi biofisik relatif mendukung pemulihan vegetasi.,mangrove-priority-2016-2025-v0.1
806,14,MPR-09E15C4E92,Gemala Sari,Rangsang,Kepulauan Meranti,0.11,P2,Regenerasi alami terbantu,67.8,57,85,38,tinggi,Kondisi biofisik relatif mendukung pemulihan vegetasi.,mangrove-priority-2016-2025-v0.1
807,15,MPR-0F852C66AF,Gemala Sari,Rangsang,Kepulauan Meranti,0.11,P2,Regenerasi alami terbantu,67.8,57,85,38,tinggi,Kondisi biofisik relatif mendukung pemulihan vegetasi.,mangrove-priority-2016-2025-v0.1
808,16,MPR-2697A5A406,Gemala Sari,Rangsang,Kepulauan Meranti,0.11,P2,Regenerasi alami terbantu,67.8,57,85,38,tinggi,Kondisi biofisik relatif mendukung pemulihan vegetasi.,mangrove-priority-2016-2025-v0.1
809,8,MPR-442A91D275,Kuala Merbau,Pulaumerbau,Kepulauan Meranti,0.11,P2,Regenerasi alami terbantu,67.8,62,85,49,tinggi,Kondisi biofisik relatif mendukung pemulihan vegetasi.,mangrove-priority-2016-2025-v0.1
810,19,MPR-651BAB5B0E,Bokor,Rangsang Barat,Kepulauan Meranti,0.11,P2,Regenerasi alami terbantu,67.8,52,85,27,tinggi,Kondisi biofisik relatif mendukung pemulihan vegetasi.,mangrove-priority-2016-2025-v0.1
811,20,MPR-6D72E4CCA4,Bokor,Rangsang Barat,Kepulauan Meranti,0.11,P2,Regenerasi alami terbantu,67.8,52,85,27,tinggi,Kondisi biofisik relatif mendukung pemulihan vegetasi.,mangrove-priority-2016-2025-v0.1
812,15,MPR-7815016031,Tebun,Rangsang,Kepulauan Meranti,0.11,P2,Regenerasi alami terbantu,67.8,52,85,27,tinggi,Kondisi biofisik relatif mendukung pemulihan vegetasi.,mangrove-priority-2016-2025-v0.1
813,21,MPR-A1C7F8922B,Bokor,Rangsang Barat,Kepulauan Meranti,0.11,P2,Regenerasi alami terbantu,67.8,52,85,27,tinggi,Kondisi biofisik relatif mendukung pemulihan vegetasi.,mangrove-priority-2016-2025-v0.1
814,17,MPR-BF84C5456A,Gemala Sari,Rangsang,Kepulauan Meranti,0.11,P2,Regenerasi alami terbantu,67.8,57,85,38,tinggi,Kondisi biofisik relatif mendukung pemulihan vegetasi.,mangrove-priority-2016-2025-v0.1
815,18,MPR-58F2E3916B,Gemala Sari,Rangsang,Kepulauan Meranti,0.107,P2,Regenerasi alami terbantu,67.8,57,85,38,tinggi,Kondisi biofisik relatif mendukung pemulihan vegetasi.,mangrove-priority-2016-2025-v0.1
816,16,MPR-3EA8DDF0E9,Tebun,Rangsang,Kepulauan Meranti,0.1,P2,Regenerasi alami terbantu,67.8,52,85,27,tinggi,Kondisi biofisik relatif mendukung pemulihan vegetasi.,mangrove-priority-2016-2025-v0.1
817,9,MPR-429A455404,Kuala Merbau,Pulaumerbau,Kepulauan Meranti,0.1,P2,Regenerasi alami terbantu,67.8,62,85,49,tinggi,Kondisi biofisik relatif mendukung pemulihan vegetasi.,mangrove-priority-2016-2025-v0.1
818,22,MPR-46D36FAF1C,Bokor,Rangsang Barat,Kepulauan Meranti,0.1,P2,Regenerasi alami terbantu,67.8,52,85,27,tinggi,Kondisi biofisik relatif mendukung pemulihan vegetasi.,mangrove-priority-2016-2025-v0.1
819,17,MPR-60F7EB9F95,Tebun,Rangsang,Kepulauan Meranti,0.1,P2,Regenerasi alami terbantu,67.8,52,85,27,tinggi,Kondisi biofisik relatif mendukung pemulihan vegetasi.,mangrove-priority-2016-2025-v0.1
820,19,MPR-617B727B10,Gemala Sari,Rangsang,Kepulauan Meranti,0.1,P2,Regenerasi alami terbantu,67.8,57,85,38,tinggi,Kondisi biofisik relatif mendukung pemulihan vegetasi.,mangrove-priority-2016-2025-v0.1
821,18,MPR-744B8E9F90,Tebun,Rangsang,Kepulauan Meranti,0.1,P2,Regenerasi alami terbantu,67.8,52,85,27,tinggi,Kondisi biofisik relatif mendukung pemulihan vegetasi.,mangrove-priority-2016-2025-v0.1
822,19,MPR-82330077B0,Tebun,Rangsang,Kepulauan Meranti,0.1,P2,Regenerasi alami terbantu,67.8,52,85,27,tinggi,Kondisi biofisik relatif mendukung pemulihan vegetasi.,mangrove-priority-2016-2025-v0.1
823,20,MPR-83ABF03EEB,Tebun,Rangsang,Kepulauan Meranti,0.1,P2,Regenerasi alami terbantu,67.8,52,85,27,tinggi,Kondisi biofisik relatif mendukung pemulihan vegetasi.,mangrove-priority-2016-2025-v0.1
824,23,MPR-8FC76958BD,Bokor,Rangsang Barat,Kepulauan Meranti,0.1,P2,Regenerasi alami terbantu,67.8,52,85,27,tinggi,Kondisi biofisik relatif mendukung pemulihan vegetasi.,mangrove-priority-2016-2025-v0.1
825,24,MPR-A6CE1DFA79,Bokor,Rangsang Barat,Kepulauan Meranti,0.1,P2,Regenerasi alami terbantu,67.8,52,85,27,tinggi,Kondisi biofisik relatif mendukung pemulihan vegetasi.,mangrove-priority-2016-2025-v0.1
826,21,MPR-E7AB764C81,Tebun,Rangsang,Kepulauan Meranti,0.082,P2,Regenerasi alami terbantu,67.8,52,85,27,tinggi,Kondisi biofisik relatif mendukung pemulihan vegetasi.,mangrove-priority-2016-2025-v0.1
827,20,MPR-0F4E844A33,Gemala Sari,Rangsang,Kepulauan Meranti,0.08,P2,Regenerasi alami terbantu,67.8,57,85,38,tinggi,Kondisi biofisik relatif mendukung pemulihan vegetasi.,mangrove-priority-2016-2025-v0.1
828,21,MPR-3EAF2DC8B3,Gemala Sari,Rangsang,Kepulauan Meranti,0.08,P2,Regenerasi alami terbantu,67.8,57,85,38,tinggi,Kondisi biofisik relatif mendukung pemulihan vegetasi.,mangrove-priority-2016-2025-v0.1
829,22,MPR-570D643D8C,Gemala Sari,Rangsang,Kepulauan Meranti,0.08,P2,Regenerasi alami terbantu,67.8,57,85,38,tinggi,Kondisi biofisik relatif mendukung pemulihan vegetasi.,mangrove-priority-2016-2025-v0.1
830,10,MPR-6E551EEB54,Kuala Merbau,Pulaumerbau,Kepulauan Meranti,0.08,P2,Regenerasi alami terbantu,67.8,62,85,49,tinggi,Kondisi biofisik relatif mendukung pemulihan vegetasi.,mangrove-priority-2016-2025-v0.1
831,22,MPR-7BC5BDD7D0,Tebun,Rangsang,Kepulauan Meranti,0.08,P2,Regenerasi alami terbantu,67.8,52,85,27,tinggi,Kondisi biofisik relatif mendukung pemulihan vegetasi.,mangrove-priority-2016-2025-v0.1
832,25,MPR-95B8AA6289,Bokor,Rangsang Barat,Kepulauan Meranti,0.08,P2,Regenerasi alami terbantu,67.8,52,85,27,tinggi,Kondisi biofisik relatif mendukung pemulihan vegetasi.,mangrove-priority-2016-2025-v0.1
833,23,MPR-9B5DEC8E21,Tebun,Rangsang,Kepulauan Meranti,0.08,P2,Regenerasi alami terbantu,67.8,52,85,27,tinggi,Kondisi biofisik relatif mendukung pemulihan vegetasi.,mangrove-priority-2016-2025-v0.1
834,26,MPR-A6D29D3121,Bokor,Rangsang Barat,Kepulauan Meranti,0.08,P2,Regenerasi alami terbantu,67.8,52,85,27,tinggi,Kondisi biofisik relatif mendukung pemulihan vegetasi.,mangrove-priority-2016-2025-v0.1
835,27,MPR-B68FE9EAC7,Bokor,Rangsang Barat,Kepulauan Meranti,0.08,P2,Regenerasi alami terbantu,67.8,52,85,27,tinggi,Kondisi biofisik relatif mendukung pemulihan vegetasi.,mangrove-priority-2016-2025-v0.1
836,11,MPR-BDF922247B,Kuala Merbau,Pulaumerbau,Kepulauan Meranti,0.08,P2,Regenerasi alami terbantu,67.8,62,85,49,tinggi,Kondisi biofisik relatif mendukung pemulihan vegetasi.,mangrove-priority-2016-2025-v0.1
837,24,MPR-DF718D532D,Tebun,Rangsang,Kepulauan Meranti,0.08,P2,Regenerasi alami terbantu,67.8,52,85,27,tinggi,Kondisi biofisik relatif mendukung pemulihan vegetasi.,mangrove-priority-2016-2025-v0.1
838,12,MPR-EE02BF67EA,Kuala Merbau,Pulaumerbau,Kepulauan Meranti,0.08,P2,Regenerasi alami terbantu,67.8,62,85,49,tinggi,Kondisi biofisik relatif mendukung pemulihan vegetasi.,mangrove-priority-2016-2025-v0.1
839,28,MPR-F7322110D3,Bokor,Rangsang Barat,Kepulauan Meranti,0.08,P2,Regenerasi alami terbantu,67.8,52,85,27,tinggi,Kondisi biofisik relatif mendukung pemulihan vegetasi.,mangrove-priority-2016-2025-v0.1
840,23,MPR-9215B4F277,Gemala Sari,Rangsang,Kepulauan Meranti,0.053,P2,Regenerasi alami terbantu,67.8,57,85,38,tinggi,Kondisi biofisik relatif mendukung pemulihan vegetasi.,mangrove-priority-2016-2025-v0.1
841,13,MPR-0D767C5EB3,Kuala Merbau,Pulaumerbau,Kepulauan Meranti,0.05,P2,Regenerasi alami terbantu,67.8,62,85,49,tinggi,Kondisi biofisik relatif mendukung pemulihan vegetasi.,mangrove-priority-2016-2025-v0.1
842,14,MPR-35FD15E363,Kuala Merbau,Pulaumerbau,Kepulauan Meranti,0.05,P2,Regenerasi alami terbantu,67.8,62,85,49,tinggi,Kondisi biofisik relatif mendukung pemulihan vegetasi.,mangrove-priority-2016-2025-v0.1
843,24,MPR-3D984A4C62,Gemala Sari,Rangsang,Kepulauan Meranti,0.05,P2,Regenerasi alami terbantu,67.8,57,85,38,tinggi,Kondisi biofisik relatif mendukung pemulihan vegetasi.,mangrove-priority-2016-2025-v0.1
844,15,MPR-514ED10725,Kuala Merbau,Pulaumerbau,Kepulauan Meranti,0.05,P2,Regenerasi alami terbantu,67.8,62,85,49,tinggi,Kondisi biofisik relatif mendukung pemulihan vegetasi.,mangrove-priority-2016-2025-v0.1
845,29,MPR-592AF11AC5,Bokor,Rangsang Barat,Kepulauan Meranti,0.05,P2,Regenerasi alami terbantu,67.8,52,85,27,tinggi,Kondisi biofisik relatif mendukung pemulihan vegetasi.,mangrove-priority-2016-2025-v0.1
846,16,MPR-6C6D5A98C9,Kuala Merbau,Pulaumerbau,Kepulauan Meranti,0.05,P2,Regenerasi alami terbantu,67.8,62,85,49,tinggi,Kondisi biofisik relatif mendukung pemulihan vegetasi.,mangrove-priority-2016-2025-v0.1
847,17,MPR-6DE01252BD,Kuala Merbau,Pulaumerbau,Kepulauan Meranti,0.05,P2,Regenerasi alami terbantu,67.8,62,85,49,tinggi,Kondisi biofisik relatif mendukung pemulihan vegetasi.,mangrove-priority-2016-2025-v0.1
848,18,MPR-732978E607,Kuala Merbau,Pulaumerbau,Kepulauan Meranti,0.05,P2,Regenerasi alami terbantu,67.8,62,85,49,tinggi,Kondisi biofisik relatif mendukung pemulihan vegetasi.,mangrove-priority-2016-2025-v0.1
849,25,MPR-7DD41FE96C,Gemala Sari,Rangsang,Kepulauan Meranti,0.05,P2,Regenerasi alami terbantu,67.8,57,85,38,tinggi,Kondisi biofisik relatif mendukung pemulihan vegetasi.,mangrove-priority-2016-2025-v0.1
850,26,MPR-7DE2DE2E0B,Gemala Sari,Rangsang,Kepulauan Meranti,0.05,P2,Regenerasi alami terbantu,67.8,57,85,38,tinggi,Kondisi biofisik relatif mendukung pemulihan vegetasi.,mangrove-priority-2016-2025-v0.1
851,27,MPR-83F2A53316,Gemala Sari,Rangsang,Kepulauan Meranti,0.05,P2,Regenerasi alami terbantu,67.8,57,85,38,tinggi,Kondisi biofisik relatif mendukung pemulihan vegetasi.,mangrove-priority-2016-2025-v0.1
852,25,MPR-91A50BE1EA,Tebun,Rangsang,Kepulauan Meranti,0.05,P2,Regenerasi alami terbantu,67.8,52,85,27,tinggi,Kondisi biofisik relatif mendukung pemulihan vegetasi.,mangrove-priority-2016-2025-v0.1
853,30,MPR-A2ACA3D9DE,Bokor,Rangsang Barat,Kepulauan Meranti,0.05,P2,Regenerasi alami terbantu,67.8,52,85,27,tinggi,Kondisi biofisik relatif mendukung pemulihan vegetasi.,mangrove-priority-2016-2025-v0.1
854,26,MPR-B038705F8B,Tebun,Rangsang,Kepulauan Meranti,0.05,X,Tidak direkomendasikan,67.8,52,85,27,tinggi,Area terlalu kecil dan terisolasi untuk diprioritaskan.,mangrove-priority-2016-2025-v0.1
855,28,MPR-F5AA685DAC,Gemala Sari,Rangsang,Kepulauan Meranti,0.05,P2,Regenerasi alami terbantu,67.8,57,85,38,tinggi,Kondisi biofisik relatif mendukung pemulihan vegetasi.,mangrove-priority-2016-2025-v0.1
856,25,MPR-85A085D166,Anak Setatah,Rangsang Barat,Kepulauan Meranti,9.56,P1,Penanaman aktif,67.7,70,72,45,sedang,Kebutuhan dan kelayakan relatif tinggi.,mangrove-priority-2016-2025-v0.1
857,47,MPR-DABF9B7566,Tanjung Medang,Rangsang,Kepulauan Meranti,2.78,P1,Penanaman aktif,67.7,66,81,52,tinggi,Kebutuhan dan kelayakan relatif tinggi.,mangrove-priority-2016-2025-v0.1
858,27,MPR-188275EFE7,Tebun,Rangsang,Kepulauan Meranti,1.04,P2,Regenerasi alami terbantu,67.7,53,84,28,tinggi,Kondisi biofisik relatif mendukung pemulihan vegetasi.,mangrove-priority-2016-2025-v0.1
859,28,MPR-E688173346,Tebun,Rangsang,Kepulauan Meranti,0.971,P2,Regenerasi alami terbantu,67.7,53,84,28,tinggi,Kondisi biofisik relatif mendukung pemulihan vegetasi.,mangrove-priority-2016-2025-v0.1
860,29,MPR-5C48E3AC9C,Gemala Sari,Rangsang,Kepulauan Meranti,0.76,P2,Regenerasi alami terbantu,67.7,58,84,39,tinggi,Kondisi biofisik relatif mendukung pemulihan vegetasi.,mangrove-priority-2016-2025-v0.1
861,31,MPR-6412DA7197,Bokor,Rangsang Barat,Kepulauan Meranti,0.75,P2,Regenerasi alami terbantu,67.7,53,84,28,tinggi,Kondisi biofisik relatif mendukung pemulihan vegetasi.,mangrove-priority-2016-2025-v0.1
862,30,MPR-F8716D429F,Gemala Sari,Rangsang,Kepulauan Meranti,0.72,P2,Regenerasi alami terbantu,67.7,58,84,39,tinggi,Kondisi biofisik relatif mendukung pemulihan vegetasi.,mangrove-priority-2016-2025-v0.1
863,29,MPR-4040EC0899,Tebun,Rangsang,Kepulauan Meranti,0.71,P2,Regenerasi alami terbantu,67.7,53,84,28,tinggi,Kondisi biofisik relatif mendukung pemulihan vegetasi.,mangrove-priority-2016-2025-v0.1
864,31,MPR-8B83E78D58,Gemala Sari,Rangsang,Kepulauan Meranti,0.64,P2,Regenerasi alami terbantu,67.7,58,84,39,tinggi,Kondisi biofisik relatif mendukung pemulihan vegetasi.,mangrove-priority-2016-2025-v0.1
865,30,MPR-A6D1B73644,Tebun,Rangsang,Kepulauan Meranti,0.62,P2,Regenerasi alami terbantu,67.7,53,84,28,tinggi,Kondisi biofisik relatif mendukung pemulihan vegetasi.,mangrove-priority-2016-2025-v0.1
866,31,MPR-B7EC986E2F,Tebun,Rangsang,Kepulauan Meranti,0.62,P2,Regenerasi alami terbantu,67.7,53,84,28,tinggi,Kondisi biofisik relatif mendukung pemulihan vegetasi.,mangrove-priority-2016-2025-v0.1
867,32,MPR-8E288813F2,Gemala Sari,Rangsang,Kepulauan Meranti,0.61,P2,Regenerasi alami terbantu,67.7,58,84,39,tinggi,Kondisi biofisik relatif mendukung pemulihan vegetasi.,mangrove-priority-2016-2025-v0.1
868,33,MPR-46EE10145E,Gemala Sari,Rangsang,Kepulauan Meranti,0.6,P2,Regenerasi alami terbantu,67.7,58,84,39,tinggi,Kondisi biofisik relatif mendukung pemulihan vegetasi.,mangrove-priority-2016-2025-v0.1
869,34,MPR-A31D1C34FA,Gemala Sari,Rangsang,Kepulauan Meranti,0.59,P2,Regenerasi alami terbantu,67.7,58,84,39,tinggi,Kondisi biofisik relatif mendukung pemulihan vegetasi.,mangrove-priority-2016-2025-v0.1
870,32,MPR-AA05FAC1B5,Tebun,Rangsang,Kepulauan Meranti,0.59,P2,Regenerasi alami terbantu,67.7,53,84,28,tinggi,Kondisi biofisik relatif mendukung pemulihan vegetasi.,mangrove-priority-2016-2025-v0.1
871,33,MPR-D0ACFE2F98,Tebun,Rangsang,Kepulauan Meranti,0.58,P2,Regenerasi alami terbantu,67.7,53,84,28,tinggi,Kondisi biofisik relatif mendukung pemulihan vegetasi.,mangrove-priority-2016-2025-v0.1
872,35,MPR-E0340A0677,Gemala Sari,Rangsang,Kepulauan Meranti,0.58,P2,Regenerasi alami terbantu,67.7,58,84,39,tinggi,Kondisi biofisik relatif mendukung pemulihan vegetasi.,mangrove-priority-2016-2025-v0.1
873,32,MPR-B631BD6130,Bokor,Rangsang Barat,Kepulauan Meranti,0.566,P2,Regenerasi alami terbantu,67.7,53,84,28,tinggi,Kondisi biofisik relatif mendukung pemulihan vegetasi.,mangrove-priority-2016-2025-v0.1
874,36,MPR-B03F6CA4A0,Gemala Sari,Rangsang,Kepulauan Meranti,0.51,P2,Regenerasi alami terbantu,67.7,58,84,39,tinggi,Kondisi biofisik relatif mendukung pemulihan vegetasi.,mangrove-priority-2016-2025-v0.1
875,37,MPR-F6B4637C57,Gemala Sari,Rangsang,Kepulauan Meranti,0.46,P2,Regenerasi alami terbantu,67.7,58,84,39,tinggi,Kondisi biofisik relatif mendukung pemulihan vegetasi.,mangrove-priority-2016-2025-v0.1
876,38,MPR-5E83B13330,Gemala Sari,Rangsang,Kepulauan Meranti,0.42,P2,Regenerasi alami terbantu,67.7,58,84,39,tinggi,Kondisi biofisik relatif mendukung pemulihan vegetasi.,mangrove-priority-2016-2025-v0.1
877,39,MPR-D4970F16F8,Gemala Sari,Rangsang,Kepulauan Meranti,0.418,P2,Regenerasi alami terbantu,67.7,58,84,39,tinggi,Kondisi biofisik relatif mendukung pemulihan vegetasi.,mangrove-priority-2016-2025-v0.1
878,39,MPR-3B5D1113AF,Telesung,Rangsang Pesisir,Kepulauan Meranti,6.49,P1,Penanaman aktif,67.6,65,76,41,tinggi,Kebutuhan dan kelayakan relatif tinggi.,mangrove-priority-2016-2025-v0.1
879,48,MPR-48F54392E4,Tanjung Medang,Rangsang,Kepulauan Meranti,3.48,P1,Penanaman aktif,67.6,67,80,53,tinggi,Kebutuhan dan kelayakan relatif tinggi.,mangrove-priority-2016-2025-v0.1
880,19,MPR-EDD45202EA,Kuala Merbau,Pulaumerbau,Kepulauan Meranti,2.14,P1,Penanaman aktif,67.6,65,82,52,tinggi,Kebutuhan dan kelayakan relatif tinggi.,mangrove-priority-2016-2025-v0.1
881,40,MPR-48FD3EFCC1,Gemala Sari,Rangsang,Kepulauan Meranti,0.34,P2,Regenerasi alami terbantu,67.6,57,85,39,tinggi,Kondisi biofisik relatif mendukung pemulihan vegetasi.,mangrove-priority-2016-2025-v0.1
882,41,MPR-EA20DF8CDB,Gemala Sari,Rangsang,Kepulauan Meranti,0.32,P2,Regenerasi alami terbantu,67.6,57,85,39,tinggi,Kondisi biofisik relatif mendukung pemulihan vegetasi.,mangrove-priority-2016-2025-v0.1
883,42,MPR-B2BE3F850D,Gemala Sari,Rangsang,Kepulauan Meranti,0.31,P2,Regenerasi alami terbantu,67.6,57,85,39,tinggi,Kondisi biofisik relatif mendukung pemulihan vegetasi.,mangrove-priority-2016-2025-v0.1
884,43,MPR-951A716137,Gemala Sari,Rangsang,Kepulauan Meranti,0.28,P2,Regenerasi alami terbantu,67.6,57,85,39,tinggi,Kondisi biofisik relatif mendukung pemulihan vegetasi.,mangrove-priority-2016-2025-v0.1
885,44,MPR-A773ED961A,Gemala Sari,Rangsang,Kepulauan Meranti,0.27,P2,Regenerasi alami terbantu,67.6,57,85,39,tinggi,Kondisi biofisik relatif mendukung pemulihan vegetasi.,mangrove-priority-2016-2025-v0.1
886,45,MPR-E3BFB8493B,Gemala Sari,Rangsang,Kepulauan Meranti,0.26,P2,Regenerasi alami terbantu,67.6,57,85,39,tinggi,Kondisi biofisik relatif mendukung pemulihan vegetasi.,mangrove-priority-2016-2025-v0.1
887,46,MPR-DA7918C350,Gemala Sari,Rangsang,Kepulauan Meranti,0.25,P2,Regenerasi alami terbantu,67.6,57,85,39,tinggi,Kondisi biofisik relatif mendukung pemulihan vegetasi.,mangrove-priority-2016-2025-v0.1
888,47,MPR-3D50ECD962,Gemala Sari,Rangsang,Kepulauan Meranti,0.24,P2,Regenerasi alami terbantu,67.6,57,85,39,tinggi,Kondisi biofisik relatif mendukung pemulihan vegetasi.,mangrove-priority-2016-2025-v0.1
889,48,MPR-42FDE340EA,Gemala Sari,Rangsang,Kepulauan Meranti,0.24,P2,Regenerasi alami terbantu,67.6,57,85,39,tinggi,Kondisi biofisik relatif mendukung pemulihan vegetasi.,mangrove-priority-2016-2025-v0.1
890,49,MPR-69E63E59BC,Gemala Sari,Rangsang,Kepulauan Meranti,0.24,P2,Regenerasi alami terbantu,67.6,57,85,39,tinggi,Kondisi biofisik relatif mendukung pemulihan vegetasi.,mangrove-priority-2016-2025-v0.1
891,50,MPR-9B50E77365,Gemala Sari,Rangsang,Kepulauan Meranti,0.24,P2,Regenerasi alami terbantu,67.6,57,85,39,tinggi,Kondisi biofisik relatif mendukung pemulihan vegetasi.,mangrove-priority-2016-2025-v0.1
892,51,MPR-5AD43C0543,Gemala Sari,Rangsang,Kepulauan Meranti,0.22,P2,Regenerasi alami terbantu,67.6,57,85,39,tinggi,Kondisi biofisik relatif mendukung pemulihan vegetasi.,mangrove-priority-2016-2025-v0.1
893,52,MPR-376C01E1D9,Gemala Sari,Rangsang,Kepulauan Meranti,0.21,P2,Regenerasi alami terbantu,67.6,57,85,39,tinggi,Kondisi biofisik relatif mendukung pemulihan vegetasi.,mangrove-priority-2016-2025-v0.1
894,53,MPR-73CF5DB622,Gemala Sari,Rangsang,Kepulauan Meranti,0.19,P2,Regenerasi alami terbantu,67.6,57,85,39,tinggi,Kondisi biofisik relatif mendukung pemulihan vegetasi.,mangrove-priority-2016-2025-v0.1
895,54,MPR-6CFB9FBF7F,Gemala Sari,Rangsang,Kepulauan Meranti,0.18,P2,Regenerasi alami terbantu,67.6,57,85,39,tinggi,Kondisi biofisik relatif mendukung pemulihan vegetasi.,mangrove-priority-2016-2025-v0.1
896,55,MPR-5601B42BC8,Gemala Sari,Rangsang,Kepulauan Meranti,0.17,P2,Regenerasi alami terbantu,67.6,57,85,39,tinggi,Kondisi biofisik relatif mendukung pemulihan vegetasi.,mangrove-priority-2016-2025-v0.1
897,56,MPR-84F3915A0A,Gemala Sari,Rangsang,Kepulauan Meranti,0.16,P2,Regenerasi alami terbantu,67.6,57,85,39,tinggi,Kondisi biofisik relatif mendukung pemulihan vegetasi.,mangrove-priority-2016-2025-v0.1
898,57,MPR-D37C5E94F6,Gemala Sari,Rangsang,Kepulauan Meranti,0.16,P2,Regenerasi alami terbantu,67.6,57,85,39,tinggi,Kondisi biofisik relatif mendukung pemulihan vegetasi.,mangrove-priority-2016-2025-v0.1
899,58,MPR-E5631756EF,Gemala Sari,Rangsang,Kepulauan Meranti,0.158,P2,Regenerasi alami terbantu,67.6,57,85,39,tinggi,Kondisi biofisik relatif mendukung pemulihan vegetasi.,mangrove-priority-2016-2025-v0.1
900,59,MPR-13386C1F36,Gemala Sari,Rangsang,Kepulauan Meranti,0.15,P2,Regenerasi alami terbantu,67.6,57,85,39,tinggi,Kondisi biofisik relatif mendukung pemulihan vegetasi.,mangrove-priority-2016-2025-v0.1
901,54,MPR-F64A6DE772,Tanah Merah,Rangsang Pesisir,Kepulauan Meranti,8.35,P1,Penanaman aktif,67.5,71,73,50,tinggi,Kebutuhan dan kelayakan relatif tinggi.,mangrove-priority-2016-2025-v0.1
902,31,MPR-6A01D213B3,Kedabu Rapat,Rangsang Pesisir,Kepulauan Meranti,6.59,P1,Penanaman aktif,67.5,66,76,44,tinggi,Kebutuhan dan kelayakan relatif tinggi.,mangrove-priority-2016-2025-v0.1
903,57,MPR-110E658D08,Mengkikip,Tebing Tinggi Barat,Kepulauan Meranti,4.363,U,Data belum memadai,67.5,61,79,38,rendah,Keyakinan data rendah.,mangrove-priority-2016-2025-v0.1
904,33,MPR-D15D6BC2A7,Bokor,Rangsang Barat,Kepulauan Meranti,2.37,P2,Regenerasi alami terbantu,67.5,55,82,30,tinggi,Kondisi biofisik relatif mendukung pemulihan vegetasi.,mangrove-priority-2016-2025-v0.1
905,34,MPR-44A1DD30CF,Tebun,Rangsang,Kepulauan Meranti,1.51,P2,Regenerasi alami terbantu,67.5,54,83,29,tinggi,Kondisi biofisik relatif mendukung pemulihan vegetasi.,mangrove-priority-2016-2025-v0.1
906,34,MPR-42F89D26CC,Bokor,Rangsang Barat,Kepulauan Meranti,1.374,P2,Regenerasi alami terbantu,67.5,54,83,29,tinggi,Kondisi biofisik relatif mendukung pemulihan vegetasi.,mangrove-priority-2016-2025-v0.1
907,60,MPR-20289C8987,Gemala Sari,Rangsang,Kepulauan Meranti,1.0,P2,Regenerasi alami terbantu,67.5,58,84,40,tinggi,Kondisi biofisik relatif mendukung pemulihan vegetasi.,mangrove-priority-2016-2025-v0.1
908,61,MPR-414514B97E,Gemala Sari,Rangsang,Kepulauan Meranti,0.88,P2,Regenerasi alami terbantu,67.5,58,84,40,tinggi,Kondisi biofisik relatif mendukung pemulihan vegetasi.,mangrove-priority-2016-2025-v0.1
909,62,MPR-44C9BEF2E3,Gemala Sari,Rangsang,Kepulauan Meranti,0.84,P2,Regenerasi alami terbantu,67.5,58,84,40,tinggi,Kondisi biofisik relatif mendukung pemulihan vegetasi.,mangrove-priority-2016-2025-v0.1
910,63,MPR-78E34F1222,Gemala Sari,Rangsang,Kepulauan Meranti,0.83,P2,Regenerasi alami terbantu,67.5,58,84,40,tinggi,Kondisi biofisik relatif mendukung pemulihan vegetasi.,mangrove-priority-2016-2025-v0.1
911,32,MPR-BAB052232D,Kedabu Rapat,Rangsang Pesisir,Kepulauan Meranti,7.232,P1,Penanaman aktif,67.4,67,75,45,tinggi,Kebutuhan dan kelayakan relatif tinggi.,mangrove-priority-2016-2025-v0.1
912,64,MPR-1793D77714,Gemala Sari,Rangsang,Kepulauan Meranti,1.55,P2,Regenerasi alami terbantu,67.4,59,83,41,tinggi,Kondisi biofisik relatif mendukung pemulihan vegetasi.,mangrove-priority-2016-2025-v0.1
913,1,MPR-BCF43A27A9,Tanjung Kedabu,Rangsang Pesisir,Kepulauan Meranti,0.61,P2,Regenerasi alami terbantu,67.4,52,84,27,tinggi,Kondisi biofisik relatif mendukung pemulihan vegetasi.,mangrove-priority-2016-2025-v0.1
914,2,MPR-42D1C7CAF3,Tanjung Kedabu,Rangsang Pesisir,Kepulauan Meranti,0.47,P2,Regenerasi alami terbantu,67.4,52,84,27,tinggi,Kondisi biofisik relatif mendukung pemulihan vegetasi.,mangrove-priority-2016-2025-v0.1
915,35,MPR-26C618D772,Tebun,Rangsang,Kepulauan Meranti,0.41,P2,Regenerasi alami terbantu,67.4,52,84,27,tinggi,Kondisi biofisik relatif mendukung pemulihan vegetasi.,mangrove-priority-2016-2025-v0.1
916,1,MPR-3C60AD6D27,Sonde,Rangsang Pesisir,Kepulauan Meranti,0.28,P2,Regenerasi alami terbantu,67.4,52,84,27,tinggi,Kondisi biofisik relatif mendukung pemulihan vegetasi.,mangrove-priority-2016-2025-v0.1
917,2,MPR-CA6008BB6D,Sonde,Rangsang Pesisir,Kepulauan Meranti,0.17,P2,Regenerasi alami terbantu,67.4,52,84,27,tinggi,Kondisi biofisik relatif mendukung pemulihan vegetasi.,mangrove-priority-2016-2025-v0.1
918,3,MPR-1DE624FC24,Sonde,Rangsang Pesisir,Kepulauan Meranti,0.15,P2,Regenerasi alami terbantu,67.4,52,84,27,tinggi,Kondisi biofisik relatif mendukung pemulihan vegetasi.,mangrove-priority-2016-2025-v0.1
919,4,MPR-5F6DB4570A,Sonde,Rangsang Pesisir,Kepulauan Meranti,0.13,P2,Regenerasi alami terbantu,67.4,52,84,27,tinggi,Kondisi biofisik relatif mendukung pemulihan vegetasi.,mangrove-priority-2016-2025-v0.1
920,5,MPR-D9DEB37B43,Sonde,Rangsang Pesisir,Kepulauan Meranti,0.12,P2,Regenerasi alami terbantu,67.4,52,84,27,tinggi,Kondisi biofisik relatif mendukung pemulihan vegetasi.,mangrove-priority-2016-2025-v0.1
921,6,MPR-593A8E687F,Sonde,Rangsang Pesisir,Kepulauan Meranti,0.08,P2,Regenerasi alami terbantu,67.4,52,84,27,tinggi,Kondisi biofisik relatif mendukung pemulihan vegetasi.,mangrove-priority-2016-2025-v0.1
922,65,MPR-E9A15593E0,Gemala Sari,Rangsang,Kepulauan Meranti,2.5,P2,Regenerasi alami terbantu,67.3,60,82,42,tinggi,Kondisi biofisik relatif mendukung pemulihan vegetasi.,mangrove-priority-2016-2025-v0.1
923,36,MPR-3716A3CBA5,Tebun,Rangsang,Kepulauan Meranti,1.206,P2,Regenerasi alami terbantu,67.3,53,83,28,tinggi,Kondisi biofisik relatif mendukung pemulihan vegetasi.,mangrove-priority-2016-2025-v0.1
924,35,MPR-3D3F3E7D92,Bokor,Rangsang Barat,Kepulauan Meranti,1.1,P2,Regenerasi alami terbantu,67.3,53,83,28,tinggi,Kondisi biofisik relatif mendukung pemulihan vegetasi.,mangrove-priority-2016-2025-v0.1
925,7,MPR-F3C9CCB1DF,Sonde,Rangsang Pesisir,Kepulauan Meranti,1.06,P2,Regenerasi alami terbantu,67.3,53,83,28,tinggi,Kondisi biofisik relatif mendukung pemulihan vegetasi.,mangrove-priority-2016-2025-v0.1
926,8,MPR-F13CC70719,Sonde,Rangsang Pesisir,Kepulauan Meranti,0.89,P2,Regenerasi alami terbantu,67.3,53,83,28,tinggi,Kondisi biofisik relatif mendukung pemulihan vegetasi.,mangrove-priority-2016-2025-v0.1
927,3,MPR-BCAA94FDF0,Tanjung Kedabu,Rangsang Pesisir,Kepulauan Meranti,0.28,P2,Regenerasi alami terbantu,67.3,51,85,27,tinggi,Kondisi biofisik relatif mendukung pemulihan vegetasi.,mangrove-priority-2016-2025-v0.1
928,4,MPR-ED4ADC01CC,Tanjung Kedabu,Rangsang Pesisir,Kepulauan Meranti,0.23,P2,Regenerasi alami terbantu,67.3,51,85,27,tinggi,Kondisi biofisik relatif mendukung pemulihan vegetasi.,mangrove-priority-2016-2025-v0.1
929,5,MPR-AB8269625A,Tanjung Kedabu,Rangsang Pesisir,Kepulauan Meranti,0.2,P2,Regenerasi alami terbantu,67.3,51,85,27,tinggi,Kondisi biofisik relatif mendukung pemulihan vegetasi.,mangrove-priority-2016-2025-v0.1
930,6,MPR-A062E2CA03,Tanjung Kedabu,Rangsang Pesisir,Kepulauan Meranti,0.179,P2,Regenerasi alami terbantu,67.3,51,85,27,tinggi,Kondisi biofisik relatif mendukung pemulihan vegetasi.,mangrove-priority-2016-2025-v0.1
931,7,MPR-4CC33D5924,Tanjung Kedabu,Rangsang Pesisir,Kepulauan Meranti,0.15,P2,Regenerasi alami terbantu,67.3,51,85,27,tinggi,Kondisi biofisik relatif mendukung pemulihan vegetasi.,mangrove-priority-2016-2025-v0.1
932,8,MPR-B473452D2E,Tanjung Kedabu,Rangsang Pesisir,Kepulauan Meranti,0.147,P2,Regenerasi alami terbantu,67.3,51,85,27,tinggi,Kondisi biofisik relatif mendukung pemulihan vegetasi.,mangrove-priority-2016-2025-v0.1
933,9,MPR-00EF5F3740,Tanjung Kedabu,Rangsang Pesisir,Kepulauan Meranti,0.13,P2,Regenerasi alami terbantu,67.3,51,85,27,tinggi,Kondisi biofisik relatif mendukung pemulihan vegetasi.,mangrove-priority-2016-2025-v0.1
934,10,MPR-CB055851BD,Tanjung Kedabu,Rangsang Pesisir,Kepulauan Meranti,0.11,P2,Regenerasi alami terbantu,67.3,51,85,27,tinggi,Kondisi biofisik relatif mendukung pemulihan vegetasi.,mangrove-priority-2016-2025-v0.1
935,11,MPR-426B19C761,Tanjung Kedabu,Rangsang Pesisir,Kepulauan Meranti,0.1,P2,Regenerasi alami terbantu,67.3,51,85,27,tinggi,Kondisi biofisik relatif mendukung pemulihan vegetasi.,mangrove-priority-2016-2025-v0.1
936,12,MPR-D72C048FBC,Tanjung Kedabu,Rangsang Pesisir,Kepulauan Meranti,0.09,P2,Regenerasi alami terbantu,67.3,51,85,27,tinggi,Kondisi biofisik relatif mendukung pemulihan vegetasi.,mangrove-priority-2016-2025-v0.1
937,13,MPR-232121A0F7,Tanjung Kedabu,Rangsang Pesisir,Kepulauan Meranti,0.08,P2,Regenerasi alami terbantu,67.3,51,85,27,tinggi,Kondisi biofisik relatif mendukung pemulihan vegetasi.,mangrove-priority-2016-2025-v0.1
938,14,MPR-9F31F853E1,Tanjung Kedabu,Rangsang Pesisir,Kepulauan Meranti,0.08,P2,Regenerasi alami terbantu,67.3,51,85,27,tinggi,Kondisi biofisik relatif mendukung pemulihan vegetasi.,mangrove-priority-2016-2025-v0.1
939,15,MPR-A0540B30D6,Tanjung Kedabu,Rangsang Pesisir,Kepulauan Meranti,0.055,P2,Regenerasi alami terbantu,67.3,51,85,27,tinggi,Kondisi biofisik relatif mendukung pemulihan vegetasi.,mangrove-priority-2016-2025-v0.1
940,11,MPR-A5CAC208D7,Bandul,Tasik Putri Puyu,Kepulauan Meranti,7.65,P1,Penanaman aktif,67.2,68,71,41,sedang,Kebutuhan dan kelayakan relatif tinggi.,mangrove-priority-2016-2025-v0.1
941,49,MPR-C56AB9BF54,Tanjung Medang,Rangsang,Kepulauan Meranti,5.42,P1,Penanaman aktif,67.2,70,77,56,tinggi,Kebutuhan dan kelayakan relatif tinggi.,mangrove-priority-2016-2025-v0.1
942,20,MPR-32487C7C12,Kuala Merbau,Pulaumerbau,Kepulauan Meranti,3.91,P1,Penanaman aktif,67.2,67,80,55,tinggi,Kebutuhan dan kelayakan relatif tinggi.,mangrove-priority-2016-2025-v0.1
943,66,MPR-F1769261BE,Gemala Sari,Rangsang,Kepulauan Meranti,3.09,P2,Regenerasi alami terbantu,67.2,61,81,43,tinggi,Kondisi biofisik relatif mendukung pemulihan vegetasi.,mangrove-priority-2016-2025-v0.1
944,67,MPR-B2986D0783,Gemala Sari,Rangsang,Kepulauan Meranti,1.19,P2,Regenerasi alami terbantu,67.2,58,83,40,tinggi,Kondisi biofisik relatif mendukung pemulihan vegetasi.,mangrove-priority-2016-2025-v0.1
945,16,MPR-23B4E0AF99,Tanjung Kedabu,Rangsang Pesisir,Kepulauan Meranti,0.91,P2,Regenerasi alami terbantu,67.2,52,84,28,tinggi,Kondisi biofisik relatif mendukung pemulihan vegetasi.,mangrove-priority-2016-2025-v0.1
946,17,MPR-C6ABF9D428,Tanjung Kedabu,Rangsang Pesisir,Kepulauan Meranti,0.72,P2,Regenerasi alami terbantu,67.2,52,84,28,tinggi,Kondisi biofisik relatif mendukung pemulihan vegetasi.,mangrove-priority-2016-2025-v0.1
947,68,MPR-69F57B91FC,Gemala Sari,Rangsang,Kepulauan Meranti,0.4,P2,Regenerasi alami terbantu,67.2,57,84,39,tinggi,Kondisi biofisik relatif mendukung pemulihan vegetasi.,mangrove-priority-2016-2025-v0.1
948,1,MPR-469EFF5F67,Topang,Rangsang,Kepulauan Meranti,0.27,U,Data belum memadai,67.2,59,75,28,rendah,Keyakinan data rendah.,mangrove-priority-2016-2025-v0.1
949,2,MPR-C6884FB565,Topang,Rangsang,Kepulauan Meranti,0.24,U,Data belum memadai,67.2,59,75,28,rendah,Keyakinan data rendah.,mangrove-priority-2016-2025-v0.1
950,3,MPR-2B3D0BF49A,Topang,Rangsang,Kepulauan Meranti,0.23,U,Data belum memadai,67.2,59,75,28,rendah,Keyakinan data rendah.,mangrove-priority-2016-2025-v0.1
951,4,MPR-78DB1D8338,Topang,Rangsang,Kepulauan Meranti,0.23,U,Data belum memadai,67.2,59,75,28,rendah,Keyakinan data rendah.,mangrove-priority-2016-2025-v0.1
952,5,MPR-793508E7D0,Topang,Rangsang,Kepulauan Meranti,0.15,U,Data belum memadai,67.2,59,75,28,rendah,Keyakinan data rendah.,mangrove-priority-2016-2025-v0.1
953,6,MPR-89C0DA93BC,Topang,Rangsang,Kepulauan Meranti,0.15,U,Data belum memadai,67.2,59,75,28,rendah,Keyakinan data rendah.,mangrove-priority-2016-2025-v0.1
954,7,MPR-CC7CBA414A,Topang,Rangsang,Kepulauan Meranti,0.14,U,Data belum memadai,67.2,59,75,28,rendah,Keyakinan data rendah.,mangrove-priority-2016-2025-v0.1
955,8,MPR-AB5B802CC6,Topang,Rangsang,Kepulauan Meranti,0.13,U,Data belum memadai,67.2,59,75,28,rendah,Keyakinan data rendah.,mangrove-priority-2016-2025-v0.1
956,9,MPR-EF10B6CE5A,Topang,Rangsang,Kepulauan Meranti,0.13,U,Data belum memadai,67.2,59,75,28,rendah,Keyakinan data rendah.,mangrove-priority-2016-2025-v0.1
957,10,MPR-E2472E8230,Topang,Rangsang,Kepulauan Meranti,0.11,U,Data belum memadai,67.2,59,75,28,rendah,Keyakinan data rendah.,mangrove-priority-2016-2025-v0.1
958,11,MPR-F828BD3E2F,Topang,Rangsang,Kepulauan Meranti,0.11,U,Data belum memadai,67.2,59,75,28,rendah,Keyakinan data rendah.,mangrove-priority-2016-2025-v0.1
959,12,MPR-39ED34F696,Topang,Rangsang,Kepulauan Meranti,0.09,U,Data belum memadai,67.2,59,75,28,rendah,Keyakinan data rendah.,mangrove-priority-2016-2025-v0.1
960,13,MPR-59AEAB5AEB,Topang,Rangsang,Kepulauan Meranti,0.08,U,Data belum memadai,67.2,59,75,28,rendah,Keyakinan data rendah.,mangrove-priority-2016-2025-v0.1
961,14,MPR-ABCC652030,Topang,Rangsang,Kepulauan Meranti,0.08,U,Data belum memadai,67.2,59,75,28,rendah,Keyakinan data rendah.,mangrove-priority-2016-2025-v0.1
962,15,MPR-9C297ABCCC,Topang,Rangsang,Kepulauan Meranti,0.05,U,Data belum memadai,67.2,59,75,28,rendah,Keyakinan data rendah.,mangrove-priority-2016-2025-v0.1
963,16,MPR-E48212A574,Topang,Rangsang,Kepulauan Meranti,0.05,U,Data belum memadai,67.2,59,75,28,rendah,Keyakinan data rendah.,mangrove-priority-2016-2025-v0.1
964,18,MPR-592C687857,Tanjung Kedabu,Rangsang Pesisir,Kepulauan Meranti,1.41,P2,Regenerasi alami terbantu,67.1,53,83,29,tinggi,Kondisi biofisik relatif mendukung pemulihan vegetasi.,mangrove-priority-2016-2025-v0.1
965,17,MPR-A9C3521354,Topang,Rangsang,Kepulauan Meranti,0.8,U,Data belum memadai,67.1,60,74,29,rendah,Keyakinan data rendah.,mangrove-priority-2016-2025-v0.1
966,18,MPR-439AED19EB,Topang,Rangsang,Kepulauan Meranti,0.72,U,Data belum memadai,67.1,60,74,29,rendah,Keyakinan data rendah.,mangrove-priority-2016-2025-v0.1
967,19,MPR-D21BB98167,Topang,Rangsang,Kepulauan Meranti,0.65,U,Data belum memadai,67.1,60,74,29,rendah,Keyakinan data rendah.,mangrove-priority-2016-2025-v0.1
968,20,MPR-5EC7CD71E8,Topang,Rangsang,Kepulauan Meranti,0.52,U,Data belum memadai,67.1,60,74,29,rendah,Keyakinan data rendah.,mangrove-priority-2016-2025-v0.1
969,21,MPR-2B0563DBCC,Topang,Rangsang,Kepulauan Meranti,0.5,U,Data belum memadai,67.1,60,74,29,rendah,Keyakinan data rendah.,mangrove-priority-2016-2025-v0.1
970,22,MPR-8ABA38A0C7,Topang,Rangsang,Kepulauan Meranti,0.49,U,Data belum memadai,67.1,60,74,29,rendah,Keyakinan data rendah.,mangrove-priority-2016-2025-v0.1
971,50,MPR-AE9F170E6A,Tanjung Medang,Rangsang,Kepulauan Meranti,5.66,P1,Penanaman aktif,67.0,70,77,57,tinggi,Kebutuhan dan kelayakan relatif tinggi.,mangrove-priority-2016-2025-v0.1
972,19,MPR-91987EA24A,Tanjung Kedabu,Rangsang Pesisir,Kepulauan Meranti,2.31,P2,Regenerasi alami terbantu,67.0,54,82,30,tinggi,Kondisi biofisik relatif mendukung pemulihan vegetasi.,mangrove-priority-2016-2025-v0.1
973,23,MPR-003A7F8A4C,Topang,Rangsang,Kepulauan Meranti,1.31,U,Data belum memadai,67.0,61,73,30,rendah,Keyakinan data rendah.,mangrove-priority-2016-2025-v0.1
974,9,MPR-5C50E45ACE,Sonde,Rangsang Pesisir,Kepulauan Meranti,1.1,P2,Regenerasi alami terbantu,67.0,53,82,28,tinggi,Kondisi biofisik relatif mendukung pemulihan vegetasi.,mangrove-priority-2016-2025-v0.1
975,1,MPR-5A439BD6AA,Lukit,Merbau,Kepulauan Meranti,0.42,P2,Regenerasi alami terbantu,67.0,57,84,40,tinggi,Kondisi biofisik relatif mendukung pemulihan vegetasi.,mangrove-priority-2016-2025-v0.1
976,1,MPR-EA5F285696,Tanjung Samak,Rangsang,Kepulauan Meranti,0.24,P2,Regenerasi alami terbantu,67.0,50,85,26,tinggi,Kondisi biofisik relatif mendukung pemulihan vegetasi.,mangrove-priority-2016-2025-v0.1
977,2,MPR-86C9B0E39E,Tanjung Samak,Rangsang,Kepulauan Meranti,0.199,P2,Regenerasi alami terbantu,67.0,50,85,26,tinggi,Kondisi biofisik relatif mendukung pemulihan vegetasi.,mangrove-priority-2016-2025-v0.1
978,3,MPR-BE782C68C7,Tanjung Samak,Rangsang,Kepulauan Meranti,0.17,P2,Regenerasi alami terbantu,67.0,50,85,26,tinggi,Kondisi biofisik relatif mendukung pemulihan vegetasi.,mangrove-priority-2016-2025-v0.1
979,4,MPR-0476A04599,Tanjung Samak,Rangsang,Kepulauan Meranti,0.14,P2,Regenerasi alami terbantu,67.0,50,85,26,tinggi,Kondisi biofisik relatif mendukung pemulihan vegetasi.,mangrove-priority-2016-2025-v0.1
980,5,MPR-345F7E9B64,Tanjung Samak,Rangsang,Kepulauan Meranti,0.13,P2,Regenerasi alami terbantu,67.0,50,85,26,tinggi,Kondisi biofisik relatif mendukung pemulihan vegetasi.,mangrove-priority-2016-2025-v0.1
981,6,MPR-A7419CE4E6,Tanjung Samak,Rangsang,Kepulauan Meranti,0.117,P2,Regenerasi alami terbantu,67.0,50,85,26,tinggi,Kondisi biofisik relatif mendukung pemulihan vegetasi.,mangrove-priority-2016-2025-v0.1
982,7,MPR-99ABDF5996,Tanjung Samak,Rangsang,Kepulauan Meranti,0.11,P2,Regenerasi alami terbantu,67.0,50,85,26,tinggi,Kondisi biofisik relatif mendukung pemulihan vegetasi.,mangrove-priority-2016-2025-v0.1
983,8,MPR-DA68F1CF52,Tanjung Samak,Rangsang,Kepulauan Meranti,0.11,P2,Regenerasi alami terbantu,67.0,50,85,26,tinggi,Kondisi biofisik relatif mendukung pemulihan vegetasi.,mangrove-priority-2016-2025-v0.1
984,9,MPR-50C6E7C33F,Tanjung Samak,Rangsang,Kepulauan Meranti,0.08,P2,Regenerasi alami terbantu,67.0,50,85,26,tinggi,Kondisi biofisik relatif mendukung pemulihan vegetasi.,mangrove-priority-2016-2025-v0.1
985,10,MPR-55D523AB56,Tanjung Samak,Rangsang,Kepulauan Meranti,0.08,P2,Regenerasi alami terbantu,67.0,50,85,26,tinggi,Kondisi biofisik relatif mendukung pemulihan vegetasi.,mangrove-priority-2016-2025-v0.1
986,11,MPR-9D0C5A8243,Tanjung Samak,Rangsang,Kepulauan Meranti,0.08,P2,Regenerasi alami terbantu,67.0,50,85,26,tinggi,Kondisi biofisik relatif mendukung pemulihan vegetasi.,mangrove-priority-2016-2025-v0.1
987,12,MPR-DFF9E77F15,Tanjung Samak,Rangsang,Kepulauan Meranti,0.08,P2,Regenerasi alami terbantu,67.0,50,85,26,tinggi,Kondisi biofisik relatif mendukung pemulihan vegetasi.,mangrove-priority-2016-2025-v0.1
988,13,MPR-F1AFC19376,Tanjung Samak,Rangsang,Kepulauan Meranti,0.053,P2,Regenerasi alami terbantu,67.0,50,85,26,tinggi,Kondisi biofisik relatif mendukung pemulihan vegetasi.,mangrove-priority-2016-2025-v0.1
989,14,MPR-DE175F9B4C,Tanjung Samak,Rangsang,Kepulauan Meranti,0.893,P2,Regenerasi alami terbantu,66.9,51,84,27,tinggi,Kondisi biofisik relatif mendukung pemulihan vegetasi.,mangrove-priority-2016-2025-v0.1
990,15,MPR-4F84EAD550,Tanjung Samak,Rangsang,Kepulauan Meranti,0.89,P2,Regenerasi alami terbantu,66.9,51,84,27,tinggi,Kondisi biofisik relatif mendukung pemulihan vegetasi.,mangrove-priority-2016-2025-v0.1
991,16,MPR-43442771FE,Tanjung Samak,Rangsang,Kepulauan Meranti,0.78,P2,Regenerasi alami terbantu,66.9,51,84,27,tinggi,Kondisi biofisik relatif mendukung pemulihan vegetasi.,mangrove-priority-2016-2025-v0.1
992,17,MPR-4AB34A452D,Tanjung Samak,Rangsang,Kepulauan Meranti,0.69,P2,Regenerasi alami terbantu,66.9,51,84,27,tinggi,Kondisi biofisik relatif mendukung pemulihan vegetasi.,mangrove-priority-2016-2025-v0.1
993,18,MPR-0426DB47AA,Tanjung Samak,Rangsang,Kepulauan Meranti,0.59,P2,Regenerasi alami terbantu,66.9,51,84,27,tinggi,Kondisi biofisik relatif mendukung pemulihan vegetasi.,mangrove-priority-2016-2025-v0.1
994,19,MPR-7E48B5B2F1,Tanjung Samak,Rangsang,Kepulauan Meranti,0.43,P2,Regenerasi alami terbantu,66.9,51,84,27,tinggi,Kondisi biofisik relatif mendukung pemulihan vegetasi.,mangrove-priority-2016-2025-v0.1
995,20,MPR-743E659899,Tanjung Kedabu,Rangsang Pesisir,Kepulauan Meranti,0.37,P2,Regenerasi alami terbantu,66.9,51,84,27,tinggi,Kondisi biofisik relatif mendukung pemulihan vegetasi.,mangrove-priority-2016-2025-v0.1
996,24,MPR-DA4F3CF099,Topang,Rangsang,Kepulauan Meranti,0.36,U,Data belum memadai,66.9,59,74,28,rendah,Keyakinan data rendah.,mangrove-priority-2016-2025-v0.1
997,2,MPR-285061F9CC,Lukit,Merbau,Kepulauan Meranti,0.333,P2,Regenerasi alami terbantu,66.9,56,85,40,tinggi,Kondisi biofisik relatif mendukung pemulihan vegetasi.,mangrove-priority-2016-2025-v0.1
998,3,MPR-D367A71948,Lukit,Merbau,Kepulauan Meranti,0.33,P2,Regenerasi alami terbantu,66.9,56,85,40,tinggi,Kondisi biofisik relatif mendukung pemulihan vegetasi.,mangrove-priority-2016-2025-v0.1
999,4,MPR-22E0864638,Lukit,Merbau,Kepulauan Meranti,0.32,P2,Regenerasi alami terbantu,66.9,56,85,40,tinggi,Kondisi biofisik relatif mendukung pemulihan vegetasi.,mangrove-priority-2016-2025-v0.1
1000,5,MPR-305AA28592,Lukit,Merbau,Kepulauan Meranti,0.31,P2,Regenerasi alami terbantu,66.9,56,85,40,tinggi,Kondisi biofisik relatif mendukung pemulihan vegetasi.,mangrove-priority-2016-2025-v0.1
1001,6,MPR-188EF5A643,Lukit,Merbau,Kepulauan Meranti,0.29,P2,Regenerasi alami terbantu,66.9,56,85,40,tinggi,Kondisi biofisik relatif mendukung pemulihan vegetasi.,mangrove-priority-2016-2025-v0.1
1002,7,MPR-DDAEFDCA1B,Lukit,Merbau,Kepulauan Meranti,0.28,P2,Regenerasi alami terbantu,66.9,56,85,40,tinggi,Kondisi biofisik relatif mendukung pemulihan vegetasi.,mangrove-priority-2016-2025-v0.1
1003,8,MPR-09C9EDD063,Lukit,Merbau,Kepulauan Meranti,0.27,P2,Regenerasi alami terbantu,66.9,56,85,40,tinggi,Kondisi biofisik relatif mendukung pemulihan vegetasi.,mangrove-priority-2016-2025-v0.1
1004,9,MPR-1CFB45D9AC,Lukit,Merbau,Kepulauan Meranti,0.27,P2,Regenerasi alami terbantu,66.9,56,85,40,tinggi,Kondisi biofisik relatif mendukung pemulihan vegetasi.,mangrove-priority-2016-2025-v0.1
1005,10,MPR-D7F9D85001,Lukit,Merbau,Kepulauan Meranti,0.27,P2,Regenerasi alami terbantu,66.9,56,85,40,tinggi,Kondisi biofisik relatif mendukung pemulihan vegetasi.,mangrove-priority-2016-2025-v0.1
1006,11,MPR-E86D538016,Lukit,Merbau,Kepulauan Meranti,0.26,P2,Regenerasi alami terbantu,66.9,56,85,40,tinggi,Kondisi biofisik relatif mendukung pemulihan vegetasi.,mangrove-priority-2016-2025-v0.1
1007,12,MPR-2CDC5A85F3,Lukit,Merbau,Kepulauan Meranti,0.25,P2,Regenerasi alami terbantu,66.9,56,85,40,tinggi,Kondisi biofisik relatif mendukung pemulihan vegetasi.,mangrove-priority-2016-2025-v0.1
1008,13,MPR-E629CED958,Lukit,Merbau,Kepulauan Meranti,0.25,P2,Regenerasi alami terbantu,66.9,56,85,40,tinggi,Kondisi biofisik relatif mendukung pemulihan vegetasi.,mangrove-priority-2016-2025-v0.1
1009,14,MPR-EDC9DBB685,Lukit,Merbau,Kepulauan Meranti,0.25,P2,Regenerasi alami terbantu,66.9,56,85,40,tinggi,Kondisi biofisik relatif mendukung pemulihan vegetasi.,mangrove-priority-2016-2025-v0.1
1010,15,MPR-0A4A23CFCA,Lukit,Merbau,Kepulauan Meranti,0.24,P2,Regenerasi alami terbantu,66.9,56,85,40,tinggi,Kondisi biofisik relatif mendukung pemulihan vegetasi.,mangrove-priority-2016-2025-v0.1
1011,16,MPR-15240A5DAD,Lukit,Merbau,Kepulauan Meranti,0.23,P2,Regenerasi alami terbantu,66.9,56,85,40,tinggi,Kondisi biofisik relatif mendukung pemulihan vegetasi.,mangrove-priority-2016-2025-v0.1
1012,17,MPR-65B6507D6C,Lukit,Merbau,Kepulauan Meranti,0.23,P2,Regenerasi alami terbantu,66.9,56,85,40,tinggi,Kondisi biofisik relatif mendukung pemulihan vegetasi.,mangrove-priority-2016-2025-v0.1
1013,18,MPR-935A26F37A,Lukit,Merbau,Kepulauan Meranti,0.23,P2,Regenerasi alami terbantu,66.9,56,85,40,tinggi,Kondisi biofisik relatif mendukung pemulihan vegetasi.,mangrove-priority-2016-2025-v0.1
1014,19,MPR-9E52117341,Lukit,Merbau,Kepulauan Meranti,0.23,P2,Regenerasi alami terbantu,66.9,56,85,40,tinggi,Kondisi biofisik relatif mendukung pemulihan vegetasi.,mangrove-priority-2016-2025-v0.1
1015,20,MPR-F0CF924826,Lukit,Merbau,Kepulauan Meranti,0.224,P2,Regenerasi alami terbantu,66.9,56,85,40,tinggi,Kondisi biofisik relatif mendukung pemulihan vegetasi.,mangrove-priority-2016-2025-v0.1
1016,21,MPR-16BEB4F8CD,Lukit,Merbau,Kepulauan Meranti,0.22,P2,Regenerasi alami terbantu,66.9,56,85,40,tinggi,Kondisi biofisik relatif mendukung pemulihan vegetasi.,mangrove-priority-2016-2025-v0.1
1017,22,MPR-7844BA7274,Lukit,Merbau,Kepulauan Meranti,0.22,P2,Regenerasi alami terbantu,66.9,56,85,40,tinggi,Kondisi biofisik relatif mendukung pemulihan vegetasi.,mangrove-priority-2016-2025-v0.1
1018,23,MPR-908B085E6E,Lukit,Merbau,Kepulauan Meranti,0.22,P2,Regenerasi alami terbantu,66.9,56,85,40,tinggi,Kondisi biofisik relatif mendukung pemulihan vegetasi.,mangrove-priority-2016-2025-v0.1
1019,24,MPR-BDA83D98E2,Lukit,Merbau,Kepulauan Meranti,0.22,P2,Regenerasi alami terbantu,66.9,56,85,40,tinggi,Kondisi biofisik relatif mendukung pemulihan vegetasi.,mangrove-priority-2016-2025-v0.1
1020,25,MPR-EB4C290152,Lukit,Merbau,Kepulauan Meranti,0.21,P2,Regenerasi alami terbantu,66.9,56,85,40,tinggi,Kondisi biofisik relatif mendukung pemulihan vegetasi.,mangrove-priority-2016-2025-v0.1
1021,26,MPR-A801EC14E3,Lukit,Merbau,Kepulauan Meranti,0.2,P2,Regenerasi alami terbantu,66.9,56,85,40,tinggi,Kondisi biofisik relatif mendukung pemulihan vegetasi.,mangrove-priority-2016-2025-v0.1
1022,27,MPR-296658B35F,Lukit,Merbau,Kepulauan Meranti,0.19,P2,Regenerasi alami terbantu,66.9,56,85,40,tinggi,Kondisi biofisik relatif mendukung pemulihan vegetasi.,mangrove-priority-2016-2025-v0.1
1023,28,MPR-6BD0FCE38A,Lukit,Merbau,Kepulauan Meranti,0.18,P2,Regenerasi alami terbantu,66.9,56,85,40,tinggi,Kondisi biofisik relatif mendukung pemulihan vegetasi.,mangrove-priority-2016-2025-v0.1
1024,29,MPR-3BD92EBF03,Lukit,Merbau,Kepulauan Meranti,0.17,P2,Regenerasi alami terbantu,66.9,56,85,40,tinggi,Kondisi biofisik relatif mendukung pemulihan vegetasi.,mangrove-priority-2016-2025-v0.1
1025,30,MPR-63BF272B3B,Lukit,Merbau,Kepulauan Meranti,0.17,P2,Regenerasi alami terbantu,66.9,56,85,40,tinggi,Kondisi biofisik relatif mendukung pemulihan vegetasi.,mangrove-priority-2016-2025-v0.1
1026,31,MPR-A62E7493E3,Lukit,Merbau,Kepulauan Meranti,0.17,P2,Regenerasi alami terbantu,66.9,56,85,40,tinggi,Kondisi biofisik relatif mendukung pemulihan vegetasi.,mangrove-priority-2016-2025-v0.1
1027,32,MPR-40C2B62435,Lukit,Merbau,Kepulauan Meranti,0.16,P2,Regenerasi alami terbantu,66.9,56,85,40,tinggi,Kondisi biofisik relatif mendukung pemulihan vegetasi.,mangrove-priority-2016-2025-v0.1
1028,33,MPR-F6C9F263FE,Lukit,Merbau,Kepulauan Meranti,0.16,P2,Regenerasi alami terbantu,66.9,56,85,40,tinggi,Kondisi biofisik relatif mendukung pemulihan vegetasi.,mangrove-priority-2016-2025-v0.1
1029,34,MPR-43655203CA,Lukit,Merbau,Kepulauan Meranti,0.15,P2,Regenerasi alami terbantu,66.9,56,85,40,tinggi,Kondisi biofisik relatif mendukung pemulihan vegetasi.,mangrove-priority-2016-2025-v0.1
1030,35,MPR-7BFB07BCCB,Lukit,Merbau,Kepulauan Meranti,0.15,P2,Regenerasi alami terbantu,66.9,56,85,40,tinggi,Kondisi biofisik relatif mendukung pemulihan vegetasi.,mangrove-priority-2016-2025-v0.1
1031,36,MPR-D70ACC3378,Lukit,Merbau,Kepulauan Meranti,0.15,P2,Regenerasi alami terbantu,66.9,56,85,40,tinggi,Kondisi biofisik relatif mendukung pemulihan vegetasi.,mangrove-priority-2016-2025-v0.1
1032,37,MPR-ED10B358CF,Lukit,Merbau,Kepulauan Meranti,0.15,P2,Regenerasi alami terbantu,66.9,56,85,40,tinggi,Kondisi biofisik relatif mendukung pemulihan vegetasi.,mangrove-priority-2016-2025-v0.1
1033,38,MPR-EE7D7B89DE,Lukit,Merbau,Kepulauan Meranti,0.15,P2,Regenerasi alami terbantu,66.9,56,85,40,tinggi,Kondisi biofisik relatif mendukung pemulihan vegetasi.,mangrove-priority-2016-2025-v0.1
1034,39,MPR-350411926C,Lukit,Merbau,Kepulauan Meranti,0.14,P2,Regenerasi alami terbantu,66.9,56,85,40,tinggi,Kondisi biofisik relatif mendukung pemulihan vegetasi.,mangrove-priority-2016-2025-v0.1
1035,40,MPR-6EA98ED518,Lukit,Merbau,Kepulauan Meranti,0.14,P2,Regenerasi alami terbantu,66.9,56,85,40,tinggi,Kondisi biofisik relatif mendukung pemulihan vegetasi.,mangrove-priority-2016-2025-v0.1
1036,41,MPR-8DDB1A16E2,Lukit,Merbau,Kepulauan Meranti,0.14,P2,Regenerasi alami terbantu,66.9,56,85,40,tinggi,Kondisi biofisik relatif mendukung pemulihan vegetasi.,mangrove-priority-2016-2025-v0.1
1037,42,MPR-BDBC114723,Lukit,Merbau,Kepulauan Meranti,0.14,P2,Regenerasi alami terbantu,66.9,56,85,40,tinggi,Kondisi biofisik relatif mendukung pemulihan vegetasi.,mangrove-priority-2016-2025-v0.1
1038,43,MPR-CA319DAF71,Lukit,Merbau,Kepulauan Meranti,0.14,P2,Regenerasi alami terbantu,66.9,56,85,40,tinggi,Kondisi biofisik relatif mendukung pemulihan vegetasi.,mangrove-priority-2016-2025-v0.1
1039,44,MPR-DBEA08A6BB,Lukit,Merbau,Kepulauan Meranti,0.14,P2,Regenerasi alami terbantu,66.9,56,85,40,tinggi,Kondisi biofisik relatif mendukung pemulihan vegetasi.,mangrove-priority-2016-2025-v0.1
1040,45,MPR-F6B91C95A4,Lukit,Merbau,Kepulauan Meranti,0.14,P2,Regenerasi alami terbantu,66.9,56,85,40,tinggi,Kondisi biofisik relatif mendukung pemulihan vegetasi.,mangrove-priority-2016-2025-v0.1
1041,46,MPR-44A347D309,Lukit,Merbau,Kepulauan Meranti,0.13,P2,Regenerasi alami terbantu,66.9,56,85,40,tinggi,Kondisi biofisik relatif mendukung pemulihan vegetasi.,mangrove-priority-2016-2025-v0.1
1042,47,MPR-75D2759F74,Lukit,Merbau,Kepulauan Meranti,0.13,P2,Regenerasi alami terbantu,66.9,56,85,40,tinggi,Kondisi biofisik relatif mendukung pemulihan vegetasi.,mangrove-priority-2016-2025-v0.1
1043,48,MPR-A8BED94AE5,Lukit,Merbau,Kepulauan Meranti,0.13,P2,Regenerasi alami terbantu,66.9,56,85,40,tinggi,Kondisi biofisik relatif mendukung pemulihan vegetasi.,mangrove-priority-2016-2025-v0.1
1044,49,MPR-AF59EC37D3,Lukit,Merbau,Kepulauan Meranti,0.13,P2,Regenerasi alami terbantu,66.9,56,85,40,tinggi,Kondisi biofisik relatif mendukung pemulihan vegetasi.,mangrove-priority-2016-2025-v0.1
1045,50,MPR-FF6D12E797,Lukit,Merbau,Kepulauan Meranti,0.13,P2,Regenerasi alami terbantu,66.9,56,85,40,tinggi,Kondisi biofisik relatif mendukung pemulihan vegetasi.,mangrove-priority-2016-2025-v0.1
1046,51,MPR-0B0B87C4DC,Lukit,Merbau,Kepulauan Meranti,0.11,P2,Regenerasi alami terbantu,66.9,56,85,40,tinggi,Kondisi biofisik relatif mendukung pemulihan vegetasi.,mangrove-priority-2016-2025-v0.1
1047,52,MPR-0F7A82F6F2,Lukit,Merbau,Kepulauan Meranti,0.11,P2,Regenerasi alami terbantu,66.9,56,85,40,tinggi,Kondisi biofisik relatif mendukung pemulihan vegetasi.,mangrove-priority-2016-2025-v0.1
1048,53,MPR-431FF524F7,Lukit,Merbau,Kepulauan Meranti,0.11,P2,Regenerasi alami terbantu,66.9,56,85,40,tinggi,Kondisi biofisik relatif mendukung pemulihan vegetasi.,mangrove-priority-2016-2025-v0.1
1049,54,MPR-4A5BFD0886,Lukit,Merbau,Kepulauan Meranti,0.11,P2,Regenerasi alami terbantu,66.9,56,85,40,tinggi,Kondisi biofisik relatif mendukung pemulihan vegetasi.,mangrove-priority-2016-2025-v0.1
1050,55,MPR-52CDEFC29D,Lukit,Merbau,Kepulauan Meranti,0.11,P2,Regenerasi alami terbantu,66.9,56,85,40,tinggi,Kondisi biofisik relatif mendukung pemulihan vegetasi.,mangrove-priority-2016-2025-v0.1
1051,56,MPR-5E3DDEFE50,Lukit,Merbau,Kepulauan Meranti,0.11,P2,Regenerasi alami terbantu,66.9,56,85,40,tinggi,Kondisi biofisik relatif mendukung pemulihan vegetasi.,mangrove-priority-2016-2025-v0.1
1052,57,MPR-6B582DC731,Lukit,Merbau,Kepulauan Meranti,0.11,P2,Regenerasi alami terbantu,66.9,56,85,40,tinggi,Kondisi biofisik relatif mendukung pemulihan vegetasi.,mangrove-priority-2016-2025-v0.1
1053,58,MPR-77D06195E1,Lukit,Merbau,Kepulauan Meranti,0.11,P2,Regenerasi alami terbantu,66.9,56,85,40,tinggi,Kondisi biofisik relatif mendukung pemulihan vegetasi.,mangrove-priority-2016-2025-v0.1
1054,59,MPR-84F517992C,Lukit,Merbau,Kepulauan Meranti,0.11,P2,Regenerasi alami terbantu,66.9,56,85,40,tinggi,Kondisi biofisik relatif mendukung pemulihan vegetasi.,mangrove-priority-2016-2025-v0.1
1055,60,MPR-967CCA4BF4,Lukit,Merbau,Kepulauan Meranti,0.11,P2,Regenerasi alami terbantu,66.9,56,85,40,tinggi,Kondisi biofisik relatif mendukung pemulihan vegetasi.,mangrove-priority-2016-2025-v0.1
1056,61,MPR-CC44E95CB1,Lukit,Merbau,Kepulauan Meranti,0.11,P2,Regenerasi alami terbantu,66.9,56,85,40,tinggi,Kondisi biofisik relatif mendukung pemulihan vegetasi.,mangrove-priority-2016-2025-v0.1
1057,62,MPR-EC4E3A9602,Lukit,Merbau,Kepulauan Meranti,0.11,P2,Regenerasi alami terbantu,66.9,56,85,40,tinggi,Kondisi biofisik relatif mendukung pemulihan vegetasi.,mangrove-priority-2016-2025-v0.1
1058,63,MPR-1CD776FA6C,Lukit,Merbau,Kepulauan Meranti,0.102,P2,Regenerasi alami terbantu,66.9,56,85,40,tinggi,Kondisi biofisik relatif mendukung pemulihan vegetasi.,mangrove-priority-2016-2025-v0.1
1059,64,MPR-171E4C6925,Lukit,Merbau,Kepulauan Meranti,0.1,P2,Regenerasi alami terbantu,66.9,56,85,40,tinggi,Kondisi biofisik relatif mendukung pemulihan vegetasi.,mangrove-priority-2016-2025-v0.1
1060,65,MPR-461C4055C6,Lukit,Merbau,Kepulauan Meranti,0.1,P2,Regenerasi alami terbantu,66.9,56,85,40,tinggi,Kondisi biofisik relatif mendukung pemulihan vegetasi.,mangrove-priority-2016-2025-v0.1
1061,66,MPR-B09A17B972,Lukit,Merbau,Kepulauan Meranti,0.1,P2,Regenerasi alami terbantu,66.9,56,85,40,tinggi,Kondisi biofisik relatif mendukung pemulihan vegetasi.,mangrove-priority-2016-2025-v0.1
1062,67,MPR-B24500BB39,Lukit,Merbau,Kepulauan Meranti,0.1,P2,Regenerasi alami terbantu,66.9,56,85,40,tinggi,Kondisi biofisik relatif mendukung pemulihan vegetasi.,mangrove-priority-2016-2025-v0.1
1063,68,MPR-CEE9A059C3,Lukit,Merbau,Kepulauan Meranti,0.1,P2,Regenerasi alami terbantu,66.9,56,85,40,tinggi,Kondisi biofisik relatif mendukung pemulihan vegetasi.,mangrove-priority-2016-2025-v0.1
1064,69,MPR-E213ED5C5D,Lukit,Merbau,Kepulauan Meranti,0.1,P2,Regenerasi alami terbantu,66.9,56,85,40,tinggi,Kondisi biofisik relatif mendukung pemulihan vegetasi.,mangrove-priority-2016-2025-v0.1
1065,70,MPR-E7A03455E8,Lukit,Merbau,Kepulauan Meranti,0.1,P2,Regenerasi alami terbantu,66.9,56,85,40,tinggi,Kondisi biofisik relatif mendukung pemulihan vegetasi.,mangrove-priority-2016-2025-v0.1
1066,71,MPR-29970F8E0D,Lukit,Merbau,Kepulauan Meranti,0.08,P2,Regenerasi alami terbantu,66.9,56,85,40,tinggi,Kondisi biofisik relatif mendukung pemulihan vegetasi.,mangrove-priority-2016-2025-v0.1
1067,72,MPR-4BE577E6EA,Lukit,Merbau,Kepulauan Meranti,0.08,P2,Regenerasi alami terbantu,66.9,56,85,40,tinggi,Kondisi biofisik relatif mendukung pemulihan vegetasi.,mangrove-priority-2016-2025-v0.1
1068,73,MPR-4BEF6E8914,Lukit,Merbau,Kepulauan Meranti,0.08,P2,Regenerasi alami terbantu,66.9,56,85,40,tinggi,Kondisi biofisik relatif mendukung pemulihan vegetasi.,mangrove-priority-2016-2025-v0.1
1069,74,MPR-50C54CE84E,Lukit,Merbau,Kepulauan Meranti,0.08,P2,Regenerasi alami terbantu,66.9,56,85,40,tinggi,Kondisi biofisik relatif mendukung pemulihan vegetasi.,mangrove-priority-2016-2025-v0.1
1070,75,MPR-593B334F4C,Lukit,Merbau,Kepulauan Meranti,0.08,P2,Regenerasi alami terbantu,66.9,56,85,40,tinggi,Kondisi biofisik relatif mendukung pemulihan vegetasi.,mangrove-priority-2016-2025-v0.1
1071,76,MPR-6CCD415C18,Lukit,Merbau,Kepulauan Meranti,0.08,P2,Regenerasi alami terbantu,66.9,56,85,40,tinggi,Kondisi biofisik relatif mendukung pemulihan vegetasi.,mangrove-priority-2016-2025-v0.1
1072,77,MPR-834EE10D2E,Lukit,Merbau,Kepulauan Meranti,0.08,P2,Regenerasi alami terbantu,66.9,56,85,40,tinggi,Kondisi biofisik relatif mendukung pemulihan vegetasi.,mangrove-priority-2016-2025-v0.1
1073,78,MPR-8A13A4C841,Lukit,Merbau,Kepulauan Meranti,0.08,P2,Regenerasi alami terbantu,66.9,56,85,40,tinggi,Kondisi biofisik relatif mendukung pemulihan vegetasi.,mangrove-priority-2016-2025-v0.1
1074,79,MPR-E290B3E6F0,Lukit,Merbau,Kepulauan Meranti,0.08,P2,Regenerasi alami terbantu,66.9,56,85,40,tinggi,Kondisi biofisik relatif mendukung pemulihan vegetasi.,mangrove-priority-2016-2025-v0.1
1075,80,MPR-F6D9ACC61B,Lukit,Merbau,Kepulauan Meranti,0.08,P2,Regenerasi alami terbantu,66.9,56,85,40,tinggi,Kondisi biofisik relatif mendukung pemulihan vegetasi.,mangrove-priority-2016-2025-v0.1
1076,81,MPR-06CB24DBA6,Lukit,Merbau,Kepulauan Meranti,0.058,P2,Regenerasi alami terbantu,66.9,56,85,40,tinggi,Kondisi biofisik relatif mendukung pemulihan vegetasi.,mangrove-priority-2016-2025-v0.1
1077,82,MPR-012C4F7EBB,Lukit,Merbau,Kepulauan Meranti,0.05,P2,Regenerasi alami terbantu,66.9,56,85,40,tinggi,Kondisi biofisik relatif mendukung pemulihan vegetasi.,mangrove-priority-2016-2025-v0.1
1078,83,MPR-11870D78DE,Lukit,Merbau,Kepulauan Meranti,0.05,P2,Regenerasi alami terbantu,66.9,56,85,40,tinggi,Kondisi biofisik relatif mendukung pemulihan vegetasi.,mangrove-priority-2016-2025-v0.1
1079,84,MPR-20998C9A7F,Lukit,Merbau,Kepulauan Meranti,0.05,P2,Regenerasi alami terbantu,66.9,56,85,40,tinggi,Kondisi biofisik relatif mendukung pemulihan vegetasi.,mangrove-priority-2016-2025-v0.1
1080,85,MPR-3B2D3E6981,Lukit,Merbau,Kepulauan Meranti,0.05,X,Tidak direkomendasikan,66.9,56,85,40,tinggi,Area terlalu kecil dan terisolasi untuk diprioritaskan.,mangrove-priority-2016-2025-v0.1
1081,86,MPR-76726742E8,Lukit,Merbau,Kepulauan Meranti,0.05,X,Tidak direkomendasikan,66.9,56,85,40,tinggi,Area terlalu kecil dan terisolasi untuk diprioritaskan.,mangrove-priority-2016-2025-v0.1
1082,87,MPR-77CE68CB13,Lukit,Merbau,Kepulauan Meranti,0.05,P2,Regenerasi alami terbantu,66.9,56,85,40,tinggi,Kondisi biofisik relatif mendukung pemulihan vegetasi.,mangrove-priority-2016-2025-v0.1
1083,88,MPR-8E05AA998E,Lukit,Merbau,Kepulauan Meranti,0.05,P2,Regenerasi alami terbantu,66.9,56,85,40,tinggi,Kondisi biofisik relatif mendukung pemulihan vegetasi.,mangrove-priority-2016-2025-v0.1
1084,89,MPR-9876F4F9B9,Lukit,Merbau,Kepulauan Meranti,0.05,P2,Regenerasi alami terbantu,66.9,56,85,40,tinggi,Kondisi biofisik relatif mendukung pemulihan vegetasi.,mangrove-priority-2016-2025-v0.1
1085,90,MPR-A0153F1E06,Lukit,Merbau,Kepulauan Meranti,0.05,P2,Regenerasi alami terbantu,66.9,56,85,40,tinggi,Kondisi biofisik relatif mendukung pemulihan vegetasi.,mangrove-priority-2016-2025-v0.1
1086,91,MPR-DC3599FF68,Lukit,Merbau,Kepulauan Meranti,0.05,X,Tidak direkomendasikan,66.9,56,85,40,tinggi,Area terlalu kecil dan terisolasi untuk diprioritaskan.,mangrove-priority-2016-2025-v0.1
1087,92,MPR-DC8056CEF7,Lukit,Merbau,Kepulauan Meranti,0.05,P2,Regenerasi alami terbantu,66.9,56,85,40,tinggi,Kondisi biofisik relatif mendukung pemulihan vegetasi.,mangrove-priority-2016-2025-v0.1
1088,93,MPR-FB36D3056E,Lukit,Merbau,Kepulauan Meranti,0.05,P2,Regenerasi alami terbantu,66.9,56,85,40,tinggi,Kondisi biofisik relatif mendukung pemulihan vegetasi.,mangrove-priority-2016-2025-v0.1
1089,94,MPR-CD1F2BCE14,Lukit,Merbau,Kepulauan Meranti,1.6,P2,Regenerasi alami terbantu,66.8,58,83,42,tinggi,Kondisi biofisik relatif mendukung pemulihan vegetasi.,mangrove-priority-2016-2025-v0.1
1090,95,MPR-8DDC55DFA4,Lukit,Merbau,Kepulauan Meranti,1.55,P2,Regenerasi alami terbantu,66.8,58,83,42,tinggi,Kondisi biofisik relatif mendukung pemulihan vegetasi.,mangrove-priority-2016-2025-v0.1
1091,96,MPR-B6DB65E798,Lukit,Merbau,Kepulauan Meranti,1.33,P2,Regenerasi alami terbantu,66.8,58,83,42,tinggi,Kondisi biofisik relatif mendukung pemulihan vegetasi.,mangrove-priority-2016-2025-v0.1
1092,97,MPR-E62EE28606,Lukit,Merbau,Kepulauan Meranti,1.31,P2,Regenerasi alami terbantu,66.8,58,83,42,tinggi,Kondisi biofisik relatif mendukung pemulihan vegetasi.,mangrove-priority-2016-2025-v0.1
1093,10,MPR-3ACDACE504,Sonde,Rangsang Pesisir,Kepulauan Meranti,1.25,P2,Regenerasi alami terbantu,66.8,53,82,29,tinggi,Kondisi biofisik relatif mendukung pemulihan vegetasi.,mangrove-priority-2016-2025-v0.1
1094,98,MPR-E21DD3E93B,Lukit,Merbau,Kepulauan Meranti,1.06,P2,Regenerasi alami terbantu,66.8,57,84,41,tinggi,Kondisi biofisik relatif mendukung pemulihan vegetasi.,mangrove-priority-2016-2025-v0.1
1095,20,MPR-EF5916B80A,Tanjung Samak,Rangsang,Kepulauan Meranti,0.944,P2,Regenerasi alami terbantu,66.8,51,84,28,tinggi,Kondisi biofisik relatif mendukung pemulihan vegetasi.,mangrove-priority-2016-2025-v0.1
1096,99,MPR-AC5D7BCFA7,Lukit,Merbau,Kepulauan Meranti,0.92,P2,Regenerasi alami terbantu,66.8,57,84,41,tinggi,Kondisi biofisik relatif mendukung pemulihan vegetasi.,mangrove-priority-2016-2025-v0.1
1097,100,MPR-784D2E4CF1,Lukit,Merbau,Kepulauan Meranti,0.88,P2,Regenerasi alami terbantu,66.8,57,84,41,tinggi,Kondisi biofisik relatif mendukung pemulihan vegetasi.,mangrove-priority-2016-2025-v0.1
1098,101,MPR-8A889018FE,Lukit,Merbau,Kepulauan Meranti,0.76,P2,Regenerasi alami terbantu,66.8,57,84,41,tinggi,Kondisi biofisik relatif mendukung pemulihan vegetasi.,mangrove-priority-2016-2025-v0.1
1099,102,MPR-7D9697E4B7,Lukit,Merbau,Kepulauan Meranti,0.64,P2,Regenerasi alami terbantu,66.8,57,84,41,tinggi,Kondisi biofisik relatif mendukung pemulihan vegetasi.,mangrove-priority-2016-2025-v0.1
1100,103,MPR-845D7AC08C,Lukit,Merbau,Kepulauan Meranti,0.64,P2,Regenerasi alami terbantu,66.8,57,84,41,tinggi,Kondisi biofisik relatif mendukung pemulihan vegetasi.,mangrove-priority-2016-2025-v0.1
1101,104,MPR-8DCA006E7C,Lukit,Merbau,Kepulauan Meranti,0.58,P2,Regenerasi alami terbantu,66.8,57,84,41,tinggi,Kondisi biofisik relatif mendukung pemulihan vegetasi.,mangrove-priority-2016-2025-v0.1
1102,105,MPR-86C31497A3,Lukit,Merbau,Kepulauan Meranti,0.53,P2,Regenerasi alami terbantu,66.8,57,84,41,tinggi,Kondisi biofisik relatif mendukung pemulihan vegetasi.,mangrove-priority-2016-2025-v0.1
1103,106,MPR-D544B08BC5,Lukit,Merbau,Kepulauan Meranti,0.51,P2,Regenerasi alami terbantu,66.8,57,84,41,tinggi,Kondisi biofisik relatif mendukung pemulihan vegetasi.,mangrove-priority-2016-2025-v0.1
1104,107,MPR-CE943855F2,Lukit,Merbau,Kepulauan Meranti,0.47,P2,Regenerasi alami terbantu,66.8,57,84,41,tinggi,Kondisi biofisik relatif mendukung pemulihan vegetasi.,mangrove-priority-2016-2025-v0.1
1105,21,MPR-05C9ED3488,Tanjung Samak,Rangsang,Kepulauan Meranti,0.32,P2,Regenerasi alami terbantu,66.8,50,85,27,tinggi,Kondisi biofisik relatif mendukung pemulihan vegetasi.,mangrove-priority-2016-2025-v0.1
1106,22,MPR-A4D6589153,Tanjung Samak,Rangsang,Kepulauan Meranti,0.31,P2,Regenerasi alami terbantu,66.8,50,85,27,tinggi,Kondisi biofisik relatif mendukung pemulihan vegetasi.,mangrove-priority-2016-2025-v0.1
1107,23,MPR-2790EA30A9,Tanjung Samak,Rangsang,Kepulauan Meranti,0.271,P2,Regenerasi alami terbantu,66.8,50,85,27,tinggi,Kondisi biofisik relatif mendukung pemulihan vegetasi.,mangrove-priority-2016-2025-v0.1
1108,24,MPR-8B5D59FC57,Tanjung Samak,Rangsang,Kepulauan Meranti,0.26,P2,Regenerasi alami terbantu,66.8,50,85,27,tinggi,Kondisi biofisik relatif mendukung pemulihan vegetasi.,mangrove-priority-2016-2025-v0.1
1109,1,MPR-5EA7B61186,Sokop,Rangsang Pesisir,Kepulauan Meranti,0.71,P2,Regenerasi alami terbantu,66.7,58,84,44,tinggi,Kondisi biofisik relatif mendukung pemulihan vegetasi.,mangrove-priority-2016-2025-v0.1
1110,2,MPR-7180558101,Sokop,Rangsang Pesisir,Kepulauan Meranti,0.64,P2,Regenerasi alami terbantu,66.7,58,84,44,tinggi,Kondisi biofisik relatif mendukung pemulihan vegetasi.,mangrove-priority-2016-2025-v0.1
1111,3,MPR-D8FE58B96A,Sokop,Rangsang Pesisir,Kepulauan Meranti,0.63,P2,Regenerasi alami terbantu,66.7,58,84,44,tinggi,Kondisi biofisik relatif mendukung pemulihan vegetasi.,mangrove-priority-2016-2025-v0.1
1112,4,MPR-D8EB79FC4E,Sokop,Rangsang Pesisir,Kepulauan Meranti,0.6,P2,Regenerasi alami terbantu,66.7,58,84,44,tinggi,Kondisi biofisik relatif mendukung pemulihan vegetasi.,mangrove-priority-2016-2025-v0.1
1113,5,MPR-993F3CD63E,Sokop,Rangsang Pesisir,Kepulauan Meranti,0.554,P2,Regenerasi alami terbantu,66.7,58,84,44,tinggi,Kondisi biofisik relatif mendukung pemulihan vegetasi.,mangrove-priority-2016-2025-v0.1
1114,6,MPR-889C2E364E,Sokop,Rangsang Pesisir,Kepulauan Meranti,0.55,P2,Regenerasi alami terbantu,66.7,58,84,44,tinggi,Kondisi biofisik relatif mendukung pemulihan vegetasi.,mangrove-priority-2016-2025-v0.1
1115,7,MPR-FD7FCE0CCD,Sokop,Rangsang Pesisir,Kepulauan Meranti,0.55,P2,Regenerasi alami terbantu,66.7,58,84,44,tinggi,Kondisi biofisik relatif mendukung pemulihan vegetasi.,mangrove-priority-2016-2025-v0.1
1116,8,MPR-EFE53C1B9B,Sokop,Rangsang Pesisir,Kepulauan Meranti,0.54,P2,Regenerasi alami terbantu,66.7,58,84,44,tinggi,Kondisi biofisik relatif mendukung pemulihan vegetasi.,mangrove-priority-2016-2025-v0.1
1117,9,MPR-CF45CEBCBF,Sokop,Rangsang Pesisir,Kepulauan Meranti,0.46,P2,Regenerasi alami terbantu,66.7,58,84,44,tinggi,Kondisi biofisik relatif mendukung pemulihan vegetasi.,mangrove-priority-2016-2025-v0.1
1118,10,MPR-CEA5F7F7D1,Sokop,Rangsang Pesisir,Kepulauan Meranti,0.42,P2,Regenerasi alami terbantu,66.7,58,84,44,tinggi,Kondisi biofisik relatif mendukung pemulihan vegetasi.,mangrove-priority-2016-2025-v0.1
1119,108,MPR-A3DA5F2300,Lukit,Merbau,Kepulauan Meranti,0.4,P2,Regenerasi alami terbantu,66.6,56,84,40,tinggi,Kondisi biofisik relatif mendukung pemulihan vegetasi.,mangrove-priority-2016-2025-v0.1
1120,109,MPR-25FDA6CFCD,Lukit,Merbau,Kepulauan Meranti,0.38,P2,Regenerasi alami terbantu,66.6,56,84,40,tinggi,Kondisi biofisik relatif mendukung pemulihan vegetasi.,mangrove-priority-2016-2025-v0.1
1121,110,MPR-8770314B49,Lukit,Merbau,Kepulauan Meranti,0.36,P2,Regenerasi alami terbantu,66.6,56,84,40,tinggi,Kondisi biofisik relatif mendukung pemulihan vegetasi.,mangrove-priority-2016-2025-v0.1
1122,111,MPR-F79D35B6CB,Lukit,Merbau,Kepulauan Meranti,0.36,P2,Regenerasi alami terbantu,66.6,56,84,40,tinggi,Kondisi biofisik relatif mendukung pemulihan vegetasi.,mangrove-priority-2016-2025-v0.1
1123,11,MPR-EBCCC95287,Sokop,Rangsang Pesisir,Kepulauan Meranti,0.3,P2,Regenerasi alami terbantu,66.6,57,85,44,tinggi,Kondisi biofisik relatif mendukung pemulihan vegetasi.,mangrove-priority-2016-2025-v0.1
1124,12,MPR-4031A9D81D,Sokop,Rangsang Pesisir,Kepulauan Meranti,0.29,P2,Regenerasi alami terbantu,66.6,57,85,44,tinggi,Kondisi biofisik relatif mendukung pemulihan vegetasi.,mangrove-priority-2016-2025-v0.1
1125,13,MPR-501EA30701,Sokop,Rangsang Pesisir,Kepulauan Meranti,0.26,P2,Regenerasi alami terbantu,66.6,57,85,44,tinggi,Kondisi biofisik relatif mendukung pemulihan vegetasi.,mangrove-priority-2016-2025-v0.1
1126,14,MPR-6A1C7080BF,Sokop,Rangsang Pesisir,Kepulauan Meranti,0.26,P2,Regenerasi alami terbantu,66.6,57,85,44,tinggi,Kondisi biofisik relatif mendukung pemulihan vegetasi.,mangrove-priority-2016-2025-v0.1
1127,15,MPR-B976964AFA,Sokop,Rangsang Pesisir,Kepulauan Meranti,0.26,P2,Regenerasi alami terbantu,66.6,57,85,44,tinggi,Kondisi biofisik relatif mendukung pemulihan vegetasi.,mangrove-priority-2016-2025-v0.1
1128,16,MPR-3D6F0DC119,Sokop,Rangsang Pesisir,Kepulauan Meranti,0.24,P2,Regenerasi alami terbantu,66.6,57,85,44,tinggi,Kondisi biofisik relatif mendukung pemulihan vegetasi.,mangrove-priority-2016-2025-v0.1
1129,17,MPR-BBB8E44968,Sokop,Rangsang Pesisir,Kepulauan Meranti,0.24,P2,Regenerasi alami terbantu,66.6,57,85,44,tinggi,Kondisi biofisik relatif mendukung pemulihan vegetasi.,mangrove-priority-2016-2025-v0.1
1130,18,MPR-00249CD05F,Sokop,Rangsang Pesisir,Kepulauan Meranti,0.22,P2,Regenerasi alami terbantu,66.6,57,85,44,tinggi,Kondisi biofisik relatif mendukung pemulihan vegetasi.,mangrove-priority-2016-2025-v0.1
1131,19,MPR-3A7DE4B8DE,Sokop,Rangsang Pesisir,Kepulauan Meranti,0.22,P2,Regenerasi alami terbantu,66.6,57,85,44,tinggi,Kondisi biofisik relatif mendukung pemulihan vegetasi.,mangrove-priority-2016-2025-v0.1
1132,20,MPR-A6F7CD333E,Sokop,Rangsang Pesisir,Kepulauan Meranti,0.2,P2,Regenerasi alami terbantu,66.6,57,85,44,tinggi,Kondisi biofisik relatif mendukung pemulihan vegetasi.,mangrove-priority-2016-2025-v0.1
1133,21,MPR-4D60D9D03A,Sokop,Rangsang Pesisir,Kepulauan Meranti,0.19,P2,Regenerasi alami terbantu,66.6,57,85,44,tinggi,Kondisi biofisik relatif mendukung pemulihan vegetasi.,mangrove-priority-2016-2025-v0.1
1134,22,MPR-853CA1F08D,Sokop,Rangsang Pesisir,Kepulauan Meranti,0.18,P2,Regenerasi alami terbantu,66.6,57,85,44,tinggi,Kondisi biofisik relatif mendukung pemulihan vegetasi.,mangrove-priority-2016-2025-v0.1
1135,23,MPR-5197075F11,Sokop,Rangsang Pesisir,Kepulauan Meranti,0.16,P2,Regenerasi alami terbantu,66.6,57,85,44,tinggi,Kondisi biofisik relatif mendukung pemulihan vegetasi.,mangrove-priority-2016-2025-v0.1
1136,24,MPR-23E25D05CF,Sokop,Rangsang Pesisir,Kepulauan Meranti,0.15,P2,Regenerasi alami terbantu,66.6,57,85,44,tinggi,Kondisi biofisik relatif mendukung pemulihan vegetasi.,mangrove-priority-2016-2025-v0.1
1137,25,MPR-2135728B84,Sokop,Rangsang Pesisir,Kepulauan Meranti,0.14,P2,Regenerasi alami terbantu,66.6,57,85,44,tinggi,Kondisi biofisik relatif mendukung pemulihan vegetasi.,mangrove-priority-2016-2025-v0.1
1138,26,MPR-35FABC96DF,Sokop,Rangsang Pesisir,Kepulauan Meranti,0.14,P2,Regenerasi alami terbantu,66.6,57,85,44,tinggi,Kondisi biofisik relatif mendukung pemulihan vegetasi.,mangrove-priority-2016-2025-v0.1
1139,27,MPR-90ABFB79A4,Sokop,Rangsang Pesisir,Kepulauan Meranti,0.12,P2,Regenerasi alami terbantu,66.6,57,85,44,tinggi,Kondisi biofisik relatif mendukung pemulihan vegetasi.,mangrove-priority-2016-2025-v0.1
1140,28,MPR-EF26EA1A09,Sokop,Rangsang Pesisir,Kepulauan Meranti,0.12,P2,Regenerasi alami terbantu,66.6,57,85,44,tinggi,Kondisi biofisik relatif mendukung pemulihan vegetasi.,mangrove-priority-2016-2025-v0.1
1141,29,MPR-2CDE178EF7,Sokop,Rangsang Pesisir,Kepulauan Meranti,0.11,P2,Regenerasi alami terbantu,66.6,57,85,44,tinggi,Kondisi biofisik relatif mendukung pemulihan vegetasi.,mangrove-priority-2016-2025-v0.1
1142,30,MPR-CA539D70C1,Sokop,Rangsang Pesisir,Kepulauan Meranti,0.11,P2,Regenerasi alami terbantu,66.6,57,85,44,tinggi,Kondisi biofisik relatif mendukung pemulihan vegetasi.,mangrove-priority-2016-2025-v0.1
1143,31,MPR-D67D985001,Sokop,Rangsang Pesisir,Kepulauan Meranti,0.11,P2,Regenerasi alami terbantu,66.6,57,85,44,tinggi,Kondisi biofisik relatif mendukung pemulihan vegetasi.,mangrove-priority-2016-2025-v0.1
1144,32,MPR-CE69CE1974,Sokop,Rangsang Pesisir,Kepulauan Meranti,0.1,P2,Regenerasi alami terbantu,66.6,57,85,44,tinggi,Kondisi biofisik relatif mendukung pemulihan vegetasi.,mangrove-priority-2016-2025-v0.1
1145,33,MPR-72D2F35B05,Sokop,Rangsang Pesisir,Kepulauan Meranti,0.09,P2,Regenerasi alami terbantu,66.6,57,85,44,tinggi,Kondisi biofisik relatif mendukung pemulihan vegetasi.,mangrove-priority-2016-2025-v0.1
1146,34,MPR-FD2108BD46,Sokop,Rangsang Pesisir,Kepulauan Meranti,0.084,P2,Regenerasi alami terbantu,66.6,57,85,44,tinggi,Kondisi biofisik relatif mendukung pemulihan vegetasi.,mangrove-priority-2016-2025-v0.1
1147,35,MPR-1073D72957,Sokop,Rangsang Pesisir,Kepulauan Meranti,0.08,P2,Regenerasi alami terbantu,66.6,57,85,44,tinggi,Kondisi biofisik relatif mendukung pemulihan vegetasi.,mangrove-priority-2016-2025-v0.1
1148,36,MPR-192B87D8AB,Sokop,Rangsang Pesisir,Kepulauan Meranti,0.08,P2,Regenerasi alami terbantu,66.6,57,85,44,tinggi,Kondisi biofisik relatif mendukung pemulihan vegetasi.,mangrove-priority-2016-2025-v0.1
1149,37,MPR-1FF9245592,Sokop,Rangsang Pesisir,Kepulauan Meranti,0.08,P2,Regenerasi alami terbantu,66.6,57,85,44,tinggi,Kondisi biofisik relatif mendukung pemulihan vegetasi.,mangrove-priority-2016-2025-v0.1
1150,38,MPR-47AAE70C87,Sokop,Rangsang Pesisir,Kepulauan Meranti,0.08,P2,Regenerasi alami terbantu,66.6,57,85,44,tinggi,Kondisi biofisik relatif mendukung pemulihan vegetasi.,mangrove-priority-2016-2025-v0.1
1151,39,MPR-D48B757615,Sokop,Rangsang Pesisir,Kepulauan Meranti,0.08,P2,Regenerasi alami terbantu,66.6,57,85,44,tinggi,Kondisi biofisik relatif mendukung pemulihan vegetasi.,mangrove-priority-2016-2025-v0.1
1152,40,MPR-DD1F4A42B0,Sokop,Rangsang Pesisir,Kepulauan Meranti,0.08,P2,Regenerasi alami terbantu,66.6,57,85,44,tinggi,Kondisi biofisik relatif mendukung pemulihan vegetasi.,mangrove-priority-2016-2025-v0.1
1153,41,MPR-E9D6B3B546,Sokop,Rangsang Pesisir,Kepulauan Meranti,0.08,P2,Regenerasi alami terbantu,66.6,57,85,44,tinggi,Kondisi biofisik relatif mendukung pemulihan vegetasi.,mangrove-priority-2016-2025-v0.1
1154,42,MPR-F103B0CBBF,Sokop,Rangsang Pesisir,Kepulauan Meranti,0.08,P2,Regenerasi alami terbantu,66.6,57,85,44,tinggi,Kondisi biofisik relatif mendukung pemulihan vegetasi.,mangrove-priority-2016-2025-v0.1
1155,43,MPR-FA3B03EC28,Sokop,Rangsang Pesisir,Kepulauan Meranti,0.08,P2,Regenerasi alami terbantu,66.6,57,85,44,tinggi,Kondisi biofisik relatif mendukung pemulihan vegetasi.,mangrove-priority-2016-2025-v0.1
1156,44,MPR-A346E60236,Sokop,Rangsang Pesisir,Kepulauan Meranti,0.079,P2,Regenerasi alami terbantu,66.6,57,85,44,tinggi,Kondisi biofisik relatif mendukung pemulihan vegetasi.,mangrove-priority-2016-2025-v0.1
1157,45,MPR-0103D77C3F,Sokop,Rangsang Pesisir,Kepulauan Meranti,0.05,P2,Regenerasi alami terbantu,66.6,57,85,44,tinggi,Kondisi biofisik relatif mendukung pemulihan vegetasi.,mangrove-priority-2016-2025-v0.1
1158,46,MPR-1FAFF955CE,Sokop,Rangsang Pesisir,Kepulauan Meranti,0.05,P2,Regenerasi alami terbantu,66.6,57,85,44,tinggi,Kondisi biofisik relatif mendukung pemulihan vegetasi.,mangrove-priority-2016-2025-v0.1
1159,47,MPR-4918FB5C04,Sokop,Rangsang Pesisir,Kepulauan Meranti,0.05,P2,Regenerasi alami terbantu,66.6,57,85,44,tinggi,Kondisi biofisik relatif mendukung pemulihan vegetasi.,mangrove-priority-2016-2025-v0.1
1160,48,MPR-4D46E12062,Sokop,Rangsang Pesisir,Kepulauan Meranti,0.05,P2,Regenerasi alami terbantu,66.6,57,85,44,tinggi,Kondisi biofisik relatif mendukung pemulihan vegetasi.,mangrove-priority-2016-2025-v0.1
1161,49,MPR-94F63656BD,Sokop,Rangsang Pesisir,Kepulauan Meranti,0.05,P2,Regenerasi alami terbantu,66.6,57,85,44,tinggi,Kondisi biofisik relatif mendukung pemulihan vegetasi.,mangrove-priority-2016-2025-v0.1
1162,50,MPR-F5D2171FFC,Sokop,Rangsang Pesisir,Kepulauan Meranti,0.05,P2,Regenerasi alami terbantu,66.6,57,85,44,tinggi,Kondisi biofisik relatif mendukung pemulihan vegetasi.,mangrove-priority-2016-2025-v0.1
1163,23,MPR-11754FF385,Sungai Gayung Kiri,Rangsang,Kepulauan Meranti,7.07,P1,Penanaman aktif,66.5,65,74,43,tinggi,Kebutuhan dan kelayakan relatif tinggi.,mangrove-priority-2016-2025-v0.1
1164,21,MPR-4DD548618C,Tanjung Kedabu,Rangsang Pesisir,Kepulauan Meranti,2.83,P2,Regenerasi alami terbantu,66.5,54,81,31,tinggi,Kondisi biofisik relatif mendukung pemulihan vegetasi.,mangrove-priority-2016-2025-v0.1
1165,112,MPR-5B2B12779F,Lukit,Merbau,Kepulauan Meranti,1.08,P2,Regenerasi alami terbantu,66.5,57,83,41,tinggi,Kondisi biofisik relatif mendukung pemulihan vegetasi.,mangrove-priority-2016-2025-v0.1
1166,51,MPR-DB9EE2EB90,Sokop,Rangsang Pesisir,Kepulauan Meranti,1.02,P2,Regenerasi alami terbantu,66.5,58,84,45,tinggi,Kondisi biofisik relatif mendukung pemulihan vegetasi.,mangrove-priority-2016-2025-v0.1
1167,52,MPR-B4593A3B7B,Sokop,Rangsang Pesisir,Kepulauan Meranti,0.93,P2,Regenerasi alami terbantu,66.5,58,84,45,tinggi,Kondisi biofisik relatif mendukung pemulihan vegetasi.,mangrove-priority-2016-2025-v0.1
1168,53,MPR-AAADF0F02E,Sokop,Rangsang Pesisir,Kepulauan Meranti,0.89,P2,Regenerasi alami terbantu,66.5,58,84,45,tinggi,Kondisi biofisik relatif mendukung pemulihan vegetasi.,mangrove-priority-2016-2025-v0.1
1169,54,MPR-4D37EBCBD0,Sokop,Rangsang Pesisir,Kepulauan Meranti,0.8,P2,Regenerasi alami terbantu,66.5,58,84,45,tinggi,Kondisi biofisik relatif mendukung pemulihan vegetasi.,mangrove-priority-2016-2025-v0.1
1170,55,MPR-54085EEEF0,Sokop,Rangsang Pesisir,Kepulauan Meranti,0.73,P2,Regenerasi alami terbantu,66.5,58,84,45,tinggi,Kondisi biofisik relatif mendukung pemulihan vegetasi.,mangrove-priority-2016-2025-v0.1
1171,25,MPR-1B69475A27,Tanjung Samak,Rangsang,Kepulauan Meranti,0.41,P2,Regenerasi alami terbantu,66.5,50,84,27,tinggi,Kondisi biofisik relatif mendukung pemulihan vegetasi.,mangrove-priority-2016-2025-v0.1
1172,11,MPR-92FF38DA4E,Sonde,Rangsang Pesisir,Kepulauan Meranti,4.36,P2,Regenerasi alami terbantu,66.4,57,78,33,tinggi,Kondisi biofisik relatif mendukung pemulihan vegetasi.,mangrove-priority-2016-2025-v0.1
1173,56,MPR-D26143A26D,Sokop,Rangsang Pesisir,Kepulauan Meranti,1.54,P2,Regenerasi alami terbantu,66.4,59,83,46,tinggi,Kondisi biofisik relatif mendukung pemulihan vegetasi.,mangrove-priority-2016-2025-v0.1
1174,57,MPR-0924270B1D,Sokop,Rangsang Pesisir,Kepulauan Meranti,2.28,P2,Regenerasi alami terbantu,66.3,60,82,47,tinggi,Kondisi biofisik relatif mendukung pemulihan vegetasi.,mangrove-priority-2016-2025-v0.1
1175,58,MPR-F0DC353FD7,Sokop,Rangsang Pesisir,Kepulauan Meranti,2.11,P2,Regenerasi alami terbantu,66.3,60,82,47,tinggi,Kondisi biofisik relatif mendukung pemulihan vegetasi.,mangrove-priority-2016-2025-v0.1
1176,113,MPR-01FF17326A,Lukit,Merbau,Kepulauan Meranti,1.22,P2,Regenerasi alami terbantu,66.3,57,83,42,tinggi,Kondisi biofisik relatif mendukung pemulihan vegetasi.,mangrove-priority-2016-2025-v0.1
1177,1,MPR-A384A11299,Insit,Tebing Tinggi Barat,Kepulauan Meranti,0.16,P2,Regenerasi alami terbantu,66.3,50,83,26,sedang,Kondisi biofisik relatif mendukung pemulihan vegetasi.,mangrove-priority-2016-2025-v0.1
1178,2,MPR-043D7E8BDA,Insit,Tebing Tinggi Barat,Kepulauan Meranti,0.086,P2,Regenerasi alami terbantu,66.3,50,83,26,sedang,Kondisi biofisik relatif mendukung pemulihan vegetasi.,mangrove-priority-2016-2025-v0.1
1179,3,MPR-83ECB1F60B,Insit,Tebing Tinggi Barat,Kepulauan Meranti,0.08,P2,Regenerasi alami terbantu,66.3,50,83,26,sedang,Kondisi biofisik relatif mendukung pemulihan vegetasi.,mangrove-priority-2016-2025-v0.1
1180,4,MPR-91BDB47E64,Insit,Tebing Tinggi Barat,Kepulauan Meranti,0.08,P2,Regenerasi alami terbantu,66.3,50,83,26,sedang,Kondisi biofisik relatif mendukung pemulihan vegetasi.,mangrove-priority-2016-2025-v0.1
1181,5,MPR-00B8F449E0,Insit,Tebing Tinggi Barat,Kepulauan Meranti,0.05,P2,Regenerasi alami terbantu,66.3,50,83,26,sedang,Kondisi biofisik relatif mendukung pemulihan vegetasi.,mangrove-priority-2016-2025-v0.1
1182,6,MPR-20B38A64C8,Insit,Tebing Tinggi Barat,Kepulauan Meranti,0.05,P2,Regenerasi alami terbantu,66.3,50,83,26,sedang,Kondisi biofisik relatif mendukung pemulihan vegetasi.,mangrove-priority-2016-2025-v0.1
1183,7,MPR-3B4544F958,Insit,Tebing Tinggi Barat,Kepulauan Meranti,0.05,P2,Regenerasi alami terbantu,66.3,50,83,26,sedang,Kondisi biofisik relatif mendukung pemulihan vegetasi.,mangrove-priority-2016-2025-v0.1
1184,114,MPR-5022C9EA97,Lukit,Merbau,Kepulauan Meranti,1.89,P2,Regenerasi alami terbantu,66.2,58,82,43,tinggi,Kondisi biofisik relatif mendukung pemulihan vegetasi.,mangrove-priority-2016-2025-v0.1
1185,59,MPR-422D2DBDE4,Sokop,Rangsang Pesisir,Kepulauan Meranti,1.22,P2,Regenerasi alami terbantu,66.2,58,83,45,tinggi,Kondisi biofisik relatif mendukung pemulihan vegetasi.,mangrove-priority-2016-2025-v0.1
1186,8,MPR-DB5C17FC03,Insit,Tebing Tinggi Barat,Kepulauan Meranti,0.66,P2,Regenerasi alami terbantu,66.2,51,82,27,sedang,Kondisi biofisik relatif mendukung pemulihan vegetasi.,mangrove-priority-2016-2025-v0.1
1187,1,MPR-05F39BCA51,Melai,Rangsang Barat,Kepulauan Meranti,0.56,P2,Regenerasi alami terbantu,66.2,49,84,26,sedang,Kondisi biofisik relatif mendukung pemulihan vegetasi.,mangrove-priority-2016-2025-v0.1
1188,9,MPR-C121099EC2,Insit,Tebing Tinggi Barat,Kepulauan Meranti,0.56,P2,Regenerasi alami terbantu,66.2,51,82,27,sedang,Kondisi biofisik relatif mendukung pemulihan vegetasi.,mangrove-priority-2016-2025-v0.1
1189,10,MPR-D6005C97C8,Insit,Tebing Tinggi Barat,Kepulauan Meranti,0.49,P2,Regenerasi alami terbantu,66.2,51,82,27,sedang,Kondisi biofisik relatif mendukung pemulihan vegetasi.,mangrove-priority-2016-2025-v0.1
1190,11,MPR-2EE6722914,Insit,Tebing Tinggi Barat,Kepulauan Meranti,0.46,P2,Regenerasi alami terbantu,66.2,51,82,27,sedang,Kondisi biofisik relatif mendukung pemulihan vegetasi.,mangrove-priority-2016-2025-v0.1
1191,60,MPR-2883A126AA,Sokop,Rangsang Pesisir,Kepulauan Meranti,0.38,P2,Regenerasi alami terbantu,66.2,57,84,44,tinggi,Kondisi biofisik relatif mendukung pemulihan vegetasi.,mangrove-priority-2016-2025-v0.1
1192,2,MPR-2E833D61DE,Melai,Rangsang Barat,Kepulauan Meranti,0.21,P2,Regenerasi alami terbantu,66.1,48,85,26,sedang,Kondisi biofisik relatif mendukung pemulihan vegetasi.,mangrove-priority-2016-2025-v0.1
1193,3,MPR-87D6B3B956,Melai,Rangsang Barat,Kepulauan Meranti,0.12,P2,Regenerasi alami terbantu,66.1,48,85,26,sedang,Kondisi biofisik relatif mendukung pemulihan vegetasi.,mangrove-priority-2016-2025-v0.1
1194,115,MPR-7D3C8D3C70,Lukit,Merbau,Kepulauan Meranti,3.43,P2,Regenerasi alami terbantu,66.0,60,80,45,tinggi,Kondisi biofisik relatif mendukung pemulihan vegetasi.,mangrove-priority-2016-2025-v0.1
1195,61,MPR-2C0EDC339C,Sokop,Rangsang Pesisir,Kepulauan Meranti,1.93,P2,Regenerasi alami terbantu,66.0,59,82,46,tinggi,Kondisi biofisik relatif mendukung pemulihan vegetasi.,mangrove-priority-2016-2025-v0.1
1196,12,MPR-CDC89D0467,Insit,Tebing Tinggi Barat,Kepulauan Meranti,1.59,P2,Regenerasi alami terbantu,66.0,52,81,29,sedang,Kondisi biofisik relatif mendukung pemulihan vegetasi.,mangrove-priority-2016-2025-v0.1
1197,13,MPR-5BE1DDD9E2,Insit,Tebing Tinggi Barat,Kepulauan Meranti,0.98,P2,Regenerasi alami terbantu,66.0,51,82,28,sedang,Kondisi biofisik relatif mendukung pemulihan vegetasi.,mangrove-priority-2016-2025-v0.1
1198,62,MPR-37B35CD1E3,Sokop,Rangsang Pesisir,Kepulauan Meranti,2.64,P2,Regenerasi alami terbantu,65.9,60,81,47,tinggi,Kondisi biofisik relatif mendukung pemulihan vegetasi.,mangrove-priority-2016-2025-v0.1
1199,63,MPR-E5C61D8DB4,Sokop,Rangsang Pesisir,Kepulauan Meranti,2.52,P2,Regenerasi alami terbantu,65.9,60,81,47,tinggi,Kondisi biofisik relatif mendukung pemulihan vegetasi.,mangrove-priority-2016-2025-v0.1
1200,1,MPR-079FFC18A5,Tanjung Padang,Tasik Putri Puyu,Kepulauan Meranti,0.05,P2,Regenerasi alami terbantu,65.9,56,85,45,tinggi,Kondisi biofisik relatif mendukung pemulihan vegetasi.,mangrove-priority-2016-2025-v0.1
1201,2,MPR-0A29CDF97D,Tanjung Padang,Tasik Putri Puyu,Kepulauan Meranti,0.05,P2,Regenerasi alami terbantu,65.9,56,85,45,tinggi,Kondisi biofisik relatif mendukung pemulihan vegetasi.,mangrove-priority-2016-2025-v0.1
1202,3,MPR-45758159A1,Tanjung Padang,Tasik Putri Puyu,Kepulauan Meranti,0.05,P2,Regenerasi alami terbantu,65.9,56,85,45,tinggi,Kondisi biofisik relatif mendukung pemulihan vegetasi.,mangrove-priority-2016-2025-v0.1
1203,4,MPR-93D5ACE26E,Tanjung Padang,Tasik Putri Puyu,Kepulauan Meranti,1.39,P2,Regenerasi alami terbantu,65.8,58,83,47,tinggi,Kondisi biofisik relatif mendukung pemulihan vegetasi.,mangrove-priority-2016-2025-v0.1
1204,5,MPR-86E87034AE,Tanjung Padang,Tasik Putri Puyu,Kepulauan Meranti,0.65,P2,Regenerasi alami terbantu,65.8,57,84,46,tinggi,Kondisi biofisik relatif mendukung pemulihan vegetasi.,mangrove-priority-2016-2025-v0.1
1205,6,MPR-1184D6DB6C,Tanjung Padang,Tasik Putri Puyu,Kepulauan Meranti,0.6,P2,Regenerasi alami terbantu,65.8,57,84,46,tinggi,Kondisi biofisik relatif mendukung pemulihan vegetasi.,mangrove-priority-2016-2025-v0.1
1206,7,MPR-E2A976EAF9,Tanjung Padang,Tasik Putri Puyu,Kepulauan Meranti,0.6,P2,Regenerasi alami terbantu,65.8,57,84,46,tinggi,Kondisi biofisik relatif mendukung pemulihan vegetasi.,mangrove-priority-2016-2025-v0.1
1207,8,MPR-1F579A39B4,Tanjung Padang,Tasik Putri Puyu,Kepulauan Meranti,0.56,P2,Regenerasi alami terbantu,65.8,57,84,46,tinggi,Kondisi biofisik relatif mendukung pemulihan vegetasi.,mangrove-priority-2016-2025-v0.1
1208,1,MPR-B8EF7DB1E8,Permai,Rangsang Barat,Kepulauan Meranti,0.53,P3,Pemulihan hidrologi,65.8,66,67,37,sedang,Kelayakan sedang; konektivitas pasang surut perlu dipulihkan.,mangrove-priority-2016-2025-v0.1
1209,9,MPR-6213DC2AEA,Tanjung Padang,Tasik Putri Puyu,Kepulauan Meranti,0.52,P2,Regenerasi alami terbantu,65.8,57,84,46,tinggi,Kondisi biofisik relatif mendukung pemulihan vegetasi.,mangrove-priority-2016-2025-v0.1
1210,10,MPR-599B707D30,Tanjung Padang,Tasik Putri Puyu,Kepulauan Meranti,0.51,P2,Regenerasi alami terbantu,65.8,57,84,46,tinggi,Kondisi biofisik relatif mendukung pemulihan vegetasi.,mangrove-priority-2016-2025-v0.1
1211,11,MPR-4EE14F77D6,Tanjung Padang,Tasik Putri Puyu,Kepulauan Meranti,0.5,P2,Regenerasi alami terbantu,65.8,57,84,46,tinggi,Kondisi biofisik relatif mendukung pemulihan vegetasi.,mangrove-priority-2016-2025-v0.1
1212,12,MPR-A052BD874E,Tanjung Padang,Tasik Putri Puyu,Kepulauan Meranti,0.49,P2,Regenerasi alami terbantu,65.8,57,84,46,tinggi,Kondisi biofisik relatif mendukung pemulihan vegetasi.,mangrove-priority-2016-2025-v0.1
1213,13,MPR-3FF197DEFD,Tanjung Padang,Tasik Putri Puyu,Kepulauan Meranti,0.48,P2,Regenerasi alami terbantu,65.8,57,84,46,tinggi,Kondisi biofisik relatif mendukung pemulihan vegetasi.,mangrove-priority-2016-2025-v0.1
1214,14,MPR-7F88AE0D8F,Tanjung Padang,Tasik Putri Puyu,Kepulauan Meranti,0.46,P2,Regenerasi alami terbantu,65.8,57,84,46,tinggi,Kondisi biofisik relatif mendukung pemulihan vegetasi.,mangrove-priority-2016-2025-v0.1
1215,2,MPR-A10B47B1C2,Permai,Rangsang Barat,Kepulauan Meranti,0.46,P3,Pemulihan hidrologi,65.8,66,67,37,sedang,Kelayakan sedang; konektivitas pasang surut perlu dipulihkan.,mangrove-priority-2016-2025-v0.1
1216,15,MPR-5F6D56320C,Tanjung Padang,Tasik Putri Puyu,Kepulauan Meranti,0.42,P2,Regenerasi alami terbantu,65.8,57,84,46,tinggi,Kondisi biofisik relatif mendukung pemulihan vegetasi.,mangrove-priority-2016-2025-v0.1
1217,16,MPR-8640FAD415,Tanjung Padang,Tasik Putri Puyu,Kepulauan Meranti,0.34,P2,Regenerasi alami terbantu,65.8,56,85,46,tinggi,Kondisi biofisik relatif mendukung pemulihan vegetasi.,mangrove-priority-2016-2025-v0.1
1218,17,MPR-788310325A,Tanjung Padang,Tasik Putri Puyu,Kepulauan Meranti,0.33,P2,Regenerasi alami terbantu,65.8,56,85,46,tinggi,Kondisi biofisik relatif mendukung pemulihan vegetasi.,mangrove-priority-2016-2025-v0.1
1219,18,MPR-258BD32530,Tanjung Padang,Tasik Putri Puyu,Kepulauan Meranti,0.32,P2,Regenerasi alami terbantu,65.8,56,85,46,tinggi,Kondisi biofisik relatif mendukung pemulihan vegetasi.,mangrove-priority-2016-2025-v0.1
1220,19,MPR-DB74F3F95F,Tanjung Padang,Tasik Putri Puyu,Kepulauan Meranti,0.32,P2,Regenerasi alami terbantu,65.8,56,85,46,tinggi,Kondisi biofisik relatif mendukung pemulihan vegetasi.,mangrove-priority-2016-2025-v0.1
1221,3,MPR-8749F544D8,Permai,Rangsang Barat,Kepulauan Meranti,0.31,P2,Regenerasi alami terbantu,65.8,65,68,36,sedang,Kondisi biofisik relatif mendukung pemulihan vegetasi.,mangrove-priority-2016-2025-v0.1
1222,20,MPR-89E9D57C30,Tanjung Padang,Tasik Putri Puyu,Kepulauan Meranti,0.3,P2,Regenerasi alami terbantu,65.8,56,85,46,tinggi,Kondisi biofisik relatif mendukung pemulihan vegetasi.,mangrove-priority-2016-2025-v0.1
1223,21,MPR-E878EC9230,Tanjung Padang,Tasik Putri Puyu,Kepulauan Meranti,0.3,P2,Regenerasi alami terbantu,65.8,56,85,46,tinggi,Kondisi biofisik relatif mendukung pemulihan vegetasi.,mangrove-priority-2016-2025-v0.1
1224,22,MPR-99C8B003FD,Tanjung Padang,Tasik Putri Puyu,Kepulauan Meranti,0.29,P2,Regenerasi alami terbantu,65.8,56,85,46,tinggi,Kondisi biofisik relatif mendukung pemulihan vegetasi.,mangrove-priority-2016-2025-v0.1
1225,4,MPR-D20985CBF9,Permai,Rangsang Barat,Kepulauan Meranti,0.29,P2,Regenerasi alami terbantu,65.8,65,68,36,sedang,Kondisi biofisik relatif mendukung pemulihan vegetasi.,mangrove-priority-2016-2025-v0.1
1226,23,MPR-F05366BDB7,Tanjung Padang,Tasik Putri Puyu,Kepulauan Meranti,0.29,P2,Regenerasi alami terbantu,65.8,56,85,46,tinggi,Kondisi biofisik relatif mendukung pemulihan vegetasi.,mangrove-priority-2016-2025-v0.1
1227,24,MPR-2BA10420CD,Tanjung Padang,Tasik Putri Puyu,Kepulauan Meranti,0.26,P2,Regenerasi alami terbantu,65.8,56,85,46,tinggi,Kondisi biofisik relatif mendukung pemulihan vegetasi.,mangrove-priority-2016-2025-v0.1
1228,25,MPR-D6BFAC8D30,Tanjung Padang,Tasik Putri Puyu,Kepulauan Meranti,0.26,P2,Regenerasi alami terbantu,65.8,56,85,46,tinggi,Kondisi biofisik relatif mendukung pemulihan vegetasi.,mangrove-priority-2016-2025-v0.1
1229,26,MPR-C38901A679,Tanjung Padang,Tasik Putri Puyu,Kepulauan Meranti,0.25,P2,Regenerasi alami terbantu,65.8,56,85,46,tinggi,Kondisi biofisik relatif mendukung pemulihan vegetasi.,mangrove-priority-2016-2025-v0.1
1230,5,MPR-AF486A3A48,Permai,Rangsang Barat,Kepulauan Meranti,0.245,P2,Regenerasi alami terbantu,65.8,65,68,36,sedang,Kondisi biofisik relatif mendukung pemulihan vegetasi.,mangrove-priority-2016-2025-v0.1
1231,27,MPR-E10ACDF749,Tanjung Padang,Tasik Putri Puyu,Kepulauan Meranti,0.24,P2,Regenerasi alami terbantu,65.8,56,85,46,tinggi,Kondisi biofisik relatif mendukung pemulihan vegetasi.,mangrove-priority-2016-2025-v0.1
1232,28,MPR-C4A4E5BDC6,Tanjung Padang,Tasik Putri Puyu,Kepulauan Meranti,0.23,P2,Regenerasi alami terbantu,65.8,56,85,46,tinggi,Kondisi biofisik relatif mendukung pemulihan vegetasi.,mangrove-priority-2016-2025-v0.1
1233,6,MPR-1432379ACC,Permai,Rangsang Barat,Kepulauan Meranti,0.22,P2,Regenerasi alami terbantu,65.8,65,68,36,sedang,Kondisi biofisik relatif mendukung pemulihan vegetasi.,mangrove-priority-2016-2025-v0.1
1234,29,MPR-B27D65E660,Tanjung Padang,Tasik Putri Puyu,Kepulauan Meranti,0.22,P2,Regenerasi alami terbantu,65.8,56,85,46,tinggi,Kondisi biofisik relatif mendukung pemulihan vegetasi.,mangrove-priority-2016-2025-v0.1
1235,7,MPR-DDDF9DB269,Permai,Rangsang Barat,Kepulauan Meranti,0.21,P2,Regenerasi alami terbantu,65.8,65,68,36,sedang,Kondisi biofisik relatif mendukung pemulihan vegetasi.,mangrove-priority-2016-2025-v0.1
1236,30,MPR-F1FF18BFD1,Tanjung Padang,Tasik Putri Puyu,Kepulauan Meranti,0.21,P2,Regenerasi alami terbantu,65.8,56,85,46,tinggi,Kondisi biofisik relatif mendukung pemulihan vegetasi.,mangrove-priority-2016-2025-v0.1
1237,31,MPR-6279142CD6,Tanjung Padang,Tasik Putri Puyu,Kepulauan Meranti,0.2,P2,Regenerasi alami terbantu,65.8,56,85,46,tinggi,Kondisi biofisik relatif mendukung pemulihan vegetasi.,mangrove-priority-2016-2025-v0.1
1238,32,MPR-133C3CF9C2,Tanjung Padang,Tasik Putri Puyu,Kepulauan Meranti,0.19,P2,Regenerasi alami terbantu,65.8,56,85,46,tinggi,Kondisi biofisik relatif mendukung pemulihan vegetasi.,mangrove-priority-2016-2025-v0.1
1239,8,MPR-C6423A3A9A,Permai,Rangsang Barat,Kepulauan Meranti,0.19,P2,Regenerasi alami terbantu,65.8,65,68,36,sedang,Kondisi biofisik relatif mendukung pemulihan vegetasi.,mangrove-priority-2016-2025-v0.1
1240,33,MPR-164F5AA322,Tanjung Padang,Tasik Putri Puyu,Kepulauan Meranti,0.18,P2,Regenerasi alami terbantu,65.8,56,85,46,tinggi,Kondisi biofisik relatif mendukung pemulihan vegetasi.,mangrove-priority-2016-2025-v0.1
1241,34,MPR-46F7D41154,Tanjung Padang,Tasik Putri Puyu,Kepulauan Meranti,0.18,P2,Regenerasi alami terbantu,65.8,56,85,46,tinggi,Kondisi biofisik relatif mendukung pemulihan vegetasi.,mangrove-priority-2016-2025-v0.1
1242,35,MPR-00ADE9D5D6,Tanjung Padang,Tasik Putri Puyu,Kepulauan Meranti,0.17,P2,Regenerasi alami terbantu,65.8,56,85,46,tinggi,Kondisi biofisik relatif mendukung pemulihan vegetasi.,mangrove-priority-2016-2025-v0.1
1243,36,MPR-7B8E8565B3,Tanjung Padang,Tasik Putri Puyu,Kepulauan Meranti,0.17,P2,Regenerasi alami terbantu,65.8,56,85,46,tinggi,Kondisi biofisik relatif mendukung pemulihan vegetasi.,mangrove-priority-2016-2025-v0.1
1244,37,MPR-07DCDCA702,Tanjung Padang,Tasik Putri Puyu,Kepulauan Meranti,0.16,P2,Regenerasi alami terbantu,65.8,56,85,46,tinggi,Kondisi biofisik relatif mendukung pemulihan vegetasi.,mangrove-priority-2016-2025-v0.1
1245,38,MPR-C7D1C6AF97,Tanjung Padang,Tasik Putri Puyu,Kepulauan Meranti,0.16,P2,Regenerasi alami terbantu,65.8,56,85,46,tinggi,Kondisi biofisik relatif mendukung pemulihan vegetasi.,mangrove-priority-2016-2025-v0.1
1246,39,MPR-C942A584A1,Tanjung Padang,Tasik Putri Puyu,Kepulauan Meranti,0.16,P2,Regenerasi alami terbantu,65.8,56,85,46,tinggi,Kondisi biofisik relatif mendukung pemulihan vegetasi.,mangrove-priority-2016-2025-v0.1
1247,9,MPR-FA90382C26,Permai,Rangsang Barat,Kepulauan Meranti,0.154,P2,Regenerasi alami terbantu,65.8,65,68,36,sedang,Kondisi biofisik relatif mendukung pemulihan vegetasi.,mangrove-priority-2016-2025-v0.1
1248,10,MPR-14B64E33A9,Permai,Rangsang Barat,Kepulauan Meranti,0.143,P2,Regenerasi alami terbantu,65.8,65,68,36,sedang,Kondisi biofisik relatif mendukung pemulihan vegetasi.,mangrove-priority-2016-2025-v0.1
1249,40,MPR-0C0CFB5D3D,Tanjung Padang,Tasik Putri Puyu,Kepulauan Meranti,0.14,P2,Regenerasi alami terbantu,65.8,56,85,46,tinggi,Kondisi biofisik relatif mendukung pemulihan vegetasi.,mangrove-priority-2016-2025-v0.1
1250,41,MPR-7724905D86,Tanjung Padang,Tasik Putri Puyu,Kepulauan Meranti,0.14,P2,Regenerasi alami terbantu,65.8,56,85,46,tinggi,Kondisi biofisik relatif mendukung pemulihan vegetasi.,mangrove-priority-2016-2025-v0.1
1251,42,MPR-82AB34C6B5,Tanjung Padang,Tasik Putri Puyu,Kepulauan Meranti,0.14,P2,Regenerasi alami terbantu,65.8,56,85,46,tinggi,Kondisi biofisik relatif mendukung pemulihan vegetasi.,mangrove-priority-2016-2025-v0.1
1252,43,MPR-93DE11D228,Tanjung Padang,Tasik Putri Puyu,Kepulauan Meranti,0.14,P2,Regenerasi alami terbantu,65.8,56,85,46,tinggi,Kondisi biofisik relatif mendukung pemulihan vegetasi.,mangrove-priority-2016-2025-v0.1
1253,11,MPR-5DFBEC3894,Permai,Rangsang Barat,Kepulauan Meranti,0.138,P2,Regenerasi alami terbantu,65.8,65,68,36,sedang,Kondisi biofisik relatif mendukung pemulihan vegetasi.,mangrove-priority-2016-2025-v0.1
1254,44,MPR-51895A82D2,Tanjung Padang,Tasik Putri Puyu,Kepulauan Meranti,0.13,P2,Regenerasi alami terbantu,65.8,56,85,46,tinggi,Kondisi biofisik relatif mendukung pemulihan vegetasi.,mangrove-priority-2016-2025-v0.1
1255,45,MPR-8D10F2B134,Tanjung Padang,Tasik Putri Puyu,Kepulauan Meranti,0.13,P2,Regenerasi alami terbantu,65.8,56,85,46,tinggi,Kondisi biofisik relatif mendukung pemulihan vegetasi.,mangrove-priority-2016-2025-v0.1
1256,46,MPR-FC50FDBADA,Tanjung Padang,Tasik Putri Puyu,Kepulauan Meranti,0.12,P2,Regenerasi alami terbantu,65.8,56,85,46,tinggi,Kondisi biofisik relatif mendukung pemulihan vegetasi.,mangrove-priority-2016-2025-v0.1
1257,47,MPR-FCE6C8FB23,Tanjung Padang,Tasik Putri Puyu,Kepulauan Meranti,0.12,P2,Regenerasi alami terbantu,65.8,56,85,46,tinggi,Kondisi biofisik relatif mendukung pemulihan vegetasi.,mangrove-priority-2016-2025-v0.1
1258,12,MPR-B53E28AA72,Permai,Rangsang Barat,Kepulauan Meranti,0.115,P2,Regenerasi alami terbantu,65.8,65,68,36,sedang,Kondisi biofisik relatif mendukung pemulihan vegetasi.,mangrove-priority-2016-2025-v0.1
1259,48,MPR-07238AD897,Tanjung Padang,Tasik Putri Puyu,Kepulauan Meranti,0.11,P2,Regenerasi alami terbantu,65.8,56,85,46,tinggi,Kondisi biofisik relatif mendukung pemulihan vegetasi.,mangrove-priority-2016-2025-v0.1
1260,49,MPR-20583DABAE,Tanjung Padang,Tasik Putri Puyu,Kepulauan Meranti,0.11,P2,Regenerasi alami terbantu,65.8,56,85,46,tinggi,Kondisi biofisik relatif mendukung pemulihan vegetasi.,mangrove-priority-2016-2025-v0.1
1261,50,MPR-4F7AFB5FF7,Tanjung Padang,Tasik Putri Puyu,Kepulauan Meranti,0.11,P2,Regenerasi alami terbantu,65.8,56,85,46,tinggi,Kondisi biofisik relatif mendukung pemulihan vegetasi.,mangrove-priority-2016-2025-v0.1
1262,13,MPR-650A510F01,Permai,Rangsang Barat,Kepulauan Meranti,0.11,P2,Regenerasi alami terbantu,65.8,65,68,36,sedang,Kondisi biofisik relatif mendukung pemulihan vegetasi.,mangrove-priority-2016-2025-v0.1
1263,51,MPR-6725ED8843,Tanjung Padang,Tasik Putri Puyu,Kepulauan Meranti,0.11,P2,Regenerasi alami terbantu,65.8,56,85,46,tinggi,Kondisi biofisik relatif mendukung pemulihan vegetasi.,mangrove-priority-2016-2025-v0.1
1264,52,MPR-77A1FC601E,Tanjung Padang,Tasik Putri Puyu,Kepulauan Meranti,0.11,P2,Regenerasi alami terbantu,65.8,56,85,46,tinggi,Kondisi biofisik relatif mendukung pemulihan vegetasi.,mangrove-priority-2016-2025-v0.1
1265,14,MPR-93344477DA,Permai,Rangsang Barat,Kepulauan Meranti,0.11,P2,Regenerasi alami terbantu,65.8,65,68,36,sedang,Kondisi biofisik relatif mendukung pemulihan vegetasi.,mangrove-priority-2016-2025-v0.1
1266,53,MPR-C02D792D84,Tanjung Padang,Tasik Putri Puyu,Kepulauan Meranti,0.11,P2,Regenerasi alami terbantu,65.8,56,85,46,tinggi,Kondisi biofisik relatif mendukung pemulihan vegetasi.,mangrove-priority-2016-2025-v0.1
1267,54,MPR-14ED93FAFE,Tanjung Padang,Tasik Putri Puyu,Kepulauan Meranti,0.1,P2,Regenerasi alami terbantu,65.8,56,85,46,tinggi,Kondisi biofisik relatif mendukung pemulihan vegetasi.,mangrove-priority-2016-2025-v0.1
1268,55,MPR-16B8402A3B,Tanjung Padang,Tasik Putri Puyu,Kepulauan Meranti,0.1,P2,Regenerasi alami terbantu,65.8,56,85,46,tinggi,Kondisi biofisik relatif mendukung pemulihan vegetasi.,mangrove-priority-2016-2025-v0.1
1269,56,MPR-38261D8A60,Tanjung Padang,Tasik Putri Puyu,Kepulauan Meranti,0.1,P2,Regenerasi alami terbantu,65.8,56,85,46,tinggi,Kondisi biofisik relatif mendukung pemulihan vegetasi.,mangrove-priority-2016-2025-v0.1
1270,57,MPR-6B1149E704,Tanjung Padang,Tasik Putri Puyu,Kepulauan Meranti,0.1,P2,Regenerasi alami terbantu,65.8,56,85,46,tinggi,Kondisi biofisik relatif mendukung pemulihan vegetasi.,mangrove-priority-2016-2025-v0.1
1271,15,MPR-6FED95C8B5,Permai,Rangsang Barat,Kepulauan Meranti,0.1,P2,Regenerasi alami terbantu,65.8,65,68,36,sedang,Kondisi biofisik relatif mendukung pemulihan vegetasi.,mangrove-priority-2016-2025-v0.1
1272,58,MPR-9E7E93CE74,Tanjung Padang,Tasik Putri Puyu,Kepulauan Meranti,0.1,P2,Regenerasi alami terbantu,65.8,56,85,46,tinggi,Kondisi biofisik relatif mendukung pemulihan vegetasi.,mangrove-priority-2016-2025-v0.1
1273,16,MPR-ADC4B131BA,Permai,Rangsang Barat,Kepulauan Meranti,0.1,P2,Regenerasi alami terbantu,65.8,65,68,36,sedang,Kondisi biofisik relatif mendukung pemulihan vegetasi.,mangrove-priority-2016-2025-v0.1
1274,59,MPR-C09C19F38E,Tanjung Padang,Tasik Putri Puyu,Kepulauan Meranti,0.1,P2,Regenerasi alami terbantu,65.8,56,85,46,tinggi,Kondisi biofisik relatif mendukung pemulihan vegetasi.,mangrove-priority-2016-2025-v0.1
1275,17,MPR-2C9FD34D76,Permai,Rangsang Barat,Kepulauan Meranti,0.096,P2,Regenerasi alami terbantu,65.8,65,68,36,sedang,Kondisi biofisik relatif mendukung pemulihan vegetasi.,mangrove-priority-2016-2025-v0.1
1276,18,MPR-DA02D2DB5B,Permai,Rangsang Barat,Kepulauan Meranti,0.09,P2,Regenerasi alami terbantu,65.8,65,68,36,sedang,Kondisi biofisik relatif mendukung pemulihan vegetasi.,mangrove-priority-2016-2025-v0.1
1277,19,MPR-F608BFBA53,Permai,Rangsang Barat,Kepulauan Meranti,0.082,P2,Regenerasi alami terbantu,65.8,65,68,36,sedang,Kondisi biofisik relatif mendukung pemulihan vegetasi.,mangrove-priority-2016-2025-v0.1
1278,60,MPR-14E0C50837,Tanjung Padang,Tasik Putri Puyu,Kepulauan Meranti,0.08,P2,Regenerasi alami terbantu,65.8,56,85,46,tinggi,Kondisi biofisik relatif mendukung pemulihan vegetasi.,mangrove-priority-2016-2025-v0.1
1279,20,MPR-2A8D10B596,Permai,Rangsang Barat,Kepulauan Meranti,0.08,P2,Regenerasi alami terbantu,65.8,65,68,36,sedang,Kondisi biofisik relatif mendukung pemulihan vegetasi.,mangrove-priority-2016-2025-v0.1
1280,61,MPR-4ACAE7649E,Tanjung Padang,Tasik Putri Puyu,Kepulauan Meranti,0.08,P2,Regenerasi alami terbantu,65.8,56,85,46,tinggi,Kondisi biofisik relatif mendukung pemulihan vegetasi.,mangrove-priority-2016-2025-v0.1
1281,21,MPR-552F3971A8,Permai,Rangsang Barat,Kepulauan Meranti,0.08,P2,Regenerasi alami terbantu,65.8,65,68,36,sedang,Kondisi biofisik relatif mendukung pemulihan vegetasi.,mangrove-priority-2016-2025-v0.1
1282,22,MPR-9B63FC9D9F,Permai,Rangsang Barat,Kepulauan Meranti,0.08,P2,Regenerasi alami terbantu,65.8,65,68,36,sedang,Kondisi biofisik relatif mendukung pemulihan vegetasi.,mangrove-priority-2016-2025-v0.1
1283,23,MPR-A3DE07222B,Permai,Rangsang Barat,Kepulauan Meranti,0.08,P2,Regenerasi alami terbantu,65.8,65,68,36,sedang,Kondisi biofisik relatif mendukung pemulihan vegetasi.,mangrove-priority-2016-2025-v0.1
1284,62,MPR-A4DBB71E79,Tanjung Padang,Tasik Putri Puyu,Kepulauan Meranti,0.08,P2,Regenerasi alami terbantu,65.8,56,85,46,tinggi,Kondisi biofisik relatif mendukung pemulihan vegetasi.,mangrove-priority-2016-2025-v0.1
1285,63,MPR-DC7324D4DA,Tanjung Padang,Tasik Putri Puyu,Kepulauan Meranti,0.08,P2,Regenerasi alami terbantu,65.8,56,85,46,tinggi,Kondisi biofisik relatif mendukung pemulihan vegetasi.,mangrove-priority-2016-2025-v0.1
1286,24,MPR-8EBE5F49AA,Permai,Rangsang Barat,Kepulauan Meranti,0.078,P2,Regenerasi alami terbantu,65.8,65,68,36,sedang,Kondisi biofisik relatif mendukung pemulihan vegetasi.,mangrove-priority-2016-2025-v0.1
1287,25,MPR-4669E3959C,Permai,Rangsang Barat,Kepulauan Meranti,0.073,P2,Regenerasi alami terbantu,65.8,65,68,36,sedang,Kondisi biofisik relatif mendukung pemulihan vegetasi.,mangrove-priority-2016-2025-v0.1
1288,26,MPR-BAD8BFFCFC,Permai,Rangsang Barat,Kepulauan Meranti,0.072,P2,Regenerasi alami terbantu,65.8,65,68,36,sedang,Kondisi biofisik relatif mendukung pemulihan vegetasi.,mangrove-priority-2016-2025-v0.1
1289,27,MPR-E56E9D7B4B,Permai,Rangsang Barat,Kepulauan Meranti,0.055,P2,Regenerasi alami terbantu,65.8,65,68,36,sedang,Kondisi biofisik relatif mendukung pemulihan vegetasi.,mangrove-priority-2016-2025-v0.1
1290,28,MPR-607CFC5689,Permai,Rangsang Barat,Kepulauan Meranti,0.05,P2,Regenerasi alami terbantu,65.8,65,68,36,sedang,Kondisi biofisik relatif mendukung pemulihan vegetasi.,mangrove-priority-2016-2025-v0.1
1291,29,MPR-EB1B86D9DC,Permai,Rangsang Barat,Kepulauan Meranti,0.05,P2,Regenerasi alami terbantu,65.8,65,68,36,sedang,Kondisi biofisik relatif mendukung pemulihan vegetasi.,mangrove-priority-2016-2025-v0.1
1292,64,MPR-7E285B2560,Sokop,Rangsang Pesisir,Kepulauan Meranti,3.71,P2,Regenerasi alami terbantu,65.7,61,80,49,tinggi,Kondisi biofisik relatif mendukung pemulihan vegetasi.,mangrove-priority-2016-2025-v0.1
1293,30,MPR-44F71C9A1E,Permai,Rangsang Barat,Kepulauan Meranti,1.29,P3,Pemulihan hidrologi,65.7,67,66,38,sedang,Kelayakan sedang; konektivitas pasang surut perlu dipulihkan.,mangrove-priority-2016-2025-v0.1
1294,64,MPR-EBF17AE154,Tanjung Padang,Tasik Putri Puyu,Kepulauan Meranti,1.04,P2,Regenerasi alami terbantu,65.7,57,84,47,tinggi,Kondisi biofisik relatif mendukung pemulihan vegetasi.,mangrove-priority-2016-2025-v0.1
1295,65,MPR-D0090F872F,Tanjung Padang,Tasik Putri Puyu,Kepulauan Meranti,0.99,P2,Regenerasi alami terbantu,65.7,57,84,47,tinggi,Kondisi biofisik relatif mendukung pemulihan vegetasi.,mangrove-priority-2016-2025-v0.1
1296,66,MPR-EC5205DEC6,Tanjung Padang,Tasik Putri Puyu,Kepulauan Meranti,0.93,P2,Regenerasi alami terbantu,65.7,57,84,47,tinggi,Kondisi biofisik relatif mendukung pemulihan vegetasi.,mangrove-priority-2016-2025-v0.1
1297,67,MPR-0F13151B44,Tanjung Padang,Tasik Putri Puyu,Kepulauan Meranti,0.88,P2,Regenerasi alami terbantu,65.7,57,84,47,tinggi,Kondisi biofisik relatif mendukung pemulihan vegetasi.,mangrove-priority-2016-2025-v0.1
1298,68,MPR-16C6A0C5A4,Tanjung Padang,Tasik Putri Puyu,Kepulauan Meranti,0.86,P2,Regenerasi alami terbantu,65.7,57,84,47,tinggi,Kondisi biofisik relatif mendukung pemulihan vegetasi.,mangrove-priority-2016-2025-v0.1
1299,69,MPR-DF46D2F623,Tanjung Padang,Tasik Putri Puyu,Kepulauan Meranti,0.79,P2,Regenerasi alami terbantu,65.7,57,84,47,tinggi,Kondisi biofisik relatif mendukung pemulihan vegetasi.,mangrove-priority-2016-2025-v0.1
1300,31,MPR-D0D0CF0591,Permai,Rangsang Barat,Kepulauan Meranti,0.343,P2,Regenerasi alami terbantu,65.7,65,68,37,sedang,Kondisi biofisik relatif mendukung pemulihan vegetasi.,mangrove-priority-2016-2025-v0.1
1301,43,MPR-DEAE93935E,Beting,Rangsang Pesisir,Kepulauan Meranti,11.86,P2,Regenerasi alami terbantu,65.6,72,68,53,tinggi,Kondisi biofisik relatif mendukung pemulihan vegetasi.,mangrove-priority-2016-2025-v0.1
1302,1,MPR-1958D25F38,Tanjung Gemuk,Rangsang,Kepulauan Meranti,0.25,P1,Penanaman aktif,65.6,66,75,52,tinggi,Kebutuhan dan kelayakan relatif tinggi.,mangrove-priority-2016-2025-v0.1
1303,2,MPR-82B9CC22C0,Tanjung Gemuk,Rangsang,Kepulauan Meranti,0.24,P1,Penanaman aktif,65.6,66,75,52,tinggi,Kebutuhan dan kelayakan relatif tinggi.,mangrove-priority-2016-2025-v0.1
1304,3,MPR-0DDFB0F397,Tanjung Gemuk,Rangsang,Kepulauan Meranti,0.21,P1,Penanaman aktif,65.6,66,75,52,tinggi,Kebutuhan dan kelayakan relatif tinggi.,mangrove-priority-2016-2025-v0.1
1305,4,MPR-D31E4A4B3D,Tanjung Gemuk,Rangsang,Kepulauan Meranti,0.21,P1,Penanaman aktif,65.6,66,75,52,tinggi,Kebutuhan dan kelayakan relatif tinggi.,mangrove-priority-2016-2025-v0.1
1306,5,MPR-44393DDB44,Tanjung Gemuk,Rangsang,Kepulauan Meranti,0.2,P1,Penanaman aktif,65.6,66,75,52,tinggi,Kebutuhan dan kelayakan relatif tinggi.,mangrove-priority-2016-2025-v0.1
1307,6,MPR-A5ACC710A4,Tanjung Gemuk,Rangsang,Kepulauan Meranti,0.19,P1,Penanaman aktif,65.6,66,75,52,tinggi,Kebutuhan dan kelayakan relatif tinggi.,mangrove-priority-2016-2025-v0.1
1308,7,MPR-B86659541F,Tanjung Gemuk,Rangsang,Kepulauan Meranti,0.17,P1,Penanaman aktif,65.6,66,75,52,tinggi,Kebutuhan dan kelayakan relatif tinggi.,mangrove-priority-2016-2025-v0.1
1309,8,MPR-2674A693D8,Tanjung Gemuk,Rangsang,Kepulauan Meranti,0.16,P1,Penanaman aktif,65.6,66,75,52,tinggi,Kebutuhan dan kelayakan relatif tinggi.,mangrove-priority-2016-2025-v0.1
1310,9,MPR-7E5BF300D5,Tanjung Gemuk,Rangsang,Kepulauan Meranti,0.14,P1,Penanaman aktif,65.6,66,75,52,tinggi,Kebutuhan dan kelayakan relatif tinggi.,mangrove-priority-2016-2025-v0.1
1311,10,MPR-63CC42FA7B,Tanjung Gemuk,Rangsang,Kepulauan Meranti,0.13,P1,Penanaman aktif,65.6,66,75,52,tinggi,Kebutuhan dan kelayakan relatif tinggi.,mangrove-priority-2016-2025-v0.1
1312,11,MPR-DD45BAE7A7,Tanjung Gemuk,Rangsang,Kepulauan Meranti,0.11,P1,Penanaman aktif,65.6,66,75,52,tinggi,Kebutuhan dan kelayakan relatif tinggi.,mangrove-priority-2016-2025-v0.1
1313,12,MPR-E2A27978D4,Tanjung Gemuk,Rangsang,Kepulauan Meranti,0.11,P1,Penanaman aktif,65.6,66,75,52,tinggi,Kebutuhan dan kelayakan relatif tinggi.,mangrove-priority-2016-2025-v0.1
1314,13,MPR-FC4B00E39F,Tanjung Gemuk,Rangsang,Kepulauan Meranti,0.11,P1,Penanaman aktif,65.6,66,75,52,tinggi,Kebutuhan dan kelayakan relatif tinggi.,mangrove-priority-2016-2025-v0.1
1315,14,MPR-2EE05FF797,Tanjung Gemuk,Rangsang,Kepulauan Meranti,0.1,P1,Penanaman aktif,65.6,66,75,52,tinggi,Kebutuhan dan kelayakan relatif tinggi.,mangrove-priority-2016-2025-v0.1
1316,15,MPR-B0F0F24917,Tanjung Gemuk,Rangsang,Kepulauan Meranti,0.1,P1,Penanaman aktif,65.6,66,75,52,tinggi,Kebutuhan dan kelayakan relatif tinggi.,mangrove-priority-2016-2025-v0.1
1317,16,MPR-C4B39211B0,Tanjung Gemuk,Rangsang,Kepulauan Meranti,0.1,P1,Penanaman aktif,65.6,66,75,52,tinggi,Kebutuhan dan kelayakan relatif tinggi.,mangrove-priority-2016-2025-v0.1
1318,17,MPR-FBF04D7281,Tanjung Gemuk,Rangsang,Kepulauan Meranti,0.1,P1,Penanaman aktif,65.6,66,75,52,tinggi,Kebutuhan dan kelayakan relatif tinggi.,mangrove-priority-2016-2025-v0.1
1319,18,MPR-D63EFCE668,Tanjung Gemuk,Rangsang,Kepulauan Meranti,0.096,P1,Penanaman aktif,65.6,66,75,52,tinggi,Kebutuhan dan kelayakan relatif tinggi.,mangrove-priority-2016-2025-v0.1
1320,19,MPR-3F91FEB349,Tanjung Gemuk,Rangsang,Kepulauan Meranti,0.095,P1,Penanaman aktif,65.6,66,75,52,tinggi,Kebutuhan dan kelayakan relatif tinggi.,mangrove-priority-2016-2025-v0.1
1321,20,MPR-1C831FF640,Tanjung Gemuk,Rangsang,Kepulauan Meranti,0.08,P1,Penanaman aktif,65.6,66,75,52,tinggi,Kebutuhan dan kelayakan relatif tinggi.,mangrove-priority-2016-2025-v0.1
1322,21,MPR-5D6A6163C7,Tanjung Gemuk,Rangsang,Kepulauan Meranti,0.08,P1,Penanaman aktif,65.6,66,75,52,tinggi,Kebutuhan dan kelayakan relatif tinggi.,mangrove-priority-2016-2025-v0.1
1323,22,MPR-D581207ABC,Tanjung Gemuk,Rangsang,Kepulauan Meranti,0.08,P1,Penanaman aktif,65.6,66,75,52,tinggi,Kebutuhan dan kelayakan relatif tinggi.,mangrove-priority-2016-2025-v0.1
1324,23,MPR-58903E82F1,Tanjung Gemuk,Rangsang,Kepulauan Meranti,0.069,P1,Penanaman aktif,65.6,66,75,52,tinggi,Kebutuhan dan kelayakan relatif tinggi.,mangrove-priority-2016-2025-v0.1
1325,24,MPR-B045CC9E59,Tanjung Gemuk,Rangsang,Kepulauan Meranti,0.067,P1,Penanaman aktif,65.6,66,75,52,tinggi,Kebutuhan dan kelayakan relatif tinggi.,mangrove-priority-2016-2025-v0.1
1326,25,MPR-817059742F,Tanjung Gemuk,Rangsang,Kepulauan Meranti,0.055,P1,Penanaman aktif,65.6,66,75,52,tinggi,Kebutuhan dan kelayakan relatif tinggi.,mangrove-priority-2016-2025-v0.1
1327,26,MPR-2779E46DDD,Tanjung Gemuk,Rangsang,Kepulauan Meranti,0.05,P1,Penanaman aktif,65.6,66,75,52,tinggi,Kebutuhan dan kelayakan relatif tinggi.,mangrove-priority-2016-2025-v0.1
1328,27,MPR-50FA83F7DC,Tanjung Gemuk,Rangsang,Kepulauan Meranti,0.05,P1,Penanaman aktif,65.6,66,75,52,tinggi,Kebutuhan dan kelayakan relatif tinggi.,mangrove-priority-2016-2025-v0.1
1329,65,MPR-8F936BAE7D,Sokop,Rangsang Pesisir,Kepulauan Meranti,4.91,P2,Regenerasi alami terbantu,65.5,63,78,51,tinggi,Kondisi biofisik relatif mendukung pemulihan vegetasi.,mangrove-priority-2016-2025-v0.1
1330,70,MPR-0FB6282868,Tanjung Padang,Tasik Putri Puyu,Kepulauan Meranti,2.26,P2,Regenerasi alami terbantu,65.5,59,82,49,tinggi,Kondisi biofisik relatif mendukung pemulihan vegetasi.,mangrove-priority-2016-2025-v0.1
1331,71,MPR-9C6388F5A2,Tanjung Padang,Tasik Putri Puyu,Kepulauan Meranti,1.63,P2,Regenerasi alami terbantu,65.5,58,83,48,tinggi,Kondisi biofisik relatif mendukung pemulihan vegetasi.,mangrove-priority-2016-2025-v0.1
1332,72,MPR-025442530B,Tanjung Padang,Tasik Putri Puyu,Kepulauan Meranti,1.55,P2,Regenerasi alami terbantu,65.5,58,83,48,tinggi,Kondisi biofisik relatif mendukung pemulihan vegetasi.,mangrove-priority-2016-2025-v0.1
1333,73,MPR-ED8559B34F,Tanjung Padang,Tasik Putri Puyu,Kepulauan Meranti,1.55,P2,Regenerasi alami terbantu,65.5,58,83,48,tinggi,Kondisi biofisik relatif mendukung pemulihan vegetasi.,mangrove-priority-2016-2025-v0.1
1334,74,MPR-F909F1FA29,Tanjung Padang,Tasik Putri Puyu,Kepulauan Meranti,1.51,P2,Regenerasi alami terbantu,65.5,58,83,48,tinggi,Kondisi biofisik relatif mendukung pemulihan vegetasi.,mangrove-priority-2016-2025-v0.1
1335,32,MPR-99166AAE8A,Permai,Rangsang Barat,Kepulauan Meranti,0.98,P3,Pemulihan hidrologi,65.5,66,67,38,sedang,Kelayakan sedang; konektivitas pasang surut perlu dipulihkan.,mangrove-priority-2016-2025-v0.1
1336,28,MPR-B09A1E69D4,Tanjung Gemuk,Rangsang,Kepulauan Meranti,0.86,P1,Penanaman aktif,65.5,67,74,53,tinggi,Kebutuhan dan kelayakan relatif tinggi.,mangrove-priority-2016-2025-v0.1
1337,29,MPR-463EC29785,Tanjung Gemuk,Rangsang,Kepulauan Meranti,0.77,P1,Penanaman aktif,65.5,67,74,53,tinggi,Kebutuhan dan kelayakan relatif tinggi.,mangrove-priority-2016-2025-v0.1
1338,30,MPR-51016DA097,Tanjung Gemuk,Rangsang,Kepulauan Meranti,0.68,P1,Penanaman aktif,65.5,67,74,53,tinggi,Kebutuhan dan kelayakan relatif tinggi.,mangrove-priority-2016-2025-v0.1
1339,31,MPR-08DC4A0C32,Tanjung Gemuk,Rangsang,Kepulauan Meranti,0.53,P1,Penanaman aktif,65.5,67,74,53,tinggi,Kebutuhan dan kelayakan relatif tinggi.,mangrove-priority-2016-2025-v0.1
1340,32,MPR-8A6D300C46,Tanjung Gemuk,Rangsang,Kepulauan Meranti,0.488,P1,Penanaman aktif,65.5,67,74,53,tinggi,Kebutuhan dan kelayakan relatif tinggi.,mangrove-priority-2016-2025-v0.1
1341,21,MPR-F2CA478E01,Kuala Merbau,Pulaumerbau,Kepulauan Meranti,10.07,P1,Penanaman aktif,65.4,74,71,64,tinggi,Kebutuhan dan kelayakan relatif tinggi.,mangrove-priority-2016-2025-v0.1
1342,75,MPR-2F66850E6D,Tanjung Padang,Tasik Putri Puyu,Kepulauan Meranti,0.4,P2,Regenerasi alami terbantu,65.4,56,84,46,tinggi,Kondisi biofisik relatif mendukung pemulihan vegetasi.,mangrove-priority-2016-2025-v0.1
1343,33,MPR-0E8AAF756C,Tanjung Gemuk,Rangsang,Kepulauan Meranti,0.35,P1,Penanaman aktif,65.4,66,75,53,tinggi,Kebutuhan dan kelayakan relatif tinggi.,mangrove-priority-2016-2025-v0.1
1344,34,MPR-B12142AF4D,Tanjung Gemuk,Rangsang,Kepulauan Meranti,0.282,P1,Penanaman aktif,65.4,66,75,53,tinggi,Kebutuhan dan kelayakan relatif tinggi.,mangrove-priority-2016-2025-v0.1
1345,69,MPR-56D1197991,Gemala Sari,Rangsang,Kepulauan Meranti,9.89,P1,Penanaman aktif,65.3,69,71,53,tinggi,Kebutuhan dan kelayakan relatif tinggi.,mangrove-priority-2016-2025-v0.1
1346,76,MPR-954326B1BF,Tanjung Padang,Tasik Putri Puyu,Kepulauan Meranti,1.21,P2,Regenerasi alami terbantu,65.3,57,83,47,tinggi,Kondisi biofisik relatif mendukung pemulihan vegetasi.,mangrove-priority-2016-2025-v0.1
1347,33,MPR-B9226B2122,Permai,Rangsang Barat,Kepulauan Meranti,0.39,P3,Pemulihan hidrologi,65.3,65,67,37,sedang,Kelayakan sedang; konektivitas pasang surut perlu dipulihkan.,mangrove-priority-2016-2025-v0.1
1348,22,MPR-2C30CC0809,Tanjung Kedabu,Rangsang Pesisir,Kepulauan Meranti,8.7,P2,Regenerasi alami terbantu,65.2,61,73,39,tinggi,Kondisi biofisik relatif mendukung pemulihan vegetasi.,mangrove-priority-2016-2025-v0.1
1349,66,MPR-1E6BDACFF5,Sokop,Rangsang Pesisir,Kepulauan Meranti,6.59,P1,Penanaman aktif,65.2,65,76,53,tinggi,Kebutuhan dan kelayakan relatif tinggi.,mangrove-priority-2016-2025-v0.1
1350,77,MPR-D99DB2F0B0,Tanjung Padang,Tasik Putri Puyu,Kepulauan Meranti,1.94,P2,Regenerasi alami terbantu,65.2,58,82,48,tinggi,Kondisi biofisik relatif mendukung pemulihan vegetasi.,mangrove-priority-2016-2025-v0.1
1351,35,MPR-8FAE5E1ADD,Tanjung Gemuk,Rangsang,Kepulauan Meranti,1.02,P1,Penanaman aktif,65.2,67,74,54,tinggi,Kebutuhan dan kelayakan relatif tinggi.,mangrove-priority-2016-2025-v0.1
1352,36,MPR-48CA09BE20,Tanjung Gemuk,Rangsang,Kepulauan Meranti,0.929,P1,Penanaman aktif,65.2,67,74,54,tinggi,Kebutuhan dan kelayakan relatif tinggi.,mangrove-priority-2016-2025-v0.1
1353,78,MPR-75FE083458,Tanjung Padang,Tasik Putri Puyu,Kepulauan Meranti,2.65,P2,Regenerasi alami terbantu,65.1,59,81,49,tinggi,Kondisi biofisik relatif mendukung pemulihan vegetasi.,mangrove-priority-2016-2025-v0.1
1354,79,MPR-17A93712FF,Tanjung Padang,Tasik Putri Puyu,Kepulauan Meranti,3.31,P2,Regenerasi alami terbantu,65.0,60,80,50,tinggi,Kondisi biofisik relatif mendukung pemulihan vegetasi.,mangrove-priority-2016-2025-v0.1
1355,80,MPR-52AC66EAF6,Tanjung Padang,Tasik Putri Puyu,Kepulauan Meranti,3.293,P2,Regenerasi alami terbantu,65.0,60,80,50,tinggi,Kondisi biofisik relatif mendukung pemulihan vegetasi.,mangrove-priority-2016-2025-v0.1
1356,37,MPR-EF3AF16146,Tanjung Gemuk,Rangsang,Kepulauan Meranti,0.38,P1,Penanaman aktif,65.0,66,74,53,tinggi,Kebutuhan dan kelayakan relatif tinggi.,mangrove-priority-2016-2025-v0.1
1357,38,MPR-1B507083B6,Tanjung Gemuk,Rangsang,Kepulauan Meranti,0.37,P1,Penanaman aktif,65.0,66,74,53,tinggi,Kebutuhan dan kelayakan relatif tinggi.,mangrove-priority-2016-2025-v0.1
1358,34,MPR-6D2DF21A8C,Permai,Rangsang Barat,Kepulauan Meranti,3.538,P3,Pemulihan hidrologi,64.9,69,63,41,sedang,Kelayakan sedang; konektivitas pasang surut perlu dipulihkan.,mangrove-priority-2016-2025-v0.1
1359,81,MPR-D454EE801C,Tanjung Padang,Tasik Putri Puyu,Kepulauan Meranti,2.83,P2,Regenerasi alami terbantu,64.9,59,81,50,tinggi,Kondisi biofisik relatif mendukung pemulihan vegetasi.,mangrove-priority-2016-2025-v0.1
1360,39,MPR-33C2A87929,Tanjung Gemuk,Rangsang,Kepulauan Meranti,1.11,P1,Penanaman aktif,64.9,67,73,54,tinggi,Kebutuhan dan kelayakan relatif tinggi.,mangrove-priority-2016-2025-v0.1
1361,40,MPR-3389505AE4,Tanjung Gemuk,Rangsang,Kepulauan Meranti,1.997,P1,Penanaman aktif,64.8,68,72,55,tinggi,Kebutuhan dan kelayakan relatif tinggi.,mangrove-priority-2016-2025-v0.1
1362,82,MPR-9850207A8C,Tanjung Padang,Tasik Putri Puyu,Kepulauan Meranti,4.26,P2,Regenerasi alami terbantu,64.7,61,79,52,tinggi,Kondisi biofisik relatif mendukung pemulihan vegetasi.,mangrove-priority-2016-2025-v0.1
1363,41,MPR-85B6DB887E,Tanjung Gemuk,Rangsang,Kepulauan Meranti,3.516,P1,Penanaman aktif,64.6,70,70,57,tinggi,Kebutuhan dan kelayakan relatif tinggi.,mangrove-priority-2016-2025-v0.1
1364,42,MPR-237FDEF3A0,Tanjung Gemuk,Rangsang,Kepulauan Meranti,4.12,P2,Regenerasi alami terbantu,64.5,71,69,58,tinggi,Kondisi biofisik relatif mendukung pemulihan vegetasi.,mangrove-priority-2016-2025-v0.1
1365,1,MPR-8C308856AC,Baran Melintang,Pulaumerbau,Kepulauan Meranti,0.83,P2,Regenerasi alami terbantu,64.5,47,82,27,tinggi,Kondisi biofisik relatif mendukung pemulihan vegetasi.,mangrove-priority-2016-2025-v0.1
1366,2,MPR-3E135CEC4A,Baran Melintang,Pulaumerbau,Kepulauan Meranti,0.28,P2,Regenerasi alami terbantu,64.5,46,83,26,tinggi,Kondisi biofisik relatif mendukung pemulihan vegetasi.,mangrove-priority-2016-2025-v0.1
1367,3,MPR-BC0F7A1BCB,Baran Melintang,Pulaumerbau,Kepulauan Meranti,0.27,P2,Regenerasi alami terbantu,64.5,46,83,26,tinggi,Kondisi biofisik relatif mendukung pemulihan vegetasi.,mangrove-priority-2016-2025-v0.1
1368,4,MPR-8737DD88D9,Baran Melintang,Pulaumerbau,Kepulauan Meranti,0.21,P2,Regenerasi alami terbantu,64.5,46,83,26,tinggi,Kondisi biofisik relatif mendukung pemulihan vegetasi.,mangrove-priority-2016-2025-v0.1
1369,5,MPR-0DD55467CC,Baran Melintang,Pulaumerbau,Kepulauan Meranti,0.19,P2,Regenerasi alami terbantu,64.5,46,83,26,tinggi,Kondisi biofisik relatif mendukung pemulihan vegetasi.,mangrove-priority-2016-2025-v0.1
1370,6,MPR-9B3548B088,Baran Melintang,Pulaumerbau,Kepulauan Meranti,0.19,P2,Regenerasi alami terbantu,64.5,46,83,26,tinggi,Kondisi biofisik relatif mendukung pemulihan vegetasi.,mangrove-priority-2016-2025-v0.1
1371,7,MPR-274873571E,Baran Melintang,Pulaumerbau,Kepulauan Meranti,0.16,P2,Regenerasi alami terbantu,64.5,46,83,26,tinggi,Kondisi biofisik relatif mendukung pemulihan vegetasi.,mangrove-priority-2016-2025-v0.1
1372,8,MPR-7C0883F253,Baran Melintang,Pulaumerbau,Kepulauan Meranti,0.11,P2,Regenerasi alami terbantu,64.5,46,83,26,tinggi,Kondisi biofisik relatif mendukung pemulihan vegetasi.,mangrove-priority-2016-2025-v0.1
1373,9,MPR-2F892EA520,Baran Melintang,Pulaumerbau,Kepulauan Meranti,0.1,P2,Regenerasi alami terbantu,64.5,46,83,26,tinggi,Kondisi biofisik relatif mendukung pemulihan vegetasi.,mangrove-priority-2016-2025-v0.1
1374,10,MPR-25F9088A57,Baran Melintang,Pulaumerbau,Kepulauan Meranti,0.08,P2,Regenerasi alami terbantu,64.5,46,83,26,tinggi,Kondisi biofisik relatif mendukung pemulihan vegetasi.,mangrove-priority-2016-2025-v0.1
1375,11,MPR-25447AA395,Baran Melintang,Pulaumerbau,Kepulauan Meranti,0.05,P2,Regenerasi alami terbantu,64.5,46,83,26,tinggi,Kondisi biofisik relatif mendukung pemulihan vegetasi.,mangrove-priority-2016-2025-v0.1
1376,12,MPR-7F70510FCA,Baran Melintang,Pulaumerbau,Kepulauan Meranti,0.05,P2,Regenerasi alami terbantu,64.5,46,83,26,tinggi,Kondisi biofisik relatif mendukung pemulihan vegetasi.,mangrove-priority-2016-2025-v0.1
1377,1,MPR-96BC368D49,Centai,Pulaumerbau,Kepulauan Meranti,0.22,U,Data belum memadai,64.4,50,78,27,rendah,Keyakinan data rendah.,mangrove-priority-2016-2025-v0.1
1378,2,MPR-83BB622806,Centai,Pulaumerbau,Kepulauan Meranti,0.17,U,Data belum memadai,64.4,50,78,27,rendah,Keyakinan data rendah.,mangrove-priority-2016-2025-v0.1
1379,3,MPR-E38479645D,Centai,Pulaumerbau,Kepulauan Meranti,0.15,U,Data belum memadai,64.4,50,78,27,rendah,Keyakinan data rendah.,mangrove-priority-2016-2025-v0.1
1380,4,MPR-1ED3AA2432,Centai,Pulaumerbau,Kepulauan Meranti,0.12,U,Data belum memadai,64.4,50,78,27,rendah,Keyakinan data rendah.,mangrove-priority-2016-2025-v0.1
1381,5,MPR-C29FC977C0,Centai,Pulaumerbau,Kepulauan Meranti,0.1,U,Data belum memadai,64.4,50,78,27,rendah,Keyakinan data rendah.,mangrove-priority-2016-2025-v0.1
1382,6,MPR-60E7809083,Centai,Pulaumerbau,Kepulauan Meranti,0.08,U,Data belum memadai,64.4,50,78,27,rendah,Keyakinan data rendah.,mangrove-priority-2016-2025-v0.1
1383,7,MPR-863B0F57AF,Centai,Pulaumerbau,Kepulauan Meranti,0.08,U,Data belum memadai,64.4,50,78,27,rendah,Keyakinan data rendah.,mangrove-priority-2016-2025-v0.1
1384,8,MPR-1848091319,Centai,Pulaumerbau,Kepulauan Meranti,0.05,U,Data belum memadai,64.4,50,78,27,rendah,Keyakinan data rendah.,mangrove-priority-2016-2025-v0.1
1385,9,MPR-11B06F65D5,Centai,Pulaumerbau,Kepulauan Meranti,0.51,U,Data belum memadai,64.3,51,77,28,rendah,Keyakinan data rendah.,mangrove-priority-2016-2025-v0.1
1386,10,MPR-5916502E27,Centai,Pulaumerbau,Kepulauan Meranti,0.42,U,Data belum memadai,64.3,51,77,28,rendah,Keyakinan data rendah.,mangrove-priority-2016-2025-v0.1
1387,13,MPR-69F8BC0B34,Baran Melintang,Pulaumerbau,Kepulauan Meranti,0.36,P2,Regenerasi alami terbantu,64.2,46,82,26,tinggi,Kondisi biofisik relatif mendukung pemulihan vegetasi.,mangrove-priority-2016-2025-v0.1
1388,11,MPR-3D8419C906,Centai,Pulaumerbau,Kepulauan Meranti,2.2,U,Data belum memadai,64.1,53,75,30,rendah,Keyakinan data rendah.,mangrove-priority-2016-2025-v0.1
1389,1,MPR-E26AA1EFE8,Penyagun,Rangsang,Kepulauan Meranti,0.28,P2,Regenerasi alami terbantu,64.1,43,85,25,tinggi,Kondisi biofisik relatif mendukung pemulihan vegetasi.,mangrove-priority-2016-2025-v0.1
1390,2,MPR-A12DEAB09E,Penyagun,Rangsang,Kepulauan Meranti,0.26,P2,Regenerasi alami terbantu,64.1,43,85,25,tinggi,Kondisi biofisik relatif mendukung pemulihan vegetasi.,mangrove-priority-2016-2025-v0.1
1391,3,MPR-BA71AD50E3,Penyagun,Rangsang,Kepulauan Meranti,0.23,P2,Regenerasi alami terbantu,64.1,43,85,25,tinggi,Kondisi biofisik relatif mendukung pemulihan vegetasi.,mangrove-priority-2016-2025-v0.1
1392,4,MPR-C23B56ED49,Penyagun,Rangsang,Kepulauan Meranti,0.18,P2,Regenerasi alami terbantu,64.1,43,85,25,tinggi,Kondisi biofisik relatif mendukung pemulihan vegetasi.,mangrove-priority-2016-2025-v0.1
1393,5,MPR-1D4B60CD17,Penyagun,Rangsang,Kepulauan Meranti,0.15,P2,Regenerasi alami terbantu,64.1,43,85,25,tinggi,Kondisi biofisik relatif mendukung pemulihan vegetasi.,mangrove-priority-2016-2025-v0.1
1394,6,MPR-C3E78C17F0,Penyagun,Rangsang,Kepulauan Meranti,0.144,P2,Regenerasi alami terbantu,64.1,43,85,25,tinggi,Kondisi biofisik relatif mendukung pemulihan vegetasi.,mangrove-priority-2016-2025-v0.1
1395,7,MPR-DB69F655CD,Penyagun,Rangsang,Kepulauan Meranti,0.089,P2,Regenerasi alami terbantu,64.1,43,85,25,tinggi,Kondisi biofisik relatif mendukung pemulihan vegetasi.,mangrove-priority-2016-2025-v0.1
1396,8,MPR-571F2370A8,Penyagun,Rangsang,Kepulauan Meranti,0.08,P2,Regenerasi alami terbantu,64.1,43,85,25,tinggi,Kondisi biofisik relatif mendukung pemulihan vegetasi.,mangrove-priority-2016-2025-v0.1
1397,9,MPR-2F51B820C5,Penyagun,Rangsang,Kepulauan Meranti,0.07,P2,Regenerasi alami terbantu,64.1,43,85,25,tinggi,Kondisi biofisik relatif mendukung pemulihan vegetasi.,mangrove-priority-2016-2025-v0.1
1398,10,MPR-52036726F0,Penyagun,Rangsang,Kepulauan Meranti,0.05,X,Tidak direkomendasikan,64.1,43,85,25,tinggi,Area terlalu kecil dan terisolasi untuk diprioritaskan.,mangrove-priority-2016-2025-v0.1
1399,11,MPR-60EC57DAE5,Penyagun,Rangsang,Kepulauan Meranti,0.05,P2,Regenerasi alami terbantu,64.1,43,85,25,tinggi,Kondisi biofisik relatif mendukung pemulihan vegetasi.,mangrove-priority-2016-2025-v0.1
1400,12,MPR-BC6C7E97D0,Penyagun,Rangsang,Kepulauan Meranti,0.05,P2,Regenerasi alami terbantu,64.1,43,85,25,tinggi,Kondisi biofisik relatif mendukung pemulihan vegetasi.,mangrove-priority-2016-2025-v0.1
1401,4,MPR-F59A1B7869,Melai,Rangsang Barat,Kepulauan Meranti,8.22,P2,Regenerasi alami terbantu,64.0,58,73,38,sedang,Kondisi biofisik relatif mendukung pemulihan vegetasi.,mangrove-priority-2016-2025-v0.1
1402,13,MPR-642B46558E,Penyagun,Rangsang,Kepulauan Meranti,0.79,P2,Regenerasi alami terbantu,64.0,44,84,26,tinggi,Kondisi biofisik relatif mendukung pemulihan vegetasi.,mangrove-priority-2016-2025-v0.1
1403,14,MPR-240102C5E5,Penyagun,Rangsang,Kepulauan Meranti,0.76,P2,Regenerasi alami terbantu,64.0,44,84,26,tinggi,Kondisi biofisik relatif mendukung pemulihan vegetasi.,mangrove-priority-2016-2025-v0.1
1404,14,MPR-2C5F746EF6,Baran Melintang,Pulaumerbau,Kepulauan Meranti,2.51,P2,Regenerasi alami terbantu,63.9,49,79,29,tinggi,Kondisi biofisik relatif mendukung pemulihan vegetasi.,mangrove-priority-2016-2025-v0.1
1405,12,MPR-B937F76DD4,Centai,Pulaumerbau,Kepulauan Meranti,0.38,U,Data belum memadai,63.9,50,77,28,rendah,Keyakinan data rendah.,mangrove-priority-2016-2025-v0.1
1406,43,MPR-F5E1E3FA03,Tanjung Gemuk,Rangsang,Kepulauan Meranti,6.11,P3,Pemulihan hidrologi,63.8,73,66,61,tinggi,Kelayakan sedang; konektivitas pasang surut perlu dipulihkan.,mangrove-priority-2016-2025-v0.1
1407,11,MPR-0AA8210B45,Segomeng,Rangsang Barat,Kepulauan Meranti,18.72,P3,Pemulihan hidrologi,63.4,84,49,58,sedang,Kelayakan sedang; konektivitas pasang surut perlu dipulihkan.,mangrove-priority-2016-2025-v0.1
1408,15,MPR-734DD99976,Penyagun,Rangsang,Kepulauan Meranti,1.18,P2,Regenerasi alami terbantu,63.4,44,83,27,tinggi,Kondisi biofisik relatif mendukung pemulihan vegetasi.,mangrove-priority-2016-2025-v0.1
1409,16,MPR-93B3E77D27,Penyagun,Rangsang,Kepulauan Meranti,3.73,P2,Regenerasi alami terbantu,63.2,47,80,30,tinggi,Kondisi biofisik relatif mendukung pemulihan vegetasi.,mangrove-priority-2016-2025-v0.1
1410,44,MPR-30571356F5,Tanjung Gemuk,Rangsang,Kepulauan Meranti,9.504,P3,Pemulihan hidrologi,63.1,77,62,66,tinggi,Kelayakan sedang; konektivitas pasang surut perlu dipulihkan.,mangrove-priority-2016-2025-v0.1
1411,1,MPR-58A0AB4A19,Mekar Baru,Rangsang Barat,Kepulauan Meranti,0.1,P2,Regenerasi alami terbantu,62.6,40,84,24,sedang,Kondisi biofisik relatif mendukung pemulihan vegetasi.,mangrove-priority-2016-2025-v0.1
1412,2,MPR-2479CB0DEC,Mekar Baru,Rangsang Barat,Kepulauan Meranti,0.05,P2,Regenerasi alami terbantu,62.6,40,84,24,sedang,Kondisi biofisik relatif mendukung pemulihan vegetasi.,mangrove-priority-2016-2025-v0.1
1413,3,MPR-8C0B3F50EA,Mekar Baru,Rangsang Barat,Kepulauan Meranti,0.58,P2,Regenerasi alami terbantu,62.5,41,83,25,sedang,Kondisi biofisik relatif mendukung pemulihan vegetasi.,mangrove-priority-2016-2025-v0.1
1414,45,MPR-0BEE03632D,Tanjung Gemuk,Rangsang,Kepulauan Meranti,13.016,P4,Perlindungan pantai dahulu,62.4,82,57,72,tinggi,Risiko ketidakstabilan pesisir relatif tinggi.,mangrove-priority-2016-2025-v0.1
1415,4,MPR-B8C5F36892,Mekar Baru,Rangsang Barat,Kepulauan Meranti,0.18,P2,Regenerasi alami terbantu,62.4,40,84,25,sedang,Kondisi biofisik relatif mendukung pemulihan vegetasi.,mangrove-priority-2016-2025-v0.1
1416,46,MPR-EE8BED265B,Tanjung Gemuk,Rangsang,Kepulauan Meranti,14.592,P4,Perlindungan pantai dahulu,62.3,84,55,74,tinggi,Risiko ketidakstabilan pesisir relatif tinggi.,mangrove-priority-2016-2025-v0.1
1417,1,MPR-EC6F6F6222,Sungai Cina / Bina Maju,Rangsang Barat,Kepulauan Meranti,3.28,P2,Regenerasi alami terbantu,62.3,47,77,29,sedang,Kondisi biofisik relatif mendukung pemulihan vegetasi.,mangrove-priority-2016-2025-v0.1
1418,5,MPR-77A0E59EBA,Mekar Baru,Rangsang Barat,Kepulauan Meranti,4.72,P2,Regenerasi alami terbantu,61.5,46,77,31,sedang,Kondisi biofisik relatif mendukung pemulihan vegetasi.,mangrove-priority-2016-2025-v0.1
1419,1,MPR-92EF93EC28,Dwi Tunggal,Rangsang,Kepulauan Meranti,0.314,P2,Regenerasi alami terbantu,61.4,38,83,24,tinggi,Kondisi biofisik relatif mendukung pemulihan vegetasi.,mangrove-priority-2016-2025-v0.1
1420,2,MPR-8D20584BAE,Dwi Tunggal,Rangsang,Kepulauan Meranti,0.26,P2,Regenerasi alami terbantu,61.4,38,83,24,tinggi,Kondisi biofisik relatif mendukung pemulihan vegetasi.,mangrove-priority-2016-2025-v0.1
1421,3,MPR-1D750DBCF0,Dwi Tunggal,Rangsang,Kepulauan Meranti,0.22,P2,Regenerasi alami terbantu,61.4,38,83,24,tinggi,Kondisi biofisik relatif mendukung pemulihan vegetasi.,mangrove-priority-2016-2025-v0.1
1422,4,MPR-26D5849632,Dwi Tunggal,Rangsang,Kepulauan Meranti,0.19,P2,Regenerasi alami terbantu,61.4,38,83,24,tinggi,Kondisi biofisik relatif mendukung pemulihan vegetasi.,mangrove-priority-2016-2025-v0.1
1423,5,MPR-2119B301D3,Dwi Tunggal,Rangsang,Kepulauan Meranti,0.16,P2,Regenerasi alami terbantu,61.4,38,83,24,tinggi,Kondisi biofisik relatif mendukung pemulihan vegetasi.,mangrove-priority-2016-2025-v0.1
1424,1,MPR-45E93A89AE,Gogok Darussalam,Tebing Tinggi Barat,Kepulauan Meranti,0.14,P2,Regenerasi alami terbantu,61.4,38,83,24,sedang,Kondisi biofisik relatif mendukung pemulihan vegetasi.,mangrove-priority-2016-2025-v0.1
1425,6,MPR-CAD8C2CF1A,Dwi Tunggal,Rangsang,Kepulauan Meranti,0.13,P2,Regenerasi alami terbantu,61.4,38,83,24,tinggi,Kondisi biofisik relatif mendukung pemulihan vegetasi.,mangrove-priority-2016-2025-v0.1
1426,7,MPR-653F553EFE,Dwi Tunggal,Rangsang,Kepulauan Meranti,0.12,P2,Regenerasi alami terbantu,61.4,38,83,24,tinggi,Kondisi biofisik relatif mendukung pemulihan vegetasi.,mangrove-priority-2016-2025-v0.1
1427,8,MPR-86582A0176,Dwi Tunggal,Rangsang,Kepulauan Meranti,0.11,P2,Regenerasi alami terbantu,61.4,38,83,24,tinggi,Kondisi biofisik relatif mendukung pemulihan vegetasi.,mangrove-priority-2016-2025-v0.1
1428,2,MPR-C315CE857D,Gogok Darussalam,Tebing Tinggi Barat,Kepulauan Meranti,0.1,P2,Regenerasi alami terbantu,61.4,38,83,24,sedang,Kondisi biofisik relatif mendukung pemulihan vegetasi.,mangrove-priority-2016-2025-v0.1
1429,9,MPR-933B7A34D5,Dwi Tunggal,Rangsang,Kepulauan Meranti,0.08,P2,Regenerasi alami terbantu,61.4,38,83,24,tinggi,Kondisi biofisik relatif mendukung pemulihan vegetasi.,mangrove-priority-2016-2025-v0.1
1430,10,MPR-A132467795,Dwi Tunggal,Rangsang,Kepulauan Meranti,0.05,X,Tidak direkomendasikan,61.4,38,83,24,tinggi,Area terlalu kecil dan terisolasi untuk diprioritaskan.,mangrove-priority-2016-2025-v0.1
1431,3,MPR-E21CBACFA6,Gogok Darussalam,Tebing Tinggi Barat,Kepulauan Meranti,0.95,P2,Regenerasi alami terbantu,61.2,39,82,25,sedang,Kondisi biofisik relatif mendukung pemulihan vegetasi.,mangrove-priority-2016-2025-v0.1
1432,11,MPR-938ECCD8C0,Dwi Tunggal,Rangsang,Kepulauan Meranti,0.73,P2,Regenerasi alami terbantu,61.2,39,82,25,tinggi,Kondisi biofisik relatif mendukung pemulihan vegetasi.,mangrove-priority-2016-2025-v0.1
1433,4,MPR-146BBD9849,Gogok Darussalam,Tebing Tinggi Barat,Kepulauan Meranti,0.64,P2,Regenerasi alami terbantu,61.2,39,82,25,sedang,Kondisi biofisik relatif mendukung pemulihan vegetasi.,mangrove-priority-2016-2025-v0.1
1434,12,MPR-7C8B0CA7C0,Dwi Tunggal,Rangsang,Kepulauan Meranti,1.676,P2,Regenerasi alami terbantu,61.1,40,81,26,tinggi,Kondisi biofisik relatif mendukung pemulihan vegetasi.,mangrove-priority-2016-2025-v0.1
1435,5,MPR-C645D8ABA2,Gogok Darussalam,Tebing Tinggi Barat,Kepulauan Meranti,0.4,P2,Regenerasi alami terbantu,61.0,38,82,24,sedang,Kondisi biofisik relatif mendukung pemulihan vegetasi.,mangrove-priority-2016-2025-v0.1
1436,1,MPR-CA2380D25B,Tenggayun Raya,Rangsang Pesisir,Kepulauan Meranti,0.46,P2,Regenerasi alami terbantu,60.9,37,83,24,tinggi,Kondisi biofisik relatif mendukung pemulihan vegetasi.,mangrove-priority-2016-2025-v0.1
1437,2,MPR-AF4CDC0A3C,Tenggayun Raya,Rangsang Pesisir,Kepulauan Meranti,0.27,P2,Regenerasi alami terbantu,60.8,36,84,24,tinggi,Kondisi biofisik relatif mendukung pemulihan vegetasi.,mangrove-priority-2016-2025-v0.1
1438,3,MPR-19D5774D00,Tenggayun Raya,Rangsang Pesisir,Kepulauan Meranti,0.25,P2,Regenerasi alami terbantu,60.8,36,84,24,tinggi,Kondisi biofisik relatif mendukung pemulihan vegetasi.,mangrove-priority-2016-2025-v0.1
1439,4,MPR-CBEC932FDA,Tenggayun Raya,Rangsang Pesisir,Kepulauan Meranti,0.24,P2,Regenerasi alami terbantu,60.8,36,84,24,tinggi,Kondisi biofisik relatif mendukung pemulihan vegetasi.,mangrove-priority-2016-2025-v0.1
1440,5,MPR-250B0A557E,Tenggayun Raya,Rangsang Pesisir,Kepulauan Meranti,0.192,P2,Regenerasi alami terbantu,60.8,36,84,24,tinggi,Kondisi biofisik relatif mendukung pemulihan vegetasi.,mangrove-priority-2016-2025-v0.1
1441,6,MPR-2D32564C9F,Tenggayun Raya,Rangsang Pesisir,Kepulauan Meranti,0.15,P2,Regenerasi alami terbantu,60.8,36,84,24,tinggi,Kondisi biofisik relatif mendukung pemulihan vegetasi.,mangrove-priority-2016-2025-v0.1
1442,7,MPR-802A2EA935,Tenggayun Raya,Rangsang Pesisir,Kepulauan Meranti,0.11,P2,Regenerasi alami terbantu,60.8,36,84,24,tinggi,Kondisi biofisik relatif mendukung pemulihan vegetasi.,mangrove-priority-2016-2025-v0.1
1443,8,MPR-1DB5692BAF,Tenggayun Raya,Rangsang Pesisir,Kepulauan Meranti,0.1,P2,Regenerasi alami terbantu,60.8,36,84,24,tinggi,Kondisi biofisik relatif mendukung pemulihan vegetasi.,mangrove-priority-2016-2025-v0.1
1444,9,MPR-9518029CA9,Tenggayun Raya,Rangsang Pesisir,Kepulauan Meranti,0.1,P2,Regenerasi alami terbantu,60.8,36,84,24,tinggi,Kondisi biofisik relatif mendukung pemulihan vegetasi.,mangrove-priority-2016-2025-v0.1
1445,10,MPR-CB00414D7D,Tenggayun Raya,Rangsang Pesisir,Kepulauan Meranti,0.1,P2,Regenerasi alami terbantu,60.8,36,84,24,tinggi,Kondisi biofisik relatif mendukung pemulihan vegetasi.,mangrove-priority-2016-2025-v0.1
1446,11,MPR-DB748F4130,Tenggayun Raya,Rangsang Pesisir,Kepulauan Meranti,0.1,P2,Regenerasi alami terbantu,60.8,36,84,24,tinggi,Kondisi biofisik relatif mendukung pemulihan vegetasi.,mangrove-priority-2016-2025-v0.1
1447,12,MPR-1F9FC2005B,Tenggayun Raya,Rangsang Pesisir,Kepulauan Meranti,0.08,P2,Regenerasi alami terbantu,60.8,36,84,24,tinggi,Kondisi biofisik relatif mendukung pemulihan vegetasi.,mangrove-priority-2016-2025-v0.1
1448,13,MPR-38C164C392,Tenggayun Raya,Rangsang Pesisir,Kepulauan Meranti,0.08,P2,Regenerasi alami terbantu,60.8,36,84,24,tinggi,Kondisi biofisik relatif mendukung pemulihan vegetasi.,mangrove-priority-2016-2025-v0.1
1449,14,MPR-E8B040F4FF,Tenggayun Raya,Rangsang Pesisir,Kepulauan Meranti,0.08,P2,Regenerasi alami terbantu,60.8,36,84,24,tinggi,Kondisi biofisik relatif mendukung pemulihan vegetasi.,mangrove-priority-2016-2025-v0.1
1450,15,MPR-BD05649429,Tenggayun Raya,Rangsang Pesisir,Kepulauan Meranti,0.078,P2,Regenerasi alami terbantu,60.8,36,84,24,tinggi,Kondisi biofisik relatif mendukung pemulihan vegetasi.,mangrove-priority-2016-2025-v0.1
1451,16,MPR-9BF99F4DAC,Tenggayun Raya,Rangsang Pesisir,Kepulauan Meranti,0.069,P2,Regenerasi alami terbantu,60.8,36,84,24,tinggi,Kondisi biofisik relatif mendukung pemulihan vegetasi.,mangrove-priority-2016-2025-v0.1
1452,17,MPR-0BC8803A57,Tenggayun Raya,Rangsang Pesisir,Kepulauan Meranti,0.05,P2,Regenerasi alami terbantu,60.8,36,84,24,tinggi,Kondisi biofisik relatif mendukung pemulihan vegetasi.,mangrove-priority-2016-2025-v0.1
1453,18,MPR-CF11A03EBD,Tenggayun Raya,Rangsang Pesisir,Kepulauan Meranti,0.05,P2,Regenerasi alami terbantu,60.8,36,84,24,tinggi,Kondisi biofisik relatif mendukung pemulihan vegetasi.,mangrove-priority-2016-2025-v0.1
1454,1,MPR-44AE460530,Semukut,Pulaumerbau,Kepulauan Meranti,0.741,P2,Regenerasi alami terbantu,60.5,36,83,24,tinggi,Kondisi biofisik relatif mendukung pemulihan vegetasi.,mangrove-priority-2016-2025-v0.1
1455,19,MPR-A43DDE90D2,Tenggayun Raya,Rangsang Pesisir,Kepulauan Meranti,0.359,P2,Regenerasi alami terbantu,60.5,36,83,24,tinggi,Kondisi biofisik relatif mendukung pemulihan vegetasi.,mangrove-priority-2016-2025-v0.1
1456,1,MPR-7D1EE9304B,Pangkalan Balai,Pulaumerbau,Kepulauan Meranti,0.27,P2,Regenerasi alami terbantu,60.5,38,81,25,tinggi,Kondisi biofisik relatif mendukung pemulihan vegetasi.,mangrove-priority-2016-2025-v0.1
1457,2,MPR-0BEFB30471,Pangkalan Balai,Pulaumerbau,Kepulauan Meranti,0.18,P2,Regenerasi alami terbantu,60.5,38,81,25,tinggi,Kondisi biofisik relatif mendukung pemulihan vegetasi.,mangrove-priority-2016-2025-v0.1
1458,3,MPR-F56CD91640,Pangkalan Balai,Pulaumerbau,Kepulauan Meranti,0.13,P2,Regenerasi alami terbantu,60.5,38,81,25,tinggi,Kondisi biofisik relatif mendukung pemulihan vegetasi.,mangrove-priority-2016-2025-v0.1
1459,2,MPR-3CD30B37C0,Semukut,Pulaumerbau,Kepulauan Meranti,0.08,P2,Regenerasi alami terbantu,60.5,35,84,23,tinggi,Kondisi biofisik relatif mendukung pemulihan vegetasi.,mangrove-priority-2016-2025-v0.1
1460,3,MPR-4D1B513298,Semukut,Pulaumerbau,Kepulauan Meranti,0.08,P2,Regenerasi alami terbantu,60.5,35,84,23,tinggi,Kondisi biofisik relatif mendukung pemulihan vegetasi.,mangrove-priority-2016-2025-v0.1
1461,4,MPR-59B268E050,Semukut,Pulaumerbau,Kepulauan Meranti,0.08,P2,Regenerasi alami terbantu,60.5,35,84,23,tinggi,Kondisi biofisik relatif mendukung pemulihan vegetasi.,mangrove-priority-2016-2025-v0.1
1462,5,MPR-FCA9AA0D65,Semukut,Pulaumerbau,Kepulauan Meranti,0.08,P2,Regenerasi alami terbantu,60.5,35,84,23,tinggi,Kondisi biofisik relatif mendukung pemulihan vegetasi.,mangrove-priority-2016-2025-v0.1
1463,6,MPR-16D50D942E,Semukut,Pulaumerbau,Kepulauan Meranti,0.05,P2,Regenerasi alami terbantu,60.5,35,84,23,tinggi,Kondisi biofisik relatif mendukung pemulihan vegetasi.,mangrove-priority-2016-2025-v0.1
1464,7,MPR-4D96CAA91B,Semukut,Pulaumerbau,Kepulauan Meranti,0.05,P2,Regenerasi alami terbantu,60.5,35,84,23,tinggi,Kondisi biofisik relatif mendukung pemulihan vegetasi.,mangrove-priority-2016-2025-v0.1
1465,8,MPR-5FEF3541E8,Semukut,Pulaumerbau,Kepulauan Meranti,0.05,P2,Regenerasi alami terbantu,60.5,35,84,23,tinggi,Kondisi biofisik relatif mendukung pemulihan vegetasi.,mangrove-priority-2016-2025-v0.1
1466,9,MPR-EEF5100B72,Semukut,Pulaumerbau,Kepulauan Meranti,0.05,P2,Regenerasi alami terbantu,60.5,35,84,23,tinggi,Kondisi biofisik relatif mendukung pemulihan vegetasi.,mangrove-priority-2016-2025-v0.1
1467,10,MPR-29E03C5FF3,Semukut,Pulaumerbau,Kepulauan Meranti,0.21,P2,Regenerasi alami terbantu,60.4,35,84,24,tinggi,Kondisi biofisik relatif mendukung pemulihan vegetasi.,mangrove-priority-2016-2025-v0.1
1468,11,MPR-E831A51CD1,Semukut,Pulaumerbau,Kepulauan Meranti,0.16,P2,Regenerasi alami terbantu,60.4,35,84,24,tinggi,Kondisi biofisik relatif mendukung pemulihan vegetasi.,mangrove-priority-2016-2025-v0.1
1469,12,MPR-6B8DC4D4DE,Semukut,Pulaumerbau,Kepulauan Meranti,0.14,P2,Regenerasi alami terbantu,60.4,35,84,24,tinggi,Kondisi biofisik relatif mendukung pemulihan vegetasi.,mangrove-priority-2016-2025-v0.1
1470,13,MPR-A6C4F084AE,Semukut,Pulaumerbau,Kepulauan Meranti,0.14,P2,Regenerasi alami terbantu,60.4,35,84,24,tinggi,Kondisi biofisik relatif mendukung pemulihan vegetasi.,mangrove-priority-2016-2025-v0.1
1471,14,MPR-DE276D4B25,Semukut,Pulaumerbau,Kepulauan Meranti,0.11,P2,Regenerasi alami terbantu,60.4,35,84,24,tinggi,Kondisi biofisik relatif mendukung pemulihan vegetasi.,mangrove-priority-2016-2025-v0.1
1472,15,MPR-8D447E6E49,Semukut,Pulaumerbau,Kepulauan Meranti,0.1,P2,Regenerasi alami terbantu,60.4,35,84,24,tinggi,Kondisi biofisik relatif mendukung pemulihan vegetasi.,mangrove-priority-2016-2025-v0.1
1473,4,MPR-6F0F07D8BE,Pangkalan Balai,Pulaumerbau,Kepulauan Meranti,0.83,P2,Regenerasi alami terbantu,60.3,39,80,26,tinggi,Kondisi biofisik relatif mendukung pemulihan vegetasi.,mangrove-priority-2016-2025-v0.1
1474,5,MPR-0F5E4DD5D7,Pangkalan Balai,Pulaumerbau,Kepulauan Meranti,0.36,P2,Regenerasi alami terbantu,60.1,38,80,25,tinggi,Kondisi biofisik relatif mendukung pemulihan vegetasi.,mangrove-priority-2016-2025-v0.1
1475,1,MPR-B323F54ED0,Sungai Cina,Rangsang Barat,Kepulauan Meranti,3.07,P2,Regenerasi alami terbantu,60.0,40,79,28,sedang,Kondisi biofisik relatif mendukung pemulihan vegetasi.,mangrove-priority-2016-2025-v0.1
1476,16,MPR-05540DF684,Semukut,Pulaumerbau,Kepulauan Meranti,0.41,P2,Regenerasi alami terbantu,60.0,35,83,24,tinggi,Kondisi biofisik relatif mendukung pemulihan vegetasi.,mangrove-priority-2016-2025-v0.1
1477,17,MPR-8546DB7CCD,Semukut,Pulaumerbau,Kepulauan Meranti,0.39,P2,Regenerasi alami terbantu,60.0,35,83,24,tinggi,Kondisi biofisik relatif mendukung pemulihan vegetasi.,mangrove-priority-2016-2025-v0.1
1478,1,MPR-736B0EDA39,Teluk Ketapang,Pulaumerbau,Kepulauan Meranti,0.15,P2,Regenerasi alami terbantu,59.7,34,83,23,tinggi,Kondisi biofisik relatif mendukung pemulihan vegetasi.,mangrove-priority-2016-2025-v0.1
1479,2,MPR-0A7C06AEB1,Teluk Ketapang,Pulaumerbau,Kepulauan Meranti,0.13,P2,Regenerasi alami terbantu,59.7,34,83,23,tinggi,Kondisi biofisik relatif mendukung pemulihan vegetasi.,mangrove-priority-2016-2025-v0.1
1480,3,MPR-CB90E99144,Teluk Ketapang,Pulaumerbau,Kepulauan Meranti,0.13,P2,Regenerasi alami terbantu,59.7,34,83,23,tinggi,Kondisi biofisik relatif mendukung pemulihan vegetasi.,mangrove-priority-2016-2025-v0.1
1481,4,MPR-71B729D9EC,Teluk Ketapang,Pulaumerbau,Kepulauan Meranti,0.12,P2,Regenerasi alami terbantu,59.7,34,83,23,tinggi,Kondisi biofisik relatif mendukung pemulihan vegetasi.,mangrove-priority-2016-2025-v0.1
1482,5,MPR-5219CC2B53,Teluk Ketapang,Pulaumerbau,Kepulauan Meranti,0.11,P2,Regenerasi alami terbantu,59.7,34,83,23,tinggi,Kondisi biofisik relatif mendukung pemulihan vegetasi.,mangrove-priority-2016-2025-v0.1
1483,6,MPR-12E2F0203C,Teluk Ketapang,Pulaumerbau,Kepulauan Meranti,0.1,P2,Regenerasi alami terbantu,59.7,34,83,23,tinggi,Kondisi biofisik relatif mendukung pemulihan vegetasi.,mangrove-priority-2016-2025-v0.1
1484,7,MPR-A974B8EE01,Teluk Ketapang,Pulaumerbau,Kepulauan Meranti,0.1,P2,Regenerasi alami terbantu,59.7,34,83,23,tinggi,Kondisi biofisik relatif mendukung pemulihan vegetasi.,mangrove-priority-2016-2025-v0.1
1485,8,MPR-4B930C3758,Teluk Ketapang,Pulaumerbau,Kepulauan Meranti,0.087,P2,Regenerasi alami terbantu,59.7,34,83,23,tinggi,Kondisi biofisik relatif mendukung pemulihan vegetasi.,mangrove-priority-2016-2025-v0.1
1486,9,MPR-C3C4BD842D,Teluk Ketapang,Pulaumerbau,Kepulauan Meranti,0.08,P2,Regenerasi alami terbantu,59.7,34,83,23,tinggi,Kondisi biofisik relatif mendukung pemulihan vegetasi.,mangrove-priority-2016-2025-v0.1
1487,10,MPR-698B4C0AFA,Teluk Ketapang,Pulaumerbau,Kepulauan Meranti,0.069,P2,Regenerasi alami terbantu,59.7,34,83,23,tinggi,Kondisi biofisik relatif mendukung pemulihan vegetasi.,mangrove-priority-2016-2025-v0.1
1488,11,MPR-0FC761CBE6,Teluk Ketapang,Pulaumerbau,Kepulauan Meranti,0.058,P2,Regenerasi alami terbantu,59.7,34,83,23,tinggi,Kondisi biofisik relatif mendukung pemulihan vegetasi.,mangrove-priority-2016-2025-v0.1
1489,12,MPR-745B6BB90E,Teluk Ketapang,Pulaumerbau,Kepulauan Meranti,0.24,P2,Regenerasi alami terbantu,59.5,34,83,24,tinggi,Kondisi biofisik relatif mendukung pemulihan vegetasi.,mangrove-priority-2016-2025-v0.1
1490,13,MPR-B09F681400,Teluk Ketapang,Pulaumerbau,Kepulauan Meranti,0.2,P2,Regenerasi alami terbantu,59.5,34,83,24,tinggi,Kondisi biofisik relatif mendukung pemulihan vegetasi.,mangrove-priority-2016-2025-v0.1
1491,1,MPR-E822E3A83D,Padang Kamal,Pulaumerbau,Kepulauan Meranti,0.33,P2,Regenerasi alami terbantu,59.2,32,84,23,tinggi,Kondisi biofisik relatif mendukung pemulihan vegetasi.,mangrove-priority-2016-2025-v0.1
1492,2,MPR-764A50D2A5,Padang Kamal,Pulaumerbau,Kepulauan Meranti,0.3,P2,Regenerasi alami terbantu,59.2,32,84,23,tinggi,Kondisi biofisik relatif mendukung pemulihan vegetasi.,mangrove-priority-2016-2025-v0.1
1493,3,MPR-F447F04F4F,Padang Kamal,Pulaumerbau,Kepulauan Meranti,0.28,P2,Regenerasi alami terbantu,59.2,32,84,23,tinggi,Kondisi biofisik relatif mendukung pemulihan vegetasi.,mangrove-priority-2016-2025-v0.1
1494,4,MPR-7563A93E11,Padang Kamal,Pulaumerbau,Kepulauan Meranti,0.17,P2,Regenerasi alami terbantu,59.2,32,84,23,tinggi,Kondisi biofisik relatif mendukung pemulihan vegetasi.,mangrove-priority-2016-2025-v0.1
1495,5,MPR-B9A09B4987,Padang Kamal,Pulaumerbau,Kepulauan Meranti,0.11,P2,Regenerasi alami terbantu,59.2,32,84,23,tinggi,Kondisi biofisik relatif mendukung pemulihan vegetasi.,mangrove-priority-2016-2025-v0.1
1496,6,MPR-F4E5EA64F0,Padang Kamal,Pulaumerbau,Kepulauan Meranti,0.1,P2,Regenerasi alami terbantu,59.2,32,84,23,tinggi,Kondisi biofisik relatif mendukung pemulihan vegetasi.,mangrove-priority-2016-2025-v0.1
1497,7,MPR-C80C1A8DC2,Padang Kamal,Pulaumerbau,Kepulauan Meranti,0.08,P2,Regenerasi alami terbantu,59.2,32,84,23,tinggi,Kondisi biofisik relatif mendukung pemulihan vegetasi.,mangrove-priority-2016-2025-v0.1
1498,8,MPR-A1E2D90A34,Padang Kamal,Pulaumerbau,Kepulauan Meranti,0.73,P2,Regenerasi alami terbantu,59.1,33,83,24,tinggi,Kondisi biofisik relatif mendukung pemulihan vegetasi.,mangrove-priority-2016-2025-v0.1
1499,9,MPR-A0977DD33C,Padang Kamal,Pulaumerbau,Kepulauan Meranti,0.46,P2,Regenerasi alami terbantu,59.1,33,83,24,tinggi,Kondisi biofisik relatif mendukung pemulihan vegetasi.,mangrove-priority-2016-2025-v0.1
1500,1,MPR-516BC581C0,Ketapang Permai,Pulaumerbau,Kepulauan Meranti,0.12,P2,Regenerasi alami terbantu,58.5,34,80,24,tinggi,Kondisi biofisik relatif mendukung pemulihan vegetasi.,mangrove-priority-2016-2025-v0.1
1501,2,MPR-01FB050D75,Ketapang Permai,Pulaumerbau,Kepulauan Meranti,0.1,P2,Regenerasi alami terbantu,58.5,34,80,24,tinggi,Kondisi biofisik relatif mendukung pemulihan vegetasi.,mangrove-priority-2016-2025-v0.1
1502,1,MPR-56069EAB87,Kudap,Tasik Putri Puyu,Kepulauan Meranti,0.08,P2,Regenerasi alami terbantu,58.5,34,80,24,tinggi,Kondisi biofisik relatif mendukung pemulihan vegetasi.,mangrove-priority-2016-2025-v0.1
1503,2,MPR-B2F469A871,Kudap,Tasik Putri Puyu,Kepulauan Meranti,0.06,P2,Regenerasi alami terbantu,58.5,34,80,24,tinggi,Kondisi biofisik relatif mendukung pemulihan vegetasi.,mangrove-priority-2016-2025-v0.1
1504,3,MPR-BFA9C83CA9,Kudap,Tasik Putri Puyu,Kepulauan Meranti,0.98,P2,Regenerasi alami terbantu,58.4,35,79,25,tinggi,Kondisi biofisik relatif mendukung pemulihan vegetasi.,mangrove-priority-2016-2025-v0.1
1505,1,MPR-2B2A0F55AB,Bina Maju,Rangsang Barat,Kepulauan Meranti,0.11,P2,Regenerasi alami terbantu,58.1,32,81,23,sedang,Kondisi biofisik relatif mendukung pemulihan vegetasi.,mangrove-priority-2016-2025-v0.1
1506,2,MPR-BC1860A39C,Bina Maju,Rangsang Barat,Kepulauan Meranti,0.22,P2,Regenerasi alami terbantu,58.0,32,81,24,sedang,Kondisi biofisik relatif mendukung pemulihan vegetasi.,mangrove-priority-2016-2025-v0.1
1507,3,MPR-F57F599F52,Bina Maju,Rangsang Barat,Kepulauan Meranti,1.06,P2,Regenerasi alami terbantu,57.9,33,80,25,sedang,Kondisi biofisik relatif mendukung pemulihan vegetasi.,mangrove-priority-2016-2025-v0.1
1508,3,MPR-3BA5D27E69,Ketapang Permai,Pulaumerbau,Kepulauan Meranti,1.23,P2,Regenerasi alami terbantu,57.8,35,78,26,tinggi,Kondisi biofisik relatif mendukung pemulihan vegetasi.,mangrove-priority-2016-2025-v0.1
1509,1,MPR-4EDE8A17FF,Bantar,Rangsang Barat,Kepulauan Meranti,0.14,P2,Regenerasi alami terbantu,57.4,31,80,23,sedang,Kondisi biofisik relatif mendukung pemulihan vegetasi.,mangrove-priority-2016-2025-v0.1
1510,2,MPR-B1766C1D03,Bantar,Rangsang Barat,Kepulauan Meranti,0.29,P2,Regenerasi alami terbantu,57.2,31,80,24,sedang,Kondisi biofisik relatif mendukung pemulihan vegetasi.,mangrove-priority-2016-2025-v0.1
1511,1,MPR-2D67BE05FF,Kelurahan Selatpanjang Barat,Tebing Tinggi,Kepulauan Meranti,0.259,P3,Pemulihan hidrologi,57.2,46,62,26,tinggi,Kelayakan sedang; konektivitas pasang surut perlu dipulihkan.,mangrove-priority-2016-2025-v0.1
1512,2,MPR-3BD268DF7D,Kelurahan Selatpanjang Barat,Tebing Tinggi,Kepulauan Meranti,0.21,P3,Pemulihan hidrologi,57.2,46,62,26,tinggi,Kelayakan sedang; konektivitas pasang surut perlu dipulihkan.,mangrove-priority-2016-2025-v0.1
1513,3,MPR-37F26604D1,Kelurahan Selatpanjang Barat,Tebing Tinggi,Kepulauan Meranti,0.124,P3,Pemulihan hidrologi,57.2,46,62,26,tinggi,Kelayakan sedang; konektivitas pasang surut perlu dipulihkan.,mangrove-priority-2016-2025-v0.1
1514,4,MPR-1FB59EDD99,Kelurahan Selatpanjang Barat,Tebing Tinggi,Kepulauan Meranti,0.106,P3,Pemulihan hidrologi,57.2,46,62,26,tinggi,Kelayakan sedang; konektivitas pasang surut perlu dipulihkan.,mangrove-priority-2016-2025-v0.1
1515,5,MPR-522F9B8E48,Kelurahan Selatpanjang Barat,Tebing Tinggi,Kepulauan Meranti,0.83,P3,Pemulihan hidrologi,57.1,47,61,27,tinggi,Kelayakan sedang; konektivitas pasang surut perlu dipulihkan.,mangrove-priority-2016-2025-v0.1
1516,6,MPR-4E7680275B,Kelurahan Selatpanjang Barat,Tebing Tinggi,Kepulauan Meranti,0.434,P3,Pemulihan hidrologi,57.1,47,61,27,tinggi,Kelayakan sedang; konektivitas pasang surut perlu dipulihkan.,mangrove-priority-2016-2025-v0.1
1517,1,MPR-7837963115,Mekong,Tebing Tinggi Barat,Kepulauan Meranti,0.16,U,Data belum memadai,57.0,35,75,25,rendah,Keyakinan data rendah.,mangrove-priority-2016-2025-v0.1
1518,2,MPR-3A2BD5DB0F,Mekong,Tebing Tinggi Barat,Kepulauan Meranti,0.08,U,Data belum memadai,57.0,35,75,25,rendah,Keyakinan data rendah.,mangrove-priority-2016-2025-v0.1
1519,3,MPR-3BBC5A68FB,Mekong,Tebing Tinggi Barat,Kepulauan Meranti,0.08,U,Data belum memadai,57.0,35,75,25,rendah,Keyakinan data rendah.,mangrove-priority-2016-2025-v0.1
1520,4,MPR-F800E5081F,Mekong,Tebing Tinggi Barat,Kepulauan Meranti,0.05,U,Data belum memadai,57.0,35,75,25,rendah,Keyakinan data rendah.,mangrove-priority-2016-2025-v0.1
1521,3,MPR-919EE477D1,Bantar,Rangsang Barat,Kepulauan Meranti,0.39,P2,Regenerasi alami terbantu,56.8,31,79,24,sedang,Kondisi biofisik relatif mendukung pemulihan vegetasi.,mangrove-priority-2016-2025-v0.1
1522,5,MPR-E7E6937421,Mekong,Tebing Tinggi Barat,Kepulauan Meranti,0.4,U,Data belum memadai,56.6,35,74,25,rendah,Keyakinan data rendah.,mangrove-priority-2016-2025-v0.1
1523,6,MPR-FC52D144B8,Mekong,Tebing Tinggi Barat,Kepulauan Meranti,1.14,U,Data belum memadai,56.5,36,73,26,rendah,Keyakinan data rendah.,mangrove-priority-2016-2025-v0.1
1524,1,MPR-E323BC18BE,Sesap,Tebing Tinggi,Kepulauan Meranti,0.12,U,Data belum memadai,55.4,31,75,24,rendah,Keyakinan data rendah.,mangrove-priority-2016-2025-v0.1
1525,2,MPR-40D6B912BC,Sesap,Tebing Tinggi,Kepulauan Meranti,0.73,U,Data belum memadai,55.3,32,74,25,rendah,Keyakinan data rendah.,mangrove-priority-2016-2025-v0.1
1526,3,MPR-5C43C41286,Sesap,Tebing Tinggi,Kepulauan Meranti,0.36,U,Data belum memadai,55.1,31,74,24,rendah,Keyakinan data rendah.,mangrove-priority-2016-2025-v0.1
