overallRank,villageRank,polygonId,village,district,regency,areaHa,priorityClass,priorityLabel,priorityScore,needScore,suitabilityScore,riskScore,confidence,decisionReason,methodVersion
1,1,MPR-25916D3E10,Pulauhalang Belakang,Kubu Babussalam,Rokan Hilir,0.05,P2,Regenerasi alami terbantu,72.5,64,85,30,tinggi,Kondisi biofisik relatif mendukung pemulihan vegetasi.,mangrove-priority-2016-2025-v0.1
2,2,MPR-A6E078AEBF,Pulauhalang Belakang,Kubu Babussalam,Rokan Hilir,0.05,P2,Regenerasi alami terbantu,72.5,64,85,30,tinggi,Kondisi biofisik relatif mendukung pemulihan vegetasi.,mangrove-priority-2016-2025-v0.1
3,3,MPR-EBEE3171E0,Pulauhalang Belakang,Kubu Babussalam,Rokan Hilir,0.31,P2,Regenerasi alami terbantu,72.3,64,85,31,tinggi,Kondisi biofisik relatif mendukung pemulihan vegetasi.,mangrove-priority-2016-2025-v0.1
4,4,MPR-C6829CD837,Pulauhalang Belakang,Kubu Babussalam,Rokan Hilir,0.28,P2,Regenerasi alami terbantu,72.3,64,85,31,tinggi,Kondisi biofisik relatif mendukung pemulihan vegetasi.,mangrove-priority-2016-2025-v0.1
5,5,MPR-6CC7CFAAE3,Pulauhalang Belakang,Kubu Babussalam,Rokan Hilir,0.21,P2,Regenerasi alami terbantu,72.3,64,85,31,tinggi,Kondisi biofisik relatif mendukung pemulihan vegetasi.,mangrove-priority-2016-2025-v0.1
6,6,MPR-6D0F3A569A,Pulauhalang Belakang,Kubu Babussalam,Rokan Hilir,0.21,P2,Regenerasi alami terbantu,72.3,64,85,31,tinggi,Kondisi biofisik relatif mendukung pemulihan vegetasi.,mangrove-priority-2016-2025-v0.1
7,7,MPR-1BD76755A4,Pulauhalang Belakang,Kubu Babussalam,Rokan Hilir,0.17,P2,Regenerasi alami terbantu,72.3,64,85,31,tinggi,Kondisi biofisik relatif mendukung pemulihan vegetasi.,mangrove-priority-2016-2025-v0.1
8,8,MPR-83E2456254,Pulauhalang Belakang,Kubu Babussalam,Rokan Hilir,0.17,P2,Regenerasi alami terbantu,72.3,64,85,31,tinggi,Kondisi biofisik relatif mendukung pemulihan vegetasi.,mangrove-priority-2016-2025-v0.1
9,9,MPR-8EC72220AE,Pulauhalang Belakang,Kubu Babussalam,Rokan Hilir,0.17,P2,Regenerasi alami terbantu,72.3,64,85,31,tinggi,Kondisi biofisik relatif mendukung pemulihan vegetasi.,mangrove-priority-2016-2025-v0.1
10,10,MPR-D4243A1479,Pulauhalang Belakang,Kubu Babussalam,Rokan Hilir,0.15,P2,Regenerasi alami terbantu,72.3,64,85,31,tinggi,Kondisi biofisik relatif mendukung pemulihan vegetasi.,mangrove-priority-2016-2025-v0.1
11,11,MPR-CA93F7D055,Pulauhalang Belakang,Kubu Babussalam,Rokan Hilir,0.14,P2,Regenerasi alami terbantu,72.3,64,85,31,tinggi,Kondisi biofisik relatif mendukung pemulihan vegetasi.,mangrove-priority-2016-2025-v0.1
12,12,MPR-A2FFBC794F,Pulauhalang Belakang,Kubu Babussalam,Rokan Hilir,0.12,P2,Regenerasi alami terbantu,72.3,64,85,31,tinggi,Kondisi biofisik relatif mendukung pemulihan vegetasi.,mangrove-priority-2016-2025-v0.1
13,13,MPR-BB792D9439,Pulauhalang Belakang,Kubu Babussalam,Rokan Hilir,0.12,P2,Regenerasi alami terbantu,72.3,64,85,31,tinggi,Kondisi biofisik relatif mendukung pemulihan vegetasi.,mangrove-priority-2016-2025-v0.1
14,14,MPR-0D5B49ADA9,Pulauhalang Belakang,Kubu Babussalam,Rokan Hilir,0.11,P2,Regenerasi alami terbantu,72.3,64,85,31,tinggi,Kondisi biofisik relatif mendukung pemulihan vegetasi.,mangrove-priority-2016-2025-v0.1
15,15,MPR-290753EB7F,Pulauhalang Belakang,Kubu Babussalam,Rokan Hilir,0.11,P2,Regenerasi alami terbantu,72.3,64,85,31,tinggi,Kondisi biofisik relatif mendukung pemulihan vegetasi.,mangrove-priority-2016-2025-v0.1
16,16,MPR-B38EA9978B,Pulauhalang Belakang,Kubu Babussalam,Rokan Hilir,0.11,P2,Regenerasi alami terbantu,72.3,64,85,31,tinggi,Kondisi biofisik relatif mendukung pemulihan vegetasi.,mangrove-priority-2016-2025-v0.1
17,17,MPR-96EB7225B7,Pulauhalang Belakang,Kubu Babussalam,Rokan Hilir,0.1,P2,Regenerasi alami terbantu,72.3,64,85,31,tinggi,Kondisi biofisik relatif mendukung pemulihan vegetasi.,mangrove-priority-2016-2025-v0.1
18,18,MPR-A3F4E2C9F5,Pulauhalang Belakang,Kubu Babussalam,Rokan Hilir,0.1,P2,Regenerasi alami terbantu,72.3,64,85,31,tinggi,Kondisi biofisik relatif mendukung pemulihan vegetasi.,mangrove-priority-2016-2025-v0.1
19,19,MPR-97C0924C03,Pulauhalang Belakang,Kubu Babussalam,Rokan Hilir,0.08,P2,Regenerasi alami terbantu,72.3,64,85,31,tinggi,Kondisi biofisik relatif mendukung pemulihan vegetasi.,mangrove-priority-2016-2025-v0.1
20,20,MPR-CD525C9BA1,Pulauhalang Belakang,Kubu Babussalam,Rokan Hilir,0.81,P1,Penanaman aktif,72.2,65,84,32,tinggi,Kebutuhan dan kelayakan relatif tinggi.,mangrove-priority-2016-2025-v0.1
21,1,MPR-70FE8CB60F,Bagan Punak Pesisir,Bangko,Rokan Hilir,0.439,P2,Regenerasi alami terbantu,70.2,64,84,40,tinggi,Kondisi biofisik relatif mendukung pemulihan vegetasi.,mangrove-priority-2016-2025-v0.1
22,2,MPR-CD7090CD71,Bagan Punak Pesisir,Bangko,Rokan Hilir,0.24,P2,Regenerasi alami terbantu,70.1,63,85,40,tinggi,Kondisi biofisik relatif mendukung pemulihan vegetasi.,mangrove-priority-2016-2025-v0.1
23,3,MPR-E837AC809D,Bagan Punak Pesisir,Bangko,Rokan Hilir,0.19,P2,Regenerasi alami terbantu,70.1,63,85,40,tinggi,Kondisi biofisik relatif mendukung pemulihan vegetasi.,mangrove-priority-2016-2025-v0.1
24,4,MPR-D3A64D277C,Bagan Punak Pesisir,Bangko,Rokan Hilir,0.16,P2,Regenerasi alami terbantu,70.1,63,85,40,tinggi,Kondisi biofisik relatif mendukung pemulihan vegetasi.,mangrove-priority-2016-2025-v0.1
25,5,MPR-7DD58D5515,Bagan Punak Pesisir,Bangko,Rokan Hilir,0.051,P2,Regenerasi alami terbantu,70.1,63,85,40,tinggi,Kondisi biofisik relatif mendukung pemulihan vegetasi.,mangrove-priority-2016-2025-v0.1
26,1,MPR-A6E8296AA8,Sei Bakau,Sinaboi,Rokan Hilir,0.33,P2,Regenerasi alami terbantu,69.5,59,85,34,tinggi,Kondisi biofisik relatif mendukung pemulihan vegetasi.,mangrove-priority-2016-2025-v0.1
27,2,MPR-12B84AFEEB,Sei Bakau,Sinaboi,Rokan Hilir,0.32,P2,Regenerasi alami terbantu,69.5,59,85,34,tinggi,Kondisi biofisik relatif mendukung pemulihan vegetasi.,mangrove-priority-2016-2025-v0.1
28,3,MPR-C7DFEB6AA6,Sei Bakau,Sinaboi,Rokan Hilir,0.283,P2,Regenerasi alami terbantu,69.5,59,85,34,tinggi,Kondisi biofisik relatif mendukung pemulihan vegetasi.,mangrove-priority-2016-2025-v0.1
29,4,MPR-18821672F7,Sei Bakau,Sinaboi,Rokan Hilir,0.276,P2,Regenerasi alami terbantu,69.5,59,85,34,tinggi,Kondisi biofisik relatif mendukung pemulihan vegetasi.,mangrove-priority-2016-2025-v0.1
30,5,MPR-ED49CE0E24,Sei Bakau,Sinaboi,Rokan Hilir,0.27,P2,Regenerasi alami terbantu,69.5,59,85,34,tinggi,Kondisi biofisik relatif mendukung pemulihan vegetasi.,mangrove-priority-2016-2025-v0.1
31,6,MPR-DFFEC48645,Sei Bakau,Sinaboi,Rokan Hilir,0.24,P2,Regenerasi alami terbantu,69.5,59,85,34,tinggi,Kondisi biofisik relatif mendukung pemulihan vegetasi.,mangrove-priority-2016-2025-v0.1
32,7,MPR-569FB09DAD,Sei Bakau,Sinaboi,Rokan Hilir,0.23,P2,Regenerasi alami terbantu,69.5,59,85,34,tinggi,Kondisi biofisik relatif mendukung pemulihan vegetasi.,mangrove-priority-2016-2025-v0.1
33,8,MPR-BC164A1979,Sei Bakau,Sinaboi,Rokan Hilir,0.223,P2,Regenerasi alami terbantu,69.5,59,85,34,tinggi,Kondisi biofisik relatif mendukung pemulihan vegetasi.,mangrove-priority-2016-2025-v0.1
34,9,MPR-7C345AA23B,Sei Bakau,Sinaboi,Rokan Hilir,0.221,P2,Regenerasi alami terbantu,69.5,59,85,34,tinggi,Kondisi biofisik relatif mendukung pemulihan vegetasi.,mangrove-priority-2016-2025-v0.1
35,10,MPR-C7BDF0E869,Sei Bakau,Sinaboi,Rokan Hilir,0.22,P2,Regenerasi alami terbantu,69.5,59,85,34,tinggi,Kondisi biofisik relatif mendukung pemulihan vegetasi.,mangrove-priority-2016-2025-v0.1
36,11,MPR-9E72E1E6AC,Sei Bakau,Sinaboi,Rokan Hilir,0.204,P2,Regenerasi alami terbantu,69.5,59,85,34,tinggi,Kondisi biofisik relatif mendukung pemulihan vegetasi.,mangrove-priority-2016-2025-v0.1
37,12,MPR-8736D6F718,Sei Bakau,Sinaboi,Rokan Hilir,0.2,P2,Regenerasi alami terbantu,69.5,59,85,34,tinggi,Kondisi biofisik relatif mendukung pemulihan vegetasi.,mangrove-priority-2016-2025-v0.1
38,13,MPR-062286E268,Sei Bakau,Sinaboi,Rokan Hilir,0.14,P2,Regenerasi alami terbantu,69.5,59,85,34,tinggi,Kondisi biofisik relatif mendukung pemulihan vegetasi.,mangrove-priority-2016-2025-v0.1
39,14,MPR-4CA89A612D,Sei Bakau,Sinaboi,Rokan Hilir,0.14,P2,Regenerasi alami terbantu,69.5,59,85,34,tinggi,Kondisi biofisik relatif mendukung pemulihan vegetasi.,mangrove-priority-2016-2025-v0.1
40,15,MPR-82D12913E8,Sei Bakau,Sinaboi,Rokan Hilir,0.14,P2,Regenerasi alami terbantu,69.5,59,85,34,tinggi,Kondisi biofisik relatif mendukung pemulihan vegetasi.,mangrove-priority-2016-2025-v0.1
41,16,MPR-85926908C1,Sei Bakau,Sinaboi,Rokan Hilir,0.14,P2,Regenerasi alami terbantu,69.5,59,85,34,tinggi,Kondisi biofisik relatif mendukung pemulihan vegetasi.,mangrove-priority-2016-2025-v0.1
42,17,MPR-DE951D1252,Sei Bakau,Sinaboi,Rokan Hilir,0.124,P2,Regenerasi alami terbantu,69.5,59,85,34,tinggi,Kondisi biofisik relatif mendukung pemulihan vegetasi.,mangrove-priority-2016-2025-v0.1
43,18,MPR-166C7B7906,Sei Bakau,Sinaboi,Rokan Hilir,0.12,P2,Regenerasi alami terbantu,69.5,59,85,34,tinggi,Kondisi biofisik relatif mendukung pemulihan vegetasi.,mangrove-priority-2016-2025-v0.1
44,19,MPR-5BEC199F93,Sei Bakau,Sinaboi,Rokan Hilir,0.12,P2,Regenerasi alami terbantu,69.5,59,85,34,tinggi,Kondisi biofisik relatif mendukung pemulihan vegetasi.,mangrove-priority-2016-2025-v0.1
45,20,MPR-B9C4F94BC3,Sei Bakau,Sinaboi,Rokan Hilir,0.12,P2,Regenerasi alami terbantu,69.5,59,85,34,tinggi,Kondisi biofisik relatif mendukung pemulihan vegetasi.,mangrove-priority-2016-2025-v0.1
46,21,MPR-157F081543,Sei Bakau,Sinaboi,Rokan Hilir,0.109,P2,Regenerasi alami terbantu,69.5,59,85,34,tinggi,Kondisi biofisik relatif mendukung pemulihan vegetasi.,mangrove-priority-2016-2025-v0.1
47,22,MPR-AC5B5CE2FE,Sei Bakau,Sinaboi,Rokan Hilir,0.1,P2,Regenerasi alami terbantu,69.5,59,85,34,tinggi,Kondisi biofisik relatif mendukung pemulihan vegetasi.,mangrove-priority-2016-2025-v0.1
48,23,MPR-1B6325D5D0,Sei Bakau,Sinaboi,Rokan Hilir,0.08,P2,Regenerasi alami terbantu,69.5,59,85,34,tinggi,Kondisi biofisik relatif mendukung pemulihan vegetasi.,mangrove-priority-2016-2025-v0.1
49,24,MPR-84C7FC74D4,Sei Bakau,Sinaboi,Rokan Hilir,0.08,P2,Regenerasi alami terbantu,69.5,59,85,34,tinggi,Kondisi biofisik relatif mendukung pemulihan vegetasi.,mangrove-priority-2016-2025-v0.1
50,25,MPR-BBBDA0BE1A,Sei Bakau,Sinaboi,Rokan Hilir,0.078,P2,Regenerasi alami terbantu,69.5,59,85,34,tinggi,Kondisi biofisik relatif mendukung pemulihan vegetasi.,mangrove-priority-2016-2025-v0.1
51,26,MPR-84555AA23E,Sei Bakau,Sinaboi,Rokan Hilir,0.78,P2,Regenerasi alami terbantu,69.4,60,84,35,tinggi,Kondisi biofisik relatif mendukung pemulihan vegetasi.,mangrove-priority-2016-2025-v0.1
52,1,MPR-8AD36AE811,Bagan Jawa Pesisir,Bangko,Rokan Hilir,0.63,P2,Regenerasi alami terbantu,69.4,64,84,44,tinggi,Kondisi biofisik relatif mendukung pemulihan vegetasi.,mangrove-priority-2016-2025-v0.1
53,27,MPR-E0C0F68ED0,Sei Bakau,Sinaboi,Rokan Hilir,0.6,P2,Regenerasi alami terbantu,69.4,60,84,35,tinggi,Kondisi biofisik relatif mendukung pemulihan vegetasi.,mangrove-priority-2016-2025-v0.1
54,2,MPR-F10B534A5E,Bagan Jawa Pesisir,Bangko,Rokan Hilir,0.59,P2,Regenerasi alami terbantu,69.4,64,84,44,tinggi,Kondisi biofisik relatif mendukung pemulihan vegetasi.,mangrove-priority-2016-2025-v0.1
55,28,MPR-F1605F0E8C,Sei Bakau,Sinaboi,Rokan Hilir,0.587,P2,Regenerasi alami terbantu,69.4,60,84,35,tinggi,Kondisi biofisik relatif mendukung pemulihan vegetasi.,mangrove-priority-2016-2025-v0.1
56,29,MPR-7222E4A84D,Sei Bakau,Sinaboi,Rokan Hilir,0.56,P2,Regenerasi alami terbantu,69.4,60,84,35,tinggi,Kondisi biofisik relatif mendukung pemulihan vegetasi.,mangrove-priority-2016-2025-v0.1
57,3,MPR-7DA34E9E94,Bagan Jawa Pesisir,Bangko,Rokan Hilir,0.481,P2,Regenerasi alami terbantu,69.4,64,84,44,tinggi,Kondisi biofisik relatif mendukung pemulihan vegetasi.,mangrove-priority-2016-2025-v0.1
58,30,MPR-D0CC623CA6,Sei Bakau,Sinaboi,Rokan Hilir,0.46,P2,Regenerasi alami terbantu,69.4,60,84,35,tinggi,Kondisi biofisik relatif mendukung pemulihan vegetasi.,mangrove-priority-2016-2025-v0.1
59,4,MPR-727A5525C2,Bagan Jawa Pesisir,Bangko,Rokan Hilir,0.447,P2,Regenerasi alami terbantu,69.4,64,84,44,tinggi,Kondisi biofisik relatif mendukung pemulihan vegetasi.,mangrove-priority-2016-2025-v0.1
60,31,MPR-5776C80ADC,Sei Bakau,Sinaboi,Rokan Hilir,0.42,P2,Regenerasi alami terbantu,69.4,60,84,35,tinggi,Kondisi biofisik relatif mendukung pemulihan vegetasi.,mangrove-priority-2016-2025-v0.1
61,32,MPR-B843CD3158,Sei Bakau,Sinaboi,Rokan Hilir,1.509,P2,Regenerasi alami terbantu,69.3,61,83,36,tinggi,Kondisi biofisik relatif mendukung pemulihan vegetasi.,mangrove-priority-2016-2025-v0.1
62,33,MPR-28CDCB59F2,Sei Bakau,Sinaboi,Rokan Hilir,1.387,P2,Regenerasi alami terbantu,69.3,61,83,36,tinggi,Kondisi biofisik relatif mendukung pemulihan vegetasi.,mangrove-priority-2016-2025-v0.1
63,5,MPR-17F465920E,Bagan Jawa Pesisir,Bangko,Rokan Hilir,0.318,P2,Regenerasi alami terbantu,69.3,63,85,44,tinggi,Kondisi biofisik relatif mendukung pemulihan vegetasi.,mangrove-priority-2016-2025-v0.1
64,6,MPR-1368E56D0D,Bagan Jawa Pesisir,Bangko,Rokan Hilir,0.256,P2,Regenerasi alami terbantu,69.3,63,85,44,tinggi,Kondisi biofisik relatif mendukung pemulihan vegetasi.,mangrove-priority-2016-2025-v0.1
65,7,MPR-8C75B8A74A,Bagan Jawa Pesisir,Bangko,Rokan Hilir,0.253,P2,Regenerasi alami terbantu,69.3,63,85,44,tinggi,Kondisi biofisik relatif mendukung pemulihan vegetasi.,mangrove-priority-2016-2025-v0.1
66,8,MPR-07196DEDE8,Bagan Jawa Pesisir,Bangko,Rokan Hilir,0.244,P2,Regenerasi alami terbantu,69.3,63,85,44,tinggi,Kondisi biofisik relatif mendukung pemulihan vegetasi.,mangrove-priority-2016-2025-v0.1
67,9,MPR-E2D9AA9621,Bagan Jawa Pesisir,Bangko,Rokan Hilir,0.21,P2,Regenerasi alami terbantu,69.3,63,85,44,tinggi,Kondisi biofisik relatif mendukung pemulihan vegetasi.,mangrove-priority-2016-2025-v0.1
68,10,MPR-B4DAAC743A,Bagan Jawa Pesisir,Bangko,Rokan Hilir,0.18,P2,Regenerasi alami terbantu,69.3,63,85,44,tinggi,Kondisi biofisik relatif mendukung pemulihan vegetasi.,mangrove-priority-2016-2025-v0.1
69,11,MPR-736A4650C4,Bagan Jawa Pesisir,Bangko,Rokan Hilir,0.17,P2,Regenerasi alami terbantu,69.3,63,85,44,tinggi,Kondisi biofisik relatif mendukung pemulihan vegetasi.,mangrove-priority-2016-2025-v0.1
70,12,MPR-908573662C,Bagan Jawa Pesisir,Bangko,Rokan Hilir,0.16,P2,Regenerasi alami terbantu,69.3,63,85,44,tinggi,Kondisi biofisik relatif mendukung pemulihan vegetasi.,mangrove-priority-2016-2025-v0.1
71,13,MPR-399599D3EA,Bagan Jawa Pesisir,Bangko,Rokan Hilir,0.139,P2,Regenerasi alami terbantu,69.3,63,85,44,tinggi,Kondisi biofisik relatif mendukung pemulihan vegetasi.,mangrove-priority-2016-2025-v0.1
72,14,MPR-D23C26ED3C,Bagan Jawa Pesisir,Bangko,Rokan Hilir,0.138,P2,Regenerasi alami terbantu,69.3,63,85,44,tinggi,Kondisi biofisik relatif mendukung pemulihan vegetasi.,mangrove-priority-2016-2025-v0.1
73,15,MPR-88CD0FC38A,Bagan Jawa Pesisir,Bangko,Rokan Hilir,0.12,P2,Regenerasi alami terbantu,69.3,63,85,44,tinggi,Kondisi biofisik relatif mendukung pemulihan vegetasi.,mangrove-priority-2016-2025-v0.1
74,16,MPR-47487357E3,Bagan Jawa Pesisir,Bangko,Rokan Hilir,0.11,P2,Regenerasi alami terbantu,69.3,63,85,44,tinggi,Kondisi biofisik relatif mendukung pemulihan vegetasi.,mangrove-priority-2016-2025-v0.1
75,17,MPR-ADC4187BF4,Bagan Jawa Pesisir,Bangko,Rokan Hilir,0.11,P2,Regenerasi alami terbantu,69.3,63,85,44,tinggi,Kondisi biofisik relatif mendukung pemulihan vegetasi.,mangrove-priority-2016-2025-v0.1
76,18,MPR-28CAB5B06F,Bagan Jawa Pesisir,Bangko,Rokan Hilir,0.1,P2,Regenerasi alami terbantu,69.3,63,85,44,tinggi,Kondisi biofisik relatif mendukung pemulihan vegetasi.,mangrove-priority-2016-2025-v0.1
77,19,MPR-259759EDF3,Bagan Jawa Pesisir,Bangko,Rokan Hilir,0.091,P2,Regenerasi alami terbantu,69.3,63,85,44,tinggi,Kondisi biofisik relatif mendukung pemulihan vegetasi.,mangrove-priority-2016-2025-v0.1
78,20,MPR-4DC195C3E0,Bagan Jawa Pesisir,Bangko,Rokan Hilir,0.086,P2,Regenerasi alami terbantu,69.3,63,85,44,tinggi,Kondisi biofisik relatif mendukung pemulihan vegetasi.,mangrove-priority-2016-2025-v0.1
79,21,MPR-1DD79200CC,Bagan Jawa Pesisir,Bangko,Rokan Hilir,0.08,P2,Regenerasi alami terbantu,69.3,63,85,44,tinggi,Kondisi biofisik relatif mendukung pemulihan vegetasi.,mangrove-priority-2016-2025-v0.1
80,22,MPR-A8E98F54CB,Bagan Jawa Pesisir,Bangko,Rokan Hilir,0.08,P2,Regenerasi alami terbantu,69.3,63,85,44,tinggi,Kondisi biofisik relatif mendukung pemulihan vegetasi.,mangrove-priority-2016-2025-v0.1
81,23,MPR-082E65C133,Bagan Jawa Pesisir,Bangko,Rokan Hilir,0.068,P2,Regenerasi alami terbantu,69.3,63,85,44,tinggi,Kondisi biofisik relatif mendukung pemulihan vegetasi.,mangrove-priority-2016-2025-v0.1
82,24,MPR-F603453B40,Bagan Jawa Pesisir,Bangko,Rokan Hilir,0.053,P2,Regenerasi alami terbantu,69.3,63,85,44,tinggi,Kondisi biofisik relatif mendukung pemulihan vegetasi.,mangrove-priority-2016-2025-v0.1
83,25,MPR-661DA3ECA5,Bagan Jawa Pesisir,Bangko,Rokan Hilir,0.051,P2,Regenerasi alami terbantu,69.3,63,85,44,tinggi,Kondisi biofisik relatif mendukung pemulihan vegetasi.,mangrove-priority-2016-2025-v0.1
84,26,MPR-8BAC433486,Bagan Jawa Pesisir,Bangko,Rokan Hilir,0.05,P2,Regenerasi alami terbantu,69.3,63,85,44,tinggi,Kondisi biofisik relatif mendukung pemulihan vegetasi.,mangrove-priority-2016-2025-v0.1
85,27,MPR-CA7B646D47,Bagan Jawa Pesisir,Bangko,Rokan Hilir,0.05,P2,Regenerasi alami terbantu,69.3,63,85,44,tinggi,Kondisi biofisik relatif mendukung pemulihan vegetasi.,mangrove-priority-2016-2025-v0.1
86,28,MPR-948B94EE4A,Bagan Jawa Pesisir,Bangko,Rokan Hilir,0.986,P2,Regenerasi alami terbantu,69.2,64,84,45,tinggi,Kondisi biofisik relatif mendukung pemulihan vegetasi.,mangrove-priority-2016-2025-v0.1
87,29,MPR-9927269D66,Bagan Jawa Pesisir,Bangko,Rokan Hilir,0.79,P2,Regenerasi alami terbantu,69.2,64,84,45,tinggi,Kondisi biofisik relatif mendukung pemulihan vegetasi.,mangrove-priority-2016-2025-v0.1
88,34,MPR-86E8B8D9E1,Sei Bakau,Sinaboi,Rokan Hilir,1.77,P2,Regenerasi alami terbantu,69.1,61,83,37,tinggi,Kondisi biofisik relatif mendukung pemulihan vegetasi.,mangrove-priority-2016-2025-v0.1
89,1,MPR-2D9DAE9A40,Sinaboi,Sinaboi,Rokan Hilir,0.76,P2,Regenerasi alami terbantu,69.0,59,84,35,tinggi,Kondisi biofisik relatif mendukung pemulihan vegetasi.,mangrove-priority-2016-2025-v0.1
90,2,MPR-961E74A1AF,Sinaboi,Sinaboi,Rokan Hilir,0.683,P2,Regenerasi alami terbantu,69.0,59,84,35,tinggi,Kondisi biofisik relatif mendukung pemulihan vegetasi.,mangrove-priority-2016-2025-v0.1
91,3,MPR-A81A4B94D3,Sinaboi,Sinaboi,Rokan Hilir,0.64,P2,Regenerasi alami terbantu,69.0,59,84,35,tinggi,Kondisi biofisik relatif mendukung pemulihan vegetasi.,mangrove-priority-2016-2025-v0.1
92,4,MPR-7937E2A029,Sinaboi,Sinaboi,Rokan Hilir,0.613,P2,Regenerasi alami terbantu,69.0,59,84,35,tinggi,Kondisi biofisik relatif mendukung pemulihan vegetasi.,mangrove-priority-2016-2025-v0.1
93,5,MPR-7C41717269,Sinaboi,Sinaboi,Rokan Hilir,0.543,P2,Regenerasi alami terbantu,69.0,59,84,35,tinggi,Kondisi biofisik relatif mendukung pemulihan vegetasi.,mangrove-priority-2016-2025-v0.1
94,6,MPR-722A1A6166,Sinaboi,Sinaboi,Rokan Hilir,0.43,P2,Regenerasi alami terbantu,69.0,59,84,35,tinggi,Kondisi biofisik relatif mendukung pemulihan vegetasi.,mangrove-priority-2016-2025-v0.1
95,7,MPR-F92E8961B6,Sinaboi,Sinaboi,Rokan Hilir,0.419,P2,Regenerasi alami terbantu,69.0,59,84,35,tinggi,Kondisi biofisik relatif mendukung pemulihan vegetasi.,mangrove-priority-2016-2025-v0.1
96,35,MPR-20DD9E8185,Sei Bakau,Sinaboi,Rokan Hilir,0.4,P2,Regenerasi alami terbantu,69.0,59,84,35,tinggi,Kondisi biofisik relatif mendukung pemulihan vegetasi.,mangrove-priority-2016-2025-v0.1
97,36,MPR-C2DD7C5EE5,Sei Bakau,Sinaboi,Rokan Hilir,0.391,P2,Regenerasi alami terbantu,69.0,59,84,35,tinggi,Kondisi biofisik relatif mendukung pemulihan vegetasi.,mangrove-priority-2016-2025-v0.1
98,8,MPR-434C85C1FF,Sinaboi,Sinaboi,Rokan Hilir,0.122,P2,Regenerasi alami terbantu,69.0,58,85,34,tinggi,Kondisi biofisik relatif mendukung pemulihan vegetasi.,mangrove-priority-2016-2025-v0.1
99,9,MPR-26100CF997,Sinaboi,Sinaboi,Rokan Hilir,0.121,P2,Regenerasi alami terbantu,69.0,58,85,34,tinggi,Kondisi biofisik relatif mendukung pemulihan vegetasi.,mangrove-priority-2016-2025-v0.1
100,10,MPR-9D0CC90B4B,Sinaboi,Sinaboi,Rokan Hilir,0.12,P2,Regenerasi alami terbantu,69.0,58,85,34,tinggi,Kondisi biofisik relatif mendukung pemulihan vegetasi.,mangrove-priority-2016-2025-v0.1
101,11,MPR-C99F981FA7,Sinaboi,Sinaboi,Rokan Hilir,0.12,P2,Regenerasi alami terbantu,69.0,58,85,34,tinggi,Kondisi biofisik relatif mendukung pemulihan vegetasi.,mangrove-priority-2016-2025-v0.1
102,12,MPR-2541CA3BA0,Sinaboi,Sinaboi,Rokan Hilir,0.11,P2,Regenerasi alami terbantu,69.0,58,85,34,tinggi,Kondisi biofisik relatif mendukung pemulihan vegetasi.,mangrove-priority-2016-2025-v0.1
103,13,MPR-EC7FB89569,Sinaboi,Sinaboi,Rokan Hilir,0.1,P2,Regenerasi alami terbantu,69.0,58,85,34,tinggi,Kondisi biofisik relatif mendukung pemulihan vegetasi.,mangrove-priority-2016-2025-v0.1
104,14,MPR-B89C1AC2D3,Sinaboi,Sinaboi,Rokan Hilir,0.097,P2,Regenerasi alami terbantu,69.0,58,85,34,tinggi,Kondisi biofisik relatif mendukung pemulihan vegetasi.,mangrove-priority-2016-2025-v0.1
105,15,MPR-54A329A273,Sinaboi,Sinaboi,Rokan Hilir,0.08,P2,Regenerasi alami terbantu,69.0,58,85,34,tinggi,Kondisi biofisik relatif mendukung pemulihan vegetasi.,mangrove-priority-2016-2025-v0.1
106,16,MPR-E84DBE91BE,Sinaboi,Sinaboi,Rokan Hilir,0.074,P2,Regenerasi alami terbantu,69.0,58,85,34,tinggi,Kondisi biofisik relatif mendukung pemulihan vegetasi.,mangrove-priority-2016-2025-v0.1
107,17,MPR-40734D3E59,Sinaboi,Sinaboi,Rokan Hilir,0.061,P2,Regenerasi alami terbantu,69.0,58,85,34,tinggi,Kondisi biofisik relatif mendukung pemulihan vegetasi.,mangrove-priority-2016-2025-v0.1
108,18,MPR-D3E54B6C24,Sinaboi,Sinaboi,Rokan Hilir,0.05,P2,Regenerasi alami terbantu,69.0,58,85,34,tinggi,Kondisi biofisik relatif mendukung pemulihan vegetasi.,mangrove-priority-2016-2025-v0.1
109,37,MPR-936BAA2A58,Sei Bakau,Sinaboi,Rokan Hilir,3.2,P2,Regenerasi alami terbantu,68.9,63,81,39,tinggi,Kondisi biofisik relatif mendukung pemulihan vegetasi.,mangrove-priority-2016-2025-v0.1
110,30,MPR-166BB87467,Bagan Jawa Pesisir,Bangko,Rokan Hilir,2.933,P1,Penanaman aktif,68.9,67,81,48,tinggi,Kebutuhan dan kelayakan relatif tinggi.,mangrove-priority-2016-2025-v0.1
111,19,MPR-965FBF797D,Sinaboi,Sinaboi,Rokan Hilir,2.095,P2,Regenerasi alami terbantu,68.8,61,82,37,tinggi,Kondisi biofisik relatif mendukung pemulihan vegetasi.,mangrove-priority-2016-2025-v0.1
112,20,MPR-4AB8A86D76,Sinaboi,Sinaboi,Rokan Hilir,1.451,P2,Regenerasi alami terbantu,68.8,60,83,36,tinggi,Kondisi biofisik relatif mendukung pemulihan vegetasi.,mangrove-priority-2016-2025-v0.1
113,21,MPR-27E89AA9FF,Sinaboi,Sinaboi,Rokan Hilir,1.34,P2,Regenerasi alami terbantu,68.8,60,83,36,tinggi,Kondisi biofisik relatif mendukung pemulihan vegetasi.,mangrove-priority-2016-2025-v0.1
114,22,MPR-E370AD1767,Sinaboi,Sinaboi,Rokan Hilir,1.3,P2,Regenerasi alami terbantu,68.8,60,83,36,tinggi,Kondisi biofisik relatif mendukung pemulihan vegetasi.,mangrove-priority-2016-2025-v0.1
115,23,MPR-1EB2D2A313,Sinaboi,Sinaboi,Rokan Hilir,1.26,P2,Regenerasi alami terbantu,68.8,60,83,36,tinggi,Kondisi biofisik relatif mendukung pemulihan vegetasi.,mangrove-priority-2016-2025-v0.1
116,31,MPR-C02E766689,Bagan Jawa Pesisir,Bangko,Rokan Hilir,1.11,P2,Regenerasi alami terbantu,68.8,64,83,45,tinggi,Kondisi biofisik relatif mendukung pemulihan vegetasi.,mangrove-priority-2016-2025-v0.1
117,24,MPR-AD80C8E7AE,Sinaboi,Sinaboi,Rokan Hilir,1.019,P2,Regenerasi alami terbantu,68.8,59,84,36,tinggi,Kondisi biofisik relatif mendukung pemulihan vegetasi.,mangrove-priority-2016-2025-v0.1
118,25,MPR-CE15FDD4D6,Sinaboi,Sinaboi,Rokan Hilir,0.947,P2,Regenerasi alami terbantu,68.8,59,84,36,tinggi,Kondisi biofisik relatif mendukung pemulihan vegetasi.,mangrove-priority-2016-2025-v0.1
119,26,MPR-BD63F09D3C,Sinaboi,Sinaboi,Rokan Hilir,0.93,P2,Regenerasi alami terbantu,68.8,59,84,36,tinggi,Kondisi biofisik relatif mendukung pemulihan vegetasi.,mangrove-priority-2016-2025-v0.1
120,27,MPR-90CB23087C,Sinaboi,Sinaboi,Rokan Hilir,0.88,P2,Regenerasi alami terbantu,68.8,59,84,36,tinggi,Kondisi biofisik relatif mendukung pemulihan vegetasi.,mangrove-priority-2016-2025-v0.1
121,28,MPR-F5EE1AAC18,Sinaboi,Sinaboi,Rokan Hilir,0.35,P2,Regenerasi alami terbantu,68.8,58,85,35,tinggi,Kondisi biofisik relatif mendukung pemulihan vegetasi.,mangrove-priority-2016-2025-v0.1
122,29,MPR-D63AF24D16,Sinaboi,Sinaboi,Rokan Hilir,0.305,P2,Regenerasi alami terbantu,68.8,58,85,35,tinggi,Kondisi biofisik relatif mendukung pemulihan vegetasi.,mangrove-priority-2016-2025-v0.1
123,30,MPR-B5E5D8AFB4,Sinaboi,Sinaboi,Rokan Hilir,0.3,P2,Regenerasi alami terbantu,68.8,58,85,35,tinggi,Kondisi biofisik relatif mendukung pemulihan vegetasi.,mangrove-priority-2016-2025-v0.1
124,31,MPR-3DA3793719,Sinaboi,Sinaboi,Rokan Hilir,0.294,P2,Regenerasi alami terbantu,68.8,58,85,35,tinggi,Kondisi biofisik relatif mendukung pemulihan vegetasi.,mangrove-priority-2016-2025-v0.1
125,32,MPR-22A233F2BC,Sinaboi,Sinaboi,Rokan Hilir,0.251,P2,Regenerasi alami terbantu,68.8,58,85,35,tinggi,Kondisi biofisik relatif mendukung pemulihan vegetasi.,mangrove-priority-2016-2025-v0.1
126,33,MPR-240BFC88B6,Sinaboi,Sinaboi,Rokan Hilir,0.225,P2,Regenerasi alami terbantu,68.8,58,85,35,tinggi,Kondisi biofisik relatif mendukung pemulihan vegetasi.,mangrove-priority-2016-2025-v0.1
127,34,MPR-955F7C17F0,Sinaboi,Sinaboi,Rokan Hilir,0.211,P2,Regenerasi alami terbantu,68.8,58,85,35,tinggi,Kondisi biofisik relatif mendukung pemulihan vegetasi.,mangrove-priority-2016-2025-v0.1
128,35,MPR-BADA9D2203,Sinaboi,Sinaboi,Rokan Hilir,0.21,P2,Regenerasi alami terbantu,68.8,58,85,35,tinggi,Kondisi biofisik relatif mendukung pemulihan vegetasi.,mangrove-priority-2016-2025-v0.1
129,36,MPR-FB2C4AA8E2,Sinaboi,Sinaboi,Rokan Hilir,0.19,P2,Regenerasi alami terbantu,68.8,58,85,35,tinggi,Kondisi biofisik relatif mendukung pemulihan vegetasi.,mangrove-priority-2016-2025-v0.1
130,37,MPR-977311BD86,Sinaboi,Sinaboi,Rokan Hilir,0.178,P2,Regenerasi alami terbantu,68.8,58,85,35,tinggi,Kondisi biofisik relatif mendukung pemulihan vegetasi.,mangrove-priority-2016-2025-v0.1
131,38,MPR-20680C8E88,Sinaboi,Sinaboi,Rokan Hilir,0.175,P2,Regenerasi alami terbantu,68.8,58,85,35,tinggi,Kondisi biofisik relatif mendukung pemulihan vegetasi.,mangrove-priority-2016-2025-v0.1
132,39,MPR-E7547E6800,Sinaboi,Sinaboi,Rokan Hilir,0.163,P2,Regenerasi alami terbantu,68.8,58,85,35,tinggi,Kondisi biofisik relatif mendukung pemulihan vegetasi.,mangrove-priority-2016-2025-v0.1
133,40,MPR-948F267288,Sinaboi,Sinaboi,Rokan Hilir,3.21,P2,Regenerasi alami terbantu,68.5,62,81,39,tinggi,Kondisi biofisik relatif mendukung pemulihan vegetasi.,mangrove-priority-2016-2025-v0.1
134,1,MPR-490E71A483,Kelurahan Bagan Barat,Bangko,Rokan Hilir,0.508,P1,Penanaman aktif,68.5,67,74,38,tinggi,Kebutuhan dan kelayakan relatif tinggi.,mangrove-priority-2016-2025-v0.1
135,41,MPR-BA568A41CA,Sinaboi,Sinaboi,Rokan Hilir,1.09,P2,Regenerasi alami terbantu,68.4,59,83,36,tinggi,Kondisi biofisik relatif mendukung pemulihan vegetasi.,mangrove-priority-2016-2025-v0.1
136,2,MPR-966878DD71,Kelurahan Bagan Barat,Bangko,Rokan Hilir,0.316,P1,Penanaman aktif,68.4,66,75,38,tinggi,Kebutuhan dan kelayakan relatif tinggi.,mangrove-priority-2016-2025-v0.1
137,3,MPR-1FB3755917,Kelurahan Bagan Barat,Bangko,Rokan Hilir,0.3,P1,Penanaman aktif,68.4,66,75,38,tinggi,Kebutuhan dan kelayakan relatif tinggi.,mangrove-priority-2016-2025-v0.1
138,4,MPR-2C456FC4D2,Kelurahan Bagan Barat,Bangko,Rokan Hilir,0.29,P1,Penanaman aktif,68.4,66,75,38,tinggi,Kebutuhan dan kelayakan relatif tinggi.,mangrove-priority-2016-2025-v0.1
139,5,MPR-BB9B746254,Kelurahan Bagan Barat,Bangko,Rokan Hilir,0.208,P1,Penanaman aktif,68.4,66,75,38,tinggi,Kebutuhan dan kelayakan relatif tinggi.,mangrove-priority-2016-2025-v0.1
140,6,MPR-759122B896,Kelurahan Bagan Barat,Bangko,Rokan Hilir,0.192,P1,Penanaman aktif,68.4,66,75,38,tinggi,Kebutuhan dan kelayakan relatif tinggi.,mangrove-priority-2016-2025-v0.1
141,7,MPR-0F3008786E,Kelurahan Bagan Barat,Bangko,Rokan Hilir,0.165,P1,Penanaman aktif,68.4,66,75,38,tinggi,Kebutuhan dan kelayakan relatif tinggi.,mangrove-priority-2016-2025-v0.1
142,8,MPR-5C92D257D1,Kelurahan Bagan Barat,Bangko,Rokan Hilir,0.111,P1,Penanaman aktif,68.4,66,75,38,tinggi,Kebutuhan dan kelayakan relatif tinggi.,mangrove-priority-2016-2025-v0.1
143,9,MPR-B669CE5307,Kelurahan Bagan Barat,Bangko,Rokan Hilir,0.102,P1,Penanaman aktif,68.4,66,75,38,tinggi,Kebutuhan dan kelayakan relatif tinggi.,mangrove-priority-2016-2025-v0.1
144,10,MPR-D6A826D632,Kelurahan Bagan Barat,Bangko,Rokan Hilir,0.1,P1,Penanaman aktif,68.4,66,75,38,tinggi,Kebutuhan dan kelayakan relatif tinggi.,mangrove-priority-2016-2025-v0.1
145,11,MPR-7DF05891F1,Kelurahan Bagan Barat,Bangko,Rokan Hilir,0.097,P1,Penanaman aktif,68.4,66,75,38,tinggi,Kebutuhan dan kelayakan relatif tinggi.,mangrove-priority-2016-2025-v0.1
146,12,MPR-CE24A8ACF7,Kelurahan Bagan Barat,Bangko,Rokan Hilir,0.096,P1,Penanaman aktif,68.4,66,75,38,tinggi,Kebutuhan dan kelayakan relatif tinggi.,mangrove-priority-2016-2025-v0.1
147,13,MPR-8E9CCA38A4,Kelurahan Bagan Barat,Bangko,Rokan Hilir,0.09,P1,Penanaman aktif,68.4,66,75,38,tinggi,Kebutuhan dan kelayakan relatif tinggi.,mangrove-priority-2016-2025-v0.1
148,14,MPR-56B664B48F,Kelurahan Bagan Barat,Bangko,Rokan Hilir,0.085,P1,Penanaman aktif,68.4,66,75,38,tinggi,Kebutuhan dan kelayakan relatif tinggi.,mangrove-priority-2016-2025-v0.1
149,15,MPR-76544C30CC,Kelurahan Bagan Barat,Bangko,Rokan Hilir,0.08,P1,Penanaman aktif,68.4,66,75,38,tinggi,Kebutuhan dan kelayakan relatif tinggi.,mangrove-priority-2016-2025-v0.1
150,16,MPR-966F7D3FEA,Kelurahan Bagan Barat,Bangko,Rokan Hilir,0.061,P1,Penanaman aktif,68.4,66,75,38,tinggi,Kebutuhan dan kelayakan relatif tinggi.,mangrove-priority-2016-2025-v0.1
151,17,MPR-592FB68B45,Kelurahan Bagan Barat,Bangko,Rokan Hilir,0.052,P1,Penanaman aktif,68.4,66,75,38,tinggi,Kebutuhan dan kelayakan relatif tinggi.,mangrove-priority-2016-2025-v0.1
152,18,MPR-FA9144B676,Kelurahan Bagan Barat,Bangko,Rokan Hilir,1.315,P1,Penanaman aktif,68.3,68,73,39,tinggi,Kebutuhan dan kelayakan relatif tinggi.,mangrove-priority-2016-2025-v0.1
153,38,MPR-BF29089695,Sei Bakau,Sinaboi,Rokan Hilir,5.642,P1,Penanaman aktif,68.2,66,77,42,tinggi,Kebutuhan dan kelayakan relatif tinggi.,mangrove-priority-2016-2025-v0.1
154,19,MPR-53D0329028,Kelurahan Bagan Barat,Bangko,Rokan Hilir,1.673,P1,Penanaman aktif,68.2,68,73,40,tinggi,Kebutuhan dan kelayakan relatif tinggi.,mangrove-priority-2016-2025-v0.1
155,20,MPR-48DB7A658E,Kelurahan Bagan Barat,Bangko,Rokan Hilir,1.57,P1,Penanaman aktif,68.2,68,73,40,tinggi,Kebutuhan dan kelayakan relatif tinggi.,mangrove-priority-2016-2025-v0.1
156,21,MPR-72927E0044,Kelurahan Bagan Barat,Bangko,Rokan Hilir,1.472,P1,Penanaman aktif,68.2,68,73,40,tinggi,Kebutuhan dan kelayakan relatif tinggi.,mangrove-priority-2016-2025-v0.1
157,22,MPR-C59498213F,Kelurahan Bagan Barat,Bangko,Rokan Hilir,1.045,P1,Penanaman aktif,68.2,67,74,39,tinggi,Kebutuhan dan kelayakan relatif tinggi.,mangrove-priority-2016-2025-v0.1
158,23,MPR-B7452F7C2B,Kelurahan Bagan Barat,Bangko,Rokan Hilir,0.89,P1,Penanaman aktif,68.2,67,74,39,tinggi,Kebutuhan dan kelayakan relatif tinggi.,mangrove-priority-2016-2025-v0.1
159,24,MPR-D26FE21508,Kelurahan Bagan Barat,Bangko,Rokan Hilir,0.849,P1,Penanaman aktif,68.2,67,74,39,tinggi,Kebutuhan dan kelayakan relatif tinggi.,mangrove-priority-2016-2025-v0.1
160,25,MPR-6889EEF9AA,Kelurahan Bagan Barat,Bangko,Rokan Hilir,0.769,P1,Penanaman aktif,68.2,67,74,39,tinggi,Kebutuhan dan kelayakan relatif tinggi.,mangrove-priority-2016-2025-v0.1
161,26,MPR-DDA5F83706,Kelurahan Bagan Barat,Bangko,Rokan Hilir,0.371,P1,Penanaman aktif,68.0,66,74,38,tinggi,Kebutuhan dan kelayakan relatif tinggi.,mangrove-priority-2016-2025-v0.1
162,42,MPR-148FDF27EA,Sinaboi,Sinaboi,Rokan Hilir,3.48,P2,Regenerasi alami terbantu,67.9,62,80,40,tinggi,Kondisi biofisik relatif mendukung pemulihan vegetasi.,mangrove-priority-2016-2025-v0.1
163,32,MPR-6524F24250,Bagan Jawa Pesisir,Bangko,Rokan Hilir,7.09,P1,Penanaman aktif,67.8,72,75,54,tinggi,Kebutuhan dan kelayakan relatif tinggi.,mangrove-priority-2016-2025-v0.1
164,33,MPR-D1E324DEC9,Bagan Jawa Pesisir,Bangko,Rokan Hilir,7.432,P1,Penanaman aktif,67.7,72,75,55,tinggi,Kebutuhan dan kelayakan relatif tinggi.,mangrove-priority-2016-2025-v0.1
165,27,MPR-3F1BFE570F,Kelurahan Bagan Barat,Bangko,Rokan Hilir,3.244,P1,Penanaman aktif,67.6,70,70,42,tinggi,Kebutuhan dan kelayakan relatif tinggi.,mangrove-priority-2016-2025-v0.1
166,1,MPR-0A825BE408,Kelurahan Bagan Hulu,Bangko,Rokan Hilir,0.31,P2,Regenerasi alami terbantu,67.5,51,85,26,tinggi,Kondisi biofisik relatif mendukung pemulihan vegetasi.,mangrove-priority-2016-2025-v0.1
167,1,MPR-F9378FF8AC,Pekaitan,Pekaitan,Rokan Hilir,0.24,P2,Regenerasi alami terbantu,67.5,55,81,28,sedang,Kondisi biofisik relatif mendukung pemulihan vegetasi.,mangrove-priority-2016-2025-v0.1
168,2,MPR-D2B4107CDD,Pekaitan,Pekaitan,Rokan Hilir,0.2,P2,Regenerasi alami terbantu,67.5,55,81,28,sedang,Kondisi biofisik relatif mendukung pemulihan vegetasi.,mangrove-priority-2016-2025-v0.1
169,1,MPR-5AA9CFE039,Panipahan Darat,Pasir Limau Kapas,Rokan Hilir,0.14,P2,Regenerasi alami terbantu,67.5,51,85,26,sedang,Kondisi biofisik relatif mendukung pemulihan vegetasi.,mangrove-priority-2016-2025-v0.1
170,2,MPR-AAC0F7631A,Panipahan Darat,Pasir Limau Kapas,Rokan Hilir,0.14,P2,Regenerasi alami terbantu,67.5,51,85,26,sedang,Kondisi biofisik relatif mendukung pemulihan vegetasi.,mangrove-priority-2016-2025-v0.1
171,3,MPR-E2379F9CF6,Panipahan Darat,Pasir Limau Kapas,Rokan Hilir,0.14,P2,Regenerasi alami terbantu,67.5,51,85,26,sedang,Kondisi biofisik relatif mendukung pemulihan vegetasi.,mangrove-priority-2016-2025-v0.1
172,4,MPR-FA9712C6EE,Panipahan Darat,Pasir Limau Kapas,Rokan Hilir,0.14,P2,Regenerasi alami terbantu,67.5,51,85,26,sedang,Kondisi biofisik relatif mendukung pemulihan vegetasi.,mangrove-priority-2016-2025-v0.1
173,5,MPR-63DBD8588A,Panipahan Darat,Pasir Limau Kapas,Rokan Hilir,0.13,P2,Regenerasi alami terbantu,67.5,51,85,26,sedang,Kondisi biofisik relatif mendukung pemulihan vegetasi.,mangrove-priority-2016-2025-v0.1
174,3,MPR-BA06D2312B,Pekaitan,Pekaitan,Rokan Hilir,0.13,P2,Regenerasi alami terbantu,67.5,55,81,28,sedang,Kondisi biofisik relatif mendukung pemulihan vegetasi.,mangrove-priority-2016-2025-v0.1
175,6,MPR-D42EE0B7E0,Panipahan Darat,Pasir Limau Kapas,Rokan Hilir,0.128,P2,Regenerasi alami terbantu,67.5,51,85,26,sedang,Kondisi biofisik relatif mendukung pemulihan vegetasi.,mangrove-priority-2016-2025-v0.1
176,7,MPR-E659F508F0,Panipahan Darat,Pasir Limau Kapas,Rokan Hilir,0.127,P2,Regenerasi alami terbantu,67.5,51,85,26,sedang,Kondisi biofisik relatif mendukung pemulihan vegetasi.,mangrove-priority-2016-2025-v0.1
177,8,MPR-2C26200F18,Panipahan Darat,Pasir Limau Kapas,Rokan Hilir,0.12,P2,Regenerasi alami terbantu,67.5,51,85,26,sedang,Kondisi biofisik relatif mendukung pemulihan vegetasi.,mangrove-priority-2016-2025-v0.1
178,9,MPR-E493D5659B,Panipahan Darat,Pasir Limau Kapas,Rokan Hilir,0.117,P2,Regenerasi alami terbantu,67.5,51,85,26,sedang,Kondisi biofisik relatif mendukung pemulihan vegetasi.,mangrove-priority-2016-2025-v0.1
179,10,MPR-57B7E8ADC9,Panipahan Darat,Pasir Limau Kapas,Rokan Hilir,0.11,P2,Regenerasi alami terbantu,67.5,51,85,26,sedang,Kondisi biofisik relatif mendukung pemulihan vegetasi.,mangrove-priority-2016-2025-v0.1
180,4,MPR-8C2105085F,Pekaitan,Pekaitan,Rokan Hilir,0.11,P2,Regenerasi alami terbantu,67.5,55,81,28,sedang,Kondisi biofisik relatif mendukung pemulihan vegetasi.,mangrove-priority-2016-2025-v0.1
181,5,MPR-E55BC88111,Pekaitan,Pekaitan,Rokan Hilir,0.11,P2,Regenerasi alami terbantu,67.5,55,81,28,sedang,Kondisi biofisik relatif mendukung pemulihan vegetasi.,mangrove-priority-2016-2025-v0.1
182,11,MPR-934535BECA,Panipahan Darat,Pasir Limau Kapas,Rokan Hilir,0.1,P2,Regenerasi alami terbantu,67.5,51,85,26,sedang,Kondisi biofisik relatif mendukung pemulihan vegetasi.,mangrove-priority-2016-2025-v0.1
183,12,MPR-F047C1655F,Panipahan Darat,Pasir Limau Kapas,Rokan Hilir,0.099,P2,Regenerasi alami terbantu,67.5,51,85,26,sedang,Kondisi biofisik relatif mendukung pemulihan vegetasi.,mangrove-priority-2016-2025-v0.1
184,13,MPR-1589C32162,Panipahan Darat,Pasir Limau Kapas,Rokan Hilir,0.08,P2,Regenerasi alami terbantu,67.5,51,85,26,sedang,Kondisi biofisik relatif mendukung pemulihan vegetasi.,mangrove-priority-2016-2025-v0.1
185,14,MPR-A3C7B0D3BE,Panipahan Darat,Pasir Limau Kapas,Rokan Hilir,0.08,P2,Regenerasi alami terbantu,67.5,51,85,26,sedang,Kondisi biofisik relatif mendukung pemulihan vegetasi.,mangrove-priority-2016-2025-v0.1
186,2,MPR-AAA524705C,Kelurahan Bagan Hulu,Bangko,Rokan Hilir,0.08,P2,Regenerasi alami terbantu,67.5,51,85,26,tinggi,Kondisi biofisik relatif mendukung pemulihan vegetasi.,mangrove-priority-2016-2025-v0.1
187,15,MPR-0D89E3B94E,Panipahan Darat,Pasir Limau Kapas,Rokan Hilir,0.069,P2,Regenerasi alami terbantu,67.5,51,85,26,sedang,Kondisi biofisik relatif mendukung pemulihan vegetasi.,mangrove-priority-2016-2025-v0.1
188,16,MPR-8C9BA09C72,Panipahan Darat,Pasir Limau Kapas,Rokan Hilir,0.066,P2,Regenerasi alami terbantu,67.5,51,85,26,sedang,Kondisi biofisik relatif mendukung pemulihan vegetasi.,mangrove-priority-2016-2025-v0.1
189,17,MPR-62576B6BF3,Panipahan Darat,Pasir Limau Kapas,Rokan Hilir,0.065,P2,Regenerasi alami terbantu,67.5,51,85,26,sedang,Kondisi biofisik relatif mendukung pemulihan vegetasi.,mangrove-priority-2016-2025-v0.1
190,3,MPR-7ECF6B0247,Kelurahan Bagan Hulu,Bangko,Rokan Hilir,0.853,P2,Regenerasi alami terbantu,67.4,52,84,27,tinggi,Kondisi biofisik relatif mendukung pemulihan vegetasi.,mangrove-priority-2016-2025-v0.1
191,6,MPR-4B459AD6F1,Pekaitan,Pekaitan,Rokan Hilir,0.73,P2,Regenerasi alami terbantu,67.4,56,80,29,sedang,Kondisi biofisik relatif mendukung pemulihan vegetasi.,mangrove-priority-2016-2025-v0.1
192,18,MPR-EF9E48F241,Panipahan Darat,Pasir Limau Kapas,Rokan Hilir,0.476,P2,Regenerasi alami terbantu,67.4,52,84,27,sedang,Kondisi biofisik relatif mendukung pemulihan vegetasi.,mangrove-priority-2016-2025-v0.1
193,19,MPR-38F7E6A562,Panipahan Darat,Pasir Limau Kapas,Rokan Hilir,0.422,P2,Regenerasi alami terbantu,67.4,52,84,27,sedang,Kondisi biofisik relatif mendukung pemulihan vegetasi.,mangrove-priority-2016-2025-v0.1
194,20,MPR-E8E108982B,Panipahan Darat,Pasir Limau Kapas,Rokan Hilir,1.309,P2,Regenerasi alami terbantu,67.3,53,83,28,sedang,Kondisi biofisik relatif mendukung pemulihan vegetasi.,mangrove-priority-2016-2025-v0.1
195,21,MPR-D047F84FBD,Panipahan Darat,Pasir Limau Kapas,Rokan Hilir,0.278,P2,Regenerasi alami terbantu,67.3,51,85,27,sedang,Kondisi biofisik relatif mendukung pemulihan vegetasi.,mangrove-priority-2016-2025-v0.1
196,22,MPR-9676565FF0,Panipahan Darat,Pasir Limau Kapas,Rokan Hilir,0.249,P2,Regenerasi alami terbantu,67.3,51,85,27,sedang,Kondisi biofisik relatif mendukung pemulihan vegetasi.,mangrove-priority-2016-2025-v0.1
197,23,MPR-00183B1ADD,Panipahan Darat,Pasir Limau Kapas,Rokan Hilir,0.187,P2,Regenerasi alami terbantu,67.3,51,85,27,sedang,Kondisi biofisik relatif mendukung pemulihan vegetasi.,mangrove-priority-2016-2025-v0.1
198,24,MPR-02B042E262,Panipahan Darat,Pasir Limau Kapas,Rokan Hilir,0.185,P2,Regenerasi alami terbantu,67.3,51,85,27,sedang,Kondisi biofisik relatif mendukung pemulihan vegetasi.,mangrove-priority-2016-2025-v0.1
199,25,MPR-67DDDACEEA,Panipahan Darat,Pasir Limau Kapas,Rokan Hilir,0.18,P2,Regenerasi alami terbantu,67.3,51,85,27,sedang,Kondisi biofisik relatif mendukung pemulihan vegetasi.,mangrove-priority-2016-2025-v0.1
200,26,MPR-AC397F8887,Panipahan Darat,Pasir Limau Kapas,Rokan Hilir,0.18,P2,Regenerasi alami terbantu,67.3,51,85,27,sedang,Kondisi biofisik relatif mendukung pemulihan vegetasi.,mangrove-priority-2016-2025-v0.1
201,27,MPR-0F303C3A22,Panipahan Darat,Pasir Limau Kapas,Rokan Hilir,0.17,P2,Regenerasi alami terbantu,67.3,51,85,27,sedang,Kondisi biofisik relatif mendukung pemulihan vegetasi.,mangrove-priority-2016-2025-v0.1
202,28,MPR-91B2846C5F,Panipahan Darat,Pasir Limau Kapas,Rokan Hilir,0.16,P2,Regenerasi alami terbantu,67.3,51,85,27,sedang,Kondisi biofisik relatif mendukung pemulihan vegetasi.,mangrove-priority-2016-2025-v0.1
203,29,MPR-C43F3E3EDB,Panipahan Darat,Pasir Limau Kapas,Rokan Hilir,1.72,P2,Regenerasi alami terbantu,67.1,53,83,29,sedang,Kondisi biofisik relatif mendukung pemulihan vegetasi.,mangrove-priority-2016-2025-v0.1
204,28,MPR-A49B9F2196,Kelurahan Bagan Barat,Bangko,Rokan Hilir,6.295,P3,Pemulihan hidrologi,67.0,74,66,47,tinggi,Kelayakan sedang; konektivitas pasang surut perlu dipulihkan.,mangrove-priority-2016-2025-v0.1
205,6,MPR-FA7943ABA7,Bagan Punak Pesisir,Bangko,Rokan Hilir,13.277,P3,Pemulihan hidrologi,66.9,79,66,59,tinggi,Kelayakan sedang; konektivitas pasang surut perlu dipulihkan.,mangrove-priority-2016-2025-v0.1
206,30,MPR-40D11A5938,Panipahan Darat,Pasir Limau Kapas,Rokan Hilir,1.081,P2,Regenerasi alami terbantu,66.9,52,83,28,sedang,Kondisi biofisik relatif mendukung pemulihan vegetasi.,mangrove-priority-2016-2025-v0.1
207,31,MPR-AE449A68D6,Panipahan Darat,Pasir Limau Kapas,Rokan Hilir,1.076,P2,Regenerasi alami terbantu,66.9,52,83,28,sedang,Kondisi biofisik relatif mendukung pemulihan vegetasi.,mangrove-priority-2016-2025-v0.1
208,32,MPR-45C2AF8E63,Panipahan Darat,Pasir Limau Kapas,Rokan Hilir,0.386,P2,Regenerasi alami terbantu,66.9,51,84,27,sedang,Kondisi biofisik relatif mendukung pemulihan vegetasi.,mangrove-priority-2016-2025-v0.1
209,7,MPR-7130E2B5F5,Pekaitan,Pekaitan,Rokan Hilir,1.93,P2,Regenerasi alami terbantu,66.8,57,78,31,sedang,Kondisi biofisik relatif mendukung pemulihan vegetasi.,mangrove-priority-2016-2025-v0.1
210,1,MPR-143126818D,Panipahan Laut,Pasir Limau Kapas,Rokan Hilir,0.33,P2,Regenerasi alami terbantu,66.7,62,85,55,sedang,Kondisi biofisik relatif mendukung pemulihan vegetasi.,mangrove-priority-2016-2025-v0.1
211,2,MPR-4AF000937D,Panipahan Laut,Pasir Limau Kapas,Rokan Hilir,0.3,P2,Regenerasi alami terbantu,66.7,62,85,55,sedang,Kondisi biofisik relatif mendukung pemulihan vegetasi.,mangrove-priority-2016-2025-v0.1
212,3,MPR-4C5FFB37BE,Panipahan Laut,Pasir Limau Kapas,Rokan Hilir,0.27,P2,Regenerasi alami terbantu,66.7,62,85,55,sedang,Kondisi biofisik relatif mendukung pemulihan vegetasi.,mangrove-priority-2016-2025-v0.1
213,4,MPR-AB3F28D980,Panipahan Laut,Pasir Limau Kapas,Rokan Hilir,0.23,P2,Regenerasi alami terbantu,66.7,62,85,55,sedang,Kondisi biofisik relatif mendukung pemulihan vegetasi.,mangrove-priority-2016-2025-v0.1
214,5,MPR-932C63EAD0,Panipahan Laut,Pasir Limau Kapas,Rokan Hilir,0.22,P2,Regenerasi alami terbantu,66.7,62,85,55,sedang,Kondisi biofisik relatif mendukung pemulihan vegetasi.,mangrove-priority-2016-2025-v0.1
215,6,MPR-2900FAC12B,Panipahan Laut,Pasir Limau Kapas,Rokan Hilir,0.178,P2,Regenerasi alami terbantu,66.7,62,85,55,sedang,Kondisi biofisik relatif mendukung pemulihan vegetasi.,mangrove-priority-2016-2025-v0.1
216,7,MPR-015C8A21B0,Panipahan Laut,Pasir Limau Kapas,Rokan Hilir,0.17,P2,Regenerasi alami terbantu,66.7,62,85,55,sedang,Kondisi biofisik relatif mendukung pemulihan vegetasi.,mangrove-priority-2016-2025-v0.1
217,8,MPR-7C790EF61D,Panipahan Laut,Pasir Limau Kapas,Rokan Hilir,0.1,P2,Regenerasi alami terbantu,66.7,62,85,55,sedang,Kondisi biofisik relatif mendukung pemulihan vegetasi.,mangrove-priority-2016-2025-v0.1
218,9,MPR-628378BC21,Panipahan Laut,Pasir Limau Kapas,Rokan Hilir,0.08,P2,Regenerasi alami terbantu,66.7,62,85,55,sedang,Kondisi biofisik relatif mendukung pemulihan vegetasi.,mangrove-priority-2016-2025-v0.1
219,10,MPR-63EF906C4A,Panipahan Laut,Pasir Limau Kapas,Rokan Hilir,0.08,P2,Regenerasi alami terbantu,66.7,62,85,55,sedang,Kondisi biofisik relatif mendukung pemulihan vegetasi.,mangrove-priority-2016-2025-v0.1
220,11,MPR-2B1664E8B8,Panipahan Laut,Pasir Limau Kapas,Rokan Hilir,0.078,P2,Regenerasi alami terbantu,66.7,62,85,55,sedang,Kondisi biofisik relatif mendukung pemulihan vegetasi.,mangrove-priority-2016-2025-v0.1
221,12,MPR-37A47A487F,Panipahan Laut,Pasir Limau Kapas,Rokan Hilir,0.05,X,Tidak direkomendasikan,66.7,62,85,55,sedang,Area terlalu kecil dan terisolasi untuk diprioritaskan.,mangrove-priority-2016-2025-v0.1
222,13,MPR-B42DCA65F9,Panipahan Laut,Pasir Limau Kapas,Rokan Hilir,0.05,P2,Regenerasi alami terbantu,66.7,62,85,55,sedang,Kondisi biofisik relatif mendukung pemulihan vegetasi.,mangrove-priority-2016-2025-v0.1
223,29,MPR-D10618F65F,Kelurahan Bagan Barat,Bangko,Rokan Hilir,6.225,P3,Pemulihan hidrologi,66.6,73,66,47,tinggi,Kelayakan sedang; konektivitas pasang surut perlu dipulihkan.,mangrove-priority-2016-2025-v0.1
224,14,MPR-ADBE25736F,Panipahan Laut,Pasir Limau Kapas,Rokan Hilir,0.69,P2,Regenerasi alami terbantu,66.5,63,84,56,sedang,Kondisi biofisik relatif mendukung pemulihan vegetasi.,mangrove-priority-2016-2025-v0.1
225,15,MPR-7211D66B53,Panipahan Laut,Pasir Limau Kapas,Rokan Hilir,0.57,P2,Regenerasi alami terbantu,66.5,63,84,56,sedang,Kondisi biofisik relatif mendukung pemulihan vegetasi.,mangrove-priority-2016-2025-v0.1
226,16,MPR-DF57D4E04C,Panipahan Laut,Pasir Limau Kapas,Rokan Hilir,0.52,P2,Regenerasi alami terbantu,66.5,63,84,56,sedang,Kondisi biofisik relatif mendukung pemulihan vegetasi.,mangrove-priority-2016-2025-v0.1
227,17,MPR-5ED1A1A4E9,Panipahan Laut,Pasir Limau Kapas,Rokan Hilir,0.36,P2,Regenerasi alami terbantu,66.3,62,84,55,sedang,Kondisi biofisik relatif mendukung pemulihan vegetasi.,mangrove-priority-2016-2025-v0.1
228,4,MPR-EF427376E5,Kelurahan Bagan Hulu,Bangko,Rokan Hilir,5.455,P2,Regenerasi alami terbantu,66.2,58,77,34,tinggi,Kondisi biofisik relatif mendukung pemulihan vegetasi.,mangrove-priority-2016-2025-v0.1
229,1,MPR-7DC163617D,Darussalam,Sinaboi,Rokan Hilir,0.45,P2,Regenerasi alami terbantu,66.1,58,84,47,tinggi,Kondisi biofisik relatif mendukung pemulihan vegetasi.,mangrove-priority-2016-2025-v0.1
230,2,MPR-526CAF64E3,Darussalam,Sinaboi,Rokan Hilir,0.33,P2,Regenerasi alami terbantu,66.0,57,85,47,tinggi,Kondisi biofisik relatif mendukung pemulihan vegetasi.,mangrove-priority-2016-2025-v0.1
231,3,MPR-6DAAB0EDF8,Darussalam,Sinaboi,Rokan Hilir,0.33,P2,Regenerasi alami terbantu,66.0,57,85,47,tinggi,Kondisi biofisik relatif mendukung pemulihan vegetasi.,mangrove-priority-2016-2025-v0.1
232,4,MPR-6BA6B2BA2F,Darussalam,Sinaboi,Rokan Hilir,0.31,P2,Regenerasi alami terbantu,66.0,57,85,47,tinggi,Kondisi biofisik relatif mendukung pemulihan vegetasi.,mangrove-priority-2016-2025-v0.1
233,5,MPR-59F5FC5707,Darussalam,Sinaboi,Rokan Hilir,0.27,P2,Regenerasi alami terbantu,66.0,57,85,47,tinggi,Kondisi biofisik relatif mendukung pemulihan vegetasi.,mangrove-priority-2016-2025-v0.1
234,6,MPR-71D3B4F5A6,Darussalam,Sinaboi,Rokan Hilir,0.25,P2,Regenerasi alami terbantu,66.0,57,85,47,tinggi,Kondisi biofisik relatif mendukung pemulihan vegetasi.,mangrove-priority-2016-2025-v0.1
235,7,MPR-93A0DDCFA0,Darussalam,Sinaboi,Rokan Hilir,0.25,P2,Regenerasi alami terbantu,66.0,57,85,47,tinggi,Kondisi biofisik relatif mendukung pemulihan vegetasi.,mangrove-priority-2016-2025-v0.1
236,8,MPR-2F646C362F,Darussalam,Sinaboi,Rokan Hilir,0.23,P2,Regenerasi alami terbantu,66.0,57,85,47,tinggi,Kondisi biofisik relatif mendukung pemulihan vegetasi.,mangrove-priority-2016-2025-v0.1
237,9,MPR-D127C9ED0F,Darussalam,Sinaboi,Rokan Hilir,0.19,P2,Regenerasi alami terbantu,66.0,57,85,47,tinggi,Kondisi biofisik relatif mendukung pemulihan vegetasi.,mangrove-priority-2016-2025-v0.1
238,10,MPR-F4A2121FBB,Darussalam,Sinaboi,Rokan Hilir,0.19,P2,Regenerasi alami terbantu,66.0,57,85,47,tinggi,Kondisi biofisik relatif mendukung pemulihan vegetasi.,mangrove-priority-2016-2025-v0.1
239,11,MPR-8800E2CFEC,Darussalam,Sinaboi,Rokan Hilir,0.18,P2,Regenerasi alami terbantu,66.0,57,85,47,tinggi,Kondisi biofisik relatif mendukung pemulihan vegetasi.,mangrove-priority-2016-2025-v0.1
240,12,MPR-9AEA0DCB41,Darussalam,Sinaboi,Rokan Hilir,0.18,P2,Regenerasi alami terbantu,66.0,57,85,47,tinggi,Kondisi biofisik relatif mendukung pemulihan vegetasi.,mangrove-priority-2016-2025-v0.1
241,13,MPR-C8ADAC59D8,Darussalam,Sinaboi,Rokan Hilir,0.18,P2,Regenerasi alami terbantu,66.0,57,85,47,tinggi,Kondisi biofisik relatif mendukung pemulihan vegetasi.,mangrove-priority-2016-2025-v0.1
242,1,MPR-5A2750CB7C,Telukpulai,Pasir Limau Kapas,Rokan Hilir,0.16,P2,Regenerasi alami terbantu,66.0,50,82,26,sedang,Kondisi biofisik relatif mendukung pemulihan vegetasi.,mangrove-priority-2016-2025-v0.1
243,14,MPR-0EA7447643,Darussalam,Sinaboi,Rokan Hilir,0.15,P2,Regenerasi alami terbantu,66.0,57,85,47,tinggi,Kondisi biofisik relatif mendukung pemulihan vegetasi.,mangrove-priority-2016-2025-v0.1
244,15,MPR-0F64C8820D,Darussalam,Sinaboi,Rokan Hilir,0.14,P2,Regenerasi alami terbantu,66.0,57,85,47,tinggi,Kondisi biofisik relatif mendukung pemulihan vegetasi.,mangrove-priority-2016-2025-v0.1
245,2,MPR-27DF0559CC,Telukpulai,Pasir Limau Kapas,Rokan Hilir,0.14,P2,Regenerasi alami terbantu,66.0,50,82,26,sedang,Kondisi biofisik relatif mendukung pemulihan vegetasi.,mangrove-priority-2016-2025-v0.1
246,16,MPR-FB55318628,Darussalam,Sinaboi,Rokan Hilir,0.14,P2,Regenerasi alami terbantu,66.0,57,85,47,tinggi,Kondisi biofisik relatif mendukung pemulihan vegetasi.,mangrove-priority-2016-2025-v0.1
247,17,MPR-380461DF21,Darussalam,Sinaboi,Rokan Hilir,0.12,P2,Regenerasi alami terbantu,66.0,57,85,47,tinggi,Kondisi biofisik relatif mendukung pemulihan vegetasi.,mangrove-priority-2016-2025-v0.1
248,18,MPR-090E68A10C,Darussalam,Sinaboi,Rokan Hilir,0.11,P2,Regenerasi alami terbantu,66.0,57,85,47,tinggi,Kondisi biofisik relatif mendukung pemulihan vegetasi.,mangrove-priority-2016-2025-v0.1
249,19,MPR-7F7249DC4F,Darussalam,Sinaboi,Rokan Hilir,0.11,P2,Regenerasi alami terbantu,66.0,57,85,47,tinggi,Kondisi biofisik relatif mendukung pemulihan vegetasi.,mangrove-priority-2016-2025-v0.1
250,20,MPR-9E37D52732,Darussalam,Sinaboi,Rokan Hilir,0.11,P2,Regenerasi alami terbantu,66.0,57,85,47,tinggi,Kondisi biofisik relatif mendukung pemulihan vegetasi.,mangrove-priority-2016-2025-v0.1
251,21,MPR-F0DD69C091,Darussalam,Sinaboi,Rokan Hilir,0.11,P2,Regenerasi alami terbantu,66.0,57,85,47,tinggi,Kondisi biofisik relatif mendukung pemulihan vegetasi.,mangrove-priority-2016-2025-v0.1
252,22,MPR-07C51272BA,Darussalam,Sinaboi,Rokan Hilir,0.1,P2,Regenerasi alami terbantu,66.0,57,85,47,tinggi,Kondisi biofisik relatif mendukung pemulihan vegetasi.,mangrove-priority-2016-2025-v0.1
253,3,MPR-2518E12686,Telukpulai,Pasir Limau Kapas,Rokan Hilir,0.08,P2,Regenerasi alami terbantu,66.0,50,82,26,sedang,Kondisi biofisik relatif mendukung pemulihan vegetasi.,mangrove-priority-2016-2025-v0.1
254,23,MPR-67B35E0D9E,Darussalam,Sinaboi,Rokan Hilir,0.08,P2,Regenerasi alami terbantu,66.0,57,85,47,tinggi,Kondisi biofisik relatif mendukung pemulihan vegetasi.,mangrove-priority-2016-2025-v0.1
255,24,MPR-842345547A,Darussalam,Sinaboi,Rokan Hilir,0.08,P2,Regenerasi alami terbantu,66.0,57,85,47,tinggi,Kondisi biofisik relatif mendukung pemulihan vegetasi.,mangrove-priority-2016-2025-v0.1
256,25,MPR-A6B1F0778B,Darussalam,Sinaboi,Rokan Hilir,0.08,P2,Regenerasi alami terbantu,66.0,57,85,47,tinggi,Kondisi biofisik relatif mendukung pemulihan vegetasi.,mangrove-priority-2016-2025-v0.1
257,4,MPR-BF0DA4776F,Telukpulai,Pasir Limau Kapas,Rokan Hilir,0.08,P2,Regenerasi alami terbantu,66.0,50,82,26,sedang,Kondisi biofisik relatif mendukung pemulihan vegetasi.,mangrove-priority-2016-2025-v0.1
258,18,MPR-003C5FFFC3,Panipahan Laut,Pasir Limau Kapas,Rokan Hilir,1.9,P2,Regenerasi alami terbantu,65.9,64,82,58,sedang,Kondisi biofisik relatif mendukung pemulihan vegetasi.,mangrove-priority-2016-2025-v0.1
259,26,MPR-B4BCE7546C,Darussalam,Sinaboi,Rokan Hilir,0.84,P2,Regenerasi alami terbantu,65.9,58,84,48,tinggi,Kondisi biofisik relatif mendukung pemulihan vegetasi.,mangrove-priority-2016-2025-v0.1
260,27,MPR-A8CE278FE9,Darussalam,Sinaboi,Rokan Hilir,0.78,P2,Regenerasi alami terbantu,65.9,58,84,48,tinggi,Kondisi biofisik relatif mendukung pemulihan vegetasi.,mangrove-priority-2016-2025-v0.1
261,5,MPR-B5D401A458,Telukpulai,Pasir Limau Kapas,Rokan Hilir,0.48,P2,Regenerasi alami terbantu,65.9,51,81,27,sedang,Kondisi biofisik relatif mendukung pemulihan vegetasi.,mangrove-priority-2016-2025-v0.1
262,28,MPR-52EE87992C,Darussalam,Sinaboi,Rokan Hilir,1.49,P2,Regenerasi alami terbantu,65.8,59,83,49,tinggi,Kondisi biofisik relatif mendukung pemulihan vegetasi.,mangrove-priority-2016-2025-v0.1
263,29,MPR-754B97D784,Darussalam,Sinaboi,Rokan Hilir,1.25,P2,Regenerasi alami terbantu,65.8,59,83,49,tinggi,Kondisi biofisik relatif mendukung pemulihan vegetasi.,mangrove-priority-2016-2025-v0.1
264,6,MPR-74903AACB1,Telukpulai,Pasir Limau Kapas,Rokan Hilir,0.22,P2,Regenerasi alami terbantu,65.8,50,82,27,sedang,Kondisi biofisik relatif mendukung pemulihan vegetasi.,mangrove-priority-2016-2025-v0.1
265,7,MPR-76DCE32C0C,Telukpulai,Pasir Limau Kapas,Rokan Hilir,0.18,P2,Regenerasi alami terbantu,65.8,50,82,27,sedang,Kondisi biofisik relatif mendukung pemulihan vegetasi.,mangrove-priority-2016-2025-v0.1
266,30,MPR-627016DC6F,Darussalam,Sinaboi,Rokan Hilir,2.28,P2,Regenerasi alami terbantu,65.7,60,82,50,tinggi,Kondisi biofisik relatif mendukung pemulihan vegetasi.,mangrove-priority-2016-2025-v0.1
267,31,MPR-97AEEA7C11,Darussalam,Sinaboi,Rokan Hilir,2.23,P2,Regenerasi alami terbantu,65.7,60,82,50,tinggi,Kondisi biofisik relatif mendukung pemulihan vegetasi.,mangrove-priority-2016-2025-v0.1
268,32,MPR-1EA80F472B,Darussalam,Sinaboi,Rokan Hilir,2.14,P2,Regenerasi alami terbantu,65.7,60,82,50,tinggi,Kondisi biofisik relatif mendukung pemulihan vegetasi.,mangrove-priority-2016-2025-v0.1
269,33,MPR-CED27B873D,Darussalam,Sinaboi,Rokan Hilir,0.36,P2,Regenerasi alami terbantu,65.7,57,84,47,tinggi,Kondisi biofisik relatif mendukung pemulihan vegetasi.,mangrove-priority-2016-2025-v0.1
270,34,MPR-F2C7C25F9F,Darussalam,Sinaboi,Rokan Hilir,0.36,P2,Regenerasi alami terbantu,65.7,57,84,47,tinggi,Kondisi biofisik relatif mendukung pemulihan vegetasi.,mangrove-priority-2016-2025-v0.1
271,8,MPR-F9268BDFB4,Pekaitan,Pekaitan,Rokan Hilir,8.78,P2,Regenerasi alami terbantu,65.6,66,69,41,sedang,Kondisi biofisik relatif mendukung pemulihan vegetasi.,mangrove-priority-2016-2025-v0.1
272,19,MPR-666AF469D0,Panipahan Laut,Pasir Limau Kapas,Rokan Hilir,3.97,P1,Penanaman aktif,65.6,67,79,61,sedang,Kebutuhan dan kelayakan relatif tinggi.,mangrove-priority-2016-2025-v0.1
273,35,MPR-304CF4E0F7,Darussalam,Sinaboi,Rokan Hilir,1.08,P2,Regenerasi alami terbantu,65.5,58,83,48,tinggi,Kondisi biofisik relatif mendukung pemulihan vegetasi.,mangrove-priority-2016-2025-v0.1
274,1,MPR-80867C088E,Parit Aman,Bangko,Rokan Hilir,0.16,P2,Regenerasi alami terbantu,65.5,48,83,26,tinggi,Kondisi biofisik relatif mendukung pemulihan vegetasi.,mangrove-priority-2016-2025-v0.1
275,2,MPR-DFBF494057,Parit Aman,Bangko,Rokan Hilir,0.15,P2,Regenerasi alami terbantu,65.5,48,83,26,tinggi,Kondisi biofisik relatif mendukung pemulihan vegetasi.,mangrove-priority-2016-2025-v0.1
276,3,MPR-CFCB03BDC1,Parit Aman,Bangko,Rokan Hilir,0.12,P2,Regenerasi alami terbantu,65.5,48,83,26,tinggi,Kondisi biofisik relatif mendukung pemulihan vegetasi.,mangrove-priority-2016-2025-v0.1
277,4,MPR-C34F8533BA,Parit Aman,Bangko,Rokan Hilir,0.11,P2,Regenerasi alami terbantu,65.5,48,83,26,tinggi,Kondisi biofisik relatif mendukung pemulihan vegetasi.,mangrove-priority-2016-2025-v0.1
278,5,MPR-CA661813E2,Parit Aman,Bangko,Rokan Hilir,0.11,P2,Regenerasi alami terbantu,65.5,48,83,26,tinggi,Kondisi biofisik relatif mendukung pemulihan vegetasi.,mangrove-priority-2016-2025-v0.1
279,36,MPR-CF544ED4A1,Darussalam,Sinaboi,Rokan Hilir,1.18,P2,Regenerasi alami terbantu,65.3,58,83,49,tinggi,Kondisi biofisik relatif mendukung pemulihan vegetasi.,mangrove-priority-2016-2025-v0.1
280,6,MPR-C41B0D43C1,Parit Aman,Bangko,Rokan Hilir,0.48,P2,Regenerasi alami terbantu,65.3,49,82,27,tinggi,Kondisi biofisik relatif mendukung pemulihan vegetasi.,mangrove-priority-2016-2025-v0.1
281,7,MPR-7456FC3384,Parit Aman,Bangko,Rokan Hilir,0.46,P2,Regenerasi alami terbantu,65.3,49,82,27,tinggi,Kondisi biofisik relatif mendukung pemulihan vegetasi.,mangrove-priority-2016-2025-v0.1
282,8,MPR-7516CC881F,Parit Aman,Bangko,Rokan Hilir,1.39,P2,Regenerasi alami terbantu,65.2,50,81,28,tinggi,Kondisi biofisik relatif mendukung pemulihan vegetasi.,mangrove-priority-2016-2025-v0.1
283,1,MPR-08C009C544,Sungai Daun,Pasir Limau Kapas,Rokan Hilir,0.58,P2,Regenerasi alami terbantu,65.2,60,84,56,tinggi,Kondisi biofisik relatif mendukung pemulihan vegetasi.,mangrove-priority-2016-2025-v0.1
284,2,MPR-11DA635C92,Sungai Daun,Pasir Limau Kapas,Rokan Hilir,0.43,P2,Regenerasi alami terbantu,65.2,60,84,56,tinggi,Kondisi biofisik relatif mendukung pemulihan vegetasi.,mangrove-priority-2016-2025-v0.1
285,37,MPR-8CFC8DBD2D,Darussalam,Sinaboi,Rokan Hilir,2.87,P2,Regenerasi alami terbantu,65.1,60,81,51,tinggi,Kondisi biofisik relatif mendukung pemulihan vegetasi.,mangrove-priority-2016-2025-v0.1
286,3,MPR-0CB797541C,Sungai Daun,Pasir Limau Kapas,Rokan Hilir,0.34,P2,Regenerasi alami terbantu,65.1,59,85,56,tinggi,Kondisi biofisik relatif mendukung pemulihan vegetasi.,mangrove-priority-2016-2025-v0.1
287,4,MPR-337748B760,Sungai Daun,Pasir Limau Kapas,Rokan Hilir,0.34,P2,Regenerasi alami terbantu,65.1,59,85,56,tinggi,Kondisi biofisik relatif mendukung pemulihan vegetasi.,mangrove-priority-2016-2025-v0.1
288,5,MPR-6CC5C0BF58,Sungai Daun,Pasir Limau Kapas,Rokan Hilir,0.34,P2,Regenerasi alami terbantu,65.1,59,85,56,tinggi,Kondisi biofisik relatif mendukung pemulihan vegetasi.,mangrove-priority-2016-2025-v0.1
289,6,MPR-A4ED790F44,Sungai Daun,Pasir Limau Kapas,Rokan Hilir,0.34,P2,Regenerasi alami terbantu,65.1,59,85,56,tinggi,Kondisi biofisik relatif mendukung pemulihan vegetasi.,mangrove-priority-2016-2025-v0.1
290,7,MPR-74BECEF959,Sungai Daun,Pasir Limau Kapas,Rokan Hilir,0.16,P2,Regenerasi alami terbantu,65.1,59,85,56,tinggi,Kondisi biofisik relatif mendukung pemulihan vegetasi.,mangrove-priority-2016-2025-v0.1
291,8,MPR-3454CC8CCE,Sungai Daun,Pasir Limau Kapas,Rokan Hilir,0.157,P2,Regenerasi alami terbantu,65.1,59,85,56,tinggi,Kondisi biofisik relatif mendukung pemulihan vegetasi.,mangrove-priority-2016-2025-v0.1
292,9,MPR-2018519D21,Sungai Daun,Pasir Limau Kapas,Rokan Hilir,0.14,P2,Regenerasi alami terbantu,65.1,59,85,56,tinggi,Kondisi biofisik relatif mendukung pemulihan vegetasi.,mangrove-priority-2016-2025-v0.1
293,10,MPR-10D19C66ED,Sungai Daun,Pasir Limau Kapas,Rokan Hilir,0.13,P2,Regenerasi alami terbantu,65.1,59,85,56,tinggi,Kondisi biofisik relatif mendukung pemulihan vegetasi.,mangrove-priority-2016-2025-v0.1
294,11,MPR-62144DB149,Sungai Daun,Pasir Limau Kapas,Rokan Hilir,0.08,P2,Regenerasi alami terbantu,65.1,59,85,56,tinggi,Kondisi biofisik relatif mendukung pemulihan vegetasi.,mangrove-priority-2016-2025-v0.1
295,12,MPR-8F76320842,Sungai Daun,Pasir Limau Kapas,Rokan Hilir,0.052,P2,Regenerasi alami terbantu,65.1,59,85,56,tinggi,Kondisi biofisik relatif mendukung pemulihan vegetasi.,mangrove-priority-2016-2025-v0.1
296,38,MPR-616A5E8628,Darussalam,Sinaboi,Rokan Hilir,4.46,P2,Regenerasi alami terbantu,65.0,62,79,53,tinggi,Kondisi biofisik relatif mendukung pemulihan vegetasi.,mangrove-priority-2016-2025-v0.1
297,39,MPR-E0341CC1D2,Darussalam,Sinaboi,Rokan Hilir,4.05,P2,Regenerasi alami terbantu,65.0,62,79,53,tinggi,Kondisi biofisik relatif mendukung pemulihan vegetasi.,mangrove-priority-2016-2025-v0.1
298,13,MPR-104357295C,Sungai Daun,Pasir Limau Kapas,Rokan Hilir,0.91,P2,Regenerasi alami terbantu,65.0,60,84,57,tinggi,Kondisi biofisik relatif mendukung pemulihan vegetasi.,mangrove-priority-2016-2025-v0.1
299,14,MPR-F70FA8E542,Sungai Daun,Pasir Limau Kapas,Rokan Hilir,0.62,P2,Regenerasi alami terbantu,65.0,60,84,57,tinggi,Kondisi biofisik relatif mendukung pemulihan vegetasi.,mangrove-priority-2016-2025-v0.1
300,15,MPR-1B96570F7E,Sungai Daun,Pasir Limau Kapas,Rokan Hilir,1.35,P2,Regenerasi alami terbantu,64.9,61,83,58,tinggi,Kondisi biofisik relatif mendukung pemulihan vegetasi.,mangrove-priority-2016-2025-v0.1
301,16,MPR-FC82F9AD1E,Sungai Daun,Pasir Limau Kapas,Rokan Hilir,1.29,P2,Regenerasi alami terbantu,64.9,61,83,58,tinggi,Kondisi biofisik relatif mendukung pemulihan vegetasi.,mangrove-priority-2016-2025-v0.1
302,7,MPR-B1DE3CAE2F,Bagan Punak Pesisir,Bangko,Rokan Hilir,16.935,P3,Pemulihan hidrologi,64.8,81,61,65,tinggi,Kelayakan sedang; konektivitas pasang surut perlu dipulihkan.,mangrove-priority-2016-2025-v0.1
303,17,MPR-2BBB3DEC8A,Sungai Daun,Pasir Limau Kapas,Rokan Hilir,2.25,P2,Regenerasi alami terbantu,64.8,62,82,59,tinggi,Kondisi biofisik relatif mendukung pemulihan vegetasi.,mangrove-priority-2016-2025-v0.1
304,18,MPR-BC83812BC0,Sungai Daun,Pasir Limau Kapas,Rokan Hilir,0.39,P2,Regenerasi alami terbantu,64.8,59,84,56,tinggi,Kondisi biofisik relatif mendukung pemulihan vegetasi.,mangrove-priority-2016-2025-v0.1
305,19,MPR-EEB9CDFBDF,Sungai Daun,Pasir Limau Kapas,Rokan Hilir,3.01,P2,Regenerasi alami terbantu,64.7,63,81,60,tinggi,Kondisi biofisik relatif mendukung pemulihan vegetasi.,mangrove-priority-2016-2025-v0.1
306,20,MPR-DB325FE314,Sungai Daun,Pasir Limau Kapas,Rokan Hilir,2.54,P2,Regenerasi alami terbantu,64.5,62,81,59,tinggi,Kondisi biofisik relatif mendukung pemulihan vegetasi.,mangrove-priority-2016-2025-v0.1
307,21,MPR-7A1DD1A60F,Sungai Daun,Pasir Limau Kapas,Rokan Hilir,2.53,P2,Regenerasi alami terbantu,64.5,62,81,59,tinggi,Kondisi biofisik relatif mendukung pemulihan vegetasi.,mangrove-priority-2016-2025-v0.1
308,22,MPR-F46CF00ED5,Sungai Daun,Pasir Limau Kapas,Rokan Hilir,1.83,P2,Regenerasi alami terbantu,64.5,61,82,58,tinggi,Kondisi biofisik relatif mendukung pemulihan vegetasi.,mangrove-priority-2016-2025-v0.1
309,23,MPR-152619AC24,Sungai Daun,Pasir Limau Kapas,Rokan Hilir,1.79,P2,Regenerasi alami terbantu,64.5,61,82,58,tinggi,Kondisi biofisik relatif mendukung pemulihan vegetasi.,mangrove-priority-2016-2025-v0.1
310,9,MPR-56100ABC54,Parit Aman,Bangko,Rokan Hilir,4.15,P2,Regenerasi alami terbantu,64.4,53,77,32,tinggi,Kondisi biofisik relatif mendukung pemulihan vegetasi.,mangrove-priority-2016-2025-v0.1
311,24,MPR-05634A2A6D,Sungai Daun,Pasir Limau Kapas,Rokan Hilir,1.96,P2,Regenerasi alami terbantu,64.3,61,82,59,tinggi,Kondisi biofisik relatif mendukung pemulihan vegetasi.,mangrove-priority-2016-2025-v0.1
312,25,MPR-C7D21F7DA5,Sungai Daun,Pasir Limau Kapas,Rokan Hilir,3.33,P2,Regenerasi alami terbantu,64.2,63,80,61,tinggi,Kondisi biofisik relatif mendukung pemulihan vegetasi.,mangrove-priority-2016-2025-v0.1
313,26,MPR-05329D699E,Sungai Daun,Pasir Limau Kapas,Rokan Hilir,5.01,P1,Penanaman aktif,63.9,65,78,63,tinggi,Kebutuhan dan kelayakan relatif tinggi.,mangrove-priority-2016-2025-v0.1
314,20,MPR-705A9B6874,Panipahan Laut,Pasir Limau Kapas,Rokan Hilir,12.64,P4,Perlindungan pantai dahulu,63.3,77,67,74,sedang,Risiko ketidakstabilan pesisir relatif tinggi.,mangrove-priority-2016-2025-v0.1
315,1,MPR-2B041A4FC9,Sei Besar,Pekaitan,Rokan Hilir,0.17,U,Data belum memadai,62.7,47,77,27,rendah,Keyakinan data rendah.,mangrove-priority-2016-2025-v0.1
316,1,MPR-43BE2DAAF1,Sungaipanji-Panji,Kubu Babussalam,Rokan Hilir,0.16,P4,Perlindungan pantai dahulu,62.7,63,85,77,tinggi,Risiko ketidakstabilan pesisir relatif tinggi.,mangrove-priority-2016-2025-v0.1
317,2,MPR-190625624E,Sungaipanji-Panji,Kubu Babussalam,Rokan Hilir,0.15,P4,Perlindungan pantai dahulu,62.7,63,85,77,tinggi,Risiko ketidakstabilan pesisir relatif tinggi.,mangrove-priority-2016-2025-v0.1
318,3,MPR-4019D3EBFD,Sungaipanji-Panji,Kubu Babussalam,Rokan Hilir,0.15,P4,Perlindungan pantai dahulu,62.7,63,85,77,tinggi,Risiko ketidakstabilan pesisir relatif tinggi.,mangrove-priority-2016-2025-v0.1
319,4,MPR-736BAF24A7,Sungaipanji-Panji,Kubu Babussalam,Rokan Hilir,0.15,P4,Perlindungan pantai dahulu,62.7,63,85,77,tinggi,Risiko ketidakstabilan pesisir relatif tinggi.,mangrove-priority-2016-2025-v0.1
320,5,MPR-FCD9DA5E99,Sungaipanji-Panji,Kubu Babussalam,Rokan Hilir,0.15,P4,Perlindungan pantai dahulu,62.7,63,85,77,tinggi,Risiko ketidakstabilan pesisir relatif tinggi.,mangrove-priority-2016-2025-v0.1
321,6,MPR-E68F131842,Sungaipanji-Panji,Kubu Babussalam,Rokan Hilir,0.14,P4,Perlindungan pantai dahulu,62.7,63,85,77,tinggi,Risiko ketidakstabilan pesisir relatif tinggi.,mangrove-priority-2016-2025-v0.1
322,7,MPR-9C8AB239DC,Sungaipanji-Panji,Kubu Babussalam,Rokan Hilir,0.127,P4,Perlindungan pantai dahulu,62.7,63,85,77,tinggi,Risiko ketidakstabilan pesisir relatif tinggi.,mangrove-priority-2016-2025-v0.1
323,8,MPR-74D675D9A1,Sungaipanji-Panji,Kubu Babussalam,Rokan Hilir,0.12,P4,Perlindungan pantai dahulu,62.7,63,85,77,tinggi,Risiko ketidakstabilan pesisir relatif tinggi.,mangrove-priority-2016-2025-v0.1
324,9,MPR-7B32CFABE0,Sungaipanji-Panji,Kubu Babussalam,Rokan Hilir,0.12,P4,Perlindungan pantai dahulu,62.7,63,85,77,tinggi,Risiko ketidakstabilan pesisir relatif tinggi.,mangrove-priority-2016-2025-v0.1
325,10,MPR-BDC4C1C7F5,Sungaipanji-Panji,Kubu Babussalam,Rokan Hilir,0.12,P4,Perlindungan pantai dahulu,62.7,63,85,77,tinggi,Risiko ketidakstabilan pesisir relatif tinggi.,mangrove-priority-2016-2025-v0.1
326,11,MPR-26688E4C4C,Sungaipanji-Panji,Kubu Babussalam,Rokan Hilir,0.11,P4,Perlindungan pantai dahulu,62.7,63,85,77,tinggi,Risiko ketidakstabilan pesisir relatif tinggi.,mangrove-priority-2016-2025-v0.1
327,12,MPR-2E293941C4,Sungaipanji-Panji,Kubu Babussalam,Rokan Hilir,0.11,P4,Perlindungan pantai dahulu,62.7,63,85,77,tinggi,Risiko ketidakstabilan pesisir relatif tinggi.,mangrove-priority-2016-2025-v0.1
328,13,MPR-348503D022,Sungaipanji-Panji,Kubu Babussalam,Rokan Hilir,0.11,P4,Perlindungan pantai dahulu,62.7,63,85,77,tinggi,Risiko ketidakstabilan pesisir relatif tinggi.,mangrove-priority-2016-2025-v0.1
329,14,MPR-47A2E8BA80,Sungaipanji-Panji,Kubu Babussalam,Rokan Hilir,0.11,P4,Perlindungan pantai dahulu,62.7,63,85,77,tinggi,Risiko ketidakstabilan pesisir relatif tinggi.,mangrove-priority-2016-2025-v0.1
330,15,MPR-58DED3F872,Sungaipanji-Panji,Kubu Babussalam,Rokan Hilir,0.11,P4,Perlindungan pantai dahulu,62.7,63,85,77,tinggi,Risiko ketidakstabilan pesisir relatif tinggi.,mangrove-priority-2016-2025-v0.1
331,16,MPR-5DEFCD5837,Sungaipanji-Panji,Kubu Babussalam,Rokan Hilir,0.11,P4,Perlindungan pantai dahulu,62.7,63,85,77,tinggi,Risiko ketidakstabilan pesisir relatif tinggi.,mangrove-priority-2016-2025-v0.1
332,17,MPR-6A26322CAD,Sungaipanji-Panji,Kubu Babussalam,Rokan Hilir,0.11,P4,Perlindungan pantai dahulu,62.7,63,85,77,tinggi,Risiko ketidakstabilan pesisir relatif tinggi.,mangrove-priority-2016-2025-v0.1
333,18,MPR-AB4EC014CB,Sungaipanji-Panji,Kubu Babussalam,Rokan Hilir,0.11,P4,Perlindungan pantai dahulu,62.7,63,85,77,tinggi,Risiko ketidakstabilan pesisir relatif tinggi.,mangrove-priority-2016-2025-v0.1
334,19,MPR-BBFB4AFFC5,Sungaipanji-Panji,Kubu Babussalam,Rokan Hilir,0.11,P4,Perlindungan pantai dahulu,62.7,63,85,77,tinggi,Risiko ketidakstabilan pesisir relatif tinggi.,mangrove-priority-2016-2025-v0.1
335,20,MPR-C7CAECBCE2,Sungaipanji-Panji,Kubu Babussalam,Rokan Hilir,0.11,P4,Perlindungan pantai dahulu,62.7,63,85,77,tinggi,Risiko ketidakstabilan pesisir relatif tinggi.,mangrove-priority-2016-2025-v0.1
336,21,MPR-DBBC6781E2,Sungaipanji-Panji,Kubu Babussalam,Rokan Hilir,0.11,P4,Perlindungan pantai dahulu,62.7,63,85,77,tinggi,Risiko ketidakstabilan pesisir relatif tinggi.,mangrove-priority-2016-2025-v0.1
337,22,MPR-E4D4537A2E,Sungaipanji-Panji,Kubu Babussalam,Rokan Hilir,0.11,P4,Perlindungan pantai dahulu,62.7,63,85,77,tinggi,Risiko ketidakstabilan pesisir relatif tinggi.,mangrove-priority-2016-2025-v0.1
338,23,MPR-FB679A4C3C,Sungaipanji-Panji,Kubu Babussalam,Rokan Hilir,0.11,P4,Perlindungan pantai dahulu,62.7,63,85,77,tinggi,Risiko ketidakstabilan pesisir relatif tinggi.,mangrove-priority-2016-2025-v0.1
339,24,MPR-D5D0C40F5C,Sungaipanji-Panji,Kubu Babussalam,Rokan Hilir,0.107,P4,Perlindungan pantai dahulu,62.7,63,85,77,tinggi,Risiko ketidakstabilan pesisir relatif tinggi.,mangrove-priority-2016-2025-v0.1
340,25,MPR-124B203185,Sungaipanji-Panji,Kubu Babussalam,Rokan Hilir,0.1,P4,Perlindungan pantai dahulu,62.7,63,85,77,tinggi,Risiko ketidakstabilan pesisir relatif tinggi.,mangrove-priority-2016-2025-v0.1
341,26,MPR-63AB8B05CD,Sungaipanji-Panji,Kubu Babussalam,Rokan Hilir,0.1,P4,Perlindungan pantai dahulu,62.7,63,85,77,tinggi,Risiko ketidakstabilan pesisir relatif tinggi.,mangrove-priority-2016-2025-v0.1
342,27,MPR-6EA95CE435,Sungaipanji-Panji,Kubu Babussalam,Rokan Hilir,0.1,P4,Perlindungan pantai dahulu,62.7,63,85,77,tinggi,Risiko ketidakstabilan pesisir relatif tinggi.,mangrove-priority-2016-2025-v0.1
343,28,MPR-9FF4ABBB4F,Sungaipanji-Panji,Kubu Babussalam,Rokan Hilir,0.1,P4,Perlindungan pantai dahulu,62.7,63,85,77,tinggi,Risiko ketidakstabilan pesisir relatif tinggi.,mangrove-priority-2016-2025-v0.1
344,29,MPR-C8A96F9A90,Sungaipanji-Panji,Kubu Babussalam,Rokan Hilir,0.1,P4,Perlindungan pantai dahulu,62.7,63,85,77,tinggi,Risiko ketidakstabilan pesisir relatif tinggi.,mangrove-priority-2016-2025-v0.1
345,30,MPR-01B5C8CC32,Sungaipanji-Panji,Kubu Babussalam,Rokan Hilir,0.09,P4,Perlindungan pantai dahulu,62.7,63,85,77,tinggi,Risiko ketidakstabilan pesisir relatif tinggi.,mangrove-priority-2016-2025-v0.1
346,31,MPR-D3757DF9ED,Sungaipanji-Panji,Kubu Babussalam,Rokan Hilir,0.085,P4,Perlindungan pantai dahulu,62.7,63,85,77,tinggi,Risiko ketidakstabilan pesisir relatif tinggi.,mangrove-priority-2016-2025-v0.1
347,32,MPR-102C2ED3D5,Sungaipanji-Panji,Kubu Babussalam,Rokan Hilir,0.08,P4,Perlindungan pantai dahulu,62.7,63,85,77,tinggi,Risiko ketidakstabilan pesisir relatif tinggi.,mangrove-priority-2016-2025-v0.1
348,33,MPR-2BA04C6B25,Sungaipanji-Panji,Kubu Babussalam,Rokan Hilir,0.08,P4,Perlindungan pantai dahulu,62.7,63,85,77,tinggi,Risiko ketidakstabilan pesisir relatif tinggi.,mangrove-priority-2016-2025-v0.1
349,34,MPR-4C8D9666AD,Sungaipanji-Panji,Kubu Babussalam,Rokan Hilir,0.08,P4,Perlindungan pantai dahulu,62.7,63,85,77,tinggi,Risiko ketidakstabilan pesisir relatif tinggi.,mangrove-priority-2016-2025-v0.1
350,35,MPR-5B22547FF8,Sungaipanji-Panji,Kubu Babussalam,Rokan Hilir,0.08,P4,Perlindungan pantai dahulu,62.7,63,85,77,tinggi,Risiko ketidakstabilan pesisir relatif tinggi.,mangrove-priority-2016-2025-v0.1
351,36,MPR-76E8DD0A43,Sungaipanji-Panji,Kubu Babussalam,Rokan Hilir,0.08,P4,Perlindungan pantai dahulu,62.7,63,85,77,tinggi,Risiko ketidakstabilan pesisir relatif tinggi.,mangrove-priority-2016-2025-v0.1
352,37,MPR-93BB53412E,Sungaipanji-Panji,Kubu Babussalam,Rokan Hilir,0.08,P4,Perlindungan pantai dahulu,62.7,63,85,77,tinggi,Risiko ketidakstabilan pesisir relatif tinggi.,mangrove-priority-2016-2025-v0.1
353,38,MPR-9566520309,Sungaipanji-Panji,Kubu Babussalam,Rokan Hilir,0.08,P4,Perlindungan pantai dahulu,62.7,63,85,77,tinggi,Risiko ketidakstabilan pesisir relatif tinggi.,mangrove-priority-2016-2025-v0.1
354,39,MPR-A9160F103B,Sungaipanji-Panji,Kubu Babussalam,Rokan Hilir,0.08,P4,Perlindungan pantai dahulu,62.7,63,85,77,tinggi,Risiko ketidakstabilan pesisir relatif tinggi.,mangrove-priority-2016-2025-v0.1
355,40,MPR-C7D4C735ED,Sungaipanji-Panji,Kubu Babussalam,Rokan Hilir,0.08,P4,Perlindungan pantai dahulu,62.7,63,85,77,tinggi,Risiko ketidakstabilan pesisir relatif tinggi.,mangrove-priority-2016-2025-v0.1
356,41,MPR-DA89107496,Sungaipanji-Panji,Kubu Babussalam,Rokan Hilir,0.08,P4,Perlindungan pantai dahulu,62.7,63,85,77,tinggi,Risiko ketidakstabilan pesisir relatif tinggi.,mangrove-priority-2016-2025-v0.1
357,42,MPR-4A1C493D71,Sungaipanji-Panji,Kubu Babussalam,Rokan Hilir,0.064,P4,Perlindungan pantai dahulu,62.7,63,85,77,tinggi,Risiko ketidakstabilan pesisir relatif tinggi.,mangrove-priority-2016-2025-v0.1
358,43,MPR-D1BA5FDC12,Sungaipanji-Panji,Kubu Babussalam,Rokan Hilir,0.06,P4,Perlindungan pantai dahulu,62.7,63,85,77,tinggi,Risiko ketidakstabilan pesisir relatif tinggi.,mangrove-priority-2016-2025-v0.1
359,44,MPR-08BA9F66BE,Sungaipanji-Panji,Kubu Babussalam,Rokan Hilir,0.05,P4,Perlindungan pantai dahulu,62.7,63,85,77,tinggi,Risiko ketidakstabilan pesisir relatif tinggi.,mangrove-priority-2016-2025-v0.1
360,45,MPR-152E0E7500,Sungaipanji-Panji,Kubu Babussalam,Rokan Hilir,0.05,P4,Perlindungan pantai dahulu,62.7,63,85,77,tinggi,Risiko ketidakstabilan pesisir relatif tinggi.,mangrove-priority-2016-2025-v0.1
361,46,MPR-2B41E5A740,Sungaipanji-Panji,Kubu Babussalam,Rokan Hilir,0.05,P4,Perlindungan pantai dahulu,62.7,63,85,77,tinggi,Risiko ketidakstabilan pesisir relatif tinggi.,mangrove-priority-2016-2025-v0.1
362,47,MPR-67B273198F,Sungaipanji-Panji,Kubu Babussalam,Rokan Hilir,0.05,P4,Perlindungan pantai dahulu,62.7,63,85,77,tinggi,Risiko ketidakstabilan pesisir relatif tinggi.,mangrove-priority-2016-2025-v0.1
363,48,MPR-80F2AAF4D6,Sungaipanji-Panji,Kubu Babussalam,Rokan Hilir,0.05,P4,Perlindungan pantai dahulu,62.7,63,85,77,tinggi,Risiko ketidakstabilan pesisir relatif tinggi.,mangrove-priority-2016-2025-v0.1
364,49,MPR-99955B2E76,Sungaipanji-Panji,Kubu Babussalam,Rokan Hilir,0.05,P4,Perlindungan pantai dahulu,62.7,63,85,77,tinggi,Risiko ketidakstabilan pesisir relatif tinggi.,mangrove-priority-2016-2025-v0.1
365,40,MPR-FEC2F7645A,Darussalam,Sinaboi,Rokan Hilir,12.72,P3,Pemulihan hidrologi,62.6,72,67,66,tinggi,Kelayakan sedang; konektivitas pasang surut perlu dipulihkan.,mangrove-priority-2016-2025-v0.1
366,50,MPR-AB01D0D2F8,Sungaipanji-Panji,Kubu Babussalam,Rokan Hilir,0.82,P4,Perlindungan pantai dahulu,62.6,64,84,78,tinggi,Risiko ketidakstabilan pesisir relatif tinggi.,mangrove-priority-2016-2025-v0.1
367,51,MPR-EC1F5D3273,Sungaipanji-Panji,Kubu Babussalam,Rokan Hilir,0.75,P4,Perlindungan pantai dahulu,62.6,64,84,78,tinggi,Risiko ketidakstabilan pesisir relatif tinggi.,mangrove-priority-2016-2025-v0.1
368,52,MPR-5E171C3AFB,Sungaipanji-Panji,Kubu Babussalam,Rokan Hilir,0.74,P4,Perlindungan pantai dahulu,62.6,64,84,78,tinggi,Risiko ketidakstabilan pesisir relatif tinggi.,mangrove-priority-2016-2025-v0.1
369,53,MPR-4D6B9740E8,Sungaipanji-Panji,Kubu Babussalam,Rokan Hilir,0.73,P4,Perlindungan pantai dahulu,62.6,64,84,78,tinggi,Risiko ketidakstabilan pesisir relatif tinggi.,mangrove-priority-2016-2025-v0.1
370,54,MPR-D0A35F2AA3,Sungaipanji-Panji,Kubu Babussalam,Rokan Hilir,0.73,P4,Perlindungan pantai dahulu,62.6,64,84,78,tinggi,Risiko ketidakstabilan pesisir relatif tinggi.,mangrove-priority-2016-2025-v0.1
371,55,MPR-6A89C02EC0,Sungaipanji-Panji,Kubu Babussalam,Rokan Hilir,0.7,P4,Perlindungan pantai dahulu,62.6,64,84,78,tinggi,Risiko ketidakstabilan pesisir relatif tinggi.,mangrove-priority-2016-2025-v0.1
372,56,MPR-C51F951AC5,Sungaipanji-Panji,Kubu Babussalam,Rokan Hilir,0.69,P4,Perlindungan pantai dahulu,62.6,64,84,78,tinggi,Risiko ketidakstabilan pesisir relatif tinggi.,mangrove-priority-2016-2025-v0.1
373,57,MPR-4279975B3D,Sungaipanji-Panji,Kubu Babussalam,Rokan Hilir,0.64,P4,Perlindungan pantai dahulu,62.6,64,84,78,tinggi,Risiko ketidakstabilan pesisir relatif tinggi.,mangrove-priority-2016-2025-v0.1
374,58,MPR-C00327BCD7,Sungaipanji-Panji,Kubu Babussalam,Rokan Hilir,0.56,P4,Perlindungan pantai dahulu,62.6,64,84,78,tinggi,Risiko ketidakstabilan pesisir relatif tinggi.,mangrove-priority-2016-2025-v0.1
375,59,MPR-CDC3888C14,Sungaipanji-Panji,Kubu Babussalam,Rokan Hilir,0.54,P4,Perlindungan pantai dahulu,62.6,64,84,78,tinggi,Risiko ketidakstabilan pesisir relatif tinggi.,mangrove-priority-2016-2025-v0.1
376,60,MPR-BAD9DB0CD1,Sungaipanji-Panji,Kubu Babussalam,Rokan Hilir,0.49,P4,Perlindungan pantai dahulu,62.6,64,84,78,tinggi,Risiko ketidakstabilan pesisir relatif tinggi.,mangrove-priority-2016-2025-v0.1
377,61,MPR-1B01B33C45,Sungaipanji-Panji,Kubu Babussalam,Rokan Hilir,0.47,P4,Perlindungan pantai dahulu,62.6,64,84,78,tinggi,Risiko ketidakstabilan pesisir relatif tinggi.,mangrove-priority-2016-2025-v0.1
378,62,MPR-D603DB4174,Sungaipanji-Panji,Kubu Babussalam,Rokan Hilir,0.43,P4,Perlindungan pantai dahulu,62.6,64,84,78,tinggi,Risiko ketidakstabilan pesisir relatif tinggi.,mangrove-priority-2016-2025-v0.1
379,63,MPR-B7E0AEB8A9,Sungaipanji-Panji,Kubu Babussalam,Rokan Hilir,1.33,P4,Perlindungan pantai dahulu,62.5,65,83,79,tinggi,Risiko ketidakstabilan pesisir relatif tinggi.,mangrove-priority-2016-2025-v0.1
380,64,MPR-8AB1463461,Sungaipanji-Panji,Kubu Babussalam,Rokan Hilir,1.3,P4,Perlindungan pantai dahulu,62.5,65,83,79,tinggi,Risiko ketidakstabilan pesisir relatif tinggi.,mangrove-priority-2016-2025-v0.1
381,65,MPR-89DFE8DAFE,Sungaipanji-Panji,Kubu Babussalam,Rokan Hilir,1.27,P4,Perlindungan pantai dahulu,62.5,65,83,79,tinggi,Risiko ketidakstabilan pesisir relatif tinggi.,mangrove-priority-2016-2025-v0.1
382,66,MPR-0F78F23B78,Sungaipanji-Panji,Kubu Babussalam,Rokan Hilir,0.35,P4,Perlindungan pantai dahulu,62.5,63,85,78,tinggi,Risiko ketidakstabilan pesisir relatif tinggi.,mangrove-priority-2016-2025-v0.1
383,67,MPR-2CCBD20A5C,Sungaipanji-Panji,Kubu Babussalam,Rokan Hilir,0.35,P4,Perlindungan pantai dahulu,62.5,63,85,78,tinggi,Risiko ketidakstabilan pesisir relatif tinggi.,mangrove-priority-2016-2025-v0.1
384,68,MPR-4A4545D84C,Sungaipanji-Panji,Kubu Babussalam,Rokan Hilir,0.35,P4,Perlindungan pantai dahulu,62.5,63,85,78,tinggi,Risiko ketidakstabilan pesisir relatif tinggi.,mangrove-priority-2016-2025-v0.1
385,69,MPR-8AF6AEF61E,Sungaipanji-Panji,Kubu Babussalam,Rokan Hilir,0.35,P4,Perlindungan pantai dahulu,62.5,63,85,78,tinggi,Risiko ketidakstabilan pesisir relatif tinggi.,mangrove-priority-2016-2025-v0.1
386,70,MPR-25C04970D0,Sungaipanji-Panji,Kubu Babussalam,Rokan Hilir,0.34,P4,Perlindungan pantai dahulu,62.5,63,85,78,tinggi,Risiko ketidakstabilan pesisir relatif tinggi.,mangrove-priority-2016-2025-v0.1
387,71,MPR-A577E6B81C,Sungaipanji-Panji,Kubu Babussalam,Rokan Hilir,0.34,P4,Perlindungan pantai dahulu,62.5,63,85,78,tinggi,Risiko ketidakstabilan pesisir relatif tinggi.,mangrove-priority-2016-2025-v0.1
388,72,MPR-289D9F1AFC,Sungaipanji-Panji,Kubu Babussalam,Rokan Hilir,0.32,P4,Perlindungan pantai dahulu,62.5,63,85,78,tinggi,Risiko ketidakstabilan pesisir relatif tinggi.,mangrove-priority-2016-2025-v0.1
389,73,MPR-0F8590AFA1,Sungaipanji-Panji,Kubu Babussalam,Rokan Hilir,0.31,P4,Perlindungan pantai dahulu,62.5,63,85,78,tinggi,Risiko ketidakstabilan pesisir relatif tinggi.,mangrove-priority-2016-2025-v0.1
390,74,MPR-F4127E4019,Sungaipanji-Panji,Kubu Babussalam,Rokan Hilir,0.31,P4,Perlindungan pantai dahulu,62.5,63,85,78,tinggi,Risiko ketidakstabilan pesisir relatif tinggi.,mangrove-priority-2016-2025-v0.1
391,75,MPR-CD1DCBA6A8,Sungaipanji-Panji,Kubu Babussalam,Rokan Hilir,0.3,P4,Perlindungan pantai dahulu,62.5,63,85,78,tinggi,Risiko ketidakstabilan pesisir relatif tinggi.,mangrove-priority-2016-2025-v0.1
392,76,MPR-5745023FD4,Sungaipanji-Panji,Kubu Babussalam,Rokan Hilir,0.27,P4,Perlindungan pantai dahulu,62.5,63,85,78,tinggi,Risiko ketidakstabilan pesisir relatif tinggi.,mangrove-priority-2016-2025-v0.1
393,77,MPR-FA6B230E15,Sungaipanji-Panji,Kubu Babussalam,Rokan Hilir,0.26,P4,Perlindungan pantai dahulu,62.5,63,85,78,tinggi,Risiko ketidakstabilan pesisir relatif tinggi.,mangrove-priority-2016-2025-v0.1
394,78,MPR-C9ACD65291,Sungaipanji-Panji,Kubu Babussalam,Rokan Hilir,0.25,P4,Perlindungan pantai dahulu,62.5,63,85,78,tinggi,Risiko ketidakstabilan pesisir relatif tinggi.,mangrove-priority-2016-2025-v0.1
395,79,MPR-DD6DF2450E,Sungaipanji-Panji,Kubu Babussalam,Rokan Hilir,0.25,P4,Perlindungan pantai dahulu,62.5,63,85,78,tinggi,Risiko ketidakstabilan pesisir relatif tinggi.,mangrove-priority-2016-2025-v0.1
396,80,MPR-D272B07A62,Sungaipanji-Panji,Kubu Babussalam,Rokan Hilir,0.23,P4,Perlindungan pantai dahulu,62.5,63,85,78,tinggi,Risiko ketidakstabilan pesisir relatif tinggi.,mangrove-priority-2016-2025-v0.1
397,81,MPR-D699FBC3AD,Sungaipanji-Panji,Kubu Babussalam,Rokan Hilir,0.23,P4,Perlindungan pantai dahulu,62.5,63,85,78,tinggi,Risiko ketidakstabilan pesisir relatif tinggi.,mangrove-priority-2016-2025-v0.1
398,82,MPR-027201C0E7,Sungaipanji-Panji,Kubu Babussalam,Rokan Hilir,0.22,P4,Perlindungan pantai dahulu,62.5,63,85,78,tinggi,Risiko ketidakstabilan pesisir relatif tinggi.,mangrove-priority-2016-2025-v0.1
399,83,MPR-0ADDF3958F,Sungaipanji-Panji,Kubu Babussalam,Rokan Hilir,0.22,P4,Perlindungan pantai dahulu,62.5,63,85,78,tinggi,Risiko ketidakstabilan pesisir relatif tinggi.,mangrove-priority-2016-2025-v0.1
400,84,MPR-1782005FB4,Sungaipanji-Panji,Kubu Babussalam,Rokan Hilir,0.22,P4,Perlindungan pantai dahulu,62.5,63,85,78,tinggi,Risiko ketidakstabilan pesisir relatif tinggi.,mangrove-priority-2016-2025-v0.1
401,85,MPR-A2FC7009A7,Sungaipanji-Panji,Kubu Babussalam,Rokan Hilir,0.19,P4,Perlindungan pantai dahulu,62.5,63,85,78,tinggi,Risiko ketidakstabilan pesisir relatif tinggi.,mangrove-priority-2016-2025-v0.1
402,86,MPR-AC409F0F3A,Sungaipanji-Panji,Kubu Babussalam,Rokan Hilir,0.19,P4,Perlindungan pantai dahulu,62.5,63,85,78,tinggi,Risiko ketidakstabilan pesisir relatif tinggi.,mangrove-priority-2016-2025-v0.1
403,87,MPR-7D4D7E74FF,Sungaipanji-Panji,Kubu Babussalam,Rokan Hilir,0.18,P4,Perlindungan pantai dahulu,62.5,63,85,78,tinggi,Risiko ketidakstabilan pesisir relatif tinggi.,mangrove-priority-2016-2025-v0.1
404,88,MPR-E11DE8177A,Sungaipanji-Panji,Kubu Babussalam,Rokan Hilir,0.18,P4,Perlindungan pantai dahulu,62.5,63,85,78,tinggi,Risiko ketidakstabilan pesisir relatif tinggi.,mangrove-priority-2016-2025-v0.1
405,89,MPR-51F69DFD7E,Sungaipanji-Panji,Kubu Babussalam,Rokan Hilir,0.178,P4,Perlindungan pantai dahulu,62.5,63,85,78,tinggi,Risiko ketidakstabilan pesisir relatif tinggi.,mangrove-priority-2016-2025-v0.1
406,90,MPR-30B0CC70D3,Sungaipanji-Panji,Kubu Babussalam,Rokan Hilir,0.17,P4,Perlindungan pantai dahulu,62.5,63,85,78,tinggi,Risiko ketidakstabilan pesisir relatif tinggi.,mangrove-priority-2016-2025-v0.1
407,91,MPR-4299ED1C9D,Sungaipanji-Panji,Kubu Babussalam,Rokan Hilir,0.17,P4,Perlindungan pantai dahulu,62.5,63,85,78,tinggi,Risiko ketidakstabilan pesisir relatif tinggi.,mangrove-priority-2016-2025-v0.1
408,92,MPR-61B29649DA,Sungaipanji-Panji,Kubu Babussalam,Rokan Hilir,0.17,P4,Perlindungan pantai dahulu,62.5,63,85,78,tinggi,Risiko ketidakstabilan pesisir relatif tinggi.,mangrove-priority-2016-2025-v0.1
409,93,MPR-9EA340023F,Sungaipanji-Panji,Kubu Babussalam,Rokan Hilir,0.17,P4,Perlindungan pantai dahulu,62.5,63,85,78,tinggi,Risiko ketidakstabilan pesisir relatif tinggi.,mangrove-priority-2016-2025-v0.1
410,94,MPR-AF90AEB7AA,Sungaipanji-Panji,Kubu Babussalam,Rokan Hilir,0.167,P4,Perlindungan pantai dahulu,62.5,63,85,78,tinggi,Risiko ketidakstabilan pesisir relatif tinggi.,mangrove-priority-2016-2025-v0.1
411,41,MPR-791F0B28DA,Darussalam,Sinaboi,Rokan Hilir,14.85,P3,Pemulihan hidrologi,62.4,75,64,69,tinggi,Kelayakan sedang; konektivitas pasang surut perlu dipulihkan.,mangrove-priority-2016-2025-v0.1
412,95,MPR-A4F4BBEE1E,Sungaipanji-Panji,Kubu Babussalam,Rokan Hilir,2.11,P4,Perlindungan pantai dahulu,62.4,66,82,80,tinggi,Risiko ketidakstabilan pesisir relatif tinggi.,mangrove-priority-2016-2025-v0.1
413,96,MPR-9DE03F7970,Sungaipanji-Panji,Kubu Babussalam,Rokan Hilir,2.09,P4,Perlindungan pantai dahulu,62.4,66,82,80,tinggi,Risiko ketidakstabilan pesisir relatif tinggi.,mangrove-priority-2016-2025-v0.1
414,97,MPR-D93E6B957D,Sungaipanji-Panji,Kubu Babussalam,Rokan Hilir,1.01,P4,Perlindungan pantai dahulu,62.4,64,84,79,tinggi,Risiko ketidakstabilan pesisir relatif tinggi.,mangrove-priority-2016-2025-v0.1
415,98,MPR-E83CA1344A,Sungaipanji-Panji,Kubu Babussalam,Rokan Hilir,0.87,P4,Perlindungan pantai dahulu,62.4,64,84,79,tinggi,Risiko ketidakstabilan pesisir relatif tinggi.,mangrove-priority-2016-2025-v0.1
416,99,MPR-CDC026AE42,Sungaipanji-Panji,Kubu Babussalam,Rokan Hilir,0.86,P4,Perlindungan pantai dahulu,62.4,64,84,79,tinggi,Risiko ketidakstabilan pesisir relatif tinggi.,mangrove-priority-2016-2025-v0.1
417,100,MPR-ABE90E73E7,Sungaipanji-Panji,Kubu Babussalam,Rokan Hilir,1.61,P4,Perlindungan pantai dahulu,62.3,65,83,80,tinggi,Risiko ketidakstabilan pesisir relatif tinggi.,mangrove-priority-2016-2025-v0.1
418,101,MPR-E653DBE838,Sungaipanji-Panji,Kubu Babussalam,Rokan Hilir,2.24,P4,Perlindungan pantai dahulu,62.2,66,82,81,tinggi,Risiko ketidakstabilan pesisir relatif tinggi.,mangrove-priority-2016-2025-v0.1
419,102,MPR-C1FB10ABA4,Sungaipanji-Panji,Kubu Babussalam,Rokan Hilir,2.23,P4,Perlindungan pantai dahulu,62.2,66,82,81,tinggi,Risiko ketidakstabilan pesisir relatif tinggi.,mangrove-priority-2016-2025-v0.1
420,103,MPR-D70E1EBAAF,Sungaipanji-Panji,Kubu Babussalam,Rokan Hilir,3.11,P4,Perlindungan pantai dahulu,62.1,67,81,82,tinggi,Risiko ketidakstabilan pesisir relatif tinggi.,mangrove-priority-2016-2025-v0.1
421,104,MPR-D2B4963F88,Sungaipanji-Panji,Kubu Babussalam,Rokan Hilir,3.095,P4,Perlindungan pantai dahulu,62.1,67,81,82,tinggi,Risiko ketidakstabilan pesisir relatif tinggi.,mangrove-priority-2016-2025-v0.1
422,105,MPR-0B08F0FCFA,Sungaipanji-Panji,Kubu Babussalam,Rokan Hilir,0.4,P4,Perlindungan pantai dahulu,62.1,63,84,78,tinggi,Risiko ketidakstabilan pesisir relatif tinggi.,mangrove-priority-2016-2025-v0.1
423,106,MPR-B29A95EE99,Sungaipanji-Panji,Kubu Babussalam,Rokan Hilir,0.4,P4,Perlindungan pantai dahulu,62.1,63,84,78,tinggi,Risiko ketidakstabilan pesisir relatif tinggi.,mangrove-priority-2016-2025-v0.1
424,107,MPR-08CBE4A5DE,Sungaipanji-Panji,Kubu Babussalam,Rokan Hilir,0.37,P4,Perlindungan pantai dahulu,62.1,63,84,78,tinggi,Risiko ketidakstabilan pesisir relatif tinggi.,mangrove-priority-2016-2025-v0.1
425,108,MPR-62922E9A5F,Sungaipanji-Panji,Kubu Babussalam,Rokan Hilir,0.37,P4,Perlindungan pantai dahulu,62.1,63,84,78,tinggi,Risiko ketidakstabilan pesisir relatif tinggi.,mangrove-priority-2016-2025-v0.1
426,109,MPR-7F5FA79031,Sungaipanji-Panji,Kubu Babussalam,Rokan Hilir,3.79,P4,Perlindungan pantai dahulu,62.0,68,80,83,tinggi,Risiko ketidakstabilan pesisir relatif tinggi.,mangrove-priority-2016-2025-v0.1
427,110,MPR-81FAD3C34C,Sungaipanji-Panji,Kubu Babussalam,Rokan Hilir,2.06,P4,Perlindungan pantai dahulu,62.0,65,82,80,tinggi,Risiko ketidakstabilan pesisir relatif tinggi.,mangrove-priority-2016-2025-v0.1
428,111,MPR-CD3EF1CC87,Sungaipanji-Panji,Kubu Babussalam,Rokan Hilir,1.85,P4,Perlindungan pantai dahulu,62.0,65,82,80,tinggi,Risiko ketidakstabilan pesisir relatif tinggi.,mangrove-priority-2016-2025-v0.1
429,112,MPR-A7F070DEE6,Sungaipanji-Panji,Kubu Babussalam,Rokan Hilir,1.835,P4,Perlindungan pantai dahulu,62.0,65,82,80,tinggi,Risiko ketidakstabilan pesisir relatif tinggi.,mangrove-priority-2016-2025-v0.1
430,113,MPR-7740BA2A5A,Sungaipanji-Panji,Kubu Babussalam,Rokan Hilir,3.74,P4,Perlindungan pantai dahulu,61.6,67,80,83,tinggi,Risiko ketidakstabilan pesisir relatif tinggi.,mangrove-priority-2016-2025-v0.1
431,114,MPR-F5B6C9B5CB,Sungaipanji-Panji,Kubu Babussalam,Rokan Hilir,5.75,P4,Perlindungan pantai dahulu,61.2,70,77,86,tinggi,Risiko ketidakstabilan pesisir relatif tinggi.,mangrove-priority-2016-2025-v0.1
432,1,MPR-F331AAC5A3,Telukpiyai,Kubu,Rokan Hilir,0.63,P4,Perlindungan pantai dahulu,61.2,66,74,72,tinggi,Risiko ketidakstabilan pesisir relatif tinggi.,mangrove-priority-2016-2025-v0.1
433,2,MPR-EDB882E522,Telukpiyai,Kubu,Rokan Hilir,0.6,P4,Perlindungan pantai dahulu,61.2,66,74,72,tinggi,Risiko ketidakstabilan pesisir relatif tinggi.,mangrove-priority-2016-2025-v0.1
434,3,MPR-16154E3E31,Telukpiyai,Kubu,Rokan Hilir,0.56,P4,Perlindungan pantai dahulu,61.2,66,74,72,tinggi,Risiko ketidakstabilan pesisir relatif tinggi.,mangrove-priority-2016-2025-v0.1
435,4,MPR-4179A1A337,Telukpiyai,Kubu,Rokan Hilir,0.52,P4,Perlindungan pantai dahulu,61.2,66,74,72,tinggi,Risiko ketidakstabilan pesisir relatif tinggi.,mangrove-priority-2016-2025-v0.1
436,5,MPR-DC0356FA7A,Telukpiyai,Kubu,Rokan Hilir,0.52,P4,Perlindungan pantai dahulu,61.2,66,74,72,tinggi,Risiko ketidakstabilan pesisir relatif tinggi.,mangrove-priority-2016-2025-v0.1
437,6,MPR-187925C0AF,Telukpiyai,Kubu,Rokan Hilir,0.51,P4,Perlindungan pantai dahulu,61.2,66,74,72,tinggi,Risiko ketidakstabilan pesisir relatif tinggi.,mangrove-priority-2016-2025-v0.1
438,7,MPR-430D26C621,Telukpiyai,Kubu,Rokan Hilir,0.47,P4,Perlindungan pantai dahulu,61.2,66,74,72,tinggi,Risiko ketidakstabilan pesisir relatif tinggi.,mangrove-priority-2016-2025-v0.1
439,2,MPR-F6E334E994,Sei Besar,Pekaitan,Rokan Hilir,6.74,U,Data belum memadai,61.1,55,68,37,rendah,Keyakinan data rendah.,mangrove-priority-2016-2025-v0.1
440,115,MPR-56FAC403B4,Sungaipanji-Panji,Kubu Babussalam,Rokan Hilir,6.6,P4,Perlindungan pantai dahulu,61.1,71,76,87,tinggi,Risiko ketidakstabilan pesisir relatif tinggi.,mangrove-priority-2016-2025-v0.1
441,8,MPR-A30D96D02D,Telukpiyai,Kubu,Rokan Hilir,1.26,P4,Perlindungan pantai dahulu,61.1,67,73,73,tinggi,Risiko ketidakstabilan pesisir relatif tinggi.,mangrove-priority-2016-2025-v0.1
442,9,MPR-3A4E422DF3,Telukpiyai,Kubu,Rokan Hilir,0.26,P4,Perlindungan pantai dahulu,61.1,65,75,72,tinggi,Risiko ketidakstabilan pesisir relatif tinggi.,mangrove-priority-2016-2025-v0.1
443,10,MPR-1EBC34DE00,Telukpiyai,Kubu,Rokan Hilir,0.24,P4,Perlindungan pantai dahulu,61.1,65,75,72,tinggi,Risiko ketidakstabilan pesisir relatif tinggi.,mangrove-priority-2016-2025-v0.1
444,11,MPR-AB00E527AB,Telukpiyai,Kubu,Rokan Hilir,0.23,P4,Perlindungan pantai dahulu,61.1,65,75,72,tinggi,Risiko ketidakstabilan pesisir relatif tinggi.,mangrove-priority-2016-2025-v0.1
445,12,MPR-373F36A48A,Telukpiyai,Kubu,Rokan Hilir,0.22,P4,Perlindungan pantai dahulu,61.1,65,75,72,tinggi,Risiko ketidakstabilan pesisir relatif tinggi.,mangrove-priority-2016-2025-v0.1
446,13,MPR-201DFB1222,Telukpiyai,Kubu,Rokan Hilir,0.18,P4,Perlindungan pantai dahulu,61.1,65,75,72,tinggi,Risiko ketidakstabilan pesisir relatif tinggi.,mangrove-priority-2016-2025-v0.1
447,14,MPR-F86E3CFCF8,Telukpiyai,Kubu,Rokan Hilir,0.16,P4,Perlindungan pantai dahulu,61.1,65,75,72,tinggi,Risiko ketidakstabilan pesisir relatif tinggi.,mangrove-priority-2016-2025-v0.1
448,15,MPR-DE429D9C38,Telukpiyai,Kubu,Rokan Hilir,0.15,P4,Perlindungan pantai dahulu,61.1,65,75,72,tinggi,Risiko ketidakstabilan pesisir relatif tinggi.,mangrove-priority-2016-2025-v0.1
449,16,MPR-3077C3FCCF,Telukpiyai,Kubu,Rokan Hilir,0.13,P4,Perlindungan pantai dahulu,61.1,65,75,72,tinggi,Risiko ketidakstabilan pesisir relatif tinggi.,mangrove-priority-2016-2025-v0.1
450,17,MPR-5B0105BE6E,Telukpiyai,Kubu,Rokan Hilir,0.12,P4,Perlindungan pantai dahulu,61.1,65,75,72,tinggi,Risiko ketidakstabilan pesisir relatif tinggi.,mangrove-priority-2016-2025-v0.1
451,18,MPR-E773FB2BFB,Telukpiyai,Kubu,Rokan Hilir,0.12,P4,Perlindungan pantai dahulu,61.1,65,75,72,tinggi,Risiko ketidakstabilan pesisir relatif tinggi.,mangrove-priority-2016-2025-v0.1
452,19,MPR-1D319CF7F8,Telukpiyai,Kubu,Rokan Hilir,0.11,P4,Perlindungan pantai dahulu,61.1,65,75,72,tinggi,Risiko ketidakstabilan pesisir relatif tinggi.,mangrove-priority-2016-2025-v0.1
453,20,MPR-AC2A06C27D,Telukpiyai,Kubu,Rokan Hilir,0.11,P4,Perlindungan pantai dahulu,61.1,65,75,72,tinggi,Risiko ketidakstabilan pesisir relatif tinggi.,mangrove-priority-2016-2025-v0.1
454,21,MPR-0966023E81,Telukpiyai,Kubu,Rokan Hilir,0.1,P4,Perlindungan pantai dahulu,61.1,65,75,72,tinggi,Risiko ketidakstabilan pesisir relatif tinggi.,mangrove-priority-2016-2025-v0.1
455,22,MPR-52A4049CCA,Telukpiyai,Kubu,Rokan Hilir,0.1,P4,Perlindungan pantai dahulu,61.1,65,75,72,tinggi,Risiko ketidakstabilan pesisir relatif tinggi.,mangrove-priority-2016-2025-v0.1
456,23,MPR-7490DBAF11,Telukpiyai,Kubu,Rokan Hilir,0.1,P4,Perlindungan pantai dahulu,61.1,65,75,72,tinggi,Risiko ketidakstabilan pesisir relatif tinggi.,mangrove-priority-2016-2025-v0.1
457,24,MPR-E744CFFFC4,Telukpiyai,Kubu,Rokan Hilir,0.1,P4,Perlindungan pantai dahulu,61.1,65,75,72,tinggi,Risiko ketidakstabilan pesisir relatif tinggi.,mangrove-priority-2016-2025-v0.1
458,25,MPR-08CC12FD5D,Telukpiyai,Kubu,Rokan Hilir,0.08,P4,Perlindungan pantai dahulu,61.1,65,75,72,tinggi,Risiko ketidakstabilan pesisir relatif tinggi.,mangrove-priority-2016-2025-v0.1
459,26,MPR-B32DA6A4D7,Telukpiyai,Kubu,Rokan Hilir,0.08,P4,Perlindungan pantai dahulu,61.1,65,75,72,tinggi,Risiko ketidakstabilan pesisir relatif tinggi.,mangrove-priority-2016-2025-v0.1
460,27,MPR-D8825368FE,Telukpiyai,Kubu,Rokan Hilir,0.08,P4,Perlindungan pantai dahulu,61.1,65,75,72,tinggi,Risiko ketidakstabilan pesisir relatif tinggi.,mangrove-priority-2016-2025-v0.1
461,28,MPR-DA0FB9A945,Telukpiyai,Kubu,Rokan Hilir,0.08,P4,Perlindungan pantai dahulu,61.1,65,75,72,tinggi,Risiko ketidakstabilan pesisir relatif tinggi.,mangrove-priority-2016-2025-v0.1
462,29,MPR-0582C8C58C,Telukpiyai,Kubu,Rokan Hilir,0.05,P4,Perlindungan pantai dahulu,61.1,65,75,72,tinggi,Risiko ketidakstabilan pesisir relatif tinggi.,mangrove-priority-2016-2025-v0.1
463,30,MPR-B3CF3FA7B2,Telukpiyai,Kubu,Rokan Hilir,0.05,P4,Perlindungan pantai dahulu,61.1,65,75,72,tinggi,Risiko ketidakstabilan pesisir relatif tinggi.,mangrove-priority-2016-2025-v0.1
464,31,MPR-B665EA5EB5,Telukpiyai,Kubu,Rokan Hilir,0.05,P4,Perlindungan pantai dahulu,61.1,65,75,72,tinggi,Risiko ketidakstabilan pesisir relatif tinggi.,mangrove-priority-2016-2025-v0.1
465,32,MPR-CF7F006499,Telukpiyai,Kubu,Rokan Hilir,0.05,P4,Perlindungan pantai dahulu,61.1,65,75,72,tinggi,Risiko ketidakstabilan pesisir relatif tinggi.,mangrove-priority-2016-2025-v0.1
466,116,MPR-7B597A4A62,Sungaipanji-Panji,Kubu Babussalam,Rokan Hilir,5.41,P4,Perlindungan pantai dahulu,61.0,69,77,85,tinggi,Risiko ketidakstabilan pesisir relatif tinggi.,mangrove-priority-2016-2025-v0.1
467,33,MPR-3E5048BFCE,Telukpiyai,Kubu,Rokan Hilir,0.99,P4,Perlindungan pantai dahulu,61.0,66,74,73,tinggi,Risiko ketidakstabilan pesisir relatif tinggi.,mangrove-priority-2016-2025-v0.1
468,34,MPR-E612E486C0,Telukpiyai,Kubu,Rokan Hilir,0.69,P4,Perlindungan pantai dahulu,61.0,66,74,73,tinggi,Risiko ketidakstabilan pesisir relatif tinggi.,mangrove-priority-2016-2025-v0.1
469,117,MPR-CC24755D6D,Sungaipanji-Panji,Kubu Babussalam,Rokan Hilir,6.14,P4,Perlindungan pantai dahulu,60.9,70,76,86,tinggi,Risiko ketidakstabilan pesisir relatif tinggi.,mangrove-priority-2016-2025-v0.1
470,1,MPR-94FF0C7AF6,Pasir Limau Kapas,Pasir Limau Kapas,Rokan Hilir,0.16,P4,Perlindungan pantai dahulu,60.9,59,85,77,tinggi,Risiko ketidakstabilan pesisir relatif tinggi.,mangrove-priority-2016-2025-v0.1
471,2,MPR-8A7DB5B6DB,Pasir Limau Kapas,Pasir Limau Kapas,Rokan Hilir,0.15,P4,Perlindungan pantai dahulu,60.9,59,85,77,tinggi,Risiko ketidakstabilan pesisir relatif tinggi.,mangrove-priority-2016-2025-v0.1
472,3,MPR-63ABFCF68A,Pasir Limau Kapas,Pasir Limau Kapas,Rokan Hilir,0.14,P4,Perlindungan pantai dahulu,60.9,59,85,77,tinggi,Risiko ketidakstabilan pesisir relatif tinggi.,mangrove-priority-2016-2025-v0.1
473,4,MPR-7966348798,Pasir Limau Kapas,Pasir Limau Kapas,Rokan Hilir,0.14,P4,Perlindungan pantai dahulu,60.9,59,85,77,tinggi,Risiko ketidakstabilan pesisir relatif tinggi.,mangrove-priority-2016-2025-v0.1
474,5,MPR-830F03B25F,Pasir Limau Kapas,Pasir Limau Kapas,Rokan Hilir,0.14,P4,Perlindungan pantai dahulu,60.9,59,85,77,tinggi,Risiko ketidakstabilan pesisir relatif tinggi.,mangrove-priority-2016-2025-v0.1
475,6,MPR-09699BD0F8,Pasir Limau Kapas,Pasir Limau Kapas,Rokan Hilir,0.13,P4,Perlindungan pantai dahulu,60.9,59,85,77,tinggi,Risiko ketidakstabilan pesisir relatif tinggi.,mangrove-priority-2016-2025-v0.1
476,7,MPR-0DDE04C903,Pasir Limau Kapas,Pasir Limau Kapas,Rokan Hilir,0.12,P4,Perlindungan pantai dahulu,60.9,59,85,77,tinggi,Risiko ketidakstabilan pesisir relatif tinggi.,mangrove-priority-2016-2025-v0.1
477,8,MPR-655720D703,Pasir Limau Kapas,Pasir Limau Kapas,Rokan Hilir,0.12,P4,Perlindungan pantai dahulu,60.9,59,85,77,tinggi,Risiko ketidakstabilan pesisir relatif tinggi.,mangrove-priority-2016-2025-v0.1
478,9,MPR-89DE977900,Pasir Limau Kapas,Pasir Limau Kapas,Rokan Hilir,0.12,P4,Perlindungan pantai dahulu,60.9,59,85,77,tinggi,Risiko ketidakstabilan pesisir relatif tinggi.,mangrove-priority-2016-2025-v0.1
479,10,MPR-14C8154965,Pasir Limau Kapas,Pasir Limau Kapas,Rokan Hilir,0.1,P4,Perlindungan pantai dahulu,60.9,59,85,77,tinggi,Risiko ketidakstabilan pesisir relatif tinggi.,mangrove-priority-2016-2025-v0.1
480,11,MPR-A60D8F3211,Pasir Limau Kapas,Pasir Limau Kapas,Rokan Hilir,0.1,P4,Perlindungan pantai dahulu,60.9,59,85,77,tinggi,Risiko ketidakstabilan pesisir relatif tinggi.,mangrove-priority-2016-2025-v0.1
481,12,MPR-DD1A870769,Pasir Limau Kapas,Pasir Limau Kapas,Rokan Hilir,0.1,P4,Perlindungan pantai dahulu,60.9,59,85,77,tinggi,Risiko ketidakstabilan pesisir relatif tinggi.,mangrove-priority-2016-2025-v0.1
482,13,MPR-B41ACFD756,Pasir Limau Kapas,Pasir Limau Kapas,Rokan Hilir,0.08,P4,Perlindungan pantai dahulu,60.9,59,85,77,tinggi,Risiko ketidakstabilan pesisir relatif tinggi.,mangrove-priority-2016-2025-v0.1
483,14,MPR-B5A1E18536,Pasir Limau Kapas,Pasir Limau Kapas,Rokan Hilir,0.08,P4,Perlindungan pantai dahulu,60.9,59,85,77,tinggi,Risiko ketidakstabilan pesisir relatif tinggi.,mangrove-priority-2016-2025-v0.1
484,15,MPR-B7C2A2A87D,Pasir Limau Kapas,Pasir Limau Kapas,Rokan Hilir,0.08,P4,Perlindungan pantai dahulu,60.9,59,85,77,tinggi,Risiko ketidakstabilan pesisir relatif tinggi.,mangrove-priority-2016-2025-v0.1
485,16,MPR-E900B8A999,Pasir Limau Kapas,Pasir Limau Kapas,Rokan Hilir,0.05,P4,Perlindungan pantai dahulu,60.9,59,85,77,tinggi,Risiko ketidakstabilan pesisir relatif tinggi.,mangrove-priority-2016-2025-v0.1
486,35,MPR-06B920EABF,Telukpiyai,Kubu,Rokan Hilir,2.41,P4,Perlindungan pantai dahulu,60.8,68,72,75,tinggi,Risiko ketidakstabilan pesisir relatif tinggi.,mangrove-priority-2016-2025-v0.1
487,36,MPR-645225343B,Telukpiyai,Kubu,Rokan Hilir,2.18,P4,Perlindungan pantai dahulu,60.8,68,72,75,tinggi,Risiko ketidakstabilan pesisir relatif tinggi.,mangrove-priority-2016-2025-v0.1
488,37,MPR-0A2D75CECA,Telukpiyai,Kubu,Rokan Hilir,2.14,P4,Perlindungan pantai dahulu,60.8,68,72,75,tinggi,Risiko ketidakstabilan pesisir relatif tinggi.,mangrove-priority-2016-2025-v0.1
489,17,MPR-C209F1590F,Pasir Limau Kapas,Pasir Limau Kapas,Rokan Hilir,0.83,P4,Perlindungan pantai dahulu,60.8,60,84,78,tinggi,Risiko ketidakstabilan pesisir relatif tinggi.,mangrove-priority-2016-2025-v0.1
490,18,MPR-65A325B3C8,Pasir Limau Kapas,Pasir Limau Kapas,Rokan Hilir,0.69,P4,Perlindungan pantai dahulu,60.8,60,84,78,tinggi,Risiko ketidakstabilan pesisir relatif tinggi.,mangrove-priority-2016-2025-v0.1
491,19,MPR-39CDAC4AB1,Pasir Limau Kapas,Pasir Limau Kapas,Rokan Hilir,0.61,P4,Perlindungan pantai dahulu,60.8,60,84,78,tinggi,Risiko ketidakstabilan pesisir relatif tinggi.,mangrove-priority-2016-2025-v0.1
492,20,MPR-EB39A87F26,Pasir Limau Kapas,Pasir Limau Kapas,Rokan Hilir,0.56,P4,Perlindungan pantai dahulu,60.8,60,84,78,tinggi,Risiko ketidakstabilan pesisir relatif tinggi.,mangrove-priority-2016-2025-v0.1
493,21,MPR-D2EFA2F08F,Pasir Limau Kapas,Pasir Limau Kapas,Rokan Hilir,0.46,P4,Perlindungan pantai dahulu,60.8,60,84,78,tinggi,Risiko ketidakstabilan pesisir relatif tinggi.,mangrove-priority-2016-2025-v0.1
494,22,MPR-C960E24D49,Pasir Limau Kapas,Pasir Limau Kapas,Rokan Hilir,0.42,P4,Perlindungan pantai dahulu,60.8,60,84,78,tinggi,Risiko ketidakstabilan pesisir relatif tinggi.,mangrove-priority-2016-2025-v0.1
495,38,MPR-26DD5F5590,Telukpiyai,Kubu,Rokan Hilir,0.4,P4,Perlindungan pantai dahulu,60.8,65,74,72,tinggi,Risiko ketidakstabilan pesisir relatif tinggi.,mangrove-priority-2016-2025-v0.1
496,39,MPR-82E2B5699B,Telukpiyai,Kubu,Rokan Hilir,0.4,P4,Perlindungan pantai dahulu,60.8,65,74,72,tinggi,Risiko ketidakstabilan pesisir relatif tinggi.,mangrove-priority-2016-2025-v0.1
497,40,MPR-90DC326175,Telukpiyai,Kubu,Rokan Hilir,0.38,P4,Perlindungan pantai dahulu,60.8,65,74,72,tinggi,Risiko ketidakstabilan pesisir relatif tinggi.,mangrove-priority-2016-2025-v0.1
498,41,MPR-AE2ED463E7,Telukpiyai,Kubu,Rokan Hilir,3.08,P4,Perlindungan pantai dahulu,60.7,69,71,76,tinggi,Risiko ketidakstabilan pesisir relatif tinggi.,mangrove-priority-2016-2025-v0.1
499,42,MPR-54456D37B0,Telukpiyai,Kubu,Rokan Hilir,2.96,P4,Perlindungan pantai dahulu,60.7,69,71,76,tinggi,Risiko ketidakstabilan pesisir relatif tinggi.,mangrove-priority-2016-2025-v0.1
500,23,MPR-3F5FC8798F,Pasir Limau Kapas,Pasir Limau Kapas,Rokan Hilir,1.45,P4,Perlindungan pantai dahulu,60.7,61,83,79,tinggi,Risiko ketidakstabilan pesisir relatif tinggi.,mangrove-priority-2016-2025-v0.1
501,24,MPR-79B4DA4053,Pasir Limau Kapas,Pasir Limau Kapas,Rokan Hilir,1.32,P4,Perlindungan pantai dahulu,60.7,61,83,79,tinggi,Risiko ketidakstabilan pesisir relatif tinggi.,mangrove-priority-2016-2025-v0.1
502,25,MPR-2B593ADE28,Pasir Limau Kapas,Pasir Limau Kapas,Rokan Hilir,0.32,P4,Perlindungan pantai dahulu,60.7,59,85,78,tinggi,Risiko ketidakstabilan pesisir relatif tinggi.,mangrove-priority-2016-2025-v0.1
503,26,MPR-139844B3FE,Pasir Limau Kapas,Pasir Limau Kapas,Rokan Hilir,0.31,P4,Perlindungan pantai dahulu,60.7,59,85,78,tinggi,Risiko ketidakstabilan pesisir relatif tinggi.,mangrove-priority-2016-2025-v0.1
504,27,MPR-D3E0E3A0AF,Pasir Limau Kapas,Pasir Limau Kapas,Rokan Hilir,0.24,P4,Perlindungan pantai dahulu,60.7,59,85,78,tinggi,Risiko ketidakstabilan pesisir relatif tinggi.,mangrove-priority-2016-2025-v0.1
505,28,MPR-D44D261890,Pasir Limau Kapas,Pasir Limau Kapas,Rokan Hilir,0.23,P4,Perlindungan pantai dahulu,60.7,59,85,78,tinggi,Risiko ketidakstabilan pesisir relatif tinggi.,mangrove-priority-2016-2025-v0.1
506,29,MPR-714CCE3050,Pasir Limau Kapas,Pasir Limau Kapas,Rokan Hilir,0.22,P4,Perlindungan pantai dahulu,60.7,59,85,78,tinggi,Risiko ketidakstabilan pesisir relatif tinggi.,mangrove-priority-2016-2025-v0.1
507,30,MPR-2A541899FF,Pasir Limau Kapas,Pasir Limau Kapas,Rokan Hilir,0.21,P4,Perlindungan pantai dahulu,60.7,59,85,78,tinggi,Risiko ketidakstabilan pesisir relatif tinggi.,mangrove-priority-2016-2025-v0.1
508,31,MPR-B193A8050C,Pasir Limau Kapas,Pasir Limau Kapas,Rokan Hilir,0.21,P4,Perlindungan pantai dahulu,60.7,59,85,78,tinggi,Risiko ketidakstabilan pesisir relatif tinggi.,mangrove-priority-2016-2025-v0.1
509,32,MPR-EECE6F8153,Pasir Limau Kapas,Pasir Limau Kapas,Rokan Hilir,0.2,P4,Perlindungan pantai dahulu,60.7,59,85,78,tinggi,Risiko ketidakstabilan pesisir relatif tinggi.,mangrove-priority-2016-2025-v0.1
510,33,MPR-F6AD51991B,Pasir Limau Kapas,Pasir Limau Kapas,Rokan Hilir,0.19,P4,Perlindungan pantai dahulu,60.7,59,85,78,tinggi,Risiko ketidakstabilan pesisir relatif tinggi.,mangrove-priority-2016-2025-v0.1
511,34,MPR-8D5CDE80B9,Pasir Limau Kapas,Pasir Limau Kapas,Rokan Hilir,0.93,P4,Perlindungan pantai dahulu,60.6,60,84,79,tinggi,Risiko ketidakstabilan pesisir relatif tinggi.,mangrove-priority-2016-2025-v0.1
512,1,MPR-913C66199F,Pulauhalang Hulu,Kubu Babussalam,Rokan Hilir,0.321,P2,Regenerasi alami terbantu,60.6,37,82,24,tinggi,Kondisi biofisik relatif mendukung pemulihan vegetasi.,mangrove-priority-2016-2025-v0.1
513,2,MPR-ADC3871BEE,Pulauhalang Hulu,Kubu Babussalam,Rokan Hilir,0.279,P2,Regenerasi alami terbantu,60.6,37,82,24,tinggi,Kondisi biofisik relatif mendukung pemulihan vegetasi.,mangrove-priority-2016-2025-v0.1
514,3,MPR-564C21A3CA,Pulauhalang Hulu,Kubu Babussalam,Rokan Hilir,0.13,P2,Regenerasi alami terbantu,60.6,37,82,24,tinggi,Kondisi biofisik relatif mendukung pemulihan vegetasi.,mangrove-priority-2016-2025-v0.1
515,4,MPR-2B2A028CCD,Pulauhalang Hulu,Kubu Babussalam,Rokan Hilir,0.099,P2,Regenerasi alami terbantu,60.6,37,82,24,tinggi,Kondisi biofisik relatif mendukung pemulihan vegetasi.,mangrove-priority-2016-2025-v0.1
516,5,MPR-1AC5B9EC7A,Pulauhalang Hulu,Kubu Babussalam,Rokan Hilir,0.084,P2,Regenerasi alami terbantu,60.6,37,82,24,tinggi,Kondisi biofisik relatif mendukung pemulihan vegetasi.,mangrove-priority-2016-2025-v0.1
517,35,MPR-98A55B1893,Pasir Limau Kapas,Pasir Limau Kapas,Rokan Hilir,1.7,P4,Perlindungan pantai dahulu,60.5,61,83,80,tinggi,Risiko ketidakstabilan pesisir relatif tinggi.,mangrove-priority-2016-2025-v0.1
518,36,MPR-474FC13D20,Pasir Limau Kapas,Pasir Limau Kapas,Rokan Hilir,1.69,P4,Perlindungan pantai dahulu,60.5,61,83,80,tinggi,Risiko ketidakstabilan pesisir relatif tinggi.,mangrove-priority-2016-2025-v0.1
519,37,MPR-3650149E1F,Pasir Limau Kapas,Pasir Limau Kapas,Rokan Hilir,1.55,P4,Perlindungan pantai dahulu,60.5,61,83,80,tinggi,Risiko ketidakstabilan pesisir relatif tinggi.,mangrove-priority-2016-2025-v0.1
520,38,MPR-03B9110D72,Pasir Limau Kapas,Pasir Limau Kapas,Rokan Hilir,1.54,P4,Perlindungan pantai dahulu,60.5,61,83,80,tinggi,Risiko ketidakstabilan pesisir relatif tinggi.,mangrove-priority-2016-2025-v0.1
521,39,MPR-DC93267AAB,Pasir Limau Kapas,Pasir Limau Kapas,Rokan Hilir,1.52,P4,Perlindungan pantai dahulu,60.5,61,83,80,tinggi,Risiko ketidakstabilan pesisir relatif tinggi.,mangrove-priority-2016-2025-v0.1
522,6,MPR-655C408F9C,Pulauhalang Hulu,Kubu Babussalam,Rokan Hilir,0.487,P2,Regenerasi alami terbantu,60.5,38,81,25,tinggi,Kondisi biofisik relatif mendukung pemulihan vegetasi.,mangrove-priority-2016-2025-v0.1
523,40,MPR-DC263E0636,Pasir Limau Kapas,Pasir Limau Kapas,Rokan Hilir,2.3,P4,Perlindungan pantai dahulu,60.4,62,82,81,tinggi,Risiko ketidakstabilan pesisir relatif tinggi.,mangrove-priority-2016-2025-v0.1
524,41,MPR-BA5740E776,Pasir Limau Kapas,Pasir Limau Kapas,Rokan Hilir,0.37,P4,Perlindungan pantai dahulu,60.4,59,84,78,tinggi,Risiko ketidakstabilan pesisir relatif tinggi.,mangrove-priority-2016-2025-v0.1
525,42,MPR-E3663CC790,Pasir Limau Kapas,Pasir Limau Kapas,Rokan Hilir,0.37,P4,Perlindungan pantai dahulu,60.4,59,84,78,tinggi,Risiko ketidakstabilan pesisir relatif tinggi.,mangrove-priority-2016-2025-v0.1
526,118,MPR-88417F7236,Sungaipanji-Panji,Kubu Babussalam,Rokan Hilir,9.07,P4,Perlindungan pantai dahulu,60.3,74,72,91,tinggi,Risiko ketidakstabilan pesisir relatif tinggi.,mangrove-priority-2016-2025-v0.1
527,43,MPR-6A83AEBFE4,Telukpiyai,Kubu,Rokan Hilir,3.98,P4,Perlindungan pantai dahulu,60.2,70,69,77,tinggi,Risiko ketidakstabilan pesisir relatif tinggi.,mangrove-priority-2016-2025-v0.1
528,7,MPR-A9F187503B,Pulauhalang Hulu,Kubu Babussalam,Rokan Hilir,1.11,P2,Regenerasi alami terbantu,60.1,38,80,25,tinggi,Kondisi biofisik relatif mendukung pemulihan vegetasi.,mangrove-priority-2016-2025-v0.1
529,21,MPR-0DD1433A91,Panipahan Laut,Pasir Limau Kapas,Rokan Hilir,25.92,P4,Perlindungan pantai dahulu,60.0,80,57,80,sedang,Risiko ketidakstabilan pesisir relatif tinggi.,mangrove-priority-2016-2025-v0.1
530,119,MPR-EEA0BA91B4,Sungaipanji-Panji,Kubu Babussalam,Rokan Hilir,10.29,P4,Perlindungan pantai dahulu,60.0,75,71,93,tinggi,Risiko ketidakstabilan pesisir relatif tinggi.,mangrove-priority-2016-2025-v0.1
531,43,MPR-295744A39C,Pasir Limau Kapas,Pasir Limau Kapas,Rokan Hilir,4.06,P4,Perlindungan pantai dahulu,59.9,64,79,83,tinggi,Risiko ketidakstabilan pesisir relatif tinggi.,mangrove-priority-2016-2025-v0.1
532,27,MPR-6A1D99AA6F,Sungai Daun,Pasir Limau Kapas,Rokan Hilir,16.85,P4,Perlindungan pantai dahulu,59.8,77,61,81,tinggi,Risiko ketidakstabilan pesisir relatif tinggi.,mangrove-priority-2016-2025-v0.1
533,1,MPR-73C3524B2F,Telukpiyai Pesisir,Kubu,Rokan Hilir,0.5,P4,Perlindungan pantai dahulu,59.8,66,74,79,tinggi,Risiko ketidakstabilan pesisir relatif tinggi.,mangrove-priority-2016-2025-v0.1
534,2,MPR-3281233BC7,Telukpiyai Pesisir,Kubu,Rokan Hilir,0.48,P4,Perlindungan pantai dahulu,59.8,66,74,79,tinggi,Risiko ketidakstabilan pesisir relatif tinggi.,mangrove-priority-2016-2025-v0.1
535,3,MPR-739D5A511D,Telukpiyai Pesisir,Kubu,Rokan Hilir,0.45,P4,Perlindungan pantai dahulu,59.8,66,74,79,tinggi,Risiko ketidakstabilan pesisir relatif tinggi.,mangrove-priority-2016-2025-v0.1
536,4,MPR-E87D8968BD,Telukpiyai Pesisir,Kubu,Rokan Hilir,0.44,P4,Perlindungan pantai dahulu,59.8,66,74,79,tinggi,Risiko ketidakstabilan pesisir relatif tinggi.,mangrove-priority-2016-2025-v0.1
537,5,MPR-47EF83E4E4,Telukpiyai Pesisir,Kubu,Rokan Hilir,0.3,P4,Perlindungan pantai dahulu,59.7,65,75,79,tinggi,Risiko ketidakstabilan pesisir relatif tinggi.,mangrove-priority-2016-2025-v0.1
538,6,MPR-23B2685FD8,Telukpiyai Pesisir,Kubu,Rokan Hilir,0.29,P4,Perlindungan pantai dahulu,59.7,65,75,79,tinggi,Risiko ketidakstabilan pesisir relatif tinggi.,mangrove-priority-2016-2025-v0.1
539,7,MPR-666B909EE0,Telukpiyai Pesisir,Kubu,Rokan Hilir,0.29,P4,Perlindungan pantai dahulu,59.7,65,75,79,tinggi,Risiko ketidakstabilan pesisir relatif tinggi.,mangrove-priority-2016-2025-v0.1
540,8,MPR-F6BE38C8CE,Telukpiyai Pesisir,Kubu,Rokan Hilir,0.29,P4,Perlindungan pantai dahulu,59.7,65,75,79,tinggi,Risiko ketidakstabilan pesisir relatif tinggi.,mangrove-priority-2016-2025-v0.1
541,9,MPR-BAA7508862,Telukpiyai Pesisir,Kubu,Rokan Hilir,0.25,P4,Perlindungan pantai dahulu,59.7,65,75,79,tinggi,Risiko ketidakstabilan pesisir relatif tinggi.,mangrove-priority-2016-2025-v0.1
542,10,MPR-0DE7FFF3EA,Telukpiyai Pesisir,Kubu,Rokan Hilir,0.23,P4,Perlindungan pantai dahulu,59.7,65,75,79,tinggi,Risiko ketidakstabilan pesisir relatif tinggi.,mangrove-priority-2016-2025-v0.1
543,11,MPR-2FA8DC8595,Telukpiyai Pesisir,Kubu,Rokan Hilir,0.16,P4,Perlindungan pantai dahulu,59.7,65,75,79,tinggi,Risiko ketidakstabilan pesisir relatif tinggi.,mangrove-priority-2016-2025-v0.1
544,12,MPR-22A7F58388,Telukpiyai Pesisir,Kubu,Rokan Hilir,0.13,P4,Perlindungan pantai dahulu,59.7,65,75,79,tinggi,Risiko ketidakstabilan pesisir relatif tinggi.,mangrove-priority-2016-2025-v0.1
545,13,MPR-78A298C9C6,Telukpiyai Pesisir,Kubu,Rokan Hilir,0.13,P4,Perlindungan pantai dahulu,59.7,65,75,79,tinggi,Risiko ketidakstabilan pesisir relatif tinggi.,mangrove-priority-2016-2025-v0.1
546,14,MPR-B9D89F281F,Telukpiyai Pesisir,Kubu,Rokan Hilir,0.12,P4,Perlindungan pantai dahulu,59.7,65,75,79,tinggi,Risiko ketidakstabilan pesisir relatif tinggi.,mangrove-priority-2016-2025-v0.1
547,15,MPR-7D904A6F1E,Telukpiyai Pesisir,Kubu,Rokan Hilir,0.11,P4,Perlindungan pantai dahulu,59.7,65,75,79,tinggi,Risiko ketidakstabilan pesisir relatif tinggi.,mangrove-priority-2016-2025-v0.1
548,16,MPR-C095F18C8E,Telukpiyai Pesisir,Kubu,Rokan Hilir,0.11,P4,Perlindungan pantai dahulu,59.7,65,75,79,tinggi,Risiko ketidakstabilan pesisir relatif tinggi.,mangrove-priority-2016-2025-v0.1
549,17,MPR-D7BFC484D4,Telukpiyai Pesisir,Kubu,Rokan Hilir,0.11,P4,Perlindungan pantai dahulu,59.7,65,75,79,tinggi,Risiko ketidakstabilan pesisir relatif tinggi.,mangrove-priority-2016-2025-v0.1
550,18,MPR-A8F27A992F,Telukpiyai Pesisir,Kubu,Rokan Hilir,0.1,P4,Perlindungan pantai dahulu,59.7,65,75,79,tinggi,Risiko ketidakstabilan pesisir relatif tinggi.,mangrove-priority-2016-2025-v0.1
551,19,MPR-C1755065D7,Telukpiyai Pesisir,Kubu,Rokan Hilir,0.1,P4,Perlindungan pantai dahulu,59.7,65,75,79,tinggi,Risiko ketidakstabilan pesisir relatif tinggi.,mangrove-priority-2016-2025-v0.1
552,20,MPR-CA1BDEB951,Telukpiyai Pesisir,Kubu,Rokan Hilir,0.09,P4,Perlindungan pantai dahulu,59.7,65,75,79,tinggi,Risiko ketidakstabilan pesisir relatif tinggi.,mangrove-priority-2016-2025-v0.1
553,21,MPR-E0D5CC5E51,Telukpiyai Pesisir,Kubu,Rokan Hilir,0.09,P4,Perlindungan pantai dahulu,59.7,65,75,79,tinggi,Risiko ketidakstabilan pesisir relatif tinggi.,mangrove-priority-2016-2025-v0.1
554,22,MPR-2848079C33,Telukpiyai Pesisir,Kubu,Rokan Hilir,0.08,P4,Perlindungan pantai dahulu,59.7,65,75,79,tinggi,Risiko ketidakstabilan pesisir relatif tinggi.,mangrove-priority-2016-2025-v0.1
555,23,MPR-3234D1A8DD,Telukpiyai Pesisir,Kubu,Rokan Hilir,0.08,P4,Perlindungan pantai dahulu,59.7,65,75,79,tinggi,Risiko ketidakstabilan pesisir relatif tinggi.,mangrove-priority-2016-2025-v0.1
556,24,MPR-57B2856188,Telukpiyai Pesisir,Kubu,Rokan Hilir,0.08,P4,Perlindungan pantai dahulu,59.7,65,75,79,tinggi,Risiko ketidakstabilan pesisir relatif tinggi.,mangrove-priority-2016-2025-v0.1
557,25,MPR-878622A192,Telukpiyai Pesisir,Kubu,Rokan Hilir,0.08,P4,Perlindungan pantai dahulu,59.7,65,75,79,tinggi,Risiko ketidakstabilan pesisir relatif tinggi.,mangrove-priority-2016-2025-v0.1
558,26,MPR-9347A546BD,Telukpiyai Pesisir,Kubu,Rokan Hilir,0.08,P4,Perlindungan pantai dahulu,59.7,65,75,79,tinggi,Risiko ketidakstabilan pesisir relatif tinggi.,mangrove-priority-2016-2025-v0.1
559,27,MPR-98CCF85129,Telukpiyai Pesisir,Kubu,Rokan Hilir,0.08,P4,Perlindungan pantai dahulu,59.7,65,75,79,tinggi,Risiko ketidakstabilan pesisir relatif tinggi.,mangrove-priority-2016-2025-v0.1
560,28,MPR-EA4BF01396,Telukpiyai Pesisir,Kubu,Rokan Hilir,0.08,P4,Perlindungan pantai dahulu,59.7,65,75,79,tinggi,Risiko ketidakstabilan pesisir relatif tinggi.,mangrove-priority-2016-2025-v0.1
561,29,MPR-4664CF033F,Telukpiyai Pesisir,Kubu,Rokan Hilir,0.05,P4,Perlindungan pantai dahulu,59.7,65,75,79,tinggi,Risiko ketidakstabilan pesisir relatif tinggi.,mangrove-priority-2016-2025-v0.1
562,30,MPR-4954EE22D6,Telukpiyai Pesisir,Kubu,Rokan Hilir,0.05,P4,Perlindungan pantai dahulu,59.7,65,75,79,tinggi,Risiko ketidakstabilan pesisir relatif tinggi.,mangrove-priority-2016-2025-v0.1
563,31,MPR-AC34370B0F,Telukpiyai Pesisir,Kubu,Rokan Hilir,0.05,P4,Perlindungan pantai dahulu,59.7,65,75,79,tinggi,Risiko ketidakstabilan pesisir relatif tinggi.,mangrove-priority-2016-2025-v0.1
564,32,MPR-B59EB97016,Telukpiyai Pesisir,Kubu,Rokan Hilir,0.05,P4,Perlindungan pantai dahulu,59.7,65,75,79,tinggi,Risiko ketidakstabilan pesisir relatif tinggi.,mangrove-priority-2016-2025-v0.1
565,42,MPR-2C86C7BA2F,Darussalam,Sinaboi,Rokan Hilir,19.16,P4,Perlindungan pantai dahulu,59.6,75,58,72,tinggi,Risiko ketidakstabilan pesisir relatif tinggi.,mangrove-priority-2016-2025-v0.1
566,33,MPR-7FD53F8ABA,Telukpiyai Pesisir,Kubu,Rokan Hilir,0.76,P4,Perlindungan pantai dahulu,59.6,66,74,80,tinggi,Risiko ketidakstabilan pesisir relatif tinggi.,mangrove-priority-2016-2025-v0.1
567,34,MPR-9982EAA73C,Telukpiyai Pesisir,Kubu,Rokan Hilir,0.61,P4,Perlindungan pantai dahulu,59.6,66,74,80,tinggi,Risiko ketidakstabilan pesisir relatif tinggi.,mangrove-priority-2016-2025-v0.1
568,35,MPR-3532450086,Telukpiyai Pesisir,Kubu,Rokan Hilir,0.53,P4,Perlindungan pantai dahulu,59.6,66,74,80,tinggi,Risiko ketidakstabilan pesisir relatif tinggi.,mangrove-priority-2016-2025-v0.1
569,44,MPR-4666359DBC,Pasir Limau Kapas,Pasir Limau Kapas,Rokan Hilir,5.05,P4,Perlindungan pantai dahulu,59.5,65,78,85,tinggi,Risiko ketidakstabilan pesisir relatif tinggi.,mangrove-priority-2016-2025-v0.1
570,120,MPR-7FB835CFC8,Sungaipanji-Panji,Kubu Babussalam,Rokan Hilir,11.89,P4,Perlindungan pantai dahulu,59.4,77,68,95,tinggi,Risiko ketidakstabilan pesisir relatif tinggi.,mangrove-priority-2016-2025-v0.1
571,36,MPR-1B3BB86912,Telukpiyai Pesisir,Kubu,Rokan Hilir,2.12,P4,Perlindungan pantai dahulu,59.4,68,72,82,tinggi,Risiko ketidakstabilan pesisir relatif tinggi.,mangrove-priority-2016-2025-v0.1
572,37,MPR-609CA6E0E8,Telukpiyai Pesisir,Kubu,Rokan Hilir,0.36,P4,Perlindungan pantai dahulu,59.4,65,74,79,tinggi,Risiko ketidakstabilan pesisir relatif tinggi.,mangrove-priority-2016-2025-v0.1
573,121,MPR-8C4B10E82A,Sungaipanji-Panji,Kubu Babussalam,Rokan Hilir,14.042,P4,Perlindungan pantai dahulu,59.1,80,65,98,tinggi,Risiko ketidakstabilan pesisir relatif tinggi.,mangrove-priority-2016-2025-v0.1
574,44,MPR-7A2B138B41,Telukpiyai,Kubu,Rokan Hilir,8.58,P4,Perlindungan pantai dahulu,59.0,75,63,84,tinggi,Risiko ketidakstabilan pesisir relatif tinggi.,mangrove-priority-2016-2025-v0.1
575,38,MPR-C43020C63F,Telukpiyai Pesisir,Kubu,Rokan Hilir,2.08,P4,Perlindungan pantai dahulu,59.0,67,72,82,tinggi,Risiko ketidakstabilan pesisir relatif tinggi.,mangrove-priority-2016-2025-v0.1
576,28,MPR-520B6A5F29,Sungai Daun,Pasir Limau Kapas,Rokan Hilir,25.55,P4,Perlindungan pantai dahulu,58.4,77,57,81,tinggi,Risiko ketidakstabilan pesisir relatif tinggi.,mangrove-priority-2016-2025-v0.1
577,45,MPR-E3E64D5348,Pasir Limau Kapas,Pasir Limau Kapas,Rokan Hilir,10.74,P4,Perlindungan pantai dahulu,58.3,72,70,93,tinggi,Risiko ketidakstabilan pesisir relatif tinggi.,mangrove-priority-2016-2025-v0.1
578,1,MPR-30AF364159,Kelurahan Panipahan,Pasir Limau Kapas,Rokan Hilir,0.926,P2,Regenerasi alami terbantu,58.1,33,80,24,tinggi,Kondisi biofisik relatif mendukung pemulihan vegetasi.,mangrove-priority-2016-2025-v0.1
579,2,MPR-F0D264DE82,Kelurahan Panipahan,Pasir Limau Kapas,Rokan Hilir,0.1,P2,Regenerasi alami terbantu,58.1,32,81,23,tinggi,Kondisi biofisik relatif mendukung pemulihan vegetasi.,mangrove-priority-2016-2025-v0.1
580,39,MPR-2387BE2E94,Telukpiyai Pesisir,Kubu,Rokan Hilir,11.03,P4,Perlindungan pantai dahulu,57.1,78,60,95,tinggi,Risiko ketidakstabilan pesisir relatif tinggi.,mangrove-priority-2016-2025-v0.1
581,40,MPR-A20031F515,Telukpiyai Pesisir,Kubu,Rokan Hilir,17.83,P4,Perlindungan pantai dahulu,54.9,83,50,100,tinggi,Risiko ketidakstabilan pesisir relatif tinggi.,mangrove-priority-2016-2025-v0.1
582,46,MPR-9979B5F5B0,Pasir Limau Kapas,Pasir Limau Kapas,Rokan Hilir,39.31,P4,Perlindungan pantai dahulu,54.6,77,57,100,tinggi,Risiko ketidakstabilan pesisir relatif tinggi.,mangrove-priority-2016-2025-v0.1
583,47,MPR-D83B75470A,Pasir Limau Kapas,Pasir Limau Kapas,Rokan Hilir,20.61,P4,Perlindungan pantai dahulu,54.6,77,57,100,tinggi,Risiko ketidakstabilan pesisir relatif tinggi.,mangrove-priority-2016-2025-v0.1
584,48,MPR-64C7DF6F3B,Pasir Limau Kapas,Pasir Limau Kapas,Rokan Hilir,19.92,P4,Perlindungan pantai dahulu,54.6,77,57,100,tinggi,Risiko ketidakstabilan pesisir relatif tinggi.,mangrove-priority-2016-2025-v0.1
585,45,MPR-BD5A3DF1FE,Telukpiyai,Kubu,Rokan Hilir,40.12,P4,Perlindungan pantai dahulu,54.4,83,47,97,tinggi,Risiko ketidakstabilan pesisir relatif tinggi.,mangrove-priority-2016-2025-v0.1
586,1,MPR-39F2319D36,Panipahan,Pasir Limau Kapas,Rokan Hilir,0.17,P5,Perlindungan mangrove eksisting,53.9,57,40,29,sedang,Penambahan tanam bukan tindakan utama pada kondisi ini.,mangrove-priority-2016-2025-v0.1
587,2,MPR-717528E41C,Panipahan,Pasir Limau Kapas,Rokan Hilir,0.12,P5,Perlindungan mangrove eksisting,53.9,57,40,29,sedang,Penambahan tanam bukan tindakan utama pada kondisi ini.,mangrove-priority-2016-2025-v0.1
588,3,MPR-08F2EE7E13,Panipahan,Pasir Limau Kapas,Rokan Hilir,0.1,P5,Perlindungan mangrove eksisting,53.9,57,40,29,sedang,Penambahan tanam bukan tindakan utama pada kondisi ini.,mangrove-priority-2016-2025-v0.1
589,41,MPR-44BC358D8E,Telukpiyai Pesisir,Kubu,Rokan Hilir,29.22,P4,Perlindungan pantai dahulu,53.8,83,47,100,tinggi,Risiko ketidakstabilan pesisir relatif tinggi.,mangrove-priority-2016-2025-v0.1
590,42,MPR-993814BB1A,Telukpiyai Pesisir,Kubu,Rokan Hilir,28.2,P4,Perlindungan pantai dahulu,53.8,83,47,100,tinggi,Risiko ketidakstabilan pesisir relatif tinggi.,mangrove-priority-2016-2025-v0.1
