{"type":"FeatureCollection","source":"OpenStreetMap contributors via Overpass","coveredVillageIds":["bagan-jawa-pesisir","bagan-punak-pesisir","darussalam","kelurahan-bagan-barat","kelurahan-bagan-hulu","kelurahan-panipahan","panipahan","panipahan-darat","panipahan-laut","parit-aman","pasir-limau-kapas","pekaitan","pulauhalang-belakang","pulauhalang-hulu","sei-bakau","sei-besar","sinaboi","sungai-daun","sungaipanji-panji","telukpiyai","telukpiyai-pesisir","telukpulai"],"features":[{"type":"Feature","properties":{"scope":"Bangko","osmId":235037355,"highway":"residential","name":"Jalan Sekip"},"geometry":{"type":"LineString","coordinates":[[100.8150248,2.1490585],[100.8146279,2.1489579],[100.8145353,2.1489459],[100.8143435,2.1489459],[100.8141692,2.1489419],[100.8140659,2.1489338],[100.8137521,2.1488655],[100.8135577,2.1488481],[100.8133795,2.1488439],[100.813272,2.1488414],[100.8130909,2.1488279],[100.8129924,2.1488136],[100.8127612,2.1487798],[100.8127235,2.1487743]]}},{"type":"Feature","properties":{"scope":"Bangko","osmId":235037455,"highway":"residential","name":"Jalan Tugu"},"geometry":{"type":"LineString","coordinates":[[100.8098185,2.158025],[100.8088301,2.1583426],[100.8088115,2.1583471],[100.8077413,2.1586955]]}},{"type":"Feature","properties":{"scope":"Bangko","osmId":235039170,"highway":"residential","name":"Jalan Riau"},"geometry":{"type":"LineString","coordinates":[[100.8063339,2.1581314],[100.8068387,2.1580348],[100.8077225,2.1579033]]}},{"type":"Feature","properties":{"scope":"Bangko","osmId":235039171,"highway":"tertiary","name":"Jalan Perwira"},"geometry":{"type":"LineString","coordinates":[[100.807862,2.1598829],[100.8077413,2.1586955],[100.8077225,2.1579033],[100.8076984,2.1573581],[100.8076612,2.1568702],[100.8076528,2.1565982],[100.8076367,2.1561827],[100.8076257,2.1558662],[100.8075843,2.1546756],[100.8075733,2.1543603],[100.8075401,2.1533108],[100.8075066,2.1519653],[100.8074959,2.1515203],[100.8074959,2.1513448],[100.8075166,2.1511431],[100.8075763,2.150861],[100.807634,2.1506479],[100.8077574,2.1502927],[100.8079384,2.1498103],[100.8080913,2.1494069],[100.8082616,2.1489419],[100.8083421,2.148706],[100.8084092,2.1483844],[100.8084199,2.1483396],[100.8084655,2.1480372]]}},{"type":"Feature","properties":{"scope":"Bangko","osmId":235039172,"highway":"residential","name":"Jalan Dokter Protomo"},"geometry":{"type":"LineString","coordinates":[[100.8086691,2.1597057],[100.8088115,2.1583471],[100.8087881,2.1579305],[100.8087697,2.1576646],[100.8087327,2.1568689],[100.8086955,2.1561006],[100.8086754,2.155645],[100.8086384,2.1545972],[100.8085754,2.1529449],[100.808554,2.1525295],[100.8085124,2.1522119],[100.808491,2.1520979],[100.808432,2.1518996],[100.8084145,2.1517669],[100.8084112,2.1512496],[100.8083991,2.1512288],[100.8083803,2.1512128],[100.8075166,2.1511431]]}},{"type":"Feature","properties":{"scope":"Bangko","osmId":235039173,"highway":"residential","name":"Jalan Mesjid"},"geometry":{"type":"LineString","coordinates":[[100.8076367,2.1561827],[100.8086955,2.1561006],[100.8097,2.1560226],[100.8113637,2.1558874],[100.8126993,2.1557686]]}},{"type":"Feature","properties":{"scope":"Bangko","osmId":235039174,"highway":"tertiary","name":"Jalan Selamat"},"geometry":{"type":"LineString","coordinates":[[100.8098065,2.1576606],[100.8113654,2.1571753],[100.8127961,2.1567181],[100.8145245,2.1561732],[100.816079,2.1556831],[100.8164687,2.1555602],[100.8166461,2.1555043],[100.8177068,2.1552275],[100.8196422,2.1547112],[100.819956,2.1545853],[100.8203289,2.1544432],[100.8234912,2.1535842],[100.8235462,2.1535507],[100.8235824,2.153493],[100.8235945,2.153414],[100.8235998,2.1533001],[100.8235985,2.1531835],[100.8235609,2.1527493],[100.8234228,2.1514071],[100.82318,2.1490477],[100.8231666,2.1489405]]}},{"type":"Feature","properties":{"scope":"Bangko","osmId":235039175,"highway":"residential","name":"Jalan Bahagia"},"geometry":{"type":"LineString","coordinates":[[100.8134678,2.1590962],[100.8139318,2.1590453],[100.8140425,2.159031],[100.8141463,2.1590175],[100.8144495,2.1589783],[100.8150771,2.1588657],[100.8162771,2.1586834],[100.8167863,2.158606],[100.8168084,2.1586026],[100.8168407,2.1585977],[100.8171846,2.1585467],[100.8180149,2.1584237],[100.818063,2.1584166],[100.8199735,2.1581313],[100.8238587,2.1576247],[100.8239123,2.1576033],[100.8239458,2.1575497],[100.8239619,2.1574813],[100.8237943,2.1554242]]}},{"type":"Feature","properties":{"scope":"Bangko","osmId":235043986,"highway":"unclassified","name":"Jalan Madrasah"},"geometry":{"type":"LineString","coordinates":[[100.8134678,2.1590962],[100.8132604,2.1583653],[100.8130943,2.15778],[100.8127961,2.1567181],[100.8126993,2.1557686],[100.8127053,2.1543587],[100.8126993,2.1540693],[100.8127021,2.15365],[100.8127007,2.15356],[100.8127081,2.1530241],[100.8127195,2.1520778],[100.8127289,2.1515847],[100.8127286,2.1506774],[100.8127283,2.1500301],[100.8127275,2.1498049],[100.8127253,2.149234],[100.8127235,2.1487743]]}},{"type":"Feature","properties":{"scope":"Bangko","osmId":235043988,"highway":"unclassified","name":"Jalan Kahyangan"},"geometry":{"type":"LineString","coordinates":[[100.8147365,2.1656496],[100.8143019,2.1633215],[100.8141343,2.1625458],[100.8138507,2.1610801],[100.8135821,2.1596813],[100.8134678,2.1590962]]}},{"type":"Feature","properties":{"scope":"Bangko","osmId":235043992,"highway":"residential","name":"Jalan Siak"},"geometry":{"type":"LineString","coordinates":[[100.8099943,2.1609903],[100.8107884,2.1610084],[100.8133351,2.1610975],[100.8138507,2.1610801]]}},{"type":"Feature","properties":{"scope":"Bangko","osmId":235043994,"highway":"residential","name":"Jalan Bawal"},"geometry":{"type":"LineString","coordinates":[[100.8100723,2.1623934],[100.8108521,2.1624423],[100.8111009,2.1624533],[100.8115567,2.1624734],[100.8125169,2.1624627],[100.8130319,2.1624801],[100.8131636,2.1624867],[100.8136662,2.1625062],[100.8136864,2.1625116],[100.8137031,2.1625176],[100.8137212,2.1625357],[100.813734,2.1625973],[100.8137407,2.1626094],[100.813747,2.1626144],[100.8137554,2.1626175],[100.8141343,2.1625458]]}},{"type":"Feature","properties":{"scope":"Bangko","osmId":235043996,"highway":"residential","name":"Gang Darma"},"geometry":{"type":"LineString","coordinates":[[100.8108521,2.1624423],[100.8108407,2.1620795],[100.8108251,2.1618652],[100.8108199,2.1616268],[100.8107884,2.1610084]]}},{"type":"Feature","properties":{"scope":"Bangko","osmId":235043998,"highway":"residential","name":null},"geometry":{"type":"LineString","coordinates":[[100.8108407,2.1620795],[100.8122487,2.1619213],[100.8133927,2.1617752],[100.8134155,2.1617538],[100.8134209,2.1617296],[100.8133351,2.1610975]]}},{"type":"Feature","properties":{"scope":"Bangko","osmId":235043999,"highway":"unclassified","name":"Jalan Pasar Tangko"},"geometry":{"type":"LineString","coordinates":[[100.8079518,2.1649513],[100.8089432,2.1648866],[100.8095893,2.1648882],[100.8102237,2.1648897]]}},{"type":"Feature","properties":{"scope":"Bangko","osmId":235044001,"highway":"secondary","name":"Jalan Pahlawan"},"geometry":{"type":"LineString","coordinates":[[100.8098978,2.1595613],[100.8098185,2.158025],[100.8098065,2.1576606],[100.8097,2.1560226],[100.8096635,2.1553919],[100.8096349,2.1548967],[100.809625,2.1547284],[100.8095719,2.1538294],[100.80947,2.1526045],[100.8093582,2.1508887],[100.8093385,2.1505045],[100.8093341,2.1501409],[100.8093372,2.1498331],[100.8093587,2.1495114],[100.809419,2.1487623],[100.8094391,2.1484098],[100.809466,2.1482262],[100.8095558,2.1479193],[100.809595,2.1477919],[100.8096698,2.1476205],[100.8097348,2.147473],[100.8098133,2.1472948],[100.809997,2.1469142],[100.8102036,2.1465323],[100.8105026,2.1459774],[100.810626,2.1457483],[100.810854,2.1452765],[100.8109246,2.1451206],[100.8111256,2.1446771]]}},{"type":"Feature","properties":{"scope":"Bangko","osmId":235044259,"highway":"residential","name":"Jalan Kelenteng"},"geometry":{"type":"LineString","coordinates":[[100.8065827,2.1610667],[100.8072773,2.1610502],[100.8079418,2.1609756],[100.808022,2.1609666],[100.8082589,2.1609403],[100.8083441,2.1609409],[100.8084172,2.1609477],[100.8086558,2.1609816],[100.8087202,2.160983],[100.808866,2.1609861],[100.8099943,2.1609903]]}},{"type":"Feature","properties":{"scope":"Bangko","osmId":235044260,"highway":"residential","name":"Jalan Utama"},"geometry":{"type":"LineString","coordinates":[[100.8065827,2.1610667],[100.8059181,2.161033],[100.8051556,2.1609944],[100.8043257,2.1609524],[100.8036744,2.1609194],[100.8032786,2.1608993],[100.8025733,2.1608579],[100.802238,2.1608382],[100.802156,2.1608334],[100.8013462,2.1607858],[100.8004725,2.1607346]]}},{"type":"Feature","properties":{"scope":"Bangko","osmId":235045213,"highway":"secondary","name":"Jalan Merdeka"},"geometry":{"type":"LineString","coordinates":[[100.8065477,2.1599338],[100.8072397,2.1599137],[100.807862,2.1598829],[100.8079103,2.1598791],[100.8079835,2.1598748],[100.8080256,2.1598749],[100.8086268,2.1597975],[100.8086968,2.1597854],[100.80872,2.1597477],[100.8087608,2.1597205],[100.8089399,2.159691],[100.8092785,2.1596532],[100.8098978,2.1595613]]}},{"type":"Feature","properties":{"scope":"Bangko","osmId":235045217,"highway":"residential","name":"Jalan Sentosa"},"geometry":{"type":"LineString","coordinates":[[100.8073229,2.1623444],[100.8073178,2.1622775],[100.8072773,2.1610502],[100.8072397,2.1599137]]}},{"type":"Feature","properties":{"scope":"Bangko","osmId":235045219,"highway":"primary","name":"Jalan Bintang"},"geometry":{"type":"LineString","coordinates":[[100.8079518,2.1649513],[100.8080182,2.1661822],[100.8080618,2.1669147],[100.8081102,2.1679096],[100.8081562,2.1688579],[100.8081991,2.1697397],[100.8082368,2.1705156],[100.8082455,2.1706952]]}},{"type":"Feature","properties":{"scope":"Bangko","osmId":235045220,"highway":"secondary","name":"Jalan Jambu"},"geometry":{"type":"LineString","coordinates":[[100.8067849,2.1707391],[100.8082455,2.1706952],[100.8105355,2.1706231]]}},{"type":"Feature","properties":{"scope":"Bangko","osmId":235045221,"highway":"secondary","name":"Jalan Simpang Tiga"},"geometry":{"type":"LineString","coordinates":[[100.8102237,2.1648897],[100.8103236,2.1668804],[100.8103316,2.1669775],[100.8103636,2.1673653],[100.8103661,2.1674383],[100.8103688,2.1675161],[100.810383,2.1678771],[100.810391,2.1680112],[100.8105355,2.1706231]]}},{"type":"Feature","properties":{"scope":"Bangko","osmId":235045432,"highway":"residential","name":"Jalan Sungai Garam"},"geometry":{"type":"LineString","coordinates":[[100.8051935,2.1649055],[100.8051935,2.1650062],[100.8052063,2.1660247],[100.8051888,2.1661318],[100.805029,2.1670423],[100.8050071,2.1671781],[100.8047791,2.1683686]]}},{"type":"Feature","properties":{"scope":"Bangko","osmId":235045433,"highway":"tertiary","name":"Jalan Pelabuhan Baru"},"geometry":{"type":"LineString","coordinates":[[100.7868315,2.1413291],[100.7875349,2.1422317],[100.7881568,2.143079],[100.7886399,2.1437143],[100.789382,2.1447215],[100.7895256,2.144919],[100.7906301,2.1463848],[100.791122,2.1470219],[100.791867,2.1479869],[100.7922139,2.1484465],[100.7935558,2.1501743],[100.7944402,2.1513814],[100.7950704,2.1521502],[100.7956894,2.1529677],[100.7957593,2.15306],[100.7963724,2.1538487],[100.7981611,2.1561834],[100.7988315,2.1570566],[100.7992254,2.1575704],[100.7996321,2.1581011],[100.799869,2.1584101],[100.8002001,2.1588976],[100.8005637,2.1592621],[100.8006197,2.1592982],[100.8007756,2.1593777],[100.8010358,2.1594259],[100.8014011,2.1594452],[100.80162,2.1594567],[100.8022104,2.1594878],[100.8033525,2.159548],[100.8037394,2.1595683],[100.8044294,2.1596047],[100.805157,2.159643]]}},{"type":"Feature","properties":{"scope":"Bangko","osmId":235045793,"highway":"tertiary","name":"Jalan Pelabuhan Nelayan"},"geometry":{"type":"LineString","coordinates":[[100.7852348,2.1598753],[100.7857229,2.1599031],[100.7857984,2.1599075],[100.7868239,2.1599679],[100.7893438,2.1601161],[100.789698,2.160137],[100.7946529,2.1604285],[100.7950592,2.160456],[100.7973435,2.1605819],[100.7981164,2.1606196],[100.7986643,2.1606463],[100.7998604,2.1607047],[100.8004725,2.1607346]]}},{"type":"Feature","properties":{"scope":"Bangko","osmId":278451403,"highway":"residential","name":null},"geometry":{"type":"LineString","coordinates":[[100.7946508,2.1618985],[100.797264,2.1620383],[100.7984853,2.1621036],[100.8003813,2.1622051]]}},{"type":"Feature","properties":{"scope":"Bangko","osmId":278451404,"highway":"residential","name":null},"geometry":{"type":"LineString","coordinates":[[100.7983335,2.1635914],[100.8002792,2.1636559],[100.8012021,2.1636903],[100.8021596,2.1636742],[100.8031441,2.1636398],[100.8038657,2.1635771]]}},{"type":"Feature","properties":{"scope":"Bangko","osmId":278451405,"highway":"residential","name":null},"geometry":{"type":"LineString","coordinates":[[100.8031019,2.1649522],[100.8031076,2.1647731],[100.8031263,2.1641916],[100.8031441,2.1636398],[100.8031638,2.1630256],[100.8031659,2.1629587],[100.8031848,2.1623715]]}},{"type":"Feature","properties":{"scope":"Bangko","osmId":278451408,"highway":"residential","name":null},"geometry":{"type":"LineString","coordinates":[[100.8067087,2.1525804],[100.8060225,2.1525046],[100.8060837,2.1521502],[100.805729,2.1520531],[100.8055131,2.1519827],[100.8054735,2.1519706],[100.8053558,2.151956],[100.8046654,2.1518698],[100.8038904,2.1517732],[100.8032886,2.1516981],[100.8022635,2.1515703],[100.8014927,2.1514741],[100.7999015,2.1512757],[100.7991878,2.1511866],[100.7989871,2.1511731],[100.7968663,2.150936],[100.7953321,2.1508288],[100.7951484,2.1508315],[100.7950274,2.1508757],[100.7944402,2.1513814]]}},{"type":"Feature","properties":{"scope":"Bangko","osmId":278451409,"highway":"residential","name":null},"geometry":{"type":"LineString","coordinates":[[100.7891476,2.1539803],[100.7895705,2.153595],[100.7903252,2.1529472],[100.7903506,2.1529254],[100.7911798,2.1522137],[100.7912183,2.1521806],[100.7924331,2.1511379],[100.7935558,2.1501743]]}},{"type":"Feature","properties":{"scope":"Bangko","osmId":278451410,"highway":"tertiary","name":null},"geometry":{"type":"LineString","coordinates":[[100.805157,2.159643],[100.8051623,2.1593522],[100.8064592,2.1592168]]}},{"type":"Feature","properties":{"scope":"Bangko","osmId":278451411,"highway":"residential","name":null},"geometry":{"type":"LineString","coordinates":[[100.8068441,2.1588175],[100.8068588,2.1584288],[100.8068387,2.1580348],[100.8068534,2.1569779],[100.8068749,2.1561439],[100.8068904,2.1561244],[100.8069118,2.1561104],[100.8070131,2.1560856],[100.8070419,2.1560708],[100.807052,2.1560501]]}},{"type":"Feature","properties":{"scope":"Bangko","osmId":278451412,"highway":"residential","name":null},"geometry":{"type":"LineString","coordinates":[[100.8095719,2.1538294],[100.8113435,2.153694],[100.8127007,2.15356]]}},{"type":"Feature","properties":{"scope":"Bangko","osmId":278451413,"highway":"residential","name":null},"geometry":{"type":"LineString","coordinates":[[100.80947,2.1526045],[100.8110645,2.1523633],[100.8112429,2.1523083],[100.8127195,2.1520778]]}},{"type":"Feature","properties":{"scope":"Bangko","osmId":278451415,"highway":"tertiary","name":"Jalan Pelabuhan Hulu"},"geometry":{"type":"LineString","coordinates":[[100.8084655,2.1480372],[100.8084959,2.1478451],[100.8085473,2.1475148],[100.808615,2.1471442],[100.8087927,2.1462053],[100.8088913,2.1458326],[100.8089778,2.1455057],[100.8090544,2.1452277],[100.8092608,2.144577],[100.8093117,2.1443853]]}},{"type":"Feature","properties":{"scope":"Bangko","osmId":278451416,"highway":"residential","name":null},"geometry":{"type":"LineString","coordinates":[[100.8061118,2.1449535],[100.8068964,2.144912],[100.8071861,2.1449214],[100.8075441,2.1449442],[100.8078727,2.1449803],[100.8082831,2.1450286],[100.8085393,2.1450735],[100.808682,2.1451125],[100.808719,2.1451231],[100.8090544,2.1452277]]}},{"type":"Feature","properties":{"scope":"Bangko","osmId":278451417,"highway":"residential","name":null},"geometry":{"type":"LineString","coordinates":[[100.8061253,2.1452216],[100.8063492,2.1452135],[100.8065906,2.1451814],[100.8067743,2.1451693],[100.80695,2.1451854],[100.807233,2.1452243],[100.8075656,2.1452832],[100.8080202,2.1453542],[100.8085524,2.1454346],[100.8089778,2.1455057]]}},{"type":"Feature","properties":{"scope":"Bangko","osmId":278451418,"highway":"residential","name":null},"geometry":{"type":"LineString","coordinates":[[100.8061346,2.1458179],[100.8064753,2.145822],[100.8067797,2.1458112],[100.806938,2.1458179],[100.8070962,2.1458461],[100.8074999,2.1459359],[100.8082214,2.1461021],[100.8087927,2.1462053]]}},{"type":"Feature","properties":{"scope":"Bangko","osmId":278451419,"highway":"residential","name":null},"geometry":{"type":"LineString","coordinates":[[100.8061501,2.1435617],[100.8061132,2.1434847],[100.8060718,2.143421],[100.8059794,2.1432799],[100.8058986,2.1431617],[100.8058128,2.1430559],[100.8056907,2.142954],[100.805507,2.1428307],[100.8051409,2.1426257],[100.8047721,2.1424246],[100.8045791,2.1423305],[100.8044314,2.1422585],[100.8038869,2.1420521],[100.8034337,2.1419207],[100.8027954,2.1417703],[100.802393,2.1416755],[100.8015642,2.1414517],[100.801139,2.141319],[100.8008775,2.1412681],[100.8005838,2.1412158],[100.8003505,2.141185],[100.8001372,2.1411528],[100.7998757,2.1410858],[100.7995565,2.1409947],[100.7988457,2.1407628],[100.798033,2.1405136],[100.7973813,2.1403608],[100.7969621,2.140301],[100.7969059,2.1402866]]}},{"type":"Feature","properties":{"scope":"Bangko","osmId":278451421,"highway":"tertiary","name":null},"geometry":{"type":"LineString","coordinates":[[100.809537,2.144112],[100.8100936,2.1443813],[100.8103645,2.1445086],[100.8105268,2.1445689],[100.8106327,2.1446038],[100.8108339,2.1446466],[100.8111256,2.1446771]]}},{"type":"Feature","properties":{"scope":"Bangko","osmId":278451422,"highway":"residential","name":null},"geometry":{"type":"LineString","coordinates":[[100.8092608,2.144577],[100.80947,2.1446533],[100.8098549,2.1448356],[100.8101593,2.1449763],[100.810854,2.1452765]]}},{"type":"Feature","properties":{"scope":"Bangko","osmId":278451424,"highway":"residential","name":null},"geometry":{"type":"LineString","coordinates":[[100.8069534,2.1435718],[100.8071472,2.1432033],[100.8073711,2.1427302],[100.8074098,2.1426661],[100.8075324,2.1424686],[100.8077981,2.1421562],[100.8080964,2.1417517]]}},{"type":"Feature","properties":{"scope":"Bangko","osmId":278451491,"highway":"residential","name":null},"geometry":{"type":"LineString","coordinates":[[100.8047791,2.1683686],[100.8055097,2.1683111],[100.806317,2.1681905],[100.8067577,2.1681412]]}},{"type":"Feature","properties":{"scope":"Bangko","osmId":278451492,"highway":"residential","name":null},"geometry":{"type":"LineString","coordinates":[[100.805029,2.1670423],[100.8039004,2.166987],[100.8034719,2.1669481],[100.8008628,2.1667311],[100.800105,2.1666574],[100.7991158,2.1666012],[100.7975983,2.166468]]}},{"type":"Feature","properties":{"scope":"Bangko","osmId":278451493,"highway":"residential","name":null},"geometry":{"type":"LineString","coordinates":[[100.8051935,2.1649055],[100.8048468,2.1649338],[100.8046644,2.1649434],[100.8035265,2.1649795],[100.8031019,2.1649522],[100.8011498,2.1649406],[100.8007783,2.1649232],[100.8002231,2.1648455]]}},{"type":"Feature","properties":{"scope":"Bangko","osmId":278451494,"highway":"residential","name":null},"geometry":{"type":"LineString","coordinates":[[100.8022401,2.1641915],[100.8031263,2.1641916],[100.8051935,2.1642273]]}},{"type":"Feature","properties":{"scope":"Bangko","osmId":278451495,"highway":"residential","name":null},"geometry":{"type":"LineString","coordinates":[[100.8067106,2.1661528],[100.8061755,2.1661709],[100.8061598,2.1661685],[100.8061487,2.1661635],[100.8061413,2.1661528],[100.8061387,2.166132],[100.8061384,2.166058],[100.806125,2.1657792],[100.8060821,2.1653021],[100.8060745,2.1648699],[100.8060579,2.1642059],[100.8060257,2.1634393],[100.8060005,2.1628759],[100.8059657,2.1623729],[100.8059426,2.1620805],[100.8059388,2.1619561],[100.8059181,2.161033]]}},{"type":"Feature","properties":{"scope":"Bangko","osmId":278451545,"highway":"residential","name":null},"geometry":{"type":"LineString","coordinates":[[100.8080618,2.1669147],[100.8084145,2.1668959],[100.8087122,2.166853],[100.8087477,2.16685],[100.8089013,2.1668369],[100.809018,2.1668503],[100.8092406,2.1668852],[100.8096525,2.1669183],[100.8103236,2.1668804]]}},{"type":"Feature","properties":{"scope":"Bangko","osmId":278451546,"highway":"residential","name":null},"geometry":{"type":"LineString","coordinates":[[100.8085553,2.1674293],[100.8097154,2.1673931],[100.8100118,2.1673985],[100.8100775,2.1674159],[100.8101298,2.1674279],[100.8101874,2.167436],[100.8102236,2.1674413],[100.8103661,2.1674383]]}},{"type":"Feature","properties":{"scope":"Bangko","osmId":278451547,"highway":"residential","name":null},"geometry":{"type":"LineString","coordinates":[[100.8103688,2.1675161],[100.8111651,2.1675231],[100.8118545,2.1675445],[100.8121119,2.1675633],[100.8124137,2.1676129],[100.8125693,2.167641],[100.8126712,2.167645],[100.812875,2.1676812],[100.8139023,2.1679305],[100.8146078,2.1680873]]}},{"type":"Feature","properties":{"scope":"Bangko","osmId":278451548,"highway":"residential","name":null},"geometry":{"type":"LineString","coordinates":[[100.810391,2.1680112],[100.8116159,2.1681741],[100.8124553,2.1682307],[100.8131044,2.1682963],[100.8140472,2.1684317],[100.8153856,2.1686716]]}},{"type":"Feature","properties":{"scope":"Bangko","osmId":278451549,"highway":"residential","name":null},"geometry":{"type":"LineString","coordinates":[[100.8116159,2.1681741],[100.811597,2.1685342],[100.811581,2.1692904]]}},{"type":"Feature","properties":{"scope":"Bangko","osmId":278451550,"highway":"residential","name":null},"geometry":{"type":"LineString","coordinates":[[100.8101724,2.1638329],[100.8119381,2.1637412],[100.8131273,2.1636657],[100.8131654,2.1636702],[100.8131848,2.1636802],[100.8131962,2.1636956],[100.8131976,2.1637298],[100.8131889,2.163957]]}},{"type":"Feature","properties":{"scope":"Bangko","osmId":278451551,"highway":"residential","name":null},"geometry":{"type":"LineString","coordinates":[[100.8101724,2.1638329],[100.8095566,2.1638779],[100.8089379,2.1639231],[100.8079103,2.1639931]]}},{"type":"Feature","properties":{"scope":"Bangko","osmId":278451552,"highway":"residential","name":null},"geometry":{"type":"LineString","coordinates":[[100.809037,2.1662272],[100.8090623,2.1659725],[100.8090743,2.1658318],[100.8090623,2.1656723],[100.8090328,2.1655196],[100.80901,2.165407],[100.8089939,2.165143],[100.8089432,2.1648866],[100.8089379,2.1639231],[100.8089315,2.1629338],[100.8089255,2.162913],[100.8089134,2.1628889],[100.8086921,2.1626383],[100.8078453,2.1626493],[100.8072313,2.1626575],[100.8066275,2.1626655]]}},{"type":"Feature","properties":{"scope":"Bangko","osmId":293137173,"highway":"secondary","name":"Jalan Kecamatan"},"geometry":{"type":"LineString","coordinates":[[100.8284069,2.1072462],[100.8284068,2.1072861],[100.8283619,2.1074889],[100.8283003,2.1076049],[100.8281803,2.1078101],[100.8279084,2.1081609],[100.827784,2.108317],[100.8274902,2.1086612],[100.8274004,2.1087745],[100.8271546,2.1090665],[100.8267557,2.1095393],[100.8264455,2.1099222],[100.8261629,2.1102468],[100.8258449,2.1106459],[100.8255203,2.111047],[100.8252494,2.1113928],[100.8249879,2.1117356],[100.8248736,2.1119157],[100.8247268,2.112147],[100.8245071,2.1125246],[100.8243551,2.11285],[100.8242399,2.1131017],[100.8241155,2.1134071],[100.8240049,2.1136772],[100.8239066,2.1139719],[100.8238667,2.1141607],[100.8238267,2.1144078],[100.8237653,2.11481],[100.8237452,2.1149414],[100.8237031,2.1152163],[100.8236454,2.1155742],[100.823595,2.1158102],[100.8235596,2.1159762],[100.8235038,2.116198],[100.8234904,2.1162512],[100.8233893,2.116653],[100.8233088,2.1168795],[100.8232337,2.1170444],[100.8230057,2.1174571],[100.8227719,2.117875],[100.8227456,2.1179155],[100.8226731,2.1180321],[100.8225605,2.1182291],[100.8223245,2.1185896],[100.8220428,2.1190024],[100.821847,2.1192959],[100.8216847,2.1195451],[100.8216257,2.1196325],[100.821497,2.1198105],[100.8214118,2.1199318],[100.8213334,2.1200645],[100.8211697,2.12037],[100.8211349,2.1204397],[100.8210896,2.1205462],[100.8210605,2.12062],[100.8210241,2.1206993]]}},{"type":"Feature","properties":{"scope":"Bangko","osmId":293137176,"highway":"secondary","name":"Jalan Kecamatan"},"geometry":{"type":"LineString","coordinates":[[100.8114977,2.1440214],[100.8115674,2.1439651],[100.8120395,2.1431028],[100.8122668,2.1426514],[100.8126698,2.1418511],[100.8128911,2.1414021],[100.8130043,2.1411526],[100.8132479,2.1406154],[100.8134693,2.1401075],[100.8135067,2.1400217],[100.8135696,2.1398643],[100.8136903,2.1395625],[100.8137548,2.1394012],[100.8138269,2.1392049],[100.8139144,2.1389107],[100.8140163,2.1385274],[100.8140261,2.1384866],[100.8141129,2.138124],[100.8141907,2.1377649],[100.8142489,2.1374281],[100.8142725,2.1372918],[100.8142845,2.137221],[100.814373,2.1367008],[100.8144455,2.1362384],[100.8145031,2.135756],[100.8145069,2.1357202],[100.8145083,2.1357068]]}},{"type":"Feature","properties":{"scope":"Bangko","osmId":293146523,"highway":"service","name":null},"geometry":{"type":"LineString","coordinates":[[100.8202296,2.122783],[100.8196534,2.1225863]]}},{"type":"Feature","properties":{"scope":"Bangko","osmId":293146525,"highway":"residential","name":null},"geometry":{"type":"LineString","coordinates":[[100.8187658,2.1257763],[100.8199713,2.1264752]]}},{"type":"Feature","properties":{"scope":"Bangko","osmId":293146526,"highway":"residential","name":null},"geometry":{"type":"LineString","coordinates":[[100.8197167,2.1246151],[100.8206214,2.1252243],[100.8213382,2.1256497]]}},{"type":"Feature","properties":{"scope":"Bangko","osmId":293146527,"highway":"residential","name":null},"geometry":{"type":"LineString","coordinates":[[100.8217116,2.1196912],[100.8219281,2.1198407],[100.8222062,2.1200203],[100.8224618,2.1201906],[100.8228383,2.1204197],[100.8231904,2.1206482],[100.8233694,2.1207644],[100.8234057,2.1207891],[100.8238974,2.1211234],[100.8240089,2.1211855],[100.8240578,2.1212117],[100.8241074,2.1212331],[100.8241611,2.1212525],[100.8242074,2.1212659],[100.8245079,2.1213149],[100.8255232,2.1213886]]}},{"type":"Feature","properties":{"scope":"Bangko","osmId":293149177,"highway":"unclassified","name":"Jalan Pulau Baru"},"geometry":{"type":"LineString","coordinates":[[100.7994292,2.1741607],[100.7994452,2.174071],[100.7995526,2.1733045],[100.7996192,2.1728289],[100.7996517,2.1725969],[100.7996972,2.172332],[100.7997161,2.1722216],[100.7997623,2.1717465],[100.7997724,2.1716427],[100.799788,2.1713873],[100.7997939,2.1712314],[100.7998165,2.1709192],[100.799856,2.1702702],[100.799872,2.1700085],[100.7998905,2.1697048],[100.800105,2.1666574],[100.8002231,2.1648455],[100.8002407,2.1644722],[100.8002792,2.1636559],[100.8003813,2.1622051],[100.8004725,2.1607346]]}},{"type":"Feature","properties":{"scope":"Bangko","osmId":293149178,"highway":"residential","name":"Jalan Siak"},"geometry":{"type":"LineString","coordinates":[[100.8138507,2.1610801],[100.8149705,2.1610848],[100.8151884,2.1610971],[100.8155727,2.1611003],[100.8161747,2.1611158],[100.8190525,2.1611781],[100.8209431,2.1612351],[100.8217424,2.1612726],[100.8243585,2.1612409]]}},{"type":"Feature","properties":{"scope":"Bangko","osmId":293149179,"highway":"residential","name":"Jalan Sumatera Laut"},"geometry":{"type":"LineString","coordinates":[[100.8003813,2.1622051],[100.8021772,2.1623116],[100.8024992,2.1623307],[100.8031848,2.1623715],[100.8051717,2.162452],[100.8059657,2.1623729],[100.8065226,2.1623411]]}},{"type":"Feature","properties":{"scope":"Bangko","osmId":293149975,"highway":"residential","name":null},"geometry":{"type":"LineString","coordinates":[[100.793311,2.1395299],[100.792619,2.1394388],[100.7921013,2.1392994],[100.7917024,2.1391537],[100.7911844,2.1389404],[100.7909541,2.1388557],[100.7907543,2.1387841],[100.7904871,2.1386929],[100.7903329,2.1386408],[100.7897911,2.1384376],[100.7897447,2.1384015],[100.7896704,2.1383087],[100.7894054,2.1379658],[100.7893943,2.1379257],[100.789394,2.1378925],[100.7894154,2.1378198],[100.7894577,2.1377317],[100.7894754,2.1376771],[100.7894667,2.1376295],[100.7894312,2.1375558],[100.789401,2.1375153]]}},{"type":"Feature","properties":{"scope":"Bangko","osmId":293149976,"highway":"residential","name":null},"geometry":{"type":"LineString","coordinates":[[100.7875349,2.1422317],[100.7867478,2.142919],[100.7862743,2.1433358]]}},{"type":"Feature","properties":{"scope":"Bangko","osmId":293149977,"highway":"service","name":null},"geometry":{"type":"LineString","coordinates":[[100.7867519,2.1411496],[100.7864443,2.1407387],[100.786352,2.1406369],[100.7862689,2.1405672],[100.786171,2.1405015],[100.7858759,2.1403407],[100.7854686,2.1401226],[100.7852904,2.1400294],[100.785275,2.1400271],[100.7852656,2.1400287],[100.7852575,2.1400338],[100.7852493,2.140046]]}},{"type":"Feature","properties":{"scope":"Bangko","osmId":293253708,"highway":"residential","name":null},"geometry":{"type":"LineString","coordinates":[[100.8193446,2.1316856],[100.8191839,2.1321831],[100.8190441,2.1326159],[100.8190377,2.1326293],[100.8190267,2.1326401],[100.8190175,2.1326432],[100.8190066,2.1326451],[100.8189851,2.1326427],[100.8185479,2.1325194],[100.8185335,2.1325077],[100.8185238,2.1324953],[100.8185194,2.1324819],[100.8185194,2.1324678],[100.8185224,2.1324457],[100.8186648,2.132021],[100.8188423,2.1314917],[100.8189744,2.1311149],[100.8189793,2.131109],[100.8189855,2.131105],[100.8189938,2.1311038],[100.8190025,2.1311042],[100.8194424,2.1313052],[100.8194518,2.1313129],[100.8194569,2.131322],[100.8194578,2.1313315],[100.8194572,2.1313401],[100.8193446,2.1316856]]}},{"type":"Feature","properties":{"scope":"Bangko","osmId":293253709,"highway":"residential","name":null},"geometry":{"type":"LineString","coordinates":[[100.8155403,2.1321213],[100.8141956,2.1316132]]}},{"type":"Feature","properties":{"scope":"Bangko","osmId":293253710,"highway":"residential","name":null},"geometry":{"type":"LineString","coordinates":[[100.8162326,2.1300042],[100.8157304,2.1298038],[100.8152891,2.1296155]]}},{"type":"Feature","properties":{"scope":"Bangko","osmId":293253711,"highway":"residential","name":null},"geometry":{"type":"LineString","coordinates":[[100.8145648,2.134858],[100.8130565,2.134656]]}},{"type":"Feature","properties":{"scope":"Bangko","osmId":293253712,"highway":"residential","name":null},"geometry":{"type":"LineString","coordinates":[[100.8159384,2.1308844],[100.8154952,2.1307255],[100.8149643,2.1305154],[100.8146888,2.1304226]]}},{"type":"Feature","properties":{"scope":"Bangko","osmId":293253714,"highway":"residential","name":null},"geometry":{"type":"LineString","coordinates":[[100.8146295,2.1345576],[100.8142292,2.134505],[100.8136734,2.1344341],[100.8131606,2.1343647],[100.8131534,2.1343635],[100.8131469,2.1343616],[100.813142,2.1343594],[100.8131365,2.1343561],[100.8130849,2.1342972],[100.8130821,2.1342949],[100.8130789,2.1342931],[100.8130732,2.1342915],[100.8130242,2.1342827],[100.811973,2.1341138]]}},{"type":"Feature","properties":{"scope":"Bangko","osmId":293253715,"highway":"residential","name":null},"geometry":{"type":"LineString","coordinates":[[100.815363,2.1325901],[100.8141062,2.1321495]]}},{"type":"Feature","properties":{"scope":"Bangko","osmId":293253716,"highway":"residential","name":null},"geometry":{"type":"LineString","coordinates":[[100.8160808,2.1306277],[100.8172563,2.1310245],[100.817695,2.1311638],[100.8177204,2.1311649],[100.8177346,2.131163],[100.8177466,2.1311598],[100.8177882,2.1311417],[100.8178056,2.131135],[100.8178164,2.1311337],[100.8178264,2.1311337],[100.8178834,2.1311484],[100.8188423,2.1314917],[100.8193446,2.1316856]]}},{"type":"Feature","properties":{"scope":"Bangko","osmId":293253717,"highway":"residential","name":null},"geometry":{"type":"LineString","coordinates":[[100.8149381,2.1337432],[100.8146534,2.1336853],[100.8143298,2.1336194],[100.8136301,2.1334769],[100.8131453,2.1333781]]}},{"type":"Feature","properties":{"scope":"Bangko","osmId":293634787,"highway":"secondary","name":"Jalan Kecamatan"},"geometry":{"type":"LineString","coordinates":[[100.8145083,2.1357068],[100.8145188,2.1356473]]}},{"type":"Feature","properties":{"scope":"Bangko","osmId":293634788,"highway":"secondary","name":"Jalan Kecamatan"},"geometry":{"type":"LineString","coordinates":[[100.8144794,2.1356396],[100.8144697,2.135698]]}},{"type":"Feature","properties":{"scope":"Bangko","osmId":293634789,"highway":"secondary","name":"Jalan Kecamatan"},"geometry":{"type":"LineString","coordinates":[[100.8210697,2.1207194],[100.8211155,2.1206459],[100.8212851,2.1203734],[100.8215493,2.1199365],[100.8217116,2.1196912],[100.8219865,2.1192999],[100.8223192,2.1188001],[100.8223969,2.1186834],[100.8224955,2.1185347],[100.8226155,2.1183537],[100.8229507,2.1177801],[100.8233389,2.1171382],[100.8233574,2.1171075],[100.8235536,2.1166263],[100.8235744,2.1165592],[100.8236156,2.1163581],[100.8236473,2.1162298],[100.8236624,2.1161688],[100.8237432,2.1157295],[100.8239928,2.114125],[100.8240545,2.1139271],[100.8241188,2.1136992],[100.8242337,2.113397],[100.8244396,2.1129552],[100.8245982,2.1126281],[100.8247981,2.1122887],[100.8249828,2.1119893],[100.8251704,2.1116851],[100.8254083,2.1113695],[100.8254766,2.1112789],[100.8255429,2.111191],[100.8258206,2.1108614],[100.8258317,2.1108482],[100.8259404,2.1107212],[100.8260226,2.1106253],[100.8260591,2.1105826],[100.8264968,2.1100714],[100.8265611,2.1099925],[100.8267629,2.1097452],[100.8269425,2.1095251],[100.8269616,2.1095017],[100.8273951,2.1089704],[100.8276697,2.1086338],[100.8277436,2.1085432],[100.8279904,2.1082407],[100.8280783,2.1081357],[100.8282199,2.1079594],[100.828432,2.1076408],[100.8286137,2.1073513]]}},{"type":"Feature","properties":{"scope":"Bangko","osmId":293634790,"highway":"secondary","name":"Jalan Kecamatan"},"geometry":{"type":"LineString","coordinates":[[100.8145188,2.1356473],[100.8145226,2.1356266],[100.8145541,2.1354558],[100.8145584,2.1354331],[100.8145802,2.1352803],[100.8146017,2.1351389],[100.8146352,2.1348681],[100.8146413,2.1348229],[100.8146513,2.1347776],[100.8146741,2.1346926],[100.8147149,2.1345536],[100.8147385,2.1344822],[100.8149286,2.1339826],[100.8152387,2.1331675],[100.8154204,2.1326525],[100.8154774,2.1324907],[100.8156598,2.1320364],[100.8157477,2.1317723],[100.8158274,2.131511],[100.8159537,2.1310439],[100.8160808,2.1306277],[100.8163397,2.129884],[100.8166862,2.12896],[100.8167394,2.1288036],[100.8168602,2.1284487],[100.816958,2.1281927],[100.8169634,2.1281806],[100.8169731,2.1281616]]}},{"type":"Feature","properties":{"scope":"Bangko","osmId":293634791,"highway":"secondary","name":"Jalan Kecamatan"},"geometry":{"type":"LineString","coordinates":[[100.8144697,2.135698],[100.8144663,2.1357204],[100.8143704,2.1362304],[100.8143586,2.1363126],[100.8143261,2.1365167],[100.8142993,2.1366858],[100.8142288,2.1371368],[100.8142215,2.1371832],[100.8141863,2.1373843],[100.8141464,2.1376121],[100.8140982,2.1378528],[100.8140673,2.1380074],[100.8140168,2.1382325],[100.8139945,2.1383315],[100.8139707,2.1384376],[100.8139627,2.1384701],[100.8139054,2.1387028],[100.8138876,2.1387754],[100.8138178,2.1390367],[100.8136958,2.1393691],[100.8136409,2.139501],[100.8135009,2.1398372],[100.8134563,2.1399444],[100.8134376,2.1399981],[100.8134095,2.1400787],[100.8132551,2.1404276],[100.8131219,2.1407286],[100.8131097,2.1407561],[100.8130197,2.1409517],[100.8128241,2.141382],[100.8126082,2.1418229],[100.8123976,2.1422317],[100.8121471,2.1427236],[100.8118652,2.143277],[100.8116908,2.1435973],[100.8115158,2.1439437],[100.8114977,2.1440214]]}},{"type":"Feature","properties":{"scope":"Bangko","osmId":293634792,"highway":"secondary","name":"Jalan Kecamatan"},"geometry":{"type":"LineString","coordinates":[[100.8210061,2.1208492],[100.8210697,2.1207194]]}},{"type":"Feature","properties":{"scope":"Bangko","osmId":293634793,"highway":"secondary","name":"Jalan Kecamatan"},"geometry":{"type":"LineString","coordinates":[[100.8210241,2.1206993],[100.8209505,2.1208311]]}},{"type":"Feature","properties":{"scope":"Bangko","osmId":293634794,"highway":"secondary","name":"Jalan Kecamatan"},"geometry":{"type":"LineString","coordinates":[[100.8169399,2.1281377],[100.8168735,2.1282758],[100.8166795,2.1287812],[100.8166307,2.1289174],[100.8165485,2.1291348],[100.8164087,2.1295185],[100.8163189,2.1297672],[100.8162326,2.1300042],[100.8159384,2.1308844],[100.8157066,2.1316284],[100.8156035,2.1319389],[100.8155403,2.1321213],[100.8155052,2.1322228],[100.815363,2.1325901],[100.8151489,2.1331668],[100.8150444,2.1334645],[100.8149381,2.1337432],[100.8148589,2.1339489],[100.8147056,2.1343474],[100.8146295,2.1345576],[100.814601,2.1346704],[100.8145802,2.1347615],[100.8145648,2.134858],[100.81453,2.1351341],[100.8145031,2.1354035],[100.8144966,2.1354569],[100.814481,2.1356179],[100.8144794,2.1356396]]}},{"type":"Feature","properties":{"scope":"Bangko","osmId":293634831,"highway":"residential","name":null},"geometry":{"type":"LineString","coordinates":[[100.8167689,2.1363637],[100.8167768,2.1363627],[100.8167807,2.1363628],[100.8167845,2.1363634],[100.8168548,2.1363832],[100.8170229,2.1364594],[100.8172256,2.1365341],[100.8175689,2.1366217],[100.8177388,2.136668],[100.8178197,2.1366901],[100.8179404,2.1367262],[100.8180517,2.1367463],[100.8187032,2.1367725],[100.8193924,2.1368148],[100.8198493,2.136843],[100.8207055,2.1368897],[100.8221056,2.1369272],[100.8234575,2.1369647]]}},{"type":"Feature","properties":{"scope":"Bangko","osmId":293634832,"highway":"tertiary","name":null},"geometry":{"type":"LineString","coordinates":[[100.8209859,2.1208945],[100.8217351,2.1210984],[100.8220398,2.1211952],[100.8221498,2.1212354],[100.8222078,2.1212585],[100.8222627,2.1212838],[100.8227553,2.1215514],[100.8227923,2.1215705],[100.8232288,2.1217624],[100.8233903,2.1218274],[100.8235487,2.1218856],[100.8236086,2.1219052],[100.8236646,2.1219213],[100.8240032,2.1220097],[100.824469,2.1221155],[100.8248952,2.1222152],[100.8252936,2.1223165],[100.8253316,2.1223264],[100.8253512,2.1223317],[100.8253559,2.1223324],[100.8253601,2.1223319],[100.8253642,2.1223308],[100.8253675,2.1223288]]}},{"type":"Feature","properties":{"scope":"Bangko","osmId":293634834,"highway":"residential","name":null},"geometry":{"type":"LineString","coordinates":[[100.8166602,2.1363833],[100.8167689,2.1363637]]}},{"type":"Feature","properties":{"scope":"Bangko","osmId":293634835,"highway":"residential","name":null},"geometry":{"type":"LineString","coordinates":[[100.819642,2.124551],[100.8187035,2.1239617],[100.8178867,2.1234478],[100.8178812,2.1234397],[100.817878,2.1234319],[100.8178782,2.123422],[100.817881,2.1234131],[100.8180208,2.1230926],[100.8180245,2.1230893],[100.8180288,2.1230877],[100.8180347,2.1230883],[100.8180403,2.1230899],[100.8185712,2.1234296],[100.8186257,2.1234541],[100.8186878,2.1234752],[100.8187883,2.1235203],[100.8189576,2.1236035],[100.8191145,2.1236906],[100.8193808,2.1238411],[100.8195693,2.1239412],[100.8197169,2.1240249],[100.8197616,2.1240589],[100.8197668,2.1240656],[100.8197693,2.1240726],[100.8197803,2.1241231]]}},{"type":"Feature","properties":{"scope":"Bangko","osmId":293634836,"highway":"residential","name":null},"geometry":{"type":"LineString","coordinates":[[100.8171003,2.1281002],[100.8171042,2.1281039],[100.8174219,2.1282887],[100.8189294,2.1291538],[100.8201156,2.1298088],[100.8204096,2.1300046],[100.8211387,2.1304381],[100.8223116,2.131042],[100.8232261,2.1315696],[100.8241374,2.1321589],[100.8251814,2.1327058],[100.8263162,2.1333563],[100.8270297,2.1337318]]}},{"type":"Feature","properties":{"scope":"Bangko","osmId":293634837,"highway":"residential","name":null},"geometry":{"type":"LineString","coordinates":[[100.8145069,2.1357202],[100.8150828,2.1358119],[100.8151653,2.135827],[100.815247,2.1358434],[100.8153081,2.1358578],[100.8153639,2.1358747],[100.8157592,2.1360337],[100.816255,2.136224],[100.816315,2.1362505],[100.8166422,2.1363832],[100.8166466,2.1363845],[100.8166512,2.1363847],[100.8166602,2.1363833]]}},{"type":"Feature","properties":{"scope":"Bangko","osmId":293634838,"highway":"residential","name":null},"geometry":{"type":"LineString","coordinates":[[100.8195806,2.1204122],[100.8193953,2.1203065],[100.8186279,2.1198679],[100.818017,2.1195191],[100.8177552,2.1199115]]}},{"type":"Feature","properties":{"scope":"Bangko","osmId":293637662,"highway":"unclassified","name":"Jalan Satria Tangko"},"geometry":{"type":"LineString","coordinates":[[100.8102237,2.1648897],[100.8107588,2.1649125],[100.8113354,2.1649674],[100.8118663,2.1650247],[100.8120323,2.1650338],[100.8121937,2.1650492],[100.8125558,2.165084],[100.8127758,2.1651242],[100.8130145,2.165206],[100.813264,2.1652837],[100.8133921,2.1653155],[100.8138186,2.1654215],[100.8142747,2.1655348],[100.8147365,2.1656496]]}},{"type":"Feature","properties":{"scope":"Bangko","osmId":293637663,"highway":"primary","name":"Jalan Bintang"},"geometry":{"type":"LineString","coordinates":[[100.8082455,2.1706952],[100.8082594,2.1710266],[100.8082983,2.1716009],[100.8083254,2.1719719],[100.8083535,2.1722225],[100.8084267,2.1733758],[100.8084382,2.1735761],[100.80846,2.1740678],[100.8084903,2.1744853],[100.8085177,2.1749955],[100.8085211,2.1750357],[100.8085578,2.175509],[100.8085683,2.1756143],[100.8086038,2.1760125],[100.8086397,2.1764152],[100.808656,2.1766456],[100.808693,2.1771679],[100.8087463,2.1779201],[100.8087571,2.1780729],[100.8087756,2.1783266],[100.8087927,2.1785605],[100.8088071,2.1787628],[100.8088138,2.1788573],[100.8088276,2.179051],[100.8088893,2.179788],[100.8089134,2.1801552],[100.8089295,2.1803991],[100.8089343,2.180491],[100.808964,2.1810616],[100.8089751,2.1812756],[100.8089969,2.1815905],[100.8090047,2.1817025],[100.8090234,2.1819725],[100.8090864,2.1827136],[100.8091146,2.1832161],[100.8091521,2.1835351],[100.8091925,2.183858],[100.8092454,2.1842822],[100.8092862,2.1846098],[100.8093695,2.1852548],[100.8093828,2.1853576],[100.8094525,2.1858454],[100.8095149,2.1862194],[100.8095437,2.1863922],[100.8096403,2.1868425],[100.8097583,2.1873008],[100.8098227,2.1875849],[100.809871,2.187861],[100.809938,2.1882925],[100.8100179,2.1888737],[100.8100238,2.188917],[100.8100533,2.1891824],[100.8100882,2.1895093],[100.8100802,2.1897801],[100.8100641,2.1900347],[100.8100265,2.1902786],[100.8099487,2.1907235],[100.809871,2.1912327],[100.8098602,2.1914498],[100.8098763,2.1916669],[100.8099219,2.19201],[100.8100292,2.192731],[100.8100641,2.1929159],[100.8101445,2.1932939],[100.8102438,2.1938245],[100.8103967,2.1946635],[100.8104986,2.1951962],[100.8105496,2.1954622],[100.8108366,2.1968854],[100.8109071,2.1972522],[100.8110484,2.197987],[100.8111557,2.1986517],[100.8112791,2.1993525],[100.8113636,2.1998028],[100.8114347,2.2003402],[100.8115339,2.2012649],[100.8116278,2.2020448],[100.8116734,2.2025648],[100.8117512,2.2032536],[100.8118345,2.2039975],[100.8118772,2.2043793],[100.8119336,2.204904],[100.8119379,2.2049532]]}},{"type":"Feature","properties":{"scope":"Bangko","osmId":293637664,"highway":"residential","name":"Jalan Pusara Hilir"},"geometry":{"type":"LineString","coordinates":[[100.8105355,2.1706231],[100.8105205,2.1711681],[100.8104775,2.1722156],[100.8104658,2.1725009],[100.810471,2.1727906],[100.8104754,2.172889],[100.8105184,2.1733824],[100.8105252,2.173427],[100.8105782,2.1737751],[100.8106092,2.1739791],[100.8108595,2.1757104],[100.8110032,2.1767149],[100.8110308,2.1769077],[100.8110602,2.1771131],[100.8110967,2.1774777],[100.8111423,2.1780097],[100.8111852,2.1783809],[100.8111946,2.1784489],[100.8112665,2.1789719],[100.8113006,2.1792198],[100.8114317,2.1801706],[100.8114481,2.1802893],[100.811505,2.180805],[100.8115232,2.18097],[100.8115742,2.1812917],[100.8115935,2.1814155],[100.8116734,2.1819269],[100.8117347,2.1823531],[100.8117968,2.1827846],[100.8118259,2.1830615],[100.8118803,2.1833798],[100.8119365,2.18378],[100.8119979,2.1842319],[100.8120516,2.1846715],[100.8120791,2.1848779],[100.8121803,2.1856364],[100.8122019,2.1858143],[100.8122876,2.1865209],[100.812352,2.1870944],[100.8124561,2.188366],[100.812462,2.1884372],[100.8125398,2.1895576],[100.8125854,2.1905305],[100.8126122,2.1915624],[100.8126497,2.1920449],[100.8127275,2.1926881],[100.8127999,2.1934708],[100.8129393,2.1947102],[100.8129877,2.1951405],[100.8131111,2.1962394],[100.8131869,2.196903],[100.8132935,2.197936],[100.8134061,2.1989894],[100.8134611,2.1995482],[100.8135375,2.2002062],[100.813728,2.2021038],[100.8138514,2.2030687],[100.8139303,2.2036053],[100.8140418,2.2043632],[100.8140833,2.2045764],[100.8141129,2.2047277],[100.8141866,2.2049797],[100.8142577,2.2051793],[100.8143516,2.2053978],[100.8144709,2.2056283],[100.8147298,2.2060692],[100.8154905,2.2072659],[100.8155411,2.2073476]]}},{"type":"Feature","properties":{"scope":"Bangko","osmId":293641991,"highway":"secondary","name":"Jalan Kecamatan"},"geometry":{"type":"LineString","coordinates":[[100.8112248,2.1444985],[100.8113602,2.1442566]]}},{"type":"Feature","properties":{"scope":"Bangko","osmId":293641992,"highway":"secondary","name":"Jalan Kecamatan"},"geometry":{"type":"LineString","coordinates":[[100.8113602,2.1442566],[100.8114245,2.1441361],[100.8114977,2.1440214]]}},{"type":"Feature","properties":{"scope":"Bangko","osmId":293641993,"highway":"residential","name":null},"geometry":{"type":"LineString","coordinates":[[100.8087858,2.1426692],[100.8092903,2.1414892],[100.8093345,2.1413874],[100.8093989,2.141248],[100.8095532,2.1409477],[100.8098012,2.1404117],[100.8099192,2.1401758],[100.8101204,2.1398113],[100.8103055,2.1395312],[100.8103886,2.1393838]]}},{"type":"Feature","properties":{"scope":"Bangko","osmId":293641994,"highway":"tertiary","name":"Jalan Sepakat"},"geometry":{"type":"LineString","coordinates":[[100.8134095,2.1400787],[100.8113589,2.1394086],[100.8113281,2.1394006],[100.8112966,2.1393965],[100.8112758,2.1394059],[100.811259,2.1394274],[100.8111718,2.1396331],[100.8111261,2.1397335],[100.8107266,2.1406114],[100.8105764,2.1409304],[100.8103001,2.1414798],[100.8101199,2.1419102],[100.8100713,2.1420302],[100.8098953,2.1425308],[100.8097344,2.1429904],[100.8096828,2.1431377],[100.8096731,2.1431738],[100.8096685,2.1432187],[100.8096778,2.1432783],[100.8097342,2.1435336],[100.8097375,2.1435953],[100.8097308,2.1436636]]}},{"type":"Feature","properties":{"scope":"Bangko","osmId":293641995,"highway":"residential","name":null},"geometry":{"type":"LineString","coordinates":[[100.8087278,2.142788],[100.8087858,2.1426692]]}},{"type":"Feature","properties":{"scope":"Bangko","osmId":293641996,"highway":"tertiary","name":null},"geometry":{"type":"LineString","coordinates":[[100.8097308,2.1436636],[100.8097139,2.1437819]]}},{"type":"Feature","properties":{"scope":"Bangko","osmId":293641997,"highway":"residential","name":null},"geometry":{"type":"LineString","coordinates":[[100.8081101,2.1440047],[100.808343,2.1435452],[100.8084802,2.1432569],[100.8087278,2.142788]]}},{"type":"Feature","properties":{"scope":"Bangko","osmId":293641998,"highway":"residential","name":null},"geometry":{"type":"LineString","coordinates":[[100.8111718,2.1396331],[100.8103886,2.1393838],[100.8098525,2.1392293]]}},{"type":"Feature","properties":{"scope":"Bangko","osmId":293641999,"highway":"tertiary","name":null},"geometry":{"type":"LineString","coordinates":[[100.8097139,2.1437819],[100.8096899,2.1438633],[100.8096569,2.1439385],[100.8096104,2.1440129],[100.809537,2.144112]]}},{"type":"Feature","properties":{"scope":"Bangko","osmId":293642000,"highway":"residential","name":null},"geometry":{"type":"LineString","coordinates":[[100.8103886,2.1393838],[100.8104677,2.1391962],[100.8106461,2.1387981],[100.8107708,2.1385368],[100.8108057,2.1384531],[100.8108117,2.1384303],[100.8108117,2.1384122],[100.8108044,2.1383948],[100.8107836,2.1383773],[100.8100192,2.1380128],[100.8099134,2.1379419]]}},{"type":"Feature","properties":{"scope":"Bangko","osmId":293642615,"highway":"residential","name":null},"geometry":{"type":"LineString","coordinates":[[100.8120395,2.1431028],[100.8126859,2.1433869],[100.8129515,2.1434981],[100.8131003,2.1435477],[100.8131969,2.1435732],[100.8132432,2.1435822],[100.8132894,2.1435866],[100.8133779,2.1435906],[100.8134205,2.1435939],[100.8134611,2.1436],[100.8135778,2.1436348],[100.8146308,2.1439505],[100.8149343,2.1440415],[100.8152542,2.1441374]]}},{"type":"Feature","properties":{"scope":"Bangko","osmId":293642616,"highway":"residential","name":null},"geometry":{"type":"LineString","coordinates":[[100.814768,2.145757],[100.8147928,2.1456879],[100.8148789,2.1454176],[100.8150691,2.1448276],[100.8151384,2.1445706],[100.8151759,2.1444303],[100.8152542,2.1441374],[100.8155399,2.1430974],[100.815562,2.1430221],[100.8155783,2.1429666],[100.8156993,2.1425546],[100.8158292,2.1421126],[100.8160269,2.1414395]]}},{"type":"Feature","properties":{"scope":"Bangko","osmId":293642617,"highway":"residential","name":null},"geometry":{"type":"LineString","coordinates":[[100.8114245,2.1441361],[100.8119094,2.1444403],[100.8123064,2.1446667],[100.8126605,2.1448517],[100.8129367,2.144983],[100.8132092,2.1450943],[100.8138379,2.1453328],[100.8140874,2.1454306],[100.8147928,2.1456879],[100.8151978,2.1458166],[100.8153869,2.1458595],[100.8155411,2.1459051],[100.815745,2.1459975],[100.8161339,2.1461664],[100.8165389,2.1463071],[100.8172792,2.1465818],[100.8173437,2.1466039],[100.8181402,2.1468767],[100.8186554,2.1470604],[100.8196583,2.1474181],[100.8198143,2.1474816],[100.8198691,2.1475026],[100.8211583,2.1479977],[100.8212543,2.1480346],[100.8217585,2.1482115]]}},{"type":"Feature","properties":{"scope":"Bangko","osmId":293642620,"highway":"residential","name":null},"geometry":{"type":"LineString","coordinates":[[100.8150691,2.1448276],[100.8167599,2.1452807]]}},{"type":"Feature","properties":{"scope":"Bangko","osmId":293643976,"highway":"track","name":null},"geometry":{"type":"LineString","coordinates":[[100.80617,2.112446],[100.8057683,2.1130016],[100.805504,2.1133799],[100.805305,2.1137134],[100.8051292,2.1139609],[100.8047801,2.1144846],[100.8043241,2.1151198],[100.803954,2.11568],[100.803507,2.1163284],[100.8031862,2.1168055],[100.8028063,2.1172159],[100.8024572,2.1175314],[100.8021467,2.1177058],[100.8015281,2.1178751],[100.8010815,2.1179443],[100.8006811,2.1178879],[100.8004526,2.1178879],[100.8002754,2.1179012],[100.8001882,2.1179238],[100.7999393,2.1180931],[100.7996954,2.1184214],[100.7993412,2.1188857],[100.7992052,2.1190165],[100.79862,2.119391],[100.7978987,2.119827],[100.7976189,2.1199989],[100.7975419,2.1200835],[100.7974624,2.120258],[100.797352,2.1204452],[100.7970774,2.12083],[100.7967,2.121307],[100.7964844,2.121502],[100.7960969,2.1217405],[100.795853,2.1218996],[100.7957067,2.1220663],[100.7954321,2.1225536],[100.7950163,2.1234334],[100.7947801,2.1240926],[100.7947361,2.1242254],[100.7947134,2.1243235],[100.7946287,2.1244697],[100.7943694,2.1246466],[100.7938022,2.1248262],[100.7936328,2.1248801],[100.793217,2.1249057],[100.7930245,2.124916],[100.7928294,2.1249878],[100.7925162,2.1251571],[100.7922647,2.1253879],[100.7919355,2.1257701],[100.7915888,2.1261583],[100.7913529,2.1263795],[100.7912022,2.1265972],[100.7910371,2.1269128],[100.7908864,2.12731],[100.7908846,2.1275258],[100.790959,2.1280735],[100.7910643,2.1286884],[100.791028,2.1289332],[100.7909572,2.1292307],[100.7908393,2.1298038],[100.7906813,2.1303135],[100.7905979,2.1304658],[100.7905071,2.1305565],[100.7903329,2.1308249],[100.7903147,2.1311079],[100.7903565,2.1315957],[100.790342,2.1317699],[100.7902276,2.1319186],[100.7900606,2.1320764],[100.7899917,2.1322523],[100.790008,2.1324609],[100.7901115,2.1330884],[100.7901931,2.1336434],[100.790351,2.1341404],[100.7905035,2.1344814],[100.7905942,2.1347244],[100.7905634,2.1350545],[100.7904127,2.1353447],[100.7900588,2.1356258],[100.7898447,2.135838],[100.789645,2.1363368],[100.7894042,2.1369171]]}},{"type":"Feature","properties":{"scope":"Bangko","osmId":293643977,"highway":"residential","name":null},"geometry":{"type":"LineString","coordinates":[[100.8133403,2.1318914],[100.8131379,2.132246],[100.8129179,2.1325328],[100.8127201,2.1327768],[100.8124177,2.1330723],[100.8121991,2.1332927],[100.8121052,2.1334093],[100.8120181,2.1335433],[100.811829,2.1338328],[100.8116224,2.1341746],[100.81131,2.1347173],[100.8110511,2.1351247],[100.8107809,2.1355469],[100.8106481,2.1358143],[100.8105288,2.1360716],[100.8104201,2.1362907],[100.8102974,2.136477],[100.8101808,2.1366947],[100.8100527,2.1369527],[100.8099306,2.1372657],[100.8098676,2.1373997],[100.809814,2.1375056],[100.8097476,2.1376201],[100.8096962,2.1376974],[100.8095652,2.1379538],[100.8094807,2.1381428],[100.8094016,2.1383653],[100.8093292,2.1385449],[100.8092648,2.1386749],[100.8091722,2.1388196],[100.8090422,2.1390555],[100.808896,2.1393463],[100.8086157,2.1399024],[100.8085815,2.1399687],[100.8083273,2.1404613],[100.8081208,2.1408607],[100.8079277,2.1412306],[100.8076997,2.1415616],[100.8075884,2.1416916],[100.807469,2.1418108],[100.8073014,2.1419234],[100.8070707,2.1420762],[100.8068709,2.1422035],[100.8068356,2.1422379],[100.8067113,2.142359],[100.806604,2.1424863],[100.8065061,2.1426364],[100.8064847,2.1427155],[100.8065155,2.1427825],[100.806651,2.1428977],[100.8067194,2.1429473]]}},{"type":"Feature","properties":{"scope":"Bangko","osmId":293643978,"highway":"residential","name":null},"geometry":{"type":"LineString","coordinates":[[100.8096962,2.1376974],[100.809778,2.1377974]]}},{"type":"Feature","properties":{"scope":"Bangko","osmId":293643979,"highway":"residential","name":null},"geometry":{"type":"LineString","coordinates":[[100.8128241,2.141382],[100.8118102,2.1410362],[100.811424,2.1408915],[100.8107266,2.1406114]]}},{"type":"Feature","properties":{"scope":"Bangko","osmId":293643980,"highway":"tertiary","name":"Jalan Bulan"},"geometry":{"type":"LineString","coordinates":[[100.8111256,2.1446771],[100.8120355,2.1450045],[100.81212,2.1450232],[100.8122092,2.1450326],[100.8123185,2.1450527],[100.8125183,2.145113],[100.8130192,2.1452712],[100.8142354,2.1457012],[100.8145231,2.1458121],[100.8147225,2.1458798],[100.8151736,2.1460329],[100.8161433,2.1463757],[100.8172694,2.1467722],[100.817294,2.1467809],[100.8176158,2.1468948],[100.8185986,2.1472466],[100.8191085,2.1474235],[100.8197951,2.1476861],[100.8210735,2.148147],[100.8218725,2.1484353],[100.8231666,2.1489405]]}},{"type":"Feature","properties":{"scope":"Bangko","osmId":293643981,"highway":"residential","name":null},"geometry":{"type":"LineString","coordinates":[[100.8099134,2.1379419],[100.8097255,2.138327],[100.8094859,2.1388276],[100.8094042,2.1389981],[100.8091499,2.1395704],[100.8090374,2.1399586],[100.8088777,2.1403249],[100.8087645,2.1406235]]}},{"type":"Feature","properties":{"scope":"Bangko","osmId":293646274,"highway":"residential","name":null},"geometry":{"type":"LineString","coordinates":[[100.7969059,2.1402866],[100.7968271,2.1411614]]}},{"type":"Feature","properties":{"scope":"Bangko","osmId":293646275,"highway":"residential","name":null},"geometry":{"type":"LineString","coordinates":[[100.8096685,2.1432187],[100.8103103,2.1434712],[100.8115158,2.1439437],[100.8115674,2.1439651]]}},{"type":"Feature","properties":{"scope":"Bangko","osmId":293646276,"highway":"residential","name":null},"geometry":{"type":"LineString","coordinates":[[100.8132479,2.1406154],[100.8137229,2.1407952],[100.814536,2.1410872]]}},{"type":"Feature","properties":{"scope":"Bangko","osmId":293646277,"highway":"residential","name":null},"geometry":{"type":"LineString","coordinates":[[100.7973813,2.1403608],[100.7972788,2.1418],[100.797325,2.142667],[100.797538,2.1438184],[100.7996355,2.1443865],[100.8025056,2.1451639],[100.8029669,2.1452497],[100.8034068,2.1453355],[100.8046085,2.1455338],[100.8052627,2.145516],[100.8056894,2.1455043],[100.8057015,2.1454923],[100.8057109,2.1454668],[100.8057323,2.1449817],[100.8061118,2.1449535]]}},{"type":"Feature","properties":{"scope":"Bangko","osmId":293646278,"highway":"residential","name":null},"geometry":{"type":"LineString","coordinates":[[100.8100713,2.1420302],[100.80971,2.1416983],[100.8096372,2.1416391],[100.8093345,2.1413874]]}},{"type":"Feature","properties":{"scope":"Bangko","osmId":293646279,"highway":"residential","name":null},"geometry":{"type":"LineString","coordinates":[[100.8098953,2.1425308],[100.8102357,2.142629],[100.8105542,2.1427445],[100.8106072,2.1427637],[100.8118652,2.143277]]}},{"type":"Feature","properties":{"scope":"Bangko","osmId":293656958,"highway":"residential","name":null},"geometry":{"type":"LineString","coordinates":[[100.8090544,2.1452277],[100.8100426,2.1455526],[100.810626,2.1457483]]}},{"type":"Feature","properties":{"scope":"Bangko","osmId":293657666,"highway":"tertiary","name":"Jalan Perniagaan"},"geometry":{"type":"LineString","coordinates":[[100.8064592,2.1592168],[100.8063814,2.1587263],[100.8063592,2.1585247],[100.8063345,2.1583002],[100.8063339,2.1581314],[100.8063321,2.1576515],[100.806331,2.1573406],[100.8063283,2.1570049],[100.8063291,2.156826],[100.8063465,2.1562475],[100.8063573,2.1558906],[100.8064139,2.1549744],[100.8064364,2.1546107],[100.8064981,2.1540358],[100.8065848,2.1533276],[100.8066161,2.1530722],[100.8067087,2.1525804],[100.8067591,2.1522522],[100.8067998,2.1519854],[100.8069246,2.1514198],[100.8070993,2.1506812],[100.8072764,2.1498048],[100.8074583,2.1489043],[100.8075807,2.1482618],[100.8075897,2.1481954],[100.807599,2.1481427],[100.807669,2.147738],[100.8076795,2.1476774],[100.8076984,2.1475789],[100.8078227,2.1470104],[100.8078754,2.1468043],[100.8079022,2.1466287],[100.8078821,2.1465403],[100.8078338,2.1464786],[100.8077225,2.1464465],[100.8074462,2.1464076],[100.8070368,2.1463549],[100.8066559,2.1463058],[100.8063653,2.1462642],[100.8062124,2.1462321],[100.8061454,2.1461932],[100.8061118,2.1461382],[100.8061118,2.1460873],[100.8061172,2.145964],[100.8061346,2.1458179],[100.8061413,2.1456839],[100.8061413,2.1454306],[100.8061253,2.1452216],[100.8061118,2.1449535],[100.8061051,2.1448128],[100.8060622,2.1446151],[100.806024,2.1444503],[100.8059992,2.1443431],[100.8059683,2.1440161],[100.8059737,2.1439363],[100.8059985,2.1438339],[100.8060377,2.143737],[100.806077,2.1436684],[100.8061501,2.1435617]]}},{"type":"Feature","properties":{"scope":"Bangko","osmId":559362971,"highway":"residential","name":null},"geometry":{"type":"LineString","coordinates":[[100.8253601,2.1223319],[100.8253299,2.1224466],[100.8253124,2.1225096],[100.8252883,2.1225659],[100.8250308,2.1230243],[100.8246631,2.1236165],[100.8240462,2.1243831],[100.8234899,2.1250871],[100.8230411,2.125666],[100.8229861,2.1257488],[100.8223189,2.1268169],[100.8215303,2.128007],[100.8207203,2.1290094],[100.8201156,2.1298088]]}},{"type":"Feature","properties":{"scope":"Bangko","osmId":625920510,"highway":"residential","name":null},"geometry":{"type":"LineString","coordinates":[[100.8171451,2.209721],[100.8181509,2.2092171],[100.8198032,2.2084532],[100.8209378,2.2079306],[100.8230433,2.2069362],[100.8241137,2.2064344],[100.826785,2.20517]]}},{"type":"Feature","properties":{"scope":"Bangko","osmId":625920511,"highway":"residential","name":null},"geometry":{"type":"LineString","coordinates":[[100.8155885,2.207418],[100.8163887,2.2069711],[100.8180222,2.2061348],[100.8193821,2.2054246],[100.8204368,2.2048865],[100.8205884,2.2048095],[100.8207373,2.2047385],[100.8209968,2.2046259],[100.8217478,2.2043089],[100.8228582,2.2038701],[100.8230654,2.203799],[100.8231935,2.2037555],[100.8233424,2.2037113],[100.824025,2.203527],[100.8246151,2.203393],[100.8259159,2.2031571],[100.8271028,2.2029595],[100.8276245,2.2028677],[100.8287819,2.2026465]]}},{"type":"Feature","properties":{"scope":"Bangko","osmId":625920512,"highway":"residential","name":null},"geometry":{"type":"LineString","coordinates":[[100.8124751,2.208825],[100.8132452,2.2084613],[100.8141491,2.2079842],[100.8154905,2.2072659]]}},{"type":"Feature","properties":{"scope":"Bangko","osmId":625920514,"highway":"residential","name":null},"geometry":{"type":"LineString","coordinates":[[100.8118345,2.2039975],[100.8139303,2.2036053]]}},{"type":"Feature","properties":{"scope":"Bangko","osmId":625920516,"highway":"residential","name":null},"geometry":{"type":"LineString","coordinates":[[100.8131869,2.196903],[100.8138889,2.1967621],[100.8152193,2.1966066],[100.8163351,2.1964351],[100.8174992,2.1962743],[100.818572,2.1961403],[100.8195484,2.1960063],[100.8206561,2.1958856],[100.8216459,2.195749],[100.8227,2.1955962],[100.8234349,2.1954622],[100.8240089,2.1953228],[100.8242154,2.195229],[100.8248109,2.1948966],[100.8252829,2.1946125],[100.8257523,2.1942802]]}},{"type":"Feature","properties":{"scope":"Bangko","osmId":625920519,"highway":"residential","name":null},"geometry":{"type":"LineString","coordinates":[[100.8104986,2.1951962],[100.8111396,2.1951137],[100.8116707,2.1950387],[100.8120704,2.1949502],[100.8129393,2.1947102]]}},{"type":"Feature","properties":{"scope":"Bangko","osmId":625920520,"highway":"residential","name":null},"geometry":{"type":"LineString","coordinates":[[100.8109358,2.1860572],[100.8110484,2.1877886],[100.8110619,2.187995],[100.811086,2.1881103],[100.8111967,2.1886509]]}},{"type":"Feature","properties":{"scope":"Bangko","osmId":625920521,"highway":"residential","name":null},"geometry":{"type":"LineString","coordinates":[[100.8005664,2.1897613],[100.800443,2.1886463]]}},{"type":"Feature","properties":{"scope":"Bangko","osmId":625920522,"highway":"residential","name":null},"geometry":{"type":"LineString","coordinates":[[100.803608,2.1895817],[100.8037582,2.1908307]]}},{"type":"Feature","properties":{"scope":"Bangko","osmId":625920523,"highway":"residential","name":null},"geometry":{"type":"LineString","coordinates":[[100.8196637,2.1875849],[100.8189663,2.1876385],[100.818836,2.1876526],[100.8186311,2.187668],[100.8182582,2.1877109],[100.8177647,2.1877323],[100.8172309,2.1877725],[100.8168608,2.1878047],[100.8166235,2.1878052],[100.8165523,2.1878047],[100.8158094,2.187861],[100.8155653,2.187861],[100.8151147,2.1878771],[100.8148572,2.18792],[100.814546,2.188003],[100.8140418,2.1881317],[100.8136314,2.188196],[100.8132344,2.1882818],[100.8126309,2.1883568],[100.8124561,2.188366],[100.8123359,2.1883863],[100.8120248,2.1884614],[100.811424,2.18859],[100.8111967,2.1886509],[100.8111235,2.1886704],[100.8106166,2.1887803],[100.8104745,2.1887991],[100.8100179,2.1888737],[100.8089054,2.1890269],[100.8064538,2.1893217],[100.8052576,2.1894557],[100.803608,2.1895817],[100.8026183,2.1896675],[100.8018672,2.1896889],[100.8013415,2.1897211],[100.8005664,2.1897613]]}},{"type":"Feature","properties":{"scope":"Bangko","osmId":625920524,"highway":"residential","name":null},"geometry":{"type":"LineString","coordinates":[[100.8095149,2.1862194],[100.8101419,2.1861617],[100.810618,2.1861094],[100.8109358,2.1860572],[100.8115272,2.1859419],[100.8122019,2.1858143]]}},{"type":"Feature","properties":{"scope":"Bangko","osmId":625920525,"highway":"residential","name":null},"geometry":{"type":"LineString","coordinates":[[100.8093695,2.1852548],[100.8096229,2.185233],[100.810048,2.185166],[100.8105576,2.1850588],[100.810622,2.1850521],[100.8106528,2.1850762],[100.8106729,2.1851204],[100.8107132,2.1851271],[100.810854,2.1851043],[100.8120791,2.1848779]]}},{"type":"Feature","properties":{"scope":"Bangko","osmId":625920526,"highway":"residential","name":null},"geometry":{"type":"LineString","coordinates":[[100.8091925,2.183858],[100.8096148,2.1837897],[100.8102062,2.1837012],[100.8104597,2.1836691],[100.8108526,2.1835887],[100.8113586,2.1834763]]}},{"type":"Feature","properties":{"scope":"Bangko","osmId":625920527,"highway":"residential","name":null},"geometry":{"type":"LineString","coordinates":[[100.8092454,2.1842822],[100.810517,2.1840449],[100.8119365,2.18378]]}},{"type":"Feature","properties":{"scope":"Bangko","osmId":625920528,"highway":"residential","name":null},"geometry":{"type":"LineString","coordinates":[[100.8166169,2.181824],[100.8166462,2.1809406]]}},{"type":"Feature","properties":{"scope":"Bangko","osmId":625920529,"highway":"residential","name":null},"geometry":{"type":"LineString","coordinates":[[100.8117347,2.1823531],[100.8141893,2.1818974],[100.8142349,2.1818988],[100.8142684,2.1819282],[100.814306,2.1819564],[100.8143516,2.1819684],[100.8166169,2.181824],[100.8182394,2.1817205],[100.8193365,2.1816267],[100.820801,2.1815115]]}},{"type":"Feature","properties":{"scope":"Bangko","osmId":625920530,"highway":"residential","name":null},"geometry":{"type":"LineString","coordinates":[[100.8090864,2.1827136],[100.8086291,2.1827712],[100.8079934,2.1828677],[100.8065933,2.1831062]]}},{"type":"Feature","properties":{"scope":"Bangko","osmId":625920531,"highway":"residential","name":null},"geometry":{"type":"LineString","coordinates":[[100.8089969,2.1815905],[100.8083475,2.1816589],[100.8077654,2.1817312],[100.8073577,2.1817741],[100.8072124,2.1817959],[100.807052,2.1818116],[100.806832,2.1818599],[100.8063278,2.1819912],[100.8060756,2.1820421],[100.8060051,2.1820562],[100.8056197,2.1821011]]}},{"type":"Feature","properties":{"scope":"Bangko","osmId":625920532,"highway":"residential","name":null},"geometry":{"type":"LineString","coordinates":[[100.8090047,2.1817025],[100.8115935,2.1814155]]}},{"type":"Feature","properties":{"scope":"Bangko","osmId":625920533,"highway":"residential","name":null},"geometry":{"type":"LineString","coordinates":[[100.808964,2.1810616],[100.8109927,2.1808506]]}},{"type":"Feature","properties":{"scope":"Bangko","osmId":625920534,"highway":"residential","name":null},"geometry":{"type":"LineString","coordinates":[[100.8089343,2.180491],[100.8114317,2.1801706]]}},{"type":"Feature","properties":{"scope":"Bangko","osmId":625920535,"highway":"residential","name":null},"geometry":{"type":"LineString","coordinates":[[100.8089134,2.1801552],[100.8094114,2.1800995],[100.8101043,2.1800132]]}},{"type":"Feature","properties":{"scope":"Bangko","osmId":625920536,"highway":"residential","name":null},"geometry":{"type":"LineString","coordinates":[[100.808656,2.1766456],[100.80971,2.1766226]]}},{"type":"Feature","properties":{"scope":"Bangko","osmId":625920537,"highway":"residential","name":null},"geometry":{"type":"LineString","coordinates":[[100.8087463,2.1779201],[100.8093711,2.1778511],[100.8099112,2.1777859]]}},{"type":"Feature","properties":{"scope":"Bangko","osmId":625920538,"highway":"residential","name":null},"geometry":{"type":"LineString","coordinates":[[100.8088071,2.1787628],[100.8094659,2.1786891],[100.8102196,2.1785926],[100.8105576,2.1785417],[100.8111946,2.1784489]]}},{"type":"Feature","properties":{"scope":"Bangko","osmId":625920539,"highway":"residential","name":null},"geometry":{"type":"LineString","coordinates":[[100.8076152,2.1788553],[100.8088138,2.1788573]]}},{"type":"Feature","properties":{"scope":"Bangko","osmId":625920540,"highway":"residential","name":null},"geometry":{"type":"LineString","coordinates":[[100.8079264,2.17807],[100.808267,2.1780807],[100.8085245,2.1780754],[100.8087571,2.1780729]]}},{"type":"Feature","properties":{"scope":"Bangko","osmId":625920541,"highway":"residential","name":null},"geometry":{"type":"LineString","coordinates":[[100.808693,2.1771679],[100.8110308,2.1769077]]}},{"type":"Feature","properties":{"scope":"Bangko","osmId":625920542,"highway":"residential","name":null},"geometry":{"type":"LineString","coordinates":[[100.8177432,2.1763408],[100.8178063,2.1771734]]}},{"type":"Feature","properties":{"scope":"Bangko","osmId":625920543,"highway":"residential","name":null},"geometry":{"type":"LineString","coordinates":[[100.8144483,2.1765102],[100.8146951,2.1783934]]}},{"type":"Feature","properties":{"scope":"Bangko","osmId":625920544,"highway":"residential","name":null},"geometry":{"type":"LineString","coordinates":[[100.8112665,2.1789719],[100.813964,2.178456],[100.8146951,2.1783934],[100.8158281,2.1782965]]}},{"type":"Feature","properties":{"scope":"Bangko","osmId":625920545,"highway":"residential","name":null},"geometry":{"type":"LineString","coordinates":[[100.8110032,2.1767149],[100.8137628,2.1765503],[100.8141571,2.1765235],[100.8144483,2.1765102],[100.8149779,2.176486],[100.816009,2.1764396],[100.8161715,2.1764323],[100.8167884,2.1764029],[100.8177432,2.1763408],[100.8190012,2.1762715],[100.8233142,2.1760249],[100.8278418,2.1757623],[100.8310711,2.1756283],[100.8345473,2.175446],[100.8373797,2.1752932],[100.8395845,2.1751833],[100.8401075,2.1751539],[100.8412273,2.1750962],[100.842323,2.1750359]]}},{"type":"Feature","properties":{"scope":"Bangko","osmId":625920546,"highway":"service","name":null},"geometry":{"type":"LineString","coordinates":[[100.8112063,2.1736648],[100.8113596,2.1748724]]}},{"type":"Feature","properties":{"scope":"Bangko","osmId":625920547,"highway":"service","name":null},"geometry":{"type":"LineString","coordinates":[[100.8105782,2.1737751],[100.8112063,2.1736648],[100.811381,2.1736341],[100.8118343,2.1735537],[100.8125988,2.1734572],[100.8135169,2.1733463]]}},{"type":"Feature","properties":{"scope":"Bangko","osmId":625920548,"highway":"residential","name":null},"geometry":{"type":"LineString","coordinates":[[100.8134386,2.1720996],[100.8134544,2.1725674],[100.8134685,2.1727259],[100.8134852,2.1728287],[100.8134999,2.1731253],[100.8135169,2.1733463],[100.8137628,2.1765503],[100.8138339,2.1770984],[100.8138768,2.1774844],[100.813905,2.1778368],[100.813964,2.178456]]}},{"type":"Feature","properties":{"scope":"Bangko","osmId":625920549,"highway":"residential","name":null},"geometry":{"type":"LineString","coordinates":[[100.8133972,2.1715913],[100.8121495,2.171644]]}},{"type":"Feature","properties":{"scope":"Bangko","osmId":625920550,"highway":"residential","name":null},"geometry":{"type":"LineString","coordinates":[[100.8134386,2.1720996],[100.8133972,2.1715913],[100.8133699,2.1712567],[100.8133722,2.1712383],[100.8133806,2.1712232],[100.8134028,2.1712008],[100.8134396,2.1711964],[100.8139251,2.1711509]]}},{"type":"Feature","properties":{"scope":"Bangko","osmId":625920551,"highway":"residential","name":null},"geometry":{"type":"LineString","coordinates":[[100.8104775,2.1722156],[100.8115768,2.1721895],[100.8124861,2.1721493],[100.8134005,2.1721016],[100.8134386,2.1720996],[100.8144924,2.1720447],[100.8185599,2.1717739]]}},{"type":"Feature","properties":{"scope":"Bangko","osmId":625920552,"highway":"residential","name":null},"geometry":{"type":"LineString","coordinates":[[100.809305,2.1729748],[100.8093788,2.1735089]]}},{"type":"Feature","properties":{"scope":"Bangko","osmId":625920553,"highway":"residential","name":null},"geometry":{"type":"LineString","coordinates":[[100.8084382,2.1735761],[100.8093788,2.1735089],[100.8105252,2.173427]]}},{"type":"Feature","properties":{"scope":"Bangko","osmId":625920554,"highway":"primary","name":"Jalan Bintang"},"geometry":{"type":"LineString","coordinates":[[100.8078284,2.1623297],[100.8078453,2.1626493],[100.8078741,2.1633151],[100.8078721,2.1634046],[100.8078982,2.1639275],[100.8079103,2.1639931],[100.8079518,2.1649513]]}},{"type":"Feature","properties":{"scope":"Bangko","osmId":625920555,"highway":"residential","name":null},"geometry":{"type":"LineString","coordinates":[[100.8118598,2.1666426],[100.8118545,2.1675445]]}},{"type":"Feature","properties":{"scope":"Bangko","osmId":625920556,"highway":"residential","name":null},"geometry":{"type":"LineString","coordinates":[[100.8124553,2.1682307],[100.8123922,2.1691393]]}},{"type":"Feature","properties":{"scope":"Bangko","osmId":625920557,"highway":"residential","name":null},"geometry":{"type":"LineString","coordinates":[[100.8081991,2.1697397],[100.8091964,2.1697343]]}},{"type":"Feature","properties":{"scope":"Bangko","osmId":625920558,"highway":"residential","name":null},"geometry":{"type":"LineString","coordinates":[[100.8081562,2.1688579],[100.808676,2.1688431],[100.8086774,2.1688163],[100.808668,2.1683955],[100.808678,2.1683761],[100.8086948,2.1683627],[100.8087136,2.168356],[100.8090529,2.1683607]]}},{"type":"Feature","properties":{"scope":"Bangko","osmId":625920559,"highway":"residential","name":null},"geometry":{"type":"LineString","coordinates":[[100.8069449,2.1757843],[100.8085578,2.175509]]}},{"type":"Feature","properties":{"scope":"Bangko","osmId":625920560,"highway":"residential","name":null},"geometry":{"type":"LineString","coordinates":[[100.8069194,2.1752651],[100.8085211,2.1750357]]}},{"type":"Feature","properties":{"scope":"Bangko","osmId":625920561,"highway":"residential","name":null},"geometry":{"type":"LineString","coordinates":[[100.8057444,2.1738807],[100.806838,2.1737851]]}},{"type":"Feature","properties":{"scope":"Bangko","osmId":625920562,"highway":"residential","name":null},"geometry":{"type":"LineString","coordinates":[[100.8062273,2.1711759],[100.8061494,2.17203],[100.806136,2.1722189],[100.8061306,2.1723999],[100.8061333,2.1727925],[100.8061266,2.1730498]]}},{"type":"Feature","properties":{"scope":"Bangko","osmId":625920563,"highway":"residential","name":null},"geometry":{"type":"LineString","coordinates":[[100.8053783,2.1703535],[100.8053903,2.1711686],[100.8054748,2.1726009]]}},{"type":"Feature","properties":{"scope":"Bangko","osmId":625920564,"highway":"residential","name":null},"geometry":{"type":"LineString","coordinates":[[100.804878,2.1711696],[100.8053903,2.1711686],[100.8055781,2.1711683],[100.8060528,2.1711669],[100.8062273,2.1711759],[100.8064686,2.1711884],[100.8067889,2.1712138]]}},{"type":"Feature","properties":{"scope":"Bangko","osmId":625920565,"highway":"residential","name":null},"geometry":{"type":"LineString","coordinates":[[100.8058664,2.1707676],[100.8067851,2.1707635]]}},{"type":"Feature","properties":{"scope":"Bangko","osmId":625920566,"highway":"unclassified","name":null},"geometry":{"type":"LineString","coordinates":[[100.8068052,2.173141],[100.8068052,2.173208]]}},{"type":"Feature","properties":{"scope":"Bangko","osmId":625920567,"highway":"residential","name":null},"geometry":{"type":"LineString","coordinates":[[100.807015,2.1762962],[100.80706,2.1766066],[100.8070976,2.1769872],[100.8071136,2.1773812],[100.8070976,2.1777939],[100.807068,2.1782871],[100.8075294,2.1783166],[100.8079934,2.17833],[100.8083448,2.1783434],[100.8087756,2.1783266]]}},{"type":"Feature","properties":{"scope":"Bangko","osmId":625920568,"highway":"unclassified","name":null},"geometry":{"type":"LineString","coordinates":[[100.8067849,2.1707391],[100.8067851,2.1707635],[100.8067889,2.1712138],[100.8067971,2.1722484],[100.8068052,2.173141]]}},{"type":"Feature","properties":{"scope":"Bangko","osmId":625920569,"highway":"residential","name":null},"geometry":{"type":"LineString","coordinates":[[100.8067822,2.1704819],[100.8057296,2.1704794]]}},{"type":"Feature","properties":{"scope":"Bangko","osmId":625920570,"highway":"residential","name":null},"geometry":{"type":"LineString","coordinates":[[100.8047791,2.1683686],[100.8047319,2.1685375],[100.8046916,2.1686461],[100.8046487,2.1687828],[100.8046165,2.1690053],[100.8044985,2.1701149],[100.8044556,2.1703615],[100.8043751,2.1706429],[100.8043523,2.1706778],[100.8043161,2.1707019],[100.8042195,2.1707287],[100.8034873,2.1708118],[100.803431,2.170844],[100.8034122,2.1709029],[100.8033934,2.1721627]]}},{"type":"Feature","properties":{"scope":"Bangko","osmId":625920571,"highway":"residential","name":null},"geometry":{"type":"LineString","coordinates":[[100.8066323,2.1628618],[100.8060005,2.1628759],[100.8051772,2.1628943]]}},{"type":"Feature","properties":{"scope":"Bangko","osmId":625920572,"highway":"residential","name":null},"geometry":{"type":"LineString","coordinates":[[100.8081102,2.1679096],[100.8086575,2.1679059],[100.810383,2.1678771]]}},{"type":"Feature","properties":{"scope":"Bangko","osmId":625920573,"highway":"residential","name":null},"geometry":{"type":"LineString","coordinates":[[100.8087477,2.16685],[100.808723,2.1665555]]}},{"type":"Feature","properties":{"scope":"Bangko","osmId":625920574,"highway":"residential","name":null},"geometry":{"type":"LineString","coordinates":[[100.8095566,2.1638779],[100.8095893,2.1648882]]}},{"type":"Feature","properties":{"scope":"Bangko","osmId":625920575,"highway":"residential","name":null},"geometry":{"type":"LineString","coordinates":[[100.8096376,2.1662312],[100.8091119,2.1662392],[100.809037,2.1662272],[100.8089523,2.1662124],[100.8080182,2.1661822]]}},{"type":"Feature","properties":{"scope":"Bangko","osmId":625920576,"highway":"residential","name":null},"geometry":{"type":"LineString","coordinates":[[100.8066599,2.1639689],[100.8072731,2.1639633],[100.8078982,2.1639275]]}},{"type":"Feature","properties":{"scope":"Bangko","osmId":625920577,"highway":"residential","name":null},"geometry":{"type":"LineString","coordinates":[[100.8066491,2.1633631],[100.8072575,2.1633387],[100.8078741,2.1633151]]}},{"type":"Feature","properties":{"scope":"Bangko","osmId":625920578,"highway":"residential","name":null},"geometry":{"type":"LineString","coordinates":[[100.8072211,2.1623474],[100.8072313,2.1626575],[100.8072575,2.1633387],[100.8072731,2.1639633],[100.8073068,2.164958],[100.8074114,2.1669361],[100.8074368,2.1674885],[100.8074972,2.1684558]]}},{"type":"Feature","properties":{"scope":"Bangko","osmId":625920579,"highway":"residential","name":null},"geometry":{"type":"LineString","coordinates":[[100.8050071,2.1671781],[100.8059898,2.1671854]]}},{"type":"Feature","properties":{"scope":"Bangko","osmId":625920580,"highway":"residential","name":null},"geometry":{"type":"LineString","coordinates":[[100.799244,2.1751967],[100.7985762,2.1750225],[100.7978922,2.1748456],[100.79755,2.1747634],[100.7973477,2.1747036],[100.7966772,2.1745588],[100.7960361,2.1744275],[100.7951483,2.1742613],[100.7943302,2.1740683],[100.7939462,2.1739915],[100.7935846,2.1739048],[100.7925814,2.1737279],[100.7921013,2.1736261],[100.7915193,2.1735162],[100.791007,2.1733983],[100.7906824,2.1733152],[100.7893038,2.1728863],[100.7893494,2.1737574],[100.7893869,2.1746794],[100.7894433,2.1765717]]}},{"type":"Feature","properties":{"scope":"Bangko","osmId":625920581,"highway":"residential","name":null},"geometry":{"type":"LineString","coordinates":[[100.7995526,2.1733045],[100.8014515,2.1736047]]}},{"type":"Feature","properties":{"scope":"Bangko","osmId":625920582,"highway":"residential","name":null},"geometry":{"type":"LineString","coordinates":[[100.7994292,2.1741607],[100.8003759,2.174386]]}},{"type":"Feature","properties":{"scope":"Bangko","osmId":625920583,"highway":"residential","name":null},"geometry":{"type":"LineString","coordinates":[[100.7996192,2.1728289],[100.8016312,2.1731892]]}},{"type":"Feature","properties":{"scope":"Bangko","osmId":625920584,"highway":"residential","name":null},"geometry":{"type":"LineString","coordinates":[[100.7987639,2.17216],[100.7996972,2.172332],[100.8008158,2.1725138]]}},{"type":"Feature","properties":{"scope":"Bangko","osmId":625920585,"highway":"residential","name":null},"geometry":{"type":"LineString","coordinates":[[100.799788,2.1713873],[100.7996289,2.1713773],[100.7990107,2.1713117],[100.7979928,2.1711549],[100.7979606,2.1711401],[100.7979485,2.1711066],[100.7979539,2.1707636],[100.797974,2.1707394],[100.7979955,2.1707327],[100.7980411,2.1707301]]}},{"type":"Feature","properties":{"scope":"Bangko","osmId":625920586,"highway":"residential","name":null},"geometry":{"type":"LineString","coordinates":[[100.7997623,2.1717465],[100.7993621,2.1717017],[100.7990281,2.1716601],[100.798768,2.1716253],[100.7983442,2.1715542]]}},{"type":"Feature","properties":{"scope":"Bangko","osmId":625920587,"highway":"residential","name":null},"geometry":{"type":"LineString","coordinates":[[100.7998165,2.1709192],[100.7993701,2.1709002],[100.799067,2.1708654],[100.7986929,2.1708198],[100.7980411,2.1707301]]}},{"type":"Feature","properties":{"scope":"Bangko","osmId":625920588,"highway":"residential","name":null},"geometry":{"type":"LineString","coordinates":[[100.799872,2.1700085],[100.7972673,2.169729],[100.7961649,2.1695976],[100.7956318,2.1695259],[100.7956019,2.1695209],[100.7955721,2.1695119],[100.7955399,2.1695021],[100.7954997,2.1694924],[100.7951014,2.169477]]}},{"type":"Feature","properties":{"scope":"Bangko","osmId":625920589,"highway":"residential","name":null},"geometry":{"type":"LineString","coordinates":[[100.799856,2.1702702],[100.8010331,2.1704634],[100.8012128,2.1704821],[100.8016393,2.1704902]]}},{"type":"Feature","properties":{"scope":"Bangko","osmId":625920590,"highway":"service","name":null},"geometry":{"type":"LineString","coordinates":[[100.8002407,2.1644722],[100.8008339,2.1644997],[100.8008554,2.1644903],[100.8008668,2.1644696],[100.8009204,2.163894]]}},{"type":"Feature","properties":{"scope":"Bangko","osmId":625920591,"highway":"residential","name":null},"geometry":{"type":"LineString","coordinates":[[100.8008628,2.1667311],[100.8006649,2.1697571],[100.8006569,2.1697725],[100.8006368,2.1697772],[100.7998905,2.1697048]]}},{"type":"Feature","properties":{"scope":"Bangko","osmId":625920592,"highway":"residential","name":null},"geometry":{"type":"LineString","coordinates":[[100.8014971,2.1629425],[100.8031638,2.1630256]]}},{"type":"Feature","properties":{"scope":"Bangko","osmId":625920593,"highway":"residential","name":null},"geometry":{"type":"LineString","coordinates":[[100.7991957,2.1647682],[100.7991158,2.1666012]]}},{"type":"Feature","properties":{"scope":"Bangko","osmId":625920596,"highway":"residential","name":null},"geometry":{"type":"LineString","coordinates":[[100.7807457,2.1681469],[100.7834068,2.1677828]]}},{"type":"Feature","properties":{"scope":"Bangko","osmId":625920597,"highway":"residential","name":null},"geometry":{"type":"LineString","coordinates":[[100.7822308,2.161739],[100.7825151,2.1624868],[100.7826787,2.1628862],[100.7827753,2.1631676],[100.7828048,2.1633204],[100.7830328,2.164351],[100.7831629,2.1648361],[100.7832688,2.1651845],[100.7833211,2.165336],[100.7833372,2.1654003],[100.7833479,2.1654834],[100.7833773,2.1667525],[100.7834068,2.1677828],[100.7834217,2.1683433],[100.7834257,2.1683915],[100.7834324,2.168417],[100.7834458,2.1684464],[100.783466,2.1684639],[100.7834981,2.1684665],[100.7835357,2.1684639],[100.7845172,2.1683547],[100.7845844,2.1683446]]}},{"type":"Feature","properties":{"scope":"Bangko","osmId":625920598,"highway":"residential","name":null},"geometry":{"type":"LineString","coordinates":[[100.7857901,2.161345],[100.7846448,2.161219]]}},{"type":"Feature","properties":{"scope":"Bangko","osmId":625920599,"highway":"residential","name":null},"geometry":{"type":"LineString","coordinates":[[100.7857984,2.1599075],[100.7857901,2.161345],[100.7873699,2.1615112],[100.7877481,2.161546],[100.788255,2.1615675],[100.7885689,2.1616157],[100.7886574,2.1616774],[100.788762,2.1618033],[100.7887942,2.1625324],[100.7887807,2.1641138],[100.78877,2.1657997],[100.7887405,2.1679493],[100.7887137,2.170005],[100.7886842,2.1718491],[100.7886547,2.1725272],[100.7886533,2.1725647],[100.7886694,2.1725848],[100.7891858,2.1727389],[100.7892314,2.172752],[100.7892438,2.1727637],[100.7892461,2.1727868],[100.7892475,2.1728522],[100.7892555,2.1728682],[100.7892729,2.1728763],[100.7893038,2.1728863]]}},{"type":"Feature","properties":{"scope":"Bangko","osmId":625920600,"highway":"residential","name":null},"geometry":{"type":"LineString","coordinates":[[100.780595,2.1632702],[100.7804981,2.1632614],[100.7803653,2.1632695],[100.7797806,2.1633123],[100.7795821,2.163319],[100.779507,2.1633164]]}},{"type":"Feature","properties":{"scope":"Bangko","osmId":625920601,"highway":"residential","name":null},"geometry":{"type":"LineString","coordinates":[[100.7822308,2.161739],[100.7829402,2.1614871],[100.783179,2.1614134],[100.7833265,2.1613892],[100.7836229,2.1613906]]}},{"type":"Feature","properties":{"scope":"Bangko","osmId":625920602,"highway":"residential","name":null},"geometry":{"type":"LineString","coordinates":[[100.7827567,2.1597181],[100.7827283,2.1606629],[100.7827163,2.1607218],[100.7823421,2.1615956],[100.7823086,2.1616599],[100.7822308,2.161739],[100.782102,2.1617886],[100.7809259,2.1622603],[100.7808857,2.1622965],[100.7808843,2.1623541],[100.7809195,2.1625986],[100.7809541,2.1628393],[100.7809474,2.162921],[100.7809205,2.1629706],[100.780595,2.1632702],[100.7804444,2.1634088],[100.7804298,2.1634333],[100.7804149,2.1634584],[100.7804042,2.1635134],[100.7803988,2.1637318],[100.7804069,2.1638739],[100.7804283,2.1640039],[100.7804739,2.1642263],[100.7805088,2.1644139],[100.780541,2.1646445],[100.7805772,2.1649446],[100.7806107,2.1652207],[100.7806429,2.1655665],[100.7806441,2.165662],[100.7806697,2.1658801],[100.7807019,2.16625],[100.7807127,2.1665019],[100.7807395,2.1671076],[100.7807422,2.1675392],[100.7807339,2.1677982],[100.7807368,2.1680404],[100.7807457,2.1681469],[100.780769,2.1684263],[100.7808039,2.1687587],[100.7808468,2.1690133],[100.7809246,2.1692626],[100.7811955,2.1702248],[100.78141,2.1709914],[100.7814985,2.171372],[100.7815602,2.1717311],[100.7815686,2.1718418],[100.7816085,2.1721117],[100.7816488,2.172487],[100.7816675,2.1728756],[100.7817024,2.1732777],[100.7817373,2.1734894],[100.7817936,2.1737387],[100.7821715,2.1752623],[100.7821798,2.1752959]]}},{"type":"Feature","properties":{"scope":"Bangko","osmId":625920604,"highway":"residential","name":null},"geometry":{"type":"LineString","coordinates":[[100.7801497,2.1595748],[100.7801615,2.1601335],[100.7801749,2.1604779],[100.7801722,2.16062],[100.7801628,2.1609832],[100.7801588,2.1612887],[100.7801789,2.1613664],[100.7802258,2.1614388]]}},{"type":"Feature","properties":{"scope":"Bangko","osmId":625920606,"highway":"residential","name":null},"geometry":{"type":"LineString","coordinates":[[100.789698,2.160137],[100.7896256,2.161538]]}},{"type":"Feature","properties":{"scope":"Bangko","osmId":625920608,"highway":"residential","name":null},"geometry":{"type":"LineString","coordinates":[[100.7893438,2.1601161],[100.7894433,2.1588014]]}},{"type":"Feature","properties":{"scope":"Bangko","osmId":625920609,"highway":"residential","name":null},"geometry":{"type":"LineString","coordinates":[[100.7868239,2.1599679],[100.7867745,2.1580201],[100.7867356,2.1574961],[100.786702,2.1569627],[100.7866819,2.1563851],[100.7866792,2.1562286],[100.7866698,2.1556708]]}},{"type":"Feature","properties":{"scope":"Bangko","osmId":625920611,"highway":"residential","name":null},"geometry":{"type":"LineString","coordinates":[[100.7804568,2.1577626],[100.7800528,2.1577467],[100.7796961,2.1577547],[100.7794534,2.1577534],[100.7793179,2.1577413]]}},{"type":"Feature","properties":{"scope":"Bangko","osmId":625920613,"highway":"residential","name":null},"geometry":{"type":"LineString","coordinates":[[100.7804176,2.1539715],[100.7808119,2.1541216],[100.7810131,2.1541872],[100.7812152,2.1542533]]}},{"type":"Feature","properties":{"scope":"Bangko","osmId":625920615,"highway":"residential","name":null},"geometry":{"type":"LineString","coordinates":[[100.7805732,2.1535989],[100.7813145,2.1538548]]}},{"type":"Feature","properties":{"scope":"Bangko","osmId":625920617,"highway":"residential","name":null},"geometry":{"type":"LineString","coordinates":[[100.7804583,2.1577896],[100.7805858,2.1577858],[100.7813644,2.1577306],[100.7819304,2.1577199],[100.7819545,2.1577266],[100.7819653,2.1577454],[100.7819465,2.1580254],[100.7819585,2.158059],[100.7819907,2.158075],[100.7827981,2.1581193],[100.7829781,2.1581144]]}},{"type":"Feature","properties":{"scope":"Bangko","osmId":625920618,"highway":"residential","name":null},"geometry":{"type":"LineString","coordinates":[[100.7830255,2.1581613],[100.783155,2.1581421]]}},{"type":"Feature","properties":{"scope":"Bangko","osmId":625920619,"highway":"residential","name":null},"geometry":{"type":"LineString","coordinates":[[100.7811155,2.1548734],[100.7815121,2.1549087]]}},{"type":"Feature","properties":{"scope":"Bangko","osmId":625920620,"highway":"residential","name":null},"geometry":{"type":"LineString","coordinates":[[100.7805906,2.1563386],[100.7810909,2.1564266]]}},{"type":"Feature","properties":{"scope":"Bangko","osmId":625920622,"highway":"residential","name":null},"geometry":{"type":"LineString","coordinates":[[100.7811684,2.1569513],[100.781166,2.1570378],[100.7811727,2.1570592],[100.7811841,2.1570713],[100.7811981,2.1570766],[100.7825964,2.1573012]]}},{"type":"Feature","properties":{"scope":"Bangko","osmId":625920623,"highway":"residential","name":null},"geometry":{"type":"LineString","coordinates":[[100.7804889,2.1569109],[100.7806952,2.1569493],[100.7808307,2.1569627],[100.7811684,2.1569513],[100.7819425,2.1569252],[100.7820551,2.1569305],[100.7824478,2.1569733]]}},{"type":"Feature","properties":{"scope":"Bangko","osmId":625920624,"highway":"residential","name":null},"geometry":{"type":"LineString","coordinates":[[100.7812152,2.1542533],[100.7815121,2.1549087],[100.7824478,2.1569733],[100.7825964,2.1573012],[100.7829483,2.1580777],[100.7829781,2.1581144],[100.7829952,2.1581353],[100.7830255,2.1581613],[100.7831535,2.1582708]]}},{"type":"Feature","properties":{"scope":"Bangko","osmId":625920625,"highway":"residential","name":null},"geometry":{"type":"LineString","coordinates":[[100.7813081,2.1538769],[100.7815643,2.1539648],[100.7816769,2.1539889],[100.7817507,2.1539969],[100.7822268,2.1539902]]}},{"type":"Feature","properties":{"scope":"Bangko","osmId":625920626,"highway":"residential","name":null},"geometry":{"type":"LineString","coordinates":[[100.7823206,2.1507832],[100.782896,2.1508261],[100.783411,2.1508757],[100.7834887,2.1508945],[100.7838454,2.1510161]]}},{"type":"Feature","properties":{"scope":"Bangko","osmId":625920627,"highway":"residential","name":null},"geometry":{"type":"LineString","coordinates":[[100.783441,2.1471901],[100.7832809,2.1476848],[100.7832004,2.1478992],[100.7829925,2.1484313],[100.7829429,2.1485827],[100.7828678,2.1489017],[100.7827994,2.1492126],[100.7827511,2.1493855],[100.7825768,2.1499832],[100.7823206,2.1507832],[100.7821884,2.1511859],[100.7817835,2.1524197],[100.7815763,2.1530508],[100.7814905,2.1532612],[100.7814074,2.1535346],[100.7813145,2.1538548],[100.7813081,2.1538769],[100.7812411,2.1541082],[100.7812152,2.1542533],[100.7812035,2.1543186],[100.78117,2.1545759],[100.7811155,2.1548734],[100.7811096,2.1549056],[100.7810707,2.1550195],[100.7810198,2.1551294],[100.7808642,2.1554256],[100.7808025,2.1555488],[100.7807475,2.1556815],[100.7807033,2.1558289],[100.780651,2.1560233],[100.7806014,2.1562779],[100.7805906,2.1563386],[100.7805644,2.156486],[100.7804889,2.1569109],[100.7804552,2.1571007],[100.7804337,2.1572468],[100.7804324,2.1573272],[100.7804568,2.1577626],[100.7804583,2.1577896],[100.7804847,2.15826],[100.7805088,2.158394],[100.7805437,2.158528],[100.7805571,2.1585964],[100.7805692,2.1586955],[100.7805799,2.1588684],[100.7805954,2.1596024]]}},{"type":"Feature","properties":{"scope":"Bangko","osmId":625920628,"highway":"residential","name":null},"geometry":{"type":"LineString","coordinates":[[100.7831937,2.1547917],[100.7848194,2.1547866]]}},{"type":"Feature","properties":{"scope":"Bangko","osmId":625920629,"highway":"residential","name":null},"geometry":{"type":"LineString","coordinates":[[100.7841298,2.1497607],[100.7839528,2.1505916],[100.7839032,2.1507953],[100.7838454,2.1510161],[100.7837167,2.1515083],[100.7836604,2.1517334],[100.7834217,2.1528243],[100.7833198,2.1533068],[100.7832795,2.1535158],[100.7832608,2.1536847],[100.7832259,2.1541135],[100.7832071,2.1544459],[100.7831937,2.1547917],[100.783155,2.1581421],[100.7831535,2.1582708],[100.783132,2.1597382]]}},{"type":"Feature","properties":{"scope":"Bangko","osmId":625920630,"highway":"residential","name":null},"geometry":{"type":"LineString","coordinates":[[100.7822295,2.1469423],[100.7830623,2.1471822],[100.7831334,2.1471889],[100.7831883,2.1471608],[100.7832406,2.1471326],[100.7832795,2.1471367],[100.783441,2.1471901],[100.7844003,2.147508]]}},{"type":"Feature","properties":{"scope":"Bangko","osmId":625920631,"highway":"residential","name":null},"geometry":{"type":"LineString","coordinates":[[100.7859576,2.1415981],[100.7845147,2.140929]]}},{"type":"Feature","properties":{"scope":"Bangko","osmId":625920632,"highway":"residential","name":null},"geometry":{"type":"LineString","coordinates":[[100.7863134,2.1407063],[100.7862528,2.1408017],[100.7861857,2.1409397],[100.7860811,2.1411957],[100.78601,2.1414273],[100.7859576,2.1415981],[100.7858545,2.1419341],[100.7858169,2.1421271]]}},{"type":"Feature","properties":{"scope":"Bangko","osmId":625920633,"highway":"residential","name":null},"geometry":{"type":"LineString","coordinates":[[100.7848868,2.1421499],[100.7857606,2.1422598],[100.7858502,2.1422733]]}},{"type":"Feature","properties":{"scope":"Bangko","osmId":625920634,"highway":"residential","name":null},"geometry":{"type":"LineString","coordinates":[[100.7847856,2.142824],[100.7853797,2.1431363],[100.7855388,2.143196]]}},{"type":"Feature","properties":{"scope":"Bangko","osmId":625920635,"highway":"residential","name":null},"geometry":{"type":"LineString","coordinates":[[100.7837556,2.1434499],[100.785341,2.1438676]]}},{"type":"Feature","properties":{"scope":"Bangko","osmId":625920636,"highway":"residential","name":null},"geometry":{"type":"LineString","coordinates":[[100.7849802,2.1449656],[100.7850561,2.1449584],[100.7862207,2.1448477],[100.786702,2.1447994],[100.7869528,2.14479],[100.7873404,2.1447833],[100.78739,2.144782],[100.7874262,2.1447646],[100.7886399,2.1437143]]}},{"type":"Feature","properties":{"scope":"Bangko","osmId":625920637,"highway":"tertiary","name":null},"geometry":{"type":"LineString","coordinates":[[100.7845667,2.1466613],[100.78463,2.1465711],[100.7848205,2.1457777],[100.7848889,2.1455084],[100.7849814,2.1451773],[100.7850561,2.1449584],[100.7850994,2.1448369],[100.7854347,2.1438117],[100.7855219,2.1435611],[100.7855876,2.1433199],[100.7856654,2.1429956],[100.7857753,2.1425104],[100.7858263,2.1423362],[100.7858502,2.1422733],[100.7858625,2.142241],[100.7859054,2.142166],[100.7859832,2.1420708],[100.7861244,2.1419345],[100.7867417,2.1413383]]}},{"type":"Feature","properties":{"scope":"Bangko","osmId":625920638,"highway":"tertiary","name":null},"geometry":{"type":"LineString","coordinates":[[100.7866814,2.1412712],[100.7860631,2.1418637],[100.7858679,2.1420507],[100.7858169,2.1421271],[100.7857606,2.1422598],[100.785601,2.1429352],[100.7855388,2.143196],[100.785491,2.1433963],[100.7853676,2.1437863],[100.785341,2.1438676],[100.7852201,2.1442365],[100.7849802,2.1449656],[100.7849184,2.1451613],[100.7848285,2.1454976],[100.7847601,2.145771],[100.7846703,2.1461329],[100.7845871,2.1464518],[100.784563,2.146555],[100.7845667,2.1466613]]}},{"type":"Feature","properties":{"scope":"Bangko","osmId":625920639,"highway":"tertiary","name":null},"geometry":{"type":"LineString","coordinates":[[100.7845667,2.1466613],[100.7844852,2.1470536],[100.7844168,2.1474047],[100.7844003,2.147508],[100.7843404,2.1478831],[100.7841378,2.1493747],[100.784115,2.1496414],[100.7841298,2.1497607],[100.7841754,2.1498277],[100.7842398,2.1498693],[100.7844074,2.1499001],[100.7848634,2.1499269],[100.7852939,2.1499724],[100.7854266,2.1499899],[100.7854977,2.1500207],[100.785542,2.1500676],[100.7855782,2.1501386],[100.7855836,2.1502177],[100.7856157,2.150601],[100.785605,2.1507511],[100.7855742,2.1508918],[100.7855447,2.1509722],[100.7854789,2.151133],[100.7853904,2.1513233],[100.7853328,2.1515378],[100.7852899,2.1517468],[100.7852322,2.1519492],[100.7851477,2.1522226],[100.7850096,2.1526313],[100.7849532,2.1528404],[100.7848969,2.153087],[100.7848835,2.1531942],[100.7848781,2.1533269],[100.7848674,2.1536713],[100.7848589,2.1538403],[100.7848575,2.1538681],[100.784854,2.153938],[100.7848299,2.1543588],[100.7848205,2.1545813],[100.7848205,2.1547434],[100.7848194,2.1547866],[100.7847923,2.1558557],[100.7847936,2.1560032],[100.7848084,2.1561184],[100.7848299,2.1562578],[100.7848446,2.1563972],[100.784854,2.1565553],[100.7848728,2.1571476],[100.7848714,2.1573514],[100.7848634,2.1575014],[100.7848647,2.1576515],[100.7848795,2.1577427],[100.7848996,2.1578204],[100.7850096,2.1581353],[100.7850525,2.1582908],[100.7850981,2.1585293],[100.7851316,2.1587505],[100.7851611,2.1589743],[100.7851839,2.1592276],[100.7852348,2.1598753]]}},{"type":"Feature","properties":{"scope":"Bangko","osmId":625920640,"highway":"tertiary","name":null},"geometry":{"type":"LineString","coordinates":[[100.7883771,2.1389991],[100.7882765,2.1390782],[100.7882121,2.13916],[100.7881196,2.139294],[100.7880431,2.1394267],[100.7879587,2.1395835],[100.7879117,2.1396934],[100.7878648,2.1397738],[100.7877736,2.1399105],[100.7876368,2.140078],[100.787382,2.1404023],[100.7872291,2.1405926],[100.7870132,2.1408848],[100.7868133,2.141153]]}},{"type":"Feature","properties":{"scope":"Bangko","osmId":625920641,"highway":"tertiary","name":null},"geometry":{"type":"LineString","coordinates":[[100.7885715,2.1386373],[100.7883771,2.1389991]]}},{"type":"Feature","properties":{"scope":"Bangko","osmId":625920642,"highway":"tertiary","name":null},"geometry":{"type":"LineString","coordinates":[[100.7891268,2.1378734],[100.7885715,2.1386373]]}},{"type":"Feature","properties":{"scope":"Bangko","osmId":625920643,"highway":"tertiary","name":null},"geometry":{"type":"LineString","coordinates":[[100.7893682,2.1375679],[100.7891268,2.1378734]]}},{"type":"Feature","properties":{"scope":"Bangko","osmId":625920644,"highway":"tertiary","name":null},"geometry":{"type":"LineString","coordinates":[[100.7868736,2.1412201],[100.7873163,2.1406462],[100.7876502,2.1402214],[100.7879479,2.1398167],[100.7879761,2.1397658],[100.7880136,2.1397001],[100.7881464,2.1394401],[100.7883476,2.1391332],[100.7883771,2.1389991]]}},{"type":"Feature","properties":{"scope":"Bangko","osmId":625920645,"highway":"service","name":null},"geometry":{"type":"LineString","coordinates":[[100.7988315,2.1570566],[100.7974657,2.1579678]]}},{"type":"Feature","properties":{"scope":"Bangko","osmId":625920646,"highway":"residential","name":null},"geometry":{"type":"LineString","coordinates":[[100.7945073,2.1525871],[100.7950704,2.1521502]]}},{"type":"Feature","properties":{"scope":"Bangko","osmId":625920647,"highway":"residential","name":null},"geometry":{"type":"LineString","coordinates":[[100.7933821,2.1552848],[100.7937361,2.155709],[100.7937542,2.1557251],[100.7937811,2.1557237],[100.793818,2.1557003],[100.7956426,2.1543839],[100.7956965,2.154348],[100.7958715,2.1542179],[100.7959164,2.1541865],[100.7963724,2.1538487]]}},{"type":"Feature","properties":{"scope":"Bangko","osmId":625920648,"highway":"residential","name":null},"geometry":{"type":"LineString","coordinates":[[100.7899046,2.1496723],[100.7905085,2.1492094],[100.7906663,2.1490799],[100.791867,2.1479869]]}},{"type":"Feature","properties":{"scope":"Bangko","osmId":625920649,"highway":"track","name":null},"geometry":{"type":"LineString","coordinates":[[100.791122,2.1470219],[100.7931742,2.1465738],[100.7938045,2.1464478],[100.7941344,2.1462924],[100.7945609,2.1460082],[100.794746,2.1458555],[100.7948506,2.1456812],[100.7957625,2.1434432],[100.7958081,2.1433788],[100.7958618,2.1433976],[100.797538,2.1438184]]}},{"type":"Feature","properties":{"scope":"Bangko","osmId":625920650,"highway":"tertiary","name":null},"geometry":{"type":"LineString","coordinates":[[100.7868133,2.141153],[100.7867829,2.1411464],[100.7867519,2.1411496],[100.7867235,2.1411622],[100.7867003,2.141183],[100.7866847,2.1412098],[100.7866782,2.1412402],[100.7866814,2.1412712],[100.786694,2.1412996],[100.7867148,2.1413227],[100.7867417,2.1413383]]}},{"type":"Feature","properties":{"scope":"Bangko","osmId":625920651,"highway":"residential","name":null},"geometry":{"type":"LineString","coordinates":[[100.7894486,2.1473457],[100.7906301,2.1463848]]}},{"type":"Feature","properties":{"scope":"Bangko","osmId":625920652,"highway":"residential","name":null},"geometry":{"type":"LineString","coordinates":[[100.7998604,2.1607047],[100.7999012,2.1598038]]}},{"type":"Feature","properties":{"scope":"Bangko","osmId":625920653,"highway":"residential","name":null},"geometry":{"type":"LineString","coordinates":[[100.7986647,2.1592021],[100.7987103,2.1591646],[100.799869,2.1584101]]}},{"type":"Feature","properties":{"scope":"Bangko","osmId":625920654,"highway":"residential","name":null},"geometry":{"type":"LineString","coordinates":[[100.7981164,2.1606196],[100.7982027,2.1590345],[100.7982168,2.1587746],[100.798206,2.158725],[100.7981846,2.1586888],[100.7979834,2.1584074]]}},{"type":"Feature","properties":{"scope":"Bangko","osmId":625920655,"highway":"residential","name":null},"geometry":{"type":"LineString","coordinates":[[100.797264,2.1620383],[100.7973435,2.1605819]]}},{"type":"Feature","properties":{"scope":"Bangko","osmId":625920656,"highway":"residential","name":null},"geometry":{"type":"LineString","coordinates":[[100.8014011,2.1594452],[100.8013462,2.1607858]]}},{"type":"Feature","properties":{"scope":"Bangko","osmId":625920657,"highway":"residential","name":null},"geometry":{"type":"LineString","coordinates":[[100.8025733,2.1608579],[100.8025694,2.1609345],[100.8024992,2.1623307]]}},{"type":"Feature","properties":{"scope":"Bangko","osmId":625920658,"highway":"residential","name":null},"geometry":{"type":"LineString","coordinates":[[100.802238,2.1608382],[100.8021772,2.1623116]]}},{"type":"Feature","properties":{"scope":"Bangko","osmId":625920659,"highway":"residential","name":null},"geometry":{"type":"LineString","coordinates":[[100.8002231,2.1648455],[100.7991957,2.1647682],[100.7990359,2.1647526],[100.7961069,2.1645811]]}},{"type":"Feature","properties":{"scope":"Bangko","osmId":625920660,"highway":"residential","name":"Jalan Sungai Garam"},"geometry":{"type":"LineString","coordinates":[[100.8051717,2.162452],[100.8051772,2.1628943],[100.8051935,2.1642273],[100.8051935,2.1645252],[100.8051935,2.1649055]]}},{"type":"Feature","properties":{"scope":"Bangko","osmId":625920661,"highway":"residential","name":null},"geometry":{"type":"LineString","coordinates":[[100.8021951,2.1598652],[100.8033342,2.1598818]]}},{"type":"Feature","properties":{"scope":"Bangko","osmId":625920662,"highway":"residential","name":null},"geometry":{"type":"LineString","coordinates":[[100.8021712,2.160457],[100.8032993,2.1605203]]}},{"type":"Feature","properties":{"scope":"Bangko","osmId":625920663,"highway":"residential","name":null},"geometry":{"type":"LineString","coordinates":[[100.8022414,2.1590265],[100.8022104,2.1594878],[100.8021951,2.1598652],[100.8021712,2.160457],[100.802156,2.1608334]]}},{"type":"Feature","properties":{"scope":"Bangko","osmId":625920664,"highway":"residential","name":null},"geometry":{"type":"LineString","coordinates":[[100.8037394,2.1595683],[100.8036744,2.1609194]]}},{"type":"Feature","properties":{"scope":"Bangko","osmId":625920665,"highway":"residential","name":null},"geometry":{"type":"LineString","coordinates":[[100.8044294,2.1596047],[100.8043257,2.1609524]]}},{"type":"Feature","properties":{"scope":"Bangko","osmId":625920666,"highway":"residential","name":"Jalan Gajah Mada"},"geometry":{"type":"LineString","coordinates":[[100.8031848,2.1623715],[100.8032786,2.1608993],[100.8032993,2.1605203],[100.8033342,2.1598818],[100.8033525,2.159548]]}},{"type":"Feature","properties":{"scope":"Bangko","osmId":625920667,"highway":"residential","name":"Jalan Gajah Mada"},"geometry":{"type":"LineString","coordinates":[[100.8033525,2.159548],[100.8033814,2.1589756],[100.8036504,2.1571382],[100.8038706,2.1556822],[100.8038888,2.1556093]]}},{"type":"Feature","properties":{"scope":"Bangko","osmId":625920668,"highway":"residential","name":null},"geometry":{"type":"LineString","coordinates":[[100.8036504,2.1571382],[100.8042906,2.1572187]]}},{"type":"Feature","properties":{"scope":"Bangko","osmId":625920669,"highway":"residential","name":null},"geometry":{"type":"LineString","coordinates":[[100.8032085,2.155441],[100.8030622,2.1561117]]}},{"type":"Feature","properties":{"scope":"Bangko","osmId":625920670,"highway":"residential","name":null},"geometry":{"type":"LineString","coordinates":[[100.8021172,2.1551649],[100.8014649,2.1572656],[100.8013147,2.1577829],[100.8011272,2.1584519],[100.8011067,2.1585333],[100.8012611,2.158584],[100.8016352,2.1586794],[100.801652,2.1586902],[100.8016647,2.1587076],[100.8016668,2.1587351],[100.8016661,2.1587706],[100.80162,2.1594567]]}},{"type":"Feature","properties":{"scope":"Bangko","osmId":625920671,"highway":"residential","name":null},"geometry":{"type":"LineString","coordinates":[[100.8014927,2.1514741],[100.8007458,2.1547988]]}},{"type":"Feature","properties":{"scope":"Bangko","osmId":625920672,"highway":"residential","name":null},"geometry":{"type":"LineString","coordinates":[[100.7999015,2.1512757],[100.8000903,2.1499912]]}},{"type":"Feature","properties":{"scope":"Bangko","osmId":625920673,"highway":"residential","name":null},"geometry":{"type":"LineString","coordinates":[[100.8038904,2.1517732],[100.8037998,2.1527251]]}},{"type":"Feature","properties":{"scope":"Bangko","osmId":625920674,"highway":"residential","name":null},"geometry":{"type":"LineString","coordinates":[[100.8046654,2.1518698],[100.8047479,2.1511705]]}},{"type":"Feature","properties":{"scope":"Bangko","osmId":625920675,"highway":"residential","name":null},"geometry":{"type":"LineString","coordinates":[[100.8032886,2.1516981],[100.8034873,2.149758]]}},{"type":"Feature","properties":{"scope":"Bangko","osmId":625920676,"highway":"residential","name":null},"geometry":{"type":"LineString","coordinates":[[100.8022635,2.1515703],[100.8023688,2.1507551]]}},{"type":"Feature","properties":{"scope":"Bangko","osmId":625920677,"highway":"residential","name":null},"geometry":{"type":"LineString","coordinates":[[100.7992709,2.1535265],[100.7991129,2.15444],[100.7989986,2.1549015],[100.7989966,2.1549206],[100.7990013,2.1549418],[100.7990858,2.1550114],[100.7991059,2.1550382],[100.7991026,2.1550624],[100.7990898,2.1550865],[100.7985867,2.1556854],[100.7982635,2.1560624],[100.7981611,2.1561834]]}},{"type":"Feature","properties":{"scope":"Bangko","osmId":625920678,"highway":"residential","name":null},"geometry":{"type":"LineString","coordinates":[[100.8048132,2.1557835],[100.8045978,2.1557539],[100.8042544,2.1556896],[100.8038888,2.1556093],[100.8037904,2.1555877],[100.8032085,2.155441],[100.8026639,2.1553036],[100.8021172,2.1551649],[100.8017868,2.1550811],[100.8008507,2.1548238],[100.8007458,2.1547988],[100.8004457,2.1547273],[100.7995632,2.154537],[100.7991129,2.15444],[100.7986298,2.154336]]}},{"type":"Feature","properties":{"scope":"Bangko","osmId":625920679,"highway":"residential","name":null},"geometry":{"type":"LineString","coordinates":[[100.8065848,2.1533276],[100.8059697,2.153288],[100.8059482,2.1532679],[100.8059375,2.1532465],[100.8059415,2.1528712],[100.8059657,2.1527037],[100.8060225,2.1525046]]}},{"type":"Feature","properties":{"scope":"Bangko","osmId":625920680,"highway":"residential","name":null},"geometry":{"type":"LineString","coordinates":[[100.8053661,2.1545773],[100.8053737,2.1548971],[100.805389,2.1555745]]}},{"type":"Feature","properties":{"scope":"Bangko","osmId":625920681,"highway":"residential","name":null},"geometry":{"type":"LineString","coordinates":[[100.8052267,2.1548707],[100.8053737,2.1548971],[100.8054882,2.1549176],[100.8058436,2.1549485],[100.8064139,2.1549744]]}},{"type":"Feature","properties":{"scope":"Bangko","osmId":625920682,"highway":"residential","name":null},"geometry":{"type":"LineString","coordinates":[[100.8056802,2.1545715],[100.8056988,2.1539246],[100.8052589,2.1538897]]}},{"type":"Feature","properties":{"scope":"Bangko","osmId":625920683,"highway":"residential","name":null},"geometry":{"type":"LineString","coordinates":[[100.804866,2.1545866],[100.8053661,2.1545773],[100.8056802,2.1545715],[100.8060233,2.1545652],[100.8064364,2.1546107]]}},{"type":"Feature","properties":{"scope":"Bangko","osmId":625920684,"highway":"residential","name":null},"geometry":{"type":"LineString","coordinates":[[100.804937,2.1558142],[100.8049491,2.1556051],[100.8049538,2.155587],[100.8049732,2.155577],[100.805389,2.1555745],[100.8058718,2.1555716]]}},{"type":"Feature","properties":{"scope":"Bangko","osmId":625920685,"highway":"residential","name":null},"geometry":{"type":"LineString","coordinates":[[100.8057404,2.1576623],[100.8057239,2.1573501],[100.8056894,2.1568615],[100.8056968,2.1568381],[100.8057082,2.1568274],[100.8063291,2.156826]]}},{"type":"Feature","properties":{"scope":"Bangko","osmId":625920686,"highway":"residential","name":null},"geometry":{"type":"LineString","coordinates":[[100.8057591,2.1584677],[100.8057404,2.1576623],[100.8063321,2.1576515]]}},{"type":"Feature","properties":{"scope":"Bangko","osmId":625920687,"highway":"residential","name":null},"geometry":{"type":"LineString","coordinates":[[100.8050671,2.15852],[100.8055526,2.1584878],[100.8057591,2.1584677],[100.8057725,2.1585843],[100.8057913,2.1586004],[100.8058094,2.1586074],[100.8058262,2.1586098],[100.8063592,2.1585247]]}},{"type":"Feature","properties":{"scope":"Bangko","osmId":625920688,"highway":"residential","name":null},"geometry":{"type":"LineString","coordinates":[[100.8049598,2.1573621],[100.8057239,2.1573501],[100.806331,2.1573406]]}},{"type":"Feature","properties":{"scope":"Bangko","osmId":625920689,"highway":"residential","name":null},"geometry":{"type":"LineString","coordinates":[[100.8049545,2.1561988],[100.8054426,2.1562631],[100.8057055,2.1562658],[100.8063465,2.1562475]]}},{"type":"Feature","properties":{"scope":"Bangko","osmId":625920690,"highway":"residential","name":null},"geometry":{"type":"LineString","coordinates":[[100.8053622,2.15053],[100.8053367,2.1506439],[100.8053434,2.1507109],[100.8053823,2.1509106],[100.8053957,2.1510231],[100.8054198,2.1516476],[100.8054051,2.1517669],[100.8053558,2.151956],[100.8052723,2.152118],[100.8052093,2.1522829],[100.8051878,2.1523834],[100.8051798,2.1524906],[100.8051543,2.1530039],[100.8051288,2.1535855],[100.8050698,2.1537973],[100.8049867,2.1540278],[100.8049169,2.1542636],[100.8048794,2.154403],[100.804866,2.1545866],[100.8048713,2.1548573],[100.8048552,2.1551187],[100.8048123,2.1556413],[100.8048132,2.1557835],[100.8048069,2.1559844],[100.8048123,2.1563891],[100.8047855,2.1565767],[100.8047587,2.1569064],[100.8047184,2.1572147],[100.8047023,2.1576408],[100.8046728,2.1580188],[100.8046272,2.1582546],[100.8045736,2.1584798],[100.8045548,2.1586004],[100.8045629,2.1587183],[100.8046192,2.1588684],[100.8047184,2.1590667],[100.8048204,2.1592061],[100.8049048,2.1592825],[100.8049947,2.15932],[100.8051623,2.1593522]]}},{"type":"Feature","properties":{"scope":"Bangko","osmId":625920691,"highway":"residential","name":null},"geometry":{"type":"LineString","coordinates":[[100.8060837,2.1521502],[100.8061293,2.1517843]]}},{"type":"Feature","properties":{"scope":"Bangko","osmId":625920692,"highway":"residential","name":null},"geometry":{"type":"LineString","coordinates":[[100.8027954,2.1417703],[100.8023655,2.1431418],[100.8022991,2.1433681],[100.8022924,2.1434204],[100.8022977,2.1434499],[100.8023232,2.143474],[100.8023702,2.1434887],[100.8026853,2.1435825]]}},{"type":"Feature","properties":{"scope":"Bangko","osmId":625920693,"highway":"residential","name":null},"geometry":{"type":"LineString","coordinates":[[100.8045791,2.1423305],[100.8043188,2.1430317]]}},{"type":"Feature","properties":{"scope":"Bangko","osmId":625920694,"highway":"residential","name":null},"geometry":{"type":"LineString","coordinates":[[100.804937,2.1441521],[100.8051489,2.1434941],[100.8051637,2.143481],[100.8051875,2.1434787],[100.8052109,2.1434813],[100.8057437,2.1436811],[100.8057682,2.1436991],[100.8057832,2.1437187],[100.8057876,2.1437434]]}},{"type":"Feature","properties":{"scope":"Bangko","osmId":625920695,"highway":"residential","name":null},"geometry":{"type":"LineString","coordinates":[[100.8054975,2.1447432],[100.8055123,2.1447043],[100.8055432,2.1446252],[100.8056223,2.1443223],[100.8057876,2.1437434]]}},{"type":"Feature","properties":{"scope":"Bangko","osmId":625920696,"highway":"residential","name":null},"geometry":{"type":"LineString","coordinates":[[100.8033586,2.1443692],[100.8036362,2.1444255],[100.8040975,2.1445046],[100.8047184,2.1446078],[100.8054358,2.1447311],[100.8054627,2.1447354],[100.8054975,2.1447432],[100.8054873,2.1447891],[100.8054775,2.1449308],[100.8054936,2.1449616],[100.8055244,2.1449763],[100.8057323,2.1449817]]}},{"type":"Feature","properties":{"scope":"Bangko","osmId":625920697,"highway":"residential","name":null},"geometry":{"type":"LineString","coordinates":[[100.8034068,2.1453355],[100.8035141,2.1449602],[100.8035932,2.1446252],[100.8036362,2.1444255]]}},{"type":"Feature","properties":{"scope":"Bangko","osmId":625920698,"highway":"residential","name":null},"geometry":{"type":"LineString","coordinates":[[100.7996355,2.1443865],[100.7997966,2.1437675]]}},{"type":"Feature","properties":{"scope":"Bangko","osmId":625920699,"highway":"residential","name":null},"geometry":{"type":"LineString","coordinates":[[100.7969059,2.1402866],[100.7964653,2.1402026],[100.79613,2.1401732],[100.7958296,2.1401624],[100.7946306,2.1402295]]}},{"type":"Feature","properties":{"scope":"Bangko","osmId":625920701,"highway":"residential","name":null},"geometry":{"type":"LineString","coordinates":[[100.8060622,2.1497178],[100.8064163,2.1497245],[100.8066335,2.1497151],[100.8067811,2.1497125],[100.8069004,2.1497285],[100.8072764,2.1498048]]}},{"type":"Feature","properties":{"scope":"Bangko","osmId":625920702,"highway":"residential","name":null},"geometry":{"type":"LineString","coordinates":[[100.8060622,2.1480721],[100.8067679,2.1481045],[100.807599,2.1481427]]}},{"type":"Feature","properties":{"scope":"Bangko","osmId":625920703,"highway":"residential","name":null},"geometry":{"type":"LineString","coordinates":[[100.8075807,2.1482618],[100.8084199,2.1483396]]}},{"type":"Feature","properties":{"scope":"Bangko","osmId":625920704,"highway":"residential","name":null},"geometry":{"type":"LineString","coordinates":[[100.8086921,2.1626383],[100.80869,2.162307]]}},{"type":"Feature","properties":{"scope":"Bangko","osmId":625920705,"highway":"residential","name":"Jalan Satria Tangko"},"geometry":{"type":"LineString","coordinates":[[100.8147365,2.1656496],[100.8151354,2.1657403],[100.8154684,2.165816],[100.8157363,2.1658769],[100.8160218,2.1659418],[100.8172846,2.1662473],[100.8184849,2.1665019],[100.823282,2.1675392],[100.823687,2.1676062],[100.8240572,2.1676678],[100.8243227,2.1676946],[100.8245748,2.1677053],[100.8247331,2.1676893],[100.825417,2.1675767],[100.8255297,2.1675553]]}},{"type":"Feature","properties":{"scope":"Bangko","osmId":625920706,"highway":"residential","name":null},"geometry":{"type":"LineString","coordinates":[[100.8160218,2.1659418],[100.8159663,2.1662714],[100.8159783,2.1663009],[100.8160052,2.1663263],[100.8160092,2.1663545],[100.8158737,2.1673435]]}},{"type":"Feature","properties":{"scope":"Bangko","osmId":625920707,"highway":"residential","name":null},"geometry":{"type":"LineString","coordinates":[[100.8157363,2.1658769],[100.815623,2.1664295],[100.8155894,2.1666574],[100.8155438,2.1669884]]}},{"type":"Feature","properties":{"scope":"Bangko","osmId":625920708,"highway":"residential","name":null},"geometry":{"type":"LineString","coordinates":[[100.8154684,2.165816],[100.8156256,2.1650653],[100.8156793,2.1647731]]}},{"type":"Feature","properties":{"scope":"Bangko","osmId":625920709,"highway":"residential","name":null},"geometry":{"type":"LineString","coordinates":[[100.8151354,2.1657403],[100.8152474,2.1651792]]}},{"type":"Feature","properties":{"scope":"Bangko","osmId":625920710,"highway":"residential","name":null},"geometry":{"type":"LineString","coordinates":[[100.8142747,2.1655348],[100.8141839,2.1663424]]}},{"type":"Feature","properties":{"scope":"Bangko","osmId":625920711,"highway":"residential","name":null},"geometry":{"type":"LineString","coordinates":[[100.8138186,2.1654215],[100.8136716,2.1663665]]}},{"type":"Feature","properties":{"scope":"Bangko","osmId":625920712,"highway":"residential","name":null},"geometry":{"type":"LineString","coordinates":[[100.8133921,2.1653155],[100.8133243,2.165805],[100.8132559,2.1664979]]}},{"type":"Feature","properties":{"scope":"Bangko","osmId":625920713,"highway":"residential","name":null},"geometry":{"type":"LineString","coordinates":[[100.8120323,2.1650338],[100.8119658,2.1661079]]}},{"type":"Feature","properties":{"scope":"Bangko","osmId":625920714,"highway":"residential","name":null},"geometry":{"type":"LineString","coordinates":[[100.8111009,2.1624533],[100.8111168,2.1625923],[100.8111259,2.1626986],[100.811137,2.1628286],[100.8111249,2.1628674],[100.8110873,2.1628835],[100.810121,2.1630232]]}},{"type":"Feature","properties":{"scope":"Bangko","osmId":625920715,"highway":"residential","name":null},"geometry":{"type":"LineString","coordinates":[[100.8131636,2.1624867],[100.8132318,2.1629827],[100.8132304,2.1629974],[100.8132271,2.1630148],[100.8132163,2.1630282],[100.8127677,2.1630698]]}},{"type":"Feature","properties":{"scope":"Bangko","osmId":625920716,"highway":"residential","name":null},"geometry":{"type":"LineString","coordinates":[[100.8131379,2.1597274],[100.8135821,2.1596813]]}},{"type":"Feature","properties":{"scope":"Bangko","osmId":625920717,"highway":"residential","name":null},"geometry":{"type":"LineString","coordinates":[[100.8124685,2.1579265],[100.8125781,2.1591909]]}},{"type":"Feature","properties":{"scope":"Bangko","osmId":625920718,"highway":"residential","name":null},"geometry":{"type":"LineString","coordinates":[[100.8121337,2.1579696],[100.8122822,2.1592313]]}},{"type":"Feature","properties":{"scope":"Bangko","osmId":625920719,"highway":"residential","name":null},"geometry":{"type":"LineString","coordinates":[[100.8130943,2.15778],[100.8125103,2.1579249],[100.8124685,2.1579265],[100.8122869,2.1579477],[100.8121337,2.1579696],[100.8119249,2.1580167],[100.8119141,2.158032],[100.8119108,2.1580469],[100.8120353,2.1592654]]}},{"type":"Feature","properties":{"scope":"Bangko","osmId":625920720,"highway":"residential","name":null},"geometry":{"type":"LineString","coordinates":[[100.8108199,2.1616268],[100.8115648,2.161609]]}},{"type":"Feature","properties":{"scope":"Bangko","osmId":625920721,"highway":"residential","name":null},"geometry":{"type":"LineString","coordinates":[[100.8186554,2.1470604],[100.8186398,2.1471085]]}},{"type":"Feature","properties":{"scope":"Bangko","osmId":625920722,"highway":"residential","name":null},"geometry":{"type":"LineString","coordinates":[[100.8176158,2.1468948],[100.8171384,2.1477987],[100.8171183,2.1478711],[100.8171223,2.1479354],[100.8171464,2.1480654],[100.8172336,2.1485532],[100.8172873,2.1489124],[100.8173686,2.1493951]]}},{"type":"Feature","properties":{"scope":"Bangko","osmId":625920723,"highway":"residential","name":null},"geometry":{"type":"LineString","coordinates":[[100.817294,2.1467809],[100.8165644,2.1482021]]}},{"type":"Feature","properties":{"scope":"Bangko","osmId":625920724,"highway":"residential","name":null},"geometry":{"type":"LineString","coordinates":[[100.8151736,2.1460329],[100.8149886,2.1466194],[100.8147687,2.1472533],[100.8147667,2.1472848],[100.8147646,2.147331],[100.8146709,2.1475875]]}},{"type":"Feature","properties":{"scope":"Bangko","osmId":625920725,"highway":"residential","name":null},"geometry":{"type":"LineString","coordinates":[[100.8142523,2.1474087],[100.8146709,2.1475875],[100.8154323,2.1479127],[100.8160122,2.1481603]]}},{"type":"Feature","properties":{"scope":"Bangko","osmId":625920726,"highway":"residential","name":null},"geometry":{"type":"LineString","coordinates":[[100.8161433,2.1463757],[100.8159193,2.1469289],[100.8158246,2.1471181],[100.8157259,2.14732],[100.815631,2.147528],[100.8154323,2.1479127]]}},{"type":"Feature","properties":{"scope":"Bangko","osmId":625920727,"highway":"residential","name":null},"geometry":{"type":"LineString","coordinates":[[100.8145231,2.1458121],[100.8143386,2.1464538],[100.8141582,2.1469856]]}},{"type":"Feature","properties":{"scope":"Bangko","osmId":625920728,"highway":"residential","name":null},"geometry":{"type":"LineString","coordinates":[[100.8109246,2.1451206],[100.8118719,2.1454869],[100.8119004,2.145496],[100.8119342,2.1455003],[100.8120207,2.1455003],[100.8120583,2.1455084],[100.8120757,2.1455285],[100.8120791,2.1455466],[100.8120771,2.1455687],[100.8120479,2.1456424],[100.8120479,2.1456561],[100.8120533,2.1456668],[100.8122239,2.1457503],[100.8122286,2.1457623],[100.81223,2.1457737],[100.8121743,2.1459459],[100.8121743,2.1459634],[100.8121803,2.1459727],[100.8121931,2.1459821],[100.8139653,2.1463567],[100.8143386,2.1464538]]}},{"type":"Feature","properties":{"scope":"Bangko","osmId":625920729,"highway":"residential","name":null},"geometry":{"type":"LineString","coordinates":[[100.8105026,2.1459774],[100.8118209,2.1465041],[100.81212,2.1466086],[100.8135872,2.147193],[100.813626,2.147201],[100.8136649,2.1471863],[100.8136958,2.1471434],[100.8139653,2.1463567],[100.8142354,2.1457012]]}},{"type":"Feature","properties":{"scope":"Bangko","osmId":625920730,"highway":"residential","name":"Jalan Bahagia"},"geometry":{"type":"LineString","coordinates":[[100.8098978,2.1595613],[100.8120353,2.1592654],[100.8122822,2.1592313],[100.8124928,2.1592021],[100.8125781,2.1591909],[100.8129019,2.1591485],[100.8134678,2.1590962]]}},{"type":"Feature","properties":{"scope":"Bangko","osmId":625920733,"highway":"residential","name":null},"geometry":{"type":"LineString","coordinates":[[100.818063,2.1584166],[100.8179028,2.1572924],[100.8178103,2.1565928]]}},{"type":"Feature","properties":{"scope":"Bangko","osmId":625920735,"highway":"residential","name":null},"geometry":{"type":"LineString","coordinates":[[100.8180149,2.1584237],[100.8181027,2.1589716]]}},{"type":"Feature","properties":{"scope":"Bangko","osmId":625920737,"highway":"residential","name":null},"geometry":{"type":"LineString","coordinates":[[100.8171846,2.1585467],[100.8168367,2.1567322]]}},{"type":"Feature","properties":{"scope":"Bangko","osmId":625920739,"highway":"residential","name":null},"geometry":{"type":"LineString","coordinates":[[100.8168084,2.1586026],[100.817062,2.1599003]]}},{"type":"Feature","properties":{"scope":"Bangko","osmId":625920740,"highway":"residential","name":null},"geometry":{"type":"LineString","coordinates":[[100.8164732,2.1571463],[100.8167863,2.158606]]}},{"type":"Feature","properties":{"scope":"Bangko","osmId":625920742,"highway":"residential","name":null},"geometry":{"type":"LineString","coordinates":[[100.8162771,2.1586834],[100.8159703,2.1570458]]}},{"type":"Feature","properties":{"scope":"Bangko","osmId":625920744,"highway":"residential","name":null},"geometry":{"type":"LineString","coordinates":[[100.816079,2.1556831],[100.8163646,2.1567483],[100.8164732,2.1571463]]}},{"type":"Feature","properties":{"scope":"Bangko","osmId":625920746,"highway":"residential","name":null},"geometry":{"type":"LineString","coordinates":[[100.8164687,2.1555602],[100.8160749,2.1541591]]}},{"type":"Feature","properties":{"scope":"Bangko","osmId":625920748,"highway":"residential","name":null},"geometry":{"type":"LineString","coordinates":[[100.8145245,2.1561732],[100.8148049,2.1570726]]}},{"type":"Feature","properties":{"scope":"Bangko","osmId":625920750,"highway":"residential","name":null},"geometry":{"type":"LineString","coordinates":[[100.8140425,2.159031],[100.8139975,2.1585615],[100.8139949,2.1584757],[100.8140016,2.1581836],[100.8139868,2.1581568],[100.8139439,2.1581474],[100.8132604,2.1583653]]}},{"type":"Feature","properties":{"scope":"Bangko","osmId":625920752,"highway":"residential","name":null},"geometry":{"type":"LineString","coordinates":[[100.8141463,2.1590175],[100.8142617,2.1594996]]}},{"type":"Feature","properties":{"scope":"Bangko","osmId":625920754,"highway":"residential","name":null},"geometry":{"type":"LineString","coordinates":[[100.8096349,2.1548967],[100.8111316,2.1547622]]}},{"type":"Feature","properties":{"scope":"Bangko","osmId":625920756,"highway":"residential","name":null},"geometry":{"type":"LineString","coordinates":[[100.8126993,2.1540693],[100.8158522,2.1535546]]}},{"type":"Feature","properties":{"scope":"Bangko","osmId":625920758,"highway":"residential","name":null},"geometry":{"type":"LineString","coordinates":[[100.8127053,2.1543587],[100.8135094,2.1542301]]}},{"type":"Feature","properties":{"scope":"Bangko","osmId":625920760,"highway":"residential","name":null},"geometry":{"type":"LineString","coordinates":[[100.8127021,2.15365],[100.8138621,2.1534997]]}},{"type":"Feature","properties":{"scope":"Bangko","osmId":625920762,"highway":"residential","name":null},"geometry":{"type":"LineString","coordinates":[[100.8114856,2.1530883],[100.8127081,2.1530241]]}},{"type":"Feature","properties":{"scope":"Bangko","osmId":625920764,"highway":"residential","name":null},"geometry":{"type":"LineString","coordinates":[[100.8127286,2.1506774],[100.8135402,2.1506398]]}},{"type":"Feature","properties":{"scope":"Bangko","osmId":625920766,"highway":"residential","name":null},"geometry":{"type":"LineString","coordinates":[[100.8127283,2.1500301],[100.8137843,2.1499899],[100.8146453,2.149951]]}},{"type":"Feature","properties":{"scope":"Bangko","osmId":625920768,"highway":"residential","name":null},"geometry":{"type":"LineString","coordinates":[[100.8127275,2.1498049],[100.8119403,2.1497419]]}},{"type":"Feature","properties":{"scope":"Bangko","osmId":625920770,"highway":"residential","name":null},"geometry":{"type":"LineString","coordinates":[[100.8127253,2.149234],[100.8133256,2.1491952],[100.8133795,2.1488439]]}},{"type":"Feature","properties":{"scope":"Bangko","osmId":625920773,"highway":"residential","name":null},"geometry":{"type":"LineString","coordinates":[[100.8129924,2.1488136],[100.8129917,2.1486309],[100.8129998,2.1485345],[100.8130333,2.1483334],[100.8131057,2.1480105],[100.8131956,2.1477397]]}},{"type":"Feature","properties":{"scope":"Bangko","osmId":625920775,"highway":"residential","name":null},"geometry":{"type":"LineString","coordinates":[[100.8127612,2.1487798],[100.8128858,2.1474516]]}},{"type":"Feature","properties":{"scope":"Bangko","osmId":625920777,"highway":"residential","name":null},"geometry":{"type":"LineString","coordinates":[[100.8121959,2.148685],[100.8122886,2.147955],[100.8123788,2.1471983]]}},{"type":"Feature","properties":{"scope":"Bangko","osmId":625920779,"highway":"residential","name":null},"geometry":{"type":"LineString","coordinates":[[100.8117646,2.148612],[100.8119564,2.147922],[100.8119638,2.147914],[100.8119758,2.1479093],[100.8119926,2.1479086],[100.8122886,2.147955]]}},{"type":"Feature","properties":{"scope":"Bangko","osmId":625920781,"highway":"residential","name":null},"geometry":{"type":"LineString","coordinates":[[100.8112951,2.1485325],[100.8113502,2.1482718],[100.8115098,2.1476258]]}},{"type":"Feature","properties":{"scope":"Bangko","osmId":625920783,"highway":"residential","name":null},"geometry":{"type":"LineString","coordinates":[[100.8097348,2.147473],[100.8104141,2.1476928]]}},{"type":"Feature","properties":{"scope":"Bangko","osmId":625920785,"highway":"residential","name":null},"geometry":{"type":"LineString","coordinates":[[100.8117833,2.1486152],[100.8117203,2.1492474]]}},{"type":"Feature","properties":{"scope":"Bangko","osmId":625920788,"highway":"residential","name":null},"geometry":{"type":"LineString","coordinates":[[100.8110645,2.1523633],[100.8110082,2.1520041],[100.8110136,2.1519924],[100.8110186,2.1519844],[100.811031,2.1519746],[100.8111651,2.1519612],[100.8111785,2.1519545],[100.8111886,2.1519385],[100.8111712,2.1517026],[100.8111759,2.1516832],[100.8111919,2.1516698],[100.8127289,2.1515847]]}},{"type":"Feature","properties":{"scope":"Bangko","osmId":625920790,"highway":"residential","name":null},"geometry":{"type":"LineString","coordinates":[[100.8110189,2.1493721],[100.8111207,2.148503]]}},{"type":"Feature","properties":{"scope":"Bangko","osmId":625920792,"highway":"residential","name":null},"geometry":{"type":"LineString","coordinates":[[100.8093582,2.1508887],[100.8109599,2.1508087]]}},{"type":"Feature","properties":{"scope":"Bangko","osmId":625920794,"highway":"residential","name":null},"geometry":{"type":"LineString","coordinates":[[100.8063573,2.1558906],[100.8065946,2.1559093],[100.80671,2.1559107],[100.8067945,2.1558959],[100.806895,2.1558732],[100.8069648,2.1558678],[100.8070567,2.1558679],[100.8076257,2.1558662]]}},{"type":"Feature","properties":{"scope":"Bangko","osmId":625920796,"highway":"residential","name":null},"geometry":{"type":"LineString","coordinates":[[100.8070882,2.1546657],[100.8070567,2.1558679],[100.807052,2.1560501]]}},{"type":"Feature","properties":{"scope":"Bangko","osmId":625920798,"highway":"residential","name":null},"geometry":{"type":"LineString","coordinates":[[100.8064364,2.1546107],[100.8070882,2.1546657],[100.8075843,2.1546756],[100.8086384,2.1545972]]}},{"type":"Feature","properties":{"scope":"Bangko","osmId":625920800,"highway":"unclassified","name":"Jalan Sekip"},"geometry":{"type":"LineString","coordinates":[[100.8127235,2.1487743],[100.8121959,2.148685],[100.8117833,2.1486152],[100.8117646,2.148612],[100.8112951,2.1485325],[100.8111207,2.148503],[100.809466,2.1482262]]}},{"type":"Feature","properties":{"scope":"Bangko","osmId":625920803,"highway":"residential","name":"Jalan Aman"},"geometry":{"type":"LineString","coordinates":[[100.807862,2.1598829],[100.8079418,2.1609756],[100.8079785,2.1622557]]}},{"type":"Feature","properties":{"scope":"Bangko","osmId":625920806,"highway":"residential","name":"Jalan Aman"},"geometry":{"type":"LineString","coordinates":[[100.808058,2.1622531],[100.808022,2.1609666],[100.8080039,2.1603194],[100.8079835,2.1598748]]}},{"type":"Feature","properties":{"scope":"Bangko","osmId":625920808,"highway":"residential","name":"Jalan Mawar"},"geometry":{"type":"LineString","coordinates":[[100.8087514,2.1623056],[100.8087498,2.1622378],[100.8087202,2.160983],[100.8086962,2.15997],[100.8086988,2.1598323]]}},{"type":"Feature","properties":{"scope":"Bangko","osmId":625920811,"highway":"tertiary","name":"Jalan Sumatera"},"geometry":{"type":"LineString","coordinates":[[100.810073,2.1622641],[100.8095934,2.1622533],[100.8094311,2.1622496],[100.8090595,2.1622409],[100.8088571,2.1622362],[100.8087498,2.1622378],[100.8086882,2.1622388],[100.8083247,2.1622442],[100.808058,2.1622531],[100.8079785,2.1622557],[100.8073178,2.1622775],[100.806618,2.1623006]]}},{"type":"Feature","properties":{"scope":"Bangko","osmId":625920815,"highway":"tertiary","name":"Jalan Sumatera"},"geometry":{"type":"LineString","coordinates":[[100.8066198,2.1623649],[100.8072211,2.1623474],[100.8073229,2.1623444],[100.8078284,2.1623297],[100.808326,2.1623153],[100.80869,2.162307],[100.8087514,2.1623056],[100.8088584,2.1623032],[100.8090568,2.1623087],[100.8094351,2.1623193],[100.8095907,2.1623249],[100.8100723,2.1623934]]}},{"type":"Feature","properties":{"scope":"Bangko","osmId":625920818,"highway":"secondary","name":"Jalan Kecamatan"},"geometry":{"type":"LineString","coordinates":[[100.8111256,2.1446771],[100.8112248,2.1444985]]}},{"type":"Feature","properties":{"scope":"Bangko","osmId":625920820,"highway":"residential","name":null},"geometry":{"type":"LineString","coordinates":[[100.8083502,2.1448157],[100.8083837,2.1446239],[100.8084279,2.1444322],[100.8085325,2.1441414]]}},{"type":"Feature","properties":{"scope":"Bangko","osmId":625920822,"highway":"residential","name":null},"geometry":{"type":"LineString","coordinates":[[100.806024,2.1444503],[100.8061507,2.1444483],[100.8064806,2.1444617],[100.8066697,2.1444791],[100.8067274,2.1444952],[100.8067676,2.1445233],[100.8068119,2.1445568],[100.8068602,2.1445716],[100.8073108,2.1446466],[100.8080323,2.1447659],[100.8083502,2.1448157],[100.8086962,2.1448725],[100.8087022,2.1448778],[100.8087069,2.1448862],[100.8087082,2.1448993],[100.808682,2.1451125]]}},{"type":"Feature","properties":{"scope":"Bangko","osmId":625920825,"highway":"tertiary","name":null},"geometry":{"type":"LineString","coordinates":[[100.8093117,2.1443853],[100.8085325,2.1441414],[100.8081101,2.1440047],[100.8075696,2.1437943],[100.8069534,2.1435718],[100.8067629,2.1435025],[100.8066664,2.1434841],[100.8065886,2.1434813],[100.8064605,2.1434981],[100.8063103,2.1435202],[100.8062205,2.1435384],[100.8061501,2.1435617]]}},{"type":"Feature","properties":{"scope":"Bangko","osmId":625920827,"highway":"residential","name":null},"geometry":{"type":"LineString","coordinates":[[100.807264,2.1342415],[100.8062527,2.1351636]]}},{"type":"Feature","properties":{"scope":"Bangko","osmId":625920828,"highway":"residential","name":null},"geometry":{"type":"LineString","coordinates":[[100.80522,2.1295509],[100.8070976,2.1339065],[100.807264,2.1342415],[100.8072907,2.1342952],[100.8076125,2.1347723],[100.8096962,2.1376974]]}},{"type":"Feature","properties":{"scope":"Bangko","osmId":625920829,"highway":"residential","name":null},"geometry":{"type":"LineString","coordinates":[[100.8020577,2.1332525],[100.8023205,2.1335822],[100.8027229,2.134062],[100.8029354,2.1343097],[100.803329,2.1347455],[100.8040586,2.1355871],[100.8041606,2.1357144],[100.8048311,2.1365145],[100.8057243,2.1375572],[100.8063009,2.1381924],[100.8065886,2.1384924],[100.8068106,2.1387097],[100.8070546,2.1388973],[100.8080766,2.1396398],[100.8085815,2.1399687]]}},{"type":"Feature","properties":{"scope":"Bangko","osmId":625920830,"highway":"residential","name":null},"geometry":{"type":"LineString","coordinates":[[100.8068039,2.1430036],[100.8068642,2.1430358],[100.8069514,2.143076],[100.8070211,2.1431135],[100.8070868,2.1431484],[100.8071472,2.1432033]]}},{"type":"Feature","properties":{"scope":"Bangko","osmId":625920831,"highway":"residential","name":null},"geometry":{"type":"LineString","coordinates":[[100.8067194,2.1429473],[100.8068039,2.1430036]]}},{"type":"Feature","properties":{"scope":"Bangko","osmId":625920832,"highway":"residential","name":null},"geometry":{"type":"LineString","coordinates":[[100.8086206,2.1436922],[100.8092138,2.1438881]]}},{"type":"Feature","properties":{"scope":"Bangko","osmId":625920833,"highway":"residential","name":null},"geometry":{"type":"LineString","coordinates":[[100.8084802,2.1432569],[100.8086957,2.1433664]]}},{"type":"Feature","properties":{"scope":"Bangko","osmId":625920834,"highway":"residential","name":null},"geometry":{"type":"LineString","coordinates":[[100.8085325,2.1441414],[100.8086206,2.1436922],[100.8086801,2.1434284],[100.8086957,2.1433664],[100.808727,2.1432837],[100.8088075,2.1430933]]}},{"type":"Feature","properties":{"scope":"Bangko","osmId":625920835,"highway":"residential","name":null},"geometry":{"type":"LineString","coordinates":[[100.8071472,2.1432033],[100.8078553,2.1436589]]}},{"type":"Feature","properties":{"scope":"Bangko","osmId":625920836,"highway":"residential","name":null},"geometry":{"type":"LineString","coordinates":[[100.8088243,2.1413205],[100.8084051,2.1424421]]}},{"type":"Feature","properties":{"scope":"Bangko","osmId":625920837,"highway":"residential","name":null},"geometry":{"type":"LineString","coordinates":[[100.8092903,2.1414892],[100.809081,2.1414075],[100.8088243,2.1413205],[100.8086774,2.1412708],[100.8083247,2.1411689]]}},{"type":"Feature","properties":{"scope":"Bangko","osmId":625920838,"highway":"residential","name":null},"geometry":{"type":"LineString","coordinates":[[100.8084869,2.1405189],[100.8085513,2.140543]]}},{"type":"Feature","properties":{"scope":"Bangko","osmId":625920839,"highway":"residential","name":null},"geometry":{"type":"LineString","coordinates":[[100.8083273,2.1404613],[100.8084869,2.1405189]]}},{"type":"Feature","properties":{"scope":"Bangko","osmId":625920840,"highway":"residential","name":null},"geometry":{"type":"LineString","coordinates":[[100.8085513,2.140543],[100.8087645,2.1406235],[100.8095532,2.1409477]]}},{"type":"Feature","properties":{"scope":"Bangko","osmId":625920841,"highway":"residential","name":null},"geometry":{"type":"LineString","coordinates":[[100.8090395,2.1428133],[100.8091092,2.1428669],[100.8091696,2.1428977],[100.8093399,2.1429484]]}},{"type":"Feature","properties":{"scope":"Bangko","osmId":625920842,"highway":"residential","name":null},"geometry":{"type":"LineString","coordinates":[[100.8093571,2.1428921],[100.8097344,2.1429904]]}},{"type":"Feature","properties":{"scope":"Bangko","osmId":625920843,"highway":"residential","name":null},"geometry":{"type":"LineString","coordinates":[[100.8092742,2.1431885],[100.8093399,2.1429484],[100.8093571,2.1428921],[100.8093707,2.1428334],[100.8094244,2.1425895],[100.8095115,2.1421432],[100.8095759,2.141843],[100.8096161,2.1416996],[100.8096372,2.1416391],[100.8096805,2.1415629],[100.8098589,2.1413002],[100.8100118,2.1410684],[100.8101901,2.1407762],[100.8104074,2.1404037]]}},{"type":"Feature","properties":{"scope":"Bangko","osmId":625920844,"highway":"residential","name":null},"geometry":{"type":"LineString","coordinates":[[100.8183349,2.1447107],[100.8190112,2.1451062]]}},{"type":"Feature","properties":{"scope":"Bangko","osmId":625920845,"highway":"residential","name":null},"geometry":{"type":"LineString","coordinates":[[100.8180715,2.1451776],[100.8187957,2.1455796]]}},{"type":"Feature","properties":{"scope":"Bangko","osmId":625920846,"highway":"residential","name":null},"geometry":{"type":"LineString","coordinates":[[100.817564,2.1460771],[100.8181563,2.1463929]]}},{"type":"Feature","properties":{"scope":"Bangko","osmId":625920847,"highway":"residential","name":null},"geometry":{"type":"LineString","coordinates":[[100.8172792,2.1465818],[100.817564,2.1460771],[100.8178091,2.1456426],[100.8180715,2.1451776],[100.8183349,2.1447107],[100.8185774,2.144262],[100.8185853,2.1442548],[100.818596,2.1442513],[100.8186076,2.1442521],[100.818619,2.1442567],[100.819201,2.1446038],[100.8192114,2.1446215],[100.8192158,2.1446409],[100.8192144,2.14466],[100.8190112,2.1451062],[100.8187957,2.1455796],[100.8185962,2.1460176],[100.8185834,2.146033],[100.8185653,2.1460411],[100.8185399,2.1460444],[100.8178091,2.1456426]]}},{"type":"Feature","properties":{"scope":"Bangko","osmId":625920848,"highway":"residential","name":null},"geometry":{"type":"LineString","coordinates":[[100.8103103,2.1434712],[100.8105542,2.1427445]]}},{"type":"Feature","properties":{"scope":"Bangko","osmId":625920849,"highway":"residential","name":null},"geometry":{"type":"LineString","coordinates":[[100.815562,2.1430221],[100.8165,2.1432529]]}},{"type":"Feature","properties":{"scope":"Bangko","osmId":625920850,"highway":"residential","name":null},"geometry":{"type":"LineString","coordinates":[[100.8156993,2.1425546],[100.8163807,2.1427168]]}},{"type":"Feature","properties":{"scope":"Bangko","osmId":625920851,"highway":"residential","name":null},"geometry":{"type":"LineString","coordinates":[[100.8158292,2.1421126],[100.8160562,2.1421593],[100.816087,2.1421633],[100.8165349,2.1422196]]}},{"type":"Feature","properties":{"scope":"Bangko","osmId":625920852,"highway":"residential","name":null},"geometry":{"type":"LineString","coordinates":[[100.8152931,2.1428773],[100.8149343,2.1440415]]}},{"type":"Feature","properties":{"scope":"Bangko","osmId":625920853,"highway":"residential","name":null},"geometry":{"type":"LineString","coordinates":[[100.8147418,2.1427047],[100.8152931,2.1428773],[100.8155783,2.1429666]]}},{"type":"Feature","properties":{"scope":"Bangko","osmId":625920854,"highway":"residential","name":null},"geometry":{"type":"LineString","coordinates":[[100.8151759,2.1444303],[100.8168487,2.1448905]]}},{"type":"Feature","properties":{"scope":"Bangko","osmId":625920855,"highway":"residential","name":null},"geometry":{"type":"LineString","coordinates":[[100.8146308,2.1439505],[100.8144951,2.1445247],[100.8144361,2.1447646],[100.8143663,2.144912],[100.8140874,2.1454306]]}},{"type":"Feature","properties":{"scope":"Bangko","osmId":625920856,"highway":"residential","name":null},"geometry":{"type":"LineString","coordinates":[[100.8122668,2.1426514],[100.8131795,2.1430572]]}},{"type":"Feature","properties":{"scope":"Bangko","osmId":625920857,"highway":"residential","name":null},"geometry":{"type":"LineString","coordinates":[[100.8100713,2.1420302],[100.8105268,2.1421513],[100.8108098,2.1422357],[100.8109908,2.1422947],[100.8121471,2.1427236]]}},{"type":"Feature","properties":{"scope":"Bangko","osmId":625920858,"highway":"residential","name":null},"geometry":{"type":"LineString","coordinates":[[100.8110619,2.1417331],[100.8123976,2.1422317]]}},{"type":"Feature","properties":{"scope":"Bangko","osmId":625920859,"highway":"residential","name":null},"geometry":{"type":"LineString","coordinates":[[100.81131,2.1413123],[100.8122058,2.1416447],[100.8123399,2.1417023],[100.8126082,2.1418229]]}},{"type":"Feature","properties":{"scope":"Bangko","osmId":625920860,"highway":"residential","name":null},"geometry":{"type":"LineString","coordinates":[[100.8111261,2.1397335],[100.8132551,2.1404276]]}},{"type":"Feature","properties":{"scope":"Bangko","osmId":625920861,"highway":"residential","name":null},"geometry":{"type":"LineString","coordinates":[[100.8145056,2.1398181],[100.8142591,2.1405859]]}},{"type":"Feature","properties":{"scope":"Bangko","osmId":625920862,"highway":"residential","name":null},"geometry":{"type":"LineString","coordinates":[[100.8136903,2.1395625],[100.81385,2.1396188],[100.8145056,2.1398181],[100.8149028,2.1399427]]}},{"type":"Feature","properties":{"scope":"Bangko","osmId":625920863,"highway":"residential","name":null},"geometry":{"type":"LineString","coordinates":[[100.813095,2.1393101],[100.8136409,2.139501]]}},{"type":"Feature","properties":{"scope":"Bangko","osmId":625920864,"highway":"residential","name":null},"geometry":{"type":"LineString","coordinates":[[100.8129354,2.1384108],[100.8139054,2.1387028]]}},{"type":"Feature","properties":{"scope":"Bangko","osmId":625920865,"highway":"residential","name":null},"geometry":{"type":"LineString","coordinates":[[100.8129045,2.1375786],[100.8140982,2.1378528]]}},{"type":"Feature","properties":{"scope":"Bangko","osmId":625920866,"highway":"residential","name":null},"geometry":{"type":"LineString","coordinates":[[100.8114642,2.1377019],[100.8139945,2.1383315]]}},{"type":"Feature","properties":{"scope":"Bangko","osmId":625920867,"highway":"residential","name":null},"geometry":{"type":"LineString","coordinates":[[100.8140168,2.1382325],[100.8114991,2.1376134]]}},{"type":"Feature","properties":{"scope":"Bangko","osmId":625920868,"highway":"residential","name":null},"geometry":{"type":"LineString","coordinates":[[100.8142489,2.1374281],[100.8149001,2.1375723],[100.8151723,2.1376242]]}},{"type":"Feature","properties":{"scope":"Bangko","osmId":625920869,"highway":"residential","name":null},"geometry":{"type":"LineString","coordinates":[[100.8141907,2.1377649],[100.8142314,2.1377788],[100.8152005,2.1379579]]}},{"type":"Feature","properties":{"scope":"Bangko","osmId":625920870,"highway":"residential","name":null},"geometry":{"type":"LineString","coordinates":[[100.8142845,2.137221],[100.8152367,2.1374258]]}},{"type":"Feature","properties":{"scope":"Bangko","osmId":625920871,"highway":"residential","name":null},"geometry":{"type":"LineString","coordinates":[[100.8125096,2.1370362],[100.8130668,2.1371873],[100.8134061,2.1372583],[100.813683,2.1373186],[100.8136998,2.1373213],[100.8137166,2.1373233],[100.8140874,2.1373709],[100.8141863,2.1373843]]}},{"type":"Feature","properties":{"scope":"Bangko","osmId":625920872,"highway":"residential","name":null},"geometry":{"type":"LineString","coordinates":[[100.8135818,2.1369661],[100.8142288,2.1371368]]}},{"type":"Feature","properties":{"scope":"Bangko","osmId":625920873,"highway":"residential","name":null},"geometry":{"type":"LineString","coordinates":[[100.8143704,2.1362304],[100.8135898,2.136158]]}},{"type":"Feature","properties":{"scope":"Bangko","osmId":625920874,"highway":"residential","name":null},"geometry":{"type":"LineString","coordinates":[[100.8133055,2.1365815],[100.8135791,2.1365962],[100.8139855,2.1366405],[100.8142993,2.1366858]]}},{"type":"Feature","properties":{"scope":"Bangko","osmId":625920875,"highway":"residential","name":null},"geometry":{"type":"LineString","coordinates":[[100.8143261,2.1365167],[100.8135295,2.1364354]]}},{"type":"Feature","properties":{"scope":"Bangko","osmId":625920876,"highway":"residential","name":null},"geometry":{"type":"LineString","coordinates":[[100.8098353,2.1378626],[100.8099134,2.1379419]]}},{"type":"Feature","properties":{"scope":"Bangko","osmId":625920877,"highway":"residential","name":null},"geometry":{"type":"LineString","coordinates":[[100.809778,2.1377974],[100.8098353,2.1378626]]}},{"type":"Feature","properties":{"scope":"Bangko","osmId":625920879,"highway":"residential","name":null},"geometry":{"type":"LineString","coordinates":[[100.8115847,2.134874],[100.8117431,2.1349545],[100.8118692,2.1350215],[100.8120314,2.1351006],[100.8121321,2.1351529],[100.8122407,2.1351971],[100.8123788,2.1352574],[100.8124673,2.1352869],[100.8126082,2.135307],[100.812934,2.1353351],[100.8133739,2.13537],[100.8136851,2.1354115],[100.8138326,2.1354343],[100.8139855,2.1354598],[100.8140265,2.1354603],[100.8140383,2.1354598],[100.8140505,2.1354571],[100.8141169,2.1354142],[100.8141327,2.1354072],[100.8141518,2.1354015],[100.8141933,2.1353955],[100.8142208,2.1353948],[100.814247,2.1353955],[100.8144966,2.1354569]]}},{"type":"Feature","properties":{"scope":"Bangko","osmId":625920880,"highway":"residential","name":null},"geometry":{"type":"LineString","coordinates":[[100.8115634,2.1349157],[100.8115232,2.1350014]]}},{"type":"Feature","properties":{"scope":"Bangko","osmId":625920881,"highway":"residential","name":null},"geometry":{"type":"LineString","coordinates":[[100.8115232,2.1350014],[100.8113167,2.1354638],[100.8111155,2.1358203],[100.8109371,2.1361205],[100.8108956,2.1361754],[100.8108191,2.1362558],[100.8106448,2.136422],[100.8106019,2.1364904],[100.8105509,2.1365869],[100.8105107,2.1366901],[100.8103926,2.1370318],[100.8102572,2.1373668],[100.8099134,2.1379419]]}},{"type":"Feature","properties":{"scope":"Bangko","osmId":625920882,"highway":"residential","name":null},"geometry":{"type":"LineString","coordinates":[[100.8122179,2.1336331],[100.811973,2.1341138],[100.8115847,2.134874],[100.8115634,2.1349157]]}},{"type":"Feature","properties":{"scope":"Bangko","osmId":625920883,"highway":"residential","name":null},"geometry":{"type":"LineString","coordinates":[[100.8177388,2.136668],[100.8178948,2.1360253]]}},{"type":"Feature","properties":{"scope":"Bangko","osmId":625920884,"highway":"residential","name":null},"geometry":{"type":"LineString","coordinates":[[100.8172256,2.1365341],[100.8177594,2.1347986]]}},{"type":"Feature","properties":{"scope":"Bangko","osmId":625920885,"highway":"residential","name":null},"geometry":{"type":"LineString","coordinates":[[100.8168548,2.1363832],[100.8170673,2.1358605],[100.8172797,2.13523]]}},{"type":"Feature","properties":{"scope":"Bangko","osmId":625920886,"highway":"residential","name":null},"geometry":{"type":"LineString","coordinates":[[100.8145802,2.1352803],[100.8157772,2.1355013]]}},{"type":"Feature","properties":{"scope":"Bangko","osmId":625920887,"highway":"residential","name":null},"geometry":{"type":"LineString","coordinates":[[100.8147385,2.1344822],[100.8152474,2.1345793]]}},{"type":"Feature","properties":{"scope":"Bangko","osmId":625920888,"highway":"residential","name":null},"geometry":{"type":"LineString","coordinates":[[100.8142336,2.1310854],[100.8157066,2.1316284]]}},{"type":"Feature","properties":{"scope":"Bangko","osmId":625920889,"highway":"residential","name":null},"geometry":{"type":"LineString","coordinates":[[100.8186648,2.132021],[100.8191839,2.1321831]]}},{"type":"Feature","properties":{"scope":"Bangko","osmId":625920890,"highway":"residential","name":null},"geometry":{"type":"LineString","coordinates":[[100.8163397,2.129884],[100.8170995,2.1301152]]}},{"type":"Feature","properties":{"scope":"Bangko","osmId":625920891,"highway":"residential","name":null},"geometry":{"type":"LineString","coordinates":[[100.8156511,2.1283434],[100.8166795,2.1287812],[100.8167394,2.1288036]]}},{"type":"Feature","properties":{"scope":"Bangko","osmId":625920892,"highway":"residential","name":null},"geometry":{"type":"LineString","coordinates":[[100.8168122,2.1282458],[100.8169004,2.1280727],[100.8169012,2.1280689],[100.816901,2.1280647],[100.8168992,2.1280615],[100.8168963,2.1280587],[100.8161031,2.1276372]]}},{"type":"Feature","properties":{"scope":"Bangko","osmId":625920893,"highway":"residential","name":null},"geometry":{"type":"LineString","coordinates":[[100.8168735,2.1282758],[100.8168122,2.1282458],[100.8159703,2.1278663]]}},{"type":"Feature","properties":{"scope":"Bangko","osmId":625920894,"highway":"residential","name":null},"geometry":{"type":"LineString","coordinates":[[100.8206234,2.1217174],[100.8217558,2.1219896]]}},{"type":"Feature","properties":{"scope":"Bangko","osmId":625920895,"highway":"residential","name":null},"geometry":{"type":"LineString","coordinates":[[100.8180249,2.1240053],[100.8193889,2.1248622]]}},{"type":"Feature","properties":{"scope":"Bangko","osmId":625920896,"highway":"secondary","name":"Jalan Kecamatan"},"geometry":{"type":"LineString","coordinates":[[100.8170117,2.1280077],[100.8169399,2.1281377]]}},{"type":"Feature","properties":{"scope":"Bangko","osmId":625920897,"highway":"secondary","name":"Jalan Kecamatan"},"geometry":{"type":"LineString","coordinates":[[100.8199836,2.1240616],[100.8199561,2.1241366],[100.8199453,2.1241627],[100.8199388,2.1241762],[100.8199306,2.1241882],[100.8198957,2.1242385],[100.819815,2.1243445],[100.8197948,2.124372],[100.8197427,2.1244294],[100.8197013,2.124478],[100.819642,2.124551],[100.8194571,2.1247835],[100.8193889,2.1248622],[100.8193521,2.1249031],[100.8191484,2.1251395],[100.8189138,2.1254311],[100.8188903,2.1254603],[100.8186899,2.1257223],[100.8185866,2.1258574],[100.8183805,2.1261162],[100.8181173,2.1264711],[100.8178766,2.1267971],[100.8176532,2.1270899],[100.8175034,2.1272868],[100.8173399,2.1275263],[100.8172015,2.127734],[100.8171448,2.1278212],[100.8170711,2.1279186],[100.8170117,2.1280077]]}},{"type":"Feature","properties":{"scope":"Bangko","osmId":625920898,"highway":"secondary","name":"Jalan Kecamatan"},"geometry":{"type":"LineString","coordinates":[[100.8170486,2.1280232],[100.8170781,2.1279762],[100.8171071,2.1279378],[100.8171808,2.1278492],[100.8173233,2.1276653],[100.8178333,2.1270193],[100.8184004,2.1262454],[100.8187658,2.1257763],[100.8190765,2.1254096],[100.8195202,2.1248469],[100.8197167,2.1246151],[100.8198602,2.1244429],[100.8198726,2.1244279],[100.8199473,2.1243323],[100.8199588,2.1243131],[100.8199779,2.124278],[100.8199943,2.1242411],[100.8200097,2.1242013],[100.8200217,2.1241625],[100.8200447,2.1240799]]}},{"type":"Feature","properties":{"scope":"Bangko","osmId":625920899,"highway":"secondary","name":"Jalan Kecamatan"},"geometry":{"type":"LineString","coordinates":[[100.8169731,2.1281616],[100.8170486,2.1280232]]}},{"type":"Feature","properties":{"scope":"Bangko","osmId":625920900,"highway":"residential","name":null},"geometry":{"type":"LineString","coordinates":[[100.8181173,2.1264711],[100.8179229,2.1263533],[100.8177432,2.1262541],[100.8176024,2.126167],[100.8171706,2.1259151]]}},{"type":"Feature","properties":{"scope":"Bangko","osmId":625920901,"highway":"residential","name":null},"geometry":{"type":"LineString","coordinates":[[100.8171116,2.1252704],[100.8183805,2.1261162]]}},{"type":"Feature","properties":{"scope":"Bangko","osmId":625920902,"highway":"residential","name":null},"geometry":{"type":"LineString","coordinates":[[100.8177741,2.1247303],[100.8189138,2.1254311]]}},{"type":"Feature","properties":{"scope":"Bangko","osmId":625920903,"highway":"residential","name":null},"geometry":{"type":"LineString","coordinates":[[100.8174455,2.1189997],[100.8174603,2.1189595],[100.8174884,2.1189108]]}},{"type":"Feature","properties":{"scope":"Bangko","osmId":625920904,"highway":"residential","name":null},"geometry":{"type":"LineString","coordinates":[[100.8174402,2.1190747],[100.8174455,2.1189997]]}},{"type":"Feature","properties":{"scope":"Bangko","osmId":625920905,"highway":"residential","name":null},"geometry":{"type":"LineString","coordinates":[[100.818017,2.1195191],[100.8175246,2.1192396],[100.8174629,2.1191887],[100.8174415,2.1191337],[100.8174402,2.1190747]]}},{"type":"Feature","properties":{"scope":"Bangko","osmId":625920906,"highway":"service","name":null},"geometry":{"type":"LineString","coordinates":[[100.8203836,2.1226266],[100.8209713,2.122776],[100.8210004,2.122769],[100.8210202,2.1227416],[100.8210148,2.1227063],[100.82099,2.1226868],[100.8204044,2.1225092]]}},{"type":"Feature","properties":{"scope":"Bangko","osmId":625920910,"highway":"tertiary","name":null},"geometry":{"type":"LineString","coordinates":[[100.7893682,2.1375679],[100.7894312,2.1375558],[100.7896592,2.1373186],[100.7896887,2.1372503],[100.7896873,2.1371739],[100.7896659,2.1371082],[100.7896149,2.1370492],[100.7894042,2.1369171],[100.7889551,2.1366378],[100.7889283,2.1365895],[100.7889309,2.1365279],[100.7890986,2.1360897],[100.7891106,2.1360334],[100.7891053,2.1359757],[100.7890986,2.1359302],[100.7879278,2.1322903],[100.7878956,2.132033],[100.7878902,2.1317596],[100.7878956,2.1315237],[100.7880405,2.13054],[100.7882845,2.128779],[100.7885528,2.1266454],[100.788601,2.1263372],[100.7886896,2.1259191],[100.7888505,2.1251579],[100.7888908,2.1248978],[100.7889551,2.1241179],[100.7890838,2.1227214],[100.7890812,2.1223676],[100.7890624,2.1220888],[100.7890356,2.1218744],[100.7890087,2.1215527],[100.7890034,2.1212793],[100.7890356,2.1208772],[100.7891026,2.1204431],[100.7892046,2.1199928],[100.789277,2.1197381],[100.7893681,2.1195049],[100.7894995,2.1192718],[100.7897222,2.1189876],[100.7900059,2.1186739],[100.790146,2.1185212],[100.79083,2.1177707],[100.7914737,2.1170551],[100.7921094,2.1164171],[100.7927638,2.1157497],[100.7931688,2.1153611],[100.7936195,2.1148773],[100.7937133,2.1147754],[100.7938997,2.1145838],[100.7940607,2.1144363],[100.7942471,2.1142728],[100.7944496,2.1141093],[100.7946655,2.1139418],[100.7950142,2.1136952],[100.7953548,2.1134486],[100.7956351,2.1132476],[100.7959785,2.1129742],[100.7965994,2.1124609],[100.7966866,2.1123899],[100.7967523,2.1123242],[100.796789,2.1122859],[100.7968435,2.112229],[100.7969803,2.1120897],[100.79705,2.1120307],[100.7971197,2.1119905],[100.7972015,2.1119489],[100.7972968,2.1119154],[100.7974027,2.111894],[100.7975355,2.1118793],[100.7981028,2.1118779],[100.7984407,2.1118819],[100.7985292,2.1118766],[100.7986245,2.1118605],[100.7991421,2.1117452],[100.7992762,2.1117077],[100.7993634,2.1116769],[100.7994291,2.1116407],[100.7994962,2.1115804],[100.7997242,2.1113003],[100.8006415,2.1102067],[100.8008681,2.1099253],[100.8011082,2.1095929],[100.801198,2.1094723]]}},{"type":"Feature","properties":{"scope":"Bangko","osmId":625920916,"highway":"construction","name":null},"geometry":{"type":"LineString","coordinates":[[100.8110341,2.1152148],[100.8113086,2.1152485],[100.8144388,2.1170658],[100.8162332,2.1181031],[100.8192466,2.1198668],[100.8193861,2.1199459],[100.819539,2.1200249],[100.8196503,2.1200745],[100.8197777,2.1201161],[100.8199882,2.1201804],[100.8207084,2.1204096],[100.8210896,2.1205462]]}},{"type":"Feature","properties":{"scope":"Bangko","osmId":625920917,"highway":"residential","name":null},"geometry":{"type":"LineString","coordinates":[[100.8193995,2.1207821],[100.8198906,2.1209492],[100.8207198,2.1212103]]}},{"type":"Feature","properties":{"scope":"Bangko","osmId":625920918,"highway":"tertiary","name":null},"geometry":{"type":"LineString","coordinates":[[100.8210605,2.12062],[100.8198699,2.1202293],[100.8196637,2.1201509],[100.819535,2.1200973],[100.8194477,2.1200567],[100.8188441,2.1197088],[100.8180032,2.1192104],[100.8174884,2.1189108],[100.8168869,2.1185607],[100.8156561,2.1178674],[100.8147173,2.1173126],[100.8135797,2.1166793],[100.8125102,2.1160553],[100.8113033,2.1153638],[100.8110341,2.1152148],[100.8102867,2.1148009],[100.8094633,2.1143264],[100.8089469,2.1139927],[100.8086734,2.1138078],[100.8084725,2.1136777],[100.8082964,2.1135616],[100.8076557,2.1131553],[100.8067954,2.1126221],[100.8062861,2.1122898],[100.8052931,2.1116503],[100.8048432,2.1113606],[100.8033036,2.1104359],[100.8020121,2.1096411],[100.8019101,2.1095858],[100.8013351,2.1092738],[100.8012409,2.109219]]}},{"type":"Feature","properties":{"scope":"Bangko","osmId":625920920,"highway":"service","name":null},"geometry":{"type":"LineString","coordinates":[[100.8229239,2.115605],[100.823595,2.1158102]]}},{"type":"Feature","properties":{"scope":"Bangko","osmId":625920922,"highway":"residential","name":null},"geometry":{"type":"LineString","coordinates":[[100.8237661,2.1191391],[100.8224955,2.1185347]]}},{"type":"Feature","properties":{"scope":"Bangko","osmId":625920923,"highway":"residential","name":null},"geometry":{"type":"LineString","coordinates":[[100.8223192,2.1188001],[100.8232109,2.1192369]]}},{"type":"Feature","properties":{"scope":"Bangko","osmId":625920938,"highway":"secondary","name":"Jalan Kecamatan"},"geometry":{"type":"LineString","coordinates":[[100.8200909,2.1239318],[100.8200976,2.1239148],[100.8201633,2.1237352],[100.8201706,2.1237131],[100.8201783,2.123689],[100.8202404,2.1234317],[100.8203836,2.1226266],[100.8204044,2.1225092],[100.8204176,2.1224351],[100.8204791,2.1221799],[100.8205657,2.1218853],[100.8206234,2.1217174],[100.8207203,2.1214815],[100.8208641,2.121161],[100.8209859,2.1208945],[100.8210061,2.1208492]]}},{"type":"Feature","properties":{"scope":"Bangko","osmId":625920939,"highway":"secondary","name":"Jalan Kecamatan"},"geometry":{"type":"LineString","coordinates":[[100.8200447,2.1240799],[100.8200909,2.1239318]]}},{"type":"Feature","properties":{"scope":"Bangko","osmId":625920940,"highway":"secondary","name":"Jalan Kecamatan"},"geometry":{"type":"LineString","coordinates":[[100.8200376,2.1239151],[100.8199836,2.1240616]]}},{"type":"Feature","properties":{"scope":"Bangko","osmId":625920941,"highway":"secondary","name":"Jalan Kecamatan"},"geometry":{"type":"LineString","coordinates":[[100.8209505,2.1208311],[100.8209297,2.1208612],[100.8209215,2.1208734],[100.8209046,2.1208987],[100.8208479,2.1209925],[100.8207446,2.1211627],[100.8207198,2.1212103],[100.8206059,2.1214375],[100.8204616,2.1218089],[100.8203694,2.1220975],[100.820275,2.1225199],[100.8202296,2.122783],[100.8201356,2.1233458],[100.8201195,2.1234426],[100.8200807,2.12367],[100.8200751,2.1237044],[100.8200607,2.1237969],[100.8200412,2.1238982],[100.8200396,2.1239068],[100.8200376,2.1239151]]}},{"type":"Feature","properties":{"scope":"Bangko","osmId":671624009,"highway":"track","name":null},"geometry":{"type":"LineString","coordinates":[[100.7984774,2.2451019],[100.7985144,2.24506],[100.7985675,2.2450288],[100.8004088,2.2446846],[100.8006287,2.2446801],[100.8009967,2.244716],[100.8012659,2.2447115],[100.8019646,2.2445959],[100.802713,2.2444027],[100.8033251,2.2442269],[100.8046361,2.2438406],[100.8049136,2.2437614],[100.8049979,2.2437143],[100.8051044,2.2435732],[100.8054142,2.2431646],[100.8055257,2.2430606],[100.8060089,2.2427412],[100.806564,2.2424291],[100.8066731,2.242392],[100.806854,2.2423821],[100.8077065,2.2424143],[100.8077932,2.2423994],[100.8079989,2.2423499],[100.8092727,2.2419809],[100.8093941,2.2419488],[100.8096469,2.2418943],[100.8105117,2.2417407],[100.8111617,2.2415928],[100.8111944,2.2415765],[100.8112177,2.2415473],[100.8112259,2.2415041],[100.8112174,2.2412642],[100.8111927,2.2408594],[100.8111588,2.2403221],[100.8111138,2.2398765],[100.811066,2.2395403],[100.8110498,2.2394061]]}},{"type":"Feature","properties":{"scope":"Bangko","osmId":671624010,"highway":"track","name":null},"geometry":{"type":"LineString","coordinates":[[100.7888563,2.2437437],[100.7888489,2.2437381]]}},{"type":"Feature","properties":{"scope":"Bangko","osmId":671624012,"highway":"track","name":null},"geometry":{"type":"LineString","coordinates":[[100.780901,2.2479926],[100.781066,2.2485486],[100.7813749,2.2496328],[100.7813796,2.2496968],[100.7813728,2.2498217],[100.781356,2.2498778],[100.7813532,2.2499354],[100.7813864,2.2499942],[100.7814819,2.2502547],[100.7815077,2.2503443],[100.7815196,2.2504576],[100.7815051,2.250794],[100.7814948,2.2524855],[100.781452,2.2548361],[100.7814459,2.2556507],[100.7814336,2.2567989],[100.7813942,2.2587068],[100.7813757,2.2599882],[100.7813757,2.260455],[100.7813487,2.2610833],[100.7813158,2.2619785]]}},{"type":"Feature","properties":{"scope":"Bangko","osmId":671624013,"highway":"track","name":null},"geometry":{"type":"LineString","coordinates":[[100.7718909,2.2403957],[100.7719901,2.240444],[100.7721993,2.2405485],[100.7723683,2.2406718],[100.7725346,2.2408835],[100.7726419,2.2411006],[100.7727146,2.2412982],[100.7744554,2.2449269],[100.7746394,2.2452859],[100.7747785,2.245636],[100.7748772,2.2458065],[100.7754382,2.2469464],[100.7755324,2.2471798],[100.7756581,2.2474222],[100.7761069,2.2484409],[100.7765447,2.2493182],[100.776878,2.2499506]]}},{"type":"Feature","properties":{"scope":"Bangko","osmId":671624014,"highway":"track","name":null},"geometry":{"type":"LineString","coordinates":[[100.7769177,2.2500258],[100.7772772,2.2498232],[100.7774129,2.2497559],[100.7778572,2.2495225],[100.7782386,2.2493205],[100.77884,2.248957],[100.7792439,2.2487326],[100.7804377,2.2482031],[100.780901,2.2479926],[100.7809197,2.2479847]]}},{"type":"Feature","properties":{"scope":"Bangko","osmId":671624015,"highway":"track","name":null},"geometry":{"type":"LineString","coordinates":[[100.776878,2.2499506],[100.7769056,2.2500042]]}},{"type":"Feature","properties":{"scope":"Bangko","osmId":671624016,"highway":"track","name":null},"geometry":{"type":"LineString","coordinates":[[100.7813131,2.2620454],[100.7813039,2.2625149],[100.7812125,2.2647616]]}},{"type":"Feature","properties":{"scope":"Bangko","osmId":671624017,"highway":"track","name":null},"geometry":{"type":"LineString","coordinates":[[100.7813158,2.2619785],[100.7813131,2.2620454]]}},{"type":"Feature","properties":{"scope":"Bangko","osmId":671624018,"highway":"track","name":null},"geometry":{"type":"LineString","coordinates":[[100.7809197,2.2479847],[100.7809552,2.2479705]]}},{"type":"Feature","properties":{"scope":"Bangko","osmId":671624021,"highway":"track","name":null},"geometry":{"type":"LineString","coordinates":[[100.7888489,2.2437381],[100.7888224,2.2437165]]}},{"type":"Feature","properties":{"scope":"Bangko","osmId":671624022,"highway":"track","name":null},"geometry":{"type":"LineString","coordinates":[[100.7904907,2.2419796],[100.790537,2.2420294]]}},{"type":"Feature","properties":{"scope":"Bangko","osmId":671624023,"highway":"track","name":null},"geometry":{"type":"LineString","coordinates":[[100.790537,2.2420294],[100.7905488,2.242042]]}},{"type":"Feature","properties":{"scope":"Bangko","osmId":671624024,"highway":"track","name":null},"geometry":{"type":"LineString","coordinates":[[100.7769056,2.2500042],[100.7769177,2.2500258]]}},{"type":"Feature","properties":{"scope":"Bangko","osmId":671891677,"highway":"track","name":null},"geometry":{"type":"LineString","coordinates":[[100.7888224,2.2437165],[100.7884845,2.2434639],[100.7879414,2.2428984],[100.7871381,2.2421444],[100.7866534,2.241745],[100.7865861,2.2416642],[100.7862181,2.2413231],[100.7857513,2.2408519],[100.7854507,2.2405826],[100.7842973,2.2393933],[100.7840078,2.2391212],[100.7837127,2.2388435],[100.7833945,2.2385255],[100.782933,2.238038],[100.7823854,2.2374995],[100.7822373,2.2373469],[100.7820533,2.2371539],[100.7818514,2.236934],[100.7815563,2.2366243],[100.7813735,2.236433],[100.7811199,2.2361621],[100.7808192,2.2358524],[100.7803977,2.2353933]]}},{"type":"Feature","properties":{"scope":"Bangko","osmId":671891678,"highway":"track","name":null},"geometry":{"type":"LineString","coordinates":[[100.7837127,2.2388435],[100.7837303,2.238822]]}},{"type":"Feature","properties":{"scope":"Bangko","osmId":671891679,"highway":"track","name":null},"geometry":{"type":"LineString","coordinates":[[100.7837303,2.238822],[100.7837552,2.2387915]]}},{"type":"Feature","properties":{"scope":"Bangko","osmId":671891680,"highway":"track","name":null},"geometry":{"type":"LineString","coordinates":[[100.7837552,2.2387915],[100.7843377,2.2380784],[100.7844409,2.2379707],[100.7845297,2.237862],[100.7846405,2.2377416],[100.7848703,2.2374568],[100.7849784,2.2373178],[100.7849978,2.2373008],[100.7850243,2.2372885],[100.7850524,2.2372861],[100.7850817,2.2372883],[100.7851934,2.2373769],[100.7853134,2.237476],[100.7857121,2.2378278],[100.7863707,2.2383656],[100.7866408,2.2385941],[100.7872458,2.2391151],[100.7874831,2.2393248],[100.7876946,2.2395078],[100.7879745,2.2397534],[100.7883678,2.240089],[100.7890858,2.2407218],[100.7894492,2.2410424],[100.7900283,2.2415251],[100.7904907,2.2419796]]}},{"type":"Feature","properties":{"scope":"Bangko","osmId":671891682,"highway":"track","name":null},"geometry":{"type":"LineString","coordinates":[[100.8150035,2.2222016],[100.8148318,2.2223095],[100.8147482,2.2223617],[100.8146832,2.2224046],[100.8146171,2.2224419],[100.8145312,2.2224869],[100.8144697,2.2225194],[100.814356,2.2225924],[100.813958,2.2228127],[100.8136551,2.2229925],[100.813264,2.2232209],[100.8130505,2.2233473],[100.8126641,2.2235688],[100.8123554,2.2237427],[100.8119794,2.223963],[100.811622,2.224174],[100.8110302,2.224515],[100.8105466,2.2247825],[100.8104637,2.2248313]]}},{"type":"Feature","properties":{"scope":"Bangko","osmId":671891683,"highway":"track","name":null},"geometry":{"type":"LineString","coordinates":[[100.8071513,2.2275334],[100.8069874,2.2276634]]}},{"type":"Feature","properties":{"scope":"Bangko","osmId":671891684,"highway":"track","name":null},"geometry":{"type":"LineString","coordinates":[[100.8069874,2.2276634],[100.8050364,2.229211],[100.8041589,2.2299672],[100.8033536,2.2306352],[100.8032101,2.2307493],[100.8028259,2.2310905],[100.8024464,2.2313939],[100.8020108,2.2316818],[100.8014313,2.2321191],[100.8008526,2.2325742],[100.800345,2.2329249],[100.800179,2.2331051],[100.7999276,2.2334369],[100.79942,2.2338635],[100.7988982,2.2342427],[100.7978024,2.2351859],[100.7968442,2.2359917],[100.796237,2.2364989],[100.7952361,2.2374374],[100.7948119,2.2378032],[100.7940455,2.2385087],[100.7935806,2.2389353],[100.7934522,2.2390536],[100.7931726,2.2393192],[100.7928026,2.2396795],[100.7924216,2.2400598]]}},{"type":"Feature","properties":{"scope":"Bangko","osmId":671891685,"highway":"track","name":null},"geometry":{"type":"LineString","coordinates":[[100.8104637,2.2248313],[100.8103554,2.2248884]]}},{"type":"Feature","properties":{"scope":"Bangko","osmId":671891686,"highway":"track","name":null},"geometry":{"type":"LineString","coordinates":[[100.8103554,2.2248884],[100.8101453,2.225028],[100.8097516,2.2253835],[100.8095192,2.2255826],[100.8092346,2.2258386],[100.8089404,2.2260851],[100.8084803,2.2264785],[100.8082004,2.2267013],[100.8071513,2.2275334]]}},{"type":"Feature","properties":{"scope":"Bangko","osmId":671891687,"highway":"track","name":null},"geometry":{"type":"LineString","coordinates":[[100.7919194,2.2248181],[100.7920679,2.2247872],[100.7921815,2.2247689],[100.7923553,2.224736],[100.7928377,2.2246324],[100.7932915,2.2245467],[100.7934595,2.2245146],[100.7939919,2.224411],[100.7947211,2.2242647],[100.7949579,2.2242097],[100.7951015,2.2241715],[100.7953288,2.2241236],[100.7955107,2.2240806],[100.7956866,2.22404],[100.7958791,2.2240065],[100.7960969,2.2239754],[100.7965682,2.2238726],[100.7967979,2.2238272],[100.7971712,2.2237244],[100.7974057,2.2236359],[100.7977215,2.2234901],[100.798191,2.2232663],[100.7986566,2.2230548],[100.7992986,2.22272],[100.799652,2.2225365],[100.7998806,2.2224345],[100.8003356,2.2221772],[100.8005613,2.2220644],[100.8009952,2.2218212],[100.8014502,2.221571],[100.8016364,2.2214509],[100.801806,2.2213307],[100.8021147,2.2210961],[100.8021281,2.2210897],[100.8021361,2.2210897],[100.8021455,2.2210951],[100.8021552,2.2211051],[100.8021893,2.2211686],[100.8022721,2.2213535],[100.8023369,2.221516],[100.8023744,2.2216309],[100.8023971,2.2217098],[100.8024172,2.2217915],[100.8024337,2.2218792],[100.8024474,2.2219642],[100.8024611,2.2221017],[100.8024659,2.2221704],[100.8024654,2.2222391],[100.8024477,2.2223523],[100.8024207,2.2224654],[100.8023606,2.2226759],[100.8023087,2.2228863],[100.8022253,2.223249],[100.8021886,2.2234339],[100.8021503,2.2236013],[100.8021165,2.2237441],[100.8020461,2.2239878],[100.8019935,2.2241028],[100.8019396,2.2242124],[100.8018457,2.2244174],[100.8017637,2.2246225],[100.8017033,2.2247647],[100.801655,2.2249082],[100.8015513,2.2252448],[100.8015361,2.2252982],[100.8015263,2.2253543],[100.8015094,2.2254746],[100.8014837,2.225707],[100.8014762,2.2259025],[100.8014767,2.2260981],[100.8014859,2.2262714],[100.8015086,2.2264394],[100.8015379,2.2265993],[100.801574,2.2267593],[100.8016105,2.2268625],[100.801647,2.2269602],[100.8017241,2.2271557],[100.8018893,2.227577],[100.8020956,2.2280498],[100.8022878,2.2284587],[100.8024372,2.2287822],[100.8025922,2.229119],[100.8027426,2.2294436],[100.802898,2.2297649],[100.8029739,2.2299125],[100.8030591,2.2300856],[100.8032061,2.2303823],[100.8032978,2.2305528]]}},{"type":"Feature","properties":{"scope":"Bangko","osmId":671891689,"highway":"track","name":null},"geometry":{"type":"LineString","coordinates":[[100.8033332,2.2306096],[100.8033536,2.2306352]]}},{"type":"Feature","properties":{"scope":"Bangko","osmId":671891690,"highway":"track","name":null},"geometry":{"type":"LineString","coordinates":[[100.8032978,2.2305528],[100.8033332,2.2306096]]}},{"type":"Feature","properties":{"scope":"Bangko","osmId":671891691,"highway":"track","name":null},"geometry":{"type":"LineString","coordinates":[[100.7924216,2.2400598],[100.792397,2.2400837]]}},{"type":"Feature","properties":{"scope":"Bangko","osmId":671891692,"highway":"track","name":null},"geometry":{"type":"LineString","coordinates":[[100.792397,2.2400837],[100.7923093,2.2401772],[100.7919737,2.240543],[100.7917382,2.2407804],[100.7914441,2.2410913],[100.7905488,2.242042],[100.7901495,2.2424586],[100.7895526,2.2430465],[100.7893865,2.243226],[100.7888563,2.2437437],[100.7879325,2.2447474],[100.7873894,2.2454026],[100.7872638,2.2455328],[100.7871785,2.2455956],[100.7868913,2.2457123],[100.7863258,2.2458828],[100.785702,2.2460982],[100.7850198,2.2462822],[100.784598,2.2464079],[100.7835984,2.2468755],[100.7820892,2.247485],[100.7809552,2.2479705]]}},{"type":"Feature","properties":{"scope":"Bangko","osmId":672190275,"highway":"residential","name":null},"geometry":{"type":"LineString","coordinates":[[100.7950143,2.1595736],[100.7950473,2.1599405],[100.7950592,2.160456]]}},{"type":"Feature","properties":{"scope":"Bangko","osmId":672190278,"highway":"residential","name":null},"geometry":{"type":"LineString","coordinates":[[100.8034719,2.1669481],[100.8034939,2.1659054],[100.8035265,2.1649795]]}},{"type":"Feature","properties":{"scope":"Bangko","osmId":672190279,"highway":"service","name":null},"geometry":{"type":"LineString","coordinates":[[100.8085177,2.1749955],[100.8088193,2.1749752],[100.8088441,2.1749859],[100.8088532,2.1750104],[100.8088902,2.1755516],[100.8088736,2.1755737],[100.8088542,2.1755879],[100.8085683,2.1756143]]}},{"type":"Feature","properties":{"scope":"Bangko","osmId":672190280,"highway":"residential","name":null},"geometry":{"type":"LineString","coordinates":[[100.8006197,2.1592982],[100.800736,2.1591164],[100.8009836,2.1587357],[100.8011067,2.1585333]]}},{"type":"Feature","properties":{"scope":"Bangko","osmId":672190281,"highway":"residential","name":null},"geometry":{"type":"LineString","coordinates":[[100.807068,2.1782871],[100.8070392,2.1786131]]}},{"type":"Feature","properties":{"scope":"Bangko","osmId":672190282,"highway":"residential","name":null},"geometry":{"type":"LineString","coordinates":[[100.8090864,2.1827136],[100.8099067,2.1826261]]}},{"type":"Feature","properties":{"scope":"Bangko","osmId":672190283,"highway":"residential","name":null},"geometry":{"type":"LineString","coordinates":[[100.8046644,2.1649434],[100.8047004,2.1656035],[100.8047064,2.1660221],[100.8047238,2.1660516],[100.804756,2.1660596],[100.8047935,2.1660623],[100.8052063,2.1660247]]}},{"type":"Feature","properties":{"scope":"Bangko","osmId":672190284,"highway":"residential","name":null},"geometry":{"type":"LineString","coordinates":[[100.8081162,2.1577888],[100.8087697,2.1576646]]}},{"type":"Feature","properties":{"scope":"Bangko","osmId":672190285,"highway":"residential","name":null},"geometry":{"type":"LineString","coordinates":[[100.8009903,2.1714147],[100.7997939,2.1712314]]}},{"type":"Feature","properties":{"scope":"Bangko","osmId":672190286,"highway":"residential","name":null},"geometry":{"type":"LineString","coordinates":[[100.8042453,2.1823447],[100.8051883,2.1821729],[100.8056197,2.1821011]]}},{"type":"Feature","properties":{"scope":"Bangko","osmId":672190287,"highway":"residential","name":null},"geometry":{"type":"LineString","coordinates":[[100.8074972,2.1684558],[100.8074949,2.1688498],[100.8074932,2.168973],[100.8074848,2.1695905]]}},{"type":"Feature","properties":{"scope":"Bangko","osmId":672190288,"highway":"service","name":null},"geometry":{"type":"LineString","coordinates":[[100.7985843,2.1899375],[100.7985855,2.1899808]]}},{"type":"Feature","properties":{"scope":"Bangko","osmId":672190289,"highway":"path","name":null},"geometry":{"type":"LineString","coordinates":[[100.7975983,2.166468],[100.7968229,2.1664474]]}},{"type":"Feature","properties":{"scope":"Bangko","osmId":672190290,"highway":"service","name":null},"geometry":{"type":"LineString","coordinates":[[100.7985843,2.1899375],[100.7965086,2.190127],[100.7941488,2.1903228],[100.7922646,2.1904936]]}},{"type":"Feature","properties":{"scope":"Bangko","osmId":672190291,"highway":"service","name":null},"geometry":{"type":"LineString","coordinates":[[100.7985876,2.1900533],[100.7987398,2.1926642]]}},{"type":"Feature","properties":{"scope":"Bangko","osmId":672190292,"highway":"service","name":null},"geometry":{"type":"LineString","coordinates":[[100.7985855,2.1899808],[100.7985876,2.1900533]]}},{"type":"Feature","properties":{"scope":"Bangko","osmId":672190293,"highway":"residential","name":null},"geometry":{"type":"LineString","coordinates":[[100.8068534,2.1569779],[100.8063283,2.1570049]]}},{"type":"Feature","properties":{"scope":"Bangko","osmId":672353392,"highway":"track","name":null},"geometry":{"type":"LineString","coordinates":[[100.7864443,2.1407387],[100.7870349,2.1403234],[100.7871291,2.1402157],[100.7871381,2.1401259],[100.7871157,2.1398477],[100.7871201,2.139749],[100.7871112,2.1394528],[100.787073,2.1392419],[100.7869811,2.1389369],[100.7869055,2.1386186],[100.7867337,2.1379998],[100.7865159,2.137184],[100.7864715,2.1370005]]}},{"type":"Feature","properties":{"scope":"Bangko","osmId":672353394,"highway":"residential","name":null},"geometry":{"type":"LineString","coordinates":[[100.807669,2.147738],[100.8084959,2.1478451]]}},{"type":"Feature","properties":{"scope":"Bangko","osmId":672353396,"highway":"residential","name":null},"geometry":{"type":"LineString","coordinates":[[100.8078227,2.1470104],[100.808615,2.1471442]]}},{"type":"Feature","properties":{"scope":"Bangko","osmId":672353398,"highway":"residential","name":null},"geometry":{"type":"LineString","coordinates":[[100.809595,2.1477919],[100.8090061,2.1476131],[100.8085473,2.1475148]]}},{"type":"Feature","properties":{"scope":"Bangko","osmId":672353401,"highway":"residential","name":null},"geometry":{"type":"LineString","coordinates":[[100.8074098,2.1426661],[100.8070848,2.1424182]]}},{"type":"Feature","properties":{"scope":"Bangko","osmId":672353403,"highway":"track","name":null},"geometry":{"type":"LineString","coordinates":[[100.7977125,2.1160116],[100.7978387,2.1161258],[100.7982355,2.1164171],[100.7985426,2.1166383],[100.798827,2.1168433],[100.7993047,2.1172243],[100.7999106,2.1176147],[100.8002754,2.1179012]]}},{"type":"Feature","properties":{"scope":"Bangko","osmId":672353408,"highway":"residential","name":null},"geometry":{"type":"LineString","coordinates":[[100.8070848,2.1424182],[100.8069626,2.142331]]}},{"type":"Feature","properties":{"scope":"Bangko","osmId":672353410,"highway":"residential","name":null},"geometry":{"type":"LineString","coordinates":[[100.8069626,2.142331],[100.8068356,2.1422379]]}},{"type":"Feature","properties":{"scope":"Bangko","osmId":675057387,"highway":"service","name":null},"geometry":{"type":"LineString","coordinates":[[100.8119336,2.204904],[100.8113816,2.2050252]]}},{"type":"Feature","properties":{"scope":"Bangko","osmId":675057388,"highway":"residential","name":null},"geometry":{"type":"LineString","coordinates":[[100.8219808,2.2180751],[100.8207389,2.2189884],[100.8204578,2.2191826],[100.8203657,2.2192425],[100.8201145,2.2194268]]}},{"type":"Feature","properties":{"scope":"Bangko","osmId":675057398,"highway":"residential","name":null},"geometry":{"type":"LineString","coordinates":[[100.821417,2.221774],[100.8220926,2.2213417],[100.8222507,2.2212298],[100.8229065,2.2207232],[100.8229749,2.220675],[100.8230326,2.2206241],[100.8231103,2.220541],[100.8236572,2.2198928],[100.8253003,2.2179795],[100.8260924,2.2171618]]}},{"type":"Feature","properties":{"scope":"Bangko","osmId":675057399,"highway":"residential","name":null},"geometry":{"type":"LineString","coordinates":[[100.8200617,2.2193347],[100.8195267,2.2197005],[100.8192104,2.2199446],[100.8188946,2.2201805],[100.8187833,2.2202703],[100.8186626,2.2203567],[100.8185378,2.2204411],[100.8184379,2.2205041],[100.8182273,2.2206265]]}},{"type":"Feature","properties":{"scope":"Bangko","osmId":675057400,"highway":"primary","name":"Jalan Bagan Siapiapi - Sinaboi"},"geometry":{"type":"LineString","coordinates":[[100.8145013,2.2114637],[100.8153391,2.2125252],[100.8160065,2.2133379],[100.8164529,2.2138977],[100.8184151,2.2165166],[100.8188698,2.2171398],[100.8189355,2.217237],[100.8190186,2.2173636],[100.819307,2.2178768],[100.8198502,2.2189331],[100.8200617,2.2193347],[100.8201145,2.2194268],[100.821062,2.2211232],[100.8213463,2.2216393],[100.821417,2.221774],[100.8215591,2.2220449],[100.821619,2.2221638],[100.8216713,2.222259],[100.8217438,2.2223662],[100.8218363,2.2224774],[100.8220053,2.2226436],[100.823058,2.2236768],[100.8232002,2.2238269],[100.8233866,2.2240319],[100.8237058,2.2243884],[100.8243649,2.225179],[100.8249697,2.2259404],[100.8255584,2.2266914],[100.8259459,2.2271857],[100.8260093,2.2272838],[100.8261208,2.2274564],[100.8261285,2.2274682],[100.8261538,2.2275075]]}},{"type":"Feature","properties":{"scope":"Bangko","osmId":675057403,"highway":"residential","name":null},"geometry":{"type":"LineString","coordinates":[[100.8140811,2.210917],[100.8135422,2.2112668],[100.8132935,2.2114075],[100.81289,2.2116227],[100.8125865,2.2117957],[100.8118374,2.2122227]]}},{"type":"Feature","properties":{"scope":"Bangko","osmId":675057408,"highway":"track","name":null},"geometry":{"type":"LineString","coordinates":[[100.8164497,2.2354665],[100.816418,2.2354929],[100.8163538,2.2355411]]}},{"type":"Feature","properties":{"scope":"Bangko","osmId":675057410,"highway":"track","name":null},"geometry":{"type":"LineString","coordinates":[[100.8163538,2.2355411],[100.8162852,2.2355883],[100.8162237,2.2356278],[100.8152272,2.2363414],[100.8149778,2.2365414],[100.8144858,2.2369617]]}},{"type":"Feature","properties":{"scope":"Bangko","osmId":675057411,"highway":"track","name":null},"geometry":{"type":"LineString","coordinates":[[100.8144089,2.2370207],[100.8143558,2.2370614],[100.8141202,2.2372675],[100.8136614,2.2376168],[100.8129378,2.2381706],[100.8124113,2.2385721],[100.8120402,2.2388491],[100.8115906,2.2391768],[100.8113566,2.2393521],[100.8112904,2.2394029],[100.8112758,2.2394082],[100.8112389,2.2394078]]}},{"type":"Feature","properties":{"scope":"Bangko","osmId":675057412,"highway":"track","name":null},"geometry":{"type":"LineString","coordinates":[[100.8144858,2.2369617],[100.8144089,2.2370207]]}},{"type":"Feature","properties":{"scope":"Bangko","osmId":675057414,"highway":"track","name":null},"geometry":{"type":"LineString","coordinates":[[100.8110806,2.2394059],[100.8110498,2.2394061],[100.8110178,2.2392365],[100.8109938,2.2392128],[100.810964,2.239206],[100.8108331,2.2392214],[100.8105538,2.2392733],[100.8103341,2.239304],[100.8100791,2.2393459],[100.8098249,2.2393867],[100.8097103,2.2394036],[100.8095352,2.2394605],[100.8091126,2.2395445],[100.8086259,2.2396402],[100.8084586,2.2396778],[100.8082725,2.2397135],[100.8079624,2.2397867],[100.8074569,2.2399013],[100.8072596,2.2399539],[100.8069559,2.2400129],[100.8066168,2.2400778],[100.8063894,2.2401323],[100.8061376,2.2401924],[100.8059741,2.240228],[100.8059083,2.2402524],[100.8058063,2.2402784],[100.8055223,2.2403261],[100.8053313,2.240364],[100.8052469,2.2403824],[100.8051196,2.2404105],[100.8050253,2.2404325],[100.8049604,2.2404484],[100.8048796,2.2404668],[100.8047642,2.2404893],[100.8041151,2.2406332],[100.8037253,2.2407247],[100.8036202,2.2407484],[100.8033185,2.2408162],[100.8032304,2.2408348],[100.8031338,2.2408602],[100.803005,2.2408805],[100.8028321,2.2409279],[100.8026762,2.2409618],[100.8026287,2.2409686],[100.802544,2.2409957],[100.8024491,2.2410058],[100.8022864,2.2410295],[100.8022118,2.2410516],[100.8021457,2.2410736],[100.8020491,2.2410939],[100.8018782,2.2411332],[100.8013904,2.2412625],[100.8007438,2.2413856],[100.799564,2.2415968],[100.7987766,2.2417512],[100.7984204,2.2418184],[100.7981756,2.2418712],[100.7981252,2.2419054],[100.7981026,2.2419451],[100.7982231,2.2429641],[100.7982741,2.243411],[100.7983309,2.2439261],[100.7984774,2.2451019],[100.7986488,2.2464782]]}},{"type":"Feature","properties":{"scope":"Bangko","osmId":675057416,"highway":"track","name":null},"geometry":{"type":"LineString","coordinates":[[100.8112389,2.2394078],[100.8110806,2.2394059]]}},{"type":"Feature","properties":{"scope":"Bangko","osmId":675057418,"highway":"track","name":null},"geometry":{"type":"LineString","coordinates":[[100.8231842,2.2287538],[100.8224201,2.2294562],[100.8213919,2.2304249],[100.8204167,2.2315081],[100.8196738,2.2322603],[100.8187853,2.2331582],[100.8179598,2.2339838],[100.8175896,2.2343602],[100.8170083,2.2349379],[100.8169084,2.2350443],[100.8165783,2.2353371],[100.8164497,2.2354665]]}},{"type":"Feature","properties":{"scope":"Bangko","osmId":675057421,"highway":"residential","name":null},"geometry":{"type":"LineString","coordinates":[[100.8171753,2.2098014],[100.8172008,2.2098201],[100.8172195,2.2098335],[100.8172363,2.209849],[100.8183246,2.2112353]]}},{"type":"Feature","properties":{"scope":"Bangko","osmId":675057436,"highway":"residential","name":null},"geometry":{"type":"LineString","coordinates":[[100.8140833,2.2045764],[100.8119336,2.204904]]}},{"type":"Feature","properties":{"scope":"Bangko","osmId":675057437,"highway":"track","name":null},"geometry":{"type":"LineString","coordinates":[[100.8182273,2.2206265],[100.8180958,2.2206936],[100.8174961,2.221026],[100.8170765,2.2212463],[100.8166103,2.221475],[100.8164009,2.2215677],[100.8163465,2.2215961],[100.8163057,2.2216258],[100.8162463,2.2216678],[100.816198,2.2216962],[100.8161349,2.2217321],[100.8160867,2.2217481],[100.8160224,2.2217642],[100.8159259,2.2217828],[100.8158566,2.2218062],[100.8156908,2.2218631],[100.8156243,2.2218862],[100.8155118,2.2219373],[100.8152588,2.2220613],[100.8150917,2.2221518]]}},{"type":"Feature","properties":{"scope":"Bangko","osmId":675057438,"highway":"track","name":null},"geometry":{"type":"LineString","coordinates":[[100.8150917,2.2221518],[100.8150035,2.2222016]]}},{"type":"Feature","properties":{"scope":"Bangko","osmId":675060700,"highway":"residential","name":null},"geometry":{"type":"LineString","coordinates":[[100.8138339,2.1770984],[100.8135493,2.177142],[100.8130691,2.1772407]]}},{"type":"Feature","properties":{"scope":"Bangko","osmId":675060701,"highway":"residential","name":null},"geometry":{"type":"LineString","coordinates":[[100.8134685,2.1727259],[100.8152681,2.172672],[100.8162824,2.1726002]]}},{"type":"Feature","properties":{"scope":"Bangko","osmId":675060702,"highway":"residential","name":null},"geometry":{"type":"LineString","coordinates":[[100.8119381,2.1637412],[100.8119022,2.1645759],[100.8118663,2.1650247]]}},{"type":"Feature","properties":{"scope":"Bangko","osmId":675060703,"highway":"residential","name":null},"geometry":{"type":"LineString","coordinates":[[100.8105565,2.1541854],[100.811053,2.1541217],[100.8116803,2.154068],[100.8120728,2.1540529],[100.8126993,2.1540693]]}},{"type":"Feature","properties":{"scope":"Bangko","osmId":675060704,"highway":"residential","name":null},"geometry":{"type":"LineString","coordinates":[[100.8175286,2.1545615],[100.8175846,2.154724],[100.8176153,2.1548507],[100.8177068,2.1552275]]}},{"type":"Feature","properties":{"scope":"Bangko","osmId":675060705,"highway":"track","name":null},"geometry":{"type":"LineString","coordinates":[[100.8158281,2.1782965],[100.8161662,2.1782758],[100.816201,2.1782445],[100.8162007,2.178186],[100.816009,2.1764396]]}},{"type":"Feature","properties":{"scope":"Bangko","osmId":675060706,"highway":"residential","name":null},"geometry":{"type":"LineString","coordinates":[[100.8149705,2.1610848],[100.8149623,2.1615692],[100.8149603,2.1617284],[100.8149848,2.1618754],[100.8149946,2.1619065],[100.8150093,2.1619285],[100.8150288,2.161936],[100.8150543,2.1619387],[100.8151278,2.1619367],[100.815655,2.1619204],[100.8157101,2.1619367],[100.8157469,2.1619612],[100.8160371,2.1622471]]}},{"type":"Feature","properties":{"scope":"Bangko","osmId":675060707,"highway":"residential","name":null},"geometry":{"type":"LineString","coordinates":[[100.8155727,2.1611003],[100.8155887,2.1615417],[100.8155914,2.161571],[100.8156007,2.1615897],[100.8156274,2.161611],[100.8158023,2.161723],[100.8160665,2.1618964],[100.8161052,2.161907],[100.8161359,2.161907],[100.8161853,2.1619017],[100.8162446,2.1618964],[100.8165548,2.1618616],[100.8170989,2.1618251],[100.8173345,2.1618102],[100.8176281,2.1617986],[100.817711,2.1618135],[100.8179682,2.1618185],[100.8186998,2.1617969]]}},{"type":"Feature","properties":{"scope":"Bangko","osmId":675061930,"highway":"residential","name":null},"geometry":{"type":"LineString","coordinates":[[100.8130197,2.1409517],[100.8128133,2.140862],[100.8127897,2.1408527],[100.8123659,2.1406926]]}},{"type":"Feature","properties":{"scope":"Bangko","osmId":675061931,"highway":"residential","name":null},"geometry":{"type":"LineString","coordinates":[[100.8219506,2.117691],[100.8222101,2.1178215],[100.8224183,2.1179135],[100.8225672,2.1179879],[100.8226731,2.1180321]]}},{"type":"Feature","properties":{"scope":"Bangko","osmId":675061932,"highway":"residential","name":null},"geometry":{"type":"LineString","coordinates":[[100.8167809,2.1372597],[100.8169466,2.1367286],[100.8170073,2.1365118]]}},{"type":"Feature","properties":{"scope":"Bangko","osmId":675061933,"highway":"residential","name":null},"geometry":{"type":"LineString","coordinates":[[100.8224618,2.1201906],[100.8227494,2.1198228]]}},{"type":"Feature","properties":{"scope":"Bangko","osmId":675061935,"highway":"residential","name":null},"geometry":{"type":"LineString","coordinates":[[100.8178333,2.1270193],[100.8183088,2.1273511],[100.8186919,2.1276145]]}},{"type":"Feature","properties":{"scope":"Bangko","osmId":675061936,"highway":"residential","name":null},"geometry":{"type":"LineString","coordinates":[[100.8216589,2.1202177],[100.8219281,2.1198407],[100.8221525,2.1194907]]}},{"type":"Feature","properties":{"scope":"Bangko","osmId":675061938,"highway":"service","name":null},"geometry":{"type":"LineString","coordinates":[[100.8201356,2.1233458],[100.8196977,2.1232381]]}},{"type":"Feature","properties":{"scope":"Bangko","osmId":675061939,"highway":"residential","name":null},"geometry":{"type":"LineString","coordinates":[[100.8198143,2.1474816],[100.8201499,2.1470088]]}},{"type":"Feature","properties":{"scope":"Bangko","osmId":675061940,"highway":"residential","name":null},"geometry":{"type":"LineString","coordinates":[[100.8219775,2.1203658],[100.8222062,2.1200203],[100.8224442,2.1196388]]}},{"type":"Feature","properties":{"scope":"Bangko","osmId":675061941,"highway":"residential","name":null},"geometry":{"type":"LineString","coordinates":[[100.816255,2.136224],[100.8162625,2.1362074]]}},{"type":"Feature","properties":{"scope":"Bangko","osmId":675061943,"highway":"residential","name":null},"geometry":{"type":"LineString","coordinates":[[100.8181107,2.1486779],[100.8179609,2.1490927],[100.8178262,2.1493979],[100.8178009,2.149427],[100.8177679,2.1494428],[100.817539,2.1494248],[100.8173686,2.1493951],[100.8169735,2.1493261]]}},{"type":"Feature","properties":{"scope":"Bangko","osmId":675061944,"highway":"residential","name":null},"geometry":{"type":"LineString","coordinates":[[100.817015,2.1364876],[100.8170229,2.1364594]]}},{"type":"Feature","properties":{"scope":"Bangko","osmId":675061945,"highway":"residential","name":null},"geometry":{"type":"LineString","coordinates":[[100.8170073,2.1365118],[100.817015,2.1364876]]}},{"type":"Feature","properties":{"scope":"Bangko","osmId":675061946,"highway":"residential","name":null},"geometry":{"type":"LineString","coordinates":[[100.8162625,2.1362074],[100.8162779,2.1361653]]}},{"type":"Feature","properties":{"scope":"Bangko","osmId":675061947,"highway":"residential","name":null},"geometry":{"type":"LineString","coordinates":[[100.8162779,2.1361653],[100.8164125,2.1357907],[100.8164619,2.1356336],[100.8165151,2.1354662],[100.8166152,2.135152]]}},{"type":"Feature","properties":{"scope":"Bangko","osmId":812726156,"highway":"tertiary","name":"Jalan Perniagaan"},"geometry":{"type":"LineString","coordinates":[[100.8065477,2.1599338],[100.8064853,2.1594642],[100.8064592,2.1592168]]}},{"type":"Feature","properties":{"scope":"Bangko","osmId":812726157,"highway":"secondary","name":"Jalan Perniagaan"},"geometry":{"type":"LineString","coordinates":[[100.8067849,2.1707391],[100.8067822,2.1704819],[100.8067747,2.1697665],[100.8067667,2.1689997],[100.8067577,2.1681412],[100.8067367,2.1674661],[100.8067106,2.1661528],[100.8067097,2.1661063],[100.8067082,2.1658267],[100.8066599,2.1639689],[100.8066491,2.1633631],[100.8066323,2.1628618],[100.8066275,2.1626655],[100.8066198,2.1623649],[100.806618,2.1623006]]}},{"type":"Feature","properties":{"scope":"Bangko","osmId":812726158,"highway":"tertiary","name":null},"geometry":{"type":"LineString","coordinates":[[100.809537,2.144112],[100.8094679,2.1441886],[100.8093974,2.1442909],[100.8093117,2.1443853]]}},{"type":"Feature","properties":{"scope":"Bangko","osmId":812726159,"highway":"unclassified","name":null},"geometry":{"type":"LineString","coordinates":[[100.8068052,2.173208],[100.806832,2.1736904],[100.806838,2.1737851],[100.8068803,2.174457],[100.8069194,2.1752651],[100.8069393,2.1757194],[100.8069449,2.1757843],[100.8069581,2.1759365],[100.807015,2.1762962]]}},{"type":"Feature","properties":{"scope":"Bangko","osmId":812726160,"highway":"residential","name":"Jalan Sekip"},"geometry":{"type":"LineString","coordinates":[[100.809466,2.1482262],[100.8084655,2.1480372]]}},{"type":"Feature","properties":{"scope":"Bangko","osmId":812726161,"highway":"residential","name":"Jalan Pelabuhan Baru"},"geometry":{"type":"LineString","coordinates":[[100.805157,2.159643],[100.8051556,2.1609944]]}},{"type":"Feature","properties":{"scope":"Bangko","osmId":812726162,"highway":"residential","name":"Jalan Sungai Garam"},"geometry":{"type":"LineString","coordinates":[[100.8051556,2.1609944],[100.8051717,2.162452]]}},{"type":"Feature","properties":{"scope":"Bangko","osmId":812726163,"highway":"unclassified","name":"Jalan Pulau Baru"},"geometry":{"type":"LineString","coordinates":[[100.8108595,2.1757104],[100.8096644,2.1758574],[100.8086038,2.1760125]]}},{"type":"Feature","properties":{"scope":"Bangko","osmId":812730739,"highway":"residential","name":null},"geometry":{"type":"LineString","coordinates":[[100.808676,2.1688431],[100.8094472,2.1688458]]}},{"type":"Feature","properties":{"scope":"Bangko","osmId":812730740,"highway":"residential","name":null},"geometry":{"type":"LineString","coordinates":[[100.8056988,2.1539246],[100.8060274,2.1539581]]}},{"type":"Feature","properties":{"scope":"Bangko","osmId":812730741,"highway":"residential","name":"Jalan Sumatera"},"geometry":{"type":"LineString","coordinates":[[100.8065226,2.1623411],[100.8066198,2.1623649]]}},{"type":"Feature","properties":{"scope":"Bangko","osmId":812730742,"highway":"residential","name":null},"geometry":{"type":"LineString","coordinates":[[100.8095907,2.1623249],[100.8095934,2.1622533]]}},{"type":"Feature","properties":{"scope":"Bangko","osmId":812730743,"highway":"residential","name":"Jalan Mawar"},"geometry":{"type":"LineString","coordinates":[[100.8086268,2.1597975],[100.8086281,2.1598571]]}},{"type":"Feature","properties":{"scope":"Bangko","osmId":812730744,"highway":"residential","name":"Jalan Mawar"},"geometry":{"type":"LineString","coordinates":[[100.8086988,2.1598323],[100.8086968,2.1597854]]}},{"type":"Feature","properties":{"scope":"Bangko","osmId":812730745,"highway":"residential","name":"Jalan Mawar"},"geometry":{"type":"LineString","coordinates":[[100.8086281,2.1598571],[100.8086345,2.1599687],[100.8086558,2.1609816],[100.8086882,2.1622388],[100.80869,2.162307]]}},{"type":"Feature","properties":{"scope":"Bangko","osmId":812739602,"highway":"residential","name":null},"geometry":{"type":"LineString","coordinates":[[100.7986643,2.1606463],[100.7987317,2.1593897]]}},{"type":"Feature","properties":{"scope":"Bangko","osmId":812739603,"highway":"residential","name":null},"geometry":{"type":"LineString","coordinates":[[100.8067747,2.1697665],[100.8074194,2.1698389],[100.807459,2.1698295],[100.8074818,2.1698074],[100.8074918,2.1697765],[100.8074848,2.1695905]]}},{"type":"Feature","properties":{"scope":"Bangko","osmId":812739604,"highway":"residential","name":null},"geometry":{"type":"LineString","coordinates":[[100.7912183,2.1521806],[100.7914871,2.1524879]]}},{"type":"Feature","properties":{"scope":"Bangko","osmId":812739605,"highway":"service","name":null},"geometry":{"type":"LineString","coordinates":[[100.7866792,2.1562286],[100.7873109,2.1561854]]}},{"type":"Feature","properties":{"scope":"Bangko","osmId":812739606,"highway":"service","name":null},"geometry":{"type":"LineString","coordinates":[[100.7848575,2.1538681],[100.7850578,2.1538656],[100.7851799,2.1538683],[100.7852389,2.1538602],[100.7854334,2.153816],[100.7855406,2.1537825],[100.7856251,2.1537638],[100.7858987,2.1537544],[100.7865974,2.1537986],[100.786635,2.1538033],[100.7866538,2.153816],[100.7866598,2.1538348],[100.7866564,2.1546268]]}},{"type":"Feature","properties":{"scope":"Bangko","osmId":812739607,"highway":"service","name":null},"geometry":{"type":"LineString","coordinates":[[100.7947969,2.1663009],[100.7947916,2.1662694],[100.7947956,2.1662587],[100.7948023,2.1662553],[100.7948948,2.1662546],[100.7949069,2.1662453],[100.7949103,2.1662185],[100.7949083,2.1645457]]}},{"type":"Feature","properties":{"scope":"Bangko","osmId":812739608,"highway":"path","name":null},"geometry":{"type":"LineString","coordinates":[[100.7925761,2.1645323],[100.7924809,2.1660972]]}},{"type":"Feature","properties":{"scope":"Bangko","osmId":812739609,"highway":"residential","name":null},"geometry":{"type":"LineString","coordinates":[[100.792678,2.1645328],[100.7926726,2.1635777],[100.792672,2.1635496],[100.79267,2.1635388],[100.7926626,2.1635328],[100.7923776,2.1635187],[100.7923635,2.1635194],[100.7923545,2.1635227],[100.7923498,2.1635348],[100.7923608,2.1638209]]}},{"type":"Feature","properties":{"scope":"Bangko","osmId":812739610,"highway":"residential","name":null},"geometry":{"type":"LineString","coordinates":[[100.7924795,2.1645319],[100.7925761,2.1645323],[100.792678,2.1645328],[100.7936034,2.1645372],[100.7949083,2.1645457],[100.7952636,2.164548],[100.7961069,2.1645811]]}},{"type":"Feature","properties":{"scope":"Bangko","osmId":812739611,"highway":"residential","name":null},"geometry":{"type":"LineString","coordinates":[[100.7982027,2.1590345],[100.7993352,2.1582841],[100.7996321,2.1581011]]}},{"type":"Feature","properties":{"scope":"Bangko","osmId":812739612,"highway":"residential","name":null},"geometry":{"type":"LineString","coordinates":[[100.7967684,2.159241],[100.7973048,2.1589113],[100.7979834,2.1584074],[100.7986379,2.1580027],[100.7992254,2.1575704]]}},{"type":"Feature","properties":{"scope":"Bangko","osmId":812739613,"highway":"service","name":null},"geometry":{"type":"LineString","coordinates":[[100.7956894,2.1529677],[100.7960656,2.1526983]]}},{"type":"Feature","properties":{"scope":"Bangko","osmId":812739614,"highway":"residential","name":null},"geometry":{"type":"LineString","coordinates":[[100.7951617,2.1535373],[100.7957593,2.15306]]}},{"type":"Feature","properties":{"scope":"Bangko","osmId":812739615,"highway":"residential","name":null},"geometry":{"type":"LineString","coordinates":[[100.7901314,2.1526513],[100.7906409,2.1522775],[100.7909359,2.1520443],[100.790956,2.1520323],[100.7909735,2.1520283],[100.7909902,2.1520329],[100.7911798,2.1522137]]}},{"type":"Feature","properties":{"scope":"Bangko","osmId":812739616,"highway":"residential","name":null},"geometry":{"type":"LineString","coordinates":[[100.7902372,2.1527908],[100.7901314,2.1526513],[100.789855,2.1522869]]}},{"type":"Feature","properties":{"scope":"Bangko","osmId":812739617,"highway":"residential","name":null},"geometry":{"type":"LineString","coordinates":[[100.7894118,2.1532942],[100.7900307,2.1529329],[100.7902372,2.1527908],[100.7903506,2.1529254]]}},{"type":"Feature","properties":{"scope":"Bangko","osmId":812739618,"highway":"residential","name":null},"geometry":{"type":"LineString","coordinates":[[100.789175,2.1528457],[100.7894118,2.1532942],[100.7895705,2.153595]]}},{"type":"Feature","properties":{"scope":"Bangko","osmId":812739619,"highway":"residential","name":null},"geometry":{"type":"LineString","coordinates":[[100.8071619,2.1476808],[100.807669,2.147738]]}},{"type":"Feature","properties":{"scope":"Bangko","osmId":812739620,"highway":"residential","name":null},"geometry":{"type":"LineString","coordinates":[[100.806891,2.147193],[100.807398,2.1472707]]}},{"type":"Feature","properties":{"scope":"Bangko","osmId":812739621,"highway":"residential","name":null},"geometry":{"type":"LineString","coordinates":[[100.8067679,2.1481045],[100.806891,2.147193],[100.8070368,2.1463549]]}},{"type":"Feature","properties":{"scope":"Bangko","osmId":812739622,"highway":"residential","name":null},"geometry":{"type":"LineString","coordinates":[[100.8088913,2.1458326],[100.8097476,2.1460511]]}},{"type":"Feature","properties":{"scope":"Bangko","osmId":812739623,"highway":"residential","name":null},"geometry":{"type":"LineString","coordinates":[[100.8096635,2.1553919],[100.8103216,2.1553224]]}},{"type":"Feature","properties":{"scope":"Bangko","osmId":812739624,"highway":"residential","name":null},"geometry":{"type":"LineString","coordinates":[[100.8111259,2.1626986],[100.8115956,2.16272]]}},{"type":"Feature","properties":{"scope":"Bangko","osmId":812739625,"highway":"service","name":null},"geometry":{"type":"LineString","coordinates":[[100.8103316,2.1669775],[100.8108366,2.1669709]]}},{"type":"Feature","properties":{"scope":"Bangko","osmId":812757486,"highway":"service","name":null},"geometry":{"type":"LineString","coordinates":[[100.805271,2.1458099],[100.8052627,2.145516]]}},{"type":"Feature","properties":{"scope":"Bangko","osmId":812757487,"highway":"residential","name":null},"geometry":{"type":"LineString","coordinates":[[100.7984447,2.1627012],[100.7984853,2.1621036]]}},{"type":"Feature","properties":{"scope":"Bangko","osmId":812757488,"highway":"residential","name":null},"geometry":{"type":"LineString","coordinates":[[100.8090568,2.1623087],[100.8090595,2.1622409]]}},{"type":"Feature","properties":{"scope":"Bangko","osmId":812757489,"highway":"residential","name":null},"geometry":{"type":"LineString","coordinates":[[100.8067667,2.1689997],[100.8074932,2.168973]]}},{"type":"Feature","properties":{"scope":"Bangko","osmId":813754730,"highway":"residential","name":"Jalan Dokter Protomo"},"geometry":{"type":"LineString","coordinates":[[100.8086968,2.1597854],[100.8086691,2.1597057]]}},{"type":"Feature","properties":{"scope":"Bangko","osmId":813754731,"highway":"residential","name":"Jalan Dokter Protomo"},"geometry":{"type":"LineString","coordinates":[[100.8086691,2.1597057],[100.8086268,2.1597975]]}},{"type":"Feature","properties":{"scope":"Bangko","osmId":814142482,"highway":"tertiary","name":"Jalan Pulau Baru"},"geometry":{"type":"LineString","coordinates":[[100.8004725,2.1607346],[100.8005691,2.1595465],[100.8005878,2.159442],[100.8006197,2.1592982]]}},{"type":"Feature","properties":{"scope":"Bangko","osmId":814142483,"highway":"unclassified","name":"Jalan Pelabuhan Nelayan"},"geometry":{"type":"LineString","coordinates":[[100.7800862,2.1595709],[100.7801497,2.1595748],[100.7805954,2.1596024],[100.7827567,2.1597181],[100.783132,2.1597382],[100.7846102,2.1598346],[100.7852348,2.1598753]]}},{"type":"Feature","properties":{"scope":"Bangko","osmId":814142484,"highway":"residential","name":null},"geometry":{"type":"LineString","coordinates":[[100.7816139,2.1510339],[100.7821884,2.1511859]]}},{"type":"Feature","properties":{"scope":"Bangko","osmId":814142485,"highway":"residential","name":null},"geometry":{"type":"LineString","coordinates":[[100.7846099,2.1602541],[100.7846102,2.1598346]]}},{"type":"Feature","properties":{"scope":"Bangko","osmId":814142486,"highway":"residential","name":null},"geometry":{"type":"LineString","coordinates":[[100.7802567,2.15644],[100.7805644,2.156486]]}},{"type":"Feature","properties":{"scope":"Bangko","osmId":814142487,"highway":"residential","name":null},"geometry":{"type":"LineString","coordinates":[[100.7812437,2.1522454],[100.7817835,2.1524197]]}},{"type":"Feature","properties":{"scope":"Bangko","osmId":814142488,"highway":"service","name":null},"geometry":{"type":"LineString","coordinates":[[100.7804176,2.1627361],[100.7809195,2.1625986]]}},{"type":"Feature","properties":{"scope":"Bangko","osmId":814142489,"highway":"service","name":null},"geometry":{"type":"LineString","coordinates":[[100.7800676,2.1621397],[100.78036,2.1620982],[100.7805115,2.1620754],[100.7806081,2.1620687],[100.7806832,2.1620687],[100.7807355,2.1620848],[100.780777,2.1621089],[100.7808186,2.1621504],[100.7808857,2.1622965]]}},{"type":"Feature","properties":{"scope":"Bangko","osmId":814142490,"highway":"service","name":null},"geometry":{"type":"LineString","coordinates":[[100.7799858,2.1634678],[100.7804298,2.1634333]]}},{"type":"Feature","properties":{"scope":"Bangko","osmId":816091237,"highway":"residential","name":null},"geometry":{"type":"LineString","coordinates":[[100.7939462,2.1739915],[100.7933995,2.1765074],[100.7932949,2.1770542]]}},{"type":"Feature","properties":{"scope":"Bangko","osmId":816091238,"highway":"service","name":null},"geometry":{"type":"LineString","coordinates":[[100.7965086,2.190127],[100.7963124,2.1891153]]}},{"type":"Feature","properties":{"scope":"Bangko","osmId":816091239,"highway":"residential","name":null},"geometry":{"type":"LineString","coordinates":[[100.8100641,2.1929159],[100.811381,2.1927578],[100.8127275,2.1926881]]}},{"type":"Feature","properties":{"scope":"Bangko","osmId":816091240,"highway":"residential","name":null},"geometry":{"type":"LineString","coordinates":[[100.8072124,2.1817959],[100.8071351,2.1813855],[100.8070734,2.180895],[100.8070037,2.1796165],[100.807001,2.179118],[100.8070392,2.1786131]]}},{"type":"Feature","properties":{"scope":"Bangko","osmId":816091241,"highway":"residential","name":null},"geometry":{"type":"LineString","coordinates":[[100.80846,2.1740678],[100.8079277,2.1741554]]}},{"type":"Feature","properties":{"scope":"Bangko","osmId":816100843,"highway":"service","name":null},"geometry":{"type":"LineString","coordinates":[[100.8005664,2.1897613],[100.7985843,2.1899375]]}},{"type":"Feature","properties":{"scope":"Bangko","osmId":816101484,"highway":"residential","name":null},"geometry":{"type":"LineString","coordinates":[[100.8109071,2.1972522],[100.8119215,2.1970944],[100.8131869,2.196903]]}},{"type":"Feature","properties":{"scope":"Bangko","osmId":816160493,"highway":"service","name":null},"geometry":{"type":"LineString","coordinates":[[100.8165523,2.1878047],[100.8165188,2.1869189]]}},{"type":"Feature","properties":{"scope":"Bangko","osmId":817096206,"highway":"residential","name":null},"geometry":{"type":"LineString","coordinates":[[100.8222916,2.1204511],[100.8224618,2.1201906]]}},{"type":"Feature","properties":{"scope":"Bangko","osmId":817096207,"highway":"residential","name":null},"geometry":{"type":"LineString","coordinates":[[100.8130043,2.1411526],[100.8137682,2.1414825]]}},{"type":"Feature","properties":{"scope":"Bangko","osmId":817096212,"highway":"residential","name":null},"geometry":{"type":"LineString","coordinates":[[100.8216257,2.1196325],[100.8217116,2.1196912]]}},{"type":"Feature","properties":{"scope":"Bangko","osmId":817096213,"highway":"residential","name":null},"geometry":{"type":"LineString","coordinates":[[100.8197948,2.124372],[100.8198726,2.1244279]]}},{"type":"Feature","properties":{"scope":"Bangko","osmId":817096214,"highway":"residential","name":null},"geometry":{"type":"LineString","coordinates":[[100.8186899,2.1257223],[100.8187658,2.1257763]]}},{"type":"Feature","properties":{"scope":"Bangko","osmId":817096215,"highway":"secondary_link","name":null},"geometry":{"type":"LineString","coordinates":[[100.8148589,2.1339489],[100.8149286,2.1339826]]}},{"type":"Feature","properties":{"scope":"Bangko","osmId":817096216,"highway":"secondary_link","name":null},"geometry":{"type":"LineString","coordinates":[[100.8139627,2.1384701],[100.8140261,2.1384866]]}},{"type":"Feature","properties":{"scope":"Bangko","osmId":817096217,"highway":"secondary_link","name":null},"geometry":{"type":"LineString","coordinates":[[100.8135009,2.1398372],[100.8135696,2.1398643]]}},{"type":"Feature","properties":{"scope":"Bangko","osmId":817099165,"highway":"residential","name":null},"geometry":{"type":"LineString","coordinates":[[100.8154204,2.1326525],[100.8158764,2.1328277]]}},{"type":"Feature","properties":{"scope":"Bangko","osmId":817099166,"highway":"service","name":null},"geometry":{"type":"LineString","coordinates":[[100.8134693,2.1401075],[100.8136649,2.1401598],[100.8136799,2.1401633],[100.8136941,2.1401634],[100.8137107,2.1401591],[100.8137226,2.1401517],[100.8137276,2.1401454],[100.813787,2.1399587]]}},{"type":"Feature","properties":{"scope":"Bangko","osmId":817099167,"highway":"residential","name":null},"geometry":{"type":"LineString","coordinates":[[100.8127897,2.1408527],[100.8128875,2.1406365]]}},{"type":"Feature","properties":{"scope":"Bangko","osmId":817099168,"highway":"residential","name":null},"geometry":{"type":"LineString","coordinates":[[100.8124928,2.1404814],[100.8128875,2.1406365],[100.8131219,2.1407286]]}},{"type":"Feature","properties":{"scope":"Bangko","osmId":817099169,"highway":"residential","name":null},"geometry":{"type":"LineString","coordinates":[[100.8208641,2.121161],[100.821375,2.1212941]]}},{"type":"Feature","properties":{"scope":"Bangko","osmId":817125463,"highway":"residential","name":null},"geometry":{"type":"LineString","coordinates":[[100.8133256,2.1491952],[100.8134004,2.1491998]]}},{"type":"Feature","properties":{"scope":"Bangko","osmId":817125465,"highway":"residential","name":null},"geometry":{"type":"LineString","coordinates":[[100.8199735,2.1581313],[100.8199158,2.1575551],[100.8198729,2.1569573],[100.8197978,2.1562685]]}},{"type":"Feature","properties":{"scope":"Bangko","osmId":817125466,"highway":"residential","name":null},"geometry":{"type":"LineString","coordinates":[[100.8151884,2.1610971],[100.8151831,2.1607165],[100.815171,2.1603332]]}},{"type":"Feature","properties":{"scope":"Bangko","osmId":817125467,"highway":"residential","name":null},"geometry":{"type":"LineString","coordinates":[[100.8139023,2.1679305],[100.8140579,2.1673837],[100.8141035,2.1671371],[100.8141223,2.1669147],[100.8141544,2.1666064],[100.8141839,2.1663424]]}},{"type":"Feature","properties":{"scope":"Bangko","osmId":817127126,"highway":"residential","name":null},"geometry":{"type":"LineString","coordinates":[[100.8198012,2.14766],[100.8198334,2.1475575]]}},{"type":"Feature","properties":{"scope":"Bangko","osmId":817127127,"highway":"residential","name":null},"geometry":{"type":"LineString","coordinates":[[100.8198334,2.1475575],[100.8198691,2.1475026]]}},{"type":"Feature","properties":{"scope":"Bangko","osmId":817127128,"highway":"residential","name":null},"geometry":{"type":"LineString","coordinates":[[100.8197951,2.1476861],[100.8198012,2.14766]]}},{"type":"Feature","properties":{"scope":"Bangko","osmId":817127129,"highway":"residential","name":null},"geometry":{"type":"LineString","coordinates":[[100.8210813,2.1481301],[100.8210735,2.148147]]}},{"type":"Feature","properties":{"scope":"Bangko","osmId":817127130,"highway":"residential","name":null},"geometry":{"type":"LineString","coordinates":[[100.8211583,2.1479977],[100.8211309,2.148045]]}},{"type":"Feature","properties":{"scope":"Bangko","osmId":817127131,"highway":"residential","name":null},"geometry":{"type":"LineString","coordinates":[[100.8211309,2.148045],[100.8210813,2.1481301]]}},{"type":"Feature","properties":{"scope":"Bangko","osmId":817127138,"highway":"residential","name":null},"geometry":{"type":"LineString","coordinates":[[100.8147318,2.1458521],[100.814768,2.145757]]}},{"type":"Feature","properties":{"scope":"Bangko","osmId":817127139,"highway":"residential","name":null},"geometry":{"type":"LineString","coordinates":[[100.8147225,2.1458798],[100.8147318,2.1458521]]}},{"type":"Feature","properties":{"scope":"Bangko","osmId":817127140,"highway":"residential","name":null},"geometry":{"type":"LineString","coordinates":[[100.8172749,2.1467577],[100.8172694,2.1467722]]}},{"type":"Feature","properties":{"scope":"Bangko","osmId":817127141,"highway":"residential","name":null},"geometry":{"type":"LineString","coordinates":[[100.8173437,2.1466039],[100.8173154,2.1466705]]}},{"type":"Feature","properties":{"scope":"Bangko","osmId":817127142,"highway":"residential","name":null},"geometry":{"type":"LineString","coordinates":[[100.8173154,2.1466705],[100.8172749,2.1467577]]}},{"type":"Feature","properties":{"scope":"Bangko","osmId":817127971,"highway":"residential","name":null},"geometry":{"type":"LineString","coordinates":[[100.8186398,2.1471085],[100.8186062,2.1472231]]}},{"type":"Feature","properties":{"scope":"Bangko","osmId":817127972,"highway":"residential","name":null},"geometry":{"type":"LineString","coordinates":[[100.8186062,2.1472231],[100.8185986,2.1472466],[100.8181107,2.1486779]]}},{"type":"Feature","properties":{"scope":"Bangko","osmId":817445104,"highway":"tertiary_link","name":null},"geometry":{"type":"LineString","coordinates":[[100.7860631,2.1418637],[100.7861244,2.1419345]]}},{"type":"Feature","properties":{"scope":"Bangko","osmId":817445105,"highway":"service","name":null},"geometry":{"type":"LineString","coordinates":[[100.78601,2.1414273],[100.7856292,2.1412373],[100.7853341,2.1410496],[100.7852349,2.1409773]]}},{"type":"Feature","properties":{"scope":"Bangko","osmId":817445106,"highway":"service","name":null},"geometry":{"type":"LineString","coordinates":[[100.7854803,2.1395272],[100.7854629,2.1395754],[100.7854615,2.1395996],[100.7854722,2.139625],[100.7854977,2.1396545],[100.7856359,2.1397322],[100.7856439,2.1397483],[100.7856503,2.1397678],[100.7856466,2.1397966],[100.7854686,2.1401226],[100.7854292,2.1401904]]}},{"type":"Feature","properties":{"scope":"Bangko","osmId":817447387,"highway":"residential","name":null},"geometry":{"type":"LineString","coordinates":[[100.784229,2.1421486],[100.7845174,2.1422544],[100.7846662,2.1422705],[100.784732,2.1422611],[100.7847856,2.1422444],[100.7848124,2.1422276],[100.7848272,2.1422116],[100.78485,2.1421754],[100.7848597,2.142162],[100.7848729,2.1421548],[100.7848868,2.1421499]]}},{"type":"Feature","properties":{"scope":"Bangko","osmId":821283929,"highway":"primary","name":"Jalan Bagan Siapiapi - Sinaboi"},"geometry":{"type":"LineString","coordinates":[[100.812588,2.2089946],[100.8129126,2.2093967],[100.8140811,2.210917],[100.8145013,2.2114637]]}},{"type":"Feature","properties":{"scope":"Bangko","osmId":821283930,"highway":"primary","name":"Jalan Bagansiapiapi - Sinaboi"},"geometry":{"type":"LineString","coordinates":[[100.8125063,2.2088767],[100.812588,2.2089946]]}},{"type":"Feature","properties":{"scope":"Bangko","osmId":821283931,"highway":"primary","name":"Jalan Bintang"},"geometry":{"type":"LineString","coordinates":[[100.8119524,2.2050775],[100.8119711,2.2052531],[100.812014,2.2055747],[100.8120435,2.2058534],[100.8120476,2.2060745],[100.8120382,2.2063091],[100.8119389,2.207223],[100.8119336,2.2074066],[100.8119416,2.207542],[100.8119617,2.2077014],[100.81201,2.2078783],[100.8120583,2.2080257],[100.8121937,2.2083621],[100.8122876,2.2085417],[100.8124751,2.208825],[100.8124906,2.2088507],[100.8125063,2.2088767]]}},{"type":"Feature","properties":{"scope":"Bangko","osmId":821283932,"highway":"primary","name":"Jalan Bintang"},"geometry":{"type":"LineString","coordinates":[[100.8119379,2.2049532],[100.8119524,2.2050775]]}},{"type":"Feature","properties":{"scope":"Bangko","osmId":821285591,"highway":"service","name":null},"geometry":{"type":"LineString","coordinates":[[100.8119711,2.2052531],[100.8115675,2.2053308]]}},{"type":"Feature","properties":{"scope":"Bangko","osmId":821285592,"highway":"residential","name":null},"geometry":{"type":"LineString","coordinates":[[100.8118397,2.2090858],[100.8124906,2.2088507]]}},{"type":"Feature","properties":{"scope":"Bangko","osmId":821337223,"highway":"residential","name":null},"geometry":{"type":"LineString","coordinates":[[100.8198726,2.1244279],[100.8202162,2.1246486]]}},{"type":"Feature","properties":{"scope":"Bangko","osmId":821338453,"highway":"residential","name":null},"geometry":{"type":"LineString","coordinates":[[100.817098,2.1280366],[100.8170957,2.1280511],[100.8170948,2.1280687],[100.8170955,2.1280814],[100.8170965,2.128091],[100.8170979,2.1280963],[100.8171003,2.1281002]]}},{"type":"Feature","properties":{"scope":"Bangko","osmId":821338454,"highway":"residential","name":null},"geometry":{"type":"LineString","coordinates":[[100.8171448,2.1278212],[100.8171808,2.1278492],[100.8171817,2.1278544],[100.8171822,2.1278595],[100.8171817,2.1278637],[100.8171806,2.1278677],[100.8171257,2.1279715],[100.817098,2.1280366]]}},{"type":"Feature","properties":{"scope":"Bangko","osmId":821437947,"highway":"residential","name":null},"geometry":{"type":"LineString","coordinates":[[100.8196478,2.1204452],[100.8195806,2.1204122]]}},{"type":"Feature","properties":{"scope":"Bangko","osmId":821437948,"highway":"residential","name":null},"geometry":{"type":"LineString","coordinates":[[100.8209215,2.1208734],[100.8206453,2.1207888],[100.8196478,2.1204452]]}},{"type":"Feature","properties":{"scope":"Bangko","osmId":821850936,"highway":"residential","name":null},"geometry":{"type":"LineString","coordinates":[[100.8144663,2.1357204],[100.8145069,2.1357202]]}},{"type":"Feature","properties":{"scope":"Bangko","osmId":821850937,"highway":"tertiary","name":null},"geometry":{"type":"LineString","coordinates":[[100.8209215,2.1208734],[100.8209859,2.1208945]]}},{"type":"Feature","properties":{"scope":"Bangko","osmId":821850938,"highway":"secondary_link","name":null},"geometry":{"type":"LineString","coordinates":[[100.8135067,2.1400217],[100.8134376,2.1399981]]}},{"type":"Feature","properties":{"scope":"Bangko","osmId":823677113,"highway":"residential","name":"Jalan Pusara Hilir"},"geometry":{"type":"LineString","coordinates":[[100.8155411,2.2073476],[100.815568,2.2073885]]}},{"type":"Feature","properties":{"scope":"Bangko","osmId":823677114,"highway":"residential","name":"Jalan Pusara Hilir"},"geometry":{"type":"LineString","coordinates":[[100.815568,2.2073885],[100.8155885,2.207418],[100.815629,2.207479],[100.8159448,2.2079574],[100.8171451,2.209721],[100.8171572,2.2097431],[100.8171699,2.2097739],[100.8171753,2.2098014],[100.8171639,2.2098436],[100.8171357,2.2098831],[100.8171035,2.2099113],[100.8170485,2.2099488],[100.8145013,2.2114637]]}},{"type":"Feature","properties":{"scope":"Bangko","osmId":824524144,"highway":"service","name":null},"geometry":{"type":"LineString","coordinates":[[100.7852493,2.140046],[100.7852464,2.1400638],[100.7852464,2.1400757],[100.7852511,2.1400859],[100.7852619,2.1400959],[100.7854292,2.1401904],[100.7858336,2.1404102],[100.7861307,2.1405739],[100.7862568,2.1406596],[100.7863134,2.1407063],[100.7863701,2.1407748],[100.7867003,2.141183]]}},{"type":"Feature","properties":{"scope":"Bangko","osmId":824831759,"highway":"tertiary","name":null},"geometry":{"type":"LineString","coordinates":[[100.7867417,2.1413383],[100.7867721,2.1413448],[100.786803,2.1413416],[100.7868315,2.1413291],[100.7868546,2.1413083],[100.7868702,2.1412814],[100.7868767,2.141251],[100.7868736,2.1412201],[100.786861,2.1411917],[100.7868402,2.1411686],[100.7868133,2.141153]]}},{"type":"Feature","properties":{"scope":"Bangko","osmId":827298437,"highway":"service","name":null},"geometry":{"type":"LineString","coordinates":[[100.7821715,2.1752623],[100.7835142,2.1747773],[100.7836282,2.1747558],[100.7836805,2.1747733],[100.7837261,2.1748148],[100.7837355,2.174859],[100.7837369,2.1749381],[100.7837369,2.1750105],[100.7838643,2.1776063]]}},{"type":"Feature","properties":{"scope":"Bangko","osmId":1197280793,"highway":"residential","name":null},"geometry":{"type":"LineString","coordinates":[[100.809625,2.1547284],[100.8092742,2.1547823]]}},{"type":"Feature","properties":{"scope":"Bangko","osmId":1309046037,"highway":"secondary","name":"Jalan Pahlawan"},"geometry":{"type":"LineString","coordinates":[[100.8102237,2.1648897],[100.8101724,2.1638329],[100.810121,2.1630232],[100.8100723,2.1623934],[100.810073,2.1622641],[100.8099943,2.1609903],[100.8098978,2.1595613]]}},{"type":"Feature","properties":{"scope":"Bangko","osmId":1309046039,"highway":"residential","name":"Jalan Sumatera"},"geometry":{"type":"LineString","coordinates":[[100.806618,2.1623006],[100.8065766,2.1623182],[100.8065226,2.1623411]]}},{"type":"Feature","properties":{"scope":"Bangko","osmId":1309046040,"highway":"secondary","name":"Jalan Perniagaan"},"geometry":{"type":"LineString","coordinates":[[100.806618,2.1623006],[100.8065827,2.1610667],[100.8065477,2.1599338]]}},{"type":"Feature","properties":{"scope":"Bangko","osmId":1309046041,"highway":"unclassified","name":"Jalan Pulau Baru"},"geometry":{"type":"LineString","coordinates":[[100.8086038,2.1760125],[100.807015,2.1762962],[100.8059782,2.1764867],[100.8057269,2.1765262],[100.8051664,2.1765851],[100.8048955,2.1766066],[100.8047104,2.1765958],[100.8043724,2.1765074],[100.8039942,2.1764323],[100.8033344,2.1763493],[100.8025566,2.1762528],[100.8021033,2.1761777],[100.8015937,2.1760357],[100.8007514,2.1757114],[100.8004725,2.1755639],[100.7999951,2.1753924],[100.799244,2.1751967]]}},{"type":"Feature","properties":{"scope":"Bangko","osmId":1309046042,"highway":"unclassified","name":"Jalan Pulau Baru"},"geometry":{"type":"LineString","coordinates":[[100.799244,2.1751967],[100.7994292,2.1741607]]}},{"type":"Feature","properties":{"scope":"Bangko","osmId":1359934202,"highway":"tertiary","name":null},"geometry":{"type":"LineString","coordinates":[[100.7966034,2.1123349],[100.7961327,2.1127209],[100.7957612,2.1130238],[100.7955238,2.113202],[100.7952583,2.1133977],[100.7948492,2.1136899],[100.7945931,2.1138748],[100.7942471,2.1141469],[100.7940164,2.1143385],[100.7938233,2.1145181],[100.7935497,2.1148357],[100.7927129,2.1157122],[100.7922757,2.1161464],[100.7920732,2.1163434],[100.791408,2.1170149],[100.7907616,2.1176997],[100.7906945,2.1177721],[100.7900588,2.1184583],[100.7896337,2.1189314],[100.7894164,2.1191967],[100.7892609,2.1194621],[100.7891535,2.1197033],[100.7890758,2.1199552],[100.7889792,2.120435],[100.7889068,2.1208853],[100.7888827,2.1212123],[100.7888773,2.1214268],[100.7888827,2.1217055],[100.7889444,2.1221907],[100.7889551,2.1225043],[100.7889578,2.1227669],[100.7888398,2.1241286],[100.7887807,2.1248603],[100.7887459,2.125123],[100.7886788,2.1254473],[100.7885635,2.1259298],[100.7884696,2.1263292],[100.7884106,2.1266669],[100.7881343,2.128771],[100.7877776,2.1315317],[100.7877696,2.1317703],[100.7877803,2.1320732],[100.7878017,2.1322876],[100.7878822,2.1326146],[100.7889993,2.135957],[100.7890061,2.1359992],[100.789008,2.1360401],[100.788994,2.1361004],[100.7888491,2.136481],[100.7888304,2.1365467],[100.7888237,2.1365922],[100.7888344,2.1366378],[100.7888679,2.1366874],[100.7889524,2.1367544],[100.7889967,2.1367825],[100.7895358,2.1371162],[100.789576,2.1371484],[100.7895961,2.1371859],[100.7895948,2.1372355],[100.789572,2.1372838],[100.789401,2.1375153],[100.7893682,2.1375679]]}},{"type":"Feature","properties":{"scope":"Kubu","osmId":276626057,"highway":"unclassified","name":null},"geometry":{"type":"LineString","coordinates":[[100.6203793,2.0543574],[100.6201593,2.0543691],[100.6198648,2.0544159],[100.6197373,2.0544398],[100.6196402,2.0544325],[100.6194045,2.0543464],[100.6190042,2.0541561],[100.6186631,2.0540574],[100.6182816,2.0539676],[100.6179451,2.0538554],[100.6177476,2.0537433],[100.6175681,2.0536041],[100.6173616,2.0535009],[100.6168231,2.0533483],[100.6163967,2.0531957],[100.6161768,2.0531598],[100.6159345,2.0531509],[100.6154812,2.0532047],[100.6152927,2.0532137],[100.6149786,2.0532586],[100.6147317,2.0533124],[100.6144445,2.0534201],[100.6143592,2.053465],[100.6139688,2.0537971],[100.6130443,2.0543312],[100.6129097,2.054385],[100.6126763,2.0544478],[100.6121512,2.0545286],[100.6119089,2.054587],[100.6117069,2.0546633],[100.611294,2.0548518],[100.6108901,2.0550088],[100.6106926,2.0550447],[100.6103561,2.0550717],[100.6097053,2.0551569],[100.6093912,2.0552108],[100.608759,2.055183],[100.6085564,2.0556416],[100.6084308,2.0561353],[100.6082782,2.056602],[100.6082243,2.0568937],[100.6081839,2.0573291],[100.6081435,2.057549],[100.6077746,2.0584235],[100.6077004,2.0586101],[100.6069967,2.0584958],[100.6067151,2.0584314],[100.6064361,2.0583993],[100.6062457,2.0583725],[100.6060497,2.0583585],[100.605838,2.0583537],[100.6055805,2.0583456],[100.6051433,2.058343],[100.6042181,2.0583056],[100.60377,2.0582867],[100.6033409,2.0582679],[100.6030955,2.0582557],[100.602539,2.0582279],[100.6022814,2.0582143],[100.6019971,2.0581929],[100.6015277,2.0581607],[100.6007096,2.058083],[100.5989581,2.057965],[100.5980167,2.0579141],[100.5978687,2.0579054],[100.5970591,2.0578578],[100.5966058,2.057831],[100.5961391,2.0578149],[100.5952149,2.0577916],[100.5933014,2.0577131],[100.5923854,2.0576773],[100.5913364,2.0576362],[100.590359,2.0575924],[100.5893692,2.0575549],[100.5874757,2.057504],[100.5874568,2.0578551],[100.5874434,2.0581473],[100.5874246,2.0584582],[100.5874112,2.0587799],[100.5873898,2.0591149],[100.5873683,2.0594366],[100.5873468,2.0597395],[100.5873265,2.0600137],[100.5873173,2.0601496],[100.5873066,2.0602997],[100.5872771,2.0605597],[100.587253,2.0607849],[100.5872289,2.0610448],[100.5871671,2.0614175],[100.5871135,2.061774],[100.5870518,2.0621439],[100.5870114,2.0624584],[100.5869289,2.0628613],[100.5867633,2.0637692],[100.5867112,2.0640738],[100.5864038,2.0661521],[100.5862901,2.0668213],[100.586223,2.0674271],[100.5862113,2.0675973],[100.5862096,2.0677595],[100.5859387,2.0698717],[100.5852022,2.0752656],[100.5851443,2.07568],[100.584965,2.0776074],[100.5848631,2.0787386],[100.5847811,2.0798652],[100.5846861,2.0810518],[100.5845732,2.0819137],[100.5845597,2.0820117],[100.5845439,2.0821717],[100.5842517,2.0843918],[100.5840933,2.085555],[100.5840077,2.0860156],[100.5838969,2.0866411],[100.5838906,2.0866816],[100.5838776,2.086792],[100.5837136,2.0876653],[100.5835676,2.0885892],[100.583523,2.0887756],[100.5834256,2.0892397],[100.583294,2.0898168],[100.5829239,2.0911142],[100.5828813,2.0912754],[100.582512,2.092734],[100.5820774,2.0944334],[100.5817548,2.0957363],[100.5817357,2.0958308],[100.5815678,2.0965777],[100.5815259,2.0970288],[100.581482,2.0975266],[100.5814111,2.0982896],[100.5812808,2.0990946],[100.5812656,2.0997979],[100.5812352,2.1014292],[100.5811467,2.1025309],[100.5811253,2.1029008],[100.5812057,2.1035762],[100.5813012,2.1044963],[100.5813763,2.1052776],[100.5815265,2.1054812],[100.5815807,2.1055346],[100.5817314,2.105683],[100.5824422,2.1058626],[100.583117,2.1060146],[100.5838209,2.106128],[100.5847077,2.106161],[100.5848828,2.1061617],[100.5849999,2.1061594],[100.5857655,2.1061441],[100.5859119,2.1061191],[100.5861291,2.106044],[100.5863636,2.1060288],[100.586679,2.1060708],[100.5868372,2.1060494],[100.5871361,2.1060985],[100.5873587,2.1061736],[100.5874997,2.1062772],[100.5878673,2.1066435]]}},{"type":"Feature","properties":{"scope":"Kubu","osmId":671690456,"highway":"residential","name":null},"geometry":{"type":"LineString","coordinates":[[100.5327053,2.1685988],[100.5310642,2.1702172],[100.5308847,2.1703698],[100.5306468,2.1705403],[100.530225,2.1709577],[100.5300544,2.1711507],[100.5291838,2.1720303],[100.5289908,2.1722188],[100.5287574,2.1724656],[100.5281202,2.1731523],[100.5276803,2.173628],[100.5275996,2.1737043],[100.5274118,2.1738774],[100.5269148,2.174394],[100.5260613,2.1753511],[100.525867,2.1755769],[100.5220962,2.1800214],[100.5218309,2.1802747]]}},{"type":"Feature","properties":{"scope":"Kubu","osmId":671690460,"highway":"residential","name":null},"geometry":{"type":"LineString","coordinates":[[100.5115015,2.1718104],[100.5119234,2.1713571],[100.5127043,2.1704954],[100.5127883,2.1704126],[100.5130184,2.1701858],[100.5133345,2.1698507],[100.5137769,2.1693869],[100.5143065,2.1688618],[100.5147104,2.1684175],[100.5154259,2.1676622],[100.5159221,2.1671385],[100.5164651,2.1665237],[100.5170162,2.1660021],[100.5172928,2.1656719],[100.5176051,2.1653478],[100.5182122,2.1647102],[100.5188347,2.1641496],[100.5191264,2.1638938],[100.5192072,2.1638309],[100.5193104,2.1637187],[100.5193823,2.1635976],[100.5194765,2.1629917],[100.5195977,2.162323],[100.5199612,2.1619685],[100.5205132,2.1613671],[100.5213973,2.1604785],[100.5219807,2.159931],[100.5227125,2.1592492]]}},{"type":"Feature","properties":{"scope":"Kubu","osmId":671690462,"highway":"residential","name":null},"geometry":{"type":"LineString","coordinates":[[100.5327053,2.1685988],[100.5325391,2.1684007],[100.5315399,2.1674362],[100.5307197,2.1666642],[100.529776,2.1657227],[100.5285522,2.1645313],[100.5278981,2.1639247],[100.5275608,2.1635761],[100.5267937,2.1628601],[100.5257143,2.1618524],[100.5241536,2.1604898],[100.5227963,2.1593213],[100.5227125,2.1592492],[100.5218371,2.1584814],[100.5212289,2.1579522],[100.521146,2.15788],[100.5209987,2.1577013],[100.5208588,2.1575658],[100.5205311,2.1572427],[100.5203427,2.1570632],[100.5200285,2.1568298],[100.5197988,2.1566625],[100.5196959,2.1565598],[100.5195483,2.1564125],[100.5192985,2.1560452],[100.5188706,2.1555014],[100.5182774,2.1547818],[100.5179641,2.1544019],[100.5169857,2.1531722],[100.5165908,2.1526785],[100.5156079,2.1514444],[100.5151726,2.1509058],[100.515038,2.1507039],[100.5146206,2.1501653],[100.5142167,2.1496941],[100.5138173,2.149178],[100.5137129,2.1490434],[100.5134464,2.1488863],[100.5132024,2.148709],[100.5128301,2.1482185],[100.5122876,2.1475412],[100.511585,2.1465708],[100.5108553,2.1455608],[100.5106174,2.1452242],[100.5103598,2.1447675]]}},{"type":"Feature","properties":{"scope":"Kubu","osmId":671690463,"highway":"residential","name":null},"geometry":{"type":"LineString","coordinates":[[100.5278981,2.1639247],[100.5272001,2.1645804],[100.5271104,2.1646612],[100.5260108,2.1656306],[100.5258807,2.1657383],[100.5257236,2.1658729],[100.5254768,2.1661108],[100.5252973,2.1663576],[100.5246959,2.1670487],[100.5239419,2.1678162],[100.5238612,2.1679149],[100.5236457,2.1681258],[100.523538,2.168238],[100.523363,2.1684175],[100.5230354,2.1687855],[100.5228559,2.1689561],[100.5226135,2.1692254],[100.5222904,2.1695305],[100.5220166,2.1698447],[100.5210786,2.1708408],[100.5207466,2.1712718],[100.5204908,2.1715052],[100.5203157,2.1716847],[100.5198864,2.1722353],[100.5195169,2.1725913],[100.518736,2.1735023],[100.5180359,2.1742832],[100.5167344,2.1757642],[100.5165235,2.1760424]]}},{"type":"Feature","properties":{"scope":"Kubu","osmId":671690467,"highway":"residential","name":null},"geometry":{"type":"LineString","coordinates":[[100.5257143,2.1618524],[100.5189836,2.1681724],[100.5184767,2.1685763],[100.5184409,2.1685885],[100.5184003,2.1685819],[100.5164651,2.1665237]]}},{"type":"Feature","properties":{"scope":"Kubu","osmId":671690468,"highway":"service","name":null},"geometry":{"type":"LineString","coordinates":[[100.5241536,2.1604898],[100.5288429,2.1555325],[100.5301861,2.1541186],[100.5313245,2.1531139],[100.5314681,2.1529164],[100.5317688,2.1523599],[100.5319932,2.1518124],[100.5321503,2.1515656],[100.5323388,2.1513232],[100.5329985,2.1506007],[100.533344,2.1501788],[100.5337704,2.1496986]]}},{"type":"Feature","properties":{"scope":"Kubu","osmId":671899318,"highway":"residential","name":null},"geometry":{"type":"LineString","coordinates":[[100.6380059,2.1915346],[100.63832,2.1913282],[100.6387913,2.1909512],[100.6391817,2.1905293],[100.6394559,2.1902293],[100.6397786,2.189892],[100.6405221,2.1890509],[100.6409903,2.1884784],[100.6413493,2.1880744],[100.6415261,2.1879731],[100.641861,2.1878231],[100.6421482,2.1876481],[100.6423097,2.1874955],[100.6431535,2.1866294],[100.6431894,2.186562],[100.6433144,2.1860902],[100.6433468,2.1859813],[100.6434065,2.1858725],[100.6434901,2.1857614],[100.6435574,2.1856869],[100.6440017,2.1853279],[100.6444101,2.1850003],[100.6448768,2.1846278],[100.6452583,2.1844261],[100.6455814,2.1842867],[100.6457385,2.1842238],[100.6460999,2.1840617],[100.6463399,2.1839187],[100.6467225,2.1837356],[100.646838,2.1836829],[100.6471297,2.1835686],[100.6473098,2.1834944],[100.6474304,2.1834519],[100.6476548,2.1833801],[100.6481557,2.1832168],[100.6483235,2.1831551],[100.6484456,2.1830917],[100.6488351,2.1827877],[100.6494186,2.182312],[100.649791,2.1819934],[100.6499274,2.1818446],[100.6500334,2.1817241],[100.6504722,2.1811907]]}},{"type":"Feature","properties":{"scope":"Kubu","osmId":671899321,"highway":"residential","name":null},"geometry":{"type":"LineString","coordinates":[[100.6433144,2.1860902],[100.6438629,2.1862976],[100.6442147,2.1864542]]}},{"type":"Feature","properties":{"scope":"Kubu","osmId":671899323,"highway":"residential","name":null},"geometry":{"type":"LineString","coordinates":[[100.6732223,2.1887387],[100.6728587,2.1886579],[100.6726627,2.1886048],[100.6724055,2.1885322],[100.6720633,2.1884203],[100.671746,2.1883213],[100.6702468,2.1878366],[100.6671771,2.1868089],[100.665714,2.1863556],[100.6625052,2.1853413],[100.6600593,2.184538],[100.6590765,2.1842194],[100.6563793,2.1833397],[100.6550778,2.1829403],[100.6541129,2.1826037],[100.6532647,2.1823434],[100.6516894,2.1818363],[100.6510841,2.1815846],[100.6504722,2.1811907]]}},{"type":"Feature","properties":{"scope":"Kubu","osmId":671899371,"highway":"residential","name":null},"geometry":{"type":"LineString","coordinates":[[100.6518331,2.1794978],[100.6517023,2.1796189],[100.651427,2.1798578],[100.6512767,2.1799953],[100.6512061,2.1800713],[100.6510268,2.1803174],[100.6504722,2.1811907]]}},{"type":"Feature","properties":{"scope":"Kubu","osmId":671899373,"highway":"residential","name":null},"geometry":{"type":"LineString","coordinates":[[100.6518331,2.1794978],[100.6526105,2.1802277],[100.6527836,2.180403],[100.6528873,2.1805152],[100.6532501,2.1809296],[100.6533386,2.1810029],[100.6534466,2.1810482],[100.6535546,2.1810698],[100.6537857,2.1811],[100.6542576,2.1811258],[100.6546985,2.181104],[100.6548476,2.181073],[100.6550059,2.1810234],[100.6552699,2.1809117],[100.6566952,2.1803748],[100.6589683,2.1796704],[100.6596173,2.1795029],[100.6597446,2.1794718],[100.6598471,2.1794687],[100.6608594,2.1795215],[100.6617475,2.1795556],[100.6626046,2.1796828],[100.6629244,2.1797356],[100.6630424,2.1797977],[100.6631542,2.1799187],[100.6635393,2.1802786],[100.6637908,2.1804741],[100.6644988,2.1809334],[100.6664024,2.1820443],[100.6688773,2.1834282],[100.6705418,2.1842536],[100.6708057,2.1843902],[100.6709175,2.1844771],[100.67102,2.184595],[100.6717621,2.1854483],[100.6718832,2.1855662],[100.6719888,2.1856376],[100.6721379,2.1857183],[100.6723242,2.1857927],[100.6736172,2.1861818]]}},{"type":"Feature","properties":{"scope":"Kubu","osmId":671910957,"highway":"service","name":null},"geometry":{"type":"LineString","coordinates":[[100.5968251,2.1168877],[100.5966665,2.1169478]]}},{"type":"Feature","properties":{"scope":"Kubu","osmId":671910958,"highway":"residential","name":null},"geometry":{"type":"LineString","coordinates":[[100.5949115,2.1122169],[100.5948792,2.1122371]]}},{"type":"Feature","properties":{"scope":"Kubu","osmId":671910959,"highway":"service","name":null},"geometry":{"type":"LineString","coordinates":[[100.5948301,2.1121054],[100.5951152,2.11196],[100.5963673,2.1113945],[100.5968089,2.1111898],[100.5985369,2.1105337]]}},{"type":"Feature","properties":{"scope":"Kubu","osmId":671910960,"highway":"residential","name":null},"geometry":{"type":"LineString","coordinates":[[100.5985369,2.1105337],[100.5982163,2.1100706],[100.5977561,2.109427],[100.5975143,2.1090981],[100.5972425,2.1087691],[100.5963763,2.1078042],[100.5956809,2.1070727],[100.5952241,2.1066105],[100.5948639,2.1062649],[100.5943298,2.1057623],[100.5939932,2.1054975],[100.5936621,2.1052472],[100.5933554,2.1049858],[100.5925503,2.1043726]]}},{"type":"Feature","properties":{"scope":"Kubu","osmId":671910961,"highway":"service","name":null},"geometry":{"type":"LineString","coordinates":[[100.5966665,2.1169478],[100.5960622,2.1171704],[100.5953261,2.1174397],[100.5930149,2.1183014],[100.5924976,2.1184645],[100.5922242,2.1185507],[100.5915563,2.1187726],[100.5907314,2.1191244]]}},{"type":"Feature","properties":{"scope":"Kubu","osmId":671910962,"highway":"residential","name":null},"geometry":{"type":"LineString","coordinates":[[100.5947867,2.1122997],[100.5940785,2.1126736],[100.5927097,2.1134006],[100.5917897,2.1138943],[100.5917216,2.1139429],[100.5916595,2.1139975],[100.5912871,2.1144912],[100.5912127,2.1145611],[100.591123,2.1146218],[100.5906767,2.1148143],[100.5897971,2.1151733],[100.589438,2.1153259],[100.5871492,2.1162684],[100.5869307,2.1163875],[100.5867329,2.116507],[100.5865384,2.1166201],[100.5864347,2.1166876],[100.5863396,2.1167452],[100.5859497,2.1169512],[100.5855619,2.1171582],[100.5852684,2.117319],[100.584976,2.1174678],[100.5847238,2.1175968],[100.5845589,2.1176804],[100.5843963,2.1177706],[100.5839245,2.1180296],[100.5836509,2.1181743],[100.5833839,2.1183059],[100.5830922,2.1184616],[100.5827918,2.1186118],[100.5824003,2.1188063],[100.5821856,2.1188983],[100.5818457,2.11907],[100.5816553,2.1191642],[100.5815348,2.1192266],[100.5814099,2.1192738],[100.5811971,2.1193659],[100.5809812,2.1194759],[100.5806953,2.1196273],[100.5804115,2.1197841],[100.5801905,2.1199132],[100.5800189,2.1200143],[100.5797262,2.1201897],[100.579488,2.1203209],[100.5792918,2.120442],[100.5789475,2.120695],[100.5786007,2.1209379],[100.5781982,2.1212087],[100.577574,2.1216308],[100.577133,2.121936],[100.576661,2.1222425],[100.5762965,2.1224922],[100.5758443,2.1227803],[100.5750384,2.1232811],[100.5742241,2.1237812],[100.5738831,2.1240055],[100.5735042,2.1242618],[100.5731077,2.1245307],[100.5729612,2.1246145],[100.5727394,2.1247538],[100.5725239,2.1249006],[100.5722468,2.1250719],[100.5719857,2.1252306],[100.5719341,2.1252568],[100.5718802,2.125276],[100.5718501,2.1252863],[100.5718277,2.1252939],[100.571795,2.1252985],[100.5717716,2.1252901],[100.5717469,2.1252707],[100.5717,2.1252321],[100.5713977,2.1250213],[100.5712426,2.1249127],[100.5710916,2.1248133],[100.5708949,2.1246809],[100.5706832,2.1245395],[100.5703236,2.1242997],[100.5699196,2.1240217]]}},{"type":"Feature","properties":{"scope":"Kubu","osmId":671925714,"highway":"service","name":null},"geometry":{"type":"LineString","coordinates":[[100.5467217,2.1603385],[100.5460093,2.159748],[100.5452088,2.1590846],[100.5448072,2.1587253],[100.5441604,2.1582003],[100.5437401,2.157848],[100.5435605,2.1577031],[100.5427717,2.1570627],[100.542758,2.1568981],[100.5422356,2.1566193],[100.541755,2.1561944],[100.5410155,2.1555602],[100.5399002,2.1546057],[100.5387738,2.1537055],[100.5375806,2.1527504],[100.537428,2.1526561],[100.5372889,2.152526],[100.537235,2.152499],[100.5368356,2.1521939],[100.5366112,2.1519964],[100.5364362,2.1518662],[100.5360502,2.1515207],[100.5356508,2.1512155],[100.5355835,2.1511527],[100.5354937,2.1510225],[100.5354174,2.1509462],[100.5352604,2.1508879],[100.5351931,2.1508475],[100.5350809,2.1507263],[100.5349687,2.150641],[100.5345872,2.1503359],[100.5343404,2.1501788],[100.5342416,2.1500666],[100.534089,2.1499409],[100.5339095,2.1497749],[100.5337704,2.1496986],[100.5337378,2.1496679],[100.5332992,2.1492543],[100.5329177,2.1488818],[100.5327786,2.1487068],[100.5325991,2.1486888],[100.5324465,2.1486125],[100.5321951,2.1484016],[100.5320348,2.1482854],[100.5318855,2.1481772],[100.5317553,2.1480291],[100.5316162,2.1479169],[100.5311764,2.1475758],[100.5310866,2.1474906],[100.5309789,2.1473649],[100.5306917,2.147154],[100.5304404,2.1469341],[100.5302609,2.1467815],[100.5301532,2.1467142],[100.5299243,2.1465167],[100.5293229,2.1460275],[100.5290761,2.145848],[100.5289549,2.1457627],[100.527797,2.144744],[100.5272569,2.1443236],[100.5271148,2.144192],[100.5267678,2.1439317],[100.5263534,2.1435801],[100.5261799,2.1434215],[100.5261096,2.1433348],[100.5260961,2.1432764],[100.5261545,2.1431642],[100.5262487,2.1430161],[100.5263654,2.1428905],[100.5264551,2.1427603],[100.5265629,2.1426302],[100.5265763,2.1425898],[100.5266571,2.1424866],[100.5266661,2.1424552],[100.5267603,2.1423385],[100.527263,2.1416698],[100.5274156,2.1415217],[100.5276085,2.1413826],[100.5278554,2.141046],[100.5278778,2.1409876],[100.5278329,2.1408575]]}},{"type":"Feature","properties":{"scope":"Kubu","osmId":671925725,"highway":"service","name":null},"geometry":{"type":"LineString","coordinates":[[100.5316162,2.1479169],[100.5319169,2.1475713],[100.5328549,2.1464673],[100.533003,2.1462833],[100.5331825,2.146014],[100.5333216,2.1458166],[100.5342147,2.144744],[100.5345019,2.1444478],[100.5347039,2.1440439],[100.5348969,2.1438958],[100.535018,2.1436085],[100.5354893,2.1431642],[100.5355925,2.1430341],[100.5356867,2.1428501],[100.5357855,2.1427199],[100.5360861,2.1424327],[100.5361804,2.1423205],[100.5368311,2.1415935],[100.5370151,2.1413511],[100.5372395,2.1409966],[100.5373562,2.1408395],[100.5375267,2.1406555],[100.5377152,2.1404177],[100.5381551,2.1399419],[100.5384513,2.1394932],[100.5386218,2.139179],[100.5388148,2.1389322],[100.5390167,2.1387078],[100.5391918,2.1385283],[100.5393668,2.1383622],[100.5396764,2.1381064],[100.5399412,2.1378282],[100.5400534,2.1377294],[100.5403586,2.1373839],[100.5405785,2.1371684],[100.5407042,2.1370158],[100.5412113,2.1364594],[100.5425465,2.1350576]]}},{"type":"Feature","properties":{"scope":"Kubu","osmId":671925729,"highway":"service","name":null},"geometry":{"type":"LineString","coordinates":[[100.5281965,2.1406193],[100.5281678,2.1405925]]}},{"type":"Feature","properties":{"scope":"Kubu","osmId":671925731,"highway":"residential","name":null},"geometry":{"type":"LineString","coordinates":[[100.4994667,2.1530996],[100.4996396,2.1528706],[100.4998557,2.152591],[100.5002077,2.1521335],[100.5003817,2.1519081],[100.500474,2.151794],[100.5005718,2.1516921],[100.5006274,2.1516306],[100.500687,2.1515758],[100.5008145,2.1514715],[100.500946,2.1513726],[100.5012111,2.1511589],[100.5014813,2.1509414],[100.5015379,2.150894],[100.5015891,2.1508669],[100.5016309,2.1508311],[100.50167,2.1507913],[100.5020007,2.1504526],[100.5023204,2.1501393],[100.5024201,2.1500425],[100.5025274,2.1499494],[100.5026947,2.149817],[100.5029072,2.1496358],[100.503058,2.1495306],[100.5032887,2.1493485],[100.5034817,2.1492184],[100.5036029,2.1491107],[100.5037061,2.1490479],[100.5041639,2.1486843],[100.5044645,2.1484958],[100.5047922,2.1482714],[100.5052185,2.1480605],[100.5055327,2.147872],[100.5057122,2.1477419],[100.5058019,2.1476611],[100.5059814,2.1475354],[100.5061161,2.1474412],[100.5064078,2.1472662],[100.5065424,2.1471585],[100.5069688,2.1468892],[100.5071259,2.1467815],[100.5074624,2.1465616],[100.5075522,2.1464987],[100.5088537,2.1457089],[100.5091678,2.1455069],[100.5096391,2.1451344],[100.5097737,2.1450492],[100.5103598,2.1447675],[100.5112771,2.1443535],[100.5125337,2.1438419],[100.5127133,2.1437522],[100.5131154,2.1435628],[100.5141494,2.143061],[100.514302,2.1430161],[100.514661,2.1429443],[100.5149752,2.1428995],[100.5153073,2.1428232],[100.5159131,2.1426212],[100.5163933,2.1423789],[100.5167165,2.1422173],[100.5169094,2.1420916],[100.5170845,2.1420019],[100.5173313,2.1419301],[100.5182468,2.1417775],[100.5187001,2.1416788],[100.5189873,2.1416518],[100.519104,2.1416249],[100.5201362,2.1415531],[100.5210966,2.1415441],[100.5213255,2.1414903],[100.5217249,2.1414858],[100.5220211,2.1414185],[100.5221513,2.1414095],[100.5223353,2.1413646],[100.522443,2.1413556],[100.5227841,2.1412748],[100.5230533,2.141203],[100.5232957,2.1411582],[100.5237041,2.141046],[100.5241035,2.1409786],[100.5244221,2.1408889],[100.5248171,2.1408754],[100.525028,2.1408664],[100.525332,2.1408955],[100.5254768,2.1409113],[100.5267065,2.1410594],[100.5270835,2.1410864],[100.5273078,2.1410819],[100.5274425,2.1410594],[100.5278329,2.1408575],[100.5280618,2.1407408],[100.5281516,2.140669],[100.5281965,2.1406193],[100.5288921,2.1398567],[100.5291838,2.1394707],[100.5299647,2.1385731],[100.530207,2.13825],[100.5303282,2.1381154],[100.5306917,2.137514],[100.5311001,2.1371191],[100.5311944,2.1369889],[100.5313245,2.1368498],[100.5315354,2.1365626],[100.5317015,2.1363786],[100.5318002,2.136226],[100.5319573,2.1360689],[100.5321907,2.1357323],[100.5324465,2.1354092],[100.532608,2.1352386],[100.5327337,2.1350816],[100.5328728,2.1348392],[100.532994,2.1344129],[100.5330837,2.134166],[100.5331466,2.1338923],[100.5331825,2.133807],[100.5332857,2.1336544],[100.5335236,2.1333582],[100.533748,2.1330037],[100.5342237,2.1324382],[100.5343538,2.1322183],[100.5348744,2.1315002],[100.5353187,2.1309707],[100.5353636,2.1308809],[100.5354758,2.1305533],[100.5356194,2.1303065],[100.5358976,2.1299295],[100.53612,2.1296537],[100.5361404,2.1296118]]}},{"type":"Feature","properties":{"scope":"Kubu","osmId":671925736,"highway":"residential","name":null},"geometry":{"type":"LineString","coordinates":[[100.5419047,2.1344476],[100.5419352,2.1344089]]}},{"type":"Feature","properties":{"scope":"Kubu","osmId":671925744,"highway":"service","name":null},"geometry":{"type":"LineString","coordinates":[[100.5225908,2.1495256],[100.5243532,2.1483064],[100.5261772,2.1471487],[100.5263805,2.1470255],[100.5264113,2.1469209],[100.526324,2.1468248],[100.5249201,2.1458248],[100.5234976,2.14491],[100.5225327,2.1442952],[100.5222724,2.1440887],[100.523722,2.142334],[100.5244042,2.1415082],[100.5244625,2.1414005],[100.5248171,2.1408754]]}},{"type":"Feature","properties":{"scope":"Kubu","osmId":671925746,"highway":"service","name":null},"geometry":{"type":"LineString","coordinates":[[100.5478906,2.1399114],[100.5472881,2.1405884],[100.5468545,2.1410995],[100.5467062,2.1412768],[100.5464952,2.141512],[100.5462553,2.1417728],[100.54613,2.1419121],[100.5460082,2.1420623],[100.545875,2.1422168],[100.5457435,2.1423629],[100.5455458,2.1425682],[100.5454633,2.1426367],[100.5453993,2.1426765],[100.5453295,2.1427089],[100.545251,2.1427371],[100.5451724,2.142757],[100.5450484,2.1428052],[100.5448914,2.142877],[100.5448185,2.1429357],[100.5447074,2.1430251],[100.5442631,2.1436669],[100.5440925,2.1438823],[100.5439579,2.1441157],[100.5437245,2.1444343],[100.5434104,2.1448292],[100.5429346,2.1453857],[100.5427731,2.145646],[100.5423243,2.1461891],[100.5421672,2.1464314],[100.5417409,2.1469026],[100.5415389,2.1471719],[100.5413549,2.1474412],[100.5411933,2.1476656],[100.5410138,2.1478675],[100.5409375,2.1479797],[100.5400265,2.1490344],[100.5386712,2.1507847],[100.5381326,2.1514175],[100.537235,2.152499],[100.5358752,2.1540518],[100.5358573,2.1540922],[100.5347577,2.1553443],[100.5346141,2.155479],[100.5342775,2.1558739],[100.5339409,2.1561746],[100.5329401,2.1569959],[100.5320964,2.1578306],[100.5314816,2.1584365],[100.5314356,2.1584964],[100.5310642,2.1589795],[100.5304628,2.1596662],[100.5300455,2.1601913],[100.5294997,2.160846],[100.5297517,2.1610951],[100.5298497,2.1612216],[100.5298557,2.1612615],[100.5298401,2.161305],[100.5291838,2.1619505],[100.5284074,2.1627628],[100.5277836,2.1633507],[100.5275608,2.1635761]]}},{"type":"Feature","properties":{"scope":"Kubu","osmId":671925762,"highway":"residential","name":null},"geometry":{"type":"LineString","coordinates":[[100.5393439,2.1199094],[100.5392095,2.1200851],[100.5383435,2.1211288],[100.5382717,2.121241],[100.5379755,2.1215506],[100.5378005,2.121775],[100.5377242,2.1218423],[100.5373831,2.1222238],[100.5371812,2.12252],[100.5366696,2.1231169],[100.5365753,2.1232829],[100.5362926,2.1236509],[100.5360861,2.1240055],[100.5360323,2.1240952],[100.5358662,2.1243241],[100.5357989,2.1244498],[100.53557,2.124755],[100.5355296,2.1248851],[100.5354937,2.1251948],[100.5354444,2.1253249],[100.535018,2.1260789],[100.5349238,2.1263526],[100.5350405,2.1269989],[100.5351527,2.1273579],[100.5352798,2.1278178],[100.5353093,2.1279985],[100.535327,2.1282181],[100.5353353,2.1284861],[100.5354279,2.1287813],[100.5355207,2.128987],[100.5360065,2.1295455]]}},{"type":"Feature","properties":{"scope":"Kubu","osmId":671925766,"highway":"track","name":null},"geometry":{"type":"LineString","coordinates":[[100.5294272,2.1199976],[100.5293953,2.1199027]]}},{"type":"Feature","properties":{"scope":"Kubu","osmId":671925769,"highway":"residential","name":null},"geometry":{"type":"LineString","coordinates":[[100.5361404,2.1296118],[100.5361962,2.1294856]]}},{"type":"Feature","properties":{"scope":"Kubu","osmId":671925772,"highway":"residential","name":null},"geometry":{"type":"LineString","coordinates":[[100.5361962,2.1294856],[100.5366221,2.1288661],[100.5370869,2.1281433],[100.537419,2.1276496],[100.537603,2.1274028],[100.5378858,2.1269091],[100.5381012,2.1266354],[100.5382403,2.1263975],[100.5384378,2.1261283],[100.5386667,2.1258276],[100.5388686,2.1254551],[100.5391648,2.1250063],[100.5393309,2.1248223],[100.5396675,2.1241985],[100.5398829,2.1238394],[100.5402823,2.1232336],[100.540592,2.122695],[100.5407042,2.1225379],[100.5410722,2.1219321],[100.5411889,2.121775],[100.5413357,2.1215883],[100.5416062,2.1211063],[100.5416601,2.1209851],[100.5419159,2.1205633],[100.5422256,2.1200965],[100.542309,2.1199252]]}},{"type":"Feature","properties":{"scope":"Kubu","osmId":671925776,"highway":"residential","name":null},"geometry":{"type":"LineString","coordinates":[[100.5360065,2.1295455],[100.5360782,2.1296105],[100.5360998,2.1296301]]}},{"type":"Feature","properties":{"scope":"Kubu","osmId":671925782,"highway":"track","name":null},"geometry":{"type":"LineString","coordinates":[[100.5293953,2.1199027],[100.5293193,2.1197017]]}},{"type":"Feature","properties":{"scope":"Kubu","osmId":671925787,"highway":"residential","name":null},"geometry":{"type":"LineString","coordinates":[[100.5419352,2.1344089],[100.5419859,2.1343407]]}},{"type":"Feature","properties":{"scope":"Kubu","osmId":671925788,"highway":"service","name":null},"geometry":{"type":"LineString","coordinates":[[100.5281678,2.1405925],[100.5281187,2.1405545]]}},{"type":"Feature","properties":{"scope":"Kubu","osmId":671925789,"highway":"service","name":null},"geometry":{"type":"LineString","coordinates":[[100.5229663,2.1345009],[100.5234976,2.135104],[100.5240855,2.1358176],[100.5245523,2.136419],[100.5248216,2.1366927],[100.5254364,2.1374063],[100.5260423,2.1381558],[100.526307,2.1384475],[100.5263874,2.1385724],[100.526432,2.1386549],[100.5265088,2.1386708],[100.5268007,2.1390085],[100.527236,2.1395695],[100.5276606,2.1400559],[100.5281019,2.1405362],[100.5281187,2.1405545]]}},{"type":"Feature","properties":{"scope":"Kubu","osmId":672166799,"highway":"residential","name":null},"geometry":{"type":"LineString","coordinates":[[100.5739856,2.1149955],[100.5740566,2.1152782]]}},{"type":"Feature","properties":{"scope":"Kubu","osmId":672166801,"highway":"residential","name":null},"geometry":{"type":"LineString","coordinates":[[100.5641235,2.1195563],[100.5641568,2.1194817],[100.5641775,2.1194347]]}},{"type":"Feature","properties":{"scope":"Kubu","osmId":672166803,"highway":"residential","name":null},"geometry":{"type":"LineString","coordinates":[[100.5492942,2.1199158],[100.5494401,2.1201281],[100.5496178,2.1202655],[100.5497921,2.1204062],[100.5499418,2.1205483],[100.5501018,2.1206665],[100.5503469,2.1208818],[100.5505595,2.1210525],[100.5509282,2.1213539],[100.5512765,2.1216554],[100.5515042,2.1218297],[100.5517285,2.1220143],[100.552177,2.1223784],[100.552624,2.1227489],[100.5536446,2.123567],[100.5538707,2.1237468],[100.5541037,2.1239198],[100.5545935,2.1243271],[100.5556901,2.1251899],[100.5568474,2.1261459],[100.5573286,2.1264942],[100.5574633,2.1266018],[100.5575796,2.126684]]}},{"type":"Feature","properties":{"scope":"Kubu","osmId":672166804,"highway":"residential","name":null},"geometry":{"type":"LineString","coordinates":[[100.5561377,2.147336],[100.5559927,2.1472165],[100.5558529,2.1470937],[100.5557857,2.1470353],[100.5557199,2.1469787],[100.555699,2.1469589],[100.5556595,2.1469157],[100.5556233,2.1468691],[100.5555896,2.1468351],[100.5554216,2.1466939],[100.5553732,2.1466526],[100.5553273,2.1466072],[100.5552743,2.1465476],[100.5552433,2.1465141],[100.5552202,2.1464812],[100.5551918,2.1464461],[100.5547892,2.1460975],[100.5545986,2.1459273],[100.5545752,2.1459034],[100.5545547,2.1458759],[100.5545343,2.145848],[100.5544855,2.145815],[100.5544264,2.145781],[100.5543861,2.1457537],[100.5542885,2.1456677],[100.5542497,2.145634],[100.5541914,2.1455783],[100.5541312,2.1455242],[100.5540774,2.145469],[100.5540259,2.1454116],[100.5539993,2.1453726],[100.5539522,2.1453159],[100.5538731,2.14523],[100.5537938,2.1451566],[100.5537009,2.1450757],[100.5535787,2.1449728],[100.5534932,2.1449004],[100.5534289,2.1448424],[100.5533214,2.1447551],[100.5532436,2.1446914],[100.5531674,2.1446338],[100.5531087,2.1445897],[100.553044,2.144541],[100.5530075,2.1445103],[100.5529741,2.1444751],[100.5529444,2.1444421],[100.5529102,2.1444062],[100.5528339,2.1443394],[100.5528037,2.1443183],[100.5526866,2.144225],[100.5526285,2.1441774],[100.552577,2.144121],[100.5525283,2.1440663],[100.5524751,2.1440182],[100.5523245,2.1438812],[100.5522604,2.1438329],[100.5521653,2.1437668],[100.5520835,2.1437041],[100.5520083,2.1436347],[100.5518654,2.1435189],[100.5517115,2.1433843],[100.5514568,2.1431505],[100.5511852,2.1429057],[100.5510233,2.1427679],[100.5508547,2.1426169],[100.5507094,2.1424846],[100.550639,2.1424152],[100.550573,2.1423435],[100.5503491,2.1421512],[100.5502649,2.1420756],[100.5501851,2.1419999],[100.5500122,2.141853],[100.5498427,2.1417049],[100.5496754,2.1415536],[100.5495305,2.1414244],[100.5493878,2.1412985],[100.5492473,2.1411693],[100.5491068,2.1410356],[100.5486118,2.1405774],[100.5483642,2.1403432],[100.5481039,2.1400999],[100.5478906,2.1399114],[100.5477744,2.1398087],[100.547436,2.1395156],[100.5469052,2.1390138],[100.5468402,2.1389527],[100.5465653,2.1387078],[100.5459091,2.1380889],[100.5454846,2.1377029],[100.5445413,2.1368453],[100.543065,2.1354923],[100.5425465,2.1350576],[100.5419047,2.1344476],[100.54096,2.1336455],[100.5402644,2.1330396],[100.5397303,2.1325639],[100.5387609,2.1318009],[100.5383076,2.1314374],[100.538007,2.1312085],[100.5376479,2.1309078],[100.5364362,2.129907],[100.53612,2.1296537],[100.5360998,2.1296301]]}},{"type":"Feature","properties":{"scope":"Kubu","osmId":672166805,"highway":"residential","name":null},"geometry":{"type":"LineString","coordinates":[[100.5419859,2.1343407],[100.542064,2.1342379],[100.5424983,2.1337039],[100.5428155,2.1333041],[100.5431777,2.1328898],[100.5434756,2.1325331],[100.5437587,2.1322165],[100.5441457,2.1317551],[100.5445851,2.1312307],[100.5447276,2.1310654],[100.5448081,2.1309973],[100.5450843,2.1307014],[100.5452908,2.1304276],[100.5458285,2.129825],[100.5463454,2.129189],[100.546948,2.1284772],[100.5478354,2.1274118],[100.5481092,2.1270752],[100.5485624,2.1265591],[100.549092,2.1259308],[100.5495004,2.125464],[100.549828,2.125114],[100.5500479,2.1248986],[100.5502993,2.1246158],[100.5505416,2.1243555],[100.5509365,2.1239112],[100.5514661,2.1232784],[100.552177,2.1223784]]}},{"type":"Feature","properties":{"scope":"Kubu","osmId":672166806,"highway":"service","name":null},"geometry":{"type":"LineString","coordinates":[[100.5680668,2.1260968],[100.5679052,2.1260116],[100.5675417,2.1257468],[100.5670929,2.1254461],[100.5665763,2.125094],[100.5656929,2.1262442]]}},{"type":"Feature","properties":{"scope":"Kubu","osmId":672166807,"highway":"service","name":null},"geometry":{"type":"LineString","coordinates":[[100.5692904,2.1246336],[100.5680886,2.1237213],[100.5675209,2.1233569],[100.5668281,2.1230137],[100.5662402,2.122713],[100.5650554,2.1218154],[100.5640232,2.1210884],[100.5632513,2.1205543]]}},{"type":"Feature","properties":{"scope":"Kubu","osmId":672166808,"highway":"primary","name":null},"geometry":{"type":"LineString","coordinates":[[100.5494068,2.1199123],[100.5492942,2.1199158]]}},{"type":"Feature","properties":{"scope":"Kubu","osmId":672166809,"highway":"primary","name":"Jalan Teluk Piyai (Kubu) - Panipahan - Batas Sumatera Utara"},"geometry":{"type":"LineString","coordinates":[[100.4756665,2.1202377],[100.47672,2.120234],[100.4957788,2.1201673],[100.517923,2.1200733],[100.5294272,2.1199976],[100.5295622,2.1199964],[100.5393439,2.1199094],[100.5395684,2.11995],[100.5401733,2.1199508],[100.5409968,2.1199418],[100.542309,2.1199252],[100.5468674,2.1199332],[100.5491319,2.1199146],[100.5492942,2.1199158]]}},{"type":"Feature","properties":{"scope":"Kubu","osmId":672166810,"highway":"service","name":null},"geometry":{"type":"LineString","coordinates":[[100.542758,2.1568981],[100.5483022,2.1500614],[100.549285,2.1488114],[100.549704,2.1483254],[100.5501716,2.1476973],[100.550529,2.1470931],[100.5509282,2.1465663],[100.5514583,2.1459383],[100.5528037,2.1443183]]}},{"type":"Feature","properties":{"scope":"Kubu","osmId":672166811,"highway":"track","name":null},"geometry":{"type":"LineString","coordinates":[[100.5528339,2.1443394],[100.5528724,2.1443008]]}},{"type":"Feature","properties":{"scope":"Kubu","osmId":672166812,"highway":"residential","name":null},"geometry":{"type":"LineString","coordinates":[[100.5639516,2.1196225],[100.5639091,2.1197218]]}},{"type":"Feature","properties":{"scope":"Kubu","osmId":672166813,"highway":"residential","name":null},"geometry":{"type":"LineString","coordinates":[[100.5641775,2.1194347],[100.5642341,2.1193246]]}},{"type":"Feature","properties":{"scope":"Kubu","osmId":672166815,"highway":"residential","name":null},"geometry":{"type":"LineString","coordinates":[[100.5740566,2.1152782],[100.5740781,2.1153698]]}},{"type":"Feature","properties":{"scope":"Kubu","osmId":672166816,"highway":"residential","name":null},"geometry":{"type":"LineString","coordinates":[[100.5740781,2.1153698],[100.5740988,2.1154775],[100.574136,2.115603],[100.5741703,2.1157334],[100.5741886,2.1158159],[100.5743213,2.1164632],[100.5744987,2.1172108],[100.5746131,2.1177006],[100.5746298,2.1177757],[100.5746339,2.1178616],[100.5746233,2.1179202],[100.5745902,2.1179914],[100.5744726,2.1181276],[100.5741296,2.1185448],[100.5739415,2.1187732],[100.5738216,2.1189419],[100.5736934,2.1191119],[100.5735625,2.1192765],[100.5734945,2.1193642],[100.5734222,2.1194505],[100.5733445,2.1195332],[100.5732867,2.1195937],[100.573226,2.1196512],[100.5731828,2.1197012],[100.5730901,2.1198276],[100.573046,2.119885],[100.5729989,2.1199395],[100.572919,2.1200271],[100.5728356,2.1201143],[100.5727947,2.1201608],[100.5727566,2.1202087],[100.5726651,2.120327],[100.572507,2.1205479],[100.5723987,2.1206803],[100.5722621,2.120847],[100.5721937,2.1209304],[100.5721283,2.1210166],[100.5720185,2.1211707],[100.5719654,2.1212502],[100.5719109,2.1213269],[100.5717773,2.1214941],[100.5716459,2.1216527],[100.5715979,2.1217082],[100.5715456,2.1217624],[100.5714983,2.1218187],[100.5714539,2.1218779],[100.5713917,2.1219658],[100.571328,2.1220523],[100.5712651,2.1221402],[100.5711993,2.1222238],[100.5711305,2.1223071],[100.5710649,2.1223795],[100.5710108,2.122432],[100.5709524,2.1224815],[100.5708733,2.1225727],[100.5707975,2.1226574],[100.570764,2.1227026],[100.5707413,2.1227486],[100.5706717,2.1228578],[100.5706334,2.1229117],[100.5705979,2.1229598],[100.5705092,2.1230555],[100.5704456,2.1231257],[100.5703944,2.123193],[100.5702928,2.1232964],[100.570235,2.1233657],[100.5701816,2.1234422],[100.5700863,2.1235881],[100.5699548,2.1237439],[100.5698783,2.1238448],[100.569812,2.1239475],[100.5696954,2.1241119],[100.5695787,2.124256],[100.569458,2.1243914],[100.5693323,2.1245799],[100.5692904,2.1246336],[100.569108,2.1248672],[100.5688028,2.1251993],[100.5686637,2.1253833],[100.5684707,2.1255987],[100.5680668,2.1260968],[100.5680427,2.1261795]]}},{"type":"Feature","properties":{"scope":"Kubu","osmId":672166817,"highway":"residential","name":null},"geometry":{"type":"LineString","coordinates":[[100.5639091,2.1197218],[100.5638954,2.1197575],[100.5638828,2.1197937]]}},{"type":"Feature","properties":{"scope":"Kubu","osmId":672166818,"highway":"residential","name":null},"geometry":{"type":"LineString","coordinates":[[100.5638828,2.1197937],[100.5632513,2.1205543],[100.5626504,2.1212999],[100.5622974,2.1218066],[100.5619999,2.1221592],[100.5614847,2.1228286],[100.5610118,2.1233906],[100.5604688,2.1240189],[100.5602848,2.1242478],[100.5598091,2.1248761],[100.5594904,2.1251993],[100.5590147,2.1258455],[100.5587845,2.126189],[100.5581344,2.1269825]]}},{"type":"Feature","properties":{"scope":"Kubu","osmId":672166819,"highway":"residential","name":null},"geometry":{"type":"LineString","coordinates":[[100.5680462,2.1263302],[100.5680129,2.1263975],[100.5677415,2.1267446],[100.5676166,2.1269099],[100.5674399,2.1271143],[100.5671871,2.1274494],[100.5670527,2.1276042],[100.5669942,2.1276864],[100.5669634,2.1277195],[100.5669358,2.1277574],[100.5668909,2.1278303],[100.566862,2.1278827],[100.566834,2.127944],[100.5668012,2.1279862],[100.5666501,2.1281473],[100.566562,2.1282477],[100.5664292,2.1284161],[100.5662955,2.128582],[100.566021,2.1289175],[100.5657512,2.1292799],[100.5655876,2.129501],[100.5654862,2.1296423],[100.5653561,2.1297985],[100.5652213,2.1299531],[100.5649612,2.1302751],[100.5649232,2.1303288],[100.5648948,2.1303952],[100.5648592,2.1304553],[100.564822,2.1304994],[100.5646473,2.1307017],[100.5645569,2.1308126],[100.5644682,2.1309203],[100.5643194,2.1311053],[100.5640262,2.1314444],[100.5639567,2.1315216],[100.5639255,2.1315422],[100.5638975,2.1315676],[100.5637935,2.1317053],[100.5637215,2.1318071]]}},{"type":"Feature","properties":{"scope":"Kubu","osmId":672166820,"highway":"residential","name":null},"geometry":{"type":"LineString","coordinates":[[100.5680427,2.1261795],[100.5680462,2.1263302]]}},{"type":"Feature","properties":{"scope":"Kubu","osmId":672166821,"highway":"residential","name":null},"geometry":{"type":"LineString","coordinates":[[100.5636831,2.1318536],[100.563645,2.1319]]}},{"type":"Feature","properties":{"scope":"Kubu","osmId":672166822,"highway":"residential","name":null},"geometry":{"type":"LineString","coordinates":[[100.5637215,2.1318071],[100.5636831,2.1318536]]}},{"type":"Feature","properties":{"scope":"Kubu","osmId":672166823,"highway":"residential","name":null},"geometry":{"type":"LineString","coordinates":[[100.5475106,2.1394122],[100.5474617,2.1394792]]}},{"type":"Feature","properties":{"scope":"Kubu","osmId":672166824,"highway":"residential","name":null},"geometry":{"type":"LineString","coordinates":[[100.5474617,2.1394792],[100.547436,2.1395156]]}},{"type":"Feature","properties":{"scope":"Kubu","osmId":672166825,"highway":"track","name":null},"geometry":{"type":"LineString","coordinates":[[100.5528724,2.1443008],[100.5529339,2.1442399]]}},{"type":"Feature","properties":{"scope":"Kubu","osmId":672166826,"highway":"track","name":null},"geometry":{"type":"LineString","coordinates":[[100.5529339,2.1442399],[100.5531133,2.1440673],[100.5551091,2.1415777],[100.5558413,2.1406836],[100.5564335,2.1399029],[100.5571499,2.139084],[100.5575033,2.1386144],[100.5578302,2.1382588],[100.5594831,2.135892],[100.559861,2.1353935],[100.5608941,2.1343813],[100.5622103,2.1331105],[100.5622963,2.1330083],[100.5624255,2.1328349],[100.5625961,2.1326203],[100.5627649,2.1323961],[100.5628842,2.1322372],[100.5629998,2.1320745],[100.5633208,2.131617]]}},{"type":"Feature","properties":{"scope":"Kubu","osmId":672166827,"highway":"residential","name":null},"geometry":{"type":"LineString","coordinates":[[100.5699196,2.1240217],[100.5698429,2.1239689]]}},{"type":"Feature","properties":{"scope":"Kubu","osmId":672166828,"highway":"residential","name":null},"geometry":{"type":"LineString","coordinates":[[100.5698429,2.1239689],[100.569812,2.1239475]]}},{"type":"Feature","properties":{"scope":"Kubu","osmId":672166829,"highway":"residential","name":null},"geometry":{"type":"LineString","coordinates":[[100.5475106,2.1394122],[100.5476264,2.1392325],[100.5485788,2.1378836],[100.5505922,2.1352532],[100.553109,2.1321293],[100.5555366,2.128987],[100.5565554,2.1279458],[100.5574525,2.126926],[100.5576651,2.1267805],[100.5580705,2.1270606],[100.5633208,2.131617],[100.563645,2.1319],[100.5657707,2.1336389],[100.5660825,2.133962],[100.5692666,2.1366028]]}},{"type":"Feature","properties":{"scope":"Kubu","osmId":672166830,"highway":"residential","name":null},"geometry":{"type":"LineString","coordinates":[[100.5576048,2.126706],[100.5576416,2.1267388],[100.557655,2.126757],[100.5576651,2.1267805]]}},{"type":"Feature","properties":{"scope":"Kubu","osmId":672166831,"highway":"residential","name":null},"geometry":{"type":"LineString","coordinates":[[100.5575796,2.126684],[100.5576048,2.126706]]}},{"type":"Feature","properties":{"scope":"Kubu","osmId":672166832,"highway":"residential","name":null},"geometry":{"type":"LineString","coordinates":[[100.5581058,2.1270174],[100.5580705,2.1270606]]}},{"type":"Feature","properties":{"scope":"Kubu","osmId":672166833,"highway":"residential","name":null},"geometry":{"type":"LineString","coordinates":[[100.5581344,2.1269825],[100.5581058,2.1270174]]}},{"type":"Feature","properties":{"scope":"Kubu","osmId":672167775,"highway":"residential","name":null},"geometry":{"type":"LineString","coordinates":[[100.5948792,2.1122371],[100.5947867,2.1122997]]}},{"type":"Feature","properties":{"scope":"Kubu","osmId":672171417,"highway":"track","name":null},"geometry":{"type":"LineString","coordinates":[[100.5293193,2.1197017],[100.52948,2.1188983],[100.5296415,2.1184046],[100.5298121,2.1179962],[100.5298929,2.1177045],[100.5299467,2.1174173],[100.5301801,2.1167172],[100.5302609,2.1164075],[100.5303147,2.1162684],[100.5303327,2.1161607],[100.5304673,2.1157478],[100.5305481,2.1155054],[100.5306468,2.1151509],[100.5307276,2.11494],[100.5308533,2.1144777],[100.5309655,2.1142937],[100.5309969,2.1141411],[100.5311405,2.1136654],[100.5312482,2.1133513],[100.5313559,2.1129563],[100.5314367,2.1127409],[100.5317239,2.1118433],[100.5318675,2.1112734],[100.5321099,2.1106092],[100.5322086,2.1102816],[100.5323926,2.1096936],[100.5324807,2.109336],[100.5325218,2.1091634],[100.5325462,2.1090605],[100.5325637,2.1089507],[100.5325742,2.1088711],[100.5325691,2.1087742],[100.5325505,2.1086965],[100.5325249,2.1086257],[100.5320226,2.1074505],[100.5317309,2.1067931],[100.531657,2.1066033],[100.531504,2.1058916],[100.5311822,2.1043153]]}},{"type":"Feature","properties":{"scope":"Kubu","osmId":672185610,"highway":"residential","name":null},"geometry":{"type":"LineString","coordinates":[[100.5848828,2.1061617],[100.5849679,2.1057623],[100.5851432,2.1049234],[100.5852266,2.1045183],[100.585257,2.1043598],[100.5852794,2.1042754],[100.585288,2.1042263],[100.5852897,2.1041884]]}},{"type":"Feature","properties":{"scope":"Kubu","osmId":672185611,"highway":"residential","name":null},"geometry":{"type":"LineString","coordinates":[[100.5815807,2.1055346],[100.5815247,2.1055726]]}},{"type":"Feature","properties":{"scope":"Kubu","osmId":672185616,"highway":"residential","name":null},"geometry":{"type":"LineString","coordinates":[[100.5849999,2.1061594],[100.585001,2.1062146]]}},{"type":"Feature","properties":{"scope":"Kubu","osmId":672185618,"highway":"residential","name":null},"geometry":{"type":"LineString","coordinates":[[100.5773253,2.0942553],[100.5777639,2.0943841],[100.5781154,2.0944895],[100.5784769,2.0945848],[100.5791296,2.0948106],[100.5795333,2.0949599],[100.5799237,2.0950766],[100.580027,2.0951215],[100.5809111,2.0954356],[100.5813778,2.0956241],[100.5817548,2.0957363]]}},{"type":"Feature","properties":{"scope":"Kubu","osmId":672185622,"highway":"residential","name":null},"geometry":{"type":"LineString","coordinates":[[100.5850038,2.1062991],[100.585,2.1063318],[100.5849881,2.1063563],[100.5849014,2.1064784],[100.5846465,2.1068512],[100.5843147,2.1073451],[100.5840095,2.1077989],[100.5837058,2.1082556],[100.5833811,2.1087227],[100.5830607,2.1091927],[100.5829042,2.1094149],[100.5824908,2.1100347],[100.5823921,2.1101379],[100.5821452,2.1103175],[100.5794301,2.1119107],[100.5788467,2.1122607],[100.5782632,2.1126152],[100.5768247,2.1135047],[100.5763783,2.1137686],[100.5757183,2.1141696],[100.5754214,2.114328],[100.5753195,2.1143792],[100.5752819,2.1143986],[100.575246,2.1144229],[100.5751791,2.1144764],[100.5751107,2.1145195],[100.5750383,2.1145709],[100.5749963,2.1145974],[100.5748954,2.114637],[100.5748313,2.1146596],[100.5747655,2.1146807],[100.5746639,2.1147201],[100.5743108,2.1148693],[100.5741466,2.1149324],[100.5739856,2.1149955],[100.5728957,2.1153484],[100.5724811,2.1155235],[100.5721732,2.1156221],[100.5719308,2.1157253],[100.5717289,2.1157927],[100.5715763,2.1158196],[100.5710018,2.1157927],[100.5708044,2.1158286],[100.570695,2.1158665],[100.5706563,2.1158734],[100.570619,2.1158512],[100.5700387,2.1153173],[100.5685855,2.1138465]]}},{"type":"Feature","properties":{"scope":"Kubu","osmId":672185623,"highway":"residential","name":null},"geometry":{"type":"LineString","coordinates":[[100.585001,2.1062146],[100.5850038,2.1062991]]}},{"type":"Feature","properties":{"scope":"Kubu","osmId":672185624,"highway":"residential","name":null},"geometry":{"type":"LineString","coordinates":[[100.5852889,2.1041152],[100.5852901,2.1040775]]}},{"type":"Feature","properties":{"scope":"Kubu","osmId":672185625,"highway":"residential","name":null},"geometry":{"type":"LineString","coordinates":[[100.5852897,2.1041884],[100.5852889,2.1041152]]}},{"type":"Feature","properties":{"scope":"Kubu","osmId":672185626,"highway":"residential","name":null},"geometry":{"type":"LineString","coordinates":[[100.5815247,2.1055726],[100.5814734,2.1056098]]}},{"type":"Feature","properties":{"scope":"Kubu","osmId":672185627,"highway":"residential","name":null},"geometry":{"type":"LineString","coordinates":[[100.5814734,2.1056098],[100.5814132,2.1056463],[100.5813864,2.1056567],[100.5809981,2.1058125],[100.5807271,2.1059104],[100.5802589,2.1060831],[100.5800045,2.1061662],[100.5791659,2.1064919],[100.5791087,2.1065231],[100.5790978,2.1065548],[100.5790896,2.1066175],[100.5790389,2.1073122],[100.5789895,2.1080776],[100.5789845,2.1081436],[100.5789753,2.1081824],[100.5789588,2.1082109],[100.5789296,2.1082305],[100.5788931,2.1082452],[100.5788303,2.108251],[100.5786459,2.10824],[100.5779307,2.1082429],[100.577783,2.108247],[100.5776365,2.1082584],[100.5773648,2.1082693],[100.5771446,2.1082746],[100.5768651,2.1082748],[100.576724,2.1082756],[100.5765848,2.10828],[100.5764725,2.108288],[100.5762954,2.1083042],[100.5758996,2.1083596],[100.5753064,2.1084216],[100.5752433,2.1084289],[100.5751851,2.1084423],[100.575137,2.1084553],[100.5750614,2.1084819],[100.5746393,2.1086622],[100.574216,2.1088328],[100.574146,2.1088571],[100.5740695,2.1088782],[100.5739116,2.1089091],[100.5738064,2.1089231],[100.5736697,2.1089312],[100.5730934,2.1090137],[100.572685,2.1090789],[100.5722772,2.1091502],[100.5721554,2.1091669],[100.5720312,2.1091789],[100.571809,2.1092023],[100.5717413,2.1092139],[100.571699,2.1092302],[100.5716615,2.1092648],[100.5716317,2.1093039],[100.5715577,2.1094342],[100.5711143,2.1104061],[100.5709988,2.1106843],[100.5708815,2.1109303],[100.5707906,2.1110636],[100.5707166,2.1111463],[100.5706079,2.1112668],[100.5705294,2.1113763],[100.570465,2.1114858],[100.5704092,2.1115729],[100.570344,2.1116528],[100.5702759,2.1117271],[100.570182,2.1118421],[100.5701035,2.1119562],[100.5700277,2.1120801],[100.569924,2.1122327],[100.5698807,2.1123038],[100.5698289,2.1123665],[100.5697537,2.112449],[100.5696708,2.1125327],[100.5695775,2.112616],[100.5694505,2.1127329],[100.5693547,2.1128296],[100.5692336,2.1129727],[100.5690869,2.1131661],[100.5689825,2.1132912],[100.5689289,2.113378],[100.5689048,2.1134563],[100.5688762,2.1135457],[100.5688387,2.1135981],[100.5687744,2.1136625],[100.5687045,2.1137184],[100.5686236,2.1137938],[100.5685855,2.1138465],[100.5682104,2.1143027],[100.567618,2.1149983],[100.567443,2.1152407],[100.5672567,2.1155223],[100.5671854,2.1156553],[100.5670994,2.1157929],[100.5669627,2.1159783],[100.5668748,2.1160908],[100.5667298,2.1162554],[100.5664768,2.1165264],[100.5662267,2.116789],[100.566103,2.1169194],[100.5659934,2.1170582],[100.5658579,2.1172634],[100.5657167,2.1174574],[100.5654512,2.1178566],[100.5653695,2.1179648],[100.5653098,2.1180287],[100.5652332,2.1180841],[100.5651221,2.1182006],[100.5650712,2.1182831],[100.5650216,2.1183601],[100.5649252,2.1184944],[100.5647505,2.1187206],[100.5645703,2.1189383],[100.5643978,2.1191409],[100.5642341,2.1193246]]}},{"type":"Feature","properties":{"scope":"Kubu","osmId":672362521,"highway":"residential","name":null},"geometry":{"type":"LineString","coordinates":[[100.6075342,2.0624818],[100.6076137,2.0624786],[100.6076005,2.0627594],[100.6075556,2.0630242],[100.6075062,2.0637063],[100.6075242,2.0640743],[100.6075422,2.0641731],[100.6074923,2.0645645],[100.60743,2.0649629],[100.6073626,2.0653534],[100.6073447,2.0657932],[100.6072684,2.0667222],[100.6072908,2.0676557],[100.6072684,2.0678801],[100.6071023,2.0688225],[100.607035,2.069204],[100.6068376,2.0698413],[100.6068022,2.0699944],[100.6067792,2.0701599],[100.6068779,2.0705638],[100.6075646,2.0723096],[100.6078159,2.0730681],[100.6078698,2.0733373],[100.6079012,2.0736515],[100.6079281,2.07419],[100.6079191,2.0744324],[100.6078972,2.0747784],[100.6078428,2.0753748],[100.6075601,2.0766539],[100.6074787,2.0770232],[100.6074496,2.0773562],[100.6074614,2.0776906],[100.6074524,2.0779778],[100.6074075,2.0783368],[100.6073312,2.0788529],[100.6072033,2.0794121],[100.607041,2.0797295],[100.606788,2.0801732],[100.6058233,2.0810206],[100.6056797,2.0812001],[100.6055809,2.0813976],[100.6053162,2.0820528],[100.6049212,2.0827753],[100.6048584,2.0829279],[100.6046968,2.0836505],[100.6045128,2.0842878],[100.6043737,2.0849654],[100.6040057,2.0861996],[100.6036736,2.0874113],[100.6036287,2.0876267],[100.6035569,2.0882865],[100.603521,2.088825],[100.6035165,2.089211],[100.6034896,2.0894847],[100.6034357,2.0898662],[100.603328,2.0903643],[100.6032428,2.0910106],[100.6030229,2.0920787],[100.6029645,2.0923659],[100.6029466,2.0926532],[100.6030049,2.0931423],[100.6030722,2.0934744],[100.6031754,2.0937706],[100.6034896,2.0945336],[100.6035524,2.0946368],[100.6035838,2.0946548],[100.6036197,2.0946548],[100.6039877,2.0944932],[100.6041134,2.0944573],[100.6042166,2.0945022],[100.6043961,2.0946548],[100.6053162,2.0955882],[100.6058637,2.0962614],[100.606501,2.0973071],[100.6066939,2.0977155]]}},{"type":"Feature","properties":{"scope":"Kubu","osmId":672368831,"highway":"residential","name":null},"geometry":{"type":"LineString","coordinates":[[100.5921667,2.1075978],[100.5921667,2.1074946],[100.5921878,2.1074313],[100.5922519,2.1073465],[100.5929476,2.106422],[100.5930194,2.1062819],[100.5930806,2.1061103],[100.5936621,2.1052472],[100.593699,2.1051539],[100.5937107,2.1050867],[100.5936926,2.1049724],[100.593715,2.1048647],[100.5940396,2.1040396],[100.594166,2.1036072],[100.5942491,2.1034061],[100.5944196,2.1031593],[100.5945542,2.1029125],[100.5948998,2.1019027],[100.5949851,2.1015257],[100.5950255,2.1012071],[100.5950797,2.1008441],[100.5950344,2.1002826],[100.59481,2.0995286],[100.5947517,2.099394],[100.5946619,2.0992414],[100.5944646,2.0989407],[100.5944048,2.0988118],[100.5943582,2.0986559],[100.5943079,2.0983594],[100.5942984,2.0980386],[100.5943074,2.0979085],[100.5943388,2.0977514],[100.5944307,2.0973567],[100.5945453,2.0969705],[100.594626,2.0967461],[100.5950793,2.095853],[100.5954024,2.0952023],[100.595748,2.0945919],[100.5964032,2.093277],[100.5966142,2.0928237],[100.5970719,2.0918184],[100.5976688,2.0903015],[100.5979201,2.0897091],[100.5980727,2.0893007],[100.5984228,2.0882012],[100.5988491,2.0868593],[100.5989613,2.0864958],[100.5992441,2.0856027],[100.5994326,2.0850642],[100.5996614,2.0842698],[100.5999442,2.0832331],[100.599989,2.0829234],[100.600007,2.0825375],[100.6000519,2.0821381],[100.6001102,2.0804416]]}},{"type":"Feature","properties":{"scope":"Kubu","osmId":672368884,"highway":"residential","name":null},"geometry":{"type":"LineString","coordinates":[[100.6032428,2.0910106],[100.6046161,2.091419],[100.6048135,2.0914594],[100.6059265,2.0915716],[100.6071023,2.0922134],[100.6073537,2.092357],[100.6074614,2.0924018],[100.6076409,2.0924916],[100.6077127,2.0925455],[100.6089154,2.0931738],[100.6093328,2.093452],[100.6105311,2.0941701],[100.6113613,2.0947445],[100.6119178,2.095301],[100.6121377,2.0955164],[100.6125416,2.0959159]]}},{"type":"Feature","properties":{"scope":"Kubu","osmId":672368891,"highway":"residential","name":null},"geometry":{"type":"LineString","coordinates":[[100.5933156,2.0815261],[100.593347,2.0820977],[100.5933515,2.0823041],[100.5933066,2.0832645],[100.5932755,2.0835129],[100.5929906,2.0857928],[100.5928982,2.0863118],[100.592812,2.0868147],[100.5927905,2.0869401],[100.5925971,2.0876658],[100.5924449,2.0882371],[100.592225,2.0891661],[100.5921038,2.0895924],[100.5920276,2.0898078],[100.5918073,2.0906407],[100.5914935,2.0918274],[100.5911704,2.0932366],[100.5909684,2.093829],[100.5909257,2.0940728],[100.5908607,2.0944438],[100.5908017,2.0948191],[100.5907754,2.0950048],[100.5905235,2.0963886],[100.5905017,2.0965083],[100.5904426,2.0974828],[100.5904388,2.097545],[100.5903895,2.0980296],[100.5903715,2.0983707],[100.5903132,2.098815],[100.5902907,2.0991337],[100.5902369,2.0994254]]}},{"type":"Feature","properties":{"scope":"Kubu","osmId":672368895,"highway":"residential","name":null},"geometry":{"type":"LineString","coordinates":[[100.6280518,2.1004262],[100.6263329,2.1011128],[100.6251983,2.1015278],[100.6246022,2.1017506]]}},{"type":"Feature","properties":{"scope":"Kubu","osmId":672368896,"highway":"residential","name":null},"geometry":{"type":"LineString","coordinates":[[100.6246022,2.1017506],[100.6254103,2.1048533],[100.6262342,2.1084146],[100.6265312,2.1098529]]}},{"type":"Feature","properties":{"scope":"Kubu","osmId":672368897,"highway":"residential","name":null},"geometry":{"type":"LineString","coordinates":[[100.6041807,2.1035722],[100.6034628,2.1025173],[100.603153,2.1020777],[100.6029659,2.1018087],[100.6027222,2.1011487],[100.6024439,2.1002511],[100.6021791,2.0989676]]}},{"type":"Feature","properties":{"scope":"Kubu","osmId":672368902,"highway":"residential","name":null},"geometry":{"type":"LineString","coordinates":[[100.6017169,2.1044159],[100.6019368,2.1036305],[100.6022105,2.1025265],[100.6023089,2.1020863],[100.6023229,2.1020567],[100.6023708,2.1020252],[100.6027947,2.1019085],[100.6028591,2.1018797],[100.6029659,2.1018087]]}},{"type":"Feature","properties":{"scope":"Kubu","osmId":672368903,"highway":"residential","name":null},"geometry":{"type":"LineString","coordinates":[[100.6016227,2.1044513],[100.6015463,2.1048826],[100.6013806,2.1053941],[100.6012726,2.1056456],[100.6011873,2.1057982],[100.600752,2.1064175]]}},{"type":"Feature","properties":{"scope":"Kubu","osmId":672368904,"highway":"track","name":null},"geometry":{"type":"LineString","coordinates":[[100.6071201,2.0976115],[100.6072011,2.0980117],[100.6072998,2.098649],[100.6073447,2.0990529],[100.6073581,2.099385],[100.6073006,2.100099],[100.6072647,2.1006775],[100.6072684,2.1008525],[100.6073133,2.1009423],[100.6074067,2.1009973],[100.6077576,2.1011635],[100.608189,2.101368],[100.6086782,2.1014831],[100.6087291,2.1015014],[100.6087598,2.1015241],[100.6088884,2.1016386]]}},{"type":"Feature","properties":{"scope":"Kubu","osmId":672368905,"highway":"residential","name":null},"geometry":{"type":"LineString","coordinates":[[100.6146869,2.0902656],[100.6147497,2.0906964],[100.6149112,2.0916344],[100.6151985,2.0931199],[100.615562,2.0950542]]}},{"type":"Feature","properties":{"scope":"Kubu","osmId":672368908,"highway":"residential","name":null},"geometry":{"type":"LineString","coordinates":[[100.6292853,2.106817],[100.6286701,2.1036296],[100.6280518,2.1004262],[100.627576,2.0980296],[100.6272619,2.0964005],[100.627217,2.0963198],[100.6270869,2.0962839],[100.6270554,2.0962614],[100.6270061,2.0959562]]}},{"type":"Feature","properties":{"scope":"Kubu","osmId":672368915,"highway":"residential","name":null},"geometry":{"type":"LineString","coordinates":[[100.6270061,2.0959562],[100.6269834,2.0958109],[100.6267772,2.0944887],[100.6265034,2.0927698]]}},{"type":"Feature","properties":{"scope":"Kubu","osmId":672368916,"highway":"unclassified","name":null},"geometry":{"type":"LineString","coordinates":[[100.5878673,2.1066435],[100.587984,2.1067908],[100.5880386,2.1068756],[100.5880947,2.1069493],[100.5881283,2.1069841],[100.5881679,2.1070167],[100.588265,2.1070716],[100.5884544,2.107147],[100.5886833,2.107244],[100.588859,2.1073196],[100.5890654,2.1073787],[100.5893736,2.1074624],[100.5895434,2.1074972],[100.5896834,2.1075116],[100.5897903,2.1075155],[100.590019,2.1075215],[100.5904144,2.1075484],[100.5906159,2.1075656],[100.5908016,2.1075895],[100.5910296,2.1076296],[100.5912285,2.1077031],[100.5913613,2.1077739],[100.5914728,2.1078446]]}},{"type":"Feature","properties":{"scope":"Kubu","osmId":672368922,"highway":"residential","name":null},"geometry":{"type":"LineString","coordinates":[[100.5914728,2.1078446],[100.5917403,2.1080241],[100.5919975,2.1081947],[100.5922114,2.1083384],[100.5923911,2.1084864],[100.5925411,2.1086279],[100.5926326,2.1087172],[100.5927335,2.1088322],[100.5929735,2.1091276],[100.593182,2.1094419],[100.5935489,2.1101469],[100.5937716,2.1105867],[100.5938748,2.1107662],[100.5943685,2.1114789],[100.5948301,2.1121054],[100.5949115,2.1122169],[100.5952274,2.1126691],[100.5953302,2.112813],[100.5954542,2.1129981],[100.5955938,2.1132219],[100.5957937,2.1135553],[100.5959814,2.1139033],[100.5962058,2.1145316],[100.5964661,2.1154651],[100.5965289,2.1157164],[100.5968251,2.1168877]]}},{"type":"Feature","properties":{"scope":"Kubu","osmId":672368924,"highway":"residential","name":null},"geometry":{"type":"LineString","coordinates":[[100.6125416,2.0959159],[100.6126987,2.0960864],[100.612784,2.0961761],[100.6132866,2.0966474],[100.6140406,2.0973565],[100.615185,2.0985098],[100.6157056,2.0990035],[100.6162352,2.0995376]]}},{"type":"Feature","properties":{"scope":"Kubu","osmId":673203263,"highway":"primary","name":"Jalan Teluk Piyai (Kubu) - Panipahan - Batas Sumatera Utara"},"geometry":{"type":"LineString","coordinates":[[100.5494068,2.1199123],[100.5512171,2.1198805],[100.5531429,2.1198431],[100.5549456,2.119801],[100.5563755,2.1197988],[100.5572688,2.1197722],[100.5583533,2.1197611],[100.5594035,2.1197688],[100.5609055,2.1197392],[100.5620087,2.1197395],[100.562511,2.1197167],[100.5639516,2.1196225],[100.5641235,2.1195563],[100.5645639,2.1193873],[100.5657812,2.1188912],[100.5669531,2.1184434],[100.5678379,2.1180725],[100.5696016,2.1173544],[100.5713384,2.116596],[100.5740988,2.1154775],[100.575566,2.1148502],[100.5766925,2.1143655],[100.5788691,2.1134679],[100.5820555,2.1120991],[100.5843174,2.1111612],[100.5853316,2.1107124],[100.5869978,2.1100069],[100.5883187,2.109405],[100.5883971,2.1093611],[100.5895323,2.108805],[100.5900798,2.1085717],[100.590528,2.1083604],[100.590756,2.1082434],[100.5913319,2.1079194],[100.5914728,2.1078446],[100.5917015,2.1077536],[100.5921667,2.1075978],[100.5938182,2.1070682],[100.5946485,2.106781],[100.5952241,2.1066105],[100.5966007,2.1061348],[100.6016227,2.1044513],[100.6017169,2.1044159],[100.6034402,2.1038459],[100.6041807,2.1035722],[100.6065817,2.1025893],[100.6088884,2.1016386],[100.6094764,2.1013731],[100.6096694,2.1013148],[100.6098938,2.1012699],[100.6121826,2.1009827],[100.6129141,2.1008346],[100.613152,2.1007583],[100.6162352,2.0995376],[100.6176892,2.0990574],[100.6185599,2.0987881],[100.6214456,2.0978322],[100.6245916,2.0967685],[100.6270061,2.0959562],[100.6291423,2.0952068],[100.6310721,2.0945515],[100.6346639,2.0933231],[100.6347065,2.0933079],[100.6369557,2.0925814],[100.6370634,2.0925365],[100.6374045,2.0924377],[100.6386387,2.0920114],[100.6389079,2.0919261],[100.6400694,2.0915489],[100.6411743,2.0911901],[100.6421482,2.090858],[100.645182,2.0898797],[100.645927,2.0896283],[100.6475785,2.0891347],[100.6481709,2.0889417],[100.6486781,2.0887981],[100.6497551,2.0884615],[100.650168,2.0883179],[100.6514965,2.0879095],[100.6517926,2.0877928],[100.6520281,2.0875661]]}},{"type":"Feature","properties":{"scope":"Kubu","osmId":674565330,"highway":"residential","name":null},"geometry":{"type":"LineString","coordinates":[[100.5813012,2.1044963],[100.5817476,2.1044715],[100.5826729,2.1043482],[100.5830055,2.1043375],[100.5832672,2.1043902],[100.58355,2.1044152],[100.5840703,2.1042731],[100.5849223,2.1041078],[100.5852901,2.1040775],[100.5853137,2.1040756],[100.5857333,2.1040265],[100.5863448,2.1039622],[100.5869457,2.1038121],[100.5876752,2.1036942],[100.5887964,2.1033886],[100.5898693,2.1030294],[100.5924012,2.101968],[100.5946077,2.1010105],[100.5950797,2.1008441],[100.5962476,2.1005903],[100.5975872,2.1002246],[100.598993,2.0997746],[100.6003996,2.0993948],[100.6021791,2.0989676],[100.6032267,2.0987086],[100.6060483,2.097867],[100.6066939,2.0977155],[100.6071201,2.0976115],[100.6088529,2.0972257],[100.6096467,2.0970379],[100.6099993,2.0968859],[100.6108242,2.096601],[100.6116917,2.0962641],[100.6123621,2.0959921],[100.6125416,2.0959159],[100.6130623,2.0956985],[100.6137677,2.0954224],[100.6143621,2.0952824],[100.615562,2.0950542],[100.6165186,2.0948694],[100.6187367,2.09442],[100.6194223,2.0942768],[100.6210507,2.0939367],[100.6248937,2.0931204],[100.6260457,2.0928731],[100.6265034,2.0927698],[100.6310179,2.0917746],[100.6392778,2.0901111],[100.639613,2.0900436],[100.6396687,2.0900118],[100.6406941,2.0891706]]}},{"type":"Feature","properties":{"scope":"Kubu","osmId":674565333,"highway":"service","name":null},"geometry":{"type":"LineString","coordinates":[[100.5289549,2.1457627],[100.5287799,2.1459781],[100.5285824,2.1462025],[100.5278733,2.1470777],[100.5277118,2.1472527],[100.5273213,2.1476252],[100.5266526,2.1484555],[100.5265,2.1485991],[100.5263026,2.1487965],[100.5258538,2.1492184],[100.5249786,2.1501339],[100.5246196,2.1505917],[100.5243773,2.1508071],[100.5236772,2.1515835],[100.5236017,2.151659],[100.5230219,2.1522387],[100.5228379,2.1524048],[100.5225327,2.1527459],[100.5221468,2.1531184],[100.5219044,2.1533383],[100.5203786,2.1549629],[100.519858,2.1554521],[100.5192985,2.1560452]]}},{"type":"Feature","properties":{"scope":"Kubu Babussalam","osmId":671895424,"highway":"residential","name":null},"geometry":{"type":"LineString","coordinates":[[100.683302,2.1690716],[100.6831584,2.1693178],[100.6830795,2.1694702],[100.6828518,2.1698937],[100.6827503,2.1700443],[100.6825833,2.1702761],[100.6825131,2.1703779],[100.6822583,2.1707203],[100.6821722,2.1708362],[100.6820808,2.1709749],[100.6818682,2.1713173],[100.6816732,2.1716368],[100.6814026,2.171981],[100.6812726,2.1721583],[100.6811619,2.172283],[100.6810177,2.1724231],[100.6808137,2.1726371],[100.6805984,2.1729008],[100.6805767,2.1729274],[100.6804143,2.1732024],[100.6802113,2.1735801],[100.6801051,2.1738266],[100.6801047,2.1738432],[100.6801077,2.1738597],[100.6801994,2.1741832],[100.6802023,2.1742003],[100.680202,2.1742163],[100.6801077,2.174443],[100.6800261,2.1746391],[100.6799887,2.1747225],[100.6799389,2.174827],[100.679882,2.1749227],[100.6798251,2.1750149],[100.6796843,2.1752397],[100.6795298,2.1754617],[100.679512,2.1754878],[100.6794907,2.1755147],[100.6794058,2.175589],[100.6793046,2.1756751],[100.6792364,2.1757297],[100.6792077,2.175753],[100.6791799,2.1757951],[100.6791682,2.1758265],[100.6791467,2.1758856],[100.6791332,2.1759178],[100.6791229,2.1759418],[100.6790796,2.1760116],[100.6790442,2.1760562],[100.6789868,2.1761235],[100.6787021,2.1764389],[100.6786781,2.1764655],[100.6784677,2.1766967],[100.6784237,2.176747],[100.6782733,2.1767929],[100.678005,2.1768748],[100.6777775,2.1772228],[100.6776179,2.1774818],[100.6774046,2.1778144],[100.6769786,2.1785038],[100.6764894,2.179175],[100.6763189,2.1794532],[100.6758432,2.1803329],[100.6757714,2.1804451],[100.6756547,2.1806246],[100.6755829,2.1807368],[100.6755111,2.180849],[100.6754572,2.1808938],[100.6752957,2.1809477],[100.6750758,2.1811811],[100.6749567,2.1813657],[100.6748807,2.1815286],[100.6748065,2.1817017],[100.6746808,2.1821729],[100.6746359,2.1824287],[100.6742223,2.1837836],[100.6740974,2.1842957],[100.6738457,2.1853409],[100.6736172,2.1861818],[100.673487,2.1866608],[100.6734242,2.1878949],[100.6733614,2.188254],[100.6732223,2.1887387],[100.6729709,2.1896003],[100.6728946,2.1899997],[100.6727869,2.1905114],[100.6726792,2.1910185],[100.6726433,2.1911352],[100.6726209,2.1911576],[100.6725581,2.1911756],[100.6724593,2.1911935],[100.6723875,2.1912249],[100.6723471,2.1912698],[100.6723112,2.1913326],[100.6722888,2.1914583],[100.6722708,2.191584],[100.6722365,2.1918776],[100.6720788,2.1918978],[100.6713944,2.1935608],[100.6710689,2.1943017],[100.670881,2.194808],[100.6706126,2.1952942],[100.6702703,2.1960821],[100.6702066,2.1961793],[100.6701059,2.1962799],[100.6697973,2.1965682],[100.6693443,2.1972287],[100.6693048,2.1972788],[100.6692572,2.1973458],[100.6692402,2.1973628],[100.6692167,2.1973756],[100.6691891,2.1973841],[100.6691444,2.1973926],[100.669071,2.1974032],[100.6689677,2.1974117],[100.6687645,2.1974319],[100.6687379,2.1974362],[100.6687219,2.1974468],[100.668706,2.1974638],[100.6684708,2.1978105],[100.6684389,2.19787],[100.6682367,2.1982943],[100.6682307,2.1983073],[100.6682245,2.1983135],[100.6682162,2.1983179],[100.6682071,2.1983193],[100.6681839,2.1983204],[100.6680758,2.1983258],[100.6680649,2.1983273],[100.6680529,2.1983306],[100.6678762,2.1983762],[100.6676941,2.1984216],[100.6676851,2.1984247],[100.667677,2.1984288],[100.6676708,2.1984328],[100.6676655,2.1984373],[100.6675095,2.1985908],[100.6671852,2.1988951],[100.666997,2.1990811],[100.6669245,2.199144],[100.6668664,2.1991891],[100.6668253,2.1992131],[100.6667856,2.1992363],[100.6667466,2.1992609],[100.666737,2.1992691],[100.6667281,2.1992808],[100.6664693,2.199718],[100.6663018,2.19991],[100.6662804,2.1999282],[100.6662642,2.1999399],[100.666245,2.1999529],[100.666049,2.2000771],[100.6660269,2.2000946],[100.6660094,2.200111],[100.665993,2.2001283],[100.6658522,2.2002871],[100.6656198,2.2005552],[100.6652409,2.2006435],[100.6650364,2.2007931],[100.6648344,2.2009412],[100.6646998,2.2010579],[100.6645651,2.2011432],[100.6643183,2.2013361],[100.664233,2.2013855],[100.6632544,2.2016724],[100.6632267,2.2016761],[100.6631965,2.2016672],[100.6621386,2.2011022],[100.6620048,2.2010298],[100.6619587,2.2010201],[100.6619008,2.2010186],[100.661858,2.2010266],[100.6617346,2.2010724],[100.6603389,2.20147],[100.6587981,2.2018767],[100.6556791,2.2026511],[100.6550957,2.2028306],[100.6548713,2.2029248],[100.6545841,2.2031358],[100.6541398,2.2035756],[100.6538391,2.2038808],[100.6537372,2.2039618],[100.6536011,2.2040474],[100.6534405,2.2041406],[100.6532998,2.2042063],[100.6531744,2.2042628],[100.6531283,2.2042899],[100.6531177,2.2042981],[100.653105,2.2043112],[100.6530971,2.2043222],[100.653092,2.2043321],[100.6530868,2.2043454],[100.6530816,2.2043601],[100.6530773,2.2043766],[100.6530719,2.2044143],[100.6530695,2.2044621],[100.6530697,2.2045076],[100.6530703,2.2045164],[100.6530713,2.2045255],[100.6530729,2.2045319],[100.6530753,2.2045378],[100.6530774,2.2045417],[100.6530795,2.2045447],[100.6532636,2.2047662]]}},{"type":"Feature","properties":{"scope":"Kubu Babussalam","osmId":671899326,"highway":"residential","name":null},"geometry":{"type":"LineString","coordinates":[[100.6728946,2.1899997],[100.6723112,2.1898337],[100.6721497,2.1897798],[100.6719971,2.189708],[100.6719073,2.1895958],[100.6717143,2.1893041],[100.6715528,2.1891022]]}},{"type":"Feature","properties":{"scope":"Kubu Babussalam","osmId":671899331,"highway":"residential","name":null},"geometry":{"type":"LineString","coordinates":[[100.6787021,2.1764389],[100.6786109,2.1763893],[100.6779442,2.1759963]]}},{"type":"Feature","properties":{"scope":"Kubu Babussalam","osmId":671899333,"highway":"residential","name":null},"geometry":{"type":"LineString","coordinates":[[100.6721377,2.1831936],[100.6728451,2.183431],[100.673404,2.1835711]]}},{"type":"Feature","properties":{"scope":"Kubu Babussalam","osmId":671899335,"highway":"residential","name":null},"geometry":{"type":"LineString","coordinates":[[100.6728451,2.183431],[100.672778,2.1838514]]}},{"type":"Feature","properties":{"scope":"Kubu Babussalam","osmId":671899337,"highway":"residential","name":null},"geometry":{"type":"LineString","coordinates":[[100.6720357,2.183836],[100.6725266,2.1838244],[100.6726605,2.1838352],[100.672778,2.1838514],[100.6732131,2.1839682]]}},{"type":"Feature","properties":{"scope":"Kubu Babussalam","osmId":671899340,"highway":"residential","name":null},"geometry":{"type":"LineString","coordinates":[[100.6748807,2.1815286],[100.674148,2.1812416]]}},{"type":"Feature","properties":{"scope":"Kubu Babussalam","osmId":671899341,"highway":"residential","name":null},"geometry":{"type":"LineString","coordinates":[[100.6750758,2.1811811],[100.6744958,2.1808917],[100.6742847,2.1810623],[100.6742242,2.1811305],[100.674148,2.1812416],[100.6739897,2.1814862],[100.6739089,2.1816209],[100.6737875,2.1819231],[100.6736832,2.1822109],[100.6735596,2.1826276]]}},{"type":"Feature","properties":{"scope":"Kubu Babussalam","osmId":671899344,"highway":"residential","name":null},"geometry":{"type":"LineString","coordinates":[[100.6704147,2.1927776],[100.6699685,2.1925309],[100.6695422,2.1923065],[100.6691877,2.1921405],[100.6691069,2.1920866],[100.6683529,2.1917276]]}},{"type":"Feature","properties":{"scope":"Kubu Babussalam","osmId":671899346,"highway":"residential","name":null},"geometry":{"type":"LineString","coordinates":[[100.6696589,2.1944203],[100.6681599,2.1939177],[100.667195,2.1935945],[100.6668405,2.1934554]]}},{"type":"Feature","properties":{"scope":"Kubu Babussalam","osmId":671899347,"highway":"residential","name":null},"geometry":{"type":"LineString","coordinates":[[100.6711658,2.1914912],[100.6707399,2.191282],[100.6706062,2.1912281],[100.6704566,2.1912042],[100.6703688,2.1911883],[100.670303,2.1911643],[100.6701115,2.1910607]]}},{"type":"Feature","properties":{"scope":"Kubu Babussalam","osmId":671899349,"highway":"residential","name":null},"geometry":{"type":"LineString","coordinates":[[100.6689588,2.1944787],[100.669605,2.1946133],[100.6701391,2.1948242],[100.6703366,2.1949409]]}},{"type":"Feature","properties":{"scope":"Kubu Babussalam","osmId":671899351,"highway":"residential","name":null},"geometry":{"type":"LineString","coordinates":[[100.6779442,2.1759963],[100.6784212,2.1754076]]}},{"type":"Feature","properties":{"scope":"Kubu Babussalam","osmId":671899353,"highway":"residential","name":null},"geometry":{"type":"LineString","coordinates":[[100.6782733,2.1767929],[100.6780522,2.1766872],[100.6776676,2.1763053],[100.6775872,2.1763174],[100.6775361,2.1763296],[100.6774947,2.1763661],[100.6773559,2.1765558]]}},{"type":"Feature","properties":{"scope":"Kubu Babussalam","osmId":671899355,"highway":"residential","name":null},"geometry":{"type":"LineString","coordinates":[[100.6763189,2.1794532],[100.6762291,2.1794128],[100.6760945,2.1793178],[100.6759644,2.1792081],[100.6754527,2.1786723],[100.6754192,2.1786507],[100.6752756,2.1785386],[100.6751086,2.1784396],[100.674921,2.1783528],[100.674736,2.1782672],[100.674475,2.1780962]]}},{"type":"Feature","properties":{"scope":"Kubu Babussalam","osmId":671899358,"highway":"residential","name":null},"geometry":{"type":"LineString","coordinates":[[100.6702434,2.19059],[100.6711264,2.1909916],[100.6713712,2.1910906]]}},{"type":"Feature","properties":{"scope":"Kubu Babussalam","osmId":671899359,"highway":"residential","name":null},"geometry":{"type":"LineString","coordinates":[[100.6713712,2.1910906],[100.6713328,2.1911655],[100.6711658,2.1914912],[100.6708527,2.1920687],[100.6704147,2.1927776],[100.6700448,2.1933791],[100.6698743,2.1937606],[100.6696589,2.1944203],[100.669605,2.1946133],[100.6693806,2.1951788],[100.6693088,2.1952999],[100.6690856,2.1956428],[100.668688,2.196199],[100.6682867,2.1970547]]}},{"type":"Feature","properties":{"scope":"Kubu Babussalam","osmId":671899362,"highway":"residential","name":null},"geometry":{"type":"LineString","coordinates":[[100.6713328,2.1911655],[100.6715491,2.1911768],[100.6717128,2.1911823],[100.6718154,2.1911934],[100.6719291,2.1912073],[100.6723471,2.1912698]]}},{"type":"Feature","properties":{"scope":"Kubu Babussalam","osmId":671899364,"highway":"residential","name":null},"geometry":{"type":"LineString","coordinates":[[100.6715491,2.1911768],[100.671563,2.1910881],[100.6715796,2.1910188],[100.6716157,2.1909273],[100.6717045,2.1907361],[100.6717904,2.1905809],[100.671821,2.1905144],[100.6718542,2.1904285],[100.6719042,2.1902594],[100.6719791,2.1899933]]}},{"type":"Feature","properties":{"scope":"Kubu Babussalam","osmId":671899366,"highway":"residential","name":null},"geometry":{"type":"LineString","coordinates":[[100.6744958,2.1808917],[100.674488,2.1806799],[100.6743755,2.1806268],[100.6744411,2.1804395],[100.6742992,2.180367],[100.6737443,2.180064]]}},{"type":"Feature","properties":{"scope":"Kubu Babussalam","osmId":671899369,"highway":"residential","name":null},"geometry":{"type":"LineString","coordinates":[[100.6742992,2.180367],[100.6748686,2.1794088]]}},{"type":"Feature","properties":{"scope":"Kubu Babussalam","osmId":671905154,"highway":"service","name":null},"geometry":{"type":"LineString","coordinates":[[100.6854673,2.0861843],[100.6855274,2.0863617],[100.6861116,2.0880867],[100.6868559,2.0902844],[100.6879594,2.0935427],[100.6890769,2.0968425],[100.6894455,2.0979308],[100.689936,2.0994074],[100.690623,2.1012303],[100.691001,2.1022333],[100.6911735,2.102535],[100.6912721,2.1028367],[100.6913337,2.1031508],[100.6913461,2.1035018],[100.691383,2.1046656],[100.6913337,2.1050166],[100.6912906,2.1052691],[100.6912906,2.1055154],[100.6913511,2.105857],[100.6913405,2.1062284],[100.6912874,2.1066528],[100.6912096,2.107254],[100.6911848,2.1075122],[100.6910928,2.1081807],[100.6910185,2.1087041],[100.6909866,2.1089093],[100.6908515,2.1094013],[100.6906112,2.110224],[100.6890098,2.1101459],[100.6872939,2.1100775],[100.6856538,2.1100498],[100.683809,2.1100798],[100.6822424,2.1101132],[100.681832,2.1101219],[100.6798911,2.1101159],[100.6775337,2.1101339],[100.6737996,2.1101623],[100.6697117,2.1102206],[100.6688376,2.1102246],[100.6678132,2.1102775],[100.666,2.110379],[100.665939,2.1104075],[100.6659186,2.1104806],[100.6659268,2.1105781],[100.6660447,2.1116953],[100.6662642,2.1132554]]}},{"type":"Feature","properties":{"scope":"Kubu Babussalam","osmId":672362466,"highway":"residential","name":null},"geometry":{"type":"LineString","coordinates":[[100.6194033,2.0525168],[100.6199608,2.0527842],[100.6200614,2.0528152],[100.6202846,2.0528434],[100.6204021,2.052875],[100.6206394,2.0530144],[100.621118,2.0532791],[100.6212247,2.0533059],[100.6213447,2.0533011],[100.6216815,2.0532407],[100.6218552,2.053228],[100.6219482,2.0532386],[100.6223128,2.0533025],[100.6224507,2.053345],[100.6227875,2.0535054],[100.6229762,2.0535864],[100.6230528,2.0536504],[100.6234154,2.0539898],[100.6234737,2.0540323],[100.6239247,2.0542492],[100.6239787,2.0543064],[100.6240195,2.0543671],[100.6242324,2.0546816],[100.6243272,2.0547824],[100.6244513,2.0548886],[100.6245651,2.0549611],[100.6246871,2.0549999],[100.6248406,2.0550089],[100.6250058,2.0549926],[100.6251981,2.0549702],[100.6253863,2.0549274],[100.6255575,2.0548402],[100.625747,2.0546793],[100.6259873,2.0544882],[100.6263464,2.0541516],[100.6267727,2.0537971],[100.6270028,2.0535453],[100.6270691,2.0534839],[100.6271473,2.0534276],[100.6273363,2.0533639],[100.6275705,2.0532927],[100.6278741,2.0531827],[100.6281671,2.0530732],[100.6284377,2.052985],[100.6286589,2.0529148],[100.6289031,2.0528653],[100.6290943,2.0528394],[100.6292191,2.0527997],[100.6293322,2.0527469],[100.6295409,2.0526433],[100.6297841,2.0525225],[100.629954,2.0524142],[100.6300801,2.0523746],[100.6302829,2.0523362],[100.6304244,2.0522671],[100.6304981,2.0522071],[100.6309554,2.0516205],[100.6316194,2.0506933],[100.63169,2.0506114],[100.6317977,2.0505224],[100.6319427,2.0504258],[100.6321296,2.0503173],[100.6322763,2.0502654],[100.6325337,2.050229],[100.6327809,2.0502089],[100.6331481,2.0501569],[100.6332809,2.0501861],[100.633456,2.0502494],[100.6335997,2.0503166],[100.6336963,2.0504145],[100.6338591,2.0505524],[100.6339844,2.0506834],[100.6341372,2.0508731],[100.6342535,2.0510038],[100.6343548,2.0511164],[100.6344769,2.0513538],[100.6345847,2.0517237],[100.6346255,2.0518883],[100.6346683,2.0520892],[100.6346736,2.0521927],[100.6346705,2.0522957],[100.6346656,2.0523753],[100.6346454,2.0524305],[100.6346091,2.0524905],[100.6345987,2.0525395],[100.6346176,2.0526498],[100.6346848,2.0531149],[100.6347013,2.0533622],[100.6346419,2.0538041],[100.6346419,2.0540943],[100.6346683,2.0545527],[100.6346254,2.0548264],[100.6345594,2.0551661],[100.634533,2.0554728],[100.634533,2.0557234],[100.6345792,2.0560005],[100.6346914,2.0567491],[100.6347376,2.0571085],[100.6349932,2.058576],[100.6351717,2.0599087],[100.6352437,2.0601388],[100.6353446,2.0603449],[100.6359121,2.0612558],[100.6362825,2.061992],[100.63648,2.0624183],[100.6365633,2.0626517],[100.6366058,2.0627752],[100.6366299,2.0628621],[100.6366505,2.0630628]]}},{"type":"Feature","properties":{"scope":"Kubu Babussalam","osmId":672362489,"highway":"residential","name":"Jalan Datuk Nayan"},"geometry":{"type":"LineString","coordinates":[[100.6347981,2.0624522],[100.63397,2.0627759],[100.6334378,2.0629799],[100.6331326,2.0631697],[100.6329076,2.0633024],[100.6325307,2.0634999],[100.6310227,2.0642045],[100.6306413,2.0643436],[100.6305066,2.0644109],[100.6297616,2.0649764],[100.6296584,2.0650033],[100.6293129,2.0650213],[100.6291288,2.0651021]]}},{"type":"Feature","properties":{"scope":"Kubu Babussalam","osmId":672362490,"highway":"residential","name":null},"geometry":{"type":"LineString","coordinates":[[100.6325307,2.0634999],[100.6331807,2.0649009],[100.6333131,2.0651691],[100.6336078,2.0655957],[100.6341522,2.0659585]]}},{"type":"Feature","properties":{"scope":"Kubu Babussalam","osmId":672362524,"highway":"residential","name":"Jalan MDA"},"geometry":{"type":"LineString","coordinates":[[100.6268873,2.0597086],[100.6269569,2.059534],[100.627042,2.0594294],[100.6271901,2.0593172],[100.6272843,2.0592723],[100.6281011,2.0590479],[100.6291827,2.0586665],[100.6294071,2.058644],[100.629627,2.0586979],[100.629995,2.058819],[100.6304303,2.0588774],[100.6308971,2.0588639],[100.631301,2.058828],[100.632028,2.0587068],[100.6325351,2.0586754],[100.6327595,2.0586306],[100.6335851,2.0584307]]}},{"type":"Feature","properties":{"scope":"Kubu Babussalam","osmId":672366634,"highway":"residential","name":null},"geometry":{"type":"LineString","coordinates":[[100.6887657,2.0722756],[100.6900253,2.0724096],[100.6905842,2.0724691],[100.6906401,2.0724888],[100.690663,2.0725524],[100.6906495,2.0726707],[100.69055,2.0731129]]}},{"type":"Feature","properties":{"scope":"Kubu Babussalam","osmId":672366635,"highway":"residential","name":null},"geometry":{"type":"LineString","coordinates":[[100.6906401,2.0724888],[100.6906163,2.0721802],[100.6909297,2.0720388]]}},{"type":"Feature","properties":{"scope":"Kubu Babussalam","osmId":672366638,"highway":"track","name":null},"geometry":{"type":"LineString","coordinates":[[100.6859274,2.0811421],[100.6868968,2.081595],[100.6870539,2.0816399],[100.6871706,2.0816758],[100.6874354,2.0817027],[100.688315,2.0819002],[100.6895671,2.0821156],[100.6912321,2.0824477],[100.6913847,2.0824567],[100.6917482,2.0825285],[100.6919906,2.0825554],[100.6922643,2.0826183],[100.6925964,2.0826631],[100.6932786,2.0828157],[100.6935554,2.082852],[100.6937588,2.0828786],[100.6941223,2.0829683],[100.6943647,2.0829952],[100.6948224,2.083103],[100.6958125,2.0833194],[100.6970215,2.0834979],[100.6971112,2.0835338],[100.6973491,2.0839018],[100.6976767,2.0844493],[100.6977306,2.0844673],[100.6978158,2.0844403],[100.6979595,2.084364],[100.6981345,2.0843147],[100.6985653,2.0841441],[100.6988795,2.0840275],[100.6993013,2.0838928],[100.699777,2.0837043],[100.7001091,2.0836056],[100.7002931,2.0835203],[100.7005355,2.0834395],[100.7006746,2.0833722],[100.7009618,2.0832825],[100.7011683,2.0831927],[100.7015722,2.0830491],[100.7019761,2.0828965],[100.7024294,2.0827529],[100.7026717,2.0826721],[100.7029814,2.0825779],[100.7032148,2.0824836],[100.7037084,2.0823221],[100.7040495,2.0821695],[100.704615,2.0819585],[100.7048887,2.0818194],[100.7050038,2.0817627],[100.7052197,2.0822512]]}},{"type":"Feature","properties":{"scope":"Kubu Babussalam","osmId":672367934,"highway":"residential","name":null},"geometry":{"type":"LineString","coordinates":[[100.6834277,2.0616105],[100.6827455,2.0624587],[100.682584,2.0631992],[100.6824763,2.0635313]]}},{"type":"Feature","properties":{"scope":"Kubu Babussalam","osmId":672367937,"highway":"unclassified","name":null},"geometry":{"type":"LineString","coordinates":[[100.6854806,2.0639319],[100.6859095,2.063666],[100.6861415,2.0634794],[100.6863807,2.0633114],[100.6875476,2.0626248],[100.6883055,2.0621597],[100.6887092,2.0619196],[100.6894075,2.0614461],[100.689612,2.0613233],[100.6898588,2.0611886],[100.6904092,2.0608896],[100.6907564,2.060686],[100.6910032,2.0605334],[100.6915867,2.0601654],[100.6923428,2.0597031],[100.6936266,2.0588753],[100.6943826,2.0584555],[100.695352,2.0578945],[100.6970619,2.0567546],[100.697578,2.0564225],[100.6978681,2.0562183],[100.6980627,2.0561129],[100.6982925,2.0560234],[100.6987359,2.0558615],[100.6989288,2.0557911],[100.6992116,2.0557089],[100.6996783,2.0555743],[100.6998309,2.0555653],[100.7000373,2.0555923],[100.7005759,2.0555833],[100.7011369,2.0555205],[100.7014465,2.0555249],[100.7016934,2.0555115],[100.7017988,2.0555135],[100.7018842,2.0554979],[100.7019761,2.0554576],[100.7021942,2.0553459],[100.7023844,2.0552936],[100.7025775,2.0552377],[100.702923,2.0551412],[100.7031878,2.0549684],[100.7035289,2.0547037],[100.7038161,2.0545466],[100.7041078,2.0544299],[100.7045073,2.0543132],[100.7048124,2.0542594],[100.7051804,2.0541651],[100.7054632,2.0541651],[100.7055978,2.0541337],[100.705885,2.0540215],[100.7064415,2.0537343],[100.7068634,2.0535862],[100.7070835,2.0535204],[100.7073705,2.0534067],[100.7077206,2.0532855],[100.7080078,2.0532361],[100.70812,2.0532361],[100.7086765,2.0533657],[100.7092644,2.0533797],[100.7095835,2.0534535],[100.7099462,2.0535251],[100.710182,2.0535616],[100.7105041,2.0536063],[100.7108417,2.0536315],[100.7112048,2.0536686],[100.7120787,2.0536849],[100.7121978,2.0536737],[100.7126303,2.0536086],[100.7128009,2.0535772],[100.7134785,2.0537836],[100.7136042,2.0537926],[100.7142998,2.0535457],[100.7158481,2.0529713],[100.7167053,2.052711],[100.7176927,2.052361],[100.7182043,2.052159],[100.7196583,2.0516654],[100.7211349,2.0511627],[100.7217811,2.0509383],[100.7223466,2.0507453],[100.7238116,2.0502468],[100.7250752,2.0498119],[100.7264261,2.0493317],[100.7277455,2.0488739],[100.7279699,2.0488066],[100.7280148,2.0488066],[100.7280462,2.0488245],[100.728109,2.0489547],[100.7284805,2.0499395],[100.7290301,2.051625],[100.7294644,2.0528816],[100.7299394,2.0542453],[100.730326,2.0554127],[100.7307344,2.0565572],[100.7310755,2.0575535],[100.7318744,2.0598557],[100.7323401,2.0611914],[100.7326098,2.0618698],[100.7327766,2.0624869],[100.7327844,2.062514],[100.7328007,2.0625373],[100.7328266,2.0625576],[100.7328477,2.0625612]]}},{"type":"Feature","properties":{"scope":"Kubu Babussalam","osmId":672367938,"highway":"service","name":null},"geometry":{"type":"LineString","coordinates":[[100.7021942,2.0553459],[100.7017921,2.0543401],[100.7016844,2.0541208],[100.7007734,2.0527245],[100.7000284,2.0515846],[100.6993776,2.0505793],[100.6986506,2.0494708],[100.6967567,2.0464908],[100.694729,2.0433597],[100.6936312,2.041697],[100.6928246,2.0404501],[100.6927818,2.0403632],[100.6927541,2.0402523],[100.6927793,2.0400307],[100.6928791,2.039373],[100.6928844,2.0392767],[100.6928172,2.0392087],[100.6919931,2.0387067],[100.6913796,2.0383191],[100.6908635,2.0391579],[100.6901559,2.040375],[100.6891224,2.0421064],[100.6883891,2.0433836],[100.6876043,2.0447679],[100.6866951,2.0462893],[100.6857946,2.0478536],[100.6852991,2.0487348],[100.6845183,2.0500811],[100.6842669,2.0505479],[100.6839573,2.0510012],[100.6838137,2.051248],[100.6837149,2.0513826],[100.6831674,2.0522533],[100.6820365,2.0539721],[100.6817268,2.0544882],[100.6815428,2.054744],[100.6810312,2.0555519],[100.680901,2.0557942],[100.6802952,2.0567187],[100.6796489,2.0577509],[100.6795816,2.057899],[100.6790745,2.0597121]]}},{"type":"Feature","properties":{"scope":"Kubu Babussalam","osmId":672368899,"highway":"residential","name":null},"geometry":{"type":"LineString","coordinates":[[100.6301431,2.0873171],[100.6313189,2.0869401]]}},{"type":"Feature","properties":{"scope":"Kubu Babussalam","osmId":672368900,"highway":"residential","name":null},"geometry":{"type":"LineString","coordinates":[[100.6299142,2.0864868],[100.6301257,2.0872541],[100.6301431,2.0873171],[100.6309195,2.0900592],[100.6309509,2.0902118],[100.6310179,2.0917746]]}},{"type":"Feature","properties":{"scope":"Kubu Babussalam","osmId":672368906,"highway":"residential","name":"Jalan H.M. Saleh"},"geometry":{"type":"LineString","coordinates":[[100.63562,2.0727413],[100.6352144,2.0733687],[100.6350761,2.0736985],[100.6349601,2.0740417],[100.6347685,2.0747639],[100.6347365,2.0748408],[100.6341582,2.076807],[100.6341266,2.0769808],[100.6341284,2.0771653],[100.6341806,2.0773518],[100.6347342,2.0787776],[100.6347729,2.0790671],[100.6348214,2.0792572],[100.6348395,2.0793146],[100.6350182,2.0794992],[100.6366819,2.0811642],[100.638872,2.0830895],[100.6393298,2.0836056],[100.639433,2.0837627],[100.6394824,2.0838704],[100.6396799,2.0844673],[100.6399132,2.0850821],[100.6400075,2.0853918],[100.6401376,2.0860201],[100.6402274,2.0865586],[100.6403261,2.0873754],[100.6404114,2.087914],[100.6404742,2.0882191],[100.6406393,2.0888231],[100.6406941,2.0891706]]}},{"type":"Feature","properties":{"scope":"Kubu Babussalam","osmId":672375946,"highway":"residential","name":null},"geometry":{"type":"LineString","coordinates":[[100.6487409,2.0614684],[100.6490146,2.0624991],[100.6491845,2.0631916]]}},{"type":"Feature","properties":{"scope":"Kubu Babussalam","osmId":672375947,"highway":"residential","name":null},"geometry":{"type":"LineString","coordinates":[[100.6500962,2.0597615],[100.6496564,2.0600577],[100.6495038,2.060125],[100.6493019,2.0601475],[100.6487556,2.0601415],[100.6483908,2.0601699],[100.6480497,2.0602058],[100.6477741,2.0602447],[100.6474394,2.0603045],[100.6469063,2.0603973],[100.6464078,2.0604972],[100.6458487,2.0606612],[100.6450484,2.0607469],[100.6447332,2.0607892],[100.6441418,2.0608489],[100.6437683,2.0608969],[100.6432118,2.0610015],[100.6428812,2.0610556],[100.6428209,2.0610683],[100.6427585,2.0610891],[100.6426891,2.0611203],[100.642599,2.0611671],[100.6423389,2.0613126]]}},{"type":"Feature","properties":{"scope":"Kubu Babussalam","osmId":672375948,"highway":"residential","name":null},"geometry":{"type":"LineString","coordinates":[[100.6383918,2.0689033],[100.6382392,2.0687462],[100.6380283,2.0684545],[100.6379565,2.0682571],[100.6378982,2.0679249],[100.6378728,2.0676187],[100.6378792,2.0675355],[100.6379027,2.0674379],[100.6379969,2.0672024],[100.6377321,2.0670162],[100.6375324,2.0668546],[100.6372429,2.0665606],[100.6368698,2.0662573],[100.63648,2.0659458],[100.6362204,2.0657709],[100.6359503,2.0656205],[100.6358472,2.065515],[100.6357933,2.0653803],[100.6356363,2.0648463],[100.6352997,2.063841],[100.635174,2.0634549],[100.634928,2.0628316],[100.6347981,2.0624522],[100.6347295,2.062252],[100.6344789,2.0614671],[100.6343832,2.0612248],[100.6339622,2.0603392],[100.63393,2.0602044],[100.6338678,2.0598231],[100.6338415,2.0596745],[100.6337449,2.0594058],[100.633666,2.0591661],[100.6336237,2.059033],[100.6336056,2.0589289],[100.6335984,2.0587434],[100.6335851,2.0584307],[100.6335905,2.0583293],[100.6335846,2.0582169],[100.633553,2.0580844],[100.6335175,2.0578709],[100.6334776,2.0575536],[100.6333849,2.0572377],[100.6332751,2.0568121],[100.6332492,2.0566902],[100.633221,2.0563741],[100.6331995,2.0560698],[100.6331645,2.0559107],[100.6331067,2.0557021],[100.6330644,2.0554925],[100.6330539,2.0553386],[100.6330461,2.0551516],[100.6330296,2.0547899],[100.6330045,2.0543314],[100.6330158,2.0540764],[100.633037,2.0538623],[100.6330589,2.0537396],[100.6331404,2.053305],[100.633222,2.0528754],[100.6332314,2.0526445],[100.6332302,2.0524297],[100.633196,2.0521317],[100.6331517,2.0520552],[100.6330815,2.0520076],[100.6330052,2.0519897],[100.63266,2.0519854],[100.6325239,2.0520033],[100.6324296,2.0520415],[100.6323063,2.0521635],[100.6321987,2.0522872],[100.6320147,2.0525285],[100.6319038,2.052655],[100.6318124,2.0527291],[100.631608,2.0528924],[100.6313555,2.0530737],[100.6308268,2.0535346],[100.6305746,2.0537709],[100.6303355,2.0539715],[100.6301273,2.0541269],[100.6299485,2.0542346],[100.6295055,2.0544172],[100.6289807,2.05456],[100.6282133,2.0547844],[100.6279545,2.0548778],[100.6277002,2.0549879],[100.6276032,2.055029],[100.6275154,2.0551052],[100.6273247,2.0552646],[100.6271205,2.0554508],[100.62685,2.0556415],[100.6267607,2.055735],[100.6266874,2.0558436],[100.6265755,2.0560172],[100.6264666,2.0562015],[100.6262701,2.0563687],[100.6260564,2.0565199],[100.6258643,2.0566109],[100.6256694,2.0566874],[100.6254787,2.0567282],[100.6251577,2.0567614],[100.624931,2.056765],[100.6248689,2.056748]]}},{"type":"Feature","properties":{"scope":"Kubu Babussalam","osmId":672375949,"highway":"residential","name":"Jalan Parit Husin"},"geometry":{"type":"LineString","coordinates":[[100.6313359,2.0681809],[100.6303002,2.0697919],[100.6299277,2.0702901],[100.6297123,2.0706042],[100.6296046,2.0708017],[100.6295687,2.0711697],[100.6293084,2.0715871],[100.6282627,2.0730681],[100.627953,2.0734495],[100.627401,2.0740599],[100.6271725,2.0742401],[100.6260591,2.0748542],[100.6254533,2.0751998],[100.6246051,2.07568],[100.6242012,2.0758999],[100.6234331,2.0763004],[100.6232048,2.0763846],[100.6227755,2.0765169],[100.6227588,2.0765224],[100.6227429,2.0765244],[100.6227277,2.0765232],[100.6227152,2.0765185],[100.6227047,2.0765128],[100.6226917,2.0765011],[100.6221188,2.075689],[100.6210883,2.0748117],[100.6206602,2.0744279],[100.6197747,2.0736945],[100.6189144,2.0729469],[100.6188067,2.0728751],[100.6186945,2.0727988],[100.617972,2.072332],[100.6171193,2.0718429],[100.6166705,2.0715736],[100.6163563,2.0713941],[100.6159749,2.0711652],[100.6156742,2.0709857],[100.6147272,2.0704471],[100.6138917,2.0699944]]}},{"type":"Feature","properties":{"scope":"Kubu Babussalam","osmId":672375951,"highway":"service","name":null},"geometry":{"type":"LineString","coordinates":[[100.6573905,2.0633942],[100.6568188,2.0650517],[100.656226,2.0659276]]}},{"type":"Feature","properties":{"scope":"Kubu Babussalam","osmId":672375955,"highway":"residential","name":null},"geometry":{"type":"LineString","coordinates":[[100.6648524,2.0552198],[100.6633453,2.0535461],[100.6625187,2.0526482],[100.6577346,2.047339],[100.6573845,2.0469576],[100.6572589,2.0468185],[100.6571746,2.0467008]]}},{"type":"Feature","properties":{"scope":"Kubu Babussalam","osmId":672375964,"highway":"service","name":null},"geometry":{"type":"LineString","coordinates":[[100.649233,2.0632052],[100.6496484,2.0645928]]}},{"type":"Feature","properties":{"scope":"Kubu Babussalam","osmId":672375967,"highway":"track","name":null},"geometry":{"type":"LineString","coordinates":[[100.6359121,2.0612558],[100.6369108,2.0609822],[100.6381619,2.0606071],[100.6382926,2.0605545],[100.6383922,2.0604971],[100.6389826,2.0599919],[100.6390967,2.0598748],[100.6393914,2.0594694],[100.6394453,2.0593871],[100.6396639,2.0589437],[100.639721,2.0588551],[100.6397907,2.0587822],[100.639875,2.0587293],[100.6400793,2.058635],[100.6414526,2.0579933],[100.6420967,2.057722]]}},{"type":"Feature","properties":{"scope":"Kubu Babussalam","osmId":672375970,"highway":"residential","name":null},"geometry":{"type":"LineString","coordinates":[[100.6647528,2.0513774],[100.664416,2.0518849],[100.6639817,2.052545],[100.6633453,2.0535461],[100.6620919,2.0554544],[100.6613025,2.0567681],[100.6607998,2.0576477],[100.6606624,2.05789],[100.6600907,2.0588325],[100.6596554,2.0595954],[100.6592829,2.0602058],[100.6591079,2.0605379],[100.6589508,2.0608745],[100.658502,2.0620234],[100.6580218,2.0634281]]}},{"type":"Feature","properties":{"scope":"Kubu Babussalam","osmId":672375976,"highway":"service","name":null},"geometry":{"type":"LineString","coordinates":[[100.6614865,2.0634954],[100.6610124,2.0643649],[100.6608592,2.0646635],[100.6607658,2.0647979],[100.6602616,2.0653876],[100.6599157,2.0657977],[100.6588386,2.067162],[100.6586905,2.0674088],[100.6585076,2.06768],[100.6584669,2.0677407]]}},{"type":"Feature","properties":{"scope":"Kubu Babussalam","osmId":672375981,"highway":"residential","name":null},"geometry":{"type":"LineString","coordinates":[[100.6420967,2.057722],[100.6425297,2.057531],[100.6430285,2.0573082],[100.6440286,2.0568623]]}},{"type":"Feature","properties":{"scope":"Kubu Babussalam","osmId":672375983,"highway":"service","name":null},"geometry":{"type":"LineString","coordinates":[[100.6436474,2.0542634],[100.6437518,2.0544228],[100.645065,2.0564282]]}},{"type":"Feature","properties":{"scope":"Kubu Babussalam","osmId":672375984,"highway":"service","name":null},"geometry":{"type":"LineString","coordinates":[[100.6429887,2.0548698],[100.6437518,2.0544228]]}},{"type":"Feature","properties":{"scope":"Kubu Babussalam","osmId":672375985,"highway":"service","name":null},"geometry":{"type":"LineString","coordinates":[[100.6455613,2.0554998],[100.6456226,2.0557578],[100.6456435,2.0558457],[100.6457278,2.0561008],[100.64574,2.0561185],[100.64576,2.0561241],[100.6457772,2.056129],[100.6457907,2.0561369],[100.6458001,2.0561489],[100.6458393,2.0562711]]}},{"type":"Feature","properties":{"scope":"Kubu Babussalam","osmId":672375986,"highway":"service","name":null},"geometry":{"type":"LineString","coordinates":[[100.6458243,2.0554022],[100.6458953,2.0556639]]}},{"type":"Feature","properties":{"scope":"Kubu Babussalam","osmId":672375987,"highway":"service","name":null},"geometry":{"type":"LineString","coordinates":[[100.6458953,2.0556639],[100.6456226,2.0557578]]}},{"type":"Feature","properties":{"scope":"Kubu Babussalam","osmId":672375988,"highway":"service","name":null},"geometry":{"type":"LineString","coordinates":[[100.6456323,2.056229],[100.6458001,2.0561489]]}},{"type":"Feature","properties":{"scope":"Kubu Babussalam","osmId":672375991,"highway":"residential","name":null},"geometry":{"type":"LineString","coordinates":[[100.6440286,2.0568623],[100.6444505,2.0566738],[100.645065,2.0564282],[100.6455914,2.0562361],[100.6456323,2.056229],[100.6456658,2.0562305],[100.6456981,2.0562462],[100.6457255,2.0562656],[100.6457622,2.0562753],[100.6458125,2.0562752],[100.6458393,2.0562711],[100.6458605,2.0562678],[100.6458986,2.0562555],[100.6459238,2.0562388],[100.6459416,2.0562172],[100.6459674,2.0561802],[100.6465418,2.0550358],[100.6469951,2.0542594],[100.6475491,2.0532551],[100.6476274,2.0530412],[100.6476997,2.0527649],[100.647767,2.0525585],[100.6481555,2.0516275],[100.6482293,2.0514858],[100.6485025,2.0510944],[100.6487728,2.0507055],[100.6490276,2.050349],[100.6492166,2.0500946],[100.6496115,2.0494977],[100.6499795,2.0490324],[100.6502623,2.0487921],[100.6505615,2.0485089],[100.6512002,2.0477609],[100.6513931,2.0475551],[100.6514695,2.0474823],[100.6515301,2.0474428],[100.652412,2.0469935],[100.6541218,2.0461677],[100.6545661,2.0459523],[100.6555355,2.0455259],[100.6567607,2.0449246],[100.6571601,2.0446284],[100.6575865,2.0443097],[100.6578288,2.0440988],[100.658493,2.0433897],[100.6589378,2.0429235],[100.6594908,2.0423899],[100.6599803,2.041977]]}},{"type":"Feature","properties":{"scope":"Kubu Babussalam","osmId":673203253,"highway":"track","name":null},"geometry":{"type":"LineString","coordinates":[[100.6511374,2.0839916],[100.6518016,2.0838973],[100.652385,2.083821],[100.6530133,2.0837313],[100.653406,2.0836639],[100.6537661,2.0836076],[100.6541578,2.0835562],[100.654243,2.0835203],[100.6546065,2.0832511]]}},{"type":"Feature","properties":{"scope":"Kubu Babussalam","osmId":673203255,"highway":"secondary","name":null},"geometry":{"type":"LineString","coordinates":[[100.6417129,2.0774931],[100.6416545,2.07866],[100.6416904,2.0787587],[100.6418272,2.0789453],[100.6418385,2.0789606],[100.6422852,2.0795035],[100.6424399,2.0796877],[100.6424893,2.0797191],[100.642772,2.0799704],[100.6432836,2.0802846],[100.6436651,2.0804731],[100.6439344,2.0806346],[100.6447108,2.0812719],[100.6453121,2.0820304],[100.6456712,2.0826093],[100.6459045,2.0831478],[100.6463803,2.084189],[100.6464251,2.0842743],[100.6465373,2.0844],[100.6469547,2.0847231],[100.6474933,2.0850642],[100.6478478,2.085311],[100.648632,2.0858065]]}},{"type":"Feature","properties":{"scope":"Kubu Babussalam","osmId":673203258,"highway":"residential","name":null},"geometry":{"type":"LineString","coordinates":[[100.6493212,2.0732896],[100.6491277,2.0726368],[100.6489861,2.0720187],[100.6488486,2.071439],[100.6486096,2.0701657]]}},{"type":"Feature","properties":{"scope":"Kubu Babussalam","osmId":673203259,"highway":"residential","name":null},"geometry":{"type":"LineString","coordinates":[[100.6484938,2.0737932],[100.6484402,2.0735752],[100.6483639,2.0733284],[100.648273,2.0730014],[100.6482635,2.0729819],[100.6482446,2.072972],[100.6482198,2.0729695],[100.6481853,2.0729722],[100.6478845,2.0730684]]}},{"type":"Feature","properties":{"scope":"Kubu Babussalam","osmId":673203260,"highway":"residential","name":null},"geometry":{"type":"LineString","coordinates":[[100.6513298,2.0601291],[100.6510746,2.0604381],[100.6508053,2.0607443],[100.650563,2.0609508],[100.6503301,2.0610769],[100.6500603,2.0611976],[100.6496923,2.0613573],[100.6495369,2.0614214],[100.6494118,2.0614643],[100.6493072,2.0614902],[100.6491875,2.0614988],[100.6487409,2.0614684],[100.6481934,2.0614175],[100.6475875,2.0615118],[100.647049,2.0616778],[100.6468739,2.0617451],[100.6464087,2.0620219],[100.6455949,2.0622947],[100.6449486,2.0624722],[100.6444998,2.0625978],[100.6436023,2.0629165],[100.6430637,2.0631454],[100.6423681,2.0635538],[100.6421527,2.0637063],[100.6418022,2.0639862],[100.6416403,2.0641176],[100.6413,2.0644065],[100.6411474,2.064586],[100.6410935,2.0646712],[100.6409295,2.0650005],[100.6407704,2.065322],[100.6407121,2.0654566],[100.6406447,2.0656765],[100.6405729,2.0659907],[100.640564,2.0661657],[100.6406717,2.0667267],[100.6406968,2.0668317],[100.6407255,2.0669286],[100.6407704,2.0670363],[100.6408826,2.0672338],[100.6411025,2.0674672],[100.6412704,2.0675777],[100.641507,2.0677062],[100.6417922,2.067886],[100.641879,2.067928],[100.6419573,2.067953]]}},{"type":"Feature","properties":{"scope":"Kubu Babussalam","osmId":673203261,"highway":"residential","name":null},"geometry":{"type":"LineString","coordinates":[[100.6423705,2.0705846],[100.6415692,2.0704292],[100.6402807,2.0700683],[100.6400422,2.0699062],[100.6399357,2.0698278],[100.6398235,2.069756],[100.6392849,2.0695675],[100.639083,2.0694419],[100.6386117,2.0690559],[100.6385197,2.0689927],[100.6383918,2.0689033]]}},{"type":"Feature","properties":{"scope":"Kubu Babussalam","osmId":673203262,"highway":"service","name":null},"geometry":{"type":"LineString","coordinates":[[100.6513124,2.0893276],[100.6523581,2.0885378],[100.6522728,2.0882326],[100.6521876,2.0880486],[100.6521223,2.0875952]]}},{"type":"Feature","properties":{"scope":"Kubu Babussalam","osmId":673203265,"highway":"track","name":null},"geometry":{"type":"LineString","coordinates":[[100.6729789,2.0853241],[100.672967,2.0854382]]}},{"type":"Feature","properties":{"scope":"Kubu Babussalam","osmId":673203266,"highway":"residential","name":null},"geometry":{"type":"LineString","coordinates":[[100.6489712,2.0874475],[100.6488402,2.0867202],[100.6488262,2.0866304],[100.6487409,2.0861009],[100.6487678,2.0859931],[100.6488013,2.0859399]]}},{"type":"Feature","properties":{"scope":"Kubu Babussalam","osmId":673203267,"highway":"track","name":null},"geometry":{"type":"LineString","coordinates":[[100.6480363,2.0875415],[100.6481305,2.088457],[100.6481395,2.0886589]]}},{"type":"Feature","properties":{"scope":"Kubu Babussalam","osmId":673203268,"highway":"service","name":null},"geometry":{"type":"LineString","coordinates":[[100.6528468,2.0879483],[100.6527052,2.0877402],[100.6526073,2.0876425],[100.6525107,2.0875549],[100.6523874,2.0874366],[100.6522856,2.087427]]}},{"type":"Feature","properties":{"scope":"Kubu Babussalam","osmId":673203270,"highway":"residential","name":null},"geometry":{"type":"LineString","coordinates":[[100.6481171,2.0700522],[100.648162,2.0699721],[100.6489877,2.0695002],[100.6490954,2.0694015],[100.6493782,2.0690738],[100.6494762,2.0689424],[100.6495936,2.0687776],[100.6497731,2.0684949],[100.6504104,2.0676826],[100.6506034,2.0674088]]}},{"type":"Feature","properties":{"scope":"Kubu Babussalam","osmId":673203271,"highway":"track","name":null},"geometry":{"type":"LineString","coordinates":[[100.6420331,2.0724169],[100.6423065,2.0724719],[100.6423053,2.0725116],[100.6422614,2.0730461]]}},{"type":"Feature","properties":{"scope":"Kubu Babussalam","osmId":673203273,"highway":"residential","name":null},"geometry":{"type":"LineString","coordinates":[[100.6480874,2.0739455],[100.6480261,2.0736954],[100.6478845,2.0730684],[100.6478056,2.0727656]]}},{"type":"Feature","properties":{"scope":"Kubu Babussalam","osmId":673203274,"highway":"residential","name":null},"geometry":{"type":"LineString","coordinates":[[100.6480261,2.0736954],[100.6484402,2.0735752]]}},{"type":"Feature","properties":{"scope":"Kubu Babussalam","osmId":673203275,"highway":"track","name":null},"geometry":{"type":"LineString","coordinates":[[100.648632,2.0858065],[100.6485793,2.085872],[100.6480694,2.0859666],[100.6481164,2.0861735]]}},{"type":"Feature","properties":{"scope":"Kubu Babussalam","osmId":673203276,"highway":"track","name":null},"geometry":{"type":"LineString","coordinates":[[100.6419351,2.0941961],[100.6417936,2.0940265],[100.641484,2.0936674],[100.6412955,2.093443],[100.6410083,2.0931064],[100.6403575,2.0923435],[100.6402829,2.0922135],[100.6401556,2.0918319],[100.6401115,2.0916989],[100.6400694,2.0915489]]}},{"type":"Feature","properties":{"scope":"Kubu Babussalam","osmId":673203280,"highway":"residential","name":"Jalan Sendeng"},"geometry":{"type":"LineString","coordinates":[[100.6383918,2.0689033],[100.6381046,2.0691322],[100.6379834,2.0692668],[100.6378129,2.0695137],[100.6372743,2.0703888],[100.6370096,2.0708376],[100.6365742,2.0714614],[100.6363364,2.0717396],[100.6361883,2.0719371],[100.635645,2.0727059],[100.63562,2.0727413]]}},{"type":"Feature","properties":{"scope":"Kubu Babussalam","osmId":673203281,"highway":"track","name":null},"geometry":{"type":"LineString","coordinates":[[100.6412884,2.0718448],[100.6421034,2.0719483]]}},{"type":"Feature","properties":{"scope":"Kubu Babussalam","osmId":673203282,"highway":"residential","name":null},"geometry":{"type":"LineString","coordinates":[[100.6499257,2.0699939],[100.6497013,2.0700343],[100.6495487,2.0700612],[100.6492358,2.070083],[100.6489967,2.0700971],[100.6486096,2.0701657],[100.6484756,2.0701808],[100.6483333,2.0701897],[100.6482831,2.0701824],[100.6482416,2.0701642],[100.6481619,2.0700971],[100.6481171,2.0700522],[100.6479986,2.0700607]]}},{"type":"Feature","properties":{"scope":"Kubu Babussalam","osmId":673203283,"highway":"residential","name":null},"geometry":{"type":"LineString","coordinates":[[100.6493212,2.0732896],[100.6490416,2.0734378],[100.6487678,2.0735797],[100.6487604,2.0737201],[100.6484938,2.0737932],[100.6483549,2.0738714],[100.6480874,2.0739455],[100.6474484,2.0741811],[100.647224,2.0742663],[100.6468919,2.0744189],[100.6467258,2.0745176],[100.6463982,2.0746747],[100.6461963,2.0747959],[100.6458731,2.0750248],[100.6457026,2.0751235],[100.6454019,2.0753434],[100.6452314,2.0754421],[100.6450429,2.0755813],[100.6447826,2.0757428],[100.6442799,2.0760974],[100.6437189,2.076416],[100.6434362,2.0765551],[100.6433375,2.0766225],[100.6430547,2.0767616],[100.6427092,2.0769635],[100.6423591,2.0771431],[100.6417129,2.0774931]]}},{"type":"Feature","properties":{"scope":"Kubu Babussalam","osmId":673203284,"highway":"primary","name":"Bundaran Tugu Lumba-Lumba"},"geometry":{"type":"LineString","coordinates":[[100.6522255,2.0873041],[100.6521853,2.0872799],[100.6521384,2.0872679],[100.65209,2.0872701],[100.6520443,2.0872863],[100.652,2.0873207],[100.6519698,2.0873681],[100.6519575,2.0874229],[100.651964,2.0874778],[100.6519885,2.0875275],[100.6520281,2.0875661],[100.652073,2.0875879],[100.6521223,2.0875952],[100.6521736,2.0875867],[100.6522197,2.0875626],[100.652256,2.0875253],[100.6522787,2.0874786],[100.6522856,2.087427],[100.6522778,2.0873808],[100.6522572,2.0873387],[100.6522255,2.0873041]]}},{"type":"Feature","properties":{"scope":"Kubu Babussalam","osmId":673203285,"highway":"service","name":null},"geometry":{"type":"LineString","coordinates":[[100.6392778,2.0901111],[100.6394692,2.090907]]}},{"type":"Feature","properties":{"scope":"Kubu Babussalam","osmId":673203286,"highway":"service","name":null},"geometry":{"type":"LineString","coordinates":[[100.6391789,2.0909933],[100.6394692,2.090907],[100.6397958,2.0908137],[100.6398303,2.090919]]}},{"type":"Feature","properties":{"scope":"Kubu Babussalam","osmId":673203287,"highway":"residential","name":null},"geometry":{"type":"LineString","coordinates":[[100.650536,2.0866882],[100.6499093,2.0867073],[100.6488402,2.0867202]]}},{"type":"Feature","properties":{"scope":"Kubu Babussalam","osmId":673203288,"highway":"residential","name":null},"geometry":{"type":"LineString","coordinates":[[100.650563,2.0860291],[100.65054,2.0865908],[100.6505372,2.0866595],[100.650536,2.0866882],[100.6505084,2.0873805]]}},{"type":"Feature","properties":{"scope":"Kubu Babussalam","osmId":673203289,"highway":"residential","name":null},"geometry":{"type":"LineString","coordinates":[[100.6506132,2.0825202],[100.6511374,2.0839916],[100.6513259,2.0847051],[100.6514695,2.0852212],[100.6515503,2.0855758],[100.651649,2.0859438],[100.651674,2.0861254]]}},{"type":"Feature","properties":{"scope":"Kubu Babussalam","osmId":673203290,"highway":"primary","name":"Jalan Bagan Siapiapi - Teluk Piyai (Kubu)"},"geometry":{"type":"LineString","coordinates":[[100.6521853,2.0872799],[100.6522891,2.0871706],[100.6529782,2.0865887],[100.6534503,2.0862364],[100.6540451,2.085861],[100.6545502,2.0855686],[100.6546833,2.0854701],[100.6548102,2.0853724],[100.6549669,2.0852487],[100.6550974,2.0851158],[100.6554355,2.0847262],[100.6556972,2.0844717],[100.6557201,2.084405]]}},{"type":"Feature","properties":{"scope":"Kubu Babussalam","osmId":673203291,"highway":"primary","name":"Jembatan Kubu"},"geometry":{"type":"LineString","coordinates":[[100.6567757,2.0836944],[100.6580956,2.0849275]]}},{"type":"Feature","properties":{"scope":"Kubu Babussalam","osmId":673203292,"highway":"tertiary","name":null},"geometry":{"type":"LineString","coordinates":[[100.6854673,2.0861843],[100.6854046,2.0860299],[100.6847426,2.0844],[100.6847247,2.0842384],[100.68481,2.084023],[100.6851959,2.0833229],[100.6852543,2.0831658],[100.6854921,2.0822682],[100.6859274,2.0811421],[100.6862461,2.0803205],[100.6865468,2.0794274],[100.6870898,2.0779374],[100.6876598,2.0764878],[100.6880727,2.0754332],[100.6883554,2.0746029],[100.6885439,2.0738534],[100.6886202,2.0734091],[100.6887458,2.0728122],[100.6887657,2.0722756],[100.6887638,2.0722602],[100.6886157,2.0707523],[100.6885888,2.0701195],[100.6885529,2.0699131],[100.6882252,2.069379],[100.687561,2.0682795],[100.6869731,2.067337],[100.6869597,2.0672966],[100.6862326,2.0660939],[100.6861967,2.0660535],[100.6857614,2.0651604],[100.6857838,2.0650078],[100.6858915,2.064761],[100.685905,2.0646937],[100.685896,2.0646443],[100.6858512,2.0645546],[100.6856312,2.0642539],[100.6854806,2.0639319],[100.6852991,2.063657],[100.6845227,2.0628133],[100.6834277,2.0616105],[100.6830417,2.0611617],[100.6825167,2.0606366],[100.6823865,2.0605693],[100.6813722,2.0603359],[100.6790745,2.0597121],[100.6763907,2.0590434],[100.6751924,2.0587697],[100.6747885,2.0587158],[100.6745193,2.0587203],[100.6742186,2.0587652],[100.6740435,2.0588146],[100.6736396,2.059021],[100.6728318,2.0595057],[100.6726119,2.0596179],[100.6704552,2.060284],[100.6696005,2.0606187],[100.668308,2.0610989],[100.6673925,2.0614759],[100.6650723,2.0624856],[100.6637932,2.0630466],[100.6630931,2.0633653],[100.6628597,2.063446],[100.6625995,2.0634848],[100.6623392,2.0634996],[100.6614865,2.0634954],[100.6608896,2.063473],[100.6597817,2.0634582],[100.6580218,2.0634281],[100.6573905,2.0633942],[100.6569976,2.0633692],[100.655935,2.0633383],[100.6553605,2.0633383],[100.6537897,2.0633159],[100.6531031,2.0633114],[100.6520709,2.0633563],[100.6512272,2.0634416],[100.6506886,2.063455],[100.650195,2.0634191],[100.649233,2.0632052],[100.6491845,2.0631916],[100.6486527,2.0630273],[100.6472689,2.0625231],[100.6467205,2.0622513],[100.6466055,2.0621836],[100.6464857,2.0620943],[100.6464087,2.0620219],[100.6463175,2.0618337]]}},{"type":"Feature","properties":{"scope":"Kubu Babussalam","osmId":673203293,"highway":"residential","name":null},"geometry":{"type":"LineString","coordinates":[[100.6478461,2.0700732],[100.647753,2.070081],[100.6476775,2.0700713],[100.6467034,2.0698906],[100.6461155,2.0698368],[100.6456712,2.0698278],[100.6454692,2.0698502],[100.6450159,2.06994],[100.644639,2.069958],[100.6437548,2.0700522],[100.6433105,2.0700343],[100.6425086,2.0699233],[100.6417802,2.0696887],[100.6413808,2.069554],[100.6411429,2.0695092],[100.640923,2.0694419],[100.6404832,2.0692309],[100.6400748,2.06902]]}},{"type":"Feature","properties":{"scope":"Kubu Babussalam","osmId":673203296,"highway":"residential","name":null},"geometry":{"type":"LineString","coordinates":[[100.6479986,2.0700607],[100.6479245,2.0700666],[100.6478461,2.0700732]]}},{"type":"Feature","properties":{"scope":"Kubu Babussalam","osmId":673203298,"highway":"track","name":null},"geometry":{"type":"LineString","coordinates":[[100.6729625,2.0854977],[100.6728812,2.0859034],[100.6726972,2.0865945],[100.6722304,2.0878242],[100.6719432,2.0884884],[100.6717637,2.0889551],[100.6716829,2.0893815],[100.671665,2.0895386],[100.671656,2.0898707],[100.6713418,2.0905304],[100.6710905,2.0911542],[100.6710726,2.091244],[100.6710456,2.0916613],[100.6709828,2.0920249],[100.67092,2.0926532],[100.6707674,2.0934161],[100.6706687,2.0937253],[100.6706381,2.0938206],[100.670543,2.0941162],[100.6704694,2.0943854],[100.6703725,2.09474],[100.6702827,2.0950048],[100.670166,2.0952472],[100.6700134,2.0953997],[100.6698204,2.0956241],[100.6691742,2.096432],[100.6689633,2.0966743],[100.6687613,2.0971545],[100.6683125,2.0976841],[100.6681599,2.0979623],[100.6680118,2.0981867],[100.6678413,2.0984111],[100.6677246,2.0985368],[100.6676842,2.0985772],[100.667642,2.098528],[100.6674325,2.09822],[100.6670251,2.0986128]]}},{"type":"Feature","properties":{"scope":"Kubu Babussalam","osmId":673203301,"highway":"track","name":null},"geometry":{"type":"LineString","coordinates":[[100.672967,2.0854382],[100.6729643,2.085475],[100.6729625,2.0854977]]}},{"type":"Feature","properties":{"scope":"Kubu Babussalam","osmId":674565327,"highway":"primary","name":"Jalan Bagan Siapiapi - Teluk Piyai (Kubu)"},"geometry":{"type":"LineString","coordinates":[[100.6854673,2.0861843],[100.6862416,2.086249],[100.6877226,2.0863477],[100.688941,2.0864341],[100.6898184,2.0864913],[100.6915822,2.0866125],[100.6933055,2.0867292],[100.6941285,2.0867993],[100.6950827,2.0868503],[100.6965009,2.0869446],[100.6970843,2.0869805],[100.6977306,2.0870164],[100.6984352,2.0870658],[100.6994539,2.087142],[100.7006656,2.0872139],[100.7020928,2.0873036],[100.7032148,2.0873979],[100.7043996,2.0874741],[100.7054138,2.0875415],[100.7062127,2.0875819],[100.7071057,2.0876492],[100.7074643,2.0876727],[100.7077189,2.0876858],[100.7079695,2.0876766],[100.7081736,2.0876341],[100.7085239,2.0875405],[100.7089842,2.0874443]]}},{"type":"Feature","properties":{"scope":"Kubu Babussalam","osmId":674565328,"highway":"residential","name":"Jalan Datuk Husin"},"geometry":{"type":"LineString","coordinates":[[100.6356363,2.0648463],[100.6355151,2.0648822],[100.6354029,2.0649495],[100.6348916,2.0653385],[100.6346823,2.0655055],[100.6341522,2.0659585],[100.6336437,2.066408],[100.6334686,2.0665606],[100.633159,2.066803],[100.6313359,2.0681809]]}},{"type":"Feature","properties":{"scope":"Kubu Babussalam","osmId":674565337,"highway":"residential","name":null},"geometry":{"type":"LineString","coordinates":[[100.641754,2.0751361],[100.641843,2.0742573],[100.6418969,2.0734989],[100.6420331,2.0724169],[100.6421034,2.0719483],[100.6422065,2.0714255],[100.6422529,2.0711546],[100.6423705,2.0705846],[100.6425086,2.0699233]]}},{"type":"Feature","properties":{"scope":"Kubu Babussalam","osmId":674565338,"highway":"service","name":null},"geometry":{"type":"LineString","coordinates":[[100.6775052,2.1165543],[100.6775825,2.1149658],[100.6776475,2.1139867],[100.6776191,2.1132351],[100.6776435,2.1122682],[100.6775256,2.1116222],[100.6775174,2.1115328],[100.6775174,2.1114353],[100.6775337,2.111285],[100.6775337,2.1101339]]}},{"type":"Feature","properties":{"scope":"Kubu Babussalam","osmId":1329311962,"highway":"primary","name":"Jalan Bagan Siapiapi - Teluk Piyai (Kubu)"},"geometry":{"type":"LineString","coordinates":[[100.6557201,2.084405],[100.6556308,2.0844666],[100.6554937,2.084589],[100.655355,2.0847437],[100.6552095,2.0849131],[100.6550862,2.0850501],[100.6549129,2.085224],[100.6547935,2.0853172],[100.6546618,2.0854211],[100.6545278,2.0855142],[100.6542975,2.0856351],[100.6539578,2.0858437],[100.6535257,2.0861123],[100.6533431,2.0862309],[100.6528409,2.0866165],[100.6524434,2.086966],[100.6521993,2.0871823],[100.65209,2.0872701]]}},{"type":"Feature","properties":{"scope":"Kubu Babussalam","osmId":1329311963,"highway":"primary","name":"Jalan Bagan Siapiapi - Teluk Piyai (Kubu)"},"geometry":{"type":"LineString","coordinates":[[100.6565187,2.0834941],[100.6563233,2.0833591],[100.656209,2.0833284],[100.6561022,2.0833938],[100.6560115,2.0835003],[100.6559411,2.083645],[100.6558687,2.0838542],[100.6558476,2.0839577]]}},{"type":"Feature","properties":{"scope":"Kubu Babussalam","osmId":1329311964,"highway":"primary","name":"Jalan Bagan Siapiapi - Teluk Piyai (Kubu)"},"geometry":{"type":"LineString","coordinates":[[100.6558476,2.0839577],[100.6559427,2.0838882],[100.6560312,2.0837759],[100.6561651,2.0836101],[100.6562619,2.0835231],[100.6563751,2.0834969],[100.6565187,2.0834941]]}},{"type":"Feature","properties":{"scope":"Kubu Babussalam","osmId":1329311965,"highway":"primary","name":"Jalan Bagan Siapiapi - Teluk Piyai (Kubu)"},"geometry":{"type":"LineString","coordinates":[[100.6557201,2.084405],[100.6557854,2.0843299],[100.6557962,2.0842655],[100.6558476,2.0839577]]}},{"type":"Feature","properties":{"scope":"Kubu Babussalam","osmId":1329311966,"highway":"unclassified","name":null},"geometry":{"type":"LineString","coordinates":[[100.6557962,2.0842655],[100.6559115,2.0842651],[100.6559974,2.0842075],[100.6560832,2.0841351],[100.6561462,2.0840694],[100.6562388,2.0839676],[100.6563769,2.0838362],[100.6566434,2.083577]]}},{"type":"Feature","properties":{"scope":"Kubu Babussalam","osmId":1329311967,"highway":"primary","name":"Jalan Bagan Siapiapi - Teluk Piyai (Kubu)"},"geometry":{"type":"LineString","coordinates":[[100.6565187,2.0834941],[100.6565927,2.0835433],[100.6566434,2.083577],[100.6567757,2.0836944]]}},{"type":"Feature","properties":{"scope":"Kubu Babussalam","osmId":1329311968,"highway":"primary","name":"Jalan Bagan Siapiapi - Teluk Piyai (Kubu)"},"geometry":{"type":"LineString","coordinates":[[100.6580956,2.0849275],[100.6581753,2.0850035],[100.6582866,2.0850776],[100.6583943,2.085127],[100.6586142,2.0851853],[100.6587309,2.0851988],[100.6588655,2.0851943],[100.6590136,2.0851629],[100.6591797,2.0851045],[100.6595656,2.0848846],[100.6600818,2.0845211],[100.6602209,2.0844403],[100.6603869,2.084391],[100.6605081,2.084382],[100.6612262,2.0844134],[100.6619442,2.0844852],[100.6630034,2.0845481],[100.6654941,2.0847455],[100.6666689,2.0848175],[100.6682554,2.0849637],[100.67078,2.0851596],[100.6729789,2.0853241],[100.6747257,2.0854546],[100.6758118,2.0855264],[100.6768081,2.0856162],[100.67758,2.0856566],[100.6854673,2.0861843]]}},{"type":"Feature","properties":{"scope":"Kubu Babussalam","osmId":1332752024,"highway":"secondary","name":null},"geometry":{"type":"LineString","coordinates":[[100.639269,2.0749718],[100.6395532,2.0749995],[100.6399148,2.0750389],[100.6402287,2.0750658],[100.6403809,2.075081],[100.6406084,2.0751017],[100.6409996,2.0751266],[100.6413648,2.0751492],[100.6415101,2.0751167]]}},{"type":"Feature","properties":{"scope":"Kubu Babussalam","osmId":1332752025,"highway":"secondary","name":null},"geometry":{"type":"LineString","coordinates":[[100.6269074,2.0597735],[100.6270175,2.0599614],[100.6271335,2.0602408],[100.6272088,2.0604333],[100.6272745,2.0606244],[100.6273892,2.0609542],[100.6274841,2.061197],[100.6275739,2.0614393],[100.6277463,2.0618993],[100.6278891,2.062302],[100.6279965,2.0626313],[100.6281114,2.0629648],[100.6282354,2.0632899],[100.6283704,2.0636096],[100.628465,2.063828],[100.62857,2.0640408],[100.6287724,2.0644672],[100.6290041,2.0649007]]}},{"type":"Feature","properties":{"scope":"Kubu Babussalam","osmId":1332752026,"highway":"secondary","name":null},"geometry":{"type":"LineString","coordinates":[[100.6341481,2.0712846],[100.6342813,2.071444],[100.6343802,2.071566],[100.6345074,2.0717102],[100.6346043,2.0718171],[100.6346689,2.0718787],[100.6348444,2.0720662],[100.6351422,2.0723244],[100.6353248,2.0724828],[100.6353965,2.07249]]}},{"type":"Feature","properties":{"scope":"Kubu Babussalam","osmId":1332752027,"highway":"secondary","name":null},"geometry":{"type":"LineString","coordinates":[[100.6353965,2.07249],[100.635645,2.0727059]]}},{"type":"Feature","properties":{"scope":"Kubu Babussalam","osmId":1332752028,"highway":"secondary","name":null},"geometry":{"type":"LineString","coordinates":[[100.6357649,2.0728069],[100.6357897,2.0728695],[100.6359873,2.0730443],[100.6363167,2.0733249],[100.6364532,2.0734283],[100.6366336,2.0735624],[100.6368893,2.0737466],[100.6371779,2.0739245],[100.6375081,2.0741463],[100.6377976,2.0743438],[100.6380603,2.0745155],[100.6382493,2.0746503],[100.638487,2.0747867],[100.6385827,2.0748384],[100.6386941,2.0748823],[100.6388337,2.0749192],[100.6389639,2.074938],[100.6391466,2.074956],[100.639269,2.0749718]]}},{"type":"Feature","properties":{"scope":"Kubu Babussalam","osmId":1332752029,"highway":"secondary","name":null},"geometry":{"type":"LineString","coordinates":[[100.6357649,2.0728069],[100.635645,2.0727059]]}},{"type":"Feature","properties":{"scope":"Kubu Babussalam","osmId":1332752030,"highway":"secondary","name":null},"geometry":{"type":"LineString","coordinates":[[100.6353965,2.07249],[100.6353718,2.072418],[100.6347119,2.0718415],[100.6342679,2.0712991],[100.6338242,2.0708133],[100.6333728,2.0703404],[100.6330464,2.0699988],[100.6326603,2.0695969],[100.6323055,2.0691846],[100.631859,2.068673],[100.6314622,2.0682595],[100.6314106,2.0682514]]}},{"type":"Feature","properties":{"scope":"Kubu Babussalam","osmId":1332752031,"highway":"secondary","name":null},"geometry":{"type":"LineString","coordinates":[[100.6314106,2.0682514],[100.6314198,2.0683071],[100.6315491,2.0684585],[100.6318632,2.0687958],[100.6322291,2.0692115],[100.6326969,2.0697441],[100.6329275,2.0699795],[100.6333034,2.0703852],[100.6337361,2.0708227],[100.6340017,2.0711266],[100.6341481,2.0712846]]}},{"type":"Feature","properties":{"scope":"Kubu Babussalam","osmId":1332752032,"highway":"secondary","name":null},"geometry":{"type":"LineString","coordinates":[[100.6313359,2.0681809],[100.6314106,2.0682514]]}},{"type":"Feature","properties":{"scope":"Kubu Babussalam","osmId":1332752033,"highway":"secondary","name":null},"geometry":{"type":"LineString","coordinates":[[100.6311389,2.0679495],[100.6311398,2.067906],[100.6310051,2.0677619],[100.6307916,2.0675192],[100.6306241,2.0673417],[100.63051,2.0671964],[100.630302,2.0668845],[100.6301528,2.066667],[100.6300095,2.0664824],[100.6298813,2.0663079],[100.6297471,2.0661234],[100.6295917,2.0658954],[100.6294615,2.0656675],[100.6293424,2.0654668]]}},{"type":"Feature","properties":{"scope":"Kubu Babussalam","osmId":1332752034,"highway":"secondary","name":null},"geometry":{"type":"LineString","coordinates":[[100.6293038,2.0654647],[100.6292831,2.0655057]]}},{"type":"Feature","properties":{"scope":"Kubu Babussalam","osmId":1332752035,"highway":"secondary","name":null},"geometry":{"type":"LineString","coordinates":[[100.6292831,2.0655057],[100.6292915,2.0655201],[100.6293576,2.0656336],[100.6294788,2.0658485],[100.6296172,2.0660684],[100.6297912,2.0662955],[100.6299551,2.0665225],[100.6302547,2.0669599],[100.6303787,2.067129],[100.6306593,2.0674906],[100.6310983,2.0679589]]}},{"type":"Feature","properties":{"scope":"Kubu Babussalam","osmId":1332752036,"highway":"residential","name":"Jalan Parit Nayan"},"geometry":{"type":"LineString","coordinates":[[100.6291288,2.0651021],[100.6281819,2.0658067],[100.6250363,2.0679291]]}},{"type":"Feature","properties":{"scope":"Kubu Babussalam","osmId":1332752037,"highway":"secondary","name":null},"geometry":{"type":"LineString","coordinates":[[100.6293038,2.0654647],[100.6292198,2.0652998],[100.6291288,2.0651021]]}},{"type":"Feature","properties":{"scope":"Kubu Babussalam","osmId":1332752038,"highway":"secondary","name":null},"geometry":{"type":"LineString","coordinates":[[100.6313359,2.0681809],[100.6311389,2.0679495]]}},{"type":"Feature","properties":{"scope":"Kubu Babussalam","osmId":1332752039,"highway":"secondary","name":null},"geometry":{"type":"LineString","coordinates":[[100.6290449,2.0649353],[100.6290474,2.064889],[100.6289712,2.0647239],[100.6288651,2.0644906],[100.6287444,2.0642585],[100.6286834,2.0641373],[100.6286267,2.064013],[100.6285713,2.063868],[100.6284951,2.0636932]]}},{"type":"Feature","properties":{"scope":"Kubu Babussalam","osmId":1332752040,"highway":"secondary","name":null},"geometry":{"type":"LineString","coordinates":[[100.6291288,2.0651021],[100.6290449,2.0649353]]}},{"type":"Feature","properties":{"scope":"Kubu Babussalam","osmId":1332752041,"highway":"secondary","name":null},"geometry":{"type":"LineString","coordinates":[[100.6284951,2.0636932],[100.6283114,2.0632937],[100.6282354,2.0630864],[100.6281835,2.0629419],[100.6281019,2.0626987],[100.6279947,2.0623919],[100.6279,2.0621245],[100.627806,2.0618619],[100.6277327,2.0616407],[100.6276732,2.0614929],[100.6275854,2.0612551],[100.6275197,2.0610845],[100.627418,2.0608081],[100.6273558,2.0606381],[100.6272908,2.0604757],[100.6272431,2.0603354],[100.6271816,2.0601702],[100.6271221,2.0600438],[100.6270191,2.0598413],[100.6269631,2.0597494],[100.6269173,2.0597357]]}},{"type":"Feature","properties":{"scope":"Kubu Babussalam","osmId":1332752048,"highway":"secondary","name":null},"geometry":{"type":"LineString","coordinates":[[100.6290041,2.0649007],[100.6290449,2.0649353]]}},{"type":"Feature","properties":{"scope":"Kubu Babussalam","osmId":1332752049,"highway":"secondary","name":null},"geometry":{"type":"LineString","coordinates":[[100.6293424,2.0654668],[100.6293038,2.0654647]]}},{"type":"Feature","properties":{"scope":"Kubu Babussalam","osmId":1332752050,"highway":"secondary","name":null},"geometry":{"type":"LineString","coordinates":[[100.6310983,2.0679589],[100.6311389,2.0679495]]}},{"type":"Feature","properties":{"scope":"Kubu Babussalam","osmId":1332752051,"highway":"secondary","name":null},"geometry":{"type":"LineString","coordinates":[[100.6415101,2.0751167],[100.64141,2.0750849],[100.6409282,2.0750424],[100.6401573,2.0749833],[100.6397305,2.0749452],[100.6392994,2.0748974],[100.6390275,2.0748814],[100.6388148,2.0748421],[100.6386098,2.0747796],[100.6383155,2.0746045],[100.6378775,2.0743231],[100.6374447,2.0740249],[100.6364491,2.0733321],[100.6358561,2.0728465],[100.6357649,2.0728069]]}},{"type":"Feature","properties":{"scope":"Kubu Babussalam","osmId":1332752054,"highway":"residential","name":null},"geometry":{"type":"LineString","coordinates":[[100.6505372,2.0866595],[100.6518103,2.0866605]]}},{"type":"Feature","properties":{"scope":"Kubu Babussalam","osmId":1332752055,"highway":"residential","name":null},"geometry":{"type":"LineString","coordinates":[[100.65054,2.0865908],[100.6517971,2.0866048]]}},{"type":"Feature","properties":{"scope":"Kubu Babussalam","osmId":1332752056,"highway":"track","name":null},"geometry":{"type":"LineString","coordinates":[[100.6406941,2.0891706],[100.6407121,2.0892424],[100.6408821,2.0894402],[100.6411519,2.089754],[100.6414346,2.0901175],[100.642027,2.0907683],[100.6421482,2.090858]]}},{"type":"Feature","properties":{"scope":"Kubu Babussalam","osmId":1332752057,"highway":"residential","name":null},"geometry":{"type":"LineString","coordinates":[[100.6406941,2.0891706],[100.6417263,2.0888833],[100.6419103,2.088816],[100.6421572,2.0887622],[100.6423591,2.0886949],[100.6437637,2.0883013],[100.6442822,2.0881592],[100.6445582,2.08808],[100.6454961,2.0878107],[100.6458776,2.0877165],[100.646102,2.0876851],[100.6466495,2.0876626],[100.6469098,2.0876267],[100.6480363,2.0875415],[100.6484806,2.0874831],[100.6489264,2.0874538],[100.6489712,2.0874475],[100.6498718,2.0873844],[100.6505084,2.0873805],[100.6513887,2.0873979],[100.651814,2.0874113],[100.6519575,2.0874229]]}},{"type":"Feature","properties":{"scope":"Kubu Babussalam","osmId":1332752058,"highway":"secondary","name":null},"geometry":{"type":"LineString","coordinates":[[100.6417129,2.0774931],[100.6417308,2.0768738],[100.6417577,2.076591],[100.641759,2.075841],[100.641754,2.0751361],[100.6415101,2.0751167]]}},{"type":"Feature","properties":{"scope":"Kubu Babussalam","osmId":1332752059,"highway":"residential","name":"Jalan Rodi"},"geometry":{"type":"LineString","coordinates":[[100.6417129,2.0774931],[100.6400568,2.0777624],[100.6393074,2.0778521],[100.6390291,2.077906],[100.638881,2.0779195],[100.6385085,2.0780092],[100.6379386,2.0780496],[100.6367941,2.078265],[100.6364127,2.0784086],[100.6362376,2.0784894],[100.6360581,2.0786106],[100.6356542,2.0789382],[100.6354792,2.0790459],[100.6348395,2.0793146]]}},{"type":"Feature","properties":{"scope":"Kubu Babussalam","osmId":1332752060,"highway":"secondary","name":null},"geometry":{"type":"LineString","coordinates":[[100.651674,2.0861254],[100.6516146,2.0860761],[100.651509,2.0860279],[100.6513744,2.0860071],[100.6510759,2.0859967],[100.6505649,2.0859743],[100.650515,2.0859721],[100.6501473,2.0859635],[100.6496442,2.0859607],[100.649304,2.0859351],[100.6489771,2.0859238],[100.6488312,2.0858774],[100.648632,2.0858065]]}},{"type":"Feature","properties":{"scope":"Kubu Babussalam","osmId":1332752061,"highway":"secondary","name":null},"geometry":{"type":"LineString","coordinates":[[100.6519827,2.0872371],[100.6519932,2.0872722],[100.652,2.0873207]]}},{"type":"Feature","properties":{"scope":"Kubu Babussalam","osmId":1332752062,"highway":"secondary","name":null},"geometry":{"type":"LineString","coordinates":[[100.6520443,2.0872863],[100.6520301,2.0872694],[100.6519989,2.0871661],[100.6519079,2.0868338],[100.651833,2.0865241],[100.6517866,2.086365],[100.6517269,2.0862211],[100.6516956,2.0861624],[100.651674,2.0861254]]}},{"type":"Feature","properties":{"scope":"Kubu Babussalam","osmId":1332752063,"highway":"residential","name":null},"geometry":{"type":"LineString","coordinates":[[100.650563,2.0860291],[100.6505649,2.0859743]]}},{"type":"Feature","properties":{"scope":"Kubu Babussalam","osmId":1332752064,"highway":"secondary","name":null},"geometry":{"type":"LineString","coordinates":[[100.648632,2.0858065],[100.6488013,2.0859399],[100.6490157,2.0859876],[100.6498359,2.0860201],[100.650563,2.0860291],[100.6514353,2.0860712],[100.6515449,2.0861152],[100.6516329,2.0861691],[100.6516723,2.0862298],[100.6517527,2.0864245],[100.6517971,2.0866048],[100.6518103,2.0866605],[100.6518846,2.0869791],[100.6519146,2.0870654],[100.6519827,2.0872371]]}},{"type":"Feature","properties":{"scope":"Kubu Babussalam","osmId":1332752065,"highway":"unclassified","name":null},"geometry":{"type":"LineString","coordinates":[[100.6418272,2.0789453],[100.6416015,2.0791225],[100.641487,2.0792186],[100.6414733,2.0793192],[100.6414641,2.079381],[100.6413702,2.0794519],[100.6412878,2.079516],[100.6412764,2.0795434],[100.6413336,2.0796418],[100.6415282,2.0798958],[100.6415832,2.079921],[100.6416327,2.0799203],[100.6416633,2.0798912],[100.6417755,2.0798066],[100.6418258,2.0797654],[100.6419106,2.0797608],[100.6419632,2.0797516],[100.642025,2.0797196],[100.6420662,2.0796693],[100.6422852,2.0795035]]}},{"type":"Feature","properties":{"scope":"Kubu Babussalam","osmId":1332752066,"highway":"unclassified","name":null},"geometry":{"type":"LineString","coordinates":[[100.6414641,2.079381],[100.6415397,2.0794199],[100.6415969,2.0794977],[100.6418258,2.0797654]]}},{"type":"Feature","properties":{"scope":"Kubu Babussalam","osmId":1332754188,"highway":"residential","name":null},"geometry":{"type":"LineString","coordinates":[[100.6737443,2.180064],[100.6737125,2.1800411],[100.6736862,2.1800102],[100.6736907,2.1799884],[100.6737102,2.1799473],[100.6738521,2.1797196],[100.6739826,2.179492],[100.6740067,2.17946],[100.6740353,2.1794245],[100.6740536,2.1793776],[100.6740811,2.1793296],[100.6741143,2.1792655],[100.6741658,2.1792106],[100.6742196,2.1791442],[100.6742528,2.1791088],[100.6742711,2.1790893],[100.6743306,2.1790962],[100.674381,2.1791134],[100.6744589,2.1791648],[100.6746374,2.1792735],[100.6748686,2.1794088]]}},{"type":"Feature","properties":{"scope":"Kubu Babussalam","osmId":1332754189,"highway":"residential","name":null},"geometry":{"type":"LineString","coordinates":[[100.6748686,2.1794088],[100.6749137,2.1793675],[100.6749621,2.1792941],[100.6750373,2.1791922],[100.6751342,2.1790837],[100.675191,2.1790019],[100.6752929,2.1788517],[100.6753731,2.1787265],[100.6754192,2.1786507]]}},{"type":"Feature","properties":{"scope":"Kubu Babussalam","osmId":1332754190,"highway":"residential","name":null},"geometry":{"type":"LineString","coordinates":[[100.6776676,2.1763053],[100.6776991,2.1761648],[100.6770927,2.1756989]]}},{"type":"Feature","properties":{"scope":"Kubu Babussalam","osmId":1332754191,"highway":"residential","name":null},"geometry":{"type":"LineString","coordinates":[[100.6784212,2.1754076],[100.6784416,2.1753736],[100.6784934,2.175245],[100.6784082,2.1752]]}},{"type":"Feature","properties":{"scope":"Kubu Babussalam","osmId":1332754192,"highway":"living_street","name":null},"geometry":{"type":"LineString","coordinates":[[100.6805984,2.1729008],[100.6804463,2.1727732],[100.6801944,2.1725613],[100.6801016,2.1724641],[100.6800044,2.1723743],[100.6799588,2.1723111],[100.6799161,2.1722816],[100.6798468,2.1722949],[100.6797909,2.1723199]]}},{"type":"Feature","properties":{"scope":"Kubu Babussalam","osmId":1332754193,"highway":"residential","name":null},"geometry":{"type":"LineString","coordinates":[[100.6735596,2.1826276],[100.6735259,2.182646],[100.6734802,2.1826578],[100.6733492,2.1830419],[100.6736157,2.1833878],[100.6735897,2.1835847]]}},{"type":"Feature","properties":{"scope":"Kubu Babussalam","osmId":1332754194,"highway":"residential","name":null},"geometry":{"type":"LineString","coordinates":[[100.6733282,2.1838222],[100.673404,2.1835711],[100.6734162,2.1835305],[100.6735897,2.1835847],[100.6742223,2.1837836]]}},{"type":"Feature","properties":{"scope":"Kubu Babussalam","osmId":1332754195,"highway":"tertiary","name":null},"geometry":{"type":"LineString","coordinates":[[100.6461307,2.0614396],[100.6458487,2.0606612],[100.6456801,2.0601071],[100.6455994,2.0598872],[100.6452403,2.0590255],[100.6440286,2.0568623],[100.6437593,2.0563372],[100.6433618,2.0556002],[100.6429887,2.0548698],[100.642202,2.0532541],[100.6420495,2.0527918],[100.6419283,2.0521366],[100.6418654,2.0519436],[100.6417412,2.051649],[100.6415513,2.0512435],[100.6412865,2.0507364],[100.641098,2.0504626],[100.6406447,2.0497939],[100.6403091,2.049145],[100.6399964,2.0486394],[100.6397336,2.0482128],[100.6392511,2.0474019],[100.6389991,2.046989],[100.6387985,2.0466182],[100.6384291,2.0459152],[100.6382931,2.0457055],[100.6380956,2.0455035],[100.6379475,2.0454048],[100.6376872,2.0453419],[100.6366146,2.0451445],[100.6360133,2.0450637],[100.6347925,2.0448679],[100.6347478,2.0448613],[100.634298,2.0447808],[100.6326653,2.0447316],[100.6323416,2.0447257],[100.6314356,2.0447091],[100.6308897,2.0446841],[100.6291661,2.044605],[100.6287762,2.0445978],[100.6280398,2.0445631]]}},{"type":"Feature","properties":{"scope":"Kubu Babussalam","osmId":1332754196,"highway":"tertiary","name":null},"geometry":{"type":"LineString","coordinates":[[100.6463175,2.0618337],[100.6461307,2.0614396]]}},{"type":"Feature","properties":{"scope":"Pasir Limau Kapas","osmId":555338755,"highway":"residential","name":null},"geometry":{"type":"LineString","coordinates":[[100.481987,2.1647517],[100.482105,2.1748607],[100.4821054,2.1748985],[100.4821061,2.1749567],[100.4821426,2.1780834],[100.4821426,2.1813748],[100.4821962,2.1853657],[100.4822096,2.1874911],[100.4822874,2.1928302],[100.4822919,2.1930868],[100.4822938,2.193192],[100.4823607,2.1969111]]}},{"type":"Feature","properties":{"scope":"Pasir Limau Kapas","osmId":595546623,"highway":"tertiary","name":null},"geometry":{"type":"LineString","coordinates":[[100.3175603,2.4727149],[100.3175504,2.472686],[100.3175497,2.472684],[100.3175292,2.4726584],[100.3175037,2.4726423],[100.3174745,2.472635],[100.3174444,2.4726371],[100.3174165,2.4726486],[100.3173936,2.4726681],[100.3173779,2.4726938],[100.317371,2.4727232],[100.3173737,2.4727532],[100.3173856,2.4727809],[100.3174056,2.4728034],[100.3174341,2.4728196],[100.3174664,2.4728251],[100.3174986,2.4728194],[100.317527,2.4728032],[100.3175482,2.4727782],[100.3175598,2.4727476],[100.3175603,2.4727149]]}},{"type":"Feature","properties":{"scope":"Pasir Limau Kapas","osmId":595546624,"highway":"tertiary","name":null},"geometry":{"type":"LineString","coordinates":[[100.314779,2.4728061],[100.3161265,2.4728367],[100.3165327,2.4728187],[100.3173856,2.4727809]]}},{"type":"Feature","properties":{"scope":"Pasir Limau Kapas","osmId":595546625,"highway":"tertiary","name":null},"geometry":{"type":"LineString","coordinates":[[100.3173779,2.4726938],[100.3161239,2.4727226],[100.3148657,2.4726768],[100.3148003,2.4726858],[100.3147822,2.4727308],[100.314779,2.4728061]]}},{"type":"Feature","properties":{"scope":"Pasir Limau Kapas","osmId":595546626,"highway":"residential","name":null},"geometry":{"type":"LineString","coordinates":[[100.3174341,2.4728196],[100.3174881,2.473189],[100.3176003,2.4739575]]}},{"type":"Feature","properties":{"scope":"Pasir Limau Kapas","osmId":595546628,"highway":"residential","name":null},"geometry":{"type":"LineString","coordinates":[[100.317527,2.4728032],[100.3177049,2.4739522]]}},{"type":"Feature","properties":{"scope":"Pasir Limau Kapas","osmId":595546629,"highway":"service","name":null},"geometry":{"type":"LineString","coordinates":[[100.3173936,2.4726681],[100.3171576,2.4712764],[100.3171591,2.4712578],[100.3171663,2.4712405],[100.3171786,2.4712264],[100.3171947,2.4712168],[100.3172129,2.4712127],[100.3172315,2.4712144],[100.3172487,2.4712219],[100.3172627,2.4712343],[100.3172727,2.4712521],[100.3172757,2.4712696],[100.3175037,2.4726423]]}},{"type":"Feature","properties":{"scope":"Pasir Limau Kapas","osmId":595546632,"highway":"tertiary","name":null},"geometry":{"type":"LineString","coordinates":[[100.3185172,2.4725634],[100.3175504,2.472686]]}},{"type":"Feature","properties":{"scope":"Pasir Limau Kapas","osmId":595546634,"highway":"tertiary","name":null},"geometry":{"type":"LineString","coordinates":[[100.3175482,2.4727782],[100.31827,2.4727029],[100.3183561,2.4726822],[100.3184338,2.4726369],[100.3185172,2.4725634]]}},{"type":"Feature","properties":{"scope":"Pasir Limau Kapas","osmId":595546636,"highway":"tertiary","name":null},"geometry":{"type":"LineString","coordinates":[[100.3185172,2.4725634],[100.3192764,2.4725156],[100.3204438,2.4724168],[100.320868,2.4723786],[100.3210626,2.4724232],[100.3212352,2.4726079],[100.3213476,2.4727256],[100.3214262,2.4728526],[100.3216158,2.4736318],[100.3216884,2.4737798]]}},{"type":"Feature","properties":{"scope":"Pasir Limau Kapas","osmId":595546639,"highway":"tertiary","name":null},"geometry":{"type":"LineString","coordinates":[[100.3216884,2.4737798],[100.3217685,2.4742134],[100.3218192,2.4744937],[100.321867,2.4748665],[100.322017,2.4755517],[100.322052,2.4756537],[100.3221158,2.4757238],[100.322202,2.4757939],[100.3223295,2.4758512],[100.3226613,2.4758449],[100.3228016,2.4757811],[100.3230121,2.4757046],[100.3232865,2.4756409],[100.3244411,2.4753732],[100.3254554,2.4751342],[100.3266612,2.4748633],[100.3272175,2.4747298],[100.3273898,2.4747013],[100.3275494,2.4746544],[100.3278653,2.4745788],[100.3279303,2.4745646],[100.3280187,2.4745689],[100.3281184,2.4746123],[100.3283014,2.4747282],[100.3283903,2.474795],[100.328461,2.474873],[100.3285804,2.4750458],[100.3286746,2.4752158],[100.3287681,2.4754196],[100.3288164,2.475488],[100.3288767,2.4755295],[100.3289589,2.475548],[100.3290659,2.4755429],[100.3295419,2.4754611],[100.3296536,2.4754596],[100.3297676,2.4754677],[100.329884,2.4755027],[100.3301039,2.4756032],[100.3302115,2.4756499],[100.3303533,2.4756862],[100.3305612,2.4757171],[100.3314945,2.4758391],[100.3321226,2.4759165],[100.333289,2.4761003]]}},{"type":"Feature","properties":{"scope":"Pasir Limau Kapas","osmId":595546642,"highway":"residential","name":null},"geometry":{"type":"LineString","coordinates":[[100.333289,2.4761003],[100.3333068,2.4758602],[100.3333417,2.4755601],[100.3334316,2.4749911],[100.3334691,2.4747013],[100.3334932,2.4743998],[100.3335334,2.4736026],[100.333528,2.4733637],[100.3333429,2.4721645],[100.3332626,2.4716761],[100.3331963,2.4712594]]}},{"type":"Feature","properties":{"scope":"Pasir Limau Kapas","osmId":595546644,"highway":"residential","name":"Jalan Hang Tuah"},"geometry":{"type":"LineString","coordinates":[[100.3216884,2.4737798],[100.3219668,2.4737793],[100.3230959,2.4734587],[100.3231165,2.4734528],[100.3241214,2.4731654],[100.3246905,2.4729454],[100.3257792,2.4727029]]}},{"type":"Feature","properties":{"scope":"Pasir Limau Kapas","osmId":595546645,"highway":"residential","name":"Jalan Hang Tuah"},"geometry":{"type":"LineString","coordinates":[[100.3216884,2.4737798],[100.3215349,2.4737643],[100.3212689,2.4737404],[100.3210597,2.4737458],[100.3208183,2.4737672],[100.3203838,2.4737887],[100.3190719,2.4739183],[100.3177049,2.4739522],[100.3176003,2.4739575],[100.3172272,2.4739838],[100.3170582,2.4740189],[100.3169119,2.4740388],[100.3168476,2.4740476],[100.3167301,2.4740382],[100.3166649,2.4740348],[100.3166054,2.474041],[100.3165478,2.4740762],[100.3158429,2.4741495],[100.3158684,2.4744618],[100.315862,2.4745064],[100.3158301,2.4745256],[100.3149404,2.4745696],[100.3133611,2.474497]]}},{"type":"Feature","properties":{"scope":"Pasir Limau Kapas","osmId":595546647,"highway":"residential","name":"Jalan Bestari"},"geometry":{"type":"LineString","coordinates":[[100.3258699,2.4730442],[100.3257792,2.4727029],[100.3256151,2.4721304],[100.3271815,2.4717258]]}},{"type":"Feature","properties":{"scope":"Pasir Limau Kapas","osmId":595546648,"highway":"residential","name":"Jalan Bestari"},"geometry":{"type":"LineString","coordinates":[[100.3271815,2.4717258],[100.3273908,2.4720899],[100.3275543,2.4723582],[100.3276267,2.4725377]]}},{"type":"Feature","properties":{"scope":"Pasir Limau Kapas","osmId":595546649,"highway":"residential","name":"Jalan Bandar Baru"},"geometry":{"type":"LineString","coordinates":[[100.3272449,2.4726478],[100.3272828,2.4727766],[100.3273977,2.4731672],[100.3285349,2.4728751],[100.329699,2.4724919],[100.3298868,2.4724544],[100.3300638,2.4723687],[100.3302562,2.4722959],[100.33056,2.4721811],[100.330796,2.4721141],[100.3310562,2.4720257],[100.3313191,2.4719587],[100.3316141,2.4718247],[100.3327594,2.4713531],[100.3329527,2.4713117],[100.3331963,2.4712594]]}},{"type":"Feature","properties":{"scope":"Pasir Limau Kapas","osmId":595546650,"highway":"residential","name":"Jalan Bakti"},"geometry":{"type":"LineString","coordinates":[[100.3241214,2.4731654],[100.3242208,2.4734743]]}},{"type":"Feature","properties":{"scope":"Pasir Limau Kapas","osmId":595546651,"highway":"residential","name":null},"geometry":{"type":"LineString","coordinates":[[100.3301358,2.4720034],[100.3302168,2.4722001],[100.3302562,2.4722959]]}},{"type":"Feature","properties":{"scope":"Pasir Limau Kapas","osmId":595546652,"highway":"residential","name":null},"geometry":{"type":"LineString","coordinates":[[100.3290126,2.4723234],[100.3289301,2.4720088],[100.3288654,2.4717619],[100.3287,2.4711308]]}},{"type":"Feature","properties":{"scope":"Pasir Limau Kapas","osmId":595546653,"highway":"residential","name":null},"geometry":{"type":"LineString","coordinates":[[100.328004,2.4713713],[100.3287,2.4711308],[100.3292847,2.4709185],[100.329454,2.4708543],[100.3296482,2.4707839],[100.3303632,2.4705208],[100.3312805,2.4701843],[100.3320779,2.4698306],[100.3323177,2.4697539],[100.3328753,2.4695757]]}},{"type":"Feature","properties":{"scope":"Pasir Limau Kapas","osmId":595546654,"highway":"residential","name":null},"geometry":{"type":"LineString","coordinates":[[100.3306049,2.4717826],[100.330461,2.4710311],[100.3303632,2.4705208]]}},{"type":"Feature","properties":{"scope":"Pasir Limau Kapas","osmId":595546655,"highway":"residential","name":null},"geometry":{"type":"LineString","coordinates":[[100.330461,2.4710311],[100.331238,2.4706979]]}},{"type":"Feature","properties":{"scope":"Pasir Limau Kapas","osmId":595546656,"highway":"residential","name":null},"geometry":{"type":"LineString","coordinates":[[100.3323177,2.4697539],[100.3323544,2.4699447],[100.332421,2.470189],[100.3324747,2.4703364],[100.3326448,2.4707326]]}},{"type":"Feature","properties":{"scope":"Pasir Limau Kapas","osmId":595546657,"highway":"residential","name":null},"geometry":{"type":"LineString","coordinates":[[100.3332626,2.4716761],[100.3322908,2.4719346],[100.332176,2.472062],[100.3316752,2.4722979],[100.3310851,2.4724859],[100.3305556,2.4726548],[100.3301441,2.4727663],[100.3298411,2.472795]]}},{"type":"Feature","properties":{"scope":"Pasir Limau Kapas","osmId":595546658,"highway":"residential","name":null},"geometry":{"type":"LineString","coordinates":[[100.3333429,2.4721645],[100.3327884,2.4723138]]}},{"type":"Feature","properties":{"scope":"Pasir Limau Kapas","osmId":595546659,"highway":"residential","name":null},"geometry":{"type":"LineString","coordinates":[[100.3333429,2.4721645],[100.3355826,2.4715649],[100.3357102,2.4714852],[100.3358473,2.4714119],[100.3361472,2.4713004],[100.3367085,2.4711634],[100.3371902,2.4711298]]}},{"type":"Feature","properties":{"scope":"Pasir Limau Kapas","osmId":595546660,"highway":"residential","name":"Jalan Karya"},"geometry":{"type":"LineString","coordinates":[[100.3331963,2.4712594],[100.3339309,2.4710941],[100.3342609,2.47106],[100.334644,2.4709652],[100.335433,2.4707985],[100.3358768,2.4706924],[100.3363433,2.4705635],[100.3368706,2.4703778],[100.3372186,2.4702557],[100.3379289,2.4700065],[100.3383803,2.4698776],[100.3387786,2.4697677],[100.3391276,2.4697071],[100.3396359,2.4697071],[100.3398475,2.46977]]}},{"type":"Feature","properties":{"scope":"Pasir Limau Kapas","osmId":595546663,"highway":"residential","name":"Jalan Karya"},"geometry":{"type":"LineString","coordinates":[[100.3398475,2.46977],[100.3400122,2.4697731],[100.3406021,2.4697844],[100.3411438,2.4697822],[100.3413206,2.4697998],[100.3418927,2.4699293],[100.3420898,2.4699723],[100.3422079,2.4699981],[100.3422458,2.4700064],[100.34281,2.4701429],[100.3435107,2.4703028],[100.3444063,2.4705014],[100.3448289,2.4705742],[100.3450286,2.4706039],[100.3452117,2.4706312]]}},{"type":"Feature","properties":{"scope":"Pasir Limau Kapas","osmId":595546665,"highway":"residential","name":null},"geometry":{"type":"LineString","coordinates":[[100.3371902,2.4711298],[100.3371911,2.4710959],[100.3372186,2.4702557]]}},{"type":"Feature","properties":{"scope":"Pasir Limau Kapas","osmId":595546667,"highway":"residential","name":"Jalan Dua Desa"},"geometry":{"type":"LineString","coordinates":[[100.3371911,2.4710959],[100.3390452,2.4707965],[100.339799,2.4707528]]}},{"type":"Feature","properties":{"scope":"Pasir Limau Kapas","osmId":595546669,"highway":"residential","name":null},"geometry":{"type":"LineString","coordinates":[[100.3399012,2.4691721],[100.3398475,2.46977],[100.339799,2.4707528],[100.3397988,2.4707792],[100.3397443,2.4713342],[100.3385331,2.4715127],[100.3385634,2.4720471],[100.3385255,2.4723275]]}},{"type":"Feature","properties":{"scope":"Pasir Limau Kapas","osmId":595546675,"highway":"residential","name":null},"geometry":{"type":"LineString","coordinates":[[100.3357694,2.4750015],[100.3348273,2.4747535],[100.3345025,2.474668]]}},{"type":"Feature","properties":{"scope":"Pasir Limau Kapas","osmId":595546679,"highway":"residential","name":null},"geometry":{"type":"LineString","coordinates":[[100.3345025,2.474668],[100.334652,2.4740244]]}},{"type":"Feature","properties":{"scope":"Pasir Limau Kapas","osmId":595546680,"highway":"residential","name":null},"geometry":{"type":"LineString","coordinates":[[100.3345025,2.474668],[100.3343511,2.4752694],[100.3342809,2.4756965]]}},{"type":"Feature","properties":{"scope":"Pasir Limau Kapas","osmId":595546681,"highway":"residential","name":null},"geometry":{"type":"LineString","coordinates":[[100.3348273,2.4747535],[100.33464,2.4753264],[100.3344627,2.4758685]]}},{"type":"Feature","properties":{"scope":"Pasir Limau Kapas","osmId":595546682,"highway":"residential","name":null},"geometry":{"type":"LineString","coordinates":[[100.3355092,2.4755864],[100.33464,2.4753264]]}},{"type":"Feature","properties":{"scope":"Pasir Limau Kapas","osmId":595546683,"highway":"residential","name":null},"geometry":{"type":"LineString","coordinates":[[100.3340182,2.4738548],[100.334652,2.4740244],[100.3360468,2.4743978]]}},{"type":"Feature","properties":{"scope":"Pasir Limau Kapas","osmId":595546684,"highway":"residential","name":null},"geometry":{"type":"LineString","coordinates":[[100.3371902,2.4711298],[100.3371719,2.4714992],[100.3371113,2.4718275],[100.3368721,2.4724457],[100.3366244,2.4730315],[100.3364486,2.4734473],[100.3360468,2.4743978],[100.3357694,2.4750015],[100.3355092,2.4755864],[100.3349272,2.4768946],[100.3336397,2.476155],[100.3335163,2.4761229],[100.333289,2.4761003]]}},{"type":"Feature","properties":{"scope":"Pasir Limau Kapas","osmId":595546685,"highway":"residential","name":null},"geometry":{"type":"LineString","coordinates":[[100.3360468,2.4743978],[100.336527,2.4745591],[100.3366486,2.4746],[100.3368822,2.4746785],[100.3370903,2.4747484],[100.3373073,2.4748212]]}},{"type":"Feature","properties":{"scope":"Pasir Limau Kapas","osmId":595546686,"highway":"residential","name":null},"geometry":{"type":"LineString","coordinates":[[100.3364486,2.4734473],[100.3368743,2.4736711],[100.337053,2.4737651],[100.3372911,2.4738902],[100.3374562,2.473977],[100.3375115,2.4740061],[100.3377176,2.4741145]]}},{"type":"Feature","properties":{"scope":"Pasir Limau Kapas","osmId":595546687,"highway":"residential","name":null},"geometry":{"type":"LineString","coordinates":[[100.3366486,2.4746],[100.337053,2.4737651]]}},{"type":"Feature","properties":{"scope":"Pasir Limau Kapas","osmId":595546688,"highway":"residential","name":null},"geometry":{"type":"LineString","coordinates":[[100.3368822,2.4746785],[100.3372911,2.4738902]]}},{"type":"Feature","properties":{"scope":"Pasir Limau Kapas","osmId":595546689,"highway":"residential","name":null},"geometry":{"type":"LineString","coordinates":[[100.3370903,2.4747484],[100.3374562,2.473977]]}},{"type":"Feature","properties":{"scope":"Pasir Limau Kapas","osmId":595546690,"highway":"residential","name":null},"geometry":{"type":"LineString","coordinates":[[100.336527,2.4745591],[100.3368743,2.4736711]]}},{"type":"Feature","properties":{"scope":"Pasir Limau Kapas","osmId":595546691,"highway":"residential","name":null},"geometry":{"type":"LineString","coordinates":[[100.333528,2.4733637],[100.3343846,2.4731547],[100.335138,2.4728483],[100.3368721,2.4724457]]}},{"type":"Feature","properties":{"scope":"Pasir Limau Kapas","osmId":595546692,"highway":"residential","name":null},"geometry":{"type":"LineString","coordinates":[[100.3366244,2.4730315],[100.3367897,2.4730888],[100.3368957,2.473109],[100.3371477,2.473082],[100.3376739,2.4730257]]}},{"type":"Feature","properties":{"scope":"Pasir Limau Kapas","osmId":595546693,"highway":"residential","name":null},"geometry":{"type":"LineString","coordinates":[[100.3375115,2.4740061],[100.3378273,2.4733817],[100.3379761,2.4732578]]}},{"type":"Feature","properties":{"scope":"Pasir Limau Kapas","osmId":595546694,"highway":"residential","name":null},"geometry":{"type":"LineString","coordinates":[[100.3371477,2.473082],[100.3371471,2.4728089]]}},{"type":"Feature","properties":{"scope":"Pasir Limau Kapas","osmId":595546695,"highway":"residential","name":null},"geometry":{"type":"LineString","coordinates":[[100.3343174,2.4698717],[100.3341226,2.469074],[100.3341186,2.4690565],[100.3340867,2.4689169],[100.3340108,2.4685938],[100.3339566,2.4682468],[100.3339115,2.4679268],[100.3338935,2.4671832],[100.3338574,2.4662908]]}},{"type":"Feature","properties":{"scope":"Pasir Limau Kapas","osmId":595546696,"highway":"residential","name":"Jalan Masjid Raya"},"geometry":{"type":"LineString","coordinates":[[100.336212,2.4693174],[100.3359874,2.4683978],[100.3356913,2.4671056],[100.3354029,2.4660136],[100.3353882,2.4659493],[100.335383,2.4658835],[100.3354185,2.4657293]]}},{"type":"Feature","properties":{"scope":"Pasir Limau Kapas","osmId":595546697,"highway":"residential","name":"Jalan Damai"},"geometry":{"type":"LineString","coordinates":[[100.338347,2.4679855],[100.3376053,2.4671827],[100.3374562,2.4670428],[100.3372353,2.4668752],[100.3368001,2.4666428],[100.3364708,2.4664449],[100.3359681,2.4660652],[100.3354185,2.4657293],[100.3348853,2.4653705],[100.3343542,2.46499],[100.3343154,2.4649628],[100.3340293,2.4647618],[100.3339452,2.4646885],[100.3338755,2.464584],[100.3338369,2.4644808],[100.3336207,2.4636525]]}},{"type":"Feature","properties":{"scope":"Pasir Limau Kapas","osmId":595546699,"highway":"residential","name":"Jalan Taqwa"},"geometry":{"type":"LineString","coordinates":[[100.338347,2.4679855],[100.3384103,2.4678783],[100.3386105,2.4668884],[100.3387304,2.4665176],[100.3387662,2.4663656],[100.339154,2.4650065],[100.3392024,2.4648215],[100.3392459,2.4646143]]}},{"type":"Feature","properties":{"scope":"Pasir Limau Kapas","osmId":595546701,"highway":"residential","name":"Gang Syuhada"},"geometry":{"type":"LineString","coordinates":[[100.3376053,2.4671827],[100.3374666,2.4673778],[100.337432,2.4674064],[100.3373888,2.467414],[100.3370924,2.4674152],[100.3367769,2.4674186]]}},{"type":"Feature","properties":{"scope":"Pasir Limau Kapas","osmId":595546703,"highway":"residential","name":"Jalan Banteng Muda"},"geometry":{"type":"LineString","coordinates":[[100.3363199,2.466744],[100.3361791,2.4671017],[100.3367833,2.4673282],[100.3367769,2.4674186],[100.3367584,2.467919],[100.3367548,2.4681775],[100.336799,2.4692433]]}},{"type":"Feature","properties":{"scope":"Pasir Limau Kapas","osmId":595546705,"highway":"residential","name":null},"geometry":{"type":"LineString","coordinates":[[100.3359681,2.4660652],[100.3362095,2.4656767],[100.3363228,2.4654851],[100.3367592,2.464747],[100.3368376,2.4645985],[100.3368902,2.4644819]]}},{"type":"Feature","properties":{"scope":"Pasir Limau Kapas","osmId":595546707,"highway":"residential","name":"Jalan Garuda"},"geometry":{"type":"LineString","coordinates":[[100.3368902,2.4644819],[100.3370588,2.4645135],[100.33722,2.464527],[100.3376768,2.4645487],[100.337953,2.4645618],[100.3384163,2.4646029],[100.3385827,2.4646323],[100.3386232,2.4646404],[100.3390249,2.4647649],[100.3392024,2.4648215],[100.3397537,2.4649706]]}},{"type":"Feature","properties":{"scope":"Pasir Limau Kapas","osmId":595546710,"highway":"residential","name":null},"geometry":{"type":"LineString","coordinates":[[100.3386232,2.4646404],[100.3386923,2.4643287],[100.3387701,2.4640728],[100.3389157,2.4636496],[100.3378996,2.4632125]]}},{"type":"Feature","properties":{"scope":"Pasir Limau Kapas","osmId":595546712,"highway":"residential","name":null},"geometry":{"type":"LineString","coordinates":[[100.3387701,2.4640728],[100.3377316,2.4638117]]}},{"type":"Feature","properties":{"scope":"Pasir Limau Kapas","osmId":595546713,"highway":"residential","name":null},"geometry":{"type":"LineString","coordinates":[[100.3385827,2.4646323],[100.3382494,2.4662727],[100.3387662,2.4663656]]}},{"type":"Feature","properties":{"scope":"Pasir Limau Kapas","osmId":595546715,"highway":"residential","name":null},"geometry":{"type":"LineString","coordinates":[[100.3387662,2.4663656],[100.3393331,2.4664755],[100.3397026,2.4665256],[100.3400019,2.466551],[100.3402915,2.4665535]]}},{"type":"Feature","properties":{"scope":"Pasir Limau Kapas","osmId":595546717,"highway":"residential","name":"Jalan Bijaksana"},"geometry":{"type":"LineString","coordinates":[[100.3411741,2.4692711],[100.3411784,2.4690983],[100.34118,2.4690352],[100.3410599,2.4686757],[100.340832,2.4680104],[100.3406166,2.4673731],[100.3405672,2.4672205],[100.3402915,2.4665535],[100.3400216,2.4657829],[100.339781,2.4650791],[100.3397537,2.4649706],[100.3397441,2.4649323],[100.3397803,2.4646738],[100.3400686,2.4634438],[100.3402125,2.4631134]]}},{"type":"Feature","properties":{"scope":"Pasir Limau Kapas","osmId":595546718,"highway":"unclassified","name":null},"geometry":{"type":"LineString","coordinates":[[100.3400686,2.4634438],[100.3399055,2.463342],[100.3399057,2.4633245],[100.3397857,2.4609717],[100.3397649,2.4605979],[100.3397444,2.4597677],[100.3395386,2.455891],[100.3395689,2.4552089],[100.339831,2.45407],[100.3398876,2.4538446],[100.340096,2.4523522],[100.3401151,2.4522377],[100.3407069,2.4494939],[100.3411237,2.4469578],[100.3412354,2.4463537],[100.3413833,2.4455638],[100.3414768,2.4447994],[100.341568,2.4440276],[100.3417236,2.4425002],[100.3420437,2.4395133],[100.3420551,2.4394413]]}},{"type":"Feature","properties":{"scope":"Pasir Limau Kapas","osmId":595546719,"highway":"residential","name":"Jalan Darma"},"geometry":{"type":"LineString","coordinates":[[100.3440945,2.4685499],[100.3447485,2.4684032],[100.3448805,2.4683825],[100.3460526,2.4684488],[100.346773,2.4684658],[100.3468209,2.4692439],[100.3468172,2.4692666]]}},{"type":"Feature","properties":{"scope":"Pasir Limau Kapas","osmId":595546720,"highway":"residential","name":null},"geometry":{"type":"LineString","coordinates":[[100.3440945,2.4685499],[100.3432816,2.4686552],[100.3430039,2.4686787],[100.3426135,2.4686734],[100.3423453,2.4686697],[100.3421569,2.4686706],[100.3410599,2.4686757]]}},{"type":"Feature","properties":{"scope":"Pasir Limau Kapas","osmId":595546721,"highway":"residential","name":"Jalan Udang"},"geometry":{"type":"LineString","coordinates":[[100.3447976,2.4663332],[100.3450458,2.4662969],[100.3453321,2.4662189],[100.3457492,2.4661022],[100.3464593,2.4659657],[100.3469529,2.465828],[100.3474854,2.4657088],[100.3479065,2.4656306],[100.3486534,2.4655245],[100.3497026,2.4653663]]}},{"type":"Feature","properties":{"scope":"Pasir Limau Kapas","osmId":595546722,"highway":"residential","name":"Jalan Udang"},"geometry":{"type":"LineString","coordinates":[[100.3447976,2.4663332],[100.3444963,2.4663231],[100.3441812,2.4662797],[100.3435274,2.4662067]]}},{"type":"Feature","properties":{"scope":"Pasir Limau Kapas","osmId":595546723,"highway":"residential","name":"Jalan Bawal"},"geometry":{"type":"LineString","coordinates":[[100.3474209,2.4668858],[100.3447962,2.4668015],[100.3447864,2.4668006]]}},{"type":"Feature","properties":{"scope":"Pasir Limau Kapas","osmId":595546724,"highway":"residential","name":"Jalan Senangin"},"geometry":{"type":"LineString","coordinates":[[100.3447664,2.4675874],[100.34388,2.4674998],[100.3432335,2.467431],[100.3427756,2.467361]]}},{"type":"Feature","properties":{"scope":"Pasir Limau Kapas","osmId":595546725,"highway":"residential","name":"Jalan Gereja"},"geometry":{"type":"LineString","coordinates":[[100.3426135,2.4686734],[100.3426949,2.467988],[100.3427756,2.467361],[100.342957,2.4664833]]}},{"type":"Feature","properties":{"scope":"Pasir Limau Kapas","osmId":595546726,"highway":"residential","name":null},"geometry":{"type":"LineString","coordinates":[[100.328004,2.4713713],[100.327923,2.4711112],[100.3277135,2.4703983]]}},{"type":"Feature","properties":{"scope":"Pasir Limau Kapas","osmId":595546727,"highway":"residential","name":null},"geometry":{"type":"LineString","coordinates":[[100.3289383,2.4701179],[100.3277135,2.4703983],[100.3273891,2.4704791],[100.3273714,2.470478],[100.3273536,2.4704687],[100.3273463,2.4704479],[100.3273432,2.4704134],[100.3273295,2.469654],[100.3273391,2.4688405]]}},{"type":"Feature","properties":{"scope":"Pasir Limau Kapas","osmId":595546729,"highway":"primary","name":"Jalan Teluk Piyai (Kubu) - Panipahan - Batas Sumatera Utara"},"geometry":{"type":"LineString","coordinates":[[100.3133582,2.4690607],[100.3127569,2.4689169],[100.3111046,2.4683629],[100.3040778,2.4655164],[100.3039619,2.4653947],[100.3039403,2.4652784],[100.3039701,2.4651341],[100.304137,2.464726],[100.3044025,2.4641196],[100.3045694,2.4638316],[100.3049335,2.4633313],[100.3054508,2.4620881]]}},{"type":"Feature","properties":{"scope":"Pasir Limau Kapas","osmId":595546730,"highway":"residential","name":null},"geometry":{"type":"LineString","coordinates":[[100.3248489,2.469791],[100.3243902,2.4685583],[100.3243762,2.4684334],[100.3244439,2.4683788],[100.3245243,2.4682796],[100.3245485,2.4681885],[100.3245833,2.4681028],[100.3241934,2.4662423],[100.3241559,2.465985],[100.3240539,2.4647738],[100.3240432,2.4644844],[100.3240915,2.4642539]]}},{"type":"Feature","properties":{"scope":"Pasir Limau Kapas","osmId":595546731,"highway":"residential","name":null},"geometry":{"type":"LineString","coordinates":[[100.3245833,2.4681028],[100.3246386,2.4682137],[100.3247182,2.4683653],[100.3247898,2.4684928]]}},{"type":"Feature","properties":{"scope":"Pasir Limau Kapas","osmId":595546732,"highway":"residential","name":null},"geometry":{"type":"LineString","coordinates":[[100.3211953,2.4639869],[100.3220751,2.4639226],[100.3224398,2.4639654],[100.3229977,2.4640833],[100.323443,2.4641101],[100.3240351,2.4642414],[100.3240915,2.4642539],[100.3247251,2.4643245],[100.3253152,2.4643995],[100.3265383,2.4643299],[100.3271538,2.4642066],[100.328059,2.4640271],[100.3281717,2.464015],[100.3282696,2.464036],[100.3283917,2.464082],[100.3288047,2.4640193]]}},{"type":"Feature","properties":{"scope":"Pasir Limau Kapas","osmId":595546734,"highway":"residential","name":null},"geometry":{"type":"LineString","coordinates":[[100.3334443,2.4630258],[100.3346094,2.4624863],[100.3350119,2.4623937]]}},{"type":"Feature","properties":{"scope":"Pasir Limau Kapas","osmId":595546736,"highway":"residential","name":null},"geometry":{"type":"LineString","coordinates":[[100.3336207,2.4636525],[100.3338123,2.4635786],[100.3346734,2.4632709],[100.3349666,2.4631805]]}},{"type":"Feature","properties":{"scope":"Pasir Limau Kapas","osmId":661322661,"highway":"living_street","name":null},"geometry":{"type":"LineString","coordinates":[[100.3405672,2.4672205],[100.3411559,2.4670652]]}},{"type":"Feature","properties":{"scope":"Pasir Limau Kapas","osmId":661322663,"highway":"residential","name":null},"geometry":{"type":"LineString","coordinates":[[100.3274593,2.4798934],[100.3273639,2.4802713],[100.3272965,2.4805944],[100.3271188,2.4814571],[100.3270899,2.4816027]]}},{"type":"Feature","properties":{"scope":"Pasir Limau Kapas","osmId":661322665,"highway":"living_street","name":"Jalan Tenaga II"},"geometry":{"type":"LineString","coordinates":[[100.3417593,2.465433],[100.3417647,2.4658578],[100.3418534,2.4661845],[100.3419088,2.4664855],[100.3419168,2.4665117],[100.3419403,2.4665263],[100.3420641,2.4665201],[100.3420874,2.4665232]]}},{"type":"Feature","properties":{"scope":"Pasir Limau Kapas","osmId":661322666,"highway":"path","name":null},"geometry":{"type":"LineString","coordinates":[[100.3390118,2.4606689],[100.3389132,2.4609788],[100.3384292,2.4624978]]}},{"type":"Feature","properties":{"scope":"Pasir Limau Kapas","osmId":661322667,"highway":"residential","name":null},"geometry":{"type":"LineString","coordinates":[[100.3277377,2.4609579],[100.3277621,2.4610604],[100.3277757,2.4610942],[100.3277868,2.4611309],[100.3278016,2.4611592],[100.3282519,2.4625464],[100.328533,2.4632536],[100.3287189,2.4637782]]}},{"type":"Feature","properties":{"scope":"Pasir Limau Kapas","osmId":661322668,"highway":"living_street","name":null},"geometry":{"type":"LineString","coordinates":[[100.3333439,2.4693596],[100.3334414,2.4693361],[100.3334552,2.4693234],[100.3334537,2.4692984],[100.3334306,2.4690909],[100.3333994,2.4687218],[100.3333999,2.4686963],[100.3334062,2.4686705],[100.3334636,2.4685481],[100.3334846,2.4685032]]}},{"type":"Feature","properties":{"scope":"Pasir Limau Kapas","osmId":661322669,"highway":"living_street","name":null},"geometry":{"type":"LineString","coordinates":[[100.3334306,2.4690909],[100.3340867,2.4689169]]}},{"type":"Feature","properties":{"scope":"Pasir Limau Kapas","osmId":661322670,"highway":"unclassified","name":null},"geometry":{"type":"LineString","coordinates":[[100.3250415,2.4794362],[100.3250666,2.4793329],[100.3251813,2.4788603],[100.3252819,2.478403],[100.3252954,2.4783844],[100.3253201,2.4783679],[100.3253746,2.4783594],[100.3266518,2.4782366],[100.3272113,2.4782069],[100.3276115,2.4781714],[100.3279604,2.4781443],[100.3285934,2.4781116],[100.3298183,2.4779373],[100.3306673,2.4778079],[100.3307743,2.477792],[100.330874,2.4777849],[100.3312836,2.4777626],[100.3318941,2.4777597],[100.3332669,2.4778413]]}},{"type":"Feature","properties":{"scope":"Pasir Limau Kapas","osmId":661322676,"highway":"path","name":null},"geometry":{"type":"LineString","coordinates":[[100.3361483,2.4582218],[100.3359236,2.459002],[100.3359107,2.4590648],[100.3359049,2.4591109],[100.3359022,2.459157],[100.335904,2.45921],[100.3359342,2.4596967],[100.3359672,2.4604838],[100.3359979,2.4609374],[100.3360589,2.4620354]]}},{"type":"Feature","properties":{"scope":"Pasir Limau Kapas","osmId":661322678,"highway":"living_street","name":null},"geometry":{"type":"LineString","coordinates":[[100.3395576,2.4659198],[100.3400216,2.4657829]]}},{"type":"Feature","properties":{"scope":"Pasir Limau Kapas","osmId":661322680,"highway":"residential","name":null},"geometry":{"type":"LineString","coordinates":[[100.3339566,2.4682468],[100.3347014,2.468167]]}},{"type":"Feature","properties":{"scope":"Pasir Limau Kapas","osmId":661322705,"highway":"residential","name":null},"geometry":{"type":"LineString","coordinates":[[100.3280927,2.4814337],[100.3282829,2.4799912],[100.3282956,2.4798811],[100.3283287,2.4795943],[100.3284993,2.478714],[100.3285934,2.4781116]]}},{"type":"Feature","properties":{"scope":"Pasir Limau Kapas","osmId":661322709,"highway":"residential","name":null},"geometry":{"type":"LineString","coordinates":[[100.3273908,2.4720899],[100.3276919,2.4719775],[100.3277943,2.4719558]]}},{"type":"Feature","properties":{"scope":"Pasir Limau Kapas","osmId":661322710,"highway":"residential","name":null},"geometry":{"type":"LineString","coordinates":[[100.3347687,2.468935],[100.3343826,2.4689993],[100.3341186,2.4690565]]}},{"type":"Feature","properties":{"scope":"Pasir Limau Kapas","osmId":661322711,"highway":"residential","name":null},"geometry":{"type":"LineString","coordinates":[[100.3277106,2.4795056],[100.3279498,2.4795472],[100.3283287,2.4795943]]}},{"type":"Feature","properties":{"scope":"Pasir Limau Kapas","osmId":661322713,"highway":"path","name":null},"geometry":{"type":"LineString","coordinates":[[100.3360589,2.4620354],[100.3369744,2.4621003],[100.3375082,2.462146],[100.3376582,2.462175],[100.3377798,2.462215],[100.3382472,2.4624503],[100.3382645,2.4624549],[100.3383155,2.4624522],[100.3383304,2.4624533],[100.3384292,2.4624978],[100.3385551,2.4625528],[100.3388452,2.4627953],[100.3388992,2.4628515],[100.3389797,2.4629306],[100.33904,2.4629775],[100.3393109,2.4631008],[100.3394692,2.4631744],[100.3395952,2.4632187],[100.3399057,2.4633245]]}},{"type":"Feature","properties":{"scope":"Pasir Limau Kapas","osmId":661322714,"highway":"residential","name":"Gang Sepakat"},"geometry":{"type":"LineString","coordinates":[[100.339418,2.468023],[100.339418,2.4683565],[100.3394104,2.4684704],[100.3393708,2.4686588],[100.3393411,2.4687656],[100.3392473,2.468918]]}},{"type":"Feature","properties":{"scope":"Pasir Limau Kapas","osmId":661322715,"highway":"living_street","name":"Jalan Berdikari"},"geometry":{"type":"LineString","coordinates":[[100.3421623,2.4674423],[100.341589,2.4674306],[100.3413938,2.4672903],[100.3412979,2.4672219],[100.3412173,2.4671519],[100.3411559,2.4670652]]}},{"type":"Feature","properties":{"scope":"Pasir Limau Kapas","osmId":661322908,"highway":"service","name":null},"geometry":{"type":"LineString","coordinates":[[100.312255,2.3087319],[100.3122288,2.3087717],[100.3121874,2.308801],[100.3121292,2.3088179],[100.3104201,2.3089636],[100.3091237,2.3090874],[100.3087907,2.3091011],[100.308565,2.3090984],[100.3077367,2.3090291],[100.3075736,2.3090059],[100.3053884,2.3086951],[100.3046057,2.3086165],[100.3041612,2.3085693],[100.3036341,2.3085497],[100.3032683,2.3084986],[100.302993,2.3084317],[100.3026979,2.3084121],[100.3022535,2.3084317],[100.3014314,2.3085261],[100.3004087,2.3086322],[100.298944,2.3087582],[100.2979496,2.3088082],[100.2969903,2.3088579],[100.2962579,2.3088921],[100.2957172,2.3089226],[100.2952755,2.3089451],[100.2951018,2.3089613],[100.2947929,2.3090167],[100.2941148,2.309079],[100.2928092,2.3091912],[100.2921026,2.3092292],[100.2914213,2.3092541],[100.2896171,2.3092929],[100.2877962,2.3093092],[100.2877122,2.3093115],[100.2876295,2.3093049],[100.2860119,2.3091014],[100.2850791,2.3089689],[100.2831857,2.3086815],[100.2800885,2.3082529],[100.278428,2.3079951],[100.2782261,2.3079713],[100.2780305,2.3079225],[100.2778549,2.3078546],[100.2776799,2.3077494],[100.2771445,2.3073847],[100.2763546,2.306909],[100.275823,2.3066132],[100.2752257,2.3063166],[100.2743393,2.305978],[100.2740873,2.3058655],[100.2737992,2.3057246],[100.2728966,2.3052453],[100.2727838,2.3051792],[100.2727043,2.3051198],[100.2726454,2.3050629],[100.2718623,2.3041624],[100.2711292,2.3033087],[100.2710488,2.3032237],[100.2707039,2.3029067],[100.2703512,2.3025878],[100.2694883,2.301844],[100.269162,2.3015292],[100.2688839,2.3012204],[100.2686774,2.3009673],[100.2684887,2.3006894],[100.2682854,2.3002849],[100.2682534,2.3002288],[100.2682136,2.3001727],[100.2681086,2.3000284],[100.2679443,2.2997688],[100.2678598,2.2996662],[100.2677558,2.2995713],[100.2676363,2.2994784],[100.2675028,2.2994049],[100.2673828,2.2993488],[100.267246,2.2993368],[100.2670976,2.2993443],[100.2666249,2.2994232],[100.2662056,2.2995052],[100.265862,2.2995623],[100.2655029,2.2996431],[100.2653192,2.2996909],[100.2652734,2.2997097],[100.2652381,2.2997374],[100.2649445,2.3000033],[100.2648482,2.3000777],[100.2647886,2.3001171],[100.2647517,2.300154],[100.2647206,2.3002064],[100.2646954,2.3002627],[100.2646449,2.3003966],[100.2646021,2.3004723],[100.2645264,2.3005907],[100.2644642,2.3006742],[100.2644195,2.3007285],[100.2642814,2.3008728],[100.2642091,2.3009382],[100.2640596,2.3010583],[100.2640052,2.3010948],[100.263951,2.301122],[100.2638706,2.3011537],[100.2637866,2.3011709],[100.2637257,2.3011735],[100.2636735,2.3011613],[100.2634287,2.3010655],[100.2633765,2.3010536],[100.2633287,2.3010508],[100.2626732,2.300968],[100.2625024,2.3009126],[100.262297,2.3008303],[100.2622403,2.3008295],[100.2621866,2.3008384],[100.262137,2.3008369],[100.2616439,2.3007373],[100.2609657,2.3005571],[100.2608792,2.3005237],[100.260797,2.300486],[100.2603748,2.3002787],[100.2598081,2.3000721],[100.2597439,2.300064],[100.2596901,2.3000705],[100.2596307,2.3000877],[100.259377,2.3001677],[100.2593264,2.3001807],[100.2592753,2.3001859],[100.2591269,2.3001877],[100.2588094,2.3001595],[100.2583193,2.3000704],[100.2582345,2.3000632],[100.2581623,2.3000686],[100.2580975,2.3000794],[100.2579929,2.3001218],[100.2578614,2.3001723],[100.2577735,2.3002099],[100.257694,2.3002329],[100.2575975,2.3002373],[100.2575464,2.3002329],[100.2575009,2.3002229],[100.2574128,2.3002001],[100.257242,2.3001573],[100.2571962,2.3001496],[100.2570514,2.300133],[100.2569151,2.3001303],[100.2568697,2.3001363],[100.256659,2.3001575],[100.2564348,2.3001978],[100.2563987,2.3002016],[100.2561842,2.3001923],[100.2561317,2.3001858],[100.2560734,2.300172],[100.2554841,2.3000267],[100.2554436,2.3000123],[100.2552489,2.2999301],[100.2551325,2.2998806],[100.2550246,2.2998283],[100.2546297,2.2996053],[100.2546052,2.2995926],[100.2543447,2.2994723],[100.2540992,2.2993514],[100.253778,2.299191],[100.253444,2.2990373],[100.2531007,2.2988749],[100.2526855,2.2986872],[100.2513767,2.2981167],[100.2503532,2.2976328],[100.2496405,2.2973165],[100.2495039,2.2972507],[100.2493673,2.2971905],[100.2486355,2.2969271],[100.2482253,2.2967733],[100.2474841,2.2965106],[100.246766,2.2962323],[100.2462996,2.2960658],[100.2459587,2.295941],[100.2438554,2.295169],[100.2403675,2.2937989],[100.2389299,2.2933029]]}},{"type":"Feature","properties":{"scope":"Pasir Limau Kapas","osmId":661327611,"highway":"service","name":null},"geometry":{"type":"LineString","coordinates":[[100.2511776,2.2198086],[100.2512909,2.2198646],[100.2513737,2.2198802],[100.2514674,2.2198802],[100.2523565,2.21988],[100.2527786,2.2198775],[100.2555388,2.2198613],[100.2570748,2.2198522],[100.2589776,2.2198409],[100.2612432,2.2197465],[100.2616253,2.2198253],[100.2641162,2.2198106],[100.2641648,2.2198097],[100.2672225,2.2197541],[100.2833737,2.2197901],[100.2871722,2.2197996],[100.2926456,2.219812],[100.2991178,2.2198295],[100.3010827,2.2198397],[100.3018974,2.2198365],[100.3269562,2.2198993],[100.3303986,2.2198097],[100.3304288,2.2197999],[100.3304521,2.2197588],[100.3320975,2.2197457],[100.3347134,2.2197182]]}},{"type":"Feature","properties":{"scope":"Pasir Limau Kapas","osmId":661339395,"highway":"residential","name":null},"geometry":{"type":"LineString","coordinates":[[100.3427266,2.3764114],[100.3421252,2.3779264],[100.3418906,2.3784261],[100.3415258,2.379184],[100.340515,2.3811223],[100.3394099,2.3829045],[100.3390194,2.3835608],[100.3385028,2.3844236],[100.338063,2.3851282],[100.3376957,2.3857304],[100.337315,2.3863258],[100.336814,2.387058],[100.3366087,2.3873416],[100.3365678,2.3874062],[100.3359672,2.3883551],[100.335945,2.3883968],[100.3359282,2.3884348],[100.3358887,2.3885215],[100.3353792,2.3899482],[100.3351906,2.3904257],[100.3351693,2.3904957],[100.3351541,2.3905637],[100.3351455,2.3906393],[100.3351429,2.3907129],[100.3351184,2.3917817],[100.3351224,2.3918309],[100.335133,2.3918873],[100.3351431,2.3919193],[100.3352386,2.3920057]]}},{"type":"Feature","properties":{"scope":"Pasir Limau Kapas","osmId":661339396,"highway":"service","name":null},"geometry":{"type":"LineString","coordinates":[[100.3486031,2.3903014],[100.3491901,2.3893614],[100.3492438,2.3892606],[100.3492881,2.3891348],[100.3493292,2.3889822],[100.3493641,2.3888045],[100.3494354,2.3882342],[100.3494446,2.3881322],[100.3494475,2.3880239],[100.3494031,2.3863569],[100.3493348,2.3831805],[100.3493478,2.381251]]}},{"type":"Feature","properties":{"scope":"Pasir Limau Kapas","osmId":661339398,"highway":"residential","name":null},"geometry":{"type":"LineString","coordinates":[[100.3366087,2.3873416],[100.3367936,2.3874101],[100.3368673,2.3874302],[100.3369533,2.3874474],[100.3377779,2.3875801],[100.3386823,2.3876901],[100.3397993,2.3878508],[100.3410079,2.3879789],[100.3411244,2.3879813],[100.3412098,2.3879754],[100.3413037,2.3879609],[100.3416039,2.3879107],[100.3419797,2.3878561],[100.3420688,2.3878347],[100.3421522,2.3878076],[100.3425246,2.3876768],[100.343277,2.3873843]]}},{"type":"Feature","properties":{"scope":"Pasir Limau Kapas","osmId":661339399,"highway":"residential","name":null},"geometry":{"type":"LineString","coordinates":[[100.3353237,2.3943222],[100.3353254,2.3943583],[100.3353264,2.3944125],[100.3353239,2.3944898],[100.3353174,2.3945803],[100.3352962,2.3947212],[100.3352648,2.394858],[100.3351701,2.3952121],[100.335163,2.3952645],[100.3351371,2.3954832],[100.3351167,2.3955881],[100.334715,2.3973128],[100.3346662,2.3975489],[100.3346049,2.3977788],[100.3344571,2.3982322],[100.3343259,2.3985926],[100.3343048,2.39864],[100.3342436,2.3987225],[100.3342245,2.3987541],[100.3342111,2.3987856],[100.3339375,2.399799],[100.3337535,2.4005723],[100.3337298,2.400648],[100.3337148,2.4007134],[100.3337057,2.4007789],[100.3336964,2.4009229],[100.33366,2.4020422],[100.3336354,2.4039005],[100.3336308,2.403945],[100.3333967,2.406152]]}},{"type":"Feature","properties":{"scope":"Pasir Limau Kapas","osmId":661339400,"highway":"residential","name":null},"geometry":{"type":"LineString","coordinates":[[100.3116878,2.4072725],[100.3121945,2.4074044],[100.3126004,2.4075724],[100.3126545,2.4075878],[100.3127177,2.4075985],[100.3129833,2.4076199],[100.3130359,2.4076296],[100.3142948,2.4078823],[100.3160051,2.4081613],[100.3174596,2.4084393],[100.3203072,2.4089175],[100.3271638,2.410097],[100.3319162,2.4108782],[100.3334998,2.4111453],[100.3340092,2.4111989],[100.3349353,2.4113023],[100.3352653,2.4113549],[100.3355821,2.4114272],[100.3360935,2.4115522],[100.3362317,2.4115976],[100.3362464,2.4116024],[100.3376893,2.4121805],[100.3390727,2.4127018],[100.3403518,2.4131595],[100.3425733,2.4140392],[100.343329,2.4143424],[100.3436152,2.4144446],[100.3439693,2.4145481],[100.3442366,2.4146234],[100.3445557,2.4147512],[100.3451443,2.4149634]]}},{"type":"Feature","properties":{"scope":"Pasir Limau Kapas","osmId":661339403,"highway":"residential","name":null},"geometry":{"type":"LineString","coordinates":[[100.3416431,2.3957601],[100.3402541,2.3952944],[100.3388483,2.3948669],[100.3380839,2.3946346],[100.3373777,2.3944457],[100.3370582,2.3943761],[100.336875,2.3943444],[100.336648,2.394316],[100.3355432,2.3942131],[100.3355147,2.3942137],[100.3354844,2.3942161],[100.3354295,2.3942268],[100.3353094,2.3942387]]}},{"type":"Feature","properties":{"scope":"Pasir Limau Kapas","osmId":661340733,"highway":"residential","name":null},"geometry":{"type":"LineString","coordinates":[[100.3362317,2.4115976],[100.3362455,2.4115487],[100.3365417,2.4105022],[100.3367266,2.4098481],[100.3368868,2.4091693],[100.3370393,2.4085182],[100.3371733,2.4078856],[100.3372424,2.4076059],[100.337352,2.4071622],[100.3377402,2.4060294],[100.3381854,2.4047334],[100.3387339,2.4033543],[100.339091,2.4024369],[100.3396067,2.4011176],[100.3400431,2.3998399],[100.3402979,2.3991574],[100.3406815,2.3982277],[100.34096,2.3976766],[100.341259,2.397013],[100.3414955,2.3963464]]}},{"type":"Feature","properties":{"scope":"Pasir Limau Kapas","osmId":661341260,"highway":"service","name":null},"geometry":{"type":"LineString","coordinates":[[100.3203785,2.1915626],[100.3218307,2.1914945],[100.3225987,2.19151],[100.3227473,2.1915193],[100.3242119,2.1914852],[100.3243977,2.1915224],[100.3244283,2.1915581],[100.3244473,2.1915997],[100.3244642,2.1916623],[100.3244782,2.1917328],[100.324472,2.1923826],[100.3244913,2.1948277],[100.3244868,2.1960871],[100.3244851,2.1965728]]}},{"type":"Feature","properties":{"scope":"Pasir Limau Kapas","osmId":661357077,"highway":"residential","name":null},"geometry":{"type":"LineString","coordinates":[[100.3327998,2.4380129],[100.33284,2.4378946],[100.3331801,2.4369677],[100.3335042,2.4359034],[100.3335714,2.4356764],[100.3336378,2.4354795],[100.3336958,2.4353209],[100.3337598,2.435166],[100.3341128,2.434468],[100.3349663,2.4328972],[100.3355026,2.431939],[100.3355441,2.4318437],[100.3355637,2.4317932],[100.3355767,2.4317394],[100.3355791,2.4316893],[100.335575,2.4316392],[100.3354974,2.4315051],[100.3355093,2.4313477],[100.3355143,2.4313061],[100.335523,2.4312663],[100.3355363,2.431231],[100.3370566,2.4282626],[100.3370896,2.4281961],[100.3371156,2.4281373],[100.3371318,2.4280875],[100.3376019,2.426142]]}},{"type":"Feature","properties":{"scope":"Pasir Limau Kapas","osmId":661357078,"highway":"residential","name":null},"geometry":{"type":"LineString","coordinates":[[100.3449024,2.4394291],[100.3420551,2.4394413]]}},{"type":"Feature","properties":{"scope":"Pasir Limau Kapas","osmId":661357080,"highway":"residential","name":null},"geometry":{"type":"LineString","coordinates":[[100.335575,2.4316392],[100.338185,2.4332436],[100.3386329,2.4335525],[100.3389781,2.4337728],[100.3392206,2.4339252],[100.3395659,2.4341134],[100.3401728,2.4344259],[100.3405214,2.4346163],[100.3408388,2.4348033],[100.342707,2.4357056]]}},{"type":"Feature","properties":{"scope":"Pasir Limau Kapas","osmId":661357081,"highway":"residential","name":null},"geometry":{"type":"LineString","coordinates":[[100.3359293,2.4156423],[100.3357476,2.4161202],[100.3354465,2.4169922],[100.3349336,2.4183428],[100.3349194,2.4184183],[100.33492,2.4184873],[100.3349557,2.4185776],[100.3350033,2.4186537],[100.3350588,2.4187124],[100.3351108,2.4187523],[100.3353502,2.4189208],[100.3353658,2.4189441],[100.3353767,2.4189699],[100.3353766,2.4190154],[100.3353659,2.4190715],[100.334605,2.4224656],[100.3345893,2.4225355]]}},{"type":"Feature","properties":{"scope":"Pasir Limau Kapas","osmId":661357082,"highway":"residential","name":null},"geometry":{"type":"LineString","coordinates":[[100.3450841,2.4372529],[100.3450294,2.437868],[100.344998,2.4383576],[100.3449024,2.4394291]]}},{"type":"Feature","properties":{"scope":"Pasir Limau Kapas","osmId":661357083,"highway":"residential","name":null},"geometry":{"type":"LineString","coordinates":[[100.3327998,2.4380129],[100.3335063,2.4385039],[100.3335826,2.438549],[100.3336589,2.4385879],[100.3337461,2.4386212],[100.3338339,2.4386475],[100.3344718,2.4387718],[100.3355587,2.438893],[100.3379797,2.4391787],[100.3380301,2.4391873],[100.3380702,2.4391971],[100.338281,2.4392814],[100.3383447,2.4393014],[100.3384462,2.4393257],[100.3385854,2.4393523],[100.3388719,2.4393966],[100.3391443,2.4394268],[100.3394167,2.4394507],[100.3420437,2.4395133]]}},{"type":"Feature","properties":{"scope":"Pasir Limau Kapas","osmId":661357084,"highway":"residential","name":null},"geometry":{"type":"LineString","coordinates":[[100.3376732,2.4565041],[100.3372175,2.4558473],[100.33711,2.4557025],[100.3369902,2.4555682],[100.336828,2.4554007],[100.3366703,2.4552535]]}},{"type":"Feature","properties":{"scope":"Pasir Limau Kapas","osmId":661357085,"highway":"residential","name":null},"geometry":{"type":"LineString","coordinates":[[100.3378018,2.4563904],[100.3376732,2.4565041],[100.3374735,2.4567002],[100.3368512,2.4573696],[100.3365817,2.4576659]]}},{"type":"Feature","properties":{"scope":"Pasir Limau Kapas","osmId":661357086,"highway":"residential","name":null},"geometry":{"type":"LineString","coordinates":[[100.3352128,2.4531072],[100.3352091,2.4530991],[100.3352041,2.4530917],[100.3347262,2.4526648],[100.3341716,2.4522104],[100.3338449,2.4519354],[100.3338305,2.4519216],[100.3338188,2.4519045],[100.3338076,2.4518706],[100.3337516,2.4514564],[100.3337513,2.4514214],[100.3337562,2.4513792],[100.3339335,2.4506681],[100.3339388,2.4506402],[100.3339373,2.4506173],[100.3339294,2.4505987],[100.3339128,2.4505794],[100.3336318,2.4504046],[100.3331187,2.4500448],[100.3319416,2.4492137],[100.3310835,2.4486907],[100.3303204,2.4482112],[100.3297059,2.4478169],[100.3293288,2.4475555],[100.3292299,2.4474959],[100.329017,2.4473751],[100.3284872,2.4470914],[100.3279103,2.4467491],[100.3273369,2.4463968],[100.3271553,2.4462843],[100.3191921,2.4413433],[100.3175806,2.4403023],[100.3170369,2.4399223],[100.3151253,2.4386889],[100.3115986,2.4364578],[100.3077965,2.4340758],[100.306731,2.433448],[100.3066828,2.4334251]]}},{"type":"Feature","properties":{"scope":"Pasir Limau Kapas","osmId":661357088,"highway":"service","name":null},"geometry":{"type":"LineString","coordinates":[[100.339831,2.45407],[100.3407571,2.4543905]]}},{"type":"Feature","properties":{"scope":"Pasir Limau Kapas","osmId":661357092,"highway":"residential","name":null},"geometry":{"type":"LineString","coordinates":[[100.346744,2.4254559],[100.3465474,2.4254588],[100.3464964,2.4254561],[100.345441,2.4252948],[100.3442483,2.4251182],[100.3436459,2.4249928],[100.3415994,2.42446],[100.3404505,2.4241372],[100.3394228,2.4238676],[100.3377657,2.4233916],[100.3359112,2.4228966],[100.3345893,2.4225355],[100.3319763,2.4218288],[100.3304993,2.4214783],[100.3303628,2.4214538],[100.3302126,2.4214367],[100.3299708,2.4214169],[100.3295028,2.4213939],[100.3294005,2.4213858],[100.3272023,2.4211749],[100.3271146,2.4211612],[100.3267225,2.4210993],[100.326536,2.4210553],[100.326101,2.4210201],[100.3258299,2.4209879],[100.3237007,2.4205896],[100.3235705,2.4205594],[100.3234404,2.4205183],[100.3223397,2.4201023],[100.3219779,2.4199555],[100.321588,2.4197596],[100.3212597,2.4196455],[100.3210409,2.41955],[100.3208565,2.4194241],[100.3204235,2.4190822],[100.3202977,2.4190032],[100.3201807,2.4189535],[100.3199998,2.418913],[100.3178772,2.418688],[100.3162605,2.41848],[100.3158655,2.4183894],[100.3142214,2.4179071],[100.3141482,2.417875],[100.3140926,2.4178195],[100.3134841,2.417172],[100.3134081,2.4171209],[100.3133159,2.41708],[100.3132062,2.4170449]]}},{"type":"Feature","properties":{"scope":"Pasir Limau Kapas","osmId":661357864,"highway":"service","name":null},"geometry":{"type":"LineString","coordinates":[[100.3544452,2.2296938],[100.3543883,2.2296383],[100.3543618,2.2296158],[100.3543384,2.2296046],[100.3543098,2.2295984],[100.3515939,2.2295425],[100.3489865,2.2294751],[100.3461129,2.2294029],[100.3433286,2.2293325],[100.3408286,2.2291997],[100.337552,2.2291863],[100.3374335,2.2291854],[100.334749,2.2291651]]}},{"type":"Feature","properties":{"scope":"Pasir Limau Kapas","osmId":661364402,"highway":"residential","name":null},"geometry":{"type":"LineString","coordinates":[[100.3261307,2.4132569],[100.3271888,2.413375],[100.3275755,2.4133995],[100.328687,2.413517],[100.329621,2.4136237],[100.3303452,2.4137101],[100.3305777,2.41374],[100.3308282,2.4138013],[100.3326078,2.414369],[100.3342272,2.4149808],[100.3359293,2.4156423],[100.337291,2.416153],[100.3397145,2.4171216]]}},{"type":"Feature","properties":{"scope":"Pasir Limau Kapas","osmId":661364485,"highway":"unclassified","name":null},"geometry":{"type":"LineString","coordinates":[[100.3451443,2.4149634],[100.3462188,2.4154056],[100.3484336,2.4162757],[100.3484611,2.4162983],[100.3484747,2.4163217],[100.348482,2.4163532],[100.348483,2.4163857],[100.3484758,2.4164153],[100.3484633,2.4164435],[100.3481993,2.4169693],[100.3481579,2.4170371],[100.3478888,2.4175736],[100.3478772,2.4176075],[100.3478703,2.4176461],[100.3478199,2.4181503],[100.3477107,2.4190922],[100.3476122,2.4197899],[100.3475025,2.4208207],[100.3474905,2.4208805],[100.3473632,2.4214462],[100.3473231,2.4216452],[100.3472502,2.4220075],[100.3472578,2.4220616],[100.34727,2.4221025],[100.3472942,2.4221442],[100.3473289,2.422191],[100.3473566,2.4222403],[100.347362,2.4222806],[100.3473573,2.4223305],[100.3472074,2.4230931],[100.3469959,2.4241121],[100.3468095,2.4251492],[100.346744,2.4254559],[100.3467272,2.425509]]}},{"type":"Feature","properties":{"scope":"Pasir Limau Kapas","osmId":661364488,"highway":"service","name":null},"geometry":{"type":"LineString","coordinates":[[100.3371258,2.328448],[100.337688,2.3274111],[100.3378083,2.3271804],[100.3408355,2.3213757]]}},{"type":"Feature","properties":{"scope":"Pasir Limau Kapas","osmId":661622188,"highway":"service","name":null},"geometry":{"type":"LineString","coordinates":[[100.3176392,2.2872824],[100.317644,2.28668],[100.3176695,2.2861868],[100.317703,2.2856039],[100.3177272,2.285151],[100.3177508,2.2846536],[100.3178435,2.2827819],[100.3179666,2.2804307],[100.3179604,2.2780382]]}},{"type":"Feature","properties":{"scope":"Pasir Limau Kapas","osmId":661625179,"highway":"residential","name":null},"geometry":{"type":"LineString","coordinates":[[100.3109893,2.425453],[100.3180515,2.4264584],[100.3226718,2.4271247],[100.3270856,2.427777],[100.3271838,2.427792],[100.3275415,2.4278422],[100.3275933,2.427852],[100.3276468,2.4278688],[100.3291898,2.4283959],[100.3292575,2.4284187],[100.3293299,2.4284478],[100.3305683,2.4289689],[100.3313401,2.4293069],[100.3330904,2.4300604],[100.333131,2.4300801],[100.3331715,2.4301027],[100.3337521,2.4304359],[100.3343248,2.4307771],[100.3353546,2.431455],[100.3354014,2.4314809]]}},{"type":"Feature","properties":{"scope":"Pasir Limau Kapas","osmId":661627309,"highway":"residential","name":null},"geometry":{"type":"LineString","coordinates":[[100.3270899,2.4816027],[100.3269539,2.4815992],[100.3266078,2.4815747],[100.3257625,2.4815276],[100.3249182,2.4814332],[100.3244869,2.4813804]]}},{"type":"Feature","properties":{"scope":"Pasir Limau Kapas","osmId":661627311,"highway":"residential","name":null},"geometry":{"type":"LineString","coordinates":[[100.32091,2.51622],[100.3212961,2.5151778],[100.3215279,2.5147288],[100.3217129,2.5143443],[100.3224106,2.5129379],[100.3226168,2.5124511],[100.3227416,2.5121443],[100.3228425,2.5118724],[100.3230399,2.5112263],[100.3232436,2.5103358],[100.3232753,2.5100796],[100.3233332,2.5097992],[100.3234977,2.508929],[100.3236307,2.5084276],[100.3236995,2.5080434],[100.3239231,2.5067127],[100.3240974,2.5060387],[100.3242576,2.5053754],[100.3244467,2.5046943],[100.3245006,2.5043891],[100.3246487,2.5026927],[100.3249449,2.5019118],[100.3250705,2.5015304],[100.3251738,2.5010861],[100.3252348,2.5006507],[100.3254341,2.4994256],[100.3259464,2.498055],[100.3259733,2.497983],[100.3264079,2.4969572],[100.3269546,2.4955278],[100.3274267,2.4944351],[100.3274985,2.494269],[100.3276559,2.4940434],[100.3276903,2.493977],[100.3278987,2.4933104],[100.3280505,2.4929675],[100.3282642,2.4924395],[100.328338,2.492209],[100.3283997,2.4920603],[100.3284869,2.4919103],[100.3286376,2.491715],[100.3286954,2.4916346],[100.3287246,2.4915746],[100.328985,2.490665],[100.3292367,2.4899427],[100.3296347,2.4888342],[100.3298501,2.4881161],[100.3301352,2.4870639],[100.3303271,2.4864282],[100.3309676,2.4850643],[100.3313572,2.4841918],[100.3313861,2.4841142],[100.3314131,2.4840328],[100.3315803,2.4830754],[100.3316618,2.4820835],[100.3317331,2.4814755],[100.331791,2.4813538],[100.3318472,2.4812496],[100.3320959,2.4808325],[100.3322902,2.480539]]}},{"type":"Feature","properties":{"scope":"Pasir Limau Kapas","osmId":661627312,"highway":"residential","name":null},"geometry":{"type":"LineString","coordinates":[[100.3240351,2.4642414],[100.323993,2.462476],[100.3239754,2.461437],[100.3240668,2.4578762],[100.3240716,2.4576904]]}},{"type":"Feature","properties":{"scope":"Pasir Limau Kapas","osmId":661627313,"highway":"primary","name":null},"geometry":{"type":"LineString","coordinates":[[100.3133582,2.4690607],[100.3133841,2.469994],[100.3133754,2.4702473],[100.3133392,2.4704877],[100.3132719,2.4708737],[100.3132631,2.4711749],[100.3133968,2.4720787],[100.3135155,2.4726503]]}},{"type":"Feature","properties":{"scope":"Pasir Limau Kapas","osmId":661627314,"highway":"residential","name":null},"geometry":{"type":"LineString","coordinates":[[100.3271188,2.4814571],[100.3272382,2.4814606],[100.3280927,2.4814337],[100.3305546,2.4813761],[100.331791,2.4813538]]}},{"type":"Feature","properties":{"scope":"Pasir Limau Kapas","osmId":661627317,"highway":"residential","name":null},"geometry":{"type":"LineString","coordinates":[[100.3266078,2.4815747],[100.3267176,2.4808592],[100.3267345,2.4807299],[100.3267929,2.4803739],[100.3268882,2.4797905]]}},{"type":"Feature","properties":{"scope":"Pasir Limau Kapas","osmId":661627319,"highway":"residential","name":null},"geometry":{"type":"LineString","coordinates":[[100.3249182,2.4814332],[100.3247376,2.4825235]]}},{"type":"Feature","properties":{"scope":"Pasir Limau Kapas","osmId":661634402,"highway":"service","name":null},"geometry":{"type":"LineString","coordinates":[[100.3179604,2.2780382],[100.3151149,2.2781362],[100.3095049,2.2783215],[100.3067021,2.2784141],[100.3038495,2.2784916],[100.3038067,2.2784931],[100.2984864,2.2786856],[100.2957812,2.278775],[100.2956727,2.2787786],[100.2928305,2.2788602],[100.2899968,2.2789672],[100.2899246,2.2789696],[100.2871956,2.2790603],[100.2871192,2.2790628],[100.284481,2.2791907],[100.2843933,2.279192]]}},{"type":"Feature","properties":{"scope":"Pasir Limau Kapas","osmId":661634407,"highway":"service","name":null},"geometry":{"type":"LineString","coordinates":[[100.3640737,2.2105591],[100.3640985,2.211246],[100.3641012,2.2117713],[100.3640927,2.2118243],[100.3640298,2.2119769],[100.3637445,2.2125084],[100.3633448,2.2132723],[100.3627172,2.2145186],[100.3623846,2.2152074],[100.3620869,2.2158024],[100.361698,2.2165689],[100.3615263,2.2169173],[100.361408,2.2171361],[100.3609899,2.217909],[100.3607833,2.2183084],[100.3606064,2.2186415],[100.3603837,2.2190642],[100.3601289,2.2195145],[100.3597005,2.2203012],[100.359233,2.221136],[100.3588146,2.2218864],[100.3583318,2.2227468],[100.3581333,2.2231059],[100.3579831,2.2233552],[100.3575593,2.2241217],[100.3571033,2.2249311],[100.3561897,2.2265606],[100.3556389,2.2275604],[100.355147,2.2284733],[100.3546915,2.2292613],[100.3544452,2.2296938]]}},{"type":"Feature","properties":{"scope":"Pasir Limau Kapas","osmId":661653494,"highway":"residential","name":null},"geometry":{"type":"LineString","coordinates":[[100.3293153,2.4800686],[100.328809,2.4800216],[100.3282829,2.4799912],[100.3278534,2.4799475],[100.3277404,2.4799322],[100.3274593,2.4798934],[100.327178,2.4798449],[100.3269837,2.4798091],[100.3268882,2.4797905],[100.3257639,2.479604],[100.325654,2.4795794],[100.3250415,2.4794362]]}},{"type":"Feature","properties":{"scope":"Pasir Limau Kapas","osmId":661653495,"highway":"residential","name":null},"geometry":{"type":"LineString","coordinates":[[100.329454,2.4708543],[100.32927,2.4705385],[100.3291424,2.4704111],[100.3289383,2.4701179],[100.3285689,2.4686948],[100.3285599,2.4686813],[100.3285372,2.4686659],[100.328503,2.4686686],[100.3279531,2.4687161],[100.3273754,2.4688332],[100.3273391,2.4688405],[100.327231,2.4688707],[100.3269328,2.4689541],[100.326773,2.4689988],[100.3264708,2.4690619],[100.3260061,2.4690078],[100.3254378,2.468751],[100.325122,2.4685932],[100.3247898,2.4684928],[100.3247792,2.4684896],[100.3243762,2.4684334]]}},{"type":"Feature","properties":{"scope":"Pasir Limau Kapas","osmId":661653496,"highway":"residential","name":null},"geometry":{"type":"LineString","coordinates":[[100.3271815,2.4717258],[100.3271753,2.4716812],[100.3271592,2.4716149],[100.3271424,2.4715171],[100.3271411,2.4714983],[100.3271471,2.4714823],[100.3271679,2.4714689],[100.327194,2.4714615],[100.3272041,2.4714528],[100.3272081,2.4714354],[100.3272101,2.4713362],[100.3272081,2.4712531],[100.3272014,2.4712016],[100.3271786,2.4711198]]}},{"type":"Feature","properties":{"scope":"Pasir Limau Kapas","osmId":662429106,"highway":"residential","name":null},"geometry":{"type":"LineString","coordinates":[[100.3448302,2.3338339],[100.3452672,2.3339944],[100.3453095,2.3340241],[100.3453504,2.3340654],[100.3454513,2.3342032],[100.3456633,2.3344207],[100.3457511,2.3345517],[100.3463361,2.335409],[100.3464179,2.3355202],[100.3465036,2.3356156],[100.3466153,2.3357192],[100.3474956,2.336553],[100.3486936,2.3378765],[100.3496097,2.3388745],[100.3512273,2.3402268],[100.3513858,2.3403459],[100.3515377,2.3404716],[100.3520125,2.3409629],[100.3537725,2.3424945],[100.3544987,2.343032],[100.3546047,2.3431151],[100.3547044,2.3432107],[100.355163,2.3436911],[100.3552335,2.3437586],[100.3553285,2.3438303],[100.3561225,2.3443542],[100.3569103,2.3449158],[100.3575291,2.3454211],[100.3586058,2.3463197],[100.3596227,2.3472326],[100.3601374,2.3477213],[100.3611625,2.3486871],[100.3621594,2.3497374],[100.3624985,2.3500744],[100.3634155,2.3508787]]}},{"type":"Feature","properties":{"scope":"Pasir Limau Kapas","osmId":662429109,"highway":"residential","name":null},"geometry":{"type":"LineString","coordinates":[[100.3508914,2.3663151],[100.3510028,2.3640046],[100.3510549,2.3627755],[100.3510635,2.3626838],[100.3512654,2.361095],[100.3512913,2.3610283],[100.3512063,2.3607901],[100.3511519,2.3606553],[100.3510833,2.3605206],[100.3510198,2.3604271],[100.3509787,2.3603766],[100.3509459,2.3603494],[100.3509111,2.3603296],[100.3508639,2.3603086],[100.3508147,2.360297],[100.3492034,2.3601842],[100.3490522,2.360184],[100.3482679,2.360243],[100.3481755,2.3602663],[100.3480944,2.3602991],[100.3480272,2.3603292],[100.3477067,2.3605086],[100.3474247,2.3606273],[100.3473427,2.3606573],[100.3472524,2.3606847],[100.3471462,2.3607026],[100.3469411,2.3607137],[100.3462928,2.3607593],[100.3456051,2.3607653],[100.3449388,2.3608154],[100.3423618,2.3609177],[100.3422937,2.3609195],[100.3421919,2.3609071],[100.3421367,2.360898]]}},{"type":"Feature","properties":{"scope":"Pasir Limau Kapas","osmId":662429110,"highway":"service","name":null},"geometry":{"type":"LineString","coordinates":[[100.3371258,2.328448],[100.3383771,2.3293843],[100.340891,2.3312287],[100.3408986,2.3312415],[100.3409011,2.3312554],[100.340903,2.3312707],[100.3409009,2.331285],[100.3408933,2.3313044],[100.340523,2.3320364],[100.340518,2.3320899],[100.3405407,2.3321425],[100.3414419,2.3326612],[100.3424925,2.3332611],[100.3440812,2.3341774],[100.3444083,2.3343587]]}},{"type":"Feature","properties":{"scope":"Pasir Limau Kapas","osmId":670765597,"highway":"primary","name":"Jalan Teluk Piyai (Kubu) - Panipahan - Batas Sumatera Utara"},"geometry":{"type":"LineString","coordinates":[[100.4086631,2.2393403],[100.4091797,2.2386763],[100.4093947,2.2383423],[100.4099857,2.2373155],[100.4101518,2.2369834],[100.4106883,2.2359628],[100.4111219,2.2350966],[100.4116502,2.234108],[100.4122017,2.23308],[100.4124744,2.2325597],[100.4128159,2.231939],[100.4134638,2.2307991],[100.4141354,2.2295482],[100.4143488,2.2291822],[100.4145822,2.2287705],[100.4147919,2.2283744],[100.4153321,2.2273626],[100.416109,2.2258473],[100.4171022,2.2239879],[100.4176104,2.2230605],[100.4181304,2.2221401],[100.4191281,2.2202425],[100.4215061,2.215845],[100.4221927,2.2145215],[100.4260242,2.2074488],[100.4278862,2.2041352],[100.4295467,2.2010566],[100.429881,2.2004238],[100.430581,2.1988955],[100.4314876,2.1973367],[100.4322591,2.1964578],[100.432663,2.1960539],[100.4331566,2.1954839],[100.4335381,2.1951249],[100.4347498,2.1938907],[100.4366437,2.1920283],[100.4366796,2.1919789],[100.4394262,2.1893266],[100.4397179,2.1890259],[100.4410805,2.1875537],[100.4437117,2.1848211],[100.4451858,2.1833387],[100.4483189,2.1804016],[100.4506324,2.1782864],[100.4512787,2.1776805],[100.4530604,2.1759931],[100.4537829,2.1753423],[100.455053,2.1741171],[100.4574993,2.1718833],[100.4584099,2.1709981],[100.4589639,2.1705101],[100.4605327,2.1690952],[100.4609366,2.1687317],[100.4612014,2.1685163],[100.462099,2.1677668],[100.4623952,2.167502],[100.4629068,2.1670846],[100.4632209,2.1668019],[100.463852,2.1662679],[100.4641751,2.1659699],[100.4651164,2.1650104],[100.4661784,2.16397],[100.4675562,2.1626192],[100.4681082,2.1620986],[100.4685436,2.1616947],[100.4692257,2.1610395],[100.4702264,2.1601691],[100.4708234,2.1596482],[100.4714295,2.1591297],[100.4719364,2.1586788],[100.4726108,2.1580959],[100.4732826,2.1575551],[100.4739335,2.1570587],[100.4744929,2.1566377],[100.4749256,2.1562961],[100.4752529,2.1560086],[100.475769,2.1555373],[100.4762364,2.1550645],[100.4765948,2.1546891],[100.4766532,2.1546083],[100.476698,2.1544872],[100.476707,2.1543795],[100.4766352,2.1539172],[100.4766182,2.1533455],[100.4766248,2.1525127],[100.47662,2.1523106],[100.4766266,2.1520547],[100.4766461,2.1518637],[100.4766584,2.151633],[100.4766415,2.1512962],[100.4766116,2.1509034],[100.476592,2.1503431],[100.4765636,2.1493637],[100.4765395,2.1491174],[100.4765046,2.148864],[100.4764726,2.1486263],[100.4764483,2.1475416],[100.4763651,2.1455901],[100.4763222,2.1449763],[100.4762927,2.1433735],[100.476239,2.1431001],[100.4762091,2.1426771],[100.4761559,2.1419261],[100.4761291,2.14046],[100.4761666,2.1389456],[100.476172,2.1374312],[100.4761711,2.1371234],[100.4761639,2.1348902],[100.476129,2.134448],[100.4761264,2.1343756],[100.4761425,2.1341049],[100.4761398,2.1339789],[100.4761264,2.1338288],[100.476113,2.1337135],[100.4760325,2.133408],[100.475952,2.1320276],[100.4759279,2.1314862],[100.475893,2.1311753],[100.4758286,2.1306687],[100.4758072,2.1290873],[100.4758689,2.1280124],[100.4758823,2.1276506],[100.4758288,2.1262864],[100.4756283,2.1238245],[100.4755585,2.1232992],[100.475494,2.1229606],[100.475543,2.1226152],[100.4755864,2.1223457],[100.4756082,2.1218855],[100.4756355,2.1210408],[100.4756701,2.120244],[100.4756665,2.1202377]]}},{"type":"Feature","properties":{"scope":"Pasir Limau Kapas","osmId":670788632,"highway":"residential","name":null},"geometry":{"type":"LineString","coordinates":[[100.3634155,2.3508787],[100.3648505,2.3520415],[100.3652146,2.3523353],[100.3661008,2.3529961],[100.3663684,2.3531957],[100.3678818,2.3543438],[100.3681869,2.3545664],[100.3692377,2.3553737],[100.3698484,2.3558876],[100.3705224,2.356485],[100.3705645,2.3565443],[100.3705923,2.3566066],[100.3706119,2.3566975],[100.3706228,2.3567913],[100.3707015,2.3575373],[100.3707295,2.3582978],[100.3707243,2.3584384],[100.370672,2.3589301],[100.3706782,2.3591056],[100.3707189,2.3592251],[100.370802,2.3593087],[100.3710301,2.3594429],[100.3715357,2.359821],[100.3716493,2.3599157],[100.371741,2.3599922],[100.3718925,2.3602067],[100.3721801,2.3606469],[100.3723395,2.3608778],[100.3724925,2.3611672],[100.3725803,2.3615118],[100.3726031,2.3618662],[100.3726145,2.3620516],[100.3726129,2.3622564],[100.3725738,2.3625491],[100.372538,2.3627279],[100.372538,2.3628352],[100.3725576,2.3629555],[100.372585,2.3631222],[100.3725743,2.3636269],[100.3725698,2.3641541],[100.3725784,2.364199],[100.3726058,2.3642721],[100.372731,2.3645215],[100.3729177,2.3648935]]}},{"type":"Feature","properties":{"scope":"Pasir Limau Kapas","osmId":670788633,"highway":"residential","name":null},"geometry":{"type":"LineString","coordinates":[[100.3750995,2.3424211],[100.375081,2.3424439]]}},{"type":"Feature","properties":{"scope":"Pasir Limau Kapas","osmId":670788634,"highway":"service","name":null},"geometry":{"type":"LineString","coordinates":[[100.3737837,2.3441449],[100.3730325,2.3452463],[100.3728925,2.3454763],[100.372581,2.3461055],[100.3718701,2.34763],[100.371685,2.3480224],[100.3716082,2.3481509],[100.371566,2.3482698],[100.3711185,2.3487914],[100.3697533,2.3505716],[100.3692126,2.3516318],[100.3685947,2.3531104],[100.3679363,2.3542784]]}},{"type":"Feature","properties":{"scope":"Pasir Limau Kapas","osmId":670788635,"highway":"residential","name":null},"geometry":{"type":"LineString","coordinates":[[100.3691756,2.3379105],[100.3711033,2.3392488],[100.3724936,2.340238],[100.3730028,2.3406001],[100.3731568,2.340735],[100.3737086,2.3411846],[100.3744073,2.3417739],[100.3750995,2.3424211],[100.3758696,2.3429689],[100.3762915,2.3432755],[100.376373,2.3433341],[100.3764526,2.343408],[100.3765586,2.3435083],[100.3767127,2.343616],[100.3768424,2.3436819]]}},{"type":"Feature","properties":{"scope":"Pasir Limau Kapas","osmId":670788636,"highway":"residential","name":null},"geometry":{"type":"LineString","coordinates":[[100.375081,2.3424439],[100.3750145,2.3425219]]}},{"type":"Feature","properties":{"scope":"Pasir Limau Kapas","osmId":670804526,"highway":"residential","name":null},"geometry":{"type":"LineString","coordinates":[[100.3750145,2.3425219],[100.3743935,2.3432752],[100.3740797,2.3436902],[100.3737837,2.3441449]]}},{"type":"Feature","properties":{"scope":"Pasir Limau Kapas","osmId":670804529,"highway":"service","name":null},"geometry":{"type":"LineString","coordinates":[[100.3679363,2.3542784],[100.3678936,2.3543303]]}},{"type":"Feature","properties":{"scope":"Pasir Limau Kapas","osmId":670804532,"highway":"service","name":null},"geometry":{"type":"LineString","coordinates":[[100.3678936,2.3543303],[100.3678818,2.3543438]]}},{"type":"Feature","properties":{"scope":"Pasir Limau Kapas","osmId":670817246,"highway":"residential","name":null},"geometry":{"type":"LineString","coordinates":[[100.3866255,2.3004203],[100.3775247,2.2911937],[100.3773,2.2909301],[100.3770566,2.2906582],[100.3768551,2.2904292],[100.3766483,2.2902354],[100.3763505,2.2899962],[100.3760763,2.2897579],[100.3751663,2.2888478],[100.373807,2.2875131],[100.3735069,2.2871767]]}},{"type":"Feature","properties":{"scope":"Pasir Limau Kapas","osmId":670817247,"highway":"residential","name":null},"geometry":{"type":"LineString","coordinates":[[100.383191,2.3034405],[100.3839653,2.3042063],[100.3850615,2.3052769],[100.3852306,2.3054145],[100.3853373,2.305463],[100.3854801,2.3054893],[100.3855977,2.305496],[100.3856761,2.3055193],[100.3857467,2.3055645],[100.3859668,2.3057587],[100.3861416,2.3059441],[100.3868462,2.3067474],[100.3875954,2.3075889],[100.3876944,2.3077383],[100.3877617,2.3078425],[100.3878893,2.3080129],[100.3879996,2.3081342],[100.3880893,2.308215],[100.3882335,2.3083098],[100.3884076,2.3084077],[100.3885606,2.3084932],[100.3886458,2.3085516],[100.3886773,2.308592],[100.3892489,2.3097456],[100.3901268,2.3116213],[100.3902338,2.3118364],[100.3904399,2.3122895],[100.390606,2.3126261],[100.390984,2.3133087],[100.3916242,2.314225],[100.3916393,2.3142467],[100.391707,2.31436],[100.3920521,2.3149378],[100.3921534,2.3151753],[100.3922175,2.3153481],[100.3926644,2.3167002],[100.3927597,2.3170037],[100.3927907,2.3171283],[100.3927947,2.3171539],[100.3927916,2.3171758],[100.3927779,2.3172067],[100.39262,2.3174906]]}},{"type":"Feature","properties":{"scope":"Pasir Limau Kapas","osmId":670817248,"highway":"residential","name":null},"geometry":{"type":"LineString","coordinates":[[100.3763715,2.287752],[100.377372,2.2889449],[100.3774106,2.2889531],[100.3774514,2.2889387],[100.3793847,2.2869027]]}},{"type":"Feature","properties":{"scope":"Pasir Limau Kapas","osmId":670817249,"highway":"residential","name":null},"geometry":{"type":"LineString","coordinates":[[100.3831045,2.3035434],[100.3811107,2.3018553]]}},{"type":"Feature","properties":{"scope":"Pasir Limau Kapas","osmId":670817250,"highway":"residential","name":null},"geometry":{"type":"LineString","coordinates":[[100.3775959,2.2851826],[100.377764,2.2853672],[100.3793847,2.2869027],[100.3810467,2.2885522],[100.3896755,2.2971163]]}},{"type":"Feature","properties":{"scope":"Pasir Limau Kapas","osmId":670817251,"highway":"residential","name":null},"geometry":{"type":"LineString","coordinates":[[100.4045284,2.2828181],[100.4053374,2.2833205],[100.4058994,2.2836542],[100.4069055,2.2843727],[100.4081447,2.2851676],[100.4089849,2.2857576],[100.4099812,2.2864577]]}},{"type":"Feature","properties":{"scope":"Pasir Limau Kapas","osmId":670817252,"highway":"unclassified","name":null},"geometry":{"type":"LineString","coordinates":[[100.4102306,2.2764232],[100.4102121,2.2764435],[100.4094157,2.2773159],[100.408765,2.2779756],[100.4085451,2.2782225],[100.4083566,2.2784767],[100.40792,2.2790722],[100.4070147,2.280058],[100.406741,2.2804126],[100.4063954,2.2808883],[100.4061037,2.2813191],[100.4058928,2.2815884],[100.4055786,2.2819115],[100.4049727,2.2824276],[100.4045284,2.2828181],[100.4044779,2.2828605],[100.4024865,2.2845324],[100.401635,2.2852131],[100.4001842,2.2864353],[100.3989462,2.2873784],[100.3979454,2.2882327],[100.397906,2.2882711]]}},{"type":"Feature","properties":{"scope":"Pasir Limau Kapas","osmId":670817253,"highway":"residential","name":null},"geometry":{"type":"LineString","coordinates":[[100.3978792,2.288167],[100.3965374,2.2867719],[100.394998,2.2851797],[100.394959,2.2851374],[100.3939163,2.2842192],[100.3929162,2.28335],[100.3919506,2.2825996],[100.3908185,2.2817697],[100.3888954,2.2800788]]}},{"type":"Feature","properties":{"scope":"Pasir Limau Kapas","osmId":670817254,"highway":"unclassified","name":null},"geometry":{"type":"LineString","coordinates":[[100.3773353,2.3095151],[100.3774105,2.3094203]]}},{"type":"Feature","properties":{"scope":"Pasir Limau Kapas","osmId":670817256,"highway":"unclassified","name":null},"geometry":{"type":"LineString","coordinates":[[100.3774105,2.3094203],[100.3779647,2.3088926],[100.3782564,2.308574],[100.3790597,2.3077931],[100.3796297,2.3072187],[100.3803253,2.3064827],[100.380433,2.306348],[100.3808324,2.3059217],[100.3815376,2.30524],[100.381808,2.3050508],[100.3821039,2.3047332],[100.3831045,2.3035434],[100.383191,2.3034405],[100.3834265,2.3032023],[100.383893,2.3027832],[100.3847728,2.3020217],[100.3859765,2.3010053],[100.3865083,2.3005251],[100.3865374,2.3004989]]}},{"type":"Feature","properties":{"scope":"Pasir Limau Kapas","osmId":670817258,"highway":"primary","name":null},"geometry":{"type":"LineString","coordinates":[[100.3651254,2.2939032],[100.3663478,2.2915626],[100.3664645,2.2911641],[100.3666244,2.2908658],[100.366763,2.2908114]]}},{"type":"Feature","properties":{"scope":"Pasir Limau Kapas","osmId":670817259,"highway":"unclassified","name":null},"geometry":{"type":"LineString","coordinates":[[100.3865374,2.3004989],[100.3865895,2.3004523]]}},{"type":"Feature","properties":{"scope":"Pasir Limau Kapas","osmId":670817261,"highway":"primary","name":null},"geometry":{"type":"LineString","coordinates":[[100.3733835,2.2872342],[100.3734522,2.2871948]]}},{"type":"Feature","properties":{"scope":"Pasir Limau Kapas","osmId":670817263,"highway":"primary","name":"Jalan Teluk Piyai (Kubu) - Panipahan - Batas Sumatera Utara"},"geometry":{"type":"LineString","coordinates":[[100.3734522,2.2871948],[100.3735069,2.2871767],[100.375508,2.2861587],[100.3775959,2.2851826]]}},{"type":"Feature","properties":{"scope":"Pasir Limau Kapas","osmId":670817265,"highway":"unclassified","name":null},"geometry":{"type":"LineString","coordinates":[[100.3978477,2.28833],[100.3978654,2.2883121],[100.397906,2.2882711]]}},{"type":"Feature","properties":{"scope":"Pasir Limau Kapas","osmId":670817266,"highway":"residential","name":null},"geometry":{"type":"LineString","coordinates":[[100.3896755,2.2971163],[100.3921405,2.2995628]]}},{"type":"Feature","properties":{"scope":"Pasir Limau Kapas","osmId":670817267,"highway":"unclassified","name":null},"geometry":{"type":"LineString","coordinates":[[100.3865895,2.3004523],[100.3866255,2.3004203],[100.3869327,2.3001318],[100.3870392,2.3000667],[100.3873715,2.299702],[100.38839,2.2986468],[100.3890767,2.2979108],[100.3891927,2.2977772],[100.3893169,2.2976304],[100.3896755,2.2971163],[100.3907596,2.2958778],[100.3911007,2.2954963],[100.3931741,2.2932434],[100.3945542,2.2917542],[100.3945686,2.2917387],[100.3945958,2.2917104],[100.3978477,2.28833]]}},{"type":"Feature","properties":{"scope":"Pasir Limau Kapas","osmId":670819581,"highway":"primary","name":null},"geometry":{"type":"LineString","coordinates":[[100.3650933,2.2939954],[100.3651254,2.2939032]]}},{"type":"Feature","properties":{"scope":"Pasir Limau Kapas","osmId":670819582,"highway":"primary","name":null},"geometry":{"type":"LineString","coordinates":[[100.3644303,2.2952307],[100.3650933,2.2939954]]}},{"type":"Feature","properties":{"scope":"Pasir Limau Kapas","osmId":670819583,"highway":"primary","name":"Jalan Teluk Piyai (Kubu) - Panipahan - Batas Sumatera Utara"},"geometry":{"type":"LineString","coordinates":[[100.366763,2.2908114],[100.3733835,2.2872342]]}},{"type":"Feature","properties":{"scope":"Pasir Limau Kapas","osmId":670827757,"highway":"service","name":null},"geometry":{"type":"LineString","coordinates":[[100.3939163,2.2842192],[100.3939359,2.2841951],[100.395086,2.2827822],[100.3963336,2.281346],[100.3972222,2.2803318],[100.3977473,2.2797259],[100.3982544,2.279156],[100.398416,2.278936],[100.3991325,2.2777531]]}},{"type":"Feature","properties":{"scope":"Pasir Limau Kapas","osmId":670827758,"highway":"unclassified","name":null},"geometry":{"type":"LineString","coordinates":[[100.4083825,2.2399491],[100.4092946,2.2410314],[100.4111339,2.243371],[100.4114743,2.2436189],[100.4123415,2.244731],[100.4127566,2.2453075],[100.4133515,2.2459886],[100.4141056,2.2469868],[100.4149314,2.248037],[100.4187062,2.2532402],[100.4216621,2.2572621],[100.4232596,2.2595968],[100.4240724,2.2608537],[100.4234583,2.2616667],[100.4229916,2.2623129],[100.4226011,2.2628156],[100.4215106,2.2642831],[100.4208823,2.2649563],[100.4203033,2.2655442],[100.4200027,2.2658808],[100.4194641,2.2664328],[100.4192891,2.2665899],[100.4186832,2.2672586],[100.418019,2.2679587],[100.4178709,2.2681158],[100.4175253,2.2684928],[100.4170154,2.2690482],[100.4169632,2.269105],[100.4158244,2.2703597],[100.4155597,2.2706245],[100.4149089,2.271365],[100.4143749,2.271926],[100.4138184,2.2725588],[100.4129702,2.2734519],[100.4123867,2.2740757],[100.4120771,2.2744392],[100.4114667,2.2750899],[100.4111795,2.275431],[100.4102923,2.2763625],[100.4102743,2.2763799]]}},{"type":"Feature","properties":{"scope":"Pasir Limau Kapas","osmId":670827760,"highway":"residential","name":null},"geometry":{"type":"LineString","coordinates":[[100.4066018,2.272372],[100.4072526,2.2717061],[100.4077642,2.2712169],[100.4081322,2.2708803],[100.4087964,2.2702296],[100.4092901,2.2697673],[100.4096087,2.269498],[100.4104614,2.2687575],[100.4113814,2.2679722],[100.4118886,2.2675099],[100.4123015,2.2671105],[100.4125318,2.2668317],[100.4131183,2.2660379],[100.4133157,2.2657282],[100.413626,2.2652343],[100.4137288,2.2650706],[100.4140966,2.2644851],[100.4144646,2.2638343],[100.4146666,2.2634753],[100.4149224,2.263031],[100.4150301,2.2628111],[100.4152545,2.2624476],[100.4169949,2.2593374]]}},{"type":"Feature","properties":{"scope":"Pasir Limau Kapas","osmId":670827762,"highway":"residential","name":null},"geometry":{"type":"LineString","coordinates":[[100.3953157,2.2634303],[100.3961664,2.2640887],[100.3984282,2.265817],[100.3988296,2.2661251],[100.4007584,2.2676054],[100.4018661,2.268552],[100.40341,2.2698715],[100.4046451,2.2708778],[100.4053856,2.2714189],[100.4058344,2.2717554],[100.4066018,2.272372],[100.4066389,2.2724124],[100.4082534,2.2741699],[100.4094786,2.2754938],[100.410253,2.2763206],[100.4102923,2.2763625]]}},{"type":"Feature","properties":{"scope":"Pasir Limau Kapas","osmId":670827764,"highway":"service","name":null},"geometry":{"type":"LineString","coordinates":[[100.4045284,2.2828181],[100.404511,2.2827916]]}},{"type":"Feature","properties":{"scope":"Pasir Limau Kapas","osmId":670827765,"highway":"service","name":null},"geometry":{"type":"LineString","coordinates":[[100.404511,2.2827916],[100.4045006,2.2827711],[100.4044783,2.2827269]]}},{"type":"Feature","properties":{"scope":"Pasir Limau Kapas","osmId":670827766,"highway":"service","name":null},"geometry":{"type":"LineString","coordinates":[[100.4044783,2.2827269],[100.4044416,2.2826453],[100.4043948,2.2824687],[100.4043247,2.282289],[100.4040354,2.2819259],[100.4036559,2.2815123],[100.4034289,2.2811127],[100.4032808,2.2808658],[100.4031718,2.2806949],[100.4030686,2.2805675],[100.4029307,2.2804486],[100.4025685,2.2802369],[100.4022082,2.2801119],[100.4017774,2.2798067],[100.4014498,2.2795733],[100.4011446,2.279322],[100.4003861,2.2787251],[100.4000316,2.2784155],[100.3991744,2.2776839],[100.3991217,2.2776426],[100.3990648,2.2775981],[100.39843,2.27693],[100.3979868,2.2764241],[100.3973335,2.2756181]]}},{"type":"Feature","properties":{"scope":"Pasir Limau Kapas","osmId":670827767,"highway":"service","name":null},"geometry":{"type":"LineString","coordinates":[[100.3991598,2.2777057],[100.3991744,2.2776839]]}},{"type":"Feature","properties":{"scope":"Pasir Limau Kapas","osmId":670827768,"highway":"service","name":null},"geometry":{"type":"LineString","coordinates":[[100.3991325,2.2777531],[100.3991598,2.2777057]]}},{"type":"Feature","properties":{"scope":"Pasir Limau Kapas","osmId":670827769,"highway":"unclassified","name":null},"geometry":{"type":"LineString","coordinates":[[100.4102743,2.2763799],[100.4102306,2.2764232]]}},{"type":"Feature","properties":{"scope":"Pasir Limau Kapas","osmId":670828503,"highway":"residential","name":null},"geometry":{"type":"LineString","coordinates":[[100.3979206,2.288212],[100.3978792,2.288167]]}},{"type":"Feature","properties":{"scope":"Pasir Limau Kapas","osmId":670828504,"highway":"residential","name":null},"geometry":{"type":"LineString","coordinates":[[100.3979454,2.2882327],[100.3979206,2.288212]]}},{"type":"Feature","properties":{"scope":"Pasir Limau Kapas","osmId":670829646,"highway":"service","name":null},"geometry":{"type":"LineString","coordinates":[[100.4235032,2.2679452],[100.4233955,2.2680619],[100.4227627,2.2688204],[100.4223543,2.2693275],[100.4219728,2.2698077],[100.4218786,2.2699019],[100.4215375,2.2703014],[100.4214074,2.2704629],[100.4212772,2.2706155],[100.4200116,2.2721459],[100.4198231,2.2723658],[100.4195331,2.272755],[100.4195161,2.2727779],[100.4194444,2.2728627],[100.4189615,2.2734339],[100.4185665,2.2739186],[100.4170676,2.2757138],[100.416915,2.2758753],[100.4167086,2.2761401],[100.4164438,2.2764857],[100.4163899,2.2765261],[100.4159232,2.2770646],[100.4154047,2.2776979],[100.4152545,2.2778814],[100.4146711,2.278568],[100.4138093,2.2795692],[100.4137313,2.2796598],[100.4137087,2.2796744],[100.4136784,2.2796814]]}},{"type":"Feature","properties":{"scope":"Pasir Limau Kapas","osmId":670829647,"highway":"service","name":null},"geometry":{"type":"LineString","coordinates":[[100.4195161,2.2727779],[100.4194958,2.2727451]]}},{"type":"Feature","properties":{"scope":"Pasir Limau Kapas","osmId":670829648,"highway":"service","name":null},"geometry":{"type":"LineString","coordinates":[[100.4300877,2.2460095],[100.4297458,2.2469016],[100.4296336,2.2472696],[100.4295843,2.2473773],[100.4295259,2.2475613],[100.4293913,2.2478485],[100.4291265,2.2485486],[100.4288707,2.2491769],[100.4288213,2.2492622],[100.4287675,2.2494238],[100.4287002,2.2495539],[100.4286059,2.2498232],[100.4285251,2.2501328],[100.4285117,2.2503931],[100.4284713,2.2506041],[100.4284713,2.2508868],[100.4284129,2.2511426],[100.4283097,2.2514343],[100.4282155,2.2517934],[100.428027,2.2523454],[100.4277667,2.2529602],[100.4277398,2.2530679],[100.4277532,2.2531801],[100.4279372,2.2536065],[100.4280001,2.2538309],[100.4280988,2.2541001],[100.4282738,2.2547284],[100.4282783,2.254881],[100.4282514,2.2550471],[100.428202,2.2555991],[100.4280943,2.2561376],[100.4279866,2.2564293],[100.4278744,2.2566941],[100.4277442,2.2569634],[100.4276096,2.2571878],[100.4274346,2.2574122],[100.4270127,2.2578565],[100.4267569,2.2581482],[100.4263754,2.2585162],[100.4263036,2.258606],[100.4260882,2.2588214],[100.4252894,2.2596382],[100.424679,2.2602665],[100.424156,2.2607588]]}},{"type":"Feature","properties":{"scope":"Pasir Limau Kapas","osmId":670829650,"highway":"service","name":null},"geometry":{"type":"LineString","coordinates":[[100.4352177,2.2505418],[100.4366823,2.2505254],[100.4380798,2.2505098],[100.4409917,2.2504469],[100.4412651,2.246714]]}},{"type":"Feature","properties":{"scope":"Pasir Limau Kapas","osmId":670829651,"highway":"service","name":null},"geometry":{"type":"LineString","coordinates":[[100.4240941,2.2608294],[100.4240724,2.2608537]]}},{"type":"Feature","properties":{"scope":"Pasir Limau Kapas","osmId":670829652,"highway":"service","name":null},"geometry":{"type":"LineString","coordinates":[[100.424156,2.2607588],[100.4240941,2.2608294]]}},{"type":"Feature","properties":{"scope":"Pasir Limau Kapas","osmId":670829655,"highway":"service","name":null},"geometry":{"type":"LineString","coordinates":[[100.4194958,2.2727451],[100.419483,2.2727221],[100.4194649,2.2726893]]}},{"type":"Feature","properties":{"scope":"Pasir Limau Kapas","osmId":670829656,"highway":"service","name":null},"geometry":{"type":"LineString","coordinates":[[100.4194649,2.2726893],[100.4191062,2.2721009],[100.4188855,2.2717143],[100.4186405,2.2712658],[100.4183332,2.2707681],[100.4179652,2.2703283],[100.4172237,2.2693634],[100.4169632,2.269105]]}},{"type":"Feature","properties":{"scope":"Pasir Limau Kapas","osmId":670830233,"highway":"service","name":null},"geometry":{"type":"LineString","coordinates":[[100.4136784,2.2796814],[100.4135844,2.279675]]}},{"type":"Feature","properties":{"scope":"Pasir Limau Kapas","osmId":670830234,"highway":"residential","name":null},"geometry":{"type":"LineString","coordinates":[[100.4135844,2.279675],[100.4135673,2.2796677],[100.4135161,2.2796458],[100.4116885,2.2779402],[100.4102923,2.2763625]]}},{"type":"Feature","properties":{"scope":"Pasir Limau Kapas","osmId":671327287,"highway":"residential","name":null},"geometry":{"type":"LineString","coordinates":[[100.4435044,2.2466654],[100.4412651,2.246714],[100.4364887,2.2468095],[100.4330085,2.2468612],[100.4321199,2.2468791],[100.4318955,2.2468477],[100.4316308,2.246758],[100.4310743,2.2464842],[100.4300877,2.2460095],[100.4294811,2.2457168],[100.4285251,2.2452161],[100.4283598,2.2451398],[100.4281659,2.2450572],[100.4279973,2.2449855],[100.4277182,2.2449031],[100.427107,2.2447608],[100.4266313,2.2446621],[100.4261107,2.2445544],[100.4258728,2.2444916],[100.4247957,2.2442088],[100.4223408,2.2434773],[100.4182069,2.2421651],[100.4156472,2.2414027],[100.4148576,2.2411602],[100.4113051,2.2401518],[100.409547,2.2396706],[100.4085952,2.2394592],[100.4081501,2.2393443]]}},{"type":"Feature","properties":{"scope":"Pasir Limau Kapas","osmId":671327288,"highway":"track","name":null},"geometry":{"type":"LineString","coordinates":[[100.4013989,2.2376499],[100.4014006,2.2376096]]}},{"type":"Feature","properties":{"scope":"Pasir Limau Kapas","osmId":671327289,"highway":"track","name":null},"geometry":{"type":"LineString","coordinates":[[100.3784724,2.2345699],[100.383729,2.2360796]]}},{"type":"Feature","properties":{"scope":"Pasir Limau Kapas","osmId":671327290,"highway":"service","name":null},"geometry":{"type":"LineString","coordinates":[[100.381424,2.2079515],[100.3814264,2.2079136]]}},{"type":"Feature","properties":{"scope":"Pasir Limau Kapas","osmId":671327292,"highway":"service","name":null},"geometry":{"type":"LineString","coordinates":[[100.3827714,2.1976208],[100.3822466,2.1976296],[100.3815789,2.197638],[100.3808113,2.1976554]]}},{"type":"Feature","properties":{"scope":"Pasir Limau Kapas","osmId":671327293,"highway":"track","name":null},"geometry":{"type":"LineString","coordinates":[[100.3909108,2.2117255],[100.3904096,2.2117166],[100.3893056,2.2117256],[100.3890542,2.2117435],[100.3865859,2.2117345],[100.3857881,2.211715],[100.3857365,2.2117097],[100.3857039,2.211699],[100.3854883,2.2115688],[100.3854559,2.2115569],[100.3854352,2.2115537],[100.3852443,2.2115645],[100.3850308,2.2115716],[100.3848611,2.2115858],[100.3846772,2.2116154],[100.3844198,2.211619],[100.3840769,2.2116273],[100.3837412,2.2116214],[100.3833723,2.2116143],[100.3825145,2.2115989],[100.3814741,2.2115704]]}},{"type":"Feature","properties":{"scope":"Pasir Limau Kapas","osmId":671327294,"highway":"track","name":null},"geometry":{"type":"LineString","coordinates":[[100.384045,2.2329481],[100.383933,2.2341995],[100.383729,2.2360796]]}},{"type":"Feature","properties":{"scope":"Pasir Limau Kapas","osmId":671327295,"highway":"track","name":null},"geometry":{"type":"LineString","coordinates":[[100.4014006,2.2376096],[100.4014031,2.2375593]]}},{"type":"Feature","properties":{"scope":"Pasir Limau Kapas","osmId":671327296,"highway":"track","name":null},"geometry":{"type":"LineString","coordinates":[[100.4014031,2.2375593],[100.4014072,2.2374618],[100.4014686,2.2359842],[100.4014857,2.2355742],[100.4015081,2.2347394],[100.4015883,2.233289]]}},{"type":"Feature","properties":{"scope":"Pasir Limau Kapas","osmId":671327297,"highway":"service","name":null},"geometry":{"type":"LineString","coordinates":[[100.4139422,2.1980422],[100.4139298,2.1980428],[100.4139037,2.1980472],[100.4138689,2.1980608],[100.4137867,2.1981089],[100.4137282,2.1981222],[100.4133679,2.1981461],[100.4123853,2.1982293],[100.4119683,2.1982561],[100.4117135,2.1982754],[100.4100979,2.1984011],[100.4097344,2.198437],[100.4089984,2.1985043],[100.4079303,2.1985804],[100.4072625,2.1986361],[100.4066422,2.1986838],[100.406355,2.1987152],[100.4052286,2.198787],[100.4033661,2.1989306],[100.4029532,2.1989755],[100.4020601,2.1990518],[100.400449,2.199155],[100.3995424,2.1992493],[100.3984698,2.1993166],[100.3963111,2.1995141],[100.3957322,2.1995544],[100.3951981,2.1995769],[100.3941435,2.1996577],[100.3936274,2.1996936],[100.3926176,2.1997923],[100.392089,2.1998192],[100.3908226,2.1999315]]}},{"type":"Feature","properties":{"scope":"Pasir Limau Kapas","osmId":671327298,"highway":"service","name":null},"geometry":{"type":"LineString","coordinates":[[100.4139952,2.1980449],[100.4139422,2.1980422]]}},{"type":"Feature","properties":{"scope":"Pasir Limau Kapas","osmId":671327299,"highway":"primary","name":null},"geometry":{"type":"LineString","coordinates":[[100.4084199,2.2398687],[100.4084608,2.2397853]]}},{"type":"Feature","properties":{"scope":"Pasir Limau Kapas","osmId":671327302,"highway":"primary","name":"Jalan Teluk Piyai (Kubu) - Panipahan - Batas Sumatera Utara"},"geometry":{"type":"LineString","coordinates":[[100.4084608,2.2397853],[100.4085952,2.2394592],[100.4086126,2.2394271]]}},{"type":"Feature","properties":{"scope":"Pasir Limau Kapas","osmId":671327303,"highway":"primary","name":"Jalan Teluk Piyai (Kubu) - Panipahan - Batas Sumatera Utara"},"geometry":{"type":"LineString","coordinates":[[100.4086126,2.2394271],[100.4086631,2.2393403]]}},{"type":"Feature","properties":{"scope":"Pasir Limau Kapas","osmId":671327305,"highway":"residential","name":null},"geometry":{"type":"LineString","coordinates":[[100.4081501,2.2393443],[100.4080574,2.2393215]]}},{"type":"Feature","properties":{"scope":"Pasir Limau Kapas","osmId":671327306,"highway":"service","name":null},"geometry":{"type":"LineString","coordinates":[[100.4080574,2.2393215],[100.4070686,2.2390657],[100.4063281,2.2389446],[100.4060992,2.2388728],[100.4055876,2.2387516],[100.4047618,2.2385855],[100.4046003,2.2385676],[100.4041739,2.2384599],[100.4039495,2.2383881],[100.4036802,2.2383297],[100.403411,2.238231],[100.4030968,2.2381682],[100.4027782,2.2381412],[100.4023384,2.2380694],[100.4019569,2.2379438],[100.4017549,2.237854],[100.4013989,2.2376499],[100.4007676,2.2375578],[100.4002695,2.2374007],[100.3996636,2.2372616],[100.3991924,2.237118],[100.3982499,2.2368801],[100.3979447,2.2368353],[100.397285,2.2366064],[100.3964727,2.2364089],[100.3955347,2.2361396],[100.3947673,2.2359467],[100.3943724,2.2358165],[100.3937069,2.2356067],[100.3922786,2.2352215],[100.3917176,2.2350737],[100.3916812,2.2350505],[100.3916686,2.2350158]]}},{"type":"Feature","properties":{"scope":"Pasir Limau Kapas","osmId":671327307,"highway":"track","name":null},"geometry":{"type":"LineString","coordinates":[[100.3916812,2.2350505],[100.3909122,2.2348696],[100.390634,2.2347843],[100.3905173,2.2347529],[100.3903871,2.234717],[100.3899025,2.2346003],[100.3891934,2.2343894],[100.3888927,2.2343176],[100.3887715,2.2342727],[100.38747,2.2339316],[100.3866645,2.2336844],[100.3858544,2.2334828],[100.384045,2.2329481]]}},{"type":"Feature","properties":{"scope":"Pasir Limau Kapas","osmId":671327308,"highway":"service","name":null},"geometry":{"type":"LineString","coordinates":[[100.3916686,2.2350158],[100.3916653,2.2349051]]}},{"type":"Feature","properties":{"scope":"Pasir Limau Kapas","osmId":671327309,"highway":"service","name":null},"geometry":{"type":"LineString","coordinates":[[100.3916653,2.2349051],[100.3916552,2.2348733],[100.3916141,2.2348099],[100.3914732,2.2345823],[100.3914104,2.2344253],[100.3913296,2.2340932],[100.3913161,2.2336533],[100.3912892,2.2333078],[100.3912892,2.2328276],[100.3912488,2.2312568],[100.3911546,2.2276755],[100.3911591,2.2273613],[100.3911232,2.2266253],[100.3911366,2.2263471],[100.3911366,2.225252],[100.3910873,2.2235197],[100.3910693,2.2231876],[100.3910738,2.2228735],[100.3910289,2.2219579],[100.3910424,2.2212758],[100.3910244,2.2207193],[100.3910289,2.2203603],[100.3909975,2.2196242],[100.391011,2.219328],[100.3909975,2.219153],[100.390984,2.2176675],[100.3909616,2.2172636],[100.3909661,2.2168821],[100.3909481,2.2166802],[100.3909571,2.2159173],[100.3909257,2.2145529],[100.3909257,2.2132694],[100.3909108,2.2117255],[100.3908673,2.2104331],[100.3908539,2.2103074],[100.3908404,2.2086828],[100.3908,2.2072063],[100.390818,2.2069325],[100.3908135,2.2065735],[100.3908,2.2064029],[100.3908045,2.2062145],[100.3907821,2.206017],[100.3907955,2.2059003],[100.3907821,2.2055951],[100.3907821,2.2046886],[100.3907686,2.2045629],[100.3907551,2.2034813],[100.3907327,2.2030999],[100.3907192,2.2013316],[100.3907058,2.2012868],[100.3906983,2.1999373],[100.3906968,2.1993839],[100.3906609,2.1987242],[100.3906558,2.1973573],[100.390625,2.1955064],[100.3906026,2.1950441],[100.3905846,2.1934105],[100.3905761,2.1917605],[100.3905481,2.1916278],[100.3905291,2.1915883],[100.3905129,2.191567],[100.3905049,2.1915455],[100.3905077,2.1915176]]}},{"type":"Feature","properties":{"scope":"Pasir Limau Kapas","osmId":671327310,"highway":"service","name":null},"geometry":{"type":"LineString","coordinates":[[100.3907445,2.1999347],[100.3906983,2.1999373]]}},{"type":"Feature","properties":{"scope":"Pasir Limau Kapas","osmId":671327311,"highway":"service","name":null},"geometry":{"type":"LineString","coordinates":[[100.3908226,2.1999315],[100.3907445,2.1999347]]}},{"type":"Feature","properties":{"scope":"Pasir Limau Kapas","osmId":671327312,"highway":"service","name":null},"geometry":{"type":"LineString","coordinates":[[100.3814741,2.2115704],[100.3814076,2.2107382],[100.3813922,2.2103031],[100.3813767,2.2096373],[100.3813707,2.2093471],[100.3813668,2.2088387],[100.3813745,2.2086235],[100.381424,2.2079515]]}},{"type":"Feature","properties":{"scope":"Pasir Limau Kapas","osmId":671382622,"highway":"service","name":null},"geometry":{"type":"LineString","coordinates":[[100.4334295,2.2376012],[100.4334708,2.2376197]]}},{"type":"Feature","properties":{"scope":"Pasir Limau Kapas","osmId":671382623,"highway":"service","name":null},"geometry":{"type":"LineString","coordinates":[[100.4372485,2.2394674],[100.4379721,2.2375937],[100.4382549,2.2368936],[100.4383671,2.2367186],[100.4385286,2.2365166],[100.4386363,2.2364089],[100.438744,2.2363326],[100.438879,2.2362865],[100.4391475,2.2362282],[100.4392052,2.2362266],[100.4392492,2.2362386],[100.4421055,2.2381098],[100.4424151,2.2383163],[100.4435147,2.2390343],[100.4447937,2.2398825],[100.4451482,2.2401024],[100.4468002,2.2411951]]}},{"type":"Feature","properties":{"scope":"Pasir Limau Kapas","osmId":671382625,"highway":"service","name":null},"geometry":{"type":"LineString","coordinates":[[100.4391475,2.2362282],[100.4402026,2.2346362],[100.440813,2.2336893],[100.4411172,2.2332575]]}},{"type":"Feature","properties":{"scope":"Pasir Limau Kapas","osmId":671382626,"highway":"service","name":null},"geometry":{"type":"LineString","coordinates":[[100.4336008,2.2371722],[100.4334295,2.2376012],[100.4333376,2.2378214]]}},{"type":"Feature","properties":{"scope":"Pasir Limau Kapas","osmId":671382627,"highway":"service","name":null},"geometry":{"type":"LineString","coordinates":[[100.4333376,2.2378214],[100.4333009,2.2378032]]}},{"type":"Feature","properties":{"scope":"Pasir Limau Kapas","osmId":671382628,"highway":"service","name":null},"geometry":{"type":"LineString","coordinates":[[100.4228801,2.216527],[100.4215061,2.215845]]}},{"type":"Feature","properties":{"scope":"Pasir Limau Kapas","osmId":671382630,"highway":"service","name":null},"geometry":{"type":"LineString","coordinates":[[100.4371993,2.2394511],[100.4372485,2.2394674]]}},{"type":"Feature","properties":{"scope":"Pasir Limau Kapas","osmId":671382631,"highway":"residential","name":null},"geometry":{"type":"LineString","coordinates":[[100.4505276,2.2048495],[100.4518896,2.2047249],[100.4541732,2.2044606],[100.4565614,2.2041209],[100.4589311,2.203751],[100.4600774,2.2035802],[100.4611251,2.203414],[100.4629196,2.2031662],[100.464497,2.2029789],[100.4650969,2.2029293],[100.4652509,2.2029071],[100.4653591,2.2028736]]}},{"type":"Feature","properties":{"scope":"Pasir Limau Kapas","osmId":671382632,"highway":"service","name":null},"geometry":{"type":"LineString","coordinates":[[100.4335381,2.1951249],[100.4358521,2.197312],[100.4403935,2.2014873]]}},{"type":"Feature","properties":{"scope":"Pasir Limau Kapas","osmId":671382633,"highway":"service","name":null},"geometry":{"type":"LineString","coordinates":[[100.4334708,2.2376197],[100.4335133,2.2376365]]}},{"type":"Feature","properties":{"scope":"Pasir Limau Kapas","osmId":671382634,"highway":"service","name":null},"geometry":{"type":"LineString","coordinates":[[100.4335133,2.2376365],[100.4336521,2.2376732],[100.4349801,2.238185],[100.4353932,2.2383626],[100.435828,2.2385057],[100.4362735,2.2387097],[100.4363545,2.2387488],[100.4363934,2.2387572],[100.4364644,2.2387595],[100.4365505,2.2387564],[100.4366236,2.2387488],[100.4366862,2.2387551],[100.4367314,2.2387737],[100.4368002,2.2388236],[100.4369203,2.2389495],[100.4369944,2.239056],[100.4371083,2.2392654],[100.437169,2.2394075],[100.4371817,2.2394335],[100.4371993,2.2394511]]}},{"type":"Feature","properties":{"scope":"Pasir Limau Kapas","osmId":671382635,"highway":"service","name":null},"geometry":{"type":"LineString","coordinates":[[100.4333009,2.2378032],[100.4332524,2.237781]]}},{"type":"Feature","properties":{"scope":"Pasir Limau Kapas","osmId":671382636,"highway":"service","name":null},"geometry":{"type":"LineString","coordinates":[[100.4332524,2.237781],[100.431967,2.2371191],[100.4295798,2.235803],[100.4281273,2.2349958],[100.4253807,2.2334716],[100.4243632,2.2329208],[100.4230993,2.2322576],[100.4222158,2.2317586],[100.4193246,2.2301258],[100.4180763,2.2294244],[100.417972,2.2293238]]}},{"type":"Feature","properties":{"scope":"Pasir Limau Kapas","osmId":671382637,"highway":"service","name":null},"geometry":{"type":"LineString","coordinates":[[100.4155674,2.2274791],[100.4154847,2.2274289]]}},{"type":"Feature","properties":{"scope":"Pasir Limau Kapas","osmId":671382638,"highway":"service","name":null},"geometry":{"type":"LineString","coordinates":[[100.4154847,2.2274289],[100.4153321,2.2273626]]}},{"type":"Feature","properties":{"scope":"Pasir Limau Kapas","osmId":671382639,"highway":"service","name":null},"geometry":{"type":"LineString","coordinates":[[100.417972,2.2293238],[100.4178805,2.229247]]}},{"type":"Feature","properties":{"scope":"Pasir Limau Kapas","osmId":671382640,"highway":"service","name":null},"geometry":{"type":"LineString","coordinates":[[100.4178805,2.229247],[100.4177833,2.2291655],[100.4159305,2.2277557],[100.4155674,2.2274791]]}},{"type":"Feature","properties":{"scope":"Pasir Limau Kapas","osmId":671383913,"highway":"service","name":null},"geometry":{"type":"LineString","coordinates":[[100.4468002,2.2411951],[100.4468461,2.2412287]]}},{"type":"Feature","properties":{"scope":"Pasir Limau Kapas","osmId":671383914,"highway":"service","name":null},"geometry":{"type":"LineString","coordinates":[[100.4468461,2.2412287],[100.4468753,2.2412487],[100.448859,2.2385769],[100.4460251,2.2363939]]}},{"type":"Feature","properties":{"scope":"Pasir Limau Kapas","osmId":671408873,"highway":"service","name":null},"geometry":{"type":"LineString","coordinates":[[100.482612,2.2087917],[100.4826572,2.2096163],[100.4827253,2.2102535],[100.4827565,2.2105781],[100.4827389,2.2109754],[100.4827509,2.2110504],[100.4827851,2.2111209]]}},{"type":"Feature","properties":{"scope":"Pasir Limau Kapas","osmId":671408874,"highway":"residential","name":null},"geometry":{"type":"LineString","coordinates":[[100.4825343,2.2071454],[100.4825942,2.2085959],[100.482612,2.2087917],[100.4828864,2.2089248],[100.4834404,2.2091324],[100.4842256,2.2094645],[100.4845924,2.2096173],[100.4848416,2.2096689],[100.4852813,2.2096693],[100.4853493,2.2096778],[100.4854148,2.2097009],[100.4854605,2.2097301],[100.4855052,2.209759],[100.4855519,2.2097838],[100.4856039,2.2098007],[100.4856608,2.2098032]]}},{"type":"Feature","properties":{"scope":"Pasir Limau Kapas","osmId":671408875,"highway":"residential","name":null},"geometry":{"type":"LineString","coordinates":[[100.4827253,2.2102535],[100.4828417,2.2102152],[100.4828974,2.2101885],[100.4834477,2.2097819]]}},{"type":"Feature","properties":{"scope":"Pasir Limau Kapas","osmId":671408877,"highway":"residential","name":null},"geometry":{"type":"LineString","coordinates":[[100.4828864,2.2089248],[100.4828951,2.2089856],[100.4829089,2.2090208],[100.4831396,2.2093591],[100.4832711,2.2095167],[100.4834,2.2097103],[100.4834477,2.2097819],[100.4837037,2.2101241]]}},{"type":"Feature","properties":{"scope":"Pasir Limau Kapas","osmId":671408878,"highway":"residential","name":null},"geometry":{"type":"LineString","coordinates":[[100.4842256,2.2094645],[100.4842179,2.2095521],[100.4842023,2.2096738],[100.4841751,2.2097475],[100.4841311,2.2097946],[100.4840936,2.2098169],[100.4840422,2.2098247],[100.4837131,2.2097874],[100.48365,2.2097649],[100.4835854,2.2097406],[100.4834,2.2097103]]}},{"type":"Feature","properties":{"scope":"Pasir Limau Kapas","osmId":671408880,"highway":"service","name":null},"geometry":{"type":"LineString","coordinates":[[100.4736484,2.2004247],[100.4735969,2.199734],[100.4735403,2.1992551],[100.4735174,2.1975905],[100.4734216,2.1969836],[100.4734004,2.1967361],[100.4734782,2.1964673],[100.4734782,2.1962834],[100.4734992,2.1956726]]}},{"type":"Feature","properties":{"scope":"Pasir Limau Kapas","osmId":671408882,"highway":"residential","name":null},"geometry":{"type":"LineString","coordinates":[[100.4824287,2.2012958],[100.4814486,2.2012691],[100.4808907,2.20131],[100.480649,2.2013513],[100.4804009,2.2013738],[100.4793745,2.2014183],[100.4789758,2.2013997],[100.4781656,2.2012509],[100.4774922,2.201124],[100.4773261,2.2010829],[100.4771216,2.2009948],[100.4769559,2.2008544],[100.476726,2.2007078],[100.476387,2.2005968],[100.4760006,2.2004679],[100.4756298,2.2003773],[100.4754806,2.2003721],[100.4749533,2.2004079],[100.4745062,2.2003833],[100.4740268,2.2003851],[100.4736484,2.2004247],[100.473436,2.2004565],[100.4724135,2.2006674],[100.4720397,2.2007658],[100.4714621,2.2008131],[100.4710954,2.2008535],[100.4708841,2.2008682]]}},{"type":"Feature","properties":{"scope":"Pasir Limau Kapas","osmId":671408884,"highway":"service","name":null},"geometry":{"type":"LineString","coordinates":[[100.4617046,2.2202742],[100.4619773,2.2192837],[100.4619929,2.2191801],[100.4620047,2.219154],[100.4621065,2.2190251],[100.4622619,2.2188676],[100.4624274,2.2187702],[100.462817,2.218619],[100.4631761,2.2185023],[100.4641949,2.2181626],[100.4642461,2.2181245],[100.4645,2.2178111],[100.4647962,2.2175329],[100.4648635,2.2174252],[100.4649677,2.2171783],[100.4651313,2.2165186],[100.4652225,2.2162045],[100.4655187,2.2155313],[100.4658553,2.2147908],[100.4660259,2.2143196],[100.4662996,2.2138214],[100.4669234,2.2123853],[100.4671071,2.2119888],[100.4675843,2.2111432],[100.467847,2.2106619],[100.4680444,2.2103433],[100.4680758,2.2102708],[100.4681762,2.2098556],[100.4681874,2.2097468],[100.4681773,2.2096615],[100.4681614,2.209599],[100.4681355,2.2095597]]}},{"type":"Feature","properties":{"scope":"Pasir Limau Kapas","osmId":671408885,"highway":"residential","name":null},"geometry":{"type":"LineString","coordinates":[[100.465522,2.1967703],[100.4659146,2.196924],[100.4671662,2.197162],[100.468079,2.197289],[100.4693029,2.1974536],[100.4697361,2.197528],[100.4698777,2.1975378],[100.4700564,2.1975632],[100.4703211,2.1976051],[100.4704021,2.1976237],[100.4704764,2.1976529],[100.4705096,2.1976627]]}},{"type":"Feature","properties":{"scope":"Pasir Limau Kapas","osmId":671408886,"highway":"residential","name":null},"geometry":{"type":"LineString","coordinates":[[100.4706256,2.1976688],[100.4706912,2.1976719]]}},{"type":"Feature","properties":{"scope":"Pasir Limau Kapas","osmId":671408887,"highway":"residential","name":null},"geometry":{"type":"LineString","coordinates":[[100.4705096,2.1976627],[100.4706256,2.1976688]]}},{"type":"Feature","properties":{"scope":"Pasir Limau Kapas","osmId":671408888,"highway":"residential","name":null},"geometry":{"type":"LineString","coordinates":[[100.4695578,2.1846681],[100.4693379,2.1851663],[100.4692033,2.1854221],[100.468768,2.1863646],[100.4683192,2.1873429],[100.4679871,2.188245],[100.4677402,2.188963],[100.4672957,2.1901718],[100.4669571,2.1911223],[100.466717,2.1919789],[100.4665061,2.1928675],[100.4663894,2.1935945],[100.4662368,2.1943799],[100.4661874,2.194712],[100.4660034,2.1954525],[100.465522,2.1967703],[100.4652944,2.1972259],[100.4652868,2.1972891],[100.4651659,2.1975674],[100.4648814,2.1982619],[100.4647468,2.1985985],[100.4645493,2.1991057],[100.4641557,2.2000714],[100.4640694,2.2002796],[100.4639964,2.2005037],[100.4639877,2.2006147],[100.4640015,2.2007123],[100.4640463,2.2008898],[100.4641173,2.2010234],[100.4650068,2.2022129],[100.4652419,2.2025445],[100.4653228,2.2026328],[100.4653691,2.2026649],[100.4654259,2.2027285],[100.4654893,2.2028276],[100.4655293,2.2029007],[100.4656977,2.2031631],[100.4658901,2.2033829],[100.4659993,2.203485],[100.4660407,2.2035294],[100.466076,2.2035636],[100.4661247,2.2035902],[100.4661665,2.2035985],[100.4662082,2.2036009],[100.4665587,2.2035427],[100.467791,2.2033034],[100.4686404,2.2031569],[100.4694703,2.202999],[100.4700874,2.2028844],[100.4706813,2.2027414]]}},{"type":"Feature","properties":{"scope":"Pasir Limau Kapas","osmId":671408889,"highway":"residential","name":null},"geometry":{"type":"LineString","coordinates":[[100.4653591,2.2028736],[100.4654417,2.2028446]]}},{"type":"Feature","properties":{"scope":"Pasir Limau Kapas","osmId":671408890,"highway":"residential","name":null},"geometry":{"type":"LineString","coordinates":[[100.4654417,2.2028446],[100.4654893,2.2028276]]}},{"type":"Feature","properties":{"scope":"Pasir Limau Kapas","osmId":671408891,"highway":"service","name":null},"geometry":{"type":"LineString","coordinates":[[100.4659972,2.2036904],[100.4660503,2.2036054]]}},{"type":"Feature","properties":{"scope":"Pasir Limau Kapas","osmId":671408892,"highway":"service","name":null},"geometry":{"type":"LineString","coordinates":[[100.4660503,2.2036054],[100.466076,2.2035636]]}},{"type":"Feature","properties":{"scope":"Pasir Limau Kapas","osmId":671408893,"highway":"service","name":null},"geometry":{"type":"LineString","coordinates":[[100.4679667,2.2094576],[100.4678042,2.2093592],[100.4677259,2.2093071],[100.467648,2.2092296],[100.4675293,2.2090841],[100.4670678,2.2084494],[100.4668274,2.2080871],[100.4666149,2.2077003],[100.4664847,2.2074212],[100.4664727,2.2073624],[100.4664692,2.2069479],[100.466458,2.2068832],[100.4663445,2.2065286],[100.4662774,2.2063305],[100.4662455,2.2061346],[100.4662053,2.2058547],[100.4661894,2.205567],[100.4662205,2.2053084],[100.466222,2.2049758],[100.4661822,2.204579],[100.4661474,2.2043273],[100.4660854,2.2039803],[100.4659939,2.2037241],[100.4659929,2.2037046],[100.4659972,2.2036904]]}},{"type":"Feature","properties":{"scope":"Pasir Limau Kapas","osmId":671408894,"highway":"service","name":null},"geometry":{"type":"LineString","coordinates":[[100.4681355,2.2095597],[100.4679667,2.2094576]]}},{"type":"Feature","properties":{"scope":"Pasir Limau Kapas","osmId":671408895,"highway":"residential","name":null},"geometry":{"type":"LineString","coordinates":[[100.4708841,2.2008682],[100.4708282,2.2008709]]}},{"type":"Feature","properties":{"scope":"Pasir Limau Kapas","osmId":671408896,"highway":"residential","name":null},"geometry":{"type":"LineString","coordinates":[[100.4708282,2.2008709],[100.4707723,2.2008745]]}},{"type":"Feature","properties":{"scope":"Pasir Limau Kapas","osmId":671409439,"highway":"residential","name":null},"geometry":{"type":"LineString","coordinates":[[100.4823607,2.1969111],[100.4824001,2.1999918],[100.4824287,2.2012958],[100.4824644,2.2032429],[100.4825122,2.2059115],[100.4825316,2.2069944],[100.4825343,2.2071454]]}},{"type":"Feature","properties":{"scope":"Pasir Limau Kapas","osmId":671635976,"highway":"service","name":null},"geometry":{"type":"LineString","coordinates":[[100.4552325,2.1904306],[100.4552415,2.1899773],[100.4552594,2.1898247],[100.4552953,2.1895375],[100.4553851,2.1885502],[100.4554569,2.187132],[100.4555556,2.1866787],[100.4556185,2.1862569],[100.4556903,2.1859382],[100.4556992,2.1858305],[100.4557621,2.1855792],[100.4558339,2.1850676],[100.4559236,2.1846143],[100.4559595,2.1843271],[100.4561301,2.1838783],[100.4562154,2.1835641],[100.4564801,2.1828775],[100.4567315,2.1821684],[100.4567404,2.1821101],[100.4569873,2.1813561],[100.4570681,2.1811003],[100.4571488,2.1809253],[100.4571623,2.1808579],[100.457323,2.1804239]]}},{"type":"Feature","properties":{"scope":"Pasir Limau Kapas","osmId":671635979,"highway":"service","name":null},"geometry":{"type":"LineString","coordinates":[[100.442828,2.1839276],[100.4432005,2.1842822],[100.4433666,2.1844617],[100.4437117,2.1848211]]}},{"type":"Feature","properties":{"scope":"Pasir Limau Kapas","osmId":671635981,"highway":"service","name":null},"geometry":{"type":"LineString","coordinates":[[100.466717,2.1919789],[100.4652715,2.1917849],[100.4646492,2.1917098],[100.4644132,2.1916509],[100.463174,2.1912917],[100.4619831,2.1909647],[100.4594403,2.1904823],[100.4589251,2.1903942],[100.4586578,2.1904346],[100.4575357,2.1904718],[100.456321,2.1904582],[100.4552325,2.1904306],[100.4551989,2.1904305]]}},{"type":"Feature","properties":{"scope":"Pasir Limau Kapas","osmId":671635984,"highway":"service","name":null},"geometry":{"type":"LineString","coordinates":[[100.4651659,2.1975674],[100.4649434,2.1975059],[100.4628651,2.1973206],[100.4617676,2.1972413],[100.4612072,2.1971806],[100.4608803,2.1971806],[100.4602452,2.197162],[100.4594653,2.1970826],[100.4591665,2.1970686],[100.4589039,2.1970971],[100.4560071,2.1975635],[100.4556262,2.19766],[100.4550576,2.1977136],[100.4539204,2.1978422],[100.4534192,2.1979257],[100.4527519,2.19806],[100.4524856,2.198125],[100.4520892,2.1981636],[100.4510729,2.1983464],[100.4507706,2.1983712],[100.4500039,2.1983613],[100.449607,2.1984033],[100.4488691,2.1986366],[100.4484115,2.1988746],[100.4480472,2.1991592],[100.4476409,2.1994999],[100.4472253,2.1996166],[100.4470618,2.1996166],[100.4467676,2.1995046],[100.4466354,2.1994676],[100.4457694,2.1991386],[100.4453344,2.1989233],[100.4448994,2.1985779],[100.4442286,2.1980214],[100.4440172,2.1977573],[100.4438465,2.1976273],[100.4433604,2.1970971],[100.4429941,2.1967046],[100.4424097,2.1960352],[100.4414718,2.1950464],[100.4408533,2.1943216],[100.4407456,2.1942228],[100.4404943,2.1940613],[100.4400725,2.1937292],[100.4399123,2.1935939],[100.4397295,2.1934269],[100.4392422,2.1931906],[100.438753,2.1929645],[100.4384806,2.1928641],[100.4382829,2.1928206],[100.4379862,2.1927308],[100.4376683,2.1926007],[100.4372949,2.1924082],[100.4369309,2.1922437],[100.4368013,2.1921465],[100.4366437,2.1920283]]}},{"type":"Feature","properties":{"scope":"Pasir Limau Kapas","osmId":671635992,"highway":"service","name":null},"geometry":{"type":"LineString","coordinates":[[100.4551038,2.1904304],[100.4505068,2.1904216]]}},{"type":"Feature","properties":{"scope":"Pasir Limau Kapas","osmId":671635993,"highway":"service","name":null},"geometry":{"type":"LineString","coordinates":[[100.4551989,2.1904305],[100.4551038,2.1904304]]}},{"type":"Feature","properties":{"scope":"Pasir Limau Kapas","osmId":671641032,"highway":"residential","name":null},"geometry":{"type":"LineString","coordinates":[[100.482105,2.1748607],[100.4806249,2.1747903],[100.4800415,2.1746781],[100.4792561,2.1744537],[100.4787714,2.1742787],[100.4787086,2.1742652],[100.4786503,2.1742742],[100.4786233,2.1742967],[100.4785829,2.1743819],[100.4783675,2.1750102],[100.4782688,2.1753558],[100.4781117,2.1757507],[100.4778514,2.1765271],[100.477461,2.1773394],[100.4772186,2.1777703],[100.4770032,2.1782191],[100.4766801,2.1787801],[100.4761011,2.1799245],[100.475769,2.1807054],[100.4754818,2.1814279],[100.4753651,2.18176],[100.4751318,2.182303],[100.475033,2.1825903],[100.4748356,2.1830615],[100.4747907,2.1832096],[100.4744361,2.183968],[100.4741669,2.1846143],[100.4739111,2.1851753],[100.4734892,2.1863825],[100.4732443,2.1870233]]}},{"type":"Feature","properties":{"scope":"Pasir Limau Kapas","osmId":671641035,"highway":"service","name":null},"geometry":{"type":"LineString","coordinates":[[100.4667372,2.1827976],[100.4667441,2.1827235]]}},{"type":"Feature","properties":{"scope":"Pasir Limau Kapas","osmId":671641052,"highway":"residential","name":null},"geometry":{"type":"LineString","coordinates":[[100.4711339,2.1955297],[100.47137,2.1955459],[100.4723493,2.1956141],[100.4734992,2.1956726],[100.4736732,2.1956814],[100.4741893,2.1957083],[100.4748356,2.1957697],[100.4753292,2.195816],[100.4766532,2.1959193],[100.478381,2.1961302],[100.4789644,2.1962424],[100.4795523,2.1963818],[100.4800505,2.1964862],[100.4806025,2.1965969],[100.4813005,2.1967397],[100.4817693,2.1968207],[100.4823607,2.1969111]]}},{"type":"Feature","properties":{"scope":"Pasir Limau Kapas","osmId":671641054,"highway":"residential","name":null},"geometry":{"type":"LineString","coordinates":[[100.4736732,2.1956814],[100.4737022,2.1954557],[100.473788,2.1948893]]}},{"type":"Feature","properties":{"scope":"Pasir Limau Kapas","osmId":671641059,"highway":"service","name":null},"geometry":{"type":"LineString","coordinates":[[100.4947918,2.1814223],[100.4943848,2.1822671],[100.494304,2.182487],[100.4941155,2.1831512],[100.4937475,2.1840533],[100.4936847,2.1842732],[100.4933615,2.1851214],[100.4926704,2.1870602],[100.4924146,2.187702],[100.4922575,2.1881777],[100.4919927,2.1888464],[100.491876,2.1891785],[100.4918132,2.1894388],[100.4917459,2.1896407],[100.4915978,2.1899638],[100.4915484,2.1900974],[100.4914856,2.1902915],[100.4914273,2.1905159],[100.4913375,2.1908255],[100.4912163,2.1910948],[100.4905072,2.1922616],[100.4901081,2.1929037],[100.4896812,2.1935132],[100.4891835,2.1942637],[100.4888961,2.1946627],[100.4882453,2.1956455],[100.4877141,2.1964353]]}},{"type":"Feature","properties":{"scope":"Pasir Limau Kapas","osmId":671641065,"highway":"service","name":null},"geometry":{"type":"LineString","coordinates":[[100.4907749,2.1983983],[100.4908037,2.1983819],[100.4908591,2.1983297],[100.4909486,2.1982286],[100.4924643,2.1967223],[100.4934162,2.1958409],[100.4934696,2.1957914],[100.4944183,2.1950413],[100.4948295,2.1947147],[100.495216,2.1945164],[100.4954589,2.1943812],[100.4955007,2.1943586],[100.4955251,2.1943432],[100.4955432,2.1943261],[100.4955739,2.1942882],[100.4960027,2.1937121],[100.4968874,2.1925562],[100.4973188,2.1920753],[100.4973506,2.1920398],[100.4977388,2.1915796],[100.4983279,2.1908599],[100.4993462,2.1895715],[100.5006543,2.1879219],[100.5008376,2.1877163],[100.5009909,2.187518],[100.501525,2.1868672],[100.5016731,2.1866877],[100.5017812,2.1865679]]}},{"type":"Feature","properties":{"scope":"Pasir Limau Kapas","osmId":671641067,"highway":"residential","name":null},"geometry":{"type":"LineString","coordinates":[[100.4821061,2.1749567],[100.4840402,2.1749788],[100.4851218,2.1749788],[100.4861989,2.1749833],[100.4862957,2.1749816],[100.4864007,2.174988],[100.4865215,2.175021],[100.4867826,2.1753191],[100.4869047,2.1754258],[100.4872122,2.1756488],[100.4873149,2.1757233],[100.4874459,2.1758183],[100.4877427,2.1760335],[100.4889814,2.1770343],[100.4912029,2.1786903],[100.4924056,2.1795699],[100.4929386,2.1800015],[100.493918,2.1807233],[100.4947918,2.1814223],[100.495242,2.181751],[100.4961709,2.1823973],[100.4971952,2.1831546],[100.4973749,2.1832939],[100.4979437,2.1837347],[100.4988008,2.1843944],[100.4993394,2.1847983],[100.4999901,2.185274],[100.5004389,2.1856016],[100.5017812,2.1865679],[100.5018248,2.1865996],[100.5032842,2.1876661],[100.5043722,2.1885407],[100.5044714,2.1886204],[100.5059545,2.1898157],[100.5071483,2.1907582],[100.5079234,2.1913529],[100.5079945,2.1914075]]}},{"type":"Feature","properties":{"scope":"Pasir Limau Kapas","osmId":671641075,"highway":"residential","name":null},"geometry":{"type":"LineString","coordinates":[[100.4824589,2.1932433],[100.482752,2.1933556],[100.4834162,2.1937415],[100.4843183,2.1943205],[100.4849177,2.1947554],[100.4853997,2.1950614],[100.4858308,2.1953131],[100.4866925,2.1959051],[100.4870327,2.1961255],[100.4876573,2.1965204],[100.4886776,2.1971572],[100.4888857,2.197287],[100.4900041,2.1979922],[100.4905965,2.1982979],[100.4907749,2.1983983]]}},{"type":"Feature","properties":{"scope":"Pasir Limau Kapas","osmId":671641077,"highway":"residential","name":null},"geometry":{"type":"LineString","coordinates":[[100.4823318,2.1932108],[100.4824589,2.1932433]]}},{"type":"Feature","properties":{"scope":"Pasir Limau Kapas","osmId":671641079,"highway":"residential","name":null},"geometry":{"type":"LineString","coordinates":[[100.5018661,2.1865531],[100.5018248,2.1865996]]}},{"type":"Feature","properties":{"scope":"Pasir Limau Kapas","osmId":671641081,"highway":"residential","name":null},"geometry":{"type":"LineString","coordinates":[[100.5019447,2.1864598],[100.5019064,2.1865053],[100.5018661,2.1865531]]}},{"type":"Feature","properties":{"scope":"Pasir Limau Kapas","osmId":671641082,"highway":"service","name":null},"geometry":{"type":"LineString","coordinates":[[100.4667562,2.1826527],[100.4672062,2.181392],[100.4674261,2.1808175],[100.4677268,2.179893],[100.468023,2.179157],[100.4682563,2.1784569],[100.468566,2.177676],[100.4688532,2.1768592],[100.4693065,2.1757193],[100.4694322,2.1754141],[100.4697284,2.1747185],[100.4709176,2.1717386],[100.4713799,2.1705583],[100.4717659,2.1696338],[100.4720461,2.1689371],[100.4721782,2.1685592],[100.4716222,2.168238],[100.4709854,2.1677902],[100.4706529,2.1675693],[100.4700909,2.1671894],[100.4691943,2.1665281],[100.4688403,2.1662743],[100.4687186,2.1661871],[100.4663351,2.1641598]]}},{"type":"Feature","properties":{"scope":"Pasir Limau Kapas","osmId":671641086,"highway":"service","name":null},"geometry":{"type":"LineString","coordinates":[[100.4877141,2.1964353],[100.4876696,2.1965016]]}},{"type":"Feature","properties":{"scope":"Pasir Limau Kapas","osmId":671641087,"highway":"service","name":null},"geometry":{"type":"LineString","coordinates":[[100.4876696,2.1965016],[100.4876573,2.1965204]]}},{"type":"Feature","properties":{"scope":"Pasir Limau Kapas","osmId":671641089,"highway":"residential","name":null},"geometry":{"type":"LineString","coordinates":[[100.4732443,2.1870233],[100.4732116,2.187103]]}},{"type":"Feature","properties":{"scope":"Pasir Limau Kapas","osmId":671641090,"highway":"residential","name":null},"geometry":{"type":"LineString","coordinates":[[100.4732116,2.187103],[100.4731961,2.1871408],[100.4728566,2.1878005],[100.4728246,2.1878864],[100.4725623,2.1887834],[100.4724549,2.1891605],[100.47208,2.1909243],[100.4719499,2.191741],[100.47173,2.1927957],[100.4711339,2.1955297],[100.4710801,2.1957783],[100.470958,2.1963815],[100.4707649,2.1972861],[100.4706912,2.1976719],[100.4706128,2.1980973],[100.4705753,2.1981905],[100.4705662,2.1984948],[100.4706132,2.1992464],[100.4706201,2.2000122],[100.4707117,2.2004869],[100.4707723,2.2008745],[100.4708106,2.2014023],[100.47083,2.2016518],[100.4708481,2.2018411],[100.4709081,2.2025463],[100.4709183,2.2028232],[100.4709262,2.2029362],[100.4711092,2.2038462],[100.4711553,2.2040028],[100.4711841,2.2041182],[100.4712236,2.2046335],[100.4712885,2.2052627]]}},{"type":"Feature","properties":{"scope":"Pasir Limau Kapas","osmId":671690457,"highway":"residential","name":null},"geometry":{"type":"LineString","coordinates":[[100.5130456,2.1731554],[100.5125811,2.173659],[100.5123519,2.1738793],[100.5118381,2.1743326],[100.5107925,2.1753244],[100.5100116,2.1761502],[100.509123,2.1771824],[100.5088268,2.177519],[100.508176,2.1782146],[100.5075432,2.1789461],[100.5073862,2.1791583],[100.5071079,2.1796821],[100.506888,2.180086],[100.5064196,2.1807058],[100.5059276,2.1814324],[100.505573,2.181944],[100.5050582,2.1825511],[100.504662,2.183066],[100.5042985,2.1835417],[100.5038542,2.1841296],[100.5031833,2.1848892],[100.5027062,2.185471],[100.5025437,2.1857004],[100.502115,2.1862428],[100.5019447,2.1864598]]}},{"type":"Feature","properties":{"scope":"Pasir Limau Kapas","osmId":671690469,"highway":"service","name":null},"geometry":{"type":"LineString","coordinates":[[100.5079945,2.1914075],[100.5078192,2.1916214],[100.5076198,2.19183],[100.5072291,2.1922392],[100.5061186,2.1932841],[100.5057211,2.1936215],[100.5037647,2.1952257]]}},{"type":"Feature","properties":{"scope":"Pasir Limau Kapas","osmId":672958999,"highway":"service","name":null},"geometry":{"type":"LineString","coordinates":[[100.4139952,2.1980449],[100.4140071,2.1980411],[100.41402,2.1980303],[100.4140307,2.1980102],[100.4142731,2.1972838],[100.4143068,2.1972231]]}},{"type":"Feature","properties":{"scope":"Pasir Limau Kapas","osmId":672959000,"highway":"service","name":null},"geometry":{"type":"LineString","coordinates":[[100.4134728,2.1904665],[100.4128804,2.1905518],[100.4119514,2.190637],[100.411534,2.1906962],[100.4109416,2.1907582],[100.4099857,2.1908839],[100.4092587,2.1909557],[100.4087151,2.1910364],[100.4077104,2.1911262],[100.4056863,2.1913691],[100.4040348,2.1915489],[100.4016966,2.1918039],[100.4004445,2.1919475],[100.3999239,2.1920283],[100.3993809,2.1920731],[100.3989141,2.1921315],[100.3978415,2.1922616],[100.3966971,2.1921584],[100.396163,2.1920866],[100.395427,2.1920328],[100.3951019,2.1920181],[100.3949717,2.1919935],[100.3948629,2.191952],[100.3947664,2.1919249],[100.3946664,2.1919182],[100.3940459,2.1918969],[100.3930664,2.1918488],[100.3923663,2.1918308],[100.391747,2.1917949],[100.3906977,2.1917629]]}},{"type":"Feature","properties":{"scope":"Pasir Limau Kapas","osmId":672959001,"highway":"service","name":null},"geometry":{"type":"LineString","coordinates":[[100.3905049,2.1915455],[100.3901693,2.1914608],[100.3898249,2.1914177],[100.3892791,2.1914003],[100.3884224,2.1913964],[100.3879053,2.1913357],[100.3873035,2.1913119],[100.3863707,2.1912793],[100.3853871,2.1912969],[100.3843375,2.1913461],[100.3824731,2.191416]]}},{"type":"Feature","properties":{"scope":"Pasir Limau Kapas","osmId":672959002,"highway":"service","name":null},"geometry":{"type":"LineString","coordinates":[[100.3905083,2.1888957],[100.3905584,2.1888908]]}},{"type":"Feature","properties":{"scope":"Pasir Limau Kapas","osmId":672959003,"highway":"service","name":null},"geometry":{"type":"LineString","coordinates":[[100.3824731,2.191416],[100.3824685,2.1921334],[100.3824788,2.1922413],[100.382509,2.1923976],[100.382543,2.1927677]]}},{"type":"Feature","properties":{"scope":"Pasir Limau Kapas","osmId":672959004,"highway":"service","name":null},"geometry":{"type":"LineString","coordinates":[[100.3827488,2.1965027],[100.3827845,2.1965033]]}},{"type":"Feature","properties":{"scope":"Pasir Limau Kapas","osmId":672959011,"highway":"service","name":null},"geometry":{"type":"LineString","coordinates":[[100.3761383,2.1825996],[100.376088,2.1773619],[100.3760744,2.1773219],[100.3760498,2.1772979],[100.3758958,2.1772963],[100.3748194,2.1772784],[100.3743026,2.1772766],[100.3716322,2.1774294],[100.370636,2.1775369]]}},{"type":"Feature","properties":{"scope":"Pasir Limau Kapas","osmId":672959016,"highway":"service","name":null},"geometry":{"type":"LineString","coordinates":[[100.3905193,2.1914374],[100.3905077,2.1915176]]}},{"type":"Feature","properties":{"scope":"Pasir Limau Kapas","osmId":672959024,"highway":"service","name":null},"geometry":{"type":"LineString","coordinates":[[100.3905193,2.1914374],[100.3905321,2.1913459],[100.3905532,2.1909377],[100.3905083,2.1895195],[100.3905128,2.18934],[100.3905083,2.1888957],[100.3904936,2.1876407],[100.3904859,2.1869884],[100.3904634,2.186028],[100.3904769,2.1855523],[100.3904545,2.1846143],[100.3904293,2.1816406],[100.3903985,2.1798257]]}},{"type":"Feature","properties":{"scope":"Pasir Limau Kapas","osmId":672959031,"highway":"service","name":null},"geometry":{"type":"LineString","coordinates":[[100.3906977,2.1917629],[100.3906531,2.1917615],[100.3906106,2.1917602]]}},{"type":"Feature","properties":{"scope":"Pasir Limau Kapas","osmId":672959032,"highway":"service","name":null},"geometry":{"type":"LineString","coordinates":[[100.3906106,2.1917602],[100.3905761,2.1917605]]}},{"type":"Feature","properties":{"scope":"Pasir Limau Kapas","osmId":672959037,"highway":"service","name":null},"geometry":{"type":"LineString","coordinates":[[100.3824731,2.191416],[100.3819075,2.1914611],[100.3810211,2.1916548],[100.3803231,2.1916888],[100.3797705,2.1916608],[100.3791957,2.1915859],[100.3784275,2.1914565],[100.3767142,2.1914372],[100.3765096,2.191438],[100.3763878,2.1914342],[100.3761368,2.191406],[100.3759312,2.1914176],[100.3755707,2.1914926],[100.3754876,2.1915107],[100.3754486,2.1915096],[100.3753941,2.1914973],[100.3752109,2.1914467],[100.3748908,2.1913982],[100.3744659,2.1913873],[100.373976,2.1913992],[100.3735014,2.1914552],[100.3729438,2.1914842],[100.3717088,2.1914627],[100.3692559,2.1915415],[100.3690652,2.1915415],[100.3670968,2.1915118],[100.3655192,2.1914755],[100.3653734,2.1914722],[100.3652149,2.191487],[100.3650233,2.1915059],[100.364809,2.1915457],[100.3646375,2.1915451],[100.3645772,2.1915449],[100.3636918,2.1915312],[100.3634005,2.1915146],[100.3633606,2.1915206],[100.363222,2.1915415],[100.363017,2.1915717],[100.3630098,2.1915714],[100.3628182,2.191563],[100.3622376,2.1915192],[100.362204,2.1915167],[100.3609362,2.1914376],[100.3606404,2.1914424],[100.3601785,2.1914499],[100.3594932,2.1914786],[100.359411,2.1914821],[100.3577965,2.1915811],[100.3577293,2.1915787],[100.3576579,2.1915761],[100.3575192,2.1915415],[100.3573222,2.1914677],[100.3570042,2.1913485],[100.3568457,2.1913039],[100.3567467,2.191299],[100.356197,2.1913287],[100.3557327,2.1913642],[100.3539289,2.1915019],[100.3513686,2.1916404],[100.3496106,2.1916503],[100.3427663,2.1916199],[100.3414827,2.1916244],[100.3407916,2.191566],[100.3403428,2.191575],[100.3400646,2.1916199],[100.3397953,2.1916333],[100.339176,2.1916109],[100.3387002,2.1916244],[100.3382221,2.1915736],[100.3367076,2.1915929],[100.3332881,2.1915514],[100.3331742,2.1915019],[100.3330752,2.1914969],[100.3329118,2.1915415],[100.3325948,2.1915563],[100.3300742,2.1915365],[100.3294502,2.1915316],[100.3292769,2.1915464],[100.3290491,2.1915811],[100.3288361,2.1916207],[100.3286479,2.1916207],[100.326612,2.1914659],[100.3243977,2.1915224]]}},{"type":"Feature","properties":{"scope":"Pasir Limau Kapas","osmId":672959040,"highway":"service","name":null},"geometry":{"type":"LineString","coordinates":[[100.3828205,2.1965033],[100.3831382,2.1965091]]}},{"type":"Feature","properties":{"scope":"Pasir Limau Kapas","osmId":672959041,"highway":"service","name":null},"geometry":{"type":"LineString","coordinates":[[100.3827845,2.1965033],[100.3828205,2.1965033]]}},{"type":"Feature","properties":{"scope":"Pasir Limau Kapas","osmId":672959042,"highway":"service","name":null},"geometry":{"type":"LineString","coordinates":[[100.3831382,2.1965091],[100.3832021,2.1965103]]}},{"type":"Feature","properties":{"scope":"Pasir Limau Kapas","osmId":672959043,"highway":"service","name":null},"geometry":{"type":"LineString","coordinates":[[100.3832021,2.1965103],[100.383763,2.1965206],[100.3848607,2.1965096]]}},{"type":"Feature","properties":{"scope":"Pasir Limau Kapas","osmId":672959044,"highway":"service","name":null},"geometry":{"type":"LineString","coordinates":[[100.3906052,2.1888878],[100.3914726,2.1888335],[100.3939819,2.1886944],[100.3987172,2.1884475],[100.4031608,2.1882071]]}},{"type":"Feature","properties":{"scope":"Pasir Limau Kapas","osmId":672959045,"highway":"service","name":null},"geometry":{"type":"LineString","coordinates":[[100.3905584,2.1888908],[100.3906052,2.1888878]]}},{"type":"Feature","properties":{"scope":"Pasir Limau Kapas","osmId":672959051,"highway":"service","name":null},"geometry":{"type":"LineString","coordinates":[[100.3825471,2.1928108],[100.3825782,2.1931233],[100.382659,2.1942408],[100.3827488,2.1965027],[100.3827738,2.1972915],[100.3827714,2.1976208],[100.3827657,2.1983961],[100.3827084,2.1989665],[100.3825468,2.1997968],[100.382282,2.2003264],[100.3821923,2.2006809],[100.3821788,2.200811],[100.3821788,2.2012778],[100.3821519,2.2018881],[100.382098,2.2023414],[100.3820666,2.2027857],[100.3820083,2.2032076],[100.3819454,2.2034544],[100.3818288,2.2037641],[100.3814967,2.2044642],[100.3813441,2.2047873],[100.3813235,2.2049587],[100.3813292,2.2051411],[100.3813491,2.2056877]]}},{"type":"Feature","properties":{"scope":"Pasir Limau Kapas","osmId":672959052,"highway":"service","name":null},"geometry":{"type":"LineString","coordinates":[[100.382543,2.1927677],[100.3825471,2.1928108]]}},{"type":"Feature","properties":{"scope":"Pasir Limau Kapas","osmId":672964740,"highway":"service","name":null},"geometry":{"type":"LineString","coordinates":[[100.3706327,2.1774819],[100.370636,2.1775369],[100.3707572,2.1791256],[100.3708222,2.1801219],[100.3708621,2.1806386],[100.3713585,2.1870737],[100.3713989,2.1875494],[100.3715565,2.1895306]]}},{"type":"Feature","properties":{"scope":"Pasir Limau Kapas","osmId":672964741,"highway":"service","name":null},"geometry":{"type":"LineString","coordinates":[[100.3715565,2.1895306],[100.371561,2.1895774]]}},{"type":"Feature","properties":{"scope":"Pasir Limau Kapas","osmId":672964742,"highway":"service","name":null},"geometry":{"type":"LineString","coordinates":[[100.371561,2.1895774],[100.3717022,2.1913888]]}},{"type":"Feature","properties":{"scope":"Pasir Limau Kapas","osmId":672964743,"highway":"service","name":null},"geometry":{"type":"LineString","coordinates":[[100.3717022,2.1913888],[100.371706,2.1914408]]}},{"type":"Feature","properties":{"scope":"Pasir Limau Kapas","osmId":672964744,"highway":"service","name":null},"geometry":{"type":"LineString","coordinates":[[100.371706,2.1914408],[100.3717088,2.1914627]]}},{"type":"Feature","properties":{"scope":"Pasir Limau Kapas","osmId":672964745,"highway":"service","name":null},"geometry":{"type":"LineString","coordinates":[[100.4143068,2.1972231],[100.4143252,2.1971526]]}},{"type":"Feature","properties":{"scope":"Pasir Limau Kapas","osmId":672964746,"highway":"service","name":null},"geometry":{"type":"LineString","coordinates":[[100.4143252,2.1971526],[100.4146657,2.1961132],[100.4147734,2.195831],[100.4147937,2.1957573],[100.4148009,2.1956821],[100.4147937,2.1955585],[100.4147328,2.1951843]]}},{"type":"Feature","properties":{"scope":"Pasir Limau Kapas","osmId":672964747,"highway":"service","name":null},"geometry":{"type":"LineString","coordinates":[[100.3813491,2.2056877],[100.3813503,2.2057531]]}},{"type":"Feature","properties":{"scope":"Pasir Limau Kapas","osmId":672964748,"highway":"service","name":null},"geometry":{"type":"LineString","coordinates":[[100.3813503,2.2057531],[100.3813728,2.2061626],[100.3813955,2.2065749],[100.3814252,2.2075368],[100.3814264,2.2079136]]}},{"type":"Feature","properties":{"scope":"Pasir Limau Kapas","osmId":674565336,"highway":"service","name":null},"geometry":{"type":"LineString","coordinates":[[100.4667441,2.1827235],[100.4667562,2.1826527]]}},{"type":"Feature","properties":{"scope":"Pasir Limau Kapas","osmId":674565339,"highway":"residential","name":null},"geometry":{"type":"LineString","coordinates":[[100.4512787,2.1776805],[100.4515973,2.177878],[100.4533454,2.1787391],[100.4548121,2.1793847],[100.4561515,2.1799336],[100.457323,2.1804239],[100.4579342,2.1806605],[100.4589307,2.1810509],[100.4597653,2.1813606],[100.4613841,2.1817307],[100.4620047,2.1818318],[100.4630145,2.1820293],[100.4651058,2.1824377],[100.4653931,2.182514],[100.4667372,2.1827976],[100.4675113,2.1832006],[100.4679826,2.183434],[100.468189,2.1835596],[100.4686109,2.1838693],[100.4695578,2.1846681],[100.469863,2.1849195],[100.4712453,2.1858933],[100.4719184,2.1862972],[100.4721832,2.1864813],[100.4731961,2.1871408],[100.4738393,2.1875135],[100.4751452,2.1883347],[100.4760024,2.1889496],[100.4763973,2.1892323],[100.4771603,2.1897395],[100.4776405,2.1900716],[100.4781072,2.1903588],[100.4789869,2.1909916],[100.4794267,2.1912608],[100.4799135,2.1916136],[100.4804005,2.1919319],[100.4807475,2.1921554],[100.4811186,2.1924097],[100.4815135,2.19267],[100.4818726,2.1929303],[100.4822938,2.193192],[100.4823318,2.1932108]]}},{"type":"Feature","properties":{"scope":"Pasir Limau Kapas","osmId":682707936,"highway":"unclassified","name":null},"geometry":{"type":"LineString","coordinates":[[100.3250415,2.4794362],[100.3244215,2.4792943],[100.3243597,2.4792862],[100.3241234,2.4792619],[100.323895,2.4792492],[100.323235,2.4792256],[100.3213051,2.4791711],[100.3210667,2.4791677],[100.3206695,2.479162],[100.3202961,2.4791769],[100.3200064,2.479206],[100.3197104,2.4792491],[100.3195685,2.4792743],[100.3194277,2.4793033],[100.3188368,2.4794425],[100.3185887,2.4794931],[100.3176826,2.4796469],[100.3173152,2.4796886],[100.316934,2.4797117],[100.316442,2.4797774],[100.3159652,2.479866],[100.3158117,2.4799119],[100.3157413,2.4799383],[100.3156101,2.4799686],[100.3154357,2.4800059],[100.3150267,2.4801142],[100.314481,2.4802787],[100.314355,2.4803162],[100.3134589,2.4805254],[100.3132487,2.4805727],[100.3128501,2.4806438],[100.3125457,2.4807],[100.3122891,2.4807515],[100.3102157,2.48129],[100.3097444,2.4814067],[100.308609,2.4816132],[100.3074646,2.4817837],[100.306199,2.4820485],[100.3057727,2.4821382],[100.3036511,2.4825667],[100.3010021,2.4831031],[100.299852,2.4833273],[100.2997575,2.4833447],[100.2995031,2.4833859],[100.2993845,2.4834096],[100.2985181,2.4836163],[100.2977872,2.4837441],[100.2974987,2.4837946],[100.2971425,2.4838391],[100.2938439,2.4844136],[100.2923135,2.4846963],[100.2921064,2.4847446],[100.2914046,2.4848768],[100.2899498,2.4851462],[100.2892802,2.4852927],[100.2892437,2.4853112],[100.2892132,2.4853401],[100.289201,2.4853805],[100.2892093,2.4857667],[100.2892073,2.485782],[100.2891935,2.4857875],[100.2891635,2.4857814]]}},{"type":"Feature","properties":{"scope":"Pasir Limau Kapas","osmId":682713420,"highway":"unclassified","name":null},"geometry":{"type":"LineString","coordinates":[[100.3332669,2.4778413],[100.3332614,2.4770778],[100.3332746,2.4764645],[100.333289,2.4761003]]}},{"type":"Feature","properties":{"scope":"Pasir Limau Kapas","osmId":682719288,"highway":"residential","name":null},"geometry":{"type":"LineString","coordinates":[[100.3247376,2.4825235],[100.3250007,2.4825275],[100.3251021,2.4825293],[100.3251199,2.4825242],[100.3251322,2.4825165],[100.3251438,2.4824981],[100.3251529,2.4824536],[100.32522,2.4818264]]}},{"type":"Feature","properties":{"scope":"Pasir Limau Kapas","osmId":682720918,"highway":"residential","name":null},"geometry":{"type":"LineString","coordinates":[[100.3322902,2.480539],[100.3323594,2.4804338],[100.332486,2.4802415]]}},{"type":"Feature","properties":{"scope":"Pasir Limau Kapas","osmId":682720922,"highway":"residential","name":null},"geometry":{"type":"LineString","coordinates":[[100.332486,2.4802415],[100.3325403,2.4801603],[100.3325814,2.4800955],[100.333024,2.4791377],[100.3330864,2.4789734],[100.3332395,2.4784858],[100.3332567,2.4784074],[100.3332667,2.4783235],[100.3332669,2.4778413]]}},{"type":"Feature","properties":{"scope":"Pasir Limau Kapas","osmId":682720924,"highway":"living_street","name":null},"geometry":{"type":"LineString","coordinates":[[100.3336132,2.4702342],[100.3334058,2.4695607],[100.3333439,2.4693596]]}},{"type":"Feature","properties":{"scope":"Pasir Limau Kapas","osmId":682720927,"highway":"living_street","name":null},"geometry":{"type":"LineString","coordinates":[[100.3421491,2.4677542],[100.342002,2.4677631],[100.3416466,2.4678417],[100.3415984,2.4678512],[100.3410901,2.4679463],[100.340832,2.4680104]]}},{"type":"Feature","properties":{"scope":"Pasir Limau Kapas","osmId":682752426,"highway":"residential","name":null},"geometry":{"type":"LineString","coordinates":[[100.3354632,2.4314957],[100.3354974,2.4315051]]}},{"type":"Feature","properties":{"scope":"Pasir Limau Kapas","osmId":682752428,"highway":"residential","name":null},"geometry":{"type":"LineString","coordinates":[[100.3354014,2.4314809],[100.3354632,2.4314957]]}},{"type":"Feature","properties":{"scope":"Pasir Limau Kapas","osmId":682752429,"highway":"unclassified","name":null},"geometry":{"type":"LineString","coordinates":[[100.3459158,2.4282286],[100.3458911,2.4283533]]}},{"type":"Feature","properties":{"scope":"Pasir Limau Kapas","osmId":682752430,"highway":"unclassified","name":null},"geometry":{"type":"LineString","coordinates":[[100.346687,2.425647],[100.3463994,2.4267344],[100.346384,2.4267806],[100.3463652,2.4268202],[100.3461912,2.4271875],[100.3461704,2.4272436],[100.3461552,2.4272923],[100.3459286,2.4281813],[100.3459158,2.4282286]]}},{"type":"Feature","properties":{"scope":"Pasir Limau Kapas","osmId":682752431,"highway":"unclassified","name":null},"geometry":{"type":"LineString","coordinates":[[100.3467272,2.425509],[100.346687,2.425647]]}},{"type":"Feature","properties":{"scope":"Pasir Limau Kapas","osmId":682752432,"highway":"unclassified","name":null},"geometry":{"type":"LineString","coordinates":[[100.3458911,2.4283533],[100.3456363,2.4292396],[100.3453369,2.4303854],[100.3453154,2.4304513],[100.345154,2.4309337],[100.3449788,2.4314162],[100.3449558,2.4314765],[100.3449282,2.4315322],[100.3448866,2.431598],[100.3444774,2.4321689],[100.3439974,2.432904],[100.3435248,2.4337433],[100.3430942,2.4345771],[100.3428782,2.4350184],[100.3428605,2.435066],[100.3428451,2.4351227],[100.342707,2.4357056],[100.3424949,2.4364482],[100.3423218,2.4371107],[100.3423082,2.4371708],[100.3422994,2.4372371],[100.3421682,2.4384572],[100.3420551,2.4394413]]}},{"type":"Feature","properties":{"scope":"Pasir Limau Kapas","osmId":682752433,"highway":"unclassified","name":null},"geometry":{"type":"LineString","coordinates":[[100.3451625,2.4149104],[100.3451443,2.4149634]]}},{"type":"Feature","properties":{"scope":"Pasir Limau Kapas","osmId":682752434,"highway":"unclassified","name":null},"geometry":{"type":"LineString","coordinates":[[100.3452179,2.4147457],[100.3451625,2.4149104]]}},{"type":"Feature","properties":{"scope":"Pasir Limau Kapas","osmId":682752435,"highway":"unclassified","name":null},"geometry":{"type":"LineString","coordinates":[[100.3458799,2.4071111],[100.3458381,2.4081826],[100.345812,2.4092505],[100.3457318,2.4115798],[100.3457337,2.4116222],[100.3457414,2.4116674],[100.3457551,2.4117055],[100.3459207,2.4121464],[100.3459343,2.4121891],[100.3459417,2.4122474],[100.3459381,2.4122936],[100.3457372,2.4130563],[100.3455367,2.4137499],[100.3452179,2.4147457]]}},{"type":"Feature","properties":{"scope":"Pasir Limau Kapas","osmId":682752436,"highway":"unclassified","name":null},"geometry":{"type":"LineString","coordinates":[[100.3458837,2.407061],[100.3458799,2.4071111]]}},{"type":"Feature","properties":{"scope":"Pasir Limau Kapas","osmId":682752437,"highway":"unclassified","name":null},"geometry":{"type":"LineString","coordinates":[[100.3414955,2.3963464],[100.3416568,2.3963668],[100.3417134,2.3963798],[100.3417745,2.3964014],[100.3418113,2.396418],[100.3418781,2.3964576],[100.3422917,2.3967537],[100.3426921,2.3970034],[100.3433714,2.3974474],[100.3434232,2.3974811],[100.3434731,2.3975074],[100.3441216,2.3977886],[100.3443011,2.3978574],[100.3444806,2.3979187],[100.3446691,2.3979697],[100.3448636,2.3980116],[100.3450299,2.3980375],[100.3451816,2.3980555],[100.3458286,2.3981273],[100.3464419,2.3982405],[100.3464851,2.3982579],[100.3465113,2.398274],[100.3465353,2.3982957],[100.346547,2.3983171],[100.3465565,2.3983463],[100.3465594,2.3983869],[100.3464165,2.3997156],[100.3463995,2.3998453],[100.3461531,2.4014005],[100.3461339,2.4015214],[100.34611,2.4018442],[100.3460832,2.4027783],[100.3460242,2.4045269],[100.3459564,2.405921],[100.3458837,2.407061]]}},{"type":"Feature","properties":{"scope":"Pasir Limau Kapas","osmId":682752438,"highway":"unclassified","name":null},"geometry":{"type":"LineString","coordinates":[[100.3431485,2.3910539],[100.3431493,2.3911372],[100.3431431,2.3912413],[100.3431187,2.3914253],[100.3430804,2.3916087],[100.3428993,2.3924084],[100.3428767,2.3925076],[100.3425957,2.3933994],[100.3421155,2.3947906],[100.3418036,2.3956062],[100.341775,2.3956739],[100.3417289,2.395792],[100.3414955,2.3963464]]}},{"type":"Feature","properties":{"scope":"Pasir Limau Kapas","osmId":682752439,"highway":"unclassified","name":null},"geometry":{"type":"LineString","coordinates":[[100.3431486,2.3908837],[100.3431416,2.3909712],[100.3431485,2.3910539]]}},{"type":"Feature","properties":{"scope":"Pasir Limau Kapas","osmId":682752440,"highway":"unclassified","name":null},"geometry":{"type":"LineString","coordinates":[[100.3492027,2.3812499],[100.3443649,2.3812264],[100.3437683,2.3812713],[100.3436702,2.3812857],[100.3436185,2.3813011],[100.3435692,2.3813238],[100.3435075,2.3813702],[100.3434742,2.3814065],[100.3434281,2.381506],[100.343278,2.3819011],[100.3432423,2.382021],[100.3432161,2.3821287],[100.3432021,2.3822303],[100.3431925,2.3823787],[100.3431942,2.3836532],[100.3432359,2.3856294],[100.3432403,2.385708],[100.3433604,2.3873581],[100.3434035,2.3879107],[100.3434008,2.3879934],[100.3433889,2.3880792],[100.3431957,2.3893687],[100.3431927,2.3894246],[100.3431612,2.3907381],[100.3431486,2.3908837]]}},{"type":"Feature","properties":{"scope":"Pasir Limau Kapas","osmId":682752441,"highway":"unclassified","name":null},"geometry":{"type":"LineString","coordinates":[[100.3492999,2.3812519],[100.3492027,2.3812499]]}},{"type":"Feature","properties":{"scope":"Pasir Limau Kapas","osmId":682752442,"highway":"unclassified","name":null},"geometry":{"type":"LineString","coordinates":[[100.3493478,2.381251],[100.3492999,2.3812519]]}},{"type":"Feature","properties":{"scope":"Pasir Limau Kapas","osmId":682752443,"highway":"unclassified","name":null},"geometry":{"type":"LineString","coordinates":[[100.3495642,2.3768021],[100.349492,2.3773352],[100.349435,2.3778644],[100.3494266,2.3780786],[100.3493478,2.381251]]}},{"type":"Feature","properties":{"scope":"Pasir Limau Kapas","osmId":682752444,"highway":"unclassified","name":null},"geometry":{"type":"LineString","coordinates":[[100.3495713,2.3767086],[100.3495642,2.3768021]]}},{"type":"Feature","properties":{"scope":"Pasir Limau Kapas","osmId":682752445,"highway":"unclassified","name":null},"geometry":{"type":"LineString","coordinates":[[100.363414,2.3508506],[100.3634155,2.3508787],[100.3634512,2.3514806],[100.3634773,2.3518492],[100.363473,2.3519132],[100.3634618,2.3519704],[100.3634462,2.3520264],[100.3634236,2.3520789],[100.3631268,2.3528174],[100.3628285,2.3535335],[100.3625565,2.3542632],[100.3622456,2.3549787],[100.3620381,2.3556153],[100.3617704,2.3565573],[100.3614672,2.357438],[100.3610179,2.3586887],[100.3607947,2.3591826],[100.3607013,2.3594437],[100.3602331,2.3604673],[100.3601733,2.3605795],[100.3601253,2.3606612],[100.3601074,2.3606917],[100.3597966,2.3611601],[100.359198,2.3620577],[100.3579173,2.3638961],[100.3565999,2.3656826],[100.3565457,2.3657357],[100.3564869,2.3657754],[100.3564164,2.3658057],[100.3563134,2.3658403],[100.354486,2.3663765],[100.3543674,2.3663986],[100.3542577,2.3664098],[100.354179,2.366412],[100.3541003,2.3664079],[100.3540318,2.3663998],[100.3534855,2.366259],[100.3533511,2.3662286],[100.3532007,2.3662187],[100.3530514,2.3662186],[100.3528977,2.3662242],[100.3522496,2.3662768],[100.3517356,2.3662936],[100.3509811,2.3662826],[100.3509487,2.3662867],[100.350923,2.3662951],[100.3508914,2.3663151],[100.3508586,2.3663544],[100.3508443,2.3663872],[100.3508343,2.3664231],[100.3506924,2.3675291],[100.3505659,2.3687617],[100.3504362,2.3699068],[100.3503328,2.3710529],[100.3502291,2.3720012],[100.3502248,2.3720405],[100.3500916,2.3730316],[100.3500786,2.3730916],[100.3496776,2.3758742],[100.3495713,2.3767086]]}},{"type":"Feature","properties":{"scope":"Pasir Limau Kapas","osmId":682752447,"highway":"unclassified","name":null},"geometry":{"type":"LineString","coordinates":[[100.3634142,2.3507869],[100.363414,2.3508506]]}},{"type":"Feature","properties":{"scope":"Pasir Limau Kapas","osmId":682752448,"highway":"unclassified","name":null},"geometry":{"type":"LineString","coordinates":[[100.3773353,2.3095151],[100.376376,2.3106205],[100.3760573,2.3109616],[100.3753258,2.3115629],[100.3751059,2.3117469],[100.3745225,2.3122945],[100.3741635,2.3126266],[100.3734546,2.3134603],[100.3731674,2.3136941],[100.3730592,2.3137759],[100.3729685,2.3138519],[100.37269,2.3141578],[100.3718166,2.3150367],[100.3714273,2.3154353],[100.3713279,2.3155371],[100.3709517,2.3157793],[100.3705996,2.3160534],[100.3693256,2.3173264],[100.3680032,2.3185582],[100.3672587,2.3194512],[100.3672414,2.3195033],[100.3672362,2.3195648],[100.3674344,2.3218313],[100.367776,2.3246753],[100.3678109,2.3248795],[100.3683068,2.3274789],[100.368412,2.328173],[100.3684519,2.3282957],[100.3687247,2.3288312],[100.3688408,2.329115],[100.36898,2.329492],[100.3690568,2.3297418],[100.3691415,2.3300709],[100.3693569,2.3310314],[100.3693888,2.331247],[100.3693973,2.3314622],[100.3694108,2.3321758],[100.369348,2.3336074],[100.36933,2.3343344],[100.3693182,2.3345929],[100.3693038,2.3348849],[100.3693031,2.3350615],[100.3693073,2.3351359],[100.3694374,2.3361933],[100.3694436,2.3363524],[100.3694415,2.3365146],[100.3694188,2.3366813],[100.3693865,2.3368522],[100.3692878,2.3372248],[100.3691756,2.3379105],[100.3691593,2.3379635],[100.3691271,2.3380253],[100.368349,2.3395996],[100.3683297,2.3396387],[100.368286,2.3397901],[100.3682745,2.3398888],[100.3682654,2.3400104],[100.3682677,2.3400975],[100.3683526,2.340717],[100.3683733,2.3408752],[100.3683503,2.3409785],[100.3683205,2.3410611],[100.3682745,2.3411551],[100.36784,2.3418112],[100.3676156,2.3421613],[100.3673912,2.3426146],[100.3672592,2.3428618],[100.367095,2.3431262],[100.3668033,2.3436872],[100.3663994,2.3443873],[100.3660269,2.3450784],[100.3656769,2.3456663],[100.3651715,2.3467205],[100.365093,2.3468892],[100.3650172,2.3470486],[100.3649184,2.3472281],[100.3648646,2.3473538],[100.3646402,2.3477981],[100.3645696,2.3479323],[100.3644921,2.3480898],[100.3644085,2.3482616],[100.3642506,2.34856],[100.3641824,2.3486974],[100.3640119,2.3490592],[100.3638701,2.3493647],[100.3635003,2.3501407],[100.36344,2.3503277],[100.3634123,2.3505381],[100.3634142,2.3507869]]}},{"type":"Feature","properties":{"scope":"Pasir Limau Kapas","osmId":682752455,"highway":"residential","name":null},"geometry":{"type":"LineString","coordinates":[[100.306334,2.4184949],[100.3089836,2.4189785],[100.3110235,2.4194288],[100.3128679,2.419852],[100.3135983,2.4199531],[100.3140863,2.4200635],[100.3148351,2.420315],[100.315676,2.4205511],[100.317168,2.4209766],[100.3172351,2.4209957],[100.3189629,2.4215016],[100.3204544,2.4218971],[100.3222712,2.4223847],[100.3271141,2.4236206],[100.327186,2.4236298],[100.3316806,2.42474],[100.3338561,2.4252774],[100.3376019,2.426142],[100.3459286,2.4281813]]}},{"type":"Feature","properties":{"scope":"Pasir Limau Kapas","osmId":682752459,"highway":"residential","name":null},"geometry":{"type":"LineString","coordinates":[[100.3350485,2.453399],[100.3351083,2.4532963],[100.3351891,2.4531578]]}},{"type":"Feature","properties":{"scope":"Pasir Limau Kapas","osmId":682752460,"highway":"residential","name":null},"geometry":{"type":"LineString","coordinates":[[100.3351891,2.4531578],[100.3352109,2.453124],[100.3352132,2.4531159],[100.3352128,2.4531072]]}},{"type":"Feature","properties":{"scope":"Pasir Limau Kapas","osmId":682752461,"highway":"residential","name":null},"geometry":{"type":"LineString","coordinates":[[100.3382027,2.458885],[100.3378887,2.4586844],[100.3376894,2.458556],[100.3367648,2.4578364],[100.3366041,2.4577003],[100.3365817,2.4576659],[100.3365729,2.4576273],[100.3365742,2.4575775],[100.3366197,2.4563681],[100.3366703,2.4552535],[100.3366726,2.4551102],[100.3366655,2.4550785],[100.3366452,2.4550491],[100.3365246,2.4548967],[100.3363358,2.4546232],[100.3361843,2.4544177],[100.3361554,2.4543797],[100.3361225,2.4543475],[100.3357132,2.4540255],[100.3353381,2.4537115],[100.3352485,2.4536406],[100.3351669,2.4535678],[100.3350546,2.4534457],[100.3350463,2.4534232],[100.3350485,2.453399]]}},{"type":"Feature","properties":{"scope":"Pasir Limau Kapas","osmId":682775734,"highway":"residential","name":null},"geometry":{"type":"LineString","coordinates":[[100.3416947,2.3957795],[100.3416431,2.3957601]]}},{"type":"Feature","properties":{"scope":"Pasir Limau Kapas","osmId":682775735,"highway":"residential","name":null},"geometry":{"type":"LineString","coordinates":[[100.3417289,2.395792],[100.3416947,2.3957795]]}},{"type":"Feature","properties":{"scope":"Pasir Limau Kapas","osmId":682775736,"highway":"residential","name":null},"geometry":{"type":"LineString","coordinates":[[100.3353178,2.3942671],[100.3353237,2.3943222]]}},{"type":"Feature","properties":{"scope":"Pasir Limau Kapas","osmId":682775737,"highway":"residential","name":null},"geometry":{"type":"LineString","coordinates":[[100.3352308,2.3921003],[100.3352721,2.394154],[100.3352788,2.3941866],[100.3353094,2.3942387],[100.3353178,2.3942671]]}},{"type":"Feature","properties":{"scope":"Pasir Limau Kapas","osmId":682775738,"highway":"residential","name":null},"geometry":{"type":"LineString","coordinates":[[100.3433284,2.387368],[100.3433604,2.3873581]]}},{"type":"Feature","properties":{"scope":"Pasir Limau Kapas","osmId":682775739,"highway":"residential","name":null},"geometry":{"type":"LineString","coordinates":[[100.343277,2.3873843],[100.3433284,2.387368]]}},{"type":"Feature","properties":{"scope":"Pasir Limau Kapas","osmId":682924221,"highway":"service","name":null},"geometry":{"type":"LineString","coordinates":[[100.3444854,2.3343964],[100.3445867,2.3344162]]}},{"type":"Feature","properties":{"scope":"Pasir Limau Kapas","osmId":682924224,"highway":"service","name":null},"geometry":{"type":"LineString","coordinates":[[100.3444083,2.3343587],[100.3444854,2.3343964]]}},{"type":"Feature","properties":{"scope":"Pasir Limau Kapas","osmId":682924226,"highway":"residential","name":null},"geometry":{"type":"LineString","coordinates":[[100.3421367,2.360898],[100.342036,2.3608963]]}},{"type":"Feature","properties":{"scope":"Pasir Limau Kapas","osmId":682924230,"highway":"primary","name":"Jalan Teluk Piyai (Kubu) - Panipahan - Batas Sumatera Utara"},"geometry":{"type":"LineString","coordinates":[[100.3418459,2.3609055],[100.3405945,2.3581411],[100.3397952,2.3565418],[100.3383634,2.3540573],[100.3365165,2.3502136],[100.3364965,2.350152],[100.3364869,2.3500904],[100.3364898,2.3500238],[100.3365031,2.3499623],[100.3369833,2.3491365],[100.3378358,2.3473158],[100.3383515,2.3463148],[100.3387991,2.3455678],[100.3395358,2.3441438],[100.3403168,2.3427622],[100.3410271,2.3413372],[100.3417687,2.3399394],[100.3433046,2.3371362],[100.3439866,2.3357802],[100.3445867,2.3344162],[100.3448302,2.3338339]]}},{"type":"Feature","properties":{"scope":"Pasir Limau Kapas","osmId":682940467,"highway":"service","name":null},"geometry":{"type":"LineString","coordinates":[[100.3150973,2.2873433],[100.3154996,2.2873326],[100.3161058,2.2873125],[100.3166127,2.287291],[100.3171693,2.2872843],[100.3176392,2.2872824]]}},{"type":"Feature","properties":{"scope":"Pasir Limau Kapas","osmId":682940468,"highway":"service","name":null},"geometry":{"type":"LineString","coordinates":[[100.3151149,2.2781362],[100.3150996,2.2790733],[100.3151164,2.2848897],[100.3151214,2.2854994],[100.3151187,2.2862941],[100.315112,2.287078],[100.3150973,2.2873433]]}},{"type":"Feature","properties":{"scope":"Pasir Limau Kapas","osmId":682941206,"highway":"residential","name":null},"geometry":{"type":"LineString","coordinates":[[100.3751663,2.2888478],[100.3763715,2.287752]]}},{"type":"Feature","properties":{"scope":"Pasir Limau Kapas","osmId":682960661,"highway":"service","name":null},"geometry":{"type":"LineString","coordinates":[[100.3010266,2.2106673],[100.3290343,2.2106683],[100.3305548,2.2106751],[100.331856,2.2107094],[100.3345584,2.2106985],[100.3388187,2.2106885],[100.3398406,2.2106751],[100.3407955,2.2106376],[100.3419355,2.210643],[100.3431773,2.2106537],[100.3477237,2.2106189],[100.3500518,2.210576],[100.3511918,2.2105733],[100.3521391,2.2105875],[100.3554457,2.2105867],[100.3565508,2.2105679],[100.3574467,2.210584],[100.3624003,2.2105629],[100.3633743,2.2105652],[100.3640737,2.2105591]]}},{"type":"Feature","properties":{"scope":"Pasir Limau Kapas","osmId":682960662,"highway":"service","name":null},"geometry":{"type":"LineString","coordinates":[[100.3347141,2.2197667],[100.3347134,2.2197182]]}},{"type":"Feature","properties":{"scope":"Pasir Limau Kapas","osmId":682960663,"highway":"service","name":null},"geometry":{"type":"LineString","coordinates":[[100.3347151,2.2198174],[100.3347141,2.2197667]]}},{"type":"Feature","properties":{"scope":"Pasir Limau Kapas","osmId":682960664,"highway":"service","name":null},"geometry":{"type":"LineString","coordinates":[[100.334749,2.2291651],[100.3347391,2.2257444],[100.3347437,2.2232945],[100.3347151,2.2198174]]}},{"type":"Feature","properties":{"scope":"Pasir Limau Kapas","osmId":682973032,"highway":"residential","name":null},"geometry":{"type":"LineString","coordinates":[[100.3383676,2.4589813],[100.3382027,2.458885]]}},{"type":"Feature","properties":{"scope":"Pasir Limau Kapas","osmId":682973033,"highway":"residential","name":null},"geometry":{"type":"LineString","coordinates":[[100.3397444,2.4597677],[100.3388802,2.4592825],[100.3383676,2.4589813]]}},{"type":"Feature","properties":{"scope":"Pasir Limau Kapas","osmId":683133539,"highway":"residential","name":null},"geometry":{"type":"LineString","coordinates":[[100.342036,2.3608963],[100.3418459,2.3609055]]}},{"type":"Feature","properties":{"scope":"Pasir Limau Kapas","osmId":1122513043,"highway":"residential","name":"Jalan Bakti"},"geometry":{"type":"LineString","coordinates":[[100.3242208,2.4734743],[100.3258699,2.4730442],[100.3272449,2.4726478],[100.3276267,2.4725377],[100.327768,2.4724932],[100.3278525,2.4724838],[100.3279705,2.4724856],[100.3280767,2.4724749],[100.3284171,2.4724405],[100.3287249,2.47238],[100.3290126,2.4723234],[100.3295043,2.4722287],[100.3299283,2.472098],[100.3301358,2.4720034],[100.3306049,2.4717826],[100.3326448,2.4707326],[100.3328128,2.4706461],[100.3336132,2.4702342],[100.3343174,2.4698717],[100.3350076,2.4695653],[100.3355128,2.4694391],[100.336212,2.4693174],[100.336799,2.4692433],[100.3377096,2.4691822],[100.3380047,2.4691751],[100.3387723,2.4691565],[100.3388283,2.4691551],[100.3392467,2.4691576],[100.3396087,2.4691596],[100.3399012,2.4691721],[100.3408561,2.4692365],[100.3411741,2.4692711],[100.3421502,2.4692947],[100.3425542,2.4693203],[100.3429902,2.4693479],[100.3440305,2.4693964],[100.34516,2.4694074],[100.3459406,2.46937],[100.3468172,2.4692666]]}},{"type":"Feature","properties":{"scope":"Pasir Limau Kapas","osmId":1330346752,"highway":"primary","name":"Jalan Teluk Piyai (Kubu) - Panipahan - Batas Sumatera Utara"},"geometry":{"type":"LineString","coordinates":[[100.4084199,2.2398687],[100.4083825,2.2399491],[100.4072621,2.2418858],[100.4061685,2.243868],[100.4054111,2.2452083],[100.4042104,2.2472909],[100.4037291,2.2480937],[100.4033928,2.2485428],[100.4030991,2.248999],[100.4023948,2.2503358],[100.4017294,2.2516231],[100.4007314,2.2536813],[100.3997793,2.255393],[100.3990113,2.2569631],[100.3987105,2.2575325],[100.3984238,2.257964],[100.3982645,2.2582115],[100.3980097,2.2586995],[100.3977549,2.2591734],[100.3974399,2.2596225],[100.3969196,2.260344],[100.3966684,2.2608179],[100.3962012,2.2617621],[100.3955606,2.2630034],[100.3953157,2.2634303],[100.3952573,2.2635321],[100.3951031,2.2637291],[100.39469,2.2643522],[100.3941171,2.2653181],[100.3933691,2.2667643],[100.3929504,2.2678611],[100.392308,2.2692544],[100.3916901,2.2704528],[100.3912469,2.2711475],[100.3908078,2.2717812],[100.3904948,2.2724108],[100.3900679,2.2732517],[100.389076,2.2749538],[100.3881002,2.276599],[100.3877913,2.277119],[100.3875595,2.2773993],[100.3873685,2.2777405],[100.3871332,2.2781904],[100.386939,2.2785032],[100.3866707,2.2789775],[100.3863072,2.2796583],[100.3860299,2.2802309],[100.3857865,2.2807204],[100.3855893,2.2809852],[100.3853459,2.2812068],[100.3846896,2.2816286],[100.3842151,2.2819118],[100.3837437,2.2821551],[100.3823788,2.2828262],[100.3810848,2.2834819],[100.3782071,2.2848796],[100.3775959,2.2851826]]}},{"type":"Feature","properties":{"scope":"Pasir Limau Kapas","osmId":1330346753,"highway":"primary","name":null},"geometry":{"type":"LineString","coordinates":[[100.3644303,2.2952307],[100.3639388,2.2961016],[100.363638,2.2966339],[100.363238,2.2973783]]}},{"type":"Feature","properties":{"scope":"Pasir Limau Kapas","osmId":1330346754,"highway":"primary","name":"Jalan Teluk Piyai (Kubu) - Panipahan - Batas Sumatera Utara"},"geometry":{"type":"LineString","coordinates":[[100.363238,2.2973783],[100.3626474,2.2984095],[100.3620117,2.2997656],[100.3613729,2.3010296],[100.3598581,2.3036465],[100.3593343,2.3045306],[100.3583009,2.3062917],[100.3573099,2.3077911],[100.3563118,2.3094815],[100.355788,2.310507],[100.3553279,2.3116174],[100.3548749,2.3127066],[100.3542071,2.3141151],[100.353091,2.3165462],[100.3523578,2.3181747],[100.35084,2.3213291],[100.3501013,2.3230113],[100.3499995,2.3231468],[100.3498449,2.3234426],[100.3491176,2.3251078],[100.3483097,2.3267083],[100.3474037,2.3286914],[100.3466752,2.3301939],[100.3461849,2.3312531],[100.3456618,2.3322143],[100.3449636,2.3335781]]}},{"type":"Feature","properties":{"scope":"Pasir Limau Kapas","osmId":1330346755,"highway":"tertiary","name":null},"geometry":{"type":"LineString","coordinates":[[100.3136199,2.4727809],[100.314779,2.4728061]]}},{"type":"Feature","properties":{"scope":"Pasir Limau Kapas","osmId":1330346756,"highway":"track","name":null},"geometry":{"type":"LineString","coordinates":[[100.3243762,2.4684334],[100.3237473,2.4683456],[100.3235595,2.4683456],[100.3226583,2.4685278],[100.3218698,2.4686243],[100.3210995,2.4687319],[100.3150819,2.4690744],[100.3140625,2.4691195],[100.3133582,2.4690607]]}},{"type":"Feature","properties":{"scope":"Pasir Limau Kapas","osmId":1330346757,"highway":"primary","name":"Jalan Teluk Piyai (Kubu) - Panipahan - Batas Sumatera Utara"},"geometry":{"type":"LineString","coordinates":[[100.3043819,2.4715514],[100.3052827,2.4714928],[100.3061849,2.4715289],[100.3070871,2.4717362],[100.3079532,2.4719435],[100.3114745,2.4725384],[100.3134362,2.4727646],[100.3136199,2.4727809]]}},{"type":"Feature","properties":{"scope":"Pasir Limau Kapas","osmId":1330346758,"highway":"construction","name":"Jalan Teluk Piyai (Kubu) - Panipahan - Batas Sumatera Utara"},"geometry":{"type":"LineString","coordinates":[[100.3049273,2.4181416],[100.3046914,2.4175767],[100.304281,2.4163949],[100.3039806,2.4156874],[100.3039162,2.4154436],[100.303876,2.4150443],[100.3038679,2.4143636],[100.3037928,2.4133051],[100.3037741,2.4122331],[100.3037741,2.4118848],[100.3038223,2.4114533],[100.3038733,2.4110674],[100.3039377,2.4107351],[100.3040959,2.4102983],[100.3041952,2.4100518],[100.3044285,2.4096042],[100.304922,2.4088163],[100.3054692,2.4080231],[100.306121,2.4070905],[100.3070544,2.4057345],[100.3076203,2.4048609],[100.3081675,2.4040275],[100.3085108,2.4035478],[100.3087549,2.4032235],[100.3090205,2.4028564],[100.3093691,2.4025535],[100.3101631,2.4019774],[100.3110026,2.4013289],[100.3118851,2.4006937],[100.3128667,2.3999514],[100.3138726,2.3992091],[100.3143795,2.3988741],[100.3151332,2.3983033],[100.3158038,2.3977995],[100.3160908,2.3975931],[100.3164234,2.3974109],[100.3173675,2.3971697],[100.3187059,2.3968481],[100.320613,2.3963443],[100.322233,2.3959557],[100.3225656,2.3958405],[100.3228741,2.3956636],[100.3232683,2.3953635],[100.3240945,2.3946158],[100.3256582,2.3932866],[100.3260981,2.3928364],[100.3262724,2.3925201],[100.3264763,2.3920137],[100.3265514,2.3917483],[100.3266399,2.3914241],[100.3269081,2.3906067],[100.3272246,2.3895026],[100.3274928,2.3887844],[100.3277691,2.388034],[100.3279837,2.3872649],[100.3281795,2.3867129],[100.3283163,2.3863404],[100.3286059,2.3857722],[100.328783,2.3852791],[100.3289117,2.3849495],[100.3289359,2.3847324],[100.3290485,2.3839579],[100.3292014,2.3831432],[100.3294294,2.3820901],[100.329585,2.3811521],[100.3297539,2.3803052],[100.3299551,2.3791877],[100.3301992,2.3779041],[100.3302689,2.3774646],[100.330403,2.3770492],[100.3306659,2.3764757],[100.3311058,2.375594],[100.3315108,2.3748409],[100.3318648,2.3742808],[100.3323208,2.3736859],[100.3327795,2.3730106],[100.3332408,2.3725094],[100.3334178,2.3723325],[100.3337719,2.372153],[100.3341876,2.3720431],[100.335341,2.3717912],[100.3371568,2.3714616],[100.3379347,2.3713812],[100.3401958,2.371341],[100.3414886,2.3713302],[100.3422155,2.3713517],[100.342599,2.3713115],[100.3428538,2.371148],[100.3430255,2.3709041],[100.3434171,2.3700975],[100.3435566,2.3697062],[100.3436183,2.3688701],[100.3436317,2.3678088],[100.3436397,2.36697],[100.3435834,2.3661312],[100.3434573,2.3652978],[100.3433983,2.3649762],[100.3430711,2.3641507],[100.3425883,2.3629903],[100.3422182,2.3620711],[100.3420411,2.3615003],[100.3418459,2.3609055]]}},{"type":"Feature","properties":{"scope":"Pasir Limau Kapas","osmId":1330346759,"highway":"primary_link","name":null},"geometry":{"type":"LineString","coordinates":[[100.3135155,2.4726503],[100.3135066,2.4726809],[100.3134926,2.4727136],[100.3134362,2.4727646]]}},{"type":"Feature","properties":{"scope":"Pasir Limau Kapas","osmId":1330346760,"highway":"primary_link","name":null},"geometry":{"type":"LineString","coordinates":[[100.3135155,2.4726503],[100.3135288,2.4726774],[100.3135638,2.4726996],[100.3135883,2.4727311],[100.3136199,2.4727809]]}},{"type":"Feature","properties":{"scope":"Pasir Limau Kapas","osmId":1330346763,"highway":"primary","name":"Jalan Teluk Piyai (Kubu) - Panipahan - Batas Sumatera Utara"},"geometry":{"type":"LineString","coordinates":[[100.3449636,2.3335781],[100.3448302,2.3338339]]}},{"type":"Feature","properties":{"scope":"Pasir Limau Kapas","osmId":1330346767,"highway":"tertiary","name":null},"geometry":{"type":"LineString","coordinates":[[100.3207545,2.4725012],[100.3209293,2.4725012],[100.3210432,2.4725459],[100.3210919,2.4726007],[100.3211956,2.4727429],[100.3212871,2.4728586],[100.3213481,2.4730089],[100.3214841,2.4735365],[100.3215349,2.4737643]]}},{"type":"Feature","properties":{"scope":"Pasir Limau Kapas","osmId":1330346768,"highway":"path","name":null},"geometry":{"type":"LineString","coordinates":[[100.3174881,2.473189],[100.316909,2.473398]]}},{"type":"Feature","properties":{"scope":"Pasir Limau Kapas","osmId":1330346769,"highway":"path","name":null},"geometry":{"type":"LineString","coordinates":[[100.3165327,2.4728187],[100.3166708,2.4732907]]}},{"type":"Feature","properties":{"scope":"Pasir Limau Kapas","osmId":1330346770,"highway":"path","name":null},"geometry":{"type":"LineString","coordinates":[[100.3169119,2.4740388],[100.3168109,2.4736522]]}},{"type":"Feature","properties":{"scope":"Pasir Limau Kapas","osmId":1330346771,"highway":"unclassified","name":null},"geometry":{"type":"LineString","coordinates":[[100.3133611,2.474497],[100.312347,2.4744803],[100.3120808,2.4744661],[100.3117982,2.4744418],[100.3114689,2.474393],[100.3107757,2.4742793],[100.3098671,2.4741371],[100.3092309,2.4740031],[100.3088772,2.4739117],[100.3081352,2.4737249],[100.3075051,2.4735807],[100.3073038,2.473538]]}},{"type":"Feature","properties":{"scope":"Pasir Limau Kapas","osmId":1330346772,"highway":"residential","name":null},"geometry":{"type":"LineString","coordinates":[[100.3440305,2.4693964],[100.3440315,2.4693864],[100.3440945,2.4685499]]}},{"type":"Feature","properties":{"scope":"Pasir Limau Kapas","osmId":1330346773,"highway":"service","name":null},"geometry":{"type":"LineString","coordinates":[[100.346773,2.4684658],[100.3469323,2.4684836],[100.3470712,2.4684916],[100.3473269,2.4684774],[100.3473845,2.4684677],[100.3476534,2.4685632]]}},{"type":"Feature","properties":{"scope":"Pasir Limau Kapas","osmId":1330346774,"highway":"service","name":null},"geometry":{"type":"LineString","coordinates":[[100.3473845,2.4684677],[100.3474499,2.4684456],[100.3475066,2.4684111],[100.3475313,2.4683802],[100.3475579,2.4683077],[100.3476012,2.4682043],[100.3476561,2.4681247],[100.3476711,2.4679718]]}},{"type":"Feature","properties":{"scope":"Pasir Limau Kapas","osmId":1330346775,"highway":"living_street","name":"Jalan Tenaga"},"geometry":{"type":"LineString","coordinates":[[100.3420874,2.4665232],[100.3420087,2.4657763]]}},{"type":"Feature","properties":{"scope":"Pasir Limau Kapas","osmId":1330346776,"highway":"living_street","name":"Jalan Tenaga"},"geometry":{"type":"LineString","coordinates":[[100.3420874,2.4665232],[100.3420969,2.4665635],[100.3421391,2.4668473],[100.3421714,2.4672835],[100.3421648,2.4674082],[100.3421623,2.4674423],[100.3421491,2.4677542]]}},{"type":"Feature","properties":{"scope":"Pasir Limau Kapas","osmId":1330346777,"highway":"living_street","name":"Jalan Tenaga"},"geometry":{"type":"LineString","coordinates":[[100.3421491,2.4677542],[100.3421569,2.4686706],[100.3421502,2.4692947]]}},{"type":"Feature","properties":{"scope":"Pasir Limau Kapas","osmId":1330346778,"highway":"living_street","name":"Jalan Gereja"},"geometry":{"type":"LineString","coordinates":[[100.3426135,2.4686734],[100.3425763,2.4689795],[100.3425542,2.4693203]]}},{"type":"Feature","properties":{"scope":"Pasir Limau Kapas","osmId":1330346779,"highway":"residential","name":"Jalan Senangin"},"geometry":{"type":"LineString","coordinates":[[100.3462881,2.4677122],[100.3447664,2.4675874]]}},{"type":"Feature","properties":{"scope":"Pasir Limau Kapas","osmId":1330346780,"highway":"residential","name":null},"geometry":{"type":"LineString","coordinates":[[100.3447485,2.4684032],[100.3447469,2.468393],[100.3447664,2.4675874]]}},{"type":"Feature","properties":{"scope":"Pasir Limau Kapas","osmId":1330346781,"highway":"living_street","name":"Jalan Teri"},"geometry":{"type":"LineString","coordinates":[[100.3447929,2.4665309],[100.3447065,2.4665228],[100.3446368,2.4665148],[100.3445476,2.4665101],[100.3444853,2.4665074],[100.3444625,2.4665249],[100.3444383,2.4665449],[100.3440326,2.4665282],[100.3438013,2.4665161]]}},{"type":"Feature","properties":{"scope":"Pasir Limau Kapas","osmId":1330346782,"highway":"residential","name":null},"geometry":{"type":"LineString","coordinates":[[100.3447664,2.4675874],[100.3447666,2.4675724],[100.3447864,2.4668006]]}},{"type":"Feature","properties":{"scope":"Pasir Limau Kapas","osmId":1330346783,"highway":"residential","name":null},"geometry":{"type":"LineString","coordinates":[[100.3447864,2.4668006],[100.3447929,2.4665309],[100.3447976,2.4663332]]}},{"type":"Feature","properties":{"scope":"Pasir Limau Kapas","osmId":1330346784,"highway":"living_street","name":"Jembatan Methodist"},"geometry":{"type":"LineString","coordinates":[[100.3421502,2.4692947],[100.3421166,2.4697437],[100.3420898,2.4699723]]}},{"type":"Feature","properties":{"scope":"Pasir Limau Kapas","osmId":1330346785,"highway":"living_street","name":null},"geometry":{"type":"LineString","coordinates":[[100.3411438,2.4697822],[100.3411522,2.469602],[100.3411741,2.4692711]]}},{"type":"Feature","properties":{"scope":"Pasir Limau Kapas","osmId":1330346786,"highway":"living_street","name":"Jalan Berdikari"},"geometry":{"type":"LineString","coordinates":[[100.3411559,2.4670652],[100.341157,2.467],[100.3410057,2.4663992],[100.3407607,2.4655076],[100.3406864,2.4652347]]}},{"type":"Feature","properties":{"scope":"Pasir Limau Kapas","osmId":1330346787,"highway":"service","name":null},"geometry":{"type":"LineString","coordinates":[[100.3406166,2.4673731],[100.3402031,2.4674408]]}},{"type":"Feature","properties":{"scope":"Pasir Limau Kapas","osmId":1330346788,"highway":"residential","name":null},"geometry":{"type":"LineString","coordinates":[[100.3358729,2.4652004],[100.3363559,2.4642147],[100.3366415,2.4643344],[100.3367823,2.4644012],[100.3369033,2.4644458]]}},{"type":"Feature","properties":{"scope":"Pasir Limau Kapas","osmId":1330346789,"highway":"residential","name":null},"geometry":{"type":"LineString","coordinates":[[100.3368902,2.4644819],[100.3369033,2.4644458],[100.3373404,2.4631028]]}},{"type":"Feature","properties":{"scope":"Pasir Limau Kapas","osmId":1330346790,"highway":"unclassified","name":null},"geometry":{"type":"LineString","coordinates":[[100.3363559,2.4642147],[100.336627,2.4636319]]}},{"type":"Feature","properties":{"scope":"Pasir Limau Kapas","osmId":1330346791,"highway":"living_street","name":null},"geometry":{"type":"LineString","coordinates":[[100.3376768,2.4645487],[100.3376767,2.4648642],[100.3375756,2.4655317]]}},{"type":"Feature","properties":{"scope":"Pasir Limau Kapas","osmId":1330346792,"highway":"living_street","name":null},"geometry":{"type":"LineString","coordinates":[[100.3364708,2.4664449],[100.3365696,2.4663038],[100.336629,2.4661935],[100.3366885,2.4660663],[100.3367585,2.4659094],[100.3368464,2.4656369]]}},{"type":"Feature","properties":{"scope":"Pasir Limau Kapas","osmId":1330346793,"highway":"service","name":null},"geometry":{"type":"LineString","coordinates":[[100.3387304,2.4665176],[100.3385093,2.4665494]]}},{"type":"Feature","properties":{"scope":"Pasir Limau Kapas","osmId":1330346795,"highway":"living_street","name":null},"geometry":{"type":"LineString","coordinates":[[100.3368464,2.4656369],[100.3367021,2.4656292],[100.3365905,2.46561],[100.3364469,2.4655511],[100.3363228,2.4654851]]}},{"type":"Feature","properties":{"scope":"Pasir Limau Kapas","osmId":1330346796,"highway":"living_street","name":null},"geometry":{"type":"LineString","coordinates":[[100.3359874,2.4683978],[100.3363531,2.4683174],[100.3363625,2.468381],[100.3363849,2.4684539],[100.3364111,2.468523]]}},{"type":"Feature","properties":{"scope":"Pasir Limau Kapas","osmId":1330346797,"highway":"living_street","name":null},"geometry":{"type":"LineString","coordinates":[[100.3363531,2.4683174],[100.3363381,2.4680986],[100.3363269,2.4677771]]}},{"type":"Feature","properties":{"scope":"Pasir Limau Kapas","osmId":1330346798,"highway":"residential","name":"Jalan Damai"},"geometry":{"type":"LineString","coordinates":[[100.3392467,2.4691576],[100.3392473,2.468918],[100.3390943,2.4688041],[100.3390278,2.4687308],[100.3388386,2.4685154],[100.3384765,2.4681194],[100.338347,2.4679855]]}},{"type":"Feature","properties":{"scope":"Pasir Limau Kapas","osmId":1330346799,"highway":"residential","name":"Jalan Pelajar"},"geometry":{"type":"LineString","coordinates":[[100.3380047,2.4691751],[100.3383052,2.4680539],[100.338347,2.4679855]]}},{"type":"Feature","properties":{"scope":"Pasir Limau Kapas","osmId":1330346800,"highway":"living_street","name":null},"geometry":{"type":"LineString","coordinates":[[100.3387723,2.4691565],[100.3387786,2.4690333],[100.338804,2.4686508]]}},{"type":"Feature","properties":{"scope":"Pasir Limau Kapas","osmId":1330346801,"highway":"residential","name":"Jalan Damai"},"geometry":{"type":"LineString","coordinates":[[100.3288047,2.4640193],[100.3300104,2.4637479],[100.3303736,2.4636776],[100.3306058,2.4636153],[100.3313644,2.4634235],[100.3318235,2.463291],[100.3328307,2.4629681],[100.3333821,2.4628071],[100.3334443,2.4630258],[100.3335095,2.4632752],[100.3336207,2.4636525]]}},{"type":"Feature","properties":{"scope":"Pasir Limau Kapas","osmId":1330346802,"highway":"living_street","name":null},"geometry":{"type":"LineString","coordinates":[[100.3343154,2.4649628],[100.3342732,2.4650209],[100.3341475,2.4652297],[100.3339116,2.4655705],[100.3338423,2.4657012],[100.3338154,2.4657755],[100.3338321,2.4659471]]}},{"type":"Feature","properties":{"scope":"Pasir Limau Kapas","osmId":1330346803,"highway":"path","name":null},"geometry":{"type":"LineString","coordinates":[[100.3338321,2.4659471],[100.3338574,2.4662908]]}},{"type":"Feature","properties":{"scope":"Pasir Limau Kapas","osmId":1330346804,"highway":"living_street","name":null},"geometry":{"type":"LineString","coordinates":[[100.3347014,2.468167],[100.3348037,2.4686185],[100.3355424,2.4684297],[100.3354065,2.4678041],[100.3353499,2.4675496],[100.3353046,2.467346],[100.3348346,2.4674625],[100.3345972,2.4675223],[100.3345678,2.4675404],[100.3345588,2.4675539],[100.3345565,2.4675777],[100.3346745,2.4680578],[100.3347014,2.468167]]}},{"type":"Feature","properties":{"scope":"Pasir Limau Kapas","osmId":1330346805,"highway":"living_street","name":null},"geometry":{"type":"LineString","coordinates":[[100.3346745,2.4680578],[100.3350141,2.4679401],[100.3354065,2.4678041]]}},{"type":"Feature","properties":{"scope":"Pasir Limau Kapas","osmId":1330346806,"highway":"service","name":null},"geometry":{"type":"LineString","coordinates":[[100.3353499,2.4675496],[100.3350358,2.4676633]]}},{"type":"Feature","properties":{"scope":"Pasir Limau Kapas","osmId":1330346807,"highway":"service","name":null},"geometry":{"type":"LineString","coordinates":[[100.3350141,2.4679401],[100.3349794,2.4678439]]}},{"type":"Feature","properties":{"scope":"Pasir Limau Kapas","osmId":1330346808,"highway":"service","name":null},"geometry":{"type":"LineString","coordinates":[[100.3348346,2.4674625],[100.3348756,2.4675724]]}},{"type":"Feature","properties":{"scope":"Pasir Limau Kapas","osmId":1330346811,"highway":"living_street","name":null},"geometry":{"type":"LineString","coordinates":[[100.3330721,2.4686197],[100.3334636,2.4685481]]}},{"type":"Feature","properties":{"scope":"Pasir Limau Kapas","osmId":1330346812,"highway":"residential","name":null},"geometry":{"type":"LineString","coordinates":[[100.3287189,2.4637782],[100.3288047,2.4640193]]}},{"type":"Feature","properties":{"scope":"Pasir Limau Kapas","osmId":1330346814,"highway":"residential","name":null},"geometry":{"type":"LineString","coordinates":[[100.3328128,2.4706461],[100.3329527,2.4713117]]}},{"type":"Feature","properties":{"scope":"Pasir Limau Kapas","osmId":1330346815,"highway":"service","name":null},"geometry":{"type":"LineString","coordinates":[[100.3450286,2.4706039],[100.3449837,2.4713085],[100.3449622,2.4716284],[100.3449608,2.4716836],[100.3449588,2.4717009],[100.3449484,2.4717175],[100.3449332,2.4717347],[100.3449173,2.471743],[100.3448564,2.4717423],[100.3447015,2.4717354],[100.3446753,2.471866],[100.3446379,2.4720926]]}},{"type":"Feature","properties":{"scope":"Pasir Limau Kapas","osmId":1330346816,"highway":"service","name":null},"geometry":{"type":"LineString","coordinates":[[100.3422079,2.4699981],[100.3421634,2.4702436],[100.3421573,2.4703525],[100.342125,2.4706036],[100.3420766,2.471019],[100.3420106,2.4715431],[100.3419504,2.4719253]]}},{"type":"Feature","properties":{"scope":"Pasir Limau Kapas","osmId":1330346817,"highway":"service","name":null},"geometry":{"type":"LineString","coordinates":[[100.3411438,2.4697822],[100.3411284,2.4698695],[100.3411169,2.4699713],[100.3410895,2.4701806],[100.341062,2.4703922],[100.3410494,2.4706301],[100.3410322,2.4708462],[100.3409693,2.4712739]]}},{"type":"Feature","properties":{"scope":"Pekaitan","osmId":672155004,"highway":"service","name":null},"geometry":{"type":"LineString","coordinates":[[100.7254684,2.0792074],[100.7258644,2.0797529],[100.7263018,2.080228],[100.7267668,2.0807353],[100.7272417,2.0812532]]}},{"type":"Feature","properties":{"scope":"Pekaitan","osmId":672155005,"highway":"residential","name":null},"geometry":{"type":"LineString","coordinates":[[100.7369987,2.0746669],[100.7364647,2.0748931],[100.7354381,2.075365],[100.7347152,2.0756611],[100.7339987,2.0759258],[100.7330893,2.0762529],[100.7281702,2.0781925],[100.7279946,2.0782608],[100.7268716,2.0786979],[100.7255816,2.0791643]]}},{"type":"Feature","properties":{"scope":"Pekaitan","osmId":672155009,"highway":"residential","name":null},"geometry":{"type":"LineString","coordinates":[[100.7411059,2.0834844],[100.7406571,2.0836998],[100.7405584,2.0836325],[100.7403834,2.083462],[100.7402487,2.0832645],[100.7400647,2.0829459],[100.7400064,2.0828023],[100.739607,2.0820259],[100.7394364,2.0816399],[100.7390505,2.0808815],[100.7385669,2.079987],[100.7383549,2.0794184],[100.7380946,2.0788529],[100.7380412,2.0786869],[100.7379016,2.0779239],[100.7378886,2.0776995],[100.7378786,2.0773932],[100.7378208,2.0770802],[100.7376009,2.0763666],[100.7373675,2.0757114],[100.7371036,2.0749641],[100.7369987,2.0746669],[100.7365642,2.0734271],[100.7363353,2.0728437],[100.7360346,2.071964],[100.7357205,2.0712011],[100.7356307,2.0709139],[100.7353884,2.0700343],[100.7352113,2.0694346]]}},{"type":"Feature","properties":{"scope":"Pekaitan","osmId":672155020,"highway":"residential","name":null},"geometry":{"type":"LineString","coordinates":[[100.7255816,2.0791643],[100.7254684,2.0792074]]}},{"type":"Feature","properties":{"scope":"Pekaitan","osmId":672155023,"highway":"unclassified","name":null},"geometry":{"type":"LineString","coordinates":[[100.7530373,2.0702447],[100.7531424,2.0703429],[100.7531661,2.0704256],[100.753179,2.0704606],[100.7532035,2.0704898],[100.7534522,2.0707512],[100.7536377,2.0709015],[100.7539203,2.0711537],[100.7540861,2.0713287],[100.7542509,2.0714749],[100.7547895,2.0719416],[100.7556246,2.0725495],[100.7561763,2.0729587],[100.7569212,2.0734495],[100.7584022,2.0744548],[100.7595242,2.0752267],[100.7595728,2.0752594],[100.7605564,2.075873],[100.7614315,2.0764564],[100.7631764,2.0776879],[100.7632086,2.0776959],[100.7632454,2.0776858],[100.7632729,2.0776637],[100.7643756,2.0763756],[100.764582,2.0761512],[100.7648179,2.0758652],[100.7648628,2.0758296],[100.7649171,2.0757975],[100.7649748,2.0757774],[100.765349,2.0757144],[100.7653812,2.0757043],[100.7658566,2.0754915],[100.7658997,2.0754652],[100.7661932,2.0752806]]}},{"type":"Feature","properties":{"scope":"Pekaitan","osmId":672366628,"highway":"primary","name":"Jalan Bagan Siapiapi - Teluk Piyai (Kubu)"},"geometry":{"type":"LineString","coordinates":[[100.7089842,2.0874443],[100.7096369,2.0871869],[100.7100408,2.0870433],[100.7114096,2.0865362],[100.7120604,2.0862938],[100.7125765,2.0861009],[100.7132093,2.0858585],[100.7134965,2.0857329],[100.7139498,2.0855713],[100.7145525,2.0853388],[100.7150897,2.085127],[100.7156955,2.0848936],[100.7162488,2.0846885],[100.7166091,2.0845614],[100.716853,2.0844575],[100.7171128,2.0843497],[100.7173406,2.0842498],[100.7184317,2.0837865],[100.7189735,2.083615],[100.7197067,2.0833831],[100.7203112,2.0831475],[100.720548,2.083076],[100.7213338,2.0828198],[100.7218065,2.0826539],[100.7221621,2.0825305],[100.7223856,2.0824411],[100.7226582,2.0823177],[100.7234352,2.0820135],[100.7240452,2.0817764],[100.7244519,2.0816194],[100.7248078,2.08147],[100.7250651,2.08137],[100.7252622,2.0812961],[100.7257059,2.0811236],[100.7261619,2.0809574],[100.7263899,2.0808742],[100.7266179,2.080788],[100.7267668,2.0807353]]}},{"type":"Feature","properties":{"scope":"Pekaitan","osmId":672366629,"highway":"residential","name":null},"geometry":{"type":"LineString","coordinates":[[100.7144151,2.0951522],[100.7142723,2.0949637],[100.7141913,2.0948327],[100.7140964,2.0946942],[100.7140228,2.0945568],[100.7139386,2.094413],[100.7137041,2.0940582],[100.7135442,2.0937909],[100.7133588,2.093499],[100.7132181,2.0932934],[100.7130763,2.0930761],[100.7129398,2.0928694],[100.7128282,2.0927212],[100.7127352,2.0925978],[100.7126808,2.0925318],[100.7125572,2.0923709],[100.7124474,2.0922186],[100.71236,2.0921057],[100.7122182,2.091915],[100.7121745,2.0918532],[100.7121532,2.0918149],[100.7120967,2.0917478],[100.7120317,2.0916785],[100.7119432,2.0915539],[100.7118046,2.0913596],[100.7115808,2.0910743],[100.7113173,2.090706],[100.711073,2.0903105],[100.7109563,2.0901714],[100.710723,2.0898572],[100.7104851,2.0895206],[100.7103864,2.0894129],[100.7102024,2.0891661],[100.7101277,2.0890678],[100.7101153,2.0890516],[100.7100004,2.0888968],[100.7098393,2.0886645],[100.70977,2.0885628],[100.7097167,2.0884871],[100.7095651,2.0882326],[100.7094828,2.0881436],[100.7094404,2.0881098],[100.7093138,2.0879544],[100.7091971,2.0877569],[100.7090829,2.0875852],[100.7089842,2.0874443],[100.7088835,2.0872929],[100.7084746,2.0867157],[100.7080617,2.0861996],[100.7077565,2.0857912]]}},{"type":"Feature","properties":{"scope":"Pekaitan","osmId":672366630,"highway":"residential","name":null},"geometry":{"type":"LineString","coordinates":[[100.7077565,2.0857912],[100.7084207,2.0853918],[100.7089772,2.0850642],[100.7092061,2.0848757],[100.7094978,2.0847051],[100.7100318,2.0844807],[100.7104627,2.0842429],[100.7106198,2.0841711],[100.7111314,2.084005],[100.7120514,2.0836729],[100.7125899,2.0835473],[100.7137068,2.0830159],[100.7150337,2.0825348],[100.7165439,2.0821053],[100.717371,2.0818708],[100.7184713,2.0815731],[100.7192602,2.0813504],[100.7197032,2.081245],[100.7199403,2.0811462],[100.7202606,2.0810152],[100.7206631,2.080853],[100.7230937,2.0800054],[100.7252646,2.07924],[100.7254684,2.0792074]]}},{"type":"Feature","properties":{"scope":"Pekaitan","osmId":672366631,"highway":"track","name":null},"geometry":{"type":"LineString","coordinates":[[100.7057241,2.0853946],[100.7063402,2.0851719],[100.7069719,2.0849086]]}},{"type":"Feature","properties":{"scope":"Pekaitan","osmId":672366632,"highway":"track","name":null},"geometry":{"type":"LineString","coordinates":[[100.7115808,2.0910743],[100.7114537,2.0911485],[100.7110057,2.09141],[100.7100184,2.0919082],[100.7097671,2.0920563],[100.7095472,2.092146],[100.709435,2.0922044],[100.7093183,2.0922717],[100.7088785,2.0924736],[100.7087348,2.0925634],[100.7083717,2.0927327]]}},{"type":"Feature","properties":{"scope":"Pekaitan","osmId":672366633,"highway":"track","name":null},"geometry":{"type":"LineString","coordinates":[[100.6985139,2.0922325],[100.6997646,2.0918341],[100.6999476,2.091778],[100.7008766,2.0914773],[100.7012536,2.0913337],[100.7023486,2.0909478],[100.7028961,2.0907593],[100.703484,2.0905259],[100.7046374,2.0900816],[100.705903,2.0895745],[100.7065089,2.0893501],[100.7076757,2.0888833],[100.7094404,2.0881098]]}},{"type":"Feature","properties":{"scope":"Pekaitan","osmId":672366636,"highway":"track","name":null},"geometry":{"type":"LineString","coordinates":[[100.7114537,2.0911485],[100.7115594,2.0912889],[100.7115926,2.0913322],[100.7116425,2.0913737],[100.7117124,2.0914668],[100.7119503,2.0918042],[100.7120434,2.0919139],[100.7121831,2.0920968],[100.7123145,2.092258],[100.7124709,2.0924824],[100.7127087,2.0928282],[100.7128352,2.0930085]]}},{"type":"Feature","properties":{"scope":"Pekaitan","osmId":672366639,"highway":"track","name":null},"geometry":{"type":"LineString","coordinates":[[100.7069719,2.0849086],[100.7070822,2.0848648]]}},{"type":"Feature","properties":{"scope":"Pekaitan","osmId":672366640,"highway":"track","name":null},"geometry":{"type":"LineString","coordinates":[[100.7077565,2.0857912],[100.7074827,2.0854905],[100.7072404,2.085136],[100.7070822,2.0848648]]}},{"type":"Feature","properties":{"scope":"Pekaitan","osmId":672366641,"highway":"track","name":null},"geometry":{"type":"LineString","coordinates":[[100.7052197,2.0822512],[100.705342,2.0820932],[100.7055395,2.0824522],[100.7057055,2.0826542],[100.7058716,2.082901],[100.7069719,2.0849086]]}},{"type":"Feature","properties":{"scope":"Pekaitan","osmId":675040832,"highway":"unclassified","name":null},"geometry":{"type":"LineString","coordinates":[[100.7661932,2.0752806],[100.7668844,2.0748745],[100.7675609,2.0744766],[100.7688186,2.0737368],[100.7694604,2.0733553],[100.7709324,2.0724577],[100.7716235,2.0720403],[100.7723035,2.07165],[100.7731944,2.0711361],[100.7739707,2.070694],[100.7746304,2.0702856],[100.7746804,2.070259],[100.775124,2.0700208],[100.7751531,2.0700023],[100.7759873,2.0695044],[100.7760061,2.0694937],[100.7764526,2.0692377],[100.7782431,2.0681673],[100.7789084,2.0677896],[100.7789625,2.0677568],[100.7794548,2.0674178],[100.7800707,2.0669701],[100.7805414,2.0666279],[100.7807204,2.0664978],[100.7807717,2.0664541],[100.78082,2.0664085],[100.7810587,2.0661565],[100.7811458,2.0660667],[100.7812895,2.0659134],[100.7813879,2.0658228],[100.7814288,2.0657967],[100.7815878,2.065706],[100.78182,2.0655643],[100.7818633,2.0655333],[100.7822187,2.0652291],[100.782546,2.0648766],[100.7825688,2.0648471],[100.7827444,2.0646206],[100.782786,2.0645737],[100.7831708,2.0642808],[100.7833503,2.0641474],[100.7835657,2.0639726],[100.7838991,2.0636664],[100.7843927,2.0632308],[100.7849345,2.0627459],[100.7850557,2.0626214],[100.7852128,2.0624677],[100.7857899,2.061815],[100.7863853,2.0612066],[100.7866466,2.0609452],[100.7872237,2.0604073],[100.7874971,2.060125],[100.7876122,2.0600128],[100.787696,2.0599788],[100.787858,2.0599502],[100.7881594,2.0599198],[100.7884259,2.0598929],[100.7887868,2.0598615],[100.7890409,2.0598382],[100.7891621,2.0598243],[100.7895957,2.059752],[100.7898218,2.0597078],[100.7901016,2.0596635],[100.7903909,2.0596152],[100.7906937,2.059561],[100.7907944,2.0595227],[100.7911212,2.0593514],[100.7912421,2.0592832],[100.7913337,2.0592261],[100.7919991,2.0587992],[100.7921191,2.0587082],[100.7921721,2.058659],[100.7922056,2.0585977],[100.7922362,2.0585001],[100.7922604,2.0583691],[100.7923301,2.0581145],[100.7923887,2.0579695],[100.7925328,2.0576936],[100.7927913,2.057282],[100.793073,2.0568573],[100.7931976,2.056651],[100.7933927,2.0563242],[100.7939009,2.0555006],[100.7943634,2.0547631],[100.7944953,2.0545591],[100.7947213,2.0541936],[100.7949245,2.0538559],[100.7953232,2.0532033],[100.7955143,2.0528667],[100.7957007,2.0524581],[100.7959418,2.0519391],[100.7963122,2.0511758],[100.7964317,2.0509193],[100.7966052,2.0505391],[100.7966836,2.0503573],[100.7970775,2.0495235],[100.7972055,2.0492501],[100.797266,2.0491482],[100.7973244,2.0490682],[100.7974084,2.0489375],[100.7975697,2.0487046],[100.7979282,2.0481998],[100.7980353,2.0480309],[100.7980902,2.0478886],[100.7981388,2.0477964],[100.798198,2.0477203],[100.7984356,2.0475991],[100.7985638,2.0475407],[100.7987245,2.0474626],[100.7989126,2.0473759],[100.7991212,2.0472755],[100.7992482,2.0472006],[100.799568,2.0470252],[100.8001029,2.0466724],[100.8002276,2.0466016],[100.8003207,2.046554],[100.8004401,2.046535],[100.8014297,2.0465072],[100.8018164,2.0464906],[100.8024666,2.0464611],[100.8029634,2.0464336],[100.8036174,2.0463983],[100.8040065,2.0463731],[100.804262,2.0463469],[100.8045248,2.0463205],[100.8046159,2.0463],[100.8046731,2.046278],[100.8047319,2.0462515],[100.8047759,2.0461929],[100.804958,2.0459023],[100.8050226,2.0457996],[100.8050969,2.0456777],[100.8052498,2.0454385],[100.8053939,2.0452327],[100.8055247,2.0450571],[100.8056093,2.0449262],[100.8057318,2.0447246],[100.8058404,2.044545],[100.8059129,2.0444329],[100.8060098,2.0442972],[100.8060474,2.044256],[100.8061062,2.044209],[100.8064145,2.0440139],[100.8066427,2.0436473],[100.8069948,2.0434634],[100.8072609,2.0433174],[100.8080418,2.0428816],[100.8083877,2.0426717],[100.808558,2.0425085],[100.8086678,2.0422359],[100.8087322,2.0420234],[100.8089417,2.041348],[100.8090968,2.0409048],[100.809232,2.040435],[100.8092397,2.0402745],[100.8092751,2.0400971],[100.809311,2.0399356],[100.8092645,2.0394402],[100.8092489,2.0392505],[100.8092398,2.0390113],[100.8092011,2.0387061],[100.8091669,2.0385466],[100.8091532,2.038296],[100.8090929,2.0379127],[100.8090461,2.0375893],[100.8090256,2.0372684],[100.8090026,2.0369379],[100.8090041,2.0366665],[100.808964,2.0362714],[100.8089829,2.0360546],[100.8091596,2.0352813],[100.8092808,2.0346267],[100.8094023,2.0338606],[100.8095937,2.0329239],[100.8097315,2.0322506],[100.8098484,2.031816],[100.8099284,2.0313096],[100.8099752,2.0311392],[100.810099,2.0308294],[100.8101986,2.0306469],[100.8104484,2.0302689],[100.8105778,2.0300322],[100.8118507,2.0278139],[100.812475,2.0267167],[100.8127369,2.0261904],[100.8131428,2.0256058],[100.8133608,2.0254382],[100.8134534,2.025281],[100.8136783,2.0248771],[100.8138544,2.0245807],[100.8142451,2.0238965],[100.8145725,2.0233558],[100.8147842,2.0228824],[100.8156439,2.0214975],[100.8182411,2.0169237],[100.8203136,2.0133075],[100.8203551,2.0132434]]}},{"type":"Feature","properties":{"scope":"Pekaitan","osmId":1329311969,"highway":"primary","name":"Jalan Bagan Siapiapi - Teluk Piyai (Kubu)"},"geometry":{"type":"LineString","coordinates":[[100.7267668,2.0807353],[100.7273456,2.0804855],[100.7287966,2.0798984],[100.7297168,2.079527],[100.7303822,2.0791981],[100.7312352,2.0789045],[100.7329304,2.0783811],[100.7336383,2.07813],[100.7344664,2.077801],[100.7347177,2.0775817],[100.7349124,2.0773837],[100.7350929,2.0771467],[100.7352911,2.0768319],[100.7353442,2.0766728],[100.7355353,2.0763898],[100.7358078,2.0760998],[100.7362679,2.0757496],[100.7368554,2.0751802],[100.7371036,2.0749641],[100.7372872,2.0747876],[100.737496,2.0746532],[100.7380977,2.0744622],[100.7390674,2.0741368],[100.7395629,2.074059],[100.7405397,2.0739918],[100.741828,2.0738609],[100.7424332,2.0737372],[100.7429428,2.0735639],[100.7434454,2.0732597],[100.7445673,2.0727009],[100.7455795,2.0721456],[100.7460785,2.0719404],[100.746528,2.071852],[100.7467298,2.0717707],[100.746981,2.071516],[100.7472925,2.071226],[100.7477632,2.0709572],[100.7485181,2.070536]]}},{"type":"Feature","properties":{"scope":"Sinaboi","osmId":674833665,"highway":"primary","name":"Jalan Bagan Siapiapi - Sinaboi"},"geometry":{"type":"LineString","coordinates":[[100.9418087,2.2808096],[100.9421267,2.2809428],[100.9422548,2.2809951],[100.9423637,2.281032],[100.9425668,2.2810902],[100.9448332,2.2812428],[100.9456859,2.2812294],[100.946009,2.2812114],[100.9469335,2.2812428],[100.9489745,2.2811869],[100.9499584,2.2811845],[100.9502949,2.2812159],[100.9509591,2.2813326],[100.951372,2.2813775],[100.9520811,2.2814852],[100.9524805,2.2815121],[100.9527678,2.2815031],[100.9530191,2.2814582],[100.9540737,2.2810947],[100.9543834,2.2810274],[100.9546706,2.280996],[100.9548501,2.2810005],[100.9550745,2.2810454],[100.9560843,2.2813909],[100.9562256,2.2814278],[100.9562773,2.2814358],[100.9565466,2.2814672],[100.9568338,2.2814582],[100.9571659,2.2814044],[100.9574576,2.2813326],[100.9580006,2.2811665],[100.9584494,2.2810543],[100.9588085,2.2810005],[100.9593829,2.2810005],[100.9608459,2.2810588],[100.9615595,2.2811216],[100.9618423,2.2811665],[100.9624706,2.2812294],[100.9627398,2.2812294],[100.9631123,2.2811531],[100.9631526,2.2811391],[100.9634489,2.2810364],[100.9637182,2.2809287],[100.9646651,2.2804844],[100.9649793,2.2803677],[100.9653338,2.2802689],[100.9659621,2.2799952],[100.9662583,2.2799144],[100.9665994,2.2798785],[100.9667969,2.2798426],[100.967129,2.2797439],[100.9674431,2.2796182],[100.9677842,2.2794611],[100.9680714,2.2793714],[100.9683676,2.2792412],[100.96861,2.279156],[100.9696467,2.2786443],[100.96971,2.2786304]]}},{"type":"Feature","properties":{"scope":"Sinaboi","osmId":675005464,"highway":"track","name":null},"geometry":{"type":"LineString","coordinates":[[101.0998858,2.1921184],[101.0999899,2.1919162],[101.1000084,2.1918636],[101.1000332,2.191811],[101.1002499,2.1914677],[101.1003149,2.1913656],[101.1003396,2.191313],[101.1003427,2.1912666],[101.1003241,2.1912203],[101.0997082,2.190345],[101.0992161,2.1898192],[101.099148,2.1896955],[101.099083,2.1895655],[101.0990489,2.1894635],[101.0989963,2.1892408],[101.0989499,2.1890026],[101.0989251,2.1886562],[101.0989128,2.1884335],[101.0988849,2.1882665],[101.0988509,2.1880346],[101.0988478,2.1879418],[101.0988385,2.1877655],[101.0988106,2.1876263],[101.0987797,2.1875397],[101.0987425,2.1874191],[101.0987116,2.187317],[101.0986775,2.1871345],[101.0986466,2.186918],[101.0986405,2.1868423],[101.0986311,2.1867881],[101.0986063,2.186683],[101.0985816,2.1865345],[101.0985382,2.1861974],[101.0985371,2.1861386],[101.0985475,2.1860768],[101.0985723,2.1859932],[101.0985816,2.1859221],[101.0985909,2.1858417],[101.0986063,2.1857706],[101.0986249,2.185684],[101.0986311,2.1856066],[101.098659,2.1853994],[101.098659,2.1851551],[101.0986775,2.1848736],[101.0986744,2.1847901],[101.098662,2.1846942],[101.098659,2.1846293],[101.0986713,2.1845489],[101.0987054,2.1843293],[101.0987735,2.1840478],[101.0987797,2.1839828],[101.0987828,2.1838962],[101.0987889,2.1837849],[101.0988137,2.1836705],[101.0988377,2.1835314],[101.0989086,2.1833788],[101.0990265,2.1831486],[101.0990412,2.1831098],[101.0990372,2.1830804],[101.0990171,2.1830442],[101.098456,2.1822546],[101.0979645,2.1815494],[101.0978158,2.1813259],[101.0973659,2.1806052],[101.0969258,2.1800513],[101.096711,2.179767],[101.0957063,2.1782977]]}},{"type":"Feature","properties":{"scope":"Sinaboi","osmId":675006980,"highway":"residential","name":null},"geometry":{"type":"LineString","coordinates":[[101.0368187,2.219078],[101.0375673,2.2195164],[101.0377748,2.2196147],[101.0386934,2.2199511],[101.0396964,2.2203197],[101.0400981,2.2204705],[101.0410742,2.2208007],[101.0411121,2.2208033],[101.0411574,2.2207915],[101.0411929,2.2207521],[101.0413681,2.2204668]]}},{"type":"Feature","properties":{"scope":"Sinaboi","osmId":675006981,"highway":"residential","name":null},"geometry":{"type":"LineString","coordinates":[[101.0294157,2.2315231],[101.0306055,2.2293899],[101.0311879,2.2282876],[101.0327334,2.2257161],[101.0336023,2.2242532],[101.0352434,2.2217077],[101.0368187,2.219078],[101.0372989,2.2183515],[101.0378645,2.2174755],[101.0382882,2.2168172],[101.038947,2.2158181],[101.0395855,2.2148402],[101.0405607,2.213274]]}},{"type":"Feature","properties":{"scope":"Sinaboi","osmId":675006982,"highway":"residential","name":null},"geometry":{"type":"LineString","coordinates":[[101.0336023,2.2242532],[101.0340881,2.224534],[101.034853,2.2249749],[101.0350434,2.2250793]]}},{"type":"Feature","properties":{"scope":"Sinaboi","osmId":675006983,"highway":"residential","name":null},"geometry":{"type":"LineString","coordinates":[[101.0502216,2.2120611],[101.0485597,2.2133028],[101.0483986,2.2134179],[101.048212,2.213528],[101.047287,2.2140503],[101.0468427,2.2143151],[101.0466856,2.2144318],[101.0463092,2.2147918],[101.0461291,2.2149613],[101.0450112,2.2162003]]}},{"type":"Feature","properties":{"scope":"Sinaboi","osmId":675006984,"highway":"residential","name":null},"geometry":{"type":"LineString","coordinates":[[101.0392029,2.1949999],[101.0412944,2.198215],[101.0421804,2.1996505],[101.0426572,2.2004224],[101.0436442,2.2019768]]}},{"type":"Feature","properties":{"scope":"Sinaboi","osmId":675006985,"highway":"residential","name":null},"geometry":{"type":"LineString","coordinates":[[101.0436583,2.2019981],[101.0466028,2.2064867],[101.0470746,2.207188],[101.0475163,2.2079094],[101.0481413,2.2088777],[101.0489348,2.2101306],[101.0502216,2.2120611],[101.0507088,2.2127356],[101.0518394,2.2144458],[101.0527512,2.2158549],[101.0535145,2.2170644],[101.0539517,2.2177169],[101.0550234,2.2192309],[101.0553673,2.2196972],[101.0555218,2.2199332],[101.0556416,2.2201372],[101.0559899,2.2207403],[101.0561142,2.2209531],[101.0562185,2.2210884],[101.0563472,2.221197],[101.0564381,2.2213212],[101.0564936,2.2214475],[101.0565114,2.2216183],[101.0565792,2.2221305],[101.056569,2.2222352],[101.0565509,2.2224031],[101.0564781,2.2233366],[101.0564595,2.2234702],[101.0564265,2.2235915],[101.0562606,2.2241281],[101.0562468,2.2242858],[101.0562273,2.2244252],[101.0562029,2.2245116],[101.0559322,2.2251324],[101.0558945,2.2252344]]}},{"type":"Feature","properties":{"scope":"Sinaboi","osmId":675006986,"highway":"residential","name":null},"geometry":{"type":"LineString","coordinates":[[101.0436442,2.2019768],[101.0436583,2.2019981]]}},{"type":"Feature","properties":{"scope":"Sinaboi","osmId":675008186,"highway":"primary","name":"Jalan Dumai - Lubuk Gaung - Batu Teritip (Batas Kab. Rohil)"},"geometry":{"type":"LineString","coordinates":[[101.0951871,2.1282909],[101.0946472,2.1292275],[101.0939035,2.1306325],[101.0934858,2.1313757],[101.0928337,2.132516],[101.0919983,2.1337479],[101.0914889,2.1345827],[101.0908674,2.1353768],[101.0899199,2.1364967],[101.0890947,2.1374436],[101.0876276,2.1390216],[101.086569,2.1401885],[101.0854571,2.1413702],[101.0850427,2.1418601],[101.0848709,2.142052],[101.0847395,2.1421833],[101.0846132,2.1423651],[101.0840926,2.1430722],[101.0838248,2.1434105],[101.0834609,2.1439206],[101.0833497,2.1440923],[101.0831021,2.1445418],[101.0829555,2.1448044],[101.0824148,2.1455215],[101.0817628,2.1465114],[101.0810856,2.1475366],[101.080555,2.1483446],[101.0800041,2.1492385],[101.0796503,2.1497688],[101.0793471,2.1502738],[101.0791904,2.1505162],[101.0786598,2.1514909],[101.0782909,2.1522687],[101.0781494,2.152607],[101.0779876,2.15291],[101.077748,2.1533204],[101.0777303,2.1533548],[101.0771637,2.1544404],[101.0766905,2.1552463],[101.0761973,2.1559656],[101.0758241,2.1564917],[101.0755508,2.1568847],[101.0750443,2.1574708],[101.0746577,2.1578971],[101.0742312,2.15833],[101.0703067,2.1621615],[101.0660868,2.1659965],[101.0615091,2.1702785],[101.0589722,2.1730085],[101.0553458,2.176746],[101.0521504,2.1800611],[101.0464099,2.1855942],[101.0449382,2.1874142],[101.0433771,2.1894374],[101.040767,2.1930286],[101.0392029,2.1949999],[101.0375012,2.19727],[101.0368694,2.198091],[101.0363274,2.1987795],[101.0361988,2.1989654],[101.0360985,2.1991203],[101.0360074,2.1992511],[101.0359091,2.1993762],[101.0358267,2.1994749],[101.0357554,2.1995767],[101.0356572,2.1997067],[101.0355089,2.1999329],[101.0353106,2.2002492],[101.0351546,2.2004663],[101.0349931,2.2006924],[101.0348429,2.2009217],[101.0344503,2.2014727],[101.0342637,2.2017192],[101.0339869,2.2021801],[101.0336458,2.2026582],[101.0333626,2.2030955],[101.0329164,2.2037236],[101.0326493,2.2041164]]}},{"type":"Feature","properties":{"scope":"Sinaboi","osmId":675008187,"highway":"residential","name":null},"geometry":{"type":"LineString","coordinates":[[101.0194846,2.2280839],[101.0195677,2.2281172]]}},{"type":"Feature","properties":{"scope":"Sinaboi","osmId":675008188,"highway":"residential","name":null},"geometry":{"type":"LineString","coordinates":[[101.0259166,2.2411969],[101.0258947,2.2411334],[101.0258728,2.2410698],[101.0258397,2.2409834],[101.0257328,2.2403514],[101.0256816,2.2400781],[101.0256901,2.2398988],[101.0257457,2.2395999],[101.0258259,2.2390388],[101.0258843,2.2383118],[101.0259112,2.2381008],[101.0259193,2.2379887],[101.0259292,2.2378136],[101.0259248,2.2377366],[101.0259211,2.2376631],[101.0259206,2.2375816],[101.0259198,2.2375081],[101.0259245,2.237455],[101.0259323,2.2374109],[101.0259457,2.2373699],[101.0259686,2.237317],[101.0261581,2.2370417],[101.0263724,2.2366827],[101.0266562,2.2362518],[101.0268482,2.2359546],[101.0275147,2.2348766],[101.0279253,2.2341434],[101.0286474,2.2330592],[101.0287127,2.2329394],[101.0287453,2.2328195],[101.0287545,2.2327357],[101.0287842,2.2326343],[101.0293571,2.2316353],[101.0293734,2.2316041]]}},{"type":"Feature","properties":{"scope":"Sinaboi","osmId":675008190,"highway":"residential","name":null},"geometry":{"type":"LineString","coordinates":[[101.0293734,2.2316041],[101.0294157,2.2315231]]}},{"type":"Feature","properties":{"scope":"Sinaboi","osmId":675008191,"highway":"residential","name":null},"geometry":{"type":"LineString","coordinates":[[101.0196507,2.2281506],[101.0207367,2.2285865],[101.021908,2.2290219],[101.0227787,2.2293719],[101.0242821,2.2299284],[101.0245802,2.230038],[101.0258529,2.2305343],[101.0262119,2.2306836],[101.0262394,2.2306942],[101.026268,2.2306998],[101.0262883,2.2306985],[101.0263064,2.2306949],[101.0263231,2.2306879],[101.0263421,2.2306853],[101.0263823,2.23069],[101.0264226,2.2307006],[101.0268537,2.2308534],[101.0275181,2.2310533],[101.0293571,2.2316353]]}},{"type":"Feature","properties":{"scope":"Sinaboi","osmId":675008192,"highway":"residential","name":null},"geometry":{"type":"LineString","coordinates":[[101.0195677,2.2281172],[101.0196507,2.2281506]]}},{"type":"Feature","properties":{"scope":"Sinaboi","osmId":675012528,"highway":"residential","name":null},"geometry":{"type":"LineString","coordinates":[[101.0050972,2.2538341],[101.0050523,2.2537675]]}},{"type":"Feature","properties":{"scope":"Sinaboi","osmId":675012529,"highway":"residential","name":null},"geometry":{"type":"LineString","coordinates":[[101.0221161,2.2428795],[101.0211389,2.2435509],[101.0202039,2.2441565],[101.0196307,2.2446354],[101.0193864,2.244856],[101.0190763,2.2450532],[101.0187381,2.2452504],[101.0183434,2.2455133],[101.0178031,2.2459499],[101.0173709,2.2462785],[101.0164735,2.247363],[101.0164171,2.2475132],[101.0164077,2.2476822],[101.0164171,2.2478184],[101.0163926,2.2479053],[101.014996,2.2491825],[101.0140049,2.2501957],[101.0138792,2.2503438],[101.0136055,2.2506534],[101.013224,2.2510035],[101.013049,2.2511292],[101.012663,2.2514478],[101.0121245,2.2518158],[101.0113032,2.2524441],[101.0110204,2.2527044],[101.0105672,2.2532205],[101.0100914,2.2538712],[101.0098805,2.2542123],[101.0096427,2.254522],[101.0095843,2.2546297],[101.009324,2.2555003],[101.0091244,2.2561774],[101.0091021,2.2562346],[101.0090745,2.256253]]}},{"type":"Feature","properties":{"scope":"Sinaboi","osmId":675012531,"highway":"track","name":null},"geometry":{"type":"LineString","coordinates":[[100.9908854,2.2692823],[100.9910415,2.2696835],[100.9911571,2.2700949],[100.9912334,2.2704899],[100.9912827,2.2707367],[100.9914219,2.2713201],[100.9917136,2.2723299],[100.9918033,2.2725767],[100.9918931,2.2727652],[100.991983,2.2729723],[100.9921112,2.2731808],[100.9929789,2.2743496]]}},{"type":"Feature","properties":{"scope":"Sinaboi","osmId":675012534,"highway":"residential","name":null},"geometry":{"type":"LineString","coordinates":[[100.9888678,2.2818777],[100.9882868,2.2803809],[100.9881262,2.2798767],[100.9880688,2.2797219],[100.9880459,2.2796331],[100.9880057,2.278848],[100.9879341,2.2777134],[100.9878927,2.2768716],[100.9878226,2.2758574],[100.9877822,2.2754579],[100.9877642,2.2751034],[100.9877057,2.2745748],[100.987688,2.2739994],[100.9876476,2.2731646],[100.987652,2.2729941],[100.9876386,2.272644],[100.9878809,2.2712124],[100.9880267,2.2699285],[100.9880548,2.2696475],[100.9880789,2.2693103],[100.988091,2.2683388],[100.988095,2.268122],[100.9880869,2.2679815],[100.9880508,2.267833],[100.9876731,2.2669819],[100.9868053,2.2652195],[100.9865803,2.264802],[100.9863272,2.2644407],[100.9861069,2.2641079],[100.9858512,2.2636277],[100.9855862,2.2631474],[100.9853891,2.2627564],[100.9852849,2.2625458],[100.9852292,2.262445],[100.9852101,2.2624056],[100.9851929,2.2623513],[100.9851818,2.2623119],[100.9851765,2.2622801],[100.985173,2.2622257],[100.9851659,2.2620078],[100.9851584,2.2618447],[100.9851504,2.2617034],[100.9851281,2.2615226],[100.9850935,2.2613073],[100.985061,2.2611276],[100.9850203,2.2609306],[100.9849715,2.2607224],[100.9849492,2.2605365],[100.9849411,2.2604482],[100.9849441,2.2603527],[100.9849593,2.2601475],[100.9849837,2.2598815],[100.9850081,2.2595951],[100.9850325,2.2592457],[100.9850356,2.259003],[100.9850407,2.2588009],[100.9850559,2.2585236],[100.9850833,2.2581509],[100.9851016,2.2577081],[100.9851138,2.2575233],[100.9851301,2.2573923],[100.9851667,2.2571658],[100.985189,2.256984],[100.9852195,2.2567515],[100.9852724,2.2564478],[100.9853069,2.2562142],[100.9853761,2.2557785],[100.9854116,2.2555439],[100.9854472,2.2553164],[100.9854777,2.2551255],[100.9855244,2.2548523],[100.9855773,2.2545923],[100.985622,2.2543547],[100.9856728,2.2540886],[100.9857165,2.2538195],[100.9857735,2.2535707],[100.985871,2.253199],[100.9859361,2.2529146],[100.985993,2.252746],[100.9860235,2.2525409],[100.9861068,2.2521631]]}},{"type":"Feature","properties":{"scope":"Sinaboi","osmId":675012535,"highway":"residential","name":null},"geometry":{"type":"LineString","coordinates":[[101.0049903,2.2536794],[101.0044592,2.2525473],[101.0043514,2.2522915],[101.0039879,2.2515824],[101.0034865,2.2506748],[101.0033347,2.2502965],[101.0032598,2.2501233],[101.0031727,2.2499452],[101.0028785,2.2494648],[101.0028118,2.2493435],[101.0027493,2.2492159]]}},{"type":"Feature","properties":{"scope":"Sinaboi","osmId":675012536,"highway":"residential","name":null},"geometry":{"type":"LineString","coordinates":[[101.0050523,2.2537675],[101.0049903,2.2536794]]}},{"type":"Feature","properties":{"scope":"Sinaboi","osmId":675012537,"highway":"residential","name":null},"geometry":{"type":"LineString","coordinates":[[100.9785284,2.2501471],[100.9785647,2.2501478],[100.9818824,2.2502075],[100.9839049,2.250249],[100.9849284,2.2502586],[100.9859375,2.2502466],[100.986213,2.2502653],[100.9863613,2.2502805],[100.9865314,2.2503186],[100.9865552,2.2503208]]}},{"type":"Feature","properties":{"scope":"Sinaboi","osmId":675012538,"highway":"residential","name":null},"geometry":{"type":"LineString","coordinates":[[100.9866227,2.2503311],[100.9867536,2.25035],[100.9870595,2.250382],[100.9873378,2.2504288]]}},{"type":"Feature","properties":{"scope":"Sinaboi","osmId":675012539,"highway":"residential","name":null},"geometry":{"type":"LineString","coordinates":[[100.9865552,2.2503208],[100.9865676,2.2503227],[100.9866227,2.2503311]]}},{"type":"Feature","properties":{"scope":"Sinaboi","osmId":675012540,"highway":"residential","name":null},"geometry":{"type":"LineString","coordinates":[[101.0108148,2.2581097],[101.0107186,2.258082],[101.0106071,2.2580543],[101.0103292,2.2579954],[101.0102406,2.2579713],[101.0101574,2.2579331],[101.0100547,2.2578631],[101.0099629,2.2577845],[101.0098446,2.2576635],[101.0094542,2.257125],[101.009283,2.2568701],[101.0089774,2.2562689],[101.0089556,2.2562012],[101.0088936,2.2559506],[101.0088534,2.2557314],[101.0088304,2.2556709],[101.0086957,2.2554285],[101.0086463,2.2552939],[101.0084354,2.2543694],[101.008238,2.2537456],[101.0079373,2.2530993],[101.0078565,2.2528615],[101.0074301,2.2519459],[101.0073243,2.2517728],[101.0072458,2.2517111],[101.0071621,2.2516648],[101.0066521,2.2514637]]}},{"type":"Feature","properties":{"scope":"Sinaboi","osmId":675012541,"highway":"residential","name":null},"geometry":{"type":"LineString","coordinates":[[101.0108874,2.2581517],[101.0108148,2.2581097]]}},{"type":"Feature","properties":{"scope":"Sinaboi","osmId":675012542,"highway":"residential","name":null},"geometry":{"type":"LineString","coordinates":[[101.0109284,2.2581799],[101.0108874,2.2581517]]}},{"type":"Feature","properties":{"scope":"Sinaboi","osmId":675012544,"highway":"residential","name":null},"geometry":{"type":"LineString","coordinates":[[101.0090031,2.2562645],[101.0089774,2.2562689]]}},{"type":"Feature","properties":{"scope":"Sinaboi","osmId":675012545,"highway":"residential","name":null},"geometry":{"type":"LineString","coordinates":[[101.0090745,2.256253],[101.0090031,2.2562645]]}},{"type":"Feature","properties":{"scope":"Sinaboi","osmId":675012546,"highway":"tertiary","name":"Jembatan Sinaboi"},"geometry":{"type":"LineString","coordinates":[[101.0184092,2.2815901],[101.0188877,2.2815744]]}},{"type":"Feature","properties":{"scope":"Sinaboi","osmId":675012547,"highway":"tertiary","name":null},"geometry":{"type":"LineString","coordinates":[[101.0188877,2.2815744],[101.0189987,2.2815757],[101.0190606,2.2816068],[101.0190957,2.2816525],[101.0191794,2.281877],[101.0193214,2.2822575],[101.0195456,2.2828656],[101.0195596,2.2829198],[101.0195837,2.2830134],[101.0197923,2.2837151],[101.0198125,2.2837831],[101.0198736,2.2839572],[101.0200097,2.2843449],[101.0200715,2.2844993],[101.0200852,2.2845336],[101.0204881,2.2851583],[101.0206076,2.2853326],[101.020714,2.2854602],[101.0207524,2.2855623],[101.0207907,2.2856559],[101.0209738,2.2859835],[101.0210291,2.2860601]]}},{"type":"Feature","properties":{"scope":"Sinaboi","osmId":675012548,"highway":"residential","name":null},"geometry":{"type":"LineString","coordinates":[[101.0197923,2.2837151],[101.0204564,2.2835086],[101.0211657,2.283246],[101.0212936,2.2831972],[101.0214402,2.2831647],[101.0217914,2.2831205]]}},{"type":"Feature","properties":{"scope":"Sinaboi","osmId":675012549,"highway":"residential","name":null},"geometry":{"type":"LineString","coordinates":[[101.0195596,2.2829198],[101.0197902,2.282633],[101.0207969,2.2813123]]}},{"type":"Feature","properties":{"scope":"Sinaboi","osmId":675012550,"highway":"residential","name":null},"geometry":{"type":"LineString","coordinates":[[101.0191794,2.281877],[101.0192972,2.2818354],[101.019443,2.2817997],[101.0195101,2.2817868],[101.0196258,2.2817517],[101.0201371,2.2815305]]}},{"type":"Feature","properties":{"scope":"Sinaboi","osmId":675012551,"highway":"residential","name":null},"geometry":{"type":"LineString","coordinates":[[101.0198736,2.2839572],[101.0194113,2.2841454],[101.0191401,2.2842542],[101.0191035,2.2842651],[101.0190847,2.2842542],[101.0189421,2.2839783],[101.0188698,2.2837676],[101.018761,2.2834352]]}},{"type":"Feature","properties":{"scope":"Sinaboi","osmId":675012552,"highway":"residential","name":null},"geometry":{"type":"LineString","coordinates":[[101.0200715,2.2844993],[101.0198772,2.284582],[101.0196478,2.2847132],[101.0194965,2.2848162],[101.0194133,2.284886],[101.0193535,2.2849309]]}},{"type":"Feature","properties":{"scope":"Sinaboi","osmId":675012553,"highway":"residential","name":null},"geometry":{"type":"LineString","coordinates":[[101.0109284,2.2581799],[101.0110159,2.2580495],[101.0112762,2.2576949],[101.0116398,2.2572237],[101.0118283,2.2569769],[101.0123533,2.2561646],[101.0127258,2.2554241],[101.0131307,2.2546881],[101.013583,2.2538533],[101.0138478,2.2533641],[101.0143145,2.2528615],[101.0146511,2.2525339],[101.0155981,2.2515465],[101.0159347,2.2511875],[101.016168,2.2509362],[101.0164149,2.2507073],[101.0168726,2.2502854],[101.0174112,2.2497155],[101.017492,2.2496302],[101.0179138,2.2492039],[101.018228,2.2488403],[101.0186274,2.2484274],[101.0188473,2.2481672],[101.0192467,2.2477408],[101.0194173,2.2475613],[101.0195968,2.2473907],[101.019884,2.247292],[101.0200186,2.2472157],[101.0203059,2.2470272],[101.0205796,2.2468118],[101.0206918,2.246749],[101.0216118,2.2461027],[101.0225363,2.2455013],[101.0248364,2.2439505],[101.0260833,2.243015],[101.0266442,2.2426085],[101.0266809,2.2425823],[101.0266994,2.2425669],[101.0267146,2.2425499],[101.0267215,2.2425285],[101.0267142,2.2425015]]}},{"type":"Feature","properties":{"scope":"Sinaboi","osmId":675012554,"highway":"residential","name":null},"geometry":{"type":"LineString","coordinates":[[101.0267142,2.2425015],[101.0266767,2.2424297]]}},{"type":"Feature","properties":{"scope":"Sinaboi","osmId":675012555,"highway":"residential","name":null},"geometry":{"type":"LineString","coordinates":[[101.0266767,2.2424297],[101.0265768,2.2422956],[101.0264861,2.2421849],[101.0263926,2.2420866],[101.026251,2.2419438],[101.0260835,2.2417684],[101.0260477,2.2417184],[101.026018,2.2416623],[101.0259829,2.2415754]]}},{"type":"Feature","properties":{"scope":"Sinaboi","osmId":675012556,"highway":"residential","name":null},"geometry":{"type":"LineString","coordinates":[[100.9877106,2.2827943],[100.9877218,2.2828496]]}},{"type":"Feature","properties":{"scope":"Sinaboi","osmId":675012557,"highway":"residential","name":null},"geometry":{"type":"LineString","coordinates":[[100.9877218,2.2828496],[100.9877452,2.2829386]]}},{"type":"Feature","properties":{"scope":"Sinaboi","osmId":675012558,"highway":"residential","name":null},"geometry":{"type":"LineString","coordinates":[[100.9877452,2.2829386],[100.9878202,2.2831682],[100.9878531,2.2832712],[100.9878929,2.2834071],[100.9879726,2.2837397],[100.9880453,2.2840231],[100.9880757,2.2841496],[100.9881132,2.2842386],[100.9881812,2.2843674],[100.9882586,2.2844915],[100.9884438,2.2847679],[100.9886946,2.285131],[100.9898843,2.2870268]]}},{"type":"Feature","properties":{"scope":"Sinaboi","osmId":675012559,"highway":"track","name":null},"geometry":{"type":"LineString","coordinates":[[101.0027493,2.2492159],[101.0021389,2.2476959],[101.0018382,2.2470138],[101.0016453,2.2464618],[101.0013939,2.2458783],[101.0012907,2.2456943],[101.00099,2.2452545],[101.0007432,2.2448506],[101.0004605,2.2442672],[101.0003079,2.2440203],[100.9999533,2.2433651],[100.999806,2.243121],[100.9997217,2.2429722],[100.9996267,2.2427914],[100.9994847,2.242451],[100.9992379,2.2417757],[100.9991345,2.2414927],[100.9990524,2.2412044]]}},{"type":"Feature","properties":{"scope":"Sinaboi","osmId":675012560,"highway":"track","name":null},"geometry":{"type":"LineString","coordinates":[[101.0027493,2.2492159],[101.002665,2.24926]]}},{"type":"Feature","properties":{"scope":"Sinaboi","osmId":675012561,"highway":"track","name":null},"geometry":{"type":"LineString","coordinates":[[101.002665,2.24926],[101.0023204,2.2494457],[101.0020826,2.2495688],[101.0018461,2.249681],[101.0016983,2.2497486],[101.0015739,2.2497996],[101.0013967,2.2498654],[101.0010199,2.2499953],[101.0004432,2.2501879],[101.0001055,2.2502946],[100.9997614,2.2503948],[100.99954,2.2504569]]}},{"type":"Feature","properties":{"scope":"Sinaboi","osmId":675012562,"highway":"residential","name":null},"geometry":{"type":"LineString","coordinates":[[101.0166306,2.280954],[101.0171433,2.280655],[101.0178239,2.2802687],[101.0182768,2.2799984],[101.0186307,2.2797871]]}},{"type":"Feature","properties":{"scope":"Sinaboi","osmId":675012563,"highway":"residential","name":null},"geometry":{"type":"LineString","coordinates":[[101.0182768,2.2799984],[101.0183355,2.2800646],[101.0183565,2.280104],[101.0183697,2.280142],[101.0183697,2.2801827],[101.0182404,2.2815959]]}},{"type":"Feature","properties":{"scope":"Sinaboi","osmId":675012564,"highway":"residential","name":null},"geometry":{"type":"LineString","coordinates":[[101.0182404,2.2815959],[101.01823,2.2816394]]}},{"type":"Feature","properties":{"scope":"Sinaboi","osmId":675012565,"highway":"residential","name":null},"geometry":{"type":"LineString","coordinates":[[101.0182046,2.2817414],[101.0178889,2.2830203],[101.0177884,2.2834544],[101.0177458,2.2836638],[101.0177015,2.2838868],[101.0176879,2.2839702],[101.0176947,2.2840093],[101.0177134,2.2840485],[101.0178327,2.2842493]]}},{"type":"Feature","properties":{"scope":"Sinaboi","osmId":675012566,"highway":"residential","name":null},"geometry":{"type":"LineString","coordinates":[[101.0217914,2.2831205],[101.021557,2.2836373],[101.0215281,2.2837524],[101.0215109,2.2838733],[101.0214965,2.2843541],[101.0214958,2.2844566],[101.0215002,2.2845441],[101.0215188,2.2846805],[101.0215339,2.2847917],[101.0215771,2.2851169],[101.0216065,2.2852785],[101.0216065,2.2853764],[101.0215693,2.2854642],[101.0214848,2.2855622],[101.0212009,2.2858964],[101.02113,2.2859809],[101.0210291,2.2860601]]}},{"type":"Feature","properties":{"scope":"Sinaboi","osmId":675012567,"highway":"residential","name":null},"geometry":{"type":"LineString","coordinates":[[101.0215188,2.2846805],[101.0218261,2.284852],[101.0219833,2.2849417],[101.0220282,2.2849771],[101.0220662,2.2850159],[101.022163,2.2851281],[101.0226157,2.2856522],[101.0232246,2.2863999],[101.0238335,2.2871075],[101.0239595,2.2872468],[101.0239756,2.2872817],[101.0242804,2.288336],[101.0242894,2.2883671],[101.0243189,2.2884126],[101.024386,2.2884689],[101.0250673,2.288753]]}},{"type":"Feature","properties":{"scope":"Sinaboi","osmId":675013438,"highway":"service","name":null},"geometry":{"type":"LineString","coordinates":[[101.0313421,2.2486409],[101.0314341,2.2486186]]}},{"type":"Feature","properties":{"scope":"Sinaboi","osmId":675013439,"highway":"service","name":null},"geometry":{"type":"LineString","coordinates":[[101.0314341,2.2486186],[101.0323375,2.2484238],[101.0366398,2.2474559],[101.0387123,2.2469792],[101.0398652,2.2466937],[101.0407223,2.2465306],[101.0413549,2.2464337],[101.0417783,2.2463725],[101.0419926,2.2463369],[101.0425028,2.2461177],[101.043069,2.2458883],[101.0436455,2.2456895],[101.0441863,2.2455467],[101.0449668,2.2453275],[101.0454506,2.2451948],[101.046095,2.2449648],[101.0466014,2.2448269]]}},{"type":"Feature","properties":{"scope":"Sinaboi","osmId":675013440,"highway":"service","name":null},"geometry":{"type":"LineString","coordinates":[[101.0215392,2.2522054],[101.0220015,2.2516571],[101.0220344,2.2516269],[101.0220739,2.2516048],[101.0221095,2.2515974],[101.0221772,2.251594],[101.0229095,2.2515954],[101.0233638,2.2515933],[101.0234807,2.2515923],[101.0235539,2.2515842],[101.0236362,2.2515669],[101.0237358,2.2515263],[101.0238201,2.2514847],[101.0238821,2.2514603],[101.0239574,2.251443],[101.0240336,2.2514359],[101.0241423,2.2514379],[101.0242602,2.2514522],[101.0243639,2.2514684],[101.0244493,2.2514826],[101.0245062,2.2514877],[101.024557,2.2514816],[101.02462,2.2514593],[101.024868,2.2513557],[101.025176,2.2512064],[101.0254504,2.251052],[101.025734,2.2508743],[101.026232,2.2505412],[101.0269028,2.2501126],[101.0277992,2.2495479],[101.0284792,2.2491133],[101.0292877,2.2486117],[101.030483,2.2478441]]}},{"type":"Feature","properties":{"scope":"Sinaboi","osmId":675014769,"highway":"service","name":null},"geometry":{"type":"LineString","coordinates":[[101.0179138,2.2492039],[101.0189147,2.2501475],[101.0208761,2.2516757],[101.0215392,2.2522054]]}},{"type":"Feature","properties":{"scope":"Sinaboi","osmId":675014770,"highway":"service","name":null},"geometry":{"type":"LineString","coordinates":[[101.030483,2.2478441],[101.0308185,2.2485472],[101.0308825,2.2486211],[101.0309645,2.2486651],[101.0310524,2.248687],[101.0311364,2.248685],[101.0312203,2.2486691],[101.0313421,2.2486409]]}},{"type":"Feature","properties":{"scope":"Sinaboi","osmId":675016866,"highway":"residential","name":null},"geometry":{"type":"LineString","coordinates":[[101.0238335,2.2871075],[101.0246509,2.2865695],[101.0250298,2.2863294],[101.0251685,2.286234],[101.0253164,2.2860893],[101.0255721,2.285806],[101.0258895,2.2854459],[101.0261755,2.2851448],[101.0262935,2.2850275],[101.0266301,2.2846554],[101.0279218,2.2831906],[101.0280519,2.2831008],[101.0281866,2.2830425],[101.0282494,2.283029],[101.0284514,2.283029],[101.0287835,2.2830469],[101.0296586,2.2831277],[101.029883,2.2831636],[101.0302273,2.2832592],[101.0306162,2.2833989],[101.0308147,2.2834755],[101.0310041,2.2835536],[101.0312303,2.283651],[101.0314159,2.2837365],[101.0315666,2.283816],[101.0316953,2.2838923],[101.0318527,2.2839852],[101.0323805,2.2843021],[101.0326465,2.2844645],[101.0328501,2.2845782],[101.0329901,2.284662],[101.0330769,2.2847206],[101.0336923,2.2851458],[101.0341465,2.285448],[101.034501,2.2855871],[101.0350126,2.2857172],[101.035264,2.2857307],[101.0367091,2.2857217],[101.0375797,2.2857352],[101.0380958,2.2857935],[101.0383875,2.2858474],[101.0388363,2.2859192],[101.0391736,2.2859701],[101.0394467,2.2860089],[101.0399106,2.2860738],[101.0402342,2.2860986],[101.0403285,2.2861047],[101.0403687,2.2861076],[101.0403981,2.2861213],[101.0404138,2.2861429],[101.0404207,2.2861801],[101.0404619,2.2866093],[101.0404776,2.2867465],[101.0404943,2.2868142],[101.0405266,2.2869357],[101.04056,2.2870543],[101.0405796,2.2871336],[101.0405855,2.2871758],[101.0405874,2.2872297],[101.0405815,2.2873924],[101.0405668,2.2875129],[101.0405492,2.2876501],[101.0405541,2.2876854],[101.0405796,2.2877207],[101.0406139,2.2877501],[101.0406325,2.2877804],[101.0406394,2.2878216],[101.0406355,2.2878775],[101.0406325,2.2879167],[101.0406453,2.2879696],[101.0406698,2.2880754],[101.0407071,2.2882606],[101.0407463,2.2884272],[101.0407551,2.288489],[101.0407767,2.2886174],[101.0408091,2.2887869],[101.0408611,2.2889956]]}},{"type":"Feature","properties":{"scope":"Sinaboi","osmId":675063504,"highway":"residential","name":null},"geometry":{"type":"LineString","coordinates":[[100.9842652,2.2401344],[100.9828367,2.240341],[100.9820968,2.2404505],[100.9811439,2.2405724],[100.9809555,2.2405985],[100.9808366,2.2406238],[100.9807531,2.2406491],[100.9806545,2.2407148],[100.9805887,2.2407729],[100.9805154,2.2408386],[100.9803889,2.2408993],[100.9802397,2.2409473],[100.9795369,2.241129],[100.9790664,2.241262]]}},{"type":"Feature","properties":{"scope":"Sinaboi","osmId":675063505,"highway":"residential","name":null},"geometry":{"type":"LineString","coordinates":[[100.9842524,2.2400967],[100.9842362,2.2400112]]}},{"type":"Feature","properties":{"scope":"Sinaboi","osmId":675063506,"highway":"residential","name":null},"geometry":{"type":"LineString","coordinates":[[100.9842362,2.2400112],[100.9840568,2.2391297]]}},{"type":"Feature","properties":{"scope":"Sinaboi","osmId":675063507,"highway":"track","name":null},"geometry":{"type":"LineString","coordinates":[[100.9790146,2.2411805],[100.9790036,2.2411457],[100.9785087,2.2398666],[100.9782291,2.2391438],[100.9780057,2.2385403],[100.977714,2.2376653],[100.9776318,2.2374102],[100.9774409,2.2368],[100.9773454,2.2365449],[100.9773077,2.2364229],[100.9771456,2.2358859],[100.9767814,2.2347633],[100.976535,2.2340622],[100.9764817,2.2339157],[100.9763485,2.2335607],[100.9762197,2.233137],[100.9761309,2.2328375],[100.9760043,2.2322451],[100.9759665,2.2320742],[100.9758022,2.2314552],[100.9756379,2.2307386],[100.9754958,2.230175],[100.9753604,2.2296359],[100.9752027,2.2290257],[100.9751361,2.2286574],[100.9747687,2.2271107],[100.9745857,2.2263223],[100.9745171,2.2258691],[100.9743265,2.2249245],[100.9742122,2.2243951],[100.9740978,2.2237019],[100.9739835,2.2228602],[100.9739187,2.2226469],[100.9737967,2.2220718],[100.9737624,2.2218775],[100.9736175,2.2210282],[100.9735566,2.220594],[100.9734117,2.219756],[100.9733202,2.2190095],[100.9732516,2.2183963],[100.9731262,2.2179483],[100.9731411,2.2176688],[100.973042,2.2170214],[100.9729772,2.2167395],[100.9729505,2.2165491],[100.9727371,2.2152351],[100.9725808,2.2143819],[100.9724588,2.2135668],[100.9724173,2.2132132],[100.9723812,2.2129309]]}},{"type":"Feature","properties":{"scope":"Sinaboi","osmId":676082727,"highway":"residential","name":null},"geometry":{"type":"LineString","coordinates":[[100.9783384,2.2850608],[100.9784399,2.2870128],[100.9784838,2.2882843],[100.9785079,2.2889366],[100.9785361,2.2893467],[100.978576,2.2900849],[100.9785978,2.290448],[100.9786244,2.2909857],[100.9786488,2.291377],[100.9787178,2.2919879],[100.978728,2.2920368],[100.9787479,2.292067],[100.9787751,2.2920905],[100.9788024,2.2921038],[100.978837,2.2921133],[100.9788716,2.292117],[100.9790396,2.2921229],[100.9790823,2.2921266],[100.9791169,2.2921384],[100.979142,2.2921516],[100.9791936,2.2921936],[100.97923,2.2922203],[100.9792544,2.2922296],[100.9792823,2.292233]]}},{"type":"Feature","properties":{"scope":"Sinaboi","osmId":676082729,"highway":"residential","name":null},"geometry":{"type":"LineString","coordinates":[[100.9786488,2.291377],[100.9788659,2.2913604],[100.9795201,2.2912957],[100.9797991,2.2912679],[100.9800227,2.291249],[100.9801412,2.2912454]]}},{"type":"Feature","properties":{"scope":"Sinaboi","osmId":676082731,"highway":"residential","name":null},"geometry":{"type":"LineString","coordinates":[[100.9804156,2.2884067],[100.9803092,2.2884158],[100.9801995,2.2884273],[100.980141,2.2884297],[100.9800005,2.2884318],[100.9798114,2.2884268],[100.9796094,2.2884181],[100.9793167,2.2883987],[100.9791562,2.2883816],[100.9790137,2.2883644],[100.978809,2.2883347],[100.9784838,2.2882843]]}},{"type":"Feature","properties":{"scope":"Sinaboi","osmId":676082733,"highway":"residential","name":null},"geometry":{"type":"LineString","coordinates":[[100.9800704,2.2877318],[100.9801107,2.2879905],[100.980129,2.2881626],[100.9801375,2.2883041],[100.980141,2.2884297]]}},{"type":"Feature","properties":{"scope":"Sinaboi","osmId":676082735,"highway":"residential","name":null},"geometry":{"type":"LineString","coordinates":[[100.9801412,2.2912454],[100.9802071,2.2912484],[100.9802709,2.2912534],[100.9803366,2.2912608]]}},{"type":"Feature","properties":{"scope":"Sinaboi","osmId":676082737,"highway":"residential","name":null},"geometry":{"type":"LineString","coordinates":[[100.9803366,2.2912608],[100.9807044,2.2913143],[100.9811825,2.2913765],[100.9817589,2.2914688],[100.9818807,2.2914863],[100.9821557,2.2915181],[100.9825077,2.2915487],[100.9826685,2.2915659],[100.982796,2.2915845],[100.9828877,2.2916111],[100.9829608,2.2916323],[100.9830206,2.2916403],[100.9831268,2.2916482],[100.983261,2.2916628],[100.9833474,2.2916761],[100.9833709,2.2916809],[100.9833972,2.2916888],[100.9834168,2.2917013],[100.9834597,2.2917359],[100.9834964,2.2917625],[100.9835255,2.2917792],[100.9835497,2.29179],[100.983576,2.2917954],[100.9836014,2.2917979],[100.9836422,2.2917988],[100.9836814,2.2917963],[100.9837202,2.2917921],[100.9838169,2.2917804],[100.9838565,2.2917775],[100.9839027,2.291775],[100.9839436,2.2917754],[100.9840036,2.2917792],[100.9840699,2.2917896],[100.9841124,2.2917963],[100.9842274,2.2918117],[100.9843262,2.2918267],[100.9844891,2.2918487],[100.9848428,2.2919011],[100.9852546,2.2919612],[100.9854603,2.2919911],[100.9857288,2.2920291],[100.9860025,2.2920661],[100.9860917,2.292078],[100.9861469,2.2920847],[100.9861933,2.2920892],[100.9862344,2.2920917],[100.9863186,2.2920967]]}},{"type":"Feature","properties":{"scope":"Sinaboi","osmId":676620759,"highway":"residential","name":null},"geometry":{"type":"LineString","coordinates":[[100.9730488,2.2665861],[100.9731075,2.2665818],[100.9731947,2.2682995],[100.9732486,2.2701385],[100.9733454,2.2724486],[100.973403,2.2742058],[100.9735018,2.2764049],[100.9735084,2.2764526],[100.9735218,2.276498],[100.9735433,2.2765458],[100.9735598,2.2766063],[100.9735579,2.27666],[100.9735556,2.2773025],[100.9736005,2.2780654],[100.973656,2.2808439]]}},{"type":"Feature","properties":{"scope":"Sinaboi","osmId":676620762,"highway":"residential","name":null},"geometry":{"type":"LineString","coordinates":[[100.9790664,2.241262],[100.9792642,2.2417495],[100.9794296,2.2422286],[100.9795245,2.2425079],[100.9797983,2.2434145],[100.9806958,2.2462104],[100.9809962,2.2472828],[100.9814132,2.2486634],[100.9818428,2.2500878]]}},{"type":"Feature","properties":{"scope":"Sinaboi","osmId":676620765,"highway":"residential","name":null},"geometry":{"type":"LineString","coordinates":[[100.9785647,2.2501478],[100.9784665,2.2513013],[100.9784623,2.2515261],[100.978458,2.2520138],[100.978458,2.2528026],[100.9784665,2.2530868],[100.9785005,2.2535278],[100.9785599,2.2539562],[100.9785981,2.2543294],[100.9786066,2.2547238],[100.9785896,2.256064],[100.9785599,2.2562973],[100.9785132,2.2564499],[100.9784877,2.2566493],[100.9784623,2.2570606],[100.978475,2.2572218],[100.9786358,2.2579369],[100.9794078,2.2611192],[100.9799464,2.2633586],[100.9799868,2.2635157],[100.9801034,2.2640542],[100.980247,2.2647544],[100.9803817,2.2653153],[100.9804714,2.2657148],[100.9810983,2.2688533],[100.9816442,2.271349],[100.9823345,2.2747226],[100.9831755,2.2787672],[100.983916,2.2824417],[100.9841826,2.2837033]]}},{"type":"Feature","properties":{"scope":"Sinaboi","osmId":676620769,"highway":"residential","name":null},"geometry":{"type":"LineString","coordinates":[[100.9865314,2.2503186],[100.986583,2.2502124],[100.9866169,2.2501362],[100.9866307,2.2500685],[100.98664,2.2500031],[100.9866454,2.2498968],[100.9866469,2.2497283],[100.98665,2.2495136],[100.9866741,2.2491947],[100.9866822,2.248932],[100.9867009,2.2486211],[100.9867251,2.2482727],[100.9867519,2.2479539],[100.9867705,2.2477108],[100.9867855,2.2475251],[100.9867961,2.2474181],[100.9867988,2.2472899],[100.9867882,2.2471476],[100.9867785,2.2470583],[100.9867572,2.2469655],[100.9867156,2.2468001],[100.986598,2.2463802],[100.9864865,2.2460663],[100.9864767,2.2460177],[100.9863081,2.2454083],[100.9862116,2.2450598],[100.985637,2.243769],[100.9852151,2.2425214],[100.9850222,2.2420502],[100.9848875,2.2417719],[100.9847529,2.2414443],[100.9846138,2.2411661],[100.9842652,2.2401344],[100.9842524,2.2400967]]}},{"type":"Feature","properties":{"scope":"Sinaboi","osmId":676620773,"highway":"residential","name":null},"geometry":{"type":"LineString","coordinates":[[100.9818428,2.2500878],[100.9818715,2.2501699]]}},{"type":"Feature","properties":{"scope":"Sinaboi","osmId":676620774,"highway":"residential","name":null},"geometry":{"type":"LineString","coordinates":[[100.9670028,2.2679703],[100.9691723,2.26737],[100.9711791,2.2668281],[100.9721095,2.266678],[100.972606,2.2666154],[100.9728355,2.2665988],[100.9729052,2.2665937]]}},{"type":"Feature","properties":{"scope":"Sinaboi","osmId":676620775,"highway":"residential","name":null},"geometry":{"type":"LineString","coordinates":[[100.9729052,2.2665937],[100.9730488,2.2665861]]}},{"type":"Feature","properties":{"scope":"Sinaboi","osmId":676620776,"highway":"residential","name":null},"geometry":{"type":"LineString","coordinates":[[100.9784577,2.2501439],[100.9784115,2.2501418],[100.9780076,2.250088],[100.9775139,2.2499892],[100.9770876,2.2498725],[100.9763246,2.249527],[100.9761227,2.2494327],[100.9760958,2.2494058],[100.9750912,2.2489744],[100.9748731,2.2488617],[100.9743493,2.2485326],[100.9735346,2.2480674],[100.9730284,2.2477709],[100.9725104,2.2475499],[100.9715677,2.2471313],[100.9699791,2.246416],[100.9687046,2.2458288],[100.9673488,2.2452066],[100.9665457,2.2447414],[100.9656794,2.2442044],[100.9653697,2.2440293],[100.9642029,2.2432978],[100.963974,2.2431362],[100.9638394,2.2430599],[100.9623358,2.2421697],[100.9610077,2.2413312],[100.960021,2.2407227],[100.9587172,2.2399375],[100.957906,2.2394405],[100.9566964,2.2387175],[100.9553341,2.237907],[100.9545698,2.237456]]}},{"type":"Feature","properties":{"scope":"Sinaboi","osmId":676620777,"highway":"residential","name":null},"geometry":{"type":"LineString","coordinates":[[100.9785284,2.2501471],[100.9784577,2.2501439]]}},{"type":"Feature","properties":{"scope":"Sinaboi","osmId":676620778,"highway":"residential","name":null},"geometry":{"type":"LineString","coordinates":[[100.9736577,2.2809277],[100.9736587,2.2809768]]}},{"type":"Feature","properties":{"scope":"Sinaboi","osmId":676620779,"highway":"residential","name":null},"geometry":{"type":"LineString","coordinates":[[100.973656,2.2808439],[100.9736577,2.2809277]]}},{"type":"Feature","properties":{"scope":"Sinaboi","osmId":676620780,"highway":"residential","name":null},"geometry":{"type":"LineString","coordinates":[[100.9818715,2.2501699],[100.9818824,2.2502075]]}},{"type":"Feature","properties":{"scope":"Sinaboi","osmId":676630724,"highway":"track","name":null},"geometry":{"type":"LineString","coordinates":[[100.979039,2.2412313],[100.9790146,2.2411805]]}},{"type":"Feature","properties":{"scope":"Sinaboi","osmId":676630725,"highway":"track","name":null},"geometry":{"type":"LineString","coordinates":[[100.9790664,2.241262],[100.979039,2.2412313]]}},{"type":"Feature","properties":{"scope":"Sinaboi","osmId":816634515,"highway":"residential","name":null},"geometry":{"type":"LineString","coordinates":[[101.022068,2.2883766],[101.0231374,2.288036]]}},{"type":"Feature","properties":{"scope":"Sinaboi","osmId":816634516,"highway":"residential","name":null},"geometry":{"type":"LineString","coordinates":[[101.024732,2.2896508],[101.0241848,2.2896884],[101.0240024,2.2896723],[101.0236028,2.289549],[101.0235786,2.2895302],[101.0235652,2.2895008],[101.0234982,2.2889862],[101.0234982,2.2889513],[101.0234821,2.2889031],[101.0231374,2.288036],[101.0229819,2.2876257],[101.0229557,2.2875789]]}},{"type":"Feature","properties":{"scope":"Sinaboi","osmId":816634517,"highway":"residential","name":null},"geometry":{"type":"LineString","coordinates":[[101.0229819,2.2876257],[101.0239756,2.2872817]]}},{"type":"Feature","properties":{"scope":"Sinaboi","osmId":819670175,"highway":"residential","name":null},"geometry":{"type":"LineString","coordinates":[[101.01823,2.2816394],[101.0182046,2.2817414]]}},{"type":"Feature","properties":{"scope":"Sinaboi","osmId":839016033,"highway":"primary","name":"Jalan Bagan Siapiapi - Sinaboi"},"geometry":{"type":"LineString","coordinates":[[100.9699115,2.278586],[100.9701314,2.278568],[100.9702211,2.2785815],[100.9716483,2.2790841],[100.9718727,2.2792053],[100.9720297,2.279322],[100.9724875,2.2797169],[100.9727074,2.279874],[100.9729722,2.2800311],[100.9730844,2.2801253],[100.9732235,2.2802959],[100.9732908,2.2804036],[100.9733582,2.2805382],[100.97343,2.2807357],[100.9734883,2.2808434],[100.9735377,2.2808973],[100.9736174,2.2809548],[100.9736587,2.2809768],[100.9736947,2.280996],[100.9744128,2.2812742],[100.9747225,2.2814268],[100.9767151,2.2826071],[100.9770729,2.2828525],[100.9771907,2.2830136],[100.9773302,2.2833111],[100.9778791,2.2848387],[100.9779411,2.2849347],[100.9780218,2.2850091],[100.978121,2.2850617],[100.9782662,2.2850688],[100.9783384,2.2850608],[100.9784032,2.2850401],[100.9794823,2.2847736],[100.980915,2.2844854],[100.98245,2.2841415],[100.9836997,2.2838316],[100.9841826,2.2837033],[100.9863132,2.2831386],[100.9868008,2.2829863],[100.9874712,2.2828442],[100.9877106,2.2827943],[100.9882991,2.2826717],[100.988553,2.2826006],[100.9888105,2.28251],[100.9894469,2.282286],[100.9921743,2.2812862],[100.9954046,2.2801037],[100.9978831,2.2792562],[100.9981574,2.2792156],[100.9986704,2.2792207],[100.9990716,2.279175],[101.000079,2.278954],[101.0019056,2.2784828],[101.0020626,2.2784693],[101.0023947,2.2784693],[101.0034269,2.2785142],[101.003777,2.2785142],[101.0049214,2.2784828],[101.0055677,2.2784244],[101.0059132,2.2784155],[101.0077443,2.2787655],[101.0082469,2.2788642],[101.0089425,2.278936],[101.0099523,2.2790707],[101.0112583,2.2792682],[101.0114782,2.2792861],[101.0120616,2.2793848],[101.0135426,2.2795823],[101.0139286,2.2796541],[101.0147768,2.2797708],[101.0151762,2.2798606],[101.0155622,2.2799914],[101.015937,2.280147],[101.016108,2.2802471],[101.0161856,2.2803205],[101.0162498,2.2804029],[101.0166306,2.280954],[101.0168828,2.2813148],[101.0169364,2.281361],[101.01702,2.2814167],[101.0171461,2.281489],[101.0172446,2.2815438],[101.0173278,2.2815853],[101.017411,2.2816141],[101.0174547,2.2816242],[101.017502,2.2816293],[101.0176041,2.2816315],[101.0182404,2.2815959],[101.0184092,2.2815901]]}},{"type":"Feature","properties":{"scope":"Sinaboi","osmId":839016034,"highway":"primary","name":"Jalan Bagan Siapiapi - Sinaboi"},"geometry":{"type":"LineString","coordinates":[[100.96971,2.2786304],[100.9699115,2.278586]]}},{"type":"Feature","properties":{"scope":"Sinaboi","osmId":1329316008,"highway":"primary","name":"Jalan Batu Teritip (Batas Kab. Rokan Hilir) - Sinaboi"},"geometry":{"type":"LineString","coordinates":[[101.0326493,2.2041164],[101.0317186,2.2054872],[101.0311254,2.2064027],[101.0309871,2.2066213],[101.0309421,2.2067075],[101.0309009,2.2068349],[101.0307621,2.2073746],[101.0305296,2.2081466],[101.0303158,2.2086863],[101.0301935,2.2090693],[101.0301396,2.2093017],[101.0300311,2.2098235],[101.0299619,2.2102507],[101.0298886,2.2106715],[101.0296283,2.2134206],[101.0292751,2.2159097],[101.029176,2.2162688],[101.0290514,2.2164596],[101.0288514,2.2167056],[101.0284976,2.2171637],[101.0280207,2.2178247],[101.026327,2.2202279],[101.0251393,2.2218457],[101.0249957,2.2219714],[101.0229941,2.2231203],[101.0220741,2.2236544],[101.0218766,2.2238114],[101.0217869,2.2239012],[101.0216477,2.2240762],[101.0212528,2.2248033],[101.0208893,2.2254181],[101.0206469,2.2259477],[101.019893,2.2272806],[101.0194846,2.2280839],[101.0187216,2.2294213],[101.0182336,2.2302189],[101.0178441,2.2309044],[101.017492,2.231562],[101.017228,2.2320948],[101.0169522,2.2326178],[101.0168726,2.2327647],[101.0165944,2.2332853],[101.0163251,2.2338508],[101.016184,2.2341426],[101.0159795,2.2345644],[101.0155981,2.2353004],[101.0147095,2.2369878],[101.014319,2.2376431],[101.0140363,2.2381771],[101.0138074,2.2385631],[101.0131971,2.2396806],[101.0130041,2.2400037],[101.0126406,2.2407128],[101.0123444,2.2412513],[101.0119674,2.2418841],[101.0114333,2.2428266],[101.0111416,2.2432754],[101.0107557,2.24398],[101.0103517,2.2446352],[101.0101184,2.2449852],[101.0099703,2.2452635],[101.0097459,2.245636],[101.0091176,2.2469016],[101.0088214,2.2474311],[101.0084758,2.2481088],[101.0081078,2.2487102],[101.0074795,2.2498097],[101.006739,2.2512593],[101.0066521,2.2514637],[101.0065101,2.2517978],[101.0063082,2.2521569],[101.0062718,2.2522426],[101.0062444,2.2523319],[101.0062287,2.2524217],[101.0062184,2.2525114],[101.0062139,2.2526326],[101.0061986,2.2527102],[101.006169,2.2527807],[101.0060972,2.2528929],[101.0059761,2.2530185],[101.0054555,2.2534673],[101.0051189,2.2538039],[101.0050972,2.2538341],[101.0043425,2.2548855],[101.0040418,2.2555991],[101.003979,2.2558639],[101.00397,2.2560972],[101.0040149,2.2564518],[101.0040149,2.256555],[101.0039924,2.2566582],[101.0037815,2.2571294],[101.0033776,2.257852],[101.0029916,2.2586463],[101.0016497,2.260998],[101.0007656,2.2625059],[101.0005861,2.2628156],[101.0002809,2.2634125],[100.9998007,2.2641979],[100.9994148,2.2647858],[100.9981582,2.2669085],[100.9977857,2.2675323],[100.9971035,2.2686229],[100.9967759,2.269157],[100.996556,2.2695743],[100.9958514,2.2707546],[100.9956135,2.2712124],[100.9952904,2.2717869],[100.9949942,2.2723793],[100.9944871,2.2733217],[100.9942896,2.2735596],[100.9941325,2.2736852],[100.9938408,2.2738647],[100.993419,2.2740891],[100.9929789,2.2743496],[100.992858,2.2744212],[100.9927278,2.274529],[100.9925708,2.274704],[100.9922701,2.2751034],[100.9919559,2.2755701],[100.9914353,2.2766472],[100.9913545,2.2768447],[100.9910943,2.2773832],[100.9908384,2.2778051],[100.9901666,2.2787686],[100.9899051,2.2791126],[100.9896959,2.2793783],[100.9895041,2.2796004],[100.9893777,2.2797964],[100.9892643,2.2800534],[100.9891815,2.2803408],[100.9891379,2.2805804],[100.9890134,2.2812816],[100.9888923,2.2817441],[100.9888678,2.2818777],[100.9888473,2.2819894],[100.9888268,2.2822715],[100.9888105,2.28251]]}},{"type":"Feature","properties":{"scope":"Sinaboi","osmId":1359886617,"highway":"residential","name":null},"geometry":{"type":"LineString","coordinates":[[101.0234982,2.2889513],[101.0236209,2.2889346],[101.0237537,2.2889071],[101.0238556,2.2888863],[101.0238797,2.2888729],[101.0239072,2.2888388],[101.0239407,2.2887919],[101.0241654,2.2884857],[101.0242804,2.288336]]}},{"type":"Feature","properties":{"scope":"Sinaboi","osmId":1359886618,"highway":"residential","name":null},"geometry":{"type":"LineString","coordinates":[[101.0220739,2.2897969],[101.0222282,2.2897902],[101.0224119,2.2897701],[101.0225956,2.2897446],[101.0227619,2.2897004],[101.0229202,2.2896348],[101.023128,2.289553],[101.0232648,2.2894914],[101.0233198,2.2894847],[101.0234003,2.2894927],[101.0235652,2.2895008]]}}]}