overallRank,villageRank,polygonId,village,district,regency,areaHa,priorityClass,priorityLabel,priorityScore,needScore,suitabilityScore,riskScore,confidence,decisionReason,methodVersion
1,1,MPR-BCAA11DE61,Kelurahan Tanjung Palas,Dumai Timur,Kota Dumai,0.978,P2,Regenerasi alami terbantu,71.8,63,84,30,tinggi,Kondisi biofisik relatif mendukung pemulihan vegetasi.,mangrove-priority-2016-2025-v0.1
2,2,MPR-8495FF1810,Kelurahan Tanjung Palas,Dumai Timur,Kota Dumai,0.96,P2,Regenerasi alami terbantu,71.8,63,84,30,tinggi,Kondisi biofisik relatif mendukung pemulihan vegetasi.,mangrove-priority-2016-2025-v0.1
3,3,MPR-C09B645C40,Kelurahan Tanjung Palas,Dumai Timur,Kota Dumai,0.827,P2,Regenerasi alami terbantu,71.8,63,84,30,tinggi,Kondisi biofisik relatif mendukung pemulihan vegetasi.,mangrove-priority-2016-2025-v0.1
4,4,MPR-9B1F4CAD10,Kelurahan Tanjung Palas,Dumai Timur,Kota Dumai,0.739,P2,Regenerasi alami terbantu,71.8,63,84,30,tinggi,Kondisi biofisik relatif mendukung pemulihan vegetasi.,mangrove-priority-2016-2025-v0.1
5,5,MPR-D95E35232C,Kelurahan Tanjung Palas,Dumai Timur,Kota Dumai,0.727,P2,Regenerasi alami terbantu,71.8,63,84,30,tinggi,Kondisi biofisik relatif mendukung pemulihan vegetasi.,mangrove-priority-2016-2025-v0.1
6,6,MPR-9B9E5D3296,Kelurahan Tanjung Palas,Dumai Timur,Kota Dumai,0.668,P2,Regenerasi alami terbantu,71.8,63,84,30,tinggi,Kondisi biofisik relatif mendukung pemulihan vegetasi.,mangrove-priority-2016-2025-v0.1
7,7,MPR-1AA80E9E46,Kelurahan Tanjung Palas,Dumai Timur,Kota Dumai,0.638,P2,Regenerasi alami terbantu,71.8,63,84,30,tinggi,Kondisi biofisik relatif mendukung pemulihan vegetasi.,mangrove-priority-2016-2025-v0.1
8,8,MPR-C6CB249A81,Kelurahan Tanjung Palas,Dumai Timur,Kota Dumai,0.604,P2,Regenerasi alami terbantu,71.8,63,84,30,tinggi,Kondisi biofisik relatif mendukung pemulihan vegetasi.,mangrove-priority-2016-2025-v0.1
9,9,MPR-D893459FFC,Kelurahan Tanjung Palas,Dumai Timur,Kota Dumai,0.56,P2,Regenerasi alami terbantu,71.8,63,84,30,tinggi,Kondisi biofisik relatif mendukung pemulihan vegetasi.,mangrove-priority-2016-2025-v0.1
10,10,MPR-6494EEA45D,Kelurahan Tanjung Palas,Dumai Timur,Kota Dumai,0.467,P2,Regenerasi alami terbantu,71.8,63,84,30,tinggi,Kondisi biofisik relatif mendukung pemulihan vegetasi.,mangrove-priority-2016-2025-v0.1
11,11,MPR-4BB30CCC7F,Kelurahan Tanjung Palas,Dumai Timur,Kota Dumai,0.465,P2,Regenerasi alami terbantu,71.8,63,84,30,tinggi,Kondisi biofisik relatif mendukung pemulihan vegetasi.,mangrove-priority-2016-2025-v0.1
12,12,MPR-987DE307FF,Kelurahan Tanjung Palas,Dumai Timur,Kota Dumai,0.438,P2,Regenerasi alami terbantu,71.8,63,84,30,tinggi,Kondisi biofisik relatif mendukung pemulihan vegetasi.,mangrove-priority-2016-2025-v0.1
13,13,MPR-622B093F98,Kelurahan Tanjung Palas,Dumai Timur,Kota Dumai,0.318,P2,Regenerasi alami terbantu,71.8,62,85,29,tinggi,Kondisi biofisik relatif mendukung pemulihan vegetasi.,mangrove-priority-2016-2025-v0.1
14,14,MPR-D690AF8081,Kelurahan Tanjung Palas,Dumai Timur,Kota Dumai,0.301,P2,Regenerasi alami terbantu,71.8,62,85,29,tinggi,Kondisi biofisik relatif mendukung pemulihan vegetasi.,mangrove-priority-2016-2025-v0.1
15,15,MPR-4CDBCF8B3A,Kelurahan Tanjung Palas,Dumai Timur,Kota Dumai,0.3,P2,Regenerasi alami terbantu,71.8,62,85,29,tinggi,Kondisi biofisik relatif mendukung pemulihan vegetasi.,mangrove-priority-2016-2025-v0.1
16,16,MPR-A6B4A0E7C3,Kelurahan Tanjung Palas,Dumai Timur,Kota Dumai,0.3,P2,Regenerasi alami terbantu,71.8,62,85,29,tinggi,Kondisi biofisik relatif mendukung pemulihan vegetasi.,mangrove-priority-2016-2025-v0.1
17,17,MPR-6C0F381854,Kelurahan Tanjung Palas,Dumai Timur,Kota Dumai,0.28,P2,Regenerasi alami terbantu,71.8,62,85,29,tinggi,Kondisi biofisik relatif mendukung pemulihan vegetasi.,mangrove-priority-2016-2025-v0.1
18,18,MPR-9CAE523D4C,Kelurahan Tanjung Palas,Dumai Timur,Kota Dumai,0.28,P2,Regenerasi alami terbantu,71.8,62,85,29,tinggi,Kondisi biofisik relatif mendukung pemulihan vegetasi.,mangrove-priority-2016-2025-v0.1
19,19,MPR-DAEED20D6B,Kelurahan Tanjung Palas,Dumai Timur,Kota Dumai,0.26,P2,Regenerasi alami terbantu,71.8,62,85,29,tinggi,Kondisi biofisik relatif mendukung pemulihan vegetasi.,mangrove-priority-2016-2025-v0.1
20,20,MPR-98BA3146FB,Kelurahan Tanjung Palas,Dumai Timur,Kota Dumai,0.231,P2,Regenerasi alami terbantu,71.8,62,85,29,tinggi,Kondisi biofisik relatif mendukung pemulihan vegetasi.,mangrove-priority-2016-2025-v0.1
21,21,MPR-D01D1238DB,Kelurahan Tanjung Palas,Dumai Timur,Kota Dumai,0.2,P2,Regenerasi alami terbantu,71.8,62,85,29,tinggi,Kondisi biofisik relatif mendukung pemulihan vegetasi.,mangrove-priority-2016-2025-v0.1
22,22,MPR-386F3FADF2,Kelurahan Tanjung Palas,Dumai Timur,Kota Dumai,0.188,P2,Regenerasi alami terbantu,71.8,62,85,29,tinggi,Kondisi biofisik relatif mendukung pemulihan vegetasi.,mangrove-priority-2016-2025-v0.1
23,23,MPR-3A05B7C692,Kelurahan Tanjung Palas,Dumai Timur,Kota Dumai,0.184,P2,Regenerasi alami terbantu,71.8,62,85,29,tinggi,Kondisi biofisik relatif mendukung pemulihan vegetasi.,mangrove-priority-2016-2025-v0.1
24,24,MPR-2570CD711A,Kelurahan Tanjung Palas,Dumai Timur,Kota Dumai,0.18,P2,Regenerasi alami terbantu,71.8,62,85,29,tinggi,Kondisi biofisik relatif mendukung pemulihan vegetasi.,mangrove-priority-2016-2025-v0.1
25,25,MPR-272FA42D86,Kelurahan Tanjung Palas,Dumai Timur,Kota Dumai,0.18,P2,Regenerasi alami terbantu,71.8,62,85,29,tinggi,Kondisi biofisik relatif mendukung pemulihan vegetasi.,mangrove-priority-2016-2025-v0.1
26,26,MPR-417428A58E,Kelurahan Tanjung Palas,Dumai Timur,Kota Dumai,0.169,P2,Regenerasi alami terbantu,71.8,62,85,29,tinggi,Kondisi biofisik relatif mendukung pemulihan vegetasi.,mangrove-priority-2016-2025-v0.1
27,27,MPR-3BE31475C7,Kelurahan Tanjung Palas,Dumai Timur,Kota Dumai,0.163,P2,Regenerasi alami terbantu,71.8,62,85,29,tinggi,Kondisi biofisik relatif mendukung pemulihan vegetasi.,mangrove-priority-2016-2025-v0.1
28,28,MPR-7B18F4D4C2,Kelurahan Tanjung Palas,Dumai Timur,Kota Dumai,0.16,P2,Regenerasi alami terbantu,71.8,62,85,29,tinggi,Kondisi biofisik relatif mendukung pemulihan vegetasi.,mangrove-priority-2016-2025-v0.1
29,29,MPR-CC6BA33D6B,Kelurahan Tanjung Palas,Dumai Timur,Kota Dumai,0.16,P2,Regenerasi alami terbantu,71.8,62,85,29,tinggi,Kondisi biofisik relatif mendukung pemulihan vegetasi.,mangrove-priority-2016-2025-v0.1
30,30,MPR-08AD37AF96,Kelurahan Tanjung Palas,Dumai Timur,Kota Dumai,0.15,P2,Regenerasi alami terbantu,71.8,62,85,29,tinggi,Kondisi biofisik relatif mendukung pemulihan vegetasi.,mangrove-priority-2016-2025-v0.1
31,31,MPR-924CC84971,Kelurahan Tanjung Palas,Dumai Timur,Kota Dumai,0.15,P2,Regenerasi alami terbantu,71.8,62,85,29,tinggi,Kondisi biofisik relatif mendukung pemulihan vegetasi.,mangrove-priority-2016-2025-v0.1
32,32,MPR-C7F45A2AF7,Kelurahan Tanjung Palas,Dumai Timur,Kota Dumai,0.15,P2,Regenerasi alami terbantu,71.8,62,85,29,tinggi,Kondisi biofisik relatif mendukung pemulihan vegetasi.,mangrove-priority-2016-2025-v0.1
33,33,MPR-62CB4E67E2,Kelurahan Tanjung Palas,Dumai Timur,Kota Dumai,0.148,P2,Regenerasi alami terbantu,71.8,62,85,29,tinggi,Kondisi biofisik relatif mendukung pemulihan vegetasi.,mangrove-priority-2016-2025-v0.1
34,34,MPR-1217A75EB1,Kelurahan Tanjung Palas,Dumai Timur,Kota Dumai,0.147,P2,Regenerasi alami terbantu,71.8,62,85,29,tinggi,Kondisi biofisik relatif mendukung pemulihan vegetasi.,mangrove-priority-2016-2025-v0.1
35,35,MPR-69E73AEFF0,Kelurahan Tanjung Palas,Dumai Timur,Kota Dumai,0.143,P2,Regenerasi alami terbantu,71.8,62,85,29,tinggi,Kondisi biofisik relatif mendukung pemulihan vegetasi.,mangrove-priority-2016-2025-v0.1
36,36,MPR-D8F4420EA8,Kelurahan Tanjung Palas,Dumai Timur,Kota Dumai,0.14,P2,Regenerasi alami terbantu,71.8,62,85,29,tinggi,Kondisi biofisik relatif mendukung pemulihan vegetasi.,mangrove-priority-2016-2025-v0.1
37,37,MPR-C3B97994A4,Kelurahan Tanjung Palas,Dumai Timur,Kota Dumai,0.138,P2,Regenerasi alami terbantu,71.8,62,85,29,tinggi,Kondisi biofisik relatif mendukung pemulihan vegetasi.,mangrove-priority-2016-2025-v0.1
38,38,MPR-D8767A202C,Kelurahan Tanjung Palas,Dumai Timur,Kota Dumai,0.136,P2,Regenerasi alami terbantu,71.8,62,85,29,tinggi,Kondisi biofisik relatif mendukung pemulihan vegetasi.,mangrove-priority-2016-2025-v0.1
39,39,MPR-3620DA6C6B,Kelurahan Tanjung Palas,Dumai Timur,Kota Dumai,0.135,P2,Regenerasi alami terbantu,71.8,62,85,29,tinggi,Kondisi biofisik relatif mendukung pemulihan vegetasi.,mangrove-priority-2016-2025-v0.1
40,40,MPR-45386CA1E5,Kelurahan Tanjung Palas,Dumai Timur,Kota Dumai,0.127,P2,Regenerasi alami terbantu,71.8,62,85,29,tinggi,Kondisi biofisik relatif mendukung pemulihan vegetasi.,mangrove-priority-2016-2025-v0.1
41,41,MPR-26115D4DAA,Kelurahan Tanjung Palas,Dumai Timur,Kota Dumai,0.123,P2,Regenerasi alami terbantu,71.8,62,85,29,tinggi,Kondisi biofisik relatif mendukung pemulihan vegetasi.,mangrove-priority-2016-2025-v0.1
42,42,MPR-7C56B73A1C,Kelurahan Tanjung Palas,Dumai Timur,Kota Dumai,0.121,P2,Regenerasi alami terbantu,71.8,62,85,29,tinggi,Kondisi biofisik relatif mendukung pemulihan vegetasi.,mangrove-priority-2016-2025-v0.1
43,43,MPR-0C509B95C9,Kelurahan Tanjung Palas,Dumai Timur,Kota Dumai,0.12,P2,Regenerasi alami terbantu,71.8,62,85,29,tinggi,Kondisi biofisik relatif mendukung pemulihan vegetasi.,mangrove-priority-2016-2025-v0.1
44,44,MPR-2F7ECC0A6D,Kelurahan Tanjung Palas,Dumai Timur,Kota Dumai,0.12,P2,Regenerasi alami terbantu,71.8,62,85,29,tinggi,Kondisi biofisik relatif mendukung pemulihan vegetasi.,mangrove-priority-2016-2025-v0.1
45,45,MPR-6450CA950A,Kelurahan Tanjung Palas,Dumai Timur,Kota Dumai,0.12,P2,Regenerasi alami terbantu,71.8,62,85,29,tinggi,Kondisi biofisik relatif mendukung pemulihan vegetasi.,mangrove-priority-2016-2025-v0.1
46,46,MPR-7BE9442E3D,Kelurahan Tanjung Palas,Dumai Timur,Kota Dumai,0.12,P2,Regenerasi alami terbantu,71.8,62,85,29,tinggi,Kondisi biofisik relatif mendukung pemulihan vegetasi.,mangrove-priority-2016-2025-v0.1
47,47,MPR-93725FF57E,Kelurahan Tanjung Palas,Dumai Timur,Kota Dumai,0.12,P2,Regenerasi alami terbantu,71.8,62,85,29,tinggi,Kondisi biofisik relatif mendukung pemulihan vegetasi.,mangrove-priority-2016-2025-v0.1
48,48,MPR-A0C29A4CF4,Kelurahan Tanjung Palas,Dumai Timur,Kota Dumai,0.12,P2,Regenerasi alami terbantu,71.8,62,85,29,tinggi,Kondisi biofisik relatif mendukung pemulihan vegetasi.,mangrove-priority-2016-2025-v0.1
49,49,MPR-B651362263,Kelurahan Tanjung Palas,Dumai Timur,Kota Dumai,0.12,P2,Regenerasi alami terbantu,71.8,62,85,29,tinggi,Kondisi biofisik relatif mendukung pemulihan vegetasi.,mangrove-priority-2016-2025-v0.1
50,50,MPR-DAF2FDF55E,Kelurahan Tanjung Palas,Dumai Timur,Kota Dumai,0.12,P2,Regenerasi alami terbantu,71.8,62,85,29,tinggi,Kondisi biofisik relatif mendukung pemulihan vegetasi.,mangrove-priority-2016-2025-v0.1
51,51,MPR-7BF0CFA716,Kelurahan Tanjung Palas,Dumai Timur,Kota Dumai,0.11,P2,Regenerasi alami terbantu,71.8,62,85,29,tinggi,Kondisi biofisik relatif mendukung pemulihan vegetasi.,mangrove-priority-2016-2025-v0.1
52,52,MPR-92429AD578,Kelurahan Tanjung Palas,Dumai Timur,Kota Dumai,0.11,P2,Regenerasi alami terbantu,71.8,62,85,29,tinggi,Kondisi biofisik relatif mendukung pemulihan vegetasi.,mangrove-priority-2016-2025-v0.1
53,53,MPR-B65BEDAF07,Kelurahan Tanjung Palas,Dumai Timur,Kota Dumai,0.11,P2,Regenerasi alami terbantu,71.8,62,85,29,tinggi,Kondisi biofisik relatif mendukung pemulihan vegetasi.,mangrove-priority-2016-2025-v0.1
54,54,MPR-32B8E3C31D,Kelurahan Tanjung Palas,Dumai Timur,Kota Dumai,0.107,P2,Regenerasi alami terbantu,71.8,62,85,29,tinggi,Kondisi biofisik relatif mendukung pemulihan vegetasi.,mangrove-priority-2016-2025-v0.1
55,55,MPR-FE8343114E,Kelurahan Tanjung Palas,Dumai Timur,Kota Dumai,0.101,P2,Regenerasi alami terbantu,71.8,62,85,29,tinggi,Kondisi biofisik relatif mendukung pemulihan vegetasi.,mangrove-priority-2016-2025-v0.1
56,56,MPR-45B3E885E4,Kelurahan Tanjung Palas,Dumai Timur,Kota Dumai,0.1,P2,Regenerasi alami terbantu,71.8,62,85,29,tinggi,Kondisi biofisik relatif mendukung pemulihan vegetasi.,mangrove-priority-2016-2025-v0.1
57,57,MPR-B35C781CC6,Kelurahan Tanjung Palas,Dumai Timur,Kota Dumai,0.1,P2,Regenerasi alami terbantu,71.8,62,85,29,tinggi,Kondisi biofisik relatif mendukung pemulihan vegetasi.,mangrove-priority-2016-2025-v0.1
58,58,MPR-6B7B77C9F2,Kelurahan Tanjung Palas,Dumai Timur,Kota Dumai,0.099,P2,Regenerasi alami terbantu,71.8,62,85,29,tinggi,Kondisi biofisik relatif mendukung pemulihan vegetasi.,mangrove-priority-2016-2025-v0.1
59,59,MPR-475C8973F6,Kelurahan Tanjung Palas,Dumai Timur,Kota Dumai,0.098,P2,Regenerasi alami terbantu,71.8,62,85,29,tinggi,Kondisi biofisik relatif mendukung pemulihan vegetasi.,mangrove-priority-2016-2025-v0.1
60,60,MPR-1C515604F9,Kelurahan Tanjung Palas,Dumai Timur,Kota Dumai,0.097,P2,Regenerasi alami terbantu,71.8,62,85,29,tinggi,Kondisi biofisik relatif mendukung pemulihan vegetasi.,mangrove-priority-2016-2025-v0.1
61,61,MPR-1D944AA786,Kelurahan Tanjung Palas,Dumai Timur,Kota Dumai,0.096,P2,Regenerasi alami terbantu,71.8,62,85,29,tinggi,Kondisi biofisik relatif mendukung pemulihan vegetasi.,mangrove-priority-2016-2025-v0.1
62,62,MPR-122F91B15A,Kelurahan Tanjung Palas,Dumai Timur,Kota Dumai,0.095,P2,Regenerasi alami terbantu,71.8,62,85,29,tinggi,Kondisi biofisik relatif mendukung pemulihan vegetasi.,mangrove-priority-2016-2025-v0.1
63,63,MPR-F4C2F086C7,Kelurahan Tanjung Palas,Dumai Timur,Kota Dumai,0.094,P2,Regenerasi alami terbantu,71.8,62,85,29,tinggi,Kondisi biofisik relatif mendukung pemulihan vegetasi.,mangrove-priority-2016-2025-v0.1
64,64,MPR-DD54D44F35,Kelurahan Tanjung Palas,Dumai Timur,Kota Dumai,0.076,P2,Regenerasi alami terbantu,71.8,62,85,29,tinggi,Kondisi biofisik relatif mendukung pemulihan vegetasi.,mangrove-priority-2016-2025-v0.1
65,65,MPR-BE8CBD6A1D,Kelurahan Tanjung Palas,Dumai Timur,Kota Dumai,0.072,P2,Regenerasi alami terbantu,71.8,62,85,29,tinggi,Kondisi biofisik relatif mendukung pemulihan vegetasi.,mangrove-priority-2016-2025-v0.1
66,66,MPR-7FBD09930A,Kelurahan Tanjung Palas,Dumai Timur,Kota Dumai,0.06,P2,Regenerasi alami terbantu,71.8,62,85,29,tinggi,Kondisi biofisik relatif mendukung pemulihan vegetasi.,mangrove-priority-2016-2025-v0.1
67,67,MPR-81BF25DA67,Kelurahan Tanjung Palas,Dumai Timur,Kota Dumai,0.058,P2,Regenerasi alami terbantu,71.8,62,85,29,tinggi,Kondisi biofisik relatif mendukung pemulihan vegetasi.,mangrove-priority-2016-2025-v0.1
68,68,MPR-62A9341832,Kelurahan Tanjung Palas,Dumai Timur,Kota Dumai,0.054,P2,Regenerasi alami terbantu,71.8,62,85,29,tinggi,Kondisi biofisik relatif mendukung pemulihan vegetasi.,mangrove-priority-2016-2025-v0.1
69,69,MPR-B6A2D6A575,Kelurahan Tanjung Palas,Dumai Timur,Kota Dumai,0.053,P2,Regenerasi alami terbantu,71.8,62,85,29,tinggi,Kondisi biofisik relatif mendukung pemulihan vegetasi.,mangrove-priority-2016-2025-v0.1
70,70,MPR-CD39193773,Kelurahan Tanjung Palas,Dumai Timur,Kota Dumai,0.05,P2,Regenerasi alami terbantu,71.8,62,85,29,tinggi,Kondisi biofisik relatif mendukung pemulihan vegetasi.,mangrove-priority-2016-2025-v0.1
71,71,MPR-5F227EF64A,Kelurahan Tanjung Palas,Dumai Timur,Kota Dumai,0.356,P2,Regenerasi alami terbantu,71.7,62,85,30,tinggi,Kondisi biofisik relatif mendukung pemulihan vegetasi.,mangrove-priority-2016-2025-v0.1
72,72,MPR-0FD616E954,Kelurahan Tanjung Palas,Dumai Timur,Kota Dumai,2.319,P1,Penanaman aktif,71.6,65,82,32,tinggi,Kebutuhan dan kelayakan relatif tinggi.,mangrove-priority-2016-2025-v0.1
73,73,MPR-EED3984B25,Kelurahan Tanjung Palas,Dumai Timur,Kota Dumai,2.182,P1,Penanaman aktif,71.6,65,82,32,tinggi,Kebutuhan dan kelayakan relatif tinggi.,mangrove-priority-2016-2025-v0.1
74,74,MPR-EE6894F1D8,Kelurahan Tanjung Palas,Dumai Timur,Kota Dumai,1.764,P2,Regenerasi alami terbantu,71.4,64,83,32,tinggi,Kondisi biofisik relatif mendukung pemulihan vegetasi.,mangrove-priority-2016-2025-v0.1
75,75,MPR-1422005EB8,Kelurahan Tanjung Palas,Dumai Timur,Kota Dumai,0.414,P2,Regenerasi alami terbantu,71.3,62,84,30,tinggi,Kondisi biofisik relatif mendukung pemulihan vegetasi.,mangrove-priority-2016-2025-v0.1
76,76,MPR-48525CA39C,Kelurahan Tanjung Palas,Dumai Timur,Kota Dumai,0.413,P2,Regenerasi alami terbantu,71.3,62,84,30,tinggi,Kondisi biofisik relatif mendukung pemulihan vegetasi.,mangrove-priority-2016-2025-v0.1
77,77,MPR-23D5B0FDD4,Kelurahan Tanjung Palas,Dumai Timur,Kota Dumai,0.4,P2,Regenerasi alami terbantu,71.3,62,84,30,tinggi,Kondisi biofisik relatif mendukung pemulihan vegetasi.,mangrove-priority-2016-2025-v0.1
78,78,MPR-DBF4C73F86,Kelurahan Tanjung Palas,Dumai Timur,Kota Dumai,0.4,P2,Regenerasi alami terbantu,71.3,62,84,30,tinggi,Kondisi biofisik relatif mendukung pemulihan vegetasi.,mangrove-priority-2016-2025-v0.1
79,79,MPR-4617AB6C93,Kelurahan Tanjung Palas,Dumai Timur,Kota Dumai,0.368,P2,Regenerasi alami terbantu,71.3,62,84,30,tinggi,Kondisi biofisik relatif mendukung pemulihan vegetasi.,mangrove-priority-2016-2025-v0.1
80,80,MPR-7905C1A320,Kelurahan Tanjung Palas,Dumai Timur,Kota Dumai,1.19,P2,Regenerasi alami terbantu,71.2,63,83,31,tinggi,Kondisi biofisik relatif mendukung pemulihan vegetasi.,mangrove-priority-2016-2025-v0.1
81,81,MPR-81231C5FDB,Kelurahan Tanjung Palas,Dumai Timur,Kota Dumai,1.076,P2,Regenerasi alami terbantu,71.2,63,83,31,tinggi,Kondisi biofisik relatif mendukung pemulihan vegetasi.,mangrove-priority-2016-2025-v0.1
82,82,MPR-090CCC0420,Kelurahan Tanjung Palas,Dumai Timur,Kota Dumai,6.48,P1,Penanaman aktif,70.3,70,76,39,tinggi,Kebutuhan dan kelayakan relatif tinggi.,mangrove-priority-2016-2025-v0.1
83,1,MPR-0AFF9CD583,Kelurahan Guntung,Medang Kampai,Kota Dumai,1.036,P2,Regenerasi alami terbantu,70.2,59,84,29,tinggi,Kondisi biofisik relatif mendukung pemulihan vegetasi.,mangrove-priority-2016-2025-v0.1
84,2,MPR-C953AC75EE,Kelurahan Guntung,Medang Kampai,Kota Dumai,0.95,P2,Regenerasi alami terbantu,70.2,59,84,29,tinggi,Kondisi biofisik relatif mendukung pemulihan vegetasi.,mangrove-priority-2016-2025-v0.1
85,1,MPR-C41A6C4668,Kelurahan Mundam,Medang Kampai,Kota Dumai,0.608,P2,Regenerasi alami terbantu,70.2,60,84,31,tinggi,Kondisi biofisik relatif mendukung pemulihan vegetasi.,mangrove-priority-2016-2025-v0.1
86,3,MPR-55D7769770,Kelurahan Guntung,Medang Kampai,Kota Dumai,0.46,P2,Regenerasi alami terbantu,70.2,59,84,29,tinggi,Kondisi biofisik relatif mendukung pemulihan vegetasi.,mangrove-priority-2016-2025-v0.1
87,4,MPR-76EECBF7B9,Kelurahan Guntung,Medang Kampai,Kota Dumai,0.46,P2,Regenerasi alami terbantu,70.2,59,84,29,tinggi,Kondisi biofisik relatif mendukung pemulihan vegetasi.,mangrove-priority-2016-2025-v0.1
88,2,MPR-4950AD6860,Kelurahan Mundam,Medang Kampai,Kota Dumai,0.453,P2,Regenerasi alami terbantu,70.2,60,84,31,tinggi,Kondisi biofisik relatif mendukung pemulihan vegetasi.,mangrove-priority-2016-2025-v0.1
89,3,MPR-617EB3AAE7,Kelurahan Mundam,Medang Kampai,Kota Dumai,0.451,P2,Regenerasi alami terbantu,70.2,60,84,31,tinggi,Kondisi biofisik relatif mendukung pemulihan vegetasi.,mangrove-priority-2016-2025-v0.1
90,5,MPR-660002CA2D,Kelurahan Guntung,Medang Kampai,Kota Dumai,0.43,P2,Regenerasi alami terbantu,70.2,59,84,29,tinggi,Kondisi biofisik relatif mendukung pemulihan vegetasi.,mangrove-priority-2016-2025-v0.1
91,4,MPR-0DAA31ADF0,Kelurahan Mundam,Medang Kampai,Kota Dumai,0.42,P2,Regenerasi alami terbantu,70.2,60,84,31,tinggi,Kondisi biofisik relatif mendukung pemulihan vegetasi.,mangrove-priority-2016-2025-v0.1
92,6,MPR-11CF6C8EFE,Kelurahan Guntung,Medang Kampai,Kota Dumai,0.237,P2,Regenerasi alami terbantu,70.2,58,85,28,tinggi,Kondisi biofisik relatif mendukung pemulihan vegetasi.,mangrove-priority-2016-2025-v0.1
93,7,MPR-8F9E1001BC,Kelurahan Guntung,Medang Kampai,Kota Dumai,0.21,P2,Regenerasi alami terbantu,70.2,58,85,28,tinggi,Kondisi biofisik relatif mendukung pemulihan vegetasi.,mangrove-priority-2016-2025-v0.1
94,8,MPR-8E8AE85801,Kelurahan Guntung,Medang Kampai,Kota Dumai,0.18,P2,Regenerasi alami terbantu,70.2,58,85,28,tinggi,Kondisi biofisik relatif mendukung pemulihan vegetasi.,mangrove-priority-2016-2025-v0.1
95,9,MPR-3DE8003E12,Kelurahan Guntung,Medang Kampai,Kota Dumai,0.16,P2,Regenerasi alami terbantu,70.2,58,85,28,tinggi,Kondisi biofisik relatif mendukung pemulihan vegetasi.,mangrove-priority-2016-2025-v0.1
96,10,MPR-BCD7D1638F,Kelurahan Guntung,Medang Kampai,Kota Dumai,0.1,P2,Regenerasi alami terbantu,70.2,58,85,28,tinggi,Kondisi biofisik relatif mendukung pemulihan vegetasi.,mangrove-priority-2016-2025-v0.1
97,11,MPR-C5588684F0,Kelurahan Guntung,Medang Kampai,Kota Dumai,0.083,P2,Regenerasi alami terbantu,70.2,58,85,28,tinggi,Kondisi biofisik relatif mendukung pemulihan vegetasi.,mangrove-priority-2016-2025-v0.1
98,12,MPR-6F1C127C95,Kelurahan Guntung,Medang Kampai,Kota Dumai,0.08,P2,Regenerasi alami terbantu,70.2,58,85,28,tinggi,Kondisi biofisik relatif mendukung pemulihan vegetasi.,mangrove-priority-2016-2025-v0.1
99,13,MPR-DA626CEE33,Kelurahan Guntung,Medang Kampai,Kota Dumai,0.08,P2,Regenerasi alami terbantu,70.2,58,85,28,tinggi,Kondisi biofisik relatif mendukung pemulihan vegetasi.,mangrove-priority-2016-2025-v0.1
100,14,MPR-19D255176E,Kelurahan Guntung,Medang Kampai,Kota Dumai,0.059,P2,Regenerasi alami terbantu,70.2,58,85,28,tinggi,Kondisi biofisik relatif mendukung pemulihan vegetasi.,mangrove-priority-2016-2025-v0.1
101,15,MPR-99B3E6683E,Kelurahan Guntung,Medang Kampai,Kota Dumai,0.057,P2,Regenerasi alami terbantu,70.2,58,85,28,tinggi,Kondisi biofisik relatif mendukung pemulihan vegetasi.,mangrove-priority-2016-2025-v0.1
102,16,MPR-6AF372D29D,Kelurahan Guntung,Medang Kampai,Kota Dumai,0.05,P2,Regenerasi alami terbantu,70.2,58,85,28,tinggi,Kondisi biofisik relatif mendukung pemulihan vegetasi.,mangrove-priority-2016-2025-v0.1
103,17,MPR-AB58DF41C0,Kelurahan Guntung,Medang Kampai,Kota Dumai,0.05,P2,Regenerasi alami terbantu,70.2,58,85,28,tinggi,Kondisi biofisik relatif mendukung pemulihan vegetasi.,mangrove-priority-2016-2025-v0.1
104,5,MPR-42BB271005,Kelurahan Mundam,Medang Kampai,Kota Dumai,1.31,P2,Regenerasi alami terbantu,70.1,61,83,32,tinggi,Kondisi biofisik relatif mendukung pemulihan vegetasi.,mangrove-priority-2016-2025-v0.1
105,6,MPR-0A407B1852,Kelurahan Mundam,Medang Kampai,Kota Dumai,0.152,P2,Regenerasi alami terbantu,70.1,59,85,31,tinggi,Kondisi biofisik relatif mendukung pemulihan vegetasi.,mangrove-priority-2016-2025-v0.1
106,7,MPR-CA1EC5695D,Kelurahan Mundam,Medang Kampai,Kota Dumai,0.15,P2,Regenerasi alami terbantu,70.1,59,85,31,tinggi,Kondisi biofisik relatif mendukung pemulihan vegetasi.,mangrove-priority-2016-2025-v0.1
107,8,MPR-CB8A091478,Kelurahan Mundam,Medang Kampai,Kota Dumai,0.14,P2,Regenerasi alami terbantu,70.1,59,85,31,tinggi,Kondisi biofisik relatif mendukung pemulihan vegetasi.,mangrove-priority-2016-2025-v0.1
108,9,MPR-35DED57CF9,Kelurahan Mundam,Medang Kampai,Kota Dumai,0.124,P2,Regenerasi alami terbantu,70.1,59,85,31,tinggi,Kondisi biofisik relatif mendukung pemulihan vegetasi.,mangrove-priority-2016-2025-v0.1
109,10,MPR-C9487EC05B,Kelurahan Mundam,Medang Kampai,Kota Dumai,0.108,P2,Regenerasi alami terbantu,70.1,59,85,31,tinggi,Kondisi biofisik relatif mendukung pemulihan vegetasi.,mangrove-priority-2016-2025-v0.1
110,11,MPR-1C2311172C,Kelurahan Mundam,Medang Kampai,Kota Dumai,0.094,P2,Regenerasi alami terbantu,70.1,59,85,31,tinggi,Kondisi biofisik relatif mendukung pemulihan vegetasi.,mangrove-priority-2016-2025-v0.1
111,12,MPR-F4830CC145,Kelurahan Mundam,Medang Kampai,Kota Dumai,0.071,P2,Regenerasi alami terbantu,70.1,59,85,31,tinggi,Kondisi biofisik relatif mendukung pemulihan vegetasi.,mangrove-priority-2016-2025-v0.1
112,13,MPR-77BF4BD33F,Kelurahan Mundam,Medang Kampai,Kota Dumai,0.061,P2,Regenerasi alami terbantu,70.1,59,85,31,tinggi,Kondisi biofisik relatif mendukung pemulihan vegetasi.,mangrove-priority-2016-2025-v0.1
113,14,MPR-896B78FED3,Kelurahan Mundam,Medang Kampai,Kota Dumai,0.058,P2,Regenerasi alami terbantu,70.1,59,85,31,tinggi,Kondisi biofisik relatif mendukung pemulihan vegetasi.,mangrove-priority-2016-2025-v0.1
114,15,MPR-A07B7887F1,Kelurahan Mundam,Medang Kampai,Kota Dumai,0.05,P2,Regenerasi alami terbantu,70.1,59,85,31,tinggi,Kondisi biofisik relatif mendukung pemulihan vegetasi.,mangrove-priority-2016-2025-v0.1
115,18,MPR-1E01C06B55,Kelurahan Guntung,Medang Kampai,Kota Dumai,1.37,P2,Regenerasi alami terbantu,70.0,60,83,30,tinggi,Kondisi biofisik relatif mendukung pemulihan vegetasi.,mangrove-priority-2016-2025-v0.1
116,16,MPR-B7EB283157,Kelurahan Mundam,Medang Kampai,Kota Dumai,0.747,P2,Regenerasi alami terbantu,70.0,60,84,32,tinggi,Kondisi biofisik relatif mendukung pemulihan vegetasi.,mangrove-priority-2016-2025-v0.1
117,17,MPR-452CA8FF52,Kelurahan Mundam,Medang Kampai,Kota Dumai,0.7,P2,Regenerasi alami terbantu,70.0,60,84,32,tinggi,Kondisi biofisik relatif mendukung pemulihan vegetasi.,mangrove-priority-2016-2025-v0.1
118,18,MPR-F76FEBE6F3,Kelurahan Mundam,Medang Kampai,Kota Dumai,1.44,P2,Regenerasi alami terbantu,69.9,61,83,33,tinggi,Kondisi biofisik relatif mendukung pemulihan vegetasi.,mangrove-priority-2016-2025-v0.1
119,19,MPR-52A2E0C71B,Kelurahan Guntung,Medang Kampai,Kota Dumai,0.37,P2,Regenerasi alami terbantu,69.9,58,84,28,tinggi,Kondisi biofisik relatif mendukung pemulihan vegetasi.,mangrove-priority-2016-2025-v0.1
120,20,MPR-24B99C0C7D,Kelurahan Guntung,Medang Kampai,Kota Dumai,0.365,P2,Regenerasi alami terbantu,69.9,58,84,28,tinggi,Kondisi biofisik relatif mendukung pemulihan vegetasi.,mangrove-priority-2016-2025-v0.1
121,19,MPR-A404043465,Kelurahan Mundam,Medang Kampai,Kota Dumai,1.18,P2,Regenerasi alami terbantu,69.7,60,83,32,tinggi,Kondisi biofisik relatif mendukung pemulihan vegetasi.,mangrove-priority-2016-2025-v0.1
122,20,MPR-FE92B7E592,Kelurahan Mundam,Medang Kampai,Kota Dumai,1.17,P2,Regenerasi alami terbantu,69.7,60,83,32,tinggi,Kondisi biofisik relatif mendukung pemulihan vegetasi.,mangrove-priority-2016-2025-v0.1
123,21,MPR-BF070F68C4,Kelurahan Guntung,Medang Kampai,Kota Dumai,0.413,P2,Regenerasi alami terbantu,69.7,58,84,29,tinggi,Kondisi biofisik relatif mendukung pemulihan vegetasi.,mangrove-priority-2016-2025-v0.1
124,22,MPR-ADBDBADD1C,Kelurahan Guntung,Medang Kampai,Kota Dumai,0.4,P2,Regenerasi alami terbantu,69.7,58,84,29,tinggi,Kondisi biofisik relatif mendukung pemulihan vegetasi.,mangrove-priority-2016-2025-v0.1
125,21,MPR-48B0B53FDC,Kelurahan Mundam,Medang Kampai,Kota Dumai,4.243,P2,Regenerasi alami terbantu,69.1,64,79,37,tinggi,Kondisi biofisik relatif mendukung pemulihan vegetasi.,mangrove-priority-2016-2025-v0.1
126,1,MPR-4480E9A56D,Kelurahan Teluk Makmur,Medang Kampai,Kota Dumai,0.336,P2,Regenerasi alami terbantu,67.8,52,85,27,tinggi,Kondisi biofisik relatif mendukung pemulihan vegetasi.,mangrove-priority-2016-2025-v0.1
127,2,MPR-4FBA2C5771,Kelurahan Teluk Makmur,Medang Kampai,Kota Dumai,0.334,P2,Regenerasi alami terbantu,67.8,52,85,27,tinggi,Kondisi biofisik relatif mendukung pemulihan vegetasi.,mangrove-priority-2016-2025-v0.1
128,3,MPR-645ABAA5A6,Kelurahan Teluk Makmur,Medang Kampai,Kota Dumai,0.313,P2,Regenerasi alami terbantu,67.8,52,85,27,tinggi,Kondisi biofisik relatif mendukung pemulihan vegetasi.,mangrove-priority-2016-2025-v0.1
129,4,MPR-C8A836E09C,Kelurahan Teluk Makmur,Medang Kampai,Kota Dumai,0.31,P2,Regenerasi alami terbantu,67.8,52,85,27,tinggi,Kondisi biofisik relatif mendukung pemulihan vegetasi.,mangrove-priority-2016-2025-v0.1
130,5,MPR-7FE70EC90B,Kelurahan Teluk Makmur,Medang Kampai,Kota Dumai,0.28,P2,Regenerasi alami terbantu,67.8,52,85,27,tinggi,Kondisi biofisik relatif mendukung pemulihan vegetasi.,mangrove-priority-2016-2025-v0.1
131,6,MPR-1F9CA64899,Kelurahan Teluk Makmur,Medang Kampai,Kota Dumai,0.271,P2,Regenerasi alami terbantu,67.8,52,85,27,tinggi,Kondisi biofisik relatif mendukung pemulihan vegetasi.,mangrove-priority-2016-2025-v0.1
132,7,MPR-D110C818B8,Kelurahan Teluk Makmur,Medang Kampai,Kota Dumai,0.258,P2,Regenerasi alami terbantu,67.8,52,85,27,tinggi,Kondisi biofisik relatif mendukung pemulihan vegetasi.,mangrove-priority-2016-2025-v0.1
133,8,MPR-50E45EDB94,Kelurahan Teluk Makmur,Medang Kampai,Kota Dumai,0.18,P2,Regenerasi alami terbantu,67.8,52,85,27,tinggi,Kondisi biofisik relatif mendukung pemulihan vegetasi.,mangrove-priority-2016-2025-v0.1
134,9,MPR-238B12D594,Kelurahan Teluk Makmur,Medang Kampai,Kota Dumai,0.179,P2,Regenerasi alami terbantu,67.8,52,85,27,tinggi,Kondisi biofisik relatif mendukung pemulihan vegetasi.,mangrove-priority-2016-2025-v0.1
135,10,MPR-EA1661EBC0,Kelurahan Teluk Makmur,Medang Kampai,Kota Dumai,0.159,P2,Regenerasi alami terbantu,67.8,52,85,27,tinggi,Kondisi biofisik relatif mendukung pemulihan vegetasi.,mangrove-priority-2016-2025-v0.1
136,11,MPR-609EA8A8C8,Kelurahan Teluk Makmur,Medang Kampai,Kota Dumai,0.15,P2,Regenerasi alami terbantu,67.8,52,85,27,tinggi,Kondisi biofisik relatif mendukung pemulihan vegetasi.,mangrove-priority-2016-2025-v0.1
137,12,MPR-31C29491B6,Kelurahan Teluk Makmur,Medang Kampai,Kota Dumai,0.08,P2,Regenerasi alami terbantu,67.8,52,85,27,tinggi,Kondisi biofisik relatif mendukung pemulihan vegetasi.,mangrove-priority-2016-2025-v0.1
138,13,MPR-AAC75738BF,Kelurahan Teluk Makmur,Medang Kampai,Kota Dumai,0.08,P2,Regenerasi alami terbantu,67.8,52,85,27,tinggi,Kondisi biofisik relatif mendukung pemulihan vegetasi.,mangrove-priority-2016-2025-v0.1
139,14,MPR-443B866382,Kelurahan Teluk Makmur,Medang Kampai,Kota Dumai,0.07,P2,Regenerasi alami terbantu,67.8,52,85,27,tinggi,Kondisi biofisik relatif mendukung pemulihan vegetasi.,mangrove-priority-2016-2025-v0.1
140,15,MPR-F60479B9FB,Kelurahan Teluk Makmur,Medang Kampai,Kota Dumai,0.068,P2,Regenerasi alami terbantu,67.8,52,85,27,tinggi,Kondisi biofisik relatif mendukung pemulihan vegetasi.,mangrove-priority-2016-2025-v0.1
141,16,MPR-5101227949,Kelurahan Teluk Makmur,Medang Kampai,Kota Dumai,0.067,P2,Regenerasi alami terbantu,67.8,52,85,27,tinggi,Kondisi biofisik relatif mendukung pemulihan vegetasi.,mangrove-priority-2016-2025-v0.1
142,17,MPR-A05E21FFD0,Kelurahan Teluk Makmur,Medang Kampai,Kota Dumai,2.281,P2,Regenerasi alami terbantu,67.5,55,82,30,tinggi,Kondisi biofisik relatif mendukung pemulihan vegetasi.,mangrove-priority-2016-2025-v0.1
143,18,MPR-8E483028A7,Kelurahan Teluk Makmur,Medang Kampai,Kota Dumai,1.461,P2,Regenerasi alami terbantu,67.5,54,83,29,tinggi,Kondisi biofisik relatif mendukung pemulihan vegetasi.,mangrove-priority-2016-2025-v0.1
144,19,MPR-7F9A87C997,Kelurahan Teluk Makmur,Medang Kampai,Kota Dumai,1.13,P2,Regenerasi alami terbantu,67.3,53,83,28,tinggi,Kondisi biofisik relatif mendukung pemulihan vegetasi.,mangrove-priority-2016-2025-v0.1
145,1,MPR-507F5C9505,Kelurahan Purnama,Dumai Barat,Kota Dumai,0.614,P1,Penanaman aktif,67.2,69,74,49,sedang,Kebutuhan dan kelayakan relatif tinggi.,mangrove-priority-2016-2025-v0.1
146,2,MPR-1A620C09AC,Kelurahan Purnama,Dumai Barat,Kota Dumai,0.577,P1,Penanaman aktif,67.2,69,74,49,sedang,Kebutuhan dan kelayakan relatif tinggi.,mangrove-priority-2016-2025-v0.1
147,3,MPR-3A78D4CF81,Kelurahan Purnama,Dumai Barat,Kota Dumai,0.57,P1,Penanaman aktif,67.2,69,74,49,sedang,Kebutuhan dan kelayakan relatif tinggi.,mangrove-priority-2016-2025-v0.1
148,4,MPR-5EC228624E,Kelurahan Purnama,Dumai Barat,Kota Dumai,0.447,P1,Penanaman aktif,67.2,69,74,49,sedang,Kebutuhan dan kelayakan relatif tinggi.,mangrove-priority-2016-2025-v0.1
149,5,MPR-551095721B,Kelurahan Purnama,Dumai Barat,Kota Dumai,0.87,P1,Penanaman aktif,67.0,69,74,50,sedang,Kebutuhan dan kelayakan relatif tinggi.,mangrove-priority-2016-2025-v0.1
150,6,MPR-A13AA61D53,Kelurahan Purnama,Dumai Barat,Kota Dumai,0.804,P1,Penanaman aktif,67.0,69,74,50,sedang,Kebutuhan dan kelayakan relatif tinggi.,mangrove-priority-2016-2025-v0.1
151,7,MPR-7D86FB7597,Kelurahan Purnama,Dumai Barat,Kota Dumai,0.73,P1,Penanaman aktif,67.0,69,74,50,sedang,Kebutuhan dan kelayakan relatif tinggi.,mangrove-priority-2016-2025-v0.1
152,8,MPR-74AF7533EF,Kelurahan Purnama,Dumai Barat,Kota Dumai,0.343,P1,Penanaman aktif,67.0,68,75,49,sedang,Kebutuhan dan kelayakan relatif tinggi.,mangrove-priority-2016-2025-v0.1
153,9,MPR-FA0ACAA146,Kelurahan Purnama,Dumai Barat,Kota Dumai,0.321,P1,Penanaman aktif,67.0,68,75,49,sedang,Kebutuhan dan kelayakan relatif tinggi.,mangrove-priority-2016-2025-v0.1
154,10,MPR-BEB5E6D4F9,Kelurahan Purnama,Dumai Barat,Kota Dumai,0.29,P1,Penanaman aktif,67.0,68,75,49,sedang,Kebutuhan dan kelayakan relatif tinggi.,mangrove-priority-2016-2025-v0.1
155,11,MPR-A5E20C9155,Kelurahan Purnama,Dumai Barat,Kota Dumai,0.287,P1,Penanaman aktif,67.0,68,75,49,sedang,Kebutuhan dan kelayakan relatif tinggi.,mangrove-priority-2016-2025-v0.1
156,12,MPR-676E4CC183,Kelurahan Purnama,Dumai Barat,Kota Dumai,0.276,P1,Penanaman aktif,67.0,68,75,49,sedang,Kebutuhan dan kelayakan relatif tinggi.,mangrove-priority-2016-2025-v0.1
157,13,MPR-7947C233FB,Kelurahan Purnama,Dumai Barat,Kota Dumai,0.27,P1,Penanaman aktif,67.0,68,75,49,sedang,Kebutuhan dan kelayakan relatif tinggi.,mangrove-priority-2016-2025-v0.1
158,14,MPR-DBEB6CAC64,Kelurahan Purnama,Dumai Barat,Kota Dumai,0.27,P1,Penanaman aktif,67.0,68,75,49,sedang,Kebutuhan dan kelayakan relatif tinggi.,mangrove-priority-2016-2025-v0.1
159,15,MPR-0195B6760B,Kelurahan Purnama,Dumai Barat,Kota Dumai,0.253,P1,Penanaman aktif,67.0,68,75,49,sedang,Kebutuhan dan kelayakan relatif tinggi.,mangrove-priority-2016-2025-v0.1
160,16,MPR-F55D67A9FA,Kelurahan Purnama,Dumai Barat,Kota Dumai,0.25,P1,Penanaman aktif,67.0,68,75,49,sedang,Kebutuhan dan kelayakan relatif tinggi.,mangrove-priority-2016-2025-v0.1
161,17,MPR-39C05955FC,Kelurahan Purnama,Dumai Barat,Kota Dumai,0.244,P1,Penanaman aktif,67.0,68,75,49,sedang,Kebutuhan dan kelayakan relatif tinggi.,mangrove-priority-2016-2025-v0.1
162,18,MPR-675EB24308,Kelurahan Purnama,Dumai Barat,Kota Dumai,0.24,P1,Penanaman aktif,67.0,68,75,49,sedang,Kebutuhan dan kelayakan relatif tinggi.,mangrove-priority-2016-2025-v0.1
163,19,MPR-FE3A3A4FB5,Kelurahan Purnama,Dumai Barat,Kota Dumai,0.24,P1,Penanaman aktif,67.0,68,75,49,sedang,Kebutuhan dan kelayakan relatif tinggi.,mangrove-priority-2016-2025-v0.1
164,20,MPR-08E3F5134C,Kelurahan Purnama,Dumai Barat,Kota Dumai,0.213,P1,Penanaman aktif,67.0,68,75,49,sedang,Kebutuhan dan kelayakan relatif tinggi.,mangrove-priority-2016-2025-v0.1
165,21,MPR-2B0EB9CBF7,Kelurahan Purnama,Dumai Barat,Kota Dumai,0.198,P1,Penanaman aktif,67.0,68,75,49,sedang,Kebutuhan dan kelayakan relatif tinggi.,mangrove-priority-2016-2025-v0.1
166,22,MPR-52107BBB95,Kelurahan Purnama,Dumai Barat,Kota Dumai,0.193,P1,Penanaman aktif,67.0,68,75,49,sedang,Kebutuhan dan kelayakan relatif tinggi.,mangrove-priority-2016-2025-v0.1
167,23,MPR-85E880F548,Kelurahan Purnama,Dumai Barat,Kota Dumai,0.171,P1,Penanaman aktif,67.0,68,75,49,sedang,Kebutuhan dan kelayakan relatif tinggi.,mangrove-priority-2016-2025-v0.1
168,24,MPR-8BCF1937C7,Kelurahan Purnama,Dumai Barat,Kota Dumai,0.17,P1,Penanaman aktif,67.0,68,75,49,sedang,Kebutuhan dan kelayakan relatif tinggi.,mangrove-priority-2016-2025-v0.1
169,25,MPR-B0B0FC5535,Kelurahan Purnama,Dumai Barat,Kota Dumai,0.17,P1,Penanaman aktif,67.0,68,75,49,sedang,Kebutuhan dan kelayakan relatif tinggi.,mangrove-priority-2016-2025-v0.1
170,26,MPR-BEC869A37E,Kelurahan Purnama,Dumai Barat,Kota Dumai,0.17,P1,Penanaman aktif,67.0,68,75,49,sedang,Kebutuhan dan kelayakan relatif tinggi.,mangrove-priority-2016-2025-v0.1
171,27,MPR-A05AA7745A,Kelurahan Purnama,Dumai Barat,Kota Dumai,0.165,P1,Penanaman aktif,67.0,68,75,49,sedang,Kebutuhan dan kelayakan relatif tinggi.,mangrove-priority-2016-2025-v0.1
172,28,MPR-079E6D0155,Kelurahan Purnama,Dumai Barat,Kota Dumai,0.16,P1,Penanaman aktif,67.0,68,75,49,sedang,Kebutuhan dan kelayakan relatif tinggi.,mangrove-priority-2016-2025-v0.1
173,29,MPR-5B26A1CB54,Kelurahan Purnama,Dumai Barat,Kota Dumai,0.156,P1,Penanaman aktif,67.0,68,75,49,sedang,Kebutuhan dan kelayakan relatif tinggi.,mangrove-priority-2016-2025-v0.1
174,30,MPR-CAADF98CDE,Kelurahan Purnama,Dumai Barat,Kota Dumai,0.153,P1,Penanaman aktif,67.0,68,75,49,sedang,Kebutuhan dan kelayakan relatif tinggi.,mangrove-priority-2016-2025-v0.1
175,31,MPR-D20FF76D19,Kelurahan Purnama,Dumai Barat,Kota Dumai,0.146,P1,Penanaman aktif,67.0,68,75,49,sedang,Kebutuhan dan kelayakan relatif tinggi.,mangrove-priority-2016-2025-v0.1
176,32,MPR-40C8BD44D2,Kelurahan Purnama,Dumai Barat,Kota Dumai,0.143,P1,Penanaman aktif,67.0,68,75,49,sedang,Kebutuhan dan kelayakan relatif tinggi.,mangrove-priority-2016-2025-v0.1
177,33,MPR-8DEF283517,Kelurahan Purnama,Dumai Barat,Kota Dumai,0.141,P1,Penanaman aktif,67.0,68,75,49,sedang,Kebutuhan dan kelayakan relatif tinggi.,mangrove-priority-2016-2025-v0.1
178,34,MPR-57B36790B7,Kelurahan Purnama,Dumai Barat,Kota Dumai,0.14,P1,Penanaman aktif,67.0,68,75,49,sedang,Kebutuhan dan kelayakan relatif tinggi.,mangrove-priority-2016-2025-v0.1
179,35,MPR-D93D970289,Kelurahan Purnama,Dumai Barat,Kota Dumai,0.138,P1,Penanaman aktif,67.0,68,75,49,sedang,Kebutuhan dan kelayakan relatif tinggi.,mangrove-priority-2016-2025-v0.1
180,36,MPR-9399D30BE8,Kelurahan Purnama,Dumai Barat,Kota Dumai,0.136,P1,Penanaman aktif,67.0,68,75,49,sedang,Kebutuhan dan kelayakan relatif tinggi.,mangrove-priority-2016-2025-v0.1
181,37,MPR-725D718C25,Kelurahan Purnama,Dumai Barat,Kota Dumai,0.134,P1,Penanaman aktif,67.0,68,75,49,sedang,Kebutuhan dan kelayakan relatif tinggi.,mangrove-priority-2016-2025-v0.1
182,38,MPR-D5AF5C6ABF,Kelurahan Purnama,Dumai Barat,Kota Dumai,0.133,P1,Penanaman aktif,67.0,68,75,49,sedang,Kebutuhan dan kelayakan relatif tinggi.,mangrove-priority-2016-2025-v0.1
183,39,MPR-160B657870,Kelurahan Purnama,Dumai Barat,Kota Dumai,0.128,P1,Penanaman aktif,67.0,68,75,49,sedang,Kebutuhan dan kelayakan relatif tinggi.,mangrove-priority-2016-2025-v0.1
184,40,MPR-84954FD38D,Kelurahan Purnama,Dumai Barat,Kota Dumai,0.125,P1,Penanaman aktif,67.0,68,75,49,sedang,Kebutuhan dan kelayakan relatif tinggi.,mangrove-priority-2016-2025-v0.1
185,41,MPR-BE7D50858F,Kelurahan Purnama,Dumai Barat,Kota Dumai,0.125,P1,Penanaman aktif,67.0,68,75,49,sedang,Kebutuhan dan kelayakan relatif tinggi.,mangrove-priority-2016-2025-v0.1
186,42,MPR-53280408D3,Kelurahan Purnama,Dumai Barat,Kota Dumai,0.12,P1,Penanaman aktif,67.0,68,75,49,sedang,Kebutuhan dan kelayakan relatif tinggi.,mangrove-priority-2016-2025-v0.1
187,43,MPR-0E000AFD34,Kelurahan Purnama,Dumai Barat,Kota Dumai,0.119,P1,Penanaman aktif,67.0,68,75,49,sedang,Kebutuhan dan kelayakan relatif tinggi.,mangrove-priority-2016-2025-v0.1
188,44,MPR-16F824F709,Kelurahan Purnama,Dumai Barat,Kota Dumai,0.119,P1,Penanaman aktif,67.0,68,75,49,sedang,Kebutuhan dan kelayakan relatif tinggi.,mangrove-priority-2016-2025-v0.1
189,45,MPR-DF651AF391,Kelurahan Purnama,Dumai Barat,Kota Dumai,0.119,P1,Penanaman aktif,67.0,68,75,49,sedang,Kebutuhan dan kelayakan relatif tinggi.,mangrove-priority-2016-2025-v0.1
190,46,MPR-D02FB36C6B,Kelurahan Purnama,Dumai Barat,Kota Dumai,0.115,P1,Penanaman aktif,67.0,68,75,49,sedang,Kebutuhan dan kelayakan relatif tinggi.,mangrove-priority-2016-2025-v0.1
191,47,MPR-7BF7FCCE27,Kelurahan Purnama,Dumai Barat,Kota Dumai,0.114,P1,Penanaman aktif,67.0,68,75,49,sedang,Kebutuhan dan kelayakan relatif tinggi.,mangrove-priority-2016-2025-v0.1
192,48,MPR-6805CD4BA7,Kelurahan Purnama,Dumai Barat,Kota Dumai,0.11,P1,Penanaman aktif,67.0,68,75,49,sedang,Kebutuhan dan kelayakan relatif tinggi.,mangrove-priority-2016-2025-v0.1
193,49,MPR-64A7DE8B31,Kelurahan Purnama,Dumai Barat,Kota Dumai,0.107,P1,Penanaman aktif,67.0,68,75,49,sedang,Kebutuhan dan kelayakan relatif tinggi.,mangrove-priority-2016-2025-v0.1
194,50,MPR-FF4380FAC7,Kelurahan Purnama,Dumai Barat,Kota Dumai,0.102,P1,Penanaman aktif,67.0,68,75,49,sedang,Kebutuhan dan kelayakan relatif tinggi.,mangrove-priority-2016-2025-v0.1
195,51,MPR-1F609ED593,Kelurahan Purnama,Dumai Barat,Kota Dumai,0.1,P1,Penanaman aktif,67.0,68,75,49,sedang,Kebutuhan dan kelayakan relatif tinggi.,mangrove-priority-2016-2025-v0.1
196,52,MPR-AB77722C70,Kelurahan Purnama,Dumai Barat,Kota Dumai,0.1,P1,Penanaman aktif,67.0,68,75,49,sedang,Kebutuhan dan kelayakan relatif tinggi.,mangrove-priority-2016-2025-v0.1
197,53,MPR-64ABAAB469,Kelurahan Purnama,Dumai Barat,Kota Dumai,0.099,P1,Penanaman aktif,67.0,68,75,49,sedang,Kebutuhan dan kelayakan relatif tinggi.,mangrove-priority-2016-2025-v0.1
198,54,MPR-E81165A3A2,Kelurahan Purnama,Dumai Barat,Kota Dumai,0.095,P1,Penanaman aktif,67.0,68,75,49,sedang,Kebutuhan dan kelayakan relatif tinggi.,mangrove-priority-2016-2025-v0.1
199,55,MPR-3EC87BE1A4,Kelurahan Purnama,Dumai Barat,Kota Dumai,0.093,P1,Penanaman aktif,67.0,68,75,49,sedang,Kebutuhan dan kelayakan relatif tinggi.,mangrove-priority-2016-2025-v0.1
200,56,MPR-63BED89910,Kelurahan Purnama,Dumai Barat,Kota Dumai,0.081,P1,Penanaman aktif,67.0,68,75,49,sedang,Kebutuhan dan kelayakan relatif tinggi.,mangrove-priority-2016-2025-v0.1
201,57,MPR-DABFBCF653,Kelurahan Purnama,Dumai Barat,Kota Dumai,0.081,P1,Penanaman aktif,67.0,68,75,49,sedang,Kebutuhan dan kelayakan relatif tinggi.,mangrove-priority-2016-2025-v0.1
202,58,MPR-2B348B4224,Kelurahan Purnama,Dumai Barat,Kota Dumai,0.08,P1,Penanaman aktif,67.0,68,75,49,sedang,Kebutuhan dan kelayakan relatif tinggi.,mangrove-priority-2016-2025-v0.1
203,59,MPR-8670A1414D,Kelurahan Purnama,Dumai Barat,Kota Dumai,0.08,P1,Penanaman aktif,67.0,68,75,49,sedang,Kebutuhan dan kelayakan relatif tinggi.,mangrove-priority-2016-2025-v0.1
204,60,MPR-B2ABEAAD03,Kelurahan Purnama,Dumai Barat,Kota Dumai,0.08,P1,Penanaman aktif,67.0,68,75,49,sedang,Kebutuhan dan kelayakan relatif tinggi.,mangrove-priority-2016-2025-v0.1
205,61,MPR-D9E05E29EB,Kelurahan Purnama,Dumai Barat,Kota Dumai,0.08,P1,Penanaman aktif,67.0,68,75,49,sedang,Kebutuhan dan kelayakan relatif tinggi.,mangrove-priority-2016-2025-v0.1
206,62,MPR-91417E1C78,Kelurahan Purnama,Dumai Barat,Kota Dumai,0.079,P1,Penanaman aktif,67.0,68,75,49,sedang,Kebutuhan dan kelayakan relatif tinggi.,mangrove-priority-2016-2025-v0.1
207,63,MPR-5C89756FFF,Kelurahan Purnama,Dumai Barat,Kota Dumai,0.076,P1,Penanaman aktif,67.0,68,75,49,sedang,Kebutuhan dan kelayakan relatif tinggi.,mangrove-priority-2016-2025-v0.1
208,64,MPR-BF7A42E493,Kelurahan Purnama,Dumai Barat,Kota Dumai,0.074,P1,Penanaman aktif,67.0,68,75,49,sedang,Kebutuhan dan kelayakan relatif tinggi.,mangrove-priority-2016-2025-v0.1
209,65,MPR-208686575D,Kelurahan Purnama,Dumai Barat,Kota Dumai,0.073,P1,Penanaman aktif,67.0,68,75,49,sedang,Kebutuhan dan kelayakan relatif tinggi.,mangrove-priority-2016-2025-v0.1
210,66,MPR-257D0BB509,Kelurahan Purnama,Dumai Barat,Kota Dumai,0.073,P1,Penanaman aktif,67.0,68,75,49,sedang,Kebutuhan dan kelayakan relatif tinggi.,mangrove-priority-2016-2025-v0.1
211,67,MPR-8552A70CE0,Kelurahan Purnama,Dumai Barat,Kota Dumai,0.072,P1,Penanaman aktif,67.0,68,75,49,sedang,Kebutuhan dan kelayakan relatif tinggi.,mangrove-priority-2016-2025-v0.1
212,68,MPR-AC3E8594C2,Kelurahan Purnama,Dumai Barat,Kota Dumai,0.068,P1,Penanaman aktif,67.0,68,75,49,sedang,Kebutuhan dan kelayakan relatif tinggi.,mangrove-priority-2016-2025-v0.1
213,69,MPR-F56A44A014,Kelurahan Purnama,Dumai Barat,Kota Dumai,0.068,P1,Penanaman aktif,67.0,68,75,49,sedang,Kebutuhan dan kelayakan relatif tinggi.,mangrove-priority-2016-2025-v0.1
214,70,MPR-05A30ADFA5,Kelurahan Purnama,Dumai Barat,Kota Dumai,0.067,P1,Penanaman aktif,67.0,68,75,49,sedang,Kebutuhan dan kelayakan relatif tinggi.,mangrove-priority-2016-2025-v0.1
215,71,MPR-9AD2B34E6E,Kelurahan Purnama,Dumai Barat,Kota Dumai,0.065,P1,Penanaman aktif,67.0,68,75,49,sedang,Kebutuhan dan kelayakan relatif tinggi.,mangrove-priority-2016-2025-v0.1
216,72,MPR-F205EF94E5,Kelurahan Purnama,Dumai Barat,Kota Dumai,0.065,P1,Penanaman aktif,67.0,68,75,49,sedang,Kebutuhan dan kelayakan relatif tinggi.,mangrove-priority-2016-2025-v0.1
217,73,MPR-3F4E82A9A7,Kelurahan Purnama,Dumai Barat,Kota Dumai,0.061,P1,Penanaman aktif,67.0,68,75,49,sedang,Kebutuhan dan kelayakan relatif tinggi.,mangrove-priority-2016-2025-v0.1
218,74,MPR-A7F1C2CE94,Kelurahan Purnama,Dumai Barat,Kota Dumai,0.061,P1,Penanaman aktif,67.0,68,75,49,sedang,Kebutuhan dan kelayakan relatif tinggi.,mangrove-priority-2016-2025-v0.1
219,75,MPR-D91B02054B,Kelurahan Purnama,Dumai Barat,Kota Dumai,0.055,P1,Penanaman aktif,67.0,68,75,49,sedang,Kebutuhan dan kelayakan relatif tinggi.,mangrove-priority-2016-2025-v0.1
220,76,MPR-7CA2B3349D,Kelurahan Purnama,Dumai Barat,Kota Dumai,0.053,P1,Penanaman aktif,67.0,68,75,49,sedang,Kebutuhan dan kelayakan relatif tinggi.,mangrove-priority-2016-2025-v0.1
221,77,MPR-7723CF7265,Kelurahan Purnama,Dumai Barat,Kota Dumai,0.052,P1,Penanaman aktif,67.0,68,75,49,sedang,Kebutuhan dan kelayakan relatif tinggi.,mangrove-priority-2016-2025-v0.1
222,78,MPR-4BBA4F78E4,Kelurahan Purnama,Dumai Barat,Kota Dumai,0.051,P1,Penanaman aktif,67.0,68,75,49,sedang,Kebutuhan dan kelayakan relatif tinggi.,mangrove-priority-2016-2025-v0.1
223,79,MPR-1EC41D713A,Kelurahan Purnama,Dumai Barat,Kota Dumai,0.05,X,Tidak direkomendasikan,67.0,68,75,49,sedang,Area terlalu kecil dan terisolasi untuk diprioritaskan.,mangrove-priority-2016-2025-v0.1
224,80,MPR-4333FAB384,Kelurahan Purnama,Dumai Barat,Kota Dumai,0.05,P1,Penanaman aktif,67.0,68,75,49,sedang,Kebutuhan dan kelayakan relatif tinggi.,mangrove-priority-2016-2025-v0.1
225,81,MPR-65CF590F67,Kelurahan Purnama,Dumai Barat,Kota Dumai,0.05,P1,Penanaman aktif,67.0,68,75,49,sedang,Kebutuhan dan kelayakan relatif tinggi.,mangrove-priority-2016-2025-v0.1
226,82,MPR-69E3FDF88E,Kelurahan Purnama,Dumai Barat,Kota Dumai,0.05,P1,Penanaman aktif,67.0,68,75,49,sedang,Kebutuhan dan kelayakan relatif tinggi.,mangrove-priority-2016-2025-v0.1
227,83,MPR-75AC7C496A,Kelurahan Purnama,Dumai Barat,Kota Dumai,0.05,P1,Penanaman aktif,67.0,68,75,49,sedang,Kebutuhan dan kelayakan relatif tinggi.,mangrove-priority-2016-2025-v0.1
228,84,MPR-7885FE1800,Kelurahan Purnama,Dumai Barat,Kota Dumai,0.05,P1,Penanaman aktif,67.0,68,75,49,sedang,Kebutuhan dan kelayakan relatif tinggi.,mangrove-priority-2016-2025-v0.1
229,85,MPR-D27AF970A2,Kelurahan Purnama,Dumai Barat,Kota Dumai,0.05,P1,Penanaman aktif,67.0,68,75,49,sedang,Kebutuhan dan kelayakan relatif tinggi.,mangrove-priority-2016-2025-v0.1
230,86,MPR-D61724E517,Kelurahan Purnama,Dumai Barat,Kota Dumai,0.05,P1,Penanaman aktif,67.0,68,75,49,sedang,Kebutuhan dan kelayakan relatif tinggi.,mangrove-priority-2016-2025-v0.1
231,87,MPR-F161FC261D,Kelurahan Purnama,Dumai Barat,Kota Dumai,0.05,P1,Penanaman aktif,67.0,68,75,49,sedang,Kebutuhan dan kelayakan relatif tinggi.,mangrove-priority-2016-2025-v0.1
232,88,MPR-1413144B5C,Kelurahan Purnama,Dumai Barat,Kota Dumai,2.204,P1,Penanaman aktif,66.8,71,72,52,sedang,Kebutuhan dan kelayakan relatif tinggi.,mangrove-priority-2016-2025-v0.1
233,89,MPR-9F80DEAFDB,Kelurahan Purnama,Dumai Barat,Kota Dumai,2.13,P1,Penanaman aktif,66.8,71,72,52,sedang,Kebutuhan dan kelayakan relatif tinggi.,mangrove-priority-2016-2025-v0.1
234,90,MPR-072C5381C8,Kelurahan Purnama,Dumai Barat,Kota Dumai,1.577,P1,Penanaman aktif,66.8,70,73,51,sedang,Kebutuhan dan kelayakan relatif tinggi.,mangrove-priority-2016-2025-v0.1
235,91,MPR-C8EC6EA5DD,Kelurahan Purnama,Dumai Barat,Kota Dumai,1.33,P1,Penanaman aktif,66.8,70,73,51,sedang,Kebutuhan dan kelayakan relatif tinggi.,mangrove-priority-2016-2025-v0.1
236,1,MPR-91D74F5BF8,Kelurahan Pangkalan Sesai,Dumai Barat,Kota Dumai,0.352,P2,Regenerasi alami terbantu,66.8,49,85,25,sedang,Kondisi biofisik relatif mendukung pemulihan vegetasi.,mangrove-priority-2016-2025-v0.1
237,2,MPR-AED1BE03C1,Kelurahan Pangkalan Sesai,Dumai Barat,Kota Dumai,0.301,P2,Regenerasi alami terbantu,66.8,49,85,25,sedang,Kondisi biofisik relatif mendukung pemulihan vegetasi.,mangrove-priority-2016-2025-v0.1
238,3,MPR-21F0E29838,Kelurahan Pangkalan Sesai,Dumai Barat,Kota Dumai,0.242,P2,Regenerasi alami terbantu,66.8,49,85,25,sedang,Kondisi biofisik relatif mendukung pemulihan vegetasi.,mangrove-priority-2016-2025-v0.1
239,4,MPR-2D7D5113EF,Kelurahan Pangkalan Sesai,Dumai Barat,Kota Dumai,0.23,P2,Regenerasi alami terbantu,66.8,49,85,25,sedang,Kondisi biofisik relatif mendukung pemulihan vegetasi.,mangrove-priority-2016-2025-v0.1
240,5,MPR-582BBE555D,Kelurahan Pangkalan Sesai,Dumai Barat,Kota Dumai,0.149,P2,Regenerasi alami terbantu,66.8,49,85,25,sedang,Kondisi biofisik relatif mendukung pemulihan vegetasi.,mangrove-priority-2016-2025-v0.1
241,6,MPR-0F3533C12D,Kelurahan Pangkalan Sesai,Dumai Barat,Kota Dumai,0.146,P2,Regenerasi alami terbantu,66.8,49,85,25,sedang,Kondisi biofisik relatif mendukung pemulihan vegetasi.,mangrove-priority-2016-2025-v0.1
242,7,MPR-833970F6CE,Kelurahan Pangkalan Sesai,Dumai Barat,Kota Dumai,0.13,P2,Regenerasi alami terbantu,66.8,49,85,25,sedang,Kondisi biofisik relatif mendukung pemulihan vegetasi.,mangrove-priority-2016-2025-v0.1
243,8,MPR-EE2048E795,Kelurahan Pangkalan Sesai,Dumai Barat,Kota Dumai,0.127,P2,Regenerasi alami terbantu,66.8,49,85,25,sedang,Kondisi biofisik relatif mendukung pemulihan vegetasi.,mangrove-priority-2016-2025-v0.1
244,9,MPR-A1806C3413,Kelurahan Pangkalan Sesai,Dumai Barat,Kota Dumai,0.11,P2,Regenerasi alami terbantu,66.8,49,85,25,sedang,Kondisi biofisik relatif mendukung pemulihan vegetasi.,mangrove-priority-2016-2025-v0.1
245,10,MPR-B5498BE142,Kelurahan Pangkalan Sesai,Dumai Barat,Kota Dumai,0.1,P2,Regenerasi alami terbantu,66.8,49,85,25,sedang,Kondisi biofisik relatif mendukung pemulihan vegetasi.,mangrove-priority-2016-2025-v0.1
246,11,MPR-A02F1EDC4B,Kelurahan Pangkalan Sesai,Dumai Barat,Kota Dumai,0.078,P2,Regenerasi alami terbantu,66.8,49,85,25,sedang,Kondisi biofisik relatif mendukung pemulihan vegetasi.,mangrove-priority-2016-2025-v0.1
247,12,MPR-3C667E8F19,Kelurahan Pangkalan Sesai,Dumai Barat,Kota Dumai,0.076,P2,Regenerasi alami terbantu,66.8,49,85,25,sedang,Kondisi biofisik relatif mendukung pemulihan vegetasi.,mangrove-priority-2016-2025-v0.1
248,13,MPR-5B47D35E40,Kelurahan Pangkalan Sesai,Dumai Barat,Kota Dumai,0.063,P2,Regenerasi alami terbantu,66.8,49,85,25,sedang,Kondisi biofisik relatif mendukung pemulihan vegetasi.,mangrove-priority-2016-2025-v0.1
249,14,MPR-7AB97F4BDC,Kelurahan Pangkalan Sesai,Dumai Barat,Kota Dumai,0.053,P2,Regenerasi alami terbantu,66.8,49,85,25,sedang,Kondisi biofisik relatif mendukung pemulihan vegetasi.,mangrove-priority-2016-2025-v0.1
250,15,MPR-3FA8ED776A,Kelurahan Pangkalan Sesai,Dumai Barat,Kota Dumai,0.052,P2,Regenerasi alami terbantu,66.8,49,85,25,sedang,Kondisi biofisik relatif mendukung pemulihan vegetasi.,mangrove-priority-2016-2025-v0.1
251,16,MPR-2413B7E27A,Kelurahan Pangkalan Sesai,Dumai Barat,Kota Dumai,0.72,P2,Regenerasi alami terbantu,66.7,50,84,26,sedang,Kondisi biofisik relatif mendukung pemulihan vegetasi.,mangrove-priority-2016-2025-v0.1
252,17,MPR-2C0EE472B3,Kelurahan Pangkalan Sesai,Dumai Barat,Kota Dumai,0.667,P2,Regenerasi alami terbantu,66.7,50,84,26,sedang,Kondisi biofisik relatif mendukung pemulihan vegetasi.,mangrove-priority-2016-2025-v0.1
253,18,MPR-97D536E8D2,Kelurahan Pangkalan Sesai,Dumai Barat,Kota Dumai,0.583,P2,Regenerasi alami terbantu,66.7,50,84,26,sedang,Kondisi biofisik relatif mendukung pemulihan vegetasi.,mangrove-priority-2016-2025-v0.1
254,19,MPR-CDF7B449DF,Kelurahan Pangkalan Sesai,Dumai Barat,Kota Dumai,0.553,P2,Regenerasi alami terbantu,66.7,50,84,26,sedang,Kondisi biofisik relatif mendukung pemulihan vegetasi.,mangrove-priority-2016-2025-v0.1
255,92,MPR-AB8E98F061,Kelurahan Purnama,Dumai Barat,Kota Dumai,0.4,P1,Penanaman aktif,66.7,68,74,49,sedang,Kebutuhan dan kelayakan relatif tinggi.,mangrove-priority-2016-2025-v0.1
256,1,MPR-13092C7AB0,Kelurahan Basilam Baru,Sungai Sembilan,Kota Dumai,0.099,P2,Regenerasi alami terbantu,66.7,59,85,48,tinggi,Kondisi biofisik relatif mendukung pemulihan vegetasi.,mangrove-priority-2016-2025-v0.1
257,2,MPR-48ECB87FE7,Kelurahan Basilam Baru,Sungai Sembilan,Kota Dumai,0.098,P2,Regenerasi alami terbantu,66.7,59,85,48,tinggi,Kondisi biofisik relatif mendukung pemulihan vegetasi.,mangrove-priority-2016-2025-v0.1
258,3,MPR-44E98191BF,Kelurahan Basilam Baru,Sungai Sembilan,Kota Dumai,0.094,P2,Regenerasi alami terbantu,66.7,59,85,48,tinggi,Kondisi biofisik relatif mendukung pemulihan vegetasi.,mangrove-priority-2016-2025-v0.1
259,4,MPR-052C07EA5C,Kelurahan Basilam Baru,Sungai Sembilan,Kota Dumai,0.093,P2,Regenerasi alami terbantu,66.7,59,85,48,tinggi,Kondisi biofisik relatif mendukung pemulihan vegetasi.,mangrove-priority-2016-2025-v0.1
260,5,MPR-1FA094DBC1,Kelurahan Basilam Baru,Sungai Sembilan,Kota Dumai,0.083,P2,Regenerasi alami terbantu,66.7,59,85,48,tinggi,Kondisi biofisik relatif mendukung pemulihan vegetasi.,mangrove-priority-2016-2025-v0.1
261,6,MPR-0A8DAD7788,Kelurahan Basilam Baru,Sungai Sembilan,Kota Dumai,0.08,P2,Regenerasi alami terbantu,66.7,59,85,48,tinggi,Kondisi biofisik relatif mendukung pemulihan vegetasi.,mangrove-priority-2016-2025-v0.1
262,7,MPR-4337DE24CA,Kelurahan Basilam Baru,Sungai Sembilan,Kota Dumai,0.08,P2,Regenerasi alami terbantu,66.7,59,85,48,tinggi,Kondisi biofisik relatif mendukung pemulihan vegetasi.,mangrove-priority-2016-2025-v0.1
263,8,MPR-4E47D4884E,Kelurahan Basilam Baru,Sungai Sembilan,Kota Dumai,0.08,P2,Regenerasi alami terbantu,66.7,59,85,48,tinggi,Kondisi biofisik relatif mendukung pemulihan vegetasi.,mangrove-priority-2016-2025-v0.1
264,9,MPR-4F55CC8239,Kelurahan Basilam Baru,Sungai Sembilan,Kota Dumai,0.08,P2,Regenerasi alami terbantu,66.7,59,85,48,tinggi,Kondisi biofisik relatif mendukung pemulihan vegetasi.,mangrove-priority-2016-2025-v0.1
265,10,MPR-6951CA99BC,Kelurahan Basilam Baru,Sungai Sembilan,Kota Dumai,0.08,P2,Regenerasi alami terbantu,66.7,59,85,48,tinggi,Kondisi biofisik relatif mendukung pemulihan vegetasi.,mangrove-priority-2016-2025-v0.1
266,11,MPR-8CA3F2B038,Kelurahan Basilam Baru,Sungai Sembilan,Kota Dumai,0.08,P2,Regenerasi alami terbantu,66.7,59,85,48,tinggi,Kondisi biofisik relatif mendukung pemulihan vegetasi.,mangrove-priority-2016-2025-v0.1
267,12,MPR-98EA17B141,Kelurahan Basilam Baru,Sungai Sembilan,Kota Dumai,0.08,P2,Regenerasi alami terbantu,66.7,59,85,48,tinggi,Kondisi biofisik relatif mendukung pemulihan vegetasi.,mangrove-priority-2016-2025-v0.1
268,13,MPR-E0C5F99284,Kelurahan Basilam Baru,Sungai Sembilan,Kota Dumai,0.08,P2,Regenerasi alami terbantu,66.7,59,85,48,tinggi,Kondisi biofisik relatif mendukung pemulihan vegetasi.,mangrove-priority-2016-2025-v0.1
269,14,MPR-5CA03DFFFE,Kelurahan Basilam Baru,Sungai Sembilan,Kota Dumai,0.071,P2,Regenerasi alami terbantu,66.7,59,85,48,tinggi,Kondisi biofisik relatif mendukung pemulihan vegetasi.,mangrove-priority-2016-2025-v0.1
270,15,MPR-7EC519C0B8,Kelurahan Basilam Baru,Sungai Sembilan,Kota Dumai,0.056,P2,Regenerasi alami terbantu,66.7,59,85,48,tinggi,Kondisi biofisik relatif mendukung pemulihan vegetasi.,mangrove-priority-2016-2025-v0.1
271,16,MPR-83D8461BD7,Kelurahan Basilam Baru,Sungai Sembilan,Kota Dumai,0.053,P2,Regenerasi alami terbantu,66.7,59,85,48,tinggi,Kondisi biofisik relatif mendukung pemulihan vegetasi.,mangrove-priority-2016-2025-v0.1
272,17,MPR-70C35D9F72,Kelurahan Basilam Baru,Sungai Sembilan,Kota Dumai,0.05,P2,Regenerasi alami terbantu,66.7,59,85,48,tinggi,Kondisi biofisik relatif mendukung pemulihan vegetasi.,mangrove-priority-2016-2025-v0.1
273,93,MPR-F4E9A549DD,Kelurahan Purnama,Dumai Barat,Kota Dumai,1.198,P1,Penanaman aktif,66.6,69,73,50,sedang,Kebutuhan dan kelayakan relatif tinggi.,mangrove-priority-2016-2025-v0.1
274,18,MPR-D5BB7946EE,Kelurahan Basilam Baru,Sungai Sembilan,Kota Dumai,0.64,P2,Regenerasi alami terbantu,66.6,60,84,49,tinggi,Kondisi biofisik relatif mendukung pemulihan vegetasi.,mangrove-priority-2016-2025-v0.1
275,19,MPR-3033F37D13,Kelurahan Basilam Baru,Sungai Sembilan,Kota Dumai,0.62,P2,Regenerasi alami terbantu,66.6,60,84,49,tinggi,Kondisi biofisik relatif mendukung pemulihan vegetasi.,mangrove-priority-2016-2025-v0.1
276,20,MPR-D3F35E1701,Kelurahan Basilam Baru,Sungai Sembilan,Kota Dumai,0.58,P2,Regenerasi alami terbantu,66.6,60,84,49,tinggi,Kondisi biofisik relatif mendukung pemulihan vegetasi.,mangrove-priority-2016-2025-v0.1
277,21,MPR-41873D1701,Kelurahan Basilam Baru,Sungai Sembilan,Kota Dumai,0.55,P2,Regenerasi alami terbantu,66.6,60,84,49,tinggi,Kondisi biofisik relatif mendukung pemulihan vegetasi.,mangrove-priority-2016-2025-v0.1
278,22,MPR-C5D951EF79,Kelurahan Basilam Baru,Sungai Sembilan,Kota Dumai,0.46,P2,Regenerasi alami terbantu,66.6,60,84,49,tinggi,Kondisi biofisik relatif mendukung pemulihan vegetasi.,mangrove-priority-2016-2025-v0.1
279,23,MPR-74B293DBF6,Kelurahan Basilam Baru,Sungai Sembilan,Kota Dumai,0.42,P2,Regenerasi alami terbantu,66.6,60,84,49,tinggi,Kondisi biofisik relatif mendukung pemulihan vegetasi.,mangrove-priority-2016-2025-v0.1
280,94,MPR-2808A83F09,Kelurahan Purnama,Dumai Barat,Kota Dumai,1.936,P1,Penanaman aktif,66.5,70,72,51,sedang,Kebutuhan dan kelayakan relatif tinggi.,mangrove-priority-2016-2025-v0.1
281,24,MPR-6AB00D24B6,Kelurahan Basilam Baru,Sungai Sembilan,Kota Dumai,1.39,P2,Regenerasi alami terbantu,66.5,61,83,50,tinggi,Kondisi biofisik relatif mendukung pemulihan vegetasi.,mangrove-priority-2016-2025-v0.1
282,25,MPR-F5577FCC73,Kelurahan Basilam Baru,Sungai Sembilan,Kota Dumai,0.328,P2,Regenerasi alami terbantu,66.5,59,85,49,tinggi,Kondisi biofisik relatif mendukung pemulihan vegetasi.,mangrove-priority-2016-2025-v0.1
283,26,MPR-E0B73D9838,Kelurahan Basilam Baru,Sungai Sembilan,Kota Dumai,0.29,P2,Regenerasi alami terbantu,66.5,59,85,49,tinggi,Kondisi biofisik relatif mendukung pemulihan vegetasi.,mangrove-priority-2016-2025-v0.1
284,27,MPR-97882C3376,Kelurahan Basilam Baru,Sungai Sembilan,Kota Dumai,0.28,P2,Regenerasi alami terbantu,66.5,59,85,49,tinggi,Kondisi biofisik relatif mendukung pemulihan vegetasi.,mangrove-priority-2016-2025-v0.1
285,28,MPR-CB59D747B6,Kelurahan Basilam Baru,Sungai Sembilan,Kota Dumai,0.28,P2,Regenerasi alami terbantu,66.5,59,85,49,tinggi,Kondisi biofisik relatif mendukung pemulihan vegetasi.,mangrove-priority-2016-2025-v0.1
286,29,MPR-A167824A1E,Kelurahan Basilam Baru,Sungai Sembilan,Kota Dumai,0.262,P2,Regenerasi alami terbantu,66.5,59,85,49,tinggi,Kondisi biofisik relatif mendukung pemulihan vegetasi.,mangrove-priority-2016-2025-v0.1
287,30,MPR-5F6D98B8D5,Kelurahan Basilam Baru,Sungai Sembilan,Kota Dumai,0.26,P2,Regenerasi alami terbantu,66.5,59,85,49,tinggi,Kondisi biofisik relatif mendukung pemulihan vegetasi.,mangrove-priority-2016-2025-v0.1
288,31,MPR-E394157957,Kelurahan Basilam Baru,Sungai Sembilan,Kota Dumai,0.258,P2,Regenerasi alami terbantu,66.5,59,85,49,tinggi,Kondisi biofisik relatif mendukung pemulihan vegetasi.,mangrove-priority-2016-2025-v0.1
289,32,MPR-ADF642BDEF,Kelurahan Basilam Baru,Sungai Sembilan,Kota Dumai,0.22,P2,Regenerasi alami terbantu,66.5,59,85,49,tinggi,Kondisi biofisik relatif mendukung pemulihan vegetasi.,mangrove-priority-2016-2025-v0.1
290,33,MPR-19733D42F2,Kelurahan Basilam Baru,Sungai Sembilan,Kota Dumai,0.21,P2,Regenerasi alami terbantu,66.5,59,85,49,tinggi,Kondisi biofisik relatif mendukung pemulihan vegetasi.,mangrove-priority-2016-2025-v0.1
291,34,MPR-A94E7EF0CD,Kelurahan Basilam Baru,Sungai Sembilan,Kota Dumai,0.2,P2,Regenerasi alami terbantu,66.5,59,85,49,tinggi,Kondisi biofisik relatif mendukung pemulihan vegetasi.,mangrove-priority-2016-2025-v0.1
292,35,MPR-E464CEB304,Kelurahan Basilam Baru,Sungai Sembilan,Kota Dumai,0.2,P2,Regenerasi alami terbantu,66.5,59,85,49,tinggi,Kondisi biofisik relatif mendukung pemulihan vegetasi.,mangrove-priority-2016-2025-v0.1
293,36,MPR-CBE957D297,Kelurahan Basilam Baru,Sungai Sembilan,Kota Dumai,0.19,P2,Regenerasi alami terbantu,66.5,59,85,49,tinggi,Kondisi biofisik relatif mendukung pemulihan vegetasi.,mangrove-priority-2016-2025-v0.1
294,37,MPR-931201FFDB,Kelurahan Basilam Baru,Sungai Sembilan,Kota Dumai,0.18,P2,Regenerasi alami terbantu,66.5,59,85,49,tinggi,Kondisi biofisik relatif mendukung pemulihan vegetasi.,mangrove-priority-2016-2025-v0.1
295,38,MPR-5ECD8D8B08,Kelurahan Basilam Baru,Sungai Sembilan,Kota Dumai,0.17,P2,Regenerasi alami terbantu,66.5,59,85,49,tinggi,Kondisi biofisik relatif mendukung pemulihan vegetasi.,mangrove-priority-2016-2025-v0.1
296,39,MPR-A9CC2453EF,Kelurahan Basilam Baru,Sungai Sembilan,Kota Dumai,0.16,P2,Regenerasi alami terbantu,66.5,59,85,49,tinggi,Kondisi biofisik relatif mendukung pemulihan vegetasi.,mangrove-priority-2016-2025-v0.1
297,40,MPR-8A2AA0C1FE,Kelurahan Basilam Baru,Sungai Sembilan,Kota Dumai,0.15,P2,Regenerasi alami terbantu,66.5,59,85,49,tinggi,Kondisi biofisik relatif mendukung pemulihan vegetasi.,mangrove-priority-2016-2025-v0.1
298,41,MPR-CEC2891D52,Kelurahan Basilam Baru,Sungai Sembilan,Kota Dumai,0.15,P2,Regenerasi alami terbantu,66.5,59,85,49,tinggi,Kondisi biofisik relatif mendukung pemulihan vegetasi.,mangrove-priority-2016-2025-v0.1
299,42,MPR-563F9D3F0C,Kelurahan Basilam Baru,Sungai Sembilan,Kota Dumai,0.144,P2,Regenerasi alami terbantu,66.5,59,85,49,tinggi,Kondisi biofisik relatif mendukung pemulihan vegetasi.,mangrove-priority-2016-2025-v0.1
300,43,MPR-60AA613DF3,Kelurahan Basilam Baru,Sungai Sembilan,Kota Dumai,0.144,P2,Regenerasi alami terbantu,66.5,59,85,49,tinggi,Kondisi biofisik relatif mendukung pemulihan vegetasi.,mangrove-priority-2016-2025-v0.1
301,44,MPR-CC240B3CEE,Kelurahan Basilam Baru,Sungai Sembilan,Kota Dumai,0.144,P2,Regenerasi alami terbantu,66.5,59,85,49,tinggi,Kondisi biofisik relatif mendukung pemulihan vegetasi.,mangrove-priority-2016-2025-v0.1
302,45,MPR-60E1AC4A61,Kelurahan Basilam Baru,Sungai Sembilan,Kota Dumai,0.14,P2,Regenerasi alami terbantu,66.5,59,85,49,tinggi,Kondisi biofisik relatif mendukung pemulihan vegetasi.,mangrove-priority-2016-2025-v0.1
303,46,MPR-87AC449978,Kelurahan Basilam Baru,Sungai Sembilan,Kota Dumai,0.14,P2,Regenerasi alami terbantu,66.5,59,85,49,tinggi,Kondisi biofisik relatif mendukung pemulihan vegetasi.,mangrove-priority-2016-2025-v0.1
304,47,MPR-A260ECA599,Kelurahan Basilam Baru,Sungai Sembilan,Kota Dumai,0.14,P2,Regenerasi alami terbantu,66.5,59,85,49,tinggi,Kondisi biofisik relatif mendukung pemulihan vegetasi.,mangrove-priority-2016-2025-v0.1
305,48,MPR-C9B19664C0,Kelurahan Basilam Baru,Sungai Sembilan,Kota Dumai,0.14,P2,Regenerasi alami terbantu,66.5,59,85,49,tinggi,Kondisi biofisik relatif mendukung pemulihan vegetasi.,mangrove-priority-2016-2025-v0.1
306,49,MPR-191A861938,Kelurahan Basilam Baru,Sungai Sembilan,Kota Dumai,0.13,P2,Regenerasi alami terbantu,66.5,59,85,49,tinggi,Kondisi biofisik relatif mendukung pemulihan vegetasi.,mangrove-priority-2016-2025-v0.1
307,50,MPR-91241CBB93,Kelurahan Basilam Baru,Sungai Sembilan,Kota Dumai,0.124,P2,Regenerasi alami terbantu,66.5,59,85,49,tinggi,Kondisi biofisik relatif mendukung pemulihan vegetasi.,mangrove-priority-2016-2025-v0.1
308,51,MPR-494CEA5610,Kelurahan Basilam Baru,Sungai Sembilan,Kota Dumai,0.12,P2,Regenerasi alami terbantu,66.5,59,85,49,tinggi,Kondisi biofisik relatif mendukung pemulihan vegetasi.,mangrove-priority-2016-2025-v0.1
309,52,MPR-038B08053B,Kelurahan Basilam Baru,Sungai Sembilan,Kota Dumai,0.115,P2,Regenerasi alami terbantu,66.5,59,85,49,tinggi,Kondisi biofisik relatif mendukung pemulihan vegetasi.,mangrove-priority-2016-2025-v0.1
310,53,MPR-2631BBEF7D,Kelurahan Basilam Baru,Sungai Sembilan,Kota Dumai,0.113,P2,Regenerasi alami terbantu,66.5,59,85,49,tinggi,Kondisi biofisik relatif mendukung pemulihan vegetasi.,mangrove-priority-2016-2025-v0.1
311,54,MPR-646E05465B,Kelurahan Basilam Baru,Sungai Sembilan,Kota Dumai,0.11,P2,Regenerasi alami terbantu,66.5,59,85,49,tinggi,Kondisi biofisik relatif mendukung pemulihan vegetasi.,mangrove-priority-2016-2025-v0.1
312,55,MPR-66308F90FF,Kelurahan Basilam Baru,Sungai Sembilan,Kota Dumai,0.11,P2,Regenerasi alami terbantu,66.5,59,85,49,tinggi,Kondisi biofisik relatif mendukung pemulihan vegetasi.,mangrove-priority-2016-2025-v0.1
313,95,MPR-6A7A8CAD46,Kelurahan Purnama,Dumai Barat,Kota Dumai,2.6,P1,Penanaman aktif,66.4,71,71,52,sedang,Kebutuhan dan kelayakan relatif tinggi.,mangrove-priority-2016-2025-v0.1
314,56,MPR-49FA5BBE2D,Kelurahan Basilam Baru,Sungai Sembilan,Kota Dumai,2.1,P2,Regenerasi alami terbantu,66.4,62,82,51,tinggi,Kondisi biofisik relatif mendukung pemulihan vegetasi.,mangrove-priority-2016-2025-v0.1
315,57,MPR-117961646D,Kelurahan Basilam Baru,Sungai Sembilan,Kota Dumai,1.06,P2,Regenerasi alami terbantu,66.4,60,84,50,tinggi,Kondisi biofisik relatif mendukung pemulihan vegetasi.,mangrove-priority-2016-2025-v0.1
316,58,MPR-7EC329F495,Kelurahan Basilam Baru,Sungai Sembilan,Kota Dumai,0.958,P2,Regenerasi alami terbantu,66.4,60,84,50,tinggi,Kondisi biofisik relatif mendukung pemulihan vegetasi.,mangrove-priority-2016-2025-v0.1
317,59,MPR-620D42A59F,Kelurahan Basilam Baru,Sungai Sembilan,Kota Dumai,0.84,P2,Regenerasi alami terbantu,66.4,60,84,50,tinggi,Kondisi biofisik relatif mendukung pemulihan vegetasi.,mangrove-priority-2016-2025-v0.1
318,60,MPR-E552B58269,Kelurahan Basilam Baru,Sungai Sembilan,Kota Dumai,0.771,P2,Regenerasi alami terbantu,66.4,60,84,50,tinggi,Kondisi biofisik relatif mendukung pemulihan vegetasi.,mangrove-priority-2016-2025-v0.1
319,61,MPR-58BC8DFE23,Kelurahan Basilam Baru,Sungai Sembilan,Kota Dumai,1.74,P2,Regenerasi alami terbantu,66.3,61,83,51,tinggi,Kondisi biofisik relatif mendukung pemulihan vegetasi.,mangrove-priority-2016-2025-v0.1
320,62,MPR-ED5BA98B9A,Kelurahan Basilam Baru,Sungai Sembilan,Kota Dumai,1.67,P2,Regenerasi alami terbantu,66.3,61,83,51,tinggi,Kondisi biofisik relatif mendukung pemulihan vegetasi.,mangrove-priority-2016-2025-v0.1
321,63,MPR-7EF9CFAEA6,Kelurahan Basilam Baru,Sungai Sembilan,Kota Dumai,1.61,P2,Regenerasi alami terbantu,66.3,61,83,51,tinggi,Kondisi biofisik relatif mendukung pemulihan vegetasi.,mangrove-priority-2016-2025-v0.1
322,64,MPR-72BD96E22E,Kelurahan Basilam Baru,Sungai Sembilan,Kota Dumai,1.48,P2,Regenerasi alami terbantu,66.3,61,83,51,tinggi,Kondisi biofisik relatif mendukung pemulihan vegetasi.,mangrove-priority-2016-2025-v0.1
323,96,MPR-05A3ADDF06,Kelurahan Purnama,Dumai Barat,Kota Dumai,2.693,P1,Penanaman aktif,66.2,71,71,53,sedang,Kebutuhan dan kelayakan relatif tinggi.,mangrove-priority-2016-2025-v0.1
324,65,MPR-28971BAD4F,Kelurahan Basilam Baru,Sungai Sembilan,Kota Dumai,0.37,P2,Regenerasi alami terbantu,66.2,59,84,49,tinggi,Kondisi biofisik relatif mendukung pemulihan vegetasi.,mangrove-priority-2016-2025-v0.1
325,66,MPR-40BA41640B,Kelurahan Basilam Baru,Sungai Sembilan,Kota Dumai,1.84,P2,Regenerasi alami terbantu,66.0,61,82,51,tinggi,Kondisi biofisik relatif mendukung pemulihan vegetasi.,mangrove-priority-2016-2025-v0.1
326,67,MPR-419FE5B0F1,Kelurahan Basilam Baru,Sungai Sembilan,Kota Dumai,4.59,P1,Penanaman aktif,65.9,65,79,55,tinggi,Kebutuhan dan kelayakan relatif tinggi.,mangrove-priority-2016-2025-v0.1
327,68,MPR-41903AC0CA,Kelurahan Basilam Baru,Sungai Sembilan,Kota Dumai,2.57,P2,Regenerasi alami terbantu,65.8,62,81,52,tinggi,Kondisi biofisik relatif mendukung pemulihan vegetasi.,mangrove-priority-2016-2025-v0.1
328,69,MPR-177CE18315,Kelurahan Basilam Baru,Sungai Sembilan,Kota Dumai,4.77,P1,Penanaman aktif,65.5,65,78,55,tinggi,Kebutuhan dan kelayakan relatif tinggi.,mangrove-priority-2016-2025-v0.1
329,70,MPR-FF9EAC415F,Kelurahan Basilam Baru,Sungai Sembilan,Kota Dumai,4.77,P1,Penanaman aktif,65.5,65,78,55,tinggi,Kebutuhan dan kelayakan relatif tinggi.,mangrove-priority-2016-2025-v0.1
330,1,MPR-2C28422784,Kelurahan Pelintung,Medang Kampai,Kota Dumai,0.73,P2,Regenerasi alami terbantu,65.4,59,84,53,tinggi,Kondisi biofisik relatif mendukung pemulihan vegetasi.,mangrove-priority-2016-2025-v0.1
331,2,MPR-BC67483EE5,Kelurahan Pelintung,Medang Kampai,Kota Dumai,0.73,P2,Regenerasi alami terbantu,65.4,59,84,53,tinggi,Kondisi biofisik relatif mendukung pemulihan vegetasi.,mangrove-priority-2016-2025-v0.1
332,3,MPR-8E3E08F4EC,Kelurahan Pelintung,Medang Kampai,Kota Dumai,0.66,P2,Regenerasi alami terbantu,65.4,59,84,53,tinggi,Kondisi biofisik relatif mendukung pemulihan vegetasi.,mangrove-priority-2016-2025-v0.1
333,4,MPR-3451AB4603,Kelurahan Pelintung,Medang Kampai,Kota Dumai,0.62,P2,Regenerasi alami terbantu,65.4,59,84,53,tinggi,Kondisi biofisik relatif mendukung pemulihan vegetasi.,mangrove-priority-2016-2025-v0.1
334,5,MPR-EE2FB16259,Kelurahan Pelintung,Medang Kampai,Kota Dumai,0.62,P2,Regenerasi alami terbantu,65.4,59,84,53,tinggi,Kondisi biofisik relatif mendukung pemulihan vegetasi.,mangrove-priority-2016-2025-v0.1
335,6,MPR-9634D68377,Kelurahan Pelintung,Medang Kampai,Kota Dumai,0.57,P2,Regenerasi alami terbantu,65.4,59,84,53,tinggi,Kondisi biofisik relatif mendukung pemulihan vegetasi.,mangrove-priority-2016-2025-v0.1
336,7,MPR-D6D1DC730F,Kelurahan Pelintung,Medang Kampai,Kota Dumai,0.57,P2,Regenerasi alami terbantu,65.4,59,84,53,tinggi,Kondisi biofisik relatif mendukung pemulihan vegetasi.,mangrove-priority-2016-2025-v0.1
337,8,MPR-D4F45544F0,Kelurahan Pelintung,Medang Kampai,Kota Dumai,0.507,P2,Regenerasi alami terbantu,65.4,59,84,53,tinggi,Kondisi biofisik relatif mendukung pemulihan vegetasi.,mangrove-priority-2016-2025-v0.1
338,9,MPR-39D38D5587,Kelurahan Pelintung,Medang Kampai,Kota Dumai,0.451,P2,Regenerasi alami terbantu,65.4,59,84,53,tinggi,Kondisi biofisik relatif mendukung pemulihan vegetasi.,mangrove-priority-2016-2025-v0.1
339,10,MPR-12DE97367E,Kelurahan Pelintung,Medang Kampai,Kota Dumai,0.448,P2,Regenerasi alami terbantu,65.4,59,84,53,tinggi,Kondisi biofisik relatif mendukung pemulihan vegetasi.,mangrove-priority-2016-2025-v0.1
340,11,MPR-8B53015CB6,Kelurahan Pelintung,Medang Kampai,Kota Dumai,0.44,P2,Regenerasi alami terbantu,65.4,59,84,53,tinggi,Kondisi biofisik relatif mendukung pemulihan vegetasi.,mangrove-priority-2016-2025-v0.1
341,12,MPR-BE2CFAD287,Kelurahan Pelintung,Medang Kampai,Kota Dumai,0.42,P2,Regenerasi alami terbantu,65.4,59,84,53,tinggi,Kondisi biofisik relatif mendukung pemulihan vegetasi.,mangrove-priority-2016-2025-v0.1
342,13,MPR-14747828B9,Kelurahan Pelintung,Medang Kampai,Kota Dumai,0.11,P2,Regenerasi alami terbantu,65.4,58,85,52,tinggi,Kondisi biofisik relatif mendukung pemulihan vegetasi.,mangrove-priority-2016-2025-v0.1
343,14,MPR-21A7C87545,Kelurahan Pelintung,Medang Kampai,Kota Dumai,0.11,P2,Regenerasi alami terbantu,65.4,58,85,52,tinggi,Kondisi biofisik relatif mendukung pemulihan vegetasi.,mangrove-priority-2016-2025-v0.1
344,15,MPR-83EFF575D6,Kelurahan Pelintung,Medang Kampai,Kota Dumai,0.11,P2,Regenerasi alami terbantu,65.4,58,85,52,tinggi,Kondisi biofisik relatif mendukung pemulihan vegetasi.,mangrove-priority-2016-2025-v0.1
345,16,MPR-DA43EA6A9B,Kelurahan Pelintung,Medang Kampai,Kota Dumai,0.11,P2,Regenerasi alami terbantu,65.4,58,85,52,tinggi,Kondisi biofisik relatif mendukung pemulihan vegetasi.,mangrove-priority-2016-2025-v0.1
346,17,MPR-1BFD2D6B3F,Kelurahan Pelintung,Medang Kampai,Kota Dumai,0.1,P2,Regenerasi alami terbantu,65.4,58,85,52,tinggi,Kondisi biofisik relatif mendukung pemulihan vegetasi.,mangrove-priority-2016-2025-v0.1
347,18,MPR-52F52EEE27,Kelurahan Pelintung,Medang Kampai,Kota Dumai,0.1,P2,Regenerasi alami terbantu,65.4,58,85,52,tinggi,Kondisi biofisik relatif mendukung pemulihan vegetasi.,mangrove-priority-2016-2025-v0.1
348,19,MPR-5BE34A4DA9,Kelurahan Pelintung,Medang Kampai,Kota Dumai,0.1,P2,Regenerasi alami terbantu,65.4,58,85,52,tinggi,Kondisi biofisik relatif mendukung pemulihan vegetasi.,mangrove-priority-2016-2025-v0.1
349,20,MPR-99F21A2C78,Kelurahan Pelintung,Medang Kampai,Kota Dumai,0.1,P2,Regenerasi alami terbantu,65.4,58,85,52,tinggi,Kondisi biofisik relatif mendukung pemulihan vegetasi.,mangrove-priority-2016-2025-v0.1
350,21,MPR-ACC9B335AC,Kelurahan Pelintung,Medang Kampai,Kota Dumai,0.1,P2,Regenerasi alami terbantu,65.4,58,85,52,tinggi,Kondisi biofisik relatif mendukung pemulihan vegetasi.,mangrove-priority-2016-2025-v0.1
351,22,MPR-132B8D6089,Kelurahan Pelintung,Medang Kampai,Kota Dumai,0.097,P2,Regenerasi alami terbantu,65.4,58,85,52,tinggi,Kondisi biofisik relatif mendukung pemulihan vegetasi.,mangrove-priority-2016-2025-v0.1
352,23,MPR-5BD158AB31,Kelurahan Pelintung,Medang Kampai,Kota Dumai,0.097,P2,Regenerasi alami terbantu,65.4,58,85,52,tinggi,Kondisi biofisik relatif mendukung pemulihan vegetasi.,mangrove-priority-2016-2025-v0.1
353,24,MPR-28567843FE,Kelurahan Pelintung,Medang Kampai,Kota Dumai,0.09,P2,Regenerasi alami terbantu,65.4,58,85,52,tinggi,Kondisi biofisik relatif mendukung pemulihan vegetasi.,mangrove-priority-2016-2025-v0.1
354,25,MPR-635C626FBB,Kelurahan Pelintung,Medang Kampai,Kota Dumai,0.09,P2,Regenerasi alami terbantu,65.4,58,85,52,tinggi,Kondisi biofisik relatif mendukung pemulihan vegetasi.,mangrove-priority-2016-2025-v0.1
355,26,MPR-77113BCB77,Kelurahan Pelintung,Medang Kampai,Kota Dumai,0.09,P2,Regenerasi alami terbantu,65.4,58,85,52,tinggi,Kondisi biofisik relatif mendukung pemulihan vegetasi.,mangrove-priority-2016-2025-v0.1
356,27,MPR-E4B611B9D1,Kelurahan Pelintung,Medang Kampai,Kota Dumai,0.09,P2,Regenerasi alami terbantu,65.4,58,85,52,tinggi,Kondisi biofisik relatif mendukung pemulihan vegetasi.,mangrove-priority-2016-2025-v0.1
357,28,MPR-48BA4582D1,Kelurahan Pelintung,Medang Kampai,Kota Dumai,0.088,P2,Regenerasi alami terbantu,65.4,58,85,52,tinggi,Kondisi biofisik relatif mendukung pemulihan vegetasi.,mangrove-priority-2016-2025-v0.1
358,29,MPR-1FF8754A1E,Kelurahan Pelintung,Medang Kampai,Kota Dumai,0.083,P2,Regenerasi alami terbantu,65.4,58,85,52,tinggi,Kondisi biofisik relatif mendukung pemulihan vegetasi.,mangrove-priority-2016-2025-v0.1
359,30,MPR-153FE6BB66,Kelurahan Pelintung,Medang Kampai,Kota Dumai,0.081,P2,Regenerasi alami terbantu,65.4,58,85,52,tinggi,Kondisi biofisik relatif mendukung pemulihan vegetasi.,mangrove-priority-2016-2025-v0.1
360,31,MPR-2369D168EB,Kelurahan Pelintung,Medang Kampai,Kota Dumai,0.081,P2,Regenerasi alami terbantu,65.4,58,85,52,tinggi,Kondisi biofisik relatif mendukung pemulihan vegetasi.,mangrove-priority-2016-2025-v0.1
361,32,MPR-2A66CC0051,Kelurahan Pelintung,Medang Kampai,Kota Dumai,0.08,P2,Regenerasi alami terbantu,65.4,58,85,52,tinggi,Kondisi biofisik relatif mendukung pemulihan vegetasi.,mangrove-priority-2016-2025-v0.1
362,33,MPR-5050222033,Kelurahan Pelintung,Medang Kampai,Kota Dumai,0.08,P2,Regenerasi alami terbantu,65.4,58,85,52,tinggi,Kondisi biofisik relatif mendukung pemulihan vegetasi.,mangrove-priority-2016-2025-v0.1
363,34,MPR-5F93A4AF28,Kelurahan Pelintung,Medang Kampai,Kota Dumai,0.08,P2,Regenerasi alami terbantu,65.4,58,85,52,tinggi,Kondisi biofisik relatif mendukung pemulihan vegetasi.,mangrove-priority-2016-2025-v0.1
364,35,MPR-60A8574285,Kelurahan Pelintung,Medang Kampai,Kota Dumai,0.08,P2,Regenerasi alami terbantu,65.4,58,85,52,tinggi,Kondisi biofisik relatif mendukung pemulihan vegetasi.,mangrove-priority-2016-2025-v0.1
365,36,MPR-85F2FD30D2,Kelurahan Pelintung,Medang Kampai,Kota Dumai,0.08,P2,Regenerasi alami terbantu,65.4,58,85,52,tinggi,Kondisi biofisik relatif mendukung pemulihan vegetasi.,mangrove-priority-2016-2025-v0.1
366,37,MPR-8C8E349025,Kelurahan Pelintung,Medang Kampai,Kota Dumai,0.08,P2,Regenerasi alami terbantu,65.4,58,85,52,tinggi,Kondisi biofisik relatif mendukung pemulihan vegetasi.,mangrove-priority-2016-2025-v0.1
367,38,MPR-A8CEE4E127,Kelurahan Pelintung,Medang Kampai,Kota Dumai,0.08,P2,Regenerasi alami terbantu,65.4,58,85,52,tinggi,Kondisi biofisik relatif mendukung pemulihan vegetasi.,mangrove-priority-2016-2025-v0.1
368,39,MPR-B35D8439CE,Kelurahan Pelintung,Medang Kampai,Kota Dumai,0.08,P2,Regenerasi alami terbantu,65.4,58,85,52,tinggi,Kondisi biofisik relatif mendukung pemulihan vegetasi.,mangrove-priority-2016-2025-v0.1
369,40,MPR-B68A9F9741,Kelurahan Pelintung,Medang Kampai,Kota Dumai,0.08,P2,Regenerasi alami terbantu,65.4,58,85,52,tinggi,Kondisi biofisik relatif mendukung pemulihan vegetasi.,mangrove-priority-2016-2025-v0.1
370,41,MPR-CB8BFFDB19,Kelurahan Pelintung,Medang Kampai,Kota Dumai,0.08,P2,Regenerasi alami terbantu,65.4,58,85,52,tinggi,Kondisi biofisik relatif mendukung pemulihan vegetasi.,mangrove-priority-2016-2025-v0.1
371,42,MPR-EB09E865ED,Kelurahan Pelintung,Medang Kampai,Kota Dumai,0.08,P2,Regenerasi alami terbantu,65.4,58,85,52,tinggi,Kondisi biofisik relatif mendukung pemulihan vegetasi.,mangrove-priority-2016-2025-v0.1
372,43,MPR-93EFAA150D,Kelurahan Pelintung,Medang Kampai,Kota Dumai,0.074,P2,Regenerasi alami terbantu,65.4,58,85,52,tinggi,Kondisi biofisik relatif mendukung pemulihan vegetasi.,mangrove-priority-2016-2025-v0.1
373,44,MPR-B96AF197D1,Kelurahan Pelintung,Medang Kampai,Kota Dumai,0.07,P2,Regenerasi alami terbantu,65.4,58,85,52,tinggi,Kondisi biofisik relatif mendukung pemulihan vegetasi.,mangrove-priority-2016-2025-v0.1
374,45,MPR-902F61E0BA,Kelurahan Pelintung,Medang Kampai,Kota Dumai,0.065,P2,Regenerasi alami terbantu,65.4,58,85,52,tinggi,Kondisi biofisik relatif mendukung pemulihan vegetasi.,mangrove-priority-2016-2025-v0.1
375,46,MPR-CFC56A9B9F,Kelurahan Pelintung,Medang Kampai,Kota Dumai,0.061,P2,Regenerasi alami terbantu,65.4,58,85,52,tinggi,Kondisi biofisik relatif mendukung pemulihan vegetasi.,mangrove-priority-2016-2025-v0.1
376,47,MPR-C41AA97BF8,Kelurahan Pelintung,Medang Kampai,Kota Dumai,0.056,P2,Regenerasi alami terbantu,65.4,58,85,52,tinggi,Kondisi biofisik relatif mendukung pemulihan vegetasi.,mangrove-priority-2016-2025-v0.1
377,48,MPR-9A2D25043C,Kelurahan Pelintung,Medang Kampai,Kota Dumai,0.055,P2,Regenerasi alami terbantu,65.4,58,85,52,tinggi,Kondisi biofisik relatif mendukung pemulihan vegetasi.,mangrove-priority-2016-2025-v0.1
378,49,MPR-049009AD61,Kelurahan Pelintung,Medang Kampai,Kota Dumai,0.05,P2,Regenerasi alami terbantu,65.4,58,85,52,tinggi,Kondisi biofisik relatif mendukung pemulihan vegetasi.,mangrove-priority-2016-2025-v0.1
379,50,MPR-1A4EECDB20,Kelurahan Pelintung,Medang Kampai,Kota Dumai,0.05,P2,Regenerasi alami terbantu,65.4,58,85,52,tinggi,Kondisi biofisik relatif mendukung pemulihan vegetasi.,mangrove-priority-2016-2025-v0.1
380,51,MPR-24550D49A0,Kelurahan Pelintung,Medang Kampai,Kota Dumai,0.05,P2,Regenerasi alami terbantu,65.4,58,85,52,tinggi,Kondisi biofisik relatif mendukung pemulihan vegetasi.,mangrove-priority-2016-2025-v0.1
381,52,MPR-302E1EED03,Kelurahan Pelintung,Medang Kampai,Kota Dumai,0.05,P2,Regenerasi alami terbantu,65.4,58,85,52,tinggi,Kondisi biofisik relatif mendukung pemulihan vegetasi.,mangrove-priority-2016-2025-v0.1
382,53,MPR-479F824D8C,Kelurahan Pelintung,Medang Kampai,Kota Dumai,0.05,P2,Regenerasi alami terbantu,65.4,58,85,52,tinggi,Kondisi biofisik relatif mendukung pemulihan vegetasi.,mangrove-priority-2016-2025-v0.1
383,54,MPR-491CD0FB16,Kelurahan Pelintung,Medang Kampai,Kota Dumai,0.05,X,Tidak direkomendasikan,65.4,58,85,52,tinggi,Area terlalu kecil dan terisolasi untuk diprioritaskan.,mangrove-priority-2016-2025-v0.1
384,55,MPR-6A2DBDD6FC,Kelurahan Pelintung,Medang Kampai,Kota Dumai,0.05,P2,Regenerasi alami terbantu,65.4,58,85,52,tinggi,Kondisi biofisik relatif mendukung pemulihan vegetasi.,mangrove-priority-2016-2025-v0.1
385,56,MPR-A1EC453626,Kelurahan Pelintung,Medang Kampai,Kota Dumai,0.05,X,Tidak direkomendasikan,65.4,58,85,52,tinggi,Area terlalu kecil dan terisolasi untuk diprioritaskan.,mangrove-priority-2016-2025-v0.1
386,57,MPR-BDC0A09854,Kelurahan Pelintung,Medang Kampai,Kota Dumai,0.05,P2,Regenerasi alami terbantu,65.4,58,85,52,tinggi,Kondisi biofisik relatif mendukung pemulihan vegetasi.,mangrove-priority-2016-2025-v0.1
387,58,MPR-BE86DAE62C,Kelurahan Pelintung,Medang Kampai,Kota Dumai,0.05,P2,Regenerasi alami terbantu,65.4,58,85,52,tinggi,Kondisi biofisik relatif mendukung pemulihan vegetasi.,mangrove-priority-2016-2025-v0.1
388,59,MPR-CB6F7042F4,Kelurahan Pelintung,Medang Kampai,Kota Dumai,0.05,P2,Regenerasi alami terbantu,65.4,58,85,52,tinggi,Kondisi biofisik relatif mendukung pemulihan vegetasi.,mangrove-priority-2016-2025-v0.1
389,60,MPR-DABE8714C1,Kelurahan Pelintung,Medang Kampai,Kota Dumai,0.05,P2,Regenerasi alami terbantu,65.4,58,85,52,tinggi,Kondisi biofisik relatif mendukung pemulihan vegetasi.,mangrove-priority-2016-2025-v0.1
390,61,MPR-EFF9300B89,Kelurahan Pelintung,Medang Kampai,Kota Dumai,0.05,P2,Regenerasi alami terbantu,65.4,58,85,52,tinggi,Kondisi biofisik relatif mendukung pemulihan vegetasi.,mangrove-priority-2016-2025-v0.1
391,62,MPR-E83930EBBD,Kelurahan Pelintung,Medang Kampai,Kota Dumai,2.095,P2,Regenerasi alami terbantu,65.2,61,82,55,tinggi,Kondisi biofisik relatif mendukung pemulihan vegetasi.,mangrove-priority-2016-2025-v0.1
392,63,MPR-37BD3553A7,Kelurahan Pelintung,Medang Kampai,Kota Dumai,1.251,P2,Regenerasi alami terbantu,65.2,60,83,54,tinggi,Kondisi biofisik relatif mendukung pemulihan vegetasi.,mangrove-priority-2016-2025-v0.1
393,64,MPR-65C1F79429,Kelurahan Pelintung,Medang Kampai,Kota Dumai,1.06,P2,Regenerasi alami terbantu,65.2,59,84,54,tinggi,Kondisi biofisik relatif mendukung pemulihan vegetasi.,mangrove-priority-2016-2025-v0.1
394,65,MPR-307A232B99,Kelurahan Pelintung,Medang Kampai,Kota Dumai,0.806,P2,Regenerasi alami terbantu,65.2,59,84,54,tinggi,Kondisi biofisik relatif mendukung pemulihan vegetasi.,mangrove-priority-2016-2025-v0.1
395,66,MPR-AEBA808F53,Kelurahan Pelintung,Medang Kampai,Kota Dumai,0.78,P2,Regenerasi alami terbantu,65.2,59,84,54,tinggi,Kondisi biofisik relatif mendukung pemulihan vegetasi.,mangrove-priority-2016-2025-v0.1
396,67,MPR-735740F684,Kelurahan Pelintung,Medang Kampai,Kota Dumai,0.35,P2,Regenerasi alami terbantu,65.2,58,85,53,tinggi,Kondisi biofisik relatif mendukung pemulihan vegetasi.,mangrove-priority-2016-2025-v0.1
397,68,MPR-FC3239603D,Kelurahan Pelintung,Medang Kampai,Kota Dumai,0.35,P2,Regenerasi alami terbantu,65.2,58,85,53,tinggi,Kondisi biofisik relatif mendukung pemulihan vegetasi.,mangrove-priority-2016-2025-v0.1
398,69,MPR-610EB93106,Kelurahan Pelintung,Medang Kampai,Kota Dumai,0.33,P2,Regenerasi alami terbantu,65.2,58,85,53,tinggi,Kondisi biofisik relatif mendukung pemulihan vegetasi.,mangrove-priority-2016-2025-v0.1
399,70,MPR-998F8CF359,Kelurahan Pelintung,Medang Kampai,Kota Dumai,0.33,P2,Regenerasi alami terbantu,65.2,58,85,53,tinggi,Kondisi biofisik relatif mendukung pemulihan vegetasi.,mangrove-priority-2016-2025-v0.1
400,71,MPR-0DB95FC300,Kelurahan Pelintung,Medang Kampai,Kota Dumai,0.32,P2,Regenerasi alami terbantu,65.2,58,85,53,tinggi,Kondisi biofisik relatif mendukung pemulihan vegetasi.,mangrove-priority-2016-2025-v0.1
401,72,MPR-3752726CE7,Kelurahan Pelintung,Medang Kampai,Kota Dumai,0.32,P2,Regenerasi alami terbantu,65.2,58,85,53,tinggi,Kondisi biofisik relatif mendukung pemulihan vegetasi.,mangrove-priority-2016-2025-v0.1
402,73,MPR-62876A83F1,Kelurahan Pelintung,Medang Kampai,Kota Dumai,0.32,P2,Regenerasi alami terbantu,65.2,58,85,53,tinggi,Kondisi biofisik relatif mendukung pemulihan vegetasi.,mangrove-priority-2016-2025-v0.1
403,74,MPR-F7884B70B8,Kelurahan Pelintung,Medang Kampai,Kota Dumai,0.32,P2,Regenerasi alami terbantu,65.2,58,85,53,tinggi,Kondisi biofisik relatif mendukung pemulihan vegetasi.,mangrove-priority-2016-2025-v0.1
404,75,MPR-26D6D3BC09,Kelurahan Pelintung,Medang Kampai,Kota Dumai,0.315,P2,Regenerasi alami terbantu,65.2,58,85,53,tinggi,Kondisi biofisik relatif mendukung pemulihan vegetasi.,mangrove-priority-2016-2025-v0.1
405,76,MPR-0C536CBC1F,Kelurahan Pelintung,Medang Kampai,Kota Dumai,0.314,P2,Regenerasi alami terbantu,65.2,58,85,53,tinggi,Kondisi biofisik relatif mendukung pemulihan vegetasi.,mangrove-priority-2016-2025-v0.1
406,77,MPR-7835A53EA2,Kelurahan Pelintung,Medang Kampai,Kota Dumai,0.312,P2,Regenerasi alami terbantu,65.2,58,85,53,tinggi,Kondisi biofisik relatif mendukung pemulihan vegetasi.,mangrove-priority-2016-2025-v0.1
407,78,MPR-3869AAF877,Kelurahan Pelintung,Medang Kampai,Kota Dumai,0.31,P2,Regenerasi alami terbantu,65.2,58,85,53,tinggi,Kondisi biofisik relatif mendukung pemulihan vegetasi.,mangrove-priority-2016-2025-v0.1
408,79,MPR-57A2ACF96E,Kelurahan Pelintung,Medang Kampai,Kota Dumai,0.3,P2,Regenerasi alami terbantu,65.2,58,85,53,tinggi,Kondisi biofisik relatif mendukung pemulihan vegetasi.,mangrove-priority-2016-2025-v0.1
409,80,MPR-006ADBB72D,Kelurahan Pelintung,Medang Kampai,Kota Dumai,0.29,P2,Regenerasi alami terbantu,65.2,58,85,53,tinggi,Kondisi biofisik relatif mendukung pemulihan vegetasi.,mangrove-priority-2016-2025-v0.1
410,81,MPR-08B34CFD36,Kelurahan Pelintung,Medang Kampai,Kota Dumai,0.29,P2,Regenerasi alami terbantu,65.2,58,85,53,tinggi,Kondisi biofisik relatif mendukung pemulihan vegetasi.,mangrove-priority-2016-2025-v0.1
411,82,MPR-EE4DBA8887,Kelurahan Pelintung,Medang Kampai,Kota Dumai,0.29,P2,Regenerasi alami terbantu,65.2,58,85,53,tinggi,Kondisi biofisik relatif mendukung pemulihan vegetasi.,mangrove-priority-2016-2025-v0.1
412,83,MPR-693D50E8B7,Kelurahan Pelintung,Medang Kampai,Kota Dumai,0.28,P2,Regenerasi alami terbantu,65.2,58,85,53,tinggi,Kondisi biofisik relatif mendukung pemulihan vegetasi.,mangrove-priority-2016-2025-v0.1
413,84,MPR-C26284DD04,Kelurahan Pelintung,Medang Kampai,Kota Dumai,0.27,P2,Regenerasi alami terbantu,65.2,58,85,53,tinggi,Kondisi biofisik relatif mendukung pemulihan vegetasi.,mangrove-priority-2016-2025-v0.1
414,85,MPR-3BDE3A77C7,Kelurahan Pelintung,Medang Kampai,Kota Dumai,0.26,P2,Regenerasi alami terbantu,65.2,58,85,53,tinggi,Kondisi biofisik relatif mendukung pemulihan vegetasi.,mangrove-priority-2016-2025-v0.1
415,86,MPR-A37CB58873,Kelurahan Pelintung,Medang Kampai,Kota Dumai,0.26,P2,Regenerasi alami terbantu,65.2,58,85,53,tinggi,Kondisi biofisik relatif mendukung pemulihan vegetasi.,mangrove-priority-2016-2025-v0.1
416,87,MPR-B7AE1C766A,Kelurahan Pelintung,Medang Kampai,Kota Dumai,0.26,P2,Regenerasi alami terbantu,65.2,58,85,53,tinggi,Kondisi biofisik relatif mendukung pemulihan vegetasi.,mangrove-priority-2016-2025-v0.1
417,88,MPR-61E56C71D8,Kelurahan Pelintung,Medang Kampai,Kota Dumai,0.25,P2,Regenerasi alami terbantu,65.2,58,85,53,tinggi,Kondisi biofisik relatif mendukung pemulihan vegetasi.,mangrove-priority-2016-2025-v0.1
418,89,MPR-94B1948C32,Kelurahan Pelintung,Medang Kampai,Kota Dumai,0.25,P2,Regenerasi alami terbantu,65.2,58,85,53,tinggi,Kondisi biofisik relatif mendukung pemulihan vegetasi.,mangrove-priority-2016-2025-v0.1
419,90,MPR-4FAE9108EE,Kelurahan Pelintung,Medang Kampai,Kota Dumai,0.23,P2,Regenerasi alami terbantu,65.2,58,85,53,tinggi,Kondisi biofisik relatif mendukung pemulihan vegetasi.,mangrove-priority-2016-2025-v0.1
420,91,MPR-6CB2B42C2B,Kelurahan Pelintung,Medang Kampai,Kota Dumai,0.229,P2,Regenerasi alami terbantu,65.2,58,85,53,tinggi,Kondisi biofisik relatif mendukung pemulihan vegetasi.,mangrove-priority-2016-2025-v0.1
421,92,MPR-89B279C65C,Kelurahan Pelintung,Medang Kampai,Kota Dumai,0.22,P2,Regenerasi alami terbantu,65.2,58,85,53,tinggi,Kondisi biofisik relatif mendukung pemulihan vegetasi.,mangrove-priority-2016-2025-v0.1
422,93,MPR-BC9AE41803,Kelurahan Pelintung,Medang Kampai,Kota Dumai,0.22,P2,Regenerasi alami terbantu,65.2,58,85,53,tinggi,Kondisi biofisik relatif mendukung pemulihan vegetasi.,mangrove-priority-2016-2025-v0.1
423,94,MPR-71655A6A85,Kelurahan Pelintung,Medang Kampai,Kota Dumai,0.219,P2,Regenerasi alami terbantu,65.2,58,85,53,tinggi,Kondisi biofisik relatif mendukung pemulihan vegetasi.,mangrove-priority-2016-2025-v0.1
424,95,MPR-E1E3E7BA18,Kelurahan Pelintung,Medang Kampai,Kota Dumai,0.211,P2,Regenerasi alami terbantu,65.2,58,85,53,tinggi,Kondisi biofisik relatif mendukung pemulihan vegetasi.,mangrove-priority-2016-2025-v0.1
425,96,MPR-7617B186EC,Kelurahan Pelintung,Medang Kampai,Kota Dumai,0.21,P2,Regenerasi alami terbantu,65.2,58,85,53,tinggi,Kondisi biofisik relatif mendukung pemulihan vegetasi.,mangrove-priority-2016-2025-v0.1
426,97,MPR-28C0D0AD2F,Kelurahan Pelintung,Medang Kampai,Kota Dumai,0.2,P2,Regenerasi alami terbantu,65.2,58,85,53,tinggi,Kondisi biofisik relatif mendukung pemulihan vegetasi.,mangrove-priority-2016-2025-v0.1
427,98,MPR-3E5EC442C3,Kelurahan Pelintung,Medang Kampai,Kota Dumai,0.2,P2,Regenerasi alami terbantu,65.2,58,85,53,tinggi,Kondisi biofisik relatif mendukung pemulihan vegetasi.,mangrove-priority-2016-2025-v0.1
428,99,MPR-C317776DE2,Kelurahan Pelintung,Medang Kampai,Kota Dumai,0.2,P2,Regenerasi alami terbantu,65.2,58,85,53,tinggi,Kondisi biofisik relatif mendukung pemulihan vegetasi.,mangrove-priority-2016-2025-v0.1
429,100,MPR-5211232AF6,Kelurahan Pelintung,Medang Kampai,Kota Dumai,0.19,P2,Regenerasi alami terbantu,65.2,58,85,53,tinggi,Kondisi biofisik relatif mendukung pemulihan vegetasi.,mangrove-priority-2016-2025-v0.1
430,101,MPR-9D8B32A81A,Kelurahan Pelintung,Medang Kampai,Kota Dumai,0.19,P2,Regenerasi alami terbantu,65.2,58,85,53,tinggi,Kondisi biofisik relatif mendukung pemulihan vegetasi.,mangrove-priority-2016-2025-v0.1
431,102,MPR-BDA87B1C8E,Kelurahan Pelintung,Medang Kampai,Kota Dumai,0.19,P2,Regenerasi alami terbantu,65.2,58,85,53,tinggi,Kondisi biofisik relatif mendukung pemulihan vegetasi.,mangrove-priority-2016-2025-v0.1
432,103,MPR-E2CAE12036,Kelurahan Pelintung,Medang Kampai,Kota Dumai,0.19,P2,Regenerasi alami terbantu,65.2,58,85,53,tinggi,Kondisi biofisik relatif mendukung pemulihan vegetasi.,mangrove-priority-2016-2025-v0.1
433,104,MPR-5EA1BC991B,Kelurahan Pelintung,Medang Kampai,Kota Dumai,0.18,P2,Regenerasi alami terbantu,65.2,58,85,53,tinggi,Kondisi biofisik relatif mendukung pemulihan vegetasi.,mangrove-priority-2016-2025-v0.1
434,105,MPR-9F0756E217,Kelurahan Pelintung,Medang Kampai,Kota Dumai,0.18,P2,Regenerasi alami terbantu,65.2,58,85,53,tinggi,Kondisi biofisik relatif mendukung pemulihan vegetasi.,mangrove-priority-2016-2025-v0.1
435,106,MPR-C7C4569B0F,Kelurahan Pelintung,Medang Kampai,Kota Dumai,0.18,P2,Regenerasi alami terbantu,65.2,58,85,53,tinggi,Kondisi biofisik relatif mendukung pemulihan vegetasi.,mangrove-priority-2016-2025-v0.1
436,107,MPR-C8F60FA6BB,Kelurahan Pelintung,Medang Kampai,Kota Dumai,0.17,P2,Regenerasi alami terbantu,65.2,58,85,53,tinggi,Kondisi biofisik relatif mendukung pemulihan vegetasi.,mangrove-priority-2016-2025-v0.1
437,108,MPR-E0E273ABFE,Kelurahan Pelintung,Medang Kampai,Kota Dumai,0.17,P2,Regenerasi alami terbantu,65.2,58,85,53,tinggi,Kondisi biofisik relatif mendukung pemulihan vegetasi.,mangrove-priority-2016-2025-v0.1
438,109,MPR-F01640C307,Kelurahan Pelintung,Medang Kampai,Kota Dumai,0.16,P2,Regenerasi alami terbantu,65.2,58,85,53,tinggi,Kondisi biofisik relatif mendukung pemulihan vegetasi.,mangrove-priority-2016-2025-v0.1
439,110,MPR-65C8BCCF55,Kelurahan Pelintung,Medang Kampai,Kota Dumai,0.151,P2,Regenerasi alami terbantu,65.2,58,85,53,tinggi,Kondisi biofisik relatif mendukung pemulihan vegetasi.,mangrove-priority-2016-2025-v0.1
440,111,MPR-B9FB0AF3DD,Kelurahan Pelintung,Medang Kampai,Kota Dumai,0.15,P2,Regenerasi alami terbantu,65.2,58,85,53,tinggi,Kondisi biofisik relatif mendukung pemulihan vegetasi.,mangrove-priority-2016-2025-v0.1
441,112,MPR-E385D1110A,Kelurahan Pelintung,Medang Kampai,Kota Dumai,0.15,P2,Regenerasi alami terbantu,65.2,58,85,53,tinggi,Kondisi biofisik relatif mendukung pemulihan vegetasi.,mangrove-priority-2016-2025-v0.1
442,113,MPR-71E2FAD470,Kelurahan Pelintung,Medang Kampai,Kota Dumai,0.143,P2,Regenerasi alami terbantu,65.2,58,85,53,tinggi,Kondisi biofisik relatif mendukung pemulihan vegetasi.,mangrove-priority-2016-2025-v0.1
443,114,MPR-7DBDA1C191,Kelurahan Pelintung,Medang Kampai,Kota Dumai,0.141,P2,Regenerasi alami terbantu,65.2,58,85,53,tinggi,Kondisi biofisik relatif mendukung pemulihan vegetasi.,mangrove-priority-2016-2025-v0.1
444,115,MPR-B6E6A18BDA,Kelurahan Pelintung,Medang Kampai,Kota Dumai,0.14,P2,Regenerasi alami terbantu,65.2,58,85,53,tinggi,Kondisi biofisik relatif mendukung pemulihan vegetasi.,mangrove-priority-2016-2025-v0.1
445,116,MPR-BF8D10A1AF,Kelurahan Pelintung,Medang Kampai,Kota Dumai,0.14,P2,Regenerasi alami terbantu,65.2,58,85,53,tinggi,Kondisi biofisik relatif mendukung pemulihan vegetasi.,mangrove-priority-2016-2025-v0.1
446,117,MPR-CFE9B6BC98,Kelurahan Pelintung,Medang Kampai,Kota Dumai,0.14,P2,Regenerasi alami terbantu,65.2,58,85,53,tinggi,Kondisi biofisik relatif mendukung pemulihan vegetasi.,mangrove-priority-2016-2025-v0.1
447,118,MPR-D870DFCE2F,Kelurahan Pelintung,Medang Kampai,Kota Dumai,0.14,P2,Regenerasi alami terbantu,65.2,58,85,53,tinggi,Kondisi biofisik relatif mendukung pemulihan vegetasi.,mangrove-priority-2016-2025-v0.1
448,119,MPR-FC70BAC5F7,Kelurahan Pelintung,Medang Kampai,Kota Dumai,0.14,P2,Regenerasi alami terbantu,65.2,58,85,53,tinggi,Kondisi biofisik relatif mendukung pemulihan vegetasi.,mangrove-priority-2016-2025-v0.1
449,120,MPR-B5080066BD,Kelurahan Pelintung,Medang Kampai,Kota Dumai,0.134,P2,Regenerasi alami terbantu,65.2,58,85,53,tinggi,Kondisi biofisik relatif mendukung pemulihan vegetasi.,mangrove-priority-2016-2025-v0.1
450,121,MPR-1C90C97A5B,Kelurahan Pelintung,Medang Kampai,Kota Dumai,0.131,P2,Regenerasi alami terbantu,65.2,58,85,53,tinggi,Kondisi biofisik relatif mendukung pemulihan vegetasi.,mangrove-priority-2016-2025-v0.1
451,122,MPR-C4A70CF0E1,Kelurahan Pelintung,Medang Kampai,Kota Dumai,0.131,P2,Regenerasi alami terbantu,65.2,58,85,53,tinggi,Kondisi biofisik relatif mendukung pemulihan vegetasi.,mangrove-priority-2016-2025-v0.1
452,123,MPR-1EE3E2FCEF,Kelurahan Pelintung,Medang Kampai,Kota Dumai,0.13,P2,Regenerasi alami terbantu,65.2,58,85,53,tinggi,Kondisi biofisik relatif mendukung pemulihan vegetasi.,mangrove-priority-2016-2025-v0.1
453,124,MPR-42A7F8A762,Kelurahan Pelintung,Medang Kampai,Kota Dumai,0.13,P2,Regenerasi alami terbantu,65.2,58,85,53,tinggi,Kondisi biofisik relatif mendukung pemulihan vegetasi.,mangrove-priority-2016-2025-v0.1
454,125,MPR-9B8AEA8652,Kelurahan Pelintung,Medang Kampai,Kota Dumai,0.13,P2,Regenerasi alami terbantu,65.2,58,85,53,tinggi,Kondisi biofisik relatif mendukung pemulihan vegetasi.,mangrove-priority-2016-2025-v0.1
455,126,MPR-0E40B716F4,Kelurahan Pelintung,Medang Kampai,Kota Dumai,0.12,P2,Regenerasi alami terbantu,65.2,58,85,53,tinggi,Kondisi biofisik relatif mendukung pemulihan vegetasi.,mangrove-priority-2016-2025-v0.1
456,127,MPR-2EF2FB47D4,Kelurahan Pelintung,Medang Kampai,Kota Dumai,0.12,P2,Regenerasi alami terbantu,65.2,58,85,53,tinggi,Kondisi biofisik relatif mendukung pemulihan vegetasi.,mangrove-priority-2016-2025-v0.1
457,128,MPR-4577F07646,Kelurahan Pelintung,Medang Kampai,Kota Dumai,0.12,P2,Regenerasi alami terbantu,65.2,58,85,53,tinggi,Kondisi biofisik relatif mendukung pemulihan vegetasi.,mangrove-priority-2016-2025-v0.1
458,129,MPR-FFBA5C176E,Kelurahan Pelintung,Medang Kampai,Kota Dumai,0.12,P2,Regenerasi alami terbantu,65.2,58,85,53,tinggi,Kondisi biofisik relatif mendukung pemulihan vegetasi.,mangrove-priority-2016-2025-v0.1
459,130,MPR-90D4755D23,Kelurahan Pelintung,Medang Kampai,Kota Dumai,0.406,P2,Regenerasi alami terbantu,64.9,58,84,53,tinggi,Kondisi biofisik relatif mendukung pemulihan vegetasi.,mangrove-priority-2016-2025-v0.1
460,131,MPR-EF3C060C55,Kelurahan Pelintung,Medang Kampai,Kota Dumai,0.38,P2,Regenerasi alami terbantu,64.9,58,84,53,tinggi,Kondisi biofisik relatif mendukung pemulihan vegetasi.,mangrove-priority-2016-2025-v0.1
461,132,MPR-EA04515A0E,Kelurahan Pelintung,Medang Kampai,Kota Dumai,0.36,P2,Regenerasi alami terbantu,64.9,58,84,53,tinggi,Kondisi biofisik relatif mendukung pemulihan vegetasi.,mangrove-priority-2016-2025-v0.1
462,133,MPR-071AC63539,Kelurahan Pelintung,Medang Kampai,Kota Dumai,3.896,P2,Regenerasi alami terbantu,64.8,63,80,58,tinggi,Kondisi biofisik relatif mendukung pemulihan vegetasi.,mangrove-priority-2016-2025-v0.1
463,134,MPR-E9446E49A9,Kelurahan Pelintung,Medang Kampai,Kota Dumai,2.99,P2,Regenerasi alami terbantu,64.8,62,81,57,tinggi,Kondisi biofisik relatif mendukung pemulihan vegetasi.,mangrove-priority-2016-2025-v0.1
464,135,MPR-A79553484F,Kelurahan Pelintung,Medang Kampai,Kota Dumai,1.25,P2,Regenerasi alami terbantu,64.8,59,83,54,tinggi,Kondisi biofisik relatif mendukung pemulihan vegetasi.,mangrove-priority-2016-2025-v0.1
465,136,MPR-ED92C04F12,Kelurahan Pelintung,Medang Kampai,Kota Dumai,1.95,P2,Regenerasi alami terbantu,64.7,60,82,55,tinggi,Kondisi biofisik relatif mendukung pemulihan vegetasi.,mangrove-priority-2016-2025-v0.1
466,71,MPR-B20AF226EA,Kelurahan Basilam Baru,Sungai Sembilan,Kota Dumai,8.83,P1,Penanaman aktif,64.6,70,73,62,tinggi,Kebutuhan dan kelayakan relatif tinggi.,mangrove-priority-2016-2025-v0.1
467,137,MPR-50634532D8,Kelurahan Pelintung,Medang Kampai,Kota Dumai,3.38,P2,Regenerasi alami terbantu,64.5,62,80,57,tinggi,Kondisi biofisik relatif mendukung pemulihan vegetasi.,mangrove-priority-2016-2025-v0.1
468,138,MPR-356C281E29,Kelurahan Pelintung,Medang Kampai,Kota Dumai,3.28,P2,Regenerasi alami terbantu,64.5,62,80,57,tinggi,Kondisi biofisik relatif mendukung pemulihan vegetasi.,mangrove-priority-2016-2025-v0.1
469,139,MPR-B4FA525EA8,Kelurahan Pelintung,Medang Kampai,Kota Dumai,3.697,P2,Regenerasi alami terbantu,64.3,62,80,58,tinggi,Kondisi biofisik relatif mendukung pemulihan vegetasi.,mangrove-priority-2016-2025-v0.1
470,140,MPR-7DB6EC2A48,Kelurahan Pelintung,Medang Kampai,Kota Dumai,4.26,P2,Regenerasi alami terbantu,64.2,63,79,59,tinggi,Kondisi biofisik relatif mendukung pemulihan vegetasi.,mangrove-priority-2016-2025-v0.1
471,1,MPR-FAB60C4801,Kelurahan Tanjung Penyebal,Sungai Sembilan,Kota Dumai,0.59,P2,Regenerasi alami terbantu,63.8,46,81,26,tinggi,Kondisi biofisik relatif mendukung pemulihan vegetasi.,mangrove-priority-2016-2025-v0.1
472,2,MPR-C7B5CAA7DD,Kelurahan Tanjung Penyebal,Sungai Sembilan,Kota Dumai,0.33,P2,Regenerasi alami terbantu,63.8,45,82,26,tinggi,Kondisi biofisik relatif mendukung pemulihan vegetasi.,mangrove-priority-2016-2025-v0.1
473,3,MPR-F10439892C,Kelurahan Tanjung Penyebal,Sungai Sembilan,Kota Dumai,0.22,P2,Regenerasi alami terbantu,63.8,45,82,26,tinggi,Kondisi biofisik relatif mendukung pemulihan vegetasi.,mangrove-priority-2016-2025-v0.1
474,4,MPR-31E2A86C77,Kelurahan Tanjung Penyebal,Sungai Sembilan,Kota Dumai,0.18,P2,Regenerasi alami terbantu,63.8,45,82,26,tinggi,Kondisi biofisik relatif mendukung pemulihan vegetasi.,mangrove-priority-2016-2025-v0.1
475,5,MPR-AC0747AAF5,Kelurahan Tanjung Penyebal,Sungai Sembilan,Kota Dumai,0.15,P2,Regenerasi alami terbantu,63.8,45,82,26,tinggi,Kondisi biofisik relatif mendukung pemulihan vegetasi.,mangrove-priority-2016-2025-v0.1
476,6,MPR-0BE17B3ADB,Kelurahan Tanjung Penyebal,Sungai Sembilan,Kota Dumai,0.14,P2,Regenerasi alami terbantu,63.8,45,82,26,tinggi,Kondisi biofisik relatif mendukung pemulihan vegetasi.,mangrove-priority-2016-2025-v0.1
477,7,MPR-11C61EDF19,Kelurahan Tanjung Penyebal,Sungai Sembilan,Kota Dumai,0.14,P2,Regenerasi alami terbantu,63.8,45,82,26,tinggi,Kondisi biofisik relatif mendukung pemulihan vegetasi.,mangrove-priority-2016-2025-v0.1
478,8,MPR-6846541908,Kelurahan Tanjung Penyebal,Sungai Sembilan,Kota Dumai,0.13,P2,Regenerasi alami terbantu,63.8,45,82,26,tinggi,Kondisi biofisik relatif mendukung pemulihan vegetasi.,mangrove-priority-2016-2025-v0.1
479,9,MPR-8695952EA2,Kelurahan Tanjung Penyebal,Sungai Sembilan,Kota Dumai,0.13,P2,Regenerasi alami terbantu,63.8,45,82,26,tinggi,Kondisi biofisik relatif mendukung pemulihan vegetasi.,mangrove-priority-2016-2025-v0.1
480,10,MPR-73F5F69EC3,Kelurahan Tanjung Penyebal,Sungai Sembilan,Kota Dumai,0.12,P2,Regenerasi alami terbantu,63.8,45,82,26,tinggi,Kondisi biofisik relatif mendukung pemulihan vegetasi.,mangrove-priority-2016-2025-v0.1
481,11,MPR-E472241343,Kelurahan Tanjung Penyebal,Sungai Sembilan,Kota Dumai,0.12,P2,Regenerasi alami terbantu,63.8,45,82,26,tinggi,Kondisi biofisik relatif mendukung pemulihan vegetasi.,mangrove-priority-2016-2025-v0.1
482,12,MPR-030EF518B7,Kelurahan Tanjung Penyebal,Sungai Sembilan,Kota Dumai,0.11,P2,Regenerasi alami terbantu,63.8,45,82,26,tinggi,Kondisi biofisik relatif mendukung pemulihan vegetasi.,mangrove-priority-2016-2025-v0.1
483,13,MPR-C104E1DC01,Kelurahan Tanjung Penyebal,Sungai Sembilan,Kota Dumai,0.11,P2,Regenerasi alami terbantu,63.8,45,82,26,tinggi,Kondisi biofisik relatif mendukung pemulihan vegetasi.,mangrove-priority-2016-2025-v0.1
484,14,MPR-5526A39E14,Kelurahan Tanjung Penyebal,Sungai Sembilan,Kota Dumai,2.18,P2,Regenerasi alami terbantu,63.5,48,79,29,tinggi,Kondisi biofisik relatif mendukung pemulihan vegetasi.,mangrove-priority-2016-2025-v0.1
485,1,MPR-F2DC4AA885,Kelurahan Buluh Kasap,Dumai Timur,Kota Dumai,0.173,P2,Regenerasi alami terbantu,62.4,39,84,23,tinggi,Kondisi biofisik relatif mendukung pemulihan vegetasi.,mangrove-priority-2016-2025-v0.1
486,2,MPR-6D38C733CA,Kelurahan Buluh Kasap,Dumai Timur,Kota Dumai,0.12,P2,Regenerasi alami terbantu,62.4,39,84,23,tinggi,Kondisi biofisik relatif mendukung pemulihan vegetasi.,mangrove-priority-2016-2025-v0.1
487,3,MPR-5F914C093A,Kelurahan Buluh Kasap,Dumai Timur,Kota Dumai,0.116,P2,Regenerasi alami terbantu,62.4,39,84,23,tinggi,Kondisi biofisik relatif mendukung pemulihan vegetasi.,mangrove-priority-2016-2025-v0.1
488,4,MPR-3FD75AE5C2,Kelurahan Buluh Kasap,Dumai Timur,Kota Dumai,0.1,P2,Regenerasi alami terbantu,62.4,39,84,23,tinggi,Kondisi biofisik relatif mendukung pemulihan vegetasi.,mangrove-priority-2016-2025-v0.1
489,5,MPR-80DD45073D,Kelurahan Buluh Kasap,Dumai Timur,Kota Dumai,0.1,P2,Regenerasi alami terbantu,62.4,39,84,23,tinggi,Kondisi biofisik relatif mendukung pemulihan vegetasi.,mangrove-priority-2016-2025-v0.1
490,6,MPR-99C653EA32,Kelurahan Buluh Kasap,Dumai Timur,Kota Dumai,0.087,P2,Regenerasi alami terbantu,62.4,39,84,23,tinggi,Kondisi biofisik relatif mendukung pemulihan vegetasi.,mangrove-priority-2016-2025-v0.1
491,7,MPR-5C13BB97D4,Kelurahan Buluh Kasap,Dumai Timur,Kota Dumai,0.083,P2,Regenerasi alami terbantu,62.4,39,84,23,tinggi,Kondisi biofisik relatif mendukung pemulihan vegetasi.,mangrove-priority-2016-2025-v0.1
492,8,MPR-91D0F240E3,Kelurahan Buluh Kasap,Dumai Timur,Kota Dumai,0.08,P2,Regenerasi alami terbantu,62.4,39,84,23,tinggi,Kondisi biofisik relatif mendukung pemulihan vegetasi.,mangrove-priority-2016-2025-v0.1
493,9,MPR-7320E8E6CA,Kelurahan Buluh Kasap,Dumai Timur,Kota Dumai,0.055,P2,Regenerasi alami terbantu,62.4,39,84,23,tinggi,Kondisi biofisik relatif mendukung pemulihan vegetasi.,mangrove-priority-2016-2025-v0.1
494,10,MPR-6350147023,Kelurahan Buluh Kasap,Dumai Timur,Kota Dumai,0.428,P2,Regenerasi alami terbantu,62.2,40,83,24,tinggi,Kondisi biofisik relatif mendukung pemulihan vegetasi.,mangrove-priority-2016-2025-v0.1
495,11,MPR-31E53785C3,Kelurahan Buluh Kasap,Dumai Timur,Kota Dumai,0.334,P2,Regenerasi alami terbantu,62.2,39,84,24,tinggi,Kondisi biofisik relatif mendukung pemulihan vegetasi.,mangrove-priority-2016-2025-v0.1
496,1,MPR-B941F6407A,Kelurahan Batu Teritip,Sungai Sembilan,Kota Dumai,0.16,P4,Perlindungan pantai dahulu,60.9,59,85,77,tinggi,Risiko ketidakstabilan pesisir relatif tinggi.,mangrove-priority-2016-2025-v0.1
497,2,MPR-2AD5C9644E,Kelurahan Batu Teritip,Sungai Sembilan,Kota Dumai,0.15,P4,Perlindungan pantai dahulu,60.9,59,85,77,tinggi,Risiko ketidakstabilan pesisir relatif tinggi.,mangrove-priority-2016-2025-v0.1
498,3,MPR-5B46D480BC,Kelurahan Batu Teritip,Sungai Sembilan,Kota Dumai,0.15,P4,Perlindungan pantai dahulu,60.9,59,85,77,tinggi,Risiko ketidakstabilan pesisir relatif tinggi.,mangrove-priority-2016-2025-v0.1
499,4,MPR-2301D8055A,Kelurahan Batu Teritip,Sungai Sembilan,Kota Dumai,0.14,P4,Perlindungan pantai dahulu,60.9,59,85,77,tinggi,Risiko ketidakstabilan pesisir relatif tinggi.,mangrove-priority-2016-2025-v0.1
500,5,MPR-6A31507639,Kelurahan Batu Teritip,Sungai Sembilan,Kota Dumai,0.14,P4,Perlindungan pantai dahulu,60.9,59,85,77,tinggi,Risiko ketidakstabilan pesisir relatif tinggi.,mangrove-priority-2016-2025-v0.1
501,6,MPR-0B470509E0,Kelurahan Batu Teritip,Sungai Sembilan,Kota Dumai,0.13,P4,Perlindungan pantai dahulu,60.9,59,85,77,tinggi,Risiko ketidakstabilan pesisir relatif tinggi.,mangrove-priority-2016-2025-v0.1
502,7,MPR-1B3297D0A8,Kelurahan Batu Teritip,Sungai Sembilan,Kota Dumai,0.13,P4,Perlindungan pantai dahulu,60.9,59,85,77,tinggi,Risiko ketidakstabilan pesisir relatif tinggi.,mangrove-priority-2016-2025-v0.1
503,8,MPR-616E4489F1,Kelurahan Batu Teritip,Sungai Sembilan,Kota Dumai,0.13,P4,Perlindungan pantai dahulu,60.9,59,85,77,tinggi,Risiko ketidakstabilan pesisir relatif tinggi.,mangrove-priority-2016-2025-v0.1
504,9,MPR-886910065C,Kelurahan Batu Teritip,Sungai Sembilan,Kota Dumai,0.13,P4,Perlindungan pantai dahulu,60.9,59,85,77,tinggi,Risiko ketidakstabilan pesisir relatif tinggi.,mangrove-priority-2016-2025-v0.1
505,10,MPR-ED51FB2DEF,Kelurahan Batu Teritip,Sungai Sembilan,Kota Dumai,0.13,P4,Perlindungan pantai dahulu,60.9,59,85,77,tinggi,Risiko ketidakstabilan pesisir relatif tinggi.,mangrove-priority-2016-2025-v0.1
506,11,MPR-783CA0DBB1,Kelurahan Batu Teritip,Sungai Sembilan,Kota Dumai,0.12,P4,Perlindungan pantai dahulu,60.9,59,85,77,tinggi,Risiko ketidakstabilan pesisir relatif tinggi.,mangrove-priority-2016-2025-v0.1
507,12,MPR-B3702C646A,Kelurahan Batu Teritip,Sungai Sembilan,Kota Dumai,0.12,P4,Perlindungan pantai dahulu,60.9,59,85,77,tinggi,Risiko ketidakstabilan pesisir relatif tinggi.,mangrove-priority-2016-2025-v0.1
508,13,MPR-EACB7832F7,Kelurahan Batu Teritip,Sungai Sembilan,Kota Dumai,0.12,P4,Perlindungan pantai dahulu,60.9,59,85,77,tinggi,Risiko ketidakstabilan pesisir relatif tinggi.,mangrove-priority-2016-2025-v0.1
509,14,MPR-3D838F7A30,Kelurahan Batu Teritip,Sungai Sembilan,Kota Dumai,0.11,P4,Perlindungan pantai dahulu,60.9,59,85,77,tinggi,Risiko ketidakstabilan pesisir relatif tinggi.,mangrove-priority-2016-2025-v0.1
510,15,MPR-91F66302F1,Kelurahan Batu Teritip,Sungai Sembilan,Kota Dumai,0.11,P4,Perlindungan pantai dahulu,60.9,59,85,77,tinggi,Risiko ketidakstabilan pesisir relatif tinggi.,mangrove-priority-2016-2025-v0.1
511,16,MPR-9973FEB00E,Kelurahan Batu Teritip,Sungai Sembilan,Kota Dumai,0.11,P4,Perlindungan pantai dahulu,60.9,59,85,77,tinggi,Risiko ketidakstabilan pesisir relatif tinggi.,mangrove-priority-2016-2025-v0.1
512,17,MPR-0D96CC46FA,Kelurahan Batu Teritip,Sungai Sembilan,Kota Dumai,0.1,P4,Perlindungan pantai dahulu,60.9,59,85,77,tinggi,Risiko ketidakstabilan pesisir relatif tinggi.,mangrove-priority-2016-2025-v0.1
513,18,MPR-2595BDF0C5,Kelurahan Batu Teritip,Sungai Sembilan,Kota Dumai,0.1,P4,Perlindungan pantai dahulu,60.9,59,85,77,tinggi,Risiko ketidakstabilan pesisir relatif tinggi.,mangrove-priority-2016-2025-v0.1
514,19,MPR-585A1C5099,Kelurahan Batu Teritip,Sungai Sembilan,Kota Dumai,0.1,P4,Perlindungan pantai dahulu,60.9,59,85,77,tinggi,Risiko ketidakstabilan pesisir relatif tinggi.,mangrove-priority-2016-2025-v0.1
515,20,MPR-151CA8DAC4,Kelurahan Batu Teritip,Sungai Sembilan,Kota Dumai,0.08,P4,Perlindungan pantai dahulu,60.9,59,85,77,tinggi,Risiko ketidakstabilan pesisir relatif tinggi.,mangrove-priority-2016-2025-v0.1
516,21,MPR-23D293724A,Kelurahan Batu Teritip,Sungai Sembilan,Kota Dumai,0.08,P4,Perlindungan pantai dahulu,60.9,59,85,77,tinggi,Risiko ketidakstabilan pesisir relatif tinggi.,mangrove-priority-2016-2025-v0.1
517,22,MPR-265C6EC7FF,Kelurahan Batu Teritip,Sungai Sembilan,Kota Dumai,0.08,P4,Perlindungan pantai dahulu,60.9,59,85,77,tinggi,Risiko ketidakstabilan pesisir relatif tinggi.,mangrove-priority-2016-2025-v0.1
518,23,MPR-28EF152446,Kelurahan Batu Teritip,Sungai Sembilan,Kota Dumai,0.08,P4,Perlindungan pantai dahulu,60.9,59,85,77,tinggi,Risiko ketidakstabilan pesisir relatif tinggi.,mangrove-priority-2016-2025-v0.1
519,24,MPR-29D0832E3E,Kelurahan Batu Teritip,Sungai Sembilan,Kota Dumai,0.08,P4,Perlindungan pantai dahulu,60.9,59,85,77,tinggi,Risiko ketidakstabilan pesisir relatif tinggi.,mangrove-priority-2016-2025-v0.1
520,25,MPR-3FF1B05249,Kelurahan Batu Teritip,Sungai Sembilan,Kota Dumai,0.08,P4,Perlindungan pantai dahulu,60.9,59,85,77,tinggi,Risiko ketidakstabilan pesisir relatif tinggi.,mangrove-priority-2016-2025-v0.1
521,26,MPR-4636066300,Kelurahan Batu Teritip,Sungai Sembilan,Kota Dumai,0.08,P4,Perlindungan pantai dahulu,60.9,59,85,77,tinggi,Risiko ketidakstabilan pesisir relatif tinggi.,mangrove-priority-2016-2025-v0.1
522,27,MPR-4C2619D41E,Kelurahan Batu Teritip,Sungai Sembilan,Kota Dumai,0.08,P4,Perlindungan pantai dahulu,60.9,59,85,77,tinggi,Risiko ketidakstabilan pesisir relatif tinggi.,mangrove-priority-2016-2025-v0.1
523,28,MPR-962ACEBEC5,Kelurahan Batu Teritip,Sungai Sembilan,Kota Dumai,0.08,P4,Perlindungan pantai dahulu,60.9,59,85,77,tinggi,Risiko ketidakstabilan pesisir relatif tinggi.,mangrove-priority-2016-2025-v0.1
524,29,MPR-AB508448F7,Kelurahan Batu Teritip,Sungai Sembilan,Kota Dumai,0.08,P4,Perlindungan pantai dahulu,60.9,59,85,77,tinggi,Risiko ketidakstabilan pesisir relatif tinggi.,mangrove-priority-2016-2025-v0.1
525,30,MPR-B690F1D28A,Kelurahan Batu Teritip,Sungai Sembilan,Kota Dumai,0.08,P4,Perlindungan pantai dahulu,60.9,59,85,77,tinggi,Risiko ketidakstabilan pesisir relatif tinggi.,mangrove-priority-2016-2025-v0.1
526,31,MPR-CBFF8E0901,Kelurahan Batu Teritip,Sungai Sembilan,Kota Dumai,0.08,P4,Perlindungan pantai dahulu,60.9,59,85,77,tinggi,Risiko ketidakstabilan pesisir relatif tinggi.,mangrove-priority-2016-2025-v0.1
527,32,MPR-E1147B49B5,Kelurahan Batu Teritip,Sungai Sembilan,Kota Dumai,0.08,P4,Perlindungan pantai dahulu,60.9,59,85,77,tinggi,Risiko ketidakstabilan pesisir relatif tinggi.,mangrove-priority-2016-2025-v0.1
528,33,MPR-FDA4798B5A,Kelurahan Batu Teritip,Sungai Sembilan,Kota Dumai,0.08,P4,Perlindungan pantai dahulu,60.9,59,85,77,tinggi,Risiko ketidakstabilan pesisir relatif tinggi.,mangrove-priority-2016-2025-v0.1
529,34,MPR-0B45CE154B,Kelurahan Batu Teritip,Sungai Sembilan,Kota Dumai,0.068,P4,Perlindungan pantai dahulu,60.9,59,85,77,tinggi,Risiko ketidakstabilan pesisir relatif tinggi.,mangrove-priority-2016-2025-v0.1
530,35,MPR-01ECBE4CE2,Kelurahan Batu Teritip,Sungai Sembilan,Kota Dumai,0.05,P4,Perlindungan pantai dahulu,60.9,59,85,77,tinggi,Risiko ketidakstabilan pesisir relatif tinggi.,mangrove-priority-2016-2025-v0.1
531,36,MPR-1DC8FBB88E,Kelurahan Batu Teritip,Sungai Sembilan,Kota Dumai,0.05,X,Tidak direkomendasikan,60.9,59,85,77,tinggi,Area terlalu kecil dan terisolasi untuk diprioritaskan.,mangrove-priority-2016-2025-v0.1
532,37,MPR-28C2E22CA0,Kelurahan Batu Teritip,Sungai Sembilan,Kota Dumai,0.05,P4,Perlindungan pantai dahulu,60.9,59,85,77,tinggi,Risiko ketidakstabilan pesisir relatif tinggi.,mangrove-priority-2016-2025-v0.1
533,38,MPR-D0D99B80BD,Kelurahan Batu Teritip,Sungai Sembilan,Kota Dumai,0.05,P4,Perlindungan pantai dahulu,60.9,59,85,77,tinggi,Risiko ketidakstabilan pesisir relatif tinggi.,mangrove-priority-2016-2025-v0.1
534,39,MPR-FB29A4FFB2,Kelurahan Batu Teritip,Sungai Sembilan,Kota Dumai,0.05,P4,Perlindungan pantai dahulu,60.9,59,85,77,tinggi,Risiko ketidakstabilan pesisir relatif tinggi.,mangrove-priority-2016-2025-v0.1
535,40,MPR-14E78AAB5D,Kelurahan Batu Teritip,Sungai Sembilan,Kota Dumai,0.81,P4,Perlindungan pantai dahulu,60.8,60,84,78,tinggi,Risiko ketidakstabilan pesisir relatif tinggi.,mangrove-priority-2016-2025-v0.1
536,41,MPR-1774845A75,Kelurahan Batu Teritip,Sungai Sembilan,Kota Dumai,0.77,P4,Perlindungan pantai dahulu,60.8,60,84,78,tinggi,Risiko ketidakstabilan pesisir relatif tinggi.,mangrove-priority-2016-2025-v0.1
537,42,MPR-3DC6850308,Kelurahan Batu Teritip,Sungai Sembilan,Kota Dumai,0.67,P4,Perlindungan pantai dahulu,60.8,60,84,78,tinggi,Risiko ketidakstabilan pesisir relatif tinggi.,mangrove-priority-2016-2025-v0.1
538,43,MPR-A8CABC510F,Kelurahan Batu Teritip,Sungai Sembilan,Kota Dumai,0.63,P4,Perlindungan pantai dahulu,60.8,60,84,78,tinggi,Risiko ketidakstabilan pesisir relatif tinggi.,mangrove-priority-2016-2025-v0.1
539,44,MPR-599FDB1429,Kelurahan Batu Teritip,Sungai Sembilan,Kota Dumai,0.58,P4,Perlindungan pantai dahulu,60.8,60,84,78,tinggi,Risiko ketidakstabilan pesisir relatif tinggi.,mangrove-priority-2016-2025-v0.1
540,45,MPR-7040588D37,Kelurahan Batu Teritip,Sungai Sembilan,Kota Dumai,0.58,P4,Perlindungan pantai dahulu,60.8,60,84,78,tinggi,Risiko ketidakstabilan pesisir relatif tinggi.,mangrove-priority-2016-2025-v0.1
541,46,MPR-B9D6B26723,Kelurahan Batu Teritip,Sungai Sembilan,Kota Dumai,0.58,P4,Perlindungan pantai dahulu,60.8,60,84,78,tinggi,Risiko ketidakstabilan pesisir relatif tinggi.,mangrove-priority-2016-2025-v0.1
542,47,MPR-0FD5FFEA1D,Kelurahan Batu Teritip,Sungai Sembilan,Kota Dumai,0.53,P4,Perlindungan pantai dahulu,60.8,60,84,78,tinggi,Risiko ketidakstabilan pesisir relatif tinggi.,mangrove-priority-2016-2025-v0.1
543,48,MPR-BE1FC2DAED,Kelurahan Batu Teritip,Sungai Sembilan,Kota Dumai,0.52,P4,Perlindungan pantai dahulu,60.8,60,84,78,tinggi,Risiko ketidakstabilan pesisir relatif tinggi.,mangrove-priority-2016-2025-v0.1
544,49,MPR-E00CAD3030,Kelurahan Batu Teritip,Sungai Sembilan,Kota Dumai,0.51,P4,Perlindungan pantai dahulu,60.8,60,84,78,tinggi,Risiko ketidakstabilan pesisir relatif tinggi.,mangrove-priority-2016-2025-v0.1
545,50,MPR-1C1239244B,Kelurahan Batu Teritip,Sungai Sembilan,Kota Dumai,0.49,P4,Perlindungan pantai dahulu,60.8,60,84,78,tinggi,Risiko ketidakstabilan pesisir relatif tinggi.,mangrove-priority-2016-2025-v0.1
546,51,MPR-3C7A9C6FAB,Kelurahan Batu Teritip,Sungai Sembilan,Kota Dumai,0.44,P4,Perlindungan pantai dahulu,60.8,60,84,78,tinggi,Risiko ketidakstabilan pesisir relatif tinggi.,mangrove-priority-2016-2025-v0.1
547,52,MPR-F08B4D1A03,Kelurahan Batu Teritip,Sungai Sembilan,Kota Dumai,0.44,P4,Perlindungan pantai dahulu,60.8,60,84,78,tinggi,Risiko ketidakstabilan pesisir relatif tinggi.,mangrove-priority-2016-2025-v0.1
548,53,MPR-15046CA496,Kelurahan Batu Teritip,Sungai Sembilan,Kota Dumai,0.42,P4,Perlindungan pantai dahulu,60.8,60,84,78,tinggi,Risiko ketidakstabilan pesisir relatif tinggi.,mangrove-priority-2016-2025-v0.1
549,54,MPR-736757EA73,Kelurahan Batu Teritip,Sungai Sembilan,Kota Dumai,1.36,P4,Perlindungan pantai dahulu,60.7,61,83,79,tinggi,Risiko ketidakstabilan pesisir relatif tinggi.,mangrove-priority-2016-2025-v0.1
550,55,MPR-2C3F880E0A,Kelurahan Batu Teritip,Sungai Sembilan,Kota Dumai,0.35,P4,Perlindungan pantai dahulu,60.7,59,85,78,tinggi,Risiko ketidakstabilan pesisir relatif tinggi.,mangrove-priority-2016-2025-v0.1
551,56,MPR-74E3B3AAD5,Kelurahan Batu Teritip,Sungai Sembilan,Kota Dumai,0.34,P4,Perlindungan pantai dahulu,60.7,59,85,78,tinggi,Risiko ketidakstabilan pesisir relatif tinggi.,mangrove-priority-2016-2025-v0.1
552,57,MPR-02E04B21C4,Kelurahan Batu Teritip,Sungai Sembilan,Kota Dumai,0.33,P4,Perlindungan pantai dahulu,60.7,59,85,78,tinggi,Risiko ketidakstabilan pesisir relatif tinggi.,mangrove-priority-2016-2025-v0.1
553,58,MPR-99E9D665B2,Kelurahan Batu Teritip,Sungai Sembilan,Kota Dumai,0.33,P4,Perlindungan pantai dahulu,60.7,59,85,78,tinggi,Risiko ketidakstabilan pesisir relatif tinggi.,mangrove-priority-2016-2025-v0.1
554,59,MPR-EB33BE180A,Kelurahan Batu Teritip,Sungai Sembilan,Kota Dumai,0.325,P4,Perlindungan pantai dahulu,60.7,59,85,78,tinggi,Risiko ketidakstabilan pesisir relatif tinggi.,mangrove-priority-2016-2025-v0.1
555,60,MPR-6E807004FE,Kelurahan Batu Teritip,Sungai Sembilan,Kota Dumai,0.31,P4,Perlindungan pantai dahulu,60.7,59,85,78,tinggi,Risiko ketidakstabilan pesisir relatif tinggi.,mangrove-priority-2016-2025-v0.1
556,61,MPR-9289ABC4DB,Kelurahan Batu Teritip,Sungai Sembilan,Kota Dumai,0.31,P4,Perlindungan pantai dahulu,60.7,59,85,78,tinggi,Risiko ketidakstabilan pesisir relatif tinggi.,mangrove-priority-2016-2025-v0.1
557,62,MPR-C9DCCBBAAF,Kelurahan Batu Teritip,Sungai Sembilan,Kota Dumai,0.31,P4,Perlindungan pantai dahulu,60.7,59,85,78,tinggi,Risiko ketidakstabilan pesisir relatif tinggi.,mangrove-priority-2016-2025-v0.1
558,63,MPR-1AA4371A91,Kelurahan Batu Teritip,Sungai Sembilan,Kota Dumai,0.304,P4,Perlindungan pantai dahulu,60.7,59,85,78,tinggi,Risiko ketidakstabilan pesisir relatif tinggi.,mangrove-priority-2016-2025-v0.1
559,64,MPR-2CBF5201FA,Kelurahan Batu Teritip,Sungai Sembilan,Kota Dumai,0.3,P4,Perlindungan pantai dahulu,60.7,59,85,78,tinggi,Risiko ketidakstabilan pesisir relatif tinggi.,mangrove-priority-2016-2025-v0.1
560,65,MPR-5FFAA12C5F,Kelurahan Batu Teritip,Sungai Sembilan,Kota Dumai,0.28,P4,Perlindungan pantai dahulu,60.7,59,85,78,tinggi,Risiko ketidakstabilan pesisir relatif tinggi.,mangrove-priority-2016-2025-v0.1
561,66,MPR-960B66280E,Kelurahan Batu Teritip,Sungai Sembilan,Kota Dumai,0.28,P4,Perlindungan pantai dahulu,60.7,59,85,78,tinggi,Risiko ketidakstabilan pesisir relatif tinggi.,mangrove-priority-2016-2025-v0.1
562,67,MPR-228FE8C11F,Kelurahan Batu Teritip,Sungai Sembilan,Kota Dumai,0.26,P4,Perlindungan pantai dahulu,60.7,59,85,78,tinggi,Risiko ketidakstabilan pesisir relatif tinggi.,mangrove-priority-2016-2025-v0.1
563,68,MPR-4ECDEA40A6,Kelurahan Batu Teritip,Sungai Sembilan,Kota Dumai,0.24,P4,Perlindungan pantai dahulu,60.7,59,85,78,tinggi,Risiko ketidakstabilan pesisir relatif tinggi.,mangrove-priority-2016-2025-v0.1
564,69,MPR-BEB28CB19C,Kelurahan Batu Teritip,Sungai Sembilan,Kota Dumai,0.23,P4,Perlindungan pantai dahulu,60.7,59,85,78,tinggi,Risiko ketidakstabilan pesisir relatif tinggi.,mangrove-priority-2016-2025-v0.1
565,70,MPR-FA989C0B22,Kelurahan Batu Teritip,Sungai Sembilan,Kota Dumai,0.22,P4,Perlindungan pantai dahulu,60.7,59,85,78,tinggi,Risiko ketidakstabilan pesisir relatif tinggi.,mangrove-priority-2016-2025-v0.1
566,71,MPR-A8320EB9C1,Kelurahan Batu Teritip,Sungai Sembilan,Kota Dumai,0.21,P4,Perlindungan pantai dahulu,60.7,59,85,78,tinggi,Risiko ketidakstabilan pesisir relatif tinggi.,mangrove-priority-2016-2025-v0.1
567,72,MPR-B2BDD325D9,Kelurahan Batu Teritip,Sungai Sembilan,Kota Dumai,0.21,P4,Perlindungan pantai dahulu,60.7,59,85,78,tinggi,Risiko ketidakstabilan pesisir relatif tinggi.,mangrove-priority-2016-2025-v0.1
568,73,MPR-0EC460C795,Kelurahan Batu Teritip,Sungai Sembilan,Kota Dumai,0.2,P4,Perlindungan pantai dahulu,60.7,59,85,78,tinggi,Risiko ketidakstabilan pesisir relatif tinggi.,mangrove-priority-2016-2025-v0.1
569,74,MPR-9977AE81B8,Kelurahan Batu Teritip,Sungai Sembilan,Kota Dumai,0.2,P4,Perlindungan pantai dahulu,60.7,59,85,78,tinggi,Risiko ketidakstabilan pesisir relatif tinggi.,mangrove-priority-2016-2025-v0.1
570,75,MPR-121251AAA8,Kelurahan Batu Teritip,Sungai Sembilan,Kota Dumai,0.19,P4,Perlindungan pantai dahulu,60.7,59,85,78,tinggi,Risiko ketidakstabilan pesisir relatif tinggi.,mangrove-priority-2016-2025-v0.1
571,76,MPR-38BA3CB5FF,Kelurahan Batu Teritip,Sungai Sembilan,Kota Dumai,0.18,P4,Perlindungan pantai dahulu,60.7,59,85,78,tinggi,Risiko ketidakstabilan pesisir relatif tinggi.,mangrove-priority-2016-2025-v0.1
572,77,MPR-ACC542E0DB,Kelurahan Batu Teritip,Sungai Sembilan,Kota Dumai,0.18,P4,Perlindungan pantai dahulu,60.7,59,85,78,tinggi,Risiko ketidakstabilan pesisir relatif tinggi.,mangrove-priority-2016-2025-v0.1
573,78,MPR-A13D565A83,Kelurahan Batu Teritip,Sungai Sembilan,Kota Dumai,0.17,P4,Perlindungan pantai dahulu,60.7,59,85,78,tinggi,Risiko ketidakstabilan pesisir relatif tinggi.,mangrove-priority-2016-2025-v0.1
574,79,MPR-F753CED596,Kelurahan Batu Teritip,Sungai Sembilan,Kota Dumai,1.053,P4,Perlindungan pantai dahulu,60.6,60,84,79,tinggi,Risiko ketidakstabilan pesisir relatif tinggi.,mangrove-priority-2016-2025-v0.1
575,80,MPR-C2DFC0F79B,Kelurahan Batu Teritip,Sungai Sembilan,Kota Dumai,1.03,P4,Perlindungan pantai dahulu,60.6,60,84,79,tinggi,Risiko ketidakstabilan pesisir relatif tinggi.,mangrove-priority-2016-2025-v0.1
576,81,MPR-41D57DACCA,Kelurahan Batu Teritip,Sungai Sembilan,Kota Dumai,0.94,P4,Perlindungan pantai dahulu,60.6,60,84,79,tinggi,Risiko ketidakstabilan pesisir relatif tinggi.,mangrove-priority-2016-2025-v0.1
577,82,MPR-82495155E5,Kelurahan Batu Teritip,Sungai Sembilan,Kota Dumai,0.86,P4,Perlindungan pantai dahulu,60.6,60,84,79,tinggi,Risiko ketidakstabilan pesisir relatif tinggi.,mangrove-priority-2016-2025-v0.1
578,83,MPR-BFABDCA95E,Kelurahan Batu Teritip,Sungai Sembilan,Kota Dumai,1.75,P4,Perlindungan pantai dahulu,60.5,61,83,80,tinggi,Risiko ketidakstabilan pesisir relatif tinggi.,mangrove-priority-2016-2025-v0.1
579,84,MPR-A93245E4F9,Kelurahan Batu Teritip,Sungai Sembilan,Kota Dumai,1.73,P4,Perlindungan pantai dahulu,60.5,61,83,80,tinggi,Risiko ketidakstabilan pesisir relatif tinggi.,mangrove-priority-2016-2025-v0.1
580,85,MPR-3E8135E8AA,Kelurahan Batu Teritip,Sungai Sembilan,Kota Dumai,2.24,P4,Perlindungan pantai dahulu,60.4,62,82,81,tinggi,Risiko ketidakstabilan pesisir relatif tinggi.,mangrove-priority-2016-2025-v0.1
581,86,MPR-ABBFADE878,Kelurahan Batu Teritip,Sungai Sembilan,Kota Dumai,0.41,P4,Perlindungan pantai dahulu,60.4,59,84,78,tinggi,Risiko ketidakstabilan pesisir relatif tinggi.,mangrove-priority-2016-2025-v0.1
582,87,MPR-20A2F3387B,Kelurahan Batu Teritip,Sungai Sembilan,Kota Dumai,0.4,P4,Perlindungan pantai dahulu,60.4,59,84,78,tinggi,Risiko ketidakstabilan pesisir relatif tinggi.,mangrove-priority-2016-2025-v0.1
583,88,MPR-5310A4608A,Kelurahan Batu Teritip,Sungai Sembilan,Kota Dumai,0.4,P4,Perlindungan pantai dahulu,60.4,59,84,78,tinggi,Risiko ketidakstabilan pesisir relatif tinggi.,mangrove-priority-2016-2025-v0.1
584,89,MPR-BCF8B8DF9E,Kelurahan Batu Teritip,Sungai Sembilan,Kota Dumai,0.4,P4,Perlindungan pantai dahulu,60.4,59,84,78,tinggi,Risiko ketidakstabilan pesisir relatif tinggi.,mangrove-priority-2016-2025-v0.1
585,90,MPR-749BCE9604,Kelurahan Batu Teritip,Sungai Sembilan,Kota Dumai,0.39,P4,Perlindungan pantai dahulu,60.4,59,84,78,tinggi,Risiko ketidakstabilan pesisir relatif tinggi.,mangrove-priority-2016-2025-v0.1
586,91,MPR-2BA61113F8,Kelurahan Batu Teritip,Sungai Sembilan,Kota Dumai,0.38,P4,Perlindungan pantai dahulu,60.4,59,84,78,tinggi,Risiko ketidakstabilan pesisir relatif tinggi.,mangrove-priority-2016-2025-v0.1
587,92,MPR-126004F20D,Kelurahan Batu Teritip,Sungai Sembilan,Kota Dumai,3.19,P4,Perlindungan pantai dahulu,60.3,63,81,82,tinggi,Risiko ketidakstabilan pesisir relatif tinggi.,mangrove-priority-2016-2025-v0.1
588,93,MPR-1B03010E44,Kelurahan Batu Teritip,Sungai Sembilan,Kota Dumai,3.03,P4,Perlindungan pantai dahulu,60.3,63,81,82,tinggi,Risiko ketidakstabilan pesisir relatif tinggi.,mangrove-priority-2016-2025-v0.1
589,1,MPR-D9D9C590DB,Kelurahan Laksamana,Dumai Kota,Kota Dumai,0.23,P2,Regenerasi alami terbantu,60.3,36,82,23,tinggi,Kondisi biofisik relatif mendukung pemulihan vegetasi.,mangrove-priority-2016-2025-v0.1
590,2,MPR-78D9BDEDD7,Kelurahan Laksamana,Dumai Kota,Kota Dumai,0.068,P2,Regenerasi alami terbantu,60.3,36,82,23,tinggi,Kondisi biofisik relatif mendukung pemulihan vegetasi.,mangrove-priority-2016-2025-v0.1
591,3,MPR-5A8A05D318,Kelurahan Laksamana,Dumai Kota,Kota Dumai,0.066,P2,Regenerasi alami terbantu,60.3,36,82,23,tinggi,Kondisi biofisik relatif mendukung pemulihan vegetasi.,mangrove-priority-2016-2025-v0.1
592,94,MPR-C170ED02A6,Kelurahan Batu Teritip,Sungai Sembilan,Kota Dumai,3.79,P4,Perlindungan pantai dahulu,60.2,64,80,83,tinggi,Risiko ketidakstabilan pesisir relatif tinggi.,mangrove-priority-2016-2025-v0.1
593,95,MPR-A87BB0BEA8,Kelurahan Batu Teritip,Sungai Sembilan,Kota Dumai,1.24,P4,Perlindungan pantai dahulu,60.2,60,83,79,tinggi,Risiko ketidakstabilan pesisir relatif tinggi.,mangrove-priority-2016-2025-v0.1
594,96,MPR-0F2FA5DF71,Kelurahan Batu Teritip,Sungai Sembilan,Kota Dumai,1.23,P4,Perlindungan pantai dahulu,60.2,60,83,79,tinggi,Risiko ketidakstabilan pesisir relatif tinggi.,mangrove-priority-2016-2025-v0.1
595,97,MPR-9922F59A01,Kelurahan Batu Teritip,Sungai Sembilan,Kota Dumai,1.1,P4,Perlindungan pantai dahulu,60.2,60,83,79,tinggi,Risiko ketidakstabilan pesisir relatif tinggi.,mangrove-priority-2016-2025-v0.1
596,4,MPR-48829A119B,Kelurahan Laksamana,Dumai Kota,Kota Dumai,0.974,P2,Regenerasi alami terbantu,60.2,37,81,24,tinggi,Kondisi biofisik relatif mendukung pemulihan vegetasi.,mangrove-priority-2016-2025-v0.1
597,1,MPR-5A5FED505E,Kelurahan Lubuk Gaung,Sungai Sembilan,Kota Dumai,0.106,P4,Perlindungan pantai dahulu,60.2,57,85,76,sedang,Risiko ketidakstabilan pesisir relatif tinggi.,mangrove-priority-2016-2025-v0.1
598,2,MPR-BD82767E9A,Kelurahan Lubuk Gaung,Sungai Sembilan,Kota Dumai,0.106,P4,Perlindungan pantai dahulu,60.2,57,85,76,sedang,Risiko ketidakstabilan pesisir relatif tinggi.,mangrove-priority-2016-2025-v0.1
599,3,MPR-61735D63E5,Kelurahan Lubuk Gaung,Sungai Sembilan,Kota Dumai,0.104,P4,Perlindungan pantai dahulu,60.2,57,85,76,sedang,Risiko ketidakstabilan pesisir relatif tinggi.,mangrove-priority-2016-2025-v0.1
600,4,MPR-B073B3F085,Kelurahan Lubuk Gaung,Sungai Sembilan,Kota Dumai,0.103,P4,Perlindungan pantai dahulu,60.2,57,85,76,sedang,Risiko ketidakstabilan pesisir relatif tinggi.,mangrove-priority-2016-2025-v0.1
601,5,MPR-C46C301758,Kelurahan Lubuk Gaung,Sungai Sembilan,Kota Dumai,0.101,P4,Perlindungan pantai dahulu,60.2,57,85,76,sedang,Risiko ketidakstabilan pesisir relatif tinggi.,mangrove-priority-2016-2025-v0.1
602,6,MPR-4BA382C1E6,Kelurahan Lubuk Gaung,Sungai Sembilan,Kota Dumai,0.1,P4,Perlindungan pantai dahulu,60.2,57,85,76,sedang,Risiko ketidakstabilan pesisir relatif tinggi.,mangrove-priority-2016-2025-v0.1
603,7,MPR-9E76180789,Kelurahan Lubuk Gaung,Sungai Sembilan,Kota Dumai,0.1,P4,Perlindungan pantai dahulu,60.2,57,85,76,sedang,Risiko ketidakstabilan pesisir relatif tinggi.,mangrove-priority-2016-2025-v0.1
604,8,MPR-C5801DD90C,Kelurahan Lubuk Gaung,Sungai Sembilan,Kota Dumai,0.1,P4,Perlindungan pantai dahulu,60.2,57,85,76,sedang,Risiko ketidakstabilan pesisir relatif tinggi.,mangrove-priority-2016-2025-v0.1
605,9,MPR-D9DEA99125,Kelurahan Lubuk Gaung,Sungai Sembilan,Kota Dumai,0.1,P4,Perlindungan pantai dahulu,60.2,57,85,76,sedang,Risiko ketidakstabilan pesisir relatif tinggi.,mangrove-priority-2016-2025-v0.1
606,10,MPR-330B1282F7,Kelurahan Lubuk Gaung,Sungai Sembilan,Kota Dumai,0.098,P4,Perlindungan pantai dahulu,60.2,57,85,76,sedang,Risiko ketidakstabilan pesisir relatif tinggi.,mangrove-priority-2016-2025-v0.1
607,11,MPR-E484ECBA18,Kelurahan Lubuk Gaung,Sungai Sembilan,Kota Dumai,0.093,P4,Perlindungan pantai dahulu,60.2,57,85,76,sedang,Risiko ketidakstabilan pesisir relatif tinggi.,mangrove-priority-2016-2025-v0.1
608,12,MPR-21AF6BA30D,Kelurahan Lubuk Gaung,Sungai Sembilan,Kota Dumai,0.09,P4,Perlindungan pantai dahulu,60.2,57,85,76,sedang,Risiko ketidakstabilan pesisir relatif tinggi.,mangrove-priority-2016-2025-v0.1
609,13,MPR-71BAB31185,Kelurahan Lubuk Gaung,Sungai Sembilan,Kota Dumai,0.09,P4,Perlindungan pantai dahulu,60.2,57,85,76,sedang,Risiko ketidakstabilan pesisir relatif tinggi.,mangrove-priority-2016-2025-v0.1
610,14,MPR-F9C3DD896C,Kelurahan Lubuk Gaung,Sungai Sembilan,Kota Dumai,0.088,P4,Perlindungan pantai dahulu,60.2,57,85,76,sedang,Risiko ketidakstabilan pesisir relatif tinggi.,mangrove-priority-2016-2025-v0.1
611,15,MPR-541F682BEB,Kelurahan Lubuk Gaung,Sungai Sembilan,Kota Dumai,0.087,P4,Perlindungan pantai dahulu,60.2,57,85,76,sedang,Risiko ketidakstabilan pesisir relatif tinggi.,mangrove-priority-2016-2025-v0.1
612,16,MPR-759B677A75,Kelurahan Lubuk Gaung,Sungai Sembilan,Kota Dumai,0.085,P4,Perlindungan pantai dahulu,60.2,57,85,76,sedang,Risiko ketidakstabilan pesisir relatif tinggi.,mangrove-priority-2016-2025-v0.1
613,17,MPR-F118F34D10,Kelurahan Lubuk Gaung,Sungai Sembilan,Kota Dumai,0.083,P4,Perlindungan pantai dahulu,60.2,57,85,76,sedang,Risiko ketidakstabilan pesisir relatif tinggi.,mangrove-priority-2016-2025-v0.1
614,18,MPR-0E3AF04D53,Kelurahan Lubuk Gaung,Sungai Sembilan,Kota Dumai,0.082,P4,Perlindungan pantai dahulu,60.2,57,85,76,sedang,Risiko ketidakstabilan pesisir relatif tinggi.,mangrove-priority-2016-2025-v0.1
615,19,MPR-EC260DE9A8,Kelurahan Lubuk Gaung,Sungai Sembilan,Kota Dumai,0.082,P4,Perlindungan pantai dahulu,60.2,57,85,76,sedang,Risiko ketidakstabilan pesisir relatif tinggi.,mangrove-priority-2016-2025-v0.1
616,20,MPR-604A308127,Kelurahan Lubuk Gaung,Sungai Sembilan,Kota Dumai,0.081,P4,Perlindungan pantai dahulu,60.2,57,85,76,sedang,Risiko ketidakstabilan pesisir relatif tinggi.,mangrove-priority-2016-2025-v0.1
617,21,MPR-233D7CC390,Kelurahan Lubuk Gaung,Sungai Sembilan,Kota Dumai,0.08,P4,Perlindungan pantai dahulu,60.2,57,85,76,sedang,Risiko ketidakstabilan pesisir relatif tinggi.,mangrove-priority-2016-2025-v0.1
618,22,MPR-702665BA64,Kelurahan Lubuk Gaung,Sungai Sembilan,Kota Dumai,0.08,P4,Perlindungan pantai dahulu,60.2,57,85,76,sedang,Risiko ketidakstabilan pesisir relatif tinggi.,mangrove-priority-2016-2025-v0.1
619,23,MPR-B15B3AD808,Kelurahan Lubuk Gaung,Sungai Sembilan,Kota Dumai,0.08,P4,Perlindungan pantai dahulu,60.2,57,85,76,sedang,Risiko ketidakstabilan pesisir relatif tinggi.,mangrove-priority-2016-2025-v0.1
620,24,MPR-F0617BD319,Kelurahan Lubuk Gaung,Sungai Sembilan,Kota Dumai,0.08,P4,Perlindungan pantai dahulu,60.2,57,85,76,sedang,Risiko ketidakstabilan pesisir relatif tinggi.,mangrove-priority-2016-2025-v0.1
621,25,MPR-3F67E32BA5,Kelurahan Lubuk Gaung,Sungai Sembilan,Kota Dumai,0.076,P4,Perlindungan pantai dahulu,60.2,57,85,76,sedang,Risiko ketidakstabilan pesisir relatif tinggi.,mangrove-priority-2016-2025-v0.1
622,26,MPR-5916EDB418,Kelurahan Lubuk Gaung,Sungai Sembilan,Kota Dumai,0.076,P4,Perlindungan pantai dahulu,60.2,57,85,76,sedang,Risiko ketidakstabilan pesisir relatif tinggi.,mangrove-priority-2016-2025-v0.1
623,27,MPR-E29EE9B652,Kelurahan Lubuk Gaung,Sungai Sembilan,Kota Dumai,0.075,P4,Perlindungan pantai dahulu,60.2,57,85,76,sedang,Risiko ketidakstabilan pesisir relatif tinggi.,mangrove-priority-2016-2025-v0.1
624,28,MPR-C9865D94CA,Kelurahan Lubuk Gaung,Sungai Sembilan,Kota Dumai,0.071,P4,Perlindungan pantai dahulu,60.2,57,85,76,sedang,Risiko ketidakstabilan pesisir relatif tinggi.,mangrove-priority-2016-2025-v0.1
625,29,MPR-33E2BFB846,Kelurahan Lubuk Gaung,Sungai Sembilan,Kota Dumai,0.069,P4,Perlindungan pantai dahulu,60.2,57,85,76,sedang,Risiko ketidakstabilan pesisir relatif tinggi.,mangrove-priority-2016-2025-v0.1
626,30,MPR-0B3BB2F235,Kelurahan Lubuk Gaung,Sungai Sembilan,Kota Dumai,0.068,P4,Perlindungan pantai dahulu,60.2,57,85,76,sedang,Risiko ketidakstabilan pesisir relatif tinggi.,mangrove-priority-2016-2025-v0.1
627,31,MPR-A98609407A,Kelurahan Lubuk Gaung,Sungai Sembilan,Kota Dumai,0.068,P4,Perlindungan pantai dahulu,60.2,57,85,76,sedang,Risiko ketidakstabilan pesisir relatif tinggi.,mangrove-priority-2016-2025-v0.1
628,32,MPR-6D36E02A8E,Kelurahan Lubuk Gaung,Sungai Sembilan,Kota Dumai,0.066,P4,Perlindungan pantai dahulu,60.2,57,85,76,sedang,Risiko ketidakstabilan pesisir relatif tinggi.,mangrove-priority-2016-2025-v0.1
629,33,MPR-032C6B47BC,Kelurahan Lubuk Gaung,Sungai Sembilan,Kota Dumai,0.058,P4,Perlindungan pantai dahulu,60.2,57,85,76,sedang,Risiko ketidakstabilan pesisir relatif tinggi.,mangrove-priority-2016-2025-v0.1
630,34,MPR-757DC7707E,Kelurahan Lubuk Gaung,Sungai Sembilan,Kota Dumai,0.058,P4,Perlindungan pantai dahulu,60.2,57,85,76,sedang,Risiko ketidakstabilan pesisir relatif tinggi.,mangrove-priority-2016-2025-v0.1
631,35,MPR-7A1AAC053E,Kelurahan Lubuk Gaung,Sungai Sembilan,Kota Dumai,0.058,P4,Perlindungan pantai dahulu,60.2,57,85,76,sedang,Risiko ketidakstabilan pesisir relatif tinggi.,mangrove-priority-2016-2025-v0.1
632,36,MPR-C3D6DFBFE5,Kelurahan Lubuk Gaung,Sungai Sembilan,Kota Dumai,0.057,P4,Perlindungan pantai dahulu,60.2,57,85,76,sedang,Risiko ketidakstabilan pesisir relatif tinggi.,mangrove-priority-2016-2025-v0.1
633,37,MPR-039C1AB08F,Kelurahan Lubuk Gaung,Sungai Sembilan,Kota Dumai,0.056,P4,Perlindungan pantai dahulu,60.2,57,85,76,sedang,Risiko ketidakstabilan pesisir relatif tinggi.,mangrove-priority-2016-2025-v0.1
634,38,MPR-2702AF7785,Kelurahan Lubuk Gaung,Sungai Sembilan,Kota Dumai,0.051,P4,Perlindungan pantai dahulu,60.2,57,85,76,sedang,Risiko ketidakstabilan pesisir relatif tinggi.,mangrove-priority-2016-2025-v0.1
635,39,MPR-4D86728C93,Kelurahan Lubuk Gaung,Sungai Sembilan,Kota Dumai,0.051,P4,Perlindungan pantai dahulu,60.2,57,85,76,sedang,Risiko ketidakstabilan pesisir relatif tinggi.,mangrove-priority-2016-2025-v0.1
636,40,MPR-55AF9D756E,Kelurahan Lubuk Gaung,Sungai Sembilan,Kota Dumai,0.051,P4,Perlindungan pantai dahulu,60.2,57,85,76,sedang,Risiko ketidakstabilan pesisir relatif tinggi.,mangrove-priority-2016-2025-v0.1
637,41,MPR-17E53B77BF,Kelurahan Lubuk Gaung,Sungai Sembilan,Kota Dumai,0.05,P4,Perlindungan pantai dahulu,60.2,57,85,76,sedang,Risiko ketidakstabilan pesisir relatif tinggi.,mangrove-priority-2016-2025-v0.1
638,98,MPR-08945F787E,Kelurahan Batu Teritip,Sungai Sembilan,Kota Dumai,1.99,P4,Perlindungan pantai dahulu,60.1,61,82,80,tinggi,Risiko ketidakstabilan pesisir relatif tinggi.,mangrove-priority-2016-2025-v0.1
639,99,MPR-F97719EF8C,Kelurahan Batu Teritip,Sungai Sembilan,Kota Dumai,1.81,P4,Perlindungan pantai dahulu,60.1,61,82,80,tinggi,Risiko ketidakstabilan pesisir relatif tinggi.,mangrove-priority-2016-2025-v0.1
640,42,MPR-DE7A8FDF6C,Kelurahan Lubuk Gaung,Sungai Sembilan,Kota Dumai,0.618,P4,Perlindungan pantai dahulu,60.1,58,84,77,sedang,Risiko ketidakstabilan pesisir relatif tinggi.,mangrove-priority-2016-2025-v0.1
641,43,MPR-B727BAFA66,Kelurahan Lubuk Gaung,Sungai Sembilan,Kota Dumai,0.59,P4,Perlindungan pantai dahulu,60.1,58,84,77,sedang,Risiko ketidakstabilan pesisir relatif tinggi.,mangrove-priority-2016-2025-v0.1
642,44,MPR-1BB12FB648,Kelurahan Lubuk Gaung,Sungai Sembilan,Kota Dumai,0.581,P4,Perlindungan pantai dahulu,60.1,58,84,77,sedang,Risiko ketidakstabilan pesisir relatif tinggi.,mangrove-priority-2016-2025-v0.1
643,45,MPR-3EBF92D473,Kelurahan Lubuk Gaung,Sungai Sembilan,Kota Dumai,0.57,P4,Perlindungan pantai dahulu,60.1,58,84,77,sedang,Risiko ketidakstabilan pesisir relatif tinggi.,mangrove-priority-2016-2025-v0.1
644,46,MPR-C6F8EFEE1E,Kelurahan Lubuk Gaung,Sungai Sembilan,Kota Dumai,0.557,P4,Perlindungan pantai dahulu,60.1,58,84,77,sedang,Risiko ketidakstabilan pesisir relatif tinggi.,mangrove-priority-2016-2025-v0.1
645,47,MPR-86379F922A,Kelurahan Lubuk Gaung,Sungai Sembilan,Kota Dumai,0.54,P4,Perlindungan pantai dahulu,60.1,58,84,77,sedang,Risiko ketidakstabilan pesisir relatif tinggi.,mangrove-priority-2016-2025-v0.1
646,48,MPR-14E19FEB86,Kelurahan Lubuk Gaung,Sungai Sembilan,Kota Dumai,0.539,P4,Perlindungan pantai dahulu,60.1,58,84,77,sedang,Risiko ketidakstabilan pesisir relatif tinggi.,mangrove-priority-2016-2025-v0.1
647,49,MPR-86F53F73B2,Kelurahan Lubuk Gaung,Sungai Sembilan,Kota Dumai,0.526,P4,Perlindungan pantai dahulu,60.1,58,84,77,sedang,Risiko ketidakstabilan pesisir relatif tinggi.,mangrove-priority-2016-2025-v0.1
648,50,MPR-0F1D4D2E4B,Kelurahan Lubuk Gaung,Sungai Sembilan,Kota Dumai,0.516,P4,Perlindungan pantai dahulu,60.1,58,84,77,sedang,Risiko ketidakstabilan pesisir relatif tinggi.,mangrove-priority-2016-2025-v0.1
649,51,MPR-E15BCE8F30,Kelurahan Lubuk Gaung,Sungai Sembilan,Kota Dumai,0.516,P4,Perlindungan pantai dahulu,60.1,58,84,77,sedang,Risiko ketidakstabilan pesisir relatif tinggi.,mangrove-priority-2016-2025-v0.1
650,52,MPR-0B01F03790,Kelurahan Lubuk Gaung,Sungai Sembilan,Kota Dumai,0.513,P4,Perlindungan pantai dahulu,60.1,58,84,77,sedang,Risiko ketidakstabilan pesisir relatif tinggi.,mangrove-priority-2016-2025-v0.1
651,53,MPR-CDE9EAAEBE,Kelurahan Lubuk Gaung,Sungai Sembilan,Kota Dumai,0.506,P4,Perlindungan pantai dahulu,60.1,58,84,77,sedang,Risiko ketidakstabilan pesisir relatif tinggi.,mangrove-priority-2016-2025-v0.1
652,54,MPR-E86BF35A11,Kelurahan Lubuk Gaung,Sungai Sembilan,Kota Dumai,0.501,P4,Perlindungan pantai dahulu,60.1,58,84,77,sedang,Risiko ketidakstabilan pesisir relatif tinggi.,mangrove-priority-2016-2025-v0.1
653,55,MPR-9756470972,Kelurahan Lubuk Gaung,Sungai Sembilan,Kota Dumai,0.483,P4,Perlindungan pantai dahulu,60.1,58,84,77,sedang,Risiko ketidakstabilan pesisir relatif tinggi.,mangrove-priority-2016-2025-v0.1
654,56,MPR-E33385E6EA,Kelurahan Lubuk Gaung,Sungai Sembilan,Kota Dumai,0.472,P4,Perlindungan pantai dahulu,60.1,58,84,77,sedang,Risiko ketidakstabilan pesisir relatif tinggi.,mangrove-priority-2016-2025-v0.1
655,57,MPR-E532293D73,Kelurahan Lubuk Gaung,Sungai Sembilan,Kota Dumai,0.472,P4,Perlindungan pantai dahulu,60.1,58,84,77,sedang,Risiko ketidakstabilan pesisir relatif tinggi.,mangrove-priority-2016-2025-v0.1
656,58,MPR-D097483A6F,Kelurahan Lubuk Gaung,Sungai Sembilan,Kota Dumai,0.462,P4,Perlindungan pantai dahulu,60.1,58,84,77,sedang,Risiko ketidakstabilan pesisir relatif tinggi.,mangrove-priority-2016-2025-v0.1
657,59,MPR-ED273FB5EB,Kelurahan Lubuk Gaung,Sungai Sembilan,Kota Dumai,0.461,P4,Perlindungan pantai dahulu,60.1,58,84,77,sedang,Risiko ketidakstabilan pesisir relatif tinggi.,mangrove-priority-2016-2025-v0.1
658,60,MPR-616E5D73B4,Kelurahan Lubuk Gaung,Sungai Sembilan,Kota Dumai,0.456,P4,Perlindungan pantai dahulu,60.1,58,84,77,sedang,Risiko ketidakstabilan pesisir relatif tinggi.,mangrove-priority-2016-2025-v0.1
659,61,MPR-5455474D72,Kelurahan Lubuk Gaung,Sungai Sembilan,Kota Dumai,0.453,P4,Perlindungan pantai dahulu,60.1,58,84,77,sedang,Risiko ketidakstabilan pesisir relatif tinggi.,mangrove-priority-2016-2025-v0.1
660,62,MPR-39422CC9FE,Kelurahan Lubuk Gaung,Sungai Sembilan,Kota Dumai,0.425,P4,Perlindungan pantai dahulu,60.1,58,84,77,sedang,Risiko ketidakstabilan pesisir relatif tinggi.,mangrove-priority-2016-2025-v0.1
661,63,MPR-A6A17F725F,Kelurahan Lubuk Gaung,Sungai Sembilan,Kota Dumai,0.425,P4,Perlindungan pantai dahulu,60.1,58,84,77,sedang,Risiko ketidakstabilan pesisir relatif tinggi.,mangrove-priority-2016-2025-v0.1
662,64,MPR-27436BFA50,Kelurahan Lubuk Gaung,Sungai Sembilan,Kota Dumai,0.424,P4,Perlindungan pantai dahulu,60.1,58,84,77,sedang,Risiko ketidakstabilan pesisir relatif tinggi.,mangrove-priority-2016-2025-v0.1
663,65,MPR-DA94D5398E,Kelurahan Lubuk Gaung,Sungai Sembilan,Kota Dumai,0.417,P4,Perlindungan pantai dahulu,60.1,58,84,77,sedang,Risiko ketidakstabilan pesisir relatif tinggi.,mangrove-priority-2016-2025-v0.1
664,100,MPR-362F9DF2AF,Kelurahan Batu Teritip,Sungai Sembilan,Kota Dumai,2.77,P4,Perlindungan pantai dahulu,60.0,62,81,81,tinggi,Risiko ketidakstabilan pesisir relatif tinggi.,mangrove-priority-2016-2025-v0.1
665,101,MPR-0904A79807,Kelurahan Batu Teritip,Sungai Sembilan,Kota Dumai,2.686,P4,Perlindungan pantai dahulu,60.0,62,81,81,tinggi,Risiko ketidakstabilan pesisir relatif tinggi.,mangrove-priority-2016-2025-v0.1
666,66,MPR-AE91FBC337,Kelurahan Lubuk Gaung,Sungai Sembilan,Kota Dumai,1.34,P4,Perlindungan pantai dahulu,60.0,59,83,78,sedang,Risiko ketidakstabilan pesisir relatif tinggi.,mangrove-priority-2016-2025-v0.1
667,67,MPR-19CA42F125,Kelurahan Lubuk Gaung,Sungai Sembilan,Kota Dumai,1.294,P4,Perlindungan pantai dahulu,60.0,59,83,78,sedang,Risiko ketidakstabilan pesisir relatif tinggi.,mangrove-priority-2016-2025-v0.1
668,68,MPR-BAA607060B,Kelurahan Lubuk Gaung,Sungai Sembilan,Kota Dumai,0.35,P4,Perlindungan pantai dahulu,60.0,57,85,77,sedang,Risiko ketidakstabilan pesisir relatif tinggi.,mangrove-priority-2016-2025-v0.1
669,69,MPR-E523D2FC84,Kelurahan Lubuk Gaung,Sungai Sembilan,Kota Dumai,0.35,P4,Perlindungan pantai dahulu,60.0,57,85,77,sedang,Risiko ketidakstabilan pesisir relatif tinggi.,mangrove-priority-2016-2025-v0.1
670,70,MPR-41FD43ED43,Kelurahan Lubuk Gaung,Sungai Sembilan,Kota Dumai,0.345,P4,Perlindungan pantai dahulu,60.0,57,85,77,sedang,Risiko ketidakstabilan pesisir relatif tinggi.,mangrove-priority-2016-2025-v0.1
671,71,MPR-5FD87A380A,Kelurahan Lubuk Gaung,Sungai Sembilan,Kota Dumai,0.338,P4,Perlindungan pantai dahulu,60.0,57,85,77,sedang,Risiko ketidakstabilan pesisir relatif tinggi.,mangrove-priority-2016-2025-v0.1
672,72,MPR-5A4BDBC07A,Kelurahan Lubuk Gaung,Sungai Sembilan,Kota Dumai,0.31,P4,Perlindungan pantai dahulu,60.0,57,85,77,sedang,Risiko ketidakstabilan pesisir relatif tinggi.,mangrove-priority-2016-2025-v0.1
673,73,MPR-D7B19370A9,Kelurahan Lubuk Gaung,Sungai Sembilan,Kota Dumai,0.31,P4,Perlindungan pantai dahulu,60.0,57,85,77,sedang,Risiko ketidakstabilan pesisir relatif tinggi.,mangrove-priority-2016-2025-v0.1
674,74,MPR-EDFD920830,Kelurahan Lubuk Gaung,Sungai Sembilan,Kota Dumai,0.31,P4,Perlindungan pantai dahulu,60.0,57,85,77,sedang,Risiko ketidakstabilan pesisir relatif tinggi.,mangrove-priority-2016-2025-v0.1
675,75,MPR-37AFAE7871,Kelurahan Lubuk Gaung,Sungai Sembilan,Kota Dumai,0.307,P4,Perlindungan pantai dahulu,60.0,57,85,77,sedang,Risiko ketidakstabilan pesisir relatif tinggi.,mangrove-priority-2016-2025-v0.1
676,76,MPR-3C2B817F9D,Kelurahan Lubuk Gaung,Sungai Sembilan,Kota Dumai,0.306,P4,Perlindungan pantai dahulu,60.0,57,85,77,sedang,Risiko ketidakstabilan pesisir relatif tinggi.,mangrove-priority-2016-2025-v0.1
677,77,MPR-20258AA6ED,Kelurahan Lubuk Gaung,Sungai Sembilan,Kota Dumai,0.3,P4,Perlindungan pantai dahulu,60.0,57,85,77,sedang,Risiko ketidakstabilan pesisir relatif tinggi.,mangrove-priority-2016-2025-v0.1
678,78,MPR-CEFB59D2CF,Kelurahan Lubuk Gaung,Sungai Sembilan,Kota Dumai,0.292,P4,Perlindungan pantai dahulu,60.0,57,85,77,sedang,Risiko ketidakstabilan pesisir relatif tinggi.,mangrove-priority-2016-2025-v0.1
679,79,MPR-5FFA9396B5,Kelurahan Lubuk Gaung,Sungai Sembilan,Kota Dumai,0.29,P4,Perlindungan pantai dahulu,60.0,57,85,77,sedang,Risiko ketidakstabilan pesisir relatif tinggi.,mangrove-priority-2016-2025-v0.1
680,80,MPR-2E94C41386,Kelurahan Lubuk Gaung,Sungai Sembilan,Kota Dumai,0.289,P4,Perlindungan pantai dahulu,60.0,57,85,77,sedang,Risiko ketidakstabilan pesisir relatif tinggi.,mangrove-priority-2016-2025-v0.1
681,81,MPR-A068DE1378,Kelurahan Lubuk Gaung,Sungai Sembilan,Kota Dumai,0.283,P4,Perlindungan pantai dahulu,60.0,57,85,77,sedang,Risiko ketidakstabilan pesisir relatif tinggi.,mangrove-priority-2016-2025-v0.1
682,82,MPR-C28E7DFC1B,Kelurahan Lubuk Gaung,Sungai Sembilan,Kota Dumai,0.28,P4,Perlindungan pantai dahulu,60.0,57,85,77,sedang,Risiko ketidakstabilan pesisir relatif tinggi.,mangrove-priority-2016-2025-v0.1
683,83,MPR-A1B00FA26C,Kelurahan Lubuk Gaung,Sungai Sembilan,Kota Dumai,0.274,P4,Perlindungan pantai dahulu,60.0,57,85,77,sedang,Risiko ketidakstabilan pesisir relatif tinggi.,mangrove-priority-2016-2025-v0.1
684,84,MPR-0391342E31,Kelurahan Lubuk Gaung,Sungai Sembilan,Kota Dumai,0.27,P4,Perlindungan pantai dahulu,60.0,57,85,77,sedang,Risiko ketidakstabilan pesisir relatif tinggi.,mangrove-priority-2016-2025-v0.1
685,85,MPR-E3BE61BFCE,Kelurahan Lubuk Gaung,Sungai Sembilan,Kota Dumai,0.268,P4,Perlindungan pantai dahulu,60.0,57,85,77,sedang,Risiko ketidakstabilan pesisir relatif tinggi.,mangrove-priority-2016-2025-v0.1
686,86,MPR-E6778C676B,Kelurahan Lubuk Gaung,Sungai Sembilan,Kota Dumai,0.267,P4,Perlindungan pantai dahulu,60.0,57,85,77,sedang,Risiko ketidakstabilan pesisir relatif tinggi.,mangrove-priority-2016-2025-v0.1
687,87,MPR-510F3C2DEF,Kelurahan Lubuk Gaung,Sungai Sembilan,Kota Dumai,0.266,P4,Perlindungan pantai dahulu,60.0,57,85,77,sedang,Risiko ketidakstabilan pesisir relatif tinggi.,mangrove-priority-2016-2025-v0.1
688,88,MPR-A58ECCB184,Kelurahan Lubuk Gaung,Sungai Sembilan,Kota Dumai,0.266,P4,Perlindungan pantai dahulu,60.0,57,85,77,sedang,Risiko ketidakstabilan pesisir relatif tinggi.,mangrove-priority-2016-2025-v0.1
689,89,MPR-4EFB17B80A,Kelurahan Lubuk Gaung,Sungai Sembilan,Kota Dumai,0.264,P4,Perlindungan pantai dahulu,60.0,57,85,77,sedang,Risiko ketidakstabilan pesisir relatif tinggi.,mangrove-priority-2016-2025-v0.1
690,90,MPR-6B0E112AB0,Kelurahan Lubuk Gaung,Sungai Sembilan,Kota Dumai,0.259,P4,Perlindungan pantai dahulu,60.0,57,85,77,sedang,Risiko ketidakstabilan pesisir relatif tinggi.,mangrove-priority-2016-2025-v0.1
691,91,MPR-E780F17A46,Kelurahan Lubuk Gaung,Sungai Sembilan,Kota Dumai,0.247,P4,Perlindungan pantai dahulu,60.0,57,85,77,sedang,Risiko ketidakstabilan pesisir relatif tinggi.,mangrove-priority-2016-2025-v0.1
692,92,MPR-6C53806A82,Kelurahan Lubuk Gaung,Sungai Sembilan,Kota Dumai,0.243,P4,Perlindungan pantai dahulu,60.0,57,85,77,sedang,Risiko ketidakstabilan pesisir relatif tinggi.,mangrove-priority-2016-2025-v0.1
693,93,MPR-DD4747082E,Kelurahan Lubuk Gaung,Sungai Sembilan,Kota Dumai,0.24,P4,Perlindungan pantai dahulu,60.0,57,85,77,sedang,Risiko ketidakstabilan pesisir relatif tinggi.,mangrove-priority-2016-2025-v0.1
694,94,MPR-5E2B874BE1,Kelurahan Lubuk Gaung,Sungai Sembilan,Kota Dumai,0.237,P4,Perlindungan pantai dahulu,60.0,57,85,77,sedang,Risiko ketidakstabilan pesisir relatif tinggi.,mangrove-priority-2016-2025-v0.1
695,95,MPR-5FCDDD12F4,Kelurahan Lubuk Gaung,Sungai Sembilan,Kota Dumai,0.237,P4,Perlindungan pantai dahulu,60.0,57,85,77,sedang,Risiko ketidakstabilan pesisir relatif tinggi.,mangrove-priority-2016-2025-v0.1
696,96,MPR-A4DB65B724,Kelurahan Lubuk Gaung,Sungai Sembilan,Kota Dumai,0.235,P4,Perlindungan pantai dahulu,60.0,57,85,77,sedang,Risiko ketidakstabilan pesisir relatif tinggi.,mangrove-priority-2016-2025-v0.1
697,97,MPR-D58F6CE4F3,Kelurahan Lubuk Gaung,Sungai Sembilan,Kota Dumai,0.234,P4,Perlindungan pantai dahulu,60.0,57,85,77,sedang,Risiko ketidakstabilan pesisir relatif tinggi.,mangrove-priority-2016-2025-v0.1
698,98,MPR-0016425F63,Kelurahan Lubuk Gaung,Sungai Sembilan,Kota Dumai,0.23,P4,Perlindungan pantai dahulu,60.0,57,85,77,sedang,Risiko ketidakstabilan pesisir relatif tinggi.,mangrove-priority-2016-2025-v0.1
699,99,MPR-65507055CD,Kelurahan Lubuk Gaung,Sungai Sembilan,Kota Dumai,0.23,P4,Perlindungan pantai dahulu,60.0,57,85,77,sedang,Risiko ketidakstabilan pesisir relatif tinggi.,mangrove-priority-2016-2025-v0.1
700,100,MPR-3B52361F9E,Kelurahan Lubuk Gaung,Sungai Sembilan,Kota Dumai,0.22,P4,Perlindungan pantai dahulu,60.0,57,85,77,sedang,Risiko ketidakstabilan pesisir relatif tinggi.,mangrove-priority-2016-2025-v0.1
701,101,MPR-551140F6BE,Kelurahan Lubuk Gaung,Sungai Sembilan,Kota Dumai,0.22,P4,Perlindungan pantai dahulu,60.0,57,85,77,sedang,Risiko ketidakstabilan pesisir relatif tinggi.,mangrove-priority-2016-2025-v0.1
702,102,MPR-55B13206ED,Kelurahan Lubuk Gaung,Sungai Sembilan,Kota Dumai,0.212,P4,Perlindungan pantai dahulu,60.0,57,85,77,sedang,Risiko ketidakstabilan pesisir relatif tinggi.,mangrove-priority-2016-2025-v0.1
703,103,MPR-6F789E4085,Kelurahan Lubuk Gaung,Sungai Sembilan,Kota Dumai,0.2,P4,Perlindungan pantai dahulu,60.0,57,85,77,sedang,Risiko ketidakstabilan pesisir relatif tinggi.,mangrove-priority-2016-2025-v0.1
704,104,MPR-DED2C2E59F,Kelurahan Lubuk Gaung,Sungai Sembilan,Kota Dumai,0.2,P4,Perlindungan pantai dahulu,60.0,57,85,77,sedang,Risiko ketidakstabilan pesisir relatif tinggi.,mangrove-priority-2016-2025-v0.1
705,105,MPR-BB4FB10D50,Kelurahan Lubuk Gaung,Sungai Sembilan,Kota Dumai,0.196,P4,Perlindungan pantai dahulu,60.0,57,85,77,sedang,Risiko ketidakstabilan pesisir relatif tinggi.,mangrove-priority-2016-2025-v0.1
706,106,MPR-27F378391A,Kelurahan Lubuk Gaung,Sungai Sembilan,Kota Dumai,0.191,P4,Perlindungan pantai dahulu,60.0,57,85,77,sedang,Risiko ketidakstabilan pesisir relatif tinggi.,mangrove-priority-2016-2025-v0.1
707,107,MPR-722B66C1CF,Kelurahan Lubuk Gaung,Sungai Sembilan,Kota Dumai,0.19,P4,Perlindungan pantai dahulu,60.0,57,85,77,sedang,Risiko ketidakstabilan pesisir relatif tinggi.,mangrove-priority-2016-2025-v0.1
708,108,MPR-B9AE0D398A,Kelurahan Lubuk Gaung,Sungai Sembilan,Kota Dumai,0.188,P4,Perlindungan pantai dahulu,60.0,57,85,77,sedang,Risiko ketidakstabilan pesisir relatif tinggi.,mangrove-priority-2016-2025-v0.1
709,109,MPR-38B2721F4A,Kelurahan Lubuk Gaung,Sungai Sembilan,Kota Dumai,0.181,P4,Perlindungan pantai dahulu,60.0,57,85,77,sedang,Risiko ketidakstabilan pesisir relatif tinggi.,mangrove-priority-2016-2025-v0.1
710,110,MPR-04E2127208,Kelurahan Lubuk Gaung,Sungai Sembilan,Kota Dumai,0.169,P4,Perlindungan pantai dahulu,60.0,57,85,77,sedang,Risiko ketidakstabilan pesisir relatif tinggi.,mangrove-priority-2016-2025-v0.1
711,111,MPR-390212E222,Kelurahan Lubuk Gaung,Sungai Sembilan,Kota Dumai,0.169,P4,Perlindungan pantai dahulu,60.0,57,85,77,sedang,Risiko ketidakstabilan pesisir relatif tinggi.,mangrove-priority-2016-2025-v0.1
712,112,MPR-2EBE8104CB,Kelurahan Lubuk Gaung,Sungai Sembilan,Kota Dumai,0.167,P4,Perlindungan pantai dahulu,60.0,57,85,77,sedang,Risiko ketidakstabilan pesisir relatif tinggi.,mangrove-priority-2016-2025-v0.1
713,113,MPR-744D606863,Kelurahan Lubuk Gaung,Sungai Sembilan,Kota Dumai,0.167,P4,Perlindungan pantai dahulu,60.0,57,85,77,sedang,Risiko ketidakstabilan pesisir relatif tinggi.,mangrove-priority-2016-2025-v0.1
714,114,MPR-EA30A64B7F,Kelurahan Lubuk Gaung,Sungai Sembilan,Kota Dumai,0.165,P4,Perlindungan pantai dahulu,60.0,57,85,77,sedang,Risiko ketidakstabilan pesisir relatif tinggi.,mangrove-priority-2016-2025-v0.1
715,115,MPR-5DA1BE37FB,Kelurahan Lubuk Gaung,Sungai Sembilan,Kota Dumai,0.162,P4,Perlindungan pantai dahulu,60.0,57,85,77,sedang,Risiko ketidakstabilan pesisir relatif tinggi.,mangrove-priority-2016-2025-v0.1
716,116,MPR-1965A7DA01,Kelurahan Lubuk Gaung,Sungai Sembilan,Kota Dumai,0.16,P4,Perlindungan pantai dahulu,60.0,57,85,77,sedang,Risiko ketidakstabilan pesisir relatif tinggi.,mangrove-priority-2016-2025-v0.1
717,117,MPR-320876D806,Kelurahan Lubuk Gaung,Sungai Sembilan,Kota Dumai,0.16,P4,Perlindungan pantai dahulu,60.0,57,85,77,sedang,Risiko ketidakstabilan pesisir relatif tinggi.,mangrove-priority-2016-2025-v0.1
718,118,MPR-32426101D9,Kelurahan Lubuk Gaung,Sungai Sembilan,Kota Dumai,0.16,P4,Perlindungan pantai dahulu,60.0,57,85,77,sedang,Risiko ketidakstabilan pesisir relatif tinggi.,mangrove-priority-2016-2025-v0.1
719,119,MPR-B90A38E907,Kelurahan Lubuk Gaung,Sungai Sembilan,Kota Dumai,0.156,P4,Perlindungan pantai dahulu,60.0,57,85,77,sedang,Risiko ketidakstabilan pesisir relatif tinggi.,mangrove-priority-2016-2025-v0.1
720,120,MPR-C22C7A8775,Kelurahan Lubuk Gaung,Sungai Sembilan,Kota Dumai,0.149,P4,Perlindungan pantai dahulu,60.0,57,85,77,sedang,Risiko ketidakstabilan pesisir relatif tinggi.,mangrove-priority-2016-2025-v0.1
721,121,MPR-293163520C,Kelurahan Lubuk Gaung,Sungai Sembilan,Kota Dumai,0.148,P4,Perlindungan pantai dahulu,60.0,57,85,77,sedang,Risiko ketidakstabilan pesisir relatif tinggi.,mangrove-priority-2016-2025-v0.1
722,122,MPR-DAAB693E61,Kelurahan Lubuk Gaung,Sungai Sembilan,Kota Dumai,0.142,P4,Perlindungan pantai dahulu,60.0,57,85,77,sedang,Risiko ketidakstabilan pesisir relatif tinggi.,mangrove-priority-2016-2025-v0.1
723,123,MPR-DD181D06A1,Kelurahan Lubuk Gaung,Sungai Sembilan,Kota Dumai,0.14,P4,Perlindungan pantai dahulu,60.0,57,85,77,sedang,Risiko ketidakstabilan pesisir relatif tinggi.,mangrove-priority-2016-2025-v0.1
724,124,MPR-D7EFF772D6,Kelurahan Lubuk Gaung,Sungai Sembilan,Kota Dumai,0.137,P4,Perlindungan pantai dahulu,60.0,57,85,77,sedang,Risiko ketidakstabilan pesisir relatif tinggi.,mangrove-priority-2016-2025-v0.1
725,125,MPR-6F5848D84C,Kelurahan Lubuk Gaung,Sungai Sembilan,Kota Dumai,0.136,P4,Perlindungan pantai dahulu,60.0,57,85,77,sedang,Risiko ketidakstabilan pesisir relatif tinggi.,mangrove-priority-2016-2025-v0.1
726,126,MPR-BD7BA45205,Kelurahan Lubuk Gaung,Sungai Sembilan,Kota Dumai,0.129,P4,Perlindungan pantai dahulu,60.0,57,85,77,sedang,Risiko ketidakstabilan pesisir relatif tinggi.,mangrove-priority-2016-2025-v0.1
727,127,MPR-E234E45596,Kelurahan Lubuk Gaung,Sungai Sembilan,Kota Dumai,0.122,P4,Perlindungan pantai dahulu,60.0,57,85,77,sedang,Risiko ketidakstabilan pesisir relatif tinggi.,mangrove-priority-2016-2025-v0.1
728,128,MPR-B11F5C7516,Kelurahan Lubuk Gaung,Sungai Sembilan,Kota Dumai,0.12,P4,Perlindungan pantai dahulu,60.0,57,85,77,sedang,Risiko ketidakstabilan pesisir relatif tinggi.,mangrove-priority-2016-2025-v0.1
729,129,MPR-B4603C2464,Kelurahan Lubuk Gaung,Sungai Sembilan,Kota Dumai,0.12,P4,Perlindungan pantai dahulu,60.0,57,85,77,sedang,Risiko ketidakstabilan pesisir relatif tinggi.,mangrove-priority-2016-2025-v0.1
730,130,MPR-3CA62F518A,Kelurahan Lubuk Gaung,Sungai Sembilan,Kota Dumai,0.116,P4,Perlindungan pantai dahulu,60.0,57,85,77,sedang,Risiko ketidakstabilan pesisir relatif tinggi.,mangrove-priority-2016-2025-v0.1
731,131,MPR-1ADD686609,Kelurahan Lubuk Gaung,Sungai Sembilan,Kota Dumai,0.114,P4,Perlindungan pantai dahulu,60.0,57,85,77,sedang,Risiko ketidakstabilan pesisir relatif tinggi.,mangrove-priority-2016-2025-v0.1
732,132,MPR-057457E0FF,Kelurahan Lubuk Gaung,Sungai Sembilan,Kota Dumai,0.11,P4,Perlindungan pantai dahulu,60.0,57,85,77,sedang,Risiko ketidakstabilan pesisir relatif tinggi.,mangrove-priority-2016-2025-v0.1
733,133,MPR-6164DFF8C2,Kelurahan Lubuk Gaung,Sungai Sembilan,Kota Dumai,0.11,P4,Perlindungan pantai dahulu,60.0,57,85,77,sedang,Risiko ketidakstabilan pesisir relatif tinggi.,mangrove-priority-2016-2025-v0.1
734,134,MPR-AEE3695F37,Kelurahan Lubuk Gaung,Sungai Sembilan,Kota Dumai,0.11,P4,Perlindungan pantai dahulu,60.0,57,85,77,sedang,Risiko ketidakstabilan pesisir relatif tinggi.,mangrove-priority-2016-2025-v0.1
735,135,MPR-5535597696,Kelurahan Lubuk Gaung,Sungai Sembilan,Kota Dumai,0.109,P4,Perlindungan pantai dahulu,60.0,57,85,77,sedang,Risiko ketidakstabilan pesisir relatif tinggi.,mangrove-priority-2016-2025-v0.1
736,102,MPR-70BDC41C80,Kelurahan Batu Teritip,Sungai Sembilan,Kota Dumai,4.12,P4,Perlindungan pantai dahulu,59.9,64,79,83,tinggi,Risiko ketidakstabilan pesisir relatif tinggi.,mangrove-priority-2016-2025-v0.1
737,103,MPR-D27202862B,Kelurahan Batu Teritip,Sungai Sembilan,Kota Dumai,4.0,P4,Perlindungan pantai dahulu,59.9,64,79,83,tinggi,Risiko ketidakstabilan pesisir relatif tinggi.,mangrove-priority-2016-2025-v0.1
738,104,MPR-827DB31856,Kelurahan Batu Teritip,Sungai Sembilan,Kota Dumai,2.87,P4,Perlindungan pantai dahulu,59.9,62,81,82,tinggi,Risiko ketidakstabilan pesisir relatif tinggi.,mangrove-priority-2016-2025-v0.1
739,136,MPR-4BFA28E57E,Kelurahan Lubuk Gaung,Sungai Sembilan,Kota Dumai,1.06,P4,Perlindungan pantai dahulu,59.9,58,84,78,sedang,Risiko ketidakstabilan pesisir relatif tinggi.,mangrove-priority-2016-2025-v0.1
740,137,MPR-C719153050,Kelurahan Lubuk Gaung,Sungai Sembilan,Kota Dumai,1.054,P4,Perlindungan pantai dahulu,59.9,58,84,78,sedang,Risiko ketidakstabilan pesisir relatif tinggi.,mangrove-priority-2016-2025-v0.1
741,138,MPR-E5B86FC04C,Kelurahan Lubuk Gaung,Sungai Sembilan,Kota Dumai,0.913,P4,Perlindungan pantai dahulu,59.9,58,84,78,sedang,Risiko ketidakstabilan pesisir relatif tinggi.,mangrove-priority-2016-2025-v0.1
742,139,MPR-609B05381C,Kelurahan Lubuk Gaung,Sungai Sembilan,Kota Dumai,0.873,P4,Perlindungan pantai dahulu,59.9,58,84,78,sedang,Risiko ketidakstabilan pesisir relatif tinggi.,mangrove-priority-2016-2025-v0.1
743,140,MPR-D11B5C9B42,Kelurahan Lubuk Gaung,Sungai Sembilan,Kota Dumai,0.859,P4,Perlindungan pantai dahulu,59.9,58,84,78,sedang,Risiko ketidakstabilan pesisir relatif tinggi.,mangrove-priority-2016-2025-v0.1
744,141,MPR-A31DA16E74,Kelurahan Lubuk Gaung,Sungai Sembilan,Kota Dumai,0.827,P4,Perlindungan pantai dahulu,59.9,58,84,78,sedang,Risiko ketidakstabilan pesisir relatif tinggi.,mangrove-priority-2016-2025-v0.1
745,142,MPR-1304838928,Kelurahan Lubuk Gaung,Sungai Sembilan,Kota Dumai,0.801,P4,Perlindungan pantai dahulu,59.9,58,84,78,sedang,Risiko ketidakstabilan pesisir relatif tinggi.,mangrove-priority-2016-2025-v0.1
746,143,MPR-F74DAD704B,Kelurahan Lubuk Gaung,Sungai Sembilan,Kota Dumai,1.78,P4,Perlindungan pantai dahulu,59.8,59,83,79,sedang,Risiko ketidakstabilan pesisir relatif tinggi.,mangrove-priority-2016-2025-v0.1
747,144,MPR-7DAC27FDC9,Kelurahan Lubuk Gaung,Sungai Sembilan,Kota Dumai,1.546,P4,Perlindungan pantai dahulu,59.8,59,83,79,sedang,Risiko ketidakstabilan pesisir relatif tinggi.,mangrove-priority-2016-2025-v0.1
748,105,MPR-FF600D505D,Kelurahan Batu Teritip,Sungai Sembilan,Kota Dumai,4.41,P4,Perlindungan pantai dahulu,59.7,64,79,84,tinggi,Risiko ketidakstabilan pesisir relatif tinggi.,mangrove-priority-2016-2025-v0.1
749,145,MPR-5B192A8410,Kelurahan Lubuk Gaung,Sungai Sembilan,Kota Dumai,2.475,P4,Perlindungan pantai dahulu,59.7,60,82,80,sedang,Risiko ketidakstabilan pesisir relatif tinggi.,mangrove-priority-2016-2025-v0.1
750,146,MPR-3DE451D26D,Kelurahan Lubuk Gaung,Sungai Sembilan,Kota Dumai,2.332,P4,Perlindungan pantai dahulu,59.7,60,82,80,sedang,Risiko ketidakstabilan pesisir relatif tinggi.,mangrove-priority-2016-2025-v0.1
751,147,MPR-5BC8C62B6D,Kelurahan Lubuk Gaung,Sungai Sembilan,Kota Dumai,2.129,P4,Perlindungan pantai dahulu,59.7,60,82,80,sedang,Risiko ketidakstabilan pesisir relatif tinggi.,mangrove-priority-2016-2025-v0.1
752,148,MPR-E692D0C9B6,Kelurahan Lubuk Gaung,Sungai Sembilan,Kota Dumai,3.066,P4,Perlindungan pantai dahulu,59.6,61,81,81,sedang,Risiko ketidakstabilan pesisir relatif tinggi.,mangrove-priority-2016-2025-v0.1
753,149,MPR-AD9F58D883,Kelurahan Lubuk Gaung,Sungai Sembilan,Kota Dumai,3.011,P4,Perlindungan pantai dahulu,59.6,61,81,81,sedang,Risiko ketidakstabilan pesisir relatif tinggi.,mangrove-priority-2016-2025-v0.1
754,150,MPR-DE53A6DE8A,Kelurahan Lubuk Gaung,Sungai Sembilan,Kota Dumai,0.407,P4,Perlindungan pantai dahulu,59.6,57,84,77,sedang,Risiko ketidakstabilan pesisir relatif tinggi.,mangrove-priority-2016-2025-v0.1
755,151,MPR-5F19BADB4A,Kelurahan Lubuk Gaung,Sungai Sembilan,Kota Dumai,0.383,P4,Perlindungan pantai dahulu,59.6,57,84,77,sedang,Risiko ketidakstabilan pesisir relatif tinggi.,mangrove-priority-2016-2025-v0.1
756,152,MPR-8D7B281616,Kelurahan Lubuk Gaung,Sungai Sembilan,Kota Dumai,0.383,P4,Perlindungan pantai dahulu,59.6,57,84,77,sedang,Risiko ketidakstabilan pesisir relatif tinggi.,mangrove-priority-2016-2025-v0.1
757,153,MPR-3D51194AF9,Kelurahan Lubuk Gaung,Sungai Sembilan,Kota Dumai,0.38,P4,Perlindungan pantai dahulu,59.6,57,84,77,sedang,Risiko ketidakstabilan pesisir relatif tinggi.,mangrove-priority-2016-2025-v0.1
758,154,MPR-94F5ECAC45,Kelurahan Lubuk Gaung,Sungai Sembilan,Kota Dumai,0.38,P4,Perlindungan pantai dahulu,59.6,57,84,77,sedang,Risiko ketidakstabilan pesisir relatif tinggi.,mangrove-priority-2016-2025-v0.1
759,155,MPR-68CB57CC84,Kelurahan Lubuk Gaung,Sungai Sembilan,Kota Dumai,0.365,P4,Perlindungan pantai dahulu,59.6,57,84,77,sedang,Risiko ketidakstabilan pesisir relatif tinggi.,mangrove-priority-2016-2025-v0.1
760,156,MPR-22ED495C84,Kelurahan Lubuk Gaung,Sungai Sembilan,Kota Dumai,1.178,P4,Perlindungan pantai dahulu,59.5,58,83,78,sedang,Risiko ketidakstabilan pesisir relatif tinggi.,mangrove-priority-2016-2025-v0.1
761,157,MPR-809B09A7F4,Kelurahan Lubuk Gaung,Sungai Sembilan,Kota Dumai,1.116,P4,Perlindungan pantai dahulu,59.5,58,83,78,sedang,Risiko ketidakstabilan pesisir relatif tinggi.,mangrove-priority-2016-2025-v0.1
762,158,MPR-F4A2478A42,Kelurahan Lubuk Gaung,Sungai Sembilan,Kota Dumai,1.077,P4,Perlindungan pantai dahulu,59.5,58,83,78,sedang,Risiko ketidakstabilan pesisir relatif tinggi.,mangrove-priority-2016-2025-v0.1
763,106,MPR-1D6656EF10,Kelurahan Batu Teritip,Sungai Sembilan,Kota Dumai,5.81,P4,Perlindungan pantai dahulu,59.4,66,77,86,tinggi,Risiko ketidakstabilan pesisir relatif tinggi.,mangrove-priority-2016-2025-v0.1
764,107,MPR-CDC3CAB9D4,Kelurahan Batu Teritip,Sungai Sembilan,Kota Dumai,5.579,P4,Perlindungan pantai dahulu,59.4,66,77,86,tinggi,Risiko ketidakstabilan pesisir relatif tinggi.,mangrove-priority-2016-2025-v0.1
765,1,MPR-6C2EBC6049,Kelurahan Dumai Kota,Dumai Kota,Kota Dumai,0.903,P3,Pemulihan hidrologi,59.0,52,60,27,tinggi,Kelayakan sedang; konektivitas pasang surut perlu dipulihkan.,mangrove-priority-2016-2025-v0.1
766,159,MPR-F44B04211B,Kelurahan Lubuk Gaung,Sungai Sembilan,Kota Dumai,5.104,P4,Perlindungan pantai dahulu,58.9,63,78,84,sedang,Risiko ketidakstabilan pesisir relatif tinggi.,mangrove-priority-2016-2025-v0.1
767,160,MPR-3E2FBB96EB,Kelurahan Lubuk Gaung,Sungai Sembilan,Kota Dumai,4.902,P4,Perlindungan pantai dahulu,58.9,63,78,84,sedang,Risiko ketidakstabilan pesisir relatif tinggi.,mangrove-priority-2016-2025-v0.1
768,2,MPR-C9FC50159A,Kelurahan Dumai Kota,Dumai Kota,Kota Dumai,0.387,P3,Pemulihan hidrologi,58.6,51,60,27,tinggi,Kelayakan sedang; konektivitas pasang surut perlu dipulihkan.,mangrove-priority-2016-2025-v0.1
769,161,MPR-5B902C371D,Kelurahan Lubuk Gaung,Sungai Sembilan,Kota Dumai,5.375,P4,Perlindungan pantai dahulu,58.5,63,77,84,sedang,Risiko ketidakstabilan pesisir relatif tinggi.,mangrove-priority-2016-2025-v0.1
770,1,MPR-20E4CC7A8D,Kelurahan Bangsal Aceh,Sungai Sembilan,Kota Dumai,0.78,P2,Regenerasi alami terbantu,57.2,31,80,24,tinggi,Kondisi biofisik relatif mendukung pemulihan vegetasi.,mangrove-priority-2016-2025-v0.1
771,2,MPR-6DC91FC0FA,Kelurahan Bangsal Aceh,Sungai Sembilan,Kota Dumai,0.22,P2,Regenerasi alami terbantu,57.2,30,81,23,tinggi,Kondisi biofisik relatif mendukung pemulihan vegetasi.,mangrove-priority-2016-2025-v0.1
772,3,MPR-A6DD879F73,Kelurahan Bangsal Aceh,Sungai Sembilan,Kota Dumai,0.15,P2,Regenerasi alami terbantu,57.2,30,81,23,tinggi,Kondisi biofisik relatif mendukung pemulihan vegetasi.,mangrove-priority-2016-2025-v0.1
773,162,MPR-A5D279704E,Kelurahan Lubuk Gaung,Sungai Sembilan,Kota Dumai,11.165,P4,Perlindungan pantai dahulu,57.0,70,69,93,sedang,Risiko ketidakstabilan pesisir relatif tinggi.,mangrove-priority-2016-2025-v0.1
774,108,MPR-F9C78D6CAC,Kelurahan Batu Teritip,Sungai Sembilan,Kota Dumai,47.22,P4,Perlindungan pantai dahulu,54.6,77,57,100,tinggi,Risiko ketidakstabilan pesisir relatif tinggi.,mangrove-priority-2016-2025-v0.1
775,109,MPR-FC35B44708,Kelurahan Batu Teritip,Sungai Sembilan,Kota Dumai,31.94,P4,Perlindungan pantai dahulu,54.6,77,57,100,tinggi,Risiko ketidakstabilan pesisir relatif tinggi.,mangrove-priority-2016-2025-v0.1
776,110,MPR-A485700BF9,Kelurahan Batu Teritip,Sungai Sembilan,Kota Dumai,26.05,P4,Perlindungan pantai dahulu,54.6,77,57,100,tinggi,Risiko ketidakstabilan pesisir relatif tinggi.,mangrove-priority-2016-2025-v0.1
777,163,MPR-8B1F77B772,Kelurahan Lubuk Gaung,Sungai Sembilan,Kota Dumai,20.359,P4,Perlindungan pantai dahulu,53.7,75,57,100,sedang,Risiko ketidakstabilan pesisir relatif tinggi.,mangrove-priority-2016-2025-v0.1
