overallRank,villageRank,polygonId,village,district,regency,areaHa,priorityClass,priorityLabel,priorityScore,needScore,suitabilityScore,riskScore,confidence,decisionReason,methodVersion
1,1,MPR-A365B48FFB,Paritsatuapi-Api,Bandar Laksamana,Bengkalis,0.24,P2,Regenerasi alami terbantu,71.3,64,85,36,tinggi,Kondisi biofisik relatif mendukung pemulihan vegetasi.,mangrove-priority-2016-2025-v0.1
2,2,MPR-31A12DD342,Paritsatuapi-Api,Bandar Laksamana,Bengkalis,0.22,P2,Regenerasi alami terbantu,71.3,64,85,36,tinggi,Kondisi biofisik relatif mendukung pemulihan vegetasi.,mangrove-priority-2016-2025-v0.1
3,3,MPR-CD8CCBB7C4,Paritsatuapi-Api,Bandar Laksamana,Bengkalis,0.19,P2,Regenerasi alami terbantu,71.3,64,85,36,tinggi,Kondisi biofisik relatif mendukung pemulihan vegetasi.,mangrove-priority-2016-2025-v0.1
4,4,MPR-53949EE9BF,Paritsatuapi-Api,Bandar Laksamana,Bengkalis,0.16,P2,Regenerasi alami terbantu,71.3,64,85,36,tinggi,Kondisi biofisik relatif mendukung pemulihan vegetasi.,mangrove-priority-2016-2025-v0.1
5,5,MPR-EA9E744255,Paritsatuapi-Api,Bandar Laksamana,Bengkalis,0.13,P2,Regenerasi alami terbantu,71.3,64,85,36,tinggi,Kondisi biofisik relatif mendukung pemulihan vegetasi.,mangrove-priority-2016-2025-v0.1
6,6,MPR-B7D379E2B1,Paritsatuapi-Api,Bandar Laksamana,Bengkalis,0.11,P2,Regenerasi alami terbantu,71.3,64,85,36,tinggi,Kondisi biofisik relatif mendukung pemulihan vegetasi.,mangrove-priority-2016-2025-v0.1
7,7,MPR-08CC3FD566,Paritsatuapi-Api,Bandar Laksamana,Bengkalis,0.08,P2,Regenerasi alami terbantu,71.3,64,85,36,tinggi,Kondisi biofisik relatif mendukung pemulihan vegetasi.,mangrove-priority-2016-2025-v0.1
8,8,MPR-5025D7DC9C,Paritsatuapi-Api,Bandar Laksamana,Bengkalis,0.08,P2,Regenerasi alami terbantu,71.3,64,85,36,tinggi,Kondisi biofisik relatif mendukung pemulihan vegetasi.,mangrove-priority-2016-2025-v0.1
9,9,MPR-9FEECF7549,Paritsatuapi-Api,Bandar Laksamana,Bengkalis,0.08,P2,Regenerasi alami terbantu,71.3,64,85,36,tinggi,Kondisi biofisik relatif mendukung pemulihan vegetasi.,mangrove-priority-2016-2025-v0.1
10,10,MPR-685F50F3C2,Paritsatuapi-Api,Bandar Laksamana,Bengkalis,0.05,P2,Regenerasi alami terbantu,71.3,64,85,36,tinggi,Kondisi biofisik relatif mendukung pemulihan vegetasi.,mangrove-priority-2016-2025-v0.1
11,11,MPR-EB8FA9EF60,Paritsatuapi-Api,Bandar Laksamana,Bengkalis,0.05,P2,Regenerasi alami terbantu,71.3,64,85,36,tinggi,Kondisi biofisik relatif mendukung pemulihan vegetasi.,mangrove-priority-2016-2025-v0.1
12,12,MPR-D64ED88F50,Paritsatuapi-Api,Bandar Laksamana,Bengkalis,1.47,P1,Penanaman aktif,71.2,66,83,38,tinggi,Kebutuhan dan kelayakan relatif tinggi.,mangrove-priority-2016-2025-v0.1
13,13,MPR-15FA1476C5,Paritsatuapi-Api,Bandar Laksamana,Bengkalis,0.85,P1,Penanaman aktif,71.2,65,84,37,tinggi,Kebutuhan dan kelayakan relatif tinggi.,mangrove-priority-2016-2025-v0.1
14,14,MPR-52E7451509,Paritsatuapi-Api,Bandar Laksamana,Bengkalis,0.66,P1,Penanaman aktif,71.2,65,84,37,tinggi,Kebutuhan dan kelayakan relatif tinggi.,mangrove-priority-2016-2025-v0.1
15,15,MPR-CC6E1F679C,Paritsatuapi-Api,Bandar Laksamana,Bengkalis,0.53,P1,Penanaman aktif,71.2,65,84,37,tinggi,Kebutuhan dan kelayakan relatif tinggi.,mangrove-priority-2016-2025-v0.1
16,16,MPR-25D58B89BF,Paritsatuapi-Api,Bandar Laksamana,Bengkalis,0.3,P2,Regenerasi alami terbantu,71.2,64,85,37,tinggi,Kondisi biofisik relatif mendukung pemulihan vegetasi.,mangrove-priority-2016-2025-v0.1
17,1,MPR-0EF5645844,Sukajadi,Bukit Batu,Bengkalis,0.77,P1,Penanaman aktif,71.0,65,84,38,tinggi,Kebutuhan dan kelayakan relatif tinggi.,mangrove-priority-2016-2025-v0.1
18,2,MPR-A121C608FD,Sukajadi,Bukit Batu,Bengkalis,1.75,P1,Penanaman aktif,70.8,66,83,40,tinggi,Kebutuhan dan kelayakan relatif tinggi.,mangrove-priority-2016-2025-v0.1
19,3,MPR-6C0BA99D0E,Sukajadi,Bukit Batu,Bengkalis,1.01,P1,Penanaman aktif,70.8,65,84,39,tinggi,Kebutuhan dan kelayakan relatif tinggi.,mangrove-priority-2016-2025-v0.1
20,4,MPR-303F6B7C01,Sukajadi,Bukit Batu,Bengkalis,0.98,P1,Penanaman aktif,70.8,65,84,39,tinggi,Kebutuhan dan kelayakan relatif tinggi.,mangrove-priority-2016-2025-v0.1
21,1,MPR-91CBC807A2,Muntai,Bantan,Bengkalis,0.807,P2,Regenerasi alami terbantu,70.8,63,84,35,tinggi,Kondisi biofisik relatif mendukung pemulihan vegetasi.,mangrove-priority-2016-2025-v0.1
22,2,MPR-F17874A9E2,Muntai,Bantan,Bengkalis,0.7,P2,Regenerasi alami terbantu,70.8,63,84,35,tinggi,Kondisi biofisik relatif mendukung pemulihan vegetasi.,mangrove-priority-2016-2025-v0.1
23,3,MPR-D778CA6FE9,Muntai,Bantan,Bengkalis,0.57,P2,Regenerasi alami terbantu,70.8,63,84,35,tinggi,Kondisi biofisik relatif mendukung pemulihan vegetasi.,mangrove-priority-2016-2025-v0.1
24,4,MPR-9F64AEF1D4,Muntai,Bantan,Bengkalis,0.476,P2,Regenerasi alami terbantu,70.8,63,84,35,tinggi,Kondisi biofisik relatif mendukung pemulihan vegetasi.,mangrove-priority-2016-2025-v0.1
25,5,MPR-500138AD01,Muntai,Bantan,Bengkalis,0.42,P2,Regenerasi alami terbantu,70.8,63,84,35,tinggi,Kondisi biofisik relatif mendukung pemulihan vegetasi.,mangrove-priority-2016-2025-v0.1
26,17,MPR-9711136FEB,Paritsatuapi-Api,Bandar Laksamana,Bengkalis,0.38,P2,Regenerasi alami terbantu,70.8,64,84,37,tinggi,Kondisi biofisik relatif mendukung pemulihan vegetasi.,mangrove-priority-2016-2025-v0.1
27,18,MPR-0B8C34B282,Paritsatuapi-Api,Bandar Laksamana,Bengkalis,0.36,P2,Regenerasi alami terbantu,70.8,64,84,37,tinggi,Kondisi biofisik relatif mendukung pemulihan vegetasi.,mangrove-priority-2016-2025-v0.1
28,6,MPR-63D4804CE8,Muntai,Bantan,Bengkalis,0.29,P2,Regenerasi alami terbantu,70.8,62,85,34,tinggi,Kondisi biofisik relatif mendukung pemulihan vegetasi.,mangrove-priority-2016-2025-v0.1
29,7,MPR-9031F4BA65,Muntai,Bantan,Bengkalis,0.23,P2,Regenerasi alami terbantu,70.8,62,85,34,tinggi,Kondisi biofisik relatif mendukung pemulihan vegetasi.,mangrove-priority-2016-2025-v0.1
30,8,MPR-924F9B456F,Muntai,Bantan,Bengkalis,0.19,P2,Regenerasi alami terbantu,70.8,62,85,34,tinggi,Kondisi biofisik relatif mendukung pemulihan vegetasi.,mangrove-priority-2016-2025-v0.1
31,9,MPR-74F8F147D1,Muntai,Bantan,Bengkalis,0.18,P2,Regenerasi alami terbantu,70.8,62,85,34,tinggi,Kondisi biofisik relatif mendukung pemulihan vegetasi.,mangrove-priority-2016-2025-v0.1
32,10,MPR-47C66B4720,Muntai,Bantan,Bengkalis,0.11,P2,Regenerasi alami terbantu,70.8,62,85,34,tinggi,Kondisi biofisik relatif mendukung pemulihan vegetasi.,mangrove-priority-2016-2025-v0.1
33,11,MPR-48054B006D,Muntai,Bantan,Bengkalis,0.11,P2,Regenerasi alami terbantu,70.8,62,85,34,tinggi,Kondisi biofisik relatif mendukung pemulihan vegetasi.,mangrove-priority-2016-2025-v0.1
34,12,MPR-3854934694,Muntai,Bantan,Bengkalis,0.1,P2,Regenerasi alami terbantu,70.8,62,85,34,tinggi,Kondisi biofisik relatif mendukung pemulihan vegetasi.,mangrove-priority-2016-2025-v0.1
35,13,MPR-4C6952B64C,Muntai,Bantan,Bengkalis,0.1,P2,Regenerasi alami terbantu,70.8,62,85,34,tinggi,Kondisi biofisik relatif mendukung pemulihan vegetasi.,mangrove-priority-2016-2025-v0.1
36,14,MPR-6849BDD306,Muntai,Bantan,Bengkalis,0.084,P2,Regenerasi alami terbantu,70.8,62,85,34,tinggi,Kondisi biofisik relatif mendukung pemulihan vegetasi.,mangrove-priority-2016-2025-v0.1
37,19,MPR-306FDACEAD,Paritsatuapi-Api,Bandar Laksamana,Bengkalis,1.18,P1,Penanaman aktif,70.7,65,83,38,tinggi,Kebutuhan dan kelayakan relatif tinggi.,mangrove-priority-2016-2025-v0.1
38,15,MPR-5C6258A412,Muntai,Bantan,Bengkalis,0.341,P2,Regenerasi alami terbantu,70.7,62,85,35,tinggi,Kondisi biofisik relatif mendukung pemulihan vegetasi.,mangrove-priority-2016-2025-v0.1
39,16,MPR-BA43C57090,Muntai,Bantan,Bengkalis,2.21,P1,Penanaman aktif,70.6,65,82,37,tinggi,Kebutuhan dan kelayakan relatif tinggi.,mangrove-priority-2016-2025-v0.1
40,5,MPR-97B08BDF16,Sukajadi,Bukit Batu,Bengkalis,0.37,P2,Regenerasi alami terbantu,70.6,64,84,38,tinggi,Kondisi biofisik relatif mendukung pemulihan vegetasi.,mangrove-priority-2016-2025-v0.1
41,1,MPR-7A589F183F,Prapat Tunggal,Bengkalis,Bengkalis,0.05,P2,Regenerasi alami terbantu,70.6,64,84,38,tinggi,Kondisi biofisik relatif mendukung pemulihan vegetasi.,mangrove-priority-2016-2025-v0.1
42,2,MPR-E6B03DD15B,Prapat Tunggal,Bengkalis,Bengkalis,0.73,P1,Penanaman aktif,70.5,65,83,39,tinggi,Kebutuhan dan kelayakan relatif tinggi.,mangrove-priority-2016-2025-v0.1
43,1,MPR-3CF3274B4C,Bantan Air,Bantan,Bengkalis,0.25,P2,Regenerasi alami terbantu,70.5,59,85,29,tinggi,Kondisi biofisik relatif mendukung pemulihan vegetasi.,mangrove-priority-2016-2025-v0.1
44,2,MPR-6DA6848FCC,Bantan Air,Bantan,Bengkalis,0.22,P2,Regenerasi alami terbantu,70.5,59,85,29,tinggi,Kondisi biofisik relatif mendukung pemulihan vegetasi.,mangrove-priority-2016-2025-v0.1
45,3,MPR-5DA0A55073,Bantan Air,Bantan,Bengkalis,0.153,P2,Regenerasi alami terbantu,70.5,59,85,29,tinggi,Kondisi biofisik relatif mendukung pemulihan vegetasi.,mangrove-priority-2016-2025-v0.1
46,4,MPR-92D91D9BFA,Bantan Air,Bantan,Bengkalis,0.15,P2,Regenerasi alami terbantu,70.5,59,85,29,tinggi,Kondisi biofisik relatif mendukung pemulihan vegetasi.,mangrove-priority-2016-2025-v0.1
47,5,MPR-A1217D1FA5,Bantan Air,Bantan,Bengkalis,0.15,P2,Regenerasi alami terbantu,70.5,59,85,29,tinggi,Kondisi biofisik relatif mendukung pemulihan vegetasi.,mangrove-priority-2016-2025-v0.1
48,6,MPR-0446BB416A,Bantan Air,Bantan,Bengkalis,0.13,P2,Regenerasi alami terbantu,70.5,59,85,29,tinggi,Kondisi biofisik relatif mendukung pemulihan vegetasi.,mangrove-priority-2016-2025-v0.1
49,7,MPR-EDAAED323D,Bantan Air,Bantan,Bengkalis,0.12,P2,Regenerasi alami terbantu,70.5,59,85,29,tinggi,Kondisi biofisik relatif mendukung pemulihan vegetasi.,mangrove-priority-2016-2025-v0.1
50,8,MPR-76E1D4E910,Bantan Air,Bantan,Bengkalis,0.11,P2,Regenerasi alami terbantu,70.5,59,85,29,tinggi,Kondisi biofisik relatif mendukung pemulihan vegetasi.,mangrove-priority-2016-2025-v0.1
51,9,MPR-897CC0D167,Bantan Air,Bantan,Bengkalis,0.11,P2,Regenerasi alami terbantu,70.5,59,85,29,tinggi,Kondisi biofisik relatif mendukung pemulihan vegetasi.,mangrove-priority-2016-2025-v0.1
52,10,MPR-9BA485C0F6,Bantan Air,Bantan,Bengkalis,0.11,P2,Regenerasi alami terbantu,70.5,59,85,29,tinggi,Kondisi biofisik relatif mendukung pemulihan vegetasi.,mangrove-priority-2016-2025-v0.1
53,11,MPR-02747627CE,Bantan Air,Bantan,Bengkalis,0.107,P2,Regenerasi alami terbantu,70.5,59,85,29,tinggi,Kondisi biofisik relatif mendukung pemulihan vegetasi.,mangrove-priority-2016-2025-v0.1
54,12,MPR-F030D55848,Bantan Air,Bantan,Bengkalis,0.1,P2,Regenerasi alami terbantu,70.5,59,85,29,tinggi,Kondisi biofisik relatif mendukung pemulihan vegetasi.,mangrove-priority-2016-2025-v0.1
55,13,MPR-CF0BF30203,Bantan Air,Bantan,Bengkalis,0.076,P2,Regenerasi alami terbantu,70.5,59,85,29,tinggi,Kondisi biofisik relatif mendukung pemulihan vegetasi.,mangrove-priority-2016-2025-v0.1
56,14,MPR-35C96BABBF,Bantan Air,Bantan,Bengkalis,0.066,P2,Regenerasi alami terbantu,70.5,59,85,29,tinggi,Kondisi biofisik relatif mendukung pemulihan vegetasi.,mangrove-priority-2016-2025-v0.1
57,1,MPR-E33D0601EA,Bantan Timur,Bantan,Bengkalis,0.47,P2,Regenerasi alami terbantu,70.4,60,84,30,tinggi,Kondisi biofisik relatif mendukung pemulihan vegetasi.,mangrove-priority-2016-2025-v0.1
58,3,MPR-AA9A1CDA3E,Prapat Tunggal,Bengkalis,Bengkalis,0.32,P2,Regenerasi alami terbantu,70.4,64,84,39,tinggi,Kondisi biofisik relatif mendukung pemulihan vegetasi.,mangrove-priority-2016-2025-v0.1
59,2,MPR-928FF770AE,Bantan Timur,Bantan,Bengkalis,1.26,P2,Regenerasi alami terbantu,70.3,61,83,31,tinggi,Kondisi biofisik relatif mendukung pemulihan vegetasi.,mangrove-priority-2016-2025-v0.1
60,1,MPR-7A11C93E01,Telukpapal,Bantan,Bengkalis,0.53,P2,Regenerasi alami terbantu,70.3,63,84,37,tinggi,Kondisi biofisik relatif mendukung pemulihan vegetasi.,mangrove-priority-2016-2025-v0.1
61,2,MPR-0933E1A116,Telukpapal,Bantan,Bengkalis,0.42,P2,Regenerasi alami terbantu,70.3,63,84,37,tinggi,Kondisi biofisik relatif mendukung pemulihan vegetasi.,mangrove-priority-2016-2025-v0.1
62,3,MPR-B419E1068C,Telukpapal,Bantan,Bengkalis,0.42,P2,Regenerasi alami terbantu,70.3,63,84,37,tinggi,Kondisi biofisik relatif mendukung pemulihan vegetasi.,mangrove-priority-2016-2025-v0.1
63,3,MPR-D3E05D51E3,Bantan Timur,Bantan,Bengkalis,0.35,P2,Regenerasi alami terbantu,70.3,59,85,30,tinggi,Kondisi biofisik relatif mendukung pemulihan vegetasi.,mangrove-priority-2016-2025-v0.1
64,15,MPR-0771FE1460,Bantan Air,Bantan,Bengkalis,0.33,P2,Regenerasi alami terbantu,70.3,59,85,30,tinggi,Kondisi biofisik relatif mendukung pemulihan vegetasi.,mangrove-priority-2016-2025-v0.1
65,16,MPR-D504DE2994,Bantan Air,Bantan,Bengkalis,0.32,P2,Regenerasi alami terbantu,70.3,59,85,30,tinggi,Kondisi biofisik relatif mendukung pemulihan vegetasi.,mangrove-priority-2016-2025-v0.1
66,17,MPR-7B11E930BB,Bantan Air,Bantan,Bengkalis,0.31,P2,Regenerasi alami terbantu,70.3,59,85,30,tinggi,Kondisi biofisik relatif mendukung pemulihan vegetasi.,mangrove-priority-2016-2025-v0.1
67,4,MPR-3A0243F2D5,Bantan Timur,Bantan,Bengkalis,0.25,P2,Regenerasi alami terbantu,70.3,59,85,30,tinggi,Kondisi biofisik relatif mendukung pemulihan vegetasi.,mangrove-priority-2016-2025-v0.1
68,5,MPR-DA0946C96B,Bantan Timur,Bantan,Bengkalis,0.23,P2,Regenerasi alami terbantu,70.3,59,85,30,tinggi,Kondisi biofisik relatif mendukung pemulihan vegetasi.,mangrove-priority-2016-2025-v0.1
69,6,MPR-682C1AA87B,Bantan Timur,Bantan,Bengkalis,0.17,P2,Regenerasi alami terbantu,70.3,59,85,30,tinggi,Kondisi biofisik relatif mendukung pemulihan vegetasi.,mangrove-priority-2016-2025-v0.1
70,7,MPR-2251D93368,Bantan Timur,Bantan,Bengkalis,0.13,P2,Regenerasi alami terbantu,70.3,59,85,30,tinggi,Kondisi biofisik relatif mendukung pemulihan vegetasi.,mangrove-priority-2016-2025-v0.1
71,8,MPR-B240C77401,Bantan Timur,Bantan,Bengkalis,0.12,P2,Regenerasi alami terbantu,70.3,59,85,30,tinggi,Kondisi biofisik relatif mendukung pemulihan vegetasi.,mangrove-priority-2016-2025-v0.1
72,9,MPR-ED68F2D4B9,Bantan Timur,Bantan,Bengkalis,0.11,P2,Regenerasi alami terbantu,70.3,59,85,30,tinggi,Kondisi biofisik relatif mendukung pemulihan vegetasi.,mangrove-priority-2016-2025-v0.1
73,10,MPR-FA4F01D9FF,Bantan Timur,Bantan,Bengkalis,0.11,P2,Regenerasi alami terbantu,70.3,59,85,30,tinggi,Kondisi biofisik relatif mendukung pemulihan vegetasi.,mangrove-priority-2016-2025-v0.1
74,11,MPR-327693AFD3,Bantan Timur,Bantan,Bengkalis,0.1,P2,Regenerasi alami terbantu,70.3,59,85,30,tinggi,Kondisi biofisik relatif mendukung pemulihan vegetasi.,mangrove-priority-2016-2025-v0.1
75,12,MPR-1C52380F44,Bantan Timur,Bantan,Bengkalis,0.08,P2,Regenerasi alami terbantu,70.3,59,85,30,tinggi,Kondisi biofisik relatif mendukung pemulihan vegetasi.,mangrove-priority-2016-2025-v0.1
76,13,MPR-8A889159D5,Bantan Timur,Bantan,Bengkalis,0.08,P2,Regenerasi alami terbantu,70.3,59,85,30,tinggi,Kondisi biofisik relatif mendukung pemulihan vegetasi.,mangrove-priority-2016-2025-v0.1
77,14,MPR-15C7ACAAAF,Bantan Timur,Bantan,Bengkalis,0.05,P2,Regenerasi alami terbantu,70.3,59,85,30,tinggi,Kondisi biofisik relatif mendukung pemulihan vegetasi.,mangrove-priority-2016-2025-v0.1
78,15,MPR-7AAC93C854,Bantan Timur,Bantan,Bengkalis,0.05,P2,Regenerasi alami terbantu,70.3,59,85,30,tinggi,Kondisi biofisik relatif mendukung pemulihan vegetasi.,mangrove-priority-2016-2025-v0.1
79,17,MPR-5A034A475F,Muntai,Bantan,Bengkalis,3.851,P1,Penanaman aktif,70.2,67,80,40,tinggi,Kebutuhan dan kelayakan relatif tinggi.,mangrove-priority-2016-2025-v0.1
80,6,MPR-F4736A46AD,Sukajadi,Bukit Batu,Bengkalis,3.23,P1,Penanaman aktif,70.2,68,80,42,tinggi,Kebutuhan dan kelayakan relatif tinggi.,mangrove-priority-2016-2025-v0.1
81,18,MPR-625C2AEA75,Muntai,Bantan,Bengkalis,3.17,P1,Penanaman aktif,70.2,66,81,39,tinggi,Kebutuhan dan kelayakan relatif tinggi.,mangrove-priority-2016-2025-v0.1
82,19,MPR-69464EC8C8,Muntai,Bantan,Bengkalis,3.15,P1,Penanaman aktif,70.2,66,81,39,tinggi,Kebutuhan dan kelayakan relatif tinggi.,mangrove-priority-2016-2025-v0.1
83,4,MPR-D1E60C8C3A,Prapat Tunggal,Bengkalis,Bengkalis,1.56,P1,Penanaman aktif,70.2,66,82,41,tinggi,Kebutuhan dan kelayakan relatif tinggi.,mangrove-priority-2016-2025-v0.1
84,20,MPR-890CE0CE84,Muntai,Bantan,Bengkalis,1.12,P2,Regenerasi alami terbantu,70.2,63,83,36,tinggi,Kondisi biofisik relatif mendukung pemulihan vegetasi.,mangrove-priority-2016-2025-v0.1
85,16,MPR-F3E9E5646A,Bantan Timur,Bantan,Bengkalis,1.04,P2,Regenerasi alami terbantu,70.2,60,84,31,tinggi,Kondisi biofisik relatif mendukung pemulihan vegetasi.,mangrove-priority-2016-2025-v0.1
86,17,MPR-DA91A127F1,Bantan Timur,Bantan,Bengkalis,0.89,P2,Regenerasi alami terbantu,70.2,60,84,31,tinggi,Kondisi biofisik relatif mendukung pemulihan vegetasi.,mangrove-priority-2016-2025-v0.1
87,18,MPR-80C89D0630,Bantan Timur,Bantan,Bengkalis,0.84,P2,Regenerasi alami terbantu,70.2,60,84,31,tinggi,Kondisi biofisik relatif mendukung pemulihan vegetasi.,mangrove-priority-2016-2025-v0.1
88,4,MPR-762B4E6BD0,Telukpapal,Bantan,Bengkalis,0.83,P2,Regenerasi alami terbantu,70.2,63,84,38,tinggi,Kondisi biofisik relatif mendukung pemulihan vegetasi.,mangrove-priority-2016-2025-v0.1
89,5,MPR-E5704DB1E6,Telukpapal,Bantan,Bengkalis,0.79,P2,Regenerasi alami terbantu,70.2,63,84,38,tinggi,Kondisi biofisik relatif mendukung pemulihan vegetasi.,mangrove-priority-2016-2025-v0.1
90,19,MPR-8B44FFE772,Bantan Timur,Bantan,Bengkalis,0.78,P2,Regenerasi alami terbantu,70.2,60,84,31,tinggi,Kondisi biofisik relatif mendukung pemulihan vegetasi.,mangrove-priority-2016-2025-v0.1
91,6,MPR-C02FE49047,Telukpapal,Bantan,Bengkalis,0.706,P2,Regenerasi alami terbantu,70.2,63,84,38,tinggi,Kondisi biofisik relatif mendukung pemulihan vegetasi.,mangrove-priority-2016-2025-v0.1
92,20,MPR-29C95B27C9,Bantan Timur,Bantan,Bengkalis,0.681,P2,Regenerasi alami terbantu,70.2,60,84,31,tinggi,Kondisi biofisik relatif mendukung pemulihan vegetasi.,mangrove-priority-2016-2025-v0.1
93,1,MPR-D0CF8DA139,Teluklatak,Bengkalis,Bengkalis,0.66,P2,Regenerasi alami terbantu,70.2,61,84,33,tinggi,Kondisi biofisik relatif mendukung pemulihan vegetasi.,mangrove-priority-2016-2025-v0.1
94,7,MPR-52F7AB7B89,Telukpapal,Bantan,Bengkalis,0.64,P2,Regenerasi alami terbantu,70.2,63,84,38,tinggi,Kondisi biofisik relatif mendukung pemulihan vegetasi.,mangrove-priority-2016-2025-v0.1
95,2,MPR-9B942D53BC,Teluklatak,Bengkalis,Bengkalis,0.64,P2,Regenerasi alami terbantu,70.2,61,84,33,tinggi,Kondisi biofisik relatif mendukung pemulihan vegetasi.,mangrove-priority-2016-2025-v0.1
96,3,MPR-E78DB5BFE9,Teluklatak,Bengkalis,Bengkalis,0.64,P2,Regenerasi alami terbantu,70.2,61,84,33,tinggi,Kondisi biofisik relatif mendukung pemulihan vegetasi.,mangrove-priority-2016-2025-v0.1
97,4,MPR-DB654FB704,Teluklatak,Bengkalis,Bengkalis,0.46,P2,Regenerasi alami terbantu,70.2,61,84,33,tinggi,Kondisi biofisik relatif mendukung pemulihan vegetasi.,mangrove-priority-2016-2025-v0.1
98,8,MPR-145E27ADEF,Telukpapal,Bantan,Bengkalis,0.34,P2,Regenerasi alami terbantu,70.2,62,85,37,tinggi,Kondisi biofisik relatif mendukung pemulihan vegetasi.,mangrove-priority-2016-2025-v0.1
99,9,MPR-68B0765A2E,Telukpapal,Bantan,Bengkalis,0.34,P2,Regenerasi alami terbantu,70.2,62,85,37,tinggi,Kondisi biofisik relatif mendukung pemulihan vegetasi.,mangrove-priority-2016-2025-v0.1
100,5,MPR-E1138C7826,Teluklatak,Bengkalis,Bengkalis,0.34,P2,Regenerasi alami terbantu,70.2,60,85,33,tinggi,Kondisi biofisik relatif mendukung pemulihan vegetasi.,mangrove-priority-2016-2025-v0.1
101,10,MPR-F75DE9F814,Telukpapal,Bantan,Bengkalis,0.32,P2,Regenerasi alami terbantu,70.2,62,85,37,tinggi,Kondisi biofisik relatif mendukung pemulihan vegetasi.,mangrove-priority-2016-2025-v0.1
102,6,MPR-F0AABEE295,Teluklatak,Bengkalis,Bengkalis,0.275,P2,Regenerasi alami terbantu,70.2,60,85,33,tinggi,Kondisi biofisik relatif mendukung pemulihan vegetasi.,mangrove-priority-2016-2025-v0.1
103,11,MPR-EAB1679CF0,Telukpapal,Bantan,Bengkalis,0.258,P2,Regenerasi alami terbantu,70.2,62,85,37,tinggi,Kondisi biofisik relatif mendukung pemulihan vegetasi.,mangrove-priority-2016-2025-v0.1
104,12,MPR-00D4B81100,Telukpapal,Bantan,Bengkalis,0.226,P2,Regenerasi alami terbantu,70.2,62,85,37,tinggi,Kondisi biofisik relatif mendukung pemulihan vegetasi.,mangrove-priority-2016-2025-v0.1
105,7,MPR-EC7997990C,Teluklatak,Bengkalis,Bengkalis,0.22,P2,Regenerasi alami terbantu,70.2,60,85,33,tinggi,Kondisi biofisik relatif mendukung pemulihan vegetasi.,mangrove-priority-2016-2025-v0.1
106,13,MPR-6A074505AC,Telukpapal,Bantan,Bengkalis,0.21,P2,Regenerasi alami terbantu,70.2,62,85,37,tinggi,Kondisi biofisik relatif mendukung pemulihan vegetasi.,mangrove-priority-2016-2025-v0.1
107,8,MPR-8D5A674BC0,Teluklatak,Bengkalis,Bengkalis,0.2,P2,Regenerasi alami terbantu,70.2,60,85,33,tinggi,Kondisi biofisik relatif mendukung pemulihan vegetasi.,mangrove-priority-2016-2025-v0.1
108,9,MPR-27A3FA945A,Teluklatak,Bengkalis,Bengkalis,0.18,P2,Regenerasi alami terbantu,70.2,60,85,33,tinggi,Kondisi biofisik relatif mendukung pemulihan vegetasi.,mangrove-priority-2016-2025-v0.1
109,14,MPR-2FDE373252,Telukpapal,Bantan,Bengkalis,0.18,P2,Regenerasi alami terbantu,70.2,62,85,37,tinggi,Kondisi biofisik relatif mendukung pemulihan vegetasi.,mangrove-priority-2016-2025-v0.1
110,10,MPR-9BD641ACEE,Teluklatak,Bengkalis,Bengkalis,0.16,P2,Regenerasi alami terbantu,70.2,60,85,33,tinggi,Kondisi biofisik relatif mendukung pemulihan vegetasi.,mangrove-priority-2016-2025-v0.1
111,11,MPR-AC657F29B0,Teluklatak,Bengkalis,Bengkalis,0.16,P2,Regenerasi alami terbantu,70.2,60,85,33,tinggi,Kondisi biofisik relatif mendukung pemulihan vegetasi.,mangrove-priority-2016-2025-v0.1
112,15,MPR-2F6FBA26D7,Telukpapal,Bantan,Bengkalis,0.14,P2,Regenerasi alami terbantu,70.2,62,85,37,tinggi,Kondisi biofisik relatif mendukung pemulihan vegetasi.,mangrove-priority-2016-2025-v0.1
113,12,MPR-67EA247084,Teluklatak,Bengkalis,Bengkalis,0.14,P2,Regenerasi alami terbantu,70.2,60,85,33,tinggi,Kondisi biofisik relatif mendukung pemulihan vegetasi.,mangrove-priority-2016-2025-v0.1
114,16,MPR-6EA78638FD,Telukpapal,Bantan,Bengkalis,0.14,P2,Regenerasi alami terbantu,70.2,62,85,37,tinggi,Kondisi biofisik relatif mendukung pemulihan vegetasi.,mangrove-priority-2016-2025-v0.1
115,17,MPR-99DD235767,Telukpapal,Bantan,Bengkalis,0.14,P2,Regenerasi alami terbantu,70.2,62,85,37,tinggi,Kondisi biofisik relatif mendukung pemulihan vegetasi.,mangrove-priority-2016-2025-v0.1
116,18,MPR-572576730C,Telukpapal,Bantan,Bengkalis,0.13,P2,Regenerasi alami terbantu,70.2,62,85,37,tinggi,Kondisi biofisik relatif mendukung pemulihan vegetasi.,mangrove-priority-2016-2025-v0.1
117,19,MPR-2AAE7C360C,Telukpapal,Bantan,Bengkalis,0.12,P2,Regenerasi alami terbantu,70.2,62,85,37,tinggi,Kondisi biofisik relatif mendukung pemulihan vegetasi.,mangrove-priority-2016-2025-v0.1
118,20,MPR-9EDC8AE04D,Telukpapal,Bantan,Bengkalis,0.12,P2,Regenerasi alami terbantu,70.2,62,85,37,tinggi,Kondisi biofisik relatif mendukung pemulihan vegetasi.,mangrove-priority-2016-2025-v0.1
119,13,MPR-9F0D786311,Teluklatak,Bengkalis,Bengkalis,0.11,P2,Regenerasi alami terbantu,70.2,60,85,33,tinggi,Kondisi biofisik relatif mendukung pemulihan vegetasi.,mangrove-priority-2016-2025-v0.1
120,21,MPR-A0544C5AAA,Telukpapal,Bantan,Bengkalis,0.11,P2,Regenerasi alami terbantu,70.2,62,85,37,tinggi,Kondisi biofisik relatif mendukung pemulihan vegetasi.,mangrove-priority-2016-2025-v0.1
121,14,MPR-B5115D2250,Teluklatak,Bengkalis,Bengkalis,0.11,P2,Regenerasi alami terbantu,70.2,60,85,33,tinggi,Kondisi biofisik relatif mendukung pemulihan vegetasi.,mangrove-priority-2016-2025-v0.1
122,22,MPR-E3237CB109,Telukpapal,Bantan,Bengkalis,0.11,P2,Regenerasi alami terbantu,70.2,62,85,37,tinggi,Kondisi biofisik relatif mendukung pemulihan vegetasi.,mangrove-priority-2016-2025-v0.1
123,23,MPR-EAA180DC2B,Telukpapal,Bantan,Bengkalis,0.11,P2,Regenerasi alami terbantu,70.2,62,85,37,tinggi,Kondisi biofisik relatif mendukung pemulihan vegetasi.,mangrove-priority-2016-2025-v0.1
124,24,MPR-FE4FFBFA7C,Telukpapal,Bantan,Bengkalis,0.11,P2,Regenerasi alami terbantu,70.2,62,85,37,tinggi,Kondisi biofisik relatif mendukung pemulihan vegetasi.,mangrove-priority-2016-2025-v0.1
125,15,MPR-40F6736520,Teluklatak,Bengkalis,Bengkalis,0.1,P2,Regenerasi alami terbantu,70.2,60,85,33,tinggi,Kondisi biofisik relatif mendukung pemulihan vegetasi.,mangrove-priority-2016-2025-v0.1
126,16,MPR-702C493512,Teluklatak,Bengkalis,Bengkalis,0.1,P2,Regenerasi alami terbantu,70.2,60,85,33,tinggi,Kondisi biofisik relatif mendukung pemulihan vegetasi.,mangrove-priority-2016-2025-v0.1
127,25,MPR-88E9AB5724,Telukpapal,Bantan,Bengkalis,0.1,P2,Regenerasi alami terbantu,70.2,62,85,37,tinggi,Kondisi biofisik relatif mendukung pemulihan vegetasi.,mangrove-priority-2016-2025-v0.1
128,17,MPR-A2A93BB731,Teluklatak,Bengkalis,Bengkalis,0.1,P2,Regenerasi alami terbantu,70.2,60,85,33,tinggi,Kondisi biofisik relatif mendukung pemulihan vegetasi.,mangrove-priority-2016-2025-v0.1
129,26,MPR-07384007B9,Telukpapal,Bantan,Bengkalis,0.08,P2,Regenerasi alami terbantu,70.2,62,85,37,tinggi,Kondisi biofisik relatif mendukung pemulihan vegetasi.,mangrove-priority-2016-2025-v0.1
130,27,MPR-1851B8190D,Telukpapal,Bantan,Bengkalis,0.08,P2,Regenerasi alami terbantu,70.2,62,85,37,tinggi,Kondisi biofisik relatif mendukung pemulihan vegetasi.,mangrove-priority-2016-2025-v0.1
131,18,MPR-DBD32CC6A3,Teluklatak,Bengkalis,Bengkalis,0.08,P2,Regenerasi alami terbantu,70.2,60,85,33,tinggi,Kondisi biofisik relatif mendukung pemulihan vegetasi.,mangrove-priority-2016-2025-v0.1
132,28,MPR-E2B64D4E81,Telukpapal,Bantan,Bengkalis,0.08,P2,Regenerasi alami terbantu,70.2,62,85,37,tinggi,Kondisi biofisik relatif mendukung pemulihan vegetasi.,mangrove-priority-2016-2025-v0.1
133,19,MPR-E480BD0CD0,Teluklatak,Bengkalis,Bengkalis,0.076,P2,Regenerasi alami terbantu,70.2,60,85,33,tinggi,Kondisi biofisik relatif mendukung pemulihan vegetasi.,mangrove-priority-2016-2025-v0.1
134,29,MPR-2FEA6320E2,Telukpapal,Bantan,Bengkalis,0.05,P2,Regenerasi alami terbantu,70.2,62,85,37,tinggi,Kondisi biofisik relatif mendukung pemulihan vegetasi.,mangrove-priority-2016-2025-v0.1
135,30,MPR-C726E25416,Telukpapal,Bantan,Bengkalis,0.05,P2,Regenerasi alami terbantu,70.2,62,85,37,tinggi,Kondisi biofisik relatif mendukung pemulihan vegetasi.,mangrove-priority-2016-2025-v0.1
136,31,MPR-D59CABA824,Telukpapal,Bantan,Bengkalis,0.05,P2,Regenerasi alami terbantu,70.2,62,85,37,tinggi,Kondisi biofisik relatif mendukung pemulihan vegetasi.,mangrove-priority-2016-2025-v0.1
137,5,MPR-7A131FCE9D,Prapat Tunggal,Bengkalis,Bengkalis,2.49,P1,Penanaman aktif,70.1,67,81,42,tinggi,Kebutuhan dan kelayakan relatif tinggi.,mangrove-priority-2016-2025-v0.1
138,32,MPR-30141C7925,Telukpapal,Bantan,Bengkalis,2.153,P1,Penanaman aktif,70.0,65,82,40,tinggi,Kebutuhan dan kelayakan relatif tinggi.,mangrove-priority-2016-2025-v0.1
139,33,MPR-FF8CFCBB1E,Telukpapal,Bantan,Bengkalis,1.77,P2,Regenerasi alami terbantu,70.0,64,83,39,tinggi,Kondisi biofisik relatif mendukung pemulihan vegetasi.,mangrove-priority-2016-2025-v0.1
140,34,MPR-637674FED5,Telukpapal,Bantan,Bengkalis,1.676,P2,Regenerasi alami terbantu,70.0,64,83,39,tinggi,Kondisi biofisik relatif mendukung pemulihan vegetasi.,mangrove-priority-2016-2025-v0.1
141,1,MPR-125C3B418E,Telukrhu,Rupat Utara,Bengkalis,0.86,P2,Regenerasi alami terbantu,70.0,59,84,30,tinggi,Kondisi biofisik relatif mendukung pemulihan vegetasi.,mangrove-priority-2016-2025-v0.1
142,2,MPR-C46CD19C37,Telukrhu,Rupat Utara,Bengkalis,0.771,P2,Regenerasi alami terbantu,70.0,59,84,30,tinggi,Kondisi biofisik relatif mendukung pemulihan vegetasi.,mangrove-priority-2016-2025-v0.1
143,3,MPR-B6D88F6032,Telukrhu,Rupat Utara,Bengkalis,0.729,P2,Regenerasi alami terbantu,70.0,59,84,30,tinggi,Kondisi biofisik relatif mendukung pemulihan vegetasi.,mangrove-priority-2016-2025-v0.1
144,4,MPR-E679242966,Telukrhu,Rupat Utara,Bengkalis,0.72,P2,Regenerasi alami terbantu,70.0,59,84,30,tinggi,Kondisi biofisik relatif mendukung pemulihan vegetasi.,mangrove-priority-2016-2025-v0.1
145,5,MPR-D410842C96,Telukrhu,Rupat Utara,Bengkalis,0.686,P2,Regenerasi alami terbantu,70.0,59,84,30,tinggi,Kondisi biofisik relatif mendukung pemulihan vegetasi.,mangrove-priority-2016-2025-v0.1
146,6,MPR-F4F1F81B39,Telukrhu,Rupat Utara,Bengkalis,0.65,P2,Regenerasi alami terbantu,70.0,59,84,30,tinggi,Kondisi biofisik relatif mendukung pemulihan vegetasi.,mangrove-priority-2016-2025-v0.1
147,7,MPR-586CDA4571,Telukrhu,Rupat Utara,Bengkalis,0.617,P2,Regenerasi alami terbantu,70.0,59,84,30,tinggi,Kondisi biofisik relatif mendukung pemulihan vegetasi.,mangrove-priority-2016-2025-v0.1
148,1,MPR-2EB97DDB3F,Penampi,Bengkalis,Bengkalis,0.6,P2,Regenerasi alami terbantu,70.0,59,84,30,tinggi,Kondisi biofisik relatif mendukung pemulihan vegetasi.,mangrove-priority-2016-2025-v0.1
149,8,MPR-FBDFB8AC2B,Telukrhu,Rupat Utara,Bengkalis,0.54,P2,Regenerasi alami terbantu,70.0,59,84,30,tinggi,Kondisi biofisik relatif mendukung pemulihan vegetasi.,mangrove-priority-2016-2025-v0.1
150,2,MPR-FBE1D2A011,Penampi,Bengkalis,Bengkalis,0.53,P2,Regenerasi alami terbantu,70.0,59,84,30,tinggi,Kondisi biofisik relatif mendukung pemulihan vegetasi.,mangrove-priority-2016-2025-v0.1
151,1,MPR-63C66AAC07,Pampang Baru,Bantan,Bengkalis,0.529,P2,Regenerasi alami terbantu,70.0,59,84,30,tinggi,Kondisi biofisik relatif mendukung pemulihan vegetasi.,mangrove-priority-2016-2025-v0.1
152,9,MPR-0746F629B4,Telukrhu,Rupat Utara,Bengkalis,0.504,P2,Regenerasi alami terbantu,70.0,59,84,30,tinggi,Kondisi biofisik relatif mendukung pemulihan vegetasi.,mangrove-priority-2016-2025-v0.1
153,2,MPR-53A5FAD987,Pampang Baru,Bantan,Bengkalis,0.33,P2,Regenerasi alami terbantu,70.0,58,85,29,tinggi,Kondisi biofisik relatif mendukung pemulihan vegetasi.,mangrove-priority-2016-2025-v0.1
154,10,MPR-C7F1D94148,Telukrhu,Rupat Utara,Bengkalis,0.281,P2,Regenerasi alami terbantu,70.0,58,85,29,tinggi,Kondisi biofisik relatif mendukung pemulihan vegetasi.,mangrove-priority-2016-2025-v0.1
155,11,MPR-5F85FBB970,Telukrhu,Rupat Utara,Bengkalis,0.28,P2,Regenerasi alami terbantu,70.0,58,85,29,tinggi,Kondisi biofisik relatif mendukung pemulihan vegetasi.,mangrove-priority-2016-2025-v0.1
156,12,MPR-74301431B6,Telukrhu,Rupat Utara,Bengkalis,0.27,P2,Regenerasi alami terbantu,70.0,58,85,29,tinggi,Kondisi biofisik relatif mendukung pemulihan vegetasi.,mangrove-priority-2016-2025-v0.1
157,13,MPR-A3B0F3FE94,Telukrhu,Rupat Utara,Bengkalis,0.23,P2,Regenerasi alami terbantu,70.0,58,85,29,tinggi,Kondisi biofisik relatif mendukung pemulihan vegetasi.,mangrove-priority-2016-2025-v0.1
158,14,MPR-FB1DFE219C,Telukrhu,Rupat Utara,Bengkalis,0.22,P2,Regenerasi alami terbantu,70.0,58,85,29,tinggi,Kondisi biofisik relatif mendukung pemulihan vegetasi.,mangrove-priority-2016-2025-v0.1
159,15,MPR-C789962D61,Telukrhu,Rupat Utara,Bengkalis,0.21,P2,Regenerasi alami terbantu,70.0,58,85,29,tinggi,Kondisi biofisik relatif mendukung pemulihan vegetasi.,mangrove-priority-2016-2025-v0.1
160,3,MPR-D387B9D42A,Pampang Baru,Bantan,Bengkalis,0.2,P2,Regenerasi alami terbantu,70.0,58,85,29,tinggi,Kondisi biofisik relatif mendukung pemulihan vegetasi.,mangrove-priority-2016-2025-v0.1
161,4,MPR-5C3B12E621,Pampang Baru,Bantan,Bengkalis,0.19,P2,Regenerasi alami terbantu,70.0,58,85,29,tinggi,Kondisi biofisik relatif mendukung pemulihan vegetasi.,mangrove-priority-2016-2025-v0.1
162,16,MPR-24E61A6DB5,Telukrhu,Rupat Utara,Bengkalis,0.188,P2,Regenerasi alami terbantu,70.0,58,85,29,tinggi,Kondisi biofisik relatif mendukung pemulihan vegetasi.,mangrove-priority-2016-2025-v0.1
163,17,MPR-B40F5B4EAC,Telukrhu,Rupat Utara,Bengkalis,0.187,P2,Regenerasi alami terbantu,70.0,58,85,29,tinggi,Kondisi biofisik relatif mendukung pemulihan vegetasi.,mangrove-priority-2016-2025-v0.1
164,18,MPR-FBC92D3496,Telukrhu,Rupat Utara,Bengkalis,0.151,P2,Regenerasi alami terbantu,70.0,58,85,29,tinggi,Kondisi biofisik relatif mendukung pemulihan vegetasi.,mangrove-priority-2016-2025-v0.1
165,19,MPR-4900B640E3,Telukrhu,Rupat Utara,Bengkalis,0.15,P2,Regenerasi alami terbantu,70.0,58,85,29,tinggi,Kondisi biofisik relatif mendukung pemulihan vegetasi.,mangrove-priority-2016-2025-v0.1
166,20,MPR-97E332F42D,Telukrhu,Rupat Utara,Bengkalis,0.149,P2,Regenerasi alami terbantu,70.0,58,85,29,tinggi,Kondisi biofisik relatif mendukung pemulihan vegetasi.,mangrove-priority-2016-2025-v0.1
167,21,MPR-1FE7755463,Telukrhu,Rupat Utara,Bengkalis,0.148,P2,Regenerasi alami terbantu,70.0,58,85,29,tinggi,Kondisi biofisik relatif mendukung pemulihan vegetasi.,mangrove-priority-2016-2025-v0.1
168,22,MPR-5082DB4D4F,Telukrhu,Rupat Utara,Bengkalis,0.14,P2,Regenerasi alami terbantu,70.0,58,85,29,tinggi,Kondisi biofisik relatif mendukung pemulihan vegetasi.,mangrove-priority-2016-2025-v0.1
169,5,MPR-2C15383103,Pampang Baru,Bantan,Bengkalis,0.12,P2,Regenerasi alami terbantu,70.0,58,85,29,tinggi,Kondisi biofisik relatif mendukung pemulihan vegetasi.,mangrove-priority-2016-2025-v0.1
170,23,MPR-EC7239A965,Telukrhu,Rupat Utara,Bengkalis,0.119,P2,Regenerasi alami terbantu,70.0,58,85,29,tinggi,Kondisi biofisik relatif mendukung pemulihan vegetasi.,mangrove-priority-2016-2025-v0.1
171,24,MPR-0C37B907A4,Telukrhu,Rupat Utara,Bengkalis,0.11,P2,Regenerasi alami terbantu,70.0,58,85,29,tinggi,Kondisi biofisik relatif mendukung pemulihan vegetasi.,mangrove-priority-2016-2025-v0.1
172,25,MPR-534514AB1F,Telukrhu,Rupat Utara,Bengkalis,0.11,P2,Regenerasi alami terbantu,70.0,58,85,29,tinggi,Kondisi biofisik relatif mendukung pemulihan vegetasi.,mangrove-priority-2016-2025-v0.1
173,26,MPR-A04424A004,Telukrhu,Rupat Utara,Bengkalis,0.11,P2,Regenerasi alami terbantu,70.0,58,85,29,tinggi,Kondisi biofisik relatif mendukung pemulihan vegetasi.,mangrove-priority-2016-2025-v0.1
174,27,MPR-EDCB0495F2,Telukrhu,Rupat Utara,Bengkalis,0.11,P2,Regenerasi alami terbantu,70.0,58,85,29,tinggi,Kondisi biofisik relatif mendukung pemulihan vegetasi.,mangrove-priority-2016-2025-v0.1
175,28,MPR-A9CBA5D192,Telukrhu,Rupat Utara,Bengkalis,0.107,P2,Regenerasi alami terbantu,70.0,58,85,29,tinggi,Kondisi biofisik relatif mendukung pemulihan vegetasi.,mangrove-priority-2016-2025-v0.1
176,29,MPR-03D1B76CA6,Telukrhu,Rupat Utara,Bengkalis,0.105,P2,Regenerasi alami terbantu,70.0,58,85,29,tinggi,Kondisi biofisik relatif mendukung pemulihan vegetasi.,mangrove-priority-2016-2025-v0.1
177,30,MPR-63703B8A61,Telukrhu,Rupat Utara,Bengkalis,0.105,P2,Regenerasi alami terbantu,70.0,58,85,29,tinggi,Kondisi biofisik relatif mendukung pemulihan vegetasi.,mangrove-priority-2016-2025-v0.1
178,31,MPR-5941BF67FC,Telukrhu,Rupat Utara,Bengkalis,0.093,P2,Regenerasi alami terbantu,70.0,58,85,29,tinggi,Kondisi biofisik relatif mendukung pemulihan vegetasi.,mangrove-priority-2016-2025-v0.1
179,32,MPR-76633EACF7,Telukrhu,Rupat Utara,Bengkalis,0.092,P2,Regenerasi alami terbantu,70.0,58,85,29,tinggi,Kondisi biofisik relatif mendukung pemulihan vegetasi.,mangrove-priority-2016-2025-v0.1
180,33,MPR-48FDF31700,Telukrhu,Rupat Utara,Bengkalis,0.091,P2,Regenerasi alami terbantu,70.0,58,85,29,tinggi,Kondisi biofisik relatif mendukung pemulihan vegetasi.,mangrove-priority-2016-2025-v0.1
181,34,MPR-C3825BD393,Telukrhu,Rupat Utara,Bengkalis,0.091,P2,Regenerasi alami terbantu,70.0,58,85,29,tinggi,Kondisi biofisik relatif mendukung pemulihan vegetasi.,mangrove-priority-2016-2025-v0.1
182,1,MPR-4BA69F6212,Damai,Bengkalis,Bengkalis,0.08,P2,Regenerasi alami terbantu,70.0,57,85,27,tinggi,Kondisi biofisik relatif mendukung pemulihan vegetasi.,mangrove-priority-2016-2025-v0.1
183,35,MPR-782B59A38F,Telukrhu,Rupat Utara,Bengkalis,0.08,P2,Regenerasi alami terbantu,70.0,58,85,29,tinggi,Kondisi biofisik relatif mendukung pemulihan vegetasi.,mangrove-priority-2016-2025-v0.1
184,36,MPR-81306484DD,Telukrhu,Rupat Utara,Bengkalis,0.08,P2,Regenerasi alami terbantu,70.0,58,85,29,tinggi,Kondisi biofisik relatif mendukung pemulihan vegetasi.,mangrove-priority-2016-2025-v0.1
185,37,MPR-B9295A7B0B,Telukrhu,Rupat Utara,Bengkalis,0.08,P2,Regenerasi alami terbantu,70.0,58,85,29,tinggi,Kondisi biofisik relatif mendukung pemulihan vegetasi.,mangrove-priority-2016-2025-v0.1
186,38,MPR-6AF87DBB14,Telukrhu,Rupat Utara,Bengkalis,0.072,P2,Regenerasi alami terbantu,70.0,58,85,29,tinggi,Kondisi biofisik relatif mendukung pemulihan vegetasi.,mangrove-priority-2016-2025-v0.1
187,39,MPR-26009E1C62,Telukrhu,Rupat Utara,Bengkalis,0.067,P2,Regenerasi alami terbantu,70.0,58,85,29,tinggi,Kondisi biofisik relatif mendukung pemulihan vegetasi.,mangrove-priority-2016-2025-v0.1
188,40,MPR-9359059FDB,Telukrhu,Rupat Utara,Bengkalis,0.067,P2,Regenerasi alami terbantu,70.0,58,85,29,tinggi,Kondisi biofisik relatif mendukung pemulihan vegetasi.,mangrove-priority-2016-2025-v0.1
189,41,MPR-C24E388905,Telukrhu,Rupat Utara,Bengkalis,0.061,P2,Regenerasi alami terbantu,70.0,58,85,29,tinggi,Kondisi biofisik relatif mendukung pemulihan vegetasi.,mangrove-priority-2016-2025-v0.1
190,42,MPR-E3FD28C3A5,Telukrhu,Rupat Utara,Bengkalis,0.061,P2,Regenerasi alami terbantu,70.0,58,85,29,tinggi,Kondisi biofisik relatif mendukung pemulihan vegetasi.,mangrove-priority-2016-2025-v0.1
191,43,MPR-AC572B2691,Telukrhu,Rupat Utara,Bengkalis,0.06,P2,Regenerasi alami terbantu,70.0,58,85,29,tinggi,Kondisi biofisik relatif mendukung pemulihan vegetasi.,mangrove-priority-2016-2025-v0.1
192,44,MPR-064DBF22D2,Telukrhu,Rupat Utara,Bengkalis,0.053,P2,Regenerasi alami terbantu,70.0,58,85,29,tinggi,Kondisi biofisik relatif mendukung pemulihan vegetasi.,mangrove-priority-2016-2025-v0.1
193,6,MPR-6C5CA12139,Pampang Baru,Bantan,Bengkalis,0.05,P2,Regenerasi alami terbantu,70.0,58,85,29,tinggi,Kondisi biofisik relatif mendukung pemulihan vegetasi.,mangrove-priority-2016-2025-v0.1
194,45,MPR-C8CB3E9DE9,Telukrhu,Rupat Utara,Bengkalis,0.05,P2,Regenerasi alami terbantu,70.0,58,85,29,tinggi,Kondisi biofisik relatif mendukung pemulihan vegetasi.,mangrove-priority-2016-2025-v0.1
195,2,MPR-FD87A1829A,Damai,Bengkalis,Bengkalis,0.05,P2,Regenerasi alami terbantu,70.0,57,85,27,tinggi,Kondisi biofisik relatif mendukung pemulihan vegetasi.,mangrove-priority-2016-2025-v0.1
196,7,MPR-5C0626D5E4,Sukajadi,Bukit Batu,Bengkalis,4.34,P1,Penanaman aktif,69.9,69,79,44,tinggi,Kebutuhan dan kelayakan relatif tinggi.,mangrove-priority-2016-2025-v0.1
197,3,MPR-DD4C43DC07,Damai,Bengkalis,Bengkalis,0.55,P2,Regenerasi alami terbantu,69.9,58,84,28,tinggi,Kondisi biofisik relatif mendukung pemulihan vegetasi.,mangrove-priority-2016-2025-v0.1
198,4,MPR-4749749449,Damai,Bengkalis,Bengkalis,0.47,P2,Regenerasi alami terbantu,69.9,58,84,28,tinggi,Kondisi biofisik relatif mendukung pemulihan vegetasi.,mangrove-priority-2016-2025-v0.1
199,35,MPR-1E3B73B33A,Telukpapal,Bantan,Bengkalis,0.414,P2,Regenerasi alami terbantu,69.9,62,84,37,tinggi,Kondisi biofisik relatif mendukung pemulihan vegetasi.,mangrove-priority-2016-2025-v0.1
200,8,MPR-CC37B21680,Sukajadi,Bukit Batu,Bengkalis,5.32,P1,Penanaman aktif,69.8,70,78,45,tinggi,Kebutuhan dan kelayakan relatif tinggi.,mangrove-priority-2016-2025-v0.1
201,36,MPR-C2F5898257,Telukpapal,Bantan,Bengkalis,3.02,P1,Penanaman aktif,69.8,66,81,41,tinggi,Kebutuhan dan kelayakan relatif tinggi.,mangrove-priority-2016-2025-v0.1
202,20,MPR-87B63320E6,Teluklatak,Bengkalis,Bengkalis,2.35,P2,Regenerasi alami terbantu,69.8,63,82,36,tinggi,Kondisi biofisik relatif mendukung pemulihan vegetasi.,mangrove-priority-2016-2025-v0.1
203,7,MPR-EC25162F61,Pampang Baru,Bantan,Bengkalis,1.55,P2,Regenerasi alami terbantu,69.8,60,83,31,tinggi,Kondisi biofisik relatif mendukung pemulihan vegetasi.,mangrove-priority-2016-2025-v0.1
204,37,MPR-C30B166CBD,Telukpapal,Bantan,Bengkalis,1.08,P2,Regenerasi alami terbantu,69.8,63,83,38,tinggi,Kondisi biofisik relatif mendukung pemulihan vegetasi.,mangrove-priority-2016-2025-v0.1
205,3,MPR-F7DADB3DB6,Penampi,Bengkalis,Bengkalis,0.66,P2,Regenerasi alami terbantu,69.8,59,84,31,tinggi,Kondisi biofisik relatif mendukung pemulihan vegetasi.,mangrove-priority-2016-2025-v0.1
206,21,MPR-8A60876C9B,Teluklatak,Bengkalis,Bengkalis,0.36,P2,Regenerasi alami terbantu,69.8,60,84,33,tinggi,Kondisi biofisik relatif mendukung pemulihan vegetasi.,mangrove-priority-2016-2025-v0.1
207,1,MPR-2A2C08FF5C,Sebauk,Bengkalis,Bengkalis,0.35,P2,Regenerasi alami terbantu,69.8,57,85,28,tinggi,Kondisi biofisik relatif mendukung pemulihan vegetasi.,mangrove-priority-2016-2025-v0.1
208,46,MPR-CA6496024A,Telukrhu,Rupat Utara,Bengkalis,0.35,P2,Regenerasi alami terbantu,69.8,58,85,30,tinggi,Kondisi biofisik relatif mendukung pemulihan vegetasi.,mangrove-priority-2016-2025-v0.1
209,5,MPR-4A1DD6EBC5,Damai,Bengkalis,Bengkalis,0.32,P2,Regenerasi alami terbantu,69.8,57,85,28,tinggi,Kondisi biofisik relatif mendukung pemulihan vegetasi.,mangrove-priority-2016-2025-v0.1
210,6,MPR-6278930D0C,Damai,Bengkalis,Bengkalis,0.32,P2,Regenerasi alami terbantu,69.8,57,85,28,tinggi,Kondisi biofisik relatif mendukung pemulihan vegetasi.,mangrove-priority-2016-2025-v0.1
211,4,MPR-42B8FE7111,Penampi,Bengkalis,Bengkalis,0.31,P2,Regenerasi alami terbantu,69.8,58,85,30,tinggi,Kondisi biofisik relatif mendukung pemulihan vegetasi.,mangrove-priority-2016-2025-v0.1
212,47,MPR-3ADC42BA77,Telukrhu,Rupat Utara,Bengkalis,0.295,P2,Regenerasi alami terbantu,69.8,58,85,30,tinggi,Kondisi biofisik relatif mendukung pemulihan vegetasi.,mangrove-priority-2016-2025-v0.1
213,2,MPR-C74B18FA45,Sebauk,Bengkalis,Bengkalis,0.29,P2,Regenerasi alami terbantu,69.8,57,85,28,tinggi,Kondisi biofisik relatif mendukung pemulihan vegetasi.,mangrove-priority-2016-2025-v0.1
214,48,MPR-0C833972C7,Telukrhu,Rupat Utara,Bengkalis,0.289,P2,Regenerasi alami terbantu,69.8,58,85,30,tinggi,Kondisi biofisik relatif mendukung pemulihan vegetasi.,mangrove-priority-2016-2025-v0.1
215,3,MPR-953A05F081,Sebauk,Bengkalis,Bengkalis,0.28,P2,Regenerasi alami terbantu,69.8,57,85,28,tinggi,Kondisi biofisik relatif mendukung pemulihan vegetasi.,mangrove-priority-2016-2025-v0.1
216,4,MPR-28FC6052A3,Sebauk,Bengkalis,Bengkalis,0.25,P2,Regenerasi alami terbantu,69.8,57,85,28,tinggi,Kondisi biofisik relatif mendukung pemulihan vegetasi.,mangrove-priority-2016-2025-v0.1
217,7,MPR-39DBC1360D,Damai,Bengkalis,Bengkalis,0.25,P2,Regenerasi alami terbantu,69.8,57,85,28,tinggi,Kondisi biofisik relatif mendukung pemulihan vegetasi.,mangrove-priority-2016-2025-v0.1
218,5,MPR-1DCFEE1DFD,Sebauk,Bengkalis,Bengkalis,0.24,P2,Regenerasi alami terbantu,69.8,57,85,28,tinggi,Kondisi biofisik relatif mendukung pemulihan vegetasi.,mangrove-priority-2016-2025-v0.1
219,1,MPR-2264EBE7E9,Mentayan,Bantan,Bengkalis,0.23,P2,Regenerasi alami terbantu,69.8,57,85,28,tinggi,Kondisi biofisik relatif mendukung pemulihan vegetasi.,mangrove-priority-2016-2025-v0.1
220,2,MPR-418AD7E544,Mentayan,Bantan,Bengkalis,0.23,P2,Regenerasi alami terbantu,69.8,57,85,28,tinggi,Kondisi biofisik relatif mendukung pemulihan vegetasi.,mangrove-priority-2016-2025-v0.1
221,3,MPR-4B2BEF306A,Mentayan,Bantan,Bengkalis,0.23,P2,Regenerasi alami terbantu,69.8,57,85,28,tinggi,Kondisi biofisik relatif mendukung pemulihan vegetasi.,mangrove-priority-2016-2025-v0.1
222,8,MPR-5996BDC0FF,Damai,Bengkalis,Bengkalis,0.23,P2,Regenerasi alami terbantu,69.8,57,85,28,tinggi,Kondisi biofisik relatif mendukung pemulihan vegetasi.,mangrove-priority-2016-2025-v0.1
223,6,MPR-9D1E579E96,Sebauk,Bengkalis,Bengkalis,0.23,P2,Regenerasi alami terbantu,69.8,57,85,28,tinggi,Kondisi biofisik relatif mendukung pemulihan vegetasi.,mangrove-priority-2016-2025-v0.1
224,5,MPR-B66C0C9DFA,Penampi,Bengkalis,Bengkalis,0.22,P2,Regenerasi alami terbantu,69.8,58,85,30,tinggi,Kondisi biofisik relatif mendukung pemulihan vegetasi.,mangrove-priority-2016-2025-v0.1
225,9,MPR-DBDA8B82C2,Damai,Bengkalis,Bengkalis,0.22,P2,Regenerasi alami terbantu,69.8,57,85,28,tinggi,Kondisi biofisik relatif mendukung pemulihan vegetasi.,mangrove-priority-2016-2025-v0.1
226,6,MPR-524396D977,Penampi,Bengkalis,Bengkalis,0.19,P2,Regenerasi alami terbantu,69.8,58,85,30,tinggi,Kondisi biofisik relatif mendukung pemulihan vegetasi.,mangrove-priority-2016-2025-v0.1
227,10,MPR-ED28E031E9,Damai,Bengkalis,Bengkalis,0.19,P2,Regenerasi alami terbantu,69.8,57,85,28,tinggi,Kondisi biofisik relatif mendukung pemulihan vegetasi.,mangrove-priority-2016-2025-v0.1
228,7,MPR-7F4564021D,Penampi,Bengkalis,Bengkalis,0.18,P2,Regenerasi alami terbantu,69.8,58,85,30,tinggi,Kondisi biofisik relatif mendukung pemulihan vegetasi.,mangrove-priority-2016-2025-v0.1
229,7,MPR-875A8E6F05,Sebauk,Bengkalis,Bengkalis,0.18,P2,Regenerasi alami terbantu,69.8,57,85,28,tinggi,Kondisi biofisik relatif mendukung pemulihan vegetasi.,mangrove-priority-2016-2025-v0.1
230,8,MPR-8DEB88C896,Sebauk,Bengkalis,Bengkalis,0.18,P2,Regenerasi alami terbantu,69.8,57,85,28,tinggi,Kondisi biofisik relatif mendukung pemulihan vegetasi.,mangrove-priority-2016-2025-v0.1
231,4,MPR-C6DA02C685,Mentayan,Bantan,Bengkalis,0.18,P2,Regenerasi alami terbantu,69.8,57,85,28,tinggi,Kondisi biofisik relatif mendukung pemulihan vegetasi.,mangrove-priority-2016-2025-v0.1
232,9,MPR-049BC742CC,Sebauk,Bengkalis,Bengkalis,0.17,P2,Regenerasi alami terbantu,69.8,57,85,28,tinggi,Kondisi biofisik relatif mendukung pemulihan vegetasi.,mangrove-priority-2016-2025-v0.1
233,8,MPR-7AC842F4F4,Penampi,Bengkalis,Bengkalis,0.17,P2,Regenerasi alami terbantu,69.8,58,85,30,tinggi,Kondisi biofisik relatif mendukung pemulihan vegetasi.,mangrove-priority-2016-2025-v0.1
234,11,MPR-AFE43B69C3,Damai,Bengkalis,Bengkalis,0.17,P2,Regenerasi alami terbantu,69.8,57,85,28,tinggi,Kondisi biofisik relatif mendukung pemulihan vegetasi.,mangrove-priority-2016-2025-v0.1
235,5,MPR-B8B1EDCA11,Mentayan,Bantan,Bengkalis,0.17,P2,Regenerasi alami terbantu,69.8,57,85,28,tinggi,Kondisi biofisik relatif mendukung pemulihan vegetasi.,mangrove-priority-2016-2025-v0.1
236,9,MPR-0B49D646C6,Penampi,Bengkalis,Bengkalis,0.16,P2,Regenerasi alami terbantu,69.8,58,85,30,tinggi,Kondisi biofisik relatif mendukung pemulihan vegetasi.,mangrove-priority-2016-2025-v0.1
237,6,MPR-131899B3E2,Mentayan,Bantan,Bengkalis,0.16,P2,Regenerasi alami terbantu,69.8,57,85,28,tinggi,Kondisi biofisik relatif mendukung pemulihan vegetasi.,mangrove-priority-2016-2025-v0.1
238,10,MPR-3B072865AC,Sebauk,Bengkalis,Bengkalis,0.16,P2,Regenerasi alami terbantu,69.8,57,85,28,tinggi,Kondisi biofisik relatif mendukung pemulihan vegetasi.,mangrove-priority-2016-2025-v0.1
239,10,MPR-636BB4870A,Penampi,Bengkalis,Bengkalis,0.16,P2,Regenerasi alami terbantu,69.8,58,85,30,tinggi,Kondisi biofisik relatif mendukung pemulihan vegetasi.,mangrove-priority-2016-2025-v0.1
240,11,MPR-D17B6302FF,Sebauk,Bengkalis,Bengkalis,0.16,P2,Regenerasi alami terbantu,69.8,57,85,28,tinggi,Kondisi biofisik relatif mendukung pemulihan vegetasi.,mangrove-priority-2016-2025-v0.1
241,11,MPR-E867DCCAB1,Penampi,Bengkalis,Bengkalis,0.16,P2,Regenerasi alami terbantu,69.8,58,85,30,tinggi,Kondisi biofisik relatif mendukung pemulihan vegetasi.,mangrove-priority-2016-2025-v0.1
242,12,MPR-04BDE5788B,Damai,Bengkalis,Bengkalis,0.15,P2,Regenerasi alami terbantu,69.8,57,85,28,tinggi,Kondisi biofisik relatif mendukung pemulihan vegetasi.,mangrove-priority-2016-2025-v0.1
243,7,MPR-0B5BF4120B,Mentayan,Bantan,Bengkalis,0.15,P2,Regenerasi alami terbantu,69.8,57,85,28,tinggi,Kondisi biofisik relatif mendukung pemulihan vegetasi.,mangrove-priority-2016-2025-v0.1
244,12,MPR-283198730D,Penampi,Bengkalis,Bengkalis,0.14,P2,Regenerasi alami terbantu,69.8,58,85,30,tinggi,Kondisi biofisik relatif mendukung pemulihan vegetasi.,mangrove-priority-2016-2025-v0.1
245,13,MPR-EFB5B65151,Damai,Bengkalis,Bengkalis,0.14,P2,Regenerasi alami terbantu,69.8,57,85,28,tinggi,Kondisi biofisik relatif mendukung pemulihan vegetasi.,mangrove-priority-2016-2025-v0.1
246,13,MPR-4F7A877548,Penampi,Bengkalis,Bengkalis,0.13,P2,Regenerasi alami terbantu,69.8,58,85,30,tinggi,Kondisi biofisik relatif mendukung pemulihan vegetasi.,mangrove-priority-2016-2025-v0.1
247,8,MPR-71AF947DF3,Mentayan,Bantan,Bengkalis,0.13,P2,Regenerasi alami terbantu,69.8,57,85,28,tinggi,Kondisi biofisik relatif mendukung pemulihan vegetasi.,mangrove-priority-2016-2025-v0.1
248,14,MPR-BD91FBC60F,Penampi,Bengkalis,Bengkalis,0.13,P2,Regenerasi alami terbantu,69.8,58,85,30,tinggi,Kondisi biofisik relatif mendukung pemulihan vegetasi.,mangrove-priority-2016-2025-v0.1
249,15,MPR-C726C3858D,Penampi,Bengkalis,Bengkalis,0.13,P2,Regenerasi alami terbantu,69.8,58,85,30,tinggi,Kondisi biofisik relatif mendukung pemulihan vegetasi.,mangrove-priority-2016-2025-v0.1
250,12,MPR-20E373E6B4,Sebauk,Bengkalis,Bengkalis,0.12,P2,Regenerasi alami terbantu,69.8,57,85,28,tinggi,Kondisi biofisik relatif mendukung pemulihan vegetasi.,mangrove-priority-2016-2025-v0.1
251,14,MPR-399D39F73D,Damai,Bengkalis,Bengkalis,0.12,P2,Regenerasi alami terbantu,69.8,57,85,28,tinggi,Kondisi biofisik relatif mendukung pemulihan vegetasi.,mangrove-priority-2016-2025-v0.1
252,16,MPR-9AA9842480,Penampi,Bengkalis,Bengkalis,0.12,P2,Regenerasi alami terbantu,69.8,58,85,30,tinggi,Kondisi biofisik relatif mendukung pemulihan vegetasi.,mangrove-priority-2016-2025-v0.1
253,9,MPR-7F9DD5F709,Mentayan,Bantan,Bengkalis,0.11,P2,Regenerasi alami terbantu,69.8,57,85,28,tinggi,Kondisi biofisik relatif mendukung pemulihan vegetasi.,mangrove-priority-2016-2025-v0.1
254,13,MPR-89435F863D,Sebauk,Bengkalis,Bengkalis,0.11,P2,Regenerasi alami terbantu,69.8,57,85,28,tinggi,Kondisi biofisik relatif mendukung pemulihan vegetasi.,mangrove-priority-2016-2025-v0.1
255,17,MPR-C737A95EEE,Penampi,Bengkalis,Bengkalis,0.11,P2,Regenerasi alami terbantu,69.8,58,85,30,tinggi,Kondisi biofisik relatif mendukung pemulihan vegetasi.,mangrove-priority-2016-2025-v0.1
256,10,MPR-38A0F1F63C,Mentayan,Bantan,Bengkalis,0.1,P2,Regenerasi alami terbantu,69.8,57,85,28,tinggi,Kondisi biofisik relatif mendukung pemulihan vegetasi.,mangrove-priority-2016-2025-v0.1
257,11,MPR-59B437FF37,Mentayan,Bantan,Bengkalis,0.1,P2,Regenerasi alami terbantu,69.8,57,85,28,tinggi,Kondisi biofisik relatif mendukung pemulihan vegetasi.,mangrove-priority-2016-2025-v0.1
258,18,MPR-61B4490FE9,Penampi,Bengkalis,Bengkalis,0.1,P2,Regenerasi alami terbantu,69.8,58,85,30,tinggi,Kondisi biofisik relatif mendukung pemulihan vegetasi.,mangrove-priority-2016-2025-v0.1
259,14,MPR-6E9A0DD74A,Sebauk,Bengkalis,Bengkalis,0.1,P2,Regenerasi alami terbantu,69.8,57,85,28,tinggi,Kondisi biofisik relatif mendukung pemulihan vegetasi.,mangrove-priority-2016-2025-v0.1
260,19,MPR-D08152E88F,Penampi,Bengkalis,Bengkalis,0.1,P2,Regenerasi alami terbantu,69.8,58,85,30,tinggi,Kondisi biofisik relatif mendukung pemulihan vegetasi.,mangrove-priority-2016-2025-v0.1
261,15,MPR-040201D445,Sebauk,Bengkalis,Bengkalis,0.08,P2,Regenerasi alami terbantu,69.8,57,85,28,tinggi,Kondisi biofisik relatif mendukung pemulihan vegetasi.,mangrove-priority-2016-2025-v0.1
262,20,MPR-683501B0C5,Penampi,Bengkalis,Bengkalis,0.08,P2,Regenerasi alami terbantu,69.8,58,85,30,tinggi,Kondisi biofisik relatif mendukung pemulihan vegetasi.,mangrove-priority-2016-2025-v0.1
263,16,MPR-3E5DBA7DBC,Sebauk,Bengkalis,Bengkalis,0.05,P2,Regenerasi alami terbantu,69.8,57,85,28,tinggi,Kondisi biofisik relatif mendukung pemulihan vegetasi.,mangrove-priority-2016-2025-v0.1
264,21,MPR-897410C54E,Penampi,Bengkalis,Bengkalis,0.05,P2,Regenerasi alami terbantu,69.8,58,85,30,tinggi,Kondisi biofisik relatif mendukung pemulihan vegetasi.,mangrove-priority-2016-2025-v0.1
265,12,MPR-92A00DA3C1,Mentayan,Bantan,Bengkalis,0.05,P2,Regenerasi alami terbantu,69.8,57,85,28,tinggi,Kondisi biofisik relatif mendukung pemulihan vegetasi.,mangrove-priority-2016-2025-v0.1
266,17,MPR-B38F10EA80,Sebauk,Bengkalis,Bengkalis,0.05,P2,Regenerasi alami terbantu,69.8,57,85,28,tinggi,Kondisi biofisik relatif mendukung pemulihan vegetasi.,mangrove-priority-2016-2025-v0.1
267,15,MPR-2A7F704728,Damai,Bengkalis,Bengkalis,2.09,P2,Regenerasi alami terbantu,69.7,60,82,30,tinggi,Kondisi biofisik relatif mendukung pemulihan vegetasi.,mangrove-priority-2016-2025-v0.1
268,49,MPR-7FCA4F9AC6,Telukrhu,Rupat Utara,Bengkalis,1.766,P2,Regenerasi alami terbantu,69.7,60,83,32,tinggi,Kondisi biofisik relatif mendukung pemulihan vegetasi.,mangrove-priority-2016-2025-v0.1
269,22,MPR-CFD58F1C36,Teluklatak,Bengkalis,Bengkalis,1.25,P2,Regenerasi alami terbantu,69.7,61,83,34,tinggi,Kondisi biofisik relatif mendukung pemulihan vegetasi.,mangrove-priority-2016-2025-v0.1
270,23,MPR-E42DD6D18C,Teluklatak,Bengkalis,Bengkalis,1.137,P2,Regenerasi alami terbantu,69.7,61,83,34,tinggi,Kondisi biofisik relatif mendukung pemulihan vegetasi.,mangrove-priority-2016-2025-v0.1
271,16,MPR-7EBDEFC0F2,Damai,Bengkalis,Bengkalis,1.01,P2,Regenerasi alami terbantu,69.7,58,84,29,tinggi,Kondisi biofisik relatif mendukung pemulihan vegetasi.,mangrove-priority-2016-2025-v0.1
272,18,MPR-CDDB4FF1E5,Sebauk,Bengkalis,Bengkalis,0.78,P2,Regenerasi alami terbantu,69.7,58,84,29,tinggi,Kondisi biofisik relatif mendukung pemulihan vegetasi.,mangrove-priority-2016-2025-v0.1
273,13,MPR-9DD8C82347,Mentayan,Bantan,Bengkalis,0.777,P2,Regenerasi alami terbantu,69.7,58,84,29,tinggi,Kondisi biofisik relatif mendukung pemulihan vegetasi.,mangrove-priority-2016-2025-v0.1
274,14,MPR-DE0A89F497,Mentayan,Bantan,Bengkalis,0.57,P2,Regenerasi alami terbantu,69.7,58,84,29,tinggi,Kondisi biofisik relatif mendukung pemulihan vegetasi.,mangrove-priority-2016-2025-v0.1
275,15,MPR-A440AE34B8,Mentayan,Bantan,Bengkalis,0.55,P2,Regenerasi alami terbantu,69.7,58,84,29,tinggi,Kondisi biofisik relatif mendukung pemulihan vegetasi.,mangrove-priority-2016-2025-v0.1
276,16,MPR-71DC9F15B8,Mentayan,Bantan,Bengkalis,0.53,P2,Regenerasi alami terbantu,69.7,58,84,29,tinggi,Kondisi biofisik relatif mendukung pemulihan vegetasi.,mangrove-priority-2016-2025-v0.1
277,19,MPR-901721B380,Sebauk,Bengkalis,Bengkalis,0.49,P2,Regenerasi alami terbantu,69.7,58,84,29,tinggi,Kondisi biofisik relatif mendukung pemulihan vegetasi.,mangrove-priority-2016-2025-v0.1
278,17,MPR-3142A3E95A,Mentayan,Bantan,Bengkalis,0.448,P2,Regenerasi alami terbantu,69.7,58,84,29,tinggi,Kondisi biofisik relatif mendukung pemulihan vegetasi.,mangrove-priority-2016-2025-v0.1
279,17,MPR-7A6387B765,Damai,Bengkalis,Bengkalis,1.69,P2,Regenerasi alami terbantu,69.6,59,83,30,tinggi,Kondisi biofisik relatif mendukung pemulihan vegetasi.,mangrove-priority-2016-2025-v0.1
280,20,MPR-E03DC8B568,Sebauk,Bengkalis,Bengkalis,1.5,P2,Regenerasi alami terbantu,69.6,59,83,30,tinggi,Kondisi biofisik relatif mendukung pemulihan vegetasi.,mangrove-priority-2016-2025-v0.1
281,21,MPR-7D5897CD2D,Sebauk,Bengkalis,Bengkalis,1.33,P2,Regenerasi alami terbantu,69.6,59,83,30,tinggi,Kondisi biofisik relatif mendukung pemulihan vegetasi.,mangrove-priority-2016-2025-v0.1
282,18,MPR-B768B076C9,Mentayan,Bantan,Bengkalis,1.26,P2,Regenerasi alami terbantu,69.6,59,83,30,tinggi,Kondisi biofisik relatif mendukung pemulihan vegetasi.,mangrove-priority-2016-2025-v0.1
283,19,MPR-3E2CD0486C,Mentayan,Bantan,Bengkalis,0.349,P2,Regenerasi alami terbantu,69.6,57,85,29,tinggi,Kondisi biofisik relatif mendukung pemulihan vegetasi.,mangrove-priority-2016-2025-v0.1
284,1,MPR-92832509C1,Sungaibatang,Bengkalis,Bengkalis,0.18,P2,Regenerasi alami terbantu,69.6,57,85,29,tinggi,Kondisi biofisik relatif mendukung pemulihan vegetasi.,mangrove-priority-2016-2025-v0.1
285,2,MPR-37BC4D0C8E,Sungaibatang,Bengkalis,Bengkalis,0.17,P2,Regenerasi alami terbantu,69.6,57,85,29,tinggi,Kondisi biofisik relatif mendukung pemulihan vegetasi.,mangrove-priority-2016-2025-v0.1
286,3,MPR-48E00F0B8B,Sungaibatang,Bengkalis,Bengkalis,0.16,P2,Regenerasi alami terbantu,69.6,57,85,29,tinggi,Kondisi biofisik relatif mendukung pemulihan vegetasi.,mangrove-priority-2016-2025-v0.1
287,4,MPR-4944B77FB8,Sungaibatang,Bengkalis,Bengkalis,0.15,P2,Regenerasi alami terbantu,69.6,57,85,29,tinggi,Kondisi biofisik relatif mendukung pemulihan vegetasi.,mangrove-priority-2016-2025-v0.1
288,5,MPR-B0D0C825EB,Sungaibatang,Bengkalis,Bengkalis,0.15,P2,Regenerasi alami terbantu,69.6,57,85,29,tinggi,Kondisi biofisik relatif mendukung pemulihan vegetasi.,mangrove-priority-2016-2025-v0.1
289,6,MPR-A505F00D2A,Sungaibatang,Bengkalis,Bengkalis,0.13,P2,Regenerasi alami terbantu,69.6,57,85,29,tinggi,Kondisi biofisik relatif mendukung pemulihan vegetasi.,mangrove-priority-2016-2025-v0.1
290,7,MPR-564ADCC6D0,Sungaibatang,Bengkalis,Bengkalis,0.12,P2,Regenerasi alami terbantu,69.6,57,85,29,tinggi,Kondisi biofisik relatif mendukung pemulihan vegetasi.,mangrove-priority-2016-2025-v0.1
291,8,MPR-E38D0FE96A,Sungaibatang,Bengkalis,Bengkalis,0.12,P2,Regenerasi alami terbantu,69.6,57,85,29,tinggi,Kondisi biofisik relatif mendukung pemulihan vegetasi.,mangrove-priority-2016-2025-v0.1
292,9,MPR-341FD8B0D2,Sungaibatang,Bengkalis,Bengkalis,0.1,P2,Regenerasi alami terbantu,69.6,57,85,29,tinggi,Kondisi biofisik relatif mendukung pemulihan vegetasi.,mangrove-priority-2016-2025-v0.1
293,10,MPR-6A1F1E8EE3,Sungaibatang,Bengkalis,Bengkalis,0.1,P2,Regenerasi alami terbantu,69.6,57,85,29,tinggi,Kondisi biofisik relatif mendukung pemulihan vegetasi.,mangrove-priority-2016-2025-v0.1
294,11,MPR-FD126C6956,Sungaibatang,Bengkalis,Bengkalis,0.1,P2,Regenerasi alami terbantu,69.6,57,85,29,tinggi,Kondisi biofisik relatif mendukung pemulihan vegetasi.,mangrove-priority-2016-2025-v0.1
295,12,MPR-0D5F0C9614,Sungaibatang,Bengkalis,Bengkalis,0.08,P2,Regenerasi alami terbantu,69.6,57,85,29,tinggi,Kondisi biofisik relatif mendukung pemulihan vegetasi.,mangrove-priority-2016-2025-v0.1
296,13,MPR-2A67A96BAC,Sungaibatang,Bengkalis,Bengkalis,0.08,P2,Regenerasi alami terbantu,69.6,57,85,29,tinggi,Kondisi biofisik relatif mendukung pemulihan vegetasi.,mangrove-priority-2016-2025-v0.1
297,14,MPR-6319640092,Sungaibatang,Bengkalis,Bengkalis,0.08,P2,Regenerasi alami terbantu,69.6,57,85,29,tinggi,Kondisi biofisik relatif mendukung pemulihan vegetasi.,mangrove-priority-2016-2025-v0.1
298,15,MPR-7D25003245,Sungaibatang,Bengkalis,Bengkalis,0.08,P2,Regenerasi alami terbantu,69.6,57,85,29,tinggi,Kondisi biofisik relatif mendukung pemulihan vegetasi.,mangrove-priority-2016-2025-v0.1
299,16,MPR-9B9D694151,Sungaibatang,Bengkalis,Bengkalis,0.08,P2,Regenerasi alami terbantu,69.6,57,85,29,tinggi,Kondisi biofisik relatif mendukung pemulihan vegetasi.,mangrove-priority-2016-2025-v0.1
300,9,MPR-C3381EC092,Sukajadi,Bukit Batu,Bengkalis,7.18,P1,Penanaman aktif,69.5,73,75,48,tinggi,Kebutuhan dan kelayakan relatif tinggi.,mangrove-priority-2016-2025-v0.1
301,18,MPR-EBF7C382FF,Bantan Air,Bantan,Bengkalis,3.53,P2,Regenerasi alami terbantu,69.5,63,80,34,tinggi,Kondisi biofisik relatif mendukung pemulihan vegetasi.,mangrove-priority-2016-2025-v0.1
302,50,MPR-56699A2271,Telukrhu,Rupat Utara,Bengkalis,2.3,P2,Regenerasi alami terbantu,69.5,61,82,33,tinggi,Kondisi biofisik relatif mendukung pemulihan vegetasi.,mangrove-priority-2016-2025-v0.1
303,20,MPR-94460A7B0F,Mentayan,Bantan,Bengkalis,2.29,P2,Regenerasi alami terbantu,69.5,60,82,31,tinggi,Kondisi biofisik relatif mendukung pemulihan vegetasi.,mangrove-priority-2016-2025-v0.1
304,22,MPR-3FCFA2C7B8,Penampi,Bengkalis,Bengkalis,2.27,P2,Regenerasi alami terbantu,69.5,61,82,33,tinggi,Kondisi biofisik relatif mendukung pemulihan vegetasi.,mangrove-priority-2016-2025-v0.1
305,38,MPR-EBBDA6A647,Telukpapal,Bantan,Bengkalis,1.97,P2,Regenerasi alami terbantu,69.5,64,82,40,tinggi,Kondisi biofisik relatif mendukung pemulihan vegetasi.,mangrove-priority-2016-2025-v0.1
306,22,MPR-460205F777,Sebauk,Bengkalis,Bengkalis,1.05,P2,Regenerasi alami terbantu,69.5,58,84,30,tinggi,Kondisi biofisik relatif mendukung pemulihan vegetasi.,mangrove-priority-2016-2025-v0.1
307,1,MPR-5CB3628AD3,Meskom,Bengkalis,Bengkalis,0.77,P2,Regenerasi alami terbantu,69.5,57,84,28,tinggi,Kondisi biofisik relatif mendukung pemulihan vegetasi.,mangrove-priority-2016-2025-v0.1
308,17,MPR-78AA74A7BD,Sungaibatang,Bengkalis,Bengkalis,0.68,P2,Regenerasi alami terbantu,69.5,58,84,30,tinggi,Kondisi biofisik relatif mendukung pemulihan vegetasi.,mangrove-priority-2016-2025-v0.1
309,18,MPR-BB16105770,Sungaibatang,Bengkalis,Bengkalis,0.59,P2,Regenerasi alami terbantu,69.5,58,84,30,tinggi,Kondisi biofisik relatif mendukung pemulihan vegetasi.,mangrove-priority-2016-2025-v0.1
310,19,MPR-24A5606AD3,Sungaibatang,Bengkalis,Bengkalis,0.53,P2,Regenerasi alami terbantu,69.5,58,84,30,tinggi,Kondisi biofisik relatif mendukung pemulihan vegetasi.,mangrove-priority-2016-2025-v0.1
311,20,MPR-4BF358AE50,Sungaibatang,Bengkalis,Bengkalis,0.53,P2,Regenerasi alami terbantu,69.5,58,84,30,tinggi,Kondisi biofisik relatif mendukung pemulihan vegetasi.,mangrove-priority-2016-2025-v0.1
312,2,MPR-6D9B083110,Meskom,Bengkalis,Bengkalis,0.52,P2,Regenerasi alami terbantu,69.5,57,84,28,tinggi,Kondisi biofisik relatif mendukung pemulihan vegetasi.,mangrove-priority-2016-2025-v0.1
313,8,MPR-664DFD6220,Pampang Baru,Bantan,Bengkalis,0.403,P2,Regenerasi alami terbantu,69.5,58,84,30,tinggi,Kondisi biofisik relatif mendukung pemulihan vegetasi.,mangrove-priority-2016-2025-v0.1
314,18,MPR-138743EAC5,Damai,Bengkalis,Bengkalis,0.39,P2,Regenerasi alami terbantu,69.5,57,84,28,tinggi,Kondisi biofisik relatif mendukung pemulihan vegetasi.,mangrove-priority-2016-2025-v0.1
315,23,MPR-46D6691A57,Penampi,Bengkalis,Bengkalis,0.39,P2,Regenerasi alami terbantu,69.5,58,84,30,tinggi,Kondisi biofisik relatif mendukung pemulihan vegetasi.,mangrove-priority-2016-2025-v0.1
316,24,MPR-4FE644E9F8,Penampi,Bengkalis,Bengkalis,0.38,P2,Regenerasi alami terbantu,69.5,58,84,30,tinggi,Kondisi biofisik relatif mendukung pemulihan vegetasi.,mangrove-priority-2016-2025-v0.1
317,51,MPR-6ED91F3DFA,Telukrhu,Rupat Utara,Bengkalis,0.368,P2,Regenerasi alami terbantu,69.5,58,84,30,tinggi,Kondisi biofisik relatif mendukung pemulihan vegetasi.,mangrove-priority-2016-2025-v0.1
318,3,MPR-BC85AD0246,Meskom,Bengkalis,Bengkalis,0.177,P2,Regenerasi alami terbantu,69.5,56,85,27,tinggi,Kondisi biofisik relatif mendukung pemulihan vegetasi.,mangrove-priority-2016-2025-v0.1
319,4,MPR-DE03D75C80,Meskom,Bengkalis,Bengkalis,0.11,P2,Regenerasi alami terbantu,69.5,56,85,27,tinggi,Kondisi biofisik relatif mendukung pemulihan vegetasi.,mangrove-priority-2016-2025-v0.1
320,5,MPR-099C3EFEA5,Meskom,Bengkalis,Bengkalis,0.08,P2,Regenerasi alami terbantu,69.5,56,85,27,tinggi,Kondisi biofisik relatif mendukung pemulihan vegetasi.,mangrove-priority-2016-2025-v0.1
321,6,MPR-77412C4E5D,Meskom,Bengkalis,Bengkalis,0.08,P2,Regenerasi alami terbantu,69.5,56,85,27,tinggi,Kondisi biofisik relatif mendukung pemulihan vegetasi.,mangrove-priority-2016-2025-v0.1
322,39,MPR-BB7EA0A0AF,Telukpapal,Bantan,Bengkalis,2.738,P1,Penanaman aktif,69.4,65,81,41,tinggi,Kebutuhan dan kelayakan relatif tinggi.,mangrove-priority-2016-2025-v0.1
323,9,MPR-D82A982466,Pampang Baru,Bantan,Bengkalis,1.13,P2,Regenerasi alami terbantu,69.4,59,83,31,tinggi,Kondisi biofisik relatif mendukung pemulihan vegetasi.,mangrove-priority-2016-2025-v0.1
324,52,MPR-8EC0DDA600,Telukrhu,Rupat Utara,Bengkalis,1.115,P2,Regenerasi alami terbantu,69.4,59,83,31,tinggi,Kondisi biofisik relatif mendukung pemulihan vegetasi.,mangrove-priority-2016-2025-v0.1
325,53,MPR-5509D90C28,Telukrhu,Rupat Utara,Bengkalis,1.09,P2,Regenerasi alami terbantu,69.4,59,83,31,tinggi,Kondisi biofisik relatif mendukung pemulihan vegetasi.,mangrove-priority-2016-2025-v0.1
326,21,MPR-8FED424997,Sungaibatang,Bengkalis,Bengkalis,0.35,P2,Regenerasi alami terbantu,69.4,57,85,30,tinggi,Kondisi biofisik relatif mendukung pemulihan vegetasi.,mangrove-priority-2016-2025-v0.1
327,22,MPR-1C37B86A32,Sungaibatang,Bengkalis,Bengkalis,0.26,P2,Regenerasi alami terbantu,69.4,57,85,30,tinggi,Kondisi biofisik relatif mendukung pemulihan vegetasi.,mangrove-priority-2016-2025-v0.1
328,23,MPR-F0D26186EA,Sungaibatang,Bengkalis,Bengkalis,0.26,P2,Regenerasi alami terbantu,69.4,57,85,30,tinggi,Kondisi biofisik relatif mendukung pemulihan vegetasi.,mangrove-priority-2016-2025-v0.1
329,24,MPR-D6EBA14E93,Sungaibatang,Bengkalis,Bengkalis,0.23,P2,Regenerasi alami terbantu,69.4,57,85,30,tinggi,Kondisi biofisik relatif mendukung pemulihan vegetasi.,mangrove-priority-2016-2025-v0.1
330,40,MPR-824A7C10EB,Telukpapal,Bantan,Bengkalis,3.287,P1,Penanaman aktif,69.3,66,80,42,tinggi,Kebutuhan dan kelayakan relatif tinggi.,mangrove-priority-2016-2025-v0.1
331,25,MPR-861099D985,Penampi,Bengkalis,Bengkalis,1.91,P2,Regenerasi alami terbantu,69.3,60,82,32,tinggi,Kondisi biofisik relatif mendukung pemulihan vegetasi.,mangrove-priority-2016-2025-v0.1
332,54,MPR-AD65C50D65,Telukrhu,Rupat Utara,Bengkalis,1.844,P2,Regenerasi alami terbantu,69.3,60,82,32,tinggi,Kondisi biofisik relatif mendukung pemulihan vegetasi.,mangrove-priority-2016-2025-v0.1
333,7,MPR-F5BEE34DD6,Meskom,Bengkalis,Bengkalis,1.52,P2,Regenerasi alami terbantu,69.3,58,83,29,tinggi,Kondisi biofisik relatif mendukung pemulihan vegetasi.,mangrove-priority-2016-2025-v0.1
334,8,MPR-70C9BE5396,Meskom,Bengkalis,Bengkalis,1.41,P2,Regenerasi alami terbantu,69.3,58,83,29,tinggi,Kondisi biofisik relatif mendukung pemulihan vegetasi.,mangrove-priority-2016-2025-v0.1
335,1,MPR-4399A17BCB,Kelemantan,Bengkalis,Bengkalis,0.55,P2,Regenerasi alami terbantu,69.3,63,84,42,tinggi,Kondisi biofisik relatif mendukung pemulihan vegetasi.,mangrove-priority-2016-2025-v0.1
336,2,MPR-17C19B31DA,Kelemantan,Bengkalis,Bengkalis,0.44,P2,Regenerasi alami terbantu,69.3,63,84,42,tinggi,Kondisi biofisik relatif mendukung pemulihan vegetasi.,mangrove-priority-2016-2025-v0.1
337,1,MPR-AA2C66B754,Kelapa Pati,Bengkalis,Bengkalis,0.3,P1,Penanaman aktif,69.3,65,75,31,tinggi,Kebutuhan dan kelayakan relatif tinggi.,mangrove-priority-2016-2025-v0.1
338,9,MPR-1E0F386542,Meskom,Bengkalis,Bengkalis,0.29,P2,Regenerasi alami terbantu,69.3,56,85,28,tinggi,Kondisi biofisik relatif mendukung pemulihan vegetasi.,mangrove-priority-2016-2025-v0.1
339,10,MPR-D93FB00C02,Meskom,Bengkalis,Bengkalis,0.283,P2,Regenerasi alami terbantu,69.3,56,85,28,tinggi,Kondisi biofisik relatif mendukung pemulihan vegetasi.,mangrove-priority-2016-2025-v0.1
340,2,MPR-2CDD0D18CC,Kelapa Pati,Bengkalis,Bengkalis,0.28,P1,Penanaman aktif,69.3,65,75,31,tinggi,Kebutuhan dan kelayakan relatif tinggi.,mangrove-priority-2016-2025-v0.1
341,11,MPR-9D894B0435,Meskom,Bengkalis,Bengkalis,0.28,P2,Regenerasi alami terbantu,69.3,56,85,28,tinggi,Kondisi biofisik relatif mendukung pemulihan vegetasi.,mangrove-priority-2016-2025-v0.1
342,3,MPR-2FF83D3180,Kelapa Pati,Bengkalis,Bengkalis,0.27,P1,Penanaman aktif,69.3,65,75,31,tinggi,Kebutuhan dan kelayakan relatif tinggi.,mangrove-priority-2016-2025-v0.1
343,12,MPR-EEF1A89AA1,Meskom,Bengkalis,Bengkalis,0.27,P2,Regenerasi alami terbantu,69.3,56,85,28,tinggi,Kondisi biofisik relatif mendukung pemulihan vegetasi.,mangrove-priority-2016-2025-v0.1
344,4,MPR-DA6847380F,Kelapa Pati,Bengkalis,Bengkalis,0.266,P1,Penanaman aktif,69.3,65,75,31,tinggi,Kebutuhan dan kelayakan relatif tinggi.,mangrove-priority-2016-2025-v0.1
345,5,MPR-3CD1774AD7,Kelapa Pati,Bengkalis,Bengkalis,0.23,P1,Penanaman aktif,69.3,65,75,31,tinggi,Kebutuhan dan kelayakan relatif tinggi.,mangrove-priority-2016-2025-v0.1
346,13,MPR-615B80E243,Meskom,Bengkalis,Bengkalis,0.217,P2,Regenerasi alami terbantu,69.3,56,85,28,tinggi,Kondisi biofisik relatif mendukung pemulihan vegetasi.,mangrove-priority-2016-2025-v0.1
347,14,MPR-153346E674,Meskom,Bengkalis,Bengkalis,0.21,P2,Regenerasi alami terbantu,69.3,56,85,28,tinggi,Kondisi biofisik relatif mendukung pemulihan vegetasi.,mangrove-priority-2016-2025-v0.1
348,6,MPR-93DDC85A82,Kelapa Pati,Bengkalis,Bengkalis,0.199,P1,Penanaman aktif,69.3,65,75,31,tinggi,Kebutuhan dan kelayakan relatif tinggi.,mangrove-priority-2016-2025-v0.1
349,7,MPR-653443585F,Kelapa Pati,Bengkalis,Bengkalis,0.16,P1,Penanaman aktif,69.3,65,75,31,tinggi,Kebutuhan dan kelayakan relatif tinggi.,mangrove-priority-2016-2025-v0.1
350,8,MPR-48BC768BF5,Kelapa Pati,Bengkalis,Bengkalis,0.15,P1,Penanaman aktif,69.3,65,75,31,tinggi,Kebutuhan dan kelayakan relatif tinggi.,mangrove-priority-2016-2025-v0.1
351,9,MPR-33B375C75D,Kelapa Pati,Bengkalis,Bengkalis,0.148,P1,Penanaman aktif,69.3,65,75,31,tinggi,Kebutuhan dan kelayakan relatif tinggi.,mangrove-priority-2016-2025-v0.1
352,10,MPR-A0EF5BB19F,Kelapa Pati,Bengkalis,Bengkalis,0.141,P1,Penanaman aktif,69.3,65,75,31,tinggi,Kebutuhan dan kelayakan relatif tinggi.,mangrove-priority-2016-2025-v0.1
353,11,MPR-FF143D5EF9,Kelapa Pati,Bengkalis,Bengkalis,0.12,P1,Penanaman aktif,69.3,65,75,31,tinggi,Kebutuhan dan kelayakan relatif tinggi.,mangrove-priority-2016-2025-v0.1
354,12,MPR-1739E474DF,Kelapa Pati,Bengkalis,Bengkalis,0.098,P1,Penanaman aktif,69.3,65,75,31,tinggi,Kebutuhan dan kelayakan relatif tinggi.,mangrove-priority-2016-2025-v0.1
355,13,MPR-F8D985A5C1,Kelapa Pati,Bengkalis,Bengkalis,0.092,P1,Penanaman aktif,69.3,65,75,31,tinggi,Kebutuhan dan kelayakan relatif tinggi.,mangrove-priority-2016-2025-v0.1
356,14,MPR-620F4A2EB4,Kelapa Pati,Bengkalis,Bengkalis,0.08,P1,Penanaman aktif,69.3,65,75,31,tinggi,Kebutuhan dan kelayakan relatif tinggi.,mangrove-priority-2016-2025-v0.1
357,15,MPR-1C2986D0BB,Kelapa Pati,Bengkalis,Bengkalis,0.079,P1,Penanaman aktif,69.3,65,75,31,tinggi,Kebutuhan dan kelayakan relatif tinggi.,mangrove-priority-2016-2025-v0.1
358,16,MPR-6725B7FE6A,Kelapa Pati,Bengkalis,Bengkalis,0.078,P1,Penanaman aktif,69.3,65,75,31,tinggi,Kebutuhan dan kelayakan relatif tinggi.,mangrove-priority-2016-2025-v0.1
359,17,MPR-56037DF072,Kelapa Pati,Bengkalis,Bengkalis,0.072,P1,Penanaman aktif,69.3,65,75,31,tinggi,Kebutuhan dan kelayakan relatif tinggi.,mangrove-priority-2016-2025-v0.1
360,18,MPR-4EF491A78F,Kelapa Pati,Bengkalis,Bengkalis,0.071,P1,Penanaman aktif,69.3,65,75,31,tinggi,Kebutuhan dan kelayakan relatif tinggi.,mangrove-priority-2016-2025-v0.1
361,19,MPR-64182CB928,Kelapa Pati,Bengkalis,Bengkalis,0.054,P1,Penanaman aktif,69.3,65,75,31,tinggi,Kebutuhan dan kelayakan relatif tinggi.,mangrove-priority-2016-2025-v0.1
362,21,MPR-95CD5B5A9D,Bantan Timur,Bantan,Bengkalis,4.32,P2,Regenerasi alami terbantu,69.2,64,79,36,tinggi,Kondisi biofisik relatif mendukung pemulihan vegetasi.,mangrove-priority-2016-2025-v0.1
363,25,MPR-0C9CFA810E,Sungaibatang,Bengkalis,Bengkalis,1.7,P2,Regenerasi alami terbantu,69.2,59,83,32,tinggi,Kondisi biofisik relatif mendukung pemulihan vegetasi.,mangrove-priority-2016-2025-v0.1
364,20,MPR-083B9FD9FC,Kelapa Pati,Bengkalis,Bengkalis,0.92,P1,Penanaman aktif,69.2,66,74,32,tinggi,Kebutuhan dan kelayakan relatif tinggi.,mangrove-priority-2016-2025-v0.1
365,3,MPR-6CD3F89AA6,Kelemantan,Bengkalis,Bengkalis,0.808,P2,Regenerasi alami terbantu,69.2,63,84,43,tinggi,Kondisi biofisik relatif mendukung pemulihan vegetasi.,mangrove-priority-2016-2025-v0.1
366,4,MPR-CBEE60BB86,Kelemantan,Bengkalis,Bengkalis,0.65,P2,Regenerasi alami terbantu,69.2,63,84,43,tinggi,Kondisi biofisik relatif mendukung pemulihan vegetasi.,mangrove-priority-2016-2025-v0.1
367,1,MPR-47768EEE37,Selat Baru,Bantan,Bengkalis,0.59,P2,Regenerasi alami terbantu,69.2,61,84,38,tinggi,Kondisi biofisik relatif mendukung pemulihan vegetasi.,mangrove-priority-2016-2025-v0.1
368,2,MPR-B429A2BA2D,Selat Baru,Bantan,Bengkalis,0.569,P2,Regenerasi alami terbantu,69.2,61,84,38,tinggi,Kondisi biofisik relatif mendukung pemulihan vegetasi.,mangrove-priority-2016-2025-v0.1
369,1,MPR-B419FA1699,Kelebuk,Bengkalis,Bengkalis,0.52,P2,Regenerasi alami terbantu,69.2,56,84,27,tinggi,Kondisi biofisik relatif mendukung pemulihan vegetasi.,mangrove-priority-2016-2025-v0.1
370,3,MPR-0633D361F4,Selat Baru,Bantan,Bengkalis,0.5,P2,Regenerasi alami terbantu,69.2,61,84,38,tinggi,Kondisi biofisik relatif mendukung pemulihan vegetasi.,mangrove-priority-2016-2025-v0.1
371,2,MPR-8F9F2151FE,Kelebuk,Bengkalis,Bengkalis,0.49,P2,Regenerasi alami terbantu,69.2,56,84,27,tinggi,Kondisi biofisik relatif mendukung pemulihan vegetasi.,mangrove-priority-2016-2025-v0.1
372,3,MPR-0A45B98C91,Kelebuk,Bengkalis,Bengkalis,0.48,P2,Regenerasi alami terbantu,69.2,56,84,27,tinggi,Kondisi biofisik relatif mendukung pemulihan vegetasi.,mangrove-priority-2016-2025-v0.1
373,21,MPR-8896A3AEBC,Kelapa Pati,Bengkalis,Bengkalis,0.476,P1,Penanaman aktif,69.2,66,74,32,tinggi,Kebutuhan dan kelayakan relatif tinggi.,mangrove-priority-2016-2025-v0.1
374,5,MPR-625EFE385F,Kelemantan,Bengkalis,Bengkalis,0.33,P2,Regenerasi alami terbantu,69.2,62,85,42,tinggi,Kondisi biofisik relatif mendukung pemulihan vegetasi.,mangrove-priority-2016-2025-v0.1
375,6,MPR-8438CE44CA,Kelemantan,Bengkalis,Bengkalis,0.33,P2,Regenerasi alami terbantu,69.2,62,85,42,tinggi,Kondisi biofisik relatif mendukung pemulihan vegetasi.,mangrove-priority-2016-2025-v0.1
376,7,MPR-8DC78A3ACE,Kelemantan,Bengkalis,Bengkalis,0.32,P2,Regenerasi alami terbantu,69.2,62,85,42,tinggi,Kondisi biofisik relatif mendukung pemulihan vegetasi.,mangrove-priority-2016-2025-v0.1
377,8,MPR-D91BD246B2,Kelemantan,Bengkalis,Bengkalis,0.3,P2,Regenerasi alami terbantu,69.2,62,85,42,tinggi,Kondisi biofisik relatif mendukung pemulihan vegetasi.,mangrove-priority-2016-2025-v0.1
378,4,MPR-C9C03405F9,Selat Baru,Bantan,Bengkalis,0.27,P2,Regenerasi alami terbantu,69.2,60,85,38,tinggi,Kondisi biofisik relatif mendukung pemulihan vegetasi.,mangrove-priority-2016-2025-v0.1
379,9,MPR-62679F2B96,Kelemantan,Bengkalis,Bengkalis,0.24,P2,Regenerasi alami terbantu,69.2,62,85,42,tinggi,Kondisi biofisik relatif mendukung pemulihan vegetasi.,mangrove-priority-2016-2025-v0.1
380,10,MPR-5EEE13BD8D,Kelemantan,Bengkalis,Bengkalis,0.22,P2,Regenerasi alami terbantu,69.2,62,85,42,tinggi,Kondisi biofisik relatif mendukung pemulihan vegetasi.,mangrove-priority-2016-2025-v0.1
381,5,MPR-545968A4AA,Selat Baru,Bantan,Bengkalis,0.206,P2,Regenerasi alami terbantu,69.2,60,85,38,tinggi,Kondisi biofisik relatif mendukung pemulihan vegetasi.,mangrove-priority-2016-2025-v0.1
382,6,MPR-66CA4C8A61,Selat Baru,Bantan,Bengkalis,0.2,P2,Regenerasi alami terbantu,69.2,60,85,38,tinggi,Kondisi biofisik relatif mendukung pemulihan vegetasi.,mangrove-priority-2016-2025-v0.1
383,11,MPR-684D7F7467,Kelemantan,Bengkalis,Bengkalis,0.2,P2,Regenerasi alami terbantu,69.2,62,85,42,tinggi,Kondisi biofisik relatif mendukung pemulihan vegetasi.,mangrove-priority-2016-2025-v0.1
384,12,MPR-8C58A9354A,Kelemantan,Bengkalis,Bengkalis,0.19,P2,Regenerasi alami terbantu,69.2,62,85,42,tinggi,Kondisi biofisik relatif mendukung pemulihan vegetasi.,mangrove-priority-2016-2025-v0.1
385,13,MPR-EB1C0B09F4,Kelemantan,Bengkalis,Bengkalis,0.19,P2,Regenerasi alami terbantu,69.2,62,85,42,tinggi,Kondisi biofisik relatif mendukung pemulihan vegetasi.,mangrove-priority-2016-2025-v0.1
386,7,MPR-2B761404A3,Selat Baru,Bantan,Bengkalis,0.18,P2,Regenerasi alami terbantu,69.2,60,85,38,tinggi,Kondisi biofisik relatif mendukung pemulihan vegetasi.,mangrove-priority-2016-2025-v0.1
387,14,MPR-6D4E4F55FB,Kelemantan,Bengkalis,Bengkalis,0.18,P2,Regenerasi alami terbantu,69.2,62,85,42,tinggi,Kondisi biofisik relatif mendukung pemulihan vegetasi.,mangrove-priority-2016-2025-v0.1
388,8,MPR-A17560B001,Selat Baru,Bantan,Bengkalis,0.18,P2,Regenerasi alami terbantu,69.2,60,85,38,tinggi,Kondisi biofisik relatif mendukung pemulihan vegetasi.,mangrove-priority-2016-2025-v0.1
389,15,MPR-9A2641215D,Kelemantan,Bengkalis,Bengkalis,0.17,P2,Regenerasi alami terbantu,69.2,62,85,42,tinggi,Kondisi biofisik relatif mendukung pemulihan vegetasi.,mangrove-priority-2016-2025-v0.1
390,16,MPR-2EBCCDFBC2,Kelemantan,Bengkalis,Bengkalis,0.16,P2,Regenerasi alami terbantu,69.2,62,85,42,tinggi,Kondisi biofisik relatif mendukung pemulihan vegetasi.,mangrove-priority-2016-2025-v0.1
391,17,MPR-D7F494D0B1,Kelemantan,Bengkalis,Bengkalis,0.15,P2,Regenerasi alami terbantu,69.2,62,85,42,tinggi,Kondisi biofisik relatif mendukung pemulihan vegetasi.,mangrove-priority-2016-2025-v0.1
392,9,MPR-290AEFEC1A,Selat Baru,Bantan,Bengkalis,0.149,P2,Regenerasi alami terbantu,69.2,60,85,38,tinggi,Kondisi biofisik relatif mendukung pemulihan vegetasi.,mangrove-priority-2016-2025-v0.1
393,18,MPR-1D9510593B,Kelemantan,Bengkalis,Bengkalis,0.14,P2,Regenerasi alami terbantu,69.2,62,85,42,tinggi,Kondisi biofisik relatif mendukung pemulihan vegetasi.,mangrove-priority-2016-2025-v0.1
394,19,MPR-4E7C460D32,Kelemantan,Bengkalis,Bengkalis,0.14,P2,Regenerasi alami terbantu,69.2,62,85,42,tinggi,Kondisi biofisik relatif mendukung pemulihan vegetasi.,mangrove-priority-2016-2025-v0.1
395,10,MPR-98849846B5,Selat Baru,Bantan,Bengkalis,0.14,P2,Regenerasi alami terbantu,69.2,60,85,38,tinggi,Kondisi biofisik relatif mendukung pemulihan vegetasi.,mangrove-priority-2016-2025-v0.1
396,11,MPR-95215803A7,Selat Baru,Bantan,Bengkalis,0.12,P2,Regenerasi alami terbantu,69.2,60,85,38,tinggi,Kondisi biofisik relatif mendukung pemulihan vegetasi.,mangrove-priority-2016-2025-v0.1
397,12,MPR-DDFA6004CF,Selat Baru,Bantan,Bengkalis,0.119,P2,Regenerasi alami terbantu,69.2,60,85,38,tinggi,Kondisi biofisik relatif mendukung pemulihan vegetasi.,mangrove-priority-2016-2025-v0.1
398,13,MPR-7041D9CF9C,Selat Baru,Bantan,Bengkalis,0.117,P2,Regenerasi alami terbantu,69.2,60,85,38,tinggi,Kondisi biofisik relatif mendukung pemulihan vegetasi.,mangrove-priority-2016-2025-v0.1
399,20,MPR-2C081E8D37,Kelemantan,Bengkalis,Bengkalis,0.11,P2,Regenerasi alami terbantu,69.2,62,85,42,tinggi,Kondisi biofisik relatif mendukung pemulihan vegetasi.,mangrove-priority-2016-2025-v0.1
400,21,MPR-EBA6FA1CC8,Kelemantan,Bengkalis,Bengkalis,0.11,P2,Regenerasi alami terbantu,69.2,62,85,42,tinggi,Kondisi biofisik relatif mendukung pemulihan vegetasi.,mangrove-priority-2016-2025-v0.1
401,22,MPR-62ADF21CF8,Kelemantan,Bengkalis,Bengkalis,0.108,P2,Regenerasi alami terbantu,69.2,62,85,42,tinggi,Kondisi biofisik relatif mendukung pemulihan vegetasi.,mangrove-priority-2016-2025-v0.1
402,23,MPR-9BDAF9A0EC,Kelemantan,Bengkalis,Bengkalis,0.1,P2,Regenerasi alami terbantu,69.2,62,85,42,tinggi,Kondisi biofisik relatif mendukung pemulihan vegetasi.,mangrove-priority-2016-2025-v0.1
403,24,MPR-DBDE40480F,Kelemantan,Bengkalis,Bengkalis,0.1,P2,Regenerasi alami terbantu,69.2,62,85,42,tinggi,Kondisi biofisik relatif mendukung pemulihan vegetasi.,mangrove-priority-2016-2025-v0.1
404,14,MPR-FB8DBAA4E4,Selat Baru,Bantan,Bengkalis,0.1,P2,Regenerasi alami terbantu,69.2,60,85,38,tinggi,Kondisi biofisik relatif mendukung pemulihan vegetasi.,mangrove-priority-2016-2025-v0.1
405,25,MPR-0F5ED00CBB,Kelemantan,Bengkalis,Bengkalis,0.09,P2,Regenerasi alami terbantu,69.2,62,85,42,tinggi,Kondisi biofisik relatif mendukung pemulihan vegetasi.,mangrove-priority-2016-2025-v0.1
406,26,MPR-5AE9B511E0,Kelemantan,Bengkalis,Bengkalis,0.09,P2,Regenerasi alami terbantu,69.2,62,85,42,tinggi,Kondisi biofisik relatif mendukung pemulihan vegetasi.,mangrove-priority-2016-2025-v0.1
407,15,MPR-05508EA42E,Selat Baru,Bantan,Bengkalis,0.08,P2,Regenerasi alami terbantu,69.2,60,85,38,tinggi,Kondisi biofisik relatif mendukung pemulihan vegetasi.,mangrove-priority-2016-2025-v0.1
408,16,MPR-0642982034,Selat Baru,Bantan,Bengkalis,0.08,P2,Regenerasi alami terbantu,69.2,60,85,38,tinggi,Kondisi biofisik relatif mendukung pemulihan vegetasi.,mangrove-priority-2016-2025-v0.1
409,17,MPR-73949D5CA6,Selat Baru,Bantan,Bengkalis,0.08,P2,Regenerasi alami terbantu,69.2,60,85,38,tinggi,Kondisi biofisik relatif mendukung pemulihan vegetasi.,mangrove-priority-2016-2025-v0.1
410,27,MPR-8292C73DA6,Kelemantan,Bengkalis,Bengkalis,0.08,P2,Regenerasi alami terbantu,69.2,62,85,42,tinggi,Kondisi biofisik relatif mendukung pemulihan vegetasi.,mangrove-priority-2016-2025-v0.1
411,18,MPR-8EBC2F90AE,Selat Baru,Bantan,Bengkalis,0.08,P2,Regenerasi alami terbantu,69.2,60,85,38,tinggi,Kondisi biofisik relatif mendukung pemulihan vegetasi.,mangrove-priority-2016-2025-v0.1
412,19,MPR-B286D3C684,Selat Baru,Bantan,Bengkalis,0.08,P2,Regenerasi alami terbantu,69.2,60,85,38,tinggi,Kondisi biofisik relatif mendukung pemulihan vegetasi.,mangrove-priority-2016-2025-v0.1
413,28,MPR-CADF36B274,Kelemantan,Bengkalis,Bengkalis,0.08,P2,Regenerasi alami terbantu,69.2,62,85,42,tinggi,Kondisi biofisik relatif mendukung pemulihan vegetasi.,mangrove-priority-2016-2025-v0.1
414,20,MPR-D8F1DDDA91,Selat Baru,Bantan,Bengkalis,0.08,P2,Regenerasi alami terbantu,69.2,60,85,38,tinggi,Kondisi biofisik relatif mendukung pemulihan vegetasi.,mangrove-priority-2016-2025-v0.1
415,21,MPR-F39169AE5F,Selat Baru,Bantan,Bengkalis,0.08,P2,Regenerasi alami terbantu,69.2,60,85,38,tinggi,Kondisi biofisik relatif mendukung pemulihan vegetasi.,mangrove-priority-2016-2025-v0.1
416,22,MPR-9ED3D375CE,Selat Baru,Bantan,Bengkalis,0.071,P2,Regenerasi alami terbantu,69.2,60,85,38,tinggi,Kondisi biofisik relatif mendukung pemulihan vegetasi.,mangrove-priority-2016-2025-v0.1
417,23,MPR-00E37E3F6D,Selat Baru,Bantan,Bengkalis,0.065,P2,Regenerasi alami terbantu,69.2,60,85,38,tinggi,Kondisi biofisik relatif mendukung pemulihan vegetasi.,mangrove-priority-2016-2025-v0.1
418,24,MPR-FBC644F096,Selat Baru,Bantan,Bengkalis,0.065,P2,Regenerasi alami terbantu,69.2,60,85,38,tinggi,Kondisi biofisik relatif mendukung pemulihan vegetasi.,mangrove-priority-2016-2025-v0.1
419,25,MPR-4480E3263B,Selat Baru,Bantan,Bengkalis,0.057,P2,Regenerasi alami terbantu,69.2,60,85,38,tinggi,Kondisi biofisik relatif mendukung pemulihan vegetasi.,mangrove-priority-2016-2025-v0.1
420,26,MPR-8FD5F05795,Selat Baru,Bantan,Bengkalis,0.05,P2,Regenerasi alami terbantu,69.2,60,85,38,tinggi,Kondisi biofisik relatif mendukung pemulihan vegetasi.,mangrove-priority-2016-2025-v0.1
421,29,MPR-C247431F7E,Kelemantan,Bengkalis,Bengkalis,0.05,P2,Regenerasi alami terbantu,69.2,62,85,42,tinggi,Kondisi biofisik relatif mendukung pemulihan vegetasi.,mangrove-priority-2016-2025-v0.1
422,30,MPR-C9EB73E754,Kelemantan,Bengkalis,Bengkalis,0.05,P2,Regenerasi alami terbantu,69.2,62,85,42,tinggi,Kondisi biofisik relatif mendukung pemulihan vegetasi.,mangrove-priority-2016-2025-v0.1
423,4,MPR-10AC4BD560,Kelebuk,Bengkalis,Bengkalis,0.28,P2,Regenerasi alami terbantu,69.1,55,85,27,tinggi,Kondisi biofisik relatif mendukung pemulihan vegetasi.,mangrove-priority-2016-2025-v0.1
424,5,MPR-DF8F8F8DCC,Kelebuk,Bengkalis,Bengkalis,0.25,P2,Regenerasi alami terbantu,69.1,55,85,27,tinggi,Kondisi biofisik relatif mendukung pemulihan vegetasi.,mangrove-priority-2016-2025-v0.1
425,6,MPR-CE3E795198,Kelebuk,Bengkalis,Bengkalis,0.17,P2,Regenerasi alami terbantu,69.1,55,85,27,tinggi,Kondisi biofisik relatif mendukung pemulihan vegetasi.,mangrove-priority-2016-2025-v0.1
426,7,MPR-D07FD0EAA1,Kelebuk,Bengkalis,Bengkalis,0.17,P2,Regenerasi alami terbantu,69.1,55,85,27,tinggi,Kondisi biofisik relatif mendukung pemulihan vegetasi.,mangrove-priority-2016-2025-v0.1
427,8,MPR-97F0273B7C,Kelebuk,Bengkalis,Bengkalis,0.14,P2,Regenerasi alami terbantu,69.1,55,85,27,tinggi,Kondisi biofisik relatif mendukung pemulihan vegetasi.,mangrove-priority-2016-2025-v0.1
428,9,MPR-317E6D1255,Kelebuk,Bengkalis,Bengkalis,0.12,P2,Regenerasi alami terbantu,69.1,55,85,27,tinggi,Kondisi biofisik relatif mendukung pemulihan vegetasi.,mangrove-priority-2016-2025-v0.1
429,10,MPR-855F2F5FC3,Kelebuk,Bengkalis,Bengkalis,0.12,P2,Regenerasi alami terbantu,69.1,55,85,27,tinggi,Kondisi biofisik relatif mendukung pemulihan vegetasi.,mangrove-priority-2016-2025-v0.1
430,11,MPR-0CD6BA749A,Kelebuk,Bengkalis,Bengkalis,0.11,P2,Regenerasi alami terbantu,69.1,55,85,27,tinggi,Kondisi biofisik relatif mendukung pemulihan vegetasi.,mangrove-priority-2016-2025-v0.1
431,12,MPR-76D0272026,Kelebuk,Bengkalis,Bengkalis,0.11,P2,Regenerasi alami terbantu,69.1,55,85,27,tinggi,Kondisi biofisik relatif mendukung pemulihan vegetasi.,mangrove-priority-2016-2025-v0.1
432,13,MPR-134A3EC93B,Kelebuk,Bengkalis,Bengkalis,0.08,P2,Regenerasi alami terbantu,69.1,55,85,27,tinggi,Kondisi biofisik relatif mendukung pemulihan vegetasi.,mangrove-priority-2016-2025-v0.1
433,21,MPR-CE16590A1F,Mentayan,Bantan,Bengkalis,2.033,P2,Regenerasi alami terbantu,69.0,59,82,31,tinggi,Kondisi biofisik relatif mendukung pemulihan vegetasi.,mangrove-priority-2016-2025-v0.1
434,27,MPR-59EA0F270F,Selat Baru,Bantan,Bengkalis,1.73,P2,Regenerasi alami terbantu,69.0,62,83,40,tinggi,Kondisi biofisik relatif mendukung pemulihan vegetasi.,mangrove-priority-2016-2025-v0.1
435,31,MPR-624367D36C,Kelemantan,Bengkalis,Bengkalis,1.65,P2,Regenerasi alami terbantu,69.0,64,83,44,tinggi,Kondisi biofisik relatif mendukung pemulihan vegetasi.,mangrove-priority-2016-2025-v0.1
436,32,MPR-779385887C,Kelemantan,Bengkalis,Bengkalis,1.29,P2,Regenerasi alami terbantu,69.0,64,83,44,tinggi,Kondisi biofisik relatif mendukung pemulihan vegetasi.,mangrove-priority-2016-2025-v0.1
437,26,MPR-ED63E1AE32,Sungaibatang,Bengkalis,Bengkalis,1.22,P2,Regenerasi alami terbantu,69.0,58,83,31,tinggi,Kondisi biofisik relatif mendukung pemulihan vegetasi.,mangrove-priority-2016-2025-v0.1
438,28,MPR-3E750F8671,Selat Baru,Bantan,Bengkalis,1.07,P2,Regenerasi alami terbantu,69.0,61,84,39,tinggi,Kondisi biofisik relatif mendukung pemulihan vegetasi.,mangrove-priority-2016-2025-v0.1
439,29,MPR-F8B704D1FF,Selat Baru,Bantan,Bengkalis,1.04,P2,Regenerasi alami terbantu,69.0,61,84,39,tinggi,Kondisi biofisik relatif mendukung pemulihan vegetasi.,mangrove-priority-2016-2025-v0.1
440,1,MPR-4139EAC734,Penebal,Bengkalis,Bengkalis,1.03,P2,Regenerasi alami terbantu,69.0,58,83,31,tinggi,Kondisi biofisik relatif mendukung pemulihan vegetasi.,mangrove-priority-2016-2025-v0.1
441,30,MPR-D640A864A7,Selat Baru,Bantan,Bengkalis,1.03,P2,Regenerasi alami terbantu,69.0,61,84,39,tinggi,Kondisi biofisik relatif mendukung pemulihan vegetasi.,mangrove-priority-2016-2025-v0.1
442,31,MPR-3E051B7C4F,Selat Baru,Bantan,Bengkalis,0.969,P2,Regenerasi alami terbantu,69.0,61,84,39,tinggi,Kondisi biofisik relatif mendukung pemulihan vegetasi.,mangrove-priority-2016-2025-v0.1
443,14,MPR-1D2CF51DD9,Kelebuk,Bengkalis,Bengkalis,0.82,P2,Regenerasi alami terbantu,69.0,56,84,28,tinggi,Kondisi biofisik relatif mendukung pemulihan vegetasi.,mangrove-priority-2016-2025-v0.1
444,32,MPR-261B7089C4,Selat Baru,Bantan,Bengkalis,0.806,P2,Regenerasi alami terbantu,69.0,61,84,39,tinggi,Kondisi biofisik relatif mendukung pemulihan vegetasi.,mangrove-priority-2016-2025-v0.1
445,33,MPR-FB96F18572,Selat Baru,Bantan,Bengkalis,0.771,P2,Regenerasi alami terbantu,69.0,61,84,39,tinggi,Kondisi biofisik relatif mendukung pemulihan vegetasi.,mangrove-priority-2016-2025-v0.1
446,34,MPR-F4ACBBB562,Selat Baru,Bantan,Bengkalis,0.77,P2,Regenerasi alami terbantu,69.0,61,84,39,tinggi,Kondisi biofisik relatif mendukung pemulihan vegetasi.,mangrove-priority-2016-2025-v0.1
447,35,MPR-3BBB63DF9C,Selat Baru,Bantan,Bengkalis,0.694,P2,Regenerasi alami terbantu,69.0,61,84,39,tinggi,Kondisi biofisik relatif mendukung pemulihan vegetasi.,mangrove-priority-2016-2025-v0.1
448,2,MPR-1F5DB69109,Penebal,Bengkalis,Bengkalis,0.68,P2,Regenerasi alami terbantu,69.0,58,83,31,tinggi,Kondisi biofisik relatif mendukung pemulihan vegetasi.,mangrove-priority-2016-2025-v0.1
449,27,MPR-8308544344,Sungaibatang,Bengkalis,Bengkalis,0.41,P2,Regenerasi alami terbantu,69.0,57,84,30,tinggi,Kondisi biofisik relatif mendukung pemulihan vegetasi.,mangrove-priority-2016-2025-v0.1
450,28,MPR-B7E55C3C7D,Sungaibatang,Bengkalis,Bengkalis,0.41,P2,Regenerasi alami terbantu,69.0,57,84,30,tinggi,Kondisi biofisik relatif mendukung pemulihan vegetasi.,mangrove-priority-2016-2025-v0.1
451,22,MPR-6C87925219,Kelapa Pati,Bengkalis,Bengkalis,0.408,P1,Penanaman aktif,69.0,65,74,31,tinggi,Kebutuhan dan kelayakan relatif tinggi.,mangrove-priority-2016-2025-v0.1
452,23,MPR-CCC46F4A16,Kelapa Pati,Bengkalis,Bengkalis,0.4,P1,Penanaman aktif,69.0,65,74,31,tinggi,Kebutuhan dan kelayakan relatif tinggi.,mangrove-priority-2016-2025-v0.1
453,24,MPR-E91DC9B4D3,Kelapa Pati,Bengkalis,Bengkalis,0.38,P1,Penanaman aktif,69.0,65,74,31,tinggi,Kebutuhan dan kelayakan relatif tinggi.,mangrove-priority-2016-2025-v0.1
454,29,MPR-F1A92F0F9D,Sungaibatang,Bengkalis,Bengkalis,0.37,P2,Regenerasi alami terbantu,69.0,57,84,30,tinggi,Kondisi biofisik relatif mendukung pemulihan vegetasi.,mangrove-priority-2016-2025-v0.1
455,25,MPR-3051371B25,Kelapa Pati,Bengkalis,Bengkalis,0.359,P1,Penanaman aktif,69.0,65,74,31,tinggi,Kebutuhan dan kelayakan relatif tinggi.,mangrove-priority-2016-2025-v0.1
456,1,MPR-093F51F0D6,Tenggayun,Bandar Laksamana,Bengkalis,0.27,P2,Regenerasi alami terbantu,69.0,57,85,32,tinggi,Kondisi biofisik relatif mendukung pemulihan vegetasi.,mangrove-priority-2016-2025-v0.1
457,1,MPR-2EACF489A6,Pangkalan Batang,Bengkalis,Bengkalis,0.27,P2,Regenerasi alami terbantu,69.0,57,85,32,tinggi,Kondisi biofisik relatif mendukung pemulihan vegetasi.,mangrove-priority-2016-2025-v0.1
458,2,MPR-9DCCFFD1D0,Tenggayun,Bandar Laksamana,Bengkalis,0.265,P2,Regenerasi alami terbantu,69.0,57,85,32,tinggi,Kondisi biofisik relatif mendukung pemulihan vegetasi.,mangrove-priority-2016-2025-v0.1
459,3,MPR-F8C373836C,Penebal,Bengkalis,Bengkalis,0.26,P2,Regenerasi alami terbantu,69.0,57,84,30,tinggi,Kondisi biofisik relatif mendukung pemulihan vegetasi.,mangrove-priority-2016-2025-v0.1
460,2,MPR-66A619104D,Pangkalan Batang,Bengkalis,Bengkalis,0.24,P2,Regenerasi alami terbantu,69.0,57,85,32,tinggi,Kondisi biofisik relatif mendukung pemulihan vegetasi.,mangrove-priority-2016-2025-v0.1
461,4,MPR-A6DFE440CF,Penebal,Bengkalis,Bengkalis,0.24,P2,Regenerasi alami terbantu,69.0,57,84,30,tinggi,Kondisi biofisik relatif mendukung pemulihan vegetasi.,mangrove-priority-2016-2025-v0.1
462,5,MPR-91A16584AB,Penebal,Bengkalis,Bengkalis,0.22,P2,Regenerasi alami terbantu,69.0,57,84,30,tinggi,Kondisi biofisik relatif mendukung pemulihan vegetasi.,mangrove-priority-2016-2025-v0.1
463,3,MPR-5BA76E4324,Tenggayun,Bandar Laksamana,Bengkalis,0.21,P2,Regenerasi alami terbantu,69.0,57,85,32,tinggi,Kondisi biofisik relatif mendukung pemulihan vegetasi.,mangrove-priority-2016-2025-v0.1
464,6,MPR-E65FDDA319,Penebal,Bengkalis,Bengkalis,0.2,P2,Regenerasi alami terbantu,69.0,57,84,30,tinggi,Kondisi biofisik relatif mendukung pemulihan vegetasi.,mangrove-priority-2016-2025-v0.1
465,1,MPR-0E5BA7DCD8,Pematang Duku,Bengkalis,Bengkalis,0.19,P2,Regenerasi alami terbantu,69.0,56,84,28,tinggi,Kondisi biofisik relatif mendukung pemulihan vegetasi.,mangrove-priority-2016-2025-v0.1
466,4,MPR-2EF00DC305,Tenggayun,Bandar Laksamana,Bengkalis,0.19,P2,Regenerasi alami terbantu,69.0,57,85,32,tinggi,Kondisi biofisik relatif mendukung pemulihan vegetasi.,mangrove-priority-2016-2025-v0.1
467,5,MPR-53C030F3D3,Tenggayun,Bandar Laksamana,Bengkalis,0.18,P2,Regenerasi alami terbantu,69.0,57,85,32,tinggi,Kondisi biofisik relatif mendukung pemulihan vegetasi.,mangrove-priority-2016-2025-v0.1
468,6,MPR-63E4BD7208,Tenggayun,Bandar Laksamana,Bengkalis,0.18,P2,Regenerasi alami terbantu,69.0,57,85,32,tinggi,Kondisi biofisik relatif mendukung pemulihan vegetasi.,mangrove-priority-2016-2025-v0.1
469,7,MPR-A2ACF51197,Tenggayun,Bandar Laksamana,Bengkalis,0.18,P2,Regenerasi alami terbantu,69.0,57,85,32,tinggi,Kondisi biofisik relatif mendukung pemulihan vegetasi.,mangrove-priority-2016-2025-v0.1
470,2,MPR-57A5D33B18,Pematang Duku,Bengkalis,Bengkalis,0.17,P2,Regenerasi alami terbantu,69.0,56,84,28,tinggi,Kondisi biofisik relatif mendukung pemulihan vegetasi.,mangrove-priority-2016-2025-v0.1
471,7,MPR-B38B137F79,Penebal,Bengkalis,Bengkalis,0.17,P2,Regenerasi alami terbantu,69.0,57,84,30,tinggi,Kondisi biofisik relatif mendukung pemulihan vegetasi.,mangrove-priority-2016-2025-v0.1
472,3,MPR-FF750818D2,Pangkalan Batang,Bengkalis,Bengkalis,0.17,P2,Regenerasi alami terbantu,69.0,57,85,32,tinggi,Kondisi biofisik relatif mendukung pemulihan vegetasi.,mangrove-priority-2016-2025-v0.1
473,8,MPR-3EF6C3D611,Penebal,Bengkalis,Bengkalis,0.16,P2,Regenerasi alami terbantu,69.0,57,84,30,tinggi,Kondisi biofisik relatif mendukung pemulihan vegetasi.,mangrove-priority-2016-2025-v0.1
474,4,MPR-6792FE4C51,Pangkalan Batang,Bengkalis,Bengkalis,0.16,P2,Regenerasi alami terbantu,69.0,57,85,32,tinggi,Kondisi biofisik relatif mendukung pemulihan vegetasi.,mangrove-priority-2016-2025-v0.1
475,8,MPR-AA5C0D6E39,Tenggayun,Bandar Laksamana,Bengkalis,0.16,P2,Regenerasi alami terbantu,69.0,57,85,32,tinggi,Kondisi biofisik relatif mendukung pemulihan vegetasi.,mangrove-priority-2016-2025-v0.1
476,3,MPR-6B8BB223C1,Pematang Duku,Bengkalis,Bengkalis,0.15,P2,Regenerasi alami terbantu,69.0,56,84,28,tinggi,Kondisi biofisik relatif mendukung pemulihan vegetasi.,mangrove-priority-2016-2025-v0.1
477,4,MPR-9D58ECD210,Pematang Duku,Bengkalis,Bengkalis,0.15,P2,Regenerasi alami terbantu,69.0,56,84,28,tinggi,Kondisi biofisik relatif mendukung pemulihan vegetasi.,mangrove-priority-2016-2025-v0.1
478,9,MPR-AB294D7474,Penebal,Bengkalis,Bengkalis,0.15,P2,Regenerasi alami terbantu,69.0,57,84,30,tinggi,Kondisi biofisik relatif mendukung pemulihan vegetasi.,mangrove-priority-2016-2025-v0.1
479,5,MPR-B408B6E1A6,Pematang Duku,Bengkalis,Bengkalis,0.15,P2,Regenerasi alami terbantu,69.0,56,84,28,tinggi,Kondisi biofisik relatif mendukung pemulihan vegetasi.,mangrove-priority-2016-2025-v0.1
480,6,MPR-09B1F55576,Pematang Duku,Bengkalis,Bengkalis,0.14,P2,Regenerasi alami terbantu,69.0,56,84,28,tinggi,Kondisi biofisik relatif mendukung pemulihan vegetasi.,mangrove-priority-2016-2025-v0.1
481,5,MPR-293D1A28D4,Pangkalan Batang,Bengkalis,Bengkalis,0.14,P2,Regenerasi alami terbantu,69.0,57,85,32,tinggi,Kondisi biofisik relatif mendukung pemulihan vegetasi.,mangrove-priority-2016-2025-v0.1
482,9,MPR-81764142F4,Tenggayun,Bandar Laksamana,Bengkalis,0.14,P2,Regenerasi alami terbantu,69.0,57,85,32,tinggi,Kondisi biofisik relatif mendukung pemulihan vegetasi.,mangrove-priority-2016-2025-v0.1
483,10,MPR-AEDB156553,Penebal,Bengkalis,Bengkalis,0.14,P2,Regenerasi alami terbantu,69.0,57,84,30,tinggi,Kondisi biofisik relatif mendukung pemulihan vegetasi.,mangrove-priority-2016-2025-v0.1
484,10,MPR-C429DFE0F5,Tenggayun,Bandar Laksamana,Bengkalis,0.14,P2,Regenerasi alami terbantu,69.0,57,85,32,tinggi,Kondisi biofisik relatif mendukung pemulihan vegetasi.,mangrove-priority-2016-2025-v0.1
485,6,MPR-E079141DCC,Pangkalan Batang,Bengkalis,Bengkalis,0.14,P2,Regenerasi alami terbantu,69.0,57,85,32,tinggi,Kondisi biofisik relatif mendukung pemulihan vegetasi.,mangrove-priority-2016-2025-v0.1
486,11,MPR-30F0965D7B,Penebal,Bengkalis,Bengkalis,0.13,P2,Regenerasi alami terbantu,69.0,57,84,30,tinggi,Kondisi biofisik relatif mendukung pemulihan vegetasi.,mangrove-priority-2016-2025-v0.1
487,1,MPR-4392CAD76E,Sekodi,Bengkalis,Bengkalis,0.13,P2,Regenerasi alami terbantu,69.0,57,85,32,tinggi,Kondisi biofisik relatif mendukung pemulihan vegetasi.,mangrove-priority-2016-2025-v0.1
488,2,MPR-04436510C8,Sekodi,Bengkalis,Bengkalis,0.12,P2,Regenerasi alami terbantu,69.0,57,85,32,tinggi,Kondisi biofisik relatif mendukung pemulihan vegetasi.,mangrove-priority-2016-2025-v0.1
489,3,MPR-0C9ABC182E,Sekodi,Bengkalis,Bengkalis,0.12,P2,Regenerasi alami terbantu,69.0,57,85,32,tinggi,Kondisi biofisik relatif mendukung pemulihan vegetasi.,mangrove-priority-2016-2025-v0.1
490,4,MPR-4B2C80C4B8,Sekodi,Bengkalis,Bengkalis,0.12,P2,Regenerasi alami terbantu,69.0,57,85,32,tinggi,Kondisi biofisik relatif mendukung pemulihan vegetasi.,mangrove-priority-2016-2025-v0.1
491,7,MPR-F4547CD77E,Pangkalan Batang,Bengkalis,Bengkalis,0.12,P2,Regenerasi alami terbantu,69.0,57,85,32,tinggi,Kondisi biofisik relatif mendukung pemulihan vegetasi.,mangrove-priority-2016-2025-v0.1
492,11,MPR-2BC2BE4A3A,Tenggayun,Bandar Laksamana,Bengkalis,0.11,P2,Regenerasi alami terbantu,69.0,57,85,32,tinggi,Kondisi biofisik relatif mendukung pemulihan vegetasi.,mangrove-priority-2016-2025-v0.1
493,5,MPR-4343E8496B,Sekodi,Bengkalis,Bengkalis,0.11,P2,Regenerasi alami terbantu,69.0,57,85,32,tinggi,Kondisi biofisik relatif mendukung pemulihan vegetasi.,mangrove-priority-2016-2025-v0.1
494,6,MPR-5AFFC2B086,Sekodi,Bengkalis,Bengkalis,0.11,P2,Regenerasi alami terbantu,69.0,57,85,32,tinggi,Kondisi biofisik relatif mendukung pemulihan vegetasi.,mangrove-priority-2016-2025-v0.1
495,7,MPR-95A287F8A2,Sekodi,Bengkalis,Bengkalis,0.11,P2,Regenerasi alami terbantu,69.0,57,85,32,tinggi,Kondisi biofisik relatif mendukung pemulihan vegetasi.,mangrove-priority-2016-2025-v0.1
496,7,MPR-AA99188D96,Pematang Duku,Bengkalis,Bengkalis,0.11,P2,Regenerasi alami terbantu,69.0,56,84,28,tinggi,Kondisi biofisik relatif mendukung pemulihan vegetasi.,mangrove-priority-2016-2025-v0.1
497,8,MPR-E60B82B3C0,Pangkalan Batang,Bengkalis,Bengkalis,0.11,P2,Regenerasi alami terbantu,69.0,57,85,32,tinggi,Kondisi biofisik relatif mendukung pemulihan vegetasi.,mangrove-priority-2016-2025-v0.1
498,12,MPR-ED06C3D043,Tenggayun,Bandar Laksamana,Bengkalis,0.107,P2,Regenerasi alami terbantu,69.0,57,85,32,tinggi,Kondisi biofisik relatif mendukung pemulihan vegetasi.,mangrove-priority-2016-2025-v0.1
499,8,MPR-1AE4DC8F55,Sekodi,Bengkalis,Bengkalis,0.1,P2,Regenerasi alami terbantu,69.0,57,85,32,tinggi,Kondisi biofisik relatif mendukung pemulihan vegetasi.,mangrove-priority-2016-2025-v0.1
500,9,MPR-1E9C8EEA3E,Sekodi,Bengkalis,Bengkalis,0.1,P2,Regenerasi alami terbantu,69.0,57,85,32,tinggi,Kondisi biofisik relatif mendukung pemulihan vegetasi.,mangrove-priority-2016-2025-v0.1
501,12,MPR-2A03ED6B2F,Penebal,Bengkalis,Bengkalis,0.1,P2,Regenerasi alami terbantu,69.0,57,84,30,tinggi,Kondisi biofisik relatif mendukung pemulihan vegetasi.,mangrove-priority-2016-2025-v0.1
502,9,MPR-449F48ED3B,Pangkalan Batang,Bengkalis,Bengkalis,0.1,P2,Regenerasi alami terbantu,69.0,57,85,32,tinggi,Kondisi biofisik relatif mendukung pemulihan vegetasi.,mangrove-priority-2016-2025-v0.1
503,8,MPR-4F1FBF30BD,Pematang Duku,Bengkalis,Bengkalis,0.1,P2,Regenerasi alami terbantu,69.0,56,84,28,tinggi,Kondisi biofisik relatif mendukung pemulihan vegetasi.,mangrove-priority-2016-2025-v0.1
504,13,MPR-76B3BC88D5,Tenggayun,Bandar Laksamana,Bengkalis,0.1,P2,Regenerasi alami terbantu,69.0,57,85,32,tinggi,Kondisi biofisik relatif mendukung pemulihan vegetasi.,mangrove-priority-2016-2025-v0.1
505,14,MPR-2355191A1C,Tenggayun,Bandar Laksamana,Bengkalis,0.092,P2,Regenerasi alami terbantu,69.0,57,85,32,tinggi,Kondisi biofisik relatif mendukung pemulihan vegetasi.,mangrove-priority-2016-2025-v0.1
506,15,MPR-99F8056613,Tenggayun,Bandar Laksamana,Bengkalis,0.092,P2,Regenerasi alami terbantu,69.0,57,85,32,tinggi,Kondisi biofisik relatif mendukung pemulihan vegetasi.,mangrove-priority-2016-2025-v0.1
507,10,MPR-04D257C18A,Sekodi,Bengkalis,Bengkalis,0.09,P2,Regenerasi alami terbantu,69.0,57,85,32,tinggi,Kondisi biofisik relatif mendukung pemulihan vegetasi.,mangrove-priority-2016-2025-v0.1
508,11,MPR-021BF923AB,Sekodi,Bengkalis,Bengkalis,0.08,P2,Regenerasi alami terbantu,69.0,57,85,32,tinggi,Kondisi biofisik relatif mendukung pemulihan vegetasi.,mangrove-priority-2016-2025-v0.1
509,10,MPR-0BC1EDCF6A,Pangkalan Batang,Bengkalis,Bengkalis,0.08,P2,Regenerasi alami terbantu,69.0,57,85,32,tinggi,Kondisi biofisik relatif mendukung pemulihan vegetasi.,mangrove-priority-2016-2025-v0.1
510,9,MPR-199358B394,Pematang Duku,Bengkalis,Bengkalis,0.08,P2,Regenerasi alami terbantu,69.0,56,84,28,tinggi,Kondisi biofisik relatif mendukung pemulihan vegetasi.,mangrove-priority-2016-2025-v0.1
511,12,MPR-266E19B937,Sekodi,Bengkalis,Bengkalis,0.08,P2,Regenerasi alami terbantu,69.0,57,85,32,tinggi,Kondisi biofisik relatif mendukung pemulihan vegetasi.,mangrove-priority-2016-2025-v0.1
512,13,MPR-2A10357501,Penebal,Bengkalis,Bengkalis,0.08,P2,Regenerasi alami terbantu,69.0,57,84,30,tinggi,Kondisi biofisik relatif mendukung pemulihan vegetasi.,mangrove-priority-2016-2025-v0.1
513,13,MPR-31C1A7F28C,Sekodi,Bengkalis,Bengkalis,0.08,P2,Regenerasi alami terbantu,69.0,57,85,32,tinggi,Kondisi biofisik relatif mendukung pemulihan vegetasi.,mangrove-priority-2016-2025-v0.1
514,14,MPR-3C20F1BF90,Penebal,Bengkalis,Bengkalis,0.08,P2,Regenerasi alami terbantu,69.0,57,84,30,tinggi,Kondisi biofisik relatif mendukung pemulihan vegetasi.,mangrove-priority-2016-2025-v0.1
515,11,MPR-5BFE90E0EB,Pangkalan Batang,Bengkalis,Bengkalis,0.08,P2,Regenerasi alami terbantu,69.0,57,85,32,tinggi,Kondisi biofisik relatif mendukung pemulihan vegetasi.,mangrove-priority-2016-2025-v0.1
516,16,MPR-5D691D6D6A,Tenggayun,Bandar Laksamana,Bengkalis,0.08,P2,Regenerasi alami terbantu,69.0,57,85,32,tinggi,Kondisi biofisik relatif mendukung pemulihan vegetasi.,mangrove-priority-2016-2025-v0.1
517,14,MPR-90EA949EB0,Sekodi,Bengkalis,Bengkalis,0.08,P2,Regenerasi alami terbantu,69.0,57,85,32,tinggi,Kondisi biofisik relatif mendukung pemulihan vegetasi.,mangrove-priority-2016-2025-v0.1
518,15,MPR-D00839BF90,Penebal,Bengkalis,Bengkalis,0.08,P2,Regenerasi alami terbantu,69.0,57,84,30,tinggi,Kondisi biofisik relatif mendukung pemulihan vegetasi.,mangrove-priority-2016-2025-v0.1
519,12,MPR-32DC57A3DA,Pangkalan Batang,Bengkalis,Bengkalis,0.076,P2,Regenerasi alami terbantu,69.0,57,85,32,tinggi,Kondisi biofisik relatif mendukung pemulihan vegetasi.,mangrove-priority-2016-2025-v0.1
520,15,MPR-F39AF10ABA,Sekodi,Bengkalis,Bengkalis,0.06,P2,Regenerasi alami terbantu,69.0,57,85,32,tinggi,Kondisi biofisik relatif mendukung pemulihan vegetasi.,mangrove-priority-2016-2025-v0.1
521,10,MPR-09CD1748D9,Pematang Duku,Bengkalis,Bengkalis,0.05,P2,Regenerasi alami terbantu,69.0,56,84,28,tinggi,Kondisi biofisik relatif mendukung pemulihan vegetasi.,mangrove-priority-2016-2025-v0.1
522,11,MPR-3EF1CE6BA5,Pematang Duku,Bengkalis,Bengkalis,0.05,P2,Regenerasi alami terbantu,69.0,56,84,28,tinggi,Kondisi biofisik relatif mendukung pemulihan vegetasi.,mangrove-priority-2016-2025-v0.1
523,13,MPR-9C0EE9EF23,Pangkalan Batang,Bengkalis,Bengkalis,0.05,X,Tidak direkomendasikan,69.0,57,85,32,tinggi,Area terlalu kecil dan terisolasi untuk diprioritaskan.,mangrove-priority-2016-2025-v0.1
524,16,MPR-9CFEBA5C94,Penebal,Bengkalis,Bengkalis,0.05,P2,Regenerasi alami terbantu,69.0,57,84,30,tinggi,Kondisi biofisik relatif mendukung pemulihan vegetasi.,mangrove-priority-2016-2025-v0.1
525,17,MPR-AB13E9D9FF,Penebal,Bengkalis,Bengkalis,0.05,P2,Regenerasi alami terbantu,69.0,57,84,30,tinggi,Kondisi biofisik relatif mendukung pemulihan vegetasi.,mangrove-priority-2016-2025-v0.1
526,17,MPR-B8F6FC4BBD,Tenggayun,Bandar Laksamana,Bengkalis,0.05,P2,Regenerasi alami terbantu,69.0,57,85,32,tinggi,Kondisi biofisik relatif mendukung pemulihan vegetasi.,mangrove-priority-2016-2025-v0.1
527,18,MPR-D96CFDA66B,Tenggayun,Bandar Laksamana,Bengkalis,0.05,P2,Regenerasi alami terbantu,69.0,57,85,32,tinggi,Kondisi biofisik relatif mendukung pemulihan vegetasi.,mangrove-priority-2016-2025-v0.1
528,19,MPR-E29114E357,Tenggayun,Bandar Laksamana,Bengkalis,0.05,P2,Regenerasi alami terbantu,69.0,57,85,32,tinggi,Kondisi biofisik relatif mendukung pemulihan vegetasi.,mangrove-priority-2016-2025-v0.1
529,22,MPR-F775E746FA,Mentayan,Bantan,Bengkalis,3.29,P2,Regenerasi alami terbantu,68.9,61,80,33,tinggi,Kondisi biofisik relatif mendukung pemulihan vegetasi.,mangrove-priority-2016-2025-v0.1
530,23,MPR-6618F164B3,Mentayan,Bantan,Bengkalis,2.75,P2,Regenerasi alami terbantu,68.9,60,81,32,tinggi,Kondisi biofisik relatif mendukung pemulihan vegetasi.,mangrove-priority-2016-2025-v0.1
531,15,MPR-724F5DB064,Meskom,Bengkalis,Bengkalis,1.23,P2,Regenerasi alami terbantu,68.9,57,83,29,tinggi,Kondisi biofisik relatif mendukung pemulihan vegetasi.,mangrove-priority-2016-2025-v0.1
532,20,MPR-3AD77C65F9,Tenggayun,Bandar Laksamana,Bengkalis,0.84,P2,Regenerasi alami terbantu,68.9,58,84,33,tinggi,Kondisi biofisik relatif mendukung pemulihan vegetasi.,mangrove-priority-2016-2025-v0.1
533,21,MPR-FD44D21FE9,Tenggayun,Bandar Laksamana,Bengkalis,0.82,P2,Regenerasi alami terbantu,68.9,58,84,33,tinggi,Kondisi biofisik relatif mendukung pemulihan vegetasi.,mangrove-priority-2016-2025-v0.1
534,16,MPR-39A372AF88,Sekodi,Bengkalis,Bengkalis,0.79,P2,Regenerasi alami terbantu,68.9,58,84,33,tinggi,Kondisi biofisik relatif mendukung pemulihan vegetasi.,mangrove-priority-2016-2025-v0.1
535,17,MPR-73CAC38E21,Sekodi,Bengkalis,Bengkalis,0.75,P2,Regenerasi alami terbantu,68.9,58,84,33,tinggi,Kondisi biofisik relatif mendukung pemulihan vegetasi.,mangrove-priority-2016-2025-v0.1
536,22,MPR-D4ED007F99,Tenggayun,Bandar Laksamana,Bengkalis,0.566,P2,Regenerasi alami terbantu,68.9,58,84,33,tinggi,Kondisi biofisik relatif mendukung pemulihan vegetasi.,mangrove-priority-2016-2025-v0.1
537,23,MPR-A1E16DBA2A,Tenggayun,Bandar Laksamana,Bengkalis,0.54,P2,Regenerasi alami terbantu,68.9,58,84,33,tinggi,Kondisi biofisik relatif mendukung pemulihan vegetasi.,mangrove-priority-2016-2025-v0.1
538,14,MPR-A95EE9FC7D,Pangkalan Batang,Bengkalis,Bengkalis,0.5,P2,Regenerasi alami terbantu,68.9,58,84,33,tinggi,Kondisi biofisik relatif mendukung pemulihan vegetasi.,mangrove-priority-2016-2025-v0.1
539,24,MPR-E69BAECCC8,Tenggayun,Bandar Laksamana,Bengkalis,0.499,P2,Regenerasi alami terbantu,68.9,58,84,33,tinggi,Kondisi biofisik relatif mendukung pemulihan vegetasi.,mangrove-priority-2016-2025-v0.1
540,25,MPR-7B8EBFA97E,Tenggayun,Bandar Laksamana,Bengkalis,0.484,P2,Regenerasi alami terbantu,68.9,58,84,33,tinggi,Kondisi biofisik relatif mendukung pemulihan vegetasi.,mangrove-priority-2016-2025-v0.1
541,15,MPR-2C5378EF8F,Pangkalan Batang,Bengkalis,Bengkalis,0.48,P2,Regenerasi alami terbantu,68.9,58,84,33,tinggi,Kondisi biofisik relatif mendukung pemulihan vegetasi.,mangrove-priority-2016-2025-v0.1
542,26,MPR-9AE2265155,Tenggayun,Bandar Laksamana,Bengkalis,0.48,P2,Regenerasi alami terbantu,68.9,58,84,33,tinggi,Kondisi biofisik relatif mendukung pemulihan vegetasi.,mangrove-priority-2016-2025-v0.1
543,18,MPR-52D0DEFA69,Sekodi,Bengkalis,Bengkalis,0.47,P2,Regenerasi alami terbantu,68.9,58,84,33,tinggi,Kondisi biofisik relatif mendukung pemulihan vegetasi.,mangrove-priority-2016-2025-v0.1
544,27,MPR-9754CE856D,Tenggayun,Bandar Laksamana,Bengkalis,0.431,P2,Regenerasi alami terbantu,68.9,58,84,33,tinggi,Kondisi biofisik relatif mendukung pemulihan vegetasi.,mangrove-priority-2016-2025-v0.1
545,33,MPR-DC086D285E,Kelemantan,Bengkalis,Bengkalis,0.41,P2,Regenerasi alami terbantu,68.9,62,84,42,tinggi,Kondisi biofisik relatif mendukung pemulihan vegetasi.,mangrove-priority-2016-2025-v0.1
546,1,MPR-B63F66522D,Jangkang,Bantan,Bengkalis,0.25,P2,Regenerasi alami terbantu,68.9,59,85,37,sedang,Kondisi biofisik relatif mendukung pemulihan vegetasi.,mangrove-priority-2016-2025-v0.1
547,2,MPR-151E48CE23,Jangkang,Bantan,Bengkalis,0.24,P2,Regenerasi alami terbantu,68.9,59,85,37,sedang,Kondisi biofisik relatif mendukung pemulihan vegetasi.,mangrove-priority-2016-2025-v0.1
548,3,MPR-74CDEF961E,Jangkang,Bantan,Bengkalis,0.24,P2,Regenerasi alami terbantu,68.9,59,85,37,sedang,Kondisi biofisik relatif mendukung pemulihan vegetasi.,mangrove-priority-2016-2025-v0.1
549,4,MPR-C43B9DFF3E,Jangkang,Bantan,Bengkalis,0.22,P2,Regenerasi alami terbantu,68.9,59,85,37,sedang,Kondisi biofisik relatif mendukung pemulihan vegetasi.,mangrove-priority-2016-2025-v0.1
550,5,MPR-B45C919240,Jangkang,Bantan,Bengkalis,0.2,P2,Regenerasi alami terbantu,68.9,59,85,37,sedang,Kondisi biofisik relatif mendukung pemulihan vegetasi.,mangrove-priority-2016-2025-v0.1
551,6,MPR-445AB04C12,Jangkang,Bantan,Bengkalis,0.18,P2,Regenerasi alami terbantu,68.9,59,85,37,sedang,Kondisi biofisik relatif mendukung pemulihan vegetasi.,mangrove-priority-2016-2025-v0.1
552,7,MPR-40E17B631C,Jangkang,Bantan,Bengkalis,0.16,P2,Regenerasi alami terbantu,68.9,59,85,37,sedang,Kondisi biofisik relatif mendukung pemulihan vegetasi.,mangrove-priority-2016-2025-v0.1
553,8,MPR-F6D366D1FF,Jangkang,Bantan,Bengkalis,0.16,P2,Regenerasi alami terbantu,68.9,59,85,37,sedang,Kondisi biofisik relatif mendukung pemulihan vegetasi.,mangrove-priority-2016-2025-v0.1
554,9,MPR-F5138447A7,Jangkang,Bantan,Bengkalis,0.14,P2,Regenerasi alami terbantu,68.9,59,85,37,sedang,Kondisi biofisik relatif mendukung pemulihan vegetasi.,mangrove-priority-2016-2025-v0.1
555,10,MPR-816EB736DE,Jangkang,Bantan,Bengkalis,0.13,P2,Regenerasi alami terbantu,68.9,59,85,37,sedang,Kondisi biofisik relatif mendukung pemulihan vegetasi.,mangrove-priority-2016-2025-v0.1
556,11,MPR-A7933D15E1,Jangkang,Bantan,Bengkalis,0.11,P2,Regenerasi alami terbantu,68.9,59,85,37,sedang,Kondisi biofisik relatif mendukung pemulihan vegetasi.,mangrove-priority-2016-2025-v0.1
557,12,MPR-AEA38CCD05,Jangkang,Bantan,Bengkalis,0.11,P2,Regenerasi alami terbantu,68.9,59,85,37,sedang,Kondisi biofisik relatif mendukung pemulihan vegetasi.,mangrove-priority-2016-2025-v0.1
558,13,MPR-E0B448E285,Jangkang,Bantan,Bengkalis,0.11,P2,Regenerasi alami terbantu,68.9,59,85,37,sedang,Kondisi biofisik relatif mendukung pemulihan vegetasi.,mangrove-priority-2016-2025-v0.1
559,14,MPR-055738792A,Jangkang,Bantan,Bengkalis,0.08,P2,Regenerasi alami terbantu,68.9,59,85,37,sedang,Kondisi biofisik relatif mendukung pemulihan vegetasi.,mangrove-priority-2016-2025-v0.1
560,15,MPR-113E56E74A,Jangkang,Bantan,Bengkalis,0.08,P2,Regenerasi alami terbantu,68.9,59,85,37,sedang,Kondisi biofisik relatif mendukung pemulihan vegetasi.,mangrove-priority-2016-2025-v0.1
561,16,MPR-245425081D,Jangkang,Bantan,Bengkalis,0.08,P2,Regenerasi alami terbantu,68.9,59,85,37,sedang,Kondisi biofisik relatif mendukung pemulihan vegetasi.,mangrove-priority-2016-2025-v0.1
562,17,MPR-546B1202C6,Jangkang,Bantan,Bengkalis,0.08,P2,Regenerasi alami terbantu,68.9,59,85,37,sedang,Kondisi biofisik relatif mendukung pemulihan vegetasi.,mangrove-priority-2016-2025-v0.1
563,18,MPR-9563FA81BE,Jangkang,Bantan,Bengkalis,0.08,P2,Regenerasi alami terbantu,68.9,59,85,37,sedang,Kondisi biofisik relatif mendukung pemulihan vegetasi.,mangrove-priority-2016-2025-v0.1
564,19,MPR-5727FF37C4,Jangkang,Bantan,Bengkalis,0.05,P2,Regenerasi alami terbantu,68.9,59,85,37,sedang,Kondisi biofisik relatif mendukung pemulihan vegetasi.,mangrove-priority-2016-2025-v0.1
565,20,MPR-9DA89D4784,Jangkang,Bantan,Bengkalis,0.05,P2,Regenerasi alami terbantu,68.9,59,85,37,sedang,Kondisi biofisik relatif mendukung pemulihan vegetasi.,mangrove-priority-2016-2025-v0.1
566,21,MPR-E499EF71D4,Jangkang,Bantan,Bengkalis,0.05,P2,Regenerasi alami terbantu,68.9,59,85,37,sedang,Kondisi biofisik relatif mendukung pemulihan vegetasi.,mangrove-priority-2016-2025-v0.1
567,19,MPR-DAFE91234D,Damai,Bengkalis,Bengkalis,4.26,P2,Regenerasi alami terbantu,68.8,62,79,34,tinggi,Kondisi biofisik relatif mendukung pemulihan vegetasi.,mangrove-priority-2016-2025-v0.1
568,36,MPR-AF5A6EEFAD,Selat Baru,Bantan,Bengkalis,3.17,P2,Regenerasi alami terbantu,68.8,64,81,42,tinggi,Kondisi biofisik relatif mendukung pemulihan vegetasi.,mangrove-priority-2016-2025-v0.1
569,34,MPR-21B1F7591D,Kelemantan,Bengkalis,Bengkalis,3.11,P1,Penanaman aktif,68.8,66,81,46,tinggi,Kebutuhan dan kelayakan relatif tinggi.,mangrove-priority-2016-2025-v0.1
570,35,MPR-4CDB9EA320,Kelemantan,Bengkalis,Bengkalis,3.03,P1,Penanaman aktif,68.8,66,81,46,tinggi,Kebutuhan dan kelayakan relatif tinggi.,mangrove-priority-2016-2025-v0.1
571,37,MPR-629B6985A4,Selat Baru,Bantan,Bengkalis,2.12,P2,Regenerasi alami terbantu,68.8,63,82,41,tinggi,Kondisi biofisik relatif mendukung pemulihan vegetasi.,mangrove-priority-2016-2025-v0.1
572,16,MPR-020D9D2318,Meskom,Bengkalis,Bengkalis,1.83,P2,Regenerasi alami terbantu,68.8,58,82,30,tinggi,Kondisi biofisik relatif mendukung pemulihan vegetasi.,mangrove-priority-2016-2025-v0.1
573,16,MPR-B5ADD645CD,Pangkalan Batang,Bengkalis,Bengkalis,1.57,P2,Regenerasi alami terbantu,68.8,59,83,34,tinggi,Kondisi biofisik relatif mendukung pemulihan vegetasi.,mangrove-priority-2016-2025-v0.1
574,12,MPR-366CA13910,Pematang Duku,Bengkalis,Bengkalis,1.52,P2,Regenerasi alami terbantu,68.8,58,82,30,tinggi,Kondisi biofisik relatif mendukung pemulihan vegetasi.,mangrove-priority-2016-2025-v0.1
575,19,MPR-0A3EAFA449,Sekodi,Bengkalis,Bengkalis,1.27,P2,Regenerasi alami terbantu,68.8,59,83,34,tinggi,Kondisi biofisik relatif mendukung pemulihan vegetasi.,mangrove-priority-2016-2025-v0.1
576,28,MPR-0DA19013A1,Tenggayun,Bandar Laksamana,Bengkalis,1.269,P2,Regenerasi alami terbantu,68.8,59,83,34,tinggi,Kondisi biofisik relatif mendukung pemulihan vegetasi.,mangrove-priority-2016-2025-v0.1
577,1,MPR-9413EE7EBA,Kelurahan Batu Panjang,Rupat,Bengkalis,1.265,P2,Regenerasi alami terbantu,68.8,59,83,34,tinggi,Kondisi biofisik relatif mendukung pemulihan vegetasi.,mangrove-priority-2016-2025-v0.1
578,20,MPR-B8EDA624F7,Sekodi,Bengkalis,Bengkalis,1.26,P2,Regenerasi alami terbantu,68.8,59,83,34,tinggi,Kondisi biofisik relatif mendukung pemulihan vegetasi.,mangrove-priority-2016-2025-v0.1
579,22,MPR-2197323A07,Jangkang,Bantan,Bengkalis,0.92,P2,Regenerasi alami terbantu,68.8,60,84,38,sedang,Kondisi biofisik relatif mendukung pemulihan vegetasi.,mangrove-priority-2016-2025-v0.1
580,23,MPR-A91329FE68,Jangkang,Bantan,Bengkalis,0.58,P2,Regenerasi alami terbantu,68.8,60,84,38,sedang,Kondisi biofisik relatif mendukung pemulihan vegetasi.,mangrove-priority-2016-2025-v0.1
581,24,MPR-18726A9FF1,Jangkang,Bantan,Bengkalis,0.51,P2,Regenerasi alami terbantu,68.8,60,84,38,sedang,Kondisi biofisik relatif mendukung pemulihan vegetasi.,mangrove-priority-2016-2025-v0.1
582,25,MPR-B254D4629D,Jangkang,Bantan,Bengkalis,0.46,P2,Regenerasi alami terbantu,68.8,60,84,38,sedang,Kondisi biofisik relatif mendukung pemulihan vegetasi.,mangrove-priority-2016-2025-v0.1
583,26,MPR-735AEB15A9,Jangkang,Bantan,Bengkalis,0.44,P2,Regenerasi alami terbantu,68.8,60,84,38,sedang,Kondisi biofisik relatif mendukung pemulihan vegetasi.,mangrove-priority-2016-2025-v0.1
584,17,MPR-20197198FB,Pangkalan Batang,Bengkalis,Bengkalis,0.34,P2,Regenerasi alami terbantu,68.8,57,85,33,tinggi,Kondisi biofisik relatif mendukung pemulihan vegetasi.,mangrove-priority-2016-2025-v0.1
585,21,MPR-B5BC84D42B,Sekodi,Bengkalis,Bengkalis,0.33,P2,Regenerasi alami terbantu,68.8,57,85,33,tinggi,Kondisi biofisik relatif mendukung pemulihan vegetasi.,mangrove-priority-2016-2025-v0.1
586,29,MPR-552A4034F4,Tenggayun,Bandar Laksamana,Bengkalis,0.32,P2,Regenerasi alami terbantu,68.8,57,85,33,tinggi,Kondisi biofisik relatif mendukung pemulihan vegetasi.,mangrove-priority-2016-2025-v0.1
587,22,MPR-652C4673CB,Sekodi,Bengkalis,Bengkalis,0.32,P2,Regenerasi alami terbantu,68.8,57,85,33,tinggi,Kondisi biofisik relatif mendukung pemulihan vegetasi.,mangrove-priority-2016-2025-v0.1
588,18,MPR-F550890430,Pangkalan Batang,Bengkalis,Bengkalis,0.32,P2,Regenerasi alami terbantu,68.8,57,85,33,tinggi,Kondisi biofisik relatif mendukung pemulihan vegetasi.,mangrove-priority-2016-2025-v0.1
589,30,MPR-DBD3138159,Tenggayun,Bandar Laksamana,Bengkalis,0.309,P2,Regenerasi alami terbantu,68.8,57,85,33,tinggi,Kondisi biofisik relatif mendukung pemulihan vegetasi.,mangrove-priority-2016-2025-v0.1
590,19,MPR-DAC329327C,Pangkalan Batang,Bengkalis,Bengkalis,0.302,P2,Regenerasi alami terbantu,68.8,57,85,33,tinggi,Kondisi biofisik relatif mendukung pemulihan vegetasi.,mangrove-priority-2016-2025-v0.1
591,23,MPR-07E6D9E195,Sekodi,Bengkalis,Bengkalis,0.3,P2,Regenerasi alami terbantu,68.8,57,85,33,tinggi,Kondisi biofisik relatif mendukung pemulihan vegetasi.,mangrove-priority-2016-2025-v0.1
592,31,MPR-C3FE7CBE13,Tenggayun,Bandar Laksamana,Bengkalis,0.293,P2,Regenerasi alami terbantu,68.8,57,85,33,tinggi,Kondisi biofisik relatif mendukung pemulihan vegetasi.,mangrove-priority-2016-2025-v0.1
593,24,MPR-A6F5F2EC84,Sekodi,Bengkalis,Bengkalis,0.25,P2,Regenerasi alami terbantu,68.8,57,85,33,tinggi,Kondisi biofisik relatif mendukung pemulihan vegetasi.,mangrove-priority-2016-2025-v0.1
594,25,MPR-56ABCCA86F,Sekodi,Bengkalis,Bengkalis,0.23,P2,Regenerasi alami terbantu,68.8,57,85,33,tinggi,Kondisi biofisik relatif mendukung pemulihan vegetasi.,mangrove-priority-2016-2025-v0.1
595,26,MPR-59050BFCB0,Sekodi,Bengkalis,Bengkalis,0.22,P2,Regenerasi alami terbantu,68.8,57,85,33,tinggi,Kondisi biofisik relatif mendukung pemulihan vegetasi.,mangrove-priority-2016-2025-v0.1
596,27,MPR-CAA49A08CF,Sekodi,Bengkalis,Bengkalis,0.21,P2,Regenerasi alami terbantu,68.8,57,85,33,tinggi,Kondisi biofisik relatif mendukung pemulihan vegetasi.,mangrove-priority-2016-2025-v0.1
597,28,MPR-25CAF39048,Sekodi,Bengkalis,Bengkalis,0.2,P2,Regenerasi alami terbantu,68.8,57,85,33,tinggi,Kondisi biofisik relatif mendukung pemulihan vegetasi.,mangrove-priority-2016-2025-v0.1
598,29,MPR-72F921BAB9,Sekodi,Bengkalis,Bengkalis,0.2,P2,Regenerasi alami terbantu,68.8,57,85,33,tinggi,Kondisi biofisik relatif mendukung pemulihan vegetasi.,mangrove-priority-2016-2025-v0.1
599,30,MPR-58295AFE6E,Sekodi,Bengkalis,Bengkalis,0.19,P2,Regenerasi alami terbantu,68.8,57,85,33,tinggi,Kondisi biofisik relatif mendukung pemulihan vegetasi.,mangrove-priority-2016-2025-v0.1
600,2,MPR-CBB5A8CDB1,Kelurahan Batu Panjang,Rupat,Bengkalis,0.174,P2,Regenerasi alami terbantu,68.8,57,85,33,tinggi,Kondisi biofisik relatif mendukung pemulihan vegetasi.,mangrove-priority-2016-2025-v0.1
601,31,MPR-4BF6F07B11,Sekodi,Bengkalis,Bengkalis,0.17,P2,Regenerasi alami terbantu,68.8,57,85,33,tinggi,Kondisi biofisik relatif mendukung pemulihan vegetasi.,mangrove-priority-2016-2025-v0.1
602,3,MPR-B1BF3A0A15,Kelurahan Batu Panjang,Rupat,Bengkalis,0.152,P2,Regenerasi alami terbantu,68.8,57,85,33,tinggi,Kondisi biofisik relatif mendukung pemulihan vegetasi.,mangrove-priority-2016-2025-v0.1
603,32,MPR-74B156415E,Sekodi,Bengkalis,Bengkalis,0.15,P2,Regenerasi alami terbantu,68.8,57,85,33,tinggi,Kondisi biofisik relatif mendukung pemulihan vegetasi.,mangrove-priority-2016-2025-v0.1
604,4,MPR-1A45986083,Kelurahan Batu Panjang,Rupat,Bengkalis,0.102,P2,Regenerasi alami terbantu,68.8,57,85,33,tinggi,Kondisi biofisik relatif mendukung pemulihan vegetasi.,mangrove-priority-2016-2025-v0.1
605,5,MPR-98F834FA94,Kelurahan Batu Panjang,Rupat,Bengkalis,0.1,P2,Regenerasi alami terbantu,68.8,57,85,33,tinggi,Kondisi biofisik relatif mendukung pemulihan vegetasi.,mangrove-priority-2016-2025-v0.1
606,6,MPR-FD7D5ABB10,Kelurahan Batu Panjang,Rupat,Bengkalis,0.1,P2,Regenerasi alami terbantu,68.8,57,85,33,tinggi,Kondisi biofisik relatif mendukung pemulihan vegetasi.,mangrove-priority-2016-2025-v0.1
607,7,MPR-F4EEA9D005,Kelurahan Batu Panjang,Rupat,Bengkalis,0.09,P2,Regenerasi alami terbantu,68.8,57,85,33,tinggi,Kondisi biofisik relatif mendukung pemulihan vegetasi.,mangrove-priority-2016-2025-v0.1
608,8,MPR-257BDE7B2D,Kelurahan Batu Panjang,Rupat,Bengkalis,0.08,P2,Regenerasi alami terbantu,68.8,57,85,33,tinggi,Kondisi biofisik relatif mendukung pemulihan vegetasi.,mangrove-priority-2016-2025-v0.1
609,17,MPR-58AA575E54,Meskom,Bengkalis,Bengkalis,2.56,P2,Regenerasi alami terbantu,68.7,59,81,31,tinggi,Kondisi biofisik relatif mendukung pemulihan vegetasi.,mangrove-priority-2016-2025-v0.1
610,27,MPR-A0A8E2117C,Jangkang,Bantan,Bengkalis,1.54,P2,Regenerasi alami terbantu,68.7,61,83,39,sedang,Kondisi biofisik relatif mendukung pemulihan vegetasi.,mangrove-priority-2016-2025-v0.1
611,38,MPR-14CFE02453,Selat Baru,Bantan,Bengkalis,1.179,P2,Regenerasi alami terbantu,68.7,61,83,39,tinggi,Kondisi biofisik relatif mendukung pemulihan vegetasi.,mangrove-priority-2016-2025-v0.1
612,32,MPR-9DD0A42C74,Tenggayun,Bandar Laksamana,Bengkalis,1.061,P2,Regenerasi alami terbantu,68.7,58,84,34,tinggi,Kondisi biofisik relatif mendukung pemulihan vegetasi.,mangrove-priority-2016-2025-v0.1
613,9,MPR-9ADCBDCD82,Kelurahan Batu Panjang,Rupat,Bengkalis,1.06,P2,Regenerasi alami terbantu,68.7,58,84,34,tinggi,Kondisi biofisik relatif mendukung pemulihan vegetasi.,mangrove-priority-2016-2025-v0.1
614,33,MPR-9FB053D50F,Sekodi,Bengkalis,Bengkalis,0.93,P2,Regenerasi alami terbantu,68.7,58,84,34,tinggi,Kondisi biofisik relatif mendukung pemulihan vegetasi.,mangrove-priority-2016-2025-v0.1
615,34,MPR-A29EB1F257,Sekodi,Bengkalis,Bengkalis,0.815,P2,Regenerasi alami terbantu,68.7,58,84,34,tinggi,Kondisi biofisik relatif mendukung pemulihan vegetasi.,mangrove-priority-2016-2025-v0.1
616,1,MPR-A2674AEB27,Tanjungleban,Bandar Laksamana,Bengkalis,0.43,P2,Regenerasi alami terbantu,68.7,62,84,43,tinggi,Kondisi biofisik relatif mendukung pemulihan vegetasi.,mangrove-priority-2016-2025-v0.1
617,13,MPR-F68016EA93,Pematang Duku,Bengkalis,Bengkalis,0.36,P2,Regenerasi alami terbantu,68.7,56,83,28,tinggi,Kondisi biofisik relatif mendukung pemulihan vegetasi.,mangrove-priority-2016-2025-v0.1
618,1,MPR-D43406E255,Wonosari,Bengkalis,Bengkalis,0.25,P2,Regenerasi alami terbantu,68.7,59,81,31,tinggi,Kondisi biofisik relatif mendukung pemulihan vegetasi.,mangrove-priority-2016-2025-v0.1
619,2,MPR-BB32377F24,Wonosari,Bengkalis,Bengkalis,0.2,P2,Regenerasi alami terbantu,68.7,59,81,31,tinggi,Kondisi biofisik relatif mendukung pemulihan vegetasi.,mangrove-priority-2016-2025-v0.1
620,1,MPR-CA9ED89997,Muntai Barat,Bantan,Bengkalis,0.2,P2,Regenerasi alami terbantu,68.7,59,85,38,tinggi,Kondisi biofisik relatif mendukung pemulihan vegetasi.,mangrove-priority-2016-2025-v0.1
621,3,MPR-D7BD585470,Wonosari,Bengkalis,Bengkalis,0.18,P2,Regenerasi alami terbantu,68.7,59,81,31,tinggi,Kondisi biofisik relatif mendukung pemulihan vegetasi.,mangrove-priority-2016-2025-v0.1
622,4,MPR-9BF3C7E65F,Wonosari,Bengkalis,Bengkalis,0.17,P2,Regenerasi alami terbantu,68.7,59,81,31,tinggi,Kondisi biofisik relatif mendukung pemulihan vegetasi.,mangrove-priority-2016-2025-v0.1
623,5,MPR-FF4E5E27D2,Wonosari,Bengkalis,Bengkalis,0.17,P2,Regenerasi alami terbantu,68.7,59,81,31,tinggi,Kondisi biofisik relatif mendukung pemulihan vegetasi.,mangrove-priority-2016-2025-v0.1
624,6,MPR-4DBBC91DFA,Wonosari,Bengkalis,Bengkalis,0.16,P2,Regenerasi alami terbantu,68.7,59,81,31,tinggi,Kondisi biofisik relatif mendukung pemulihan vegetasi.,mangrove-priority-2016-2025-v0.1
625,2,MPR-B5186DEFC2,Muntai Barat,Bantan,Bengkalis,0.15,P2,Regenerasi alami terbantu,68.7,59,85,38,tinggi,Kondisi biofisik relatif mendukung pemulihan vegetasi.,mangrove-priority-2016-2025-v0.1
626,3,MPR-8E94D449DD,Muntai Barat,Bantan,Bengkalis,0.14,P2,Regenerasi alami terbantu,68.7,59,85,38,tinggi,Kondisi biofisik relatif mendukung pemulihan vegetasi.,mangrove-priority-2016-2025-v0.1
627,7,MPR-99F729CCD1,Wonosari,Bengkalis,Bengkalis,0.13,P2,Regenerasi alami terbantu,68.7,59,81,31,tinggi,Kondisi biofisik relatif mendukung pemulihan vegetasi.,mangrove-priority-2016-2025-v0.1
628,8,MPR-ACC8608B40,Wonosari,Bengkalis,Bengkalis,0.13,P2,Regenerasi alami terbantu,68.7,59,81,31,tinggi,Kondisi biofisik relatif mendukung pemulihan vegetasi.,mangrove-priority-2016-2025-v0.1
629,4,MPR-A71B3400A1,Muntai Barat,Bantan,Bengkalis,0.11,P2,Regenerasi alami terbantu,68.7,59,85,38,tinggi,Kondisi biofisik relatif mendukung pemulihan vegetasi.,mangrove-priority-2016-2025-v0.1
630,5,MPR-05B08DE706,Muntai Barat,Bantan,Bengkalis,0.08,P2,Regenerasi alami terbantu,68.7,59,85,38,tinggi,Kondisi biofisik relatif mendukung pemulihan vegetasi.,mangrove-priority-2016-2025-v0.1
631,9,MPR-9143549F48,Wonosari,Bengkalis,Bengkalis,0.08,P2,Regenerasi alami terbantu,68.7,59,81,31,tinggi,Kondisi biofisik relatif mendukung pemulihan vegetasi.,mangrove-priority-2016-2025-v0.1
632,6,MPR-9A6645C8E7,Muntai Barat,Bantan,Bengkalis,0.08,P2,Regenerasi alami terbantu,68.7,59,85,38,tinggi,Kondisi biofisik relatif mendukung pemulihan vegetasi.,mangrove-priority-2016-2025-v0.1
633,7,MPR-ED5D0EACE2,Muntai Barat,Bantan,Bengkalis,0.08,P2,Regenerasi alami terbantu,68.7,59,85,38,tinggi,Kondisi biofisik relatif mendukung pemulihan vegetasi.,mangrove-priority-2016-2025-v0.1
634,8,MPR-856761FAA4,Muntai Barat,Bantan,Bengkalis,0.065,P2,Regenerasi alami terbantu,68.7,59,85,38,tinggi,Kondisi biofisik relatif mendukung pemulihan vegetasi.,mangrove-priority-2016-2025-v0.1
635,9,MPR-4BE051B4EC,Muntai Barat,Bantan,Bengkalis,0.05,P2,Regenerasi alami terbantu,68.7,59,85,38,tinggi,Kondisi biofisik relatif mendukung pemulihan vegetasi.,mangrove-priority-2016-2025-v0.1
636,10,MPR-74EE9716B5,Muntai Barat,Bantan,Bengkalis,0.05,P2,Regenerasi alami terbantu,68.7,59,85,38,tinggi,Kondisi biofisik relatif mendukung pemulihan vegetasi.,mangrove-priority-2016-2025-v0.1
637,10,MPR-BE573F9EF3,Wonosari,Bengkalis,Bengkalis,0.05,P2,Regenerasi alami terbantu,68.7,59,81,31,tinggi,Kondisi biofisik relatif mendukung pemulihan vegetasi.,mangrove-priority-2016-2025-v0.1
638,11,MPR-E53163E60F,Wonosari,Bengkalis,Bengkalis,0.05,P2,Regenerasi alami terbantu,68.7,59,81,31,tinggi,Kondisi biofisik relatif mendukung pemulihan vegetasi.,mangrove-priority-2016-2025-v0.1
639,26,MPR-D1E3AD2F5C,Penampi,Bengkalis,Bengkalis,5.69,P1,Penanaman aktif,68.6,65,77,38,tinggi,Kebutuhan dan kelayakan relatif tinggi.,mangrove-priority-2016-2025-v0.1
640,11,MPR-E4B4F05D99,Muntai Barat,Bantan,Bengkalis,0.77,P2,Regenerasi alami terbantu,68.6,60,84,39,tinggi,Kondisi biofisik relatif mendukung pemulihan vegetasi.,mangrove-priority-2016-2025-v0.1
641,1,MPR-49334E4B61,Telukpambang,Bantan,Bengkalis,0.74,P2,Regenerasi alami terbantu,68.6,59,84,37,tinggi,Kondisi biofisik relatif mendukung pemulihan vegetasi.,mangrove-priority-2016-2025-v0.1
642,2,MPR-324B14CA34,Telukpambang,Bantan,Bengkalis,0.737,P2,Regenerasi alami terbantu,68.6,59,84,37,tinggi,Kondisi biofisik relatif mendukung pemulihan vegetasi.,mangrove-priority-2016-2025-v0.1
643,12,MPR-D022BE5449,Muntai Barat,Bantan,Bengkalis,0.72,P2,Regenerasi alami terbantu,68.6,60,84,39,tinggi,Kondisi biofisik relatif mendukung pemulihan vegetasi.,mangrove-priority-2016-2025-v0.1
644,12,MPR-F0D0762640,Wonosari,Bengkalis,Bengkalis,0.72,P2,Regenerasi alami terbantu,68.6,60,80,32,tinggi,Kondisi biofisik relatif mendukung pemulihan vegetasi.,mangrove-priority-2016-2025-v0.1
645,13,MPR-9EFC616E46,Muntai Barat,Bantan,Bengkalis,0.68,P2,Regenerasi alami terbantu,68.6,60,84,39,tinggi,Kondisi biofisik relatif mendukung pemulihan vegetasi.,mangrove-priority-2016-2025-v0.1
646,13,MPR-816F6AA08A,Wonosari,Bengkalis,Bengkalis,0.62,P2,Regenerasi alami terbantu,68.6,60,80,32,tinggi,Kondisi biofisik relatif mendukung pemulihan vegetasi.,mangrove-priority-2016-2025-v0.1
647,3,MPR-BB49F06F56,Telukpambang,Bantan,Bengkalis,0.59,P2,Regenerasi alami terbantu,68.6,59,84,37,tinggi,Kondisi biofisik relatif mendukung pemulihan vegetasi.,mangrove-priority-2016-2025-v0.1
648,4,MPR-0B6A20E1D7,Telukpambang,Bantan,Bengkalis,0.5,P2,Regenerasi alami terbantu,68.6,59,84,37,tinggi,Kondisi biofisik relatif mendukung pemulihan vegetasi.,mangrove-priority-2016-2025-v0.1
649,14,MPR-84E776199F,Muntai Barat,Bantan,Bengkalis,0.49,P2,Regenerasi alami terbantu,68.6,60,84,39,tinggi,Kondisi biofisik relatif mendukung pemulihan vegetasi.,mangrove-priority-2016-2025-v0.1
650,5,MPR-D42C656968,Telukpambang,Bantan,Bengkalis,0.34,P2,Regenerasi alami terbantu,68.6,58,85,36,tinggi,Kondisi biofisik relatif mendukung pemulihan vegetasi.,mangrove-priority-2016-2025-v0.1
651,2,MPR-0E05174E58,Tanjungleban,Bandar Laksamana,Bengkalis,0.33,P2,Regenerasi alami terbantu,68.6,61,85,43,tinggi,Kondisi biofisik relatif mendukung pemulihan vegetasi.,mangrove-priority-2016-2025-v0.1
652,3,MPR-5811873C95,Tanjungleban,Bandar Laksamana,Bengkalis,0.31,P2,Regenerasi alami terbantu,68.6,61,85,43,tinggi,Kondisi biofisik relatif mendukung pemulihan vegetasi.,mangrove-priority-2016-2025-v0.1
653,4,MPR-DBE47974E9,Tanjungleban,Bandar Laksamana,Bengkalis,0.3,P2,Regenerasi alami terbantu,68.6,61,85,43,tinggi,Kondisi biofisik relatif mendukung pemulihan vegetasi.,mangrove-priority-2016-2025-v0.1
654,5,MPR-23D3A79DAA,Tanjungleban,Bandar Laksamana,Bengkalis,0.28,P2,Regenerasi alami terbantu,68.6,61,85,43,tinggi,Kondisi biofisik relatif mendukung pemulihan vegetasi.,mangrove-priority-2016-2025-v0.1
655,6,MPR-E5D9110AA4,Tanjungleban,Bandar Laksamana,Bengkalis,0.25,P2,Regenerasi alami terbantu,68.6,61,85,43,tinggi,Kondisi biofisik relatif mendukung pemulihan vegetasi.,mangrove-priority-2016-2025-v0.1
656,6,MPR-4C3AF7872F,Telukpambang,Bantan,Bengkalis,0.24,P2,Regenerasi alami terbantu,68.6,58,85,36,tinggi,Kondisi biofisik relatif mendukung pemulihan vegetasi.,mangrove-priority-2016-2025-v0.1
657,7,MPR-5D9051F1FB,Tanjungleban,Bandar Laksamana,Bengkalis,0.24,P2,Regenerasi alami terbantu,68.6,61,85,43,tinggi,Kondisi biofisik relatif mendukung pemulihan vegetasi.,mangrove-priority-2016-2025-v0.1
658,7,MPR-C231C3A1F9,Telukpambang,Bantan,Bengkalis,0.24,P2,Regenerasi alami terbantu,68.6,58,85,36,tinggi,Kondisi biofisik relatif mendukung pemulihan vegetasi.,mangrove-priority-2016-2025-v0.1
659,8,MPR-34F65158DF,Tanjungleban,Bandar Laksamana,Bengkalis,0.23,P2,Regenerasi alami terbantu,68.6,61,85,43,tinggi,Kondisi biofisik relatif mendukung pemulihan vegetasi.,mangrove-priority-2016-2025-v0.1
660,8,MPR-71DE185BDE,Telukpambang,Bantan,Bengkalis,0.23,P2,Regenerasi alami terbantu,68.6,58,85,36,tinggi,Kondisi biofisik relatif mendukung pemulihan vegetasi.,mangrove-priority-2016-2025-v0.1
661,9,MPR-D61BA27C2E,Tanjungleban,Bandar Laksamana,Bengkalis,0.21,P2,Regenerasi alami terbantu,68.6,61,85,43,tinggi,Kondisi biofisik relatif mendukung pemulihan vegetasi.,mangrove-priority-2016-2025-v0.1
662,10,MPR-9080E8A1EF,Tanjungleban,Bandar Laksamana,Bengkalis,0.2,P2,Regenerasi alami terbantu,68.6,61,85,43,tinggi,Kondisi biofisik relatif mendukung pemulihan vegetasi.,mangrove-priority-2016-2025-v0.1
663,11,MPR-FB1B4CB4D9,Tanjungleban,Bandar Laksamana,Bengkalis,0.19,P2,Regenerasi alami terbantu,68.6,61,85,43,tinggi,Kondisi biofisik relatif mendukung pemulihan vegetasi.,mangrove-priority-2016-2025-v0.1
664,12,MPR-14F5B1C7D3,Tanjungleban,Bandar Laksamana,Bengkalis,0.18,P2,Regenerasi alami terbantu,68.6,61,85,43,tinggi,Kondisi biofisik relatif mendukung pemulihan vegetasi.,mangrove-priority-2016-2025-v0.1
665,13,MPR-163E6127BB,Tanjungleban,Bandar Laksamana,Bengkalis,0.18,P2,Regenerasi alami terbantu,68.6,61,85,43,tinggi,Kondisi biofisik relatif mendukung pemulihan vegetasi.,mangrove-priority-2016-2025-v0.1
666,9,MPR-1AF079CAC7,Telukpambang,Bantan,Bengkalis,0.16,P2,Regenerasi alami terbantu,68.6,58,85,36,tinggi,Kondisi biofisik relatif mendukung pemulihan vegetasi.,mangrove-priority-2016-2025-v0.1
667,14,MPR-DB1CCA7183,Tanjungleban,Bandar Laksamana,Bengkalis,0.16,P2,Regenerasi alami terbantu,68.6,61,85,43,tinggi,Kondisi biofisik relatif mendukung pemulihan vegetasi.,mangrove-priority-2016-2025-v0.1
668,15,MPR-E85E8864E5,Tanjungleban,Bandar Laksamana,Bengkalis,0.16,P2,Regenerasi alami terbantu,68.6,61,85,43,tinggi,Kondisi biofisik relatif mendukung pemulihan vegetasi.,mangrove-priority-2016-2025-v0.1
669,16,MPR-051D6E6D3E,Tanjungleban,Bandar Laksamana,Bengkalis,0.15,P2,Regenerasi alami terbantu,68.6,61,85,43,tinggi,Kondisi biofisik relatif mendukung pemulihan vegetasi.,mangrove-priority-2016-2025-v0.1
670,17,MPR-8108F6DB61,Tanjungleban,Bandar Laksamana,Bengkalis,0.15,P2,Regenerasi alami terbantu,68.6,61,85,43,tinggi,Kondisi biofisik relatif mendukung pemulihan vegetasi.,mangrove-priority-2016-2025-v0.1
671,18,MPR-97DBCF8D51,Tanjungleban,Bandar Laksamana,Bengkalis,0.15,P2,Regenerasi alami terbantu,68.6,61,85,43,tinggi,Kondisi biofisik relatif mendukung pemulihan vegetasi.,mangrove-priority-2016-2025-v0.1
672,19,MPR-02A4AD18B4,Tanjungleban,Bandar Laksamana,Bengkalis,0.13,P2,Regenerasi alami terbantu,68.6,61,85,43,tinggi,Kondisi biofisik relatif mendukung pemulihan vegetasi.,mangrove-priority-2016-2025-v0.1
673,20,MPR-5E50BC7AF0,Tanjungleban,Bandar Laksamana,Bengkalis,0.13,P2,Regenerasi alami terbantu,68.6,61,85,43,tinggi,Kondisi biofisik relatif mendukung pemulihan vegetasi.,mangrove-priority-2016-2025-v0.1
674,21,MPR-CC1423A46D,Tanjungleban,Bandar Laksamana,Bengkalis,0.13,P2,Regenerasi alami terbantu,68.6,61,85,43,tinggi,Kondisi biofisik relatif mendukung pemulihan vegetasi.,mangrove-priority-2016-2025-v0.1
675,22,MPR-F9D59E592C,Tanjungleban,Bandar Laksamana,Bengkalis,0.13,P2,Regenerasi alami terbantu,68.6,61,85,43,tinggi,Kondisi biofisik relatif mendukung pemulihan vegetasi.,mangrove-priority-2016-2025-v0.1
676,23,MPR-4FDBCFF747,Tanjungleban,Bandar Laksamana,Bengkalis,0.12,P2,Regenerasi alami terbantu,68.6,61,85,43,tinggi,Kondisi biofisik relatif mendukung pemulihan vegetasi.,mangrove-priority-2016-2025-v0.1
677,24,MPR-5DA57F670A,Tanjungleban,Bandar Laksamana,Bengkalis,0.12,P2,Regenerasi alami terbantu,68.6,61,85,43,tinggi,Kondisi biofisik relatif mendukung pemulihan vegetasi.,mangrove-priority-2016-2025-v0.1
678,25,MPR-81656F856E,Tanjungleban,Bandar Laksamana,Bengkalis,0.12,P2,Regenerasi alami terbantu,68.6,61,85,43,tinggi,Kondisi biofisik relatif mendukung pemulihan vegetasi.,mangrove-priority-2016-2025-v0.1
679,26,MPR-7C8F2A9737,Tanjungleban,Bandar Laksamana,Bengkalis,0.11,P2,Regenerasi alami terbantu,68.6,61,85,43,tinggi,Kondisi biofisik relatif mendukung pemulihan vegetasi.,mangrove-priority-2016-2025-v0.1
680,27,MPR-AE7EF04120,Tanjungleban,Bandar Laksamana,Bengkalis,0.11,P2,Regenerasi alami terbantu,68.6,61,85,43,tinggi,Kondisi biofisik relatif mendukung pemulihan vegetasi.,mangrove-priority-2016-2025-v0.1
681,28,MPR-148665231F,Tanjungleban,Bandar Laksamana,Bengkalis,0.1,P2,Regenerasi alami terbantu,68.6,61,85,43,tinggi,Kondisi biofisik relatif mendukung pemulihan vegetasi.,mangrove-priority-2016-2025-v0.1
682,29,MPR-C730E6B134,Tanjungleban,Bandar Laksamana,Bengkalis,0.1,P2,Regenerasi alami terbantu,68.6,61,85,43,tinggi,Kondisi biofisik relatif mendukung pemulihan vegetasi.,mangrove-priority-2016-2025-v0.1
683,10,MPR-BF46B3D698,Telukpambang,Bantan,Bengkalis,0.092,P2,Regenerasi alami terbantu,68.6,58,85,36,tinggi,Kondisi biofisik relatif mendukung pemulihan vegetasi.,mangrove-priority-2016-2025-v0.1
684,11,MPR-04B4BD87C2,Telukpambang,Bantan,Bengkalis,0.08,P2,Regenerasi alami terbantu,68.6,58,85,36,tinggi,Kondisi biofisik relatif mendukung pemulihan vegetasi.,mangrove-priority-2016-2025-v0.1
685,30,MPR-08E66E5982,Tanjungleban,Bandar Laksamana,Bengkalis,0.08,P2,Regenerasi alami terbantu,68.6,61,85,43,tinggi,Kondisi biofisik relatif mendukung pemulihan vegetasi.,mangrove-priority-2016-2025-v0.1
686,31,MPR-158384E94C,Tanjungleban,Bandar Laksamana,Bengkalis,0.08,P2,Regenerasi alami terbantu,68.6,61,85,43,tinggi,Kondisi biofisik relatif mendukung pemulihan vegetasi.,mangrove-priority-2016-2025-v0.1
687,32,MPR-4353F200DF,Tanjungleban,Bandar Laksamana,Bengkalis,0.08,P2,Regenerasi alami terbantu,68.6,61,85,43,tinggi,Kondisi biofisik relatif mendukung pemulihan vegetasi.,mangrove-priority-2016-2025-v0.1
688,33,MPR-53955E1C36,Tanjungleban,Bandar Laksamana,Bengkalis,0.08,P2,Regenerasi alami terbantu,68.6,61,85,43,tinggi,Kondisi biofisik relatif mendukung pemulihan vegetasi.,mangrove-priority-2016-2025-v0.1
689,12,MPR-5FB01DA713,Telukpambang,Bantan,Bengkalis,0.08,P2,Regenerasi alami terbantu,68.6,58,85,36,tinggi,Kondisi biofisik relatif mendukung pemulihan vegetasi.,mangrove-priority-2016-2025-v0.1
690,34,MPR-6353835300,Tanjungleban,Bandar Laksamana,Bengkalis,0.08,P2,Regenerasi alami terbantu,68.6,61,85,43,tinggi,Kondisi biofisik relatif mendukung pemulihan vegetasi.,mangrove-priority-2016-2025-v0.1
691,13,MPR-187E1CF97B,Telukpambang,Bantan,Bengkalis,0.05,P2,Regenerasi alami terbantu,68.6,58,85,36,tinggi,Kondisi biofisik relatif mendukung pemulihan vegetasi.,mangrove-priority-2016-2025-v0.1
692,35,MPR-42222569A1,Tanjungleban,Bandar Laksamana,Bengkalis,0.05,P2,Regenerasi alami terbantu,68.6,61,85,43,tinggi,Kondisi biofisik relatif mendukung pemulihan vegetasi.,mangrove-priority-2016-2025-v0.1
693,36,MPR-89CD97A38C,Tanjungleban,Bandar Laksamana,Bengkalis,0.05,P2,Regenerasi alami terbantu,68.6,61,85,43,tinggi,Kondisi biofisik relatif mendukung pemulihan vegetasi.,mangrove-priority-2016-2025-v0.1
694,37,MPR-8B7AE096BA,Tanjungleban,Bandar Laksamana,Bengkalis,0.05,P2,Regenerasi alami terbantu,68.6,61,85,43,tinggi,Kondisi biofisik relatif mendukung pemulihan vegetasi.,mangrove-priority-2016-2025-v0.1
695,38,MPR-9FEA5AE231,Tanjungleban,Bandar Laksamana,Bengkalis,0.05,P2,Regenerasi alami terbantu,68.6,61,85,43,tinggi,Kondisi biofisik relatif mendukung pemulihan vegetasi.,mangrove-priority-2016-2025-v0.1
696,26,MPR-45C7710250,Kelapa Pati,Bengkalis,Bengkalis,4.586,P2,Regenerasi alami terbantu,68.5,71,69,38,tinggi,Kondisi biofisik relatif mendukung pemulihan vegetasi.,mangrove-priority-2016-2025-v0.1
697,27,MPR-C478D308EF,Kelapa Pati,Bengkalis,Bengkalis,1.88,P1,Penanaman aktif,68.5,67,72,34,tinggi,Kebutuhan dan kelayakan relatif tinggi.,mangrove-priority-2016-2025-v0.1
698,14,MPR-0C750A4A61,Telukpambang,Bantan,Bengkalis,1.59,P2,Regenerasi alami terbantu,68.5,60,83,38,tinggi,Kondisi biofisik relatif mendukung pemulihan vegetasi.,mangrove-priority-2016-2025-v0.1
699,39,MPR-938227722E,Tanjungleban,Bandar Laksamana,Bengkalis,0.73,P2,Regenerasi alami terbantu,68.5,62,84,44,tinggi,Kondisi biofisik relatif mendukung pemulihan vegetasi.,mangrove-priority-2016-2025-v0.1
700,40,MPR-B765DEC4FE,Tanjungleban,Bandar Laksamana,Bengkalis,0.73,P2,Regenerasi alami terbantu,68.5,62,84,44,tinggi,Kondisi biofisik relatif mendukung pemulihan vegetasi.,mangrove-priority-2016-2025-v0.1
701,41,MPR-C301A0A539,Tanjungleban,Bandar Laksamana,Bengkalis,0.72,P2,Regenerasi alami terbantu,68.5,62,84,44,tinggi,Kondisi biofisik relatif mendukung pemulihan vegetasi.,mangrove-priority-2016-2025-v0.1
702,42,MPR-0076F8F7C7,Tanjungleban,Bandar Laksamana,Bengkalis,0.7,P2,Regenerasi alami terbantu,68.5,62,84,44,tinggi,Kondisi biofisik relatif mendukung pemulihan vegetasi.,mangrove-priority-2016-2025-v0.1
703,43,MPR-DE74F885CB,Tanjungleban,Bandar Laksamana,Bengkalis,0.7,P2,Regenerasi alami terbantu,68.5,62,84,44,tinggi,Kondisi biofisik relatif mendukung pemulihan vegetasi.,mangrove-priority-2016-2025-v0.1
704,44,MPR-F9DE1F26F1,Tanjungleban,Bandar Laksamana,Bengkalis,0.62,P2,Regenerasi alami terbantu,68.5,62,84,44,tinggi,Kondisi biofisik relatif mendukung pemulihan vegetasi.,mangrove-priority-2016-2025-v0.1
705,45,MPR-7AA140AF44,Tanjungleban,Bandar Laksamana,Bengkalis,0.57,P2,Regenerasi alami terbantu,68.5,62,84,44,tinggi,Kondisi biofisik relatif mendukung pemulihan vegetasi.,mangrove-priority-2016-2025-v0.1
706,1,MPR-BED3EDB896,Teluklancar,Bantan,Bengkalis,0.55,P2,Regenerasi alami terbantu,68.5,58,84,35,tinggi,Kondisi biofisik relatif mendukung pemulihan vegetasi.,mangrove-priority-2016-2025-v0.1
707,46,MPR-AB4553B335,Tanjungleban,Bandar Laksamana,Bengkalis,0.51,P2,Regenerasi alami terbantu,68.5,62,84,44,tinggi,Kondisi biofisik relatif mendukung pemulihan vegetasi.,mangrove-priority-2016-2025-v0.1
708,2,MPR-96BDBF7C23,Teluklancar,Bantan,Bengkalis,0.5,P2,Regenerasi alami terbantu,68.5,58,84,35,tinggi,Kondisi biofisik relatif mendukung pemulihan vegetasi.,mangrove-priority-2016-2025-v0.1
709,47,MPR-5439E6FF23,Tanjungleban,Bandar Laksamana,Bengkalis,0.49,P2,Regenerasi alami terbantu,68.5,62,84,44,tinggi,Kondisi biofisik relatif mendukung pemulihan vegetasi.,mangrove-priority-2016-2025-v0.1
710,20,MPR-A51E67408B,Pangkalan Batang,Bengkalis,Bengkalis,0.39,P2,Regenerasi alami terbantu,68.5,57,84,33,tinggi,Kondisi biofisik relatif mendukung pemulihan vegetasi.,mangrove-priority-2016-2025-v0.1
711,10,MPR-9FB11EA040,Kelurahan Batu Panjang,Rupat,Bengkalis,0.38,P2,Regenerasi alami terbantu,68.5,57,84,33,tinggi,Kondisi biofisik relatif mendukung pemulihan vegetasi.,mangrove-priority-2016-2025-v0.1
712,35,MPR-59E66B5FD4,Sekodi,Bengkalis,Bengkalis,0.36,P2,Regenerasi alami terbantu,68.5,57,84,33,tinggi,Kondisi biofisik relatif mendukung pemulihan vegetasi.,mangrove-priority-2016-2025-v0.1
713,15,MPR-57E6D2D6AC,Muntai Barat,Bantan,Bengkalis,0.3,P2,Regenerasi alami terbantu,68.5,59,85,39,tinggi,Kondisi biofisik relatif mendukung pemulihan vegetasi.,mangrove-priority-2016-2025-v0.1
714,16,MPR-E3B18F156C,Muntai Barat,Bantan,Bengkalis,0.3,P2,Regenerasi alami terbantu,68.5,59,85,39,tinggi,Kondisi biofisik relatif mendukung pemulihan vegetasi.,mangrove-priority-2016-2025-v0.1
715,17,MPR-B6DA18B36D,Muntai Barat,Bantan,Bengkalis,0.29,P2,Regenerasi alami terbantu,68.5,59,85,39,tinggi,Kondisi biofisik relatif mendukung pemulihan vegetasi.,mangrove-priority-2016-2025-v0.1
716,18,MPR-C2F5C512A8,Muntai Barat,Bantan,Bengkalis,0.26,P2,Regenerasi alami terbantu,68.5,59,85,39,tinggi,Kondisi biofisik relatif mendukung pemulihan vegetasi.,mangrove-priority-2016-2025-v0.1
717,19,MPR-3D4F3C426E,Muntai Barat,Bantan,Bengkalis,0.24,P2,Regenerasi alami terbantu,68.5,59,85,39,tinggi,Kondisi biofisik relatif mendukung pemulihan vegetasi.,mangrove-priority-2016-2025-v0.1
718,20,MPR-0930B7947C,Muntai Barat,Bantan,Bengkalis,0.23,P2,Regenerasi alami terbantu,68.5,59,85,39,tinggi,Kondisi biofisik relatif mendukung pemulihan vegetasi.,mangrove-priority-2016-2025-v0.1
719,21,MPR-D560444678,Muntai Barat,Bantan,Bengkalis,0.22,P2,Regenerasi alami terbantu,68.5,59,85,39,tinggi,Kondisi biofisik relatif mendukung pemulihan vegetasi.,mangrove-priority-2016-2025-v0.1
720,10,MPR-66189AC462,Pampang Baru,Bantan,Bengkalis,7.313,P1,Penanaman aktif,68.4,67,75,40,tinggi,Kebutuhan dan kelayakan relatif tinggi.,mangrove-priority-2016-2025-v0.1
721,33,MPR-20570DCFFB,Tenggayun,Bandar Laksamana,Bengkalis,3.151,P2,Regenerasi alami terbantu,68.4,61,81,37,tinggi,Kondisi biofisik relatif mendukung pemulihan vegetasi.,mangrove-priority-2016-2025-v0.1
722,22,MPR-E44CF00007,Muntai Barat,Bantan,Bengkalis,2.114,P2,Regenerasi alami terbantu,68.4,62,82,41,tinggi,Kondisi biofisik relatif mendukung pemulihan vegetasi.,mangrove-priority-2016-2025-v0.1
723,48,MPR-AA79DACCFA,Tanjungleban,Bandar Laksamana,Bengkalis,1.67,P2,Regenerasi alami terbantu,68.4,63,83,45,tinggi,Kondisi biofisik relatif mendukung pemulihan vegetasi.,mangrove-priority-2016-2025-v0.1
724,49,MPR-7D59525231,Tanjungleban,Bandar Laksamana,Bengkalis,1.49,P2,Regenerasi alami terbantu,68.4,63,83,45,tinggi,Kondisi biofisik relatif mendukung pemulihan vegetasi.,mangrove-priority-2016-2025-v0.1
725,3,MPR-9B55BD9384,Teluklancar,Bantan,Bengkalis,1.34,P2,Regenerasi alami terbantu,68.4,59,83,36,tinggi,Kondisi biofisik relatif mendukung pemulihan vegetasi.,mangrove-priority-2016-2025-v0.1
726,23,MPR-F4F937DCD5,Muntai Barat,Bantan,Bengkalis,1.06,P2,Regenerasi alami terbantu,68.4,60,84,40,tinggi,Kondisi biofisik relatif mendukung pemulihan vegetasi.,mangrove-priority-2016-2025-v0.1
727,28,MPR-06FB8F6E9A,Jangkang,Bantan,Bengkalis,0.4,P2,Regenerasi alami terbantu,68.4,59,84,38,sedang,Kondisi biofisik relatif mendukung pemulihan vegetasi.,mangrove-priority-2016-2025-v0.1
728,29,MPR-0811B23AA8,Jangkang,Bantan,Bengkalis,0.38,P2,Regenerasi alami terbantu,68.4,59,84,38,sedang,Kondisi biofisik relatif mendukung pemulihan vegetasi.,mangrove-priority-2016-2025-v0.1
729,30,MPR-A30AE6C42F,Jangkang,Bantan,Bengkalis,0.38,P2,Regenerasi alami terbantu,68.4,59,84,38,sedang,Kondisi biofisik relatif mendukung pemulihan vegetasi.,mangrove-priority-2016-2025-v0.1
730,4,MPR-D20A95ABE8,Teluklancar,Bantan,Bengkalis,0.35,P2,Regenerasi alami terbantu,68.4,57,85,35,tinggi,Kondisi biofisik relatif mendukung pemulihan vegetasi.,mangrove-priority-2016-2025-v0.1
731,5,MPR-0F98C3031A,Teluklancar,Bantan,Bengkalis,0.33,P2,Regenerasi alami terbantu,68.4,57,85,35,tinggi,Kondisi biofisik relatif mendukung pemulihan vegetasi.,mangrove-priority-2016-2025-v0.1
732,6,MPR-F0AF36F716,Teluklancar,Bantan,Bengkalis,0.33,P2,Regenerasi alami terbantu,68.4,57,85,35,tinggi,Kondisi biofisik relatif mendukung pemulihan vegetasi.,mangrove-priority-2016-2025-v0.1
733,7,MPR-5DF0C4C233,Teluklancar,Bantan,Bengkalis,0.25,P2,Regenerasi alami terbantu,68.4,57,85,35,tinggi,Kondisi biofisik relatif mendukung pemulihan vegetasi.,mangrove-priority-2016-2025-v0.1
734,8,MPR-257BC1F1B4,Teluklancar,Bantan,Bengkalis,0.23,P2,Regenerasi alami terbantu,68.4,57,85,35,tinggi,Kondisi biofisik relatif mendukung pemulihan vegetasi.,mangrove-priority-2016-2025-v0.1
735,9,MPR-46D25C111D,Teluklancar,Bantan,Bengkalis,0.22,P2,Regenerasi alami terbantu,68.4,57,85,35,tinggi,Kondisi biofisik relatif mendukung pemulihan vegetasi.,mangrove-priority-2016-2025-v0.1
736,10,MPR-585AD89C8F,Teluklancar,Bantan,Bengkalis,0.16,P2,Regenerasi alami terbantu,68.4,57,85,35,tinggi,Kondisi biofisik relatif mendukung pemulihan vegetasi.,mangrove-priority-2016-2025-v0.1
737,11,MPR-ECB5A540DE,Teluklancar,Bantan,Bengkalis,0.14,P2,Regenerasi alami terbantu,68.4,57,85,35,tinggi,Kondisi biofisik relatif mendukung pemulihan vegetasi.,mangrove-priority-2016-2025-v0.1
738,12,MPR-C23474BFCB,Teluklancar,Bantan,Bengkalis,0.13,P2,Regenerasi alami terbantu,68.4,57,85,35,tinggi,Kondisi biofisik relatif mendukung pemulihan vegetasi.,mangrove-priority-2016-2025-v0.1
739,13,MPR-811862AAC2,Teluklancar,Bantan,Bengkalis,0.11,P2,Regenerasi alami terbantu,68.4,57,85,35,tinggi,Kondisi biofisik relatif mendukung pemulihan vegetasi.,mangrove-priority-2016-2025-v0.1
740,14,MPR-D6A076884B,Teluklancar,Bantan,Bengkalis,0.11,P2,Regenerasi alami terbantu,68.4,57,85,35,tinggi,Kondisi biofisik relatif mendukung pemulihan vegetasi.,mangrove-priority-2016-2025-v0.1
741,15,MPR-70D4408310,Teluklancar,Bantan,Bengkalis,0.1,P2,Regenerasi alami terbantu,68.4,57,85,35,tinggi,Kondisi biofisik relatif mendukung pemulihan vegetasi.,mangrove-priority-2016-2025-v0.1
742,16,MPR-D382D47470,Teluklancar,Bantan,Bengkalis,0.08,P2,Regenerasi alami terbantu,68.4,57,85,35,tinggi,Kondisi biofisik relatif mendukung pemulihan vegetasi.,mangrove-priority-2016-2025-v0.1
743,17,MPR-F4FD9BE614,Teluklancar,Bantan,Bengkalis,0.08,P2,Regenerasi alami terbantu,68.4,57,85,35,tinggi,Kondisi biofisik relatif mendukung pemulihan vegetasi.,mangrove-priority-2016-2025-v0.1
744,18,MPR-15183534D2,Teluklancar,Bantan,Bengkalis,0.05,P2,Regenerasi alami terbantu,68.4,57,85,35,tinggi,Kondisi biofisik relatif mendukung pemulihan vegetasi.,mangrove-priority-2016-2025-v0.1
745,19,MPR-56424EE240,Teluklancar,Bantan,Bengkalis,0.05,P2,Regenerasi alami terbantu,68.4,57,85,35,tinggi,Kondisi biofisik relatif mendukung pemulihan vegetasi.,mangrove-priority-2016-2025-v0.1
746,20,MPR-58F09B4027,Teluklancar,Bantan,Bengkalis,0.05,P2,Regenerasi alami terbantu,68.4,57,85,35,tinggi,Kondisi biofisik relatif mendukung pemulihan vegetasi.,mangrove-priority-2016-2025-v0.1
747,21,MPR-8E619E4BAF,Teluklancar,Bantan,Bengkalis,0.05,P2,Regenerasi alami terbantu,68.4,57,85,35,tinggi,Kondisi biofisik relatif mendukung pemulihan vegetasi.,mangrove-priority-2016-2025-v0.1
748,22,MPR-B92AB57788,Teluklancar,Bantan,Bengkalis,0.05,P2,Regenerasi alami terbantu,68.4,57,85,35,tinggi,Kondisi biofisik relatif mendukung pemulihan vegetasi.,mangrove-priority-2016-2025-v0.1
749,23,MPR-CF3029EEC2,Teluklancar,Bantan,Bengkalis,0.05,P2,Regenerasi alami terbantu,68.4,57,85,35,tinggi,Kondisi biofisik relatif mendukung pemulihan vegetasi.,mangrove-priority-2016-2025-v0.1
750,28,MPR-A1FCA9BC54,Kelapa Pati,Bengkalis,Bengkalis,3.281,P1,Penanaman aktif,68.3,69,70,36,tinggi,Kebutuhan dan kelayakan relatif tinggi.,mangrove-priority-2016-2025-v0.1
751,24,MPR-EB8F51D655,Muntai Barat,Bantan,Bengkalis,1.64,P2,Regenerasi alami terbantu,68.3,61,83,41,tinggi,Kondisi biofisik relatif mendukung pemulihan vegetasi.,mangrove-priority-2016-2025-v0.1
752,34,MPR-217C6F914E,Tenggayun,Bandar Laksamana,Bengkalis,1.073,P2,Regenerasi alami terbantu,68.3,58,83,34,tinggi,Kondisi biofisik relatif mendukung pemulihan vegetasi.,mangrove-priority-2016-2025-v0.1
753,24,MPR-8FD2D5E4C0,Teluklancar,Bantan,Bengkalis,1.0,P2,Regenerasi alami terbantu,68.3,58,84,36,tinggi,Kondisi biofisik relatif mendukung pemulihan vegetasi.,mangrove-priority-2016-2025-v0.1
754,25,MPR-2E468F8710,Teluklancar,Bantan,Bengkalis,0.87,P2,Regenerasi alami terbantu,68.3,58,84,36,tinggi,Kondisi biofisik relatif mendukung pemulihan vegetasi.,mangrove-priority-2016-2025-v0.1
755,15,MPR-0AD8CE4CEA,Telukpambang,Bantan,Bengkalis,0.4,P2,Regenerasi alami terbantu,68.3,58,84,36,tinggi,Kondisi biofisik relatif mendukung pemulihan vegetasi.,mangrove-priority-2016-2025-v0.1
756,24,MPR-E3F0AB5398,Teluklatak,Bengkalis,Bengkalis,6.947,P1,Penanaman aktif,68.2,68,75,43,tinggi,Kebutuhan dan kelayakan relatif tinggi.,mangrove-priority-2016-2025-v0.1
757,30,MPR-7744CEC7A5,Sungaibatang,Bengkalis,Bengkalis,5.34,P2,Regenerasi alami terbantu,68.2,63,78,37,tinggi,Kondisi biofisik relatif mendukung pemulihan vegetasi.,mangrove-priority-2016-2025-v0.1
758,35,MPR-3C348F0B3A,Tenggayun,Bandar Laksamana,Bengkalis,4.63,P2,Regenerasi alami terbantu,68.2,63,79,39,tinggi,Kondisi biofisik relatif mendukung pemulihan vegetasi.,mangrove-priority-2016-2025-v0.1
759,29,MPR-CEAE85E06A,Kelapa Pati,Bengkalis,Bengkalis,4.336,P2,Regenerasi alami terbantu,68.2,70,69,37,tinggi,Kondisi biofisik relatif mendukung pemulihan vegetasi.,mangrove-priority-2016-2025-v0.1
760,39,MPR-FCC354616F,Selat Baru,Bantan,Bengkalis,3.4,P2,Regenerasi alami terbantu,68.2,64,80,43,tinggi,Kondisi biofisik relatif mendukung pemulihan vegetasi.,mangrove-priority-2016-2025-v0.1
761,50,MPR-18116CFD48,Tanjungleban,Bandar Laksamana,Bengkalis,2.99,P1,Penanaman aktif,68.2,65,81,47,tinggi,Kebutuhan dan kelayakan relatif tinggi.,mangrove-priority-2016-2025-v0.1
762,15,MPR-1DFD8D69FF,Kelebuk,Bengkalis,Bengkalis,2.87,P2,Regenerasi alami terbantu,68.2,58,81,31,tinggi,Kondisi biofisik relatif mendukung pemulihan vegetasi.,mangrove-priority-2016-2025-v0.1
763,25,MPR-D61425D9FD,Muntai Barat,Bantan,Bengkalis,2.37,P2,Regenerasi alami terbantu,68.2,62,82,42,tinggi,Kondisi biofisik relatif mendukung pemulihan vegetasi.,mangrove-priority-2016-2025-v0.1
764,36,MPR-E5ED23EB63,Sekodi,Bengkalis,Bengkalis,2.08,P2,Regenerasi alami terbantu,68.2,59,82,35,tinggi,Kondisi biofisik relatif mendukung pemulihan vegetasi.,mangrove-priority-2016-2025-v0.1
765,37,MPR-5B7C1721A5,Sekodi,Bengkalis,Bengkalis,2.012,P2,Regenerasi alami terbantu,68.2,59,82,35,tinggi,Kondisi biofisik relatif mendukung pemulihan vegetasi.,mangrove-priority-2016-2025-v0.1
766,36,MPR-E0143A5561,Tenggayun,Bandar Laksamana,Bengkalis,1.925,P2,Regenerasi alami terbantu,68.2,59,82,35,tinggi,Kondisi biofisik relatif mendukung pemulihan vegetasi.,mangrove-priority-2016-2025-v0.1
767,26,MPR-E244B4DAB3,Teluklancar,Bantan,Bengkalis,1.53,P2,Regenerasi alami terbantu,68.2,59,83,37,tinggi,Kondisi biofisik relatif mendukung pemulihan vegetasi.,mangrove-priority-2016-2025-v0.1
768,51,MPR-1FB1E1D5AE,Tanjungleban,Bandar Laksamana,Bengkalis,0.41,P2,Regenerasi alami terbantu,68.2,61,84,43,tinggi,Kondisi biofisik relatif mendukung pemulihan vegetasi.,mangrove-priority-2016-2025-v0.1
769,52,MPR-7925161A2C,Tanjungleban,Bandar Laksamana,Bengkalis,0.41,P2,Regenerasi alami terbantu,68.2,61,84,43,tinggi,Kondisi biofisik relatif mendukung pemulihan vegetasi.,mangrove-priority-2016-2025-v0.1
770,26,MPR-FABE97B47F,Muntai Barat,Bantan,Bengkalis,0.38,P2,Regenerasi alami terbantu,68.2,59,84,39,tinggi,Kondisi biofisik relatif mendukung pemulihan vegetasi.,mangrove-priority-2016-2025-v0.1
771,20,MPR-F4FC44DFBD,Paritsatuapi-Api,Bandar Laksamana,Bengkalis,14.59,P3,Pemulihan hidrologi,68.0,82,65,58,tinggi,Kelayakan sedang; konektivitas pasang surut perlu dipulihkan.,mangrove-priority-2016-2025-v0.1
772,36,MPR-F5B950AA0E,Kelemantan,Bengkalis,Bengkalis,5.47,P1,Penanaman aktif,68.0,69,77,50,tinggi,Kebutuhan dan kelayakan relatif tinggi.,mangrove-priority-2016-2025-v0.1
773,14,MPR-D5F1145CEB,Wonosari,Bengkalis,Bengkalis,1.24,P2,Regenerasi alami terbantu,68.0,60,79,33,tinggi,Kondisi biofisik relatif mendukung pemulihan vegetasi.,mangrove-priority-2016-2025-v0.1
774,27,MPR-4C26864906,Muntai Barat,Bantan,Bengkalis,1.08,P2,Regenerasi alami terbantu,68.0,60,83,40,tinggi,Kondisi biofisik relatif mendukung pemulihan vegetasi.,mangrove-priority-2016-2025-v0.1
775,27,MPR-1C3617C329,Teluklancar,Bantan,Bengkalis,0.4,P2,Regenerasi alami terbantu,68.0,57,84,35,tinggi,Kondisi biofisik relatif mendukung pemulihan vegetasi.,mangrove-priority-2016-2025-v0.1
776,19,MPR-C751D83601,Bantan Air,Bantan,Bengkalis,10.84,P1,Penanaman aktif,67.9,72,70,45,tinggi,Kebutuhan dan kelayakan relatif tinggi.,mangrove-priority-2016-2025-v0.1
777,21,MPR-5FE5369E65,Pangkalan Batang,Bengkalis,Bengkalis,5.42,P2,Regenerasi alami terbantu,67.8,64,77,40,tinggi,Kondisi biofisik relatif mendukung pemulihan vegetasi.,mangrove-priority-2016-2025-v0.1
778,53,MPR-9EA104E719,Tanjungleban,Bandar Laksamana,Bengkalis,1.92,P2,Regenerasi alami terbantu,67.8,63,82,46,tinggi,Kondisi biofisik relatif mendukung pemulihan vegetasi.,mangrove-priority-2016-2025-v0.1
779,1,MPR-363450277B,Kembung Luar,Bantan,Bengkalis,0.5,P2,Regenerasi alami terbantu,67.8,53,84,27,tinggi,Kondisi biofisik relatif mendukung pemulihan vegetasi.,mangrove-priority-2016-2025-v0.1
780,2,MPR-2396116C97,Kembung Luar,Bantan,Bengkalis,0.49,P2,Regenerasi alami terbantu,67.8,53,84,27,tinggi,Kondisi biofisik relatif mendukung pemulihan vegetasi.,mangrove-priority-2016-2025-v0.1
781,3,MPR-38964AEB83,Kembung Luar,Bantan,Bengkalis,0.23,P2,Regenerasi alami terbantu,67.8,52,85,27,tinggi,Kondisi biofisik relatif mendukung pemulihan vegetasi.,mangrove-priority-2016-2025-v0.1
782,4,MPR-C886C3B358,Kembung Luar,Bantan,Bengkalis,0.21,P2,Regenerasi alami terbantu,67.8,52,85,27,tinggi,Kondisi biofisik relatif mendukung pemulihan vegetasi.,mangrove-priority-2016-2025-v0.1
783,5,MPR-3FAF1C68D4,Kembung Luar,Bantan,Bengkalis,0.16,P2,Regenerasi alami terbantu,67.8,52,85,27,tinggi,Kondisi biofisik relatif mendukung pemulihan vegetasi.,mangrove-priority-2016-2025-v0.1
784,6,MPR-FC1CFD4896,Kembung Luar,Bantan,Bengkalis,0.16,P2,Regenerasi alami terbantu,67.8,52,85,27,tinggi,Kondisi biofisik relatif mendukung pemulihan vegetasi.,mangrove-priority-2016-2025-v0.1
785,7,MPR-A785D6459F,Kembung Luar,Bantan,Bengkalis,0.14,P2,Regenerasi alami terbantu,67.8,52,85,27,tinggi,Kondisi biofisik relatif mendukung pemulihan vegetasi.,mangrove-priority-2016-2025-v0.1
786,8,MPR-FEAF81713F,Kembung Luar,Bantan,Bengkalis,0.14,P2,Regenerasi alami terbantu,67.8,52,85,27,tinggi,Kondisi biofisik relatif mendukung pemulihan vegetasi.,mangrove-priority-2016-2025-v0.1
787,9,MPR-54A243FFBF,Kembung Luar,Bantan,Bengkalis,0.13,P2,Regenerasi alami terbantu,67.8,52,85,27,tinggi,Kondisi biofisik relatif mendukung pemulihan vegetasi.,mangrove-priority-2016-2025-v0.1
788,10,MPR-A0136FF38E,Kembung Luar,Bantan,Bengkalis,0.13,P2,Regenerasi alami terbantu,67.8,52,85,27,tinggi,Kondisi biofisik relatif mendukung pemulihan vegetasi.,mangrove-priority-2016-2025-v0.1
789,11,MPR-0C20BF83B6,Kembung Luar,Bantan,Bengkalis,0.11,P2,Regenerasi alami terbantu,67.8,52,85,27,tinggi,Kondisi biofisik relatif mendukung pemulihan vegetasi.,mangrove-priority-2016-2025-v0.1
790,12,MPR-52056BA2AA,Kembung Luar,Bantan,Bengkalis,0.08,P2,Regenerasi alami terbantu,67.8,52,85,27,tinggi,Kondisi biofisik relatif mendukung pemulihan vegetasi.,mangrove-priority-2016-2025-v0.1
791,13,MPR-B0C6353ECB,Kembung Luar,Bantan,Bengkalis,0.08,P2,Regenerasi alami terbantu,67.8,52,85,27,tinggi,Kondisi biofisik relatif mendukung pemulihan vegetasi.,mangrove-priority-2016-2025-v0.1
792,14,MPR-960DA9EF8F,Kembung Luar,Bantan,Bengkalis,1.0,P2,Regenerasi alami terbantu,67.7,53,84,28,tinggi,Kondisi biofisik relatif mendukung pemulihan vegetasi.,mangrove-priority-2016-2025-v0.1
793,15,MPR-96DA0DD63C,Kembung Luar,Bantan,Bengkalis,0.54,P2,Regenerasi alami terbantu,67.7,53,84,28,tinggi,Kondisi biofisik relatif mendukung pemulihan vegetasi.,mangrove-priority-2016-2025-v0.1
794,1,MPR-20CFB524AD,Api-Api,Bandar Laksamana,Bengkalis,0.35,P2,Regenerasi alami terbantu,67.7,55,85,34,sedang,Kondisi biofisik relatif mendukung pemulihan vegetasi.,mangrove-priority-2016-2025-v0.1
795,2,MPR-62F8306AB3,Api-Api,Bandar Laksamana,Bengkalis,0.31,P2,Regenerasi alami terbantu,67.7,55,85,34,sedang,Kondisi biofisik relatif mendukung pemulihan vegetasi.,mangrove-priority-2016-2025-v0.1
796,3,MPR-E41A922A41,Api-Api,Bandar Laksamana,Bengkalis,0.29,P2,Regenerasi alami terbantu,67.7,55,85,34,sedang,Kondisi biofisik relatif mendukung pemulihan vegetasi.,mangrove-priority-2016-2025-v0.1
797,4,MPR-C7C6311607,Api-Api,Bandar Laksamana,Bengkalis,0.26,P2,Regenerasi alami terbantu,67.7,55,85,34,sedang,Kondisi biofisik relatif mendukung pemulihan vegetasi.,mangrove-priority-2016-2025-v0.1
798,5,MPR-605D624CD6,Api-Api,Bandar Laksamana,Bengkalis,0.22,P2,Regenerasi alami terbantu,67.7,55,85,34,sedang,Kondisi biofisik relatif mendukung pemulihan vegetasi.,mangrove-priority-2016-2025-v0.1
799,6,MPR-FAC00349F6,Api-Api,Bandar Laksamana,Bengkalis,0.21,P2,Regenerasi alami terbantu,67.7,55,85,34,sedang,Kondisi biofisik relatif mendukung pemulihan vegetasi.,mangrove-priority-2016-2025-v0.1
800,7,MPR-E1690876FB,Api-Api,Bandar Laksamana,Bengkalis,0.19,P2,Regenerasi alami terbantu,67.7,55,85,34,sedang,Kondisi biofisik relatif mendukung pemulihan vegetasi.,mangrove-priority-2016-2025-v0.1
801,8,MPR-8387C3B9C9,Api-Api,Bandar Laksamana,Bengkalis,0.18,P2,Regenerasi alami terbantu,67.7,55,85,34,sedang,Kondisi biofisik relatif mendukung pemulihan vegetasi.,mangrove-priority-2016-2025-v0.1
802,9,MPR-25748B0C4B,Api-Api,Bandar Laksamana,Bengkalis,0.16,P2,Regenerasi alami terbantu,67.7,55,85,34,sedang,Kondisi biofisik relatif mendukung pemulihan vegetasi.,mangrove-priority-2016-2025-v0.1
803,10,MPR-73B7CCA47B,Api-Api,Bandar Laksamana,Bengkalis,0.16,P2,Regenerasi alami terbantu,67.7,55,85,34,sedang,Kondisi biofisik relatif mendukung pemulihan vegetasi.,mangrove-priority-2016-2025-v0.1
804,11,MPR-F8029D86A2,Api-Api,Bandar Laksamana,Bengkalis,0.15,P2,Regenerasi alami terbantu,67.7,55,85,34,sedang,Kondisi biofisik relatif mendukung pemulihan vegetasi.,mangrove-priority-2016-2025-v0.1
805,12,MPR-479F6C1635,Api-Api,Bandar Laksamana,Bengkalis,0.14,P2,Regenerasi alami terbantu,67.7,55,85,34,sedang,Kondisi biofisik relatif mendukung pemulihan vegetasi.,mangrove-priority-2016-2025-v0.1
806,13,MPR-D792E3F5CD,Api-Api,Bandar Laksamana,Bengkalis,0.13,P2,Regenerasi alami terbantu,67.7,55,85,34,sedang,Kondisi biofisik relatif mendukung pemulihan vegetasi.,mangrove-priority-2016-2025-v0.1
807,14,MPR-2E7E9E5855,Api-Api,Bandar Laksamana,Bengkalis,0.08,P2,Regenerasi alami terbantu,67.7,55,85,34,sedang,Kondisi biofisik relatif mendukung pemulihan vegetasi.,mangrove-priority-2016-2025-v0.1
808,15,MPR-5C3CFBED1D,Api-Api,Bandar Laksamana,Bengkalis,0.08,P2,Regenerasi alami terbantu,67.7,55,85,34,sedang,Kondisi biofisik relatif mendukung pemulihan vegetasi.,mangrove-priority-2016-2025-v0.1
809,16,MPR-81BE029F34,Api-Api,Bandar Laksamana,Bengkalis,0.08,P2,Regenerasi alami terbantu,67.7,55,85,34,sedang,Kondisi biofisik relatif mendukung pemulihan vegetasi.,mangrove-priority-2016-2025-v0.1
810,17,MPR-AEE3B65D50,Api-Api,Bandar Laksamana,Bengkalis,0.08,P2,Regenerasi alami terbantu,67.7,55,85,34,sedang,Kondisi biofisik relatif mendukung pemulihan vegetasi.,mangrove-priority-2016-2025-v0.1
811,18,MPR-BCAC8B2E4C,Api-Api,Bandar Laksamana,Bengkalis,0.08,P2,Regenerasi alami terbantu,67.7,55,85,34,sedang,Kondisi biofisik relatif mendukung pemulihan vegetasi.,mangrove-priority-2016-2025-v0.1
812,19,MPR-D2D24C31CB,Api-Api,Bandar Laksamana,Bengkalis,0.08,P2,Regenerasi alami terbantu,67.7,55,85,34,sedang,Kondisi biofisik relatif mendukung pemulihan vegetasi.,mangrove-priority-2016-2025-v0.1
813,20,MPR-D6F8596CFD,Api-Api,Bandar Laksamana,Bengkalis,0.05,P2,Regenerasi alami terbantu,67.7,55,85,34,sedang,Kondisi biofisik relatif mendukung pemulihan vegetasi.,mangrove-priority-2016-2025-v0.1
814,21,MPR-E7B5414972,Api-Api,Bandar Laksamana,Bengkalis,0.97,P2,Regenerasi alami terbantu,67.6,56,84,35,sedang,Kondisi biofisik relatif mendukung pemulihan vegetasi.,mangrove-priority-2016-2025-v0.1
815,22,MPR-13960382D8,Api-Api,Bandar Laksamana,Bengkalis,0.79,P2,Regenerasi alami terbantu,67.6,56,84,35,sedang,Kondisi biofisik relatif mendukung pemulihan vegetasi.,mangrove-priority-2016-2025-v0.1
816,23,MPR-992B8980E2,Api-Api,Bandar Laksamana,Bengkalis,0.71,P2,Regenerasi alami terbantu,67.6,56,84,35,sedang,Kondisi biofisik relatif mendukung pemulihan vegetasi.,mangrove-priority-2016-2025-v0.1
817,16,MPR-4F771BF57B,Kelebuk,Bengkalis,Bengkalis,7.27,P2,Regenerasi alami terbantu,67.5,64,75,38,tinggi,Kondisi biofisik relatif mendukung pemulihan vegetasi.,mangrove-priority-2016-2025-v0.1
818,14,MPR-7883A37A1F,Pematang Duku,Bengkalis,Bengkalis,6.7,P2,Regenerasi alami terbantu,67.5,64,75,38,tinggi,Kondisi biofisik relatif mendukung pemulihan vegetasi.,mangrove-priority-2016-2025-v0.1
819,28,MPR-5F6D5F6556,Teluklancar,Bantan,Bengkalis,3.48,P2,Regenerasi alami terbantu,67.5,61,80,40,tinggi,Kondisi biofisik relatif mendukung pemulihan vegetasi.,mangrove-priority-2016-2025-v0.1
820,16,MPR-56CDF23F6E,Kembung Luar,Bantan,Bengkalis,2.39,P2,Regenerasi alami terbantu,67.5,55,82,30,tinggi,Kondisi biofisik relatif mendukung pemulihan vegetasi.,mangrove-priority-2016-2025-v0.1
821,24,MPR-252C318F11,Api-Api,Bandar Laksamana,Bengkalis,1.56,P2,Regenerasi alami terbantu,67.5,57,83,36,sedang,Kondisi biofisik relatif mendukung pemulihan vegetasi.,mangrove-priority-2016-2025-v0.1
822,25,MPR-F781ADC228,Api-Api,Bandar Laksamana,Bengkalis,1.43,P2,Regenerasi alami terbantu,67.5,57,83,36,sedang,Kondisi biofisik relatif mendukung pemulihan vegetasi.,mangrove-priority-2016-2025-v0.1
823,26,MPR-F603EC0B78,Api-Api,Bandar Laksamana,Bengkalis,1.41,P2,Regenerasi alami terbantu,67.5,57,83,36,sedang,Kondisi biofisik relatif mendukung pemulihan vegetasi.,mangrove-priority-2016-2025-v0.1
824,27,MPR-216D4114A4,Api-Api,Bandar Laksamana,Bengkalis,1.35,P2,Regenerasi alami terbantu,67.5,57,83,36,sedang,Kondisi biofisik relatif mendukung pemulihan vegetasi.,mangrove-priority-2016-2025-v0.1
825,1,MPR-5B2051E25C,Temeran,Bengkalis,Bengkalis,0.16,P2,Regenerasi alami terbantu,67.5,51,85,26,tinggi,Kondisi biofisik relatif mendukung pemulihan vegetasi.,mangrove-priority-2016-2025-v0.1
826,2,MPR-35C030A6E2,Temeran,Bengkalis,Bengkalis,0.1,P2,Regenerasi alami terbantu,67.5,51,85,26,tinggi,Kondisi biofisik relatif mendukung pemulihan vegetasi.,mangrove-priority-2016-2025-v0.1
827,3,MPR-A255907DDF,Temeran,Bengkalis,Bengkalis,0.1,P2,Regenerasi alami terbantu,67.5,51,85,26,tinggi,Kondisi biofisik relatif mendukung pemulihan vegetasi.,mangrove-priority-2016-2025-v0.1
828,4,MPR-2F1DF42D30,Temeran,Bengkalis,Bengkalis,0.05,P2,Regenerasi alami terbantu,67.5,51,85,26,tinggi,Kondisi biofisik relatif mendukung pemulihan vegetasi.,mangrove-priority-2016-2025-v0.1
829,5,MPR-32E8477F2B,Temeran,Bengkalis,Bengkalis,0.05,X,Tidak direkomendasikan,67.5,51,85,26,tinggi,Area terlalu kecil dan terisolasi untuk diprioritaskan.,mangrove-priority-2016-2025-v0.1
830,28,MPR-7A4486C826,Api-Api,Bandar Laksamana,Bengkalis,2.38,P2,Regenerasi alami terbantu,67.4,58,82,37,sedang,Kondisi biofisik relatif mendukung pemulihan vegetasi.,mangrove-priority-2016-2025-v0.1
831,6,MPR-2D0AFB075F,Temeran,Bengkalis,Bengkalis,0.44,P2,Regenerasi alami terbantu,67.4,52,84,27,tinggi,Kondisi biofisik relatif mendukung pemulihan vegetasi.,mangrove-priority-2016-2025-v0.1
832,17,MPR-8A9FA02C69,Kembung Luar,Bantan,Bengkalis,0.37,P2,Regenerasi alami terbantu,67.4,52,84,27,tinggi,Kondisi biofisik relatif mendukung pemulihan vegetasi.,mangrove-priority-2016-2025-v0.1
833,38,MPR-D75C645A2E,Sekodi,Bengkalis,Bengkalis,5.4,P2,Regenerasi alami terbantu,67.3,63,77,40,tinggi,Kondisi biofisik relatif mendukung pemulihan vegetasi.,mangrove-priority-2016-2025-v0.1
834,29,MPR-FFDE4CE4B0,Teluklancar,Bantan,Bengkalis,4.51,P2,Regenerasi alami terbantu,67.3,62,79,41,tinggi,Kondisi biofisik relatif mendukung pemulihan vegetasi.,mangrove-priority-2016-2025-v0.1
835,18,MPR-D8599FBE0F,Kembung Luar,Bantan,Bengkalis,3.04,P2,Regenerasi alami terbantu,67.3,56,81,31,tinggi,Kondisi biofisik relatif mendukung pemulihan vegetasi.,mangrove-priority-2016-2025-v0.1
836,19,MPR-9A9FEF7B0C,Kembung Luar,Bantan,Bengkalis,1.12,P2,Regenerasi alami terbantu,67.3,53,83,28,tinggi,Kondisi biofisik relatif mendukung pemulihan vegetasi.,mangrove-priority-2016-2025-v0.1
837,29,MPR-30BBAA1841,Api-Api,Bandar Laksamana,Bengkalis,0.36,P2,Regenerasi alami terbantu,67.3,55,84,34,sedang,Kondisi biofisik relatif mendukung pemulihan vegetasi.,mangrove-priority-2016-2025-v0.1
838,30,MPR-823D8063F9,Api-Api,Bandar Laksamana,Bengkalis,0.36,P2,Regenerasi alami terbantu,67.3,55,84,34,sedang,Kondisi biofisik relatif mendukung pemulihan vegetasi.,mangrove-priority-2016-2025-v0.1
839,7,MPR-077C70E1C7,Temeran,Bengkalis,Bengkalis,0.2,P2,Regenerasi alami terbantu,67.3,51,85,27,tinggi,Kondisi biofisik relatif mendukung pemulihan vegetasi.,mangrove-priority-2016-2025-v0.1
840,8,MPR-36398C8965,Temeran,Bengkalis,Bengkalis,0.17,P2,Regenerasi alami terbantu,67.3,51,85,27,tinggi,Kondisi biofisik relatif mendukung pemulihan vegetasi.,mangrove-priority-2016-2025-v0.1
841,30,MPR-E9760E6003,Teluklancar,Bantan,Bengkalis,5.9,P2,Regenerasi alami terbantu,67.2,64,77,43,tinggi,Kondisi biofisik relatif mendukung pemulihan vegetasi.,mangrove-priority-2016-2025-v0.1
842,1,MPR-3D0C448B39,Kuala Alam,Bengkalis,Bengkalis,0.1,P2,Regenerasi alami terbantu,67.2,50,85,25,tinggi,Kondisi biofisik relatif mendukung pemulihan vegetasi.,mangrove-priority-2016-2025-v0.1
843,2,MPR-62808A6DCF,Kuala Alam,Bengkalis,Bengkalis,0.08,P2,Regenerasi alami terbantu,67.2,50,85,25,tinggi,Kondisi biofisik relatif mendukung pemulihan vegetasi.,mangrove-priority-2016-2025-v0.1
844,3,MPR-F1AC4F6EE5,Kuala Alam,Bengkalis,Bengkalis,1.26,P2,Regenerasi alami terbantu,67.1,52,83,27,tinggi,Kondisi biofisik relatif mendukung pemulihan vegetasi.,mangrove-priority-2016-2025-v0.1
845,4,MPR-6E57123A33,Kuala Alam,Bengkalis,Bengkalis,0.79,P2,Regenerasi alami terbantu,67.1,51,84,26,tinggi,Kondisi biofisik relatif mendukung pemulihan vegetasi.,mangrove-priority-2016-2025-v0.1
846,5,MPR-9413D5CFBF,Kuala Alam,Bengkalis,Bengkalis,0.51,P2,Regenerasi alami terbantu,67.1,51,84,26,tinggi,Kondisi biofisik relatif mendukung pemulihan vegetasi.,mangrove-priority-2016-2025-v0.1
847,1,MPR-CC5443EA9F,Buruk Bakul,Bukit Batu,Bengkalis,0.32,P2,Regenerasi alami terbantu,67.1,56,85,39,tinggi,Kondisi biofisik relatif mendukung pemulihan vegetasi.,mangrove-priority-2016-2025-v0.1
848,2,MPR-33EA0E797D,Buruk Bakul,Bukit Batu,Bengkalis,0.31,P2,Regenerasi alami terbantu,67.1,56,85,39,tinggi,Kondisi biofisik relatif mendukung pemulihan vegetasi.,mangrove-priority-2016-2025-v0.1
849,3,MPR-43026EB10F,Buruk Bakul,Bukit Batu,Bengkalis,0.31,P2,Regenerasi alami terbantu,67.1,56,85,39,tinggi,Kondisi biofisik relatif mendukung pemulihan vegetasi.,mangrove-priority-2016-2025-v0.1
850,4,MPR-9FACC37851,Buruk Bakul,Bukit Batu,Bengkalis,0.27,P2,Regenerasi alami terbantu,67.1,56,85,39,tinggi,Kondisi biofisik relatif mendukung pemulihan vegetasi.,mangrove-priority-2016-2025-v0.1
851,5,MPR-D7DBCBA820,Buruk Bakul,Bukit Batu,Bengkalis,0.214,P2,Regenerasi alami terbantu,67.1,56,85,39,tinggi,Kondisi biofisik relatif mendukung pemulihan vegetasi.,mangrove-priority-2016-2025-v0.1
852,6,MPR-637FFBBFC2,Buruk Bakul,Bukit Batu,Bengkalis,0.2,P2,Regenerasi alami terbantu,67.1,56,85,39,tinggi,Kondisi biofisik relatif mendukung pemulihan vegetasi.,mangrove-priority-2016-2025-v0.1
853,7,MPR-A7E00EB38A,Buruk Bakul,Bukit Batu,Bengkalis,0.19,P2,Regenerasi alami terbantu,67.1,56,85,39,tinggi,Kondisi biofisik relatif mendukung pemulihan vegetasi.,mangrove-priority-2016-2025-v0.1
854,8,MPR-CE3F4542A4,Buruk Bakul,Bukit Batu,Bengkalis,0.19,P2,Regenerasi alami terbantu,67.1,56,85,39,tinggi,Kondisi biofisik relatif mendukung pemulihan vegetasi.,mangrove-priority-2016-2025-v0.1
855,9,MPR-33913BA9BD,Buruk Bakul,Bukit Batu,Bengkalis,0.15,P2,Regenerasi alami terbantu,67.1,56,85,39,tinggi,Kondisi biofisik relatif mendukung pemulihan vegetasi.,mangrove-priority-2016-2025-v0.1
856,10,MPR-843BD6979D,Buruk Bakul,Bukit Batu,Bengkalis,0.14,P2,Regenerasi alami terbantu,67.1,56,85,39,tinggi,Kondisi biofisik relatif mendukung pemulihan vegetasi.,mangrove-priority-2016-2025-v0.1
857,11,MPR-2E097293E7,Buruk Bakul,Bukit Batu,Bengkalis,0.13,P2,Regenerasi alami terbantu,67.1,56,85,39,tinggi,Kondisi biofisik relatif mendukung pemulihan vegetasi.,mangrove-priority-2016-2025-v0.1
858,12,MPR-3D392B837C,Buruk Bakul,Bukit Batu,Bengkalis,0.13,P2,Regenerasi alami terbantu,67.1,56,85,39,tinggi,Kondisi biofisik relatif mendukung pemulihan vegetasi.,mangrove-priority-2016-2025-v0.1
859,13,MPR-CDBDEE4545,Buruk Bakul,Bukit Batu,Bengkalis,0.13,P2,Regenerasi alami terbantu,67.1,56,85,39,tinggi,Kondisi biofisik relatif mendukung pemulihan vegetasi.,mangrove-priority-2016-2025-v0.1
860,14,MPR-F1F50BEF2F,Buruk Bakul,Bukit Batu,Bengkalis,0.13,P2,Regenerasi alami terbantu,67.1,56,85,39,tinggi,Kondisi biofisik relatif mendukung pemulihan vegetasi.,mangrove-priority-2016-2025-v0.1
861,15,MPR-8AA7AB578D,Buruk Bakul,Bukit Batu,Bengkalis,0.12,P2,Regenerasi alami terbantu,67.1,56,85,39,tinggi,Kondisi biofisik relatif mendukung pemulihan vegetasi.,mangrove-priority-2016-2025-v0.1
862,16,MPR-CC52DC3ECB,Buruk Bakul,Bukit Batu,Bengkalis,0.108,P2,Regenerasi alami terbantu,67.1,56,85,39,tinggi,Kondisi biofisik relatif mendukung pemulihan vegetasi.,mangrove-priority-2016-2025-v0.1
863,17,MPR-426D957DE8,Buruk Bakul,Bukit Batu,Bengkalis,0.1,P2,Regenerasi alami terbantu,67.1,56,85,39,tinggi,Kondisi biofisik relatif mendukung pemulihan vegetasi.,mangrove-priority-2016-2025-v0.1
864,18,MPR-44874B242D,Buruk Bakul,Bukit Batu,Bengkalis,0.08,P2,Regenerasi alami terbantu,67.1,56,85,39,tinggi,Kondisi biofisik relatif mendukung pemulihan vegetasi.,mangrove-priority-2016-2025-v0.1
865,19,MPR-896E3E3FB8,Buruk Bakul,Bukit Batu,Bengkalis,0.08,P2,Regenerasi alami terbantu,67.1,56,85,39,tinggi,Kondisi biofisik relatif mendukung pemulihan vegetasi.,mangrove-priority-2016-2025-v0.1
866,20,MPR-91A7085920,Buruk Bakul,Bukit Batu,Bengkalis,0.08,P2,Regenerasi alami terbantu,67.1,56,85,39,tinggi,Kondisi biofisik relatif mendukung pemulihan vegetasi.,mangrove-priority-2016-2025-v0.1
867,21,MPR-649DD7242D,Buruk Bakul,Bukit Batu,Bengkalis,0.05,P2,Regenerasi alami terbantu,67.1,56,85,39,tinggi,Kondisi biofisik relatif mendukung pemulihan vegetasi.,mangrove-priority-2016-2025-v0.1
868,22,MPR-8D6DFF6610,Buruk Bakul,Bukit Batu,Bengkalis,0.05,P2,Regenerasi alami terbantu,67.1,56,85,39,tinggi,Kondisi biofisik relatif mendukung pemulihan vegetasi.,mangrove-priority-2016-2025-v0.1
869,23,MPR-BA5BCF6BD1,Buruk Bakul,Bukit Batu,Bengkalis,0.05,P2,Regenerasi alami terbantu,67.1,56,85,39,tinggi,Kondisi biofisik relatif mendukung pemulihan vegetasi.,mangrove-priority-2016-2025-v0.1
870,24,MPR-C5C1CC6B8D,Buruk Bakul,Bukit Batu,Bengkalis,0.05,P2,Regenerasi alami terbantu,67.1,56,85,39,tinggi,Kondisi biofisik relatif mendukung pemulihan vegetasi.,mangrove-priority-2016-2025-v0.1
871,25,MPR-F4E791E184,Buruk Bakul,Bukit Batu,Bengkalis,0.05,P2,Regenerasi alami terbantu,67.1,56,85,39,tinggi,Kondisi biofisik relatif mendukung pemulihan vegetasi.,mangrove-priority-2016-2025-v0.1
872,40,MPR-D9C07C0DA1,Selat Baru,Bantan,Bengkalis,8.283,P1,Penanaman aktif,67.0,70,73,50,tinggi,Kebutuhan dan kelayakan relatif tinggi.,mangrove-priority-2016-2025-v0.1
873,31,MPR-2418BFDAE5,Api-Api,Bandar Laksamana,Bengkalis,1.17,P2,Regenerasi alami terbantu,67.0,56,83,36,sedang,Kondisi biofisik relatif mendukung pemulihan vegetasi.,mangrove-priority-2016-2025-v0.1
874,1,MPR-A20D6F25D4,Tanjungpunak,Rupat Utara,Bengkalis,0.963,U,Data belum memadai,67.0,73,62,38,rendah,Keyakinan data rendah.,mangrove-priority-2016-2025-v0.1
875,26,MPR-27D7E4F7BF,Buruk Bakul,Bukit Batu,Bengkalis,0.94,P2,Regenerasi alami terbantu,67.0,57,84,40,tinggi,Kondisi biofisik relatif mendukung pemulihan vegetasi.,mangrove-priority-2016-2025-v0.1
876,2,MPR-51004B955F,Tanjungpunak,Rupat Utara,Bengkalis,0.89,U,Data belum memadai,67.0,73,62,38,rendah,Keyakinan data rendah.,mangrove-priority-2016-2025-v0.1
877,3,MPR-30C21B31AE,Tanjungpunak,Rupat Utara,Bengkalis,0.8,U,Data belum memadai,67.0,73,62,38,rendah,Keyakinan data rendah.,mangrove-priority-2016-2025-v0.1
878,27,MPR-50EDEE0012,Buruk Bakul,Bukit Batu,Bengkalis,0.75,P2,Regenerasi alami terbantu,67.0,57,84,40,tinggi,Kondisi biofisik relatif mendukung pemulihan vegetasi.,mangrove-priority-2016-2025-v0.1
879,28,MPR-F0C8512479,Buruk Bakul,Bukit Batu,Bengkalis,0.63,P2,Regenerasi alami terbantu,67.0,57,84,40,tinggi,Kondisi biofisik relatif mendukung pemulihan vegetasi.,mangrove-priority-2016-2025-v0.1
880,29,MPR-62B9B30BE7,Buruk Bakul,Bukit Batu,Bengkalis,0.62,P2,Regenerasi alami terbantu,67.0,57,84,40,tinggi,Kondisi biofisik relatif mendukung pemulihan vegetasi.,mangrove-priority-2016-2025-v0.1
881,30,MPR-8A7CA319BC,Buruk Bakul,Bukit Batu,Bengkalis,0.55,P2,Regenerasi alami terbantu,67.0,57,84,40,tinggi,Kondisi biofisik relatif mendukung pemulihan vegetasi.,mangrove-priority-2016-2025-v0.1
882,31,MPR-6A37A477B4,Buruk Bakul,Bukit Batu,Bengkalis,0.44,P2,Regenerasi alami terbantu,67.0,57,84,40,tinggi,Kondisi biofisik relatif mendukung pemulihan vegetasi.,mangrove-priority-2016-2025-v0.1
883,32,MPR-FAB73E9DC4,Buruk Bakul,Bukit Batu,Bengkalis,0.43,P2,Regenerasi alami terbantu,67.0,57,84,40,tinggi,Kondisi biofisik relatif mendukung pemulihan vegetasi.,mangrove-priority-2016-2025-v0.1
884,6,MPR-8D5ED45019,Kuala Alam,Bengkalis,Bengkalis,0.33,P2,Regenerasi alami terbantu,67.0,50,85,26,tinggi,Kondisi biofisik relatif mendukung pemulihan vegetasi.,mangrove-priority-2016-2025-v0.1
885,4,MPR-2AAA5F9AF1,Tanjungpunak,Rupat Utara,Bengkalis,0.32,U,Data belum memadai,67.0,72,63,37,rendah,Keyakinan data rendah.,mangrove-priority-2016-2025-v0.1
886,5,MPR-4DA9A9BB35,Tanjungpunak,Rupat Utara,Bengkalis,0.32,U,Data belum memadai,67.0,72,63,37,rendah,Keyakinan data rendah.,mangrove-priority-2016-2025-v0.1
887,7,MPR-C4D9294102,Kuala Alam,Bengkalis,Bengkalis,0.29,P2,Regenerasi alami terbantu,67.0,50,85,26,tinggi,Kondisi biofisik relatif mendukung pemulihan vegetasi.,mangrove-priority-2016-2025-v0.1
888,6,MPR-8A62F42C7F,Tanjungpunak,Rupat Utara,Bengkalis,0.26,U,Data belum memadai,67.0,72,63,37,rendah,Keyakinan data rendah.,mangrove-priority-2016-2025-v0.1
889,8,MPR-FAD33E5805,Kuala Alam,Bengkalis,Bengkalis,0.23,P2,Regenerasi alami terbantu,67.0,50,85,26,tinggi,Kondisi biofisik relatif mendukung pemulihan vegetasi.,mangrove-priority-2016-2025-v0.1
890,9,MPR-8D454A1E1F,Kuala Alam,Bengkalis,Bengkalis,0.19,P2,Regenerasi alami terbantu,67.0,50,85,26,tinggi,Kondisi biofisik relatif mendukung pemulihan vegetasi.,mangrove-priority-2016-2025-v0.1
891,7,MPR-EEF2292D8B,Tanjungpunak,Rupat Utara,Bengkalis,0.165,U,Data belum memadai,67.0,72,63,37,rendah,Keyakinan data rendah.,mangrove-priority-2016-2025-v0.1
892,10,MPR-00A47C52B0,Kuala Alam,Bengkalis,Bengkalis,0.16,P2,Regenerasi alami terbantu,67.0,50,85,26,tinggi,Kondisi biofisik relatif mendukung pemulihan vegetasi.,mangrove-priority-2016-2025-v0.1
893,8,MPR-398559D67D,Tanjungpunak,Rupat Utara,Bengkalis,0.13,U,Data belum memadai,67.0,72,63,37,rendah,Keyakinan data rendah.,mangrove-priority-2016-2025-v0.1
894,9,MPR-EA26266B9B,Tanjungpunak,Rupat Utara,Bengkalis,0.112,U,Data belum memadai,67.0,72,63,37,rendah,Keyakinan data rendah.,mangrove-priority-2016-2025-v0.1
895,10,MPR-ECCD94D0DA,Tanjungpunak,Rupat Utara,Bengkalis,0.11,U,Data belum memadai,67.0,72,63,37,rendah,Keyakinan data rendah.,mangrove-priority-2016-2025-v0.1
896,11,MPR-8C5A7BD2B1,Tanjungpunak,Rupat Utara,Bengkalis,0.069,U,Data belum memadai,67.0,72,63,37,rendah,Keyakinan data rendah.,mangrove-priority-2016-2025-v0.1
897,32,MPR-946307ADCA,Api-Api,Bandar Laksamana,Bengkalis,2.89,P2,Regenerasi alami terbantu,66.9,58,81,38,sedang,Kondisi biofisik relatif mendukung pemulihan vegetasi.,mangrove-priority-2016-2025-v0.1
898,11,MPR-237ED5EF53,Kuala Alam,Bengkalis,Bengkalis,0.92,P2,Regenerasi alami terbantu,66.9,51,84,27,tinggi,Kondisi biofisik relatif mendukung pemulihan vegetasi.,mangrove-priority-2016-2025-v0.1
899,9,MPR-A478803390,Temeran,Bengkalis,Bengkalis,0.37,P2,Regenerasi alami terbantu,66.9,51,84,27,tinggi,Kondisi biofisik relatif mendukung pemulihan vegetasi.,mangrove-priority-2016-2025-v0.1
900,10,MPR-C035114E77,Temeran,Bengkalis,Bengkalis,0.36,P2,Regenerasi alami terbantu,66.9,51,84,27,tinggi,Kondisi biofisik relatif mendukung pemulihan vegetasi.,mangrove-priority-2016-2025-v0.1
901,39,MPR-463140B756,Sekodi,Bengkalis,Bengkalis,8.241,P1,Penanaman aktif,66.7,67,73,45,tinggi,Kebutuhan dan kelayakan relatif tinggi.,mangrove-priority-2016-2025-v0.1
902,31,MPR-4D67444F8F,Teluklancar,Bantan,Bengkalis,6.19,P2,Regenerasi alami terbantu,66.6,64,76,44,tinggi,Kondisi biofisik relatif mendukung pemulihan vegetasi.,mangrove-priority-2016-2025-v0.1
903,12,MPR-84A447AA1B,Kuala Alam,Bengkalis,Bengkalis,1.21,P2,Regenerasi alami terbantu,66.6,51,83,27,tinggi,Kondisi biofisik relatif mendukung pemulihan vegetasi.,mangrove-priority-2016-2025-v0.1
904,1,MPR-55A76525CF,Deluk,Bantan,Bengkalis,0.54,P1,Penanaman aktif,66.6,71,74,56,tinggi,Kebutuhan dan kelayakan relatif tinggi.,mangrove-priority-2016-2025-v0.1
905,2,MPR-7FB0B66BE6,Deluk,Bantan,Bengkalis,0.515,P1,Penanaman aktif,66.6,71,74,56,tinggi,Kebutuhan dan kelayakan relatif tinggi.,mangrove-priority-2016-2025-v0.1
906,3,MPR-2F4CEE0F0C,Deluk,Bantan,Bengkalis,0.34,P1,Penanaman aktif,66.5,70,75,56,tinggi,Kebutuhan dan kelayakan relatif tinggi.,mangrove-priority-2016-2025-v0.1
907,4,MPR-2E310C0166,Deluk,Bantan,Bengkalis,0.29,P1,Penanaman aktif,66.5,70,75,56,tinggi,Kebutuhan dan kelayakan relatif tinggi.,mangrove-priority-2016-2025-v0.1
908,5,MPR-457E3C46BE,Deluk,Bantan,Bengkalis,0.27,P1,Penanaman aktif,66.5,70,75,56,tinggi,Kebutuhan dan kelayakan relatif tinggi.,mangrove-priority-2016-2025-v0.1
909,6,MPR-C2A1FB4F7B,Deluk,Bantan,Bengkalis,0.27,P1,Penanaman aktif,66.5,70,75,56,tinggi,Kebutuhan dan kelayakan relatif tinggi.,mangrove-priority-2016-2025-v0.1
910,7,MPR-EEFC0D2E0C,Deluk,Bantan,Bengkalis,0.25,P1,Penanaman aktif,66.5,70,75,56,tinggi,Kebutuhan dan kelayakan relatif tinggi.,mangrove-priority-2016-2025-v0.1
911,8,MPR-6316A2C468,Deluk,Bantan,Bengkalis,0.23,P1,Penanaman aktif,66.5,70,75,56,tinggi,Kebutuhan dan kelayakan relatif tinggi.,mangrove-priority-2016-2025-v0.1
912,9,MPR-676E04D848,Deluk,Bantan,Bengkalis,0.23,P1,Penanaman aktif,66.5,70,75,56,tinggi,Kebutuhan dan kelayakan relatif tinggi.,mangrove-priority-2016-2025-v0.1
913,10,MPR-A1AC035BF5,Deluk,Bantan,Bengkalis,0.19,P1,Penanaman aktif,66.5,70,75,56,tinggi,Kebutuhan dan kelayakan relatif tinggi.,mangrove-priority-2016-2025-v0.1
914,11,MPR-AE7D720C7C,Deluk,Bantan,Bengkalis,0.19,P1,Penanaman aktif,66.5,70,75,56,tinggi,Kebutuhan dan kelayakan relatif tinggi.,mangrove-priority-2016-2025-v0.1
915,12,MPR-F15AB28FE9,Deluk,Bantan,Bengkalis,0.17,P1,Penanaman aktif,66.5,70,75,56,tinggi,Kebutuhan dan kelayakan relatif tinggi.,mangrove-priority-2016-2025-v0.1
916,13,MPR-F72DF2FB43,Deluk,Bantan,Bengkalis,0.14,P1,Penanaman aktif,66.5,70,75,56,tinggi,Kebutuhan dan kelayakan relatif tinggi.,mangrove-priority-2016-2025-v0.1
917,1,MPR-2959D2E777,Pampang Pesisir,Bantan,Bengkalis,0.11,P2,Regenerasi alami terbantu,66.5,51,82,26,tinggi,Kondisi biofisik relatif mendukung pemulihan vegetasi.,mangrove-priority-2016-2025-v0.1
918,14,MPR-2CF697BAC1,Deluk,Bantan,Bengkalis,0.11,P1,Penanaman aktif,66.5,70,75,56,tinggi,Kebutuhan dan kelayakan relatif tinggi.,mangrove-priority-2016-2025-v0.1
919,2,MPR-B8CB0D6EA5,Pampang Pesisir,Bantan,Bengkalis,0.11,P2,Regenerasi alami terbantu,66.5,51,82,26,tinggi,Kondisi biofisik relatif mendukung pemulihan vegetasi.,mangrove-priority-2016-2025-v0.1
920,15,MPR-4D499F8164,Deluk,Bantan,Bengkalis,0.08,P1,Penanaman aktif,66.5,70,75,56,tinggi,Kebutuhan dan kelayakan relatif tinggi.,mangrove-priority-2016-2025-v0.1
921,16,MPR-A6604DB4BA,Deluk,Bantan,Bengkalis,0.08,P1,Penanaman aktif,66.5,70,75,56,tinggi,Kebutuhan dan kelayakan relatif tinggi.,mangrove-priority-2016-2025-v0.1
922,17,MPR-F8934A93DF,Deluk,Bantan,Bengkalis,0.08,P1,Penanaman aktif,66.5,70,75,56,tinggi,Kebutuhan dan kelayakan relatif tinggi.,mangrove-priority-2016-2025-v0.1
923,18,MPR-101A096BF3,Deluk,Bantan,Bengkalis,0.05,P1,Penanaman aktif,66.5,70,75,56,tinggi,Kebutuhan dan kelayakan relatif tinggi.,mangrove-priority-2016-2025-v0.1
924,19,MPR-A14BBC7826,Deluk,Bantan,Bengkalis,0.05,P1,Penanaman aktif,66.5,70,75,56,tinggi,Kebutuhan dan kelayakan relatif tinggi.,mangrove-priority-2016-2025-v0.1
925,20,MPR-B5BFFBE8F9,Deluk,Bantan,Bengkalis,0.05,P1,Penanaman aktif,66.5,70,75,56,tinggi,Kebutuhan dan kelayakan relatif tinggi.,mangrove-priority-2016-2025-v0.1
926,3,MPR-FC4A03B39A,Pampang Pesisir,Bantan,Bengkalis,0.05,P2,Regenerasi alami terbantu,66.5,51,82,26,tinggi,Kondisi biofisik relatif mendukung pemulihan vegetasi.,mangrove-priority-2016-2025-v0.1
927,33,MPR-A5B1037C33,Buruk Bakul,Bukit Batu,Bengkalis,1.8,P2,Regenerasi alami terbantu,66.4,58,82,42,tinggi,Kondisi biofisik relatif mendukung pemulihan vegetasi.,mangrove-priority-2016-2025-v0.1
928,12,MPR-F6188FFA70,Tanjungpunak,Rupat Utara,Bengkalis,1.237,U,Data belum memadai,66.4,73,61,39,rendah,Keyakinan data rendah.,mangrove-priority-2016-2025-v0.1
929,21,MPR-3D340EBDD8,Deluk,Bantan,Bengkalis,1.05,P1,Penanaman aktif,66.4,71,74,57,tinggi,Kebutuhan dan kelayakan relatif tinggi.,mangrove-priority-2016-2025-v0.1
930,22,MPR-EA2E9BD3A3,Deluk,Bantan,Bengkalis,0.74,P1,Penanaman aktif,66.4,71,74,57,tinggi,Kebutuhan dan kelayakan relatif tinggi.,mangrove-priority-2016-2025-v0.1
931,13,MPR-0CADD336FC,Kuala Alam,Bengkalis,Bengkalis,3.39,P2,Regenerasi alami terbantu,66.3,54,80,30,tinggi,Kondisi biofisik relatif mendukung pemulihan vegetasi.,mangrove-priority-2016-2025-v0.1
932,13,MPR-F7D5A64BCC,Tanjungpunak,Rupat Utara,Bengkalis,1.88,U,Data belum memadai,66.3,74,60,40,rendah,Keyakinan data rendah.,mangrove-priority-2016-2025-v0.1
933,4,MPR-BC1AFB47AD,Pampang Pesisir,Bantan,Bengkalis,0.758,P2,Regenerasi alami terbantu,66.3,52,81,27,tinggi,Kondisi biofisik relatif mendukung pemulihan vegetasi.,mangrove-priority-2016-2025-v0.1
934,18,MPR-782D363FE5,Penebal,Bengkalis,Bengkalis,10.38,P2,Regenerasi alami terbantu,66.2,69,69,45,tinggi,Kondisi biofisik relatif mendukung pemulihan vegetasi.,mangrove-priority-2016-2025-v0.1
935,14,MPR-D96F3E2F2B,Tanjungpunak,Rupat Utara,Bengkalis,2.582,U,Data belum memadai,66.2,75,59,41,rendah,Keyakinan data rendah.,mangrove-priority-2016-2025-v0.1
936,23,MPR-25DD4AF05E,Deluk,Bantan,Bengkalis,2.376,P1,Penanaman aktif,66.2,73,72,59,tinggi,Kebutuhan dan kelayakan relatif tinggi.,mangrove-priority-2016-2025-v0.1
937,5,MPR-9B0B6806E8,Pampang Pesisir,Bantan,Bengkalis,1.41,P2,Regenerasi alami terbantu,66.2,53,80,28,tinggi,Kondisi biofisik relatif mendukung pemulihan vegetasi.,mangrove-priority-2016-2025-v0.1
938,6,MPR-3301407881,Pampang Pesisir,Bantan,Bengkalis,0.35,P2,Regenerasi alami terbantu,66.2,51,82,27,tinggi,Kondisi biofisik relatif mendukung pemulihan vegetasi.,mangrove-priority-2016-2025-v0.1
939,7,MPR-904DF05DB0,Pampang Pesisir,Bantan,Bengkalis,0.28,P2,Regenerasi alami terbantu,66.2,51,82,27,tinggi,Kondisi biofisik relatif mendukung pemulihan vegetasi.,mangrove-priority-2016-2025-v0.1
940,8,MPR-273E27A2A5,Pampang Pesisir,Bantan,Bengkalis,0.2,P2,Regenerasi alami terbantu,66.2,51,82,27,tinggi,Kondisi biofisik relatif mendukung pemulihan vegetasi.,mangrove-priority-2016-2025-v0.1
941,1,MPR-F4879CC59F,Sungaicingam,Rupat,Bengkalis,0.18,P2,Regenerasi alami terbantu,66.2,60,85,53,tinggi,Kondisi biofisik relatif mendukung pemulihan vegetasi.,mangrove-priority-2016-2025-v0.1
942,2,MPR-1A7EED0A84,Sungaicingam,Rupat,Bengkalis,0.17,P2,Regenerasi alami terbantu,66.2,60,85,53,tinggi,Kondisi biofisik relatif mendukung pemulihan vegetasi.,mangrove-priority-2016-2025-v0.1
943,3,MPR-B68860ED64,Sungaicingam,Rupat,Bengkalis,0.17,P2,Regenerasi alami terbantu,66.2,60,85,53,tinggi,Kondisi biofisik relatif mendukung pemulihan vegetasi.,mangrove-priority-2016-2025-v0.1
944,4,MPR-08CF6B2158,Sungaicingam,Rupat,Bengkalis,0.14,P2,Regenerasi alami terbantu,66.2,60,85,53,tinggi,Kondisi biofisik relatif mendukung pemulihan vegetasi.,mangrove-priority-2016-2025-v0.1
945,5,MPR-0B5F855B54,Sungaicingam,Rupat,Bengkalis,0.14,P2,Regenerasi alami terbantu,66.2,60,85,53,tinggi,Kondisi biofisik relatif mendukung pemulihan vegetasi.,mangrove-priority-2016-2025-v0.1
946,6,MPR-18B82DEE8C,Sungaicingam,Rupat,Bengkalis,0.14,P2,Regenerasi alami terbantu,66.2,60,85,53,tinggi,Kondisi biofisik relatif mendukung pemulihan vegetasi.,mangrove-priority-2016-2025-v0.1
947,7,MPR-9789BA04EC,Sungaicingam,Rupat,Bengkalis,0.14,P2,Regenerasi alami terbantu,66.2,60,85,53,tinggi,Kondisi biofisik relatif mendukung pemulihan vegetasi.,mangrove-priority-2016-2025-v0.1
948,8,MPR-CA081893D6,Sungaicingam,Rupat,Bengkalis,0.14,P2,Regenerasi alami terbantu,66.2,60,85,53,tinggi,Kondisi biofisik relatif mendukung pemulihan vegetasi.,mangrove-priority-2016-2025-v0.1
949,9,MPR-58C9AD9A6B,Sungaicingam,Rupat,Bengkalis,0.13,P2,Regenerasi alami terbantu,66.2,60,85,53,tinggi,Kondisi biofisik relatif mendukung pemulihan vegetasi.,mangrove-priority-2016-2025-v0.1
950,10,MPR-A7499D732F,Sungaicingam,Rupat,Bengkalis,0.13,P2,Regenerasi alami terbantu,66.2,60,85,53,tinggi,Kondisi biofisik relatif mendukung pemulihan vegetasi.,mangrove-priority-2016-2025-v0.1
951,11,MPR-2269600C8F,Sungaicingam,Rupat,Bengkalis,0.1,P2,Regenerasi alami terbantu,66.2,60,85,53,tinggi,Kondisi biofisik relatif mendukung pemulihan vegetasi.,mangrove-priority-2016-2025-v0.1
952,12,MPR-89784D9E2F,Sungaicingam,Rupat,Bengkalis,0.1,P2,Regenerasi alami terbantu,66.2,60,85,53,tinggi,Kondisi biofisik relatif mendukung pemulihan vegetasi.,mangrove-priority-2016-2025-v0.1
953,13,MPR-B6BD890B98,Sungaicingam,Rupat,Bengkalis,0.1,P2,Regenerasi alami terbantu,66.2,60,85,53,tinggi,Kondisi biofisik relatif mendukung pemulihan vegetasi.,mangrove-priority-2016-2025-v0.1
954,14,MPR-470D736211,Sungaicingam,Rupat,Bengkalis,0.08,P2,Regenerasi alami terbantu,66.2,60,85,53,tinggi,Kondisi biofisik relatif mendukung pemulihan vegetasi.,mangrove-priority-2016-2025-v0.1
955,15,MPR-8D3CE5853D,Sungaicingam,Rupat,Bengkalis,0.08,P2,Regenerasi alami terbantu,66.2,60,85,53,tinggi,Kondisi biofisik relatif mendukung pemulihan vegetasi.,mangrove-priority-2016-2025-v0.1
956,16,MPR-BABFE21BE7,Sungaicingam,Rupat,Bengkalis,0.08,P2,Regenerasi alami terbantu,66.2,60,85,53,tinggi,Kondisi biofisik relatif mendukung pemulihan vegetasi.,mangrove-priority-2016-2025-v0.1
957,17,MPR-EBE07CA4AE,Sungaicingam,Rupat,Bengkalis,0.08,P2,Regenerasi alami terbantu,66.2,60,85,53,tinggi,Kondisi biofisik relatif mendukung pemulihan vegetasi.,mangrove-priority-2016-2025-v0.1
958,18,MPR-22DF6E3512,Sungaicingam,Rupat,Bengkalis,0.05,P2,Regenerasi alami terbantu,66.2,60,85,53,tinggi,Kondisi biofisik relatif mendukung pemulihan vegetasi.,mangrove-priority-2016-2025-v0.1
959,19,MPR-D8910E8C04,Sungaicingam,Rupat,Bengkalis,0.05,P2,Regenerasi alami terbantu,66.2,60,85,53,tinggi,Kondisi biofisik relatif mendukung pemulihan vegetasi.,mangrove-priority-2016-2025-v0.1
960,16,MPR-A393F96C58,Telukpambang,Bantan,Bengkalis,10.63,P1,Penanaman aktif,66.1,71,70,52,tinggi,Kebutuhan dan kelayakan relatif tinggi.,mangrove-priority-2016-2025-v0.1
961,15,MPR-76088E3B5D,Tanjungpunak,Rupat Utara,Bengkalis,3.337,U,Data belum memadai,66.1,76,58,42,rendah,Keyakinan data rendah.,mangrove-priority-2016-2025-v0.1
962,17,MPR-091A828A93,Telukpambang,Bantan,Bengkalis,11.41,P2,Regenerasi alami terbantu,66.0,72,69,53,tinggi,Kondisi biofisik relatif mendukung pemulihan vegetasi.,mangrove-priority-2016-2025-v0.1
963,20,MPR-EA9DC75D03,Sungaicingam,Rupat,Bengkalis,1.34,P2,Regenerasi alami terbantu,66.0,62,83,55,tinggi,Kondisi biofisik relatif mendukung pemulihan vegetasi.,mangrove-priority-2016-2025-v0.1
964,21,MPR-0CD23998DE,Sungaicingam,Rupat,Bengkalis,1.32,P2,Regenerasi alami terbantu,66.0,62,83,55,tinggi,Kondisi biofisik relatif mendukung pemulihan vegetasi.,mangrove-priority-2016-2025-v0.1
965,22,MPR-77A3CB6370,Sungaicingam,Rupat,Bengkalis,0.7,P2,Regenerasi alami terbantu,66.0,61,84,54,tinggi,Kondisi biofisik relatif mendukung pemulihan vegetasi.,mangrove-priority-2016-2025-v0.1
966,23,MPR-0C32742128,Sungaicingam,Rupat,Bengkalis,0.59,P2,Regenerasi alami terbantu,66.0,61,84,54,tinggi,Kondisi biofisik relatif mendukung pemulihan vegetasi.,mangrove-priority-2016-2025-v0.1
967,24,MPR-B131AE6E1F,Sungaicingam,Rupat,Bengkalis,0.59,P2,Regenerasi alami terbantu,66.0,61,84,54,tinggi,Kondisi biofisik relatif mendukung pemulihan vegetasi.,mangrove-priority-2016-2025-v0.1
968,25,MPR-70916EC789,Sungaicingam,Rupat,Bengkalis,0.52,P2,Regenerasi alami terbantu,66.0,61,84,54,tinggi,Kondisi biofisik relatif mendukung pemulihan vegetasi.,mangrove-priority-2016-2025-v0.1
969,26,MPR-0D1DFF1324,Sungaicingam,Rupat,Bengkalis,0.5,P2,Regenerasi alami terbantu,66.0,61,84,54,tinggi,Kondisi biofisik relatif mendukung pemulihan vegetasi.,mangrove-priority-2016-2025-v0.1
970,27,MPR-36608C0790,Sungaicingam,Rupat,Bengkalis,0.46,P2,Regenerasi alami terbantu,66.0,61,84,54,tinggi,Kondisi biofisik relatif mendukung pemulihan vegetasi.,mangrove-priority-2016-2025-v0.1
971,28,MPR-A7E165B1DF,Sungaicingam,Rupat,Bengkalis,0.31,P2,Regenerasi alami terbantu,66.0,60,85,54,tinggi,Kondisi biofisik relatif mendukung pemulihan vegetasi.,mangrove-priority-2016-2025-v0.1
972,29,MPR-C51FFA8255,Sungaicingam,Rupat,Bengkalis,0.31,P2,Regenerasi alami terbantu,66.0,60,85,54,tinggi,Kondisi biofisik relatif mendukung pemulihan vegetasi.,mangrove-priority-2016-2025-v0.1
973,30,MPR-B69581A412,Sungaicingam,Rupat,Bengkalis,0.3,P2,Regenerasi alami terbantu,66.0,60,85,54,tinggi,Kondisi biofisik relatif mendukung pemulihan vegetasi.,mangrove-priority-2016-2025-v0.1
974,31,MPR-009781B180,Sungaicingam,Rupat,Bengkalis,0.28,P2,Regenerasi alami terbantu,66.0,60,85,54,tinggi,Kondisi biofisik relatif mendukung pemulihan vegetasi.,mangrove-priority-2016-2025-v0.1
975,32,MPR-B61EBB3B9F,Sungaicingam,Rupat,Bengkalis,0.27,P2,Regenerasi alami terbantu,66.0,60,85,54,tinggi,Kondisi biofisik relatif mendukung pemulihan vegetasi.,mangrove-priority-2016-2025-v0.1
976,1,MPR-309AE83CBC,Puteri Sembilan,Rupat Utara,Bengkalis,0.25,P2,Regenerasi alami terbantu,66.0,50,82,26,sedang,Kondisi biofisik relatif mendukung pemulihan vegetasi.,mangrove-priority-2016-2025-v0.1
977,33,MPR-3B124636FC,Sungaicingam,Rupat,Bengkalis,0.25,P2,Regenerasi alami terbantu,66.0,60,85,54,tinggi,Kondisi biofisik relatif mendukung pemulihan vegetasi.,mangrove-priority-2016-2025-v0.1
978,34,MPR-6CA15246FF,Sungaicingam,Rupat,Bengkalis,0.25,P2,Regenerasi alami terbantu,66.0,60,85,54,tinggi,Kondisi biofisik relatif mendukung pemulihan vegetasi.,mangrove-priority-2016-2025-v0.1
979,35,MPR-6ED307B202,Sungaicingam,Rupat,Bengkalis,0.23,P2,Regenerasi alami terbantu,66.0,60,85,54,tinggi,Kondisi biofisik relatif mendukung pemulihan vegetasi.,mangrove-priority-2016-2025-v0.1
980,2,MPR-D1A6CA2FF3,Puteri Sembilan,Rupat Utara,Bengkalis,0.23,P2,Regenerasi alami terbantu,66.0,50,82,26,sedang,Kondisi biofisik relatif mendukung pemulihan vegetasi.,mangrove-priority-2016-2025-v0.1
981,3,MPR-7C885E3D3A,Puteri Sembilan,Rupat Utara,Bengkalis,0.21,P2,Regenerasi alami terbantu,66.0,50,82,26,sedang,Kondisi biofisik relatif mendukung pemulihan vegetasi.,mangrove-priority-2016-2025-v0.1
982,36,MPR-29DE37940C,Sungaicingam,Rupat,Bengkalis,0.19,P2,Regenerasi alami terbantu,66.0,60,85,54,tinggi,Kondisi biofisik relatif mendukung pemulihan vegetasi.,mangrove-priority-2016-2025-v0.1
983,4,MPR-BFA00105CC,Puteri Sembilan,Rupat Utara,Bengkalis,0.16,P2,Regenerasi alami terbantu,66.0,50,82,26,sedang,Kondisi biofisik relatif mendukung pemulihan vegetasi.,mangrove-priority-2016-2025-v0.1
984,5,MPR-76820F5C4F,Puteri Sembilan,Rupat Utara,Bengkalis,0.11,P2,Regenerasi alami terbantu,66.0,50,82,26,sedang,Kondisi biofisik relatif mendukung pemulihan vegetasi.,mangrove-priority-2016-2025-v0.1
985,6,MPR-F09F4CA872,Puteri Sembilan,Rupat Utara,Bengkalis,0.058,P2,Regenerasi alami terbantu,66.0,50,82,26,sedang,Kondisi biofisik relatif mendukung pemulihan vegetasi.,mangrove-priority-2016-2025-v0.1
986,34,MPR-6EBB73878A,Buruk Bakul,Bukit Batu,Bengkalis,5.45,P2,Regenerasi alami terbantu,65.9,63,77,47,tinggi,Kondisi biofisik relatif mendukung pemulihan vegetasi.,mangrove-priority-2016-2025-v0.1
987,7,MPR-6EF7375952,Puteri Sembilan,Rupat Utara,Bengkalis,0.76,P2,Regenerasi alami terbantu,65.9,51,81,27,sedang,Kondisi biofisik relatif mendukung pemulihan vegetasi.,mangrove-priority-2016-2025-v0.1
988,37,MPR-4FE4D1C046,Kelemantan,Bengkalis,Bengkalis,13.39,P3,Pemulihan hidrologi,65.8,78,66,62,tinggi,Kelayakan sedang; konektivitas pasang surut perlu dipulihkan.,mangrove-priority-2016-2025-v0.1
989,20,MPR-5B6B15168E,Kembung Luar,Bantan,Bengkalis,6.99,P2,Regenerasi alami terbantu,65.8,60,75,37,tinggi,Kondisi biofisik relatif mendukung pemulihan vegetasi.,mangrove-priority-2016-2025-v0.1
990,37,MPR-D50E2099AA,Sungaicingam,Rupat,Bengkalis,1.0,P2,Regenerasi alami terbantu,65.8,61,84,55,tinggi,Kondisi biofisik relatif mendukung pemulihan vegetasi.,mangrove-priority-2016-2025-v0.1
991,38,MPR-5C0549EE33,Sungaicingam,Rupat,Bengkalis,0.93,P2,Regenerasi alami terbantu,65.8,61,84,55,tinggi,Kondisi biofisik relatif mendukung pemulihan vegetasi.,mangrove-priority-2016-2025-v0.1
992,39,MPR-604CD5F2FF,Sungaicingam,Rupat,Bengkalis,0.93,P2,Regenerasi alami terbantu,65.8,61,84,55,tinggi,Kondisi biofisik relatif mendukung pemulihan vegetasi.,mangrove-priority-2016-2025-v0.1
993,40,MPR-1BD81A2859,Sungaicingam,Rupat,Bengkalis,0.91,P2,Regenerasi alami terbantu,65.8,61,84,55,tinggi,Kondisi biofisik relatif mendukung pemulihan vegetasi.,mangrove-priority-2016-2025-v0.1
994,1,MPR-7989473AA9,Kelemantan Barat,Bengkalis,Bengkalis,0.453,P2,Regenerasi alami terbantu,65.8,48,84,26,tinggi,Kondisi biofisik relatif mendukung pemulihan vegetasi.,mangrove-priority-2016-2025-v0.1
995,8,MPR-AEC53A48E8,Puteri Sembilan,Rupat Utara,Bengkalis,0.301,P2,Regenerasi alami terbantu,65.8,50,82,27,sedang,Kondisi biofisik relatif mendukung pemulihan vegetasi.,mangrove-priority-2016-2025-v0.1
996,9,MPR-5D9CD3D7E6,Pampang Pesisir,Bantan,Bengkalis,1.94,P2,Regenerasi alami terbantu,65.7,53,79,29,tinggi,Kondisi biofisik relatif mendukung pemulihan vegetasi.,mangrove-priority-2016-2025-v0.1
997,1,MPR-F8C8B27B9B,Air Putih,Bengkalis,Bengkalis,1.257,P2,Regenerasi alami terbantu,65.7,49,83,27,tinggi,Kondisi biofisik relatif mendukung pemulihan vegetasi.,mangrove-priority-2016-2025-v0.1
998,2,MPR-A80310D27C,Air Putih,Bengkalis,Bengkalis,0.33,P2,Regenerasi alami terbantu,65.7,47,85,26,tinggi,Kondisi biofisik relatif mendukung pemulihan vegetasi.,mangrove-priority-2016-2025-v0.1
999,2,MPR-5C48B894A6,Kelemantan Barat,Bengkalis,Bengkalis,0.29,P2,Regenerasi alami terbantu,65.7,47,85,26,tinggi,Kondisi biofisik relatif mendukung pemulihan vegetasi.,mangrove-priority-2016-2025-v0.1
1000,3,MPR-C0B0F803B8,Kelemantan Barat,Bengkalis,Bengkalis,0.277,P2,Regenerasi alami terbantu,65.7,47,85,26,tinggi,Kondisi biofisik relatif mendukung pemulihan vegetasi.,mangrove-priority-2016-2025-v0.1
1001,3,MPR-307BCFD18A,Air Putih,Bengkalis,Bengkalis,0.26,P2,Regenerasi alami terbantu,65.7,47,85,26,tinggi,Kondisi biofisik relatif mendukung pemulihan vegetasi.,mangrove-priority-2016-2025-v0.1
1002,4,MPR-83388C73B6,Air Putih,Bengkalis,Bengkalis,0.25,P2,Regenerasi alami terbantu,65.7,47,85,26,tinggi,Kondisi biofisik relatif mendukung pemulihan vegetasi.,mangrove-priority-2016-2025-v0.1
1003,4,MPR-C779F8B7BE,Kelemantan Barat,Bengkalis,Bengkalis,0.23,P2,Regenerasi alami terbantu,65.7,47,85,26,tinggi,Kondisi biofisik relatif mendukung pemulihan vegetasi.,mangrove-priority-2016-2025-v0.1
1004,5,MPR-FE11383ED4,Kelemantan Barat,Bengkalis,Bengkalis,0.2,P2,Regenerasi alami terbantu,65.7,47,85,26,tinggi,Kondisi biofisik relatif mendukung pemulihan vegetasi.,mangrove-priority-2016-2025-v0.1
1005,6,MPR-E0890523DC,Kelemantan Barat,Bengkalis,Bengkalis,0.18,P2,Regenerasi alami terbantu,65.7,47,85,26,tinggi,Kondisi biofisik relatif mendukung pemulihan vegetasi.,mangrove-priority-2016-2025-v0.1
1006,5,MPR-FDA881671A,Air Putih,Bengkalis,Bengkalis,0.18,P2,Regenerasi alami terbantu,65.7,47,85,26,tinggi,Kondisi biofisik relatif mendukung pemulihan vegetasi.,mangrove-priority-2016-2025-v0.1
1007,7,MPR-8DDA7C4683,Kelemantan Barat,Bengkalis,Bengkalis,0.17,P2,Regenerasi alami terbantu,65.7,47,85,26,tinggi,Kondisi biofisik relatif mendukung pemulihan vegetasi.,mangrove-priority-2016-2025-v0.1
1008,8,MPR-AC9E46AD02,Kelemantan Barat,Bengkalis,Bengkalis,0.17,P2,Regenerasi alami terbantu,65.7,47,85,26,tinggi,Kondisi biofisik relatif mendukung pemulihan vegetasi.,mangrove-priority-2016-2025-v0.1
1009,9,MPR-62EFD17D77,Kelemantan Barat,Bengkalis,Bengkalis,0.16,P2,Regenerasi alami terbantu,65.7,47,85,26,tinggi,Kondisi biofisik relatif mendukung pemulihan vegetasi.,mangrove-priority-2016-2025-v0.1
1010,10,MPR-EEEFEE58DA,Kelemantan Barat,Bengkalis,Bengkalis,0.16,P2,Regenerasi alami terbantu,65.7,47,85,26,tinggi,Kondisi biofisik relatif mendukung pemulihan vegetasi.,mangrove-priority-2016-2025-v0.1
1011,11,MPR-2037C6B91C,Kelemantan Barat,Bengkalis,Bengkalis,0.15,P2,Regenerasi alami terbantu,65.7,47,85,26,tinggi,Kondisi biofisik relatif mendukung pemulihan vegetasi.,mangrove-priority-2016-2025-v0.1
1012,12,MPR-26FAE1ED39,Kelemantan Barat,Bengkalis,Bengkalis,0.14,P2,Regenerasi alami terbantu,65.7,47,85,26,tinggi,Kondisi biofisik relatif mendukung pemulihan vegetasi.,mangrove-priority-2016-2025-v0.1
1013,13,MPR-45C5CFF1A3,Kelemantan Barat,Bengkalis,Bengkalis,0.11,P2,Regenerasi alami terbantu,65.7,47,85,26,tinggi,Kondisi biofisik relatif mendukung pemulihan vegetasi.,mangrove-priority-2016-2025-v0.1
1014,6,MPR-67FAB236BC,Air Putih,Bengkalis,Bengkalis,0.11,P2,Regenerasi alami terbantu,65.7,47,85,26,tinggi,Kondisi biofisik relatif mendukung pemulihan vegetasi.,mangrove-priority-2016-2025-v0.1
1015,14,MPR-CD1A604CC2,Kelemantan Barat,Bengkalis,Bengkalis,0.11,P2,Regenerasi alami terbantu,65.7,47,85,26,tinggi,Kondisi biofisik relatif mendukung pemulihan vegetasi.,mangrove-priority-2016-2025-v0.1
1016,7,MPR-0EE9D9672B,Air Putih,Bengkalis,Bengkalis,0.1,P2,Regenerasi alami terbantu,65.7,47,85,26,tinggi,Kondisi biofisik relatif mendukung pemulihan vegetasi.,mangrove-priority-2016-2025-v0.1
1017,15,MPR-56938ECECB,Kelemantan Barat,Bengkalis,Bengkalis,0.1,P2,Regenerasi alami terbantu,65.7,47,85,26,tinggi,Kondisi biofisik relatif mendukung pemulihan vegetasi.,mangrove-priority-2016-2025-v0.1
1018,16,MPR-41AB2AAD59,Kelemantan Barat,Bengkalis,Bengkalis,0.089,P2,Regenerasi alami terbantu,65.7,47,85,26,tinggi,Kondisi biofisik relatif mendukung pemulihan vegetasi.,mangrove-priority-2016-2025-v0.1
1019,17,MPR-4B3A184144,Kelemantan Barat,Bengkalis,Bengkalis,0.08,P2,Regenerasi alami terbantu,65.7,47,85,26,tinggi,Kondisi biofisik relatif mendukung pemulihan vegetasi.,mangrove-priority-2016-2025-v0.1
1020,18,MPR-50E3551D0C,Kelemantan Barat,Bengkalis,Bengkalis,0.08,P2,Regenerasi alami terbantu,65.7,47,85,26,tinggi,Kondisi biofisik relatif mendukung pemulihan vegetasi.,mangrove-priority-2016-2025-v0.1
1021,8,MPR-96016083DD,Air Putih,Bengkalis,Bengkalis,0.08,P2,Regenerasi alami terbantu,65.7,47,85,26,tinggi,Kondisi biofisik relatif mendukung pemulihan vegetasi.,mangrove-priority-2016-2025-v0.1
1022,9,MPR-A6A7AC6433,Air Putih,Bengkalis,Bengkalis,0.08,P2,Regenerasi alami terbantu,65.7,47,85,26,tinggi,Kondisi biofisik relatif mendukung pemulihan vegetasi.,mangrove-priority-2016-2025-v0.1
1023,19,MPR-EDF389A6BA,Kelemantan Barat,Bengkalis,Bengkalis,0.08,P2,Regenerasi alami terbantu,65.7,47,85,26,tinggi,Kondisi biofisik relatif mendukung pemulihan vegetasi.,mangrove-priority-2016-2025-v0.1
1024,10,MPR-937B835361,Air Putih,Bengkalis,Bengkalis,0.054,P2,Regenerasi alami terbantu,65.7,47,85,26,tinggi,Kondisi biofisik relatif mendukung pemulihan vegetasi.,mangrove-priority-2016-2025-v0.1
1025,20,MPR-0BE3A5236A,Kelemantan Barat,Bengkalis,Bengkalis,0.05,P2,Regenerasi alami terbantu,65.7,47,85,26,tinggi,Kondisi biofisik relatif mendukung pemulihan vegetasi.,mangrove-priority-2016-2025-v0.1
1026,21,MPR-890950D347,Kelemantan Barat,Bengkalis,Bengkalis,0.05,P2,Regenerasi alami terbantu,65.7,47,85,26,tinggi,Kondisi biofisik relatif mendukung pemulihan vegetasi.,mangrove-priority-2016-2025-v0.1
1027,22,MPR-7B58276D85,Kelemantan Barat,Bengkalis,Bengkalis,0.85,P2,Regenerasi alami terbantu,65.6,48,84,27,tinggi,Kondisi biofisik relatif mendukung pemulihan vegetasi.,mangrove-priority-2016-2025-v0.1
1028,23,MPR-94C0A0E58C,Kelemantan Barat,Bengkalis,Bengkalis,0.62,P2,Regenerasi alami terbantu,65.6,48,84,27,tinggi,Kondisi biofisik relatif mendukung pemulihan vegetasi.,mangrove-priority-2016-2025-v0.1
1029,24,MPR-0236591377,Kelemantan Barat,Bengkalis,Bengkalis,0.59,P2,Regenerasi alami terbantu,65.6,48,84,27,tinggi,Kondisi biofisik relatif mendukung pemulihan vegetasi.,mangrove-priority-2016-2025-v0.1
1030,41,MPR-45B3A7C8EE,Sungaicingam,Rupat,Bengkalis,0.37,P2,Regenerasi alami terbantu,65.6,60,84,54,tinggi,Kondisi biofisik relatif mendukung pemulihan vegetasi.,mangrove-priority-2016-2025-v0.1
1031,42,MPR-8B81CE7B42,Sungaicingam,Rupat,Bengkalis,0.37,P2,Regenerasi alami terbantu,65.6,60,84,54,tinggi,Kondisi biofisik relatif mendukung pemulihan vegetasi.,mangrove-priority-2016-2025-v0.1
1032,35,MPR-47CDBD8C4C,Buruk Bakul,Bukit Batu,Bengkalis,7.239,P1,Penanaman aktif,65.5,65,75,50,tinggi,Kebutuhan dan kelayakan relatif tinggi.,mangrove-priority-2016-2025-v0.1
1033,43,MPR-E917DC2A0E,Sungaicingam,Rupat,Bengkalis,2.99,P2,Regenerasi alami terbantu,65.5,64,81,58,tinggi,Kondisi biofisik relatif mendukung pemulihan vegetasi.,mangrove-priority-2016-2025-v0.1
1034,44,MPR-BAC3EBF3B1,Sungaicingam,Rupat,Bengkalis,2.94,P2,Regenerasi alami terbantu,65.5,64,81,58,tinggi,Kondisi biofisik relatif mendukung pemulihan vegetasi.,mangrove-priority-2016-2025-v0.1
1035,25,MPR-8FBF0B705F,Kelemantan Barat,Bengkalis,Bengkalis,1.66,P2,Regenerasi alami terbantu,65.5,49,83,28,tinggi,Kondisi biofisik relatif mendukung pemulihan vegetasi.,mangrove-priority-2016-2025-v0.1
1036,1,MPR-E50ED6ED7D,Lubuk Muda,Siak Kecil,Bengkalis,0.19,P2,Regenerasi alami terbantu,65.5,49,82,26,tinggi,Kondisi biofisik relatif mendukung pemulihan vegetasi.,mangrove-priority-2016-2025-v0.1
1037,2,MPR-52B4B42A16,Lubuk Muda,Siak Kecil,Bengkalis,0.11,P2,Regenerasi alami terbantu,65.5,49,82,26,tinggi,Kondisi biofisik relatif mendukung pemulihan vegetasi.,mangrove-priority-2016-2025-v0.1
1038,3,MPR-8683060AB8,Lubuk Muda,Siak Kecil,Bengkalis,0.08,P2,Regenerasi alami terbantu,65.5,49,82,26,tinggi,Kondisi biofisik relatif mendukung pemulihan vegetasi.,mangrove-priority-2016-2025-v0.1
1039,4,MPR-5FCCD79F70,Lubuk Muda,Siak Kecil,Bengkalis,0.06,P2,Regenerasi alami terbantu,65.5,49,82,26,tinggi,Kondisi biofisik relatif mendukung pemulihan vegetasi.,mangrove-priority-2016-2025-v0.1
1040,5,MPR-FC20929F57,Lubuk Muda,Siak Kecil,Bengkalis,0.052,P2,Regenerasi alami terbantu,65.5,49,82,26,tinggi,Kondisi biofisik relatif mendukung pemulihan vegetasi.,mangrove-priority-2016-2025-v0.1
1041,6,MPR-4BFC451C69,Lubuk Muda,Siak Kecil,Bengkalis,0.05,P2,Regenerasi alami terbantu,65.5,49,82,26,tinggi,Kondisi biofisik relatif mendukung pemulihan vegetasi.,mangrove-priority-2016-2025-v0.1
1042,7,MPR-0EE9B3002D,Lubuk Muda,Siak Kecil,Bengkalis,1.48,P2,Regenerasi alami terbantu,65.4,51,80,28,tinggi,Kondisi biofisik relatif mendukung pemulihan vegetasi.,mangrove-priority-2016-2025-v0.1
1043,8,MPR-1504298A3C,Lubuk Muda,Siak Kecil,Bengkalis,0.649,P2,Regenerasi alami terbantu,65.4,50,81,27,tinggi,Kondisi biofisik relatif mendukung pemulihan vegetasi.,mangrove-priority-2016-2025-v0.1
1044,9,MPR-82E14DAAD6,Lubuk Muda,Siak Kecil,Bengkalis,0.53,P2,Regenerasi alami terbantu,65.4,50,81,27,tinggi,Kondisi biofisik relatif mendukung pemulihan vegetasi.,mangrove-priority-2016-2025-v0.1
1045,9,MPR-8B4A38B5FA,Puteri Sembilan,Rupat Utara,Bengkalis,0.4,P2,Regenerasi alami terbantu,65.4,50,81,27,sedang,Kondisi biofisik relatif mendukung pemulihan vegetasi.,mangrove-priority-2016-2025-v0.1
1046,45,MPR-5EDFF2F88C,Sungaicingam,Rupat,Bengkalis,2.69,P2,Regenerasi alami terbantu,65.3,63,81,57,tinggi,Kondisi biofisik relatif mendukung pemulihan vegetasi.,mangrove-priority-2016-2025-v0.1
1047,46,MPR-ACCF1E5298,Sungaicingam,Rupat,Bengkalis,2.51,P2,Regenerasi alami terbantu,65.3,63,81,57,tinggi,Kondisi biofisik relatif mendukung pemulihan vegetasi.,mangrove-priority-2016-2025-v0.1
1048,10,MPR-24D8C05F12,Lubuk Muda,Siak Kecil,Bengkalis,0.271,P2,Regenerasi alami terbantu,65.3,49,82,27,tinggi,Kondisi biofisik relatif mendukung pemulihan vegetasi.,mangrove-priority-2016-2025-v0.1
1049,11,MPR-895EDE7101,Temeran,Bengkalis,Bengkalis,8.62,P2,Regenerasi alami terbantu,65.2,61,73,39,tinggi,Kondisi biofisik relatif mendukung pemulihan vegetasi.,mangrove-priority-2016-2025-v0.1
1050,11,MPR-B17E56300B,Air Putih,Bengkalis,Bengkalis,1.98,P2,Regenerasi alami terbantu,65.2,49,82,28,tinggi,Kondisi biofisik relatif mendukung pemulihan vegetasi.,mangrove-priority-2016-2025-v0.1
1051,10,MPR-B4BD505FD0,Puteri Sembilan,Rupat Utara,Bengkalis,1.8,P2,Regenerasi alami terbantu,65.2,52,79,29,sedang,Kondisi biofisik relatif mendukung pemulihan vegetasi.,mangrove-priority-2016-2025-v0.1
1052,12,MPR-E5E67EBFF3,Air Putih,Bengkalis,Bengkalis,1.079,P2,Regenerasi alami terbantu,65.2,48,83,27,tinggi,Kondisi biofisik relatif mendukung pemulihan vegetasi.,mangrove-priority-2016-2025-v0.1
1053,1,MPR-E67FA762A8,Batang Duku,Bukit Batu,Bengkalis,0.19,P2,Regenerasi alami terbantu,65.1,63,85,65,tinggi,Kondisi biofisik relatif mendukung pemulihan vegetasi.,mangrove-priority-2016-2025-v0.1
1054,2,MPR-C3FC31F2C7,Batang Duku,Bukit Batu,Bengkalis,0.18,P2,Regenerasi alami terbantu,65.1,63,85,65,tinggi,Kondisi biofisik relatif mendukung pemulihan vegetasi.,mangrove-priority-2016-2025-v0.1
1055,3,MPR-6D4B5A1981,Batang Duku,Bukit Batu,Bengkalis,0.16,P2,Regenerasi alami terbantu,65.1,63,85,65,tinggi,Kondisi biofisik relatif mendukung pemulihan vegetasi.,mangrove-priority-2016-2025-v0.1
1056,4,MPR-C4C38B68C6,Batang Duku,Bukit Batu,Bengkalis,0.16,P2,Regenerasi alami terbantu,65.1,63,85,65,tinggi,Kondisi biofisik relatif mendukung pemulihan vegetasi.,mangrove-priority-2016-2025-v0.1
1057,5,MPR-0CC9C34B0D,Batang Duku,Bukit Batu,Bengkalis,0.15,P2,Regenerasi alami terbantu,65.1,63,85,65,tinggi,Kondisi biofisik relatif mendukung pemulihan vegetasi.,mangrove-priority-2016-2025-v0.1
1058,6,MPR-66160FF0C0,Batang Duku,Bukit Batu,Bengkalis,0.15,P2,Regenerasi alami terbantu,65.1,63,85,65,tinggi,Kondisi biofisik relatif mendukung pemulihan vegetasi.,mangrove-priority-2016-2025-v0.1
1059,7,MPR-B3112F6F91,Batang Duku,Bukit Batu,Bengkalis,0.15,P2,Regenerasi alami terbantu,65.1,63,85,65,tinggi,Kondisi biofisik relatif mendukung pemulihan vegetasi.,mangrove-priority-2016-2025-v0.1
1060,8,MPR-7707C53BF2,Batang Duku,Bukit Batu,Bengkalis,0.14,P2,Regenerasi alami terbantu,65.1,63,85,65,tinggi,Kondisi biofisik relatif mendukung pemulihan vegetasi.,mangrove-priority-2016-2025-v0.1
1061,9,MPR-8796B8169D,Batang Duku,Bukit Batu,Bengkalis,0.14,P2,Regenerasi alami terbantu,65.1,63,85,65,tinggi,Kondisi biofisik relatif mendukung pemulihan vegetasi.,mangrove-priority-2016-2025-v0.1
1062,10,MPR-A0A051CA4B,Batang Duku,Bukit Batu,Bengkalis,0.14,P2,Regenerasi alami terbantu,65.1,63,85,65,tinggi,Kondisi biofisik relatif mendukung pemulihan vegetasi.,mangrove-priority-2016-2025-v0.1
1063,11,MPR-BA09A96221,Batang Duku,Bukit Batu,Bengkalis,0.14,P2,Regenerasi alami terbantu,65.1,63,85,65,tinggi,Kondisi biofisik relatif mendukung pemulihan vegetasi.,mangrove-priority-2016-2025-v0.1
1064,12,MPR-4EFF67DF8E,Batang Duku,Bukit Batu,Bengkalis,0.12,P2,Regenerasi alami terbantu,65.1,63,85,65,tinggi,Kondisi biofisik relatif mendukung pemulihan vegetasi.,mangrove-priority-2016-2025-v0.1
1065,13,MPR-079679664D,Batang Duku,Bukit Batu,Bengkalis,0.11,P2,Regenerasi alami terbantu,65.1,63,85,65,tinggi,Kondisi biofisik relatif mendukung pemulihan vegetasi.,mangrove-priority-2016-2025-v0.1
1066,14,MPR-38712D6C31,Batang Duku,Bukit Batu,Bengkalis,0.11,P2,Regenerasi alami terbantu,65.1,63,85,65,tinggi,Kondisi biofisik relatif mendukung pemulihan vegetasi.,mangrove-priority-2016-2025-v0.1
1067,15,MPR-E092787BCD,Batang Duku,Bukit Batu,Bengkalis,0.11,P2,Regenerasi alami terbantu,65.1,63,85,65,tinggi,Kondisi biofisik relatif mendukung pemulihan vegetasi.,mangrove-priority-2016-2025-v0.1
1068,16,MPR-0C1E782066,Batang Duku,Bukit Batu,Bengkalis,0.1,P2,Regenerasi alami terbantu,65.1,63,85,65,tinggi,Kondisi biofisik relatif mendukung pemulihan vegetasi.,mangrove-priority-2016-2025-v0.1
1069,17,MPR-1812E0DA64,Batang Duku,Bukit Batu,Bengkalis,0.1,P2,Regenerasi alami terbantu,65.1,63,85,65,tinggi,Kondisi biofisik relatif mendukung pemulihan vegetasi.,mangrove-priority-2016-2025-v0.1
1070,18,MPR-7325CC10F4,Batang Duku,Bukit Batu,Bengkalis,0.1,P2,Regenerasi alami terbantu,65.1,63,85,65,tinggi,Kondisi biofisik relatif mendukung pemulihan vegetasi.,mangrove-priority-2016-2025-v0.1
1071,19,MPR-AA4866754E,Batang Duku,Bukit Batu,Bengkalis,0.088,P2,Regenerasi alami terbantu,65.1,63,85,65,tinggi,Kondisi biofisik relatif mendukung pemulihan vegetasi.,mangrove-priority-2016-2025-v0.1
1072,20,MPR-35BC5CA57A,Batang Duku,Bukit Batu,Bengkalis,0.087,P2,Regenerasi alami terbantu,65.1,63,85,65,tinggi,Kondisi biofisik relatif mendukung pemulihan vegetasi.,mangrove-priority-2016-2025-v0.1
1073,21,MPR-07B5A3E3BE,Batang Duku,Bukit Batu,Bengkalis,0.08,P2,Regenerasi alami terbantu,65.1,63,85,65,tinggi,Kondisi biofisik relatif mendukung pemulihan vegetasi.,mangrove-priority-2016-2025-v0.1
1074,22,MPR-1CAADCAC62,Batang Duku,Bukit Batu,Bengkalis,0.08,P2,Regenerasi alami terbantu,65.1,63,85,65,tinggi,Kondisi biofisik relatif mendukung pemulihan vegetasi.,mangrove-priority-2016-2025-v0.1
1075,23,MPR-8205563D52,Batang Duku,Bukit Batu,Bengkalis,0.08,P2,Regenerasi alami terbantu,65.1,63,85,65,tinggi,Kondisi biofisik relatif mendukung pemulihan vegetasi.,mangrove-priority-2016-2025-v0.1
1076,24,MPR-AE41778A74,Batang Duku,Bukit Batu,Bengkalis,0.08,P2,Regenerasi alami terbantu,65.1,63,85,65,tinggi,Kondisi biofisik relatif mendukung pemulihan vegetasi.,mangrove-priority-2016-2025-v0.1
1077,25,MPR-CA656E2B0F,Batang Duku,Bukit Batu,Bengkalis,0.08,P2,Regenerasi alami terbantu,65.1,63,85,65,tinggi,Kondisi biofisik relatif mendukung pemulihan vegetasi.,mangrove-priority-2016-2025-v0.1
1078,26,MPR-E08C92D224,Batang Duku,Bukit Batu,Bengkalis,0.08,P2,Regenerasi alami terbantu,65.1,63,85,65,tinggi,Kondisi biofisik relatif mendukung pemulihan vegetasi.,mangrove-priority-2016-2025-v0.1
1079,54,MPR-D3FDBC62D4,Tanjungleban,Bandar Laksamana,Bengkalis,14.75,P3,Pemulihan hidrologi,65.0,79,64,65,tinggi,Kelayakan sedang; konektivitas pasang surut perlu dipulihkan.,mangrove-priority-2016-2025-v0.1
1080,11,MPR-96328EF36D,Lubuk Muda,Siak Kecil,Bengkalis,3.13,P2,Regenerasi alami terbantu,65.0,53,78,31,tinggi,Kondisi biofisik relatif mendukung pemulihan vegetasi.,mangrove-priority-2016-2025-v0.1
1081,27,MPR-3DE93B67CB,Batang Duku,Bukit Batu,Bengkalis,0.64,P2,Regenerasi alami terbantu,65.0,64,84,66,tinggi,Kondisi biofisik relatif mendukung pemulihan vegetasi.,mangrove-priority-2016-2025-v0.1
1082,28,MPR-9C1113B494,Batang Duku,Bukit Batu,Bengkalis,0.64,P2,Regenerasi alami terbantu,65.0,64,84,66,tinggi,Kondisi biofisik relatif mendukung pemulihan vegetasi.,mangrove-priority-2016-2025-v0.1
1083,29,MPR-EC80096F7F,Batang Duku,Bukit Batu,Bengkalis,0.51,P2,Regenerasi alami terbantu,65.0,64,84,66,tinggi,Kondisi biofisik relatif mendukung pemulihan vegetasi.,mangrove-priority-2016-2025-v0.1
1084,30,MPR-D7D67A156B,Batang Duku,Bukit Batu,Bengkalis,0.5,P2,Regenerasi alami terbantu,65.0,64,84,66,tinggi,Kondisi biofisik relatif mendukung pemulihan vegetasi.,mangrove-priority-2016-2025-v0.1
1085,31,MPR-9B1EC52ECD,Batang Duku,Bukit Batu,Bengkalis,0.488,P2,Regenerasi alami terbantu,65.0,64,84,66,tinggi,Kondisi biofisik relatif mendukung pemulihan vegetasi.,mangrove-priority-2016-2025-v0.1
1086,32,MPR-CAF0173DFB,Batang Duku,Bukit Batu,Bengkalis,0.48,P2,Regenerasi alami terbantu,65.0,64,84,66,tinggi,Kondisi biofisik relatif mendukung pemulihan vegetasi.,mangrove-priority-2016-2025-v0.1
1087,33,MPR-6C8505CDFF,Batang Duku,Bukit Batu,Bengkalis,0.47,P2,Regenerasi alami terbantu,65.0,64,84,66,tinggi,Kondisi biofisik relatif mendukung pemulihan vegetasi.,mangrove-priority-2016-2025-v0.1
1088,34,MPR-2999EFD025,Batang Duku,Bukit Batu,Bengkalis,0.466,P2,Regenerasi alami terbantu,65.0,64,84,66,tinggi,Kondisi biofisik relatif mendukung pemulihan vegetasi.,mangrove-priority-2016-2025-v0.1
1089,35,MPR-009A47EF46,Batang Duku,Bukit Batu,Bengkalis,0.46,P2,Regenerasi alami terbantu,65.0,64,84,66,tinggi,Kondisi biofisik relatif mendukung pemulihan vegetasi.,mangrove-priority-2016-2025-v0.1
1090,12,MPR-BAB51EB286,Lubuk Muda,Siak Kecil,Bengkalis,0.383,P2,Regenerasi alami terbantu,65.0,49,81,27,tinggi,Kondisi biofisik relatif mendukung pemulihan vegetasi.,mangrove-priority-2016-2025-v0.1
1091,36,MPR-4F398BF370,Batang Duku,Bukit Batu,Bengkalis,1.44,P1,Penanaman aktif,64.9,65,83,67,tinggi,Kebutuhan dan kelayakan relatif tinggi.,mangrove-priority-2016-2025-v0.1
1092,37,MPR-C184275EF5,Batang Duku,Bukit Batu,Bengkalis,1.44,P1,Penanaman aktif,64.9,65,83,67,tinggi,Kebutuhan dan kelayakan relatif tinggi.,mangrove-priority-2016-2025-v0.1
1093,1,MPR-D40490C5AB,Darul Aman,Rupat,Bengkalis,0.62,P2,Regenerasi alami terbantu,64.9,58,84,53,tinggi,Kondisi biofisik relatif mendukung pemulihan vegetasi.,mangrove-priority-2016-2025-v0.1
1094,2,MPR-673AA4ABFA,Darul Aman,Rupat,Bengkalis,0.59,P2,Regenerasi alami terbantu,64.9,58,84,53,tinggi,Kondisi biofisik relatif mendukung pemulihan vegetasi.,mangrove-priority-2016-2025-v0.1
1095,3,MPR-A78B4DDCC8,Darul Aman,Rupat,Bengkalis,0.53,P2,Regenerasi alami terbantu,64.9,58,84,53,tinggi,Kondisi biofisik relatif mendukung pemulihan vegetasi.,mangrove-priority-2016-2025-v0.1
1096,4,MPR-EC53421680,Darul Aman,Rupat,Bengkalis,0.51,P2,Regenerasi alami terbantu,64.9,58,84,53,tinggi,Kondisi biofisik relatif mendukung pemulihan vegetasi.,mangrove-priority-2016-2025-v0.1
1097,5,MPR-221111EAAC,Darul Aman,Rupat,Bengkalis,0.48,P2,Regenerasi alami terbantu,64.9,58,84,53,tinggi,Kondisi biofisik relatif mendukung pemulihan vegetasi.,mangrove-priority-2016-2025-v0.1
1098,6,MPR-453F9F8150,Darul Aman,Rupat,Bengkalis,0.43,P2,Regenerasi alami terbantu,64.9,58,84,53,tinggi,Kondisi biofisik relatif mendukung pemulihan vegetasi.,mangrove-priority-2016-2025-v0.1
1099,7,MPR-F0D05A5137,Darul Aman,Rupat,Bengkalis,0.42,P2,Regenerasi alami terbantu,64.9,58,84,53,tinggi,Kondisi biofisik relatif mendukung pemulihan vegetasi.,mangrove-priority-2016-2025-v0.1
1100,38,MPR-06D508D0C0,Batang Duku,Bukit Batu,Bengkalis,0.34,P2,Regenerasi alami terbantu,64.9,63,85,66,tinggi,Kondisi biofisik relatif mendukung pemulihan vegetasi.,mangrove-priority-2016-2025-v0.1
1101,39,MPR-0679F00B90,Batang Duku,Bukit Batu,Bengkalis,0.33,P2,Regenerasi alami terbantu,64.9,63,85,66,tinggi,Kondisi biofisik relatif mendukung pemulihan vegetasi.,mangrove-priority-2016-2025-v0.1
1102,40,MPR-5527D5268C,Batang Duku,Bukit Batu,Bengkalis,0.32,P2,Regenerasi alami terbantu,64.9,63,85,66,tinggi,Kondisi biofisik relatif mendukung pemulihan vegetasi.,mangrove-priority-2016-2025-v0.1
1103,41,MPR-B2FA9A3C17,Batang Duku,Bukit Batu,Bengkalis,0.32,P2,Regenerasi alami terbantu,64.9,63,85,66,tinggi,Kondisi biofisik relatif mendukung pemulihan vegetasi.,mangrove-priority-2016-2025-v0.1
1104,42,MPR-C95A6AE41E,Batang Duku,Bukit Batu,Bengkalis,0.29,P2,Regenerasi alami terbantu,64.9,63,85,66,tinggi,Kondisi biofisik relatif mendukung pemulihan vegetasi.,mangrove-priority-2016-2025-v0.1
1105,43,MPR-54405C67BF,Batang Duku,Bukit Batu,Bengkalis,0.28,P2,Regenerasi alami terbantu,64.9,63,85,66,tinggi,Kondisi biofisik relatif mendukung pemulihan vegetasi.,mangrove-priority-2016-2025-v0.1
1106,44,MPR-AB47543EE2,Batang Duku,Bukit Batu,Bengkalis,0.27,P2,Regenerasi alami terbantu,64.9,63,85,66,tinggi,Kondisi biofisik relatif mendukung pemulihan vegetasi.,mangrove-priority-2016-2025-v0.1
1107,45,MPR-AD5AADBB58,Batang Duku,Bukit Batu,Bengkalis,0.27,P2,Regenerasi alami terbantu,64.9,63,85,66,tinggi,Kondisi biofisik relatif mendukung pemulihan vegetasi.,mangrove-priority-2016-2025-v0.1
1108,36,MPR-39A4DE560E,Buruk Bakul,Bukit Batu,Bengkalis,9.2,P1,Penanaman aktif,64.8,67,72,53,tinggi,Kebutuhan dan kelayakan relatif tinggi.,mangrove-priority-2016-2025-v0.1
1109,26,MPR-4564440207,Kelemantan Barat,Bengkalis,Bengkalis,3.326,P2,Regenerasi alami terbantu,64.8,51,80,31,tinggi,Kondisi biofisik relatif mendukung pemulihan vegetasi.,mangrove-priority-2016-2025-v0.1
1110,13,MPR-AEF159CF2B,Air Putih,Bengkalis,Bengkalis,2.82,P2,Regenerasi alami terbantu,64.8,50,81,30,tinggi,Kondisi biofisik relatif mendukung pemulihan vegetasi.,mangrove-priority-2016-2025-v0.1
1111,8,MPR-BD537A36DD,Darul Aman,Rupat,Bengkalis,1.29,P2,Regenerasi alami terbantu,64.8,59,83,54,tinggi,Kondisi biofisik relatif mendukung pemulihan vegetasi.,mangrove-priority-2016-2025-v0.1
1112,9,MPR-3C9EA711A8,Darul Aman,Rupat,Bengkalis,1.28,P2,Regenerasi alami terbantu,64.8,59,83,54,tinggi,Kondisi biofisik relatif mendukung pemulihan vegetasi.,mangrove-priority-2016-2025-v0.1
1113,10,MPR-AA76357C08,Darul Aman,Rupat,Bengkalis,1.25,P2,Regenerasi alami terbantu,64.8,59,83,54,tinggi,Kondisi biofisik relatif mendukung pemulihan vegetasi.,mangrove-priority-2016-2025-v0.1
1114,46,MPR-0E7DB4EACB,Batang Duku,Bukit Batu,Bengkalis,1.06,P2,Regenerasi alami terbantu,64.8,64,84,67,tinggi,Kondisi biofisik relatif mendukung pemulihan vegetasi.,mangrove-priority-2016-2025-v0.1
1115,47,MPR-3496AD7E80,Batang Duku,Bukit Batu,Bengkalis,1.05,P2,Regenerasi alami terbantu,64.8,64,84,67,tinggi,Kondisi biofisik relatif mendukung pemulihan vegetasi.,mangrove-priority-2016-2025-v0.1
1116,48,MPR-07D76EF585,Batang Duku,Bukit Batu,Bengkalis,1.0,P2,Regenerasi alami terbantu,64.8,64,84,67,tinggi,Kondisi biofisik relatif mendukung pemulihan vegetasi.,mangrove-priority-2016-2025-v0.1
1117,49,MPR-4B9C26B2D8,Batang Duku,Bukit Batu,Bengkalis,0.939,P2,Regenerasi alami terbantu,64.8,64,84,67,tinggi,Kondisi biofisik relatif mendukung pemulihan vegetasi.,mangrove-priority-2016-2025-v0.1
1118,50,MPR-7B616CE05F,Batang Duku,Bukit Batu,Bengkalis,0.89,P2,Regenerasi alami terbantu,64.8,64,84,67,tinggi,Kondisi biofisik relatif mendukung pemulihan vegetasi.,mangrove-priority-2016-2025-v0.1
1119,11,MPR-BE70235B9D,Darul Aman,Rupat,Bengkalis,0.34,P2,Regenerasi alami terbantu,64.8,57,85,53,tinggi,Kondisi biofisik relatif mendukung pemulihan vegetasi.,mangrove-priority-2016-2025-v0.1
1120,12,MPR-539604EA9E,Darul Aman,Rupat,Bengkalis,0.33,P2,Regenerasi alami terbantu,64.8,57,85,53,tinggi,Kondisi biofisik relatif mendukung pemulihan vegetasi.,mangrove-priority-2016-2025-v0.1
1121,13,MPR-E4109559F1,Darul Aman,Rupat,Bengkalis,0.32,P2,Regenerasi alami terbantu,64.8,57,85,53,tinggi,Kondisi biofisik relatif mendukung pemulihan vegetasi.,mangrove-priority-2016-2025-v0.1
1122,14,MPR-01A97A04D2,Darul Aman,Rupat,Bengkalis,0.31,P2,Regenerasi alami terbantu,64.8,57,85,53,tinggi,Kondisi biofisik relatif mendukung pemulihan vegetasi.,mangrove-priority-2016-2025-v0.1
1123,15,MPR-1ECF6686D7,Darul Aman,Rupat,Bengkalis,0.31,P2,Regenerasi alami terbantu,64.8,57,85,53,tinggi,Kondisi biofisik relatif mendukung pemulihan vegetasi.,mangrove-priority-2016-2025-v0.1
1124,16,MPR-8A7AE316E8,Darul Aman,Rupat,Bengkalis,0.3,P2,Regenerasi alami terbantu,64.8,57,85,53,tinggi,Kondisi biofisik relatif mendukung pemulihan vegetasi.,mangrove-priority-2016-2025-v0.1
1125,17,MPR-051832FCD2,Darul Aman,Rupat,Bengkalis,0.28,P2,Regenerasi alami terbantu,64.8,57,85,53,tinggi,Kondisi biofisik relatif mendukung pemulihan vegetasi.,mangrove-priority-2016-2025-v0.1
1126,18,MPR-4A94F84906,Darul Aman,Rupat,Bengkalis,0.28,P2,Regenerasi alami terbantu,64.8,57,85,53,tinggi,Kondisi biofisik relatif mendukung pemulihan vegetasi.,mangrove-priority-2016-2025-v0.1
1127,19,MPR-84A8C14E2B,Darul Aman,Rupat,Bengkalis,0.27,P2,Regenerasi alami terbantu,64.8,57,85,53,tinggi,Kondisi biofisik relatif mendukung pemulihan vegetasi.,mangrove-priority-2016-2025-v0.1
1128,20,MPR-FF38AD275B,Darul Aman,Rupat,Bengkalis,0.269,P2,Regenerasi alami terbantu,64.8,57,85,53,tinggi,Kondisi biofisik relatif mendukung pemulihan vegetasi.,mangrove-priority-2016-2025-v0.1
1129,21,MPR-41D1329DFF,Darul Aman,Rupat,Bengkalis,0.26,P2,Regenerasi alami terbantu,64.8,57,85,53,tinggi,Kondisi biofisik relatif mendukung pemulihan vegetasi.,mangrove-priority-2016-2025-v0.1
1130,22,MPR-CD3988B1EE,Darul Aman,Rupat,Bengkalis,0.25,P2,Regenerasi alami terbantu,64.8,57,85,53,tinggi,Kondisi biofisik relatif mendukung pemulihan vegetasi.,mangrove-priority-2016-2025-v0.1
1131,23,MPR-EF3530CFAA,Darul Aman,Rupat,Bengkalis,0.247,P2,Regenerasi alami terbantu,64.8,57,85,53,tinggi,Kondisi biofisik relatif mendukung pemulihan vegetasi.,mangrove-priority-2016-2025-v0.1
1132,24,MPR-64511BB197,Darul Aman,Rupat,Bengkalis,0.24,P2,Regenerasi alami terbantu,64.8,57,85,53,tinggi,Kondisi biofisik relatif mendukung pemulihan vegetasi.,mangrove-priority-2016-2025-v0.1
1133,25,MPR-7A778D7763,Darul Aman,Rupat,Bengkalis,0.24,P2,Regenerasi alami terbantu,64.8,57,85,53,tinggi,Kondisi biofisik relatif mendukung pemulihan vegetasi.,mangrove-priority-2016-2025-v0.1
1134,26,MPR-4FA352A34D,Darul Aman,Rupat,Bengkalis,0.23,P2,Regenerasi alami terbantu,64.8,57,85,53,tinggi,Kondisi biofisik relatif mendukung pemulihan vegetasi.,mangrove-priority-2016-2025-v0.1
1135,27,MPR-237DA2F79D,Darul Aman,Rupat,Bengkalis,0.228,P2,Regenerasi alami terbantu,64.8,57,85,53,tinggi,Kondisi biofisik relatif mendukung pemulihan vegetasi.,mangrove-priority-2016-2025-v0.1
1136,28,MPR-818346322F,Darul Aman,Rupat,Bengkalis,0.22,P2,Regenerasi alami terbantu,64.8,57,85,53,tinggi,Kondisi biofisik relatif mendukung pemulihan vegetasi.,mangrove-priority-2016-2025-v0.1
1137,29,MPR-FE5BA13E26,Darul Aman,Rupat,Bengkalis,0.22,P2,Regenerasi alami terbantu,64.8,57,85,53,tinggi,Kondisi biofisik relatif mendukung pemulihan vegetasi.,mangrove-priority-2016-2025-v0.1
1138,30,MPR-124398859F,Darul Aman,Rupat,Bengkalis,0.218,P2,Regenerasi alami terbantu,64.8,57,85,53,tinggi,Kondisi biofisik relatif mendukung pemulihan vegetasi.,mangrove-priority-2016-2025-v0.1
1139,31,MPR-5646231737,Darul Aman,Rupat,Bengkalis,0.214,P2,Regenerasi alami terbantu,64.8,57,85,53,tinggi,Kondisi biofisik relatif mendukung pemulihan vegetasi.,mangrove-priority-2016-2025-v0.1
1140,32,MPR-C6A3F91542,Darul Aman,Rupat,Bengkalis,0.213,P2,Regenerasi alami terbantu,64.8,57,85,53,tinggi,Kondisi biofisik relatif mendukung pemulihan vegetasi.,mangrove-priority-2016-2025-v0.1
1141,33,MPR-77EEC04BEE,Darul Aman,Rupat,Bengkalis,0.21,P2,Regenerasi alami terbantu,64.8,57,85,53,tinggi,Kondisi biofisik relatif mendukung pemulihan vegetasi.,mangrove-priority-2016-2025-v0.1
1142,34,MPR-8A43DA13BA,Darul Aman,Rupat,Bengkalis,0.21,P2,Regenerasi alami terbantu,64.8,57,85,53,tinggi,Kondisi biofisik relatif mendukung pemulihan vegetasi.,mangrove-priority-2016-2025-v0.1
1143,35,MPR-E2B5B846C8,Darul Aman,Rupat,Bengkalis,0.21,P2,Regenerasi alami terbantu,64.8,57,85,53,tinggi,Kondisi biofisik relatif mendukung pemulihan vegetasi.,mangrove-priority-2016-2025-v0.1
1144,36,MPR-DAD0419492,Darul Aman,Rupat,Bengkalis,0.208,P2,Regenerasi alami terbantu,64.8,57,85,53,tinggi,Kondisi biofisik relatif mendukung pemulihan vegetasi.,mangrove-priority-2016-2025-v0.1
1145,37,MPR-7A1A561924,Darul Aman,Rupat,Bengkalis,0.203,P2,Regenerasi alami terbantu,64.8,57,85,53,tinggi,Kondisi biofisik relatif mendukung pemulihan vegetasi.,mangrove-priority-2016-2025-v0.1
1146,38,MPR-3CB3CF48BC,Darul Aman,Rupat,Bengkalis,0.2,P2,Regenerasi alami terbantu,64.8,57,85,53,tinggi,Kondisi biofisik relatif mendukung pemulihan vegetasi.,mangrove-priority-2016-2025-v0.1
1147,39,MPR-74CE4FA61B,Darul Aman,Rupat,Bengkalis,0.2,P2,Regenerasi alami terbantu,64.8,57,85,53,tinggi,Kondisi biofisik relatif mendukung pemulihan vegetasi.,mangrove-priority-2016-2025-v0.1
1148,40,MPR-9D557A65A6,Darul Aman,Rupat,Bengkalis,0.2,P2,Regenerasi alami terbantu,64.8,57,85,53,tinggi,Kondisi biofisik relatif mendukung pemulihan vegetasi.,mangrove-priority-2016-2025-v0.1
1149,41,MPR-E92709C014,Darul Aman,Rupat,Bengkalis,0.2,P2,Regenerasi alami terbantu,64.8,57,85,53,tinggi,Kondisi biofisik relatif mendukung pemulihan vegetasi.,mangrove-priority-2016-2025-v0.1
1150,42,MPR-09902FB4EF,Darul Aman,Rupat,Bengkalis,0.19,P2,Regenerasi alami terbantu,64.8,57,85,53,tinggi,Kondisi biofisik relatif mendukung pemulihan vegetasi.,mangrove-priority-2016-2025-v0.1
1151,43,MPR-3CF4B101CE,Darul Aman,Rupat,Bengkalis,0.19,P2,Regenerasi alami terbantu,64.8,57,85,53,tinggi,Kondisi biofisik relatif mendukung pemulihan vegetasi.,mangrove-priority-2016-2025-v0.1
1152,44,MPR-DC7A7BA7BF,Darul Aman,Rupat,Bengkalis,0.19,P2,Regenerasi alami terbantu,64.8,57,85,53,tinggi,Kondisi biofisik relatif mendukung pemulihan vegetasi.,mangrove-priority-2016-2025-v0.1
1153,45,MPR-82F6F5F05E,Darul Aman,Rupat,Bengkalis,0.187,P2,Regenerasi alami terbantu,64.8,57,85,53,tinggi,Kondisi biofisik relatif mendukung pemulihan vegetasi.,mangrove-priority-2016-2025-v0.1
1154,46,MPR-6CBF536977,Darul Aman,Rupat,Bengkalis,0.18,P2,Regenerasi alami terbantu,64.8,57,85,53,tinggi,Kondisi biofisik relatif mendukung pemulihan vegetasi.,mangrove-priority-2016-2025-v0.1
1155,47,MPR-74BED80B87,Darul Aman,Rupat,Bengkalis,0.18,P2,Regenerasi alami terbantu,64.8,57,85,53,tinggi,Kondisi biofisik relatif mendukung pemulihan vegetasi.,mangrove-priority-2016-2025-v0.1
1156,48,MPR-AA18C58E8E,Darul Aman,Rupat,Bengkalis,0.18,P2,Regenerasi alami terbantu,64.8,57,85,53,tinggi,Kondisi biofisik relatif mendukung pemulihan vegetasi.,mangrove-priority-2016-2025-v0.1
1157,49,MPR-BE8780019C,Darul Aman,Rupat,Bengkalis,0.18,P2,Regenerasi alami terbantu,64.8,57,85,53,tinggi,Kondisi biofisik relatif mendukung pemulihan vegetasi.,mangrove-priority-2016-2025-v0.1
1158,50,MPR-A47DE99CF3,Darul Aman,Rupat,Bengkalis,0.173,P2,Regenerasi alami terbantu,64.8,57,85,53,tinggi,Kondisi biofisik relatif mendukung pemulihan vegetasi.,mangrove-priority-2016-2025-v0.1
1159,51,MPR-28CB53974D,Darul Aman,Rupat,Bengkalis,0.17,P2,Regenerasi alami terbantu,64.8,57,85,53,tinggi,Kondisi biofisik relatif mendukung pemulihan vegetasi.,mangrove-priority-2016-2025-v0.1
1160,52,MPR-30944ADC7D,Darul Aman,Rupat,Bengkalis,0.17,P2,Regenerasi alami terbantu,64.8,57,85,53,tinggi,Kondisi biofisik relatif mendukung pemulihan vegetasi.,mangrove-priority-2016-2025-v0.1
1161,53,MPR-5632B0D1C0,Darul Aman,Rupat,Bengkalis,0.17,P2,Regenerasi alami terbantu,64.8,57,85,53,tinggi,Kondisi biofisik relatif mendukung pemulihan vegetasi.,mangrove-priority-2016-2025-v0.1
1162,54,MPR-52610BD06A,Darul Aman,Rupat,Bengkalis,0.159,P2,Regenerasi alami terbantu,64.8,57,85,53,tinggi,Kondisi biofisik relatif mendukung pemulihan vegetasi.,mangrove-priority-2016-2025-v0.1
1163,55,MPR-29122F9979,Darul Aman,Rupat,Bengkalis,0.15,P2,Regenerasi alami terbantu,64.8,57,85,53,tinggi,Kondisi biofisik relatif mendukung pemulihan vegetasi.,mangrove-priority-2016-2025-v0.1
1164,56,MPR-BF067FF563,Darul Aman,Rupat,Bengkalis,0.15,P2,Regenerasi alami terbantu,64.8,57,85,53,tinggi,Kondisi biofisik relatif mendukung pemulihan vegetasi.,mangrove-priority-2016-2025-v0.1
1165,57,MPR-D9DA41EBA3,Darul Aman,Rupat,Bengkalis,0.15,P2,Regenerasi alami terbantu,64.8,57,85,53,tinggi,Kondisi biofisik relatif mendukung pemulihan vegetasi.,mangrove-priority-2016-2025-v0.1
1166,58,MPR-133398F701,Darul Aman,Rupat,Bengkalis,0.14,P2,Regenerasi alami terbantu,64.8,57,85,53,tinggi,Kondisi biofisik relatif mendukung pemulihan vegetasi.,mangrove-priority-2016-2025-v0.1
1167,59,MPR-3F4B965975,Darul Aman,Rupat,Bengkalis,0.14,P2,Regenerasi alami terbantu,64.8,57,85,53,tinggi,Kondisi biofisik relatif mendukung pemulihan vegetasi.,mangrove-priority-2016-2025-v0.1
1168,60,MPR-480267ECD3,Darul Aman,Rupat,Bengkalis,0.14,P2,Regenerasi alami terbantu,64.8,57,85,53,tinggi,Kondisi biofisik relatif mendukung pemulihan vegetasi.,mangrove-priority-2016-2025-v0.1
1169,61,MPR-5CF8552998,Darul Aman,Rupat,Bengkalis,0.14,P2,Regenerasi alami terbantu,64.8,57,85,53,tinggi,Kondisi biofisik relatif mendukung pemulihan vegetasi.,mangrove-priority-2016-2025-v0.1
1170,62,MPR-BFA4C64052,Darul Aman,Rupat,Bengkalis,0.14,P2,Regenerasi alami terbantu,64.8,57,85,53,tinggi,Kondisi biofisik relatif mendukung pemulihan vegetasi.,mangrove-priority-2016-2025-v0.1
1171,63,MPR-EC1CB1E4C7,Darul Aman,Rupat,Bengkalis,0.14,P2,Regenerasi alami terbantu,64.8,57,85,53,tinggi,Kondisi biofisik relatif mendukung pemulihan vegetasi.,mangrove-priority-2016-2025-v0.1
1172,64,MPR-76EBE76188,Darul Aman,Rupat,Bengkalis,0.13,P2,Regenerasi alami terbantu,64.8,57,85,53,tinggi,Kondisi biofisik relatif mendukung pemulihan vegetasi.,mangrove-priority-2016-2025-v0.1
1173,65,MPR-B403F079B7,Darul Aman,Rupat,Bengkalis,0.13,P2,Regenerasi alami terbantu,64.8,57,85,53,tinggi,Kondisi biofisik relatif mendukung pemulihan vegetasi.,mangrove-priority-2016-2025-v0.1
1174,66,MPR-097FB725E4,Darul Aman,Rupat,Bengkalis,0.12,P2,Regenerasi alami terbantu,64.8,57,85,53,tinggi,Kondisi biofisik relatif mendukung pemulihan vegetasi.,mangrove-priority-2016-2025-v0.1
1175,67,MPR-AFA019A0F0,Darul Aman,Rupat,Bengkalis,0.12,P2,Regenerasi alami terbantu,64.8,57,85,53,tinggi,Kondisi biofisik relatif mendukung pemulihan vegetasi.,mangrove-priority-2016-2025-v0.1
1176,68,MPR-C55469AE06,Darul Aman,Rupat,Bengkalis,0.116,P2,Regenerasi alami terbantu,64.8,57,85,53,tinggi,Kondisi biofisik relatif mendukung pemulihan vegetasi.,mangrove-priority-2016-2025-v0.1
1177,69,MPR-E830DFF479,Darul Aman,Rupat,Bengkalis,0.115,P2,Regenerasi alami terbantu,64.8,57,85,53,tinggi,Kondisi biofisik relatif mendukung pemulihan vegetasi.,mangrove-priority-2016-2025-v0.1
1178,70,MPR-160AAE8CA5,Darul Aman,Rupat,Bengkalis,0.114,P2,Regenerasi alami terbantu,64.8,57,85,53,tinggi,Kondisi biofisik relatif mendukung pemulihan vegetasi.,mangrove-priority-2016-2025-v0.1
1179,71,MPR-01EC44D30C,Darul Aman,Rupat,Bengkalis,0.11,P2,Regenerasi alami terbantu,64.8,57,85,53,tinggi,Kondisi biofisik relatif mendukung pemulihan vegetasi.,mangrove-priority-2016-2025-v0.1
1180,72,MPR-2D78BE87FC,Darul Aman,Rupat,Bengkalis,0.11,P2,Regenerasi alami terbantu,64.8,57,85,53,tinggi,Kondisi biofisik relatif mendukung pemulihan vegetasi.,mangrove-priority-2016-2025-v0.1
1181,73,MPR-4A12520618,Darul Aman,Rupat,Bengkalis,0.11,P2,Regenerasi alami terbantu,64.8,57,85,53,tinggi,Kondisi biofisik relatif mendukung pemulihan vegetasi.,mangrove-priority-2016-2025-v0.1
1182,74,MPR-78ED5100E7,Darul Aman,Rupat,Bengkalis,0.11,P2,Regenerasi alami terbantu,64.8,57,85,53,tinggi,Kondisi biofisik relatif mendukung pemulihan vegetasi.,mangrove-priority-2016-2025-v0.1
1183,75,MPR-A9D579ADDC,Darul Aman,Rupat,Bengkalis,0.11,P2,Regenerasi alami terbantu,64.8,57,85,53,tinggi,Kondisi biofisik relatif mendukung pemulihan vegetasi.,mangrove-priority-2016-2025-v0.1
1184,76,MPR-BBB5F38FBC,Darul Aman,Rupat,Bengkalis,0.11,P2,Regenerasi alami terbantu,64.8,57,85,53,tinggi,Kondisi biofisik relatif mendukung pemulihan vegetasi.,mangrove-priority-2016-2025-v0.1
1185,77,MPR-DF2E257841,Darul Aman,Rupat,Bengkalis,0.11,P2,Regenerasi alami terbantu,64.8,57,85,53,tinggi,Kondisi biofisik relatif mendukung pemulihan vegetasi.,mangrove-priority-2016-2025-v0.1
1186,78,MPR-FD666BE3E9,Darul Aman,Rupat,Bengkalis,0.11,P2,Regenerasi alami terbantu,64.8,57,85,53,tinggi,Kondisi biofisik relatif mendukung pemulihan vegetasi.,mangrove-priority-2016-2025-v0.1
1187,79,MPR-42991E5DA9,Darul Aman,Rupat,Bengkalis,0.1,P2,Regenerasi alami terbantu,64.8,57,85,53,tinggi,Kondisi biofisik relatif mendukung pemulihan vegetasi.,mangrove-priority-2016-2025-v0.1
1188,80,MPR-5F211BA11E,Darul Aman,Rupat,Bengkalis,0.1,P2,Regenerasi alami terbantu,64.8,57,85,53,tinggi,Kondisi biofisik relatif mendukung pemulihan vegetasi.,mangrove-priority-2016-2025-v0.1
1189,81,MPR-6B176B70C8,Darul Aman,Rupat,Bengkalis,0.1,P2,Regenerasi alami terbantu,64.8,57,85,53,tinggi,Kondisi biofisik relatif mendukung pemulihan vegetasi.,mangrove-priority-2016-2025-v0.1
1190,82,MPR-84D3629162,Darul Aman,Rupat,Bengkalis,0.1,P2,Regenerasi alami terbantu,64.8,57,85,53,tinggi,Kondisi biofisik relatif mendukung pemulihan vegetasi.,mangrove-priority-2016-2025-v0.1
1191,83,MPR-46666604BC,Darul Aman,Rupat,Bengkalis,0.092,P2,Regenerasi alami terbantu,64.8,57,85,53,tinggi,Kondisi biofisik relatif mendukung pemulihan vegetasi.,mangrove-priority-2016-2025-v0.1
1192,84,MPR-C428F9669D,Darul Aman,Rupat,Bengkalis,0.092,P2,Regenerasi alami terbantu,64.8,57,85,53,tinggi,Kondisi biofisik relatif mendukung pemulihan vegetasi.,mangrove-priority-2016-2025-v0.1
1193,85,MPR-0DD7ED3256,Darul Aman,Rupat,Bengkalis,0.09,P2,Regenerasi alami terbantu,64.8,57,85,53,tinggi,Kondisi biofisik relatif mendukung pemulihan vegetasi.,mangrove-priority-2016-2025-v0.1
1194,86,MPR-0C29A1A624,Darul Aman,Rupat,Bengkalis,0.089,P2,Regenerasi alami terbantu,64.8,57,85,53,tinggi,Kondisi biofisik relatif mendukung pemulihan vegetasi.,mangrove-priority-2016-2025-v0.1
1195,87,MPR-7B36CB5068,Darul Aman,Rupat,Bengkalis,0.088,P2,Regenerasi alami terbantu,64.8,57,85,53,tinggi,Kondisi biofisik relatif mendukung pemulihan vegetasi.,mangrove-priority-2016-2025-v0.1
1196,88,MPR-BD080221E1,Darul Aman,Rupat,Bengkalis,0.088,P2,Regenerasi alami terbantu,64.8,57,85,53,tinggi,Kondisi biofisik relatif mendukung pemulihan vegetasi.,mangrove-priority-2016-2025-v0.1
1197,89,MPR-C76A979861,Darul Aman,Rupat,Bengkalis,0.086,P2,Regenerasi alami terbantu,64.8,57,85,53,tinggi,Kondisi biofisik relatif mendukung pemulihan vegetasi.,mangrove-priority-2016-2025-v0.1
1198,90,MPR-02085124A0,Darul Aman,Rupat,Bengkalis,0.08,P2,Regenerasi alami terbantu,64.8,57,85,53,tinggi,Kondisi biofisik relatif mendukung pemulihan vegetasi.,mangrove-priority-2016-2025-v0.1
1199,91,MPR-1A66B7E49D,Darul Aman,Rupat,Bengkalis,0.08,P2,Regenerasi alami terbantu,64.8,57,85,53,tinggi,Kondisi biofisik relatif mendukung pemulihan vegetasi.,mangrove-priority-2016-2025-v0.1
1200,92,MPR-4351A0292B,Darul Aman,Rupat,Bengkalis,0.08,P2,Regenerasi alami terbantu,64.8,57,85,53,tinggi,Kondisi biofisik relatif mendukung pemulihan vegetasi.,mangrove-priority-2016-2025-v0.1
1201,93,MPR-66D2CC5E6B,Darul Aman,Rupat,Bengkalis,0.08,P2,Regenerasi alami terbantu,64.8,57,85,53,tinggi,Kondisi biofisik relatif mendukung pemulihan vegetasi.,mangrove-priority-2016-2025-v0.1
1202,94,MPR-7571D1E005,Darul Aman,Rupat,Bengkalis,0.08,P2,Regenerasi alami terbantu,64.8,57,85,53,tinggi,Kondisi biofisik relatif mendukung pemulihan vegetasi.,mangrove-priority-2016-2025-v0.1
1203,95,MPR-8B44DB146C,Darul Aman,Rupat,Bengkalis,0.08,P2,Regenerasi alami terbantu,64.8,57,85,53,tinggi,Kondisi biofisik relatif mendukung pemulihan vegetasi.,mangrove-priority-2016-2025-v0.1
1204,96,MPR-B4EABFAD6B,Darul Aman,Rupat,Bengkalis,0.08,P2,Regenerasi alami terbantu,64.8,57,85,53,tinggi,Kondisi biofisik relatif mendukung pemulihan vegetasi.,mangrove-priority-2016-2025-v0.1
1205,97,MPR-C70B56A29D,Darul Aman,Rupat,Bengkalis,0.08,P2,Regenerasi alami terbantu,64.8,57,85,53,tinggi,Kondisi biofisik relatif mendukung pemulihan vegetasi.,mangrove-priority-2016-2025-v0.1
1206,98,MPR-E0E33AC6A8,Darul Aman,Rupat,Bengkalis,0.08,P2,Regenerasi alami terbantu,64.8,57,85,53,tinggi,Kondisi biofisik relatif mendukung pemulihan vegetasi.,mangrove-priority-2016-2025-v0.1
1207,99,MPR-EC93DB5151,Darul Aman,Rupat,Bengkalis,0.08,P2,Regenerasi alami terbantu,64.8,57,85,53,tinggi,Kondisi biofisik relatif mendukung pemulihan vegetasi.,mangrove-priority-2016-2025-v0.1
1208,100,MPR-F6176D0B59,Darul Aman,Rupat,Bengkalis,0.08,P2,Regenerasi alami terbantu,64.8,57,85,53,tinggi,Kondisi biofisik relatif mendukung pemulihan vegetasi.,mangrove-priority-2016-2025-v0.1
1209,101,MPR-5FB6C3F51C,Darul Aman,Rupat,Bengkalis,0.076,P2,Regenerasi alami terbantu,64.8,57,85,53,tinggi,Kondisi biofisik relatif mendukung pemulihan vegetasi.,mangrove-priority-2016-2025-v0.1
1210,102,MPR-5BBF3778DD,Darul Aman,Rupat,Bengkalis,0.075,P2,Regenerasi alami terbantu,64.8,57,85,53,tinggi,Kondisi biofisik relatif mendukung pemulihan vegetasi.,mangrove-priority-2016-2025-v0.1
1211,103,MPR-692012A5FE,Darul Aman,Rupat,Bengkalis,0.066,P2,Regenerasi alami terbantu,64.8,57,85,53,tinggi,Kondisi biofisik relatif mendukung pemulihan vegetasi.,mangrove-priority-2016-2025-v0.1
1212,104,MPR-D9CAC1AB36,Darul Aman,Rupat,Bengkalis,0.065,P2,Regenerasi alami terbantu,64.8,57,85,53,tinggi,Kondisi biofisik relatif mendukung pemulihan vegetasi.,mangrove-priority-2016-2025-v0.1
1213,105,MPR-D6AFBC0083,Darul Aman,Rupat,Bengkalis,0.054,P2,Regenerasi alami terbantu,64.8,57,85,53,tinggi,Kondisi biofisik relatif mendukung pemulihan vegetasi.,mangrove-priority-2016-2025-v0.1
1214,106,MPR-CCE4396A4D,Darul Aman,Rupat,Bengkalis,0.051,P2,Regenerasi alami terbantu,64.8,57,85,53,tinggi,Kondisi biofisik relatif mendukung pemulihan vegetasi.,mangrove-priority-2016-2025-v0.1
1215,107,MPR-04B4D0123C,Darul Aman,Rupat,Bengkalis,0.05,P2,Regenerasi alami terbantu,64.8,57,85,53,tinggi,Kondisi biofisik relatif mendukung pemulihan vegetasi.,mangrove-priority-2016-2025-v0.1
1216,108,MPR-497A3716B7,Darul Aman,Rupat,Bengkalis,0.05,P2,Regenerasi alami terbantu,64.8,57,85,53,tinggi,Kondisi biofisik relatif mendukung pemulihan vegetasi.,mangrove-priority-2016-2025-v0.1
1217,109,MPR-6FE8D9C526,Darul Aman,Rupat,Bengkalis,0.05,P2,Regenerasi alami terbantu,64.8,57,85,53,tinggi,Kondisi biofisik relatif mendukung pemulihan vegetasi.,mangrove-priority-2016-2025-v0.1
1218,110,MPR-884659464D,Darul Aman,Rupat,Bengkalis,0.05,P2,Regenerasi alami terbantu,64.8,57,85,53,tinggi,Kondisi biofisik relatif mendukung pemulihan vegetasi.,mangrove-priority-2016-2025-v0.1
1219,111,MPR-B8CD539E83,Darul Aman,Rupat,Bengkalis,0.05,P2,Regenerasi alami terbantu,64.8,57,85,53,tinggi,Kondisi biofisik relatif mendukung pemulihan vegetasi.,mangrove-priority-2016-2025-v0.1
1220,112,MPR-D9B1436AFD,Darul Aman,Rupat,Bengkalis,0.05,P2,Regenerasi alami terbantu,64.8,57,85,53,tinggi,Kondisi biofisik relatif mendukung pemulihan vegetasi.,mangrove-priority-2016-2025-v0.1
1221,113,MPR-44E1CD6CDB,Darul Aman,Rupat,Bengkalis,1.01,P2,Regenerasi alami terbantu,64.7,58,84,54,tinggi,Kondisi biofisik relatif mendukung pemulihan vegetasi.,mangrove-priority-2016-2025-v0.1
1222,114,MPR-B12BC9239C,Darul Aman,Rupat,Bengkalis,0.76,P2,Regenerasi alami terbantu,64.7,58,84,54,tinggi,Kondisi biofisik relatif mendukung pemulihan vegetasi.,mangrove-priority-2016-2025-v0.1
1223,115,MPR-622945DC1D,Darul Aman,Rupat,Bengkalis,0.75,P2,Regenerasi alami terbantu,64.7,58,84,54,tinggi,Kondisi biofisik relatif mendukung pemulihan vegetasi.,mangrove-priority-2016-2025-v0.1
1224,116,MPR-BBC2544020,Darul Aman,Rupat,Bengkalis,0.74,P2,Regenerasi alami terbantu,64.7,58,84,54,tinggi,Kondisi biofisik relatif mendukung pemulihan vegetasi.,mangrove-priority-2016-2025-v0.1
1225,117,MPR-8B00F09061,Darul Aman,Rupat,Bengkalis,0.71,P2,Regenerasi alami terbantu,64.7,58,84,54,tinggi,Kondisi biofisik relatif mendukung pemulihan vegetasi.,mangrove-priority-2016-2025-v0.1
1226,118,MPR-0F14CDEAC4,Darul Aman,Rupat,Bengkalis,0.69,P2,Regenerasi alami terbantu,64.7,58,84,54,tinggi,Kondisi biofisik relatif mendukung pemulihan vegetasi.,mangrove-priority-2016-2025-v0.1
1227,119,MPR-F1A5566FBC,Darul Aman,Rupat,Bengkalis,0.68,P2,Regenerasi alami terbantu,64.7,58,84,54,tinggi,Kondisi biofisik relatif mendukung pemulihan vegetasi.,mangrove-priority-2016-2025-v0.1
1228,120,MPR-FA97F4C738,Darul Aman,Rupat,Bengkalis,0.66,P2,Regenerasi alami terbantu,64.7,58,84,54,tinggi,Kondisi biofisik relatif mendukung pemulihan vegetasi.,mangrove-priority-2016-2025-v0.1
1229,121,MPR-9536083388,Darul Aman,Rupat,Bengkalis,0.631,P2,Regenerasi alami terbantu,64.7,58,84,54,tinggi,Kondisi biofisik relatif mendukung pemulihan vegetasi.,mangrove-priority-2016-2025-v0.1
1230,122,MPR-ACBCC8BD58,Darul Aman,Rupat,Bengkalis,1.54,P2,Regenerasi alami terbantu,64.6,59,83,55,tinggi,Kondisi biofisik relatif mendukung pemulihan vegetasi.,mangrove-priority-2016-2025-v0.1
1231,24,MPR-478D750000,Deluk,Bantan,Bengkalis,8.26,P3,Pemulihan hidrologi,64.5,80,63,68,tinggi,Kelayakan sedang; konektivitas pasang surut perlu dipulihkan.,mangrove-priority-2016-2025-v0.1
1232,14,MPR-8DE0A7563B,Air Putih,Bengkalis,Bengkalis,4.781,P2,Regenerasi alami terbantu,64.5,53,78,33,tinggi,Kondisi biofisik relatif mendukung pemulihan vegetasi.,mangrove-priority-2016-2025-v0.1
1233,51,MPR-D4C0821C59,Batang Duku,Bukit Batu,Bengkalis,3.15,P4,Perlindungan pantai dahulu,64.5,67,81,70,tinggi,Risiko ketidakstabilan pesisir relatif tinggi.,mangrove-priority-2016-2025-v0.1
1234,123,MPR-815742C64D,Darul Aman,Rupat,Bengkalis,2.37,P2,Regenerasi alami terbantu,64.5,60,82,56,tinggi,Kondisi biofisik relatif mendukung pemulihan vegetasi.,mangrove-priority-2016-2025-v0.1
1235,52,MPR-D35885D234,Batang Duku,Bukit Batu,Bengkalis,0.41,P2,Regenerasi alami terbantu,64.5,63,84,66,tinggi,Kondisi biofisik relatif mendukung pemulihan vegetasi.,mangrove-priority-2016-2025-v0.1
1236,53,MPR-95B3E54C30,Batang Duku,Bukit Batu,Bengkalis,0.4,P2,Regenerasi alami terbantu,64.5,63,84,66,tinggi,Kondisi biofisik relatif mendukung pemulihan vegetasi.,mangrove-priority-2016-2025-v0.1
1237,124,MPR-F1E50665ED,Darul Aman,Rupat,Bengkalis,0.4,P2,Regenerasi alami terbantu,64.5,57,84,53,tinggi,Kondisi biofisik relatif mendukung pemulihan vegetasi.,mangrove-priority-2016-2025-v0.1
1238,54,MPR-2BB62CC92D,Batang Duku,Bukit Batu,Bengkalis,0.39,P2,Regenerasi alami terbantu,64.5,63,84,66,tinggi,Kondisi biofisik relatif mendukung pemulihan vegetasi.,mangrove-priority-2016-2025-v0.1
1239,55,MPR-5DA65DCA3B,Batang Duku,Bukit Batu,Bengkalis,0.39,P2,Regenerasi alami terbantu,64.5,63,84,66,tinggi,Kondisi biofisik relatif mendukung pemulihan vegetasi.,mangrove-priority-2016-2025-v0.1
1240,56,MPR-9EEDCDFE66,Batang Duku,Bukit Batu,Bengkalis,0.38,P2,Regenerasi alami terbantu,64.5,63,84,66,tinggi,Kondisi biofisik relatif mendukung pemulihan vegetasi.,mangrove-priority-2016-2025-v0.1
1241,125,MPR-1128B4C4D0,Darul Aman,Rupat,Bengkalis,0.36,P2,Regenerasi alami terbantu,64.5,57,84,53,tinggi,Kondisi biofisik relatif mendukung pemulihan vegetasi.,mangrove-priority-2016-2025-v0.1
1242,1,MPR-DAB39A3356,Kelurahan Rimba Sekampung,Bengkalis,Bengkalis,0.211,P2,Regenerasi alami terbantu,64.5,43,85,23,tinggi,Kondisi biofisik relatif mendukung pemulihan vegetasi.,mangrove-priority-2016-2025-v0.1
1243,2,MPR-BD96C66C9F,Kelurahan Rimba Sekampung,Bengkalis,Bengkalis,0.201,P2,Regenerasi alami terbantu,64.5,43,85,23,tinggi,Kondisi biofisik relatif mendukung pemulihan vegetasi.,mangrove-priority-2016-2025-v0.1
1244,3,MPR-339B032844,Kelurahan Rimba Sekampung,Bengkalis,Bengkalis,0.196,P2,Regenerasi alami terbantu,64.5,43,85,23,tinggi,Kondisi biofisik relatif mendukung pemulihan vegetasi.,mangrove-priority-2016-2025-v0.1
1245,4,MPR-80C97E6175,Kelurahan Rimba Sekampung,Bengkalis,Bengkalis,0.171,P2,Regenerasi alami terbantu,64.5,43,85,23,tinggi,Kondisi biofisik relatif mendukung pemulihan vegetasi.,mangrove-priority-2016-2025-v0.1
1246,5,MPR-EF225D13B4,Kelurahan Rimba Sekampung,Bengkalis,Bengkalis,0.11,P2,Regenerasi alami terbantu,64.5,43,85,23,tinggi,Kondisi biofisik relatif mendukung pemulihan vegetasi.,mangrove-priority-2016-2025-v0.1
1247,6,MPR-A0801B667C,Kelurahan Rimba Sekampung,Bengkalis,Bengkalis,0.082,P2,Regenerasi alami terbantu,64.5,43,85,23,tinggi,Kondisi biofisik relatif mendukung pemulihan vegetasi.,mangrove-priority-2016-2025-v0.1
1248,7,MPR-55BE6207F7,Kelurahan Rimba Sekampung,Bengkalis,Bengkalis,0.063,P2,Regenerasi alami terbantu,64.5,43,85,23,tinggi,Kondisi biofisik relatif mendukung pemulihan vegetasi.,mangrove-priority-2016-2025-v0.1
1249,57,MPR-65D2C73DE2,Batang Duku,Bukit Batu,Bengkalis,3.9,P4,Perlindungan pantai dahulu,64.4,68,80,71,tinggi,Risiko ketidakstabilan pesisir relatif tinggi.,mangrove-priority-2016-2025-v0.1
1250,58,MPR-010990516D,Batang Duku,Bukit Batu,Bengkalis,1.8,P1,Penanaman aktif,64.4,65,82,68,tinggi,Kebutuhan dan kelayakan relatif tinggi.,mangrove-priority-2016-2025-v0.1
1251,59,MPR-F51A63E727,Batang Duku,Bukit Batu,Bengkalis,1.14,P2,Regenerasi alami terbantu,64.4,64,83,67,tinggi,Kondisi biofisik relatif mendukung pemulihan vegetasi.,mangrove-priority-2016-2025-v0.1
1252,8,MPR-357BD2151B,Kelurahan Rimba Sekampung,Bengkalis,Bengkalis,0.592,P2,Regenerasi alami terbantu,64.4,44,84,24,tinggi,Kondisi biofisik relatif mendukung pemulihan vegetasi.,mangrove-priority-2016-2025-v0.1
1253,9,MPR-4A1F9FC97C,Kelurahan Rimba Sekampung,Bengkalis,Bengkalis,0.279,P2,Regenerasi alami terbantu,64.3,43,85,24,tinggi,Kondisi biofisik relatif mendukung pemulihan vegetasi.,mangrove-priority-2016-2025-v0.1
1254,60,MPR-3AEA4D61BB,Batang Duku,Bukit Batu,Bengkalis,2.88,P1,Penanaman aktif,64.2,66,81,69,tinggi,Kebutuhan dan kelayakan relatif tinggi.,mangrove-priority-2016-2025-v0.1
1255,10,MPR-1C7F7067B5,Kelurahan Rimba Sekampung,Bengkalis,Bengkalis,0.932,P2,Regenerasi alami terbantu,64.2,44,84,25,tinggi,Kondisi biofisik relatif mendukung pemulihan vegetasi.,mangrove-priority-2016-2025-v0.1
1256,1,MPR-6C30224AF4,Sei Alam,Bengkalis,Bengkalis,0.25,P2,Regenerasi alami terbantu,64.2,44,84,25,tinggi,Kondisi biofisik relatif mendukung pemulihan vegetasi.,mangrove-priority-2016-2025-v0.1
1257,2,MPR-DB9BDA48E0,Sei Alam,Bengkalis,Bengkalis,0.2,P2,Regenerasi alami terbantu,64.2,44,84,25,tinggi,Kondisi biofisik relatif mendukung pemulihan vegetasi.,mangrove-priority-2016-2025-v0.1
1258,3,MPR-462ADB511A,Sei Alam,Bengkalis,Bengkalis,0.18,P2,Regenerasi alami terbantu,64.2,44,84,25,tinggi,Kondisi biofisik relatif mendukung pemulihan vegetasi.,mangrove-priority-2016-2025-v0.1
1259,4,MPR-01C2C3FF86,Sei Alam,Bengkalis,Bengkalis,0.12,P2,Regenerasi alami terbantu,64.2,44,84,25,tinggi,Kondisi biofisik relatif mendukung pemulihan vegetasi.,mangrove-priority-2016-2025-v0.1
1260,5,MPR-7B40396E18,Sei Alam,Bengkalis,Bengkalis,0.05,P2,Regenerasi alami terbantu,64.2,44,84,25,tinggi,Kondisi biofisik relatif mendukung pemulihan vegetasi.,mangrove-priority-2016-2025-v0.1
1261,11,MPR-084C6F4009,Kelurahan Batu Panjang,Rupat,Bengkalis,16.36,P3,Pemulihan hidrologi,64.0,75,62,57,tinggi,Kelayakan sedang; konektivitas pasang surut perlu dipulihkan.,mangrove-priority-2016-2025-v0.1
1262,21,MPR-2139A591DF,Kembung Luar,Bantan,Bengkalis,15.3,P3,Pemulihan hidrologi,63.9,70,64,50,tinggi,Kelayakan sedang; konektivitas pasang surut perlu dipulihkan.,mangrove-priority-2016-2025-v0.1
1263,61,MPR-1DCE8D809F,Batang Duku,Bukit Batu,Bengkalis,4.85,P4,Perlindungan pantai dahulu,63.9,69,78,72,tinggi,Risiko ketidakstabilan pesisir relatif tinggi.,mangrove-priority-2016-2025-v0.1
1264,1,MPR-2CA7E0F92C,Sepahat,Bandar Laksamana,Bengkalis,0.25,P2,Regenerasi alami terbantu,63.9,56,85,55,tinggi,Kondisi biofisik relatif mendukung pemulihan vegetasi.,mangrove-priority-2016-2025-v0.1
1265,2,MPR-A54C446717,Sepahat,Bandar Laksamana,Bengkalis,0.246,P2,Regenerasi alami terbantu,63.9,56,85,55,tinggi,Kondisi biofisik relatif mendukung pemulihan vegetasi.,mangrove-priority-2016-2025-v0.1
1266,3,MPR-289E2EF3C0,Sepahat,Bandar Laksamana,Bengkalis,0.24,P2,Regenerasi alami terbantu,63.9,56,85,55,tinggi,Kondisi biofisik relatif mendukung pemulihan vegetasi.,mangrove-priority-2016-2025-v0.1
1267,4,MPR-F2B65C0D18,Sepahat,Bandar Laksamana,Bengkalis,0.24,P2,Regenerasi alami terbantu,63.9,56,85,55,tinggi,Kondisi biofisik relatif mendukung pemulihan vegetasi.,mangrove-priority-2016-2025-v0.1
1268,5,MPR-4B8733E9B8,Sepahat,Bandar Laksamana,Bengkalis,0.22,P2,Regenerasi alami terbantu,63.9,56,85,55,tinggi,Kondisi biofisik relatif mendukung pemulihan vegetasi.,mangrove-priority-2016-2025-v0.1
1269,6,MPR-215F62D4B1,Sepahat,Bandar Laksamana,Bengkalis,0.214,P2,Regenerasi alami terbantu,63.9,56,85,55,tinggi,Kondisi biofisik relatif mendukung pemulihan vegetasi.,mangrove-priority-2016-2025-v0.1
1270,7,MPR-847DA5EAA0,Sepahat,Bandar Laksamana,Bengkalis,0.21,P2,Regenerasi alami terbantu,63.9,56,85,55,tinggi,Kondisi biofisik relatif mendukung pemulihan vegetasi.,mangrove-priority-2016-2025-v0.1
1271,8,MPR-AA99880701,Sepahat,Bandar Laksamana,Bengkalis,0.21,P2,Regenerasi alami terbantu,63.9,56,85,55,tinggi,Kondisi biofisik relatif mendukung pemulihan vegetasi.,mangrove-priority-2016-2025-v0.1
1272,9,MPR-B9C95DE746,Sepahat,Bandar Laksamana,Bengkalis,0.207,P2,Regenerasi alami terbantu,63.9,56,85,55,tinggi,Kondisi biofisik relatif mendukung pemulihan vegetasi.,mangrove-priority-2016-2025-v0.1
1273,10,MPR-CF6AFC32D5,Sepahat,Bandar Laksamana,Bengkalis,0.19,P2,Regenerasi alami terbantu,63.9,56,85,55,tinggi,Kondisi biofisik relatif mendukung pemulihan vegetasi.,mangrove-priority-2016-2025-v0.1
1274,11,MPR-F743DA5177,Sepahat,Bandar Laksamana,Bengkalis,0.18,P2,Regenerasi alami terbantu,63.9,56,85,55,tinggi,Kondisi biofisik relatif mendukung pemulihan vegetasi.,mangrove-priority-2016-2025-v0.1
1275,12,MPR-3CE9C551CE,Sepahat,Bandar Laksamana,Bengkalis,0.175,P2,Regenerasi alami terbantu,63.9,56,85,55,tinggi,Kondisi biofisik relatif mendukung pemulihan vegetasi.,mangrove-priority-2016-2025-v0.1
1276,13,MPR-8203B60C59,Sepahat,Bandar Laksamana,Bengkalis,0.174,P2,Regenerasi alami terbantu,63.9,56,85,55,tinggi,Kondisi biofisik relatif mendukung pemulihan vegetasi.,mangrove-priority-2016-2025-v0.1
1277,14,MPR-394BDF05A1,Sepahat,Bandar Laksamana,Bengkalis,0.17,P2,Regenerasi alami terbantu,63.9,56,85,55,tinggi,Kondisi biofisik relatif mendukung pemulihan vegetasi.,mangrove-priority-2016-2025-v0.1
1278,15,MPR-737B4A5FF4,Sepahat,Bandar Laksamana,Bengkalis,0.17,P2,Regenerasi alami terbantu,63.9,56,85,55,tinggi,Kondisi biofisik relatif mendukung pemulihan vegetasi.,mangrove-priority-2016-2025-v0.1
1279,16,MPR-F196AE2CCA,Sepahat,Bandar Laksamana,Bengkalis,0.164,P2,Regenerasi alami terbantu,63.9,56,85,55,tinggi,Kondisi biofisik relatif mendukung pemulihan vegetasi.,mangrove-priority-2016-2025-v0.1
1280,17,MPR-1A5925886C,Sepahat,Bandar Laksamana,Bengkalis,0.16,P2,Regenerasi alami terbantu,63.9,56,85,55,tinggi,Kondisi biofisik relatif mendukung pemulihan vegetasi.,mangrove-priority-2016-2025-v0.1
1281,18,MPR-21CBCAA36B,Sepahat,Bandar Laksamana,Bengkalis,0.16,P2,Regenerasi alami terbantu,63.9,56,85,55,tinggi,Kondisi biofisik relatif mendukung pemulihan vegetasi.,mangrove-priority-2016-2025-v0.1
1282,19,MPR-82E71B3E50,Sepahat,Bandar Laksamana,Bengkalis,0.16,P2,Regenerasi alami terbantu,63.9,56,85,55,tinggi,Kondisi biofisik relatif mendukung pemulihan vegetasi.,mangrove-priority-2016-2025-v0.1
1283,20,MPR-27B19B6024,Sepahat,Bandar Laksamana,Bengkalis,0.15,P2,Regenerasi alami terbantu,63.9,56,85,55,tinggi,Kondisi biofisik relatif mendukung pemulihan vegetasi.,mangrove-priority-2016-2025-v0.1
1284,21,MPR-79F5AB46B5,Sepahat,Bandar Laksamana,Bengkalis,0.15,P2,Regenerasi alami terbantu,63.9,56,85,55,tinggi,Kondisi biofisik relatif mendukung pemulihan vegetasi.,mangrove-priority-2016-2025-v0.1
1285,22,MPR-D386290575,Sepahat,Bandar Laksamana,Bengkalis,0.15,P2,Regenerasi alami terbantu,63.9,56,85,55,tinggi,Kondisi biofisik relatif mendukung pemulihan vegetasi.,mangrove-priority-2016-2025-v0.1
1286,23,MPR-0B610083DE,Sepahat,Bandar Laksamana,Bengkalis,0.14,P2,Regenerasi alami terbantu,63.9,56,85,55,tinggi,Kondisi biofisik relatif mendukung pemulihan vegetasi.,mangrove-priority-2016-2025-v0.1
1287,24,MPR-3D39A3FC03,Sepahat,Bandar Laksamana,Bengkalis,0.14,P2,Regenerasi alami terbantu,63.9,56,85,55,tinggi,Kondisi biofisik relatif mendukung pemulihan vegetasi.,mangrove-priority-2016-2025-v0.1
1288,25,MPR-6A8501CF4E,Sepahat,Bandar Laksamana,Bengkalis,0.14,P2,Regenerasi alami terbantu,63.9,56,85,55,tinggi,Kondisi biofisik relatif mendukung pemulihan vegetasi.,mangrove-priority-2016-2025-v0.1
1289,26,MPR-7311CFCCFC,Sepahat,Bandar Laksamana,Bengkalis,0.14,P2,Regenerasi alami terbantu,63.9,56,85,55,tinggi,Kondisi biofisik relatif mendukung pemulihan vegetasi.,mangrove-priority-2016-2025-v0.1
1290,27,MPR-9427F926D8,Sepahat,Bandar Laksamana,Bengkalis,0.14,P2,Regenerasi alami terbantu,63.9,56,85,55,tinggi,Kondisi biofisik relatif mendukung pemulihan vegetasi.,mangrove-priority-2016-2025-v0.1
1291,28,MPR-A4A1622205,Sepahat,Bandar Laksamana,Bengkalis,0.14,P2,Regenerasi alami terbantu,63.9,56,85,55,tinggi,Kondisi biofisik relatif mendukung pemulihan vegetasi.,mangrove-priority-2016-2025-v0.1
1292,29,MPR-F9881B797A,Sepahat,Bandar Laksamana,Bengkalis,0.14,P2,Regenerasi alami terbantu,63.9,56,85,55,tinggi,Kondisi biofisik relatif mendukung pemulihan vegetasi.,mangrove-priority-2016-2025-v0.1
1293,30,MPR-798E16E9FD,Sepahat,Bandar Laksamana,Bengkalis,0.138,P2,Regenerasi alami terbantu,63.9,56,85,55,tinggi,Kondisi biofisik relatif mendukung pemulihan vegetasi.,mangrove-priority-2016-2025-v0.1
1294,31,MPR-98F7A8B318,Sepahat,Bandar Laksamana,Bengkalis,0.12,P2,Regenerasi alami terbantu,63.9,56,85,55,tinggi,Kondisi biofisik relatif mendukung pemulihan vegetasi.,mangrove-priority-2016-2025-v0.1
1295,32,MPR-EF50F70208,Sepahat,Bandar Laksamana,Bengkalis,0.12,P2,Regenerasi alami terbantu,63.9,56,85,55,tinggi,Kondisi biofisik relatif mendukung pemulihan vegetasi.,mangrove-priority-2016-2025-v0.1
1296,33,MPR-306C32EF3A,Sepahat,Bandar Laksamana,Bengkalis,0.119,P2,Regenerasi alami terbantu,63.9,56,85,55,tinggi,Kondisi biofisik relatif mendukung pemulihan vegetasi.,mangrove-priority-2016-2025-v0.1
1297,34,MPR-242B1439AF,Sepahat,Bandar Laksamana,Bengkalis,0.11,P2,Regenerasi alami terbantu,63.9,56,85,55,tinggi,Kondisi biofisik relatif mendukung pemulihan vegetasi.,mangrove-priority-2016-2025-v0.1
1298,35,MPR-300F6785B5,Sepahat,Bandar Laksamana,Bengkalis,0.11,P2,Regenerasi alami terbantu,63.9,56,85,55,tinggi,Kondisi biofisik relatif mendukung pemulihan vegetasi.,mangrove-priority-2016-2025-v0.1
1299,36,MPR-67CDB3F967,Sepahat,Bandar Laksamana,Bengkalis,0.11,P2,Regenerasi alami terbantu,63.9,56,85,55,tinggi,Kondisi biofisik relatif mendukung pemulihan vegetasi.,mangrove-priority-2016-2025-v0.1
1300,37,MPR-A7E68B164E,Sepahat,Bandar Laksamana,Bengkalis,0.11,P2,Regenerasi alami terbantu,63.9,56,85,55,tinggi,Kondisi biofisik relatif mendukung pemulihan vegetasi.,mangrove-priority-2016-2025-v0.1
1301,38,MPR-B0AED9F802,Sepahat,Bandar Laksamana,Bengkalis,0.11,P2,Regenerasi alami terbantu,63.9,56,85,55,tinggi,Kondisi biofisik relatif mendukung pemulihan vegetasi.,mangrove-priority-2016-2025-v0.1
1302,39,MPR-E7483EC936,Sepahat,Bandar Laksamana,Bengkalis,0.11,P2,Regenerasi alami terbantu,63.9,56,85,55,tinggi,Kondisi biofisik relatif mendukung pemulihan vegetasi.,mangrove-priority-2016-2025-v0.1
1303,40,MPR-F6359772D7,Sepahat,Bandar Laksamana,Bengkalis,0.11,P2,Regenerasi alami terbantu,63.9,56,85,55,tinggi,Kondisi biofisik relatif mendukung pemulihan vegetasi.,mangrove-priority-2016-2025-v0.1
1304,41,MPR-FDF0C642B6,Sepahat,Bandar Laksamana,Bengkalis,0.11,P2,Regenerasi alami terbantu,63.9,56,85,55,tinggi,Kondisi biofisik relatif mendukung pemulihan vegetasi.,mangrove-priority-2016-2025-v0.1
1305,42,MPR-832B2D0AB0,Sepahat,Bandar Laksamana,Bengkalis,0.106,P2,Regenerasi alami terbantu,63.9,56,85,55,tinggi,Kondisi biofisik relatif mendukung pemulihan vegetasi.,mangrove-priority-2016-2025-v0.1
1306,43,MPR-0F56C58DA1,Sepahat,Bandar Laksamana,Bengkalis,0.1,P2,Regenerasi alami terbantu,63.9,56,85,55,tinggi,Kondisi biofisik relatif mendukung pemulihan vegetasi.,mangrove-priority-2016-2025-v0.1
1307,44,MPR-8E133D6FFD,Sepahat,Bandar Laksamana,Bengkalis,0.1,P2,Regenerasi alami terbantu,63.9,56,85,55,tinggi,Kondisi biofisik relatif mendukung pemulihan vegetasi.,mangrove-priority-2016-2025-v0.1
1308,45,MPR-A065A11ECB,Sepahat,Bandar Laksamana,Bengkalis,0.1,P2,Regenerasi alami terbantu,63.9,56,85,55,tinggi,Kondisi biofisik relatif mendukung pemulihan vegetasi.,mangrove-priority-2016-2025-v0.1
1309,46,MPR-B4BB47D1B7,Sepahat,Bandar Laksamana,Bengkalis,0.096,P2,Regenerasi alami terbantu,63.9,56,85,55,tinggi,Kondisi biofisik relatif mendukung pemulihan vegetasi.,mangrove-priority-2016-2025-v0.1
1310,47,MPR-C0472AAA70,Sepahat,Bandar Laksamana,Bengkalis,0.094,P2,Regenerasi alami terbantu,63.9,56,85,55,tinggi,Kondisi biofisik relatif mendukung pemulihan vegetasi.,mangrove-priority-2016-2025-v0.1
1311,48,MPR-CE35E164A6,Sepahat,Bandar Laksamana,Bengkalis,0.09,P2,Regenerasi alami terbantu,63.9,56,85,55,tinggi,Kondisi biofisik relatif mendukung pemulihan vegetasi.,mangrove-priority-2016-2025-v0.1
1312,49,MPR-5CCE64640F,Sepahat,Bandar Laksamana,Bengkalis,0.089,P2,Regenerasi alami terbantu,63.9,56,85,55,tinggi,Kondisi biofisik relatif mendukung pemulihan vegetasi.,mangrove-priority-2016-2025-v0.1
1313,50,MPR-84A8EC5D96,Sepahat,Bandar Laksamana,Bengkalis,0.085,P2,Regenerasi alami terbantu,63.9,56,85,55,tinggi,Kondisi biofisik relatif mendukung pemulihan vegetasi.,mangrove-priority-2016-2025-v0.1
1314,51,MPR-4246227A5A,Sepahat,Bandar Laksamana,Bengkalis,0.08,P2,Regenerasi alami terbantu,63.9,56,85,55,tinggi,Kondisi biofisik relatif mendukung pemulihan vegetasi.,mangrove-priority-2016-2025-v0.1
1315,52,MPR-A86A2D0840,Sepahat,Bandar Laksamana,Bengkalis,0.08,P2,Regenerasi alami terbantu,63.9,56,85,55,tinggi,Kondisi biofisik relatif mendukung pemulihan vegetasi.,mangrove-priority-2016-2025-v0.1
1316,53,MPR-B7FD2E437F,Sepahat,Bandar Laksamana,Bengkalis,0.08,P2,Regenerasi alami terbantu,63.9,56,85,55,tinggi,Kondisi biofisik relatif mendukung pemulihan vegetasi.,mangrove-priority-2016-2025-v0.1
1317,54,MPR-EF6C4EE9D5,Sepahat,Bandar Laksamana,Bengkalis,0.08,P2,Regenerasi alami terbantu,63.9,56,85,55,tinggi,Kondisi biofisik relatif mendukung pemulihan vegetasi.,mangrove-priority-2016-2025-v0.1
1318,55,MPR-396DC1EFA2,Sepahat,Bandar Laksamana,Bengkalis,0.071,P2,Regenerasi alami terbantu,63.9,56,85,55,tinggi,Kondisi biofisik relatif mendukung pemulihan vegetasi.,mangrove-priority-2016-2025-v0.1
1319,56,MPR-D38A85A420,Sepahat,Bandar Laksamana,Bengkalis,0.071,P2,Regenerasi alami terbantu,63.9,56,85,55,tinggi,Kondisi biofisik relatif mendukung pemulihan vegetasi.,mangrove-priority-2016-2025-v0.1
1320,57,MPR-F183884153,Sepahat,Bandar Laksamana,Bengkalis,0.06,P2,Regenerasi alami terbantu,63.9,56,85,55,tinggi,Kondisi biofisik relatif mendukung pemulihan vegetasi.,mangrove-priority-2016-2025-v0.1
1321,58,MPR-C952DB49D9,Sepahat,Bandar Laksamana,Bengkalis,0.05,P2,Regenerasi alami terbantu,63.9,56,85,55,tinggi,Kondisi biofisik relatif mendukung pemulihan vegetasi.,mangrove-priority-2016-2025-v0.1
1322,59,MPR-E021D3CD1B,Sepahat,Bandar Laksamana,Bengkalis,0.05,P2,Regenerasi alami terbantu,63.9,56,85,55,tinggi,Kondisi biofisik relatif mendukung pemulihan vegetasi.,mangrove-priority-2016-2025-v0.1
1323,11,MPR-504D918CD4,Kelurahan Rimba Sekampung,Bengkalis,Bengkalis,1.893,P2,Regenerasi alami terbantu,63.8,45,82,26,tinggi,Kondisi biofisik relatif mendukung pemulihan vegetasi.,mangrove-priority-2016-2025-v0.1
1324,60,MPR-DE0C8EE1F1,Sepahat,Bandar Laksamana,Bengkalis,1.51,P2,Regenerasi alami terbantu,63.8,58,83,57,tinggi,Kondisi biofisik relatif mendukung pemulihan vegetasi.,mangrove-priority-2016-2025-v0.1
1325,61,MPR-4DDBC07B12,Sepahat,Bandar Laksamana,Bengkalis,1.31,P2,Regenerasi alami terbantu,63.8,58,83,57,tinggi,Kondisi biofisik relatif mendukung pemulihan vegetasi.,mangrove-priority-2016-2025-v0.1
1326,62,MPR-6B1E8FEDF4,Sepahat,Bandar Laksamana,Bengkalis,1.269,P2,Regenerasi alami terbantu,63.8,58,83,57,tinggi,Kondisi biofisik relatif mendukung pemulihan vegetasi.,mangrove-priority-2016-2025-v0.1
1327,63,MPR-461548EFF1,Sepahat,Bandar Laksamana,Bengkalis,0.869,P2,Regenerasi alami terbantu,63.8,57,84,56,tinggi,Kondisi biofisik relatif mendukung pemulihan vegetasi.,mangrove-priority-2016-2025-v0.1
1328,64,MPR-71E3944712,Sepahat,Bandar Laksamana,Bengkalis,0.86,P2,Regenerasi alami terbantu,63.8,57,84,56,tinggi,Kondisi biofisik relatif mendukung pemulihan vegetasi.,mangrove-priority-2016-2025-v0.1
1329,65,MPR-87645D5796,Sepahat,Bandar Laksamana,Bengkalis,0.79,P2,Regenerasi alami terbantu,63.8,57,84,56,tinggi,Kondisi biofisik relatif mendukung pemulihan vegetasi.,mangrove-priority-2016-2025-v0.1
1330,66,MPR-0218DDB856,Sepahat,Bandar Laksamana,Bengkalis,0.703,P2,Regenerasi alami terbantu,63.8,57,84,56,tinggi,Kondisi biofisik relatif mendukung pemulihan vegetasi.,mangrove-priority-2016-2025-v0.1
1331,67,MPR-D5E312CA80,Sepahat,Bandar Laksamana,Bengkalis,0.7,P2,Regenerasi alami terbantu,63.8,57,84,56,tinggi,Kondisi biofisik relatif mendukung pemulihan vegetasi.,mangrove-priority-2016-2025-v0.1
1332,68,MPR-304E251175,Sepahat,Bandar Laksamana,Bengkalis,0.6,P2,Regenerasi alami terbantu,63.8,57,84,56,tinggi,Kondisi biofisik relatif mendukung pemulihan vegetasi.,mangrove-priority-2016-2025-v0.1
1333,69,MPR-4E2EDD5CD4,Sepahat,Bandar Laksamana,Bengkalis,0.54,P2,Regenerasi alami terbantu,63.8,57,84,56,tinggi,Kondisi biofisik relatif mendukung pemulihan vegetasi.,mangrove-priority-2016-2025-v0.1
1334,70,MPR-389F2AB832,Sepahat,Bandar Laksamana,Bengkalis,0.51,P2,Regenerasi alami terbantu,63.8,57,84,56,tinggi,Kondisi biofisik relatif mendukung pemulihan vegetasi.,mangrove-priority-2016-2025-v0.1
1335,71,MPR-5FE9FA242B,Sepahat,Bandar Laksamana,Bengkalis,0.47,P2,Regenerasi alami terbantu,63.8,57,84,56,tinggi,Kondisi biofisik relatif mendukung pemulihan vegetasi.,mangrove-priority-2016-2025-v0.1
1336,72,MPR-0D192FF148,Sepahat,Bandar Laksamana,Bengkalis,0.42,P2,Regenerasi alami terbantu,63.8,57,84,56,tinggi,Kondisi biofisik relatif mendukung pemulihan vegetasi.,mangrove-priority-2016-2025-v0.1
1337,73,MPR-A44A1D5850,Sepahat,Bandar Laksamana,Bengkalis,0.35,P2,Regenerasi alami terbantu,63.8,56,85,56,tinggi,Kondisi biofisik relatif mendukung pemulihan vegetasi.,mangrove-priority-2016-2025-v0.1
1338,74,MPR-BAB0CD120A,Sepahat,Bandar Laksamana,Bengkalis,0.34,P2,Regenerasi alami terbantu,63.8,56,85,56,tinggi,Kondisi biofisik relatif mendukung pemulihan vegetasi.,mangrove-priority-2016-2025-v0.1
1339,75,MPR-879B7F2EEF,Sepahat,Bandar Laksamana,Bengkalis,0.33,P2,Regenerasi alami terbantu,63.8,56,85,56,tinggi,Kondisi biofisik relatif mendukung pemulihan vegetasi.,mangrove-priority-2016-2025-v0.1
1340,76,MPR-091A21AFE6,Sepahat,Bandar Laksamana,Bengkalis,0.32,P2,Regenerasi alami terbantu,63.8,56,85,56,tinggi,Kondisi biofisik relatif mendukung pemulihan vegetasi.,mangrove-priority-2016-2025-v0.1
1341,77,MPR-ABEBD7D1E0,Sepahat,Bandar Laksamana,Bengkalis,0.32,P2,Regenerasi alami terbantu,63.8,56,85,56,tinggi,Kondisi biofisik relatif mendukung pemulihan vegetasi.,mangrove-priority-2016-2025-v0.1
1342,78,MPR-4FD04219F1,Sepahat,Bandar Laksamana,Bengkalis,0.31,P2,Regenerasi alami terbantu,63.8,56,85,56,tinggi,Kondisi biofisik relatif mendukung pemulihan vegetasi.,mangrove-priority-2016-2025-v0.1
1343,79,MPR-B1B1E1BFFD,Sepahat,Bandar Laksamana,Bengkalis,0.3,P2,Regenerasi alami terbantu,63.8,56,85,56,tinggi,Kondisi biofisik relatif mendukung pemulihan vegetasi.,mangrove-priority-2016-2025-v0.1
1344,80,MPR-4BE3F8702D,Sepahat,Bandar Laksamana,Bengkalis,0.29,P2,Regenerasi alami terbantu,63.8,56,85,56,tinggi,Kondisi biofisik relatif mendukung pemulihan vegetasi.,mangrove-priority-2016-2025-v0.1
1345,81,MPR-0291B502CB,Sepahat,Bandar Laksamana,Bengkalis,0.28,P2,Regenerasi alami terbantu,63.8,56,85,56,tinggi,Kondisi biofisik relatif mendukung pemulihan vegetasi.,mangrove-priority-2016-2025-v0.1
1346,82,MPR-B71D507CF7,Sepahat,Bandar Laksamana,Bengkalis,0.273,P2,Regenerasi alami terbantu,63.8,56,85,56,tinggi,Kondisi biofisik relatif mendukung pemulihan vegetasi.,mangrove-priority-2016-2025-v0.1
1347,83,MPR-4191C85CE2,Sepahat,Bandar Laksamana,Bengkalis,0.26,P2,Regenerasi alami terbantu,63.8,56,85,56,tinggi,Kondisi biofisik relatif mendukung pemulihan vegetasi.,mangrove-priority-2016-2025-v0.1
1348,84,MPR-E62F81DEDE,Sepahat,Bandar Laksamana,Bengkalis,2.12,P2,Regenerasi alami terbantu,63.6,59,82,58,tinggi,Kondisi biofisik relatif mendukung pemulihan vegetasi.,mangrove-priority-2016-2025-v0.1
1349,6,MPR-E51C07AE23,Sei Alam,Bengkalis,Bengkalis,0.41,P2,Regenerasi alami terbantu,63.6,44,83,26,tinggi,Kondisi biofisik relatif mendukung pemulihan vegetasi.,mangrove-priority-2016-2025-v0.1
1350,1,MPR-56A9135940,Bantan Sari,Bantan,Bengkalis,0.25,P2,Regenerasi alami terbantu,63.6,42,85,25,sedang,Kondisi biofisik relatif mendukung pemulihan vegetasi.,mangrove-priority-2016-2025-v0.1
1351,1,MPR-0F34940577,Suka Damai,Rupat Utara,Bengkalis,0.167,P4,Perlindungan pantai dahulu,63.6,65,85,77,tinggi,Risiko ketidakstabilan pesisir relatif tinggi.,mangrove-priority-2016-2025-v0.1
1352,2,MPR-B2D2F398B2,Suka Damai,Rupat Utara,Bengkalis,0.162,P4,Perlindungan pantai dahulu,63.6,65,85,77,tinggi,Risiko ketidakstabilan pesisir relatif tinggi.,mangrove-priority-2016-2025-v0.1
1353,3,MPR-24AB02ED21,Suka Damai,Rupat Utara,Bengkalis,0.16,P4,Perlindungan pantai dahulu,63.6,65,85,77,tinggi,Risiko ketidakstabilan pesisir relatif tinggi.,mangrove-priority-2016-2025-v0.1
1354,4,MPR-6FECD07FD6,Suka Damai,Rupat Utara,Bengkalis,0.16,P4,Perlindungan pantai dahulu,63.6,65,85,77,tinggi,Risiko ketidakstabilan pesisir relatif tinggi.,mangrove-priority-2016-2025-v0.1
1355,5,MPR-A3C4B8D9DA,Suka Damai,Rupat Utara,Bengkalis,0.15,P4,Perlindungan pantai dahulu,63.6,65,85,77,tinggi,Risiko ketidakstabilan pesisir relatif tinggi.,mangrove-priority-2016-2025-v0.1
1356,6,MPR-A5EA4A10F3,Suka Damai,Rupat Utara,Bengkalis,0.148,P4,Perlindungan pantai dahulu,63.6,65,85,77,tinggi,Risiko ketidakstabilan pesisir relatif tinggi.,mangrove-priority-2016-2025-v0.1
1357,7,MPR-036C1BB301,Suka Damai,Rupat Utara,Bengkalis,0.14,P4,Perlindungan pantai dahulu,63.6,65,85,77,tinggi,Risiko ketidakstabilan pesisir relatif tinggi.,mangrove-priority-2016-2025-v0.1
1358,8,MPR-913AF1CE3D,Suka Damai,Rupat Utara,Bengkalis,0.14,P4,Perlindungan pantai dahulu,63.6,65,85,77,tinggi,Risiko ketidakstabilan pesisir relatif tinggi.,mangrove-priority-2016-2025-v0.1
1359,9,MPR-BFDE53577A,Suka Damai,Rupat Utara,Bengkalis,0.14,P4,Perlindungan pantai dahulu,63.6,65,85,77,tinggi,Risiko ketidakstabilan pesisir relatif tinggi.,mangrove-priority-2016-2025-v0.1
1360,10,MPR-C15A8876AA,Suka Damai,Rupat Utara,Bengkalis,0.14,P4,Perlindungan pantai dahulu,63.6,65,85,77,tinggi,Risiko ketidakstabilan pesisir relatif tinggi.,mangrove-priority-2016-2025-v0.1
1361,11,MPR-C7166AF58E,Suka Damai,Rupat Utara,Bengkalis,0.14,P4,Perlindungan pantai dahulu,63.6,65,85,77,tinggi,Risiko ketidakstabilan pesisir relatif tinggi.,mangrove-priority-2016-2025-v0.1
1362,12,MPR-D305565C25,Suka Damai,Rupat Utara,Bengkalis,0.14,P4,Perlindungan pantai dahulu,63.6,65,85,77,tinggi,Risiko ketidakstabilan pesisir relatif tinggi.,mangrove-priority-2016-2025-v0.1
1363,13,MPR-01F9F5682A,Suka Damai,Rupat Utara,Bengkalis,0.13,P4,Perlindungan pantai dahulu,63.6,65,85,77,tinggi,Risiko ketidakstabilan pesisir relatif tinggi.,mangrove-priority-2016-2025-v0.1
1364,14,MPR-2BDF661F35,Suka Damai,Rupat Utara,Bengkalis,0.13,P4,Perlindungan pantai dahulu,63.6,65,85,77,tinggi,Risiko ketidakstabilan pesisir relatif tinggi.,mangrove-priority-2016-2025-v0.1
1365,15,MPR-8B888B3546,Suka Damai,Rupat Utara,Bengkalis,0.13,P4,Perlindungan pantai dahulu,63.6,65,85,77,tinggi,Risiko ketidakstabilan pesisir relatif tinggi.,mangrove-priority-2016-2025-v0.1
1366,16,MPR-9CD2991A8C,Suka Damai,Rupat Utara,Bengkalis,0.13,P4,Perlindungan pantai dahulu,63.6,65,85,77,tinggi,Risiko ketidakstabilan pesisir relatif tinggi.,mangrove-priority-2016-2025-v0.1
1367,17,MPR-07D8EF4CCC,Suka Damai,Rupat Utara,Bengkalis,0.12,P4,Perlindungan pantai dahulu,63.6,65,85,77,tinggi,Risiko ketidakstabilan pesisir relatif tinggi.,mangrove-priority-2016-2025-v0.1
1368,18,MPR-794E0CC82B,Suka Damai,Rupat Utara,Bengkalis,0.12,P4,Perlindungan pantai dahulu,63.6,65,85,77,tinggi,Risiko ketidakstabilan pesisir relatif tinggi.,mangrove-priority-2016-2025-v0.1
1369,19,MPR-8A1BCE8C1D,Suka Damai,Rupat Utara,Bengkalis,0.12,P4,Perlindungan pantai dahulu,63.6,65,85,77,tinggi,Risiko ketidakstabilan pesisir relatif tinggi.,mangrove-priority-2016-2025-v0.1
1370,20,MPR-CBFB066C27,Suka Damai,Rupat Utara,Bengkalis,0.12,P4,Perlindungan pantai dahulu,63.6,65,85,77,tinggi,Risiko ketidakstabilan pesisir relatif tinggi.,mangrove-priority-2016-2025-v0.1
1371,21,MPR-CD64A91AAF,Suka Damai,Rupat Utara,Bengkalis,0.115,P4,Perlindungan pantai dahulu,63.6,65,85,77,tinggi,Risiko ketidakstabilan pesisir relatif tinggi.,mangrove-priority-2016-2025-v0.1
1372,22,MPR-1C2719F575,Suka Damai,Rupat Utara,Bengkalis,0.113,P4,Perlindungan pantai dahulu,63.6,65,85,77,tinggi,Risiko ketidakstabilan pesisir relatif tinggi.,mangrove-priority-2016-2025-v0.1
1373,23,MPR-115CFC0C90,Suka Damai,Rupat Utara,Bengkalis,0.11,P4,Perlindungan pantai dahulu,63.6,65,85,77,tinggi,Risiko ketidakstabilan pesisir relatif tinggi.,mangrove-priority-2016-2025-v0.1
1374,24,MPR-1CE56F0F6B,Suka Damai,Rupat Utara,Bengkalis,0.11,P4,Perlindungan pantai dahulu,63.6,65,85,77,tinggi,Risiko ketidakstabilan pesisir relatif tinggi.,mangrove-priority-2016-2025-v0.1
1375,25,MPR-58DE4AA4C2,Suka Damai,Rupat Utara,Bengkalis,0.11,P4,Perlindungan pantai dahulu,63.6,65,85,77,tinggi,Risiko ketidakstabilan pesisir relatif tinggi.,mangrove-priority-2016-2025-v0.1
1376,26,MPR-D212BDC417,Suka Damai,Rupat Utara,Bengkalis,0.11,P4,Perlindungan pantai dahulu,63.6,65,85,77,tinggi,Risiko ketidakstabilan pesisir relatif tinggi.,mangrove-priority-2016-2025-v0.1
1377,27,MPR-E343F3CBAF,Suka Damai,Rupat Utara,Bengkalis,0.11,P4,Perlindungan pantai dahulu,63.6,65,85,77,tinggi,Risiko ketidakstabilan pesisir relatif tinggi.,mangrove-priority-2016-2025-v0.1
1378,28,MPR-0028DE23D0,Suka Damai,Rupat Utara,Bengkalis,0.1,P4,Perlindungan pantai dahulu,63.6,65,85,77,tinggi,Risiko ketidakstabilan pesisir relatif tinggi.,mangrove-priority-2016-2025-v0.1
1379,29,MPR-0A005F05E7,Suka Damai,Rupat Utara,Bengkalis,0.1,P4,Perlindungan pantai dahulu,63.6,65,85,77,tinggi,Risiko ketidakstabilan pesisir relatif tinggi.,mangrove-priority-2016-2025-v0.1
1380,30,MPR-150B8039E7,Suka Damai,Rupat Utara,Bengkalis,0.1,P4,Perlindungan pantai dahulu,63.6,65,85,77,tinggi,Risiko ketidakstabilan pesisir relatif tinggi.,mangrove-priority-2016-2025-v0.1
1381,31,MPR-262CB13AD4,Suka Damai,Rupat Utara,Bengkalis,0.1,P4,Perlindungan pantai dahulu,63.6,65,85,77,tinggi,Risiko ketidakstabilan pesisir relatif tinggi.,mangrove-priority-2016-2025-v0.1
1382,32,MPR-7650296AEB,Suka Damai,Rupat Utara,Bengkalis,0.1,P4,Perlindungan pantai dahulu,63.6,65,85,77,tinggi,Risiko ketidakstabilan pesisir relatif tinggi.,mangrove-priority-2016-2025-v0.1
1383,33,MPR-83161BD7F0,Suka Damai,Rupat Utara,Bengkalis,0.1,P4,Perlindungan pantai dahulu,63.6,65,85,77,tinggi,Risiko ketidakstabilan pesisir relatif tinggi.,mangrove-priority-2016-2025-v0.1
1384,34,MPR-9BFB5F82CA,Suka Damai,Rupat Utara,Bengkalis,0.1,P4,Perlindungan pantai dahulu,63.6,65,85,77,tinggi,Risiko ketidakstabilan pesisir relatif tinggi.,mangrove-priority-2016-2025-v0.1
1385,35,MPR-B8DDBB6461,Suka Damai,Rupat Utara,Bengkalis,0.1,P4,Perlindungan pantai dahulu,63.6,65,85,77,tinggi,Risiko ketidakstabilan pesisir relatif tinggi.,mangrove-priority-2016-2025-v0.1
1386,36,MPR-EB82B4BDAF,Suka Damai,Rupat Utara,Bengkalis,0.1,P4,Perlindungan pantai dahulu,63.6,65,85,77,tinggi,Risiko ketidakstabilan pesisir relatif tinggi.,mangrove-priority-2016-2025-v0.1
1387,37,MPR-F67A6DA19F,Suka Damai,Rupat Utara,Bengkalis,0.1,P4,Perlindungan pantai dahulu,63.6,65,85,77,tinggi,Risiko ketidakstabilan pesisir relatif tinggi.,mangrove-priority-2016-2025-v0.1
1388,38,MPR-F725A0C275,Suka Damai,Rupat Utara,Bengkalis,0.1,P4,Perlindungan pantai dahulu,63.6,65,85,77,tinggi,Risiko ketidakstabilan pesisir relatif tinggi.,mangrove-priority-2016-2025-v0.1
1389,39,MPR-55871615D8,Suka Damai,Rupat Utara,Bengkalis,0.092,P4,Perlindungan pantai dahulu,63.6,65,85,77,tinggi,Risiko ketidakstabilan pesisir relatif tinggi.,mangrove-priority-2016-2025-v0.1
1390,40,MPR-485F8D7806,Suka Damai,Rupat Utara,Bengkalis,0.09,P4,Perlindungan pantai dahulu,63.6,65,85,77,tinggi,Risiko ketidakstabilan pesisir relatif tinggi.,mangrove-priority-2016-2025-v0.1
1391,41,MPR-FF06218AF5,Suka Damai,Rupat Utara,Bengkalis,0.09,P4,Perlindungan pantai dahulu,63.6,65,85,77,tinggi,Risiko ketidakstabilan pesisir relatif tinggi.,mangrove-priority-2016-2025-v0.1
1392,42,MPR-E60348D1E9,Suka Damai,Rupat Utara,Bengkalis,0.088,P4,Perlindungan pantai dahulu,63.6,65,85,77,tinggi,Risiko ketidakstabilan pesisir relatif tinggi.,mangrove-priority-2016-2025-v0.1
1393,43,MPR-7FB68F0F0C,Suka Damai,Rupat Utara,Bengkalis,0.082,P4,Perlindungan pantai dahulu,63.6,65,85,77,tinggi,Risiko ketidakstabilan pesisir relatif tinggi.,mangrove-priority-2016-2025-v0.1
1394,44,MPR-17FBC4B531,Suka Damai,Rupat Utara,Bengkalis,0.08,P4,Perlindungan pantai dahulu,63.6,65,85,77,tinggi,Risiko ketidakstabilan pesisir relatif tinggi.,mangrove-priority-2016-2025-v0.1
1395,45,MPR-1BE3F73A4D,Suka Damai,Rupat Utara,Bengkalis,0.08,P4,Perlindungan pantai dahulu,63.6,65,85,77,tinggi,Risiko ketidakstabilan pesisir relatif tinggi.,mangrove-priority-2016-2025-v0.1
1396,46,MPR-346EF36EFA,Suka Damai,Rupat Utara,Bengkalis,0.08,P4,Perlindungan pantai dahulu,63.6,65,85,77,tinggi,Risiko ketidakstabilan pesisir relatif tinggi.,mangrove-priority-2016-2025-v0.1
1397,47,MPR-3C76818E59,Suka Damai,Rupat Utara,Bengkalis,0.08,P4,Perlindungan pantai dahulu,63.6,65,85,77,tinggi,Risiko ketidakstabilan pesisir relatif tinggi.,mangrove-priority-2016-2025-v0.1
1398,48,MPR-8A1198ACEC,Suka Damai,Rupat Utara,Bengkalis,0.08,P4,Perlindungan pantai dahulu,63.6,65,85,77,tinggi,Risiko ketidakstabilan pesisir relatif tinggi.,mangrove-priority-2016-2025-v0.1
1399,49,MPR-92361BCE9F,Suka Damai,Rupat Utara,Bengkalis,0.08,P4,Perlindungan pantai dahulu,63.6,65,85,77,tinggi,Risiko ketidakstabilan pesisir relatif tinggi.,mangrove-priority-2016-2025-v0.1
1400,50,MPR-A96DB41F4D,Suka Damai,Rupat Utara,Bengkalis,0.08,P4,Perlindungan pantai dahulu,63.6,65,85,77,tinggi,Risiko ketidakstabilan pesisir relatif tinggi.,mangrove-priority-2016-2025-v0.1
1401,51,MPR-AF34552BAC,Suka Damai,Rupat Utara,Bengkalis,0.08,P4,Perlindungan pantai dahulu,63.6,65,85,77,tinggi,Risiko ketidakstabilan pesisir relatif tinggi.,mangrove-priority-2016-2025-v0.1
1402,52,MPR-C8885CEA73,Suka Damai,Rupat Utara,Bengkalis,0.08,P4,Perlindungan pantai dahulu,63.6,65,85,77,tinggi,Risiko ketidakstabilan pesisir relatif tinggi.,mangrove-priority-2016-2025-v0.1
1403,53,MPR-C980167DA0,Suka Damai,Rupat Utara,Bengkalis,0.08,P4,Perlindungan pantai dahulu,63.6,65,85,77,tinggi,Risiko ketidakstabilan pesisir relatif tinggi.,mangrove-priority-2016-2025-v0.1
1404,54,MPR-D714D10D56,Suka Damai,Rupat Utara,Bengkalis,0.08,P4,Perlindungan pantai dahulu,63.6,65,85,77,tinggi,Risiko ketidakstabilan pesisir relatif tinggi.,mangrove-priority-2016-2025-v0.1
1405,55,MPR-E8F951B160,Suka Damai,Rupat Utara,Bengkalis,0.08,P4,Perlindungan pantai dahulu,63.6,65,85,77,tinggi,Risiko ketidakstabilan pesisir relatif tinggi.,mangrove-priority-2016-2025-v0.1
1406,56,MPR-F74C58966F,Suka Damai,Rupat Utara,Bengkalis,0.08,P4,Perlindungan pantai dahulu,63.6,65,85,77,tinggi,Risiko ketidakstabilan pesisir relatif tinggi.,mangrove-priority-2016-2025-v0.1
1407,57,MPR-36E890337C,Suka Damai,Rupat Utara,Bengkalis,0.073,P4,Perlindungan pantai dahulu,63.6,65,85,77,tinggi,Risiko ketidakstabilan pesisir relatif tinggi.,mangrove-priority-2016-2025-v0.1
1408,58,MPR-704889659F,Suka Damai,Rupat Utara,Bengkalis,0.062,P4,Perlindungan pantai dahulu,63.6,65,85,77,tinggi,Risiko ketidakstabilan pesisir relatif tinggi.,mangrove-priority-2016-2025-v0.1
1409,59,MPR-15D6280977,Suka Damai,Rupat Utara,Bengkalis,0.05,X,Tidak direkomendasikan,63.6,65,85,77,tinggi,Area terlalu kecil dan terisolasi untuk diprioritaskan.,mangrove-priority-2016-2025-v0.1
1410,60,MPR-1B5BE6F7D2,Suka Damai,Rupat Utara,Bengkalis,0.05,P4,Perlindungan pantai dahulu,63.6,65,85,77,tinggi,Risiko ketidakstabilan pesisir relatif tinggi.,mangrove-priority-2016-2025-v0.1
1411,61,MPR-29DC8F564B,Suka Damai,Rupat Utara,Bengkalis,0.05,P4,Perlindungan pantai dahulu,63.6,65,85,77,tinggi,Risiko ketidakstabilan pesisir relatif tinggi.,mangrove-priority-2016-2025-v0.1
1412,62,MPR-5ECC135E7D,Suka Damai,Rupat Utara,Bengkalis,0.05,P4,Perlindungan pantai dahulu,63.6,65,85,77,tinggi,Risiko ketidakstabilan pesisir relatif tinggi.,mangrove-priority-2016-2025-v0.1
1413,63,MPR-72F79327E3,Suka Damai,Rupat Utara,Bengkalis,0.05,P4,Perlindungan pantai dahulu,63.6,65,85,77,tinggi,Risiko ketidakstabilan pesisir relatif tinggi.,mangrove-priority-2016-2025-v0.1
1414,64,MPR-7B11ABB819,Suka Damai,Rupat Utara,Bengkalis,0.05,P4,Perlindungan pantai dahulu,63.6,65,85,77,tinggi,Risiko ketidakstabilan pesisir relatif tinggi.,mangrove-priority-2016-2025-v0.1
1415,65,MPR-7F92F4FB05,Suka Damai,Rupat Utara,Bengkalis,0.05,P4,Perlindungan pantai dahulu,63.6,65,85,77,tinggi,Risiko ketidakstabilan pesisir relatif tinggi.,mangrove-priority-2016-2025-v0.1
1416,66,MPR-C7A28D8937,Suka Damai,Rupat Utara,Bengkalis,0.05,P4,Perlindungan pantai dahulu,63.6,65,85,77,tinggi,Risiko ketidakstabilan pesisir relatif tinggi.,mangrove-priority-2016-2025-v0.1
1417,67,MPR-C7AC4532E8,Suka Damai,Rupat Utara,Bengkalis,0.05,P4,Perlindungan pantai dahulu,63.6,65,85,77,tinggi,Risiko ketidakstabilan pesisir relatif tinggi.,mangrove-priority-2016-2025-v0.1
1418,68,MPR-DDF7DDC5E3,Suka Damai,Rupat Utara,Bengkalis,0.05,P4,Perlindungan pantai dahulu,63.6,65,85,77,tinggi,Risiko ketidakstabilan pesisir relatif tinggi.,mangrove-priority-2016-2025-v0.1
1419,69,MPR-F25309BDCF,Suka Damai,Rupat Utara,Bengkalis,0.05,P4,Perlindungan pantai dahulu,63.6,65,85,77,tinggi,Risiko ketidakstabilan pesisir relatif tinggi.,mangrove-priority-2016-2025-v0.1
1420,85,MPR-69F077ACED,Sepahat,Bandar Laksamana,Bengkalis,1.78,P2,Regenerasi alami terbantu,63.5,58,83,58,tinggi,Kondisi biofisik relatif mendukung pemulihan vegetasi.,mangrove-priority-2016-2025-v0.1
1421,2,MPR-278B709BF9,Bantan Sari,Bantan,Bengkalis,1.0,P2,Regenerasi alami terbantu,63.5,43,84,26,sedang,Kondisi biofisik relatif mendukung pemulihan vegetasi.,mangrove-priority-2016-2025-v0.1
1422,70,MPR-7F251773FF,Suka Damai,Rupat Utara,Bengkalis,0.82,P4,Perlindungan pantai dahulu,63.5,66,84,78,tinggi,Risiko ketidakstabilan pesisir relatif tinggi.,mangrove-priority-2016-2025-v0.1
1423,71,MPR-9D8FC61672,Suka Damai,Rupat Utara,Bengkalis,0.82,P4,Perlindungan pantai dahulu,63.5,66,84,78,tinggi,Risiko ketidakstabilan pesisir relatif tinggi.,mangrove-priority-2016-2025-v0.1
1424,72,MPR-78D3015874,Suka Damai,Rupat Utara,Bengkalis,0.735,P4,Perlindungan pantai dahulu,63.5,66,84,78,tinggi,Risiko ketidakstabilan pesisir relatif tinggi.,mangrove-priority-2016-2025-v0.1
1425,73,MPR-9C3C25EDB0,Suka Damai,Rupat Utara,Bengkalis,0.68,P4,Perlindungan pantai dahulu,63.5,66,84,78,tinggi,Risiko ketidakstabilan pesisir relatif tinggi.,mangrove-priority-2016-2025-v0.1
1426,74,MPR-636E439FF8,Suka Damai,Rupat Utara,Bengkalis,0.64,P4,Perlindungan pantai dahulu,63.5,66,84,78,tinggi,Risiko ketidakstabilan pesisir relatif tinggi.,mangrove-priority-2016-2025-v0.1
1427,75,MPR-DF20B8C3B6,Suka Damai,Rupat Utara,Bengkalis,0.58,P4,Perlindungan pantai dahulu,63.5,66,84,78,tinggi,Risiko ketidakstabilan pesisir relatif tinggi.,mangrove-priority-2016-2025-v0.1
1428,76,MPR-F73363896D,Suka Damai,Rupat Utara,Bengkalis,0.57,P4,Perlindungan pantai dahulu,63.5,66,84,78,tinggi,Risiko ketidakstabilan pesisir relatif tinggi.,mangrove-priority-2016-2025-v0.1
1429,77,MPR-E05FD14D7E,Suka Damai,Rupat Utara,Bengkalis,0.529,P4,Perlindungan pantai dahulu,63.5,66,84,78,tinggi,Risiko ketidakstabilan pesisir relatif tinggi.,mangrove-priority-2016-2025-v0.1
1430,78,MPR-B5B6EA85F2,Suka Damai,Rupat Utara,Bengkalis,0.52,P4,Perlindungan pantai dahulu,63.5,66,84,78,tinggi,Risiko ketidakstabilan pesisir relatif tinggi.,mangrove-priority-2016-2025-v0.1
1431,79,MPR-2A7B5ECC11,Suka Damai,Rupat Utara,Bengkalis,0.49,P4,Perlindungan pantai dahulu,63.5,66,84,78,tinggi,Risiko ketidakstabilan pesisir relatif tinggi.,mangrove-priority-2016-2025-v0.1
1432,1,MPR-2A6D7B81B6,Ketam Putih,Bengkalis,Bengkalis,0.484,P2,Regenerasi alami terbantu,63.5,44,82,25,tinggi,Kondisi biofisik relatif mendukung pemulihan vegetasi.,mangrove-priority-2016-2025-v0.1
1433,80,MPR-FB8DAAB696,Suka Damai,Rupat Utara,Bengkalis,0.48,P4,Perlindungan pantai dahulu,63.5,66,84,78,tinggi,Risiko ketidakstabilan pesisir relatif tinggi.,mangrove-priority-2016-2025-v0.1
1434,81,MPR-1954F0BAD7,Suka Damai,Rupat Utara,Bengkalis,0.47,P4,Perlindungan pantai dahulu,63.5,66,84,78,tinggi,Risiko ketidakstabilan pesisir relatif tinggi.,mangrove-priority-2016-2025-v0.1
1435,2,MPR-56BB62CFCA,Ketam Putih,Bengkalis,Bengkalis,0.46,P2,Regenerasi alami terbantu,63.5,44,82,25,tinggi,Kondisi biofisik relatif mendukung pemulihan vegetasi.,mangrove-priority-2016-2025-v0.1
1436,82,MPR-0E72883D5D,Suka Damai,Rupat Utara,Bengkalis,0.45,P4,Perlindungan pantai dahulu,63.5,66,84,78,tinggi,Risiko ketidakstabilan pesisir relatif tinggi.,mangrove-priority-2016-2025-v0.1
1437,83,MPR-5873002B2B,Suka Damai,Rupat Utara,Bengkalis,0.439,P4,Perlindungan pantai dahulu,63.5,66,84,78,tinggi,Risiko ketidakstabilan pesisir relatif tinggi.,mangrove-priority-2016-2025-v0.1
1438,84,MPR-BECC243B46,Suka Damai,Rupat Utara,Bengkalis,0.42,P4,Perlindungan pantai dahulu,63.5,66,84,78,tinggi,Risiko ketidakstabilan pesisir relatif tinggi.,mangrove-priority-2016-2025-v0.1
1439,126,MPR-6B024D9C6F,Darul Aman,Rupat,Bengkalis,6.01,P2,Regenerasi alami terbantu,63.4,64,77,62,tinggi,Kondisi biofisik relatif mendukung pemulihan vegetasi.,mangrove-priority-2016-2025-v0.1
1440,85,MPR-235297B168,Suka Damai,Rupat Utara,Bengkalis,1.43,P4,Perlindungan pantai dahulu,63.4,67,83,79,tinggi,Risiko ketidakstabilan pesisir relatif tinggi.,mangrove-priority-2016-2025-v0.1
1441,86,MPR-D19A28C75D,Suka Damai,Rupat Utara,Bengkalis,1.38,P4,Perlindungan pantai dahulu,63.4,67,83,79,tinggi,Risiko ketidakstabilan pesisir relatif tinggi.,mangrove-priority-2016-2025-v0.1
1442,87,MPR-D263093379,Suka Damai,Rupat Utara,Bengkalis,1.361,P4,Perlindungan pantai dahulu,63.4,67,83,79,tinggi,Risiko ketidakstabilan pesisir relatif tinggi.,mangrove-priority-2016-2025-v0.1
1443,88,MPR-B68E7736D2,Suka Damai,Rupat Utara,Bengkalis,1.32,P4,Perlindungan pantai dahulu,63.4,67,83,79,tinggi,Risiko ketidakstabilan pesisir relatif tinggi.,mangrove-priority-2016-2025-v0.1
1444,89,MPR-DE4360CB2B,Suka Damai,Rupat Utara,Bengkalis,1.3,P4,Perlindungan pantai dahulu,63.4,67,83,79,tinggi,Risiko ketidakstabilan pesisir relatif tinggi.,mangrove-priority-2016-2025-v0.1
1445,86,MPR-BD00F9BA36,Sepahat,Bandar Laksamana,Bengkalis,0.396,P2,Regenerasi alami terbantu,63.4,56,84,56,tinggi,Kondisi biofisik relatif mendukung pemulihan vegetasi.,mangrove-priority-2016-2025-v0.1
1446,87,MPR-09D343BE86,Sepahat,Bandar Laksamana,Bengkalis,0.38,P2,Regenerasi alami terbantu,63.4,56,84,56,tinggi,Kondisi biofisik relatif mendukung pemulihan vegetasi.,mangrove-priority-2016-2025-v0.1
1447,3,MPR-3C7BE05531,Ketam Putih,Bengkalis,Bengkalis,0.35,P2,Regenerasi alami terbantu,63.4,43,83,25,tinggi,Kondisi biofisik relatif mendukung pemulihan vegetasi.,mangrove-priority-2016-2025-v0.1
1448,90,MPR-7C2AA944A2,Suka Damai,Rupat Utara,Bengkalis,0.343,P4,Perlindungan pantai dahulu,63.4,65,85,78,tinggi,Risiko ketidakstabilan pesisir relatif tinggi.,mangrove-priority-2016-2025-v0.1
1449,91,MPR-AE8DEA8464,Suka Damai,Rupat Utara,Bengkalis,0.34,P4,Perlindungan pantai dahulu,63.4,65,85,78,tinggi,Risiko ketidakstabilan pesisir relatif tinggi.,mangrove-priority-2016-2025-v0.1
1450,92,MPR-E4A445BF8A,Suka Damai,Rupat Utara,Bengkalis,0.332,P4,Perlindungan pantai dahulu,63.4,65,85,78,tinggi,Risiko ketidakstabilan pesisir relatif tinggi.,mangrove-priority-2016-2025-v0.1
1451,93,MPR-1C7F623BED,Suka Damai,Rupat Utara,Bengkalis,0.32,P4,Perlindungan pantai dahulu,63.4,65,85,78,tinggi,Risiko ketidakstabilan pesisir relatif tinggi.,mangrove-priority-2016-2025-v0.1
1452,94,MPR-FFE6935C23,Suka Damai,Rupat Utara,Bengkalis,0.308,P4,Perlindungan pantai dahulu,63.4,65,85,78,tinggi,Risiko ketidakstabilan pesisir relatif tinggi.,mangrove-priority-2016-2025-v0.1
1453,95,MPR-871FE7E3BA,Suka Damai,Rupat Utara,Bengkalis,0.3,P4,Perlindungan pantai dahulu,63.4,65,85,78,tinggi,Risiko ketidakstabilan pesisir relatif tinggi.,mangrove-priority-2016-2025-v0.1
1454,96,MPR-ECD5A9FBD5,Suka Damai,Rupat Utara,Bengkalis,0.291,P4,Perlindungan pantai dahulu,63.4,65,85,78,tinggi,Risiko ketidakstabilan pesisir relatif tinggi.,mangrove-priority-2016-2025-v0.1
1455,97,MPR-156A01B2EB,Suka Damai,Rupat Utara,Bengkalis,0.29,P4,Perlindungan pantai dahulu,63.4,65,85,78,tinggi,Risiko ketidakstabilan pesisir relatif tinggi.,mangrove-priority-2016-2025-v0.1
1456,98,MPR-254F4351D3,Suka Damai,Rupat Utara,Bengkalis,0.29,P4,Perlindungan pantai dahulu,63.4,65,85,78,tinggi,Risiko ketidakstabilan pesisir relatif tinggi.,mangrove-priority-2016-2025-v0.1
1457,4,MPR-E80501F73C,Ketam Putih,Bengkalis,Bengkalis,0.28,P2,Regenerasi alami terbantu,63.4,43,83,25,tinggi,Kondisi biofisik relatif mendukung pemulihan vegetasi.,mangrove-priority-2016-2025-v0.1
1458,5,MPR-06B6A8455B,Ketam Putih,Bengkalis,Bengkalis,0.27,P2,Regenerasi alami terbantu,63.4,43,83,25,tinggi,Kondisi biofisik relatif mendukung pemulihan vegetasi.,mangrove-priority-2016-2025-v0.1
1459,99,MPR-7CA9B607B8,Suka Damai,Rupat Utara,Bengkalis,0.25,P4,Perlindungan pantai dahulu,63.4,65,85,78,tinggi,Risiko ketidakstabilan pesisir relatif tinggi.,mangrove-priority-2016-2025-v0.1
1460,100,MPR-C4CACC6578,Suka Damai,Rupat Utara,Bengkalis,0.25,P4,Perlindungan pantai dahulu,63.4,65,85,78,tinggi,Risiko ketidakstabilan pesisir relatif tinggi.,mangrove-priority-2016-2025-v0.1
1461,101,MPR-9F49F91C6C,Suka Damai,Rupat Utara,Bengkalis,0.247,P4,Perlindungan pantai dahulu,63.4,65,85,78,tinggi,Risiko ketidakstabilan pesisir relatif tinggi.,mangrove-priority-2016-2025-v0.1
1462,102,MPR-9A029A03D2,Suka Damai,Rupat Utara,Bengkalis,0.24,P4,Perlindungan pantai dahulu,63.4,65,85,78,tinggi,Risiko ketidakstabilan pesisir relatif tinggi.,mangrove-priority-2016-2025-v0.1
1463,103,MPR-B8C07A85FF,Suka Damai,Rupat Utara,Bengkalis,0.24,P4,Perlindungan pantai dahulu,63.4,65,85,78,tinggi,Risiko ketidakstabilan pesisir relatif tinggi.,mangrove-priority-2016-2025-v0.1
1464,104,MPR-C993F162CE,Suka Damai,Rupat Utara,Bengkalis,0.22,P4,Perlindungan pantai dahulu,63.4,65,85,78,tinggi,Risiko ketidakstabilan pesisir relatif tinggi.,mangrove-priority-2016-2025-v0.1
1465,105,MPR-D7A258C194,Suka Damai,Rupat Utara,Bengkalis,0.22,P4,Perlindungan pantai dahulu,63.4,65,85,78,tinggi,Risiko ketidakstabilan pesisir relatif tinggi.,mangrove-priority-2016-2025-v0.1
1466,106,MPR-2AE914CF2D,Suka Damai,Rupat Utara,Bengkalis,0.21,P4,Perlindungan pantai dahulu,63.4,65,85,78,tinggi,Risiko ketidakstabilan pesisir relatif tinggi.,mangrove-priority-2016-2025-v0.1
1467,107,MPR-53D0800971,Suka Damai,Rupat Utara,Bengkalis,0.21,P4,Perlindungan pantai dahulu,63.4,65,85,78,tinggi,Risiko ketidakstabilan pesisir relatif tinggi.,mangrove-priority-2016-2025-v0.1
1468,108,MPR-AA5475EC17,Suka Damai,Rupat Utara,Bengkalis,0.2,P4,Perlindungan pantai dahulu,63.4,65,85,78,tinggi,Risiko ketidakstabilan pesisir relatif tinggi.,mangrove-priority-2016-2025-v0.1
1469,109,MPR-CCFC546AE2,Suka Damai,Rupat Utara,Bengkalis,0.2,P4,Perlindungan pantai dahulu,63.4,65,85,78,tinggi,Risiko ketidakstabilan pesisir relatif tinggi.,mangrove-priority-2016-2025-v0.1
1470,110,MPR-0ECD4C232F,Suka Damai,Rupat Utara,Bengkalis,0.19,P4,Perlindungan pantai dahulu,63.4,65,85,78,tinggi,Risiko ketidakstabilan pesisir relatif tinggi.,mangrove-priority-2016-2025-v0.1
1471,111,MPR-455F91FAD8,Suka Damai,Rupat Utara,Bengkalis,0.19,P4,Perlindungan pantai dahulu,63.4,65,85,78,tinggi,Risiko ketidakstabilan pesisir relatif tinggi.,mangrove-priority-2016-2025-v0.1
1472,112,MPR-5C56C621CE,Suka Damai,Rupat Utara,Bengkalis,0.19,P4,Perlindungan pantai dahulu,63.4,65,85,78,tinggi,Risiko ketidakstabilan pesisir relatif tinggi.,mangrove-priority-2016-2025-v0.1
1473,113,MPR-626C764E48,Suka Damai,Rupat Utara,Bengkalis,0.186,P4,Perlindungan pantai dahulu,63.4,65,85,78,tinggi,Risiko ketidakstabilan pesisir relatif tinggi.,mangrove-priority-2016-2025-v0.1
1474,114,MPR-0C1D0DBCEA,Suka Damai,Rupat Utara,Bengkalis,0.18,P4,Perlindungan pantai dahulu,63.4,65,85,78,tinggi,Risiko ketidakstabilan pesisir relatif tinggi.,mangrove-priority-2016-2025-v0.1
1475,115,MPR-0EF59624E9,Suka Damai,Rupat Utara,Bengkalis,0.18,P4,Perlindungan pantai dahulu,63.4,65,85,78,tinggi,Risiko ketidakstabilan pesisir relatif tinggi.,mangrove-priority-2016-2025-v0.1
1476,116,MPR-6C09080C9D,Suka Damai,Rupat Utara,Bengkalis,0.18,P4,Perlindungan pantai dahulu,63.4,65,85,78,tinggi,Risiko ketidakstabilan pesisir relatif tinggi.,mangrove-priority-2016-2025-v0.1
1477,117,MPR-88862A50F3,Suka Damai,Rupat Utara,Bengkalis,0.17,P4,Perlindungan pantai dahulu,63.4,65,85,78,tinggi,Risiko ketidakstabilan pesisir relatif tinggi.,mangrove-priority-2016-2025-v0.1
1478,6,MPR-8AD6F125CC,Ketam Putih,Bengkalis,Bengkalis,0.17,P2,Regenerasi alami terbantu,63.4,43,83,25,tinggi,Kondisi biofisik relatif mendukung pemulihan vegetasi.,mangrove-priority-2016-2025-v0.1
1479,118,MPR-CC00E6E440,Suka Damai,Rupat Utara,Bengkalis,0.17,P4,Perlindungan pantai dahulu,63.4,65,85,78,tinggi,Risiko ketidakstabilan pesisir relatif tinggi.,mangrove-priority-2016-2025-v0.1
1480,119,MPR-CE8EB68335,Suka Damai,Rupat Utara,Bengkalis,0.17,P4,Perlindungan pantai dahulu,63.4,65,85,78,tinggi,Risiko ketidakstabilan pesisir relatif tinggi.,mangrove-priority-2016-2025-v0.1
1481,7,MPR-957BE0D6C8,Ketam Putih,Bengkalis,Bengkalis,0.12,P2,Regenerasi alami terbantu,63.4,43,83,25,tinggi,Kondisi biofisik relatif mendukung pemulihan vegetasi.,mangrove-priority-2016-2025-v0.1
1482,8,MPR-C84FEB2DD8,Ketam Putih,Bengkalis,Bengkalis,0.12,P2,Regenerasi alami terbantu,63.4,43,83,25,tinggi,Kondisi biofisik relatif mendukung pemulihan vegetasi.,mangrove-priority-2016-2025-v0.1
1483,9,MPR-BFFCF1E511,Ketam Putih,Bengkalis,Bengkalis,0.103,P2,Regenerasi alami terbantu,63.4,43,83,25,tinggi,Kondisi biofisik relatif mendukung pemulihan vegetasi.,mangrove-priority-2016-2025-v0.1
1484,10,MPR-61925F553D,Ketam Putih,Bengkalis,Bengkalis,0.08,P2,Regenerasi alami terbantu,63.4,43,83,25,tinggi,Kondisi biofisik relatif mendukung pemulihan vegetasi.,mangrove-priority-2016-2025-v0.1
1485,120,MPR-10DDB9BCAB,Suka Damai,Rupat Utara,Bengkalis,2.153,P4,Perlindungan pantai dahulu,63.3,68,82,80,tinggi,Risiko ketidakstabilan pesisir relatif tinggi.,mangrove-priority-2016-2025-v0.1
1486,121,MPR-EE9201AE7F,Suka Damai,Rupat Utara,Bengkalis,2.11,P4,Perlindungan pantai dahulu,63.3,68,82,80,tinggi,Risiko ketidakstabilan pesisir relatif tinggi.,mangrove-priority-2016-2025-v0.1
1487,88,MPR-3E138161D7,Sepahat,Bandar Laksamana,Bengkalis,1.22,P2,Regenerasi alami terbantu,63.3,57,83,57,tinggi,Kondisi biofisik relatif mendukung pemulihan vegetasi.,mangrove-priority-2016-2025-v0.1
1488,89,MPR-1C12E94D3A,Sepahat,Bandar Laksamana,Bengkalis,1.163,P2,Regenerasi alami terbantu,63.3,57,83,57,tinggi,Kondisi biofisik relatif mendukung pemulihan vegetasi.,mangrove-priority-2016-2025-v0.1
1489,122,MPR-CB07887ACD,Suka Damai,Rupat Utara,Bengkalis,1.014,P4,Perlindungan pantai dahulu,63.3,66,84,79,tinggi,Risiko ketidakstabilan pesisir relatif tinggi.,mangrove-priority-2016-2025-v0.1
1490,123,MPR-CE3F048417,Suka Damai,Rupat Utara,Bengkalis,0.93,P4,Perlindungan pantai dahulu,63.3,66,84,79,tinggi,Risiko ketidakstabilan pesisir relatif tinggi.,mangrove-priority-2016-2025-v0.1
1491,124,MPR-2DCBDD2657,Suka Damai,Rupat Utara,Bengkalis,0.92,P4,Perlindungan pantai dahulu,63.3,66,84,79,tinggi,Risiko ketidakstabilan pesisir relatif tinggi.,mangrove-priority-2016-2025-v0.1
1492,11,MPR-A14D1B96C6,Ketam Putih,Bengkalis,Bengkalis,0.92,P2,Regenerasi alami terbantu,63.3,44,82,26,tinggi,Kondisi biofisik relatif mendukung pemulihan vegetasi.,mangrove-priority-2016-2025-v0.1
1493,12,MPR-7ECD47C87E,Ketam Putih,Bengkalis,Bengkalis,0.871,P2,Regenerasi alami terbantu,63.3,44,82,26,tinggi,Kondisi biofisik relatif mendukung pemulihan vegetasi.,mangrove-priority-2016-2025-v0.1
1494,13,MPR-5791A69378,Ketam Putih,Bengkalis,Bengkalis,0.831,P2,Regenerasi alami terbantu,63.3,44,82,26,tinggi,Kondisi biofisik relatif mendukung pemulihan vegetasi.,mangrove-priority-2016-2025-v0.1
1495,90,MPR-A2D129C545,Sepahat,Bandar Laksamana,Bengkalis,3.76,P2,Regenerasi alami terbantu,63.2,61,80,61,tinggi,Kondisi biofisik relatif mendukung pemulihan vegetasi.,mangrove-priority-2016-2025-v0.1
1496,7,MPR-71FC200906,Sei Alam,Bengkalis,Bengkalis,3.33,P2,Regenerasi alami terbantu,63.2,48,79,30,tinggi,Kondisi biofisik relatif mendukung pemulihan vegetasi.,mangrove-priority-2016-2025-v0.1
1497,8,MPR-8CF21D1F5A,Sei Alam,Bengkalis,Bengkalis,3.23,P2,Regenerasi alami terbantu,63.2,48,79,30,tinggi,Kondisi biofisik relatif mendukung pemulihan vegetasi.,mangrove-priority-2016-2025-v0.1
1498,91,MPR-245C7F9194,Sepahat,Bandar Laksamana,Bengkalis,2.02,P2,Regenerasi alami terbantu,63.2,58,82,58,tinggi,Kondisi biofisik relatif mendukung pemulihan vegetasi.,mangrove-priority-2016-2025-v0.1
1499,92,MPR-7BF5AB2B94,Sepahat,Bandar Laksamana,Bengkalis,1.82,P2,Regenerasi alami terbantu,63.2,58,82,58,tinggi,Kondisi biofisik relatif mendukung pemulihan vegetasi.,mangrove-priority-2016-2025-v0.1
1500,125,MPR-0208F5C1DF,Suka Damai,Rupat Utara,Bengkalis,1.72,P4,Perlindungan pantai dahulu,63.2,67,83,80,tinggi,Risiko ketidakstabilan pesisir relatif tinggi.,mangrove-priority-2016-2025-v0.1
1501,126,MPR-04A00EAD47,Suka Damai,Rupat Utara,Bengkalis,1.68,P4,Perlindungan pantai dahulu,63.2,67,83,80,tinggi,Risiko ketidakstabilan pesisir relatif tinggi.,mangrove-priority-2016-2025-v0.1
1502,127,MPR-3553B2E0DC,Suka Damai,Rupat Utara,Bengkalis,1.68,P4,Perlindungan pantai dahulu,63.2,67,83,80,tinggi,Risiko ketidakstabilan pesisir relatif tinggi.,mangrove-priority-2016-2025-v0.1
1503,128,MPR-5AA5C5925F,Suka Damai,Rupat Utara,Bengkalis,2.2,P4,Perlindungan pantai dahulu,63.1,68,82,81,tinggi,Risiko ketidakstabilan pesisir relatif tinggi.,mangrove-priority-2016-2025-v0.1
1504,1,MPR-17211D215D,Simpang Ayam,Bengkalis,Bengkalis,0.15,P4,Perlindungan pantai dahulu,63.1,64,85,77,tinggi,Risiko ketidakstabilan pesisir relatif tinggi.,mangrove-priority-2016-2025-v0.1
1505,2,MPR-6710FF7749,Simpang Ayam,Bengkalis,Bengkalis,0.14,P4,Perlindungan pantai dahulu,63.1,64,85,77,tinggi,Risiko ketidakstabilan pesisir relatif tinggi.,mangrove-priority-2016-2025-v0.1
1506,3,MPR-A50350B84D,Simpang Ayam,Bengkalis,Bengkalis,0.11,P4,Perlindungan pantai dahulu,63.1,64,85,77,tinggi,Risiko ketidakstabilan pesisir relatif tinggi.,mangrove-priority-2016-2025-v0.1
1507,4,MPR-8D1B7483A2,Simpang Ayam,Bengkalis,Bengkalis,0.1,P4,Perlindungan pantai dahulu,63.1,64,85,77,tinggi,Risiko ketidakstabilan pesisir relatif tinggi.,mangrove-priority-2016-2025-v0.1
1508,5,MPR-26C58EF50E,Simpang Ayam,Bengkalis,Bengkalis,0.08,P4,Perlindungan pantai dahulu,63.1,64,85,77,tinggi,Risiko ketidakstabilan pesisir relatif tinggi.,mangrove-priority-2016-2025-v0.1
1509,6,MPR-8D88AE8482,Simpang Ayam,Bengkalis,Bengkalis,0.08,P4,Perlindungan pantai dahulu,63.1,64,85,77,tinggi,Risiko ketidakstabilan pesisir relatif tinggi.,mangrove-priority-2016-2025-v0.1
1510,7,MPR-E8E47A9483,Simpang Ayam,Bengkalis,Bengkalis,0.08,P4,Perlindungan pantai dahulu,63.1,64,85,77,tinggi,Risiko ketidakstabilan pesisir relatif tinggi.,mangrove-priority-2016-2025-v0.1
1511,8,MPR-27B41A2E22,Simpang Ayam,Bengkalis,Bengkalis,0.05,P4,Perlindungan pantai dahulu,63.1,64,85,77,tinggi,Risiko ketidakstabilan pesisir relatif tinggi.,mangrove-priority-2016-2025-v0.1
1512,62,MPR-AED4835707,Batang Duku,Bukit Batu,Bengkalis,9.62,P4,Perlindungan pantai dahulu,63.0,75,72,80,tinggi,Risiko ketidakstabilan pesisir relatif tinggi.,mangrove-priority-2016-2025-v0.1
1513,93,MPR-E0FF8C488F,Sepahat,Bandar Laksamana,Bengkalis,3.252,P2,Regenerasi alami terbantu,63.0,60,80,60,tinggi,Kondisi biofisik relatif mendukung pemulihan vegetasi.,mangrove-priority-2016-2025-v0.1
1514,129,MPR-7DC87AF3BF,Suka Damai,Rupat Utara,Bengkalis,3.1,P4,Perlindungan pantai dahulu,63.0,69,81,82,tinggi,Risiko ketidakstabilan pesisir relatif tinggi.,mangrove-priority-2016-2025-v0.1
1515,130,MPR-75E5779982,Suka Damai,Rupat Utara,Bengkalis,3.03,P4,Perlindungan pantai dahulu,63.0,69,81,82,tinggi,Risiko ketidakstabilan pesisir relatif tinggi.,mangrove-priority-2016-2025-v0.1
1516,131,MPR-DC8E778183,Suka Damai,Rupat Utara,Bengkalis,3.0,P4,Perlindungan pantai dahulu,63.0,69,81,82,tinggi,Risiko ketidakstabilan pesisir relatif tinggi.,mangrove-priority-2016-2025-v0.1
1517,132,MPR-315F5272DD,Suka Damai,Rupat Utara,Bengkalis,1.19,P4,Perlindungan pantai dahulu,63.0,66,83,79,tinggi,Risiko ketidakstabilan pesisir relatif tinggi.,mangrove-priority-2016-2025-v0.1
1518,133,MPR-339333ADCE,Suka Damai,Rupat Utara,Bengkalis,1.18,P4,Perlindungan pantai dahulu,63.0,66,83,79,tinggi,Risiko ketidakstabilan pesisir relatif tinggi.,mangrove-priority-2016-2025-v0.1
1519,9,MPR-AA5BA88A5C,Simpang Ayam,Bengkalis,Bengkalis,0.77,P4,Perlindungan pantai dahulu,63.0,65,84,78,tinggi,Risiko ketidakstabilan pesisir relatif tinggi.,mangrove-priority-2016-2025-v0.1
1520,10,MPR-07CCEF7226,Simpang Ayam,Bengkalis,Bengkalis,0.75,P4,Perlindungan pantai dahulu,63.0,65,84,78,tinggi,Risiko ketidakstabilan pesisir relatif tinggi.,mangrove-priority-2016-2025-v0.1
1521,11,MPR-88CCDD6443,Simpang Ayam,Bengkalis,Bengkalis,0.66,P4,Perlindungan pantai dahulu,63.0,65,84,78,tinggi,Risiko ketidakstabilan pesisir relatif tinggi.,mangrove-priority-2016-2025-v0.1
1522,12,MPR-A447EACBB3,Simpang Ayam,Bengkalis,Bengkalis,0.43,P4,Perlindungan pantai dahulu,63.0,65,84,78,tinggi,Risiko ketidakstabilan pesisir relatif tinggi.,mangrove-priority-2016-2025-v0.1
1523,134,MPR-51C3A5AC11,Suka Damai,Rupat Utara,Bengkalis,0.41,P4,Perlindungan pantai dahulu,63.0,65,84,78,tinggi,Risiko ketidakstabilan pesisir relatif tinggi.,mangrove-priority-2016-2025-v0.1
1524,135,MPR-9D8C9B296B,Suka Damai,Rupat Utara,Bengkalis,0.41,P4,Perlindungan pantai dahulu,63.0,65,84,78,tinggi,Risiko ketidakstabilan pesisir relatif tinggi.,mangrove-priority-2016-2025-v0.1
1525,136,MPR-BA1D3AE6D8,Suka Damai,Rupat Utara,Bengkalis,0.41,P4,Perlindungan pantai dahulu,63.0,65,84,78,tinggi,Risiko ketidakstabilan pesisir relatif tinggi.,mangrove-priority-2016-2025-v0.1
1526,137,MPR-55C57F408B,Suka Damai,Rupat Utara,Bengkalis,0.39,P4,Perlindungan pantai dahulu,63.0,65,84,78,tinggi,Risiko ketidakstabilan pesisir relatif tinggi.,mangrove-priority-2016-2025-v0.1
1527,138,MPR-7741355F76,Suka Damai,Rupat Utara,Bengkalis,0.39,P4,Perlindungan pantai dahulu,63.0,65,84,78,tinggi,Risiko ketidakstabilan pesisir relatif tinggi.,mangrove-priority-2016-2025-v0.1
1528,139,MPR-14AF8D23BD,Suka Damai,Rupat Utara,Bengkalis,0.38,P4,Perlindungan pantai dahulu,63.0,65,84,78,tinggi,Risiko ketidakstabilan pesisir relatif tinggi.,mangrove-priority-2016-2025-v0.1
1529,140,MPR-0BCDCC16D8,Suka Damai,Rupat Utara,Bengkalis,0.36,P4,Perlindungan pantai dahulu,63.0,65,84,78,tinggi,Risiko ketidakstabilan pesisir relatif tinggi.,mangrove-priority-2016-2025-v0.1
1530,141,MPR-1D3741E252,Suka Damai,Rupat Utara,Bengkalis,0.36,P4,Perlindungan pantai dahulu,63.0,65,84,78,tinggi,Risiko ketidakstabilan pesisir relatif tinggi.,mangrove-priority-2016-2025-v0.1
1531,16,MPR-1F2AB557EF,Tanjungpunak,Rupat Utara,Bengkalis,15.61,U,Data belum memadai,62.9,90,41,60,rendah,Keyakinan data rendah.,mangrove-priority-2016-2025-v0.1
1532,47,MPR-9A152C96DC,Sungaicingam,Rupat,Bengkalis,11.93,P4,Perlindungan pantai dahulu,62.9,74,68,71,tinggi,Risiko ketidakstabilan pesisir relatif tinggi.,mangrove-priority-2016-2025-v0.1
1533,142,MPR-469E5D1695,Suka Damai,Rupat Utara,Bengkalis,3.79,P4,Perlindungan pantai dahulu,62.9,70,80,83,tinggi,Risiko ketidakstabilan pesisir relatif tinggi.,mangrove-priority-2016-2025-v0.1
1534,143,MPR-234A1C6CDB,Suka Damai,Rupat Utara,Bengkalis,2.05,P4,Perlindungan pantai dahulu,62.9,67,82,80,tinggi,Risiko ketidakstabilan pesisir relatif tinggi.,mangrove-priority-2016-2025-v0.1
1535,144,MPR-006D14484A,Suka Damai,Rupat Utara,Bengkalis,2.046,P4,Perlindungan pantai dahulu,62.9,67,82,80,tinggi,Risiko ketidakstabilan pesisir relatif tinggi.,mangrove-priority-2016-2025-v0.1
1536,145,MPR-56A503832E,Suka Damai,Rupat Utara,Bengkalis,2.03,P4,Perlindungan pantai dahulu,62.9,67,82,80,tinggi,Risiko ketidakstabilan pesisir relatif tinggi.,mangrove-priority-2016-2025-v0.1
1537,146,MPR-A06A637CC8,Suka Damai,Rupat Utara,Bengkalis,1.94,P4,Perlindungan pantai dahulu,62.9,67,82,80,tinggi,Risiko ketidakstabilan pesisir relatif tinggi.,mangrove-priority-2016-2025-v0.1
1538,147,MPR-A8B4BAD918,Suka Damai,Rupat Utara,Bengkalis,1.892,P4,Perlindungan pantai dahulu,62.9,67,82,80,tinggi,Risiko ketidakstabilan pesisir relatif tinggi.,mangrove-priority-2016-2025-v0.1
1539,13,MPR-0380ABAF98,Simpang Ayam,Bengkalis,Bengkalis,0.31,P4,Perlindungan pantai dahulu,62.9,64,85,78,tinggi,Risiko ketidakstabilan pesisir relatif tinggi.,mangrove-priority-2016-2025-v0.1
1540,148,MPR-A304FF3A75,Suka Damai,Rupat Utara,Bengkalis,2.727,P4,Perlindungan pantai dahulu,62.8,68,81,81,tinggi,Risiko ketidakstabilan pesisir relatif tinggi.,mangrove-priority-2016-2025-v0.1
1541,149,MPR-AF6E918DF7,Suka Damai,Rupat Utara,Bengkalis,2.678,P4,Perlindungan pantai dahulu,62.8,68,81,81,tinggi,Risiko ketidakstabilan pesisir relatif tinggi.,mangrove-priority-2016-2025-v0.1
1542,150,MPR-8AFA2247A9,Suka Damai,Rupat Utara,Bengkalis,2.6,P4,Perlindungan pantai dahulu,62.8,68,81,81,tinggi,Risiko ketidakstabilan pesisir relatif tinggi.,mangrove-priority-2016-2025-v0.1
1543,48,MPR-4D6FF63430,Sungaicingam,Rupat,Bengkalis,13.317,P4,Perlindungan pantai dahulu,62.7,76,66,73,tinggi,Risiko ketidakstabilan pesisir relatif tinggi.,mangrove-priority-2016-2025-v0.1
1544,3,MPR-F08CD75F01,Bantan Sari,Bantan,Bengkalis,3.67,P2,Regenerasi alami terbantu,62.7,46,80,30,sedang,Kondisi biofisik relatif mendukung pemulihan vegetasi.,mangrove-priority-2016-2025-v0.1
1545,151,MPR-EDA71B70F8,Suka Damai,Rupat Utara,Bengkalis,3.48,P4,Perlindungan pantai dahulu,62.6,69,80,82,tinggi,Risiko ketidakstabilan pesisir relatif tinggi.,mangrove-priority-2016-2025-v0.1
1546,49,MPR-8C0ADC7612,Sungaicingam,Rupat,Bengkalis,14.85,P4,Perlindungan pantai dahulu,62.5,78,64,75,tinggi,Risiko ketidakstabilan pesisir relatif tinggi.,mangrove-priority-2016-2025-v0.1
1547,127,MPR-6509CD0498,Darul Aman,Rupat,Bengkalis,9.66,P1,Penanaman aktif,62.5,69,71,67,tinggi,Kebutuhan dan kelayakan relatif tinggi.,mangrove-priority-2016-2025-v0.1
1548,94,MPR-878A35062A,Sepahat,Bandar Laksamana,Bengkalis,5.89,P2,Regenerasi alami terbantu,62.5,63,77,64,tinggi,Kondisi biofisik relatif mendukung pemulihan vegetasi.,mangrove-priority-2016-2025-v0.1
1549,95,MPR-C5E3C9C941,Sepahat,Bandar Laksamana,Bengkalis,5.89,P2,Regenerasi alami terbantu,62.5,63,77,64,tinggi,Kondisi biofisik relatif mendukung pemulihan vegetasi.,mangrove-priority-2016-2025-v0.1
1550,152,MPR-81701ED1E2,Suka Damai,Rupat Utara,Bengkalis,3.97,P4,Perlindungan pantai dahulu,62.5,70,79,83,tinggi,Risiko ketidakstabilan pesisir relatif tinggi.,mangrove-priority-2016-2025-v0.1
1551,153,MPR-E06524B0E6,Suka Damai,Rupat Utara,Bengkalis,4.5,P4,Perlindungan pantai dahulu,62.4,70,79,84,tinggi,Risiko ketidakstabilan pesisir relatif tinggi.,mangrove-priority-2016-2025-v0.1
1552,154,MPR-D10606DA00,Suka Damai,Rupat Utara,Bengkalis,4.4,P4,Perlindungan pantai dahulu,62.4,70,79,84,tinggi,Risiko ketidakstabilan pesisir relatif tinggi.,mangrove-priority-2016-2025-v0.1
1553,155,MPR-0E482ED4A7,Suka Damai,Rupat Utara,Bengkalis,3.69,P4,Perlindungan pantai dahulu,62.4,69,80,83,tinggi,Risiko ketidakstabilan pesisir relatif tinggi.,mangrove-priority-2016-2025-v0.1
1554,156,MPR-18757F1B7A,Suka Damai,Rupat Utara,Bengkalis,3.64,P4,Perlindungan pantai dahulu,62.4,69,80,83,tinggi,Risiko ketidakstabilan pesisir relatif tinggi.,mangrove-priority-2016-2025-v0.1
1555,1,MPR-F65FFE9F8D,Kelurahan Kota Bengkalis,Bengkalis,Bengkalis,0.59,P2,Regenerasi alami terbantu,62.4,39,84,23,tinggi,Kondisi biofisik relatif mendukung pemulihan vegetasi.,mangrove-priority-2016-2025-v0.1
1556,40,MPR-D65B423267,Sekodi,Bengkalis,Bengkalis,29.78,P3,Pemulihan hidrologi,62.3,75,57,57,tinggi,Kelayakan sedang; konektivitas pasang surut perlu dipulihkan.,mangrove-priority-2016-2025-v0.1
1557,157,MPR-87657EC8F6,Suka Damai,Rupat Utara,Bengkalis,5.422,P4,Perlindungan pantai dahulu,62.3,72,77,85,tinggi,Risiko ketidakstabilan pesisir relatif tinggi.,mangrove-priority-2016-2025-v0.1
1558,2,MPR-973A752A05,Kelurahan Kota Bengkalis,Bengkalis,Bengkalis,0.973,P2,Regenerasi alami terbantu,62.2,39,84,24,tinggi,Kondisi biofisik relatif mendukung pemulihan vegetasi.,mangrove-priority-2016-2025-v0.1
1559,3,MPR-B7056ED351,Kelurahan Kota Bengkalis,Bengkalis,Bengkalis,0.711,P2,Regenerasi alami terbantu,62.2,39,84,24,tinggi,Kondisi biofisik relatif mendukung pemulihan vegetasi.,mangrove-priority-2016-2025-v0.1
1560,4,MPR-903DDAA26C,Kelurahan Kota Bengkalis,Bengkalis,Bengkalis,0.3,P2,Regenerasi alami terbantu,62.2,38,85,23,tinggi,Kondisi biofisik relatif mendukung pemulihan vegetasi.,mangrove-priority-2016-2025-v0.1
1561,1,MPR-D8FCECADF1,Kelurahan Tanjungkapal,Rupat,Bengkalis,0.16,P4,Perlindungan pantai dahulu,62.2,62,85,77,tinggi,Risiko ketidakstabilan pesisir relatif tinggi.,mangrove-priority-2016-2025-v0.1
1562,5,MPR-DDF7CE67B1,Kelurahan Kota Bengkalis,Bengkalis,Bengkalis,0.16,P2,Regenerasi alami terbantu,62.2,38,85,23,tinggi,Kondisi biofisik relatif mendukung pemulihan vegetasi.,mangrove-priority-2016-2025-v0.1
1563,2,MPR-5ECCEDDEA3,Kelurahan Tanjungkapal,Rupat,Bengkalis,0.151,P4,Perlindungan pantai dahulu,62.2,62,85,77,tinggi,Risiko ketidakstabilan pesisir relatif tinggi.,mangrove-priority-2016-2025-v0.1
1564,3,MPR-175B024092,Kelurahan Tanjungkapal,Rupat,Bengkalis,0.15,P4,Perlindungan pantai dahulu,62.2,62,85,77,tinggi,Risiko ketidakstabilan pesisir relatif tinggi.,mangrove-priority-2016-2025-v0.1
1565,4,MPR-5FA90DEACC,Kelurahan Tanjungkapal,Rupat,Bengkalis,0.15,P4,Perlindungan pantai dahulu,62.2,62,85,77,tinggi,Risiko ketidakstabilan pesisir relatif tinggi.,mangrove-priority-2016-2025-v0.1
1566,5,MPR-042E82900D,Kelurahan Tanjungkapal,Rupat,Bengkalis,0.14,P4,Perlindungan pantai dahulu,62.2,62,85,77,tinggi,Risiko ketidakstabilan pesisir relatif tinggi.,mangrove-priority-2016-2025-v0.1
1567,6,MPR-14FB757C60,Kelurahan Kota Bengkalis,Bengkalis,Bengkalis,0.14,P2,Regenerasi alami terbantu,62.2,38,85,23,tinggi,Kondisi biofisik relatif mendukung pemulihan vegetasi.,mangrove-priority-2016-2025-v0.1
1568,6,MPR-22043A588F,Kelurahan Tanjungkapal,Rupat,Bengkalis,0.14,P4,Perlindungan pantai dahulu,62.2,62,85,77,tinggi,Risiko ketidakstabilan pesisir relatif tinggi.,mangrove-priority-2016-2025-v0.1
1569,7,MPR-7B5DD58AC1,Kelurahan Tanjungkapal,Rupat,Bengkalis,0.14,P4,Perlindungan pantai dahulu,62.2,62,85,77,tinggi,Risiko ketidakstabilan pesisir relatif tinggi.,mangrove-priority-2016-2025-v0.1
1570,8,MPR-B89B2C924A,Kelurahan Tanjungkapal,Rupat,Bengkalis,0.14,P4,Perlindungan pantai dahulu,62.2,62,85,77,tinggi,Risiko ketidakstabilan pesisir relatif tinggi.,mangrove-priority-2016-2025-v0.1
1571,9,MPR-BB590C288C,Kelurahan Tanjungkapal,Rupat,Bengkalis,0.14,P4,Perlindungan pantai dahulu,62.2,62,85,77,tinggi,Risiko ketidakstabilan pesisir relatif tinggi.,mangrove-priority-2016-2025-v0.1
1572,10,MPR-CCE4CEB904,Kelurahan Tanjungkapal,Rupat,Bengkalis,0.14,P4,Perlindungan pantai dahulu,62.2,62,85,77,tinggi,Risiko ketidakstabilan pesisir relatif tinggi.,mangrove-priority-2016-2025-v0.1
1573,11,MPR-E711FD6771,Kelurahan Tanjungkapal,Rupat,Bengkalis,0.14,P4,Perlindungan pantai dahulu,62.2,62,85,77,tinggi,Risiko ketidakstabilan pesisir relatif tinggi.,mangrove-priority-2016-2025-v0.1
1574,12,MPR-FA906AC768,Kelurahan Tanjungkapal,Rupat,Bengkalis,0.14,P4,Perlindungan pantai dahulu,62.2,62,85,77,tinggi,Risiko ketidakstabilan pesisir relatif tinggi.,mangrove-priority-2016-2025-v0.1
1575,13,MPR-CA1C275B17,Kelurahan Tanjungkapal,Rupat,Bengkalis,0.136,P4,Perlindungan pantai dahulu,62.2,62,85,77,tinggi,Risiko ketidakstabilan pesisir relatif tinggi.,mangrove-priority-2016-2025-v0.1
1576,14,MPR-0F7E0CA710,Kelurahan Tanjungkapal,Rupat,Bengkalis,0.13,P4,Perlindungan pantai dahulu,62.2,62,85,77,tinggi,Risiko ketidakstabilan pesisir relatif tinggi.,mangrove-priority-2016-2025-v0.1
1577,15,MPR-81DEE33C0C,Kelurahan Tanjungkapal,Rupat,Bengkalis,0.13,P4,Perlindungan pantai dahulu,62.2,62,85,77,tinggi,Risiko ketidakstabilan pesisir relatif tinggi.,mangrove-priority-2016-2025-v0.1
1578,7,MPR-BB4A5CD8B0,Kelurahan Kota Bengkalis,Bengkalis,Bengkalis,0.127,P2,Regenerasi alami terbantu,62.2,38,85,23,tinggi,Kondisi biofisik relatif mendukung pemulihan vegetasi.,mangrove-priority-2016-2025-v0.1
1579,16,MPR-0AD8927C21,Kelurahan Tanjungkapal,Rupat,Bengkalis,0.125,P4,Perlindungan pantai dahulu,62.2,62,85,77,tinggi,Risiko ketidakstabilan pesisir relatif tinggi.,mangrove-priority-2016-2025-v0.1
1580,17,MPR-EF36B70BB7,Kelurahan Tanjungkapal,Rupat,Bengkalis,0.12,P4,Perlindungan pantai dahulu,62.2,62,85,77,tinggi,Risiko ketidakstabilan pesisir relatif tinggi.,mangrove-priority-2016-2025-v0.1
1581,18,MPR-BE14FC6E5F,Kelurahan Tanjungkapal,Rupat,Bengkalis,0.119,P4,Perlindungan pantai dahulu,62.2,62,85,77,tinggi,Risiko ketidakstabilan pesisir relatif tinggi.,mangrove-priority-2016-2025-v0.1
1582,19,MPR-000267663F,Kelurahan Tanjungkapal,Rupat,Bengkalis,0.11,P4,Perlindungan pantai dahulu,62.2,62,85,77,tinggi,Risiko ketidakstabilan pesisir relatif tinggi.,mangrove-priority-2016-2025-v0.1
1583,20,MPR-150BBD5242,Kelurahan Tanjungkapal,Rupat,Bengkalis,0.11,P4,Perlindungan pantai dahulu,62.2,62,85,77,tinggi,Risiko ketidakstabilan pesisir relatif tinggi.,mangrove-priority-2016-2025-v0.1
1584,21,MPR-2691626D5B,Kelurahan Tanjungkapal,Rupat,Bengkalis,0.11,P4,Perlindungan pantai dahulu,62.2,62,85,77,tinggi,Risiko ketidakstabilan pesisir relatif tinggi.,mangrove-priority-2016-2025-v0.1
1585,22,MPR-5F79AE2B69,Kelurahan Tanjungkapal,Rupat,Bengkalis,0.11,P4,Perlindungan pantai dahulu,62.2,62,85,77,tinggi,Risiko ketidakstabilan pesisir relatif tinggi.,mangrove-priority-2016-2025-v0.1
1586,23,MPR-8FB7C78BED,Kelurahan Tanjungkapal,Rupat,Bengkalis,0.11,P4,Perlindungan pantai dahulu,62.2,62,85,77,tinggi,Risiko ketidakstabilan pesisir relatif tinggi.,mangrove-priority-2016-2025-v0.1
1587,24,MPR-9927215234,Kelurahan Tanjungkapal,Rupat,Bengkalis,0.11,P4,Perlindungan pantai dahulu,62.2,62,85,77,tinggi,Risiko ketidakstabilan pesisir relatif tinggi.,mangrove-priority-2016-2025-v0.1
1588,25,MPR-B0449BF1FF,Kelurahan Tanjungkapal,Rupat,Bengkalis,0.11,P4,Perlindungan pantai dahulu,62.2,62,85,77,tinggi,Risiko ketidakstabilan pesisir relatif tinggi.,mangrove-priority-2016-2025-v0.1
1589,26,MPR-BDAE24314B,Kelurahan Tanjungkapal,Rupat,Bengkalis,0.11,P4,Perlindungan pantai dahulu,62.2,62,85,77,tinggi,Risiko ketidakstabilan pesisir relatif tinggi.,mangrove-priority-2016-2025-v0.1
1590,27,MPR-C8AC4D9D80,Kelurahan Tanjungkapal,Rupat,Bengkalis,0.107,P4,Perlindungan pantai dahulu,62.2,62,85,77,tinggi,Risiko ketidakstabilan pesisir relatif tinggi.,mangrove-priority-2016-2025-v0.1
1591,8,MPR-06D07947F5,Kelurahan Kota Bengkalis,Bengkalis,Bengkalis,0.1,P2,Regenerasi alami terbantu,62.2,38,85,23,tinggi,Kondisi biofisik relatif mendukung pemulihan vegetasi.,mangrove-priority-2016-2025-v0.1
1592,28,MPR-073BC0516A,Kelurahan Tanjungkapal,Rupat,Bengkalis,0.1,P4,Perlindungan pantai dahulu,62.2,62,85,77,tinggi,Risiko ketidakstabilan pesisir relatif tinggi.,mangrove-priority-2016-2025-v0.1
1593,29,MPR-138775EEB0,Kelurahan Tanjungkapal,Rupat,Bengkalis,0.1,P4,Perlindungan pantai dahulu,62.2,62,85,77,tinggi,Risiko ketidakstabilan pesisir relatif tinggi.,mangrove-priority-2016-2025-v0.1
1594,30,MPR-5CFF350490,Kelurahan Tanjungkapal,Rupat,Bengkalis,0.1,P4,Perlindungan pantai dahulu,62.2,62,85,77,tinggi,Risiko ketidakstabilan pesisir relatif tinggi.,mangrove-priority-2016-2025-v0.1
1595,31,MPR-D0E6AD9955,Kelurahan Tanjungkapal,Rupat,Bengkalis,0.1,P4,Perlindungan pantai dahulu,62.2,62,85,77,tinggi,Risiko ketidakstabilan pesisir relatif tinggi.,mangrove-priority-2016-2025-v0.1
1596,32,MPR-957BB49423,Kelurahan Tanjungkapal,Rupat,Bengkalis,0.09,P4,Perlindungan pantai dahulu,62.2,62,85,77,tinggi,Risiko ketidakstabilan pesisir relatif tinggi.,mangrove-priority-2016-2025-v0.1
1597,9,MPR-803DD61401,Kelurahan Kota Bengkalis,Bengkalis,Bengkalis,0.087,P2,Regenerasi alami terbantu,62.2,38,85,23,tinggi,Kondisi biofisik relatif mendukung pemulihan vegetasi.,mangrove-priority-2016-2025-v0.1
1598,33,MPR-14BDFFB970,Kelurahan Tanjungkapal,Rupat,Bengkalis,0.08,P4,Perlindungan pantai dahulu,62.2,62,85,77,tinggi,Risiko ketidakstabilan pesisir relatif tinggi.,mangrove-priority-2016-2025-v0.1
1599,34,MPR-1B091C76A1,Kelurahan Tanjungkapal,Rupat,Bengkalis,0.08,P4,Perlindungan pantai dahulu,62.2,62,85,77,tinggi,Risiko ketidakstabilan pesisir relatif tinggi.,mangrove-priority-2016-2025-v0.1
1600,35,MPR-226ABED05F,Kelurahan Tanjungkapal,Rupat,Bengkalis,0.08,P4,Perlindungan pantai dahulu,62.2,62,85,77,tinggi,Risiko ketidakstabilan pesisir relatif tinggi.,mangrove-priority-2016-2025-v0.1
1601,36,MPR-2E78A325F5,Kelurahan Tanjungkapal,Rupat,Bengkalis,0.08,P4,Perlindungan pantai dahulu,62.2,62,85,77,tinggi,Risiko ketidakstabilan pesisir relatif tinggi.,mangrove-priority-2016-2025-v0.1
1602,37,MPR-32E0CB1377,Kelurahan Tanjungkapal,Rupat,Bengkalis,0.08,P4,Perlindungan pantai dahulu,62.2,62,85,77,tinggi,Risiko ketidakstabilan pesisir relatif tinggi.,mangrove-priority-2016-2025-v0.1
1603,38,MPR-4B81EA77AD,Kelurahan Tanjungkapal,Rupat,Bengkalis,0.08,P4,Perlindungan pantai dahulu,62.2,62,85,77,tinggi,Risiko ketidakstabilan pesisir relatif tinggi.,mangrove-priority-2016-2025-v0.1
1604,39,MPR-579B00F3D2,Kelurahan Tanjungkapal,Rupat,Bengkalis,0.08,P4,Perlindungan pantai dahulu,62.2,62,85,77,tinggi,Risiko ketidakstabilan pesisir relatif tinggi.,mangrove-priority-2016-2025-v0.1
1605,40,MPR-5B8DC660B0,Kelurahan Tanjungkapal,Rupat,Bengkalis,0.08,P4,Perlindungan pantai dahulu,62.2,62,85,77,tinggi,Risiko ketidakstabilan pesisir relatif tinggi.,mangrove-priority-2016-2025-v0.1
1606,41,MPR-6817A5E02F,Kelurahan Tanjungkapal,Rupat,Bengkalis,0.08,P4,Perlindungan pantai dahulu,62.2,62,85,77,tinggi,Risiko ketidakstabilan pesisir relatif tinggi.,mangrove-priority-2016-2025-v0.1
1607,42,MPR-ACEBEA3547,Kelurahan Tanjungkapal,Rupat,Bengkalis,0.08,P4,Perlindungan pantai dahulu,62.2,62,85,77,tinggi,Risiko ketidakstabilan pesisir relatif tinggi.,mangrove-priority-2016-2025-v0.1
1608,43,MPR-BDA9C7E147,Kelurahan Tanjungkapal,Rupat,Bengkalis,0.08,P4,Perlindungan pantai dahulu,62.2,62,85,77,tinggi,Risiko ketidakstabilan pesisir relatif tinggi.,mangrove-priority-2016-2025-v0.1
1609,44,MPR-D90AAFE391,Kelurahan Tanjungkapal,Rupat,Bengkalis,0.08,P4,Perlindungan pantai dahulu,62.2,62,85,77,tinggi,Risiko ketidakstabilan pesisir relatif tinggi.,mangrove-priority-2016-2025-v0.1
1610,45,MPR-D9750C9486,Kelurahan Tanjungkapal,Rupat,Bengkalis,0.08,P4,Perlindungan pantai dahulu,62.2,62,85,77,tinggi,Risiko ketidakstabilan pesisir relatif tinggi.,mangrove-priority-2016-2025-v0.1
1611,46,MPR-E97BC197E2,Kelurahan Tanjungkapal,Rupat,Bengkalis,0.08,P4,Perlindungan pantai dahulu,62.2,62,85,77,tinggi,Risiko ketidakstabilan pesisir relatif tinggi.,mangrove-priority-2016-2025-v0.1
1612,47,MPR-EBBC455A52,Kelurahan Tanjungkapal,Rupat,Bengkalis,0.08,P4,Perlindungan pantai dahulu,62.2,62,85,77,tinggi,Risiko ketidakstabilan pesisir relatif tinggi.,mangrove-priority-2016-2025-v0.1
1613,48,MPR-A86008B0F7,Kelurahan Tanjungkapal,Rupat,Bengkalis,0.077,P4,Perlindungan pantai dahulu,62.2,62,85,77,tinggi,Risiko ketidakstabilan pesisir relatif tinggi.,mangrove-priority-2016-2025-v0.1
1614,49,MPR-43450C486A,Kelurahan Tanjungkapal,Rupat,Bengkalis,0.076,P4,Perlindungan pantai dahulu,62.2,62,85,77,tinggi,Risiko ketidakstabilan pesisir relatif tinggi.,mangrove-priority-2016-2025-v0.1
1615,50,MPR-886C5F4C78,Kelurahan Tanjungkapal,Rupat,Bengkalis,0.056,P4,Perlindungan pantai dahulu,62.2,62,85,77,tinggi,Risiko ketidakstabilan pesisir relatif tinggi.,mangrove-priority-2016-2025-v0.1
1616,51,MPR-DE068B2FDD,Kelurahan Tanjungkapal,Rupat,Bengkalis,0.056,P4,Perlindungan pantai dahulu,62.2,62,85,77,tinggi,Risiko ketidakstabilan pesisir relatif tinggi.,mangrove-priority-2016-2025-v0.1
1617,52,MPR-0E7A0F371A,Kelurahan Tanjungkapal,Rupat,Bengkalis,0.05,P4,Perlindungan pantai dahulu,62.2,62,85,77,tinggi,Risiko ketidakstabilan pesisir relatif tinggi.,mangrove-priority-2016-2025-v0.1
1618,53,MPR-2CC88AB5B7,Kelurahan Tanjungkapal,Rupat,Bengkalis,0.05,P4,Perlindungan pantai dahulu,62.2,62,85,77,tinggi,Risiko ketidakstabilan pesisir relatif tinggi.,mangrove-priority-2016-2025-v0.1
1619,54,MPR-33AE359CEF,Kelurahan Tanjungkapal,Rupat,Bengkalis,0.05,P4,Perlindungan pantai dahulu,62.2,62,85,77,tinggi,Risiko ketidakstabilan pesisir relatif tinggi.,mangrove-priority-2016-2025-v0.1
1620,55,MPR-58739202E5,Kelurahan Tanjungkapal,Rupat,Bengkalis,0.05,X,Tidak direkomendasikan,62.2,62,85,77,tinggi,Area terlalu kecil dan terisolasi untuk diprioritaskan.,mangrove-priority-2016-2025-v0.1
1621,56,MPR-65D38F4CD9,Kelurahan Tanjungkapal,Rupat,Bengkalis,0.05,P4,Perlindungan pantai dahulu,62.2,62,85,77,tinggi,Risiko ketidakstabilan pesisir relatif tinggi.,mangrove-priority-2016-2025-v0.1
1622,57,MPR-7A1AC7DA53,Kelurahan Tanjungkapal,Rupat,Bengkalis,0.05,P4,Perlindungan pantai dahulu,62.2,62,85,77,tinggi,Risiko ketidakstabilan pesisir relatif tinggi.,mangrove-priority-2016-2025-v0.1
1623,58,MPR-8CF7BDA710,Kelurahan Tanjungkapal,Rupat,Bengkalis,0.05,P4,Perlindungan pantai dahulu,62.2,62,85,77,tinggi,Risiko ketidakstabilan pesisir relatif tinggi.,mangrove-priority-2016-2025-v0.1
1624,59,MPR-8FA6A66250,Kelurahan Tanjungkapal,Rupat,Bengkalis,0.05,P4,Perlindungan pantai dahulu,62.2,62,85,77,tinggi,Risiko ketidakstabilan pesisir relatif tinggi.,mangrove-priority-2016-2025-v0.1
1625,60,MPR-C22F09B629,Kelurahan Tanjungkapal,Rupat,Bengkalis,0.05,P4,Perlindungan pantai dahulu,62.2,62,85,77,tinggi,Risiko ketidakstabilan pesisir relatif tinggi.,mangrove-priority-2016-2025-v0.1
1626,61,MPR-E0F61F254B,Kelurahan Tanjungkapal,Rupat,Bengkalis,0.05,P4,Perlindungan pantai dahulu,62.2,62,85,77,tinggi,Risiko ketidakstabilan pesisir relatif tinggi.,mangrove-priority-2016-2025-v0.1
1627,4,MPR-0A0DBD2235,Bantan Sari,Bantan,Bengkalis,8.08,P2,Regenerasi alami terbantu,62.1,52,74,36,sedang,Kondisi biofisik relatif mendukung pemulihan vegetasi.,mangrove-priority-2016-2025-v0.1
1628,158,MPR-8492EFEE78,Suka Damai,Rupat Utara,Bengkalis,6.064,P4,Perlindungan pantai dahulu,62.1,72,77,86,tinggi,Risiko ketidakstabilan pesisir relatif tinggi.,mangrove-priority-2016-2025-v0.1
1629,62,MPR-A3F723F085,Kelurahan Tanjungkapal,Rupat,Bengkalis,0.77,P4,Perlindungan pantai dahulu,62.1,63,84,78,tinggi,Risiko ketidakstabilan pesisir relatif tinggi.,mangrove-priority-2016-2025-v0.1
1630,63,MPR-5DE61B280B,Kelurahan Tanjungkapal,Rupat,Bengkalis,0.738,P4,Perlindungan pantai dahulu,62.1,63,84,78,tinggi,Risiko ketidakstabilan pesisir relatif tinggi.,mangrove-priority-2016-2025-v0.1
1631,64,MPR-566E9B8393,Kelurahan Tanjungkapal,Rupat,Bengkalis,0.71,P4,Perlindungan pantai dahulu,62.1,63,84,78,tinggi,Risiko ketidakstabilan pesisir relatif tinggi.,mangrove-priority-2016-2025-v0.1
1632,65,MPR-43CD0AB5B4,Kelurahan Tanjungkapal,Rupat,Bengkalis,0.69,P4,Perlindungan pantai dahulu,62.1,63,84,78,tinggi,Risiko ketidakstabilan pesisir relatif tinggi.,mangrove-priority-2016-2025-v0.1
1633,66,MPR-8D5A8CF4CE,Kelurahan Tanjungkapal,Rupat,Bengkalis,0.65,P4,Perlindungan pantai dahulu,62.1,63,84,78,tinggi,Risiko ketidakstabilan pesisir relatif tinggi.,mangrove-priority-2016-2025-v0.1
1634,67,MPR-C1E6C4C122,Kelurahan Tanjungkapal,Rupat,Bengkalis,0.64,P4,Perlindungan pantai dahulu,62.1,63,84,78,tinggi,Risiko ketidakstabilan pesisir relatif tinggi.,mangrove-priority-2016-2025-v0.1
1635,68,MPR-A272176B8A,Kelurahan Tanjungkapal,Rupat,Bengkalis,0.61,P4,Perlindungan pantai dahulu,62.1,63,84,78,tinggi,Risiko ketidakstabilan pesisir relatif tinggi.,mangrove-priority-2016-2025-v0.1
1636,69,MPR-191AADD8DD,Kelurahan Tanjungkapal,Rupat,Bengkalis,0.59,P4,Perlindungan pantai dahulu,62.1,63,84,78,tinggi,Risiko ketidakstabilan pesisir relatif tinggi.,mangrove-priority-2016-2025-v0.1
1637,70,MPR-566259B217,Kelurahan Tanjungkapal,Rupat,Bengkalis,0.584,P4,Perlindungan pantai dahulu,62.1,63,84,78,tinggi,Risiko ketidakstabilan pesisir relatif tinggi.,mangrove-priority-2016-2025-v0.1
1638,71,MPR-8216C7EA14,Kelurahan Tanjungkapal,Rupat,Bengkalis,0.56,P4,Perlindungan pantai dahulu,62.1,63,84,78,tinggi,Risiko ketidakstabilan pesisir relatif tinggi.,mangrove-priority-2016-2025-v0.1
1639,72,MPR-A65A2BC81F,Kelurahan Tanjungkapal,Rupat,Bengkalis,0.56,P4,Perlindungan pantai dahulu,62.1,63,84,78,tinggi,Risiko ketidakstabilan pesisir relatif tinggi.,mangrove-priority-2016-2025-v0.1
1640,73,MPR-591E5AE973,Kelurahan Tanjungkapal,Rupat,Bengkalis,0.53,P4,Perlindungan pantai dahulu,62.1,63,84,78,tinggi,Risiko ketidakstabilan pesisir relatif tinggi.,mangrove-priority-2016-2025-v0.1
1641,74,MPR-E542F710C0,Kelurahan Tanjungkapal,Rupat,Bengkalis,0.53,P4,Perlindungan pantai dahulu,62.1,63,84,78,tinggi,Risiko ketidakstabilan pesisir relatif tinggi.,mangrove-priority-2016-2025-v0.1
1642,75,MPR-01A9D9F332,Kelurahan Tanjungkapal,Rupat,Bengkalis,0.52,P4,Perlindungan pantai dahulu,62.1,63,84,78,tinggi,Risiko ketidakstabilan pesisir relatif tinggi.,mangrove-priority-2016-2025-v0.1
1643,76,MPR-3CF6DF41AB,Kelurahan Tanjungkapal,Rupat,Bengkalis,0.46,P4,Perlindungan pantai dahulu,62.1,63,84,78,tinggi,Risiko ketidakstabilan pesisir relatif tinggi.,mangrove-priority-2016-2025-v0.1
1644,77,MPR-FD3B0B0B52,Kelurahan Tanjungkapal,Rupat,Bengkalis,0.46,P4,Perlindungan pantai dahulu,62.1,63,84,78,tinggi,Risiko ketidakstabilan pesisir relatif tinggi.,mangrove-priority-2016-2025-v0.1
1645,78,MPR-CCE473D022,Kelurahan Tanjungkapal,Rupat,Bengkalis,0.44,P4,Perlindungan pantai dahulu,62.1,63,84,78,tinggi,Risiko ketidakstabilan pesisir relatif tinggi.,mangrove-priority-2016-2025-v0.1
1646,79,MPR-7DDDF93C82,Kelurahan Tanjungkapal,Rupat,Bengkalis,0.43,P4,Perlindungan pantai dahulu,62.1,63,84,78,tinggi,Risiko ketidakstabilan pesisir relatif tinggi.,mangrove-priority-2016-2025-v0.1
1647,80,MPR-BB40B7947A,Kelurahan Tanjungkapal,Rupat,Bengkalis,0.43,P4,Perlindungan pantai dahulu,62.1,63,84,78,tinggi,Risiko ketidakstabilan pesisir relatif tinggi.,mangrove-priority-2016-2025-v0.1
1648,81,MPR-9E2D9AF672,Kelurahan Tanjungkapal,Rupat,Bengkalis,0.42,P4,Perlindungan pantai dahulu,62.1,63,84,78,tinggi,Risiko ketidakstabilan pesisir relatif tinggi.,mangrove-priority-2016-2025-v0.1
1649,82,MPR-A05F2D06F4,Kelurahan Tanjungkapal,Rupat,Bengkalis,1.394,P4,Perlindungan pantai dahulu,62.0,64,83,79,tinggi,Risiko ketidakstabilan pesisir relatif tinggi.,mangrove-priority-2016-2025-v0.1
1650,83,MPR-6A32F91A85,Kelurahan Tanjungkapal,Rupat,Bengkalis,1.06,P4,Perlindungan pantai dahulu,62.0,63,84,79,tinggi,Risiko ketidakstabilan pesisir relatif tinggi.,mangrove-priority-2016-2025-v0.1
1651,84,MPR-7759657A13,Kelurahan Tanjungkapal,Rupat,Bengkalis,1.02,P4,Perlindungan pantai dahulu,62.0,63,84,79,tinggi,Risiko ketidakstabilan pesisir relatif tinggi.,mangrove-priority-2016-2025-v0.1
1652,85,MPR-2CCFCC5765,Kelurahan Tanjungkapal,Rupat,Bengkalis,0.964,P4,Perlindungan pantai dahulu,62.0,63,84,79,tinggi,Risiko ketidakstabilan pesisir relatif tinggi.,mangrove-priority-2016-2025-v0.1
1653,86,MPR-21F35550A3,Kelurahan Tanjungkapal,Rupat,Bengkalis,0.95,P4,Perlindungan pantai dahulu,62.0,63,84,79,tinggi,Risiko ketidakstabilan pesisir relatif tinggi.,mangrove-priority-2016-2025-v0.1
1654,87,MPR-B96AEC4406,Kelurahan Tanjungkapal,Rupat,Bengkalis,0.94,P4,Perlindungan pantai dahulu,62.0,63,84,79,tinggi,Risiko ketidakstabilan pesisir relatif tinggi.,mangrove-priority-2016-2025-v0.1
1655,88,MPR-5840784B47,Kelurahan Tanjungkapal,Rupat,Bengkalis,0.89,P4,Perlindungan pantai dahulu,62.0,63,84,79,tinggi,Risiko ketidakstabilan pesisir relatif tinggi.,mangrove-priority-2016-2025-v0.1
1656,1,MPR-9DE73A71C4,Sungaiselari,Bukit Batu,Bengkalis,0.85,P2,Regenerasi alami terbantu,62.0,39,84,25,tinggi,Kondisi biofisik relatif mendukung pemulihan vegetasi.,mangrove-priority-2016-2025-v0.1
1657,89,MPR-B0D6F27F5E,Kelurahan Tanjungkapal,Rupat,Bengkalis,0.335,P4,Perlindungan pantai dahulu,62.0,62,85,78,tinggi,Risiko ketidakstabilan pesisir relatif tinggi.,mangrove-priority-2016-2025-v0.1
1658,90,MPR-185887B22E,Kelurahan Tanjungkapal,Rupat,Bengkalis,0.33,P4,Perlindungan pantai dahulu,62.0,62,85,78,tinggi,Risiko ketidakstabilan pesisir relatif tinggi.,mangrove-priority-2016-2025-v0.1
1659,91,MPR-48B367AFC2,Kelurahan Tanjungkapal,Rupat,Bengkalis,0.31,P4,Perlindungan pantai dahulu,62.0,62,85,78,tinggi,Risiko ketidakstabilan pesisir relatif tinggi.,mangrove-priority-2016-2025-v0.1
1660,92,MPR-82F0028F08,Kelurahan Tanjungkapal,Rupat,Bengkalis,0.31,P4,Perlindungan pantai dahulu,62.0,62,85,78,tinggi,Risiko ketidakstabilan pesisir relatif tinggi.,mangrove-priority-2016-2025-v0.1
1661,93,MPR-296FE9BF3F,Kelurahan Tanjungkapal,Rupat,Bengkalis,0.29,P4,Perlindungan pantai dahulu,62.0,62,85,78,tinggi,Risiko ketidakstabilan pesisir relatif tinggi.,mangrove-priority-2016-2025-v0.1
1662,94,MPR-DE0BDD512B,Kelurahan Tanjungkapal,Rupat,Bengkalis,0.28,P4,Perlindungan pantai dahulu,62.0,62,85,78,tinggi,Risiko ketidakstabilan pesisir relatif tinggi.,mangrove-priority-2016-2025-v0.1
1663,95,MPR-CBB5A070F7,Kelurahan Tanjungkapal,Rupat,Bengkalis,0.273,P4,Perlindungan pantai dahulu,62.0,62,85,78,tinggi,Risiko ketidakstabilan pesisir relatif tinggi.,mangrove-priority-2016-2025-v0.1
1664,96,MPR-2DEC33CB7C,Kelurahan Tanjungkapal,Rupat,Bengkalis,0.25,P4,Perlindungan pantai dahulu,62.0,62,85,78,tinggi,Risiko ketidakstabilan pesisir relatif tinggi.,mangrove-priority-2016-2025-v0.1
1665,97,MPR-EB01DD5EC4,Kelurahan Tanjungkapal,Rupat,Bengkalis,0.25,P4,Perlindungan pantai dahulu,62.0,62,85,78,tinggi,Risiko ketidakstabilan pesisir relatif tinggi.,mangrove-priority-2016-2025-v0.1
1666,98,MPR-99D1889147,Kelurahan Tanjungkapal,Rupat,Bengkalis,0.24,P4,Perlindungan pantai dahulu,62.0,62,85,78,tinggi,Risiko ketidakstabilan pesisir relatif tinggi.,mangrove-priority-2016-2025-v0.1
1667,99,MPR-D714D5DD95,Kelurahan Tanjungkapal,Rupat,Bengkalis,0.24,P4,Perlindungan pantai dahulu,62.0,62,85,78,tinggi,Risiko ketidakstabilan pesisir relatif tinggi.,mangrove-priority-2016-2025-v0.1
1668,100,MPR-1545F76D4E,Kelurahan Tanjungkapal,Rupat,Bengkalis,0.23,P4,Perlindungan pantai dahulu,62.0,62,85,78,tinggi,Risiko ketidakstabilan pesisir relatif tinggi.,mangrove-priority-2016-2025-v0.1
1669,101,MPR-192D66FC25,Kelurahan Tanjungkapal,Rupat,Bengkalis,0.228,P4,Perlindungan pantai dahulu,62.0,62,85,78,tinggi,Risiko ketidakstabilan pesisir relatif tinggi.,mangrove-priority-2016-2025-v0.1
1670,102,MPR-E0351B03EF,Kelurahan Tanjungkapal,Rupat,Bengkalis,0.22,P4,Perlindungan pantai dahulu,62.0,62,85,78,tinggi,Risiko ketidakstabilan pesisir relatif tinggi.,mangrove-priority-2016-2025-v0.1
1671,103,MPR-21D7D26AF2,Kelurahan Tanjungkapal,Rupat,Bengkalis,0.21,P4,Perlindungan pantai dahulu,62.0,62,85,78,tinggi,Risiko ketidakstabilan pesisir relatif tinggi.,mangrove-priority-2016-2025-v0.1
1672,104,MPR-076D984C91,Kelurahan Tanjungkapal,Rupat,Bengkalis,0.2,P4,Perlindungan pantai dahulu,62.0,62,85,78,tinggi,Risiko ketidakstabilan pesisir relatif tinggi.,mangrove-priority-2016-2025-v0.1
1673,105,MPR-D5DAE3DFFB,Kelurahan Tanjungkapal,Rupat,Bengkalis,0.19,P4,Perlindungan pantai dahulu,62.0,62,85,78,tinggi,Risiko ketidakstabilan pesisir relatif tinggi.,mangrove-priority-2016-2025-v0.1
1674,106,MPR-E1156D5672,Kelurahan Tanjungkapal,Rupat,Bengkalis,0.19,P4,Perlindungan pantai dahulu,62.0,62,85,78,tinggi,Risiko ketidakstabilan pesisir relatif tinggi.,mangrove-priority-2016-2025-v0.1
1675,107,MPR-7FE333BA92,Kelurahan Tanjungkapal,Rupat,Bengkalis,0.18,P4,Perlindungan pantai dahulu,62.0,62,85,78,tinggi,Risiko ketidakstabilan pesisir relatif tinggi.,mangrove-priority-2016-2025-v0.1
1676,108,MPR-6029454906,Kelurahan Tanjungkapal,Rupat,Bengkalis,0.17,P4,Perlindungan pantai dahulu,62.0,62,85,78,tinggi,Risiko ketidakstabilan pesisir relatif tinggi.,mangrove-priority-2016-2025-v0.1
1677,109,MPR-E78D18B60C,Kelurahan Tanjungkapal,Rupat,Bengkalis,0.17,P4,Perlindungan pantai dahulu,62.0,62,85,78,tinggi,Risiko ketidakstabilan pesisir relatif tinggi.,mangrove-priority-2016-2025-v0.1
1678,2,MPR-1CCB520227,Sungaiselari,Bukit Batu,Bengkalis,0.128,P2,Regenerasi alami terbantu,62.0,38,85,24,tinggi,Kondisi biofisik relatif mendukung pemulihan vegetasi.,mangrove-priority-2016-2025-v0.1
1679,3,MPR-50EF2D8D0E,Sungaiselari,Bukit Batu,Bengkalis,0.096,P2,Regenerasi alami terbantu,62.0,38,85,24,tinggi,Kondisi biofisik relatif mendukung pemulihan vegetasi.,mangrove-priority-2016-2025-v0.1
1680,4,MPR-D353CEE467,Sungaiselari,Bukit Batu,Bengkalis,0.062,P2,Regenerasi alami terbantu,62.0,38,85,24,tinggi,Kondisi biofisik relatif mendukung pemulihan vegetasi.,mangrove-priority-2016-2025-v0.1
1681,32,MPR-6F3983787E,Teluklancar,Bantan,Bengkalis,44.2,P3,Pemulihan hidrologi,61.9,75,57,59,tinggi,Kelayakan sedang; konektivitas pasang surut perlu dipulihkan.,mangrove-priority-2016-2025-v0.1
1682,10,MPR-33D3962471,Kelurahan Kota Bengkalis,Bengkalis,Bengkalis,0.41,P2,Regenerasi alami terbantu,61.9,38,84,23,tinggi,Kondisi biofisik relatif mendukung pemulihan vegetasi.,mangrove-priority-2016-2025-v0.1
1683,159,MPR-677662F798,Suka Damai,Rupat Utara,Bengkalis,6.16,P4,Perlindungan pantai dahulu,61.8,72,76,86,tinggi,Risiko ketidakstabilan pesisir relatif tinggi.,mangrove-priority-2016-2025-v0.1
1684,14,MPR-8BF58F3511,Simpang Ayam,Bengkalis,Bengkalis,4.92,P4,Perlindungan pantai dahulu,61.8,70,78,85,tinggi,Risiko ketidakstabilan pesisir relatif tinggi.,mangrove-priority-2016-2025-v0.1
1685,110,MPR-814E4770C1,Kelurahan Tanjungkapal,Rupat,Bengkalis,2.324,P4,Perlindungan pantai dahulu,61.8,65,82,81,tinggi,Risiko ketidakstabilan pesisir relatif tinggi.,mangrove-priority-2016-2025-v0.1
1686,111,MPR-5E80481805,Kelurahan Tanjungkapal,Rupat,Bengkalis,2.18,P4,Perlindungan pantai dahulu,61.8,65,82,81,tinggi,Risiko ketidakstabilan pesisir relatif tinggi.,mangrove-priority-2016-2025-v0.1
1687,112,MPR-90DB44447A,Kelurahan Tanjungkapal,Rupat,Bengkalis,1.73,P4,Perlindungan pantai dahulu,61.8,64,83,80,tinggi,Risiko ketidakstabilan pesisir relatif tinggi.,mangrove-priority-2016-2025-v0.1
1688,1,MPR-925ADBCEC4,Pangkalan Batang Barat,Bengkalis,Bengkalis,0.18,P2,Regenerasi alami terbantu,61.8,39,83,24,tinggi,Kondisi biofisik relatif mendukung pemulihan vegetasi.,mangrove-priority-2016-2025-v0.1
1689,2,MPR-F89C8D2081,Pangkalan Batang Barat,Bengkalis,Bengkalis,0.17,P2,Regenerasi alami terbantu,61.8,39,83,24,tinggi,Kondisi biofisik relatif mendukung pemulihan vegetasi.,mangrove-priority-2016-2025-v0.1
1690,3,MPR-3365AB753A,Pangkalan Batang Barat,Bengkalis,Bengkalis,0.16,P2,Regenerasi alami terbantu,61.8,39,83,24,tinggi,Kondisi biofisik relatif mendukung pemulihan vegetasi.,mangrove-priority-2016-2025-v0.1
1691,4,MPR-63ACB2AB16,Pangkalan Batang Barat,Bengkalis,Bengkalis,0.15,P2,Regenerasi alami terbantu,61.8,39,83,24,tinggi,Kondisi biofisik relatif mendukung pemulihan vegetasi.,mangrove-priority-2016-2025-v0.1
1692,5,MPR-63DF1BAD5E,Pangkalan Batang Barat,Bengkalis,Bengkalis,0.148,P2,Regenerasi alami terbantu,61.8,39,83,24,tinggi,Kondisi biofisik relatif mendukung pemulihan vegetasi.,mangrove-priority-2016-2025-v0.1
1693,6,MPR-A463BA62EF,Pangkalan Batang Barat,Bengkalis,Bengkalis,0.11,P2,Regenerasi alami terbantu,61.8,39,83,24,tinggi,Kondisi biofisik relatif mendukung pemulihan vegetasi.,mangrove-priority-2016-2025-v0.1
1694,7,MPR-15465E0321,Pangkalan Batang Barat,Bengkalis,Bengkalis,0.05,P2,Regenerasi alami terbantu,61.8,39,83,24,tinggi,Kondisi biofisik relatif mendukung pemulihan vegetasi.,mangrove-priority-2016-2025-v0.1
1695,8,MPR-861A7F7E06,Pangkalan Batang Barat,Bengkalis,Bengkalis,0.93,P2,Regenerasi alami terbantu,61.7,40,82,25,tinggi,Kondisi biofisik relatif mendukung pemulihan vegetasi.,mangrove-priority-2016-2025-v0.1
1696,9,MPR-7D825F1FAF,Pangkalan Batang Barat,Bengkalis,Bengkalis,0.756,P2,Regenerasi alami terbantu,61.7,40,82,25,tinggi,Kondisi biofisik relatif mendukung pemulihan vegetasi.,mangrove-priority-2016-2025-v0.1
1697,10,MPR-7FF4F6E98F,Pangkalan Batang Barat,Bengkalis,Bengkalis,0.73,P2,Regenerasi alami terbantu,61.7,40,82,25,tinggi,Kondisi biofisik relatif mendukung pemulihan vegetasi.,mangrove-priority-2016-2025-v0.1
1698,11,MPR-81164839D6,Pangkalan Batang Barat,Bengkalis,Bengkalis,0.59,P2,Regenerasi alami terbantu,61.7,40,82,25,tinggi,Kondisi biofisik relatif mendukung pemulihan vegetasi.,mangrove-priority-2016-2025-v0.1
1699,113,MPR-C45967DDBF,Kelurahan Tanjungkapal,Rupat,Bengkalis,0.391,P4,Perlindungan pantai dahulu,61.7,62,84,78,tinggi,Risiko ketidakstabilan pesisir relatif tinggi.,mangrove-priority-2016-2025-v0.1
1700,114,MPR-3EFA8ED31D,Kelurahan Tanjungkapal,Rupat,Bengkalis,0.38,P4,Perlindungan pantai dahulu,61.7,62,84,78,tinggi,Risiko ketidakstabilan pesisir relatif tinggi.,mangrove-priority-2016-2025-v0.1
1701,115,MPR-AF67648952,Kelurahan Tanjungkapal,Rupat,Bengkalis,0.38,P4,Perlindungan pantai dahulu,61.7,62,84,78,tinggi,Risiko ketidakstabilan pesisir relatif tinggi.,mangrove-priority-2016-2025-v0.1
1702,96,MPR-276555F8B7,Sepahat,Bandar Laksamana,Bengkalis,8.334,P1,Penanaman aktif,61.6,66,73,68,tinggi,Kebutuhan dan kelayakan relatif tinggi.,mangrove-priority-2016-2025-v0.1
1703,116,MPR-1B676BE355,Kelurahan Tanjungkapal,Rupat,Bengkalis,1.19,P4,Perlindungan pantai dahulu,61.6,63,83,79,tinggi,Risiko ketidakstabilan pesisir relatif tinggi.,mangrove-priority-2016-2025-v0.1
1704,117,MPR-293980F742,Kelurahan Tanjungkapal,Rupat,Bengkalis,1.09,P4,Perlindungan pantai dahulu,61.6,63,83,79,tinggi,Risiko ketidakstabilan pesisir relatif tinggi.,mangrove-priority-2016-2025-v0.1
1705,12,MPR-851CE9CEDE,Pangkalan Batang Barat,Bengkalis,Bengkalis,0.31,P2,Regenerasi alami terbantu,61.6,39,83,25,tinggi,Kondisi biofisik relatif mendukung pemulihan vegetasi.,mangrove-priority-2016-2025-v0.1
1706,118,MPR-1C4231E6E3,Kelurahan Tanjungkapal,Rupat,Bengkalis,1.957,P4,Perlindungan pantai dahulu,61.5,64,82,80,tinggi,Risiko ketidakstabilan pesisir relatif tinggi.,mangrove-priority-2016-2025-v0.1
1707,5,MPR-60503A1751,Sungaiselari,Bukit Batu,Bengkalis,1.952,P2,Regenerasi alami terbantu,61.5,40,82,26,tinggi,Kondisi biofisik relatif mendukung pemulihan vegetasi.,mangrove-priority-2016-2025-v0.1
1708,119,MPR-E57327588D,Kelurahan Tanjungkapal,Rupat,Bengkalis,1.92,P4,Perlindungan pantai dahulu,61.5,64,82,80,tinggi,Risiko ketidakstabilan pesisir relatif tinggi.,mangrove-priority-2016-2025-v0.1
1709,1,MPR-F075B364A3,Senderek,Bengkalis,Bengkalis,0.51,P2,Regenerasi alami terbantu,61.5,42,79,25,tinggi,Kondisi biofisik relatif mendukung pemulihan vegetasi.,mangrove-priority-2016-2025-v0.1
1710,2,MPR-42070F7065,Senderek,Bengkalis,Bengkalis,0.14,P2,Regenerasi alami terbantu,61.5,41,80,25,tinggi,Kondisi biofisik relatif mendukung pemulihan vegetasi.,mangrove-priority-2016-2025-v0.1
1711,3,MPR-255D5B0909,Senderek,Bengkalis,Bengkalis,0.12,P2,Regenerasi alami terbantu,61.5,41,80,25,tinggi,Kondisi biofisik relatif mendukung pemulihan vegetasi.,mangrove-priority-2016-2025-v0.1
1712,4,MPR-38787CEDA5,Senderek,Bengkalis,Bengkalis,0.09,P2,Regenerasi alami terbantu,61.5,41,80,25,tinggi,Kondisi biofisik relatif mendukung pemulihan vegetasi.,mangrove-priority-2016-2025-v0.1
1713,160,MPR-9B0C5BEFDF,Suka Damai,Rupat Utara,Bengkalis,8.62,P4,Perlindungan pantai dahulu,61.3,75,73,90,tinggi,Risiko ketidakstabilan pesisir relatif tinggi.,mangrove-priority-2016-2025-v0.1
1714,1,MPR-B1D042C39A,Bukit Batu,Bukit Batu,Bengkalis,0.5,P2,Regenerasi alami terbantu,61.3,40,81,25,tinggi,Kondisi biofisik relatif mendukung pemulihan vegetasi.,mangrove-priority-2016-2025-v0.1
1715,120,MPR-0C875D0D90,Kelurahan Tanjungkapal,Rupat,Bengkalis,4.13,P4,Perlindungan pantai dahulu,61.2,67,79,83,tinggi,Risiko ketidakstabilan pesisir relatif tinggi.,mangrove-priority-2016-2025-v0.1
1716,121,MPR-EAFA4DCBCA,Kelurahan Tanjungkapal,Rupat,Bengkalis,4.03,P4,Perlindungan pantai dahulu,61.2,67,79,83,tinggi,Risiko ketidakstabilan pesisir relatif tinggi.,mangrove-priority-2016-2025-v0.1
1717,2,MPR-78F6CAA4AA,Bukit Batu,Bukit Batu,Bengkalis,0.14,P2,Regenerasi alami terbantu,61.2,39,82,25,tinggi,Kondisi biofisik relatif mendukung pemulihan vegetasi.,mangrove-priority-2016-2025-v0.1
1718,1,MPR-60303D2DF4,Kelurahan Pergam,Rupat,Bengkalis,0.44,P2,Regenerasi alami terbantu,61.0,40,80,25,tinggi,Kondisi biofisik relatif mendukung pemulihan vegetasi.,mangrove-priority-2016-2025-v0.1
1719,122,MPR-DB8C6CF570,Kelurahan Tanjungkapal,Rupat,Bengkalis,4.84,P4,Perlindungan pantai dahulu,60.9,68,78,85,tinggi,Risiko ketidakstabilan pesisir relatif tinggi.,mangrove-priority-2016-2025-v0.1
1720,3,MPR-CBF5B1515F,Bukit Batu,Bukit Batu,Bengkalis,3.0,P2,Regenerasi alami terbantu,60.9,43,78,29,tinggi,Kondisi biofisik relatif mendukung pemulihan vegetasi.,mangrove-priority-2016-2025-v0.1
1721,2,MPR-4930D35D1E,Kelurahan Pergam,Rupat,Bengkalis,0.15,P2,Regenerasi alami terbantu,60.9,39,81,25,tinggi,Kondisi biofisik relatif mendukung pemulihan vegetasi.,mangrove-priority-2016-2025-v0.1
1722,3,MPR-A453FCFDF9,Kelurahan Pergam,Rupat,Bengkalis,0.14,P2,Regenerasi alami terbantu,60.9,39,81,25,tinggi,Kondisi biofisik relatif mendukung pemulihan vegetasi.,mangrove-priority-2016-2025-v0.1
1723,15,MPR-F55DFBA491,Simpang Ayam,Bengkalis,Bengkalis,9.0,P4,Perlindungan pantai dahulu,60.8,75,72,91,tinggi,Risiko ketidakstabilan pesisir relatif tinggi.,mangrove-priority-2016-2025-v0.1
1724,4,MPR-075CECA0E6,Kelurahan Pergam,Rupat,Bengkalis,0.74,P2,Regenerasi alami terbantu,60.8,40,80,26,tinggi,Kondisi biofisik relatif mendukung pemulihan vegetasi.,mangrove-priority-2016-2025-v0.1
1725,5,MPR-E64441B5CD,Kelurahan Pergam,Rupat,Bengkalis,0.57,P2,Regenerasi alami terbantu,60.8,40,80,26,tinggi,Kondisi biofisik relatif mendukung pemulihan vegetasi.,mangrove-priority-2016-2025-v0.1
1726,63,MPR-9CC7FFBAC1,Batang Duku,Bukit Batu,Bengkalis,15.996,P4,Perlindungan pantai dahulu,60.7,81,63,89,tinggi,Risiko ketidakstabilan pesisir relatif tinggi.,mangrove-priority-2016-2025-v0.1
1727,161,MPR-8003EE21C0,Suka Damai,Rupat Utara,Bengkalis,13.77,P4,Perlindungan pantai dahulu,60.4,82,66,98,tinggi,Risiko ketidakstabilan pesisir relatif tinggi.,mangrove-priority-2016-2025-v0.1
1728,162,MPR-92FFF48A33,Suka Damai,Rupat Utara,Bengkalis,11.87,P4,Perlindungan pantai dahulu,60.4,79,68,95,tinggi,Risiko ketidakstabilan pesisir relatif tinggi.,mangrove-priority-2016-2025-v0.1
1729,1,MPR-4213F20D3D,Titi Akar,Rupat Utara,Bengkalis,0.77,P4,Perlindungan pantai dahulu,60.4,59,84,78,tinggi,Risiko ketidakstabilan pesisir relatif tinggi.,mangrove-priority-2016-2025-v0.1
1730,2,MPR-42344E29DE,Titi Akar,Rupat Utara,Bengkalis,0.73,P4,Perlindungan pantai dahulu,60.4,59,84,78,tinggi,Risiko ketidakstabilan pesisir relatif tinggi.,mangrove-priority-2016-2025-v0.1
1731,3,MPR-AC08854666,Titi Akar,Rupat Utara,Bengkalis,0.72,P4,Perlindungan pantai dahulu,60.4,59,84,78,tinggi,Risiko ketidakstabilan pesisir relatif tinggi.,mangrove-priority-2016-2025-v0.1
1732,4,MPR-C2126AF835,Titi Akar,Rupat Utara,Bengkalis,0.72,P4,Perlindungan pantai dahulu,60.4,59,84,78,tinggi,Risiko ketidakstabilan pesisir relatif tinggi.,mangrove-priority-2016-2025-v0.1
1733,5,MPR-280FF80A20,Titi Akar,Rupat Utara,Bengkalis,0.7,P4,Perlindungan pantai dahulu,60.4,59,84,78,tinggi,Risiko ketidakstabilan pesisir relatif tinggi.,mangrove-priority-2016-2025-v0.1
1734,6,MPR-424C0AC10D,Titi Akar,Rupat Utara,Bengkalis,0.69,P4,Perlindungan pantai dahulu,60.4,59,84,78,tinggi,Risiko ketidakstabilan pesisir relatif tinggi.,mangrove-priority-2016-2025-v0.1
1735,7,MPR-C14F7EF94D,Titi Akar,Rupat Utara,Bengkalis,0.69,P4,Perlindungan pantai dahulu,60.4,59,84,78,tinggi,Risiko ketidakstabilan pesisir relatif tinggi.,mangrove-priority-2016-2025-v0.1
1736,8,MPR-CA3F404C7A,Titi Akar,Rupat Utara,Bengkalis,0.68,P4,Perlindungan pantai dahulu,60.4,59,84,78,tinggi,Risiko ketidakstabilan pesisir relatif tinggi.,mangrove-priority-2016-2025-v0.1
1737,9,MPR-4FEB780EC4,Titi Akar,Rupat Utara,Bengkalis,0.67,P4,Perlindungan pantai dahulu,60.4,59,84,78,tinggi,Risiko ketidakstabilan pesisir relatif tinggi.,mangrove-priority-2016-2025-v0.1
1738,10,MPR-8B93C8F8DB,Titi Akar,Rupat Utara,Bengkalis,0.67,P4,Perlindungan pantai dahulu,60.4,59,84,78,tinggi,Risiko ketidakstabilan pesisir relatif tinggi.,mangrove-priority-2016-2025-v0.1
1739,11,MPR-3069D1833C,Titi Akar,Rupat Utara,Bengkalis,0.66,P4,Perlindungan pantai dahulu,60.4,59,84,78,tinggi,Risiko ketidakstabilan pesisir relatif tinggi.,mangrove-priority-2016-2025-v0.1
1740,12,MPR-A67CC453BD,Titi Akar,Rupat Utara,Bengkalis,0.66,P4,Perlindungan pantai dahulu,60.4,59,84,78,tinggi,Risiko ketidakstabilan pesisir relatif tinggi.,mangrove-priority-2016-2025-v0.1
1741,13,MPR-ACDA17D940,Titi Akar,Rupat Utara,Bengkalis,0.66,P4,Perlindungan pantai dahulu,60.4,59,84,78,tinggi,Risiko ketidakstabilan pesisir relatif tinggi.,mangrove-priority-2016-2025-v0.1
1742,14,MPR-6AAE36F47C,Titi Akar,Rupat Utara,Bengkalis,0.65,P4,Perlindungan pantai dahulu,60.4,59,84,78,tinggi,Risiko ketidakstabilan pesisir relatif tinggi.,mangrove-priority-2016-2025-v0.1
1743,15,MPR-DCF8796125,Titi Akar,Rupat Utara,Bengkalis,0.65,P4,Perlindungan pantai dahulu,60.4,59,84,78,tinggi,Risiko ketidakstabilan pesisir relatif tinggi.,mangrove-priority-2016-2025-v0.1
1744,16,MPR-7B7B3E5AA5,Titi Akar,Rupat Utara,Bengkalis,0.64,P4,Perlindungan pantai dahulu,60.4,59,84,78,tinggi,Risiko ketidakstabilan pesisir relatif tinggi.,mangrove-priority-2016-2025-v0.1
1745,17,MPR-CF0991A35A,Titi Akar,Rupat Utara,Bengkalis,0.64,P4,Perlindungan pantai dahulu,60.4,59,84,78,tinggi,Risiko ketidakstabilan pesisir relatif tinggi.,mangrove-priority-2016-2025-v0.1
1746,18,MPR-EEA97B74CF,Titi Akar,Rupat Utara,Bengkalis,0.62,P4,Perlindungan pantai dahulu,60.4,59,84,78,tinggi,Risiko ketidakstabilan pesisir relatif tinggi.,mangrove-priority-2016-2025-v0.1
1747,19,MPR-338F880426,Titi Akar,Rupat Utara,Bengkalis,0.59,P4,Perlindungan pantai dahulu,60.4,59,84,78,tinggi,Risiko ketidakstabilan pesisir relatif tinggi.,mangrove-priority-2016-2025-v0.1
1748,20,MPR-E7CCDBAC37,Titi Akar,Rupat Utara,Bengkalis,0.57,P4,Perlindungan pantai dahulu,60.4,59,84,78,tinggi,Risiko ketidakstabilan pesisir relatif tinggi.,mangrove-priority-2016-2025-v0.1
1749,21,MPR-8B50613A3E,Titi Akar,Rupat Utara,Bengkalis,0.56,P4,Perlindungan pantai dahulu,60.4,59,84,78,tinggi,Risiko ketidakstabilan pesisir relatif tinggi.,mangrove-priority-2016-2025-v0.1
1750,22,MPR-AF0252CF75,Titi Akar,Rupat Utara,Bengkalis,0.56,P4,Perlindungan pantai dahulu,60.4,59,84,78,tinggi,Risiko ketidakstabilan pesisir relatif tinggi.,mangrove-priority-2016-2025-v0.1
1751,23,MPR-C7DAB8D3D8,Titi Akar,Rupat Utara,Bengkalis,0.55,P4,Perlindungan pantai dahulu,60.4,59,84,78,tinggi,Risiko ketidakstabilan pesisir relatif tinggi.,mangrove-priority-2016-2025-v0.1
1752,24,MPR-57A87C8F37,Titi Akar,Rupat Utara,Bengkalis,0.54,P4,Perlindungan pantai dahulu,60.4,59,84,78,tinggi,Risiko ketidakstabilan pesisir relatif tinggi.,mangrove-priority-2016-2025-v0.1
1753,25,MPR-FB2C8DD841,Titi Akar,Rupat Utara,Bengkalis,0.53,P4,Perlindungan pantai dahulu,60.4,59,84,78,tinggi,Risiko ketidakstabilan pesisir relatif tinggi.,mangrove-priority-2016-2025-v0.1
1754,26,MPR-808D27078E,Titi Akar,Rupat Utara,Bengkalis,0.519,P4,Perlindungan pantai dahulu,60.4,59,84,78,tinggi,Risiko ketidakstabilan pesisir relatif tinggi.,mangrove-priority-2016-2025-v0.1
1755,27,MPR-FD2E6276E6,Titi Akar,Rupat Utara,Bengkalis,0.51,P4,Perlindungan pantai dahulu,60.4,59,84,78,tinggi,Risiko ketidakstabilan pesisir relatif tinggi.,mangrove-priority-2016-2025-v0.1
1756,28,MPR-1DE1EE24D3,Titi Akar,Rupat Utara,Bengkalis,0.48,P4,Perlindungan pantai dahulu,60.4,59,84,78,tinggi,Risiko ketidakstabilan pesisir relatif tinggi.,mangrove-priority-2016-2025-v0.1
1757,29,MPR-394F764960,Titi Akar,Rupat Utara,Bengkalis,0.48,P4,Perlindungan pantai dahulu,60.4,59,84,78,tinggi,Risiko ketidakstabilan pesisir relatif tinggi.,mangrove-priority-2016-2025-v0.1
1758,30,MPR-64A34EDD7A,Titi Akar,Rupat Utara,Bengkalis,0.48,P4,Perlindungan pantai dahulu,60.4,59,84,78,tinggi,Risiko ketidakstabilan pesisir relatif tinggi.,mangrove-priority-2016-2025-v0.1
1759,31,MPR-64AED76B29,Titi Akar,Rupat Utara,Bengkalis,0.48,P4,Perlindungan pantai dahulu,60.4,59,84,78,tinggi,Risiko ketidakstabilan pesisir relatif tinggi.,mangrove-priority-2016-2025-v0.1
1760,32,MPR-A2AB862DC4,Titi Akar,Rupat Utara,Bengkalis,0.48,P4,Perlindungan pantai dahulu,60.4,59,84,78,tinggi,Risiko ketidakstabilan pesisir relatif tinggi.,mangrove-priority-2016-2025-v0.1
1761,33,MPR-B5402470E4,Titi Akar,Rupat Utara,Bengkalis,0.48,P4,Perlindungan pantai dahulu,60.4,59,84,78,tinggi,Risiko ketidakstabilan pesisir relatif tinggi.,mangrove-priority-2016-2025-v0.1
1762,34,MPR-20DBEF0D47,Titi Akar,Rupat Utara,Bengkalis,0.46,P4,Perlindungan pantai dahulu,60.4,59,84,78,tinggi,Risiko ketidakstabilan pesisir relatif tinggi.,mangrove-priority-2016-2025-v0.1
1763,35,MPR-A49BD79623,Titi Akar,Rupat Utara,Bengkalis,0.43,P4,Perlindungan pantai dahulu,60.4,59,84,78,tinggi,Risiko ketidakstabilan pesisir relatif tinggi.,mangrove-priority-2016-2025-v0.1
1764,36,MPR-FF2BA63781,Titi Akar,Rupat Utara,Bengkalis,0.43,P4,Perlindungan pantai dahulu,60.4,59,84,78,tinggi,Risiko ketidakstabilan pesisir relatif tinggi.,mangrove-priority-2016-2025-v0.1
1765,37,MPR-FC06720D73,Titi Akar,Rupat Utara,Bengkalis,0.42,P4,Perlindungan pantai dahulu,60.4,59,84,78,tinggi,Risiko ketidakstabilan pesisir relatif tinggi.,mangrove-priority-2016-2025-v0.1
1766,38,MPR-F351BDEA25,Titi Akar,Rupat Utara,Bengkalis,0.167,P4,Perlindungan pantai dahulu,60.4,58,85,77,tinggi,Risiko ketidakstabilan pesisir relatif tinggi.,mangrove-priority-2016-2025-v0.1
1767,39,MPR-38AD51B10E,Titi Akar,Rupat Utara,Bengkalis,0.164,P4,Perlindungan pantai dahulu,60.4,58,85,77,tinggi,Risiko ketidakstabilan pesisir relatif tinggi.,mangrove-priority-2016-2025-v0.1
1768,40,MPR-0039CF71A4,Titi Akar,Rupat Utara,Bengkalis,0.16,P4,Perlindungan pantai dahulu,60.4,58,85,77,tinggi,Risiko ketidakstabilan pesisir relatif tinggi.,mangrove-priority-2016-2025-v0.1
1769,41,MPR-85E1F5E0F7,Titi Akar,Rupat Utara,Bengkalis,0.16,P4,Perlindungan pantai dahulu,60.4,58,85,77,tinggi,Risiko ketidakstabilan pesisir relatif tinggi.,mangrove-priority-2016-2025-v0.1
1770,42,MPR-86B05149DC,Titi Akar,Rupat Utara,Bengkalis,0.16,P4,Perlindungan pantai dahulu,60.4,58,85,77,tinggi,Risiko ketidakstabilan pesisir relatif tinggi.,mangrove-priority-2016-2025-v0.1
1771,43,MPR-3320859C83,Titi Akar,Rupat Utara,Bengkalis,0.157,P4,Perlindungan pantai dahulu,60.4,58,85,77,tinggi,Risiko ketidakstabilan pesisir relatif tinggi.,mangrove-priority-2016-2025-v0.1
1772,44,MPR-F190478115,Titi Akar,Rupat Utara,Bengkalis,0.153,P4,Perlindungan pantai dahulu,60.4,58,85,77,tinggi,Risiko ketidakstabilan pesisir relatif tinggi.,mangrove-priority-2016-2025-v0.1
1773,45,MPR-AE11A17B0A,Titi Akar,Rupat Utara,Bengkalis,0.151,P4,Perlindungan pantai dahulu,60.4,58,85,77,tinggi,Risiko ketidakstabilan pesisir relatif tinggi.,mangrove-priority-2016-2025-v0.1
1774,46,MPR-08AAFA3295,Titi Akar,Rupat Utara,Bengkalis,0.15,P4,Perlindungan pantai dahulu,60.4,58,85,77,tinggi,Risiko ketidakstabilan pesisir relatif tinggi.,mangrove-priority-2016-2025-v0.1
1775,47,MPR-1204190F24,Titi Akar,Rupat Utara,Bengkalis,0.15,P4,Perlindungan pantai dahulu,60.4,58,85,77,tinggi,Risiko ketidakstabilan pesisir relatif tinggi.,mangrove-priority-2016-2025-v0.1
1776,48,MPR-2538491F60,Titi Akar,Rupat Utara,Bengkalis,0.15,P4,Perlindungan pantai dahulu,60.4,58,85,77,tinggi,Risiko ketidakstabilan pesisir relatif tinggi.,mangrove-priority-2016-2025-v0.1
1777,49,MPR-2C408471E2,Titi Akar,Rupat Utara,Bengkalis,0.15,P4,Perlindungan pantai dahulu,60.4,58,85,77,tinggi,Risiko ketidakstabilan pesisir relatif tinggi.,mangrove-priority-2016-2025-v0.1
1778,50,MPR-9B5E3B0614,Titi Akar,Rupat Utara,Bengkalis,0.15,P4,Perlindungan pantai dahulu,60.4,58,85,77,tinggi,Risiko ketidakstabilan pesisir relatif tinggi.,mangrove-priority-2016-2025-v0.1
1779,51,MPR-C5025263A2,Titi Akar,Rupat Utara,Bengkalis,0.15,P4,Perlindungan pantai dahulu,60.4,58,85,77,tinggi,Risiko ketidakstabilan pesisir relatif tinggi.,mangrove-priority-2016-2025-v0.1
1780,52,MPR-D0CDEC3B2F,Titi Akar,Rupat Utara,Bengkalis,0.15,P4,Perlindungan pantai dahulu,60.4,58,85,77,tinggi,Risiko ketidakstabilan pesisir relatif tinggi.,mangrove-priority-2016-2025-v0.1
1781,53,MPR-EED1773DBA,Titi Akar,Rupat Utara,Bengkalis,0.15,P4,Perlindungan pantai dahulu,60.4,58,85,77,tinggi,Risiko ketidakstabilan pesisir relatif tinggi.,mangrove-priority-2016-2025-v0.1
1782,54,MPR-F963DE7853,Titi Akar,Rupat Utara,Bengkalis,0.15,P4,Perlindungan pantai dahulu,60.4,58,85,77,tinggi,Risiko ketidakstabilan pesisir relatif tinggi.,mangrove-priority-2016-2025-v0.1
1783,55,MPR-8BF78E6281,Titi Akar,Rupat Utara,Bengkalis,0.147,P4,Perlindungan pantai dahulu,60.4,58,85,77,tinggi,Risiko ketidakstabilan pesisir relatif tinggi.,mangrove-priority-2016-2025-v0.1
1784,56,MPR-60E61752F5,Titi Akar,Rupat Utara,Bengkalis,0.145,P4,Perlindungan pantai dahulu,60.4,58,85,77,tinggi,Risiko ketidakstabilan pesisir relatif tinggi.,mangrove-priority-2016-2025-v0.1
1785,57,MPR-87B58113EB,Titi Akar,Rupat Utara,Bengkalis,0.143,P4,Perlindungan pantai dahulu,60.4,58,85,77,tinggi,Risiko ketidakstabilan pesisir relatif tinggi.,mangrove-priority-2016-2025-v0.1
1786,58,MPR-134BCA1F41,Titi Akar,Rupat Utara,Bengkalis,0.14,P4,Perlindungan pantai dahulu,60.4,58,85,77,tinggi,Risiko ketidakstabilan pesisir relatif tinggi.,mangrove-priority-2016-2025-v0.1
1787,59,MPR-1D88818652,Titi Akar,Rupat Utara,Bengkalis,0.14,P4,Perlindungan pantai dahulu,60.4,58,85,77,tinggi,Risiko ketidakstabilan pesisir relatif tinggi.,mangrove-priority-2016-2025-v0.1
1788,60,MPR-4EB125D795,Titi Akar,Rupat Utara,Bengkalis,0.14,P4,Perlindungan pantai dahulu,60.4,58,85,77,tinggi,Risiko ketidakstabilan pesisir relatif tinggi.,mangrove-priority-2016-2025-v0.1
1789,61,MPR-6FA4BAC99D,Titi Akar,Rupat Utara,Bengkalis,0.14,P4,Perlindungan pantai dahulu,60.4,58,85,77,tinggi,Risiko ketidakstabilan pesisir relatif tinggi.,mangrove-priority-2016-2025-v0.1
1790,62,MPR-88886A52C1,Titi Akar,Rupat Utara,Bengkalis,0.14,P4,Perlindungan pantai dahulu,60.4,58,85,77,tinggi,Risiko ketidakstabilan pesisir relatif tinggi.,mangrove-priority-2016-2025-v0.1
1791,63,MPR-9567F81CED,Titi Akar,Rupat Utara,Bengkalis,0.14,P4,Perlindungan pantai dahulu,60.4,58,85,77,tinggi,Risiko ketidakstabilan pesisir relatif tinggi.,mangrove-priority-2016-2025-v0.1
1792,64,MPR-9B1B8C06B1,Titi Akar,Rupat Utara,Bengkalis,0.14,P4,Perlindungan pantai dahulu,60.4,58,85,77,tinggi,Risiko ketidakstabilan pesisir relatif tinggi.,mangrove-priority-2016-2025-v0.1
1793,65,MPR-9BE1B12EA8,Titi Akar,Rupat Utara,Bengkalis,0.14,P4,Perlindungan pantai dahulu,60.4,58,85,77,tinggi,Risiko ketidakstabilan pesisir relatif tinggi.,mangrove-priority-2016-2025-v0.1
1794,66,MPR-ADD9607E07,Titi Akar,Rupat Utara,Bengkalis,0.14,P4,Perlindungan pantai dahulu,60.4,58,85,77,tinggi,Risiko ketidakstabilan pesisir relatif tinggi.,mangrove-priority-2016-2025-v0.1
1795,67,MPR-C9FFDA6BB6,Titi Akar,Rupat Utara,Bengkalis,0.14,P4,Perlindungan pantai dahulu,60.4,58,85,77,tinggi,Risiko ketidakstabilan pesisir relatif tinggi.,mangrove-priority-2016-2025-v0.1
1796,68,MPR-FEE38F83AE,Titi Akar,Rupat Utara,Bengkalis,0.14,P4,Perlindungan pantai dahulu,60.4,58,85,77,tinggi,Risiko ketidakstabilan pesisir relatif tinggi.,mangrove-priority-2016-2025-v0.1
1797,69,MPR-FF40E2F77F,Titi Akar,Rupat Utara,Bengkalis,0.14,P4,Perlindungan pantai dahulu,60.4,58,85,77,tinggi,Risiko ketidakstabilan pesisir relatif tinggi.,mangrove-priority-2016-2025-v0.1
1798,70,MPR-3EFA9878EA,Titi Akar,Rupat Utara,Bengkalis,0.133,P4,Perlindungan pantai dahulu,60.4,58,85,77,tinggi,Risiko ketidakstabilan pesisir relatif tinggi.,mangrove-priority-2016-2025-v0.1
1799,71,MPR-A092C54B7F,Titi Akar,Rupat Utara,Bengkalis,0.131,P4,Perlindungan pantai dahulu,60.4,58,85,77,tinggi,Risiko ketidakstabilan pesisir relatif tinggi.,mangrove-priority-2016-2025-v0.1
1800,72,MPR-1EE4ED9D80,Titi Akar,Rupat Utara,Bengkalis,0.13,P4,Perlindungan pantai dahulu,60.4,58,85,77,tinggi,Risiko ketidakstabilan pesisir relatif tinggi.,mangrove-priority-2016-2025-v0.1
1801,73,MPR-348E4E6961,Titi Akar,Rupat Utara,Bengkalis,0.13,P4,Perlindungan pantai dahulu,60.4,58,85,77,tinggi,Risiko ketidakstabilan pesisir relatif tinggi.,mangrove-priority-2016-2025-v0.1
1802,74,MPR-755033500B,Titi Akar,Rupat Utara,Bengkalis,0.13,P4,Perlindungan pantai dahulu,60.4,58,85,77,tinggi,Risiko ketidakstabilan pesisir relatif tinggi.,mangrove-priority-2016-2025-v0.1
1803,75,MPR-9DC78E9E02,Titi Akar,Rupat Utara,Bengkalis,0.13,P4,Perlindungan pantai dahulu,60.4,58,85,77,tinggi,Risiko ketidakstabilan pesisir relatif tinggi.,mangrove-priority-2016-2025-v0.1
1804,76,MPR-A32155937D,Titi Akar,Rupat Utara,Bengkalis,0.13,P4,Perlindungan pantai dahulu,60.4,58,85,77,tinggi,Risiko ketidakstabilan pesisir relatif tinggi.,mangrove-priority-2016-2025-v0.1
1805,77,MPR-7C6CFD1F2F,Titi Akar,Rupat Utara,Bengkalis,0.128,P4,Perlindungan pantai dahulu,60.4,58,85,77,tinggi,Risiko ketidakstabilan pesisir relatif tinggi.,mangrove-priority-2016-2025-v0.1
1806,78,MPR-C611764EB7,Titi Akar,Rupat Utara,Bengkalis,0.124,P4,Perlindungan pantai dahulu,60.4,58,85,77,tinggi,Risiko ketidakstabilan pesisir relatif tinggi.,mangrove-priority-2016-2025-v0.1
1807,79,MPR-04DA9A30C7,Titi Akar,Rupat Utara,Bengkalis,0.12,P4,Perlindungan pantai dahulu,60.4,58,85,77,tinggi,Risiko ketidakstabilan pesisir relatif tinggi.,mangrove-priority-2016-2025-v0.1
1808,80,MPR-17F69EB5CE,Titi Akar,Rupat Utara,Bengkalis,0.12,P4,Perlindungan pantai dahulu,60.4,58,85,77,tinggi,Risiko ketidakstabilan pesisir relatif tinggi.,mangrove-priority-2016-2025-v0.1
1809,81,MPR-212FB8DC2F,Titi Akar,Rupat Utara,Bengkalis,0.12,P4,Perlindungan pantai dahulu,60.4,58,85,77,tinggi,Risiko ketidakstabilan pesisir relatif tinggi.,mangrove-priority-2016-2025-v0.1
1810,82,MPR-3121DD9FB1,Titi Akar,Rupat Utara,Bengkalis,0.12,P4,Perlindungan pantai dahulu,60.4,58,85,77,tinggi,Risiko ketidakstabilan pesisir relatif tinggi.,mangrove-priority-2016-2025-v0.1
1811,83,MPR-3D4B5EE8F6,Titi Akar,Rupat Utara,Bengkalis,0.12,P4,Perlindungan pantai dahulu,60.4,58,85,77,tinggi,Risiko ketidakstabilan pesisir relatif tinggi.,mangrove-priority-2016-2025-v0.1
1812,84,MPR-515CAC9B45,Titi Akar,Rupat Utara,Bengkalis,0.12,P4,Perlindungan pantai dahulu,60.4,58,85,77,tinggi,Risiko ketidakstabilan pesisir relatif tinggi.,mangrove-priority-2016-2025-v0.1
1813,85,MPR-7037E2CCEC,Titi Akar,Rupat Utara,Bengkalis,0.12,P4,Perlindungan pantai dahulu,60.4,58,85,77,tinggi,Risiko ketidakstabilan pesisir relatif tinggi.,mangrove-priority-2016-2025-v0.1
1814,86,MPR-CB25C8F164,Titi Akar,Rupat Utara,Bengkalis,0.12,P4,Perlindungan pantai dahulu,60.4,58,85,77,tinggi,Risiko ketidakstabilan pesisir relatif tinggi.,mangrove-priority-2016-2025-v0.1
1815,87,MPR-EE78C11026,Titi Akar,Rupat Utara,Bengkalis,0.12,P4,Perlindungan pantai dahulu,60.4,58,85,77,tinggi,Risiko ketidakstabilan pesisir relatif tinggi.,mangrove-priority-2016-2025-v0.1
1816,88,MPR-EEFDAE6AD3,Titi Akar,Rupat Utara,Bengkalis,0.12,P4,Perlindungan pantai dahulu,60.4,58,85,77,tinggi,Risiko ketidakstabilan pesisir relatif tinggi.,mangrove-priority-2016-2025-v0.1
1817,89,MPR-1FB9A79A1A,Titi Akar,Rupat Utara,Bengkalis,0.119,P4,Perlindungan pantai dahulu,60.4,58,85,77,tinggi,Risiko ketidakstabilan pesisir relatif tinggi.,mangrove-priority-2016-2025-v0.1
1818,90,MPR-AA96E83145,Titi Akar,Rupat Utara,Bengkalis,0.111,P4,Perlindungan pantai dahulu,60.4,58,85,77,tinggi,Risiko ketidakstabilan pesisir relatif tinggi.,mangrove-priority-2016-2025-v0.1
1819,91,MPR-20ECCC2276,Titi Akar,Rupat Utara,Bengkalis,0.11,P4,Perlindungan pantai dahulu,60.4,58,85,77,tinggi,Risiko ketidakstabilan pesisir relatif tinggi.,mangrove-priority-2016-2025-v0.1
1820,92,MPR-3CF643D739,Titi Akar,Rupat Utara,Bengkalis,0.11,P4,Perlindungan pantai dahulu,60.4,58,85,77,tinggi,Risiko ketidakstabilan pesisir relatif tinggi.,mangrove-priority-2016-2025-v0.1
1821,93,MPR-481D942E19,Titi Akar,Rupat Utara,Bengkalis,0.11,P4,Perlindungan pantai dahulu,60.4,58,85,77,tinggi,Risiko ketidakstabilan pesisir relatif tinggi.,mangrove-priority-2016-2025-v0.1
1822,94,MPR-686E4B7584,Titi Akar,Rupat Utara,Bengkalis,0.11,P4,Perlindungan pantai dahulu,60.4,58,85,77,tinggi,Risiko ketidakstabilan pesisir relatif tinggi.,mangrove-priority-2016-2025-v0.1
1823,95,MPR-87B61A6EC3,Titi Akar,Rupat Utara,Bengkalis,0.11,P4,Perlindungan pantai dahulu,60.4,58,85,77,tinggi,Risiko ketidakstabilan pesisir relatif tinggi.,mangrove-priority-2016-2025-v0.1
1824,96,MPR-C955E75995,Titi Akar,Rupat Utara,Bengkalis,0.11,P4,Perlindungan pantai dahulu,60.4,58,85,77,tinggi,Risiko ketidakstabilan pesisir relatif tinggi.,mangrove-priority-2016-2025-v0.1
1825,97,MPR-ECDF26B6CE,Titi Akar,Rupat Utara,Bengkalis,0.11,P4,Perlindungan pantai dahulu,60.4,58,85,77,tinggi,Risiko ketidakstabilan pesisir relatif tinggi.,mangrove-priority-2016-2025-v0.1
1826,98,MPR-EF6EAA5355,Titi Akar,Rupat Utara,Bengkalis,0.11,P4,Perlindungan pantai dahulu,60.4,58,85,77,tinggi,Risiko ketidakstabilan pesisir relatif tinggi.,mangrove-priority-2016-2025-v0.1
1827,99,MPR-F9851512A6,Titi Akar,Rupat Utara,Bengkalis,0.11,P4,Perlindungan pantai dahulu,60.4,58,85,77,tinggi,Risiko ketidakstabilan pesisir relatif tinggi.,mangrove-priority-2016-2025-v0.1
1828,100,MPR-9CCE5487D3,Titi Akar,Rupat Utara,Bengkalis,0.106,P4,Perlindungan pantai dahulu,60.4,58,85,77,tinggi,Risiko ketidakstabilan pesisir relatif tinggi.,mangrove-priority-2016-2025-v0.1
1829,101,MPR-B7FA048F53,Titi Akar,Rupat Utara,Bengkalis,0.101,P4,Perlindungan pantai dahulu,60.4,58,85,77,tinggi,Risiko ketidakstabilan pesisir relatif tinggi.,mangrove-priority-2016-2025-v0.1
1830,102,MPR-04FB07F920,Titi Akar,Rupat Utara,Bengkalis,0.1,P4,Perlindungan pantai dahulu,60.4,58,85,77,tinggi,Risiko ketidakstabilan pesisir relatif tinggi.,mangrove-priority-2016-2025-v0.1
1831,103,MPR-092F9296A8,Titi Akar,Rupat Utara,Bengkalis,0.1,P4,Perlindungan pantai dahulu,60.4,58,85,77,tinggi,Risiko ketidakstabilan pesisir relatif tinggi.,mangrove-priority-2016-2025-v0.1
1832,104,MPR-1CF322214C,Titi Akar,Rupat Utara,Bengkalis,0.1,P4,Perlindungan pantai dahulu,60.4,58,85,77,tinggi,Risiko ketidakstabilan pesisir relatif tinggi.,mangrove-priority-2016-2025-v0.1
1833,105,MPR-21BC2A97AC,Titi Akar,Rupat Utara,Bengkalis,0.1,P4,Perlindungan pantai dahulu,60.4,58,85,77,tinggi,Risiko ketidakstabilan pesisir relatif tinggi.,mangrove-priority-2016-2025-v0.1
1834,106,MPR-24A9F37FEB,Titi Akar,Rupat Utara,Bengkalis,0.1,P4,Perlindungan pantai dahulu,60.4,58,85,77,tinggi,Risiko ketidakstabilan pesisir relatif tinggi.,mangrove-priority-2016-2025-v0.1
1835,107,MPR-2B40BD1FF0,Titi Akar,Rupat Utara,Bengkalis,0.1,P4,Perlindungan pantai dahulu,60.4,58,85,77,tinggi,Risiko ketidakstabilan pesisir relatif tinggi.,mangrove-priority-2016-2025-v0.1
1836,108,MPR-38BECB7A34,Titi Akar,Rupat Utara,Bengkalis,0.1,P4,Perlindungan pantai dahulu,60.4,58,85,77,tinggi,Risiko ketidakstabilan pesisir relatif tinggi.,mangrove-priority-2016-2025-v0.1
1837,109,MPR-3D02EB29C6,Titi Akar,Rupat Utara,Bengkalis,0.1,P4,Perlindungan pantai dahulu,60.4,58,85,77,tinggi,Risiko ketidakstabilan pesisir relatif tinggi.,mangrove-priority-2016-2025-v0.1
1838,110,MPR-3E3C230A3A,Titi Akar,Rupat Utara,Bengkalis,0.1,P4,Perlindungan pantai dahulu,60.4,58,85,77,tinggi,Risiko ketidakstabilan pesisir relatif tinggi.,mangrove-priority-2016-2025-v0.1
1839,111,MPR-5F133AEB97,Titi Akar,Rupat Utara,Bengkalis,0.1,P4,Perlindungan pantai dahulu,60.4,58,85,77,tinggi,Risiko ketidakstabilan pesisir relatif tinggi.,mangrove-priority-2016-2025-v0.1
1840,112,MPR-8B502FDF8B,Titi Akar,Rupat Utara,Bengkalis,0.1,P4,Perlindungan pantai dahulu,60.4,58,85,77,tinggi,Risiko ketidakstabilan pesisir relatif tinggi.,mangrove-priority-2016-2025-v0.1
1841,113,MPR-93CD078BD7,Titi Akar,Rupat Utara,Bengkalis,0.1,P4,Perlindungan pantai dahulu,60.4,58,85,77,tinggi,Risiko ketidakstabilan pesisir relatif tinggi.,mangrove-priority-2016-2025-v0.1
1842,114,MPR-B71B4C5971,Titi Akar,Rupat Utara,Bengkalis,0.1,P4,Perlindungan pantai dahulu,60.4,58,85,77,tinggi,Risiko ketidakstabilan pesisir relatif tinggi.,mangrove-priority-2016-2025-v0.1
1843,115,MPR-BCC5676F4D,Titi Akar,Rupat Utara,Bengkalis,0.1,P4,Perlindungan pantai dahulu,60.4,58,85,77,tinggi,Risiko ketidakstabilan pesisir relatif tinggi.,mangrove-priority-2016-2025-v0.1
1844,116,MPR-C16319FAD3,Titi Akar,Rupat Utara,Bengkalis,0.1,P4,Perlindungan pantai dahulu,60.4,58,85,77,tinggi,Risiko ketidakstabilan pesisir relatif tinggi.,mangrove-priority-2016-2025-v0.1
1845,117,MPR-C839BBB24E,Titi Akar,Rupat Utara,Bengkalis,0.1,P4,Perlindungan pantai dahulu,60.4,58,85,77,tinggi,Risiko ketidakstabilan pesisir relatif tinggi.,mangrove-priority-2016-2025-v0.1
1846,118,MPR-CB8E6A3667,Titi Akar,Rupat Utara,Bengkalis,0.1,P4,Perlindungan pantai dahulu,60.4,58,85,77,tinggi,Risiko ketidakstabilan pesisir relatif tinggi.,mangrove-priority-2016-2025-v0.1
1847,119,MPR-D20B2ACECE,Titi Akar,Rupat Utara,Bengkalis,0.1,P4,Perlindungan pantai dahulu,60.4,58,85,77,tinggi,Risiko ketidakstabilan pesisir relatif tinggi.,mangrove-priority-2016-2025-v0.1
1848,120,MPR-DA5B16A9A5,Titi Akar,Rupat Utara,Bengkalis,0.1,P4,Perlindungan pantai dahulu,60.4,58,85,77,tinggi,Risiko ketidakstabilan pesisir relatif tinggi.,mangrove-priority-2016-2025-v0.1
1849,121,MPR-E02B1019A7,Titi Akar,Rupat Utara,Bengkalis,0.1,P4,Perlindungan pantai dahulu,60.4,58,85,77,tinggi,Risiko ketidakstabilan pesisir relatif tinggi.,mangrove-priority-2016-2025-v0.1
1850,122,MPR-68FB61AE5B,Titi Akar,Rupat Utara,Bengkalis,0.096,P4,Perlindungan pantai dahulu,60.4,58,85,77,tinggi,Risiko ketidakstabilan pesisir relatif tinggi.,mangrove-priority-2016-2025-v0.1
1851,123,MPR-42EAEDE7AE,Titi Akar,Rupat Utara,Bengkalis,0.094,P4,Perlindungan pantai dahulu,60.4,58,85,77,tinggi,Risiko ketidakstabilan pesisir relatif tinggi.,mangrove-priority-2016-2025-v0.1
1852,124,MPR-103E43969D,Titi Akar,Rupat Utara,Bengkalis,0.09,P4,Perlindungan pantai dahulu,60.4,58,85,77,tinggi,Risiko ketidakstabilan pesisir relatif tinggi.,mangrove-priority-2016-2025-v0.1
1853,125,MPR-124F1DB13F,Titi Akar,Rupat Utara,Bengkalis,0.09,P4,Perlindungan pantai dahulu,60.4,58,85,77,tinggi,Risiko ketidakstabilan pesisir relatif tinggi.,mangrove-priority-2016-2025-v0.1
1854,126,MPR-E8ADBB4485,Titi Akar,Rupat Utara,Bengkalis,0.09,P4,Perlindungan pantai dahulu,60.4,58,85,77,tinggi,Risiko ketidakstabilan pesisir relatif tinggi.,mangrove-priority-2016-2025-v0.1
1855,127,MPR-61E23F0CDD,Titi Akar,Rupat Utara,Bengkalis,0.086,P4,Perlindungan pantai dahulu,60.4,58,85,77,tinggi,Risiko ketidakstabilan pesisir relatif tinggi.,mangrove-priority-2016-2025-v0.1
1856,128,MPR-898F1F9885,Titi Akar,Rupat Utara,Bengkalis,0.084,P4,Perlindungan pantai dahulu,60.4,58,85,77,tinggi,Risiko ketidakstabilan pesisir relatif tinggi.,mangrove-priority-2016-2025-v0.1
1857,129,MPR-3156CC16C1,Titi Akar,Rupat Utara,Bengkalis,0.081,P4,Perlindungan pantai dahulu,60.4,58,85,77,tinggi,Risiko ketidakstabilan pesisir relatif tinggi.,mangrove-priority-2016-2025-v0.1
1858,130,MPR-2452BD63C1,Titi Akar,Rupat Utara,Bengkalis,0.08,P4,Perlindungan pantai dahulu,60.4,58,85,77,tinggi,Risiko ketidakstabilan pesisir relatif tinggi.,mangrove-priority-2016-2025-v0.1
1859,131,MPR-2E23606654,Titi Akar,Rupat Utara,Bengkalis,0.08,P4,Perlindungan pantai dahulu,60.4,58,85,77,tinggi,Risiko ketidakstabilan pesisir relatif tinggi.,mangrove-priority-2016-2025-v0.1
1860,132,MPR-32C111F824,Titi Akar,Rupat Utara,Bengkalis,0.08,P4,Perlindungan pantai dahulu,60.4,58,85,77,tinggi,Risiko ketidakstabilan pesisir relatif tinggi.,mangrove-priority-2016-2025-v0.1
1861,133,MPR-4FF4C993E5,Titi Akar,Rupat Utara,Bengkalis,0.08,P4,Perlindungan pantai dahulu,60.4,58,85,77,tinggi,Risiko ketidakstabilan pesisir relatif tinggi.,mangrove-priority-2016-2025-v0.1
1862,134,MPR-57919E1D67,Titi Akar,Rupat Utara,Bengkalis,0.08,P4,Perlindungan pantai dahulu,60.4,58,85,77,tinggi,Risiko ketidakstabilan pesisir relatif tinggi.,mangrove-priority-2016-2025-v0.1
1863,135,MPR-5D9085F956,Titi Akar,Rupat Utara,Bengkalis,0.08,P4,Perlindungan pantai dahulu,60.4,58,85,77,tinggi,Risiko ketidakstabilan pesisir relatif tinggi.,mangrove-priority-2016-2025-v0.1
1864,136,MPR-67215137E0,Titi Akar,Rupat Utara,Bengkalis,0.08,P4,Perlindungan pantai dahulu,60.4,58,85,77,tinggi,Risiko ketidakstabilan pesisir relatif tinggi.,mangrove-priority-2016-2025-v0.1
1865,137,MPR-78E2C0811A,Titi Akar,Rupat Utara,Bengkalis,0.08,P4,Perlindungan pantai dahulu,60.4,58,85,77,tinggi,Risiko ketidakstabilan pesisir relatif tinggi.,mangrove-priority-2016-2025-v0.1
1866,138,MPR-8246B299D5,Titi Akar,Rupat Utara,Bengkalis,0.08,P4,Perlindungan pantai dahulu,60.4,58,85,77,tinggi,Risiko ketidakstabilan pesisir relatif tinggi.,mangrove-priority-2016-2025-v0.1
1867,139,MPR-8A60B61F53,Titi Akar,Rupat Utara,Bengkalis,0.08,P4,Perlindungan pantai dahulu,60.4,58,85,77,tinggi,Risiko ketidakstabilan pesisir relatif tinggi.,mangrove-priority-2016-2025-v0.1
1868,140,MPR-91175ABE4D,Titi Akar,Rupat Utara,Bengkalis,0.08,P4,Perlindungan pantai dahulu,60.4,58,85,77,tinggi,Risiko ketidakstabilan pesisir relatif tinggi.,mangrove-priority-2016-2025-v0.1
1869,141,MPR-9EDBA48971,Titi Akar,Rupat Utara,Bengkalis,0.08,P4,Perlindungan pantai dahulu,60.4,58,85,77,tinggi,Risiko ketidakstabilan pesisir relatif tinggi.,mangrove-priority-2016-2025-v0.1
1870,142,MPR-A1036E4E50,Titi Akar,Rupat Utara,Bengkalis,0.08,P4,Perlindungan pantai dahulu,60.4,58,85,77,tinggi,Risiko ketidakstabilan pesisir relatif tinggi.,mangrove-priority-2016-2025-v0.1
1871,143,MPR-A57CB74DCA,Titi Akar,Rupat Utara,Bengkalis,0.08,P4,Perlindungan pantai dahulu,60.4,58,85,77,tinggi,Risiko ketidakstabilan pesisir relatif tinggi.,mangrove-priority-2016-2025-v0.1
1872,144,MPR-A6114CADD6,Titi Akar,Rupat Utara,Bengkalis,0.08,P4,Perlindungan pantai dahulu,60.4,58,85,77,tinggi,Risiko ketidakstabilan pesisir relatif tinggi.,mangrove-priority-2016-2025-v0.1
1873,145,MPR-A8CE02569E,Titi Akar,Rupat Utara,Bengkalis,0.08,P4,Perlindungan pantai dahulu,60.4,58,85,77,tinggi,Risiko ketidakstabilan pesisir relatif tinggi.,mangrove-priority-2016-2025-v0.1
1874,146,MPR-ABE73A4DD3,Titi Akar,Rupat Utara,Bengkalis,0.08,P4,Perlindungan pantai dahulu,60.4,58,85,77,tinggi,Risiko ketidakstabilan pesisir relatif tinggi.,mangrove-priority-2016-2025-v0.1
1875,147,MPR-ACD7999B46,Titi Akar,Rupat Utara,Bengkalis,0.08,P4,Perlindungan pantai dahulu,60.4,58,85,77,tinggi,Risiko ketidakstabilan pesisir relatif tinggi.,mangrove-priority-2016-2025-v0.1
1876,148,MPR-F893C7079B,Titi Akar,Rupat Utara,Bengkalis,0.08,P4,Perlindungan pantai dahulu,60.4,58,85,77,tinggi,Risiko ketidakstabilan pesisir relatif tinggi.,mangrove-priority-2016-2025-v0.1
1877,149,MPR-C92682296B,Titi Akar,Rupat Utara,Bengkalis,0.078,P4,Perlindungan pantai dahulu,60.4,58,85,77,tinggi,Risiko ketidakstabilan pesisir relatif tinggi.,mangrove-priority-2016-2025-v0.1
1878,150,MPR-89F34F268B,Titi Akar,Rupat Utara,Bengkalis,0.072,P4,Perlindungan pantai dahulu,60.4,58,85,77,tinggi,Risiko ketidakstabilan pesisir relatif tinggi.,mangrove-priority-2016-2025-v0.1
1879,151,MPR-ADCFF62EF6,Titi Akar,Rupat Utara,Bengkalis,0.072,P4,Perlindungan pantai dahulu,60.4,58,85,77,tinggi,Risiko ketidakstabilan pesisir relatif tinggi.,mangrove-priority-2016-2025-v0.1
1880,152,MPR-D1156D83B0,Titi Akar,Rupat Utara,Bengkalis,0.072,P4,Perlindungan pantai dahulu,60.4,58,85,77,tinggi,Risiko ketidakstabilan pesisir relatif tinggi.,mangrove-priority-2016-2025-v0.1
1881,153,MPR-499900AF4B,Titi Akar,Rupat Utara,Bengkalis,0.07,P4,Perlindungan pantai dahulu,60.4,58,85,77,tinggi,Risiko ketidakstabilan pesisir relatif tinggi.,mangrove-priority-2016-2025-v0.1
1882,154,MPR-2159C3CAB3,Titi Akar,Rupat Utara,Bengkalis,0.052,P4,Perlindungan pantai dahulu,60.4,58,85,77,tinggi,Risiko ketidakstabilan pesisir relatif tinggi.,mangrove-priority-2016-2025-v0.1
1883,155,MPR-5404CE9779,Titi Akar,Rupat Utara,Bengkalis,0.051,P4,Perlindungan pantai dahulu,60.4,58,85,77,tinggi,Risiko ketidakstabilan pesisir relatif tinggi.,mangrove-priority-2016-2025-v0.1
1884,156,MPR-A6CAFA5C04,Titi Akar,Rupat Utara,Bengkalis,0.051,P4,Perlindungan pantai dahulu,60.4,58,85,77,tinggi,Risiko ketidakstabilan pesisir relatif tinggi.,mangrove-priority-2016-2025-v0.1
1885,157,MPR-07BB532948,Titi Akar,Rupat Utara,Bengkalis,0.05,P4,Perlindungan pantai dahulu,60.4,58,85,77,tinggi,Risiko ketidakstabilan pesisir relatif tinggi.,mangrove-priority-2016-2025-v0.1
1886,158,MPR-132E02F903,Titi Akar,Rupat Utara,Bengkalis,0.05,P4,Perlindungan pantai dahulu,60.4,58,85,77,tinggi,Risiko ketidakstabilan pesisir relatif tinggi.,mangrove-priority-2016-2025-v0.1
1887,159,MPR-15C17EE9C8,Titi Akar,Rupat Utara,Bengkalis,0.05,P4,Perlindungan pantai dahulu,60.4,58,85,77,tinggi,Risiko ketidakstabilan pesisir relatif tinggi.,mangrove-priority-2016-2025-v0.1
1888,160,MPR-19A75FC52C,Titi Akar,Rupat Utara,Bengkalis,0.05,P4,Perlindungan pantai dahulu,60.4,58,85,77,tinggi,Risiko ketidakstabilan pesisir relatif tinggi.,mangrove-priority-2016-2025-v0.1
1889,161,MPR-252986C7CA,Titi Akar,Rupat Utara,Bengkalis,0.05,P4,Perlindungan pantai dahulu,60.4,58,85,77,tinggi,Risiko ketidakstabilan pesisir relatif tinggi.,mangrove-priority-2016-2025-v0.1
1890,162,MPR-25EBB11095,Titi Akar,Rupat Utara,Bengkalis,0.05,P4,Perlindungan pantai dahulu,60.4,58,85,77,tinggi,Risiko ketidakstabilan pesisir relatif tinggi.,mangrove-priority-2016-2025-v0.1
1891,163,MPR-3B02E2DD1F,Titi Akar,Rupat Utara,Bengkalis,0.05,P4,Perlindungan pantai dahulu,60.4,58,85,77,tinggi,Risiko ketidakstabilan pesisir relatif tinggi.,mangrove-priority-2016-2025-v0.1
1892,164,MPR-5C7E466D62,Titi Akar,Rupat Utara,Bengkalis,0.05,P4,Perlindungan pantai dahulu,60.4,58,85,77,tinggi,Risiko ketidakstabilan pesisir relatif tinggi.,mangrove-priority-2016-2025-v0.1
1893,165,MPR-67CB4EB9CE,Titi Akar,Rupat Utara,Bengkalis,0.05,P4,Perlindungan pantai dahulu,60.4,58,85,77,tinggi,Risiko ketidakstabilan pesisir relatif tinggi.,mangrove-priority-2016-2025-v0.1
1894,166,MPR-6A59FB9E4F,Titi Akar,Rupat Utara,Bengkalis,0.05,P4,Perlindungan pantai dahulu,60.4,58,85,77,tinggi,Risiko ketidakstabilan pesisir relatif tinggi.,mangrove-priority-2016-2025-v0.1
1895,167,MPR-7F05EC6B9F,Titi Akar,Rupat Utara,Bengkalis,0.05,P4,Perlindungan pantai dahulu,60.4,58,85,77,tinggi,Risiko ketidakstabilan pesisir relatif tinggi.,mangrove-priority-2016-2025-v0.1
1896,168,MPR-B59B14E5F8,Titi Akar,Rupat Utara,Bengkalis,0.05,X,Tidak direkomendasikan,60.4,58,85,77,tinggi,Area terlalu kecil dan terisolasi untuk diprioritaskan.,mangrove-priority-2016-2025-v0.1
1897,169,MPR-BADE264E52,Titi Akar,Rupat Utara,Bengkalis,0.05,P4,Perlindungan pantai dahulu,60.4,58,85,77,tinggi,Risiko ketidakstabilan pesisir relatif tinggi.,mangrove-priority-2016-2025-v0.1
1898,170,MPR-BDF6FABC1B,Titi Akar,Rupat Utara,Bengkalis,0.05,P4,Perlindungan pantai dahulu,60.4,58,85,77,tinggi,Risiko ketidakstabilan pesisir relatif tinggi.,mangrove-priority-2016-2025-v0.1
1899,171,MPR-D1703D130E,Titi Akar,Rupat Utara,Bengkalis,0.05,P4,Perlindungan pantai dahulu,60.4,58,85,77,tinggi,Risiko ketidakstabilan pesisir relatif tinggi.,mangrove-priority-2016-2025-v0.1
1900,172,MPR-E89DD780F7,Titi Akar,Rupat Utara,Bengkalis,0.05,P4,Perlindungan pantai dahulu,60.4,58,85,77,tinggi,Risiko ketidakstabilan pesisir relatif tinggi.,mangrove-priority-2016-2025-v0.1
1901,64,MPR-34F0D8312C,Batang Duku,Bukit Batu,Bengkalis,16.282,P4,Perlindungan pantai dahulu,60.2,81,62,90,tinggi,Risiko ketidakstabilan pesisir relatif tinggi.,mangrove-priority-2016-2025-v0.1
1902,173,MPR-D6A64812F0,Titi Akar,Rupat Utara,Bengkalis,1.47,P4,Perlindungan pantai dahulu,60.2,60,83,79,tinggi,Risiko ketidakstabilan pesisir relatif tinggi.,mangrove-priority-2016-2025-v0.1
1903,174,MPR-7D55AA780C,Titi Akar,Rupat Utara,Bengkalis,1.356,P4,Perlindungan pantai dahulu,60.2,60,83,79,tinggi,Risiko ketidakstabilan pesisir relatif tinggi.,mangrove-priority-2016-2025-v0.1
1904,175,MPR-4BB71AFA9B,Titi Akar,Rupat Utara,Bengkalis,1.33,P4,Perlindungan pantai dahulu,60.2,60,83,79,tinggi,Risiko ketidakstabilan pesisir relatif tinggi.,mangrove-priority-2016-2025-v0.1
1905,176,MPR-477536E34C,Titi Akar,Rupat Utara,Bengkalis,1.29,P4,Perlindungan pantai dahulu,60.2,60,83,79,tinggi,Risiko ketidakstabilan pesisir relatif tinggi.,mangrove-priority-2016-2025-v0.1
1906,6,MPR-6A13D3642E,Kelurahan Pergam,Rupat,Bengkalis,1.167,P2,Regenerasi alami terbantu,60.2,40,79,27,tinggi,Kondisi biofisik relatif mendukung pemulihan vegetasi.,mangrove-priority-2016-2025-v0.1
1907,177,MPR-BF46FE49D8,Titi Akar,Rupat Utara,Bengkalis,1.03,P4,Perlindungan pantai dahulu,60.2,59,84,79,tinggi,Risiko ketidakstabilan pesisir relatif tinggi.,mangrove-priority-2016-2025-v0.1
1908,178,MPR-8235CFB926,Titi Akar,Rupat Utara,Bengkalis,0.97,P4,Perlindungan pantai dahulu,60.2,59,84,79,tinggi,Risiko ketidakstabilan pesisir relatif tinggi.,mangrove-priority-2016-2025-v0.1
1909,179,MPR-91FD7E0C3E,Titi Akar,Rupat Utara,Bengkalis,0.96,P4,Perlindungan pantai dahulu,60.2,59,84,79,tinggi,Risiko ketidakstabilan pesisir relatif tinggi.,mangrove-priority-2016-2025-v0.1
1910,180,MPR-8E57B06E81,Titi Akar,Rupat Utara,Bengkalis,0.94,P4,Perlindungan pantai dahulu,60.2,59,84,79,tinggi,Risiko ketidakstabilan pesisir relatif tinggi.,mangrove-priority-2016-2025-v0.1
1911,181,MPR-C030EC036A,Titi Akar,Rupat Utara,Bengkalis,0.94,P4,Perlindungan pantai dahulu,60.2,59,84,79,tinggi,Risiko ketidakstabilan pesisir relatif tinggi.,mangrove-priority-2016-2025-v0.1
1912,182,MPR-69C13B61DB,Titi Akar,Rupat Utara,Bengkalis,0.93,P4,Perlindungan pantai dahulu,60.2,59,84,79,tinggi,Risiko ketidakstabilan pesisir relatif tinggi.,mangrove-priority-2016-2025-v0.1
1913,183,MPR-4C3440DB01,Titi Akar,Rupat Utara,Bengkalis,0.909,P4,Perlindungan pantai dahulu,60.2,59,84,79,tinggi,Risiko ketidakstabilan pesisir relatif tinggi.,mangrove-priority-2016-2025-v0.1
1914,184,MPR-521366673E,Titi Akar,Rupat Utara,Bengkalis,0.9,P4,Perlindungan pantai dahulu,60.2,59,84,79,tinggi,Risiko ketidakstabilan pesisir relatif tinggi.,mangrove-priority-2016-2025-v0.1
1915,185,MPR-7425ED43E5,Titi Akar,Rupat Utara,Bengkalis,0.9,P4,Perlindungan pantai dahulu,60.2,59,84,79,tinggi,Risiko ketidakstabilan pesisir relatif tinggi.,mangrove-priority-2016-2025-v0.1
1916,186,MPR-7A449244FC,Titi Akar,Rupat Utara,Bengkalis,0.87,P4,Perlindungan pantai dahulu,60.2,59,84,79,tinggi,Risiko ketidakstabilan pesisir relatif tinggi.,mangrove-priority-2016-2025-v0.1
1917,187,MPR-0FB41ED452,Titi Akar,Rupat Utara,Bengkalis,0.84,P4,Perlindungan pantai dahulu,60.2,59,84,79,tinggi,Risiko ketidakstabilan pesisir relatif tinggi.,mangrove-priority-2016-2025-v0.1
1918,1,MPR-34DA6896CC,Tanjungmedang,Rupat Utara,Bengkalis,0.48,P4,Perlindungan pantai dahulu,60.2,67,74,79,tinggi,Risiko ketidakstabilan pesisir relatif tinggi.,mangrove-priority-2016-2025-v0.1
1919,2,MPR-B8CF5A0FB6,Tanjungmedang,Rupat Utara,Bengkalis,0.479,P4,Perlindungan pantai dahulu,60.2,67,74,79,tinggi,Risiko ketidakstabilan pesisir relatif tinggi.,mangrove-priority-2016-2025-v0.1
1920,3,MPR-0EFC3A06B7,Tanjungmedang,Rupat Utara,Bengkalis,0.47,P4,Perlindungan pantai dahulu,60.2,67,74,79,tinggi,Risiko ketidakstabilan pesisir relatif tinggi.,mangrove-priority-2016-2025-v0.1
1921,4,MPR-9F98D9A3AE,Tanjungmedang,Rupat Utara,Bengkalis,0.452,P4,Perlindungan pantai dahulu,60.2,67,74,79,tinggi,Risiko ketidakstabilan pesisir relatif tinggi.,mangrove-priority-2016-2025-v0.1
1922,5,MPR-6FD294CC1E,Tanjungmedang,Rupat Utara,Bengkalis,0.45,P4,Perlindungan pantai dahulu,60.2,67,74,79,tinggi,Risiko ketidakstabilan pesisir relatif tinggi.,mangrove-priority-2016-2025-v0.1
1923,6,MPR-BC18E67CC2,Tanjungmedang,Rupat Utara,Bengkalis,0.44,P4,Perlindungan pantai dahulu,60.2,67,74,79,tinggi,Risiko ketidakstabilan pesisir relatif tinggi.,mangrove-priority-2016-2025-v0.1
1924,7,MPR-A584DB5E08,Tanjungmedang,Rupat Utara,Bengkalis,0.43,P4,Perlindungan pantai dahulu,60.2,67,74,79,tinggi,Risiko ketidakstabilan pesisir relatif tinggi.,mangrove-priority-2016-2025-v0.1
1925,8,MPR-64DFFC5F4A,Tanjungmedang,Rupat Utara,Bengkalis,0.42,P4,Perlindungan pantai dahulu,60.2,67,74,79,tinggi,Risiko ketidakstabilan pesisir relatif tinggi.,mangrove-priority-2016-2025-v0.1
1926,188,MPR-7FA9E4924D,Titi Akar,Rupat Utara,Bengkalis,0.353,P4,Perlindungan pantai dahulu,60.2,58,85,78,tinggi,Risiko ketidakstabilan pesisir relatif tinggi.,mangrove-priority-2016-2025-v0.1
1927,9,MPR-35D5C447BB,Tanjungmedang,Rupat Utara,Bengkalis,0.35,P4,Perlindungan pantai dahulu,60.2,66,75,79,tinggi,Risiko ketidakstabilan pesisir relatif tinggi.,mangrove-priority-2016-2025-v0.1
1928,10,MPR-36DD1ABBD1,Tanjungmedang,Rupat Utara,Bengkalis,0.35,P4,Perlindungan pantai dahulu,60.2,66,75,79,tinggi,Risiko ketidakstabilan pesisir relatif tinggi.,mangrove-priority-2016-2025-v0.1
1929,189,MPR-470AFDE865,Titi Akar,Rupat Utara,Bengkalis,0.35,P4,Perlindungan pantai dahulu,60.2,58,85,78,tinggi,Risiko ketidakstabilan pesisir relatif tinggi.,mangrove-priority-2016-2025-v0.1
1930,11,MPR-5F964A882E,Tanjungmedang,Rupat Utara,Bengkalis,0.35,P4,Perlindungan pantai dahulu,60.2,66,75,79,tinggi,Risiko ketidakstabilan pesisir relatif tinggi.,mangrove-priority-2016-2025-v0.1
1931,190,MPR-61D70CD910,Titi Akar,Rupat Utara,Bengkalis,0.35,P4,Perlindungan pantai dahulu,60.2,58,85,78,tinggi,Risiko ketidakstabilan pesisir relatif tinggi.,mangrove-priority-2016-2025-v0.1
1932,12,MPR-75767D1476,Tanjungmedang,Rupat Utara,Bengkalis,0.35,P4,Perlindungan pantai dahulu,60.2,66,75,79,tinggi,Risiko ketidakstabilan pesisir relatif tinggi.,mangrove-priority-2016-2025-v0.1
1933,191,MPR-8B18A73B20,Titi Akar,Rupat Utara,Bengkalis,0.35,P4,Perlindungan pantai dahulu,60.2,58,85,78,tinggi,Risiko ketidakstabilan pesisir relatif tinggi.,mangrove-priority-2016-2025-v0.1
1934,192,MPR-B03B315328,Titi Akar,Rupat Utara,Bengkalis,0.35,P4,Perlindungan pantai dahulu,60.2,58,85,78,tinggi,Risiko ketidakstabilan pesisir relatif tinggi.,mangrove-priority-2016-2025-v0.1
1935,13,MPR-D03B27F721,Tanjungmedang,Rupat Utara,Bengkalis,0.35,P4,Perlindungan pantai dahulu,60.2,66,75,79,tinggi,Risiko ketidakstabilan pesisir relatif tinggi.,mangrove-priority-2016-2025-v0.1
1936,193,MPR-23CC0E697B,Titi Akar,Rupat Utara,Bengkalis,0.34,P4,Perlindungan pantai dahulu,60.2,58,85,78,tinggi,Risiko ketidakstabilan pesisir relatif tinggi.,mangrove-priority-2016-2025-v0.1
1937,194,MPR-42BA490350,Titi Akar,Rupat Utara,Bengkalis,0.34,P4,Perlindungan pantai dahulu,60.2,58,85,78,tinggi,Risiko ketidakstabilan pesisir relatif tinggi.,mangrove-priority-2016-2025-v0.1
1938,14,MPR-4B3FB97C64,Tanjungmedang,Rupat Utara,Bengkalis,0.34,P4,Perlindungan pantai dahulu,60.2,66,75,79,tinggi,Risiko ketidakstabilan pesisir relatif tinggi.,mangrove-priority-2016-2025-v0.1
1939,15,MPR-94F2622BDF,Tanjungmedang,Rupat Utara,Bengkalis,0.34,P4,Perlindungan pantai dahulu,60.2,66,75,79,tinggi,Risiko ketidakstabilan pesisir relatif tinggi.,mangrove-priority-2016-2025-v0.1
1940,195,MPR-FE137D364F,Titi Akar,Rupat Utara,Bengkalis,0.34,P4,Perlindungan pantai dahulu,60.2,58,85,78,tinggi,Risiko ketidakstabilan pesisir relatif tinggi.,mangrove-priority-2016-2025-v0.1
1941,16,MPR-20DA4655CB,Tanjungmedang,Rupat Utara,Bengkalis,0.33,P4,Perlindungan pantai dahulu,60.2,66,75,79,tinggi,Risiko ketidakstabilan pesisir relatif tinggi.,mangrove-priority-2016-2025-v0.1
1942,196,MPR-2AEE3F73E7,Titi Akar,Rupat Utara,Bengkalis,0.33,P4,Perlindungan pantai dahulu,60.2,58,85,78,tinggi,Risiko ketidakstabilan pesisir relatif tinggi.,mangrove-priority-2016-2025-v0.1
1943,17,MPR-2D7295FF64,Tanjungmedang,Rupat Utara,Bengkalis,0.33,P4,Perlindungan pantai dahulu,60.2,66,75,79,tinggi,Risiko ketidakstabilan pesisir relatif tinggi.,mangrove-priority-2016-2025-v0.1
1944,18,MPR-483FEE51EE,Tanjungmedang,Rupat Utara,Bengkalis,0.33,P4,Perlindungan pantai dahulu,60.2,66,75,79,tinggi,Risiko ketidakstabilan pesisir relatif tinggi.,mangrove-priority-2016-2025-v0.1
1945,197,MPR-89CC603CF1,Titi Akar,Rupat Utara,Bengkalis,0.33,P4,Perlindungan pantai dahulu,60.2,58,85,78,tinggi,Risiko ketidakstabilan pesisir relatif tinggi.,mangrove-priority-2016-2025-v0.1
1946,198,MPR-95307DAD78,Titi Akar,Rupat Utara,Bengkalis,0.33,P4,Perlindungan pantai dahulu,60.2,58,85,78,tinggi,Risiko ketidakstabilan pesisir relatif tinggi.,mangrove-priority-2016-2025-v0.1
1947,199,MPR-A0F5CC5C55,Titi Akar,Rupat Utara,Bengkalis,0.33,P4,Perlindungan pantai dahulu,60.2,58,85,78,tinggi,Risiko ketidakstabilan pesisir relatif tinggi.,mangrove-priority-2016-2025-v0.1
1948,200,MPR-B26FCE9577,Titi Akar,Rupat Utara,Bengkalis,0.33,P4,Perlindungan pantai dahulu,60.2,58,85,78,tinggi,Risiko ketidakstabilan pesisir relatif tinggi.,mangrove-priority-2016-2025-v0.1
1949,201,MPR-E8176D2F2D,Titi Akar,Rupat Utara,Bengkalis,0.33,P4,Perlindungan pantai dahulu,60.2,58,85,78,tinggi,Risiko ketidakstabilan pesisir relatif tinggi.,mangrove-priority-2016-2025-v0.1
1950,202,MPR-26B566D664,Titi Akar,Rupat Utara,Bengkalis,0.32,P4,Perlindungan pantai dahulu,60.2,58,85,78,tinggi,Risiko ketidakstabilan pesisir relatif tinggi.,mangrove-priority-2016-2025-v0.1
1951,203,MPR-6FBDCDDA39,Titi Akar,Rupat Utara,Bengkalis,0.32,P4,Perlindungan pantai dahulu,60.2,58,85,78,tinggi,Risiko ketidakstabilan pesisir relatif tinggi.,mangrove-priority-2016-2025-v0.1
1952,19,MPR-06CBE50397,Tanjungmedang,Rupat Utara,Bengkalis,0.31,P4,Perlindungan pantai dahulu,60.2,66,75,79,tinggi,Risiko ketidakstabilan pesisir relatif tinggi.,mangrove-priority-2016-2025-v0.1
1953,204,MPR-60879EFD7F,Titi Akar,Rupat Utara,Bengkalis,0.31,P4,Perlindungan pantai dahulu,60.2,58,85,78,tinggi,Risiko ketidakstabilan pesisir relatif tinggi.,mangrove-priority-2016-2025-v0.1
1954,20,MPR-C3F5CC4E1E,Tanjungmedang,Rupat Utara,Bengkalis,0.31,P4,Perlindungan pantai dahulu,60.2,66,75,79,tinggi,Risiko ketidakstabilan pesisir relatif tinggi.,mangrove-priority-2016-2025-v0.1
1955,21,MPR-D4F9E6AE3E,Tanjungmedang,Rupat Utara,Bengkalis,0.31,P4,Perlindungan pantai dahulu,60.2,66,75,79,tinggi,Risiko ketidakstabilan pesisir relatif tinggi.,mangrove-priority-2016-2025-v0.1
1956,205,MPR-563E3E842F,Titi Akar,Rupat Utara,Bengkalis,0.301,P4,Perlindungan pantai dahulu,60.2,58,85,78,tinggi,Risiko ketidakstabilan pesisir relatif tinggi.,mangrove-priority-2016-2025-v0.1
1957,22,MPR-AC81770E72,Tanjungmedang,Rupat Utara,Bengkalis,0.3,P4,Perlindungan pantai dahulu,60.2,66,75,79,tinggi,Risiko ketidakstabilan pesisir relatif tinggi.,mangrove-priority-2016-2025-v0.1
1958,206,MPR-BEA262DE28,Titi Akar,Rupat Utara,Bengkalis,0.3,P4,Perlindungan pantai dahulu,60.2,58,85,78,tinggi,Risiko ketidakstabilan pesisir relatif tinggi.,mangrove-priority-2016-2025-v0.1
1959,207,MPR-03E65BF509,Titi Akar,Rupat Utara,Bengkalis,0.29,P4,Perlindungan pantai dahulu,60.2,58,85,78,tinggi,Risiko ketidakstabilan pesisir relatif tinggi.,mangrove-priority-2016-2025-v0.1
1960,208,MPR-0B8F5519BB,Titi Akar,Rupat Utara,Bengkalis,0.29,P4,Perlindungan pantai dahulu,60.2,58,85,78,tinggi,Risiko ketidakstabilan pesisir relatif tinggi.,mangrove-priority-2016-2025-v0.1
1961,209,MPR-198323F17E,Titi Akar,Rupat Utara,Bengkalis,0.29,P4,Perlindungan pantai dahulu,60.2,58,85,78,tinggi,Risiko ketidakstabilan pesisir relatif tinggi.,mangrove-priority-2016-2025-v0.1
1962,210,MPR-2EE4DB21A3,Titi Akar,Rupat Utara,Bengkalis,0.29,P4,Perlindungan pantai dahulu,60.2,58,85,78,tinggi,Risiko ketidakstabilan pesisir relatif tinggi.,mangrove-priority-2016-2025-v0.1
1963,23,MPR-3EF7363D48,Tanjungmedang,Rupat Utara,Bengkalis,0.29,P4,Perlindungan pantai dahulu,60.2,66,75,79,tinggi,Risiko ketidakstabilan pesisir relatif tinggi.,mangrove-priority-2016-2025-v0.1
1964,211,MPR-878F4E3752,Titi Akar,Rupat Utara,Bengkalis,0.29,P4,Perlindungan pantai dahulu,60.2,58,85,78,tinggi,Risiko ketidakstabilan pesisir relatif tinggi.,mangrove-priority-2016-2025-v0.1
1965,212,MPR-E5D8153C8D,Titi Akar,Rupat Utara,Bengkalis,0.29,P4,Perlindungan pantai dahulu,60.2,58,85,78,tinggi,Risiko ketidakstabilan pesisir relatif tinggi.,mangrove-priority-2016-2025-v0.1
1966,213,MPR-CC11CBB821,Titi Akar,Rupat Utara,Bengkalis,0.289,P4,Perlindungan pantai dahulu,60.2,58,85,78,tinggi,Risiko ketidakstabilan pesisir relatif tinggi.,mangrove-priority-2016-2025-v0.1
1967,214,MPR-072E7FA5D6,Titi Akar,Rupat Utara,Bengkalis,0.28,P4,Perlindungan pantai dahulu,60.2,58,85,78,tinggi,Risiko ketidakstabilan pesisir relatif tinggi.,mangrove-priority-2016-2025-v0.1
1968,215,MPR-0CCC651FC0,Titi Akar,Rupat Utara,Bengkalis,0.28,P4,Perlindungan pantai dahulu,60.2,58,85,78,tinggi,Risiko ketidakstabilan pesisir relatif tinggi.,mangrove-priority-2016-2025-v0.1
1969,216,MPR-19587E9106,Titi Akar,Rupat Utara,Bengkalis,0.28,P4,Perlindungan pantai dahulu,60.2,58,85,78,tinggi,Risiko ketidakstabilan pesisir relatif tinggi.,mangrove-priority-2016-2025-v0.1
1970,24,MPR-2C20B5E146,Tanjungmedang,Rupat Utara,Bengkalis,0.28,P4,Perlindungan pantai dahulu,60.2,66,75,79,tinggi,Risiko ketidakstabilan pesisir relatif tinggi.,mangrove-priority-2016-2025-v0.1
1971,217,MPR-6E2BA04C36,Titi Akar,Rupat Utara,Bengkalis,0.28,P4,Perlindungan pantai dahulu,60.2,58,85,78,tinggi,Risiko ketidakstabilan pesisir relatif tinggi.,mangrove-priority-2016-2025-v0.1
1972,218,MPR-9EF3CDE737,Titi Akar,Rupat Utara,Bengkalis,0.28,P4,Perlindungan pantai dahulu,60.2,58,85,78,tinggi,Risiko ketidakstabilan pesisir relatif tinggi.,mangrove-priority-2016-2025-v0.1
1973,219,MPR-2528143199,Titi Akar,Rupat Utara,Bengkalis,0.27,P4,Perlindungan pantai dahulu,60.2,58,85,78,tinggi,Risiko ketidakstabilan pesisir relatif tinggi.,mangrove-priority-2016-2025-v0.1
1974,220,MPR-534015013F,Titi Akar,Rupat Utara,Bengkalis,0.27,P4,Perlindungan pantai dahulu,60.2,58,85,78,tinggi,Risiko ketidakstabilan pesisir relatif tinggi.,mangrove-priority-2016-2025-v0.1
1975,221,MPR-678B0EA578,Titi Akar,Rupat Utara,Bengkalis,0.27,P4,Perlindungan pantai dahulu,60.2,58,85,78,tinggi,Risiko ketidakstabilan pesisir relatif tinggi.,mangrove-priority-2016-2025-v0.1
1976,25,MPR-9CEB0D348C,Tanjungmedang,Rupat Utara,Bengkalis,0.27,P4,Perlindungan pantai dahulu,60.2,66,75,79,tinggi,Risiko ketidakstabilan pesisir relatif tinggi.,mangrove-priority-2016-2025-v0.1
1977,26,MPR-C582931F0D,Tanjungmedang,Rupat Utara,Bengkalis,0.27,P4,Perlindungan pantai dahulu,60.2,66,75,79,tinggi,Risiko ketidakstabilan pesisir relatif tinggi.,mangrove-priority-2016-2025-v0.1
1978,222,MPR-6B4FC30BC3,Titi Akar,Rupat Utara,Bengkalis,0.26,P4,Perlindungan pantai dahulu,60.2,58,85,78,tinggi,Risiko ketidakstabilan pesisir relatif tinggi.,mangrove-priority-2016-2025-v0.1
1979,223,MPR-90A573169A,Titi Akar,Rupat Utara,Bengkalis,0.26,P4,Perlindungan pantai dahulu,60.2,58,85,78,tinggi,Risiko ketidakstabilan pesisir relatif tinggi.,mangrove-priority-2016-2025-v0.1
1980,27,MPR-AAF891DE59,Tanjungmedang,Rupat Utara,Bengkalis,0.26,P4,Perlindungan pantai dahulu,60.2,66,75,79,tinggi,Risiko ketidakstabilan pesisir relatif tinggi.,mangrove-priority-2016-2025-v0.1
1981,28,MPR-B0B2D1AAA3,Tanjungmedang,Rupat Utara,Bengkalis,0.26,P4,Perlindungan pantai dahulu,60.2,66,75,79,tinggi,Risiko ketidakstabilan pesisir relatif tinggi.,mangrove-priority-2016-2025-v0.1
1982,29,MPR-C96A24EEF8,Tanjungmedang,Rupat Utara,Bengkalis,0.26,P4,Perlindungan pantai dahulu,60.2,66,75,79,tinggi,Risiko ketidakstabilan pesisir relatif tinggi.,mangrove-priority-2016-2025-v0.1
1983,224,MPR-F58CBCE2CB,Titi Akar,Rupat Utara,Bengkalis,0.26,P4,Perlindungan pantai dahulu,60.2,58,85,78,tinggi,Risiko ketidakstabilan pesisir relatif tinggi.,mangrove-priority-2016-2025-v0.1
1984,225,MPR-67BC0982B5,Titi Akar,Rupat Utara,Bengkalis,0.25,P4,Perlindungan pantai dahulu,60.2,58,85,78,tinggi,Risiko ketidakstabilan pesisir relatif tinggi.,mangrove-priority-2016-2025-v0.1
1985,226,MPR-6874D371B1,Titi Akar,Rupat Utara,Bengkalis,0.25,P4,Perlindungan pantai dahulu,60.2,58,85,78,tinggi,Risiko ketidakstabilan pesisir relatif tinggi.,mangrove-priority-2016-2025-v0.1
1986,30,MPR-7C4B5BFD57,Tanjungmedang,Rupat Utara,Bengkalis,0.25,P4,Perlindungan pantai dahulu,60.2,66,75,79,tinggi,Risiko ketidakstabilan pesisir relatif tinggi.,mangrove-priority-2016-2025-v0.1
1987,227,MPR-B4A2CE41C1,Titi Akar,Rupat Utara,Bengkalis,0.25,P4,Perlindungan pantai dahulu,60.2,58,85,78,tinggi,Risiko ketidakstabilan pesisir relatif tinggi.,mangrove-priority-2016-2025-v0.1
1988,228,MPR-CA3471500C,Titi Akar,Rupat Utara,Bengkalis,0.25,P4,Perlindungan pantai dahulu,60.2,58,85,78,tinggi,Risiko ketidakstabilan pesisir relatif tinggi.,mangrove-priority-2016-2025-v0.1
1989,31,MPR-CB69E1A57F,Tanjungmedang,Rupat Utara,Bengkalis,0.25,P4,Perlindungan pantai dahulu,60.2,66,75,79,tinggi,Risiko ketidakstabilan pesisir relatif tinggi.,mangrove-priority-2016-2025-v0.1
1990,32,MPR-CD0C7ADB92,Tanjungmedang,Rupat Utara,Bengkalis,0.25,P4,Perlindungan pantai dahulu,60.2,66,75,79,tinggi,Risiko ketidakstabilan pesisir relatif tinggi.,mangrove-priority-2016-2025-v0.1
1991,33,MPR-D10FE41B1E,Tanjungmedang,Rupat Utara,Bengkalis,0.25,P4,Perlindungan pantai dahulu,60.2,66,75,79,tinggi,Risiko ketidakstabilan pesisir relatif tinggi.,mangrove-priority-2016-2025-v0.1
1992,34,MPR-3B07A614AC,Tanjungmedang,Rupat Utara,Bengkalis,0.245,P4,Perlindungan pantai dahulu,60.2,66,75,79,tinggi,Risiko ketidakstabilan pesisir relatif tinggi.,mangrove-priority-2016-2025-v0.1
1993,229,MPR-3334B2E1D4,Titi Akar,Rupat Utara,Bengkalis,0.24,P4,Perlindungan pantai dahulu,60.2,58,85,78,tinggi,Risiko ketidakstabilan pesisir relatif tinggi.,mangrove-priority-2016-2025-v0.1
1994,35,MPR-679DFF0083,Tanjungmedang,Rupat Utara,Bengkalis,0.24,P4,Perlindungan pantai dahulu,60.2,66,75,79,tinggi,Risiko ketidakstabilan pesisir relatif tinggi.,mangrove-priority-2016-2025-v0.1
1995,230,MPR-71FA1FB1B3,Titi Akar,Rupat Utara,Bengkalis,0.24,P4,Perlindungan pantai dahulu,60.2,58,85,78,tinggi,Risiko ketidakstabilan pesisir relatif tinggi.,mangrove-priority-2016-2025-v0.1
1996,36,MPR-98EA7E5E4D,Tanjungmedang,Rupat Utara,Bengkalis,0.24,P4,Perlindungan pantai dahulu,60.2,66,75,79,tinggi,Risiko ketidakstabilan pesisir relatif tinggi.,mangrove-priority-2016-2025-v0.1
1997,37,MPR-B76D8AB1FB,Tanjungmedang,Rupat Utara,Bengkalis,0.24,P4,Perlindungan pantai dahulu,60.2,66,75,79,tinggi,Risiko ketidakstabilan pesisir relatif tinggi.,mangrove-priority-2016-2025-v0.1
1998,231,MPR-E1142F1569,Titi Akar,Rupat Utara,Bengkalis,0.24,P4,Perlindungan pantai dahulu,60.2,58,85,78,tinggi,Risiko ketidakstabilan pesisir relatif tinggi.,mangrove-priority-2016-2025-v0.1
1999,38,MPR-F90FAEDBCF,Tanjungmedang,Rupat Utara,Bengkalis,0.24,P4,Perlindungan pantai dahulu,60.2,66,75,79,tinggi,Risiko ketidakstabilan pesisir relatif tinggi.,mangrove-priority-2016-2025-v0.1
2000,232,MPR-C576C9EAD2,Titi Akar,Rupat Utara,Bengkalis,0.239,P4,Perlindungan pantai dahulu,60.2,58,85,78,tinggi,Risiko ketidakstabilan pesisir relatif tinggi.,mangrove-priority-2016-2025-v0.1
2001,233,MPR-1001562138,Titi Akar,Rupat Utara,Bengkalis,0.23,P4,Perlindungan pantai dahulu,60.2,58,85,78,tinggi,Risiko ketidakstabilan pesisir relatif tinggi.,mangrove-priority-2016-2025-v0.1
2002,234,MPR-134F618346,Titi Akar,Rupat Utara,Bengkalis,0.23,P4,Perlindungan pantai dahulu,60.2,58,85,78,tinggi,Risiko ketidakstabilan pesisir relatif tinggi.,mangrove-priority-2016-2025-v0.1
2003,235,MPR-1A1CE73634,Titi Akar,Rupat Utara,Bengkalis,0.23,P4,Perlindungan pantai dahulu,60.2,58,85,78,tinggi,Risiko ketidakstabilan pesisir relatif tinggi.,mangrove-priority-2016-2025-v0.1
2004,236,MPR-4633E4C75A,Titi Akar,Rupat Utara,Bengkalis,0.23,P4,Perlindungan pantai dahulu,60.2,58,85,78,tinggi,Risiko ketidakstabilan pesisir relatif tinggi.,mangrove-priority-2016-2025-v0.1
2005,237,MPR-801C6790EA,Titi Akar,Rupat Utara,Bengkalis,0.23,P4,Perlindungan pantai dahulu,60.2,58,85,78,tinggi,Risiko ketidakstabilan pesisir relatif tinggi.,mangrove-priority-2016-2025-v0.1
2006,238,MPR-B841A9ED36,Titi Akar,Rupat Utara,Bengkalis,0.23,P4,Perlindungan pantai dahulu,60.2,58,85,78,tinggi,Risiko ketidakstabilan pesisir relatif tinggi.,mangrove-priority-2016-2025-v0.1
2007,39,MPR-C400E8D8E1,Tanjungmedang,Rupat Utara,Bengkalis,0.23,P4,Perlindungan pantai dahulu,60.2,66,75,79,tinggi,Risiko ketidakstabilan pesisir relatif tinggi.,mangrove-priority-2016-2025-v0.1
2008,40,MPR-BA5E24109F,Tanjungmedang,Rupat Utara,Bengkalis,0.226,P4,Perlindungan pantai dahulu,60.2,66,75,79,tinggi,Risiko ketidakstabilan pesisir relatif tinggi.,mangrove-priority-2016-2025-v0.1
2009,41,MPR-45B7375CFC,Tanjungmedang,Rupat Utara,Bengkalis,0.22,P4,Perlindungan pantai dahulu,60.2,66,75,79,tinggi,Risiko ketidakstabilan pesisir relatif tinggi.,mangrove-priority-2016-2025-v0.1
2010,239,MPR-A594DA49CA,Titi Akar,Rupat Utara,Bengkalis,0.22,P4,Perlindungan pantai dahulu,60.2,58,85,78,tinggi,Risiko ketidakstabilan pesisir relatif tinggi.,mangrove-priority-2016-2025-v0.1
2011,42,MPR-AA3D13CE4D,Tanjungmedang,Rupat Utara,Bengkalis,0.22,P4,Perlindungan pantai dahulu,60.2,66,75,79,tinggi,Risiko ketidakstabilan pesisir relatif tinggi.,mangrove-priority-2016-2025-v0.1
2012,240,MPR-AE4D534E92,Titi Akar,Rupat Utara,Bengkalis,0.22,P4,Perlindungan pantai dahulu,60.2,58,85,78,tinggi,Risiko ketidakstabilan pesisir relatif tinggi.,mangrove-priority-2016-2025-v0.1
2013,43,MPR-B4D80CCE73,Tanjungmedang,Rupat Utara,Bengkalis,0.22,P4,Perlindungan pantai dahulu,60.2,66,75,79,tinggi,Risiko ketidakstabilan pesisir relatif tinggi.,mangrove-priority-2016-2025-v0.1
2014,44,MPR-BE3989FE74,Tanjungmedang,Rupat Utara,Bengkalis,0.22,P4,Perlindungan pantai dahulu,60.2,66,75,79,tinggi,Risiko ketidakstabilan pesisir relatif tinggi.,mangrove-priority-2016-2025-v0.1
2015,241,MPR-DF43AB23AF,Titi Akar,Rupat Utara,Bengkalis,0.22,P4,Perlindungan pantai dahulu,60.2,58,85,78,tinggi,Risiko ketidakstabilan pesisir relatif tinggi.,mangrove-priority-2016-2025-v0.1
2016,242,MPR-EEFAB8697A,Titi Akar,Rupat Utara,Bengkalis,0.212,P4,Perlindungan pantai dahulu,60.2,58,85,78,tinggi,Risiko ketidakstabilan pesisir relatif tinggi.,mangrove-priority-2016-2025-v0.1
2017,243,MPR-1C27260EC3,Titi Akar,Rupat Utara,Bengkalis,0.21,P4,Perlindungan pantai dahulu,60.2,58,85,78,tinggi,Risiko ketidakstabilan pesisir relatif tinggi.,mangrove-priority-2016-2025-v0.1
2018,244,MPR-ACBE9EDC93,Titi Akar,Rupat Utara,Bengkalis,0.21,P4,Perlindungan pantai dahulu,60.2,58,85,78,tinggi,Risiko ketidakstabilan pesisir relatif tinggi.,mangrove-priority-2016-2025-v0.1
2019,245,MPR-BE659B7D84,Titi Akar,Rupat Utara,Bengkalis,0.21,P4,Perlindungan pantai dahulu,60.2,58,85,78,tinggi,Risiko ketidakstabilan pesisir relatif tinggi.,mangrove-priority-2016-2025-v0.1
2020,246,MPR-BF15A24C38,Titi Akar,Rupat Utara,Bengkalis,0.21,P4,Perlindungan pantai dahulu,60.2,58,85,78,tinggi,Risiko ketidakstabilan pesisir relatif tinggi.,mangrove-priority-2016-2025-v0.1
2021,45,MPR-C5DD7DA56F,Tanjungmedang,Rupat Utara,Bengkalis,0.21,P4,Perlindungan pantai dahulu,60.2,66,75,79,tinggi,Risiko ketidakstabilan pesisir relatif tinggi.,mangrove-priority-2016-2025-v0.1
2022,247,MPR-ADAA739E6F,Titi Akar,Rupat Utara,Bengkalis,0.209,P4,Perlindungan pantai dahulu,60.2,58,85,78,tinggi,Risiko ketidakstabilan pesisir relatif tinggi.,mangrove-priority-2016-2025-v0.1
2023,248,MPR-BCE6762FBC,Titi Akar,Rupat Utara,Bengkalis,0.209,P4,Perlindungan pantai dahulu,60.2,58,85,78,tinggi,Risiko ketidakstabilan pesisir relatif tinggi.,mangrove-priority-2016-2025-v0.1
2024,249,MPR-09FBC7CD79,Titi Akar,Rupat Utara,Bengkalis,0.208,P4,Perlindungan pantai dahulu,60.2,58,85,78,tinggi,Risiko ketidakstabilan pesisir relatif tinggi.,mangrove-priority-2016-2025-v0.1
2025,46,MPR-D25E34BB2D,Tanjungmedang,Rupat Utara,Bengkalis,0.205,P4,Perlindungan pantai dahulu,60.2,66,75,79,tinggi,Risiko ketidakstabilan pesisir relatif tinggi.,mangrove-priority-2016-2025-v0.1
2026,47,MPR-4F0A722DD6,Tanjungmedang,Rupat Utara,Bengkalis,0.2,P4,Perlindungan pantai dahulu,60.2,66,75,79,tinggi,Risiko ketidakstabilan pesisir relatif tinggi.,mangrove-priority-2016-2025-v0.1
2027,48,MPR-5991BF811B,Tanjungmedang,Rupat Utara,Bengkalis,0.2,P4,Perlindungan pantai dahulu,60.2,66,75,79,tinggi,Risiko ketidakstabilan pesisir relatif tinggi.,mangrove-priority-2016-2025-v0.1
2028,250,MPR-5E1066038B,Titi Akar,Rupat Utara,Bengkalis,0.2,P4,Perlindungan pantai dahulu,60.2,58,85,78,tinggi,Risiko ketidakstabilan pesisir relatif tinggi.,mangrove-priority-2016-2025-v0.1
2029,251,MPR-917086199E,Titi Akar,Rupat Utara,Bengkalis,0.2,P4,Perlindungan pantai dahulu,60.2,58,85,78,tinggi,Risiko ketidakstabilan pesisir relatif tinggi.,mangrove-priority-2016-2025-v0.1
2030,252,MPR-C6480B2874,Titi Akar,Rupat Utara,Bengkalis,0.2,P4,Perlindungan pantai dahulu,60.2,58,85,78,tinggi,Risiko ketidakstabilan pesisir relatif tinggi.,mangrove-priority-2016-2025-v0.1
2031,49,MPR-CC32677BD1,Tanjungmedang,Rupat Utara,Bengkalis,0.2,P4,Perlindungan pantai dahulu,60.2,66,75,79,tinggi,Risiko ketidakstabilan pesisir relatif tinggi.,mangrove-priority-2016-2025-v0.1
2032,50,MPR-D0E8D737AF,Tanjungmedang,Rupat Utara,Bengkalis,0.2,P4,Perlindungan pantai dahulu,60.2,66,75,79,tinggi,Risiko ketidakstabilan pesisir relatif tinggi.,mangrove-priority-2016-2025-v0.1
2033,253,MPR-DB49EADFC8,Titi Akar,Rupat Utara,Bengkalis,0.2,P4,Perlindungan pantai dahulu,60.2,58,85,78,tinggi,Risiko ketidakstabilan pesisir relatif tinggi.,mangrove-priority-2016-2025-v0.1
2034,254,MPR-DEF5291720,Titi Akar,Rupat Utara,Bengkalis,0.2,P4,Perlindungan pantai dahulu,60.2,58,85,78,tinggi,Risiko ketidakstabilan pesisir relatif tinggi.,mangrove-priority-2016-2025-v0.1
2035,255,MPR-3795B5B0A7,Titi Akar,Rupat Utara,Bengkalis,0.19,P4,Perlindungan pantai dahulu,60.2,58,85,78,tinggi,Risiko ketidakstabilan pesisir relatif tinggi.,mangrove-priority-2016-2025-v0.1
2036,256,MPR-3FDCD0A0D9,Titi Akar,Rupat Utara,Bengkalis,0.19,P4,Perlindungan pantai dahulu,60.2,58,85,78,tinggi,Risiko ketidakstabilan pesisir relatif tinggi.,mangrove-priority-2016-2025-v0.1
2037,257,MPR-5625795CBC,Titi Akar,Rupat Utara,Bengkalis,0.19,P4,Perlindungan pantai dahulu,60.2,58,85,78,tinggi,Risiko ketidakstabilan pesisir relatif tinggi.,mangrove-priority-2016-2025-v0.1
2038,258,MPR-B6A88769E7,Titi Akar,Rupat Utara,Bengkalis,0.19,P4,Perlindungan pantai dahulu,60.2,58,85,78,tinggi,Risiko ketidakstabilan pesisir relatif tinggi.,mangrove-priority-2016-2025-v0.1
2039,51,MPR-D02B5F9E66,Tanjungmedang,Rupat Utara,Bengkalis,0.19,P4,Perlindungan pantai dahulu,60.2,66,75,79,tinggi,Risiko ketidakstabilan pesisir relatif tinggi.,mangrove-priority-2016-2025-v0.1
2040,259,MPR-F0C4A8B8D2,Titi Akar,Rupat Utara,Bengkalis,0.19,P4,Perlindungan pantai dahulu,60.2,58,85,78,tinggi,Risiko ketidakstabilan pesisir relatif tinggi.,mangrove-priority-2016-2025-v0.1
2041,260,MPR-F9740566D3,Titi Akar,Rupat Utara,Bengkalis,0.19,P4,Perlindungan pantai dahulu,60.2,58,85,78,tinggi,Risiko ketidakstabilan pesisir relatif tinggi.,mangrove-priority-2016-2025-v0.1
2042,261,MPR-5457448E7D,Titi Akar,Rupat Utara,Bengkalis,0.189,P4,Perlindungan pantai dahulu,60.2,58,85,78,tinggi,Risiko ketidakstabilan pesisir relatif tinggi.,mangrove-priority-2016-2025-v0.1
2043,262,MPR-1F2F75A9F7,Titi Akar,Rupat Utara,Bengkalis,0.18,P4,Perlindungan pantai dahulu,60.2,58,85,78,tinggi,Risiko ketidakstabilan pesisir relatif tinggi.,mangrove-priority-2016-2025-v0.1
2044,263,MPR-71ED6EB08E,Titi Akar,Rupat Utara,Bengkalis,0.18,P4,Perlindungan pantai dahulu,60.2,58,85,78,tinggi,Risiko ketidakstabilan pesisir relatif tinggi.,mangrove-priority-2016-2025-v0.1
2045,52,MPR-7A2B3D8690,Tanjungmedang,Rupat Utara,Bengkalis,0.18,P4,Perlindungan pantai dahulu,60.2,66,75,79,tinggi,Risiko ketidakstabilan pesisir relatif tinggi.,mangrove-priority-2016-2025-v0.1
2046,53,MPR-AA1610E773,Tanjungmedang,Rupat Utara,Bengkalis,0.18,P4,Perlindungan pantai dahulu,60.2,66,75,79,tinggi,Risiko ketidakstabilan pesisir relatif tinggi.,mangrove-priority-2016-2025-v0.1
2047,264,MPR-AF78C23EF1,Titi Akar,Rupat Utara,Bengkalis,0.18,P4,Perlindungan pantai dahulu,60.2,58,85,78,tinggi,Risiko ketidakstabilan pesisir relatif tinggi.,mangrove-priority-2016-2025-v0.1
2048,265,MPR-B665DAFA61,Titi Akar,Rupat Utara,Bengkalis,0.18,P4,Perlindungan pantai dahulu,60.2,58,85,78,tinggi,Risiko ketidakstabilan pesisir relatif tinggi.,mangrove-priority-2016-2025-v0.1
2049,266,MPR-BF5FB699DB,Titi Akar,Rupat Utara,Bengkalis,0.18,P4,Perlindungan pantai dahulu,60.2,58,85,78,tinggi,Risiko ketidakstabilan pesisir relatif tinggi.,mangrove-priority-2016-2025-v0.1
2050,54,MPR-BFAF1FFB63,Tanjungmedang,Rupat Utara,Bengkalis,0.18,P4,Perlindungan pantai dahulu,60.2,66,75,79,tinggi,Risiko ketidakstabilan pesisir relatif tinggi.,mangrove-priority-2016-2025-v0.1
2051,55,MPR-C85165CA9F,Tanjungmedang,Rupat Utara,Bengkalis,0.18,P4,Perlindungan pantai dahulu,60.2,66,75,79,tinggi,Risiko ketidakstabilan pesisir relatif tinggi.,mangrove-priority-2016-2025-v0.1
2052,267,MPR-CF96578C7E,Titi Akar,Rupat Utara,Bengkalis,0.18,P4,Perlindungan pantai dahulu,60.2,58,85,78,tinggi,Risiko ketidakstabilan pesisir relatif tinggi.,mangrove-priority-2016-2025-v0.1
2053,268,MPR-F253DEAA17,Titi Akar,Rupat Utara,Bengkalis,0.18,P4,Perlindungan pantai dahulu,60.2,58,85,78,tinggi,Risiko ketidakstabilan pesisir relatif tinggi.,mangrove-priority-2016-2025-v0.1
2054,269,MPR-5D690DC4D3,Titi Akar,Rupat Utara,Bengkalis,0.176,P4,Perlindungan pantai dahulu,60.2,58,85,78,tinggi,Risiko ketidakstabilan pesisir relatif tinggi.,mangrove-priority-2016-2025-v0.1
2055,270,MPR-D036823371,Titi Akar,Rupat Utara,Bengkalis,0.173,P4,Perlindungan pantai dahulu,60.2,58,85,78,tinggi,Risiko ketidakstabilan pesisir relatif tinggi.,mangrove-priority-2016-2025-v0.1
2056,56,MPR-19F80448E6,Tanjungmedang,Rupat Utara,Bengkalis,0.17,P4,Perlindungan pantai dahulu,60.2,66,75,79,tinggi,Risiko ketidakstabilan pesisir relatif tinggi.,mangrove-priority-2016-2025-v0.1
2057,57,MPR-4D81A7EE88,Tanjungmedang,Rupat Utara,Bengkalis,0.17,P4,Perlindungan pantai dahulu,60.2,66,75,79,tinggi,Risiko ketidakstabilan pesisir relatif tinggi.,mangrove-priority-2016-2025-v0.1
2058,271,MPR-51A902B35A,Titi Akar,Rupat Utara,Bengkalis,0.17,P4,Perlindungan pantai dahulu,60.2,58,85,78,tinggi,Risiko ketidakstabilan pesisir relatif tinggi.,mangrove-priority-2016-2025-v0.1
2059,58,MPR-60F062AD78,Tanjungmedang,Rupat Utara,Bengkalis,0.17,P4,Perlindungan pantai dahulu,60.2,66,75,79,tinggi,Risiko ketidakstabilan pesisir relatif tinggi.,mangrove-priority-2016-2025-v0.1
2060,272,MPR-61D4C574B2,Titi Akar,Rupat Utara,Bengkalis,0.17,P4,Perlindungan pantai dahulu,60.2,58,85,78,tinggi,Risiko ketidakstabilan pesisir relatif tinggi.,mangrove-priority-2016-2025-v0.1
2061,273,MPR-6C88CC774C,Titi Akar,Rupat Utara,Bengkalis,0.17,P4,Perlindungan pantai dahulu,60.2,58,85,78,tinggi,Risiko ketidakstabilan pesisir relatif tinggi.,mangrove-priority-2016-2025-v0.1
2062,274,MPR-74739DF5D1,Titi Akar,Rupat Utara,Bengkalis,0.17,P4,Perlindungan pantai dahulu,60.2,58,85,78,tinggi,Risiko ketidakstabilan pesisir relatif tinggi.,mangrove-priority-2016-2025-v0.1
2063,275,MPR-7F15C97AA3,Titi Akar,Rupat Utara,Bengkalis,0.17,P4,Perlindungan pantai dahulu,60.2,58,85,78,tinggi,Risiko ketidakstabilan pesisir relatif tinggi.,mangrove-priority-2016-2025-v0.1
2064,59,MPR-7F3352D202,Tanjungmedang,Rupat Utara,Bengkalis,0.17,P4,Perlindungan pantai dahulu,60.2,66,75,79,tinggi,Risiko ketidakstabilan pesisir relatif tinggi.,mangrove-priority-2016-2025-v0.1
2065,276,MPR-8AEAB0A7E6,Titi Akar,Rupat Utara,Bengkalis,0.17,P4,Perlindungan pantai dahulu,60.2,58,85,78,tinggi,Risiko ketidakstabilan pesisir relatif tinggi.,mangrove-priority-2016-2025-v0.1
2066,60,MPR-A33DED0851,Tanjungmedang,Rupat Utara,Bengkalis,0.17,P4,Perlindungan pantai dahulu,60.2,66,75,79,tinggi,Risiko ketidakstabilan pesisir relatif tinggi.,mangrove-priority-2016-2025-v0.1
2067,277,MPR-E86D92E642,Titi Akar,Rupat Utara,Bengkalis,0.17,P4,Perlindungan pantai dahulu,60.2,58,85,78,tinggi,Risiko ketidakstabilan pesisir relatif tinggi.,mangrove-priority-2016-2025-v0.1
2068,278,MPR-FF01458E40,Titi Akar,Rupat Utara,Bengkalis,0.17,P4,Perlindungan pantai dahulu,60.2,58,85,78,tinggi,Risiko ketidakstabilan pesisir relatif tinggi.,mangrove-priority-2016-2025-v0.1
2069,61,MPR-4EE9E8A8A5,Tanjungmedang,Rupat Utara,Bengkalis,0.169,P4,Perlindungan pantai dahulu,60.2,66,75,79,tinggi,Risiko ketidakstabilan pesisir relatif tinggi.,mangrove-priority-2016-2025-v0.1
2070,62,MPR-0B9B72FC0B,Tanjungmedang,Rupat Utara,Bengkalis,0.16,P4,Perlindungan pantai dahulu,60.2,66,75,79,tinggi,Risiko ketidakstabilan pesisir relatif tinggi.,mangrove-priority-2016-2025-v0.1
2071,63,MPR-179C4B4B12,Tanjungmedang,Rupat Utara,Bengkalis,0.16,P4,Perlindungan pantai dahulu,60.2,66,75,79,tinggi,Risiko ketidakstabilan pesisir relatif tinggi.,mangrove-priority-2016-2025-v0.1
2072,64,MPR-25EEDA9B43,Tanjungmedang,Rupat Utara,Bengkalis,0.16,P4,Perlindungan pantai dahulu,60.2,66,75,79,tinggi,Risiko ketidakstabilan pesisir relatif tinggi.,mangrove-priority-2016-2025-v0.1
2073,65,MPR-3EF787EE80,Tanjungmedang,Rupat Utara,Bengkalis,0.16,P4,Perlindungan pantai dahulu,60.2,66,75,79,tinggi,Risiko ketidakstabilan pesisir relatif tinggi.,mangrove-priority-2016-2025-v0.1
2074,66,MPR-9D439CF47E,Tanjungmedang,Rupat Utara,Bengkalis,0.16,P4,Perlindungan pantai dahulu,60.2,66,75,79,tinggi,Risiko ketidakstabilan pesisir relatif tinggi.,mangrove-priority-2016-2025-v0.1
2075,67,MPR-CFE6B6BEEC,Tanjungmedang,Rupat Utara,Bengkalis,0.16,P4,Perlindungan pantai dahulu,60.2,66,75,79,tinggi,Risiko ketidakstabilan pesisir relatif tinggi.,mangrove-priority-2016-2025-v0.1
2076,68,MPR-1445D9A415,Tanjungmedang,Rupat Utara,Bengkalis,0.15,P4,Perlindungan pantai dahulu,60.2,66,75,79,tinggi,Risiko ketidakstabilan pesisir relatif tinggi.,mangrove-priority-2016-2025-v0.1
2077,69,MPR-66285D4464,Tanjungmedang,Rupat Utara,Bengkalis,0.15,P4,Perlindungan pantai dahulu,60.2,66,75,79,tinggi,Risiko ketidakstabilan pesisir relatif tinggi.,mangrove-priority-2016-2025-v0.1
2078,70,MPR-79584C8727,Tanjungmedang,Rupat Utara,Bengkalis,0.15,P4,Perlindungan pantai dahulu,60.2,66,75,79,tinggi,Risiko ketidakstabilan pesisir relatif tinggi.,mangrove-priority-2016-2025-v0.1
2079,71,MPR-D8322A2BA2,Tanjungmedang,Rupat Utara,Bengkalis,0.15,P4,Perlindungan pantai dahulu,60.2,66,75,79,tinggi,Risiko ketidakstabilan pesisir relatif tinggi.,mangrove-priority-2016-2025-v0.1
2080,72,MPR-AFE26EEF18,Tanjungmedang,Rupat Utara,Bengkalis,0.142,P4,Perlindungan pantai dahulu,60.2,66,75,79,tinggi,Risiko ketidakstabilan pesisir relatif tinggi.,mangrove-priority-2016-2025-v0.1
2081,73,MPR-D269353409,Tanjungmedang,Rupat Utara,Bengkalis,0.142,P4,Perlindungan pantai dahulu,60.2,66,75,79,tinggi,Risiko ketidakstabilan pesisir relatif tinggi.,mangrove-priority-2016-2025-v0.1
2082,74,MPR-1628A334BE,Tanjungmedang,Rupat Utara,Bengkalis,0.14,P4,Perlindungan pantai dahulu,60.2,66,75,79,tinggi,Risiko ketidakstabilan pesisir relatif tinggi.,mangrove-priority-2016-2025-v0.1
2083,75,MPR-70385AABB7,Tanjungmedang,Rupat Utara,Bengkalis,0.14,P4,Perlindungan pantai dahulu,60.2,66,75,79,tinggi,Risiko ketidakstabilan pesisir relatif tinggi.,mangrove-priority-2016-2025-v0.1
2084,76,MPR-9A05F60444,Tanjungmedang,Rupat Utara,Bengkalis,0.14,P4,Perlindungan pantai dahulu,60.2,66,75,79,tinggi,Risiko ketidakstabilan pesisir relatif tinggi.,mangrove-priority-2016-2025-v0.1
2085,77,MPR-AA0E3404AF,Tanjungmedang,Rupat Utara,Bengkalis,0.14,P4,Perlindungan pantai dahulu,60.2,66,75,79,tinggi,Risiko ketidakstabilan pesisir relatif tinggi.,mangrove-priority-2016-2025-v0.1
2086,78,MPR-D4A8DDAFE8,Tanjungmedang,Rupat Utara,Bengkalis,0.14,P4,Perlindungan pantai dahulu,60.2,66,75,79,tinggi,Risiko ketidakstabilan pesisir relatif tinggi.,mangrove-priority-2016-2025-v0.1
2087,79,MPR-FF58C5D449,Tanjungmedang,Rupat Utara,Bengkalis,0.14,P4,Perlindungan pantai dahulu,60.2,66,75,79,tinggi,Risiko ketidakstabilan pesisir relatif tinggi.,mangrove-priority-2016-2025-v0.1
2088,80,MPR-09DBDEE447,Tanjungmedang,Rupat Utara,Bengkalis,0.13,P4,Perlindungan pantai dahulu,60.2,66,75,79,tinggi,Risiko ketidakstabilan pesisir relatif tinggi.,mangrove-priority-2016-2025-v0.1
2089,81,MPR-128B85EA3F,Tanjungmedang,Rupat Utara,Bengkalis,0.13,P4,Perlindungan pantai dahulu,60.2,66,75,79,tinggi,Risiko ketidakstabilan pesisir relatif tinggi.,mangrove-priority-2016-2025-v0.1
2090,82,MPR-1A1A24CBA6,Tanjungmedang,Rupat Utara,Bengkalis,0.13,P4,Perlindungan pantai dahulu,60.2,66,75,79,tinggi,Risiko ketidakstabilan pesisir relatif tinggi.,mangrove-priority-2016-2025-v0.1
2091,83,MPR-1BC5235553,Tanjungmedang,Rupat Utara,Bengkalis,0.13,P4,Perlindungan pantai dahulu,60.2,66,75,79,tinggi,Risiko ketidakstabilan pesisir relatif tinggi.,mangrove-priority-2016-2025-v0.1
2092,84,MPR-1F4691A465,Tanjungmedang,Rupat Utara,Bengkalis,0.13,P4,Perlindungan pantai dahulu,60.2,66,75,79,tinggi,Risiko ketidakstabilan pesisir relatif tinggi.,mangrove-priority-2016-2025-v0.1
2093,85,MPR-6087678D1E,Tanjungmedang,Rupat Utara,Bengkalis,0.13,P4,Perlindungan pantai dahulu,60.2,66,75,79,tinggi,Risiko ketidakstabilan pesisir relatif tinggi.,mangrove-priority-2016-2025-v0.1
2094,86,MPR-8DB5470FBD,Tanjungmedang,Rupat Utara,Bengkalis,0.13,P4,Perlindungan pantai dahulu,60.2,66,75,79,tinggi,Risiko ketidakstabilan pesisir relatif tinggi.,mangrove-priority-2016-2025-v0.1
2095,87,MPR-9EDDC1AFC5,Tanjungmedang,Rupat Utara,Bengkalis,0.13,P4,Perlindungan pantai dahulu,60.2,66,75,79,tinggi,Risiko ketidakstabilan pesisir relatif tinggi.,mangrove-priority-2016-2025-v0.1
2096,88,MPR-DFFC961149,Tanjungmedang,Rupat Utara,Bengkalis,0.13,P4,Perlindungan pantai dahulu,60.2,66,75,79,tinggi,Risiko ketidakstabilan pesisir relatif tinggi.,mangrove-priority-2016-2025-v0.1
2097,89,MPR-30E2DE326F,Tanjungmedang,Rupat Utara,Bengkalis,0.127,P4,Perlindungan pantai dahulu,60.2,66,75,79,tinggi,Risiko ketidakstabilan pesisir relatif tinggi.,mangrove-priority-2016-2025-v0.1
2098,90,MPR-DE1A18CE5E,Tanjungmedang,Rupat Utara,Bengkalis,0.127,P4,Perlindungan pantai dahulu,60.2,66,75,79,tinggi,Risiko ketidakstabilan pesisir relatif tinggi.,mangrove-priority-2016-2025-v0.1
2099,91,MPR-997CE17B18,Tanjungmedang,Rupat Utara,Bengkalis,0.125,P4,Perlindungan pantai dahulu,60.2,66,75,79,tinggi,Risiko ketidakstabilan pesisir relatif tinggi.,mangrove-priority-2016-2025-v0.1
2100,92,MPR-75619B999C,Tanjungmedang,Rupat Utara,Bengkalis,0.121,P4,Perlindungan pantai dahulu,60.2,66,75,79,tinggi,Risiko ketidakstabilan pesisir relatif tinggi.,mangrove-priority-2016-2025-v0.1
2101,93,MPR-3126C77EB7,Tanjungmedang,Rupat Utara,Bengkalis,0.12,P4,Perlindungan pantai dahulu,60.2,66,75,79,tinggi,Risiko ketidakstabilan pesisir relatif tinggi.,mangrove-priority-2016-2025-v0.1
2102,94,MPR-6D25E09E16,Tanjungmedang,Rupat Utara,Bengkalis,0.12,P4,Perlindungan pantai dahulu,60.2,66,75,79,tinggi,Risiko ketidakstabilan pesisir relatif tinggi.,mangrove-priority-2016-2025-v0.1
2103,95,MPR-A36682EA76,Tanjungmedang,Rupat Utara,Bengkalis,0.12,P4,Perlindungan pantai dahulu,60.2,66,75,79,tinggi,Risiko ketidakstabilan pesisir relatif tinggi.,mangrove-priority-2016-2025-v0.1
2104,96,MPR-AFE6012DCD,Tanjungmedang,Rupat Utara,Bengkalis,0.12,P4,Perlindungan pantai dahulu,60.2,66,75,79,tinggi,Risiko ketidakstabilan pesisir relatif tinggi.,mangrove-priority-2016-2025-v0.1
2105,97,MPR-D928A2BE4A,Tanjungmedang,Rupat Utara,Bengkalis,0.12,P4,Perlindungan pantai dahulu,60.2,66,75,79,tinggi,Risiko ketidakstabilan pesisir relatif tinggi.,mangrove-priority-2016-2025-v0.1
2106,98,MPR-1BCA772772,Tanjungmedang,Rupat Utara,Bengkalis,0.111,P4,Perlindungan pantai dahulu,60.2,66,75,79,tinggi,Risiko ketidakstabilan pesisir relatif tinggi.,mangrove-priority-2016-2025-v0.1
2107,99,MPR-86640FE191,Tanjungmedang,Rupat Utara,Bengkalis,0.11,P4,Perlindungan pantai dahulu,60.2,66,75,79,tinggi,Risiko ketidakstabilan pesisir relatif tinggi.,mangrove-priority-2016-2025-v0.1
2108,100,MPR-962B069BC3,Tanjungmedang,Rupat Utara,Bengkalis,0.11,P4,Perlindungan pantai dahulu,60.2,66,75,79,tinggi,Risiko ketidakstabilan pesisir relatif tinggi.,mangrove-priority-2016-2025-v0.1
2109,101,MPR-995436261E,Tanjungmedang,Rupat Utara,Bengkalis,0.11,P4,Perlindungan pantai dahulu,60.2,66,75,79,tinggi,Risiko ketidakstabilan pesisir relatif tinggi.,mangrove-priority-2016-2025-v0.1
2110,102,MPR-A257341770,Tanjungmedang,Rupat Utara,Bengkalis,0.11,P4,Perlindungan pantai dahulu,60.2,66,75,79,tinggi,Risiko ketidakstabilan pesisir relatif tinggi.,mangrove-priority-2016-2025-v0.1
2111,103,MPR-C9E2311035,Tanjungmedang,Rupat Utara,Bengkalis,0.11,P4,Perlindungan pantai dahulu,60.2,66,75,79,tinggi,Risiko ketidakstabilan pesisir relatif tinggi.,mangrove-priority-2016-2025-v0.1
2112,104,MPR-CD3FDEBBBD,Tanjungmedang,Rupat Utara,Bengkalis,0.11,P4,Perlindungan pantai dahulu,60.2,66,75,79,tinggi,Risiko ketidakstabilan pesisir relatif tinggi.,mangrove-priority-2016-2025-v0.1
2113,105,MPR-D726F9DDC9,Tanjungmedang,Rupat Utara,Bengkalis,0.11,P4,Perlindungan pantai dahulu,60.2,66,75,79,tinggi,Risiko ketidakstabilan pesisir relatif tinggi.,mangrove-priority-2016-2025-v0.1
2114,106,MPR-1D8CBAC3B9,Tanjungmedang,Rupat Utara,Bengkalis,0.1,P4,Perlindungan pantai dahulu,60.2,66,75,79,tinggi,Risiko ketidakstabilan pesisir relatif tinggi.,mangrove-priority-2016-2025-v0.1
2115,107,MPR-27D8F9260F,Tanjungmedang,Rupat Utara,Bengkalis,0.1,P4,Perlindungan pantai dahulu,60.2,66,75,79,tinggi,Risiko ketidakstabilan pesisir relatif tinggi.,mangrove-priority-2016-2025-v0.1
2116,108,MPR-491D8CE581,Tanjungmedang,Rupat Utara,Bengkalis,0.1,P4,Perlindungan pantai dahulu,60.2,66,75,79,tinggi,Risiko ketidakstabilan pesisir relatif tinggi.,mangrove-priority-2016-2025-v0.1
2117,109,MPR-5498232E7F,Tanjungmedang,Rupat Utara,Bengkalis,0.1,P4,Perlindungan pantai dahulu,60.2,66,75,79,tinggi,Risiko ketidakstabilan pesisir relatif tinggi.,mangrove-priority-2016-2025-v0.1
2118,110,MPR-6D4CB9B86F,Tanjungmedang,Rupat Utara,Bengkalis,0.1,P4,Perlindungan pantai dahulu,60.2,66,75,79,tinggi,Risiko ketidakstabilan pesisir relatif tinggi.,mangrove-priority-2016-2025-v0.1
2119,111,MPR-837164069D,Tanjungmedang,Rupat Utara,Bengkalis,0.1,P4,Perlindungan pantai dahulu,60.2,66,75,79,tinggi,Risiko ketidakstabilan pesisir relatif tinggi.,mangrove-priority-2016-2025-v0.1
2120,112,MPR-86A694EB67,Tanjungmedang,Rupat Utara,Bengkalis,0.1,P4,Perlindungan pantai dahulu,60.2,66,75,79,tinggi,Risiko ketidakstabilan pesisir relatif tinggi.,mangrove-priority-2016-2025-v0.1
2121,113,MPR-87BB7E14DE,Tanjungmedang,Rupat Utara,Bengkalis,0.1,P4,Perlindungan pantai dahulu,60.2,66,75,79,tinggi,Risiko ketidakstabilan pesisir relatif tinggi.,mangrove-priority-2016-2025-v0.1
2122,114,MPR-B1D26A76E6,Tanjungmedang,Rupat Utara,Bengkalis,0.1,P4,Perlindungan pantai dahulu,60.2,66,75,79,tinggi,Risiko ketidakstabilan pesisir relatif tinggi.,mangrove-priority-2016-2025-v0.1
2123,115,MPR-B7BFE0AC5A,Tanjungmedang,Rupat Utara,Bengkalis,0.1,P4,Perlindungan pantai dahulu,60.2,66,75,79,tinggi,Risiko ketidakstabilan pesisir relatif tinggi.,mangrove-priority-2016-2025-v0.1
2124,116,MPR-E8CB1F9BE7,Tanjungmedang,Rupat Utara,Bengkalis,0.1,P4,Perlindungan pantai dahulu,60.2,66,75,79,tinggi,Risiko ketidakstabilan pesisir relatif tinggi.,mangrove-priority-2016-2025-v0.1
2125,117,MPR-EB3B58B5CE,Tanjungmedang,Rupat Utara,Bengkalis,0.1,P4,Perlindungan pantai dahulu,60.2,66,75,79,tinggi,Risiko ketidakstabilan pesisir relatif tinggi.,mangrove-priority-2016-2025-v0.1
2126,118,MPR-55534230C0,Tanjungmedang,Rupat Utara,Bengkalis,0.099,P4,Perlindungan pantai dahulu,60.2,66,75,79,tinggi,Risiko ketidakstabilan pesisir relatif tinggi.,mangrove-priority-2016-2025-v0.1
2127,119,MPR-8A6E96051E,Tanjungmedang,Rupat Utara,Bengkalis,0.091,P4,Perlindungan pantai dahulu,60.2,66,75,79,tinggi,Risiko ketidakstabilan pesisir relatif tinggi.,mangrove-priority-2016-2025-v0.1
2128,120,MPR-0D6F672CEC,Tanjungmedang,Rupat Utara,Bengkalis,0.09,P4,Perlindungan pantai dahulu,60.2,66,75,79,tinggi,Risiko ketidakstabilan pesisir relatif tinggi.,mangrove-priority-2016-2025-v0.1
2129,121,MPR-06DE2BBFF7,Tanjungmedang,Rupat Utara,Bengkalis,0.08,P4,Perlindungan pantai dahulu,60.2,66,75,79,tinggi,Risiko ketidakstabilan pesisir relatif tinggi.,mangrove-priority-2016-2025-v0.1
2130,122,MPR-235489108B,Tanjungmedang,Rupat Utara,Bengkalis,0.08,P4,Perlindungan pantai dahulu,60.2,66,75,79,tinggi,Risiko ketidakstabilan pesisir relatif tinggi.,mangrove-priority-2016-2025-v0.1
2131,123,MPR-28859C0EF3,Tanjungmedang,Rupat Utara,Bengkalis,0.08,P4,Perlindungan pantai dahulu,60.2,66,75,79,tinggi,Risiko ketidakstabilan pesisir relatif tinggi.,mangrove-priority-2016-2025-v0.1
2132,124,MPR-296F3C5B88,Tanjungmedang,Rupat Utara,Bengkalis,0.08,P4,Perlindungan pantai dahulu,60.2,66,75,79,tinggi,Risiko ketidakstabilan pesisir relatif tinggi.,mangrove-priority-2016-2025-v0.1
2133,125,MPR-31BCA45646,Tanjungmedang,Rupat Utara,Bengkalis,0.08,P4,Perlindungan pantai dahulu,60.2,66,75,79,tinggi,Risiko ketidakstabilan pesisir relatif tinggi.,mangrove-priority-2016-2025-v0.1
2134,126,MPR-32E26C6E20,Tanjungmedang,Rupat Utara,Bengkalis,0.08,P4,Perlindungan pantai dahulu,60.2,66,75,79,tinggi,Risiko ketidakstabilan pesisir relatif tinggi.,mangrove-priority-2016-2025-v0.1
2135,127,MPR-383A6B4E0A,Tanjungmedang,Rupat Utara,Bengkalis,0.08,P4,Perlindungan pantai dahulu,60.2,66,75,79,tinggi,Risiko ketidakstabilan pesisir relatif tinggi.,mangrove-priority-2016-2025-v0.1
2136,128,MPR-455F45F099,Tanjungmedang,Rupat Utara,Bengkalis,0.08,P4,Perlindungan pantai dahulu,60.2,66,75,79,tinggi,Risiko ketidakstabilan pesisir relatif tinggi.,mangrove-priority-2016-2025-v0.1
2137,129,MPR-60FD9698CD,Tanjungmedang,Rupat Utara,Bengkalis,0.08,P4,Perlindungan pantai dahulu,60.2,66,75,79,tinggi,Risiko ketidakstabilan pesisir relatif tinggi.,mangrove-priority-2016-2025-v0.1
2138,130,MPR-657CFC6C20,Tanjungmedang,Rupat Utara,Bengkalis,0.08,P4,Perlindungan pantai dahulu,60.2,66,75,79,tinggi,Risiko ketidakstabilan pesisir relatif tinggi.,mangrove-priority-2016-2025-v0.1
2139,131,MPR-69D98070D6,Tanjungmedang,Rupat Utara,Bengkalis,0.08,P4,Perlindungan pantai dahulu,60.2,66,75,79,tinggi,Risiko ketidakstabilan pesisir relatif tinggi.,mangrove-priority-2016-2025-v0.1
2140,132,MPR-6BC654EE19,Tanjungmedang,Rupat Utara,Bengkalis,0.08,P4,Perlindungan pantai dahulu,60.2,66,75,79,tinggi,Risiko ketidakstabilan pesisir relatif tinggi.,mangrove-priority-2016-2025-v0.1
2141,133,MPR-76E7312DB0,Tanjungmedang,Rupat Utara,Bengkalis,0.08,P4,Perlindungan pantai dahulu,60.2,66,75,79,tinggi,Risiko ketidakstabilan pesisir relatif tinggi.,mangrove-priority-2016-2025-v0.1
2142,134,MPR-81C5145181,Tanjungmedang,Rupat Utara,Bengkalis,0.08,P4,Perlindungan pantai dahulu,60.2,66,75,79,tinggi,Risiko ketidakstabilan pesisir relatif tinggi.,mangrove-priority-2016-2025-v0.1
2143,135,MPR-82101A80F5,Tanjungmedang,Rupat Utara,Bengkalis,0.08,P4,Perlindungan pantai dahulu,60.2,66,75,79,tinggi,Risiko ketidakstabilan pesisir relatif tinggi.,mangrove-priority-2016-2025-v0.1
2144,136,MPR-A362D94980,Tanjungmedang,Rupat Utara,Bengkalis,0.08,P4,Perlindungan pantai dahulu,60.2,66,75,79,tinggi,Risiko ketidakstabilan pesisir relatif tinggi.,mangrove-priority-2016-2025-v0.1
2145,137,MPR-B4C0EC5D1C,Tanjungmedang,Rupat Utara,Bengkalis,0.08,P4,Perlindungan pantai dahulu,60.2,66,75,79,tinggi,Risiko ketidakstabilan pesisir relatif tinggi.,mangrove-priority-2016-2025-v0.1
2146,138,MPR-C3D408DB64,Tanjungmedang,Rupat Utara,Bengkalis,0.08,P4,Perlindungan pantai dahulu,60.2,66,75,79,tinggi,Risiko ketidakstabilan pesisir relatif tinggi.,mangrove-priority-2016-2025-v0.1
2147,139,MPR-C459B53A40,Tanjungmedang,Rupat Utara,Bengkalis,0.08,P4,Perlindungan pantai dahulu,60.2,66,75,79,tinggi,Risiko ketidakstabilan pesisir relatif tinggi.,mangrove-priority-2016-2025-v0.1
2148,140,MPR-C737DD2105,Tanjungmedang,Rupat Utara,Bengkalis,0.08,P4,Perlindungan pantai dahulu,60.2,66,75,79,tinggi,Risiko ketidakstabilan pesisir relatif tinggi.,mangrove-priority-2016-2025-v0.1
2149,141,MPR-CDA918442A,Tanjungmedang,Rupat Utara,Bengkalis,0.08,P4,Perlindungan pantai dahulu,60.2,66,75,79,tinggi,Risiko ketidakstabilan pesisir relatif tinggi.,mangrove-priority-2016-2025-v0.1
2150,142,MPR-D6A5B33A02,Tanjungmedang,Rupat Utara,Bengkalis,0.08,P4,Perlindungan pantai dahulu,60.2,66,75,79,tinggi,Risiko ketidakstabilan pesisir relatif tinggi.,mangrove-priority-2016-2025-v0.1
2151,143,MPR-FA45CFB86A,Tanjungmedang,Rupat Utara,Bengkalis,0.08,P4,Perlindungan pantai dahulu,60.2,66,75,79,tinggi,Risiko ketidakstabilan pesisir relatif tinggi.,mangrove-priority-2016-2025-v0.1
2152,144,MPR-FAAB537F2F,Tanjungmedang,Rupat Utara,Bengkalis,0.08,P4,Perlindungan pantai dahulu,60.2,66,75,79,tinggi,Risiko ketidakstabilan pesisir relatif tinggi.,mangrove-priority-2016-2025-v0.1
2153,145,MPR-FB5446C300,Tanjungmedang,Rupat Utara,Bengkalis,0.08,P4,Perlindungan pantai dahulu,60.2,66,75,79,tinggi,Risiko ketidakstabilan pesisir relatif tinggi.,mangrove-priority-2016-2025-v0.1
2154,146,MPR-FC328BD733,Tanjungmedang,Rupat Utara,Bengkalis,0.07,P4,Perlindungan pantai dahulu,60.2,66,75,79,tinggi,Risiko ketidakstabilan pesisir relatif tinggi.,mangrove-priority-2016-2025-v0.1
2155,147,MPR-DD2719978E,Tanjungmedang,Rupat Utara,Bengkalis,0.064,P4,Perlindungan pantai dahulu,60.2,66,75,79,tinggi,Risiko ketidakstabilan pesisir relatif tinggi.,mangrove-priority-2016-2025-v0.1
2156,148,MPR-03F1A63862,Tanjungmedang,Rupat Utara,Bengkalis,0.05,P4,Perlindungan pantai dahulu,60.2,66,75,79,tinggi,Risiko ketidakstabilan pesisir relatif tinggi.,mangrove-priority-2016-2025-v0.1
2157,149,MPR-31E80FC9D4,Tanjungmedang,Rupat Utara,Bengkalis,0.05,P4,Perlindungan pantai dahulu,60.2,66,75,79,tinggi,Risiko ketidakstabilan pesisir relatif tinggi.,mangrove-priority-2016-2025-v0.1
2158,150,MPR-50D5B962FE,Tanjungmedang,Rupat Utara,Bengkalis,0.05,P4,Perlindungan pantai dahulu,60.2,66,75,79,tinggi,Risiko ketidakstabilan pesisir relatif tinggi.,mangrove-priority-2016-2025-v0.1
2159,151,MPR-517E96EEE8,Tanjungmedang,Rupat Utara,Bengkalis,0.05,P4,Perlindungan pantai dahulu,60.2,66,75,79,tinggi,Risiko ketidakstabilan pesisir relatif tinggi.,mangrove-priority-2016-2025-v0.1
2160,152,MPR-608CF4FD24,Tanjungmedang,Rupat Utara,Bengkalis,0.05,X,Tidak direkomendasikan,60.2,66,75,79,tinggi,Area terlalu kecil dan terisolasi untuk diprioritaskan.,mangrove-priority-2016-2025-v0.1
2161,153,MPR-93F3924B9E,Tanjungmedang,Rupat Utara,Bengkalis,0.05,P4,Perlindungan pantai dahulu,60.2,66,75,79,tinggi,Risiko ketidakstabilan pesisir relatif tinggi.,mangrove-priority-2016-2025-v0.1
2162,154,MPR-996E0DC6B0,Tanjungmedang,Rupat Utara,Bengkalis,0.05,P4,Perlindungan pantai dahulu,60.2,66,75,79,tinggi,Risiko ketidakstabilan pesisir relatif tinggi.,mangrove-priority-2016-2025-v0.1
2163,155,MPR-ABCCDB3720,Tanjungmedang,Rupat Utara,Bengkalis,0.05,P4,Perlindungan pantai dahulu,60.2,66,75,79,tinggi,Risiko ketidakstabilan pesisir relatif tinggi.,mangrove-priority-2016-2025-v0.1
2164,156,MPR-BA73138A82,Tanjungmedang,Rupat Utara,Bengkalis,0.05,P4,Perlindungan pantai dahulu,60.2,66,75,79,tinggi,Risiko ketidakstabilan pesisir relatif tinggi.,mangrove-priority-2016-2025-v0.1
2165,157,MPR-FB67D4C77A,Tanjungmedang,Rupat Utara,Bengkalis,0.05,P4,Perlindungan pantai dahulu,60.2,66,75,79,tinggi,Risiko ketidakstabilan pesisir relatif tinggi.,mangrove-priority-2016-2025-v0.1
2166,1,MPR-5E987E4B4B,Senggoro,Bengkalis,Bengkalis,0.21,P2,Regenerasi alami terbantu,60.1,36,82,24,tinggi,Kondisi biofisik relatif mendukung pemulihan vegetasi.,mangrove-priority-2016-2025-v0.1
2167,2,MPR-F40F287720,Senggoro,Bengkalis,Bengkalis,0.19,P2,Regenerasi alami terbantu,60.1,36,82,24,tinggi,Kondisi biofisik relatif mendukung pemulihan vegetasi.,mangrove-priority-2016-2025-v0.1
2168,3,MPR-084DEC194D,Senggoro,Bengkalis,Bengkalis,0.13,P2,Regenerasi alami terbantu,60.1,36,82,24,tinggi,Kondisi biofisik relatif mendukung pemulihan vegetasi.,mangrove-priority-2016-2025-v0.1
2169,4,MPR-11D01A35C2,Senggoro,Bengkalis,Bengkalis,0.11,P2,Regenerasi alami terbantu,60.1,36,82,24,tinggi,Kondisi biofisik relatif mendukung pemulihan vegetasi.,mangrove-priority-2016-2025-v0.1
2170,5,MPR-785D2E84EA,Senggoro,Bengkalis,Bengkalis,0.11,P2,Regenerasi alami terbantu,60.1,36,82,24,tinggi,Kondisi biofisik relatif mendukung pemulihan vegetasi.,mangrove-priority-2016-2025-v0.1
2171,6,MPR-1A04B35FD9,Senggoro,Bengkalis,Bengkalis,0.1,P2,Regenerasi alami terbantu,60.1,36,82,24,tinggi,Kondisi biofisik relatif mendukung pemulihan vegetasi.,mangrove-priority-2016-2025-v0.1
2172,7,MPR-435C86A4C3,Senggoro,Bengkalis,Bengkalis,0.08,P2,Regenerasi alami terbantu,60.1,36,82,24,tinggi,Kondisi biofisik relatif mendukung pemulihan vegetasi.,mangrove-priority-2016-2025-v0.1
2173,279,MPR-52DAA1B195,Titi Akar,Rupat Utara,Bengkalis,1.72,P4,Perlindungan pantai dahulu,60.0,60,83,80,tinggi,Risiko ketidakstabilan pesisir relatif tinggi.,mangrove-priority-2016-2025-v0.1
2174,280,MPR-77D1DCF31A,Titi Akar,Rupat Utara,Bengkalis,1.64,P4,Perlindungan pantai dahulu,60.0,60,83,80,tinggi,Risiko ketidakstabilan pesisir relatif tinggi.,mangrove-priority-2016-2025-v0.1
2175,281,MPR-81EAFEFB9C,Titi Akar,Rupat Utara,Bengkalis,1.62,P4,Perlindungan pantai dahulu,60.0,60,83,80,tinggi,Risiko ketidakstabilan pesisir relatif tinggi.,mangrove-priority-2016-2025-v0.1
2176,158,MPR-0DBFDE2760,Tanjungmedang,Rupat Utara,Bengkalis,1.05,P4,Perlindungan pantai dahulu,60.0,67,74,80,tinggi,Risiko ketidakstabilan pesisir relatif tinggi.,mangrove-priority-2016-2025-v0.1
2177,159,MPR-083E222BB6,Tanjungmedang,Rupat Utara,Bengkalis,1.008,P4,Perlindungan pantai dahulu,60.0,67,74,80,tinggi,Risiko ketidakstabilan pesisir relatif tinggi.,mangrove-priority-2016-2025-v0.1
2178,160,MPR-8796D8363A,Tanjungmedang,Rupat Utara,Bengkalis,0.98,P4,Perlindungan pantai dahulu,60.0,67,74,80,tinggi,Risiko ketidakstabilan pesisir relatif tinggi.,mangrove-priority-2016-2025-v0.1
2179,161,MPR-309565634C,Tanjungmedang,Rupat Utara,Bengkalis,0.96,P4,Perlindungan pantai dahulu,60.0,67,74,80,tinggi,Risiko ketidakstabilan pesisir relatif tinggi.,mangrove-priority-2016-2025-v0.1
2180,162,MPR-EE5F8645A8,Tanjungmedang,Rupat Utara,Bengkalis,0.95,P4,Perlindungan pantai dahulu,60.0,67,74,80,tinggi,Risiko ketidakstabilan pesisir relatif tinggi.,mangrove-priority-2016-2025-v0.1
2181,163,MPR-DAECCDC788,Tanjungmedang,Rupat Utara,Bengkalis,0.81,P4,Perlindungan pantai dahulu,60.0,67,74,80,tinggi,Risiko ketidakstabilan pesisir relatif tinggi.,mangrove-priority-2016-2025-v0.1
2182,164,MPR-893253D0EC,Tanjungmedang,Rupat Utara,Bengkalis,0.776,P4,Perlindungan pantai dahulu,60.0,67,74,80,tinggi,Risiko ketidakstabilan pesisir relatif tinggi.,mangrove-priority-2016-2025-v0.1
2183,165,MPR-0B2737B92C,Tanjungmedang,Rupat Utara,Bengkalis,0.77,P4,Perlindungan pantai dahulu,60.0,67,74,80,tinggi,Risiko ketidakstabilan pesisir relatif tinggi.,mangrove-priority-2016-2025-v0.1
2184,8,MPR-CBD54DA1FE,Senggoro,Bengkalis,Bengkalis,0.717,P2,Regenerasi alami terbantu,60.0,37,81,25,tinggi,Kondisi biofisik relatif mendukung pemulihan vegetasi.,mangrove-priority-2016-2025-v0.1
2185,166,MPR-807FD235AE,Tanjungmedang,Rupat Utara,Bengkalis,0.68,P4,Perlindungan pantai dahulu,60.0,67,74,80,tinggi,Risiko ketidakstabilan pesisir relatif tinggi.,mangrove-priority-2016-2025-v0.1
2186,167,MPR-3C81563E4A,Tanjungmedang,Rupat Utara,Bengkalis,0.658,P4,Perlindungan pantai dahulu,60.0,67,74,80,tinggi,Risiko ketidakstabilan pesisir relatif tinggi.,mangrove-priority-2016-2025-v0.1
2187,9,MPR-10EA107F02,Senggoro,Bengkalis,Bengkalis,0.64,P2,Regenerasi alami terbantu,60.0,37,81,25,tinggi,Kondisi biofisik relatif mendukung pemulihan vegetasi.,mangrove-priority-2016-2025-v0.1
2188,168,MPR-B85A315613,Tanjungmedang,Rupat Utara,Bengkalis,0.595,P4,Perlindungan pantai dahulu,60.0,67,74,80,tinggi,Risiko ketidakstabilan pesisir relatif tinggi.,mangrove-priority-2016-2025-v0.1
2189,169,MPR-BA6C05CF59,Tanjungmedang,Rupat Utara,Bengkalis,0.57,P4,Perlindungan pantai dahulu,60.0,67,74,80,tinggi,Risiko ketidakstabilan pesisir relatif tinggi.,mangrove-priority-2016-2025-v0.1
2190,170,MPR-63E43E0793,Tanjungmedang,Rupat Utara,Bengkalis,0.56,P4,Perlindungan pantai dahulu,60.0,67,74,80,tinggi,Risiko ketidakstabilan pesisir relatif tinggi.,mangrove-priority-2016-2025-v0.1
2191,171,MPR-12046286F5,Tanjungmedang,Rupat Utara,Bengkalis,0.54,P4,Perlindungan pantai dahulu,60.0,67,74,80,tinggi,Risiko ketidakstabilan pesisir relatif tinggi.,mangrove-priority-2016-2025-v0.1
2192,172,MPR-91F73A1588,Tanjungmedang,Rupat Utara,Bengkalis,0.52,P4,Perlindungan pantai dahulu,60.0,67,74,80,tinggi,Risiko ketidakstabilan pesisir relatif tinggi.,mangrove-priority-2016-2025-v0.1
2193,173,MPR-3341A804F4,Tanjungmedang,Rupat Utara,Bengkalis,0.51,P4,Perlindungan pantai dahulu,60.0,67,74,80,tinggi,Risiko ketidakstabilan pesisir relatif tinggi.,mangrove-priority-2016-2025-v0.1
2194,174,MPR-203B419BEA,Tanjungmedang,Rupat Utara,Bengkalis,0.5,P4,Perlindungan pantai dahulu,60.0,67,74,80,tinggi,Risiko ketidakstabilan pesisir relatif tinggi.,mangrove-priority-2016-2025-v0.1
2195,282,MPR-60A3629A10,Titi Akar,Rupat Utara,Bengkalis,3.136,P4,Perlindungan pantai dahulu,59.9,62,81,82,tinggi,Risiko ketidakstabilan pesisir relatif tinggi.,mangrove-priority-2016-2025-v0.1
2196,283,MPR-A031AE1E08,Titi Akar,Rupat Utara,Bengkalis,2.48,P4,Perlindungan pantai dahulu,59.9,61,82,81,tinggi,Risiko ketidakstabilan pesisir relatif tinggi.,mangrove-priority-2016-2025-v0.1
2197,175,MPR-4AE4E73214,Tanjungmedang,Rupat Utara,Bengkalis,2.47,P4,Perlindungan pantai dahulu,59.9,69,72,82,tinggi,Risiko ketidakstabilan pesisir relatif tinggi.,mangrove-priority-2016-2025-v0.1
2198,176,MPR-697FCFC07F,Tanjungmedang,Rupat Utara,Bengkalis,2.39,P4,Perlindungan pantai dahulu,59.9,69,72,82,tinggi,Risiko ketidakstabilan pesisir relatif tinggi.,mangrove-priority-2016-2025-v0.1
2199,284,MPR-728774F628,Titi Akar,Rupat Utara,Bengkalis,2.3,P4,Perlindungan pantai dahulu,59.9,61,82,81,tinggi,Risiko ketidakstabilan pesisir relatif tinggi.,mangrove-priority-2016-2025-v0.1
2200,177,MPR-45C87D5B27,Tanjungmedang,Rupat Utara,Bengkalis,2.294,P4,Perlindungan pantai dahulu,59.9,69,72,82,tinggi,Risiko ketidakstabilan pesisir relatif tinggi.,mangrove-priority-2016-2025-v0.1
2201,178,MPR-82DA8AEE25,Tanjungmedang,Rupat Utara,Bengkalis,2.129,P4,Perlindungan pantai dahulu,59.9,69,72,82,tinggi,Risiko ketidakstabilan pesisir relatif tinggi.,mangrove-priority-2016-2025-v0.1
2202,179,MPR-0193E314A8,Tanjungmedang,Rupat Utara,Bengkalis,1.68,P4,Perlindungan pantai dahulu,59.9,68,73,81,tinggi,Risiko ketidakstabilan pesisir relatif tinggi.,mangrove-priority-2016-2025-v0.1
2203,180,MPR-C9165018F7,Tanjungmedang,Rupat Utara,Bengkalis,1.68,P4,Perlindungan pantai dahulu,59.9,68,73,81,tinggi,Risiko ketidakstabilan pesisir relatif tinggi.,mangrove-priority-2016-2025-v0.1
2204,181,MPR-B04A8468C5,Tanjungmedang,Rupat Utara,Bengkalis,1.575,P4,Perlindungan pantai dahulu,59.9,68,73,81,tinggi,Risiko ketidakstabilan pesisir relatif tinggi.,mangrove-priority-2016-2025-v0.1
2205,182,MPR-62759A7264,Tanjungmedang,Rupat Utara,Bengkalis,1.52,P4,Perlindungan pantai dahulu,59.9,68,73,81,tinggi,Risiko ketidakstabilan pesisir relatif tinggi.,mangrove-priority-2016-2025-v0.1
2206,183,MPR-80853F3D40,Tanjungmedang,Rupat Utara,Bengkalis,1.52,P4,Perlindungan pantai dahulu,59.9,68,73,81,tinggi,Risiko ketidakstabilan pesisir relatif tinggi.,mangrove-priority-2016-2025-v0.1
2207,184,MPR-1A3006877B,Tanjungmedang,Rupat Utara,Bengkalis,1.459,P4,Perlindungan pantai dahulu,59.9,68,73,81,tinggi,Risiko ketidakstabilan pesisir relatif tinggi.,mangrove-priority-2016-2025-v0.1
2208,185,MPR-D3F91578F8,Tanjungmedang,Rupat Utara,Bengkalis,1.456,P4,Perlindungan pantai dahulu,59.9,68,73,81,tinggi,Risiko ketidakstabilan pesisir relatif tinggi.,mangrove-priority-2016-2025-v0.1
2209,186,MPR-13CD8BA518,Tanjungmedang,Rupat Utara,Bengkalis,1.45,P4,Perlindungan pantai dahulu,59.9,68,73,81,tinggi,Risiko ketidakstabilan pesisir relatif tinggi.,mangrove-priority-2016-2025-v0.1
2210,187,MPR-8153AA4602,Tanjungmedang,Rupat Utara,Bengkalis,1.3,P4,Perlindungan pantai dahulu,59.9,68,73,81,tinggi,Risiko ketidakstabilan pesisir relatif tinggi.,mangrove-priority-2016-2025-v0.1
2211,188,MPR-4911170ADF,Tanjungmedang,Rupat Utara,Bengkalis,1.27,P4,Perlindungan pantai dahulu,59.9,68,73,81,tinggi,Risiko ketidakstabilan pesisir relatif tinggi.,mangrove-priority-2016-2025-v0.1
2212,189,MPR-94BB5D8696,Tanjungmedang,Rupat Utara,Bengkalis,1.27,P4,Perlindungan pantai dahulu,59.9,68,73,81,tinggi,Risiko ketidakstabilan pesisir relatif tinggi.,mangrove-priority-2016-2025-v0.1
2213,285,MPR-3861DE79F8,Titi Akar,Rupat Utara,Bengkalis,0.41,P4,Perlindungan pantai dahulu,59.9,58,84,78,tinggi,Risiko ketidakstabilan pesisir relatif tinggi.,mangrove-priority-2016-2025-v0.1
2214,286,MPR-95E68227B5,Titi Akar,Rupat Utara,Bengkalis,0.41,P4,Perlindungan pantai dahulu,59.9,58,84,78,tinggi,Risiko ketidakstabilan pesisir relatif tinggi.,mangrove-priority-2016-2025-v0.1
2215,287,MPR-B3D0C5CDD0,Titi Akar,Rupat Utara,Bengkalis,0.4,P4,Perlindungan pantai dahulu,59.9,58,84,78,tinggi,Risiko ketidakstabilan pesisir relatif tinggi.,mangrove-priority-2016-2025-v0.1
2216,288,MPR-E53F440CAC,Titi Akar,Rupat Utara,Bengkalis,0.4,P4,Perlindungan pantai dahulu,59.9,58,84,78,tinggi,Risiko ketidakstabilan pesisir relatif tinggi.,mangrove-priority-2016-2025-v0.1
2217,289,MPR-B994D43BC2,Titi Akar,Rupat Utara,Bengkalis,0.398,P4,Perlindungan pantai dahulu,59.9,58,84,78,tinggi,Risiko ketidakstabilan pesisir relatif tinggi.,mangrove-priority-2016-2025-v0.1
2218,290,MPR-111274CC25,Titi Akar,Rupat Utara,Bengkalis,0.39,P4,Perlindungan pantai dahulu,59.9,58,84,78,tinggi,Risiko ketidakstabilan pesisir relatif tinggi.,mangrove-priority-2016-2025-v0.1
2219,291,MPR-B8E7387146,Titi Akar,Rupat Utara,Bengkalis,0.39,P4,Perlindungan pantai dahulu,59.9,58,84,78,tinggi,Risiko ketidakstabilan pesisir relatif tinggi.,mangrove-priority-2016-2025-v0.1
2220,292,MPR-85AC124F9B,Titi Akar,Rupat Utara,Bengkalis,0.38,P4,Perlindungan pantai dahulu,59.9,58,84,78,tinggi,Risiko ketidakstabilan pesisir relatif tinggi.,mangrove-priority-2016-2025-v0.1
2221,293,MPR-9816ABE23B,Titi Akar,Rupat Utara,Bengkalis,0.38,P4,Perlindungan pantai dahulu,59.9,58,84,78,tinggi,Risiko ketidakstabilan pesisir relatif tinggi.,mangrove-priority-2016-2025-v0.1
2222,294,MPR-2F47B42689,Titi Akar,Rupat Utara,Bengkalis,0.36,P4,Perlindungan pantai dahulu,59.9,58,84,78,tinggi,Risiko ketidakstabilan pesisir relatif tinggi.,mangrove-priority-2016-2025-v0.1
2223,295,MPR-5A0ABAFE58,Titi Akar,Rupat Utara,Bengkalis,0.36,P4,Perlindungan pantai dahulu,59.9,58,84,78,tinggi,Risiko ketidakstabilan pesisir relatif tinggi.,mangrove-priority-2016-2025-v0.1
2224,296,MPR-8F16C1B55E,Titi Akar,Rupat Utara,Bengkalis,0.36,P4,Perlindungan pantai dahulu,59.9,58,84,78,tinggi,Risiko ketidakstabilan pesisir relatif tinggi.,mangrove-priority-2016-2025-v0.1
2225,297,MPR-9548752231,Titi Akar,Rupat Utara,Bengkalis,0.36,P4,Perlindungan pantai dahulu,59.9,58,84,78,tinggi,Risiko ketidakstabilan pesisir relatif tinggi.,mangrove-priority-2016-2025-v0.1
2226,25,MPR-902C90A522,Deluk,Bantan,Bengkalis,36.797,P4,Perlindungan pantai dahulu,59.8,88,47,81,tinggi,Risiko ketidakstabilan pesisir relatif tinggi.,mangrove-priority-2016-2025-v0.1
2227,298,MPR-6CFBE4D804,Titi Akar,Rupat Utara,Bengkalis,3.84,P4,Perlindungan pantai dahulu,59.8,63,80,83,tinggi,Risiko ketidakstabilan pesisir relatif tinggi.,mangrove-priority-2016-2025-v0.1
2228,299,MPR-25BAB65DB3,Titi Akar,Rupat Utara,Bengkalis,1.24,P4,Perlindungan pantai dahulu,59.8,59,83,79,tinggi,Risiko ketidakstabilan pesisir relatif tinggi.,mangrove-priority-2016-2025-v0.1
2229,300,MPR-5271D518DA,Titi Akar,Rupat Utara,Bengkalis,1.22,P4,Perlindungan pantai dahulu,59.8,59,83,79,tinggi,Risiko ketidakstabilan pesisir relatif tinggi.,mangrove-priority-2016-2025-v0.1
2230,301,MPR-640DB0EF83,Titi Akar,Rupat Utara,Bengkalis,1.176,P4,Perlindungan pantai dahulu,59.8,59,83,79,tinggi,Risiko ketidakstabilan pesisir relatif tinggi.,mangrove-priority-2016-2025-v0.1
2231,302,MPR-28A61420E2,Titi Akar,Rupat Utara,Bengkalis,1.16,P4,Perlindungan pantai dahulu,59.8,59,83,79,tinggi,Risiko ketidakstabilan pesisir relatif tinggi.,mangrove-priority-2016-2025-v0.1
2232,303,MPR-978F33631F,Titi Akar,Rupat Utara,Bengkalis,1.13,P4,Perlindungan pantai dahulu,59.8,59,83,79,tinggi,Risiko ketidakstabilan pesisir relatif tinggi.,mangrove-priority-2016-2025-v0.1
2233,304,MPR-8FDE07792A,Titi Akar,Rupat Utara,Bengkalis,1.12,P4,Perlindungan pantai dahulu,59.8,59,83,79,tinggi,Risiko ketidakstabilan pesisir relatif tinggi.,mangrove-priority-2016-2025-v0.1
2234,305,MPR-466F826D20,Titi Akar,Rupat Utara,Bengkalis,1.08,P4,Perlindungan pantai dahulu,59.8,59,83,79,tinggi,Risiko ketidakstabilan pesisir relatif tinggi.,mangrove-priority-2016-2025-v0.1
2235,190,MPR-DCE7FBD303,Tanjungmedang,Rupat Utara,Bengkalis,0.41,P4,Perlindungan pantai dahulu,59.8,66,74,79,tinggi,Risiko ketidakstabilan pesisir relatif tinggi.,mangrove-priority-2016-2025-v0.1
2236,191,MPR-BAF2558E31,Tanjungmedang,Rupat Utara,Bengkalis,0.39,P4,Perlindungan pantai dahulu,59.8,66,74,79,tinggi,Risiko ketidakstabilan pesisir relatif tinggi.,mangrove-priority-2016-2025-v0.1
2237,192,MPR-9344A58FE6,Tanjungmedang,Rupat Utara,Bengkalis,0.369,P4,Perlindungan pantai dahulu,59.8,66,74,79,tinggi,Risiko ketidakstabilan pesisir relatif tinggi.,mangrove-priority-2016-2025-v0.1
2238,193,MPR-4664992468,Tanjungmedang,Rupat Utara,Bengkalis,0.36,P4,Perlindungan pantai dahulu,59.8,66,74,79,tinggi,Risiko ketidakstabilan pesisir relatif tinggi.,mangrove-priority-2016-2025-v0.1
2239,194,MPR-6BE4B43E9F,Tanjungmedang,Rupat Utara,Bengkalis,0.36,P4,Perlindungan pantai dahulu,59.8,66,74,79,tinggi,Risiko ketidakstabilan pesisir relatif tinggi.,mangrove-priority-2016-2025-v0.1
2240,195,MPR-837AD00F89,Tanjungmedang,Rupat Utara,Bengkalis,3.007,P4,Perlindungan pantai dahulu,59.7,70,71,83,tinggi,Risiko ketidakstabilan pesisir relatif tinggi.,mangrove-priority-2016-2025-v0.1
2241,196,MPR-70E7766341,Tanjungmedang,Rupat Utara,Bengkalis,2.97,P4,Perlindungan pantai dahulu,59.7,70,71,83,tinggi,Risiko ketidakstabilan pesisir relatif tinggi.,mangrove-priority-2016-2025-v0.1
2242,306,MPR-D721245711,Titi Akar,Rupat Utara,Bengkalis,2.02,P4,Perlindungan pantai dahulu,59.7,60,82,80,tinggi,Risiko ketidakstabilan pesisir relatif tinggi.,mangrove-priority-2016-2025-v0.1
2243,307,MPR-56F4506D18,Titi Akar,Rupat Utara,Bengkalis,1.97,P4,Perlindungan pantai dahulu,59.7,60,82,80,tinggi,Risiko ketidakstabilan pesisir relatif tinggi.,mangrove-priority-2016-2025-v0.1
2244,197,MPR-969254B146,Tanjungmedang,Rupat Utara,Bengkalis,1.13,P4,Perlindungan pantai dahulu,59.7,67,73,80,tinggi,Risiko ketidakstabilan pesisir relatif tinggi.,mangrove-priority-2016-2025-v0.1
2245,198,MPR-AD5F5354CB,Tanjungmedang,Rupat Utara,Bengkalis,1.08,P4,Perlindungan pantai dahulu,59.7,67,73,80,tinggi,Risiko ketidakstabilan pesisir relatif tinggi.,mangrove-priority-2016-2025-v0.1
2246,123,MPR-67940AD902,Kelurahan Tanjungkapal,Rupat,Bengkalis,10.51,P4,Perlindungan pantai dahulu,59.6,75,70,93,tinggi,Risiko ketidakstabilan pesisir relatif tinggi.,mangrove-priority-2016-2025-v0.1
2247,308,MPR-97C2EC7BE7,Titi Akar,Rupat Utara,Bengkalis,2.71,P4,Perlindungan pantai dahulu,59.6,61,81,81,tinggi,Risiko ketidakstabilan pesisir relatif tinggi.,mangrove-priority-2016-2025-v0.1
2248,128,MPR-303B69FE2C,Darul Aman,Rupat,Bengkalis,17.304,P4,Perlindungan pantai dahulu,59.5,75,61,78,tinggi,Risiko ketidakstabilan pesisir relatif tinggi.,mangrove-priority-2016-2025-v0.1
2249,124,MPR-61A403BCBA,Kelurahan Tanjungkapal,Rupat,Bengkalis,10.89,P4,Perlindungan pantai dahulu,59.5,75,70,94,tinggi,Risiko ketidakstabilan pesisir relatif tinggi.,mangrove-priority-2016-2025-v0.1
2250,199,MPR-3BCBE32D40,Tanjungmedang,Rupat Utara,Bengkalis,3.92,P4,Perlindungan pantai dahulu,59.5,71,70,85,tinggi,Risiko ketidakstabilan pesisir relatif tinggi.,mangrove-priority-2016-2025-v0.1
2251,200,MPR-77716A4BD6,Tanjungmedang,Rupat Utara,Bengkalis,3.2,P4,Perlindungan pantai dahulu,59.5,70,71,84,tinggi,Risiko ketidakstabilan pesisir relatif tinggi.,mangrove-priority-2016-2025-v0.1
2252,201,MPR-DED70C8CD8,Tanjungmedang,Rupat Utara,Bengkalis,1.22,P4,Perlindungan pantai dahulu,59.5,67,73,81,tinggi,Risiko ketidakstabilan pesisir relatif tinggi.,mangrove-priority-2016-2025-v0.1
2253,202,MPR-F6DF5E80BE,Tanjungmedang,Rupat Utara,Bengkalis,1.21,P4,Perlindungan pantai dahulu,59.5,67,73,81,tinggi,Risiko ketidakstabilan pesisir relatif tinggi.,mangrove-priority-2016-2025-v0.1
2254,203,MPR-D24EAAEA23,Tanjungmedang,Rupat Utara,Bengkalis,1.2,P4,Perlindungan pantai dahulu,59.5,67,73,81,tinggi,Risiko ketidakstabilan pesisir relatif tinggi.,mangrove-priority-2016-2025-v0.1
2255,204,MPR-8A99F454A2,Tanjungmedang,Rupat Utara,Bengkalis,1.18,P4,Perlindungan pantai dahulu,59.5,67,73,81,tinggi,Risiko ketidakstabilan pesisir relatif tinggi.,mangrove-priority-2016-2025-v0.1
2256,205,MPR-974E68CCFA,Tanjungmedang,Rupat Utara,Bengkalis,1.18,P4,Perlindungan pantai dahulu,59.5,67,73,81,tinggi,Risiko ketidakstabilan pesisir relatif tinggi.,mangrove-priority-2016-2025-v0.1
2257,309,MPR-DFF42A22C1,Titi Akar,Rupat Utara,Bengkalis,2.84,P4,Perlindungan pantai dahulu,59.4,61,81,82,tinggi,Risiko ketidakstabilan pesisir relatif tinggi.,mangrove-priority-2016-2025-v0.1
2258,206,MPR-66FBBE0F22,Tanjungmedang,Rupat Utara,Bengkalis,1.991,P4,Perlindungan pantai dahulu,59.4,68,72,82,tinggi,Risiko ketidakstabilan pesisir relatif tinggi.,mangrove-priority-2016-2025-v0.1
2259,207,MPR-3FEF6232EE,Tanjungmedang,Rupat Utara,Bengkalis,1.881,P4,Perlindungan pantai dahulu,59.4,68,72,82,tinggi,Risiko ketidakstabilan pesisir relatif tinggi.,mangrove-priority-2016-2025-v0.1
2260,1,MPR-554EB8EC26,Kelurahan Damon,Bengkalis,Bengkalis,0.27,P2,Regenerasi alami terbantu,59.4,34,82,23,tinggi,Kondisi biofisik relatif mendukung pemulihan vegetasi.,mangrove-priority-2016-2025-v0.1
2261,2,MPR-45F7771334,Kelurahan Damon,Bengkalis,Bengkalis,0.121,P2,Regenerasi alami terbantu,59.4,34,82,23,tinggi,Kondisi biofisik relatif mendukung pemulihan vegetasi.,mangrove-priority-2016-2025-v0.1
2262,3,MPR-BDFA9CD44F,Kelurahan Damon,Bengkalis,Bengkalis,0.115,P2,Regenerasi alami terbantu,59.4,34,82,23,tinggi,Kondisi biofisik relatif mendukung pemulihan vegetasi.,mangrove-priority-2016-2025-v0.1
2263,4,MPR-A2F5CAB8D9,Kelurahan Damon,Bengkalis,Bengkalis,0.11,P2,Regenerasi alami terbantu,59.4,34,82,23,tinggi,Kondisi biofisik relatif mendukung pemulihan vegetasi.,mangrove-priority-2016-2025-v0.1
2264,5,MPR-80F07C0C4F,Kelurahan Damon,Bengkalis,Bengkalis,0.052,P2,Regenerasi alami terbantu,59.4,34,82,23,tinggi,Kondisi biofisik relatif mendukung pemulihan vegetasi.,mangrove-priority-2016-2025-v0.1
2265,310,MPR-86ECAF5ECE,Titi Akar,Rupat Utara,Bengkalis,3.73,P4,Perlindungan pantai dahulu,59.3,62,80,83,tinggi,Risiko ketidakstabilan pesisir relatif tinggi.,mangrove-priority-2016-2025-v0.1
2266,311,MPR-E518C2EC50,Titi Akar,Rupat Utara,Bengkalis,3.58,P4,Perlindungan pantai dahulu,59.3,62,80,83,tinggi,Risiko ketidakstabilan pesisir relatif tinggi.,mangrove-priority-2016-2025-v0.1
2267,208,MPR-1A782ADC3E,Tanjungmedang,Rupat Utara,Bengkalis,2.746,P4,Perlindungan pantai dahulu,59.3,69,71,83,tinggi,Risiko ketidakstabilan pesisir relatif tinggi.,mangrove-priority-2016-2025-v0.1
2268,6,MPR-1B44A46939,Kelurahan Damon,Bengkalis,Bengkalis,0.852,P2,Regenerasi alami terbantu,59.3,35,81,24,tinggi,Kondisi biofisik relatif mendukung pemulihan vegetasi.,mangrove-priority-2016-2025-v0.1
2269,1,MPR-D8873BA88E,Kelurahan Terkul,Rupat,Bengkalis,0.17,P2,Regenerasi alami terbantu,59.3,35,81,24,tinggi,Kondisi biofisik relatif mendukung pemulihan vegetasi.,mangrove-priority-2016-2025-v0.1
2270,2,MPR-96FD7D8AE2,Kelurahan Terkul,Rupat,Bengkalis,0.122,P2,Regenerasi alami terbantu,59.3,35,81,24,tinggi,Kondisi biofisik relatif mendukung pemulihan vegetasi.,mangrove-priority-2016-2025-v0.1
2271,1,MPR-EB3AA0BEA1,Palkun,Bengkalis,Bengkalis,0.11,P2,Regenerasi alami terbantu,59.3,35,81,24,tinggi,Kondisi biofisik relatif mendukung pemulihan vegetasi.,mangrove-priority-2016-2025-v0.1
2272,3,MPR-CCDF1A1F27,Kelurahan Terkul,Rupat,Bengkalis,0.093,P2,Regenerasi alami terbantu,59.3,35,81,24,tinggi,Kondisi biofisik relatif mendukung pemulihan vegetasi.,mangrove-priority-2016-2025-v0.1
2273,4,MPR-0BBFD8FD21,Kelurahan Terkul,Rupat,Bengkalis,0.092,P2,Regenerasi alami terbantu,59.3,35,81,24,tinggi,Kondisi biofisik relatif mendukung pemulihan vegetasi.,mangrove-priority-2016-2025-v0.1
2274,2,MPR-23A998BFD0,Palkun,Bengkalis,Bengkalis,0.08,P2,Regenerasi alami terbantu,59.3,35,81,24,tinggi,Kondisi biofisik relatif mendukung pemulihan vegetasi.,mangrove-priority-2016-2025-v0.1
2275,3,MPR-5FD7E45092,Palkun,Bengkalis,Bengkalis,0.08,P2,Regenerasi alami terbantu,59.3,35,81,24,tinggi,Kondisi biofisik relatif mendukung pemulihan vegetasi.,mangrove-priority-2016-2025-v0.1
2276,4,MPR-BBE9BBB9C4,Palkun,Bengkalis,Bengkalis,0.05,P2,Regenerasi alami terbantu,59.3,35,81,24,tinggi,Kondisi biofisik relatif mendukung pemulihan vegetasi.,mangrove-priority-2016-2025-v0.1
2277,125,MPR-836C71E12C,Kelurahan Tanjungkapal,Rupat,Bengkalis,10.38,P4,Perlindungan pantai dahulu,59.2,74,70,93,tinggi,Risiko ketidakstabilan pesisir relatif tinggi.,mangrove-priority-2016-2025-v0.1
2278,312,MPR-BAA26BE54B,Titi Akar,Rupat Utara,Bengkalis,4.42,P4,Perlindungan pantai dahulu,59.2,63,79,84,tinggi,Risiko ketidakstabilan pesisir relatif tinggi.,mangrove-priority-2016-2025-v0.1
2279,209,MPR-6D855056DB,Tanjungmedang,Rupat Utara,Bengkalis,3.7,P4,Perlindungan pantai dahulu,59.2,70,70,84,tinggi,Risiko ketidakstabilan pesisir relatif tinggi.,mangrove-priority-2016-2025-v0.1
2280,210,MPR-632B960A0C,Tanjungmedang,Rupat Utara,Bengkalis,3.69,P4,Perlindungan pantai dahulu,59.2,70,70,84,tinggi,Risiko ketidakstabilan pesisir relatif tinggi.,mangrove-priority-2016-2025-v0.1
2281,5,MPR-596DD01DEA,Palkun,Bengkalis,Bengkalis,0.878,P2,Regenerasi alami terbantu,59.2,36,80,25,tinggi,Kondisi biofisik relatif mendukung pemulihan vegetasi.,mangrove-priority-2016-2025-v0.1
2282,313,MPR-3EF8E1F843,Titi Akar,Rupat Utara,Bengkalis,5.28,P4,Perlindungan pantai dahulu,59.1,64,78,85,tinggi,Risiko ketidakstabilan pesisir relatif tinggi.,mangrove-priority-2016-2025-v0.1
2283,314,MPR-8CA5C6F686,Titi Akar,Rupat Utara,Bengkalis,5.21,P4,Perlindungan pantai dahulu,59.1,64,78,85,tinggi,Risiko ketidakstabilan pesisir relatif tinggi.,mangrove-priority-2016-2025-v0.1
2284,315,MPR-6F51C36D62,Titi Akar,Rupat Utara,Bengkalis,5.14,P4,Perlindungan pantai dahulu,59.1,64,78,85,tinggi,Risiko ketidakstabilan pesisir relatif tinggi.,mangrove-priority-2016-2025-v0.1
2285,211,MPR-00F21DE741,Tanjungmedang,Rupat Utara,Bengkalis,4.489,P4,Perlindungan pantai dahulu,59.1,71,69,85,tinggi,Risiko ketidakstabilan pesisir relatif tinggi.,mangrove-priority-2016-2025-v0.1
2286,212,MPR-1BEF59BF32,Tanjungmedang,Rupat Utara,Bengkalis,4.26,P4,Perlindungan pantai dahulu,59.1,71,69,85,tinggi,Risiko ketidakstabilan pesisir relatif tinggi.,mangrove-priority-2016-2025-v0.1
2287,213,MPR-FC91AC77EA,Tanjungmedang,Rupat Utara,Bengkalis,4.13,P4,Perlindungan pantai dahulu,59.1,71,69,85,tinggi,Risiko ketidakstabilan pesisir relatif tinggi.,mangrove-priority-2016-2025-v0.1
2288,214,MPR-28084A0055,Tanjungmedang,Rupat Utara,Bengkalis,3.938,P4,Perlindungan pantai dahulu,59.1,71,69,85,tinggi,Risiko ketidakstabilan pesisir relatif tinggi.,mangrove-priority-2016-2025-v0.1
2289,316,MPR-FC0AAFFAE4,Titi Akar,Rupat Utara,Bengkalis,6.07,P4,Perlindungan pantai dahulu,59.0,65,77,86,tinggi,Risiko ketidakstabilan pesisir relatif tinggi.,mangrove-priority-2016-2025-v0.1
2290,5,MPR-6C52E42D5C,Kelurahan Terkul,Rupat,Bengkalis,0.366,P2,Regenerasi alami terbantu,59.0,35,80,24,tinggi,Kondisi biofisik relatif mendukung pemulihan vegetasi.,mangrove-priority-2016-2025-v0.1
2291,6,MPR-8AEC1155C1,Palkun,Bengkalis,Bengkalis,0.361,P2,Regenerasi alami terbantu,59.0,35,80,24,tinggi,Kondisi biofisik relatif mendukung pemulihan vegetasi.,mangrove-priority-2016-2025-v0.1
2292,215,MPR-2D9DB63919,Tanjungmedang,Rupat Utara,Bengkalis,5.45,P4,Perlindungan pantai dahulu,58.9,73,67,87,tinggi,Risiko ketidakstabilan pesisir relatif tinggi.,mangrove-priority-2016-2025-v0.1
2293,216,MPR-5D984D36A8,Tanjungmedang,Rupat Utara,Bengkalis,7.1,P4,Perlindungan pantai dahulu,58.7,75,65,89,tinggi,Risiko ketidakstabilan pesisir relatif tinggi.,mangrove-priority-2016-2025-v0.1
2294,7,MPR-EB83B365A3,Palkun,Bengkalis,Bengkalis,1.82,P2,Regenerasi alami terbantu,58.6,37,78,27,tinggi,Kondisi biofisik relatif mendukung pemulihan vegetasi.,mangrove-priority-2016-2025-v0.1
2295,317,MPR-9F8517E61D,Titi Akar,Rupat Utara,Bengkalis,8.91,P4,Perlindungan pantai dahulu,58.4,69,73,91,tinggi,Risiko ketidakstabilan pesisir relatif tinggi.,mangrove-priority-2016-2025-v0.1
2296,217,MPR-0B71125C0E,Tanjungmedang,Rupat Utara,Bengkalis,8.1,P4,Perlindungan pantai dahulu,58.4,76,64,91,tinggi,Risiko ketidakstabilan pesisir relatif tinggi.,mangrove-priority-2016-2025-v0.1
2297,218,MPR-0670F36DE6,Tanjungmedang,Rupat Utara,Bengkalis,6.223,P4,Perlindungan pantai dahulu,58.4,73,66,88,tinggi,Risiko ketidakstabilan pesisir relatif tinggi.,mangrove-priority-2016-2025-v0.1
2298,318,MPR-FE09D714F2,Titi Akar,Rupat Utara,Bengkalis,7.72,P4,Perlindungan pantai dahulu,58.2,67,74,89,tinggi,Risiko ketidakstabilan pesisir relatif tinggi.,mangrove-priority-2016-2025-v0.1
2299,219,MPR-0A075F7970,Tanjungmedang,Rupat Utara,Bengkalis,7.58,P4,Perlindungan pantai dahulu,58.1,75,64,90,tinggi,Risiko ketidakstabilan pesisir relatif tinggi.,mangrove-priority-2016-2025-v0.1
2300,220,MPR-3B1978AC9C,Tanjungmedang,Rupat Utara,Bengkalis,9.04,P4,Perlindungan pantai dahulu,57.9,77,62,92,tinggi,Risiko ketidakstabilan pesisir relatif tinggi.,mangrove-priority-2016-2025-v0.1
2301,319,MPR-D63D0CE342,Titi Akar,Rupat Utara,Bengkalis,11.26,P4,Perlindungan pantai dahulu,57.8,72,69,94,tinggi,Risiko ketidakstabilan pesisir relatif tinggi.,mangrove-priority-2016-2025-v0.1
2302,221,MPR-DA1CF1265A,Tanjungmedang,Rupat Utara,Bengkalis,10.423,P4,Perlindungan pantai dahulu,57.8,79,60,94,tinggi,Risiko ketidakstabilan pesisir relatif tinggi.,mangrove-priority-2016-2025-v0.1
2303,126,MPR-AEF617D2A1,Kelurahan Tanjungkapal,Rupat,Bengkalis,16.429,P4,Perlindungan pantai dahulu,57.7,80,62,100,tinggi,Risiko ketidakstabilan pesisir relatif tinggi.,mangrove-priority-2016-2025-v0.1
2304,320,MPR-8C8AE1C681,Titi Akar,Rupat Utara,Bengkalis,10.32,P4,Perlindungan pantai dahulu,57.7,70,71,93,tinggi,Risiko ketidakstabilan pesisir relatif tinggi.,mangrove-priority-2016-2025-v0.1
2305,321,MPR-77003B610E,Titi Akar,Rupat Utara,Bengkalis,12.95,P4,Perlindungan pantai dahulu,57.4,74,67,97,tinggi,Risiko ketidakstabilan pesisir relatif tinggi.,mangrove-priority-2016-2025-v0.1
2306,322,MPR-C81A9CB4EA,Titi Akar,Rupat Utara,Bengkalis,14.61,P4,Perlindungan pantai dahulu,57.2,76,65,99,tinggi,Risiko ketidakstabilan pesisir relatif tinggi.,mangrove-priority-2016-2025-v0.1
2307,1,MPR-69643E7C3A,Makeruh,Rupat,Bengkalis,0.41,U,Data belum memadai,57.2,39,71,26,rendah,Keyakinan data rendah.,mangrove-priority-2016-2025-v0.1
2308,222,MPR-6B6101BFEB,Tanjungmedang,Rupat Utara,Bengkalis,13.871,P4,Perlindungan pantai dahulu,57.0,83,56,100,tinggi,Risiko ketidakstabilan pesisir relatif tinggi.,mangrove-priority-2016-2025-v0.1
2309,16,MPR-CAEB63B0B4,Simpang Ayam,Bengkalis,Bengkalis,55.44,P4,Perlindungan pantai dahulu,56.8,82,57,100,tinggi,Risiko ketidakstabilan pesisir relatif tinggi.,mangrove-priority-2016-2025-v0.1
2310,323,MPR-49253459FA,Titi Akar,Rupat Utara,Bengkalis,14.21,P4,Perlindungan pantai dahulu,56.7,75,65,99,tinggi,Risiko ketidakstabilan pesisir relatif tinggi.,mangrove-priority-2016-2025-v0.1
2311,127,MPR-9F78D4BC10,Kelurahan Tanjungkapal,Rupat,Bengkalis,36.868,P4,Perlindungan pantai dahulu,56.0,80,57,100,tinggi,Risiko ketidakstabilan pesisir relatif tinggi.,mangrove-priority-2016-2025-v0.1
2312,128,MPR-EF5249956D,Kelurahan Tanjungkapal,Rupat,Bengkalis,28.84,P4,Perlindungan pantai dahulu,56.0,80,57,100,tinggi,Risiko ketidakstabilan pesisir relatif tinggi.,mangrove-priority-2016-2025-v0.1
2313,129,MPR-863BCEDBC3,Kelurahan Tanjungkapal,Rupat,Bengkalis,20.954,P4,Perlindungan pantai dahulu,56.0,80,57,100,tinggi,Risiko ketidakstabilan pesisir relatif tinggi.,mangrove-priority-2016-2025-v0.1
2314,223,MPR-3F26CD61D8,Tanjungmedang,Rupat Utara,Bengkalis,19.34,P4,Perlindungan pantai dahulu,54.6,84,48,100,tinggi,Risiko ketidakstabilan pesisir relatif tinggi.,mangrove-priority-2016-2025-v0.1
2315,324,MPR-8FECA43615,Titi Akar,Rupat Utara,Bengkalis,48.22,P4,Perlindungan pantai dahulu,54.2,76,57,100,tinggi,Risiko ketidakstabilan pesisir relatif tinggi.,mangrove-priority-2016-2025-v0.1
2316,325,MPR-32AEADA57E,Titi Akar,Rupat Utara,Bengkalis,34.275,P4,Perlindungan pantai dahulu,54.2,76,57,100,tinggi,Risiko ketidakstabilan pesisir relatif tinggi.,mangrove-priority-2016-2025-v0.1
