overallRank,villageRank,polygonId,village,district,regency,areaHa,priorityClass,priorityLabel,priorityScore,needScore,suitabilityScore,riskScore,confidence,decisionReason,methodVersion
1,1,MPR-178E24E925,Makmur Jaya,Kateman,Indragiri Hilir,1.05,P1,Penanaman aktif,70.5,65,84,41,tinggi,Kebutuhan dan kelayakan relatif tinggi.,mangrove-priority-2016-2025-v0.1
2,2,MPR-E54E886C16,Makmur Jaya,Kateman,Indragiri Hilir,0.47,P1,Penanaman aktif,70.5,65,84,41,tinggi,Kebutuhan dan kelayakan relatif tinggi.,mangrove-priority-2016-2025-v0.1
3,3,MPR-34226AB251,Makmur Jaya,Kateman,Indragiri Hilir,0.45,P1,Penanaman aktif,70.5,65,84,41,tinggi,Kebutuhan dan kelayakan relatif tinggi.,mangrove-priority-2016-2025-v0.1
4,4,MPR-198CD1E9EE,Makmur Jaya,Kateman,Indragiri Hilir,0.29,P2,Regenerasi alami terbantu,70.5,64,85,40,tinggi,Kondisi biofisik relatif mendukung pemulihan vegetasi.,mangrove-priority-2016-2025-v0.1
5,5,MPR-C3D2BDF56D,Makmur Jaya,Kateman,Indragiri Hilir,0.28,P2,Regenerasi alami terbantu,70.5,64,85,40,tinggi,Kondisi biofisik relatif mendukung pemulihan vegetasi.,mangrove-priority-2016-2025-v0.1
6,6,MPR-671A3AD0D3,Makmur Jaya,Kateman,Indragiri Hilir,0.25,P2,Regenerasi alami terbantu,70.5,64,85,40,tinggi,Kondisi biofisik relatif mendukung pemulihan vegetasi.,mangrove-priority-2016-2025-v0.1
7,7,MPR-4ACF1A88C0,Makmur Jaya,Kateman,Indragiri Hilir,0.23,P2,Regenerasi alami terbantu,70.5,64,85,40,tinggi,Kondisi biofisik relatif mendukung pemulihan vegetasi.,mangrove-priority-2016-2025-v0.1
8,8,MPR-2CD2FD6BBD,Makmur Jaya,Kateman,Indragiri Hilir,0.21,P2,Regenerasi alami terbantu,70.5,64,85,40,tinggi,Kondisi biofisik relatif mendukung pemulihan vegetasi.,mangrove-priority-2016-2025-v0.1
9,9,MPR-70A55F37FF,Makmur Jaya,Kateman,Indragiri Hilir,0.17,P2,Regenerasi alami terbantu,70.5,64,85,40,tinggi,Kondisi biofisik relatif mendukung pemulihan vegetasi.,mangrove-priority-2016-2025-v0.1
10,10,MPR-5330405EF8,Makmur Jaya,Kateman,Indragiri Hilir,0.16,P2,Regenerasi alami terbantu,70.5,64,85,40,tinggi,Kondisi biofisik relatif mendukung pemulihan vegetasi.,mangrove-priority-2016-2025-v0.1
11,11,MPR-5E1247D536,Makmur Jaya,Kateman,Indragiri Hilir,0.14,P2,Regenerasi alami terbantu,70.5,64,85,40,tinggi,Kondisi biofisik relatif mendukung pemulihan vegetasi.,mangrove-priority-2016-2025-v0.1
12,12,MPR-9C673DF370,Makmur Jaya,Kateman,Indragiri Hilir,0.132,P2,Regenerasi alami terbantu,70.5,64,85,40,tinggi,Kondisi biofisik relatif mendukung pemulihan vegetasi.,mangrove-priority-2016-2025-v0.1
13,13,MPR-91CE34C0F1,Makmur Jaya,Kateman,Indragiri Hilir,0.12,P2,Regenerasi alami terbantu,70.5,64,85,40,tinggi,Kondisi biofisik relatif mendukung pemulihan vegetasi.,mangrove-priority-2016-2025-v0.1
14,14,MPR-5549C01A83,Makmur Jaya,Kateman,Indragiri Hilir,0.08,P2,Regenerasi alami terbantu,70.5,64,85,40,tinggi,Kondisi biofisik relatif mendukung pemulihan vegetasi.,mangrove-priority-2016-2025-v0.1
15,15,MPR-D54DF57576,Makmur Jaya,Kateman,Indragiri Hilir,0.08,P2,Regenerasi alami terbantu,70.5,64,85,40,tinggi,Kondisi biofisik relatif mendukung pemulihan vegetasi.,mangrove-priority-2016-2025-v0.1
16,16,MPR-EB322CF02A,Makmur Jaya,Kateman,Indragiri Hilir,0.08,P2,Regenerasi alami terbantu,70.5,64,85,40,tinggi,Kondisi biofisik relatif mendukung pemulihan vegetasi.,mangrove-priority-2016-2025-v0.1
17,17,MPR-7786A66EB0,Makmur Jaya,Kateman,Indragiri Hilir,0.052,P2,Regenerasi alami terbantu,70.5,64,85,40,tinggi,Kondisi biofisik relatif mendukung pemulihan vegetasi.,mangrove-priority-2016-2025-v0.1
18,18,MPR-739C1FE132,Makmur Jaya,Kateman,Indragiri Hilir,0.05,P2,Regenerasi alami terbantu,70.5,64,85,40,tinggi,Kondisi biofisik relatif mendukung pemulihan vegetasi.,mangrove-priority-2016-2025-v0.1
19,19,MPR-959D812B52,Makmur Jaya,Kateman,Indragiri Hilir,0.05,P2,Regenerasi alami terbantu,70.5,64,85,40,tinggi,Kondisi biofisik relatif mendukung pemulihan vegetasi.,mangrove-priority-2016-2025-v0.1
20,20,MPR-A919B0F76F,Makmur Jaya,Kateman,Indragiri Hilir,0.05,P2,Regenerasi alami terbantu,70.5,64,85,40,tinggi,Kondisi biofisik relatif mendukung pemulihan vegetasi.,mangrove-priority-2016-2025-v0.1
21,21,MPR-5670A6C066,Makmur Jaya,Kateman,Indragiri Hilir,0.415,P2,Regenerasi alami terbantu,70.2,64,84,40,tinggi,Kondisi biofisik relatif mendukung pemulihan vegetasi.,mangrove-priority-2016-2025-v0.1
22,22,MPR-E2C415E964,Makmur Jaya,Kateman,Indragiri Hilir,0.36,P2,Regenerasi alami terbantu,70.2,64,84,40,tinggi,Kondisi biofisik relatif mendukung pemulihan vegetasi.,mangrove-priority-2016-2025-v0.1
23,23,MPR-ED10EEFCF2,Makmur Jaya,Kateman,Indragiri Hilir,1.11,P1,Penanaman aktif,69.9,65,83,42,tinggi,Kebutuhan dan kelayakan relatif tinggi.,mangrove-priority-2016-2025-v0.1
24,1,MPR-A312E051FD,Sungaisimbar,Kateman,Indragiri Hilir,0.34,P2,Regenerasi alami terbantu,69.8,61,85,37,tinggi,Kondisi biofisik relatif mendukung pemulihan vegetasi.,mangrove-priority-2016-2025-v0.1
25,2,MPR-DC105397FC,Sungaisimbar,Kateman,Indragiri Hilir,0.32,P2,Regenerasi alami terbantu,69.8,61,85,37,tinggi,Kondisi biofisik relatif mendukung pemulihan vegetasi.,mangrove-priority-2016-2025-v0.1
26,3,MPR-B8C2D56BFC,Sungaisimbar,Kateman,Indragiri Hilir,0.31,P2,Regenerasi alami terbantu,69.8,61,85,37,tinggi,Kondisi biofisik relatif mendukung pemulihan vegetasi.,mangrove-priority-2016-2025-v0.1
27,4,MPR-C964D0D201,Sungaisimbar,Kateman,Indragiri Hilir,0.31,P2,Regenerasi alami terbantu,69.8,61,85,37,tinggi,Kondisi biofisik relatif mendukung pemulihan vegetasi.,mangrove-priority-2016-2025-v0.1
28,5,MPR-0D37804CF2,Sungaisimbar,Kateman,Indragiri Hilir,0.309,P2,Regenerasi alami terbantu,69.8,61,85,37,tinggi,Kondisi biofisik relatif mendukung pemulihan vegetasi.,mangrove-priority-2016-2025-v0.1
29,6,MPR-A808724A68,Sungaisimbar,Kateman,Indragiri Hilir,0.18,P2,Regenerasi alami terbantu,69.8,61,85,37,tinggi,Kondisi biofisik relatif mendukung pemulihan vegetasi.,mangrove-priority-2016-2025-v0.1
30,7,MPR-FD10A02A4B,Sungaisimbar,Kateman,Indragiri Hilir,0.17,P2,Regenerasi alami terbantu,69.8,61,85,37,tinggi,Kondisi biofisik relatif mendukung pemulihan vegetasi.,mangrove-priority-2016-2025-v0.1
31,8,MPR-AE3C9173E6,Sungaisimbar,Kateman,Indragiri Hilir,0.16,P2,Regenerasi alami terbantu,69.8,61,85,37,tinggi,Kondisi biofisik relatif mendukung pemulihan vegetasi.,mangrove-priority-2016-2025-v0.1
32,9,MPR-ABB982E118,Sungaisimbar,Kateman,Indragiri Hilir,0.15,P2,Regenerasi alami terbantu,69.8,61,85,37,tinggi,Kondisi biofisik relatif mendukung pemulihan vegetasi.,mangrove-priority-2016-2025-v0.1
33,10,MPR-E17047BD77,Sungaisimbar,Kateman,Indragiri Hilir,0.14,P2,Regenerasi alami terbantu,69.8,61,85,37,tinggi,Kondisi biofisik relatif mendukung pemulihan vegetasi.,mangrove-priority-2016-2025-v0.1
34,11,MPR-38B69B2EA0,Sungaisimbar,Kateman,Indragiri Hilir,0.128,P2,Regenerasi alami terbantu,69.8,61,85,37,tinggi,Kondisi biofisik relatif mendukung pemulihan vegetasi.,mangrove-priority-2016-2025-v0.1
35,12,MPR-7EDEEAEA9F,Sungaisimbar,Kateman,Indragiri Hilir,0.12,P2,Regenerasi alami terbantu,69.8,61,85,37,tinggi,Kondisi biofisik relatif mendukung pemulihan vegetasi.,mangrove-priority-2016-2025-v0.1
36,13,MPR-518DA5D471,Sungaisimbar,Kateman,Indragiri Hilir,0.11,P2,Regenerasi alami terbantu,69.8,61,85,37,tinggi,Kondisi biofisik relatif mendukung pemulihan vegetasi.,mangrove-priority-2016-2025-v0.1
37,14,MPR-BB57D60FCC,Sungaisimbar,Kateman,Indragiri Hilir,0.11,P2,Regenerasi alami terbantu,69.8,61,85,37,tinggi,Kondisi biofisik relatif mendukung pemulihan vegetasi.,mangrove-priority-2016-2025-v0.1
38,15,MPR-338319961A,Sungaisimbar,Kateman,Indragiri Hilir,0.1,P2,Regenerasi alami terbantu,69.8,61,85,37,tinggi,Kondisi biofisik relatif mendukung pemulihan vegetasi.,mangrove-priority-2016-2025-v0.1
39,16,MPR-4DB02BEBA9,Sungaisimbar,Kateman,Indragiri Hilir,0.1,P2,Regenerasi alami terbantu,69.8,61,85,37,tinggi,Kondisi biofisik relatif mendukung pemulihan vegetasi.,mangrove-priority-2016-2025-v0.1
40,17,MPR-5C6E0328EE,Sungaisimbar,Kateman,Indragiri Hilir,0.1,P2,Regenerasi alami terbantu,69.8,61,85,37,tinggi,Kondisi biofisik relatif mendukung pemulihan vegetasi.,mangrove-priority-2016-2025-v0.1
41,18,MPR-CDDF4F6005,Sungaisimbar,Kateman,Indragiri Hilir,0.1,P2,Regenerasi alami terbantu,69.8,61,85,37,tinggi,Kondisi biofisik relatif mendukung pemulihan vegetasi.,mangrove-priority-2016-2025-v0.1
42,19,MPR-4EF55E6DF5,Sungaisimbar,Kateman,Indragiri Hilir,0.09,P2,Regenerasi alami terbantu,69.8,61,85,37,tinggi,Kondisi biofisik relatif mendukung pemulihan vegetasi.,mangrove-priority-2016-2025-v0.1
43,20,MPR-B1B3F701E1,Sungaisimbar,Kateman,Indragiri Hilir,0.08,P2,Regenerasi alami terbantu,69.8,61,85,37,tinggi,Kondisi biofisik relatif mendukung pemulihan vegetasi.,mangrove-priority-2016-2025-v0.1
44,21,MPR-D33F4AB828,Sungaisimbar,Kateman,Indragiri Hilir,0.08,P2,Regenerasi alami terbantu,69.8,61,85,37,tinggi,Kondisi biofisik relatif mendukung pemulihan vegetasi.,mangrove-priority-2016-2025-v0.1
45,22,MPR-DC7B28EB28,Sungaisimbar,Kateman,Indragiri Hilir,0.08,P2,Regenerasi alami terbantu,69.8,61,85,37,tinggi,Kondisi biofisik relatif mendukung pemulihan vegetasi.,mangrove-priority-2016-2025-v0.1
46,23,MPR-B2A3D0C4A3,Sungaisimbar,Kateman,Indragiri Hilir,0.074,P2,Regenerasi alami terbantu,69.8,61,85,37,tinggi,Kondisi biofisik relatif mendukung pemulihan vegetasi.,mangrove-priority-2016-2025-v0.1
47,24,MPR-CB5624BBCC,Sungaisimbar,Kateman,Indragiri Hilir,0.055,P2,Regenerasi alami terbantu,69.8,61,85,37,tinggi,Kondisi biofisik relatif mendukung pemulihan vegetasi.,mangrove-priority-2016-2025-v0.1
48,25,MPR-D1EC23E9CA,Sungaisimbar,Kateman,Indragiri Hilir,0.05,P2,Regenerasi alami terbantu,69.8,61,85,37,tinggi,Kondisi biofisik relatif mendukung pemulihan vegetasi.,mangrove-priority-2016-2025-v0.1
49,26,MPR-91CBBF1620,Sungaisimbar,Kateman,Indragiri Hilir,0.6,P2,Regenerasi alami terbantu,69.7,62,84,38,tinggi,Kondisi biofisik relatif mendukung pemulihan vegetasi.,mangrove-priority-2016-2025-v0.1
50,27,MPR-1B5E41CC50,Sungaisimbar,Kateman,Indragiri Hilir,0.57,P2,Regenerasi alami terbantu,69.7,62,84,38,tinggi,Kondisi biofisik relatif mendukung pemulihan vegetasi.,mangrove-priority-2016-2025-v0.1
51,28,MPR-B2110FA1A2,Sungaisimbar,Kateman,Indragiri Hilir,0.53,P2,Regenerasi alami terbantu,69.7,62,84,38,tinggi,Kondisi biofisik relatif mendukung pemulihan vegetasi.,mangrove-priority-2016-2025-v0.1
52,1,MPR-B435F511F3,Kuala Sungai Batang,Sungai Batang,Indragiri Hilir,0.53,P2,Regenerasi alami terbantu,69.7,58,84,29,tinggi,Kondisi biofisik relatif mendukung pemulihan vegetasi.,mangrove-priority-2016-2025-v0.1
53,29,MPR-656A63E231,Sungaisimbar,Kateman,Indragiri Hilir,0.527,P2,Regenerasi alami terbantu,69.7,62,84,38,tinggi,Kondisi biofisik relatif mendukung pemulihan vegetasi.,mangrove-priority-2016-2025-v0.1
54,2,MPR-CD9B240599,Kuala Sungai Batang,Sungai Batang,Indragiri Hilir,0.51,P2,Regenerasi alami terbantu,69.7,58,84,29,tinggi,Kondisi biofisik relatif mendukung pemulihan vegetasi.,mangrove-priority-2016-2025-v0.1
55,24,MPR-058192F01F,Makmur Jaya,Kateman,Indragiri Hilir,3.37,P1,Penanaman aktif,69.6,68,80,45,tinggi,Kebutuhan dan kelayakan relatif tinggi.,mangrove-priority-2016-2025-v0.1
56,30,MPR-825A91EDD9,Sungaisimbar,Kateman,Indragiri Hilir,1.78,P2,Regenerasi alami terbantu,69.6,63,83,39,tinggi,Kondisi biofisik relatif mendukung pemulihan vegetasi.,mangrove-priority-2016-2025-v0.1
57,31,MPR-60FC9DCAB8,Sungaisimbar,Kateman,Indragiri Hilir,1.35,P2,Regenerasi alami terbantu,69.6,63,83,39,tinggi,Kondisi biofisik relatif mendukung pemulihan vegetasi.,mangrove-priority-2016-2025-v0.1
58,32,MPR-BEFF0D5293,Sungaisimbar,Kateman,Indragiri Hilir,1.33,P2,Regenerasi alami terbantu,69.6,63,83,39,tinggi,Kondisi biofisik relatif mendukung pemulihan vegetasi.,mangrove-priority-2016-2025-v0.1
59,33,MPR-B51866278B,Sungaisimbar,Kateman,Indragiri Hilir,1.26,P2,Regenerasi alami terbantu,69.6,63,83,39,tinggi,Kondisi biofisik relatif mendukung pemulihan vegetasi.,mangrove-priority-2016-2025-v0.1
60,3,MPR-62EE1908BB,Kuala Sungai Batang,Sungai Batang,Indragiri Hilir,0.32,P2,Regenerasi alami terbantu,69.6,57,85,29,tinggi,Kondisi biofisik relatif mendukung pemulihan vegetasi.,mangrove-priority-2016-2025-v0.1
61,4,MPR-E75E120C2E,Kuala Sungai Batang,Sungai Batang,Indragiri Hilir,0.296,P2,Regenerasi alami terbantu,69.6,57,85,29,tinggi,Kondisi biofisik relatif mendukung pemulihan vegetasi.,mangrove-priority-2016-2025-v0.1
62,5,MPR-68B5A203E7,Kuala Sungai Batang,Sungai Batang,Indragiri Hilir,0.268,P2,Regenerasi alami terbantu,69.6,57,85,29,tinggi,Kondisi biofisik relatif mendukung pemulihan vegetasi.,mangrove-priority-2016-2025-v0.1
63,6,MPR-3DE2EC1AC4,Kuala Sungai Batang,Sungai Batang,Indragiri Hilir,0.26,P2,Regenerasi alami terbantu,69.6,57,85,29,tinggi,Kondisi biofisik relatif mendukung pemulihan vegetasi.,mangrove-priority-2016-2025-v0.1
64,7,MPR-C208D0F33E,Kuala Sungai Batang,Sungai Batang,Indragiri Hilir,0.25,P2,Regenerasi alami terbantu,69.6,57,85,29,tinggi,Kondisi biofisik relatif mendukung pemulihan vegetasi.,mangrove-priority-2016-2025-v0.1
65,8,MPR-069BC17258,Kuala Sungai Batang,Sungai Batang,Indragiri Hilir,0.23,P2,Regenerasi alami terbantu,69.6,57,85,29,tinggi,Kondisi biofisik relatif mendukung pemulihan vegetasi.,mangrove-priority-2016-2025-v0.1
66,9,MPR-0F79CFB796,Kuala Sungai Batang,Sungai Batang,Indragiri Hilir,0.209,P2,Regenerasi alami terbantu,69.6,57,85,29,tinggi,Kondisi biofisik relatif mendukung pemulihan vegetasi.,mangrove-priority-2016-2025-v0.1
67,10,MPR-C8A0296DAC,Kuala Sungai Batang,Sungai Batang,Indragiri Hilir,0.2,P2,Regenerasi alami terbantu,69.6,57,85,29,tinggi,Kondisi biofisik relatif mendukung pemulihan vegetasi.,mangrove-priority-2016-2025-v0.1
68,11,MPR-84318BD13B,Kuala Sungai Batang,Sungai Batang,Indragiri Hilir,0.19,P2,Regenerasi alami terbantu,69.6,57,85,29,tinggi,Kondisi biofisik relatif mendukung pemulihan vegetasi.,mangrove-priority-2016-2025-v0.1
69,12,MPR-D9310C3A9F,Kuala Sungai Batang,Sungai Batang,Indragiri Hilir,0.17,P2,Regenerasi alami terbantu,69.6,57,85,29,tinggi,Kondisi biofisik relatif mendukung pemulihan vegetasi.,mangrove-priority-2016-2025-v0.1
70,13,MPR-F2DD3D506C,Kuala Sungai Batang,Sungai Batang,Indragiri Hilir,0.16,P2,Regenerasi alami terbantu,69.6,57,85,29,tinggi,Kondisi biofisik relatif mendukung pemulihan vegetasi.,mangrove-priority-2016-2025-v0.1
71,14,MPR-7FC6D4CEF4,Kuala Sungai Batang,Sungai Batang,Indragiri Hilir,0.14,P2,Regenerasi alami terbantu,69.6,57,85,29,tinggi,Kondisi biofisik relatif mendukung pemulihan vegetasi.,mangrove-priority-2016-2025-v0.1
72,15,MPR-20ACEB1B34,Kuala Sungai Batang,Sungai Batang,Indragiri Hilir,0.13,P2,Regenerasi alami terbantu,69.6,57,85,29,tinggi,Kondisi biofisik relatif mendukung pemulihan vegetasi.,mangrove-priority-2016-2025-v0.1
73,16,MPR-0F69FC186C,Kuala Sungai Batang,Sungai Batang,Indragiri Hilir,0.11,P2,Regenerasi alami terbantu,69.6,57,85,29,tinggi,Kondisi biofisik relatif mendukung pemulihan vegetasi.,mangrove-priority-2016-2025-v0.1
74,17,MPR-1341524535,Kuala Sungai Batang,Sungai Batang,Indragiri Hilir,0.11,P2,Regenerasi alami terbantu,69.6,57,85,29,tinggi,Kondisi biofisik relatif mendukung pemulihan vegetasi.,mangrove-priority-2016-2025-v0.1
75,18,MPR-2E2D610DA2,Kuala Sungai Batang,Sungai Batang,Indragiri Hilir,0.11,P2,Regenerasi alami terbantu,69.6,57,85,29,tinggi,Kondisi biofisik relatif mendukung pemulihan vegetasi.,mangrove-priority-2016-2025-v0.1
76,19,MPR-1A6C041DFB,Kuala Sungai Batang,Sungai Batang,Indragiri Hilir,0.1,P2,Regenerasi alami terbantu,69.6,57,85,29,tinggi,Kondisi biofisik relatif mendukung pemulihan vegetasi.,mangrove-priority-2016-2025-v0.1
77,20,MPR-32FEE30EF3,Kuala Sungai Batang,Sungai Batang,Indragiri Hilir,0.1,P2,Regenerasi alami terbantu,69.6,57,85,29,tinggi,Kondisi biofisik relatif mendukung pemulihan vegetasi.,mangrove-priority-2016-2025-v0.1
78,21,MPR-8069525FD7,Kuala Sungai Batang,Sungai Batang,Indragiri Hilir,0.1,P2,Regenerasi alami terbantu,69.6,57,85,29,tinggi,Kondisi biofisik relatif mendukung pemulihan vegetasi.,mangrove-priority-2016-2025-v0.1
79,22,MPR-E718794223,Kuala Sungai Batang,Sungai Batang,Indragiri Hilir,0.1,P2,Regenerasi alami terbantu,69.6,57,85,29,tinggi,Kondisi biofisik relatif mendukung pemulihan vegetasi.,mangrove-priority-2016-2025-v0.1
80,23,MPR-0326110E47,Kuala Sungai Batang,Sungai Batang,Indragiri Hilir,0.08,P2,Regenerasi alami terbantu,69.6,57,85,29,tinggi,Kondisi biofisik relatif mendukung pemulihan vegetasi.,mangrove-priority-2016-2025-v0.1
81,24,MPR-571ED88938,Kuala Sungai Batang,Sungai Batang,Indragiri Hilir,0.08,P2,Regenerasi alami terbantu,69.6,57,85,29,tinggi,Kondisi biofisik relatif mendukung pemulihan vegetasi.,mangrove-priority-2016-2025-v0.1
82,25,MPR-7C6512B31C,Kuala Sungai Batang,Sungai Batang,Indragiri Hilir,0.08,P2,Regenerasi alami terbantu,69.6,57,85,29,tinggi,Kondisi biofisik relatif mendukung pemulihan vegetasi.,mangrove-priority-2016-2025-v0.1
83,26,MPR-AA1E501E29,Kuala Sungai Batang,Sungai Batang,Indragiri Hilir,0.08,P2,Regenerasi alami terbantu,69.6,57,85,29,tinggi,Kondisi biofisik relatif mendukung pemulihan vegetasi.,mangrove-priority-2016-2025-v0.1
84,27,MPR-BD94D731D5,Kuala Sungai Batang,Sungai Batang,Indragiri Hilir,0.08,P2,Regenerasi alami terbantu,69.6,57,85,29,tinggi,Kondisi biofisik relatif mendukung pemulihan vegetasi.,mangrove-priority-2016-2025-v0.1
85,28,MPR-90ECC8A925,Kuala Sungai Batang,Sungai Batang,Indragiri Hilir,0.05,P2,Regenerasi alami terbantu,69.6,57,85,29,tinggi,Kondisi biofisik relatif mendukung pemulihan vegetasi.,mangrove-priority-2016-2025-v0.1
86,29,MPR-928A2AD12B,Kuala Sungai Batang,Sungai Batang,Indragiri Hilir,0.05,P2,Regenerasi alami terbantu,69.6,57,85,29,tinggi,Kondisi biofisik relatif mendukung pemulihan vegetasi.,mangrove-priority-2016-2025-v0.1
87,30,MPR-985E5DADA0,Kuala Sungai Batang,Sungai Batang,Indragiri Hilir,0.05,P2,Regenerasi alami terbantu,69.6,57,85,29,tinggi,Kondisi biofisik relatif mendukung pemulihan vegetasi.,mangrove-priority-2016-2025-v0.1
88,31,MPR-B801E04684,Kuala Sungai Batang,Sungai Batang,Indragiri Hilir,0.05,P2,Regenerasi alami terbantu,69.6,57,85,29,tinggi,Kondisi biofisik relatif mendukung pemulihan vegetasi.,mangrove-priority-2016-2025-v0.1
89,32,MPR-296B6B43B9,Kuala Sungai Batang,Sungai Batang,Indragiri Hilir,0.88,P2,Regenerasi alami terbantu,69.5,58,84,30,tinggi,Kondisi biofisik relatif mendukung pemulihan vegetasi.,mangrove-priority-2016-2025-v0.1
90,33,MPR-D801DDE293,Kuala Sungai Batang,Sungai Batang,Indragiri Hilir,0.799,P2,Regenerasi alami terbantu,69.5,58,84,30,tinggi,Kondisi biofisik relatif mendukung pemulihan vegetasi.,mangrove-priority-2016-2025-v0.1
91,34,MPR-5AB9A54E89,Kuala Sungai Batang,Sungai Batang,Indragiri Hilir,0.587,P2,Regenerasi alami terbantu,69.5,58,84,30,tinggi,Kondisi biofisik relatif mendukung pemulihan vegetasi.,mangrove-priority-2016-2025-v0.1
92,25,MPR-18841FAAEF,Makmur Jaya,Kateman,Indragiri Hilir,4.918,P1,Penanaman aktif,69.4,70,78,47,tinggi,Kebutuhan dan kelayakan relatif tinggi.,mangrove-priority-2016-2025-v0.1
93,34,MPR-03F687DB86,Sungaisimbar,Kateman,Indragiri Hilir,1.11,P2,Regenerasi alami terbantu,69.4,62,83,38,tinggi,Kondisi biofisik relatif mendukung pemulihan vegetasi.,mangrove-priority-2016-2025-v0.1
94,35,MPR-D8D571914A,Sungaisimbar,Kateman,Indragiri Hilir,0.39,P2,Regenerasi alami terbantu,69.4,61,84,37,tinggi,Kondisi biofisik relatif mendukung pemulihan vegetasi.,mangrove-priority-2016-2025-v0.1
95,35,MPR-357168B8D4,Kuala Sungai Batang,Sungai Batang,Indragiri Hilir,2.442,P2,Regenerasi alami terbantu,69.3,60,82,32,tinggi,Kondisi biofisik relatif mendukung pemulihan vegetasi.,mangrove-priority-2016-2025-v0.1
96,1,MPR-9943B92287,Bolak Raya,Mandah,Indragiri Hilir,0.66,P2,Regenerasi alami terbantu,69.0,57,84,30,tinggi,Kondisi biofisik relatif mendukung pemulihan vegetasi.,mangrove-priority-2016-2025-v0.1
97,1,MPR-E76F181445,Panglima Raja,Concong,Indragiri Hilir,0.64,P2,Regenerasi alami terbantu,69.0,56,84,28,tinggi,Kondisi biofisik relatif mendukung pemulihan vegetasi.,mangrove-priority-2016-2025-v0.1
98,2,MPR-E962DABB0E,Bolak Raya,Mandah,Indragiri Hilir,0.64,P2,Regenerasi alami terbantu,69.0,57,84,30,tinggi,Kondisi biofisik relatif mendukung pemulihan vegetasi.,mangrove-priority-2016-2025-v0.1
99,2,MPR-77DD9DE225,Panglima Raja,Concong,Indragiri Hilir,0.53,P2,Regenerasi alami terbantu,69.0,56,84,28,tinggi,Kondisi biofisik relatif mendukung pemulihan vegetasi.,mangrove-priority-2016-2025-v0.1
100,3,MPR-47303A6074,Bolak Raya,Mandah,Indragiri Hilir,0.43,P2,Regenerasi alami terbantu,69.0,57,84,30,tinggi,Kondisi biofisik relatif mendukung pemulihan vegetasi.,mangrove-priority-2016-2025-v0.1
101,3,MPR-DF776E196B,Panglima Raja,Concong,Indragiri Hilir,1.36,P2,Regenerasi alami terbantu,68.9,57,83,29,tinggi,Kondisi biofisik relatif mendukung pemulihan vegetasi.,mangrove-priority-2016-2025-v0.1
102,4,MPR-5CDDDB9F1A,Bolak Raya,Mandah,Indragiri Hilir,0.31,P2,Regenerasi alami terbantu,68.9,56,85,30,tinggi,Kondisi biofisik relatif mendukung pemulihan vegetasi.,mangrove-priority-2016-2025-v0.1
103,5,MPR-19C9CBB970,Bolak Raya,Mandah,Indragiri Hilir,0.29,P2,Regenerasi alami terbantu,68.9,56,85,30,tinggi,Kondisi biofisik relatif mendukung pemulihan vegetasi.,mangrove-priority-2016-2025-v0.1
104,6,MPR-3F5821D042,Bolak Raya,Mandah,Indragiri Hilir,0.25,P2,Regenerasi alami terbantu,68.9,56,85,30,tinggi,Kondisi biofisik relatif mendukung pemulihan vegetasi.,mangrove-priority-2016-2025-v0.1
105,7,MPR-72E26F8AD5,Bolak Raya,Mandah,Indragiri Hilir,0.2,P2,Regenerasi alami terbantu,68.9,56,85,30,tinggi,Kondisi biofisik relatif mendukung pemulihan vegetasi.,mangrove-priority-2016-2025-v0.1
106,8,MPR-4163DC7692,Bolak Raya,Mandah,Indragiri Hilir,0.18,P2,Regenerasi alami terbantu,68.9,56,85,30,tinggi,Kondisi biofisik relatif mendukung pemulihan vegetasi.,mangrove-priority-2016-2025-v0.1
107,9,MPR-FADF3E16DD,Bolak Raya,Mandah,Indragiri Hilir,0.17,P2,Regenerasi alami terbantu,68.9,56,85,30,tinggi,Kondisi biofisik relatif mendukung pemulihan vegetasi.,mangrove-priority-2016-2025-v0.1
108,10,MPR-4C6B664432,Bolak Raya,Mandah,Indragiri Hilir,0.13,P2,Regenerasi alami terbantu,68.9,56,85,30,tinggi,Kondisi biofisik relatif mendukung pemulihan vegetasi.,mangrove-priority-2016-2025-v0.1
109,11,MPR-AF2A88BB37,Bolak Raya,Mandah,Indragiri Hilir,0.13,P2,Regenerasi alami terbantu,68.9,56,85,30,tinggi,Kondisi biofisik relatif mendukung pemulihan vegetasi.,mangrove-priority-2016-2025-v0.1
110,12,MPR-D8A6E5F746,Bolak Raya,Mandah,Indragiri Hilir,0.13,P2,Regenerasi alami terbantu,68.9,56,85,30,tinggi,Kondisi biofisik relatif mendukung pemulihan vegetasi.,mangrove-priority-2016-2025-v0.1
111,1,MPR-E6264376A6,Teluknibung,Pulau Burung,Indragiri Hilir,0.13,P2,Regenerasi alami terbantu,68.9,59,85,37,tinggi,Kondisi biofisik relatif mendukung pemulihan vegetasi.,mangrove-priority-2016-2025-v0.1
112,13,MPR-4D693F6266,Bolak Raya,Mandah,Indragiri Hilir,0.12,P2,Regenerasi alami terbantu,68.9,56,85,30,tinggi,Kondisi biofisik relatif mendukung pemulihan vegetasi.,mangrove-priority-2016-2025-v0.1
113,2,MPR-E27FF7733A,Teluknibung,Pulau Burung,Indragiri Hilir,0.12,P2,Regenerasi alami terbantu,68.9,59,85,37,tinggi,Kondisi biofisik relatif mendukung pemulihan vegetasi.,mangrove-priority-2016-2025-v0.1
114,14,MPR-E3D522E5FC,Bolak Raya,Mandah,Indragiri Hilir,0.12,P2,Regenerasi alami terbantu,68.9,56,85,30,tinggi,Kondisi biofisik relatif mendukung pemulihan vegetasi.,mangrove-priority-2016-2025-v0.1
115,15,MPR-EE26B8E27F,Bolak Raya,Mandah,Indragiri Hilir,0.12,P2,Regenerasi alami terbantu,68.9,56,85,30,tinggi,Kondisi biofisik relatif mendukung pemulihan vegetasi.,mangrove-priority-2016-2025-v0.1
116,16,MPR-B093199489,Bolak Raya,Mandah,Indragiri Hilir,0.11,P2,Regenerasi alami terbantu,68.9,56,85,30,tinggi,Kondisi biofisik relatif mendukung pemulihan vegetasi.,mangrove-priority-2016-2025-v0.1
117,17,MPR-0C76924F46,Bolak Raya,Mandah,Indragiri Hilir,0.1,P2,Regenerasi alami terbantu,68.9,56,85,30,tinggi,Kondisi biofisik relatif mendukung pemulihan vegetasi.,mangrove-priority-2016-2025-v0.1
118,18,MPR-164BCEFFFF,Bolak Raya,Mandah,Indragiri Hilir,0.1,P2,Regenerasi alami terbantu,68.9,56,85,30,tinggi,Kondisi biofisik relatif mendukung pemulihan vegetasi.,mangrove-priority-2016-2025-v0.1
119,19,MPR-1EC961A5D4,Bolak Raya,Mandah,Indragiri Hilir,0.1,P2,Regenerasi alami terbantu,68.9,56,85,30,tinggi,Kondisi biofisik relatif mendukung pemulihan vegetasi.,mangrove-priority-2016-2025-v0.1
120,20,MPR-447381B734,Bolak Raya,Mandah,Indragiri Hilir,0.1,P2,Regenerasi alami terbantu,68.9,56,85,30,tinggi,Kondisi biofisik relatif mendukung pemulihan vegetasi.,mangrove-priority-2016-2025-v0.1
121,3,MPR-6FCA2FEB03,Teluknibung,Pulau Burung,Indragiri Hilir,0.1,P2,Regenerasi alami terbantu,68.9,59,85,37,tinggi,Kondisi biofisik relatif mendukung pemulihan vegetasi.,mangrove-priority-2016-2025-v0.1
122,21,MPR-9B9A086C23,Bolak Raya,Mandah,Indragiri Hilir,0.1,P2,Regenerasi alami terbantu,68.9,56,85,30,tinggi,Kondisi biofisik relatif mendukung pemulihan vegetasi.,mangrove-priority-2016-2025-v0.1
123,22,MPR-A7C0A8B8C2,Bolak Raya,Mandah,Indragiri Hilir,0.1,P2,Regenerasi alami terbantu,68.9,56,85,30,tinggi,Kondisi biofisik relatif mendukung pemulihan vegetasi.,mangrove-priority-2016-2025-v0.1
124,4,MPR-F63BE2E2A7,Teluknibung,Pulau Burung,Indragiri Hilir,0.1,P2,Regenerasi alami terbantu,68.9,59,85,37,tinggi,Kondisi biofisik relatif mendukung pemulihan vegetasi.,mangrove-priority-2016-2025-v0.1
125,23,MPR-A269A670BD,Bolak Raya,Mandah,Indragiri Hilir,0.08,P2,Regenerasi alami terbantu,68.9,56,85,30,tinggi,Kondisi biofisik relatif mendukung pemulihan vegetasi.,mangrove-priority-2016-2025-v0.1
126,24,MPR-F12D31E2BC,Bolak Raya,Mandah,Indragiri Hilir,0.08,P2,Regenerasi alami terbantu,68.9,56,85,30,tinggi,Kondisi biofisik relatif mendukung pemulihan vegetasi.,mangrove-priority-2016-2025-v0.1
127,25,MPR-12DF4129E0,Bolak Raya,Mandah,Indragiri Hilir,0.05,P2,Regenerasi alami terbantu,68.9,56,85,30,tinggi,Kondisi biofisik relatif mendukung pemulihan vegetasi.,mangrove-priority-2016-2025-v0.1
128,26,MPR-728C0B0E2C,Bolak Raya,Mandah,Indragiri Hilir,0.05,P2,Regenerasi alami terbantu,68.9,56,85,30,tinggi,Kondisi biofisik relatif mendukung pemulihan vegetasi.,mangrove-priority-2016-2025-v0.1
129,27,MPR-AA2E0BEE07,Bolak Raya,Mandah,Indragiri Hilir,0.05,P2,Regenerasi alami terbantu,68.9,56,85,30,tinggi,Kondisi biofisik relatif mendukung pemulihan vegetasi.,mangrove-priority-2016-2025-v0.1
130,28,MPR-EB85463EDF,Bolak Raya,Mandah,Indragiri Hilir,0.05,X,Tidak direkomendasikan,68.9,56,85,30,tinggi,Area terlalu kecil dan terisolasi untuk diprioritaskan.,mangrove-priority-2016-2025-v0.1
131,29,MPR-EC3F9E0D2A,Bolak Raya,Mandah,Indragiri Hilir,0.05,P2,Regenerasi alami terbantu,68.9,56,85,30,tinggi,Kondisi biofisik relatif mendukung pemulihan vegetasi.,mangrove-priority-2016-2025-v0.1
132,30,MPR-FC1649E30C,Bolak Raya,Mandah,Indragiri Hilir,0.05,P2,Regenerasi alami terbantu,68.9,56,85,30,tinggi,Kondisi biofisik relatif mendukung pemulihan vegetasi.,mangrove-priority-2016-2025-v0.1
133,31,MPR-FDD109E95E,Bolak Raya,Mandah,Indragiri Hilir,0.05,P2,Regenerasi alami terbantu,68.9,56,85,30,tinggi,Kondisi biofisik relatif mendukung pemulihan vegetasi.,mangrove-priority-2016-2025-v0.1
134,5,MPR-8B6AB89122,Teluknibung,Pulau Burung,Indragiri Hilir,0.856,P2,Regenerasi alami terbantu,68.8,60,84,38,tinggi,Kondisi biofisik relatif mendukung pemulihan vegetasi.,mangrove-priority-2016-2025-v0.1
135,6,MPR-EF115A0B1A,Teluknibung,Pulau Burung,Indragiri Hilir,0.84,P2,Regenerasi alami terbantu,68.8,60,84,38,tinggi,Kondisi biofisik relatif mendukung pemulihan vegetasi.,mangrove-priority-2016-2025-v0.1
136,7,MPR-915D827537,Teluknibung,Pulau Burung,Indragiri Hilir,0.59,P2,Regenerasi alami terbantu,68.8,60,84,38,tinggi,Kondisi biofisik relatif mendukung pemulihan vegetasi.,mangrove-priority-2016-2025-v0.1
137,8,MPR-D7E56CC8D7,Teluknibung,Pulau Burung,Indragiri Hilir,0.51,P2,Regenerasi alami terbantu,68.8,60,84,38,tinggi,Kondisi biofisik relatif mendukung pemulihan vegetasi.,mangrove-priority-2016-2025-v0.1
138,9,MPR-5714203AAC,Teluknibung,Pulau Burung,Indragiri Hilir,0.458,P2,Regenerasi alami terbantu,68.8,60,84,38,tinggi,Kondisi biofisik relatif mendukung pemulihan vegetasi.,mangrove-priority-2016-2025-v0.1
139,10,MPR-B6D9A0798E,Teluknibung,Pulau Burung,Indragiri Hilir,0.43,P2,Regenerasi alami terbantu,68.8,60,84,38,tinggi,Kondisi biofisik relatif mendukung pemulihan vegetasi.,mangrove-priority-2016-2025-v0.1
140,1,MPR-002E244B13,Bente,Mandah,Indragiri Hilir,0.05,U,Data belum memadai,68.8,56,85,31,rendah,Keyakinan data rendah.,mangrove-priority-2016-2025-v0.1
141,2,MPR-3FDBD5D24E,Bente,Mandah,Indragiri Hilir,0.05,U,Data belum memadai,68.8,56,85,31,rendah,Keyakinan data rendah.,mangrove-priority-2016-2025-v0.1
142,3,MPR-5C14C31892,Bente,Mandah,Indragiri Hilir,0.05,U,Data belum memadai,68.8,56,85,31,rendah,Keyakinan data rendah.,mangrove-priority-2016-2025-v0.1
143,4,MPR-CEA1280819,Bente,Mandah,Indragiri Hilir,0.05,U,Data belum memadai,68.8,56,85,31,rendah,Keyakinan data rendah.,mangrove-priority-2016-2025-v0.1
144,5,MPR-F2B8D801CF,Bente,Mandah,Indragiri Hilir,0.05,U,Data belum memadai,68.8,56,85,31,rendah,Keyakinan data rendah.,mangrove-priority-2016-2025-v0.1
145,4,MPR-94463E012C,Panglima Raja,Concong,Indragiri Hilir,1.53,P2,Regenerasi alami terbantu,68.7,57,83,30,tinggi,Kondisi biofisik relatif mendukung pemulihan vegetasi.,mangrove-priority-2016-2025-v0.1
146,11,MPR-35E90D3990,Teluknibung,Pulau Burung,Indragiri Hilir,1.34,P2,Regenerasi alami terbantu,68.7,61,83,39,tinggi,Kondisi biofisik relatif mendukung pemulihan vegetasi.,mangrove-priority-2016-2025-v0.1
147,6,MPR-EC57DCA683,Bente,Mandah,Indragiri Hilir,0.67,U,Data belum memadai,68.7,57,84,32,rendah,Keyakinan data rendah.,mangrove-priority-2016-2025-v0.1
148,7,MPR-BA0BBAD958,Bente,Mandah,Indragiri Hilir,0.64,U,Data belum memadai,68.7,57,84,32,rendah,Keyakinan data rendah.,mangrove-priority-2016-2025-v0.1
149,8,MPR-45ED831E68,Bente,Mandah,Indragiri Hilir,0.51,U,Data belum memadai,68.7,57,84,32,rendah,Keyakinan data rendah.,mangrove-priority-2016-2025-v0.1
150,9,MPR-D5447AFEBF,Bente,Mandah,Indragiri Hilir,0.47,U,Data belum memadai,68.7,57,84,32,rendah,Keyakinan data rendah.,mangrove-priority-2016-2025-v0.1
151,10,MPR-3CA518D27B,Bente,Mandah,Indragiri Hilir,0.44,U,Data belum memadai,68.7,57,84,32,rendah,Keyakinan data rendah.,mangrove-priority-2016-2025-v0.1
152,11,MPR-9336BF8FDE,Bente,Mandah,Indragiri Hilir,0.42,U,Data belum memadai,68.7,57,84,32,rendah,Keyakinan data rendah.,mangrove-priority-2016-2025-v0.1
153,12,MPR-22E816A78A,Teluknibung,Pulau Burung,Indragiri Hilir,0.33,P2,Regenerasi alami terbantu,68.7,59,85,38,tinggi,Kondisi biofisik relatif mendukung pemulihan vegetasi.,mangrove-priority-2016-2025-v0.1
154,13,MPR-7DA80212B7,Teluknibung,Pulau Burung,Indragiri Hilir,0.31,P2,Regenerasi alami terbantu,68.7,59,85,38,tinggi,Kondisi biofisik relatif mendukung pemulihan vegetasi.,mangrove-priority-2016-2025-v0.1
155,14,MPR-869C830FE7,Teluknibung,Pulau Burung,Indragiri Hilir,0.26,P2,Regenerasi alami terbantu,68.7,59,85,38,tinggi,Kondisi biofisik relatif mendukung pemulihan vegetasi.,mangrove-priority-2016-2025-v0.1
156,15,MPR-22F7CA0229,Teluknibung,Pulau Burung,Indragiri Hilir,0.23,P2,Regenerasi alami terbantu,68.7,59,85,38,tinggi,Kondisi biofisik relatif mendukung pemulihan vegetasi.,mangrove-priority-2016-2025-v0.1
157,16,MPR-5B4FE54804,Teluknibung,Pulau Burung,Indragiri Hilir,0.23,P2,Regenerasi alami terbantu,68.7,59,85,38,tinggi,Kondisi biofisik relatif mendukung pemulihan vegetasi.,mangrove-priority-2016-2025-v0.1
158,17,MPR-A064CE02F6,Teluknibung,Pulau Burung,Indragiri Hilir,0.91,P2,Regenerasi alami terbantu,68.6,60,84,39,tinggi,Kondisi biofisik relatif mendukung pemulihan vegetasi.,mangrove-priority-2016-2025-v0.1
159,32,MPR-B714C50448,Bolak Raya,Mandah,Indragiri Hilir,0.41,P2,Regenerasi alami terbantu,68.6,56,84,30,tinggi,Kondisi biofisik relatif mendukung pemulihan vegetasi.,mangrove-priority-2016-2025-v0.1
160,36,MPR-C919DBB435,Kuala Sungai Batang,Sungai Batang,Indragiri Hilir,4.297,P2,Regenerasi alami terbantu,68.5,62,79,35,tinggi,Kondisi biofisik relatif mendukung pemulihan vegetasi.,mangrove-priority-2016-2025-v0.1
161,18,MPR-F137FBBC24,Teluknibung,Pulau Burung,Indragiri Hilir,1.553,P2,Regenerasi alami terbantu,68.5,61,83,40,tinggi,Kondisi biofisik relatif mendukung pemulihan vegetasi.,mangrove-priority-2016-2025-v0.1
162,12,MPR-3493A9F0C3,Bente,Mandah,Indragiri Hilir,0.29,U,Data belum memadai,68.5,56,85,32,rendah,Keyakinan data rendah.,mangrove-priority-2016-2025-v0.1
163,13,MPR-579B0CA785,Bente,Mandah,Indragiri Hilir,0.29,U,Data belum memadai,68.5,56,85,32,rendah,Keyakinan data rendah.,mangrove-priority-2016-2025-v0.1
164,14,MPR-8835B808F2,Bente,Mandah,Indragiri Hilir,0.26,U,Data belum memadai,68.5,56,85,32,rendah,Keyakinan data rendah.,mangrove-priority-2016-2025-v0.1
165,15,MPR-F8FF602FF7,Bente,Mandah,Indragiri Hilir,0.26,U,Data belum memadai,68.5,56,85,32,rendah,Keyakinan data rendah.,mangrove-priority-2016-2025-v0.1
166,16,MPR-16A4E23A91,Bente,Mandah,Indragiri Hilir,0.25,U,Data belum memadai,68.5,56,85,32,rendah,Keyakinan data rendah.,mangrove-priority-2016-2025-v0.1
167,17,MPR-1A9A8655B5,Bente,Mandah,Indragiri Hilir,0.24,U,Data belum memadai,68.5,56,85,32,rendah,Keyakinan data rendah.,mangrove-priority-2016-2025-v0.1
168,18,MPR-1124637D58,Bente,Mandah,Indragiri Hilir,0.19,U,Data belum memadai,68.5,56,85,32,rendah,Keyakinan data rendah.,mangrove-priority-2016-2025-v0.1
169,19,MPR-4CD9F1443D,Bente,Mandah,Indragiri Hilir,0.19,U,Data belum memadai,68.5,56,85,32,rendah,Keyakinan data rendah.,mangrove-priority-2016-2025-v0.1
170,20,MPR-235102158B,Bente,Mandah,Indragiri Hilir,0.17,U,Data belum memadai,68.5,56,85,32,rendah,Keyakinan data rendah.,mangrove-priority-2016-2025-v0.1
171,21,MPR-42B1881EBF,Bente,Mandah,Indragiri Hilir,0.17,U,Data belum memadai,68.5,56,85,32,rendah,Keyakinan data rendah.,mangrove-priority-2016-2025-v0.1
172,22,MPR-717C10FDFE,Bente,Mandah,Indragiri Hilir,0.16,U,Data belum memadai,68.5,56,85,32,rendah,Keyakinan data rendah.,mangrove-priority-2016-2025-v0.1
173,23,MPR-9EE4C4416F,Bente,Mandah,Indragiri Hilir,0.16,U,Data belum memadai,68.5,56,85,32,rendah,Keyakinan data rendah.,mangrove-priority-2016-2025-v0.1
174,24,MPR-57C01D05AE,Bente,Mandah,Indragiri Hilir,0.15,U,Data belum memadai,68.5,56,85,32,rendah,Keyakinan data rendah.,mangrove-priority-2016-2025-v0.1
175,25,MPR-72D29C123E,Bente,Mandah,Indragiri Hilir,0.15,U,Data belum memadai,68.5,56,85,32,rendah,Keyakinan data rendah.,mangrove-priority-2016-2025-v0.1
176,26,MPR-AC10C698B8,Bente,Mandah,Indragiri Hilir,0.15,U,Data belum memadai,68.5,56,85,32,rendah,Keyakinan data rendah.,mangrove-priority-2016-2025-v0.1
177,27,MPR-395072DDCD,Bente,Mandah,Indragiri Hilir,0.14,U,Data belum memadai,68.5,56,85,32,rendah,Keyakinan data rendah.,mangrove-priority-2016-2025-v0.1
178,28,MPR-4B588890BE,Bente,Mandah,Indragiri Hilir,0.14,U,Data belum memadai,68.5,56,85,32,rendah,Keyakinan data rendah.,mangrove-priority-2016-2025-v0.1
179,29,MPR-87A8E76303,Bente,Mandah,Indragiri Hilir,0.14,U,Data belum memadai,68.5,56,85,32,rendah,Keyakinan data rendah.,mangrove-priority-2016-2025-v0.1
180,30,MPR-D5A949D175,Bente,Mandah,Indragiri Hilir,0.14,U,Data belum memadai,68.5,56,85,32,rendah,Keyakinan data rendah.,mangrove-priority-2016-2025-v0.1
181,31,MPR-34B9B15A99,Bente,Mandah,Indragiri Hilir,0.13,U,Data belum memadai,68.5,56,85,32,rendah,Keyakinan data rendah.,mangrove-priority-2016-2025-v0.1
182,32,MPR-9F226C469A,Bente,Mandah,Indragiri Hilir,0.12,U,Data belum memadai,68.5,56,85,32,rendah,Keyakinan data rendah.,mangrove-priority-2016-2025-v0.1
183,33,MPR-D63D0C3C82,Bente,Mandah,Indragiri Hilir,0.12,U,Data belum memadai,68.5,56,85,32,rendah,Keyakinan data rendah.,mangrove-priority-2016-2025-v0.1
184,34,MPR-1A85162931,Bente,Mandah,Indragiri Hilir,0.11,U,Data belum memadai,68.5,56,85,32,rendah,Keyakinan data rendah.,mangrove-priority-2016-2025-v0.1
185,35,MPR-3563339FB5,Bente,Mandah,Indragiri Hilir,0.11,U,Data belum memadai,68.5,56,85,32,rendah,Keyakinan data rendah.,mangrove-priority-2016-2025-v0.1
186,36,MPR-0B7A5CB720,Bente,Mandah,Indragiri Hilir,0.1,U,Data belum memadai,68.5,56,85,32,rendah,Keyakinan data rendah.,mangrove-priority-2016-2025-v0.1
187,37,MPR-BC00CB6019,Bente,Mandah,Indragiri Hilir,0.1,U,Data belum memadai,68.5,56,85,32,rendah,Keyakinan data rendah.,mangrove-priority-2016-2025-v0.1
188,38,MPR-52CDFC63EB,Bente,Mandah,Indragiri Hilir,0.08,U,Data belum memadai,68.5,56,85,32,rendah,Keyakinan data rendah.,mangrove-priority-2016-2025-v0.1
189,39,MPR-C6745A22FC,Bente,Mandah,Indragiri Hilir,0.08,U,Data belum memadai,68.5,56,85,32,rendah,Keyakinan data rendah.,mangrove-priority-2016-2025-v0.1
190,19,MPR-EF662B519D,Teluknibung,Pulau Burung,Indragiri Hilir,0.39,P2,Regenerasi alami terbantu,68.4,59,84,38,tinggi,Kondisi biofisik relatif mendukung pemulihan vegetasi.,mangrove-priority-2016-2025-v0.1
191,5,MPR-21BE4ADF5B,Panglima Raja,Concong,Indragiri Hilir,1.82,P2,Regenerasi alami terbantu,68.3,57,82,30,tinggi,Kondisi biofisik relatif mendukung pemulihan vegetasi.,mangrove-priority-2016-2025-v0.1
192,1,MPR-CAB8938577,Pulauruku,Reteh,Indragiri Hilir,0.48,U,Data belum memadai,68.3,58,84,36,rendah,Keyakinan data rendah.,mangrove-priority-2016-2025-v0.1
193,2,MPR-012A6B5B88,Pulauruku,Reteh,Indragiri Hilir,0.43,U,Data belum memadai,68.3,58,84,36,rendah,Keyakinan data rendah.,mangrove-priority-2016-2025-v0.1
194,1,MPR-5DBCC93E69,Kuala Patah Parang,Sungai Batang,Indragiri Hilir,0.18,P2,Regenerasi alami terbantu,68.3,56,85,33,tinggi,Kondisi biofisik relatif mendukung pemulihan vegetasi.,mangrove-priority-2016-2025-v0.1
195,2,MPR-8A1F160970,Kuala Patah Parang,Sungai Batang,Indragiri Hilir,0.18,P2,Regenerasi alami terbantu,68.3,56,85,33,tinggi,Kondisi biofisik relatif mendukung pemulihan vegetasi.,mangrove-priority-2016-2025-v0.1
196,3,MPR-D880668376,Kuala Patah Parang,Sungai Batang,Indragiri Hilir,0.18,P2,Regenerasi alami terbantu,68.3,56,85,33,tinggi,Kondisi biofisik relatif mendukung pemulihan vegetasi.,mangrove-priority-2016-2025-v0.1
197,4,MPR-33468144EF,Kuala Patah Parang,Sungai Batang,Indragiri Hilir,0.17,P2,Regenerasi alami terbantu,68.3,56,85,33,tinggi,Kondisi biofisik relatif mendukung pemulihan vegetasi.,mangrove-priority-2016-2025-v0.1
198,5,MPR-6CDD4E2935,Kuala Patah Parang,Sungai Batang,Indragiri Hilir,0.17,P2,Regenerasi alami terbantu,68.3,56,85,33,tinggi,Kondisi biofisik relatif mendukung pemulihan vegetasi.,mangrove-priority-2016-2025-v0.1
199,6,MPR-1B82871090,Kuala Patah Parang,Sungai Batang,Indragiri Hilir,0.16,P2,Regenerasi alami terbantu,68.3,56,85,33,tinggi,Kondisi biofisik relatif mendukung pemulihan vegetasi.,mangrove-priority-2016-2025-v0.1
200,7,MPR-37B2185300,Kuala Patah Parang,Sungai Batang,Indragiri Hilir,0.16,P2,Regenerasi alami terbantu,68.3,56,85,33,tinggi,Kondisi biofisik relatif mendukung pemulihan vegetasi.,mangrove-priority-2016-2025-v0.1
201,8,MPR-5F68D9312F,Kuala Patah Parang,Sungai Batang,Indragiri Hilir,0.16,P2,Regenerasi alami terbantu,68.3,56,85,33,tinggi,Kondisi biofisik relatif mendukung pemulihan vegetasi.,mangrove-priority-2016-2025-v0.1
202,9,MPR-6AF9CCDDF7,Kuala Patah Parang,Sungai Batang,Indragiri Hilir,0.16,P2,Regenerasi alami terbantu,68.3,56,85,33,tinggi,Kondisi biofisik relatif mendukung pemulihan vegetasi.,mangrove-priority-2016-2025-v0.1
203,10,MPR-DFCA316CBF,Kuala Patah Parang,Sungai Batang,Indragiri Hilir,0.16,P2,Regenerasi alami terbantu,68.3,56,85,33,tinggi,Kondisi biofisik relatif mendukung pemulihan vegetasi.,mangrove-priority-2016-2025-v0.1
204,11,MPR-6C29FCD5FF,Kuala Patah Parang,Sungai Batang,Indragiri Hilir,0.15,P2,Regenerasi alami terbantu,68.3,56,85,33,tinggi,Kondisi biofisik relatif mendukung pemulihan vegetasi.,mangrove-priority-2016-2025-v0.1
205,12,MPR-FAE40F43EA,Kuala Patah Parang,Sungai Batang,Indragiri Hilir,0.14,P2,Regenerasi alami terbantu,68.3,56,85,33,tinggi,Kondisi biofisik relatif mendukung pemulihan vegetasi.,mangrove-priority-2016-2025-v0.1
206,13,MPR-0926ACE853,Kuala Patah Parang,Sungai Batang,Indragiri Hilir,0.13,P2,Regenerasi alami terbantu,68.3,56,85,33,tinggi,Kondisi biofisik relatif mendukung pemulihan vegetasi.,mangrove-priority-2016-2025-v0.1
207,14,MPR-11403B1E7B,Kuala Patah Parang,Sungai Batang,Indragiri Hilir,0.13,P2,Regenerasi alami terbantu,68.3,56,85,33,tinggi,Kondisi biofisik relatif mendukung pemulihan vegetasi.,mangrove-priority-2016-2025-v0.1
208,15,MPR-24300610D7,Kuala Patah Parang,Sungai Batang,Indragiri Hilir,0.13,P2,Regenerasi alami terbantu,68.3,56,85,33,tinggi,Kondisi biofisik relatif mendukung pemulihan vegetasi.,mangrove-priority-2016-2025-v0.1
209,16,MPR-2CC790E25C,Kuala Patah Parang,Sungai Batang,Indragiri Hilir,0.13,P2,Regenerasi alami terbantu,68.3,56,85,33,tinggi,Kondisi biofisik relatif mendukung pemulihan vegetasi.,mangrove-priority-2016-2025-v0.1
210,17,MPR-9E07D0B07F,Kuala Patah Parang,Sungai Batang,Indragiri Hilir,0.13,P2,Regenerasi alami terbantu,68.3,56,85,33,tinggi,Kondisi biofisik relatif mendukung pemulihan vegetasi.,mangrove-priority-2016-2025-v0.1
211,18,MPR-A4B2419E2F,Kuala Patah Parang,Sungai Batang,Indragiri Hilir,0.13,P2,Regenerasi alami terbantu,68.3,56,85,33,tinggi,Kondisi biofisik relatif mendukung pemulihan vegetasi.,mangrove-priority-2016-2025-v0.1
212,19,MPR-21D49269EB,Kuala Patah Parang,Sungai Batang,Indragiri Hilir,0.12,P2,Regenerasi alami terbantu,68.3,56,85,33,tinggi,Kondisi biofisik relatif mendukung pemulihan vegetasi.,mangrove-priority-2016-2025-v0.1
213,20,MPR-84B3AA852F,Kuala Patah Parang,Sungai Batang,Indragiri Hilir,0.12,P2,Regenerasi alami terbantu,68.3,56,85,33,tinggi,Kondisi biofisik relatif mendukung pemulihan vegetasi.,mangrove-priority-2016-2025-v0.1
214,21,MPR-8FEEF876A7,Kuala Patah Parang,Sungai Batang,Indragiri Hilir,0.12,P2,Regenerasi alami terbantu,68.3,56,85,33,tinggi,Kondisi biofisik relatif mendukung pemulihan vegetasi.,mangrove-priority-2016-2025-v0.1
215,22,MPR-BEE68ECE9F,Kuala Patah Parang,Sungai Batang,Indragiri Hilir,0.12,P2,Regenerasi alami terbantu,68.3,56,85,33,tinggi,Kondisi biofisik relatif mendukung pemulihan vegetasi.,mangrove-priority-2016-2025-v0.1
216,23,MPR-DE808D39E5,Kuala Patah Parang,Sungai Batang,Indragiri Hilir,0.12,P2,Regenerasi alami terbantu,68.3,56,85,33,tinggi,Kondisi biofisik relatif mendukung pemulihan vegetasi.,mangrove-priority-2016-2025-v0.1
217,24,MPR-26C9D496AA,Kuala Patah Parang,Sungai Batang,Indragiri Hilir,0.11,P2,Regenerasi alami terbantu,68.3,56,85,33,tinggi,Kondisi biofisik relatif mendukung pemulihan vegetasi.,mangrove-priority-2016-2025-v0.1
218,25,MPR-2D08E3250E,Kuala Patah Parang,Sungai Batang,Indragiri Hilir,0.11,P2,Regenerasi alami terbantu,68.3,56,85,33,tinggi,Kondisi biofisik relatif mendukung pemulihan vegetasi.,mangrove-priority-2016-2025-v0.1
219,26,MPR-CE92BCE7DE,Kuala Patah Parang,Sungai Batang,Indragiri Hilir,0.11,P2,Regenerasi alami terbantu,68.3,56,85,33,tinggi,Kondisi biofisik relatif mendukung pemulihan vegetasi.,mangrove-priority-2016-2025-v0.1
220,27,MPR-D8B3577290,Kuala Patah Parang,Sungai Batang,Indragiri Hilir,0.11,P2,Regenerasi alami terbantu,68.3,56,85,33,tinggi,Kondisi biofisik relatif mendukung pemulihan vegetasi.,mangrove-priority-2016-2025-v0.1
221,28,MPR-F7DFBAA8D7,Kuala Patah Parang,Sungai Batang,Indragiri Hilir,0.11,P2,Regenerasi alami terbantu,68.3,56,85,33,tinggi,Kondisi biofisik relatif mendukung pemulihan vegetasi.,mangrove-priority-2016-2025-v0.1
222,29,MPR-293DE0DFA2,Kuala Patah Parang,Sungai Batang,Indragiri Hilir,0.1,P2,Regenerasi alami terbantu,68.3,56,85,33,tinggi,Kondisi biofisik relatif mendukung pemulihan vegetasi.,mangrove-priority-2016-2025-v0.1
223,30,MPR-3422FA800F,Kuala Patah Parang,Sungai Batang,Indragiri Hilir,0.1,P2,Regenerasi alami terbantu,68.3,56,85,33,tinggi,Kondisi biofisik relatif mendukung pemulihan vegetasi.,mangrove-priority-2016-2025-v0.1
224,31,MPR-3C53E7E496,Kuala Patah Parang,Sungai Batang,Indragiri Hilir,0.1,P2,Regenerasi alami terbantu,68.3,56,85,33,tinggi,Kondisi biofisik relatif mendukung pemulihan vegetasi.,mangrove-priority-2016-2025-v0.1
225,32,MPR-7A128F6CFD,Kuala Patah Parang,Sungai Batang,Indragiri Hilir,0.1,P2,Regenerasi alami terbantu,68.3,56,85,33,tinggi,Kondisi biofisik relatif mendukung pemulihan vegetasi.,mangrove-priority-2016-2025-v0.1
226,33,MPR-95B4B9FFDF,Kuala Patah Parang,Sungai Batang,Indragiri Hilir,0.1,P2,Regenerasi alami terbantu,68.3,56,85,33,tinggi,Kondisi biofisik relatif mendukung pemulihan vegetasi.,mangrove-priority-2016-2025-v0.1
227,34,MPR-AA588044F1,Kuala Patah Parang,Sungai Batang,Indragiri Hilir,0.1,P2,Regenerasi alami terbantu,68.3,56,85,33,tinggi,Kondisi biofisik relatif mendukung pemulihan vegetasi.,mangrove-priority-2016-2025-v0.1
228,35,MPR-F5178E4DA8,Kuala Patah Parang,Sungai Batang,Indragiri Hilir,0.1,P2,Regenerasi alami terbantu,68.3,56,85,33,tinggi,Kondisi biofisik relatif mendukung pemulihan vegetasi.,mangrove-priority-2016-2025-v0.1
229,36,MPR-F9A383B295,Kuala Patah Parang,Sungai Batang,Indragiri Hilir,0.1,P2,Regenerasi alami terbantu,68.3,56,85,33,tinggi,Kondisi biofisik relatif mendukung pemulihan vegetasi.,mangrove-priority-2016-2025-v0.1
230,1,MPR-80B0F9D3ED,Seberang Pulau Kijang,Reteh,Indragiri Hilir,0.092,P2,Regenerasi alami terbantu,68.3,56,85,33,sedang,Kondisi biofisik relatif mendukung pemulihan vegetasi.,mangrove-priority-2016-2025-v0.1
231,2,MPR-030DEE0912,Seberang Pulau Kijang,Reteh,Indragiri Hilir,0.08,P2,Regenerasi alami terbantu,68.3,56,85,33,sedang,Kondisi biofisik relatif mendukung pemulihan vegetasi.,mangrove-priority-2016-2025-v0.1
232,3,MPR-0C97992CB8,Seberang Pulau Kijang,Reteh,Indragiri Hilir,0.08,P2,Regenerasi alami terbantu,68.3,56,85,33,sedang,Kondisi biofisik relatif mendukung pemulihan vegetasi.,mangrove-priority-2016-2025-v0.1
233,4,MPR-313E5C9739,Seberang Pulau Kijang,Reteh,Indragiri Hilir,0.08,P2,Regenerasi alami terbantu,68.3,56,85,33,sedang,Kondisi biofisik relatif mendukung pemulihan vegetasi.,mangrove-priority-2016-2025-v0.1
234,5,MPR-3347587E5A,Seberang Pulau Kijang,Reteh,Indragiri Hilir,0.08,P2,Regenerasi alami terbantu,68.3,56,85,33,sedang,Kondisi biofisik relatif mendukung pemulihan vegetasi.,mangrove-priority-2016-2025-v0.1
235,37,MPR-37CB1F0B20,Kuala Patah Parang,Sungai Batang,Indragiri Hilir,0.08,P2,Regenerasi alami terbantu,68.3,56,85,33,tinggi,Kondisi biofisik relatif mendukung pemulihan vegetasi.,mangrove-priority-2016-2025-v0.1
236,6,MPR-5B79AF0DEB,Seberang Pulau Kijang,Reteh,Indragiri Hilir,0.08,P2,Regenerasi alami terbantu,68.3,56,85,33,sedang,Kondisi biofisik relatif mendukung pemulihan vegetasi.,mangrove-priority-2016-2025-v0.1
237,38,MPR-741DBDDFEC,Kuala Patah Parang,Sungai Batang,Indragiri Hilir,0.08,P2,Regenerasi alami terbantu,68.3,56,85,33,tinggi,Kondisi biofisik relatif mendukung pemulihan vegetasi.,mangrove-priority-2016-2025-v0.1
238,39,MPR-929B09A4D2,Kuala Patah Parang,Sungai Batang,Indragiri Hilir,0.08,P2,Regenerasi alami terbantu,68.3,56,85,33,tinggi,Kondisi biofisik relatif mendukung pemulihan vegetasi.,mangrove-priority-2016-2025-v0.1
239,7,MPR-986ADA46E2,Seberang Pulau Kijang,Reteh,Indragiri Hilir,0.08,P2,Regenerasi alami terbantu,68.3,56,85,33,sedang,Kondisi biofisik relatif mendukung pemulihan vegetasi.,mangrove-priority-2016-2025-v0.1
240,8,MPR-BBE8932AB1,Seberang Pulau Kijang,Reteh,Indragiri Hilir,0.08,P2,Regenerasi alami terbantu,68.3,56,85,33,sedang,Kondisi biofisik relatif mendukung pemulihan vegetasi.,mangrove-priority-2016-2025-v0.1
241,9,MPR-C2C1491066,Seberang Pulau Kijang,Reteh,Indragiri Hilir,0.08,P2,Regenerasi alami terbantu,68.3,56,85,33,sedang,Kondisi biofisik relatif mendukung pemulihan vegetasi.,mangrove-priority-2016-2025-v0.1
242,40,MPR-F2687C2638,Kuala Patah Parang,Sungai Batang,Indragiri Hilir,0.08,P2,Regenerasi alami terbantu,68.3,56,85,33,tinggi,Kondisi biofisik relatif mendukung pemulihan vegetasi.,mangrove-priority-2016-2025-v0.1
243,10,MPR-F41C223124,Seberang Pulau Kijang,Reteh,Indragiri Hilir,0.08,P2,Regenerasi alami terbantu,68.3,56,85,33,sedang,Kondisi biofisik relatif mendukung pemulihan vegetasi.,mangrove-priority-2016-2025-v0.1
244,11,MPR-FAB285707C,Seberang Pulau Kijang,Reteh,Indragiri Hilir,0.08,P2,Regenerasi alami terbantu,68.3,56,85,33,sedang,Kondisi biofisik relatif mendukung pemulihan vegetasi.,mangrove-priority-2016-2025-v0.1
245,12,MPR-FC80BE3ACD,Seberang Pulau Kijang,Reteh,Indragiri Hilir,0.08,P2,Regenerasi alami terbantu,68.3,56,85,33,sedang,Kondisi biofisik relatif mendukung pemulihan vegetasi.,mangrove-priority-2016-2025-v0.1
246,13,MPR-F1C6682979,Seberang Pulau Kijang,Reteh,Indragiri Hilir,0.076,P2,Regenerasi alami terbantu,68.3,56,85,33,sedang,Kondisi biofisik relatif mendukung pemulihan vegetasi.,mangrove-priority-2016-2025-v0.1
247,14,MPR-4457688A05,Seberang Pulau Kijang,Reteh,Indragiri Hilir,0.075,P2,Regenerasi alami terbantu,68.3,56,85,33,sedang,Kondisi biofisik relatif mendukung pemulihan vegetasi.,mangrove-priority-2016-2025-v0.1
248,15,MPR-572E6DFB9A,Seberang Pulau Kijang,Reteh,Indragiri Hilir,0.05,P2,Regenerasi alami terbantu,68.3,56,85,33,sedang,Kondisi biofisik relatif mendukung pemulihan vegetasi.,mangrove-priority-2016-2025-v0.1
249,16,MPR-67627558DA,Seberang Pulau Kijang,Reteh,Indragiri Hilir,0.05,P2,Regenerasi alami terbantu,68.3,56,85,33,sedang,Kondisi biofisik relatif mendukung pemulihan vegetasi.,mangrove-priority-2016-2025-v0.1
250,41,MPR-6CBFD1802D,Kuala Patah Parang,Sungai Batang,Indragiri Hilir,0.05,P2,Regenerasi alami terbantu,68.3,56,85,33,tinggi,Kondisi biofisik relatif mendukung pemulihan vegetasi.,mangrove-priority-2016-2025-v0.1
251,17,MPR-9158B26644,Seberang Pulau Kijang,Reteh,Indragiri Hilir,0.05,P2,Regenerasi alami terbantu,68.3,56,85,33,sedang,Kondisi biofisik relatif mendukung pemulihan vegetasi.,mangrove-priority-2016-2025-v0.1
252,18,MPR-AE54E67EEE,Seberang Pulau Kijang,Reteh,Indragiri Hilir,0.05,P2,Regenerasi alami terbantu,68.3,56,85,33,sedang,Kondisi biofisik relatif mendukung pemulihan vegetasi.,mangrove-priority-2016-2025-v0.1
253,20,MPR-A471EB397E,Teluknibung,Pulau Burung,Indragiri Hilir,1.95,P2,Regenerasi alami terbantu,68.2,61,82,40,tinggi,Kondisi biofisik relatif mendukung pemulihan vegetasi.,mangrove-priority-2016-2025-v0.1
254,19,MPR-0302265162,Seberang Pulau Kijang,Reteh,Indragiri Hilir,1.28,P2,Regenerasi alami terbantu,68.2,58,83,35,sedang,Kondisi biofisik relatif mendukung pemulihan vegetasi.,mangrove-priority-2016-2025-v0.1
255,21,MPR-E9A6404BA6,Teluknibung,Pulau Burung,Indragiri Hilir,1.21,P2,Regenerasi alami terbantu,68.2,60,83,39,tinggi,Kondisi biofisik relatif mendukung pemulihan vegetasi.,mangrove-priority-2016-2025-v0.1
256,42,MPR-031AF30E95,Kuala Patah Parang,Sungai Batang,Indragiri Hilir,0.72,P2,Regenerasi alami terbantu,68.2,57,84,34,tinggi,Kondisi biofisik relatif mendukung pemulihan vegetasi.,mangrove-priority-2016-2025-v0.1
257,43,MPR-8C30CC73D1,Kuala Patah Parang,Sungai Batang,Indragiri Hilir,0.69,P2,Regenerasi alami terbantu,68.2,57,84,34,tinggi,Kondisi biofisik relatif mendukung pemulihan vegetasi.,mangrove-priority-2016-2025-v0.1
258,20,MPR-B15A498CB2,Seberang Pulau Kijang,Reteh,Indragiri Hilir,0.68,P2,Regenerasi alami terbantu,68.2,57,84,34,sedang,Kondisi biofisik relatif mendukung pemulihan vegetasi.,mangrove-priority-2016-2025-v0.1
259,21,MPR-E550868F14,Seberang Pulau Kijang,Reteh,Indragiri Hilir,0.54,P2,Regenerasi alami terbantu,68.2,57,84,34,sedang,Kondisi biofisik relatif mendukung pemulihan vegetasi.,mangrove-priority-2016-2025-v0.1
260,44,MPR-DAF08B0F10,Kuala Patah Parang,Sungai Batang,Indragiri Hilir,0.53,P2,Regenerasi alami terbantu,68.2,57,84,34,tinggi,Kondisi biofisik relatif mendukung pemulihan vegetasi.,mangrove-priority-2016-2025-v0.1
261,45,MPR-16EA5C9C83,Kuala Patah Parang,Sungai Batang,Indragiri Hilir,0.47,P2,Regenerasi alami terbantu,68.2,57,84,34,tinggi,Kondisi biofisik relatif mendukung pemulihan vegetasi.,mangrove-priority-2016-2025-v0.1
262,46,MPR-867A7C749D,Kuala Patah Parang,Sungai Batang,Indragiri Hilir,0.42,P2,Regenerasi alami terbantu,68.2,57,84,34,tinggi,Kondisi biofisik relatif mendukung pemulihan vegetasi.,mangrove-priority-2016-2025-v0.1
263,47,MPR-CE1086A482,Kuala Patah Parang,Sungai Batang,Indragiri Hilir,0.42,P2,Regenerasi alami terbantu,68.2,57,84,34,tinggi,Kondisi biofisik relatif mendukung pemulihan vegetasi.,mangrove-priority-2016-2025-v0.1
264,40,MPR-1A52B19E45,Bente,Mandah,Indragiri Hilir,0.4,U,Data belum memadai,68.2,56,84,32,rendah,Keyakinan data rendah.,mangrove-priority-2016-2025-v0.1
265,41,MPR-82D805848E,Bente,Mandah,Indragiri Hilir,0.37,U,Data belum memadai,68.2,56,84,32,rendah,Keyakinan data rendah.,mangrove-priority-2016-2025-v0.1
266,42,MPR-AD52F50331,Bente,Mandah,Indragiri Hilir,0.37,U,Data belum memadai,68.2,56,84,32,rendah,Keyakinan data rendah.,mangrove-priority-2016-2025-v0.1
267,43,MPR-6AD68FC654,Bente,Mandah,Indragiri Hilir,0.36,U,Data belum memadai,68.2,56,84,32,rendah,Keyakinan data rendah.,mangrove-priority-2016-2025-v0.1
268,3,MPR-C0A10B33C3,Pulauruku,Reteh,Indragiri Hilir,0.34,U,Data belum memadai,68.2,57,85,36,rendah,Keyakinan data rendah.,mangrove-priority-2016-2025-v0.1
269,4,MPR-832B2BCC6A,Pulauruku,Reteh,Indragiri Hilir,0.31,U,Data belum memadai,68.2,57,85,36,rendah,Keyakinan data rendah.,mangrove-priority-2016-2025-v0.1
270,5,MPR-49CB56ACBB,Pulauruku,Reteh,Indragiri Hilir,0.3,U,Data belum memadai,68.2,57,85,36,rendah,Keyakinan data rendah.,mangrove-priority-2016-2025-v0.1
271,1,MPR-7EB53AA25D,Perigi Raja,Kuala Indragiri,Indragiri Hilir,0.3,P2,Regenerasi alami terbantu,68.2,53,85,27,tinggi,Kondisi biofisik relatif mendukung pemulihan vegetasi.,mangrove-priority-2016-2025-v0.1
272,2,MPR-988ADBD49A,Perigi Raja,Kuala Indragiri,Indragiri Hilir,0.3,P2,Regenerasi alami terbantu,68.2,53,85,27,tinggi,Kondisi biofisik relatif mendukung pemulihan vegetasi.,mangrove-priority-2016-2025-v0.1
273,3,MPR-AB3DF9EC5C,Perigi Raja,Kuala Indragiri,Indragiri Hilir,0.3,P2,Regenerasi alami terbantu,68.2,53,85,27,tinggi,Kondisi biofisik relatif mendukung pemulihan vegetasi.,mangrove-priority-2016-2025-v0.1
274,4,MPR-537D2EEB97,Perigi Raja,Kuala Indragiri,Indragiri Hilir,0.29,P2,Regenerasi alami terbantu,68.2,53,85,27,tinggi,Kondisi biofisik relatif mendukung pemulihan vegetasi.,mangrove-priority-2016-2025-v0.1
275,6,MPR-8AD952D04D,Pulauruku,Reteh,Indragiri Hilir,0.28,U,Data belum memadai,68.2,57,85,36,rendah,Keyakinan data rendah.,mangrove-priority-2016-2025-v0.1
276,5,MPR-4A96752AB2,Perigi Raja,Kuala Indragiri,Indragiri Hilir,0.279,P2,Regenerasi alami terbantu,68.2,53,85,27,tinggi,Kondisi biofisik relatif mendukung pemulihan vegetasi.,mangrove-priority-2016-2025-v0.1
277,6,MPR-1D0FB6E204,Perigi Raja,Kuala Indragiri,Indragiri Hilir,0.27,P2,Regenerasi alami terbantu,68.2,53,85,27,tinggi,Kondisi biofisik relatif mendukung pemulihan vegetasi.,mangrove-priority-2016-2025-v0.1
278,7,MPR-676114F011,Perigi Raja,Kuala Indragiri,Indragiri Hilir,0.25,P2,Regenerasi alami terbantu,68.2,53,85,27,tinggi,Kondisi biofisik relatif mendukung pemulihan vegetasi.,mangrove-priority-2016-2025-v0.1
279,7,MPR-8B195388FB,Pulauruku,Reteh,Indragiri Hilir,0.24,U,Data belum memadai,68.2,57,85,36,rendah,Keyakinan data rendah.,mangrove-priority-2016-2025-v0.1
280,8,MPR-C910EB57E5,Pulauruku,Reteh,Indragiri Hilir,0.23,U,Data belum memadai,68.2,57,85,36,rendah,Keyakinan data rendah.,mangrove-priority-2016-2025-v0.1
281,8,MPR-481FB14A97,Perigi Raja,Kuala Indragiri,Indragiri Hilir,0.21,P2,Regenerasi alami terbantu,68.2,53,85,27,tinggi,Kondisi biofisik relatif mendukung pemulihan vegetasi.,mangrove-priority-2016-2025-v0.1
282,9,MPR-FAF1572804,Pulauruku,Reteh,Indragiri Hilir,0.2,U,Data belum memadai,68.2,57,85,36,rendah,Keyakinan data rendah.,mangrove-priority-2016-2025-v0.1
283,10,MPR-5974131CD8,Pulauruku,Reteh,Indragiri Hilir,0.17,U,Data belum memadai,68.2,57,85,36,rendah,Keyakinan data rendah.,mangrove-priority-2016-2025-v0.1
284,11,MPR-9A23864A9B,Pulauruku,Reteh,Indragiri Hilir,0.17,U,Data belum memadai,68.2,57,85,36,rendah,Keyakinan data rendah.,mangrove-priority-2016-2025-v0.1
285,12,MPR-5210C2BE8B,Pulauruku,Reteh,Indragiri Hilir,0.15,U,Data belum memadai,68.2,57,85,36,rendah,Keyakinan data rendah.,mangrove-priority-2016-2025-v0.1
286,9,MPR-53F66D46F8,Perigi Raja,Kuala Indragiri,Indragiri Hilir,0.15,P2,Regenerasi alami terbantu,68.2,53,85,27,tinggi,Kondisi biofisik relatif mendukung pemulihan vegetasi.,mangrove-priority-2016-2025-v0.1
287,13,MPR-6390F73968,Pulauruku,Reteh,Indragiri Hilir,0.15,U,Data belum memadai,68.2,57,85,36,rendah,Keyakinan data rendah.,mangrove-priority-2016-2025-v0.1
288,14,MPR-687FDFF163,Pulauruku,Reteh,Indragiri Hilir,0.15,U,Data belum memadai,68.2,57,85,36,rendah,Keyakinan data rendah.,mangrove-priority-2016-2025-v0.1
289,15,MPR-94F5BAFDC3,Pulauruku,Reteh,Indragiri Hilir,0.14,U,Data belum memadai,68.2,57,85,36,rendah,Keyakinan data rendah.,mangrove-priority-2016-2025-v0.1
290,10,MPR-A85B59FE56,Perigi Raja,Kuala Indragiri,Indragiri Hilir,0.14,P2,Regenerasi alami terbantu,68.2,53,85,27,tinggi,Kondisi biofisik relatif mendukung pemulihan vegetasi.,mangrove-priority-2016-2025-v0.1
291,16,MPR-F228DAF4C4,Pulauruku,Reteh,Indragiri Hilir,0.14,U,Data belum memadai,68.2,57,85,36,rendah,Keyakinan data rendah.,mangrove-priority-2016-2025-v0.1
292,17,MPR-51360EFEA6,Pulauruku,Reteh,Indragiri Hilir,0.13,U,Data belum memadai,68.2,57,85,36,rendah,Keyakinan data rendah.,mangrove-priority-2016-2025-v0.1
293,18,MPR-7197AED4A0,Pulauruku,Reteh,Indragiri Hilir,0.13,U,Data belum memadai,68.2,57,85,36,rendah,Keyakinan data rendah.,mangrove-priority-2016-2025-v0.1
294,19,MPR-98CEBAB2FC,Pulauruku,Reteh,Indragiri Hilir,0.13,U,Data belum memadai,68.2,57,85,36,rendah,Keyakinan data rendah.,mangrove-priority-2016-2025-v0.1
295,11,MPR-BCA8A3BA5D,Perigi Raja,Kuala Indragiri,Indragiri Hilir,0.12,P2,Regenerasi alami terbantu,68.2,53,85,27,tinggi,Kondisi biofisik relatif mendukung pemulihan vegetasi.,mangrove-priority-2016-2025-v0.1
296,20,MPR-D72D32D613,Pulauruku,Reteh,Indragiri Hilir,0.12,U,Data belum memadai,68.2,57,85,36,rendah,Keyakinan data rendah.,mangrove-priority-2016-2025-v0.1
297,21,MPR-1D4CFB04B5,Pulauruku,Reteh,Indragiri Hilir,0.11,U,Data belum memadai,68.2,57,85,36,rendah,Keyakinan data rendah.,mangrove-priority-2016-2025-v0.1
298,22,MPR-2E731BD0DD,Pulauruku,Reteh,Indragiri Hilir,0.11,U,Data belum memadai,68.2,57,85,36,rendah,Keyakinan data rendah.,mangrove-priority-2016-2025-v0.1
299,23,MPR-48758834D0,Pulauruku,Reteh,Indragiri Hilir,0.11,U,Data belum memadai,68.2,57,85,36,rendah,Keyakinan data rendah.,mangrove-priority-2016-2025-v0.1
300,24,MPR-5A31EFECA4,Pulauruku,Reteh,Indragiri Hilir,0.11,U,Data belum memadai,68.2,57,85,36,rendah,Keyakinan data rendah.,mangrove-priority-2016-2025-v0.1
301,25,MPR-895E375399,Pulauruku,Reteh,Indragiri Hilir,0.11,U,Data belum memadai,68.2,57,85,36,rendah,Keyakinan data rendah.,mangrove-priority-2016-2025-v0.1
302,12,MPR-D27AB71E13,Perigi Raja,Kuala Indragiri,Indragiri Hilir,0.11,P2,Regenerasi alami terbantu,68.2,53,85,27,tinggi,Kondisi biofisik relatif mendukung pemulihan vegetasi.,mangrove-priority-2016-2025-v0.1
303,13,MPR-DB8B1B278D,Perigi Raja,Kuala Indragiri,Indragiri Hilir,0.101,P2,Regenerasi alami terbantu,68.2,53,85,27,tinggi,Kondisi biofisik relatif mendukung pemulihan vegetasi.,mangrove-priority-2016-2025-v0.1
304,26,MPR-1B44B1884A,Pulauruku,Reteh,Indragiri Hilir,0.1,U,Data belum memadai,68.2,57,85,36,rendah,Keyakinan data rendah.,mangrove-priority-2016-2025-v0.1
305,27,MPR-1D12EACEB8,Pulauruku,Reteh,Indragiri Hilir,0.1,U,Data belum memadai,68.2,57,85,36,rendah,Keyakinan data rendah.,mangrove-priority-2016-2025-v0.1
306,14,MPR-69F1A45772,Perigi Raja,Kuala Indragiri,Indragiri Hilir,0.1,P2,Regenerasi alami terbantu,68.2,53,85,27,tinggi,Kondisi biofisik relatif mendukung pemulihan vegetasi.,mangrove-priority-2016-2025-v0.1
307,28,MPR-6D078EAB95,Pulauruku,Reteh,Indragiri Hilir,0.1,U,Data belum memadai,68.2,57,85,36,rendah,Keyakinan data rendah.,mangrove-priority-2016-2025-v0.1
308,29,MPR-709A8A6F19,Pulauruku,Reteh,Indragiri Hilir,0.1,U,Data belum memadai,68.2,57,85,36,rendah,Keyakinan data rendah.,mangrove-priority-2016-2025-v0.1
309,30,MPR-9ECC6EAA2B,Pulauruku,Reteh,Indragiri Hilir,0.1,U,Data belum memadai,68.2,57,85,36,rendah,Keyakinan data rendah.,mangrove-priority-2016-2025-v0.1
310,31,MPR-BD71DA2FA0,Pulauruku,Reteh,Indragiri Hilir,0.1,U,Data belum memadai,68.2,57,85,36,rendah,Keyakinan data rendah.,mangrove-priority-2016-2025-v0.1
311,32,MPR-DF7AF331C0,Pulauruku,Reteh,Indragiri Hilir,0.1,U,Data belum memadai,68.2,57,85,36,rendah,Keyakinan data rendah.,mangrove-priority-2016-2025-v0.1
312,33,MPR-DF84275AF4,Pulauruku,Reteh,Indragiri Hilir,0.1,U,Data belum memadai,68.2,57,85,36,rendah,Keyakinan data rendah.,mangrove-priority-2016-2025-v0.1
313,34,MPR-F4BC971026,Pulauruku,Reteh,Indragiri Hilir,0.1,U,Data belum memadai,68.2,57,85,36,rendah,Keyakinan data rendah.,mangrove-priority-2016-2025-v0.1
314,35,MPR-AFEB01D815,Pulauruku,Reteh,Indragiri Hilir,0.098,U,Data belum memadai,68.2,57,85,36,rendah,Keyakinan data rendah.,mangrove-priority-2016-2025-v0.1
315,15,MPR-1FB91CAF47,Perigi Raja,Kuala Indragiri,Indragiri Hilir,0.08,P2,Regenerasi alami terbantu,68.2,53,85,27,tinggi,Kondisi biofisik relatif mendukung pemulihan vegetasi.,mangrove-priority-2016-2025-v0.1
316,36,MPR-7CE44DD8A2,Pulauruku,Reteh,Indragiri Hilir,0.08,U,Data belum memadai,68.2,57,85,36,rendah,Keyakinan data rendah.,mangrove-priority-2016-2025-v0.1
317,37,MPR-8DD27E78D1,Pulauruku,Reteh,Indragiri Hilir,0.073,U,Data belum memadai,68.2,57,85,36,rendah,Keyakinan data rendah.,mangrove-priority-2016-2025-v0.1
318,38,MPR-2C0D82F983,Pulauruku,Reteh,Indragiri Hilir,0.067,U,Data belum memadai,68.2,57,85,36,rendah,Keyakinan data rendah.,mangrove-priority-2016-2025-v0.1
319,39,MPR-575B9E448A,Pulauruku,Reteh,Indragiri Hilir,0.05,U,Data belum memadai,68.2,57,85,36,rendah,Keyakinan data rendah.,mangrove-priority-2016-2025-v0.1
320,40,MPR-DFA7D2B2EB,Pulauruku,Reteh,Indragiri Hilir,0.05,U,Data belum memadai,68.2,57,85,36,rendah,Keyakinan data rendah.,mangrove-priority-2016-2025-v0.1
321,44,MPR-295B532BDD,Bente,Mandah,Indragiri Hilir,1.09,U,Data belum memadai,68.1,57,83,33,rendah,Keyakinan data rendah.,mangrove-priority-2016-2025-v0.1
322,16,MPR-15EC03B8FB,Perigi Raja,Kuala Indragiri,Indragiri Hilir,0.65,P2,Regenerasi alami terbantu,68.1,54,84,28,tinggi,Kondisi biofisik relatif mendukung pemulihan vegetasi.,mangrove-priority-2016-2025-v0.1
323,17,MPR-09065D0014,Perigi Raja,Kuala Indragiri,Indragiri Hilir,0.62,P2,Regenerasi alami terbantu,68.1,54,84,28,tinggi,Kondisi biofisik relatif mendukung pemulihan vegetasi.,mangrove-priority-2016-2025-v0.1
324,18,MPR-0463EDB165,Perigi Raja,Kuala Indragiri,Indragiri Hilir,0.6,P2,Regenerasi alami terbantu,68.1,54,84,28,tinggi,Kondisi biofisik relatif mendukung pemulihan vegetasi.,mangrove-priority-2016-2025-v0.1
325,19,MPR-E372AEDBBA,Perigi Raja,Kuala Indragiri,Indragiri Hilir,0.54,P2,Regenerasi alami terbantu,68.1,54,84,28,tinggi,Kondisi biofisik relatif mendukung pemulihan vegetasi.,mangrove-priority-2016-2025-v0.1
326,20,MPR-70C0AD34D9,Perigi Raja,Kuala Indragiri,Indragiri Hilir,0.52,P2,Regenerasi alami terbantu,68.1,54,84,28,tinggi,Kondisi biofisik relatif mendukung pemulihan vegetasi.,mangrove-priority-2016-2025-v0.1
327,21,MPR-37B29D4E65,Perigi Raja,Kuala Indragiri,Indragiri Hilir,0.44,P2,Regenerasi alami terbantu,68.1,54,84,28,tinggi,Kondisi biofisik relatif mendukung pemulihan vegetasi.,mangrove-priority-2016-2025-v0.1
328,48,MPR-78100D83A3,Kuala Patah Parang,Sungai Batang,Indragiri Hilir,0.34,P2,Regenerasi alami terbantu,68.1,56,85,34,tinggi,Kondisi biofisik relatif mendukung pemulihan vegetasi.,mangrove-priority-2016-2025-v0.1
329,22,MPR-3BC87DAD79,Seberang Pulau Kijang,Reteh,Indragiri Hilir,0.33,P2,Regenerasi alami terbantu,68.1,56,85,34,sedang,Kondisi biofisik relatif mendukung pemulihan vegetasi.,mangrove-priority-2016-2025-v0.1
330,49,MPR-82F7A6D1C0,Kuala Patah Parang,Sungai Batang,Indragiri Hilir,0.33,P2,Regenerasi alami terbantu,68.1,56,85,34,tinggi,Kondisi biofisik relatif mendukung pemulihan vegetasi.,mangrove-priority-2016-2025-v0.1
331,50,MPR-E695AE7449,Kuala Patah Parang,Sungai Batang,Indragiri Hilir,0.33,P2,Regenerasi alami terbantu,68.1,56,85,34,tinggi,Kondisi biofisik relatif mendukung pemulihan vegetasi.,mangrove-priority-2016-2025-v0.1
332,51,MPR-4A586BDBA5,Kuala Patah Parang,Sungai Batang,Indragiri Hilir,0.31,P2,Regenerasi alami terbantu,68.1,56,85,34,tinggi,Kondisi biofisik relatif mendukung pemulihan vegetasi.,mangrove-priority-2016-2025-v0.1
333,23,MPR-53576ADAAB,Seberang Pulau Kijang,Reteh,Indragiri Hilir,0.308,P2,Regenerasi alami terbantu,68.1,56,85,34,sedang,Kondisi biofisik relatif mendukung pemulihan vegetasi.,mangrove-priority-2016-2025-v0.1
334,24,MPR-242E432DA5,Seberang Pulau Kijang,Reteh,Indragiri Hilir,0.3,P2,Regenerasi alami terbantu,68.1,56,85,34,sedang,Kondisi biofisik relatif mendukung pemulihan vegetasi.,mangrove-priority-2016-2025-v0.1
335,25,MPR-4999A8D868,Seberang Pulau Kijang,Reteh,Indragiri Hilir,0.29,P2,Regenerasi alami terbantu,68.1,56,85,34,sedang,Kondisi biofisik relatif mendukung pemulihan vegetasi.,mangrove-priority-2016-2025-v0.1
336,52,MPR-AF95C925C4,Kuala Patah Parang,Sungai Batang,Indragiri Hilir,0.29,P2,Regenerasi alami terbantu,68.1,56,85,34,tinggi,Kondisi biofisik relatif mendukung pemulihan vegetasi.,mangrove-priority-2016-2025-v0.1
337,26,MPR-5665878853,Seberang Pulau Kijang,Reteh,Indragiri Hilir,0.26,P2,Regenerasi alami terbantu,68.1,56,85,34,sedang,Kondisi biofisik relatif mendukung pemulihan vegetasi.,mangrove-priority-2016-2025-v0.1
338,27,MPR-8242E3DEC8,Seberang Pulau Kijang,Reteh,Indragiri Hilir,0.26,P2,Regenerasi alami terbantu,68.1,56,85,34,sedang,Kondisi biofisik relatif mendukung pemulihan vegetasi.,mangrove-priority-2016-2025-v0.1
339,28,MPR-EEC9B5C2D2,Seberang Pulau Kijang,Reteh,Indragiri Hilir,0.26,P2,Regenerasi alami terbantu,68.1,56,85,34,sedang,Kondisi biofisik relatif mendukung pemulihan vegetasi.,mangrove-priority-2016-2025-v0.1
340,29,MPR-2BF8784D97,Seberang Pulau Kijang,Reteh,Indragiri Hilir,0.25,P2,Regenerasi alami terbantu,68.1,56,85,34,sedang,Kondisi biofisik relatif mendukung pemulihan vegetasi.,mangrove-priority-2016-2025-v0.1
341,30,MPR-0C64602FE1,Seberang Pulau Kijang,Reteh,Indragiri Hilir,0.24,P2,Regenerasi alami terbantu,68.1,56,85,34,sedang,Kondisi biofisik relatif mendukung pemulihan vegetasi.,mangrove-priority-2016-2025-v0.1
342,31,MPR-86055A82C3,Seberang Pulau Kijang,Reteh,Indragiri Hilir,0.23,P2,Regenerasi alami terbantu,68.1,56,85,34,sedang,Kondisi biofisik relatif mendukung pemulihan vegetasi.,mangrove-priority-2016-2025-v0.1
343,53,MPR-B575328C8B,Kuala Patah Parang,Sungai Batang,Indragiri Hilir,0.23,P2,Regenerasi alami terbantu,68.1,56,85,34,tinggi,Kondisi biofisik relatif mendukung pemulihan vegetasi.,mangrove-priority-2016-2025-v0.1
344,32,MPR-AC7CE75485,Seberang Pulau Kijang,Reteh,Indragiri Hilir,0.227,P2,Regenerasi alami terbantu,68.1,56,85,34,sedang,Kondisi biofisik relatif mendukung pemulihan vegetasi.,mangrove-priority-2016-2025-v0.1
345,33,MPR-9FAD8B628E,Seberang Pulau Kijang,Reteh,Indragiri Hilir,0.22,P2,Regenerasi alami terbantu,68.1,56,85,34,sedang,Kondisi biofisik relatif mendukung pemulihan vegetasi.,mangrove-priority-2016-2025-v0.1
346,34,MPR-D897429F2A,Seberang Pulau Kijang,Reteh,Indragiri Hilir,0.21,P2,Regenerasi alami terbantu,68.1,56,85,34,sedang,Kondisi biofisik relatif mendukung pemulihan vegetasi.,mangrove-priority-2016-2025-v0.1
347,35,MPR-0736FE8B68,Seberang Pulau Kijang,Reteh,Indragiri Hilir,0.2,P2,Regenerasi alami terbantu,68.1,56,85,34,sedang,Kondisi biofisik relatif mendukung pemulihan vegetasi.,mangrove-priority-2016-2025-v0.1
348,54,MPR-838FF7D804,Kuala Patah Parang,Sungai Batang,Indragiri Hilir,0.2,P2,Regenerasi alami terbantu,68.1,56,85,34,tinggi,Kondisi biofisik relatif mendukung pemulihan vegetasi.,mangrove-priority-2016-2025-v0.1
349,36,MPR-EEFA5E9FF7,Seberang Pulau Kijang,Reteh,Indragiri Hilir,0.2,P2,Regenerasi alami terbantu,68.1,56,85,34,sedang,Kondisi biofisik relatif mendukung pemulihan vegetasi.,mangrove-priority-2016-2025-v0.1
350,37,MPR-FA23C50839,Seberang Pulau Kijang,Reteh,Indragiri Hilir,0.2,P2,Regenerasi alami terbantu,68.1,56,85,34,sedang,Kondisi biofisik relatif mendukung pemulihan vegetasi.,mangrove-priority-2016-2025-v0.1
351,55,MPR-049989CE64,Kuala Patah Parang,Sungai Batang,Indragiri Hilir,0.19,P2,Regenerasi alami terbantu,68.1,56,85,34,tinggi,Kondisi biofisik relatif mendukung pemulihan vegetasi.,mangrove-priority-2016-2025-v0.1
352,38,MPR-58819DE315,Seberang Pulau Kijang,Reteh,Indragiri Hilir,0.19,P2,Regenerasi alami terbantu,68.1,56,85,34,sedang,Kondisi biofisik relatif mendukung pemulihan vegetasi.,mangrove-priority-2016-2025-v0.1
353,56,MPR-D1AE701BD2,Kuala Patah Parang,Sungai Batang,Indragiri Hilir,0.19,P2,Regenerasi alami terbantu,68.1,56,85,34,tinggi,Kondisi biofisik relatif mendukung pemulihan vegetasi.,mangrove-priority-2016-2025-v0.1
354,39,MPR-7F9C655B1D,Seberang Pulau Kijang,Reteh,Indragiri Hilir,0.18,P2,Regenerasi alami terbantu,68.1,56,85,34,sedang,Kondisi biofisik relatif mendukung pemulihan vegetasi.,mangrove-priority-2016-2025-v0.1
355,40,MPR-F1D4D2004D,Seberang Pulau Kijang,Reteh,Indragiri Hilir,0.18,P2,Regenerasi alami terbantu,68.1,56,85,34,sedang,Kondisi biofisik relatif mendukung pemulihan vegetasi.,mangrove-priority-2016-2025-v0.1
356,41,MPR-DE7427AD0E,Seberang Pulau Kijang,Reteh,Indragiri Hilir,0.176,P2,Regenerasi alami terbantu,68.1,56,85,34,sedang,Kondisi biofisik relatif mendukung pemulihan vegetasi.,mangrove-priority-2016-2025-v0.1
357,42,MPR-4B9C751128,Seberang Pulau Kijang,Reteh,Indragiri Hilir,0.17,P2,Regenerasi alami terbantu,68.1,56,85,34,sedang,Kondisi biofisik relatif mendukung pemulihan vegetasi.,mangrove-priority-2016-2025-v0.1
358,43,MPR-B90DC0EE12,Seberang Pulau Kijang,Reteh,Indragiri Hilir,0.17,P2,Regenerasi alami terbantu,68.1,56,85,34,sedang,Kondisi biofisik relatif mendukung pemulihan vegetasi.,mangrove-priority-2016-2025-v0.1
359,44,MPR-7703318739,Seberang Pulau Kijang,Reteh,Indragiri Hilir,0.162,P2,Regenerasi alami terbantu,68.1,56,85,34,sedang,Kondisi biofisik relatif mendukung pemulihan vegetasi.,mangrove-priority-2016-2025-v0.1
360,45,MPR-0A641EFFEE,Seberang Pulau Kijang,Reteh,Indragiri Hilir,0.16,P2,Regenerasi alami terbantu,68.1,56,85,34,sedang,Kondisi biofisik relatif mendukung pemulihan vegetasi.,mangrove-priority-2016-2025-v0.1
361,46,MPR-7430FA480A,Seberang Pulau Kijang,Reteh,Indragiri Hilir,0.158,P2,Regenerasi alami terbantu,68.1,56,85,34,sedang,Kondisi biofisik relatif mendukung pemulihan vegetasi.,mangrove-priority-2016-2025-v0.1
362,47,MPR-6A4FB54B85,Seberang Pulau Kijang,Reteh,Indragiri Hilir,0.15,P2,Regenerasi alami terbantu,68.1,56,85,34,sedang,Kondisi biofisik relatif mendukung pemulihan vegetasi.,mangrove-priority-2016-2025-v0.1
363,48,MPR-B36FC97416,Seberang Pulau Kijang,Reteh,Indragiri Hilir,0.15,P2,Regenerasi alami terbantu,68.1,56,85,34,sedang,Kondisi biofisik relatif mendukung pemulihan vegetasi.,mangrove-priority-2016-2025-v0.1
364,49,MPR-971C4EC33E,Seberang Pulau Kijang,Reteh,Indragiri Hilir,0.14,P2,Regenerasi alami terbantu,68.1,56,85,34,sedang,Kondisi biofisik relatif mendukung pemulihan vegetasi.,mangrove-priority-2016-2025-v0.1
365,50,MPR-CE86DF2D4D,Seberang Pulau Kijang,Reteh,Indragiri Hilir,0.14,P2,Regenerasi alami terbantu,68.1,56,85,34,sedang,Kondisi biofisik relatif mendukung pemulihan vegetasi.,mangrove-priority-2016-2025-v0.1
366,51,MPR-64BB10D6E0,Seberang Pulau Kijang,Reteh,Indragiri Hilir,0.13,P2,Regenerasi alami terbantu,68.1,56,85,34,sedang,Kondisi biofisik relatif mendukung pemulihan vegetasi.,mangrove-priority-2016-2025-v0.1
367,52,MPR-C2192641E2,Seberang Pulau Kijang,Reteh,Indragiri Hilir,0.12,P2,Regenerasi alami terbantu,68.1,56,85,34,sedang,Kondisi biofisik relatif mendukung pemulihan vegetasi.,mangrove-priority-2016-2025-v0.1
368,53,MPR-29CF9F2FAC,Seberang Pulau Kijang,Reteh,Indragiri Hilir,0.118,P2,Regenerasi alami terbantu,68.1,56,85,34,sedang,Kondisi biofisik relatif mendukung pemulihan vegetasi.,mangrove-priority-2016-2025-v0.1
369,54,MPR-34F117E4FC,Seberang Pulau Kijang,Reteh,Indragiri Hilir,0.11,P2,Regenerasi alami terbantu,68.1,56,85,34,sedang,Kondisi biofisik relatif mendukung pemulihan vegetasi.,mangrove-priority-2016-2025-v0.1
370,55,MPR-024B812EBD,Seberang Pulau Kijang,Reteh,Indragiri Hilir,0.1,P2,Regenerasi alami terbantu,68.1,56,85,34,sedang,Kondisi biofisik relatif mendukung pemulihan vegetasi.,mangrove-priority-2016-2025-v0.1
371,56,MPR-DCCADBB40D,Seberang Pulau Kijang,Reteh,Indragiri Hilir,1.63,P2,Regenerasi alami terbantu,68.0,58,83,36,sedang,Kondisi biofisik relatif mendukung pemulihan vegetasi.,mangrove-priority-2016-2025-v0.1
372,57,MPR-8BED392332,Kuala Patah Parang,Sungai Batang,Indragiri Hilir,1.05,P2,Regenerasi alami terbantu,68.0,57,84,35,tinggi,Kondisi biofisik relatif mendukung pemulihan vegetasi.,mangrove-priority-2016-2025-v0.1
373,58,MPR-24487A5FBB,Kuala Patah Parang,Sungai Batang,Indragiri Hilir,0.89,P2,Regenerasi alami terbantu,68.0,57,84,35,tinggi,Kondisi biofisik relatif mendukung pemulihan vegetasi.,mangrove-priority-2016-2025-v0.1
374,22,MPR-296694AA24,Perigi Raja,Kuala Indragiri,Indragiri Hilir,0.323,P2,Regenerasi alami terbantu,68.0,53,85,28,tinggi,Kondisi biofisik relatif mendukung pemulihan vegetasi.,mangrove-priority-2016-2025-v0.1
375,22,MPR-0C8BFBC02C,Teluknibung,Pulau Burung,Indragiri Hilir,4.15,P2,Regenerasi alami terbantu,67.9,64,79,43,tinggi,Kondisi biofisik relatif mendukung pemulihan vegetasi.,mangrove-priority-2016-2025-v0.1
376,23,MPR-2195B4B5A0,Perigi Raja,Kuala Indragiri,Indragiri Hilir,1.065,P2,Regenerasi alami terbantu,67.9,54,84,29,tinggi,Kondisi biofisik relatif mendukung pemulihan vegetasi.,mangrove-priority-2016-2025-v0.1
377,1,MPR-B98AE03663,Pulaucawan,Mandah,Indragiri Hilir,0.46,P2,Regenerasi alami terbantu,67.9,58,84,38,tinggi,Kondisi biofisik relatif mendukung pemulihan vegetasi.,mangrove-priority-2016-2025-v0.1
378,2,MPR-A997A2E7A9,Pulaucawan,Mandah,Indragiri Hilir,0.44,P2,Regenerasi alami terbantu,67.9,58,84,38,tinggi,Kondisi biofisik relatif mendukung pemulihan vegetasi.,mangrove-priority-2016-2025-v0.1
379,1,MPR-32FE1280BD,Metro,Reteh,Indragiri Hilir,0.628,P2,Regenerasi alami terbantu,67.8,53,84,27,tinggi,Kondisi biofisik relatif mendukung pemulihan vegetasi.,mangrove-priority-2016-2025-v0.1
380,2,MPR-FA284C911E,Metro,Reteh,Indragiri Hilir,0.484,P2,Regenerasi alami terbantu,67.8,53,84,27,tinggi,Kondisi biofisik relatif mendukung pemulihan vegetasi.,mangrove-priority-2016-2025-v0.1
381,3,MPR-FFE03719C2,Metro,Reteh,Indragiri Hilir,0.45,P2,Regenerasi alami terbantu,67.8,53,84,27,tinggi,Kondisi biofisik relatif mendukung pemulihan vegetasi.,mangrove-priority-2016-2025-v0.1
382,41,MPR-0F4D33D583,Pulauruku,Reteh,Indragiri Hilir,0.4,U,Data belum memadai,67.8,57,84,36,rendah,Keyakinan data rendah.,mangrove-priority-2016-2025-v0.1
383,42,MPR-5A1A7AA19F,Pulauruku,Reteh,Indragiri Hilir,0.4,U,Data belum memadai,67.8,57,84,36,rendah,Keyakinan data rendah.,mangrove-priority-2016-2025-v0.1
384,43,MPR-6E2EF11819,Pulauruku,Reteh,Indragiri Hilir,0.39,U,Data belum memadai,67.8,57,84,36,rendah,Keyakinan data rendah.,mangrove-priority-2016-2025-v0.1
385,57,MPR-7D0187E2EA,Seberang Pulau Kijang,Reteh,Indragiri Hilir,0.39,P2,Regenerasi alami terbantu,67.8,56,84,34,sedang,Kondisi biofisik relatif mendukung pemulihan vegetasi.,mangrove-priority-2016-2025-v0.1
386,58,MPR-4564DF606F,Seberang Pulau Kijang,Reteh,Indragiri Hilir,0.38,P2,Regenerasi alami terbantu,67.8,56,84,34,sedang,Kondisi biofisik relatif mendukung pemulihan vegetasi.,mangrove-priority-2016-2025-v0.1
387,59,MPR-9413441CEA,Kuala Patah Parang,Sungai Batang,Indragiri Hilir,0.37,P2,Regenerasi alami terbantu,67.8,56,84,34,tinggi,Kondisi biofisik relatif mendukung pemulihan vegetasi.,mangrove-priority-2016-2025-v0.1
388,60,MPR-4B04F185FA,Kuala Patah Parang,Sungai Batang,Indragiri Hilir,0.36,P2,Regenerasi alami terbantu,67.8,56,84,34,tinggi,Kondisi biofisik relatif mendukung pemulihan vegetasi.,mangrove-priority-2016-2025-v0.1
389,61,MPR-A1423BADC8,Kuala Patah Parang,Sungai Batang,Indragiri Hilir,0.36,P2,Regenerasi alami terbantu,67.8,56,84,34,tinggi,Kondisi biofisik relatif mendukung pemulihan vegetasi.,mangrove-priority-2016-2025-v0.1
390,62,MPR-CC7B7EA2B8,Kuala Patah Parang,Sungai Batang,Indragiri Hilir,0.36,P2,Regenerasi alami terbantu,67.8,56,84,34,tinggi,Kondisi biofisik relatif mendukung pemulihan vegetasi.,mangrove-priority-2016-2025-v0.1
391,1,MPR-8B98E661F2,Air Tawar,Kateman,Indragiri Hilir,0.33,P2,Regenerasi alami terbantu,67.8,52,85,27,tinggi,Kondisi biofisik relatif mendukung pemulihan vegetasi.,mangrove-priority-2016-2025-v0.1
392,4,MPR-D67A1AB957,Metro,Reteh,Indragiri Hilir,0.313,P2,Regenerasi alami terbantu,67.8,52,85,27,tinggi,Kondisi biofisik relatif mendukung pemulihan vegetasi.,mangrove-priority-2016-2025-v0.1
393,5,MPR-44888D65E1,Metro,Reteh,Indragiri Hilir,0.31,P2,Regenerasi alami terbantu,67.8,52,85,27,tinggi,Kondisi biofisik relatif mendukung pemulihan vegetasi.,mangrove-priority-2016-2025-v0.1
394,3,MPR-75BA0B2340,Pulaucawan,Mandah,Indragiri Hilir,0.31,P2,Regenerasi alami terbantu,67.8,57,85,38,tinggi,Kondisi biofisik relatif mendukung pemulihan vegetasi.,mangrove-priority-2016-2025-v0.1
395,4,MPR-0EC71C4C6C,Pulaucawan,Mandah,Indragiri Hilir,0.3,P2,Regenerasi alami terbantu,67.8,57,85,38,tinggi,Kondisi biofisik relatif mendukung pemulihan vegetasi.,mangrove-priority-2016-2025-v0.1
396,5,MPR-2DDBFACFD4,Pulaucawan,Mandah,Indragiri Hilir,0.28,P2,Regenerasi alami terbantu,67.8,57,85,38,tinggi,Kondisi biofisik relatif mendukung pemulihan vegetasi.,mangrove-priority-2016-2025-v0.1
397,6,MPR-B07FE816CC,Metro,Reteh,Indragiri Hilir,0.28,P2,Regenerasi alami terbantu,67.8,52,85,27,tinggi,Kondisi biofisik relatif mendukung pemulihan vegetasi.,mangrove-priority-2016-2025-v0.1
398,6,MPR-2D5366912D,Pulaucawan,Mandah,Indragiri Hilir,0.23,P2,Regenerasi alami terbantu,67.8,57,85,38,tinggi,Kondisi biofisik relatif mendukung pemulihan vegetasi.,mangrove-priority-2016-2025-v0.1
399,7,MPR-CD6E028CDE,Pulaucawan,Mandah,Indragiri Hilir,0.22,P2,Regenerasi alami terbantu,67.8,57,85,38,tinggi,Kondisi biofisik relatif mendukung pemulihan vegetasi.,mangrove-priority-2016-2025-v0.1
400,8,MPR-55B87D32C9,Pulaucawan,Mandah,Indragiri Hilir,0.219,P2,Regenerasi alami terbantu,67.8,57,85,38,tinggi,Kondisi biofisik relatif mendukung pemulihan vegetasi.,mangrove-priority-2016-2025-v0.1
401,9,MPR-B46349791A,Pulaucawan,Mandah,Indragiri Hilir,0.21,P2,Regenerasi alami terbantu,67.8,57,85,38,tinggi,Kondisi biofisik relatif mendukung pemulihan vegetasi.,mangrove-priority-2016-2025-v0.1
402,10,MPR-31E8BBA7BC,Pulaucawan,Mandah,Indragiri Hilir,0.2,P2,Regenerasi alami terbantu,67.8,57,85,38,tinggi,Kondisi biofisik relatif mendukung pemulihan vegetasi.,mangrove-priority-2016-2025-v0.1
403,2,MPR-F642FBA2BE,Air Tawar,Kateman,Indragiri Hilir,0.197,P2,Regenerasi alami terbantu,67.8,52,85,27,tinggi,Kondisi biofisik relatif mendukung pemulihan vegetasi.,mangrove-priority-2016-2025-v0.1
404,11,MPR-2AC923C165,Pulaucawan,Mandah,Indragiri Hilir,0.19,P2,Regenerasi alami terbantu,67.8,57,85,38,tinggi,Kondisi biofisik relatif mendukung pemulihan vegetasi.,mangrove-priority-2016-2025-v0.1
405,12,MPR-3C20F0F4F7,Pulaucawan,Mandah,Indragiri Hilir,0.19,P2,Regenerasi alami terbantu,67.8,57,85,38,tinggi,Kondisi biofisik relatif mendukung pemulihan vegetasi.,mangrove-priority-2016-2025-v0.1
406,13,MPR-68097793DB,Pulaucawan,Mandah,Indragiri Hilir,0.19,P2,Regenerasi alami terbantu,67.8,57,85,38,tinggi,Kondisi biofisik relatif mendukung pemulihan vegetasi.,mangrove-priority-2016-2025-v0.1
407,7,MPR-AE96AF9DD6,Metro,Reteh,Indragiri Hilir,0.19,P2,Regenerasi alami terbantu,67.8,52,85,27,tinggi,Kondisi biofisik relatif mendukung pemulihan vegetasi.,mangrove-priority-2016-2025-v0.1
408,14,MPR-C7506D4E12,Pulaucawan,Mandah,Indragiri Hilir,0.19,P2,Regenerasi alami terbantu,67.8,57,85,38,tinggi,Kondisi biofisik relatif mendukung pemulihan vegetasi.,mangrove-priority-2016-2025-v0.1
409,8,MPR-DA5299062C,Metro,Reteh,Indragiri Hilir,0.19,P2,Regenerasi alami terbantu,67.8,52,85,27,tinggi,Kondisi biofisik relatif mendukung pemulihan vegetasi.,mangrove-priority-2016-2025-v0.1
410,15,MPR-6A0099C65A,Pulaucawan,Mandah,Indragiri Hilir,0.18,P2,Regenerasi alami terbantu,67.8,57,85,38,tinggi,Kondisi biofisik relatif mendukung pemulihan vegetasi.,mangrove-priority-2016-2025-v0.1
411,16,MPR-CCE6181E21,Pulaucawan,Mandah,Indragiri Hilir,0.18,P2,Regenerasi alami terbantu,67.8,57,85,38,tinggi,Kondisi biofisik relatif mendukung pemulihan vegetasi.,mangrove-priority-2016-2025-v0.1
412,17,MPR-690A2E9E43,Pulaucawan,Mandah,Indragiri Hilir,0.17,P2,Regenerasi alami terbantu,67.8,57,85,38,tinggi,Kondisi biofisik relatif mendukung pemulihan vegetasi.,mangrove-priority-2016-2025-v0.1
413,3,MPR-0266D447AA,Air Tawar,Kateman,Indragiri Hilir,0.16,P2,Regenerasi alami terbantu,67.8,52,85,27,tinggi,Kondisi biofisik relatif mendukung pemulihan vegetasi.,mangrove-priority-2016-2025-v0.1
414,18,MPR-1E22ACCC06,Pulaucawan,Mandah,Indragiri Hilir,0.16,P2,Regenerasi alami terbantu,67.8,57,85,38,tinggi,Kondisi biofisik relatif mendukung pemulihan vegetasi.,mangrove-priority-2016-2025-v0.1
415,9,MPR-BE47606E3B,Metro,Reteh,Indragiri Hilir,0.16,P2,Regenerasi alami terbantu,67.8,52,85,27,tinggi,Kondisi biofisik relatif mendukung pemulihan vegetasi.,mangrove-priority-2016-2025-v0.1
416,4,MPR-318BBCCE68,Air Tawar,Kateman,Indragiri Hilir,0.15,P2,Regenerasi alami terbantu,67.8,52,85,27,tinggi,Kondisi biofisik relatif mendukung pemulihan vegetasi.,mangrove-priority-2016-2025-v0.1
417,19,MPR-C9C4BF842E,Pulaucawan,Mandah,Indragiri Hilir,0.15,P2,Regenerasi alami terbantu,67.8,57,85,38,tinggi,Kondisi biofisik relatif mendukung pemulihan vegetasi.,mangrove-priority-2016-2025-v0.1
418,20,MPR-0977B7F775,Pulaucawan,Mandah,Indragiri Hilir,0.14,P2,Regenerasi alami terbantu,67.8,57,85,38,tinggi,Kondisi biofisik relatif mendukung pemulihan vegetasi.,mangrove-priority-2016-2025-v0.1
419,21,MPR-5CCFE988D8,Pulaucawan,Mandah,Indragiri Hilir,0.14,P2,Regenerasi alami terbantu,67.8,57,85,38,tinggi,Kondisi biofisik relatif mendukung pemulihan vegetasi.,mangrove-priority-2016-2025-v0.1
420,22,MPR-67033FE981,Pulaucawan,Mandah,Indragiri Hilir,0.14,P2,Regenerasi alami terbantu,67.8,57,85,38,tinggi,Kondisi biofisik relatif mendukung pemulihan vegetasi.,mangrove-priority-2016-2025-v0.1
421,10,MPR-83CFF423C2,Metro,Reteh,Indragiri Hilir,0.14,P2,Regenerasi alami terbantu,67.8,52,85,27,tinggi,Kondisi biofisik relatif mendukung pemulihan vegetasi.,mangrove-priority-2016-2025-v0.1
422,23,MPR-8E5A74CF0C,Pulaucawan,Mandah,Indragiri Hilir,0.14,P2,Regenerasi alami terbantu,67.8,57,85,38,tinggi,Kondisi biofisik relatif mendukung pemulihan vegetasi.,mangrove-priority-2016-2025-v0.1
423,24,MPR-B5CC2A5E11,Pulaucawan,Mandah,Indragiri Hilir,0.14,P2,Regenerasi alami terbantu,67.8,57,85,38,tinggi,Kondisi biofisik relatif mendukung pemulihan vegetasi.,mangrove-priority-2016-2025-v0.1
424,25,MPR-EA03DEE1EC,Pulaucawan,Mandah,Indragiri Hilir,0.14,P2,Regenerasi alami terbantu,67.8,57,85,38,tinggi,Kondisi biofisik relatif mendukung pemulihan vegetasi.,mangrove-priority-2016-2025-v0.1
425,11,MPR-5009C4F757,Metro,Reteh,Indragiri Hilir,0.13,P2,Regenerasi alami terbantu,67.8,52,85,27,tinggi,Kondisi biofisik relatif mendukung pemulihan vegetasi.,mangrove-priority-2016-2025-v0.1
426,12,MPR-91BC6C9BFA,Metro,Reteh,Indragiri Hilir,0.13,P2,Regenerasi alami terbantu,67.8,52,85,27,tinggi,Kondisi biofisik relatif mendukung pemulihan vegetasi.,mangrove-priority-2016-2025-v0.1
427,13,MPR-C1DFF70165,Metro,Reteh,Indragiri Hilir,0.13,P2,Regenerasi alami terbantu,67.8,52,85,27,tinggi,Kondisi biofisik relatif mendukung pemulihan vegetasi.,mangrove-priority-2016-2025-v0.1
428,26,MPR-270DEB9B55,Pulaucawan,Mandah,Indragiri Hilir,0.12,P2,Regenerasi alami terbantu,67.8,57,85,38,tinggi,Kondisi biofisik relatif mendukung pemulihan vegetasi.,mangrove-priority-2016-2025-v0.1
429,5,MPR-5D3E4490DF,Air Tawar,Kateman,Indragiri Hilir,0.12,P2,Regenerasi alami terbantu,67.8,52,85,27,tinggi,Kondisi biofisik relatif mendukung pemulihan vegetasi.,mangrove-priority-2016-2025-v0.1
430,14,MPR-85704F28E2,Metro,Reteh,Indragiri Hilir,0.12,P2,Regenerasi alami terbantu,67.8,52,85,27,tinggi,Kondisi biofisik relatif mendukung pemulihan vegetasi.,mangrove-priority-2016-2025-v0.1
431,15,MPR-C412094879,Metro,Reteh,Indragiri Hilir,0.12,P2,Regenerasi alami terbantu,67.8,52,85,27,tinggi,Kondisi biofisik relatif mendukung pemulihan vegetasi.,mangrove-priority-2016-2025-v0.1
432,27,MPR-E4DA20A3EF,Pulaucawan,Mandah,Indragiri Hilir,0.12,P2,Regenerasi alami terbantu,67.8,57,85,38,tinggi,Kondisi biofisik relatif mendukung pemulihan vegetasi.,mangrove-priority-2016-2025-v0.1
433,28,MPR-E6ACA8243D,Pulaucawan,Mandah,Indragiri Hilir,0.12,P2,Regenerasi alami terbantu,67.8,57,85,38,tinggi,Kondisi biofisik relatif mendukung pemulihan vegetasi.,mangrove-priority-2016-2025-v0.1
434,16,MPR-122EB87998,Metro,Reteh,Indragiri Hilir,0.11,P2,Regenerasi alami terbantu,67.8,52,85,27,tinggi,Kondisi biofisik relatif mendukung pemulihan vegetasi.,mangrove-priority-2016-2025-v0.1
435,29,MPR-208E66E367,Pulaucawan,Mandah,Indragiri Hilir,0.11,P2,Regenerasi alami terbantu,67.8,57,85,38,tinggi,Kondisi biofisik relatif mendukung pemulihan vegetasi.,mangrove-priority-2016-2025-v0.1
436,30,MPR-33933BE706,Pulaucawan,Mandah,Indragiri Hilir,0.11,P2,Regenerasi alami terbantu,67.8,57,85,38,tinggi,Kondisi biofisik relatif mendukung pemulihan vegetasi.,mangrove-priority-2016-2025-v0.1
437,31,MPR-3BC0C474ED,Pulaucawan,Mandah,Indragiri Hilir,0.11,P2,Regenerasi alami terbantu,67.8,57,85,38,tinggi,Kondisi biofisik relatif mendukung pemulihan vegetasi.,mangrove-priority-2016-2025-v0.1
438,6,MPR-41DF9484DC,Air Tawar,Kateman,Indragiri Hilir,0.11,P2,Regenerasi alami terbantu,67.8,52,85,27,tinggi,Kondisi biofisik relatif mendukung pemulihan vegetasi.,mangrove-priority-2016-2025-v0.1
439,32,MPR-68F5E89CA0,Pulaucawan,Mandah,Indragiri Hilir,0.11,P2,Regenerasi alami terbantu,67.8,57,85,38,tinggi,Kondisi biofisik relatif mendukung pemulihan vegetasi.,mangrove-priority-2016-2025-v0.1
440,33,MPR-6FE19465A3,Pulaucawan,Mandah,Indragiri Hilir,0.11,P2,Regenerasi alami terbantu,67.8,57,85,38,tinggi,Kondisi biofisik relatif mendukung pemulihan vegetasi.,mangrove-priority-2016-2025-v0.1
441,34,MPR-BD0ECACE36,Pulaucawan,Mandah,Indragiri Hilir,0.11,P2,Regenerasi alami terbantu,67.8,57,85,38,tinggi,Kondisi biofisik relatif mendukung pemulihan vegetasi.,mangrove-priority-2016-2025-v0.1
442,17,MPR-C13CA3F73E,Metro,Reteh,Indragiri Hilir,0.11,P2,Regenerasi alami terbantu,67.8,52,85,27,tinggi,Kondisi biofisik relatif mendukung pemulihan vegetasi.,mangrove-priority-2016-2025-v0.1
443,18,MPR-4B7729D0AB,Metro,Reteh,Indragiri Hilir,0.1,P2,Regenerasi alami terbantu,67.8,52,85,27,tinggi,Kondisi biofisik relatif mendukung pemulihan vegetasi.,mangrove-priority-2016-2025-v0.1
444,19,MPR-51F2652C75,Metro,Reteh,Indragiri Hilir,0.1,P2,Regenerasi alami terbantu,67.8,52,85,27,tinggi,Kondisi biofisik relatif mendukung pemulihan vegetasi.,mangrove-priority-2016-2025-v0.1
445,35,MPR-70A23752B9,Pulaucawan,Mandah,Indragiri Hilir,0.1,P2,Regenerasi alami terbantu,67.8,57,85,38,tinggi,Kondisi biofisik relatif mendukung pemulihan vegetasi.,mangrove-priority-2016-2025-v0.1
446,36,MPR-8A96B9450A,Pulaucawan,Mandah,Indragiri Hilir,0.1,P2,Regenerasi alami terbantu,67.8,57,85,38,tinggi,Kondisi biofisik relatif mendukung pemulihan vegetasi.,mangrove-priority-2016-2025-v0.1
447,7,MPR-8E511CCF05,Air Tawar,Kateman,Indragiri Hilir,0.1,P2,Regenerasi alami terbantu,67.8,52,85,27,tinggi,Kondisi biofisik relatif mendukung pemulihan vegetasi.,mangrove-priority-2016-2025-v0.1
448,37,MPR-94B3979B57,Pulaucawan,Mandah,Indragiri Hilir,0.1,P2,Regenerasi alami terbantu,67.8,57,85,38,tinggi,Kondisi biofisik relatif mendukung pemulihan vegetasi.,mangrove-priority-2016-2025-v0.1
449,38,MPR-9B1345D9B7,Pulaucawan,Mandah,Indragiri Hilir,0.1,P2,Regenerasi alami terbantu,67.8,57,85,38,tinggi,Kondisi biofisik relatif mendukung pemulihan vegetasi.,mangrove-priority-2016-2025-v0.1
450,39,MPR-A6F2886BC2,Pulaucawan,Mandah,Indragiri Hilir,0.1,P2,Regenerasi alami terbantu,67.8,57,85,38,tinggi,Kondisi biofisik relatif mendukung pemulihan vegetasi.,mangrove-priority-2016-2025-v0.1
451,20,MPR-FD86ABA47D,Metro,Reteh,Indragiri Hilir,0.1,P2,Regenerasi alami terbantu,67.8,52,85,27,tinggi,Kondisi biofisik relatif mendukung pemulihan vegetasi.,mangrove-priority-2016-2025-v0.1
452,21,MPR-E34AD80E49,Metro,Reteh,Indragiri Hilir,0.087,P2,Regenerasi alami terbantu,67.8,52,85,27,tinggi,Kondisi biofisik relatif mendukung pemulihan vegetasi.,mangrove-priority-2016-2025-v0.1
453,40,MPR-0DE14CC273,Pulaucawan,Mandah,Indragiri Hilir,0.08,P2,Regenerasi alami terbantu,67.8,57,85,38,tinggi,Kondisi biofisik relatif mendukung pemulihan vegetasi.,mangrove-priority-2016-2025-v0.1
454,41,MPR-348F449796,Pulaucawan,Mandah,Indragiri Hilir,0.08,P2,Regenerasi alami terbantu,67.8,57,85,38,tinggi,Kondisi biofisik relatif mendukung pemulihan vegetasi.,mangrove-priority-2016-2025-v0.1
455,42,MPR-441FEC8812,Pulaucawan,Mandah,Indragiri Hilir,0.08,P2,Regenerasi alami terbantu,67.8,57,85,38,tinggi,Kondisi biofisik relatif mendukung pemulihan vegetasi.,mangrove-priority-2016-2025-v0.1
456,8,MPR-530D124FF7,Air Tawar,Kateman,Indragiri Hilir,0.08,P2,Regenerasi alami terbantu,67.8,52,85,27,tinggi,Kondisi biofisik relatif mendukung pemulihan vegetasi.,mangrove-priority-2016-2025-v0.1
457,43,MPR-53FCC5492A,Pulaucawan,Mandah,Indragiri Hilir,0.08,P2,Regenerasi alami terbantu,67.8,57,85,38,tinggi,Kondisi biofisik relatif mendukung pemulihan vegetasi.,mangrove-priority-2016-2025-v0.1
458,44,MPR-9233A14621,Pulaucawan,Mandah,Indragiri Hilir,0.08,P2,Regenerasi alami terbantu,67.8,57,85,38,tinggi,Kondisi biofisik relatif mendukung pemulihan vegetasi.,mangrove-priority-2016-2025-v0.1
459,45,MPR-B26C3DD361,Pulaucawan,Mandah,Indragiri Hilir,0.08,P2,Regenerasi alami terbantu,67.8,57,85,38,tinggi,Kondisi biofisik relatif mendukung pemulihan vegetasi.,mangrove-priority-2016-2025-v0.1
460,46,MPR-B2EF516BC6,Pulaucawan,Mandah,Indragiri Hilir,0.08,P2,Regenerasi alami terbantu,67.8,57,85,38,tinggi,Kondisi biofisik relatif mendukung pemulihan vegetasi.,mangrove-priority-2016-2025-v0.1
461,22,MPR-B436355220,Metro,Reteh,Indragiri Hilir,0.08,P2,Regenerasi alami terbantu,67.8,52,85,27,tinggi,Kondisi biofisik relatif mendukung pemulihan vegetasi.,mangrove-priority-2016-2025-v0.1
462,47,MPR-C964AD477D,Pulaucawan,Mandah,Indragiri Hilir,0.08,P2,Regenerasi alami terbantu,67.8,57,85,38,tinggi,Kondisi biofisik relatif mendukung pemulihan vegetasi.,mangrove-priority-2016-2025-v0.1
463,48,MPR-DE67B2B5D6,Pulaucawan,Mandah,Indragiri Hilir,0.08,P2,Regenerasi alami terbantu,67.8,57,85,38,tinggi,Kondisi biofisik relatif mendukung pemulihan vegetasi.,mangrove-priority-2016-2025-v0.1
464,23,MPR-3602DDE239,Metro,Reteh,Indragiri Hilir,0.067,P2,Regenerasi alami terbantu,67.8,52,85,27,tinggi,Kondisi biofisik relatif mendukung pemulihan vegetasi.,mangrove-priority-2016-2025-v0.1
465,9,MPR-0BD96DE053,Air Tawar,Kateman,Indragiri Hilir,0.05,P2,Regenerasi alami terbantu,67.8,52,85,27,tinggi,Kondisi biofisik relatif mendukung pemulihan vegetasi.,mangrove-priority-2016-2025-v0.1
466,49,MPR-2D78A0BCE0,Pulaucawan,Mandah,Indragiri Hilir,0.05,P2,Regenerasi alami terbantu,67.8,57,85,38,tinggi,Kondisi biofisik relatif mendukung pemulihan vegetasi.,mangrove-priority-2016-2025-v0.1
467,50,MPR-468166879F,Pulaucawan,Mandah,Indragiri Hilir,0.05,P2,Regenerasi alami terbantu,67.8,57,85,38,tinggi,Kondisi biofisik relatif mendukung pemulihan vegetasi.,mangrove-priority-2016-2025-v0.1
468,24,MPR-613DCC15E1,Metro,Reteh,Indragiri Hilir,0.05,P2,Regenerasi alami terbantu,67.8,52,85,27,tinggi,Kondisi biofisik relatif mendukung pemulihan vegetasi.,mangrove-priority-2016-2025-v0.1
469,51,MPR-75F3AE777F,Pulaucawan,Mandah,Indragiri Hilir,0.05,X,Tidak direkomendasikan,67.8,57,85,38,tinggi,Area terlalu kecil dan terisolasi untuk diprioritaskan.,mangrove-priority-2016-2025-v0.1
470,52,MPR-80C3F6CD3F,Pulaucawan,Mandah,Indragiri Hilir,0.05,P2,Regenerasi alami terbantu,67.8,57,85,38,tinggi,Kondisi biofisik relatif mendukung pemulihan vegetasi.,mangrove-priority-2016-2025-v0.1
471,53,MPR-842104A889,Pulaucawan,Mandah,Indragiri Hilir,0.05,P2,Regenerasi alami terbantu,67.8,57,85,38,tinggi,Kondisi biofisik relatif mendukung pemulihan vegetasi.,mangrove-priority-2016-2025-v0.1
472,54,MPR-ADBEE9B143,Pulaucawan,Mandah,Indragiri Hilir,0.05,P2,Regenerasi alami terbantu,67.8,57,85,38,tinggi,Kondisi biofisik relatif mendukung pemulihan vegetasi.,mangrove-priority-2016-2025-v0.1
473,25,MPR-BDB37A93FC,Metro,Reteh,Indragiri Hilir,0.05,P2,Regenerasi alami terbantu,67.8,52,85,27,tinggi,Kondisi biofisik relatif mendukung pemulihan vegetasi.,mangrove-priority-2016-2025-v0.1
474,26,MPR-BDEE5B38DE,Metro,Reteh,Indragiri Hilir,0.05,P2,Regenerasi alami terbantu,67.8,52,85,27,tinggi,Kondisi biofisik relatif mendukung pemulihan vegetasi.,mangrove-priority-2016-2025-v0.1
475,55,MPR-E898F9B583,Pulaucawan,Mandah,Indragiri Hilir,0.05,P2,Regenerasi alami terbantu,67.8,57,85,38,tinggi,Kondisi biofisik relatif mendukung pemulihan vegetasi.,mangrove-priority-2016-2025-v0.1
476,56,MPR-F7215A3DA5,Pulaucawan,Mandah,Indragiri Hilir,0.05,X,Tidak direkomendasikan,67.8,57,85,38,tinggi,Area terlalu kecil dan terisolasi untuk diprioritaskan.,mangrove-priority-2016-2025-v0.1
477,57,MPR-F9A5E5CD5F,Pulaucawan,Mandah,Indragiri Hilir,0.05,P2,Regenerasi alami terbantu,67.8,57,85,38,tinggi,Kondisi biofisik relatif mendukung pemulihan vegetasi.,mangrove-priority-2016-2025-v0.1
478,59,MPR-94DF36A964,Seberang Pulau Kijang,Reteh,Indragiri Hilir,1.14,P2,Regenerasi alami terbantu,67.7,57,83,35,sedang,Kondisi biofisik relatif mendukung pemulihan vegetasi.,mangrove-priority-2016-2025-v0.1
479,63,MPR-DE2F1CD5AC,Kuala Patah Parang,Sungai Batang,Indragiri Hilir,1.11,P2,Regenerasi alami terbantu,67.7,57,83,35,tinggi,Kondisi biofisik relatif mendukung pemulihan vegetasi.,mangrove-priority-2016-2025-v0.1
480,58,MPR-B43BE5B141,Pulaucawan,Mandah,Indragiri Hilir,0.957,P2,Regenerasi alami terbantu,67.7,58,84,39,tinggi,Kondisi biofisik relatif mendukung pemulihan vegetasi.,mangrove-priority-2016-2025-v0.1
481,59,MPR-0C804A45BE,Pulaucawan,Mandah,Indragiri Hilir,0.87,P2,Regenerasi alami terbantu,67.7,58,84,39,tinggi,Kondisi biofisik relatif mendukung pemulihan vegetasi.,mangrove-priority-2016-2025-v0.1
482,60,MPR-A50B8F27D4,Pulaucawan,Mandah,Indragiri Hilir,0.78,P2,Regenerasi alami terbantu,67.7,58,84,39,tinggi,Kondisi biofisik relatif mendukung pemulihan vegetasi.,mangrove-priority-2016-2025-v0.1
483,1,MPR-0F905CC2FC,Sungaiundan,Reteh,Indragiri Hilir,0.629,P2,Regenerasi alami terbantu,67.7,57,84,37,sedang,Kondisi biofisik relatif mendukung pemulihan vegetasi.,mangrove-priority-2016-2025-v0.1
484,10,MPR-03F8CD09CD,Air Tawar,Kateman,Indragiri Hilir,0.61,P2,Regenerasi alami terbantu,67.7,53,84,28,tinggi,Kondisi biofisik relatif mendukung pemulihan vegetasi.,mangrove-priority-2016-2025-v0.1
485,61,MPR-65C726A074,Pulaucawan,Mandah,Indragiri Hilir,0.56,P2,Regenerasi alami terbantu,67.7,58,84,39,tinggi,Kondisi biofisik relatif mendukung pemulihan vegetasi.,mangrove-priority-2016-2025-v0.1
486,62,MPR-5B060A5608,Pulaucawan,Mandah,Indragiri Hilir,0.53,P2,Regenerasi alami terbantu,67.7,58,84,39,tinggi,Kondisi biofisik relatif mendukung pemulihan vegetasi.,mangrove-priority-2016-2025-v0.1
487,2,MPR-2CDCCBA793,Sungaiundan,Reteh,Indragiri Hilir,0.48,P2,Regenerasi alami terbantu,67.7,57,84,37,sedang,Kondisi biofisik relatif mendukung pemulihan vegetasi.,mangrove-priority-2016-2025-v0.1
488,3,MPR-08E69FED9C,Sungaiundan,Reteh,Indragiri Hilir,0.44,P2,Regenerasi alami terbantu,67.7,57,84,37,sedang,Kondisi biofisik relatif mendukung pemulihan vegetasi.,mangrove-priority-2016-2025-v0.1
489,4,MPR-C7D10FED7D,Sungaiundan,Reteh,Indragiri Hilir,0.437,P2,Regenerasi alami terbantu,67.7,57,84,37,sedang,Kondisi biofisik relatif mendukung pemulihan vegetasi.,mangrove-priority-2016-2025-v0.1
490,5,MPR-D2811E6CF7,Sungaiundan,Reteh,Indragiri Hilir,0.43,P2,Regenerasi alami terbantu,67.7,57,84,37,sedang,Kondisi biofisik relatif mendukung pemulihan vegetasi.,mangrove-priority-2016-2025-v0.1
491,23,MPR-0596E7EA3E,Teluknibung,Pulau Burung,Indragiri Hilir,5.166,P1,Penanaman aktif,67.5,65,78,45,tinggi,Kebutuhan dan kelayakan relatif tinggi.,mangrove-priority-2016-2025-v0.1
492,27,MPR-9B3F229DF0,Metro,Reteh,Indragiri Hilir,1.516,P2,Regenerasi alami terbantu,67.5,54,83,29,tinggi,Kondisi biofisik relatif mendukung pemulihan vegetasi.,mangrove-priority-2016-2025-v0.1
493,6,MPR-23BC6539CE,Sungaiundan,Reteh,Indragiri Hilir,1.06,P2,Regenerasi alami terbantu,67.5,57,84,38,sedang,Kondisi biofisik relatif mendukung pemulihan vegetasi.,mangrove-priority-2016-2025-v0.1
494,7,MPR-76FDFADC59,Sungaiundan,Reteh,Indragiri Hilir,0.93,P2,Regenerasi alami terbantu,67.5,57,84,38,sedang,Kondisi biofisik relatif mendukung pemulihan vegetasi.,mangrove-priority-2016-2025-v0.1
495,8,MPR-D453B2E85A,Sungaiundan,Reteh,Indragiri Hilir,0.924,P2,Regenerasi alami terbantu,67.5,57,84,38,sedang,Kondisi biofisik relatif mendukung pemulihan vegetasi.,mangrove-priority-2016-2025-v0.1
496,9,MPR-962C119831,Sungaiundan,Reteh,Indragiri Hilir,0.92,P2,Regenerasi alami terbantu,67.5,57,84,38,sedang,Kondisi biofisik relatif mendukung pemulihan vegetasi.,mangrove-priority-2016-2025-v0.1
497,10,MPR-66E898F6DF,Sungaiundan,Reteh,Indragiri Hilir,0.86,P2,Regenerasi alami terbantu,67.5,57,84,38,sedang,Kondisi biofisik relatif mendukung pemulihan vegetasi.,mangrove-priority-2016-2025-v0.1
498,11,MPR-16A088B0DB,Sungaiundan,Reteh,Indragiri Hilir,0.75,P2,Regenerasi alami terbantu,67.5,57,84,38,sedang,Kondisi biofisik relatif mendukung pemulihan vegetasi.,mangrove-priority-2016-2025-v0.1
499,63,MPR-0443060437,Pulaucawan,Mandah,Indragiri Hilir,0.36,P2,Regenerasi alami terbantu,67.5,57,84,38,tinggi,Kondisi biofisik relatif mendukung pemulihan vegetasi.,mangrove-priority-2016-2025-v0.1
500,12,MPR-7DF8A10648,Sungaiundan,Reteh,Indragiri Hilir,0.35,P2,Regenerasi alami terbantu,67.5,56,85,37,sedang,Kondisi biofisik relatif mendukung pemulihan vegetasi.,mangrove-priority-2016-2025-v0.1
501,13,MPR-C7917D345D,Sungaiundan,Reteh,Indragiri Hilir,0.32,P2,Regenerasi alami terbantu,67.5,56,85,37,sedang,Kondisi biofisik relatif mendukung pemulihan vegetasi.,mangrove-priority-2016-2025-v0.1
502,14,MPR-00B5B2DA0F,Sungaiundan,Reteh,Indragiri Hilir,0.29,P2,Regenerasi alami terbantu,67.5,56,85,37,sedang,Kondisi biofisik relatif mendukung pemulihan vegetasi.,mangrove-priority-2016-2025-v0.1
503,15,MPR-602FF7FC09,Sungaiundan,Reteh,Indragiri Hilir,0.29,P2,Regenerasi alami terbantu,67.5,56,85,37,sedang,Kondisi biofisik relatif mendukung pemulihan vegetasi.,mangrove-priority-2016-2025-v0.1
504,16,MPR-914C7D31D8,Sungaiundan,Reteh,Indragiri Hilir,0.29,P2,Regenerasi alami terbantu,67.5,56,85,37,sedang,Kondisi biofisik relatif mendukung pemulihan vegetasi.,mangrove-priority-2016-2025-v0.1
505,17,MPR-4C91ABBB79,Sungaiundan,Reteh,Indragiri Hilir,0.26,P2,Regenerasi alami terbantu,67.5,56,85,37,sedang,Kondisi biofisik relatif mendukung pemulihan vegetasi.,mangrove-priority-2016-2025-v0.1
506,18,MPR-CC562FA741,Sungaiundan,Reteh,Indragiri Hilir,0.233,P2,Regenerasi alami terbantu,67.5,56,85,37,sedang,Kondisi biofisik relatif mendukung pemulihan vegetasi.,mangrove-priority-2016-2025-v0.1
507,19,MPR-2060CAD710,Sungaiundan,Reteh,Indragiri Hilir,0.22,P2,Regenerasi alami terbantu,67.5,56,85,37,sedang,Kondisi biofisik relatif mendukung pemulihan vegetasi.,mangrove-priority-2016-2025-v0.1
508,20,MPR-D370528176,Sungaiundan,Reteh,Indragiri Hilir,0.2,P2,Regenerasi alami terbantu,67.5,56,85,37,sedang,Kondisi biofisik relatif mendukung pemulihan vegetasi.,mangrove-priority-2016-2025-v0.1
509,21,MPR-793D9930C1,Sungaiundan,Reteh,Indragiri Hilir,0.19,P2,Regenerasi alami terbantu,67.5,56,85,37,sedang,Kondisi biofisik relatif mendukung pemulihan vegetasi.,mangrove-priority-2016-2025-v0.1
510,22,MPR-DB58BDB145,Sungaiundan,Reteh,Indragiri Hilir,0.19,P2,Regenerasi alami terbantu,67.5,56,85,37,sedang,Kondisi biofisik relatif mendukung pemulihan vegetasi.,mangrove-priority-2016-2025-v0.1
511,23,MPR-25CEF8D85C,Sungaiundan,Reteh,Indragiri Hilir,0.17,P2,Regenerasi alami terbantu,67.5,56,85,37,sedang,Kondisi biofisik relatif mendukung pemulihan vegetasi.,mangrove-priority-2016-2025-v0.1
512,24,MPR-4614381B0D,Sungaiundan,Reteh,Indragiri Hilir,0.17,P2,Regenerasi alami terbantu,67.5,56,85,37,sedang,Kondisi biofisik relatif mendukung pemulihan vegetasi.,mangrove-priority-2016-2025-v0.1
513,25,MPR-75D0B95DBF,Sungaiundan,Reteh,Indragiri Hilir,0.17,P2,Regenerasi alami terbantu,67.5,56,85,37,sedang,Kondisi biofisik relatif mendukung pemulihan vegetasi.,mangrove-priority-2016-2025-v0.1
514,26,MPR-AB3F31AD6E,Sungaiundan,Reteh,Indragiri Hilir,0.17,P2,Regenerasi alami terbantu,67.5,56,85,37,sedang,Kondisi biofisik relatif mendukung pemulihan vegetasi.,mangrove-priority-2016-2025-v0.1
515,27,MPR-DB904E1BF7,Sungaiundan,Reteh,Indragiri Hilir,0.17,P2,Regenerasi alami terbantu,67.5,56,85,37,sedang,Kondisi biofisik relatif mendukung pemulihan vegetasi.,mangrove-priority-2016-2025-v0.1
516,28,MPR-2F465017F0,Sungaiundan,Reteh,Indragiri Hilir,0.16,P2,Regenerasi alami terbantu,67.5,56,85,37,sedang,Kondisi biofisik relatif mendukung pemulihan vegetasi.,mangrove-priority-2016-2025-v0.1
517,29,MPR-494D4ED770,Sungaiundan,Reteh,Indragiri Hilir,0.16,P2,Regenerasi alami terbantu,67.5,56,85,37,sedang,Kondisi biofisik relatif mendukung pemulihan vegetasi.,mangrove-priority-2016-2025-v0.1
518,30,MPR-BFE2600606,Sungaiundan,Reteh,Indragiri Hilir,0.16,P2,Regenerasi alami terbantu,67.5,56,85,37,sedang,Kondisi biofisik relatif mendukung pemulihan vegetasi.,mangrove-priority-2016-2025-v0.1
519,31,MPR-F665058D13,Sungaiundan,Reteh,Indragiri Hilir,0.16,P2,Regenerasi alami terbantu,67.5,56,85,37,sedang,Kondisi biofisik relatif mendukung pemulihan vegetasi.,mangrove-priority-2016-2025-v0.1
520,32,MPR-FA7EB41D0D,Sungaiundan,Reteh,Indragiri Hilir,0.16,P2,Regenerasi alami terbantu,67.5,56,85,37,sedang,Kondisi biofisik relatif mendukung pemulihan vegetasi.,mangrove-priority-2016-2025-v0.1
521,33,MPR-3B240D333E,Sungaiundan,Reteh,Indragiri Hilir,0.158,P2,Regenerasi alami terbantu,67.5,56,85,37,sedang,Kondisi biofisik relatif mendukung pemulihan vegetasi.,mangrove-priority-2016-2025-v0.1
522,34,MPR-49FBD4ADC7,Sungaiundan,Reteh,Indragiri Hilir,0.158,P2,Regenerasi alami terbantu,67.5,56,85,37,sedang,Kondisi biofisik relatif mendukung pemulihan vegetasi.,mangrove-priority-2016-2025-v0.1
523,35,MPR-09C1417AB9,Sungaiundan,Reteh,Indragiri Hilir,0.15,P2,Regenerasi alami terbantu,67.5,56,85,37,sedang,Kondisi biofisik relatif mendukung pemulihan vegetasi.,mangrove-priority-2016-2025-v0.1
524,36,MPR-1A8EA98853,Sungaiundan,Reteh,Indragiri Hilir,0.15,P2,Regenerasi alami terbantu,67.5,56,85,37,sedang,Kondisi biofisik relatif mendukung pemulihan vegetasi.,mangrove-priority-2016-2025-v0.1
525,37,MPR-44C0897009,Sungaiundan,Reteh,Indragiri Hilir,0.142,P2,Regenerasi alami terbantu,67.5,56,85,37,sedang,Kondisi biofisik relatif mendukung pemulihan vegetasi.,mangrove-priority-2016-2025-v0.1
526,38,MPR-494C07B662,Sungaiundan,Reteh,Indragiri Hilir,0.14,P2,Regenerasi alami terbantu,67.5,56,85,37,sedang,Kondisi biofisik relatif mendukung pemulihan vegetasi.,mangrove-priority-2016-2025-v0.1
527,39,MPR-53EE8E8704,Sungaiundan,Reteh,Indragiri Hilir,0.13,P2,Regenerasi alami terbantu,67.5,56,85,37,sedang,Kondisi biofisik relatif mendukung pemulihan vegetasi.,mangrove-priority-2016-2025-v0.1
528,40,MPR-6755FFD4E3,Sungaiundan,Reteh,Indragiri Hilir,0.13,P2,Regenerasi alami terbantu,67.5,56,85,37,sedang,Kondisi biofisik relatif mendukung pemulihan vegetasi.,mangrove-priority-2016-2025-v0.1
529,41,MPR-98DA71F93A,Sungaiundan,Reteh,Indragiri Hilir,0.13,P2,Regenerasi alami terbantu,67.5,56,85,37,sedang,Kondisi biofisik relatif mendukung pemulihan vegetasi.,mangrove-priority-2016-2025-v0.1
530,42,MPR-A603C91949,Sungaiundan,Reteh,Indragiri Hilir,0.12,P2,Regenerasi alami terbantu,67.5,56,85,37,sedang,Kondisi biofisik relatif mendukung pemulihan vegetasi.,mangrove-priority-2016-2025-v0.1
531,43,MPR-022AF26D06,Sungaiundan,Reteh,Indragiri Hilir,0.11,P2,Regenerasi alami terbantu,67.5,56,85,37,sedang,Kondisi biofisik relatif mendukung pemulihan vegetasi.,mangrove-priority-2016-2025-v0.1
532,44,MPR-5A0CE742D6,Sungaiundan,Reteh,Indragiri Hilir,0.11,P2,Regenerasi alami terbantu,67.5,56,85,37,sedang,Kondisi biofisik relatif mendukung pemulihan vegetasi.,mangrove-priority-2016-2025-v0.1
533,45,MPR-710AC58C13,Sungaiundan,Reteh,Indragiri Hilir,0.11,P2,Regenerasi alami terbantu,67.5,56,85,37,sedang,Kondisi biofisik relatif mendukung pemulihan vegetasi.,mangrove-priority-2016-2025-v0.1
534,46,MPR-C07C3C0895,Sungaiundan,Reteh,Indragiri Hilir,0.11,P2,Regenerasi alami terbantu,67.5,56,85,37,sedang,Kondisi biofisik relatif mendukung pemulihan vegetasi.,mangrove-priority-2016-2025-v0.1
535,47,MPR-C2A8CAD6D0,Sungaiundan,Reteh,Indragiri Hilir,0.11,P2,Regenerasi alami terbantu,67.5,56,85,37,sedang,Kondisi biofisik relatif mendukung pemulihan vegetasi.,mangrove-priority-2016-2025-v0.1
536,48,MPR-CA0FEC7CAF,Sungaiundan,Reteh,Indragiri Hilir,0.11,P2,Regenerasi alami terbantu,67.5,56,85,37,sedang,Kondisi biofisik relatif mendukung pemulihan vegetasi.,mangrove-priority-2016-2025-v0.1
537,49,MPR-E5079C9A18,Sungaiundan,Reteh,Indragiri Hilir,0.11,P2,Regenerasi alami terbantu,67.5,56,85,37,sedang,Kondisi biofisik relatif mendukung pemulihan vegetasi.,mangrove-priority-2016-2025-v0.1
538,50,MPR-844301F1CB,Sungaiundan,Reteh,Indragiri Hilir,0.103,P2,Regenerasi alami terbantu,67.5,56,85,37,sedang,Kondisi biofisik relatif mendukung pemulihan vegetasi.,mangrove-priority-2016-2025-v0.1
539,51,MPR-033B96E06A,Sungaiundan,Reteh,Indragiri Hilir,0.1,P2,Regenerasi alami terbantu,67.5,56,85,37,sedang,Kondisi biofisik relatif mendukung pemulihan vegetasi.,mangrove-priority-2016-2025-v0.1
540,52,MPR-274F271556,Sungaiundan,Reteh,Indragiri Hilir,0.1,P2,Regenerasi alami terbantu,67.5,56,85,37,sedang,Kondisi biofisik relatif mendukung pemulihan vegetasi.,mangrove-priority-2016-2025-v0.1
541,53,MPR-4455D6BF23,Sungaiundan,Reteh,Indragiri Hilir,0.1,P2,Regenerasi alami terbantu,67.5,56,85,37,sedang,Kondisi biofisik relatif mendukung pemulihan vegetasi.,mangrove-priority-2016-2025-v0.1
542,54,MPR-51CB29C7C9,Sungaiundan,Reteh,Indragiri Hilir,0.1,P2,Regenerasi alami terbantu,67.5,56,85,37,sedang,Kondisi biofisik relatif mendukung pemulihan vegetasi.,mangrove-priority-2016-2025-v0.1
543,55,MPR-DBA6523CBB,Sungaiundan,Reteh,Indragiri Hilir,0.1,P2,Regenerasi alami terbantu,67.5,56,85,37,sedang,Kondisi biofisik relatif mendukung pemulihan vegetasi.,mangrove-priority-2016-2025-v0.1
544,56,MPR-E5523073E8,Sungaiundan,Reteh,Indragiri Hilir,0.1,P2,Regenerasi alami terbantu,67.5,56,85,37,sedang,Kondisi biofisik relatif mendukung pemulihan vegetasi.,mangrove-priority-2016-2025-v0.1
545,57,MPR-FA5E91F8A2,Sungaiundan,Reteh,Indragiri Hilir,0.092,P2,Regenerasi alami terbantu,67.5,56,85,37,sedang,Kondisi biofisik relatif mendukung pemulihan vegetasi.,mangrove-priority-2016-2025-v0.1
546,58,MPR-874A096EF7,Sungaiundan,Reteh,Indragiri Hilir,0.09,P2,Regenerasi alami terbantu,67.5,56,85,37,sedang,Kondisi biofisik relatif mendukung pemulihan vegetasi.,mangrove-priority-2016-2025-v0.1
547,59,MPR-E3055A008E,Sungaiundan,Reteh,Indragiri Hilir,0.089,P2,Regenerasi alami terbantu,67.5,56,85,37,sedang,Kondisi biofisik relatif mendukung pemulihan vegetasi.,mangrove-priority-2016-2025-v0.1
548,60,MPR-0BAD11E268,Sungaiundan,Reteh,Indragiri Hilir,0.081,P2,Regenerasi alami terbantu,67.5,56,85,37,sedang,Kondisi biofisik relatif mendukung pemulihan vegetasi.,mangrove-priority-2016-2025-v0.1
549,61,MPR-2C78F4BFCA,Sungaiundan,Reteh,Indragiri Hilir,0.08,P2,Regenerasi alami terbantu,67.5,56,85,37,sedang,Kondisi biofisik relatif mendukung pemulihan vegetasi.,mangrove-priority-2016-2025-v0.1
550,62,MPR-2D9A679DE6,Sungaiundan,Reteh,Indragiri Hilir,0.08,P2,Regenerasi alami terbantu,67.5,56,85,37,sedang,Kondisi biofisik relatif mendukung pemulihan vegetasi.,mangrove-priority-2016-2025-v0.1
551,63,MPR-5DFCE22FB7,Sungaiundan,Reteh,Indragiri Hilir,0.08,P2,Regenerasi alami terbantu,67.5,56,85,37,sedang,Kondisi biofisik relatif mendukung pemulihan vegetasi.,mangrove-priority-2016-2025-v0.1
552,64,MPR-801354BCC7,Sungaiundan,Reteh,Indragiri Hilir,0.08,P2,Regenerasi alami terbantu,67.5,56,85,37,sedang,Kondisi biofisik relatif mendukung pemulihan vegetasi.,mangrove-priority-2016-2025-v0.1
553,65,MPR-846DCF6547,Sungaiundan,Reteh,Indragiri Hilir,0.08,P2,Regenerasi alami terbantu,67.5,56,85,37,sedang,Kondisi biofisik relatif mendukung pemulihan vegetasi.,mangrove-priority-2016-2025-v0.1
554,66,MPR-8EB8546E6C,Sungaiundan,Reteh,Indragiri Hilir,0.08,P2,Regenerasi alami terbantu,67.5,56,85,37,sedang,Kondisi biofisik relatif mendukung pemulihan vegetasi.,mangrove-priority-2016-2025-v0.1
555,67,MPR-D474A9EBC5,Sungaiundan,Reteh,Indragiri Hilir,0.08,P2,Regenerasi alami terbantu,67.5,56,85,37,sedang,Kondisi biofisik relatif mendukung pemulihan vegetasi.,mangrove-priority-2016-2025-v0.1
556,68,MPR-E03402A76B,Sungaiundan,Reteh,Indragiri Hilir,0.08,P2,Regenerasi alami terbantu,67.5,56,85,37,sedang,Kondisi biofisik relatif mendukung pemulihan vegetasi.,mangrove-priority-2016-2025-v0.1
557,69,MPR-F30794B352,Sungaiundan,Reteh,Indragiri Hilir,0.08,P2,Regenerasi alami terbantu,67.5,56,85,37,sedang,Kondisi biofisik relatif mendukung pemulihan vegetasi.,mangrove-priority-2016-2025-v0.1
558,70,MPR-90659D032F,Sungaiundan,Reteh,Indragiri Hilir,0.055,P2,Regenerasi alami terbantu,67.5,56,85,37,sedang,Kondisi biofisik relatif mendukung pemulihan vegetasi.,mangrove-priority-2016-2025-v0.1
559,71,MPR-112D1469A1,Sungaiundan,Reteh,Indragiri Hilir,0.05,X,Tidak direkomendasikan,67.5,56,85,37,sedang,Area terlalu kecil dan terisolasi untuk diprioritaskan.,mangrove-priority-2016-2025-v0.1
560,72,MPR-3556F66ECB,Sungaiundan,Reteh,Indragiri Hilir,0.05,P2,Regenerasi alami terbantu,67.5,56,85,37,sedang,Kondisi biofisik relatif mendukung pemulihan vegetasi.,mangrove-priority-2016-2025-v0.1
561,73,MPR-3CEC69BA17,Sungaiundan,Reteh,Indragiri Hilir,0.05,X,Tidak direkomendasikan,67.5,56,85,37,sedang,Area terlalu kecil dan terisolasi untuk diprioritaskan.,mangrove-priority-2016-2025-v0.1
562,74,MPR-6434717D9E,Sungaiundan,Reteh,Indragiri Hilir,0.05,X,Tidak direkomendasikan,67.5,56,85,37,sedang,Area terlalu kecil dan terisolasi untuk diprioritaskan.,mangrove-priority-2016-2025-v0.1
563,75,MPR-88BEF0D14F,Sungaiundan,Reteh,Indragiri Hilir,0.05,P2,Regenerasi alami terbantu,67.5,56,85,37,sedang,Kondisi biofisik relatif mendukung pemulihan vegetasi.,mangrove-priority-2016-2025-v0.1
564,76,MPR-8C6AA3FD4C,Sungaiundan,Reteh,Indragiri Hilir,0.05,P2,Regenerasi alami terbantu,67.5,56,85,37,sedang,Kondisi biofisik relatif mendukung pemulihan vegetasi.,mangrove-priority-2016-2025-v0.1
565,77,MPR-FEDC1C7A25,Sungaiundan,Reteh,Indragiri Hilir,0.05,P2,Regenerasi alami terbantu,67.5,56,85,37,sedang,Kondisi biofisik relatif mendukung pemulihan vegetasi.,mangrove-priority-2016-2025-v0.1
566,11,MPR-5E116021F0,Air Tawar,Kateman,Indragiri Hilir,0.4,P2,Regenerasi alami terbantu,67.4,52,84,27,tinggi,Kondisi biofisik relatif mendukung pemulihan vegetasi.,mangrove-priority-2016-2025-v0.1
567,28,MPR-AD3F96B900,Metro,Reteh,Indragiri Hilir,0.4,P2,Regenerasi alami terbantu,67.4,52,84,27,tinggi,Kondisi biofisik relatif mendukung pemulihan vegetasi.,mangrove-priority-2016-2025-v0.1
568,12,MPR-B89A1C2EBC,Air Tawar,Kateman,Indragiri Hilir,0.39,P2,Regenerasi alami terbantu,67.4,52,84,27,tinggi,Kondisi biofisik relatif mendukung pemulihan vegetasi.,mangrove-priority-2016-2025-v0.1
569,64,MPR-0EF2380EC3,Kuala Patah Parang,Sungai Batang,Indragiri Hilir,2.88,P2,Regenerasi alami terbantu,67.3,59,81,38,tinggi,Kondisi biofisik relatif mendukung pemulihan vegetasi.,mangrove-priority-2016-2025-v0.1
570,24,MPR-4DBB3699A6,Teluknibung,Pulau Burung,Indragiri Hilir,5.39,P1,Penanaman aktif,67.2,65,77,45,tinggi,Kebutuhan dan kelayakan relatif tinggi.,mangrove-priority-2016-2025-v0.1
571,78,MPR-23CBD40775,Sungaiundan,Reteh,Indragiri Hilir,2.41,P2,Regenerasi alami terbantu,67.2,59,82,40,sedang,Kondisi biofisik relatif mendukung pemulihan vegetasi.,mangrove-priority-2016-2025-v0.1
572,79,MPR-B0FB2EF75F,Sungaiundan,Reteh,Indragiri Hilir,0.401,P2,Regenerasi alami terbantu,67.2,56,84,37,sedang,Kondisi biofisik relatif mendukung pemulihan vegetasi.,mangrove-priority-2016-2025-v0.1
573,80,MPR-81E7C53321,Sungaiundan,Reteh,Indragiri Hilir,0.4,P2,Regenerasi alami terbantu,67.2,56,84,37,sedang,Kondisi biofisik relatif mendukung pemulihan vegetasi.,mangrove-priority-2016-2025-v0.1
574,81,MPR-417A29C060,Sungaiundan,Reteh,Indragiri Hilir,0.39,P2,Regenerasi alami terbantu,67.2,56,84,37,sedang,Kondisi biofisik relatif mendukung pemulihan vegetasi.,mangrove-priority-2016-2025-v0.1
575,82,MPR-EEF1CC713C,Sungaiundan,Reteh,Indragiri Hilir,0.37,P2,Regenerasi alami terbantu,67.2,56,84,37,sedang,Kondisi biofisik relatif mendukung pemulihan vegetasi.,mangrove-priority-2016-2025-v0.1
576,83,MPR-F13F09CE93,Sungaiundan,Reteh,Indragiri Hilir,0.36,P2,Regenerasi alami terbantu,67.2,56,84,37,sedang,Kondisi biofisik relatif mendukung pemulihan vegetasi.,mangrove-priority-2016-2025-v0.1
577,84,MPR-1D5B62F6B2,Sungaiundan,Reteh,Indragiri Hilir,1.92,P2,Regenerasi alami terbantu,67.0,58,82,39,sedang,Kondisi biofisik relatif mendukung pemulihan vegetasi.,mangrove-priority-2016-2025-v0.1
578,64,MPR-75DC23C61B,Pulaucawan,Mandah,Indragiri Hilir,3.26,P2,Regenerasi alami terbantu,66.9,61,80,43,tinggi,Kondisi biofisik relatif mendukung pemulihan vegetasi.,mangrove-priority-2016-2025-v0.1
579,65,MPR-43BF66BDBD,Kuala Patah Parang,Sungai Batang,Indragiri Hilir,7.22,P1,Penanaman aktif,66.7,65,75,44,tinggi,Kebutuhan dan kelayakan relatif tinggi.,mangrove-priority-2016-2025-v0.1
580,1,MPR-1DB2607411,Tanjungmelayu,Kuala Indragiri,Indragiri Hilir,0.48,P2,Regenerasi alami terbantu,66.7,57,84,42,tinggi,Kondisi biofisik relatif mendukung pemulihan vegetasi.,mangrove-priority-2016-2025-v0.1
581,2,MPR-68192D5928,Tanjungmelayu,Kuala Indragiri,Indragiri Hilir,0.44,P2,Regenerasi alami terbantu,66.7,57,84,42,tinggi,Kondisi biofisik relatif mendukung pemulihan vegetasi.,mangrove-priority-2016-2025-v0.1
582,3,MPR-AFFAB752CC,Tanjungmelayu,Kuala Indragiri,Indragiri Hilir,0.42,P2,Regenerasi alami terbantu,66.7,57,84,42,tinggi,Kondisi biofisik relatif mendukung pemulihan vegetasi.,mangrove-priority-2016-2025-v0.1
583,25,MPR-45865E93FF,Teluknibung,Pulau Burung,Indragiri Hilir,8.474,P1,Penanaman aktif,66.6,69,73,50,tinggi,Kebutuhan dan kelayakan relatif tinggi.,mangrove-priority-2016-2025-v0.1
584,4,MPR-991816EB48,Tanjungmelayu,Kuala Indragiri,Indragiri Hilir,1.03,P2,Regenerasi alami terbantu,66.5,57,84,43,tinggi,Kondisi biofisik relatif mendukung pemulihan vegetasi.,mangrove-priority-2016-2025-v0.1
585,5,MPR-5EC835088E,Tanjungmelayu,Kuala Indragiri,Indragiri Hilir,1.02,P2,Regenerasi alami terbantu,66.5,57,84,43,tinggi,Kondisi biofisik relatif mendukung pemulihan vegetasi.,mangrove-priority-2016-2025-v0.1
586,6,MPR-3ABEC9E703,Tanjungmelayu,Kuala Indragiri,Indragiri Hilir,0.87,P2,Regenerasi alami terbantu,66.5,57,84,43,tinggi,Kondisi biofisik relatif mendukung pemulihan vegetasi.,mangrove-priority-2016-2025-v0.1
587,7,MPR-85E76B76FE,Tanjungmelayu,Kuala Indragiri,Indragiri Hilir,0.85,P2,Regenerasi alami terbantu,66.5,57,84,43,tinggi,Kondisi biofisik relatif mendukung pemulihan vegetasi.,mangrove-priority-2016-2025-v0.1
588,8,MPR-0BEE153E3B,Tanjungmelayu,Kuala Indragiri,Indragiri Hilir,0.81,P2,Regenerasi alami terbantu,66.5,57,84,43,tinggi,Kondisi biofisik relatif mendukung pemulihan vegetasi.,mangrove-priority-2016-2025-v0.1
589,9,MPR-9877F1C43B,Tanjungmelayu,Kuala Indragiri,Indragiri Hilir,0.78,P2,Regenerasi alami terbantu,66.5,57,84,43,tinggi,Kondisi biofisik relatif mendukung pemulihan vegetasi.,mangrove-priority-2016-2025-v0.1
590,10,MPR-73DB8C36CC,Tanjungmelayu,Kuala Indragiri,Indragiri Hilir,0.68,P2,Regenerasi alami terbantu,66.5,57,84,43,tinggi,Kondisi biofisik relatif mendukung pemulihan vegetasi.,mangrove-priority-2016-2025-v0.1
591,11,MPR-824D9AE15F,Tanjungmelayu,Kuala Indragiri,Indragiri Hilir,0.66,P2,Regenerasi alami terbantu,66.5,57,84,43,tinggi,Kondisi biofisik relatif mendukung pemulihan vegetasi.,mangrove-priority-2016-2025-v0.1
592,12,MPR-0DED51BCDC,Tanjungmelayu,Kuala Indragiri,Indragiri Hilir,0.62,P2,Regenerasi alami terbantu,66.5,57,84,43,tinggi,Kondisi biofisik relatif mendukung pemulihan vegetasi.,mangrove-priority-2016-2025-v0.1
593,13,MPR-7ADC2D7890,Tanjungmelayu,Kuala Indragiri,Indragiri Hilir,0.6,P2,Regenerasi alami terbantu,66.5,57,84,43,tinggi,Kondisi biofisik relatif mendukung pemulihan vegetasi.,mangrove-priority-2016-2025-v0.1
594,14,MPR-BF25AC9260,Tanjungmelayu,Kuala Indragiri,Indragiri Hilir,0.58,P2,Regenerasi alami terbantu,66.5,57,84,43,tinggi,Kondisi biofisik relatif mendukung pemulihan vegetasi.,mangrove-priority-2016-2025-v0.1
595,15,MPR-12F61CBD38,Tanjungmelayu,Kuala Indragiri,Indragiri Hilir,0.51,P2,Regenerasi alami terbantu,66.5,57,84,43,tinggi,Kondisi biofisik relatif mendukung pemulihan vegetasi.,mangrove-priority-2016-2025-v0.1
596,16,MPR-1DEBE51F36,Tanjungmelayu,Kuala Indragiri,Indragiri Hilir,0.51,P2,Regenerasi alami terbantu,66.5,57,84,43,tinggi,Kondisi biofisik relatif mendukung pemulihan vegetasi.,mangrove-priority-2016-2025-v0.1
597,17,MPR-6040186549,Tanjungmelayu,Kuala Indragiri,Indragiri Hilir,0.33,P2,Regenerasi alami terbantu,66.5,56,85,42,tinggi,Kondisi biofisik relatif mendukung pemulihan vegetasi.,mangrove-priority-2016-2025-v0.1
598,18,MPR-C42A05149B,Tanjungmelayu,Kuala Indragiri,Indragiri Hilir,0.28,P2,Regenerasi alami terbantu,66.5,56,85,42,tinggi,Kondisi biofisik relatif mendukung pemulihan vegetasi.,mangrove-priority-2016-2025-v0.1
599,19,MPR-6429294D8C,Tanjungmelayu,Kuala Indragiri,Indragiri Hilir,0.26,P2,Regenerasi alami terbantu,66.5,56,85,42,tinggi,Kondisi biofisik relatif mendukung pemulihan vegetasi.,mangrove-priority-2016-2025-v0.1
600,20,MPR-BD2EE2A7E8,Tanjungmelayu,Kuala Indragiri,Indragiri Hilir,0.26,P2,Regenerasi alami terbantu,66.5,56,85,42,tinggi,Kondisi biofisik relatif mendukung pemulihan vegetasi.,mangrove-priority-2016-2025-v0.1
601,21,MPR-DED860F9FF,Tanjungmelayu,Kuala Indragiri,Indragiri Hilir,0.26,P2,Regenerasi alami terbantu,66.5,56,85,42,tinggi,Kondisi biofisik relatif mendukung pemulihan vegetasi.,mangrove-priority-2016-2025-v0.1
602,22,MPR-615D473186,Tanjungmelayu,Kuala Indragiri,Indragiri Hilir,0.24,P2,Regenerasi alami terbantu,66.5,56,85,42,tinggi,Kondisi biofisik relatif mendukung pemulihan vegetasi.,mangrove-priority-2016-2025-v0.1
603,23,MPR-6A4EA71E89,Tanjungmelayu,Kuala Indragiri,Indragiri Hilir,0.2,P2,Regenerasi alami terbantu,66.5,56,85,42,tinggi,Kondisi biofisik relatif mendukung pemulihan vegetasi.,mangrove-priority-2016-2025-v0.1
604,24,MPR-B5C1A71D54,Tanjungmelayu,Kuala Indragiri,Indragiri Hilir,0.2,P2,Regenerasi alami terbantu,66.5,56,85,42,tinggi,Kondisi biofisik relatif mendukung pemulihan vegetasi.,mangrove-priority-2016-2025-v0.1
605,25,MPR-1539E6BE54,Tanjungmelayu,Kuala Indragiri,Indragiri Hilir,0.19,P2,Regenerasi alami terbantu,66.5,56,85,42,tinggi,Kondisi biofisik relatif mendukung pemulihan vegetasi.,mangrove-priority-2016-2025-v0.1
606,26,MPR-DFA27B0D40,Tanjungmelayu,Kuala Indragiri,Indragiri Hilir,0.19,P2,Regenerasi alami terbantu,66.5,56,85,42,tinggi,Kondisi biofisik relatif mendukung pemulihan vegetasi.,mangrove-priority-2016-2025-v0.1
607,27,MPR-F652647D0A,Tanjungmelayu,Kuala Indragiri,Indragiri Hilir,0.19,P2,Regenerasi alami terbantu,66.5,56,85,42,tinggi,Kondisi biofisik relatif mendukung pemulihan vegetasi.,mangrove-priority-2016-2025-v0.1
608,28,MPR-C569C95E53,Tanjungmelayu,Kuala Indragiri,Indragiri Hilir,0.18,P2,Regenerasi alami terbantu,66.5,56,85,42,tinggi,Kondisi biofisik relatif mendukung pemulihan vegetasi.,mangrove-priority-2016-2025-v0.1
609,29,MPR-65FD9EF755,Tanjungmelayu,Kuala Indragiri,Indragiri Hilir,0.17,P2,Regenerasi alami terbantu,66.5,56,85,42,tinggi,Kondisi biofisik relatif mendukung pemulihan vegetasi.,mangrove-priority-2016-2025-v0.1
610,30,MPR-9B7713EB70,Tanjungmelayu,Kuala Indragiri,Indragiri Hilir,0.17,P2,Regenerasi alami terbantu,66.5,56,85,42,tinggi,Kondisi biofisik relatif mendukung pemulihan vegetasi.,mangrove-priority-2016-2025-v0.1
611,31,MPR-EF323D4232,Tanjungmelayu,Kuala Indragiri,Indragiri Hilir,0.17,P2,Regenerasi alami terbantu,66.5,56,85,42,tinggi,Kondisi biofisik relatif mendukung pemulihan vegetasi.,mangrove-priority-2016-2025-v0.1
612,32,MPR-9EC5525AEE,Tanjungmelayu,Kuala Indragiri,Indragiri Hilir,0.16,P2,Regenerasi alami terbantu,66.5,56,85,42,tinggi,Kondisi biofisik relatif mendukung pemulihan vegetasi.,mangrove-priority-2016-2025-v0.1
613,33,MPR-D4C1228C7A,Tanjungmelayu,Kuala Indragiri,Indragiri Hilir,0.16,P2,Regenerasi alami terbantu,66.5,56,85,42,tinggi,Kondisi biofisik relatif mendukung pemulihan vegetasi.,mangrove-priority-2016-2025-v0.1
614,34,MPR-E24168D6AB,Tanjungmelayu,Kuala Indragiri,Indragiri Hilir,0.16,P2,Regenerasi alami terbantu,66.5,56,85,42,tinggi,Kondisi biofisik relatif mendukung pemulihan vegetasi.,mangrove-priority-2016-2025-v0.1
615,35,MPR-E27D84931B,Tanjungmelayu,Kuala Indragiri,Indragiri Hilir,0.16,P2,Regenerasi alami terbantu,66.5,56,85,42,tinggi,Kondisi biofisik relatif mendukung pemulihan vegetasi.,mangrove-priority-2016-2025-v0.1
616,36,MPR-EFD841DB1B,Tanjungmelayu,Kuala Indragiri,Indragiri Hilir,0.16,P2,Regenerasi alami terbantu,66.5,56,85,42,tinggi,Kondisi biofisik relatif mendukung pemulihan vegetasi.,mangrove-priority-2016-2025-v0.1
617,37,MPR-E9D8882FB2,Tanjungmelayu,Kuala Indragiri,Indragiri Hilir,0.15,P2,Regenerasi alami terbantu,66.5,56,85,42,tinggi,Kondisi biofisik relatif mendukung pemulihan vegetasi.,mangrove-priority-2016-2025-v0.1
618,38,MPR-4E8C3052B8,Tanjungmelayu,Kuala Indragiri,Indragiri Hilir,0.14,P2,Regenerasi alami terbantu,66.5,56,85,42,tinggi,Kondisi biofisik relatif mendukung pemulihan vegetasi.,mangrove-priority-2016-2025-v0.1
619,39,MPR-6C1080DB45,Tanjungmelayu,Kuala Indragiri,Indragiri Hilir,0.14,P2,Regenerasi alami terbantu,66.5,56,85,42,tinggi,Kondisi biofisik relatif mendukung pemulihan vegetasi.,mangrove-priority-2016-2025-v0.1
620,40,MPR-BA84DDAD85,Tanjungmelayu,Kuala Indragiri,Indragiri Hilir,0.14,P2,Regenerasi alami terbantu,66.5,56,85,42,tinggi,Kondisi biofisik relatif mendukung pemulihan vegetasi.,mangrove-priority-2016-2025-v0.1
621,41,MPR-1EA5D0B11A,Tanjungmelayu,Kuala Indragiri,Indragiri Hilir,0.13,P2,Regenerasi alami terbantu,66.5,56,85,42,tinggi,Kondisi biofisik relatif mendukung pemulihan vegetasi.,mangrove-priority-2016-2025-v0.1
622,42,MPR-24B9FA017F,Tanjungmelayu,Kuala Indragiri,Indragiri Hilir,0.13,P2,Regenerasi alami terbantu,66.5,56,85,42,tinggi,Kondisi biofisik relatif mendukung pemulihan vegetasi.,mangrove-priority-2016-2025-v0.1
623,43,MPR-501C4A0958,Tanjungmelayu,Kuala Indragiri,Indragiri Hilir,0.12,P2,Regenerasi alami terbantu,66.5,56,85,42,tinggi,Kondisi biofisik relatif mendukung pemulihan vegetasi.,mangrove-priority-2016-2025-v0.1
624,44,MPR-B852A6B494,Tanjungmelayu,Kuala Indragiri,Indragiri Hilir,0.12,P2,Regenerasi alami terbantu,66.5,56,85,42,tinggi,Kondisi biofisik relatif mendukung pemulihan vegetasi.,mangrove-priority-2016-2025-v0.1
625,45,MPR-1F08428E47,Tanjungmelayu,Kuala Indragiri,Indragiri Hilir,0.11,P2,Regenerasi alami terbantu,66.5,56,85,42,tinggi,Kondisi biofisik relatif mendukung pemulihan vegetasi.,mangrove-priority-2016-2025-v0.1
626,46,MPR-B30474FEB8,Tanjungmelayu,Kuala Indragiri,Indragiri Hilir,0.11,P2,Regenerasi alami terbantu,66.5,56,85,42,tinggi,Kondisi biofisik relatif mendukung pemulihan vegetasi.,mangrove-priority-2016-2025-v0.1
627,47,MPR-D5C5C45343,Tanjungmelayu,Kuala Indragiri,Indragiri Hilir,0.11,P2,Regenerasi alami terbantu,66.5,56,85,42,tinggi,Kondisi biofisik relatif mendukung pemulihan vegetasi.,mangrove-priority-2016-2025-v0.1
628,48,MPR-F0693DADA5,Tanjungmelayu,Kuala Indragiri,Indragiri Hilir,0.11,P2,Regenerasi alami terbantu,66.5,56,85,42,tinggi,Kondisi biofisik relatif mendukung pemulihan vegetasi.,mangrove-priority-2016-2025-v0.1
629,49,MPR-FDF69A12AE,Tanjungmelayu,Kuala Indragiri,Indragiri Hilir,0.11,P2,Regenerasi alami terbantu,66.5,56,85,42,tinggi,Kondisi biofisik relatif mendukung pemulihan vegetasi.,mangrove-priority-2016-2025-v0.1
630,50,MPR-08E1C779B9,Tanjungmelayu,Kuala Indragiri,Indragiri Hilir,0.1,P2,Regenerasi alami terbantu,66.5,56,85,42,tinggi,Kondisi biofisik relatif mendukung pemulihan vegetasi.,mangrove-priority-2016-2025-v0.1
631,51,MPR-1AAD8C8DCE,Tanjungmelayu,Kuala Indragiri,Indragiri Hilir,0.1,P2,Regenerasi alami terbantu,66.5,56,85,42,tinggi,Kondisi biofisik relatif mendukung pemulihan vegetasi.,mangrove-priority-2016-2025-v0.1
632,52,MPR-4B39BBA609,Tanjungmelayu,Kuala Indragiri,Indragiri Hilir,0.1,P2,Regenerasi alami terbantu,66.5,56,85,42,tinggi,Kondisi biofisik relatif mendukung pemulihan vegetasi.,mangrove-priority-2016-2025-v0.1
633,53,MPR-4BF9CC4DE5,Tanjungmelayu,Kuala Indragiri,Indragiri Hilir,0.1,P2,Regenerasi alami terbantu,66.5,56,85,42,tinggi,Kondisi biofisik relatif mendukung pemulihan vegetasi.,mangrove-priority-2016-2025-v0.1
634,54,MPR-51F06AE3DD,Tanjungmelayu,Kuala Indragiri,Indragiri Hilir,0.1,P2,Regenerasi alami terbantu,66.5,56,85,42,tinggi,Kondisi biofisik relatif mendukung pemulihan vegetasi.,mangrove-priority-2016-2025-v0.1
635,55,MPR-761C97D01E,Tanjungmelayu,Kuala Indragiri,Indragiri Hilir,0.1,P2,Regenerasi alami terbantu,66.5,56,85,42,tinggi,Kondisi biofisik relatif mendukung pemulihan vegetasi.,mangrove-priority-2016-2025-v0.1
636,56,MPR-B75F2A2C9F,Tanjungmelayu,Kuala Indragiri,Indragiri Hilir,0.1,P2,Regenerasi alami terbantu,66.5,56,85,42,tinggi,Kondisi biofisik relatif mendukung pemulihan vegetasi.,mangrove-priority-2016-2025-v0.1
637,57,MPR-C0ABA4B5C6,Tanjungmelayu,Kuala Indragiri,Indragiri Hilir,0.1,P2,Regenerasi alami terbantu,66.5,56,85,42,tinggi,Kondisi biofisik relatif mendukung pemulihan vegetasi.,mangrove-priority-2016-2025-v0.1
638,58,MPR-D319696138,Tanjungmelayu,Kuala Indragiri,Indragiri Hilir,0.1,P2,Regenerasi alami terbantu,66.5,56,85,42,tinggi,Kondisi biofisik relatif mendukung pemulihan vegetasi.,mangrove-priority-2016-2025-v0.1
639,59,MPR-D5B01A6CBA,Tanjungmelayu,Kuala Indragiri,Indragiri Hilir,0.1,P2,Regenerasi alami terbantu,66.5,56,85,42,tinggi,Kondisi biofisik relatif mendukung pemulihan vegetasi.,mangrove-priority-2016-2025-v0.1
640,60,MPR-F9C23EFD0A,Tanjungmelayu,Kuala Indragiri,Indragiri Hilir,0.1,P2,Regenerasi alami terbantu,66.5,56,85,42,tinggi,Kondisi biofisik relatif mendukung pemulihan vegetasi.,mangrove-priority-2016-2025-v0.1
641,61,MPR-495A1FDE1E,Tanjungmelayu,Kuala Indragiri,Indragiri Hilir,0.08,P2,Regenerasi alami terbantu,66.5,56,85,42,tinggi,Kondisi biofisik relatif mendukung pemulihan vegetasi.,mangrove-priority-2016-2025-v0.1
642,62,MPR-C775E024BF,Tanjungmelayu,Kuala Indragiri,Indragiri Hilir,0.08,P2,Regenerasi alami terbantu,66.5,56,85,42,tinggi,Kondisi biofisik relatif mendukung pemulihan vegetasi.,mangrove-priority-2016-2025-v0.1
643,63,MPR-F0694069AB,Tanjungmelayu,Kuala Indragiri,Indragiri Hilir,0.08,P2,Regenerasi alami terbantu,66.5,56,85,42,tinggi,Kondisi biofisik relatif mendukung pemulihan vegetasi.,mangrove-priority-2016-2025-v0.1
644,64,MPR-1AE983CB8D,Tanjungmelayu,Kuala Indragiri,Indragiri Hilir,0.05,P2,Regenerasi alami terbantu,66.5,56,85,42,tinggi,Kondisi biofisik relatif mendukung pemulihan vegetasi.,mangrove-priority-2016-2025-v0.1
645,65,MPR-241BFA3CD5,Tanjungmelayu,Kuala Indragiri,Indragiri Hilir,0.05,P2,Regenerasi alami terbantu,66.5,56,85,42,tinggi,Kondisi biofisik relatif mendukung pemulihan vegetasi.,mangrove-priority-2016-2025-v0.1
646,66,MPR-25CD96935E,Tanjungmelayu,Kuala Indragiri,Indragiri Hilir,0.05,P2,Regenerasi alami terbantu,66.5,56,85,42,tinggi,Kondisi biofisik relatif mendukung pemulihan vegetasi.,mangrove-priority-2016-2025-v0.1
647,67,MPR-3BB6ADF4B2,Tanjungmelayu,Kuala Indragiri,Indragiri Hilir,0.05,P2,Regenerasi alami terbantu,66.5,56,85,42,tinggi,Kondisi biofisik relatif mendukung pemulihan vegetasi.,mangrove-priority-2016-2025-v0.1
648,68,MPR-5CD6756622,Tanjungmelayu,Kuala Indragiri,Indragiri Hilir,0.05,P2,Regenerasi alami terbantu,66.5,56,85,42,tinggi,Kondisi biofisik relatif mendukung pemulihan vegetasi.,mangrove-priority-2016-2025-v0.1
649,69,MPR-E2316A8452,Tanjungmelayu,Kuala Indragiri,Indragiri Hilir,0.05,P2,Regenerasi alami terbantu,66.5,56,85,42,tinggi,Kondisi biofisik relatif mendukung pemulihan vegetasi.,mangrove-priority-2016-2025-v0.1
650,1,MPR-8F764FBD70,Kuala Gaung,Gaung Anak Serka,Indragiri Hilir,0.85,U,Data belum memadai,66.4,59,84,48,rendah,Keyakinan data rendah.,mangrove-priority-2016-2025-v0.1
651,2,MPR-26C57F21B0,Kuala Gaung,Gaung Anak Serka,Indragiri Hilir,0.83,U,Data belum memadai,66.4,59,84,48,rendah,Keyakinan data rendah.,mangrove-priority-2016-2025-v0.1
652,3,MPR-AB71CCD674,Kuala Gaung,Gaung Anak Serka,Indragiri Hilir,0.82,U,Data belum memadai,66.4,59,84,48,rendah,Keyakinan data rendah.,mangrove-priority-2016-2025-v0.1
653,4,MPR-23D19D27C8,Kuala Gaung,Gaung Anak Serka,Indragiri Hilir,0.79,U,Data belum memadai,66.4,59,84,48,rendah,Keyakinan data rendah.,mangrove-priority-2016-2025-v0.1
654,5,MPR-178AF8F659,Kuala Gaung,Gaung Anak Serka,Indragiri Hilir,0.78,U,Data belum memadai,66.4,59,84,48,rendah,Keyakinan data rendah.,mangrove-priority-2016-2025-v0.1
655,6,MPR-1505402499,Kuala Gaung,Gaung Anak Serka,Indragiri Hilir,0.68,U,Data belum memadai,66.4,59,84,48,rendah,Keyakinan data rendah.,mangrove-priority-2016-2025-v0.1
656,7,MPR-ED2478340E,Kuala Gaung,Gaung Anak Serka,Indragiri Hilir,0.68,U,Data belum memadai,66.4,59,84,48,rendah,Keyakinan data rendah.,mangrove-priority-2016-2025-v0.1
657,8,MPR-2CF90969C5,Kuala Gaung,Gaung Anak Serka,Indragiri Hilir,0.66,U,Data belum memadai,66.4,59,84,48,rendah,Keyakinan data rendah.,mangrove-priority-2016-2025-v0.1
658,9,MPR-309F8C9068,Kuala Gaung,Gaung Anak Serka,Indragiri Hilir,0.65,U,Data belum memadai,66.4,59,84,48,rendah,Keyakinan data rendah.,mangrove-priority-2016-2025-v0.1
659,10,MPR-17742C6749,Kuala Gaung,Gaung Anak Serka,Indragiri Hilir,0.62,U,Data belum memadai,66.4,59,84,48,rendah,Keyakinan data rendah.,mangrove-priority-2016-2025-v0.1
660,11,MPR-8972652925,Kuala Gaung,Gaung Anak Serka,Indragiri Hilir,0.51,U,Data belum memadai,66.4,59,84,48,rendah,Keyakinan data rendah.,mangrove-priority-2016-2025-v0.1
661,12,MPR-DDFB092A28,Kuala Gaung,Gaung Anak Serka,Indragiri Hilir,0.49,U,Data belum memadai,66.4,59,84,48,rendah,Keyakinan data rendah.,mangrove-priority-2016-2025-v0.1
662,13,MPR-95BD2DE840,Kuala Gaung,Gaung Anak Serka,Indragiri Hilir,0.47,U,Data belum memadai,66.4,59,84,48,rendah,Keyakinan data rendah.,mangrove-priority-2016-2025-v0.1
663,14,MPR-E6A44FBEAE,Kuala Gaung,Gaung Anak Serka,Indragiri Hilir,0.19,U,Data belum memadai,66.4,58,85,47,rendah,Keyakinan data rendah.,mangrove-priority-2016-2025-v0.1
664,15,MPR-EFB890185D,Kuala Gaung,Gaung Anak Serka,Indragiri Hilir,0.19,U,Data belum memadai,66.4,58,85,47,rendah,Keyakinan data rendah.,mangrove-priority-2016-2025-v0.1
665,16,MPR-1B9462450C,Kuala Gaung,Gaung Anak Serka,Indragiri Hilir,0.185,U,Data belum memadai,66.4,58,85,47,rendah,Keyakinan data rendah.,mangrove-priority-2016-2025-v0.1
666,17,MPR-59707B4DE0,Kuala Gaung,Gaung Anak Serka,Indragiri Hilir,0.17,U,Data belum memadai,66.4,58,85,47,rendah,Keyakinan data rendah.,mangrove-priority-2016-2025-v0.1
667,18,MPR-B860E2EB7F,Kuala Gaung,Gaung Anak Serka,Indragiri Hilir,0.16,U,Data belum memadai,66.4,58,85,47,rendah,Keyakinan data rendah.,mangrove-priority-2016-2025-v0.1
668,19,MPR-59F8858F30,Kuala Gaung,Gaung Anak Serka,Indragiri Hilir,0.15,U,Data belum memadai,66.4,58,85,47,rendah,Keyakinan data rendah.,mangrove-priority-2016-2025-v0.1
669,20,MPR-68A4006B7A,Kuala Gaung,Gaung Anak Serka,Indragiri Hilir,0.15,U,Data belum memadai,66.4,58,85,47,rendah,Keyakinan data rendah.,mangrove-priority-2016-2025-v0.1
670,21,MPR-734CD7A934,Kuala Gaung,Gaung Anak Serka,Indragiri Hilir,0.15,U,Data belum memadai,66.4,58,85,47,rendah,Keyakinan data rendah.,mangrove-priority-2016-2025-v0.1
671,22,MPR-96054ED892,Kuala Gaung,Gaung Anak Serka,Indragiri Hilir,0.15,U,Data belum memadai,66.4,58,85,47,rendah,Keyakinan data rendah.,mangrove-priority-2016-2025-v0.1
672,23,MPR-074D5547DE,Kuala Gaung,Gaung Anak Serka,Indragiri Hilir,0.14,U,Data belum memadai,66.4,58,85,47,rendah,Keyakinan data rendah.,mangrove-priority-2016-2025-v0.1
673,24,MPR-5662C5C8F1,Kuala Gaung,Gaung Anak Serka,Indragiri Hilir,0.14,U,Data belum memadai,66.4,58,85,47,rendah,Keyakinan data rendah.,mangrove-priority-2016-2025-v0.1
674,25,MPR-63F17D677E,Kuala Gaung,Gaung Anak Serka,Indragiri Hilir,0.14,U,Data belum memadai,66.4,58,85,47,rendah,Keyakinan data rendah.,mangrove-priority-2016-2025-v0.1
675,26,MPR-6631450060,Kuala Gaung,Gaung Anak Serka,Indragiri Hilir,0.14,U,Data belum memadai,66.4,58,85,47,rendah,Keyakinan data rendah.,mangrove-priority-2016-2025-v0.1
676,27,MPR-82B05B21D4,Kuala Gaung,Gaung Anak Serka,Indragiri Hilir,0.14,U,Data belum memadai,66.4,58,85,47,rendah,Keyakinan data rendah.,mangrove-priority-2016-2025-v0.1
677,28,MPR-E8C4FB4958,Kuala Gaung,Gaung Anak Serka,Indragiri Hilir,0.14,U,Data belum memadai,66.4,58,85,47,rendah,Keyakinan data rendah.,mangrove-priority-2016-2025-v0.1
678,29,MPR-1FF912B4DC,Kuala Gaung,Gaung Anak Serka,Indragiri Hilir,0.13,U,Data belum memadai,66.4,58,85,47,rendah,Keyakinan data rendah.,mangrove-priority-2016-2025-v0.1
679,30,MPR-468D93CCE4,Kuala Gaung,Gaung Anak Serka,Indragiri Hilir,0.13,U,Data belum memadai,66.4,58,85,47,rendah,Keyakinan data rendah.,mangrove-priority-2016-2025-v0.1
680,31,MPR-576B4B24C5,Kuala Gaung,Gaung Anak Serka,Indragiri Hilir,0.13,U,Data belum memadai,66.4,58,85,47,rendah,Keyakinan data rendah.,mangrove-priority-2016-2025-v0.1
681,32,MPR-7D75F1AE97,Kuala Gaung,Gaung Anak Serka,Indragiri Hilir,0.13,U,Data belum memadai,66.4,58,85,47,rendah,Keyakinan data rendah.,mangrove-priority-2016-2025-v0.1
682,33,MPR-8212176AB0,Kuala Gaung,Gaung Anak Serka,Indragiri Hilir,0.13,U,Data belum memadai,66.4,58,85,47,rendah,Keyakinan data rendah.,mangrove-priority-2016-2025-v0.1
683,34,MPR-F363C74428,Kuala Gaung,Gaung Anak Serka,Indragiri Hilir,0.13,U,Data belum memadai,66.4,58,85,47,rendah,Keyakinan data rendah.,mangrove-priority-2016-2025-v0.1
684,35,MPR-0FDE91662E,Kuala Gaung,Gaung Anak Serka,Indragiri Hilir,0.12,U,Data belum memadai,66.4,58,85,47,rendah,Keyakinan data rendah.,mangrove-priority-2016-2025-v0.1
685,36,MPR-58C7343A96,Kuala Gaung,Gaung Anak Serka,Indragiri Hilir,0.12,U,Data belum memadai,66.4,58,85,47,rendah,Keyakinan data rendah.,mangrove-priority-2016-2025-v0.1
686,37,MPR-8A3700E83B,Kuala Gaung,Gaung Anak Serka,Indragiri Hilir,0.12,U,Data belum memadai,66.4,58,85,47,rendah,Keyakinan data rendah.,mangrove-priority-2016-2025-v0.1
687,38,MPR-C12F6238A3,Kuala Gaung,Gaung Anak Serka,Indragiri Hilir,0.12,U,Data belum memadai,66.4,58,85,47,rendah,Keyakinan data rendah.,mangrove-priority-2016-2025-v0.1
688,39,MPR-4E7B39D1E8,Kuala Gaung,Gaung Anak Serka,Indragiri Hilir,0.11,U,Data belum memadai,66.4,58,85,47,rendah,Keyakinan data rendah.,mangrove-priority-2016-2025-v0.1
689,40,MPR-7AB592D338,Kuala Gaung,Gaung Anak Serka,Indragiri Hilir,0.11,U,Data belum memadai,66.4,58,85,47,rendah,Keyakinan data rendah.,mangrove-priority-2016-2025-v0.1
690,41,MPR-B414871952,Kuala Gaung,Gaung Anak Serka,Indragiri Hilir,0.11,U,Data belum memadai,66.4,58,85,47,rendah,Keyakinan data rendah.,mangrove-priority-2016-2025-v0.1
691,42,MPR-C0E5FCA69A,Kuala Gaung,Gaung Anak Serka,Indragiri Hilir,0.11,U,Data belum memadai,66.4,58,85,47,rendah,Keyakinan data rendah.,mangrove-priority-2016-2025-v0.1
692,43,MPR-055CA4BA82,Kuala Gaung,Gaung Anak Serka,Indragiri Hilir,0.1,U,Data belum memadai,66.4,58,85,47,rendah,Keyakinan data rendah.,mangrove-priority-2016-2025-v0.1
693,44,MPR-0577CE037E,Kuala Gaung,Gaung Anak Serka,Indragiri Hilir,0.1,U,Data belum memadai,66.4,58,85,47,rendah,Keyakinan data rendah.,mangrove-priority-2016-2025-v0.1
694,45,MPR-49C1881CD2,Kuala Gaung,Gaung Anak Serka,Indragiri Hilir,0.1,U,Data belum memadai,66.4,58,85,47,rendah,Keyakinan data rendah.,mangrove-priority-2016-2025-v0.1
695,46,MPR-5DDA084AE9,Kuala Gaung,Gaung Anak Serka,Indragiri Hilir,0.1,U,Data belum memadai,66.4,58,85,47,rendah,Keyakinan data rendah.,mangrove-priority-2016-2025-v0.1
696,47,MPR-72B48295AF,Kuala Gaung,Gaung Anak Serka,Indragiri Hilir,0.1,U,Data belum memadai,66.4,58,85,47,rendah,Keyakinan data rendah.,mangrove-priority-2016-2025-v0.1
697,48,MPR-7F71668798,Kuala Gaung,Gaung Anak Serka,Indragiri Hilir,0.1,U,Data belum memadai,66.4,58,85,47,rendah,Keyakinan data rendah.,mangrove-priority-2016-2025-v0.1
698,49,MPR-99755E03E2,Kuala Gaung,Gaung Anak Serka,Indragiri Hilir,0.1,U,Data belum memadai,66.4,58,85,47,rendah,Keyakinan data rendah.,mangrove-priority-2016-2025-v0.1
699,50,MPR-ED7058E390,Kuala Gaung,Gaung Anak Serka,Indragiri Hilir,0.1,U,Data belum memadai,66.4,58,85,47,rendah,Keyakinan data rendah.,mangrove-priority-2016-2025-v0.1
700,51,MPR-3A92B48C15,Kuala Gaung,Gaung Anak Serka,Indragiri Hilir,0.08,U,Data belum memadai,66.4,58,85,47,rendah,Keyakinan data rendah.,mangrove-priority-2016-2025-v0.1
701,52,MPR-50AB5CD281,Kuala Gaung,Gaung Anak Serka,Indragiri Hilir,0.08,U,Data belum memadai,66.4,58,85,47,rendah,Keyakinan data rendah.,mangrove-priority-2016-2025-v0.1
702,53,MPR-50B6A2452C,Kuala Gaung,Gaung Anak Serka,Indragiri Hilir,0.08,U,Data belum memadai,66.4,58,85,47,rendah,Keyakinan data rendah.,mangrove-priority-2016-2025-v0.1
703,54,MPR-8948B75AC2,Kuala Gaung,Gaung Anak Serka,Indragiri Hilir,0.08,U,Data belum memadai,66.4,58,85,47,rendah,Keyakinan data rendah.,mangrove-priority-2016-2025-v0.1
704,55,MPR-93922DC578,Kuala Gaung,Gaung Anak Serka,Indragiri Hilir,0.08,U,Data belum memadai,66.4,58,85,47,rendah,Keyakinan data rendah.,mangrove-priority-2016-2025-v0.1
705,56,MPR-99F8F74EEB,Kuala Gaung,Gaung Anak Serka,Indragiri Hilir,0.08,U,Data belum memadai,66.4,58,85,47,rendah,Keyakinan data rendah.,mangrove-priority-2016-2025-v0.1
706,57,MPR-A0D3F5FF6F,Kuala Gaung,Gaung Anak Serka,Indragiri Hilir,0.08,U,Data belum memadai,66.4,58,85,47,rendah,Keyakinan data rendah.,mangrove-priority-2016-2025-v0.1
707,58,MPR-A187A0E88D,Kuala Gaung,Gaung Anak Serka,Indragiri Hilir,0.08,U,Data belum memadai,66.4,58,85,47,rendah,Keyakinan data rendah.,mangrove-priority-2016-2025-v0.1
708,59,MPR-C2B8836C68,Kuala Gaung,Gaung Anak Serka,Indragiri Hilir,0.08,U,Data belum memadai,66.4,58,85,47,rendah,Keyakinan data rendah.,mangrove-priority-2016-2025-v0.1
709,60,MPR-C46D23075C,Kuala Gaung,Gaung Anak Serka,Indragiri Hilir,0.08,U,Data belum memadai,66.4,58,85,47,rendah,Keyakinan data rendah.,mangrove-priority-2016-2025-v0.1
710,61,MPR-E34FDC0A73,Kuala Gaung,Gaung Anak Serka,Indragiri Hilir,0.08,U,Data belum memadai,66.4,58,85,47,rendah,Keyakinan data rendah.,mangrove-priority-2016-2025-v0.1
711,62,MPR-EFDF02F1A0,Kuala Gaung,Gaung Anak Serka,Indragiri Hilir,0.08,U,Data belum memadai,66.4,58,85,47,rendah,Keyakinan data rendah.,mangrove-priority-2016-2025-v0.1
712,63,MPR-3E23B3B714,Kuala Gaung,Gaung Anak Serka,Indragiri Hilir,0.076,U,Data belum memadai,66.4,58,85,47,rendah,Keyakinan data rendah.,mangrove-priority-2016-2025-v0.1
713,64,MPR-0191AEFAA5,Kuala Gaung,Gaung Anak Serka,Indragiri Hilir,0.05,U,Data belum memadai,66.4,58,85,47,rendah,Keyakinan data rendah.,mangrove-priority-2016-2025-v0.1
714,65,MPR-10CD623568,Kuala Gaung,Gaung Anak Serka,Indragiri Hilir,0.05,U,Data belum memadai,66.4,58,85,47,rendah,Keyakinan data rendah.,mangrove-priority-2016-2025-v0.1
715,66,MPR-3C12FC5CC4,Kuala Gaung,Gaung Anak Serka,Indragiri Hilir,0.05,U,Data belum memadai,66.4,58,85,47,rendah,Keyakinan data rendah.,mangrove-priority-2016-2025-v0.1
716,67,MPR-5C2CAA7D9B,Kuala Gaung,Gaung Anak Serka,Indragiri Hilir,0.05,U,Data belum memadai,66.4,58,85,47,rendah,Keyakinan data rendah.,mangrove-priority-2016-2025-v0.1
717,68,MPR-5EB406C5EA,Kuala Gaung,Gaung Anak Serka,Indragiri Hilir,0.05,U,Data belum memadai,66.4,58,85,47,rendah,Keyakinan data rendah.,mangrove-priority-2016-2025-v0.1
718,69,MPR-62F6F489F7,Kuala Gaung,Gaung Anak Serka,Indragiri Hilir,0.05,U,Data belum memadai,66.4,58,85,47,rendah,Keyakinan data rendah.,mangrove-priority-2016-2025-v0.1
719,70,MPR-6C3821B548,Kuala Gaung,Gaung Anak Serka,Indragiri Hilir,0.05,U,Data belum memadai,66.4,58,85,47,rendah,Keyakinan data rendah.,mangrove-priority-2016-2025-v0.1
720,71,MPR-7B110A3101,Kuala Gaung,Gaung Anak Serka,Indragiri Hilir,0.05,U,Data belum memadai,66.4,58,85,47,rendah,Keyakinan data rendah.,mangrove-priority-2016-2025-v0.1
721,72,MPR-82570ED4E9,Kuala Gaung,Gaung Anak Serka,Indragiri Hilir,0.05,U,Data belum memadai,66.4,58,85,47,rendah,Keyakinan data rendah.,mangrove-priority-2016-2025-v0.1
722,73,MPR-874643C1A0,Kuala Gaung,Gaung Anak Serka,Indragiri Hilir,0.05,U,Data belum memadai,66.4,58,85,47,rendah,Keyakinan data rendah.,mangrove-priority-2016-2025-v0.1
723,74,MPR-9096E23100,Kuala Gaung,Gaung Anak Serka,Indragiri Hilir,0.05,U,Data belum memadai,66.4,58,85,47,rendah,Keyakinan data rendah.,mangrove-priority-2016-2025-v0.1
724,75,MPR-9ABE4B2BA9,Kuala Gaung,Gaung Anak Serka,Indragiri Hilir,0.05,U,Data belum memadai,66.4,58,85,47,rendah,Keyakinan data rendah.,mangrove-priority-2016-2025-v0.1
725,76,MPR-C8193D224B,Kuala Gaung,Gaung Anak Serka,Indragiri Hilir,0.05,U,Data belum memadai,66.4,58,85,47,rendah,Keyakinan data rendah.,mangrove-priority-2016-2025-v0.1
726,77,MPR-D760CA6D10,Kuala Gaung,Gaung Anak Serka,Indragiri Hilir,0.05,U,Data belum memadai,66.4,58,85,47,rendah,Keyakinan data rendah.,mangrove-priority-2016-2025-v0.1
727,78,MPR-E6D2A99A1A,Kuala Gaung,Gaung Anak Serka,Indragiri Hilir,0.05,U,Data belum memadai,66.4,58,85,47,rendah,Keyakinan data rendah.,mangrove-priority-2016-2025-v0.1
728,1,MPR-269BA2E6B6,Sungaibuluh,Kuala Indragiri,Indragiri Hilir,0.54,P2,Regenerasi alami terbantu,66.3,58,84,46,tinggi,Kondisi biofisik relatif mendukung pemulihan vegetasi.,mangrove-priority-2016-2025-v0.1
729,2,MPR-9A13F1E5A8,Sungaibuluh,Kuala Indragiri,Indragiri Hilir,0.52,P2,Regenerasi alami terbantu,66.3,58,84,46,tinggi,Kondisi biofisik relatif mendukung pemulihan vegetasi.,mangrove-priority-2016-2025-v0.1
730,3,MPR-376091AF19,Sungaibuluh,Kuala Indragiri,Indragiri Hilir,0.49,P2,Regenerasi alami terbantu,66.3,58,84,46,tinggi,Kondisi biofisik relatif mendukung pemulihan vegetasi.,mangrove-priority-2016-2025-v0.1
731,4,MPR-9ED8CD612A,Sungaibuluh,Kuala Indragiri,Indragiri Hilir,0.49,P2,Regenerasi alami terbantu,66.3,58,84,46,tinggi,Kondisi biofisik relatif mendukung pemulihan vegetasi.,mangrove-priority-2016-2025-v0.1
732,5,MPR-2BBA5C5827,Sungaibuluh,Kuala Indragiri,Indragiri Hilir,0.48,P2,Regenerasi alami terbantu,66.3,58,84,46,tinggi,Kondisi biofisik relatif mendukung pemulihan vegetasi.,mangrove-priority-2016-2025-v0.1
733,6,MPR-C1C4C08ADD,Sungaibuluh,Kuala Indragiri,Indragiri Hilir,0.47,P2,Regenerasi alami terbantu,66.3,58,84,46,tinggi,Kondisi biofisik relatif mendukung pemulihan vegetasi.,mangrove-priority-2016-2025-v0.1
734,7,MPR-045C86057A,Sungaibuluh,Kuala Indragiri,Indragiri Hilir,0.42,P2,Regenerasi alami terbantu,66.3,58,84,46,tinggi,Kondisi biofisik relatif mendukung pemulihan vegetasi.,mangrove-priority-2016-2025-v0.1
735,70,MPR-A90C2622B2,Tanjungmelayu,Kuala Indragiri,Indragiri Hilir,2.367,P2,Regenerasi alami terbantu,66.2,59,82,45,tinggi,Kondisi biofisik relatif mendukung pemulihan vegetasi.,mangrove-priority-2016-2025-v0.1
736,71,MPR-D2EB6D3768,Tanjungmelayu,Kuala Indragiri,Indragiri Hilir,2.23,P2,Regenerasi alami terbantu,66.2,59,82,45,tinggi,Kondisi biofisik relatif mendukung pemulihan vegetasi.,mangrove-priority-2016-2025-v0.1
737,79,MPR-7474E9E875,Kuala Gaung,Gaung Anak Serka,Indragiri Hilir,1.47,U,Data belum memadai,66.2,60,83,49,rendah,Keyakinan data rendah.,mangrove-priority-2016-2025-v0.1
738,80,MPR-D9833855EE,Kuala Gaung,Gaung Anak Serka,Indragiri Hilir,1.0,U,Data belum memadai,66.2,59,84,49,rendah,Keyakinan data rendah.,mangrove-priority-2016-2025-v0.1
739,81,MPR-506CC95CE4,Kuala Gaung,Gaung Anak Serka,Indragiri Hilir,0.93,U,Data belum memadai,66.2,59,84,49,rendah,Keyakinan data rendah.,mangrove-priority-2016-2025-v0.1
740,82,MPR-47305C28F3,Kuala Gaung,Gaung Anak Serka,Indragiri Hilir,0.89,U,Data belum memadai,66.2,59,84,49,rendah,Keyakinan data rendah.,mangrove-priority-2016-2025-v0.1
741,83,MPR-B67F2EAF04,Kuala Gaung,Gaung Anak Serka,Indragiri Hilir,0.88,U,Data belum memadai,66.2,59,84,49,rendah,Keyakinan data rendah.,mangrove-priority-2016-2025-v0.1
742,72,MPR-0DFE13FA06,Tanjungmelayu,Kuala Indragiri,Indragiri Hilir,0.38,P2,Regenerasi alami terbantu,66.2,56,84,42,tinggi,Kondisi biofisik relatif mendukung pemulihan vegetasi.,mangrove-priority-2016-2025-v0.1
743,73,MPR-C755C400DD,Tanjungmelayu,Kuala Indragiri,Indragiri Hilir,0.38,P2,Regenerasi alami terbantu,66.2,56,84,42,tinggi,Kondisi biofisik relatif mendukung pemulihan vegetasi.,mangrove-priority-2016-2025-v0.1
744,8,MPR-48EAB40D4E,Sungaibuluh,Kuala Indragiri,Indragiri Hilir,0.35,P2,Regenerasi alami terbantu,66.2,57,85,46,tinggi,Kondisi biofisik relatif mendukung pemulihan vegetasi.,mangrove-priority-2016-2025-v0.1
745,84,MPR-9DF8035B80,Kuala Gaung,Gaung Anak Serka,Indragiri Hilir,0.35,U,Data belum memadai,66.2,58,85,48,rendah,Keyakinan data rendah.,mangrove-priority-2016-2025-v0.1
746,85,MPR-FEECC58FDD,Kuala Gaung,Gaung Anak Serka,Indragiri Hilir,0.35,U,Data belum memadai,66.2,58,85,48,rendah,Keyakinan data rendah.,mangrove-priority-2016-2025-v0.1
747,9,MPR-110B89DA42,Sungaibuluh,Kuala Indragiri,Indragiri Hilir,0.33,P2,Regenerasi alami terbantu,66.2,57,85,46,tinggi,Kondisi biofisik relatif mendukung pemulihan vegetasi.,mangrove-priority-2016-2025-v0.1
748,86,MPR-B3553D96D4,Kuala Gaung,Gaung Anak Serka,Indragiri Hilir,0.32,U,Data belum memadai,66.2,58,85,48,rendah,Keyakinan data rendah.,mangrove-priority-2016-2025-v0.1
749,87,MPR-44C716BBA0,Kuala Gaung,Gaung Anak Serka,Indragiri Hilir,0.31,U,Data belum memadai,66.2,58,85,48,rendah,Keyakinan data rendah.,mangrove-priority-2016-2025-v0.1
750,88,MPR-5F9D929F33,Kuala Gaung,Gaung Anak Serka,Indragiri Hilir,0.31,U,Data belum memadai,66.2,58,85,48,rendah,Keyakinan data rendah.,mangrove-priority-2016-2025-v0.1
751,10,MPR-CEACBE2536,Sungaibuluh,Kuala Indragiri,Indragiri Hilir,0.31,P2,Regenerasi alami terbantu,66.2,57,85,46,tinggi,Kondisi biofisik relatif mendukung pemulihan vegetasi.,mangrove-priority-2016-2025-v0.1
752,89,MPR-E50FC661D2,Kuala Gaung,Gaung Anak Serka,Indragiri Hilir,0.31,U,Data belum memadai,66.2,58,85,48,rendah,Keyakinan data rendah.,mangrove-priority-2016-2025-v0.1
753,90,MPR-02C658D0C0,Kuala Gaung,Gaung Anak Serka,Indragiri Hilir,0.3,U,Data belum memadai,66.2,58,85,48,rendah,Keyakinan data rendah.,mangrove-priority-2016-2025-v0.1
754,91,MPR-9A9A203226,Kuala Gaung,Gaung Anak Serka,Indragiri Hilir,0.3,U,Data belum memadai,66.2,58,85,48,rendah,Keyakinan data rendah.,mangrove-priority-2016-2025-v0.1
755,92,MPR-B6BA4E707B,Kuala Gaung,Gaung Anak Serka,Indragiri Hilir,0.3,U,Data belum memadai,66.2,58,85,48,rendah,Keyakinan data rendah.,mangrove-priority-2016-2025-v0.1
756,11,MPR-C870281599,Sungaibuluh,Kuala Indragiri,Indragiri Hilir,0.3,P2,Regenerasi alami terbantu,66.2,57,85,46,tinggi,Kondisi biofisik relatif mendukung pemulihan vegetasi.,mangrove-priority-2016-2025-v0.1
757,12,MPR-66F43107D3,Sungaibuluh,Kuala Indragiri,Indragiri Hilir,0.29,P2,Regenerasi alami terbantu,66.2,57,85,46,tinggi,Kondisi biofisik relatif mendukung pemulihan vegetasi.,mangrove-priority-2016-2025-v0.1
758,13,MPR-810B95D2F2,Sungaibuluh,Kuala Indragiri,Indragiri Hilir,0.29,P2,Regenerasi alami terbantu,66.2,57,85,46,tinggi,Kondisi biofisik relatif mendukung pemulihan vegetasi.,mangrove-priority-2016-2025-v0.1
759,93,MPR-9C79E5539A,Kuala Gaung,Gaung Anak Serka,Indragiri Hilir,0.28,U,Data belum memadai,66.2,58,85,48,rendah,Keyakinan data rendah.,mangrove-priority-2016-2025-v0.1
760,94,MPR-FB2F0035C2,Kuala Gaung,Gaung Anak Serka,Indragiri Hilir,0.28,U,Data belum memadai,66.2,58,85,48,rendah,Keyakinan data rendah.,mangrove-priority-2016-2025-v0.1
761,14,MPR-90378892E0,Sungaibuluh,Kuala Indragiri,Indragiri Hilir,0.27,P2,Regenerasi alami terbantu,66.2,57,85,46,tinggi,Kondisi biofisik relatif mendukung pemulihan vegetasi.,mangrove-priority-2016-2025-v0.1
762,95,MPR-1CC6180BF7,Kuala Gaung,Gaung Anak Serka,Indragiri Hilir,0.26,U,Data belum memadai,66.2,58,85,48,rendah,Keyakinan data rendah.,mangrove-priority-2016-2025-v0.1
763,96,MPR-4862C76D90,Kuala Gaung,Gaung Anak Serka,Indragiri Hilir,0.26,U,Data belum memadai,66.2,58,85,48,rendah,Keyakinan data rendah.,mangrove-priority-2016-2025-v0.1
764,97,MPR-8B5CE92C8A,Kuala Gaung,Gaung Anak Serka,Indragiri Hilir,0.26,U,Data belum memadai,66.2,58,85,48,rendah,Keyakinan data rendah.,mangrove-priority-2016-2025-v0.1
765,15,MPR-A3BC2C880F,Sungaibuluh,Kuala Indragiri,Indragiri Hilir,0.26,P2,Regenerasi alami terbantu,66.2,57,85,46,tinggi,Kondisi biofisik relatif mendukung pemulihan vegetasi.,mangrove-priority-2016-2025-v0.1
766,16,MPR-BF416F2D44,Sungaibuluh,Kuala Indragiri,Indragiri Hilir,0.26,P2,Regenerasi alami terbantu,66.2,57,85,46,tinggi,Kondisi biofisik relatif mendukung pemulihan vegetasi.,mangrove-priority-2016-2025-v0.1
767,98,MPR-1542FCB96A,Kuala Gaung,Gaung Anak Serka,Indragiri Hilir,0.25,U,Data belum memadai,66.2,58,85,48,rendah,Keyakinan data rendah.,mangrove-priority-2016-2025-v0.1
768,17,MPR-859638026A,Sungaibuluh,Kuala Indragiri,Indragiri Hilir,0.25,P2,Regenerasi alami terbantu,66.2,57,85,46,tinggi,Kondisi biofisik relatif mendukung pemulihan vegetasi.,mangrove-priority-2016-2025-v0.1
769,99,MPR-9184F16418,Kuala Gaung,Gaung Anak Serka,Indragiri Hilir,0.25,U,Data belum memadai,66.2,58,85,48,rendah,Keyakinan data rendah.,mangrove-priority-2016-2025-v0.1
770,100,MPR-9BEF9337CA,Kuala Gaung,Gaung Anak Serka,Indragiri Hilir,0.25,U,Data belum memadai,66.2,58,85,48,rendah,Keyakinan data rendah.,mangrove-priority-2016-2025-v0.1
771,101,MPR-E1A9E30E45,Kuala Gaung,Gaung Anak Serka,Indragiri Hilir,0.25,U,Data belum memadai,66.2,58,85,48,rendah,Keyakinan data rendah.,mangrove-priority-2016-2025-v0.1
772,18,MPR-2E26384C69,Sungaibuluh,Kuala Indragiri,Indragiri Hilir,0.246,P2,Regenerasi alami terbantu,66.2,57,85,46,tinggi,Kondisi biofisik relatif mendukung pemulihan vegetasi.,mangrove-priority-2016-2025-v0.1
773,102,MPR-2944B96CED,Kuala Gaung,Gaung Anak Serka,Indragiri Hilir,0.24,U,Data belum memadai,66.2,58,85,48,rendah,Keyakinan data rendah.,mangrove-priority-2016-2025-v0.1
774,103,MPR-DBFC75FDEC,Kuala Gaung,Gaung Anak Serka,Indragiri Hilir,0.24,U,Data belum memadai,66.2,58,85,48,rendah,Keyakinan data rendah.,mangrove-priority-2016-2025-v0.1
775,104,MPR-E585A914F9,Kuala Gaung,Gaung Anak Serka,Indragiri Hilir,0.24,U,Data belum memadai,66.2,58,85,48,rendah,Keyakinan data rendah.,mangrove-priority-2016-2025-v0.1
776,19,MPR-2207BA3D15,Sungaibuluh,Kuala Indragiri,Indragiri Hilir,0.23,P2,Regenerasi alami terbantu,66.2,57,85,46,tinggi,Kondisi biofisik relatif mendukung pemulihan vegetasi.,mangrove-priority-2016-2025-v0.1
777,20,MPR-3AF2934E84,Sungaibuluh,Kuala Indragiri,Indragiri Hilir,0.23,P2,Regenerasi alami terbantu,66.2,57,85,46,tinggi,Kondisi biofisik relatif mendukung pemulihan vegetasi.,mangrove-priority-2016-2025-v0.1
778,21,MPR-7C395698E0,Sungaibuluh,Kuala Indragiri,Indragiri Hilir,0.23,P2,Regenerasi alami terbantu,66.2,57,85,46,tinggi,Kondisi biofisik relatif mendukung pemulihan vegetasi.,mangrove-priority-2016-2025-v0.1
779,22,MPR-D862C697B5,Sungaibuluh,Kuala Indragiri,Indragiri Hilir,0.23,P2,Regenerasi alami terbantu,66.2,57,85,46,tinggi,Kondisi biofisik relatif mendukung pemulihan vegetasi.,mangrove-priority-2016-2025-v0.1
780,23,MPR-02BA1F285D,Sungaibuluh,Kuala Indragiri,Indragiri Hilir,0.22,P2,Regenerasi alami terbantu,66.2,57,85,46,tinggi,Kondisi biofisik relatif mendukung pemulihan vegetasi.,mangrove-priority-2016-2025-v0.1
781,105,MPR-0762522A5F,Kuala Gaung,Gaung Anak Serka,Indragiri Hilir,0.22,U,Data belum memadai,66.2,58,85,48,rendah,Keyakinan data rendah.,mangrove-priority-2016-2025-v0.1
782,106,MPR-1B5721EFC6,Kuala Gaung,Gaung Anak Serka,Indragiri Hilir,0.22,U,Data belum memadai,66.2,58,85,48,rendah,Keyakinan data rendah.,mangrove-priority-2016-2025-v0.1
783,24,MPR-7638EAEAF9,Sungaibuluh,Kuala Indragiri,Indragiri Hilir,0.22,P2,Regenerasi alami terbantu,66.2,57,85,46,tinggi,Kondisi biofisik relatif mendukung pemulihan vegetasi.,mangrove-priority-2016-2025-v0.1
784,25,MPR-8A91B5FE9C,Sungaibuluh,Kuala Indragiri,Indragiri Hilir,0.22,P2,Regenerasi alami terbantu,66.2,57,85,46,tinggi,Kondisi biofisik relatif mendukung pemulihan vegetasi.,mangrove-priority-2016-2025-v0.1
785,26,MPR-909AA86043,Sungaibuluh,Kuala Indragiri,Indragiri Hilir,0.22,P2,Regenerasi alami terbantu,66.2,57,85,46,tinggi,Kondisi biofisik relatif mendukung pemulihan vegetasi.,mangrove-priority-2016-2025-v0.1
786,27,MPR-A34EBF3AAC,Sungaibuluh,Kuala Indragiri,Indragiri Hilir,0.22,P2,Regenerasi alami terbantu,66.2,57,85,46,tinggi,Kondisi biofisik relatif mendukung pemulihan vegetasi.,mangrove-priority-2016-2025-v0.1
787,28,MPR-04A920EB6B,Sungaibuluh,Kuala Indragiri,Indragiri Hilir,0.21,P2,Regenerasi alami terbantu,66.2,57,85,46,tinggi,Kondisi biofisik relatif mendukung pemulihan vegetasi.,mangrove-priority-2016-2025-v0.1
788,1,MPR-0A59607E45,Belaras,Mandah,Indragiri Hilir,0.21,P2,Regenerasi alami terbantu,66.2,57,85,46,tinggi,Kondisi biofisik relatif mendukung pemulihan vegetasi.,mangrove-priority-2016-2025-v0.1
789,29,MPR-561A84BF92,Sungaibuluh,Kuala Indragiri,Indragiri Hilir,0.21,P2,Regenerasi alami terbantu,66.2,57,85,46,tinggi,Kondisi biofisik relatif mendukung pemulihan vegetasi.,mangrove-priority-2016-2025-v0.1
790,2,MPR-99F8D00D87,Belaras,Mandah,Indragiri Hilir,0.21,P2,Regenerasi alami terbantu,66.2,57,85,46,tinggi,Kondisi biofisik relatif mendukung pemulihan vegetasi.,mangrove-priority-2016-2025-v0.1
791,30,MPR-A36ED3AD46,Sungaibuluh,Kuala Indragiri,Indragiri Hilir,0.21,P2,Regenerasi alami terbantu,66.2,57,85,46,tinggi,Kondisi biofisik relatif mendukung pemulihan vegetasi.,mangrove-priority-2016-2025-v0.1
792,107,MPR-A718A6AF13,Kuala Gaung,Gaung Anak Serka,Indragiri Hilir,0.21,U,Data belum memadai,66.2,58,85,48,rendah,Keyakinan data rendah.,mangrove-priority-2016-2025-v0.1
793,31,MPR-A83304BEFF,Sungaibuluh,Kuala Indragiri,Indragiri Hilir,0.21,P2,Regenerasi alami terbantu,66.2,57,85,46,tinggi,Kondisi biofisik relatif mendukung pemulihan vegetasi.,mangrove-priority-2016-2025-v0.1
794,32,MPR-AF24E5411D,Sungaibuluh,Kuala Indragiri,Indragiri Hilir,0.21,P2,Regenerasi alami terbantu,66.2,57,85,46,tinggi,Kondisi biofisik relatif mendukung pemulihan vegetasi.,mangrove-priority-2016-2025-v0.1
795,33,MPR-B8B6D51909,Sungaibuluh,Kuala Indragiri,Indragiri Hilir,0.21,P2,Regenerasi alami terbantu,66.2,57,85,46,tinggi,Kondisi biofisik relatif mendukung pemulihan vegetasi.,mangrove-priority-2016-2025-v0.1
796,34,MPR-BF34710C7A,Sungaibuluh,Kuala Indragiri,Indragiri Hilir,0.21,P2,Regenerasi alami terbantu,66.2,57,85,46,tinggi,Kondisi biofisik relatif mendukung pemulihan vegetasi.,mangrove-priority-2016-2025-v0.1
797,3,MPR-08250A0E34,Belaras,Mandah,Indragiri Hilir,0.2,P2,Regenerasi alami terbantu,66.2,57,85,46,tinggi,Kondisi biofisik relatif mendukung pemulihan vegetasi.,mangrove-priority-2016-2025-v0.1
798,35,MPR-2766BF20C1,Sungaibuluh,Kuala Indragiri,Indragiri Hilir,0.2,P2,Regenerasi alami terbantu,66.2,57,85,46,tinggi,Kondisi biofisik relatif mendukung pemulihan vegetasi.,mangrove-priority-2016-2025-v0.1
799,36,MPR-5A90CB99D6,Sungaibuluh,Kuala Indragiri,Indragiri Hilir,0.2,P2,Regenerasi alami terbantu,66.2,57,85,46,tinggi,Kondisi biofisik relatif mendukung pemulihan vegetasi.,mangrove-priority-2016-2025-v0.1
800,37,MPR-9FE91AAC64,Sungaibuluh,Kuala Indragiri,Indragiri Hilir,0.2,P2,Regenerasi alami terbantu,66.2,57,85,46,tinggi,Kondisi biofisik relatif mendukung pemulihan vegetasi.,mangrove-priority-2016-2025-v0.1
801,4,MPR-46D5FD7F00,Belaras,Mandah,Indragiri Hilir,0.19,P2,Regenerasi alami terbantu,66.2,57,85,46,tinggi,Kondisi biofisik relatif mendukung pemulihan vegetasi.,mangrove-priority-2016-2025-v0.1
802,5,MPR-683CA4102F,Belaras,Mandah,Indragiri Hilir,0.19,P2,Regenerasi alami terbantu,66.2,57,85,46,tinggi,Kondisi biofisik relatif mendukung pemulihan vegetasi.,mangrove-priority-2016-2025-v0.1
803,6,MPR-8FC94DF893,Belaras,Mandah,Indragiri Hilir,0.19,P2,Regenerasi alami terbantu,66.2,57,85,46,tinggi,Kondisi biofisik relatif mendukung pemulihan vegetasi.,mangrove-priority-2016-2025-v0.1
804,7,MPR-9AA760AAC1,Belaras,Mandah,Indragiri Hilir,0.19,P2,Regenerasi alami terbantu,66.2,57,85,46,tinggi,Kondisi biofisik relatif mendukung pemulihan vegetasi.,mangrove-priority-2016-2025-v0.1
805,8,MPR-C5E8CC7A22,Belaras,Mandah,Indragiri Hilir,0.19,P2,Regenerasi alami terbantu,66.2,57,85,46,tinggi,Kondisi biofisik relatif mendukung pemulihan vegetasi.,mangrove-priority-2016-2025-v0.1
806,9,MPR-E2884B93B0,Belaras,Mandah,Indragiri Hilir,0.19,P2,Regenerasi alami terbantu,66.2,57,85,46,tinggi,Kondisi biofisik relatif mendukung pemulihan vegetasi.,mangrove-priority-2016-2025-v0.1
807,10,MPR-2410FE9AC6,Belaras,Mandah,Indragiri Hilir,0.18,P2,Regenerasi alami terbantu,66.2,57,85,46,tinggi,Kondisi biofisik relatif mendukung pemulihan vegetasi.,mangrove-priority-2016-2025-v0.1
808,11,MPR-3E0786BB99,Belaras,Mandah,Indragiri Hilir,0.18,P2,Regenerasi alami terbantu,66.2,57,85,46,tinggi,Kondisi biofisik relatif mendukung pemulihan vegetasi.,mangrove-priority-2016-2025-v0.1
809,12,MPR-25A94D8468,Belaras,Mandah,Indragiri Hilir,0.175,P2,Regenerasi alami terbantu,66.2,57,85,46,tinggi,Kondisi biofisik relatif mendukung pemulihan vegetasi.,mangrove-priority-2016-2025-v0.1
810,38,MPR-0E482504B1,Sungaibuluh,Kuala Indragiri,Indragiri Hilir,0.17,P2,Regenerasi alami terbantu,66.2,57,85,46,tinggi,Kondisi biofisik relatif mendukung pemulihan vegetasi.,mangrove-priority-2016-2025-v0.1
811,39,MPR-15928CE867,Sungaibuluh,Kuala Indragiri,Indragiri Hilir,0.17,P2,Regenerasi alami terbantu,66.2,57,85,46,tinggi,Kondisi biofisik relatif mendukung pemulihan vegetasi.,mangrove-priority-2016-2025-v0.1
812,40,MPR-283E99F472,Sungaibuluh,Kuala Indragiri,Indragiri Hilir,0.17,P2,Regenerasi alami terbantu,66.2,57,85,46,tinggi,Kondisi biofisik relatif mendukung pemulihan vegetasi.,mangrove-priority-2016-2025-v0.1
813,13,MPR-32609F112D,Belaras,Mandah,Indragiri Hilir,0.17,P2,Regenerasi alami terbantu,66.2,57,85,46,tinggi,Kondisi biofisik relatif mendukung pemulihan vegetasi.,mangrove-priority-2016-2025-v0.1
814,41,MPR-474102DA40,Sungaibuluh,Kuala Indragiri,Indragiri Hilir,0.17,P2,Regenerasi alami terbantu,66.2,57,85,46,tinggi,Kondisi biofisik relatif mendukung pemulihan vegetasi.,mangrove-priority-2016-2025-v0.1
815,42,MPR-526ADD3054,Sungaibuluh,Kuala Indragiri,Indragiri Hilir,0.17,P2,Regenerasi alami terbantu,66.2,57,85,46,tinggi,Kondisi biofisik relatif mendukung pemulihan vegetasi.,mangrove-priority-2016-2025-v0.1
816,14,MPR-616DD853AA,Belaras,Mandah,Indragiri Hilir,0.17,P2,Regenerasi alami terbantu,66.2,57,85,46,tinggi,Kondisi biofisik relatif mendukung pemulihan vegetasi.,mangrove-priority-2016-2025-v0.1
817,43,MPR-6CE5E964A5,Sungaibuluh,Kuala Indragiri,Indragiri Hilir,0.17,P2,Regenerasi alami terbantu,66.2,57,85,46,tinggi,Kondisi biofisik relatif mendukung pemulihan vegetasi.,mangrove-priority-2016-2025-v0.1
818,44,MPR-AB4E96DB2C,Sungaibuluh,Kuala Indragiri,Indragiri Hilir,0.17,P2,Regenerasi alami terbantu,66.2,57,85,46,tinggi,Kondisi biofisik relatif mendukung pemulihan vegetasi.,mangrove-priority-2016-2025-v0.1
819,15,MPR-ACA7A3E847,Belaras,Mandah,Indragiri Hilir,0.17,P2,Regenerasi alami terbantu,66.2,57,85,46,tinggi,Kondisi biofisik relatif mendukung pemulihan vegetasi.,mangrove-priority-2016-2025-v0.1
820,16,MPR-1D8BD412BA,Belaras,Mandah,Indragiri Hilir,0.16,P2,Regenerasi alami terbantu,66.2,57,85,46,tinggi,Kondisi biofisik relatif mendukung pemulihan vegetasi.,mangrove-priority-2016-2025-v0.1
821,17,MPR-3D936DD070,Belaras,Mandah,Indragiri Hilir,0.16,P2,Regenerasi alami terbantu,66.2,57,85,46,tinggi,Kondisi biofisik relatif mendukung pemulihan vegetasi.,mangrove-priority-2016-2025-v0.1
822,45,MPR-5C65A89B56,Sungaibuluh,Kuala Indragiri,Indragiri Hilir,0.16,P2,Regenerasi alami terbantu,66.2,57,85,46,tinggi,Kondisi biofisik relatif mendukung pemulihan vegetasi.,mangrove-priority-2016-2025-v0.1
823,18,MPR-CBE1F4E82F,Belaras,Mandah,Indragiri Hilir,0.16,P2,Regenerasi alami terbantu,66.2,57,85,46,tinggi,Kondisi biofisik relatif mendukung pemulihan vegetasi.,mangrove-priority-2016-2025-v0.1
824,19,MPR-E087B51824,Belaras,Mandah,Indragiri Hilir,0.16,P2,Regenerasi alami terbantu,66.2,57,85,46,tinggi,Kondisi biofisik relatif mendukung pemulihan vegetasi.,mangrove-priority-2016-2025-v0.1
825,46,MPR-E9ACDBBA2B,Sungaibuluh,Kuala Indragiri,Indragiri Hilir,0.16,P2,Regenerasi alami terbantu,66.2,57,85,46,tinggi,Kondisi biofisik relatif mendukung pemulihan vegetasi.,mangrove-priority-2016-2025-v0.1
826,47,MPR-EE2F076707,Sungaibuluh,Kuala Indragiri,Indragiri Hilir,0.16,P2,Regenerasi alami terbantu,66.2,57,85,46,tinggi,Kondisi biofisik relatif mendukung pemulihan vegetasi.,mangrove-priority-2016-2025-v0.1
827,48,MPR-FB1BF6BFD6,Sungaibuluh,Kuala Indragiri,Indragiri Hilir,0.16,P2,Regenerasi alami terbantu,66.2,57,85,46,tinggi,Kondisi biofisik relatif mendukung pemulihan vegetasi.,mangrove-priority-2016-2025-v0.1
828,49,MPR-54A0DCCB4D,Sungaibuluh,Kuala Indragiri,Indragiri Hilir,0.15,P2,Regenerasi alami terbantu,66.2,57,85,46,tinggi,Kondisi biofisik relatif mendukung pemulihan vegetasi.,mangrove-priority-2016-2025-v0.1
829,50,MPR-81FDF271C4,Sungaibuluh,Kuala Indragiri,Indragiri Hilir,0.15,P2,Regenerasi alami terbantu,66.2,57,85,46,tinggi,Kondisi biofisik relatif mendukung pemulihan vegetasi.,mangrove-priority-2016-2025-v0.1
830,20,MPR-97795F55B2,Belaras,Mandah,Indragiri Hilir,0.15,P2,Regenerasi alami terbantu,66.2,57,85,46,tinggi,Kondisi biofisik relatif mendukung pemulihan vegetasi.,mangrove-priority-2016-2025-v0.1
831,51,MPR-9A21A7075F,Sungaibuluh,Kuala Indragiri,Indragiri Hilir,0.15,P2,Regenerasi alami terbantu,66.2,57,85,46,tinggi,Kondisi biofisik relatif mendukung pemulihan vegetasi.,mangrove-priority-2016-2025-v0.1
832,52,MPR-AB5D7C9C38,Sungaibuluh,Kuala Indragiri,Indragiri Hilir,0.15,P2,Regenerasi alami terbantu,66.2,57,85,46,tinggi,Kondisi biofisik relatif mendukung pemulihan vegetasi.,mangrove-priority-2016-2025-v0.1
833,21,MPR-E582E81E45,Belaras,Mandah,Indragiri Hilir,0.15,P2,Regenerasi alami terbantu,66.2,57,85,46,tinggi,Kondisi biofisik relatif mendukung pemulihan vegetasi.,mangrove-priority-2016-2025-v0.1
834,53,MPR-E866621C62,Sungaibuluh,Kuala Indragiri,Indragiri Hilir,0.15,P2,Regenerasi alami terbantu,66.2,57,85,46,tinggi,Kondisi biofisik relatif mendukung pemulihan vegetasi.,mangrove-priority-2016-2025-v0.1
835,54,MPR-A479F64EA0,Sungaibuluh,Kuala Indragiri,Indragiri Hilir,0.142,P2,Regenerasi alami terbantu,66.2,57,85,46,tinggi,Kondisi biofisik relatif mendukung pemulihan vegetasi.,mangrove-priority-2016-2025-v0.1
836,55,MPR-542CC6A27D,Sungaibuluh,Kuala Indragiri,Indragiri Hilir,0.14,P2,Regenerasi alami terbantu,66.2,57,85,46,tinggi,Kondisi biofisik relatif mendukung pemulihan vegetasi.,mangrove-priority-2016-2025-v0.1
837,56,MPR-5511FBBD2B,Sungaibuluh,Kuala Indragiri,Indragiri Hilir,0.14,P2,Regenerasi alami terbantu,66.2,57,85,46,tinggi,Kondisi biofisik relatif mendukung pemulihan vegetasi.,mangrove-priority-2016-2025-v0.1
838,57,MPR-9468649AFC,Sungaibuluh,Kuala Indragiri,Indragiri Hilir,0.14,P2,Regenerasi alami terbantu,66.2,57,85,46,tinggi,Kondisi biofisik relatif mendukung pemulihan vegetasi.,mangrove-priority-2016-2025-v0.1
839,58,MPR-9A8FBE0900,Sungaibuluh,Kuala Indragiri,Indragiri Hilir,0.14,P2,Regenerasi alami terbantu,66.2,57,85,46,tinggi,Kondisi biofisik relatif mendukung pemulihan vegetasi.,mangrove-priority-2016-2025-v0.1
840,22,MPR-B8EFE9CCBF,Belaras,Mandah,Indragiri Hilir,0.14,P2,Regenerasi alami terbantu,66.2,57,85,46,tinggi,Kondisi biofisik relatif mendukung pemulihan vegetasi.,mangrove-priority-2016-2025-v0.1
841,23,MPR-C30763C24A,Belaras,Mandah,Indragiri Hilir,0.14,P2,Regenerasi alami terbantu,66.2,57,85,46,tinggi,Kondisi biofisik relatif mendukung pemulihan vegetasi.,mangrove-priority-2016-2025-v0.1
842,59,MPR-D6153AE7D4,Sungaibuluh,Kuala Indragiri,Indragiri Hilir,0.14,P2,Regenerasi alami terbantu,66.2,57,85,46,tinggi,Kondisi biofisik relatif mendukung pemulihan vegetasi.,mangrove-priority-2016-2025-v0.1
843,24,MPR-DD5C743137,Belaras,Mandah,Indragiri Hilir,0.14,P2,Regenerasi alami terbantu,66.2,57,85,46,tinggi,Kondisi biofisik relatif mendukung pemulihan vegetasi.,mangrove-priority-2016-2025-v0.1
844,60,MPR-E26CCE0353,Sungaibuluh,Kuala Indragiri,Indragiri Hilir,0.14,P2,Regenerasi alami terbantu,66.2,57,85,46,tinggi,Kondisi biofisik relatif mendukung pemulihan vegetasi.,mangrove-priority-2016-2025-v0.1
845,25,MPR-E386E72744,Belaras,Mandah,Indragiri Hilir,0.14,P2,Regenerasi alami terbantu,66.2,57,85,46,tinggi,Kondisi biofisik relatif mendukung pemulihan vegetasi.,mangrove-priority-2016-2025-v0.1
846,61,MPR-32D429A81D,Sungaibuluh,Kuala Indragiri,Indragiri Hilir,0.13,P2,Regenerasi alami terbantu,66.2,57,85,46,tinggi,Kondisi biofisik relatif mendukung pemulihan vegetasi.,mangrove-priority-2016-2025-v0.1
847,26,MPR-519E32189A,Belaras,Mandah,Indragiri Hilir,0.13,P2,Regenerasi alami terbantu,66.2,57,85,46,tinggi,Kondisi biofisik relatif mendukung pemulihan vegetasi.,mangrove-priority-2016-2025-v0.1
848,62,MPR-650426C553,Sungaibuluh,Kuala Indragiri,Indragiri Hilir,0.13,P2,Regenerasi alami terbantu,66.2,57,85,46,tinggi,Kondisi biofisik relatif mendukung pemulihan vegetasi.,mangrove-priority-2016-2025-v0.1
849,27,MPR-AB9CAC988C,Belaras,Mandah,Indragiri Hilir,0.13,P2,Regenerasi alami terbantu,66.2,57,85,46,tinggi,Kondisi biofisik relatif mendukung pemulihan vegetasi.,mangrove-priority-2016-2025-v0.1
850,28,MPR-B3B86BAEEA,Belaras,Mandah,Indragiri Hilir,0.13,P2,Regenerasi alami terbantu,66.2,57,85,46,tinggi,Kondisi biofisik relatif mendukung pemulihan vegetasi.,mangrove-priority-2016-2025-v0.1
851,29,MPR-D3B25E6204,Belaras,Mandah,Indragiri Hilir,0.13,P2,Regenerasi alami terbantu,66.2,57,85,46,tinggi,Kondisi biofisik relatif mendukung pemulihan vegetasi.,mangrove-priority-2016-2025-v0.1
852,63,MPR-DCE52F6BD5,Sungaibuluh,Kuala Indragiri,Indragiri Hilir,0.13,P2,Regenerasi alami terbantu,66.2,57,85,46,tinggi,Kondisi biofisik relatif mendukung pemulihan vegetasi.,mangrove-priority-2016-2025-v0.1
853,30,MPR-E9DF4A61D0,Belaras,Mandah,Indragiri Hilir,0.13,P2,Regenerasi alami terbantu,66.2,57,85,46,tinggi,Kondisi biofisik relatif mendukung pemulihan vegetasi.,mangrove-priority-2016-2025-v0.1
854,31,MPR-F009B64ED3,Belaras,Mandah,Indragiri Hilir,0.13,P2,Regenerasi alami terbantu,66.2,57,85,46,tinggi,Kondisi biofisik relatif mendukung pemulihan vegetasi.,mangrove-priority-2016-2025-v0.1
855,64,MPR-FADAB60DDE,Sungaibuluh,Kuala Indragiri,Indragiri Hilir,0.13,P2,Regenerasi alami terbantu,66.2,57,85,46,tinggi,Kondisi biofisik relatif mendukung pemulihan vegetasi.,mangrove-priority-2016-2025-v0.1
856,65,MPR-120A762513,Sungaibuluh,Kuala Indragiri,Indragiri Hilir,0.12,P2,Regenerasi alami terbantu,66.2,57,85,46,tinggi,Kondisi biofisik relatif mendukung pemulihan vegetasi.,mangrove-priority-2016-2025-v0.1
857,66,MPR-91A2994DCB,Sungaibuluh,Kuala Indragiri,Indragiri Hilir,0.12,P2,Regenerasi alami terbantu,66.2,57,85,46,tinggi,Kondisi biofisik relatif mendukung pemulihan vegetasi.,mangrove-priority-2016-2025-v0.1
858,67,MPR-C1913BF273,Sungaibuluh,Kuala Indragiri,Indragiri Hilir,0.12,P2,Regenerasi alami terbantu,66.2,57,85,46,tinggi,Kondisi biofisik relatif mendukung pemulihan vegetasi.,mangrove-priority-2016-2025-v0.1
859,32,MPR-FC17C01102,Belaras,Mandah,Indragiri Hilir,0.12,P2,Regenerasi alami terbantu,66.2,57,85,46,tinggi,Kondisi biofisik relatif mendukung pemulihan vegetasi.,mangrove-priority-2016-2025-v0.1
860,33,MPR-1D672D0ED3,Belaras,Mandah,Indragiri Hilir,0.11,P2,Regenerasi alami terbantu,66.2,57,85,46,tinggi,Kondisi biofisik relatif mendukung pemulihan vegetasi.,mangrove-priority-2016-2025-v0.1
861,68,MPR-22FC5F1807,Sungaibuluh,Kuala Indragiri,Indragiri Hilir,0.11,P2,Regenerasi alami terbantu,66.2,57,85,46,tinggi,Kondisi biofisik relatif mendukung pemulihan vegetasi.,mangrove-priority-2016-2025-v0.1
862,34,MPR-4EB6EB1515,Belaras,Mandah,Indragiri Hilir,0.11,P2,Regenerasi alami terbantu,66.2,57,85,46,tinggi,Kondisi biofisik relatif mendukung pemulihan vegetasi.,mangrove-priority-2016-2025-v0.1
863,35,MPR-60EC7B7151,Belaras,Mandah,Indragiri Hilir,0.11,P2,Regenerasi alami terbantu,66.2,57,85,46,tinggi,Kondisi biofisik relatif mendukung pemulihan vegetasi.,mangrove-priority-2016-2025-v0.1
864,69,MPR-6E430FCFF3,Sungaibuluh,Kuala Indragiri,Indragiri Hilir,0.11,P2,Regenerasi alami terbantu,66.2,57,85,46,tinggi,Kondisi biofisik relatif mendukung pemulihan vegetasi.,mangrove-priority-2016-2025-v0.1
865,36,MPR-779E364320,Belaras,Mandah,Indragiri Hilir,0.11,P2,Regenerasi alami terbantu,66.2,57,85,46,tinggi,Kondisi biofisik relatif mendukung pemulihan vegetasi.,mangrove-priority-2016-2025-v0.1
866,37,MPR-A0357533C7,Belaras,Mandah,Indragiri Hilir,0.11,P2,Regenerasi alami terbantu,66.2,57,85,46,tinggi,Kondisi biofisik relatif mendukung pemulihan vegetasi.,mangrove-priority-2016-2025-v0.1
867,70,MPR-A25F65CE75,Sungaibuluh,Kuala Indragiri,Indragiri Hilir,0.11,P2,Regenerasi alami terbantu,66.2,57,85,46,tinggi,Kondisi biofisik relatif mendukung pemulihan vegetasi.,mangrove-priority-2016-2025-v0.1
868,71,MPR-AA5DE1E159,Sungaibuluh,Kuala Indragiri,Indragiri Hilir,0.11,P2,Regenerasi alami terbantu,66.2,57,85,46,tinggi,Kondisi biofisik relatif mendukung pemulihan vegetasi.,mangrove-priority-2016-2025-v0.1
869,72,MPR-C9DAA402A7,Sungaibuluh,Kuala Indragiri,Indragiri Hilir,0.11,P2,Regenerasi alami terbantu,66.2,57,85,46,tinggi,Kondisi biofisik relatif mendukung pemulihan vegetasi.,mangrove-priority-2016-2025-v0.1
870,73,MPR-CDAA3C4AEA,Sungaibuluh,Kuala Indragiri,Indragiri Hilir,0.11,P2,Regenerasi alami terbantu,66.2,57,85,46,tinggi,Kondisi biofisik relatif mendukung pemulihan vegetasi.,mangrove-priority-2016-2025-v0.1
871,74,MPR-E7FC9E1CD3,Sungaibuluh,Kuala Indragiri,Indragiri Hilir,0.11,P2,Regenerasi alami terbantu,66.2,57,85,46,tinggi,Kondisi biofisik relatif mendukung pemulihan vegetasi.,mangrove-priority-2016-2025-v0.1
872,38,MPR-2A30C62741,Belaras,Mandah,Indragiri Hilir,0.1,P2,Regenerasi alami terbantu,66.2,57,85,46,tinggi,Kondisi biofisik relatif mendukung pemulihan vegetasi.,mangrove-priority-2016-2025-v0.1
873,75,MPR-5C29BB3222,Sungaibuluh,Kuala Indragiri,Indragiri Hilir,0.1,P2,Regenerasi alami terbantu,66.2,57,85,46,tinggi,Kondisi biofisik relatif mendukung pemulihan vegetasi.,mangrove-priority-2016-2025-v0.1
874,39,MPR-7DB227DC21,Belaras,Mandah,Indragiri Hilir,0.1,P2,Regenerasi alami terbantu,66.2,57,85,46,tinggi,Kondisi biofisik relatif mendukung pemulihan vegetasi.,mangrove-priority-2016-2025-v0.1
875,40,MPR-8973C99D6B,Belaras,Mandah,Indragiri Hilir,0.1,P2,Regenerasi alami terbantu,66.2,57,85,46,tinggi,Kondisi biofisik relatif mendukung pemulihan vegetasi.,mangrove-priority-2016-2025-v0.1
876,76,MPR-A84687D5DE,Sungaibuluh,Kuala Indragiri,Indragiri Hilir,0.1,P2,Regenerasi alami terbantu,66.2,57,85,46,tinggi,Kondisi biofisik relatif mendukung pemulihan vegetasi.,mangrove-priority-2016-2025-v0.1
877,77,MPR-F257313F9A,Sungaibuluh,Kuala Indragiri,Indragiri Hilir,0.1,P2,Regenerasi alami terbantu,66.2,57,85,46,tinggi,Kondisi biofisik relatif mendukung pemulihan vegetasi.,mangrove-priority-2016-2025-v0.1
878,41,MPR-0DFDC273F1,Belaras,Mandah,Indragiri Hilir,0.08,P2,Regenerasi alami terbantu,66.2,57,85,46,tinggi,Kondisi biofisik relatif mendukung pemulihan vegetasi.,mangrove-priority-2016-2025-v0.1
879,42,MPR-1E527BC471,Belaras,Mandah,Indragiri Hilir,0.08,P2,Regenerasi alami terbantu,66.2,57,85,46,tinggi,Kondisi biofisik relatif mendukung pemulihan vegetasi.,mangrove-priority-2016-2025-v0.1
880,78,MPR-22DC870B50,Sungaibuluh,Kuala Indragiri,Indragiri Hilir,0.08,P2,Regenerasi alami terbantu,66.2,57,85,46,tinggi,Kondisi biofisik relatif mendukung pemulihan vegetasi.,mangrove-priority-2016-2025-v0.1
881,79,MPR-288792CECB,Sungaibuluh,Kuala Indragiri,Indragiri Hilir,0.08,P2,Regenerasi alami terbantu,66.2,57,85,46,tinggi,Kondisi biofisik relatif mendukung pemulihan vegetasi.,mangrove-priority-2016-2025-v0.1
882,43,MPR-3677DC95CC,Belaras,Mandah,Indragiri Hilir,0.08,P2,Regenerasi alami terbantu,66.2,57,85,46,tinggi,Kondisi biofisik relatif mendukung pemulihan vegetasi.,mangrove-priority-2016-2025-v0.1
883,80,MPR-3959B1E18B,Sungaibuluh,Kuala Indragiri,Indragiri Hilir,0.08,P2,Regenerasi alami terbantu,66.2,57,85,46,tinggi,Kondisi biofisik relatif mendukung pemulihan vegetasi.,mangrove-priority-2016-2025-v0.1
884,81,MPR-3BD017F9B3,Sungaibuluh,Kuala Indragiri,Indragiri Hilir,0.08,P2,Regenerasi alami terbantu,66.2,57,85,46,tinggi,Kondisi biofisik relatif mendukung pemulihan vegetasi.,mangrove-priority-2016-2025-v0.1
885,44,MPR-3D449E709D,Belaras,Mandah,Indragiri Hilir,0.08,P2,Regenerasi alami terbantu,66.2,57,85,46,tinggi,Kondisi biofisik relatif mendukung pemulihan vegetasi.,mangrove-priority-2016-2025-v0.1
886,82,MPR-3E77F82AEB,Sungaibuluh,Kuala Indragiri,Indragiri Hilir,0.08,P2,Regenerasi alami terbantu,66.2,57,85,46,tinggi,Kondisi biofisik relatif mendukung pemulihan vegetasi.,mangrove-priority-2016-2025-v0.1
887,83,MPR-48396F83C9,Sungaibuluh,Kuala Indragiri,Indragiri Hilir,0.08,P2,Regenerasi alami terbantu,66.2,57,85,46,tinggi,Kondisi biofisik relatif mendukung pemulihan vegetasi.,mangrove-priority-2016-2025-v0.1
888,84,MPR-7E3BB021A1,Sungaibuluh,Kuala Indragiri,Indragiri Hilir,0.08,P2,Regenerasi alami terbantu,66.2,57,85,46,tinggi,Kondisi biofisik relatif mendukung pemulihan vegetasi.,mangrove-priority-2016-2025-v0.1
889,45,MPR-9FAD58E6A6,Belaras,Mandah,Indragiri Hilir,0.08,P2,Regenerasi alami terbantu,66.2,57,85,46,tinggi,Kondisi biofisik relatif mendukung pemulihan vegetasi.,mangrove-priority-2016-2025-v0.1
890,46,MPR-AB585DB925,Belaras,Mandah,Indragiri Hilir,0.08,P2,Regenerasi alami terbantu,66.2,57,85,46,tinggi,Kondisi biofisik relatif mendukung pemulihan vegetasi.,mangrove-priority-2016-2025-v0.1
891,47,MPR-AF8836D7F3,Belaras,Mandah,Indragiri Hilir,0.08,P2,Regenerasi alami terbantu,66.2,57,85,46,tinggi,Kondisi biofisik relatif mendukung pemulihan vegetasi.,mangrove-priority-2016-2025-v0.1
892,85,MPR-C76E800663,Sungaibuluh,Kuala Indragiri,Indragiri Hilir,0.08,P2,Regenerasi alami terbantu,66.2,57,85,46,tinggi,Kondisi biofisik relatif mendukung pemulihan vegetasi.,mangrove-priority-2016-2025-v0.1
893,48,MPR-E4878CC38F,Belaras,Mandah,Indragiri Hilir,0.08,P2,Regenerasi alami terbantu,66.2,57,85,46,tinggi,Kondisi biofisik relatif mendukung pemulihan vegetasi.,mangrove-priority-2016-2025-v0.1
894,49,MPR-ECE71F6A4D,Belaras,Mandah,Indragiri Hilir,0.08,P2,Regenerasi alami terbantu,66.2,57,85,46,tinggi,Kondisi biofisik relatif mendukung pemulihan vegetasi.,mangrove-priority-2016-2025-v0.1
895,86,MPR-EE5FC3E1B2,Sungaibuluh,Kuala Indragiri,Indragiri Hilir,0.08,P2,Regenerasi alami terbantu,66.2,57,85,46,tinggi,Kondisi biofisik relatif mendukung pemulihan vegetasi.,mangrove-priority-2016-2025-v0.1
896,87,MPR-F88933EF84,Sungaibuluh,Kuala Indragiri,Indragiri Hilir,0.08,P2,Regenerasi alami terbantu,66.2,57,85,46,tinggi,Kondisi biofisik relatif mendukung pemulihan vegetasi.,mangrove-priority-2016-2025-v0.1
897,50,MPR-7E1777F6D5,Belaras,Mandah,Indragiri Hilir,0.071,P2,Regenerasi alami terbantu,66.2,57,85,46,tinggi,Kondisi biofisik relatif mendukung pemulihan vegetasi.,mangrove-priority-2016-2025-v0.1
898,88,MPR-B5AD11B50C,Sungaibuluh,Kuala Indragiri,Indragiri Hilir,0.06,P2,Regenerasi alami terbantu,66.2,57,85,46,tinggi,Kondisi biofisik relatif mendukung pemulihan vegetasi.,mangrove-priority-2016-2025-v0.1
899,89,MPR-06E113F861,Sungaibuluh,Kuala Indragiri,Indragiri Hilir,0.05,P2,Regenerasi alami terbantu,66.2,57,85,46,tinggi,Kondisi biofisik relatif mendukung pemulihan vegetasi.,mangrove-priority-2016-2025-v0.1
900,90,MPR-36E42D776B,Sungaibuluh,Kuala Indragiri,Indragiri Hilir,0.05,P2,Regenerasi alami terbantu,66.2,57,85,46,tinggi,Kondisi biofisik relatif mendukung pemulihan vegetasi.,mangrove-priority-2016-2025-v0.1
901,51,MPR-7596062660,Belaras,Mandah,Indragiri Hilir,0.05,P2,Regenerasi alami terbantu,66.2,57,85,46,tinggi,Kondisi biofisik relatif mendukung pemulihan vegetasi.,mangrove-priority-2016-2025-v0.1
902,52,MPR-7CFE68BAA6,Belaras,Mandah,Indragiri Hilir,0.05,P2,Regenerasi alami terbantu,66.2,57,85,46,tinggi,Kondisi biofisik relatif mendukung pemulihan vegetasi.,mangrove-priority-2016-2025-v0.1
903,53,MPR-88B59FF3B0,Belaras,Mandah,Indragiri Hilir,0.05,P2,Regenerasi alami terbantu,66.2,57,85,46,tinggi,Kondisi biofisik relatif mendukung pemulihan vegetasi.,mangrove-priority-2016-2025-v0.1
904,54,MPR-A7BE4A600E,Belaras,Mandah,Indragiri Hilir,0.05,P2,Regenerasi alami terbantu,66.2,57,85,46,tinggi,Kondisi biofisik relatif mendukung pemulihan vegetasi.,mangrove-priority-2016-2025-v0.1
905,91,MPR-B33F81BEC1,Sungaibuluh,Kuala Indragiri,Indragiri Hilir,0.05,P2,Regenerasi alami terbantu,66.2,57,85,46,tinggi,Kondisi biofisik relatif mendukung pemulihan vegetasi.,mangrove-priority-2016-2025-v0.1
906,92,MPR-BB169FD65F,Sungaibuluh,Kuala Indragiri,Indragiri Hilir,0.05,P2,Regenerasi alami terbantu,66.2,57,85,46,tinggi,Kondisi biofisik relatif mendukung pemulihan vegetasi.,mangrove-priority-2016-2025-v0.1
907,93,MPR-BC8C59FACD,Sungaibuluh,Kuala Indragiri,Indragiri Hilir,0.05,P2,Regenerasi alami terbantu,66.2,57,85,46,tinggi,Kondisi biofisik relatif mendukung pemulihan vegetasi.,mangrove-priority-2016-2025-v0.1
908,55,MPR-C1CA63CFE6,Belaras,Mandah,Indragiri Hilir,0.05,P2,Regenerasi alami terbantu,66.2,57,85,46,tinggi,Kondisi biofisik relatif mendukung pemulihan vegetasi.,mangrove-priority-2016-2025-v0.1
909,56,MPR-C8C2CD5FBD,Belaras,Mandah,Indragiri Hilir,0.05,P2,Regenerasi alami terbantu,66.2,57,85,46,tinggi,Kondisi biofisik relatif mendukung pemulihan vegetasi.,mangrove-priority-2016-2025-v0.1
910,94,MPR-CD344A1061,Sungaibuluh,Kuala Indragiri,Indragiri Hilir,0.05,P2,Regenerasi alami terbantu,66.2,57,85,46,tinggi,Kondisi biofisik relatif mendukung pemulihan vegetasi.,mangrove-priority-2016-2025-v0.1
911,57,MPR-D0F8F40C48,Belaras,Mandah,Indragiri Hilir,0.05,P2,Regenerasi alami terbantu,66.2,57,85,46,tinggi,Kondisi biofisik relatif mendukung pemulihan vegetasi.,mangrove-priority-2016-2025-v0.1
912,95,MPR-08D2DCCACF,Sungaibuluh,Kuala Indragiri,Indragiri Hilir,0.95,P2,Regenerasi alami terbantu,66.1,58,84,47,tinggi,Kondisi biofisik relatif mendukung pemulihan vegetasi.,mangrove-priority-2016-2025-v0.1
913,96,MPR-C1E08B02DA,Sungaibuluh,Kuala Indragiri,Indragiri Hilir,0.87,P2,Regenerasi alami terbantu,66.1,58,84,47,tinggi,Kondisi biofisik relatif mendukung pemulihan vegetasi.,mangrove-priority-2016-2025-v0.1
914,97,MPR-BE19E85EA6,Sungaibuluh,Kuala Indragiri,Indragiri Hilir,0.86,P2,Regenerasi alami terbantu,66.1,58,84,47,tinggi,Kondisi biofisik relatif mendukung pemulihan vegetasi.,mangrove-priority-2016-2025-v0.1
915,98,MPR-4C6C259784,Sungaibuluh,Kuala Indragiri,Indragiri Hilir,0.83,P2,Regenerasi alami terbantu,66.1,58,84,47,tinggi,Kondisi biofisik relatif mendukung pemulihan vegetasi.,mangrove-priority-2016-2025-v0.1
916,99,MPR-6FFDC2AA30,Sungaibuluh,Kuala Indragiri,Indragiri Hilir,0.83,P2,Regenerasi alami terbantu,66.1,58,84,47,tinggi,Kondisi biofisik relatif mendukung pemulihan vegetasi.,mangrove-priority-2016-2025-v0.1
917,100,MPR-02E18DEAB4,Sungaibuluh,Kuala Indragiri,Indragiri Hilir,0.76,P2,Regenerasi alami terbantu,66.1,58,84,47,tinggi,Kondisi biofisik relatif mendukung pemulihan vegetasi.,mangrove-priority-2016-2025-v0.1
918,58,MPR-022784C92B,Belaras,Mandah,Indragiri Hilir,0.74,P2,Regenerasi alami terbantu,66.1,58,84,47,tinggi,Kondisi biofisik relatif mendukung pemulihan vegetasi.,mangrove-priority-2016-2025-v0.1
919,101,MPR-5C05BFD6C8,Sungaibuluh,Kuala Indragiri,Indragiri Hilir,0.73,P2,Regenerasi alami terbantu,66.1,58,84,47,tinggi,Kondisi biofisik relatif mendukung pemulihan vegetasi.,mangrove-priority-2016-2025-v0.1
920,102,MPR-301DD05867,Sungaibuluh,Kuala Indragiri,Indragiri Hilir,0.65,P2,Regenerasi alami terbantu,66.1,58,84,47,tinggi,Kondisi biofisik relatif mendukung pemulihan vegetasi.,mangrove-priority-2016-2025-v0.1
921,103,MPR-76361C9189,Sungaibuluh,Kuala Indragiri,Indragiri Hilir,0.65,P2,Regenerasi alami terbantu,66.1,58,84,47,tinggi,Kondisi biofisik relatif mendukung pemulihan vegetasi.,mangrove-priority-2016-2025-v0.1
922,104,MPR-6BEED81F66,Sungaibuluh,Kuala Indragiri,Indragiri Hilir,0.62,P2,Regenerasi alami terbantu,66.1,58,84,47,tinggi,Kondisi biofisik relatif mendukung pemulihan vegetasi.,mangrove-priority-2016-2025-v0.1
923,105,MPR-B003FFABCD,Sungaibuluh,Kuala Indragiri,Indragiri Hilir,0.6,P2,Regenerasi alami terbantu,66.1,58,84,47,tinggi,Kondisi biofisik relatif mendukung pemulihan vegetasi.,mangrove-priority-2016-2025-v0.1
924,106,MPR-FFF59BA65E,Sungaibuluh,Kuala Indragiri,Indragiri Hilir,0.57,P2,Regenerasi alami terbantu,66.1,58,84,47,tinggi,Kondisi biofisik relatif mendukung pemulihan vegetasi.,mangrove-priority-2016-2025-v0.1
925,107,MPR-EA6B597F61,Sungaibuluh,Kuala Indragiri,Indragiri Hilir,0.56,P2,Regenerasi alami terbantu,66.1,58,84,47,tinggi,Kondisi biofisik relatif mendukung pemulihan vegetasi.,mangrove-priority-2016-2025-v0.1
926,59,MPR-E684F0BD8C,Belaras,Mandah,Indragiri Hilir,0.47,P2,Regenerasi alami terbantu,66.1,58,84,47,tinggi,Kondisi biofisik relatif mendukung pemulihan vegetasi.,mangrove-priority-2016-2025-v0.1
927,60,MPR-05AE774ACF,Belaras,Mandah,Indragiri Hilir,0.44,P2,Regenerasi alami terbantu,66.1,58,84,47,tinggi,Kondisi biofisik relatif mendukung pemulihan vegetasi.,mangrove-priority-2016-2025-v0.1
928,61,MPR-658B2BB0C5,Belaras,Mandah,Indragiri Hilir,0.44,P2,Regenerasi alami terbantu,66.1,58,84,47,tinggi,Kondisi biofisik relatif mendukung pemulihan vegetasi.,mangrove-priority-2016-2025-v0.1
929,62,MPR-297D6EA37F,Belaras,Mandah,Indragiri Hilir,0.42,P2,Regenerasi alami terbantu,66.1,58,84,47,tinggi,Kondisi biofisik relatif mendukung pemulihan vegetasi.,mangrove-priority-2016-2025-v0.1
930,108,MPR-1387761813,Kuala Gaung,Gaung Anak Serka,Indragiri Hilir,2.36,U,Data belum memadai,66.0,61,82,51,rendah,Keyakinan data rendah.,mangrove-priority-2016-2025-v0.1
931,108,MPR-B97018FDE6,Sungaibuluh,Kuala Indragiri,Indragiri Hilir,1.57,P2,Regenerasi alami terbantu,66.0,59,83,48,tinggi,Kondisi biofisik relatif mendukung pemulihan vegetasi.,mangrove-priority-2016-2025-v0.1
932,109,MPR-D9383EE9C1,Sungaibuluh,Kuala Indragiri,Indragiri Hilir,1.5,P2,Regenerasi alami terbantu,66.0,59,83,48,tinggi,Kondisi biofisik relatif mendukung pemulihan vegetasi.,mangrove-priority-2016-2025-v0.1
933,110,MPR-D0DD30A589,Sungaibuluh,Kuala Indragiri,Indragiri Hilir,1.48,P2,Regenerasi alami terbantu,66.0,59,83,48,tinggi,Kondisi biofisik relatif mendukung pemulihan vegetasi.,mangrove-priority-2016-2025-v0.1
934,111,MPR-BEF3EFAF53,Sungaibuluh,Kuala Indragiri,Indragiri Hilir,1.46,P2,Regenerasi alami terbantu,66.0,59,83,48,tinggi,Kondisi biofisik relatif mendukung pemulihan vegetasi.,mangrove-priority-2016-2025-v0.1
935,112,MPR-4FCF506BEA,Sungaibuluh,Kuala Indragiri,Indragiri Hilir,1.4,P2,Regenerasi alami terbantu,66.0,59,83,48,tinggi,Kondisi biofisik relatif mendukung pemulihan vegetasi.,mangrove-priority-2016-2025-v0.1
936,113,MPR-EBCCF6E9B7,Sungaibuluh,Kuala Indragiri,Indragiri Hilir,1.25,P2,Regenerasi alami terbantu,66.0,59,83,48,tinggi,Kondisi biofisik relatif mendukung pemulihan vegetasi.,mangrove-priority-2016-2025-v0.1
937,63,MPR-0980E4EB70,Belaras,Mandah,Indragiri Hilir,0.35,P2,Regenerasi alami terbantu,66.0,57,85,47,tinggi,Kondisi biofisik relatif mendukung pemulihan vegetasi.,mangrove-priority-2016-2025-v0.1
938,64,MPR-22F0BA349F,Belaras,Mandah,Indragiri Hilir,0.346,P2,Regenerasi alami terbantu,66.0,57,85,47,tinggi,Kondisi biofisik relatif mendukung pemulihan vegetasi.,mangrove-priority-2016-2025-v0.1
939,65,MPR-5C790B5898,Belaras,Mandah,Indragiri Hilir,0.34,P2,Regenerasi alami terbantu,66.0,57,85,47,tinggi,Kondisi biofisik relatif mendukung pemulihan vegetasi.,mangrove-priority-2016-2025-v0.1
940,66,MPR-011CFDD2C0,Belaras,Mandah,Indragiri Hilir,0.33,P2,Regenerasi alami terbantu,66.0,57,85,47,tinggi,Kondisi biofisik relatif mendukung pemulihan vegetasi.,mangrove-priority-2016-2025-v0.1
941,67,MPR-FDB7947533,Belaras,Mandah,Indragiri Hilir,0.32,P2,Regenerasi alami terbantu,66.0,57,85,47,tinggi,Kondisi biofisik relatif mendukung pemulihan vegetasi.,mangrove-priority-2016-2025-v0.1
942,68,MPR-8D9EE6A0A1,Belaras,Mandah,Indragiri Hilir,0.3,P2,Regenerasi alami terbantu,66.0,57,85,47,tinggi,Kondisi biofisik relatif mendukung pemulihan vegetasi.,mangrove-priority-2016-2025-v0.1
943,69,MPR-D26087DB4E,Belaras,Mandah,Indragiri Hilir,0.29,P2,Regenerasi alami terbantu,66.0,57,85,47,tinggi,Kondisi biofisik relatif mendukung pemulihan vegetasi.,mangrove-priority-2016-2025-v0.1
944,70,MPR-F6DA383D7B,Belaras,Mandah,Indragiri Hilir,0.28,P2,Regenerasi alami terbantu,66.0,57,85,47,tinggi,Kondisi biofisik relatif mendukung pemulihan vegetasi.,mangrove-priority-2016-2025-v0.1
945,71,MPR-D8DA3D824E,Belaras,Mandah,Indragiri Hilir,0.27,P2,Regenerasi alami terbantu,66.0,57,85,47,tinggi,Kondisi biofisik relatif mendukung pemulihan vegetasi.,mangrove-priority-2016-2025-v0.1
946,72,MPR-EADE1351C2,Belaras,Mandah,Indragiri Hilir,0.23,P2,Regenerasi alami terbantu,66.0,57,85,47,tinggi,Kondisi biofisik relatif mendukung pemulihan vegetasi.,mangrove-priority-2016-2025-v0.1
947,73,MPR-05C942D625,Belaras,Mandah,Indragiri Hilir,0.22,P2,Regenerasi alami terbantu,66.0,57,85,47,tinggi,Kondisi biofisik relatif mendukung pemulihan vegetasi.,mangrove-priority-2016-2025-v0.1
948,74,MPR-636A2DCE58,Belaras,Mandah,Indragiri Hilir,0.22,P2,Regenerasi alami terbantu,66.0,57,85,47,tinggi,Kondisi biofisik relatif mendukung pemulihan vegetasi.,mangrove-priority-2016-2025-v0.1
949,114,MPR-1455CDC683,Sungaibuluh,Kuala Indragiri,Indragiri Hilir,2.3,P2,Regenerasi alami terbantu,65.9,60,82,49,tinggi,Kondisi biofisik relatif mendukung pemulihan vegetasi.,mangrove-priority-2016-2025-v0.1
950,75,MPR-97281C7BD1,Belaras,Mandah,Indragiri Hilir,2.18,P2,Regenerasi alami terbantu,65.9,60,82,49,tinggi,Kondisi biofisik relatif mendukung pemulihan vegetasi.,mangrove-priority-2016-2025-v0.1
951,76,MPR-C4BF0165C5,Belaras,Mandah,Indragiri Hilir,0.94,P2,Regenerasi alami terbantu,65.9,58,84,48,tinggi,Kondisi biofisik relatif mendukung pemulihan vegetasi.,mangrove-priority-2016-2025-v0.1
952,77,MPR-F4DEC4E0F8,Belaras,Mandah,Indragiri Hilir,0.89,P2,Regenerasi alami terbantu,65.9,58,84,48,tinggi,Kondisi biofisik relatif mendukung pemulihan vegetasi.,mangrove-priority-2016-2025-v0.1
953,109,MPR-28FC5E7006,Kuala Gaung,Gaung Anak Serka,Indragiri Hilir,0.37,U,Data belum memadai,65.9,58,84,48,rendah,Keyakinan data rendah.,mangrove-priority-2016-2025-v0.1
954,74,MPR-3159E17BBB,Tanjungmelayu,Kuala Indragiri,Indragiri Hilir,1.944,P2,Regenerasi alami terbantu,65.8,58,82,45,tinggi,Kondisi biofisik relatif mendukung pemulihan vegetasi.,mangrove-priority-2016-2025-v0.1
955,115,MPR-3BECF31DCF,Sungaibuluh,Kuala Indragiri,Indragiri Hilir,0.41,P2,Regenerasi alami terbantu,65.8,57,84,46,tinggi,Kondisi biofisik relatif mendukung pemulihan vegetasi.,mangrove-priority-2016-2025-v0.1
956,116,MPR-8683FC172F,Sungaibuluh,Kuala Indragiri,Indragiri Hilir,0.39,P2,Regenerasi alami terbantu,65.8,57,84,46,tinggi,Kondisi biofisik relatif mendukung pemulihan vegetasi.,mangrove-priority-2016-2025-v0.1
957,117,MPR-A6C6F6472C,Sungaibuluh,Kuala Indragiri,Indragiri Hilir,0.366,P2,Regenerasi alami terbantu,65.8,57,84,46,tinggi,Kondisi biofisik relatif mendukung pemulihan vegetasi.,mangrove-priority-2016-2025-v0.1
958,1,MPR-C4699C01C5,Pulauburung,Pulau Burung,Indragiri Hilir,0.243,P2,Regenerasi alami terbantu,65.8,60,85,55,tinggi,Kondisi biofisik relatif mendukung pemulihan vegetasi.,mangrove-priority-2016-2025-v0.1
959,2,MPR-54A8D69C44,Pulauburung,Pulau Burung,Indragiri Hilir,0.24,P2,Regenerasi alami terbantu,65.8,60,85,55,tinggi,Kondisi biofisik relatif mendukung pemulihan vegetasi.,mangrove-priority-2016-2025-v0.1
960,3,MPR-A59BE25506,Pulauburung,Pulau Burung,Indragiri Hilir,0.23,P2,Regenerasi alami terbantu,65.8,60,85,55,tinggi,Kondisi biofisik relatif mendukung pemulihan vegetasi.,mangrove-priority-2016-2025-v0.1
961,4,MPR-C6025B1602,Pulauburung,Pulau Burung,Indragiri Hilir,0.23,P2,Regenerasi alami terbantu,65.8,60,85,55,tinggi,Kondisi biofisik relatif mendukung pemulihan vegetasi.,mangrove-priority-2016-2025-v0.1
962,5,MPR-4B5F5725C3,Pulauburung,Pulau Burung,Indragiri Hilir,0.227,P2,Regenerasi alami terbantu,65.8,60,85,55,tinggi,Kondisi biofisik relatif mendukung pemulihan vegetasi.,mangrove-priority-2016-2025-v0.1
963,6,MPR-CB9FDEE266,Pulauburung,Pulau Burung,Indragiri Hilir,0.22,P2,Regenerasi alami terbantu,65.8,60,85,55,tinggi,Kondisi biofisik relatif mendukung pemulihan vegetasi.,mangrove-priority-2016-2025-v0.1
964,7,MPR-40856CB627,Pulauburung,Pulau Burung,Indragiri Hilir,0.213,P2,Regenerasi alami terbantu,65.8,60,85,55,tinggi,Kondisi biofisik relatif mendukung pemulihan vegetasi.,mangrove-priority-2016-2025-v0.1
965,8,MPR-95FC87FF48,Pulauburung,Pulau Burung,Indragiri Hilir,0.21,P2,Regenerasi alami terbantu,65.8,60,85,55,tinggi,Kondisi biofisik relatif mendukung pemulihan vegetasi.,mangrove-priority-2016-2025-v0.1
966,9,MPR-EA776B5FB7,Pulauburung,Pulau Burung,Indragiri Hilir,0.21,P2,Regenerasi alami terbantu,65.8,60,85,55,tinggi,Kondisi biofisik relatif mendukung pemulihan vegetasi.,mangrove-priority-2016-2025-v0.1
967,10,MPR-F12B61B93A,Pulauburung,Pulau Burung,Indragiri Hilir,0.21,P2,Regenerasi alami terbantu,65.8,60,85,55,tinggi,Kondisi biofisik relatif mendukung pemulihan vegetasi.,mangrove-priority-2016-2025-v0.1
968,11,MPR-D4785FB155,Pulauburung,Pulau Burung,Indragiri Hilir,0.2,P2,Regenerasi alami terbantu,65.8,60,85,55,tinggi,Kondisi biofisik relatif mendukung pemulihan vegetasi.,mangrove-priority-2016-2025-v0.1
969,12,MPR-ABFD7605BB,Pulauburung,Pulau Burung,Indragiri Hilir,0.19,P2,Regenerasi alami terbantu,65.8,60,85,55,tinggi,Kondisi biofisik relatif mendukung pemulihan vegetasi.,mangrove-priority-2016-2025-v0.1
970,13,MPR-B72A3EE47A,Pulauburung,Pulau Burung,Indragiri Hilir,0.19,P2,Regenerasi alami terbantu,65.8,60,85,55,tinggi,Kondisi biofisik relatif mendukung pemulihan vegetasi.,mangrove-priority-2016-2025-v0.1
971,14,MPR-D78E348CC6,Pulauburung,Pulau Burung,Indragiri Hilir,0.19,P2,Regenerasi alami terbantu,65.8,60,85,55,tinggi,Kondisi biofisik relatif mendukung pemulihan vegetasi.,mangrove-priority-2016-2025-v0.1
972,15,MPR-259375BC92,Pulauburung,Pulau Burung,Indragiri Hilir,0.189,P2,Regenerasi alami terbantu,65.8,60,85,55,tinggi,Kondisi biofisik relatif mendukung pemulihan vegetasi.,mangrove-priority-2016-2025-v0.1
973,16,MPR-1580C56F70,Pulauburung,Pulau Burung,Indragiri Hilir,0.188,P2,Regenerasi alami terbantu,65.8,60,85,55,tinggi,Kondisi biofisik relatif mendukung pemulihan vegetasi.,mangrove-priority-2016-2025-v0.1
974,17,MPR-142417A799,Pulauburung,Pulau Burung,Indragiri Hilir,0.18,P2,Regenerasi alami terbantu,65.8,60,85,55,tinggi,Kondisi biofisik relatif mendukung pemulihan vegetasi.,mangrove-priority-2016-2025-v0.1
975,18,MPR-34004605EE,Pulauburung,Pulau Burung,Indragiri Hilir,0.18,P2,Regenerasi alami terbantu,65.8,60,85,55,tinggi,Kondisi biofisik relatif mendukung pemulihan vegetasi.,mangrove-priority-2016-2025-v0.1
976,19,MPR-6F087F4047,Pulauburung,Pulau Burung,Indragiri Hilir,0.18,P2,Regenerasi alami terbantu,65.8,60,85,55,tinggi,Kondisi biofisik relatif mendukung pemulihan vegetasi.,mangrove-priority-2016-2025-v0.1
977,20,MPR-D4B7E69378,Pulauburung,Pulau Burung,Indragiri Hilir,0.18,P2,Regenerasi alami terbantu,65.8,60,85,55,tinggi,Kondisi biofisik relatif mendukung pemulihan vegetasi.,mangrove-priority-2016-2025-v0.1
978,21,MPR-69C49E2AEE,Pulauburung,Pulau Burung,Indragiri Hilir,0.176,P2,Regenerasi alami terbantu,65.8,60,85,55,tinggi,Kondisi biofisik relatif mendukung pemulihan vegetasi.,mangrove-priority-2016-2025-v0.1
979,22,MPR-44CBCB1550,Pulauburung,Pulau Burung,Indragiri Hilir,0.16,P2,Regenerasi alami terbantu,65.8,60,85,55,tinggi,Kondisi biofisik relatif mendukung pemulihan vegetasi.,mangrove-priority-2016-2025-v0.1
980,23,MPR-749E3022B0,Pulauburung,Pulau Burung,Indragiri Hilir,0.16,P2,Regenerasi alami terbantu,65.8,60,85,55,tinggi,Kondisi biofisik relatif mendukung pemulihan vegetasi.,mangrove-priority-2016-2025-v0.1
981,24,MPR-76AEB9894C,Pulauburung,Pulau Burung,Indragiri Hilir,0.16,P2,Regenerasi alami terbantu,65.8,60,85,55,tinggi,Kondisi biofisik relatif mendukung pemulihan vegetasi.,mangrove-priority-2016-2025-v0.1
982,25,MPR-9084531CD3,Pulauburung,Pulau Burung,Indragiri Hilir,0.16,P2,Regenerasi alami terbantu,65.8,60,85,55,tinggi,Kondisi biofisik relatif mendukung pemulihan vegetasi.,mangrove-priority-2016-2025-v0.1
983,26,MPR-B79AA15390,Pulauburung,Pulau Burung,Indragiri Hilir,0.16,P2,Regenerasi alami terbantu,65.8,60,85,55,tinggi,Kondisi biofisik relatif mendukung pemulihan vegetasi.,mangrove-priority-2016-2025-v0.1
984,27,MPR-69477BC414,Pulauburung,Pulau Burung,Indragiri Hilir,0.15,P2,Regenerasi alami terbantu,65.8,60,85,55,tinggi,Kondisi biofisik relatif mendukung pemulihan vegetasi.,mangrove-priority-2016-2025-v0.1
985,28,MPR-C337B60CC6,Pulauburung,Pulau Burung,Indragiri Hilir,0.15,P2,Regenerasi alami terbantu,65.8,60,85,55,tinggi,Kondisi biofisik relatif mendukung pemulihan vegetasi.,mangrove-priority-2016-2025-v0.1
986,29,MPR-D1A4A6F72E,Pulauburung,Pulau Burung,Indragiri Hilir,0.15,P2,Regenerasi alami terbantu,65.8,60,85,55,tinggi,Kondisi biofisik relatif mendukung pemulihan vegetasi.,mangrove-priority-2016-2025-v0.1
987,30,MPR-FF6B217948,Pulauburung,Pulau Burung,Indragiri Hilir,0.15,P2,Regenerasi alami terbantu,65.8,60,85,55,tinggi,Kondisi biofisik relatif mendukung pemulihan vegetasi.,mangrove-priority-2016-2025-v0.1
988,31,MPR-3577AE80B9,Pulauburung,Pulau Burung,Indragiri Hilir,0.145,P2,Regenerasi alami terbantu,65.8,60,85,55,tinggi,Kondisi biofisik relatif mendukung pemulihan vegetasi.,mangrove-priority-2016-2025-v0.1
989,32,MPR-04E28D5E27,Pulauburung,Pulau Burung,Indragiri Hilir,0.14,P2,Regenerasi alami terbantu,65.8,60,85,55,tinggi,Kondisi biofisik relatif mendukung pemulihan vegetasi.,mangrove-priority-2016-2025-v0.1
990,33,MPR-9C7947544F,Pulauburung,Pulau Burung,Indragiri Hilir,0.14,P2,Regenerasi alami terbantu,65.8,60,85,55,tinggi,Kondisi biofisik relatif mendukung pemulihan vegetasi.,mangrove-priority-2016-2025-v0.1
991,34,MPR-D4D97004DF,Pulauburung,Pulau Burung,Indragiri Hilir,0.14,P2,Regenerasi alami terbantu,65.8,60,85,55,tinggi,Kondisi biofisik relatif mendukung pemulihan vegetasi.,mangrove-priority-2016-2025-v0.1
992,35,MPR-2958298D18,Pulauburung,Pulau Burung,Indragiri Hilir,0.13,P2,Regenerasi alami terbantu,65.8,60,85,55,tinggi,Kondisi biofisik relatif mendukung pemulihan vegetasi.,mangrove-priority-2016-2025-v0.1
993,36,MPR-6E0B429BEB,Pulauburung,Pulau Burung,Indragiri Hilir,0.13,P2,Regenerasi alami terbantu,65.8,60,85,55,tinggi,Kondisi biofisik relatif mendukung pemulihan vegetasi.,mangrove-priority-2016-2025-v0.1
994,37,MPR-78F85915E8,Pulauburung,Pulau Burung,Indragiri Hilir,0.13,P2,Regenerasi alami terbantu,65.8,60,85,55,tinggi,Kondisi biofisik relatif mendukung pemulihan vegetasi.,mangrove-priority-2016-2025-v0.1
995,38,MPR-972FD79ED9,Pulauburung,Pulau Burung,Indragiri Hilir,0.13,P2,Regenerasi alami terbantu,65.8,60,85,55,tinggi,Kondisi biofisik relatif mendukung pemulihan vegetasi.,mangrove-priority-2016-2025-v0.1
996,39,MPR-A18F3EA2FA,Pulauburung,Pulau Burung,Indragiri Hilir,0.13,P2,Regenerasi alami terbantu,65.8,60,85,55,tinggi,Kondisi biofisik relatif mendukung pemulihan vegetasi.,mangrove-priority-2016-2025-v0.1
997,40,MPR-C53BC2B8DD,Pulauburung,Pulau Burung,Indragiri Hilir,0.122,P2,Regenerasi alami terbantu,65.8,60,85,55,tinggi,Kondisi biofisik relatif mendukung pemulihan vegetasi.,mangrove-priority-2016-2025-v0.1
998,41,MPR-7917D91682,Pulauburung,Pulau Burung,Indragiri Hilir,0.11,P2,Regenerasi alami terbantu,65.8,60,85,55,tinggi,Kondisi biofisik relatif mendukung pemulihan vegetasi.,mangrove-priority-2016-2025-v0.1
999,42,MPR-94EAAA0E7C,Pulauburung,Pulau Burung,Indragiri Hilir,0.11,P2,Regenerasi alami terbantu,65.8,60,85,55,tinggi,Kondisi biofisik relatif mendukung pemulihan vegetasi.,mangrove-priority-2016-2025-v0.1
1000,43,MPR-9AC41E818B,Pulauburung,Pulau Burung,Indragiri Hilir,0.11,P2,Regenerasi alami terbantu,65.8,60,85,55,tinggi,Kondisi biofisik relatif mendukung pemulihan vegetasi.,mangrove-priority-2016-2025-v0.1
1001,44,MPR-9EC0E6D83B,Pulauburung,Pulau Burung,Indragiri Hilir,0.11,P2,Regenerasi alami terbantu,65.8,60,85,55,tinggi,Kondisi biofisik relatif mendukung pemulihan vegetasi.,mangrove-priority-2016-2025-v0.1
1002,45,MPR-B664F0C2A6,Pulauburung,Pulau Burung,Indragiri Hilir,0.11,P2,Regenerasi alami terbantu,65.8,60,85,55,tinggi,Kondisi biofisik relatif mendukung pemulihan vegetasi.,mangrove-priority-2016-2025-v0.1
1003,46,MPR-C71D68D423,Pulauburung,Pulau Burung,Indragiri Hilir,0.11,P2,Regenerasi alami terbantu,65.8,60,85,55,tinggi,Kondisi biofisik relatif mendukung pemulihan vegetasi.,mangrove-priority-2016-2025-v0.1
1004,47,MPR-EC462F7B32,Pulauburung,Pulau Burung,Indragiri Hilir,0.11,P2,Regenerasi alami terbantu,65.8,60,85,55,tinggi,Kondisi biofisik relatif mendukung pemulihan vegetasi.,mangrove-priority-2016-2025-v0.1
1005,48,MPR-13A7AD1A55,Pulauburung,Pulau Burung,Indragiri Hilir,0.1,P2,Regenerasi alami terbantu,65.8,60,85,55,tinggi,Kondisi biofisik relatif mendukung pemulihan vegetasi.,mangrove-priority-2016-2025-v0.1
1006,49,MPR-1DA0DA5265,Pulauburung,Pulau Burung,Indragiri Hilir,0.1,P2,Regenerasi alami terbantu,65.8,60,85,55,tinggi,Kondisi biofisik relatif mendukung pemulihan vegetasi.,mangrove-priority-2016-2025-v0.1
1007,50,MPR-2DF892B86B,Pulauburung,Pulau Burung,Indragiri Hilir,0.1,P2,Regenerasi alami terbantu,65.8,60,85,55,tinggi,Kondisi biofisik relatif mendukung pemulihan vegetasi.,mangrove-priority-2016-2025-v0.1
1008,51,MPR-33D1DFE6DB,Pulauburung,Pulau Burung,Indragiri Hilir,0.1,P2,Regenerasi alami terbantu,65.8,60,85,55,tinggi,Kondisi biofisik relatif mendukung pemulihan vegetasi.,mangrove-priority-2016-2025-v0.1
1009,52,MPR-548F1920F4,Pulauburung,Pulau Burung,Indragiri Hilir,0.1,P2,Regenerasi alami terbantu,65.8,60,85,55,tinggi,Kondisi biofisik relatif mendukung pemulihan vegetasi.,mangrove-priority-2016-2025-v0.1
1010,53,MPR-746A1F290C,Pulauburung,Pulau Burung,Indragiri Hilir,0.1,P2,Regenerasi alami terbantu,65.8,60,85,55,tinggi,Kondisi biofisik relatif mendukung pemulihan vegetasi.,mangrove-priority-2016-2025-v0.1
1011,54,MPR-C29ADEFE3B,Pulauburung,Pulau Burung,Indragiri Hilir,0.1,P2,Regenerasi alami terbantu,65.8,60,85,55,tinggi,Kondisi biofisik relatif mendukung pemulihan vegetasi.,mangrove-priority-2016-2025-v0.1
1012,55,MPR-C5ED281F94,Pulauburung,Pulau Burung,Indragiri Hilir,0.1,P2,Regenerasi alami terbantu,65.8,60,85,55,tinggi,Kondisi biofisik relatif mendukung pemulihan vegetasi.,mangrove-priority-2016-2025-v0.1
1013,56,MPR-79368B77CC,Pulauburung,Pulau Burung,Indragiri Hilir,0.096,P2,Regenerasi alami terbantu,65.8,60,85,55,tinggi,Kondisi biofisik relatif mendukung pemulihan vegetasi.,mangrove-priority-2016-2025-v0.1
1014,57,MPR-B28E6B3C85,Pulauburung,Pulau Burung,Indragiri Hilir,0.088,P2,Regenerasi alami terbantu,65.8,60,85,55,tinggi,Kondisi biofisik relatif mendukung pemulihan vegetasi.,mangrove-priority-2016-2025-v0.1
1015,58,MPR-00D3E41A75,Pulauburung,Pulau Burung,Indragiri Hilir,0.08,P2,Regenerasi alami terbantu,65.8,60,85,55,tinggi,Kondisi biofisik relatif mendukung pemulihan vegetasi.,mangrove-priority-2016-2025-v0.1
1016,59,MPR-15F80BEA20,Pulauburung,Pulau Burung,Indragiri Hilir,0.08,P2,Regenerasi alami terbantu,65.8,60,85,55,tinggi,Kondisi biofisik relatif mendukung pemulihan vegetasi.,mangrove-priority-2016-2025-v0.1
1017,60,MPR-16DA90CFCE,Pulauburung,Pulau Burung,Indragiri Hilir,0.08,P2,Regenerasi alami terbantu,65.8,60,85,55,tinggi,Kondisi biofisik relatif mendukung pemulihan vegetasi.,mangrove-priority-2016-2025-v0.1
1018,61,MPR-9EDA41A1B4,Pulauburung,Pulau Burung,Indragiri Hilir,0.08,P2,Regenerasi alami terbantu,65.8,60,85,55,tinggi,Kondisi biofisik relatif mendukung pemulihan vegetasi.,mangrove-priority-2016-2025-v0.1
1019,62,MPR-AC324B5193,Pulauburung,Pulau Burung,Indragiri Hilir,0.08,P2,Regenerasi alami terbantu,65.8,60,85,55,tinggi,Kondisi biofisik relatif mendukung pemulihan vegetasi.,mangrove-priority-2016-2025-v0.1
1020,63,MPR-C09829F43E,Pulauburung,Pulau Burung,Indragiri Hilir,0.08,P2,Regenerasi alami terbantu,65.8,60,85,55,tinggi,Kondisi biofisik relatif mendukung pemulihan vegetasi.,mangrove-priority-2016-2025-v0.1
1021,64,MPR-FDA5A09353,Pulauburung,Pulau Burung,Indragiri Hilir,0.08,P2,Regenerasi alami terbantu,65.8,60,85,55,tinggi,Kondisi biofisik relatif mendukung pemulihan vegetasi.,mangrove-priority-2016-2025-v0.1
1022,65,MPR-10D8625EAD,Pulauburung,Pulau Burung,Indragiri Hilir,0.05,P2,Regenerasi alami terbantu,65.8,60,85,55,tinggi,Kondisi biofisik relatif mendukung pemulihan vegetasi.,mangrove-priority-2016-2025-v0.1
1023,66,MPR-22A684D8B4,Pulauburung,Pulau Burung,Indragiri Hilir,0.05,P2,Regenerasi alami terbantu,65.8,60,85,55,tinggi,Kondisi biofisik relatif mendukung pemulihan vegetasi.,mangrove-priority-2016-2025-v0.1
1024,67,MPR-2350BC42BC,Pulauburung,Pulau Burung,Indragiri Hilir,0.05,P2,Regenerasi alami terbantu,65.8,60,85,55,tinggi,Kondisi biofisik relatif mendukung pemulihan vegetasi.,mangrove-priority-2016-2025-v0.1
1025,68,MPR-4D9DDC96EE,Pulauburung,Pulau Burung,Indragiri Hilir,0.05,X,Tidak direkomendasikan,65.8,60,85,55,tinggi,Area terlalu kecil dan terisolasi untuk diprioritaskan.,mangrove-priority-2016-2025-v0.1
1026,69,MPR-C659B64F4E,Pulauburung,Pulau Burung,Indragiri Hilir,0.05,P2,Regenerasi alami terbantu,65.8,60,85,55,tinggi,Kondisi biofisik relatif mendukung pemulihan vegetasi.,mangrove-priority-2016-2025-v0.1
1027,78,MPR-EDF98634DD,Belaras,Mandah,Indragiri Hilir,2.37,P2,Regenerasi alami terbantu,65.7,60,82,50,tinggi,Kondisi biofisik relatif mendukung pemulihan vegetasi.,mangrove-priority-2016-2025-v0.1
1028,79,MPR-4185F10CB9,Belaras,Mandah,Indragiri Hilir,0.39,P2,Regenerasi alami terbantu,65.7,57,84,47,tinggi,Kondisi biofisik relatif mendukung pemulihan vegetasi.,mangrove-priority-2016-2025-v0.1
1029,80,MPR-0A2CF4CF4E,Belaras,Mandah,Indragiri Hilir,0.37,P2,Regenerasi alami terbantu,65.7,57,84,47,tinggi,Kondisi biofisik relatif mendukung pemulihan vegetasi.,mangrove-priority-2016-2025-v0.1
1030,81,MPR-ABB79D1F04,Belaras,Mandah,Indragiri Hilir,0.37,P2,Regenerasi alami terbantu,65.7,57,84,47,tinggi,Kondisi biofisik relatif mendukung pemulihan vegetasi.,mangrove-priority-2016-2025-v0.1
1031,82,MPR-A03E23681D,Belaras,Mandah,Indragiri Hilir,0.36,P2,Regenerasi alami terbantu,65.7,57,84,47,tinggi,Kondisi biofisik relatif mendukung pemulihan vegetasi.,mangrove-priority-2016-2025-v0.1
1032,83,MPR-CB4CC99C23,Belaras,Mandah,Indragiri Hilir,0.36,P2,Regenerasi alami terbantu,65.7,57,84,47,tinggi,Kondisi biofisik relatif mendukung pemulihan vegetasi.,mangrove-priority-2016-2025-v0.1
1033,44,MPR-BBD2B1559E,Pulauruku,Reteh,Indragiri Hilir,11.0,U,Data belum memadai,65.6,70,70,52,rendah,Keyakinan data rendah.,mangrove-priority-2016-2025-v0.1
1034,70,MPR-7E4078D48E,Pulauburung,Pulau Burung,Indragiri Hilir,0.88,P2,Regenerasi alami terbantu,65.6,61,84,56,tinggi,Kondisi biofisik relatif mendukung pemulihan vegetasi.,mangrove-priority-2016-2025-v0.1
1035,71,MPR-BDC1B42A8A,Pulauburung,Pulau Burung,Indragiri Hilir,0.739,P2,Regenerasi alami terbantu,65.6,61,84,56,tinggi,Kondisi biofisik relatif mendukung pemulihan vegetasi.,mangrove-priority-2016-2025-v0.1
1036,72,MPR-FD283C3EE1,Pulauburung,Pulau Burung,Indragiri Hilir,0.73,P2,Regenerasi alami terbantu,65.6,61,84,56,tinggi,Kondisi biofisik relatif mendukung pemulihan vegetasi.,mangrove-priority-2016-2025-v0.1
1037,73,MPR-AFCF6A0FB7,Pulauburung,Pulau Burung,Indragiri Hilir,0.68,P2,Regenerasi alami terbantu,65.6,61,84,56,tinggi,Kondisi biofisik relatif mendukung pemulihan vegetasi.,mangrove-priority-2016-2025-v0.1
1038,74,MPR-E2A2ADEB73,Pulauburung,Pulau Burung,Indragiri Hilir,0.67,P2,Regenerasi alami terbantu,65.6,61,84,56,tinggi,Kondisi biofisik relatif mendukung pemulihan vegetasi.,mangrove-priority-2016-2025-v0.1
1039,75,MPR-AADCD37F78,Pulauburung,Pulau Burung,Indragiri Hilir,0.64,P2,Regenerasi alami terbantu,65.6,61,84,56,tinggi,Kondisi biofisik relatif mendukung pemulihan vegetasi.,mangrove-priority-2016-2025-v0.1
1040,76,MPR-97908FD502,Pulauburung,Pulau Burung,Indragiri Hilir,0.57,P2,Regenerasi alami terbantu,65.6,61,84,56,tinggi,Kondisi biofisik relatif mendukung pemulihan vegetasi.,mangrove-priority-2016-2025-v0.1
1041,118,MPR-85925C4E46,Sungaibuluh,Kuala Indragiri,Indragiri Hilir,2.54,P2,Regenerasi alami terbantu,65.5,60,81,49,tinggi,Kondisi biofisik relatif mendukung pemulihan vegetasi.,mangrove-priority-2016-2025-v0.1
1042,119,MPR-BA8622BD7B,Sungaibuluh,Kuala Indragiri,Indragiri Hilir,1.89,P2,Regenerasi alami terbantu,65.5,59,82,49,tinggi,Kondisi biofisik relatif mendukung pemulihan vegetasi.,mangrove-priority-2016-2025-v0.1
1043,77,MPR-96894B1E50,Pulauburung,Pulau Burung,Indragiri Hilir,1.411,P2,Regenerasi alami terbantu,65.5,62,83,57,tinggi,Kondisi biofisik relatif mendukung pemulihan vegetasi.,mangrove-priority-2016-2025-v0.1
1044,78,MPR-40BD848A63,Pulauburung,Pulau Burung,Indragiri Hilir,1.35,P2,Regenerasi alami terbantu,65.5,62,83,57,tinggi,Kondisi biofisik relatif mendukung pemulihan vegetasi.,mangrove-priority-2016-2025-v0.1
1045,79,MPR-9D927128DB,Pulauburung,Pulau Burung,Indragiri Hilir,1.29,P2,Regenerasi alami terbantu,65.5,62,83,57,tinggi,Kondisi biofisik relatif mendukung pemulihan vegetasi.,mangrove-priority-2016-2025-v0.1
1046,84,MPR-5BD43F22BD,Belaras,Mandah,Indragiri Hilir,1.18,P2,Regenerasi alami terbantu,65.5,58,83,48,tinggi,Kondisi biofisik relatif mendukung pemulihan vegetasi.,mangrove-priority-2016-2025-v0.1
1047,85,MPR-0D1E200A24,Belaras,Mandah,Indragiri Hilir,1.142,P2,Regenerasi alami terbantu,65.5,58,83,48,tinggi,Kondisi biofisik relatif mendukung pemulihan vegetasi.,mangrove-priority-2016-2025-v0.1
1048,80,MPR-3BDC4CEE82,Pulauburung,Pulau Burung,Indragiri Hilir,0.35,P2,Regenerasi alami terbantu,65.5,60,85,56,tinggi,Kondisi biofisik relatif mendukung pemulihan vegetasi.,mangrove-priority-2016-2025-v0.1
1049,81,MPR-6B4C0E8BC3,Pulauburung,Pulau Burung,Indragiri Hilir,0.35,P2,Regenerasi alami terbantu,65.5,60,85,56,tinggi,Kondisi biofisik relatif mendukung pemulihan vegetasi.,mangrove-priority-2016-2025-v0.1
1050,82,MPR-4F3D84B995,Pulauburung,Pulau Burung,Indragiri Hilir,0.32,P2,Regenerasi alami terbantu,65.5,60,85,56,tinggi,Kondisi biofisik relatif mendukung pemulihan vegetasi.,mangrove-priority-2016-2025-v0.1
1051,83,MPR-1F3B4ED7FB,Pulauburung,Pulau Burung,Indragiri Hilir,0.312,P2,Regenerasi alami terbantu,65.5,60,85,56,tinggi,Kondisi biofisik relatif mendukung pemulihan vegetasi.,mangrove-priority-2016-2025-v0.1
1052,84,MPR-728F610819,Pulauburung,Pulau Burung,Indragiri Hilir,0.29,P2,Regenerasi alami terbantu,65.5,60,85,56,tinggi,Kondisi biofisik relatif mendukung pemulihan vegetasi.,mangrove-priority-2016-2025-v0.1
1053,85,MPR-9A20312F55,Pulauburung,Pulau Burung,Indragiri Hilir,0.28,P2,Regenerasi alami terbantu,65.5,60,85,56,tinggi,Kondisi biofisik relatif mendukung pemulihan vegetasi.,mangrove-priority-2016-2025-v0.1
1054,86,MPR-2B2A67AA47,Pulauburung,Pulau Burung,Indragiri Hilir,0.26,P2,Regenerasi alami terbantu,65.5,60,85,56,tinggi,Kondisi biofisik relatif mendukung pemulihan vegetasi.,mangrove-priority-2016-2025-v0.1
1055,87,MPR-75674C40B4,Pulauburung,Pulau Burung,Indragiri Hilir,1.72,P2,Regenerasi alami terbantu,65.4,62,83,58,tinggi,Kondisi biofisik relatif mendukung pemulihan vegetasi.,mangrove-priority-2016-2025-v0.1
1056,88,MPR-EB6E28CBCC,Pulauburung,Pulau Burung,Indragiri Hilir,1.0,P2,Regenerasi alami terbantu,65.4,61,84,57,tinggi,Kondisi biofisik relatif mendukung pemulihan vegetasi.,mangrove-priority-2016-2025-v0.1
1057,120,MPR-57DF36E32A,Sungaibuluh,Kuala Indragiri,Indragiri Hilir,2.67,P2,Regenerasi alami terbantu,65.3,60,81,50,tinggi,Kondisi biofisik relatif mendukung pemulihan vegetasi.,mangrove-priority-2016-2025-v0.1
1058,45,MPR-D79C8699C1,Pulauruku,Reteh,Indragiri Hilir,11.22,U,Data belum memadai,65.2,70,69,52,rendah,Keyakinan data rendah.,mangrove-priority-2016-2025-v0.1
1059,89,MPR-E5940AF3A8,Pulauburung,Pulau Burung,Indragiri Hilir,3.14,P2,Regenerasi alami terbantu,65.2,64,81,60,tinggi,Kondisi biofisik relatif mendukung pemulihan vegetasi.,mangrove-priority-2016-2025-v0.1
1060,90,MPR-12848CE66A,Pulauburung,Pulau Burung,Indragiri Hilir,2.939,P2,Regenerasi alami terbantu,65.2,64,81,60,tinggi,Kondisi biofisik relatif mendukung pemulihan vegetasi.,mangrove-priority-2016-2025-v0.1
1061,91,MPR-5E7DC37D1A,Pulauburung,Pulau Burung,Indragiri Hilir,2.44,P2,Regenerasi alami terbantu,65.2,63,82,59,tinggi,Kondisi biofisik relatif mendukung pemulihan vegetasi.,mangrove-priority-2016-2025-v0.1
1062,1,MPR-30F5CAE60A,Kuala Selat,Kateman,Indragiri Hilir,1.03,P4,Perlindungan pantai dahulu,65.2,96,53,83,tinggi,Risiko ketidakstabilan pesisir relatif tinggi.,mangrove-priority-2016-2025-v0.1
1063,2,MPR-BE0CBD41E8,Kuala Selat,Kateman,Indragiri Hilir,0.98,P4,Perlindungan pantai dahulu,65.2,96,53,83,tinggi,Risiko ketidakstabilan pesisir relatif tinggi.,mangrove-priority-2016-2025-v0.1
1064,3,MPR-88D0EFA189,Kuala Selat,Kateman,Indragiri Hilir,0.85,P4,Perlindungan pantai dahulu,65.2,96,53,83,tinggi,Risiko ketidakstabilan pesisir relatif tinggi.,mangrove-priority-2016-2025-v0.1
1065,4,MPR-3DB9A8828F,Kuala Selat,Kateman,Indragiri Hilir,0.8,P4,Perlindungan pantai dahulu,65.2,96,53,83,tinggi,Risiko ketidakstabilan pesisir relatif tinggi.,mangrove-priority-2016-2025-v0.1
1066,5,MPR-D44D731170,Kuala Selat,Kateman,Indragiri Hilir,0.784,P4,Perlindungan pantai dahulu,65.2,96,53,83,tinggi,Risiko ketidakstabilan pesisir relatif tinggi.,mangrove-priority-2016-2025-v0.1
1067,6,MPR-955B5E9D57,Kuala Selat,Kateman,Indragiri Hilir,0.73,P4,Perlindungan pantai dahulu,65.2,96,53,83,tinggi,Risiko ketidakstabilan pesisir relatif tinggi.,mangrove-priority-2016-2025-v0.1
1068,7,MPR-AC35B1C760,Kuala Selat,Kateman,Indragiri Hilir,0.73,P4,Perlindungan pantai dahulu,65.2,96,53,83,tinggi,Risiko ketidakstabilan pesisir relatif tinggi.,mangrove-priority-2016-2025-v0.1
1069,8,MPR-3BCC855739,Kuala Selat,Kateman,Indragiri Hilir,0.69,P4,Perlindungan pantai dahulu,65.2,96,53,83,tinggi,Risiko ketidakstabilan pesisir relatif tinggi.,mangrove-priority-2016-2025-v0.1
1070,9,MPR-4CEEB5A7A1,Kuala Selat,Kateman,Indragiri Hilir,0.69,P4,Perlindungan pantai dahulu,65.2,96,53,83,tinggi,Risiko ketidakstabilan pesisir relatif tinggi.,mangrove-priority-2016-2025-v0.1
1071,10,MPR-354EE2E7E6,Kuala Selat,Kateman,Indragiri Hilir,0.687,P4,Perlindungan pantai dahulu,65.2,96,53,83,tinggi,Risiko ketidakstabilan pesisir relatif tinggi.,mangrove-priority-2016-2025-v0.1
1072,11,MPR-4B82519899,Kuala Selat,Kateman,Indragiri Hilir,0.68,P4,Perlindungan pantai dahulu,65.2,96,53,83,tinggi,Risiko ketidakstabilan pesisir relatif tinggi.,mangrove-priority-2016-2025-v0.1
1073,12,MPR-8C98C2807C,Kuala Selat,Kateman,Indragiri Hilir,0.65,P4,Perlindungan pantai dahulu,65.2,96,53,83,tinggi,Risiko ketidakstabilan pesisir relatif tinggi.,mangrove-priority-2016-2025-v0.1
1074,13,MPR-99FD5B7B02,Kuala Selat,Kateman,Indragiri Hilir,0.63,P4,Perlindungan pantai dahulu,65.2,96,53,83,tinggi,Risiko ketidakstabilan pesisir relatif tinggi.,mangrove-priority-2016-2025-v0.1
1075,14,MPR-127A4DFCB4,Kuala Selat,Kateman,Indragiri Hilir,0.62,P4,Perlindungan pantai dahulu,65.2,96,53,83,tinggi,Risiko ketidakstabilan pesisir relatif tinggi.,mangrove-priority-2016-2025-v0.1
1076,15,MPR-17B466C23B,Kuala Selat,Kateman,Indragiri Hilir,0.619,P4,Perlindungan pantai dahulu,65.2,96,53,83,tinggi,Risiko ketidakstabilan pesisir relatif tinggi.,mangrove-priority-2016-2025-v0.1
1077,16,MPR-8DFEB87271,Kuala Selat,Kateman,Indragiri Hilir,0.6,P4,Perlindungan pantai dahulu,65.2,96,53,83,tinggi,Risiko ketidakstabilan pesisir relatif tinggi.,mangrove-priority-2016-2025-v0.1
1078,17,MPR-4CDE0E7A43,Kuala Selat,Kateman,Indragiri Hilir,0.569,P4,Perlindungan pantai dahulu,65.2,96,53,83,tinggi,Risiko ketidakstabilan pesisir relatif tinggi.,mangrove-priority-2016-2025-v0.1
1079,18,MPR-F9237C140C,Kuala Selat,Kateman,Indragiri Hilir,0.56,P4,Perlindungan pantai dahulu,65.2,96,53,83,tinggi,Risiko ketidakstabilan pesisir relatif tinggi.,mangrove-priority-2016-2025-v0.1
1080,19,MPR-6F7C9107F5,Kuala Selat,Kateman,Indragiri Hilir,0.53,P4,Perlindungan pantai dahulu,65.2,96,53,83,tinggi,Risiko ketidakstabilan pesisir relatif tinggi.,mangrove-priority-2016-2025-v0.1
1081,20,MPR-049820EC1A,Kuala Selat,Kateman,Indragiri Hilir,0.47,P4,Perlindungan pantai dahulu,65.2,96,53,83,tinggi,Risiko ketidakstabilan pesisir relatif tinggi.,mangrove-priority-2016-2025-v0.1
1082,21,MPR-4CEEC86A43,Kuala Selat,Kateman,Indragiri Hilir,0.46,P4,Perlindungan pantai dahulu,65.2,96,53,83,tinggi,Risiko ketidakstabilan pesisir relatif tinggi.,mangrove-priority-2016-2025-v0.1
1083,22,MPR-5FF8ABA05B,Kuala Selat,Kateman,Indragiri Hilir,0.45,P4,Perlindungan pantai dahulu,65.2,96,53,83,tinggi,Risiko ketidakstabilan pesisir relatif tinggi.,mangrove-priority-2016-2025-v0.1
1084,92,MPR-69E9F69EAD,Pulauburung,Pulau Burung,Indragiri Hilir,0.41,P2,Regenerasi alami terbantu,65.2,60,84,56,tinggi,Kondisi biofisik relatif mendukung pemulihan vegetasi.,mangrove-priority-2016-2025-v0.1
1085,93,MPR-D8367FC469,Pulauburung,Pulau Burung,Indragiri Hilir,0.38,P2,Regenerasi alami terbantu,65.2,60,84,56,tinggi,Kondisi biofisik relatif mendukung pemulihan vegetasi.,mangrove-priority-2016-2025-v0.1
1086,94,MPR-FE9D2C6DDF,Pulauburung,Pulau Burung,Indragiri Hilir,0.36,P2,Regenerasi alami terbantu,65.2,60,84,56,tinggi,Kondisi biofisik relatif mendukung pemulihan vegetasi.,mangrove-priority-2016-2025-v0.1
1087,23,MPR-68BA6D4EB3,Kuala Selat,Kateman,Indragiri Hilir,0.35,P4,Perlindungan pantai dahulu,65.2,95,54,82,tinggi,Risiko ketidakstabilan pesisir relatif tinggi.,mangrove-priority-2016-2025-v0.1
1088,24,MPR-B6082408E5,Kuala Selat,Kateman,Indragiri Hilir,0.35,P4,Perlindungan pantai dahulu,65.2,95,54,82,tinggi,Risiko ketidakstabilan pesisir relatif tinggi.,mangrove-priority-2016-2025-v0.1
1089,25,MPR-D21A5E848F,Kuala Selat,Kateman,Indragiri Hilir,0.342,P4,Perlindungan pantai dahulu,65.2,95,54,82,tinggi,Risiko ketidakstabilan pesisir relatif tinggi.,mangrove-priority-2016-2025-v0.1
1090,26,MPR-6EB7E62CBB,Kuala Selat,Kateman,Indragiri Hilir,0.31,P4,Perlindungan pantai dahulu,65.2,95,54,82,tinggi,Risiko ketidakstabilan pesisir relatif tinggi.,mangrove-priority-2016-2025-v0.1
1091,27,MPR-4129BE1DA1,Kuala Selat,Kateman,Indragiri Hilir,0.3,P4,Perlindungan pantai dahulu,65.2,95,54,82,tinggi,Risiko ketidakstabilan pesisir relatif tinggi.,mangrove-priority-2016-2025-v0.1
1092,28,MPR-60278B2A6D,Kuala Selat,Kateman,Indragiri Hilir,0.3,P4,Perlindungan pantai dahulu,65.2,95,54,82,tinggi,Risiko ketidakstabilan pesisir relatif tinggi.,mangrove-priority-2016-2025-v0.1
1093,29,MPR-A6226DF9C0,Kuala Selat,Kateman,Indragiri Hilir,0.3,P4,Perlindungan pantai dahulu,65.2,95,54,82,tinggi,Risiko ketidakstabilan pesisir relatif tinggi.,mangrove-priority-2016-2025-v0.1
1094,30,MPR-12D403B04A,Kuala Selat,Kateman,Indragiri Hilir,0.28,P4,Perlindungan pantai dahulu,65.2,95,54,82,tinggi,Risiko ketidakstabilan pesisir relatif tinggi.,mangrove-priority-2016-2025-v0.1
1095,31,MPR-61F6612E30,Kuala Selat,Kateman,Indragiri Hilir,0.28,P4,Perlindungan pantai dahulu,65.2,95,54,82,tinggi,Risiko ketidakstabilan pesisir relatif tinggi.,mangrove-priority-2016-2025-v0.1
1096,32,MPR-65CF57B0E4,Kuala Selat,Kateman,Indragiri Hilir,0.28,P4,Perlindungan pantai dahulu,65.2,95,54,82,tinggi,Risiko ketidakstabilan pesisir relatif tinggi.,mangrove-priority-2016-2025-v0.1
1097,33,MPR-D592923962,Kuala Selat,Kateman,Indragiri Hilir,0.26,P4,Perlindungan pantai dahulu,65.2,95,54,82,tinggi,Risiko ketidakstabilan pesisir relatif tinggi.,mangrove-priority-2016-2025-v0.1
1098,34,MPR-927700E154,Kuala Selat,Kateman,Indragiri Hilir,0.25,P4,Perlindungan pantai dahulu,65.2,95,54,82,tinggi,Risiko ketidakstabilan pesisir relatif tinggi.,mangrove-priority-2016-2025-v0.1
1099,35,MPR-A07908B22F,Kuala Selat,Kateman,Indragiri Hilir,0.24,P4,Perlindungan pantai dahulu,65.2,95,54,82,tinggi,Risiko ketidakstabilan pesisir relatif tinggi.,mangrove-priority-2016-2025-v0.1
1100,36,MPR-D3F5A62404,Kuala Selat,Kateman,Indragiri Hilir,0.24,P4,Perlindungan pantai dahulu,65.2,95,54,82,tinggi,Risiko ketidakstabilan pesisir relatif tinggi.,mangrove-priority-2016-2025-v0.1
1101,37,MPR-2B9C7E60F1,Kuala Selat,Kateman,Indragiri Hilir,0.23,P4,Perlindungan pantai dahulu,65.2,95,54,82,tinggi,Risiko ketidakstabilan pesisir relatif tinggi.,mangrove-priority-2016-2025-v0.1
1102,38,MPR-0962D5F954,Kuala Selat,Kateman,Indragiri Hilir,0.22,P4,Perlindungan pantai dahulu,65.2,95,54,82,tinggi,Risiko ketidakstabilan pesisir relatif tinggi.,mangrove-priority-2016-2025-v0.1
1103,39,MPR-4E0B14123F,Kuala Selat,Kateman,Indragiri Hilir,0.22,P4,Perlindungan pantai dahulu,65.2,95,54,82,tinggi,Risiko ketidakstabilan pesisir relatif tinggi.,mangrove-priority-2016-2025-v0.1
1104,40,MPR-A4885C5552,Kuala Selat,Kateman,Indragiri Hilir,0.22,P4,Perlindungan pantai dahulu,65.2,95,54,82,tinggi,Risiko ketidakstabilan pesisir relatif tinggi.,mangrove-priority-2016-2025-v0.1
1105,41,MPR-AA68145BB6,Kuala Selat,Kateman,Indragiri Hilir,0.22,P4,Perlindungan pantai dahulu,65.2,95,54,82,tinggi,Risiko ketidakstabilan pesisir relatif tinggi.,mangrove-priority-2016-2025-v0.1
1106,42,MPR-6BD284E988,Kuala Selat,Kateman,Indragiri Hilir,0.21,P4,Perlindungan pantai dahulu,65.2,95,54,82,tinggi,Risiko ketidakstabilan pesisir relatif tinggi.,mangrove-priority-2016-2025-v0.1
1107,43,MPR-8E738A8F5F,Kuala Selat,Kateman,Indragiri Hilir,0.21,P4,Perlindungan pantai dahulu,65.2,95,54,82,tinggi,Risiko ketidakstabilan pesisir relatif tinggi.,mangrove-priority-2016-2025-v0.1
1108,44,MPR-02E6AD98B4,Kuala Selat,Kateman,Indragiri Hilir,0.2,P4,Perlindungan pantai dahulu,65.2,95,54,82,tinggi,Risiko ketidakstabilan pesisir relatif tinggi.,mangrove-priority-2016-2025-v0.1
1109,45,MPR-862F709BDB,Kuala Selat,Kateman,Indragiri Hilir,0.2,P4,Perlindungan pantai dahulu,65.2,95,54,82,tinggi,Risiko ketidakstabilan pesisir relatif tinggi.,mangrove-priority-2016-2025-v0.1
1110,46,MPR-ADEE9B0A68,Kuala Selat,Kateman,Indragiri Hilir,0.18,P4,Perlindungan pantai dahulu,65.2,95,54,82,tinggi,Risiko ketidakstabilan pesisir relatif tinggi.,mangrove-priority-2016-2025-v0.1
1111,47,MPR-B9CE0A57C8,Kuala Selat,Kateman,Indragiri Hilir,0.18,P4,Perlindungan pantai dahulu,65.2,95,54,82,tinggi,Risiko ketidakstabilan pesisir relatif tinggi.,mangrove-priority-2016-2025-v0.1
1112,48,MPR-D0B7F4FA97,Kuala Selat,Kateman,Indragiri Hilir,0.18,P4,Perlindungan pantai dahulu,65.2,95,54,82,tinggi,Risiko ketidakstabilan pesisir relatif tinggi.,mangrove-priority-2016-2025-v0.1
1113,49,MPR-FA6C974BC2,Kuala Selat,Kateman,Indragiri Hilir,0.174,P4,Perlindungan pantai dahulu,65.2,95,54,82,tinggi,Risiko ketidakstabilan pesisir relatif tinggi.,mangrove-priority-2016-2025-v0.1
1114,50,MPR-1ED9F6CEC9,Kuala Selat,Kateman,Indragiri Hilir,0.17,P4,Perlindungan pantai dahulu,65.2,95,54,82,tinggi,Risiko ketidakstabilan pesisir relatif tinggi.,mangrove-priority-2016-2025-v0.1
1115,51,MPR-712C7AB923,Kuala Selat,Kateman,Indragiri Hilir,0.17,P4,Perlindungan pantai dahulu,65.2,95,54,82,tinggi,Risiko ketidakstabilan pesisir relatif tinggi.,mangrove-priority-2016-2025-v0.1
1116,52,MPR-74E304EA00,Kuala Selat,Kateman,Indragiri Hilir,0.17,P4,Perlindungan pantai dahulu,65.2,95,54,82,tinggi,Risiko ketidakstabilan pesisir relatif tinggi.,mangrove-priority-2016-2025-v0.1
1117,53,MPR-FC169AE63B,Kuala Selat,Kateman,Indragiri Hilir,0.17,P4,Perlindungan pantai dahulu,65.2,95,54,82,tinggi,Risiko ketidakstabilan pesisir relatif tinggi.,mangrove-priority-2016-2025-v0.1
1118,54,MPR-71F61F702D,Kuala Selat,Kateman,Indragiri Hilir,0.16,P4,Perlindungan pantai dahulu,65.2,95,54,82,tinggi,Risiko ketidakstabilan pesisir relatif tinggi.,mangrove-priority-2016-2025-v0.1
1119,55,MPR-B88457B6D9,Kuala Selat,Kateman,Indragiri Hilir,0.16,P4,Perlindungan pantai dahulu,65.2,95,54,82,tinggi,Risiko ketidakstabilan pesisir relatif tinggi.,mangrove-priority-2016-2025-v0.1
1120,56,MPR-69B5B8D824,Kuala Selat,Kateman,Indragiri Hilir,0.159,P4,Perlindungan pantai dahulu,65.2,95,54,82,tinggi,Risiko ketidakstabilan pesisir relatif tinggi.,mangrove-priority-2016-2025-v0.1
1121,57,MPR-5D4651F476,Kuala Selat,Kateman,Indragiri Hilir,0.152,P4,Perlindungan pantai dahulu,65.2,95,54,82,tinggi,Risiko ketidakstabilan pesisir relatif tinggi.,mangrove-priority-2016-2025-v0.1
1122,58,MPR-185C8F5240,Kuala Selat,Kateman,Indragiri Hilir,0.15,P4,Perlindungan pantai dahulu,65.2,95,54,82,tinggi,Risiko ketidakstabilan pesisir relatif tinggi.,mangrove-priority-2016-2025-v0.1
1123,59,MPR-5D3BE976FA,Kuala Selat,Kateman,Indragiri Hilir,0.15,P4,Perlindungan pantai dahulu,65.2,95,54,82,tinggi,Risiko ketidakstabilan pesisir relatif tinggi.,mangrove-priority-2016-2025-v0.1
1124,60,MPR-0A43F3A749,Kuala Selat,Kateman,Indragiri Hilir,0.14,P4,Perlindungan pantai dahulu,65.2,95,54,82,tinggi,Risiko ketidakstabilan pesisir relatif tinggi.,mangrove-priority-2016-2025-v0.1
1125,61,MPR-19554D2752,Kuala Selat,Kateman,Indragiri Hilir,0.14,P4,Perlindungan pantai dahulu,65.2,95,54,82,tinggi,Risiko ketidakstabilan pesisir relatif tinggi.,mangrove-priority-2016-2025-v0.1
1126,62,MPR-39F850EB50,Kuala Selat,Kateman,Indragiri Hilir,0.14,P4,Perlindungan pantai dahulu,65.2,95,54,82,tinggi,Risiko ketidakstabilan pesisir relatif tinggi.,mangrove-priority-2016-2025-v0.1
1127,63,MPR-63A04D82A1,Kuala Selat,Kateman,Indragiri Hilir,0.14,P4,Perlindungan pantai dahulu,65.2,95,54,82,tinggi,Risiko ketidakstabilan pesisir relatif tinggi.,mangrove-priority-2016-2025-v0.1
1128,64,MPR-7452A8DB45,Kuala Selat,Kateman,Indragiri Hilir,0.14,P4,Perlindungan pantai dahulu,65.2,95,54,82,tinggi,Risiko ketidakstabilan pesisir relatif tinggi.,mangrove-priority-2016-2025-v0.1
1129,65,MPR-CD1C9DA260,Kuala Selat,Kateman,Indragiri Hilir,0.14,P4,Perlindungan pantai dahulu,65.2,95,54,82,tinggi,Risiko ketidakstabilan pesisir relatif tinggi.,mangrove-priority-2016-2025-v0.1
1130,66,MPR-E5E5C6018C,Kuala Selat,Kateman,Indragiri Hilir,0.14,P4,Perlindungan pantai dahulu,65.2,95,54,82,tinggi,Risiko ketidakstabilan pesisir relatif tinggi.,mangrove-priority-2016-2025-v0.1
1131,67,MPR-F8FA99889C,Kuala Selat,Kateman,Indragiri Hilir,0.14,P4,Perlindungan pantai dahulu,65.2,95,54,82,tinggi,Risiko ketidakstabilan pesisir relatif tinggi.,mangrove-priority-2016-2025-v0.1
1132,68,MPR-2A26CA36DE,Kuala Selat,Kateman,Indragiri Hilir,0.12,P4,Perlindungan pantai dahulu,65.2,95,54,82,tinggi,Risiko ketidakstabilan pesisir relatif tinggi.,mangrove-priority-2016-2025-v0.1
1133,69,MPR-47233A99EC,Kuala Selat,Kateman,Indragiri Hilir,0.12,P4,Perlindungan pantai dahulu,65.2,95,54,82,tinggi,Risiko ketidakstabilan pesisir relatif tinggi.,mangrove-priority-2016-2025-v0.1
1134,70,MPR-47900E0A97,Kuala Selat,Kateman,Indragiri Hilir,0.12,P4,Perlindungan pantai dahulu,65.2,95,54,82,tinggi,Risiko ketidakstabilan pesisir relatif tinggi.,mangrove-priority-2016-2025-v0.1
1135,71,MPR-60404413C0,Kuala Selat,Kateman,Indragiri Hilir,0.12,P4,Perlindungan pantai dahulu,65.2,95,54,82,tinggi,Risiko ketidakstabilan pesisir relatif tinggi.,mangrove-priority-2016-2025-v0.1
1136,72,MPR-8F5C006A4C,Kuala Selat,Kateman,Indragiri Hilir,0.12,P4,Perlindungan pantai dahulu,65.2,95,54,82,tinggi,Risiko ketidakstabilan pesisir relatif tinggi.,mangrove-priority-2016-2025-v0.1
1137,73,MPR-A1ABF19D83,Kuala Selat,Kateman,Indragiri Hilir,0.12,P4,Perlindungan pantai dahulu,65.2,95,54,82,tinggi,Risiko ketidakstabilan pesisir relatif tinggi.,mangrove-priority-2016-2025-v0.1
1138,74,MPR-A28926D35A,Kuala Selat,Kateman,Indragiri Hilir,0.12,P4,Perlindungan pantai dahulu,65.2,95,54,82,tinggi,Risiko ketidakstabilan pesisir relatif tinggi.,mangrove-priority-2016-2025-v0.1
1139,75,MPR-6A5FBD3446,Kuala Selat,Kateman,Indragiri Hilir,0.112,P4,Perlindungan pantai dahulu,65.2,95,54,82,tinggi,Risiko ketidakstabilan pesisir relatif tinggi.,mangrove-priority-2016-2025-v0.1
1140,76,MPR-0A599FC949,Kuala Selat,Kateman,Indragiri Hilir,0.11,P4,Perlindungan pantai dahulu,65.2,95,54,82,tinggi,Risiko ketidakstabilan pesisir relatif tinggi.,mangrove-priority-2016-2025-v0.1
1141,77,MPR-10699CAFD2,Kuala Selat,Kateman,Indragiri Hilir,0.11,P4,Perlindungan pantai dahulu,65.2,95,54,82,tinggi,Risiko ketidakstabilan pesisir relatif tinggi.,mangrove-priority-2016-2025-v0.1
1142,78,MPR-2FC8A1A0BB,Kuala Selat,Kateman,Indragiri Hilir,0.11,P4,Perlindungan pantai dahulu,65.2,95,54,82,tinggi,Risiko ketidakstabilan pesisir relatif tinggi.,mangrove-priority-2016-2025-v0.1
1143,79,MPR-3823A8E44A,Kuala Selat,Kateman,Indragiri Hilir,0.11,P4,Perlindungan pantai dahulu,65.2,95,54,82,tinggi,Risiko ketidakstabilan pesisir relatif tinggi.,mangrove-priority-2016-2025-v0.1
1144,80,MPR-438C9ECB32,Kuala Selat,Kateman,Indragiri Hilir,0.11,P4,Perlindungan pantai dahulu,65.2,95,54,82,tinggi,Risiko ketidakstabilan pesisir relatif tinggi.,mangrove-priority-2016-2025-v0.1
1145,81,MPR-72F1C0B923,Kuala Selat,Kateman,Indragiri Hilir,0.11,P4,Perlindungan pantai dahulu,65.2,95,54,82,tinggi,Risiko ketidakstabilan pesisir relatif tinggi.,mangrove-priority-2016-2025-v0.1
1146,82,MPR-C052C24A0D,Kuala Selat,Kateman,Indragiri Hilir,0.11,P4,Perlindungan pantai dahulu,65.2,95,54,82,tinggi,Risiko ketidakstabilan pesisir relatif tinggi.,mangrove-priority-2016-2025-v0.1
1147,83,MPR-C06FC05EA8,Kuala Selat,Kateman,Indragiri Hilir,0.11,P4,Perlindungan pantai dahulu,65.2,95,54,82,tinggi,Risiko ketidakstabilan pesisir relatif tinggi.,mangrove-priority-2016-2025-v0.1
1148,84,MPR-D20CE739B5,Kuala Selat,Kateman,Indragiri Hilir,0.11,P4,Perlindungan pantai dahulu,65.2,95,54,82,tinggi,Risiko ketidakstabilan pesisir relatif tinggi.,mangrove-priority-2016-2025-v0.1
1149,85,MPR-F12801EC68,Kuala Selat,Kateman,Indragiri Hilir,0.11,P4,Perlindungan pantai dahulu,65.2,95,54,82,tinggi,Risiko ketidakstabilan pesisir relatif tinggi.,mangrove-priority-2016-2025-v0.1
1150,86,MPR-F5DEAE2DCC,Kuala Selat,Kateman,Indragiri Hilir,0.11,P4,Perlindungan pantai dahulu,65.2,95,54,82,tinggi,Risiko ketidakstabilan pesisir relatif tinggi.,mangrove-priority-2016-2025-v0.1
1151,87,MPR-093C656B3F,Kuala Selat,Kateman,Indragiri Hilir,0.1,P4,Perlindungan pantai dahulu,65.2,95,54,82,tinggi,Risiko ketidakstabilan pesisir relatif tinggi.,mangrove-priority-2016-2025-v0.1
1152,88,MPR-503F215266,Kuala Selat,Kateman,Indragiri Hilir,0.1,P4,Perlindungan pantai dahulu,65.2,95,54,82,tinggi,Risiko ketidakstabilan pesisir relatif tinggi.,mangrove-priority-2016-2025-v0.1
1153,89,MPR-87134EBE83,Kuala Selat,Kateman,Indragiri Hilir,0.1,P4,Perlindungan pantai dahulu,65.2,95,54,82,tinggi,Risiko ketidakstabilan pesisir relatif tinggi.,mangrove-priority-2016-2025-v0.1
1154,90,MPR-A50D31CCA4,Kuala Selat,Kateman,Indragiri Hilir,0.1,P4,Perlindungan pantai dahulu,65.2,95,54,82,tinggi,Risiko ketidakstabilan pesisir relatif tinggi.,mangrove-priority-2016-2025-v0.1
1155,91,MPR-B38AD48AB7,Kuala Selat,Kateman,Indragiri Hilir,0.1,P4,Perlindungan pantai dahulu,65.2,95,54,82,tinggi,Risiko ketidakstabilan pesisir relatif tinggi.,mangrove-priority-2016-2025-v0.1
1156,92,MPR-09FC1B492B,Kuala Selat,Kateman,Indragiri Hilir,0.09,P4,Perlindungan pantai dahulu,65.2,95,54,82,tinggi,Risiko ketidakstabilan pesisir relatif tinggi.,mangrove-priority-2016-2025-v0.1
1157,93,MPR-9D7776A211,Kuala Selat,Kateman,Indragiri Hilir,0.09,P4,Perlindungan pantai dahulu,65.2,95,54,82,tinggi,Risiko ketidakstabilan pesisir relatif tinggi.,mangrove-priority-2016-2025-v0.1
1158,94,MPR-ABDAB6648C,Kuala Selat,Kateman,Indragiri Hilir,0.09,P4,Perlindungan pantai dahulu,65.2,95,54,82,tinggi,Risiko ketidakstabilan pesisir relatif tinggi.,mangrove-priority-2016-2025-v0.1
1159,95,MPR-FA004D5252,Kuala Selat,Kateman,Indragiri Hilir,0.09,P4,Perlindungan pantai dahulu,65.2,95,54,82,tinggi,Risiko ketidakstabilan pesisir relatif tinggi.,mangrove-priority-2016-2025-v0.1
1160,96,MPR-0BC93281BA,Kuala Selat,Kateman,Indragiri Hilir,0.08,P4,Perlindungan pantai dahulu,65.2,95,54,82,tinggi,Risiko ketidakstabilan pesisir relatif tinggi.,mangrove-priority-2016-2025-v0.1
1161,97,MPR-0CB23BA354,Kuala Selat,Kateman,Indragiri Hilir,0.08,P4,Perlindungan pantai dahulu,65.2,95,54,82,tinggi,Risiko ketidakstabilan pesisir relatif tinggi.,mangrove-priority-2016-2025-v0.1
1162,98,MPR-0F2ED185C2,Kuala Selat,Kateman,Indragiri Hilir,0.08,P4,Perlindungan pantai dahulu,65.2,95,54,82,tinggi,Risiko ketidakstabilan pesisir relatif tinggi.,mangrove-priority-2016-2025-v0.1
1163,99,MPR-1EB1C5E8AB,Kuala Selat,Kateman,Indragiri Hilir,0.08,P4,Perlindungan pantai dahulu,65.2,95,54,82,tinggi,Risiko ketidakstabilan pesisir relatif tinggi.,mangrove-priority-2016-2025-v0.1
1164,100,MPR-2782D5680C,Kuala Selat,Kateman,Indragiri Hilir,0.08,P4,Perlindungan pantai dahulu,65.2,95,54,82,tinggi,Risiko ketidakstabilan pesisir relatif tinggi.,mangrove-priority-2016-2025-v0.1
1165,101,MPR-762733FB2B,Kuala Selat,Kateman,Indragiri Hilir,0.08,P4,Perlindungan pantai dahulu,65.2,95,54,82,tinggi,Risiko ketidakstabilan pesisir relatif tinggi.,mangrove-priority-2016-2025-v0.1
1166,102,MPR-9786DD49C1,Kuala Selat,Kateman,Indragiri Hilir,0.08,P4,Perlindungan pantai dahulu,65.2,95,54,82,tinggi,Risiko ketidakstabilan pesisir relatif tinggi.,mangrove-priority-2016-2025-v0.1
1167,103,MPR-1FFC3FDB59,Kuala Selat,Kateman,Indragiri Hilir,0.059,P4,Perlindungan pantai dahulu,65.2,95,54,82,tinggi,Risiko ketidakstabilan pesisir relatif tinggi.,mangrove-priority-2016-2025-v0.1
1168,104,MPR-24214DA5FB,Kuala Selat,Kateman,Indragiri Hilir,0.05,P4,Perlindungan pantai dahulu,65.2,95,54,82,tinggi,Risiko ketidakstabilan pesisir relatif tinggi.,mangrove-priority-2016-2025-v0.1
1169,105,MPR-2C64A1E8AA,Kuala Selat,Kateman,Indragiri Hilir,0.05,P4,Perlindungan pantai dahulu,65.2,95,54,82,tinggi,Risiko ketidakstabilan pesisir relatif tinggi.,mangrove-priority-2016-2025-v0.1
1170,106,MPR-98A5922A25,Kuala Selat,Kateman,Indragiri Hilir,0.05,P4,Perlindungan pantai dahulu,65.2,95,54,82,tinggi,Risiko ketidakstabilan pesisir relatif tinggi.,mangrove-priority-2016-2025-v0.1
1171,107,MPR-AB8E48B653,Kuala Selat,Kateman,Indragiri Hilir,0.05,P4,Perlindungan pantai dahulu,65.2,95,54,82,tinggi,Risiko ketidakstabilan pesisir relatif tinggi.,mangrove-priority-2016-2025-v0.1
1172,108,MPR-BFA09E10C0,Kuala Selat,Kateman,Indragiri Hilir,0.05,X,Tidak direkomendasikan,65.2,95,54,82,tinggi,Area terlalu kecil dan terisolasi untuk diprioritaskan.,mangrove-priority-2016-2025-v0.1
1173,109,MPR-C9DCED7755,Kuala Selat,Kateman,Indragiri Hilir,0.05,P4,Perlindungan pantai dahulu,65.2,95,54,82,tinggi,Risiko ketidakstabilan pesisir relatif tinggi.,mangrove-priority-2016-2025-v0.1
1174,110,MPR-DAC2D51ACB,Kuala Selat,Kateman,Indragiri Hilir,0.05,P4,Perlindungan pantai dahulu,65.2,95,54,82,tinggi,Risiko ketidakstabilan pesisir relatif tinggi.,mangrove-priority-2016-2025-v0.1
1175,111,MPR-DDCBB7531B,Kuala Selat,Kateman,Indragiri Hilir,0.05,P4,Perlindungan pantai dahulu,65.2,95,54,82,tinggi,Risiko ketidakstabilan pesisir relatif tinggi.,mangrove-priority-2016-2025-v0.1
1176,112,MPR-EE8B8E4053,Kuala Selat,Kateman,Indragiri Hilir,0.05,P4,Perlindungan pantai dahulu,65.2,95,54,82,tinggi,Risiko ketidakstabilan pesisir relatif tinggi.,mangrove-priority-2016-2025-v0.1
1177,113,MPR-EEB82DA146,Kuala Selat,Kateman,Indragiri Hilir,0.05,P4,Perlindungan pantai dahulu,65.2,95,54,82,tinggi,Risiko ketidakstabilan pesisir relatif tinggi.,mangrove-priority-2016-2025-v0.1
1178,95,MPR-E95F6A2B44,Pulauburung,Pulau Burung,Indragiri Hilir,1.24,P2,Regenerasi alami terbantu,65.1,61,83,57,tinggi,Kondisi biofisik relatif mendukung pemulihan vegetasi.,mangrove-priority-2016-2025-v0.1
1179,96,MPR-BCBF3A7706,Pulauburung,Pulau Burung,Indragiri Hilir,1.128,P2,Regenerasi alami terbantu,65.1,61,83,57,tinggi,Kondisi biofisik relatif mendukung pemulihan vegetasi.,mangrove-priority-2016-2025-v0.1
1180,97,MPR-0730C9B1A7,Pulauburung,Pulau Burung,Indragiri Hilir,1.11,P2,Regenerasi alami terbantu,65.1,61,83,57,tinggi,Kondisi biofisik relatif mendukung pemulihan vegetasi.,mangrove-priority-2016-2025-v0.1
1181,98,MPR-67D3D13CD8,Pulauburung,Pulau Burung,Indragiri Hilir,1.09,P2,Regenerasi alami terbantu,65.1,61,83,57,tinggi,Kondisi biofisik relatif mendukung pemulihan vegetasi.,mangrove-priority-2016-2025-v0.1
1182,121,MPR-147D9573A5,Sungaibuluh,Kuala Indragiri,Indragiri Hilir,5.79,P2,Regenerasi alami terbantu,65.0,64,77,54,tinggi,Kondisi biofisik relatif mendukung pemulihan vegetasi.,mangrove-priority-2016-2025-v0.1
1183,99,MPR-CC167AD94E,Pulauburung,Pulau Burung,Indragiri Hilir,1.88,P2,Regenerasi alami terbantu,65.0,62,82,58,tinggi,Kondisi biofisik relatif mendukung pemulihan vegetasi.,mangrove-priority-2016-2025-v0.1
1184,114,MPR-32FE865D41,Kuala Selat,Kateman,Indragiri Hilir,1.72,P4,Perlindungan pantai dahulu,65.0,97,52,84,tinggi,Risiko ketidakstabilan pesisir relatif tinggi.,mangrove-priority-2016-2025-v0.1
1185,115,MPR-F919A7EA29,Kuala Selat,Kateman,Indragiri Hilir,1.61,P4,Perlindungan pantai dahulu,65.0,97,52,84,tinggi,Risiko ketidakstabilan pesisir relatif tinggi.,mangrove-priority-2016-2025-v0.1
1186,116,MPR-04233DD197,Kuala Selat,Kateman,Indragiri Hilir,1.53,P4,Perlindungan pantai dahulu,65.0,97,52,84,tinggi,Risiko ketidakstabilan pesisir relatif tinggi.,mangrove-priority-2016-2025-v0.1
1187,117,MPR-E5D7CD59B7,Kuala Selat,Kateman,Indragiri Hilir,1.527,P4,Perlindungan pantai dahulu,65.0,97,52,84,tinggi,Risiko ketidakstabilan pesisir relatif tinggi.,mangrove-priority-2016-2025-v0.1
1188,118,MPR-6420B5BCDD,Kuala Selat,Kateman,Indragiri Hilir,1.52,P4,Perlindungan pantai dahulu,65.0,97,52,84,tinggi,Risiko ketidakstabilan pesisir relatif tinggi.,mangrove-priority-2016-2025-v0.1
1189,119,MPR-ED399CDEFE,Kuala Selat,Kateman,Indragiri Hilir,1.51,P4,Perlindungan pantai dahulu,65.0,97,52,84,tinggi,Risiko ketidakstabilan pesisir relatif tinggi.,mangrove-priority-2016-2025-v0.1
1190,120,MPR-62D3635EF6,Kuala Selat,Kateman,Indragiri Hilir,1.45,P4,Perlindungan pantai dahulu,65.0,97,52,84,tinggi,Risiko ketidakstabilan pesisir relatif tinggi.,mangrove-priority-2016-2025-v0.1
1191,121,MPR-75A3627AB8,Kuala Selat,Kateman,Indragiri Hilir,1.43,P4,Perlindungan pantai dahulu,65.0,97,52,84,tinggi,Risiko ketidakstabilan pesisir relatif tinggi.,mangrove-priority-2016-2025-v0.1
1192,122,MPR-AB5DAB8A7D,Kuala Selat,Kateman,Indragiri Hilir,1.4,P4,Perlindungan pantai dahulu,65.0,97,52,84,tinggi,Risiko ketidakstabilan pesisir relatif tinggi.,mangrove-priority-2016-2025-v0.1
1193,123,MPR-BD07866ECD,Kuala Selat,Kateman,Indragiri Hilir,1.39,P4,Perlindungan pantai dahulu,65.0,97,52,84,tinggi,Risiko ketidakstabilan pesisir relatif tinggi.,mangrove-priority-2016-2025-v0.1
1194,124,MPR-B6DECECB67,Kuala Selat,Kateman,Indragiri Hilir,1.36,P4,Perlindungan pantai dahulu,65.0,97,52,84,tinggi,Risiko ketidakstabilan pesisir relatif tinggi.,mangrove-priority-2016-2025-v0.1
1195,125,MPR-86EBDCA4FE,Kuala Selat,Kateman,Indragiri Hilir,1.32,P4,Perlindungan pantai dahulu,65.0,97,52,84,tinggi,Risiko ketidakstabilan pesisir relatif tinggi.,mangrove-priority-2016-2025-v0.1
1196,126,MPR-578BD330A4,Kuala Selat,Kateman,Indragiri Hilir,1.273,P4,Perlindungan pantai dahulu,65.0,97,52,84,tinggi,Risiko ketidakstabilan pesisir relatif tinggi.,mangrove-priority-2016-2025-v0.1
1197,66,MPR-88102CE7AD,Kuala Patah Parang,Sungai Batang,Indragiri Hilir,13.34,P3,Pemulihan hidrologi,64.9,72,66,53,tinggi,Kelayakan sedang; konektivitas pasang surut perlu dipulihkan.,mangrove-priority-2016-2025-v0.1
1198,100,MPR-6ABDD5C093,Pulauburung,Pulau Burung,Indragiri Hilir,2.6,P2,Regenerasi alami terbantu,64.9,63,81,59,tinggi,Kondisi biofisik relatif mendukung pemulihan vegetasi.,mangrove-priority-2016-2025-v0.1
1199,127,MPR-E8FB4276B5,Kuala Selat,Kateman,Indragiri Hilir,0.38,P4,Perlindungan pantai dahulu,64.9,95,53,82,tinggi,Risiko ketidakstabilan pesisir relatif tinggi.,mangrove-priority-2016-2025-v0.1
1200,128,MPR-A03E645A0A,Kuala Selat,Kateman,Indragiri Hilir,0.37,P4,Perlindungan pantai dahulu,64.9,95,53,82,tinggi,Risiko ketidakstabilan pesisir relatif tinggi.,mangrove-priority-2016-2025-v0.1
1201,129,MPR-F137560D78,Kuala Selat,Kateman,Indragiri Hilir,0.37,P4,Perlindungan pantai dahulu,64.9,95,53,82,tinggi,Risiko ketidakstabilan pesisir relatif tinggi.,mangrove-priority-2016-2025-v0.1
1202,130,MPR-A0361DCF0A,Kuala Selat,Kateman,Indragiri Hilir,0.36,P4,Perlindungan pantai dahulu,64.9,95,53,82,tinggi,Risiko ketidakstabilan pesisir relatif tinggi.,mangrove-priority-2016-2025-v0.1
1203,131,MPR-57EA52F4B4,Kuala Selat,Kateman,Indragiri Hilir,1.74,P4,Perlindungan pantai dahulu,64.8,97,52,85,tinggi,Risiko ketidakstabilan pesisir relatif tinggi.,mangrove-priority-2016-2025-v0.1
1204,132,MPR-8539F6DD33,Kuala Selat,Kateman,Indragiri Hilir,1.21,P4,Perlindungan pantai dahulu,64.6,96,52,84,tinggi,Risiko ketidakstabilan pesisir relatif tinggi.,mangrove-priority-2016-2025-v0.1
1205,133,MPR-F4840F839D,Kuala Selat,Kateman,Indragiri Hilir,1.95,P4,Perlindungan pantai dahulu,64.5,97,51,85,tinggi,Risiko ketidakstabilan pesisir relatif tinggi.,mangrove-priority-2016-2025-v0.1
1206,134,MPR-311928AE7D,Kuala Selat,Kateman,Indragiri Hilir,1.89,P4,Perlindungan pantai dahulu,64.5,97,51,85,tinggi,Risiko ketidakstabilan pesisir relatif tinggi.,mangrove-priority-2016-2025-v0.1
1207,101,MPR-A5664E3E6A,Pulauburung,Pulau Burung,Indragiri Hilir,5.04,P1,Penanaman aktif,64.4,66,78,63,tinggi,Kebutuhan dan kelayakan relatif tinggi.,mangrove-priority-2016-2025-v0.1
1208,135,MPR-D8A57E5BBB,Kuala Selat,Kateman,Indragiri Hilir,2.7,P4,Perlindungan pantai dahulu,64.4,98,50,86,tinggi,Risiko ketidakstabilan pesisir relatif tinggi.,mangrove-priority-2016-2025-v0.1
1209,136,MPR-1A513D37E4,Kuala Selat,Kateman,Indragiri Hilir,2.58,P4,Perlindungan pantai dahulu,64.4,98,50,86,tinggi,Risiko ketidakstabilan pesisir relatif tinggi.,mangrove-priority-2016-2025-v0.1
1210,137,MPR-6DDD08C326,Kuala Selat,Kateman,Indragiri Hilir,3.47,P4,Perlindungan pantai dahulu,64.3,99,49,87,tinggi,Risiko ketidakstabilan pesisir relatif tinggi.,mangrove-priority-2016-2025-v0.1
1211,138,MPR-C54E3DA9F3,Kuala Selat,Kateman,Indragiri Hilir,4.16,P4,Perlindungan pantai dahulu,64.2,100,48,88,tinggi,Risiko ketidakstabilan pesisir relatif tinggi.,mangrove-priority-2016-2025-v0.1
1212,139,MPR-4183B8DC1B,Kuala Selat,Kateman,Indragiri Hilir,5.01,P4,Perlindungan pantai dahulu,63.7,100,47,89,tinggi,Risiko ketidakstabilan pesisir relatif tinggi.,mangrove-priority-2016-2025-v0.1
1213,1,MPR-381D4680F8,Sungaiteritip,Kateman,Indragiri Hilir,0.26,P4,Perlindungan pantai dahulu,63.7,63,85,72,tinggi,Risiko ketidakstabilan pesisir relatif tinggi.,mangrove-priority-2016-2025-v0.1
1214,2,MPR-E3501DB701,Sungaiteritip,Kateman,Indragiri Hilir,0.26,P4,Perlindungan pantai dahulu,63.7,63,85,72,tinggi,Risiko ketidakstabilan pesisir relatif tinggi.,mangrove-priority-2016-2025-v0.1
1215,3,MPR-D04272902C,Sungaiteritip,Kateman,Indragiri Hilir,0.25,P4,Perlindungan pantai dahulu,63.7,63,85,72,tinggi,Risiko ketidakstabilan pesisir relatif tinggi.,mangrove-priority-2016-2025-v0.1
1216,4,MPR-A4B0B2D0A2,Sungaiteritip,Kateman,Indragiri Hilir,0.24,P4,Perlindungan pantai dahulu,63.7,63,85,72,tinggi,Risiko ketidakstabilan pesisir relatif tinggi.,mangrove-priority-2016-2025-v0.1
1217,5,MPR-9A14B7A0DD,Sungaiteritip,Kateman,Indragiri Hilir,0.233,P4,Perlindungan pantai dahulu,63.7,63,85,72,tinggi,Risiko ketidakstabilan pesisir relatif tinggi.,mangrove-priority-2016-2025-v0.1
1218,6,MPR-F48B4567B1,Sungaiteritip,Kateman,Indragiri Hilir,0.23,P4,Perlindungan pantai dahulu,63.7,63,85,72,tinggi,Risiko ketidakstabilan pesisir relatif tinggi.,mangrove-priority-2016-2025-v0.1
1219,7,MPR-10F794CF25,Sungaiteritip,Kateman,Indragiri Hilir,0.22,P4,Perlindungan pantai dahulu,63.7,63,85,72,tinggi,Risiko ketidakstabilan pesisir relatif tinggi.,mangrove-priority-2016-2025-v0.1
1220,8,MPR-0A5D1BEA7B,Sungaiteritip,Kateman,Indragiri Hilir,0.21,P4,Perlindungan pantai dahulu,63.7,63,85,72,tinggi,Risiko ketidakstabilan pesisir relatif tinggi.,mangrove-priority-2016-2025-v0.1
1221,9,MPR-549F8ECFFA,Sungaiteritip,Kateman,Indragiri Hilir,0.2,P4,Perlindungan pantai dahulu,63.7,63,85,72,tinggi,Risiko ketidakstabilan pesisir relatif tinggi.,mangrove-priority-2016-2025-v0.1
1222,10,MPR-AA61EFE4B4,Sungaiteritip,Kateman,Indragiri Hilir,0.2,P4,Perlindungan pantai dahulu,63.7,63,85,72,tinggi,Risiko ketidakstabilan pesisir relatif tinggi.,mangrove-priority-2016-2025-v0.1
1223,11,MPR-63DB51DD2D,Sungaiteritip,Kateman,Indragiri Hilir,0.19,P4,Perlindungan pantai dahulu,63.7,63,85,72,tinggi,Risiko ketidakstabilan pesisir relatif tinggi.,mangrove-priority-2016-2025-v0.1
1224,12,MPR-698C9C6D6A,Sungaiteritip,Kateman,Indragiri Hilir,0.19,P4,Perlindungan pantai dahulu,63.7,63,85,72,tinggi,Risiko ketidakstabilan pesisir relatif tinggi.,mangrove-priority-2016-2025-v0.1
1225,13,MPR-7730D51FA1,Sungaiteritip,Kateman,Indragiri Hilir,0.19,P4,Perlindungan pantai dahulu,63.7,63,85,72,tinggi,Risiko ketidakstabilan pesisir relatif tinggi.,mangrove-priority-2016-2025-v0.1
1226,14,MPR-BE9B8A02B5,Sungaiteritip,Kateman,Indragiri Hilir,0.19,P4,Perlindungan pantai dahulu,63.7,63,85,72,tinggi,Risiko ketidakstabilan pesisir relatif tinggi.,mangrove-priority-2016-2025-v0.1
1227,15,MPR-FADB13CD2C,Sungaiteritip,Kateman,Indragiri Hilir,0.19,P4,Perlindungan pantai dahulu,63.7,63,85,72,tinggi,Risiko ketidakstabilan pesisir relatif tinggi.,mangrove-priority-2016-2025-v0.1
1228,16,MPR-6485E4EE66,Sungaiteritip,Kateman,Indragiri Hilir,0.18,P4,Perlindungan pantai dahulu,63.7,63,85,72,tinggi,Risiko ketidakstabilan pesisir relatif tinggi.,mangrove-priority-2016-2025-v0.1
1229,17,MPR-83F4B5B836,Sungaiteritip,Kateman,Indragiri Hilir,0.18,P4,Perlindungan pantai dahulu,63.7,63,85,72,tinggi,Risiko ketidakstabilan pesisir relatif tinggi.,mangrove-priority-2016-2025-v0.1
1230,18,MPR-0D6B02F98B,Sungaiteritip,Kateman,Indragiri Hilir,0.17,P4,Perlindungan pantai dahulu,63.7,63,85,72,tinggi,Risiko ketidakstabilan pesisir relatif tinggi.,mangrove-priority-2016-2025-v0.1
1231,19,MPR-EDF78CB95B,Sungaiteritip,Kateman,Indragiri Hilir,0.17,P4,Perlindungan pantai dahulu,63.7,63,85,72,tinggi,Risiko ketidakstabilan pesisir relatif tinggi.,mangrove-priority-2016-2025-v0.1
1232,20,MPR-9693139D11,Sungaiteritip,Kateman,Indragiri Hilir,0.16,P4,Perlindungan pantai dahulu,63.7,63,85,72,tinggi,Risiko ketidakstabilan pesisir relatif tinggi.,mangrove-priority-2016-2025-v0.1
1233,21,MPR-9202E8B03B,Sungaiteritip,Kateman,Indragiri Hilir,0.15,P4,Perlindungan pantai dahulu,63.7,63,85,72,tinggi,Risiko ketidakstabilan pesisir relatif tinggi.,mangrove-priority-2016-2025-v0.1
1234,22,MPR-9F978D8CEB,Sungaiteritip,Kateman,Indragiri Hilir,0.15,P4,Perlindungan pantai dahulu,63.7,63,85,72,tinggi,Risiko ketidakstabilan pesisir relatif tinggi.,mangrove-priority-2016-2025-v0.1
1235,23,MPR-BFD3D19032,Sungaiteritip,Kateman,Indragiri Hilir,0.14,P4,Perlindungan pantai dahulu,63.7,63,85,72,tinggi,Risiko ketidakstabilan pesisir relatif tinggi.,mangrove-priority-2016-2025-v0.1
1236,24,MPR-2C7E7E3423,Sungaiteritip,Kateman,Indragiri Hilir,0.13,P4,Perlindungan pantai dahulu,63.7,63,85,72,tinggi,Risiko ketidakstabilan pesisir relatif tinggi.,mangrove-priority-2016-2025-v0.1
1237,25,MPR-38199AED15,Sungaiteritip,Kateman,Indragiri Hilir,0.13,P4,Perlindungan pantai dahulu,63.7,63,85,72,tinggi,Risiko ketidakstabilan pesisir relatif tinggi.,mangrove-priority-2016-2025-v0.1
1238,26,MPR-623CF06347,Sungaiteritip,Kateman,Indragiri Hilir,0.13,P4,Perlindungan pantai dahulu,63.7,63,85,72,tinggi,Risiko ketidakstabilan pesisir relatif tinggi.,mangrove-priority-2016-2025-v0.1
1239,27,MPR-7685D6CE7A,Sungaiteritip,Kateman,Indragiri Hilir,0.13,P4,Perlindungan pantai dahulu,63.7,63,85,72,tinggi,Risiko ketidakstabilan pesisir relatif tinggi.,mangrove-priority-2016-2025-v0.1
1240,28,MPR-1B5CAA8307,Sungaiteritip,Kateman,Indragiri Hilir,0.12,P4,Perlindungan pantai dahulu,63.7,63,85,72,tinggi,Risiko ketidakstabilan pesisir relatif tinggi.,mangrove-priority-2016-2025-v0.1
1241,29,MPR-3229816C55,Sungaiteritip,Kateman,Indragiri Hilir,0.12,P4,Perlindungan pantai dahulu,63.7,63,85,72,tinggi,Risiko ketidakstabilan pesisir relatif tinggi.,mangrove-priority-2016-2025-v0.1
1242,30,MPR-397EC0F71A,Sungaiteritip,Kateman,Indragiri Hilir,0.12,P4,Perlindungan pantai dahulu,63.7,63,85,72,tinggi,Risiko ketidakstabilan pesisir relatif tinggi.,mangrove-priority-2016-2025-v0.1
1243,31,MPR-B23561E431,Sungaiteritip,Kateman,Indragiri Hilir,0.12,P4,Perlindungan pantai dahulu,63.7,63,85,72,tinggi,Risiko ketidakstabilan pesisir relatif tinggi.,mangrove-priority-2016-2025-v0.1
1244,32,MPR-D155035DAB,Sungaiteritip,Kateman,Indragiri Hilir,0.12,P4,Perlindungan pantai dahulu,63.7,63,85,72,tinggi,Risiko ketidakstabilan pesisir relatif tinggi.,mangrove-priority-2016-2025-v0.1
1245,33,MPR-D36BEB996C,Sungaiteritip,Kateman,Indragiri Hilir,0.12,P4,Perlindungan pantai dahulu,63.7,63,85,72,tinggi,Risiko ketidakstabilan pesisir relatif tinggi.,mangrove-priority-2016-2025-v0.1
1246,34,MPR-E51AC0C59C,Sungaiteritip,Kateman,Indragiri Hilir,0.12,P4,Perlindungan pantai dahulu,63.7,63,85,72,tinggi,Risiko ketidakstabilan pesisir relatif tinggi.,mangrove-priority-2016-2025-v0.1
1247,35,MPR-FFF45D75D8,Sungaiteritip,Kateman,Indragiri Hilir,0.12,P4,Perlindungan pantai dahulu,63.7,63,85,72,tinggi,Risiko ketidakstabilan pesisir relatif tinggi.,mangrove-priority-2016-2025-v0.1
1248,36,MPR-879F206FE2,Sungaiteritip,Kateman,Indragiri Hilir,0.11,P4,Perlindungan pantai dahulu,63.7,63,85,72,tinggi,Risiko ketidakstabilan pesisir relatif tinggi.,mangrove-priority-2016-2025-v0.1
1249,37,MPR-E2A482239D,Sungaiteritip,Kateman,Indragiri Hilir,0.11,P4,Perlindungan pantai dahulu,63.7,63,85,72,tinggi,Risiko ketidakstabilan pesisir relatif tinggi.,mangrove-priority-2016-2025-v0.1
1250,38,MPR-5940424464,Sungaiteritip,Kateman,Indragiri Hilir,0.1,P4,Perlindungan pantai dahulu,63.7,63,85,72,tinggi,Risiko ketidakstabilan pesisir relatif tinggi.,mangrove-priority-2016-2025-v0.1
1251,39,MPR-D8918B16B8,Sungaiteritip,Kateman,Indragiri Hilir,0.1,P4,Perlindungan pantai dahulu,63.7,63,85,72,tinggi,Risiko ketidakstabilan pesisir relatif tinggi.,mangrove-priority-2016-2025-v0.1
1252,40,MPR-06F1D167D4,Sungaiteritip,Kateman,Indragiri Hilir,0.08,P4,Perlindungan pantai dahulu,63.7,63,85,72,tinggi,Risiko ketidakstabilan pesisir relatif tinggi.,mangrove-priority-2016-2025-v0.1
1253,41,MPR-1075B4D33E,Sungaiteritip,Kateman,Indragiri Hilir,0.08,P4,Perlindungan pantai dahulu,63.7,63,85,72,tinggi,Risiko ketidakstabilan pesisir relatif tinggi.,mangrove-priority-2016-2025-v0.1
1254,42,MPR-10A14C5D62,Sungaiteritip,Kateman,Indragiri Hilir,0.08,P4,Perlindungan pantai dahulu,63.7,63,85,72,tinggi,Risiko ketidakstabilan pesisir relatif tinggi.,mangrove-priority-2016-2025-v0.1
1255,43,MPR-721F4AE04E,Sungaiteritip,Kateman,Indragiri Hilir,0.08,P4,Perlindungan pantai dahulu,63.7,63,85,72,tinggi,Risiko ketidakstabilan pesisir relatif tinggi.,mangrove-priority-2016-2025-v0.1
1256,44,MPR-7A0081AB8D,Sungaiteritip,Kateman,Indragiri Hilir,0.08,P4,Perlindungan pantai dahulu,63.7,63,85,72,tinggi,Risiko ketidakstabilan pesisir relatif tinggi.,mangrove-priority-2016-2025-v0.1
1257,45,MPR-9F7EE96697,Sungaiteritip,Kateman,Indragiri Hilir,0.08,P4,Perlindungan pantai dahulu,63.7,63,85,72,tinggi,Risiko ketidakstabilan pesisir relatif tinggi.,mangrove-priority-2016-2025-v0.1
1258,46,MPR-BC567A4AD8,Sungaiteritip,Kateman,Indragiri Hilir,0.08,P4,Perlindungan pantai dahulu,63.7,63,85,72,tinggi,Risiko ketidakstabilan pesisir relatif tinggi.,mangrove-priority-2016-2025-v0.1
1259,47,MPR-D08B51C4E6,Sungaiteritip,Kateman,Indragiri Hilir,0.08,P4,Perlindungan pantai dahulu,63.7,63,85,72,tinggi,Risiko ketidakstabilan pesisir relatif tinggi.,mangrove-priority-2016-2025-v0.1
1260,48,MPR-DF29603CF9,Sungaiteritip,Kateman,Indragiri Hilir,0.08,P4,Perlindungan pantai dahulu,63.7,63,85,72,tinggi,Risiko ketidakstabilan pesisir relatif tinggi.,mangrove-priority-2016-2025-v0.1
1261,49,MPR-E06ECCA020,Sungaiteritip,Kateman,Indragiri Hilir,0.08,P4,Perlindungan pantai dahulu,63.7,63,85,72,tinggi,Risiko ketidakstabilan pesisir relatif tinggi.,mangrove-priority-2016-2025-v0.1
1262,50,MPR-F968510D0A,Sungaiteritip,Kateman,Indragiri Hilir,0.08,P4,Perlindungan pantai dahulu,63.7,63,85,72,tinggi,Risiko ketidakstabilan pesisir relatif tinggi.,mangrove-priority-2016-2025-v0.1
1263,51,MPR-FDCF5B3284,Sungaiteritip,Kateman,Indragiri Hilir,0.08,P4,Perlindungan pantai dahulu,63.7,63,85,72,tinggi,Risiko ketidakstabilan pesisir relatif tinggi.,mangrove-priority-2016-2025-v0.1
1264,52,MPR-C675B88BFA,Sungaiteritip,Kateman,Indragiri Hilir,0.074,P4,Perlindungan pantai dahulu,63.7,63,85,72,tinggi,Risiko ketidakstabilan pesisir relatif tinggi.,mangrove-priority-2016-2025-v0.1
1265,53,MPR-206A430D90,Sungaiteritip,Kateman,Indragiri Hilir,0.05,P4,Perlindungan pantai dahulu,63.7,63,85,72,tinggi,Risiko ketidakstabilan pesisir relatif tinggi.,mangrove-priority-2016-2025-v0.1
1266,54,MPR-2996CB8436,Sungaiteritip,Kateman,Indragiri Hilir,0.05,P4,Perlindungan pantai dahulu,63.7,63,85,72,tinggi,Risiko ketidakstabilan pesisir relatif tinggi.,mangrove-priority-2016-2025-v0.1
1267,55,MPR-406E779920,Sungaiteritip,Kateman,Indragiri Hilir,0.05,P4,Perlindungan pantai dahulu,63.7,63,85,72,tinggi,Risiko ketidakstabilan pesisir relatif tinggi.,mangrove-priority-2016-2025-v0.1
1268,56,MPR-43C7D919A5,Sungaiteritip,Kateman,Indragiri Hilir,0.05,P4,Perlindungan pantai dahulu,63.7,63,85,72,tinggi,Risiko ketidakstabilan pesisir relatif tinggi.,mangrove-priority-2016-2025-v0.1
1269,57,MPR-6A1132A773,Sungaiteritip,Kateman,Indragiri Hilir,0.05,X,Tidak direkomendasikan,63.7,63,85,72,tinggi,Area terlalu kecil dan terisolasi untuk diprioritaskan.,mangrove-priority-2016-2025-v0.1
1270,58,MPR-75C8EA19D1,Sungaiteritip,Kateman,Indragiri Hilir,0.05,P4,Perlindungan pantai dahulu,63.7,63,85,72,tinggi,Risiko ketidakstabilan pesisir relatif tinggi.,mangrove-priority-2016-2025-v0.1
1271,59,MPR-A87B7D23B8,Sungaiteritip,Kateman,Indragiri Hilir,0.05,P4,Perlindungan pantai dahulu,63.7,63,85,72,tinggi,Risiko ketidakstabilan pesisir relatif tinggi.,mangrove-priority-2016-2025-v0.1
1272,60,MPR-A9E36E5F4C,Sungaiteritip,Kateman,Indragiri Hilir,0.05,P4,Perlindungan pantai dahulu,63.7,63,85,72,tinggi,Risiko ketidakstabilan pesisir relatif tinggi.,mangrove-priority-2016-2025-v0.1
1273,61,MPR-FB3D113CBF,Sungaiteritip,Kateman,Indragiri Hilir,0.05,P4,Perlindungan pantai dahulu,63.7,63,85,72,tinggi,Risiko ketidakstabilan pesisir relatif tinggi.,mangrove-priority-2016-2025-v0.1
1274,62,MPR-FF8FEFC38A,Sungaiteritip,Kateman,Indragiri Hilir,0.92,P4,Perlindungan pantai dahulu,63.6,64,84,73,tinggi,Risiko ketidakstabilan pesisir relatif tinggi.,mangrove-priority-2016-2025-v0.1
1275,63,MPR-6B58C3C285,Sungaiteritip,Kateman,Indragiri Hilir,0.81,P4,Perlindungan pantai dahulu,63.6,64,84,73,tinggi,Risiko ketidakstabilan pesisir relatif tinggi.,mangrove-priority-2016-2025-v0.1
1276,64,MPR-A1C4641181,Sungaiteritip,Kateman,Indragiri Hilir,1.48,P4,Perlindungan pantai dahulu,63.5,65,83,74,tinggi,Risiko ketidakstabilan pesisir relatif tinggi.,mangrove-priority-2016-2025-v0.1
1277,65,MPR-37C78B2109,Sungaiteritip,Kateman,Indragiri Hilir,1.36,P4,Perlindungan pantai dahulu,63.5,65,83,74,tinggi,Risiko ketidakstabilan pesisir relatif tinggi.,mangrove-priority-2016-2025-v0.1
1278,66,MPR-3C3E17F772,Sungaiteritip,Kateman,Indragiri Hilir,0.35,P4,Perlindungan pantai dahulu,63.5,63,85,73,tinggi,Risiko ketidakstabilan pesisir relatif tinggi.,mangrove-priority-2016-2025-v0.1
1279,67,MPR-7A273A720B,Sungaiteritip,Kateman,Indragiri Hilir,0.33,P4,Perlindungan pantai dahulu,63.5,63,85,73,tinggi,Risiko ketidakstabilan pesisir relatif tinggi.,mangrove-priority-2016-2025-v0.1
1280,68,MPR-9CEA4D49C6,Sungaiteritip,Kateman,Indragiri Hilir,0.33,P4,Perlindungan pantai dahulu,63.5,63,85,73,tinggi,Risiko ketidakstabilan pesisir relatif tinggi.,mangrove-priority-2016-2025-v0.1
1281,69,MPR-FF1C75642D,Sungaiteritip,Kateman,Indragiri Hilir,0.316,P4,Perlindungan pantai dahulu,63.5,63,85,73,tinggi,Risiko ketidakstabilan pesisir relatif tinggi.,mangrove-priority-2016-2025-v0.1
1282,70,MPR-29C0A71754,Sungaiteritip,Kateman,Indragiri Hilir,0.3,P4,Perlindungan pantai dahulu,63.5,63,85,73,tinggi,Risiko ketidakstabilan pesisir relatif tinggi.,mangrove-priority-2016-2025-v0.1
1283,71,MPR-F8A6B23A91,Sungaiteritip,Kateman,Indragiri Hilir,0.29,P4,Perlindungan pantai dahulu,63.5,63,85,73,tinggi,Risiko ketidakstabilan pesisir relatif tinggi.,mangrove-priority-2016-2025-v0.1
1284,102,MPR-3FAE1AAB4B,Pulauburung,Pulau Burung,Indragiri Hilir,8.96,P1,Penanaman aktif,63.4,71,72,69,tinggi,Kebutuhan dan kelayakan relatif tinggi.,mangrove-priority-2016-2025-v0.1
1285,72,MPR-17EB150989,Sungaiteritip,Kateman,Indragiri Hilir,2.15,P4,Perlindungan pantai dahulu,63.4,66,82,75,tinggi,Risiko ketidakstabilan pesisir relatif tinggi.,mangrove-priority-2016-2025-v0.1
1286,73,MPR-7B3B131F06,Sungaiteritip,Kateman,Indragiri Hilir,0.98,P4,Perlindungan pantai dahulu,63.4,64,84,74,tinggi,Risiko ketidakstabilan pesisir relatif tinggi.,mangrove-priority-2016-2025-v0.1
1287,74,MPR-AB921FD043,Sungaiteritip,Kateman,Indragiri Hilir,0.97,P4,Perlindungan pantai dahulu,63.4,64,84,74,tinggi,Risiko ketidakstabilan pesisir relatif tinggi.,mangrove-priority-2016-2025-v0.1
1288,75,MPR-FC108D9137,Sungaiteritip,Kateman,Indragiri Hilir,1.72,P4,Perlindungan pantai dahulu,63.3,65,83,75,tinggi,Risiko ketidakstabilan pesisir relatif tinggi.,mangrove-priority-2016-2025-v0.1
1289,103,MPR-E91F5EB363,Pulauburung,Pulau Burung,Indragiri Hilir,11.51,P4,Perlindungan pantai dahulu,63.1,74,69,72,tinggi,Risiko ketidakstabilan pesisir relatif tinggi.,mangrove-priority-2016-2025-v0.1
1290,76,MPR-41F767B801,Sungaiteritip,Kateman,Indragiri Hilir,3.14,P4,Perlindungan pantai dahulu,63.1,67,81,77,tinggi,Risiko ketidakstabilan pesisir relatif tinggi.,mangrove-priority-2016-2025-v0.1
1291,77,MPR-A9B686BC71,Sungaiteritip,Kateman,Indragiri Hilir,0.4,P4,Perlindungan pantai dahulu,63.1,63,84,73,tinggi,Risiko ketidakstabilan pesisir relatif tinggi.,mangrove-priority-2016-2025-v0.1
1292,78,MPR-1B3B1B0CEA,Sungaiteritip,Kateman,Indragiri Hilir,0.39,P4,Perlindungan pantai dahulu,63.1,63,84,73,tinggi,Risiko ketidakstabilan pesisir relatif tinggi.,mangrove-priority-2016-2025-v0.1
1293,79,MPR-A7D71FF073,Sungaiteritip,Kateman,Indragiri Hilir,0.38,P4,Perlindungan pantai dahulu,63.1,63,84,73,tinggi,Risiko ketidakstabilan pesisir relatif tinggi.,mangrove-priority-2016-2025-v0.1
1294,80,MPR-9F6C736C00,Sungaiteritip,Kateman,Indragiri Hilir,3.81,P4,Perlindungan pantai dahulu,63.0,68,80,78,tinggi,Risiko ketidakstabilan pesisir relatif tinggi.,mangrove-priority-2016-2025-v0.1
1295,81,MPR-C3E08B32F0,Sungaiteritip,Kateman,Indragiri Hilir,1.95,P4,Perlindungan pantai dahulu,63.0,65,82,75,tinggi,Risiko ketidakstabilan pesisir relatif tinggi.,mangrove-priority-2016-2025-v0.1
1296,82,MPR-C0E6850B2E,Sungaiteritip,Kateman,Indragiri Hilir,1.9,P4,Perlindungan pantai dahulu,63.0,65,82,75,tinggi,Risiko ketidakstabilan pesisir relatif tinggi.,mangrove-priority-2016-2025-v0.1
1297,83,MPR-603FABFF01,Sungaiteritip,Kateman,Indragiri Hilir,3.32,P4,Perlindungan pantai dahulu,62.8,67,80,77,tinggi,Risiko ketidakstabilan pesisir relatif tinggi.,mangrove-priority-2016-2025-v0.1
1298,1,MPR-492F214229,Kelurahan Bandar Sri Gemilang,Kateman,Indragiri Hilir,0.26,P1,Penanaman aktif,62.8,67,75,68,tinggi,Kebutuhan dan kelayakan relatif tinggi.,mangrove-priority-2016-2025-v0.1
1299,2,MPR-10B59880A1,Kelurahan Bandar Sri Gemilang,Kateman,Indragiri Hilir,0.23,P1,Penanaman aktif,62.8,67,75,68,tinggi,Kebutuhan dan kelayakan relatif tinggi.,mangrove-priority-2016-2025-v0.1
1300,3,MPR-204B1292D3,Kelurahan Bandar Sri Gemilang,Kateman,Indragiri Hilir,0.23,P1,Penanaman aktif,62.8,67,75,68,tinggi,Kebutuhan dan kelayakan relatif tinggi.,mangrove-priority-2016-2025-v0.1
1301,4,MPR-40D765DE43,Kelurahan Bandar Sri Gemilang,Kateman,Indragiri Hilir,0.23,P1,Penanaman aktif,62.8,67,75,68,tinggi,Kebutuhan dan kelayakan relatif tinggi.,mangrove-priority-2016-2025-v0.1
1302,5,MPR-A7CAFF9E81,Kelurahan Bandar Sri Gemilang,Kateman,Indragiri Hilir,0.23,P1,Penanaman aktif,62.8,67,75,68,tinggi,Kebutuhan dan kelayakan relatif tinggi.,mangrove-priority-2016-2025-v0.1
1303,1,MPR-33FCE682CD,Kampung Baru,Concong,Indragiri Hilir,0.22,P2,Regenerasi alami terbantu,62.8,43,82,26,sedang,Kondisi biofisik relatif mendukung pemulihan vegetasi.,mangrove-priority-2016-2025-v0.1
1304,6,MPR-453981FD1E,Kelurahan Bandar Sri Gemilang,Kateman,Indragiri Hilir,0.207,P1,Penanaman aktif,62.8,67,75,68,tinggi,Kebutuhan dan kelayakan relatif tinggi.,mangrove-priority-2016-2025-v0.1
1305,7,MPR-AFA232FD12,Kelurahan Bandar Sri Gemilang,Kateman,Indragiri Hilir,0.2,P1,Penanaman aktif,62.8,67,75,68,tinggi,Kebutuhan dan kelayakan relatif tinggi.,mangrove-priority-2016-2025-v0.1
1306,8,MPR-DBBBB47C19,Kelurahan Bandar Sri Gemilang,Kateman,Indragiri Hilir,0.199,P1,Penanaman aktif,62.8,67,75,68,tinggi,Kebutuhan dan kelayakan relatif tinggi.,mangrove-priority-2016-2025-v0.1
1307,2,MPR-04CFCF96AA,Kampung Baru,Concong,Indragiri Hilir,0.19,P2,Regenerasi alami terbantu,62.8,43,82,26,sedang,Kondisi biofisik relatif mendukung pemulihan vegetasi.,mangrove-priority-2016-2025-v0.1
1308,9,MPR-1ECDC216D2,Kelurahan Bandar Sri Gemilang,Kateman,Indragiri Hilir,0.19,P1,Penanaman aktif,62.8,67,75,68,tinggi,Kebutuhan dan kelayakan relatif tinggi.,mangrove-priority-2016-2025-v0.1
1309,10,MPR-D17DF40D1C,Kelurahan Bandar Sri Gemilang,Kateman,Indragiri Hilir,0.19,P1,Penanaman aktif,62.8,67,75,68,tinggi,Kebutuhan dan kelayakan relatif tinggi.,mangrove-priority-2016-2025-v0.1
1310,11,MPR-FAE306C8C4,Kelurahan Bandar Sri Gemilang,Kateman,Indragiri Hilir,0.19,P1,Penanaman aktif,62.8,67,75,68,tinggi,Kebutuhan dan kelayakan relatif tinggi.,mangrove-priority-2016-2025-v0.1
1311,12,MPR-07FDC715D1,Kelurahan Bandar Sri Gemilang,Kateman,Indragiri Hilir,0.18,P1,Penanaman aktif,62.8,67,75,68,tinggi,Kebutuhan dan kelayakan relatif tinggi.,mangrove-priority-2016-2025-v0.1
1312,13,MPR-2E976CAAC7,Kelurahan Bandar Sri Gemilang,Kateman,Indragiri Hilir,0.18,P1,Penanaman aktif,62.8,67,75,68,tinggi,Kebutuhan dan kelayakan relatif tinggi.,mangrove-priority-2016-2025-v0.1
1313,14,MPR-AF4E68E7C2,Kelurahan Bandar Sri Gemilang,Kateman,Indragiri Hilir,0.18,P1,Penanaman aktif,62.8,67,75,68,tinggi,Kebutuhan dan kelayakan relatif tinggi.,mangrove-priority-2016-2025-v0.1
1314,15,MPR-6B8E1095B2,Kelurahan Bandar Sri Gemilang,Kateman,Indragiri Hilir,0.171,P1,Penanaman aktif,62.8,67,75,68,tinggi,Kebutuhan dan kelayakan relatif tinggi.,mangrove-priority-2016-2025-v0.1
1315,16,MPR-F4E0B2270D,Kelurahan Bandar Sri Gemilang,Kateman,Indragiri Hilir,0.162,P1,Penanaman aktif,62.8,67,75,68,tinggi,Kebutuhan dan kelayakan relatif tinggi.,mangrove-priority-2016-2025-v0.1
1316,17,MPR-D2D4CA90A9,Kelurahan Bandar Sri Gemilang,Kateman,Indragiri Hilir,0.16,P1,Penanaman aktif,62.8,67,75,68,tinggi,Kebutuhan dan kelayakan relatif tinggi.,mangrove-priority-2016-2025-v0.1
1317,18,MPR-6E5B8D0416,Kelurahan Bandar Sri Gemilang,Kateman,Indragiri Hilir,0.15,P1,Penanaman aktif,62.8,67,75,68,tinggi,Kebutuhan dan kelayakan relatif tinggi.,mangrove-priority-2016-2025-v0.1
1318,19,MPR-D834F94AF2,Kelurahan Bandar Sri Gemilang,Kateman,Indragiri Hilir,0.15,P1,Penanaman aktif,62.8,67,75,68,tinggi,Kebutuhan dan kelayakan relatif tinggi.,mangrove-priority-2016-2025-v0.1
1319,20,MPR-D78753635C,Kelurahan Bandar Sri Gemilang,Kateman,Indragiri Hilir,0.14,P1,Penanaman aktif,62.8,67,75,68,tinggi,Kebutuhan dan kelayakan relatif tinggi.,mangrove-priority-2016-2025-v0.1
1320,21,MPR-F38C0A43FD,Kelurahan Bandar Sri Gemilang,Kateman,Indragiri Hilir,0.14,P1,Penanaman aktif,62.8,67,75,68,tinggi,Kebutuhan dan kelayakan relatif tinggi.,mangrove-priority-2016-2025-v0.1
1321,22,MPR-20D2D9D5CF,Kelurahan Bandar Sri Gemilang,Kateman,Indragiri Hilir,0.13,P1,Penanaman aktif,62.8,67,75,68,tinggi,Kebutuhan dan kelayakan relatif tinggi.,mangrove-priority-2016-2025-v0.1
1322,23,MPR-4B0C29E296,Kelurahan Bandar Sri Gemilang,Kateman,Indragiri Hilir,0.13,P1,Penanaman aktif,62.8,67,75,68,tinggi,Kebutuhan dan kelayakan relatif tinggi.,mangrove-priority-2016-2025-v0.1
1323,24,MPR-EA4FCBE97C,Kelurahan Bandar Sri Gemilang,Kateman,Indragiri Hilir,0.128,P1,Penanaman aktif,62.8,67,75,68,tinggi,Kebutuhan dan kelayakan relatif tinggi.,mangrove-priority-2016-2025-v0.1
1324,25,MPR-DDC2BC13B4,Kelurahan Bandar Sri Gemilang,Kateman,Indragiri Hilir,0.12,P1,Penanaman aktif,62.8,67,75,68,tinggi,Kebutuhan dan kelayakan relatif tinggi.,mangrove-priority-2016-2025-v0.1
1325,26,MPR-FAF239EA18,Kelurahan Bandar Sri Gemilang,Kateman,Indragiri Hilir,0.12,P1,Penanaman aktif,62.8,67,75,68,tinggi,Kebutuhan dan kelayakan relatif tinggi.,mangrove-priority-2016-2025-v0.1
1326,27,MPR-1E4AC97FEB,Kelurahan Bandar Sri Gemilang,Kateman,Indragiri Hilir,0.11,P1,Penanaman aktif,62.8,67,75,68,tinggi,Kebutuhan dan kelayakan relatif tinggi.,mangrove-priority-2016-2025-v0.1
1327,28,MPR-21D227FC92,Kelurahan Bandar Sri Gemilang,Kateman,Indragiri Hilir,0.11,P1,Penanaman aktif,62.8,67,75,68,tinggi,Kebutuhan dan kelayakan relatif tinggi.,mangrove-priority-2016-2025-v0.1
1328,29,MPR-77DFBA8EAB,Kelurahan Bandar Sri Gemilang,Kateman,Indragiri Hilir,0.11,P1,Penanaman aktif,62.8,67,75,68,tinggi,Kebutuhan dan kelayakan relatif tinggi.,mangrove-priority-2016-2025-v0.1
1329,30,MPR-E18B6046DE,Kelurahan Bandar Sri Gemilang,Kateman,Indragiri Hilir,0.11,P1,Penanaman aktif,62.8,67,75,68,tinggi,Kebutuhan dan kelayakan relatif tinggi.,mangrove-priority-2016-2025-v0.1
1330,31,MPR-572DFC0BD1,Kelurahan Bandar Sri Gemilang,Kateman,Indragiri Hilir,0.1,P1,Penanaman aktif,62.8,67,75,68,tinggi,Kebutuhan dan kelayakan relatif tinggi.,mangrove-priority-2016-2025-v0.1
1331,32,MPR-19FBF43B54,Kelurahan Bandar Sri Gemilang,Kateman,Indragiri Hilir,0.095,P1,Penanaman aktif,62.8,67,75,68,tinggi,Kebutuhan dan kelayakan relatif tinggi.,mangrove-priority-2016-2025-v0.1
1332,33,MPR-500EB7074D,Kelurahan Bandar Sri Gemilang,Kateman,Indragiri Hilir,0.093,P1,Penanaman aktif,62.8,67,75,68,tinggi,Kebutuhan dan kelayakan relatif tinggi.,mangrove-priority-2016-2025-v0.1
1333,34,MPR-12BA136B17,Kelurahan Bandar Sri Gemilang,Kateman,Indragiri Hilir,0.09,P1,Penanaman aktif,62.8,67,75,68,tinggi,Kebutuhan dan kelayakan relatif tinggi.,mangrove-priority-2016-2025-v0.1
1334,35,MPR-3584560552,Kelurahan Bandar Sri Gemilang,Kateman,Indragiri Hilir,0.087,P1,Penanaman aktif,62.8,67,75,68,tinggi,Kebutuhan dan kelayakan relatif tinggi.,mangrove-priority-2016-2025-v0.1
1335,36,MPR-157FF630DC,Kelurahan Bandar Sri Gemilang,Kateman,Indragiri Hilir,0.08,P1,Penanaman aktif,62.8,67,75,68,tinggi,Kebutuhan dan kelayakan relatif tinggi.,mangrove-priority-2016-2025-v0.1
1336,37,MPR-7202355CD3,Kelurahan Bandar Sri Gemilang,Kateman,Indragiri Hilir,0.08,P1,Penanaman aktif,62.8,67,75,68,tinggi,Kebutuhan dan kelayakan relatif tinggi.,mangrove-priority-2016-2025-v0.1
1337,38,MPR-7F1B17CC7F,Kelurahan Bandar Sri Gemilang,Kateman,Indragiri Hilir,0.08,P1,Penanaman aktif,62.8,67,75,68,tinggi,Kebutuhan dan kelayakan relatif tinggi.,mangrove-priority-2016-2025-v0.1
1338,39,MPR-C73CCB66DD,Kelurahan Bandar Sri Gemilang,Kateman,Indragiri Hilir,0.08,P1,Penanaman aktif,62.8,67,75,68,tinggi,Kebutuhan dan kelayakan relatif tinggi.,mangrove-priority-2016-2025-v0.1
1339,40,MPR-86C8AF3F32,Kelurahan Bandar Sri Gemilang,Kateman,Indragiri Hilir,0.073,P1,Penanaman aktif,62.8,67,75,68,tinggi,Kebutuhan dan kelayakan relatif tinggi.,mangrove-priority-2016-2025-v0.1
1340,41,MPR-DD63BC3D74,Kelurahan Bandar Sri Gemilang,Kateman,Indragiri Hilir,0.061,P1,Penanaman aktif,62.8,67,75,68,tinggi,Kebutuhan dan kelayakan relatif tinggi.,mangrove-priority-2016-2025-v0.1
1341,42,MPR-35E512EDAB,Kelurahan Bandar Sri Gemilang,Kateman,Indragiri Hilir,0.059,P1,Penanaman aktif,62.8,67,75,68,tinggi,Kebutuhan dan kelayakan relatif tinggi.,mangrove-priority-2016-2025-v0.1
1342,3,MPR-2F518410FD,Kampung Baru,Concong,Indragiri Hilir,0.05,P2,Regenerasi alami terbantu,62.8,43,82,26,sedang,Kondisi biofisik relatif mendukung pemulihan vegetasi.,mangrove-priority-2016-2025-v0.1
1343,43,MPR-7275652FC9,Kelurahan Bandar Sri Gemilang,Kateman,Indragiri Hilir,0.05,P1,Penanaman aktif,62.8,67,75,68,tinggi,Kebutuhan dan kelayakan relatif tinggi.,mangrove-priority-2016-2025-v0.1
1344,44,MPR-E431FA11B3,Kelurahan Bandar Sri Gemilang,Kateman,Indragiri Hilir,0.904,P1,Penanaman aktif,62.7,68,74,69,tinggi,Kebutuhan dan kelayakan relatif tinggi.,mangrove-priority-2016-2025-v0.1
1345,45,MPR-4782DE42FB,Kelurahan Bandar Sri Gemilang,Kateman,Indragiri Hilir,0.77,P1,Penanaman aktif,62.7,68,74,69,tinggi,Kebutuhan dan kelayakan relatif tinggi.,mangrove-priority-2016-2025-v0.1
1346,46,MPR-06CAF1FAE4,Kelurahan Bandar Sri Gemilang,Kateman,Indragiri Hilir,0.7,P1,Penanaman aktif,62.7,68,74,69,tinggi,Kebutuhan dan kelayakan relatif tinggi.,mangrove-priority-2016-2025-v0.1
1347,47,MPR-0A45EC62C0,Kelurahan Bandar Sri Gemilang,Kateman,Indragiri Hilir,0.7,P1,Penanaman aktif,62.7,68,74,69,tinggi,Kebutuhan dan kelayakan relatif tinggi.,mangrove-priority-2016-2025-v0.1
1348,48,MPR-FC946CA1D1,Kelurahan Bandar Sri Gemilang,Kateman,Indragiri Hilir,0.52,P1,Penanaman aktif,62.7,68,74,69,tinggi,Kebutuhan dan kelayakan relatif tinggi.,mangrove-priority-2016-2025-v0.1
1349,49,MPR-678B1C7A02,Kelurahan Bandar Sri Gemilang,Kateman,Indragiri Hilir,0.502,P1,Penanaman aktif,62.7,68,74,69,tinggi,Kebutuhan dan kelayakan relatif tinggi.,mangrove-priority-2016-2025-v0.1
1350,50,MPR-2D5E02B196,Kelurahan Bandar Sri Gemilang,Kateman,Indragiri Hilir,0.46,P1,Penanaman aktif,62.7,68,74,69,tinggi,Kebutuhan dan kelayakan relatif tinggi.,mangrove-priority-2016-2025-v0.1
1351,51,MPR-87F4B46A11,Kelurahan Bandar Sri Gemilang,Kateman,Indragiri Hilir,0.42,P1,Penanaman aktif,62.7,68,74,69,tinggi,Kebutuhan dan kelayakan relatif tinggi.,mangrove-priority-2016-2025-v0.1
1352,1,MPR-02A2EE71B1,Bakau Aceh,Mandah,Indragiri Hilir,0.16,P4,Perlindungan pantai dahulu,62.7,63,85,77,sedang,Risiko ketidakstabilan pesisir relatif tinggi.,mangrove-priority-2016-2025-v0.1
1353,2,MPR-22448906D5,Bakau Aceh,Mandah,Indragiri Hilir,0.16,P4,Perlindungan pantai dahulu,62.7,63,85,77,sedang,Risiko ketidakstabilan pesisir relatif tinggi.,mangrove-priority-2016-2025-v0.1
1354,3,MPR-23DB491315,Bakau Aceh,Mandah,Indragiri Hilir,0.16,P4,Perlindungan pantai dahulu,62.7,63,85,77,sedang,Risiko ketidakstabilan pesisir relatif tinggi.,mangrove-priority-2016-2025-v0.1
1355,4,MPR-4A4F1810F2,Bakau Aceh,Mandah,Indragiri Hilir,0.16,P4,Perlindungan pantai dahulu,62.7,63,85,77,sedang,Risiko ketidakstabilan pesisir relatif tinggi.,mangrove-priority-2016-2025-v0.1
1356,5,MPR-BE08CA88A9,Bakau Aceh,Mandah,Indragiri Hilir,0.16,P4,Perlindungan pantai dahulu,62.7,63,85,77,sedang,Risiko ketidakstabilan pesisir relatif tinggi.,mangrove-priority-2016-2025-v0.1
1357,6,MPR-F25F9579F8,Bakau Aceh,Mandah,Indragiri Hilir,0.16,P4,Perlindungan pantai dahulu,62.7,63,85,77,sedang,Risiko ketidakstabilan pesisir relatif tinggi.,mangrove-priority-2016-2025-v0.1
1358,7,MPR-28BE481E8C,Bakau Aceh,Mandah,Indragiri Hilir,0.15,P4,Perlindungan pantai dahulu,62.7,63,85,77,sedang,Risiko ketidakstabilan pesisir relatif tinggi.,mangrove-priority-2016-2025-v0.1
1359,8,MPR-3DA20DEC88,Bakau Aceh,Mandah,Indragiri Hilir,0.15,P4,Perlindungan pantai dahulu,62.7,63,85,77,sedang,Risiko ketidakstabilan pesisir relatif tinggi.,mangrove-priority-2016-2025-v0.1
1360,9,MPR-5D06A61527,Bakau Aceh,Mandah,Indragiri Hilir,0.15,P4,Perlindungan pantai dahulu,62.7,63,85,77,sedang,Risiko ketidakstabilan pesisir relatif tinggi.,mangrove-priority-2016-2025-v0.1
1361,10,MPR-65F7F5C1E1,Bakau Aceh,Mandah,Indragiri Hilir,0.15,P4,Perlindungan pantai dahulu,62.7,63,85,77,sedang,Risiko ketidakstabilan pesisir relatif tinggi.,mangrove-priority-2016-2025-v0.1
1362,11,MPR-72237259B1,Bakau Aceh,Mandah,Indragiri Hilir,0.15,P4,Perlindungan pantai dahulu,62.7,63,85,77,sedang,Risiko ketidakstabilan pesisir relatif tinggi.,mangrove-priority-2016-2025-v0.1
1363,12,MPR-AE541517F7,Bakau Aceh,Mandah,Indragiri Hilir,0.15,P4,Perlindungan pantai dahulu,62.7,63,85,77,sedang,Risiko ketidakstabilan pesisir relatif tinggi.,mangrove-priority-2016-2025-v0.1
1364,13,MPR-B2DBC567E6,Bakau Aceh,Mandah,Indragiri Hilir,0.15,P4,Perlindungan pantai dahulu,62.7,63,85,77,sedang,Risiko ketidakstabilan pesisir relatif tinggi.,mangrove-priority-2016-2025-v0.1
1365,14,MPR-1EB2D6A638,Bakau Aceh,Mandah,Indragiri Hilir,0.14,P4,Perlindungan pantai dahulu,62.7,63,85,77,sedang,Risiko ketidakstabilan pesisir relatif tinggi.,mangrove-priority-2016-2025-v0.1
1366,15,MPR-30B1A476D6,Bakau Aceh,Mandah,Indragiri Hilir,0.14,P4,Perlindungan pantai dahulu,62.7,63,85,77,sedang,Risiko ketidakstabilan pesisir relatif tinggi.,mangrove-priority-2016-2025-v0.1
1367,16,MPR-360BE9315D,Bakau Aceh,Mandah,Indragiri Hilir,0.14,P4,Perlindungan pantai dahulu,62.7,63,85,77,sedang,Risiko ketidakstabilan pesisir relatif tinggi.,mangrove-priority-2016-2025-v0.1
1368,17,MPR-586A2878B2,Bakau Aceh,Mandah,Indragiri Hilir,0.14,P4,Perlindungan pantai dahulu,62.7,63,85,77,sedang,Risiko ketidakstabilan pesisir relatif tinggi.,mangrove-priority-2016-2025-v0.1
1369,18,MPR-62E61477CA,Bakau Aceh,Mandah,Indragiri Hilir,0.14,P4,Perlindungan pantai dahulu,62.7,63,85,77,sedang,Risiko ketidakstabilan pesisir relatif tinggi.,mangrove-priority-2016-2025-v0.1
1370,19,MPR-6DB2A55753,Bakau Aceh,Mandah,Indragiri Hilir,0.14,P4,Perlindungan pantai dahulu,62.7,63,85,77,sedang,Risiko ketidakstabilan pesisir relatif tinggi.,mangrove-priority-2016-2025-v0.1
1371,20,MPR-83084B9BDF,Bakau Aceh,Mandah,Indragiri Hilir,0.14,P4,Perlindungan pantai dahulu,62.7,63,85,77,sedang,Risiko ketidakstabilan pesisir relatif tinggi.,mangrove-priority-2016-2025-v0.1
1372,21,MPR-8321C59BF6,Bakau Aceh,Mandah,Indragiri Hilir,0.14,P4,Perlindungan pantai dahulu,62.7,63,85,77,sedang,Risiko ketidakstabilan pesisir relatif tinggi.,mangrove-priority-2016-2025-v0.1
1373,22,MPR-86D0E22A98,Bakau Aceh,Mandah,Indragiri Hilir,0.14,P4,Perlindungan pantai dahulu,62.7,63,85,77,sedang,Risiko ketidakstabilan pesisir relatif tinggi.,mangrove-priority-2016-2025-v0.1
1374,23,MPR-94B3BC86A4,Bakau Aceh,Mandah,Indragiri Hilir,0.14,P4,Perlindungan pantai dahulu,62.7,63,85,77,sedang,Risiko ketidakstabilan pesisir relatif tinggi.,mangrove-priority-2016-2025-v0.1
1375,24,MPR-9FE7EE79CA,Bakau Aceh,Mandah,Indragiri Hilir,0.14,P4,Perlindungan pantai dahulu,62.7,63,85,77,sedang,Risiko ketidakstabilan pesisir relatif tinggi.,mangrove-priority-2016-2025-v0.1
1376,25,MPR-C65FF9DCF2,Bakau Aceh,Mandah,Indragiri Hilir,0.14,P4,Perlindungan pantai dahulu,62.7,63,85,77,sedang,Risiko ketidakstabilan pesisir relatif tinggi.,mangrove-priority-2016-2025-v0.1
1377,26,MPR-CC25BDD61B,Bakau Aceh,Mandah,Indragiri Hilir,0.14,P4,Perlindungan pantai dahulu,62.7,63,85,77,sedang,Risiko ketidakstabilan pesisir relatif tinggi.,mangrove-priority-2016-2025-v0.1
1378,27,MPR-EB61305BC0,Bakau Aceh,Mandah,Indragiri Hilir,0.14,P4,Perlindungan pantai dahulu,62.7,63,85,77,sedang,Risiko ketidakstabilan pesisir relatif tinggi.,mangrove-priority-2016-2025-v0.1
1379,28,MPR-F4452E4F2E,Bakau Aceh,Mandah,Indragiri Hilir,0.14,P4,Perlindungan pantai dahulu,62.7,63,85,77,sedang,Risiko ketidakstabilan pesisir relatif tinggi.,mangrove-priority-2016-2025-v0.1
1380,29,MPR-FEDE1B7855,Bakau Aceh,Mandah,Indragiri Hilir,0.14,P4,Perlindungan pantai dahulu,62.7,63,85,77,sedang,Risiko ketidakstabilan pesisir relatif tinggi.,mangrove-priority-2016-2025-v0.1
1381,30,MPR-1C4678E682,Bakau Aceh,Mandah,Indragiri Hilir,0.13,P4,Perlindungan pantai dahulu,62.7,63,85,77,sedang,Risiko ketidakstabilan pesisir relatif tinggi.,mangrove-priority-2016-2025-v0.1
1382,31,MPR-38940697BF,Bakau Aceh,Mandah,Indragiri Hilir,0.13,P4,Perlindungan pantai dahulu,62.7,63,85,77,sedang,Risiko ketidakstabilan pesisir relatif tinggi.,mangrove-priority-2016-2025-v0.1
1383,32,MPR-4377D0CF2F,Bakau Aceh,Mandah,Indragiri Hilir,0.13,P4,Perlindungan pantai dahulu,62.7,63,85,77,sedang,Risiko ketidakstabilan pesisir relatif tinggi.,mangrove-priority-2016-2025-v0.1
1384,33,MPR-441EF23463,Bakau Aceh,Mandah,Indragiri Hilir,0.13,P4,Perlindungan pantai dahulu,62.7,63,85,77,sedang,Risiko ketidakstabilan pesisir relatif tinggi.,mangrove-priority-2016-2025-v0.1
1385,34,MPR-5685F958F2,Bakau Aceh,Mandah,Indragiri Hilir,0.13,P4,Perlindungan pantai dahulu,62.7,63,85,77,sedang,Risiko ketidakstabilan pesisir relatif tinggi.,mangrove-priority-2016-2025-v0.1
1386,35,MPR-5C72BB1DA5,Bakau Aceh,Mandah,Indragiri Hilir,0.13,P4,Perlindungan pantai dahulu,62.7,63,85,77,sedang,Risiko ketidakstabilan pesisir relatif tinggi.,mangrove-priority-2016-2025-v0.1
1387,36,MPR-8A732844C7,Bakau Aceh,Mandah,Indragiri Hilir,0.13,P4,Perlindungan pantai dahulu,62.7,63,85,77,sedang,Risiko ketidakstabilan pesisir relatif tinggi.,mangrove-priority-2016-2025-v0.1
1388,37,MPR-A4D9525265,Bakau Aceh,Mandah,Indragiri Hilir,0.13,P4,Perlindungan pantai dahulu,62.7,63,85,77,sedang,Risiko ketidakstabilan pesisir relatif tinggi.,mangrove-priority-2016-2025-v0.1
1389,38,MPR-AF5743AEE6,Bakau Aceh,Mandah,Indragiri Hilir,0.13,P4,Perlindungan pantai dahulu,62.7,63,85,77,sedang,Risiko ketidakstabilan pesisir relatif tinggi.,mangrove-priority-2016-2025-v0.1
1390,39,MPR-E1ACAFB99C,Bakau Aceh,Mandah,Indragiri Hilir,0.13,P4,Perlindungan pantai dahulu,62.7,63,85,77,sedang,Risiko ketidakstabilan pesisir relatif tinggi.,mangrove-priority-2016-2025-v0.1
1391,40,MPR-FBCE5C708B,Bakau Aceh,Mandah,Indragiri Hilir,0.13,P4,Perlindungan pantai dahulu,62.7,63,85,77,sedang,Risiko ketidakstabilan pesisir relatif tinggi.,mangrove-priority-2016-2025-v0.1
1392,41,MPR-06E80114D6,Bakau Aceh,Mandah,Indragiri Hilir,0.12,P4,Perlindungan pantai dahulu,62.7,63,85,77,sedang,Risiko ketidakstabilan pesisir relatif tinggi.,mangrove-priority-2016-2025-v0.1
1393,42,MPR-281682E3C7,Bakau Aceh,Mandah,Indragiri Hilir,0.12,P4,Perlindungan pantai dahulu,62.7,63,85,77,sedang,Risiko ketidakstabilan pesisir relatif tinggi.,mangrove-priority-2016-2025-v0.1
1394,43,MPR-2E53CE853C,Bakau Aceh,Mandah,Indragiri Hilir,0.12,P4,Perlindungan pantai dahulu,62.7,63,85,77,sedang,Risiko ketidakstabilan pesisir relatif tinggi.,mangrove-priority-2016-2025-v0.1
1395,44,MPR-70DEE231E8,Bakau Aceh,Mandah,Indragiri Hilir,0.12,P4,Perlindungan pantai dahulu,62.7,63,85,77,sedang,Risiko ketidakstabilan pesisir relatif tinggi.,mangrove-priority-2016-2025-v0.1
1396,45,MPR-8335462011,Bakau Aceh,Mandah,Indragiri Hilir,0.12,P4,Perlindungan pantai dahulu,62.7,63,85,77,sedang,Risiko ketidakstabilan pesisir relatif tinggi.,mangrove-priority-2016-2025-v0.1
1397,46,MPR-BD5555B609,Bakau Aceh,Mandah,Indragiri Hilir,0.12,P4,Perlindungan pantai dahulu,62.7,63,85,77,sedang,Risiko ketidakstabilan pesisir relatif tinggi.,mangrove-priority-2016-2025-v0.1
1398,47,MPR-CA6B3D3F99,Bakau Aceh,Mandah,Indragiri Hilir,0.12,P4,Perlindungan pantai dahulu,62.7,63,85,77,sedang,Risiko ketidakstabilan pesisir relatif tinggi.,mangrove-priority-2016-2025-v0.1
1399,48,MPR-CF3C800056,Bakau Aceh,Mandah,Indragiri Hilir,0.12,P4,Perlindungan pantai dahulu,62.7,63,85,77,sedang,Risiko ketidakstabilan pesisir relatif tinggi.,mangrove-priority-2016-2025-v0.1
1400,49,MPR-D2C8768A2B,Bakau Aceh,Mandah,Indragiri Hilir,0.12,P4,Perlindungan pantai dahulu,62.7,63,85,77,sedang,Risiko ketidakstabilan pesisir relatif tinggi.,mangrove-priority-2016-2025-v0.1
1401,50,MPR-EF6E4F7096,Bakau Aceh,Mandah,Indragiri Hilir,0.12,P4,Perlindungan pantai dahulu,62.7,63,85,77,sedang,Risiko ketidakstabilan pesisir relatif tinggi.,mangrove-priority-2016-2025-v0.1
1402,51,MPR-F43421EE0F,Bakau Aceh,Mandah,Indragiri Hilir,0.12,P4,Perlindungan pantai dahulu,62.7,63,85,77,sedang,Risiko ketidakstabilan pesisir relatif tinggi.,mangrove-priority-2016-2025-v0.1
1403,52,MPR-FFFAB1ACF6,Bakau Aceh,Mandah,Indragiri Hilir,0.12,P4,Perlindungan pantai dahulu,62.7,63,85,77,sedang,Risiko ketidakstabilan pesisir relatif tinggi.,mangrove-priority-2016-2025-v0.1
1404,53,MPR-05227BF51A,Bakau Aceh,Mandah,Indragiri Hilir,0.11,P4,Perlindungan pantai dahulu,62.7,63,85,77,sedang,Risiko ketidakstabilan pesisir relatif tinggi.,mangrove-priority-2016-2025-v0.1
1405,54,MPR-07B1A1E80F,Bakau Aceh,Mandah,Indragiri Hilir,0.11,P4,Perlindungan pantai dahulu,62.7,63,85,77,sedang,Risiko ketidakstabilan pesisir relatif tinggi.,mangrove-priority-2016-2025-v0.1
1406,55,MPR-11C47FF8C2,Bakau Aceh,Mandah,Indragiri Hilir,0.11,P4,Perlindungan pantai dahulu,62.7,63,85,77,sedang,Risiko ketidakstabilan pesisir relatif tinggi.,mangrove-priority-2016-2025-v0.1
1407,56,MPR-11E25DAC0F,Bakau Aceh,Mandah,Indragiri Hilir,0.11,P4,Perlindungan pantai dahulu,62.7,63,85,77,sedang,Risiko ketidakstabilan pesisir relatif tinggi.,mangrove-priority-2016-2025-v0.1
1408,57,MPR-18A45F5B75,Bakau Aceh,Mandah,Indragiri Hilir,0.11,P4,Perlindungan pantai dahulu,62.7,63,85,77,sedang,Risiko ketidakstabilan pesisir relatif tinggi.,mangrove-priority-2016-2025-v0.1
1409,58,MPR-2020A55900,Bakau Aceh,Mandah,Indragiri Hilir,0.11,P4,Perlindungan pantai dahulu,62.7,63,85,77,sedang,Risiko ketidakstabilan pesisir relatif tinggi.,mangrove-priority-2016-2025-v0.1
1410,59,MPR-3172265E9B,Bakau Aceh,Mandah,Indragiri Hilir,0.11,P4,Perlindungan pantai dahulu,62.7,63,85,77,sedang,Risiko ketidakstabilan pesisir relatif tinggi.,mangrove-priority-2016-2025-v0.1
1411,60,MPR-37DC79CB04,Bakau Aceh,Mandah,Indragiri Hilir,0.11,P4,Perlindungan pantai dahulu,62.7,63,85,77,sedang,Risiko ketidakstabilan pesisir relatif tinggi.,mangrove-priority-2016-2025-v0.1
1412,61,MPR-38A390CC46,Bakau Aceh,Mandah,Indragiri Hilir,0.11,P4,Perlindungan pantai dahulu,62.7,63,85,77,sedang,Risiko ketidakstabilan pesisir relatif tinggi.,mangrove-priority-2016-2025-v0.1
1413,62,MPR-4D9487CFF0,Bakau Aceh,Mandah,Indragiri Hilir,0.11,P4,Perlindungan pantai dahulu,62.7,63,85,77,sedang,Risiko ketidakstabilan pesisir relatif tinggi.,mangrove-priority-2016-2025-v0.1
1414,63,MPR-5208C951A1,Bakau Aceh,Mandah,Indragiri Hilir,0.11,P4,Perlindungan pantai dahulu,62.7,63,85,77,sedang,Risiko ketidakstabilan pesisir relatif tinggi.,mangrove-priority-2016-2025-v0.1
1415,64,MPR-772AEE4831,Bakau Aceh,Mandah,Indragiri Hilir,0.11,P4,Perlindungan pantai dahulu,62.7,63,85,77,sedang,Risiko ketidakstabilan pesisir relatif tinggi.,mangrove-priority-2016-2025-v0.1
1416,65,MPR-81816396AC,Bakau Aceh,Mandah,Indragiri Hilir,0.11,P4,Perlindungan pantai dahulu,62.7,63,85,77,sedang,Risiko ketidakstabilan pesisir relatif tinggi.,mangrove-priority-2016-2025-v0.1
1417,66,MPR-9663FDBCD2,Bakau Aceh,Mandah,Indragiri Hilir,0.11,P4,Perlindungan pantai dahulu,62.7,63,85,77,sedang,Risiko ketidakstabilan pesisir relatif tinggi.,mangrove-priority-2016-2025-v0.1
1418,67,MPR-9A014E0FBC,Bakau Aceh,Mandah,Indragiri Hilir,0.11,P4,Perlindungan pantai dahulu,62.7,63,85,77,sedang,Risiko ketidakstabilan pesisir relatif tinggi.,mangrove-priority-2016-2025-v0.1
1419,68,MPR-A03CC949FA,Bakau Aceh,Mandah,Indragiri Hilir,0.11,P4,Perlindungan pantai dahulu,62.7,63,85,77,sedang,Risiko ketidakstabilan pesisir relatif tinggi.,mangrove-priority-2016-2025-v0.1
1420,69,MPR-A1E5599C1F,Bakau Aceh,Mandah,Indragiri Hilir,0.11,P4,Perlindungan pantai dahulu,62.7,63,85,77,sedang,Risiko ketidakstabilan pesisir relatif tinggi.,mangrove-priority-2016-2025-v0.1
1421,70,MPR-B807D0C662,Bakau Aceh,Mandah,Indragiri Hilir,0.11,P4,Perlindungan pantai dahulu,62.7,63,85,77,sedang,Risiko ketidakstabilan pesisir relatif tinggi.,mangrove-priority-2016-2025-v0.1
1422,71,MPR-C293993D62,Bakau Aceh,Mandah,Indragiri Hilir,0.11,P4,Perlindungan pantai dahulu,62.7,63,85,77,sedang,Risiko ketidakstabilan pesisir relatif tinggi.,mangrove-priority-2016-2025-v0.1
1423,72,MPR-D3D861E0F8,Bakau Aceh,Mandah,Indragiri Hilir,0.11,P4,Perlindungan pantai dahulu,62.7,63,85,77,sedang,Risiko ketidakstabilan pesisir relatif tinggi.,mangrove-priority-2016-2025-v0.1
1424,73,MPR-E86F348C87,Bakau Aceh,Mandah,Indragiri Hilir,0.11,P4,Perlindungan pantai dahulu,62.7,63,85,77,sedang,Risiko ketidakstabilan pesisir relatif tinggi.,mangrove-priority-2016-2025-v0.1
1425,74,MPR-EB8F093FDE,Bakau Aceh,Mandah,Indragiri Hilir,0.11,P4,Perlindungan pantai dahulu,62.7,63,85,77,sedang,Risiko ketidakstabilan pesisir relatif tinggi.,mangrove-priority-2016-2025-v0.1
1426,75,MPR-F876E7D35B,Bakau Aceh,Mandah,Indragiri Hilir,0.11,P4,Perlindungan pantai dahulu,62.7,63,85,77,sedang,Risiko ketidakstabilan pesisir relatif tinggi.,mangrove-priority-2016-2025-v0.1
1427,76,MPR-FA556E7D7D,Bakau Aceh,Mandah,Indragiri Hilir,0.11,P4,Perlindungan pantai dahulu,62.7,63,85,77,sedang,Risiko ketidakstabilan pesisir relatif tinggi.,mangrove-priority-2016-2025-v0.1
1428,77,MPR-FD1781BFDE,Bakau Aceh,Mandah,Indragiri Hilir,0.11,P4,Perlindungan pantai dahulu,62.7,63,85,77,sedang,Risiko ketidakstabilan pesisir relatif tinggi.,mangrove-priority-2016-2025-v0.1
1429,78,MPR-146D7D1AB0,Bakau Aceh,Mandah,Indragiri Hilir,0.1,P4,Perlindungan pantai dahulu,62.7,63,85,77,sedang,Risiko ketidakstabilan pesisir relatif tinggi.,mangrove-priority-2016-2025-v0.1
1430,79,MPR-151ECB733A,Bakau Aceh,Mandah,Indragiri Hilir,0.1,P4,Perlindungan pantai dahulu,62.7,63,85,77,sedang,Risiko ketidakstabilan pesisir relatif tinggi.,mangrove-priority-2016-2025-v0.1
1431,80,MPR-1ADE5AA4C2,Bakau Aceh,Mandah,Indragiri Hilir,0.1,P4,Perlindungan pantai dahulu,62.7,63,85,77,sedang,Risiko ketidakstabilan pesisir relatif tinggi.,mangrove-priority-2016-2025-v0.1
1432,81,MPR-25B05F2CCB,Bakau Aceh,Mandah,Indragiri Hilir,0.1,P4,Perlindungan pantai dahulu,62.7,63,85,77,sedang,Risiko ketidakstabilan pesisir relatif tinggi.,mangrove-priority-2016-2025-v0.1
1433,82,MPR-292A7AB1AD,Bakau Aceh,Mandah,Indragiri Hilir,0.1,P4,Perlindungan pantai dahulu,62.7,63,85,77,sedang,Risiko ketidakstabilan pesisir relatif tinggi.,mangrove-priority-2016-2025-v0.1
1434,83,MPR-30D63B701B,Bakau Aceh,Mandah,Indragiri Hilir,0.1,P4,Perlindungan pantai dahulu,62.7,63,85,77,sedang,Risiko ketidakstabilan pesisir relatif tinggi.,mangrove-priority-2016-2025-v0.1
1435,84,MPR-34D0437381,Bakau Aceh,Mandah,Indragiri Hilir,0.1,P4,Perlindungan pantai dahulu,62.7,63,85,77,sedang,Risiko ketidakstabilan pesisir relatif tinggi.,mangrove-priority-2016-2025-v0.1
1436,85,MPR-4947B79D17,Bakau Aceh,Mandah,Indragiri Hilir,0.1,P4,Perlindungan pantai dahulu,62.7,63,85,77,sedang,Risiko ketidakstabilan pesisir relatif tinggi.,mangrove-priority-2016-2025-v0.1
1437,86,MPR-5045AAE54B,Bakau Aceh,Mandah,Indragiri Hilir,0.1,P4,Perlindungan pantai dahulu,62.7,63,85,77,sedang,Risiko ketidakstabilan pesisir relatif tinggi.,mangrove-priority-2016-2025-v0.1
1438,87,MPR-599AFEE184,Bakau Aceh,Mandah,Indragiri Hilir,0.1,P4,Perlindungan pantai dahulu,62.7,63,85,77,sedang,Risiko ketidakstabilan pesisir relatif tinggi.,mangrove-priority-2016-2025-v0.1
1439,88,MPR-5FEA3AE1C5,Bakau Aceh,Mandah,Indragiri Hilir,0.1,P4,Perlindungan pantai dahulu,62.7,63,85,77,sedang,Risiko ketidakstabilan pesisir relatif tinggi.,mangrove-priority-2016-2025-v0.1
1440,89,MPR-6CFF6E81BD,Bakau Aceh,Mandah,Indragiri Hilir,0.1,P4,Perlindungan pantai dahulu,62.7,63,85,77,sedang,Risiko ketidakstabilan pesisir relatif tinggi.,mangrove-priority-2016-2025-v0.1
1441,90,MPR-72419D4867,Bakau Aceh,Mandah,Indragiri Hilir,0.1,P4,Perlindungan pantai dahulu,62.7,63,85,77,sedang,Risiko ketidakstabilan pesisir relatif tinggi.,mangrove-priority-2016-2025-v0.1
1442,91,MPR-777B1484D3,Bakau Aceh,Mandah,Indragiri Hilir,0.1,P4,Perlindungan pantai dahulu,62.7,63,85,77,sedang,Risiko ketidakstabilan pesisir relatif tinggi.,mangrove-priority-2016-2025-v0.1
1443,92,MPR-99B50AA047,Bakau Aceh,Mandah,Indragiri Hilir,0.1,P4,Perlindungan pantai dahulu,62.7,63,85,77,sedang,Risiko ketidakstabilan pesisir relatif tinggi.,mangrove-priority-2016-2025-v0.1
1444,93,MPR-9C5B77961F,Bakau Aceh,Mandah,Indragiri Hilir,0.1,P4,Perlindungan pantai dahulu,62.7,63,85,77,sedang,Risiko ketidakstabilan pesisir relatif tinggi.,mangrove-priority-2016-2025-v0.1
1445,94,MPR-B046CD1EE9,Bakau Aceh,Mandah,Indragiri Hilir,0.1,P4,Perlindungan pantai dahulu,62.7,63,85,77,sedang,Risiko ketidakstabilan pesisir relatif tinggi.,mangrove-priority-2016-2025-v0.1
1446,95,MPR-B45DD61BC7,Bakau Aceh,Mandah,Indragiri Hilir,0.1,P4,Perlindungan pantai dahulu,62.7,63,85,77,sedang,Risiko ketidakstabilan pesisir relatif tinggi.,mangrove-priority-2016-2025-v0.1
1447,96,MPR-B5330705E3,Bakau Aceh,Mandah,Indragiri Hilir,0.1,P4,Perlindungan pantai dahulu,62.7,63,85,77,sedang,Risiko ketidakstabilan pesisir relatif tinggi.,mangrove-priority-2016-2025-v0.1
1448,97,MPR-BC7E67503E,Bakau Aceh,Mandah,Indragiri Hilir,0.1,P4,Perlindungan pantai dahulu,62.7,63,85,77,sedang,Risiko ketidakstabilan pesisir relatif tinggi.,mangrove-priority-2016-2025-v0.1
1449,98,MPR-C47B1A5712,Bakau Aceh,Mandah,Indragiri Hilir,0.1,P4,Perlindungan pantai dahulu,62.7,63,85,77,sedang,Risiko ketidakstabilan pesisir relatif tinggi.,mangrove-priority-2016-2025-v0.1
1450,99,MPR-C820A33818,Bakau Aceh,Mandah,Indragiri Hilir,0.1,P4,Perlindungan pantai dahulu,62.7,63,85,77,sedang,Risiko ketidakstabilan pesisir relatif tinggi.,mangrove-priority-2016-2025-v0.1
1451,100,MPR-CEFFBDE714,Bakau Aceh,Mandah,Indragiri Hilir,0.1,P4,Perlindungan pantai dahulu,62.7,63,85,77,sedang,Risiko ketidakstabilan pesisir relatif tinggi.,mangrove-priority-2016-2025-v0.1
1452,101,MPR-F9AAF75942,Bakau Aceh,Mandah,Indragiri Hilir,0.1,P4,Perlindungan pantai dahulu,62.7,63,85,77,sedang,Risiko ketidakstabilan pesisir relatif tinggi.,mangrove-priority-2016-2025-v0.1
1453,102,MPR-FCE1687679,Bakau Aceh,Mandah,Indragiri Hilir,0.1,P4,Perlindungan pantai dahulu,62.7,63,85,77,sedang,Risiko ketidakstabilan pesisir relatif tinggi.,mangrove-priority-2016-2025-v0.1
1454,103,MPR-045565DB63,Bakau Aceh,Mandah,Indragiri Hilir,0.08,P4,Perlindungan pantai dahulu,62.7,63,85,77,sedang,Risiko ketidakstabilan pesisir relatif tinggi.,mangrove-priority-2016-2025-v0.1
1455,104,MPR-0B19577C8B,Bakau Aceh,Mandah,Indragiri Hilir,0.08,P4,Perlindungan pantai dahulu,62.7,63,85,77,sedang,Risiko ketidakstabilan pesisir relatif tinggi.,mangrove-priority-2016-2025-v0.1
1456,105,MPR-0F3F6107C5,Bakau Aceh,Mandah,Indragiri Hilir,0.08,P4,Perlindungan pantai dahulu,62.7,63,85,77,sedang,Risiko ketidakstabilan pesisir relatif tinggi.,mangrove-priority-2016-2025-v0.1
1457,106,MPR-144BCAF397,Bakau Aceh,Mandah,Indragiri Hilir,0.08,P4,Perlindungan pantai dahulu,62.7,63,85,77,sedang,Risiko ketidakstabilan pesisir relatif tinggi.,mangrove-priority-2016-2025-v0.1
1458,107,MPR-15C54A6F94,Bakau Aceh,Mandah,Indragiri Hilir,0.08,P4,Perlindungan pantai dahulu,62.7,63,85,77,sedang,Risiko ketidakstabilan pesisir relatif tinggi.,mangrove-priority-2016-2025-v0.1
1459,108,MPR-17638D0218,Bakau Aceh,Mandah,Indragiri Hilir,0.08,P4,Perlindungan pantai dahulu,62.7,63,85,77,sedang,Risiko ketidakstabilan pesisir relatif tinggi.,mangrove-priority-2016-2025-v0.1
1460,109,MPR-1BDF887A56,Bakau Aceh,Mandah,Indragiri Hilir,0.08,P4,Perlindungan pantai dahulu,62.7,63,85,77,sedang,Risiko ketidakstabilan pesisir relatif tinggi.,mangrove-priority-2016-2025-v0.1
1461,110,MPR-23AD84E699,Bakau Aceh,Mandah,Indragiri Hilir,0.08,P4,Perlindungan pantai dahulu,62.7,63,85,77,sedang,Risiko ketidakstabilan pesisir relatif tinggi.,mangrove-priority-2016-2025-v0.1
1462,111,MPR-3B27FA70AB,Bakau Aceh,Mandah,Indragiri Hilir,0.08,P4,Perlindungan pantai dahulu,62.7,63,85,77,sedang,Risiko ketidakstabilan pesisir relatif tinggi.,mangrove-priority-2016-2025-v0.1
1463,112,MPR-3EDDF75775,Bakau Aceh,Mandah,Indragiri Hilir,0.08,P4,Perlindungan pantai dahulu,62.7,63,85,77,sedang,Risiko ketidakstabilan pesisir relatif tinggi.,mangrove-priority-2016-2025-v0.1
1464,113,MPR-46C4D3EFA0,Bakau Aceh,Mandah,Indragiri Hilir,0.08,P4,Perlindungan pantai dahulu,62.7,63,85,77,sedang,Risiko ketidakstabilan pesisir relatif tinggi.,mangrove-priority-2016-2025-v0.1
1465,114,MPR-4833CE9244,Bakau Aceh,Mandah,Indragiri Hilir,0.08,P4,Perlindungan pantai dahulu,62.7,63,85,77,sedang,Risiko ketidakstabilan pesisir relatif tinggi.,mangrove-priority-2016-2025-v0.1
1466,115,MPR-48EDC2327B,Bakau Aceh,Mandah,Indragiri Hilir,0.08,P4,Perlindungan pantai dahulu,62.7,63,85,77,sedang,Risiko ketidakstabilan pesisir relatif tinggi.,mangrove-priority-2016-2025-v0.1
1467,116,MPR-57AF0455D8,Bakau Aceh,Mandah,Indragiri Hilir,0.08,P4,Perlindungan pantai dahulu,62.7,63,85,77,sedang,Risiko ketidakstabilan pesisir relatif tinggi.,mangrove-priority-2016-2025-v0.1
1468,117,MPR-5C81BA0EE1,Bakau Aceh,Mandah,Indragiri Hilir,0.08,P4,Perlindungan pantai dahulu,62.7,63,85,77,sedang,Risiko ketidakstabilan pesisir relatif tinggi.,mangrove-priority-2016-2025-v0.1
1469,118,MPR-5F9538662F,Bakau Aceh,Mandah,Indragiri Hilir,0.08,P4,Perlindungan pantai dahulu,62.7,63,85,77,sedang,Risiko ketidakstabilan pesisir relatif tinggi.,mangrove-priority-2016-2025-v0.1
1470,119,MPR-61868A38A9,Bakau Aceh,Mandah,Indragiri Hilir,0.08,P4,Perlindungan pantai dahulu,62.7,63,85,77,sedang,Risiko ketidakstabilan pesisir relatif tinggi.,mangrove-priority-2016-2025-v0.1
1471,120,MPR-66ADF46B86,Bakau Aceh,Mandah,Indragiri Hilir,0.08,P4,Perlindungan pantai dahulu,62.7,63,85,77,sedang,Risiko ketidakstabilan pesisir relatif tinggi.,mangrove-priority-2016-2025-v0.1
1472,121,MPR-67F2BB55DA,Bakau Aceh,Mandah,Indragiri Hilir,0.08,P4,Perlindungan pantai dahulu,62.7,63,85,77,sedang,Risiko ketidakstabilan pesisir relatif tinggi.,mangrove-priority-2016-2025-v0.1
1473,122,MPR-7081B81B3C,Bakau Aceh,Mandah,Indragiri Hilir,0.08,P4,Perlindungan pantai dahulu,62.7,63,85,77,sedang,Risiko ketidakstabilan pesisir relatif tinggi.,mangrove-priority-2016-2025-v0.1
1474,123,MPR-7C5717F5E4,Bakau Aceh,Mandah,Indragiri Hilir,0.08,P4,Perlindungan pantai dahulu,62.7,63,85,77,sedang,Risiko ketidakstabilan pesisir relatif tinggi.,mangrove-priority-2016-2025-v0.1
1475,124,MPR-7EE702C962,Bakau Aceh,Mandah,Indragiri Hilir,0.08,P4,Perlindungan pantai dahulu,62.7,63,85,77,sedang,Risiko ketidakstabilan pesisir relatif tinggi.,mangrove-priority-2016-2025-v0.1
1476,125,MPR-8A08D5E8A9,Bakau Aceh,Mandah,Indragiri Hilir,0.08,P4,Perlindungan pantai dahulu,62.7,63,85,77,sedang,Risiko ketidakstabilan pesisir relatif tinggi.,mangrove-priority-2016-2025-v0.1
1477,126,MPR-9DD2839838,Bakau Aceh,Mandah,Indragiri Hilir,0.08,P4,Perlindungan pantai dahulu,62.7,63,85,77,sedang,Risiko ketidakstabilan pesisir relatif tinggi.,mangrove-priority-2016-2025-v0.1
1478,127,MPR-B46352432B,Bakau Aceh,Mandah,Indragiri Hilir,0.08,P4,Perlindungan pantai dahulu,62.7,63,85,77,sedang,Risiko ketidakstabilan pesisir relatif tinggi.,mangrove-priority-2016-2025-v0.1
1479,128,MPR-B814370417,Bakau Aceh,Mandah,Indragiri Hilir,0.08,P4,Perlindungan pantai dahulu,62.7,63,85,77,sedang,Risiko ketidakstabilan pesisir relatif tinggi.,mangrove-priority-2016-2025-v0.1
1480,129,MPR-BC4F0FA677,Bakau Aceh,Mandah,Indragiri Hilir,0.08,P4,Perlindungan pantai dahulu,62.7,63,85,77,sedang,Risiko ketidakstabilan pesisir relatif tinggi.,mangrove-priority-2016-2025-v0.1
1481,130,MPR-C11EA3C004,Bakau Aceh,Mandah,Indragiri Hilir,0.08,P4,Perlindungan pantai dahulu,62.7,63,85,77,sedang,Risiko ketidakstabilan pesisir relatif tinggi.,mangrove-priority-2016-2025-v0.1
1482,131,MPR-C2B330A61D,Bakau Aceh,Mandah,Indragiri Hilir,0.08,P4,Perlindungan pantai dahulu,62.7,63,85,77,sedang,Risiko ketidakstabilan pesisir relatif tinggi.,mangrove-priority-2016-2025-v0.1
1483,132,MPR-CF6A026CB6,Bakau Aceh,Mandah,Indragiri Hilir,0.08,P4,Perlindungan pantai dahulu,62.7,63,85,77,sedang,Risiko ketidakstabilan pesisir relatif tinggi.,mangrove-priority-2016-2025-v0.1
1484,133,MPR-F0689368AA,Bakau Aceh,Mandah,Indragiri Hilir,0.08,P4,Perlindungan pantai dahulu,62.7,63,85,77,sedang,Risiko ketidakstabilan pesisir relatif tinggi.,mangrove-priority-2016-2025-v0.1
1485,134,MPR-F3C359A850,Bakau Aceh,Mandah,Indragiri Hilir,0.08,P4,Perlindungan pantai dahulu,62.7,63,85,77,sedang,Risiko ketidakstabilan pesisir relatif tinggi.,mangrove-priority-2016-2025-v0.1
1486,135,MPR-FB27AB37D7,Bakau Aceh,Mandah,Indragiri Hilir,0.08,P4,Perlindungan pantai dahulu,62.7,63,85,77,sedang,Risiko ketidakstabilan pesisir relatif tinggi.,mangrove-priority-2016-2025-v0.1
1487,136,MPR-FF969294FA,Bakau Aceh,Mandah,Indragiri Hilir,0.08,P4,Perlindungan pantai dahulu,62.7,63,85,77,sedang,Risiko ketidakstabilan pesisir relatif tinggi.,mangrove-priority-2016-2025-v0.1
1488,137,MPR-14385064F5,Bakau Aceh,Mandah,Indragiri Hilir,0.05,P4,Perlindungan pantai dahulu,62.7,63,85,77,sedang,Risiko ketidakstabilan pesisir relatif tinggi.,mangrove-priority-2016-2025-v0.1
1489,138,MPR-158BB5353C,Bakau Aceh,Mandah,Indragiri Hilir,0.05,P4,Perlindungan pantai dahulu,62.7,63,85,77,sedang,Risiko ketidakstabilan pesisir relatif tinggi.,mangrove-priority-2016-2025-v0.1
1490,139,MPR-165D15D72D,Bakau Aceh,Mandah,Indragiri Hilir,0.05,P4,Perlindungan pantai dahulu,62.7,63,85,77,sedang,Risiko ketidakstabilan pesisir relatif tinggi.,mangrove-priority-2016-2025-v0.1
1491,140,MPR-1F67F62FB2,Bakau Aceh,Mandah,Indragiri Hilir,0.05,P4,Perlindungan pantai dahulu,62.7,63,85,77,sedang,Risiko ketidakstabilan pesisir relatif tinggi.,mangrove-priority-2016-2025-v0.1
1492,141,MPR-253443BE5E,Bakau Aceh,Mandah,Indragiri Hilir,0.05,P4,Perlindungan pantai dahulu,62.7,63,85,77,sedang,Risiko ketidakstabilan pesisir relatif tinggi.,mangrove-priority-2016-2025-v0.1
1493,142,MPR-330D90DE92,Bakau Aceh,Mandah,Indragiri Hilir,0.05,P4,Perlindungan pantai dahulu,62.7,63,85,77,sedang,Risiko ketidakstabilan pesisir relatif tinggi.,mangrove-priority-2016-2025-v0.1
1494,143,MPR-35E531D5EC,Bakau Aceh,Mandah,Indragiri Hilir,0.05,P4,Perlindungan pantai dahulu,62.7,63,85,77,sedang,Risiko ketidakstabilan pesisir relatif tinggi.,mangrove-priority-2016-2025-v0.1
1495,144,MPR-462E7167FA,Bakau Aceh,Mandah,Indragiri Hilir,0.05,X,Tidak direkomendasikan,62.7,63,85,77,sedang,Area terlalu kecil dan terisolasi untuk diprioritaskan.,mangrove-priority-2016-2025-v0.1
1496,145,MPR-47D4478C52,Bakau Aceh,Mandah,Indragiri Hilir,0.05,P4,Perlindungan pantai dahulu,62.7,63,85,77,sedang,Risiko ketidakstabilan pesisir relatif tinggi.,mangrove-priority-2016-2025-v0.1
1497,146,MPR-4814FEE980,Bakau Aceh,Mandah,Indragiri Hilir,0.05,P4,Perlindungan pantai dahulu,62.7,63,85,77,sedang,Risiko ketidakstabilan pesisir relatif tinggi.,mangrove-priority-2016-2025-v0.1
1498,147,MPR-54A3A0AC6D,Bakau Aceh,Mandah,Indragiri Hilir,0.05,P4,Perlindungan pantai dahulu,62.7,63,85,77,sedang,Risiko ketidakstabilan pesisir relatif tinggi.,mangrove-priority-2016-2025-v0.1
1499,148,MPR-62CABF2B84,Bakau Aceh,Mandah,Indragiri Hilir,0.05,P4,Perlindungan pantai dahulu,62.7,63,85,77,sedang,Risiko ketidakstabilan pesisir relatif tinggi.,mangrove-priority-2016-2025-v0.1
1500,149,MPR-63C972C241,Bakau Aceh,Mandah,Indragiri Hilir,0.05,P4,Perlindungan pantai dahulu,62.7,63,85,77,sedang,Risiko ketidakstabilan pesisir relatif tinggi.,mangrove-priority-2016-2025-v0.1
1501,150,MPR-8120B3FAF7,Bakau Aceh,Mandah,Indragiri Hilir,0.05,P4,Perlindungan pantai dahulu,62.7,63,85,77,sedang,Risiko ketidakstabilan pesisir relatif tinggi.,mangrove-priority-2016-2025-v0.1
1502,151,MPR-8EBDD9A6BC,Bakau Aceh,Mandah,Indragiri Hilir,0.05,X,Tidak direkomendasikan,62.7,63,85,77,sedang,Area terlalu kecil dan terisolasi untuk diprioritaskan.,mangrove-priority-2016-2025-v0.1
1503,152,MPR-A7D16115DD,Bakau Aceh,Mandah,Indragiri Hilir,0.05,P4,Perlindungan pantai dahulu,62.7,63,85,77,sedang,Risiko ketidakstabilan pesisir relatif tinggi.,mangrove-priority-2016-2025-v0.1
1504,153,MPR-ABBAB94822,Bakau Aceh,Mandah,Indragiri Hilir,0.05,P4,Perlindungan pantai dahulu,62.7,63,85,77,sedang,Risiko ketidakstabilan pesisir relatif tinggi.,mangrove-priority-2016-2025-v0.1
1505,154,MPR-AC11B50022,Bakau Aceh,Mandah,Indragiri Hilir,0.05,P4,Perlindungan pantai dahulu,62.7,63,85,77,sedang,Risiko ketidakstabilan pesisir relatif tinggi.,mangrove-priority-2016-2025-v0.1
1506,155,MPR-BE20686D4F,Bakau Aceh,Mandah,Indragiri Hilir,0.05,X,Tidak direkomendasikan,62.7,63,85,77,sedang,Area terlalu kecil dan terisolasi untuk diprioritaskan.,mangrove-priority-2016-2025-v0.1
1507,156,MPR-BEF5C4083B,Bakau Aceh,Mandah,Indragiri Hilir,0.05,P4,Perlindungan pantai dahulu,62.7,63,85,77,sedang,Risiko ketidakstabilan pesisir relatif tinggi.,mangrove-priority-2016-2025-v0.1
1508,157,MPR-D68E385569,Bakau Aceh,Mandah,Indragiri Hilir,0.05,P4,Perlindungan pantai dahulu,62.7,63,85,77,sedang,Risiko ketidakstabilan pesisir relatif tinggi.,mangrove-priority-2016-2025-v0.1
1509,158,MPR-D8AA0D04D1,Bakau Aceh,Mandah,Indragiri Hilir,0.05,P4,Perlindungan pantai dahulu,62.7,63,85,77,sedang,Risiko ketidakstabilan pesisir relatif tinggi.,mangrove-priority-2016-2025-v0.1
1510,159,MPR-F5CDE97E8E,Bakau Aceh,Mandah,Indragiri Hilir,0.05,P4,Perlindungan pantai dahulu,62.7,63,85,77,sedang,Risiko ketidakstabilan pesisir relatif tinggi.,mangrove-priority-2016-2025-v0.1
1511,52,MPR-9E560F38E1,Kelurahan Bandar Sri Gemilang,Kateman,Indragiri Hilir,1.47,P4,Perlindungan pantai dahulu,62.6,69,73,70,tinggi,Risiko ketidakstabilan pesisir relatif tinggi.,mangrove-priority-2016-2025-v0.1
1512,53,MPR-FAE8516EC2,Kelurahan Bandar Sri Gemilang,Kateman,Indragiri Hilir,1.4,P4,Perlindungan pantai dahulu,62.6,69,73,70,tinggi,Risiko ketidakstabilan pesisir relatif tinggi.,mangrove-priority-2016-2025-v0.1
1513,54,MPR-39573DF9AE,Kelurahan Bandar Sri Gemilang,Kateman,Indragiri Hilir,1.34,P4,Perlindungan pantai dahulu,62.6,69,73,70,tinggi,Risiko ketidakstabilan pesisir relatif tinggi.,mangrove-priority-2016-2025-v0.1
1514,55,MPR-B98EA8B599,Kelurahan Bandar Sri Gemilang,Kateman,Indragiri Hilir,1.33,P4,Perlindungan pantai dahulu,62.6,69,73,70,tinggi,Risiko ketidakstabilan pesisir relatif tinggi.,mangrove-priority-2016-2025-v0.1
1515,160,MPR-59642E0A39,Bakau Aceh,Mandah,Indragiri Hilir,0.83,P4,Perlindungan pantai dahulu,62.6,64,84,78,sedang,Risiko ketidakstabilan pesisir relatif tinggi.,mangrove-priority-2016-2025-v0.1
1516,161,MPR-8369DB0C99,Bakau Aceh,Mandah,Indragiri Hilir,0.76,P4,Perlindungan pantai dahulu,62.6,64,84,78,sedang,Risiko ketidakstabilan pesisir relatif tinggi.,mangrove-priority-2016-2025-v0.1
1517,162,MPR-89AAF274E2,Bakau Aceh,Mandah,Indragiri Hilir,0.67,P4,Perlindungan pantai dahulu,62.6,64,84,78,sedang,Risiko ketidakstabilan pesisir relatif tinggi.,mangrove-priority-2016-2025-v0.1
1518,163,MPR-4A718C3828,Bakau Aceh,Mandah,Indragiri Hilir,0.64,P4,Perlindungan pantai dahulu,62.6,64,84,78,sedang,Risiko ketidakstabilan pesisir relatif tinggi.,mangrove-priority-2016-2025-v0.1
1519,164,MPR-89F9074DE4,Bakau Aceh,Mandah,Indragiri Hilir,0.64,P4,Perlindungan pantai dahulu,62.6,64,84,78,sedang,Risiko ketidakstabilan pesisir relatif tinggi.,mangrove-priority-2016-2025-v0.1
1520,165,MPR-04CC0C2F54,Bakau Aceh,Mandah,Indragiri Hilir,0.59,P4,Perlindungan pantai dahulu,62.6,64,84,78,sedang,Risiko ketidakstabilan pesisir relatif tinggi.,mangrove-priority-2016-2025-v0.1
1521,166,MPR-BE5976573A,Bakau Aceh,Mandah,Indragiri Hilir,0.59,P4,Perlindungan pantai dahulu,62.6,64,84,78,sedang,Risiko ketidakstabilan pesisir relatif tinggi.,mangrove-priority-2016-2025-v0.1
1522,167,MPR-7F3A5D4F93,Bakau Aceh,Mandah,Indragiri Hilir,0.58,P4,Perlindungan pantai dahulu,62.6,64,84,78,sedang,Risiko ketidakstabilan pesisir relatif tinggi.,mangrove-priority-2016-2025-v0.1
1523,168,MPR-050E253566,Bakau Aceh,Mandah,Indragiri Hilir,0.53,P4,Perlindungan pantai dahulu,62.6,64,84,78,sedang,Risiko ketidakstabilan pesisir relatif tinggi.,mangrove-priority-2016-2025-v0.1
1524,169,MPR-C183538D79,Bakau Aceh,Mandah,Indragiri Hilir,0.48,P4,Perlindungan pantai dahulu,62.6,64,84,78,sedang,Risiko ketidakstabilan pesisir relatif tinggi.,mangrove-priority-2016-2025-v0.1
1525,170,MPR-3B268E3A64,Bakau Aceh,Mandah,Indragiri Hilir,0.47,P4,Perlindungan pantai dahulu,62.6,64,84,78,sedang,Risiko ketidakstabilan pesisir relatif tinggi.,mangrove-priority-2016-2025-v0.1
1526,171,MPR-86DED9A1FA,Bakau Aceh,Mandah,Indragiri Hilir,0.46,P4,Perlindungan pantai dahulu,62.6,64,84,78,sedang,Risiko ketidakstabilan pesisir relatif tinggi.,mangrove-priority-2016-2025-v0.1
1527,172,MPR-AAF459B7BC,Bakau Aceh,Mandah,Indragiri Hilir,0.46,P4,Perlindungan pantai dahulu,62.6,64,84,78,sedang,Risiko ketidakstabilan pesisir relatif tinggi.,mangrove-priority-2016-2025-v0.1
1528,173,MPR-DA0B42654E,Bakau Aceh,Mandah,Indragiri Hilir,0.45,P4,Perlindungan pantai dahulu,62.6,64,84,78,sedang,Risiko ketidakstabilan pesisir relatif tinggi.,mangrove-priority-2016-2025-v0.1
1529,174,MPR-40B9C7DDEA,Bakau Aceh,Mandah,Indragiri Hilir,0.44,P4,Perlindungan pantai dahulu,62.6,64,84,78,sedang,Risiko ketidakstabilan pesisir relatif tinggi.,mangrove-priority-2016-2025-v0.1
1530,175,MPR-DB665D6980,Bakau Aceh,Mandah,Indragiri Hilir,0.44,P4,Perlindungan pantai dahulu,62.6,64,84,78,sedang,Risiko ketidakstabilan pesisir relatif tinggi.,mangrove-priority-2016-2025-v0.1
1531,176,MPR-E59B9054EC,Bakau Aceh,Mandah,Indragiri Hilir,0.44,P4,Perlindungan pantai dahulu,62.6,64,84,78,sedang,Risiko ketidakstabilan pesisir relatif tinggi.,mangrove-priority-2016-2025-v0.1
1532,177,MPR-8B5181232D,Bakau Aceh,Mandah,Indragiri Hilir,0.43,P4,Perlindungan pantai dahulu,62.6,64,84,78,sedang,Risiko ketidakstabilan pesisir relatif tinggi.,mangrove-priority-2016-2025-v0.1
1533,178,MPR-A7A0ABFE6D,Bakau Aceh,Mandah,Indragiri Hilir,0.43,P4,Perlindungan pantai dahulu,62.6,64,84,78,sedang,Risiko ketidakstabilan pesisir relatif tinggi.,mangrove-priority-2016-2025-v0.1
1534,179,MPR-2405A09BF2,Bakau Aceh,Mandah,Indragiri Hilir,0.42,P4,Perlindungan pantai dahulu,62.6,64,84,78,sedang,Risiko ketidakstabilan pesisir relatif tinggi.,mangrove-priority-2016-2025-v0.1
1535,56,MPR-05698E63C4,Kelurahan Bandar Sri Gemilang,Kateman,Indragiri Hilir,0.3,P1,Penanaman aktif,62.6,67,75,69,tinggi,Kebutuhan dan kelayakan relatif tinggi.,mangrove-priority-2016-2025-v0.1
1536,57,MPR-90881C2EA7,Kelurahan Bandar Sri Gemilang,Kateman,Indragiri Hilir,0.3,P1,Penanaman aktif,62.6,67,75,69,tinggi,Kebutuhan dan kelayakan relatif tinggi.,mangrove-priority-2016-2025-v0.1
1537,58,MPR-D84BD39E54,Kelurahan Bandar Sri Gemilang,Kateman,Indragiri Hilir,0.29,P1,Penanaman aktif,62.6,67,75,69,tinggi,Kebutuhan dan kelayakan relatif tinggi.,mangrove-priority-2016-2025-v0.1
1538,59,MPR-4ECE2A0B21,Kelurahan Bandar Sri Gemilang,Kateman,Indragiri Hilir,0.27,P1,Penanaman aktif,62.6,67,75,69,tinggi,Kebutuhan dan kelayakan relatif tinggi.,mangrove-priority-2016-2025-v0.1
1539,140,MPR-30CDBCD6ED,Kuala Selat,Kateman,Indragiri Hilir,6.35,P4,Perlindungan pantai dahulu,62.5,100,45,91,tinggi,Risiko ketidakstabilan pesisir relatif tinggi.,mangrove-priority-2016-2025-v0.1
1540,180,MPR-30760F3CBF,Bakau Aceh,Mandah,Indragiri Hilir,1.4,P4,Perlindungan pantai dahulu,62.5,65,83,79,sedang,Risiko ketidakstabilan pesisir relatif tinggi.,mangrove-priority-2016-2025-v0.1
1541,181,MPR-082FB4B903,Bakau Aceh,Mandah,Indragiri Hilir,1.38,P4,Perlindungan pantai dahulu,62.5,65,83,79,sedang,Risiko ketidakstabilan pesisir relatif tinggi.,mangrove-priority-2016-2025-v0.1
1542,60,MPR-C37E116571,Kelurahan Bandar Sri Gemilang,Kateman,Indragiri Hilir,0.96,P4,Perlindungan pantai dahulu,62.5,68,74,70,tinggi,Risiko ketidakstabilan pesisir relatif tinggi.,mangrove-priority-2016-2025-v0.1
1543,182,MPR-36B6A505ED,Bakau Aceh,Mandah,Indragiri Hilir,0.34,P4,Perlindungan pantai dahulu,62.5,63,85,78,sedang,Risiko ketidakstabilan pesisir relatif tinggi.,mangrove-priority-2016-2025-v0.1
1544,183,MPR-CF684267F6,Bakau Aceh,Mandah,Indragiri Hilir,0.34,P4,Perlindungan pantai dahulu,62.5,63,85,78,sedang,Risiko ketidakstabilan pesisir relatif tinggi.,mangrove-priority-2016-2025-v0.1
1545,184,MPR-26F08DA8D0,Bakau Aceh,Mandah,Indragiri Hilir,0.33,P4,Perlindungan pantai dahulu,62.5,63,85,78,sedang,Risiko ketidakstabilan pesisir relatif tinggi.,mangrove-priority-2016-2025-v0.1
1546,185,MPR-F25476805B,Bakau Aceh,Mandah,Indragiri Hilir,0.33,P4,Perlindungan pantai dahulu,62.5,63,85,78,sedang,Risiko ketidakstabilan pesisir relatif tinggi.,mangrove-priority-2016-2025-v0.1
1547,186,MPR-F6A9FDDDDA,Bakau Aceh,Mandah,Indragiri Hilir,0.32,P4,Perlindungan pantai dahulu,62.5,63,85,78,sedang,Risiko ketidakstabilan pesisir relatif tinggi.,mangrove-priority-2016-2025-v0.1
1548,187,MPR-5D36352D3D,Bakau Aceh,Mandah,Indragiri Hilir,0.31,P4,Perlindungan pantai dahulu,62.5,63,85,78,sedang,Risiko ketidakstabilan pesisir relatif tinggi.,mangrove-priority-2016-2025-v0.1
1549,188,MPR-D6CE054BE2,Bakau Aceh,Mandah,Indragiri Hilir,0.3,P4,Perlindungan pantai dahulu,62.5,63,85,78,sedang,Risiko ketidakstabilan pesisir relatif tinggi.,mangrove-priority-2016-2025-v0.1
1550,189,MPR-F27871565B,Bakau Aceh,Mandah,Indragiri Hilir,0.3,P4,Perlindungan pantai dahulu,62.5,63,85,78,sedang,Risiko ketidakstabilan pesisir relatif tinggi.,mangrove-priority-2016-2025-v0.1
1551,190,MPR-2C9F39F384,Bakau Aceh,Mandah,Indragiri Hilir,0.29,P4,Perlindungan pantai dahulu,62.5,63,85,78,sedang,Risiko ketidakstabilan pesisir relatif tinggi.,mangrove-priority-2016-2025-v0.1
1552,191,MPR-66027CBB33,Bakau Aceh,Mandah,Indragiri Hilir,0.29,P4,Perlindungan pantai dahulu,62.5,63,85,78,sedang,Risiko ketidakstabilan pesisir relatif tinggi.,mangrove-priority-2016-2025-v0.1
1553,192,MPR-80D2C4C615,Bakau Aceh,Mandah,Indragiri Hilir,0.29,P4,Perlindungan pantai dahulu,62.5,63,85,78,sedang,Risiko ketidakstabilan pesisir relatif tinggi.,mangrove-priority-2016-2025-v0.1
1554,193,MPR-BD7D44AC01,Bakau Aceh,Mandah,Indragiri Hilir,0.29,P4,Perlindungan pantai dahulu,62.5,63,85,78,sedang,Risiko ketidakstabilan pesisir relatif tinggi.,mangrove-priority-2016-2025-v0.1
1555,194,MPR-2A6225E452,Bakau Aceh,Mandah,Indragiri Hilir,0.28,P4,Perlindungan pantai dahulu,62.5,63,85,78,sedang,Risiko ketidakstabilan pesisir relatif tinggi.,mangrove-priority-2016-2025-v0.1
1556,195,MPR-3D5DD3EE1C,Bakau Aceh,Mandah,Indragiri Hilir,0.28,P4,Perlindungan pantai dahulu,62.5,63,85,78,sedang,Risiko ketidakstabilan pesisir relatif tinggi.,mangrove-priority-2016-2025-v0.1
1557,196,MPR-C7B8021C84,Bakau Aceh,Mandah,Indragiri Hilir,0.28,P4,Perlindungan pantai dahulu,62.5,63,85,78,sedang,Risiko ketidakstabilan pesisir relatif tinggi.,mangrove-priority-2016-2025-v0.1
1558,197,MPR-7A10A77E3C,Bakau Aceh,Mandah,Indragiri Hilir,0.27,P4,Perlindungan pantai dahulu,62.5,63,85,78,sedang,Risiko ketidakstabilan pesisir relatif tinggi.,mangrove-priority-2016-2025-v0.1
1559,198,MPR-9407DFEE2F,Bakau Aceh,Mandah,Indragiri Hilir,0.27,P4,Perlindungan pantai dahulu,62.5,63,85,78,sedang,Risiko ketidakstabilan pesisir relatif tinggi.,mangrove-priority-2016-2025-v0.1
1560,199,MPR-CD13349511,Bakau Aceh,Mandah,Indragiri Hilir,0.27,P4,Perlindungan pantai dahulu,62.5,63,85,78,sedang,Risiko ketidakstabilan pesisir relatif tinggi.,mangrove-priority-2016-2025-v0.1
1561,200,MPR-E3C943DB98,Bakau Aceh,Mandah,Indragiri Hilir,0.27,P4,Perlindungan pantai dahulu,62.5,63,85,78,sedang,Risiko ketidakstabilan pesisir relatif tinggi.,mangrove-priority-2016-2025-v0.1
1562,201,MPR-04C8FA5B33,Bakau Aceh,Mandah,Indragiri Hilir,0.26,P4,Perlindungan pantai dahulu,62.5,63,85,78,sedang,Risiko ketidakstabilan pesisir relatif tinggi.,mangrove-priority-2016-2025-v0.1
1563,202,MPR-7E953A8F4C,Bakau Aceh,Mandah,Indragiri Hilir,0.26,P4,Perlindungan pantai dahulu,62.5,63,85,78,sedang,Risiko ketidakstabilan pesisir relatif tinggi.,mangrove-priority-2016-2025-v0.1
1564,203,MPR-08C7412D6D,Bakau Aceh,Mandah,Indragiri Hilir,0.25,P4,Perlindungan pantai dahulu,62.5,63,85,78,sedang,Risiko ketidakstabilan pesisir relatif tinggi.,mangrove-priority-2016-2025-v0.1
1565,204,MPR-280A355871,Bakau Aceh,Mandah,Indragiri Hilir,0.25,P4,Perlindungan pantai dahulu,62.5,63,85,78,sedang,Risiko ketidakstabilan pesisir relatif tinggi.,mangrove-priority-2016-2025-v0.1
1566,205,MPR-2D0AA66F19,Bakau Aceh,Mandah,Indragiri Hilir,0.25,P4,Perlindungan pantai dahulu,62.5,63,85,78,sedang,Risiko ketidakstabilan pesisir relatif tinggi.,mangrove-priority-2016-2025-v0.1
1567,206,MPR-B57569672F,Bakau Aceh,Mandah,Indragiri Hilir,0.25,P4,Perlindungan pantai dahulu,62.5,63,85,78,sedang,Risiko ketidakstabilan pesisir relatif tinggi.,mangrove-priority-2016-2025-v0.1
1568,207,MPR-C06C2EF608,Bakau Aceh,Mandah,Indragiri Hilir,0.25,P4,Perlindungan pantai dahulu,62.5,63,85,78,sedang,Risiko ketidakstabilan pesisir relatif tinggi.,mangrove-priority-2016-2025-v0.1
1569,208,MPR-6939F28A5B,Bakau Aceh,Mandah,Indragiri Hilir,0.24,P4,Perlindungan pantai dahulu,62.5,63,85,78,sedang,Risiko ketidakstabilan pesisir relatif tinggi.,mangrove-priority-2016-2025-v0.1
1570,209,MPR-AEA4A1BECD,Bakau Aceh,Mandah,Indragiri Hilir,0.24,P4,Perlindungan pantai dahulu,62.5,63,85,78,sedang,Risiko ketidakstabilan pesisir relatif tinggi.,mangrove-priority-2016-2025-v0.1
1571,210,MPR-BF269937EA,Bakau Aceh,Mandah,Indragiri Hilir,0.24,P4,Perlindungan pantai dahulu,62.5,63,85,78,sedang,Risiko ketidakstabilan pesisir relatif tinggi.,mangrove-priority-2016-2025-v0.1
1572,211,MPR-2AAA3DA764,Bakau Aceh,Mandah,Indragiri Hilir,0.23,P4,Perlindungan pantai dahulu,62.5,63,85,78,sedang,Risiko ketidakstabilan pesisir relatif tinggi.,mangrove-priority-2016-2025-v0.1
1573,212,MPR-5656600756,Bakau Aceh,Mandah,Indragiri Hilir,0.23,P4,Perlindungan pantai dahulu,62.5,63,85,78,sedang,Risiko ketidakstabilan pesisir relatif tinggi.,mangrove-priority-2016-2025-v0.1
1574,213,MPR-D767A5159F,Bakau Aceh,Mandah,Indragiri Hilir,0.23,P4,Perlindungan pantai dahulu,62.5,63,85,78,sedang,Risiko ketidakstabilan pesisir relatif tinggi.,mangrove-priority-2016-2025-v0.1
1575,214,MPR-1440F93AD0,Bakau Aceh,Mandah,Indragiri Hilir,0.22,P4,Perlindungan pantai dahulu,62.5,63,85,78,sedang,Risiko ketidakstabilan pesisir relatif tinggi.,mangrove-priority-2016-2025-v0.1
1576,215,MPR-5BB8C1C9B6,Bakau Aceh,Mandah,Indragiri Hilir,0.22,P4,Perlindungan pantai dahulu,62.5,63,85,78,sedang,Risiko ketidakstabilan pesisir relatif tinggi.,mangrove-priority-2016-2025-v0.1
1577,216,MPR-AB92433A70,Bakau Aceh,Mandah,Indragiri Hilir,0.22,P4,Perlindungan pantai dahulu,62.5,63,85,78,sedang,Risiko ketidakstabilan pesisir relatif tinggi.,mangrove-priority-2016-2025-v0.1
1578,217,MPR-03C55A47E4,Bakau Aceh,Mandah,Indragiri Hilir,0.21,P4,Perlindungan pantai dahulu,62.5,63,85,78,sedang,Risiko ketidakstabilan pesisir relatif tinggi.,mangrove-priority-2016-2025-v0.1
1579,218,MPR-19E5B0B240,Bakau Aceh,Mandah,Indragiri Hilir,0.21,P4,Perlindungan pantai dahulu,62.5,63,85,78,sedang,Risiko ketidakstabilan pesisir relatif tinggi.,mangrove-priority-2016-2025-v0.1
1580,219,MPR-20FB6C6EB5,Bakau Aceh,Mandah,Indragiri Hilir,0.21,P4,Perlindungan pantai dahulu,62.5,63,85,78,sedang,Risiko ketidakstabilan pesisir relatif tinggi.,mangrove-priority-2016-2025-v0.1
1581,220,MPR-42D1751B13,Bakau Aceh,Mandah,Indragiri Hilir,0.21,P4,Perlindungan pantai dahulu,62.5,63,85,78,sedang,Risiko ketidakstabilan pesisir relatif tinggi.,mangrove-priority-2016-2025-v0.1
1582,221,MPR-4F3A1DC315,Bakau Aceh,Mandah,Indragiri Hilir,0.21,P4,Perlindungan pantai dahulu,62.5,63,85,78,sedang,Risiko ketidakstabilan pesisir relatif tinggi.,mangrove-priority-2016-2025-v0.1
1583,222,MPR-61A28811C7,Bakau Aceh,Mandah,Indragiri Hilir,0.21,P4,Perlindungan pantai dahulu,62.5,63,85,78,sedang,Risiko ketidakstabilan pesisir relatif tinggi.,mangrove-priority-2016-2025-v0.1
1584,223,MPR-697C4BCA27,Bakau Aceh,Mandah,Indragiri Hilir,0.21,P4,Perlindungan pantai dahulu,62.5,63,85,78,sedang,Risiko ketidakstabilan pesisir relatif tinggi.,mangrove-priority-2016-2025-v0.1
1585,224,MPR-7369AC6283,Bakau Aceh,Mandah,Indragiri Hilir,0.21,P4,Perlindungan pantai dahulu,62.5,63,85,78,sedang,Risiko ketidakstabilan pesisir relatif tinggi.,mangrove-priority-2016-2025-v0.1
1586,225,MPR-958E8739B7,Bakau Aceh,Mandah,Indragiri Hilir,0.21,P4,Perlindungan pantai dahulu,62.5,63,85,78,sedang,Risiko ketidakstabilan pesisir relatif tinggi.,mangrove-priority-2016-2025-v0.1
1587,226,MPR-3D06047BAB,Bakau Aceh,Mandah,Indragiri Hilir,0.2,P4,Perlindungan pantai dahulu,62.5,63,85,78,sedang,Risiko ketidakstabilan pesisir relatif tinggi.,mangrove-priority-2016-2025-v0.1
1588,227,MPR-A5B0FD2826,Bakau Aceh,Mandah,Indragiri Hilir,0.2,P4,Perlindungan pantai dahulu,62.5,63,85,78,sedang,Risiko ketidakstabilan pesisir relatif tinggi.,mangrove-priority-2016-2025-v0.1
1589,228,MPR-CECC1ECEC1,Bakau Aceh,Mandah,Indragiri Hilir,0.2,P4,Perlindungan pantai dahulu,62.5,63,85,78,sedang,Risiko ketidakstabilan pesisir relatif tinggi.,mangrove-priority-2016-2025-v0.1
1590,229,MPR-FA10C2A664,Bakau Aceh,Mandah,Indragiri Hilir,0.2,P4,Perlindungan pantai dahulu,62.5,63,85,78,sedang,Risiko ketidakstabilan pesisir relatif tinggi.,mangrove-priority-2016-2025-v0.1
1591,230,MPR-1D6C234636,Bakau Aceh,Mandah,Indragiri Hilir,0.19,P4,Perlindungan pantai dahulu,62.5,63,85,78,sedang,Risiko ketidakstabilan pesisir relatif tinggi.,mangrove-priority-2016-2025-v0.1
1592,231,MPR-47B10F3D14,Bakau Aceh,Mandah,Indragiri Hilir,0.19,P4,Perlindungan pantai dahulu,62.5,63,85,78,sedang,Risiko ketidakstabilan pesisir relatif tinggi.,mangrove-priority-2016-2025-v0.1
1593,232,MPR-A5C6948813,Bakau Aceh,Mandah,Indragiri Hilir,0.19,P4,Perlindungan pantai dahulu,62.5,63,85,78,sedang,Risiko ketidakstabilan pesisir relatif tinggi.,mangrove-priority-2016-2025-v0.1
1594,233,MPR-D651D75A14,Bakau Aceh,Mandah,Indragiri Hilir,0.19,P4,Perlindungan pantai dahulu,62.5,63,85,78,sedang,Risiko ketidakstabilan pesisir relatif tinggi.,mangrove-priority-2016-2025-v0.1
1595,234,MPR-E5EB93A342,Bakau Aceh,Mandah,Indragiri Hilir,0.19,P4,Perlindungan pantai dahulu,62.5,63,85,78,sedang,Risiko ketidakstabilan pesisir relatif tinggi.,mangrove-priority-2016-2025-v0.1
1596,235,MPR-F05264E2A5,Bakau Aceh,Mandah,Indragiri Hilir,0.19,P4,Perlindungan pantai dahulu,62.5,63,85,78,sedang,Risiko ketidakstabilan pesisir relatif tinggi.,mangrove-priority-2016-2025-v0.1
1597,236,MPR-06DEDE821B,Bakau Aceh,Mandah,Indragiri Hilir,0.18,P4,Perlindungan pantai dahulu,62.5,63,85,78,sedang,Risiko ketidakstabilan pesisir relatif tinggi.,mangrove-priority-2016-2025-v0.1
1598,237,MPR-0D7B358A65,Bakau Aceh,Mandah,Indragiri Hilir,0.18,P4,Perlindungan pantai dahulu,62.5,63,85,78,sedang,Risiko ketidakstabilan pesisir relatif tinggi.,mangrove-priority-2016-2025-v0.1
1599,238,MPR-414A73EF8E,Bakau Aceh,Mandah,Indragiri Hilir,0.18,P4,Perlindungan pantai dahulu,62.5,63,85,78,sedang,Risiko ketidakstabilan pesisir relatif tinggi.,mangrove-priority-2016-2025-v0.1
1600,239,MPR-54616269C3,Bakau Aceh,Mandah,Indragiri Hilir,0.18,P4,Perlindungan pantai dahulu,62.5,63,85,78,sedang,Risiko ketidakstabilan pesisir relatif tinggi.,mangrove-priority-2016-2025-v0.1
1601,240,MPR-70D46423AC,Bakau Aceh,Mandah,Indragiri Hilir,0.18,P4,Perlindungan pantai dahulu,62.5,63,85,78,sedang,Risiko ketidakstabilan pesisir relatif tinggi.,mangrove-priority-2016-2025-v0.1
1602,241,MPR-DA8358212E,Bakau Aceh,Mandah,Indragiri Hilir,0.18,P4,Perlindungan pantai dahulu,62.5,63,85,78,sedang,Risiko ketidakstabilan pesisir relatif tinggi.,mangrove-priority-2016-2025-v0.1
1603,242,MPR-52D8DB8AB4,Bakau Aceh,Mandah,Indragiri Hilir,0.17,P4,Perlindungan pantai dahulu,62.5,63,85,78,sedang,Risiko ketidakstabilan pesisir relatif tinggi.,mangrove-priority-2016-2025-v0.1
1604,243,MPR-6AC235AC92,Bakau Aceh,Mandah,Indragiri Hilir,0.17,P4,Perlindungan pantai dahulu,62.5,63,85,78,sedang,Risiko ketidakstabilan pesisir relatif tinggi.,mangrove-priority-2016-2025-v0.1
1605,244,MPR-7BB9928833,Bakau Aceh,Mandah,Indragiri Hilir,0.17,P4,Perlindungan pantai dahulu,62.5,63,85,78,sedang,Risiko ketidakstabilan pesisir relatif tinggi.,mangrove-priority-2016-2025-v0.1
1606,245,MPR-95174772F1,Bakau Aceh,Mandah,Indragiri Hilir,0.17,P4,Perlindungan pantai dahulu,62.5,63,85,78,sedang,Risiko ketidakstabilan pesisir relatif tinggi.,mangrove-priority-2016-2025-v0.1
1607,246,MPR-A79E1C004B,Bakau Aceh,Mandah,Indragiri Hilir,0.17,P4,Perlindungan pantai dahulu,62.5,63,85,78,sedang,Risiko ketidakstabilan pesisir relatif tinggi.,mangrove-priority-2016-2025-v0.1
1608,247,MPR-ABD1F42B34,Bakau Aceh,Mandah,Indragiri Hilir,0.17,P4,Perlindungan pantai dahulu,62.5,63,85,78,sedang,Risiko ketidakstabilan pesisir relatif tinggi.,mangrove-priority-2016-2025-v0.1
1609,248,MPR-EED336F890,Bakau Aceh,Mandah,Indragiri Hilir,0.17,P4,Perlindungan pantai dahulu,62.5,63,85,78,sedang,Risiko ketidakstabilan pesisir relatif tinggi.,mangrove-priority-2016-2025-v0.1
1610,249,MPR-F0C3B98C34,Bakau Aceh,Mandah,Indragiri Hilir,0.17,P4,Perlindungan pantai dahulu,62.5,63,85,78,sedang,Risiko ketidakstabilan pesisir relatif tinggi.,mangrove-priority-2016-2025-v0.1
1611,250,MPR-8BE88DDE86,Bakau Aceh,Mandah,Indragiri Hilir,1.03,P4,Perlindungan pantai dahulu,62.4,64,84,79,sedang,Risiko ketidakstabilan pesisir relatif tinggi.,mangrove-priority-2016-2025-v0.1
1612,251,MPR-654F8BADE8,Bakau Aceh,Mandah,Indragiri Hilir,0.93,P4,Perlindungan pantai dahulu,62.4,64,84,79,sedang,Risiko ketidakstabilan pesisir relatif tinggi.,mangrove-priority-2016-2025-v0.1
1613,252,MPR-69AF33D923,Bakau Aceh,Mandah,Indragiri Hilir,0.92,P4,Perlindungan pantai dahulu,62.4,64,84,79,sedang,Risiko ketidakstabilan pesisir relatif tinggi.,mangrove-priority-2016-2025-v0.1
1614,253,MPR-2BFFD24851,Bakau Aceh,Mandah,Indragiri Hilir,0.91,P4,Perlindungan pantai dahulu,62.4,64,84,79,sedang,Risiko ketidakstabilan pesisir relatif tinggi.,mangrove-priority-2016-2025-v0.1
1615,254,MPR-FF13165725,Bakau Aceh,Mandah,Indragiri Hilir,0.9,P4,Perlindungan pantai dahulu,62.4,64,84,79,sedang,Risiko ketidakstabilan pesisir relatif tinggi.,mangrove-priority-2016-2025-v0.1
1616,255,MPR-5579E3493C,Bakau Aceh,Mandah,Indragiri Hilir,1.65,P4,Perlindungan pantai dahulu,62.3,65,83,80,sedang,Risiko ketidakstabilan pesisir relatif tinggi.,mangrove-priority-2016-2025-v0.1
1617,256,MPR-7A95C749CC,Bakau Aceh,Mandah,Indragiri Hilir,1.64,P4,Perlindungan pantai dahulu,62.3,65,83,80,sedang,Risiko ketidakstabilan pesisir relatif tinggi.,mangrove-priority-2016-2025-v0.1
1618,257,MPR-A794EC9A2F,Bakau Aceh,Mandah,Indragiri Hilir,2.47,P4,Perlindungan pantai dahulu,62.2,66,82,81,sedang,Risiko ketidakstabilan pesisir relatif tinggi.,mangrove-priority-2016-2025-v0.1
1619,258,MPR-E08ACB84F7,Bakau Aceh,Mandah,Indragiri Hilir,2.32,P4,Perlindungan pantai dahulu,62.2,66,82,81,sedang,Risiko ketidakstabilan pesisir relatif tinggi.,mangrove-priority-2016-2025-v0.1
1620,259,MPR-6C035AB5C0,Bakau Aceh,Mandah,Indragiri Hilir,2.26,P4,Perlindungan pantai dahulu,62.2,66,82,81,sedang,Risiko ketidakstabilan pesisir relatif tinggi.,mangrove-priority-2016-2025-v0.1
1621,1,MPR-3754AE9410,Sungaidanai,Pulau Burung,Indragiri Hilir,0.163,P4,Perlindungan pantai dahulu,62.2,62,85,77,sedang,Risiko ketidakstabilan pesisir relatif tinggi.,mangrove-priority-2016-2025-v0.1
1622,2,MPR-6989E24AE7,Sungaidanai,Pulau Burung,Indragiri Hilir,0.155,P4,Perlindungan pantai dahulu,62.2,62,85,77,sedang,Risiko ketidakstabilan pesisir relatif tinggi.,mangrove-priority-2016-2025-v0.1
1623,3,MPR-2764A9643E,Sungaidanai,Pulau Burung,Indragiri Hilir,0.15,P4,Perlindungan pantai dahulu,62.2,62,85,77,sedang,Risiko ketidakstabilan pesisir relatif tinggi.,mangrove-priority-2016-2025-v0.1
1624,4,MPR-4F769754D5,Sungaidanai,Pulau Burung,Indragiri Hilir,0.15,P4,Perlindungan pantai dahulu,62.2,62,85,77,sedang,Risiko ketidakstabilan pesisir relatif tinggi.,mangrove-priority-2016-2025-v0.1
1625,5,MPR-DA5335AA2B,Sungaidanai,Pulau Burung,Indragiri Hilir,0.15,P4,Perlindungan pantai dahulu,62.2,62,85,77,sedang,Risiko ketidakstabilan pesisir relatif tinggi.,mangrove-priority-2016-2025-v0.1
1626,6,MPR-ADF1F4E901,Sungaidanai,Pulau Burung,Indragiri Hilir,0.13,P4,Perlindungan pantai dahulu,62.2,62,85,77,sedang,Risiko ketidakstabilan pesisir relatif tinggi.,mangrove-priority-2016-2025-v0.1
1627,7,MPR-CA29DECE46,Sungaidanai,Pulau Burung,Indragiri Hilir,0.13,P4,Perlindungan pantai dahulu,62.2,62,85,77,sedang,Risiko ketidakstabilan pesisir relatif tinggi.,mangrove-priority-2016-2025-v0.1
1628,8,MPR-E1044DFC43,Sungaidanai,Pulau Burung,Indragiri Hilir,0.13,P4,Perlindungan pantai dahulu,62.2,62,85,77,sedang,Risiko ketidakstabilan pesisir relatif tinggi.,mangrove-priority-2016-2025-v0.1
1629,9,MPR-688BE3FC06,Sungaidanai,Pulau Burung,Indragiri Hilir,0.11,P4,Perlindungan pantai dahulu,62.2,62,85,77,sedang,Risiko ketidakstabilan pesisir relatif tinggi.,mangrove-priority-2016-2025-v0.1
1630,10,MPR-E253E7348E,Sungaidanai,Pulau Burung,Indragiri Hilir,0.11,P4,Perlindungan pantai dahulu,62.2,62,85,77,sedang,Risiko ketidakstabilan pesisir relatif tinggi.,mangrove-priority-2016-2025-v0.1
1631,11,MPR-27517610DF,Sungaidanai,Pulau Burung,Indragiri Hilir,0.1,P4,Perlindungan pantai dahulu,62.2,62,85,77,sedang,Risiko ketidakstabilan pesisir relatif tinggi.,mangrove-priority-2016-2025-v0.1
1632,12,MPR-AE29AD006B,Sungaidanai,Pulau Burung,Indragiri Hilir,0.09,P4,Perlindungan pantai dahulu,62.2,62,85,77,sedang,Risiko ketidakstabilan pesisir relatif tinggi.,mangrove-priority-2016-2025-v0.1
1633,13,MPR-2335CDC546,Sungaidanai,Pulau Burung,Indragiri Hilir,0.08,P4,Perlindungan pantai dahulu,62.2,62,85,77,sedang,Risiko ketidakstabilan pesisir relatif tinggi.,mangrove-priority-2016-2025-v0.1
1634,14,MPR-2C7D7CC3B4,Sungaidanai,Pulau Burung,Indragiri Hilir,0.08,P4,Perlindungan pantai dahulu,62.2,62,85,77,sedang,Risiko ketidakstabilan pesisir relatif tinggi.,mangrove-priority-2016-2025-v0.1
1635,15,MPR-A80A948ED1,Sungaidanai,Pulau Burung,Indragiri Hilir,0.08,P4,Perlindungan pantai dahulu,62.2,62,85,77,sedang,Risiko ketidakstabilan pesisir relatif tinggi.,mangrove-priority-2016-2025-v0.1
1636,16,MPR-E24D2BA3ED,Sungaidanai,Pulau Burung,Indragiri Hilir,0.08,P4,Perlindungan pantai dahulu,62.2,62,85,77,sedang,Risiko ketidakstabilan pesisir relatif tinggi.,mangrove-priority-2016-2025-v0.1
1637,17,MPR-20C54D2094,Sungaidanai,Pulau Burung,Indragiri Hilir,0.056,P4,Perlindungan pantai dahulu,62.2,62,85,77,sedang,Risiko ketidakstabilan pesisir relatif tinggi.,mangrove-priority-2016-2025-v0.1
1638,18,MPR-0D070E7009,Sungaidanai,Pulau Burung,Indragiri Hilir,0.05,P4,Perlindungan pantai dahulu,62.2,62,85,77,sedang,Risiko ketidakstabilan pesisir relatif tinggi.,mangrove-priority-2016-2025-v0.1
1639,19,MPR-45704DD934,Sungaidanai,Pulau Burung,Indragiri Hilir,0.05,P4,Perlindungan pantai dahulu,62.2,62,85,77,sedang,Risiko ketidakstabilan pesisir relatif tinggi.,mangrove-priority-2016-2025-v0.1
1640,20,MPR-BB551384CA,Sungaidanai,Pulau Burung,Indragiri Hilir,0.05,P4,Perlindungan pantai dahulu,62.2,62,85,77,sedang,Risiko ketidakstabilan pesisir relatif tinggi.,mangrove-priority-2016-2025-v0.1
1641,21,MPR-D9E465BFAE,Sungaidanai,Pulau Burung,Indragiri Hilir,0.05,P4,Perlindungan pantai dahulu,62.2,62,85,77,sedang,Risiko ketidakstabilan pesisir relatif tinggi.,mangrove-priority-2016-2025-v0.1
1642,104,MPR-859CCE148A,Pulauburung,Pulau Burung,Indragiri Hilir,13.61,P4,Perlindungan pantai dahulu,62.1,76,66,76,tinggi,Risiko ketidakstabilan pesisir relatif tinggi.,mangrove-priority-2016-2025-v0.1
1643,84,MPR-CBBEEE256B,Sungaiteritip,Kateman,Indragiri Hilir,6.73,P4,Perlindungan pantai dahulu,62.1,71,76,82,tinggi,Risiko ketidakstabilan pesisir relatif tinggi.,mangrove-priority-2016-2025-v0.1
1644,85,MPR-CC77DF3190,Sungaiteritip,Kateman,Indragiri Hilir,6.5,P4,Perlindungan pantai dahulu,62.1,71,76,82,tinggi,Risiko ketidakstabilan pesisir relatif tinggi.,mangrove-priority-2016-2025-v0.1
1645,61,MPR-C2EFDDF6A2,Kelurahan Bandar Sri Gemilang,Kateman,Indragiri Hilir,1.18,P4,Perlindungan pantai dahulu,62.1,68,73,70,tinggi,Risiko ketidakstabilan pesisir relatif tinggi.,mangrove-priority-2016-2025-v0.1
1646,62,MPR-648F2DD06A,Kelurahan Bandar Sri Gemilang,Kateman,Indragiri Hilir,1.12,P4,Perlindungan pantai dahulu,62.1,68,73,70,tinggi,Risiko ketidakstabilan pesisir relatif tinggi.,mangrove-priority-2016-2025-v0.1
1647,63,MPR-2D2483C9F4,Kelurahan Bandar Sri Gemilang,Kateman,Indragiri Hilir,1.105,P4,Perlindungan pantai dahulu,62.1,68,73,70,tinggi,Risiko ketidakstabilan pesisir relatif tinggi.,mangrove-priority-2016-2025-v0.1
1648,22,MPR-B9BF4F4873,Sungaidanai,Pulau Burung,Indragiri Hilir,0.72,P4,Perlindungan pantai dahulu,62.1,63,84,78,sedang,Risiko ketidakstabilan pesisir relatif tinggi.,mangrove-priority-2016-2025-v0.1
1649,23,MPR-59C6E5C000,Sungaidanai,Pulau Burung,Indragiri Hilir,0.67,P4,Perlindungan pantai dahulu,62.1,63,84,78,sedang,Risiko ketidakstabilan pesisir relatif tinggi.,mangrove-priority-2016-2025-v0.1
1650,24,MPR-DE2BA740B5,Sungaidanai,Pulau Burung,Indragiri Hilir,0.64,P4,Perlindungan pantai dahulu,62.1,63,84,78,sedang,Risiko ketidakstabilan pesisir relatif tinggi.,mangrove-priority-2016-2025-v0.1
1651,260,MPR-697E6A48EA,Bakau Aceh,Mandah,Indragiri Hilir,0.41,P4,Perlindungan pantai dahulu,62.1,63,84,78,sedang,Risiko ketidakstabilan pesisir relatif tinggi.,mangrove-priority-2016-2025-v0.1
1652,261,MPR-B6AF5426D0,Bakau Aceh,Mandah,Indragiri Hilir,0.4,P4,Perlindungan pantai dahulu,62.1,63,84,78,sedang,Risiko ketidakstabilan pesisir relatif tinggi.,mangrove-priority-2016-2025-v0.1
1653,262,MPR-F9B70F8B7A,Bakau Aceh,Mandah,Indragiri Hilir,0.4,P4,Perlindungan pantai dahulu,62.1,63,84,78,sedang,Risiko ketidakstabilan pesisir relatif tinggi.,mangrove-priority-2016-2025-v0.1
1654,263,MPR-C74DEBC015,Bakau Aceh,Mandah,Indragiri Hilir,0.39,P4,Perlindungan pantai dahulu,62.1,63,84,78,sedang,Risiko ketidakstabilan pesisir relatif tinggi.,mangrove-priority-2016-2025-v0.1
1655,264,MPR-DF27EFD9E6,Bakau Aceh,Mandah,Indragiri Hilir,0.39,P4,Perlindungan pantai dahulu,62.1,63,84,78,sedang,Risiko ketidakstabilan pesisir relatif tinggi.,mangrove-priority-2016-2025-v0.1
1656,265,MPR-4739AF5D48,Bakau Aceh,Mandah,Indragiri Hilir,0.37,P4,Perlindungan pantai dahulu,62.1,63,84,78,sedang,Risiko ketidakstabilan pesisir relatif tinggi.,mangrove-priority-2016-2025-v0.1
1657,266,MPR-D484493778,Bakau Aceh,Mandah,Indragiri Hilir,0.37,P4,Perlindungan pantai dahulu,62.1,63,84,78,sedang,Risiko ketidakstabilan pesisir relatif tinggi.,mangrove-priority-2016-2025-v0.1
1658,267,MPR-E4F9927BF1,Bakau Aceh,Mandah,Indragiri Hilir,0.37,P4,Perlindungan pantai dahulu,62.1,63,84,78,sedang,Risiko ketidakstabilan pesisir relatif tinggi.,mangrove-priority-2016-2025-v0.1
1659,268,MPR-307EB557BC,Bakau Aceh,Mandah,Indragiri Hilir,0.369,P4,Perlindungan pantai dahulu,62.1,63,84,78,sedang,Risiko ketidakstabilan pesisir relatif tinggi.,mangrove-priority-2016-2025-v0.1
1660,25,MPR-CBB771BB8F,Sungaidanai,Pulau Burung,Indragiri Hilir,2.09,P4,Perlindungan pantai dahulu,62.0,65,82,80,sedang,Risiko ketidakstabilan pesisir relatif tinggi.,mangrove-priority-2016-2025-v0.1
1661,64,MPR-5F2B622BEF,Kelurahan Bandar Sri Gemilang,Kateman,Indragiri Hilir,2.08,P4,Perlindungan pantai dahulu,62.0,69,72,71,tinggi,Risiko ketidakstabilan pesisir relatif tinggi.,mangrove-priority-2016-2025-v0.1
1662,269,MPR-FF620458D0,Bakau Aceh,Mandah,Indragiri Hilir,2.07,P4,Perlindungan pantai dahulu,62.0,65,82,80,sedang,Risiko ketidakstabilan pesisir relatif tinggi.,mangrove-priority-2016-2025-v0.1
1663,65,MPR-E4DD462554,Kelurahan Bandar Sri Gemilang,Kateman,Indragiri Hilir,1.789,P4,Perlindungan pantai dahulu,62.0,69,72,71,tinggi,Risiko ketidakstabilan pesisir relatif tinggi.,mangrove-priority-2016-2025-v0.1
1664,26,MPR-BB8B7CD3C8,Sungaidanai,Pulau Burung,Indragiri Hilir,1.49,P4,Perlindungan pantai dahulu,62.0,64,83,79,sedang,Risiko ketidakstabilan pesisir relatif tinggi.,mangrove-priority-2016-2025-v0.1
1665,27,MPR-5F2413A577,Sungaidanai,Pulau Burung,Indragiri Hilir,1.29,P4,Perlindungan pantai dahulu,62.0,64,83,79,sedang,Risiko ketidakstabilan pesisir relatif tinggi.,mangrove-priority-2016-2025-v0.1
1666,270,MPR-767E34D23B,Bakau Aceh,Mandah,Indragiri Hilir,1.19,P4,Perlindungan pantai dahulu,62.0,64,83,79,sedang,Risiko ketidakstabilan pesisir relatif tinggi.,mangrove-priority-2016-2025-v0.1
1667,271,MPR-ECB6F29DC4,Bakau Aceh,Mandah,Indragiri Hilir,1.19,P4,Perlindungan pantai dahulu,62.0,64,83,79,sedang,Risiko ketidakstabilan pesisir relatif tinggi.,mangrove-priority-2016-2025-v0.1
1668,272,MPR-7C09208ED5,Bakau Aceh,Mandah,Indragiri Hilir,1.17,P4,Perlindungan pantai dahulu,62.0,64,83,79,sedang,Risiko ketidakstabilan pesisir relatif tinggi.,mangrove-priority-2016-2025-v0.1
1669,273,MPR-9959F55595,Bakau Aceh,Mandah,Indragiri Hilir,1.16,P4,Perlindungan pantai dahulu,62.0,64,83,79,sedang,Risiko ketidakstabilan pesisir relatif tinggi.,mangrove-priority-2016-2025-v0.1
1670,274,MPR-3CA36A5997,Bakau Aceh,Mandah,Indragiri Hilir,1.1,P4,Perlindungan pantai dahulu,62.0,64,83,79,sedang,Risiko ketidakstabilan pesisir relatif tinggi.,mangrove-priority-2016-2025-v0.1
1671,275,MPR-75A06DBDFB,Bakau Aceh,Mandah,Indragiri Hilir,1.078,P4,Perlindungan pantai dahulu,62.0,64,83,79,sedang,Risiko ketidakstabilan pesisir relatif tinggi.,mangrove-priority-2016-2025-v0.1
1672,28,MPR-093734F8FC,Sungaidanai,Pulau Burung,Indragiri Hilir,0.96,P4,Perlindungan pantai dahulu,62.0,63,84,79,sedang,Risiko ketidakstabilan pesisir relatif tinggi.,mangrove-priority-2016-2025-v0.1
1673,29,MPR-C1553142BB,Sungaidanai,Pulau Burung,Indragiri Hilir,0.88,P4,Perlindungan pantai dahulu,62.0,63,84,79,sedang,Risiko ketidakstabilan pesisir relatif tinggi.,mangrove-priority-2016-2025-v0.1
1674,30,MPR-3C2243E70B,Sungaidanai,Pulau Burung,Indragiri Hilir,0.87,P4,Perlindungan pantai dahulu,62.0,63,84,79,sedang,Risiko ketidakstabilan pesisir relatif tinggi.,mangrove-priority-2016-2025-v0.1
1675,31,MPR-05B05FDB17,Sungaidanai,Pulau Burung,Indragiri Hilir,0.34,P4,Perlindungan pantai dahulu,62.0,62,85,78,sedang,Risiko ketidakstabilan pesisir relatif tinggi.,mangrove-priority-2016-2025-v0.1
1676,32,MPR-1565732C7B,Sungaidanai,Pulau Burung,Indragiri Hilir,0.29,P4,Perlindungan pantai dahulu,62.0,62,85,78,sedang,Risiko ketidakstabilan pesisir relatif tinggi.,mangrove-priority-2016-2025-v0.1
1677,33,MPR-23C9D40F23,Sungaidanai,Pulau Burung,Indragiri Hilir,0.28,P4,Perlindungan pantai dahulu,62.0,62,85,78,sedang,Risiko ketidakstabilan pesisir relatif tinggi.,mangrove-priority-2016-2025-v0.1
1678,34,MPR-BE5BEE1EE5,Sungaidanai,Pulau Burung,Indragiri Hilir,0.28,P4,Perlindungan pantai dahulu,62.0,62,85,78,sedang,Risiko ketidakstabilan pesisir relatif tinggi.,mangrove-priority-2016-2025-v0.1
1679,35,MPR-34EB5974EB,Sungaidanai,Pulau Burung,Indragiri Hilir,0.27,P4,Perlindungan pantai dahulu,62.0,62,85,78,sedang,Risiko ketidakstabilan pesisir relatif tinggi.,mangrove-priority-2016-2025-v0.1
1680,36,MPR-64A893F0C8,Sungaidanai,Pulau Burung,Indragiri Hilir,0.26,P4,Perlindungan pantai dahulu,62.0,62,85,78,sedang,Risiko ketidakstabilan pesisir relatif tinggi.,mangrove-priority-2016-2025-v0.1
1681,37,MPR-451A12B89B,Sungaidanai,Pulau Burung,Indragiri Hilir,0.24,P4,Perlindungan pantai dahulu,62.0,62,85,78,sedang,Risiko ketidakstabilan pesisir relatif tinggi.,mangrove-priority-2016-2025-v0.1
1682,38,MPR-01FBA9D9DB,Sungaidanai,Pulau Burung,Indragiri Hilir,0.22,P4,Perlindungan pantai dahulu,62.0,62,85,78,sedang,Risiko ketidakstabilan pesisir relatif tinggi.,mangrove-priority-2016-2025-v0.1
1683,39,MPR-5A9A8D92B4,Sungaidanai,Pulau Burung,Indragiri Hilir,0.22,P4,Perlindungan pantai dahulu,62.0,62,85,78,sedang,Risiko ketidakstabilan pesisir relatif tinggi.,mangrove-priority-2016-2025-v0.1
1684,40,MPR-9FB7B068A9,Sungaidanai,Pulau Burung,Indragiri Hilir,0.21,P4,Perlindungan pantai dahulu,62.0,62,85,78,sedang,Risiko ketidakstabilan pesisir relatif tinggi.,mangrove-priority-2016-2025-v0.1
1685,41,MPR-D491EA5FA5,Sungaidanai,Pulau Burung,Indragiri Hilir,0.21,P4,Perlindungan pantai dahulu,62.0,62,85,78,sedang,Risiko ketidakstabilan pesisir relatif tinggi.,mangrove-priority-2016-2025-v0.1
1686,42,MPR-4C437B62E5,Sungaidanai,Pulau Burung,Indragiri Hilir,0.19,P4,Perlindungan pantai dahulu,62.0,62,85,78,sedang,Risiko ketidakstabilan pesisir relatif tinggi.,mangrove-priority-2016-2025-v0.1
1687,43,MPR-8B1A0835D5,Sungaidanai,Pulau Burung,Indragiri Hilir,0.17,P4,Perlindungan pantai dahulu,62.0,62,85,78,sedang,Risiko ketidakstabilan pesisir relatif tinggi.,mangrove-priority-2016-2025-v0.1
1688,66,MPR-EB0E8AC129,Kelurahan Bandar Sri Gemilang,Kateman,Indragiri Hilir,2.89,P4,Perlindungan pantai dahulu,61.9,70,71,72,tinggi,Risiko ketidakstabilan pesisir relatif tinggi.,mangrove-priority-2016-2025-v0.1
1689,276,MPR-49CA4615B0,Bakau Aceh,Mandah,Indragiri Hilir,2.7,P4,Perlindungan pantai dahulu,61.8,66,81,81,sedang,Risiko ketidakstabilan pesisir relatif tinggi.,mangrove-priority-2016-2025-v0.1
1690,44,MPR-56DB1A0C50,Sungaidanai,Pulau Burung,Indragiri Hilir,2.28,P4,Perlindungan pantai dahulu,61.8,65,82,81,sedang,Risiko ketidakstabilan pesisir relatif tinggi.,mangrove-priority-2016-2025-v0.1
1691,45,MPR-F950A1BC29,Sungaidanai,Pulau Burung,Indragiri Hilir,1.56,P4,Perlindungan pantai dahulu,61.8,64,83,80,sedang,Risiko ketidakstabilan pesisir relatif tinggi.,mangrove-priority-2016-2025-v0.1
1692,67,MPR-BED6B333F7,Kelurahan Bandar Sri Gemilang,Kateman,Indragiri Hilir,3.65,P4,Perlindungan pantai dahulu,61.7,71,70,74,tinggi,Risiko ketidakstabilan pesisir relatif tinggi.,mangrove-priority-2016-2025-v0.1
1693,46,MPR-A8594FD43C,Sungaidanai,Pulau Burung,Indragiri Hilir,0.39,P4,Perlindungan pantai dahulu,61.7,62,84,78,sedang,Risiko ketidakstabilan pesisir relatif tinggi.,mangrove-priority-2016-2025-v0.1
1694,47,MPR-BE2A769912,Sungaidanai,Pulau Burung,Indragiri Hilir,0.38,P4,Perlindungan pantai dahulu,61.7,62,84,78,sedang,Risiko ketidakstabilan pesisir relatif tinggi.,mangrove-priority-2016-2025-v0.1
1695,48,MPR-FA90E0872A,Sungaidanai,Pulau Burung,Indragiri Hilir,0.36,P4,Perlindungan pantai dahulu,61.7,62,84,78,sedang,Risiko ketidakstabilan pesisir relatif tinggi.,mangrove-priority-2016-2025-v0.1
1696,277,MPR-0161912C3F,Bakau Aceh,Mandah,Indragiri Hilir,4.83,P4,Perlindungan pantai dahulu,61.5,69,78,84,sedang,Risiko ketidakstabilan pesisir relatif tinggi.,mangrove-priority-2016-2025-v0.1
1697,49,MPR-295D1CE125,Sungaidanai,Pulau Burung,Indragiri Hilir,2.0,P4,Perlindungan pantai dahulu,61.5,64,82,80,sedang,Risiko ketidakstabilan pesisir relatif tinggi.,mangrove-priority-2016-2025-v0.1
1698,50,MPR-014F89839B,Sungaidanai,Pulau Burung,Indragiri Hilir,1.9,P4,Perlindungan pantai dahulu,61.5,64,82,80,sedang,Risiko ketidakstabilan pesisir relatif tinggi.,mangrove-priority-2016-2025-v0.1
1699,51,MPR-8AE7873B44,Sungaidanai,Pulau Burung,Indragiri Hilir,1.8,P4,Perlindungan pantai dahulu,61.5,64,82,80,sedang,Risiko ketidakstabilan pesisir relatif tinggi.,mangrove-priority-2016-2025-v0.1
1700,52,MPR-3CB43E1F9D,Sungaidanai,Pulau Burung,Indragiri Hilir,2.74,P4,Perlindungan pantai dahulu,61.4,65,81,81,sedang,Risiko ketidakstabilan pesisir relatif tinggi.,mangrove-priority-2016-2025-v0.1
1701,53,MPR-79C0D87468,Sungaidanai,Pulau Burung,Indragiri Hilir,4.76,P4,Perlindungan pantai dahulu,61.1,68,78,84,sedang,Risiko ketidakstabilan pesisir relatif tinggi.,mangrove-priority-2016-2025-v0.1
1702,278,MPR-CC8FEB6B16,Bakau Aceh,Mandah,Indragiri Hilir,8.02,P4,Perlindungan pantai dahulu,61.0,73,74,89,sedang,Risiko ketidakstabilan pesisir relatif tinggi.,mangrove-priority-2016-2025-v0.1
1703,1,MPR-1EEDF9A431,Sungaibela,Kuala Indragiri,Indragiri Hilir,0.09,P4,Perlindungan pantai dahulu,61.0,57,85,72,tinggi,Risiko ketidakstabilan pesisir relatif tinggi.,mangrove-priority-2016-2025-v0.1
1704,2,MPR-22A5FCCD40,Sungaibela,Kuala Indragiri,Indragiri Hilir,0.09,P4,Perlindungan pantai dahulu,61.0,57,85,72,tinggi,Risiko ketidakstabilan pesisir relatif tinggi.,mangrove-priority-2016-2025-v0.1
1705,3,MPR-6FA9E2F591,Sungaibela,Kuala Indragiri,Indragiri Hilir,0.09,P4,Perlindungan pantai dahulu,61.0,57,85,72,tinggi,Risiko ketidakstabilan pesisir relatif tinggi.,mangrove-priority-2016-2025-v0.1
1706,4,MPR-EFD3046993,Sungaibela,Kuala Indragiri,Indragiri Hilir,0.09,P4,Perlindungan pantai dahulu,61.0,57,85,72,tinggi,Risiko ketidakstabilan pesisir relatif tinggi.,mangrove-priority-2016-2025-v0.1
1707,5,MPR-071AEDE410,Sungaibela,Kuala Indragiri,Indragiri Hilir,0.08,P4,Perlindungan pantai dahulu,61.0,57,85,72,tinggi,Risiko ketidakstabilan pesisir relatif tinggi.,mangrove-priority-2016-2025-v0.1
1708,6,MPR-0AAA7238C2,Sungaibela,Kuala Indragiri,Indragiri Hilir,0.08,P4,Perlindungan pantai dahulu,61.0,57,85,72,tinggi,Risiko ketidakstabilan pesisir relatif tinggi.,mangrove-priority-2016-2025-v0.1
1709,7,MPR-19078E79B0,Sungaibela,Kuala Indragiri,Indragiri Hilir,0.08,P4,Perlindungan pantai dahulu,61.0,57,85,72,tinggi,Risiko ketidakstabilan pesisir relatif tinggi.,mangrove-priority-2016-2025-v0.1
1710,8,MPR-1F9E500206,Sungaibela,Kuala Indragiri,Indragiri Hilir,0.08,P4,Perlindungan pantai dahulu,61.0,57,85,72,tinggi,Risiko ketidakstabilan pesisir relatif tinggi.,mangrove-priority-2016-2025-v0.1
1711,9,MPR-22DDA8B542,Sungaibela,Kuala Indragiri,Indragiri Hilir,0.08,P4,Perlindungan pantai dahulu,61.0,57,85,72,tinggi,Risiko ketidakstabilan pesisir relatif tinggi.,mangrove-priority-2016-2025-v0.1
1712,10,MPR-245638C27E,Sungaibela,Kuala Indragiri,Indragiri Hilir,0.08,P4,Perlindungan pantai dahulu,61.0,57,85,72,tinggi,Risiko ketidakstabilan pesisir relatif tinggi.,mangrove-priority-2016-2025-v0.1
1713,11,MPR-26752493FD,Sungaibela,Kuala Indragiri,Indragiri Hilir,0.08,P4,Perlindungan pantai dahulu,61.0,57,85,72,tinggi,Risiko ketidakstabilan pesisir relatif tinggi.,mangrove-priority-2016-2025-v0.1
1714,12,MPR-30EC330ED4,Sungaibela,Kuala Indragiri,Indragiri Hilir,0.08,P4,Perlindungan pantai dahulu,61.0,57,85,72,tinggi,Risiko ketidakstabilan pesisir relatif tinggi.,mangrove-priority-2016-2025-v0.1
1715,13,MPR-3864655224,Sungaibela,Kuala Indragiri,Indragiri Hilir,0.08,P4,Perlindungan pantai dahulu,61.0,57,85,72,tinggi,Risiko ketidakstabilan pesisir relatif tinggi.,mangrove-priority-2016-2025-v0.1
1716,14,MPR-44F012A1AC,Sungaibela,Kuala Indragiri,Indragiri Hilir,0.08,P4,Perlindungan pantai dahulu,61.0,57,85,72,tinggi,Risiko ketidakstabilan pesisir relatif tinggi.,mangrove-priority-2016-2025-v0.1
1717,15,MPR-474637E920,Sungaibela,Kuala Indragiri,Indragiri Hilir,0.08,P4,Perlindungan pantai dahulu,61.0,57,85,72,tinggi,Risiko ketidakstabilan pesisir relatif tinggi.,mangrove-priority-2016-2025-v0.1
1718,16,MPR-4A0E49C044,Sungaibela,Kuala Indragiri,Indragiri Hilir,0.08,P4,Perlindungan pantai dahulu,61.0,57,85,72,tinggi,Risiko ketidakstabilan pesisir relatif tinggi.,mangrove-priority-2016-2025-v0.1
1719,17,MPR-624E23A680,Sungaibela,Kuala Indragiri,Indragiri Hilir,0.08,P4,Perlindungan pantai dahulu,61.0,57,85,72,tinggi,Risiko ketidakstabilan pesisir relatif tinggi.,mangrove-priority-2016-2025-v0.1
1720,18,MPR-6FE0781C28,Sungaibela,Kuala Indragiri,Indragiri Hilir,0.08,P4,Perlindungan pantai dahulu,61.0,57,85,72,tinggi,Risiko ketidakstabilan pesisir relatif tinggi.,mangrove-priority-2016-2025-v0.1
1721,19,MPR-749459D553,Sungaibela,Kuala Indragiri,Indragiri Hilir,0.08,P4,Perlindungan pantai dahulu,61.0,57,85,72,tinggi,Risiko ketidakstabilan pesisir relatif tinggi.,mangrove-priority-2016-2025-v0.1
1722,20,MPR-766E60B91B,Sungaibela,Kuala Indragiri,Indragiri Hilir,0.08,P4,Perlindungan pantai dahulu,61.0,57,85,72,tinggi,Risiko ketidakstabilan pesisir relatif tinggi.,mangrove-priority-2016-2025-v0.1
1723,21,MPR-8387979439,Sungaibela,Kuala Indragiri,Indragiri Hilir,0.08,P4,Perlindungan pantai dahulu,61.0,57,85,72,tinggi,Risiko ketidakstabilan pesisir relatif tinggi.,mangrove-priority-2016-2025-v0.1
1724,22,MPR-8B71C803CC,Sungaibela,Kuala Indragiri,Indragiri Hilir,0.08,P4,Perlindungan pantai dahulu,61.0,57,85,72,tinggi,Risiko ketidakstabilan pesisir relatif tinggi.,mangrove-priority-2016-2025-v0.1
1725,23,MPR-9965CF9852,Sungaibela,Kuala Indragiri,Indragiri Hilir,0.08,P4,Perlindungan pantai dahulu,61.0,57,85,72,tinggi,Risiko ketidakstabilan pesisir relatif tinggi.,mangrove-priority-2016-2025-v0.1
1726,24,MPR-A66D393312,Sungaibela,Kuala Indragiri,Indragiri Hilir,0.08,P4,Perlindungan pantai dahulu,61.0,57,85,72,tinggi,Risiko ketidakstabilan pesisir relatif tinggi.,mangrove-priority-2016-2025-v0.1
1727,25,MPR-AF2E57E922,Sungaibela,Kuala Indragiri,Indragiri Hilir,0.08,P4,Perlindungan pantai dahulu,61.0,57,85,72,tinggi,Risiko ketidakstabilan pesisir relatif tinggi.,mangrove-priority-2016-2025-v0.1
1728,26,MPR-B5A62386A0,Sungaibela,Kuala Indragiri,Indragiri Hilir,0.08,P4,Perlindungan pantai dahulu,61.0,57,85,72,tinggi,Risiko ketidakstabilan pesisir relatif tinggi.,mangrove-priority-2016-2025-v0.1
1729,27,MPR-B814DFFC7B,Sungaibela,Kuala Indragiri,Indragiri Hilir,0.08,P4,Perlindungan pantai dahulu,61.0,57,85,72,tinggi,Risiko ketidakstabilan pesisir relatif tinggi.,mangrove-priority-2016-2025-v0.1
1730,28,MPR-B90CE985ED,Sungaibela,Kuala Indragiri,Indragiri Hilir,0.08,P4,Perlindungan pantai dahulu,61.0,57,85,72,tinggi,Risiko ketidakstabilan pesisir relatif tinggi.,mangrove-priority-2016-2025-v0.1
1731,29,MPR-BFF65435E2,Sungaibela,Kuala Indragiri,Indragiri Hilir,0.08,P4,Perlindungan pantai dahulu,61.0,57,85,72,tinggi,Risiko ketidakstabilan pesisir relatif tinggi.,mangrove-priority-2016-2025-v0.1
1732,30,MPR-CB69F1B234,Sungaibela,Kuala Indragiri,Indragiri Hilir,0.08,P4,Perlindungan pantai dahulu,61.0,57,85,72,tinggi,Risiko ketidakstabilan pesisir relatif tinggi.,mangrove-priority-2016-2025-v0.1
1733,31,MPR-D1AD8FC076,Sungaibela,Kuala Indragiri,Indragiri Hilir,0.08,P4,Perlindungan pantai dahulu,61.0,57,85,72,tinggi,Risiko ketidakstabilan pesisir relatif tinggi.,mangrove-priority-2016-2025-v0.1
1734,32,MPR-D976643D4B,Sungaibela,Kuala Indragiri,Indragiri Hilir,0.08,P4,Perlindungan pantai dahulu,61.0,57,85,72,tinggi,Risiko ketidakstabilan pesisir relatif tinggi.,mangrove-priority-2016-2025-v0.1
1735,33,MPR-F50D3C5F5F,Sungaibela,Kuala Indragiri,Indragiri Hilir,0.08,P4,Perlindungan pantai dahulu,61.0,57,85,72,tinggi,Risiko ketidakstabilan pesisir relatif tinggi.,mangrove-priority-2016-2025-v0.1
1736,34,MPR-FE071BC108,Sungaibela,Kuala Indragiri,Indragiri Hilir,0.08,P4,Perlindungan pantai dahulu,61.0,57,85,72,tinggi,Risiko ketidakstabilan pesisir relatif tinggi.,mangrove-priority-2016-2025-v0.1
1737,35,MPR-05D496B147,Sungaibela,Kuala Indragiri,Indragiri Hilir,0.05,P4,Perlindungan pantai dahulu,61.0,57,85,72,tinggi,Risiko ketidakstabilan pesisir relatif tinggi.,mangrove-priority-2016-2025-v0.1
1738,36,MPR-0CA893EEAC,Sungaibela,Kuala Indragiri,Indragiri Hilir,0.05,P4,Perlindungan pantai dahulu,61.0,57,85,72,tinggi,Risiko ketidakstabilan pesisir relatif tinggi.,mangrove-priority-2016-2025-v0.1
1739,37,MPR-2893BB492E,Sungaibela,Kuala Indragiri,Indragiri Hilir,0.05,P4,Perlindungan pantai dahulu,61.0,57,85,72,tinggi,Risiko ketidakstabilan pesisir relatif tinggi.,mangrove-priority-2016-2025-v0.1
1740,38,MPR-4C7D6C38A3,Sungaibela,Kuala Indragiri,Indragiri Hilir,0.05,P4,Perlindungan pantai dahulu,61.0,57,85,72,tinggi,Risiko ketidakstabilan pesisir relatif tinggi.,mangrove-priority-2016-2025-v0.1
1741,39,MPR-4FD214673B,Sungaibela,Kuala Indragiri,Indragiri Hilir,0.05,P4,Perlindungan pantai dahulu,61.0,57,85,72,tinggi,Risiko ketidakstabilan pesisir relatif tinggi.,mangrove-priority-2016-2025-v0.1
1742,40,MPR-5B561D4F5B,Sungaibela,Kuala Indragiri,Indragiri Hilir,0.05,P4,Perlindungan pantai dahulu,61.0,57,85,72,tinggi,Risiko ketidakstabilan pesisir relatif tinggi.,mangrove-priority-2016-2025-v0.1
1743,41,MPR-75CDEE888C,Sungaibela,Kuala Indragiri,Indragiri Hilir,0.05,P4,Perlindungan pantai dahulu,61.0,57,85,72,tinggi,Risiko ketidakstabilan pesisir relatif tinggi.,mangrove-priority-2016-2025-v0.1
1744,42,MPR-777E096569,Sungaibela,Kuala Indragiri,Indragiri Hilir,0.05,P4,Perlindungan pantai dahulu,61.0,57,85,72,tinggi,Risiko ketidakstabilan pesisir relatif tinggi.,mangrove-priority-2016-2025-v0.1
1745,43,MPR-7823322D7A,Sungaibela,Kuala Indragiri,Indragiri Hilir,0.05,P4,Perlindungan pantai dahulu,61.0,57,85,72,tinggi,Risiko ketidakstabilan pesisir relatif tinggi.,mangrove-priority-2016-2025-v0.1
1746,44,MPR-7963A606FD,Sungaibela,Kuala Indragiri,Indragiri Hilir,0.05,P4,Perlindungan pantai dahulu,61.0,57,85,72,tinggi,Risiko ketidakstabilan pesisir relatif tinggi.,mangrove-priority-2016-2025-v0.1
1747,45,MPR-939AEB9A38,Sungaibela,Kuala Indragiri,Indragiri Hilir,0.05,P4,Perlindungan pantai dahulu,61.0,57,85,72,tinggi,Risiko ketidakstabilan pesisir relatif tinggi.,mangrove-priority-2016-2025-v0.1
1748,46,MPR-95B988FE55,Sungaibela,Kuala Indragiri,Indragiri Hilir,0.05,P4,Perlindungan pantai dahulu,61.0,57,85,72,tinggi,Risiko ketidakstabilan pesisir relatif tinggi.,mangrove-priority-2016-2025-v0.1
1749,47,MPR-A005C800C6,Sungaibela,Kuala Indragiri,Indragiri Hilir,0.05,P4,Perlindungan pantai dahulu,61.0,57,85,72,tinggi,Risiko ketidakstabilan pesisir relatif tinggi.,mangrove-priority-2016-2025-v0.1
1750,48,MPR-AB26AA4EF9,Sungaibela,Kuala Indragiri,Indragiri Hilir,0.05,P4,Perlindungan pantai dahulu,61.0,57,85,72,tinggi,Risiko ketidakstabilan pesisir relatif tinggi.,mangrove-priority-2016-2025-v0.1
1751,49,MPR-C62643DF68,Sungaibela,Kuala Indragiri,Indragiri Hilir,0.05,P4,Perlindungan pantai dahulu,61.0,57,85,72,tinggi,Risiko ketidakstabilan pesisir relatif tinggi.,mangrove-priority-2016-2025-v0.1
1752,50,MPR-C8D98F805B,Sungaibela,Kuala Indragiri,Indragiri Hilir,0.05,P4,Perlindungan pantai dahulu,61.0,57,85,72,tinggi,Risiko ketidakstabilan pesisir relatif tinggi.,mangrove-priority-2016-2025-v0.1
1753,51,MPR-CFBDAF5329,Sungaibela,Kuala Indragiri,Indragiri Hilir,0.05,P4,Perlindungan pantai dahulu,61.0,57,85,72,tinggi,Risiko ketidakstabilan pesisir relatif tinggi.,mangrove-priority-2016-2025-v0.1
1754,52,MPR-E2B8DADB15,Sungaibela,Kuala Indragiri,Indragiri Hilir,0.05,P4,Perlindungan pantai dahulu,61.0,57,85,72,tinggi,Risiko ketidakstabilan pesisir relatif tinggi.,mangrove-priority-2016-2025-v0.1
1755,53,MPR-F4569164F2,Sungaibela,Kuala Indragiri,Indragiri Hilir,0.05,P4,Perlindungan pantai dahulu,61.0,57,85,72,tinggi,Risiko ketidakstabilan pesisir relatif tinggi.,mangrove-priority-2016-2025-v0.1
1756,54,MPR-FAF8837557,Sungaibela,Kuala Indragiri,Indragiri Hilir,0.05,P4,Perlindungan pantai dahulu,61.0,57,85,72,tinggi,Risiko ketidakstabilan pesisir relatif tinggi.,mangrove-priority-2016-2025-v0.1
1757,55,MPR-FCF977E8AF,Sungaibela,Kuala Indragiri,Indragiri Hilir,0.05,P4,Perlindungan pantai dahulu,61.0,57,85,72,tinggi,Risiko ketidakstabilan pesisir relatif tinggi.,mangrove-priority-2016-2025-v0.1
1758,56,MPR-0D786F05E2,Sungaibela,Kuala Indragiri,Indragiri Hilir,0.75,P4,Perlindungan pantai dahulu,60.9,58,84,73,tinggi,Risiko ketidakstabilan pesisir relatif tinggi.,mangrove-priority-2016-2025-v0.1
1759,57,MPR-CB55DC72BB,Sungaibela,Kuala Indragiri,Indragiri Hilir,0.71,P4,Perlindungan pantai dahulu,60.9,58,84,73,tinggi,Risiko ketidakstabilan pesisir relatif tinggi.,mangrove-priority-2016-2025-v0.1
1760,58,MPR-5910F4445A,Sungaibela,Kuala Indragiri,Indragiri Hilir,0.69,P4,Perlindungan pantai dahulu,60.9,58,84,73,tinggi,Risiko ketidakstabilan pesisir relatif tinggi.,mangrove-priority-2016-2025-v0.1
1761,59,MPR-B7B1D63E0B,Sungaibela,Kuala Indragiri,Indragiri Hilir,0.68,P4,Perlindungan pantai dahulu,60.9,58,84,73,tinggi,Risiko ketidakstabilan pesisir relatif tinggi.,mangrove-priority-2016-2025-v0.1
1762,60,MPR-904EA64FF7,Sungaibela,Kuala Indragiri,Indragiri Hilir,0.66,P4,Perlindungan pantai dahulu,60.9,58,84,73,tinggi,Risiko ketidakstabilan pesisir relatif tinggi.,mangrove-priority-2016-2025-v0.1
1763,61,MPR-28B117DD53,Sungaibela,Kuala Indragiri,Indragiri Hilir,0.65,P4,Perlindungan pantai dahulu,60.9,58,84,73,tinggi,Risiko ketidakstabilan pesisir relatif tinggi.,mangrove-priority-2016-2025-v0.1
1764,62,MPR-6950539733,Sungaibela,Kuala Indragiri,Indragiri Hilir,0.65,P4,Perlindungan pantai dahulu,60.9,58,84,73,tinggi,Risiko ketidakstabilan pesisir relatif tinggi.,mangrove-priority-2016-2025-v0.1
1765,63,MPR-513E96A45D,Sungaibela,Kuala Indragiri,Indragiri Hilir,0.63,P4,Perlindungan pantai dahulu,60.9,58,84,73,tinggi,Risiko ketidakstabilan pesisir relatif tinggi.,mangrove-priority-2016-2025-v0.1
1766,64,MPR-CF4B1F31F3,Sungaibela,Kuala Indragiri,Indragiri Hilir,0.63,P4,Perlindungan pantai dahulu,60.9,58,84,73,tinggi,Risiko ketidakstabilan pesisir relatif tinggi.,mangrove-priority-2016-2025-v0.1
1767,65,MPR-F1DE2D8C58,Sungaibela,Kuala Indragiri,Indragiri Hilir,0.63,P4,Perlindungan pantai dahulu,60.9,58,84,73,tinggi,Risiko ketidakstabilan pesisir relatif tinggi.,mangrove-priority-2016-2025-v0.1
1768,66,MPR-804320CEB3,Sungaibela,Kuala Indragiri,Indragiri Hilir,0.62,P4,Perlindungan pantai dahulu,60.9,58,84,73,tinggi,Risiko ketidakstabilan pesisir relatif tinggi.,mangrove-priority-2016-2025-v0.1
1769,67,MPR-D8F715171B,Sungaibela,Kuala Indragiri,Indragiri Hilir,0.6,P4,Perlindungan pantai dahulu,60.9,58,84,73,tinggi,Risiko ketidakstabilan pesisir relatif tinggi.,mangrove-priority-2016-2025-v0.1
1770,68,MPR-0343C4F630,Sungaibela,Kuala Indragiri,Indragiri Hilir,0.58,P4,Perlindungan pantai dahulu,60.9,58,84,73,tinggi,Risiko ketidakstabilan pesisir relatif tinggi.,mangrove-priority-2016-2025-v0.1
1771,69,MPR-2055828B69,Sungaibela,Kuala Indragiri,Indragiri Hilir,0.56,P4,Perlindungan pantai dahulu,60.9,58,84,73,tinggi,Risiko ketidakstabilan pesisir relatif tinggi.,mangrove-priority-2016-2025-v0.1
1772,70,MPR-C1AC2265D9,Sungaibela,Kuala Indragiri,Indragiri Hilir,0.56,P4,Perlindungan pantai dahulu,60.9,58,84,73,tinggi,Risiko ketidakstabilan pesisir relatif tinggi.,mangrove-priority-2016-2025-v0.1
1773,71,MPR-3138700F6F,Sungaibela,Kuala Indragiri,Indragiri Hilir,0.54,P4,Perlindungan pantai dahulu,60.9,58,84,73,tinggi,Risiko ketidakstabilan pesisir relatif tinggi.,mangrove-priority-2016-2025-v0.1
1774,72,MPR-3900827664,Sungaibela,Kuala Indragiri,Indragiri Hilir,0.52,P4,Perlindungan pantai dahulu,60.9,58,84,73,tinggi,Risiko ketidakstabilan pesisir relatif tinggi.,mangrove-priority-2016-2025-v0.1
1775,73,MPR-4AFC8BFD59,Sungaibela,Kuala Indragiri,Indragiri Hilir,0.51,P4,Perlindungan pantai dahulu,60.9,58,84,73,tinggi,Risiko ketidakstabilan pesisir relatif tinggi.,mangrove-priority-2016-2025-v0.1
1776,74,MPR-75B4A31CD9,Sungaibela,Kuala Indragiri,Indragiri Hilir,0.49,P4,Perlindungan pantai dahulu,60.9,58,84,73,tinggi,Risiko ketidakstabilan pesisir relatif tinggi.,mangrove-priority-2016-2025-v0.1
1777,75,MPR-404D4C9851,Sungaibela,Kuala Indragiri,Indragiri Hilir,0.48,P4,Perlindungan pantai dahulu,60.9,58,84,73,tinggi,Risiko ketidakstabilan pesisir relatif tinggi.,mangrove-priority-2016-2025-v0.1
1778,76,MPR-C31778CDD2,Sungaibela,Kuala Indragiri,Indragiri Hilir,0.47,P4,Perlindungan pantai dahulu,60.9,58,84,73,tinggi,Risiko ketidakstabilan pesisir relatif tinggi.,mangrove-priority-2016-2025-v0.1
1779,77,MPR-39497F5FA7,Sungaibela,Kuala Indragiri,Indragiri Hilir,0.46,P4,Perlindungan pantai dahulu,60.9,58,84,73,tinggi,Risiko ketidakstabilan pesisir relatif tinggi.,mangrove-priority-2016-2025-v0.1
1780,78,MPR-99633B029A,Sungaibela,Kuala Indragiri,Indragiri Hilir,0.45,P4,Perlindungan pantai dahulu,60.9,58,84,73,tinggi,Risiko ketidakstabilan pesisir relatif tinggi.,mangrove-priority-2016-2025-v0.1
1781,79,MPR-4BF30B7CEA,Sungaibela,Kuala Indragiri,Indragiri Hilir,0.43,P4,Perlindungan pantai dahulu,60.9,58,84,73,tinggi,Risiko ketidakstabilan pesisir relatif tinggi.,mangrove-priority-2016-2025-v0.1
1782,80,MPR-E78EBB6EAD,Sungaibela,Kuala Indragiri,Indragiri Hilir,1.28,P4,Perlindungan pantai dahulu,60.8,59,83,74,tinggi,Risiko ketidakstabilan pesisir relatif tinggi.,mangrove-priority-2016-2025-v0.1
1783,81,MPR-BE45BC92AB,Sungaibela,Kuala Indragiri,Indragiri Hilir,0.35,P4,Perlindungan pantai dahulu,60.8,57,85,73,tinggi,Risiko ketidakstabilan pesisir relatif tinggi.,mangrove-priority-2016-2025-v0.1
1784,82,MPR-DFEE5F0C60,Sungaibela,Kuala Indragiri,Indragiri Hilir,0.35,P4,Perlindungan pantai dahulu,60.8,57,85,73,tinggi,Risiko ketidakstabilan pesisir relatif tinggi.,mangrove-priority-2016-2025-v0.1
1785,83,MPR-2D1B8C61A9,Sungaibela,Kuala Indragiri,Indragiri Hilir,0.34,P4,Perlindungan pantai dahulu,60.8,57,85,73,tinggi,Risiko ketidakstabilan pesisir relatif tinggi.,mangrove-priority-2016-2025-v0.1
1786,84,MPR-5948585F42,Sungaibela,Kuala Indragiri,Indragiri Hilir,0.34,P4,Perlindungan pantai dahulu,60.8,57,85,73,tinggi,Risiko ketidakstabilan pesisir relatif tinggi.,mangrove-priority-2016-2025-v0.1
1787,85,MPR-D56BCDC1EA,Sungaibela,Kuala Indragiri,Indragiri Hilir,0.34,P4,Perlindungan pantai dahulu,60.8,57,85,73,tinggi,Risiko ketidakstabilan pesisir relatif tinggi.,mangrove-priority-2016-2025-v0.1
1788,86,MPR-675B2D6279,Sungaibela,Kuala Indragiri,Indragiri Hilir,0.33,P4,Perlindungan pantai dahulu,60.8,57,85,73,tinggi,Risiko ketidakstabilan pesisir relatif tinggi.,mangrove-priority-2016-2025-v0.1
1789,87,MPR-FF8F413627,Sungaibela,Kuala Indragiri,Indragiri Hilir,0.33,P4,Perlindungan pantai dahulu,60.8,57,85,73,tinggi,Risiko ketidakstabilan pesisir relatif tinggi.,mangrove-priority-2016-2025-v0.1
1790,88,MPR-4412A82800,Sungaibela,Kuala Indragiri,Indragiri Hilir,0.32,P4,Perlindungan pantai dahulu,60.8,57,85,73,tinggi,Risiko ketidakstabilan pesisir relatif tinggi.,mangrove-priority-2016-2025-v0.1
1791,89,MPR-D0A3C7B49F,Sungaibela,Kuala Indragiri,Indragiri Hilir,0.32,P4,Perlindungan pantai dahulu,60.8,57,85,73,tinggi,Risiko ketidakstabilan pesisir relatif tinggi.,mangrove-priority-2016-2025-v0.1
1792,90,MPR-DBAF35809C,Sungaibela,Kuala Indragiri,Indragiri Hilir,0.32,P4,Perlindungan pantai dahulu,60.8,57,85,73,tinggi,Risiko ketidakstabilan pesisir relatif tinggi.,mangrove-priority-2016-2025-v0.1
1793,91,MPR-9CE9BDBEDE,Sungaibela,Kuala Indragiri,Indragiri Hilir,0.31,P4,Perlindungan pantai dahulu,60.8,57,85,73,tinggi,Risiko ketidakstabilan pesisir relatif tinggi.,mangrove-priority-2016-2025-v0.1
1794,92,MPR-E0B62DDDA8,Sungaibela,Kuala Indragiri,Indragiri Hilir,0.31,P4,Perlindungan pantai dahulu,60.8,57,85,73,tinggi,Risiko ketidakstabilan pesisir relatif tinggi.,mangrove-priority-2016-2025-v0.1
1795,93,MPR-E98E63EC5C,Sungaibela,Kuala Indragiri,Indragiri Hilir,0.31,P4,Perlindungan pantai dahulu,60.8,57,85,73,tinggi,Risiko ketidakstabilan pesisir relatif tinggi.,mangrove-priority-2016-2025-v0.1
1796,94,MPR-EA8C82F774,Sungaibela,Kuala Indragiri,Indragiri Hilir,0.31,P4,Perlindungan pantai dahulu,60.8,57,85,73,tinggi,Risiko ketidakstabilan pesisir relatif tinggi.,mangrove-priority-2016-2025-v0.1
1797,95,MPR-2306E464DB,Sungaibela,Kuala Indragiri,Indragiri Hilir,0.3,P4,Perlindungan pantai dahulu,60.8,57,85,73,tinggi,Risiko ketidakstabilan pesisir relatif tinggi.,mangrove-priority-2016-2025-v0.1
1798,96,MPR-6ADC9CE471,Sungaibela,Kuala Indragiri,Indragiri Hilir,0.3,P4,Perlindungan pantai dahulu,60.8,57,85,73,tinggi,Risiko ketidakstabilan pesisir relatif tinggi.,mangrove-priority-2016-2025-v0.1
1799,97,MPR-D0BC22043A,Sungaibela,Kuala Indragiri,Indragiri Hilir,0.29,P4,Perlindungan pantai dahulu,60.8,57,85,73,tinggi,Risiko ketidakstabilan pesisir relatif tinggi.,mangrove-priority-2016-2025-v0.1
1800,98,MPR-0A641E546A,Sungaibela,Kuala Indragiri,Indragiri Hilir,0.28,P4,Perlindungan pantai dahulu,60.8,57,85,73,tinggi,Risiko ketidakstabilan pesisir relatif tinggi.,mangrove-priority-2016-2025-v0.1
1801,99,MPR-1B7DC5C097,Sungaibela,Kuala Indragiri,Indragiri Hilir,0.28,P4,Perlindungan pantai dahulu,60.8,57,85,73,tinggi,Risiko ketidakstabilan pesisir relatif tinggi.,mangrove-priority-2016-2025-v0.1
1802,100,MPR-5B9FE075AC,Sungaibela,Kuala Indragiri,Indragiri Hilir,0.28,P4,Perlindungan pantai dahulu,60.8,57,85,73,tinggi,Risiko ketidakstabilan pesisir relatif tinggi.,mangrove-priority-2016-2025-v0.1
1803,101,MPR-C020CFA433,Sungaibela,Kuala Indragiri,Indragiri Hilir,0.28,P4,Perlindungan pantai dahulu,60.8,57,85,73,tinggi,Risiko ketidakstabilan pesisir relatif tinggi.,mangrove-priority-2016-2025-v0.1
1804,102,MPR-E83DB12777,Sungaibela,Kuala Indragiri,Indragiri Hilir,0.28,P4,Perlindungan pantai dahulu,60.8,57,85,73,tinggi,Risiko ketidakstabilan pesisir relatif tinggi.,mangrove-priority-2016-2025-v0.1
1805,103,MPR-EB9BA8900F,Sungaibela,Kuala Indragiri,Indragiri Hilir,0.28,P4,Perlindungan pantai dahulu,60.8,57,85,73,tinggi,Risiko ketidakstabilan pesisir relatif tinggi.,mangrove-priority-2016-2025-v0.1
1806,104,MPR-34D6A1D3D3,Sungaibela,Kuala Indragiri,Indragiri Hilir,0.27,P4,Perlindungan pantai dahulu,60.8,57,85,73,tinggi,Risiko ketidakstabilan pesisir relatif tinggi.,mangrove-priority-2016-2025-v0.1
1807,105,MPR-99A99FE01D,Sungaibela,Kuala Indragiri,Indragiri Hilir,0.27,P4,Perlindungan pantai dahulu,60.8,57,85,73,tinggi,Risiko ketidakstabilan pesisir relatif tinggi.,mangrove-priority-2016-2025-v0.1
1808,106,MPR-9D4C52F6C0,Sungaibela,Kuala Indragiri,Indragiri Hilir,0.27,P4,Perlindungan pantai dahulu,60.8,57,85,73,tinggi,Risiko ketidakstabilan pesisir relatif tinggi.,mangrove-priority-2016-2025-v0.1
1809,107,MPR-A20DA5FDD1,Sungaibela,Kuala Indragiri,Indragiri Hilir,0.27,P4,Perlindungan pantai dahulu,60.8,57,85,73,tinggi,Risiko ketidakstabilan pesisir relatif tinggi.,mangrove-priority-2016-2025-v0.1
1810,108,MPR-A3677FA912,Sungaibela,Kuala Indragiri,Indragiri Hilir,0.27,P4,Perlindungan pantai dahulu,60.8,57,85,73,tinggi,Risiko ketidakstabilan pesisir relatif tinggi.,mangrove-priority-2016-2025-v0.1
1811,109,MPR-B711F3F73E,Sungaibela,Kuala Indragiri,Indragiri Hilir,0.27,P4,Perlindungan pantai dahulu,60.8,57,85,73,tinggi,Risiko ketidakstabilan pesisir relatif tinggi.,mangrove-priority-2016-2025-v0.1
1812,110,MPR-EE233391E8,Sungaibela,Kuala Indragiri,Indragiri Hilir,0.27,P4,Perlindungan pantai dahulu,60.8,57,85,73,tinggi,Risiko ketidakstabilan pesisir relatif tinggi.,mangrove-priority-2016-2025-v0.1
1813,111,MPR-A43779DDDF,Sungaibela,Kuala Indragiri,Indragiri Hilir,0.26,P4,Perlindungan pantai dahulu,60.8,57,85,73,tinggi,Risiko ketidakstabilan pesisir relatif tinggi.,mangrove-priority-2016-2025-v0.1
1814,112,MPR-BD25699915,Sungaibela,Kuala Indragiri,Indragiri Hilir,0.26,P4,Perlindungan pantai dahulu,60.8,57,85,73,tinggi,Risiko ketidakstabilan pesisir relatif tinggi.,mangrove-priority-2016-2025-v0.1
1815,113,MPR-CA2800C101,Sungaibela,Kuala Indragiri,Indragiri Hilir,0.26,P4,Perlindungan pantai dahulu,60.8,57,85,73,tinggi,Risiko ketidakstabilan pesisir relatif tinggi.,mangrove-priority-2016-2025-v0.1
1816,114,MPR-CFCFABC2AC,Sungaibela,Kuala Indragiri,Indragiri Hilir,0.26,P4,Perlindungan pantai dahulu,60.8,57,85,73,tinggi,Risiko ketidakstabilan pesisir relatif tinggi.,mangrove-priority-2016-2025-v0.1
1817,115,MPR-D294939ACD,Sungaibela,Kuala Indragiri,Indragiri Hilir,0.26,P4,Perlindungan pantai dahulu,60.8,57,85,73,tinggi,Risiko ketidakstabilan pesisir relatif tinggi.,mangrove-priority-2016-2025-v0.1
1818,116,MPR-A8BE770F51,Sungaibela,Kuala Indragiri,Indragiri Hilir,0.25,P4,Perlindungan pantai dahulu,60.8,57,85,73,tinggi,Risiko ketidakstabilan pesisir relatif tinggi.,mangrove-priority-2016-2025-v0.1
1819,117,MPR-BEE5459D91,Sungaibela,Kuala Indragiri,Indragiri Hilir,0.25,P4,Perlindungan pantai dahulu,60.8,57,85,73,tinggi,Risiko ketidakstabilan pesisir relatif tinggi.,mangrove-priority-2016-2025-v0.1
1820,118,MPR-D125FB82B5,Sungaibela,Kuala Indragiri,Indragiri Hilir,0.25,P4,Perlindungan pantai dahulu,60.8,57,85,73,tinggi,Risiko ketidakstabilan pesisir relatif tinggi.,mangrove-priority-2016-2025-v0.1
1821,119,MPR-EFD8711EF1,Sungaibela,Kuala Indragiri,Indragiri Hilir,0.25,P4,Perlindungan pantai dahulu,60.8,57,85,73,tinggi,Risiko ketidakstabilan pesisir relatif tinggi.,mangrove-priority-2016-2025-v0.1
1822,120,MPR-0D3AD28455,Sungaibela,Kuala Indragiri,Indragiri Hilir,0.24,P4,Perlindungan pantai dahulu,60.8,57,85,73,tinggi,Risiko ketidakstabilan pesisir relatif tinggi.,mangrove-priority-2016-2025-v0.1
1823,121,MPR-1152C5FF60,Sungaibela,Kuala Indragiri,Indragiri Hilir,0.24,P4,Perlindungan pantai dahulu,60.8,57,85,73,tinggi,Risiko ketidakstabilan pesisir relatif tinggi.,mangrove-priority-2016-2025-v0.1
1824,122,MPR-5EEDB709E4,Sungaibela,Kuala Indragiri,Indragiri Hilir,0.24,P4,Perlindungan pantai dahulu,60.8,57,85,73,tinggi,Risiko ketidakstabilan pesisir relatif tinggi.,mangrove-priority-2016-2025-v0.1
1825,123,MPR-80265F3D3C,Sungaibela,Kuala Indragiri,Indragiri Hilir,0.24,P4,Perlindungan pantai dahulu,60.8,57,85,73,tinggi,Risiko ketidakstabilan pesisir relatif tinggi.,mangrove-priority-2016-2025-v0.1
1826,124,MPR-8DCCECD9C7,Sungaibela,Kuala Indragiri,Indragiri Hilir,0.24,P4,Perlindungan pantai dahulu,60.8,57,85,73,tinggi,Risiko ketidakstabilan pesisir relatif tinggi.,mangrove-priority-2016-2025-v0.1
1827,125,MPR-A9ABA4FF73,Sungaibela,Kuala Indragiri,Indragiri Hilir,0.24,P4,Perlindungan pantai dahulu,60.8,57,85,73,tinggi,Risiko ketidakstabilan pesisir relatif tinggi.,mangrove-priority-2016-2025-v0.1
1828,126,MPR-D0649DE286,Sungaibela,Kuala Indragiri,Indragiri Hilir,0.24,P4,Perlindungan pantai dahulu,60.8,57,85,73,tinggi,Risiko ketidakstabilan pesisir relatif tinggi.,mangrove-priority-2016-2025-v0.1
1829,127,MPR-2D3714FAE5,Sungaibela,Kuala Indragiri,Indragiri Hilir,0.23,P4,Perlindungan pantai dahulu,60.8,57,85,73,tinggi,Risiko ketidakstabilan pesisir relatif tinggi.,mangrove-priority-2016-2025-v0.1
1830,128,MPR-629ECC2A0B,Sungaibela,Kuala Indragiri,Indragiri Hilir,0.23,P4,Perlindungan pantai dahulu,60.8,57,85,73,tinggi,Risiko ketidakstabilan pesisir relatif tinggi.,mangrove-priority-2016-2025-v0.1
1831,129,MPR-9B39BE46CC,Sungaibela,Kuala Indragiri,Indragiri Hilir,0.23,P4,Perlindungan pantai dahulu,60.8,57,85,73,tinggi,Risiko ketidakstabilan pesisir relatif tinggi.,mangrove-priority-2016-2025-v0.1
1832,130,MPR-DBF4DE8588,Sungaibela,Kuala Indragiri,Indragiri Hilir,0.23,P4,Perlindungan pantai dahulu,60.8,57,85,73,tinggi,Risiko ketidakstabilan pesisir relatif tinggi.,mangrove-priority-2016-2025-v0.1
1833,131,MPR-00BA206BE8,Sungaibela,Kuala Indragiri,Indragiri Hilir,0.22,P4,Perlindungan pantai dahulu,60.8,57,85,73,tinggi,Risiko ketidakstabilan pesisir relatif tinggi.,mangrove-priority-2016-2025-v0.1
1834,132,MPR-14F8DAA7EE,Sungaibela,Kuala Indragiri,Indragiri Hilir,0.22,P4,Perlindungan pantai dahulu,60.8,57,85,73,tinggi,Risiko ketidakstabilan pesisir relatif tinggi.,mangrove-priority-2016-2025-v0.1
1835,133,MPR-28E98CEB63,Sungaibela,Kuala Indragiri,Indragiri Hilir,0.22,P4,Perlindungan pantai dahulu,60.8,57,85,73,tinggi,Risiko ketidakstabilan pesisir relatif tinggi.,mangrove-priority-2016-2025-v0.1
1836,134,MPR-4C3D3BD352,Sungaibela,Kuala Indragiri,Indragiri Hilir,0.22,P4,Perlindungan pantai dahulu,60.8,57,85,73,tinggi,Risiko ketidakstabilan pesisir relatif tinggi.,mangrove-priority-2016-2025-v0.1
1837,135,MPR-A1138B55DF,Sungaibela,Kuala Indragiri,Indragiri Hilir,0.22,P4,Perlindungan pantai dahulu,60.8,57,85,73,tinggi,Risiko ketidakstabilan pesisir relatif tinggi.,mangrove-priority-2016-2025-v0.1
1838,136,MPR-B68354EF03,Sungaibela,Kuala Indragiri,Indragiri Hilir,0.22,P4,Perlindungan pantai dahulu,60.8,57,85,73,tinggi,Risiko ketidakstabilan pesisir relatif tinggi.,mangrove-priority-2016-2025-v0.1
1839,137,MPR-C2D312CD14,Sungaibela,Kuala Indragiri,Indragiri Hilir,0.22,P4,Perlindungan pantai dahulu,60.8,57,85,73,tinggi,Risiko ketidakstabilan pesisir relatif tinggi.,mangrove-priority-2016-2025-v0.1
1840,138,MPR-D3D9FC7C04,Sungaibela,Kuala Indragiri,Indragiri Hilir,0.22,P4,Perlindungan pantai dahulu,60.8,57,85,73,tinggi,Risiko ketidakstabilan pesisir relatif tinggi.,mangrove-priority-2016-2025-v0.1
1841,139,MPR-F01AD9A66C,Sungaibela,Kuala Indragiri,Indragiri Hilir,0.22,P4,Perlindungan pantai dahulu,60.8,57,85,73,tinggi,Risiko ketidakstabilan pesisir relatif tinggi.,mangrove-priority-2016-2025-v0.1
1842,140,MPR-13127A5BE0,Sungaibela,Kuala Indragiri,Indragiri Hilir,0.21,P4,Perlindungan pantai dahulu,60.8,57,85,73,tinggi,Risiko ketidakstabilan pesisir relatif tinggi.,mangrove-priority-2016-2025-v0.1
1843,141,MPR-2E8ACB85B4,Sungaibela,Kuala Indragiri,Indragiri Hilir,0.21,P4,Perlindungan pantai dahulu,60.8,57,85,73,tinggi,Risiko ketidakstabilan pesisir relatif tinggi.,mangrove-priority-2016-2025-v0.1
1844,142,MPR-D2DC0D7ECF,Sungaibela,Kuala Indragiri,Indragiri Hilir,0.21,P4,Perlindungan pantai dahulu,60.8,57,85,73,tinggi,Risiko ketidakstabilan pesisir relatif tinggi.,mangrove-priority-2016-2025-v0.1
1845,143,MPR-D96756A8EE,Sungaibela,Kuala Indragiri,Indragiri Hilir,0.21,P4,Perlindungan pantai dahulu,60.8,57,85,73,tinggi,Risiko ketidakstabilan pesisir relatif tinggi.,mangrove-priority-2016-2025-v0.1
1846,144,MPR-461F5C76F0,Sungaibela,Kuala Indragiri,Indragiri Hilir,0.2,P4,Perlindungan pantai dahulu,60.8,57,85,73,tinggi,Risiko ketidakstabilan pesisir relatif tinggi.,mangrove-priority-2016-2025-v0.1
1847,145,MPR-56CD6C69DE,Sungaibela,Kuala Indragiri,Indragiri Hilir,0.2,P4,Perlindungan pantai dahulu,60.8,57,85,73,tinggi,Risiko ketidakstabilan pesisir relatif tinggi.,mangrove-priority-2016-2025-v0.1
1848,146,MPR-8396D251FE,Sungaibela,Kuala Indragiri,Indragiri Hilir,0.2,P4,Perlindungan pantai dahulu,60.8,57,85,73,tinggi,Risiko ketidakstabilan pesisir relatif tinggi.,mangrove-priority-2016-2025-v0.1
1849,147,MPR-D76BCD72F7,Sungaibela,Kuala Indragiri,Indragiri Hilir,0.2,P4,Perlindungan pantai dahulu,60.8,57,85,73,tinggi,Risiko ketidakstabilan pesisir relatif tinggi.,mangrove-priority-2016-2025-v0.1
1850,148,MPR-DD6D9FB671,Sungaibela,Kuala Indragiri,Indragiri Hilir,0.2,P4,Perlindungan pantai dahulu,60.8,57,85,73,tinggi,Risiko ketidakstabilan pesisir relatif tinggi.,mangrove-priority-2016-2025-v0.1
1851,149,MPR-15C63AAA72,Sungaibela,Kuala Indragiri,Indragiri Hilir,0.19,P4,Perlindungan pantai dahulu,60.8,57,85,73,tinggi,Risiko ketidakstabilan pesisir relatif tinggi.,mangrove-priority-2016-2025-v0.1
1852,150,MPR-2B1916170D,Sungaibela,Kuala Indragiri,Indragiri Hilir,0.19,P4,Perlindungan pantai dahulu,60.8,57,85,73,tinggi,Risiko ketidakstabilan pesisir relatif tinggi.,mangrove-priority-2016-2025-v0.1
1853,151,MPR-318795D461,Sungaibela,Kuala Indragiri,Indragiri Hilir,0.19,P4,Perlindungan pantai dahulu,60.8,57,85,73,tinggi,Risiko ketidakstabilan pesisir relatif tinggi.,mangrove-priority-2016-2025-v0.1
1854,152,MPR-3BFCBA057B,Sungaibela,Kuala Indragiri,Indragiri Hilir,0.19,P4,Perlindungan pantai dahulu,60.8,57,85,73,tinggi,Risiko ketidakstabilan pesisir relatif tinggi.,mangrove-priority-2016-2025-v0.1
1855,153,MPR-6E82F1938F,Sungaibela,Kuala Indragiri,Indragiri Hilir,0.19,P4,Perlindungan pantai dahulu,60.8,57,85,73,tinggi,Risiko ketidakstabilan pesisir relatif tinggi.,mangrove-priority-2016-2025-v0.1
1856,154,MPR-9928272FF5,Sungaibela,Kuala Indragiri,Indragiri Hilir,0.19,P4,Perlindungan pantai dahulu,60.8,57,85,73,tinggi,Risiko ketidakstabilan pesisir relatif tinggi.,mangrove-priority-2016-2025-v0.1
1857,155,MPR-9C30A8BBC8,Sungaibela,Kuala Indragiri,Indragiri Hilir,0.19,P4,Perlindungan pantai dahulu,60.8,57,85,73,tinggi,Risiko ketidakstabilan pesisir relatif tinggi.,mangrove-priority-2016-2025-v0.1
1858,156,MPR-E7F712089C,Sungaibela,Kuala Indragiri,Indragiri Hilir,0.19,P4,Perlindungan pantai dahulu,60.8,57,85,73,tinggi,Risiko ketidakstabilan pesisir relatif tinggi.,mangrove-priority-2016-2025-v0.1
1859,157,MPR-E9E9025C82,Sungaibela,Kuala Indragiri,Indragiri Hilir,0.19,P4,Perlindungan pantai dahulu,60.8,57,85,73,tinggi,Risiko ketidakstabilan pesisir relatif tinggi.,mangrove-priority-2016-2025-v0.1
1860,158,MPR-455A35076A,Sungaibela,Kuala Indragiri,Indragiri Hilir,0.18,P4,Perlindungan pantai dahulu,60.8,57,85,73,tinggi,Risiko ketidakstabilan pesisir relatif tinggi.,mangrove-priority-2016-2025-v0.1
1861,159,MPR-5E8ABCAC26,Sungaibela,Kuala Indragiri,Indragiri Hilir,0.18,P4,Perlindungan pantai dahulu,60.8,57,85,73,tinggi,Risiko ketidakstabilan pesisir relatif tinggi.,mangrove-priority-2016-2025-v0.1
1862,160,MPR-AA34DA5D6F,Sungaibela,Kuala Indragiri,Indragiri Hilir,0.18,P4,Perlindungan pantai dahulu,60.8,57,85,73,tinggi,Risiko ketidakstabilan pesisir relatif tinggi.,mangrove-priority-2016-2025-v0.1
1863,161,MPR-ACA92B6213,Sungaibela,Kuala Indragiri,Indragiri Hilir,0.18,P4,Perlindungan pantai dahulu,60.8,57,85,73,tinggi,Risiko ketidakstabilan pesisir relatif tinggi.,mangrove-priority-2016-2025-v0.1
1864,162,MPR-137C0C4EA0,Sungaibela,Kuala Indragiri,Indragiri Hilir,0.17,P4,Perlindungan pantai dahulu,60.8,57,85,73,tinggi,Risiko ketidakstabilan pesisir relatif tinggi.,mangrove-priority-2016-2025-v0.1
1865,163,MPR-4BF4A3BF48,Sungaibela,Kuala Indragiri,Indragiri Hilir,0.17,P4,Perlindungan pantai dahulu,60.8,57,85,73,tinggi,Risiko ketidakstabilan pesisir relatif tinggi.,mangrove-priority-2016-2025-v0.1
1866,164,MPR-8A0DC0CD01,Sungaibela,Kuala Indragiri,Indragiri Hilir,0.17,P4,Perlindungan pantai dahulu,60.8,57,85,73,tinggi,Risiko ketidakstabilan pesisir relatif tinggi.,mangrove-priority-2016-2025-v0.1
1867,165,MPR-C682B41889,Sungaibela,Kuala Indragiri,Indragiri Hilir,0.17,P4,Perlindungan pantai dahulu,60.8,57,85,73,tinggi,Risiko ketidakstabilan pesisir relatif tinggi.,mangrove-priority-2016-2025-v0.1
1868,166,MPR-D526A77426,Sungaibela,Kuala Indragiri,Indragiri Hilir,0.17,P4,Perlindungan pantai dahulu,60.8,57,85,73,tinggi,Risiko ketidakstabilan pesisir relatif tinggi.,mangrove-priority-2016-2025-v0.1
1869,167,MPR-ED62337AAC,Sungaibela,Kuala Indragiri,Indragiri Hilir,0.17,P4,Perlindungan pantai dahulu,60.8,57,85,73,tinggi,Risiko ketidakstabilan pesisir relatif tinggi.,mangrove-priority-2016-2025-v0.1
1870,168,MPR-F088D8F651,Sungaibela,Kuala Indragiri,Indragiri Hilir,0.17,P4,Perlindungan pantai dahulu,60.8,57,85,73,tinggi,Risiko ketidakstabilan pesisir relatif tinggi.,mangrove-priority-2016-2025-v0.1
1871,169,MPR-08E8D4CD16,Sungaibela,Kuala Indragiri,Indragiri Hilir,0.16,P4,Perlindungan pantai dahulu,60.8,57,85,73,tinggi,Risiko ketidakstabilan pesisir relatif tinggi.,mangrove-priority-2016-2025-v0.1
1872,170,MPR-08EA8BD1F6,Sungaibela,Kuala Indragiri,Indragiri Hilir,0.16,P4,Perlindungan pantai dahulu,60.8,57,85,73,tinggi,Risiko ketidakstabilan pesisir relatif tinggi.,mangrove-priority-2016-2025-v0.1
1873,171,MPR-1E1E88658A,Sungaibela,Kuala Indragiri,Indragiri Hilir,0.16,P4,Perlindungan pantai dahulu,60.8,57,85,73,tinggi,Risiko ketidakstabilan pesisir relatif tinggi.,mangrove-priority-2016-2025-v0.1
1874,172,MPR-7BA3CDDA6F,Sungaibela,Kuala Indragiri,Indragiri Hilir,0.16,P4,Perlindungan pantai dahulu,60.8,57,85,73,tinggi,Risiko ketidakstabilan pesisir relatif tinggi.,mangrove-priority-2016-2025-v0.1
1875,173,MPR-80E434DA45,Sungaibela,Kuala Indragiri,Indragiri Hilir,0.16,P4,Perlindungan pantai dahulu,60.8,57,85,73,tinggi,Risiko ketidakstabilan pesisir relatif tinggi.,mangrove-priority-2016-2025-v0.1
1876,174,MPR-87C85E58A2,Sungaibela,Kuala Indragiri,Indragiri Hilir,0.16,P4,Perlindungan pantai dahulu,60.8,57,85,73,tinggi,Risiko ketidakstabilan pesisir relatif tinggi.,mangrove-priority-2016-2025-v0.1
1877,175,MPR-89030E3D61,Sungaibela,Kuala Indragiri,Indragiri Hilir,0.16,P4,Perlindungan pantai dahulu,60.8,57,85,73,tinggi,Risiko ketidakstabilan pesisir relatif tinggi.,mangrove-priority-2016-2025-v0.1
1878,176,MPR-ADAF960582,Sungaibela,Kuala Indragiri,Indragiri Hilir,0.16,P4,Perlindungan pantai dahulu,60.8,57,85,73,tinggi,Risiko ketidakstabilan pesisir relatif tinggi.,mangrove-priority-2016-2025-v0.1
1879,177,MPR-E32E54D0E4,Sungaibela,Kuala Indragiri,Indragiri Hilir,0.16,P4,Perlindungan pantai dahulu,60.8,57,85,73,tinggi,Risiko ketidakstabilan pesisir relatif tinggi.,mangrove-priority-2016-2025-v0.1
1880,178,MPR-27779C7FA9,Sungaibela,Kuala Indragiri,Indragiri Hilir,0.15,P4,Perlindungan pantai dahulu,60.8,57,85,73,tinggi,Risiko ketidakstabilan pesisir relatif tinggi.,mangrove-priority-2016-2025-v0.1
1881,179,MPR-4865916B6E,Sungaibela,Kuala Indragiri,Indragiri Hilir,0.15,P4,Perlindungan pantai dahulu,60.8,57,85,73,tinggi,Risiko ketidakstabilan pesisir relatif tinggi.,mangrove-priority-2016-2025-v0.1
1882,180,MPR-5111A86C7A,Sungaibela,Kuala Indragiri,Indragiri Hilir,0.15,P4,Perlindungan pantai dahulu,60.8,57,85,73,tinggi,Risiko ketidakstabilan pesisir relatif tinggi.,mangrove-priority-2016-2025-v0.1
1883,181,MPR-60C1349A96,Sungaibela,Kuala Indragiri,Indragiri Hilir,0.15,P4,Perlindungan pantai dahulu,60.8,57,85,73,tinggi,Risiko ketidakstabilan pesisir relatif tinggi.,mangrove-priority-2016-2025-v0.1
1884,182,MPR-DBF6F791DF,Sungaibela,Kuala Indragiri,Indragiri Hilir,0.15,P4,Perlindungan pantai dahulu,60.8,57,85,73,tinggi,Risiko ketidakstabilan pesisir relatif tinggi.,mangrove-priority-2016-2025-v0.1
1885,183,MPR-EECAD3F511,Sungaibela,Kuala Indragiri,Indragiri Hilir,0.15,P4,Perlindungan pantai dahulu,60.8,57,85,73,tinggi,Risiko ketidakstabilan pesisir relatif tinggi.,mangrove-priority-2016-2025-v0.1
1886,184,MPR-005EEC8C5C,Sungaibela,Kuala Indragiri,Indragiri Hilir,0.14,P4,Perlindungan pantai dahulu,60.8,57,85,73,tinggi,Risiko ketidakstabilan pesisir relatif tinggi.,mangrove-priority-2016-2025-v0.1
1887,185,MPR-105E44CF2D,Sungaibela,Kuala Indragiri,Indragiri Hilir,0.14,P4,Perlindungan pantai dahulu,60.8,57,85,73,tinggi,Risiko ketidakstabilan pesisir relatif tinggi.,mangrove-priority-2016-2025-v0.1
1888,186,MPR-3D1C64043F,Sungaibela,Kuala Indragiri,Indragiri Hilir,0.14,P4,Perlindungan pantai dahulu,60.8,57,85,73,tinggi,Risiko ketidakstabilan pesisir relatif tinggi.,mangrove-priority-2016-2025-v0.1
1889,187,MPR-40A6317E69,Sungaibela,Kuala Indragiri,Indragiri Hilir,0.14,P4,Perlindungan pantai dahulu,60.8,57,85,73,tinggi,Risiko ketidakstabilan pesisir relatif tinggi.,mangrove-priority-2016-2025-v0.1
1890,188,MPR-4EF0E90641,Sungaibela,Kuala Indragiri,Indragiri Hilir,0.14,P4,Perlindungan pantai dahulu,60.8,57,85,73,tinggi,Risiko ketidakstabilan pesisir relatif tinggi.,mangrove-priority-2016-2025-v0.1
1891,189,MPR-6624E217DB,Sungaibela,Kuala Indragiri,Indragiri Hilir,0.14,P4,Perlindungan pantai dahulu,60.8,57,85,73,tinggi,Risiko ketidakstabilan pesisir relatif tinggi.,mangrove-priority-2016-2025-v0.1
1892,190,MPR-9D9A66E579,Sungaibela,Kuala Indragiri,Indragiri Hilir,0.14,P4,Perlindungan pantai dahulu,60.8,57,85,73,tinggi,Risiko ketidakstabilan pesisir relatif tinggi.,mangrove-priority-2016-2025-v0.1
1893,191,MPR-AB28F96325,Sungaibela,Kuala Indragiri,Indragiri Hilir,0.14,P4,Perlindungan pantai dahulu,60.8,57,85,73,tinggi,Risiko ketidakstabilan pesisir relatif tinggi.,mangrove-priority-2016-2025-v0.1
1894,192,MPR-AF25A42FA9,Sungaibela,Kuala Indragiri,Indragiri Hilir,0.14,P4,Perlindungan pantai dahulu,60.8,57,85,73,tinggi,Risiko ketidakstabilan pesisir relatif tinggi.,mangrove-priority-2016-2025-v0.1
1895,193,MPR-BD75247F7A,Sungaibela,Kuala Indragiri,Indragiri Hilir,0.14,P4,Perlindungan pantai dahulu,60.8,57,85,73,tinggi,Risiko ketidakstabilan pesisir relatif tinggi.,mangrove-priority-2016-2025-v0.1
1896,194,MPR-C31FDD2594,Sungaibela,Kuala Indragiri,Indragiri Hilir,0.14,P4,Perlindungan pantai dahulu,60.8,57,85,73,tinggi,Risiko ketidakstabilan pesisir relatif tinggi.,mangrove-priority-2016-2025-v0.1
1897,195,MPR-F23640D1CC,Sungaibela,Kuala Indragiri,Indragiri Hilir,0.14,P4,Perlindungan pantai dahulu,60.8,57,85,73,tinggi,Risiko ketidakstabilan pesisir relatif tinggi.,mangrove-priority-2016-2025-v0.1
1898,196,MPR-FAAC5FECB9,Sungaibela,Kuala Indragiri,Indragiri Hilir,0.14,P4,Perlindungan pantai dahulu,60.8,57,85,73,tinggi,Risiko ketidakstabilan pesisir relatif tinggi.,mangrove-priority-2016-2025-v0.1
1899,197,MPR-05C3E2C28C,Sungaibela,Kuala Indragiri,Indragiri Hilir,0.13,P4,Perlindungan pantai dahulu,60.8,57,85,73,tinggi,Risiko ketidakstabilan pesisir relatif tinggi.,mangrove-priority-2016-2025-v0.1
1900,198,MPR-32D976B02E,Sungaibela,Kuala Indragiri,Indragiri Hilir,0.13,P4,Perlindungan pantai dahulu,60.8,57,85,73,tinggi,Risiko ketidakstabilan pesisir relatif tinggi.,mangrove-priority-2016-2025-v0.1
1901,199,MPR-36CFB14EE3,Sungaibela,Kuala Indragiri,Indragiri Hilir,0.13,P4,Perlindungan pantai dahulu,60.8,57,85,73,tinggi,Risiko ketidakstabilan pesisir relatif tinggi.,mangrove-priority-2016-2025-v0.1
1902,200,MPR-654C263638,Sungaibela,Kuala Indragiri,Indragiri Hilir,0.13,P4,Perlindungan pantai dahulu,60.8,57,85,73,tinggi,Risiko ketidakstabilan pesisir relatif tinggi.,mangrove-priority-2016-2025-v0.1
1903,201,MPR-758A77A7E3,Sungaibela,Kuala Indragiri,Indragiri Hilir,0.13,P4,Perlindungan pantai dahulu,60.8,57,85,73,tinggi,Risiko ketidakstabilan pesisir relatif tinggi.,mangrove-priority-2016-2025-v0.1
1904,202,MPR-7D8CEC846A,Sungaibela,Kuala Indragiri,Indragiri Hilir,0.13,P4,Perlindungan pantai dahulu,60.8,57,85,73,tinggi,Risiko ketidakstabilan pesisir relatif tinggi.,mangrove-priority-2016-2025-v0.1
1905,203,MPR-92033182A1,Sungaibela,Kuala Indragiri,Indragiri Hilir,0.13,P4,Perlindungan pantai dahulu,60.8,57,85,73,tinggi,Risiko ketidakstabilan pesisir relatif tinggi.,mangrove-priority-2016-2025-v0.1
1906,204,MPR-9FB2699F56,Sungaibela,Kuala Indragiri,Indragiri Hilir,0.13,P4,Perlindungan pantai dahulu,60.8,57,85,73,tinggi,Risiko ketidakstabilan pesisir relatif tinggi.,mangrove-priority-2016-2025-v0.1
1907,205,MPR-AF9B767F8B,Sungaibela,Kuala Indragiri,Indragiri Hilir,0.13,P4,Perlindungan pantai dahulu,60.8,57,85,73,tinggi,Risiko ketidakstabilan pesisir relatif tinggi.,mangrove-priority-2016-2025-v0.1
1908,206,MPR-C630CFFCEB,Sungaibela,Kuala Indragiri,Indragiri Hilir,0.13,P4,Perlindungan pantai dahulu,60.8,57,85,73,tinggi,Risiko ketidakstabilan pesisir relatif tinggi.,mangrove-priority-2016-2025-v0.1
1909,207,MPR-D50A1B9594,Sungaibela,Kuala Indragiri,Indragiri Hilir,0.13,P4,Perlindungan pantai dahulu,60.8,57,85,73,tinggi,Risiko ketidakstabilan pesisir relatif tinggi.,mangrove-priority-2016-2025-v0.1
1910,208,MPR-DBA525B005,Sungaibela,Kuala Indragiri,Indragiri Hilir,0.13,P4,Perlindungan pantai dahulu,60.8,57,85,73,tinggi,Risiko ketidakstabilan pesisir relatif tinggi.,mangrove-priority-2016-2025-v0.1
1911,209,MPR-E1113C38B0,Sungaibela,Kuala Indragiri,Indragiri Hilir,0.13,P4,Perlindungan pantai dahulu,60.8,57,85,73,tinggi,Risiko ketidakstabilan pesisir relatif tinggi.,mangrove-priority-2016-2025-v0.1
1912,210,MPR-F346B2499E,Sungaibela,Kuala Indragiri,Indragiri Hilir,0.13,P4,Perlindungan pantai dahulu,60.8,57,85,73,tinggi,Risiko ketidakstabilan pesisir relatif tinggi.,mangrove-priority-2016-2025-v0.1
1913,211,MPR-08EE1E4FC3,Sungaibela,Kuala Indragiri,Indragiri Hilir,0.12,P4,Perlindungan pantai dahulu,60.8,57,85,73,tinggi,Risiko ketidakstabilan pesisir relatif tinggi.,mangrove-priority-2016-2025-v0.1
1914,212,MPR-0B5A364BAB,Sungaibela,Kuala Indragiri,Indragiri Hilir,0.12,P4,Perlindungan pantai dahulu,60.8,57,85,73,tinggi,Risiko ketidakstabilan pesisir relatif tinggi.,mangrove-priority-2016-2025-v0.1
1915,213,MPR-1EB65749F3,Sungaibela,Kuala Indragiri,Indragiri Hilir,0.12,P4,Perlindungan pantai dahulu,60.8,57,85,73,tinggi,Risiko ketidakstabilan pesisir relatif tinggi.,mangrove-priority-2016-2025-v0.1
1916,214,MPR-231A14AC45,Sungaibela,Kuala Indragiri,Indragiri Hilir,0.12,P4,Perlindungan pantai dahulu,60.8,57,85,73,tinggi,Risiko ketidakstabilan pesisir relatif tinggi.,mangrove-priority-2016-2025-v0.1
1917,215,MPR-57B14C931E,Sungaibela,Kuala Indragiri,Indragiri Hilir,0.12,P4,Perlindungan pantai dahulu,60.8,57,85,73,tinggi,Risiko ketidakstabilan pesisir relatif tinggi.,mangrove-priority-2016-2025-v0.1
1918,216,MPR-5D1515E6C5,Sungaibela,Kuala Indragiri,Indragiri Hilir,0.12,P4,Perlindungan pantai dahulu,60.8,57,85,73,tinggi,Risiko ketidakstabilan pesisir relatif tinggi.,mangrove-priority-2016-2025-v0.1
1919,217,MPR-5E0E05F7E2,Sungaibela,Kuala Indragiri,Indragiri Hilir,0.12,P4,Perlindungan pantai dahulu,60.8,57,85,73,tinggi,Risiko ketidakstabilan pesisir relatif tinggi.,mangrove-priority-2016-2025-v0.1
1920,218,MPR-843C0515DB,Sungaibela,Kuala Indragiri,Indragiri Hilir,0.12,P4,Perlindungan pantai dahulu,60.8,57,85,73,tinggi,Risiko ketidakstabilan pesisir relatif tinggi.,mangrove-priority-2016-2025-v0.1
1921,219,MPR-8955E445C6,Sungaibela,Kuala Indragiri,Indragiri Hilir,0.12,P4,Perlindungan pantai dahulu,60.8,57,85,73,tinggi,Risiko ketidakstabilan pesisir relatif tinggi.,mangrove-priority-2016-2025-v0.1
1922,220,MPR-9E87B78656,Sungaibela,Kuala Indragiri,Indragiri Hilir,0.12,P4,Perlindungan pantai dahulu,60.8,57,85,73,tinggi,Risiko ketidakstabilan pesisir relatif tinggi.,mangrove-priority-2016-2025-v0.1
1923,221,MPR-A2F6D3A0B4,Sungaibela,Kuala Indragiri,Indragiri Hilir,0.12,P4,Perlindungan pantai dahulu,60.8,57,85,73,tinggi,Risiko ketidakstabilan pesisir relatif tinggi.,mangrove-priority-2016-2025-v0.1
1924,222,MPR-A622EAE68F,Sungaibela,Kuala Indragiri,Indragiri Hilir,0.12,P4,Perlindungan pantai dahulu,60.8,57,85,73,tinggi,Risiko ketidakstabilan pesisir relatif tinggi.,mangrove-priority-2016-2025-v0.1
1925,223,MPR-C6047589D7,Sungaibela,Kuala Indragiri,Indragiri Hilir,0.12,P4,Perlindungan pantai dahulu,60.8,57,85,73,tinggi,Risiko ketidakstabilan pesisir relatif tinggi.,mangrove-priority-2016-2025-v0.1
1926,224,MPR-F12EA3AA0A,Sungaibela,Kuala Indragiri,Indragiri Hilir,0.12,P4,Perlindungan pantai dahulu,60.8,57,85,73,tinggi,Risiko ketidakstabilan pesisir relatif tinggi.,mangrove-priority-2016-2025-v0.1
1927,225,MPR-FFFF3751E0,Sungaibela,Kuala Indragiri,Indragiri Hilir,0.12,P4,Perlindungan pantai dahulu,60.8,57,85,73,tinggi,Risiko ketidakstabilan pesisir relatif tinggi.,mangrove-priority-2016-2025-v0.1
1928,226,MPR-0E35BA0F5A,Sungaibela,Kuala Indragiri,Indragiri Hilir,0.11,P4,Perlindungan pantai dahulu,60.8,57,85,73,tinggi,Risiko ketidakstabilan pesisir relatif tinggi.,mangrove-priority-2016-2025-v0.1
1929,227,MPR-12C8252AA8,Sungaibela,Kuala Indragiri,Indragiri Hilir,0.11,P4,Perlindungan pantai dahulu,60.8,57,85,73,tinggi,Risiko ketidakstabilan pesisir relatif tinggi.,mangrove-priority-2016-2025-v0.1
1930,228,MPR-145FCA68C8,Sungaibela,Kuala Indragiri,Indragiri Hilir,0.11,P4,Perlindungan pantai dahulu,60.8,57,85,73,tinggi,Risiko ketidakstabilan pesisir relatif tinggi.,mangrove-priority-2016-2025-v0.1
1931,229,MPR-24CEBBF9D3,Sungaibela,Kuala Indragiri,Indragiri Hilir,0.11,P4,Perlindungan pantai dahulu,60.8,57,85,73,tinggi,Risiko ketidakstabilan pesisir relatif tinggi.,mangrove-priority-2016-2025-v0.1
1932,230,MPR-516A4517D7,Sungaibela,Kuala Indragiri,Indragiri Hilir,0.11,P4,Perlindungan pantai dahulu,60.8,57,85,73,tinggi,Risiko ketidakstabilan pesisir relatif tinggi.,mangrove-priority-2016-2025-v0.1
1933,231,MPR-6377E0396E,Sungaibela,Kuala Indragiri,Indragiri Hilir,0.11,P4,Perlindungan pantai dahulu,60.8,57,85,73,tinggi,Risiko ketidakstabilan pesisir relatif tinggi.,mangrove-priority-2016-2025-v0.1
1934,232,MPR-68CAD37F17,Sungaibela,Kuala Indragiri,Indragiri Hilir,0.11,P4,Perlindungan pantai dahulu,60.8,57,85,73,tinggi,Risiko ketidakstabilan pesisir relatif tinggi.,mangrove-priority-2016-2025-v0.1
1935,233,MPR-7954B5CC01,Sungaibela,Kuala Indragiri,Indragiri Hilir,0.11,P4,Perlindungan pantai dahulu,60.8,57,85,73,tinggi,Risiko ketidakstabilan pesisir relatif tinggi.,mangrove-priority-2016-2025-v0.1
1936,234,MPR-885F1C3B2B,Sungaibela,Kuala Indragiri,Indragiri Hilir,0.11,P4,Perlindungan pantai dahulu,60.8,57,85,73,tinggi,Risiko ketidakstabilan pesisir relatif tinggi.,mangrove-priority-2016-2025-v0.1
1937,235,MPR-96D7452FB0,Sungaibela,Kuala Indragiri,Indragiri Hilir,0.11,P4,Perlindungan pantai dahulu,60.8,57,85,73,tinggi,Risiko ketidakstabilan pesisir relatif tinggi.,mangrove-priority-2016-2025-v0.1
1938,236,MPR-A430BA6677,Sungaibela,Kuala Indragiri,Indragiri Hilir,0.11,P4,Perlindungan pantai dahulu,60.8,57,85,73,tinggi,Risiko ketidakstabilan pesisir relatif tinggi.,mangrove-priority-2016-2025-v0.1
1939,237,MPR-B123A833A9,Sungaibela,Kuala Indragiri,Indragiri Hilir,0.11,P4,Perlindungan pantai dahulu,60.8,57,85,73,tinggi,Risiko ketidakstabilan pesisir relatif tinggi.,mangrove-priority-2016-2025-v0.1
1940,238,MPR-BED44EC929,Sungaibela,Kuala Indragiri,Indragiri Hilir,0.11,P4,Perlindungan pantai dahulu,60.8,57,85,73,tinggi,Risiko ketidakstabilan pesisir relatif tinggi.,mangrove-priority-2016-2025-v0.1
1941,239,MPR-C99486029B,Sungaibela,Kuala Indragiri,Indragiri Hilir,0.11,P4,Perlindungan pantai dahulu,60.8,57,85,73,tinggi,Risiko ketidakstabilan pesisir relatif tinggi.,mangrove-priority-2016-2025-v0.1
1942,240,MPR-E06B460C55,Sungaibela,Kuala Indragiri,Indragiri Hilir,0.11,P4,Perlindungan pantai dahulu,60.8,57,85,73,tinggi,Risiko ketidakstabilan pesisir relatif tinggi.,mangrove-priority-2016-2025-v0.1
1943,241,MPR-F1DD6161A4,Sungaibela,Kuala Indragiri,Indragiri Hilir,0.11,P4,Perlindungan pantai dahulu,60.8,57,85,73,tinggi,Risiko ketidakstabilan pesisir relatif tinggi.,mangrove-priority-2016-2025-v0.1
1944,242,MPR-F775183D75,Sungaibela,Kuala Indragiri,Indragiri Hilir,0.11,P4,Perlindungan pantai dahulu,60.8,57,85,73,tinggi,Risiko ketidakstabilan pesisir relatif tinggi.,mangrove-priority-2016-2025-v0.1
1945,243,MPR-04853C3696,Sungaibela,Kuala Indragiri,Indragiri Hilir,0.1,P4,Perlindungan pantai dahulu,60.8,57,85,73,tinggi,Risiko ketidakstabilan pesisir relatif tinggi.,mangrove-priority-2016-2025-v0.1
1946,244,MPR-11B286210E,Sungaibela,Kuala Indragiri,Indragiri Hilir,0.1,P4,Perlindungan pantai dahulu,60.8,57,85,73,tinggi,Risiko ketidakstabilan pesisir relatif tinggi.,mangrove-priority-2016-2025-v0.1
1947,245,MPR-47F94E7AAB,Sungaibela,Kuala Indragiri,Indragiri Hilir,0.1,P4,Perlindungan pantai dahulu,60.8,57,85,73,tinggi,Risiko ketidakstabilan pesisir relatif tinggi.,mangrove-priority-2016-2025-v0.1
1948,246,MPR-48F0E56652,Sungaibela,Kuala Indragiri,Indragiri Hilir,0.1,P4,Perlindungan pantai dahulu,60.8,57,85,73,tinggi,Risiko ketidakstabilan pesisir relatif tinggi.,mangrove-priority-2016-2025-v0.1
1949,247,MPR-5734125279,Sungaibela,Kuala Indragiri,Indragiri Hilir,0.1,P4,Perlindungan pantai dahulu,60.8,57,85,73,tinggi,Risiko ketidakstabilan pesisir relatif tinggi.,mangrove-priority-2016-2025-v0.1
1950,248,MPR-5D59612BDA,Sungaibela,Kuala Indragiri,Indragiri Hilir,0.1,P4,Perlindungan pantai dahulu,60.8,57,85,73,tinggi,Risiko ketidakstabilan pesisir relatif tinggi.,mangrove-priority-2016-2025-v0.1
1951,249,MPR-6443D8F89E,Sungaibela,Kuala Indragiri,Indragiri Hilir,0.1,P4,Perlindungan pantai dahulu,60.8,57,85,73,tinggi,Risiko ketidakstabilan pesisir relatif tinggi.,mangrove-priority-2016-2025-v0.1
1952,250,MPR-699B562779,Sungaibela,Kuala Indragiri,Indragiri Hilir,0.1,P4,Perlindungan pantai dahulu,60.8,57,85,73,tinggi,Risiko ketidakstabilan pesisir relatif tinggi.,mangrove-priority-2016-2025-v0.1
1953,251,MPR-7AA0D5214C,Sungaibela,Kuala Indragiri,Indragiri Hilir,0.1,P4,Perlindungan pantai dahulu,60.8,57,85,73,tinggi,Risiko ketidakstabilan pesisir relatif tinggi.,mangrove-priority-2016-2025-v0.1
1954,252,MPR-82AB1F7B5D,Sungaibela,Kuala Indragiri,Indragiri Hilir,0.1,P4,Perlindungan pantai dahulu,60.8,57,85,73,tinggi,Risiko ketidakstabilan pesisir relatif tinggi.,mangrove-priority-2016-2025-v0.1
1955,253,MPR-863DC076EB,Sungaibela,Kuala Indragiri,Indragiri Hilir,0.1,P4,Perlindungan pantai dahulu,60.8,57,85,73,tinggi,Risiko ketidakstabilan pesisir relatif tinggi.,mangrove-priority-2016-2025-v0.1
1956,254,MPR-991E02BEAF,Sungaibela,Kuala Indragiri,Indragiri Hilir,0.1,P4,Perlindungan pantai dahulu,60.8,57,85,73,tinggi,Risiko ketidakstabilan pesisir relatif tinggi.,mangrove-priority-2016-2025-v0.1
1957,255,MPR-A11DB20B83,Sungaibela,Kuala Indragiri,Indragiri Hilir,0.1,P4,Perlindungan pantai dahulu,60.8,57,85,73,tinggi,Risiko ketidakstabilan pesisir relatif tinggi.,mangrove-priority-2016-2025-v0.1
1958,256,MPR-B2FC0FFED2,Sungaibela,Kuala Indragiri,Indragiri Hilir,0.1,P4,Perlindungan pantai dahulu,60.8,57,85,73,tinggi,Risiko ketidakstabilan pesisir relatif tinggi.,mangrove-priority-2016-2025-v0.1
1959,257,MPR-C0DDD5C3E7,Sungaibela,Kuala Indragiri,Indragiri Hilir,0.1,P4,Perlindungan pantai dahulu,60.8,57,85,73,tinggi,Risiko ketidakstabilan pesisir relatif tinggi.,mangrove-priority-2016-2025-v0.1
1960,258,MPR-C6BB7275E2,Sungaibela,Kuala Indragiri,Indragiri Hilir,0.1,P4,Perlindungan pantai dahulu,60.8,57,85,73,tinggi,Risiko ketidakstabilan pesisir relatif tinggi.,mangrove-priority-2016-2025-v0.1
1961,259,MPR-CC7EE18FAD,Sungaibela,Kuala Indragiri,Indragiri Hilir,0.1,P4,Perlindungan pantai dahulu,60.8,57,85,73,tinggi,Risiko ketidakstabilan pesisir relatif tinggi.,mangrove-priority-2016-2025-v0.1
1962,260,MPR-E5321E2548,Sungaibela,Kuala Indragiri,Indragiri Hilir,0.1,P4,Perlindungan pantai dahulu,60.8,57,85,73,tinggi,Risiko ketidakstabilan pesisir relatif tinggi.,mangrove-priority-2016-2025-v0.1
1963,261,MPR-E5720CA111,Sungaibela,Kuala Indragiri,Indragiri Hilir,0.1,P4,Perlindungan pantai dahulu,60.8,57,85,73,tinggi,Risiko ketidakstabilan pesisir relatif tinggi.,mangrove-priority-2016-2025-v0.1
1964,262,MPR-E576DD1499,Sungaibela,Kuala Indragiri,Indragiri Hilir,0.1,P4,Perlindungan pantai dahulu,60.8,57,85,73,tinggi,Risiko ketidakstabilan pesisir relatif tinggi.,mangrove-priority-2016-2025-v0.1
1965,263,MPR-ED113D9F71,Sungaibela,Kuala Indragiri,Indragiri Hilir,0.1,P4,Perlindungan pantai dahulu,60.8,57,85,73,tinggi,Risiko ketidakstabilan pesisir relatif tinggi.,mangrove-priority-2016-2025-v0.1
1966,264,MPR-ED2DE3FBEF,Sungaibela,Kuala Indragiri,Indragiri Hilir,0.1,P4,Perlindungan pantai dahulu,60.8,57,85,73,tinggi,Risiko ketidakstabilan pesisir relatif tinggi.,mangrove-priority-2016-2025-v0.1
1967,265,MPR-F4FAE973EB,Sungaibela,Kuala Indragiri,Indragiri Hilir,0.1,P4,Perlindungan pantai dahulu,60.8,57,85,73,tinggi,Risiko ketidakstabilan pesisir relatif tinggi.,mangrove-priority-2016-2025-v0.1
1968,141,MPR-32881384D1,Kuala Selat,Kateman,Indragiri Hilir,8.63,P4,Perlindungan pantai dahulu,60.7,100,42,95,tinggi,Risiko ketidakstabilan pesisir relatif tinggi.,mangrove-priority-2016-2025-v0.1
1969,266,MPR-3C2ADEB438,Sungaibela,Kuala Indragiri,Indragiri Hilir,1.03,P4,Perlindungan pantai dahulu,60.7,58,84,74,tinggi,Risiko ketidakstabilan pesisir relatif tinggi.,mangrove-priority-2016-2025-v0.1
1970,267,MPR-1F761CF3AD,Sungaibela,Kuala Indragiri,Indragiri Hilir,1.0,P4,Perlindungan pantai dahulu,60.7,58,84,74,tinggi,Risiko ketidakstabilan pesisir relatif tinggi.,mangrove-priority-2016-2025-v0.1
1971,268,MPR-1498C6A1D1,Sungaibela,Kuala Indragiri,Indragiri Hilir,0.98,P4,Perlindungan pantai dahulu,60.7,58,84,74,tinggi,Risiko ketidakstabilan pesisir relatif tinggi.,mangrove-priority-2016-2025-v0.1
1972,269,MPR-3D9A7751A0,Sungaibela,Kuala Indragiri,Indragiri Hilir,0.92,P4,Perlindungan pantai dahulu,60.7,58,84,74,tinggi,Risiko ketidakstabilan pesisir relatif tinggi.,mangrove-priority-2016-2025-v0.1
1973,270,MPR-5958275C3C,Sungaibela,Kuala Indragiri,Indragiri Hilir,0.82,P4,Perlindungan pantai dahulu,60.7,58,84,74,tinggi,Risiko ketidakstabilan pesisir relatif tinggi.,mangrove-priority-2016-2025-v0.1
1974,54,MPR-3AA21FA40E,Sungaidanai,Pulau Burung,Indragiri Hilir,7.34,P4,Perlindungan pantai dahulu,60.6,71,75,88,sedang,Risiko ketidakstabilan pesisir relatif tinggi.,mangrove-priority-2016-2025-v0.1
1975,271,MPR-2E461D268D,Sungaibela,Kuala Indragiri,Indragiri Hilir,1.57,P4,Perlindungan pantai dahulu,60.6,59,83,75,tinggi,Risiko ketidakstabilan pesisir relatif tinggi.,mangrove-priority-2016-2025-v0.1
1976,272,MPR-65D698006B,Sungaibela,Kuala Indragiri,Indragiri Hilir,1.51,P4,Perlindungan pantai dahulu,60.6,59,83,75,tinggi,Risiko ketidakstabilan pesisir relatif tinggi.,mangrove-priority-2016-2025-v0.1
1977,55,MPR-7F3F4DBD94,Sungaidanai,Pulau Burung,Indragiri Hilir,5.41,P4,Perlindungan pantai dahulu,60.5,68,77,85,sedang,Risiko ketidakstabilan pesisir relatif tinggi.,mangrove-priority-2016-2025-v0.1
1978,273,MPR-D42BD558EB,Sungaibela,Kuala Indragiri,Indragiri Hilir,2.27,P4,Perlindungan pantai dahulu,60.5,60,82,76,tinggi,Risiko ketidakstabilan pesisir relatif tinggi.,mangrove-priority-2016-2025-v0.1
1979,274,MPR-8CDCEEDC64,Sungaibela,Kuala Indragiri,Indragiri Hilir,1.18,P4,Perlindungan pantai dahulu,60.4,58,83,74,tinggi,Risiko ketidakstabilan pesisir relatif tinggi.,mangrove-priority-2016-2025-v0.1
1980,1,MPR-418588E1CB,Tanjungpasir,Tanah Merah,Indragiri Hilir,0.82,P4,Perlindungan pantai dahulu,60.4,59,84,78,sedang,Risiko ketidakstabilan pesisir relatif tinggi.,mangrove-priority-2016-2025-v0.1
1981,2,MPR-7F2736DE8F,Tanjungpasir,Tanah Merah,Indragiri Hilir,0.82,P4,Perlindungan pantai dahulu,60.4,59,84,78,sedang,Risiko ketidakstabilan pesisir relatif tinggi.,mangrove-priority-2016-2025-v0.1
1982,3,MPR-D1A8D180D9,Tanjungpasir,Tanah Merah,Indragiri Hilir,0.79,P4,Perlindungan pantai dahulu,60.4,59,84,78,sedang,Risiko ketidakstabilan pesisir relatif tinggi.,mangrove-priority-2016-2025-v0.1
1983,4,MPR-E93A2B4AD3,Tanjungpasir,Tanah Merah,Indragiri Hilir,0.78,P4,Perlindungan pantai dahulu,60.4,59,84,78,sedang,Risiko ketidakstabilan pesisir relatif tinggi.,mangrove-priority-2016-2025-v0.1
1984,5,MPR-FAF1FAD8BE,Tanjungpasir,Tanah Merah,Indragiri Hilir,0.78,P4,Perlindungan pantai dahulu,60.4,59,84,78,sedang,Risiko ketidakstabilan pesisir relatif tinggi.,mangrove-priority-2016-2025-v0.1
1985,6,MPR-FF8BC71989,Tanjungpasir,Tanah Merah,Indragiri Hilir,0.74,P4,Perlindungan pantai dahulu,60.4,59,84,78,sedang,Risiko ketidakstabilan pesisir relatif tinggi.,mangrove-priority-2016-2025-v0.1
1986,7,MPR-696836B046,Tanjungpasir,Tanah Merah,Indragiri Hilir,0.7,P4,Perlindungan pantai dahulu,60.4,59,84,78,sedang,Risiko ketidakstabilan pesisir relatif tinggi.,mangrove-priority-2016-2025-v0.1
1987,8,MPR-20E92EB00F,Tanjungpasir,Tanah Merah,Indragiri Hilir,0.67,P4,Perlindungan pantai dahulu,60.4,59,84,78,sedang,Risiko ketidakstabilan pesisir relatif tinggi.,mangrove-priority-2016-2025-v0.1
1988,9,MPR-EAF7C9C742,Tanjungpasir,Tanah Merah,Indragiri Hilir,0.62,P4,Perlindungan pantai dahulu,60.4,59,84,78,sedang,Risiko ketidakstabilan pesisir relatif tinggi.,mangrove-priority-2016-2025-v0.1
1989,10,MPR-EDF3DDD84F,Tanjungpasir,Tanah Merah,Indragiri Hilir,0.53,P4,Perlindungan pantai dahulu,60.4,59,84,78,sedang,Risiko ketidakstabilan pesisir relatif tinggi.,mangrove-priority-2016-2025-v0.1
1990,11,MPR-6A930CB4A6,Tanjungpasir,Tanah Merah,Indragiri Hilir,0.52,P4,Perlindungan pantai dahulu,60.4,59,84,78,sedang,Risiko ketidakstabilan pesisir relatif tinggi.,mangrove-priority-2016-2025-v0.1
1991,12,MPR-E2BA610AB3,Tanjungpasir,Tanah Merah,Indragiri Hilir,0.51,P4,Perlindungan pantai dahulu,60.4,59,84,78,sedang,Risiko ketidakstabilan pesisir relatif tinggi.,mangrove-priority-2016-2025-v0.1
1992,13,MPR-6771A886C5,Tanjungpasir,Tanah Merah,Indragiri Hilir,0.49,P4,Perlindungan pantai dahulu,60.4,59,84,78,sedang,Risiko ketidakstabilan pesisir relatif tinggi.,mangrove-priority-2016-2025-v0.1
1993,14,MPR-4AB33AC9E3,Tanjungpasir,Tanah Merah,Indragiri Hilir,0.48,P4,Perlindungan pantai dahulu,60.4,59,84,78,sedang,Risiko ketidakstabilan pesisir relatif tinggi.,mangrove-priority-2016-2025-v0.1
1994,15,MPR-682559FCBB,Tanjungpasir,Tanah Merah,Indragiri Hilir,0.48,P4,Perlindungan pantai dahulu,60.4,59,84,78,sedang,Risiko ketidakstabilan pesisir relatif tinggi.,mangrove-priority-2016-2025-v0.1
1995,16,MPR-66C98C3422,Tanjungpasir,Tanah Merah,Indragiri Hilir,0.44,P4,Perlindungan pantai dahulu,60.4,59,84,78,sedang,Risiko ketidakstabilan pesisir relatif tinggi.,mangrove-priority-2016-2025-v0.1
1996,17,MPR-10A8EA38F7,Tanjungpasir,Tanah Merah,Indragiri Hilir,0.43,P4,Perlindungan pantai dahulu,60.4,59,84,78,sedang,Risiko ketidakstabilan pesisir relatif tinggi.,mangrove-priority-2016-2025-v0.1
1997,18,MPR-94889AB2D9,Tanjungpasir,Tanah Merah,Indragiri Hilir,0.43,P4,Perlindungan pantai dahulu,60.4,59,84,78,sedang,Risiko ketidakstabilan pesisir relatif tinggi.,mangrove-priority-2016-2025-v0.1
1998,19,MPR-D838251E26,Tanjungpasir,Tanah Merah,Indragiri Hilir,0.43,P4,Perlindungan pantai dahulu,60.4,59,84,78,sedang,Risiko ketidakstabilan pesisir relatif tinggi.,mangrove-priority-2016-2025-v0.1
1999,20,MPR-7BA81DE291,Tanjungpasir,Tanah Merah,Indragiri Hilir,0.42,P4,Perlindungan pantai dahulu,60.4,59,84,78,sedang,Risiko ketidakstabilan pesisir relatif tinggi.,mangrove-priority-2016-2025-v0.1
2000,275,MPR-1A53276D07,Sungaibela,Kuala Indragiri,Indragiri Hilir,0.4,P4,Perlindungan pantai dahulu,60.4,57,84,73,tinggi,Risiko ketidakstabilan pesisir relatif tinggi.,mangrove-priority-2016-2025-v0.1
2001,276,MPR-26C0F06707,Sungaibela,Kuala Indragiri,Indragiri Hilir,0.4,P4,Perlindungan pantai dahulu,60.4,57,84,73,tinggi,Risiko ketidakstabilan pesisir relatif tinggi.,mangrove-priority-2016-2025-v0.1
2002,277,MPR-7D3DC4DFB1,Sungaibela,Kuala Indragiri,Indragiri Hilir,0.39,P4,Perlindungan pantai dahulu,60.4,57,84,73,tinggi,Risiko ketidakstabilan pesisir relatif tinggi.,mangrove-priority-2016-2025-v0.1
2003,278,MPR-7B69B027DC,Sungaibela,Kuala Indragiri,Indragiri Hilir,0.38,P4,Perlindungan pantai dahulu,60.4,57,84,73,tinggi,Risiko ketidakstabilan pesisir relatif tinggi.,mangrove-priority-2016-2025-v0.1
2004,279,MPR-733377329B,Sungaibela,Kuala Indragiri,Indragiri Hilir,0.37,P4,Perlindungan pantai dahulu,60.4,57,84,73,tinggi,Risiko ketidakstabilan pesisir relatif tinggi.,mangrove-priority-2016-2025-v0.1
2005,280,MPR-DF7484A57B,Sungaibela,Kuala Indragiri,Indragiri Hilir,0.37,P4,Perlindungan pantai dahulu,60.4,57,84,73,tinggi,Risiko ketidakstabilan pesisir relatif tinggi.,mangrove-priority-2016-2025-v0.1
2006,281,MPR-508221A1CD,Sungaibela,Kuala Indragiri,Indragiri Hilir,0.36,P4,Perlindungan pantai dahulu,60.4,57,84,73,tinggi,Risiko ketidakstabilan pesisir relatif tinggi.,mangrove-priority-2016-2025-v0.1
2007,282,MPR-83FAD341EB,Sungaibela,Kuala Indragiri,Indragiri Hilir,0.36,P4,Perlindungan pantai dahulu,60.4,57,84,73,tinggi,Risiko ketidakstabilan pesisir relatif tinggi.,mangrove-priority-2016-2025-v0.1
2008,283,MPR-CFE88DDE39,Sungaibela,Kuala Indragiri,Indragiri Hilir,0.36,P4,Perlindungan pantai dahulu,60.4,57,84,73,tinggi,Risiko ketidakstabilan pesisir relatif tinggi.,mangrove-priority-2016-2025-v0.1
2009,284,MPR-D40B8B7500,Sungaibela,Kuala Indragiri,Indragiri Hilir,0.36,P4,Perlindungan pantai dahulu,60.4,57,84,73,tinggi,Risiko ketidakstabilan pesisir relatif tinggi.,mangrove-priority-2016-2025-v0.1
2010,21,MPR-0132D6B612,Tanjungpasir,Tanah Merah,Indragiri Hilir,0.16,P4,Perlindungan pantai dahulu,60.4,58,85,77,sedang,Risiko ketidakstabilan pesisir relatif tinggi.,mangrove-priority-2016-2025-v0.1
2011,22,MPR-20BF57B815,Tanjungpasir,Tanah Merah,Indragiri Hilir,0.16,P4,Perlindungan pantai dahulu,60.4,58,85,77,sedang,Risiko ketidakstabilan pesisir relatif tinggi.,mangrove-priority-2016-2025-v0.1
2012,23,MPR-3E6443983F,Tanjungpasir,Tanah Merah,Indragiri Hilir,0.16,P4,Perlindungan pantai dahulu,60.4,58,85,77,sedang,Risiko ketidakstabilan pesisir relatif tinggi.,mangrove-priority-2016-2025-v0.1
2013,24,MPR-5276170E08,Tanjungpasir,Tanah Merah,Indragiri Hilir,0.16,P4,Perlindungan pantai dahulu,60.4,58,85,77,sedang,Risiko ketidakstabilan pesisir relatif tinggi.,mangrove-priority-2016-2025-v0.1
2014,25,MPR-68C88CEE8C,Tanjungpasir,Tanah Merah,Indragiri Hilir,0.16,P4,Perlindungan pantai dahulu,60.4,58,85,77,sedang,Risiko ketidakstabilan pesisir relatif tinggi.,mangrove-priority-2016-2025-v0.1
2015,26,MPR-87701DA63A,Tanjungpasir,Tanah Merah,Indragiri Hilir,0.16,P4,Perlindungan pantai dahulu,60.4,58,85,77,sedang,Risiko ketidakstabilan pesisir relatif tinggi.,mangrove-priority-2016-2025-v0.1
2016,27,MPR-C5C791CFD6,Tanjungpasir,Tanah Merah,Indragiri Hilir,0.16,P4,Perlindungan pantai dahulu,60.4,58,85,77,sedang,Risiko ketidakstabilan pesisir relatif tinggi.,mangrove-priority-2016-2025-v0.1
2017,28,MPR-E87172C19E,Tanjungpasir,Tanah Merah,Indragiri Hilir,0.16,P4,Perlindungan pantai dahulu,60.4,58,85,77,sedang,Risiko ketidakstabilan pesisir relatif tinggi.,mangrove-priority-2016-2025-v0.1
2018,29,MPR-F26EA10D34,Tanjungpasir,Tanah Merah,Indragiri Hilir,0.16,P4,Perlindungan pantai dahulu,60.4,58,85,77,sedang,Risiko ketidakstabilan pesisir relatif tinggi.,mangrove-priority-2016-2025-v0.1
2019,30,MPR-F408D7A91F,Tanjungpasir,Tanah Merah,Indragiri Hilir,0.16,P4,Perlindungan pantai dahulu,60.4,58,85,77,sedang,Risiko ketidakstabilan pesisir relatif tinggi.,mangrove-priority-2016-2025-v0.1
2020,31,MPR-FE3BD46E48,Tanjungpasir,Tanah Merah,Indragiri Hilir,0.16,P4,Perlindungan pantai dahulu,60.4,58,85,77,sedang,Risiko ketidakstabilan pesisir relatif tinggi.,mangrove-priority-2016-2025-v0.1
2021,32,MPR-1AA015C259,Tanjungpasir,Tanah Merah,Indragiri Hilir,0.15,P4,Perlindungan pantai dahulu,60.4,58,85,77,sedang,Risiko ketidakstabilan pesisir relatif tinggi.,mangrove-priority-2016-2025-v0.1
2022,33,MPR-68147EE351,Tanjungpasir,Tanah Merah,Indragiri Hilir,0.15,P4,Perlindungan pantai dahulu,60.4,58,85,77,sedang,Risiko ketidakstabilan pesisir relatif tinggi.,mangrove-priority-2016-2025-v0.1
2023,34,MPR-6BADFDC257,Tanjungpasir,Tanah Merah,Indragiri Hilir,0.15,P4,Perlindungan pantai dahulu,60.4,58,85,77,sedang,Risiko ketidakstabilan pesisir relatif tinggi.,mangrove-priority-2016-2025-v0.1
2024,35,MPR-8541EC5C1E,Tanjungpasir,Tanah Merah,Indragiri Hilir,0.15,P4,Perlindungan pantai dahulu,60.4,58,85,77,sedang,Risiko ketidakstabilan pesisir relatif tinggi.,mangrove-priority-2016-2025-v0.1
2025,36,MPR-93AB77C9D1,Tanjungpasir,Tanah Merah,Indragiri Hilir,0.15,P4,Perlindungan pantai dahulu,60.4,58,85,77,sedang,Risiko ketidakstabilan pesisir relatif tinggi.,mangrove-priority-2016-2025-v0.1
2026,37,MPR-942FB98FB7,Tanjungpasir,Tanah Merah,Indragiri Hilir,0.15,P4,Perlindungan pantai dahulu,60.4,58,85,77,sedang,Risiko ketidakstabilan pesisir relatif tinggi.,mangrove-priority-2016-2025-v0.1
2027,38,MPR-FFE651C206,Tanjungpasir,Tanah Merah,Indragiri Hilir,0.15,P4,Perlindungan pantai dahulu,60.4,58,85,77,sedang,Risiko ketidakstabilan pesisir relatif tinggi.,mangrove-priority-2016-2025-v0.1
2028,39,MPR-1F5286936D,Tanjungpasir,Tanah Merah,Indragiri Hilir,0.14,P4,Perlindungan pantai dahulu,60.4,58,85,77,sedang,Risiko ketidakstabilan pesisir relatif tinggi.,mangrove-priority-2016-2025-v0.1
2029,40,MPR-2302F17A34,Tanjungpasir,Tanah Merah,Indragiri Hilir,0.14,P4,Perlindungan pantai dahulu,60.4,58,85,77,sedang,Risiko ketidakstabilan pesisir relatif tinggi.,mangrove-priority-2016-2025-v0.1
2030,41,MPR-23CD111BC0,Tanjungpasir,Tanah Merah,Indragiri Hilir,0.14,P4,Perlindungan pantai dahulu,60.4,58,85,77,sedang,Risiko ketidakstabilan pesisir relatif tinggi.,mangrove-priority-2016-2025-v0.1
2031,42,MPR-481ED97B1B,Tanjungpasir,Tanah Merah,Indragiri Hilir,0.14,P4,Perlindungan pantai dahulu,60.4,58,85,77,sedang,Risiko ketidakstabilan pesisir relatif tinggi.,mangrove-priority-2016-2025-v0.1
2032,43,MPR-751FEF0EA9,Tanjungpasir,Tanah Merah,Indragiri Hilir,0.14,P4,Perlindungan pantai dahulu,60.4,58,85,77,sedang,Risiko ketidakstabilan pesisir relatif tinggi.,mangrove-priority-2016-2025-v0.1
2033,44,MPR-77F3F8D8F3,Tanjungpasir,Tanah Merah,Indragiri Hilir,0.14,P4,Perlindungan pantai dahulu,60.4,58,85,77,sedang,Risiko ketidakstabilan pesisir relatif tinggi.,mangrove-priority-2016-2025-v0.1
2034,45,MPR-7C45860791,Tanjungpasir,Tanah Merah,Indragiri Hilir,0.14,P4,Perlindungan pantai dahulu,60.4,58,85,77,sedang,Risiko ketidakstabilan pesisir relatif tinggi.,mangrove-priority-2016-2025-v0.1
2035,46,MPR-8ACE7C8C6E,Tanjungpasir,Tanah Merah,Indragiri Hilir,0.14,P4,Perlindungan pantai dahulu,60.4,58,85,77,sedang,Risiko ketidakstabilan pesisir relatif tinggi.,mangrove-priority-2016-2025-v0.1
2036,47,MPR-8D47538B02,Tanjungpasir,Tanah Merah,Indragiri Hilir,0.14,P4,Perlindungan pantai dahulu,60.4,58,85,77,sedang,Risiko ketidakstabilan pesisir relatif tinggi.,mangrove-priority-2016-2025-v0.1
2037,48,MPR-A53CEE85B2,Tanjungpasir,Tanah Merah,Indragiri Hilir,0.14,P4,Perlindungan pantai dahulu,60.4,58,85,77,sedang,Risiko ketidakstabilan pesisir relatif tinggi.,mangrove-priority-2016-2025-v0.1
2038,49,MPR-D4997D963A,Tanjungpasir,Tanah Merah,Indragiri Hilir,0.14,P4,Perlindungan pantai dahulu,60.4,58,85,77,sedang,Risiko ketidakstabilan pesisir relatif tinggi.,mangrove-priority-2016-2025-v0.1
2039,50,MPR-F13692FA65,Tanjungpasir,Tanah Merah,Indragiri Hilir,0.14,P4,Perlindungan pantai dahulu,60.4,58,85,77,sedang,Risiko ketidakstabilan pesisir relatif tinggi.,mangrove-priority-2016-2025-v0.1
2040,51,MPR-0AF6B4B4A3,Tanjungpasir,Tanah Merah,Indragiri Hilir,0.13,P4,Perlindungan pantai dahulu,60.4,58,85,77,sedang,Risiko ketidakstabilan pesisir relatif tinggi.,mangrove-priority-2016-2025-v0.1
2041,52,MPR-924FE2F900,Tanjungpasir,Tanah Merah,Indragiri Hilir,0.13,P4,Perlindungan pantai dahulu,60.4,58,85,77,sedang,Risiko ketidakstabilan pesisir relatif tinggi.,mangrove-priority-2016-2025-v0.1
2042,53,MPR-9E6151FEBA,Tanjungpasir,Tanah Merah,Indragiri Hilir,0.13,P4,Perlindungan pantai dahulu,60.4,58,85,77,sedang,Risiko ketidakstabilan pesisir relatif tinggi.,mangrove-priority-2016-2025-v0.1
2043,54,MPR-B01BAC055F,Tanjungpasir,Tanah Merah,Indragiri Hilir,0.13,P4,Perlindungan pantai dahulu,60.4,58,85,77,sedang,Risiko ketidakstabilan pesisir relatif tinggi.,mangrove-priority-2016-2025-v0.1
2044,55,MPR-C938FD7626,Tanjungpasir,Tanah Merah,Indragiri Hilir,0.13,P4,Perlindungan pantai dahulu,60.4,58,85,77,sedang,Risiko ketidakstabilan pesisir relatif tinggi.,mangrove-priority-2016-2025-v0.1
2045,56,MPR-EEB60E1D72,Tanjungpasir,Tanah Merah,Indragiri Hilir,0.13,P4,Perlindungan pantai dahulu,60.4,58,85,77,sedang,Risiko ketidakstabilan pesisir relatif tinggi.,mangrove-priority-2016-2025-v0.1
2046,57,MPR-21AF4F3AFD,Tanjungpasir,Tanah Merah,Indragiri Hilir,0.12,P4,Perlindungan pantai dahulu,60.4,58,85,77,sedang,Risiko ketidakstabilan pesisir relatif tinggi.,mangrove-priority-2016-2025-v0.1
2047,58,MPR-3F7CD24EB0,Tanjungpasir,Tanah Merah,Indragiri Hilir,0.12,P4,Perlindungan pantai dahulu,60.4,58,85,77,sedang,Risiko ketidakstabilan pesisir relatif tinggi.,mangrove-priority-2016-2025-v0.1
2048,59,MPR-4DCA50CF05,Tanjungpasir,Tanah Merah,Indragiri Hilir,0.12,P4,Perlindungan pantai dahulu,60.4,58,85,77,sedang,Risiko ketidakstabilan pesisir relatif tinggi.,mangrove-priority-2016-2025-v0.1
2049,60,MPR-50EC9C7BF5,Tanjungpasir,Tanah Merah,Indragiri Hilir,0.12,P4,Perlindungan pantai dahulu,60.4,58,85,77,sedang,Risiko ketidakstabilan pesisir relatif tinggi.,mangrove-priority-2016-2025-v0.1
2050,61,MPR-7C2D8F5F75,Tanjungpasir,Tanah Merah,Indragiri Hilir,0.12,P4,Perlindungan pantai dahulu,60.4,58,85,77,sedang,Risiko ketidakstabilan pesisir relatif tinggi.,mangrove-priority-2016-2025-v0.1
2051,62,MPR-8C1E91EA00,Tanjungpasir,Tanah Merah,Indragiri Hilir,0.12,P4,Perlindungan pantai dahulu,60.4,58,85,77,sedang,Risiko ketidakstabilan pesisir relatif tinggi.,mangrove-priority-2016-2025-v0.1
2052,63,MPR-CD0974177B,Tanjungpasir,Tanah Merah,Indragiri Hilir,0.12,P4,Perlindungan pantai dahulu,60.4,58,85,77,sedang,Risiko ketidakstabilan pesisir relatif tinggi.,mangrove-priority-2016-2025-v0.1
2053,64,MPR-E2E2878BD5,Tanjungpasir,Tanah Merah,Indragiri Hilir,0.12,P4,Perlindungan pantai dahulu,60.4,58,85,77,sedang,Risiko ketidakstabilan pesisir relatif tinggi.,mangrove-priority-2016-2025-v0.1
2054,65,MPR-0894AF5807,Tanjungpasir,Tanah Merah,Indragiri Hilir,0.11,P4,Perlindungan pantai dahulu,60.4,58,85,77,sedang,Risiko ketidakstabilan pesisir relatif tinggi.,mangrove-priority-2016-2025-v0.1
2055,66,MPR-13C0478FFE,Tanjungpasir,Tanah Merah,Indragiri Hilir,0.11,P4,Perlindungan pantai dahulu,60.4,58,85,77,sedang,Risiko ketidakstabilan pesisir relatif tinggi.,mangrove-priority-2016-2025-v0.1
2056,67,MPR-26E975467B,Tanjungpasir,Tanah Merah,Indragiri Hilir,0.11,P4,Perlindungan pantai dahulu,60.4,58,85,77,sedang,Risiko ketidakstabilan pesisir relatif tinggi.,mangrove-priority-2016-2025-v0.1
2057,68,MPR-311A873A54,Tanjungpasir,Tanah Merah,Indragiri Hilir,0.11,P4,Perlindungan pantai dahulu,60.4,58,85,77,sedang,Risiko ketidakstabilan pesisir relatif tinggi.,mangrove-priority-2016-2025-v0.1
2058,69,MPR-5B87BD3C40,Tanjungpasir,Tanah Merah,Indragiri Hilir,0.11,P4,Perlindungan pantai dahulu,60.4,58,85,77,sedang,Risiko ketidakstabilan pesisir relatif tinggi.,mangrove-priority-2016-2025-v0.1
2059,70,MPR-7079924A2C,Tanjungpasir,Tanah Merah,Indragiri Hilir,0.11,P4,Perlindungan pantai dahulu,60.4,58,85,77,sedang,Risiko ketidakstabilan pesisir relatif tinggi.,mangrove-priority-2016-2025-v0.1
2060,71,MPR-78D2CDC5E9,Tanjungpasir,Tanah Merah,Indragiri Hilir,0.11,P4,Perlindungan pantai dahulu,60.4,58,85,77,sedang,Risiko ketidakstabilan pesisir relatif tinggi.,mangrove-priority-2016-2025-v0.1
2061,72,MPR-8959640B5D,Tanjungpasir,Tanah Merah,Indragiri Hilir,0.11,P4,Perlindungan pantai dahulu,60.4,58,85,77,sedang,Risiko ketidakstabilan pesisir relatif tinggi.,mangrove-priority-2016-2025-v0.1
2062,73,MPR-9AE0B6709F,Tanjungpasir,Tanah Merah,Indragiri Hilir,0.11,P4,Perlindungan pantai dahulu,60.4,58,85,77,sedang,Risiko ketidakstabilan pesisir relatif tinggi.,mangrove-priority-2016-2025-v0.1
2063,74,MPR-9AF2C32CFD,Tanjungpasir,Tanah Merah,Indragiri Hilir,0.11,P4,Perlindungan pantai dahulu,60.4,58,85,77,sedang,Risiko ketidakstabilan pesisir relatif tinggi.,mangrove-priority-2016-2025-v0.1
2064,75,MPR-AD27322641,Tanjungpasir,Tanah Merah,Indragiri Hilir,0.11,P4,Perlindungan pantai dahulu,60.4,58,85,77,sedang,Risiko ketidakstabilan pesisir relatif tinggi.,mangrove-priority-2016-2025-v0.1
2065,76,MPR-C9C12EA94B,Tanjungpasir,Tanah Merah,Indragiri Hilir,0.11,P4,Perlindungan pantai dahulu,60.4,58,85,77,sedang,Risiko ketidakstabilan pesisir relatif tinggi.,mangrove-priority-2016-2025-v0.1
2066,77,MPR-D20AEAF932,Tanjungpasir,Tanah Merah,Indragiri Hilir,0.11,P4,Perlindungan pantai dahulu,60.4,58,85,77,sedang,Risiko ketidakstabilan pesisir relatif tinggi.,mangrove-priority-2016-2025-v0.1
2067,78,MPR-D612B581AF,Tanjungpasir,Tanah Merah,Indragiri Hilir,0.11,P4,Perlindungan pantai dahulu,60.4,58,85,77,sedang,Risiko ketidakstabilan pesisir relatif tinggi.,mangrove-priority-2016-2025-v0.1
2068,79,MPR-D862C04227,Tanjungpasir,Tanah Merah,Indragiri Hilir,0.11,P4,Perlindungan pantai dahulu,60.4,58,85,77,sedang,Risiko ketidakstabilan pesisir relatif tinggi.,mangrove-priority-2016-2025-v0.1
2069,80,MPR-DE15F3E15A,Tanjungpasir,Tanah Merah,Indragiri Hilir,0.11,P4,Perlindungan pantai dahulu,60.4,58,85,77,sedang,Risiko ketidakstabilan pesisir relatif tinggi.,mangrove-priority-2016-2025-v0.1
2070,81,MPR-E32AA123D1,Tanjungpasir,Tanah Merah,Indragiri Hilir,0.11,P4,Perlindungan pantai dahulu,60.4,58,85,77,sedang,Risiko ketidakstabilan pesisir relatif tinggi.,mangrove-priority-2016-2025-v0.1
2071,82,MPR-E3D0D54379,Tanjungpasir,Tanah Merah,Indragiri Hilir,0.11,P4,Perlindungan pantai dahulu,60.4,58,85,77,sedang,Risiko ketidakstabilan pesisir relatif tinggi.,mangrove-priority-2016-2025-v0.1
2072,83,MPR-E509AFEE64,Tanjungpasir,Tanah Merah,Indragiri Hilir,0.11,P4,Perlindungan pantai dahulu,60.4,58,85,77,sedang,Risiko ketidakstabilan pesisir relatif tinggi.,mangrove-priority-2016-2025-v0.1
2073,84,MPR-EE43897F8F,Tanjungpasir,Tanah Merah,Indragiri Hilir,0.11,P4,Perlindungan pantai dahulu,60.4,58,85,77,sedang,Risiko ketidakstabilan pesisir relatif tinggi.,mangrove-priority-2016-2025-v0.1
2074,85,MPR-FD31C13E51,Tanjungpasir,Tanah Merah,Indragiri Hilir,0.11,P4,Perlindungan pantai dahulu,60.4,58,85,77,sedang,Risiko ketidakstabilan pesisir relatif tinggi.,mangrove-priority-2016-2025-v0.1
2075,86,MPR-08772C4020,Tanjungpasir,Tanah Merah,Indragiri Hilir,0.1,P4,Perlindungan pantai dahulu,60.4,58,85,77,sedang,Risiko ketidakstabilan pesisir relatif tinggi.,mangrove-priority-2016-2025-v0.1
2076,87,MPR-2131342F07,Tanjungpasir,Tanah Merah,Indragiri Hilir,0.1,P4,Perlindungan pantai dahulu,60.4,58,85,77,sedang,Risiko ketidakstabilan pesisir relatif tinggi.,mangrove-priority-2016-2025-v0.1
2077,88,MPR-2A74A6C05F,Tanjungpasir,Tanah Merah,Indragiri Hilir,0.1,P4,Perlindungan pantai dahulu,60.4,58,85,77,sedang,Risiko ketidakstabilan pesisir relatif tinggi.,mangrove-priority-2016-2025-v0.1
2078,89,MPR-5183B5FDBE,Tanjungpasir,Tanah Merah,Indragiri Hilir,0.1,P4,Perlindungan pantai dahulu,60.4,58,85,77,sedang,Risiko ketidakstabilan pesisir relatif tinggi.,mangrove-priority-2016-2025-v0.1
2079,90,MPR-65848D4DD6,Tanjungpasir,Tanah Merah,Indragiri Hilir,0.1,P4,Perlindungan pantai dahulu,60.4,58,85,77,sedang,Risiko ketidakstabilan pesisir relatif tinggi.,mangrove-priority-2016-2025-v0.1
2080,91,MPR-71F21DCCCF,Tanjungpasir,Tanah Merah,Indragiri Hilir,0.1,P4,Perlindungan pantai dahulu,60.4,58,85,77,sedang,Risiko ketidakstabilan pesisir relatif tinggi.,mangrove-priority-2016-2025-v0.1
2081,92,MPR-79C716F452,Tanjungpasir,Tanah Merah,Indragiri Hilir,0.1,P4,Perlindungan pantai dahulu,60.4,58,85,77,sedang,Risiko ketidakstabilan pesisir relatif tinggi.,mangrove-priority-2016-2025-v0.1
2082,93,MPR-87B6463E2A,Tanjungpasir,Tanah Merah,Indragiri Hilir,0.1,P4,Perlindungan pantai dahulu,60.4,58,85,77,sedang,Risiko ketidakstabilan pesisir relatif tinggi.,mangrove-priority-2016-2025-v0.1
2083,94,MPR-9CF4EE8E3B,Tanjungpasir,Tanah Merah,Indragiri Hilir,0.1,P4,Perlindungan pantai dahulu,60.4,58,85,77,sedang,Risiko ketidakstabilan pesisir relatif tinggi.,mangrove-priority-2016-2025-v0.1
2084,95,MPR-BA3644E5FF,Tanjungpasir,Tanah Merah,Indragiri Hilir,0.1,P4,Perlindungan pantai dahulu,60.4,58,85,77,sedang,Risiko ketidakstabilan pesisir relatif tinggi.,mangrove-priority-2016-2025-v0.1
2085,96,MPR-BDB9669B19,Tanjungpasir,Tanah Merah,Indragiri Hilir,0.1,P4,Perlindungan pantai dahulu,60.4,58,85,77,sedang,Risiko ketidakstabilan pesisir relatif tinggi.,mangrove-priority-2016-2025-v0.1
2086,97,MPR-CBF2C821EB,Tanjungpasir,Tanah Merah,Indragiri Hilir,0.1,P4,Perlindungan pantai dahulu,60.4,58,85,77,sedang,Risiko ketidakstabilan pesisir relatif tinggi.,mangrove-priority-2016-2025-v0.1
2087,98,MPR-EC2E90BB66,Tanjungpasir,Tanah Merah,Indragiri Hilir,0.1,P4,Perlindungan pantai dahulu,60.4,58,85,77,sedang,Risiko ketidakstabilan pesisir relatif tinggi.,mangrove-priority-2016-2025-v0.1
2088,99,MPR-FED25F3677,Tanjungpasir,Tanah Merah,Indragiri Hilir,0.1,P4,Perlindungan pantai dahulu,60.4,58,85,77,sedang,Risiko ketidakstabilan pesisir relatif tinggi.,mangrove-priority-2016-2025-v0.1
2089,100,MPR-F3B5EF80F9,Tanjungpasir,Tanah Merah,Indragiri Hilir,0.09,P4,Perlindungan pantai dahulu,60.4,58,85,77,sedang,Risiko ketidakstabilan pesisir relatif tinggi.,mangrove-priority-2016-2025-v0.1
2090,101,MPR-F6ACA9894E,Tanjungpasir,Tanah Merah,Indragiri Hilir,0.09,P4,Perlindungan pantai dahulu,60.4,58,85,77,sedang,Risiko ketidakstabilan pesisir relatif tinggi.,mangrove-priority-2016-2025-v0.1
2091,102,MPR-1800CC56C4,Tanjungpasir,Tanah Merah,Indragiri Hilir,0.08,P4,Perlindungan pantai dahulu,60.4,58,85,77,sedang,Risiko ketidakstabilan pesisir relatif tinggi.,mangrove-priority-2016-2025-v0.1
2092,103,MPR-23C002FDD2,Tanjungpasir,Tanah Merah,Indragiri Hilir,0.08,P4,Perlindungan pantai dahulu,60.4,58,85,77,sedang,Risiko ketidakstabilan pesisir relatif tinggi.,mangrove-priority-2016-2025-v0.1
2093,104,MPR-3A8488CEC3,Tanjungpasir,Tanah Merah,Indragiri Hilir,0.08,P4,Perlindungan pantai dahulu,60.4,58,85,77,sedang,Risiko ketidakstabilan pesisir relatif tinggi.,mangrove-priority-2016-2025-v0.1
2094,105,MPR-9BA835ECF7,Tanjungpasir,Tanah Merah,Indragiri Hilir,0.08,P4,Perlindungan pantai dahulu,60.4,58,85,77,sedang,Risiko ketidakstabilan pesisir relatif tinggi.,mangrove-priority-2016-2025-v0.1
2095,106,MPR-A201CC25BD,Tanjungpasir,Tanah Merah,Indragiri Hilir,0.08,P4,Perlindungan pantai dahulu,60.4,58,85,77,sedang,Risiko ketidakstabilan pesisir relatif tinggi.,mangrove-priority-2016-2025-v0.1
2096,107,MPR-CAA0BA1665,Tanjungpasir,Tanah Merah,Indragiri Hilir,0.08,P4,Perlindungan pantai dahulu,60.4,58,85,77,sedang,Risiko ketidakstabilan pesisir relatif tinggi.,mangrove-priority-2016-2025-v0.1
2097,108,MPR-CF9C05679D,Tanjungpasir,Tanah Merah,Indragiri Hilir,0.08,P4,Perlindungan pantai dahulu,60.4,58,85,77,sedang,Risiko ketidakstabilan pesisir relatif tinggi.,mangrove-priority-2016-2025-v0.1
2098,109,MPR-DD6DA168D8,Tanjungpasir,Tanah Merah,Indragiri Hilir,0.08,P4,Perlindungan pantai dahulu,60.4,58,85,77,sedang,Risiko ketidakstabilan pesisir relatif tinggi.,mangrove-priority-2016-2025-v0.1
2099,110,MPR-FE5841FDFF,Tanjungpasir,Tanah Merah,Indragiri Hilir,0.08,P4,Perlindungan pantai dahulu,60.4,58,85,77,sedang,Risiko ketidakstabilan pesisir relatif tinggi.,mangrove-priority-2016-2025-v0.1
2100,111,MPR-4CC7B9CDFC,Tanjungpasir,Tanah Merah,Indragiri Hilir,0.05,P4,Perlindungan pantai dahulu,60.4,58,85,77,sedang,Risiko ketidakstabilan pesisir relatif tinggi.,mangrove-priority-2016-2025-v0.1
2101,112,MPR-69DAA4D321,Tanjungpasir,Tanah Merah,Indragiri Hilir,0.05,P4,Perlindungan pantai dahulu,60.4,58,85,77,sedang,Risiko ketidakstabilan pesisir relatif tinggi.,mangrove-priority-2016-2025-v0.1
2102,113,MPR-794BC30C1F,Tanjungpasir,Tanah Merah,Indragiri Hilir,0.05,P4,Perlindungan pantai dahulu,60.4,58,85,77,sedang,Risiko ketidakstabilan pesisir relatif tinggi.,mangrove-priority-2016-2025-v0.1
2103,114,MPR-93B09E9B6C,Tanjungpasir,Tanah Merah,Indragiri Hilir,0.05,P4,Perlindungan pantai dahulu,60.4,58,85,77,sedang,Risiko ketidakstabilan pesisir relatif tinggi.,mangrove-priority-2016-2025-v0.1
2104,115,MPR-D4106ADDCC,Tanjungpasir,Tanah Merah,Indragiri Hilir,0.05,P4,Perlindungan pantai dahulu,60.4,58,85,77,sedang,Risiko ketidakstabilan pesisir relatif tinggi.,mangrove-priority-2016-2025-v0.1
2105,116,MPR-EF987E4389,Tanjungpasir,Tanah Merah,Indragiri Hilir,0.05,P4,Perlindungan pantai dahulu,60.4,58,85,77,sedang,Risiko ketidakstabilan pesisir relatif tinggi.,mangrove-priority-2016-2025-v0.1
2106,117,MPR-F9E054A168,Tanjungpasir,Tanah Merah,Indragiri Hilir,0.05,P4,Perlindungan pantai dahulu,60.4,58,85,77,sedang,Risiko ketidakstabilan pesisir relatif tinggi.,mangrove-priority-2016-2025-v0.1
2107,285,MPR-F9EBD1372F,Sungaibela,Kuala Indragiri,Indragiri Hilir,3.91,P4,Perlindungan pantai dahulu,60.3,62,80,78,tinggi,Risiko ketidakstabilan pesisir relatif tinggi.,mangrove-priority-2016-2025-v0.1
2108,286,MPR-0ED87B010D,Sungaibela,Kuala Indragiri,Indragiri Hilir,2.08,P4,Perlindungan pantai dahulu,60.2,59,82,75,tinggi,Risiko ketidakstabilan pesisir relatif tinggi.,mangrove-priority-2016-2025-v0.1
2109,287,MPR-79081899C7,Sungaibela,Kuala Indragiri,Indragiri Hilir,2.07,P4,Perlindungan pantai dahulu,60.2,59,82,75,tinggi,Risiko ketidakstabilan pesisir relatif tinggi.,mangrove-priority-2016-2025-v0.1
2110,118,MPR-5D29908B9F,Tanjungpasir,Tanah Merah,Indragiri Hilir,1.36,P4,Perlindungan pantai dahulu,60.2,60,83,79,sedang,Risiko ketidakstabilan pesisir relatif tinggi.,mangrove-priority-2016-2025-v0.1
2111,119,MPR-8C897D5612,Tanjungpasir,Tanah Merah,Indragiri Hilir,1.28,P4,Perlindungan pantai dahulu,60.2,60,83,79,sedang,Risiko ketidakstabilan pesisir relatif tinggi.,mangrove-priority-2016-2025-v0.1
2112,120,MPR-8D8C6E7D71,Tanjungpasir,Tanah Merah,Indragiri Hilir,1.06,P4,Perlindungan pantai dahulu,60.2,59,84,79,sedang,Risiko ketidakstabilan pesisir relatif tinggi.,mangrove-priority-2016-2025-v0.1
2113,121,MPR-82FC91151B,Tanjungpasir,Tanah Merah,Indragiri Hilir,0.99,P4,Perlindungan pantai dahulu,60.2,59,84,79,sedang,Risiko ketidakstabilan pesisir relatif tinggi.,mangrove-priority-2016-2025-v0.1
2114,122,MPR-60EFDCA9F0,Tanjungpasir,Tanah Merah,Indragiri Hilir,0.98,P4,Perlindungan pantai dahulu,60.2,59,84,79,sedang,Risiko ketidakstabilan pesisir relatif tinggi.,mangrove-priority-2016-2025-v0.1
2115,123,MPR-C032F48733,Tanjungpasir,Tanah Merah,Indragiri Hilir,0.35,P4,Perlindungan pantai dahulu,60.2,58,85,78,sedang,Risiko ketidakstabilan pesisir relatif tinggi.,mangrove-priority-2016-2025-v0.1
2116,124,MPR-CE2A3D5989,Tanjungpasir,Tanah Merah,Indragiri Hilir,0.33,P4,Perlindungan pantai dahulu,60.2,58,85,78,sedang,Risiko ketidakstabilan pesisir relatif tinggi.,mangrove-priority-2016-2025-v0.1
2117,125,MPR-367730574A,Tanjungpasir,Tanah Merah,Indragiri Hilir,0.32,P4,Perlindungan pantai dahulu,60.2,58,85,78,sedang,Risiko ketidakstabilan pesisir relatif tinggi.,mangrove-priority-2016-2025-v0.1
2118,126,MPR-55D868A717,Tanjungpasir,Tanah Merah,Indragiri Hilir,0.32,P4,Perlindungan pantai dahulu,60.2,58,85,78,sedang,Risiko ketidakstabilan pesisir relatif tinggi.,mangrove-priority-2016-2025-v0.1
2119,127,MPR-942F27681C,Tanjungpasir,Tanah Merah,Indragiri Hilir,0.32,P4,Perlindungan pantai dahulu,60.2,58,85,78,sedang,Risiko ketidakstabilan pesisir relatif tinggi.,mangrove-priority-2016-2025-v0.1
2120,128,MPR-B1CD10C633,Tanjungpasir,Tanah Merah,Indragiri Hilir,0.32,P4,Perlindungan pantai dahulu,60.2,58,85,78,sedang,Risiko ketidakstabilan pesisir relatif tinggi.,mangrove-priority-2016-2025-v0.1
2121,129,MPR-BDD7E25687,Tanjungpasir,Tanah Merah,Indragiri Hilir,0.32,P4,Perlindungan pantai dahulu,60.2,58,85,78,sedang,Risiko ketidakstabilan pesisir relatif tinggi.,mangrove-priority-2016-2025-v0.1
2122,130,MPR-E28202EB75,Tanjungpasir,Tanah Merah,Indragiri Hilir,0.32,P4,Perlindungan pantai dahulu,60.2,58,85,78,sedang,Risiko ketidakstabilan pesisir relatif tinggi.,mangrove-priority-2016-2025-v0.1
2123,131,MPR-FBB60B7B3F,Tanjungpasir,Tanah Merah,Indragiri Hilir,0.32,P4,Perlindungan pantai dahulu,60.2,58,85,78,sedang,Risiko ketidakstabilan pesisir relatif tinggi.,mangrove-priority-2016-2025-v0.1
2124,132,MPR-04B079D8C6,Tanjungpasir,Tanah Merah,Indragiri Hilir,0.31,P4,Perlindungan pantai dahulu,60.2,58,85,78,sedang,Risiko ketidakstabilan pesisir relatif tinggi.,mangrove-priority-2016-2025-v0.1
2125,133,MPR-47E6F24A60,Tanjungpasir,Tanah Merah,Indragiri Hilir,0.31,P4,Perlindungan pantai dahulu,60.2,58,85,78,sedang,Risiko ketidakstabilan pesisir relatif tinggi.,mangrove-priority-2016-2025-v0.1
2126,134,MPR-5186219650,Tanjungpasir,Tanah Merah,Indragiri Hilir,0.31,P4,Perlindungan pantai dahulu,60.2,58,85,78,sedang,Risiko ketidakstabilan pesisir relatif tinggi.,mangrove-priority-2016-2025-v0.1
2127,135,MPR-C2A2733C9C,Tanjungpasir,Tanah Merah,Indragiri Hilir,0.31,P4,Perlindungan pantai dahulu,60.2,58,85,78,sedang,Risiko ketidakstabilan pesisir relatif tinggi.,mangrove-priority-2016-2025-v0.1
2128,136,MPR-8BBCD39E6F,Tanjungpasir,Tanah Merah,Indragiri Hilir,0.3,P4,Perlindungan pantai dahulu,60.2,58,85,78,sedang,Risiko ketidakstabilan pesisir relatif tinggi.,mangrove-priority-2016-2025-v0.1
2129,137,MPR-4ED50D0F17,Tanjungpasir,Tanah Merah,Indragiri Hilir,0.29,P4,Perlindungan pantai dahulu,60.2,58,85,78,sedang,Risiko ketidakstabilan pesisir relatif tinggi.,mangrove-priority-2016-2025-v0.1
2130,138,MPR-5174DEC3E6,Tanjungpasir,Tanah Merah,Indragiri Hilir,0.29,P4,Perlindungan pantai dahulu,60.2,58,85,78,sedang,Risiko ketidakstabilan pesisir relatif tinggi.,mangrove-priority-2016-2025-v0.1
2131,139,MPR-848B331328,Tanjungpasir,Tanah Merah,Indragiri Hilir,0.29,P4,Perlindungan pantai dahulu,60.2,58,85,78,sedang,Risiko ketidakstabilan pesisir relatif tinggi.,mangrove-priority-2016-2025-v0.1
2132,140,MPR-F3744380F7,Tanjungpasir,Tanah Merah,Indragiri Hilir,0.29,P4,Perlindungan pantai dahulu,60.2,58,85,78,sedang,Risiko ketidakstabilan pesisir relatif tinggi.,mangrove-priority-2016-2025-v0.1
2133,141,MPR-1E677818F8,Tanjungpasir,Tanah Merah,Indragiri Hilir,0.28,P4,Perlindungan pantai dahulu,60.2,58,85,78,sedang,Risiko ketidakstabilan pesisir relatif tinggi.,mangrove-priority-2016-2025-v0.1
2134,142,MPR-4CEDEADEB2,Tanjungpasir,Tanah Merah,Indragiri Hilir,0.28,P4,Perlindungan pantai dahulu,60.2,58,85,78,sedang,Risiko ketidakstabilan pesisir relatif tinggi.,mangrove-priority-2016-2025-v0.1
2135,143,MPR-849EC49AE8,Tanjungpasir,Tanah Merah,Indragiri Hilir,0.28,P4,Perlindungan pantai dahulu,60.2,58,85,78,sedang,Risiko ketidakstabilan pesisir relatif tinggi.,mangrove-priority-2016-2025-v0.1
2136,144,MPR-9F71A03177,Tanjungpasir,Tanah Merah,Indragiri Hilir,0.28,P4,Perlindungan pantai dahulu,60.2,58,85,78,sedang,Risiko ketidakstabilan pesisir relatif tinggi.,mangrove-priority-2016-2025-v0.1
2137,145,MPR-7C4589058A,Tanjungpasir,Tanah Merah,Indragiri Hilir,0.27,P4,Perlindungan pantai dahulu,60.2,58,85,78,sedang,Risiko ketidakstabilan pesisir relatif tinggi.,mangrove-priority-2016-2025-v0.1
2138,146,MPR-FB68F5CAC6,Tanjungpasir,Tanah Merah,Indragiri Hilir,0.27,P4,Perlindungan pantai dahulu,60.2,58,85,78,sedang,Risiko ketidakstabilan pesisir relatif tinggi.,mangrove-priority-2016-2025-v0.1
2139,147,MPR-FCE48C2310,Tanjungpasir,Tanah Merah,Indragiri Hilir,0.27,P4,Perlindungan pantai dahulu,60.2,58,85,78,sedang,Risiko ketidakstabilan pesisir relatif tinggi.,mangrove-priority-2016-2025-v0.1
2140,148,MPR-197F789032,Tanjungpasir,Tanah Merah,Indragiri Hilir,0.26,P4,Perlindungan pantai dahulu,60.2,58,85,78,sedang,Risiko ketidakstabilan pesisir relatif tinggi.,mangrove-priority-2016-2025-v0.1
2141,149,MPR-AF63F58755,Tanjungpasir,Tanah Merah,Indragiri Hilir,0.26,P4,Perlindungan pantai dahulu,60.2,58,85,78,sedang,Risiko ketidakstabilan pesisir relatif tinggi.,mangrove-priority-2016-2025-v0.1
2142,150,MPR-C5834B621C,Tanjungpasir,Tanah Merah,Indragiri Hilir,0.26,P4,Perlindungan pantai dahulu,60.2,58,85,78,sedang,Risiko ketidakstabilan pesisir relatif tinggi.,mangrove-priority-2016-2025-v0.1
2143,151,MPR-40D530CE59,Tanjungpasir,Tanah Merah,Indragiri Hilir,0.25,P4,Perlindungan pantai dahulu,60.2,58,85,78,sedang,Risiko ketidakstabilan pesisir relatif tinggi.,mangrove-priority-2016-2025-v0.1
2144,152,MPR-D9C3B308E1,Tanjungpasir,Tanah Merah,Indragiri Hilir,0.25,P4,Perlindungan pantai dahulu,60.2,58,85,78,sedang,Risiko ketidakstabilan pesisir relatif tinggi.,mangrove-priority-2016-2025-v0.1
2145,153,MPR-F1AE37CEEB,Tanjungpasir,Tanah Merah,Indragiri Hilir,0.24,P4,Perlindungan pantai dahulu,60.2,58,85,78,sedang,Risiko ketidakstabilan pesisir relatif tinggi.,mangrove-priority-2016-2025-v0.1
2146,154,MPR-FEADE93CBB,Tanjungpasir,Tanah Merah,Indragiri Hilir,0.24,P4,Perlindungan pantai dahulu,60.2,58,85,78,sedang,Risiko ketidakstabilan pesisir relatif tinggi.,mangrove-priority-2016-2025-v0.1
2147,155,MPR-18434B026C,Tanjungpasir,Tanah Merah,Indragiri Hilir,0.23,P4,Perlindungan pantai dahulu,60.2,58,85,78,sedang,Risiko ketidakstabilan pesisir relatif tinggi.,mangrove-priority-2016-2025-v0.1
2148,156,MPR-A3BC598B5D,Tanjungpasir,Tanah Merah,Indragiri Hilir,0.23,P4,Perlindungan pantai dahulu,60.2,58,85,78,sedang,Risiko ketidakstabilan pesisir relatif tinggi.,mangrove-priority-2016-2025-v0.1
2149,157,MPR-A73C061396,Tanjungpasir,Tanah Merah,Indragiri Hilir,0.23,P4,Perlindungan pantai dahulu,60.2,58,85,78,sedang,Risiko ketidakstabilan pesisir relatif tinggi.,mangrove-priority-2016-2025-v0.1
2150,158,MPR-152F6B1E30,Tanjungpasir,Tanah Merah,Indragiri Hilir,0.22,P4,Perlindungan pantai dahulu,60.2,58,85,78,sedang,Risiko ketidakstabilan pesisir relatif tinggi.,mangrove-priority-2016-2025-v0.1
2151,159,MPR-9F6FDDD443,Tanjungpasir,Tanah Merah,Indragiri Hilir,0.22,P4,Perlindungan pantai dahulu,60.2,58,85,78,sedang,Risiko ketidakstabilan pesisir relatif tinggi.,mangrove-priority-2016-2025-v0.1
2152,160,MPR-A3544F752C,Tanjungpasir,Tanah Merah,Indragiri Hilir,0.22,P4,Perlindungan pantai dahulu,60.2,58,85,78,sedang,Risiko ketidakstabilan pesisir relatif tinggi.,mangrove-priority-2016-2025-v0.1
2153,161,MPR-590DA0905D,Tanjungpasir,Tanah Merah,Indragiri Hilir,0.21,P4,Perlindungan pantai dahulu,60.2,58,85,78,sedang,Risiko ketidakstabilan pesisir relatif tinggi.,mangrove-priority-2016-2025-v0.1
2154,162,MPR-AD146D728E,Tanjungpasir,Tanah Merah,Indragiri Hilir,0.21,P4,Perlindungan pantai dahulu,60.2,58,85,78,sedang,Risiko ketidakstabilan pesisir relatif tinggi.,mangrove-priority-2016-2025-v0.1
2155,163,MPR-C32B87DCEA,Tanjungpasir,Tanah Merah,Indragiri Hilir,0.21,P4,Perlindungan pantai dahulu,60.2,58,85,78,sedang,Risiko ketidakstabilan pesisir relatif tinggi.,mangrove-priority-2016-2025-v0.1
2156,164,MPR-1E3B697608,Tanjungpasir,Tanah Merah,Indragiri Hilir,0.2,P4,Perlindungan pantai dahulu,60.2,58,85,78,sedang,Risiko ketidakstabilan pesisir relatif tinggi.,mangrove-priority-2016-2025-v0.1
2157,165,MPR-52B90A4073,Tanjungpasir,Tanah Merah,Indragiri Hilir,0.2,P4,Perlindungan pantai dahulu,60.2,58,85,78,sedang,Risiko ketidakstabilan pesisir relatif tinggi.,mangrove-priority-2016-2025-v0.1
2158,166,MPR-C3058D0472,Tanjungpasir,Tanah Merah,Indragiri Hilir,0.2,P4,Perlindungan pantai dahulu,60.2,58,85,78,sedang,Risiko ketidakstabilan pesisir relatif tinggi.,mangrove-priority-2016-2025-v0.1
2159,167,MPR-EC27F2ABE0,Tanjungpasir,Tanah Merah,Indragiri Hilir,0.2,P4,Perlindungan pantai dahulu,60.2,58,85,78,sedang,Risiko ketidakstabilan pesisir relatif tinggi.,mangrove-priority-2016-2025-v0.1
2160,168,MPR-F90195BB91,Tanjungpasir,Tanah Merah,Indragiri Hilir,0.2,P4,Perlindungan pantai dahulu,60.2,58,85,78,sedang,Risiko ketidakstabilan pesisir relatif tinggi.,mangrove-priority-2016-2025-v0.1
2161,169,MPR-2247E2506C,Tanjungpasir,Tanah Merah,Indragiri Hilir,0.19,P4,Perlindungan pantai dahulu,60.2,58,85,78,sedang,Risiko ketidakstabilan pesisir relatif tinggi.,mangrove-priority-2016-2025-v0.1
2162,170,MPR-046618A3D6,Tanjungpasir,Tanah Merah,Indragiri Hilir,0.18,P4,Perlindungan pantai dahulu,60.2,58,85,78,sedang,Risiko ketidakstabilan pesisir relatif tinggi.,mangrove-priority-2016-2025-v0.1
2163,171,MPR-683759D0CB,Tanjungpasir,Tanah Merah,Indragiri Hilir,0.18,P4,Perlindungan pantai dahulu,60.2,58,85,78,sedang,Risiko ketidakstabilan pesisir relatif tinggi.,mangrove-priority-2016-2025-v0.1
2164,172,MPR-9059960C4D,Tanjungpasir,Tanah Merah,Indragiri Hilir,0.18,P4,Perlindungan pantai dahulu,60.2,58,85,78,sedang,Risiko ketidakstabilan pesisir relatif tinggi.,mangrove-priority-2016-2025-v0.1
2165,173,MPR-9A5E2DEFF3,Tanjungpasir,Tanah Merah,Indragiri Hilir,0.18,P4,Perlindungan pantai dahulu,60.2,58,85,78,sedang,Risiko ketidakstabilan pesisir relatif tinggi.,mangrove-priority-2016-2025-v0.1
2166,174,MPR-AC266ED071,Tanjungpasir,Tanah Merah,Indragiri Hilir,0.18,P4,Perlindungan pantai dahulu,60.2,58,85,78,sedang,Risiko ketidakstabilan pesisir relatif tinggi.,mangrove-priority-2016-2025-v0.1
2167,175,MPR-C5C30AC813,Tanjungpasir,Tanah Merah,Indragiri Hilir,0.18,P4,Perlindungan pantai dahulu,60.2,58,85,78,sedang,Risiko ketidakstabilan pesisir relatif tinggi.,mangrove-priority-2016-2025-v0.1
2168,176,MPR-C9391284F1,Tanjungpasir,Tanah Merah,Indragiri Hilir,0.18,P4,Perlindungan pantai dahulu,60.2,58,85,78,sedang,Risiko ketidakstabilan pesisir relatif tinggi.,mangrove-priority-2016-2025-v0.1
2169,177,MPR-CD275A473A,Tanjungpasir,Tanah Merah,Indragiri Hilir,0.18,P4,Perlindungan pantai dahulu,60.2,58,85,78,sedang,Risiko ketidakstabilan pesisir relatif tinggi.,mangrove-priority-2016-2025-v0.1
2170,178,MPR-CEBA437F8F,Tanjungpasir,Tanah Merah,Indragiri Hilir,0.18,P4,Perlindungan pantai dahulu,60.2,58,85,78,sedang,Risiko ketidakstabilan pesisir relatif tinggi.,mangrove-priority-2016-2025-v0.1
2171,179,MPR-F5B09B023C,Tanjungpasir,Tanah Merah,Indragiri Hilir,0.18,P4,Perlindungan pantai dahulu,60.2,58,85,78,sedang,Risiko ketidakstabilan pesisir relatif tinggi.,mangrove-priority-2016-2025-v0.1
2172,180,MPR-0BFD6FD19D,Tanjungpasir,Tanah Merah,Indragiri Hilir,0.17,P4,Perlindungan pantai dahulu,60.2,58,85,78,sedang,Risiko ketidakstabilan pesisir relatif tinggi.,mangrove-priority-2016-2025-v0.1
2173,181,MPR-31F3053F8F,Tanjungpasir,Tanah Merah,Indragiri Hilir,0.17,P4,Perlindungan pantai dahulu,60.2,58,85,78,sedang,Risiko ketidakstabilan pesisir relatif tinggi.,mangrove-priority-2016-2025-v0.1
2174,182,MPR-46B38D1EB0,Tanjungpasir,Tanah Merah,Indragiri Hilir,0.17,P4,Perlindungan pantai dahulu,60.2,58,85,78,sedang,Risiko ketidakstabilan pesisir relatif tinggi.,mangrove-priority-2016-2025-v0.1
2175,183,MPR-4819536D37,Tanjungpasir,Tanah Merah,Indragiri Hilir,0.17,P4,Perlindungan pantai dahulu,60.2,58,85,78,sedang,Risiko ketidakstabilan pesisir relatif tinggi.,mangrove-priority-2016-2025-v0.1
2176,184,MPR-578E48167A,Tanjungpasir,Tanah Merah,Indragiri Hilir,0.17,P4,Perlindungan pantai dahulu,60.2,58,85,78,sedang,Risiko ketidakstabilan pesisir relatif tinggi.,mangrove-priority-2016-2025-v0.1
2177,185,MPR-64B2E3C337,Tanjungpasir,Tanah Merah,Indragiri Hilir,0.17,P4,Perlindungan pantai dahulu,60.2,58,85,78,sedang,Risiko ketidakstabilan pesisir relatif tinggi.,mangrove-priority-2016-2025-v0.1
2178,186,MPR-A6EE50FA63,Tanjungpasir,Tanah Merah,Indragiri Hilir,0.17,P4,Perlindungan pantai dahulu,60.2,58,85,78,sedang,Risiko ketidakstabilan pesisir relatif tinggi.,mangrove-priority-2016-2025-v0.1
2179,187,MPR-AEB6C7A4AE,Tanjungpasir,Tanah Merah,Indragiri Hilir,0.17,P4,Perlindungan pantai dahulu,60.2,58,85,78,sedang,Risiko ketidakstabilan pesisir relatif tinggi.,mangrove-priority-2016-2025-v0.1
2180,188,MPR-BAA5F10DC2,Tanjungpasir,Tanah Merah,Indragiri Hilir,0.17,P4,Perlindungan pantai dahulu,60.2,58,85,78,sedang,Risiko ketidakstabilan pesisir relatif tinggi.,mangrove-priority-2016-2025-v0.1
2181,189,MPR-BFB18C2619,Tanjungpasir,Tanah Merah,Indragiri Hilir,0.17,P4,Perlindungan pantai dahulu,60.2,58,85,78,sedang,Risiko ketidakstabilan pesisir relatif tinggi.,mangrove-priority-2016-2025-v0.1
2182,190,MPR-DE8C4E78B0,Tanjungpasir,Tanah Merah,Indragiri Hilir,0.17,P4,Perlindungan pantai dahulu,60.2,58,85,78,sedang,Risiko ketidakstabilan pesisir relatif tinggi.,mangrove-priority-2016-2025-v0.1
2183,191,MPR-E587CADE7F,Tanjungpasir,Tanah Merah,Indragiri Hilir,0.17,P4,Perlindungan pantai dahulu,60.2,58,85,78,sedang,Risiko ketidakstabilan pesisir relatif tinggi.,mangrove-priority-2016-2025-v0.1
2184,288,MPR-D0AE495D65,Sungaibela,Kuala Indragiri,Indragiri Hilir,2.66,P4,Perlindungan pantai dahulu,60.1,60,81,76,tinggi,Risiko ketidakstabilan pesisir relatif tinggi.,mangrove-priority-2016-2025-v0.1
2185,192,MPR-B79EAC9A0D,Tanjungpasir,Tanah Merah,Indragiri Hilir,1.66,P4,Perlindungan pantai dahulu,60.0,60,83,80,sedang,Risiko ketidakstabilan pesisir relatif tinggi.,mangrove-priority-2016-2025-v0.1
2186,193,MPR-114AB0EED4,Tanjungpasir,Tanah Merah,Indragiri Hilir,1.56,P4,Perlindungan pantai dahulu,60.0,60,83,80,sedang,Risiko ketidakstabilan pesisir relatif tinggi.,mangrove-priority-2016-2025-v0.1
2187,194,MPR-4BC712C392,Tanjungpasir,Tanah Merah,Indragiri Hilir,1.55,P4,Perlindungan pantai dahulu,60.0,60,83,80,sedang,Risiko ketidakstabilan pesisir relatif tinggi.,mangrove-priority-2016-2025-v0.1
2188,56,MPR-E76AF67234,Sungaidanai,Pulau Burung,Indragiri Hilir,8.61,P4,Perlindungan pantai dahulu,59.9,72,73,90,sedang,Risiko ketidakstabilan pesisir relatif tinggi.,mangrove-priority-2016-2025-v0.1
2189,195,MPR-AD86317BE7,Tanjungpasir,Tanah Merah,Indragiri Hilir,0.41,P4,Perlindungan pantai dahulu,59.9,58,84,78,sedang,Risiko ketidakstabilan pesisir relatif tinggi.,mangrove-priority-2016-2025-v0.1
2190,196,MPR-C12B85553C,Tanjungpasir,Tanah Merah,Indragiri Hilir,0.41,P4,Perlindungan pantai dahulu,59.9,58,84,78,sedang,Risiko ketidakstabilan pesisir relatif tinggi.,mangrove-priority-2016-2025-v0.1
2191,197,MPR-EB9F63087C,Tanjungpasir,Tanah Merah,Indragiri Hilir,0.4,P4,Perlindungan pantai dahulu,59.9,58,84,78,sedang,Risiko ketidakstabilan pesisir relatif tinggi.,mangrove-priority-2016-2025-v0.1
2192,198,MPR-22C9D1F4AC,Tanjungpasir,Tanah Merah,Indragiri Hilir,0.37,P4,Perlindungan pantai dahulu,59.9,58,84,78,sedang,Risiko ketidakstabilan pesisir relatif tinggi.,mangrove-priority-2016-2025-v0.1
2193,199,MPR-63210DE51A,Tanjungpasir,Tanah Merah,Indragiri Hilir,0.36,P4,Perlindungan pantai dahulu,59.9,58,84,78,sedang,Risiko ketidakstabilan pesisir relatif tinggi.,mangrove-priority-2016-2025-v0.1
2194,142,MPR-26A0A48960,Kuala Selat,Kateman,Indragiri Hilir,9.69,P4,Perlindungan pantai dahulu,59.8,100,40,96,tinggi,Risiko ketidakstabilan pesisir relatif tinggi.,mangrove-priority-2016-2025-v0.1
2195,200,MPR-CC1EA89D42,Tanjungpasir,Tanah Merah,Indragiri Hilir,1.23,P4,Perlindungan pantai dahulu,59.8,59,83,79,sedang,Risiko ketidakstabilan pesisir relatif tinggi.,mangrove-priority-2016-2025-v0.1
2196,201,MPR-6A42315FF9,Tanjungpasir,Tanah Merah,Indragiri Hilir,1.17,P4,Perlindungan pantai dahulu,59.8,59,83,79,sedang,Risiko ketidakstabilan pesisir relatif tinggi.,mangrove-priority-2016-2025-v0.1
2197,202,MPR-51D9B3FFD6,Tanjungpasir,Tanah Merah,Indragiri Hilir,1.1,P4,Perlindungan pantai dahulu,59.8,59,83,79,sedang,Risiko ketidakstabilan pesisir relatif tinggi.,mangrove-priority-2016-2025-v0.1
2198,279,MPR-472446A8C1,Bakau Aceh,Mandah,Indragiri Hilir,12.24,P4,Perlindungan pantai dahulu,59.7,78,68,96,sedang,Risiko ketidakstabilan pesisir relatif tinggi.,mangrove-priority-2016-2025-v0.1
2199,203,MPR-D74DA9F7FA,Tanjungpasir,Tanah Merah,Indragiri Hilir,1.94,P4,Perlindungan pantai dahulu,59.7,60,82,80,sedang,Risiko ketidakstabilan pesisir relatif tinggi.,mangrove-priority-2016-2025-v0.1
2200,204,MPR-FFFA72172E,Tanjungpasir,Tanah Merah,Indragiri Hilir,1.94,P4,Perlindungan pantai dahulu,59.7,60,82,80,sedang,Risiko ketidakstabilan pesisir relatif tinggi.,mangrove-priority-2016-2025-v0.1
2201,143,MPR-1FA04A6ACF,Kuala Selat,Kateman,Indragiri Hilir,9.88,P4,Perlindungan pantai dahulu,59.6,100,40,97,tinggi,Risiko ketidakstabilan pesisir relatif tinggi.,mangrove-priority-2016-2025-v0.1
2202,289,MPR-D0FC366D6F,Sungaibela,Kuala Indragiri,Indragiri Hilir,4.81,P4,Perlindungan pantai dahulu,59.6,63,78,80,tinggi,Risiko ketidakstabilan pesisir relatif tinggi.,mangrove-priority-2016-2025-v0.1
2203,205,MPR-2DA95CFAF5,Tanjungpasir,Tanah Merah,Indragiri Hilir,3.28,P4,Perlindungan pantai dahulu,59.5,62,80,82,sedang,Risiko ketidakstabilan pesisir relatif tinggi.,mangrove-priority-2016-2025-v0.1
2204,206,MPR-FFD4AE0778,Tanjungpasir,Tanah Merah,Indragiri Hilir,2.89,P4,Perlindungan pantai dahulu,59.4,61,81,82,sedang,Risiko ketidakstabilan pesisir relatif tinggi.,mangrove-priority-2016-2025-v0.1
2205,207,MPR-F37BA4B447,Tanjungpasir,Tanah Merah,Indragiri Hilir,2.88,P4,Perlindungan pantai dahulu,59.4,61,81,82,sedang,Risiko ketidakstabilan pesisir relatif tinggi.,mangrove-priority-2016-2025-v0.1
2206,208,MPR-87A4C06EE9,Tanjungpasir,Tanah Merah,Indragiri Hilir,3.55,P4,Perlindungan pantai dahulu,59.3,62,80,83,sedang,Risiko ketidakstabilan pesisir relatif tinggi.,mangrove-priority-2016-2025-v0.1
2207,290,MPR-8CADF17598,Sungaibela,Kuala Indragiri,Indragiri Hilir,6.13,P4,Perlindungan pantai dahulu,59.0,64,76,82,tinggi,Risiko ketidakstabilan pesisir relatif tinggi.,mangrove-priority-2016-2025-v0.1
2208,57,MPR-8475CCDA11,Sungaidanai,Pulau Burung,Indragiri Hilir,14.39,P4,Perlindungan pantai dahulu,58.5,79,65,99,sedang,Risiko ketidakstabilan pesisir relatif tinggi.,mangrove-priority-2016-2025-v0.1
2209,144,MPR-A3C53298A6,Kuala Selat,Kateman,Indragiri Hilir,11.531,P4,Perlindungan pantai dahulu,58.5,100,38,99,tinggi,Risiko ketidakstabilan pesisir relatif tinggi.,mangrove-priority-2016-2025-v0.1
2210,145,MPR-9289396253,Kuala Selat,Kateman,Indragiri Hilir,13.72,P4,Perlindungan pantai dahulu,57.2,100,35,100,tinggi,Risiko ketidakstabilan pesisir relatif tinggi.,mangrove-priority-2016-2025-v0.1
2211,1,MPR-A7229BC768,Pandan Sari,Sungai Batang,Indragiri Hilir,0.59,P2,Regenerasi alami terbantu,57.2,32,79,24,tinggi,Kondisi biofisik relatif mendukung pemulihan vegetasi.,mangrove-priority-2016-2025-v0.1
2212,2,MPR-316D1CDB4E,Pandan Sari,Sungai Batang,Indragiri Hilir,0.21,P2,Regenerasi alami terbantu,57.2,31,80,24,tinggi,Kondisi biofisik relatif mendukung pemulihan vegetasi.,mangrove-priority-2016-2025-v0.1
2213,146,MPR-EFFAD61ADF,Kuala Selat,Kateman,Indragiri Hilir,14.01,P4,Perlindungan pantai dahulu,56.9,100,34,100,tinggi,Risiko ketidakstabilan pesisir relatif tinggi.,mangrove-priority-2016-2025-v0.1
2214,1,MPR-F302955A86,Batang Sari,Mandah,Indragiri Hilir,0.122,P2,Regenerasi alami terbantu,56.8,31,79,24,tinggi,Kondisi biofisik relatif mendukung pemulihan vegetasi.,mangrove-priority-2016-2025-v0.1
2215,2,MPR-035C60E616,Batang Sari,Mandah,Indragiri Hilir,0.117,P2,Regenerasi alami terbantu,56.8,31,79,24,tinggi,Kondisi biofisik relatif mendukung pemulihan vegetasi.,mangrove-priority-2016-2025-v0.1
2216,68,MPR-2973BA7089,Kelurahan Bandar Sri Gemilang,Kateman,Indragiri Hilir,33.02,P4,Perlindungan pantai dahulu,56.1,85,47,93,tinggi,Risiko ketidakstabilan pesisir relatif tinggi.,mangrove-priority-2016-2025-v0.1
2217,69,MPR-0543370147,Kelurahan Bandar Sri Gemilang,Kateman,Indragiri Hilir,22.8,P4,Perlindungan pantai dahulu,56.1,85,47,93,tinggi,Risiko ketidakstabilan pesisir relatif tinggi.,mangrove-priority-2016-2025-v0.1
2218,58,MPR-785F8FCA1F,Sungaidanai,Pulau Burung,Indragiri Hilir,26.968,P4,Perlindungan pantai dahulu,56.0,80,57,100,sedang,Risiko ketidakstabilan pesisir relatif tinggi.,mangrove-priority-2016-2025-v0.1
2219,147,MPR-FCD08BC0C9,Kuala Selat,Kateman,Indragiri Hilir,16.15,P4,Perlindungan pantai dahulu,55.9,100,31,100,tinggi,Risiko ketidakstabilan pesisir relatif tinggi.,mangrove-priority-2016-2025-v0.1
2220,209,MPR-E0987D9F4F,Tanjungpasir,Tanah Merah,Indragiri Hilir,81.13,P4,Perlindungan pantai dahulu,54.2,76,57,100,sedang,Risiko ketidakstabilan pesisir relatif tinggi.,mangrove-priority-2016-2025-v0.1
2221,148,MPR-821AD328DA,Kuala Selat,Kateman,Indragiri Hilir,49.0,P4,Perlindungan pantai dahulu,54.1,100,26,100,tinggi,Risiko ketidakstabilan pesisir relatif tinggi.,mangrove-priority-2016-2025-v0.1
