{"type":"FeatureCollection","features":[{"type":"Feature","properties":{"id":"rokan-hilir-bangko-bagan-punak-pesisir","village":"Bagan Punak Pesisir","district":"Bangko","regency":"Rokan Hilir","change":"erosion","baseline":"2016","current":"2025","confidence":"rendah","intervention":false,"analysisUnit":"continuous-landscape"},"geometry":{"type":"Polygon","coordinates":[[[100.7878569,2.1266956],[100.7877668,2.1265149],[100.7877671,2.1266957],[100.7878569,2.1266956]]]}},{"type":"Feature","properties":{"id":"rokan-hilir-bangko-bagan-punak-pesisir","village":"Bagan Punak Pesisir","district":"Bangko","regency":"Rokan Hilir","change":"accretion","baseline":"2016","current":"2025","confidence":"rendah","intervention":false,"analysisUnit":"continuous-landscape"},"geometry":{"type":"Polygon","coordinates":[[[100.7870586,2.1359202],[100.7866985,2.1354684],[100.7865187,2.1353782],[100.7864291,2.1356496],[100.7869689,2.1361011],[100.7870586,2.1359202]]]}},{"type":"Feature","properties":{"id":"rokan-hilir-bangko-kelurahan-bagan-barat","village":"Kelurahan Bagan Barat","district":"Bangko","regency":"Rokan Hilir","change":"accretion","baseline":"2016","current":"2025","confidence":"rendah","intervention":false,"analysisUnit":"continuous-landscape"},"geometry":{"type":"Polygon","coordinates":[[[100.7835606,2.1424351],[100.7838304,2.1425252],[100.7837403,2.1423444],[100.7835606,2.1424351]]]}},{"type":"Feature","properties":{"id":"rokan-hilir-bangko-kelurahan-bagan-hulu","village":"Kelurahan Bagan Hulu","district":"Bangko","regency":"Rokan Hilir","change":"accretion","baseline":"2016","current":"2025","confidence":"rendah","intervention":false,"analysisUnit":"continuous-landscape"},"geometry":{"type":"Polygon","coordinates":[[[100.7863402,2.1364636],[100.7861602,2.1362829],[100.7858908,2.1365545],[100.7857115,2.1369164],[100.7858016,2.1370972],[100.7863402,2.1364636]]]}},{"type":"Feature","properties":{"id":"rokan-hilir-bangko-parit-aman","village":"Parit Aman","district":"Bangko","regency":"Rokan Hilir","change":"accretion","baseline":"2016","current":"2025","confidence":"rendah","intervention":false,"analysisUnit":"continuous-landscape"},"geometry":{"type":"MultiPolygon","coordinates":[[[[100.8092463,2.2732519],[100.8083466,2.2726201],[100.8081663,2.2721682],[100.8078967,2.2722589],[100.808437,2.2729817],[100.8091567,2.2734329],[100.8092463,2.2732519]]],[[[100.8098761,2.2737033],[100.810056,2.2737935],[100.8101457,2.2736125],[100.8099658,2.2735223],[100.8098761,2.2737033]]],[[[100.8115847,2.2741532],[100.8109552,2.2739732],[100.8108651,2.2737924],[100.8106854,2.2738831],[100.8106856,2.274064],[100.8110453,2.2741539],[100.8112254,2.274425],[100.811585,2.2744245],[100.8115847,2.2741532]]],[[[100.8121244,2.2744238],[100.8121247,2.2746951],[100.8123045,2.2746949],[100.8123946,2.2748756],[100.8126642,2.2747849],[100.8125741,2.2746041],[100.8121244,2.2744238]]],[[[100.8155453,2.2783983],[100.8150942,2.2771329],[100.8144636,2.2760486],[100.812844,2.2747846],[100.8127543,2.2749656],[100.814284,2.2762296],[100.8146443,2.2767717],[100.8151858,2.2784891],[100.8154556,2.2785792],[100.8155453,2.2783983]]]]}},{"type":"Feature","properties":{"id":"rokan-hilir-kubu-telukpiyai","village":"Telukpiyai","district":"Kubu","regency":"Rokan Hilir","change":"erosion","baseline":"2016","current":"2025","confidence":"rendah","intervention":false,"analysisUnit":"continuous-landscape"},"geometry":{"type":"MultiPolygon","coordinates":[[[[100.6487022,2.1196167],[100.6486122,2.1195264],[100.6486123,2.1196168],[100.6487022,2.1196167]]],[[[100.6494229,2.1210629],[100.6493331,2.1211534],[100.649423,2.1211533],[100.6494229,2.1210629]]],[[[100.6498736,2.1222381],[100.6497838,2.1223286],[100.6498737,2.1223285],[100.6498736,2.1222381]]],[[[100.64574438013841,2.127741025259271],[100.6456544,2.1276686],[100.6456545,2.1277591],[100.64574438013841,2.127741025259271]]],[[[100.6343331,2.1324738],[100.64009014520009,2.1302937202200187],[100.64519014520009,2.1280937202200185],[100.6456545,2.1277591],[100.6449356,2.1279407],[100.6448459,2.1281217],[100.6436777,2.1284847],[100.6431387,2.128847],[100.6427791,2.1288474],[100.6417011,2.1294816],[100.6405328,2.1297541],[100.6404431,2.1299351],[100.6388258,2.1306603],[100.6384662,2.1306607],[100.638107,2.1309324],[100.63613,2.1315675],[100.6360403,2.1317485],[100.6356807,2.1317489],[100.635591,2.1319298],[100.6352315,2.1319302],[100.6351418,2.1321112],[100.6347822,2.1321116],[100.6343331,2.1324738]]],[[[100.6337939,2.1326552],[100.6339325311828,2.132745545905247],[100.6341534,2.1325644],[100.6339735,2.1324742],[100.6337939,2.1326552]]],[[[100.633794,2.1327457],[100.6336143,2.1328363],[100.63379406900134,2.1328080772130016],[100.633794,2.1327457]]],[[[100.6332548,2.1328367],[100.6314578,2.1336525],[100.63172453969717,2.133742703350365],[100.6336143,2.1328363],[100.6332548,2.1328367]]],[[[100.61914453248998,2.137554302188554],[100.62375330855096,2.1363737738986917],[100.62471836409013,2.1360690195178993],[100.6247182,2.1359206],[100.62519002145342,2.1359200750873852],[100.62749014520008,2.135193720220018],[100.6313681747165,2.133901043714549],[100.6314578,2.1336525],[100.6310086,2.1339243],[100.63002,2.1341062],[100.6298404,2.1342873],[100.629301,2.1342879],[100.6283127,2.1347411],[100.6271443,2.1349232],[100.6269647,2.1351043],[100.6265152,2.1351048],[100.6261559,2.1353764],[100.6250776,2.1357393],[100.6246281,2.1357398],[100.6244486,2.1360113],[100.6232802,2.1361934],[100.6230107,2.1363746],[100.6223814,2.1363752],[100.6216626,2.1366473],[100.6210333,2.136648],[100.6203146,2.1370105],[100.6197752,2.1370111],[100.6182478,2.1377362],[100.6178881,2.1376461],[100.6177086,2.1379176],[100.61796881309539,2.1380077737759766],[100.61914453248998,2.137554302188554]]],[[[100.59079014520009,2.1474937202200177],[100.59443476127201,2.146408089900722],[100.5945245,2.1462622],[100.59552821648352,2.1460802832964587],[100.60683577420018,2.1420658511611634],[100.6067457,2.1419084],[100.60728358103623,2.141907801689615],[100.6095315,2.1410011],[100.60985047550932,2.1410007451095803],[100.6150131,2.1391866],[100.6151927,2.1390055],[100.6155086218993,2.139005148585207],[100.61690007783959,2.138441044825629],[100.6174387,2.137737],[100.6170791,2.1377374],[100.6170794,2.1380087],[100.6163608,2.1384617],[100.6145634,2.1389157],[100.6144737,2.1390967],[100.6140242,2.1390972],[100.6130358,2.1395504],[100.6125864,2.1395509],[100.6119575,2.1399133],[100.6113283,2.1400044],[100.6112386,2.1401854],[100.6105196,2.140367],[100.6101603,2.1406387],[100.6091716,2.1407302],[100.6080034,2.1410931],[100.6079137,2.1412741],[100.6071949,2.1416366],[100.6065657,2.1417277],[100.6062964,2.1420897],[100.6048584,2.1423625],[100.6036005,2.1429969],[100.6022524,2.1432697],[100.6020729,2.1435412],[100.6006349,2.1439044],[100.6003655,2.144176],[100.5996465,2.1442672],[100.5990176,2.1446296],[100.5985681,2.1446301],[100.5983886,2.1449016],[100.5964114,2.1453558],[100.5962318,2.1455369],[100.5957823,2.1455374],[100.5948839,2.1460809],[100.5942547,2.1460816],[100.5941649,2.1462626],[100.5929965,2.1464447],[100.5920979,2.1468073],[100.5912889,2.1468082],[100.59034477039397,2.1472613507559575],[100.59079014520009,2.1474937202200177]]]]}},{"type":"Feature","properties":{"id":"rokan-hilir-kubu-telukpiyai","village":"Telukpiyai","district":"Kubu","regency":"Rokan Hilir","change":"accretion","baseline":"2016","current":"2025","confidence":"rendah","intervention":false,"analysisUnit":"continuous-landscape"},"geometry":{"type":"MultiPolygon","coordinates":[[[[100.6339731,2.132022],[100.6337935,2.1322031],[100.6340633,2.1323837],[100.634153,2.1322027],[100.6339731,2.132022]]],[[[100.5880504,2.1446411],[100.5882303,2.1447313],[100.58832,2.1445504],[100.5881401,2.1444601],[100.5880504,2.1446411]]],[[[100.5888604,2.1455446],[100.5883203,2.1448217],[100.5881406,2.1449123],[100.5882309,2.1453644],[100.5884108,2.1454546],[100.5885015,2.146178],[100.5886811,2.1460874],[100.5886807,2.1456352],[100.5888604,2.1455446]]]]}},{"type":"Feature","properties":{"id":"rokan-hilir-kubu-telukpiyai-pesisir","village":"Telukpiyai Pesisir","district":"Kubu","regency":"Rokan Hilir","change":"erosion","baseline":"2016","current":"2025","confidence":"tinggi","intervention":false,"analysisUnit":"continuous-landscape"},"geometry":{"type":"MultiPolygon","coordinates":[[[[100.5460067,2.1720873],[100.5459169,2.1721779],[100.54600606460208,2.1721778008180177],[100.5460067,2.1720873]]],[[[100.545827,2.1722684],[100.5459169,2.1721779],[100.545827,2.172178],[100.545827,2.1722684]]],[[[100.545827,2.1722684],[100.5457372,2.1723589],[100.54582506315442,2.1723588022656792],[100.545827,2.1722684]]],[[[100.5456474,2.1724495],[100.5457372,2.1723589],[100.5456473,2.172359],[100.5456474,2.1724495]]],[[[100.5456474,2.1724495],[100.5455576,2.17254],[100.54564396148405,2.1725399039360576],[100.5456474,2.1724495]]],[[[100.5453778,2.1725402],[100.5444797,2.1733551],[100.5444799,2.1735359],[100.5455576,2.17254],[100.5453778,2.1725402]]],[[[100.5444799,2.1736074371377314],[100.54439,2.173536],[100.54439,2.1736265],[100.5444799,2.1736074371377314]]],[[[100.5441205,2.1738076],[100.54439,2.1736265],[100.5442102,2.1736267],[100.5441205,2.1738076]]],[[[100.5440307,2.1738982],[100.5441205,2.1738076],[100.5440306,2.1738077],[100.5440307,2.1738982]]],[[[100.5440307,2.1738982],[100.5439409,2.1739887],[100.54403075829474,2.173950898441757],[100.5440307,2.1738982]]],[[[100.543851,2.1739888],[100.54394093416757,2.1740195874801813],[100.5439409,2.1739887],[100.543851,2.1739888]]],[[[100.5435816,2.1742604],[100.5434918,2.1743509],[100.54358163754836,2.1742943437183966],[100.5435816,2.1742604]]],[[[100.543312,2.1743511],[100.54349181342118,2.174363032756821],[100.5434918,2.1743509],[100.543312,2.1743511]]],[[[100.5433121650949,2.1745004108886867],[100.5432222,2.1744416],[100.5432223,2.1745321],[100.5433121650949,2.1745004108886867]]],[[[100.5425935,2.1750753],[100.54250369623449,2.175162492220079],[100.54259351411237,2.175088071692702],[100.5425935,2.1750753]]],[[[100.5424138,2.175166],[100.542324,2.1752565],[100.54241387844323,2.1752369126757016],[100.5424138,2.175166]]],[[[100.542324,2.1752565],[100.5422342,2.175347],[100.54232406065611,2.1753113331278806],[100.542324,2.1752565]]],[[[100.5421443,2.1753471],[100.54223424282168,2.17538575361927],[100.5422342,2.175347],[100.5421443,2.1753471]]],[[[100.5421444,2.1754376],[100.5419647,2.1755282],[100.54214442497138,2.175460174123806],[100.5421444,2.1754376]]],[[[100.5416953,2.1757998],[100.5416055,2.1758903],[100.5416953359253,2.1758322764762656],[100.5416953,2.1757998]]],[[[100.5416055181382,2.1759066969284397],[100.5415156,2.1758904],[100.5415157,2.1759808],[100.5416055181382,2.1759066969284397]]],[[[100.5411563,2.1762525],[100.5410665,2.1763431],[100.54115632915148,2.176278882088863],[100.5411563,2.1762525]]],[[[100.54106651128606,2.1763533026059183],[100.5409766,2.1763431],[100.54097669350614,2.1764277230521474],[100.54106651128606,2.1763533026059183]]],[[[100.54079705792473,2.176576563962447],[100.5407071,2.1765243],[100.5407072,2.1766147],[100.54079705792473,2.176576563962447]]],[[[100.5407072,2.1766147],[100.5406174,2.1767053],[100.54070724009331,2.1766509844513426],[100.5407072,2.1766147]]],[[[100.5405275,2.1767054],[100.54061742224,2.176725404958375],[100.5406174,2.1767053],[100.5405275,2.1767054]]],[[[100.5395395,2.1776108],[100.5393597,2.177611],[100.5393598,2.1777014],[100.5394410379018,2.1777013096352595],[100.5395395,2.1776108]]],[[[100.5393598,2.1777014],[100.53927,2.1777919],[100.5393598747186,2.1777689456212523],[100.5393598,2.1777014]]],[[[100.5390904,2.177973],[100.5389107,2.1780636],[100.53909042266483,2.1779934889993986],[100.5390904,2.177973]]],[[[100.5389107,2.1780636],[100.5388209,2.1781541],[100.53891078803598,2.1781431845234427],[100.5389107,2.1780636]]],[[[100.5387311,2.1782447],[100.5388209,2.1781541],[100.538731,2.1781542],[100.5387311,2.1782447]]],[[[100.5361262,2.1804179],[100.5360364,2.1805084],[100.53612627404183,2.1804848338094676],[100.5361262,2.1804179]]],[[[100.5324435,2.183587],[100.533252,2.1829531],[100.5329823,2.1829534],[100.5324435,2.183587]]],[[[100.5321741367748,2.183891881195263],[100.5320842,2.1838587],[100.5320843,2.1839492],[100.5321741367748,2.183891881195263]]],[[[100.59034477039397,2.1472613507559575],[100.5894018,2.1475337],[100.5892218,2.147353],[100.589222,2.1475339],[100.589492,2.1478049],[100.5899415,2.1478044],[100.59079014520009,2.1474937202200177],[100.59034477039397,2.1472613507559575]]],[[[100.5883221,2.1466304],[100.588232,2.1463592],[100.5882322,2.1466305],[100.5883221,2.1466304]]],[[[100.5884121,2.1467208],[100.5883223,2.1468113],[100.5884122,2.1468112],[100.5884121,2.1467208]]],[[[100.5515756,2.1673788],[100.5569649,2.1629418],[100.5582227,2.1621265],[100.5585819,2.1617644],[100.5585815,2.1614026],[100.55910758402729,2.161492514923218],[100.5600192,2.1607681],[100.56136698550398,2.160030095589864],[100.5618159,2.1595001],[100.56253140829541,2.1593185038839873],[100.5628042,2.1589564],[100.56327260134495,2.15886555257594],[100.56738635355916,2.1563774081889524],[100.5674753,2.155515],[100.5677453,2.155786],[100.5683747,2.1558758],[100.57187915288297,2.154382559090384],[100.5720587,2.1541537],[100.57222850350345,2.1542439112308083],[100.57376628961087,2.153690308232135],[100.5740358,2.1535185],[100.5740356,2.1533377],[100.57449606849444,2.15342758783405],[100.57834924761433,2.1520196909588094],[100.5785287,2.1517051],[100.5789783,2.1517951],[100.58086555558167,2.1513007458252815],[100.583741,2.1500718],[100.58526888612046,2.14969593901808],[100.5856281,2.1493463],[100.5858978,2.1494365],[100.5860774,2.1492554],[100.58625728558107,2.149332665288329],[100.58670659175866,2.1491568498275346],[100.5870658,2.1488022],[100.5870656,2.1485309],[100.5872456,2.148802],[100.5876142686078,2.1488016719300487],[100.58895309588335,2.148253878557976],[100.5890423,2.1476245],[100.5888624,2.1475342],[100.5885932,2.1479867],[100.5879639,2.1479874],[100.5871554,2.1484404],[100.5868856,2.1483502],[100.5865264,2.1487123],[100.5853579,2.1488944],[100.5852682,2.1490754],[100.5845494,2.1494379],[100.5841898,2.1494383],[100.5835609,2.1498007],[100.5830216,2.1498917],[100.5826624,2.1502538],[100.5821231,2.1502544],[100.5817638,2.1506165],[100.5811346,2.1506172],[100.5807754,2.1509793],[100.580236,2.1509798],[100.5795172,2.1513423],[100.5789778,2.1513429],[100.5788881,2.1515239],[100.5782588,2.1515245],[100.5781691,2.1517055],[100.5773604,2.1520681],[100.5770008,2.151978],[100.5768212,2.1522495],[100.5757427,2.1524315],[100.5746645,2.1529753],[100.5740352,2.1529759],[100.5734963,2.1534287],[100.5728671,2.1535198],[100.5725078,2.1537914],[100.5717885,2.1537017],[100.5715193,2.1541542],[100.5710698,2.1541547],[100.5700815,2.1546983],[100.5693624,2.1547895],[100.5681945,2.1555142],[100.5674752,2.1554245],[100.5672952,2.1551534],[100.5672946,2.1546108],[100.5661259,2.1545216],[100.5658558,2.1541601],[100.5660361,2.1546121],[100.5667552,2.1546113],[100.5671153,2.1550632],[100.5672057,2.1555153],[100.5671164,2.1561484],[100.5669368,2.1563295],[100.5666671,2.1563298],[100.5655889,2.1568735],[100.564511,2.1576886],[100.5635225,2.1580513],[100.5628936,2.1585042],[100.562624,2.1585044],[100.5623546,2.1588665],[100.5618155,2.1591383],[100.5614559,2.1591387],[100.5612766,2.1595911],[100.560378,2.1599538],[100.5590308,2.1612213],[100.5585813,2.1611313],[100.5580428,2.1620363],[100.5566053,2.1629421],[100.5562463,2.1634851],[100.5560665,2.1634853],[100.5550786,2.1643907],[100.5547191,2.1644815],[100.5546294,2.1647529],[100.5543597,2.1647532],[100.5531026,2.1661111],[100.5529228,2.1661113],[100.5515756,2.1673788]]],[[[100.5515756,2.1673788],[100.5513061,2.16756],[100.5511265,2.167741],[100.5515756,2.1673788]]],[[[100.55109476469931,2.1678315],[100.5509467,2.1677412],[100.5507671,2.1680127],[100.55084845577368,2.168012609504145],[100.55109476469931,2.1678315]]],[[[100.55076716601923,2.1680723813824145],[100.5506772,2.1680128],[100.5506773,2.1681032],[100.55076716601923,2.1680723813824145]]],[[[100.5506773,2.1681032],[100.5505875,2.1681938],[100.55067733892896,2.168138430713488],[100.5506773,2.1681032]]],[[[100.5473532,2.1701867],[100.5472634,2.1702773],[100.5473533,2.1702772],[100.5473532,2.1701867]]],[[[100.5478029152104,2.1703809502096996],[100.547713,2.1703673],[100.5477131,2.1704577],[100.5478029152104,2.1703809502096996]]],[[[100.5472639,2.1707295],[100.547264,2.1709103],[100.5472735654201,2.1709103],[100.5474437,2.1707293],[100.5472639,2.1707295]]],[[[100.5460965,2.1719968],[100.54609659996183,2.1720872654582726],[100.5461864,2.1719967],[100.5460965,2.1719968]]]]}},{"type":"Feature","properties":{"id":"rokan-hilir-kubu-telukpiyai-pesisir","village":"Telukpiyai Pesisir","district":"Kubu","regency":"Rokan Hilir","change":"accretion","baseline":"2016","current":"2025","confidence":"tinggi","intervention":false,"analysisUnit":"continuous-landscape"},"geometry":{"type":"MultiPolygon","coordinates":[[[[100.5884115,2.1460877],[100.58841673310795,2.146073483943602],[100.58841146681337,2.1460576850598923],[100.5884115,2.1460877]]],[[[100.5885919,2.1467206],[100.5887718,2.1468108],[100.5888615,2.1466299],[100.5886816,2.1465396],[100.5885919,2.1467206]]],[[[100.5467239,2.1701874],[100.5469038,2.1702776],[100.5469935,2.1700967],[100.5468136,2.1700064],[100.5467239,2.1701874]]]]}},{"type":"Feature","properties":{"id":"rokan-hilir-kubu-babussalam-pulauhalang-belakang","village":"Pulauhalang Belakang","district":"Kubu Babussalam","regency":"Rokan Hilir","change":"erosion","baseline":"2016","current":"2025","confidence":"tinggi","intervention":false,"analysisUnit":"continuous-landscape"},"geometry":{"type":"Polygon","coordinates":[[[100.6336117,2.2139564],[100.6332508,2.2127812],[100.6331588,2.2108821],[100.6336977,2.2104294],[100.6338766,2.2096153],[100.6336066,2.2093443],[100.633247,2.2093447],[100.6329763,2.2084406],[100.6331559,2.2082595],[100.6331555,2.2078074],[100.6333349,2.2075359],[100.6334232,2.2059984],[100.6336028,2.2058173],[100.6339611,2.2046413],[100.633871,2.2044605],[100.634229,2.2030131],[100.6342279,2.2020183],[100.6344075,2.2018373],[100.6344068,2.2012042],[100.6346762,2.2009326],[100.6345861,2.2007519],[100.6348546,2.1996664],[100.63369014520009,2.2019937202200186],[100.63351,2.2031948],[100.6336907,2.2040085],[100.6335111,2.2041896],[100.6335114,2.2044609],[100.6332419,2.204642],[100.6332426,2.2052751],[100.63282734746606,2.2058181625723403],[100.6327943,2.2063608],[100.63263972984397,2.2064513720468923],[100.63243556165892,2.207140439671455],[100.6327055,2.2073557],[100.6327058,2.207627],[100.63239014520009,2.2081699517850946],[100.63239014520009,2.2094360533423805],[100.6327978,2.2096165],[100.6327082,2.2098879],[100.6328882,2.2100685],[100.632619,2.210521],[100.6327092,2.2107922],[100.6324399,2.2111542],[100.6325397858605,2.2129627911169516],[100.6328017,2.2131434],[100.6327124,2.2136861],[100.6329826,2.214138],[100.6328931680798,2.214561378181983],[100.63340413712902,2.215855833106642],[100.6336117,2.2139564]]]}},{"type":"Feature","properties":{"id":"rokan-hilir-kubu-babussalam-pulauhalang-hulu","village":"Pulauhalang Hulu","district":"Kubu Babussalam","regency":"Rokan Hilir","change":"erosion","baseline":"2016","current":"2025","confidence":"rendah","intervention":false,"analysisUnit":"continuous-landscape"},"geometry":{"type":"Polygon","coordinates":[[[100.683363,2.1680511],[100.6835412,2.1666944],[100.68336140972015,2.1666129900506275],[100.683363,2.1680511]]]}},{"type":"Feature","properties":{"id":"rokan-hilir-kubu-babussalam-sungaipanji-panji","village":"Sungaipanji-Panji","district":"Kubu Babussalam","regency":"Rokan Hilir","change":"erosion","baseline":"2016","current":"2025","confidence":"rendah","intervention":false,"analysisUnit":"continuous-landscape"},"geometry":{"type":"MultiPolygon","coordinates":[[[[100.68758383915853,2.118308543894151],[100.68870087848849,2.1172930535941976],[100.6887008,2.1172221],[100.688521,2.1172223],[100.6879824,2.1178559],[100.6876229,2.1179468],[100.6867249,2.1187616],[100.68758383915853,2.118308543894151]]],[[[100.686635,2.1187617],[100.68672494878349,2.118805749059724],[100.6867249,2.1187616],[100.686635,2.1187617]]],[[[100.68654525553868,2.118902506960778],[100.6864553,2.1188524],[100.6864554,2.1189428],[100.68654525553868,2.118902506960778]]],[[[100.6863656,2.1189429],[100.6862758,2.1190334],[100.6863656,2.118999244558525],[100.6863656,2.1189429]]],[[[100.6861859,2.1190335],[100.6860961,2.1191241],[100.68618596902644,2.119095968928902],[100.6861859,2.1190335]]],[[[100.65396204620522,2.1248562548935306],[100.6603029,2.1240355],[100.66695465227197,2.1238947061346876],[100.6742345543982,2.12280353036153],[100.6774695,2.121756],[100.6812901452001,2.1208937202200193],[100.68483835646522,2.119809544555673],[100.6860062,2.1191241],[100.6844788,2.1197589],[100.6827712,2.1201224],[100.6825018,2.1203036],[100.6780981,2.1212127],[100.6774693,2.1215752],[100.6770199,2.1215757],[100.6754924,2.1222104],[100.6703698,2.1233011],[100.6665948,2.123667],[100.6652463,2.1234876],[100.66219,2.1234909],[100.6607518,2.1235828],[100.657786,2.1241287],[100.6568871,2.1241296],[100.6564378,2.124311],[100.6535613,2.1243141],[100.65396204620522,2.1248562548935306]]],[[[100.6522106,2.1220547],[100.65218849992465,2.1221451246941885],[100.6522107,2.1221451],[100.6522106,2.1220547]]],[[[100.6523005,2.122145],[100.65223582477344,2.122235472132769],[100.6523006,2.1222354],[100.6523005,2.122145]]],[[[100.6530205,2.1229581],[100.6523006,2.1222354],[100.6527566076448,2.1232296939781237],[100.6532012,2.1237719],[100.6530205,2.1229581]]],[[[100.6532912,2.1238622],[100.6532012,2.1237719],[100.65321656729817,2.123862283017466],[100.6532912,2.1238622]]],[[[100.6533812,2.1239525],[100.65335212937097,2.1240430324478634],[100.6533813,2.124043],[100.6533812,2.1239525]]]]}},{"type":"Feature","properties":{"id":"rokan-hilir-kubu-babussalam-sungaipanji-panji","village":"Sungaipanji-Panji","district":"Kubu Babussalam","regency":"Rokan Hilir","change":"accretion","baseline":"2016","current":"2025","confidence":"rendah","intervention":false,"analysisUnit":"continuous-landscape"},"geometry":{"type":"MultiPolygon","coordinates":[[[[100.6465233,2.0991809],[100.6467032,2.0992711],[100.6467929,2.0990902],[100.646613,2.0989999],[100.6465233,2.0991809]]],[[[100.6467033,2.0993616],[100.6465234,2.0992713],[100.6464337,2.0994523],[100.6466136,2.0995425],[100.6467033,2.0993616]]],[[[100.6463441,2.0997237],[100.646524,2.0998139],[100.6466137,2.099633],[100.6464338,2.0995427],[100.6463441,2.0997237]]],[[[100.6462551,2.1005377],[100.6465248,2.1005374],[100.6464343,2.0999949],[100.6462546,2.1000855],[100.6462551,2.1005377]]],[[[100.6461659,2.1011708],[100.6464355,2.1011705],[100.6463451,2.100628],[100.6461654,2.1007186],[100.6461659,2.1011708]]],[[[100.6458984,2.1032511],[100.646168,2.1032508],[100.6460778,2.1028892],[100.6458981,2.1029798],[100.6458984,2.1032511]]],[[[100.6458997,2.1045172],[100.6461694,2.1045169],[100.6460792,2.1042457],[100.6458995,2.1043363],[100.6458997,2.1045172]]],[[[100.6459908,2.1056927],[100.6461706,2.1056925],[100.6460802,2.1052405],[100.6459006,2.1053311],[100.6459908,2.1056927]]],[[[100.6459012,2.1059641],[100.646171,2.1060543],[100.6460809,2.1058735],[100.6459012,2.1059641]]],[[[100.6460822,2.1071396],[100.6462621,2.1072298],[100.6463518,2.1070489],[100.6461719,2.1069586],[100.6460822,2.1071396]]],[[[100.6462632,2.108315],[100.6464431,2.1084053],[100.6465328,2.1082243],[100.6463529,2.1081341],[100.6462632,2.108315]]],[[[100.67198064529327,2.0641560383255917],[100.6738112,2.0626167],[100.6752491,2.0623439],[100.6770475,2.062975],[100.6775873,2.0634266],[100.67856532383819,2.063696912209301],[100.678666,2.0635159],[100.6779465,2.0631549],[100.6774067,2.0626129],[100.6767774,2.0625232],[100.6765973,2.062252],[100.675968,2.0621623],[100.675788,2.0619816],[100.6754286,2.0620724],[100.6752486,2.0618917],[100.6747093,2.0618923],[100.673631,2.0622552],[100.6733617,2.0625268],[100.6728224,2.0626178],[100.6722841,2.0635227],[100.671835,2.0638849],[100.6718352,2.0640657],[100.67198064529327,2.0641560383255917]]],[[[100.6703991,2.0660568],[100.67129670588425,2.0648855193648146],[100.6712067,2.0647899],[100.6705781,2.0653331],[100.6700397,2.066238],[100.6700401,2.0665998],[100.6698604,2.0666904],[100.6699513,2.0676851],[100.670106098153,2.0675945],[100.6703991,2.0660568]]],[[[100.6750858,2.0780794],[100.6770628,2.0775347],[100.6781408,2.0769006],[100.6786794,2.0762669],[100.6788592,2.0762668],[100.6793978,2.0755427],[100.6795769,2.0749095],[100.6797565,2.0748189],[100.6802942,2.0732809],[100.6812819,2.0721947],[100.6814616,2.0721945],[100.6824494,2.0712891],[100.6824492,2.0711082],[100.6832573,2.0702031],[100.6838845,2.0683033],[100.6838827,2.0665851],[100.6836117,2.0653193],[100.6828018,2.0645063],[100.6819925,2.0641454],[100.6817229,2.0642361],[100.6816328,2.0640554],[100.680015,2.0641475],[100.68096997406784,2.0645986560454213],[100.6816334,2.064598],[100.6824429,2.0650493],[100.6828928,2.0655009],[100.6829831,2.065953],[100.683163,2.0660432],[100.6833438,2.0670378],[100.6833455,2.0686656],[100.6820898,2.0711991],[100.68029397815066,2.0729898872694554],[100.6783198,2.0761769],[100.676613,2.0771735],[100.6762534,2.0771739],[100.6758043,2.0774456],[100.67519349100436,2.0774462795260695],[100.6743665,2.0778089],[100.6704113,2.0777227],[100.6707712,2.078084],[100.6712206,2.0779931],[100.6717601,2.0781734],[100.6750858,2.0780794]]],[[[100.6634914,2.0790865],[100.6636712,2.0791768],[100.6637609,2.0789958],[100.66367010903564,2.0789055008808064],[100.6634914,2.0790865]]],[[[100.6621442,2.0801732],[100.663132,2.0792678],[100.66279014520009,2.0792937202200186],[100.6619643,2.0800829],[100.6621442,2.0801732]]],[[[100.6574748,2.0847902],[100.6584626,2.0838849],[100.6584624,2.083704],[100.6589114,2.0832513],[100.6592708,2.0830701],[100.6595399,2.0825272],[100.6601686,2.0820744],[100.6601684,2.0818935],[100.6613357,2.0807166],[100.6615155,2.0807164],[100.6619645,2.0802638],[100.6618744,2.080083],[100.65999014520008,2.0816937202200183],[100.6572945564051,2.084389309014996],[100.6572951,2.0848809],[100.6569358,2.0851525],[100.6574753,2.0852424],[100.6574748,2.0847902]]],[[[100.6559481,2.0861484],[100.656128,2.0862386],[100.6562177,2.0860576],[100.6560378,2.0859674],[100.6559481,2.0861484]]],[[[100.6533446,2.0893163],[100.6540628,2.0884112],[100.6546915,2.0878679],[100.6546913,2.0876871],[100.6555893,2.0868722],[100.6557688,2.0866007],[100.6556787,2.08642],[100.6531648,2.0892261],[100.6533446,2.0893163]]],[[[100.6529852,2.0894071],[100.6532549,2.0894973],[100.6531649,2.0893165],[100.6529852,2.0894071]]],[[[100.6518179,2.0906744],[100.6515485,2.0908556],[100.6516385,2.0910364],[100.651908,2.0908552],[100.6518179,2.0906744]]],[[[100.6509205,2.0920319],[100.6515489,2.0913078],[100.6514589,2.091127],[100.6507406,2.0919417],[100.6509205,2.0920319]]],[[[100.6500227,2.0931181],[100.6503817,2.0925751],[100.6502916,2.0923943],[100.6493938,2.09339],[100.6495736,2.0934803],[100.6500227,2.0931181]]],[[[100.6493939,2.0935709],[100.6491245,2.0937521],[100.6492145,2.0939328],[100.649484,2.0937517],[100.6493939,2.0935709]]],[[[100.6482275,2.0955617],[100.6487659,2.0946568],[100.6486758,2.094476],[100.6484063,2.0946572],[100.6484066,2.0949285],[100.6478679,2.0955621],[100.647958,2.0957428],[100.6482275,2.0955617]]],[[[100.6476892,2.096557],[100.6478688,2.0964664],[100.6479584,2.0961046],[100.6478682,2.0958334],[100.6476885,2.095924],[100.6475992,2.0964667],[100.64724,2.0968288],[100.6472405,2.097281],[100.6474202,2.0971904],[100.6476892,2.096557]]],[[[100.6471506,2.0972811],[100.6468814,2.0977335],[100.6469715,2.0979143],[100.6473305,2.0974618],[100.6471506,2.0972811]]],[[[100.6469718,2.0982761],[100.6470614,2.0980047],[100.6468816,2.0979144],[100.6467022,2.0982763],[100.6469718,2.0982761]]],[[[100.6466126,2.0985477],[100.6467924,2.098638],[100.6468821,2.098457],[100.6467023,2.0983668],[100.6466126,2.0985477]]],[[[100.647437,2.1131972],[100.6476168,2.1132875],[100.6477065,2.1131065],[100.6475267,2.1130163],[100.647437,2.1131972]]],[[[100.6484275,2.114824],[100.6478872,2.1139202],[100.6477976,2.1141916],[100.6479776,2.1143723],[100.6479778,2.1146436],[100.6483378,2.115005],[100.6484275,2.114824]]],[[[100.6485182,2.1156378],[100.6486981,2.115728],[100.6487878,2.1155471],[100.6486079,2.1154568],[100.6485182,2.1156378]]],[[[100.6491482,2.1163606],[100.6489685,2.1163608],[100.6490586,2.116632],[100.6494185,2.1169029],[100.6495082,2.116722],[100.6491482,2.1163606]]],[[[100.6496887,2.1174452],[100.6497784,2.1172643],[100.6494185,2.1169029],[100.6493288,2.1170839],[100.6496887,2.1174452]]],[[[100.6496887,2.1174452],[100.6496891,2.117807],[100.649869,2.1178972],[100.6498686,2.1175355],[100.6497786,2.1174451],[100.6496887,2.1174452]]],[[[100.6498693,2.1181685],[100.6500492,2.1183492],[100.6502289,2.1182586],[100.6500489,2.1179875],[100.6498693,2.1181685]]],[[[100.6504091,2.1186201],[100.650229,2.118349],[100.6500493,2.1184396],[100.6502295,2.1188012],[100.6504091,2.1186201]]],[[[100.6503197,2.1190724],[100.6504996,2.1191626],[100.6505893,2.1189817],[100.6504094,2.1188914],[100.6503197,2.1190724]]],[[[100.6505898,2.1195243],[100.6507697,2.1196145],[100.6508594,2.1194335],[100.6506795,2.1193433],[100.6505898,2.1195243]]]]}},{"type":"Feature","properties":{"id":"rokan-hilir-pasir-limau-kapas-kelurahan-panipahan","village":"Kelurahan Panipahan","district":"Pasir Limau Kapas","regency":"Rokan Hilir","change":"accretion","baseline":"2016","current":"2025","confidence":"rendah","intervention":false,"analysisUnit":"continuous-landscape"},"geometry":{"type":"MultiPolygon","coordinates":[[[[100.3435532,2.4663242],[100.3434629,2.4659625],[100.3437325,2.4657814],[100.3436424,2.4656006],[100.3429228,2.4654204],[100.34241022727693,2.4650591521874254],[100.3421131,2.4650594],[100.342023,2.4648786],[100.3415734,2.4648791],[100.34166302252352,2.4646280725219953],[100.34053216873662,2.4639756568757103],[100.34004410251731,2.4643402269074755],[100.3405845,2.4651514],[100.3412139,2.4651508],[100.3413042,2.4655125],[100.3417543,2.4659643],[100.3420237,2.4656022],[100.3425633,2.4656017],[100.342564,2.4663252],[100.3432834,2.4663245],[100.3434634,2.4665052],[100.3434639,2.4669574],[100.3437338,2.4670476],[100.343823,2.4664144],[100.3435532,2.4663242]]],[[[100.3454418,2.4665032],[100.3461613,2.4665929],[100.346251,2.4664119],[100.3455315,2.4663222],[100.3454418,2.4665032]]],[[[100.3462531,2.4684922],[100.3464331,2.4685825],[100.3465228,2.4684015],[100.3463429,2.4683112],[100.3462531,2.4684922]]],[[[100.3460736,2.4688542],[100.3452643,2.468855],[100.3451746,2.469036],[100.3458043,2.4693067],[100.3461637,2.469035],[100.3460736,2.4688542]]],[[[100.3441864,2.4700319],[100.3446365,2.4704837],[100.3448162,2.470393],[100.3446359,2.469941],[100.3441864,2.4700319]]]]}},{"type":"Feature","properties":{"id":"rokan-hilir-pasir-limau-kapas-panipahan","village":"Panipahan","district":"Pasir Limau Kapas","regency":"Rokan Hilir","change":"accretion","baseline":"2016","current":"2025","confidence":"sedang","intervention":false,"analysisUnit":"continuous-landscape"},"geometry":{"type":"MultiPolygon","coordinates":[[[[100.3400518,2.4720259],[100.3407699,2.4707589],[100.34041,2.470488],[100.3397819,2.4719357],[100.3400518,2.4720259]]],[[[100.33906409721484,2.47347157943256],[100.33987220509383,2.47230200990576],[100.3397822,2.4722071],[100.3391528,2.4722982],[100.3391532,2.47266],[100.3393332,2.4728407],[100.33888402778807,2.4733185204198023],[100.33906409721484,2.47347157943256]]]]}},{"type":"Feature","properties":{"id":"rokan-hilir-pasir-limau-kapas-panipahan-darat","village":"Panipahan Darat","district":"Pasir Limau Kapas","regency":"Rokan Hilir","change":"accretion","baseline":"2016","current":"2025","confidence":"rendah","intervention":false,"analysisUnit":"continuous-landscape"},"geometry":{"type":"MultiPolygon","coordinates":[[[[100.3402237464401,2.4641084282974157],[100.34025633712757,2.4640663757974584],[100.3402237,2.4640664],[100.3402237464401,2.4641084282974157]]],[[[100.3401338,2.464157],[100.34016421369985,2.464185244736455],[100.34018614844844,2.464156941835057],[100.3401338,2.464157]]],[[[100.340044,2.4642475],[100.34005496848688,2.464326206301582],[100.34011602796367,2.464247419879907],[100.340044,2.4642475]]]]}},{"type":"Feature","properties":{"id":"rokan-hilir-pasir-limau-kapas-panipahan-laut","village":"Panipahan Laut","district":"Pasir Limau Kapas","regency":"Rokan Hilir","change":"erosion","baseline":"2016","current":"2025","confidence":"rendah","intervention":false,"analysisUnit":"continuous-landscape"},"geometry":{"type":"MultiPolygon","coordinates":[[[[100.3616459,2.3943108],[100.3616461,2.3944917],[100.361736,2.3944916],[100.3617358542713,2.394359788389525],[100.3616459,2.3943108]]],[[[100.3615561,2.3944918],[100.3615567,2.3950345],[100.3616461,2.3944917],[100.3615561,2.3944918]]],[[[100.3616468,2.3952153],[100.3615568,2.3951249],[100.3615568,2.3952154],[100.3616468,2.3952153]]],[[[100.3598575,2.4044426],[100.3599472,2.4042616],[100.3596775,2.4042618],[100.3596776,2.4044427],[100.3598575,2.4044426]]],[[[100.3591385,2.4048051],[100.3588691,2.4051671],[100.3590493,2.4055287],[100.35940862071222,2.4051852842028887],[100.3591385,2.4048051]]],[[[100.3575243,2.4092385],[100.3571652,2.409872],[100.3571655,2.4101434],[100.35761429094715,2.409320661703951],[100.3575243,2.4092385]]],[[[100.3571656,2.4102338],[100.3570759,2.4104148],[100.35713289799358,2.4104147365984496],[100.3571656,2.4102338]]],[[[100.35705326296865,2.41059572529147],[100.3569862,2.4106862],[100.35701346744248,2.4106861696691406],[100.35705326296865,2.41059572529147]]],[[[100.356717,2.4112292],[100.3569862,2.4106862],[100.3568064,2.4107768],[100.356717,2.4112292]]],[[[100.3559098,2.4134007],[100.3567171,2.4113196],[100.3559088,2.4123153],[100.356089,2.4126769],[100.3558193,2.4127676],[100.3559994,2.4130388],[100.3559098,2.4134007]]],[[[100.3558204,2.413853],[100.3557306,2.414034],[100.35578232440365,2.414033942464512],[100.3558204,2.413853]]],[[[100.3557306,2.414034],[100.3550121,2.4148487],[100.3551022,2.4150295],[100.3543837,2.4159347],[100.3541147,2.416749],[100.3534856,2.4171114],[100.3534862,2.4176541],[100.3537562,2.4179251],[100.35392450211269,2.4179250063948206],[100.3557306,2.414034]]],[[[100.3520512,2.4214543],[100.35216844735999,2.4214541695802447],[100.3523206,2.4210922],[100.3521408,2.4211828],[100.3520512,2.4214543]]],[[[100.3521248980566,2.4215446181334186],[100.3520514,2.4216351],[100.35208133271342,2.4216351],[100.3521248980566,2.4215446181334186]]],[[[100.3518716,2.4217258],[100.3518719,2.4219971],[100.35190705524539,2.4219970608951664],[100.3520514,2.4216351],[100.3518716,2.4217258]]],[[[100.35186346234306,2.4220876],[100.3517821,2.4221781],[100.35181990849576,2.4221780579905605],[100.35186346234306,2.4220876]]],[[[100.3517821,2.4221781],[100.3516924,2.4223591],[100.35173276173755,2.4223590551037404],[100.3517821,2.4221781]]],[[[100.35164561498482,2.4225400522055724],[100.35169249241723,2.4224426913844077],[100.3516924,2.4223591],[100.3516025,2.4223592],[100.35164561498482,2.4225400522055724]]],[[[100.3507947,2.4238976],[100.350435,2.4238979],[100.3505252,2.4241692],[100.3502556,2.4243503],[100.3503457,2.4245311],[100.35079486634035,2.424048054851702],[100.3507947,2.4238976]]],[[[100.3502559,2.4246217],[100.3503457,2.4245311],[100.3502558,2.4245312],[100.3502559,2.4246217]]],[[[100.3498066,2.4249839],[100.3498966,2.4250743],[100.3500763,2.4248932],[100.3498066,2.4249839]]]]}},{"type":"Feature","properties":{"id":"rokan-hilir-pasir-limau-kapas-panipahan-laut","village":"Panipahan Laut","district":"Pasir Limau Kapas","regency":"Rokan Hilir","change":"accretion","baseline":"2016","current":"2025","confidence":"rendah","intervention":false,"analysisUnit":"continuous-landscape"},"geometry":{"type":"MultiPolygon","coordinates":[[[[100.3611099,2.3979292],[100.3612899,2.3980195],[100.3612894,2.3975672],[100.3611097,2.3976579],[100.3611099,2.3979292]]],[[[100.3607513,2.3990149],[100.3609313,2.3991052],[100.361021,2.3989242],[100.3608411,2.3988339],[100.3607513,2.3990149]]],[[[100.3596776,2.4044427],[100.3594081,2.4046239],[100.3594983,2.4049856],[100.35985762033413,2.404551402383731],[100.3596776,2.4044427]]]]}},{"type":"Feature","properties":{"id":"rokan-hilir-pasir-limau-kapas-pasir-limau-kapas","village":"Pasir Limau Kapas","district":"Pasir Limau Kapas","regency":"Rokan Hilir","change":"erosion","baseline":"2016","current":"2025","confidence":"rendah","intervention":false,"analysisUnit":"continuous-landscape"},"geometry":{"type":"MultiPolygon","coordinates":[[[[100.42581324748915,2.283632814185218],[100.425736,2.2835424],[100.4257361,2.2836329],[100.42581324748915,2.283632814185218]]],[[[100.4253767,2.2839046],[100.4253769,2.2840855],[100.42548987704886,2.2840853743303127],[100.4255566,2.2839044],[100.4253767,2.2839046]]],[[[100.4252872,2.2842664],[100.4251975,2.2844474],[100.42521233668815,2.284447383496454],[100.4252872,2.2842664]]],[[[100.4251975,2.2844474],[100.4249276,2.2843572],[100.424748,2.2845383],[100.4247484,2.2849905],[100.4251975,2.2844474]]],[[[100.4247484,2.2849905],[100.4246586,2.2850811],[100.4247265453125,2.285081024421232],[100.4247484,2.2849905]]],[[[100.4210656,2.2885215],[100.4209758,2.2887025],[100.4210658,2.2887024],[100.4210656,2.2885215]]],[[[100.4172063,2.2954895],[100.417116,2.2951278],[100.4169362,2.295128],[100.4168466,2.2954899],[100.4172063,2.2954895]]],[[[100.4166669,2.2955805],[100.416577,2.295671],[100.416667,2.2956709],[100.4166669,2.2955805]]],[[[100.4160381,2.2962142],[100.4159483,2.2963048],[100.4160382,2.2963047],[100.4160381,2.2962142]]],[[[100.4155888,2.296486],[100.4157687,2.2965763],[100.4159483,2.2963048],[100.4157685,2.2963049],[100.4155888,2.296486]]],[[[100.4146021,2.2988385],[100.4145123,2.2989291],[100.4146022,2.298929],[100.4146021,2.2988385]]],[[[100.41439948736816,2.299200525709268],[100.41451246823452,2.2990812681281083],[100.4145123,2.2989291],[100.4142427,2.2991102],[100.41439948736816,2.299200525709268]]],[[[100.3978977,2.318572],[100.3978978,2.3186625],[100.39816285827786,2.3185717051612924],[100.3978977,2.318572]]],[[[100.38729014520008,2.347393720220019],[100.3874949,2.3463489],[100.3875834,2.3449017],[100.387224,2.3451734],[100.3872245,2.3456256],[100.3870447,2.3457163],[100.3871364,2.3475251],[100.38729014520008,2.347393720220019]]],[[[100.3838147,2.3527742],[100.3846215,2.3503314],[100.38490236612448,2.350240687579394],[100.3858791,2.3490639],[100.3856093,2.3489737],[100.3852501,2.3495167],[100.3848905,2.3495171],[100.3845313,2.3499697],[100.3842616,2.3500604],[100.3842626,2.3510553],[100.3840828,2.3511459],[100.3839036,2.3517792],[100.3838147,2.3527742]]],[[[100.3837252,2.3532265],[100.3836354,2.353317],[100.3837253,2.353317],[100.3837252,2.3532265]]],[[[100.3830982,2.3556692],[100.3830082,2.3555788],[100.3830083,2.3556692],[100.3830982,2.3556692]]],[[[100.45470209445311,2.249054644944991],[100.4556405,2.2479684],[100.4549214,2.24815],[100.4544723,2.2486027],[100.453843,2.2486033],[100.4538432,2.2487842],[100.454023,2.248784],[100.4541131,2.2489648],[100.4544726,2.248874],[100.45470209445311,2.249054644944991]]],[[[100.4534839,2.2491463],[100.4533042,2.249237],[100.453484,2.2492368],[100.4534839,2.2491463]]],[[[100.4533044,2.2495083],[100.4527652,2.2496897],[100.4530354,2.2502321],[100.4533049,2.2499605],[100.4533044,2.2495083]]],[[[100.4516875,2.250957],[100.4516878,2.2512283],[100.4518676,2.2512281],[100.4520472,2.2509566],[100.4518672,2.2507759],[100.4522266,2.2505947],[100.4522264,2.2504138],[100.4515074,2.2505954],[100.4508785,2.2511387],[100.4512384,2.2514096],[100.451238,2.2509574],[100.4516875,2.250957]]],[[[100.451059,2.2517716],[100.4513284,2.2515],[100.4510588,2.2515907],[100.451059,2.2517716]]],[[[100.45105906235958,2.2518279730650073],[100.4509691,2.2517717],[100.4509692,2.2518621],[100.45105906235958,2.2518279730650073]]],[[[100.4508792,2.2517718],[100.4507894,2.2519528],[100.4509692348246,2.2518936162636467],[100.4508792,2.2517718]]],[[[100.4506996,2.2520433],[100.4507894,2.2519528],[100.4506995,2.2519528],[100.4506996,2.2520433]]],[[[100.4495316,2.2528584],[100.4506996,2.2520433],[100.4500704,2.2522248],[100.4498904,2.2519537],[100.4498006,2.2521346],[100.4496208,2.2521348],[100.4497113,2.2526774],[100.4495316,2.2528584]]],[[[100.44952515237675,2.2529489072832294],[100.4494416,2.2527681],[100.4492618,2.2527683],[100.4492621,2.2530396],[100.44952515237675,2.2529489072832294]]],[[[100.44861932539068,2.2535829155446154],[100.4488128,2.2533114],[100.4492622,2.25313],[100.4489021,2.2526782],[100.4477341,2.2534933],[100.4475548,2.2540362],[100.4478245,2.2540359],[100.4479143,2.2538549],[100.44861932539068,2.2535829155446154]]],[[[100.4469258,2.2543986],[100.446836,2.2544891],[100.4469259,2.254489],[100.4469258,2.2543986]]],[[[100.4455781,2.2553043],[100.4450389,2.2555762],[100.445039,2.2556667],[100.4454885,2.2555758],[100.4455781,2.2553043]]],[[[100.4444103,2.2563004],[100.4443205,2.2563909],[100.4444104,2.2563908],[100.4444103,2.2563004]]],[[[100.4442306,2.2564814],[100.4443205,2.2563909],[100.4442306,2.256391],[100.4442306,2.2564814]]],[[[100.4438715,2.2570245],[100.4442306,2.2564814],[100.443961,2.2565722],[100.4436018,2.2570247],[100.4434219,2.2569345],[100.4434222,2.2572058],[100.4438715,2.2570245]]],[[[100.4434222,2.2572058],[100.4433324,2.2572963],[100.4434223,2.2572962],[100.4434222,2.2572058]]],[[[100.4413568,2.2597403],[100.441357,2.2599211],[100.4413572,2.260102],[100.4417164,2.2597399],[100.4413568,2.2597403]]],[[[100.439471,2.2620937],[100.439381,2.2620033],[100.4393811,2.2620938],[100.439471,2.2620937]]],[[[100.4342619,2.2677063],[100.4343519,2.2678871],[100.4343518,2.2677062],[100.4342619,2.2677063]]],[[[100.43443417224127,2.2678870084847147],[100.434352,2.2679776],[100.43437983591001,2.2679775690368076],[100.43443417224127,2.2678870084847147]]],[[[100.4341725,2.2682491],[100.4340827,2.2684301],[100.43410833442171,2.268430071517309],[100.4341725,2.2682491]]],[[[100.4336336,2.2688827],[100.433454,2.2690638],[100.4336338,2.2690636],[100.4336336,2.2688827]]],[[[100.431748,2.271417],[100.4318377,2.2711456],[100.4314781,2.2712364],[100.431209,2.2718698],[100.431748,2.271417]]],[[[100.4311192,2.2719603],[100.431209,2.2718698],[100.4311191,2.2718699],[100.4311192,2.2719603]]],[[[100.4306699,2.2722321],[100.4306702,2.2725034],[100.4308498,2.2722319],[100.4306699,2.2722321]]],[[[100.4305803,2.2725035],[100.4304905,2.272594],[100.4305804,2.2725939],[100.4305803,2.2725035]]],[[[100.4304906,2.2726845],[100.4302208,2.2726847],[100.430221,2.2728656],[100.4304906,2.2726845]]],[[[100.4298618,2.2733182],[100.4294127,2.2737709],[100.4294133,2.274404],[100.429683,2.2743133],[100.4298624,2.2739513],[100.4298618,2.2733182]]],[[[100.4295033,2.2744943],[100.4294135,2.2745849],[100.4295034,2.2745848],[100.4295033,2.2744943]]],[[[100.4288749,2.2753994],[100.4286952,2.2755805],[100.4287858,2.2763039],[100.4285161,2.2763042],[100.4283369,2.2769375],[100.4286066,2.2768468],[100.4286064,2.2766659],[100.4290555,2.2762132],[100.4289648,2.2753993],[100.4294143,2.2753989],[100.4292344,2.2753086],[100.429234,2.2748564],[100.4294135,2.2745849],[100.4291437,2.2744947],[100.429144,2.274766],[100.4288743,2.2748567],[100.4288749,2.2753994]]],[[[100.4269016,2.2802853],[100.4266321,2.2804665],[100.4269018,2.2804662],[100.4269016,2.2802853]]]]}},{"type":"Feature","properties":{"id":"rokan-hilir-pasir-limau-kapas-pasir-limau-kapas","village":"Pasir Limau Kapas","district":"Pasir Limau Kapas","regency":"Rokan Hilir","change":"accretion","baseline":"2016","current":"2025","confidence":"rendah","intervention":false,"analysisUnit":"continuous-landscape"},"geometry":{"type":"MultiPolygon","coordinates":[[[[100.4277984,2.2779329],[100.427709,2.2783852],[100.42788366815152,2.2784755],[100.4280682,2.2779326],[100.4277984,2.2779329]]],[[[100.426812,2.2805567],[100.4264527,2.2809189],[100.426543,2.2812805],[100.4269021312048,2.280765752875699],[100.426812,2.2805567]]],[[[100.425915,2.2827283],[100.4257355,2.2829998],[100.4260053,2.2830899],[100.426095,2.2828185],[100.425915,2.2827283]]],[[[100.4240296,2.2854435],[100.42385,2.2856245],[100.4241199,2.2858051],[100.4242096,2.2856242],[100.4240296,2.2854435]]],[[[100.4218743,2.2880685],[100.4222334,2.2875254],[100.4219636,2.2874353],[100.4214247,2.2879785],[100.4218743,2.2880685]]],[[[100.4208855,2.2882503],[100.4211553,2.2883405],[100.4214247,2.2879785],[100.4212448,2.2878882],[100.4208855,2.2882503]]],[[[100.41861885233371,2.2936792269568276],[100.41936124538672,2.2925438022875184],[100.4192711,2.2923219],[100.4190014,2.2923222],[100.4181931,2.2933179],[100.4184632,2.2936794],[100.41861885233371,2.2936792269568276]]],[[[100.4163071,2.2954904],[100.4164872,2.2957616],[100.416577,2.2955806],[100.4163071,2.2954904]]],[[[100.4149614,2.2984764],[100.41559,2.2976618],[100.4154101,2.2975715],[100.4154994,2.2970288],[100.4153195,2.2969385],[100.4146011,2.2978437],[100.4146914,2.2982053],[100.4149614,2.2984764]]],[[[100.4139733,2.2993818],[100.4137037,2.299563],[100.4137938,2.2997438],[100.41406339191718,2.2995552931297523],[100.4139733,2.2993818]]],[[[100.41343462499066,2.300218991552201],[100.4129848,2.2999255],[100.4128051,2.3001065],[100.4128054,2.3003779],[100.4131130251634,2.3005584580365257],[100.41343462499066,2.300218991552201]]],[[[100.41172820028079,2.3021880541231683],[100.4113687,2.3022786],[100.4114588,2.3024594],[100.41172820028079,2.3021880541231683]]],[[[100.4046773657183,2.310515750983628],[100.405352,2.3098819],[100.4048123,2.3097016],[100.4045429,2.3099732],[100.4044534,2.3104255],[100.4046773657183,2.310515750983628]]],[[[100.4018491,2.3136841],[100.4023879,2.31296],[100.4021179,2.3126889],[100.4018483,2.3128701],[100.4018491,2.3136841]]],[[[100.4001422,2.3151329],[100.399333,2.3151337],[100.3992432,2.3153147],[100.3997238764238,2.3154046655434666],[100.4001422,2.3151329]]],[[[100.3989736,2.3154054],[100.3986138,2.3153153],[100.3984344,2.3156773],[100.3987756709183,2.3158578206107694],[100.3990637,2.3155862],[100.3989736,2.3154054]]],[[[100.39666372271107,2.320201274168286],[100.3966397,2.3193873],[100.3969094,2.3192966],[100.3967292,2.318935],[100.3974485,2.3189342],[100.3974488,2.3192056],[100.3976287,2.3192958],[100.3980777,2.3187527],[100.3976282,2.3187532],[100.397538,2.3184819],[100.3971782,2.3183014],[100.3963691,2.3184831],[100.3959192,2.3181218],[100.3958296,2.3184836],[100.3960097,2.3187548],[100.3958302,2.3190263],[100.3960101,2.3191166],[100.3960104,2.3194783],[100.395741,2.3198404],[100.3957415,2.3202926],[100.3960116,2.3206541],[100.39616992301481,2.320653923889861],[100.39666372271107,2.320201274168286]]],[[[100.3918902,2.3355816],[100.3918007,2.3360339],[100.3919749021411,2.3361242063379963],[100.39215590297583,2.3357622046685473],[100.3918902,2.3355816]]],[[[100.3879422,2.3439969],[100.3882111,2.3431826],[100.3876715,2.3430023],[100.3874923,2.343726],[100.3878522,2.3439066],[100.3878524,2.3440874],[100.3875828,2.3442686],[100.3876729,2.3444494],[100.38801210387976,2.3441777224650946],[100.3879422,2.3439969]]],[[[100.38325660288577,2.355940324134721],[100.3828288,2.3560312],[100.3830092,2.3565737],[100.3831889,2.3564831],[100.38325660288577,2.355940324134721]]],[[[100.3829198,2.3571165],[100.3830992,2.3566641],[100.3829194,2.3566642],[100.3828298,2.3570261],[100.3826501,2.3571167],[100.3826508,2.3578403],[100.3829204,2.3576591],[100.3829198,2.3571165]]],[[[100.3638003,2.3906004],[100.3634409,2.3908721],[100.363531,2.3910529],[100.3638905,2.3908716],[100.3638003,2.3906004]]],[[[100.3629916,2.3912343],[100.3627221,2.3914155],[100.3628122,2.3915963],[100.3630817,2.3914151],[100.3629916,2.3912343]]],[[[100.456359,2.2472442],[100.4563588,2.2469728],[100.4559094,2.2471542],[100.45573,2.2476066],[100.45595135422506,2.247696753888515],[100.45608963390474,2.247546449888868],[100.4559996,2.2474254],[100.456359,2.2472442]]],[[[100.4462972,2.2551227],[100.446297,2.2549419],[100.4460274,2.2550326],[100.4456682,2.2554851],[100.44583001375514,2.2555754201181815],[100.4462972,2.2551227]]],[[[100.4450394,2.2560284],[100.4446797,2.2560288],[100.4444105,2.2564813],[100.44451927823685,2.2565715791120837],[100.4450394,2.2560284]]],[[[100.4419853,2.2588352],[100.4426139,2.258111],[100.4423441,2.2580209],[100.4418052,2.2585641],[100.4418054,2.2587449],[100.4419853,2.2588352]]],[[[100.4411768,2.2595596],[100.4418961,2.2595588],[100.4418056,2.2590163],[100.4412662,2.2590168],[100.4410866,2.2592883],[100.440727,2.2592887],[100.4405475,2.2596506],[100.4409074,2.2599216],[100.4411772,2.2599213],[100.4411768,2.2595596]]],[[[100.4412672,2.2601021],[100.4408176,2.2600121],[100.4404577,2.2597412],[100.4403685,2.2604648],[100.4409082,2.2607356],[100.44126743643245,2.2603159925624423],[100.4412672,2.2601021]]],[[[100.4400092,2.2608269],[100.4395601,2.2612796],[100.4396504,2.2616413],[100.4400099,2.26146],[100.4400092,2.2608269]]],[[[100.4319278,2.2713264],[100.43291552421994,2.2700468043373627],[100.4327354,2.2697881],[100.4329148,2.2693357],[100.4327348,2.2691549],[100.432106,2.2696982],[100.4321968,2.2706026],[100.4318377,2.2711456],[100.4319278,2.2713264]]],[[[100.4307606,2.2729555],[100.4305809,2.2731366],[100.4306712,2.2734983],[100.43103055458197,2.2732348841956704],[100.4307606,2.2729555]]],[[[100.4282474,2.2772993],[100.427888,2.277571],[100.4279781,2.2777518],[100.4281579,2.2777516],[100.4283374,2.2774167923535384],[100.4282474,2.2772993]]]]}},{"type":"Feature","properties":{"id":"rokan-hilir-pasir-limau-kapas-sungai-daun","village":"Sungai Daun","district":"Pasir Limau Kapas","regency":"Rokan Hilir","change":"erosion","baseline":"2016","current":"2025","confidence":"rendah","intervention":false,"analysisUnit":"continuous-landscape"},"geometry":{"type":"MultiPolygon","coordinates":[[[[100.5221100518771,2.193093805059091],[100.52238402493214,2.1928447386454324],[100.522384,2.1928222],[100.5220245,2.192913],[100.5221100518771,2.193093805059091]]],[[[100.5220247,2.1930939],[100.5219349,2.1931844],[100.52202478564139,2.193171319818835],[100.5220247,2.1930939]]],[[[100.5215756,2.1935465],[100.5219349,2.1931844],[100.5215754,2.1933656],[100.5215756,2.1935465]]],[[[100.5215756366156,2.1935796371150103],[100.5214857,2.1935466],[100.5214858,2.1936371],[100.5215756366156,2.1935796371150103]]],[[[100.4665988,2.2375566],[100.4659696,2.2377381],[100.4660597,2.2379189],[100.4665988,2.2375566]]],[[[100.4646223,2.2390056],[100.4645324,2.2390962],[100.46462233785034,2.239039854566239],[100.4646223,2.2390056]]],[[[100.4642628,2.2391869],[100.464173,2.2392774],[100.4642629,2.2392773],[100.4642628,2.2391869]]],[[[100.46026706949763,2.2437129493109036],[100.46165810561615,2.2418002746479315],[100.4615675,2.2410889],[100.4614782,2.241722],[100.4611188,2.2419033],[100.4610294,2.242446],[100.4603109,2.2431703],[100.4595915,2.2429901],[100.459502,2.2434424],[100.4598616,2.2434421],[100.4600413,2.243261],[100.4600416,2.2436228],[100.46026706949763,2.2437129493109036]]],[[[100.459862,2.2438038],[100.4595023,2.2437138],[100.4594125,2.2438947],[100.4592327,2.2438949],[100.4593233,2.2445279],[100.4595928,2.2443468],[100.4595925,2.2440754],[100.4598622,2.2439847],[100.459862,2.2438038]]],[[[100.4585146,2.2450714],[100.4583349,2.245162],[100.4585147,2.2451618],[100.4585146,2.2450714]]],[[[100.4583349,2.245162],[100.4577058,2.245434],[100.457706,2.2456148],[100.4580656,2.245524],[100.4583349,2.245162]]],[[[100.5269646,2.1885668],[100.5268748,2.1886574],[100.52696466890431,2.188629158412122],[100.5269646,2.1885668]]],[[[100.5261561,2.1891103],[100.526336,2.1892005],[100.5268748,2.1886574],[100.5266051,2.1886576],[100.5261561,2.1891103]]],[[[100.52615639024299,2.1893727747805443],[100.5260663,2.1892008],[100.5260665,2.1893817],[100.52615639024299,2.1893727747805443]]],[[[100.5260665,2.1893817],[100.5259767,2.1894722],[100.52606658152521,2.1894553988008965],[100.5260665,2.1893817]]],[[[100.523821,2.1914641],[100.5246294,2.1907398],[100.5243597,2.19074],[100.5238209,2.1912832],[100.523821,2.1914641]]],[[[100.52382106926261,2.1915267133930736],[100.5237311,2.1914642],[100.5237312,2.1915546],[100.52382106926261,2.1915267133930736]]],[[[100.5235514,2.1915548],[100.5235516,2.1917357],[100.52373126078842,2.191609613523092],[100.5237312,2.1915546],[100.5235514,2.1915548]]],[[[100.5234617,2.1917358],[100.52355164393109,2.1917754136990935],[100.5235516,2.1917357],[100.5234617,2.1917358]]],[[[100.5224738,2.1927316],[100.522384,2.1928222],[100.52247383479924,2.1927630933116986],[100.5224738,2.1927316]]]]}},{"type":"Feature","properties":{"id":"rokan-hilir-pasir-limau-kapas-sungai-daun","village":"Sungai Daun","district":"Pasir Limau Kapas","regency":"Rokan Hilir","change":"accretion","baseline":"2016","current":"2025","confidence":"rendah","intervention":false,"analysisUnit":"continuous-landscape"},"geometry":{"type":"MultiPolygon","coordinates":[[[[100.50675289232134,2.2044979584959963],[100.507831,2.2037803],[100.5077409,2.2035995],[100.5070219,2.2037811],[100.5066629,2.2044145],[100.50675289232134,2.2044979584959963]]],[[[100.5016314,2.2074042],[100.5016316,2.2076755],[100.50181482346707,2.207765796303151],[100.50199118914746,2.207655567752907],[100.5018111,2.2073136],[100.5016314,2.2074042]]],[[[100.5010925,2.2079474],[100.5007331,2.2082191],[100.5008231841667,2.208385570865884],[100.5011826,2.2081282],[100.5010925,2.2079474]]],[[[100.4856314,2.210224],[100.4852721,2.2104957],[100.485452,2.2106764],[100.4857217,2.2105857],[100.4856314,2.210224]]],[[[100.4867171,2.2170965],[100.4882437,2.2152861],[100.4879739,2.2151959],[100.4876147,2.2156485],[100.4874349,2.2156487],[100.4866265,2.216373],[100.4859971,2.2163737],[100.4855471,2.2158315],[100.4853666,2.2151081],[100.4851866,2.2149274],[100.4850051,2.2132997],[100.4853635,2.2120331],[100.4857225,2.2113997],[100.485722,2.2109475],[100.4855421,2.2108572],[100.485363,2.2115809],[100.4851833,2.2116716],[100.4851836,2.2119429],[100.4848246,2.2125763],[100.4846456,2.2133905],[100.4849168,2.2148373],[100.4848272,2.2151991],[100.4850971,2.2153797],[100.4850975,2.2157415],[100.4856378,2.2166454],[100.4859977,2.2169163],[100.4861774,2.2168257],[100.4867171,2.2170965]]],[[[100.482676,2.2217131],[100.48330430397759,2.2206306997205467],[100.4832143,2.2205368],[100.4826754,2.22108],[100.482676,2.2217131]]],[[[100.47854409902396,2.2254244176707694],[100.4796222,2.2247007],[100.4795322,2.2245199],[100.4792624,2.2245202],[100.479083,2.2248821],[100.4787233,2.2247921],[100.4784541,2.225335],[100.47854409902396,2.2254244176707694]]],[[[100.467497,2.2367417],[100.46765193765332,2.2368319277667927],[100.4677666,2.236651],[100.4675867,2.2365607],[100.467497,2.2367417]]],[[[100.4660597,2.2379189],[100.4658797,2.2377382],[100.46561,2.2377384],[100.4654303,2.2379195],[100.4654307,2.2382813],[100.46552069134411,2.2383637750763477],[100.4660597,2.2379189]]],[[[100.4621964,2.240636],[100.4632743,2.2396401],[100.4634541,2.2396399],[100.4635438,2.2394589],[100.4638136,2.2395491],[100.4639932,2.2392776],[100.4635436,2.2391876],[100.463364,2.2394591],[100.4623755,2.2399123],[100.4620165,2.2405458],[100.4621964,2.240636]]],[[[100.4569877,2.24652],[100.45716746563964,2.2464887210591837],[100.4570773,2.2462486],[100.4568976,2.2463392],[100.4569877,2.24652]]]]}},{"type":"Feature","properties":{"id":"rokan-hilir-pasir-limau-kapas-telukpulai","village":"Telukpulai","district":"Pasir Limau Kapas","regency":"Rokan Hilir","change":"erosion","baseline":"2016","current":"2025","confidence":"rendah","intervention":false,"analysisUnit":"continuous-landscape"},"geometry":{"type":"MultiPolygon","coordinates":[[[[100.3375437,2.4817967],[100.3379026,2.4810728],[100.3371837,2.4815257],[100.3371841,2.481978],[100.3375437,2.4817967]]],[[[100.3369148,2.4824305],[100.336825,2.482521],[100.3369149,2.4825209],[100.3369148,2.4824305]]],[[[100.3369149,2.4825209],[100.3370049,2.4826113],[100.3370048,2.4825208],[100.3369149,2.4825209]]],[[[100.3370949,2.4827016],[100.3370049,2.4826113],[100.337005,2.4827017],[100.3370949,2.4827016]]],[[[100.3374549,2.4829726],[100.3373651,2.4830631],[100.33742034997233,2.4830631],[100.3374549,2.4829726]]]]}},{"type":"Feature","properties":{"id":"rokan-hilir-pasir-limau-kapas-telukpulai","village":"Telukpulai","district":"Pasir Limau Kapas","regency":"Rokan Hilir","change":"accretion","baseline":"2016","current":"2025","confidence":"rendah","intervention":false,"analysisUnit":"continuous-landscape"},"geometry":{"type":"MultiPolygon","coordinates":[[[[100.33888402778807,2.4733185204198023],[100.3387951,2.4742884],[100.338975,2.4743786],[100.33906409721484,2.47347157943256],[100.33888402778807,2.4733185204198023]]],[[[100.3389781,2.4774538],[100.3386188,2.477816],[100.338709,2.4780872],[100.3390684,2.4778155],[100.3389781,2.4774538]]],[[[100.3386195,2.4785395],[100.3384399,2.4788111],[100.3387099,2.4789917],[100.3388895,2.4787202],[100.3386195,2.4785395]]],[[[100.3385307,2.479625],[100.3387101,2.4791726],[100.3385301,2.4790823],[100.3383506,2.4794443],[100.3384411,2.4799869],[100.33867637107333,2.4798057381856804],[100.3385307,2.479625]]]]}},{"type":"Feature","properties":{"id":"rokan-hilir-pekaitan-pekaitan","village":"Pekaitan","district":"Pekaitan","regency":"Rokan Hilir","change":"erosion","baseline":"2016","current":"2025","confidence":"rendah","intervention":false,"analysisUnit":"continuous-landscape"},"geometry":{"type":"Polygon","coordinates":[[[100.6903174,2.1159543],[100.6902276994579,2.116044309952437],[100.69031743504627,2.1159859818200055],[100.6903174,2.1159543]]]}},{"type":"Feature","properties":{"id":"rokan-hilir-pekaitan-pekaitan","village":"Pekaitan","district":"Pekaitan","regency":"Rokan Hilir","change":"accretion","baseline":"2016","current":"2025","confidence":"rendah","intervention":false,"analysisUnit":"continuous-landscape"},"geometry":{"type":"Polygon","coordinates":[[[100.7223851,2.0954814],[100.7230143,2.0954807],[100.7227442,2.0951193],[100.7231035,2.0948476],[100.7230134,2.0946669],[100.7225643,2.0949386],[100.7225645,2.0951195],[100.7222049,2.0951199],[100.7215765,2.095844],[100.72166648497603,2.095920803299164],[100.7223851,2.0954814]]]}},{"type":"Feature","properties":{"id":"rokan-hilir-sinaboi-darussalam","village":"Darussalam","district":"Sinaboi","regency":"Rokan Hilir","change":"erosion","baseline":"2016","current":"2025","confidence":"rendah","intervention":false,"analysisUnit":"continuous-landscape"},"geometry":{"type":"MultiPolygon","coordinates":[[[[101.1469516,2.1565219],[101.1468616,2.1564316],[101.1468618,2.156522],[101.1469516,2.1565219]]],[[[101.1461435,2.156975],[101.146054,2.1572464],[101.14612604942417,2.1572463197667884],[101.1461435,2.156975]]],[[[101.1458745,2.1574275],[101.1457848,2.157518],[101.1458745418968,2.157465374709977],[101.1458745,2.1574275]]],[[[101.1438096,2.1588769],[101.14384379547487,2.159238524954399],[101.1438996,2.1589672],[101.14415065163364,2.1589668275198313],[101.1442587,2.1586955],[101.1438096,2.1588769]]],[[[101.1437202,2.1592387],[101.14381013590989,2.159271062533886],[101.1438101,2.1592386],[101.1437202,2.1592387]]],[[[101.1428228,2.160144],[101.1427331,2.1602346],[101.14282289004447,2.1602254002037817],[101.1428228,2.160144]]],[[[101.1421946,2.1607778],[101.1421049,2.1608683],[101.14219466071742,2.1608326885532585],[101.1421946,2.1607778]]],[[[101.1412072,2.1615929],[101.1411172,2.1615026],[101.1411173,2.161593],[101.1412072,2.1615929]]],[[[101.1376171,2.1648527],[101.1375273,2.1649432],[101.13761712005804,2.164870832461767],[101.1376171,2.1648527]]],[[[101.136899,2.1654865],[101.1367194,2.1655772],[101.1368990090698,2.1654947081594123],[101.136899,2.1654865]]],[[[101.0999133,2.1947412],[101.0997339,2.1950127],[101.0999144,2.1955549],[101.1002744,2.1959161],[101.1000034,2.1949219],[101.0999133,2.1947412]]],[[[101.1003644,2.1960064],[101.1002744,2.1959161],[101.1002746,2.1960065],[101.1003644,2.1960064]]],[[[101.0887836,2.2051542],[101.0886938,2.2052448],[101.0887837,2.2052447],[101.0887836,2.2051542]]],[[[101.0886041,2.2053353],[101.0886938,2.2052448],[101.088604,2.2052449],[101.0886041,2.2053353]]],[[[101.0659029,2.232039],[101.0660829,2.2322195],[101.0660827,2.2320387],[101.0659029,2.232039]]],[[[101.06612633758479,2.2322194516823304],[101.0660831,2.2323099],[101.06613638081267,2.232309840733245],[101.06612633758479,2.2322194516823304]]],[[[101.0652834,2.2389112],[101.0651924,2.2380976],[101.06537164241722,2.237761263437322],[101.0645625,2.237556],[101.0642935,2.2380085],[101.0642941,2.2384605],[101.064654,2.2387313],[101.06532627629927,2.239815253752726],[101.0655533,2.2390916],[101.0652834,2.2389112]]],[[[101.06525037949429,2.239996238441543],[101.0651949,2.2399059],[101.0651951,2.2399963],[101.06525037949429,2.239996238441543]]],[[[101.0651951,2.2399963],[101.0651056,2.2402676],[101.06513659718702,2.2402675654819744],[101.0651951,2.2399963]]],[[[101.06509862779986,2.240358107866741],[101.0650159,2.2404486],[101.06506070038385,2.240448550166425],[101.06509862779986,2.240358107866741]]],[[[101.0648366,2.2407201],[101.06498483086567,2.2406294697867284],[101.0650159,2.2404486],[101.0648366,2.2407201]]],[[[101.0647464,2.2405394],[101.0645668,2.2406301],[101.0647466,2.2406298],[101.0647464,2.2405394]]],[[[101.0644768,2.2405398],[101.0639374,2.2404501],[101.0639378,2.2407214],[101.0636685,2.240993],[101.0641178,2.2409019],[101.0644768,2.2405398]]],[[[101.0646139736991,2.241534148972526],[101.0645678,2.2413534],[101.0641182,2.2411732],[101.0640281,2.2409925],[101.0633092,2.2410839],[101.0633094,2.2412647],[101.0637587,2.2411737],[101.0644782,2.2415343],[101.0640294,2.241987],[101.0641202,2.2426198],[101.0646139736991,2.241534148972526]]],[[[101.06410738745382,2.242800614585702],[101.0640307,2.2428911],[101.06407121131316,2.24289105493736],[101.06410738745382,2.242800614585702]]],[[[101.0640307,2.2428911],[101.0639411,2.2430721],[101.06399881896951,2.2430720357964744],[101.0640307,2.2428911]]],[[[101.06393446026165,2.243162507496928],[101.0638515,2.2432531],[101.06386114085541,2.2432530785281615],[101.06393446026165,2.243162507496928]]],[[[101.06378788514766,2.2433435708730283],[101.0637616,2.2432532],[101.0637617,2.2433436],[101.06378788514766,2.2433435708730283]]],[[[101.0637617,2.2433436],[101.063672,2.2434341],[101.06371463810106,2.2434340525188183],[101.0637617,2.2433436]]],[[[101.0632233,2.2439772],[101.0631336,2.2440678],[101.06320166571705,2.2440677242873],[101.0632233,2.2439772]]],[[[101.0631336,2.2440678],[101.0627745,2.2443395],[101.0627747,2.2445204],[101.0631336,2.2440678]]],[[[101.062685,2.2446109],[101.0627747,2.2445204],[101.0626848,2.2445205],[101.062685,2.2446109]]],[[[101.0624156,2.2447921],[101.06246895228793,2.2449728408762093],[101.062685,2.2446109],[101.0625951,2.244611],[101.0624156,2.2447921]]],[[[101.0623261,2.2450635],[101.0624158,2.2449729],[101.062326,2.2449731],[101.0623261,2.2450635]]],[[[101.0581144,2.2540203],[101.0577555,2.2544729],[101.0577562,2.254925],[101.0579358,2.2548343],[101.0581144,2.2540203]]],[[[101.0574869,2.2551966],[101.057577,2.2553773],[101.0577565,2.2551962],[101.0577562,2.254925],[101.0574869,2.2551966]]],[[[101.0574872,2.2553774],[101.057038,2.2555589],[101.0575773,2.2555581],[101.0574872,2.2553774]]],[[[101.0578469,2.2555578],[101.0576673,2.2556484],[101.0578318410571,2.2556482168713887],[101.0578469,2.2555578]]],[[[101.05371902428487,2.2597225993048053],[101.0551527,2.2570986],[101.0560511,2.2568261],[101.0556016,2.2567363],[101.0548828,2.2569182],[101.0548835,2.2573702],[101.054614,2.257461],[101.0543452,2.2580943],[101.0538966,2.2586374],[101.05371902428487,2.2597225993048053]]]]}},{"type":"Feature","properties":{"id":"rokan-hilir-sinaboi-darussalam","village":"Darussalam","district":"Sinaboi","regency":"Rokan Hilir","change":"accretion","baseline":"2016","current":"2025","confidence":"rendah","intervention":false,"analysisUnit":"continuous-landscape"},"geometry":{"type":"MultiPolygon","coordinates":[[[[101.144707,2.1579716],[101.1449766,2.1579712],[101.1448863,2.1577001],[101.1447067,2.1577907],[101.144707,2.1579716]]],[[[101.1434505,2.1591487],[101.1430013,2.1592397],[101.1432714,2.159601],[101.1435406,2.1593293],[101.1434505,2.1591487]]],[[[101.1400403,2.162589],[101.14020008909439,2.1626792223703064],[101.1403098,2.1624982],[101.1401299,2.1624081],[101.1400403,2.162589]]],[[[101.1396811,2.1627703],[101.1393219,2.1629517],[101.1394121,2.1632228],[101.1397714,2.1630414],[101.1396811,2.1627703]]],[[[101.1387828,2.1630428],[101.1386038,2.1635855],[101.1388736,2.1636756],[101.1389627,2.163133],[101.1387828,2.1630428]]],[[[101.138335,2.1641284],[101.1381551,2.1640382],[101.1377065,2.1645813],[101.13785200250781,2.164671538261949],[101.138335,2.1641284]]],[[[101.1366294,2.1654869],[101.13636,2.1656681],[101.1364502,2.1658488],[101.13671948143711,2.1656508191443535],[101.1366294,2.1654869]]],[[[101.1297176,2.1712829],[101.12983242451052,2.171553972649404],[101.1299873,2.1713729],[101.1297176,2.1712829]]],[[[101.12942380759682,2.171916155822921],[101.1293586,2.171645],[101.1291789,2.1716453],[101.1290893,2.1718262],[101.1288195,2.1717362],[101.1286406,2.1722789],[101.12891298612813,2.172368929397436],[101.12942380759682,2.171916155822921]]],[[[101.1089838,2.1900271],[101.10914308964693,2.1901172456800735],[101.1092533,2.1899363],[101.1090734,2.1898461],[101.1089838,2.1900271]]],[[[101.1088044,2.1902986],[101.1084452,2.1904799],[101.1085354,2.190751],[101.10889443194152,2.190417707074125],[101.1088044,2.1902986]]],[[[101.1078167,2.1909328],[101.1075474,2.191114],[101.1076376,2.1913851],[101.1079968,2.1912038],[101.1078167,2.1909328]]],[[[101.1062012,2.1924721],[101.1071889,2.1918378],[101.1070088,2.1915668],[101.1067395,2.1918385],[101.10638,2.191839],[101.1060213,2.1923819],[101.1062012,2.1924721]]],[[[101.1055726,2.1928346],[101.1058419,2.1926534],[101.1057518,2.1924727],[101.1053925,2.1925636],[101.1049437,2.1930163],[101.1053031536056,2.1929738594747956],[101.1054826,2.1927443],[101.1055726,2.1928346]]],[[[101.0991919,2.1930245],[101.0996412,2.1929334],[101.0997317,2.1933853],[101.1000013,2.193385],[101.0999108,2.192933],[101.0996408,2.1926622],[101.0991914,2.1926628],[101.0984734,2.1933871],[101.0986533,2.1934773],[101.0991919,2.1930245]]],[[[101.101532,2.1954622],[101.1011725,2.1954628],[101.1010829,2.1956437],[101.10146410743006,2.195733575965039],[101.10162205128225,2.1955988591499427],[101.101532,2.1954622]]],[[[101.09897265414017,2.197364476036494],[101.0992876,2.1971832],[101.0991975,2.1970025],[101.0984785,2.1970035],[101.09820948949906,2.1974465071554596],[101.0983894,2.1975461],[101.0985686,2.1971842],[101.09897265414017,2.197364476036494]]],[[[101.0942603,2.2011684],[101.0940803,2.2009878],[101.0936314,2.2013501],[101.0938113,2.2014403],[101.0939009,2.2012593],[101.0940808,2.2013495],[101.0942603,2.2011684]]],[[[101.0932721,2.201441],[101.0930028,2.2017127],[101.0931828,2.2018932],[101.0934524,2.2018928],[101.0935419,2.2016215],[101.0932721,2.201441]]],[[[101.0923747,2.2024368],[101.0925546,2.202527],[101.0926442,2.202346],[101.0924643,2.2022559],[101.0923747,2.2024368]]],[[[101.0917466,2.203161],[101.0915667,2.2030709],[101.0914771,2.2032518],[101.0911176,2.2032523],[101.091028,2.2034333],[101.0912979,2.2036137],[101.0917466,2.203161]]],[[[101.0894122,2.2047917],[101.0901304,2.2042482],[101.0904898,2.2041573],[101.0905793,2.203886],[101.0908489,2.2038856],[101.0910283,2.2036141],[101.0907584,2.2034336],[101.090579,2.2037051],[101.0902197,2.203796],[101.0899505,2.2041581],[101.089681,2.2042489],[101.0895018,2.2046108],[101.0893219,2.2045206],[101.0889632,2.2050636],[101.0893227,2.2050631],[101.0894122,2.2047917]]],[[[101.0875274,2.2066026],[101.0870777,2.2064224],[101.086719,2.2069654],[101.0869887,2.2070554],[101.0870782,2.2067841],[101.0874379,2.206874],[101.0875274,2.2066026]]]]}},{"type":"Feature","properties":{"id":"rokan-hilir-sinaboi-kelurahan-sinaboi-kota","village":"Kelurahan Sinaboi Kota","district":"Sinaboi","regency":"Rokan Hilir","change":"accretion","baseline":"2016","current":"2025","confidence":"rendah","intervention":false,"analysisUnit":"continuous-landscape"},"geometry":{"type":"MultiPolygon","coordinates":[[[[101.0215803,2.2877063],[101.02154099774418,2.2877063437177485],[101.02158065255462,2.2879612674991106],[101.0215803,2.2877063]]],[[[101.0217617,2.2888814],[101.02172379739369,2.288881484321705],[101.0217620628556,2.2891274765769034],[101.0217617,2.2888814]]],[[[101.02166755159296,2.2885199041741724],[101.021671,2.2882486],[101.0216253645142,2.288248701524996],[101.02166755159296,2.2885199041741724]]],[[[101.02193471911238,2.29023740965616],[101.021943,2.2899661],[101.02189253285293,2.289966212273965],[101.02193471911238,2.29023740965616]]],[[[101.0223031,2.2903273],[101.0219434,2.2902374],[101.02197689854988,2.2905085631829256],[101.0222135,2.2905987],[101.0223031,2.2903273]]]]}},{"type":"Feature","properties":{"id":"rokan-hilir-sinaboi-sei-bakau","village":"Sei Bakau","district":"Sinaboi","regency":"Rokan Hilir","change":"erosion","baseline":"2016","current":"2025","confidence":"tinggi","intervention":false,"analysisUnit":"continuous-landscape"},"geometry":{"type":"Polygon","coordinates":[[[100.9930934,2.2920864],[100.9930037,2.2922673],[100.99309359218736,2.29226013737579],[100.9930934,2.2920864]]]}},{"type":"Feature","properties":{"id":"rokan-hilir-sinaboi-sei-bakau","village":"Sei Bakau","district":"Sinaboi","regency":"Rokan Hilir","change":"accretion","baseline":"2016","current":"2025","confidence":"tinggi","intervention":false,"analysisUnit":"continuous-landscape"},"geometry":{"type":"MultiPolygon","coordinates":[[[[100.9905771,2.2924516],[100.9903976,2.2926327],[100.9905777,2.2929037],[100.9907575,2.2929034],[100.9908471,2.2927224],[100.9905771,2.2924516]]],[[[100.9797017,2.2929188],[100.9799715,2.2930089],[100.9798813,2.2928282],[100.9797017,2.2929188]]],[[[100.9797923,2.2934612],[100.9796125,2.2934615],[100.9797032,2.2940038],[100.980063,2.2941842],[100.9801526,2.2940032],[100.9798827,2.2938227],[100.9797923,2.2934612]]],[[[100.9844697,2.295896],[100.9842892,2.2953537],[100.9836592,2.2948121],[100.9825804,2.2946327],[100.9815011,2.2941822],[100.9806923,2.2942737],[100.9807824,2.2944544],[100.9813219,2.2945441],[100.981412,2.2947248],[100.9833006,2.2954455],[100.983391,2.295807],[100.983751,2.2961682],[100.9844697,2.295896]]]]}},{"type":"Feature","properties":{"id":"rokan-hilir-sinaboi-sinaboi","village":"Sinaboi","district":"Sinaboi","regency":"Rokan Hilir","change":"erosion","baseline":"2016","current":"2025","confidence":"rendah","intervention":false,"analysisUnit":"continuous-landscape"},"geometry":{"type":"MultiPolygon","coordinates":[[[[100.9981266,2.2918985],[100.99794698874712,2.291979016137485],[100.9981266704325,2.2919621709794797],[100.9981266,2.2918985]]],[[[101.0205288,2.3069662],[101.0200795,2.3070573],[101.0205289,2.3070566],[101.0205288,2.3069662]]],[[[101.0217873,2.3070548],[101.02169747296041,2.3071209562150257],[101.02178737517036,2.307122829177733],[101.0217873,2.3070548]]],[[[101.0107316,2.3070706],[101.0106418,2.3071611],[101.0107317,2.307161],[101.0107316,2.3070706]]],[[[101.0110914,2.3072509],[101.0110015665958,2.3073112691902193],[101.01109149520252,2.3073369630778573],[101.0110914,2.3072509]]],[[[101.0221466,2.3068735],[101.0221463,2.3066927],[101.0218768,2.3067835],[101.0218771,2.3069643],[101.0221466,2.3068735]]],[[[101.0217873,2.3070548],[101.0218771,2.3069643],[101.0217872,2.3069644],[101.0217873,2.3070548]]]]}},{"type":"Feature","properties":{"id":"rokan-hilir-sinaboi-sinaboi","village":"Sinaboi","district":"Sinaboi","regency":"Rokan Hilir","change":"accretion","baseline":"2016","current":"2025","confidence":"rendah","intervention":false,"analysisUnit":"continuous-landscape"},"geometry":{"type":"MultiPolygon","coordinates":[[[[101.0188748,2.2812002],[101.0186051,2.2812006],[101.0185166,2.2821953],[101.0183374,2.2825572],[101.0184279,2.2830092],[101.0186075,2.2829185],[101.0188748,2.2812002]]],[[[101.0182489,2.2835519],[101.0185185,2.2835515],[101.018428,2.2830996],[101.0182484,2.2831902],[101.0182489,2.2835519]]],[[[101.0212196,2.2868931],[101.0206792,2.2860801],[101.0197791,2.2851772],[101.0195095,2.2851776],[101.0190593,2.2846357],[101.0187895,2.2845457],[101.0186088,2.2838226],[101.0184289,2.2837325],[101.0183395,2.2840943],[101.0187,2.2848171],[101.0204997,2.2862612],[101.0211304,2.2873453],[101.0213112,2.2880683],[101.0214911,2.2881585],[101.02154099774418,2.2877063437177485],[101.0213103,2.2874354],[101.0212196,2.2868931]]],[[[101.0214013,2.288249],[101.0214032,2.2896053],[101.0216731,2.2897857],[101.0217620628556,2.2891274765769034],[101.0215809,2.2881584],[101.0214013,2.288249]]],[[[101.0218536,2.2903279],[101.02189253285293,2.289966212273965],[101.0217631,2.289876],[101.0216737,2.2902378],[101.0218536,2.2903279]]],[[[101.02197689854988,2.2905085631829256],[101.02194348311158,2.2902937496510027],[101.0219438,2.2905086],[101.02197689854988,2.2905085631829256]]],[[[101.0250232,2.3071406],[101.0274491,2.3064138],[101.027269,2.3062333],[101.0269994,2.3062336],[101.0268199,2.3064147],[101.0267297,2.306234],[101.0256509,2.3060547],[101.0251125,2.3066884],[101.0250232,2.3071406]],[[101.0261008,2.3064158],[101.0259216,2.3067777],[101.0256515,2.3065068],[101.0257411,2.3063259],[101.0261008,2.3064158]]],[[[101.0102818,2.3068],[101.0095628,2.3068914],[101.01016194864913,2.3070713783483145],[101.0103719,2.3069807],[101.0102818,2.3068]]],[[[101.0131582,2.3068863],[101.013428,2.3069763],[101.0133378,2.3067956],[101.0131582,2.3068863]]],[[[101.0127092,2.3071582],[101.0129789,2.3072482],[101.0128888,2.3070675],[101.0127092,2.3071582]]]]}},{"type":"Feature","properties":{"id":"rokan-hilir-pesisir-daratan-di-luar-batas-desa","village":"Daratan di luar batas desa","district":"Pesisir Rokan Hilir","regency":"Rokan Hilir","change":"erosion","baseline":"2016","current":"2025","confidence":"rendah","intervention":false,"analysisUnit":"continuous-landscape"},"geometry":{"type":"MultiPolygon","coordinates":[[[[100.425826,2.2836328],[100.42582596297409,2.283599291543117],[100.4257361,2.2836329],[100.425826,2.2836328]]],[[[100.4255567,2.2840853],[100.42548987704886,2.2840853743303127],[100.4253769,2.2840855],[100.4255567,2.2840853]]],[[[100.4252874,2.2844473],[100.42528729200187,2.2843496156959424],[100.42521233668815,2.284447383496454],[100.4252874,2.2844473]]],[[[100.4251975,2.2845379],[100.4251975,2.2844667356983948],[100.4251429407021,2.2845379],[100.4251975,2.2845379]]],[[[100.4248383,2.2849904],[100.4248383,2.2849352574375157],[100.42479598795174,2.2849904470656823],[100.4248383,2.2849904]]],[[[100.4249282,2.2848999],[100.424928,2.284719],[100.4248383,2.2849],[100.4249282,2.2848999]]],[[[100.4250179,2.2847189],[100.4250178,2.2846285],[100.42500416231995,2.284718915281068],[100.4250179,2.2847189]]],[[[100.4251077,2.2846284],[100.42510765086213,2.2845839302260496],[100.4250178,2.2846285],[100.4251077,2.2846284]]],[[[100.4247484684299,2.2850524290507064],[100.4247265453125,2.285081024421232],[100.4247485,2.285081],[100.4247484684299,2.2850524290507064]]],[[[100.4144226,2.2992005],[100.4144226,2.299176129042336],[100.41439948736816,2.299200525709268],[100.4144226,2.2992005]]],[[[100.4145125,2.29911],[100.4145123,2.2989291],[100.41448524856642,2.29911],[100.4145125,2.29911]]],[[[100.3981675,2.3185717],[100.3978977,2.318572],[100.3981424176366,2.3186622280011453],[100.3981675,2.3185717]]],[[[100.3872263,2.347525],[100.3872263,2.3474698433432013],[100.3871364,2.3475251],[100.3872263,2.347525]]],[[[100.3873162,2.3474344],[100.3873158,2.3470727],[100.38725597048465,2.347434466996124],[100.3873162,2.3474344]]],[[[100.3874057,2.3470726],[100.3874053,2.3466204],[100.38736222255596,2.347072648362007],[100.3874057,2.3470726]]],[[[100.3842633,2.3517789],[100.38426319033273,2.3516797059626566],[100.3842274804793,2.3517789],[100.3842633,2.3517789]]],[[[100.384353,2.3515979],[100.38435287669652,2.351430577174382],[100.3842631,2.351598],[100.384353,2.3515979]]],[[[100.3844427,2.3513265],[100.38444253973454,2.351181513179884],[100.3843903444793,2.3513265],[100.3844427,2.3513265]]],[[[100.3845323,2.351055],[100.38453220964254,2.350932430102096],[100.38448806676632,2.351055049202707],[100.3845323,2.351055]]],[[[100.384622,2.3507836],[100.3846215,2.3503314],[100.38458577397276,2.350783640295915],[100.384622,2.3507836]]],[[[100.3849811,2.3502406],[100.3849809,2.3500597],[100.3848013,2.3502408],[100.3849811,2.3502406]]],[[[100.3850709,2.3500596],[100.38507087808782,2.35003976946927],[100.3849809,2.3500597],[100.3850709,2.3500596]]],[[[100.3851607,2.3499691],[100.38516065980336,2.3499327220391875],[100.38513014925559,2.3499691],[100.3851607,2.3499691]]],[[[100.3852505,2.3498785],[100.38525044156478,2.3498256745544306],[100.3851606,2.3498786],[100.3852505,2.3498785]]],[[[100.3853403,2.349788],[100.3853402,2.3496975],[100.38528198517415,2.349788064866325],[100.3853403,2.349788]]],[[[100.3854302,2.3496975],[100.38543,2.3495166],[100.38535794280396,2.3496975],[100.3854302,2.3496975]]],[[[100.3855199,2.3495165],[100.38551988664433,2.3495044131134213],[100.38543,2.3495166],[100.3855199,2.3495165]]],[[[100.3856097,2.3494259],[100.3856096684354,2.349397365593306],[100.3855198,2.349426],[100.3856097,2.3494259]]],[[[100.3856996,2.3493354],[100.3856995,2.349245],[100.38566160416987,2.349335442217589],[100.3856996,2.3493354]]],[[[100.3857894,2.3492449],[100.38578933176974,2.3491831516177375],[100.3856995,2.349245],[100.3857894,2.3492449]]],[[[100.3858792,2.3491543],[100.3858791,2.3490639],[100.38581346857752,2.349154373116154],[100.3858792,2.3491543]]],[[[100.3839046,2.3527741],[100.38390449164314,2.3526760912115954],[100.3838147,2.3527742],[100.3839046,2.3527741]]],[[[100.3839944,2.3525931],[100.3839941,2.3523218],[100.38393434445709,2.352593166728381],[100.3839944,2.3525931]]],[[[100.384084,2.3523217],[100.3840837,2.3520504],[100.38403205167685,2.3523217577845643],[100.384084,2.3523217]]],[[[100.3841737,2.3520503],[100.38417356554574,2.351928663704364],[100.38412975890286,2.3520503488234414],[100.3841737,2.3520503]]],[[[100.3617358542713,2.394359788389524],[100.3617358542713,2.394359788389525],[100.361736,2.3944916],[100.3617358542713,2.394359788389524]]],[[[100.3617358,2.3943107],[100.36165745228782,2.3943107871498466],[100.3617358542713,2.394359788389524],[100.3617358,2.3943107]]],[[[100.3599475,2.4045329],[100.35994738033438,2.404424682383389],[100.3598576,2.404533],[100.3599475,2.4045329]]],[[[100.3592291,2.4055285],[100.35922900084645,2.4054388651898724],[100.3590493,2.4055287],[100.3592291,2.4055285]]],[[[100.3593189,2.4053476],[100.3593188,2.4052571],[100.35929362713192,2.4053476280809645],[100.3593189,2.4053476]]],[[[100.3594087,2.405257],[100.3594085,2.4050761],[100.3593188,2.4052571],[100.3594087,2.405257]]],[[[100.3576142,2.4092384],[100.3575708687913,2.4094193484218116],[100.3575245,2.4094194],[100.3576144,2.4094193],[100.3576142,2.4092384]]],[[[100.3572554,2.4101433],[100.3572552,2.4099624],[100.3571655,2.4101434],[100.3572554,2.4101433]]],[[[100.3573452,2.4099623],[100.35734516684069,2.4099323074005],[100.3572552,2.4099624],[100.3573452,2.4099623]]],[[[100.3574349,2.4097813],[100.3574347,2.4096004],[100.357345,2.4097814],[100.3574349,2.4097813]]],[[[100.3575247,2.4096003],[100.35752461616146,2.409524468035112],[100.3574347,2.4096004],[100.3575247,2.4096003]]],[[[100.3571656,2.4102338],[100.35713289799358,2.4104147365984496],[100.3570759,2.4104148],[100.3571658,2.4104147],[100.3571656,2.4102338]]],[[[100.3570761,2.4106861],[100.3569861,2.4105958],[100.35701346744248,2.4106861696691406],[100.3570761,2.4106861]]],[[[100.3568965,2.4108672],[100.35685419734365,2.4110481471664698],[100.3568067,2.4110482],[100.3568966,2.4110481],[100.3568965,2.4108672]]],[[[100.3569864,2.4108671],[100.35698626830943,2.4107479858806244],[100.35693383236858,2.41086715847345],[100.3569864,2.4108671]]],[[[100.3568069,2.4112291],[100.3568067,2.4110482],[100.356717,2.4112292],[100.3568069,2.4112291]]],[[[100.3563585,2.4124958],[100.35635845274078,2.412410308059914],[100.356328104894,2.4124958338099067],[100.3563585,2.4124958]]],[[[100.3564483,2.4123148],[100.35644812622536,2.4121575918760816],[100.35639232060224,2.412314862268518],[100.3564483,2.4123148]]],[[[100.3565379,2.4120434],[100.3565377,2.411772],[100.35648864592332,2.4120434],[100.3565379,2.4120434]]],[[[100.3566276,2.4117719],[100.3566273,2.4115006],[100.35658496780592,2.4117719474217956],[100.3566276,2.4117719]]],[[[100.3567172,2.4115005],[100.3567171,2.4113196],[100.3566273,2.4115006],[100.3567172,2.4115005]]],[[[100.3560896,2.41331],[100.3560893,2.4130387],[100.35603918731556,2.413310056076401],[100.3560896,2.41331]]],[[[100.3561792,2.4130386],[100.3561789,2.4126768],[100.3561354931882,2.4130386486171433],[100.3561792,2.4130386]]],[[[100.3562688,2.4126767],[100.3562686,2.4124959],[100.35626392464417,2.4126767054230878],[100.3562688,2.4126767]]],[[[100.3558204,2.413853],[100.35578232440365,2.414033942464512],[100.3557306,2.414034],[100.3558205,2.4140339],[100.3558204,2.413853]]],[[[100.353936,2.417925],[100.353936,2.4179020106201823],[100.35392450211269,2.4179250063948206],[100.353936,2.417925]]],[[[100.3540259,2.4178344],[100.3540257,2.4176535],[100.353936,2.4178345],[100.3540259,2.4178344]]],[[[100.3541156,2.4176534],[100.35411546979977,2.417535698985402],[100.35405826976098,2.4176534637711224],[100.3541156,2.4176534]]],[[[100.3542054,2.4174725],[100.3542052,2.4172916],[100.3541154,2.4174726],[100.3542054,2.4174725]]],[[[100.3542951,2.4172915],[100.3542949,2.4171106],[100.35423404775004,2.4172915679112905],[100.3542951,2.4172915]]],[[[100.3543848,2.4171105],[100.3543847286029,2.416981342626027],[100.3542949,2.4171106],[100.3543848,2.4171105]]],[[[100.3544746,2.4169295],[100.3544744,2.4167486],[100.3543847,2.4169296],[100.3544746,2.4169295]]],[[[100.3545643,2.4167485],[100.3545641,2.4164772],[100.3544977876572,2.4167485739848087],[100.3545643,2.4167485]]],[[[100.354654,2.4164771],[100.3546538,2.4162962],[100.3545641,2.4164772],[100.354654,2.4164771]]],[[[100.3547437,2.4162961],[100.35474364063691,2.4162424060853844],[100.35471754660529,2.4162961290916516],[100.3547437,2.4162961]]],[[[100.3548335,2.4161151],[100.3548334363544,2.4160575325494014],[100.3547435,2.4161152],[100.3548335,2.4161151]]],[[[100.3549232,2.4159342],[100.354923,2.4157533],[100.35489334073553,2.4159342],[100.3549232,2.4159342]]],[[[100.3550129,2.4157532],[100.3550128,2.4155723],[100.354923,2.4157533],[100.3550129,2.4157532]]],[[[100.3551027,2.4155722],[100.3551025,2.4153913],[100.3550128,2.4155723],[100.3551027,2.4155722]]],[[[100.3551924,2.4153912],[100.35519235985208,2.4153185724070925],[100.3551570645015,2.415391239305338],[100.3551924,2.4153912]]],[[[100.3552822,2.4152102],[100.35528211551282,2.415133781340868],[100.35524497776785,2.4152102414040404],[100.3552822,2.4152102]]],[[[100.3553719,2.4150292],[100.35537181140855,2.414949113320272],[100.355282,2.4150293],[100.3553719,2.4150292]]],[[[100.3554617,2.4148483],[100.35546160706458,2.4147642399107587],[100.3553717,2.4148484],[100.3554617,2.4148483]]],[[[100.3555514,2.4146673],[100.35555130300916,2.4145795717895817],[100.35550866907731,2.414667347531616],[100.3555514,2.4146673]]],[[[100.3556411,2.4144863],[100.35564104941945,2.414394799768405],[100.3555512,2.4144864],[100.3556411,2.4144863]]],[[[100.3557309,2.4143053],[100.3557306,2.414034],[100.355641,2.4143054],[100.3557309,2.4143053]]],[[[100.352231,2.4214541],[100.35223085677174,2.4213245500327663],[100.3520512,2.4214543],[100.352231,2.4214541]]],[[[100.3523208,2.4212731],[100.3523206,2.4210922],[100.3522308,2.4212732],[100.3523208,2.4212731]]],[[[100.3521413,2.4216351],[100.3520513,2.4215447],[100.35208133271342,2.4216351],[100.3521413,2.4216351]]],[[[100.3519618,2.421997],[100.3519616,2.4218161],[100.3518719,2.4219971],[100.3519618,2.421997]]],[[[100.3520515,2.421816],[100.3520514,2.4216351],[100.3519616,2.4218161],[100.3520515,2.421816]]],[[[100.35181990849576,2.4221780579905605],[100.351872,2.4220876],[100.35186346234306,2.4220876],[100.35181990849576,2.4221780579905605]]],[[[100.3517823,2.422359],[100.35178218657106,2.4222564035264686],[100.35173276173755,2.4223590551037404],[100.3517823,2.422359]]],[[[100.3516926,2.42254],[100.3516924,2.4223591],[100.3516026,2.4225401],[100.3516926,2.42254]]],[[[100.3507947,2.4238976],[100.35079486634035,2.424048054851702],[100.35076949538343,2.4240785],[100.3507949,2.4240785],[100.3507947,2.4238976]]],[[[100.3504356,2.424531],[100.35043554274687,2.4244792431638884],[100.3503457,2.4245311],[100.3504356,2.424531]]],[[[100.3505255,2.4244405],[100.35052542354669,2.4243713862041054],[100.3504355,2.4244406],[100.3505255,2.4244405]]],[[[100.3506153,2.42435],[100.3506151,2.4241691],[100.3505254,2.4243501],[100.3506153,2.42435]]],[[[100.350705,2.424169],[100.3507049,2.4240785],[100.3506151,2.4241691],[100.350705,2.424169]]],[[[100.3503458,2.4246216],[100.3503457,2.4245311],[100.3502559,2.4246217],[100.3503458,2.4246216]]],[[[100.3498967,2.4251647],[100.3498966,2.4250743],[100.34986429868218,2.4251647360415105],[100.3498967,2.4251647]]],[[[100.3499866,2.4250742],[100.3499865379546,2.4250180489146085],[100.34993970195931,2.425074252108934],[100.3499866,2.4250742]]],[[[100.3500764,2.4249836],[100.35007631892893,2.4249103117454216],[100.35001518864321,2.4249836680882724],[100.3500764,2.4249836]]],[[[100.337455,2.4830631],[100.33745496198233,2.4830286940138584],[100.33742034997233,2.4830631],[100.337455,2.4830631]]],[[[100.5222045,2.1930937],[100.52220440533613,2.193008029187258],[100.5221100518771,2.193093805059091],[100.5222045,2.1930937]]],[[[100.5222943,2.1930031],[100.52229421513708,2.192926383913668],[100.5222044,2.1930032],[100.5222943,2.1930031]]],[[[100.5223841,2.1929126],[100.52238402493214,2.192844738645438],[100.52230928590095,2.1929126832192427],[100.5223841,2.1929126]]],[[[100.52202478564139,2.1931713198188363],[100.52201048993257,2.1931843159177613],[100.5220248,2.1931843],[100.52202478564139,2.1931713198188363]]],[[[100.5217553,2.1934559],[100.52175525624617,2.193416346541762],[100.5216654,2.193456],[100.5217553,2.1934559]]],[[[100.5218451,2.1933654],[100.5218451,2.1933346704019243],[100.52181125603124,2.193365437646239],[100.5218451,2.1933654]]],[[[100.521935,2.1932748],[100.5219349,2.1931844],[100.5218451,2.1932749],[100.521935,2.1932748]]],[[[100.5216655,2.1935464],[100.52166544645112,2.193497991809999],[100.5215756,2.1935465],[100.5216655,2.1935464]]],[[[100.5215757,2.193637],[100.5215756,2.1935465],[100.52151246006288,2.193637070344758],[100.5215757,2.193637]]],[[[100.4662395,2.2379187],[100.46623943924396,2.237863776537324],[100.46616036022195,2.237918788030899],[100.4662395,2.2379187]]],[[[100.4663293,2.2378282],[100.4663292,2.2377377],[100.4662394,2.2378283],[100.4663293,2.2378282]]],[[[100.466509,2.2377375],[100.46650893230432,2.237676303104038],[100.4663292,2.2377377],[100.466509,2.2377375]]],[[[100.4665988,2.237647],[100.4665988,2.2376137864461656],[100.4665089,2.2376471],[100.4665988,2.237647]]],[[[100.4646224,2.2390961],[100.46462233785034,2.239039854566239],[100.4645324,2.2390962],[100.4646224,2.2390961]]],[[[100.4606706,2.2432604],[100.46067048706485,2.2431582501559806],[100.46059613602937,2.243260482829778],[100.4606706,2.2432604]]],[[[100.4607603,2.2430794],[100.46076025069156,2.2430348251692602],[100.46072780634613,2.24307943614422],[100.4607603,2.2430794]]],[[[100.4608501,2.2429889],[100.46085,2.242808],[100.4607602,2.242989],[100.4608501,2.2429889]]],[[[100.4609399,2.2428079],[100.4609398,2.2427174],[100.46085,2.242808],[100.4609399,2.2428079]]],[[[100.4610297,2.2427174],[100.4610296414507,2.242664412875446],[100.46099110536011,2.2427174],[100.4610297,2.2427174]]],[[[100.4611195,2.2426268],[100.46111940512749,2.242540987819848],[100.46105694566401,2.242626869582131],[100.4611195,2.2426268]]],[[[100.4612092,2.2424459],[100.4612091,2.2423554],[100.46118855990557,2.2424459],[100.4612092,2.2424459]]],[[[100.4612991,2.2423553],[100.461299,2.2422649],[100.4612091,2.2423554],[100.4612991,2.2423553]]],[[[100.4613889,2.2422648],[100.4613887,2.2420839],[100.46132021343043,2.2422648764033033],[100.4613889,2.2422648]]],[[[100.4614786,2.2420838],[100.4614785,2.2419934],[100.4614518837472,2.2420838297177452],[100.4614786,2.2420838]]],[[[100.4615684,2.2419933],[100.4615683,2.2419028],[100.4614785,2.2419934],[100.4615684,2.2419933]]],[[[100.4616582,2.2419027],[100.4616577,2.2413601],[100.46158355406396,2.241902783032187],[100.4616582,2.2419027]]],[[[100.4603114,2.2437129],[100.46031133272939,2.243652087367243],[100.46026706949763,2.2437129493109036],[100.4603114,2.2437129]]],[[[100.4604012,2.2436224],[100.46040114814328,2.2435285911731566],[100.4603113,2.2436225],[100.4604012,2.2436224]]],[[[100.460491,2.2434414],[100.46049095984523,2.2434051000829687],[100.4604011,2.2434415],[100.460491,2.2434414]]],[[[100.4605808,2.2433509],[100.4605807,2.2432605],[100.46053033726405,2.2433509561320757],[100.4605808,2.2433509]]],[[[100.45510172009872,2.248620269243254],[100.45503519964642,2.2486925740827073],[100.4551018,2.2486925],[100.45510172009872,2.248620269243254]]],[[[100.4551916,2.248602],[100.45519151234141,2.248522668979453],[100.45511845294679,2.248602081364909],[100.4551916,2.248602]]],[[[100.4552814,2.2485114],[100.4552813,2.248421],[100.4552017983414,2.2485114885446706],[100.4552814,2.2485114]]],[[[100.4553712,2.2484209],[100.4553710967038,2.2483274685855537],[100.45528505164178,2.2484209958268724],[100.4553712,2.2484209]]],[[[100.4554609,2.2482399],[100.4554609,2.2482298563070664],[100.455371,2.24824],[100.4554609,2.2482399]]],[[[100.4555508,2.2481494],[100.4555507,2.248059],[100.4554609,2.2481495],[100.4555508,2.2481494]]],[[[100.4556406,2.2480589],[100.4556405,2.2479684],[100.4555507,2.248059],[100.4556406,2.2480589]]],[[[100.4547425,2.2490546],[100.4547424,2.2489642],[100.4545627,2.2490548],[100.4547425,2.2490546]]],[[[100.4548323,2.2489641],[100.45483224367081,2.2489131784040333],[100.45478534775349,2.248964152227193],[100.4548323,2.2489641]]],[[[100.4549221,2.2488736],[100.454922,2.2487831],[100.4548322,2.2488737],[100.4549221,2.2488736]]],[[[100.4550119,2.248783],[100.4550119,2.2487178997853325],[100.454922,2.2487831],[100.4550119,2.248783]]],[[[100.4512388,2.2517714],[100.45113632214515,2.2517715139909398],[100.451059,2.2517716],[100.4512388,2.2517714]]],[[[100.4513286,2.2516809],[100.4513284,2.2515],[100.4512602161469,2.2516809760665777],[100.4513286,2.2516809]]],[[[100.4510591,2.251862],[100.451059,2.2517716],[100.4509692,2.2518621],[100.4510591,2.251862]]],[[[100.4509693,2.2519526],[100.4509692,2.2518621],[100.45088839715947,2.251952689942013],[100.4509693,2.2519526]]],[[[100.4507895,2.2520432],[100.45078947984035,2.2520249756752184],[100.4507645032416,2.252043227805071],[100.4507895,2.2520432]]],[[[100.4502505,2.2524959],[100.45014489633454,2.252496017467926],[100.4500707,2.2524961],[100.4502505,2.2524959]]],[[[100.4503403,2.2524054],[100.4503403,2.2523532224816294],[100.4502504,2.2524055],[100.4503403,2.2524054]]],[[[100.4504302,2.2523149],[100.4504301,2.2522244],[100.4503926841856,2.2523149417306056],[100.4504302,2.2523149]]],[[[100.4506099,2.2522243],[100.4506098,2.2521338],[100.4504301,2.2522244],[100.4506099,2.2522243]]],[[[100.4506997,2.2521337],[100.45069965234386,2.252090618845735],[100.4506098,2.2521338],[100.4506997,2.2521337]]],[[[100.4497114,2.2528583],[100.4497114,2.252812803250856],[100.4495316,2.2528584],[100.4497114,2.2528583]]],[[[100.4498013,2.2527677],[100.44980127723865,2.252747123730314],[100.44977307727854,2.2527677313934613],[100.4498013,2.2527677]]],[[[100.449981,2.2526771],[100.44998093223163,2.2526158373892855],[100.4498012,2.2526773],[100.449981,2.2526771]]],[[[100.4500708,2.2525866],[100.45007075977259,2.2525501941862762],[100.4499809,2.2525867],[100.4500708,2.2525866]]],[[[100.44944186722292,2.253009769511042],[100.44940125837499,2.253039445207592],[100.4494419,2.2530394],[100.44944186722292,2.253009769511042]]],[[[100.4495317,2.2529489],[100.4495316,2.2528584],[100.44952515237675,2.2529489072832294],[100.4495317,2.2529489]]],[[[100.4485434,2.2536734],[100.44848652206305,2.2536734632680053],[100.4482737,2.2536737],[100.4485434,2.2536734]]],[[[100.4486333,2.2535829],[100.44863328949675,2.253573394563205],[100.4485434,2.253583],[100.4486333,2.2535829]]],[[[100.4491724,2.2532206],[100.4491723,2.2531301],[100.4491507038346,2.2532206120601255],[100.4491724,2.2532206]]],[[[100.4415369,2.2600114],[100.44153688210609,2.259995223903355],[100.44152328146012,2.2600114151485426],[100.4415369,2.2600114]]],[[[100.4416267,2.2599209],[100.4416266,2.2598304],[100.4415368,2.259921],[100.4416267,2.2599209]]],[[[100.4417165,2.2598303],[100.4417164,2.2597399],[100.44167537976332,2.259830345739974],[100.4417165,2.2598303]]],[[[100.434352,2.2679776],[100.4344418,2.267887],[100.43443417224127,2.2678870084847147],[100.434352,2.2679776]]],[[[100.43417258169457,2.2683229927292285],[100.43410833442171,2.268430071517309],[100.4340827,2.2684301],[100.4341727,2.26843],[100.43417258169457,2.2683229927292285]]],[[[100.5460068,2.1721778],[100.5460067991892,2.1721770662308972],[100.5459169,2.1721779],[100.5460068,2.1721778]]],[[[100.5459169,2.1722683],[100.5459169,2.1722669654201088],[100.545827,2.1722684],[100.5459169,2.1722683]]],[[[100.5458271,2.1723588],[100.54582709775184,2.172356767668261],[100.54582506315442,2.1723588022656792],[100.5458271,2.1723588]]],[[[100.5457373,2.1724494],[100.5457372,2.1723589],[100.54573446226355,2.172449403156548],[100.5457373,2.1724494]]],[[[100.5456475,2.1725399],[100.54564396148405,2.1725399039360576],[100.5455576,2.17254],[100.5456475,2.1725399]]],[[[100.5446596,2.1735358],[100.5446596,2.1734700194906695],[100.5444799,2.1735359],[100.5446596,2.1735358]]],[[[100.5447495,2.1734452],[100.5447494,2.1733548],[100.5446919725772,2.1734452639904593],[100.5447495,2.1734452]]],[[[100.5448393,2.1733547],[100.5448392,2.1732643],[100.54481036031498,2.1733547321909734],[100.5448393,2.1733547]]],[[[100.5449291,2.1732642],[100.54492908958656,2.173254775833543],[100.5448392,2.1732643],[100.5449291,2.1732642]]],[[[100.5450189,2.1731736],[100.54501889045903,2.173164974961078],[100.544929,2.1731737],[100.5450189,2.1731736]]],[[[100.5451087,2.1730831],[100.54510869123251,2.1730751741875993],[100.54510075658426,2.173083108835835],[100.5451087,2.1730831]]],[[[100.5451985,2.1729926],[100.5451984,2.1729021],[100.5451086,2.1729927],[100.5451985,2.1729926]]],[[[100.5452883,2.172902],[100.54528829288996,2.172895572530141],[100.5451984,2.1729021],[100.5452883,2.172902]]],[[[100.5453781,2.1728115],[100.54537809366344,2.172805771756665],[100.5452882,2.1728116],[100.5453781,2.1728115]]],[[[100.5454679,2.172721],[100.54546789444308,2.172715970977034],[100.545378,2.1727211],[100.5454679,2.172721]]],[[[100.5455577,2.1726304],[100.5455576,2.17254],[100.54555346070454,2.172630404715568],[100.5455577,2.1726304]]],[[[100.5444799,2.1736264],[100.5444799,2.1736074371377314],[100.54439,2.1736265],[100.5444799,2.1736264]]],[[[100.54430023078677,2.173744831241969],[100.544218290812,2.1738074912226786],[100.5443003,2.1738074],[100.54430023078677,2.173744831241969]]],[[[100.5443901,2.1737169],[100.54439005491395,2.1736761422035378],[100.54433667854978,2.1737169594231927],[100.5443901,2.1737169]]],[[[100.5441206,2.1738981],[100.5441205,2.1738076],[100.5440307,2.1738982],[100.5441206,2.1738981]]],[[[100.54403075829474,2.1739508984417597],[100.54398138437669,2.173988654967323],[100.5440308,2.1739886],[100.54403075829474,2.1739508984417597]]],[[[100.543941,2.1740791],[100.54394093416757,2.1740195874801818],[100.5438629966389,2.174079186766809],[100.543941,2.1740791]]],[[[100.5435817,2.1743508],[100.54358163754836,2.1742943437183966],[100.5435077024658,2.174350882310939],[100.5435817,2.1743508]]],[[[100.5434919,2.1744413],[100.5434918,2.1743509],[100.54338931472802,2.174441414110425],[100.5434919,2.1744413]]],[[[100.5433122,2.174532],[100.5433121,2.1744415],[100.5432223,2.1745321],[100.5433122,2.174532]]],[[[100.5425936,2.1751658],[100.54250369623449,2.175162492220075],[100.5425037,2.1751659],[100.5425936,2.1751658]]],[[[100.5424139,2.1752564],[100.54239032761309,2.175256426220675],[100.542324,2.1752565],[100.5424139,2.1752564]]],[[[100.54232406065611,2.1753113331278806],[100.54228107736343,2.175346947856103],[100.5423241,2.1753469],[100.54232406065611,2.1753113331278806]]],[[[100.5422343,2.1754375],[100.5422342,2.175347],[100.54217170626188,2.1754375696259602],[100.5422343,2.1754375]]],[[[100.54214442497138,2.175460174123812],[100.54206245601223,2.175528091261388],[100.5421445,2.175528],[100.54214442497138,2.175460174123812]]],[[[100.5416954,2.1758902],[100.5416953359253,2.1758322764762656],[100.5416055,2.1758903],[100.5416954,2.1758902]]],[[[100.5416056,2.1759807],[100.5416055181382,2.1759066969284406],[100.54151608391206,2.1759807995729568],[100.5416056,2.1759807]]],[[[100.5411564,2.176343],[100.54115632915148,2.176278882088863],[100.54107884134407,2.1763430862721425],[100.5411564,2.176343]]],[[[100.5409766,2.1763431],[100.5410666,2.1764335],[100.5410665,2.1763431],[100.5409766,2.1763431]]],[[[100.5407971,2.1766146],[100.540797,2.1765242],[100.54075109059511,2.176614651178426],[100.5407971,2.1766146]]],[[[100.5407073,2.1767052],[100.54070724009331,2.1766509844513426],[100.54064171949356,2.176705272948283],[100.5407073,2.1767052]]],[[[100.5406175,2.1767957],[100.54061742224,2.176725404958379],[100.5405276,2.1767958],[100.5406175,2.1767957]]],[[[100.5395396,2.1777012],[100.5395395,2.1776108],[100.5394410379018,2.1777013096352595],[100.5395396,2.1777012]]],[[[100.5393599,2.1777918],[100.5393598747186,2.1777689456212523],[100.5393324127737,2.177791830575335],[100.5393599,2.1777918]]],[[[100.53909042266483,2.1779934889993986],[100.53900641722903,2.1780634935292227],[100.5390905,2.1780634],[100.53909042266483,2.1779934889993986]]],[[[100.53891078803598,2.178143184523445],[100.53889779210095,2.1781540144692983],[100.5389108,2.178154],[100.53891078803598,2.178143184523445]]],[[[100.538821,2.1782446],[100.53882097064348,2.178218032350523],[100.5387311,2.1782447],[100.538821,2.1782446]]],[[[100.53612627404183,2.180484833809472],[100.53609929689189,2.1805083300368278],[100.5361263,2.1805083],[100.53612627404183,2.180484833809472]]],[[[100.5329826,2.1832247],[100.53298258131939,2.183207812734457],[100.5328927,2.1832248],[100.5329826,2.1832247]]],[[[100.5331623,2.1831341],[100.53316221340306,2.18305581635598],[100.53306957447298,2.183134203142967],[100.5331623,2.1831341]]],[[[100.5332521,2.1830436],[100.53325202952277,2.182979818100839],[100.53317655159934,2.1830436840360408],[100.5332521,2.1830436]]],[[[100.5326233,2.1835869],[100.53262321711618,2.183511890137185],[100.5324435,2.183587],[100.5326233,2.1835869]]],[[[100.5327131,2.1834963],[100.53271303317692,2.1834358919319423],[100.5326232,2.1834964],[100.5327131,2.1834963]]],[[[100.5328029,2.1834058],[100.53280284921874,2.183359893742707],[100.532713,2.1834059],[100.5328029,2.1834058]]],[[[100.5328927,2.1833153],[100.5328927,2.183283866158556],[100.53285550201448,2.1833153413770696],[100.5328927,2.1833153]]],[[[100.5321742,2.1839491],[100.5321741,2.1838586],[100.53210642545515,2.183949175388815],[100.5321742,2.1839491]]],[[[100.5269647,2.1886573],[100.52696466890431,2.188629158412122],[100.5268748,2.1886574],[100.5269647,2.1886573]]],[[[100.5266953,2.1889289],[100.52669524268568,2.188877030533274],[100.5265155,2.188929],[100.5266953,2.1889289]]],[[[100.5267851,2.1888383],[100.52678505144522,2.1887944064744964],[100.5267372832775,2.1888383531887903],[100.5267851,2.1888383]]],[[[100.5268749,2.1887478],[100.52687486015759,2.188711782459121],[100.526785,2.1887479],[100.5268749,2.1887478]]],[[[100.5261564,2.1893816],[100.5261562,2.1892007],[100.5260665,2.1893817],[100.5261564,2.1893816]]],[[[100.5260666,2.1894721],[100.52606658152521,2.1894553988008965],[100.5259767,2.1894722],[100.5260666,2.1894721]]],[[[100.5243601,2.1911018],[100.52436001971313,2.1910292206695137],[100.5242812971443,2.1911018876561243],[100.5243601,2.1911018]]],[[[100.5244499,2.1910113],[100.52444982819948,2.190946320528274],[100.52437934875451,2.19101137847747],[100.5244499,2.1910113]]],[[[100.5245397,2.1909207],[100.5245396,2.1908303],[100.5244498,2.1909208],[100.5245397,2.1909207]]],[[[100.5246295,2.1908302],[100.52462944504465,2.190780520363501],[100.5245396,2.1908303],[100.5246295,2.1908302]]],[[[100.5239109,2.191464],[100.5239109,2.1914437927123993],[100.52388898236008,2.1914640243800223],[100.5239109,2.191464]]],[[[100.5240008,2.1913735],[100.5240007,2.191283],[100.52398703384964,2.191373515312737],[100.5240008,2.1913735]]],[[[100.5240906,2.191283],[100.5240905,2.1911925],[100.52408509210511,2.191283],[100.5240906,2.191283]]],[[[100.5242703,2.1911923],[100.52427021130613,2.1911121207375177],[100.5240905,2.1911925],[100.5242703,2.1911923]]],[[[100.5238211,2.1915545],[100.52382106926261,2.1915267133930763],[100.5237312,2.1915546],[100.5238211,2.1915545]]],[[[100.5237313,2.1916451],[100.52369277067562,2.1916451428579804],[100.5236414,2.1916452],[100.5237313,2.1916451]]],[[[100.5236415,2.1917356],[100.5236414,2.1916452],[100.52359471906541,2.191735652036635],[100.5236415,2.1917356]]],[[[100.5235517,2.1918261],[100.52355164393109,2.191775413699094],[100.5234618,2.1918262],[100.5235517,2.1918261]]],[[[100.52247383479924,2.1927630933117035],[100.52240884784548,2.1928221723605725],[100.5224739,2.1928221],[100.52247383479924,2.1927630933117035]]],[[[100.6903175,2.1160447],[100.6902276,2.1159544],[100.6902277,2.1160448],[100.6903175,2.1160447]]],[[[100.6875335,2.118399],[100.68753345061025,2.118354351665322],[100.6874802298496,2.118399059254895],[100.6875335,2.118399]]],[[[100.6876233,2.1183085],[100.6876232,2.1182181],[100.68758383915853,2.118308543894151],[100.6876233,2.1183085]]],[[[100.6877131,2.118218],[100.68771307023326,2.1181910610989565],[100.68768340110307,2.1182180330354807],[100.6877131,2.118218]]],[[[100.6878029,2.1181274],[100.6878028,2.118037],[100.687713,2.1181275],[100.6878029,2.1181274]]],[[[100.6878927,2.1180369],[100.6878926,2.1179465],[100.68788263512691,2.118036911195632],[100.6878927,2.1180369]]],[[[100.6880724,2.1179463],[100.6880723,2.1178558],[100.68798219707145,2.1179464003369617],[100.6880724,2.1179463]]],[[[100.6881622,2.1178557],[100.6881621,2.1177653],[100.68808186915075,2.1178557893557834],[100.6881622,2.1178557]]],[[[100.688252,2.1177652],[100.6882519,2.1176748],[100.6881621,2.1177653],[100.688252,2.1177652]]],[[[100.6883417,2.1176747],[100.68834163915449,2.117619634806938],[100.6882519,2.1176748],[100.6883417,2.1176747]]],[[[100.6884315,2.1175841],[100.6884314,2.1174937],[100.68838066524162,2.117584156545894],[100.6884315,2.1175841]]],[[[100.6885213,2.1174936],[100.68852125878787,2.1174563442311323],[100.68848022718616,2.1174936456872233],[100.6885213,2.1174936]]],[[[100.6886111,2.1174031],[100.688611,2.1173126],[100.6885212,2.1174032],[100.6886111,2.1174031]]],[[[100.6887009,2.1173125],[100.6887008,2.1172221],[100.688611,2.1173126],[100.6887009,2.1173125]]],[[[100.6869047,2.1187614],[100.68690464202562,2.118708991160115],[100.68680710972221,2.118761508554258],[100.6869047,2.1187614]]],[[[100.6870844,2.1186708],[100.6870843,2.1185804],[100.6869046,2.118671],[100.6870844,2.1186708]]],[[[100.6872641,2.1185802],[100.68726402848108,2.118515475376411],[100.68714357663305,2.118580334063812],[100.6872641,2.1185802]]],[[[100.6873538,2.1184896],[100.6873537,2.1183992],[100.687264,2.1184897],[100.6873538,2.1184896]]],[[[100.686725,2.1188521],[100.68672494878349,2.1188057490597254],[100.6866351,2.1188522],[100.686725,2.1188521]]],[[[100.6865453,2.1189427],[100.6865452,2.1188523],[100.68647045671266,2.1189427832517103],[100.6865453,2.1189427]]],[[[100.6863656,2.118999244558525],[100.68630222311114,2.1190333705756004],[100.6863656,2.1190333],[100.6863656,2.118999244558525]]],[[[100.686186,2.119124],[100.68618596902644,2.119095968928902],[100.6861338034961,2.119124058060627],[100.686186,2.119124]]],[[[100.65778634906296,2.1244443529095416],[100.6575082095097,2.124490709501751],[100.6577864,2.1244904],[100.65778634906296,2.1244443529095416]]],[[[100.6583257,2.1243994],[100.6583256503529,2.1243544693612195],[100.6577863,2.1244],[100.6583257,2.1243994]]],[[[100.6588649,2.1243084],[100.65886485160496,2.124264602485874],[100.6583256,2.1243089],[100.6588649,2.1243084]]],[[[100.6594042,2.1242173],[100.6594041,2.1241269],[100.6588648,2.1242179],[100.6594042,2.1242173]]],[[[100.660303,2.1241259],[100.66030295135593,2.124081925758423],[100.6594041,2.1241269],[100.660303,2.1241259]]],[[[100.6636288,2.1240319],[100.66362875043396,2.123987092296856],[100.6603029,2.1240355],[100.6636288,2.1240319]]],[[[100.6669547,2.1239379],[100.6669546,2.1238474],[100.66533662360143,2.1239396513755366],[100.6669547,2.1239379]]],[[[100.6676737,2.1238467],[100.6676736,2.1237562],[100.66735447912822,2.123847010742053],[100.6676737,2.1238467]]],[[[100.6683927,2.1237554],[100.66839265410552,2.123713911385989],[100.6676736,2.1237562],[100.6683927,2.1237554]]],[[[100.6691118,2.1236642],[100.6691117,2.1235738],[100.66877750244804,2.1236645718548965],[100.6691118,2.1236642]]],[[[100.6698308,2.123573],[100.6698307,2.1234826],[100.6691117,2.1235738],[100.6698308,2.123573]]],[[[100.6705498,2.1234818],[100.67054975084129,2.12343736052243],[100.67020008828811,2.1234821890548874],[100.6705498,2.1234818]]],[[[100.6711789,2.1233907],[100.6711789,2.123342763490623],[100.67090553641366,2.1233910041235067],[100.6711789,2.1233907]]],[[[100.6717182,2.1232997],[100.67171814243433,2.1232476030610363],[100.6711789,2.1233002],[100.6717182,2.1232997]]],[[[100.6721675,2.1232087],[100.6721674,2.1231183],[100.67193714076708,2.123208956296432],[100.6721675,2.1232087]]],[[[100.6727068,2.1231177],[100.67270675071104,2.12307314277691],[100.67245265784597,2.123117982694276],[100.6727068,2.1231177]]],[[[100.673246,2.1230267],[100.6732459,2.1229363],[100.6727067,2.1230273],[100.673246,2.1230267]]],[[[100.6737853,2.1229357],[100.67378524157002,2.1228828208606205],[100.67348369198776,2.1229360354927835],[100.6737853,2.1229357]]],[[[100.6742346,2.1228448],[100.6742345543982,2.122803530361531],[100.6737852,2.1228452],[100.6742346,2.1228448]]],[[[100.6745941,2.1227539],[100.674594,2.1226635],[100.6742345,2.1227543],[100.6745941,2.1227539]]],[[[100.6748637,2.1226632],[100.67486364612962,2.1226145011795405],[100.674594,2.1226635],[100.6748637,2.1226632]]],[[[100.6751332,2.1225725],[100.6751331,2.122482],[100.6748636,2.1225728],[100.6751332,2.1225725]]],[[[100.6754028,2.1224817],[100.6754027,2.1223913],[100.6751331,2.122482],[100.6754028,2.1224817]]],[[[100.6757623,2.1223909],[100.6757622367164,2.1223336916211757],[100.67557851572207,2.1223911044319],[100.6757623,2.1223909]]],[[[100.6760318,2.1223002],[100.6760318,2.1222494530950464],[100.67586882959411,2.122300381346891],[100.6760318,2.1223002]]],[[[100.6763014,2.1222095],[100.6763013,2.122119],[100.6760318,2.1222098],[100.6763014,2.1222095]]],[[[100.676571,2.1221187],[100.676570958259,2.122080966139112],[100.6763013,2.122119],[100.676571,2.1221187]]],[[[100.6768406,2.122028],[100.6768405653915,2.121996713910207],[100.6765709,2.1220283],[100.6768406,2.122028]]],[[[100.6772,2.1219372],[100.67719994160271,2.121884408844204],[100.67703040606483,2.1219373886997888],[100.6772,2.1219372]]],[[[100.6774696,2.1218465],[100.67746954879182,2.1218001565976063],[100.6773207199641,2.1218466656062693],[100.6774696,2.1218465]]],[[[100.6778291,2.1217556],[100.67782905337666,2.1217134524939936],[100.67765025729173,2.1217557989351596],[100.6778291,2.1217556]]],[[[100.6781885,2.1216648],[100.67818845965704,2.121628329953905],[100.67803374801125,2.121664972185801],[100.6781885,2.1216648]]],[[[100.6786379,2.1215739],[100.6786378,2.1214835],[100.6781884,2.1215744],[100.6786379,2.1215739]]],[[[100.6789973,2.1214831],[100.6789972,2.1213926],[100.67880072932975,2.1214833187156277],[100.6789973,2.1214831]]],[[[100.6793568,2.1213922],[100.6793567,2.1213018],[100.67918464425311,2.1213923914969377],[100.6793568,2.1213922]]],[[[100.6797163,2.1213014],[100.6797162,2.121211],[100.67956813470387,2.1213015648112306],[100.6797163,2.1213014]]],[[[100.6800757,2.1212106],[100.6800756,2.1211202],[100.6797162,2.121211],[100.6800757,2.1212106]]],[[[100.6805251,2.1211197],[100.68052505052691,2.121074926853142],[100.6800756,2.1211202],[100.6805251,2.1211197]]],[[[100.6808845,2.1210288],[100.68088445686317,2.1209898042998194],[100.680525,2.1210292],[100.6808845,2.1210288]]],[[[100.6813339,2.1209379],[100.6813338,2.1208475],[100.68110252166525,2.1209381573730086],[100.6813339,2.1209379]]],[[[100.6816035,2.1208472],[100.68160344556367,2.1207979895533744],[100.6813338,2.1208475],[100.6816035,2.1208472]]],[[[100.681873,2.1207565],[100.6818729,2.120666],[100.6816034,2.1207568],[100.681873,2.1207565]]],[[[100.6821426,2.1206657],[100.68214256411382,2.1206332588852717],[100.68203600514406,2.120665818570474],[100.6821426,2.1206657]]],[[[100.6825021,2.1205749],[100.682502,2.1204845],[100.68233294102146,2.1205750881634913],[100.6825021,2.1205749]]],[[[100.6827716,2.1204842],[100.6827715,2.1203937],[100.682502,2.1204845],[100.6827716,2.1204842]]],[[[100.6830412,2.1203935],[100.6830411,2.120303],[100.68292695228428,2.1203935847220734],[100.6830412,2.1203935]]],[[[100.6834007,2.1203026],[100.6834006,2.1202122],[100.6830411,2.120303],[100.6834007,2.1203026]]],[[[100.6836702,2.1202119],[100.6836701,2.1201215],[100.6835210135281,2.1202120660086856],[100.6836702,2.1202119]]],[[[100.6839398,2.1201212],[100.6839397590232,2.12008411599629],[100.68381794960767,2.120121335539925],[100.6839398,2.1201212]]],[[[100.6842993,2.1200303],[100.68429923802566,2.1199742751899855],[100.68411521395355,2.120030504767571],[100.6842993,2.1200303]]],[[[100.6845688,2.1199396],[100.68456874726233,2.119891925145447],[100.6842992,2.1199399],[100.6845688,2.1199396]]],[[[100.6848384,2.1198489],[100.68483835646522,2.1198095445556744],[100.6845687,2.1198492],[100.6848384,2.1198489]]],[[[100.6850181,2.1197583],[100.68501806302916,2.119724841388985],[100.6848383,2.1197585],[100.6850181,2.1197583]]],[[[100.6851978,2.1196676],[100.68519775628704,2.1196280834808925],[100.685018,2.1196678],[100.6851978,2.1196676]]],[[[100.6853775,2.119577],[100.6853774,2.1194866],[100.68529244991329,2.1195770946052135],[100.6853775,2.119577]]],[[[100.6855571,2.1194864],[100.68555704278621,2.1194346215198006],[100.68546068346465,2.119486507308331],[100.6855571,2.1194864]]],[[[100.6857368,2.1193957],[100.6857367,2.1193053],[100.685557,2.1193959],[100.6857368,2.1193957]]],[[[100.6859165,2.1193051],[100.6859164,2.1192147],[100.68579733658527,2.1193052325510733],[100.6859165,2.1193051]]],[[[100.6860063,2.1192146],[100.6860062,2.1191241],[100.6859164,2.1192147],[100.6860063,2.1192146]]],[[[100.6535614,2.1244045],[100.65362317849572,2.1244044312808725],[100.6535613,2.1243141],[100.6535614,2.1244045]]],[[[100.65365134157307,2.1244419820506697],[100.65365134157307,2.124441982050666],[100.6536513,2.1244044],[100.65365134157307,2.1244419820506697]]],[[[100.6536514,2.1244948],[100.65369095503507,2.1244948],[100.65365134157307,2.1244419820506697],[100.6536514,2.1244948]]],[[[100.6537414,2.1245852],[100.65375874056852,2.1245851807112697],[100.6537413,2.1244948],[100.6537414,2.1245852]]],[[[100.6538315,2.124766],[100.6539214,2.1247659],[100.6538313,2.1245851],[100.6538315,2.124766]]],[[[100.6539215,2.1248563],[100.65396204620522,2.1248562548935306],[100.6539214,2.1247659],[100.6539215,2.1248563]]],[[[100.6548204,2.1248553],[100.65482034749694,2.1248078372237944],[100.65403363645484,2.1248561752514683],[100.6548204,2.1248553]]],[[[100.6557192,2.1247639],[100.6557191,2.1246735],[100.6552399198705,2.124764433185148],[100.6557192,2.1247639]]],[[[100.6565281,2.1246726],[100.6565280541791,2.1246311779118443],[100.6557191,2.1246735],[100.6565281,2.1246726]]],[[[100.6572472,2.1245814],[100.6572471,2.124491],[100.6569621641676,2.124581717058768],[100.6572472,2.1245814]]],[[[100.65214117505964,2.1220547772246277],[100.6521208,2.1221452],[100.65218849992465,2.1221451246941885],[100.65214117505964,2.1220547772246277]]],[[[100.65221074700929,2.1221875964012353],[100.65221074700929,2.1221875964012296],[100.6522107,2.1221451],[100.65221074700929,2.1221875964012353]]],[[[100.6522108,2.1222355],[100.65223582477344,2.122235472132769],[100.65221074700929,2.1221875964012353],[100.6522108,2.1222355]]],[[[100.6523007370875,2.1223593956414497],[100.6523007370875,2.1223593956414457],[100.6523006,2.1222354],[100.6523007370875,2.1223593956414497]]],[[[100.6523008,2.1224163],[100.6523907,2.1224162],[100.6523007370875,2.1223593956414497],[100.6523008,2.1224163]]],[[[100.65239082734786,2.1225313861384896],[100.65239082734786,2.122531386138489],[100.6523907,2.1224162],[100.65239082734786,2.1225313861384896]]],[[[100.6523909,2.1225971],[100.65242522889235,2.122597061814358],[100.65239082734786,2.1225313861384896],[100.6523909,2.1225971]]],[[[100.65248091760822,2.122703376635552],[100.65248091760822,2.122703376635544],[100.6524808,2.122597],[100.65248091760822,2.122703376635552]]],[[[100.652481,2.1227779],[100.65251993097283,2.1227778566952473],[100.65248091760822,2.122703376635552],[100.652481,2.1227779]]],[[[100.6525711,2.1229586],[100.65261458070285,2.1229585516343685],[100.6525709,2.1227778],[100.6525711,2.1229586]]],[[[100.6526612,2.1231394],[100.6527092827833,2.123139346515258],[100.652661,2.1229585],[100.6526612,2.1231394]]],[[[100.65275118854915,2.123219348431868],[100.65275118854915,2.1232193484318644],[100.6527511,2.1231393],[100.65275118854915,2.123219348431868]]],[[[100.6527512,2.1232297],[100.652841,2.1232296],[100.65275118854915,2.123219348431868],[100.6527512,2.1232297]]],[[[100.6528412,2.1234105],[100.65287769958492,2.1234104593997944],[100.652841,2.1232296],[100.6528412,2.1234105]]],[[[100.65293117894382,2.123481765211661],[100.65293117894382,2.1234817652116607],[100.6529311,2.1234104],[100.65293117894382,2.123481765211661]]],[[[100.6529312,2.1235008],[100.65294545503507,2.1235008],[100.65293117894382,2.123481765211661],[100.6529312,2.1235008]]],[[[100.65302121173555,2.1236018089339765],[100.65302121173555,2.1236018089339734],[100.6530211,2.1235008],[100.65302121173555,2.1236018089339765]]],[[[100.6530213,2.1236816],[100.65308100522537,2.1236815335870687],[100.65302121173555,2.1236018089339765],[100.6530213,2.1236816]]],[[[100.65311124458866,2.123721852738128],[100.65311124458866,2.1237218527381216],[100.6531112,2.1236815],[100.65311124458866,2.123721852738128]]],[[[100.6531113,2.123772],[100.65314882373052,2.123771958260589],[100.65311124458866,2.123721852738128],[100.6531113,2.123772]]],[[[100.65321656729817,2.123862283017466],[100.65320127742979,2.123841896526297],[100.6532013,2.1238623],[100.65321656729817,2.123862283017466]]],[[[100.65320127742979,2.123841896526297],[100.65320127742979,2.1238418965262924],[100.6532012,2.1237719],[100.65320127742979,2.123841896526297]]],[[[100.65329131032087,2.123961940381067],[100.65329131032087,2.123961940381064],[100.6532913,2.1239526],[100.65329131032087,2.123961940381067]]],[[[100.6532914,2.1240431],[100.65335212937097,2.1240430324478634],[100.65329131032087,2.123961940381067],[100.6532914,2.1240431]]],[[[100.6457444,2.127759],[100.64574438013841,2.127741025259273],[100.6456545,2.1277591],[100.6457444,2.127759]]],[[[100.6355912,2.1321107],[100.63551129543585,2.132110788881606],[100.6354114,2.1321109],[100.6355912,2.1321107]]],[[[100.6358608,2.13202],[100.6358607,2.1319296],[100.63575307959353,2.1320201198224766],[100.6358608,2.13202]]],[[[100.6361304,2.1319293],[100.63613034402836,2.1318786456594188],[100.6358607,2.1319296],[100.6361304,2.1319293]]],[[[100.6364,2.1318385],[100.6363999,2.1317481],[100.63623691536891,2.131838681406709],[100.6364,2.1318385]]],[[[100.6365796,2.1317479],[100.6365796,2.1317101746700486],[100.63647869965705,2.1317480122986567],[100.6365796,2.1317479]]],[[[100.6368492,2.1316572],[100.6368491,2.1315668],[100.63672048383974,2.1316573432301484],[100.6368492,2.1316572]]],[[[100.6371188,2.1315665],[100.63711873535792,2.1315079989108336],[100.6368491,2.1315668],[100.6371188,2.1315665]]],[[[100.6372985,2.1314758],[100.6372984,2.1313854],[100.63720431975716,2.131475904761116],[100.6372985,2.1314758]]],[[[100.6375681,2.1313851],[100.63756804956425,2.1313395060834557],[100.6372984,2.1313854],[100.6375681,2.1313851]]],[[[100.6378377,2.1312944],[100.63783763126958,2.1312322676910678],[100.637568,2.1312947],[100.6378377,2.1312944]]],[[[100.6380174,2.1312038],[100.63801734871318,2.1311573854228993],[100.6378376,2.131204],[100.6380174,2.1312038]]],[[[100.638197,2.1311131],[100.63819696620001,2.1310825448033865],[100.6380173,2.1311133],[100.638197,2.1311131]]],[[[100.6384666,2.1310224],[100.63846654228036,2.1309702214365727],[100.63834097836447,2.131022539734856],[100.6384666,2.1310224]]],[[[100.6386463,2.1309318],[100.63864625966725,2.1308953391920356],[100.6384665,2.130932],[100.6386463,2.1309318]]],[[[100.6389159,2.1308411],[100.63891583581857,2.130783015795654],[100.6386462,2.1308414],[100.6389159,2.1308411]]],[[[100.6390956,2.1307504],[100.6390955,2.13066],[100.63899384207181,2.1307505131901316],[100.6390956,2.1307504]]],[[[100.6392753,2.1306598],[100.63927527063196,2.130633251290075],[100.63921138309345,2.130659871097783],[100.6392753,2.1306598]]],[[[100.6395448,2.1305691],[100.6395448,2.130520947386724],[100.6392752,2.1305694],[100.6395448,2.1305691]]],[[[100.6397245,2.1304785],[100.63972446418488,2.1304460873096938],[100.6395448,2.1304787],[100.6397245,2.1304785]]],[[[100.6399941,2.1303877],[100.63999404033619,2.1303337639133137],[100.6397244,2.130388],[100.6399941,2.1303877]]],[[[100.6401738,2.1302971],[100.64017375636357,2.1302576526593064],[100.639994,2.1302973],[100.6401738,2.1302971]]],[[[100.6403535,2.1302065],[100.6403534,2.1301161],[100.6401737,2.1302067],[100.6403535,2.1302065]]],[[[100.6406231,2.1301158],[100.640623,2.1300253],[100.64050228508313,2.1301159343881166],[100.6406231,2.1301158]]],[[[100.6408028,2.1300251],[100.64080275710067,2.1299863190080037],[100.64071262317813,2.130025200307922],[100.6408028,2.1300251]]],[[[100.6410723,2.1299344],[100.6410723,2.129870045600448],[100.6408027,2.1299347],[100.6410723,2.1299344]]],[[[100.641252,2.1298438],[100.6412519,2.1297534],[100.6410723,2.129844],[100.641252,2.1298438]]],[[[100.6414317,2.1297532],[100.6414316,2.1296627],[100.6412519,2.1297534],[100.6414317,2.1297532]]],[[[100.6417013,2.1296624],[100.6417012,2.129572],[100.6414316,2.1296627],[100.6417013,2.1296624]]],[[[100.641881,2.1295718],[100.6418809440473,2.1295212187565187],[100.64176338424166,2.129571930829542],[100.641881,2.1295718]]],[[[100.6420607,2.1294812],[100.64206065851202,2.1294436948697735],[100.6418809,2.1294814],[100.6420607,2.1294812]]],[[[100.6423303,2.1293905],[100.6423302,2.1293],[100.64218359559665,2.1293906631862107],[100.6423303,2.1293905]]],[[[100.6425099,2.1292998],[100.6425099,2.129249904423982],[100.64239393378334,2.129299929066463],[100.6425099,2.1292998]]],[[[100.6426896,2.1292092],[100.6426895,2.1291188],[100.64260403950458,2.129209295225927],[100.6426896,2.1292092]]],[[[100.6429592,2.1291185],[100.64295913099393,2.129056118505035],[100.64281414530517,2.1291186613511623],[100.6429592,2.1291185]]],[[[100.6431389,2.1290279],[100.64313884551889,2.1289785945923043],[100.64302425098266,2.129028027529497],[100.6431389,2.1290279]]],[[[100.6433186,2.1289372],[100.64331856003395,2.1289010706838467],[100.6431388,2.1289374],[100.6433186,2.1289372]]],[[[100.6435882,2.1288465],[100.64358813173104,2.1287847848537305],[100.6433185,2.1288468],[100.6435882,2.1288465]]],[[[100.6437679,2.1287559],[100.6437678,2.1286654],[100.64365480043266,2.1287560258059703],[100.6437679,2.1287559]]],[[[100.6439475,2.1286653],[100.6439475,2.12862976324751],[100.6437678,2.1286654],[100.6439475,2.1286653]]],[[[100.6442171,2.1285745],[100.64421703251584,2.128513494319107],[100.64407524432765,2.1285746578512676],[100.6442171,2.1285745]]],[[[100.6443968,2.1284839],[100.6443967,2.1283935],[100.644217,2.1284841],[100.6443968,2.1284839]]],[[[100.6445765,2.1283933],[100.6445764,2.1283028],[100.6443967,2.1283935],[100.6445765,2.1283933]]],[[[100.6448461,2.1283026],[100.64484603321623,2.1282421606836475],[100.64470568250279,2.1283027041286595],[100.6448461,2.1283026]]],[[[100.6450258,2.1282119],[100.64502574771768,2.128164636781059],[100.64491589959117,2.128212022247396],[100.6450258,2.1282119]]],[[[100.6452055,2.1281213],[100.64520545871157,2.1280839752581713],[100.64512600526866,2.1281213884257304],[100.6452055,2.1281213]]],[[[100.6453851,2.1280307],[100.64538503259776,2.1279697009669594],[100.64528900891622,2.1280308069461147],[100.6453851,2.1280307]]],[[[100.6454749,2.1279401],[100.64547486950445,2.127912532026335],[100.64543147249283,2.1279401483064597],[100.6454749,2.1279401]]],[[[100.6456546,2.1278495],[100.6456545432458,2.127798194190941],[100.6454748,2.1278497],[100.6456546,2.1278495]]],[[[100.6346927,2.1324734],[100.63469263847925,2.1324177852403374],[100.6343331,2.1324738],[100.6346927,2.1324734]]],[[[100.6348724,2.1323828],[100.6348723,2.1322924],[100.6347856752053,2.1323828964680698],[100.6348724,2.1323828]]],[[[100.6351419,2.1322921],[100.6351418,2.1322016],[100.63502745953419,2.132292227344732],[100.6351419,2.1322921]]],[[[100.6354115,2.1322013],[100.6354114,2.1321109],[100.6351418,2.1322016],[100.6354115,2.1322013]]],[[[100.6340637,2.1327454],[100.6340636,2.132655],[100.633794,2.1327457],[100.6340637,2.1327454]]],[[[100.6341535,2.1326549],[100.63415348989845,2.1326457580981812],[100.63413319710872,2.1326549225838614],[100.6341535,2.1326549]]],[[[100.6337941,2.1328361],[100.63379406900134,2.1328080772130016],[100.63373186525688,2.1328361692266333],[100.6337941,2.1328361]]],[[[100.6318174,2.1337426],[100.63181735379813,2.133700787304776],[100.63172453969717,2.133742703350365],[100.6318174,2.1337426]]],[[[100.6319971,2.1336519],[100.631997,2.1335615],[100.6318173,2.1336521],[100.6319971,2.1336519]]],[[[100.6322667,2.1335612],[100.63226662996503,2.13349788839069],[100.631997,2.1335615],[100.6322667,2.1335612]]],[[[100.6324464,2.1334706],[100.63244634040801,2.1334167288357997],[100.63232675957786,2.133470733081671],[100.6324464,2.1334706]]],[[[100.6326261,2.13338],[100.63262605090526,2.1333355692563973],[100.6324463,2.1333802],[100.6326261,2.13338]]],[[[100.6328058,2.1332893],[100.63280576140451,2.1332544096760864],[100.632626,2.1332895],[100.6328058,2.1332893]]],[[[100.6329855,2.1331987],[100.6329854,2.1331083],[100.63292897933094,2.1331987628705997],[100.6329855,2.1331987]]],[[[100.6332551,2.133108],[100.63325503751194,2.1330515107888637],[100.6329854,2.1331083],[100.6332551,2.133108]]],[[[100.6334347,2.1330174],[100.6334347,2.132970372891029],[100.63333031128627,2.133017516181095],[100.6334347,2.1330174]]],[[[100.6336144,2.1329267],[100.63361435855838,2.132889236767892],[100.6334347,2.1329269],[100.6336144,2.1329267]]],[[[100.6189668,2.137645],[100.6189667538157,2.1376032032136862],[100.61886337128954,2.1376451150486213],[100.6189668,2.137645]]],[[[100.6193263,2.1375541],[100.6193262,2.1374637],[100.61914453248998,2.137554302188554],[100.6193263,2.1375541]]],[[[100.6196858,2.1374633],[100.6196857,2.1373729],[100.61950014890373,2.1374635065084497],[100.6196858,2.1374633]]],[[[100.6200453,2.1373725],[100.62004524671748,2.137324332598556],[100.61985576531747,2.1373727108283456],[100.6200453,2.1373725]]],[[[100.6204047,2.1372817],[100.62040464565395,2.13723257116797],[100.6200452,2.1372821],[100.6204047,2.1372817]]],[[[100.6207642,2.1371909],[100.62076414462342,2.137140784197039],[100.62056699858253,2.1371911193564155],[100.6207642,2.1371909]]],[[[100.6211237,2.1371001],[100.62112364353287,2.1370489972414375],[100.62092283473065,2.137100267573918],[100.6211237,2.1371001]]],[[[100.6214832,2.1370092],[100.6214831,2.1369188],[100.6211236,2.1370096],[100.6214832,2.1370092]]],[[[100.6218426,2.1369184],[100.6218426,2.136865433888127],[100.62163424138822,2.136918631831557],[100.6218426,2.1369184]]],[[[100.6222021,2.1368276],[100.622202,2.1367372],[100.6218426,2.136828],[100.6222021,2.1368276]]],[[[100.6225616,2.1367368],[100.62256153924218,2.136681874932675],[100.62234547446933,2.136737040406597],[100.6225616,2.1367368]]],[[[100.6229211,2.136646],[100.62292103821875,2.1365900879599375],[100.62270109088307,2.1366462447264927],[100.6229211,2.136646]]],[[[100.6231907,2.1365553],[100.6231906623732,2.1365212477502875],[100.622921,2.1365555],[100.6231907,2.1365553]]],[[[100.6235501,2.1364644],[100.6235501,2.1364294764413168],[100.6231906,2.1364648],[100.6235501,2.1364644]]],[[[100.6239096,2.1363736],[100.6239095,2.1362832],[100.6235501,2.136374],[100.6239096,2.1363736]]],[[[100.6241792,2.1362829],[100.6241791,2.1361925],[100.6239095,2.1362832],[100.6241792,2.1362829]]],[[[100.6244488,2.1361922],[100.62444875796497,2.136154158294269],[100.6241791,2.1361925],[100.6244488,2.1361922]]],[[[100.6247184,2.1361015],[100.6247182,2.1359206],[100.62471836409013,2.1360690195178993],[100.6244487,2.1361017],[100.6247184,2.1361015]]],[[[100.6253474,2.1359199],[100.6253473,2.1358295],[100.62519002145342,2.1359200750873852],[100.6253474,2.1359199]]],[[[100.625617,2.1358292],[100.6256169,2.1357388],[100.6253473,2.1358295],[100.625617,2.1358292]]],[[[100.6258866,2.1357385],[100.62588655758708,2.1357001163083367],[100.6256169,2.1357388],[100.6258866,2.1357385]]],[[[100.6261562,2.1356477],[100.62615616380255,2.135614977503452],[100.6258865,2.135648],[100.6261562,2.1356477]]],[[[100.6265157,2.1355569],[100.6265156386716,2.1355014591237524],[100.62633945508603,2.1355570960455106],[100.6265157,2.1355569]]],[[[100.6267853,2.1354662],[100.6267852,2.1353758],[100.62662673402556,2.1354663763803945],[100.6267853,2.1354662]]],[[[100.6270548,2.1353755],[100.62705475101009,2.1353312131221225],[100.62691401313398,2.135375656661943],[100.6270548,2.1353755]]],[[[100.6273244,2.1352848],[100.6273243572092,2.1352460743224047],[100.62720129225812,2.135284936938534],[100.6273244,2.1352848]]],[[[100.627594,2.135194],[100.6275939614102,2.1351591148166493],[100.6274888889837,2.135194116919929],[100.627594,2.135194]]],[[[100.6278636,2.1351033],[100.6278635,2.1350129],[100.62776106369226,2.1351034140559597],[100.6278636,2.1351033]]],[[[100.6281332,2.1350126],[100.6281331,2.1349222],[100.6278635,2.1350129],[100.6281332,2.1350126]]],[[[100.6284028,2.1349219],[100.6284027,2.1348314],[100.62830528043334,2.134922008475603],[100.6284028,2.1349219]]],[[[100.6286723,2.1348312],[100.62867226517153,2.134799680229539],[100.6284027,2.1348314],[100.6286723,2.1348312]]],[[[100.6289419,2.1347404],[100.6289418,2.13465],[100.62884979851368,2.134740502448817],[100.6289419,2.1347404]]],[[[100.6293014,2.1346496],[100.6293013340604,2.134589990599917],[100.62912190688422,2.1346497996586384],[100.6293014,2.1346496]]],[[[100.629571,2.1345589],[100.6295709,2.1344685],[100.62939401525476,2.13455909686846],[100.629571,2.1345589]]],[[[100.6298406,2.1344682],[100.6298405,2.1343777],[100.6295709,2.1344685],[100.6298406,2.1344682]]],[[[100.6301101,2.1343774],[100.6301101,2.134320401953382],[100.62993853312204,2.134377590912698],[100.6301101,2.1343774]]],[[[100.6303797,2.1342867],[100.6303796378938,2.134230555988784],[100.6302106414957,2.134286888121481],[100.6303797,2.1342867]]],[[[100.6306493,2.134196],[100.63064923881528,2.1341406890149552],[100.6304827500762,2.134196185261317],[100.6306493,2.134196]]],[[[100.6309189,2.1341053],[100.63091883980334,2.134050822018937],[100.63075485844674,2.134105482471138],[100.6309189,2.1341053]]],[[[100.6311885,2.1340146],[100.6311884407238,2.133960955045447],[100.6309188,2.1340148],[100.6311885,2.1340146]]],[[[100.6313682,2.1339239],[100.6313681747165,2.13390104371455],[100.63129937619226,2.13392397655596],[100.6313682,2.1339239]]],[[[100.6180683,2.1380077],[100.6180682,2.1379172],[100.6177986,2.1380079],[100.6180683,2.1380077]]],[[[100.6183378,2.1379169],[100.6183378,2.137858184490321],[100.61819256978052,2.1379170616063274],[100.6183378,2.1379169]]],[[[100.6185175,2.1378263],[100.6185174,2.1377359],[100.6183378,2.1378265],[100.6185175,2.1378263]]],[[[100.6187871,2.1377356],[100.61878703413998,2.1376760625416846],[100.61863977083593,2.1377357638811616],[100.6187871,2.1377356]]],[[[100.5920084,2.1471692],[100.59200835762257,2.1471308484345952],[100.59187912317925,2.1471693438006905],[100.5920084,2.1471692]]],[[[100.5923679,2.1470784],[100.5923678,2.1469879],[100.59218391922951,2.1470785534878507],[100.5923679,2.1470784]]],[[[100.5926375,2.1469877],[100.5926374,2.1468972],[100.59248855656686,2.1469878104511926],[100.5926375,2.1469877]]],[[[100.5929071,2.1468969],[100.59290706266489,2.1468631490602896],[100.5926374,2.1468972],[100.5929071,2.1468969]]],[[[100.5932666,2.1468061],[100.59326654465633,2.146756069318161],[100.5930979547368,2.1468062875920615],[100.5932666,2.1468061]]],[[[100.5935361,2.1467154],[100.5935361,2.146675776237068],[100.5932665,2.1467157],[100.5935361,2.1467154]]],[[[100.5938956,2.1466246],[100.59389553817428,2.146568709546857],[100.5935361,2.146625],[100.5938956,2.1466246]]],[[[100.5941652,2.1465339],[100.5941651,2.1464434],[100.5938955,2.1465342],[100.5941652,2.1465339]]],[[[100.5944348,2.1464431],[100.5944347,2.1463527],[100.5941651,2.1464434],[100.5944348,2.1464431]]],[[[100.5950639,2.1462616],[100.59506385475703,2.146220700351994],[100.5945245,2.1462622],[100.5950639,2.1462616]]],[[[100.5954234,2.1461708],[100.5954233,2.1460804],[100.59523065760784,2.146171014396432],[100.5954234,2.1461708]]],[[[100.595693,2.1460801],[100.5956929,2.1459896],[100.5954233,2.1460804],[100.595693,2.1460801]]],[[[100.5958727,2.1459895],[100.5958726,2.145899],[100.59578529809336,2.145989548610627],[100.5958727,2.1459895]]],[[[100.5961423,2.1458987],[100.59614226113015,2.145863561656469],[100.5958726,2.145899],[100.5961423,2.1458987]]],[[[100.5964119,2.145808],[100.59641185620626,2.1457684104531367],[100.59629933104553,2.145808125215745],[100.5964119,2.145808]]],[[[100.5966814,2.1457173],[100.5966813,2.1456269],[100.59655627465926,2.1457174392344296],[100.5966814,2.1457173]]],[[[100.596951,2.1456266],[100.5969509,2.1455361],[100.5966813,2.1456269],[100.596951,2.1456266]]],[[[100.5972206,2.1455359],[100.5972205,2.1454454],[100.59707032007032,2.1455360114422914],[100.5972206,2.1455359]]],[[[100.5974902,2.1454451],[100.59749013666027,2.1453878408811335],[100.5972205,2.1454454],[100.5974902,2.1454451]]],[[[100.5976699,2.1453545],[100.5976698,2.1452641],[100.5974901,2.1453547],[100.5976699,2.1453545]]],[[[100.5979395,2.1452638],[100.5979394617871,2.1452292555422505],[100.5976698,2.1452641],[100.5979395,2.1452638]]],[[[100.5982091,2.1451731],[100.59820905691086,2.145134104322103],[100.5979394,2.1451734],[100.5982091,2.1451731]]],[[[100.5984787,2.1450824],[100.5984786,2.1449919],[100.598209,2.1450826],[100.5984787,2.1450824]]],[[[100.5987483,2.1449916],[100.5987482,2.1449012],[100.5984786,2.1449919],[100.5987483,2.1449916]]],[[[100.5990179,2.1449009],[100.59901784160881,2.1448481143597635],[100.5987482,2.1449012],[100.5990179,2.1449009]]],[[[100.5992875,2.1448102],[100.59928743543236,2.1447518308513525],[100.59912349099834,2.1448103824349296],[100.5992875,2.1448102]]],[[[100.5994671,2.1447196],[100.5994671,2.144687664934336],[100.59937740229073,2.144719699830506],[100.5994671,2.1447196]]],[[[100.5997367,2.1446288],[100.59973665862168,2.1445913939980232],[100.5994671,2.1446291],[100.5997367,2.1446288]]],[[[100.6000063,2.1445381],[100.6000062,2.1444477],[100.5997366,2.1445384],[100.6000063,2.1445381]]],[[[100.6002759,2.1444474],[100.6002758,2.144357],[100.6000062,2.1444477],[100.6002759,2.1444474]]],[[[100.6005455,2.1443567],[100.6005454,2.1442663],[100.6002758,2.144357],[100.6005455,2.1443567]]],[[[100.6008151,2.144266],[100.600815,2.1441755],[100.6005454,2.1442663],[100.6008151,2.144266]]],[[[100.6009948,2.1441753],[100.60099476324217,2.144142070919277],[100.600815,2.1441755],[100.6009948,2.1441753]]],[[[100.6012644,2.1440846],[100.6012643,2.1439942],[100.6009947,2.1440849],[100.6012644,2.1440846]]],[[[100.601534,2.1439939],[100.60153395088928,2.143949503902449],[100.6012643,2.1439942],[100.601534,2.1439939]]],[[[100.6018036,2.1439032],[100.60180354497271,2.1438534003008636],[100.60166316441945,2.1439033562131042],[100.6018036,2.1439032]]],[[[100.6020732,2.1438125],[100.6020731,2.143722],[100.6018035,2.1438127],[100.6020732,2.1438125]]],[[[100.6023427,2.1437217],[100.6023427,2.143661700735606],[100.6020731,2.143722],[100.6023427,2.1437217]]],[[[100.6025224,2.1436311],[100.6025223,2.1435407],[100.60242847054931,2.14363120454029],[100.6025224,2.1436311]]],[[[100.602792,2.1435404],[100.60279195748312,2.1435019647416076],[100.6025223,2.1435407],[100.602792,2.1435404]]],[[[100.6030616,2.1434497],[100.60306155183312,2.1434061089727185],[100.6029385671636,2.143449836855213],[100.6030616,2.1434497]]],[[[100.6033312,2.143359],[100.6033311,2.1432685],[100.6030615,2.1433592],[100.6033312,2.143359]]],[[[100.6036008,2.1432682],[100.60360074048391,2.14321439745244],[100.6033311,2.1432685],[100.6036008,2.1432682]]],[[[100.6038704,2.1431775],[100.6038703,2.1430871],[100.6037039939716,2.1431776851012554],[100.6038704,2.1431775]]],[[[100.6040501,2.1430869],[100.60405,2.1429965],[100.60395904219673,2.143087001287879],[100.6040501,2.1430869]]],[[[100.6043197,2.1429962],[100.60431965865426,2.1429587821029807],[100.60405,2.1429965],[100.6043197,2.1429962]]],[[[100.6045893,2.1429055],[100.6045892,2.142815],[100.60446926421616,2.1429055890143003],[100.6045893,2.1429055]]],[[[100.6048589,2.1428147],[100.6048588,2.1427243],[100.6045892,2.142815],[100.6048589,2.1428147]]],[[[100.6051284,2.142724],[100.6051283,2.1426336],[100.6048588,2.1427243],[100.6051284,2.142724]]],[[[100.605398,2.1426333],[100.60539793594538,2.1425753946216943],[100.6051283,2.1426336],[100.605398,2.1426333]]],[[[100.6055777,2.1425427],[100.60557766551467,2.1425114907748366],[100.60548961399392,2.1425427979822094],[100.6055777,2.1425427]]],[[[100.6058473,2.1424519],[100.60584725988384,2.1424156349991277],[100.6055776,2.1424522],[100.6058473,2.1424519]]],[[[100.6061169,2.1423612],[100.6061168,2.1422708],[100.60599999257681,2.1423613300416275],[100.6061169,2.1423612]]],[[[100.6063865,2.1422705],[100.60638644904482,2.1422244365101175],[100.60625552302992,2.1422706456918466],[100.6063865,2.1422705]]],[[[100.6066561,2.1421798],[100.606656,2.1420893],[100.6063864,2.1421801],[100.6066561,2.1421798]]],[[[100.6068358,2.1420892],[100.6068357,2.1419987],[100.60676951470278,2.1420892368661275],[100.6068358,2.1420892]]],[[[100.607375,2.1419077],[100.6073749,2.1418173],[100.60728358103623,2.141907801689615],[100.607375,2.1419077]]],[[[100.6076445,2.141817],[100.6076444,2.1417266],[100.60754052467476,2.141817115699546],[100.6076445,2.141817]]],[[[100.6079141,2.1417263],[100.607914,2.1416358],[100.60779746824099,2.1417264297349936],[100.6079141,2.1417263]]],[[[100.6083634,2.1415449],[100.60836337986308,2.1415266962213173],[100.6080038,2.1415453],[100.6083634,2.1415449]]],[[[100.6087229,2.1414541],[100.6087228,2.1413637],[100.6083633,2.1414545],[100.6087229,2.1414541]]],[[[100.6089026,2.1413635],[100.6089025,2.1412731],[100.6087228,2.1413637],[100.6089026,2.1413635]]],[[[100.6091722,2.1412728],[100.60917216512995,2.1412412425977183],[100.60908246969161,2.141272899811244],[100.6091722,2.1412728]]],[[[100.6093519,2.1411821],[100.6093518,2.1410917],[100.6091721,2.1411823],[100.6093519,2.1411821]]],[[[100.6099809,2.1410006],[100.6099808,2.1409102],[100.60985047550932,2.1410007451095803],[100.6099809,2.1410006]]],[[[100.6102505,2.1409099],[100.61025044254116,2.1408578997410697],[100.6099808,2.1409102],[100.6102505,2.1409099]]],[[[100.6105201,2.1408192],[100.61052003637153,2.1407616162302228],[100.61035846620277,2.1408193198619188],[100.6105201,2.1408192]]],[[[100.6106998,2.1407285],[100.6106997,2.1406381],[100.61052,2.1407287],[100.6106998,2.1407285]]],[[[100.6109694,2.1406378],[100.6109693,2.1405474],[100.6106997,2.1406381],[100.6109694,2.1406378]]],[[[100.611239,2.1405471],[100.61123895327455,2.1405048601934262],[100.6109693,2.1405474],[100.611239,2.1405471]]],[[[100.6115086,2.1404564],[100.61150854715653,2.1404085766641483],[100.61137422329024,2.1404565494735373],[100.6115086,2.1404564]]],[[[100.6117782,2.1403657],[100.61177814098691,2.1403122931533014],[100.6115085,2.1403659],[100.6117782,2.1403657]]],[[[100.6120477,2.1402749],[100.6120477,2.1402160220771935],[100.6117781,2.1402752],[100.6120477,2.1402749]]],[[[100.6122274,2.1401843],[100.61222736411098,2.140151856323278],[100.6120477,2.1401845],[100.6122274,2.1401843]]],[[[100.612497,2.1400936],[100.61249695943395,2.1400568877255863],[100.6122273,2.1400939],[100.612497,2.1400936]]],[[[100.6127666,2.1400029],[100.61276655693158,2.1399639230712335],[100.61265328013953,2.1400029840340085],[100.6127666,2.1400029]]],[[[100.6130362,2.1399121],[100.61303615448938,2.13987095839613],[100.61291645757225,2.139912233195137],[100.6130362,2.1399121]]],[[[100.6133058,2.1398214],[100.6133057,2.139731],[100.6130361,2.1398217],[100.6133058,2.1398214]]],[[[100.6135754,2.1397307],[100.6135753,2.1396403],[100.61344247504798,2.1397308478586785],[100.6135754,2.1397307]]],[[[100.613845,2.13964],[100.6138449,2.1395495],[100.6135753,2.1396403],[100.613845,2.13964]]],[[[100.6141145,2.1395493],[100.6141145,2.1394991151166023],[100.61396865006603,2.1395494081972806],[100.6141145,2.1395493]]],[[[100.6146537,2.1393678],[100.6146536,2.1392774],[100.6142043,2.1393683],[100.6146537,2.1393678]]],[[[100.6156422,2.139005],[100.6156421,2.1389146],[100.6155086218993,2.139005148585207],[100.6156422,2.139005]]],[[[100.6158219,2.1389144],[100.61582185991173,2.138878160201787],[100.61573222235289,2.1389144997526666],[100.6158219,2.1389144]]],[[[100.6160915,2.1388237],[100.61609143941571,2.1387688712136903],[100.6158218,2.138824],[100.6160915,2.1388237]]],[[[100.6162711,2.1387331],[100.6162711,2.1386960358416736],[100.61617954940847,2.1387331509463503],[100.6162711,2.1387331]]],[[[100.6165407,2.1386423],[100.61654063856577,2.1385867634501543],[100.6164032711939,2.1386424529252293],[100.6165407,2.1386423]]],[[[100.6167204,2.1385517],[100.6167203,2.1384613],[100.6165406,2.1385519],[100.6167204,2.1385517]]],[[[100.6169001,2.1384611],[100.61690007783959,2.138441044825631],[100.61685047224135,2.138461155203291],[100.6169001,2.1384611]]],[[[100.5903908,2.1477135],[100.5903907,2.1476231],[100.5899414,2.147714],[100.5903908,2.1477135]]],[[[100.5905705,2.1476229],[100.59057045770761,2.147584625389318],[100.5903907,2.1476231],[100.5905705,2.1476229]]],[[[100.5905704,2.1475324],[100.5908401,2.1475322],[100.59084,2.1474417],[100.5905704,2.1475324]]],[[[100.5911097,2.1474414],[100.5911096,2.147351],[100.5909652522406,2.147441560676039],[100.5911097,2.1474414]]],[[[100.5913793,2.1473507],[100.5913792,2.1472603],[100.59126987588681,2.14735082171759],[100.5913793,2.1473507]]],[[[100.5917388,2.1472599],[100.59173874608214,2.1472111582551534],[100.59157449953304,2.14726008275914],[100.5917388,2.1472599]]],[[[100.55220444886729,2.166970176023509],[100.55214824376726,2.1670164625764547],[100.5522045,2.1670164],[100.55220444886729,2.166970176023509]]],[[[100.5522943,2.1669259],[100.55229426719116,2.1668962079920835],[100.55225816380069,2.166925940195995],[100.5522943,2.1669259]]],[[[100.5523841,2.1668353],[100.552384,2.1667449],[100.5523682054269,2.1668353176802815],[100.5523841,2.1668353]]],[[[100.5525638,2.1667447],[100.5525637,2.1666543],[100.552384,2.1667449],[100.5525638,2.1667447]]],[[[100.5526536,2.1666542],[100.55265354048163,2.166600335870513],[100.5525637,2.1666543],[100.5526536,2.1666542]]],[[[100.5527434,2.1665637],[100.5527433,2.1664732],[100.55269802689583,2.1665637],[100.5527434,2.1665637]]],[[[100.5528332,2.1664731],[100.5528331,2.1663827],[100.55280800715337,2.166473128023189],[100.5528332,2.1664731]]],[[[100.5530129,2.1663825],[100.5530128,2.1662921],[100.5528331,2.1663827],[100.5530129,2.1663825]]],[[[100.5531027,2.166292],[100.55310263203953,2.166230495764019],[100.5530128,2.1662921],[100.5531027,2.166292]]],[[[100.5531925,2.1662014],[100.5531925,2.1661564868553866],[100.5531026,2.1662015],[100.5531925,2.1662014]]],[[[100.5532824,2.1661109],[100.55328236855914,2.1660824774537475],[100.5531925,2.166111],[100.5532824,2.1661109]]],[[[100.5533722,2.1660204],[100.5533721,2.1659299],[100.5532823,2.1660205],[100.5533722,2.1660204]]],[[[100.5535519,2.1659297],[100.5535518,2.1658393],[100.5533721,2.1659299],[100.5535519,2.1659297]]],[[[100.5536417,2.1658392],[100.5536416,2.1657488],[100.5535518,2.1658393],[100.5536417,2.1658392]]],[[[100.5537315,2.1657487],[100.55373145645765,2.1657092941720513],[100.55368410620208,2.1657487527183514],[100.5537315,2.1657487]]],[[[100.5538213,2.1656582],[100.55382127375296,2.1656344464259627],[100.55379276946411,2.1656582],[100.5538213,2.1656582]]],[[[100.5539111,2.1655676],[100.553911,2.1654772],[100.55390147661866,2.16556761070454],[100.5539111,2.1655676]]],[[[100.5540908,2.165477],[100.55409072577774,2.1654099030719762],[100.55401010174674,2.1654770897644644],[100.5540908,2.165477]]],[[[100.5541806,2.1653865],[100.55418054315498,2.1653350552576076],[100.5540907,2.1653866],[100.5541806,2.1653865]]],[[[100.5542704,2.1652959],[100.5542703605171,2.1652602074558436],[100.55422747216332,2.1652959477506526],[100.5542704,2.1652959]]],[[[100.5543602,2.1652054],[100.55436017783153,2.1651853596938198],[100.55433609729141,2.165205426810577],[100.5543602,2.1652054]]],[[[100.55445,2.1651149],[100.5544499,2.1650244],[100.5543601,2.165115],[100.55445,2.1651149]]],[[[100.5547195,2.1649337],[100.5547194,2.1648433],[100.5545397,2.1649339],[100.5547195,2.1649337]]],[[[100.5548093,2.1648432],[100.5548092,2.1647528],[100.55477645833847,2.1648432365313255],[100.5548093,2.1648432]]],[[[100.554989,2.1647526],[100.5549889,2.1646621],[100.5548092,2.1647528],[100.554989,2.1647526]]],[[[100.5550788,2.164662],[100.5550787,2.1645716],[100.5549889,2.1646621],[100.5550788,2.164662]]],[[[100.5551686,2.1645715],[100.5551686,2.1645265067277744],[100.55511281722033,2.1645715620498107],[100.5551686,2.1645715]]],[[[100.5552584,2.164481],[100.5552584,2.164453975958545],[100.55522489546942,2.1644810373101677],[100.5552584,2.164481]]],[[[100.5553483,2.1643904],[100.5553482,2.1643],[100.5552584,2.1643905],[100.5553483,2.1643904]]],[[[100.555528,2.1642998],[100.55552792973326,2.164236278866298],[100.5553482,2.1643],[100.555528,2.1642998]]],[[[100.5556178,2.1642093],[100.55561774964863,2.1641637320115805],[100.5555279,2.1642094],[100.5556178,2.1642093]]],[[[100.5557076,2.1641188],[100.5557075,2.1640283],[100.5556733797582,2.1641188],[100.5557076,2.1641188]]],[[[100.5557974,2.1640282],[100.5557973,2.1639378],[100.5557075,2.1640283],[100.5557974,2.1640282]]],[[[100.5559771,2.1639376],[100.555977,2.1638472],[100.5557973,2.1639378],[100.5559771,2.1639376]]],[[[100.5560669,2.1638471],[100.55606684905842,2.163800997872897],[100.555977,2.1638472],[100.5560669,2.1638471]]],[[[100.5561567,2.1637565],[100.5561566,2.1636661],[100.55612189372806,2.1637565387166537],[100.5561567,2.1637565]]],[[[100.5562465,2.163666],[100.5562464,2.1635756],[100.5561566,2.1636661],[100.5562465,2.163666]]],[[[100.5564262,2.1635754],[100.55642612863042,2.1635108105262932],[100.55634605032913,2.1635754891542502],[100.5564262,2.1635754]]],[[[100.556516,2.1634849],[100.55651594846822,2.163438263734224],[100.55645820832963,2.1634849],[100.556516,2.1634849]]],[[[100.5566058,2.1633943],[100.5566057,2.1633039],[100.5565159,2.1633944],[100.5566058,2.1633943]]],[[[100.5566956,2.1633038],[100.5566955,2.1632134],[100.5566057,2.1633039],[100.5566956,2.1633038]]],[[[100.5571447,2.1629416],[100.5571446,2.1628511],[100.55713084639342,2.1629416154100185],[100.5571447,2.1629416]]],[[[100.5573244,2.162851],[100.5573243,2.1627605],[100.5571446,2.1628511],[100.5573244,2.162851]]],[[[100.5574142,2.1627604],[100.5574142,2.162729987866235],[100.55737251995224,2.1627604463626784],[100.5574142,2.1627604]]],[[[100.557504,2.1626699],[100.557504,2.162664364789314],[100.5574142,2.16267],[100.557504,2.1626699]]],[[[100.5576838,2.1625793],[100.55768374885068,2.1625330098599704],[100.5576203078033,2.162579370625358],[100.5576838,2.1625793]]],[[[100.5577736,2.1624887],[100.5577735,2.1623983],[100.5576837,2.1624888],[100.5577736,2.1624887]]],[[[100.5579533,2.1623981],[100.55795323139415,2.162336080308977],[100.55786823285754,2.1623981946241853],[100.5579533,2.1623981]]],[[[100.5580431,2.1623076],[100.55804305893604,2.162270437105291],[100.5579532,2.1623077],[100.5580431,2.1623076]]],[[[100.5581329,2.162217],[100.5581328,2.1621266],[100.55811615791177,2.1622170186230125],[100.5581329,2.162217]]],[[[100.559121,2.1614925],[100.5591209,2.1614021],[100.55910758402729,2.161492514923218],[100.559121,2.1614925]]],[[[100.5593905,2.1613114],[100.55939047170091,2.1612857893155732],[100.55935537203081,2.161311439074493],[100.5593905,2.1613114]]],[[[100.5594803,2.1612208],[100.5594802,2.1611304],[100.55947940308327,2.161220800997683],[100.5594803,2.1612208]]],[[[100.55966,2.1611302],[100.55965995426963,2.1610888597461253],[100.55960329708503,2.1611302630733205],[100.55966,2.1611302]]],[[[100.5597498,2.1610397],[100.55974978178627,2.161023216560894],[100.5596599,2.1610398],[100.5597498,2.1610397]]],[[[100.5599295,2.1609491],[100.5599294,2.1608586],[100.55986309967449,2.1609491369301033],[100.5599295,2.1609491]]],[[[100.5600193,2.1608585],[100.56001929467304,2.160853684430993],[100.5600114002719,2.160858508787239],[100.5600193,2.1608585]]],[[[100.560199,2.1607679],[100.56019897343003,2.1607438807461667],[100.56015959747583,2.1607679438292817],[100.560199,2.1607679]]],[[[100.5603787,2.1606773],[100.56037865223982,2.1606340770290737],[100.5601989,2.1606775],[100.5603787,2.1606773]]],[[[100.5604685,2.1605867],[100.5604685,2.1605791700645143],[100.56045615581846,2.160586713731014],[100.5604685,2.1605867]]],[[[100.5606482,2.1604961],[100.5606482,2.1604693533978456],[100.56060435297789,2.1604961488002474],[100.5606482,2.1604961]]],[[[100.5608279,2.1604055],[100.5608279,2.1603595367311765],[100.56075255014986,2.1604055838618255],[100.5608279,2.1604055]]],[[[100.5609178,2.160315],[100.56091778851366,2.1603046048617256],[100.5609007472479,2.160315018968579],[100.5609178,2.160315]]],[[[100.5610975,2.1602243],[100.5610974673685,2.160194801117106],[100.5609177,2.1602245],[100.5610975,2.1602243]]],[[[100.5612772,2.1601337],[100.5612771,2.1600433],[100.56119730559051,2.160133788870311],[100.5612772,2.1601337]]],[[[100.561367,2.1600432],[100.56136698550398,2.1600300955898675],[100.5612771,2.1600433],[100.561367,2.1600432]]],[[[100.5625349,2.1593185],[100.56253489764808,2.15931637150181],[100.56253140829541,2.1593185038839873],[100.5625349,2.1593185]]],[[[100.5633435,2.1588655],[100.5633434,2.158775],[100.56327260134495,2.15886555257594],[100.5633435,2.1588655]]],[[[100.5634333,2.1587749],[100.5634332,2.1586845],[100.5633434,2.158775],[100.5634333,2.1587749]]],[[[100.563613,2.1586843],[100.5636129,2.1585939],[100.5634332,2.1586845],[100.563613,2.1586843]]],[[[100.5637927,2.1585937],[100.56379265209277,2.1585503439593294],[100.5636129,2.1585939],[100.5637927,2.1585937]]],[[[100.5639724,2.158503],[100.5639723,2.1584126],[100.56387076474442,2.158503113053677],[100.5639724,2.158503]]],[[[100.5640622,2.1584125],[100.5640621,2.1583221],[100.5639723,2.1584126],[100.5640622,2.1584125]]],[[[100.5642419,2.1583219],[100.5642418,2.1582315],[100.5640621,2.1583221],[100.5642419,2.1583219]]],[[[100.5644216,2.1582313],[100.5644215,2.1581408],[100.5642418,2.1582315],[100.5644216,2.1582313]]],[[[100.5645114,2.1581407],[100.5645113,2.1580503],[100.5644215,2.1581408],[100.5645114,2.1581407]]],[[[100.5646911,2.1580501],[100.564691,2.1579597],[100.5645113,2.1580503],[100.5646911,2.1580501]]],[[[100.5648708,2.1579595],[100.56487073250153,2.1578984813865874],[100.564691,2.1579597],[100.5648708,2.1579595]]],[[[100.5649606,2.157869],[100.56496057255194,2.1578441594956512],[100.56491941441224,2.1578690458126673],[100.5649606,2.157869]]],[[[100.5651403,2.1577783],[100.56514025267224,2.1577355157019764],[100.5649605,2.1577785],[100.5651403,2.1577783]]],[[[100.56532,2.1576877],[100.5653199,2.1575973],[100.5651402,2.1576879],[100.56532,2.1576877]]],[[[100.5654098,2.1575972],[100.56540977276251,2.1575725500660026],[100.5653199,2.1575973],[100.5654098,2.1575972]]],[[[100.5655895,2.1575066],[100.56558945282465,2.1574639063074987],[100.5655187789745,2.157506639333162],[100.5655895,2.1575066]]],[[[100.5657692,2.1574159],[100.5657692,2.1573552219689063],[100.56566866291853,2.1574160118321264],[100.5657692,2.1574159]]],[[[100.565859,2.1573254],[100.565859,2.1573009242944887],[100.56581844626078,2.157325445160066],[100.565859,2.1573254]]],[[[100.5660387,2.1572348],[100.5660387,2.1571922684805416],[100.56596822969722,2.157234878431055],[100.5660387,2.1572348]]],[[[100.5662185,2.1571442],[100.5662184,2.1570537],[100.5660387,2.1571443],[100.5662185,2.1571442]]],[[[100.5663083,2.1570536],[100.56630827308717,2.157029270799927],[100.5662679621256,2.1570536448697157],[100.5663083,2.1570536]]],[[[100.566488,2.156963],[100.56648795312728,2.1569206270547445],[100.56641774555108,2.1569630781473292],[100.566488,2.156963]]],[[[100.5666677,2.1568724],[100.56666763324118,2.1568119832649444],[100.56656752897656,2.1568725114249427],[100.5666677,2.1568724]]],[[[100.5667575,2.1567818],[100.5667574,2.1566914],[100.5666676,2.1567819],[100.5667575,2.1567818]]],[[[100.5669372,2.1566912],[100.56693715333809,2.1566490176249573],[100.5667574,2.1566914],[100.5669372,2.1566912]]],[[[100.5671169,2.1566006],[100.5671168,2.1565102],[100.5669371,2.1566008],[100.5671169,2.1566006]]],[[[100.5672067,2.1565101],[100.56720667342762,2.156486051989426],[100.5671168,2.1565102],[100.5672067,2.1565101]]],[[[100.5673864,2.1564194],[100.5673859,2.1559673],[100.56731677748284,2.1564194774444014],[100.5673864,2.1564194]]],[[[100.5692733,2.1555131],[100.5692732,2.1554227],[100.56923691735894,2.1555131404701235],[100.5692733,2.1555131]]],[[[100.569453,2.1554225],[100.56945299510085,2.1554180662636897],[100.5692732,2.1554227],[100.569453,2.1554225]]],[[[100.5697226,2.1553318],[100.5697225,2.1552413],[100.56964893063058,2.155331854630604],[100.5697226,2.1553318]]],[[[100.5699922,2.1552411],[100.5699921,2.1551506],[100.56985495985366,2.1552412017724483],[100.5699922,2.1552411]]],[[[100.5701719,2.1551504],[100.5701718,2.15506],[100.5700610472758,2.155150523306701],[100.5701719,2.1551504]]],[[[100.5703516,2.1550598],[100.57035156233972,2.1550257551085954],[100.57027049144808,2.155059890220859],[100.5703516,2.1550598]]],[[[100.5706212,2.1549691],[100.57062113718223,2.1549122499117535],[100.5703515,2.1549694],[100.5706212,2.1549691]]],[[[100.5708009,2.1548785],[100.57080085367934,2.1548365798077005],[100.5707011614768,2.1548785554719263],[100.5708009,2.1548785]]],[[[100.5709806,2.1547878],[100.57098057025406,2.154760909670979],[100.5708008,2.154788],[100.5709806,2.1547878]]],[[[100.5712502,2.1546971],[100.57125014502711,2.1546474045033825],[100.57113180544502,2.154697231695834],[100.5712502,2.1546971]]],[[[100.5714299,2.1546065],[100.57142986154247,2.154571734391648],[100.5712501,2.1546067],[100.5714299,2.1546065]]],[[[100.5716096,2.1545159],[100.5716095,2.1544254],[100.57156234337894,2.154515952565763],[100.5716096,2.1545159]]],[[[100.5718792,2.1544252],[100.5718791,2.1543347],[100.5716095,2.1544254],[100.5718792,2.1544252]]],[[[100.5723285,2.1542438],[100.57232846031724,2.1542079267778496],[100.57222850350345,2.1542439112308083],[100.5723285,2.1542438]]],[[[100.5725981,2.1541531],[100.57259805328906,2.154110873307993],[100.57248039322575,2.1541532309307834],[100.5725981,2.1541531]]],[[[100.5728677,2.1540624],[100.5728676,2.1539719],[100.572598,2.1540627],[100.5728677,2.1540624]]],[[[100.5731373,2.1539717],[100.5731372,2.1538812],[100.57298433070952,2.1539718134366264],[100.5731373,2.1539717]]],[[[100.5734069,2.1538809],[100.57340683231511,2.1538197128586147],[100.57323634103135,2.153881089720766],[100.5734069,2.1538809]]],[[[100.5735866,2.1537903],[100.573586560963,2.1537550105453733],[100.57348823075364,2.153790409420741],[100.5735866,2.1537903]]],[[[100.5737663,2.1536997],[100.5737662,2.1536093],[100.57374012047593,2.1536997291207167],[100.5737663,2.1536997]]],[[[100.5746649,2.1534274],[100.5746648,2.153337],[100.5741256,2.153428],[100.5746649,2.1534274]]],[[[100.5748446,2.1533368],[100.5748445584335,2.1532992238761843],[100.57474308793995,2.153336912916641],[100.5748446,2.1533368]]],[[[100.5751142,2.1532461],[100.57511414799846,2.1531990906091973],[100.57498720392863,2.1532462412637057],[100.5751142,2.1532461]]],[[[100.5753838,2.1531554],[100.5753837,2.153065],[100.5751141,2.1531557],[100.5753838,2.1531554]]],[[[100.5755635,2.1530648],[100.5755634,2.1529743],[100.5753837,2.153065],[100.5755635,2.1530648]]],[[[100.5758331,2.152974],[100.57583305361563,2.152932068522822],[100.57571982193411,2.1529741260045228],[100.5758331,2.152974]]],[[[100.5761027,2.1528833],[100.5761026,2.1527929],[100.575833,2.1528836],[100.5761027,2.1528833]]],[[[100.5763723,2.1527926],[100.5763722,2.1527022],[100.5761026,2.1527929],[100.5763723,2.1527926]]],[[[100.576552,2.152702],[100.5765519,2.1526115],[100.5763722,2.1527022],[100.576552,2.152702]]],[[[100.5768216,2.1526113],[100.5768215,2.1525208],[100.5765519,2.1526115],[100.5768216,2.1526113]]],[[[100.5770912,2.1525205],[100.57709113836273,2.1524647799024708],[100.5768215,2.1525208],[100.5770912,2.1525205]]],[[[100.5772709,2.1524299],[100.57727086473938,2.152398024391146],[100.5770911,2.1524301],[100.5772709,2.1524299]]],[[[100.5775405,2.1523392],[100.5775404,2.1522488],[100.5774289038943,2.1523393241335995],[100.5775405,2.1523392]]],[[[100.5778101,2.1522485],[100.57781,2.1521581],[100.5775404,2.1522488],[100.5778101,2.1522485]]],[[[100.5780797,2.1521578],[100.5780796,2.1520673],[100.57781,2.1521581],[100.5780797,2.1521578]]],[[[100.5783493,2.1520671],[100.57834924761433,2.1520196909588107],[100.5780796,2.1520673],[100.5783493,2.1520671]]],[[[100.5796075,2.151704],[100.57960745155323,2.151660204119122],[100.57945365257497,2.15170414668434],[100.5796075,2.151704]]],[[[100.5797872,2.1516134],[100.57978719497112,2.1516088488568705],[100.5797712036931,2.151613417793445],[100.5797872,2.1516134]]],[[[100.5802365,2.1515225],[100.5802365,2.1514804759914723],[100.5797871,2.1515229],[100.5802365,2.1515225]]],[[[100.580596,2.1514317],[100.58059594041849,2.1513777787290462],[100.58040666296908,2.151431858000304],[100.580596,2.1514317]]],[[[100.5808656,2.1513409],[100.58086555558167,2.1513007458252824],[100.5805959,2.1513412],[100.5808656,2.1513409]]],[[[100.5811352,2.1512502],[100.5811351,2.1511598],[100.5808655,2.1512505],[100.5811352,2.1512502]]],[[[100.5814946,2.151069],[100.58149458115562,2.1510519458378043],[100.5812249,2.1510692],[100.5814946,2.151069]]],[[[100.5817642,2.1509782],[100.58176416229357,2.1509441133826295],[100.58167870800821,2.150978295096765],[100.5817642,2.1509782]]],[[[100.5820338,2.1508875],[100.5820337,2.1507971],[100.5817641,2.1508878],[100.5820338,2.1508875]]],[[[100.5829324,2.1505248],[100.58293234694638,2.150476839521505],[100.58281211124302,2.1505249338028443],[100.5829324,2.1505248]]],[[[100.5831121,2.1504342],[100.583112,2.1503438],[100.58303874175056,2.1504342815998325],[100.5831121,2.1504342]]],[[[100.5832918,2.1503436],[100.58329178834398,2.150333062962459],[100.58326537225808,2.1503436293968208],[100.5832918,2.1503436]]],[[[100.5836513,2.1502528],[100.5836512,2.1501623],[100.58351828659794,2.150252947957066],[100.5836513,2.1502528]]],[[[100.5841905,2.1500713],[100.58419046435091,2.1500390732174854],[100.58408882472582,2.1500714130981917],[100.5841905,2.1500713]]],[[[100.58455,2.1499805],[100.5845499,2.1498901],[100.58437393609563,2.149980695844165],[100.58455,2.1499805]]],[[[100.5848196,2.1498898],[100.5848195,2.1497994],[100.58465904746542,2.1498899785901386],[100.5848196,2.1498898]]],[[[100.5852689,2.1497085],[100.5852688,2.149618],[100.585229304932,2.1497085330325927],[100.5852689,2.1497085]]],[[[100.58625728558107,2.1493326652883282],[100.5863472,2.1493456],[100.58634714679448,2.149297502204825],[100.58625728558107,2.1493326652883282]]],[[[100.5865269,2.149255],[100.5865268,2.1491645],[100.58645556074656,2.1492550793540084],[100.5865269,2.149255]]],[[[100.5867066,2.1491643],[100.5867065,2.1490739],[100.5865268,2.1491645],[100.5867066,2.1491643]]],[[[100.5876951,2.1488016],[100.587695,2.1487111],[100.5872456,2.148802],[100.5876951,2.1488016]]],[[[100.5879647,2.1487108],[100.5879646,2.1486204],[100.587695,2.1487111],[100.5879647,2.1487108]]],[[[100.5881444,2.1486202],[100.5881443,2.1485298],[100.5879646,2.1486204],[100.5881444,2.1486202]]],[[[100.588414,2.1485295],[100.58841394189908,2.1484769767583725],[100.5881443,2.1485298],[100.588414,2.1485295]]],[[[100.5885937,2.1484389],[100.58859365990132,2.1484026106884806],[100.58850572423782,2.14843899785958],[100.5885937,2.1484389]]],[[[100.5888633,2.1483482],[100.5888632,2.1482577],[100.58872490437764,2.1483483026293086],[100.5888633,2.1483482]]],[[[100.5889531,2.1482576],[100.588953,2.1481672],[100.5888632,2.1482577],[100.5889531,2.1482576]]],[[[100.5517554,2.1673786],[100.55175535731873,2.167340016122323],[100.5515756,2.1673788],[100.5517554,2.1673786]]],[[[100.5518452,2.1672881],[100.55184517563326,2.167266048098583],[100.5517553,2.1672882],[100.5518452,2.1672881]]],[[[100.5520249,2.1671975],[100.5520248,2.167107],[100.55192834740296,2.1671975536999986],[100.5520249,2.1671975]]],[[[100.5521147,2.1671069],[100.5521146,2.1670165],[100.55203832373385,2.1671069849569147],[100.5521147,2.1671069]]],[[[100.6834522,2.167418],[100.6834525403313,2.1677257567358454],[100.68340916807675,2.168051048645076],[100.6834529,2.168051],[100.6834522,2.167418]]],[[[100.683542,2.1674179],[100.68354160181957,2.1670577955739105],[100.68349358070688,2.167417953919035],[100.683542,2.1674179]]],[[[100.68345134494679,2.1666447318953237],[100.68345134494679,2.166644731895325],[100.6834514,2.1666945],[100.68345134494679,2.1666447318953237]]],[[[100.68336140972015,2.1666129900506275],[100.6833614,2.1666042],[100.683363,2.1680511],[100.68336140972015,2.1666129900506275]]],[[[100.5513063,2.1677408],[100.5513062283319,2.1676760120348657],[100.5511265,2.167741],[100.5513063,2.1677408]]],[[[100.5513961,2.1676503],[100.551396,2.1675599],[100.5513062,2.1676504],[100.5513961,2.1676503]]],[[[100.5514859,2.1675598],[100.55148588244577,2.1675439134217216],[100.551396,2.1675599],[100.5514859,2.1675598]]],[[[100.5510367,2.167922],[100.55097158619567,2.1679220724291484],[100.5509468,2.1679221],[100.5510367,2.167922]]],[[[100.5511265,2.1678315],[100.5511265,2.1678081652200842],[100.55109476469931,2.1678315],[100.5511265,2.1678315]]],[[[100.5509469,2.1680125],[100.55094682011371,2.1679402827835386],[100.55084845577368,2.168012609504145],[100.5509469,2.1680125]]],[[[100.5507672,2.1681031],[100.55076716601923,2.1680723813824154],[100.5506773,2.1681032],[100.5507672,2.1681031]]],[[[100.5506774,2.1681937],[100.55067733892896,2.168138430713488],[100.5505875,2.1681938],[100.5506774,2.1681937]]],[[[100.547803,2.1704576],[100.5478029,2.1703672],[100.5477131,2.1704577],[100.547803,2.1704576]]],[[[100.5474438,2.1708197],[100.54744371200599,2.170740153414113],[100.5473539,2.1708198],[100.5474438,2.1708197]]],[[[100.5473539,2.1709103],[100.5473539,2.170829965420099],[100.5472735654201,2.1709103],[100.5473539,2.1709103]]],[[[100.5461865,2.1720872],[100.54609659996183,2.17208726545827],[100.5460966,2.1720873],[100.5461865,2.1720872]]],[[[100.6347647,2.1996665],[100.6347649,2.1998473],[100.63483499258757,2.1996664218102473],[100.6347647,2.1996665]]],[[[100.634675,2.1998474],[100.6346752,2.2000283],[100.63471666834211,2.1998473536503425],[100.634675,2.1998474]]],[[[100.6345853,2.2000284],[100.6345855,2.2002093],[100.6346752,2.2000283],[100.6345853,2.2000284]]],[[[100.6344956,2.2002094],[100.6344958,2.2003902],[100.6345855,2.2002093],[100.6344956,2.2002094]]],[[[100.6344059,2.2003903],[100.6344060178503,2.200496895587763],[100.6344958,2.2003902],[100.6344059,2.2003903]]],[[[100.6343162,2.2005713],[100.6343164,2.2007522],[100.63437046199836,2.200571239641826],[100.6343162,2.2005713]]],[[[100.6342265,2.2007523],[100.63422663238306,2.2008719742919705],[100.63428389844952,2.200752236153004],[100.6342265,2.2007523]]],[[[100.6341368,2.2009332],[100.63413693965023,2.201059513642436],[100.6342267,2.2009331],[100.6341368,2.2009332]]],[[[100.6340471,2.2011142],[100.63404724690713,2.201247053014382],[100.63411081920343,2.2011141291221317],[100.6340471,2.2011142]]],[[[100.6339575,2.2013856],[100.63395755416515,2.20143459238398],[100.6340474,2.2013855],[100.6339575,2.2013856]]],[[[100.6338678,2.2015666],[100.633868,2.2017474],[100.6339577,2.2015665],[100.6338678,2.2015666]]],[[[100.6337781,2.2017475],[100.63377816873522,2.201809671010179],[100.63380791855985,2.2017474668314128],[100.6337781,2.2017475]]],[[[100.6336884,2.2019285],[100.63368848168503,2.2020023704983336],[100.63372135501103,2.2019284633425906],[100.6336884,2.2019285]]],[[[100.6335988,2.2021999],[100.6335999,2.2031947],[100.6336887,2.2021998],[100.6335988,2.2021999]]],[[[100.6327937,2.2058182],[100.6327943,2.2063608],[100.63282734746606,2.2058181625723403],[100.6327937,2.2058182]]],[[[100.6326146,2.2064514],[100.63261469340584,2.2065358700255677],[100.6327045,2.2064513],[100.6326146,2.2064514]]],[[[100.632525,2.2067228],[100.6325254,2.2070846],[100.6326149,2.2067227],[100.632525,2.2067228]]],[[[100.6324355,2.2070847],[100.63243556165892,2.20714043967145],[100.63245208258249,2.207084681554413],[100.6324355,2.2070847]]],[[[100.6324367,2.2081699],[100.6323482,2.2094361],[100.63239014520009,2.2094360533423805],[100.6324367,2.2081699]]],[[[100.63244008073478,2.2113176565425476],[100.63244008073478,2.2113176565424935],[100.6324399,2.2111542],[100.63244008073478,2.2113176565425476]]],[[[100.6324409,2.2120586],[100.6325308,2.2120585],[100.63244008073478,2.2113176565425476],[100.6324409,2.2120586]]],[[[100.6325318,2.2129628],[100.6326217,2.2129627],[100.6325308,2.2120585],[100.6325318,2.2129628]]],[[[100.6328931680798,2.214561378181994],[100.6328931680798,2.214561378181983],[100.6328931,2.2144998],[100.6328931680798,2.214561378181994]]],[[[100.6328933,2.2146807],[100.63294024818323,2.214680647777327],[100.6328931680798,2.214561378181994],[100.6328933,2.2146807]]],[[[100.6329834,2.2148615],[100.6330733,2.2148614],[100.6329832,2.2146806],[100.6329834,2.2148615]]],[[[100.63307347333375,2.215018151492007],[100.63307347333375,2.2150181514919898],[100.6330733,2.2148614],[100.63307347333375,2.215018151492007]]],[[[100.6330736,2.2151327],[100.63311867006053,2.215132649866451],[100.63307347333375,2.215018151492007],[100.6330736,2.2151327]]],[[[100.6331636259914,2.2152465382246853],[100.6331636259914,2.215246538224683],[100.6331635,2.2151326],[100.6331636259914,2.2152465382246853]]],[[[100.6331638,2.2154039],[100.63322571529562,2.2154038311287034],[100.6331636259914,2.2152465382246853],[100.6331638,2.2154039]]],[[[100.63325377863451,2.21547492492058],[100.63325377863451,2.2154749249205703],[100.6332537,2.2154038],[100.63325377863451,2.21547492492058]]],[[[100.6332539,2.2155847],[100.6332970919378,2.2155846519555755],[100.63325377863451,2.21547492492058],[100.6332539,2.2155847]]],[[[100.63334388743128,2.21570320053907],[100.63334388743128,2.2157032005390556],[100.6333438,2.2155846],[100.63334388743128,2.21570320053907]]],[[[100.633344,2.2158559],[100.6334339,2.2158558],[100.63334388743128,2.21570320053907],[100.633344,2.2158559]]],[[[100.9981267,2.2919889],[100.9979469,2.2918987],[100.997947,2.2919892],[100.9981267,2.2919889]]],[[[100.9930936,2.2922672],[100.99306850257986,2.292267227917041],[100.9930037,2.2922673],[100.9930936,2.2922672]]],[[[101.0217874,2.3071453],[101.02169747296041,2.3071209562150257],[101.0216975,2.3071454],[101.0217874,2.3071453]]],[[[101.0110915,2.3073413],[101.0110015,2.307251],[101.0110016,2.3073415],[101.0110915,2.3073413]]],[[[101.14695153953461,2.1564671788249985],[101.14695153953461,2.1564671788249994],[101.1469516,2.1565219],[101.14695153953461,2.1564671788249985]]],[[[101.1469515,2.1564314],[101.1468616,2.1564316],[101.14695153953461,2.1564671788249985],[101.1469515,2.1564314]]],[[[101.14614378294263,2.157230874444267],[101.14612604942417,2.1572463197667884],[101.1461438,2.1572463],[101.14614378294263,2.157230874444267]]],[[[101.1458746,2.1575179],[101.1458745418968,2.157465374709977],[101.1457848,2.157518],[101.1458746,2.1575179]]],[[[101.1438999,2.1592384],[101.1438996,2.1589672],[101.1438101,2.1592386],[101.1438999,2.1592384]]],[[[101.1441692,2.1589668],[101.14416916438829,2.1589507035077187],[101.1438996,2.1589672],[101.1441692,2.1589668]]],[[[101.1442589,2.1588763],[101.1442587,2.1586955],[101.1442545851272,2.1588763047996364],[101.1442589,2.1588763]]],[[[101.1438102,2.159329],[101.14381013590989,2.1592710625338922],[101.1437203,2.1593291],[101.1438102,2.159329]]],[[[101.1428229,2.1602344],[101.14282289004447,2.1602254002037817],[101.1427331,2.1602346],[101.1428229,2.1602344]]],[[[101.1421947,2.1608682],[101.14219466071742,2.1608326885532585],[101.14215788232463,2.1608682409996387],[101.1421947,2.1608682]]],[[[101.1376172,2.1649431],[101.1375332510657,2.1649431933803496],[101.1375273,2.1649432],[101.1376172,2.1649431]]],[[[101.1368991,2.165577],[101.1368042520562,2.1655771055625417],[101.1367194,2.1655772],[101.1368991,2.165577]]],[[[101.066173,2.2323098],[101.06612633758479,2.2322194516823304],[101.06613638081267,2.232309840733245],[101.066173,2.2323098]]],[[[101.06537164241722,2.2377612634373203],[101.06537164241722,2.237761263437322],[101.0653719,2.2379165],[101.06537164241722,2.2377612634373203]]],[[[101.0653716,2.2377357],[101.06529303356825,2.237735831162657],[101.06537164241722,2.2377612634373203],[101.0653716,2.2377357]]],[[[101.0651918,2.2376456],[101.0648323,2.2376461],[101.0651919,2.237736],[101.0651918,2.2376456]]],[[[101.0648321686456,2.237586727805326],[101.0648321686456,2.237586727805327],[101.0648323,2.2376461],[101.0648321686456,2.237586727805326]]],[[[101.0648321,2.2375557],[101.0645625,2.237556],[101.0648321686456,2.237586727805326],[101.0648321,2.2375557]]],[[[101.0653746,2.2398152],[101.06537440963649,2.239700474256312],[101.06532627629927,2.239815253752726],[101.0653746,2.2398152]]],[[[101.0654642,2.2396343],[101.06546398264223,2.239486877088794],[101.06540213117795,2.2396343690420712],[101.0654642,2.2396343]]],[[[101.0655537,2.2393629],[101.0655533,2.2390916],[101.06551595542766,2.239362941985064],[101.0655537,2.2393629]]],[[[101.0652849,2.2399962],[101.06528480932215,2.2399141365443516],[101.0651951,2.2399963],[101.0652849,2.2399962]]],[[[101.0651951,2.2399963],[101.06519524536739,2.24012771212876],[101.0651056,2.2402676],[101.0651954,2.2402675],[101.0651951,2.2399963]]],[[[101.0651058,2.2404485],[101.0650158,2.2403582],[101.06506070038385,2.240448550166425],[101.0651058,2.2404485]]],[[[101.0650162,2.2406294],[101.0650159,2.2404486],[101.06498483086567,2.2406294697867284],[101.0650162,2.2406294]]],[[[101.0645681,2.2415342],[101.0645682684544,2.2416484120842504],[101.06450541715209,2.24180554034004],[101.0645685,2.2418054],[101.0645681,2.2415342]]],[[[101.06465014988427,2.2414437085095837],[101.0646578,2.2414437],[101.0645679,2.2414438],[101.06465014988427,2.2414437085095837]]],[[[101.0642101,2.2426197],[101.06420997470391,2.242544146460473],[101.0641202,2.2426198],[101.0642101,2.2426197]]],[[[101.0642997,2.2424387],[101.06429952532436,2.242320269909375],[101.0642098,2.2424388],[101.0642997,2.2424387]]],[[[101.0643892,2.2421673],[101.06438912143764,2.2420962796261676],[101.06436068791584,2.242167363430666],[101.0643892,2.2421673]]],[[[101.0644788,2.2419864],[101.06447867389214,2.241872398489916],[101.06443305291077,2.2419864509433065],[101.0644788,2.2419864]]],[[[101.0641206,2.242891],[101.06407121131316,2.24289105493736],[101.0640307,2.2428911],[101.0641206,2.242891]]],[[[101.0640307,2.2428911],[101.06399881896951,2.2430720357964744],[101.0639411,2.2430721],[101.064031,2.243072],[101.0640307,2.2428911]]],[[[101.0639413,2.2432529],[101.06386114085541,2.2432530785281615],[101.0638515,2.2432531],[101.0639413,2.2432529]]],[[[101.0638516,2.2433435],[101.0638515,2.2432531],[101.0637617,2.2433436],[101.0638516,2.2433435]]],[[[101.0637618,2.243434],[101.06371463810106,2.2434340525188183],[101.063672,2.2434341],[101.0637618,2.243434]]],[[[101.0632235,2.2440677],[101.06320166571705,2.2440677242873],[101.0631336,2.2440678],[101.0632235,2.2440677]]],[[[101.0628646,2.2445202],[101.0628645,2.2444298],[101.06283532312841,2.244520265132084],[101.0628646,2.2445202]]],[[[101.0629543,2.2444297],[101.0629542376888,2.244373370675146],[101.06290859655867,2.244429750894701],[101.0629543,2.2444297]]],[[[101.0630441,2.2443392],[101.0630440152144,2.244262469025876],[101.0629542,2.2443393],[101.0630441,2.2443392]]],[[[101.0631338,2.2442486],[101.0631336927996,2.244151690832393],[101.063044,2.2442487],[101.0631338,2.2442486]]],[[[101.0627748,2.2446108],[101.0627747,2.2445204],[101.06276202147774,2.24461081422998],[101.0627748,2.2446108]]],[[[101.0625057,2.2449728],[101.06250564989882,2.2449275085333515],[101.0624158,2.2449729],[101.0625057,2.2449728]]],[[[101.0625955,2.2448823],[101.06259535485957,2.2448166965230194],[101.0625056,2.2448824],[101.0625955,2.2448823]]],[[[101.0626852,2.2447917],[101.06268510500962,2.2447058286906008],[101.06261546455055,2.2447918551400434],[101.0626852,2.2447917]]],[[[101.062416,2.2450633],[101.06241594473627,2.2450383207929763],[101.0623261,2.2450635],[101.062416,2.2450633]]],[[[101.0581149,2.254382],[101.0581144,2.2540203],[101.05810978985427,2.254382005684256],[101.0581149,2.254382]]],[[[101.057847,2.2556482],[101.0578318410571,2.2556482168713887],[101.0576673,2.2556484],[101.057847,2.2556482]]],[[[101.054167,2.2591795],[101.05412085152379,2.2591795513331214],[101.0540771,2.2591796],[101.054167,2.2591795]]],[[[101.0542566,2.2589986],[101.0542564,2.2588177],[101.05421826389538,2.258998642643053],[101.0542566,2.2589986]]],[[[101.0543462,2.2588176],[101.05434613756965,2.258761162962274],[101.05431573012504,2.2588176339308186],[101.0543462,2.2588176]]],[[[101.0544359,2.2586367],[101.0544357,2.2585462],[101.054346,2.2586368],[101.0544359,2.2586367]]],[[[101.0545256,2.2585461],[101.05452546948891,2.2584281179693466],[101.0544357,2.2585462],[101.0545256,2.2585461]]],[[[101.0546152,2.2583652],[101.054615,2.2581843],[101.05455931488548,2.258365262232867],[101.0546152,2.2583652]]],[[[101.0547049,2.2581842],[101.0547046,2.2580034],[101.05465678111284,2.2581842535249024],[101.0547049,2.2581842]]],[[[101.0547945,2.2580033],[101.0547943763177,2.2579287195730178],[101.05475419348441,2.258003344834834],[101.0547945,2.2580033]]],[[[101.0548841,2.2578223],[101.05488403353243,2.257762213317114],[101.05485165973441,2.2578223360848337],[101.0548841,2.2578223]]],[[[101.0549737,2.2576413],[101.05497364964977,2.257595783384911],[101.0548839,2.2576415],[101.0549737,2.2576413]]],[[[101.0550635,2.2575508],[101.05506329838421,2.2574292928780935],[101.05499783214023,2.2575508730454503],[101.0550635,2.2575508]]],[[[101.0551531,2.2573698],[101.0551527,2.2570986],[101.05509526372809,2.2573699286680133],[101.0551531,2.2573698]]],[[[101.0558716,2.2570072],[101.05587153497777,2.2569484199000556],[101.05570775036936,2.257007382359077],[101.0558716,2.2570072]]],[[[101.0560513,2.2569165],[101.0560511,2.2568261],[101.0558715,2.2569168],[101.0560513,2.2569165]]],[[[101.0537183990306,2.2597219740505423],[101.0537183990306,2.2597219740505397],[101.0537177,2.2592706],[101.0537183990306,2.2597219740505423]]],[[[101.0537184,2.2597226],[101.05371902428487,2.2597225993048053],[101.0537183990306,2.2597219740505423],[101.0537184,2.2597226]]],[[[101.053898,2.259632],[101.0538979574088,2.259593497546708],[101.05387721286797,2.259632023122505],[101.053898,2.259632]]],[[[101.0539877,2.2595414],[101.05398757352613,2.259427067614527],[101.0538979,2.2595416],[101.0539877,2.2595414]]],[[[101.0540774,2.2593605],[101.0540771,2.2591796],[101.0540233852738,2.2593605600831217],[101.0540774,2.2593605]]]]}},{"type":"Feature","properties":{"id":"rokan-hilir-pesisir-daratan-di-luar-batas-desa","village":"Daratan di luar batas desa","district":"Pesisir Rokan Hilir","regency":"Rokan Hilir","change":"accretion","baseline":"2016","current":"2025","confidence":"rendah","intervention":false,"analysisUnit":"continuous-landscape"},"geometry":{"type":"MultiPolygon","coordinates":[[[[100.4278889,2.2784755],[100.42788888654557,2.2784633237472054],[100.42788366815152,2.2784755],[100.4278889,2.2784755]]],[[[100.4279787,2.2783849],[100.42797855535922,2.278254096515389],[100.42792246991694,2.278384962547367],[100.4279787,2.2783849]]],[[[100.4280683,2.2781135],[100.42806826201272,2.278044780990554],[100.42803879694397,2.2781135328176374],[100.4280683,2.2781135]]],[[[100.4268125,2.2810994],[100.426812444261,2.280998568150343],[100.42677418152982,2.2810994426234372],[100.4268125,2.2810994]]],[[[100.4269023,2.2809184],[100.4269021312048,2.280765752875699],[100.42684282777695,2.280918466153752],[100.4269023,2.2809184]]],[[[100.4260951,2.2829994],[100.42609503947376,2.2828899080439435],[100.42605349048608,2.28299944628422],[100.4260951,2.2829994]]],[[[100.4220541,2.2879778],[100.42205409160653,2.287970212303184],[100.4220455447476,2.28797780951112],[100.4220541,2.2879778]]],[[[100.4190022,2.2931362],[100.41900215226909,2.2930930035262582],[100.41897388785222,2.293136231457942],[100.4190022,2.2931362]]],[[[100.419092,2.2930457],[100.41909190054335,2.2929557414597306],[100.4190330814978,2.2930457],[100.419092,2.2930457]]],[[[100.4191817,2.2928647],[100.41918164892732,2.2928184792254314],[100.41915140561842,2.292864733697866],[100.4191817,2.2928647]]],[[[100.4192715,2.2927741],[100.41927144858327,2.2926811385751398],[100.41921062183626,2.292774167717646],[100.4192715,2.2927741]]],[[[100.4193613,2.2925932],[100.41936124538672,2.2925438022875184],[100.41932892333473,2.2925932360140884],[100.4193613,2.2925932]]],[[[100.4186431,2.2936792],[100.41864305907619,2.2936422048800944],[100.41861885233371,2.2936792269568276],[100.4186431,2.2936792]]],[[[100.4187329,2.2935887],[100.41873280739938,2.2935049427387515],[100.41867800310953,2.2935887610643944],[100.4187329,2.2935887]]],[[[100.4188226,2.2934077],[100.41882255573074,2.2933676805849115],[100.418796370113,2.2934077291767374],[100.4188226,2.2934077]]],[[[100.4189124,2.2933172],[100.41891230405577,2.2932304184407553],[100.41885552089863,2.2933172632693006],[100.4189124,2.2933172]]],[[[100.41541044152716,2.2979708405509602],[100.41536914947238,2.2980237459961375],[100.4154105,2.2980237],[100.41541044152716,2.2979708405509602]]],[[[100.4155003,2.2979332],[100.4155002144016,2.297855819055567],[100.41543976696498,2.297933267333743],[100.4155003,2.2979332]]],[[[100.4155902,2.2978427],[100.41559008719683,2.2977406695366893],[100.41551038444776,2.297842788683947],[100.4155902,2.2978427]]],[[[100.4150513,2.2984763],[100.41505124994995,2.2984310547592495],[100.41501590586307,2.298476339370564],[100.4150513,2.2984763]]],[[[100.4151411,2.2983858],[100.41514102290957,2.298316033154743],[100.41508652335567,2.2983858607081693],[100.4151411,2.2983858]]],[[[100.415231,2.2982952],[100.41523089566779,2.2982008836832635],[100.41515721894922,2.2982952819789455],[100.415231,2.2982952]]],[[[100.4153207,2.2981143],[100.41532066857695,2.298085862143408],[100.41529845386319,2.2981143247454248],[100.4153207,2.2981143]]],[[[100.4139735,2.2996532],[100.41397349666582,2.299650182561755],[100.41397063502099,2.2996532031868506],[100.4139735,2.2996532]]],[[[100.4140634,2.2995626],[100.41406339191718,2.2995552931297523],[100.41405646231622,2.299562607708537],[100.4140634,2.2995626]]],[[[100.4131652,2.3005584],[100.41316513921323,2.3005034487617078],[100.4131130251634,2.3005584580365257],[100.4131652,2.3005584]]],[[[100.413255,2.3004679],[100.41325493454674,2.3004086647985575],[100.41319875771923,2.300467962560935],[100.413255,2.3004679]]],[[[100.4133449,2.3003773],[100.41334482972947,2.300313775439008],[100.41328458507704,2.3003773670165812],[100.4133449,2.3003773]]],[[[100.4134347,2.3002868],[100.41343462499066,2.300218991552201],[100.41337031756215,2.300286871615615],[100.4134347,2.3002868]]],[[[100.4115487,2.3024593],[100.41154863830586,2.3024035284930977],[100.41150211887145,2.302459351814381],[100.4115487,2.3024593]]],[[[100.4116385,2.3023688],[100.41163841923824,2.3022957913742306],[100.41157752219303,2.3023688678284837],[100.4116385,2.3023688]]],[[[100.4117283,2.3022783],[100.41172820028079,2.3021880541231683],[100.41165292551462,2.302278383842587],[100.4117283,2.3022783]]],[[[100.4051724,2.3101534],[100.4051724,2.3101021901772207],[100.40509680898029,2.310153484083448],[100.4051724,2.3101534]]],[[[100.4052623,2.3100629],[100.40526227599878,2.3100412028923354],[100.40523024877388,2.310062935652087],[100.4052623,2.3100629]]],[[[100.4047232,2.3105157],[100.40472314726954,2.3104679789301548],[100.4046773657183,2.310515750983628],[100.4047232,2.3105157]]],[[[100.4048131,2.3104251],[100.40481304366592,2.310374173994794],[100.40476418749485,2.310425154347228],[100.4048131,2.3104251]]],[[[100.4049029,2.3103346],[100.40490284524594,2.3102851023317585],[100.40485091332651,2.310334657827223],[100.4049029,2.3103346]]],[[[100.4049927,2.3102441],[100.40499267794964,2.3102241444256797],[100.40496322141212,2.3102441327904204],[100.4049927,2.3102441]]],[[[100.4022982,2.3132314],[100.40229814489811,2.3131317206729998],[100.40223164265686,2.3132314740348643],[100.4022982,2.3132314]]],[[[100.402388,2.3130504],[100.4023879409586,2.3129970265822495],[100.40235233223015,2.3130504396749387],[100.402388,2.3130504]]],[[[100.401939,2.313684],[100.40193898502267,2.3136704604861644],[100.4019299519704,2.313684010064549],[100.401939,2.313684]]],[[[100.4020289,2.3135935],[100.40202883611475,2.3135356838480337],[100.40199026339373,2.3135935429295627],[100.4020289,2.3135935]]],[[[100.4021187,2.3135029],[100.40211858740399,2.313401056914161],[100.4020506415437,2.313502975704623],[100.4021187,2.3135029]]],[[[100.4022084,2.3133219],[100.40220833863945,2.3132664300609833],[100.40217133119118,2.3133219412333803],[100.4022084,2.3133219]]],[[[100.3998727,2.3154045],[100.39987263169523,2.315342684180377],[100.3997238764238,2.3154046655434666],[100.3998727,2.3154045]]],[[[100.4000525,2.3153139],[100.40005244901691,2.315267760296343],[100.39994156573356,2.315313961664406],[100.4000525,2.3153139]]],[[[100.3987942,2.3158578],[100.3987941273602,2.315792060986632],[100.3987756709183,2.3158578206107694],[100.3987942,2.3158578]]],[[[100.398884,2.3157673],[100.39888398598883,2.3157546198913743],[100.39885355372813,2.3157673],[100.398884,2.3157673]]],[[[100.3966405234957,2.3202225401157035],[100.3965649845922,2.320291784110576],[100.3966406,2.3202917],[100.3966405234957,2.3202225401157035]]],[[[100.3967304,2.3202012],[100.3967304,2.320140153320104],[100.39666372271107,2.320201274168286],[100.3967304,2.3202012]]],[[[100.3978084,2.3192052],[100.3978083411953,2.3191520405577353],[100.39775027854786,2.319205264651226],[100.3978084,2.3192052]]],[[[100.3978983,2.3191147],[100.39789825019224,2.3190696239772133],[100.39784901661176,2.3191147547593203],[100.3978983,2.3191147]]],[[[100.3979881,2.3190241],[100.3979880592909,2.318987298970107],[100.39794786388754,2.319024144756521],[100.3979881,2.3190241]]],[[[100.3980779,2.3189336],[100.39807786835158,2.3189049739978187],[100.3980466020064,2.318933634814231],[100.3980779,2.3189336]]],[[[100.3961914,2.3206539],[100.39619137827054,2.3206342565720983],[100.39616992301481,2.320653923889861],[100.3961914,2.3206539]]],[[[100.3962812,2.3205634],[100.39628118731373,2.320551931615842],[100.39626866113367,2.3205634139475713],[100.3962812,2.3205634]]],[[[100.396461,2.3204728],[100.39646090540334,2.3203871900336996],[100.39636739919425,2.3204729040587058],[100.396461,2.3204728]]],[[[100.3965508,2.3203822],[100.39655071445252,2.3203048650719587],[100.39646624647335,2.320382294052866],[100.3965508,2.3203822]]],[[[100.3919806,2.3361242],[100.3919805874428,2.3361128357345993],[100.3919749021411,2.3361242063379963],[100.3919806,2.3361242]]],[[[100.3920705,2.3360336],[100.39207038897419,2.3359332326718047],[100.39202017735307,2.3360336559140524],[100.3920705,2.3360336]]],[[[100.39211062773931,2.3358527551415578],[100.3921601,2.3357622],[100.39215590297583,2.3357622046685473],[100.39211062773931,2.3358527551415578]]],[[[100.3881219,2.3439063],[100.38812170821316,2.343689484979969],[100.38807302324852,2.34390635436791],[100.3881219,2.3439063]]],[[[100.3882114,2.343454],[100.38821121954975,2.3432907526624747],[100.38817456298966,2.3434540409755398],[100.3882114,2.343454]]],[[[100.3880323,2.3441777],[100.38803220099442,2.3440881989543763],[100.38801210387976,2.3441777224650946],[100.3880323,2.3441777]]],[[[100.38323909452791,2.3561212438325607],[100.3832783,2.3559403],[100.38325660288577,2.355940324134721],[100.38323909452791,2.3561212438325607]]],[[[100.38316906328589,2.3568449],[100.3831892,2.3567544],[100.38317782012541,2.3567544126583697],[100.38316906328589,2.3568449]]],[[[100.3637108,2.3910527],[100.36371074138808,2.3909997148121933],[100.36363269422846,2.3910527868807248],[100.3637108,2.3910527]]],[[[100.3638006,2.3909622],[100.3638006,2.390938610956077],[100.36376585339087,2.3909622386502885],[100.3638006,2.3909622]]],[[[100.3629021,2.3915962],[100.36290204853697,2.3915496259509443],[100.36283344498217,2.3915962763682064],[100.3629021,2.3915962]]],[[[100.3629919,2.3915057],[100.36299188103851,2.3914885398498957],[100.36296664552364,2.3915057],[100.3629919,2.3915057]]],[[[100.36133028185185,2.3979289549701313],[100.3613794,2.3976576],[100.36137873796503,2.3976576007364128],[100.36133028185185,2.3979289549701313]]],[[[100.3595883,2.4049855],[100.35958824049042,2.4049317033395474],[100.35955010446129,2.4049855424394875],[100.3595883,2.4049855]]],[[[100.3596781,2.404895],[100.35967800047911,2.404804983355523],[100.35961418833247,2.4048950710919548],[100.3596781,2.404895]]],[[[100.3597678,2.404714],[100.35976776051194,2.40467826330916],[100.35974242703092,2.4047140282235473],[100.3597678,2.404714]]],[[[100.3598577,2.4046235],[100.35985762033413,2.404551402383731],[100.35980655118927,2.4046235],[100.3598577,2.4046235]]],[[[100.3435524,2.4655102],[100.34337200826978,2.4655104006024247],[100.3435524,2.4655655202977678],[100.3435524,2.4655102]]],[[[100.3431926,2.4654201],[100.3430769000644,2.465420228650781],[100.34319263921921,2.46545559339253],[100.3431926,2.4654201]]],[[[100.3429227,2.46533],[100.34287973821233,2.465330023880927],[100.3429227274617,2.4653548253709445],[100.3429227,2.46533]]],[[[100.3427428,2.4652397],[100.34272321453886,2.4652397217616238],[100.3427428,2.465251021066119],[100.3427428,2.4652397]]],[[[100.3426527,2.4651493],[100.34256664939683,2.465149395718135],[100.3426527549967,2.465199072025763],[100.3426527,2.4651493]]],[[[100.3424728,2.4650591],[100.34241022727693,2.4650591521874254],[100.34247284001651,2.4650952749217976],[100.3424728,2.4650591]]],[[[100.341663,2.4646077],[100.34162777806236,2.4646077391790184],[100.34166302252352,2.4646280725219953],[100.341663,2.4646077]]],[[[100.341573,2.4645173],[100.34147121307086,2.4645174132223904],[100.34157306505412,2.464576173981963],[100.341573,2.4645173]]],[[[100.3413931,2.464427],[100.34131464799546,2.464427087217348],[100.34139315014023,2.46447237691626],[100.3413931,2.464427]]],[[[100.3412131,2.4643368],[100.34115825589524,2.464336861005678],[100.3412131350908,2.464368522080044],[100.3412131,2.4643368]]],[[[100.3411231,2.4642464],[100.34100169090374,2.4642465350490506],[100.34112317759505,2.4643166235248066],[100.3411231,2.4642464]]],[[[100.3409432,2.4641562],[100.34084520457048,2.464156254472168],[100.34094326263987,2.4642128264352743],[100.3409432,2.4641562]]],[[[100.3407632,2.4640659],[100.34068873372811,2.464065982832338],[100.34076324764561,2.464108971630897],[100.3407632,2.4640659]]],[[[100.3405833,2.4639756],[100.34053216873662,2.4639756568757103],[100.34058333267905,2.464005174534803],[100.3405833,2.4639756]]],[[[100.346161,2.4663216],[100.34602725984537,2.466321727472745],[100.34616104536104,2.4663626063803106],[100.346161,2.4663216]]],[[[100.3447264,2.4704836],[100.34472638167918,2.4704670196564793],[100.34470384573618,2.470483625088169],[100.3447264,2.4704836]]],[[[100.34041094901426,2.471481066788907],[100.34035037671583,2.4715733674341314],[100.340411,2.4715733],[100.34041094901426,2.471481066788907]]],[[[100.3405008,2.4713923],[100.34050074682747,2.4713442320259182],[100.34046917913695,2.4713923351733738],[100.3405008,2.4713923]]],[[[100.3405906,2.4713018],[100.34059049571235,2.471207471820385],[100.34052854754756,2.4713018690238626],[100.3405906,2.4713018]]],[[[100.3406804,2.4711208],[100.34068034442423,2.4710705594975275],[100.3406473499955,2.471120836722227],[100.3406804,2.4711208]]],[[[100.3407702,2.4710303],[100.34077009333005,2.4709337992600693],[100.34070671837931,2.4710303706135934],[100.3407702,2.4710303]]],[[[100.3401416,2.4719354],[100.34014155157698,2.4718915771695147],[100.34011277180053,2.471935432066963],[100.3401416,2.4719354]]],[[[100.3402315,2.4718448],[100.34023140029296,2.471754664840396],[100.34017220585916,2.4718448658823786],[100.3402315,2.4718448]]],[[[100.3403212,2.4716639],[100.34032114917639,2.471617904637074],[100.34029094263227,2.4716639336566937],[100.3403212,2.4716639]]],[[[100.33942326090093,2.4729861153425383],[100.33940002272759,2.4730215258924053],[100.3394233,2.4730215],[100.33942326090093,2.4729861153425383]]],[[[100.3395131,2.4729309],[100.33951305488469,2.4728492864149008],[100.33945945681114,2.472930959669843],[100.3395131,2.4729309]]],[[[100.3396029,2.4727499],[100.33960285856494,2.4727124427116647],[100.33957825923227,2.4727499274090854],[100.3396029,2.4727499]]],[[[100.3396927,2.4726594],[100.33969260744335,2.4725756825159917],[100.33963762764289,2.472659461259574],[100.3396927,2.4726594]]],[[[100.3397825,2.4724784],[100.33978245616171,2.4724387701832646],[100.33975643008516,2.4724784289665718],[100.3397825,2.4724784]]],[[[100.3398723,2.4723879],[100.33987220509383,2.47230200990576],[100.33981579847462,2.4723879628493055],[100.3398723,2.4723879]]],[[[100.3392437,2.473293],[100.33924366330152,2.4732597878749822],[100.33922185189584,2.473293024302674],[100.3392437,2.473293]]],[[[100.3393336,2.4732025],[100.33933351196863,2.473122875620342],[100.33928125846947,2.4732025],[100.3393336,2.4732025]]],[[[100.33867637107333,2.4798057381856804],[100.3387106,2.4797152],[100.33871005947684,2.479715200601249],[100.33867637107333,2.4798057381856804]]],[[[100.50738176077463,2.2041070402682745],[100.50732461452911,2.20414256361009],[100.5073818,2.2041425],[100.50738176077463,2.2041070402682745]]],[[[100.5075616,2.2040519],[100.50756153744442,2.203995287203272],[100.50747030140303,2.204052001499274],[100.5075616,2.2040519]]],[[[100.5076514,2.2039613],[100.5076513758205,2.203939441726253],[100.50761614943221,2.2039613392108652],[100.5076514,2.2039613]]],[[[100.50675289232134,2.2044979584959963],[100.5068428,2.2045048],[100.50684273065603,2.2044421130447045],[100.50675289232134,2.2044979584959963]]],[[[100.5069326,2.2044143],[100.50693256902494,2.2043862675721364],[100.50688739248453,2.2044143502864464],[100.5069326,2.2044143]]],[[[100.5071123,2.2043236],[100.5071122457706,2.2042745766221343],[100.50703324060468,2.204323687941485],[100.5071123,2.2043236]]],[[[100.507292,2.204233],[100.50729192243996,2.204162885719561],[100.5071789275669,2.2042331257757874],[100.507292,2.204233]]],[[[100.5019014,2.2077657],[100.50190134035718,2.2077117232468364],[100.50181482346707,2.207765796303151],[100.5019014,2.2077657]]],[[[100.5019912,2.2076752],[100.50199118914746,2.207655567752907],[100.50195977755212,2.2076752],[100.5019912,2.2076752]]],[[[100.5008231841667,2.208385570865884],[100.5009131,2.2083998],[100.50091302223433,2.2083294220736147],[100.5008231841667,2.208385570865884]]],[[[100.5010029,2.2083092],[100.5010029,2.2082732484700713],[100.50094527499371,2.2083092640990056],[100.5010029,2.2083092]]],[[[100.5010928,2.2082187],[100.50109279818817,2.2082170621024724],[100.50109017287647,2.2082187029222733],[100.5010928,2.2082187]]],[[[100.4870763,2.2166439],[100.48707624403329,2.2165933060919603],[100.48702921534237,2.21664395237448],[100.4870763,2.2166439]]],[[[100.4871661,2.2165534],[100.48716603724388,2.2164966057113245],[100.48711324509661,2.216553458792996],[100.4871661,2.2165534]]],[[[100.4872559,2.2164629],[100.4872558303927,2.2163999053972083],[100.48719733540439,2.2164629],[100.4872559,2.2164629]]],[[[100.4873457,2.2163723],[100.48734562356753,2.2163032050550773],[100.48728139755823,2.2163723715266315],[100.4873457,2.2163723]]],[[[100.4874355,2.2162818],[100.48743541680072,2.2162065046501174],[100.48736542731247,2.216281877945147],[100.4874355,2.2162818]]],[[[100.4875253,2.2161913],[100.48752520994954,2.216109804336002],[100.4874495354044,2.2161913],[100.4875253,2.2161913]]],[[[100.4876151,2.2161007],[100.48761505154884,2.2160130518444467],[100.4875335797741,2.216100790678783],[100.4876151,2.2161007]]],[[[100.4877049,2.2159198],[100.48770489612834,2.215916296143453],[100.48770164254725,2.2159198],[100.4877049,2.2159198]]],[[[100.4877947,2.2158292],[100.48779468937579,2.2158195957231084],[100.48778576188656,2.2158292099422843],[100.4877947,2.2158292]]],[[[100.4878845,2.2157387],[100.48788448253636,2.215722895396352],[100.48786979164079,2.2157387163608],[100.4878845,2.2157387]]],[[[100.4879743,2.2156482],[100.48797427568518,2.215626195082237],[100.48795384254726,2.2156482],[100.4879743,2.2156482]]],[[[100.4880641,2.2155576],[100.48806406891005,2.2155294946862183],[100.48803794410242,2.2155576290944357],[100.4880641,2.2155576]]],[[[100.4881539,2.2154671],[100.48815386209318,2.215432794335145],[100.48812197385665,2.2154671355129514],[100.4881539,2.2154671]]],[[[100.4868069,2.217006],[100.48680686787881,2.2169769303268247],[100.48679365439101,2.217006],[100.4868069,2.217006]]],[[[100.4868967,2.2169154],[100.48689655783781,2.216786814302471],[100.48683480491428,2.216915468848816],[100.4868967,2.2169154]]],[[[100.4869864,2.2167344],[100.4869864,2.2166900612047264],[100.48694518569154,2.2167344458446143],[100.4869864,2.2167344]]],[[[100.4831249,2.2210795],[100.48312478658026,2.220976911843963],[100.48307156195766,2.221079559330414],[100.4831249,2.2210795]]],[[[100.4832146,2.2208986],[100.48321449530366,2.2208039021631323],[100.48316539272157,2.2208986],[100.4832146,2.2208986]]],[[[100.4833044,2.2207176],[100.48330430397759,2.2206306997205467],[100.48325921854295,2.220717650201619],[100.4833044,2.2207176]]],[[[100.4827659,2.221713],[100.48276585154001,2.2216691437073126],[100.48274309808858,2.221713025363639],[100.4827659,2.221713]]],[[[100.4828557,2.2216224],[100.48285563008814,2.221495999364487],[100.48279005115342,2.221622473024301],[100.4828557,2.2216224]]],[[[100.4829455,2.2214415],[100.48294536891281,2.221322931631211],[100.48288385346184,2.2214415685723448],[100.4829455,2.2214415]]],[[[100.4830352,2.2212605],[100.48303507774654,2.2211499217375867],[100.48297770770975,2.2212605639513794],[100.4830352,2.2212605]]],[[[100.4791731,2.2250629],[100.47917303609103,2.225005126292725],[100.47908623058672,2.2250629966289357],[100.4791731,2.2250629]]],[[[100.4792629,2.2249724],[100.47926286995249,2.224945237051755],[100.47922205738337,2.224972445431164],[100.4792629,2.2249724]]],[[[100.4794426,2.2248818],[100.47944253774423,2.2248254585239287],[100.47935788418003,2.2248818942333926],[100.4794426,2.2248818]]],[[[100.4795324,2.2247913],[100.4795323715683,2.224765569307884],[100.47949377553012,2.2247913],[100.4795324,2.2247913]]],[[[100.47854409902396,2.2254244176707694],[100.478634,2.2254252],[100.47863393288543,2.22536452842979],[100.47854409902396,2.2254244176707694]]],[[[100.4787238,2.2253347],[100.4787237667469,2.22530463918882],[100.47867860011318,2.225334750277961],[100.4787238,2.2253347]]],[[[100.4789035,2.2252441],[100.4789035,2.225184817020079],[100.47881442690984,2.2252441990801892],[100.4789035,2.2252441]]],[[[100.4789934,2.2251536],[100.47899336829262,2.2251249048250004],[100.47895025353937,2.2251536479938383],[100.4789934,2.2251536]]],[[[100.4676769,2.2368319],[100.46767687244798,2.236806992972127],[100.46765193765332,2.2368319277667927],[100.4676769,2.2368319]]],[[[100.4677667,2.2367414],[100.46776667322146,2.236717192198648],[100.46774243843282,2.2367414269872827],[100.4677667,2.2367414]]],[[[100.4660598,2.2380093],[100.46605977727741,2.2379887587749274],[100.46603020193909,2.238009332923316],[100.4660598,2.2380093]]],[[[100.46552069134411,2.2383637750763477],[100.4656106,2.2383715],[100.46561052232738,2.238301283957548],[100.46552069134411,2.2383637750763477]]],[[[100.4657004,2.238281],[100.46570035331067,2.2382387928387475],[100.46563958327047,2.23828106764931],[100.4657004,2.238281]]],[[[100.4657902,2.2381905],[100.46579018431129,2.2381763017078815],[100.46576974155333,2.238190522756893],[100.4657902,2.2381905]]],[[[100.46597,2.2380998],[100.46596994629414,2.238051249893725],[100.46590004371852,2.2380998777724086],[100.46597,2.2380998]]],[[[100.4570777,2.2466103],[100.45707764981022,2.246564928429609],[100.45702410599105,2.2466103595488986],[100.4570777,2.2466103]]],[[[100.4571675,2.2465198],[100.45716746563964,2.2464887210591837],[100.45713078876025,2.2465198408356395],[100.4571675,2.2465198]]],[[[100.4563591,2.2473346],[100.45635901045276,2.2472536492931954],[100.45628445941837,2.2473346830262306],[100.4563591,2.2473346]]],[[[100.4564489,2.2472441],[100.45644885129695,2.2471559962016756],[100.45636771271874,2.247244190308433],[100.4564489,2.2472441]]],[[[100.4559998,2.2476967],[100.4559998,2.2476440954375043],[100.45595135422506,2.247696753888515],[100.4559998,2.2476967]]],[[[100.4560897,2.2476062],[100.45608963390474,2.247546449888868],[100.456034607423,2.2476062612820655],[100.4560897,2.2476062]]],[[[100.4458481,2.2555754],[100.44584808482976,2.255561686101468],[100.44583001375514,2.2555754201181815],[100.4458481,2.2555754]]],[[[100.4462075,2.2553037],[100.44620748323375,2.255288543314433],[100.44618751098648,2.2553037222223606],[100.4462075,2.2553037]]],[[[100.4445904,2.2565715],[100.44459034034503,2.2565175719098645],[100.44451927823685,2.2565715791120837],[100.4445904,2.2565715]]],[[[100.4446802,2.256481],[100.4446801649394,2.256449305218148],[100.44463840010012,2.2564810464959955],[100.4446802,2.256481]]],[[[100.44477,2.2563905],[100.44476998953955,2.2563810385220275],[100.4447575219634,2.256390513879907],[100.44477,2.2563905]]],[[[100.4412675,2.2603735],[100.44126743643245,2.2603159925624423],[100.4412191301849,2.2603735],[100.4412675,2.2603735]]],[[[100.4409981,2.2606451],[100.44099809065447,2.260636642298131],[100.4409909861849,2.2606451],[100.4409981,2.2606451]]],[[[100.4410879,2.2605545],[100.44108787263163,2.2605297589919937],[100.44106707072262,2.260554523169385],[100.4410879,2.2605545]]],[[[100.4411777,2.260464],[100.44117765455883,2.260422875745321],[100.44114307783494,2.2604640385118633],[100.4411777,2.260464]]],[[[100.4323769,2.2708737],[100.43237681718072,2.270798789969343],[100.43233539401773,2.270873746169057],[100.4323769,2.2708737]]],[[[100.4324666,2.2706928],[100.43246653772212,2.270636438513498],[100.43243539058484,2.2706928],[100.4324666,2.2706928]]],[[[100.4325564,2.2706022],[100.43255629659306,2.2705086684290565],[100.43248541537035,2.2706022789595437],[100.4325564,2.2706022]]],[[[100.4326462,2.2704212],[100.43264616893615,2.2703931182736707],[100.432624308675,2.2704212243236945],[100.4326462,2.2704212]]],[[[100.432736,2.2703307],[100.4327359413679,2.2702776965756986],[100.4326946807346,2.2703307459613633],[100.432736,2.2703307]]],[[[100.4328258,2.2702402],[100.43282571389476,2.27016227475545],[100.43276505281526,2.270240267571952],[100.4328258,2.2702402]]],[[[100.4329156,2.2701496],[100.43291552421994,2.2700468043373627],[100.43283550274103,2.27014968909595],[100.4329156,2.2701496]]],[[[100.4322871,2.2709643],[100.43228709651012,2.2709611416590203],[100.43228535003662,2.270964301944404],[100.4322871,2.2709643]]],[[[100.4309408,2.2734076],[100.43094078863847,2.27339731780773],[100.43093510287218,2.2734076063371833],[100.4309408,2.2734076]]],[[[100.4310306,2.273317],[100.43103055458197,2.2732348841956704],[100.4309851468545,2.2733170505596725],[100.4310306,2.273317]]],[[[100.4282477,2.2776611],[100.42824766139572,2.2776261824301987],[100.42823268956717,2.2776611166968106],[100.4282477,2.2776611]]],[[[100.4283374,2.2774801],[100.4283374,2.2774167923535384],[100.42831025521106,2.277480130194426],[100.4283374,2.2774801]]],[[[100.6724641,2.0637938],[100.67246406322052,2.0637605145669404],[100.6724233255903,2.063793845355294],[100.6724641,2.0637938]]],[[[100.6725539,2.0637033],[100.67255388201819,2.0636870264597573],[100.67253399213567,2.0637033],[100.6725539,2.0637033]]],[[[100.6735418,2.0628883],[100.67354178942321,2.0628787385829224],[100.67353008732299,2.062888313028562],[100.6735418,2.0628883]]],[[[100.6737215,2.0627977],[100.6737214270601,2.062731762334549],[100.67364072676605,2.0627977898478687],[100.6737215,2.0627977]]],[[[100.6738113,2.0627072],[100.6738112459383,2.0626582741614827],[100.67375136620912,2.0627072666671755],[100.6738113,2.0627072]]],[[[100.67399037894637,2.0626165006168993],[100.67389014520009,2.0625937202200184],[100.67386212806652,2.062616643329303],[100.67399037894637,2.0626165006168993]]],[[[100.6777671,2.0635169],[100.67795123501503,2.063516695177959],[100.6777671,2.063474846310905],[100.6777671,2.0635169]]],[[[100.6781268,2.0636069],[100.67832470408203,2.0636066798007433],[100.67812674434033,2.0635565836609824],[100.6781268,2.0636069]]],[[[100.6784864,2.063697],[100.67856532383819,2.063696912209301],[100.67848636718615,2.063667303464788],[100.6784864,2.063697]]],[[[100.6720151,2.064156],[100.6720150688867,2.064127873567346],[100.67198064529327,2.0641560383255917],[100.6720151,2.064156]]],[[[100.6721049,2.0640655],[100.6721048877187,2.06405438543206],[100.67209128473634,2.064065515144898],[100.6721049,2.0640655]]],[[[100.6722845,2.0639748],[100.67228442554297,2.0639074908485684],[100.6722020466417,2.063974891767789],[100.6722845,2.0639748]]],[[[100.6723743,2.0638843],[100.67237424436142,2.0638340027243856],[100.67231268614724,2.0638843685359873],[100.6723743,2.0638843]]],[[[100.6703995,2.066509],[100.67039931157314,2.06629598342512],[100.67035119891068,2.0665090537874047],[100.6703995,2.066509]]],[[[100.670489,2.0660567],[100.67048882626997,2.065899561196221],[100.67045333435597,2.066056739672574],[100.670489,2.0660567]]],[[[100.6705787,2.0658757],[100.67057859762687,2.0657831546865504],[100.67050449534304,2.0658757825413314],[100.6705787,2.0658757]]],[[[100.6706684,2.0656948],[100.67066837362948,2.065670934683278],[100.67064926434772,2.0656948212854864],[100.6706684,2.0656948]]],[[[100.6707582,2.0656043],[100.67075814962948,2.0655587146832786],[100.67072168137611,2.0656043],[100.6707582,2.0656043]]],[[[100.6708479,2.0655137],[100.6708479,2.065446526720133],[100.67079411345937,2.065513759895925],[100.6708479,2.0655137]]],[[[100.6709377,2.0654232],[100.6709376018236,2.0653343994406446],[100.67086649794443,2.065423279289594],[100.6709377,2.0654232]]],[[[100.6710274,2.0652422],[100.67102737785332,2.0652221794034755],[100.67101134709098,2.0652422178564063],[100.6710274,2.0652422]]],[[[100.6711172,2.0651517],[100.67111715382681,2.0651099594366165],[100.67108373159331,2.0651517372284833],[100.6711172,2.0651517]]],[[[100.671207,2.0650612],[100.67120692987775,2.06499773937293],[100.67115611609566,2.0650612566005613],[100.671207,2.0650612]]],[[[100.6712968,2.0649706],[100.67129670588425,2.0648855193648146],[100.67122858066925,2.0649706758835715],[100.6712968,2.0649706]]],[[[100.670131,2.0675945],[100.67013087864851,2.067484757805559],[100.670106098153,2.0675945],[100.670131,2.0675945]]],[[[100.6702206,2.0673231],[100.6702203923397,2.0670883400303155],[100.67016736865357,2.0673231592117314],[100.6702206,2.0673231]]],[[[100.67031,2.0668708],[100.67030985183489,2.0666921622658867],[100.67026950409914,2.066870845095658],[100.67031,2.0668708]]],[[[100.6801051,2.0643283],[100.68024859880092,2.0643281403203257],[100.680105040338,2.0642743058967374],[100.6801051,2.0643283]]],[[[100.6803748,2.0644184],[100.68048895267367,2.06441827302261],[100.68037475248667,2.0643754479524863],[100.6803748,2.0644184]]],[[[100.6806446,2.0645086],[100.68072957242292,2.0645085054285777],[100.6806445646713,2.0644766275217186],[100.6806446,2.0645086]]],[[[100.6808244,2.0645988],[100.68096997406784,2.0645986560454213],[100.68082433942816,2.0645440430555446],[100.6808244,2.0645988]]],[[[100.68325592203644,2.0689569014452305],[100.68329014520009,2.068893720220018],[100.68325570744456,2.0687628567490166],[100.68325592203644,2.0689569014452305]]],[[[100.6831661,2.0690275],[100.68316620506663,2.069122532774091],[100.68321771225008,2.069027442589266],[100.6831661,2.0690275]]],[[[100.6830764,2.0692085],[100.68307648807534,2.0692881641426273],[100.68311966555436,2.069208451873688],[100.6830764,2.0692085]]],[[[100.6829868,2.0693894],[100.68298683553152,2.0694536765312157],[100.68302165198594,2.0693894],[100.6829868,2.0693894]]],[[[100.6828971,2.0695704],[100.68289712702722,2.0696192922314722],[100.68292362631973,2.0695703704606685],[100.6828971,2.0695704]]],[[[100.6828074,2.0697514],[100.6828074370285,2.069784873767557],[100.68282557961841,2.069751379755436],[100.6828074,2.0697514]]],[[[100.6827177,2.0699323],[100.6827177201271,2.069950504970139],[100.6827275871098,2.069932289002103],[100.6827177,2.0699323]]],[[[100.682628,2.0701133],[100.68262800313754,2.0701161363355056],[100.68262954041407,2.070113298286525],[100.682628,2.0701133]]],[[[100.6825382,2.0702038],[100.68253828619967,2.0702817676054046],[100.68258054416586,2.0702037528985917],[100.6825382,2.0702038]]],[[[100.6824485,2.0703848],[100.68244856924657,2.070447398903425],[100.68248249747013,2.0703847621830143],[100.6824485,2.0703848]]],[[[100.6823588,2.0705657],[100.68235885229855,2.070613030192082],[100.68238450497373,2.0705656714071483],[100.6823588,2.0705657]]],[[[100.682269,2.0706563],[100.68226913535561,2.0707786614713695],[100.6823354545262,2.0706562260795036],[100.682269,2.0706563]]],[[[100.6821793,2.0708372],[100.68217941839997,2.0709442927740764],[100.68223746202979,2.0708371353036377],[100.6821793,2.0708372]]],[[[100.6820896,2.0710182],[100.68208970140867,2.0711099241426387],[100.68213941533406,2.0710181445880598],[100.6820896,2.0710182]]],[[[100.6819999,2.0711992],[100.68199998446397,2.0712755554251667],[100.68204136863834,2.0711991538724823],[100.6819999,2.0711992]]],[[[100.6819101,2.0712897],[100.68191019288997,2.0713736725301364],[100.68199237239014,2.0712896084845496],[100.6819101,2.0712897]]],[[[100.6818203,2.0713802],[100.68182039211649,2.071463473303615],[100.68190375825465,2.0713801071654565],[100.6818203,2.0713802]]],[[[100.6817305,2.0714707],[100.68173059124219,2.0715532741779263],[100.68181325747514,2.0714706079449665],[100.6817305,2.0714707]]],[[[100.6816407,2.0715613],[100.68164079045903,2.071643074961082],[100.68172265658427,2.0715612088358353],[100.6816407,2.0715613]]],[[[100.6815509,2.0716518],[100.68155098968555,2.0717328757345608],[100.68163215580476,2.071651709615345],[100.6815509,2.0716518]]],[[[100.6814612,2.0717423],[100.68146128870355,2.0718225767165572],[100.68154165501366,2.071742210406444],[100.6814612,2.0717423]]],[[[100.6813714,2.0718329],[100.68137148791759,2.0719123775025183],[100.68145105402303,2.0718328113970825],[100.6813714,2.0718329]]],[[[100.6812816,2.0719234],[100.68128168714411,2.0720021782759965],[100.68136055324352,2.071923312176592],[100.6812816,2.0719234]]],[[[100.6811918,2.0720139],[100.68119188637063,2.072091979049477],[100.681270052464,2.0720138129561025],[100.6811918,2.0720139]]],[[[100.681102,2.0721044],[100.68110208550267,2.072181779917434],[100.6811795516845,2.072104313735612],[100.681102,2.0721044]]],[[[100.6810122,2.072195],[100.68101228471318,2.0722715807069316],[100.68108895079362,2.072194914626481],[100.6810122,2.072195]]],[[[100.6809224,2.0722855],[100.68092248393968,2.0723613814804223],[100.68099845001412,2.0722854154059913],[100.6809224,2.0722855]]],[[[100.6808326,2.072376],[100.68083268307441,2.0724511823456955],[100.68090794923461,2.072375916185501],[100.6808326,2.072376]]],[[[100.6807428,2.0724666],[100.68074288228223,2.0725409831378765],[100.68081734834374,2.0724665170763696],[100.6807428,2.0724666]]],[[[100.680653,2.0725571],[100.68065308150875,2.072630783911355],[100.68072684756423,2.0725570178558796],[100.680653,2.0725571]]],[[[100.6805632,2.0726476],[100.68056328073527,2.072720584684836],[100.68063634678472,2.0726475186353897],[100.6805632,2.0726476]]],[[[100.6804735,2.0727381],[100.6804735,2.0728103654201036],[100.68054584598356,2.072738019436544],[100.6804735,2.0727381]]],[[[100.6803837,2.0728287],[100.68038377896731,2.072900086452794],[100.68045524509171,2.0728286203284054],[100.6803837,2.0728287]]],[[[100.6802939,2.0729192],[100.68029397815066,2.0729898872694554],[100.68036474422347,2.072919121196637],[100.6802939,2.0729192]]],[[[100.6802042,2.0731002],[100.68020423155683,2.0731287273737076],[100.68022239822184,2.0731001797572612],[100.6802042,2.0731002]]],[[[100.6801144,2.0731907],[100.68011448740066,2.0732697539048317],[100.68016483012835,2.0731906439041956],[100.6801144,2.0731907]]],[[[100.6800247,2.0733717],[100.68002474323059,2.073410780457794],[100.68004963025989,2.073371672268899],[100.6800247,2.0733717]]],[[[100.6799349,2.0734622],[100.6799349991227,2.073551806913073],[100.67999206216639,2.0734621364158325],[100.6799349,2.0734622]]],[[[100.6798452,2.0736431],[100.6798452549541,2.0736928334637126],[100.67987692597939,2.0736430647097004],[100.6798452,2.0736431]]],[[[100.6797554,2.0737337],[100.67975551079645,2.0738338599971593],[100.67981929420444,2.0737336289274704],[100.6797554,2.0737337]]],[[[100.6796657,2.0739146],[100.67966576661499,2.073974886568034],[100.67970415801743,2.0739145572213378],[100.6796657,2.0739146]]],[[[100.6795759,2.0740052],[100.67957602247023,2.074115913081232],[100.6796465262425,2.0740051214391073],[100.6795759,2.0740052]]],[[[100.6794862,2.0741861],[100.67948627831908,2.0742569396044686],[100.67953139005549,2.074186049732975],[100.6794862,2.0741861]]],[[[100.6793965,2.0743671],[100.67939653414399,2.074397966165324],[100.67941619018704,2.0743670780976786],[100.6793965,2.0743671]]],[[[100.6793067,2.0744576],[100.6793067899864,2.0745389926986766],[100.67935862209353,2.074457542244612],[100.6793067,2.0744576]]],[[[100.679217,2.0746386],[100.67921704581775,2.0746800192494077],[100.67924342222508,2.074638570609316],[100.679217,2.0746386]]],[[[100.6791272,2.0747291],[100.67912730167242,2.074821045763492],[100.67918585413157,2.0747290347562495],[100.6791272,2.0747291]]],[[[100.6789478,2.075091],[100.67894781336885,2.0751030988119594],[100.67895551807612,2.075090991414821],[100.6789478,2.075091]]],[[[100.6788581,2.0751816],[100.67885816899175,2.075243968547409],[100.67889788626172,2.075181555694586],[100.6788581,2.0751816]]],[[[100.6787683,2.0752721],[100.6787684248379,2.0753849950748884],[100.67884031813684,2.075272019890838],[100.6787683,2.0752721]]],[[[100.6785889,2.075634],[100.67858893655762,2.075667048086766],[100.67860998208138,2.0756339765494087],[100.6785889,2.075634]]],[[[100.6784991,2.0757245],[100.67849919239869,2.0758080746222114],[100.67855241398789,2.0757244406963427],[100.6784991,2.0757245]]],[[[100.6784094,2.0759055],[100.67840944823139,2.075949101170838],[100.67843721411944,2.075905469061046],[100.6784094,2.0759055]]],[[[100.6783196,2.075996],[100.67831970406601,2.0760901277164194],[100.67837964602593,2.07599593320798],[100.6783196,2.075996]]],[[[100.6782299,2.076177],[100.67822995990515,2.0762311542549243],[100.67826444615748,2.0761769615726835],[100.6782299,2.076177]]],[[[100.6781401,2.0762675],[100.67814015021995,2.0763129490585337],[100.67820687806399,2.0762674257196174],[100.6781401,2.0762675]]],[[[100.6778705,2.0763582],[100.67787056457,2.076416635846977],[100.67802279140035,2.076358087066073],[100.6778705,2.0763582]]],[[[100.6777807,2.0764488],[100.6777807026528,2.076451198122826],[100.67778695586475,2.0764487930413074],[100.6777807,2.0764488]]],[[[100.6750852,2.0774464],[100.67508524592063,2.0774879122505787],[100.67519349100436,2.0774462795260695],[100.6750852,2.0774464]]],[[[100.6748156,2.0775371],[100.67481566021995,2.0775915990585325],[100.67495776893927,2.0775369418587992],[100.6748156,2.0775371]]],[[[100.6746359,2.0776278],[100.6746359364199,2.0776607235970106],[100.67472178616372,2.077627704464779],[100.6746359,2.0776278]]],[[[100.6743664,2.0777185],[100.67436645074329,2.0777643719341716],[100.67448606398098,2.0777183668427512],[100.6743664,2.0777185]]],[[[100.6736473,2.0777192],[100.67256601114477,2.077720352813409],[100.67364735211858,2.0777663673229334],[100.6736473,2.0777192]]],[[[100.67148994807843,2.0776745628956927],[100.6705011,2.0776322],[100.67050110031445,2.0776324842674385],[100.67148994807843,2.0776745628956927]]],[[[100.6635811,2.0789056],[100.6635811,2.078944769572999],[100.66367010903564,2.0789055008808064],[100.6635811,2.0789056]]],[[[100.66304200575169,2.0791826052707862],[100.6629521,2.0791775],[100.66295214944503,2.0792222477590117],[100.66304200575169,2.0791826052707862]]],[[[100.6627724,2.0792682],[100.66277244501306,2.0793088918089015],[100.66284818210306,2.079268115704001],[100.6627724,2.0792682]]],[[[100.6626826,2.0793587],[100.66268263006201,2.0793858760526645],[100.66271437669461,2.079358664653287],[100.6626826,2.0793587]]],[[[100.6625929,2.0794492],[100.6625929,2.079462787534376],[100.66260877274505,2.0794491823243373],[100.6625929,2.0794492]]],[[[100.6624132,2.0795398],[100.66241328502014,2.0796167432314014],[100.66250311049606,2.0795397499663353],[100.6624132,2.0795398]]],[[[100.6623234,2.0796304],[100.66232347005253,2.0796937274893526],[100.66239744821866,2.0796303176326822],[100.6623234,2.0796304]]],[[[100.6622336,2.0797209],[100.66223365510147,2.079770711733119],[100.66229184437607,2.07972083521204],[100.6622336,2.0797209]]],[[[100.6621438,2.0798114],[100.6621438401061,2.079847696014873],[100.66218624053349,2.0798113527913977],[100.6621438,2.0798114]]],[[[100.662054,2.079902],[100.66205402508885,2.0799246803153713],[100.66208051987263,2.079901970500698],[100.662054,2.079902]]],[[[100.6619642,2.0799925],[100.66196421013778,2.0800016645591355],[100.66197491603005,2.0799924880800553],[100.6619642,2.0799925]]],[[[100.6617845,2.0800831],[100.6617845801471,2.0801556331225806],[100.66186931218746,2.0800830056594135],[100.6617845,2.0800831]]],[[[100.6616947,2.0801736],[100.66169476521254,2.080232617352196],[100.6617636187901,2.0801736],[100.6616947,2.0801736]]],[[[100.6616049,2.0802642],[100.66160495022304,2.0803096016289184],[100.66165798768402,2.080264140948071],[100.6616049,2.0802642]]],[[[100.6615151,2.0803547],[100.66151513527198,2.080386585872679],[100.66155238384144,2.080354658527429],[100.6615151,2.0803547]]],[[[100.6614253,2.0804452],[100.66142532029849,2.0804635701356684],[100.66144677999885,2.0804451761067866],[100.6614253,2.0804452]]],[[[100.6612457,2.0805359],[100.66124579021357,2.080617453065604],[100.66134105927702,2.0805357938683615],[100.6612457,2.0805359]]],[[[100.6611559,2.0806264],[100.66115597526252,2.0806944373093668],[100.66123545536549,2.0806263115068235],[100.6611559,2.0806264]]],[[[100.6610661,2.0807169],[100.66106616031145,2.0807714215531368],[100.6611298515229,2.0807168290861813],[100.6610661,2.0807169]]],[[[100.6609763,2.0808074],[100.66097634531032,2.0808484058398187],[100.66102424768032,2.080807346665539],[100.6609763,2.0808074]]],[[[100.6608865,2.080898],[100.66088653029882,2.0809253901353855],[100.66091852701946,2.0808979643748393],[100.6608865,2.080898]]],[[[100.6607967,2.0809885],[100.66079671534777,2.0810023743791466],[100.66081292317688,2.080988481954197],[100.6607967,2.0809885]]],[[[100.660617,2.0810791],[100.66061708535132,2.0811563429475313],[100.66070731933429,2.081078999533555],[100.660617,2.0810791]]],[[[100.6605272,2.0811697],[100.66052727038408,2.0812333272051684],[100.66060159867344,2.0811696172428547],[100.6605272,2.0811697]]],[[[100.6604374,2.0812602],[100.66043745543303,2.0813103114489295],[100.66049599483085,2.081260134822213],[100.6604374,2.0812602]]],[[[100.6603476,2.0813507],[100.66034764048196,2.0813872956926978],[100.66039039098827,2.0813506524015706],[100.6603476,2.0813507]]],[[[100.6602578,2.0814412],[100.66025782550271,2.0814642799606182],[100.66028478714568,2.081441169980928],[100.6602578,2.0814412]]],[[[100.660168,2.0815318],[100.66016801046933,2.08154126427495],[100.66017906648484,2.081531787690228],[100.660168,2.0815318]]],[[[100.6599884,2.0816224],[100.65998848073527,2.0816953846848327],[100.66007346257382,2.081622305328243],[100.6599884,2.0816224]]],[[[100.6598986,2.0817129],[100.65989867987354,2.081785185546569],[100.6599710460052,2.0817128194148995],[100.6598986,2.0817129]]],[[[100.6598088,2.0818035],[100.65980887907781,2.08187498634229],[100.65988044511434,2.0818034203057683],[100.6598088,2.0818035]]],[[[100.659719,2.081894],[100.65971907830433,2.0819647871157687],[100.65978994433482,2.0818939210852783],[100.659719,2.081894]]],[[[100.6596292,2.0819845],[100.65962927753085,2.0820545878892474],[100.65969944355531,2.0819844218647883],[100.6596292,2.0819845]]],[[[100.6595394,2.082075],[100.65953947667265,2.0821443887474578],[100.6596089427758,2.0820749226442983],[100.6595394,2.082075]]],[[[100.6594496,2.0821656],[100.65944967587339,2.0822341895467127],[100.65951834188493,2.082165523535167],[100.6594496,2.0821656]]],[[[100.6593598,2.0822561],[100.65935987509991,2.082323990320191],[100.65942784110543,2.082256024314677],[100.6593598,2.0822561]]],[[[100.65927,2.0823466],[100.65927007424439,2.0824137911757075],[100.65933734032592,2.082346525094187],[100.65927,2.0823466]]],[[[100.6591802,2.0824372],[100.65918027344246,2.082503591977649],[100.65924673943505,2.0824371259850554],[100.6591802,2.0824372]]],[[[100.6590904,2.0825277],[100.65909047266898,2.0825933927511278],[100.65915623865554,2.082527626764566],[100.6590904,2.0825277]]],[[[100.6590006,2.0826182],[100.6590006718955,2.0826831935246064],[100.65906573787603,2.082618127544076],[100.6590006,2.0826182]]],[[[100.6589108,2.0827087],[100.6589108710435,2.082772994376596],[100.65897523709651,2.082708628323586],[100.6589108,2.0827087]]],[[[100.658821,2.0827993],[100.65882107023803,2.082862795182071],[100.65888463620566,2.082799229214454],[100.658821,2.0827993]]],[[[100.6587312,2.0828898],[100.65873126946455,2.0829525959555495],[100.65879413542613,2.082889729993964],[100.6587312,2.0828898]]],[[[100.6586415,2.0829803],[100.6586415,2.0830423654201016],[100.65870363461232,2.0829802308077814],[100.6586415,2.0829803]]],[[[100.6585517,2.0830709],[100.6585517676966,2.0831320977235066],[100.65861303372046,2.083070831699643],[100.6585517,2.0830709]]],[[[100.6584619,2.0831614],[100.65846196692311,2.0832218984969852],[100.6585225328649,2.0831613325552114],[100.6584619,2.0831614]]],[[[100.6583721,2.0832519],[100.65837216614963,2.0833116992704688],[100.65843203208539,2.083251833334722],[100.6583721,2.0832519]]],[[[100.6582823,2.0833424],[100.658282365304,2.0834015001161066],[100.65834153130587,2.0833423341142314],[100.6582823,2.0833424]]],[[[100.6581925,2.083433],[100.65819256449218,2.083491300927923],[100.65825093041501,2.0834329350051],[100.6581925,2.083433]]],[[[100.6581027,2.0835235],[100.65810276371869,2.083581101701411],[100.65816042963549,2.08352343578461],[100.6581027,2.0835235]]],[[[100.6580129,2.083614],[100.65801296287574,2.083670902544365],[100.65806992885598,2.08361393656412],[100.6580129,2.083614]]],[[[100.6579231,2.0837046],[100.65792316206124,2.083760703358865],[100.65797932796511,2.083704537454989],[100.6579231,2.0837046]]],[[[100.6578333,2.0837951],[100.65783336128776,2.083850504132349],[100.6578888271856,2.0837950382344985],[100.6578333,2.0837951]]],[[[100.6577435,2.0838856],[100.65774356044749,2.0839403049726206],[100.6577983264061,2.083885539014009],[100.6577435,2.0838856]]],[[[100.6576537,2.0839761],[100.65765375967486,2.0840301057452457],[100.6577077654201,2.0839761],[100.6576537,2.0839761]]],[[[100.6575639,2.0840667],[100.65756395885681,2.0841199065632905],[100.65761722473572,2.0840666406843873],[100.6575639,2.0840667]]],[[[100.6574741,2.0841572],[100.65747415808333,2.084209707336769],[100.65752672395621,2.0841571414638973],[100.6574741,2.0841572]]],[[[100.6573843,2.0842477],[100.6573843572466,2.084299508173504],[100.6574362231767,2.0842476422434073],[100.6573843,2.0842477]]],[[[100.6572945,2.0843383],[100.6572945564051,2.084389309014996],[100.65734562228583,2.084338243134276],[100.6572945,2.0843383]]],[[[100.7223852,2.0955719],[100.72238517375675,2.0955481498573016],[100.72233927138218,2.0955719510885626],[100.7223852,2.0955719]]],[[[100.72274465666582,2.0955322825633114],[100.7229245,2.0955713],[100.72292448699402,2.095559529582735],[100.72274465666582,2.0955322825633114]]],[[[100.72166648497603,2.095920803299164],[100.7217564,2.0959343],[100.72175633360787,2.095874215119688],[100.72166648497603,2.095920803299164]]],[[[100.7219361,2.0958436],[100.72193603079513,2.0957810388003653],[100.72181511751643,2.0958437345745087],[100.7219361,2.0958436]]],[[[100.7221157,2.095753],[100.72211562800257,2.095687914322435],[100.72198983546443,2.0957531400829557],[100.7221157,2.095753]]],[[[100.7222954,2.0956624],[100.72229532515267,2.0955947380223776],[100.72216455349859,2.09566254554672],[100.7222954,2.0956624]]],[[[101.1402202,2.1626792],[101.14022018116654,2.1626621745515164],[101.14020008909439,2.1626792223703064],[101.1402202,2.1626792]]],[[[101.1403099,2.1625886],[101.14030989718128,2.1625860518723425],[101.14030688611975,2.1625886067124283],[101.1403099,2.1625886]]],[[[101.1395919,2.1632225],[101.13959183985097,2.1631953126374577],[101.13955973434945,2.1632225536690495],[101.1395919,2.1632225]]],[[[101.1396816,2.163132],[101.1396815858015,2.1631191645582133],[101.13966643844003,2.1631320168649166],[101.1396816,2.163132]]],[[[101.1378864,2.1646715],[101.13788636778744,2.164642379842877],[101.13785200250781,2.164671538261949],[101.1378864,2.1646715]]],[[[101.1379761,2.1645809],[101.13797608380217,2.164566257163707],[101.13795878071262,2.164580938573023],[101.1379761,2.1645809]]],[[[101.1381558,2.1644903],[101.13815563100461,2.164413914082849],[101.13806548634568,2.164490400460127],[101.1381558,2.1644903]]],[[[101.1382455,2.1643997],[101.1382453972049,2.1643377488219984],[101.13817219110348,2.1643998630898698],[101.1382455,2.1643997]]],[[[101.13654,2.1658487],[101.1365399537944,2.1658069301380105],[101.1364918567998,2.1658487536115816],[101.13654,2.1658487]]],[[[101.1366298,2.1657582],[101.13662973515886,2.1657288593863036],[101.13659595015241,2.165758237652778],[101.1366298,2.1657582]]],[[[101.1367195,2.1656676],[101.13671948143711,2.1656508191443535],[101.13670015871175,2.165667621514225],[101.1367195,2.1656676]]],[[[101.1298977,2.1715539],[101.12989763614097,2.171496171431513],[101.12983242451052,2.171553972649404],[101.1298977,2.1715539]]],[[[101.1299875,2.1714633],[101.1299873967056,2.171416610931047],[101.1299345890568,2.1714634177106635],[101.1299875,2.1714633]]],[[[101.12935906332167,2.171973542794069],[101.12932160808883,2.172006741750458],[101.1293591,2.1720067],[101.12935906332167,2.171973542794069]]],[[[101.1294489,2.1719161],[101.12944886324239,2.171893947409804],[101.12942380759682,2.171916155822921],[101.1294489,2.1719161]]],[[[101.1290002,2.1723688],[101.12900002959564,2.1722917772330432],[101.12891298612813,2.172368929397436],[101.1290002,2.1723688]]],[[[101.1290899,2.1722783],[101.12908982686305,2.172212184200572],[101.12901514085968,2.1722783831581096],[101.1290899,2.1722783]]],[[[101.1291797,2.1721877],[101.12917957816794,2.172132631907607],[101.12911729342875,2.172187838835531],[101.1291797,2.1721877]]],[[[101.1292694,2.1720972],[101.129269351173,2.1720530603804042],[101.12921948999296,2.172097255517249],[101.1292694,2.1720972]]],[[[101.1091636,2.1901172],[101.10916357267186,2.1900924953582988],[101.10914308964693,2.1901172456800735],[101.1091636,2.1901172]]],[[[101.1092534,2.1900267],[101.10925335277773,2.1899840110637037],[101.10921799140702,2.1900267393866444],[101.1092534,2.1900267]]],[[[101.1086253,2.1907509],[101.10862529117128,2.1907429188381617],[101.10861867997768,2.1907509073637623],[101.1086253,2.1907509]]],[[[101.108715,2.1906603],[101.10871497152111,2.190634555082119],[101.10869362598609,2.190660347603594],[101.108715,2.1906603]]],[[[101.1088048,2.1905698],[101.10880475162698,2.190526070787532],[101.10876852854373,2.1905698403464475],[101.1088048,2.1905698]]],[[[101.1088945,2.1904793],[101.10889443194152,2.190417707074125],[101.10884341140297,2.1904793568915335],[101.1088945,2.1904793]]],[[[101.1056624,2.1928345],[101.1056623838536,2.192819903654229],[101.10562823694532,2.1928345380434906],[101.1056624,2.1928345]]],[[[101.10503368091568,2.19308934777048],[101.1051236,2.1931065],[101.10512353842634,2.193050837408769],[101.10503368091568,2.19308934777048]]],[[[101.1053032,2.1930158],[101.1053031536056,2.1929738594747956],[101.10520490950117,2.193015964090983],[101.1053032,2.1930158]]],[[[101.1015324,2.1957335],[101.10153233570935,2.1956753812562346],[101.10146410743006,2.195733575965039],[101.1015324,2.1957335]]],[[[101.1016221,2.1956429],[101.10162205128225,2.1955988591499427],[101.10157028187643,2.1956430154078475],[101.1016221,2.1956429]]],[[[101.0990182,2.1973644],[101.09901817162473,2.1973387487626064],[101.09897265414017,2.197364476036494],[101.0990182,2.1973644]]],[[[101.0991979,2.1972738],[101.09919781904627,2.197237208915653],[101.09913295315867,2.1972738722434277],[101.0991979,2.1972738]]],[[[101.0982095,2.197456],[101.09821642095194,2.1974559923014994],[101.09820948949906,2.1974465071554596],[101.0982095,2.197456]]],[[[100.9839308,2.296168],[100.98393070496772,2.296124997894358],[100.9838290761456,2.2961681131522296],[100.9839308,2.296168]]],[[[100.9841104,2.2960773],[100.98411036844804,2.296048777023919],[100.98404295889075,2.296077375017919],[100.9841104,2.2960773]]],[[[100.9843799,2.2959865],[100.9843798424278,2.2959344547294767],[100.98425673354691,2.2959866827395445],[100.9843799,2.2959865]]],[[[101.026461,2.3068673],[101.02646093936059,2.306812481971867],[101.0262773614761,2.3068675553372135],[101.026461,2.3068673]]],[[[101.0267305,2.3067765],[101.02673045036357,2.3067316286709714],[101.026580135625,2.3067767230925442],[101.0267305,2.3067765]]],[[[101.027,2.3066857],[101.02699996136656,2.3066507753700756],[101.02688296713593,2.3066858736392644],[101.027,2.3066857]]],[[[101.0273594,2.3065948],[101.02735934265596,2.3065429609832586],[101.0271857408377,2.3065950415287375],[101.0273594,2.3065948]]],[[[101.02511315709768,2.3071921163012186],[101.0252031,2.3072308],[101.02520305469842,2.307189847370518],[101.02511315709768,2.3071921163012186]]],[[[101.0255625,2.3071398],[101.0255624360984,2.307082032950525],[101.02536880166831,2.3071401232795523],[101.0255625,2.3071398]]],[[[101.0258321,2.307049],[101.02583199417153,2.307001165528587],[101.02567175321671,2.307049237815029],[101.0258321,2.307049]]],[[[101.0261016,2.3069582],[101.0261015161702,2.306920308928984],[101.02597458466623,2.3069583883801763],[101.0261016,2.3069582]]],[[[101.0096529,2.3069817],[101.00984712894835,2.3069814298623808],[101.00965277655001,2.306925900605713],[101.0096529,2.3069817]]],[[[101.0100125,2.3070716],[101.01016194864913,2.3070713783483145],[101.0100124525057,2.307028665164482],[101.0100125,2.3070716]]]]}},{"type":"Feature","geometry":{"type":"MultiPolygon","coordinates":[[[[100.72480186402085,2.1670998895837794],[100.72524988274596,2.1658333469419992],[100.72524957579509,2.1655620552857777],[100.72489052632785,2.1660146197907926],[100.7245326023633,2.1674619208131922],[100.72480186402085,2.1670998895837794]]],[[[100.72444281433651,2.1675524543719935],[100.7245326023633,2.1674619208131922],[100.72444271198188,2.1674620237834734],[100.72444281433651,2.1675524543719935]]],[[[100.72444301905864,2.167733315548694],[100.72453280708751,2.1676427819815194],[100.72444291669544,2.167642884960401],[100.72444301905864,2.167733315548694]]],[[[100.724173859641,2.168185777470332],[100.72426385245613,2.1682761050779527],[100.7242637500779,2.1681856744817387],[100.724173859641,2.168185777470332]]],[[[100.7241739620139,2.168276208070845],[100.72390459775791,2.168547808856895],[100.72390500727965,2.1689095313080453],[100.7241739620139,2.168276208070845]]],[[[100.72390500727965,2.1689095313080453],[100.72381532155886,2.1690904955430685],[100.72390521206621,2.169090392532941],[100.72390500727965,2.1689095313080453]]],[[[100.72372543104726,2.16909059854783],[100.72381552635187,2.1692713567761075],[100.72381532155886,2.1690904955430685],[100.72372543104726,2.16909059854783]]],[[[100.72363605249262,2.1695428546719584],[100.72372563582958,2.1692714597894662],[100.72363574530301,2.1692715627974595],[100.72363605249262,2.1695428546719584]]],[[[100.72336689282746,2.169995316888786],[100.723456680998,2.1699047832297618],[100.72336679042127,2.1699048862517403],[100.72336689282746,2.169995316888786]]],[[[100.72327720705566,2.1701762811920413],[100.72336689282746,2.169995316888786],[100.7232770022411,2.169995419909695],[100.72327720705566,2.1701762811920413]]],[[[100.72327720705566,2.1701762811920413],[100.72318752127535,2.1703572455066644],[100.72327741188732,2.1703571424739354],[100.72327720705566,2.1701762811920413]]],[[[100.72309763065911,2.1703573485340257],[100.7228286756435,2.1709906722173344],[100.72282898293284,2.171261964201392],[100.72318782853893,2.1706285374415457],[100.72309763065911,2.1703573485340257]]],[[[100.72273909224612,2.171262067250239],[100.72264930398278,2.171352600963432],[100.72264971373615,2.1717143236411682],[100.72282929026066,2.17153325618443],[100.72273909224612,2.171262067250239]]],[[[100.72255982301418,2.1717144267007513],[100.7226499186385,2.1718951849793555],[100.72264971373615,2.1717143236411682],[100.72255982301418,2.1717144267007513]]],[[[100.72247044452247,2.172166683142533],[100.72256023281462,2.172076149393854],[100.72247034206701,2.1720762524652457],[100.72247044452247,2.172166683142533]]],[[[100.72247044452247,2.172166683142533],[100.72238086114126,2.1724380782569144],[100.7224707519145,2.1724379751737155],[100.72247044452247,2.172166683142533]]],[[[100.72229117529177,2.172619042705474],[100.72238096360849,2.1725285089380435],[100.72229107282561,2.1725286120201637],[100.72229117529177,2.172619042705474]]],[[[100.72220159190738,2.1728904378546487],[100.7222912777622,2.172709473390671],[100.72220138696439,2.1727095764760067],[100.72220159190738,2.1728904378546487]]],[[[100.72211190604402,2.1730714023299766],[100.72220159190738,2.1728904378546487],[100.7221117010946,2.1728905409431998],[100.72211190604402,2.1730714023299766]]],[[[100.72202232265643,2.1733427975139374],[100.72211200852513,2.1731618330231948],[100.72202211769206,2.173161936119253],[100.72202232265643,2.1733427975139374]]],[[[100.72184325839122,2.173976018645036],[100.72202273263649,2.173704520301944],[100.72202232265643,2.1733427975139374],[100.72184284840263,2.1736142958240405],[100.72184325839122,2.173976018645036]]],[[[100.72175357250646,2.1741569831820127],[100.72184325839122,2.173976018645036],[100.72175336749721,2.1739761217636095],[100.72175357250646,2.1741569831820127]]],[[[100.72175357250646,2.1741569831820127],[100.72166398912739,2.1744283784434284],[100.72175388005239,2.174428275308766],[100.72175357250646,2.1741569831820127]]],[[[100.72157440575043,2.1746997737242015],[100.72166398912739,2.1744283784434284],[100.72157409819812,2.174428481572712],[100.72157440575043,2.1746997737242015]]],[[[100.72157440575043,2.1746997737242015],[100.72148482237556,2.1749711690243334],[100.7215747133412,2.174971065874671],[100.72157440575043,2.1746997737242015]]],[[[100.7213952390028,2.175242564343817],[100.72148482237556,2.1749711690243334],[100.72139493140567,2.174971272168615],[100.7213952390028,2.175242564343817]]],[[[100.7213952390028,2.175242564343817],[100.72130545054817,2.175333098224729],[100.72139534154374,2.1753329950686577],[100.7213952390028,2.175242564343817]]],[[[100.7210364952922,2.175966422851538],[100.72112648889708,2.1760567504183745],[100.72112638633803,2.175966319681567],[100.7210364952922,2.175966422851538]]],[[[100.72094680934309,2.176147387506796],[100.72067775144424,2.176690281540531],[100.7206780591565,2.1769615738122545],[100.72103690553267,2.176328145815254],[100.72094680934309,2.176147387506796]]],[[[100.7205884757651,2.1772329692860835],[100.72067826431936,2.177142435326168],[100.72058837318261,2.177142538525006],[100.7205884757651,2.1772329692860835]]],[[[100.72031982821227,2.1781375865963755],[100.7205884757651,2.1772329692860835],[100.72022932144095,2.177595105156554],[100.72014025099219,2.178318654602392],[100.72031982821227,2.1781375865963755]]],[[[100.72005056497622,2.178499619395239],[100.72014025099219,2.178318654602392],[100.72005035976021,2.178318757824678],[100.72005056497622,2.178499619395239]]],[[[100.71960346929417,2.1805800439906626],[100.72005066759063,2.1785900501803495],[100.71960234003201,2.17958530513986],[100.71942389186121,2.1807611122044865],[100.71960346929417,2.1805800439906626]]],[[[100.71933400045039,2.180761215499429],[100.7194243026213,2.181122835452937],[100.71942389186121,2.1807611122044865],[100.71933400045039,2.180761215499429]]],[[[100.71924482783521,2.181394334532591],[100.71897546152458,2.181665936957315],[100.71897576963582,2.1819372294547117],[100.71924482783521,2.181394334532591]]],[[[100.718706608641,2.1823896936339424],[100.71879711657957,2.182932175339348],[100.71897576963582,2.1819372294547117],[100.718706608641,2.1823896936339424]]],[[[100.71861764166248,2.18320367459808],[100.71870722501014,2.1829322786993917],[100.71861733343643,2.182932382054036],[100.71861764166248,2.18320367459808]]],[[[100.718349097181,2.1841987241289775],[100.71861825822978,2.1837462596830894],[100.71861764166248,2.18320367459808],[100.718349097181,2.1841987241289775]]],[[[100.71825941107133,2.1843796892492424],[100.71799086670286,2.1853747390546343],[100.71799138082216,2.1858268934287097],[100.7183497139332,2.1847413092835963],[100.71825941107133,2.1843796892492424]]],[[[100.71790200324149,2.1862791512698836],[100.71799148365879,2.185917324303183],[100.71790159187374,2.1859174277559985],[100.71790200324149,2.1862791512698836]]],[[[100.71781211143066,2.1862792547344267],[100.71790231181207,2.1865504439041006],[100.71790200324149,2.1862791512698836],[100.71781211143066,2.1862792547344267]]],[[[100.71772283673062,2.1868219435123697],[100.71781252284515,2.1866409782636214],[100.71772263100854,2.1866410817398907],[100.71772283673062,2.1868219435123697]]],[[[100.71772283673062,2.1868219435123697],[100.7176333563528,2.187183770552517],[100.71772324822594,2.187183667055958],[100.71772283673062,2.1868219435123697]]],[[[100.71754387599594,2.187545597619693],[100.7176333563528,2.187183770552517],[100.71754346447543,2.187183874043667],[100.71754387599594,2.187545597619693]]],[[[100.7170059649201,2.188812251417159],[100.7170957540006,2.1887217169677533],[100.71700586200619,2.1887218204992305],[100.7170059649201,2.188812251417159]]],[[[100.71700617076075,2.188993113252676],[100.71691607291606,2.1888123549475047],[100.71655722518564,2.1894457855868845],[100.71655753396175,2.1897170784018027],[100.71700617076075,2.188993113252676]]],[[[100.71593045103269,2.1916168534153226],[100.71655763689563,2.189807509339879],[100.71619858315745,2.1902600782830843],[100.71619899493466,2.1906218021004418],[100.71592983320822,2.1910742676191215],[100.71593045103269,2.1916168534153226]]],[[[100.7157508725382,2.191797922554203],[100.71584107375448,2.192069111861756],[100.71593055401833,2.1917072843809557],[100.7157508725382,2.191797922554203]]],[[[100.71566159822869,2.1923406120176594],[100.71575118150115,2.1920692154757453],[100.71566128924356,2.192069319084312],[100.71566159822869,2.1923406120176594]]],[[[100.71557170595067,2.1923407156336383],[100.71548201965821,2.1925216812162986],[100.71548232867487,2.192792974173597],[100.71566190725214,2.192611904949977],[100.71557170595067,2.1923407156336383]]],[[[100.71512440778635,2.1942402846757463],[100.71548232867487,2.192792974173597],[100.71512358345461,2.1935168366651068],[100.71494524131136,2.194783078071315],[100.71512492313205,2.1946924396786742],[100.71512440778635,2.1942402846757463]]],[[[100.71342263615486,2.1996681182586677],[100.71413868285673,2.1969543561685807],[100.71431826182841,2.196773286596656],[100.71458680528083,2.1957782340682965],[100.71413806417247,2.196411769899721],[100.71413847661162,2.19677349407942],[100.71395879448743,2.1968641325936358],[100.71395931009937,2.1973162878578463],[100.71342201696423,2.1991255318053273],[100.71342263615486,2.1996681182586677]]],[[[100.71333315619027,2.2000299464021698],[100.71342263615486,2.1996681182586677],[100.71333274333308,2.1996682220851485],[100.71333315619027,2.2000299464021698]]],[[[100.71315357692319,2.2002110162478963],[100.71297420405769,2.2005729482966494],[100.71297461699842,2.200934672677429],[100.71315419632269,2.200753602769872],[100.71315378337268,2.200391878422347],[100.71333346587782,2.2003012396387303],[100.71315357692319,2.2002110162478963]]],[[[100.71163117946624,2.2052769254921447],[100.7119003423078,2.2048244578076908],[100.71252649453751,2.202110796420818],[100.7129748234943,2.2011155348671294],[100.71270535117318,2.20129670866852],[100.71225712527966,2.202382401448977],[100.71225764167484,2.202834557083999],[100.71180941575689,2.203920250323913],[100.71172055589818,2.20482466575684],[100.71136180979562,2.2055485309209986],[100.71127336394578,2.2068146712715158],[100.71145294378931,2.2066336008687566],[100.71145242674564,2.2061814450658],[100.71163190313565,2.2059099435637863],[100.71163117946624,2.2052769254921447]]],[[[100.71019836686372,2.210071443145417],[100.71091492811857,2.2078098304062412],[100.71127439832823,2.2077189829518415],[100.71109409432191,2.2072670352163364],[100.71082462097775,2.2074482097087182],[100.71055607842553,2.2084432650133503],[100.71037649834126,2.2086243355582726],[100.71037691216588,2.2089860603932148],[100.70992878954698,2.210162186720467],[100.71001930422416,2.2107046699484267],[100.71019888444046,2.210523599222231],[100.71019836686372,2.210071443145417]]],[[[100.70885596812757,2.2153180184091488],[100.70903420134442,2.213961340841728],[100.70921367824302,2.2136898385856174],[100.70921316022263,2.213237682294513],[100.70939284427809,2.2131470426079294],[100.70957107822049,2.211790365521407],[100.70975065856221,2.2116092947077037],[100.70983993101525,2.2110666031495105],[100.710019614814,2.2109759636180266],[100.7099295140997,2.210795205315942],[100.70957035349316,2.2111573468154373],[100.70885410276789,2.21369025547824],[100.70876514134753,2.2145042411961904],[100.70858566434138,2.214775743535037],[100.70858628618264,2.2153183312512112],[100.7084067054907,2.215499402373363],[100.70840712012672,2.215861127548325],[100.70876721470891,2.21631286673709],[100.70885690132283,2.2161318998605632],[100.7086770095713,2.216041677223677],[100.70867649116275,2.2155895208197474],[100.70885596812757,2.2153180184091488]]],[[[100.70760263700785,2.2198410443990393],[100.70796086481282,2.2186650196186206],[100.70813909698117,2.2173083412706913],[100.70849773996822,2.216494042280427],[100.70813826736494,2.21658489083148],[100.70777993525351,2.2176704838669004],[100.70778055761467,2.2182130717908897],[100.70760097667083,2.2183941431562055],[100.70751232753429,2.21947942349643],[100.7071540995893,2.220655448583555],[100.70715493025156,2.2213788993558197],[100.70697534908659,2.2215599709937917],[100.706975868376,2.222012127764101],[100.70715586507083,2.2221927814657523],[100.70733565400327,2.2221925724381055],[100.70760263700785,2.2198410443990393]]],[[[100.70653055301865,2.225629905048807],[100.7068875323278,2.2233687026075564],[100.70715659238984,2.222825800878098],[100.70697638777135,2.2224642845315112],[100.70679670265308,2.222554924902371],[100.70661836824988,2.223821173068154],[100.70634941195647,2.2244545063651118],[100.70643972243383,2.224816127300904],[100.70617118213904,2.2258111863056302],[100.70626149291733,2.2261728072156837],[100.7066209678579,2.2260819572438275],[100.70653055301865,2.225629905048807]]],[[[100.70635169976305,2.226443996706514],[100.70599253676406,2.226806140876484],[100.70581357945731,2.2275298013929254],[100.70581378757734,2.227710664196713],[100.70617367929192,2.2279815395649822],[100.70626253332537,2.227077121034685],[100.70653159333675,2.2265342187471227],[100.70635169976305,2.226443996706514]]],[[[100.70474359096711,2.2351272987631865],[100.70492296430317,2.234765363076533],[100.70581514077043,2.2288862724099983],[100.70599461826814,2.2286147687418736],[100.70626430299122,2.2286144545003257],[100.70608430494245,2.228433801224265],[100.70563493448455,2.2285247562442487],[100.7051872295039,2.2300626140401283],[100.70492056561132,2.2326854400355187],[100.70474108789243,2.232956944091332],[100.70465286101141,2.2344039521444],[100.70429505310612,2.23594170670905],[100.70438651444412,2.2372980736029704],[100.7047459920346,2.2372072219273704],[100.70474359096711,2.2351272987631865]]],[[[100.70575298468812,2.252850695248968],[100.70674110789352,2.252216511136159],[100.7067408973673,2.2520356484807933],[100.7062915210131,2.25212660918678],[100.70584130294168,2.2514941188312516],[100.70547993060454,2.2499572083889423],[100.70502960904224,2.24923428557259],[100.7048484518121,2.2480588883769217],[100.70466834468202,2.247787805235448],[100.7046675053568,2.2470643537825277],[100.70439708296614,2.246431650210989],[100.70448655963978,2.246069818964681],[100.70421540434829,2.244804094960039],[100.70421184477307,2.2417294253794253],[100.70438923092799,2.239649291457615],[100.70456849956246,2.2391969238990175],[100.70456693216336,2.2378404521881863],[100.70474630538237,2.2374785162485837],[100.70438672330286,2.2374789365176677],[100.7041180810813,2.2383835663553473],[100.70420881252991,2.2391069129832664],[100.70402923023366,2.239287986159471],[100.7038511112191,2.240735100057845],[100.7038569728133,2.245799262671854],[100.70403686972944,2.245889483296382],[100.70403802284092,2.24688422938623],[100.70430813068432,2.2472456387295883],[100.7042193884853,2.248240490213493],[100.70439949569354,2.2485115734300702],[100.70458107303456,2.2500486966383444],[100.70494139363642,2.2506812938667173],[100.70494181400876,2.251043019524331],[100.70512171177646,2.2511332394645187],[100.70548276941467,2.2523988558778725],[100.70539318862147,2.2526702558723404],[100.70575298468812,2.252850695248968]]],[[[100.70917580222735,2.2586342657681158],[100.7088148421156,2.257459085224487],[100.70854483561708,2.2571881102994467],[100.70845441110053,2.256736060333812],[100.70719311773199,2.2543863329142897],[100.70674163428319,2.2526686677725167],[100.70629278414313,2.2532117853658455],[100.70656415871271,2.254658368943926],[100.70674405704023,2.2547485882619203],[100.70674437321729,2.255019882234213],[100.70746502161819,2.256285071896143],[100.70800619546272,2.257821766463983],[100.70836609874758,2.2580926352060646],[100.70854684299961,2.2589063037608605],[100.7095363404177,2.2594477210156994],[100.70953602310107,2.2591764274568544],[100.70917580222735,2.2586342657681158]]],[[[100.73646684460186,2.1488195934622207],[100.73664621330077,2.148457667762939],[100.73862151403658,2.1464659466676235],[100.73880129097635,2.1464657410393384],[100.74059701410147,2.1446550868239656],[100.74113603692173,2.1443831802551188],[100.74203379404932,2.1433874239345214],[100.74221357030223,2.143387218198156],[100.74248282559127,2.143025190554045],[100.74266260175878,2.1430249847994287],[100.74293185688356,2.1426629572130618],[100.74409958257968,2.1419381819280106],[100.74427905155677,2.1416666870927252],[100.74472828647882,2.1414853131760947],[100.74490775529702,2.141213818399823],[100.74589590742174,2.140670108345448],[100.74607537594427,2.140398613676551],[100.74643482459868,2.140307772241081],[100.74697353670142,2.1397645770802365],[100.74769233082276,2.1394924645632742],[100.74805147169599,2.1391303345432537],[100.74832113445598,2.1391300254798535],[100.74868027504574,2.1387678955017053],[100.7489499376515,2.138767586379531],[100.74903962031398,2.138586624452667],[100.75038721509424,2.1379520725693517],[100.75047689754987,2.137771110734737],[100.75074655972159,2.137770801439232],[100.75110569921978,2.1374086716161806],[100.75209404959405,2.137045819920447],[100.75218373180182,2.1368648581927605],[100.75272295273685,2.1367738099525346],[100.75451967008327,2.135867453659681],[100.75514877696149,2.1357763017296905],[100.75622680511083,2.1352324875662094],[100.75685591108304,2.135141335230683],[100.75712526368483,2.134869738043473],[100.75748481127759,2.1348693246347703],[100.75766437954945,2.1346882598529695],[100.75649615791708,2.134960890385099],[100.75640647634981,2.1351418518592644],[100.75613671278234,2.135051732676081],[100.7560470311591,2.1352326941683137],[100.75541813012966,2.1355047045042976],[100.75424990619071,2.1357773341577944],[100.75362110667054,2.1361397734168763],[100.75326155803441,2.1361401861622697],[100.75245318848714,2.1366836901784825],[100.75083593468909,2.137318551570607],[100.75029712274701,2.137771316905304],[100.74930877067301,2.138134168167753],[100.74876995775281,2.138586933564545],[100.74760203367592,2.139130849543109],[100.74742256553431,2.1394023440525682],[100.74715290259684,2.1394026529964627],[100.74697343434043,2.139674147543496],[100.7466139859386,2.1397649889587105],[100.74616505902071,2.14021765156573],[100.7447277749634,2.141033164957753],[100.74418906134325,2.1415763603335316],[100.74293155010845,2.1423916680258692],[100.74266229497917,2.1427536955744695],[100.74212327320437,2.143025601999675],[100.73942959013775,2.145651152126975],[100.73924981335337,2.1456513577515173],[100.73880108657737,2.1462848811913826],[100.73844163489898,2.1463757223334103],[100.73763355777895,2.1471905170817056],[100.73763376212699,2.1473713770401064],[100.73745398496948,2.1473715826170134],[100.73709483922384,2.14773371372652],[100.73709504356029,2.14791457373556],[100.73637664938396,2.148548406139267],[100.73637685371348,2.1487292662155757],[100.73601750312744,2.148910537420966],[100.73601780961653,2.1491818275858634],[100.73646684460186,2.1488195934622207]]],[[[100.73601780961653,2.1491818275858634],[100.73592802302306,2.149272360427014],[100.73601791178818,2.149272257640604],[100.73601780961653,2.1491818275858634]]],[[[100.73520993422488,2.150177483457656],[100.73592802302306,2.149272360427014],[100.73574824547991,2.1492725659838867],[100.73538909892363,2.149634697372867],[100.73520993422488,2.150177483457656]]],[[[100.73503015650711,2.150177689016006],[100.73458142716898,2.1508112136756132],[100.73520993422488,2.150177483457656],[100.73503015650711,2.150177689016006]]],[[[100.7343121690052,2.151173242523329],[100.73458163150248,2.1509920739194017],[100.73458142716898,2.1508112136756132],[100.73422217789087,2.1510829151606385],[100.7339531239146,2.151625804354026],[100.73431237334141,2.151354102792167],[100.7343121690052,2.151173242523329]]],[[[100.733863234913,2.151625907130583],[100.73359397648879,2.1519879361016585],[100.73359418081783,2.152168796437651],[100.73395332825154,2.1518066646563327],[100.733863234913,2.151625907130583]]],[[[100.73314514412587,2.15253103104753],[100.7326965158192,2.153254986535277],[100.73269672016283,2.1534358469545527],[100.73314565497753,2.152983181991349],[100.73359418081783,2.152168796437651],[100.73314514412587,2.15253103104753]]],[[[100.73260693316813,2.153526379956803],[100.73269672016283,2.1534358469545527],[100.73260683099515,2.1534359497430136],[100.73260693316813,2.153526379956803]]],[[[100.73251704399085,2.153526482744258],[100.73242725697598,2.1536170157487033],[100.73242746132226,2.153797876193001],[100.732607137527,2.153707240384045],[100.73251704399085,2.153526482744258]]],[[[100.7323376742948,2.1538884092090615],[100.73242746132226,2.153797876193001],[100.73233757212049,2.1537979789827624],[100.7323376742948,2.1538884092090615]]],[[[100.7323376742948,2.1538884092090615],[100.73108106348229,2.1555175929091153],[100.73090189783589,2.1560603802453],[100.7323376742948,2.1538884092090615]]],[[[100.73063263835125,2.15642240987199],[100.73072262999189,2.156512737359046],[100.73072252778833,2.1564223070582953],[100.73063263835125,2.15642240987199]]],[[[100.73063274054951,2.1565128401770575],[100.73036327657421,2.1566940092347715],[100.73036348096898,2.156874869870006],[100.73063294495891,2.156693700786852],[100.73063274054951,2.1565128401770575]]],[[[100.73027359148821,2.156874972683939],[100.73018380419637,2.1569655058186155],[100.73018400859571,2.1571463664704322],[100.73036368538094,2.1570557305047897],[100.73027359148821,2.156874972683939]]],[[[100.73018421301222,2.157327227121798],[100.73009411909045,2.1571464692866393],[100.72982475711645,2.157418068731892],[100.72973537858338,2.157870323273417],[100.73018421301222,2.157327227121798]]],[[[100.72946632311552,2.1584132138838834],[100.72946611868085,2.1582323531662087],[100.72973558301555,2.1580511839661174],[100.72973537858338,2.157870323273417],[100.72937612687198,2.158142025628162],[100.72946632311552,2.1584132138838834]]],[[[100.72928674831408,2.158594280280809],[100.72937643350163,2.158413316717779],[100.72928654388346,2.158413419546337],[100.72928674831408,2.158594280280809]]],[[[100.72892780302351,2.1591372738803365],[100.72901759047402,2.159046740659205],[100.72892770080153,2.159046843496587],[100.72892780302351,2.1591372738803365]]],[[[100.72874833031486,2.1594087707241396],[100.72892800748033,2.159318134647497],[100.72892780302351,2.1591372738803365],[100.72874812587068,2.1592279099399607],[100.72874833031486,2.1594087707241396]]],[[[100.72865854283148,2.1594993039589743],[100.72874833031486,2.1594087707241396],[100.72865844060826,2.1594088735627435],[100.72865854283148,2.1594993039589743]]],[[[100.72865854283148,2.1594993039589743],[100.72767149317531,2.161037752403002],[100.72767169766362,2.1612186132860915],[100.72785137512244,2.1611279771158443],[100.72865854283148,2.1594993039589743]]],[[[100.72758180779931,2.161218716146762],[100.72767200442823,2.16148990460988],[100.72767169766362,2.1612186132860915],[100.72758180779931,2.161218716146762]]],[[[100.7272230662114,2.161942571236126],[100.72731285387603,2.161852037904567],[100.72722296395736,2.1618521407740037],[100.7272230662114,2.161942571236126]]],[[[100.72695390766847,2.16239503219879],[100.72713338079343,2.162123535037043],[100.7272230662114,2.161942571236126],[100.72704338859828,2.162033207438194],[100.72695390766847,2.16239503219879]]],[[[100.72686401770078,2.162395135072675],[100.72695411220036,2.162575893147406],[100.72695390766847,2.16239503219879],[100.72686401770078,2.162395135072675]]],[[[100.72632610936674,2.1636617792564254],[100.72686422222203,2.162575996029904],[100.72632580253271,2.163390487746984],[100.72632610936674,2.1636617792564254]]],[[[100.7262364238614,2.1638427431674736],[100.72632621165332,2.163752209759347],[100.72623632157585,2.1637523126603604],[100.7262364238614,2.1638427431674736]]],[[[100.72596726499951,2.164295204449746],[100.72605705282542,2.1642046710238083],[100.7259671627085,2.1642047739302863],[100.72596726499951,2.164295204449746]]],[[[100.72596726499951,2.164295204449746],[100.72587747716294,2.164385737878825],[100.7259673672948,2.1643856349690926],[100.72596726499951,2.164295204449746]]],[[[100.72524957579509,2.1655620552857777],[100.72587747716294,2.164385737878825],[100.72533895450037,2.1651097996164714],[100.72524957579509,2.1655620552857777]]],[[[100.75142196813131,2.2546047818303694],[100.7515117543228,2.254514243870062],[100.75142185999651,2.2545143526488456],[100.75142196813131,2.2546047818303694]]],[[[100.75133207379515,2.2546048906079443],[100.75142207627047,2.254695211011775],[100.75142196813131,2.2546047818303694],[100.75133207379515,2.2546048906079443]]],[[[100.75124250385187,2.2548762869500094],[100.75133229006671,2.254785748979372],[100.75124239571511,2.254785857760105],[100.75124250385187,2.2548762869500094]]],[[[100.75124250385187,2.2548762869500094],[100.75115271762594,2.254966824923685],[100.75124261199298,2.2549667161397955],[100.75124250385187,2.2548762869500094]]],[[[100.7510629313889,2.255057362900399],[100.75115271762594,2.254966824923685],[100.75106282325456,2.254966933701998],[100.7510629313889,2.255057362900399]]],[[[100.7510629313889,2.255057362900399],[100.75097314514079,2.255147900880151],[100.75106303952762,2.2551477920986835],[100.7510629313889,2.255057362900399]]],[[[100.7508833588816,2.25523843886294],[100.75097314514079,2.255147900880151],[100.75088325074962,2.255148009656041],[100.7508833588816,2.25523843886294]]],[[[100.7508833588816,2.25523843886294],[100.75079357261131,2.255328976848765],[100.75088346701791,2.2553288680697214],[100.7508833588816,2.25523843886294]]],[[[100.75070367820035,2.255329085622231],[100.75079368074643,2.2554194060597936],[100.75079357261131,2.255328976848765],[100.75070367820035,2.255329085622231]]],[[[100.75007528204969,2.256053280844587],[100.75070378632994,2.2554195148376253],[100.74971570406326,2.2560537158661145],[100.75007528204969,2.256053280844587]]],[[[100.74971570406326,2.2560537158661145],[100.74827814761578,2.2566884603826316],[100.74486344346201,2.2577777403553725],[100.74468386951769,2.2579588164036304],[100.74432429002401,2.2579592504513664],[100.74216810463125,2.259047008361849],[100.74198863783738,2.259318514086942],[100.74360599348628,2.2586835547247195],[100.74468397740135,2.2580492459075954],[100.74504355684792,2.258048811753099],[100.74576228375798,2.2576862253683503],[100.74621175768434,2.2576856824132463],[100.74666079957451,2.2573234216831515],[100.74782921462297,2.2571411505050247],[100.74818836103941,2.2567789984010735],[100.74935655835795,2.2564158679172928],[100.74971570406326,2.2560537158661145]]],[[[100.74171906034952,2.2594092689695944],[100.74189885053373,2.2594090521418226],[100.74198863783738,2.259318514086942],[100.74171906034952,2.2594092689695944]]],[[[100.74153948566936,2.2595903450833164],[100.741629273015,2.259499807024966],[100.74153937790652,2.2594999154292235],[100.74153948566936,2.2595903450833164]]],[[[100.741449590551,2.2595904534863283],[100.74135958767658,2.2595001322209733],[100.74135969542833,2.2595905618837513],[100.741449590551,2.2595904534863283]]],[[[100.741449590551,2.2595904534863283],[100.74153959343654,2.259680774737291],[100.74153948566936,2.2595903450833164],[100.741449590551,2.2595904534863283]]],[[[100.74118012066421,2.2597716380044],[100.7412701235658,2.2598619592762366],[100.74127001580665,2.259771529609471],[100.74118012066421,2.2597716380044]]],[[[100.74109054877452,2.2600430354197347],[100.7411802284178,2.259862067675508],[100.74109033326548,2.2598621760691904],[100.74109054877452,2.2600430354197347]]],[[[100.74109054877452,2.2600430354197347],[100.74100076136223,2.260133573495947],[100.74109065653553,2.2601334650948304],[100.74109054877452,2.2600430354197347]]],[[[100.74091086618458,2.2601336818914737],[100.74100086912199,2.2602240031752654],[100.74100076136223,2.260133573495947],[100.74091086618458,2.2601336818914737]]],[[[100.74082118650426,2.260314649657294],[100.7409109739388,2.260224111575133],[100.74082107875128,2.2602242199694107],[100.74082118650426,2.260314649657294]]],[[[100.74082118650426,2.260314649657294],[100.7407313990586,2.2604051877424283],[100.74082129426156,2.2604050793450594],[100.74082118650426,2.260314649657294]]],[[[100.74028235391806,2.2607674484994553],[100.74046214440732,2.2607672317203162],[100.7407313990586,2.2604051877424283],[100.74019235093127,2.260677127162964],[100.73983330851627,2.2611297092883853],[100.7400130990932,2.261129492530454],[100.74028235391806,2.2607674484994553]]],[[[100.7397435209508,2.2612202473977394],[100.73983330851627,2.2611297092883853],[100.7397434132213,2.2611298176589623],[100.7397435209508,2.2612202473977394]]],[[[100.7397435209508,2.2612202473977394],[100.73965373337421,2.2613107855100596],[100.73974362868461,2.261310677136399],[100.7397435209508,2.2612202473977394]]],[[[100.73965394884365,2.2614916449957003],[100.7395638380595,2.261310893878127],[100.73911500768116,2.261854014246217],[100.73929479841617,2.261853797508376],[100.73965394884365,2.2614916449957003]]],[[[100.73875607244125,2.2623970263662305],[100.73893564781072,2.262215950068441],[100.73875574928086,2.262125737011029],[100.73875607244125,2.2623970263662305]]],[[[100.73866617701663,2.2623971347303953],[100.73839681384933,2.262668749195478],[100.73839702929259,2.262849608798996],[100.7387562879031,2.262577885935774],[100.73866617701663,2.2623971347303953]]],[[[100.73839702929259,2.262849608798996],[100.7383072415454,2.262940146968368],[100.73839713702068,2.262940038600577],[100.73839702929259,2.262849608798996]]],[[[100.73758958553312,2.2642070314649962],[100.73830745700342,2.2631210065798455],[100.7383072415454,2.262940146968368],[100.73794798272786,2.2632118698526096],[100.73758926233081,2.2639357419478476],[100.73731979102239,2.264116926730493],[100.73723032631345,2.2644787545117717],[100.73758958553312,2.2642070314649962]]],[[[100.73624341294878,2.2661076845026766],[100.73696150127691,2.2652025185479334],[100.73723032631345,2.2644787545117717],[100.73678138671134,2.2649314456851584],[100.73678170990564,2.2652027353153654],[100.73642245027766,2.265474458464105],[100.73624341294878,2.2661076845026766]]],[[[100.73624341294878,2.2661076845026766],[100.73615373266776,2.266288652698802],[100.73624362845258,2.2662885443051533],[100.73624341294878,2.2661076845026766]]],[[[100.7360640523774,2.2664696209061654],[100.73615373266776,2.266288652698802],[100.73606383687864,2.2662887610868454],[100.7360640523774,2.2664696209061654]]],[[[100.7360640523774,2.2664696209061654],[100.73552564714207,2.2672841405834694],[100.73579522698441,2.267193385439071],[100.7360640523774,2.2664696209061654]]],[[[100.75766437954945,2.1346882598529695],[100.75784405052808,2.1345976240990625],[100.75766427680679,2.134597830829916],[100.75766437954945,2.1346882598529695]]],[[[100.75848994405388,2.2263823683139385],[100.75857930028609,2.2259301161173766],[100.7584894080445,2.225930223950987],[100.75848994405388,2.2263823683139385]]],[[[100.75840026620392,2.226563333917103],[100.75849048017238,2.2268345126739817],[100.75849015848819,2.2265632260583046],[100.75840026620392,2.226563333917103]]],[[[100.75831101725728,2.227106015053314],[100.75840058787169,2.226834620545934],[100.75831069556665,2.226834728412379],[100.75831101725728,2.227106015053314]]],[[[100.75831101725728,2.227106015053314],[100.75822144664494,2.2273774095804457],[100.75831133898721,2.2273773016932017],[100.75831101725728,2.227106015053314]]],[[[100.75813198328885,2.2277392330154733],[100.7582215538915,2.2274678384645594],[100.7581316615394,2.227467946350678],[100.75813198328885,2.2277392330154733]]],[[[100.75813198328885,2.2277392330154733],[100.7580425199544,2.228101056478199],[100.75813241234921,2.2281009485669023],[100.75813198328885,2.2277392330154733]]],[[[100.75795294936346,2.228372451072637],[100.7580425199544,2.228101056478199],[100.75795262755521,2.2281011643839856],[100.75795294936346,2.228372451072637]]],[[[100.75795294936346,2.228372451072637],[100.75786337877456,2.2286438456868156],[100.75795327121098,2.22864373776024],[100.75795294936346,2.228372451072637]]],[[[100.75777348633378,2.22864395360788],[100.75786380794375,2.2290055612861877],[100.75786337877456,2.2286438456868156],[100.75777348633378,2.22864395360788]]],[[[100.75768423760286,2.229186634974388],[100.75777391548105,2.229005669224785],[100.757684023014,2.229005777157869],[100.75768423760286,2.229186634974388]]],[[[100.75759466702004,2.229458029647778],[100.75768434490384,2.229277063882473],[100.75759445241597,2.2292771718231927],[100.75759466702004,2.229458029647778]]],[[[100.75741520391526,2.2297295322925046],[100.75750552573021,2.2300911400048027],[100.75759477432864,2.2295484585598957],[100.75741520391526,2.2297295322925046]]],[[[100.7573259552837,2.2302722137863347],[100.75741563318428,2.2300912479739363],[100.75732574063399,2.2300913559375544],[100.7573259552837,2.2302722137863347]]],[[[100.7573259552837,2.2302722137863347],[100.75723638470895,2.2305436085386416],[100.75732627729101,2.23054350055863],[100.7573259552837,2.2302722137863347]]],[[[100.75714659945602,2.2306341454457654],[100.75723681409116,2.230905324250932],[100.75723649204795,2.2306340374668894],[100.75714659945602,2.2306341454457654]]],[[[100.7570573509196,2.231176827038739],[100.75714702883376,2.2309958611751153],[100.75705713621554,2.230995969166001],[100.7570573509196,2.231176827038739]]],[[[100.7569677803584,2.2314482218542433],[100.75705745827817,2.2312672559749323],[100.75696756563913,2.2312673639734437],[100.7569677803584,2.2314482218542433]]],[[[100.75687820979917,2.2317196166894666],[100.7569677803584,2.2314482218542433],[100.75687788770404,2.231448329855999],[100.75687820979917,2.2317196166894666]]],[[[100.75687820979917,2.2317196166894666],[100.75678874662329,2.2320814404926907],[100.75687863932045,2.2320813324657895],[100.75687820979917,2.2317196166894666]]],[[[100.75669917607561,2.232352835371372],[100.75678874662329,2.2320814404926907],[100.7566988539218,2.232081548514072],[100.75669917607561,2.232352835371372]]],[[[100.75669917607561,2.232352835371372],[100.7566097129308,2.232714659225996],[100.75669960567508,2.2327145511794733],[100.75669917607561,2.232352835371372]]],[[[100.75651982018215,2.232714767266996],[100.75660992774573,2.2328955171381066],[100.7566097129308,2.232714659225996],[100.75651982018215,2.232714767266996]]],[[[100.75643067928084,2.233347878054137],[100.7565202498075,2.233076483108271],[100.75643035703253,2.2330765911612684],[100.75643067928084,2.233347878054137]]],[[[100.75643067928084,2.233347878054137],[100.75634089390438,2.233438415083188],[100.75643078670566,2.2334383070181945],[100.75643067928084,2.233347878054137]]],[[[100.75625186056646,2.234161954920976],[100.75634121618855,2.233709701987795],[100.75625132336643,2.2337098100604034],[100.75625186056646,2.234161954920976]]],[[[100.75625186056646,2.234161954920976],[100.75616218261204,2.2343429209621255],[100.75625207547698,2.2343428128643876],[100.75625186056646,2.234161954920976]]],[[[100.7560727195722,2.23470474497479],[100.75616239752904,2.234523778913828],[100.75607250464876,2.2345238870147974],[100.7560727195722,2.23470474497479]]],[[[100.75589400854544,2.2356092510581935],[100.75598368650074,2.2354282849493208],[100.7558937935568,2.2354283930830228],[100.75589400854544,2.2356092510581935]]],[[[100.75571486762706,2.2361520413017684],[100.75580497567111,2.2363327911261566],[100.7558047606237,2.2361519331440993],[100.75571486762706,2.2361520413017684]]],[[[100.75562561975457,2.236694723451211],[100.75571540525075,2.236604186277925],[100.75562551222225,2.236604294451953],[100.75562561975457,2.236694723451211]]],[[[100.75553658708766,2.2374182636489617],[100.75562615748153,2.2371468684457474],[100.75553626441568,2.23714697664051],[100.75553658708766,2.2374182636489617]]],[[[100.75544723184723,2.237870516884956],[100.75553690979885,2.23768955065636],[100.75544701669564,2.2376896588718536],[100.75544723184723,2.237870516884956]]],[[[100.75535809185797,2.2385036281764825],[100.7554476622027,2.2382322329097564],[100.75535776906212,2.2382323411459795],[100.75535809185797,2.2385036281764825]]],[[[100.75526884437286,2.239046310504409],[100.75535841469305,2.2387749152059326],[100.75526852151508,2.2387750234628814],[100.75526884437286,2.239046310504409]]],[[[100.75517959697422,2.239588992875106],[100.75526916726986,2.239317597544883],[100.7551792740545,2.239317705822556],[100.75517959697422,2.239588992875106]]],[[[100.75508991902856,2.2397699592035716],[100.75518002759483,2.2399507089435335],[100.7551798122758,2.239769850909554],[100.75508991902856,2.2397699592035716]]],[[[100.75500131782033,2.2408552157939337],[100.75509078036515,2.2404933913716913],[100.75500088706949,2.24049349969518],[100.75500131782033,2.2408552157939337]]],[[[100.75491196300732,2.2413074692720727],[100.75500142551894,2.2409456448183303],[100.75491153219137,2.2409457531581576],[100.75491196300732,2.2413074692720727]]],[[[100.75482250051695,2.241669293753405],[100.75491271710294,2.2419404724669136],[100.75491239389295,2.241669185384113],[100.75482250051695,2.241669293753405]]],[[[100.75473325352962,2.242211976334208],[100.75482303919448,2.242121438912699],[100.75473314578656,2.2421215472983254],[100.75473325352962,2.242211976334208]]],[[[100.75473346902882,2.2423928344056216],[100.75482325469599,2.2423022969755952],[100.75473336127703,2.242302405369973],[100.75473346902882,2.2423928344056216]]],[[[100.75464400662861,2.2427546589577503],[100.75473411563095,2.242935408617048],[100.75473390007949,2.242754550547042],[100.75464400662861,2.2427546589577503]]],[[[100.75455497539559,2.243478199710131],[100.75464443772692,2.2431163751147967],[100.75455454424963,2.24311648353746],[100.75455497539559,2.243478199710131]]],[[[100.75446551308546,2.2438400243330405],[100.75455519099471,2.2436590577957625],[100.75446529747997,2.2436591662391274],[100.75446551308546,2.2438400243330405]]],[[[100.75437648210743,2.2445635651855604],[100.75446605217545,2.244292169565767],[100.75437615861773,2.2442922780342074],[100.75437648210743,2.2445635651855604]]],[[[100.75428691204115,2.2448349608249942],[100.75437669778901,2.2447444232858755],[100.75428680419935,2.244744531770638],[100.75428691204115,2.2448349608249942]]],[[[100.7541974498303,2.245196785542327],[100.75428723559268,2.245106247987358],[100.75419734197659,2.2451063564840648],[100.7541974498303,2.245196785542327]]],[[[100.75419766555079,2.2453776436584962],[100.75428745131549,2.245287106095014],[100.75419755768837,2.24528721460047],[100.75419766555079,2.2453776436584962]]],[[[100.75410809551059,2.24564903934927],[100.754198097044,2.245739359889427],[100.75419798916415,2.2456489308318703],[100.75410809551059,2.24564903934927]]],[[[100.75401874124016,2.2461012931914652],[100.75410852703396,2.246010755596289],[100.75401863335395,2.2460108641256302],[100.75401874124016,2.2461012931914652]]],[[[100.75392960283702,2.246734405207797],[100.75401906492492,2.246372580388266],[100.75392917121847,2.2463726889295463],[100.75392960283702,2.246734405207797]]],[[[100.75384014077024,2.2470962300548813],[100.75392971075254,2.2468248342770663],[100.75383981701411,2.2468249428346585],[100.75384014077024,2.2470962300548813]]],[[[100.75375078666389,2.247548484006591],[100.75384046456556,2.2473675172740473],[100.75375057078963,2.2473676258523216],[100.75375078666389,2.247548484006591]]],[[[100.75366132465122,2.247910308912675],[100.75375100255556,2.2477293421603917],[100.75366110875318,2.2477294507505996],[100.75366132465122,2.247910308912675]]],[[[100.75357197062709,2.2483625629310655],[100.75366154056668,2.2480911670742802],[100.75357164673783,2.2480912756764204],[100.75357197062709,2.2483625629310655]]],[[[100.7534820767773,2.2483626715407636],[100.75357229455552,2.2486338501846523],[100.75357197062709,2.2483625629310655],[100.7534820767773,2.2483626715407636]]],[[[100.75321369088525,2.249448146554359],[100.75330347681137,2.249357608812411],[100.7532135828877,2.2493577174535164],[100.75321369088525,2.249448146554359]]],[[[100.75312422896336,2.2498099716139537],[100.75321390689344,2.249629004755691],[100.75312401294882,2.249629113404349],[100.75312422896336,2.2498099716139537]]],[[[100.75294530518262,2.2505336218157184],[100.75303509115254,2.2504430840263026],[100.75294519714943,2.250443192703174],[100.75294530518262,2.2505336218157184]]],[[[100.75240821004428,2.2524332856732263],[100.7524979960984,2.2523427478016864],[100.75240810195294,2.25234285653693],[100.75240821004428,2.2524332856732263]]],[[[100.75169111040007,2.254152309620905],[100.7517808965559,2.2540617716782227],[100.75169100227038,2.2540618804518955],[100.75169111040007,2.254152309620905]]],[[[100.751601432366,2.2543332767397715],[100.7516912185341,2.2542427387897965],[100.75160132423316,2.254242847566629],[100.751601432366,2.2543332767397715]]],[[[100.76323467876581,2.1323306935453648],[100.76332466819045,2.1324210187144796],[100.76332456522663,2.132330589965184],[100.76323467876581,2.1323306935453648]]],[[[100.76296522524727,2.1325118617879157],[100.763144895254,2.1324212258783604],[100.76296512230003,2.132421433021147],[100.76296522524727,2.1325118617879157]]],[[[100.76296522524727,2.1325118617879157],[100.76269566870369,2.1326026012555728],[100.76296532819889,2.132602290554574],[100.76296522524727,2.1325118617879157]]],[[[100.76260588513155,2.1326931335961508],[100.76269566870369,2.1326026012555728],[100.76260578219653,2.1326027048120233],[100.76260588513155,2.1326931335961508]]],[[[100.76224644195665,2.1327839765883847],[100.76251599861479,2.1326932371517224],[100.76224633903823,2.132693547786791],[100.76224644195665,2.1327839765883847]]],[[[100.7621566583347,2.1328745089331287],[100.76224644195665,2.1327839765883847],[100.76215655541714,2.132784080127253],[100.7621566583347,2.1328745089331287]]],[[[100.76188710158038,2.1329652483502093],[100.76206677178557,2.1328746124711158],[100.7618869986742,2.1328748195312643],[100.76188710158038,2.1329652483502093]]],[[[100.7617972150129,2.132965351876764],[100.76188720449096,2.1330556771690423],[100.76188710158038,2.1329652483502093],[100.7617972150129,2.132965351876764]]],[[[100.76152786396611,2.1332369489336562],[100.76161764765885,2.1331464165779606],[100.76152776106777,2.133146520097475],[100.76152786396611,2.1332369489336562]]],[[[100.76071919298201,2.13350916703784],[100.76089886340571,2.133418531186787],[100.76071909011776,2.1334187381624736],[100.76071919298201,2.13350916703784]]],[[[100.76053952252421,2.1335998028852368],[100.76062930632622,2.1335092705221594],[100.76053941966607,2.1335093740012017],[100.76053952252421,2.1335998028852368]]],[[[100.75982073751848,2.133871917319502],[100.75991052140004,2.133781384950696],[100.7598206346892,2.133781488400691],[100.75982073751848,2.133871917319502]]],[[[100.75964106689638,2.133962553139911],[100.75973085079804,2.133872020768608],[100.75964096407321,2.1338721242124357],[100.75964106689638,2.133962553139911]]],[[[100.75829317644298,2.134325820201766],[100.75784405052808,2.1345976240990625],[100.75901227085303,2.134324992961259],[100.75964106689638,2.133962553139911],[100.75829317644298,2.134325820201766]]],[[[100.76296335561717,2.208472093265766],[100.76350078234167,2.206843733914132],[100.76314196488102,2.207477163396054],[100.76296335561717,2.208472093265766]]],[[[100.76287421105046,2.209105201278845],[100.76287378450499,2.2087434865606097],[100.76296335561717,2.208472093265766],[100.76278378688897,2.208653165139048],[100.76287421105046,2.209105201278845]]],[[[100.76278432003271,2.209105308559108],[100.76269474893307,2.209376701897743],[100.76278463997147,2.209376594609757],[100.76278432003271,2.209105308559108]]],[[[100.76260517783584,2.2096480952562456],[100.76269474893307,2.209376701897743],[100.76260485789028,2.209376809180265],[100.76260517783584,2.2096480952562456]]],[[[100.76251528677238,2.209648202546488],[100.76251560674102,2.209919488634614],[100.76242592898032,2.210100453332871],[100.76260560449117,2.210009810022602],[100.76251528677238,2.209648202546488]]],[[[100.76242614232125,2.210281310732704],[100.76251592674903,2.210190774721699],[100.7624260356486,2.2101908820328457],[100.76242614232125,2.210281310732704]]],[[[100.76242614232125,2.210281310732704],[100.76233657123892,2.210552704154844],[100.76242646236547,2.2105525968315862],[100.76242614232125,2.210281310732704]]],[[[100.76224678678729,2.2106432401808203],[100.76233710470628,2.211004847672642],[100.76233667792364,2.2106431328586353],[100.76224678678729,2.2106432401808203]]],[[[100.76215774919484,2.2113667771940073],[100.76224721354818,2.2110049550124042],[100.76215732238572,2.211005062346698],[100.76215774919484,2.2113667771940073]]],[[[100.76215774919484,2.2113667771940073],[100.76206828486364,2.2117285994034446],[100.76215817607397,2.2117284920394678],[100.76215774919484,2.2113667771940073]]],[[[100.76197914077967,2.212361707798563],[100.762068711791,2.2120903142646284],[100.76206828486364,2.2117285994034446],[100.76188882258619,2.21200010028741],[100.76197914077967,2.212361707798563]]],[[[100.76188924952254,2.2123618151823536],[100.76179957174455,2.212542780016236],[100.76188946301696,2.2125426726291315],[100.76188924952254,2.2123618151823536]]],[[[100.76170989395793,2.2127237448617563],[100.76179957174455,2.212542780016236],[100.76170968046777,2.2125428873978694],[100.76170989395793,2.2127237448617563]]],[[[100.7616205364406,2.2131759959263593],[100.76171010746556,2.212904602325181],[100.76162021616265,2.212904709718913],[100.7616205364406,2.2131759959263593]]],[[[100.76153075187962,2.213266532067773],[100.76162096353909,2.2135377108680006],[100.76162064320866,2.2132664246619442],[100.76153075187962,2.213266532067773]]],[[[100.76144160796888,2.2138996406754683],[100.7615310721937,2.213537818287008],[100.76144118084397,2.2135379257005403],[100.76144160796888,2.2138996406754683]]],[[[100.76144160796888,2.2138996406754683],[100.76135203696627,2.214171034344251],[100.76144192835848,2.2141709269054486],[100.76144160796888,2.2138996406754683]]],[[[100.76126225236408,2.214261570529456],[100.76135246419184,2.214532749333505],[100.7613521437661,2.2142614630917383],[100.76126225236408,2.214261570529456]]],[[[100.76117300178316,2.2148042504968912],[100.76126257277348,2.2145328567843996],[100.76117268135073,2.2145329642298157],[100.76117300178316,2.2148042504968912]]],[[[100.76117300178316,2.2148042504968912],[100.76108343079515,2.2150756442292114],[100.76117332225493,2.2150755367629236],[100.76117300178316,2.2148042504968912]]],[[[100.760993539331,2.215075751690022],[100.76108375128995,2.215346930507376],[100.76108343079515,2.2150756442292114],[100.760993539331,2.215075751690022]]],[[[100.76090439566859,2.215708860520923],[100.76099385980945,2.21534703798136],[100.76090396832458,2.2153471454498637],[100.76090439566859,2.215708860520923]]],[[[100.76090439566859,2.215708860520923],[100.7608150384087,2.2161611118596816],[100.76090492994696,2.216161004357139],[100.76090439566859,2.215708860520923]]],[[[100.76072557432384,2.216522934458754],[100.76081525213974,2.2163419694021376],[100.7607253605862,2.21634207690798],[100.76072557432384,2.216522934458754]]],[[[100.76063611026096,2.2168847570856136],[100.76072568119922,2.2166133632339675],[100.76063578962497,2.216613470747499],[100.76063611026096,2.2168847570856136]]],[[[100.76054675311948,2.217337008523323],[100.76063621714837,2.216975185864753],[100.76054632554795,2.2169752933903633],[100.76054675311948,2.217337008523323]]],[[[100.76045728911254,2.2176988312096735],[100.7605468600233,2.217427437306273],[100.76045696839124,2.2174275448483494],[100.76045728911254,2.2176988312096735]]],[[[100.76036750437015,2.2177893675506994],[100.76045760987317,2.217970117569953],[100.76045739602837,2.2177892599965494],[100.76036750437015,2.2177893675506994]]],[[[100.76027836116447,2.2184224766657024],[100.76036782512755,2.218060653923801],[100.76027793344858,2.2180607614856336],[100.76027836116447,2.2184224766657024]]],[[[100.76027836116447,2.2184224766657024],[100.76018879027573,2.218693870636608],[100.76027868199724,2.2186937630495356],[100.76027836116447,2.2184224766657024]]],[[[100.76009932634446,2.2190556934301244],[100.76018879027573,2.218693870636608],[100.76009889854987,2.2186939782181927],[100.76009932634446,2.2190556934301244]]],[[[100.76000996940667,2.2195079450580253],[100.76009943330403,2.2191461222328184],[100.76000954154652,2.2191462298308595],[100.76000996940667,2.2195079450580253]]],[[[100.75992061251917,2.2199601967214213],[100.76001018336297,2.2196888026709125],[100.75992029156833,2.219688910289796],[100.75992061251917,2.2199601967214213]]],[[[100.75983114867758,2.2203220196060753],[100.75992071951153,2.220050625531731],[100.75983082769069,2.2200507331626786],[100.75983114867758,2.2203220196060753]]],[[[100.75974125683601,2.220322127244696],[100.75983136269069,2.220502877234426],[100.75983114867758,2.2203220196060753],[100.75974125683601,2.220322127244696]]],[[[100.75974168485784,2.2206838425184854],[100.75983146970378,2.220593306048427],[100.75974157784584,2.2205934137002123],[100.75974168485784,2.2206838425184854]]],[[[100.75965232808836,2.2211360942807294],[100.75974179187423,2.220774271336642],[100.759651900001,2.220774378991711],[100.75965232808836,2.2211360942807294]]],[[[100.75956307841827,2.221678774904225],[100.75965243512113,2.2212265231026938],[100.75956254321622,2.2212266307742086],[100.75956307841827,2.221678774904225]]],[[[100.75956307841827,2.221678774904225],[100.75947361470008,2.222040597911654],[100.75956350665852,2.222040490206146],[100.75956307841827,2.221678774904225]]],[[[100.75938393686178,2.222221563279479],[100.75947361470008,2.222040597911654],[100.7593837227373,2.2220407056116667],[100.75938393686178,2.222221563279479]]],[[[100.75938425808125,2.222492849780328],[100.75947393590977,2.2223118844000376],[100.75938404393057,2.222311992113211],[100.75938425808125,2.222492849780328]]],[[[100.75929436608678,2.2224929574967787],[100.75938479353442,2.222944993946082],[100.75938425808125,2.222492849780328],[100.75929436608678,2.2224929574967787]]],[[[100.75920543788386,2.223306924782964],[100.75929500861088,2.223035530521658],[100.75920511657924,2.223035638258934],[100.75920543788386,2.223306924782964]]],[[[100.75911597427688,2.2236687479091937],[100.75920554499413,2.223397353624075],[100.75911565293626,2.223397461373399],[100.75911597427688,2.2236687479091937]]],[[[100.75902608219823,2.223668855666177],[100.75911640279219,2.2240304632886247],[100.75911597427688,2.2236687479091937],[100.75902608219823,2.223668855666177]]],[[[100.75893758290327,2.224844538508051],[100.75893704712824,2.224392394244843],[100.75902651069167,2.224030571063154],[100.75884704786068,2.2243020731685386],[100.75893758290327,2.224844538508051]]],[[[100.7588476907448,2.2248446463110523],[100.75875822723684,2.2252064695521088],[100.75884811942154,2.225206361737068],[100.7588476907448,2.2248446463110523]]],[[[100.75866833504776,2.225206577361646],[100.75875865596157,2.2255681849938065],[100.75875822723684,2.2252064695521088],[100.75866833504776,2.225206577361646]]],[[[100.75857930028609,2.2259301161173766],[100.7586687637506,2.2255682928208844],[100.75857887153528,2.2255684006424596],[100.75857930028609,2.2259301161173766]]],[[[100.76916438821739,2.1298822773975545],[100.76934405708097,2.1297916413166984],[100.76916428503579,2.129791848931393],[100.76916438821739,2.1298822773975545]]],[[[100.7689847193197,2.1299729134748744],[100.76916438821739,2.1298822773975545],[100.76898461614417,2.129882485000002],[100.7689847193197,2.1299729134748744]]],[[[100.7689847193197,2.1299729134748744],[100.76871516432544,2.130063653340263],[100.76898482249963,2.130063341949634],[100.7689847193197,2.1299729134748744]]],[[[100.76853549534552,2.1301542894043766],[100.76871516432544,2.130063653340263],[100.76853539218737,2.130063860907677],[100.76853549534552,2.1301542894043766]]],[[[100.76817615728329,2.130335561521965],[100.76826594023659,2.130245029239032],[100.76817605413733,2.1302451330078513],[100.76817615728329,2.130335561521965]]],[[[100.76772682981917,2.13042650884512],[100.76790670521714,2.1305167298643815],[100.76790660207811,2.1304263013372657],[100.76772682981917,2.13042650884512]]],[[[100.76700825608499,2.130879481520602],[100.76718782224155,2.1306984169290195],[100.76673849439135,2.1307893640985442],[100.76673859747983,2.1308797926825003],[100.76700825608499,2.130879481520602]]],[[[100.76619948627835,2.1310612720844424],[100.76637915568345,2.1309706360927163],[100.76619938321252,2.1309708434742816],[100.76619948627835,2.1310612720844424]]],[[[100.76601981683915,2.13115190807259],[100.76619948627835,2.1310612720844424],[100.76601971377941,2.1310614794537344],[100.76601981683915,2.13115190807259]]],[[[100.7653909220136,2.1314239196782667],[100.76601981683915,2.13115190807259],[100.76575015804217,2.1311522191002092],[100.7653909220136,2.1314239196782667]]],[[[100.76530113874128,2.1315144519893514],[100.7653909220136,2.1314239196782667],[100.76530103570592,2.1314240233357213],[100.76530113874128,2.1315144519893514]]],[[[100.76503168582863,2.1316956202766244],[100.76512146913154,2.1316050879595707],[100.76503158280025,2.1316051916100136],[100.76503168582863,2.1316956202766244]]],[[[100.76476202679272,2.1316959312095247],[100.7648520161647,2.1317862562457974],[100.76485191314241,2.1316958275704967],[100.76476202679272,2.1316959312095247]]],[[[100.76431290396431,2.1319677354303512],[100.76458246009774,2.131876995848656],[100.7643128009647,2.1318773067288737],[100.76431290396431,2.1319677354303512]]],[[[100.76431290396431,2.1319677354303512],[100.76422312057136,2.1320582677567086],[100.76431300696828,2.132058164131716],[100.76431290396431,2.1319677354303512]]],[[[100.76413333716795,2.1321488000864792],[100.76422312057136,2.1320582677567086],[100.76413323417006,2.132058371376428],[100.76413333716795,2.1321488000864792]]],[[[100.76341445168305,2.1323304863797294],[100.76368400804562,2.1322397468599066],[100.76341434871834,2.1322400576347187],[100.76341445168305,2.1323304863797294]]],[[[100.76915184373203,2.1966185617764746],[100.76924162726871,2.19652802633446],[100.769151737315,2.1965281333894358],[100.76915184373203,2.1966185617764746]]],[[[100.76879270947732,2.1969807035772773],[100.7688824930572,2.1968901681221658],[100.76879260306433,2.196890275173055],[100.76879270947732,2.1969807035772773]]],[[[100.76870292588664,2.197071239035661],[100.7687929223165,2.1971615603853785],[100.76879281589473,2.1970711319813856],[100.76870292588664,2.197071239035661]]],[[[100.76861324870053,2.1972522029100148],[100.76870303230302,2.197161667444065],[100.76861314228516,2.1971617744973164],[100.76861324870053,2.1972522029100148]]],[[[100.76852367792912,2.197523595212879],[100.76852335867287,2.1972523099622427],[100.76834389782823,2.19752380932749],[100.76852367792912,2.197523595212879]]],[[[100.76825400777119,2.1975239163766433],[100.76834400424495,2.197614237752958],[100.76834389782823,2.19752380932749],[100.76825400777119,2.1975239163766433]]],[[[100.768164330526,2.197704880288818],[100.76825411418253,2.19761434480652],[100.76816422411568,2.1976144518546468],[100.768164330526,2.197704880288818]]],[[[100.768164330526,2.197704880288818],[100.76807454685868,2.197795415774384],[100.7681644369407,2.1977953087228745],[100.768164330526,2.197704880288818]]],[[[100.76798476318054,2.197885951263217],[100.76807475969044,2.197976272650969],[100.76807465327235,2.197885844212734],[100.76798476318054,2.197885951263217]]],[[[100.7678951923193,2.1981573436490742],[100.7679848695932,2.1979763797058602],[100.7678949794916,2.1979764867553158],[100.7678951923193,2.1981573436490742]]],[[[100.7678951923193,2.1981573436490742],[100.76780540861753,2.198247879153025],[100.76789529873975,2.1982477720957814],[100.7678951923193,2.1981573436490742]]],[[[100.76771562490495,2.19833841466024],[100.76780540861753,2.198247879153025],[100.76771551849093,2.1982479862048327],[100.76771562490495,2.19833841466024]]],[[[100.76771562490495,2.19833841466024],[100.76762594759894,2.198519378630304],[100.76771583774614,2.1985192715707105],[100.76771562490495,2.19833841466024]]],[[[100.76753616386372,2.198609914148338],[100.76762594759894,2.198519378630304],[100.76753605744734,2.1985194856844608],[100.76753616386372,2.198609914148338]]],[[[100.76753616386372,2.198609914148338],[100.76744638011769,2.1987004496696345],[100.76753627028447,2.1987003426121015],[100.76753616386372,2.198609914148338]]],[[[100.76735648994652,2.1987005567217297],[100.76744659296155,2.198881306605629],[100.76744638011769,2.1987004496696345],[100.76735648994652,2.1987005567217297]]],[[[100.76726691901091,2.1989719491986492],[100.76735670277957,2.1988814136665384],[100.76726681259319,2.19888152072201],[100.76726691901091,2.1989719491986492]]],[[[100.76726691901091,2.1989719491986492],[100.76717713523142,2.1990624847340197],[100.76726702543299,2.199062377675173],[100.76726691901091,2.1989719491986492]]],[[[100.76708745786117,2.1992434487577546],[100.76717713523142,2.1990624847340197],[100.76708724502545,2.1990625917874262],[100.76708745786117,2.1992434487577546]]],[[[100.76699756764002,2.199243555814536],[100.7669077838281,2.1993340913596815],[100.7669079966685,2.199514948346943],[100.76708767071442,2.1994243057276224],[100.76699756764002,2.199243555814536]]],[[[100.76681821284372,2.1996054839039267],[100.7669079966685,2.199514948346943],[100.76681810642235,2.199515055406063],[100.76681821284372,2.1996054839039267]]],[[[100.76672853543285,2.199786447966206],[100.76681831926946,2.1996959124016753],[100.76672842900811,2.199696019464166],[100.76672853543285,2.199786447966206]]],[[[100.7666386451617,2.1997865550276616],[100.76672874829548,2.199967304969939],[100.76672853543285,2.199786447966206],[100.7666386451617,2.1997865550276616]]],[[[100.76654907415424,2.200057947615534],[100.76663885801352,2.199967412040205],[100.76654896772718,2.1999675191050305],[100.76654907415424,2.200057947615534]]],[[[100.76654907415424,2.200057947615534],[100.7664593967146,2.200238911708796],[100.76654928702155,2.2002388046361974],[100.76654907415424,2.200057947615534]]],[[[100.76636961283266,2.200329447294922],[100.7664593967146,2.200238911708796],[100.76636950640325,2.200239018775954],[100.76636961283266,2.200329447294922]]],[[[100.76610068687113,2.200962768198996],[100.76636982570464,2.2005103043325125],[100.76636961283266,2.200329447294922],[100.76601058362643,2.2007820182079447],[100.76610068687113,2.200962768198996]]],[[[100.76592111900169,2.201143839434811],[100.76601079649897,2.200962875279617],[100.76592090612243,2.2009629823547936],[100.76592111900169,2.201143839434811]]],[[[100.76583154794545,2.2014152321457243],[100.76583122860993,2.2011439465133513],[100.76565176711632,2.201415446312889],[100.76583154794545,2.2014152321457243]]],[[[100.76547251847495,2.201867803264648],[100.76565219291508,2.201777160522997],[100.76565187355943,2.201505874865589],[100.76547230557969,2.2016869461424453],[100.76547251847495,2.201867803264648]]],[[[100.76538284091994,2.202048767481732],[100.76547251847495,2.201867803264648],[100.76538262801799,2.201867910351185],[100.76538284091994,2.202048767481732]]],[[[100.76538284091994,2.202048767481732],[100.76529316335643,2.2022297317105166],[100.76538305383944,2.2022296246118174],[100.76538284091994,2.202048767481732]]],[[[100.76520359224868,2.2025011245244444],[100.76529326981735,2.2023201602797884],[100.76520337932455,2.2023202673774427],[100.76520359224868,2.2025011245244444]]],[[[100.76520359224868,2.2025011245244444],[100.76511380820389,2.202591660203184],[100.76520369871731,2.202591553097773],[100.76520359224868,2.2025011245244444]]],[[[100.7650242370858,2.2028630530488487],[100.76511380820389,2.202591660203184],[100.76502391768608,2.202591767303148],[100.7650242370858,2.2028630530488487]]],[[[100.76475531076294,2.203496374517348],[100.76502455652493,2.2031343387935114],[100.7650242370858,2.2028630530488487],[100.76475499131998,2.203225088734461],[100.76475531076294,2.203496374517348]]],[[[100.76457574254181,2.203677445961869],[100.76466595263892,2.2039486246306996],[100.7647554172527,2.2035868031114125],[100.76457574254181,2.203677445961869]]],[[[100.76448638438781,2.2041296961159693],[100.76457606201798,2.203948731769428],[100.76448617139263,2.203948838902706],[100.76448638438781,2.2041296961159693]]],[[[100.76448638438781,2.2041296961159693],[100.76439670674911,2.204310660474196],[100.76448659740052,2.204310553328771],[100.76448638438781,2.2041296961159693]]],[[[100.76430724212794,2.2046724820735855],[100.76439670674911,2.204310660474196],[100.76430681609332,2.20431076761417],[100.76430724212794,2.2046724820735855]]],[[[100.76430724212794,2.2046724820735855],[100.76421756447884,2.204853446463519],[100.76430745517152,2.2048533393026015],[100.76430724212794,2.2046724820735855]]],[[[100.76412799334749,2.205124839488037],[100.76421756447884,2.204853446463519],[100.7641276737818,2.204853553618983],[100.76412799334749,2.205124839488037]]],[[[100.76412799334749,2.205124839488037],[100.76403831568463,2.2053058039055005],[100.76412820641316,2.205305696733496],[100.76412799334749,2.205124839488037]]],[[[100.76403831568463,2.2053058039055005],[100.76376906956992,2.2056678399486986],[100.76376949573715,2.2060295545067605],[100.76394906418882,2.2058484828584435],[100.76403831568463,2.2053058039055005]]],[[[100.76367981804675,2.206210518979267],[100.76376949573715,2.2060295545067605],[100.76367960494773,2.2060296616921318],[100.76367981804675,2.206210518979267]]],[[[100.7635899272421,2.2062106261679775],[100.7635003560819,2.2064820193074532],[100.76350078234167,2.206843733914132],[100.76368035087097,2.206662662195084],[100.7635899272421,2.2062106261679775]]],[[[100.7717697383127,2.1287036963898296],[100.77185952086573,2.1286131641502095],[100.77176963503642,2.128613268050239],[100.7717697383127,2.1287036963898296]]],[[[100.7700628354105,2.129519525380451],[100.77015261815403,2.129428993118236],[100.7700627321941,2.129429096957967],[100.7700628354105,2.129519525380451]]],[[[100.7696136119124,2.129700901410939],[100.76970339470577,2.1296103691443893],[100.7696135087134,2.1296104729666134],[100.7696136119124,2.129700901410939]]],[[[100.7696136119124,2.129700901410939],[100.76943394309698,2.1297915375014504],[100.76961371511581,2.1297913298551525],[100.7696136119124,2.129700901410939]]],[[[100.77657040629259,2.160528868251184],[100.7766605039848,2.1607096186304946],[100.7766602937495,2.1605287625084455],[100.77657040629259,2.160528868251184]]],[[[100.77657124729707,2.1612522927721014],[100.77666060910904,2.160800046691348],[100.77657072163619,2.160800152447377],[100.77657124729707,2.1612522927721014]]],[[[100.77657187823561,2.161794861158038],[100.77666145026184,2.1615234711741125],[100.7765715627465,2.1615235769655787],[100.77657187823561,2.161794861158038]]],[[[100.77657324581374,2.1629704259802587],[100.77666292295837,2.1627894640015235],[100.7765730353686,2.162789569855008],[100.77657324581374,2.1629704259802587]]],[[[100.77657482471453,2.164326846905197],[100.77666460709847,2.1642363129199658],[100.7765747194236,2.164236418844328],[100.77657482471453,2.164326846905197]]],[[[100.77642363633127,2.1887426334133555],[100.77651341898876,2.1886520982647664],[100.77642352986047,2.188652205374386],[100.77642363633127,2.1887426334133555]]],[[[100.7759749358275,2.189376165326997],[100.77606471854077,2.1892856301531305],[100.77597482935273,2.1892857372666863],[100.7759749358275,2.189376165326997]]],[[[100.7758850466297,2.1893762724395667],[100.77597504230667,2.1894665933871953],[100.7759749358275,2.189376165326997],[100.7758850466297,2.1893762724395667]]],[[[100.77579558332756,2.189738091822247],[100.7758853660643,2.189647556633099],[100.77588515310349,2.189466700504192],[100.77570548115132,2.1895573427953092],[100.77579558332756,2.189738091822247]]],[[[100.77570569409941,2.1897381989416984],[100.77561591134213,2.1898287341331844],[100.77570580058007,2.189828627014722],[100.77570569409941,2.1897381989416984]]],[[[100.7752567802053,2.190190874932366],[100.77534677596356,2.1902811959080175],[100.7753466694824,2.190190767817859],[100.7752567802053,2.190190874932366]]],[[[100.77516710386897,2.190371838239365],[100.77525688668108,2.1902813030269517],[100.77516699739417,2.1902814101404675],[100.77516710386897,2.190371838239365]]],[[[100.77516710386897,2.190371838239365],[100.77507732104608,2.190462373455099],[100.77516721034817,2.190462266338147],[100.77516710386897,2.190371838239365]]],[[[100.7749874317396,2.190462480566634],[100.77507742752431,2.190552801558193],[100.77507732104608,2.190462373455099],[100.7749874317396,2.190462480566634]]],[[[100.7742693816249,2.1913676186879276],[100.7743591645457,2.1912770834380257],[100.77426927515552,2.19127719054604],[100.7742693816249,2.1913676186879276]]],[[[100.7742693816249,2.1913676186879276],[100.77417959869332,2.1914581539411437],[100.77426948809871,2.191458046829701],[100.7742693816249,2.1913676186879276]]],[[[100.77382046685925,2.1918202949871337],[100.77391024983393,2.1917297597206686],[100.77382036039478,2.1917298668237017],[100.77382046685925,2.1918202949871337]]],[[[100.77364100734447,2.1920917937019277],[100.7737307903417,2.192001258424534],[100.77364090087757,2.192001365529994],[100.77364100734447,2.1920917937019277]]],[[[100.77355122433649,2.19218232898263],[100.77364100734447,2.1920917937019277],[100.77355111787055,2.192091900806389],[100.77355122433649,2.19218232898263]]],[[[100.77355122433649,2.19218232898263],[100.77346144131769,2.192272864266641],[100.77355133080681,2.192272757158757],[100.77355122433649,2.19218232898263]]],[[[100.77337155182418,2.192272971369104],[100.77346154778704,2.192363292447075],[100.77346144131769,2.192272864266641],[100.77337155182418,2.192272971369104]]],[[[100.77292274297866,2.1928160760401414],[100.77301252606212,2.1927255407362956],[100.77292263651965,2.192725647833753],[100.77292274297866,2.1928160760401414]]],[[[100.77292274297866,2.1928160760401414],[100.77283295988443,2.1929066113472913],[100.77292284944207,2.192906504246415],[100.77292274297866,2.1928160760401414]]],[[[100.7727431767794,2.1929971466577443],[100.77283295988443,2.1929066113472913],[100.77274307032236,2.192906718442744],[100.7727431767794,2.1929971466577443]]],[[[100.7727431767794,2.1929971466577443],[100.77265339366359,2.193087681971499],[100.77274328324083,2.193087574872629],[100.7727431767794,2.1929971466577443]]],[[[100.77256361053699,2.1931782172885557],[100.77265339366359,2.193087681971499],[100.77256350408196,2.193087789064945],[100.77256361053699,2.1931782172885557]]],[[[100.77256361053699,2.1931782172885557],[100.77247382739964,2.193268752608913],[100.77256371699644,2.1932686455120516],[100.77256361053699,2.1931782172885557]]],[[[100.77238393779842,2.1932688597003507],[100.77247393385808,2.193359180836714],[100.77247382739964,2.193268752608913],[100.77238393779842,2.1932688597003507]]],[[[100.77229426109254,2.193449823259528],[100.77238404425148,2.1933592879325707],[100.77229415464046,2.1933593950230033],[100.77229426109254,2.193449823259528]]],[[[100.77229426109254,2.193449823259528],[100.77220447792281,2.1935403585897837],[100.772294367549,2.193540251495937],[100.77229426109254,2.193449823259528]]],[[[100.77202491155101,2.19372142926019],[100.7721146947423,2.193630893923338],[100.77202480510192,2.1936310010107527],[100.77202491155101,2.19372142926019]]],[[[100.77175556191241,2.1939930352905233],[100.77184534513606,2.1939024999437833],[100.7717554554663,2.1939026070281757],[100.77175556191241,2.1939930352905233]]],[[[100.77166577867796,2.194083570640558],[100.77175556191241,2.1939930352905233],[100.77166567223286,2.193993142373908],[100.77166577867796,2.194083570640558]]],[[[100.77166577867796,2.194083570640558],[100.77157599543274,2.1941741059938873],[100.77166588512746,2.194173998907093],[100.77166577867796,2.194083570640558]]],[[[100.7714861057336,2.194174213075254],[100.77157610188124,2.1942645342647245],[100.77157599543274,2.1941741059938873],[100.7714861057336,2.194174213075254]]],[[[100.77139642890991,2.1943551767104243],[100.77148621217671,2.1942646413505096],[100.7713963224678,2.1942647484308675],[100.77139642890991,2.1943551767104243]]],[[[100.77139642890991,2.1943551767104243],[100.77130664563231,2.194445712073632],[100.77139653535643,2.194445604989867],[100.77139642890991,2.1943551767104243]]],[[[100.77121675590381,2.1944458191519693],[100.77130675207783,2.194536140357376],[100.77130664563231,2.194445712073632],[100.77121675590381,2.1944458191519693]]],[[[100.77112707904475,2.1946267828099195],[100.77121686234392,2.1945362474401304],[100.77112697260563,2.1945363545174574],[100.77112707904475,2.1946267828099195]]],[[[100.77112707904475,2.1946267828099195],[100.77103729573477,2.194717318182999],[100.77112718548827,2.1947172111022675],[100.77112707904475,2.1946267828099195]]],[[[100.7709474059769,2.194717425258303],[100.7710374021773,2.1948077464796487],[100.77103729573477,2.194717318182999],[100.7709474059769,2.194717425258303]]],[[[100.77085772908248,2.194898388939026],[100.77094751241403,2.1948078535593685],[100.77085762264635,2.19480796063366],[100.77085772908248,2.194898388939026]]],[[[100.77085772908248,2.194898388939026],[100.77076794574013,2.1949889243219713],[100.77085783552299,2.194988817244277],[100.77085772908248,2.194898388939026]]],[[[100.770678162387,2.1950794597082046],[100.77076794574013,2.1949889243219713],[100.77067805595289,2.194989031394237],[100.770678162387,2.1950794597082046]]],[[[100.770678162387,2.1950794597082046],[100.77058837902307,2.195169995097724],[100.7706782688255,2.1951698880220567],[100.770678162387,2.1950794597082046]]],[[[100.77040870583171,2.1952606375597536],[100.77049848921624,2.195170102167963],[100.770408599405,2.1951702092327725],[100.77040870583171,2.1952606375597536]]],[[[100.77031902886652,2.1954416012859963],[100.77040881226283,2.1953510658866207],[100.7703189224364,2.19535117295483],[100.77031902886652,2.1954416012859963]]],[[[100.7702291390303,2.19544170835319],[100.77031913530104,2.195532029617047],[100.77031902886652,2.1954416012859963],[100.7702291390303,2.19544170835319]]],[[[100.77013946204153,2.1956226720945984],[100.77022924545942,2.1955321366886555],[100.77013935561341,2.195532243754834],[100.77013946204153,2.1956226720945984]]],[[[100.77013946204153,2.1956226720945984],[100.77004967861282,2.195713207503825],[100.77013956847404,2.195713100434249],[100.77013946204153,2.1956226720945984]]],[[[100.76995989517334,2.1958037429163317],[100.77004967861282,2.195713207503825],[100.76995978874724,2.1957133145679695],[100.76995989517334,2.1958037429163317]]],[[[100.76995989517334,2.1958037429163317],[100.76987011172305,2.1958942783321205],[100.76996000160383,2.195894171264579],[100.76995989517334,2.1958037429163317]]],[[[100.76978032826197,2.1959848137511897],[100.76987011172305,2.1958942783321205],[100.76978022183788,2.195894385394231],[100.76978032826197,2.1959848137511897]]],[[[100.76978032826197,2.1959848137511897],[100.76969054479008,2.1960753491735385],[100.76978043469045,2.196075242108033],[100.76978032826197,2.1959848137511897]]],[[[100.76960065488534,2.196075456233613],[100.76969065121756,2.19616577753468],[100.76969054479008,2.1960753491735385],[100.76960065488534,2.196075456233613]]],[[[100.76951097781394,2.196256420028074],[100.76960076130742,2.1961658845991674],[100.76951087139287,2.196165991658223],[100.76951097781394,2.196256420028074]]],[[[100.76951097781394,2.196256420028074],[100.76942119430966,2.196346955460259],[100.7695110842394,2.1963468483978104],[100.76951097781394,2.196256420028074]]],[[[100.76933141079458,2.196437490895721],[100.76942119430966,2.196346955460259],[100.76933130437553,2.196347062517275],[100.76933141079458,2.196437490895721]]],[[[100.76933141079458,2.196437490895721],[100.76924162726871,2.19652802633446],[100.76933151721803,2.196527919274052],[100.76933141079458,2.196437490895721]]],[[[100.78472012886103,2.134656907974465],[100.7848099100785,2.1345663753289417],[100.7847200245389,2.134566480280711],[100.78472012886103,2.134656907974465]]],[[[100.78463055628897,2.134928296019346],[100.78472033751856,2.1348377633616367],[100.7846304519588,2.1348378683214775],[100.78463055628897,2.134928296019346]]],[[[100.78445141115671,2.135471072170343],[100.784541401118,2.1355613948914502],[100.78454129676209,2.1354709671899155],[100.78445141115671,2.135471072170343]]],[[[100.7843619429552,2.1358328879865534],[100.78445172422202,2.1357423552879613],[100.78436183859648,2.1357424602764548],[100.7843619429552,2.1358328879865534]]],[[[100.78418279786258,2.1363756642682206],[100.7842724747781,2.136194703831286],[100.78418258911745,2.1361948088314593],[100.78418279786258,2.1363756642682206]]],[[[100.78400344400838,2.1367375851782815],[100.78409343410108,2.136827907884197],[100.7840933297094,2.136737480161983],[100.78400344400838,2.1367375851782815]]],[[[100.7839138714597,2.1370089733822906],[100.78400365278563,2.136918440631494],[100.78391376706968,2.136918545651404],[100.7839138714597,2.1370089733822906]]],[[[100.78382429891492,2.137280361606696],[100.78391408025303,2.137189828843728],[100.78382419451688,2.137189933871697],[100.78382429891492,2.137280361606696]]],[[[100.78373451756633,2.137370894373162],[100.7838245077243,2.1374612170763574],[100.78382440331741,2.137370789341583],[100.78373451756633,2.137370894373162]]],[[[100.78355537246414,2.1379136709074857],[100.78364515383707,2.137823138116685],[100.78355526805085,2.137823243159928],[100.78355537246414,2.1379136709074857]]],[[[100.78346569549755,2.1380946314535616],[100.78355547688183,2.138004098654931],[100.78346559108068,2.138004203701781],[100.78346569549755,2.1380946314535616]]],[[[100.78337612294814,2.138366019767581],[100.78346590434458,2.138275486956786],[100.78337601852324,2.13827559201169],[100.78337612294814,2.138366019767581]]],[[[100.7832865504026,2.1386374081019848],[100.78337633181121,2.1385468752790273],[100.78328644596968,2.138546980341982],[100.7832865504026,2.1386374081019848]]],[[[100.78301762387957,2.139270717682699],[100.78310740532308,2.139180184831934],[100.78301751943145,2.1391802899101435],[100.78301762387957,2.139270717682699]]],[[[100.78247987518485,2.140627765042485],[100.78256965669898,2.1405372321318037],[100.78247977070191,2.140537337244939],[100.78247987518485,2.140627765042485]]],[[[100.78059738777698,2.1450609378020182],[100.78068748333203,2.145241688339504],[100.78068727413027,2.1450608325780576],[100.78059738777698,2.1450609378020182]]],[[[100.77764191401307,2.154378493881644],[100.77773169618169,2.154287960360501],[100.77764180914365,2.154288065861514],[100.77764191401307,2.154378493881644]]],[[[100.77755234158415,2.1546498834547716],[100.77764212376513,2.154559349921566],[100.7775522367068,2.154559455430548],[100.77755234158415,2.1546498834547716]]],[[[100.77701627151026,2.1574537859425935],[100.77710594879386,2.157272824237912],[100.77701606155006,2.1572729298478515],[100.77701627151026,2.1574537859425935]]],[[[100.77692711921397,2.1580868879151143],[100.77701658648364,2.1577250700838593],[100.77692669920891,2.1577251757106177],[100.77692711921397,2.1580868879151143]]],[[[100.7768377569926,2.158539133829489],[100.77692753928957,2.1584486001178025],[100.776837651968,2.1584487057746684],[100.7768377569926,2.158539133829489]]],[[[100.77674892009702,2.159443520071737],[100.77683870241268,2.1593529863177863],[100.77674881503361,2.1593530920136166],[100.77674892009702,2.159443520071737]]],[[[100.77657493000986,2.1644172749659534],[100.77666492300042,2.164507597088945],[100.77666481769536,2.1644171690327316],[100.77657493000986,2.1644172749659534]]],[[[100.77657535123527,2.164778987207847],[100.77666502830988,2.164598025145045],[100.77657514061374,2.1645981310871267],[100.77657535123527,2.164778987207847]]],[[[100.77657608854952,2.1654119836267967],[100.77666555492338,2.165050165423845],[100.77657566720063,2.165050271388077],[100.77657608854952,2.1654119836267967]]],[[[100.77657640460748,2.165683267804647],[100.77666618700512,2.165592733754666],[100.77657629925041,2.1655928397454765],[100.77657640460748,2.165683267804647]]],[[[100.77666745164483,2.166677870404064],[100.77675670702783,2.1661351960586592],[100.77666681924559,2.166135302081406],[100.77666745164483,2.166677870404064]]],[[[100.77675828840349,2.1674916167911964],[100.77684775444268,2.167129798521511],[100.77675786660629,2.1671299045983483],[100.77675828840349,2.1674916167911964]]],[[[100.77684859815028,2.167853222869949],[100.77693838054068,2.1677626887135806],[100.7768484926714,2.1677627948267912],[100.77684859815028,2.167853222869949]]],[[[100.77684870363358,2.1679436509129935],[100.77693869700657,2.1680339728294213],[100.77693859151354,2.1679435447909214],[100.77684870363358,2.1679436509129935]]],[[[100.77703006232768,2.1692998591626096],[100.77711984471334,2.1692093249353],[100.77702995676756,2.169209431130129],[100.77703006232768,2.1692998591626096]]],[[[100.77712068936043,2.1699327491565126],[100.7772104717428,2.1698422148980456],[100.77712058376412,2.1698423211292583],[100.77712068936043,2.1699327491565126]]],[[[100.77721099979522,2.1702943550110243],[100.7773006765513,2.1701133927163005],[100.77721078856102,2.1701134989661734],[100.77721099979522,2.1702943550110243]]],[[[100.77730141598555,2.170746388840269],[100.77739098706591,2.1704749985148544],[100.77730109905869,2.1704751047878217],[100.77730141598555,2.170746388840269]]],[[[100.77748235454986,2.1717408843484347],[100.77757213691173,2.171650349999859],[100.77748224884397,2.17165045634118],[100.77748235454986,2.1717408843484347]]],[[[100.77757266551205,2.1721024900128367],[100.77766244786788,2.1720119556460484],[100.77757255978317,2.172012062010469],[100.77757266551205,2.1721024900128367]]],[[[100.7776627650838,2.1722832396395146],[100.77775286469017,2.1724639892426354],[100.77775265318014,2.172283133256425],[100.7776627650838,2.1722832396395146]]],[[[100.77784381066108,2.1733681627252075],[100.77793348719302,2.1731872003119728],[100.77784359905212,2.1731873067501377],[100.77784381066108,2.1733681627252075]]],[[[100.77793443962047,2.1740010521563065],[100.7780242219568,2.1739105176950524],[100.77793433377755,2.1739106241740584],[100.77793443962047,2.1740010521563065]]],[[[100.77802475124227,2.1743626575829906],[100.77811453357256,2.1742721231035143],[100.77802464537635,2.1742722296056307],[100.77802475124227,2.1743626575829906]]],[[[100.77820569257503,2.175357152210423],[100.77829547489605,2.175266617681538],[100.77820558664986,2.175266724243182],[100.77820569257503,2.175357152210423]]],[[[100.77829600459276,2.175718757494432],[100.77838578690776,2.1756282229473207],[100.77829589864459,2.1756283295320813],[100.77829600459276,2.175718757494432]]],[[[100.77847737103811,2.1770749635992295],[100.77856683528279,2.1767131451427137],[100.77847694696425,2.1767132517914507],[100.77847737103811,2.1770749635992295]]],[[[100.77856768354394,2.1774365687209705],[100.77865789008769,2.1777077458580316],[100.77865757190087,2.1774364620313706],[100.77856768354394,2.1774365687209705]]],[[[100.77865895099742,2.1786120252728223],[100.77874862719159,2.1784310626470056],[100.77865873878017,2.1784311693907754],[100.77865895099742,2.1786120252728223]]],[[[100.77866404950986,2.182952566304981],[100.7787538318612,2.182862031408404],[100.7786639431871,2.182862138369495],[100.77866404950986,2.182952566304981]]],[[[100.77803812566022,2.1857565818181026],[100.77812790810965,2.1856660467943794],[100.7780380192382,2.185666153855121],[100.77803812566022,2.1857565818181026]]],[[[100.77794855605538,2.18602797277943],[100.77803833851749,2.1859374377437217],[100.7779484496255,2.185937544812359],[100.77794855605538,2.18602797277943]]],[[[100.77776931040925,2.1864803267873225],[100.77785909289575,2.1863897917319677],[100.77776920396806,2.1863898988119566],[100.77776931040925,2.1864803267873225]]],[[[100.77758995829582,2.186842252875721],[100.77767974080574,2.186751717805044],[100.77758985184772,2.1867518248919486],[100.77758995829582,2.186842252875721]]],[[[100.777500069328,2.18684235996165],[100.77759006474832,2.186932680859379],[100.77758995829582,2.186842252875721],[100.777500069328,2.18684235996165]]],[[[100.7774104996943,2.1871137510193943],[100.77750028222668,2.187023215937716],[100.77741039324373,2.1870233230271],[100.7774104996943,2.1871137510193943]]],[[[100.77732082360518,2.187294714100909],[100.77741060614929,2.187204179011573],[100.77732071715116,2.187204286104412],[100.77732082360518,2.187294714100909]]],[[[100.77687223009738,2.1880186736512144],[100.77696201269816,2.1879281385322398],[100.77687212363496,2.1879282456334783],[100.77687223009738,2.1880186736512144]]],[[[100.7767825539517,2.1881996367954617],[100.77687233656422,2.188109101668836],[100.77678244748584,2.1881092087735245],[100.7767825539517,2.1881996367954617]]],[[[100.77669287779776,2.1883805999515604],[100.7767825539517,2.1881996367954617],[100.77669266486353,2.1881997438991694],[100.77669287779776,2.1883805999515604]]],[[[100.77669287779776,2.1883805999515604],[100.77660309516276,2.188471135089169],[100.77669298427148,2.188471027977584],[100.77669287779776,2.1883805999515604]]]]},"properties":{"change":"erosion","id":"rohil-bangko-pulau-barkey-berkey","village":"Pulau Berkey","district":"Bangko","regency":"Rokan Hilir","intervention":false,"programmeStatus":"regional","analysisUnit":"landmass","administrativeBoundaryUsedForAttribution":false,"administrativeSeawardBoundaryUsedForClipping":false,"method":"Perubahan daratan Pulau Berkey 2016–2025; daratan dipilih dari titik jangkar pulau"}},{"type":"Feature","geometry":{"type":"MultiPolygon","coordinates":[[[[100.71001951127981,2.210885532394942],[100.7101095084708,2.210975859459829],[100.71010940493116,2.210885428241009],[100.71001951127981,2.210885532394942]]],[[[100.71046929019096,2.2111563051755287],[100.71037908585974,2.210885115746399],[100.7101095084708,2.210975859459829],[100.71028960644861,2.2112469447572085],[100.71046929019096,2.2111563051755287]]],[[[100.70939678414612,2.2165834300283396],[100.70903679308344,2.2162221224583623],[100.70858753032324,2.2164035066710754],[100.70849784367297,2.216584473568809],[100.70903731174947,2.2166742787730196],[100.70903710427032,2.216493416247504],[100.7092168923371,2.216493207526003],[100.70930761651329,2.2172165531540298],[100.70939678414612,2.2165834300283396]]],[[[100.70733586180937,2.2223734351108977],[100.70724607123827,2.2224639709764635],[100.70733596571878,2.2224638664471197],[100.70733586180937,2.2223734351108977]]],[[[100.70733596571878,2.2224638664471197],[100.70742596411414,2.222554193244127],[100.70742586019503,2.2224637619122785],[100.70733596571878,2.2224638664471197]]],[[[100.70778564594386,2.2226442063474576],[100.70742596411414,2.222554193244127],[100.7074262758969,2.222825487238978],[100.70778564594386,2.2226442063474576]]],[[[100.7066209678579,2.2260819572438275],[100.7067109666317,2.2261722839439946],[100.70671086258683,2.226081852582733],[100.7066209678579,2.2260819572438275]]],[[[100.7067109666317,2.2261722839439946],[100.70680096541645,2.2262626106300276],[100.70680086136187,2.2261721792731373],[100.7067109666317,2.2261722839439946]]],[[[100.70680117353834,2.226443473343459],[100.7069809630188,2.2264432639596863],[100.70716054431662,2.226262191874507],[100.70689086014785,2.2262625059494074],[100.70680117353834,2.226443473343459]]],[[[100.70653398767617,2.2286141402091646],[100.70653357110831,2.2282524147419207],[100.70617399160759,2.2282528337176966],[100.70626430299122,2.2286144545003257],[100.70653398767617,2.2286141402091646]]],[[[100.70483609643269,2.23738797973144],[100.704925887472,2.2372974432171473],[100.70492567856417,2.2371165803529935],[100.70474588759382,2.2371167904867324],[100.70483609643269,2.23738797973144]]],[[[100.70907535558385,2.2495912506760316],[100.70898556481936,2.2496817878127717],[100.70907546087425,2.2496816818962104],[100.70907535558385,2.2495912506760316]]],[[[100.70889577404382,2.2497723249523536],[100.70898556481936,2.2496817878127717],[100.70889566876025,2.249681893723769],[100.70889577404382,2.2497723249523536]]],[[[100.70889577404382,2.2497723249523536],[100.70880598325721,2.2498628620947754],[100.70889587933165,2.2498627561808204],[100.70889577404382,2.2497723249523536]]],[[[100.70871619245955,2.249953399240038],[100.70880598325721,2.2498628620947754],[100.70871608717854,2.2498629680031654],[100.70871619245955,2.249953399240038]]],[[[100.70871640303426,2.2501342617134292],[100.70862661222294,2.250224798869818],[100.70871650832798,2.2502246929499496],[100.70871640303426,2.2501342617134292]]],[[[100.70853671611366,2.2502249047841203],[100.70862671751539,2.250315230110482],[100.70862661222294,2.250224798869818],[100.70853671611366,2.2502249047841203]]],[[[100.70853682140057,2.250315336029044],[100.70799828680485,2.2510394215831706],[100.7081780791697,2.2510392097391225],[100.7082676594458,2.2507678100380977],[100.70862692811298,2.250496092591456],[100.70853682140057,2.250315336029044]]],[[[100.70799828680485,2.2510394215831706],[100.70790849590242,2.251129958770528],[100.70799839209673,2.251129852852597],[100.70799828680485,2.2510394215831706]]],[[[100.70781870498888,2.251220495960718],[100.70790849590242,2.251129958770528],[100.70781859970384,2.251130064682891],[100.70781870498888,2.251220495960718]]],[[[100.70763891256799,2.2512207077772555],[100.7077289140643,2.2513110331537387],[100.70781870498888,2.251220495960718],[100.70763891256799,2.2512207077772555]]],[[[100.7075493321819,2.2514921075482746],[100.70763912312863,2.2514015703495915],[100.70754922690074,2.251401676258024],[100.7075493321819,2.2514921075482746]]],[[[100.7075493321819,2.2514921075482746],[100.7074595412241,2.2515826447497864],[100.70754943746729,2.251582538838407],[100.7075493321819,2.2514921075482746]]],[[[100.70799891861967,2.251582009197969],[100.70790912770944,2.2516725464101763],[100.70799902393698,2.251672440466691],[100.70799891861967,2.251582009197969]]],[[[100.7074595412241,2.2515826447497864],[100.707279853998,2.251673287858626],[100.70745964650818,2.2516730760440598],[100.7074595412241,2.2515826447497864]]],[[[100.70781923147767,2.251672652348092],[100.70790923302546,2.25176297768304],[100.70790912770944,2.2516725464101763],[100.70781923147767,2.251672652348092]]],[[[100.70718995773655,2.251673393757554],[100.70727995927527,2.2517637191612963],[100.707279853998,2.251673287858626],[100.70718995773655,2.251673393757554]]],[[[100.70719006300827,2.2517638250644825],[100.70710027200747,2.251854362273166],[100.70719016828423,2.2518542563712938],[100.70719006300827,2.2517638250644825]]],[[[100.70701048099559,2.251944899484677],[100.70710027200747,2.251854362273166],[100.70701037572647,2.251854468169469],[100.70701048099559,2.251944899484677]]],[[[100.70683068840981,2.2519451112690856],[100.7067408973673,2.2520356484807933],[100.7068307936721,2.252035542592689],[100.70683068840981,2.2519451112690856]]],[[[100.70683153062676,2.2526685618546187],[100.70755006926865,2.2521251265767366],[100.70781933678816,2.2517630836252147],[100.70719048413756,2.2521255502910207],[100.70683153062676,2.2526685618546187]]],[[[100.71097426252257,2.259084293306727],[100.71106426491869,2.2591746179380165],[100.71106415906056,2.2590841868240035],[100.71097426252257,2.259084293306727]]],[[[100.71097436837516,2.2591747244250064],[100.71088457767868,2.259265262028837],[100.71097447423202,2.2592651555431686],[100.71097436837516,2.2591747244250064]]],[[[100.71079478697109,2.259355799635494],[100.71088457767868,2.259265262028837],[100.7107946811211,2.2592653685089163],[100.71079478697109,2.259355799635494]]],[[[100.71061531137418,2.25962730599204],[100.7106150996752,2.2594464437224104],[100.7107048904037,2.259355906114252],[100.71052509725618,2.259356119055001],[100.71061531137418,2.25962730599204]]],[[[100.71043551818484,2.2596275189472053],[100.71052552063195,2.2597178436113206],[100.71052541478163,2.2596274124724167],[100.71043551818484,2.2596275189472053]]],[[[100.7104357298786,2.2598083812334244],[100.71034572742299,2.259718056563837],[100.71034583326643,2.2598084877111537],[100.7104357298786,2.2598083812334244]]],[[[100.71088500112634,2.2596269865173726],[100.71061562895451,2.2598985993955996],[100.71061573482314,2.2599890305298826],[100.71097510946234,2.259807742249666],[100.71088500112634,2.2596269865173726]]],[[[100.76664871126933,2.1308798963925932],[100.76655892813685,2.130970428690071],[100.76664881435697,2.130970324980843],[100.76664871126933,2.1308798963925932]]],[[[100.76386367792205,2.1321491109271964],[100.76377389447929,2.1322396432577553],[100.76386378090858,2.1322395396503313],[100.76386367792205,2.1321491109271964]]],[[[100.76107853379533,2.1333278953320796],[100.76098875004314,2.133418427691029],[100.76107863667619,2.133418324189995],[100.76107853379533,2.1333278953320796]]],[[[100.76044963585444,2.1335999063633926],[100.76035985203232,2.1336904387289737],[100.7604497387117,2.1336903352517056],[100.76044963585444,2.1335999063633926]]],[[[100.76000040810652,2.1337812814954242],[100.75991062423458,2.1338718138651194],[100.76000051094628,2.1338717104054594],[100.76000040810652,2.1337812814954242]]],[[[100.72928715722684,2.1589560017484004],[100.72928695276188,2.1587751410148313],[100.72919706311818,2.158775243855297],[100.72910737791392,2.1589562074412427],[100.72928715722684,2.1589560017484004]]],[[[100.72758242133527,2.1617612988191683],[100.72740264153002,2.161761504576162],[100.72749273597044,2.161942262598853],[100.72758262588155,2.161942159709068],[100.72758242133527,2.1617612988191683]]],[[[100.72614694293806,2.1642045681119777],[100.72623703766463,2.164385326207776],[100.72641681788977,2.164385120340132],[100.72632631394417,2.163842640262155],[100.72614694293806,2.1642045681119777]]],[[[100.72462331178271,2.16818526247374],[100.72453321658733,2.1680045043168152],[100.72435343575626,2.168004710303615],[100.72435374289408,2.1682760020796974],[100.72462361899419,2.1684565542104424],[100.7249829758399,2.168275280941748],[100.72462331178271,2.16818526247374]]],[[[100.72372614786029,2.1697236128915747],[100.72354646915787,2.1698142495738524],[100.72372625027927,2.1698140435116566],[100.72372614786029,2.1697236128915747]]],[[[100.72130555308803,2.1754235289537482],[100.72130575818055,2.1756043904114457],[100.72157543120257,2.175604080888457],[100.72157522607795,2.175423219456514],[100.72130555308803,2.1754235289537482]]],[[[100.72121586716466,2.1756044935750136],[100.72130586073321,2.1756948211401244],[100.72130575818055,2.1756043904114457],[100.72121586716466,2.1756044935750136]]],[[[100.71933441118904,2.1811229387650286],[100.71942450802696,2.1813036970764785],[100.7194243026213,2.181122835452937],[100.71933441118904,2.1811229387650286]]],[[[100.71772386559681,2.187726252367916],[100.71781386041339,2.1878165797208897],[100.71781375749794,2.187726148840247],[100.71772386559681,2.187726252367916]]],[[[100.71790375231564,2.1878164761835257],[100.71781416918532,2.188087872362135],[100.71799405596107,2.188178096127912],[100.71790395817007,2.1879973379359026],[100.71790375231564,2.1878164761835257]]],[[[100.717275126299,2.1883597862670796],[100.71718533724226,2.188450320702079],[100.717275229212,2.188450217172621],[100.717275126299,2.1883597862670796]]],[[[100.71808394787631,2.188177992562589],[100.71781447799565,2.188359165002353],[100.7175443904925,2.187997752087157],[100.71727481758552,2.1880884935497713],[100.71727502339024,2.1882693553614243],[100.71763459118353,2.1882689412237215],[100.71763520882915,2.188811526553156],[100.71790539962886,2.189263370189751],[100.7179949826424,2.188991973967346],[100.71817476656544,2.188991766754172],[100.71808394787631,2.188177992562589]]],[[[100.71512574790658,2.195415887677403],[100.7152151248463,2.1949636289661605],[100.71503523684557,2.1948734053822347],[100.71503626788748,2.1957777154199762],[100.71530584226083,2.195686973175382],[100.71512574790658,2.195415887677403]]],[[[100.71333325941521,2.2001203774811375],[100.71342335873746,2.200301135782342],[100.71369314055015,2.2003912552420553],[100.71369293403575,2.2002103931188755],[100.71333325941521,2.2001203774811375]]],[[[100.71306461316418,2.201024999903545],[100.7129748234943,2.2011155348671294],[100.71306471641965,2.201115430994067],[100.71306461316418,2.201024999903545]]],[[[100.71136346414663,2.206995429561506],[100.7112736742159,2.2070859647768226],[100.71136356757968,2.207085860725559],[100.71136346414663,2.206995429561506]]],[[[100.7122631219969,2.2076274066384514],[100.71163386843072,2.2076281354440925],[100.71136377445853,2.2072667230533196],[100.71118398770503,2.2072669311674575],[100.71145428859998,2.207809205942975],[100.7122633290353,2.2078082688794582],[100.7122631219969,2.2076274066384514]]],[[[100.70817850040689,2.2514009347820485],[100.70907640867877,2.2504955628725347],[100.70952483576693,2.249590721031065],[100.71024326642187,2.248956855153196],[100.7105117957021,2.2479617945671277],[100.71096074846112,2.247509109195481],[100.71096011669717,2.2469665223930524],[100.71140917443131,2.246604268330599],[100.7114088585748,2.2463329749904033],[100.71194696948412,2.245247166389652],[100.7130242427625,2.243979860785776],[100.71302361123121,2.2434372745450717],[100.71347256230445,2.2429845900315075],[100.71356172106242,2.242351467042108],[100.71401025087788,2.2415370587569092],[100.7139196192001,2.240904147590612],[100.7140990942178,2.2406326429910735],[100.71427741252344,2.239366397581711],[100.71391825223954,2.239728544567522],[100.71409835808501,2.2399996260384776],[100.71391856762814,2.2399998375746044],[100.71382888266267,2.2401808053470416],[100.71391940885168,2.240723285588346],[100.71373961828965,2.240723497170689],[100.71365014365003,2.2410853270088946],[100.71374056489245,2.2415373762541297],[100.7133815094481,2.2419899546338597],[100.7132027707477,2.2428944766014385],[100.71248486957924,2.2439804960562886],[100.71248529055272,2.2443422203169203],[100.71230549941349,2.2443424320635152],[100.71176686245192,2.2449760848607534],[100.71140791123473,2.245519094963484],[100.7114082269765,2.245790388306845],[100.71122854080333,2.2458810311795174],[100.71122885656297,2.2461523245470776],[100.71051074291108,2.2470574830199634],[100.71033168808533,2.247690712922168],[100.71015200160107,2.24778135588937],[100.71015252800284,2.248233511745028],[100.70907514501579,2.249410388235323],[100.70907535558385,2.2495912506760316],[100.70934493840367,2.2495005016982357],[100.70934514901342,2.249681364113137],[100.70898588069942,2.249953081485388],[100.70853755852764,2.2509483547402254],[100.70808849889433,2.25131060945908],[100.70799891861967,2.251582009197969],[100.70817871105093,2.251581797302808],[100.70817850040689,2.2514009347820485]]],[[[100.7526770277423,2.2517095264488893],[100.75258724171627,2.2518000642930622],[100.75267713581981,2.251799955572899],[100.7526770277423,2.2517095264488893]]],[[[100.7525875659583,2.2520713516774977],[100.75249777991765,2.2521618895374806],[100.75258767404769,2.252161780805407],[100.7525875659583,2.2520713516774977]]],[[[100.71214217583014,2.2584498911526043],[100.71339881887403,2.256820641198565],[100.71357861143856,2.256820428139428],[100.7135779760839,2.256277842152562],[100.71429619276131,2.255463111217359],[100.71429576925233,2.2551013873562917],[100.71465503611898,2.254829668471592],[100.71465471850372,2.254558375624801],[100.71483440479744,2.254467731682547],[100.7150134558587,2.2538345021394344],[100.71537272232446,2.253562783413457],[100.7156415633854,2.2528390166793724],[100.71618030373038,2.252295792453429],[100.71644999134327,2.2522954729791884],[100.71662999483397,2.252476121684122],[100.71635956620902,2.251843425120872],[100.71662904200286,2.25166224396015],[100.71653893450114,2.2514814887120203],[100.71671862026774,2.2513908449124878],[100.71698724924794,2.250486217040774],[100.7177052507144,2.2494906263772245],[100.71770493328849,2.249219333946149],[100.71797440849033,2.249038153029123],[100.71824324877115,2.2483143873990565],[100.71788387814351,2.248495674651267],[100.71752545943924,2.249490839256056],[100.71680724617816,2.2503055682211084],[100.71680777522185,2.2507577224793813],[100.71626935287296,2.2515722389634556],[100.7162697762052,2.2519339624664614],[100.71591040441471,2.2521152500929675],[100.71555156160937,2.252748692243255],[100.71519229529538,2.253020410837347],[100.71447482046649,2.2544681576464165],[100.71393607881956,2.2550113823233513],[100.71393639636561,2.255282675270975],[100.71375670986981,2.255373319220315],[100.71375702743364,2.255644612192169],[100.71339807771949,2.2561876241536556],[100.7126797542976,2.2569119242519378],[100.7123210157494,2.257635798595037],[100.71196174771521,2.257907517751377],[100.71214196405276,2.2582690290250103],[100.71196238292968,2.2584501041868026],[100.71214217583014,2.2584498911526043]]],[[[100.71187206300198,2.258088486388634],[100.71196206530333,2.25817881096962],[100.71196195943637,2.2580883798969906],[100.71187206300198,2.258088486388634]]],[[[100.71187216886338,2.2581789174655325],[100.71178237827928,2.258269455036909],[100.71187227472903,2.258269348542313],[100.71187216886338,2.2581789174655325]]],[[[100.71169258768407,2.2583599926111186],[100.71178237827928,2.258269455036909],[100.71169248182528,2.2582695615259185],[100.71169258768407,2.2583599926111186]]],[[[100.71169258768407,2.2583599926111186],[100.71160279707776,2.2584505301881626],[100.71169269354712,2.258450423696202],[100.71169258768407,2.2583599926111186]]],[[[100.71187248647307,2.258450210695522],[100.71196248881364,2.2585405352589607],[100.71196238292968,2.2584501041868026],[100.71187248647307,2.258450210695522]]],[[[100.71142321583181,2.258631605350745],[100.71160279707776,2.2584505301881626],[100.7114230041263,2.258450743155324],[100.71142321583181,2.258631605350745]]],[[[100.71142321583181,2.258631605350745],[100.71133353105002,2.258812574037965],[100.71142342755434,2.2588124675456926],[100.71142321583181,2.258631605350745]]],[[[100.71133395452381,2.259174298443518],[100.71187259235147,2.2585406417719494],[100.71133374277841,2.2589934362409774],[100.71133395452381,2.259174298443518]]],[[[100.71133353105002,2.258812574037965],[100.71124374039796,2.258903111630482],[100.71133363691207,2.25890300513953],[100.71133353105002,2.258812574037965]]],[[[100.71133395452381,2.259174298443518],[100.71097468595846,2.259446017779139],[100.7109748977019,2.259626880014638],[100.71133416628619,2.259355160645588],[100.71133395452381,2.259174298443518]]],[[[100.73866520770206,2.2615832666225777],[100.7389346784237,2.2614020820755676],[100.73884424469945,2.2609500414924795],[100.73857520464868,2.2614929451474444],[100.73830551850281,2.261493270059524],[100.73839595224902,2.2619453107766803],[100.73875574928086,2.262125737011029],[100.73884542925468,2.261944769092223],[100.73866553076806,2.261854555992914],[100.73866520770206,2.2615832666225777]]],[[[100.73902511230717,2.261854122606745],[100.73893532464287,2.2619446607385476],[100.73902522002672,2.2619445523792767],[100.73902511230717,2.261854122606745]]],[[[100.77374598525026,2.12761627036038],[100.77365620290864,2.1277068025703056],[100.77374608859324,2.127706698603953],[100.77374598525026,2.12761627036038]]],[[[100.77365620290864,2.1277068025703056],[100.77356642055655,2.1277973347837023],[100.77365630625079,2.127797230818189],[100.77365620290864,2.1277068025703056]]],[[[100.77338675248572,2.1278879709599807],[100.77356642055655,2.1277973347837023],[100.77338664915487,2.1277975426989433],[100.77338675248572,2.1278879709599807]]],[[[100.77338675248572,2.1278879709599807],[100.77311719865408,2.127978711080831],[100.77338685582099,2.1279783992209076],[100.77338675248572,2.1278879709599807]]],[[[100.77302731292296,2.1279788150236127],[100.77293753050098,2.128069347244054],[100.77302741624172,2.128069243302113],[100.77302731292296,2.1279788150236127]]],[[[100.77293753050098,2.128069347244054],[100.77284774806851,2.128159879467962],[100.77293763381888,2.1281597755268633],[100.77293753050098,2.128069347244054]]],[[[100.77266797655457,2.1281600873343685],[100.77275796562559,2.128250411695336],[100.77275786231374,2.1281599834037968],[100.77266797655457,2.1281600873343685]]],[[[100.77266818317221,2.1283409439261756],[100.77257819409239,2.128250619560056],[100.77257829739817,2.128341047860324],[100.77266818317221,2.1283409439261756]]],[[[100.77239852583692,2.12834125571283],[100.77230874334417,2.1284317879446015],[100.77239862913662,2.128431684021825],[100.77239852583692,2.12834125571283]]],[[[100.77212897174606,2.1284319957743643],[100.77203918922358,2.1285225280079096],[100.77212907503446,2.1285224240965053],[100.77212897174606,2.1284319957743643]]],[[[100.77203918922358,2.1285225280079096],[100.77194940669065,2.1286130602449154],[100.77203929251117,2.128612956334357],[100.77203918922358,2.1285225280079096]]],[[[100.77167985247375,2.128703800289012],[100.77150018404765,2.1287944364243168],[100.77150028731702,2.1288848647769365],[100.77168005902904,2.128884656976694],[100.77167985247375,2.128703800289012]]],[[[100.77114074384025,2.1288852803142415],[100.77123073297412,2.1289756048035717],[100.77123062971604,2.1288851764378127],[100.77114074384025,2.1288852803142415]]],[[[100.7711408470931,2.1289757086844165],[100.77105106445968,2.129066240934476],[100.77114095035033,2.1290661370544797],[100.7711408470931,2.1289757086844165]]],[[[100.77096117856463,2.1290663448092064],[100.77087139591112,2.1291568770618707],[100.7709612818158,2.12915677318799],[100.77096117856463,2.1290663448092064]]],[[[100.77078151000205,2.129156980930486],[100.77060184140534,2.1292476170482537],[100.77078161324714,2.1292474093179896],[100.77078151000205,2.129156980930486]]],[[[100.77051195547784,2.1292477209054868],[100.77060194464435,2.129338045444475],[100.77060184140534,2.1292476170482537],[100.77051195547784,2.1292477209054868]]],[[[100.7702424008871,2.1293384608594708],[100.77033239006072,2.129428785422974],[100.770332286833,2.1293383570136206],[100.7702424008871,2.1293384608594708]]],[[[100.76997294944094,2.1295196292193292],[100.76988316667732,2.129610161484139],[100.7699730526565,2.129610057646115],[100.76997294944094,2.1295196292193292]]],[[[100.76808627117441,2.1303356652899246],[100.76799648820102,2.1304261975754346],[100.76808637431952,2.1304260938083357],[100.76808627117441,2.1303356652899246]]],[[[100.76754716066074,2.1305171448766465],[100.7673674914682,2.1306077809046142],[100.76754726378321,2.1306075734212815],[100.76754716066074,2.1305171448766465]]],[[[100.76727770841526,2.1306983131961204],[100.7673674914682,2.1306077809046142],[100.76727760530412,2.1306078846383767],[100.76727770841526,2.1306983131961204]]],[[[100.77844785644105,2.1517551326684057],[100.7783580743747,2.1518456660756997],[100.77844796123453,2.151845560651791],[100.77844785644105,2.1517551326684057]]],[[[100.77835817916731,2.151936094063407],[100.77826850188565,2.152117055470372],[100.77835838876578,2.1521169500384834],[100.77835817916731,2.151936094063407]]],[[[100.77826860668621,2.1522074834621754],[100.77817892940017,2.152388444885312],[100.77826881630058,2.152388339445444],[100.77826860668621,2.1522074834621754]]],[[[100.77808914729857,2.15247897832019],[100.77817924383895,2.1526597288726714],[100.77817903420869,2.152478872881211],[100.77808914729857,2.15247897832019]]],[[[100.77799978443988,2.1529312237759854],[100.77808977621056,2.1530215463198195],[100.77808967138087,2.152931118320163],[100.77799978443988,2.1529312237759854]]],[[[100.77800020376398,2.1532929357916686],[100.7779104216342,2.1533834692679714],[100.77800030860605,2.1533833637953075],[100.77800020376398,2.1532929357916686]]],[[[100.77791063132095,2.1535643252837775],[100.77782084917881,2.153654858772149],[100.77791073617097,2.1536547532915113],[100.77791063132095,2.1535643252837775]]],[[[100.7777315913114,2.1541975323446905],[100.77764180914365,2.154288065861514],[100.77773169618169,2.154287960360501],[100.7777315913114,2.1541975323446905]]],[[[100.77746276915876,2.1549212730481484],[100.77755286603713,2.1551020235742],[100.77755265624269,2.154921167526767],[100.77746276915876,2.1549212730481484]]],[[[100.77737351144303,2.1554639467583296],[100.77746350347937,2.155554269243215],[100.77746339856319,2.155463841215686],[100.77737351144303,2.1554639467583296]]],[[[100.77728456862752,2.1562779046191034],[100.77719489133523,2.156458866270469],[100.77728477852249,2.1564587606897416],[100.77728456862752,2.1562779046191034]]],[[[100.7771953111569,2.1568205784281167],[100.77710552890517,2.1569111120647975],[100.77719541612335,2.1569110064672468],[100.7771953111569,2.1568205784281167]]],[[[100.77674944548026,2.159895660360644],[100.77665976823846,2.160076622201346],[100.77674965566443,2.160076516475415],[100.77674944548026,2.159895660360644]]],[[[100.77665987333185,2.160167050262993],[100.77675007608568,2.1604382287036015],[100.77674976076312,2.160166944532631],[100.77665987333185,2.160167050262993]]],[[[100.77793412210494,2.173729768209219],[100.77802411611295,2.1738200897171236],[100.7780240102735,2.17372966173908],[100.77793412210494,2.173729768209219]]],[[[100.77848597373054,2.184399627313987],[100.77839629771977,2.184580590227849],[100.77848618650911,2.1845804831986984],[100.77848597373054,2.184399627313987]]],[[[100.78498874230291,2.1337523162809093],[100.78489896111213,2.1338428488890413],[100.78498884660091,2.133842743962319],[100.78498874230291,2.1337523162809093]]],[[[100.78489927401698,2.134114131945949],[100.78480959712293,2.1342950922603596],[100.78489948264236,2.134294987316662],[100.78489927401698,2.134114131945949]]],[[[100.78328675928171,2.1388182636216526],[100.78319697786091,2.1389087964567697],[100.7832868637279,2.1389086913813182],[100.78328675928171,2.1388182636216526]]],[[[100.78274880178046,2.1399944551820287],[100.78265922923781,2.1402658436467332],[100.78274911521025,2.140265738536344],[100.78274880178046,2.1399944551820287]]],[[[100.78265933371799,2.140356271435725],[100.78256955221522,2.1404468043385907],[100.7826594382026,2.1404466992246056],[100.78265933371799,2.140356271435725]]],[[[100.78230073009424,2.1411705420980147],[100.78221094854517,2.14126107503647],[100.7823008345976,2.1412609699036644],[100.78230073009424,2.1411705420980147]]],[[[100.78212116698558,2.1413516079784047],[100.78221115755466,2.14144193065632],[100.7822110530477,2.141351502846451],[100.78212116698558,2.1413516079784047]]],[[[100.7820314899163,2.1415325687424627],[100.78212158501888,2.1417133192349818],[100.78212137599337,2.141532463606918],[100.7820314899163,2.1415325687424627]]],[[[100.78203169893126,2.1417134243794145],[100.78194191734808,2.1418039573413004],[100.78203180344538,2.1418038521977216],[100.78203169893126,2.1417134243794145]]],[[[100.78194212637906,2.1419848129864656],[100.78185244930495,2.142165773787234],[100.78194233542773,2.1421656686311814],[100.78194212637906,2.1419848129864656]]],[[[100.78185244930495,2.142165773787234],[100.78176266769817,2.1422563067690663],[100.78185255383065,2.142256201613868],[100.78185244930495,2.142165773787234]]],[[[100.78158331350379,2.1426182284222897],[100.78167330420345,2.142708551094875],[100.78167319966619,2.1426181232599175],[100.78158331350379,2.1426182284222897]]],[[[100.7814936363949,2.1427991892669342],[100.78158373165837,2.142979939779215],[100.78158352257223,2.142799084100977],[100.7814936363949,2.1427991892669342]]],[[[100.78149395001493,2.143070472797449],[100.78140416836095,2.143161005819155],[100.78149405456378,2.1431609006407295],[100.78149395001493,2.143070472797449]]],[[[100.78140427290896,2.143251433666765],[100.78131449124359,2.1433419666962714],[100.78140437746139,2.143341861514263],[100.78140427290896,2.143251433666765]]],[[[100.78131459579518,2.1434323945480984],[100.78122481411842,2.1435229275854044],[100.78131470035117,2.143522822399814],[100.78131459579518,2.1434323945480984]]],[[[100.78113503243114,2.14361346062618],[100.78122512779714,2.1437942111532013],[100.78122491867357,2.143613355441449],[100.78113503243114,2.14361346062618]]],[[[100.78095588726188,2.1441562381935837],[100.78104587812035,2.1442465608569523],[100.78104577354479,2.1441561329928116],[100.78095588726188,2.1441562381935837]]],[[[100.78086652384386,2.1446084827530414],[100.78077684669385,2.1447894437190995],[100.78086673302249,2.1447893384978505],[100.78086652384386,2.1446084827530414]]],[[[100.78068716953602,2.144970404697166],[100.78077684669385,2.1447894437190995],[100.78068696036078,2.1447895489350453],[100.78068716953602,2.144970404697166]]],[[[100.78059770157043,2.1453322214573394],[100.78050791979827,2.1454227545786355],[100.78059780617708,2.1454226493422213],[100.78059770157043,2.1453322214573394]]],[[[100.7805081290143,2.145603610356943],[100.78041834722987,2.1456941434903545],[100.78050823362894,2.145694038245928],[100.7805081290143,2.145603610356943]]],[[[100.78032898391312,2.1461463882171077],[100.78023920210418,2.146236921374745],[100.78032908854372,2.1462368161142975],[100.78032898391312,2.1461463882171077]]],[[[100.78023941136809,2.1464177771776645],[100.78014962954688,2.1465083103474116],[100.78023951600667,2.146508205078956],[100.78023941136809,2.1464177771776645]]],[[[100.78014973418459,2.146598738253029],[100.78005995235196,2.1466892714305588],[100.78014983882674,2.146689166158535],[100.78014973418459,2.146598738253029]]],[[[100.7798805979386,2.147051193632838],[100.77997058909699,2.1471415162674994],[100.77997048444333,2.1470510883536793],[100.7798805979386,2.147051193632838]]],[[[100.77970134814932,2.14750354380977],[100.77979133935446,2.1475938664411767],[100.77979123468926,2.147503438519043],[100.77970134814932,2.14750354380977]]],[[[100.7797015574736,2.1476843996628006],[100.77961188025006,2.1478653608185474],[100.77970176681555,2.1478652555153817],[100.7797015574736,2.1476843996628006]]],[[[100.77961208959911,2.1480462166795533],[100.77952230769452,2.1481367499210537],[100.77961219428026,2.1481366446098877],[100.77961208959911,2.1480462166795533]]],[[[100.77952241237483,2.1482271778557127],[100.77943263045881,2.1483177111049865],[100.77952251705953,2.148317605790259],[100.77952241237483,2.1482271778557127]]],[[[100.77934305790261,2.148589100243986],[100.77943304922067,2.148679422859796],[100.77943294452358,2.1485889949212615],[100.77934305790261,2.148589100243986]]],[[[100.77916391280111,2.149131878582865],[100.77925390417565,2.1492222011908817],[100.77925379946262,2.14913177324415],[100.77916391280111,2.149131878582865]]],[[[100.77889550938421,2.1502173301333993],[100.77880583212523,2.1503982914390876],[100.77889571887839,2.1503981860595376],[100.77889550938421,2.1502173301333993]]],[[[100.77880604162648,2.1505791473736453],[100.77871625961029,2.1506696807282935],[100.77880614638372,2.1506695753407556],[100.77880604162648,2.1505791473736453]]],[[[100.77853732414022,2.1513933153266795],[100.77844754208708,2.151483848717574],[100.77853742892134,2.1514837433060814],[100.77853732414022,2.1513933153266795]]],[[[100.77875064407044,2.1801491934237522],[100.77884085119557,2.1804203703801073],[100.77884053257924,2.180149086590324],[100.77875064407044,2.1801491934237522]]],[[[100.77857479882306,2.183495240902236],[100.77866479389282,2.183585561850186],[100.77866468753915,2.1834951339154998],[100.77857479882306,2.183495240902236]]]]},"properties":{"change":"accretion","id":"rohil-bangko-pulau-barkey-berkey","village":"Pulau Berkey","district":"Bangko","regency":"Rokan Hilir","intervention":false,"programmeStatus":"regional","analysisUnit":"landmass","administrativeBoundaryUsedForAttribution":false,"administrativeSeawardBoundaryUsedForClipping":false,"method":"Perubahan daratan Pulau Berkey 2016–2025; daratan dipilih dari titik jangkar pulau"}}]}