{"type":"FeatureCollection","schemaVersion":1,"month":"2026-08","status":"partial","generatedAt":"2026-09-12T08:10:17.610765+00:00","sourceGeneratedAt":"2026-09-12T08:10:16.564999+00:00","province":"Riau","assignment":"firstDetectionAsiaJakarta","estimatedAreaHa":1703.12,"eventCount":12,"features":[{"type":"Feature","properties":{"eventId":"RIAU-20260827-007","firstDetection":"2026-08-27T07:03:00+00:00","lastDetection":"2026-09-08T07:33:00+00:00","estimatedAreaHa":97.92,"confidence":"tinggi","hotspotCount":5,"detectionDays":3,"villages":["Koto Baru","Koto Baru/Sungai Paku","Sungailiti","Sungaipaku"],"districts":["Kampar Kiri","Singingi Hilir"],"regencies":["Kampar","Kuantan Singingi"],"method":"Sentinel-2 dNBR/NBR indication","resolutionM":20,"clearCoveragePct":97.7,"preSceneDates":["2026-07-01","2026-07-08","2026-07-31","2026-08-15"],"postSceneDates":["2026-09-09"],"status":"estimate","disclaimer":"Estimasi berbasis citra satelit; bukan hasil verifikasi lapangan.","province":"Riau","villageAreas":[{"village":"Koto Baru","district":"Singingi Hilir","regency":"Kuantan Singingi","areaHa":5.357046},{"village":"Koto Baru/Sungai Paku","district":"Singingi Hilir","regency":"Kuantan Singingi","areaHa":12.911675},{"village":"Sungailiti","district":"Kampar Kiri","regency":"Kampar","areaHa":11.2},{"village":"Sungaipaku","district":"Singingi Hilir","regency":"Kuantan Singingi","areaHa":68.451279}],"unassignedAreaHa":0.0,"archiveEventId":"BA-4ff01d5919998c6d","reportMonth":"2026-08"},"geometry":{"type":"MultiPolygon","coordinates":[[[[101.21217849242915,-0.2119099114458017],[101.2123580937358,-0.21190988561209906],[101.21235811940873,-0.2120906960769094],[101.21253772069558,-0.21209067021906927],[101.2125377721113,-0.21245229110446445],[101.21217856950737,-0.2124523429062238],[101.21217854379275,-0.21227153241946198],[101.21199894246003,-0.21227155829515312],[101.21199891676937,-0.21209074778630496],[101.21181931541683,-0.21209077363786033],[101.21181928975015,-0.21190996310692758],[101.21163968837782,-0.21190998893435087],[101.2116396627351,-0.21172917838133543],[101.21146006134295,-0.21172920418463007],[101.21146001012733,-0.21136758303439193],[101.21128040871744,-0.21136760879152797],[101.21128038314454,-0.21118679819430713],[101.21145998455235,-0.21118677245920472],[101.21145995899927,-0.2110059618839723],[101.21181916174508,-0.21100591045158235],[101.21181918730231,-0.2111867209827421],[101.21199878864445,-0.21118669524138184],[101.21199886545372,-0.21172912676847205],[101.2121784667802,-0.21172910095890332],[101.21217849242915,-0.2119099114458017]]],[[[101.21056179895476,-0.20992122631522614],[101.210382197452,-0.2099212518857254],[101.21038224829269,-0.21028287330103804],[101.21020264676392,-0.2102828989135097],[101.2102025705419,-0.20974046672440433],[101.21038217206447,-0.2097404411780015],[101.21038212135505,-0.20937881976241868],[101.21020251983659,-0.2093788452647756],[101.21020246921879,-0.2090172238049671],[101.21038207073315,-0.2090171983466561],[101.21038202019874,-0.20865557693071404],[101.21056162168713,-0.2086555515143879],[101.2105616975277,-0.20919798357215946],[101.21074129900036,-0.20919795808769281],[101.21074137504401,-0.20974039007898074],[101.21056177356517,-0.20974041562952705],[101.21056179895476,-0.20992122631522614]]],[[[101.20840587752359,-0.20485882641089212],[101.20858547920993,-0.20485880147934363],[101.20858540501087,-0.20431636869185568],[101.20840580333054,-0.20431639355738898],[101.20840577864324,-0.2041355826061335],[101.20858538032155,-0.20413555776260525],[101.2085853310085,-0.20377393590397308],[101.2084057293342,-0.2037739607034912],[101.20840563097843,-0.20305071689768212],[101.20876483428921,-0.20305066747268077],[101.20876510565316,-0.2050395874528394],[101.20858550398667,-0.20503961240841834],[101.20858555360573,-0.2054012342664358],[101.20840595191335,-0.20540125926399963],[101.20840587752359,-0.20485882641089212]]],[[[101.20876429949683,-0.1990728274965964],[101.20876439594483,-0.19979607113016196],[101.20858479433592,-0.19979609544754207],[101.20858481850061,-0.1999769063778332],[101.20768681011849,-0.19997702804513892],[101.20768668956258,-0.19907297284321762],[101.20876429949683,-0.1990728274965964]]],[[[101.20535186534039,-0.19907328751805278],[101.20535188938247,-0.19925409884433307],[101.20571109335306,-0.19925405041049868],[101.20571111742088,-0.19943486169278501],[101.20589071937539,-0.19943483745093735],[101.20589076758043,-0.19979645997142495],[101.20481315550246,-0.19979660565664767],[101.20481313140077,-0.19961579426458245],[101.20391512074546,-0.1996159155048433],[101.20391502459607,-0.19889266949687467],[101.20409462676294,-0.1988926453406076],[101.20409460277817,-0.19871183386046903],[101.20427420492128,-0.19871180972419963],[101.20427418095636,-0.19853099826598072],[101.20463338517324,-0.19853095003148316],[101.20463340914203,-0.19871176144577232],[101.20481301121968,-0.1987117373036145],[101.20481303521227,-0.1988925486958935],[101.205172239306,-0.198892500361749],[101.2051722633243,-0.19907331171004483],[101.20535186534039,-0.19907328751805278]]],[[[101.19744923655514,-0.19817028864787334],[101.19762883949836,-0.19817026464991658],[101.1976289829204,-0.19925513826757268],[101.19726977698882,-0.19925518652427135],[101.19726968130271,-0.19853193727084265],[101.19709007831212,-0.19853196130866954],[101.19709005444689,-0.1983511489733133],[101.19691045143648,-0.1983511729872883],[101.19691042759497,-0.1981703606299988],[101.19673082456475,-0.19817038462012565],[101.19673072942389,-0.19744713510298692],[101.19708993544705,-0.19744708729589464],[101.19708995920354,-0.19762789963146324],[101.19726956218443,-0.19762787570309903],[101.19726960976651,-0.19798950033032386],[101.19744921272954,-0.1979894763562189],[101.19744923655514,-0.19817028864787334]]],[[[101.19223960257145,-0.1893111503205307],[101.19241920605153,-0.1893111274497124],[101.19241925153246,-0.18967275326170036],[101.19206004454315,-0.18967279908884058],[101.19206002179556,-0.18949198613918006],[101.19170081472319,-0.18949203191514633],[101.19170079200101,-0.18931121892176556],[101.1913415848456,-0.18931126464657216],[101.19134153947373,-0.18894963857234384],[101.19152114305858,-0.1889496157545463],[101.19152112040332,-0.18876880273920676],[101.19188032750422,-0.18876875714168845],[101.19188030486696,-0.18858794416998448],[101.19205990838302,-0.1885879213902691],[101.19205988576559,-0.1884071084403654],[101.19223948925811,-0.18840708568062964],[101.19223955718101,-0.18894952446469174],[101.19205995368294,-0.18894954728995506],[101.19205997636546,-0.18913036023973726],[101.19223957986537,-0.1891303373926315],[101.19223960257145,-0.1893111503205307]]],[[[101.20876303168295,-0.18930903837756857],[101.20858343018477,-0.18930906141855225],[101.20858340730977,-0.18912825048579762],[101.20840380579158,-0.18912827350290637],[101.20840376011085,-0.18876665159326544],[101.20822415857452,-0.18876667456449953],[101.20822411298492,-0.18840505261069002],[101.20876291751725,-0.18840498382342422],[101.20876296311793,-0.18876660564520353],[101.2089425645887,-0.18876658266837582],[101.20894258742369,-0.18894739355719609],[101.2087629859511,-0.1889474165560324],[101.20876303168295,-0.18930903837756857]]],[[[101.19098226435496,-0.1884072449596974],[101.19098230958929,-0.18876887112149943],[101.19062310227152,-0.18876891670037121],[101.19062307964721,-0.18858810357583222],[101.19008426851347,-0.18858817186468113],[101.19008415574486,-0.1876841059140109],[101.19044336317056,-0.18768406060821202],[101.19044338568462,-0.18786487375477914],[101.19062298936679,-0.18786485107727238],[101.19062303446364,-0.188226477326633],[101.19080263812782,-0.1882264546036141],[101.19080266071062,-0.18840726770640567],[101.19098226435496,-0.1884072449596974]]],[[[101.21019936674897,-0.18551182854670295],[101.21019932190616,-0.18515020707571675],[101.21055852440253,-0.18515016197131548],[101.21055854681663,-0.18533097266278092],[101.21073814803381,-0.1853309500858107],[101.2107381929313,-0.18569257142456919],[101.21055859171047,-0.18569259404559244],[101.21055856925261,-0.18551178335420654],[101.21019936674897,-0.18551182854670295]]],[[[101.19421357433939,-0.17556913427478157],[101.19457278052816,-0.17556909181358746],[101.19457280162932,-0.17574990446030558],[101.19493200773466,-0.17574986194843775],[101.19493205000903,-0.1761114871542874],[101.19475244696378,-0.17611150845482787],[101.19475246813181,-0.17629232107956538],[101.19457286506311,-0.17629234240023373],[101.19457288625115,-0.1764731550468009],[101.19439328315897,-0.17647317638759358],[101.19439332559675,-0.17683480172434565],[101.19403411934033,-0.17683484448815354],[101.19403409811406,-0.17665403177607036],[101.19349528857177,-0.17665409584310587],[101.19349526737241,-0.1764732830654092],[101.1931360609058,-0.1764733257243332],[101.19313597633926,-0.17575007443833565],[101.19331557957652,-0.17575005319715803],[101.19331553742005,-0.17538842759763934],[101.19349514063214,-0.17538840639843567],[101.19349511958474,-0.1752075936204749],[101.19367472277341,-0.1752075724413955],[101.19367476489336,-0.17556919795356588],[101.19385436806374,-0.1755691767290387],[101.193854389158,-0.17574998946320888],[101.19421359543709,-0.17574994696522933],[101.19421357433939,-0.17556913427478157]]],[[[101.19475232041168,-0.17502663270561136],[101.19403390805476,-0.17502671736562192],[101.19403384509253,-0.17448427922812884],[101.1942134482092,-0.1744842581313059],[101.1942134272635,-0.17430344544059548],[101.19475223647805,-0.1743033822053825],[101.19475221554896,-0.17412256958023176],[101.19511142157995,-0.1741225274585547],[101.19511148444269,-0.17466496520267383],[101.19493188143292,-0.17466498632998548],[101.19493190242889,-0.17484579893315474],[101.19475229939567,-0.17484582008061036],[101.19475232041168,-0.17502663270561136]]],[[[101.19708703226709,-0.17394148332560608],[101.1972666350092,-0.1739414622651607],[101.1972666978683,-0.17448389922161617],[101.19744630059377,-0.17448387809376978],[101.19744632159201,-0.17466469039061924],[101.19762592429745,-0.17466466923915333],[101.19762594531916,-0.1748454815140692],[101.19780554800457,-0.17484546033898019],[101.19780556904975,-0.17502627259196074],[101.19726676092311,-0.17502633617773486],[101.19726678198487,-0.17520714849636615],[101.19708717923078,-0.17520716971005892],[101.19708720031257,-0.17538798205054507],[101.19690759753502,-0.17538800328439788],[101.19690761863683,-0.17556881564673707],[101.1967280158358,-0.17556883690074637],[101.19672797365735,-0.17520721213225254],[101.19690757645493,-0.17520719092202106],[101.19690751334518,-0.1746647538346653],[101.19672791055274,-0.17466477497923],[101.19672784764381,-0.1741223378258704],[101.19654824483477,-0.1741223589030484],[101.19654822391031,-0.17394154649663338],[101.19618901823044,-0.17394158860206074],[101.19618897645356,-0.17357996370158094],[101.19600937358443,-0.17357998470795388],[101.1960093527303,-0.17339917223577633],[101.19582974984114,-0.17339919321855463],[101.19582972901043,-0.17321838072446],[101.19565012610124,-0.17321840168364733],[101.19565014693023,-0.17339921419962023],[101.19511133806714,-0.17339927713253997],[101.19511129644107,-0.17303765196930937],[101.19529089941378,-0.17303763103712788],[101.19529087863164,-0.17285681847732973],[101.19582968741426,-0.17285675573615927],[101.19582966664876,-0.17267594324195318],[101.19618887239179,-0.17267590144973066],[101.19618885164464,-0.17249508899924934],[101.19636845448186,-0.17249506812246315],[101.19636843375476,-0.17231425569382844],[101.19672763936059,-0.17231421397891686],[101.19672766009107,-0.1724950263637791],[101.19690726286308,-0.1724950054818813],[101.19690732519007,-0.17303744257057932],[101.19708692794539,-0.17303742162130556],[101.19708703226709,-0.17394148332560608]]],[[[101.20247502135777,-0.17321760403168945],[101.20247506316679,-0.17357922739834422],[101.20229546105948,-0.17357924846472716],[101.20229558699944,-0.17466411869546208],[101.20193638269893,-0.17466416108638358],[101.20193636165789,-0.17448334933747128],[101.2021159638173,-0.17448332816481393],[101.20211592179716,-0.1741217047107586],[101.20193631964113,-0.17412172583953456],[101.20193619411396,-0.17303685534482918],[101.20175659194638,-0.1730368763402517],[101.20175655028171,-0.17267525279784138],[101.20211575458832,-0.17267521089304627],[101.20211577541315,-0.1728560226203904],[101.20283418377157,-0.17285593870255211],[101.20283420462498,-0.17303675034207847],[101.20265460256638,-0.17303677134604697],[101.20265462343988,-0.17321758300748408],[101.20247502135777,-0.17321760403168945]]],[[[101.20894070352153,-0.1733976569745468],[101.20894072449822,-0.1735784678666722],[101.2091203257978,-0.17357844673685136],[101.20912036782015,-0.17394006847696958],[101.20894076651717,-0.1739400896508111],[101.20894078755944,-0.17412090054282456],[101.20876118623289,-0.17412092173695656],[101.20876122837959,-0.17448254356488851],[101.20840202565405,-0.17448258603601643],[101.2084020045732,-0.1743017750780574],[101.20822240317935,-0.17430179628903297],[101.20822236108661,-0.17394017432899622],[101.20804275967433,-0.17394019549424727],[101.20804263393086,-0.1728553294812338],[101.20840183671314,-0.1728552874130414],[101.20840185761914,-0.17303609837129869],[101.20858145897921,-0.17303607731263645],[101.20858147990877,-0.17321688824885154],[101.20876108124867,-0.1732168671664734],[101.20876110220179,-0.1733976780806445],[101.20894070352153,-0.1733976569745468]]],[[[101.20014004681657,-0.17195219341024598],[101.1999604444413,-0.17195221425705015],[101.19996046515868,-0.17213302624771268],[101.19978086275995,-0.17213304711473762],[101.19978080067818,-0.1715906110768815],[101.19960119826274,-0.17159063187645368],[101.1996011569871,-0.17122900780719716],[101.19978075939919,-0.17122898705145995],[101.19978073879236,-0.17104817503869404],[101.20013994354785,-0.17104813356598583],[101.20013996415803,-0.1712289455349114],[101.20031956650479,-0.17122892477410015],[101.20031960779387,-0.17159054866799534],[101.20014000544376,-0.1715905694726523],[101.20014004681657,-0.17195219341024598]]],[[[101.2101976827166,-0.1714085910632898],[101.20965887920681,-0.17140865368577562],[101.20965883778656,-0.17104703207670438],[101.209838438975,-0.17104701124827051],[101.209838418296,-0.17086620046569734],[101.21001801946089,-0.1708661796575932],[101.2100179988021,-0.17068536889700262],[101.21019759994344,-0.17068534810923186],[101.21019762060392,-0.1708661588478014],[101.21037722172505,-0.17086613803632186],[101.210377263115,-0.1712277594693052],[101.21019766199049,-0.17122778032483044],[101.2101976827166,-0.1714085910632898]]],[[[101.19888268539106,-0.17068665444611633],[101.19906228788518,-0.17068663376287552],[101.19906237024213,-0.17140988216464914],[101.19888276774131,-0.1714099029355313],[101.19888274712109,-0.17122909081323262],[101.19852354205752,-0.17122913230610223],[101.19852352146242,-0.17104832013995144],[101.19816431631516,-0.17104836158224748],[101.19816433690687,-0.1712291737922064],[101.19762552901777,-0.17122923600867737],[101.19762548786613,-0.17086761145732512],[101.19780509051424,-0.17086759076398847],[101.19780506996938,-0.17068677851015523],[101.19798467259405,-0.17068675783703038],[101.19798465206927,-0.17050594560506013],[101.19834385725,-0.17050590429755713],[101.19834387777813,-0.17068671648572276],[101.19852348033754,-0.17068669580753995],[101.1985235008891,-0.17086750797376404],[101.19888270594598,-0.1708674665685251],[101.19888268539106,-0.17068665444611633]]],[[[101.19924168597203,-0.16887849229007842],[101.19924170631262,-0.1690593043690291],[101.19906210385527,-0.16905932485674682],[101.19906214459846,-0.16942094905836358],[101.19834373453813,-0.16942103116779655],[101.1983437549357,-0.169601843356181],[101.19816415236455,-0.1696018639012587],[101.19816417278224,-0.16978267611151],[101.19798457018767,-0.1697826966768138],[101.19798454977166,-0.1696018844446611],[101.19780494715701,-0.16960190498638814],[101.1978049267644,-0.16942109273229947],[101.19762532412966,-0.16942111325045345],[101.19762528341306,-0.16905948869837137],[101.19744568075988,-0.1690595091710598],[101.19744566043586,-0.16887869687306828],[101.19780486571713,-0.16887865596981544],[101.19780484541155,-0.16869784371558164],[101.19816405060251,-0.16869780284945723],[101.19816407091142,-0.16887861505989005],[101.19834367347592,-0.1688785946024251],[101.19834365316537,-0.16869778241389552],[101.19888246072334,-0.16869772109721218],[101.19888248103886,-0.16887853322002153],[101.19924168597203,-0.16887849229007842]]],[[[101.19618813918848,-0.1661666532093756],[101.19618811922385,-0.16598584075758696],[101.19654732475699,-0.16598580057799006],[101.19654738472589,-0.1665282378019423],[101.1963677819653,-0.16652825795821652],[101.19636776195556,-0.1663474455283828],[101.19582895354826,-0.1663475059216906],[101.19582893356514,-0.16616669342617596],[101.19618813918848,-0.1661666532093756]]],[[[101.22223659936941,-0.21516302802299198],[101.22241619948485,-0.21516300167350963],[101.22241622567019,-0.21534381090025806],[101.22259582576574,-0.2153437845265061],[101.22259587820662,-0.2157054029355754],[101.2227754782844,-0.21570537651540408],[101.22277555711706,-0.2162478040622218],[101.2229551571792,-0.21624777757347602],[101.22295520984854,-0.216609395893493],[101.22313480989294,-0.2166093693583118],[101.22313483626273,-0.21679017849610072],[101.22115923454128,-0.21679047050897238],[101.22115920819486,-0.21660966112763416],[101.22097960790856,-0.21660968763928112],[101.22097958158626,-0.2164288782357663],[101.2207999812801,-0.21642890472314538],[101.22079990245143,-0.21588647644593714],[101.22062030212965,-0.21588650286479896],[101.22062022350515,-0.21534407452079374],[101.22044062316773,-0.21534410087114883],[101.22044059700563,-0.21516329140092974],[101.22062019734093,-0.21516326507269942],[101.2206201711987,-0.2149824556245589],[101.22133857231167,-0.21498235037890231],[101.22133859846234,-0.2151631597385259],[101.22151819868773,-0.21516313339966947],[101.22151817253496,-0.2149823240621796],[101.22223657320819,-0.21498221877405468],[101.22223659936941,-0.21516302802299198]]],[[[101.22654702229947,-0.21534320376583974],[101.22672662188863,-0.2153431773431676],[101.22672672705306,-0.21606641212186378],[101.22636752783578,-0.2160664651425578],[101.22636747521794,-0.21570484766456408],[101.22654707483338,-0.21570482119965145],[101.22654702229947,-0.21534320376583974]]],[[[101.21918344635989,-0.21552509488907498],[101.21936304685322,-0.21552506853149656],[101.21936307304658,-0.21570587813433414],[101.21918347255114,-0.21570590451402485],[101.21918349876435,-0.21588671413892835],[101.21900389824482,-0.21588674053859888],[101.21900387203374,-0.2157059308915849],[101.21882427149437,-0.21570595726701447],[101.21882424530736,-0.2155251475978454],[101.2190038458446,-0.2155251212445246],[101.21900381967744,-0.215344311597418],[101.2188242191423,-0.21534433792863017],[101.21882419299922,-0.2151635282593686],[101.21900379353224,-0.21516350195026515],[101.21900374130772,-0.2148018826558209],[101.21882414077892,-0.21480190892070697],[101.21882408864646,-0.21444028958186087],[101.21918328967368,-0.21444023713840532],[101.21918331573313,-0.2146210467636323],[101.21936291621591,-0.21462102051661516],[101.21936302068183,-0.2153442589286127],[101.21918342019062,-0.2153442852640789],[101.21918344635989,-0.21552509488907498]]],[[[101.22906120505161,-0.21389636640385748],[101.22906123116066,-0.21407717481039634],[101.22924083042638,-0.21407714851342044],[101.22924090889217,-0.21461957366612938],[101.2287021110099,-0.2146196527505921],[101.22870208483887,-0.21443884429977572],[101.22852248550278,-0.2144388706348186],[101.22852245935591,-0.21425806216175106],[101.22834285999987,-0.21425808847247255],[101.22834283387718,-0.21407727997715567],[101.22780403568298,-0.2140773588300236],[101.22780406179938,-0.21425816739193987],[101.22762446235512,-0.2142581936941964],[101.22762441014858,-0.2138965765259256],[101.22780400958864,-0.2138965502680614],[101.2278039314379,-0.21335412458189912],[101.22834272960694,-0.21335404599542834],[101.22834275564142,-0.21353485449092904],[101.22852235498908,-0.21353482826902093],[101.22852238104771,-0.2137156367422724],[101.22888157968106,-0.21371558424771678],[101.22888160576593,-0.21389639267651026],[101.22906120505161,-0.21389636640385748]]],[[[101.21846480951001,-0.21389791287559348],[101.21846475760555,-0.2135362934478634],[101.21864435816354,-0.2135362673419564],[101.21864433224215,-0.21335545765012767],[101.21900353328812,-0.21335540547620183],[101.2190035592137,-0.21353621512381496],[101.21918315970584,-0.21353618901158056],[101.21918318565547,-0.21371699863703733],[101.21900358516125,-0.2137170247713823],[101.21900361113074,-0.21389783441890367],[101.21846480951001,-0.21389791287559348]]],[[[101.21954144091646,-0.2070269918262453],[101.21936184054253,-0.20702701714659277],[101.21936189088645,-0.20738863635649024],[101.21900269006456,-0.20738868707949623],[101.21900266488568,-0.20720787743034702],[101.21882306444382,-0.2072079027666687],[101.21882296395606,-0.20648466408119281],[101.21918216480158,-0.20648461358337925],[101.21918218989464,-0.2066654232105957],[101.21936179028647,-0.2066653979365175],[101.21936181540352,-0.2068462075415774],[101.21954141577542,-0.20684618224334383],[101.21954144091646,-0.2070269918262453]]],[[[101.21199813121773,-0.20648562198962223],[101.21163892861809,-0.2064856723242742],[101.21163885372565,-0.20594324066105527],[101.21181845503033,-0.2059432155608607],[101.21181843010794,-0.20576240502840318],[101.21199803138873,-0.20576237994821342],[101.21199805631313,-0.20594319045863194],[101.21271646122541,-0.2059430900293751],[101.21271651115607,-0.20630471087373167],[101.21199810622764,-0.20630481147933638],[101.21199813121773,-0.20648562198962223]]],[[[101.22474904672139,-0.20124037051864246],[101.22492864637142,-0.20124034584631295],[101.22492862187413,-0.20105953692625997],[101.22528782110423,-0.20105948761997855],[101.22528789467403,-0.2016019142469861],[101.22546749426196,-0.20160188952434777],[101.2254675926713,-0.20232512493772623],[101.22528799307541,-0.20232514974905635],[101.22528804240827,-0.20268676749983083],[101.22546764200811,-0.2026867426441548],[101.22546766670955,-0.20286755149730387],[101.22564726628934,-0.2028675266174511],[101.22564729101481,-0.2030483354483818],[101.22582689057458,-0.20304831054434888],[101.22582701454229,-0.20395235458746455],[101.22600661409001,-0.20395232957053455],[101.2260066638353,-0.2043139471431177],[101.22582706428358,-0.2043139722044044],[101.22582708918728,-0.2044947810128085],[101.22564748961152,-0.2044948060942536],[101.22564756444874,-0.20503723258573175],[101.22582716403052,-0.20503720743775702],[101.22582718902233,-0.20521801624598518],[101.22600678858409,-0.205217991073807],[101.22600681359994,-0.20539879985981271],[101.22618641314169,-0.20539877466342754],[101.22618648832749,-0.2059412009546395],[101.22600688877968,-0.20594122621756503],[101.22600693900966,-0.2063028437891787],[101.22582733943578,-0.20630286909442674],[101.22582738974984,-0.20666448671021978],[101.22564779014988,-0.20666451205778325],[101.22564781533792,-0.2068453208877897],[101.2254682157139,-0.2068453462554867],[101.22546824092194,-0.20702615510762343],[101.22528864127388,-0.20702618049545035],[101.22528866650191,-0.2072069893697156],[101.22510906682977,-0.2072070147776688],[101.22510914263991,-0.20774944146671087],[101.22474994321738,-0.20774949240948853],[101.22474991792937,-0.2075686834688488],[101.22439071842284,-0.2075687343590888],[101.22439069316093,-0.2073879253740746],[101.22421109337668,-0.20738795079395717],[101.22421104292299,-0.20702633277947063],[101.22403144312078,-0.20702635815298384],[101.22403141792898,-0.2068455491235134],[101.2238518181068,-0.20684557447282312],[101.22385176779328,-0.2064839563694317],[101.22367216795314,-0.2064839816723846],[101.22367214283142,-0.2063031725984654],[101.2229537432589,-0.20630327370127272],[101.22295371816729,-0.20612246453869962],[101.2231333180914,-0.20612243928820406],[101.22313319295326,-0.2052183935854236],[101.22295359303924,-0.2052184187251705],[101.22295356807963,-0.2050376095623323],[101.22313316799165,-0.20503758444473513],[101.22313301868398,-0.2039527295996807],[101.22331261856195,-0.20395270461296747],[101.22331264339356,-0.2041335137317681],[101.22385144290145,-0.2041334386930764],[101.22385146776108,-0.20431424774536797],[101.22403106755502,-0.20431422270627958],[101.22403109243866,-0.2044950317363685],[101.2242106922126,-0.20449500667310164],[101.22421066732696,-0.2043141976651732],[101.22439026707688,-0.20431417262204868],[101.22439024221126,-0.2041333636362386],[101.22456984193717,-0.2041333386132601],[101.22456979226794,-0.20377172068583635],[101.22439019254602,-0.20377174566448672],[101.22439016774645,-0.20359093667854508],[101.22421056800454,-0.2035909616330206],[101.22421051847539,-0.20322934361668177],[101.22403091871546,-0.20322936852482548],[101.2240308939859,-0.20304855949443013],[101.22367169440396,-0.20304860926038007],[101.22367166970041,-0.20286780018562556],[101.22349206987842,-0.20286782504343714],[101.22349209457998,-0.20304863414034674],[101.223312494734,-0.20304865901830793],[101.22331251945559,-0.2032294681373272],[101.22277371977962,-0.20322954282562666],[101.22277369506402,-0.20304873364015819],[101.22295329497601,-0.2030487087682136],[101.22295327028041,-0.2028678996048495],[101.22313287016841,-0.20286787475304913],[101.22313284549284,-0.20268706561179106],[101.22295324560683,-0.20268709044144173],[101.22295309802729,-0.20160223546008235],[101.22277349813118,-0.20160226015484334],[101.22277347361356,-0.20142145096898376],[101.22259387369743,-0.20142147563960738],[101.22259384920379,-0.2012406664315583],[101.2229530490101,-0.20124061713261573],[101.22295302453453,-0.20105980796881756],[101.22313262440271,-0.20105978333851443],[101.22313259994716,-0.20087897419682285],[101.22349179961357,-0.20087892497456375],[101.22349177517609,-0.20069811587713382],[101.22385097475055,-0.20069806669125037],[101.22385099919197,-0.2008788757443684],[101.22438979839448,-0.20087880188419455],[101.22438982286384,-0.20105961087078805],[101.22474902222606,-0.2010595615764219],[101.22474904672139,-0.20124037051864246]]],[[[101.21415255538493,-0.20069939192690606],[101.21415257971998,-0.20088020217393943],[101.21451178158242,-0.20088015315009355],[101.21451180594333,-0.20106096335295748],[101.21487100772204,-0.20106091427704165],[101.21487103210882,-0.20124172443572916],[101.21505063296726,-0.20124169987272295],[101.21505070626505,-0.2017841302823178],[101.21487110540068,-0.20178415491153204],[101.21487112987514,-0.20196496507004644],[101.21397312521455,-0.20196508829654142],[101.21397310075,-0.2017842780277071],[101.21361389873633,-0.20178432726022547],[101.21361387429764,-0.20160351694723225],[101.21343427325992,-0.20160354153844667],[101.21343424884512,-0.20142273120335513],[101.2127158444831,-0.2014228294600974],[101.21271586888999,-0.20160363988339142],[101.21253626774275,-0.2016036644646493],[101.21253617025447,-0.20088042268302936],[101.2127157713938,-0.20088039818995612],[101.21271572277712,-0.20051877734297952],[101.21307492498222,-0.2005187284390757],[101.21307494928355,-0.20069953881848782],[101.21325455035522,-0.2006995143415135],[101.21325452605191,-0.20051870398415286],[101.2134341270997,-0.2005186795272494],[101.2134340785549,-0.20015705885650548],[101.21361367957684,-0.20015703444173163],[101.21361370384027,-0.20033784475506994],[101.21379330484227,-0.20033782031626216],[101.21379332912956,-0.20051863060750075],[101.21397293011164,-0.20051860614465553],[101.2139729544228,-0.20069941641379233],[101.21415255538493,-0.20069939192690606]]],[[[101.23085529986777,-0.2003354896063324],[101.23085527541575,-0.20015468141859594],[101.23067567650513,-0.20015470602315857],[101.23067565207714,-0.19997389781315258],[101.23121444873689,-0.1999738240602189],[101.23121449762671,-0.20033544034681802],[101.23139409647305,-0.2003354157140928],[101.23139412095307,-0.20051622383509593],[101.23103492323436,-0.20051627314302967],[101.23103489875828,-0.20033546497756455],[101.23085529986777,-0.2003354896063324]]],[[[101.2243896277254,-0.19961313897683358],[101.22421002802699,-0.19961316344374003],[101.22421000373572,-0.19943235443464014],[101.2236712045143,-0.199432427757054],[101.2236711802509,-0.1992516186814353],[101.22438957916094,-0.19925152100291532],[101.22438960343216,-0.19943232998989585],[101.2245692031066,-0.1994323055431818],[101.224569251719,-0.19979392347268624],[101.22438965204066,-0.19979394796372835],[101.2243896277254,-0.19961313897683358]]],[[[101.23229177401616,-0.19798478838926173],[101.2326509713709,-0.19798473967641878],[101.23265099557742,-0.19816554764230548],[101.23247139690915,-0.1981655720219491],[101.23247144538456,-0.19852718799808347],[101.23229184669032,-0.1985272124202549],[101.23229187095922,-0.1987080204305007],[101.23211227224093,-0.19870804487295213],[101.23211224797396,-0.19852723684046553],[101.231753050475,-0.19852728567500438],[101.23175302623405,-0.1983464775979989],[101.23139382865062,-0.1983465263802253],[101.23139380443564,-0.19816571825870807],[101.23103460676776,-0.1981657669886363],[101.23103458257874,-0.19798495882261458],[101.23067538482645,-0.19798500750025896],[101.23067533652241,-0.19762339107917828],[101.2312141331061,-0.19762331819314818],[101.23121415725291,-0.19780412633702493],[101.23157335486884,-0.19780407769211317],[101.23157333071816,-0.19762326959270193],[101.23175292949105,-0.19762324528955102],[101.23175290536052,-0.19744243721233273],[101.23193250410938,-0.19744241292946704],[101.23193252824186,-0.19762322098444815],[101.23211212697058,-0.19762319667739336],[101.23211215112708,-0.1978040047100929],[101.23229174983564,-0.19780398037884547],[101.23229177401616,-0.19798478838926173]]],[[[101.22420978610481,-0.19780507335081768],[101.22438938578371,-0.1978050491055334],[101.22438943399594,-0.19816666708013467],[101.2238506348815,-0.19816673994308878],[101.22385061077021,-0.19798593088932817],[101.22367101102333,-0.19798595515090808],[101.22367096287067,-0.19762433699894558],[101.22385056261368,-0.19762431278167938],[101.22385058668095,-0.197805121835525],[101.22403018640388,-0.19780509759414824],[101.22403016233469,-0.19762428856246125],[101.22420976203367,-0.19762426434129113],[101.22420978610481,-0.19780507335081768]]],[[[101.2130735529817,-0.19003172636077986],[101.21307357601263,-0.19021253674262448],[101.21289397503028,-0.19021255993873384],[101.21289390600877,-0.18967012872692846],[101.21307350698554,-0.18967010559696817],[101.21307348402031,-0.18948929521500119],[101.21361228681356,-0.18948922588003952],[101.21361230978435,-0.1896700361958467],[101.21343270887333,-0.18967005933142725],[101.21343273186417,-0.18985086966924875],[101.21325313092937,-0.1898508928250092],[101.21325315394027,-0.1900317031848432],[101.2130735529817,-0.19003172636077986]]],[[[101.22546585217312,-0.18912607853661037],[101.22546587522262,-0.18930688739291743],[101.22582507407164,-0.18930684095754946],[101.2258250971469,-0.18948764976946464],[101.2261842959115,-0.18948760328225922],[101.22618434213554,-0.18984922081725067],[101.22582514336348,-0.18984926739317276],[101.22582512024417,-0.18966845858133907],[101.22546592138772,-0.18966850510540934],[101.22546589829417,-0.18948769624918374],[101.2249270998499,-0.1894877659547255],[101.22492707678394,-0.1893069570319458],[101.22456787771469,-0.18930700344861576],[101.22456785467446,-0.18912619448146206],[101.22438825510868,-0.18912621766482837],[101.22438820909797,-0.18876459968607118],[101.22420860951388,-0.18876462282324508],[101.22420856359494,-0.18840300480000124],[101.22474736227007,-0.18840293551587012],[101.22474738522408,-0.18858374446102028],[101.22510658423445,-0.1885836982179583],[101.22510663021595,-0.1889453160194634],[101.22528622969179,-0.1889452928507962],[101.22528625271744,-0.18912610172931674],[101.22546585217312,-0.18912607853661037]]],[[[101.2220534127882,-0.18876490032390517],[101.22277181204879,-0.1887648078535163],[101.22277185802614,-0.18912642623106446],[101.22187385887688,-0.18912654203581492],[101.22187383588648,-0.18894573273634832],[101.22205343575845,-0.18894570960127327],[101.2220534127882,-0.18876490032390517]]],[[[101.21882029295195,-0.18623398060890115],[101.21864069271201,-0.1862340033787812],[101.21864073798925,-0.1865956227752759],[101.21846113772371,-0.18659564558752653],[101.21846109245013,-0.18623402614682177],[101.21828149216628,-0.1862340489130229],[101.21828146956426,-0.18605323917050723],[101.21864067010634,-0.18605319368047385],[101.21864064752262,-0.18587238398212655],[101.21882024775888,-0.18587236125646014],[101.21882022519532,-0.18569155158017978],[101.2189998254078,-0.18569152887478602],[101.21899978034288,-0.1853299095663229],[101.2193589806947,-0.18532986423847833],[101.2193590257669,-0.18569148345849634],[101.21917942559834,-0.18569150616755825],[101.21917947075477,-0.18605312543164113],[101.21882027034444,-0.18605317093270066],[101.21882029295195,-0.18623398060890115]]],[[[101.21881947109968,-0.17954402256317367],[101.21899907125126,-0.17954400060947254],[101.21899909306997,-0.17972481026497833],[101.21917869320134,-0.17972478828739347],[101.21917867138087,-0.17954397865399802],[101.2195378715742,-0.1795439347377288],[101.21953784977218,-0.17936312514852096],[101.21989704987413,-0.17936308126939143],[101.21989707167968,-0.17954389081436609],[101.22025627169727,-0.17954384688390973],[101.2202562498882,-0.17936303738317555],[101.22043584986228,-0.17936301543741018],[101.2204358716731,-0.17954382491602147],[101.22061547162697,-0.17954380294635985],[101.22061549346152,-0.1797246124028079],[101.22097469330684,-0.17972456841390982],[101.22097475895299,-0.1802669966502582],[101.22115435884797,-0.1802669745867563],[101.22115438077576,-0.18044778397666505],[101.22205237992972,-0.18044767352177082],[101.22205240188835,-0.1806284828009638],[101.22223200165494,-0.1806284606824973],[101.22223202363733,-0.18080926993951077],[101.22205242386896,-0.18080929208011803],[101.22205244587158,-0.1809901013592334],[101.22223204564172,-0.1809900791964854],[101.22223208971646,-0.181351697710318],[101.22241168946817,-0.18135167550149728],[101.22241177788872,-0.1820749124401246],[101.22259137762558,-0.1820748901409354],[101.22259151092702,-0.1831597454148364],[101.2227711106526,-0.18315972298097213],[101.22277113294831,-0.1833405321710054],[101.22330993199847,-0.18334046479210897],[101.22330995432156,-0.18352127391565382],[101.22420795230741,-0.18352116147049163],[101.22420792997531,-0.18334035245773095],[101.22438752950464,-0.1833403299854227],[101.22438748490289,-0.1829787120041076],[101.22420788537715,-0.1829787344320914],[101.2242078631111,-0.1827979254192127],[101.22456706213698,-0.18279788060576385],[101.22456719608509,-0.18388273441648897],[101.22438759657236,-0.1838827569571],[101.22438770879221,-0.18478680190910485],[101.22420810924842,-0.1847868245587105],[101.22420813175663,-0.18496763357115473],[101.22438773130223,-0.18496761089938682],[101.22438775383425,-0.18514841988962916],[101.22528575124103,-0.18514830639254798],[101.22528572869993,-0.18496749751314343],[101.2254653281134,-0.1849674748304139],[101.22546530559251,-0.18478666597314253],[101.22564490498215,-0.1847866433107608],[101.2256449500496,-0.1851482609809145],[101.22582454942084,-0.1851482382723547],[101.22582457198942,-0.18532904708519543],[101.22564497261637,-0.1853290698159317],[101.22564499520516,-0.1855098786509091],[101.22546539580826,-0.1855099014019896],[101.22546544104827,-0.18587151911617417],[101.22492664271448,-0.18587158749144858],[101.22492662008894,-0.1856907785678629],[101.22474702060211,-0.18569080133378174],[101.22474704322585,-0.185871610279535],[101.22456744371519,-0.18587163306578558],[101.22456746635912,-0.18605244203366467],[101.2247470658716,-0.18605241922524834],[101.22474711122915,-0.186414037116555],[101.22456751171302,-0.18641405996930288],[101.224567579909,-0.18695648687245972],[101.22438798036535,-0.18695650978985826],[101.22438795761317,-0.1867757008000154],[101.22384915885564,-0.18677576947465033],[101.22384918160232,-0.1869565785309744],[101.22366958197063,-0.18695660144098664],[101.22366960473748,-0.18713741051942728],[101.22349000508194,-0.18713743344974795],[101.22349002786896,-0.18731824255030358],[101.22366962752635,-0.18731821959782785],[101.2236696731701,-0.18767983775450814],[101.22349007350903,-0.18767986075129392],[101.223490050678,-0.18749905165081887],[101.22331045099678,-0.1874990746235977],[101.22331047382598,-0.18767988374622602],[101.2231308741209,-0.1876799067393044],[101.22313091984161,-0.188041525028743],[101.22331051955037,-0.18804150199136166],[101.22331056536281,-0.18840312023633576],[101.22313096565036,-0.18840314331802002],[101.22313094273498,-0.18822233417340167],[101.22295134300238,-0.1882223572310754],[101.22295132011087,-0.188041548064267],[101.22277172035811,-0.1880415710979337],[101.22277169749043,-0.18786076190893697],[101.2222328981057,-0.1878608309323602],[101.22223292096785,-0.18804164018778993],[101.22205332112709,-0.18804166321402743],[101.2220533440094,-0.1882224724915575],[101.2218737441448,-0.18822249553807663],[101.22187376704724,-0.18840330483770532],[101.22169416715882,-0.18840332790450254],[101.2216941900814,-0.18858413722622794],[101.22151459016914,-0.18858416031329964],[101.22151463607656,-0.18894577900089973],[101.22169423599252,-0.1889457558695571],[101.22169425898105,-0.18912656519116092],[101.22187385887688,-0.18912654203581492],[101.22187388188927,-0.18930735133524085],[101.22169428199159,-0.18930737451272403],[101.2216943280786,-0.18966899315572827],[101.22151472815521,-0.18966901637561245],[101.22151475122985,-0.18984982571918887],[101.2213351512826,-0.18984984895933332],[101.22133517437736,-0.19003065832500263],[101.22115557440627,-0.19003068158540376],[101.22115564381684,-0.19057310974856206],[101.22097604381818,-0.1905731330734764],[101.22097595132217,-0.18984989543399666],[101.22079635130899,-0.18984991866851555],[101.2207963282418,-0.18966910923641536],[101.2206167282085,-0.18966913244693262],[101.22061670516516,-0.1894883229926652],[101.22043710511173,-0.1894883461791843],[101.22043705909468,-0.18912672722627802],[101.2206166591444,-0.18912670408400825],[101.22061661321155,-0.18876508517518886],[101.22115541321767,-0.18876501586994093],[101.22115539027867,-0.18858420648185514],[101.2213349902349,-0.18858418339850877],[101.22133480749946,-0.18713770846942263],[101.22151440741897,-0.18713768556128252],[101.22151438467412,-0.18695687621709908],[101.22133478475646,-0.18695689910310562],[101.22133476203545,-0.18677608973674836],[101.22097556213784,-0.1867761354589597],[101.22097558485518,-0.18695694486957878],[101.22079598487157,-0.1869569677500455],[101.2207958715138,-0.186052920585908],[101.22061627151737,-0.18605294335389572],[101.22061624891357,-0.18587213389882173],[101.22079584890818,-0.1858721111529605],[101.22079582632456,-0.18569130171997303],[101.22061622633177,-0.18569132444370787],[101.22061620377193,-0.18551051498855406],[101.22043660375898,-0.18551053768833006],[101.22043662631698,-0.18569134716560853],[101.22007742622152,-0.18569139260390757],[101.22007740366715,-0.18551058308238508],[101.22025700372404,-0.18551056038627373],[101.22025698118983,-0.18532975088683248],[101.22043658122294,-0.18532972821101173],[101.22043655870888,-0.18514891873365366],[101.22079575870553,-0.1851488734207716],[101.22079573620981,-0.18496806398762486],[101.22097533617335,-0.18496804135056902],[101.22097531369782,-0.1847872319395108],[101.22115491363756,-0.18478720932275808],[101.22115486874878,-0.18442559054478272],[101.22133446866292,-0.1844255679704684],[101.22133442385847,-0.18406394923659827],[101.22169362361356,-0.1840639041710429],[101.2216936012407,-0.1838830948483175],[101.22187320108345,-0.18388307233494997],[101.22187317873079,-0.18370226303432224],[101.22205277854977,-0.18370224054127748],[101.22205273390676,-0.1833406219841817],[101.22223233370015,-0.1833405995336039],[101.22223231140984,-0.18315979027713766],[101.22205271161826,-0.18315981270557471],[101.22205266710723,-0.18279819414824275],[101.22187306729724,-0.18279821653059275],[101.22187304507652,-0.18261740722972883],[101.22079544576566,-0.18261754135311642],[101.22079546797563,-0.1827983507867766],[101.22061586801176,-0.18279837315648792],[101.22061589024193,-0.1829791826122352],[101.22043629025428,-0.18297920500226567],[101.22043633477695,-0.18334082395789175],[101.22007713472856,-0.18334086882101872],[101.22007715701925,-0.18352167834301675],[101.21989755696029,-0.18352170079398322],[101.21989760160399,-0.18388331988209958],[101.21971800151945,-0.18388334237548848],[101.21971804624745,-0.18424496150768194],[101.2191792458512,-0.1842450291096348],[101.21917920113404,-0.1838834098447575],[101.21899960096164,-0.18388343233088134],[101.21899955633594,-0.18352181302162535],[101.21917915650474,-0.18352179057972223],[101.21917913422304,-0.18334098094714543],[101.21899953405604,-0.18334100336693812],[101.2189995117981,-0.18316019371221162],[101.21864031140181,-0.18316023850214885],[101.21864033365615,-0.18334104820109073],[101.21810153289165,-0.18334111543873796],[101.21810155516256,-0.1835219252039503],[101.21756275419507,-0.18352199249159304],[101.21756268746441,-0.18297956299695692],[101.2173830871034,-0.18297958535626288],[101.21738306490553,-0.18279877550254453],[101.21720346452439,-0.18279879783795058],[101.21720344235025,-0.18261798796210046],[101.21684424152572,-0.1826180325833162],[101.21684421937711,-0.18243722266324722],[101.21666461893372,-0.18243724494906227],[101.21666453056585,-0.18171400518004616],[101.2170237314164,-0.18171396078331858],[101.21702370937572,-0.18153315088514307],[101.21774211080638,-0.18153306215852366],[101.21774215492394,-0.18189468177808835],[101.21792175523032,-0.18189465954775508],[101.21792177732381,-0.18207546933538102],[101.21810137761001,-0.18207544708115145],[101.21810139972723,-0.18225625684663851],[101.21828099999327,-0.18225623456850915],[101.21828097787424,-0.1820754248251235],[101.21846057811653,-0.18207540256729715],[101.21846053394079,-0.18171378312461509],[101.21828093370206,-0.18171380533823495],[101.2182808896177,-0.18135218585119026],[101.21810128936059,-0.18135220801881238],[101.21810124536762,-0.18099058848740907],[101.21828084562117,-0.18099056636398983],[101.21828082365583,-0.18080975662033136],[101.21846042388566,-0.18080973451722773],[101.21846044585277,-0.180990544238783],[101.21864004606242,-0.18099052211178845],[101.21864002409352,-0.18080971241233817],[101.21881962427943,-0.1808096903056628],[101.21881960233074,-0.18062888062828045],[101.2186400021466,-0.18062890271284907],[101.21863998022162,-0.18044809301332124],[101.21846038001729,-0.18044811507400071],[101.2184604019405,-0.18062892479563356],[101.21810120146245,-0.18062896895585026],[101.21810115764507,-0.18026734942413628],[101.21792155737666,-0.18026737145736912],[101.21792149182056,-0.17972494209320894],[101.21810109208369,-0.17972492012627517],[101.21810107027378,-0.17954411036024423],[101.2182806705132,-0.17954408841363667],[101.21828062695575,-0.17918246892566206],[101.21810102671986,-0.1791824908280667],[101.21810096155362,-0.17864006152951187],[101.21828056178424,-0.1786400396934116],[101.21828060520996,-0.17900165918161698],[101.21846020542213,-0.17900163729954574],[101.21846022716967,-0.17918244702148753],[101.21881942753167,-0.17918240320782922],[101.21881947109968,-0.17954402256317367]]],[[[101.21325196454798,-0.1804487540583889],[101.21325192087004,-0.18008713333446905],[101.21379072331473,-0.18008706743447742],[101.21379076700329,-0.18044868802606714],[101.21361116620676,-0.18044871003862345],[101.21361118808213,-0.180629520356417],[101.21307238555579,-0.18062958644955135],[101.21307236368573,-0.18044877606559812],[101.21325196454798,-0.1804487540583889]]],[[[101.2172030687475,-0.17954422006668092],[101.21720309054857,-0.1797250299431923],[101.2173826908995,-0.17972500798335925],[101.21738275643969,-0.18026743754638433],[101.21702355570531,-0.18026748159682504],[101.2170234683764,-0.179544242002648],[101.2172030687475,-0.17954422006668092]]]]}},{"type":"Feature","properties":{"eventId":"RIAU-20260824-014","firstDetection":"2026-08-24T07:14:00+00:00","lastDetection":"2026-09-06T07:16:00+00:00","estimatedAreaHa":214.16,"confidence":"rendah","hotspotCount":22,"detectionDays":6,"villages":["Rantau Baru"],"districts":["Pangkalan Kerinci"],"regencies":["Pelalawan"],"method":"Sentinel-2 dNBR/NBR indication","resolutionM":20,"clearCoveragePct":29.4,"preSceneDates":["2026-07-08","2026-08-15"],"postSceneDates":["2026-09-09"],"status":"estimate","disclaimer":"Estimasi berbasis citra satelit; bukan hasil verifikasi lapangan.","province":"Riau","villageAreas":[{"village":"Rantau Baru","district":"Pangkalan Kerinci","regency":"Pelalawan","areaHa":214.16}],"unassignedAreaHa":0.0,"archiveEventId":"BA-913abe584c6cd8b4","reportMonth":"2026-08"},"geometry":{"type":"MultiPolygon","coordinates":[[[[101.79649034928859,0.2844679584123208],[101.7964904800271,0.28501014628872184],[101.79667000168554,0.2850101023728892],[101.79667004532317,0.28519083163704767],[101.79702908856267,0.2851907437412504],[101.79702895771607,0.2846485561156894],[101.79684943611852,0.2846485999814389],[101.7968493925611,0.28446787074493957],[101.79649034928859,0.2844679584123208]]],[[[101.78931256807903,0.297120837574616],[101.78931279521363,0.2980244895745443],[101.78949231818277,0.29802444377118276],[101.78949213640821,0.2973015222824807],[101.7896716593381,0.2973014765872955],[101.78967161396052,0.29712074624273277],[101.78931256807903,0.297120837574616]]],[[[101.79039006927887,0.2985664054093921],[101.79039002369646,0.29838567517642717],[101.79021050085949,0.29838572105005295],[101.79021054643897,0.2985664513108036],[101.79003102357147,0.2985664972092714],[101.79003106917564,0.2987472274977396],[101.79021059204608,0.2987471815714878],[101.79021063768076,0.2989279118321053],[101.79039016052651,0.2989278658751221],[101.79039020619174,0.299108596107887],[101.7907492518063,0.2991085041295012],[101.79074916049174,0.2987470437750586],[101.79056963770412,0.29874708971014735],[101.79056959209119,0.2985663595050366],[101.79039006927887,0.2985664054093921]]],[[[101.77243819457458,0.30073977700555277],[101.77225866894823,0.3007398229438577],[101.77225862333198,0.30055908991432406],[101.77207909768114,0.3005591358220576],[101.77207905209528,0.3003784027648512],[101.77225857774319,0.30037835688472353],[101.7722585321818,0.30019762385505594],[101.77207900653684,0.30019766970757783],[101.7720789610058,0.3000169366502373],[101.77189943533637,0.30001698247219516],[101.77189948086445,0.3001977155571396],[101.77171995516466,0.3001977614037413],[101.7717199096395,0.3000170282911946],[101.77154038391522,0.3000170741072356],[101.77154047498703,0.3003785403874631],[101.7717200007172,0.30037849451622106],[101.77172004629719,0.3005592276286339],[101.77189957200287,0.3005591817268277],[101.77189966325098,0.30092064789624784],[101.77225871459186,0.3009205559733244],[101.77225876026294,0.301101289002724],[101.7724382858952,0.3011012430092037],[101.77243833159666,0.3012819760109286],[101.77261785720444,0.3012819299868299],[101.77261790293626,0.30146266296087826],[101.77279742851958,0.3014626169061974],[101.77279733707746,0.30110115101325613],[101.77261781150004,0.3011011970127145],[101.77261776582307,0.3009204640385319],[101.77243824022118,0.3009205100074118],[101.77243819457458,0.30073977700555277]]],[[[101.79380233351296,0.30380669413025724],[101.79398185588605,0.3038066473631455],[101.79398180944366,0.3036259176882205],[101.79416133178613,0.30362587094593657],[101.79416128536843,0.303445141298767],[101.79469985222106,0.30344500113743356],[101.79469975945075,0.3030835420098523],[101.79452023720012,0.30308358867763147],[101.7945200982609,0.3025413999022664],[101.79434057599153,0.30254144648357667],[101.79434052973669,0.3023607168638264],[101.79416100744264,0.3023607634143285],[101.79416105369451,0.30254149306190387],[101.79344296423008,0.30254167934538256],[101.79344301049774,0.30272240910417286],[101.79326348805958,0.3027224556954011],[101.79326390568512,0.30434902377181344],[101.79344342815003,0.30434897693023977],[101.7934433816337,0.3041682471720591],[101.79362290406799,0.3041682003553025],[101.79362285757631,0.30398747062487186],[101.79380237998,0.30398742383293603],[101.79380233351296,0.30380669413025724]]],[[[101.77674799895297,0.30543771438195794],[101.77674795254897,0.3052569820449058],[101.7765684275071,0.3052570287456421],[101.77656838113356,0.3050762963808717],[101.7763888560672,0.3050763430509493],[101.77638894883577,0.30543780783571967],[101.77656847390811,0.30543776111034465],[101.77656852033658,0.305618493474979],[101.77674804538444,0.30561844671894184],[101.77674809184337,0.3057991790558576],[101.77710714186267,0.30579908547943646],[101.77710709539777,0.3056183531978268],[101.77692757040484,0.3056183999598911],[101.77692752397037,0.30543766765055935],[101.77674799895297,0.30543771438195794]]],[[[101.777825427754,0.3065218269736314],[101.77782538116719,0.3063410948029285],[101.77764585627219,0.3063411416876914],[101.77764594946728,0.30670260608435107],[101.7778254743683,0.3067025591442659],[101.77782552101006,0.30688329131483205],[101.77800504588662,0.3068832443440599],[101.7780051392586,0.307244708629661],[101.77818466411368,0.3072446616005333],[101.7781845240879,0.3067024652550229],[101.77800499924183,0.30670251220115663],[101.77800495262454,0.306521780058185],[101.777825427754,0.3065218269736314]]],[[[101.77962118982241,0.3085094085125672],[101.77962128374345,0.3088708722988401],[101.7798008083783,0.30887082499331975],[101.77980085538309,0.30905155685867214],[101.78015990457632,0.3090514621831279],[101.78015981058213,0.30868999856308804],[101.77980076140099,0.3086900931278984],[101.7798007144512,0.30850936126240835],[101.77962118982241,0.3085094085125672]]],[[[101.78159628866446,0.309774009712155],[101.78177581301188,0.30977396223463183],[101.78177576586373,0.3095932306741611],[101.7819552901806,0.3095931832212855],[101.78195519596079,0.30923172015554135],[101.78213472024409,0.30923167275502084],[101.78213467317244,0.3090509412497493],[101.78195514889217,0.3090509886225659],[101.78195510185107,0.3088702570895215],[101.7821346261283,0.30887020974440876],[101.78213457911168,0.3086894782389994],[101.78249362757755,0.3086893835950505],[101.78249358058241,0.3085086521449855],[101.78231405636627,0.30850869944077425],[101.78231400940167,0.308327967962933],[101.7824935336148,0.3083279206948516],[101.78249343976215,0.3079664577943776],[101.7826729639417,0.30796641057867447],[101.78267291705366,0.30778567915604377],[101.7824933928771,0.3077857263440375],[101.78249334601959,0.30760499489362886],[101.78267287019312,0.30760494773334435],[101.78267277655465,0.30724348488773967],[101.78249325238713,0.30724353199260585],[101.7824932991896,0.30742426344315166],[101.78231377499155,0.30742431057269565],[101.78231382181853,0.30760504205088046],[101.78213429758995,0.3076050892050988],[101.78213434444143,0.30778582071092053],[101.78195482018234,0.30778586788980977],[101.78195496089285,0.3083280624899751],[101.78177543659717,0.3083281097489358],[101.7817754835527,0.3085088413098889],[101.78141643487274,0.3085089358740886],[101.78141648184975,0.30868966749037186],[101.78087790861439,0.3086898093969415],[101.78087786164645,0.3085090776975733],[101.78051881269138,0.30850917223135305],[101.78051885965326,0.30868990398610224],[101.78069838414757,0.3086898566930438],[101.78069857228229,0.30941278360059343],[101.78051904777585,0.3094128310044106],[101.78051909487527,0.30959356275881544],[101.78069861938472,0.30959351532730855],[101.78069871367212,0.3099549787805315],[101.78051918915662,0.3099550262674176],[101.78051923633853,0.3101357580216152],[101.78069876085709,0.31013571050703936],[101.78069880806956,0.31031644223347804],[101.78087833256365,0.31031639468815286],[101.78087837980667,0.3104971263868308],[101.78123742871838,0.3104970312316126],[101.7812373342477,0.3101355679449638],[101.78141685865623,0.3101355204181558],[101.78141681145912,0.30995478880242444],[101.7815963358371,0.309954741300257],[101.78159628866446,0.309774009712155]]],[[[101.78213514512737,0.3108582562993573],[101.78231466941047,0.3108582086464364],[101.78231471676038,0.311038940123311],[101.78285328945367,0.3110387970630295],[101.78285324209463,0.31085806566928276],[101.7826737178941,0.3108581133313992],[101.78267367056563,0.3106773819098721],[101.78213509780804,0.3106775247947078],[101.78213514512737,0.3108582562993573]]],[[[101.7998997471885,0.27814161838227247],[101.7998999606427,0.27904526220653586],[101.8002590026978,0.27904517610554586],[101.80025895994609,0.2788644473965834],[101.80043848092934,0.2788644043698469],[101.80043831018865,0.2781414896449168],[101.7998997471885,0.27814161838227247]]],[[[101.79810683176264,0.2877206865579954],[101.79810687583776,0.2879014155983451],[101.79774783284611,0.2879015043637308],[101.79774787694329,0.2880822334597391],[101.79756835540313,0.28808227786603285],[101.79756844367482,0.28844373611357454],[101.79774796522062,0.2884436916515632],[101.7977480094008,0.2886244207473786],[101.79810705241503,0.2886243317591008],[101.79810691994057,0.28808214463863047],[101.79828644139769,0.2880821002238155],[101.79828635321412,0.2877206421989087],[101.79810683176264,0.2877206865579954]]],[[[101.80170157176347,0.3048890044036925],[101.80170161852772,0.3050697328801315],[101.80206066085246,0.3050696386887018],[101.80206070765043,0.30525036710927106],[101.80224022877421,0.30525031998114094],[101.80224032245926,0.305611776766268],[101.80241984356131,0.30561172957931765],[101.80241979670193,0.30543100121469346],[101.80259931777326,0.30543095405263704],[101.80259927093861,0.3052502257158516],[101.80277879197924,0.3052501785786925],[101.80277874516933,0.30506945026974797],[101.80295826617925,0.3050694031574898],[101.80295821939407,0.30488867487638754],[101.80331726132474,0.30488858069867425],[101.80331721456132,0.30470785247333054],[101.8036762563751,0.3047077583394266],[101.80367620963344,0.30452703016984844],[101.80403525133032,0.3045269360797683],[101.80403520461043,0.30434620796596296],[101.80475328765942,0.30434601986147547],[101.80475324095535,0.30416529185930513],[101.80529180294185,0.3041651508332281],[101.8052917562566,0.3039844229147858],[101.80583031798442,0.3039842819455304],[101.80583027131797,0.3038035541108322],[101.80636883278709,0.3038034131984306],[101.80636878613947,0.30362268544749255],[101.80672782697414,0.30362259154680904],[101.80672778034834,0.30344186385169747],[101.8074458616726,0.3034416761262177],[101.80744581506269,0.30326094854284813],[101.80834341607833,0.3032607139584863],[101.80834336948134,0.3030799865148515],[101.80888192974848,0.30307984581225755],[101.80888197635439,0.30326057317198957],[101.80995909615625,0.303260291518267],[101.80995914280777,0.30344101871007734],[101.81157482066104,0.3034405957757712],[101.8115747739828,0.3032598688358617],[101.81175429360226,0.30325982185620026],[101.81175424694887,0.30307909494422114],[101.81193376653756,0.30307904798956947],[101.81193371990899,0.30289832110552223],[101.81211323946691,0.3028982741758839],[101.8121131462873,0.30253682046358904],[101.81229266581147,0.3025367735869709],[101.81229257273722,0.30217531993041225],[101.81247209222765,0.30217527310682146],[101.81247190640111,0.3014523659049141],[101.8126514258519,0.3014523191903712],[101.81265133309965,0.3010908656450268],[101.81283085251671,0.30109081898352896],[101.81283071358817,0.3005486387490334],[101.81301023296857,0.30054859216859825],[101.81301014048276,0.30018713873461933],[101.81318965982946,0.3001870922072454],[101.81318961362535,0.30000636551816734],[101.81336913294128,0.3000063190158476],[101.81336904061068,0.29964486569351856],[101.8135485598929,0.2996448192442723],[101.8135485137664,0.2994640926110229],[101.81372803301787,0.29946404618684],[101.81372798691629,0.29928331958154125],[101.81390750613697,0.29928327318242504],[101.81390741401144,0.2989218200276654],[101.81408693319845,0.2989217736816406],[101.8140868871745,0.2987410471321815],[101.81426640633073,0.2987410008112325],[101.8142663603317,0.2985602742897296],[101.81444587945718,0.2985602279938598],[101.81444574161833,0.29801804851302444],[101.81462526070722,0.2980180022982903],[101.81462521481367,0.29783727583257147],[101.8148047338718,0.29783722964292747],[101.8148046880032,0.2976565032051703],[101.81444564986496,0.29765659552546764],[101.81444569572773,0.29783732201927937],[101.8137276191055,0.2978375067367458],[101.81372757325441,0.2976567801308464],[101.8135480540322,0.2976568262748544],[101.81354791665461,0.2971146463727047],[101.8133683974133,0.297114692429731],[101.8133683059732,0.2967532391052675],[101.81318878670989,0.2967532851033366],[101.81318874103448,0.29657255841299157],[101.81300922174624,0.29657260438012273],[101.81300931311904,0.2969340578167709],[101.81282979379715,0.2969341038369988],[101.8128298395224,0.2971148305832338],[101.81229128138106,0.2971149687103727],[101.8122913271254,0.29729569554056157],[101.81193228821961,0.29729578766667875],[101.8119322424811,0.29711506078048533],[101.8117527229894,0.29711510681114756],[101.81175263160166,0.2967536529825619],[101.81139359254644,0.2967537449231105],[101.8113936382206,0.2969344718934305],[101.81121411864837,0.2969345178873104],[101.8112141643474,0.2971152448855583],[101.81103464474447,0.29711529090450317],[101.81103469046842,0.29729601793067717],[101.81085517083476,0.2972960639746835],[101.81085521658359,0.2974767910287818],[101.8106756969192,0.297476837097846],[101.81067574269294,0.2976575641798668],[101.81031670327496,0.2976576563651689],[101.81031674907065,0.2978383835030958],[101.80977818972644,0.29783852184298415],[101.80977823554119,0.2980192490647901],[101.80834207604386,0.29801961806572946],[101.80834212186303,0.29820034551124514],[101.80780356158438,0.29820048392200227],[101.80780360742257,0.29838121145133817],[101.80726504688518,0.29838134991950527],[101.80726509274238,0.29856207753264513],[101.80690605223944,0.298562169885952],[101.80690609811856,0.29874289755493005],[101.80672657782252,0.29874294375511784],[101.80672662372646,0.2989236714519789],[101.80636758304523,0.29892376389941233],[101.80636762897109,0.29910449165210096],[101.80600858817296,0.2991045841436325],[101.80600863412073,0.29928531195214125],[101.80547007270658,0.29928545075113816],[101.8054701186733,0.2994661786433974],[101.80475203638754,0.29946636377914687],[101.80475208237027,0.29964709178307053],[101.80313639557811,0.2996475084170711],[101.80313634962177,0.29946678016185596],[101.80259778686735,0.29946691890294524],[101.80259774094753,0.29928619056393146],[101.80205917795242,0.29928632919473136],[101.80205913206913,0.29910560077193515],[101.80170008993964,0.2991056931219126],[101.80170004408993,0.29892496464324797],[101.80152052298654,0.298925010785915],[101.80152047716746,0.2987442822792855],[101.80134095603928,0.2987443283911089],[101.80134091025084,0.29856359985651637],[101.8011613890979,0.29856364593749973],[101.80116134334008,0.29838291737494604],[101.80098182216234,0.29838296342509296],[101.80098177643517,0.29820223483457986],[101.79990464880453,0.29820251090636113],[101.79990506118847,0.29982906972444945],[101.80008458255584,0.2998290234688978],[101.80008467450725,0.300190480927529],[101.79990515313399,0.30019052723884476],[101.79990579985461,0.3027207298320864],[101.8000853212692,0.30272068313042155],[101.80008550705544,0.30344359804310506],[101.79990598562897,0.30344364485629827],[101.7999060321418,0.303624373612182],[101.79972651068466,0.30362442045026367],[101.79972646417482,0.30344369166649965],[101.79936742118342,0.3034437852779269],[101.7993673747072,0.3032630564383399],[101.798469766759,0.3032632902751931],[101.79846972032531,0.30308256129618144],[101.79775163348036,0.30308274820038883],[101.79775167990216,0.303263477290854],[101.79793120165789,0.30326343054142396],[101.79793124811034,0.3034441596039607],[101.7982902915447,0.3034440660404035],[101.79829033803077,0.3036247950471458],[101.79954698919985,0.30362446728535175],[101.79954703573443,0.3038051960969265],[101.79972655722223,0.30380514923395985],[101.79972660378746,0.3039858780175882],[101.79990612525056,0.3039858311237459],[101.79990617184647,0.30416655987942604],[101.80008569328484,0.3041665129547044],[101.80008578656572,0.30452797041009677],[101.7999062651214,0.30452801739058255],[101.7999063118004,0.30470874614605886],[101.79900870414845,0.30470898114283307],[101.79900865748436,0.3045282522479731],[101.79793152740628,0.3045285339777572],[101.79793148078775,0.3043478049156275],[101.79739291538401,0.304347945656408],[101.7973930086308,0.30470940394775287],[101.79757253046569,0.3047093569814459],[101.7975726705524,0.3052515443343815],[101.79775219236856,0.30525149728149337],[101.79775223912247,0.3054322263711435],[101.79793176091397,0.3054321792873848],[101.79793171415707,0.3052514502255956],[101.79847027935652,0.3052513090398438],[101.79847032612238,0.3054320380180403],[101.79882936945626,0.3054319438234199],[101.79882941625578,0.3056126727458107],[101.79972702412091,0.305612437067184],[101.79972688376051,0.30507025071793137],[101.7999064052415,0.3050702036568072],[101.7999063585071,0.30488947490146706],[101.80170157176347,0.3048890044036925]]],[[[101.8013430451991,0.3068771123781111],[101.800804481248,0.3068772544614331],[101.80080452830207,0.30705798307659343],[101.80044548552345,0.3070580778394562],[101.8004455797027,0.3074195351811243],[101.80026605826582,0.3074195826137858],[101.80026615254985,0.3077810400109508],[101.80044567399275,0.30778099252251784],[101.80044572117932,0.3079617211931116],[101.80062524259753,0.30796167367375676],[101.80062528981482,0.3081424023163942],[101.80134337522271,0.30814221209704296],[101.80134323361777,0.30760002650362717],[101.80152275489141,0.30759997902488295],[101.80152261352683,0.30705779351453794],[101.8013430922622,0.30705784090959304],[101.8013430451991,0.3068771123781111]]],[[[101.80026734044863,0.3122992574522122],[101.80044686196744,0.31229920926663723],[101.80044667072804,0.31157629459049074],[101.80062619220693,0.3115762465133866],[101.80062609674735,0.31121478923067064],[101.79990801068996,0.3112149812975767],[101.79990834519784,0.31248008256663856],[101.79972882359286,0.31248013077085623],[101.79972920752476,0.3139259610114969],[101.79990872915427,0.3139259125842363],[101.79990868106277,0.3137451838322814],[101.80008820266151,0.3137451354298078],[101.80008801056024,0.313022220532817],[101.80026753211901,0.31302217223878553],[101.80026734044863,0.3122992574522122]]],[[[101.81876095163548,0.3234992785698661],[101.8187610015553,0.3236800043806188],[101.81894052040779,0.32367995410953854],[101.81894057035868,0.32386067989214945],[101.81947912675834,0.32386052897554296],[101.81947917674663,0.3240412546738631],[101.82037677020412,0.32404100294192656],[101.82037672019997,0.32386027738400647],[101.82055623880461,0.3238602270561203],[101.82055608895007,0.32331805046618156],[101.82001753308097,0.32331820118750926],[101.82001748319475,0.3231374755731343],[101.8198379645191,0.32313752577912175],[101.81983791466392,0.32295680013659467],[101.82001743333642,0.32295674995868723],[101.82001738350598,0.3227760243441679],[101.8205559393466,0.322775873875592],[101.82055588953459,0.3225951483452511],[101.82073540808916,0.3225950982107817],[101.82073535830189,0.3224143727084557],[101.82091487682541,0.3224143225988948],[101.82091482706288,0.3222335971245856],[101.8212738640199,0.3222334969521108],[101.82127381427897,0.32205277153391265],[101.82109429581756,0.32205282159364607],[101.82109424610768,0.3218720961472834],[101.82073520910745,0.32187219620104535],[101.82073515943179,0.3216914706984312],[101.82037612232627,0.3216915706833273],[101.8203760726848,0.3215108451244689],[101.82001703547398,0.3215109450405136],[101.8200169858667,0.3213302194254179],[101.81965794855061,0.3213303192726253],[101.81965789897751,0.3211495936012995],[101.81929886155616,0.32114969337968385],[101.81929881201724,0.3209689676521354],[101.81911929326787,0.3209690175085053],[101.81911924375999,0.32078829175281226],[101.81876020618388,0.32078839139991855],[101.81876015671017,0.3206076655880133],[101.81858063788341,0.3206077153787549],[101.81858058844072,0.32042698953871046],[101.81840106958926,0.3204270392982255],[101.81840102017757,0.3202463134300438],[101.81822150130135,0.32024636315833577],[101.81822145192068,0.3200656372620186],[101.81804193301973,0.32006568695909104],[101.81804203180266,0.3204271388077782],[101.8182215507099,0.3204270890545814],[101.81822169910278,0.32096926674288845],[101.81840121799155,0.32096921690234065],[101.81840126751476,0.32114994277023556],[101.8185807863788,0.32114989289845775],[101.8185808855151,0.3215113445779006],[101.81840136664478,0.32151139450580996],[101.81840146588631,0.32187284624109674],[101.81822194698181,0.321872896221964],[101.81822199664123,0.3220536221175634],[101.8184015155489,0.32205357210863206],[101.81840161495771,0.3224150238434869],[101.81822209604373,0.3224150739085461],[101.81822214578679,0.32259579980392933],[101.81804262684177,0.3225958498938719],[101.81804267660955,0.3227765758172452],[101.81822219555772,0.3227765256992405],[101.81822224535655,0.3229572515944793],[101.81840176428,0.32295720144522844],[101.81840191385321,0.32349937904632],[101.81876095163548,0.3234992785698661]]],[[[101.81750397040649,0.32223454812930225],[101.81750382146603,0.32169237010579044],[101.8173243024253,0.32169242004273585],[101.81732400531573,0.3206080638254412],[101.817144486266,0.3206081135908956],[101.81714443684842,0.3204273875263754],[101.81696491777396,0.3204274372606174],[101.81696486838737,0.32024671116797426],[101.8167853492882,0.32024676087100745],[101.81678525060488,0.31988530862940684],[101.81642621233547,0.31988540791381337],[101.81642616304188,0.3197046817368117],[101.81624664386852,0.31970473134623995],[101.81624649616427,0.31916255273067357],[101.81606697697244,0.31916260225282217],[101.81606692779653,0.31898187601944805],[101.81570788933554,0.3189819749982254],[101.81570784019374,0.3188012487087003],[101.81498976295005,0.3188014465163782],[101.81498971384859,0.3186207201146437],[101.81481019447116,0.3186207695306754],[101.81481014540066,0.3184400431008396],[101.81445110656854,0.318440141867424],[101.81445105753211,0.31825941538146235],[101.8139124990845,0.31825956342372336],[101.81391245008525,0.31807883685362176],[101.81337389139648,0.3180789847835898],[101.81337384243442,0.3178982581293644],[101.81301480317565,0.3178983566776368],[101.81301475424765,0.31771762996731395],[101.81283523457962,0.31771767920873834],[101.81283518568256,0.31753695247033414],[101.81265566598984,0.3175370016806174],[101.8126556171237,0.31735627491413343],[101.81247609740625,0.3173563240932791],[101.81247604857104,0.31717559729871736],[101.8122965288289,0.3171756464467291],[101.8122964800246,0.3169949196240912],[101.81211696025774,0.3169949687409725],[101.81211691148437,0.31681424189026064],[101.8119373916928,0.3168142909760149],[101.81193734295034,0.3166335640972306],[101.81157830328996,0.31663366220337086],[101.81157825458153,0.31645293526851803],[101.80996257476127,0.31645337633971865],[101.80996262344182,0.31663410352647303],[101.80924454278654,0.31663429958890704],[101.80924459148247,0.31681502688750063],[101.80870603068993,0.3168151739854608],[101.80870607940435,0.31699590136789724],[101.80852655908149,0.3169959504222711],[101.80852665658743,0.317357405242867],[101.8083471362306,0.3173574543500473],[101.80834723384143,0.31771890922629137],[101.8081677134506,0.3177189583862709],[101.80816786006586,0.318261140783997],[101.8079883396379,0.318261190024731],[101.80798843751406,0.31862264501211757],[101.80780891705209,0.31862269430563483],[101.8078090150331,0.31898414934865776],[101.80762949453711,0.31898419869495126],[101.80762954356615,0.3191649262443146],[101.80745002303927,0.31916497561542007],[101.80745012117443,0.3195264307698469],[101.8072706006135,0.31952648019371604],[101.8072706497196,0.31970720779877754],[101.80709112912778,0.31970725724744975],[101.80709122741703,0.3200687125132654],[101.80691170679118,0.3200687620146889],[101.80691180518522,0.32043021733612187],[101.80673228452532,0.32043026689028925],[101.8067324323152,0.32097244995575147],[101.80655291161814,0.3209724995906039],[101.80655310904739,0.3216954104553419],[101.80637358830997,0.32169546019881506],[101.80637413349598,0.3236834653783169],[101.80619461269603,0.3236835154260084],[101.8061949114669,0.32476788205153784],[101.80637443228589,0.32476783183617897],[101.80637473207518,0.32585219829142903],[101.80655425288552,0.32585214790518996],[101.80655430295076,0.3260328756195307],[101.80673382373654,0.3260328252021309],[101.80673392395667,0.32639428057469766],[101.80655440316451,0.32639433104799376],[101.80655450348931,0.32675578647616516],[101.80673402428786,0.32675573594697266],[101.80673407449511,0.3269364636330008],[101.80655455369335,0.3269365141901413],[101.80655460392514,0.32711724190404445],[101.80619556223192,0.3271173430645462],[101.80619561248507,0.3272980708342673],[101.80601609159362,0.32729812143762316],[101.80601614187131,0.32747884923521386],[101.80529805801514,0.32747905172812064],[101.80529810830775,0.3276597796373915],[101.80493906620674,0.3276598809203383],[101.8049391165207,0.32784060888540195],[101.80529815862813,0.32784050754658933],[101.80529820897625,0.3280212354557137],[101.80637533465179,0.3280209311940586],[101.8063752842844,0.3278402034525749],[101.80709336750006,0.3278400006585852],[101.80709331714758,0.32765927302882436],[101.8067342756017,0.32765937437638215],[101.80673422528339,0.3274786466906465],[101.80655470447202,0.32747869733163143],[101.8065546541847,0.32729796961787455],[101.80673417499287,0.3272979190048378],[101.80673412473011,0.3271171913189558],[101.80709316625675,0.3271170901391028],[101.80709321652593,0.32729781776908307],[101.80727273725081,0.32729776714636527],[101.80727278755096,0.327478494748319],[101.80763182892382,0.3274783934372902],[101.80763172833848,0.3271169383451343],[101.80781124897683,0.32711688774069436],[101.80781119872262,0.3269361602224656],[101.80745215742452,0.3269362613722043],[101.80745210720448,0.32675553379798666],[101.80727258651697,0.3267555843400657],[101.80727253632791,0.3265748567378197],[101.80709301561583,0.3265749072487235],[101.80709291532739,0.32621345198810575],[101.80691339459393,0.3262135024398864],[101.806913194363,0.3254905918059699],[101.80709271508368,0.32549054146599604],[101.80709266509218,0.3253098138352868],[101.8072721857819,0.32530976352005736],[101.80727213581498,0.32512903591722875],[101.80745165647375,0.3251289856267471],[101.80745170644387,0.3253097132016204],[101.80763122707805,0.3253096628799762],[101.80763127707912,0.32549039042681976],[101.80870840032009,0.3254900882618197],[101.8087083502999,0.32530936088275586],[101.80888787073964,0.32530931053866],[101.80888777077625,0.32494785583625324],[101.80906729118185,0.32494780554489266],[101.80906724123864,0.3247670782215517],[101.80924676161327,0.32476702795496043],[101.80924671169467,0.3245863006595199],[101.80942623203833,0.3245862504177014],[101.80942618214434,0.32440552315016324],[101.80960570245703,0.32440547293312116],[101.80960565258765,0.3242247456934871],[101.80978517286937,0.32422469550122496],[101.80978512302462,0.32404396828949694],[101.81014416349834,0.32404386795134504],[101.81014411367502,0.3238631407955067],[101.81050315403121,0.3238630405005447],[101.81050310422935,0.32368231340060327],[101.81086214446799,0.32368221314884543],[101.81086209468761,0.32350148610480806],[101.81140065482751,0.3235013357872144],[101.81140060506543,0.32332060882708286],[101.81175964501332,0.3233205086554006],[101.81175959527272,0.32313978175119107],[101.81229815497646,0.32313963155376435],[101.81229810525417,0.32295890473348726],[101.81283666469808,0.3229587545914081],[101.81283661499411,0.3227780278550796],[101.81391373311165,0.32277772765303914],[101.81391368341656,0.3225970010847281],[101.81517031993175,0.3225966509004035],[101.81517036964898,0.3227773772725289],[101.81714508145058,0.32277682635953464],[101.81714513123042,0.32295755242311974],[101.8176836884189,0.3229574020231279],[101.8176837382361,0.32313812800247577],[101.81786325724636,0.3231380778347184],[101.81786320742599,0.3229573518834291],[101.8180427264052,0.3229573017405462],[101.81804267660955,0.3227765758172452],[101.8178631576335,0.3227766259320677],[101.81786310786889,0.322595899980634],[101.81768358886812,0.3225959500642156],[101.81768348942882,0.32223449810501475],[101.81750397040649,0.32223454812930225]]],[[[101.83312207087168,0.32241090769169506],[101.8331220208945,0.3222301841316098],[101.83240395425068,0.3222303853025317],[101.83240390431415,0.3220496616295449],[101.83222438758631,0.3220497118861306],[101.83222433768093,0.3218689881848687],[101.83186530414751,0.3218690886321148],[101.83186535404656,0.3220498123897771],[101.83150632039478,0.32204991288072377],[101.83150637031555,0.3222306366947073],[101.8313268534445,0.3222306869636122],[101.83132695336371,0.3225921346477509],[101.83150647024108,0.32259208432245806],[101.83150652024587,0.3227728081362252],[101.8322245874879,0.3227726066904566],[101.83222453747048,0.32259188298948344],[101.8325835709171,0.3225917823039142],[101.83258362094084,0.32277250594847984],[101.83276313762528,0.32277245557271833],[101.8327631876802,0.3229531791890052],[101.83312222097136,0.32295307837151754],[101.8331221709101,0.322772354811649],[101.83348120408283,0.3227722540378515],[101.83348110403179,0.32241080703074837],[101.83312207087168,0.32241090769169506]]],[[[101.82665985475059,0.32385851400820814],[101.82755744260648,0.3238582617780918],[101.8275573925034,0.32367753734490207],[101.82791642744364,0.32367743648682057],[101.8279163773622,0.32349671210987335],[101.82773685990924,0.32349676251235115],[101.82773680985893,0.32331603810717324],[101.82737777487542,0.32331613884624993],[101.82737782491938,0.3234968633077392],[101.82701878981767,0.3234969640903701],[101.82701873978004,0.32331623957257644],[101.82576211606546,0.3233165920143128],[101.82576216608093,0.32349731672911536],[101.82558264829244,0.3234973670933218],[101.82558279849702,0.3240395413217058],[101.82594183406508,0.32403944042127636],[101.82594178396259,0.3238587157348299],[101.82648033709553,0.32385856444465294],[101.82648038720754,0.32403928904667234],[101.82665990486576,0.3240392385820817],[101.82665985475059,0.32385851400820814]]],[[[101.81445604718763,0.33615133714002965],[101.81481508664798,0.3361512328800682],[101.8148151384471,0.33633195930273185],[101.81517417780267,0.3363318549734516],[101.81517412599696,0.33615112860685],[101.8153536456297,0.33615107646526965],[101.81535354209524,0.33578962378790844],[101.8151740224691,0.33578967587342134],[101.81517397074693,0.3356089495065943],[101.81499445109623,0.33560900156076473],[101.8149943994052,0.3354282751658308],[101.81517391905261,0.33542822313969234],[101.81517386738614,0.3352474967727154],[101.81535338700242,0.3352474447713037],[101.81535333536053,0.33506671843228547],[101.81571237450298,0.3350666144756187],[101.81571242615146,0.3352473407585642],[101.8158919456842,0.3352472887472366],[101.81589204907125,0.3356087412568245],[101.81607156858271,0.33560868918610987],[101.81607162032131,0.3357894154127505],[101.8162511398082,0.33578936331068443],[101.81625124337556,0.3361508157076551],[101.81696932107083,0.3361506070419084],[101.81696926926006,0.33596988095564906],[101.81786686573574,0.33596962018917276],[101.81786681393639,0.33578889424311376],[101.81804633314462,0.3357888421079419],[101.81804591972697,0.33434303476125354],[101.81750736209742,0.33434319048342964],[101.81750731055546,0.3341624644805808],[101.81732779129314,0.3341625163533251],[101.81732773978233,0.3339817903223465],[101.81750725904139,0.33398173847765733],[101.81750715609684,0.33362028647158615],[101.81714811756395,0.33362039004545513],[101.81714806614,0.33343966398619923],[101.81696854683503,0.33343971574014836],[101.81696849544223,0.3332589896527665],[101.8166094567552,0.3332590930947047],[101.81660940539679,0.3330783669511506],[101.81625036660483,0.3330784703238557],[101.81625031528081,0.3328977441241366],[101.8146346393677,0.332898208886438],[101.81463469066239,0.33307893533847643],[101.81499372995565,0.3330788320248812],[101.8149937812847,0.33325955842078686],[101.81517330089282,0.33325950673103155],[101.81517335225298,0.33344023309883053],[101.81535287183652,0.33344018137775583],[101.81535292322779,0.33362090771744674],[101.81517340364098,0.3336209594665552],[101.81517345505684,0.33380168583420516],[101.81499393543892,0.33380173760805637],[101.81499388402634,0.3336210112123743],[101.8144553250153,0.3336211664300965],[101.81445527364036,0.33344043995025496],[101.81409623416701,0.3334405433562424],[101.81409618282643,0.3332598168202785],[101.81391666305127,0.3332598684903198],[101.8139166117418,0.3330791419262601],[101.81355757211448,0.33307924520044846],[101.81355762341742,0.3332599718205453],[101.81337810355876,0.3332600234807295],[101.81337815488627,0.33344075012876756],[101.81301911507894,0.3334408534953053],[101.81301916642775,0.33362158019929533],[101.81283964647906,0.33362163190564353],[101.81283969785243,0.3338023586375696],[101.81266017787266,0.3338024103686372],[101.81266022927059,0.33398313712849736],[101.81248070925973,0.33398318888428097],[101.81248081213249,0.3343446424597913],[101.81230129208726,0.33434469426829244],[101.81230139506474,0.33470614789951425],[101.81212187498515,0.33470619976072574],[101.81212202965018,0.3352483802910076],[101.81230154973962,0.3352483283457859],[101.81230165299529,0.3356097819762589],[101.81248117306347,0.33560972997172134],[101.81248122473633,0.3357904567588402],[101.81284026479582,0.33579035268382273],[101.81284031650307,0.3359710794148507],[101.81301983649438,0.33597102734436546],[101.81301988823273,0.3361517540473078],[101.81337892813845,0.3361516498403736],[101.81337897991122,0.33633237648721437],[101.81355849982563,0.33633232435075994],[101.81355855162953,0.33651305096950973],[101.8137380715194,0.3365129988017217],[101.81373812335443,0.33669372539237846],[101.81409716305726,0.33669362099080846],[101.81409721492672,0.3368743475253492],[101.81427673473968,0.336874295291562],[101.81427678664025,0.33705502179800445],[101.81445630642868,0.337054969532871],[101.81445620264874,0.33669351657596025],[101.81427668286692,0.33669356878504403],[101.81427657920493,0.3363321157717827],[101.81445609898014,0.3363320636187484],[101.81445604718763,0.33615133714002965]]]]}},{"type":"Feature","properties":{"eventId":"RIAU-20260904-023","firstDetection":"2026-08-18T07:26:00+00:00","lastDetection":"2026-09-04T13:57:00+00:00","estimatedAreaHa":1.76,"confidence":"rendah","hotspotCount":2,"detectionDays":1,"villages":["Alim"],"districts":["Batang Cenaku"],"regencies":["Indragiri Hulu"],"method":"Sentinel-2 dNBR/NBR indication","resolutionM":20,"clearCoveragePct":2.5,"preSceneDates":["2026-07-08","2026-08-14","2026-08-22","2026-08-27"],"postSceneDates":["2026-09-06"],"status":"estimate","disclaimer":"Estimasi berbasis citra satelit; bukan hasil verifikasi lapangan.","province":"Riau","villageAreas":[{"village":"Alim","district":"Batang Cenaku","regency":"Indragiri Hulu","areaHa":1.76}],"unassignedAreaHa":0.0,"archiveEventId":"BA-d00eec55f721b3d4","reportMonth":"2026-08"},"geometry":{"type":"MultiPolygon","coordinates":[[[[102.23819958747856,-0.8953277295939782],[102.23748171601252,-0.895328368382111],[102.23748139881641,-0.8949670581819649],[102.23801980241146,-0.8949665792974486],[102.23801964383517,-0.8947859242937465],[102.23819911162738,-0.894785764680184],[102.23819958747856,-0.8953277295939782]]],[[[102.23837747012792,-0.8935210204773534],[102.23837762849749,-0.8937016754180387],[102.23873656381681,-0.893701356533691],[102.23873672223591,-0.8938820114096998],[102.2390956574446,-0.8938816924256832],[102.23909597441386,-0.8942430020481267],[102.23873703917019,-0.8942433211610975],[102.23873688068703,-0.894062666285502],[102.2380190098503,-0.8940633042768713],[102.23801885143416,-0.893882649272136],[102.23783938365365,-0.8938828087157457],[102.23783954206107,-0.8940634637527098],[102.23766007423978,-0.8940636232197465],[102.23766023267048,-0.8942442782887311],[102.23748076480842,-0.8942444377791917],[102.23748013131278,-0.8935218173731134],[102.23783906693491,-0.893521498641198],[102.23783890862357,-0.8933408436036148],[102.23819784410013,-0.8933405249009737],[102.23819800242893,-0.8935211798740978],[102.23837747012792,-0.8935210204773534]]],[[[102.23999251956096,-0.8933389308601045],[102.23999283642537,-0.8937002401613389],[102.23945443407109,-0.8937007186594204],[102.23945427564908,-0.8935200639121667],[102.2392748081423,-0.893520223361688],[102.23927464976107,-0.893339568581985],[102.23909518223098,-0.893339727990469],[102.23909502389053,-0.893159073178318],[102.23963342635842,-0.8931585950232118],[102.2396335847251,-0.8933392497386334],[102.23999251956096,-0.8933389308601045]]]]}},{"type":"Feature","properties":{"eventId":"RIAU-20260827-025","firstDetection":"2026-08-27T13:40:00+00:00","lastDetection":"2026-08-29T06:25:00+00:00","estimatedAreaHa":144.36,"confidence":"tinggi","hotspotCount":9,"detectionDays":3,"villages":["Belantaraya","Jerambang","Lahang Hulu"],"districts":["Gaung"],"regencies":["Indragiri Hilir"],"method":"Sentinel-2 dNBR/NBR indication","resolutionM":20,"clearCoveragePct":94.8,"preSceneDates":["2026-08-22"],"postSceneDates":["2026-09-03"],"status":"estimate","disclaimer":"Estimasi berbasis citra satelit; bukan hasil verifikasi lapangan.","province":"Riau","villageAreas":[{"village":"Belantaraya","district":"Gaung","regency":"Indragiri Hilir","areaHa":50.723581},{"village":"Jerambang","district":"Gaung","regency":"Indragiri Hilir","areaHa":3.28},{"village":"Lahang Hulu","district":"Gaung","regency":"Indragiri Hilir","areaHa":90.356419}],"unassignedAreaHa":0.0,"archiveEventId":"BA-4a81e50612622225","reportMonth":"2026-08"},"geometry":{"type":"MultiPolygon","coordinates":[[[[103.23014338855138,-0.046375653781231665],[103.22996414645824,-0.04637566458446583],[103.22996412508037,-0.046014764472952815],[103.22978488294639,-0.04601477519166418],[103.22978487232054,-0.04583432509385603],[103.23032259859588,-0.045834293062477084],[103.23032260922308,-0.04601474303417739],[103.23050185123178,-0.0460147323141133],[103.23050188336528,-0.04655608210302582],[103.2301433993034,-0.04655610379493466],[103.23014338855138,-0.046375653781231665]]],[[[103.20809626651045,-0.04583561365657525],[103.20791701929615,-0.045835624278454105],[103.20791702986747,-0.046016079491164326],[103.20702079317067,-0.04601613280288625],[103.20702076158801,-0.045474766537523977],[103.20720000900909,-0.04547475600151031],[103.20719999856415,-0.04529430062150948],[103.20845472934572,-0.04529422714965196],[103.20845473979375,-0.045474682236936105],[103.20827549266342,-0.04547469277606941],[103.20827550315255,-0.045655147905164055],[103.20809625598024,-0.0456551584856719],[103.20809626651045,-0.04583561365657525]]],[[[103.23444510165743,-0.044931802332384786],[103.23426586057047,-0.04493181280989826],[103.23426585018423,-0.04475136376340621],[103.23408660905591,-0.04475137419840279],[103.23408659871188,-0.044570925109822815],[103.23426583983975,-0.04457091471690284],[103.23426580905715,-0.04402956757732532],[103.23444505014193,-0.04402955731020377],[103.23444503996423,-0.04384910830573398],[103.23462428100679,-0.04384909808026112],[103.2346243116666,-0.04439044496739659],[103.23480355266864,-0.04439043461524832],[103.23480359413533,-0.045112230296277235],[103.23444511208592,-0.0451122513367871],[103.23444510165743,-0.044931802332384786]]],[[[103.22906744250548,-0.03717275501878711],[103.229067416895,-0.03663140421943574],[103.22924665917506,-0.03663139568793727],[103.22924665072136,-0.03645094546349532],[103.22960513515554,-0.036450928483481006],[103.22960514360994,-0.03663137862386343],[103.22978438576476,-0.036631370091288105],[103.22978440279952,-0.03699227028796035],[103.229605160644,-0.0369922789046005],[103.22960516922366,-0.03717272904495503],[103.22906744250548,-0.03717275501878711]]],[[[103.20182199212863,-0.034106303955845275],[103.20182201583323,-0.03464767385824275],[103.20146351850617,-0.03464768989240625],[103.20146351056384,-0.03446723317477115],[103.20128426183844,-0.03446724114959055],[103.20128424607884,-0.03410632763078835],[103.20182199212863,-0.034106303955845275]]],[[[103.21454845559836,-0.032120752456244336],[103.2143692099094,-0.032120759911254744],[103.21436920252528,-0.031940306204365033],[103.21418995679504,-0.03194031361718034],[103.2141899494528,-0.03175985986840226],[103.21454844087104,-0.031759845126221035],[103.21454843356979,-0.031579391461197336],[103.21490692482101,-0.03157937680154064],[103.21490693212287,-0.03175983038279484],[103.21472768651776,-0.03175983775466356],[103.21472769386094,-0.031940291377795374],[103.2145484482139,-0.03194029879123671],[103.21454845559836,-0.032120752456244336]]],[[[103.2267366381888,-0.01912778623203642],[103.22709512373964,-0.019127777326980924],[103.22709512818342,-0.019308228056307553],[103.22727437089644,-0.019308223561491016],[103.22727437538212,-0.019488674248805134],[103.22763286068337,-0.01948866517458386],[103.22763287439194,-0.02003001698443477],[103.22781211698054,-0.02003001232099886],[103.22781213584366,-0.020751814566010586],[103.22763289325427,-0.020751819397498258],[103.22763289807418,-0.020932270000751135],[103.22745365544284,-0.020932274874046624],[103.22745367015233,-0.021473626809806853],[103.22763291278429,-0.021473621810477843],[103.22763291777112,-0.02165407241370929],[103.22799140291023,-0.021654062330392347],[103.2279914181224,-0.022195413887970722],[103.22817066063,-0.022195408719944534],[103.22817066578442,-0.02237585919710969],[103.2283499082505,-0.02237585398684776],[103.22834990309588,-0.022195403551700854],[103.22852914552,-0.022195398383239667],[103.22852914040689,-0.022014947990107163],[103.22906686742819,-0.022014932609489293],[103.22906687254194,-0.022195382876551147],[103.2292461147991,-0.022195377707219986],[103.2292461409951,-0.023097628832308793],[103.2294253832116,-0.02309762345261586],[103.22942538857627,-0.02327807363558743],[103.22996311497599,-0.02327805736905343],[103.22996312038309,-0.023458507425921957],[103.23014236243306,-0.023458501961251817],[103.23014239009602,-0.024360752035324926],[103.23032163210539,-0.024360746360236427],[103.2303216549883,-0.025082546251233573],[103.23050089695688,-0.025082540407748502],[103.2305009205089,-0.025804340130486356],[103.23068016243671,-0.025804334118590563],[103.23068017446379,-0.02616523389583806],[103.23050093253548,-0.026165239991816334],[103.23050095088853,-0.02670658978376158],[103.2299632248507,-0.026706608448497284],[103.22996323105114,-0.026887058505245354],[103.22924626241513,-0.026887083556021863],[103.22924626865627,-0.027067533780889174],[103.22906702639263,-0.027067540084951724],[103.22906703267523,-0.02724799035183929],[103.22888779036958,-0.027247996697661914],[103.22888779669367,-0.027428447006567915],[103.22852931195663,-0.02742845978145749],[103.22852931832192,-0.027608910174401893],[103.22835007589052,-0.02760891660346353],[103.22835009523601,-0.028150267908314777],[103.22852933766822,-0.02815026135319309],[103.22852935739017,-0.028691612531920246],[103.22835011495714,-0.02869161921310199],[103.22835012161431,-0.02887206964801662],[103.22817087913927,-0.02887207637093546],[103.22817088583791,-0.02905252684786105],[103.22799164332082,-0.029052533612513445],[103.22799165006091,-0.02923298413144816],[103.22781240750182,-0.029232990937830588],[103.22781241428336,-0.029413441498772647],[103.22763317168226,-0.029413448346881543],[103.22763317850523,-0.0295938989498291],[103.22709545045066,-0.029593919618454662],[103.2270954573145,-0.029774370347422974],[103.22655772888352,-0.02977439113945085],[103.22655773578822,-0.029954841994423966],[103.22602000698089,-0.029954862909822355],[103.22602001392644,-0.030135313890784273],[103.22584077090693,-0.030135320903991923],[103.22584077789391,-0.03031577192694151],[103.22548229172918,-0.030315786036456124],[103.22548229875726,-0.030496237143383263],[103.22530305561205,-0.030496244239684916],[103.22530306268153,-0.03067669538859431],[103.22548230582706,-0.0306766882503027],[103.22548232728673,-0.03121804157101434],[103.22494459772231,-0.031218063362881052],[103.22494460495804,-0.03139851459573379],[103.22458611837263,-0.03139852920608288],[103.22458612564945,-0.03157898052289523],[103.22422763889662,-0.03157899521597405],[103.22422764621452,-0.031759446616738886],[103.22351067220728,-0.03175947616708278],[103.22351067956563,-0.031939927735739296],[103.22297294862153,-0.03193995002113557],[103.22297295602064,-0.03212040171569027],[103.22279371228892,-0.03212040918549491],[103.22279371972941,-0.03230086092200667],[103.22261447595568,-0.032300868433459994],[103.22261448343752,-0.032481320211927046],[103.22243523962182,-0.03248132776502549],[103.22243523214028,-0.03230087594459678],[103.2222559882832,-0.03230088345541703],[103.22225599576443,-0.03248133531780563],[103.22207675186534,-0.032481342870267486],[103.222076797626,-0.0335640542961741],[103.22135982160523,-0.03356408550972752],[103.22135981387557,-0.03338363343761584],[103.22100132561582,-0.03338364895852227],[103.22100131792847,-0.03320319680250534],[103.22064282950271,-0.03320321223821346],[103.2206428371894,-0.03338366447812011],[103.22028434859635,-0.033383679996409385],[103.22028435632404,-0.033564132320190274],[103.2201051119647,-0.03356414012078287],[103.22010511973373,-0.033744592486493946],[103.21992587533241,-0.03374460032869454],[103.21992588314278,-0.03392505273633403],[103.21974663869945,-0.033925060620139086],[103.21974664655114,-0.03410551306970514],[103.21938815753889,-0.03410552892018286],[103.21938814968786,-0.03392507638675182],[103.2192089051196,-0.033925084269559515],[103.21920889731054,-0.033744631694190064],[103.21867116335683,-0.03374465521483952],[103.21867113254102,-0.03302284441016141],[103.21849188780779,-0.033022852082025454],[103.21849188020826,-0.03284239933891221],[103.21813339061754,-0.03284241459782925],[103.21813338306028,-0.03266196177086751],[103.21795413820278,-0.032661969357925806],[103.21795413068749,-0.03248151648903833],[103.2175956408482,-0.0324815315783651],[103.21759563337518,-0.032301078625639815],[103.21723714337,-0.032301093629870804],[103.21723713593923,-0.032120640593314834],[103.21705789087451,-0.0321206480530469],[103.21705787613848,-0.03175974189609347],[103.21723712120259,-0.03175973452017864],[103.21723711389672,-0.03157928148359848],[103.21759560389941,-0.03157926681465765],[103.21759559663454,-0.03139881386189206],[103.21777484157313,-0.031398806568871354],[103.2177748271677,-0.031037900747144288],[103.21795407206405,-0.031037893537647264],[103.21795406492349,-0.030857440668687657],[103.2181333097779,-0.03085743350080392],[103.21813330267865,-0.03067698067375396],[103.21831254749114,-0.030676973547487062],[103.21831253341699,-0.03031606797720242],[103.21813328860512,-0.030316075019630868],[103.21813328163078,-0.030135622192557818],[103.21759554694621,-0.030135643192313575],[103.2175955400144,-0.029955190239485865],[103.2172370500171,-0.029955204154023904],[103.21723704312751,-0.029774751117366077],[103.21777477806016,-0.029774730370855148],[103.21777477121132,-0.02959427745992627],[103.21795401610531,-0.029594270585754746],[103.21795399580778,-0.02905291197867054],[103.21777475091464,-0.029052918727095],[103.21777473099267,-0.028511559994197713],[103.21813322073562,-0.028511546748563495],[103.21813321417768,-0.028331093921416427],[103.21831245898643,-0.028331087340099436],[103.21831246554464,-0.02851154012532729],[103.21849171031202,-0.028511533501811674],[103.21849170375353,-0.02833108075850481],[103.21867094847899,-0.028331074176632557],[103.21867094196186,-0.028150621475241312],[103.21885018664541,-0.028150614935015944],[103.21885018016965,-0.027970162275542106],[103.21902942481128,-0.027970155776967168],[103.21902941837689,-0.02778970315941257],[103.21938790753467,-0.0277896902452983],[103.21938790114137,-0.027609237711594584],[103.21956714565752,-0.027609231296060556],[103.21956713930564,-0.027428778804281476],[103.22046336126017,-0.027428746932237482],[103.2204633549486,-0.027248294650136],[103.22082184343827,-0.027248281983323058],[103.22082183716783,-0.027067829785100892],[103.22100108134991,-0.027067823493239634],[103.22100107512088,-0.02688737133695638],[103.22153880741631,-0.02688735258562896],[103.22153880122816,-0.026706900555186767],[103.22171804524304,-0.026706894346170146],[103.2217180390963,-0.026526442357674023],[103.22225577089013,-0.02652642385492296],[103.22225576478428,-0.026345971992289212],[103.22243500863193,-0.02634596586614552],[103.22243500256751,-0.026165514045465015],[103.22261424637324,-0.026165507961024816],[103.22261424035024,-0.025985056182299363],[103.22351045875234,-0.025985025966087077],[103.22351045276977,-0.025804574397189903],[103.2238689398383,-0.02580456239286883],[103.22386893389691,-0.025624110907911442],[103.22404817736839,-0.02562410494734741],[103.22404817146844,-0.025443653504359353],[103.22422741489797,-0.0254436475855218],[103.22422740903947,-0.025263196184504906],[103.2247651390771,-0.025263178552439588],[103.22476514493634,-0.025443629827513144],[103.22494438819906,-0.02544362390767827],[103.22494439410025,-0.025624075140760746],[103.22512363732153,-0.02562406917869012],[103.22512364326467,-0.025804520369779718],[103.22619910171788,-0.025804484340127224],[103.22619909577323,-0.025624033400993274],[103.22637833870252,-0.025624027437164954],[103.22637833279936,-0.025443576540023327],[103.22655757568667,-0.025443570617944486],[103.22655752996125,-0.023999963776588407],[103.22637828707586,-0.023999969362662743],[103.22637824402236,-0.022556362184914087],[103.22619900109704,-0.02255636743476288],[103.2261989959033,-0.022375916495519385],[103.22601975293651,-0.022375921703150115],[103.2260197477847,-0.022195470721903934],[103.22386882893245,-0.022195532692543363],[103.22386881373501,-0.02165417823729222],[103.22368957022691,-0.02165418327417629],[103.2236895652447,-0.02147373174710754],[103.22315183447088,-0.02147374673057507],[103.22315183945247,-0.021654198383555326],[103.2229725957776,-0.021654203419590613],[103.22297259079623,-0.02147375172464339],[103.2227933470799,-0.021473756718501276],[103.22279334214042,-0.021293304981583435],[103.22082165851232,-0.02129335943863123],[103.22082166344951,-0.021473811637049513],[103.2206424192331,-0.02147381662838221],[103.22064240454712,-0.020932459907279346],[103.22046316028967,-0.02093246477257498],[103.22046314597927,-0.020391107925597923],[103.22064239023614,-0.020391103186128905],[103.22064237630009,-0.01984974646493213],[103.2208216205147,-0.01984974185109521],[103.22082161595249,-0.01966928965263017],[103.22100086012523,-0.01966928508054448],[103.22100084668801,-0.019127928610956982],[103.22082160251581,-0.019127933057205445],[103.22082159812027,-0.018947480858720816],[103.22135933051126,-0.01894746764525563],[103.22135932615681,-0.01876701557260875],[103.22171781420877,-0.01876700684660744],[103.22171780989562,-0.018586554857859688],[103.22207629778053,-0.018586546215033688],[103.22207630209404,-0.018766998119870506],[103.22333100837957,-0.018766967570498158],[103.22333101273603,-0.01894741918158625],[103.22351025632456,-0.018947414774684083],[103.22351026072289,-0.019127866343796887],[103.22368950426991,-0.01912786189473677],[103.22368949987138,-0.01894741036759623],[103.22386874337653,-0.018947405960322714],[103.22386873901951,-0.018766954475151424],[103.22422722590433,-0.018766945744000743],[103.2242272302617,-0.018947397145218654],[103.22440647364175,-0.018947392737388113],[103.22440647804102,-0.0191278440966219],[103.22494420793153,-0.019127830746067616],[103.2249442035317,-0.01894737951278247],[103.22512344674494,-0.01894737510420924],[103.22512343379516,-0.01840602153028449],[103.225661163183,-0.018406008681360345],[103.22566117177557,-0.01876691081204186],[103.2258404148218,-0.018766906444719435],[103.22584041918083,-0.018947357468059613],[103.22673663378713,-0.01894733541869499],[103.2267366381888,-0.01912778623203642]]],[[[103.22960444137267,-0.01569916228961502],[103.22942519920565,-0.015699165946278792],[103.22942519559442,-0.015518715763101312],[103.22924595338579,-0.015518719377582405],[103.22924594981646,-0.015338269152372153],[103.22906670756625,-0.015338272724674092],[103.22906669710915,-0.014796921922939006],[103.22888745481764,-0.014796925369014698],[103.22888744805525,-0.014436024750455237],[103.22924593259599,-0.01443601802626366],[103.22924593595658,-0.014616468251492832],[103.22942517816446,-0.014616464847156004],[103.2294251884972,-0.01515781539673464],[103.22960443066376,-0.015157811866162722],[103.22960444137267,-0.01569916228961502]]],[[[103.23426465869034,-0.012090086207064988],[103.2342646452112,-0.011187840968035871],[103.23444388624709,-0.011187838359177568],[103.23444389151358,-0.0115487363706413],[103.23462313250788,-0.011548733677513114],[103.2346231379418,-0.011909631604804906],[103.23444389694725,-0.011909634382093352],[103.2344438997268,-0.01209008338781488],[103.23426465869034,-0.012090086207064988]]],[[[103.23426461104313,-0.00848110525054702],[103.23426461505554,-0.00884200334624344],[103.23408537397913,-0.008842005407996414],[103.23408538031092,-0.009383352677753936],[103.23390613919246,-0.009383354865644736],[103.23390614138656,-0.009563803997634053],[103.23372690022619,-0.009563806227505967],[103.23372689803219,-0.009383357053443595],[103.23318917430066,-0.00938336361628849],[103.23318917214873,-0.00920291431601519],[103.23336841343426,-0.009202912170559924],[103.23336840524401,-0.008481115137714918],[103.23354764648741,-0.00848111316044755],[103.23354763896543,-0.007759316295846312],[103.23444384455402,-0.00775930724975936],[103.2344438482322,-0.008120205261315848],[103.23426460719791,-0.008120207154842024],[103.23426460909964,-0.008300656202695574],[103.23408536802347,-0.00830065813821877],[103.2340853699669,-0.00848110722814681],[103.23426461104313,-0.00848110525054702]]],[[[103.2172365097568,-0.007218121490779312],[103.2170572647185,-0.007218123167123438],[103.21705725991056,-0.006676763929654065],[103.21741574994512,-0.006676760828352005],[103.21741575150628,-0.006857213823691232],[103.21759499646117,-0.006857212231029916],[103.21759499806403,-0.007037665184455276],[103.21723650811245,-0.007037668453533221],[103.2172365097568,-0.007218121490779312]]],[[[103.23193444177357,-0.0046916894635884105],[103.23175520015549,-0.004691690556982123],[103.23175519909033,-0.004511240920184813],[103.23193444070836,-0.004511239868844705],[103.23193443968493,-0.004330790274099856],[103.23211368126115,-0.004330789264770914],[103.23211368228462,-0.004511238817460389],[103.23229292381913,-0.004511237766031869],[103.23229292599149,-0.004872136787293072],[103.23193444288057,-0.004872139058330931],[103.23193444177357,-0.0046916894635884105]]],[[[103.22351002669379,0.0005413547080991584],[103.22315153949441,0.0005413549599168259],[103.22315153939019,0.00036090330661129325],[103.22297229572797,0.0003609033905452109],[103.22297229564461,0.0],[103.2227930519407,0.0],[103.22279305202407,-0.0003609034744755918],[103.22297229572797,-0.0003609033905452109],[103.22297229616566,-0.0009022584763622297],[103.22279305246174,-0.000902258686188182],[103.22279305296193,-0.0012631621606621784],[103.22297229666589,-0.0012631618669058451],[103.22297229697853,-0.0014436135621771976],[103.22279305327457,-0.0014436138978987214],[103.22279305402486,-0.0018045173723706671],[103.2226138102792,-0.0018045177920048884],[103.22261381071687,-0.0019849695712036227],[103.2224345669295,-0.0019849700327818146],[103.22243456792981,-0.002345873675101042],[103.22207608022995,-0.0023458747660350756],[103.22207607879211,-0.001804519050801453],[103.22225532266282,-0.0018045186312202815],[103.22225532226688,-0.001624066768099552],[103.22207607839619,-0.0016240671457226064],[103.22207607679165,0.00036090381016174887],[103.22225532066228,0.0003609037262455146],[103.22225532091235,0.0007218074524906646],[103.22243456474129,0.0007218072846511228],[103.22243456492886,0.0009022591058135617],[103.22261380871615,0.0009022588960052924],[103.22261380894538,0.0010827106752058497],[103.222793052691,0.001082710423425317],[103.22279305296193,0.0012631621606621784],[103.22297229666589,0.0012631618669058451],[103.22297229697853,0.0014436135621771976],[103.2231515406408,0.0014436132264415273],[103.22315154099513,0.0016240648797455559],[103.22351002819462,0.0016240641242925527],[103.22351002725661,0.0010827094161970862],[103.22333078367774,0.0010827096680200588],[103.22333078344845,0.0009022580566838],[103.2235100270273,0.0009022578468313229],[103.22351002669379,0.0005413547080991584]]],[[[103.22960428370332,0.0007218005652694047],[103.22960428412082,0.001082700847903195],[103.22978352623947,0.0010827005957088826],[103.22978352651087,0.0012631506949930045],[103.22996276858778,0.001263150400753929],[103.22996276831638,0.0010827003435039605],[103.23014201035154,0.001082700091288429],[103.23014200978783,0.0005413500456448302],[103.22978352567583,0.0005413502978550569],[103.22978352582196,0.0007218003971398631],[103.22960428370332,0.0007218005652694047]]],[[[103.21992522707205,0.011188049321493754],[103.21992522199011,0.010827144504782546],[103.21956673311757,0.010827149536891933],[103.21956673563751,0.011007602029117419],[103.21938749113866,0.011007604586944551],[103.21938749370014,0.011188057121098851],[103.21920824915954,0.01118805972074794],[103.21920825176255,0.01136851229682924],[103.21902900718018,0.011368514938296747],[103.21902901251093,0.011729420174306804],[103.21938750163446,0.01172941472354462],[103.21938749894804,0.011548962189398933],[103.21956674344722,0.011548959505777017],[103.21956674080234,0.011368507013560007],[103.21974598525975,0.011368504371758278],[103.2197459826564,0.01118805192147176],[103.21992522707205,0.011188049321493754]]],[[[103.23785016476064,-0.035006951908001564],[103.23802940498992,-0.0350069437379384],[103.23802942130466,-0.03536784006397069],[103.23820866149279,-0.03536783180933349],[103.23820866971327,-0.03554827993022073],[103.23838790985991,-0.035548271633119695],[103.23838792642702,-0.03590916779063262],[103.2382086862797,-0.03590917617196819],[103.23820869462568,-0.03608962429282833],[103.23802945443616,-0.03608963271592756],[103.23802944609054,-0.03590918455295192],[103.23785020585954,-0.03590919293358377],[103.2378501975561,-0.03572874472848532],[103.2374917169693,-0.03572876140447126],[103.2374917087084,-0.03554831311514159],[103.2373124683526,-0.03554832141050099],[103.23731244382185,-0.03500697641613292],[103.23713320342526,-0.03500698458482399],[103.23713316337887,-0.0341047427168341],[103.23749164412686,-0.034104726800184414],[103.23749166002128,-0.03446562337897638],[103.2376709003332,-0.03446561533592986],[103.23767090834347,-0.03464606358320258],[103.23785014861392,-0.03464605549770638],[103.23785016476064,-0.035006951908001564]]],[[[103.2355200218362,-0.03464616058267699],[103.2355200058655,-0.03428526307771141],[103.2356992466371,-0.03428525508047057],[103.23569923871412,-0.034104806370065494],[103.23587847944357,-0.034104798414581215],[103.23587851947819,-0.03500704175605683],[103.23605776016751,-0.03500703358976693],[103.2360577683002,-0.0351874822159414],[103.23569928687908,-0.03518749863236498],[103.23569926260846,-0.034646152501254655],[103.2355200218362,-0.03464616058267699]]],[[[103.24734975229605,-0.033021612744036755],[103.2473497599891,-0.0332020587148015],[103.24717052194077,-0.03320206648064449],[103.24717052967544,-0.033382512493606506],[103.24699129158486,-0.03338252030132809],[103.24699129936113,-0.03356296635648555],[103.2468120612283,-0.033562974206082195],[103.24681205345237,-0.03338252810872256],[103.24663281527796,-0.033382535915789976],[103.24663275458217,-0.031938966799009656],[103.24681199275403,-0.03193895932954525],[103.24681200019461,-0.03211940542697119],[103.24699123832487,-0.0321193979149917],[103.24699126850763,-0.03284118213580513],[103.24717050659723,-0.03284117445469528],[103.24717051424804,-0.03302162046767406],[103.24734975229605,-0.033021612744036755]]],[[[103.23946293631072,-0.024901800093651956],[103.2396421761471,-0.024901794279761844],[103.23964218194314,-0.02508224206410486],[103.2394629421065,-0.025082247920124617],[103.23946294794412,-0.02526269574659094],[103.23892522818241,-0.02526271343955391],[103.23892521079728,-0.024721369581000997],[103.23874597079376,-0.02472137535179253],[103.23874595941336,-0.024360479361814107],[103.23856671936848,-0.0243604850481218],[103.2385667081559,-0.023999588973877117],[103.23910442816363,-0.023999572166973376],[103.23910443937761,-0.02436046798848263],[103.23928367929697,-0.02436046230145884],[103.23928368496698,-0.02454091017007814],[103.23946292484472,-0.024540904440687777],[103.23946293631072,-0.024901800093651956]]],[[[103.23551964932606,-0.02490192793750125],[103.23551964357745,-0.024721479184617468],[103.23516116193927,-0.024721490716753235],[103.23516115623296,-0.024541041879687024],[103.23498191535141,-0.024541047603306096],[103.23498190968712,-0.02436059872414824],[103.23516115056844,-0.024360593042614606],[103.23516114494572,-0.024180144205536023],[103.235340385785,-0.02418013856585089],[103.23534039140795,-0.024360587360842262],[103.23551963220564,-0.024360581678831213],[103.23551963787064,-0.02454103043172744],[103.23569887862676,-0.024541024707386942],[103.23569889008267,-0.024901922128979265],[103.23551964932606,-0.02490192793750125]]],[[[103.23856656004956,-0.018586147857497525],[103.23856654314703,-0.017864355708300323],[103.23892502318016,-0.01786434736820755],[103.23892503579538,-0.018405691227382292],[103.23910427574971,-0.018405686930700323],[103.2391042843694,-0.018766582752544947],[103.23874580441817,-0.018766591514222324],[103.23874580008776,-0.018586143519055465],[103.23856656004956,-0.018586147857497525]]],[[[103.23551928810416,-0.00757884763867203],[103.23534004732092,-0.00757884940640871],[103.23534004558594,-0.007398400611043906],[103.23516080476097,-0.007398402336619122],[103.23516079823946,-0.006676606986792851],[103.23551927984707,-0.006676603872274605],[103.23551928302447,-0.007037501378838961],[103.23569852376569,-0.007037499737300229],[103.23569852711049,-0.00739839715967599],[103.23551928636913,-0.007398398885396194],[103.23551928810416,-0.00757884763867203]]],[[[103.24412277482192,-0.004872061735913449],[103.24394353604833,-0.004872062874607097],[103.24394353720034,-0.0050525096477289705],[103.24376429838483,-0.005052510828546954],[103.24376429723289,-0.004872064013253008],[103.24358505837554,-0.004872065151851181],[103.24358505726553,-0.004691618294385698],[103.24340581836634,-0.004691619390767598],[103.24340581627207,-0.004330725591496047],[103.2437642940284,-0.004330723567363954],[103.24376429505466,-0.004511170382661463],[103.24394353387002,-0.004511169328359695],[103.24394353493824,-0.00469161610148399],[103.24412277371177,-0.004691615004964179],[103.24412277482192,-0.004872061735913449]]],[[[103.24143417961017,-0.0030676051775456524],[103.24125494020882,-0.0030676058940500464],[103.24125494094145,-0.0032480532995776087],[103.24053798291727,-0.003248056333866193],[103.24053798218478,-0.0030676087597670426],[103.24017950292159,-0.0030676101924451923],[103.240179502231,-0.0028871625340700802],[103.2403587418835,-0.0028871618598827436],[103.24035874062784,-0.0025262666274037918],[103.2401795009754,-0.0025262672173177116],[103.24017950041036,-0.002345819558940545],[103.24000026071612,-0.002345820106694771],[103.24000026019296,-0.0021653724061820707],[103.24107569773057,-0.002165369372148098],[103.24107569825384,-0.0023458168198246337],[103.24161341645758,-0.0023458151760792595],[103.2416134170228,-0.0025262624973132488],[103.24143417766341,-0.0025262630874004453],[103.24143417961017,-0.0030676051775456524]]],[[[103.23623621412628,-0.0005413457548245203],[103.23623621469078,-0.0010826915096478085],[103.2360569740763,-0.0010826917622240551],[103.23605697434809,-0.0012631403892607053],[103.23587773369178,-0.0012631406839206155],[103.23587773342001,-0.0010826920147896922],[103.2356984927219,-0.0010826922673447203],[103.23569849215745,-0.0005413461336729763],[103.23551925141756,-0.0005413462599451858],[103.23551925131304,-0.0003608975066302],[103.23534001053133,-0.0003608975908081367],[103.23534001046863,-0.00018044879540409113],[103.23551925125032,-0.00018044875331512276],[103.23551925122942,0.0],[103.2356984919693,0.0],[103.23569849199022,-0.0001804487112243863],[103.2358777326883,-0.0001804486691318816],[103.23587773275102,-0.00036089733826371744],[103.23605697340727,-0.00036089725407517176],[103.23605697351182,-0.0005413458811126435],[103.23623621412628,-0.0005413457548245203]]],[[[103.242688849536,0.0014435765464481803],[103.24268884989196,0.0016240236147530387],[103.24286808895815,0.0016240232352998792],[103.24286808935601,0.0018044702614428642],[103.24304732838036,0.0018044698398105618],[103.24304732798247,0.0016240228558308074],[103.24340580590545,0.0016240220968449248],[103.24340580523528,0.0012631282975477573],[103.24286808828808,0.0012631291830127217],[103.24286808860217,0.0014435762091564834],[103.242688849536,0.0014435765464481803]]],[[[103.24107570007486,0.0028871591628504955],[103.24143417891938,0.002887157814164632],[103.24143417657488,0.002165368360633701],[103.24089645824562,0.00216536987787347],[103.24089645876886,0.0023458173676937874],[103.24107569825384,0.0023458168198246337],[103.24107570007486,0.0028871591628504955]]],[[[103.24286810034954,0.0045111756535072736],[103.24286810367902,0.005052516731894264],[103.24358505952745,0.005052512009315428],[103.24358505837554,0.004872065151851181],[103.24376429723289,0.004872064013253008],[103.24376429612283,0.004691617197957829],[103.24394353493824,0.00469161610148399],[103.24394353387002,0.004511169328359695],[103.24286810034954,0.0045111756535072736]]],[[[103.23964179074348,0.004511194619402238],[103.23964179181063,0.004691642404168239],[103.23928331212825,0.004691644594863344],[103.23928331323715,0.004872092463885663],[103.23910407333315,0.004872093601290358],[103.23910407448385,0.0050525415124375445],[103.23946255425008,0.005052539153326446],[103.2394625530993,0.004872091326433229],[103.24000027243466,0.004872087913789486],[103.24000027132558,0.004691640213289248],[103.2401795110203,0.0046916391177807965],[103.24017950995302,0.004511191459414312],[103.23964179074348,0.004511194619402238]]],[[[103.23695319122193,0.004872107246422981],[103.2367739507741,0.004872108383207055],[103.23677395192415,0.00505255684183264],[103.2374909134647,0.005052552125986837],[103.23749091231444,0.0048721038357843185],[103.23767015259496,0.0048721026988092836],[103.2376701514865,0.004691654450715717],[103.23695319011364,0.004691658829899277],[103.23695319122193,0.004872107246422981]]],[[[103.25057693707011,-0.04998332343182066],[103.25057697212405,-0.0505246590610928],[103.2503977347915,-0.05052467088759247],[103.25039774655957,-0.05070511613956184],[103.25003927176766,-0.05070513987554578],[103.25003924827546,-0.05034424920265478],[103.24986001081754,-0.0503442609854371],[103.24985996433848,-0.04962247947057361],[103.24968072684058,-0.049622491083940866],[103.24968066968799,-0.0487202639789269],[103.24950143215052,-0.04872027538066455],[103.24950137604895,-0.047818048064198745],[103.24985985107723,-0.04781802568254167],[103.24985983998182,-0.04763758030367112],[103.25039755220821,-0.04763754685437349],[103.25039758562448,-0.048178882610842945],[103.25057682295078,-0.048178871333431],[103.25057687948599,-0.04908109738278119],[103.25075611677269,-0.04908108589370078],[103.25075617435922,-0.0499833117315438],[103.25057693707011,-0.04998332343182066]]],[[[103.24806728103994,-0.04457011315056026],[103.24806729141787,-0.04475055895185452],[103.24788805351297,-0.04475056942061509],[103.24788802250626,-0.04420923189006025],[103.24770878456074,-0.044209242231749366],[103.24770874380718,-0.04348745868867579],[103.24788798175099,-0.04348744851583063],[103.24788799187691,-0.043667894359404665],[103.24806722977922,-0.04366788414392064],[103.24806726040985,-0.04420922154793795],[103.24824649827153,-0.044209211205382494],[103.24824651890246,-0.04457010272357575],[103.24806728103994,-0.04457011315056026]]],[[[103.25111380439041,-0.03446501114497204],[103.2512930415183,-0.03446500307626007],[103.25129307391347,-0.03518678324310316],[103.25111383678421,-0.035186791480793435],[103.25111382862282,-0.03500634639685133],[103.25093459145197,-0.03500635459195404],[103.25093456722055,-0.03446501921334632],[103.25075533000874,-0.034465027281382926],[103.25075529828895,-0.033743246607486475],[103.25057606103651,-0.033743254506228296],[103.25057603768822,-0.033201918873998267],[103.2503968003948,-0.03320192664569697],[103.25039679269625,-0.033021481392699246],[103.25075526724049,-0.033021465933453314],[103.25075528268081,-0.033382356270486815],[103.25093451989065,-0.03338234845589644],[103.25093454336678,-0.03392368383466003],[103.25111378053563,-0.03392367589301418],[103.25111380439041,-0.03446501114497204]]],[[[103.25559464948988,-0.032840813079565635],[103.2554154133725,-0.03284082077579896],[103.25541539816741,-0.03247993263639858],[103.25523616200869,-0.03247994024773967],[103.25523615446946,-0.03229949613574187],[103.25541539062786,-0.032299488566686026],[103.25541538313031,-0.032119044496965274],[103.25559461924641,-0.03211903696987997],[103.25559463428414,-0.03247992502473926],[103.25577387035885,-0.032479917412761704],[103.25577389323142,-0.0330212493681225],[103.25559465715575,-0.033021257106966365],[103.25559464948988,-0.032840813079565635]]],[[[103.24824583151907,-0.030314887724371683],[103.24842506931088,-0.030314880632037317],[103.24842507637686,-0.03049532634965148],[103.24860431412704,-0.030495319214802048],[103.24860433557744,-0.03103665624094388],[103.24824586003338,-0.031036670763646954],[103.24824583151907,-0.030314887724371683]]],[[[103.25989617968351,-0.029773097068502345],[103.25989616589212,-0.029412211044244713],[103.26007540095307,-0.029412204144260164],[103.26007539412015,-0.02923176117445133],[103.26043386411534,-0.02923174745828542],[103.26043388474196,-0.029773076113686365],[103.26025464976452,-0.029773083098916717],[103.26025465672387,-0.02995352602637008],[103.2600754217041,-0.029953533053641714],[103.26007541474505,-0.029773090083855386],[103.25989617968351,-0.029773097068502345]]],[[[103.257566113145,-0.02959274428009783],[103.25756609265825,-0.029051413593243633],[103.25738685700938,-0.029051420404580905],[103.2573868502648,-0.028870976799974926],[103.25774532151996,-0.02887096326163041],[103.25774533505229,-0.029231850301605657],[103.2579245706174,-0.029231843447389123],[103.25792459123195,-0.029773173880366356],[103.25774535566599,-0.02977318086151285],[103.25774534875272,-0.029592737341551267],[103.257566113145,-0.02959274428009783]]],[[[103.25218891442876,-0.02652539017875942],[103.25200967752374,-0.026525396390009708],[103.25200965920399,-0.025984061770763008],[103.25218889610824,-0.025984055686272944],[103.2521889021731,-0.026164500517108415],[103.25236813903562,-0.02616449439010858],[103.25236815748283,-0.02670582875580951],[103.25218892061955,-0.02670583500957487],[103.25218891442876,-0.02652539017875942]]],[[[103.25236777588368,-0.011007132130775954],[103.25236778375366,-0.011548466497680477],[103.252188546906,-0.011548469202011288],[103.25218854424081,-0.011368024370790809],[103.25183007041981,-0.011368029694607951],[103.2518300652158,-0.011007139863148328],[103.25236777588368,-0.011007132130775954]]],[[[103.2564901971633,-0.009924409917266444],[103.25649019487356,-0.009743966100633725],[103.25720713797658,-0.009743956963779317],[103.2572071402667,-0.009924400611211024],[103.2573863759375,-0.009924398284454078],[103.25738637826974,-0.010104841889578596],[103.25702790688592,-0.01010484662760283],[103.25702790455388,-0.009924402937870733],[103.2564901971633,-0.009924409917266444]]],[[[103.25631096128241,-0.009924412243537205],[103.25613172535952,-0.00992441456971073],[103.25613172769107,-0.010104858470930832],[103.25577325571906,-0.010104863207568999],[103.2557732533877,-0.009924419221766071],[103.25559401733877,-0.009924421547647888],[103.25559401504951,-0.009743977519553684],[103.25541477895868,-0.00974397980305127],[103.25541477450636,-0.00938309166228152],[103.25577324664565,-0.00938308726434239],[103.25577324885099,-0.009563531250152722],[103.25649019262585,-0.009563522283998538],[103.25649019487356,-0.009743966100633725],[103.25631095899277,-0.009743968384608656],[103.25631096128241,-0.009924412243537205]]],[[[103.25398086279186,-0.007398220755411636],[103.2539808645344,-0.007578665164053652],[103.25380162806661,-0.007578666939439034],[103.25380162632413,-0.007398222488525935],[103.25308468003342,-0.007398229420258266],[103.25308467667502,-0.0070373401802932035],[103.25469780488311,-0.0070373253431439626],[103.25469780654196,-0.00721776958268768],[103.25541475132067,-0.007217762817476121],[103.25541475476493,-0.00757865095829744],[103.254339337344,-0.0075786616130601265],[103.25433933560132,-0.007398217288965574],[103.25398086279186,-0.007398220755411636]]],[[[103.25254694989454,-0.004872008163464165],[103.2525469487822,-0.004691563416679692],[103.2516507643491,-0.0046915689096217635],[103.25165076225078,-0.004330678993515292],[103.25200923614977,-0.004330676965479363],[103.25200923717802,-0.004511121839031672],[103.2527261844725,-0.004511117613426418],[103.2527261855429,-0.004691562317953375],[103.25290542226163,-0.0046915612191810886],[103.25290542337406,-0.004872005881446385],[103.25254694989454,-0.004872008163464165]]]]}},{"type":"Feature","properties":{"eventId":"RIAU-20260828-026","firstDetection":"2026-08-28T07:20:00+00:00","lastDetection":"2026-08-28T18:41:00+00:00","estimatedAreaHa":163.72,"confidence":"sedang","hotspotCount":3,"detectionDays":1,"villages":["Kampung Pulau","Kuantan Baru","Sungai Guntung Tengah","Sungai Guntung Tengah / Sungai Guntung Hilir"],"districts":["Rengat"],"regencies":["Indragiri Hulu"],"method":"Sentinel-2 dNBR/NBR indication","resolutionM":20,"clearCoveragePct":100.0,"preSceneDates":["2026-08-14","2026-08-22"],"postSceneDates":["2026-09-01","2026-09-03"],"status":"estimate","disclaimer":"Estimasi berbasis citra satelit; bukan hasil verifikasi lapangan.","province":"Riau","villageAreas":[{"village":"Kampung Pulau","district":"Rengat","regency":"Indragiri Hulu","areaHa":7.28},{"village":"Kuantan Baru","district":"Rengat","regency":"Indragiri Hulu","areaHa":30.371741},{"village":"Sungai Guntung Tengah","district":"Rengat","regency":"Indragiri Hulu","areaHa":52.437059},{"village":"Sungai Guntung Tengah / Sungai Guntung Hilir","district":"","regency":"Indragiri Hulu","areaHa":73.6312}],"unassignedAreaHa":0.0,"archiveEventId":"BA-5c527356eb1e219e","reportMonth":"2026-08"},"geometry":{"type":"MultiPolygon","coordinates":[[[[102.51883863692768,-0.33537943048897717],[102.51883876614608,-0.3357406360238478],[102.51830057539458,-0.3357408312445021],[102.51830044619585,-0.3353796254995993],[102.51883863692768,-0.33537943048897717]]],[[[102.51040566473067,-0.33177039401124325],[102.51040560102142,-0.33158978959869645],[102.5102262025815,-0.33158985371714866],[102.51022607527352,-0.3312286448219725],[102.51130246535365,-0.33122826048149],[102.51130259270047,-0.33158946895752917],[102.51112319443406,-0.3315895330922834],[102.51112325815629,-0.33177013736511796],[102.51040566473067,-0.33177039401124325]]],[[[102.51327363658841,-0.32490642062477904],[102.51327369906485,-0.32508702448117904],[102.5134530967993,-0.32508696156563727],[102.51345322186268,-0.325448169208299],[102.51309442634636,-0.3254482951759977],[102.51309436380367,-0.3252676912847995],[102.51291496599661,-0.32526775422889864],[102.51291490349182,-0.3250871503026733],[102.5125561077799,-0.3250872761113818],[102.51255604531617,-0.32490667211518437],[102.51219724947177,-0.32490679784121884],[102.51219712466113,-0.3245455897088176],[102.51255592049284,-0.32454546412255914],[102.51255598288715,-0.32472606811891014],[102.51291477858636,-0.324725942449992],[102.51291484102173,-0.324906546376371],[102.51327363658841,-0.32490642062477904]]],[[[102.51829675993297,-0.32490465876074137],[102.51793796631192,-0.3249047846912325],[102.51793790378773,-0.3247241817441313],[102.51757911003395,-0.32472430759184967],[102.51757904755087,-0.324543704574677],[102.51739965062501,-0.3245437674587523],[102.51739958817986,-0.32436316440650825],[102.51793777884365,-0.32436297584969853],[102.51793784129829,-0.3245435787969534],[102.51865542837594,-0.3245433272032135],[102.5186556159866,-0.32508513562448565],[102.51829682249829,-0.32508526163776397],[102.51829675993297,-0.32490465876074137]]],[[[102.51631928292177,-0.31280493249711827],[102.5166780767512,-0.31280481131209664],[102.51667813695943,-0.3129854145091261],[102.51685753382507,-0.31298535387701437],[102.5168574736138,-0.3128047507149723],[102.51703687044163,-0.3128046901147724],[102.51703693065596,-0.3129852932418252],[102.51721632745209,-0.3129852326035586],[102.51721638770424,-0.3131658356955464],[102.51739578446868,-0.31316577501920967],[102.51739584475864,-0.3133463780761306],[102.51775463818932,-0.3133462566442287],[102.51775469852018,-0.3135268596310845],[102.51811349181794,-0.3135267381168609],[102.51811355218967,-0.31370734103364467],[102.51847234535448,-0.313707219437085],[102.51847240576713,-0.3138878222837894],[102.51865180230044,-0.3138877614458777],[102.51865186275091,-0.31406836425750256],[102.51883125925252,-0.3140683033814976],[102.51883119879899,-0.3138877006048797],[102.51918999169173,-0.313887578913625],[102.51918993126684,-0.31370697620695215],[102.51954872401434,-0.31370685457337893],[102.51954878444536,-0.31388745721002537],[102.52008697331495,-0.3138872746314791],[102.52008691287473,-0.31370667209988556],[102.52098389361295,-0.3137063679157076],[102.5209839540685,-0.3138869702721774],[102.52116335011482,-0.3138869093910584],[102.52116328965622,-0.3137063070696187],[102.52152208163834,-0.31370618536818756],[102.52152214210307,-0.3138867876195618],[102.52188093395212,-0.3138866658357203],[102.5218809944578,-0.3140672680169476],[102.52206039033318,-0.31406720708535873],[102.52206032982444,-0.3138866049391703],[102.52223972566196,-0.31388654403953414],[102.52223966518496,-0.3137059419283122],[102.52259845674942,-0.3137058201898679],[102.52259857775049,-0.3140670242720639],[102.52241918197953,-0.3140670852129168],[102.52241930311371,-0.3144282893649039],[102.52188111557356,-0.3144284723791792],[102.52188117618365,-0.31460907456018344],[102.52098419623864,-0.3146093796973131],[102.52098425686818,-0.31478998205341097],[102.52026667227352,-0.31479022624753755],[102.52026673292555,-0.31497082874366356],[102.51954914776196,-0.3149710730283426],[102.51954920843647,-0.3151516756644683],[102.51936981205554,-0.3151517367629099],[102.51936987276174,-0.315332339433975],[102.5190110798894,-0.3153324616915852],[102.51901101918934,-0.3151518589504972],[102.51883162270407,-0.3151519200396428],[102.51883156204188,-0.3149713172634715],[102.5172169921375,-0.31497186661134197],[102.51721693153776,-0.31479126352009706],[102.51703753471097,-0.3147913245082736],[102.51703747414906,-0.3146107213819633],[102.51685807729059,-0.3146107823320556],[102.51685813784943,-0.3147913854933552],[102.51614055005571,-0.3147916294027295],[102.51614048950916,-0.3146110261014906],[102.51560229830822,-0.3146112088960863],[102.51560223780565,-0.3144306054898372],[102.51524344350412,-0.31443072726748567],[102.51524350400055,-0.314611330743683],[102.51506410679461,-0.31461139166284124],[102.51506404630125,-0.31443078815167247],[102.51470525179128,-0.31443090991077105],[102.5147051913388,-0.3142503063295903],[102.51434639669604,-0.31425042800639175],[102.51434633628443,-0.3140698243552061],[102.513808144069,-0.31407000674235186],[102.51380802336837,-0.3137087992299928],[102.51362862589991,-0.3137088599496172],[102.51362856560475,-0.3135282561583691],[102.51380796307014,-0.31352819547370187],[102.51380766209988,-0.31262517669113626],[102.51398705951526,-0.31262511617818145],[102.51398699942233,-0.3124445124564054],[102.51416639679994,-0.31244445197533754],[102.51416645689592,-0.31262505566215276],[102.51452525155305,-0.31262493462087365],[102.51452519145096,-0.31244433100398544],[102.51506338316699,-0.31244414952391636],[102.51506332309049,-0.3122635460118579],[102.51524272025664,-0.31226348554732886],[102.5152427803362,-0.3124440890244158],[102.51542217747065,-0.3124440285218431],[102.515422237588,-0.312624631963883],[102.51631922275442,-0.3126243292300453],[102.51631928292177,-0.31280493249711827]]],[[[102.51757279798265,-0.3059415934024446],[102.51757285688515,-0.30612219642730104],[102.51775225346213,-0.3061221371096622],[102.51775231240241,-0.3063027400994499],[102.51793170894759,-0.3063026807438029],[102.51793182693841,-0.3066638866531651],[102.51775243038725,-0.3066639460788081],[102.51775272595772,-0.30756696102593306],[102.51793212252389,-0.3075669014252997],[102.51793218174528,-0.3077475043795085],[102.5181115782797,-0.3077474447408512],[102.5181116968328,-0.3081086505790505],[102.51829109333845,-0.308108590867364],[102.51829127143789,-0.30865039951911144],[102.51811187492319,-0.3086504593358028],[102.51811193435621,-0.30883106225457435],[102.51775314121649,-0.3088311819488508],[102.51775320067823,-0.30901178493754716],[102.51721501069888,-0.30901196456117125],[102.51721489182826,-0.30865075837373834],[102.51739428851678,-0.3086506985722208],[102.51739422913059,-0.30847009551338755],[102.51757362578132,-0.30847003574382975],[102.5175735664269,-0.3082894327199181],[102.51775296303985,-0.3082893729823235],[102.51775284442925,-0.307928167004274],[102.51757344782231,-0.3079282266718759],[102.51757338857216,-0.3077476236477456],[102.51703519855178,-0.307747802527407],[102.51703513934541,-0.30756719939822563],[102.51685574260543,-0.3075672589837384],[102.51685568343682,-0.30738665581949504],[102.51631749301738,-0.30738683445293175],[102.51631731574707,-0.30684502464489477],[102.51649671257931,-0.30684496520838983],[102.51649659456687,-0.30648375873930317],[102.51631719774063,-0.3064838181058404],[102.51631707987318,-0.30612261156649606],[102.51667587347896,-0.30612249297034716],[102.51667581459138,-0.3059418897705358],[102.51685521133915,-0.30594183050293383],[102.51685515248334,-0.30576122733803757],[102.51703454919335,-0.3057611681024166],[102.51703449036933,-0.30558056497243724],[102.5172138870416,-0.3055805057688008],[102.51721394586863,-0.3057611088637894],[102.51739334250914,-0.30576104962215567],[102.51739340137391,-0.30594165268207907],[102.51757279798265,-0.3059415934024446]]],[[[102.51362460492959,-0.3014278019779764],[102.51362472090166,-0.30178900957014826],[102.51380411817175,-0.30178895115770094],[102.51380458347256,-0.30323378124387274],[102.51398398073157,-0.30323372254878633],[102.5139840390534,-0.3034143262742766],[102.51434283347312,-0.30341420880523584],[102.51434289183561,-0.30359481246073106],[102.51452228899635,-0.3035947536867714],[102.51452234739654,-0.30377535730723043],[102.5147017445255,-0.3037752984953195],[102.51470203706225,-0.3046783164217058],[102.51452263991843,-0.3046783754084471],[102.51452269852702,-0.3048589790284745],[102.51434330134548,-0.3048590380471843],[102.51434335998582,-0.30503964170210385],[102.51452275717033,-0.3050395826484297],[102.51452281584837,-0.30522018626831265],[102.51470221300114,-0.3052201271766732],[102.51470227171689,-0.30540073076151797],[102.51506106592417,-0.3054006124992981],[102.51506112468063,-0.3055812160141331],[102.51559931573996,-0.30558103849336227],[102.51559949224465,-0.3061228487226748],[102.51542009525066,-0.3061229080041946],[102.51542027205906,-0.30666471833778036],[102.51559966906203,-0.3066646589513356],[102.51559996445255,-0.3075676759976522],[102.51577936143576,-0.3075676164333084],[102.5157794206211,-0.30774821980737693],[102.5159588175726,-0.3077481602050304],[102.51595905467343,-0.3084705735606618],[102.5157796577099,-0.30847063330292246],[102.51577977646276,-0.3088318400502576],[102.51560037945848,-0.3088318998594389],[102.51560043888401,-0.3090125032679737],[102.51237128681292,-0.30901357994325535],[102.51237122744169,-0.30883297590544245],[102.51183303434522,-0.3088331551507895],[102.51183285646692,-0.30829134272244113],[102.51165345870773,-0.3082914023600038],[102.51165328115083,-0.30774958982618617],[102.51147388336595,-0.30774964935590976],[102.51147382425272,-0.307569045142889],[102.51129442643615,-0.3075691046346525],[102.51129436736065,-0.3073885003866249],[102.51111496951236,-0.30738855984043173],[102.51111491047455,-0.30720795555739916],[102.51057671673054,-0.30720813379589856],[102.51057665773642,-0.30702752940800676],[102.51039725975535,-0.3070275887798733],[102.51039720079893,-0.30684698435698377],[102.51021780278617,-0.3068470436909079],[102.51021774386744,-0.3066664392330223],[102.50985894774385,-0.30666655782197744],[102.5098588888658,-0.3064859532941777],[102.50967949075498,-0.30648601254921415],[102.50967943191459,-0.30630540798642375],[102.5068090574732,-0.3063063550987064],[102.50680899871537,-0.3061257499773947],[102.50662960002111,-0.30612580911142373],[102.50662954130092,-0.30594520395515173],[102.50591194618934,-0.30594544032163273],[102.50591188751575,-0.30576483502575436],[102.50555308975804,-0.3057649531211885],[102.50555303112507,-0.30558434775548143],[102.50537363219723,-0.3055844067638132],[102.5053735150412,-0.3052231959624315],[102.50519411608468,-0.305223254898011],[102.50519405756161,-0.3050426494623381],[102.50501465857343,-0.3050427083600443],[102.5050143081803,-0.30395907553526313],[102.50483490917533,-0.30395913422074883],[102.50483485090068,-0.30377852871483013],[102.50465545186404,-0.30377858736245844],[102.50465539362698,-0.3035979818215996],[102.50447599455867,-0.30359804043137434],[102.50447593635923,-0.30341743485557704],[102.50878150436453,-0.30341602823434743],[102.50878144612862,-0.3032354234957678],[102.50896084435927,-0.30323536488416625],[102.50896078615506,-0.30305476018042415],[102.50914018434806,-0.3030547016007519],[102.50914024255522,-0.30323530626958295],[102.50931964071651,-0.303235247652018],[102.50931969896132,-0.3034158522858646],[102.50949909709088,-0.3034157936304035],[102.50949903884312,-0.30323518903147156],[102.50985783499227,-0.30323507178143366],[102.50985789324596,-0.303415676310531],[102.5102166892623,-0.303415558978725],[102.51021663100268,-0.3032349545194692],[102.51057542687433,-0.3032348372455782],[102.51057548513987,-0.30341544163498546],[102.5107548830266,-0.3034153829586405],[102.51075482475811,-0.3032347786041603],[102.51147241594627,-0.3032345440086729],[102.51147235770061,-0.30305393979384676],[102.51165175540794,-0.3030538811724568],[102.51165152276053,-0.30233146445218007],[102.51183092042132,-0.302331405967561],[102.51183063037817,-0.3014283852402952],[102.51201002798952,-0.3014283269274005],[102.51200997008206,-0.3012477228166728],[102.51236876519475,-0.3012476062518761],[102.51236870731613,-0.30106700221096133],[102.51290689971599,-0.3010668274463906],[102.51290695760343,-0.30124743138246574],[102.51344514969968,-0.30124725648639705],[102.51344520763068,-0.30142786031754537],[102.51362460492959,-0.3014278019779764]]],[[[102.49801384508038,-0.2916800974756145],[102.49801423672598,-0.2929443453148437],[102.49819363686811,-0.2929442888658977],[102.49819369295862,-0.2931248956649942],[102.49837309306903,-0.2931248391783633],[102.49837303697566,-0.2929442324140711],[102.49855243704864,-0.29294417595936395],[102.49855232495989,-0.29258296250018456],[102.49891112499068,-0.2925828497213639],[102.49891123709088,-0.292944063041308],[102.49909063706014,-0.29294400657795905],[102.49909080547835,-0.2934858264529215],[102.49927020542161,-0.29348576988225217],[102.49927026163306,-0.29366637647228777],[102.49962906142156,-0.29366626325265954],[102.49962900520438,-0.29348565673225585],[102.4998084050439,-0.2934856001529289],[102.49980829270758,-0.29312438718155076],[102.49998769250678,-0.2931243306689787],[102.49998752425313,-0.2925825113158537],[102.50016692400915,-0.29258245490486584],[102.50016698006196,-0.2927630613211546],[102.50034637978625,-0.2927630048724657],[102.50034643587652,-0.29294361125386137],[102.50052583556908,-0.292943554767468],[102.50052577947595,-0.29276294842089806],[102.50070517913105,-0.2927628919664517],[102.50070540372259,-0.29348531721300564],[102.50088480335454,-0.29348526061636354],[102.50088485959178,-0.29366586689299956],[102.50232005542468,-0.29366541373727245],[102.50232011171946,-0.29384601973514085],[102.50249951104571,-0.29384596304283533],[102.50249945474805,-0.29366535707981223],[102.50375524904236,-0.29366496039673773],[102.5037553053601,-0.2938455661157943],[102.50429350240405,-0.29384539596086456],[102.50429344607771,-0.29366479034639187],[102.50447284502022,-0.293664733657168],[102.50447290134944,-0.29384533923677597],[102.50465230026019,-0.293845282509798],[102.5046524130283,-0.2942064935990726],[102.50447301411181,-0.29420655039578375],[102.50447363678104,-0.296193211765346],[102.50429423779818,-0.2961932689426772],[102.50429418102162,-0.2960126633291104],[102.50411478200704,-0.2960127204686659],[102.50411483878071,-0.29619332611709587],[102.5035766415205,-0.2961934976228772],[102.50357669832012,-0.2963741033758156],[102.50250030284751,-0.29637444651785055],[102.50250024606524,-0.2961938405558032],[102.50232084670154,-0.2961938977010973],[102.5023209034809,-0.29637450369798984],[102.50178270517344,-0.29637467522092215],[102.50178276197873,-0.2965552813222698],[102.5016033624708,-0.2965553385255903],[102.50160330566841,-0.29637473238940437],[102.50016810838247,-0.2963751896323483],[102.5001681651617,-0.2965557960471757],[102.49945056567691,-0.296556024737983],[102.49945050890926,-0.2963754181838774],[102.49891230894119,-0.2963755895669241],[102.49891236570016,-0.29655619622546947],[102.49855356554276,-0.29655631053588016],[102.4985535087896,-0.296375703807717],[102.49640070497612,-0.2963763890076707],[102.49640076169456,-0.2965569961533912],[102.49622136114922,-0.29655705326922904],[102.4962213044337,-0.2963764460887237],[102.49586250324518,-0.2963765602420865],[102.49586205081106,-0.29493170223901133],[102.49568265018807,-0.2949317590330846],[102.49568253743078,-0.2945705444620593],[102.49586193804801,-0.2945704877375451],[102.4958617129365,-0.29384805873377856],[102.49604111350769,-0.29384800214549317],[102.49604105731332,-0.2936673949291593],[102.49622045784709,-0.2936673383727673],[102.49622040168438,-0.29348673119114727],[102.4960410011535,-0.29348678771275616],[102.49604094502823,-0.2933061804962835],[102.49586154446565,-0.29330623698022495],[102.49586081801836,-0.29095834270763793],[102.49621961903478,-0.2909582306412081],[102.49621967471373,-0.29113883782379457],[102.49639907517296,-0.29113878175150326],[102.49639913088932,-0.29131938889923614],[102.49657853131681,-0.29131933278929534],[102.49657847559762,-0.29113872567634913],[102.49675787598774,-0.2911386695983321],[102.49675782030026,-0.2909580625201056],[102.49693722065297,-0.29095800647401593],[102.49693727634329,-0.29113861351745224],[102.49711667666429,-0.29113855743370953],[102.49711662097113,-0.29095795042506517],[102.49729602125471,-0.2909578943732533],[102.49729596559328,-0.290777287399334],[102.49765476605108,-0.29077717535672004],[102.4976548217182,-0.2909577822610467],[102.49783422189812,-0.29095772620065175],[102.49783444492367,-0.29168015367807393],[102.49801384508038,-0.2916800974756145]]],[[[102.50357540068879,-0.29222017104060255],[102.50375479974693,-0.2922201146417906],[102.50375513651075,-0.29330374895841643],[102.50357573743544,-0.2933038055663744],[102.5035755689063,-0.2927619883037998],[102.50339616980496,-0.2927620448043061],[102.50339611370069,-0.2925814390151202],[102.50321671456759,-0.2925814954778935],[102.50321677066898,-0.2927621013019337],[102.50303737149841,-0.29276215779668247],[102.50303703542637,-0.291678522642292],[102.50321643457984,-0.29167846635665723],[102.50321660246861,-0.2922202838296062],[102.503396001596,-0.292220227436541],[102.50339605763104,-0.29240083322586524],[102.50357545672667,-0.2924007767950708],[102.50357540068879,-0.29222017104060255]]],[[[102.49891106899247,-0.29240224306128826],[102.49855226896739,-0.29240235577049123],[102.49855198952345,-0.2914993221209891],[102.49873138953903,-0.291499265941865],[102.49873133375112,-0.29131865924656586],[102.49891073372926,-0.2913186030993852],[102.49891090120526,-0.2918604230806469],[102.49909030115737,-0.2918603668261671],[102.49909035705471,-0.29204097345163843],[102.49891095709975,-0.29204102974092966],[102.49891106899247,-0.29240224306128826]]],[[[102.52762775348342,-0.3317642200988183],[102.52762781753852,-0.33194482115034857],[102.52691023689796,-0.33194507913727406],[102.52691010884853,-0.33158387675340345],[102.52708950405447,-0.3315838123317452],[102.5270894400788,-0.33140321117478067],[102.52762762547779,-0.3314030179955222],[102.52762768946316,-0.3315836190472095],[102.52744829436179,-0.33158368347864814],[102.5274483583788,-0.3317642845653511],[102.52762775348342,-0.3317642200988183]]],[[[102.52690940706874,-0.3295972636365101],[102.52690934347973,-0.3294166624435962],[102.52672994827765,-0.32941672644095016],[102.52672988472669,-0.32923612521287127],[102.52655048949298,-0.3292361891719012],[102.52655029905885,-0.3286943853819412],[102.52690908947214,-0.3286942576711609],[102.52690921640622,-0.32905546005753433],[102.52708861156701,-0.32905539612711904],[102.52708880223919,-0.3295971996008285],[102.52690940706874,-0.3295972636365101]]],[[[102.53587130619266,-0.3066579288624147],[102.53587124688046,-0.3064773294165441],[102.53623003290129,-0.30647721002355194],[102.53622997361805,-0.3062966106479652],[102.53640936657305,-0.3062965509821304],[102.53640930732176,-0.30611595164165206],[102.53694748596811,-0.3061157727316327],[102.53694754522837,-0.30629637196655746],[102.53676815237822,-0.30629643164142645],[102.53676827099761,-0.30665763018143066],[102.53587130619266,-0.3066579288624147]]],[[[102.52241631653162,-0.3053981854768116],[102.52277510774833,-0.30539806695635174],[102.5227751666331,-0.30557866896581193],[102.52313395771651,-0.3055785503632439],[102.52313401664205,-0.30575915230253453],[102.52331341213451,-0.30575909296169246],[102.523313589129,-0.3063008986739759],[102.52349298459562,-0.3063008392249682],[102.5234930436664,-0.3064814410938646],[102.52367243910119,-0.30648138160679045],[102.52367255735324,-0.3068425852742559],[102.52349316191247,-0.30684264483143986],[102.5234932802978,-0.3072038485687246],[102.5233138848162,-0.30720390819299787],[102.52331382560912,-0.30702330628933866],[102.52313443009571,-0.30702336587554013],[102.52313437092644,-0.3068427639367571],[102.52331376643687,-0.30684270438560696],[102.5233136481968,-0.30648150057792556],[102.52313425269239,-0.3064815600589729],[102.52313419362757,-0.30630095811997204],[102.52295479809132,-0.3063010175629566],[102.52295473906432,-0.3061204155888336],[102.52223715658313,-0.3061206531904752],[102.52223721559817,-0.3063012553047787],[102.52187842414274,-0.3063013741576201],[102.52187836513367,-0.306120771973237],[102.52169896935675,-0.30612083136010315],[102.52169891038548,-0.3059402291406106],[102.52151951457674,-0.30594028848943144],[102.521519573545,-0.30612089074395954],[102.52116078181713,-0.30612100950264254],[102.52116084081422,-0.3063016118271634],[102.52098144489511,-0.3063016712370202],[102.52098120912746,-0.30557926179838185],[102.52116060503464,-0.3055792025286453],[102.52116054617673,-0.30539860020383486],[102.52151933788072,-0.30539848172541334],[102.52151927905165,-0.305217879470596],[102.52169867484845,-0.30521782026191646],[102.52169873368051,-0.3053984224816984],[102.5218781294455,-0.3053983632349809],[102.52187818831533,-0.3055789654196534],[102.52241637541042,-0.30557878755636203],[102.52241631653162,-0.3053981854768116]]],[[[102.52008458284023,-0.30666317331026083],[102.51972579053772,-0.30666329223089706],[102.51972573149499,-0.30648268962633063],[102.51936693905932,-0.3064828084648761],[102.51936688005735,-0.3063022057902073],[102.51918748379035,-0.3063022651699476],[102.51918742482614,-0.30612166246019396],[102.51936682109016,-0.3061216031154659],[102.51936676215776,-0.3059410004406522],[102.519546158384,-0.3059409411279283],[102.51954609948338,-0.3057603384880563],[102.51990489182556,-0.3057602199236177],[102.51990483295376,-0.30557961735370665],[102.52026362515082,-0.30557949884728314],[102.52026374294115,-0.3059407038469519],[102.52044313899347,-0.30594064451918745],[102.52044331594888,-0.30648245191307855],[102.52008452379151,-0.30648257077573143],[102.52008458284023,-0.30666317331026083]]],[[[102.5261837352774,-0.3057581430993681],[102.52618385333453,-0.3061193457855037],[102.5245692976101,-0.3061198808090656],[102.52456923859101,-0.30593927915038016],[102.52438984333932,-0.30593933854732985],[102.52438978435806,-0.3057587368535082],[102.52456917960676,-0.3057586774916222],[102.52456912065733,-0.305578075832792],[102.52492791104427,-0.30557795717013425],[102.5249278521237,-0.3053973555813646],[102.5256454324676,-0.30539711836028255],[102.52564549140008,-0.3055777198087652],[102.52582488640194,-0.3055776604609117],[102.52582494537226,-0.30575826187424593],[102.5261837352774,-0.3057581430993681]]],[[[102.53138605514025,-0.3053952188620993],[102.53138629146149,-0.3061176201623199],[102.53156568535643,-0.3061175606129264],[102.531565922248,-0.30683996177145484],[102.5313865283411,-0.3068400214613804],[102.53138658764826,-0.3070206217859639],[102.53120719370345,-0.30702068150800393],[102.5312072530425,-0.307201281867646],[102.53084846504218,-0.3072014013729274],[102.53084834641098,-0.30684020051305627],[102.53066895236448,-0.3068402601909146],[102.5306688931042,-0.306659659725744],[102.53084828714772,-0.3066596000830116],[102.53084822791934,-0.30647899965289443],[102.53066883387883,-0.3064790592605009],[102.53066877468834,-0.30629845879518514],[102.52977180397744,-0.3062987566124159],[102.5297717448368,-0.3061181559714246],[102.52923356200061,-0.3061183345202847],[102.52923350290382,-0.3059377337738805],[102.52905410855833,-0.30593779324903786],[102.52905393148616,-0.30539599090406083],[102.5292333258227,-0.30539593153423333],[102.52923320794302,-0.30503473004077347],[102.52941260223872,-0.30503467073816676],[102.52941248449257,-0.30467346931464134],[102.52923309020282,-0.30467352854702473],[102.52923297260216,-0.30431232705298733],[102.52941236688595,-0.3043122678908273],[102.52941242567182,-0.3044928686027705],[102.52959181992372,-0.304492809402505],[102.52959187874744,-0.30467341007926246],[102.52995066715253,-0.3046732915995182],[102.52995060832285,-0.3044926909929931],[102.53030939658245,-0.3044925725715062],[102.53030933778172,-0.3043119720351482],[102.53084751990055,-0.30431179448583734],[102.53084746112579,-0.30413119405477984],[102.53120624902459,-0.30413107574387],[102.53120630780529,-0.3043116761046704],[102.53156509557046,-0.30431155771153573],[102.53156544902323,-0.30539515945323786],[102.53138605514025,-0.3053952188620993]]],[[[102.52815497490116,-0.2992558551187608],[102.5281552641938,-0.3001588599164972],[102.52779647523892,-0.3001589765814125],[102.52779653319617,-0.30033957761094343],[102.52725834949356,-0.3003397526914644],[102.5272584074769,-0.30052035382620595],[102.52672022345178,-0.30052052898541637],[102.52672028146114,-0.3007011302253526],[102.52636149193093,-0.3007012470535543],[102.52636154996928,-0.30088184836358767],[102.52564397047891,-0.3008820821248283],[102.52564402854036,-0.3010626835751057],[102.52546463357773,-0.3010627420430944],[102.52546457551922,-0.30088214055774276],[102.52528518052468,-0.30088219898769886],[102.52528512250396,-0.30070159746720326],[102.52510572747751,-0.3007016558591302],[102.52510561154645,-0.3003404527477838],[102.525285006567,-0.30034039442599836],[102.52528489076943,-0.29997919138450924],[102.52546428574931,-0.2999791331299161],[102.52546422789983,-0.2997985316441375],[102.52564362284194,-0.29979847342166943],[102.5256435650244,-0.29961787197089434],[102.52546417008521,-0.2996179301582881],[102.52546405456049,-0.2992567271863763],[102.52528465959232,-0.2992567853006789],[102.52528454421281,-0.2988955822583386],[102.526181518676,-0.2988952920081636],[102.52618157636294,-0.2990758933539884],[102.52707854996954,-0.29907560285491974],[102.52707860770596,-0.29925620402524866],[102.52815497490116,-0.2992558551187608]]],[[[102.53102539699016,-0.2996161249792718],[102.53138418467178,-0.2996160084188981],[102.53138430052911,-0.29997720907374176],[102.5312049066999,-0.2999772674256639],[102.53120496467797,-0.30015786778811043],[102.53102557081094,-0.30015792617221265],[102.53102551283578,-0.2999773257746367],[102.53084611893678,-0.2999773841206602],[102.53084606099945,-0.2997967836878855],[102.53066666706847,-0.29979684199583384],[102.53066672500289,-0.29997744246373437],[102.5304873310341,-0.29997750080385915],[102.53048738900046,-0.3001581013068127],[102.53012860095234,-0.30015821804845727],[102.53012854299185,-0.29997761747526086],[102.52994914891839,-0.29997767580653767],[102.52994903310793,-0.29961647458969415],[102.53030782120821,-0.2996163580646698],[102.53030776334946,-0.299435757526381],[102.53048715734435,-0.2994356992945725],[102.53048721520604,-0.29961629979773896],[102.53084600309701,-0.29961618325503997],[102.53084594522949,-0.2994355828221234],[102.5310253391197,-0.2994355245814829],[102.53102539699016,-0.2996161249792718]]],[[[102.5155926759535,-0.2844504390541558],[102.51577207256666,-0.28445038396682876],[102.51577212730466,-0.2846309873498623],[102.51595152388587,-0.28463093222475994],[102.5159515786614,-0.28481153557274785],[102.51613097521063,-0.2848114804098667],[102.51613103002369,-0.2849920837228071],[102.51631042654097,-0.28499202852214367],[102.51631048139154,-0.28517263180003455],[102.51666927432741,-0.285172521320332],[102.51666932921832,-0.2853531245281862],[102.5168487256369,-0.28535306924914167],[102.51684867074322,-0.2851724660762748],[102.51702806712427,-0.2851724108294136],[102.51702801226256,-0.2849918076914683],[102.51720740860605,-0.28499175247679404],[102.51720735377631,-0.2848111493737721],[102.51738675008228,-0.2848110941912883],[102.51738669528451,-0.28463049112319155],[102.51756609155295,-0.28463043597290183],[102.51756603678714,-0.28444983293973225],[102.51774543301804,-0.28444977782164005],[102.51774537828423,-0.28426917482339925],[102.51810417063615,-0.2842690646488221],[102.51810411593156,-0.28408846172051166],[102.51900109618903,-0.2840881864101809],[102.5190011509075,-0.2842687891634661],[102.51918054685744,-0.2842687340580098],[102.51918060161347,-0.2844493367762175],[102.51935999753141,-0.284449281632954],[102.51936010715335,-0.28481048699914285],[102.51953950304207,-0.2848104317830549],[102.51953955790799,-0.2849910344310344],[102.51971895376471,-0.28499097917713023],[102.5197190086682,-0.2851715817900267],[102.51989840449292,-0.28517152649830296],[102.51989834958665,-0.28499092392042413],[102.52079532817456,-0.2849906475948615],[102.52079527328915,-0.2848100451920292],[102.52133346001602,-0.2848098794681561],[102.52133351490977,-0.2849904817658987],[102.52151291041858,-0.28499042648397366],[102.5215129653499,-0.28517102874661543],[102.5218717562687,-0.2851709181042867],[102.5218718112404,-0.2853515202967887],[102.52205120665037,-0.28535146493637975],[102.52205126165966,-0.28553206709377554],[102.5225894476891,-0.285531900890588],[102.52258950274157,-0.28571250294278905],[102.52276889801789,-0.2857124475010659],[102.52276895310796,-0.2858930495181534],[102.52294834835224,-0.2858929940385734],[102.52294856907184,-0.28661540196605595],[102.52312796429251,-0.2866153463434673],[102.52312807486679,-0.2869765502367028],[102.52294867964054,-0.2869766059293904],[102.5229487349771,-0.28715720791095584],[102.52276933971324,-0.28715726363586946],[102.52276939508181,-0.28733786565241454],[102.52241060444399,-0.2873379771638618],[102.52241065984178,-0.28751857925042884],[102.52223126446785,-0.28751863503695707],[102.52223131989763,-0.2876992371584985],[102.52205192448608,-0.2876992929772404],[102.52205197994786,-0.28787989513375417],[102.5213343979424,-0.28788011852057893],[102.52133445342771,-0.28806072081716927],[102.52115505783654,-0.28806077669183094],[102.521155002354,-0.28788017436020896],[102.52079621107288,-0.2878802860309775],[102.52079615563079,-0.2876996836292294],[102.5204373642161,-0.2876997952186249],[102.52043741965258,-0.2878803976904239],[102.5198992322612,-0.2878805651583647],[102.51989928772403,-0.2880611677351587],[102.5197198918545,-0.28806122358716213],[102.51971994734932,-0.28824182619890554],[102.5195405514422,-0.28824188208309226],[102.51954066253053,-0.28860308737640594],[102.519361266583,-0.28860314332778647],[102.51936132217652,-0.2887837460093548],[102.51900253017148,-0.28878385797362566],[102.5190024745836,-0.2886032552220347],[102.51882307853175,-0.2886033111649024],[102.5188231341168,-0.28878391395150194],[102.51864373802735,-0.2887839699265389],[102.51864384929614,-0.2891451755695465],[102.5181056608022,-0.28914534368764033],[102.51810571648028,-0.2893259466140514],[102.51756752766497,-0.28932611481155224],[102.51756741636052,-0.28896490874867387],[102.51738802002487,-0.28896496473882927],[102.51738796442761,-0.288784361672293],[102.51720856806,-0.2887844176246145],[102.51720862365444,-0.2889650207261433],[102.51702922724928,-0.28896507671061616],[102.51702928287565,-0.28914567984706746],[102.5168498864329,-0.28914573586368814],[102.51685005351209,-0.2896875453775986],[102.51667065702611,-0.2896876014963384],[102.51667071278585,-0.289868204702492],[102.51649131626228,-0.289868260853369],[102.51649120478321,-0.28950705437102164],[102.51631180823054,-0.28950711044908095],[102.51631175254596,-0.2893265071728208],[102.51613235596137,-0.28932656321305156],[102.51613230031437,-0.2891459599017409],[102.51595290369785,-0.2891460159041467],[102.51595273697377,-0.2886042058648641],[102.51613213358183,-0.288604149967399],[102.51613207807381,-0.28842354665581516],[102.5163114746443,-0.2884234907904944],[102.5163114191682,-0.28824288751382426],[102.51649081570112,-0.2882428316806513],[102.51649070484758,-0.28788162519707394],[102.51667010134011,-0.28788156943103793],[102.51667004596267,-0.28770096622413266],[102.51684944241762,-0.2877009104902534],[102.51684938707213,-0.2875203073182674],[102.51666999061996,-0.2875203630171594],[102.51666993531201,-0.28733975981011795],[102.51649053882791,-0.28733981547119747],[102.51649048355752,-0.2871592122291026],[102.51666988003882,-0.28715915660300867],[102.51666960419415,-0.2862561405664439],[102.51649020772685,-0.2862561960176102],[102.51649015266497,-0.2860755927751084],[102.51631075616572,-0.2860756481884765],[102.5163106461518,-0.28571444163330245],[102.51613124962337,-0.28571449697389373],[102.51613119467132,-0.28553389366122334],[102.51595179811095,-0.2855339489640252],[102.51595174319644,-0.285353345616307],[102.51541355331518,-0.2853535114029375],[102.51541349844378,-0.2851729079502221],[102.51523410175,-0.28517296317184776],[102.51523404691612,-0.2849923596840917],[102.51505465019038,-0.28499241486794213],[102.51505459539402,-0.2848118113451474],[102.51487519863633,-0.28481186649122603],[102.51487514387749,-0.2846312629333944],[102.51451635026346,-0.2846313731472168],[102.51451629554492,-0.28445076951938425],[102.51469569236652,-0.2844507144488383],[102.51469558302807,-0.28408950726290305],[102.51505437655598,-0.2840893972532952],[102.5150543219333,-0.2839087937301641],[102.51523371864238,-0.2839087387561415],[102.51523377326782,-0.2840893422443012],[102.51541316994492,-0.2840892872325141],[102.51541322460788,-0.2842698906856337],[102.51559262125302,-0.2842698356360782],[102.5155926759535,-0.2844504390541558]]]]}},{"type":"Feature","properties":{"eventId":"RIAU-20260823-027","firstDetection":"2026-08-23T09:07:00+00:00","lastDetection":"2026-08-28T09:00:00+00:00","estimatedAreaHa":75.72,"confidence":"tinggi","hotspotCount":4,"detectionDays":2,"villages":["Area Saling Klaim","Karya Tunas Jaya","Kerta Jaya","Telukkiambang"],"districts":["Kempas","Tempuling"],"regencies":["Indragiri Hilir"],"method":"Sentinel-2 dNBR/NBR indication","resolutionM":20,"clearCoveragePct":98.2,"preSceneDates":["2026-08-07","2026-08-12","2026-08-14"],"postSceneDates":["2026-09-01","2026-09-03"],"status":"estimate","disclaimer":"Estimasi berbasis citra satelit; bukan hasil verifikasi lapangan.","province":"Riau","villageAreas":[{"village":"Area Saling Klaim","district":"","regency":"Indragiri Hilir","areaHa":10.52},{"village":"Karya Tunas Jaya","district":"Tempuling","regency":"Indragiri Hilir","areaHa":1.6},{"village":"Kerta Jaya","district":"Kempas","regency":"Indragiri Hilir","areaHa":31.125694},{"village":"Telukkiambang","district":"Tempuling","regency":"Indragiri Hilir","areaHa":32.474306}],"unassignedAreaHa":0.0,"archiveEventId":"BA-6b6e3816f0ef4e7d","reportMonth":"2026-08"},"geometry":{"type":"MultiPolygon","coordinates":[[[[102.8028514815623,-0.4878329905571894],[102.80285168463733,-0.4881940806401787],[102.80267234161695,-0.48819418289366784],[102.80267213855144,-0.48783309273504377],[102.80249279550303,-0.4878331949081079],[102.80249259259732,-0.48747210467337915],[102.80231324952085,-0.487472206766025],[102.8023131481291,-0.48729166161066934],[102.80285117723152,-0.48729135543181795],[102.80285127863755,-0.4874719004737267],[102.8032099645275,-0.4874716962549266],[102.8032100659806,-0.4876522412210771],[102.80303072304966,-0.48765234337069147],[102.80303082453557,-0.48783288837454464],[102.8028514815623,-0.4878329905571894]]],[[[102.80051429851473,-0.47754322291797263],[102.80051449718572,-0.4779043139972934],[102.79979712400038,-0.4779047141167059],[102.79979702466476,-0.47772416842593735],[102.79961768127923,-0.4777242684062708],[102.79961748272991,-0.47736317694881153],[102.79943813931617,-0.4773632768488829],[102.79943804010246,-0.4771827310821943],[102.79925869665584,-0.4771828309397944],[102.79925859748433,-0.4770022851352066],[102.79907925400482,-0.47700238495033864],[102.79907905578371,-0.47664129326525195],[102.79997577275938,-0.4766407945206021],[102.79997587187442,-0.4768213401742765],[102.8001552151616,-0.47682124037351387],[102.80015541351361,-0.4771823316049343],[102.80033475677253,-0.4771822317239045],[102.80033495528403,-0.477543322879277],[102.80051429851473,-0.47754322291797263]]],[[[102.79853846229597,-0.47194739756108245],[102.79853826620425,-0.47158630564288306],[102.79871760965754,-0.4715862069750969],[102.79871751166338,-0.47140566105360193],[102.79889685507455,-0.4714055624189629],[102.79889695307331,-0.47158610830267966],[102.79907629645156,-0.4715860096256316],[102.79907659068684,-0.4721276471627551],[102.79871790386521,-0.47212784473889513],[102.79871780575846,-0.4719472988177436],[102.79853846229597,-0.47194739756108245]]],[[[102.80194607985412,-0.47212606588600503],[102.80194598166447,-0.47194552064513245],[102.80176663887775,-0.4719456194718931],[102.80176654073028,-0.4717650741930975],[102.80140785505336,-0.4717652717571042],[102.80140775695264,-0.4715847264025826],[102.80122841406246,-0.47158482513983396],[102.80122802205356,-0.47086264356939195],[102.80140736492535,-0.47086254498335284],[102.80140716913704,-0.4705014542730523],[102.80158651196211,-0.47050135575799873],[102.80158641411968,-0.47032081044048196],[102.80194509964797,-0.47032061347212883],[102.80194519749956,-0.47050115871403075],[102.80212454021195,-0.4705010601851164],[102.80212473603702,-0.4708621505929575],[102.80230407872102,-0.47086205198379893],[102.80230476532408,-0.4721258681429581],[102.80194607985412,-0.47212606588600503]]],[[[102.81216757399272,-0.4703149921081391],[102.81216767210587,-0.4704955351920359],[102.81198833149963,-0.4704956339796803],[102.81198823339109,-0.4703150908578741],[102.81145021136024,-0.4703153870793693],[102.81145011330311,-0.4701348438437313],[102.81091209094713,-0.4701351399099603],[102.81091189497333,-0.46977405321093874],[102.81127057656329,-0.4697738559896679],[102.81127067454054,-0.46995439926343635],[102.81198803728695,-0.4699540046139192],[102.8119881353202,-0.47013454773595365],[102.81234681647663,-0.4701343503076861],[102.8123469145567,-0.470314893353786],[102.81216757399272,-0.4703149921081391]]],[[[102.80840092393287,-0.46941434548290956],[102.80840082614183,-0.4692338016026037],[102.80893885000988,-0.46923350629840516],[102.80893894781467,-0.4694140500650842],[102.80911828903334,-0.4694139515832566],[102.80911838688031,-0.4695944953119425],[102.80858036309768,-0.46959479085722877],[102.80858026526442,-0.4694142470149105],[102.80840092393287,-0.46941434548290956]]],[[[102.79225888416383,-0.46725662133845325],[102.79225869034242,-0.4668955267722202],[102.7920793456583,-0.466895624292759],[102.79207924880835,-0.4667150769717598],[102.79261728273468,-0.466714784509531],[102.79261747649936,-0.46707587892513],[102.79279682107565,-0.4670757813531179],[102.79279701499932,-0.4674368756928281],[102.79243832579107,-0.4674370709831332],[102.7924382288196,-0.4672565237379008],[102.79225888416383,-0.46725662133845325]]],[[[102.7945897803963,-0.46617207141584466],[102.79476912453755,-0.46617197398206406],[102.79476931818661,-0.46653306749287915],[102.79441062984841,-0.46653326250680827],[102.79441053301424,-0.466352715675984],[102.79423118879346,-0.46635281313834254],[102.79423099524666,-0.46599171940088785],[102.79405165099749,-0.4659918167832023],[102.79405155428486,-0.4658112698765735],[102.79387221000275,-0.46581136721658156],[102.79387201669903,-0.4654502733275244],[102.79405136097205,-0.46545017606297673],[102.79405145760971,-0.46563072296983155],[102.79423080184979,-0.46563062566298097],[102.79423089852948,-0.46581117253199095],[102.79441024273663,-0.465811075182834],[102.79441033945835,-0.46599162201399713],[102.79458968363255,-0.46599152462253],[102.7945897803963,-0.46617207141584466]]],[[[102.7892090524499,-0.4654528006013687],[102.78902970716553,-0.4654528977425009],[102.78902961069245,-0.4652723497797561],[102.78885026537517,-0.46527244687863656],[102.78885007255042,-0.464911350877448],[102.78920876312937,-0.4649111568258439],[102.78920866676407,-0.4647306089004434],[102.78938801199286,-0.46473051190547693],[102.78938810836272,-0.4649110597931932],[102.78956745355859,-0.46491096275597676],[102.78956793599205,-0.4658137020044374],[102.78938859077347,-0.46581379923008337],[102.78938849421644,-0.46563325134293077],[102.78920914896494,-0.46563334852631805],[102.7892090524499,-0.4654528006013687]]],[[[102.79620319947276,-0.4649073691693405],[102.7962032960524,-0.46508791562363255],[102.79638263982893,-0.46508781837517044],[102.79638273645062,-0.4652683647915961],[102.79656208019419,-0.46526826750081174],[102.79656217685793,-0.46544881387936976],[102.79674152056855,-0.46544871654625947],[102.79674161727432,-0.46562926288694767],[102.79656227355918,-0.46562936025781476],[102.79656237029792,-0.4658099066361469],[102.79602433891382,-0.4658101988345728],[102.79602414550108,-0.46544910585127575],[102.79584480164046,-0.46544920316610283],[102.79584470499489,-0.46526865663653527],[102.79566536110131,-0.4652687539090435],[102.79566526449777,-0.4650882073416151],[102.79548592057122,-0.4650883045718081],[102.79548572748571,-0.4647272113611204],[102.79530638353074,-0.4647273085112573],[102.7953061906043,-0.46436621522462984],[102.7954855345502,-0.46436611814998185],[102.79548543813866,-0.4641855715442437],[102.79584412590891,-0.46418537745676147],[102.7958442223295,-0.4643659239870057],[102.79620290995882,-0.4643657298057883],[102.79620300642596,-0.4645462762604184],[102.79602366262552,-0.4645463733910586],[102.79602385566325,-0.46490746637548386],[102.79620319947276,-0.4649073691693405]]],[[[102.80965022311129,-0.45803940813477845],[102.80965012765924,-0.45785886451253394],[102.80982946843795,-0.4578587684369895],[102.80982937301907,-0.4576782248525199],[102.81018805445464,-0.4576780327637209],[102.8101882453479,-0.45803911978099326],[102.81000890464,-0.45803921590341934],[102.81000909567489,-0.4584003029960264],[102.8098297549204,-0.4584003991897307],[102.80982956389445,-0.45803931202134773],[102.80965022311129,-0.45803940813477845]]],[[[102.7874114851242,-0.45769019472804523],[102.78741110605559,-0.45696800150091915],[102.78776979683767,-0.4569678108370857],[102.7877698915576,-0.45714835906869894],[102.78794923689698,-0.45714826369238076],[102.78794942645806,-0.45750936007993515],[102.78759073572405,-0.4575095509787581],[102.78759083055179,-0.45769009924770704],[102.7874114851242,-0.45769019472804523]]],[[[102.79171443943834,-0.4551602383194224],[102.7911764058134,-0.45516052347346664],[102.79117631142074,-0.454979975956668],[102.79171434503235,-0.4549796909157398],[102.79171425066382,-0.454799143511947],[102.79189359512168,-0.45479904852707703],[102.79189368949463,-0.45497959589316084],[102.79207303391946,-0.45497950086611383],[102.79207312833434,-0.4551600481943768],[102.79189378390507,-0.45516014325913456],[102.79189387835295,-0.45534069062499777],[102.79171453388179,-0.4553407857229946],[102.79171443943834,-0.4551602383194224]]],[[[102.79637719438855,-0.4547966724537827],[102.79655653787187,-0.45479657735278994],[102.79655644342103,-0.4546160309676488],[102.79637709994216,-0.4546161260308866],[102.796376816828,-0.454074486761537],[102.79691484711216,-0.4540742018982406],[102.79691503584404,-0.45443529451804343],[102.79709437920592,-0.4544351994791725],[102.7970947571375,-0.45515738456641414],[102.79691541375786,-0.45515747975632626],[102.7969155083301,-0.455338026065621],[102.79637747795279,-0.4553383117218089],[102.79637719438855,-0.4547966724537827]]],[[[102.80103832250846,-0.45136383498452187],[102.80103822866022,-0.45118328954174297],[102.80085888620349,-0.45118338399840374],[102.80085869862843,-0.4508222930369189],[102.80103804107635,-0.45082219865585654],[102.80103794734075,-0.45064165321274946],[102.80139663211514,-0.4506414645129473],[102.8013968196415,-0.45100255524784466],[102.80157616198116,-0.4510024608156966],[102.80157644356555,-0.4515440968038082],[102.80121775882225,-0.45154428589049794],[102.80121766493205,-0.4513637404856294],[102.80103832250846,-0.45136383498452187]]],[[[102.81413012646263,-0.4511763822386839],[102.81413031483947,-0.45153746759586183],[102.81395097511978,-0.4515375624518037],[102.81395106936031,-0.45171810516815675],[102.81341304996194,-0.45171838982315404],[102.8134129557346,-0.4515378469930253],[102.81359229556735,-0.4515377521503852],[102.81359220137328,-0.4513572093580704],[102.81377154116394,-0.45135711454892147],[102.81377144700315,-0.45117657179442194],[102.81395078675173,-0.45117647701876795],[102.81395069262422,-0.450995934302086],[102.81413003233072,-0.4509958395599305],[102.81412993823649,-0.4508152968810674],[102.8143092779009,-0.4508152021724139],[102.81430918383997,-0.45063465953137183],[102.8144885234623,-0.4506345648562237],[102.81448842943465,-0.4504540222530044],[102.81484710855749,-0.4504538329653031],[102.81484729666808,-0.4508149180198929],[102.81448861752764,-0.4508151074593335],[102.81448871163067,-0.450995650062334],[102.81430937199954,-0.4509957448133464],[102.81430946613584,-0.4511762874541694],[102.81413012646263,-0.4511763822386839]]],[[[102.78884257573274,-0.45064805847355577],[102.78884229564746,-0.4501064144446467],[102.7892009854945,-0.4501062265727947],[102.7892010788276,-0.45028677450717747],[102.78938042369936,-0.45028668052693716],[102.78938051707428,-0.45046722842352677],[102.78920117219815,-0.4504673224414512],[102.78920126560612,-0.4506478703756157],[102.78884257573274,-0.45064805847355577]]],[[[102.79601494504698,-0.44793609562599773],[102.79565625815249,-0.44793628292781634],[102.79565607218251,-0.4475751897715932],[102.79547672868776,-0.44757528334041213],[102.79547663576338,-0.44739473672439173],[102.79565597925377,-0.44739464319331873],[102.79565588636252,-0.44721409661493594],[102.79583522981105,-0.4472140031172173],[102.79583532270667,-0.4473945496578524],[102.79601466612205,-0.44739445611799245],[102.79601475905952,-0.44757500262076944],[102.79619410244177,-0.4475749090387646],[102.7961943814923,-0.44811654843319015],[102.79601503809695,-0.4481166421284491],[102.79601494504698,-0.44793609562599773]]],[[[102.81089994544017,-0.44720613363075845],[102.81107928569496,-0.44720603975975753],[102.81107947226556,-0.4475671264108309],[102.81054145136208,-0.44756740823804025],[102.81054117160193,-0.4470257779201965],[102.81089985221571,-0.44702559026716027],[102.81089994544017,-0.44720613363075845]]],[[[102.80282922314916,-0.44648817301123567],[102.80282913027123,-0.44630762794360584],[102.80247044630775,-0.4463078148990406],[102.80247035347608,-0.44612726975567024],[102.80229101144235,-0.4461273631890002],[102.80229110426967,-0.44630790837018386],[102.80175307793006,-0.4463081887573174],[102.80175279959997,-0.4457665528731529],[102.80211148383785,-0.4457663661796338],[102.80211139112755,-0.44558582096031374],[102.80264941718961,-0.44558554100064474],[102.80264950991292,-0.4457660861065245],[102.80282885186283,-0.44576599274006645],[102.80282894462805,-0.4459465378080212],[102.80300828654474,-0.44594644439936726],[102.8030085650789,-0.4464880794891256],[102.80282922314916,-0.44648817301123567]]],[[[102.79619280466883,-0.4450472585185467],[102.79619289712313,-0.4452278049849795],[102.79601355379748,-0.4452278980762169],[102.79601364628493,-0.4454084445802931],[102.79565495951246,-0.44540863082514853],[102.79565431294853,-0.4441448047658673],[102.79601299966026,-0.44414461904949326],[102.79601318422267,-0.4445057120588326],[102.79619252753095,-0.4445056191186005],[102.79619261987274,-0.4446861655853571],[102.79637196314786,-0.4446860726030068],[102.79637214795264,-0.4450471654606902],[102.79619280466883,-0.4450472585185467]]],[[[102.79672981974268,-0.4430609694399001],[102.7967300960194,-0.4436026085026374],[102.79637140963366,-0.44360279402736946],[102.79637131751257,-0.4434222475977198],[102.79565394430837,-0.4434226184439072],[102.79565376021327,-0.4430615252822818],[102.79583310356193,-0.4430614326527622],[102.7958330115663,-0.442880886109536],[102.79601235487314,-0.44288079351341497],[102.79601244687308,-0.44306134001889175],[102.79637113338289,-0.4430611547380978],[102.7963710413743,-0.44288060830812553],[102.79655038456863,-0.44288051569895703],[102.79655047658153,-0.44306106209117435],[102.79672981974268,-0.4430609694399001]]],[[[102.80623467693933,-0.4425144196434798],[102.80623476911036,-0.4426949639945168],[102.8064141102349,-0.4426948711840027],[102.80641420244785,-0.44287541549708],[102.8069522256088,-0.4428751369258867],[102.80695241017344,-0.44323622532458307],[102.80605570467397,-0.4432366899667019],[102.80605552015254,-0.44287560118946423],[102.80587617894847,-0.44287569402913285],[102.80587608674847,-0.44269514960250383],[102.80533806292367,-0.4426954279818804],[102.8053381551107,-0.44287597252204525],[102.80515881375626,-0.44287606534431806],[102.80515890597658,-0.4430566099222173],[102.80462088167477,-0.4430568884764568],[102.8046207894674,-0.4428763437850431],[102.80426210642024,-0.44287652939044814],[102.80426201425911,-0.4426959846232595],[102.80480003876053,-0.44269570632213234],[102.80479994662403,-0.44251516166834015],[102.80497928804502,-0.44251506893044157],[102.8049791959418,-0.44233452431438014],[102.80515853732088,-0.4423344316099761],[102.80515862942842,-0.4425149761881976],[102.80533797077422,-0.44251488344160805],[102.80533787866237,-0.4423343389012283],[102.80551721996626,-0.442334246188137],[102.80551712788768,-0.4421537016854933],[102.80533778658811,-0.44215379436074115],[102.80533769455144,-0.4419732498201467],[102.8055170358467,-0.4419731571827423],[102.80551694384332,-0.4417926126798841],[102.80569628509669,-0.44179252007598496],[102.80569619312658,-0.4416119756108648],[102.8060548755119,-0.4416117904657474],[102.80605496749062,-0.44179233485517183],[102.80587562631246,-0.4417924274677475],[102.80587571832446,-0.4419729718949134],[102.80605505950695,-0.44197287924448897],[102.8060553357815,-0.44251451241179635],[102.80623467693933,-0.4425144196434798]]],[[[102.80641374175912,-0.44197269393061944],[102.80641364973417,-0.44179214961700536],[102.8062343086312,-0.44179224223825775],[102.80623421664818,-0.4416116978866839],[102.80641355774684,-0.4416116053032841],[102.80641346579709,-0.4414310609894554],[102.80659280685386,-0.4414309684395729],[102.80659271493742,-0.4412504241634913],[102.80695139692949,-0.44125023912643596],[102.80695148885454,-0.44143078332680397],[102.80713082979847,-0.4414306907639174],[102.80713092176542,-0.4416112349263189],[102.8069515808172,-0.44161132752706483],[102.80695176485533,-0.4419724159272649],[102.80641374175912,-0.44197269393061944]]],[[[102.80156941427427,-0.43782265147089455],[102.80156987006151,-0.4387253781566015],[102.80121118593479,-0.4387255618751747],[102.80121082126409,-0.43800338022439317],[102.80139016332913,-0.4380032885184715],[102.80139007225107,-0.437822743143313],[102.80156941427427,-0.43782265147089455]]],[[[102.80479430756935,-0.4313213929251865],[102.80479412806994,-0.4309603036041346],[102.80497346921828,-0.4309602132878764],[102.80497328986081,-0.4305991240420822],[102.80515263096315,-0.43059903379727177],[102.80515281032903,-0.4309601229673862],[102.80533215140218,-0.4309600326426641],[102.8053322411457,-0.43114057718972276],[102.80515290006835,-0.4311406675522866],[102.80515298984525,-0.4313212121370823],[102.80479430756935,-0.4313213929251865]]],[[[102.81612388264479,-0.4898113807157668],[102.81594454236638,-0.489811483665539],[102.81594444012325,-0.48963094139062985],[102.81648246083105,-0.48963063264073536],[102.81648256308851,-0.4898111748017935],[102.81666190325382,-0.4898110718375923],[102.81666210789142,-0.4901721560834435],[102.816303427504,-0.4901723621588483],[102.8163033251759,-0.48999181996007607],[102.81612398493041,-0.4899919229526083],[102.81612388264479,-0.4898113807157668]]],[[[102.8179152446078,-0.48619951378341364],[102.81845326379991,-0.48619920703914205],[102.8184534670242,-0.4865602905304657],[102.81791544780363,-0.4865605975025563],[102.8179152446078,-0.48619951378341364]]],[[[102.82580181759324,-0.47843178239352807],[102.82580171746847,-0.4782512422010079],[102.82562237953049,-0.4782513429756602],[102.82562227944815,-0.4780708027449795],[102.82454625105474,-0.478071407066051],[102.82454595111838,-0.47752978568862753],[102.82544264147079,-0.47752928267002653],[102.82544274143508,-0.47770982293909836],[102.82598075520703,-0.47770952095753944],[102.82598105536864,-0.47825114142165975],[102.826160393231,-0.4782510406376157],[102.82616049336514,-0.47843158075404213],[102.82580181759324,-0.47843178239352807]]],[[[102.82382819884462,-0.4768080255724535],[102.8238278001373,-0.4760858631239427],[102.82400713839726,-0.47608576285256726],[102.82400723802208,-0.4762663034268422],[102.8241865762489,-0.47626620311276374],[102.82418697514453,-0.47698836525659244],[102.82364896029492,-0.4769886666411158],[102.8236488605283,-0.4768081259912531],[102.82382819884462,-0.4768080255724535]]],[[[102.81683209149075,-0.4733816386381751],[102.8168321903642,-0.47356218073385636],[102.81701153003124,-0.473562081176199],[102.81701182689167,-0.47410370734867957],[102.81719116653487,-0.47410360767249526],[102.81719126556838,-0.47428414969179933],[102.8173706051785,-0.4742840499729986],[102.81737070425436,-0.4744645919542266],[102.8177293833707,-0.4744643924267269],[102.81772948249353,-0.4746449343319128],[102.81790882199977,-0.47464483452320827],[102.81790892116493,-0.4748253763903126],[102.81844693947122,-0.4748250768223267],[102.81844703868799,-0.4750056185754065],[102.81826769928566,-0.4750057184740355],[102.81826789782312,-0.47536680205579157],[102.81790921888673,-0.47536700199093246],[102.81790911960842,-0.47518646012417476],[102.81772978008829,-0.4751865600467775],[102.81772968085232,-0.475006018141938],[102.8173710017082,-0.4750062178972186],[102.81737080336792,-0.4746451339353393],[102.81719146374854,-0.4746452337300615],[102.81719136463961,-0.47446469171098793],[102.81701202498716,-0.47446479146309045],[102.81701212409146,-0.47464533352012317],[102.81683278439668,-0.4746454333055241],[102.81683288353405,-0.47482597540039845],[102.81665354379693,-0.47482607521909415],[102.81665344466417,-0.4746455330862643],[102.81575674543615,-0.47464603192005483],[102.8157563493747,-0.47392386262857755],[102.8159356892772,-0.47392376302292744],[102.81593539261306,-0.4733821361669504],[102.816114732464,-0.47338203667049195],[102.81611404153479,-0.472118240934827],[102.81629338131576,-0.4721181416993716],[102.81629347991144,-0.4722986839097181],[102.81647281965931,-0.47229858463167473],[102.81647291829731,-0.47247912680395443],[102.81665225801207,-0.47247902748331977],[102.81665275179061,-0.47338173815322676],[102.81683209149075,-0.4733816386381751]]],[[[102.81844624600997,-0.47356128454754043],[102.81808756724158,-0.4735614837326052],[102.81808746833582,-0.4733809419026624],[102.81737011036492,-0.4733813400651308],[102.81737001151532,-0.47320079808321186],[102.81719067193293,-0.4732008975742475],[102.81719057312567,-0.47302035555425287],[102.81736991270346,-0.4730202561011781],[102.81736981392929,-0.4728397141190293],[102.81772849296249,-0.4728395152748725],[102.81772859174588,-0.4730200571810944],[102.81826661002664,-0.47301975876613367],[102.81826670886159,-0.4732003005583365],[102.81880472681671,-0.47320000198765383],[102.81880482570322,-0.4733805436658221],[102.81844614709497,-0.47338074279353887],[102.81844624600997,-0.47356128454754043]]],[[[102.82131517615693,-0.4726569846651888],[102.82149451485766,-0.4726568851812899],[102.82149461370017,-0.4728374262899654],[102.82185329099762,-0.4728372272322359],[102.82185348881436,-0.473198309297225],[102.82149481149844,-0.47319850850697137],[102.82149471258043,-0.473017967398526],[102.82131537387046,-0.4730180669584281],[102.82131517615693,-0.4726569846651888]]],[[[102.81378212886146,-0.47121681686472305],[102.81378203055631,-0.4710362741225479],[102.8136026902753,-0.47103637306554835],[102.81360249378726,-0.47067528750500415],[102.8139611742932,-0.47067508976608285],[102.81396127252756,-0.4708556324705596],[102.81449929301766,-0.4708553357137225],[102.8144993913035,-0.4710358783042928],[102.814858071451,-0.47103568036741356],[102.8148581697837,-0.4712162228819993],[102.81378212886146,-0.47121681686472305]]],[[[102.82579764489292,-0.4708490942080418],[102.82579754635547,-0.4706685540106744],[102.82543887083047,-0.47066875235964795],[102.82543857547248,-0.47012713153859953],[102.82561791324011,-0.4701270324805506],[102.82561771651456,-0.4697659520086981],[102.82579705423524,-0.46976585302212115],[102.82579695592457,-0.4695853128240676],[102.82597629360288,-0.46958521387092406],[102.825976588662,-0.47012683435060426],[102.82615592631626,-0.47012673527870674],[102.8261561232205,-0.4704878155218266],[102.82597678555706,-0.4704879146698194],[102.82597698260332,-0.47084899498857696],[102.82579764489292,-0.4708490942080418]]],[[[102.82184907446656,-0.4650739627243339],[102.82184917173255,-0.46525450376178906],[102.82113181775523,-0.4652548954742659],[102.82113172050737,-0.46507435428480093],[102.82095238192319,-0.4650744521635013],[102.82095228471763,-0.46489391093592525],[102.82113162329726,-0.4648938130952229],[102.82113142899031,-0.46453273071572776],[102.82166944447552,-0.46453243739424077],[102.82166954162372,-0.46471297847004045],[102.82184888004782,-0.4647128806490839],[102.8218489772383,-0.46489342168676523],[102.82202831562918,-0.4648933238232388],[102.82202841286195,-0.4650738648228004],[102.82184907446656,-0.4650739627243339]]],[[[102.82507667363417,-0.46416949803104934],[102.82525601132703,-0.4641694002375121],[102.82525630293017,-0.46471102118393537],[102.82453895187767,-0.46471141278717226],[102.82453885465696,-0.4645308723196664],[102.82471819247223,-0.46453077446373503],[102.82471809528477,-0.4643502340341497],[102.82507677079289,-0.46435003838467553],[102.82507667363417,-0.46416949803104934]]],[[[102.81700498857337,-0.4614657630564737],[102.8171843278972,-0.4614656660374192],[102.81718461719186,-0.46200729211887126],[102.81700527785453,-0.46200738925180257],[102.81700556747505,-0.462549015446121],[102.81664688866023,-0.46254920992611176],[102.81664679209136,-0.4623686677855389],[102.81628811313476,-0.46236886217145645],[102.81628801661262,-0.46218831995486565],[102.81557065826502,-0.46218870852042954],[102.81557056179862,-0.4620081661519368],[102.81539122212199,-0.4620082632440388],[102.81539102931126,-0.4616471784308304],[102.81521168960595,-0.4616472754425135],[102.81521149695499,-0.4612861905529742],[102.8153908366513,-0.4612860936171735],[102.81539074037786,-0.461105551210177],[102.8157494196484,-0.46110535740087477],[102.81574932340367,-0.4609248150696539],[102.81610800251443,-0.4609246213181358],[102.81610790629838,-0.4607440790626975],[102.81628724579274,-0.4607439822180996],[102.8162871496099,-0.4605634400004996],[102.81610781012006,-0.4605635368071474],[102.81610771397942,-0.46038299455148546],[102.81556969529716,-0.46038328483045526],[102.81556959920768,-0.4602027424608418],[102.81503158019964,-0.46020303258530193],[102.81503119627251,-0.45948086265043636],[102.81521053596161,-0.45948076609855953],[102.81521015261957,-0.4587585963136655],[102.8150308129484,-0.4587586927137847],[102.81503071721158,-0.45857815022934334],[102.81485137750718,-0.45857824658702023],[102.81485128181254,-0.4583977040645294],[102.81323722281755,-0.45839857073962853],[102.81323703162175,-0.45803748501159547],[102.813057691554,-0.4580375812104829],[102.81305692831334,-0.45659323799054374],[102.81341560833984,-0.4565930461950036],[102.81341570362198,-0.4567735890220431],[102.81359504358319,-0.4567734930796245],[102.81359532966904,-0.4573151214463068],[102.81377466960593,-0.4573150253856271],[102.8137747650477,-0.45749556813637376],[102.81413344481739,-0.4574953759256873],[102.81413354030575,-0.4576759186004671],[102.81431288013853,-0.4576758224504547],[102.81431278464571,-0.4574952798136053],[102.81485080390459,-0.457494991450406],[102.81485070843605,-0.4573144489272477],[102.8150300481092,-0.4573143528351343],[102.81502995267388,-0.4571338103498025],[102.81485061300522,-0.4571339064039783],[102.81485051761206,-0.45695336388059776],[102.81467117791017,-0.4569534598923492],[102.81467108255914,-0.45677291733092185],[102.81485042225658,-0.4567728213571065],[102.8148502316587,-0.4564117363097905],[102.81556759003595,-0.4564113526731986],[102.81556749477575,-0.45623081030113544],[102.81718154887926,-0.45622994719819326],[102.8171838464936,-0.46056295589942353],[102.81700450719228,-0.4605630527286837],[102.81700460339309,-0.4607435947944656],[102.81718394269892,-0.4607434979272467],[102.81718423154106,-0.4612851240100443],[102.81700489222175,-0.46128522099113994],[102.81700498857337,-0.4614657630564737]]],[[[102.82041108259031,-0.4589363400960523],[102.82041098668155,-0.45875579875067524],[102.82076966372323,-0.4587556056756531],[102.82076985559641,-0.4591166882143216],[102.82059051708548,-0.4591167848300736],[102.82059061307422,-0.4592973261372348],[102.82023193593017,-0.45929751943119784],[102.82023174400838,-0.45893643666479705],[102.82041108259031,-0.4589363400960523]]],[[[102.82238332508791,-0.4580325729045201],[102.82238342089487,-0.458213113832327],[102.82256275900589,-0.4582130173615544],[102.82256295074203,-0.4585740991408096],[102.82238361262205,-0.45857419568760627],[102.82238370854228,-0.4587547366150785],[102.82220437038008,-0.4587548331953829],[102.82220456232487,-0.45911591512601363],[102.82238390049602,-0.459115818469689],[102.82238399652954,-0.4592963593968268],[102.82256333466742,-0.45929626269798157],[102.82256343074317,-0.45947680358699555],[102.82274276884776,-0.45947670684562675],[102.82274286496578,-0.45965724769651506],[102.82292220303708,-0.459657150912619],[102.82292229919734,-0.4598376917253799],[102.82274296112153,-0.4598377885472917],[102.82274305731507,-0.4600183293979565],[102.8223843810412,-0.4600185231042603],[102.82238428485664,-0.45983798217756955],[102.82184627017611,-0.45983827258912263],[102.82184617404276,-0.4596577315482945],[102.82130815903588,-0.45965802180520116],[102.82130796690936,-0.45929693949518996],[102.82112862850718,-0.4592970361624661],[102.82112853250503,-0.4591164949692933],[102.82094919406958,-0.4591165915940616],[102.82094909810965,-0.4589360503627792],[102.82130777493383,-0.4589358571847323],[102.82130767900269,-0.4587553160293361],[102.82148701735368,-0.4587552194715544],[102.8214869214558,-0.4585746783540484],[102.82166625976457,-0.45857458182976546],[102.82166616389998,-0.45839404075015083],[102.82184550216651,-0.4583939442593702],[102.82184540633521,-0.4582134032176495],[102.82166606807314,-0.45821349967042496],[102.82166578081917,-0.4576718764305787],[102.82184511906785,-0.45767178009181786],[102.82184483214026,-0.4571301569649855],[102.82202417033778,-0.4571300607357512],[102.8220240747663,-0.456949519731258],[102.82256208911897,-0.45694923113065455],[102.82256218470381,-0.4571297720211168],[102.82238284661958,-0.4571298682638168],[102.82238322931872,-0.457852031976602],[102.82220389117886,-0.45785212836685485],[102.82220398694359,-0.4580326693327831],[102.82238332508791,-0.4580325729045201]]],[[[102.82561073507354,-0.4567670547203862],[102.82561083069636,-0.45694759496448306],[102.82543149325878,-0.45694769124544593],[102.82543158891494,-0.45712823152747395],[102.82507291391747,-0.4571284241520186],[102.82507272266075,-0.45676734343569336],[102.82489338511425,-0.4567674396651592],[102.824893289547,-0.45658689926879303],[102.82471395196718,-0.45658699545573866],[102.8247138564422,-0.4564064550212263],[102.82489319401758,-0.4564063588723158],[102.82489290765595,-0.4558647376822187],[102.82543092011535,-0.4558644495509462],[102.82543101554478,-0.4560449898336402],[102.82561035296011,-0.4560448937428884],[102.82561044843179,-0.45622543398742926],[102.82578978581377,-0.45622533785415564],[102.82579007246889,-0.4567669584729808],[102.82561073507354,-0.4567670547203862]]],[[[102.8178985243831,-0.4555073959647256],[102.8178986195503,-0.45568793784381284],[102.81771928052048,-0.45568803366608046],[102.8177191853577,-0.45550749174902744],[102.81753984629461,-0.4555075875288566],[102.817539751174,-0.4553270455737286],[102.81843644609013,-0.45532656681969436],[102.81843654123296,-0.4555071085849837],[102.81879521894427,-0.45550691697612544],[102.8187953141337,-0.45568745866535615],[102.81807795854242,-0.4556878420170704],[102.81807786337077,-0.45550730017595115],[102.8178985243831,-0.4555073959647256]]],[[[102.81646381112408,-0.45550816211390344],[102.81646371603011,-0.45532761993102755],[102.81628437670751,-0.45532771564159547],[102.8162842816557,-0.45514717342065736],[102.81610494229982,-0.4551472690888042],[102.81610484729015,-0.4549667268298054],[102.81700154367029,-0.45496624863414575],[102.81700163870217,-0.45514679070337694],[102.81718097786951,-0.4551466950128839],[102.81718107294353,-0.4553272370440455],[102.81682239456224,-0.4553274284964785],[102.81682248966507,-0.4555079706034455],[102.81646381112408,-0.45550816211390344]]],[[[102.81628333321105,-0.45334175120519904],[102.81628304941282,-0.4528001245384115],[102.81664172789633,-0.4527999341754788],[102.81664182246688,-0.4529804763219461],[102.8170005008084,-0.45298028586531625],[102.8170005954255,-0.4531608279357611],[102.81682125626917,-0.453160923204257],[102.81682135091954,-0.45334146531254893],[102.81628333321105,-0.45334175120519904]]],[[[102.82453214309456,-0.45189303931605895],[102.82453204855635,-0.4517124988406422],[102.82435271102054,-0.4517125939917697],[102.82435261652451,-0.4515320534782113],[102.8245319540559,-0.4515319583651151],[102.82453157643197,-0.4508097964619105],[102.82506958874666,-0.4508095115524415],[102.82506987194753,-0.4513511326376942],[102.82524920932339,-0.4513510375449024],[102.82524939832172,-0.45171211819177837],[102.82507006093705,-0.45171221336064715],[102.8250701554885,-0.4518927537219592],[102.82453214309456,-0.45189303931605895]]],[[[102.82147955773475,-0.44449247084855387],[102.82183823362747,-0.4444922837241157],[102.82183851262651,-0.44503390687397765],[102.821659174686,-0.44503400055239356],[102.82165926775687,-0.4452145416401361],[102.82130059175392,-0.44521472905986287],[102.82130031268068,-0.4446731055682976],[102.821479650688,-0.4446730119746239],[102.82147955773475,-0.44449247084855387]]],[[[102.81896568635912,-0.43835536379728124],[102.81932436301581,-0.43835517937763013],[102.81932463798417,-0.43889680413416254],[102.81914529966186,-0.43889689646008023],[102.8191454831542,-0.4392579797065286],[102.81878680637925,-0.4392581644973444],[102.81878643957974,-0.4385359977002025],[102.81896577796896,-0.4385359054588569],[102.81896568635912,-0.43835536379728124]]],[[[102.81968258195283,-0.4374522873909037],[102.81968267339111,-0.4376328289010882],[102.81950333517418,-0.4376329209697404],[102.8195035181554,-0.4379940040657571],[102.81914484159127,-0.4379941883420935],[102.81914475009033,-0.4378136467181765],[102.81932408838699,-0.43781355462013866],[102.81932399691952,-0.43763301303409535],[102.81914465862712,-0.43763310509415326],[102.81914456720165,-0.4374525634700234],[102.81932390548977,-0.4374524714479456],[102.819323448907,-0.43654976351560315],[102.81986146348105,-0.4365494879933497],[102.81986155473491,-0.4367300294660801],[102.81968221657704,-0.43673012134910305],[102.81968249055228,-0.4372717458806129],[102.81950315234388,-0.43727183787329815],[102.81950324374016,-0.4374523794215724],[102.81968258195283,-0.4374522873909037]]],[[[102.82667546430038,-0.4349211344490783],[102.82667582882915,-0.4356432945641637],[102.82649649213198,-0.4356433863818233],[102.82649658335441,-0.43582392644838247],[102.82631724661519,-0.4358240182998156],[102.82631715539699,-0.43564347819520544],[102.82613781862422,-0.4356435700043102],[102.82613763630972,-0.43528248971867417],[102.826316973074,-0.43528239798566765],[102.82631633613418,-0.4340186172489527],[102.82649567283099,-0.4340185257780282],[102.82649576371323,-0.4341990658455393],[102.82667510037648,-0.43419897433230065],[102.82667519130075,-0.4343795143616536],[102.82685452793042,-0.4343794228060973],[102.82685480094278,-0.43492104277935884],[102.82667546430038,-0.4349211344490783]]],[[[102.82236947182214,-0.43113197344107307],[102.82236965222131,-0.4314930553287986],[102.82219031471467,-0.43149314616956536],[102.82219067594927,-0.43221531009579783],[102.82201133838804,-0.43221540108436074],[102.82201160969778,-0.4327570241419568],[102.82183227208613,-0.4327571152402953],[102.82183245313962,-0.4331181973541797],[102.82165311548178,-0.4331182885242784],[102.82165338733252,-0.4336599118083295],[102.82147404962423,-0.4336600030881844],[102.82147423103835,-0.4340210853530307],[102.82129489328385,-0.4340211767046299],[102.8212949840433,-0.434201717874896],[102.82093630841258,-0.4342019006413065],[102.82093621766161,-0.4340213593950432],[102.82075687979386,-0.4340214507338574],[102.82075678908485,-0.4338409094494928],[102.82093612694837,-0.43384081814867465],[102.82093585503512,-0.4332991944089358],[102.8211151928482,-0.4332991032178507],[102.82111465001553,-0.4322158559635164],[102.82129398776551,-0.4322157649961732],[102.82129380711484,-0.43185468265321963],[102.82111446937327,-0.43185477354456403],[102.82111428888201,-0.43149369112519154],[102.82093495111111,-0.4314937819363003],[102.82093486092631,-0.43131324068845917],[102.82075552312187,-0.4313133314573352],[102.82075507278508,-0.43041062502657806],[102.8214724236923,-0.4304102626856341],[102.82147251370098,-0.43059080382000087],[102.82183118893649,-0.4305906225481639],[102.8218312789913,-0.43077116360641826],[102.8221899540842,-0.4307709822416546],[102.82219013432392,-0.43113206420581957],[102.82236947182214,-0.43113197344107307]]],[[[102.81878181579476,-0.42932837088812337],[102.81860247758368,-0.4293284611884574],[102.81860229826655,-0.4289673777025446],[102.81896097463425,-0.4289671972495628],[102.81896106428232,-0.4291477389166205],[102.81914040241377,-0.42914764864583327],[102.81914067159691,-0.4296892735324457],[102.81896133345289,-0.4296893639171673],[102.81896124369165,-0.4295088222504226],[102.8187819055141,-0.42950891259294866],[102.81878181579476,-0.42932837088812337]]],[[[102.81931929260257,-0.428244850414292],[102.82039532024703,-0.4282443098153775],[102.82039558895202,-0.4287859339058646],[102.82021625109309,-0.4287860241301677],[102.82021643041008,-0.4291471069326189],[102.82003709250503,-0.4291471972286893],[102.82003700283185,-0.428966655789527],[102.81931965085103,-0.4289670167797327],[102.81931929260257,-0.428244850414292]]],[[[102.83746295492432,-0.48600780345172495],[102.83746285290411,-0.4858272657408103],[102.83728351722898,-0.4858273684233834],[102.83728331331174,-0.48546629292488047],[102.83782132019498,-0.48546598509181893],[102.83782142214883,-0.48564652272664577],[102.83818009322424,-0.48564631740444075],[102.83818019522549,-0.4858268549628179],[102.83782152414062,-0.48582706036135415],[102.83782162617031,-0.48600759799594434],[102.83746295492432,-0.48600780345172495]]],[[[102.83997263130253,-0.48420099309015996],[102.83997273304769,-0.48438153026771846],[102.84015206811614,-0.4843814278190842],[102.84015216990396,-0.4845619649583386],[102.83907615889592,-0.4845625798078973],[102.83907605713645,-0.484382042439553],[102.83871738650647,-0.4843822472749963],[102.83871728479438,-0.48420170983018485],[102.83835861402214,-0.48420191457026285],[102.83835851235742,-0.48402137704899156],[102.8388965184447,-0.48402107004625905],[102.8388966201236,-0.48420160745301477],[102.83907595541491,-0.48420150507109067],[102.83907585373129,-0.48402096770251063],[102.83943452419068,-0.4840207630007564],[102.83943462588374,-0.4842013002929805],[102.83997263130253,-0.48420099309015996]]],[[[102.84498995479126,-0.4769766793972253],[102.84498985447114,-0.4767961432847466],[102.84534852205064,-0.4767959413282742],[102.84534862238004,-0.4769764773642799],[102.8457072898169,-0.4769762753126024],[102.84570739019361,-0.47715681127201187],[102.84588672385969,-0.47715671020090605],[102.84588692473639,-0.47751778204289025],[102.84552825734758,-0.4775179843333845],[102.84552815689956,-0.47733744833596675],[102.84499015554542,-0.47733775162183395],[102.84499005514934,-0.47715721550958773],[102.84481072129331,-0.47715731655726995],[102.84481082168475,-0.4773378527077499],[102.84463148778607,-0.4773379537889794],[102.84463158821082,-0.47751848997757546],[102.84427292029024,-0.47751869220243387],[102.84427302074364,-0.47769922846737245],[102.84301768179289,-0.47769993637424546],[102.84301758137208,-0.47751939984175673],[102.8424795784091,-0.4775197030454272],[102.84247947804023,-0.47733916639818436],[102.84176214024346,-0.4773395704512825],[102.84176224059372,-0.47752010725135113],[102.84140357145832,-0.47752030932618256],[102.84140327054935,-0.4769786986964224],[102.84158260512207,-0.47697859777595125],[102.84158250489033,-0.47679806093733235],[102.84176183942043,-0.47679796005038005],[102.84176193965682,-0.47697849685079713],[102.84391395111332,-0.4769772853836707],[102.84391385082111,-0.47679674904181535],[102.84409318485773,-0.4767966480940069],[102.84409328515459,-0.47697718439763725],[102.84498995479126,-0.4769766793972253]]],[[[102.8362028519446,-0.4775232373037968],[102.8356648446579,-0.47752353997298563],[102.83566474446597,-0.47734300187504497],[102.83530607276137,-0.47734320355478005],[102.83530597261664,-0.4771626653804416],[102.83494730076978,-0.4771628669651549],[102.83494690060694,-0.47644071396154214],[102.83512623653071,-0.4764406133240734],[102.83512603666729,-0.47607953689784366],[102.83494670075282,-0.47607963745903964],[102.83494640125578,-0.475538022704417],[102.83530507301901,-0.4755378218061741],[102.83530517282276,-0.47571835998155626],[102.83548450865217,-0.47571825948729135],[102.83548440884378,-0.475537721350049],[102.83584308037969,-0.47553752042379177],[102.83584318019734,-0.47571805848474913],[102.83620185159096,-0.4757178574635236],[102.8362028519446,-0.4775232373037968]]],[[[102.8390715172125,-0.4762578607426491],[102.83889218212728,-0.47625796144485527],[102.838892082117,-0.4760774240329557],[102.83907141719759,-0.4760773233689247],[102.83907131722057,-0.4758967859950843],[102.83925065225858,-0.47589668536455615],[102.83925075224025,-0.47607722270021935],[102.83960942221178,-0.47607702134878616],[102.83960952224064,-0.4762575586079738],[102.83943018726919,-0.4762576593242083],[102.83943028733134,-0.47643819662146075],[102.83907161726536,-0.4764383981162576],[102.8390715172125,-0.4762578607426491]]],[[[102.84104390056238,-0.47571514184837904],[102.84104440089246,-0.4766178266167708],[102.84086506621519,-0.476617927446803],[102.84086516639039,-0.47679846443832824],[102.84050649691277,-0.47679866616073835],[102.84050639674686,-0.47661812909282875],[102.84032706195579,-0.47661822990882247],[102.84032686174712,-0.4762571556962759],[102.84050619652888,-0.47625705495666143],[102.8405060964768,-0.4760765178884037],[102.84032676169967,-0.4760766185898286],[102.84032666169017,-0.4758960814832655],[102.84014732687973,-0.47589618214182844],[102.84014712698382,-0.475535107851979],[102.84032646178498,-0.47553500726979153],[102.84032656171861,-0.47571554437658636],[102.84068523121638,-0.475715343121824],[102.84068513127346,-0.4755348060914098],[102.8408644659608,-0.47553470549521576],[102.84086456590835,-0.47571524248743685],[102.84104390056238,-0.47571514184837904]]],[[[102.83781607083719,-0.476078027918982],[102.83781597089269,-0.4758974902779513],[102.83763663555132,-0.4758975908710994],[102.83763653564935,-0.47571705319179003],[102.83745720027473,-0.47571715374210444],[102.83745710041532,-0.47553661602451797],[102.83727776500741,-0.47553671653200225],[102.83727766519056,-0.4753561787761407],[102.83763633595919,-0.4753559778328238],[102.83763623617097,-0.47517544015316704],[102.83799490677866,-0.475175239267509],[102.83799500657616,-0.4753557768708382],[102.83835367704148,-0.4753555758901837],[102.83835397668929,-0.47589718847047197],[102.83853331187899,-0.47589708785863377],[102.83853341184206,-0.476077625346995],[102.83781607083719,-0.476078027918982]]],[[[102.83996779214473,-0.4755352084294974],[102.83996769225833,-0.475354671246213],[102.83978835738594,-0.4753547717808783],[102.8397882575421,-0.47517423455929375],[102.83996759240985,-0.4751741340628127],[102.8399674925993,-0.47499359687929676],[102.83978815773618,-0.4749936973375937],[102.83978805796819,-0.47481316011577784],[102.84014672764724,-0.4748129592708905],[102.84014682742448,-0.47499349641633615],[102.84032616221172,-0.4749933959487121],[102.8403263618893,-0.47535447016288085],[102.84014702709278,-0.47535457070688053],[102.84014712698382,-0.475535107851979],[102.83996779214473,-0.4755352084294974]]],[[[102.83781497353277,-0.47409211386128003],[102.83781467506408,-0.4735505009340256],[102.83799401030734,-0.4735504008323462],[102.83799371216602,-0.4730087880185486],[102.8383523825111,-0.4730085880302454],[102.83835248186287,-0.4731891255586251],[102.83853181698314,-0.4731890255193372],[102.8385322147878,-0.473911175479024],[102.83835287964905,-0.47391127567099167],[102.8383529791904,-0.4740918131987951],[102.83781497353277,-0.47409211386128003]]],[[[102.82777154363302,-0.47301447987588746],[102.82777194017795,-0.47373663898428764],[102.827413265328,-0.47373683872906586],[102.82741296789028,-0.4731952191695619],[102.82759230532031,-0.47319511941368403],[102.82759220624543,-0.4730145795983479],[102.82777154363302,-0.47301447987588746]]],[[[102.84462789778935,-0.4708386509224192],[102.8446276997883,-0.47047757853656585],[102.84534503445255,-0.47047717999520583],[102.84534523249032,-0.4708382520751818],[102.84462789778935,-0.4708386509224192]]],[[[102.82866625589476,-0.4694031894312557],[102.82866615758644,-0.4692226498419206],[102.82884549465064,-0.4692225508911531],[102.82884539637556,-0.4690420113397782],[102.82902473339738,-0.46904191242247983],[102.82902453695156,-0.46868083339553956],[102.82938321086338,-0.468680635699441],[102.82938330907652,-0.4688611751368108],[102.82920397213495,-0.46886127402524047],[102.82920416866557,-0.46922235297579695],[102.829024831677,-0.4692224519357787],[102.82902492999447,-0.46940299144896347],[102.82866625589476,-0.4694031894312557]]],[[[102.8275894474998,-0.4679594647223769],[102.82776878475893,-0.46795936606569816],[102.82776917706875,-0.4686815251869256],[102.82758983979136,-0.468681623995859],[102.82758993795876,-0.4688621638139447],[102.827410600639,-0.468862262656338],[102.82741020821449,-0.4681401032310643],[102.82758954551598,-0.46814000454091836],[102.8275894474998,-0.4679594647223769]]],[[[102.85143920164681,-0.46469667770392714],[102.8500045432165,-0.46469746616653707],[102.85000415198803,-0.46397532596980473],[102.85108014593034,-0.4639747355691708],[102.85108004819115,-0.4637942007494422],[102.85125938037721,-0.4637941023716893],[102.85125957590266,-0.4641551719344414],[102.8514389080597,-0.46415507347553997],[102.85143900588403,-0.464335608218449],[102.85161833800757,-0.46433550971669124],[102.85161843587447,-0.4645160444211876],[102.8514391037464,-0.46451614296124477],[102.85143920164681,-0.46469667770392714]]],[[[102.83780655273888,-0.4585658762060194],[102.8378067453867,-0.4589269515098145],[102.83744807552308,-0.4589271455169869],[102.83744797918918,-0.4587466077888213],[102.83708930918287,-0.4587468017016535],[102.83708921289582,-0.4585662638970598],[102.83780655273888,-0.4585658762060194]]],[[[102.8487456206137,-0.45801834902923844],[102.84874552418798,-0.45783781370811955],[102.84910418921429,-0.4578376195925054],[102.84910447863233,-0.45837922532588643],[102.84874581357923,-0.45837941967114165],[102.84874571707745,-0.45819888435024597],[102.84856638449834,-0.4581989814778525],[102.84856628803905,-0.45801844611857406],[102.8487456206137,-0.45801834902923844]]],[[[102.84085284310954,-0.45405080260637476],[102.840852938542,-0.45423133961206863],[102.83995626740094,-0.45423182001458984],[102.83995617199064,-0.4540512828179495],[102.83959750327753,-0.45405147487137354],[102.83959731258844,-0.4536904003250287],[102.8397766469551,-0.4536903043769102],[102.83977655166302,-0.45350976714175417],[102.84031455452215,-0.453509479385229],[102.8403146498275,-0.45369001650582785],[102.84049398404242,-0.4536899205398915],[102.84049407939014,-0.4538704576221902],[102.84067341357157,-0.4538703616136084],[102.84067350896164,-0.45405089865760573],[102.84085284310954,-0.45405080260637476]]],[[[102.82758134912898,-0.4527941195628798],[102.82794002285502,-0.45279392863974693],[102.82794030751496,-0.45333554789487956],[102.82722295985859,-0.4533359301801126],[102.82722305480317,-0.45351647008385304],[102.82704371779015,-0.4535165656820914],[102.82704362284997,-0.45333602574029286],[102.82668494871932,-0.45333621684729947],[102.8266848538258,-0.4531556768292796],[102.82650551670818,-0.45315577233805326],[102.82650523226769,-0.45261415216917383],[102.82704324346736,-0.45261386597199554],[102.82704314871623,-0.452433326029646],[102.82722248570276,-0.4524332306597564],[102.82722239098501,-0.4522526907553547],[102.8270430540029,-0.45225278608718633],[102.82704286468966,-0.45189170620193697],[102.82740153859844,-0.45189151568606944],[102.82740163324499,-0.4520720555526312],[102.82758097014708,-0.45207196024998025],[102.82758106483583,-0.45225250007837003],[102.82740172792933,-0.4522525954190827],[102.82740191741145,-0.4526136751516559],[102.82758125432677,-0.4526135797348202],[102.82758134912898,-0.4527941195628798]]],[[[102.84192647305903,-0.44953680675706],[102.84210580683114,-0.44953671162975467],[102.84210637448808,-0.4506199320743853],[102.84192704068963,-0.45062002743092194],[102.84192647305903,-0.44953680675706]]],[[[102.8365429768882,-0.44285975523772053],[102.8365427910491,-0.44249867938019055],[102.83672212578936,-0.4424985858732239],[102.83672203292235,-0.44231804798244917],[102.83726003690282,-0.44231776754994817],[102.83726012978276,-0.4424983053262563],[102.83743946437141,-0.44249821180191107],[102.8374395572936,-0.4426787495399524],[102.83726022270062,-0.44267884310245653],[102.83726031565638,-0.4428593808785491],[102.8365429768882,-0.44285975523772053]]],[[[102.83815689528639,-0.44267837524647236],[102.83815633821845,-0.44159514973253344],[102.83869434123733,-0.4415948696538411],[102.83869461963945,-0.44213648206776784],[102.83851528532482,-0.44213657554618185],[102.83851547110721,-0.44249765056460455],[102.83833613674604,-0.442497744115017],[102.8383362296898,-0.44267828166223633],[102.83815689528639,-0.44267837524647236]]],[[[102.83349344593725,-0.44123649829096206],[102.8334932609266,-0.4408754211348716],[102.83367259627214,-0.4408753280448605],[102.83367296646213,-0.4415974822041246],[102.83349363109937,-0.4415975754466229],[102.83349372373723,-0.44177811402429223],[102.83331438833231,-0.4417782073005748],[102.83331411054523,-0.4412365914528846],[102.83349344593725,-0.44123649829096206]]],[[[102.83259686113911,-0.4414175028257181],[102.83241752555348,-0.44141759600409025],[102.83241761812762,-0.4415981348105607],[102.83223828249983,-0.44159822802270826],[102.83223837510754,-0.44177876686718076],[102.83205903943757,-0.44177886011309997],[102.83205839200869,-0.44051508793278416],[102.83223772764855,-0.44051499495361834],[102.83223763530583,-0.44033445610839456],[102.83259630646337,-0.4403342702133079],[102.83259639881467,-0.4405148089823111],[102.83295506982938,-0.4405146229937031],[102.83295534713625,-0.4410562390713861],[102.83277601163493,-0.441056332182197],[102.83277610414198,-0.4412368709126582],[102.8325967685985,-0.4412369640572514],[102.83259686113911,-0.4414175028257181]]],[[[102.83528330685188,-0.4343751148840058],[102.83564197644019,-0.4343749313591898],[102.83564188530413,-0.4341943932347283],[102.83582122003723,-0.4341943015040661],[102.83582158482575,-0.4349164538487055],[102.83528358046198,-0.43491672948559795],[102.83528348922073,-0.4347361912851731],[102.83510415436126,-0.4347362831174592],[102.83510406316213,-0.43455574487879073],[102.83528339801735,-0.4345556530846424],[102.83528330685188,-0.4343751148840058]]]]}},{"type":"Feature","properties":{"eventId":"RIAU-20260823-028","firstDetection":"2026-08-23T09:07:00+00:00","lastDetection":"2026-08-25T13:59:00+00:00","estimatedAreaHa":454.72,"confidence":"tinggi","hotspotCount":7,"detectionDays":3,"villages":["Buluh Apo","Buluhmanis","Kelurahan Pematang Pudu"],"districts":["Bathin Solapan","Mandau","Pinggir"],"regencies":["Bengkalis"],"method":"Sentinel-2 dNBR/NBR indication","resolutionM":20,"clearCoveragePct":96.2,"preSceneDates":["2026-07-01","2026-07-08","2026-08-07","2026-08-15"],"postSceneDates":["2026-08-27","2026-08-30","2026-09-04"],"status":"estimate","disclaimer":"Estimasi berbasis citra satelit; bukan hasil verifikasi lapangan.","province":"Riau","villageAreas":[{"village":"Buluh Apo","district":"Pinggir","regency":"Bengkalis","areaHa":407.071983},{"village":"Buluhmanis","district":"Bathin Solapan","regency":"Bengkalis","areaHa":3.658405},{"village":"Kelurahan Pematang Pudu","district":"Mandau","regency":"Bengkalis","areaHa":43.989611}],"unassignedAreaHa":0.0,"archiveEventId":"BA-c2907ba87a8fd670","reportMonth":"2026-08"},"geometry":{"type":"MultiPolygon","coordinates":[[[[101.02377552863089,1.1189911850062797],[101.0237756526183,1.1191720169636552],[101.023955308739,1.1191718921491425],[101.0239548128657,1.118448564398904],[101.02377515678894,1.1184486891327288],[101.02377528071621,1.1186295210908164],[101.02359562460842,1.1186296458337572],[101.02359587250113,1.1189913097895607],[101.02377552863089,1.1189911850062797]]],[[[101.01659050419985,1.1208044953283314],[101.01641084715968,1.1208046198702184],[101.01641109465291,1.1211662854310056],[101.01695006577955,1.121165911651509],[101.0169496944706,1.120623413490876],[101.01712935143983,1.1206232889358605],[101.01712910397845,1.1202616235344578],[101.01676979006399,1.120261872553],[101.0167699137627,1.1204427052940267],[101.0165902567645,1.12044282980679],[101.01659050419985,1.1208044953283314]]],[[[101.02413782258974,1.1233309013495987],[101.02395816623586,1.1233310266391712],[101.02395829071544,1.1235118585706618],[101.0237786343305,1.1235119838693042],[101.02377875881909,1.1236928158207284],[101.02413807159103,1.1236925651719947],[101.02413794708035,1.1235117332609157],[101.0243176034252,1.1235116079400658],[101.02431747892355,1.1233307760489242],[101.02449713523733,1.1233306507371474],[101.0244970107447,1.1231498188659448],[101.02413769811916,1.1231500694380432],[101.02413782258974,1.1233309013495987]]],[[[101.02485657233943,1.1235112319108909],[101.02467691605474,1.1235113572650532],[101.02467716516234,1.1238730209659074],[101.02449750883552,1.1238731463493241],[101.02449775800127,1.1242348100895825],[101.02467741435017,1.1242346846658071],[101.02467728974622,1.1240538528159765],[101.02485694606402,1.124053727401271],[101.0248568214691,1.1238728955713828],[101.0250364777558,1.1238727701657505],[101.0250363531699,1.1236919383558068],[101.02485669689425,1.1236920637412562],[101.02485657233943,1.1235112319108909]]],[[[101.02683478737474,1.126403157985685],[101.02701444359535,1.1264030321750345],[101.02701431860694,1.126222200590563],[101.02719397479642,1.1262220747889842],[101.02719384981704,1.126041243224478],[101.02737350597536,1.1260411174319742],[101.02737338100502,1.1258602858874358],[101.02755303713222,1.1258601601040108],[101.02755266230852,1.1253176655295833],[101.02719335010038,1.1253179169640644],[101.02719322522142,1.1251370853983638],[101.02701356909826,1.125137211078717],[101.02701344425043,1.124956379492573],[101.02683378811825,1.1249565051416037],[101.02683366330155,1.1247756735350178],[101.02665400716033,1.1247757991527298],[101.02665388237475,1.1245949675257052],[101.02629457005418,1.1245952186873827],[101.02629444531075,1.1244143870197232],[101.0261147891314,1.1244145125636944],[101.02611466441907,1.1242336808756013],[101.0259350082307,1.124233806388266],[101.02593488354948,1.1240529746797403],[101.0255755711346,1.1240532256313547],[101.02557569579372,1.1242340573802623],[101.02539603954514,1.124234182859594],[101.02539616421329,1.1244150146284508],[101.02503685163384,1.1244152655941508],[101.02503747516513,1.1253194246367102],[101.0248578187901,1.1253195502038047],[101.02485806832094,1.1256812138595222],[101.02467841190372,1.125681339455857],[101.02467866149269,1.1260430031509807],[101.024858317932,1.126042877514284],[101.02485844276762,1.1262237093413061],[101.02503809919793,1.1262235836732974],[101.02503822406467,1.1264044154798976],[101.02521788048597,1.1264042897805733],[101.02521800538383,1.1265851215667497],[101.02539766179615,1.126584995836106],[101.02539778672512,1.1267658276018573],[101.02557744312844,1.126765701839891],[101.02557756808856,1.1269465335852147],[101.02575722448286,1.1269464077919225],[101.0257573494741,1.1271272395168166],[101.02629631856982,1.1271268620095314],[101.02629619354536,1.1269460303452172],[101.02647584985938,1.126945904507373],[101.02647572484393,1.1267650728630174],[101.02665538112683,1.1267649470342338],[101.0266552561204,1.126584115409838],[101.02683491237215,1.1265839895901193],[101.02683478737474,1.126403157985685]]],[[[101.02198456074987,1.1271298792605795],[101.02234387434252,1.1271296280680692],[101.02234350005969,1.1265871317427556],[101.02198418653342,1.1265873828143347],[101.02198456074987,1.1271298792605795]]],[[[101.01264636365498,1.1329230567089144],[101.0124667054344,1.1329231823510806],[101.01246658062414,1.1327423491446247],[101.01210726414541,1.1327426003552505],[101.01210738893343,1.1329234336018197],[101.01192773065306,1.1329235592103934],[101.01192785544987,1.1331043924767763],[101.01210751374138,1.1331042668481488],[101.01210763856928,1.1332851000942377],[101.01228729685198,1.1332849744343545],[101.01228742171092,1.133465807660147],[101.01210776341709,1.1334659333400858],[101.01210788828485,1.1336467665856935],[101.01192822995993,1.133646892274484],[101.01192810510332,1.1334660590088221],[101.01156878841599,1.1334663103126856],[101.01156866360155,1.13328547700668],[101.01138900523914,1.1332856026217588],[101.01138888045575,1.1331047692954639],[101.01102956369338,1.133105020451926],[101.01102943895219,1.1329241870852982],[101.01049046369259,1.1329245636758714],[101.01049033900469,1.1327437302488785],[101.01031068055612,1.132743855736636],[101.01031080523289,1.1329246891836673],[101.01013114675328,1.1329248146802657],[101.01013127143885,1.1331056481470925],[101.00995161292819,1.133105773652528],[101.00995148825375,1.1329249401656667],[101.00977182973432,1.13292506563987],[101.00977195439764,1.1331058991467642],[101.00959229584716,1.1331060246298008],[101.00959242051925,1.133286858156486],[101.00941276193774,1.1332869836483528],[101.00941301131941,1.13364865074106],[101.00923335269574,1.1336487762617804],[101.00923360213476,1.1340104433935811],[101.0094132607807,1.1340103178328056],[101.00941338554121,1.1341911513783178],[101.01013201997046,1.1341906489430071],[101.0101321447954,1.134371482408151],[101.01067112044167,1.1343711054038481],[101.0106709955833,1.1341902719988186],[101.01103031255894,1.1341900206466424],[101.01103043743959,1.1343708540115867],[101.01138975435782,1.1343706025744784],[101.01138987928067,1.1345514358990896],[101.01174919614148,1.1345511843770344],[101.01174932110656,1.1347320176613054],[101.0119289795182,1.1347318918634055],[101.01192910451435,1.134912725127383],[101.0121087629172,1.1349125992982132],[101.01210888794442,1.135093432541896],[101.01246820471263,1.1350931808097908],[101.01246832978207,1.1352740140131192],[101.01282764649285,1.1352737621960172],[101.01282714624556,1.1345504295417432],[101.01264748794472,1.1345505553756592],[101.01264686313993,1.1336463894520947],[101.01246720487482,1.1336465151744992],[101.01246695511475,1.1332848487632705],[101.01264661335759,1.1332847230809857],[101.01264636365498,1.1329230567089144]]],[[[101.02198919090863,1.1338206685869083],[101.02180953367153,1.133820794912096],[101.02180965918039,1.13400162707164],[101.02163000191214,1.1340017534057727],[101.0216303785255,1.134544249943412],[101.02198969310882,1.1345439971430287],[101.02198919090863,1.1338206685869083]]],[[[101.0119293545664,1.1352743916546164],[101.01139037917136,1.1352747691951275],[101.01139050419383,1.1354556025185354],[101.01121084567781,1.1354557283629778],[101.01121109576026,1.1358173950491646],[101.01157041281698,1.1358171432688644],[101.0115705379104,1.135997976571501],[101.01192985490971,1.1359977247061934],[101.01192972979399,1.1358168914436606],[101.0121093882526,1.1358167655142188],[101.01210926314566,1.1356359322715],[101.01228892157317,1.1356358063508887],[101.01228879647502,1.1354549731279844],[101.01192947962234,1.135455224917872],[101.0119293545664,1.1352743916546164]]],[[[101.01336699690464,1.1358158836938008],[101.01282802188769,1.1358162616841938],[101.01282789673613,1.135635428521709],[101.01264823836841,1.1356355544759933],[101.01264811324795,1.1354547212932067],[101.01246845487145,1.1354548472162067],[101.01246870511001,1.1358165136216587],[101.01264836350882,1.1358163876585392],[101.01264848866916,1.1359972208408446],[101.0124688302592,1.1359973468240234],[101.01246908061738,1.13635901322803],[101.01282839746199,1.1363587611702017],[101.01282852269328,1.1365395943317227],[101.01300818109684,1.1365394682658982],[101.01300805585437,1.1363586351244406],[101.01336737257934,1.1363583829992243],[101.0133672473345,1.1361775498976574],[101.0135469056559,1.1361774238382707],[101.01354678041984,1.135996590756532],[101.0133671221096,1.13599671679585],[101.01336699690464,1.1358158836938008]]],[[[101.00905494193204,1.1354572376209306],[101.00887528315712,1.1354573633194796],[101.00887540804344,1.1356381969231433],[101.0086957492375,1.1356383226304918],[101.00869587413256,1.1358191562539364],[101.00815689756188,1.1358195333686918],[101.00815702244336,1.136000367051951],[101.00797736353552,1.1360004927544318],[101.00797748842575,1.136181326457465],[101.00815714734473,1.1361812007349692],[101.008157272266,1.1363620344177465],[101.00833693117626,1.136361908664004],[101.00833705612858,1.1365427423265237],[101.00851671503011,1.136542616541531],[101.0085168400135,1.1367234501837915],[101.00905581663214,1.136723072701348],[101.00905569161527,1.1365422391191538],[101.0092353504372,1.1365421132892282],[101.00923497547254,1.1359996126012775],[101.00941463424108,1.1359994868202008],[101.00941413452226,1.1352761526463369],[101.00905481705448,1.1352764040370504],[101.00905494193204,1.1354572376209306]]],[[[101.02630335197533,1.1372534348280643],[101.02612369500763,1.1372535618059103],[101.02612344275295,1.1368918984635692],[101.02576412880195,1.1368921523047706],[101.02576425489693,1.1370729840164473],[101.02540494084333,1.1370732378530817],[101.02540506693603,1.1372540696048956],[101.02522540986797,1.1372541965265421],[101.02522553596957,1.137435028298301],[101.02504587887029,1.1374351552288926],[101.02504613111134,1.1377968188120557],[101.02522578823297,1.1377966918410949],[101.02522604057661,1.1381583553829226],[101.02558535480438,1.138158101326515],[101.02558522860018,1.137977269596097],[101.02594454272534,1.1379770155350764],[101.02594441651885,1.1377961838447983],[101.02612407354016,1.137796056817611],[101.02612394734258,1.137615225147286],[101.02630360433263,1.137615098129049],[101.02630335197533,1.1372534348280643]]],[[[101.02109669660459,1.1421395828973637],[101.02199498556037,1.1421389467492076],[101.02199485913899,1.1419581146206852],[101.02307280515762,1.1419573509913374],[101.02307267868899,1.1417765189835263],[101.02397096643067,1.1417758824162019],[101.02397083992604,1.1415950505089922],[101.02450981229681,1.141594668493709],[101.02450993883508,1.1417755003403913],[101.0246895962631,1.1417753729592184],[101.02468984942223,1.1421370366114965],[101.02486950685262,1.1421369091786766],[101.0248696334735,1.1423177409842704],[101.02504929089505,1.1423176135199793],[101.02504903765096,1.1419559499489147],[101.02522869503001,1.1419558225137032],[101.02522856842685,1.1417749907479922],[101.025048911059,1.1417751181630194],[101.0250487844871,1.1415942863768809],[101.0248691271104,1.1415944137604397],[101.0248688740492,1.1412327501470698],[101.02504853140348,1.1412326228038772],[101.02504815192853,1.140690127442555],[101.02343123532046,1.1406912725804887],[101.02343136169124,1.1408721045494212],[101.02325170417889,1.140872231750767],[101.02325195695818,1.1412338957282389],[101.02307229940337,1.141234022958639],[101.02307242581188,1.1414148549671772],[101.02289276822583,1.1414149822064612],[101.02289264182855,1.1412341501777596],[101.02271298423365,1.1412342773856008],[101.0227128578676,1.141053445336496],[101.02127559647701,1.1410544624319416],[101.02127572275342,1.141235294642275],[101.02073674936788,1.141235675927418],[101.02073700191352,1.141597340468221],[101.02055734405589,1.1415974675809897],[101.02055747034751,1.1417782998711683],[101.0200184966209,1.141778681202187],[101.02001874919694,1.142140345902636],[101.0198390912256,1.1421404730306723],[101.01983934385926,1.1425021377704168],[101.01965968584548,1.142502264927427],[101.01965981218112,1.1426830973170674],[101.01948015413612,1.142683224482915],[101.01948040684493,1.1430448893017264],[101.02073801289679,1.1430439986217378],[101.02073788645382,1.1428631663533966],[101.02109720226603,1.14286291181201],[101.02109694939526,1.1425012473551714],[101.0209172915216,1.142501374591225],[101.02091716512747,1.1423205423422989],[101.02109682298992,1.1423204151263888],[101.02109669660459,1.1421395828973637]]],[[[101.00905932518491,1.1417864129047501],[101.00887966601869,1.1417865393041355],[101.00887979160152,1.141967372899346],[101.00905945077895,1.1419672464799366],[101.0090595763929,1.142148080054881],[101.00941889471048,1.1421478271421475],[101.00941902036676,1.1423286606767962],[101.00995799772748,1.1423282811629374],[101.00995787203756,1.1421474476883822],[101.01013753110675,1.142147321181216],[101.01013740542552,1.1419664877264526],[101.00995774636753,1.1419666142135843],[101.00995749508722,1.141604947263262],[101.00905919961077,1.1416055793293212],[101.00905932518491,1.1417864129047501]]],[[[101.00852122696723,1.1430526275107349],[101.0083415676628,1.1430527540163953],[101.00834144199423,1.1428719203625772],[101.00816178268111,1.142872046836923],[101.00816165704366,1.1426912131628457],[101.00834131634556,1.142691086708517],[101.00834119071678,1.1425102530542144],[101.00852084998756,1.14251012660861],[101.00852059876726,1.1421484593393154],[101.00834093951892,1.1421485857448828],[101.00834081394983,1.141967752089853],[101.00780183611907,1.1419681311787775],[101.00780196165452,1.1421489648938516],[101.0076223023266,1.1421490912542642],[101.00762242787073,1.1423299249891077],[101.00780208720985,1.1423297986086838],[101.00780221278508,1.1425106323232737],[101.00798187211555,1.1425105059115463],[101.00798199772188,1.1426913396058807],[101.00780233838019,1.1426914660376213],[101.0078024639952,1.1428722997517264],[101.00744314522973,1.1428725526213466],[101.00744339647451,1.1432342201288719],[101.0078027152849,1.1432339671792098],[101.00780284095957,1.1434148008925877],[101.00816215971284,1.1434145478576996],[101.0081620340157,1.1432337141843496],[101.00834169335127,1.1432335876699704],[101.00834181905962,1.1434144213233035],[101.00870113769352,1.1434141682206072],[101.00870101196271,1.1432333346073131],[101.00852135266693,1.1432334611442916],[101.00852122696723,1.1430526275107349]]],[[[101.01876164805563,1.1428645655233949],[101.01840233172317,1.1428648197710976],[101.01840271067437,1.1434073173604404],[101.01894168524407,1.143406935790858],[101.01894155887332,1.1432261033216813],[101.019121217012,1.1432259761293426],[101.01912096430809,1.1428643112305097],[101.01894130619185,1.1428644383825999],[101.01894117988111,1.1426836059126952],[101.0187615217561,1.1426837330333681],[101.01876164805563,1.1428645655233949]]],[[[101.02576880768115,1.1435829254757484],[101.02558915026128,1.1435830531265314],[101.02558927708755,1.1437638848494405],[101.02522996216516,1.1437641401574739],[101.02522983536137,1.1435833083941886],[101.02505017788131,1.1435834360110642],[101.02504992435637,1.1432217724433957],[101.02469060938098,1.1432220275625098],[101.02469048267105,1.143041195737948],[101.02451082516448,1.1430413232603769],[101.0245109518632,1.1432221551051187],[101.02433129432538,1.1432222826364284],[101.02433142103291,1.1434031145011059],[101.02343313298684,1.1434037520890314],[101.02343325965829,1.1435845840543273],[101.02415189018016,1.143584073925902],[101.02415201691657,1.1437649058102695],[101.02451133207967,1.1437646506378882],[101.02451120532079,1.1435838187938743],[101.0248705203812,1.1435835636166365],[101.02487064716253,1.1437643954202896],[101.02505030467388,1.1437642677945339],[101.0250504314865,1.1439450995777611],[101.02523008898902,1.1439449719205161],[101.02523021583295,1.1441258036833155],[101.02540987332662,1.1441256759945777],[101.02541025401248,1.144668171220959],[101.02558991151983,1.144668043460348],[101.02558978459324,1.1444872117386524],[101.02594909952522,1.1444869562238733],[101.02594922647428,1.1446677879051868],[101.02612888392142,1.1446676601106363],[101.02612913790223,1.145029323432146],[101.02630879535178,1.1450291955858913],[101.02630777982031,1.1435825424555854],[101.02612812246066,1.1435826701402758],[101.0261276152216,1.1428593434885126],[101.02594795788677,1.1428594710811248],[101.02594833825229,1.1434019661308927],[101.02576868086373,1.1434020937727858],[101.02576880768115,1.1435829254757484]]],[[[101.01481029937409,1.1444948561425579],[101.01498995805093,1.1444947290695204],[101.01499046322466,1.1452180607070843],[101.01534978060843,1.1452178063663885],[101.01534914907879,1.1443136420196836],[101.01516949045309,1.1443137690952578],[101.0151693642183,1.1441329362051016],[101.01498970558386,1.1441330632492814],[101.01498957938026,1.1439522303387977],[101.01480992073711,1.1439523573515866],[101.01481029937409,1.1444948561425579]]],[[[101.01948268482535,1.1462998726273292],[101.01876405154627,1.146300382787781],[101.01876417824576,1.14648121527295],[101.01858451986475,1.1464813428048597],[101.0185843931765,1.1463005102995696],[101.01840473478673,1.1463006378000293],[101.01840511487767,1.1468431353755244],[101.01858477330121,1.1468430078147087],[101.0185851536059,1.147385505327657],[101.01876481204323,1.1473853776951446],[101.01876468524374,1.1472045452111925],[101.0189443436498,1.1472044175874623],[101.01894409008831,1.1468427526590723],[101.01912374845185,1.1468426250642518],[101.01912362168984,1.146661792619816],[101.01948293833439,1.1466615374364237],[101.01948268482535,1.1462998726273292]]],[[[101.01463316928943,1.148111642156486],[101.01499248711336,1.1481113872184385],[101.0149922338478,1.1477497214079264],[101.01481257496836,1.1477498488424573],[101.0148124483768,1.1475690159167533],[101.01445313058058,1.1475692707116234],[101.01445338373858,1.1479309366431103],[101.01463304266922,1.1479308092111873],[101.01463316928943,1.148111642156486]]],[[[101.00798590138487,1.148297184009853],[101.0078062416945,1.148297311062005],[101.00780636792611,1.1484781447685788],[101.00762670820455,1.1484782718293918],[101.00762683444478,1.1486591055557336],[101.00834547325674,1.148658597164314],[101.0083453469714,1.1484777635180294],[101.00852500661337,1.1484776364118103],[101.00852488033665,1.1482968027853004],[101.00834522070595,1.148296929871501],[101.00834509446041,1.148116096224729],[101.00798577516187,1.1481163503230492],[101.00798590138487,1.148297184009853]]],[[[101.00996342123113,1.1501041203391076],[101.00942444241846,1.1501045024369847],[101.00942482207469,1.1506470030081084],[101.0103231201657,1.1506463658209813],[101.01032299353722,1.1504655323976822],[101.01086197211896,1.1504651500090535],[101.01086146566868,1.1497418165538997],[101.01068180620653,1.1497419439479792],[101.01068193277794,1.1499227773321752],[101.009963294685,1.149923286875005],[101.00996342123113,1.1501041203391076]]],[[[101.02020373020804,1.1497351764026285],[101.02002407178412,1.149735304387616],[101.02002394464562,1.1495544720477262],[101.01966462776035,1.1495547279433465],[101.01966475487626,1.1497355603235007],[101.01948509639233,1.1497356882743983],[101.01948535066161,1.1500973530742336],[101.01966500916814,1.1500972250830772],[101.01966526354003,1.1504588898416768],[101.01984492204915,1.1504587617988913],[101.01984530379094,1.1510012588745657],[101.02002496231394,1.1510011307600099],[101.02002483503536,1.150820298421829],[101.02020449352705,1.150820170316032],[101.02020436625718,1.150639337997742],[101.02038402471754,1.1506392099007074],[101.02038364299413,1.150096713004782],[101.02020398456764,1.1500968410414063],[101.02020373020804,1.1497351764026285]]],[[[101.01876849792802,1.152629519623686],[101.0184091803784,1.1526297760443123],[101.01840943515204,1.1529914410778086],[101.01858909395949,1.1529913128329536],[101.0185894763039,1.1535338103210062],[101.01876913512532,1.153533682004394],[101.01876849792802,1.152629519623686]]],[[[101.00834851007366,1.152998604601977],[101.00798919016503,1.1529988597811613],[101.00798931692512,1.153179693461377],[101.00780965692965,1.1531798210538886],[101.0078097836983,1.1533606547538722],[101.00798944370511,1.1533605271413474],[101.00798957050499,1.1535413608210732],[101.00816923050323,1.1535412331771333],[101.00816935733431,1.153722066836599],[101.00834901732398,1.1537219391612408],[101.00834914418631,1.1539027728004456],[101.00852880416741,1.1539026450936651],[101.00852855044,1.1535409778550492],[101.00834889048156,1.153541105521792],[101.00834876365903,1.153360271882098],[101.00852842360615,1.1533601442353743],[101.00852829679218,1.1531793106154544],[101.0083486368564,1.1531794382421598],[101.00834851007366,1.152998604601977]]],[[[101.01751190527588,1.1540770778291676],[101.01769156425125,1.1540769495206318],[101.01769105448533,1.1533536191367038],[101.01751139555526,1.1533537473648003],[101.01751152295543,1.1535345799812593],[101.01733186399406,1.1535347082180645],[101.01733211883172,1.1538963734904648],[101.01751177781574,1.1538962452134436],[101.01751190527588,1.1540770778291676]]],[[[101.0155371848113,1.1562484824929136],[101.01535752546008,1.156248610905633],[101.01535739789634,1.1560677780516702],[101.01517773853651,1.1560679064328756],[101.01517761100409,1.15588707355858],[101.01445897341056,1.1558875868888094],[101.01445910089757,1.1560684198434337],[101.01409978195835,1.1560686764801553],[101.01409990944262,1.156249509474688],[101.01427956893356,1.156249381141964],[101.01427982398468,1.1566110470901418],[101.01481880240588,1.1566106619029248],[101.01481892999546,1.1567914948164073],[101.01499858944062,1.1567913663777218],[101.01499846183971,1.1566105334843229],[101.01517812125357,1.1566104050542891],[101.01517824886584,1.1567912379276033],[101.0153579082711,1.1567911094660515],[101.01535778064746,1.156610276612824],[101.01553744002139,1.1566101481599271],[101.0155371848113,1.1562484824929136]]],[[[101.01572286323075,1.1647474960392512],[101.01554320336392,1.164747625407645],[101.01554307485034,1.1645667925853418],[101.01536341497497,1.1645669219221348],[101.01536380054125,1.165109420448569],[101.01554346045093,1.1651092910515102],[101.0155435890244,1.1652901238730722],[101.01536392910327,1.1652902532902196],[101.01536405768526,1.1654710861316224],[101.01572337753043,1.1654708272456313],[101.01572350615528,1.1656516600466083],[101.01590316605936,1.165651530566242],[101.01590303742307,1.1654706977853568],[101.01608269729574,1.1654705683135633],[101.01608244006019,1.1651089027912402],[101.01590278021041,1.165109032222846],[101.01590265163404,1.1649281994412195],[101.01572299177572,1.1649283288412173],[101.01572286323075,1.1647474960392512]]],[[[101.02057483248606,1.1663714890618524],[101.0207544918961,1.166371359189861],[101.0207546209415,1.1665521914263435],[101.02111393972442,1.1665519316074913],[101.02111406881276,1.1667327638034397],[101.0214733875385,1.166732503898175],[101.02147312933603,1.1663708395866177],[101.02129347000609,1.1663709695047204],[101.02129334094634,1.1661901373284225],[101.02111368160782,1.1661902672148516],[101.02111355257955,1.16600943501816],[101.0205745744782,1.1660098245478638],[101.02057483248606,1.1663714890618524]]],[[[101.01985696887475,1.1674570024538244],[101.01967730929589,1.1674571323889653],[101.01967743839262,1.167637964744778],[101.01931811915195,1.1676382246207013],[101.01931824824577,1.1678190570165237],[101.01895892890214,1.1678193168865356],[101.01895905799302,1.1680001493223608],[101.0191387176863,1.1680000193730018],[101.01913884680866,1.1681808517884544],[101.01967782580287,1.1681804618107283],[101.01967795497964,1.1683612941655497],[101.0202169338282,1.168360904023511],[101.02021680461702,1.1681800717290898],[101.02057612372637,1.1681798116169353],[101.02057586531818,1.1678181471079008],[101.02003688669292,1.1678185371379923],[101.02003675755324,1.1676377048226927],[101.01985709798294,1.1676378347895053],[101.01985696887475,1.1674570024538244]]],[[[101.02111613694926,1.1696260789049127],[101.02075681777636,1.1696263394086333],[101.02075694718211,1.1698071716406537],[101.02021796823817,1.1698075623699495],[101.0202182270408,1.170169226954077],[101.02057754640273,1.1701689663988903],[101.02057767585706,1.1703497986503062],[101.02075733551949,1.1703496683352244],[101.02075746500532,1.1705305005662507],[101.02093712465923,1.170530370219459],[101.02093725417657,1.1707112024300952],[101.02129657344732,1.1707109416615147],[101.02129644390698,1.1705301094911686],[101.02147610350082,1.17052997910967],[101.02147597396902,1.1703491469592233],[101.02129631438667,1.1703492773205741],[101.02129605540613,1.16998761297864],[101.02111639582674,1.1699877432881323],[101.02111613694926,1.1696260789049127]]],[[[101.0256100878813,1.1730586207278555],[101.02543042858744,1.1730587516580828],[101.02543029852187,1.1728779199548194],[101.02507097989697,1.1728781817401206],[101.02507163031024,1.1737823404558076],[101.02543094905035,1.1737820784686455],[101.02543107921625,1.173962910170663],[101.02561073856774,1.1739627791394913],[101.02561099898277,1.1743244425024013],[101.02579065833726,1.1743243114192456],[101.0257902677102,1.173781816435079],[101.02561060839031,1.1737819474576627],[101.02561047823295,1.1736011157755846],[101.02579013754132,1.1736009847731912],[101.02578987726378,1.173239321448669],[101.02561021797845,1.173239452410681],[101.0256100878813,1.1730586207278555]]],[[[101.04945952235073,1.1093892868976507],[101.04874091156854,1.109389787960461],[101.04874103600767,1.1095706171093336],[101.04892068874456,1.1095704918396565],[101.04892081321488,1.1097513209678733],[101.04945977133644,1.1097509450317762],[101.04945952235073,1.1093892868976507]]],[[[101.04173568049559,1.1112029635577525],[101.04119671949871,1.111203338567371],[101.04119696788653,1.1115649985722444],[101.04137662159421,1.1115648735393293],[101.04137674582935,1.1117457035210667],[101.04173605320587,1.1117454533815845],[101.04173617748307,1.1119262833223897],[101.04227513842889,1.1119259079697046],[101.0422748898292,1.111564248209973],[101.04209523622266,1.1115643732978153],[101.04209498772572,1.1112027134964306],[101.04191533412077,1.1112028385325825],[101.04191520991354,1.1110220086111835],[101.04173555629929,1.1110221336160029],[101.04173568049559,1.1112029635577525]]],[[[101.04856237940689,1.111017375713882],[101.04838272654221,1.1110175011249623],[101.04838285114216,1.1111983303125463],[101.04820319824628,1.111198455733062],[101.04820382149587,1.1121026017695137],[101.04838347444633,1.1121024762469227],[101.04838359916803,1.1122833054330892],[101.04892255793042,1.112282928738117],[101.04892243317596,1.112102099613207],[101.04910208604525,1.1121019740466536],[101.04910171187088,1.1115594867317706],[101.04874240617751,1.1115597377313589],[101.04874228151515,1.1113789085850825],[101.04856262864892,1.1113790340479803],[101.04856237940689,1.111017375713882]]],[[[101.04407204697854,1.1124671451066999],[101.0438923935198,1.1124672704062577],[101.04389226905084,1.1122864407104878],[101.04407192249867,1.1122863154313023],[101.04407179803904,1.1121054857556685],[101.04425145145571,1.112105360485864],[101.04425095377604,1.1113820418624614],[101.04443060712879,1.1113819166631689],[101.0444304827486,1.1112010870271032],[101.04461013607018,1.1112009618372054],[101.0446100116993,1.1110201322212805],[101.04478966498974,1.1110200070407794],[101.04478954062822,1.1108391774449988],[101.04496919388748,1.110839052273899],[101.04496894520341,1.1104773931223908],[101.04478929196596,1.1104775182527282],[101.04478941628696,1.1106583478489818],[101.04443010972949,1.1106585981174901],[101.04443023404893,1.1108394277542635],[101.04425058072891,1.1108395528924286],[101.04425070505772,1.1110203825493419],[101.0438913983351,1.1110206328334833],[101.04389127402814,1.1108398031358235],[101.0433523138251,1.1108401784185795],[101.04335256239385,1.111201837935874],[101.04353221583692,1.1112017128118665],[101.04353246450846,1.1115633722874834],[101.0437121179531,1.111563247111757],[101.04371224233016,1.1117440768288422],[101.0435325888746,1.1117442020249373],[101.04353283766758,1.1121058614991362],[101.04371249114499,1.1121057362623048],[101.04371261558276,1.112286565978681],[101.04353296209445,1.1122866912358813],[101.04353308654154,1.11246752097239],[101.04317377948234,1.1124677714945446],[101.04317402839358,1.1128294310483164],[101.04335368195515,1.1128293057520062],[101.04335380645206,1.1130101355081723],[101.04371311353634,1.1130098848418226],[101.04371323807534,1.113190714557017],[101.04389289159805,1.1131905891869724],[101.04389301616824,1.113371418881559],[101.04425232317476,1.1133711680677194],[101.04425219858271,1.1131903384138782],[101.04479115890784,1.1131899621717256],[101.04479090971894,1.1128283029855985],[101.04461125631934,1.1128284283698926],[101.04461113176619,1.1126475987560946],[101.04407217147866,1.1126479747818612],[101.04407204697854,1.1124671451066999]]],[[[101.03976272236022,1.115905922329552],[101.03958306820819,1.115906047751499],[101.03958256996664,1.1151827270314059],[101.03940291583821,1.1151828523610148],[101.03940266686055,1.1148211919588917],[101.0385043960249,1.114821818238393],[101.0385045204489,1.115002648541184],[101.03832486621025,1.1150027737843473],[101.0383247417972,1.1148219434612399],[101.0381450875493,1.1148220686730694],[101.03814496316738,1.1146412383294102],[101.03796530891022,1.114641363509908],[101.03796493591847,1.1140988724165708],[101.03814459014279,1.1140987472970119],[101.03814446584165,1.1139179169524056],[101.03832412003484,1.1139177918421512],[101.03832399574294,1.1137369615176231],[101.0386833040469,1.1137367113047234],[101.03868293122676,1.1131942204516263],[101.03796431466928,1.1131947205896076],[101.03796468735824,1.113737211686495],[101.03778503313559,1.11373733675442],[101.03778553029305,1.1144606582948697],[101.03760587600647,1.114460783433026],[101.03760612468443,1.1148224442424497],[101.03742647035577,1.1148225694102074],[101.03742659471408,1.115003399834872],[101.0376062490537,1.1150032746468064],[101.03760649785276,1.115364935454809],[101.03742684349125,1.1153650606834904],[101.03742709234915,1.1157267215311606],[101.03760674673256,1.1157265962618637],[101.03760687120273,1.1159074266650357],[101.0379661799309,1.1159071760527401],[101.03796630444319,1.116088006415054],[101.03832561311253,1.1160877557180164],[101.03832548857832,1.1159069253963305],[101.03850514287176,1.115906800051583],[101.03850501834681,1.1157259697499773],[101.03868467260908,1.1157258444145197],[101.038684797145,1.115906674695807],[101.03886445139803,1.1159065493290024],[101.03886457596509,1.1160873795897324],[101.03904423020889,1.1160872541915772],[101.03904447942554,1.116448914671681],[101.0388648251598,1.1164490401104807],[101.03886507443532,1.1168107006302803],[101.03904472872297,1.1168105751508366],[101.03904485340199,1.1169914053900583],[101.03994312459204,1.1169907777256403],[101.03994287514455,1.1166291174502345],[101.03976322096888,1.1166292429645344],[101.03976309628639,1.1164484128061445],[101.03958344210149,1.1164485382890792],[101.0395833174502,1.1162677081101233],[101.03976297162414,1.1162675826475175],[101.03976272236022,1.115905922329552]]],[[[101.03060045894641,1.1160931359810204],[101.03042080375528,1.1160932608607448],[101.0304205556713,1.1157315984327998],[101.0306002108405,1.1157314735935515],[101.03060008681774,1.1155506423994612],[101.03077974195588,1.115550517569426],[101.03077961794226,1.1153696863953393],[101.03095927304933,1.1153695615745205],[101.03095914904489,1.115188730420438],[101.0311388041209,1.1151886056088391],[101.03113843219542,1.114646112205903],[101.03077912208897,1.1146463616966231],[101.03077899817595,1.1144655305213524],[101.03059934310349,1.1144656552299486],[101.03059921922151,1.1142848240342011],[101.03023990903814,1.114285073377875],[101.03023978519816,1.1141042421414171],[101.02988047495623,1.1141044914005727],[101.02988035115824,1.1139236601234106],[101.02970069601805,1.113923784716241],[101.0297005722511,1.1137429534186112],[101.0291616067427,1.113743327070366],[101.02916173047684,1.1139241584286776],[101.02934138567734,1.1139240338688745],[101.02934175703318,1.1144665278817145],[101.02916210179984,1.1144666525021942],[101.02916234944901,1.114828315216688],[101.02934200470423,1.114828190555757],[101.0293423763616,1.1153706845650464],[101.02916272107353,1.1153708092866543],[101.02916284498856,1.1155516406428359],[101.02898318966945,1.1155517653736442],[101.02898356150232,1.1160942595014394],[101.0291632168543,1.1160941347099598],[101.02916334084973,1.1162749660651938],[101.02898368548679,1.1162750908768972],[101.02898380949138,1.1164559222521182],[101.02880415409737,1.1164560470730112],[101.0288042781111,1.116636878468217],[101.02898393351607,1.1166367536271018],[101.02898405756085,1.1168175850018482],[101.02916371295669,1.1168174601294738],[101.02916383703253,1.1169982914837595],[101.02952314778584,1.116998041665443],[101.02952327190373,1.1171788729790382],[101.03042154848995,1.1171782481388917],[101.0304213001646,1.1168165857137915],[101.03060095539959,1.1168164607531144],[101.03060083125612,1.1166356295604467],[101.03078048646002,1.1166355046089715],[101.0307802382115,1.1162738422634046],[101.03060058302954,1.1162739671743998],[101.03060045894641,1.1160931359810204]]],[[[101.04173954061282,1.116808691634689],[101.04138023262364,1.1168089429136616],[101.04138035744522,1.1169897728885327],[101.0408413952769,1.1169901497852417],[101.04084152008579,1.117170979820906],[101.04173979032008,1.1171703515028015],[101.04173954061282,1.116808691634689]]],[[[101.04479528222227,1.1191573386059674],[101.04461562843916,1.119157464703538],[101.04461575372143,1.1193382943087975],[101.04497506128936,1.1193380420618346],[101.04497493598512,1.119157212497336],[101.04515458972772,1.1191570863776443],[101.04515446443274,1.1189762568332906],[101.04533411814408,1.1189761307229233],[101.04533399285836,1.1187953011987164],[101.0447950316965,1.118795679435494],[101.04479528222227,1.1191573386059674]]],[[[101.04569417777765,1.1200608553646083],[101.04515521650653,1.1200612340958447],[101.04515534192306,1.1202420636387704],[101.04461638043662,1.1202424423315256],[101.04461650584042,1.1204232719353573],[101.04569442869699,1.1204225143279032],[101.04569417777765,1.1200608553646083]]],[[[101.0271897367636,1.1200738014618954],[101.0264711133851,1.1200743018540127],[101.02647123765777,1.1202551335071937],[101.02683054940918,1.1202548832928754],[101.02683067372395,1.1204357149054194],[101.02718998541704,1.1204354646064072],[101.0271897367636,1.1200738014618954]]],[[[101.04641329461785,1.1207836678340073],[101.04623364091813,1.1207837942146819],[101.0462335153748,1.1206029647948053],[101.04605386166581,1.120603091144009],[101.04605398719815,1.1207839205842796],[101.0458743334579,1.1207840469428008],[101.04587483574589,1.1215073647830658],[101.04605448953018,1.121507238342977],[101.0460547408178,1.1218688972208954],[101.04623439460384,1.1218687707289354],[101.04623414329419,1.1215071118918043],[101.04641379703793,1.1215069854295476],[101.04641367140252,1.1213261560310201],[101.04659332511497,1.1213260295780778],[101.04659307388292,1.1209643708211017],[101.04641342019245,1.1209644972332498],[101.04641329461785,1.1207836678340073]]],[[[101.04318241370372,1.1249450255511213],[101.04300275938584,1.1249451522007743],[101.0430032628312,1.1256684713231908],[101.04318291719326,1.1256683445920843],[101.04318304311626,1.1258491743517274],[101.0435423518018,1.1258489208154077],[101.0435422258567,1.1256680910964967],[101.04372188015805,1.1256679643320155],[101.04372175422213,1.1254871346332347],[101.04354209993184,1.1254872613773468],[101.04354184814287,1.1251256019383293],[101.04318253954574,1.1251258553117207],[101.04318241370372,1.1249450255511213]]],[[[101.03420168010663,1.1278446368109618],[101.03312374677708,1.1278453951526144],[101.03312387232273,1.1280262260469822],[101.03294421668625,1.1280263524185075],[101.03294434224098,1.128207183332899],[101.03312399788855,1.1282070569411102],[101.0331242490806,1.1285687187286477],[101.03348356035966,1.1285684658305557],[101.03348368600805,1.128749296683433],[101.03366334162845,1.1287491701973875],[101.03366321596897,1.128568339364779],[101.03384287155814,1.128568212887848],[101.03384262027745,1.1282065512624528],[101.03402227582431,1.128206424814913],[101.03402215020311,1.1280255940221282],[101.03420180571875,1.1280254675837122],[101.03420168010663,1.1278446368109618]]],[[[101.04767641780967,1.128739269915893],[101.04749676376598,1.1287393972720576],[101.04749651076068,1.128377738738714],[101.0469575485744,1.128378120617849],[101.04695742213542,1.1281972912896034],[101.04677776804385,1.1281974185399442],[101.04677751524885,1.127835759841933],[101.04659786115916,1.127835887040326],[101.0465976084674,1.1274742283005568],[101.04677726253495,1.127474101142962],[101.0467771362084,1.1272932717931172],[101.04641782807518,1.1272935260563675],[101.04641820704919,1.1278360142275727],[101.04623855291895,1.1278361414036728],[101.04623893204217,1.1283786296339073],[101.04605927785843,1.128378756860043],[101.04605940426231,1.1285595862900353],[101.04623905845712,1.128559459043506],[101.04623918489234,1.1287402884528646],[101.04641883907797,1.1287401611747863],[101.04641896554455,1.1289209905635091],[101.04677827387715,1.1289207359330904],[101.04677840038617,1.1291015652807774],[101.04749701685242,1.1291010558044416],[101.04749714342606,1.1292818850702737],[101.047676797503,1.129281757652885],[101.047676924108,1.1294625868980686],[101.04785657817577,1.1294624594491094],[101.04785645155967,1.1292816302243356],[101.04803610559604,1.129281502784626],[101.04803597898913,1.1291006735800238],[101.04785632496385,1.1291008009993213],[101.04785619838832,1.1289199717740674],[101.04767654435382,1.1289200991617967],[101.04767641780967,1.128739269915893]]],[[[101.03043406733653,1.1352613681776276],[101.03061372369929,1.1352612411526486],[101.03061359750403,1.1350804099843683],[101.03079325383553,1.1350802829684092],[101.03079312764925,1.1348994518201283],[101.03097278394947,1.1348993248131933],[101.03097240547794,1.1343568314276304],[101.03061309292421,1.134357085308839],[101.030613219039,1.1345379164780827],[101.03043356272083,1.1345380434221086],[101.03043381498844,1.1348997058003498],[101.03025415862787,1.1348998327736357],[101.03025428478072,1.1350806639826319],[101.02989497197696,1.1350809179360222],[101.02989509812761,1.135261749185245],[101.02971544168442,1.1352618761653441],[101.02971556784404,1.135442707434557],[101.02989522429839,1.1354425804342267],[101.02989547670025,1.1358042429314665],[101.0297158202236,1.1358043699722589],[101.02971619894375,1.1363468637770038],[101.02989585545384,1.1363467366755173],[101.02989560293133,1.1359850741797248],[101.03007525939903,1.1359849471074737],[101.03007500693464,1.135623284651182],[101.03025466335991,1.1356231576081735],[101.03025453714673,1.135442326399901],[101.03043419354074,1.1354421993659047],[101.03043406733653,1.1352613681776276]]],[[[101.02702046665237,1.1350829479477038],[101.02684080989883,1.1350830747280776],[101.02684068395773,1.134902243134926],[101.0264813704127,1.1349024966216188],[101.02648124451396,1.1347216649878267],[101.02558296035582,1.1347222984072987],[101.02558308619882,1.134903130142059],[101.02540342929585,1.134903256812497],[101.02540355514779,1.135084088567205],[101.0255832120619,1.1350839618765785],[101.02558371571489,1.1358072888122472],[101.02630234334909,1.1358067816144728],[101.0263024693571,1.1359876132670161],[101.02648212622664,1.1359874864193111],[101.02648200020745,1.1358066547869652],[101.02666165704576,1.1358065279482317],[101.0266617830761,1.135987359560379],[101.02702109671475,1.1359871058088324],[101.02702122278748,1.1361679373803346],[101.02756019312834,1.1361675566081906],[101.02755981487003,1.135625062074816],[101.0273801581433,1.1356251889494693],[101.02738003210851,1.1354443574176543],[101.02720037537284,1.1354444842608773],[101.02720024936929,1.135263652708615],[101.02702059262468,1.1352637795204117],[101.02702046665237,1.1350829479477038]]],[[[101.04516671237381,1.1365167215225092],[101.04498705756814,1.1365168495989764],[101.04498718481712,1.1366976791404635],[101.04480752998002,1.1366978072260798],[101.0448074027422,1.1365169776642112],[101.044627747896,1.136517105718214],[101.04462723919185,1.135793787386809],[101.04426792952795,1.1357940432981029],[101.04426843814284,1.1365173617925237],[101.04444809302954,1.1365172337609855],[101.04444822024506,1.1366980633636106],[101.04462787512266,1.136697935300462],[101.04462812963678,1.1370595944642328],[101.04480778451645,1.1370594663490907],[101.04480791181506,1.137240295910234],[101.04498756668565,1.1372401677634734],[101.04498743937589,1.1370593382227119],[101.04516709421505,1.137059210085095],[101.04516683963398,1.1366975510436133],[101.04534649443055,1.136697422935529],[101.04534611267741,1.1361549344326487],[101.0451664579143,1.1361550624795778],[101.04516671237381,1.1365167215225092]]],[[[101.03601538906102,1.152255496771887],[101.03619504585501,1.1522553674914608],[101.03619491741814,1.1520745369742929],[101.036554230923,1.1520742784198705],[101.03655410248369,1.1518934479430516],[101.03673375919455,1.1518933186690608],[101.03673363076409,1.1517124882122958],[101.03709294410265,1.151712229670765],[101.03709307255572,1.1518930600869257],[101.03745238583618,1.1518928014592535],[101.03745225736048,1.1517119710837043],[101.03763191395913,1.1517118417730998],[101.03763178549232,1.1515310114176147],[101.03781144205946,1.151530882115938],[101.0378111851638,1.1511692214448537],[101.03799084168814,1.15116909217242],[101.03799058485062,1.1508074315409813],[101.03817024133217,1.1508073022977978],[101.03816985619339,1.1502648114097476],[101.03834951262088,1.1502646822161369],[101.03834925594008,1.1499030216635118],[101.03852891232476,1.1499028924991679],[101.03852852742114,1.1493604017293502],[101.03870818375178,1.1493602726145984],[101.03870805547967,1.149179442377823],[101.0390673680578,1.149179184154885],[101.03906749635246,1.1493600143510172],[101.03924715262252,1.149359885202188],[101.03924740929504,1.14972154555307],[101.03906775300243,1.1497216747425483],[101.03906800973317,1.1500833351331023],[101.03888835339777,1.1500834643518634],[101.03888861018673,1.1504451247820848],[101.03870895380855,1.1504452540301207],[101.03870946758364,1.1511685749689147],[101.03852981114007,1.1511687042868572],[101.03853006812618,1.1515303647954247],[101.03870972459238,1.1515302354368444],[101.03870985312703,1.1517110656704423],[101.03888950958435,1.1517109362801607],[101.03888938103837,1.1515301060668837],[101.03906903746417,1.1515299766855422],[101.0390689089271,1.1513491464923433],[101.0388892525126,1.151349275853362],[101.03888899552166,1.1509876154255847],[101.03906865191355,1.150987486105211],[101.03906852343708,1.1508066559112782],[101.03942783613765,1.1508063972770557],[101.03942757920011,1.1504447369697577],[101.03960723549748,1.150444607676242],[101.03960710704773,1.1502637775425546],[101.04014607578478,1.1502633896547827],[101.04014569045509,1.149720899435238],[101.04032534662647,1.149720770177583],[101.04032521821239,1.1495399401242477],[101.04050487435228,1.149539810875567],[101.04050500277765,1.1497206409085658],[101.04086431501935,1.1497203823364421],[101.04086418657141,1.149539552344123],[101.04122349870967,1.149539293767235],[101.04122324182926,1.1491776338632367],[101.04140289784549,1.149177504598443],[101.04140276942432,1.148996674666423],[101.04158242540906,1.1489965454106197],[101.04158216860485,1.148634885586543],[101.0417618245468,1.148634756360083],[101.04176143945836,1.1480922666831856],[101.04158178355024,1.1480923958485978],[101.0415815269483,1.1477307360220812],[101.04176118283385,1.1477306068973683],[101.04176105455196,1.1475497770040932],[101.0423000220535,1.1475493896229538],[101.04229976548275,1.1471877299577908],[101.0424794212536,1.1471876008487754],[101.04247916474128,1.1468259412233497],[101.04265882046937,1.1468258121437127],[101.04265856401545,1.1464641525580292],[101.04247890830987,1.1464642815969495],[101.04247878012454,1.1462834517833842],[101.04229912440998,1.1462835807906169],[101.04229899625612,1.1461027509564514],[101.0421193405326,1.146102879932001],[101.0421194686752,1.1462837097865213],[101.04193981292019,1.1462838387710972],[101.04193968478884,1.1461030088962239],[101.04176002902486,1.1461031378491195],[101.04175990092497,1.1459223079536518],[101.0419395566777,1.1459221790211072],[101.04193942858683,1.1457413491457467],[101.04211908430808,1.1457412202222301],[101.04211895622616,1.1455603903669789],[101.04229861191594,1.1455602614524938],[101.0422980997456,1.1448369421104756],[101.04247775537017,1.1448368132660947],[101.04247762736692,1.1446559834503378],[101.04283693853287,1.1446557257683507],[101.04283706655862,1.1448365555433893],[101.04301672212246,1.1448364266650646],[101.04301710635481,1.145378915927633],[101.04319676193215,1.145378786976903],[101.04319689006132,1.1455596167102429],[101.0433765456297,1.145559487727828],[101.04337667379035,1.145740317440558],[101.04355632934971,1.1457401884264546],[101.04355658575426,1.1461018478104499],[101.04373624131588,1.1461017187442852],[101.04373636955978,1.1462825484155488],[101.04391602511241,1.1462824193176862],[101.04391589685727,1.1461015896667932],[101.04409555237841,1.146101460577975],[101.04409542413225,1.1459206309472114],[101.04391576862237,1.1459207600156573],[101.04391551221332,1.1455591007126547],[101.04409516770069,1.1455589716849537],[101.0440950395153,1.1453781420534592],[101.04427469497118,1.145378013034811],[101.04427443863864,1.1450163538118416],[101.04445409405177,1.1450162248226265],[101.04445370967112,1.1444737360474757],[101.04463336503031,1.1444736071080779],[101.04463323693267,1.1442927775362524],[101.04427392621656,1.1442930353629832],[101.04427379816165,1.14411220575016],[101.04409414278446,1.1441123346261874],[101.04409439889201,1.1444739938923385],[101.04427405429169,1.1444738649755624],[101.0442741823871,1.144654694587899],[101.04409452697617,1.1446548235250493],[101.04409465508058,1.1448356531575168],[101.04373534417552,1.1448359110386237],[101.0437354722777,1.145016740711591],[101.04337616126917,1.1450169985881766],[101.04337603318949,1.1448361688744726],[101.0431963776661,1.144836297775426],[101.04319624961789,1.1446554680411134],[101.04301659408551,1.1446555969103884],[101.04301633807229,1.1442939374003067],[101.0431959935822,1.1442938085717584],[101.04319586559471,1.1441129788367166],[101.04337552107314,1.144112850017225],[101.04337539309468,1.1439320203023056],[101.04373470396834,1.143931762670137],[101.04373457598764,1.1437509329957105],[101.04391423138289,1.143750804183039],[101.04391410341121,1.14356997452874],[101.04409375877496,1.1435698457251375],[101.04409363081231,1.1433890160909683],[101.04427328614459,1.143388887296438],[101.04427315819096,1.1432080576823997],[101.04445281349176,1.1432079288969461],[101.04445268554716,1.1430270993030414],[101.04463234081649,1.1430269705266671],[101.04463221288091,1.1428461409528974],[101.04481186811877,1.1428460121856063],[101.04481174019223,1.1426651826319731],[101.04517105058471,1.1426649251042718],[101.045170922656,1.1424840955911608],[101.04535057781064,1.142483966830756],[101.04535044989095,1.1423031373377874],[101.04553010501411,1.1423030085864783],[101.04552997710347,1.1421221791136535],[101.04570963219516,1.1421220503714438],[101.04570950429358,1.141941220918765],[101.04588915935378,1.1419410921856579],[101.04588903146124,1.141760262753127],[101.04606868648997,1.1417601340291268],[101.0460685586065,1.1415793046167453],[101.04624821360375,1.141579175901855],[101.04624808572933,1.141398346509625],[101.04642774069511,1.1413982178038484],[101.04642761282976,1.141217388431771],[101.04678692267807,1.1412171310271744],[101.04678679481057,1.1410363016956517],[101.04696644969312,1.1410361729968368],[101.0469663218347,1.1408553436854727],[101.04714597668575,1.1408552149957836],[101.04714584883642,1.14067438570458],[101.04732550365601,1.1406742570240207],[101.04732537581575,1.1404934277529795],[101.04750503060384,1.1404932990815537],[101.04750490277267,1.1403124698306764],[101.04732524799577,1.1403125984816955],[101.04732512019608,1.1401317692101691],[101.0471454654101,1.1401318978295143],[101.04714533764188,1.1399510685373406],[101.0469656828468,1.139951197125015],[101.04696542739359,1.1395895384991361],[101.04714508216628,1.1395894099522677],[101.04714495445889,1.1394085806593672],[101.04732460920012,1.1394084521216414],[101.04732473691868,1.1395892813941366],[101.04768404636266,1.1395890242440878],[101.04768391862171,1.1394081950124069],[101.0478635733021,1.1394080664408992],[101.04786344557024,1.1392272372293866],[101.04804310021915,1.1392271086670298],[101.04804284479394,1.1388654502841014],[101.04822249940018,1.1388653217513132],[101.04822237170684,1.1386844925798996],[101.04840202628161,1.138684364056271],[101.04840215398615,1.1388651932072693],[101.04858180855179,1.1388650646519711],[101.0485820640441,1.139226722912407],[101.04876171861184,1.1392265943050148],[101.04876184639961,1.1394074234144507],[101.04912115549658,1.1394071661250476],[101.04912102768643,1.139226337056455],[101.04930068219328,1.1392262084152869],[101.04930055439222,1.1390453793668767],[101.04948020886759,1.1390452507348758],[101.04948008107566,1.1388644217066497],[101.04965973551954,1.13886429308382],[101.04965960773674,1.1386834640757795],[101.04983926214912,1.1386833354621242],[101.04983938994312,1.1388641644497348],[101.05001904434637,1.138864035804395],[101.05001917217184,1.1390448647713323],[101.04983951775739,1.1390449934371036],[101.04983977344689,1.1394066514111147],[101.04966011898976,1.1394067801064887],[101.04966024685378,1.1395876091135604],[101.0498399013221,1.1395874803977568],[101.0498400292176,1.1397683093841564],[101.0496603747381,1.1397684381203903],[101.04966050264272,1.1399492671269773],[101.04912153904883,1.1399496533293714],[101.04912141117778,1.1397688242615056],[101.04894175661707,1.1397689529526827],[101.04894201235707,1.1401306111290168],[101.04876235775369,1.1401307398497718],[101.04876248564294,1.140311568957996],[101.04858283100806,1.1403116976879015],[101.04858270313001,1.1401308685592584],[101.04840304848602,1.1401309972574776],[101.04840317635289,1.1403118264065377],[101.04822352167743,1.1403119551139045],[101.04822339382174,1.140131125944429],[101.04786408443235,1.1401313832845281],[101.04786421226561,1.1403122124948295],[101.0476845575293,1.140312341168388],[101.04768468537166,1.1404931703988568],[101.0487626135525,1.1404923980659778],[101.04876274148235,1.1406732271737174],[101.04948135990848,1.1406727119780118],[101.04948123193384,1.1404918829519664],[101.04966088647843,1.140491754145285],[101.0496607585129,1.140310925139425],[101.04984041302596,1.1403107963419026],[101.04984028506955,1.1401299673562295],[101.0501995940124,1.1401297097682406],[101.05019946605388,1.1399488808231901],[101.05037912048365,1.1399487520327294],[101.05037899253426,1.1397679231078717],[101.05055864693254,1.1397677943265823],[101.05055851899226,1.1395869654219188],[101.05073817335902,1.1395868366498039],[101.05073804542788,1.139406007765337],[101.05091769976313,1.1394058790024002],[101.05091757184113,1.1392250501381311],[101.05109722614488,1.1392249213843761],[101.05109709823199,1.1390440925403074],[101.05127675250425,1.1390439637957377],[101.0512766246005,1.1388631349718707],[101.05145627884124,1.13886300623649],[101.05145615094663,1.138682177432827],[101.05181545934482,1.1386819199691967],[101.05181533144817,1.1385010912061881],[101.05199498560559,1.1385009624779443],[101.05199485771809,1.1383201337351452],[101.052174511844,1.1383200050161026],[101.05217438396565,1.1381391762935142],[101.05235403806006,1.1381390475836768],[101.05235391019087,1.1379582188813013],[101.05253356425378,1.1379580901806723],[101.05253343639374,1.137777261498511],[101.05217412826994,1.137777518847612],[101.05217400045258,1.1375966901242984],[101.05163503814794,1.1375970760022631],[101.05163516593178,1.1377779047869305],[101.05145551177841,1.1377780334108811],[101.05145563957142,1.1379588622157544],[101.05127598538655,1.1379589908489065],[101.05127611318869,1.1381398196739836],[101.05109645897234,1.1381399483163332],[101.05109671461526,1.138501606006649],[101.05091706035621,1.1385017346786355],[101.05091744393941,1.1390442212736205],[101.05073778962652,1.139044349995677],[101.05073791751705,1.1392251788806278],[101.05055826317266,1.1392253076118655],[101.05055813529333,1.1390444787064757],[101.05037848093981,1.1390446074060185],[101.05037809745724,1.1385021206270853],[101.05019844311695,1.1385022492540657],[101.05019857091298,1.1386830782010537],[101.05001891654122,1.138683206837216],[101.05001878875636,1.138502377869794],[101.04983913437546,1.1385025064742713],[101.0498390066221,1.1383216774861766],[101.04947969782172,1.1383219346205187],[101.049479570111,1.1381411055913242],[101.04929991569153,1.138141234121194],[101.0492997880123,1.1379604050713317],[101.04912013358373,1.1379605335695293],[101.0491198783085,1.13759887542823],[101.04858091496797,1.1375992607328214],[101.04858078739431,1.1374184316005467],[101.04804182390467,1.1374188167427077],[101.0480419514448,1.1375996459362288],[101.04750298773905,1.1376000310384515],[101.04750311526597,1.1377808602929604],[101.04732346064564,1.1377809886582892],[101.0473235881817,1.137961817932963],[101.04714393352991,1.1379619463074517],[101.04714406107506,1.138142775602288],[101.04696440639184,1.1381429039859334],[101.04696453394608,1.138323733300931],[101.04678487923138,1.1383238616937292],[101.04678475168832,1.1381430323583304],[101.04660509696454,1.1381431607194799],[101.0466049694529,1.1379623313634402],[101.04678462416551,1.1379622030226904],[101.046784496663,1.1377813736868079],[101.04696415134416,1.1377812453552127],[101.04696402385075,1.13760041603949],[101.04714367850046,1.137600287717053],[101.04714355101615,1.137419458421491],[101.04732320563443,1.1374193301082165],[101.04732307815922,1.1372385008328172],[101.04750273274604,1.1372383725287079],[101.04750260527997,1.1370575432734737],[101.04696364149216,1.1370579280908706],[101.04696376892474,1.1372387574073188],[101.04678411427709,1.1372388856777103],[101.04678424171878,1.137419715014318],[101.04660458703968,1.1374198432938698],[101.04660471449048,1.1376006726506351],[101.04642505977993,1.1376008009393437],[101.04642518723985,1.1377816303162642],[101.0460658777356,1.137781886900743],[101.04606600519344,1.1379627163182118],[101.04588635039974,1.137962844613976],[101.04588647786666,1.138143674051595],[101.04570682304153,1.1381438023565036],[101.04570695051756,1.1383246318142712],[101.04534764078413,1.1383248884311195],[101.04534776825805,1.13850571792942],[101.04480880347242,1.1385061028314671],[101.04480867603205,1.1383252732720162],[101.04462902107416,1.1383254015298157],[101.04462889366519,1.1381445719497434],[101.04444923869825,1.1381447001759148],[101.0444491113207,1.137963870575223],[101.04426945634468,1.1379639987697703],[101.0442692016727,1.137602339526909],[101.04355058165545,1.1376028520296604],[101.04355070893662,1.1377836817326983],[101.04337105387053,1.1377838098506459],[101.04337118116078,1.1379646395738092],[101.04247290547082,1.137965280096688],[101.04247303272544,1.1381461099214176],[101.04229337751556,1.1381462380126108],[101.04229325027212,1.137965408167524],[101.0421135950532,1.1379655362271137],[101.04211334064935,1.1376038764955059],[101.04193368543254,1.1376040045031435],[101.04193355827212,1.1374231746166241],[101.04175390304626,1.1374233025926679],[101.04175364880845,1.1370616427782019],[101.04157399358468,1.1370617707023059],[101.0415737394501,1.1367001108461756],[101.04139408422844,1.136700238718347],[101.04139370321175,1.136157748871297],[101.04121404800333,1.136157876671198],[101.04121366720209,1.1356153867609389],[101.04103401200692,1.1356155144885793],[101.04103388512476,1.1354346844976666],[101.04085422992051,1.1354348121937414],[101.04085410306972,1.1352539821822452],[101.0406744478564,1.1352541098467586],[101.04067432103697,1.135073279814681],[101.0404946658146,1.135073407447636],[101.04049441225868,1.1347117473420796],[101.04031475703837,1.134711874923144],[101.04031463030186,1.1345310448496673],[101.04013497507249,1.1345311723991824],[101.04013484836733,1.13435034230513],[101.03995519312889,1.1343504698230986],[101.03995493980149,1.133988809593605],[101.03977528456511,1.1339889370597005],[101.03977515794284,1.1338081069242607],[101.0395955026974,1.1338082343588196],[101.03959524953576,1.133446574046559],[101.03941559429235,1.1334467014292564],[101.03941546775299,1.133265871252437],[101.03923581250051,1.1332659986036069],[101.03923568599245,1.1330851684062206],[101.0390560307309,1.1330852957258661],[101.03905590425418,1.1329044655079155],[101.03869659369273,1.1329047200729685],[101.0386967201472,1.1330855503315627],[101.03851706482506,1.1330856776176135],[101.03851693838172,1.1329048473387004],[101.0383372830505,1.1329049745932358],[101.03833652488119,1.1318199927928043],[101.03815686959649,1.131820119914252],[101.03815661705715,1.131458459271554],[101.03797696177449,1.1314585863411888],[101.03797683554622,1.1312777559991658],[101.03743786961043,1.1312781370800467],[101.03743799580538,1.1314589674829991],[101.03725834044198,1.131459094507905],[101.037258466646,1.1316399249309232],[101.0370788112513,1.131640051964951],[101.0370789374644,1.1318208824080338],[101.03671962659224,1.1318211364831408],[101.03671987903451,1.1321827974497916],[101.03654022354593,1.1321829245111643],[101.03654034978622,1.1323637550144283],[101.0367200052859,1.132363627932756],[101.03672013155747,1.1325444584154805],[101.0368997870481,1.1325443313023162],[101.03690029238065,1.133267653149603],[101.03672063684553,1.1332677803439708],[101.03672076321799,1.1334486108254918],[101.03654110765154,1.1334487380289584],[101.03654123403305,1.1336295685305378],[101.0363615784353,1.1336296957430996],[101.03636208411851,1.1343530178281978],[101.03654173976078,1.1343528905344464],[101.03654186624317,1.1345337210348208],[101.0367215218764,1.1345335937095595],[101.03672164839008,1.1347144241893943],[101.0369013040143,1.1347142968326192],[101.0369014305593,1.1348951272919119],[101.03672177492395,1.134895254668988],[101.03672228126116,1.1356185765849511],[101.03654262556105,1.1356187040320076],[101.03654275218464,1.1357995345306946],[101.0363630964532,1.1357996619868254],[101.03636322308581,1.1359804925055685],[101.03582425573701,1.13598087486749],[101.03582438235634,1.1361617054468731],[101.03564472652191,1.136161832898683],[101.03564485315023,1.136342663498115],[101.03528554139858,1.1363429184086238],[101.03528566802476,1.1365237490483895],[101.03348910794544,1.1365250231298607],[101.03348948761008,1.137067515656015],[101.03366914374219,1.1370673882376074],[101.03366927034851,1.1372482190589073],[101.03384892647163,1.1372480916089913],[101.0338490531093,1.1374289224097789],[101.033669396975,1.1374290498799653],[101.03366952362163,1.137609880700782],[101.03295089883837,1.1376103905501778],[101.0329507722364,1.1374295596482968],[101.03277111600143,1.1374296870622762],[101.03277124259219,1.137610517984419],[101.03259158632589,1.1376106454074162],[101.03259145974629,1.1374298144650141],[101.03241180347102,1.1374299418565101],[101.03241142388649,1.1368874489670793],[101.03205211134254,1.1368877035948155],[101.03205223782825,1.1370685345987115],[101.03187258151492,1.1370686619159782],[101.0318732141896,1.1379728170330985],[101.0316935578003,1.1379729444403817],[101.03169381098871,1.1383346065260402],[101.03151415455693,1.1383347339625747],[101.03151428117015,1.1385155650252907],[101.03133462470707,1.1385156924708222],[101.03133475132923,1.1386965235535436],[101.03115509483484,1.1386966510080687],[101.03115534811717,1.139058313213277],[101.0309756915803,1.1390584406970354],[101.03097607162115,1.1396009340637654],[101.03115572819158,1.1396008065192758],[101.03115598167514,1.1399624687220644],[101.0309763250823,1.1399625963070419],[101.03097645184307,1.1401434274283173],[101.03079679521895,1.1401435550222705],[101.03079704877842,1.1405052173045784],[101.03097670542496,1.1405050896701414],[101.03097708594868,1.141047583031061],[101.03079742926855,1.141047710726224],[101.0307976830292,1.1414093730061101],[101.03097733973175,1.1414092452704627],[101.03097810156385,1.1424942319828488],[101.03115775831355,1.1424941041144576],[101.0311585209373,1.1435790906966474],[101.03133817773423,1.1435789626954909],[101.03133881386353,1.144483118072742],[101.03115915701042,1.1444832461751266],[101.03115928428542,1.1446640772700938],[101.03097962740098,1.1446642053814111],[101.03097975468485,1.144845036496379],[101.03080009776903,1.144845164616625],[101.03080035237465,1.1452068268863154],[101.03062069541623,1.1452069550357276],[101.03062082273797,1.1453877861904482],[101.0304411657482,1.1453879143487804],[101.03044167519131,1.1461112390461847],[101.03062133222609,1.1461111108068984],[101.0306214596484,1.1462919419604027],[101.03098077368013,1.1462916854073655],[101.03098090114507,1.1464725165201441],[101.031160558142,1.146472388206388],[101.03116068563833,1.1466532192986787],[101.03098102863014,1.1466533476326786],[101.03098115613533,1.1468341787449703],[101.03080149909574,1.1468343070878797],[101.03080188169824,1.147376800484019],[101.0309815387716,1.147376672080383],[101.03098166635728,1.1475575031917002],[101.03116132342178,1.1475573747564811],[101.031161578676,1.147919036937896],[101.03134123574294,1.1479189084508437],[101.0313414911002,1.1482805705907924],[101.03152114816956,1.1482804420518997],[101.03152140362987,1.1486421041503778],[101.03170106070165,1.148641975559638],[101.03170118847326,1.1488228065882622],[101.03188084553621,1.1488226779659187],[101.03188097333924,1.1490035089740478],[101.03206063039332,1.1490033803200976],[101.03206075822776,1.1491842113077297],[101.03242007229811,1.14918395392525],[101.03242020017525,1.1493647848721271],[101.03277951418762,1.149364527403699],[101.03277964210747,1.1495453583098134],[101.03313895606188,1.149545100755422],[101.03313908402444,1.1497259316207675],[101.03331874098272,1.1497258028062645],[101.03331899699084,1.150087464495691],[101.03367831089214,1.1500872067515242],[101.03367843894901,1.1502680375553347],[101.03439706655499,1.1502675218495089],[101.03439693845294,1.1500866911267913],[101.03457659529276,1.1500865621921919],[101.03457646719959,1.1499057314895085],[101.03475612400796,1.1499056025638221],[101.03475573981548,1.1493631105151456],[101.03493539656982,1.149362981638939],[101.0349352685347,1.14918215097584],[101.03511492525762,1.1491820221085574],[101.03511479723136,1.1490011914654972],[101.03547411059412,1.149000933737431],[101.03547398256546,1.148820103134699],[101.03619260900389,1.1488195876234628],[101.03619248095028,1.1486387571016516],[101.03655179402591,1.148638499318503],[101.03655166596992,1.1484576688370416],[101.0367313224662,1.1484575399487384],[101.03673145053347,1.1486383704099006],[101.03691110702084,1.1486382414899459],[101.03691136323847,1.148999902370936],[101.03673170672853,1.149000031331493],[101.03673209117247,1.1495425227120513],[101.0365524346085,1.1495426517221503],[101.03655269098276,1.1499043126819002],[101.03637303437604,1.1499044417212334],[101.0363732908084,1.1502661027206014],[101.03619363415892,1.1502662317891619],[101.0361940189249,1.150808723347268],[101.03637367560827,1.1508085942178208],[101.03637406058968,1.15135108571284],[101.0361944038724,1.1513512149031753],[101.03619478900146,1.1518937064568806],[101.03601513223008,1.1518938356967188],[101.03601526063547,1.152074666234425],[101.03565594700959,1.1520749247205306],[101.03565607541252,1.152255755298575],[101.035476418558,1.1522558845448374],[101.03547654696979,1.152436715142926],[101.0356562038356,1.152436585876375],[101.03565633227886,1.15261741645393],[101.03547667540172,1.1526175457407697],[101.03547680385384,1.1527983763383682],[101.03529714694521,1.152798505634103],[101.03529753238855,1.1533409974862914],[101.03547718933113,1.1533408681296955],[101.03547770358317,1.154064190514702],[101.03583701749847,1.154063931604998],[101.0358367602868,1.1537022704941433],[101.0356571033619,1.1537023999141172],[101.03565684625356,1.1533407387617014],[101.0358365031558,1.1533406093823082],[101.03583611761057,1.1527981177127185],[101.0360157744587,1.1527979883828037],[101.03601538906102,1.152255496771887]]],[[[101.04606958224183,1.1430259399090017],[101.04588992713458,1.1430260687757474],[101.04588979912045,1.1428452393446726],[101.04535083371078,1.1428456258159656],[101.04535121771298,1.1433881142919577],[101.04517156250223,1.1433882431542874],[101.04517169053226,1.1435690726661847],[101.04499203529001,1.1435692015375978],[101.04499229138838,1.1439308606014282],[101.04517194665308,1.1439307316892482],[101.04517181858255,1.1437499021778377],[101.04553112902869,1.1437496443603337],[101.04553087290347,1.1433879854183275],[101.0457105280737,1.1433878565333973],[101.04571040003026,1.1432070270824182],[101.04606971028745,1.1432067693194408],[101.04606958224183,1.1430259399090017]]],[[[101.04912679923933,1.1473636449027866],[101.04894714420703,1.1473637744517133],[101.04894675819178,1.1468212872160166],[101.04876710317298,1.1468214166923414],[101.04876697455308,1.1466405875928676],[101.04858731952524,1.1466407170374395],[101.0485871909369,1.146459887917303],[101.04822788084284,1.146460146731618],[101.04822800940867,1.1466409758925873],[101.04804835431996,1.146641105303163],[101.04804848289481,1.146821934484303],[101.04786882777456,1.1468220639039586],[101.04786895635844,1.1470028931052663],[101.04768930120663,1.1470030225339987],[101.04768942979955,1.1471838517554724],[101.04750977461617,1.1471839811932776],[101.04750990321811,1.1473648104349157],[101.04768955841273,1.1473646809767026],[101.04768968704622,1.147545510197689],[101.04786934223182,1.147545380707727],[101.04786959958217,1.1479070391081476],[101.04840856508488,1.1479066504477318],[101.04840869382429,1.1480874795863352],[101.04858834896255,1.1480873499897568],[101.04858847773353,1.1482681791076987],[101.04894778797171,1.1482679198396628],[101.04894791678555,1.148448748916521],[101.04912757188546,1.1484486192450576],[101.04912744306037,1.1482677901886225],[101.04948675317677,1.1482675308524979],[101.0494866243494,1.1480867018366694],[101.04966627936587,1.148086572172013],[101.04966589297182,1.1475440851843477],[101.04912692796294,1.147544473960442],[101.04912679923933,1.1473636449027866]]],[[[101.02684993042412,1.1481029487992866],[101.02702958798476,1.1481028205643178],[101.02702971540286,1.1482836521195736],[101.02685005783096,1.1482837803747454],[101.02685018525787,1.1484646119499604],[101.02702984284106,1.148464483674586],[101.02702997029934,1.148645315229354],[101.0272096278737,1.1486451869224241],[101.02720988287305,1.1490068499908201],[101.02756919800667,1.1490065932620739],[101.0275690704744,1.1488257617684121],[101.0273894129289,1.148825890118255],[101.02738864822469,1.1477409010299173],[101.02720899072676,1.1477410292471677],[101.02720886335763,1.1475601977113854],[101.02684954832408,1.1475604540714486],[101.02684993042412,1.1481029487992866]]],[[[101.0473326950793,1.1508006958142698],[101.04751235050858,1.1508005659796703],[101.04751247951617,1.1509813952164245],[101.04769213493647,1.150981265350044],[101.04769226397563,1.1511620945661447],[101.04787191938695,1.1511619646679785],[101.04787166130627,1.1508003062763525],[101.0480513166747,1.1508001764076339],[101.04805105865258,1.1504385180558536],[101.04769174794065,1.1504387777002734],[101.04769187691896,1.150619606917108],[101.04733256610328,1.1506198665568648],[101.0473326950793,1.1508006958142698]]],[[[101.04140431181287,1.151166633834536],[101.04122465567242,1.151166763323134],[101.04122452704011,1.1509859333734564],[101.04104487089074,1.150986062830333],[101.04104474228997,1.150805232860067],[101.04068542995317,1.1508054916990123],[101.04068555853134,1.150986321709961],[101.04050590232131,1.1509864511327121],[101.04050615951573,1.1513481111945538],[101.04032650326288,1.1513482406466033],[101.04032676051551,1.1517099007481404],[101.04050641679098,1.1517097712554167],[101.04050654545892,1.1518906012854815],[101.04068620172548,1.151890471761037],[101.04068633042495,1.1520713017705175],[101.04122529913724,1.1520709130678521],[101.04122517040385,1.1518900831193981],[101.04140482658953,1.1518899535494167],[101.04140456916075,1.1515282936924658],[101.0415842253036,1.1515281641517956],[101.04158409660823,1.151347334243301],[101.0414044404767,1.1513474637636234],[101.04140431181287,1.151166633834536]]],[[[101.03547629016639,1.1520750539465046],[101.03529663330305,1.1520751831610918],[101.03529637660293,1.1517135219231174],[101.03547603344366,1.1517133927491037],[101.03547577680159,1.151351731550725],[101.03565543359954,1.151351602405906],[101.03565530529744,1.1511707718266382],[101.03583496206393,1.1511706426907307],[101.03583457724474,1.150628151012332],[101.03547526375941,1.1506284091510326],[101.0354753919897,1.1508092397513223],[101.03511607840112,1.1508094978851073],[101.03511620662898,1.1509903285257248],[101.03493654979316,1.15099045759584],[101.03493667802988,1.1511712882564962],[101.03457736427512,1.1511715464031618],[101.03457749250938,1.1513523771041347],[101.03421817865141,1.1513526352458454],[101.03421830688322,1.1515334659871275],[101.0340386499127,1.1515335950611887],[101.03403877815335,1.1517144258225007],[101.03367946412924,1.1517146839770236],[101.03367959236742,1.151895514778635],[101.03385924940086,1.1518953856867935],[101.03385937767051,1.152076216467889],[101.03403903469511,1.152076087344391],[101.03403916299622,1.152256918104969],[101.0343984770076,1.152256659783264],[101.0343986053515,1.152437490503047],[101.03457826233827,1.1524373613048349],[101.03457839071362,1.1526181920040948],[101.03475804769157,1.1526180627742129],[101.03475817609839,1.1527988934529483],[101.0349378330675,1.1527987641913933],[101.03493770464935,1.1526179335329396],[101.03511736158697,1.1526178042802742],[101.03511723317766,1.1524369736418587],[101.0352968900838,1.1524368443980872],[101.03529676168334,1.1522560137797118],[101.035476418558,1.1522558845448374],[101.03547629016639,1.1520750539465046]]],[[[101.04697842916002,1.1578532978884897],[101.04679877322789,1.15785342848462],[101.04679864349498,1.1576725991755739],[101.04643933159261,1.1576728602927084],[101.04643920190271,1.1574920309426187],[101.0462595459325,1.1574921614636284],[101.04625967561101,1.1576729908341141],[101.045900363587,1.1576732518826018],[101.04590062295938,1.158034910704409],[101.0464395910332,1.1580345189921506],[101.04643972078391,1.158215348341502],[101.04679903275449,1.158215087101975],[101.04679916254823,1.1583959164102835],[101.04697881851449,1.1583957857529488],[101.04697894833986,1.1585766150406096],[101.04715860429722,1.1585764843514232],[101.04715873415424,1.1587573136184346],[101.0473383901027,1.1587571828973937],[101.04733851999138,1.1589380121437538],[101.04787748774916,1.1589376198506935],[101.04787709804155,1.1583951322945514],[101.04769744217671,1.158395263009127],[101.04769731232612,1.158214433802844],[101.04733800055833,1.1582146951568362],[101.04733787075075,1.1580338659094913],[101.04697855892456,1.158034127176889],[101.04697842916002,1.1578532978884897]]],[[[101.04895568276002,1.1592984930798564],[101.04877602696004,1.1592986239652276],[101.04877628706154,1.1596602821296145],[101.0489559428843,1.1596601512034017],[101.04895620308977,1.1600218093259607],[101.04913585891501,1.1600216783474415],[101.04913598905956,1.1602025073879287],[101.0493156448759,1.1602023763775204],[101.04931551471994,1.1600215473574578],[101.04949517050457,1.1600214163560099],[101.04949491023078,1.1596597583559984],[101.04931525446892,1.1596598893165935],[101.04931486424465,1.159117402253448],[101.04895555272833,1.159117664017714],[101.04895568276002,1.1592984930798564]]],[[[101.04805792365914,1.1600224640465924],[101.04787826771215,1.1600225949563259],[101.04787774765568,1.1592992782202236],[101.04769809173395,1.1592994090368511],[101.04769835169884,1.1596610674462158],[101.04751869573403,1.159661198292203],[101.04751908579934,1.1602036859656273],[101.0476987417983,1.1602035550584142],[101.04769900196605,1.1605652134653133],[101.04787865796752,1.1605650825058138],[101.04787878809321,1.1607459116884828],[101.04805844408578,1.1607457806971009],[101.04805857424316,1.1609266098591116],[101.04841788619024,1.160926347801104],[101.0484180163907,1.1611071769220382],[101.0485976723452,1.1611070458554071],[101.04859741194176,1.1607453876541272],[101.04841775601007,1.1607455186799231],[101.04841749571058,1.1603838604368215],[101.04823783978138,1.1603839914103147],[101.04823770967347,1.160203162267978],[101.04805805373537,1.1602032932095898],[101.04805792365914,1.1600224640465924]]],[[[101.02722053618767,1.1640158664650757],[101.02686121908862,1.1640161265022295],[101.02686134826241,1.1641969580560885],[101.02704100683341,1.1641968280230608],[101.02704126526413,1.1645584910896303],[101.02722092383792,1.1645583610046868],[101.02722105309483,1.164739192517396],[101.02740071165998,1.1647390624007359],[101.02740084094842,1.1649198938929917],[101.02776015804132,1.164919633584719],[101.02775989943878,1.1645579706807978],[101.02758024092525,1.1645581008002708],[101.02758011166554,1.1643772693277294],[101.02740045314336,1.164377399415484],[101.02740032391517,1.1641965679224868],[101.02722066538435,1.1641966979785268],[101.02722053618767,1.1640158664650757]]],[[[101.04429310163303,1.1710558153587267],[101.04447275868353,1.1710556834353194],[101.04447249657653,1.170694024322994],[101.04429283954902,1.1706941562056483],[101.0442927085374,1.170513326628736],[101.04411305150113,1.1705134584794459],[101.04411292052124,1.1703326288819103],[101.0435739493254,1.1703330243035164],[101.04357408027082,1.1705138539621651],[101.04339442315354,1.1705139857666018],[101.04339455410769,1.1706948154453705],[101.04303523978946,1.1706950790602686],[101.04303537074087,1.1708759087795177],[101.0428557135399,1.170876040589974],[101.04285584450004,1.1710568703293367],[101.04267618726733,1.1710570021485822],[101.04267631823622,1.1712378319080559],[101.04285597548042,1.1712377000684506],[101.04285610648105,1.1714185298073148],[101.04303576371652,1.1714183979357717],[101.04303589474888,1.1715992276540255],[101.04321555197562,1.1715990957505409],[101.04321568303973,1.1717799254481815],[101.043754654633,1.171779529607152],[101.04375452353439,1.1715986999706145],[101.04393418068014,1.171598568020814],[101.04393404959026,1.1714177384043987],[101.04411370670428,1.1714176064633923],[101.04411357562314,1.1712367768671006],[101.0442932327054,1.1712366449348925],[101.04429310163303,1.1710558153587267]]],[[[101.02596810631084,1.1712500423945047],[101.02614776542941,1.1712499116314379],[101.02614789536038,1.1714307432561744],[101.02632755447038,1.1714306124613356],[101.02632768443294,1.1716114440656276],[101.0266870026157,1.1716111824008186],[101.02668674266467,1.1712495192727803],[101.02650708360632,1.1712496500705758],[101.02650682375858,1.1708879869011433],[101.02614750562766,1.1708882483812182],[101.0261476355185,1.1710690800064527],[101.02596797641142,1.1710692107493255],[101.02596810631084,1.1712500423945047]]],[[[101.0268678325542,1.1732385354330892],[101.02668817338932,1.173238666464675],[101.02668804322305,1.1730578349030198],[101.0265083840496,1.1730579659028104],[101.02650825391494,1.1728771343207067],[101.02614893553087,1.172877396245113],[101.026149325926,1.1734198911118574],[101.0270476219084,1.1734192359109088],[101.027047491699,1.1732384043899076],[101.02722715082372,1.1732382733351305],[101.02722728104465,1.1734191048359266],[101.02758659925686,1.1734188426511707],[101.02758633878905,1.1730571797301597],[101.0268677023764,1.1730577038916354],[101.0268678325542,1.1732385354330892]]],[[[101.0290245232843,1.1743219499377577],[101.02848554624514,1.174322343779148],[101.02848580710949,1.1746840064945314],[101.02866546616572,1.1746838751852358],[101.02866572713354,1.1750455378591829],[101.02902504523183,1.1750452751248748],[101.0290249147148,1.1748644438284697],[101.02938423270962,1.1748641810881586],[101.02938410218961,1.174683349831955],[101.02920444321379,1.17468348118769],[101.02920431272543,1.174502649911011],[101.02902465374105,1.1745027812349116],[101.0290245232843,1.1743219499377577]]],[[[101.05431113541309,1.1108325282488247],[101.05413148320956,1.1108326539907853],[101.05413173308733,1.1111943110577402],[101.05449103751768,1.1111940594809413],[101.0544909125468,1.1110132309885314],[101.05467056472055,1.1110131052041374],[101.05467043975912,1.1108322767319696],[101.05449078759628,1.110832402495886],[101.05449066266611,1.110651574003004],[101.05431101049383,1.1106516997354672],[101.05431113541309,1.1108325282488247]]],[[[101.05646771099634,1.1119159880892384],[101.05628805897165,1.1119161140859068],[101.05628818415346,1.1120969423722777],[101.05700679217368,1.1120964382376808],[101.05700654174309,1.1117347818286873],[101.05682688979043,1.1117349078378203],[101.05682701498462,1.1119157360629364],[101.05664736300068,1.1119158620815817],[101.0566472378174,1.1117350338359666],[101.05646758582398,1.1117351598231264],[101.05646771099634,1.1119159880892384]]],[[[101.05754599855251,1.1124577163063554],[101.05772565046735,1.1124575901712432],[101.05772577579765,1.1126384182928906],[101.05790542770302,1.112638292126275],[101.05790517704094,1.1122766359237628],[101.05808482890407,1.112276509787174],[101.0580845783017,1.1119148536247392],[101.05736597081423,1.111915357941069],[101.05736622132925,1.1122770142675753],[101.05754587325353,1.1122768881639626],[101.05754599855251,1.1124577163063554]]],[[[101.05197727913763,1.1131849361484722],[101.05179762652777,1.1131850620135795],[101.05179812685425,1.1139083771982443],[101.0521574321411,1.1139081252934149],[101.05215718189348,1.1135464677833622],[101.05197752928208,1.1135465937003761],[101.0519774041997,1.1133657649245423],[101.05215705680016,1.1133656390279814],[101.05215680667449,1.113003981516509],[101.0519771540959,1.113004107372165],[101.05197727913763,1.1131849361484722]]],[[[101.0534151252355,1.1140880718911998],[101.0537744301782,1.1140878197472843],[101.053774054481,1.1135453340350228],[101.05359440205262,1.1135454600510795],[101.05359427687183,1.1133646314593837],[101.05323497197594,1.1133648834175514],[101.0532353475137,1.113907369314725],[101.05341500000462,1.1139072432797477],[101.0534151252355,1.1140880718911998]]],[[[101.05754750373028,1.114627653996596],[101.05700854746995,1.1146280330741285],[101.05700879855257,1.1149896894755449],[101.05736810279029,1.1149894366861908],[101.05736822838406,1.1151702648455364],[101.0575478804833,1.1151701384138248],[101.05754750373028,1.114627653996596]]],[[[101.05179975516118,1.116259151522223],[101.05215906073269,1.1162588990856488],[101.05215893533445,1.1160780703338227],[101.05233858807874,1.1160779441194424],[101.05233833732133,1.115716286655988],[101.05251799002339,1.1157161604714905],[101.05251786466421,1.115535331759863],[101.05269751733498,1.1155352055847971],[101.0526973919852,1.1153543768933911],[101.05287704462468,1.1153542507277605],[101.05287679396422,1.1149925933851563],[101.05233783605046,1.114992971726232],[101.05233771078356,1.1148121429932005],[101.05215805811592,1.1148122690643998],[101.0521579328803,1.1146314403106765],[101.05197828020327,1.1146315663504058],[101.05197790465121,1.1140890800264571],[101.0517982519867,1.1140892059938186],[101.05179837713945,1.1142700347891559],[101.05161872444366,1.1142701607659558],[101.05161884960579,1.1144509895815058],[101.05143919687875,1.1144511155677408],[101.05143932205026,1.1146319444035007],[101.05125966929195,1.1146320703991681],[101.05125979447284,1.1148128992551365],[101.05090048887337,1.1148131512543094],[101.0509006140527,1.1149939801509265],[101.05072096121154,1.114994106154427],[101.05072108640022,1.115174935071247],[101.05018212772201,1.1151753130769435],[101.05018200256616,1.114994484098814],[101.05000234964376,1.1149946100582377],[101.05000222451918,1.114813781059438],[101.04982257158741,1.114813906987412],[101.04982244649408,1.1146330779679445],[101.04928348760978,1.114633455624478],[101.0492836126703,1.1148142847052285],[101.04910395965732,1.1148144105891322],[101.04910383460775,1.1146335814879578],[101.04838522239666,1.1146340848317209],[101.04838534740244,1.114814914014573],[101.04820569428799,1.11481503984339],[101.04820594433853,1.1151766982492144],[101.0480262911819,1.1151768241078401],[101.04802641622663,1.1153576533308107],[101.04784676303878,1.115357779198827],[101.04784688809285,1.1155386084419714],[101.04802654129169,1.1155384825535433],[101.04802666637701,1.1157193117760396],[101.04784701316723,1.1157194376848785],[101.04784713826189,1.1159002669275488],[101.04802679148261,1.1159001409982978],[101.0480269166085,1.1160809702203196],[101.04820656981992,1.116080844259627],[101.04820669497707,1.1162616734609985],[101.04856600136092,1.1162614214656918],[101.04856612656027,1.1164422506259932],[101.04874577973273,1.1164421245913734],[101.04874590496334,1.1166229537310197],[101.04928486439181,1.1166225754996928],[101.0492849896756,1.1168034045778341],[101.04964429588168,1.1168031523275863],[101.0496439200254,1.1162606652150102],[101.04982357306508,1.1162605391346188],[101.04982319735868,1.115718052081195],[101.05000285034518,1.1157179260510655],[101.05000272513938,1.1155370970532144],[101.05018237809463,1.1155369710324912],[101.05018225289817,1.1153561420548364],[101.05036190582217,1.1153560160435236],[101.05036203102958,1.1155368450007441],[101.05054168394422,1.1155367189579724],[101.05054180918289,1.1157175478945192],[101.0503621562573,1.1157176739577273],[101.05036253206232,1.1162601608272547],[101.05072183795895,1.116259908567187],[101.05072171264838,1.11607907965179],[101.05090136555525,1.1160789535256486],[101.05090124025403,1.1158981246304545],[101.05108089312964,1.1158979985137254],[101.0510810184418,1.1160788273884776],[101.05126067130806,1.1160787012402762],[101.0512607966515,1.1162595300943474],[101.0510811437743,1.1162596562629923],[101.05108177074152,1.1171638006320064],[101.05126142367355,1.1171636743611426],[101.0512612982285,1.1169828455082584],[101.05144095112924,1.1169827192468005],[101.05144082569355,1.1168018904141241],[101.051620478563,1.116801764162074],[101.05162022773065,1.116440106536904],[101.05179988055784,1.1164399803147147],[101.05179975516118,1.116259151522223]]],[[[101.05575299186529,1.1175221706830905],[101.05557333941984,1.1175222972709435],[101.05557321367084,1.1173414689097199],[101.05575286610531,1.117341342342355],[101.0557527403657,1.1171605140013818],[101.05611204515162,1.1171602608745075],[101.05611179368964,1.1167986042738136],[101.0559321413288,1.1167987308017868],[101.05593201563931,1.1166179024805916],[101.05575236326906,1.116618028977038],[101.05575223761092,1.1164372006351146],[101.05539293283127,1.116437453553927],[101.0553928072154,1.116256625170792],[101.05503350237623,1.116256878004503],[101.05503337680264,1.1160760495801623],[101.0541351144033,1.1160766813690004],[101.05413523992209,1.116257509895729],[101.05431489245363,1.116257383539547],[101.05431501800372,1.1164382120455645],[101.05413536546124,1.1164383384222207],[101.05413549102073,1.1166191669484755],[101.05395583844692,1.1166192933345702],[101.0539559640158,1.116800121881059],[101.05413561660056,1.1167999954744918],[101.05413574220074,1.116980824000271],[101.05431539477614,1.1169806975621925],[101.05431589742425,1.117704011581038],[101.05467520260171,1.1177037585079501],[101.05467532833657,1.1178845869711138],[101.05503463345458,1.117884333812882],[101.05503475923175,1.1180651622348474],[101.05521441177119,1.1180650356186774],[101.05521428598306,1.1178842072171953],[101.05539393849116,1.1178840806104604],[101.05539406429028,1.118064908991458],[101.05557371678901,1.1180647823531886],[101.05557384261947,1.118245610713462],[101.0559331475778,1.118245357362797],[101.0559330217254,1.1180645290435025],[101.05611267416303,1.1180644023720856],[101.05611254832002,1.117883574073045],[101.05593289589336,1.1178837007239704],[101.05593277008168,1.1177028724042004],[101.05575311764562,1.1177029990235876],[101.05575299186529,1.1175221706830905]]],[[[101.05916663645563,1.1178814193170425],[101.05898698437545,1.1178815461557756],[101.05898673239935,1.1175198902132122],[101.05880708032073,1.1175200169998567],[101.05880695437425,1.1173391890076976],[101.0586273022862,1.1173393157627791],[101.05862717637109,1.1171584877498637],[101.05880682844816,1.1171583610153006],[101.05880670254247,1.1169775330226666],[101.05898635458819,1.1169774062975837],[101.05898610281605,1.1166157503526433],[101.05916575481943,1.116615623657567],[101.05916525147607,1.1158923118469262],[101.05880594753657,1.1158925650618727],[101.05880582177363,1.1157117370675764],[101.05844651777448,1.115711990197376],[101.0584466435155,1.1158928182327084],[101.05826699147437,1.1158929448015844],[101.05826711722483,1.1160737728571946],[101.05808746515237,1.116073899435556],[101.05808759091225,1.1162547275114423],[101.05790793880844,1.116254854099286],[101.05790806457776,1.116435682195446],[101.05754876028705,1.1164359353790565],[101.057549011843,1.1167975916527006],[101.05736935964512,1.116797718268969],[101.0573694854427,1.1169785464259407],[101.05718983321351,1.1169786730516764],[101.05718995902049,1.1171595012289155],[101.05701030675995,1.1171596278641152],[101.05701043257635,1.1173404560616194],[101.05683078028446,1.1173405827062797],[101.05683090611025,1.117521410924047],[101.05665125378702,1.1175215375781642],[101.05665137962221,1.1177023658161933],[101.05647172726765,1.1177024924797638],[101.05647185311224,1.1178833207380523],[101.0566515054778,1.1178831940539844],[101.05665163135374,1.118064022291538],[101.05701093604569,1.1180637688492592],[101.05701106196396,1.1182445970455748],[101.05719071429036,1.1182444702873588],[101.05719084023998,1.118425298462934],[101.05755014485358,1.1184250448723376],[101.05755027084555,1.1186058730066644],[101.05790957539959,1.118605619330839],[101.0579097014339,1.1187864474239093],[101.05808935369133,1.1187863205489026],[101.05808947975703,1.1189671486212236],[101.05862843643993,1.11896676786832],[101.05862818426303,1.1186051118465314],[101.0588078364279,1.118604984947818],[101.0588075843106,1.1182433289661158],[101.05898723643313,1.1182432020973887],[101.05898711039409,1.118062374126701],[101.05916676248525,1.1180622472674457],[101.05916663645563,1.1178814193170425]]],[[[101.05251899362867,1.117162790155963],[101.05233934083893,1.1171629165041106],[101.05233971749347,1.1177054026932385],[101.05269902311846,1.1177051498631605],[101.05269889752468,1.117524321174603],[101.0528785502957,1.117524194763455],[101.05287867590047,1.1177050234315526],[101.05305832866213,1.117704896988899],[101.05305845429821,1.1178857256362973],[101.05377706518537,1.117885219673359],[101.05377668820648,1.1173427339760433],[101.05323773017037,1.1173431132806164],[101.05323760458434,1.1171622846529683],[101.05269864639808,1.117162663796775],[101.0526985208653,1.1169818351075051],[101.05251886810684,1.116981961446235],[101.05251899362867,1.117162790155963]]],[[[101.05054343913412,1.118068324048031],[101.05072309218195,1.1180681977080977],[101.05072284117483,1.117706539881816],[101.05090249418042,1.1177064135717132],[101.05090236869636,1.1175255846786565],[101.05054306268684,1.1175258372469363],[101.05054293724504,1.1173450083127636],[101.0503632842208,1.1173451345599006],[101.05036303342006,1.1169834766499689],[101.04982407429127,1.1169838552025286],[101.04982419964855,1.117164684218912],[101.04964454655403,1.1171648104014507],[101.04964467192067,1.1173456394380263],[101.0494650187949,1.1173457656299512],[101.04946539498371,1.1178882527995362],[101.04964504814242,1.1178881265463283],[101.04964567558473,1.1187922717220782],[101.05000498195105,1.1187920189782155],[101.0500048564,1.1186111899844013],[101.05018450954172,1.118611063616318],[101.050184384,1.118430234642699],[101.05036403711043,1.1184301082839954],[101.05036391157803,1.1182492793305743],[101.05054356465718,1.118249152981254],[101.05054343913412,1.118068324048031]]],[[[101.0571922270309,1.1204144083785526],[101.05737187946879,1.1204142813632316],[101.05737175328399,1.1202334532107796],[101.0575514056905,1.120233326204892],[101.0575512795151,1.1200524980727082],[101.05773093189022,1.120052371076258],[101.0577305534533,1.1195098867398015],[101.05755090111114,1.1195100136747274],[101.05755064894377,1.1191483574082162],[101.05737099660321,1.1191484842910655],[101.05737087056109,1.1189676561369466],[101.05701156584082,1.1189679098284584],[101.05701169186098,1.1191487380235847],[101.0568320394593,1.1191488648732542],[101.05683216548884,1.1193296930886432],[101.0566525130558,1.1193298199477517],[101.05665263909474,1.1195106481834025],[101.0561136816404,1.1195110287558439],[101.05611393371342,1.1198726853494032],[101.05629358624054,1.1198725584619988],[101.05629383841702,1.1202342150136182],[101.05647349094579,1.1202340880741555],[101.05647386939629,1.120776572838311],[101.05665352193768,1.1207764458262852],[101.05665364813959,1.1209572740600295],[101.05683330067161,1.1209571470164286],[101.0568331744587,1.1207763188031836],[101.05701282695935,1.1207761917690053],[101.05701295318327,1.1209570199617498],[101.05737225814543,1.1209567658191582],[101.05737213189951,1.1207759376674211],[101.0571924794396,1.1207760647237512],[101.0571922270309,1.1204144083785526]]],[[[101.05162324308417,1.1207799979761945],[101.05180289617495,1.1207798712632273],[101.05180302207972,1.1209607000497734],[101.05162336897793,1.1209608267831899],[101.05162349489203,1.1211416555899472],[101.0514438417589,1.1211417823327328],[101.0514439676823,1.1213226111596986],[101.05162362082643,1.121322484396466],[101.05162374678117,1.1215033132027465],[101.05216270612466,1.1215029327852055],[101.0521620763891,1.1205987890581828],[101.05234172940791,1.1205986623324415],[101.05234160351078,1.1204178336067767],[101.05180264442639,1.1204182136894194],[101.0518027702905,1.1205990424764423],[101.05162311721071,1.12059916916896],[101.05162324308417,1.1207799979761945]]],[[[101.05647639708495,1.124393137877811],[101.05665604984677,1.1243930104558375],[101.05665541710552,1.1234888693074043],[101.05629611167183,1.123489123935275],[101.05629623815727,1.1236699522064328],[101.05575727982088,1.1236703341264427],[101.0557574062936,1.1238511624588368],[101.05557775346304,1.1238512897637858],[101.05557787994508,1.12403211811643],[101.0552185742008,1.1240323727339792],[101.05521844774083,1.1238515443403636],[101.05485914193719,1.123851798872515],[101.05485939483334,1.1242134557414372],[101.05503904776741,1.1242133284399518],[101.05503917425706,1.1243941568535727],[101.05521882718182,1.1243940295204948],[101.05521895370285,1.1245748579133934],[101.05503930076706,1.124574985266955],[101.05503942729743,1.1247558136800977],[101.05521908024426,1.124755686306053],[101.05521920680603,1.1249365146984736],[101.05539885974356,1.1249363872928284],[101.05539898633671,1.1251172156645248],[101.05593794506025,1.1251168333194201],[101.05593781843395,1.1249360050091894],[101.05611747129001,1.1249358775590752],[101.05611734467304,1.124755049269097],[101.05629699749768,1.1247549218283592],[101.05629687089002,1.1245740935586357],[101.05647652368327,1.124573966127278],[101.05647639708495,1.124393137877811]]],[[[101.0589917874222,1.1247530088834363],[101.05881213490328,1.1247531364909058],[101.05881200814102,1.1245723085082842],[101.05845270306406,1.1245725636488413],[101.05845295656479,1.1249342196959176],[101.05827330397364,1.124934347290556],[101.05827343074355,1.1251151753342505],[101.05845308334575,1.1251150477190965],[101.05845321014709,1.125295875742036],[101.05863286273993,1.1252957480952464],[101.05863298957271,1.1254765760974295],[101.05881264215623,1.1254764484189994],[101.05881276902045,1.125657276400425],[101.05935172668175,1.125656893236833],[101.05935147290741,1.125295237396878],[101.05953112539827,1.1252951096944843],[101.0595307448566,1.124752625994335],[101.05935109239887,1.124752753635151],[101.05935121921465,1.124933581555966],[101.0589919142159,1.1249338368452984],[101.0589917874222,1.1247530088834363]]],[[[101.0591729629238,1.1269228165451222],[101.05899331029264,1.1269229444099769],[101.05899356438991,1.1272846003277135],[101.05917321704322,1.1272844724218136],[101.05917308997333,1.127103644483588],[101.05935274259517,1.127103516587072],[101.05935248849441,1.12674186075095],[101.05953214107373,1.1267417328843474],[101.05953201404289,1.1265609049864533],[101.05917270888598,1.1265611606674721],[101.0591729629238,1.1269228165451222]]],[[[101.05971242914819,1.127645744389848],[101.05917347124424,1.127646128297546],[101.05917359837534,1.1278269562350525],[101.05935325104146,1.1278268282564394],[101.05935337820402,1.1280076561731818],[101.05953303086083,1.128007528162897],[101.05953315805488,1.1281883560588728],[101.05971281070235,1.1281882280169124],[101.05971293792788,1.1283690558921213],[101.05953328526932,1.1283691839546093],[101.05953353975944,1.1287308397453617],[101.05971319244016,1.1287307116418177],[101.0597133197269,1.1289115395163056],[101.05989297239827,1.1289114113810776],[101.05989271782305,1.1285497556729207],[101.06007237045186,1.1285496275675986],[101.0600719887088,1.1280071440651571],[101.05989233611322,1.1280072721088845],[101.05989220891742,1.127826444253726],[101.0597125563125,1.1278265722657763],[101.05971242914819,1.127645744389848]]],[[[101.05522225039604,1.1292763960447139],[101.05540190359915,1.1292762681474298],[101.05540164949657,1.1289146114148216],[101.05558130265716,1.1289144835473512],[101.05558104861387,1.1285528268547569],[101.05576070173193,1.1285526990171064],[101.05576032078648,1.1280102140378807],[101.05540101459647,1.1280104695791022],[101.05540114153577,1.128191297946726],[101.05504183524216,1.1281915534843248],[101.05504208913754,1.128553210300789],[101.05486243593805,1.1285533380938273],[101.05486256290517,1.1287341665221808],[101.05468290967426,1.1287342943245453],[101.0546827827182,1.128553465875712],[101.05414382293654,1.1285538491544482],[101.05414369603407,1.128373020643947],[101.0539640427439,1.1283731483607473],[101.05396378902216,1.1280114912980796],[101.0536044824251,1.1280117466163466],[101.0536043556169,1.1278309180437138],[101.05306539560193,1.1278313008761103],[101.05306564917223,1.1281929581439278],[101.05324530255304,1.128192830503348],[101.05324542937976,1.1283736591164337],[101.0534250827513,1.128373531444239],[101.05342520960944,1.1285543600366197],[101.05324555622683,1.1285544877292792],[101.05324580998197,1.1289161449542504],[101.05306615655684,1.1289162726766846],[101.05306628345383,1.129097101309274],[101.05288662999727,1.1290972290410128],[101.05288675690353,1.1292780576938235],[101.05306641037117,1.1292779299416231],[101.05306653730885,1.129458758573732],[101.05324619076724,1.1294586307899075],[101.05324631773634,1.129639459401313],[101.05342597118548,1.129639331585861],[101.05342609818601,1.129820160176561],[101.05378540504546,1.1298199044712296],[101.05378553208853,1.1300007330207533],[101.05414483888877,1.1300004772298162],[101.05414496597437,1.1301813057381562],[101.05450427271543,1.1301810498615992],[101.0545040185202,1.1298193929265796],[101.05468367183802,1.1298192650125025],[101.05468354475984,1.1296384365651098],[101.05504285131221,1.1296381807444211],[101.05504272423221,1.1294573523377494],[101.05522237746676,1.1294572244311423],[101.05522225039604,1.1292763960447139]]],[[[101.0552301672808,1.1404877555476662],[101.05540982117475,1.1404876263803085],[101.05540969285092,1.1403067980290862],[101.05558934671332,1.140306668870944],[101.05558921839864,1.140125840539966],[101.05540956454743,1.1401259696776211],[101.05540943626431,1.1399451413259132],[101.05522978240393,1.1399452704318156],[101.05522965415237,1.1397644420593807],[101.05540930800154,1.1397643129739634],[101.05540917975915,1.1395834846217714],[101.05558883357679,1.1395833555455772],[101.05558870534357,1.1394025272136297],[101.05576835912964,1.139402398146662],[101.0557682309056,1.1392215698349608],[101.05612753839429,1.139221311708227],[101.05612741016826,1.1390404834372665],[101.05630706387088,1.1390403543775058],[101.05630693565399,1.138859526126797],[101.05648658932506,1.1388593970762757],[101.05648646111739,1.1386785688458205],[101.0566661147569,1.1386784398045422],[101.05666598655841,1.138497611594342],[101.05684564016636,1.13849748256231],[101.05684525565962,1.1379549979917563],[101.05666560208519,1.1379551269622903],[101.0566654739682,1.1377742987511221],[101.05648582038457,1.1377744276899127],[101.05648569229912,1.137593599458005],[101.05630603870628,1.1375937283650557],[101.05630591065238,1.1374129001124103],[101.05612625705034,1.1374130289877242],[101.05612612902796,1.1372322007143427],[101.05558716813316,1.1372325872113695],[101.05558729612203,1.1374134155462223],[101.05540764243852,1.1374135443765738],[101.05540777043659,1.1375943727316715],[101.05504846298618,1.1375946303996212],[101.05504859098227,1.137775458795445],[101.05486893721536,1.1377755876330373],[101.05486906522063,1.1379564160491014],[101.05468941142217,1.1379565448959292],[101.05468966747145,1.1383182017682902],[101.0545100136303,1.1383183306448283],[101.05451014167429,1.1384991591011235],[101.05433048780161,1.138499287986888],[101.05433074392828,1.138860944939705],[101.0541510900129,1.1388610738551666],[101.05415121809556,1.1390419023516862],[101.05397156414865,1.1390420312763654],[101.05397169224048,1.1392228597931155],[101.05379203826203,1.139222988727009],[101.05379216636302,1.1394038172639875],[101.05361251235306,1.1394039462070915],[101.05361302491573,1.140127260434459],[101.05397233300488,1.1401270023732313],[101.0539724612188,1.140307830888527],[101.05415211524405,1.1403077018205394],[101.05415224348951,1.1404885303151207],[101.05451155150135,1.1404882721043867],[101.05451142323349,1.140307443650756],[101.05469107719769,1.1403073145489606],[101.054690948939,1.140126486115566],[101.05505025678391,1.1401262279191287],[101.05505038506502,1.1403070563115618],[101.05523003896815,1.1403069271759583],[101.0552301672808,1.1404877555476662]]],[[[101.0579254876778,1.1412091291083888],[101.05774583402425,1.1412092585155813],[101.05774596259558,1.1413900865991216],[101.05756630891042,1.1413902160155445],[101.05756643749093,1.1415710441193498],[101.05738678377419,1.1415711735449996],[101.05738704097392,1.1419328297928955],[101.05774634843186,1.1419325708482846],[101.05774647708472,1.1421133989308536],[101.05792613079431,1.1421132694211107],[101.05792625947878,1.1422940974829259],[101.05828556685924,1.1422938383885526],[101.05828543815235,1.142113010367763],[101.0584650918008,1.1421128808241585],[101.05846470576881,1.1415703968218778],[101.05828505215402,1.1415705263039355],[101.0582846663392,1.1410280422379233],[101.05792535911566,1.1410283010451168],[101.0579254876778,1.1412091291083888]]],[[[101.05577015640463,1.1419339944850206],[101.0554108484985,1.1419342531813543],[101.05541072001178,1.1417534248320735],[101.05523106603938,1.141753554142827],[101.05523093758421,1.141572725772818],[101.05487162960077,1.1415729843195097],[101.05487214345388,1.1422962979619498],[101.05505179750062,1.1422961686123183],[101.05505218313786,1.1428386537801531],[101.05487252905745,1.1428387831912292],[101.05487265763269,1.1430196116005031],[101.0546930035207,1.1430197410207648],[101.05469313210507,1.143200569450275],[101.05505244033112,1.1432003105574944],[101.05505231172431,1.143019482168945],[101.05523196579557,1.1430193527260917],[101.05523183719791,1.1428385243577823],[101.05559114525691,1.1428382654791591],[101.05559101665716,1.1426574371515792],[101.05577067064489,1.1426573077158144],[101.05577015640463,1.1419339944850206]]],[[[101.05307560186709,1.1422975908373707],[101.05289594759654,1.1422977200628235],[101.0528958192261,1.1421168914273985],[101.05235685632601,1.1421172789746477],[101.05235698466282,1.1422981076714478],[101.0519976759387,1.142298366020752],[101.05199793262842,1.1426600234954392],[101.0521775870231,1.1426598942855255],[101.05217771540967,1.1428407230020514],[101.05199806100377,1.1428408522324183],[101.05199831781547,1.1432025097056477],[101.05217797224381,1.1432023804343756],[101.05217822915927,1.1435640378657266],[101.05235788358972,1.1435639085422464],[101.05235749821335,1.1430214224562194],[101.0525371525898,1.1430212931828074],[101.05253702416046,1.1428404645074353],[101.05289633282989,1.1428402059676412],[101.05289620439844,1.1426593773329452],[101.05307585869144,1.1426592480665687],[101.05307560186709,1.1422975908373707]]],[[[101.05433652829889,1.1469982261214156],[101.05415687387853,1.146998355958227],[101.05415674490051,1.1468175274724008],[101.05433639930962,1.1468173976560632],[101.05433627034068,1.1466365691904674],[101.05451592471817,1.1466364393832729],[101.05451605369836,1.1468172678283923],[101.05469570806677,1.146817137989388],[101.05469583707858,1.1469979664137857],[101.0548754914379,1.1469978365429676],[101.05487536241483,1.1468170081390494],[101.05505501674251,1.1468168782773782],[101.05505514577685,1.1469977066608141],[101.05523480009545,1.1469975767673255],[101.05523467104986,1.1468167484043725],[101.05541432533684,1.1468166185200335],[101.05541393828845,1.146274133491168],[101.0555935925213,1.1462740036569565],[101.05559333456836,1.1459123470108015],[101.05577298875833,1.1459122172062393],[101.05577285980115,1.1457313889032845],[101.05595251395951,1.145731259107888],[101.05595238501145,1.1455504308251812],[101.0566710013962,1.145549911612347],[101.05667087242352,1.145369083411376],[101.05649121836915,1.1453692132110684],[101.05649096050738,1.1450075567674005],[101.05667061453929,1.1450074270087036],[101.0566704856277,1.1448265988070023],[101.0570297936079,1.1448263392966624],[101.05702966469424,1.1446455111357179],[101.05720931864253,1.1446453813840802],[101.057209189738,1.1444645532433955],[101.05756849755097,1.1444642937471952],[101.05756836864435,1.1442834656472787],[101.05774802250903,1.1442833359027216],[101.05774763587776,1.1437408516630372],[101.05756798204679,1.1437409813460693],[101.05756811089225,1.1439218094467156],[101.05738845702966,1.1439219391389512],[101.0573885858843,1.1441027672598607],[101.05702927807549,1.144103026651425],[101.05702940692804,1.1442838548130996],[101.05649044502833,1.1442842438771432],[101.05649057386753,1.1444650721000722],[101.05631091984897,1.1444652017859656],[101.05631117756602,1.1448268582720866],[101.05613152350462,1.144826987987658],[101.05613165238246,1.145007816250847],[101.05523338171376,1.145008464761439],[101.0552336394181,1.1453701214919745],[101.05505398520079,1.1453702512011126],[101.05505411407226,1.1455510795864992],[101.05451515126444,1.1455514687074364],[101.05451528012252,1.1457322971540183],[101.05433562580127,1.1457324268588316],[101.05433575466846,1.145913255325646],[101.05397644594245,1.145913514742251],[101.05397657480746,1.146094343249769],[101.05379692040269,1.146094472961555],[101.05379704927682,1.1462753014893006],[101.05343774038371,1.14627556091983],[101.05343786925567,1.146456389488268],[101.05325821476734,1.146456519207006],[101.05325834364838,1.1466373477956657],[101.05307868912845,1.146637477523537],[101.05307856025868,1.1464566489144137],[101.05289890572969,1.1464567786104911],[101.05289877689151,1.1462759499806616],[101.05235981321627,1.1462763389395385],[101.05235994202069,1.1464571676307431],[101.05253959661069,1.146457037968656],[101.0525397254467,1.1466378666391601],[101.05271938002763,1.1466377369452845],[101.05272002456896,1.1475418801918558],[101.05289967918587,1.1475417503843472],[101.05289980816642,1.1477225790124697],[101.05307946277425,1.1477224491731581],[101.05307933378245,1.1475416205654978],[101.05397760646018,1.1475409713011377],[101.05397773550833,1.1477217998064613],[101.0545166989046,1.1477214100503321],[101.05451656982267,1.1475405816064317],[101.05433691538884,1.1475407115160083],[101.05433652829889,1.1469982261214156]]],[[[101.05739013372948,1.1462727046917884],[101.05756978773823,1.146272574732967],[101.0575696586278,1.146091746635486],[101.0577493126049,1.1460916166858441],[101.05774905442266,1.1457299605311686],[101.05721009249767,1.145730350223074],[101.05721022154485,1.145911178362054],[101.05738987555146,1.1459110484555701],[101.05739013372948,1.1462727046917884]]],[[[101.05864848685873,1.147356762583443],[101.05846883290474,1.1473568927333384],[101.05846870361567,1.1471760647398812],[101.05828904965256,1.1471761948579218],[101.05828892039514,1.1469953668437047],[101.0581092664229,1.1469954969298943],[101.05810913719715,1.1468146688949195],[101.05792948321577,1.146814798949262],[101.05792961243027,1.146995627004749],[101.05774995841726,1.1469957570682678],[101.0577502168849,1.14735741321953],[101.05792987092043,1.1473572831149905],[101.0579300001961,1.1475381111697451],[101.05810965422252,1.1475379810333546],[101.05810991285753,1.1478996371011077],[101.05828956688612,1.147899506912349],[101.05828969624547,1.148080334925346],[101.05846935026491,1.148080204704727],[101.0584692208943,1.147899376712246],[101.05864887488208,1.1478992465007984],[101.058649004264,1.1480800744727624],[101.05882865824266,1.1480799442294514],[101.05882827012431,1.1475374603743862],[101.05864861617945,1.147537590556139],[101.05864848685873,1.147356762583443]]],[[[101.05416023444958,1.1516998965040002],[101.05433988916337,1.1516997661348505],[101.05434001870213,1.1518805945936044],[101.05451967340686,1.1518804641925964],[101.05451980297728,1.1520612926306286],[101.05434014826123,1.1520614230521127],[101.05434040744049,1.152423079968395],[101.05416075268147,1.1524232104194425],[101.0541608822903,1.1526040388976913],[101.05469984654029,1.1526036474489514],[101.05469997620342,1.1527844758655252],[101.05487963092402,1.1527843453393505],[101.0548788531826,1.1516993749591105],[101.05469919852987,1.1516995053624055],[101.0546989394682,1.1513378485260737],[101.05451928481773,1.1513379788770304],[101.05451941432709,1.151518807315797],[101.0541601049425,1.1515190680245273],[101.05416023444958,1.1516998965040002]]],[[[101.05074795556804,1.1533298311575975],[101.05110726595161,1.1533295704724844],[101.05110739546969,1.1535103992973013],[101.05128705064233,1.1535102689172032],[101.05128679160387,1.153148611308213],[101.0511071364539,1.1531487416474224],[101.05110687751935,1.1527870839965628],[101.0505679120154,1.1527874748231701],[101.05056804143854,1.1529683037100438],[101.05074769663815,1.152968173425462],[101.05074795556804,1.1533298311575975]]],[[[101.05793414778118,1.1533246087928277],[101.05829345653655,1.1533243471958752],[101.0582935865076,1.15350517520153],[101.05847324086604,1.1535050443654415],[101.05847298092165,1.1531433883949183],[101.05811367222971,1.1531436499736367],[101.05811354231075,1.1529628219469776],[101.05775423355989,1.1529630834390892],[101.05775436345621,1.153143911506771],[101.05793401785316,1.153143780745902],[101.05793414778118,1.1533246087928277]]],[[[101.05200593034003,1.1538714047272327],[101.0516466200917,1.1538716656490298],[101.05164649049902,1.1536908368860412],[101.05146683535568,1.1536909673093867],[101.05146722416073,1.1542334536589591],[101.0520061896317,1.1542330621706713],[101.05200593034003,1.1538714047272327]]],[[[101.0538066424204,1.15965661186351],[101.05344733185187,1.1596568743233515],[101.05344720149493,1.1594760457728093],[101.05326754619155,1.159476176965073],[101.05326741586634,1.1592953483938189],[101.05344707115836,1.1592952172220203],[101.05344694084212,1.1591143886709847],[101.0536265961024,1.1591142575081972],[101.05362672643002,1.159295086038765],[101.05398603691233,1.1592948236378835],[101.05398616728307,1.1594756521272642],[101.05470478804901,1.1594751271061146],[101.05470465763275,1.1592942986986365],[101.05488431276197,1.159294167435182],[101.05488418235468,1.1591133390479365],[101.05506383745217,1.1591132077935071],[101.05506396787084,1.1592940361602706],[101.05560293307528,1.1592936422667957],[101.05560280262246,1.159112813961488],[101.05578245763851,1.159112682661238],[101.0557825881027,1.1592935109460565],[101.05596224310976,1.1592933796138605],[101.05596146056178,1.1582084100241987],[101.05578180562298,1.1582085412334502],[101.05578167528098,1.1580277129471537],[101.0556020203332,1.15802784412447],[101.05560175973301,1.1576661875101601],[101.0554221047876,1.1576663186350578],[101.0554218442916,1.157304661978789],[101.05524218934855,1.157304793051275],[101.05524192895672,1.1569431363530507],[101.05416399900727,1.1569439223020341],[101.05416412912484,1.1571247507741436],[101.05398447405068,1.1571248817460955],[101.05398434394448,1.1569440532535131],[101.05380468886132,1.1569441841935588],[101.05380455878681,1.1567633556802588],[101.05362490369467,1.1567634865884013],[101.05362477365186,1.1565826580543865],[101.05344511855073,1.1565827889306293],[101.05344524858218,1.1567636174851115],[101.05326559344935,1.15676374837039],[101.05326546342927,1.1565829197954423],[101.05308580828745,1.1565830506488246],[101.05308567829906,1.156402222053167],[101.05290602314827,1.1564023528746568],[101.05290589319156,1.1562215242582912],[101.05200761718935,1.1562221780920312],[101.05200748730974,1.156041349373136],[101.05182783205966,1.1560414800851528],[101.05182770221172,1.1558606513455605],[101.05200735745045,1.1558605206539951],[101.05200722761151,1.155679691934608],[101.0516479171364,1.1556799532654145],[101.05164778734049,1.1554991245048807],[101.05146813208378,1.1554992551327044],[101.05146800231952,1.1553184263514775],[101.05128834705386,1.1553185569474353],[101.05128886618745,1.1560418721526535],[101.0514685214985,1.1560417414749111],[101.05146865134405,1.1562225702551554],[101.05128899602165,1.156222700953343],[101.05128912587617,1.1564035297537876],[101.05110947052208,1.156403660460993],[101.05110960038559,1.1565844892816357],[101.05057063416736,1.1565848813960031],[101.05057076401708,1.1567657102777222],[101.05039110855903,1.1567658409800878],[101.05039123841772,1.1569466698819977],[101.05021158292799,1.1569468005933665],[101.05021184268358,1.1573084584373192],[101.05039149819603,1.1573083276850797],[101.05039162811566,1.157489156586252],[101.05057128361916,1.1574890258021373],[101.05057141357047,1.1576698546826267],[101.0503917580556,1.1576699854871777],[101.0503920179964,1.1580316432882916],[101.05057167353402,1.158031512442866],[101.05057180354626,1.1582123413226164],[101.05075145907493,1.1582122104453074],[101.05075158911886,1.1583930393043724],[101.05129055561707,1.1583926465424401],[101.05129068571546,1.158573475339932],[101.05147034118559,1.1585733443759454],[101.05147021107584,1.1583925155988999],[101.0516498665143,1.1583923846439115],[101.05164999663542,1.1585732134005093],[101.05182965206491,1.158573082413623],[101.05182978221772,1.1587539111495249],[101.05218909303849,1.1587536491004975],[101.0521892232344,1.1589344777952484],[101.05290784467745,1.1589339534779435],[101.05290797493922,1.159114782090617],[101.05308763026052,1.1591146509621948],[101.05308776055399,1.15929547955416],[101.0529081052213,1.1592956107030443],[101.0529084961896,1.1598380965388468],[101.05308815155645,1.1598379653285755],[101.05308828193127,1.1600187939195548],[101.05326793728918,1.1600186626773576],[101.05326806769574,1.1601994912476261],[101.05344772304467,1.160199359973499],[101.05344785348298,1.1603801885230551],[101.05362750882297,1.1603800572169942],[101.05362790029409,1.160922542802779],[101.05380755564792,1.1609224114238426],[101.0538074251258,1.160741582915964],[101.05416673574966,1.1607413201646166],[101.05416621377351,1.1600180062944097],[101.05398655851734,1.160018137593928],[101.05398642808557,1.1598373091052867],[101.05380677282042,1.159837440372869],[101.0538066424204,1.15965661186351]]],[[[101.05363392577907,1.1692406548393315],[101.05381358165913,1.1692405225188036],[101.05381345020109,1.16905969402232],[101.05399310604932,1.1690595617107076],[101.05399297460016,1.1688787332344457],[101.05417263041657,1.1688786009317536],[101.05417249897627,1.1686977724757166],[101.05435215476086,1.1686976401819473],[101.05435202332946,1.1685168117461369],[101.05417236755635,1.1685169440194314],[101.05417223615676,1.168336115562897],[101.05399258037477,1.1683362478041701],[101.053992449007,1.1681554193269148],[101.05363313740493,1.168155683733882],[101.05363326874976,1.1683365122520784],[101.05345361290674,1.1683366444587124],[101.05345374426044,1.1685174729971277],[101.05327408838559,1.1685176052126816],[101.05327421974816,1.168698433771314],[101.05309456384151,1.1686985659957834],[101.05309508944929,1.1694218803096854],[101.05291543347637,1.1694220126044546],[101.05291556491768,1.1696028412027708],[101.05273590891296,1.1696029735064428],[101.05273604036311,1.169783802124971],[101.05291569637933,1.1697836698008386],[101.05291582786131,1.169964498398657],[101.05309548386867,1.1699643660425014],[101.05309535237521,1.169783537465145],[101.05327500835074,1.1697834051178908],[101.05327487686613,1.1696025765607496],[101.05345453280984,1.1696024442224007],[101.05345440133408,1.1694216156854769],[101.05363405724596,1.1694214833560368],[101.05363392577907,1.1692406548393315]]],[[[101.05471489122704,1.1733989137386713],[101.05435557912102,1.1733991794256904],[101.05435544716046,1.1732183509963534],[101.05417579108845,1.1732184838019932],[101.05417565915977,1.173037655351932],[101.05381634697774,1.1730379208874835],[101.05381621509244,1.1728570923962285],[101.0536365589824,1.172857225126145],[101.0536366908562,1.1730380536378702],[101.0532773785521,1.1730383191038645],[101.05327751042319,1.1732191476562739],[101.0530978542291,1.1732192803923458],[101.05309811800926,1.1735809375373438],[101.05345743042317,1.1735806719717448],[101.05345756236682,1.1737615005029394],[101.05363721855478,1.1737613676822747],[101.05363735053028,1.173942196192752],[101.05381700670944,1.173942063340018],[101.05381713871682,1.1741228918297761],[101.05399679488714,1.174122758944969],[101.0539969269264,1.1743035874140062],[101.05453589534987,1.1743031886285384],[101.05453576327605,1.1741223602209259],[101.05471541936497,1.1741222272897045],[101.05471528729996,1.1739413989023209],[101.054894943357,1.1739412659799755],[101.05489481130081,1.1737604376128228],[101.05471515525528,1.1737605705146872],[101.05471489122704,1.1733989137386713]]],[[[101.06401710859868,1.1176971630994612],[101.06383745708084,1.1176972902159032],[101.0638375833754,1.117878117632335],[101.0643765379005,1.1178777361881551],[101.06437666424844,1.118058563542632],[101.06455631572688,1.1180584363519008],[101.06455656850606,1.1184200910189883],[101.06509552288456,1.1184197092570247],[101.06509514364767,1.1178772274412525],[101.06491549224157,1.117877354644549],[101.0649151132217,1.1173348727648926],[101.06473546182805,1.1173349998954027],[101.06473558813657,1.117515827209439],[101.06401698231359,1.1175163357033626],[101.06401710859868,1.1176971630994612]]],[[[101.06545533172473,1.1191427636134776],[101.06527568028267,1.1191428909829633],[101.0652755537571,1.1189620637328122],[101.06473659934112,1.1189624457131664],[101.06473672583371,1.1191432730250614],[101.06455707430982,1.1191434003503078],[101.06455694782821,1.118962573017835],[101.06437729629484,1.1189627003114457],[101.06437742276547,1.1191435276644945],[101.06419777120068,1.1191436549676212],[101.06419802418131,1.1195053097141532],[101.06437767576809,1.1195051823698776],[101.06437780230006,1.1196860097222117],[101.06455745387738,1.119685882346297],[101.0645575804408,1.1198667096778174],[101.06473723200865,1.1198665822702594],[101.06473735860352,1.1200474095809636],[101.06509666169987,1.1200471546914865],[101.06509678833719,1.1202279819607912],[101.06563574286128,1.1202275994818054],[101.06563536291173,1.1196851178584408],[101.06581501434586,1.11968499040507],[101.06581488772594,1.1195041632173943],[101.06563523630281,1.1195042906501762],[101.06563510971435,1.119323463441673],[101.06545545828175,1.1193235908428052],[101.06545533172473,1.1191427636134776]]],[[[101.07030832664825,1.1225750272003334],[101.07012867555012,1.1225751552604617],[101.07012842114698,1.1222135018818273],[101.06994877005039,1.122213629889599],[101.0699486428906,1.122032803179292],[101.06976899178453,1.1220329311553445],[101.06976911893331,1.1222137578862814],[101.06958946779572,1.1222138858718733],[101.06958959495398,1.1223947126231988],[101.06923029259526,1.1223949686023633],[101.06923067412691,1.1229374489786583],[101.06976962773346,1.1229370648076393],[101.06976950050266,1.122756238077658],[101.06994915165282,1.122756110019087],[101.06994927889464,1.1229369367284385],[101.07048823225512,1.1229365524242536],[101.07048810498023,1.1227557257768015],[101.0703084538916,1.1227558538686586],[101.07030832664825,1.1225750272003334]]],[[[101.06024796024948,1.1227630093043002],[101.06006830799474,1.1227631367637128],[101.06006856128612,1.1231247924461332],[101.06024821356291,1.1231246649456548],[101.06024834025023,1.1233054927659734],[101.06042799251765,1.1233053652338603],[101.0604281192364,1.1234861930334055],[101.06024846695796,1.123486320586053],[101.06024872043464,1.1238479762254958],[101.06078767727496,1.1238475934110232],[101.06078780407701,1.1240284211687759],[101.06114710855724,1.1240281658625126],[101.06114660138321,1.1233048549943982],[101.06078729699126,1.1233051101363316],[101.06078717027084,1.1231242823776226],[101.06060751805528,1.1231244099113995],[101.06060739136632,1.1229435821319136],[101.060248086896,1.1229438371250973],[101.06024796024948,1.1227630093043002]]],[[[101.06779422669506,1.124023434682152],[101.0672552722138,1.1240238188578802],[101.06725514501447,1.1238429918407056],[101.0670754934908,1.1238431198564625],[101.06707523917567,1.1234814657801901],[101.06689558765358,1.123481593743639],[101.06689571478988,1.123662420802496],[101.06671606323629,1.1236625487754413],[101.06671631754824,1.1240242029336363],[101.06653666595211,1.1240243309366724],[101.06653692032388,1.124385985135106],[101.0663572686852,1.1243861131682256],[101.06635752311678,1.1247477674068935],[101.06653717477754,1.1247476393325824],[101.06653730203507,1.1249284664309618],[101.06671695368641,1.1249283383249387],[101.06671682641783,1.1247475112471559],[101.06725578121585,1.1247471269241867],[101.06725565393462,1.124566299907969],[101.06761495700884,1.1245660436782918],[101.06761482972601,1.124385216703046],[101.06779448122136,1.1243850885921451],[101.06779422669506,1.124023434682152]]],[[[101.06474116596014,1.1254722287911003],[101.06492081784924,1.125472100734507],[101.06492069062973,1.1252912734515483],[101.06474103875169,1.1252914014875623],[101.06474065724905,1.1247489195755114],[101.06492030909396,1.1247487916012364],[101.06492018195628,1.124567964317321],[101.0650998337697,1.1245678363525127],[101.06509970664142,1.1243870090889387],[101.06545901018481,1.12438675316715],[101.06545888305493,1.1242059259445054],[101.0652792313045,1.1242060538903704],[101.0652791042061,1.1240252266469013],[101.06509945244625,1.124025354561073],[101.06509957953361,1.1242061818251259],[101.06474027593048,1.1242064376613066],[101.06474014886518,1.1240256103560933],[101.06456049704397,1.1240257382369412],[101.06456024299683,1.1236640835846419],[101.06438059117723,1.1236642114132294],[101.06438084520231,1.124025866106681],[101.0642011933402,1.1240259939653128],[101.06420170159159,1.124749303431644],[101.06402204966486,1.1247494313614574],[101.06402217676778,1.1249302587480148],[101.06384252480957,1.124930386687284],[101.06384265192189,1.1251112140941724],[101.06366299993219,1.1251113420428935],[101.06366312705391,1.1252921694701115],[101.06384277905465,1.1252920415008216],[101.06384290620787,1.1254728689072313],[101.06366325419607,1.12547299689709],[101.06366350854172,1.1258346517503293],[101.06384316057563,1.1258345237193323],[101.06384328779015,1.1260153511250235],[101.06402293981468,1.12601522306233],[101.06402268538392,1.1256535682918494],[101.06420233736587,1.125653440259173],[101.06420221017012,1.1254726128941457],[101.0645615140506,1.1254723568365712],[101.06456164126844,1.125653184160448],[101.06474129318906,1.1256530560943991],[101.06474116596014,1.1254722287911003]]],[[[101.06941134375751,1.1243839350940237],[101.06923169244658,1.1243840633049276],[101.06923220209835,1.1251073704623207],[101.06905255072274,1.125107498744603],[101.06905306065826,1.1258308059806557],[101.06887340921797,1.1258309343343027],[101.06887353674203,1.1260117611633371],[101.06923283962423,1.1260115044036738],[101.0692325845524,1.1256498508278512],[101.06941223594065,1.1256497224725768],[101.06941172599872,1.1249264154005547],[101.06959137732228,1.1249262871166608],[101.06959086766417,1.1242029801233127],[101.06941121638478,1.1242031083247013],[101.06941134375751,1.1243839350940237]]],[[[101.06025062411187,1.1265603934908155],[101.06060992902391,1.1265601376761973],[101.06060954785477,1.126017654350658],[101.06042989544213,1.126017782201923],[101.06043002246703,1.1261986099978798],[101.06007071755842,1.1261988657080948],[101.06007084458162,1.12637969354488],[101.0602504970572,1.1263795656748037],[101.06025062411187,1.1265603934908155]]],[[[101.06492426050778,1.1303544372837457],[101.06474460831969,1.1303545658959908],[101.06474448055899,1.1301737385989312],[101.06438517614363,1.1301739957487555],[101.06438504842558,1.1299931684103017],[101.06420539619832,1.1299932969478865],[101.06420526851183,1.129812469588618],[101.06438492072799,1.1298123410716079],[101.06438466539414,1.1294506863934977],[101.06456431756769,1.1294505579064746],[101.06456418992035,1.1292697305876356],[101.06474384206234,1.1292696021100288],[101.06474371442438,1.1290887748115273],[101.06492336653484,1.1290886463433398],[101.06492323890625,1.1289078190651778],[101.06528254304362,1.1289075621364941],[101.06528241541331,1.128726734899257],[101.06510276336593,1.1287268633485936],[101.06510263576716,1.1285460360905326],[101.06528228780347,1.128545907661779],[101.06528216021407,1.128365080424062],[101.06546181221883,1.1283649520047405],[101.0654616846388,1.1281841247873676],[101.06564133661203,1.1281839963774825],[101.06564044404732,1.1269182059932623],[101.0658200959226,1.1269180777163486],[101.06581984106614,1.126556423359876],[101.065640189213,1.1265565515956124],[101.06564006182653,1.1263757243964283],[101.06546040996398,1.1263758526004446],[101.06546028260904,1.1261950253804334],[101.06563993446052,1.1261948971970037],[101.06563980711496,1.1260140699973398],[101.06599911073445,1.1260138136382705],[101.06599898338726,1.1258329864795464],[101.06528037611066,1.1258334990708232],[101.06528050341365,1.126014326311898],[101.06510085153229,1.126014454452486],[101.06510072424038,1.1258336271908274],[101.06492107234962,1.125833755299706],[101.06492119963049,1.1260145825819459],[101.06474154770822,1.126014710700278],[101.06474167499849,1.1261955380028583],[101.06456202304472,1.1261956661306405],[101.06456215034439,1.1263764934535592],[101.0643824983591,1.1263766215907882],[101.06438262566816,1.1265574489340429],[101.06366401747833,1.1265579614539325],[101.06366414476358,1.1267387888792344],[101.06348449265394,1.126738917001941],[101.06348461994858,1.1269197444475705],[101.06366427206927,1.126919616304296],[101.06366439939542,1.1271004437291186],[101.06348474726366,1.12710057189296],[101.06348487459918,1.1272813993381094],[101.063664526742,1.1272812711537012],[101.06366465410903,1.1274620985780437],[101.06384430624247,1.1274619703619264],[101.06384443364102,1.1276427977654602],[101.0640240857651,1.12764266951763],[101.06402421319515,1.1278234969003529],[101.06420386530986,1.1278233686208063],[101.06420373786872,1.1276425412586557],[101.06438338995193,1.1276424129885376],[101.06438351740411,1.127823240330114],[101.06456316947794,1.1278231120282762],[101.06456329696165,1.1280039393490362],[101.06474294902608,1.1280038110154746],[101.06474307654133,1.1281846383154168],[101.06492272859639,1.1281845099501284],[101.06492285614317,1.128365337229251],[101.06474320407703,1.1283654656151194],[101.0647433316332,1.1285462929145815],[101.06438402741742,1.1285465496940192],[101.06438415497186,1.1287273770343955],[101.06420450282222,1.1287275054279593],[101.06420437527885,1.1285466780670086],[101.06402472311984,1.128546806428846],[101.06402434064566,1.1280043242828361],[101.06384468849943,1.1280044525718083],[101.0638448159593,1.128185279974622],[101.06366516378155,1.1281854082730156],[101.0636652912508,1.1283662356961586],[101.06312633456167,1.12836662058614],[101.06312646201812,1.128547448070739],[101.06330611427934,1.128547319764666],[101.0633062417673,1.1287281472284614],[101.06348589401918,1.12872801889067],[101.06348602153865,1.1289088463336598],[101.0633063692757,1.1289089746920167],[101.06330662435381,1.1292706296184067],[101.06312697204827,1.1292707580067343],[101.06312709960689,1.1294515854901326],[101.0629474472698,1.1294517138878621],[101.06294757483778,1.129632541391582],[101.06276792246916,1.12963266979871],[101.06276830526242,1.1301751523701078],[101.0629479576643,1.1301750239012998],[101.06294834067478,1.1307175064088535],[101.06384660254416,1.1307168635887985],[101.06384647479805,1.1305360361893482],[101.06456508388118,1.1305355218144622],[101.06456521167168,1.1307163491316186],[101.06474486390242,1.1307162204893881],[101.06474473610082,1.1305353931928097],[101.06492438830003,1.1305352645599849],[101.06492426050778,1.1303544372837457]]],[[[101.07354766977393,1.130529077045769],[101.07372732096874,1.130528947865504],[101.07372744932536,1.1307097741309058],[101.07390710051075,1.1307096449187999],[101.0739067154692,1.1301671661838797],[101.07372706431713,1.1301672953339783],[101.0737265512604,1.129443990268041],[101.07354690013216,1.1294441193243019],[101.0735466437492,1.129082466748556],[101.0733669926226,1.1290825957523245],[101.07336686447302,1.1289017694434254],[101.07300756218032,1.1289020273761632],[101.07300743407346,1.1287212010256982],[101.0726481317208,1.1287214588724934],[101.07264800365662,1.1285406324804699],[101.072288701244,1.128540890241337],[101.07228908543162,1.1290833695406217],[101.07210943416126,1.1290834984662854],[101.07210981850037,1.1296259778253661],[101.07193016717623,1.1296261068018258],[101.0719305516668,1.1301685862206963],[101.07246950567749,1.1301681990719505],[101.07246963391533,1.1303490254824675],[101.07264928522227,1.1303488963898918],[101.07264941349176,1.1305297227795112],[101.07246976217372,1.1305298518927436],[101.07247014707207,1.131072331122128],[101.0722904957002,1.1310724602861528],[101.0722906240296,1.131253286716121],[101.07211097262609,1.1312534158896208],[101.07211110096492,1.131434242340001],[101.07247040377361,1.1314339839405139],[101.07247053215518,1.1316148103493457],[101.07265018353984,1.131614681112174],[101.07265056884106,1.1321571602752538],[101.07300987161547,1.1321569016434059],[101.073009614683,1.1317952489508976],[101.07318926601718,1.1317951196595153],[101.07318888073917,1.1312526406809316],[101.07336853201949,1.1312525114403555],[101.07336814689299,1.1307100325215962],[101.07354779811944,1.1307099033318382],[101.07354766977393,1.130529077045769]]],[[[101.06079251010426,1.13071904803721],[101.06061285742399,1.130719176433607],[101.06061260235185,1.1303575208945285],[101.06043294967337,1.130357649238677],[101.06043269470506,1.1299959936575634],[101.06061234736136,1.1299958653544884],[101.06061196502871,1.1294533820426251],[101.0604323124057,1.1294535102840897],[101.06043218501338,1.1292726824924515],[101.0600728797283,1.1292729389008267],[101.06007313448896,1.129634594566],[101.05989348179362,1.1296347227945103],[101.05989360919347,1.1298155506472682],[101.05971395646664,1.1298156788851448],[101.05971408387579,1.1299965067581914],[101.05989373661373,1.1299963784997855],[101.05989399151545,1.1303580342040989],[101.05971433875531,1.1303581625035644],[101.05971446622569,1.1305389903758902],[101.05953481343407,1.130539118684713],[101.05953494091375,1.130719946577326],[101.05935528809061,1.1307200748955024],[101.05935567061874,1.1312625586334772],[101.05953532347517,1.1312624302537224],[101.05953545103645,1.1314432581453735],[101.0597151038836,1.1314431297339111],[101.05971523147639,1.1316239576047937],[101.06025418992871,1.1316235722417232],[101.0602540623026,1.1314427444324353],[101.06043371506813,1.1314426159762467],[101.0604335874513,1.1312617881872533],[101.0606132401853,1.1312616597404204],[101.06061311257778,1.1310808319717232],[101.06079276528027,1.1310807035342492],[101.06079251010426,1.13071904803721]]],[[[101.0616909008327,1.1308992335335313],[101.06187055340158,1.1308991050495394],[101.06187042575716,1.1307182774241689],[101.0620500782945,1.130718148949552],[101.06204982304476,1.1303564937391917],[101.06169051799405,1.13035675059505],[101.06169039042202,1.130175922948409],[101.06151073787714,1.1301760513390344],[101.06151137588604,1.1310801896725744],[101.06133172326523,1.1310803181547597],[101.06133185091716,1.1312611458412918],[101.06115219826482,1.1312612743328436],[101.06115245360775,1.1316229297462739],[101.06097280091277,1.13162305826773],[101.06097305631513,1.131984713721282],[101.06133236172911,1.131984456585013],[101.06133248948315,1.1321652842703418],[101.06151214217063,1.1321651556648813],[101.06151226995621,1.1323459833294232],[101.06223088054637,1.1323454687134946],[101.06223075271632,1.1321646411311541],[101.06205110011054,1.1321647697813688],[101.06205071677633,1.1316222869712427],[101.06187106418346,1.1316224155486154],[101.06187080875166,1.1312607602995588],[101.06169115616058,1.1312608888246498],[101.0616909008327,1.1308992335335313]]],[[[101.07229229417985,1.1336040302837804],[101.07211264263181,1.1336041597257702],[101.07211302851037,1.1341466390667865],[101.0722926800918,1.1341465095628376],[101.07229280877019,1.1343273359887072],[101.07265211189375,1.1343270769058738],[101.07265159721435,1.133603771366194],[101.0728312487008,1.1336036418905964],[101.07283099146203,1.1332419891606254],[101.07265133999783,1.133242118594906],[101.07265146859582,1.1334229449806705],[101.07229216558359,1.1334232038569458],[101.07229229417985,1.1336040302837804]]],[[[101.0607950655388,1.134335602964257],[101.0613340241243,1.1343352164754872],[101.06133389612523,1.1341543887930514],[101.06115424329496,1.1341545176133074],[101.06115398738034,1.1337928622066238],[101.06061502883381,1.1337932484768993],[101.06061528468162,1.1341549040068255],[101.06079493757314,1.1341547752201946],[101.0607950655388,1.134335602964257]]],[[[101.0706772306079,1.1361367674101186],[101.0704975787192,1.1361368970402033],[101.07049744994708,1.1359560704102996],[101.07031779804902,1.135956200008521],[101.07031766930857,1.1357753733577405],[101.07013801740115,1.1357755029241026],[101.07013788869236,1.1355946762524467],[101.0697785848383,1.1355949353102386],[101.06977845617232,1.135414108597079],[101.06941915225855,1.1354143675687272],[101.06941928090225,1.1355951943231406],[101.06923962890347,1.1355953238127583],[101.06923988623005,1.1359569773621092],[101.06941953825114,1.1359568478312423],[101.06941966695632,1.1361376745849305],[101.06959931896807,1.136137545022212],[101.06959944770492,1.1363183717550323],[101.06977909970732,1.1363182421604578],[101.06977922847582,1.1364990688724077],[101.0701385324414,1.136498809608309],[101.07013866125273,1.1366796362787561],[101.07031831321594,1.1366795066092268],[101.07031844205892,1.136860333258798],[101.07121670162303,1.1368596846394612],[101.07121657272424,1.1366788580930838],[101.07103692086359,1.1366789878187784],[101.07103679199648,1.136498161251516],[101.07085714012648,1.136498290945337],[101.07085701129104,1.1363174643571927],[101.07067735941169,1.1363175940191437],[101.0706772306079,1.1361367674101186]]],[[[101.05971804367987,1.1356021707032422],[101.05935873745322,1.1356024284592294],[101.059358865493,1.1357832563656198],[101.05953851862766,1.1357831274727115],[101.059538646699,1.1359639553583347],[101.05935899355316,1.1359640842717695],[101.05935924973471,1.1363257400833429],[101.05917959654619,1.1363258690266005],[101.05917972465639,1.1365066969525486],[101.05935937785608,1.1365065679887671],[101.05935950599785,1.1366873958939496],[101.0606170779025,1.1366864926892735],[101.06061669330407,1.136144009404163],[101.06007773413923,1.1361443963744653],[101.06007760601405,1.1359635685506733],[101.05989795292943,1.1359636974977867],[101.0598978248358,1.1357828696532213],[101.05971817174193,1.1357829985685786],[101.05971804367987,1.1356021707032422]]],[[[101.0751699421944,1.1381226100134454],[101.07499029069623,1.138122740151717],[101.07499016141917,1.1379419140409375],[101.07516981290617,1.1379417839233474],[101.07516903760845,1.1368568273776736],[101.07498938618845,1.1368569573711733],[101.07498899885057,1.136314479033023],[101.07462969601588,1.1363147388622443],[101.07462982508562,1.136495565016561],[101.07445017362629,1.1364956949350036],[101.07445030270543,1.1366765211097551],[101.07427065121439,1.1366766510376418],[101.07427090941201,1.1370383034277667],[101.07409125787808,1.1370384333857664],[101.07409138699656,1.1372192596011383],[101.07391173543091,1.1372193895685723],[101.07391186455875,1.1374002158043734],[101.07373221296143,1.137400345781238],[101.0737324712564,1.1377619982934526],[101.0735528196162,1.137762128300412],[101.07355294878333,1.137942954576824],[101.07337329711139,1.1379430845932055],[101.07337342628789,1.1381239108900403],[101.07319377458425,1.1381240409158402],[101.07319416220346,1.1386665198668826],[101.07337381394063,1.1386663897790907],[101.0733739431993,1.1388472160749563],[101.07373324663439,1.1388469558242824],[101.07373337593594,1.1390277820785721],[101.07391302763385,1.1390276519156846],[101.07391315696714,1.1392084781490628],[101.07409280865569,1.1392083479542479],[101.07409306740627,1.1395700003789353],[101.07391341569534,1.1395701306150918],[101.07391354509026,1.1397509568477429],[101.0735542415844,1.1397512173276083],[101.07355437097749,1.139932043601353],[101.07337471918255,1.139932173845057],[101.07337484858498,1.140113000139225],[101.07373415217668,1.140112739599219],[101.07373402275188,1.1399319133463843],[101.07445262964401,1.139931392213859],[101.07445250019498,1.1397505660434695],[101.07481180349538,1.1397503054509708],[101.07481193296678,1.139931131580006],[101.07517123620735,1.1399308709010931],[101.0751699421944,1.1381226100134454]]],[[[101.06169602291183,1.1381323391726494],[101.06151636987698,1.1381324684673702],[101.06151662681637,1.138494123780273],[101.06133697373873,1.1384942531048377],[101.06133710222788,1.138675080781472],[101.06115744911867,1.1386752101153301],[101.06115783467506,1.1392176932054112],[101.0616967940421,1.1392173049851664],[101.06169666546933,1.1390364773503525],[101.06187631853965,1.139036347941637],[101.06187593291034,1.1384938650973901],[101.0620555859267,1.138493735739072],[101.06205507199554,1.1377704253588905],[101.06169576603179,1.1377706838998731],[101.06169602291183,1.1381323391726494]]],[[[101.06726615900308,1.1393941144395794],[101.06708650652392,1.1393942442271938],[101.06708637759515,1.139213417209884],[101.06690672510669,1.1392135469656368],[101.06690659620958,1.1390327199274832],[101.06672694371183,1.1390328496513786],[101.0667266860014,1.1386711955331452],[101.06654703350554,1.138671325204589],[101.0665463896436,1.1377671898017776],[101.06636673718316,1.1377673193589888],[101.06636660848335,1.1375864922571042],[101.0661869560136,1.1375866217824775],[101.06618708470222,1.1377674489049558],[101.06600743220083,1.1377675784396797],[101.06600756089877,1.1379484055825089],[101.06582790836575,1.137948535126579],[101.0658282945488,1.1384910166153845],[101.06600794711535,1.1384908870095427],[101.06600807589516,1.1386717141514033],[101.0661877284524,1.138671584513718],[101.06618785726384,1.1388524116347436],[101.06636750981183,1.1388522819652112],[101.06636763865492,1.1390331090654007],[101.0665472911936,1.1390329793640177],[101.06654742006835,1.1392138064433686],[101.06672707259776,1.1392136767101317],[101.06672720150415,1.1393945037686426],[101.06654754896357,1.1393946335224774],[101.06654767787924,1.1395754606013433],[101.066368025307,1.1395755903645137],[101.06636815423197,1.1397564174637334],[101.06618850162805,1.1397565472362363],[101.06618837271428,1.1395757201164225],[101.06582906746745,1.1395759795864555],[101.0658293252707,1.1399376339082055],[101.06600897792674,1.1399375041376392],[101.06600910687025,1.1401183312775602],[101.06690736989937,1.1401176821527683],[101.06690749891932,1.1402985091894666],[101.06708715147492,1.1402983793101058],[101.06708728052656,1.1404792063259606],[101.06744658559872,1.1404789464922245],[101.06744645652469,1.1402981195175774],[101.06726680401005,1.1402982494194762],[101.0672666749677,1.1401174224239818],[101.06744632747115,1.1401172925426883],[101.0674460694255,1.1397556385921819],[101.06726641694443,1.139755768432266],[101.06726615900308,1.1393941144395794]]],[[[101.0618782494436,1.14174876213014],[101.06169859620532,1.1417488918470977],[101.06169846734663,1.1415680642156798],[101.06133916083124,1.1415683235746517],[101.06133954740132,1.142110806591457],[101.06187850724467,1.1421104173511476],[101.0618782494436,1.14174876213014]]],[[[101.07140139696781,1.143911789196376],[101.07158104923525,1.1439116586223756],[101.07158091951379,1.1437308321267532],[101.07176057174946,1.143730701562096],[101.0717604420373,1.1435498750868787],[101.07194009424121,1.1435497445315685],[101.07193996453836,1.1433689180767572],[101.07158066013247,1.143369179134779],[101.07158053047259,1.1431883526384268],[101.07140087825009,1.1431884831298436],[101.07140061901434,1.1428268300951172],[101.07122096679376,1.1428269605339476],[101.07122083721788,1.1426461339955751],[101.07140048942723,1.1426460035773889],[101.07140035986065,1.1424651770594172],[101.07158001203828,1.1424650466505855],[101.071579882481,1.142284220153017],[101.07175953462689,1.1422840897535422],[101.07175966419538,1.142464916230463],[101.07193931633196,1.1424647857990504],[101.07193944593219,1.1426456122550783],[101.07211909805947,1.1426454817917244],[101.07211922769145,1.1428263082268575],[101.07229887980941,1.1428261777315583],[101.07229875016621,1.1426453513170785],[101.07247840225243,1.1426452208311406],[101.07247827261855,1.142464394437072],[101.07229862054355,1.142464524902355],[101.07229849094142,1.1422836984873888],[101.07193918675226,1.1422839593427794],[101.07193905719308,1.1421031328862656],[101.07175940507892,1.142103263276379],[101.07175927555149,1.1419224367989715],[101.07157962342802,1.1419225671571507],[101.07157949393232,1.1417417406588533],[101.07139984179955,1.1417418709851013],[101.07139971233556,1.1415610444659146],[101.07122006019347,1.1415611747602354],[101.07122018964624,1.1417420013000665],[101.07086088527812,1.1417422618961477],[101.07086101472899,1.1419230884770184],[101.07068136250294,1.141923218778774],[101.0706814919631,1.142104045380041],[101.07050183970533,1.1421041756911483],[101.07050209866479,1.1424658289342264],[101.07032244636407,1.142465959275318],[101.07032257586334,1.142646785917128],[101.0701429235309,1.1426469162675625],[101.07014305303946,1.142827742929763],[101.06996340067529,1.1428278732895374],[101.06996327117795,1.1426470466067054],[101.0697836188045,1.142647176934556],[101.06978348933887,1.1424663502308507],[101.06960383695613,1.1424664805267815],[101.06960370752225,1.142285653802205],[101.06942405513021,1.142285784066219],[101.06942379634636,1.141924130575084],[101.06906449154566,1.141924390986752],[101.0690643622069,1.1417435641995728],[101.06888470978703,1.1417436943678585],[101.06888458047997,1.141562867559815],[101.06870492805079,1.1415629976961987],[101.06870505734665,1.1417438245248612],[101.06834575240443,1.1417440848050173],[101.06834601101275,1.14210573854408],[101.06852566351654,1.142105608368412],[101.06852579286264,1.1422864352169628],[101.06870544535715,1.142286305009391],[101.06870622193145,1.143371265971886],[101.06888587447278,1.1433711356293104],[101.06888600398479,1.1435519624349226],[101.06924530902842,1.1435517016746297],[101.06924543858338,1.1437325284387543],[101.06960474356748,1.1437322675920067],[101.0696048731654,1.1439130943146374],[101.06978452563791,1.1439129638536811],[101.06978478491772,1.1442746172569551],[101.0699644373922,1.1442744867434345],[101.0699645670741,1.144455313424076],[101.07014421953932,1.144455182878616],[101.0701440898462,1.1442743562186062],[101.07032374227967,1.1442742256824696],[101.07032361259583,1.1440933990428495],[101.0708625697395,1.1440930074285032],[101.07086269945705,1.144273834006212],[101.07140165644981,1.144273442228182],[101.07140139696781,1.143911789196376]]],[[[101.07427752122143,1.1462604390479825],[101.07409786911586,1.1462605700602964],[101.0740977389701,1.1460797438570751],[101.07319947819038,1.146080398645393],[101.07319934812142,1.1458995723385905],[101.07301969591511,1.1458997032416143],[101.07301956587794,1.1457188769139057],[101.07266026142622,1.1457191386446621],[101.0726605214761,1.1460807913824738],[101.07248086919694,1.1460809222721824],[101.07248099924142,1.1462617486613793],[101.07230134693047,1.146261879560417],[101.07230147698424,1.1464427059700246],[101.07248112930642,1.1464425750503315],[101.07248125939198,1.14662340143904],[101.0728405639973,1.1466231395243511],[101.07284069412589,1.1468039658715004],[101.0731999986716,1.1468037038701633],[101.07320012884324,1.146984530175746],[101.07337978109655,1.1469843991374142],[101.0733799113,1.1471652254220888],[101.07320025903543,1.1471653564810844],[101.07320038924814,1.1473461827861786],[101.07284108463487,1.1473464449114825],[101.07284134507687,1.1477080976035838],[101.07355995431139,1.1477075731423168],[101.07355969377927,1.1473459206155208],[101.07373934601404,1.1473457895131844],[101.07373921576752,1.1471649632700878],[101.07409852015287,1.1471647010727402],[101.07409799928217,1.1464413962632736],[101.07427765139899,1.1464412652302867],[101.07427752122143,1.1462604390479825]]],[[[101.06403809598751,1.1473528528140522],[101.06421774930847,1.1473527223126556],[101.06421787897844,1.1475335496484254],[101.06493649210287,1.147533027447144],[101.06493636238784,1.1473522001936831],[101.06529566880481,1.1473519390661648],[101.06529527971487,1.1468094574278143],[101.06421736042125,1.146810240303882],[101.06421761965895,1.147171894976642],[101.06403796634925,1.1471720254574658],[101.06403809598751,1.1473528528140522]]],[[[101.06224156165355,1.1473541572043904],[101.06206190810776,1.1473542875810614],[101.06206203764253,1.1475351151635869],[101.06224169119959,1.147534984766363],[101.06224182076606,1.147715812328091],[101.06242147431395,1.1477156818989718],[101.06242160391213,1.147896509439901],[101.06314021794444,1.1478959875277623],[101.06313995867838,1.147534332610135],[101.06296030522348,1.1475344630640616],[101.06295991651147,1.1469919806241033],[101.06242095612558,1.1469923717328139],[101.06242108564203,1.1471731992747192],[101.06224143212792,1.147173329642174],[101.06224156165355,1.1473541572043904]]],[[[101.07014942408001,1.151688249078876],[101.06996977116391,1.1516883804496085],[101.06996990168652,1.151869207120233],[101.06961059577019,1.1518694698688121],[101.0696104652702,1.15168864315693],[101.0694308122926,1.1516887744935185],[101.06943120382013,1.1522312546903097],[101.06961085683167,1.1522311232918416],[101.06961072629068,1.1520502965804493],[101.07014968516835,1.1520499023786146],[101.07014955461393,1.1518690757288683],[101.0706885132731,1.151868681486476],[101.07068825215794,1.151507028310059],[101.07014929356662,1.1515074224286388],[101.07014942408001,1.151688249078876]]],[[[101.07158716929105,1.152410503641307],[101.0714075164938,1.1524106351856744],[101.07140764718896,1.1525914616902129],[101.07122799435989,1.1525915932438366],[101.07122812506425,1.1527724197687734],[101.07194673630268,1.1527718934033484],[101.07194660555305,1.152591066961],[101.07248556373241,1.1525906721292754],[101.07248543296937,1.152409845748641],[101.07176682206776,1.1524103720855507],[101.07176695278554,1.1525911985487947],[101.07158729999752,1.1525913301251989],[101.07158716929105,1.152410503641307]]],[[[101.07230839920975,1.1560265053290808],[101.07176944032281,1.156026901303774],[101.07176970259982,1.1563885542201884],[101.07194935560537,1.1563884221987484],[101.07194948678602,1.1565692486359367],[101.07212913978239,1.1565691165824175],[101.0721290085904,1.1563882901658808],[101.07248831449883,1.1563880260658628],[101.07248844571355,1.1565688524410906],[101.07266809864832,1.156568720353283],[101.07266783621672,1.1562070676438947],[101.07230853037206,1.1562073317254564],[101.07230839920975,1.1560265053290808]]],[[[101.06206971635072,1.1582039420992025],[101.0618900621054,1.158204073697621],[101.06188993137678,1.1580232461090123],[101.06171027712242,1.1580233776754354],[101.0617101464256,1.1578425500660303],[101.06135083787832,1.1578428131234497],[101.06135070722466,1.1576619854727044],[101.06117105293175,1.1576621169637062],[101.06117066112736,1.1571196339483603],[101.06045204388796,1.1571201595514813],[101.06045217442356,1.157300987305669],[101.06009286565865,1.1573012500796866],[101.06009299619193,1.1574820778746975],[101.05973368732268,1.1574823406440282],[101.0597335568121,1.1573015128079562],[101.05955390235825,1.1573016441549349],[101.05955403285743,1.1574824720115355],[101.05919472386574,1.1574827347122334],[101.05919459338928,1.1573019068145813],[101.05901493887421,1.1573020381272492],[101.05901467800521,1.156940382290161],[101.05883502349245,1.1569405135503492],[101.05883489309991,1.156759685610915],[101.05865523857813,1.1567598168391504],[101.05865549936088,1.1571214727588113],[101.05883515390539,1.1571213414895372],[101.05883541479247,1.1574829973671752],[101.05865576022524,1.1574831286774878],[101.05865589068799,1.157663956636457],[101.05883554526659,1.1576638253056248],[101.05883658979386,1.1591104488043555],[101.05955520826824,1.1591099227098585],[101.05955507758543,1.1589290948554756],[101.06027369568785,1.1589285686598225],[101.06027343429241,1.1585669131145633],[101.06045308874424,1.158566781578088],[101.06045295806577,1.158385953825624],[101.06206984711115,1.1583847696670133],[101.06206971635072,1.1582039420992025]]],[[[101.0638674362834,1.159830071736389],[101.06404709040633,1.1598299398269247],[101.06404722147587,1.1600107671663311],[101.06422687558975,1.1600106352248316],[101.06422674450882,1.1598298079059977],[101.06458605265244,1.1598295440297577],[101.06458579050638,1.1594678894736532],[101.06440613646757,1.159468021376351],[101.06440626751899,1.159648848675103],[101.0638673052457,1.1596492443761643],[101.0638674362834,1.159830071736389]]],[[[101.06746182863591,1.161635700840353],[101.06728217478782,1.1616358331736465],[101.06728243776695,1.1619974871060974],[101.06764174548829,1.1619972223456068],[101.06764161396566,1.1618163954207172],[101.0678212677842,1.1618162630438558],[101.06782113627065,1.161635436139327],[101.06764148246353,1.1616355684955797],[101.06764135098187,1.1614547415701955],[101.06746169716567,1.1614548738943615],[101.06746182863591,1.161635700840353]]],[[[101.069258760866,1.162176857094075],[101.06889945349064,1.162177122102509],[101.06889971679807,1.1625387756624548],[101.06907937051882,1.1625386431227374],[101.06907950221469,1.1627194698817183],[101.06925915592637,1.1627193373098892],[101.06925928765415,1.162900164047999],[101.06961859503883,1.1628998988286186],[101.06961872680995,1.1630807255252296],[101.06979838048295,1.1630805928776724],[101.06979811693839,1.16271893952546],[101.06997777056804,1.1627188069076695],[101.06997737537073,1.1621763269393857],[101.0697977217753,1.1621764594952855],[101.06979759009529,1.1619956328180658],[101.06925862922022,1.1619960303549755],[101.069258760866,1.162176857094075]]]]}},{"type":"Feature","properties":{"eventId":"RIAU-20260822-029","firstDetection":"2026-08-22T05:53:00+00:00","lastDetection":"2026-08-23T07:14:00+00:00","estimatedAreaHa":93.12,"confidence":"tinggi","hotspotCount":12,"detectionDays":2,"villages":["Simpang Gaung"],"districts":["Gaung"],"regencies":["Indragiri Hilir"],"method":"Sentinel-2 dNBR/NBR indication","resolutionM":20,"clearCoveragePct":98.2,"preSceneDates":["2026-08-02","2026-08-14","2026-08-17"],"postSceneDates":["2026-08-27","2026-09-03"],"status":"estimate","disclaimer":"Estimasi berbasis citra satelit; bukan hasil verifikasi lapangan.","province":"Riau","villageAreas":[{"village":"Simpang Gaung","district":"Gaung","regency":"Indragiri Hilir","areaHa":93.12}],"unassignedAreaHa":0.0,"archiveEventId":"BA-c4dff0a4cf314c1e","reportMonth":"2026-08"},"geometry":{"type":"MultiPolygon","coordinates":[[[[103.03134079906037,-0.07526664222695219],[103.03116151164713,-0.07526665893769101],[103.03116152826556,-0.0754471545200703],[103.0308029533182,-0.07544718801947527],[103.03080293670125,-0.07526669235695378],[103.0306236491686,-0.07526670906547776],[103.03062363259218,-0.07508621336286918],[103.03044434502047,-0.07508623003058817],[103.03044432848458,-0.07490573428789431],[103.03062361605556,-0.074905717660242],[103.03062359955874,-0.0747252219575962],[103.03116146203071,-0.0747251721904414],[103.0311614455715,-0.07454467660798778],[103.03169930768304,-0.07454462695446273],[103.03169932414441,-0.07472512241668981],[103.03152003681298,-0.07472513900867331],[103.03152006985373,-0.07508613001322642],[103.03134078248102,-0.07508614668462801],[103.03134079906037,-0.07526664222695219]]],[[[103.04066328618772,-0.07075343584447734],[103.04066330184762,-0.07093392930096126],[103.04048401652373,-0.07093394508611037],[103.04048403222284,-0.0711144385827425],[103.04012546145401,-0.07111447023127977],[103.04012547719161,-0.07129496380822059],[103.03976690626182,-0.07129499553428696],[103.03976692203793,-0.07147548919152931],[103.03940835094718,-0.07147552099511065],[103.0394083667618,-0.07165601473264739],[103.03904979551012,-0.07165604661372953],[103.03904981136321,-0.0718365404315536],[103.03887052567686,-0.07183655641119027],[103.03887055750127,-0.07219754412708464],[103.03869127177362,-0.07219756018631295],[103.03869128774494,-0.07237805408438136],[103.03851200197673,-0.07237807018304783],[103.03851201798722,-0.07255856412124465],[103.03869130375614,-0.07255854798243185],[103.03869131980723,-0.07273904188046433],[103.03887060553699,-0.07273902570079172],[103.03887062162865,-0.07291951955865802],[103.03904990731924,-0.07291950333812205],[103.03904995583565,-0.07346098479116267],[103.03887067014294,-0.07346100113214828],[103.03887070268519,-0.07382198884771737],[103.03815355950977,-0.07382205452561799],[103.03815354322157,-0.07364156050726076],[103.03797425732874,-0.07364157688478463],[103.03797424108113,-0.07346108282626809],[103.03779495514915,-0.0734610991629304],[103.03779493894213,-0.07328060506425635],[103.03797422487341,-0.0732805887677333],[103.0379741444328,-0.07237811847478764],[103.03779485850508,-0.07237813457061437],[103.03779482660936,-0.07201714637303155],[103.03797411253566,-0.07201713035748335],[103.03797409664689,-0.0718366362988044],[103.03833266837852,-0.0718366043458726],[103.03833265252823,-0.07165611036745961],[103.03851193833351,-0.07165609443008138],[103.0385119225224,-0.07147560049179522],[103.03869120828713,-0.07147558459386046],[103.03869119251519,-0.0712950906957029],[103.03887047823933,-0.07129507483721517],[103.03887044681372,-0.07093408712114324],[103.03904973249661,-0.07093407134225597],[103.03904965462705,-0.07003160225251832],[103.03958751142609,-0.07003155551398324],[103.03958752692229,-0.07021204921150544],[103.0403046687653,-0.07021198672320343],[103.04030469988285,-0.07057297379691861],[103.04048398524523,-0.07057295809279333],[103.04048400086455,-0.07075345158946061],[103.04066328618772,-0.07075343584447734]]],[[[103.0166386515915,-0.07021404301894021],[103.01663859019452,-0.06949204772685226],[103.01753504284363,-0.06949197085421532],[103.01753507346959,-0.06985296810095518],[103.01771436388177,-0.06985295264450432],[103.01771437925493,-0.07003345122790913],[103.01843154050961,-0.07003338923547907],[103.01843155592518,-0.07021388765909208],[103.0166386515915,-0.07021404301894021]]],[[[103.03008522991163,-0.06894940537772185],[103.03008524513287,-0.06912990120113294],[103.02972666975724,-0.06912993188742399],[103.0297266850169,-0.06931042779093885],[103.02936810948076,-0.06931045855463137],[103.02936809422245,-0.06912996257100265],[103.02918880639537,-0.06912997791177483],[103.0291887911775,-0.06894948188807469],[103.02954736679052,-0.06894945128596254],[103.02954735161111,-0.06876895534235561],[103.02972663935726,-0.06876894008034287],[103.02972662421698,-0.0685884441767767],[103.03008519958858,-0.06858841373084845],[103.03008518448674,-0.06840791790738622],[103.03062304724368,-0.06840787235364265],[103.03062306234752,-0.0685883680569102],[103.03080234985424,-0.06858835283091855],[103.03080236499854,-0.06876884849410066],[103.03062307749116,-0.06876886376016074],[103.03062309267459,-0.06894935946339423],[103.03008522991163,-0.06894940537772185]]],[[[103.02524429908955,-0.06714484928736165],[103.02524431389514,-0.06732534619197669],[103.02506502516009,-0.06732536111701688],[103.02506501035515,-0.06714486417238828],[103.02488572158103,-0.06714487905675631],[103.02488570681648,-0.0669643820720993],[103.02506499558996,-0.0669643672277431],[103.02506498086451,-0.06678387028308129],[103.02524426959761,-0.06678385547808173],[103.02524425491126,-0.06660335857341691],[103.02542354360394,-0.06660334380777758],[103.0254235289567,-0.06642284694311157],[103.02560281760898,-0.066422832216836],[103.02560283225688,-0.06660332904148489],[103.02578212087008,-0.06660331427453892],[103.02578213555837,-0.06678381105915246],[103.02560284694454,-0.06678382586611732],[103.02560287643908,-0.06714481951533245],[103.02524429908955,-0.06714484928736165]]],[[[103.01269396239397,-0.06678489024594228],[103.0126939477531,-0.06660439054460518],[103.01251465624277,-0.06660440526385633],[103.0125146416422,-0.06642390552261314],[103.01341109879435,-0.06642383211928936],[103.01341112804164,-0.06678483120282777],[103.01323183668916,-0.06678484596458914],[103.01323185137161,-0.06696534554623028],[103.01305255997885,-0.06696536034723137],[103.01305254529707,-0.06678486072569532],[103.01269396239397,-0.06678489024594228]]],[[[103.02685780787634,-0.06606173602565461],[103.02685782244926,-0.0662422325701672],[103.0266785340759,-0.0662422472609742],[103.02667851950363,-0.06606175067643213],[103.02560278843244,-0.06606183856748885],[103.02560277390378,-0.06588134174279069],[103.0257820625144,-0.06588132713592013],[103.02578204802485,-0.06570083035122451],[103.02614062512554,-0.06570080121558768],[103.02614061067446,-0.06552030451091881],[103.02685776439618,-0.06552024639201875],[103.0268577788498,-0.06570074293658032],[103.02721635547339,-0.06570071379320983],[103.02721636996804,-0.06588121025769088],[103.0270370816755,-0.06588122486973139],[103.0270370962093,-0.0660617213742291],[103.02685780787634,-0.06606173602565461]]],[[[103.02542344190789,-0.0653398657547715],[103.02506486449177,-0.06533989472519482],[103.02506487889926,-0.06552039166998777],[103.02488559013094,-0.0655204061942498],[103.02488560457752,-0.06570090317903825],[103.02470631576882,-0.06570091774266758],[103.02470633025452,-0.06588141476744978],[103.02452704140543,-0.06588142937044286],[103.02452699806949,-0.06533993817602275],[103.02434770918259,-0.06533995265835019],[103.0243476948174,-0.06515945555350458],[103.02452698370365,-0.06515944111118362],[103.02452696937756,-0.06497894404632831],[103.02470625822346,-0.0649789296433764],[103.02470624393646,-0.06479843261851326],[103.0245269550912,-0.06479844698145693],[103.02452694084458,-0.06461794991656948],[103.02488551849412,-0.06461792127006474],[103.024885532742,-0.06479841825493396],[103.02506482150777,-0.06479840389071902],[103.02506483579602,-0.06497890083556038],[103.02542341320961,-0.0649788720251948],[103.02542344190789,-0.0653398657547715]]],[[[103.03618049232291,-0.06281207299980512],[103.03618043716521,-0.06209009515633781],[103.03600115087622,-0.06209010895813704],[103.03600113718703,-0.06190961445711006],[103.03653899593264,-0.06190957317025527],[103.03653900962365,-0.06209006755091231],[103.0367182957931,-0.06209005374728601],[103.03671832329587,-0.06245104242830018],[103.03653903712522,-0.06245105631218017],[103.03653906478621,-0.06281204507338606],[103.03618049232291,-0.06281207299980512]]],[[[103.02578175292717,-0.061910397868924404],[103.02578173931218,-0.06172990108388092],[103.02560245071587,-0.061729914770317834],[103.02560243714122,-0.06154941794524023],[103.02649887972223,-0.06154934970711234],[103.0264989069173,-0.06191034295702836],[103.02667819531541,-0.06191032922753613],[103.0266782089732,-0.06209082581244342],[103.02596105513969,-0.06209088088686882],[103.02596104148434,-0.061910384141861334],[103.02578175292717,-0.061910397868924404]]],[[[103.0207614966366,-0.05974480712030312],[103.0207614835149,-0.059564309215220546],[103.02112006279891,-0.05956428283376619],[103.02112004971575,-0.05938378500861276],[103.02129933929761,-0.05938377185698373],[103.0212993655048,-0.05974476742732673],[103.02094078629905,-0.05974479388989704],[103.02094079946103,-0.05992529175499377],[103.02040293035287,-0.05992533156436157],[103.02040291719263,-0.05974483357935705],[103.0207614966366,-0.05974480712030312]]],[[[103.02094066962786,-0.05812031310336607],[103.02094065686292,-0.0579398152381234],[103.02147852559479,-0.057939776742626285],[103.02147856401383,-0.058481269978539856],[103.02129927447456,-0.05848128293086963],[103.02129926162905,-0.0583007851456032],[103.02111997205064,-0.05830079805738472],[103.02111995924542,-0.05812030023212925],[103.02094066962786,-0.05812031310336607]]],[[[103.0419171089759,-0.055591898828910274],[103.04191713364031,-0.055952885182081524],[103.04173784864707,-0.05595289763731082],[103.04173783629544,-0.05577240442055395],[103.04084141073332,-0.05577246648760391],[103.04084142308223,-0.055952959905225155],[103.04066213784955,-0.055952972357161575],[103.04066215023781,-0.05613346581493648],[103.04030357965168,-0.05613349079749271],[103.0403035672645,-0.055952997259387974],[103.04048285257699,-0.0559529848085492],[103.04048284022915,-0.05577249131059459],[103.04066212550119,-0.05577247889937278],[103.04066211319272,-0.05559198544157013],[103.041020683616,-0.05559196069782225],[103.04102067134636,-0.0554114673203427],[103.04119995649759,-0.05541145498782195],[103.04119996876778,-0.0555919483251304],[103.04155853895165,-0.05559192357811088],[103.04155852668038,-0.055411430321149945],[103.04173781171191,-0.055411417986998696],[103.04173782398372,-0.05559191120378322],[103.0419171089759,-0.055591898828910274]]],[[[103.0261398526793,-0.05523199231933345],[103.0261398648643,-0.05541248902485644],[103.02596057636747,-0.05541250131172083],[103.0259606131594,-0.05595399154827439],[103.02613990165787,-0.055953979141342834],[103.02613991400189,-0.056134475846810625],[103.02596062550289,-0.05613448829376456],[103.02596063788613,-0.05631498503924083],[103.02578134934681,-0.056314997525664746],[103.02578133696413,-0.05613450074016786],[103.0250641824116,-0.05613455052027472],[103.0250641947921,-0.05631504746583636],[103.02452632845873,-0.05631508491516477],[103.02452634087732,-0.05649558198074242],[103.02362989619087,-0.05649564458525608],[103.0236298713989,-0.05613465005405773],[103.0234505823435,-0.05613466249330272],[103.02345057000765,-0.0559541651876851],[103.02309199177878,-0.055954189984533234],[103.02309197948377,-0.05577369259891186],[103.02362984676586,-0.05577365552280378],[103.02362983450892,-0.05559315825715606],[103.02398841249726,-0.055593133617015664],[103.02398842475526,-0.055773630802662885],[103.02416771369039,-0.05577361844177178],[103.02416770143182,-0.05559312129612747],[103.02434699032665,-0.055593108974693946],[103.02434697810729,-0.05541261186904052],[103.02470555577666,-0.05541258730455217],[103.02470554359596,-0.05523209027889969],[103.02506412110527,-0.05523206579225884],[103.02506410896325,-0.055051568846614427],[103.02524339765775,-0.05505155664249486],[103.02524338555493,-0.05487105973685033],[103.02560196282361,-0.05487103540702351],[103.02560195075948,-0.05469053858139775],[103.02631910481773,-0.0546904900753712],[103.026319116884,-0.054870986740910975],[103.0264984052997,-0.054870974573037225],[103.0264984417387,-0.055412464449496955],[103.02631915332138,-0.05541247673744848],[103.02631914113583,-0.055231980071949634],[103.0261398526793,-0.05523199231933345]]],[[[103.0376141611941,-0.054148242551829616],[103.03743487524889,-0.05414825459253036],[103.03743483954878,-0.0536067720505747],[103.03779341139617,-0.05360674820946159],[103.03779342325738,-0.053787242309853676],[103.03797270912179,-0.05378723034836917],[103.03797274494625,-0.05432871252904748],[103.03761417317439,-0.054328736692319],[103.0376141611941,-0.054148242551829616]]],[[[103.03904818268364,-0.0499967883586634],[103.0390481937509,-0.05017728217830118],[103.03886890813587,-0.050177293339954125],[103.03886889706912,-0.04999679948016647],[103.0386896114147,-0.049996810601179165],[103.03868957845516,-0.04945532890129775],[103.03922743529442,-0.049455295898137165],[103.0392274462425,-0.04963578967766042],[103.03940673177631,-0.04963577863548332],[103.03940672082776,-0.049455284896113456],[103.03976529177474,-0.04945526289061079],[103.03976532474299,-0.049996743867747113],[103.03904818268364,-0.0499967883586634]]],[[[103.0383303562711,-0.037181760216612576],[103.03833034807681,-0.03700126623560737],[103.03815106233328,-0.03700127446487003],[103.03815107052722,-0.037181768486017994],[103.03797178474345,-0.0371817767550587],[103.0379718012502,-0.03754276487760889],[103.03815108703469,-0.0375427565282862],[103.03815110370167,-0.03790374457051717],[103.03833038944703,-0.03790373614054073],[103.03833040627424,-0.03826472410244855],[103.03815112052813,-0.038264732612710496],[103.03815112900118,-0.03844522663379296],[103.03779255738861,-0.03844524373347108],[103.03779256590076,-0.03862573783482419],[103.0376132800343,-0.03862574642423506],[103.03761329717749,-0.0389867347071874],[103.0377925830447,-0.03898672603750165],[103.03779260034813,-0.0393477142401404],[103.03761331448014,-0.03934772299010105],[103.03761332319127,-0.039528217131543246],[103.03743403728303,-0.03952822592125362],[103.03743404603364,-0.03970872010282169],[103.03725476008515,-0.03970872893227826],[103.0372547777052,-0.040069717375652625],[103.03743406365446,-0.04006970846592826],[103.03743407252468,-0.04025020264746663],[103.03886835868663,-0.04025013103438761],[103.03886836759985,-0.040430624894781025],[103.03904765319103,-0.04043061590121972],[103.03904766214454,-0.040611109721453265],[103.03958551868001,-0.040611082617929804],[103.03958550972533,-0.040430588918156395],[103.03994408054875,-0.040430570927464674],[103.03994408950422,-0.040611064546922475],[103.04030266016886,-0.040611046474321795],[103.04030269639284,-0.04133302063076095],[103.04048198166693,-0.04133301143320711],[103.04048202784656,-0.04223547892770493],[103.04066131308278,-0.04223546952891678],[103.04066133183473,-0.0425964564463113],[103.04048204659769,-0.042596465925430996],[103.04048205603308,-0.0427769594242782],[103.04066134127055,-0.042776949904992735],[103.04066135074628,-0.04295744336366355],[103.04084063594425,-0.042957433803790954],[103.04084065501624,-0.04331842064076547],[103.0406613698174,-0.043318430280973146],[103.04066137941281,-0.04349892373961184],[103.04048209417367,-0.04349893341956041],[103.04048212319802,-0.0440404139159089],[103.04066140843844,-0.04404040411546299],[103.04066141819345,-0.044220897574058254],[103.04048213295259,-0.04422090741466992],[103.04048214274707,-0.04440140091341998],[103.04030285746587,-0.04440141079376192],[103.04030287717364,-0.04476239787155694],[103.0401235918517,-0.04476240783178784],[103.04012360176499,-0.04494290141083096],[103.04030288708736,-0.044942891410437814],[103.04030290703449,-0.04530387848816606],[103.04012362171123,-0.04530388856888368],[103.0401236317442,-0.04548438214789319],[103.0399443463806,-0.0454843922683269],[103.039944356453,-0.0456648858874856],[103.03976507104908,-0.04566489604763189],[103.03976508116092,-0.04584538970693795],[103.03940651023251,-0.04584541010619888],[103.03940652038337,-0.04602590384580564],[103.03922723485887,-0.046025914084914965],[103.03922724504916,-0.046206407864663714],[103.03904795948435,-0.04620641814347321],[103.03904797998366,-0.04656740578323948],[103.03922726554939,-0.04656739542412675],[103.03922727585933,-0.046747889203840966],[103.03904799029316,-0.04674789960310532],[103.03904800064251,-0.046928393422959534],[103.03922728620914,-0.046928382983543564],[103.03922730702844,-0.04728937054291382],[103.03904802146089,-0.04728938106263302],[103.0390480319299,-0.04746987488245218],[103.03851017498657,-0.04746990655927095],[103.03851016451895,-0.04728941261900755],[103.03833087879188,-0.04728942313687138],[103.0383308683646,-0.04710892915645173],[103.0381515825981,-0.04710893963370894],[103.03815156186407,-0.04674795159254907],[103.03797227605862,-0.04674796198906222],[103.03797226575188,-0.04656746792832387],[103.03779297990701,-0.04656747828423925],[103.03779296964058,-0.04638698418335013],[103.03671725373694,-0.04638704606845229],[103.03671724351308,-0.046206551726753496],[103.03653795739007,-0.04620656199921786],[103.03653796761348,-0.046387056381043484],[103.03635868145017,-0.0463870666931797],[103.03635869171298,-0.04656756111511889],[103.03564154665936,-0.046567602519596275],[103.03564155696021,-0.04674809710200644],[103.0352829841934,-0.04674811788173516],[103.03528296363338,-0.04638712855644199],[103.03546225003579,-0.04638711824703577],[103.03546222963425,-0.04602612900192545],[103.03582080231776,-0.046026108542216386],[103.03582079217585,-0.04584561399987827],[103.03600007845738,-0.04584560380946629],[103.0360000683549,-0.04566510930723656],[103.03617935459611,-0.04566509915649641],[103.03617934453304,-0.04548460469437686],[103.03671720301625,-0.045484574359844133],[103.0367171929917,-0.04530408001808848],[103.03707576511367,-0.045304059873094896],[103.0370757551281,-0.04512356561158698],[103.03725504112884,-0.04512355557855577],[103.03725501140997,-0.04458207291436142],[103.03707572541053,-0.04458208282699621],[103.03707567667851,-0.04367961151912435],[103.03689639064135,-0.04367962123066999],[103.03689627775546,-0.04151368960911853],[103.03671699168342,-0.04151369883869258],[103.03671698253576,-0.04133320449670002],[103.03653769642426,-0.04133321368574004],[103.03653770557153,-0.04151370806785943],[103.03617913322816,-0.04151372652497154],[103.03617912408171,-0.0413332320626038],[103.03599983785065,-0.04133324125042756],[103.03599981967812,-0.040972252245418374],[103.03582053340801,-0.0409722613525972],[103.03582052438192,-0.04079176680995761],[103.03546195172295,-0.04079178494287542],[103.03546193379191,-0.04043079569709755],[103.03564122014052,-0.0404307867110711],[103.03564121123438,-0.040250292128283315],[103.03582049754276,-0.04025028318197827],[103.03582047984924,-0.03988929409660871],[103.03564119354164,-0.03988930296267782],[103.03564118475504,-0.03970880837986021],[103.03528261202106,-0.039708826030593995],[103.03528260327509,-0.039528331367535904],[103.03510331684873,-0.039528340152205896],[103.03510330814298,-0.03934784544902535],[103.03492402167717,-0.03934785419319672],[103.03492401301163,-0.039167359449895515],[103.03474472650636,-0.03916736815357182],[103.03474471788105,-0.038986873370151796],[103.03456543133632,-0.038986882033336556],[103.03456542275124,-0.03880638720979951],[103.034206849543,-0.03880640445481241],[103.03420683249385,-0.0384454146472907],[103.03456540570058,-0.03844539756269655],[103.03456539723501,-0.03826490273913075],[103.03474468377824,-0.038264894236375385],[103.03474465031287,-0.03754291510244712],[103.03492393681479,-0.03754290675975289],[103.03492392854767,-0.037362412016356546],[103.03510321500939,-0.037362403713404956],[103.03510319859396,-0.03700141430680632],[103.03528248501512,-0.037001406083713544],[103.03528247686681,-0.03682091142051309],[103.03546176324775,-0.03682090323717183],[103.03546175513893,-0.036640408614076664],[103.03617890026277,-0.03664037603757533],[103.03617890837302,-0.036820870500195065],[103.0363581945547,-0.036820862315047956],[103.03635818644409,-0.0366403678925515],[103.03707533077085,-0.036640335308862244],[103.03707532269866,-0.036459841046867524],[103.03743389462215,-0.036459824833132586],[103.03743388658914,-0.036279330651394846],[103.03797174417431,-0.0362793064485226],[103.03797173618008,-0.0360988123871882],[103.03815102196172,-0.03609880435899339],[103.03815101400703,-0.03591831033779101],[103.03833029974844,-0.035918302349384874],[103.03833030770348,-0.03609879633044451],[103.03886816468949,-0.03609877224267338],[103.03886819691269,-0.0368207476850663],[103.03868891128914,-0.036820755875269694],[103.03868892763928,-0.037181743676707645],[103.0383303562711,-0.037181760216612576]]],[[[103.04048184059465,-0.03844511544911855],[103.04048181528064,-0.03790363495182452],[103.04066110050748,-0.03790362651701493],[103.04066111734434,-0.03826461343488889],[103.04084040253204,-0.03826460491937245],[103.04084042808769,-0.038806085175609434],[103.04066114289886,-0.0388060938116285],[103.04066112582262,-0.03844510689381165],[103.04048184059465,-0.03844511544911855]]],[[[103.038330007924,-0.028518049118781905],[103.03832999540327,-0.028157061155984202],[103.03886785234798,-0.028157042367523654],[103.03886786487035,-0.028518030089443612],[103.03904715043937,-0.028518023745771406],[103.03904715676066,-0.028698517566570977],[103.03850929993311,-0.028698536717192615],[103.03850929361266,-0.028518042775948865],[103.038330007924,-0.028518049118781905]]],[[[103.03420633615659,-0.025810771362560537],[103.03420633048019,-0.025630276458229174],[103.03492347664563,-0.025630253677766505],[103.03492347100807,-0.0254497589338546],[103.03528204385125,-0.025449747622338384],[103.03528205516723,-0.025810736949708785],[103.03492348232304,-0.02581074842167206],[103.03492348804029,-0.025991243165571207],[103.03402705523138,-0.025991272041576714],[103.03402704951539,-0.025810777097149726],[103.03420633615659,-0.025810771362560537]]],[[[103.04209795432224,-0.07508514509692647],[103.04209798760874,-0.07544613136622541],[103.04191870258627,-0.07544614816144002],[103.04191880339923,-0.07652910720996593],[103.04156023322567,-0.0765291412803031],[103.04156019946468,-0.07616815477016066],[103.04138091431953,-0.07616817172385393],[103.04138089749965,-0.07598767842857966],[103.04156018264405,-0.07598766151506103],[103.04156016586333,-0.07580716825994258],[103.04138088071966,-0.07580718513328652],[103.0413808472794,-0.07544619854264387],[103.0412015620973,-0.07544621533489844],[103.04120152881814,-0.07508522866383507],[103.04138081399876,-0.0750852119519263],[103.0413807974183,-0.07490471865653955],[103.0415600825583,-0.07490470198406897],[103.0415600991395,-0.07508519523928103],[103.04173938424033,-0.07508517852589933],[103.04173936765841,-0.07490468531086368],[103.04227722271922,-0.07490463528683966],[103.04227723930333,-0.07508512838133534],[103.04209795432224,-0.07508514509692647]]],[[[103.04371153434492,-0.07526548740305286],[103.04371150112507,-0.07490450185711564],[103.04389078574616,-0.074904485175094],[103.0438907691954,-0.07472399244229513],[103.04407005377581,-0.07472397579973829],[103.04407003726425,-0.07454348310712036],[103.04460789076373,-0.0745434332956613],[103.04460792383114,-0.07490441843966064],[103.04442863936978,-0.074904435124621],[103.04442865596268,-0.07508492773679758],[103.04424937146067,-0.07508494446122627],[103.04424938809274,-0.07526543711358719],[103.04371153434492,-0.07526548740305286]]],[[[103.04191832944667,-0.07129480513593081],[103.04191834523112,-0.07147529831115151],[103.04173906018448,-0.07147531422170554],[103.04173907600816,-0.07165580743708673],[103.04138050579377,-0.07165583933644265],[103.04138042708148,-0.07075337285760426],[103.04173899728893,-0.07075334136000384],[103.04173901295296,-0.07093383457545573],[103.04191829799751,-0.07093381878543634],[103.04191831370214,-0.07111431196069239],[103.04209759870747,-0.07111429612979726],[103.0420976144527,-0.0712947892648557],[103.04191832944667,-0.07129480513593081]]],[[[103.04299394499076,-0.07021175229393502],[103.04299391401233,-0.06985076642544318],[103.04317319877335,-0.06985075087169712],[103.04317318334334,-0.06967025797761577],[103.04353175274427,-0.06967022694845477],[103.04353176817565,-0.06985071976214964],[103.04389033741825,-0.06985068864986171],[103.0438903528909,-0.07003118138314562],[103.04335249896509,-0.07003122817113759],[103.04335251447563,-0.07021172102499187],[103.04299394499076,-0.07021175229393502]]],[[[103.05070298497779,-0.06822567615478735],[103.0507029698792,-0.06804518495015548],[103.05052368680313,-0.06804520013002659],[103.05052367174521,-0.06786470888511285],[103.0507029548206,-0.0678646937455067],[103.05070293980201,-0.06768420254084108],[103.05142007170096,-0.0676841421368378],[103.05142008672219,-0.06786463318042595],[103.05124080380679,-0.06786464832269457],[103.05124081886737,-0.06804513940653786],[103.05106153591132,-0.06804515458841114],[103.05106155101124,-0.06822564571250779],[103.05070298497779,-0.06822567615478735]]],[[[103.04102158163475,-0.06750452357882386],[103.04102156673162,-0.06732403020235095],[103.040842281501,-0.06732404518550457],[103.04084226663842,-0.06714355176884555],[103.04066298136857,-0.06714356671117125],[103.04066296654653,-0.06696307325432803],[103.04138010738394,-0.06696301364175472],[103.0413800925992,-0.0667825203455758],[103.04173866277716,-0.06678249061569941],[103.04173869238915,-0.06714347704733847],[103.04191797741959,-0.0671434621010613],[103.04191802213886,-0.06768494162786019],[103.04120088176983,-0.06768500189112386],[103.04120086682612,-0.06750450855483879],[103.04102158163475,-0.06750452357882386]]],[[[103.0496271515056,-0.06660134444920657],[103.04962713677087,-0.0664208530028611],[103.04944785346076,-0.06642086781643894],[103.04944783876667,-0.06624037632982265],[103.04962712207612,-0.06624036155649912],[103.04962710742136,-0.06605987011012068],[103.04998567391901,-0.06605984064203856],[103.04998565930295,-0.06587934927615766],[103.05034422563936,-0.06587931988600484],[103.0503442402567,-0.0660598111713647],[103.05052352336557,-0.06605979643505591],[103.05052355272154,-0.06642077892520001],[103.0503442696114,-0.06642079374203513],[103.05034428434872,-0.06660128502734562],[103.0496271515056,-0.06660134444920657]]],[[[103.04478610473898,-0.06172844688778024],[103.04478611841782,-0.0619089394207852],[103.04442754963104,-0.061908967001828207],[103.0444275633486,-0.06208945961522906],[103.04406899440087,-0.062089487274247374],[103.0440689806845,-0.06190899458044234],[103.04353112696523,-0.06190903594380936],[103.04353109965591,-0.06154805031496725],[103.04371038426773,-0.061548036608177266],[103.0437103571169,-0.0611870510596658],[103.04406892621836,-0.06118702380506896],[103.04406891270165,-0.06100653111118754],[103.04424819719188,-0.0610065175231901],[103.0442481837145,-0.06082602486949475],[103.044606752574,-0.060825997772112485],[103.04460676605254,-0.06100649034540014],[103.04478605042297,-0.06100647675560759],[103.04478606394207,-0.06118696928867358],[103.04460677957105,-0.06118698291867263],[103.04460682036616,-0.06172846063839883],[103.04478610473898,-0.06172844688778024]]],[[[103.0519574468837,-0.061727896366572756],[103.05195743322078,-0.06154740544326479],[103.05159886763413,-0.061547432911778784],[103.05159882688899,-0.06100595990010463],[103.05177810970052,-0.061005946286976136],[103.05177809619823,-0.060825455323329954],[103.05213666170008,-0.06082542817583434],[103.05213667520357,-0.06100591905892412],[103.05231595789506,-0.061005905444000585],[103.05231599864739,-0.06154737797233618],[103.05213671595408,-0.06154739170810232],[103.05213672961762,-0.061727882591131204],[103.0519574468837,-0.061727896366572756]]],[[[103.04980588972714,-0.05956216474542033],[103.05016445610077,-0.05956213817467178],[103.05016444292374,-0.059381646848489705],[103.05052300913624,-0.059381620355928935],[103.05052299599805,-0.05920112911025666],[103.0510608450151,-0.05920108948784751],[103.05106087133495,-0.05956207173757709],[103.05070230536127,-0.05956209831416752],[103.05070231858004,-0.05974258951954535],[103.049805902943,-0.05974265615210511],[103.04980588972714,-0.05956216474542033]]],[[[103.04478583954914,-0.05811859622452255],[103.0447858524292,-0.05829908875782549],[103.0446065680675,-0.05829910174452032],[103.04460658098694,-0.05847959431801526],[103.04442729658471,-0.05847960734434304],[103.04442732254228,-0.05884059257169889],[103.04424803809898,-0.05884060567785899],[103.04424805113709,-0.05902109833171799],[103.0437101975659,-0.05902113776733386],[103.0437101845295,-0.05884064499287658],[103.0435308999265,-0.05884065809672818],[103.0435308869306,-0.05866016528206039],[103.04335160228823,-0.058660178345140736],[103.04335157641736,-0.058299192635373295],[103.04424799922425,-0.05829912771619454],[103.04424798634587,-0.05811863506227737],[103.0444272707869,-0.05811862211692916],[103.04442724514881,-0.057757636889457536],[103.04460652954876,-0.05775762402394875],[103.04460651678906,-0.05757713145039616],[103.0447858011485,-0.05757711862452736],[103.04478578842819,-0.05739662609116699],[103.04496507274715,-0.05739661330494174],[103.0449650600662,-0.057216120811775385],[103.04514434434466,-0.05721610806519725],[103.04514435702617,-0.057396600518153526],[103.04532364126524,-0.05739658773080235],[103.04532366674918,-0.05775757255624851],[103.045144382509,-0.05775758542402331],[103.0451444081516,-0.05811857032983576],[103.04478583954914,-0.05811859622452255]]],[[[103.04478571294494,-0.0563136708907071],[103.04478572542564,-0.0564941634241523],[103.04460644106952,-0.05649417600878203],[103.04460646614962,-0.05685516115604329],[103.04371004376448,-0.05685522447289223],[103.04371005636166,-0.0570357172475077],[103.04317220244977,-0.05703575535150756],[103.04317217729864,-0.056674769561097765],[103.04335146197478,-0.0566747569407086],[103.04335144945854,-0.056494264085674935],[103.04388930324569,-0.05649422634175981],[103.04388929076774,-0.05631373360729978],[103.04442714419386,-0.0563136959790012],[103.0444271317542,-0.056133203365130765],[103.04460641614916,-0.056133190861464635],[103.0446064037489,-0.05595269828778501],[103.0449649724179,-0.055952673359215804],[103.04496498481927,-0.056133165852480627],[103.04514426909442,-0.05613315334716276],[103.04514429401807,-0.0564941382532305],[103.04496500974183,-0.05649415083896845],[103.04496499726058,-0.05631365834573154],[103.04478571294494,-0.0563136708907071]]],[[[103.0489092796965,-0.05685485704110637],[103.04890925458989,-0.056493873824734774],[103.04980567117566,-0.056493810829552536],[103.04980565867957,-0.05631331942260836],[103.04998494187622,-0.056313306862167484],[103.04998492941958,-0.056132815495467135],[103.05052277876794,-0.056132777931614704],[103.0505228037245,-0.05649376042343304],[103.05070208676173,-0.05649374782051794],[103.05070209930057,-0.056674239026141146],[103.05052281626277,-0.05667425166932118],[103.05052282884104,-0.056854742915195246],[103.0489092796965,-0.05685485704110637]]],[[[103.0485505766847,-0.054869473820133276],[103.04855058885715,-0.055049965508943456],[103.04872987232987,-0.05504995323408704],[103.04872992142151,-0.05577191982820878],[103.04783350364735,-0.055771982001929774],[103.04783344239623,-0.054869522753195434],[103.0480127260283,-0.05486951052073716],[103.04801271389745,-0.0546890187111876],[103.0478334302659,-0.05468903090340751],[103.04783341817554,-0.05450853905360602],[103.0474748507936,-0.05450856335596522],[103.04747482673493,-0.054147579495378795],[103.04765411044481,-0.054147567424936156],[103.04765409847488,-0.0539670755348576],[103.04837123291267,-0.05396702740873325],[103.04837126894867,-0.054508502596057495],[103.04819198539761,-0.0545085147491083],[103.04819199748901,-0.05468900651843128],[103.04837128104063,-0.054688994325138574],[103.04837129317255,-0.054869486054206065],[103.0485505766847,-0.054869473820133276]]],[[[103.04173775095148,-0.05450895190287071],[103.04173776302375,-0.05468944511972355],[103.04155847799436,-0.054689457293169146],[103.04155846592263,-0.054508964036139904],[103.0411998957452,-0.054508988301074354],[103.04119985977259,-0.05396750828886311],[103.04173771497413,-0.053967472252231224],[103.04173772692667,-0.05414796546912451],[103.04245486663875,-0.054147917252147945],[103.04245487863332,-0.05432841030830444],[103.04227559376464,-0.05432842240352873],[103.0422756057986,-0.05450891549985523],[103.04173775095148,-0.05450895190287071]]],[[[103.04890884111053,-0.05017666752946622],[103.04890883001646,-0.04999617592079653],[103.04908811339489,-0.049996164771832025],[103.0490881023403,-0.04981567320339891],[103.04890881896235,-0.04981568431211443],[103.04890880794822,-0.04963519270341995],[103.04962594121822,-0.04963514842663284],[103.0496259522343,-0.049815639874320736],[103.04998451863034,-0.04981561765249232],[103.04998455192137,-0.05035709175393989],[103.04926741896344,-0.050357136678704575],[103.04926740782841,-0.05017664515054708],[103.04890884111053,-0.05017666752946622]]],[[[103.05123942345391,-0.048552102263207955],[103.0533908150699,-0.04855197223382016],[103.05339082585601,-0.04873246283583216],[103.05321154344095,-0.048732473714525035],[103.0532115542666,-0.048912964356816406],[103.05123944505472,-0.04891308443398157],[103.05123942345391,-0.048552102263207955]]],[[[103.05141825363154,-0.040249503342174676],[103.05141822704937,-0.039708030205227125],[103.051597509843,-0.03970802134500223],[103.0515975010619,-0.039527530339607014],[103.05195606652842,-0.0395275126985417],[103.0519560753103,-0.03970800362338408],[103.05177679259666,-0.03970801248438787],[103.05177680141816,-0.0398885034494977],[103.05159751866412,-0.039888512350387574],[103.05159753642636,-0.04024949436112849],[103.05141825363154,-0.040249503342174676]]],[[[103.04837006519021,-0.03176654463847974],[103.04837005817488,-0.03158605290803815],[103.04819077467708,-0.031586059950367576],[103.04819076770202,-0.031405568179676276],[103.04837005119953,-0.03140556117758874],[103.04837004426416,-0.03122506944713151],[103.04854932772136,-0.031225062484979606],[103.04854933465707,-0.031405554175193175],[103.0489079014522,-0.031405540169477955],[103.04890790842848,-0.03158603177919109],[103.04908719176638,-0.031586024735622456],[103.04908719878294,-0.03176651630507878],[103.04837006519021,-0.03176654463847974]]],[[[103.04657680537862,-0.01786872120637973],[103.04657681336978,-0.01822970547287352],[103.04639752949029,-0.018229709535515386],[103.04639752149947,-0.017868725188573232],[103.04621823758038,-0.017868729170591482],[103.04621822974974,-0.017507744743186757],[103.04603894579105,-0.01750774864458847],[103.04603894193582,-0.017327256390658928],[103.04585965793734,-0.017327260251670046],[103.04585965034707,-0.016966275663360373],[103.04621821830342,-0.016966268102047193],[103.04621821456789,-0.016785775888325527],[103.04639749848596,-0.016785772147641733],[103.04639749479021,-0.0166052799741383],[103.04675606250619,-0.01660527257272693],[103.04675606993828,-0.01696625675882937],[103.04693535373667,-0.016966252977423935],[103.04693536908104,-0.017688221188667034],[103.04675608528198,-0.017688225130983337],[103.04675608921781,-0.01786871722401096],[103.04657680537862,-0.01786872120637973]]],[[[103.05626105130321,-0.07183500310586076],[103.05626106726345,-0.07201549306103579],[103.0560817854131,-0.07201550914863177],[103.05608180141267,-0.07219599914410871],[103.05572323759041,-0.07219603139781607],[103.0557232056341,-0.07183505124557557],[103.05590248756384,-0.0718350351997085],[103.05590247164506,-0.07165454516387777],[103.05608175353406,-0.07165452915762423],[103.05608173765462,-0.07147403916209372],[103.05626101950288,-0.07147402319545723],[103.0562610036628,-0.07129353324022877],[103.05697813065254,-0.07129346952796986],[103.05697814649541,-0.07147395932190129],[103.05679886480736,-0.07147397529134178],[103.05679888068958,-0.07165446512558232],[103.0566195989608,-0.07165448113464697],[103.05661961488238,-0.07183497100919486],[103.05626105130321,-0.07183500310586076]]],[[[103.0521374481432,-0.0705719358398822],[103.05213743251916,-0.07039144495765744],[103.05195814975436,-0.07039146066649606],[103.05195811862768,-0.07003047882143591],[103.05177883582424,-0.07003049444902944],[103.05177880485897,-0.06966951252334506],[103.05285450107128,-0.06966941923086226],[103.05285453204473,-0.07003040067316543],[103.05303381460809,-0.07003038504145079],[103.05303384574297,-0.07039136640310847],[103.0526752805735,-0.07039139782699924],[103.0526752961996,-0.07057188858837601],[103.0521374481432,-0.0705719358398822]]],[[[103.06002552986857,-0.0667809709178363],[103.06002554472106,-0.06696146002636907],[103.05984626373109,-0.06696147499880142],[103.05984627862301,-0.06714196414767455],[103.0591291542597,-0.06714202419224687],[103.05912912452115,-0.06678104557166342],[103.06002552986857,-0.0667809709178363]]],[[[103.05464705321303,-0.06642043795819125],[103.05482633536283,-0.06642042312572134],[103.05482639461715,-0.06714238423842224],[103.05428854803985,-0.0671424292175243],[103.05428853316818,-0.06696193881846232],[103.05375068623255,-0.06696198367074192],[103.05375067140285,-0.06678149315076758],[103.05339210658026,-0.06678152296841525],[103.05339209179189,-0.06660103236783599],[103.05321280932122,-0.06660104723538583],[103.05321282410894,-0.06678153787625661],[103.05303354159759,-0.06678155278344299],[103.05303355642468,-0.06696204346458684],[103.05285427387265,-0.06696205841140619],[103.05285425904621,-0.06678156768997436],[103.05267497645482,-0.06678158259585075],[103.05267496166907,-0.06660109183411612],[103.05249567903832,-0.06660110669905311],[103.05249566429322,-0.06642061589701752],[103.0523163816231,-0.06642063072101864],[103.05231636691865,-0.06624013987868392],[103.05303349735645,-0.06624008073991196],[103.05303348268944,-0.06605959005870199],[103.05357133009565,-0.06605954581867586],[103.05357131546673,-0.06587905525832398],[103.0539298802028,-0.06587902584232556],[103.053929894833,-0.06605951632208563],[103.05446774163883,-0.066059472072341],[103.054467756311,-0.06623996243118359],[103.05464703850019,-0.066239947639669],[103.05464705321303,-0.06642043795819125]]],[[[103.06181791043534,-0.061366160407576496],[103.06181788324396,-0.06100518299684254],[103.0619971637723,-0.06100516934960948],[103.06199715023618,-0.060824680684596205],[103.06235571117134,-0.060824653469093395],[103.06235572470865,-0.061005142053348456],[103.06217644426053,-0.06100515570177813],[103.06217645783735,-0.06118564432639802],[103.06235573828607,-0.061185630637588355],[103.06235575190361,-0.061366119221813044],[103.06181791043534,-0.061366160407576496]]],[[[103.06217629756262,-0.059019780829967956],[103.06217631069825,-0.05920026945475227],[103.06199703021588,-0.05920028269880136],[103.06199704339103,-0.05938077136394914],[103.06163848230482,-0.05938079793105666],[103.0616384429031,-0.058839331693315705],[103.06145916230157,-0.058839344854877164],[103.06145914924845,-0.05865885606856126],[103.06163842984941,-0.05865884294737274],[103.06163841683583,-0.058478354201415186],[103.06235553883636,-0.058478301872417475],[103.06235555185224,-0.05865879045686565],[103.06253483225267,-0.058658777332800664],[103.06253484530922,-0.05883926587685252],[103.06235556490822,-0.058839279041299285],[103.0623555780043,-0.059019767625718256],[103.06217629756262,-0.059019780829967956]]],[[[103.06056271966187,-0.058297943689522964],[103.0605626809922,-0.057756476724887096],[103.06145908458437,-0.05775641213676399],[103.06145912326251,-0.058297878495885795],[103.06110056194255,-0.05829790457505594],[103.06110054901087,-0.05811741570795592],[103.06092126829131,-0.05811742870631575],[103.06092128122242,-0.058297917613783376],[103.06056271966187,-0.058297943689522964]]],[[[103.05554260246112,-0.054868996271530336],[103.05554261465444,-0.055049486389456045],[103.05572189656677,-0.05504947409354256],[103.0557219333886,-0.05559094432629393],[103.05536336952068,-0.055590969159462635],[103.05536338187362,-0.055771459317646065],[103.05482553576981,-0.055771496684237504],[103.0548255111072,-0.0554105161260017],[103.0546462289936,-0.05541052849982689],[103.05464619230158,-0.05486905754145312],[103.05482547441356,-0.05486904528854485],[103.05482546226243,-0.05468855500936525],[103.05464618015097,-0.05468856722196787],[103.0546461680404,-0.05450807690246901],[103.05446688588945,-0.05450808907423139],[103.05446687381945,-0.05432759871441514],[103.05428759162899,-0.0543276108453408],[103.05428757959955,-0.05414712044520894],[103.05482542604923,-0.05414708417174505],[103.05482541405824,-0.05396659389251135],[103.05500469612755,-0.05396658184060199],[103.05500470811907,-0.05414707207952828],[103.05518399014885,-0.05414705998678046],[103.05518400218094,-0.054327550185384106],[103.05536328417121,-0.054327538051794265],[103.05536332050929,-0.054869008526591184],[103.05554260246112,-0.054868996271530336]]],[[[103.0526738172229,-0.05071790474176701],[103.052673873945,-0.05162035855673531],[103.05231530873908,-0.051620381598891645],[103.05231527458876,-0.051078909068247726],[103.0521359919273,-0.05107892046772388],[103.05213596936147,-0.0507179387000027],[103.0526738172229,-0.05071790474176701]]],[[[103.0670163165072,-0.05107797260642219],[103.06701629385907,-0.05071699753737077],[103.06719557319258,-0.05071698617717081],[103.06719556192826,-0.05053649868305393],[103.0677333996863,-0.05053646472076367],[103.0677334336042,-0.051077926839194536],[103.0675541543902,-0.05107793828175284],[103.06755416577599,-0.051258425694970876],[103.0671956072265,-0.05125844865944555],[103.0671955958417,-0.05107796116536667],[103.0670163165072,-0.05107797260642219]]],[[[103.05733490194424,-0.0465663468010583],[103.05733489162846,-0.04638585708576472],[103.05715561010032,-0.046385867450677215],[103.05715558958984,-0.04602488793939467],[103.05697630802256,-0.04602489822319493],[103.0569762876732,-0.045663918631209346],[103.0571555692396,-0.04566390842806636],[103.05715555912455,-0.04548341867238517],[103.05733484065044,-0.045483408509124766],[103.05733485076593,-0.04566389822447553],[103.05751413225221,-0.045663888020436846],[103.05751416284035,-0.04620535704542436],[103.0576934442879,-0.04620534671993593],[103.05769346488123,-0.04656632598920235],[103.05733490194424,-0.0465663468010583]]],[[[103.05482488557394,-0.04530306047434964],[103.05482486555559,-0.04494207991466233],[103.05536271157109,-0.044942049803722885],[103.05536273159207,-0.04530303012155517],[103.05482488557394,-0.04530306047434964]]],[[[103.06074102549903,-0.04259539214112823],[103.06074106366917,-0.04331734793671272],[103.06056178290994,-0.04331735762408017],[103.06056176374551,-0.042956379645581175],[103.06038248294702,-0.042956389251799225],[103.0603824639438,-0.04259541119253298],[103.06074102549903,-0.04259539214112823]]],[[[103.05805169933801,-0.04042966033487631],[103.05805169038273,-0.040249170780555246],[103.05787240902922,-0.040249179775812716],[103.05787241798409,-0.04042966937047128],[103.0576931365901,-0.04042967840566973],[103.05769312763562,-0.04024918877067546],[103.05733456472824,-0.04024920675921666],[103.05733455581459,-0.04006871704354625],[103.05805168146753,-0.040068681226224166],[103.0580516725924,-0.03988819167188314],[103.05823095390508,-0.039888182756909425],[103.0582309627806,-0.04006867227091121],[103.0584102440536,-0.040068663315205255],[103.05841027092177,-0.04061013173612754],[103.0582309896476,-0.04061014081285658],[103.05823098065186,-0.040429651298884824],[103.05805169933801,-0.04042966033487631]]],[[[103.062712836986,-0.03700014367498677],[103.06271286183664,-0.03754160919025386],[103.06217502079983,-0.03754163438845374],[103.0621750041948,-0.03718065713599449],[103.06235428457978,-0.03718064881772266],[103.06235427633708,-0.03700016023185911],[103.062712836986,-0.03700014367498677]]],[[[103.05590014904482,-0.03681996796891377],[103.05590015723448,-0.037000458007350266],[103.05536231163202,-0.037000482800745624],[103.05536227911796,-0.03627852216317123],[103.05518299717181,-0.036278530265666825],[103.05518298914376,-0.03609804006593964],[103.05536227108955,-0.03609803200375498],[103.05536226310117,-0.03591754184432975],[103.05572082687193,-0.035917525799525465],[103.05572083486099,-0.03609801587832352],[103.05625868021781,-0.036097991687521036],[103.05625870442849,-0.03663946156099902],[103.05607942268188,-0.03663946974591325],[103.05607943083184,-0.036819959744040884],[103.05590014904482,-0.03681996796891377]]],[[[103.05823072165883,-0.03483447636099822],[103.0582307294124,-0.03501496587526065],[103.05769288538372,-0.03501498935167166],[103.0576928699187,-0.03465401008111321],[103.05751358849635,-0.03465401782522883],[103.05751358082429,-0.03447352814960272],[103.05733429936221,-0.034473535853046286],[103.05733428413892,-0.034112556421104064],[103.05840997230638,-0.0341125106794103],[103.05840997989999,-0.034293000153366074],[103.05823069863858,-0.03429300781815914],[103.05823071394535,-0.03465398684672712],[103.05840999520743,-0.034653979101252],[103.05841000292126,-0.034834468575182076],[103.05823072165883,-0.03483447636099822]]],[[[103.06181627865237,-0.03339041092261073],[103.06181629357152,-0.033751388336949635],[103.06163701307278,-0.03375139588700899],[103.0616370205922,-0.03393188463454054],[103.06145774005302,-0.033931892224641776],[103.0614577476122,-0.03411238101253777],[103.06109918641286,-0.03411239627248234],[103.06109917885433,-0.03393190740384587],[103.06056133675563,-0.033931930170156124],[103.06056134431314,-0.03411241915989001],[103.06038206353304,-0.03411242678835678],[103.06038207113033,-0.03429291581844445],[103.06056135191075,-0.03429290814961541],[103.06056136722627,-0.034653886129040586],[103.06038208644516,-0.03465389387859416],[103.06038207876769,-0.03447340484852359],[103.0600235170859,-0.0344734202658919],[103.06002350944921,-0.03429293115509355],[103.0598442285485,-0.03429293882291359],[103.05984422095223,-0.03411244967174974],[103.05966494001177,-0.034112457298878275],[103.0596649324559,-0.03393196810735076],[103.05984421339603,-0.03393196052057742],[103.05984420587993,-0.03375147136939664],[103.06002348677963,-0.03375146382264746],[103.06002347186701,-0.03339048560097472],[103.06056131432362,-0.033390463200904046],[103.06056130692647,-0.03320997421113668],[103.06074058766482,-0.033209966784155526],[103.06074058030745,-0.03302947783474395],[103.0609198610054,-0.033029470447802904],[103.06091985368779,-0.03284898153874892],[103.06127841496274,-0.03284896684463193],[103.061278422281,-0.033029455672948994],[103.06145770285866,-0.033029448285036137],[103.06145771021731,-0.03320993707297387],[103.06163699075519,-0.03320992964436419],[103.06163699815428,-0.03339041839192078],[103.06181627865237,-0.03339041092261073]]]]}},{"type":"Feature","properties":{"eventId":"RIAU-20260822-030","firstDetection":"2026-08-22T06:12:00+00:00","lastDetection":"2026-08-22T13:40:00+00:00","estimatedAreaHa":144.84,"confidence":"sedang","hotspotCount":2,"detectionDays":1,"villages":["Pulau Muda"],"districts":["Teluk Meranti"],"regencies":["Pelalawan"],"method":"Sentinel-2 dNBR/NBR indication","resolutionM":20,"clearCoveragePct":93.8,"preSceneDates":["2026-08-02","2026-08-07","2026-08-14","2026-08-17"],"postSceneDates":["2026-08-27","2026-09-01","2026-09-03"],"status":"estimate","disclaimer":"Estimasi berbasis citra satelit; bukan hasil verifikasi lapangan.","province":"Riau","villageAreas":[{"village":"Pulau Muda","district":"Teluk Meranti","regency":"Pelalawan","areaHa":144.84}],"unassignedAreaHa":0.0,"archiveEventId":"BA-5dac1506f8e430ea","reportMonth":"2026-08"},"geometry":{"type":"MultiPolygon","coordinates":[[[[102.9019151061049,0.2377501154898522],[102.9020944231341,0.2377500643943523],[102.90209437239831,0.23756954045299725],[102.90173573830603,0.23756964256407045],[102.90173568761342,0.23738911854506434],[102.90101841897571,0.237389322584065],[102.90101836833088,0.23720879840983627],[102.90065973378546,0.23720890033778488],[102.90065988582163,0.23775047309301128],[102.90048056848418,0.2377505241698426],[102.9004806700296,0.23811157275060202],[102.90083930467524,0.23811147043946976],[102.90083935551037,0.23829199465219408],[102.9015566243486,0.2382917898467267],[102.90155657350417,0.2381112657891598],[102.90173589061507,0.23811121462073956],[102.90173583980685,0.2379306906019081],[102.90191515687691,0.23793063946994625],[102.9019151061049,0.2377501154898522]]],[[[102.89832911331845,0.23901481019825085],[102.89832916431358,0.2391953349535103],[102.89814984645687,0.2391953863100857],[102.8981498974882,0.2393759111040468],[102.89886716869334,0.23937570550860762],[102.89886706665057,0.23901465623072904],[102.8986877489117,0.2390147075555823],[102.8986877999115,0.23919523223331637],[102.8985084821318,0.2391952835945872],[102.89850843113433,0.2390147588780896],[102.89832911331845,0.23901481019825085]]],[[[102.89815244518586,0.24822162593547728],[102.898152392268,0.2480411011444401],[102.89743511999063,0.24804131414338074],[102.89743517289881,0.24822183908944087],[102.8976144910283,0.24822178580460463],[102.8976145439774,0.24840231071185087],[102.89797318012577,0.24840220405735766],[102.89797323311821,0.24858272888703173],[102.89833186911741,0.2485826221452673],[102.8983319221532,0.2487631468973619],[102.89869055800327,0.2487630400683121],[102.89869050496263,0.24858251539374313],[102.89851118705928,0.24858256877072518],[102.89851113405958,0.24840204405733152],[102.89833181612015,0.24840209739311175],[102.89833176316138,0.24822157264089548],[102.89815244518586,0.24822162593547728]]],[[[102.89080090536079,0.25002907269900637],[102.89062158574545,0.25002912627811513],[102.8906216389844,0.2502096526948083],[102.8904423193282,0.2502097063101469],[102.89044237260313,0.25039023276546274],[102.89062169226176,0.2503901791114403],[102.89062174557755,0.250570705528011],[102.89115970433022,0.2505705444351346],[102.89115965100709,0.2503900181346263],[102.89133897051201,0.2503899644707729],[102.89133891722489,0.2502094382088945],[102.89080095860217,0.25020959907701396],[102.89080090536079,0.25002907269900637]]],[[[102.89367049488655,0.2516529469264382],[102.8936704412985,0.25147242116813473],[102.89331180322041,0.2514725290218437],[102.89331174967572,0.2512920031860523],[102.89277379227754,0.25129216483197664],[102.89277389939068,0.2516532167357506],[102.89367049488655,0.2516529469264382]]],[[[102.90640215470684,0.252010154979935],[102.9064021008675,0.2518296319749854],[102.90604346824911,0.25182974033454286],[102.90604341445325,0.25164921725185346],[102.90586409808863,0.2516492713890883],[102.90586404433381,0.25146874826750093],[102.90550541149376,0.2514688564568934],[102.9055053577824,0.2512883332575768],[102.90514672479297,0.2512884413594363],[102.90514677849943,0.25146896463641305],[102.9049674619444,0.2514690187224706],[102.9049676232878,0.25201058866951365],[102.90478830668685,0.2520106428695803],[102.90478846836999,0.25255221293254493],[102.90532641807928,0.252552049975477],[102.90532647205818,0.2527325732131923],[102.90550578855327,0.25273251885038095],[102.9055058425732,0.2529130420492034],[102.90586447545259,0.2529129332384716],[102.90586452951604,0.25309345635956454],[102.90604384590033,0.2530934019116387],[102.90604390000482,0.2532739249938332],[102.906223216353,0.25327387050458516],[102.90622327049854,0.2534543935478795],[102.90676121931902,0.25345422994869504],[102.90676111105171,0.25309318409509446],[102.9069404272431,0.25309312963474806],[102.90694015723774,0.2521905151938882],[102.90658152484103,0.2521906237236533],[102.90658147096063,0.252010100757607],[102.90640215470684,0.252010154979935]]],[[[102.90443048518178,0.25471860273622826],[102.90425116842808,0.2547186575111808],[102.90425138636685,0.2554407513904802],[102.9044307031305,0.25544069646024586],[102.90443053961111,0.25489912616732635],[102.90460985632873,0.25489907135105155],[102.90460974750366,0.2545380245664373],[102.904430430791,0.2545380793050677],[102.90443048518178,0.25471860273622826]]],[[[102.90981178886966,0.2606741930587112],[102.90981173313011,0.2604936707950713],[102.90909447019274,0.26049389515536847],[102.90909458169014,0.2608549399935521],[102.90963252896633,0.2608547714939437],[102.90963258478057,0.26103529379632934],[102.91017053171687,0.2610351251570525],[102.91017058757735,0.26121564734274805],[102.91034990314812,0.2612155910856527],[102.91034995904977,0.26139611323240536],[102.91052927458443,0.26139605693386553],[102.91052916281464,0.26103501271805796],[102.91070847830561,0.2610349564947176],[102.91070831093295,0.260493390287174],[102.9101703643671,0.26049355859958245],[102.91017042011174,0.2606740807854698],[102.90981178886966,0.2606741930587112]]],[[[102.89743997956033,0.26410803409973593],[102.89744003589448,0.2642885590402144],[102.89761935424634,0.264288502306351],[102.89761941062156,0.26446902720801163],[102.8977987289375,0.2644689704327992],[102.89779850365734,0.26374687098078853],[102.8976191853517,0.26374692760098123],[102.89761924161141,0.26392745250283584],[102.89726060487948,0.26392756581295934],[102.89726066117255,0.26410809079225384],[102.89743997956033,0.26410803409973593]]],[[[102.9085578139517,0.26464608170401915],[102.90855775738066,0.26446555916971676],[102.9081991253361,0.2644656730290401],[102.90819918190198,0.2646461956410632],[102.90784054969787,0.26464630956771734],[102.90784060629719,0.2648268322573892],[102.90766129013466,0.2648268892556743],[102.90766134676998,0.26500741198413535],[102.90748203056629,0.26500746901867345],[102.90748208723763,0.265187991785922],[102.90730277099273,0.26518804885670977],[102.9073028277001,0.26536857166274397],[102.90748214394756,0.26536851455310556],[102.9074822006961,0.2655490373202241],[102.90784083308044,0.26554892301542704],[102.90784088987274,0.2657294457047739],[102.90837883816756,0.26572927411145764],[102.90837872460601,0.2653682289658451],[102.90855804062191,0.26536817184057937],[102.90855792720959,0.2650071267724291],[102.90873724318172,0.2650070697222849],[102.90873712991865,0.2646460247316008],[102.9085578139517,0.26464608170401915]]],[[[102.89116437726557,0.26591527974971824],[102.8911643206757,0.26573475345457914],[102.89080568112283,0.2657348673519486],[102.89080573770751,0.26591539372446477],[102.89062641787085,0.26591545070792283],[102.89062647449137,0.2660959771190596],[102.89044715461367,0.2660960341385915],[102.8904472679648,0.26645708703803805],[102.8902679480435,0.26645714413232274],[102.89026800477411,0.2666376706206305],[102.89044732469802,0.26663761348766357],[102.89044738146966,0.2668181399372237],[102.89098534101863,0.2668179684065621],[102.89098528423919,0.26663744207305934],[102.89116460400939,0.26663738492962347],[102.89116449056061,0.26627633233980114],[102.89134381028718,0.26627627527113035],[102.89134369698695,0.2659152227584297],[102.89116437726557,0.26591527974971824]]],[[[102.90694470714541,0.2669933918248462],[102.90694476423346,0.2671739147079241],[102.90748271316954,0.2671737422213571],[102.90748265607368,0.2669932194548258],[102.90730333980285,0.2669932769141198],[102.90730328274817,0.26681275410867245],[102.90676533371195,0.26681292635429005],[102.9067653907588,0.26699344927627855],[102.90694470714541,0.2669933918248462]]],[[[102.90299973772964,0.2669946551510115],[102.90299962378376,0.26663360767628447],[102.90264098928546,0.2666337223060021],[102.90264093237553,0.2664531984909297],[102.90228229772825,0.2664533130325753],[102.90228235463299,0.2666338369252515],[102.90192371982634,0.26663395153403274],[102.90192383374101,0.26699499947438254],[102.90174451627469,0.26699505685243896],[102.90174457328722,0.2671755808613116],[102.90192389075615,0.2671755234444596],[102.90192394780983,0.267356047414471],[102.9022825826373,0.267355932495303],[102.90228263973474,0.2675364563876522],[102.90264127441326,0.2675363413803838],[102.9026412173106,0.26735581756563837],[102.90299985182973,0.2673557026254771],[102.90299979476042,0.2671751788882771],[102.90317911195955,0.2671751214530683],[102.90317905492618,0.266994597754611],[102.90299973772964,0.2669946551510115]]],[[[102.9006687817738,0.26753697379037683],[102.90084809947915,0.2675369163116889],[102.90084804240257,0.26735639210899537],[102.90102736006678,0.2673563346664684],[102.901027246024,0.2669952863384584],[102.90048929293143,0.2669954584254564],[102.90048940695857,0.26735650698617686],[102.9003100891788,0.2673565644208313],[102.90031026050062,0.26789813737776524],[102.90048957828823,0.2678980798267662],[102.90048963547517,0.26807860410683143],[102.90066895322686,0.26807854651441965],[102.90066901045492,0.268259070755636],[102.90102764584799,0.2682589554853466],[102.90102753141991,0.26789790715799205],[102.90084821374789,0.26789796471687966],[102.90084815659425,0.2677174405143171],[102.9006688388863,0.26771749803179007],[102.9006687817738,0.26753697379037683]]],[[[102.89385502309618,0.2686223103172794],[102.89385496589055,0.26844178460367435],[102.8940342850717,0.26844172703118574],[102.8940342279019,0.2682612013562328],[102.89385490872337,0.2682612588900038],[102.89385485159465,0.26808073317626746],[102.89349621312743,0.2680808481584797],[102.89349632741288,0.26844189974074706],[102.89331700811636,0.268441957305331],[102.89331706531412,0.2686224831350785],[102.89313774597653,0.26862254073573827],[102.89313786048221,0.26898359247245734],[102.89295854110092,0.2689836501478981],[102.89295865575517,0.26934470196177174],[102.89331729448978,0.2693445864534109],[102.89331723713819,0.2691640606239265],[102.89349655644519,0.2691640029044928],[102.89349649912943,0.2689834771136551],[102.89367581839535,0.2689834194302936],[102.89367570387395,0.2686223679258491],[102.89385502309618,0.2686223103172794]]],[[[102.8960068507626,0.2686216188087819],[102.89600690803815,0.26880214405759106],[102.89582758927492,0.26880220173653807],[102.89582764658631,0.2689827270240188],[102.89600696535216,0.2689826693063345],[102.89600702270464,0.2691631945550123],[102.89618634143464,0.2691631367959487],[102.89618628407952,0.2689826115860101],[102.8963656027684,0.2689825538630455],[102.8963654309261,0.2684409783490571],[102.89618611224506,0.2684410359557994],[102.89618616948474,0.2686215611659354],[102.8960068507626,0.2686216188087819]]],[[[102.9105320034066,0.2700611180355437],[102.91035268774759,0.2700611762003592],[102.91035257227529,0.26970013191303893],[102.91017325658291,0.2697001899974457],[102.91017331429711,0.269880712180018],[102.90981468279124,0.26988082841864325],[102.90981462508229,0.26970030615831825],[102.90945599342722,0.2697004223086026],[102.90945610887321,0.2700614669846774],[102.9098147405388,0.2700613506789018],[102.90981479832499,0.27024187293909446],[102.9099941141025,0.27024181474335535],[102.90999428770066,0.270783381406909],[102.91053223482521,0.27078320645386655],[102.91053217691262,0.2706026843493853],[102.91071149254093,0.27060262606527163],[102.91071143466434,0.2704221039996066],[102.91053211903866,0.27042216224483767],[102.9105320034066,0.2700611180355437]]],[[[102.9026434143086,0.2742157224795231],[102.90264335577977,0.2740351986672317],[102.90228472091117,0.274035316468239],[102.90228489659722,0.2745768881377231],[102.9021055790971,0.27457694715059],[102.90210563773351,0.2747574710790828],[102.90192632019217,0.27475753012805226],[102.90192643757527,0.2751185780624311],[102.90228507263016,0.2751184598066019],[102.9022851313849,0.2752989836960934],[102.90246444885722,0.2752989245253272],[102.90246450765318,0.27547944837595034],[102.90282314248755,0.27547932994870417],[102.90282302492344,0.2751182824026055],[102.9026437075309,0.27511834153997133],[102.90264353148187,0.2745767701039043],[102.90282284886638,0.27457671108295223],[102.90282273168775,0.2742156635361804],[102.9026434143086,0.2742157224795231]]],[[[102.91088334380657,0.24623209358126685],[102.91088339650992,0.24641261561653593],[102.91070408125795,0.24641266869281656],[102.91070413399753,0.24659319076690958],[102.91016618800266,0.24659335009788255],[102.91016624077366,0.24677387228855688],[102.90998692536239,0.2467739254329178],[102.9099870310154,0.2471349698918391],[102.91016634643148,0.24713491666972406],[102.91016645224377,0.24749596105064903],[102.91034576762605,0.24749590774835048],[102.91034587359765,0.2478569520512751],[102.91070450425602,0.24785684528386484],[102.91070434534207,0.24731527906267617],[102.91088366060606,0.24731522579197465],[102.91088360770958,0.24713470375700797],[102.91106292293256,0.247134650522765],[102.91106265901752,0.24623204054145365],[102.91088334380657,0.24623209358126685]]],[[[102.92397415679015,0.2492970415786562],[102.92415346921771,0.24929698769917014],[102.92415352275762,0.24947750685105954],[102.92433283514885,0.24947745293010976],[102.92433288872994,0.24965797204292073],[102.9248708256784,0.24965781014831895],[102.92487071854039,0.2492967721567593],[102.92451209395657,0.24929687993285798],[102.92451204045055,0.24911636085894331],[102.92397410329143,0.24911652238769041],[102.92397415679015,0.2492970415786562]]],[[[102.9268432045558,0.2494766977797306],[102.92684315097942,0.24929617921328334],[102.92702246278668,0.24929612529465128],[102.92702240924667,0.24911560676718653],[102.9272017210127,0.24911555288515339],[102.92720166750904,0.24893503439667294],[102.92738097923387,0.24893498055124202],[102.92738087233805,0.24857394365219213],[102.92666362522544,0.2485741587069008],[102.92666367864426,0.24875467731263448],[102.92648436676673,0.24875473110925295],[102.9264844202219,0.2489352497539656],[102.92630510830315,0.2489353035871811],[102.92630505485042,0.24875478490343017],[102.92594643090146,0.24875489248446075],[102.92594648434935,0.24893541124628302],[102.92612579634564,0.2489353574179537],[102.9261259033626,0.24929639486334532],[102.92630521532499,0.24929634095449976],[102.92630532250192,0.24965737832157364],[102.92684325817095,0.24965721634611657],[102.92684331182488,0.2498377349124412],[102.92702262363943,0.2498376808766783],[102.92702278484124,0.25037923645815324],[102.92684347301939,0.2503792906110471],[102.92684352682845,0.25055980917712617],[102.92756077389298,0.25055959239462194],[102.92756072007414,0.25037907398472814],[102.92738140836863,0.25037912814499375],[102.92738119349094,0.24965705434860827],[102.92702256998307,0.24965716234939722],[102.92702251636548,0.24947664382205495],[102.9268432045558,0.2494766977797306]]],[[[102.92505056803915,0.2511019078301417],[102.92505062197885,0.2512824267863135],[102.92540924638377,0.25128231813694507],[102.92540930036714,0.2514628370150016],[102.9255886125139,0.2514627826475887],[102.92558850458103,0.25110174496947285],[102.92522988025854,0.25110185354571646],[102.92522982635515,0.25092133462850885],[102.9248712018825,0.2509214431168449],[102.92487125578099,0.25110196211210256],[102.92505056803915,0.2511019078301417]]],[[[102.92307850927081,0.25236614049225814],[102.92307861767755,0.2527271792620116],[102.92343724297442,0.25272707004278033],[102.92343729724082,0.2529075893495494],[102.92397523490291,0.2529074253850649],[102.92397501804021,0.2521853486257581],[102.92343708040768,0.25218551212210133],[102.92343702629627,0.2520049928150845],[102.92325771367705,0.25200504726990736],[102.9232578219337,0.25236608596189564],[102.92307850927081,0.25236614049225814]]],[[[102.91859595111025,0.25327010474321154],[102.91859589683298,0.25308958438396617],[102.91841658315342,0.25308963900577347],[102.91841652891732,0.25290911860750565],[102.91805790144704,0.25290922776575275],[102.91805784725457,0.25272870728950747],[102.91769921963444,0.25272881635991756],[102.9176991654856,0.25254829580570176],[102.9171612237726,0.2525484592758648],[102.91716127791406,0.2527289799469297],[102.91698196392989,0.25272903447097306],[102.91698207232395,0.25309007589080956],[102.91734070026347,0.2530899666844542],[102.91734064604215,0.2529094460524612],[102.91751995995142,0.2529093914845073],[102.91752001417518,0.25308991207755066],[102.91769932804822,0.25308985746816304],[102.91769943661677,0.25345089857616027],[102.91805806425664,0.25345078919411657],[102.91805811860391,0.25363130967011344],[102.91841674609392,0.25363120020020435],[102.91841680048483,0.25381172059822354],[102.91931336854498,0.25381144668506933],[102.91931331414172,0.2536309264818698],[102.9189546870387,0.2536310359766713],[102.9189546326791,0.2534505156954764],[102.91877531907201,0.2534505704001794],[102.91877526475358,0.2532700500799583],[102.91859595111025,0.25327010474321154]]],[[[102.92038941242642,0.25435267781477944],[102.9203894669994,0.25453319778388744],[102.92021015368714,0.25453325274235883],[102.92021020829635,0.25471377275038254],[102.9203895216111,0.25471371775293306],[102.92038957626151,0.2548942377219161],[102.92056888954002,0.25489418268298697],[102.92056894423165,0.2550747026129275],[102.92038963095068,0.2550747576908366],[102.92038968567853,0.2552552776596946],[102.920568998962,0.2552552225428056],[102.92056905373107,0.2554357424726209],[102.92110699335663,0.25543557698997277],[102.9211069385801,0.25525505717710767],[102.92092762541279,0.25525511230151215],[102.92092757067746,0.25507459244959924],[102.92074825747392,0.25507464753251513],[102.9207480389298,0.25435256796830424],[102.92038941242642,0.25435267781477944]]],[[[102.91752227066273,0.2604912563383658],[102.91752232651153,0.2606717769287637],[102.91788095442926,0.260671664435499],[102.91788078698373,0.2601301028978287],[102.91752215908122,0.26013021515737855],[102.91752221485262,0.2603107357479041],[102.91734290084081,0.2603107919127994],[102.91734295664837,0.26049131254221086],[102.91752227066273,0.2604912563383658]]],[[[102.9151920831512,0.2633803243269558],[102.91537139767058,0.2633802675309331],[102.91537134127222,0.2631997464742179],[102.91572997018983,0.26319963295228],[102.91573002659332,0.26338015393113257],[102.9159093409967,0.26338009712735494],[102.91590939744142,0.26356061806720904],[102.91644734042718,0.26356044752355406],[102.91644739691831,0.2637409683465314],[102.91680602538722,0.26374085455994406],[102.91680596889094,0.2635603338148505],[102.91698528306479,0.26356027695661866],[102.91698511380041,0.26301871483778394],[102.91716442792789,0.26301865809380426],[102.91716425900398,0.2624770960912278],[102.9169849448842,0.26247715271836863],[102.91698483246682,0.26211611130510315],[102.91626757562129,0.26211633747637103],[102.91626751948084,0.26193581661387444],[102.91590889083112,0.26193592960619994],[102.91590883473445,0.2617554086657661],[102.91572952035412,0.26175546511913883],[102.91572946429869,0.26157494413970683],[102.91590877867647,0.26157488772526793],[102.91590866667653,0.26121384584407936],[102.91608798101053,0.2612137895049445],[102.91608781329306,0.2606722267994882],[102.91626712758074,0.26067217057460196],[102.91626707174973,0.2604916497115926],[102.91608775746458,0.26049170589754145],[102.91608770167478,0.26031118499553085],[102.9159083873535,0.26031124113998755],[102.91590833160491,0.2601307201989775],[102.91554970285137,0.2601308324023603],[102.91554964714653,0.2599503113834204],[102.91483238918555,0.25995053560383846],[102.91483233352952,0.25977001442912423],[102.91447370432209,0.2597701264461807],[102.91447364870979,0.259589605193558],[102.91411501935278,0.25958971712257883],[102.91411513060592,0.25995075978343557],[102.91393581586438,0.2599508158219565],[102.91393592726706,0.26031185856039063],[102.91375661248179,0.260311914674189],[102.91375666823858,0.2604924360822247],[102.9135773534121,0.2604924922323809],[102.91357757681563,0.2612145780195349],[102.91375689165228,0.26121452171372833],[102.91375694760235,0.2613950431214442],[102.91393626240288,0.2613949867741595],[102.91393631839416,0.2615755081428969],[102.91375700359107,0.26157556452909597],[102.91375717178914,0.26211712875166626],[102.91357785693974,0.262117185252036],[102.91357802547803,0.2626587495907657],[102.9133987105823,0.2626588062052953],[102.91339882312931,0.2630198491752815],[102.9132195081898,0.26301990586505136],[102.91321962088627,0.2633809489125978],[102.9133989358309,0.2633808921450098],[102.91339904868711,0.26374193511447985],[102.9137576784707,0.263741821415902],[102.91375773496193,0.2639223428227165],[102.91429567935513,0.26392217213868724],[102.91429573589274,0.26410269342868853],[102.91465436530005,0.26410257954854294],[102.9146543087573,0.2639220583363827],[102.9148336234004,0.2639220014313452],[102.91483356689375,0.2637414802580436],[102.91519219605878,0.26374136651804936],[102.9151920831512,0.2633803243269558]]],[[[102.92057189829781,0.2646422588091244],[102.92057167155475,0.26392017910248455],[102.92021304470613,0.2639202930757453],[102.92021298812232,0.26373977307096524],[102.92003367464251,0.2637398300147338],[102.92003350513106,0.26319826988307643],[102.92021281860318,0.263198213056237],[102.92021259311969,0.2624761330356955],[102.91949533903998,0.26247635970397454],[102.91949539534254,0.26265687986510156],[102.91931608172328,0.26265693656470057],[102.91931630731034,0.26337901736444114],[102.9191369936421,0.2633790742173325],[102.91913710666276,0.26374011469475045],[102.91895779295068,0.2637401716229884],[102.91895790612101,0.2641012121780791],[102.91877859236507,0.26410126918165666],[102.91877876240314,0.26464283013069867],[102.91859944860076,0.2646428872485709],[102.91859978970635,0.26572600937867413],[102.91877910352423,0.26572595202702853],[102.91877916051321,0.26590647234285564],[102.9193171017424,0.26590630015537353],[102.91931715877786,0.266086820354238],[102.92003441321853,0.2660865905785046],[102.92003429916558,0.2657255504924863],[102.92021361267378,0.2657254931199772],[102.92021344187694,0.2651839331073901],[102.92039275533867,0.2651838758492076],[102.92039258488255,0.26464231595296955],[102.92057189829781,0.2646422588091244]]],[[[102.91895898896085,0.267531097438465],[102.91895893162094,0.2673505771621905],[102.91788304822505,0.2673509233524113],[102.91788333523338,0.26825352590191454],[102.91877990489198,0.2682532364426558],[102.91877984739985,0.2680727161276802],[102.91895916121284,0.26807265826689425],[102.9189591037568,0.26789213799081685],[102.9191384175285,0.2678920801663657],[102.91913830272732,0.2675310396919454],[102.91895898896085,0.267531097438465]]],[[[102.91429750773344,0.26969885338638844],[102.91483545202841,0.26969867894258226],[102.91483533657922,0.269337636600099],[102.91465602185815,0.2693376946728348],[102.91465596419417,0.2691571734625708],[102.91429733464128,0.26915728952227075],[102.91429750773344,0.26969885338638844]]],[[[102.91465841937016,0.27673906423628536],[102.91465853798448,0.27710010665112145],[102.9144792231102,0.27710016639484003],[102.91447934187379,0.27746120888724735],[102.91483797159448,0.27746108924140067],[102.91483803103968,0.2776416104096574],[102.91537597533885,0.2776414308036831],[102.91537579709494,0.27709986764905087],[102.91519648237532,0.2770999274036479],[102.91519642304073,0.27691940631303913],[102.91501710828514,0.2769194660259897],[102.91501704899191,0.27673894489638623],[102.91465841937016,0.27673906423628536]]],[[[102.92488025864944,0.2796239625595106],[102.92488031871132,0.27980448154441195],[102.92470100600295,0.2798045420284831],[102.92470106610085,0.27998506105233834],[102.92452175335099,0.27998512157268435],[102.92452181348493,0.28016564063549165],[102.92470112623754,0.2801655800761248],[102.92470118641297,0.2803460990998427],[102.92488049912953,0.2803460384987038],[102.92488055934646,0.28052655748333005],[102.92523918466877,0.28052643619474776],[102.92523894401178,0.2798043605680315],[102.92541825660385,0.2798043000757221],[102.92541807651,0.27926274347204716],[102.92505945130343,0.2792628642197578],[102.92505957131634,0.27962390211171767],[102.92488025864944,0.2796239625595106]]],[[[102.92703242956982,0.2808868666188775],[102.92667380501204,0.2808869881186937],[102.92667374469022,0.28070646952452827],[102.9263151199828,0.2807065909352392],[102.92631518029916,0.2808871096074834],[102.92613586788454,0.2808871703477433],[102.92613610952678,0.28160924519217734],[102.92631542195237,0.2816091842957705],[102.9263153614809,0.2814286656238023],[102.92649467386495,0.2814286047636702],[102.92649461342953,0.28124808613067137],[102.92703255034078,0.2812479036508297],[102.92703242956982,0.2808868666188775]]],[[[102.92775016232248,0.2823307704627709],[102.92775004106409,0.28196973374403456],[102.92757072894328,0.28196979474065303],[102.92757066837503,0.28178927634213],[102.92739135621818,0.28178933729693223],[102.92739147738799,0.28215037417200717],[102.92721216518686,0.2821504352021385],[102.92721228650632,0.2825114721550312],[102.92703297426088,0.28251153326048484],[102.9270331565227,0.2830530888064405],[102.9272124687764,0.28305302758385],[102.92721240798092,0.2828725091076465],[102.92739172019307,0.2828724479213255],[102.92739165943361,0.28269192948409994],[102.92757097160423,0.28269186833405213],[102.92757085019618,0.2823308315374912],[102.92775016232248,0.2823307704627709]]],[[[102.91842606210659,0.2828755038365712],[102.91842581985235,0.2821534222864561],[102.91860513395196,0.2821533613920107],[102.91860507348238,0.28197284104326936],[102.91824644524998,0.2819729627514716],[102.91824662675826,0.28251452403124616],[102.91806731257576,0.28251458499806725],[102.91806737315316,0.28269510546347715],[102.9178880589292,0.28269516646648085],[102.91788799835456,0.2825146459621155],[102.91770868409465,0.2825147069233912],[102.91770862356145,0.28233418638000324],[102.91717068055786,0.282334369130344],[102.91717086224875,0.2828759311108497],[102.91735017663022,0.2828758700799959],[102.917350237274,0.2830563907010776],[102.91752955161955,0.28305632962849747],[102.91752961230476,0.28323685021055983],[102.91735029795643,0.2832369113220898],[102.91735054107315,0.28395899380544365],[102.91770916975321,0.2839588712679972],[102.91770910891046,0.2837783507251648],[102.9180677374302,0.28377822825447946],[102.91806761584974,0.28341718732442334],[102.91824693004604,0.28341712616281695],[102.91824674795727,0.28287556488408266],[102.91842606210659,0.2828755038365712]]],[[[102.92398551303921,0.285039840127153],[102.92398563549973,0.28540087848291695],[102.92452357422992,0.28540069342681157],[102.9245234517527,0.28503965530515124],[102.92398551303921,0.285039840127153]]],[[[102.95068658902203,0.23304278408601997],[102.95068668983745,0.23340381081283032],[102.95086599626394,0.23340376002539523],[102.95086609723998,0.2337647866734176],[102.95122470998501,0.23376468493454894],[102.95122460899985,0.23340365844365382],[102.9510453026514,0.2334037092356697],[102.95104525221963,0.23322319595085333],[102.95086594583444,0.23322324670129788],[102.95086589544395,0.2330427333771432],[102.95068658902203,0.23304278408601997]]],[[[102.94566619490577,0.23376626085589336],[102.94566624538622,0.2339467753181951],[102.94584555291132,0.23394672447720236],[102.9458455024286,0.23376621005413017],[102.94602480991246,0.2337661592500731],[102.94602470905936,0.23340513048221892],[102.94530747890833,0.23340533337085412],[102.94530757974321,0.2337663624525377],[102.94566619490577,0.23376626085589336]]],[[[102.9359888675331,0.25218169140371516],[102.93598854241556,0.2510985919705577],[102.93616785226698,0.2510985375358126],[102.93616769022563,0.2505569879358024],[102.93634700003084,0.25055693361600057],[102.93634694609236,0.25037641712167635],[102.93652625585624,0.2503763628385532],[102.93652630979715,0.2505568792937398],[102.93670561952457,0.25055682496902026],[102.93670567350681,0.250737341385006],[102.93688498319783,0.2507372870186865],[102.93688487526734,0.25037625426493565],[102.93706418491458,0.2503761999744412],[102.93706407713475,0.25001516729872997],[102.93724338673823,0.25001511308406776],[102.93724327910907,0.24965408048640012],[102.93742258866878,0.2496540263475772],[102.93742242750939,0.24911247756805466],[102.93760173702293,0.24911242354422627],[102.93760146918953,0.24820984243953942],[102.9374221596881,0.24820989626762702],[102.9374221062405,0.24802938000735825],[102.93724279670262,0.24802943379386375],[102.93724268992891,0.2476684011948507],[102.93652545140785,0.24766861600339618],[102.9365255047656,0.24784913245950085],[102.93634619503572,0.24784918619469842],[102.93634614168039,0.24766866969945622],[102.93616683191405,0.2476687233930858],[102.93616715261467,0.24875182259843992],[102.93634646239553,0.2487517686699957],[102.93634635533498,0.24839073568005987],[102.93652566507211,0.24839068182744964],[102.93652561159773,0.24821016537152776],[102.93670492129357,0.2482101115556192],[102.93670486785564,0.24802959513877562],[102.93688417751018,0.24802954135957234],[102.93688423095053,0.24821005773727492],[102.9370635405686,0.24821000391649475],[102.93706370113017,0.24875155293180773],[102.93688439150483,0.24875160687001643],[102.93688449873545,0.24911263962487193],[102.93670518906637,0.24911269363892163],[102.93670524273757,0.24929321005539873],[102.93652593302718,0.24929326410614305],[102.93652587935841,0.2491127476505267],[102.93634656961159,0.24911280165968708],[102.93634651598413,0.24893228516487198],[102.93616720620084,0.2489323391324519],[102.93616725982588,0.24911285566640276],[102.9356293302355,0.24911301767188163],[102.93562927661776,0.24893250102053419],[102.93544996667899,0.24893255497834235],[102.93544991310253,0.24875203828780498],[102.93527060312732,0.24875209220404335],[102.93527054959215,0.24857157547431796],[102.9350912395805,0.24857162934898996],[102.93509102583815,0.2478495622729776],[102.93527033584013,0.24784950855480603],[102.93527017593419,0.24730795836453254],[102.93544948589006,0.24730790476130945],[102.9354494326634,0.24712738807022352],[102.93562874257799,0.2471273345037021],[102.93562879580706,0.24730785115565931],[102.93598741552445,0.24730774393707808],[102.93598746879721,0.24748826051071188],[102.9361667786,0.24748820685864675],[102.93616661889112,0.24694665725496523],[102.9356286893878,0.24694681785168424],[102.93562863623646,0.2467663011996057],[102.93527001637804,0.2467664081737123],[102.93526996327039,0.24658589144331747],[102.93491134326133,0.2465859983294889],[102.93491129019735,0.24640548152078504],[102.93455267003763,0.24640558831903542],[102.93455261701732,0.2462250714320297],[102.93437330688158,0.24622512478840972],[102.93437325390252,0.24604460786222537],[102.93419394373032,0.24604466117707274],[102.93419383789357,0.24568362724629034],[102.9338352174422,0.2456837337122867],[102.93383516458688,0.24550321666857775],[102.93329723362562,0.24550337623216179],[102.93329733936072,0.24586441055417446],[102.93311802895782,0.24586446381542848],[102.93311808188125,0.24604498101544986],[102.9329387714371,0.24604503431339497],[102.93293887739567,0.24640606879146398],[102.93275956690789,0.24640612216519867],[102.93275961994304,0.24658663944324455],[102.932580309414,0.24658669285366125],[102.93258036248558,0.24676721017074688],[102.93240105191532,0.24676726361784235],[102.93240115817018,0.24712829833002878],[102.93222184755626,0.247128351852896],[102.93222195396166,0.24748938664303335],[102.93204264330407,0.2474894402416653],[102.93204269656262,0.24766995767573774],[102.93186338586378,0.24767001131103425],[102.93186349249251,0.24803104625718309],[102.93168418175003,0.24803109996823194],[102.93168423512023,0.24821161748030654],[102.93114630265251,0.24821177871611197],[102.93114624928957,0.24803126108677365],[102.9306083164797,0.24803142218340804],[102.93060826316282,0.24785090443676094],[102.93024964110032,0.24785101174419016],[102.9302495878271,0.2476704939193258],[102.93007027674003,0.24767054753031634],[102.93007022350804,0.24749002966631556],[102.9297116012223,0.24749013680285914],[102.92971154803395,0.24730961886065184],[102.92917361432148,0.2473097794300455],[102.92917356117917,0.2471292613705722],[102.92863562712469,0.24712942180093278],[102.9286355740284,0.24694890362420951],[102.92827695113624,0.24694901048753928],[102.92827689808357,0.24676849223263797],[102.92773896346156,0.24676865239229315],[102.92773922907672,0.2476712442520071],[102.9275599174464,0.24767129782896888],[102.92755997068339,0.24785181623978012],[102.92773928231613,0.24785176262376762],[102.92773933559432,0.24803228099546723],[102.92791864719067,0.24803222733796979],[102.92791870051006,0.24821274567055612],[102.92845663507359,0.24821258456629058],[102.92845668843906,0.24839310278164778],[102.92863599988505,0.24839304903629442],[102.92863605329173,0.24857356721253104],[102.92881536470136,0.24857351342567874],[102.92881547163597,0.2489345496998461],[102.92899478301165,0.24893449583242802],[102.92899483653959,0.24911501393035687],[102.92917414787888,0.24911496002143083],[102.92917420144805,0.2492954780802337],[102.92899489010632,0.24929553202822458],[102.92899505103937,0.2498370863214604],[102.92953298497002,0.24983692411854766],[102.92953303869928,0.25001744209897026],[102.92971234993432,0.25001738798735873],[102.92971240370483,0.2501979059286497],[102.92953309246735,0.2501979600793314],[102.92953314627424,0.2503784780596311],[102.92935383499551,0.250378532246926],[102.92935388883876,0.25055905026623265],[102.92917457751878,0.25055910449013696],[102.92917468531681,0.25092014060669915],[102.92899537395314,0.2509201949062743],[102.9289954819015,0.2512812311007198],[102.92881617049413,0.25128128547595874],[102.92881638684668,0.2520033580203617],[102.930071565952,0.252002976247985],[102.93007151178847,0.2518224583854563],[102.93043013403577,0.2518223493635291],[102.93043007990616,0.25164183157909126],[102.9307887019933,0.25164172262543866],[102.93078864789759,0.2514612049190991],[102.93114726982452,0.2514610960337353],[102.93114721576273,0.251280578405501],[102.93150583752949,0.25128046958844014],[102.9315057835016,0.2510999520383182],[102.9316850943243,0.2510998976651785],[102.93168504033282,0.2509193801540846],[102.93240228322543,0.2509191627932599],[102.932402229263,0.2507386454384809],[102.93258153988663,0.25073859113121716],[102.93258159385151,0.2509191084468974],[102.93276090443872,0.25091905409807264],[102.93276139189244,0.2525437095845133],[102.93294070246291,0.25254365488130687],[102.93294081121813,0.2529046893549638],[102.9332994322524,0.25290457978469677],[102.93329937785043,0.25272406262610875],[102.93401661944294,0.2527238436122318],[102.93401656507,0.2525433266100224],[102.93455449584904,0.25254316244092184],[102.93455455022938,0.25272367932578244],[102.9350924806661,0.25272351501701174],[102.9350925350927,0.2529040317844455],[102.935271845163,0.25290397697076983],[102.93527195413775,0.25326501042720034],[102.93545126417412,0.25326495553278894],[102.93545131872226,0.25344547222178393],[102.93580993868336,0.2534453623472456],[102.93580982961608,0.2530843291257117],[102.93598913953338,0.2530842742629761],[102.93598903061665,0.25272324111945793],[102.93616834049016,0.2527231863325069],[102.93616817739922,0.2521816367341661],[102.9359888675331,0.25218169140371516]]],[[[102.92953406692898,0.2534472837152835],[102.92971337821065,0.2534472288613376],[102.92971332374154,0.25326671092115927],[102.92989263498193,0.25326665610379795],[102.92989241748377,0.25254458449875156],[102.92953379498391,0.2525446938184196],[102.92953406692898,0.2534472837152835]]],[[[102.93114792159432,0.253627307567717],[102.93114775812774,0.2530857546850595],[102.93078913615653,0.25308586427392676],[102.93078919060163,0.25326638197970863],[102.9304305684702,0.253266491636801],[102.93043067746699,0.2536275272044977],[102.93114792159432,0.253627307567717]]],[[[102.93329954117286,0.2532656141016859],[102.93329959569135,0.2534461312600873],[102.93294097464228,0.25344624106498315],[102.93294108378592,0.25380727553801813],[102.93312039433484,0.253807220558606],[102.93312050363879,0.2541682549531838],[102.93329981415381,0.2541681998930696],[102.93329975947992,0.25398768273491756],[102.93347906995362,0.25398762771141636],[102.9334790153161,0.25380711059230937],[102.93365832574847,0.2538070556054249],[102.9336581620616,0.25326550436505774],[102.93329954117286,0.2532656141016859]]],[[[102.93509280780869,0.2538066156206809],[102.93509286246847,0.25398713238774107],[102.9347342421816,0.2539872424771167],[102.93473435160787,0.25434827616753986],[102.93545159204594,0.25434805566582414],[102.93545148259987,0.25398702228839526],[102.93563079260727,0.2539869672349835],[102.93563068331173,0.2536259339355624],[102.93545137330928,0.25362598891071664],[102.93545142793513,0.2538065055995872],[102.93509280780869,0.2538066156206809]]],[[[102.93419653043807,0.2547094754424995],[102.93419647563525,0.25452895848008994],[102.93401716530953,0.2545290136309049],[102.93401711054803,0.2543484966293183],[102.93419642087127,0.2543484415176178],[102.93419636614615,0.2541679245550832],[102.93383774546577,0.2541680346977608],[102.93383785494494,0.25452906877922205],[102.93365854454152,0.2545291239250413],[102.93365865417113,0.25489015808447457],[102.93347934372389,0.2548902133060144],[102.93347939859449,0.2550707304247463],[102.93330008810591,0.2550707856828922],[102.93330014301287,0.2552513028406689],[102.93347945350394,0.2552512475434156],[102.93347950845222,0.25543176466202216],[102.93401743969979,0.2554315986378994],[102.9340174946944,0.2556121156391101],[102.93491404600906,0.255611838686514],[102.93491393603378,0.2552508050752105],[102.93509324617516,0.2552507497554126],[102.93509313635035,0.2548897162221051],[102.9343758955716,0.25488993717330105],[102.93437584072743,0.2547094202500703],[102.93419653043807,0.2547094754424995]]],[[[102.92702585801352,0.26048827387617823],[102.92702580206887,0.26030775535259176],[102.92756373771248,0.26030758643637464],[102.92756362592432,0.25994654962329367],[102.92774293772287,0.2599464933908803],[102.92774288188444,0.25976597502329485],[102.92792219364168,0.2597659188273828],[102.9279221378395,0.2595854004987862],[102.92828076123253,0.25958528817742466],[102.92828081703975,0.25976580642791086],[102.92846012868058,0.2597657502243508],[102.92846018452914,0.25994626843571544],[102.92899811922648,0.2599460996925552],[102.92899800755296,0.2595850635041308],[102.92917731903607,0.2595850073294385],[102.929177263255,0.25940448927419574],[102.92935657469675,0.2594044331360226],[102.92935651895196,0.25922391511978277],[102.9295358303524,0.25922385901813244],[102.92953577464388,0.2590433410408976],[102.92989439732327,0.25904322890810705],[102.92989445303685,0.2592237468071996],[102.93007376432084,0.2592236906979173],[102.93007404348356,0.2601262799970555],[102.92989473218691,0.260126336301707],[102.9298948441186,0.26048737209906303],[102.93025346668327,0.2604872593309084],[102.93025341069293,0.2603067415104117],[102.9304327219145,0.2603066851615771],[102.93043277790738,0.26048720294299643],[102.93061208909266,0.26048714655252814],[102.9306121451269,0.26066766429480426],[102.93079145627591,0.26066760786269866],[102.9307915123515,0.26084812556582987],[102.93115013453814,0.26084801261577695],[102.93115007845745,0.26066749499081293],[102.93150870048372,0.2606673821086947],[102.93150864443678,0.26048686456184084],[102.93168795538911,0.26048680815603437],[102.93168789937847,0.26030629064820626],[102.93186721028944,0.2603062342789349],[102.93186698662502,0.2595841644033499],[102.93168767572419,0.25958422061625497],[102.93168756413003,0.2592231855998968],[102.93186687502582,0.25922312946517456],[102.93186681928445,0.2590426119959915],[102.93204613013887,0.2590425558978187],[102.93204618588275,0.25922307332790856],[102.93222549670088,0.2592230171880985],[102.93222555248613,0.2594035345790296],[102.9325841740109,0.2594034222135822],[102.93258422984005,0.25958393952625397],[102.9331221618435,0.2595837708416834],[102.93312210600678,0.2594032536463181],[102.93330141659438,0.2594031974521387],[102.93330136079396,0.2592226802958153],[102.9334806713402,0.2592226241381975],[102.93348061557612,0.25904210702091796],[102.93365992608096,0.25904205089986554],[102.93365975901419,0.258500499664973],[102.93383906947264,0.25850044365871155],[102.933838958284,0.25813940958002096],[102.93401826869857,0.2581393536494482],[102.93401815766029,0.2577783196487295],[102.93419746803096,0.25777826379385255],[102.93419730175744,0.25723671290964334],[102.93437661208173,0.25723665716958577],[102.934376501422,0.25687562332469616],[102.9345558117024,0.2568755676603502],[102.9345556459967,0.25633401700989705],[102.93473495623076,0.2563339614603898],[102.93473490107074,0.25615344461589923],[102.93437628056876,0.2561535556341601],[102.93437633572378,0.2563340725568886],[102.934197025412,0.2563341281013647],[102.93419708060338,0.2565146450631466],[102.93401777025026,0.25651470064422155],[102.93401771506139,0.2563341836433251],[102.93365909424358,0.2563342947196992],[102.93365903909856,0.25615377764051617],[102.93330041813034,0.25615388862861127],[102.93330036302915,0.25597337147114846],[102.9325831206366,0.2559735932607606],[102.93258306558423,0.2557930759468228],[102.93240375489148,0.2557931313488472],[102.93240380994135,0.2559736487018836],[102.93204518843434,0.2559737595765932],[102.93204513338947,0.2557932421453648],[102.93150720084522,0.2557934083213142],[102.93150714584664,0.2556128907727485],[102.9313278349234,0.25561294612062296],[102.93132767016812,0.2550713933572855],[102.93150698108391,0.25507133812667493],[102.93150692624064,0.2548908205778584],[102.93168623711512,0.2548907653838344],[102.93168618230821,0.2547102478740449],[102.93186549314137,0.25471019271661094],[102.93186543837079,0.25452967524585046],[102.93168612754012,0.254529730364193],[102.93168607281088,0.2543492128542785],[102.93150676194384,0.25434926793103335],[102.9315067072559,0.25416875038196673],[102.93132739635253,0.2541688054171375],[102.931327451038,0.2543493230052921],[102.93114814009331,0.2543493780770547],[102.93114819481512,0.25452989570423307],[102.93078957280433,0.254530005918437],[102.93078962756,0.2547105236237198],[102.93061031649388,0.2547105787661559],[102.9306103712859,0.2548910965104571],[102.93043106017848,0.2548911516894725],[102.93043111500683,0.2550716694727902],[102.93025180385811,0.2550717246883815],[102.93025185872278,0.25525224251071393],[102.93007254753276,0.25525229776287756],[102.93007260243375,0.2554328156242229],[102.92935535727558,0.25543303676411155],[102.92935541220544,0.25561355478167874],[102.92917610081638,0.25561361009945066],[102.92917604588902,0.2554330920428168],[102.92899673446364,0.25543314731901506],[102.9289966795776,0.25525262922325354],[102.92917599100046,0.25525257398612006],[102.92917577183431,0.2545305017587072],[102.92935508320843,0.2545304466753355],[102.92935497385324,0.2541694106393873],[102.9295342851836,0.2541693556316546],[102.92953412143443,0.25362780169446975],[102.92935481011148,0.25362785658499687],[102.92935486465325,0.2538083746031894],[102.92917555328903,0.2538084295302942],[102.92917571713978,0.25434998370169754],[102.92899640572931,0.25435003874350637],[102.9289965151522,0.2547110749355929],[102.92881720369799,0.2547111300530318],[102.92881731327113,0.2550721663229945],[102.92863800177312,0.25507222151605646],[102.9286381114965,0.2554332578638915],[102.92845879995473,0.25543331313256945],[102.9284589648233,0.25597486777103023],[102.92827965323525,0.2559749231543751],[102.92827976333663,0.25633595965781714],[102.9281004517048,0.25633601511676185],[102.92810050681119,0.2565165334074447],[102.92774188342612,0.2565166443958941],[102.92774182832473,0.2563361260271045],[102.92720389296369,0.25633629237375066],[102.92720383790858,0.25615577388775124],[102.92666590220597,0.25615594009462517],[102.92666584719714,0.25597542149143165],[102.92594859906072,0.2559756429092521],[102.92594854410063,0.25579512414984584],[102.92505198307018,0.25579540067045015],[102.92505203801777,0.255975919625004],[102.92487272569288,0.2559759749606179],[102.92487278067675,0.2561564939541331],[102.92469346831061,0.2561565493262572],[102.92469357838962,0.2565175873911439],[102.92505220309314,0.25651747648828843],[102.92505225819582,0.2566979954425907],[102.92559019496787,0.25669782895234305],[102.9255902501168,0.25687834778949914],[102.92576956229911,0.25687829224868014],[102.92576983863788,0.257780886238357],[102.92594915079397,0.25778083049985157],[102.92594920618055,0.2579613492585643],[102.92612851830037,0.2579612934784943],[102.926128131391,0.25669766243942227],[102.92630744345449,0.25669760693007676],[102.92630738833431,0.2565170882489936],[102.92648670035653,0.25651703277616733],[102.92648664527263,0.25633651413405945],[102.92666595725356,0.25633645869775573],[102.92666601233996,0.25651697730082357],[102.92702463619048,0.25651686634258364],[102.92702469132065,0.25669738486750265],[102.92720400319024,0.25669732934556105],[102.92720411357196,0.2570583663171192],[102.92702480169737,0.2570584219171517],[102.9270249675533,0.257599977491152],[102.92684565563239,0.2576000332057929],[102.92684582182984,0.2581415888963551],[102.92666650986261,0.2581416447255936],[102.9266665653368,0.25832216332802954],[102.92648725332828,0.2583222191937748],[102.92648730883874,0.25850273783518757],[102.92666662084979,0.25850268193040216],[102.92666667640155,0.25868320053271127],[102.92684598837634,0.2586831445863469],[102.9268460439694,0.2588636631495505],[102.92720466780769,0.25886355117111653],[102.92720472344458,0.2590440696561675],[102.92738403530807,0.2590440136240924],[102.92738409098627,0.2592245320700326],[102.92720477912025,0.25922458814115473],[102.92720483483473,0.2594051066260785],[102.9270255229274,0.2594051627337021],[102.92702569029592,0.25994671830522725],[102.92684637834223,0.2599467745274363],[102.92684643420678,0.2601272930901942],[102.92666712221175,0.26012734934889403],[102.92666717811254,0.26030786795062993],[102.92648786607622,0.26030792424581695],[102.92648781017795,0.2601274056050409],[102.92612918599403,0.26012751810967594],[102.92612929781914,0.2604885555473143],[102.92594998566395,0.2604886118738723],[102.9259500976391,0.2608496493893245],[102.92577078544004,0.26084970579139205],[102.92577089756519,0.2612107433846544],[102.92595020976935,0.2612106869045206],[102.92595026589262,0.2613912056620226],[102.92684682634449,0.2613909230277087],[102.92684671411122,0.26102988590302467],[102.92702602608016,0.26102982944655356],[102.92702597001916,0.260849310923159],[102.92684665805278,0.2608493673405866],[102.9268465460522,0.2604883302155183],[102.92702585801352,0.26048827387617823]]],[[[102.9517706486291,0.2608415007666061],[102.95177059225611,0.260660987648171],[102.95194989881203,0.2606609309142228],[102.95194972991965,0.26011939167640263],[102.95212903642893,0.2601193350577718],[102.95212892402407,0.2597583089774883],[102.95194961751984,0.25975836551753567],[102.95194967370024,0.2599388785970011],[102.95177036715444,0.2599389351737896],[102.95177042337131,0.260119448292481],[102.95159111678396,0.2601195049060069],[102.95159117303733,0.26030001806392244],[102.95141186640842,0.2603000747141822],[102.95141197902714,0.260661101108394],[102.95123267235414,0.2606611578346687],[102.95123278512389,0.26102218430719315],[102.95105347840676,0.2610222411094758],[102.9510535913275,0.2613832676603092],[102.95087428456627,0.26138332453859264],[102.95087434108261,0.2615638378531939],[102.95123295457115,0.26156372401549816],[102.95123289804971,0.2613832107794609],[102.95141220473289,0.2613831538960476],[102.95141214824793,0.26120264069923055],[102.95159145488955,0.26120258385253875],[102.95159134203159,0.2608415575372847],[102.9517706486291,0.2608415007666061]]],[[[102.93115047183754,0.2619311183642146],[102.93061253845349,0.2619312884889425],[102.93061259479829,0.2621118062307051],[102.93043328359008,0.2621118629728858],[102.93043333997113,0.2622923807536634],[102.93079196235385,0.2622922671885696],[102.93079201877883,0.26247278489112275],[102.93168857406901,0.2624725007379107],[102.93168851763123,0.2622919832307888],[102.9315092066534,0.2622920400274932],[102.93150915025701,0.2621115224812171],[102.93115052819,0.26211163598872933],[102.93115047183754,0.2619311183642146]]],[[[102.93868361741977,0.2686078254562375],[102.9386833862128,0.26788576153976057],[102.93886269571615,0.26788570342611473],[102.93886252271153,0.26734415560554764],[102.93850390368159,0.2673442715952519],[102.93850430786706,0.26860788372389016],[102.93868361741977,0.2686078254562375]]],[[[102.9557179054441,0.2687827902603745],[102.95571796363096,0.2689633025110881],[102.95535935188252,0.26896341970187276],[102.95535970179263,0.27004649367667793],[102.95553900770213,0.2700464348466527],[102.95553889090392,0.2696854102673006],[102.95571819676911,0.2696853515132798],[102.95571802185691,0.2691438147617355],[102.95589732767515,0.2691437561230553],[102.95589721125711,0.26878273170035233],[102.9557179054441,0.2687827902603745]]],[[[102.94567794464332,0.27257686885466054],[102.94567776830185,0.27203532550752724],[102.94513984393174,0.27203550284687605],[102.94513996143783,0.27239653198038943],[102.94549857773416,0.27239641359992495],[102.94549863655095,0.27257692808813033],[102.94567794464332,0.27257686885466054]]],[[[102.94729337916236,0.277630730289356],[102.94729343913625,0.27781124438323923],[102.94783136236052,0.27781106318002574],[102.94783142238151,0.2779915771560979],[102.94801073004766,0.27799151671032335],[102.94801061003925,0.27763048883661273],[102.94765199467878,0.27763060956843316],[102.94765193473846,0.277450095552975],[102.94711401141348,0.27745027651253534],[102.94711407134568,0.27763079064573076],[102.94729337916236,0.277630730289356]]],[[[102.92828907425454,0.2852188790872488],[102.92828901297695,0.2850383608461933],[102.92793038883534,0.285038484181149],[102.92793045010737,0.2852190025003154],[102.9277511379756,0.28521906420265],[102.92775119928366,0.28539958256079906],[102.92793051141821,0.2853995208194118],[102.92793057276783,0.2855800391384381],[102.92810988486639,0.28557997735519536],[102.92810982351398,0.2853994590752235],[102.92828913557094,0.2853993973282345],[102.92828919692613,0.28557991556914997],[102.92846850894709,0.28557985378030193],[102.92846838626994,0.2852188173765169],[102.92828907425454,0.2852188790872488]]],[[[102.92972443156404,0.2877456363152279],[102.9297242461509,0.28720408253234464],[102.92954493437647,0.2872041446924453],[102.92954499613921,0.2873846626592141],[102.92936568432316,0.28738472485556493],[102.92936580795951,0.28774576086702813],[102.92918649609905,0.2877458231386923],[102.92918661988503,0.2881068592280068],[102.92900730798011,0.2881069215749773],[102.92900736992851,0.28828743965859366],[102.928828057982,0.28828750204180004],[102.92882824405154,0.2888290564094141],[102.92918686792265,0.28882893140578636],[102.92918674382622,0.2884678953170382],[102.92936605569794,0.2884678328891063],[102.92936599370512,0.2882873148836929],[102.9295453055352,0.2882872524919988],[102.9295451197812,0.28774569859253996],[102.92972443156404,0.2877456363152279]]]]}},{"type":"Feature","properties":{"eventId":"RIAU-20260822-031","firstDetection":"2026-08-22T05:53:00+00:00","lastDetection":"2026-08-22T08:28:00+00:00","estimatedAreaHa":116.28,"confidence":"rendah","hotspotCount":3,"detectionDays":1,"villages":["Benteng Utara","Pasenggerahan","Sungainyiur"],"districts":["Sungai Batang","Tanah Merah"],"regencies":["Indragiri Hilir"],"method":"Sentinel-2 dNBR/NBR indication","resolutionM":20,"clearCoveragePct":38.4,"preSceneDates":["2026-07-13","2026-08-02"],"postSceneDates":["2026-08-27","2026-09-03"],"status":"estimate","disclaimer":"Estimasi berbasis citra satelit; bukan hasil verifikasi lapangan.","province":"Riau","villageAreas":[{"village":"Benteng Utara","district":"Sungai Batang","regency":"Indragiri Hilir","areaHa":13.461027},{"village":"Pasenggerahan","district":"Sungai Batang","regency":"Indragiri Hilir","areaHa":89.902548},{"village":"Sungainyiur","district":"Tanah Merah","regency":"Indragiri Hilir","areaHa":12.916424}],"unassignedAreaHa":0.0,"archiveEventId":"BA-28cb040b06a75281","reportMonth":"2026-08"},"geometry":{"type":"MultiPolygon","coordinates":[[[[103.25835281433744,-0.621807768426874],[103.2583529592057,-0.621988211591235],[103.25871145094617,-0.6219879198649433],[103.25871159586858,-0.6221683629445084],[103.25889084168179,-0.6221682170298996],[103.25889098665232,-0.6223486600669853],[103.2585324949717,-0.6223489519747489],[103.25853235001331,-0.6221685088530214],[103.25763612010637,-0.6221692383041463],[103.2576359752203,-0.6219887949706874],[103.25745672911884,-0.621988940800315],[103.25745658428085,-0.6218084974243892],[103.25727733814342,-0.6218086432056147],[103.25727719335352,-0.6216281997872238],[103.25709794718011,-0.621628345520051],[103.25709780243827,-0.6214479020591966],[103.2569185562289,-0.621448047743629],[103.25691841153514,-0.6212676042403131],[103.25745615001907,-0.6212671672956668],[103.25745629473096,-0.621447610672065],[103.25781478685549,-0.6214473192605776],[103.25781493162154,-0.6216277625521979],[103.25817342359002,-0.6216274710317269],[103.2581735684102,-0.621807914238562],[103.25835281433744,-0.621807768426874]]],[[[103.25118279988986,-0.6216331512863856],[103.25118265534768,-0.6214527064304302],[103.25136190290107,-0.6214525609408494],[103.2513617583948,-0.6212721161269842],[103.25118251084746,-0.6212722615743174],[103.25118236638919,-0.6210918167180473],[103.2513616139305,-0.6210916713129616],[103.25136146950818,-0.6209112264987817],[103.25118222197291,-0.6209113718616198],[103.25118207759861,-0.6207309270050353],[103.25154057261507,-0.6207306363577717],[103.25154129496678,-0.6216328602166382],[103.25136204744932,-0.6216330057545574],[103.25136219203954,-0.6218134505681078],[103.25100369686656,-0.6218137417101665],[103.25100355228847,-0.6216332968121225],[103.25118279988986,-0.6216331512863856]]],[[[103.24543855290305,-0.6111719248275783],[103.2454386948625,-0.6113523710434132],[103.24561794342212,-0.6113522281113785],[103.24561822747867,-0.611713120458202],[103.24579747600826,-0.6117129774357917],[103.2457977602444,-0.612073869697611],[103.24543926311947,-0.6120741559052041],[103.24543912099234,-0.6118937096899887],[103.24525987237297,-0.6118938527426001],[103.24525973029372,-0.6117134064850406],[103.24508048163838,-0.6117135494894688],[103.24508033960701,-0.6115331031895674],[103.2449010909157,-0.6115332461458163],[103.2449009489322,-0.6113527998035746],[103.24472170020493,-0.6113529427116476],[103.24472155826929,-0.6111724963270676],[103.24436306070093,-0.61117278204088],[103.24436291881909,-0.6109923355717831],[103.24418366997801,-0.6109924783775277],[103.244183528144,-0.6108120318660981],[103.24436277697914,-0.6108118891025317],[103.2443626351811,-0.6106314426331259],[103.24472113271376,-0.6106311571723994],[103.2447212745237,-0.6108116035574435],[103.24490052323311,-0.6108114607759217],[103.2449006650909,-0.6109919071186272],[103.24525916239588,-0.6109916214532555],[103.24525930430748,-0.6111720677114337],[103.24543855290305,-0.6111719248275783]]],[[[103.25529701881776,-0.6109836131003118],[103.25601400352447,-0.6109830403567053],[103.2560142881034,-0.6113439278039686],[103.2552973033491,-0.6113445008859003],[103.25529701881776,-0.6109836131003118]]],[[[103.24454103402451,-0.6095486213391553],[103.24472028273425,-0.6095484788588919],[103.24472042429274,-0.6097289252448626],[103.24489967296651,-0.6097287827164428],[103.24489981457283,-0.6099092290600753],[103.24507906321064,-0.6099090864834954],[103.24507920486482,-0.6100895327847883],[103.24543770202656,-0.6100892475293236],[103.24543784373452,-0.6102696937460856],[103.24579634074048,-0.6102694083823257],[103.24579648250224,-0.6104498545145499],[103.24597573094829,-0.6104497117815059],[103.24597587275791,-0.6106301578713814],[103.24615512116797,-0.6106300150901597],[103.24615526302546,-0.6108104611376847],[103.24579676615151,-0.6108107467785352],[103.24579662430592,-0.6106303006466198],[103.24561737581202,-0.6106304434158747],[103.24561723401428,-0.6104499972416125],[103.2452587369126,-0.6104502826777928],[103.24525859516866,-0.6102698364189961],[103.24490009791121,-0.6102701217468773],[103.24489995622108,-0.6100896754035534],[103.24418296122704,-0.6100902458188335],[103.24418281960256,-0.6099097993066313],[103.24400357075523,-0.6099099418533295],[103.24400342917858,-0.6097294952987963],[103.24382418029529,-0.6097296377973433],[103.24382333175089,-0.6086469582138564],[103.2440025805986,-0.6086468159683583],[103.24400243931527,-0.6084663694127459],[103.24436093687315,-0.6084660849882128],[103.24436121950544,-0.6088269779305737],[103.24418197073558,-0.6088271202301782],[103.24418225352365,-0.6091880132562792],[103.24436150230534,-0.6091878708723183],[103.24436164376814,-0.6093683173429593],[103.24454089251387,-0.6093681749108487],[103.24454103402451,-0.6095486213391553]]],[[[103.25601315079611,-0.6099003780112014],[103.25601300882177,-0.6097199342864098],[103.2556545166356,-0.6097202200780922],[103.25565409100032,-0.6091788886490359],[103.25601258315089,-0.6091786031111078],[103.25601272499917,-0.6093590468363629],[103.25655046292768,-0.6093586183578146],[103.25655060483575,-0.6095390619560246],[103.25637135889568,-0.6095392048304767],[103.25637164282605,-0.6099000921110307],[103.25601315079611,-0.6099003780112014]]],[[[103.24776693816861,-0.6088242731046114],[103.24776679671893,-0.6086438274352325],[103.24794604464442,-0.6086436850585287],[103.24794632759756,-0.609004576312705],[103.24812557549298,-0.6090044338456064],[103.24812571703839,-0.6091848794302477],[103.24722947711231,-0.6091855919171266],[103.24722919412271,-0.6088247003255702],[103.24776693816861,-0.6088242731046114]]],[[[103.24812416234568,-0.6071999779907205],[103.24812402126162,-0.6070195324043859],[103.24830326904998,-0.6070193903957094],[103.24830312800196,-0.6068389448514381],[103.2488408710977,-0.6068385189163844],[103.24884073007391,-0.6066580734986217],[103.24919922524951,-0.606657789596639],[103.24919964848219,-0.6071991255961148],[103.24884115327113,-0.6071994097514486],[103.24884129442079,-0.6073798551687503],[103.24794505562954,-0.6073805656640608],[103.24794491450946,-0.6072001200356644],[103.24812416234568,-0.6071999779907205]]],[[[103.25618984761637,-0.6066522487555647],[103.25672758515249,-0.6066518221625403],[103.25672744391088,-0.6064713786041657],[103.2570859353797,-0.6064710942637019],[103.2570862179286,-0.6068319812110858],[103.25654848062688,-0.6068324079666805],[103.25654862194665,-0.6070128515670481],[103.25636937608945,-0.6070129938493202],[103.2563692347756,-0.6068325502066537],[103.2561899888823,-0.6068326924406813],[103.25618984761637,-0.6066522487555647]]],[[[103.25511423022111,-0.6064726578421097],[103.2558312145034,-0.606472089351335],[103.25583149696962,-0.6068329768908988],[103.25511451264009,-0.6068335457199839],[103.25511423022111,-0.6064726578421097]]],[[[103.25744386203982,-0.6057490363413095],[103.25744372098474,-0.6055685929513859],[103.2572644753849,-0.6055687349249362],[103.25726433437775,-0.6053882914925517],[103.2574435799717,-0.6053881495613086],[103.2574434390007,-0.6052077061710782],[103.2579811755127,-0.6052072804686918],[103.25798103456606,-0.6050268372052404],[103.25851877068204,-0.6050264115764342],[103.25851905265272,-0.605387297849286],[103.25780207103352,-0.6053878656810274],[103.25780221205834,-0.6055683089864847],[103.25762296654257,-0.6055684509719019],[103.25762310760354,-0.6057488943195166],[103.25744386203982,-0.6057490363413095]]],[[[103.2563671201104,-0.6041258955482355],[103.2563668388694,-0.6037650082578409],[103.25618759307625,-0.6037651497728235],[103.25618745252466,-0.6035847060850998],[103.25582896082405,-0.6035849890127293],[103.25582867987042,-0.6032241014676468],[103.25636641732306,-0.6032236773211017],[103.25636627689167,-0.603043233675216],[103.25672476830493,-0.603042950965899],[103.25672490874807,-0.6032233945271859],[103.25690415439753,-0.6032232531213622],[103.25690401394853,-0.6030428096023775],[103.25708325955009,-0.6030426682329474],[103.2570841029098,-0.6041253290907388],[103.2563671201104,-0.6041258955482355]]],[[[103.24578888735194,-0.600705763154521],[103.24578902689204,-0.6008862092948692],[103.24471353721026,-0.6008870521517276],[103.24471339770524,-0.6007066057582515],[103.2445341492841,-0.6007067461716052],[103.24453400982685,-0.6005262997357953],[103.24471325824213,-0.6005261593646234],[103.24471311882093,-0.6003457129708435],[103.24632635261987,-0.6003444497452162],[103.2463266316094,-0.6007053417731933],[103.2461473835655,-0.600705482239522],[103.24614724405562,-0.6005250361834119],[103.24596799597565,-0.6005251766016585],[103.24596813547967,-0.6007056226999646],[103.24578888735194,-0.600705763154521]]],[[[103.24883359348304,-0.5974553569900625],[103.24919208806092,-0.5974550773950408],[103.24919250487505,-0.5979964134178505],[103.24883401026227,-0.5979966932662224],[103.24883359348304,-0.5974553569900625]]],[[[103.24883331583996,-0.5970944661385327],[103.24757858357752,-0.5970954439456635],[103.24757844485957,-0.5969149982241523],[103.24739919723156,-0.5969151378452726],[103.24739891993309,-0.5965542463173769],[103.24775741512396,-0.5965539672381307],[103.247757276526,-0.5963735215583781],[103.24793652405272,-0.5963733820522007],[103.2479363854909,-0.5961929364145104],[103.24811563296987,-0.5961927969447045],[103.2481154944442,-0.596012351349079],[103.24829474187544,-0.5960122119156483],[103.2482948804069,-0.596192657469057],[103.24883262246634,-0.5961922390070633],[103.24883276105716,-0.5963726844336595],[103.24901200833222,-0.5963725448924205],[103.2490121469708,-0.5965529902766413],[103.24883289968994,-0.5965531298601042],[103.24883331583996,-0.5970944661385327]]],[[[103.2439925152952,-0.5956546635734064],[103.24399265360361,-0.5958351101398383],[103.24417190199324,-0.5958349708829065],[103.24417204034935,-0.5960154174070111],[103.24435128870287,-0.5960152781020628],[103.2443514271067,-0.5961957245838383],[103.2445306754241,-0.59619558523087],[103.24453053701448,-0.5960151387912744],[103.24506828169787,-0.596014720823868],[103.24506842012491,-0.5961951671369131],[103.24470992369962,-0.5961954458720596],[103.24471006215695,-0.5963758922693229],[103.24345532330784,-0.5963768679535489],[103.24345504651632,-0.5960159745684024],[103.24363429503742,-0.5960158352868148],[103.24363401840188,-0.5956549419854069],[103.24345476989237,-0.5956550811826523],[103.24345449343599,-0.5952941877962995],[103.24435073550659,-0.5952934921734523],[103.24435059731228,-0.5951130456909228],[103.24524683830634,-0.5951123501331657],[103.24524697652961,-0.5952927964047776],[103.24506772840883,-0.5952929355701788],[103.24506786666822,-0.5954733818838271],[103.2441716254067,-0.5954740778342448],[103.244171763679,-0.5956545243586512],[103.2439925152952,-0.5956546635734064]]],[[[103.24883123886515,-0.5943877847328093],[103.24901048607646,-0.594387645656036],[103.24901090073372,-0.594928981813222],[103.24883165350506,-0.5949291210166677],[103.24883179180226,-0.5951095664443194],[103.24901103903672,-0.5951094271986493],[103.24901131576854,-0.5954703179690524],[103.24865282123449,-0.595470596623454],[103.24865295965174,-0.595651042092876],[103.24829446493831,-0.5956513208083785],[103.24829460338589,-0.5958317663620888],[103.24811535596046,-0.5958319057533022],[103.24811521751867,-0.5956514601573746],[103.24757747500814,-0.5956518781693451],[103.24757719828516,-0.5952909867237566],[103.24775644581901,-0.5952908474766931],[103.24775630751463,-0.5951104017958845],[103.24757705998657,-0.5951105410007362],[103.24757692172992,-0.5949300952775655],[103.24739767416571,-0.5949302344343759],[103.24739712158159,-0.5942084513713466],[103.24757636912264,-0.5942083123833759],[103.24757623107566,-0.5940278666594523],[103.24811397342985,-0.5940274497872468],[103.24811411149417,-0.5942078953845298],[103.24829335886749,-0.5942077563732697],[103.24829322079736,-0.5940273108182038],[103.24847246812294,-0.59402717184334],[103.24847260619886,-0.5942076173561874],[103.24883110073573,-0.5942073393045555],[103.24883123886515,-0.5943877847328093]]],[[[103.25958585875702,-0.5941989869263259],[103.25940661402952,-0.5941991263043801],[103.25940675250018,-0.5943795692383861],[103.2595859972335,-0.5943794298180033],[103.259586135752,-0.5945598727095304],[103.2590484014086,-0.5945602910801876],[103.2590485399518,-0.5947407340985441],[103.25851080521261,-0.5947411525437362],[103.25851066668676,-0.5945607093984159],[103.25833142169539,-0.5945608488261741],[103.25833128321737,-0.5943804056383853],[103.25815203818976,-0.5943805450180021],[103.25815189975957,-0.5942001017877467],[103.25797265469568,-0.5942002411192254],[103.2579725163133,-0.594019797846505],[103.25761402607101,-0.5940200764073734],[103.25761388774224,-0.5938396330498792],[103.25725539734336,-0.5938399115028505],[103.25725525906819,-0.5936594680605897],[103.256717523172,-0.5936598855694972],[103.25671669450743,-0.5925772241513088],[103.25689593981356,-0.5925770852413009],[103.25689580184411,-0.5923966417133789],[103.25797127276361,-0.5923958083852527],[103.25797113480161,-0.5922153651110291],[103.25922584892129,-0.5922143929270236],[103.25922598692365,-0.5923948359050103],[103.26012221006224,-0.5923941411021381],[103.2601233158258,-0.5938376832274159],[103.259944071236,-0.5938378225382684],[103.25994420963993,-0.5940182653455852],[103.25958572032262,-0.5940185440344976],[103.25958585875702,-0.5941989869263259]]],[[[103.24703779882483,-0.5931260542242769],[103.24703793664482,-0.5933065000755765],[103.24685868900687,-0.5933066388350567],[103.24685882686299,-0.5934870847284107],[103.24632108368026,-0.5934875010985734],[103.24632094584145,-0.5933070550786161],[103.24596245018822,-0.5933073325452543],[103.24596231240288,-0.5931268864407535],[103.24614156024468,-0.5931267477525368],[103.24614142249548,-0.5929463016900816],[103.24632067028959,-0.5929461630382509],[103.24632080804456,-0.5931266090585084],[103.24667930351855,-0.5931263316530163],[103.24667916575204,-0.5929458857171592],[103.24685841342037,-0.5929457470478983],[103.24685855119266,-0.5931261929415524],[103.24703779882483,-0.5931260542242769]]],[[[103.24990603110274,-0.5934847243088894],[103.24972678413009,-0.5934848632036187],[103.24972664618154,-0.5933044179857512],[103.24900965789453,-0.5933049733376016],[103.24900952001104,-0.5931245279506697],[103.2488302728402,-0.5931246667318745],[103.24883013500441,-0.5929442213025684],[103.24918862929263,-0.5929439438187971],[103.24918876713994,-0.5931243891636532],[103.2493680142269,-0.5931242503708248],[103.24936787637381,-0.5929438050681967],[103.24972637041031,-0.5929435275495656],[103.24972623258763,-0.5927630823312475],[103.24990547953718,-0.5927629436054501],[103.24990534175069,-0.592582498429215],[103.2497260948069,-0.5925826371127796],[103.24972595706814,-0.5924021918941611],[103.24954671008817,-0.592402330529688],[103.24954657239712,-0.5922218852686888],[103.25008431319385,-0.5922214694713932],[103.25008445090221,-0.5924019146056936],[103.25044294456842,-0.5924016372940074],[103.25044322013406,-0.5927625273932091],[103.25008472644477,-0.5927628048738446],[103.25008486427899,-0.5929432500076952],[103.24990561736563,-0.5929433887815352],[103.24990603110274,-0.5934847243088894]]],[[[103.25079978805977,-0.5902360203650853],[103.25151677427664,-0.5902354676534382],[103.2515169115694,-0.5904159124514445],[103.25169615802443,-0.590415774216824],[103.2516962953649,-0.5905962189724306],[103.25151704890412,-0.5905963572493019],[103.25151718628082,-0.5907768020470097],[103.25080019999497,-0.5907773552656108],[103.25079978805977,-0.5902360203650853]]],[[[103.25796948253644,-0.5900500458086517],[103.25796961999401,-0.5902304890846733],[103.25779037501489,-0.5902306274794555],[103.25779051250876,-0.59041107079764],[103.25707353214902,-0.5904116244881696],[103.2570732572493,-0.5900507375131866],[103.25796948253644,-0.5900500458086517]]],[[[103.24595983943497,-0.5898788565341088],[103.24595997646576,-0.590059302641305],[103.24578072867993,-0.5900594406064115],[103.24578086574691,-0.5902398867556524],[103.24560161791341,-0.5902400247571695],[103.24560175501655,-0.5904204709484532],[103.24506401124735,-0.5904208850448689],[103.24506387416145,-0.590240438727019],[103.2448846261603,-0.5902405767054021],[103.2448842151713,-0.5896992376244009],[103.24524271109722,-0.589698961914968],[103.24524284806313,-0.589879408191079],[103.24542209596895,-0.5898792702855064],[103.24542195899731,-0.589698824051584],[103.24578045467175,-0.5896985483074816],[103.24578059165488,-0.5898789944570213],[103.24595983943497,-0.5898788565341088]]],[[[103.24595792540538,-0.5873526110177039],[103.24595806184931,-0.5875330571269862],[103.24613730951297,-0.5875329197468382],[103.24613744600455,-0.5877133658137763],[103.24595819833516,-0.58771350323612],[103.24595833486292,-0.587893949345105],[103.24506209585857,-0.5878946365813937],[103.24506223239965,-0.588075082901182],[103.24488298446732,-0.5880752203733434],[103.24488271143854,-0.5877143276492476],[103.24506195935943,-0.5877141902614568],[103.24506155011342,-0.5871728513007529],[103.24488230220969,-0.5871729885619886],[103.24488202959999,-0.5868120958364063],[103.24559902091774,-0.5868115470944449],[103.24559915722448,-0.5869919932885593],[103.24631614789442,-0.5869914442858195],[103.24631628426594,-0.587171890311006],[103.24613703665563,-0.5871720276125161],[103.24613717306333,-0.5873524736797515],[103.24595792540538,-0.5873526110177039]]],[[[103.25025618579286,-0.5824772956677253],[103.25043543229053,-0.5824771593320787],[103.25043556774439,-0.5826576043899375],[103.25061481420575,-0.5826574680063435],[103.25061467874622,-0.5824770229907247],[103.25079392515994,-0.5824768866436633],[103.25079406062517,-0.5826573316170406],[103.2509733070026,-0.5826571952220287],[103.25097344251546,-0.5828376401530151],[103.25115268885658,-0.5828375037100488],[103.25115282441708,-0.5830179485986424],[103.25097357807026,-0.583018085083854],[103.25097384930581,-0.5833789749450884],[103.2504361099795,-0.5833793846198968],[103.25043597435779,-0.5831989395626285],[103.25007748127513,-0.5831992125661122],[103.25007734570671,-0.5830187674242218],[103.24953960578506,-0.5830191767598907],[103.24953947027564,-0.5828387314911542],[103.24918097679611,-0.58283900426858],[103.24918084133998,-0.5826585589152394],[103.24882234770399,-0.5826588315853719],[103.24882221230115,-0.5824783861474339],[103.2486429654259,-0.5824785224317144],[103.24864255948607,-0.5819371859903493],[103.24882180634431,-0.5819370498327354],[103.24882167110925,-0.5817566043942076],[103.24900091791989,-0.5817564682731158],[103.2490010531606,-0.5819369136694195],[103.24935954666735,-0.5819366413256811],[103.24935968196134,-0.5821170866373844],[103.24953892865746,-0.5821169504147329],[103.24953906399907,-0.5822973956840596],[103.25025605038662,-0.5822968505674809],[103.25025618579286,-0.5824772956677253]]],[[[103.2525840895398,-0.5794079654719284],[103.25276333539567,-0.5794078297805249],[103.2527634702095,-0.5795882742916297],[103.25294271602904,-0.5795881385522862],[103.25294258120957,-0.5794076940834443],[103.25312182698147,-0.5794075583806864],[103.25312169219835,-0.5792271139539624],[103.25330093792263,-0.5792269782877936],[103.25330107271138,-0.5794074226722513],[103.25365956404526,-0.5794071512383496],[103.25365942924522,-0.57922670693843],[103.25437641138645,-0.579226164171598],[103.25437668107362,-0.5795870524330964],[103.25401819006446,-0.5795873239969673],[103.25401832495976,-0.5797677682120485],[103.25383907938654,-0.579767904027739],[103.25383921431819,-0.5799483482849467],[103.25365996869733,-0.5799484841372282],[103.25365983377131,-0.5797680398377488],[103.2534805881141,-0.5797681756420778],[103.25348045323571,-0.5795877313001819],[103.25312196180658,-0.5795880028072637],[103.25312209667368,-0.5797684472336944],[103.25276360506531,-0.5797687188025874],[103.25276373996311,-0.5799491633133985],[103.25258449409031,-0.5799492991315853],[103.25258462902445,-0.5801297436845104],[103.25097141422933,-0.580130966172747],[103.25097127934599,-0.5799505212395518],[103.25079203305343,-0.5799506570009133],[103.25079189821771,-0.5797702120253282],[103.25097114450463,-0.5797700763062101],[103.2509708749478,-0.5794091864390861],[103.25115012118148,-0.5794090507987775],[103.25114998646039,-0.5792286059072407],[103.25132923264644,-0.5792284703035016],[103.25132896331888,-0.5788675806044814],[103.25150820945171,-0.5788674450795642],[103.25150807484526,-0.5786870002720826],[103.2518665669737,-0.5786867292897353],[103.25186670159142,-0.5788671740127144],[103.25204594759832,-0.5788670384707815],[103.25204608226365,-0.5790474831513596],[103.25240457416277,-0.5790472119659649],[103.25240443948617,-0.5788667673699],[103.25258368536711,-0.5788666318109512],[103.2525840895398,-0.5794079654719284]]],[[[103.25383719475282,-0.5772416844114321],[103.25383706045109,-0.5770612401520263],[103.25365781492032,-0.5770613753279619],[103.25365768066621,-0.5768809310261381],[103.25401617167452,-0.576880660753158],[103.25401603745118,-0.5767002165357332],[103.25419528288674,-0.5767000814330396],[103.2541954171157,-0.5768805256081894],[103.25473315318719,-0.5768801201393692],[103.25473355617663,-0.577421452283433],[103.25419582005458,-0.5774218581327613],[103.25419568569961,-0.5772414139580501],[103.25383719475282,-0.5772416844114321]]],[[[103.2545533711633,-0.5761584789380424],[103.25401563503313,-0.5761588838825826],[103.25401550097777,-0.5759784396645737],[103.25365701002555,-0.5759787095148291],[103.25365714406969,-0.5761591538173829],[103.25347789852499,-0.5761592887763152],[103.25347776448645,-0.5759788444314914],[103.25311927328227,-0.5759791142478854],[103.25311913929694,-0.5757986698183817],[103.25276064793601,-0.5757989395276739],[103.25276051400387,-0.5756184950134969],[103.25329825096547,-0.5756180905678892],[103.2532981170585,-0.57543764618036],[103.25365660814509,-0.5754373766062925],[103.25365647426892,-0.5752569323031554],[103.25401496517632,-0.5752566627910798],[103.2540150990637,-0.5754371070096721],[103.25419434445999,-0.5754369722029045],[103.25419461237192,-0.5757978605551012],[103.25437385773743,-0.5757977256581416],[103.25437399176201,-0.5759781697917443],[103.25455323709112,-0.5759780348468644],[103.2545533711633,-0.5761584789380424]]],[[[103.25455176506937,-0.5739931498342843],[103.25491025547848,-0.5739928808577823],[103.25491012189916,-0.5738124368494188],[103.25508936703511,-0.5738123023950157],[103.25508923349223,-0.5736318584287907],[103.25544772362694,-0.5736315895876908],[103.255447857181,-0.5738120334693424],[103.25580634715884,-0.5738117645211802],[103.25580648076608,-0.5739922083181065],[103.25562723579257,-0.5739923428372894],[103.25562736943625,-0.5741727866763613],[103.25455189867952,-0.5741735939270649],[103.25455176506937,-0.5739931498342843]]],[[[103.26624499152076,-0.6284776747011186],[103.2662448448699,-0.6282972334061402],[103.26588635623828,-0.6282975286118756],[103.26588606308736,-0.6279366458518667],[103.266065307412,-0.6279364983368623],[103.26606545397253,-0.6281169396745536],[103.26642394250769,-0.6281166445412971],[103.26642408912255,-0.6282970857940389],[103.26660333333305,-0.6282969381757817],[103.26660347999615,-0.628477379385966],[103.26624499152076,-0.6284776747011186]]],[[[103.26928572085,-0.6205357783308827],[103.26964420735789,-0.6205354865399512],[103.26964406244552,-0.6203550460438312],[103.27000254877274,-0.6203547543134419],[103.27000269369718,-0.6205351947247012],[103.27018193680358,-0.6205350488079565],[103.27018208177623,-0.6207154891766253],[103.2696443523124,-0.6207159270359139],[103.26964449730907,-0.6208963675317192],[103.26928601077701,-0.6208966594923584],[103.26928572085,-0.6205357783308827]]],[[[103.28003792355426,-0.6176400054891922],[103.28111336679933,-0.617639131938353],[103.28111365617129,-0.618000007497037],[103.28039669412884,-0.6180005902287731],[103.28039683885414,-0.6181810281780328],[103.28021759823187,-0.6181811738883645],[103.28021745351258,-0.6180007358965711],[103.28003821285405,-0.6180008815583142],[103.28003792355426,-0.6176400054891922]]],[[[103.27895902123626,-0.6133103598201708],[103.27895887769965,-0.6131299215264686],[103.27931735915794,-0.6131296325657878],[103.27931750270649,-0.6133100707744453],[103.27967598400772,-0.6133097817046856],[103.27967627125544,-0.6136706579514304],[103.27949703061402,-0.6136708025743681],[103.27949731801878,-0.6140316789055427],[103.27967655867216,-0.6140315341975517],[103.27967670244391,-0.6142119723203785],[103.27985594306102,-0.6142118275638434],[103.27985623074322,-0.614572703723972],[103.28003547133002,-0.6145725588763589],[103.28003561524048,-0.6147529969136586],[103.28218649905774,-0.6147512577621725],[103.28218635507551,-0.6145708202353738],[103.28236559511289,-0.6145706753094896],[103.2823657391011,-0.614751112793735],[103.2825449791022,-0.6147509678192749],[103.28254526721742,-0.615111842702187],[103.2827245071882,-0.6151116976365907],[103.28272522824611,-0.6160138846283515],[103.28254598824537,-0.6160140299067318],[103.28254656582875,-0.6167357796675511],[103.28236732576175,-0.6167359251101169],[103.28236747025728,-0.6169163625924852],[103.28165050954253,-0.6169169444725299],[103.28165036507102,-0.6167365068199591],[103.28147112479265,-0.6167366522323143],[103.28147098036939,-0.6165562145370407],[103.28129174005475,-0.6165563599008095],[103.28129188447201,-0.6167367976386277],[103.28003720104422,-0.6167378153136429],[103.28003734546174,-0.6169182533490662],[103.27985810479701,-0.6169183987495732],[103.27985824925075,-0.61709883682737],[103.28003748992148,-0.6170986913843329],[103.28003763442348,-0.6172791294194426],[103.27967915302777,-0.6172794203845304],[103.27967929756002,-0.6174598585045424],[103.27950005679278,-0.6174600040205419],[103.27950020136127,-0.6176404421829239],[103.27967944213452,-0.6176402966243976],[103.27967958675126,-0.617820734744096],[103.27985882748828,-0.6178205891369903],[103.27985897215329,-0.6180010272140032],[103.27967973141027,-0.6180011728636374],[103.27968002085501,-0.6183620491022498],[103.27985926161007,-0.6183619033675581],[103.27985940640183,-0.6185423414440997],[103.28003864712065,-0.61854219566082],[103.28003879196069,-0.6187226336946745],[103.28021803264328,-0.6187224878628027],[103.28021788779722,-0.6185420498714803],[103.28039712843153,-0.6185419040760808],[103.28039727328361,-0.6187223420248693],[103.28111423542235,-0.6187217586125205],[103.28111452530148,-0.6190826341693199],[103.28129376574255,-0.6190824882159931],[103.28129391075151,-0.6192629259516144],[103.28147315115636,-0.6192627799496783],[103.28147329621363,-0.6194432176425975],[103.28183177690855,-0.6194429255354309],[103.28183206717402,-0.6198038007506085],[103.28147358645498,-0.6198040930279637],[103.28147373163905,-0.6199845307204108],[103.2812944912101,-0.6199846768925247],[103.28129463643042,-0.6201651146273587],[103.28147387686542,-0.6201649684127003],[103.28147402213403,-0.6203454061048324],[103.28165326253277,-0.620345259841552],[103.28165369861036,-0.6208865727893637],[103.28183293898496,-0.6208864263923617],[103.28183308443472,-0.6210668639987688],[103.2820123247731,-0.6210667175531344],[103.28201217931729,-0.620886279989277],[103.28219141960734,-0.6208861335801095],[103.28219200170845,-0.6216078836643856],[103.28004111514787,-0.6216096422149445],[103.28004024268506,-0.6205270140245693],[103.27986100189992,-0.6205271602756831],[103.27986085664338,-0.6203467222008717],[103.27950237495841,-0.6203470145998062],[103.27950252020288,-0.6205274527596728],[103.27932327929098,-0.620527598992549],[103.27932356989459,-0.62088847539686],[103.27914432892835,-0.6208886217087035],[103.27914331259734,-0.6196255539931947],[103.27896407163114,-0.6196257000013047],[103.2789637816431,-0.6192648234246995],[103.2787845406467,-0.6192649693416993],[103.27878439572208,-0.6190845310106411],[103.27860515468946,-0.6190846768790559],[103.2786050098131,-0.6189042385053226],[103.27842576874427,-0.6189043843251565],[103.27842562391619,-0.6187239459087494],[103.27824638281113,-0.6187240916800052],[103.2782462380313,-0.6185436532209269],[103.27860472018712,-0.6185433617573842],[103.27860457543748,-0.6183629233831794],[103.27878381644602,-0.6183627776848365],[103.2787836717326,-0.6181823393529926],[103.27896291269286,-0.6181821936911109],[103.27896262338075,-0.6178213171119918],[103.27914186428674,-0.6178211715290971],[103.27914171968803,-0.6176407332818237],[103.27932096054577,-0.6176405877353993],[103.2793208159833,-0.6174601495304921],[103.27914157513156,-0.6174602950343934],[103.27914143061734,-0.6172798567868062],[103.27806598465591,-0.6172807294280762],[103.27806584021997,-0.6171002909252301],[103.27788659908457,-0.6171004363017648],[103.2778867435145,-0.6172808748471217],[103.27770750233086,-0.6172810202601199],[103.27770706918578,-0.6167397044960512],[103.27752782797793,-0.6167398497754797],[103.2775276836867,-0.6165594111446363],[103.27734844244262,-0.616559556375517],[103.27734786572398,-0.6158378016805559],[103.27806483035097,-0.6158372214009218],[103.27806468625292,-0.6156567828968234],[103.2794986134316,-0.615655622388105],[103.2794987575776,-0.6158360605520531],[103.27967799829084,-0.6158359154187946],[103.27967814248507,-0.6160163535400593],[103.27985738316204,-0.6160162083582391],[103.27985752740453,-0.6161966464368189],[103.28003676804525,-0.6161965012064334],[103.28003662379676,-0.6160160631703837],[103.28021586438923,-0.6160159179764931],[103.280215720177,-0.6158354799828194],[103.28003647959052,-0.6158356251341777],[103.28003633542656,-0.6156551870978153],[103.27985709480382,-0.6156553322006101],[103.27985666258338,-0.6151140179629937],[103.28003590318814,-0.6151138729877899],[103.28003575919318,-0.6149334349508024],[103.2798565185944,-0.6149335798834761],[103.27985637464768,-0.6147531418038019],[103.27842244838438,-0.6147543007081316],[103.27842230452777,-0.6145738622881229],[103.27824306356074,-0.6145740070815477],[103.27824291975234,-0.6143935686188684],[103.27806367874906,-0.6143937133637594],[103.27806382255147,-0.6145741518689511],[103.27770534040627,-0.6145744414256956],[103.27770548423895,-0.6147548800157512],[103.27752624309701,-0.6147550248275991],[103.27752638696596,-0.614935463460006],[103.2773471457758,-0.6149356083083368],[103.27734743362838,-0.6152964856576933],[103.27716819238404,-0.6152966305850069],[103.2771683363677,-0.6154770693019547],[103.27645137094409,-0.6154776491209262],[103.276451514946,-0.6156580880077149],[103.2760930319689,-0.6156583779660095],[103.27609288797896,-0.6154779389942326],[103.27519667982743,-0.6154786635719754],[103.27519653590967,-0.6152982243876028],[103.27501729415873,-0.6152983692425791],[103.27501643157436,-0.6142157338781706],[103.27537491496224,-0.6142154446719912],[103.27537505863275,-0.6143958838148158],[103.27627126639368,-0.614395160481612],[103.27627112269329,-0.6142147215512355],[103.27662960549019,-0.6142144322608108],[103.27662974920254,-0.6143948711061956],[103.27698823184254,-0.614394581706702],[103.27698808811822,-0.6142141429463158],[103.2771673293689,-0.6142139982800422],[103.27716718568084,-0.6140335595620019],[103.27734642688331,-0.6140334149322145],[103.27734613962191,-0.613672537580674],[103.27716689843139,-0.6136726821254537],[103.27716675487,-0.613492243406946],[103.2769875136432,-0.6134923879032118],[103.27698765719863,-0.6136728266642215],[103.27662917460644,-0.6136731157237203],[103.27662903106297,-0.613492676877712],[103.27644978970952,-0.6134928213559464],[103.27644964621423,-0.6133123824672855],[103.27698737013002,-0.6133119491420461],[103.27698722665905,-0.6131315103807251],[103.27770419126507,-0.6131309326996367],[103.27770433475992,-0.6133113712909392],[103.27860053959706,-0.6133106488418618],[103.27860039607239,-0.6131302104631222],[103.27877963690713,-0.6131300659977987],[103.27877978043779,-0.6133105043340206],[103.27895902123626,-0.6133103598201708]]],[[[103.2719710414292,-0.6163834705452436],[103.27197118549222,-0.616563910493094],[103.27412209282993,-0.6165621694984446],[103.27412223700712,-0.6167426089365913],[103.27483920479358,-0.6167420282418367],[103.27483963765043,-0.617283346045621],[103.27412266979192,-0.6172839272500923],[103.27412281413791,-0.6174643666876125],[103.27394357206177,-0.6174645120160833],[103.27394371644394,-0.617644951495919],[103.27412295852608,-0.6176448061249762],[103.27412310295647,-0.617825245562183],[103.27430234500243,-0.6178251001427154],[103.27430248948102,-0.6180055395372918],[103.27268930949438,-0.6180068484767935],[103.2726891650699,-0.6178264087000171],[103.2719721951142,-0.617826990123662],[103.2719716179343,-0.6171052303357057],[103.27215086046246,-0.617105085158684],[103.27215071626692,-0.616924645253756],[103.27197147374477,-0.616924790388325],[103.2719713295974,-0.6167443504407877],[103.27179208703909,-0.6167444955268617],[103.2717919429399,-0.6165640555367172],[103.2716127003454,-0.6165642005743],[103.2716128444386,-0.6167446406068933],[103.27125435911108,-0.6167449307488291],[103.27125421502991,-0.6165644906313429],[103.27035800100326,-0.6165652156682384],[103.27035785699424,-0.6163847753383952],[103.27071634271938,-0.616384485426634],[103.27071619874053,-0.6162040451815094],[103.27089544153387,-0.6162039002590105],[103.27089529759118,-0.6160234600561694],[103.27107454033636,-0.6160233151700752],[103.27107439642984,-0.61584287500952],[103.27125363912685,-0.6158427301598342],[103.27125378303937,-0.6160231702779457],[103.2714330257002,-0.6160230253797808],[103.27143316966088,-0.6162034654552908],[103.27179165486804,-0.6162031755559589],[103.27179179888287,-0.6163836155464162],[103.2719710414292,-0.6163834705452436]]],[[[103.27268671630779,-0.6147589324708648],[103.27268686001518,-0.6149393722503006],[103.2725076176855,-0.6149395169359663],[103.27250776142907,-0.6151199567577038],[103.27197003416902,-0.615120390905915],[103.2719701779368,-0.615300830854859],[103.27179093542644,-0.6153009756013272],[103.27179107923041,-0.6154814155925661],[103.2710741087433,-0.6154819946879404],[103.27107396496329,-0.6153015545269163],[103.27125320764233,-0.6153014098045615],[103.27125292019683,-0.6149405295669323],[103.27143216282172,-0.6149403849234402],[103.27143201915622,-0.6147599448468368],[103.27161126173299,-0.6147598002397668],[103.27161140540446,-0.6149402402739229],[103.27179064794501,-0.6149400956183813],[103.27179050426754,-0.614759655626674],[103.27196974675995,-0.6147595110075581],[103.27196960311869,-0.6145790710581459],[103.27268657264261,-0.6145784926912732],[103.2726864290196,-0.6143980529115255],[103.27340339784467,-0.6143974746181626],[103.27340368518074,-0.6147583538378043],[103.27304520082863,-0.6147586431663805],[103.27304505715148,-0.6145782034717097],[103.27286581491813,-0.6145783480845022],[103.27286595858932,-0.6147587878216343],[103.27268671630779,-0.6147589324708648]]],[[[103.27537448420397,-0.613674127242582],[103.27519524254905,-0.6136742717212275],[103.27519495559984,-0.6133133933492072],[103.27537419724283,-0.6133132489555301],[103.27537405382556,-0.6131328098117708],[103.27555329542037,-0.6131326654545712],[103.27555315203934,-0.6129522263531421],[103.27573239358597,-0.6129520820324232],[103.27573253697295,-0.6131325210913648],[103.27627026137743,-0.6131320879657035],[103.27627054831385,-0.6134929658281706],[103.27609130687595,-0.6134931102943841],[103.2760915939693,-0.6138539882412146],[103.27537462774785,-0.6138545663858742],[103.27537448420397,-0.613674127242582]]],[[[103.28146795724491,-0.6127670229001847],[103.2802132750343,-0.6127680340664696],[103.28021270148132,-0.6120462820796073],[103.28075042261078,-0.6120458492690738],[103.28075056595353,-0.612226287138416],[103.28092980625145,-0.6122261428137068],[103.2809299496424,-0.6124065806403544],[103.28110918990402,-0.6124064362671067],[103.28110933334318,-0.6125868740510578],[103.28146781375156,-0.612586585201476],[103.28146795724491,-0.6127670229001847]]],[[[103.27716474944424,-0.6109661013315026],[103.27716489241446,-0.611146540052187],[103.27841957927726,-0.6111455322783576],[103.2784194362654,-0.6109650938552366],[103.27859867707092,-0.6109649499061132],[103.27859882008872,-0.6111453882867182],[103.27895730158491,-0.6111451002854773],[103.27895744465685,-0.6113255385808897],[103.27913668534754,-0.6113253945287666],[103.27913682846768,-0.6115058327815026],[103.27931606912207,-0.6115056886808674],[103.2793162122904,-0.6116861268909247],[103.28003317450928,-0.6116855502583649],[103.28003331774367,-0.6118659882981565],[103.27770318798365,-0.611867862556161],[103.27770333118286,-0.6120483011485526],[103.27752409013047,-0.6120484453227912],[103.27752423336597,-0.6122288839575346],[103.27734499226538,-0.6122290281682825],[103.27734513553716,-0.6124094668453762],[103.27662817068874,-0.6124100437983924],[103.27662802744082,-0.6122296049512945],[103.27609030337906,-0.6122300374755738],[103.27609016019123,-0.6120495985008358],[103.27591091875883,-0.6120497426211082],[103.27591077561915,-0.6118693036037236],[103.27609001704559,-0.6118691595259429],[103.27608987394218,-0.6116887205508941],[103.2759106325217,-0.6116888645861838],[103.27591048946645,-0.6115084255684887],[103.27501428176065,-0.6115091454426145],[103.27501413877737,-0.6113287062123338],[103.27483489711554,-0.611328850126705],[103.27483432562826,-0.6106070930341084],[103.27519280886214,-0.6106068055392293],[103.27519266608395,-0.6104263663506558],[103.27555114913714,-0.6104260789168183],[103.27555129192721,-0.6106065180204215],[103.27590977482346,-0.6106062304776848],[103.27590991766762,-0.6107866694961558],[103.27626840040689,-0.6107863818445062],[103.27626854330518,-0.6109668207778375],[103.27716474944424,-0.6109661013315026]]],[[[103.2585213144722,-0.6082743880099775],[103.25887980521854,-0.6082741027042563],[103.25887994695148,-0.6084545457533498],[103.25977617311109,-0.608453832173115],[103.25977631491568,-0.6086342750104199],[103.25780461591184,-0.6086358451557402],[103.25780447417242,-0.6084554018528979],[103.2585214561933,-0.6084548311437125],[103.2585213144722,-0.6082743880099775]]],[[[103.27447087092901,-0.6042920028659149],[103.27375390444486,-0.6042925717898482],[103.27375376319094,-0.6041121322560686],[103.27393300486938,-0.604111990076436],[103.27393258134308,-0.6035706716015882],[103.27429106453812,-0.603570387479403],[103.27429120568313,-0.6037508268862268],[103.27447044722322,-0.6037506847737889],[103.27447030607235,-0.6035702454094404],[103.27464954756438,-0.6035701033335645],[103.2746499711612,-0.6041114212987191],[103.27447072965155,-0.6041115635020263],[103.27447087092901,-0.6042920028659149]]],[[[103.28074387452901,-0.6037457071120329],[103.2807435918583,-0.6033848313586819],[103.28092283186639,-0.6033846891183846],[103.28092269058857,-0.6032042512840182],[103.2812811704662,-0.6032039668707732],[103.28128131175579,-0.6033844046200564],[103.28146055163708,-0.6033842623620252],[103.28146069297479,-0.6035647000686113],[103.28128145308763,-0.6035648423691865],[103.28128159446173,-0.6037452801181632],[103.28074387452901,-0.6037457071120329]]],[[[103.26084726693556,-0.6028592555219816],[103.26066802222283,-0.602859396973151],[103.26066760088455,-0.6023180690810754],[103.26084684557968,-0.6023179277569288],[103.26084698598957,-0.6024983703454326],[103.26120547526537,-0.6024980875947481],[103.26120533484374,-0.6023176450909313],[103.26174306842432,-0.6023172210476746],[103.26174377104113,-0.6032194329300096],[103.26084754804981,-0.6032201406979196],[103.26084726693556,-0.6028592555219816]]],[[[103.26694015708863,-0.6010500311853436],[103.26640242729346,-0.6010504548516292],[103.26640256759028,-0.6012308961277558],[103.26622332423513,-0.601231037380469],[103.26622318394416,-0.601050596061947],[103.26532696656594,-0.6010513020252021],[103.26532682634635,-0.6008708604945754],[103.26514758275022,-0.6008710016271747],[103.26514744257858,-0.6006905600540107],[103.26550592971704,-0.6006902778676968],[103.26550578957581,-0.6005098363791523],[103.26568503307604,-0.6005096953195561],[103.26568517322309,-0.600690136765712],[103.26586441668705,-0.6006899956578418],[103.26586427653413,-0.6005095542540763],[103.266222763324,-0.600509272105466],[103.26622262320153,-0.6003288307863343],[103.26640186652742,-0.6003286897455995],[103.26640200665575,-0.6005091310223355],[103.2665812499454,-0.6005089899333217],[103.26658139012169,-0.6006894311675077],[103.26676063337506,-0.600689290030211],[103.2667607735993,-0.6008697312218454],[103.26694001681639,-0.6008695900362624],[103.26694015708863,-0.6010500311853436]]],[[[103.27661810500278,-0.5995988852708154],[103.27661796475248,-0.5994184464127955],[103.27625948292408,-0.5994187287339272],[103.27625934272766,-0.5992382897907641],[103.27679706538943,-0.5992378664277472],[103.27679720560336,-0.599418305243421],[103.276976446412,-0.5994181640681738],[103.27697672697816,-0.5997790416140648],[103.27679748615785,-0.599779182874312],[103.27679734585949,-0.5995987440589426],[103.27661810500278,-0.5995988852708154]]],[[[103.26908883205635,-0.5981612857298464],[103.26908869238828,-0.5979808450872817],[103.26926793496425,-0.5979807045039512],[103.2692677953325,-0.5978002639036589],[103.26944703786052,-0.5978001233568955],[103.26944689826509,-0.5976196827988774],[103.26980538318303,-0.5976194017726365],[103.26980580213066,-0.5981607231916658],[103.26962655967532,-0.5981608638350016],[103.26962641998978,-0.5979804233197142],[103.2694471774981,-0.5979805639147622],[103.26944731717782,-0.598161004472477],[103.26908883205635,-0.5981612857298464]]],[[[103.26084251373739,-0.5967242074378113],[103.26084265284327,-0.596904650031027],[103.26048416376108,-0.5969049301330184],[103.26048402466682,-0.5967244874551232],[103.26030478006847,-0.5967246274550089],[103.26030491915691,-0.5969050701752417],[103.26012567451065,-0.5969052102116166],[103.26012553542802,-0.5967247674490482],[103.25976704602098,-0.5967250474195869],[103.25976690699201,-0.5965446045722014],[103.25994615171076,-0.5965444646321875],[103.25994601271805,-0.596364021826983],[103.26012525738894,-0.596363881923458],[103.26012511843247,-0.596183439160436],[103.26084209667216,-0.5961828796572572],[103.26084223565184,-0.5963633222509264],[103.26102148011242,-0.5963631823181859],[103.26102161913997,-0.5965436248693613],[103.26120086356426,-0.5965434848884332],[103.2612010026397,-0.5967239273971131],[103.26084251373739,-0.5967242074378113]]],[[[103.26388910764467,-0.596000058852323],[103.26478532589162,-0.5959993590572957],[103.26478546495687,-0.5961798007191703],[103.26460622138588,-0.5961799407322342],[103.26460636048742,-0.5963603824363374],[103.26424787320752,-0.5963606625296961],[103.26424773411757,-0.5961802207408387],[103.2638892466809,-0.5961805007260786],[103.26388910764467,-0.596000058852323]]],[[[103.26352992555942,-0.5950981289347137],[103.26370916934822,-0.5950979892109116],[103.26370958593441,-0.5956393149611038],[103.26335109827995,-0.5956395946570869],[103.26335054296224,-0.5949178266509163],[103.26352978678733,-0.594917686975312],[103.26352992555942,-0.5950981289347137]]],[[[103.26209583500815,-0.5949188042169381],[103.26209597373392,-0.5950992465152288],[103.26137899681125,-0.5950998051655509],[103.26137913555591,-0.595280247633093],[103.26119989121426,-0.595280387323443],[103.26120002999521,-0.5954608298331803],[103.2610207856057,-0.5954609695600422],[103.26102064683056,-0.5952805270079603],[103.26084140240478,-0.5952806666866455],[103.26084126367749,-0.5951002240920701],[103.26048277471133,-0.5951005033472627],[103.26048263603771,-0.5949200606678567],[103.26102036940647,-0.594919641903344],[103.26102023075754,-0.59473919935081],[103.26119947512386,-0.5947390597933254],[103.26119933651121,-0.5945586172829846],[103.26173706934043,-0.5945581987026124],[103.26173720797046,-0.5947386410859095],[103.2620956963245,-0.5947383619184962],[103.26209555768288,-0.5945579196199038],[103.262274801791,-0.5945577800698116],[103.26227507912785,-0.5949186645821357],[103.26209583500815,-0.5949188042169381]]],[[[103.28109159283646,-0.5898517120631791],[103.28109200743182,-0.5903930254718482],[103.28091276788423,-0.5903931646551319],[103.28091290616148,-0.5905736025002623],[103.28073366656587,-0.5905737417203006],[103.28073311373348,-0.5898519901687245],[103.28109159283646,-0.5898517120631791]]],[[[103.27929548293315,-0.5849812701374237],[103.27929575689168,-0.5853421466020624],[103.27911651708175,-0.585342284536867],[103.27911638008705,-0.5851618462620991],[103.27875790035183,-0.5851621220294646],[103.27875803733514,-0.5853425603892726],[103.27857879739845,-0.5853426983068737],[103.27857866042086,-0.5851622599045482],[103.27839942044764,-0.5851623977738989],[103.27839914663053,-0.5848015208837707],[103.27821990662648,-0.5848016586623608],[103.27821976978696,-0.58462122017456],[103.27839900978533,-0.584621082438484],[103.27839887298236,-0.5844406439930485],[103.27857811293282,-0.5844405062937607],[103.27857824974147,-0.5846209446966802],[103.27893672952702,-0.5846206691958905],[103.2789368663893,-0.5848011075136249],[103.2791161062244,-0.5848009697121178],[103.27911624313461,-0.5849814079871828],[103.27929548293315,-0.5849812701374237]]],[[[103.27768204953844,-0.5846216333484232],[103.27804052974635,-0.5846213579049087],[103.27804066658018,-0.5848017964352215],[103.27786142649164,-0.5848019342023528],[103.277861563362,-0.5849823727750278],[103.27732384282595,-0.5849827861695672],[103.27732370597266,-0.5848023474693718],[103.27678598507364,-0.5848027606848268],[103.27678584827967,-0.5846223218569783],[103.27696508861587,-0.5846221841667223],[103.27696454183939,-0.5839004290238434],[103.27750226252643,-0.5839000164287502],[103.27750212592083,-0.5837195777701697],[103.27786060615634,-0.5837193027631873],[103.27786087943251,-0.5840801799101693],[103.27768163932451,-0.584080317501537],[103.27768177602026,-0.5842607561173142],[103.27750253586433,-0.5842608937454665],[103.27750267259661,-0.5844413324036021],[103.27768191275823,-0.5844411947329429],[103.27768204953844,-0.5846216333484232]]],[[[103.28108541955045,-0.5817320107720302],[103.28162313711834,-0.5817315993138122],[103.28162300088928,-0.5815511616315603],[103.2818022399884,-0.5815510245099703],[103.28180251250012,-0.5819118997892317],[103.28162327338968,-0.5819120369959166],[103.28162340970329,-0.582092474677873],[103.2812649313443,-0.58209274915923],[103.28126506768882,-0.5822731869261285],[103.28108582844027,-0.582273324200795],[103.28108541955045,-0.5817320107720302]]],[[[103.28126397811596,-0.580829684786805],[103.28126384210955,-0.5806492470187251],[103.28108460291192,-0.5806493839105122],[103.28108405933149,-0.5799276326665502],[103.28126329850654,-0.5799274959449316],[103.28126302695861,-0.5795666204071508],[103.28144226608012,-0.5795664837649386],[103.28144253763931,-0.5799273592176315],[103.28162177672982,-0.57992722248465],[103.28162259245573,-0.581009848583918],[103.28144335333133,-0.5810099855721738],[103.28144321727697,-0.5808295478467854],[103.28126397811596,-0.580829684786805]]],[[[103.2685346468669,-0.5765088141225961],[103.26853478150281,-0.5766892549101525],[103.2681762973206,-0.5766895260139451],[103.26817643198741,-0.5768699668861862],[103.26763870538122,-0.5768703736267332],[103.26763843612336,-0.5765094916276362],[103.2685346468669,-0.5765088141225961]]],[[[103.26584614602844,-0.5766912876377095],[103.26584601147668,-0.5765108462140901],[103.26602525413091,-0.5765107107808625],[103.26602511961568,-0.5763302693994887],[103.26638360478651,-0.5763299986008771],[103.26638387388155,-0.5766908811939004],[103.26620463130597,-0.5766910166808202],[103.26620476591104,-0.576871458019508],[103.26602552328771,-0.5768715935431713],[103.26602538868825,-0.5766911521620901],[103.26584614602844,-0.5766912876377095]]],[[[103.26674047862234,-0.5741644332268251],[103.26709896332184,-0.5741641634006773],[103.26709882932059,-0.5739837222717947],[103.26727807160158,-0.573983587392687],[103.26727820560842,-0.5741640284791654],[103.26745744785286,-0.5741638935520281],[103.26745771600412,-0.5745247756397358],[103.26691998911087,-0.5745251806586967],[103.26691985503095,-0.5743447394877033],[103.26674061265453,-0.5743448744403649],[103.26674047862234,-0.5741644332268251]]],[[[103.26405130263379,-0.5734446888068868],[103.26423054561393,-0.5734445541505038],[103.26423041187044,-0.5732641123428133],[103.26405116889589,-0.5732642469568222],[103.2640510352001,-0.5730838051066118],[103.26387179218902,-0.573083939672632],[103.2638716585409,-0.5729034977799045],[103.26440938743109,-0.5729030941921218],[103.2644096548029,-0.5732639777231874],[103.26458889769326,-0.5732638430979451],[103.26458916524463,-0.573624726543674],[103.26423067939949,-0.5736249959580492],[103.26423081322716,-0.5738054377654488],[103.26405157023586,-0.5738055725065802],[103.26405130263379,-0.5734446888068868]]],[[[103.28255516375837,-0.6273815883469045],[103.28255531075435,-0.6275620257773932],[103.28237607032408,-0.6275621737732676],[103.28237621735624,-0.6277426112461518],[103.28130077385018,-0.627743499347582],[103.28130047990143,-0.6273826238910654],[103.28255516375837,-0.6273815883469045]]],[[[103.28291305686992,-0.6266595430387426],[103.28327153737347,-0.6266592474295715],[103.28327139056448,-0.6264788101685249],[103.2836298708867,-0.6264785146199269],[103.28363001770786,-0.6266589517958435],[103.28380925781164,-0.6266588039697707],[103.28380955159307,-0.6270196782359911],[103.28345107131884,-0.6270199740522643],[103.28345092441917,-0.6268395368341005],[103.28291320370897,-0.6268399803847527],[103.28291305686992,-0.6266595430387426]]],[[[103.28147810681615,-0.6253976614203883],[103.28111962555238,-0.625397956311162],[103.28111933271474,-0.6250370807654231],[103.28147781395415,-0.6250367860448239],[103.28147766758657,-0.6248563483568037],[103.28219462953386,-0.6248557590123212],[103.28219477592579,-0.6250361965301454],[103.28273249696063,-0.6250357543298412],[103.28273264341307,-0.6252161917198413],[103.28255340310432,-0.625216339168623],[103.28255369612387,-0.6255772140332604],[103.28147825331054,-0.6255780991079324],[103.28147810681615,-0.6253976614203883]]],[[[103.28523617478879,-0.6179966549096623],[103.28523631967651,-0.618177091709839],[103.28541555911491,-0.6181769458299352],[103.28541570405096,-0.6183573825873717],[103.28523646460653,-0.618357528509859],[103.28523660957886,-0.6185379653097215],[103.28505737008611,-0.6185381112687326],[103.28505751509472,-0.6187185481110197],[103.28451979634463,-0.6187189860794295],[103.28451965135407,-0.618538549109408],[103.2836234526214,-0.6185392787226749],[103.28362330770325,-0.6183588415396416],[103.28344406783586,-0.61835898740155],[103.283443922966,-0.6181785501757937],[103.28362316282738,-0.6181784043564507],[103.2836230179938,-0.6179979671731032],[103.28344377813845,-0.6179981129498804],[103.28344334390947,-0.6174568012711984],[103.28362258374679,-0.6174566556221182],[103.28362272845351,-0.6176370928059367],[103.2839812080133,-0.6176368014044924],[103.28398106329458,-0.6174563643058104],[103.28416030300502,-0.617456218638583],[103.28416001368241,-0.6170953445258908],[103.2845184929524,-0.6170950533435834],[103.28451863760456,-0.6172754903148606],[103.28523559566099,-0.6172749077073846],[103.28523588514028,-0.6176357813088372],[103.28541512456064,-0.6176356355566835],[103.28541541422118,-0.6179965090723416],[103.28523617478879,-0.6179966549096623]]],[[[103.28684860408265,-0.6170931600691545],[103.2863108867642,-0.6170935970693193],[103.28631059746668,-0.616732723977979],[103.28648983660315,-0.6167325784024906],[103.28648954746289,-0.6163717053957113],[103.28684802558489,-0.6163714143969955],[103.28684860408265,-0.6170931600691545]]],[[[103.28398062939213,-0.6169150530088237],[103.28344291006108,-0.6169154895911048],[103.28344276552953,-0.6167350523640932],[103.28326352567393,-0.6167351978368687],[103.28326338119068,-0.6165547605671368],[103.2830841412988,-0.6165549059913082],[103.28308385247112,-0.6161940313662501],[103.283263092351,-0.6161938860272028],[103.28326265940863,-0.615652574216128],[103.28344189922825,-0.6156524289987356],[103.28344204350607,-0.6158328662266864],[103.28433824199973,-0.6158321398364089],[103.2843385307422,-0.6161930138661492],[103.28415929111607,-0.6161931592414166],[103.28415972452899,-0.6167344704125711],[103.28398048484256,-0.6167346159095146],[103.28398062939213,-0.6169150530088237]]],[[[103.28613092467701,-0.6161915597814629],[103.28613106917165,-0.6163719963702736],[103.28577259071115,-0.6163722873206828],[103.28577244622849,-0.616191850646693],[103.28559320694077,-0.6161919960702531],[103.28559306250642,-0.6160115593535199],[103.28577230178814,-0.6160114139725464],[103.28577201303439,-0.6156505406237841],[103.28630973058972,-0.615650104700198],[103.28630987496342,-0.615830541246886],[103.28666835313406,-0.6158302505158159],[103.28666849756208,-0.6160106869771579],[103.28631001937946,-0.6160109777934176],[103.28631016383778,-0.6161914143397932],[103.28613092467701,-0.6161915597814629]]],[[[103.29634719970923,-0.6158223916551913],[103.29634691033314,-0.6154615233376242],[103.29652614705516,-0.6154613777226531],[103.29652585783676,-0.6151005094898455],[103.2963466211267,-0.6151006550194306],[103.2963464765871,-0.6149202208600991],[103.29616723984061,-0.6149203663409675],[103.29616709534942,-0.6147399321387885],[103.29598785856649,-0.6147400775709436],[103.2959875697233,-0.614379209080738],[103.29688375315394,-0.6143784822866709],[103.29688433112963,-0.6151002184125987],[103.29706356771244,-0.6151000728649371],[103.29706385696677,-0.6154609408415658],[103.29688462037198,-0.6154610864746242],[103.29688490978403,-0.6158219545360231],[103.29634719970923,-0.6158223916551913]]],[[[103.28559176450112,-0.6143876288958817],[103.28559248519208,-0.6152898124850217],[103.28523400654964,-0.61529010288819],[103.28523386233881,-0.6151096660855062],[103.28505462296012,-0.6151098112354672],[103.28505447879758,-0.6149293743900454],[103.28523371817029,-0.6149292292826659],[103.28523357404406,-0.6147487924796693],[103.28505433467733,-0.6147489375444672],[103.2850541905994,-0.614568500698733],[103.284695711751,-0.6145687907251036],[103.28469556772733,-0.6143883537940554],[103.28397860954688,-0.6143889336042535],[103.28397832167423,-0.6140280594011002],[103.28469527980685,-0.6140274799314906],[103.28469513591008,-0.6138470429999744],[103.28487437533151,-0.6138468981601116],[103.28487423147106,-0.6136664612710173],[103.2846949920556,-0.613666606068302],[103.2846948482434,-0.6134861691364738],[103.28487408765291,-0.613486024381767],[103.28487394387706,-0.6133055874923607],[103.2852324225572,-0.6133052980500778],[103.28523227881172,-0.6131248612456773],[103.28576999649674,-0.613124427164946],[103.28577028406582,-0.6134853005180811],[103.28559104486786,-0.6134854453028384],[103.28559162048984,-0.614207192177585],[103.28541238122567,-0.6142073371266726],[103.28541252523097,-0.6143877738875542],[103.28559176450112,-0.6143876288958817]]],[[[103.29580789998111,-0.6138380515569521],[103.29562866314326,-0.6138381967636342],[103.29562851892446,-0.6136577624324547],[103.29598699254579,-0.6136574720984511],[103.29598684835744,-0.6134770378524892],[103.29616608509853,-0.6134768927191596],[103.29616594094664,-0.6132964585157307],[103.29634517763934,-0.6132963134190829],[103.2963454659975,-0.6136571817404018],[103.29616622929285,-0.6136573269224322],[103.29616637352959,-0.6138377611255489],[103.29598713677656,-0.6138379063442573],[103.29598728104972,-0.6140183405899068],[103.2958080442483,-0.6140184858452897],[103.29580789998111,-0.6138380515569521]]],[[[103.28397702834083,-0.6124041254791933],[103.28415626788372,-0.6124039810039522],[103.2841561243855,-0.6122235439433105],[103.28469384274254,-0.6122231106093138],[103.28469398625862,-0.6124035475422325],[103.28487322563232,-0.6124034030429935],[103.2848735128033,-0.6127642768232076],[103.28415655500702,-0.612764855124769],[103.28415641142422,-0.6125844180644385],[103.28397717187536,-0.6125845625822502],[103.28397702834083,-0.6124041254791933]]],[[[103.28845757342415,-0.6118592036826335],[103.28845728643806,-0.6114983316047253],[103.28899500167675,-0.6114978983502994],[103.28899528869854,-0.6118587701725066],[103.2888160503161,-0.6118589146818763],[103.28881619388456,-0.6120393506353651],[103.2886369554538,-0.6120394951813576],[103.2886368118913,-0.6118590591852517],[103.28845757342415,-0.6118592036826335]]],[[[103.28272134709061,-0.611142074826511],[103.28254210725112,-0.6111422189558583],[103.28254196410249,-0.6109617815110544],[103.28218348430853,-0.6109620696666787],[103.28218305515198,-0.6104207570760113],[103.28236229505225,-0.6104206131288512],[103.28236215207868,-0.6102401756408716],[103.28254139193075,-0.6102400317302868],[103.28254153491027,-0.6104204691757114],[103.28272077472599,-0.6104203252165912],[103.28272091775372,-0.6106007626193036],[103.28290015753312,-0.6106006186116449],[103.28290044372731,-0.6109614933314879],[103.28272120393605,-0.6109616374242638],[103.28272134709061,-0.611142074826511]]],[[[103.28648465797671,-0.6102368641848985],[103.28738085194964,-0.6102361438846867],[103.28738070885207,-0.6100557075887594],[103.28755994751376,-0.6100555635533871],[103.28755980445258,-0.6098751272999091],[103.287739043066,-0.6098749833011666],[103.28773890004122,-0.6096945470901399],[103.28791813860637,-0.6096944031280306],[103.28791842471011,-0.610055275464713],[103.2880976632448,-0.6100551314114112],[103.28809780636611,-0.6102355675369102],[103.2882770448644,-0.6102354234350206],[103.28827747450015,-0.6107767316827516],[103.28809823598404,-0.6107768759124758],[103.28809837927469,-0.6109573120373539],[103.28773990210357,-0.6109576005640698],[103.2877397588248,-0.6107771643539739],[103.28684356518602,-0.6107778853530079],[103.2868434219793,-0.6105974489297432],[103.2859472273122,-0.6105981695662202],[103.28594708417754,-0.6104177329298313],[103.28612632318963,-0.6104175888570896],[103.28612603703533,-0.6100567156690265],[103.2859467980351,-0.6100568596565875],[103.2859463691388,-0.6095155497455595],[103.28630484706134,-0.6095152620200084],[103.28630498999632,-0.6096956985719902],[103.28648422890006,-0.6096955546576642],[103.2864843718833,-0.6098759911668973],[103.28630513297362,-0.6098761351238172],[103.28630527599326,-0.6100565716754893],[103.28648451490885,-0.6100564276759753],[103.28648465797671,-0.6102368641848985]]],[[[103.29204047079307,-0.6095106551629201],[103.29204061391789,-0.6096910903510222],[103.2918613763268,-0.6096912344505054],[103.29186151948805,-0.6098716696811011],[103.29168228184867,-0.6098718138172585],[103.29168242504636,-0.6100522490903458],[103.29132394962859,-0.6100525374300257],[103.29132380644278,-0.6098721020716499],[103.2915030441669,-0.6098719579474413],[103.29150290101751,-0.6096915226315539],[103.29168213869333,-0.609691378544016],[103.29168199558039,-0.6095109432706185],[103.2915027579105,-0.6095110873155112],[103.29150247182355,-0.6091502166829611],[103.29186094709725,-0.6091499287577887],[103.2918610901314,-0.6093303639888492],[103.29204032771062,-0.6093302199746633],[103.29204018467055,-0.6091497847862514],[103.29221942220148,-0.6091496408087467],[103.29221970833586,-0.6095105111001146],[103.29204047079307,-0.6095106551629201]]],[[[103.28272034589646,-0.6098790130075226],[103.28254110609855,-0.6098791568389726],[103.2825412489935,-0.6100595942847074],[103.28236200914738,-0.6100597381527373],[103.28236215207868,-0.6102401756408716],[103.28218291218433,-0.6102403195454786],[103.28218276925897,-0.6100598820147908],[103.28200352932828,-0.6100600258708676],[103.28200338645112,-0.6098795882974737],[103.28182414648411,-0.6098797321050242],[103.28182428935534,-0.6100601697209681],[103.2816450493401,-0.6100603135650917],[103.28164519224765,-0.6102407512234282],[103.28146595218422,-0.6102408951041213],[103.28146552360619,-0.6096995820010082],[103.2812862835183,-0.6096997257480897],[103.28128585533845,-0.6091584125159496],[103.28110661522611,-0.6091585561294304],[103.28110618744444,-0.6086172427682699],[103.2820023874947,-0.6086165252793798],[103.28200224495573,-0.6084360877047473],[103.2823607246681,-0.6084358007525584],[103.28236058215957,-0.6082553632628762],[103.28253982194641,-0.6082552198203957],[103.28254024961662,-0.6087965321613135],[103.28271948937895,-0.6087963885852039],[103.28271977471567,-0.6091572633932625],[103.28254053494148,-0.6091574070544857],[103.28254067766733,-0.6093378445008396],[103.28271991744745,-0.6093377007970597],[103.28272034589646,-0.6098790130075226]]],[[[103.28558674928003,-0.6080723436629372],[103.28540751021808,-0.6080724871641334],[103.28540765278495,-0.608252923930296],[103.28486993532748,-0.6082533545258875],[103.28486965027155,-0.6078924807379195],[103.28558660674956,-0.6078919069392053],[103.28558674928003,-0.6080723436629372]]],[[[103.28594536986168,-0.6082524932810752],[103.28594508473472,-0.6078916200041166],[103.28702051767469,-0.607890759055924],[103.28702080287265,-0.6082516318217462],[103.28648308655757,-0.6082520625782254],[103.28648294395519,-0.6080716260675991],[103.28612446621207,-0.6080719131236054],[103.28612460880262,-0.6082523497194172],[103.28594536986168,-0.6082524932810752]]],[[[103.29114185630735,-0.6064439735411432],[103.29114214109971,-0.6068048443489006],[103.29096290339149,-0.6068049877362836],[103.2909630458453,-0.6069854231825705],[103.29042533244878,-0.6069858534369617],[103.29042490526754,-0.6064445467139119],[103.29114185630735,-0.6064439735411432]]],[[[103.29383070163851,-0.6068026928248246],[103.29383084418683,-0.6069831275886635],[103.29347236998743,-0.6069834146211478],[103.29347222745093,-0.6068029797719784],[103.29257604124027,-0.6068036970358364],[103.29257589877567,-0.6066232619732168],[103.2923966614123,-0.6066234053655013],[103.292396803871,-0.606803840470775],[103.29221756645934,-0.606803983899769],[103.29221742400657,-0.6066235487518433],[103.29203818655844,-0.6066236921322425],[103.2920379017918,-0.6062628217506276],[103.2929340885496,-0.6062621052157439],[103.29293423094124,-0.6064425401933592],[103.29311346817157,-0.6064423968259057],[103.2931136106115,-0.6066228317607075],[103.29365132206588,-0.6066224014947147],[103.29365146456591,-0.6068028363013739],[103.29383070163851,-0.6068026928248246]]],[[[103.2906032898368,-0.6053617902351764],[103.2897071004727,-0.6053625053182434],[103.28970681645237,-0.6050016338258846],[103.28952757846427,-0.6050017767394557],[103.28952743652353,-0.6048213409504201],[103.28988591244558,-0.604821055202604],[103.2898857705354,-0.6046406194986673],[103.29024424627629,-0.604640333812411],[103.29024438819823,-0.6048207694310876],[103.29060286378149,-0.6048204836358713],[103.29060314777601,-0.6051813547022287],[103.29078238551585,-0.6051812117104606],[103.2907826696916,-0.6055420826909302],[103.29060343193994,-0.6055422257679709],[103.2906032898368,-0.6053617902351764]]],[[[103.28576328734303,-0.6046439031876553],[103.28648024255007,-0.604643332336398],[103.28648038434844,-0.6048237688499523],[103.28665962305028,-0.604823626079734],[103.28665990678576,-0.60518449902119],[103.28648066807212,-0.6051846418765994],[103.28648052618912,-0.6050042053633526],[103.285763570935,-0.6050047765553389],[103.28576328734303,-0.6046439031876553]]],[[[103.28825906866889,-0.5871396035807673],[103.28825934421289,-0.5875004757850442],[103.28790086864258,-0.5875007532450036],[103.28790073086084,-0.5873203170577191],[103.28754225513266,-0.5873205944094434],[103.2875421174047,-0.5871401581367961],[103.28718364151862,-0.587140435380299],[103.2871835038444,-0.5869599990222962],[103.2873627418029,-0.586959860446023],[103.28736246657,-0.586598987814774],[103.28772094233715,-0.5865987108153975],[103.28772080477277,-0.5864182745847594],[103.28790004258715,-0.5864181361190588],[103.287899767574,-0.586057263742551],[103.28843748072892,-0.5860568485666471],[103.2884377557763,-0.586417720687488],[103.28825851808892,-0.586417859170423],[103.28825879329425,-0.5867787313758934],[103.28807955555311,-0.586778869938306],[103.28807983091633,-0.5871397422284022],[103.28825906866889,-0.5871396035807673]]],[[[103.2841357648251,-0.5860601685270634],[103.2843150034743,-0.5860600302614051],[103.28431527825926,-0.5864209043415469],[103.28449451687757,-0.5864207659849991],[103.28449465433921,-0.5866012029822727],[103.28413617704888,-0.5866014797747696],[103.28413603959865,-0.58642104269235],[103.28359832336308,-0.5864214577102885],[103.28359846079617,-0.5866018949204146],[103.28341922196068,-0.586602033290803],[103.2834190845333,-0.5864215960381116],[103.28323984566126,-0.5864217343601896],[103.28323970828185,-0.5862412970647859],[103.28306046937323,-0.5862414353385571],[103.2830599203013,-0.5855196859852067],[103.28323915918713,-0.585519547881682],[103.28323902201916,-0.5853391105855342],[103.28359749965256,-0.5853388344464053],[103.28359763683193,-0.5855192716574246],[103.2837768755909,-0.5855191335366914],[103.28377701281825,-0.585699570704995],[103.28395625154063,-0.5856994325359569],[103.28395638881597,-0.585879869661543],[103.28413562750177,-0.5858797314441967],[103.2841357648251,-0.5860601685270634]]],[[[103.28754074245296,-0.5853357954021235],[103.28646531462918,-0.5853366245076281],[103.28646504021509,-0.5849757514477106],[103.28682351630286,-0.5849754752725307],[103.28682365350014,-0.5851559117173716],[103.28736136733146,-0.5851554972838195],[103.2873612301171,-0.5849750609667805],[103.28771970578164,-0.5849747847342935],[103.28771984300738,-0.5851552209661226],[103.28754060519059,-0.5851553591278371],[103.28754074245296,-0.5853357954021235]]],[[[103.28413302639402,-0.5824514268415004],[103.28413261708847,-0.5819101155835518],[103.28449109408315,-0.5819098410048583],[103.2844915034227,-0.5824511520073685],[103.28413302639402,-0.5824514268415004]]],[[[103.28861274904035,-0.5808240655800581],[103.28843351157138,-0.5808242027476828],[103.28843323914876,-0.5804633306176474],[103.28861247660645,-0.5804631935352519],[103.28861261280224,-0.5806436295577286],[103.28879185022323,-0.5806434924270303],[103.2887917140218,-0.5804630564471699],[103.2889709513948,-0.5804629193534014],[103.28897136014308,-0.5810042271646855],[103.28861288532083,-0.5810045016022396],[103.28861274904035,-0.5808240655800581]]],[[[103.28879021860033,-0.5784782606589776],[103.2889694559113,-0.5784781240340089],[103.28896959165264,-0.5786585599728716],[103.28914882892691,-0.5786584232996159],[103.28914896471623,-0.5788388591957118],[103.289507439149,-0.578838585746949],[103.28950757499192,-0.5790190215576526],[103.28968681215044,-0.5790188847821401],[103.28968694804134,-0.5791993205500712],[103.2895077108772,-0.5791994573682085],[103.28950784680482,-0.5793798931786177],[103.28897013504142,-0.5793803037268512],[103.28897027099447,-0.579560739664978],[103.28879103364967,-0.5795608765456557],[103.28879116963942,-0.5797413125262532],[103.28861193224667,-0.5797414494438698],[103.2886120682731,-0.5799218854669365],[103.28825359334927,-0.5799221593703585],[103.28825345733412,-0.5797417232620643],[103.28807421981435,-0.5797418601626427],[103.28807408384718,-0.5795614240115899],[103.2882533213613,-0.5795612871536229],[103.28825304954265,-0.5792004149362978],[103.2880738120398,-0.5792005517090429],[103.28807367619962,-0.5790201155575486],[103.28789443866006,-0.5790202522820102],[103.28789430286784,-0.5788398160877591],[103.28753582767303,-0.5788400894344521],[103.2875356919344,-0.5786596531548407],[103.28735645427912,-0.5786597897770771],[103.28735631858845,-0.5784793534547148],[103.28753555623808,-0.5784792168750824],[103.28753514940314,-0.5779379080349251],[103.28771438699357,-0.5779377715774426],[103.28771425146095,-0.5777573353397026],[103.2882519639614,-0.5777569260611132],[103.28825209951088,-0.5779373621710256],[103.288431336932,-0.5779372256908962],[103.28843147252945,-0.5781176617580492],[103.28861070991385,-0.5781175252296439],[103.28861084555925,-0.5782979612540351],[103.28879008290694,-0.5782978246773497],[103.28879021860033,-0.5784782606589776]]]]}},{"type":"Feature","properties":{"eventId":"RIAU-20260815-032","firstDetection":"2026-08-15T08:56:00+00:00","lastDetection":"2026-08-21T07:16:00+00:00","estimatedAreaHa":182.92,"confidence":"tinggi","hotspotCount":4,"detectionDays":3,"villages":["Domo","Koto Baru","Koto Baru/Sungai Paku","Sungailiti","Sungaipaku","Tanjung Belit"],"districts":["Kampar Kiri","Kampar Kiri Hulu","Singingi Hilir"],"regencies":["Kampar","Kuantan Singingi"],"method":"Sentinel-2 dNBR/NBR indication","resolutionM":20,"clearCoveragePct":98.3,"preSceneDates":["2026-07-01","2026-07-08","2026-07-31","2026-08-05"],"postSceneDates":["2026-08-27","2026-09-04","2026-09-09"],"status":"estimate","disclaimer":"Estimasi berbasis citra satelit; bukan hasil verifikasi lapangan.","province":"Riau","villageAreas":[{"village":"Domo","district":"Kampar Kiri","regency":"Kampar","areaHa":51.459649},{"village":"Koto Baru","district":"Singingi Hilir","regency":"Kuantan Singingi","areaHa":9.043162},{"village":"Koto Baru/Sungai Paku","district":"Singingi Hilir","regency":"Kuantan Singingi","areaHa":31.590536},{"village":"Sungailiti","district":"Kampar Kiri","regency":"Kampar","areaHa":72.848637},{"village":"Sungaipaku","district":"Singingi Hilir","regency":"Kuantan Singingi","areaHa":7.32},{"village":"Tanjung Belit","district":"Kampar Kiri Hulu","regency":"Kampar","areaHa":10.658015}],"unassignedAreaHa":0.0,"archiveEventId":"BA-4d45d83c7a450c4b","reportMonth":"2026-08"},"geometry":{"type":"MultiPolygon","coordinates":[[[[101.1593752970587,-0.21571457045972955],[101.15955490477002,-0.2157145447895911],[101.15955493028025,-0.2158953616570371],[101.15865689149933,-0.21589549009398873],[101.15865684052145,-0.21553385614391143],[101.15937527157197,-0.21553375357071994],[101.1593752970587,-0.21571457045972955]]],[[[101.16027330990421,-0.2155336253063232],[101.16009370228052,-0.215533650963461],[101.16009365135429,-0.21517201735746475],[101.15991404371343,-0.21517204296942757],[101.15991401828448,-0.21499122614483757],[101.15937519524002,-0.21499130290341448],[101.15937516983877,-0.2148104860142206],[101.15919556211665,-0.21481051157464945],[101.15919553673888,-0.21462969466389395],[101.1593751444589,-0.21462966912498074],[101.15937511910042,-0.21444885223569496],[101.15955472679696,-0.21444882671617904],[101.15955475215756,-0.21462964358394726],[101.16045279033015,-0.21462951584697576],[101.16045284113656,-0.21499114936714603],[101.16063244871116,-0.21499112377033444],[101.1606324996073,-0.21535275724726424],[101.1602732844283,-0.21535280852487274],[101.16027330990421,-0.2155336253063232]]],[[[101.16458184064832,-0.20052525880411834],[101.1644022337077,-0.20052528272225534],[101.16440228126493,-0.20088691530129643],[101.16422267429894,-0.20088693926058382],[101.16422269810772,-0.2010677555716056],[101.16404309111834,-0.2010677795504724],[101.1640431387962,-0.20142941221551464],[101.16386353178146,-0.20142943623551943],[101.16386355565055,-0.20161025258953796],[101.16350434155288,-0.2016103006666967],[101.16350436543941,-0.201791117063791],[101.16314515125211,-0.20179116517609486],[101.16314512736955,-0.20161034873588884],[101.16296552024578,-0.20161037276749746],[101.1629654011639,-0.20070629045805508],[101.1627857940286,-0.20070631437991504],[101.16278574654964,-0.20034468141273434],[101.16296535368103,-0.20034465753397715],[101.1629653299717,-0.20016384107187385],[101.16314493707971,-0.20016381721269064],[101.16314491338981,-0.19998300077209769],[101.16296530628378,-0.19998302460972764],[101.16296528261725,-0.19980220814753877],[101.16278567549176,-0.19980223196164182],[101.16278565184862,-0.19962141547785872],[101.16260604470368,-0.19962143926843837],[101.162605950353,-0.19889817324668066],[101.16296516460582,-0.19889812583595337],[101.16296518816529,-0.1990789422983557],[101.16314479526154,-0.1990789185684916],[101.16314477170013,-0.19889810212764236],[101.1635039858245,-0.1988980547051259],[101.16350396228059,-0.19871723830734586],[101.16386317631542,-0.19871719092008883],[101.163863152789,-0.1985363745653851],[101.16422236673426,-0.19853632721340184],[101.16422234322539,-0.19835551090178155],[101.16440195016393,-0.19835548724441368],[101.16440197367476,-0.19853630353446833],[101.16458158059383,-0.19853627985357347],[101.16458160412803,-0.19871709612201807],[101.16476121102762,-0.19871707241759273],[101.16476135269444,-0.19980196989795032],[101.16458174578312,-0.1998019937317911],[101.16458184064832,-0.20052525880411834]]],[[[101.16422215592553,-0.19690898040729438],[101.16404254898107,-0.19690900389019167],[101.16404257231665,-0.19708982022371435],[101.16386296534884,-0.19708984372622854],[101.1638629420152,-0.1969090273711437],[101.16314451393754,-0.19690912127549998],[101.16314449063304,-0.1967283048341425],[101.16296488356203,-0.19672832828381542],[101.16296486028087,-0.19654751182086266],[101.16278525319038,-0.1965475352470408],[101.16278520669613,-0.19618590227790628],[101.163144420848,-0.19618585550981757],[101.16314439762914,-0.19600503906829192],[101.1636832186906,-0.1960049689662936],[101.16368319548737,-0.19582415258939617],[101.1640424094174,-0.1958241058881717],[101.16404245585295,-0.19618573855567978],[101.16422206278969,-0.19618571515903802],[101.16422210931476,-0.19654734778325034],[101.16440171623394,-0.19654732434153918],[101.16440173953055,-0.19672814063201663],[101.16422213260942,-0.19672816409529345],[101.16422215592553,-0.19690898040729438]]],[[[101.15254690602289,-0.1909435182995867],[101.15236729775269,-0.19094354094826715],[101.1523673202596,-0.19112435868098043],[101.1521877119662,-0.1911243813492206],[101.15218775704018,-0.19148601685741648],[101.15236736533731,-0.1914859941462844],[101.15236745574839,-0.1922092650764005],[101.15182863077048,-0.1922093334614521],[101.15182860814143,-0.19202851566465207],[101.15128978297749,-0.19202858396829767],[101.15128976037536,-0.19184776610714002],[101.15111015194668,-0.19184778884979253],[101.15111012936774,-0.19166697096715865],[101.15128973779454,-0.19166694824594135],[101.15128971523501,-0.19148613038470172],[101.15146932363862,-0.1914861076830281],[101.1514693010985,-0.19130528984318454],[101.15164890947896,-0.191305267161058],[101.15164881952394,-0.1905819958870304],[101.1518284278756,-0.1905819732887764],[101.15182838302213,-0.19022033769439906],[101.15200799134875,-0.19022031513714718],[101.1520079689521,-0.19003949736133993],[101.15218757725557,-0.19003947482365302],[101.15218755487835,-0.18985865706924926],[101.15236716315866,-0.18985863455113094],[101.15236720793811,-0.19022027001700584],[101.15254681620084,-0.19022024745411642],[101.15254686106927,-0.19058188287693306],[101.15272646931442,-0.19058186026926538],[101.15272649178245,-0.190762677959163],[101.15254688353544,-0.19076270058828027],[101.15254690602289,-0.1909435182995867]]],[[[101.16422137519557,-0.19076122577587015],[101.16458058889087,-0.19076118027076602],[101.16458056629935,-0.19058036400048822],[101.164760173113,-0.1905803412666786],[101.16476019570638,-0.19076115751538722],[101.16493980250047,-0.190761134758124],[101.16493984775529,-0.19112276721227664],[101.1644010272975,-0.1911228356078284],[101.164401004665,-0.19094201931606478],[101.16422139780477,-0.19094204208924026],[101.16422137519557,-0.19076122577587015]]],[[[101.1405130825399,-0.19076421244610411],[101.14033347284816,-0.19076423494707032],[101.14033349520827,-0.19094505411275542],[101.14015388549346,-0.19094507663316326],[101.14015390787289,-0.19112589582013384],[101.13997429813503,-0.19112591835997977],[101.13997436539476,-0.1916683759846199],[101.13943553603717,-0.191668443784717],[101.13943551360173,-0.19148762451258175],[101.13925590377539,-0.19148764708750968],[101.13925585897175,-0.19112600850048164],[101.13943546879433,-0.19112598596818853],[101.13943542407165,-0.19076434742363185],[101.1396150338693,-0.19076432493208878],[101.13961501153786,-0.1905835056810684],[101.13979462131248,-0.1905834832089617],[101.13979459900033,-0.19040266397922154],[101.1399742087519,-0.19040264152655464],[101.13997418645906,-0.19022182231809648],[101.13979457670936,-0.19022184474944065],[101.13979453219099,-0.18986020628975697],[101.13997414193695,-0.1898601839010583],[101.13997416418741,-0.1900410031095977],[101.1405129933038,-0.19004093586826856],[101.14051301558105,-0.19022175501278846],[101.140692625246,-0.19022173257392727],[101.14069266986779,-0.19058337082018537],[101.1405130601991,-0.19058339330170626],[101.1405130825399,-0.19076421244610411]]],[[[101.16368248680968,-0.1902188448849789],[101.16368244179525,-0.1898572121284993],[101.16386204870854,-0.18985718949034433],[101.16386213883052,-0.1905804549168995],[101.16368253190979,-0.19058047764129568],[101.16368255449194,-0.19076129401939287],[101.16332334058245,-0.19076133950565236],[101.16332331800402,-0.19058052308443987],[101.16350292496762,-0.19058050036380914],[101.16350287987126,-0.19021886756437534],[101.16368248680968,-0.1902188448849789]]],[[[101.1378188680653,-0.1902220913701951],[101.13781889033571,-0.190402910834408],[101.13728006025545,-0.19040297811904766],[101.13728008254141,-0.19058379764711836],[101.13692086237839,-0.19058384253672955],[101.13692077337637,-0.18986056425384262],[101.13710038346099,-0.18986054189515503],[101.13710036126152,-0.18967972234562588],[101.13727997132311,-0.1896797000063585],[101.13727994914292,-0.18949888047808472],[101.13745955918151,-0.1894988581582411],[101.13745953702062,-0.1893180386512246],[101.13799836700386,-0.18931797174436488],[101.13799838917033,-0.1894987911874775],[101.1381779991243,-0.18949876886014538],[101.13817802131379,-0.18967958828191278],[101.13853724116193,-0.1896795435790171],[101.13853728561187,-0.19004118233719997],[101.13817806575628,-0.19004122712532578],[101.13817808800927,-0.1902220465469713],[101.1378188680653,-0.1902220913701951]]],[[[101.15793498685693,-0.18967711849188057],[101.15775537923973,-0.18967714104664082],[101.15775535684745,-0.18949632395781174],[101.15757574921076,-0.18949634648919866],[101.15757570449396,-0.18913471226841977],[101.15775531212695,-0.18913468978003195],[101.15775528979873,-0.18895387269108138],[101.15847372010964,-0.18895378280486205],[101.15847383200145,-0.1898578678191294],[101.15829422444646,-0.18985789040101772],[101.15829424688707,-0.1900387074252562],[101.15811463930886,-0.1900387300267739],[101.15811461687014,-0.18985791298103044],[101.15793500927244,-0.18985793555916763],[101.15793498685693,-0.18967711849188057]]],[[[101.16386202623158,-0.18967637313360383],[101.16368241932015,-0.1896763957501985],[101.16368244179525,-0.1898572121284993],[101.16350283486055,-0.18985723476477873],[101.16350274509611,-0.18913396916509811],[101.16386195892923,-0.18913392406313898],[101.16386202623158,-0.18967637313360383]]],[[[101.15290592084554,-0.18931611397945147],[101.15272631263474,-0.18931613643884257],[101.15272629033717,-0.18913531874861986],[101.15218746558251,-0.1891353860512285],[101.15218744331179,-0.18895456829662208],[101.1523670515828,-0.18895454588573365],[101.15236700710159,-0.18859291041929155],[101.15254661534759,-0.18859288804943194],[101.15254659313707,-0.18841207033759813],[101.15308541774168,-0.18841200328119473],[101.15308546219508,-0.1887736385761141],[101.15290585401117,-0.1887736609730161],[101.15290587626798,-0.18895447864186832],[101.15308548445375,-0.18895445622351317],[101.15308550673373,-0.18913527387087184],[101.15290589854611,-0.1891352963106801],[101.15290592084554,-0.18931611397945147]]],[[[101.1455418337285,-0.1882321219994004],[101.14536222465668,-0.1882321442538419],[101.14536224677197,-0.18841296282223308],[101.14518263767705,-0.18841298509619142],[101.14518252732223,-0.1875088921469521],[101.14554174547237,-0.18750884781094612],[101.1455418337285,-0.1882321219994004]]],[[[101.15272611272358,-0.1876887772253853],[101.15254650450812,-0.18768879948986023],[101.15254648240415,-0.1875079817778252],[101.15272609061776,-0.18750795953479985],[101.15272604647006,-0.18714632415350876],[101.15362408720011,-0.18714621312514496],[101.15362413136621,-0.187507848291887],[101.15326491513076,-0.1875078927946093],[101.15326493724211,-0.18768871042083532],[101.15308532909057,-0.1876887326908728],[101.15308535122138,-0.18786955033851357],[101.15272613485071,-0.18786959491593053],[101.15272611272358,-0.1876887772253853]]],[[[101.15470182383436,-0.18786934964826804],[101.15452221585153,-0.187869371954608],[101.1545222602066,-0.18823100690639052],[101.15470186819311,-0.18823098455711215],[101.1547018904045,-0.18841180201147387],[101.15488149837152,-0.18841177963886502],[101.15488152060607,-0.1885925970717154],[101.15470191263718,-0.18859261946579525],[101.15470193489122,-0.1887734369200763],[101.15452232689915,-0.18877345933376222],[101.15452230464697,-0.18859264185801197],[101.15416308860257,-0.18859268663685616],[101.1541630219851,-0.18805023408056448],[101.15434263001241,-0.18805021175647083],[101.15434260784738,-0.187869394259092],[101.1541629998219,-0.18786941656172007],[101.1541629555595,-0.18750778152391073],[101.15398334751639,-0.18750780378175522],[101.153983325419,-0.18732698624132654],[101.15380371735641,-0.18732700847585657],[101.15380369528219,-0.1871461909139258],[101.15398330334294,-0.18714616870085776],[101.15398328128819,-0.18696535116034899],[101.1541628893258,-0.18696532896689605],[101.154162823284,-0.18642287640952132],[101.15434243129478,-0.1864228542786182],[101.15434240932164,-0.18624203678087914],[101.15452201730928,-0.18624201466960175],[101.15452210533704,-0.18696528457444908],[101.15434249734207,-0.18696530677159606],[101.15434254148023,-0.1873269417667147],[101.15452214947885,-0.18732691952663288],[101.15452217158175,-0.1875077370026647],[101.1547017795609,-0.18750771473926311],[101.15470182383436,-0.18786934964826804]]],[[[101.1338670903016,-0.18732946500517164],[101.13404670071964,-0.1873294429760638],[101.13404667884751,-0.18714862306421348],[101.13422628924259,-0.18714860105452047],[101.13422631111655,-0.18732942094510524],[101.13440592149234,-0.18732939891229602],[101.13440594338925,-0.18751021878157345],[101.13422633301163,-0.18751024083565002],[101.13422635492782,-0.18769106072615477],[101.13386713410551,-0.18769110487127977],[101.1338670903016,-0.18732946500517164]]],[[[101.16260406985825,-0.1838904031451928],[101.16260411343758,-0.18425203616296323],[101.16278372042244,-0.1842520142040983],[101.162783742246,-0.1844328306913748],[101.16296334921127,-0.18443280870913834],[101.16296332738587,-0.1842519922434132],[101.16314293432791,-0.18425197028090795],[101.16314289073773,-0.18389033739244567],[101.16350210455035,-0.1838902935481979],[101.16350212633834,-0.18407110994933712],[101.16386134006892,-0.1840710660547042],[101.16386136188194,-0.18425188241268523],[101.1640409687169,-0.1842518604410791],[101.16404101241082,-0.18461349311379868],[101.16350219183082,-0.18461355915251818],[101.16350221370446,-0.1847943755534996],[101.16332260679981,-0.18479439758431535],[101.16332262869305,-0.18497521400681388],[101.1631430217652,-0.18497523605735902],[101.16314306561229,-0.18533686894534718],[101.16296345865938,-0.18533689103717127],[101.16296348061321,-0.185517707502659],[101.16278387363707,-0.1855177296142036],[101.16278385168505,-0.18533691312716447],[101.16224503063364,-0.18533697938615884],[101.16224494306138,-0.1846137131790328],[101.16206533600871,-0.18461373517552562],[101.16206531417096,-0.1844329186021011],[101.16170610000502,-0.1844329625465324],[101.1617060781923,-0.18425214592998534],[101.16152647107904,-0.18425216787792917],[101.16152640577462,-0.18370971796343485],[101.16170601288246,-0.18370969608010757],[101.16170599115532,-0.18352887946340293],[101.16206520530321,-0.1835288357343868],[101.16206518359384,-0.18334801916072596],[101.16224479063389,-0.18334799731504262],[101.16224472562884,-0.1828055476584574],[101.16296315355342,-0.18280546051619553],[101.16296317520755,-0.1829862769822351],[101.16278356825671,-0.18298629879206071],[101.16278358993046,-0.1831671152796125],[101.16260398295643,-0.18316713710918],[101.16260404810069,-0.1837095866362486],[101.16278365508012,-0.18370956474203234],[101.16278367683948,-0.18389038122942702],[101.16260406985825,-0.1838904031451928]]],[[[101.15937071009633,-0.1802744593802929],[101.15937073141534,-0.18045527627756422],[101.15972994605853,-0.18045523332730937],[101.15973001015446,-0.1809976838897816],[101.1593707955006,-0.18099772696914623],[101.15937077411748,-0.1808169100719909],[101.15919116676027,-0.18081693158747555],[101.15919110274442,-0.18027448083123068],[101.15937071009633,-0.1802744593802929]]],[[[101.16457939960671,-0.18099710161834653],[101.16439979286825,-0.18099712320719946],[101.16439981432252,-0.1811779395011535],[101.16386099397332,-0.18117800432167575],[101.16386097252438,-0.1809971879630302],[101.16368136570024,-0.18099720954473106],[101.1636813871474,-0.1811780259249369],[101.1631425665412,-0.18117809072398158],[101.16314248090238,-0.18045482494424553],[101.16368130148729,-0.18045476040388136],[101.1636812801258,-0.18027394402352076],[101.16386088694284,-0.18027392252806101],[101.16386086560098,-0.18009310616922214],[101.16422007916728,-0.18009306321608592],[101.16422010051265,-0.18027387953179883],[101.16439970726543,-0.1802738580309965],[101.16439972863401,-0.1804546743251052],[101.16475894207885,-0.18045463127502123],[101.16475898488734,-0.18081626377684953],[101.16457937817209,-0.18081628534592128],[101.16457939960671,-0.18099710161834653]]],[[[101.16026857668197,-0.1788278177801739],[101.16044818389152,-0.17882779649076141],[101.16044816275432,-0.17864697972227553],[101.16098698424935,-0.17864691590802834],[101.16098704774085,-0.17918936601960198],[101.16080744059197,-0.1791893873573776],[101.16080746179681,-0.17937020408269053],[101.16044824743136,-0.17937024679598929],[101.16044822623003,-0.17918943002761833],[101.16026861901697,-0.17918945136008346],[101.16026857668197,-0.1788278177801739]]],[[[101.13440497894302,-0.1793733246250105],[101.13422536864641,-0.17937334572205743],[101.13422538961201,-0.17955416561432683],[101.1340457792925,-0.1795541867308672],[101.13404571646436,-0.17901172699014756],[101.133866106129,-0.17901174804112277],[101.1338660852303,-0.1788309281062093],[101.13404569556388,-0.17883090707649782],[101.13404567468453,-0.17865008716280983],[101.13440489528485,-0.17865004514061938],[101.13440487442313,-0.1784692252694261],[101.13476409493542,-0.17846918328271583],[101.13476407409132,-0.17828836345402432],[101.13494368431402,-0.17828834247929712],[101.13494374691498,-0.17883080190143902],[101.13476413668702,-0.17883082293998426],[101.13476415759452,-0.17901164276856119],[101.13458454734366,-0.1790116638266106],[101.13458456827054,-0.17919248367642018],[101.13440495799681,-0.1791925047539701],[101.13440497894302,-0.1793733246250105]]],[[[101.14985132200273,-0.17882904954341433],[101.14967171353472,-0.1788290707285958],[101.14967173458794,-0.17900988878546173],[101.14949212609689,-0.17900990999029562],[101.14949208401522,-0.17864827383368723],[101.14967169250276,-0.1786482526716916],[101.1496716505027,-0.17828661655776876],[101.14985125896546,-0.17828659543685013],[101.14985123799559,-0.17810577740125244],[101.15021045485376,-0.17810573519697853],[101.15021047582714,-0.178286553189729],[101.15039008422605,-0.17828653206352651],[101.15039010522246,-0.17846735003481257],[101.15021049682177,-0.1784673711824414],[101.1502105178377,-0.17864818917511555],[101.14985130096902,-0.17864823150793116],[101.14985132200273,-0.17882904954341433]]],[[[101.15470026312124,-0.17466967536794345],[101.15416143949835,-0.1746697375800367],[101.15416141891295,-0.17448892005832276],[101.15398181099772,-0.1744889407707723],[101.15398174937455,-0.17394648814101543],[101.15416135728466,-0.17394646749295736],[101.1541613778061,-0.17412728501478308],[101.15434098569659,-0.17412726434354095],[101.15434100624107,-0.17430808184386387],[101.15452061411193,-0.1743080611494342],[101.15452063467944,-0.17448887862825246],[101.15470024253071,-0.17448885791063165],[101.15470026312124,-0.17466967536794345]]],[[[101.15523873932672,-0.17159571745607965],[101.15559795478293,-0.17159567669259457],[101.15559797504068,-0.17177649404312628],[101.15577758273847,-0.17177647363736118],[101.15577764364478,-0.17231892562429618],[101.15541842821773,-0.17231896656300347],[101.15541840789767,-0.17213814919110398],[101.15523880015384,-0.1721381696364278],[101.15523873932672,-0.17159571745607965]]],[[[101.15865128271368,-0.171595329929202],[101.15829206798333,-0.17159537075032263],[101.15829208826632,-0.17177618777846873],[101.15811248086742,-0.1717762082079912],[101.15811242008752,-0.1712337570589282],[101.15865124220501,-0.1712336959588299],[101.15865126244866,-0.17141451294403426],[101.1588308697801,-0.17141449255244146],[101.15883089004681,-0.17159530951609886],[101.15901049735858,-0.17159528910130067],[101.15901051764833,-0.17177610604340937],[101.15865130300006,-0.17177614691433296],[101.15865128271368,-0.171595329929202]]],[[[101.15541808567811,-0.16924507123573],[101.15541804578466,-0.1688834364906532],[101.1559568687978,-0.16888337630439162],[101.15595688873884,-0.16906419361250843],[101.15613649636887,-0.16906417352560105],[101.1561365163329,-0.16924499081219826],[101.15631612394324,-0.16924497070213548],[101.15631614393027,-0.16942578796721125],[101.1555977133542,-0.16942586848336097],[101.1555976933738,-0.16924505113235497],[101.15541808567811,-0.16924507123573]]],[[[101.15182586757767,-0.16870301954688985],[101.15182578826428,-0.16797974833941298],[101.15218500446389,-0.16797970849807492],[101.15218502426359,-0.16816052625711161],[101.1523646323331,-0.16816050631250748],[101.15236461253176,-0.16797968857491674],[101.1525442205783,-0.16797966865009906],[101.15254420079661,-0.16779885093392002],[101.15272380882021,-0.16779883102889243],[101.15272388808141,-0.1685221018075947],[101.1523646719997,-0.16852214178758115],[101.15236469186496,-0.1687029595250639],[101.1521850837905,-0.16870297953400584],[101.15218510367541,-0.16888379729289837],[101.15200549557798,-0.16888381732161786],[101.15200547569474,-0.16870299954128112],[101.15182586757767,-0.16870301954688985]]],[[[101.1656552540373,-0.16526596746743888],[101.16601446689714,-0.16526592801797246],[101.16601448650226,-0.16544674412098143],[101.16583488008143,-0.16544676386811263],[101.16583489970635,-0.16562757999266783],[101.16565529326246,-0.16562759975974453],[101.1656553129072,-0.1658084159058442],[101.16583491935272,-0.1658083961171876],[101.16583493902053,-0.1659892122416719],[101.16547572610479,-0.16598925186050512],[101.16547568679714,-0.16562761952518512],[101.16529608031038,-0.16562763928898946],[101.16529604109171,-0.16526600691037496],[101.16511643458676,-0.1652660266293941],[101.1651164150112,-0.16508521041845925],[101.16493680848644,-0.16508523011427303],[101.16493678893393,-0.16490441388173005],[101.16475718238937,-0.16490443355434212],[101.16475714335185,-0.16454280104600838],[101.16511635641307,-0.1645427617854428],[101.16511637592434,-0.16472357799648352],[101.16529598242442,-0.164723558342188],[101.16529600195875,-0.16490437453161896],[101.16547560843902,-0.16490435485411986],[101.16547562799641,-0.1650851710219392],[101.16565523445686,-0.16508515132123303],[101.1656552540373,-0.16526596746743888]]],[[[101.14356328690184,-0.16327937440077367],[101.14374289594791,-0.16327935511263558],[101.14374299201262,-0.16418344894179324],[101.14392260104552,-0.1641834295452322],[101.14392263962316,-0.16454506703392593],[101.14374303058703,-0.16454508647321084],[101.14374301128922,-0.1643642677075196],[101.1435634022335,-0.1643642871238187],[101.14356328690184,-0.16327937440077367]]],[[[101.14212628027069,-0.16201379594028156],[101.14248549865866,-0.16201375768705628],[101.14248553670156,-0.16237539551827906],[101.14230592751498,-0.16237541468838734],[101.14230594656665,-0.16255623362529434],[101.14176711887494,-0.16255629119002657],[101.14176708080238,-0.16219465318811324],[101.14212629927835,-0.16219461489860384],[101.14212628027069,-0.16201379594028156]]],[[[101.1441020184262,-0.16237522291511847],[101.14428162740062,-0.1623752037289688],[101.1442816464698,-0.16255602243095324],[101.14392242849655,-0.1625560608443776],[101.14392244758376,-0.1627368795890566],[101.14356322952243,-0.1627369180387794],[101.1435632104384,-0.16255609925137832],[101.14320399229538,-0.1625561376519554],[101.14320397323576,-0.16237531882180462],[101.143024364134,-0.16237533799832943],[101.14302432608157,-0.16201370029521406],[101.14284471696182,-0.16201371942742873],[101.14284467899739,-0.16165208168146883],[101.14356311533646,-0.16165200531385254],[101.14356313431442,-0.16183282410142696],[101.14374274334773,-0.16183280498417024],[101.1437427243682,-0.16165198621795598],[101.1439223333787,-0.16165196712046248],[101.14392235235982,-0.1618327858653148],[101.1441019613507,-0.16183276674486052],[101.1441020184262,-0.16237522291511847]]],[[[101.15451894381604,-0.15893857531755312],[101.15469855152662,-0.15893855644627894],[101.15469853279149,-0.15875773898586445],[101.15487814047918,-0.15875772013449102],[101.15487810306979,-0.1583960852565019],[101.15523731837494,-0.15839604763494444],[101.15523729969912,-0.15821523023884623],[101.15613533758092,-0.15821513626496828],[101.15613545000251,-0.15930003999665296],[101.15577623489511,-0.15930007784868344],[101.1557762537036,-0.15948089518014355],[101.15523743087779,-0.15948095201082071],[101.15523741207399,-0.1593001346149264],[101.15451898134718,-0.1593002102812184],[101.15451894381604,-0.15893857531755312]]],[[[101.16475643661641,-0.15785259961674944],[101.16421761703947,-0.15785265610142782],[101.16421763575009,-0.1580334724215918],[101.16403802918005,-0.158033491268263],[101.16403801047096,-0.15785267492653524],[101.16385840388105,-0.15785269375008326],[101.16385836653022,-0.15749106102340232],[101.16403797311705,-0.15749104224297833],[101.16403791724679,-0.1569485932173903],[101.16439713034691,-0.15694855578126307],[101.16439716757849,-0.15731018837876334],[101.1645767740995,-0.15731016961523936],[101.16457679274897,-0.1574909858923716],[101.16493600572981,-0.15749094831752145],[101.1649360244038,-0.1576717645514799],[101.16475641792255,-0.15767178336125381],[101.16475643661641,-0.15785259961674944]]],[[[101.15828980682981,-0.1500781441496493],[101.15864902118454,-0.15007810844732306],[101.15864907448028,-0.1506205594149125],[101.15828986011668,-0.15062059524628382],[101.15828980682981,-0.1500781441496493]]],[[[101.1512850041974,-0.1489939319413435],[101.15128498666299,-0.1488131140715108],[101.15110537863211,-0.14881313171258206],[101.15110536112044,-0.1486323138212824],[101.15182379311037,-0.14863224333392816],[101.15182382816666,-0.14899387894499286],[101.1512850041974,-0.1489939319413435]]],[[[101.1557743953124,-0.14049507519800425],[101.15577441190183,-0.14067589253280155],[101.15559480446773,-0.1406759092440336],[101.15559485435989,-0.14121836131268414],[101.15523563941936,-0.1412183948598419],[101.15523558953548,-0.1406759426623285],[101.15541519701226,-0.14067592595387585],[101.15541518042559,-0.14049510857612074],[101.1557743953124,-0.14049507519800425]]],[[[101.16026439273962,-0.13850567273171208],[101.1606236064429,-0.1385056397522451],[101.16062362283435,-0.13868645650674075],[101.16080322965527,-0.13868643999342506],[101.16080326250504,-0.13904807345926773],[101.16062365568139,-0.13904809001564306],[101.16062363924718,-0.13886727326120676],[101.1604440324035,-0.1388672897946805],[101.16044401599204,-0.13868647301868642],[101.1599051953368,-0.13868652254630315],[101.15990517895081,-0.13850570570570603],[101.15972557202433,-0.1385057221906506],[101.15972555566105,-0.13832490532850295],[101.1593663417467,-0.1383249382512509],[101.15936632540752,-0.1381441213460372],[101.15882750437976,-0.13814417065536921],[101.15882747177365,-0.13778253671577073],[101.1591866858081,-0.13778250393029884],[101.15918670210318,-0.1379633208570871],[101.15954591605487,-0.13796328802313784],[101.15954593237403,-0.1381441049068638],[101.15990514624292,-0.13814407202442291],[101.15990516258617,-0.13832488886507927],[101.16026437637227,-0.1383248559341325],[101.16026439273962,-0.13850567273171208]]],[[[101.179130930318,-0.20793670993900873],[101.17931053557807,-0.20793668496816856],[101.17931058523092,-0.208298313951262],[101.17949019047353,-0.20829828893493624],[101.17949021533437,-0.20847910340470036],[101.18020863609718,-0.20847900323194027],[101.18020866098777,-0.2086598176147788],[101.18038826612658,-0.2086597925447156],[101.1803882910408,-0.2088406069057848],[101.18056789616008,-0.20884058181193393],[101.18056792109793,-0.2090213961512319],[101.18110673633241,-0.20902132079211133],[101.18110683632429,-0.2097445778880947],[101.18092723125949,-0.20974460309679357],[101.18092725630936,-0.209925417392409],[101.18074765122091,-0.20992544262076598],[101.18074767629032,-0.2101062569380665],[101.18056807117824,-0.21010628218607807],[101.18056804611089,-0.20992546784704932],[101.179849625455,-0.20992556873144572],[101.17984957540153,-0.20956393987946312],[101.17966997018773,-0.2095639650519394],[101.17966994519541,-0.2093831506041614],[101.1794903399621,-0.20938317575284993],[101.1794903149934,-0.20920236128330957],[101.17913110446617,-0.20920241153105196],[101.17913107952315,-0.20902159701803708],[101.17895147422922,-0.20902162211709624],[101.17895144930982,-0.2088408075823244],[101.17859223866138,-0.20884085773082944],[101.17859221376764,-0.2086600431525939],[101.17841260841313,-0.2086600682020451],[101.17841255869443,-0.2082984390020263],[101.17823295332245,-0.2082984640060063],[101.1782329284975,-0.20811764938422492],[101.17787371769293,-0.2081176993426072],[101.17787366811584,-0.2077560700121014],[101.17823287891225,-0.20775602014052844],[101.17823285415197,-0.20757520551861336],[101.1784124595158,-0.20757518060145358],[101.17841241005584,-0.20721355140090014],[101.17859201539405,-0.20721352652510344],[101.17859204011528,-0.20739434110369553],[101.17877164543394,-0.20739431620414328],[101.17877167017876,-0.20757513076098233],[101.17895127547791,-0.20757510583767097],[101.17895130024634,-0.20775592037275523],[101.17913090552595,-0.2077558954256812],[101.179130930318,-0.20793670993900873]]],[[[101.1654804031346,-0.20450309469616587],[101.16530079625741,-0.2045031190988883],[101.16530077202961,-0.2043223029181118],[101.16583959259084,-0.20432222976861847],[101.16583956837847,-0.2041414136525328],[101.16601917518734,-0.2041413892869133],[101.1660191268229,-0.2037797570977744],[101.16655794710887,-0.20377968411832809],[101.16655801970573,-0.20432213220770284],[101.16619880619118,-0.20432218099219746],[101.166198830429,-0.20450299706507405],[101.16601922363755,-0.20450302147587732],[101.16601924789481,-0.20468383757029374],[101.16548042738583,-0.2046839108553222],[101.1654804031346,-0.20450309469616587]]],[[[101.17787305567742,-0.2032357033658579],[101.178052661036,-0.2032356789736337],[101.17805268527687,-0.2034164936183085],[101.17823229061587,-0.20341646920237344],[101.17823231488029,-0.20359728382530137],[101.17859152549762,-0.20359723494399126],[101.1785915497876,-0.2037780495234638],[101.17895076032268,-0.20377800059068996],[101.1789507846382,-0.2039588151266999],[101.17913038987541,-0.20395879063558134],[101.17913041421451,-0.20413960514983534],[101.1794896246282,-0.20413955611812437],[101.17948960028508,-0.2039587416472999],[101.17966920545757,-0.20395871715013705],[101.17966922980267,-0.20413953159924397],[101.17984883495559,-0.20413950707834708],[101.17984885932428,-0.20432032150569093],[101.17966925416937,-0.20432034604830715],[101.17966930296745,-0.20468197494630205],[101.17984890812639,-0.20468195036024728],[101.1798489325598,-0.20486276478745966],[101.18002853769917,-0.20486274017766187],[101.18002858663475,-0.2052243689885128],[101.17984898149136,-0.20522439364175274],[101.17984900598951,-0.20540520806883336],[101.17948979563398,-0.2054052574126684],[101.17948982014967,-0.20558607188314182],[101.17931021493752,-0.20558609657373147],[101.17931023947277,-0.2057669110658766],[101.17913063423704,-0.20576693577614938],[101.17913058519217,-0.20540530674838717],[101.1789509799389,-0.20540533141320302],[101.17895093098433,-0.2050437023418405],[101.17877132571354,-0.20504372696120657],[101.17877130127061,-0.204862912403749],[101.17859169598026,-0.20486293699938096],[101.17859167156091,-0.2046821224201709],[101.1775140393781,-0.204682269821251],[101.17751401499235,-0.2045014551117831],[101.17715480409633,-0.20450150418591076],[101.17715482847805,-0.20468231893876904],[101.17697522299571,-0.20468234349449524],[101.17697519861599,-0.20450152871994443],[101.17679559311411,-0.2045015532519579],[101.17679556875795,-0.2043207384556726],[101.17661596323653,-0.20432076296397703],[101.1766159875907,-0.20450157778195127],[101.17571795965043,-0.20450170040161605],[101.1757179840161,-0.20468251532796441],[101.17535877268523,-0.20468256440504398],[101.17535869966487,-0.20414011949580355],[101.17553830533505,-0.20414009502330402],[101.17553828103598,-0.20395928007514616],[101.17571788668263,-0.2039592556223083],[101.1757178624031,-0.2037784406957849],[101.17589746802622,-0.20377841626261228],[101.17589744376622,-0.2035976013577253],[101.1760770493658,-0.20359757694422148],[101.17607700090643,-0.20323594717768034],[101.17625660648048,-0.20323592280553243],[101.1762565822811,-0.2030551079438801],[101.17643618783163,-0.20305508359140997],[101.1764361636518,-0.20287426875139952],[101.17679537468422,-0.2028742200838177],[101.17679535052196,-0.20269340528713983],[101.17697495600386,-0.2026933809720336],[101.17697493186115,-0.20251256619700306],[101.17733414275634,-0.20251251760417055],[101.17733416690302,-0.20269333233581424],[101.1775137723203,-0.20269330801470117],[101.17751379649052,-0.2028741227246054],[101.17769340188822,-0.20287409837979223],[101.17769342608199,-0.20305491306795512],[101.17787303146012,-0.20305488869943814],[101.17787305567742,-0.2032357033658579]]],[[[101.17499931866058,-0.2028744633415641],[101.17517892435984,-0.20287443902480773],[101.17517897271314,-0.20323606900830524],[101.17499936700989,-0.2032360933684073],[101.17499939121684,-0.2034169083817636],[101.17464017974177,-0.20341695713928515],[101.17464013135738,-0.20305532702584822],[101.17499934282446,-0.20305527835500742],[101.17499931866058,-0.2028744633415641]]],[[[101.16817407032475,-0.20124804337013047],[101.16835367682297,-0.20124801932397454],[101.16835370072002,-0.20142883513844762],[101.16853330719874,-0.20142881106869684],[101.16853333111924,-0.20160962686151995],[101.16871293757846,-0.20160960276817083],[101.1687129615224,-0.20179041853934226],[101.16853335506117,-0.20179044265429993],[101.16853342701582,-0.20233289003238047],[101.16871303348299,-0.20233286585259713],[101.16871305751278,-0.20251368162359548],[101.16889266396046,-0.20251365742020305],[101.16889268801371,-0.20269447316954775],[101.16907229444192,-0.2026944489425426],[101.16907243922415,-0.2037793433080251],[101.16853361983924,-0.20377941637201966],[101.1685335715046,-0.20341778478737088],[101.16835396500403,-0.2034178090947961],[101.1683539408709,-0.2032369932807995],[101.16817433435087,-0.20323701756461027],[101.16817431024118,-0.20305620172896524],[101.16799470370168,-0.2030562259891651],[101.16799467961546,-0.20287541013187346],[101.16781507305649,-0.202875434368466],[101.16781504899372,-0.20269461848952944],[101.16763544241527,-0.20269464270251825],[101.16763541837594,-0.2025138268019387],[101.16745581177804,-0.20251385099132727],[101.16745578776215,-0.20233303506910655],[101.16727618114477,-0.20233305923489853],[101.16727613318132,-0.20197142734713505],[101.16709652654647,-0.2019714514677398],[101.16709650259891,-0.2017906355021989],[101.16691689594458,-0.20179065959921597],[101.16691687202044,-0.2016098436120393],[101.16673726534664,-0.2016098676854723],[101.16673724144593,-0.20142905167666184],[101.16655763475266,-0.20142907572651428],[101.16655758701953,-0.2010674436655863],[101.16673719370884,-0.20106741965891164],[101.16673716987246,-0.200886603649972],[101.16691677653836,-0.2008865796629018],[101.16691675272146,-0.20070576367550982],[101.16709635936392,-0.20070573970804764],[101.16709631179053,-0.20034410777631972],[101.16727591840763,-0.2003440838500634],[101.16727594218557,-0.20052489979435453],[101.16745554878318,-0.20052487584452303],[101.16745559640735,-0.20088650768978442],[101.16763520298744,-0.20088648369477632],[101.16763522683368,-0.20106729959574468],[101.16817404645114,-0.20106722753400938],[101.16817407032475,-0.20124804337013047]]],[[[101.1692516374001,-0.200705451943852],[101.16907203101513,-0.20070547593510635],[101.16907205485568,-0.20088629166327077],[101.16889244844727,-0.2008863156741546],[101.16889247230732,-0.20106713142388807],[101.16871286587546,-0.2010671554543978],[101.16871274679977,-0.20016307659724888],[101.16907195962231,-0.20016302875035552],[101.16907193586763,-0.19998221302201946],[101.16925154224475,-0.19998218911722074],[101.16925151850958,-0.19980137341045578],[101.16943112486325,-0.19980134952529724],[101.16943114860038,-0.1999821652104465],[101.16961075493454,-0.1999821413016967],[101.16961080247714,-0.20034377262863173],[101.16943119613904,-0.2003437965806165],[101.16943121994059,-0.20052461226563717],[101.16925161357905,-0.20052463623725852],[101.1692516374001,-0.200705451943852]]],[[[101.17032910888008,-0.19943959891568194],[101.1703290851976,-0.1992587833385097],[101.17050869141653,-0.19925875950638788],[101.1705087388069,-0.19962039061743683],[101.17032913258404,-0.19962041449281143],[101.1703291563095,-0.19980123006989822],[101.16979033750619,-0.1998013017490588],[101.16979031378662,-0.19962048610710356],[101.16996992007391,-0.1996204622376448],[101.16996989637386,-0.19943964661726782],[101.17032910888008,-0.19943959891568194]]],[[[101.16996973107484,-0.1981739372734354],[101.16996966055457,-0.1976314904111557],[101.17050847922326,-0.1976314195045603],[101.17050845575365,-0.19745060394858951],[101.17068806193164,-0.1974505803307813],[101.17068813241076,-0.1979930269336819],[101.17050852622695,-0.1979930506163748],[101.17050859689358,-0.1985354972837784],[101.17032899068245,-0.19853552102939453],[101.17032896710737,-0.19835470545200937],[101.17014936087669,-0.19835472917403962],[101.17014933732504,-0.1981739135749874],[101.16996973107484,-0.1981739372734354]]],[[[101.16655704425352,-0.19690867495261732],[101.16691625752087,-0.1969086279304123],[101.16691632768473,-0.19745107589514416],[101.16655711440576,-0.19745112304688792],[101.16655709100024,-0.19727030701550663],[101.16637748433052,-0.19727033056686558],[101.16637746094837,-0.19708951451385492],[101.16655706761615,-0.19708949098408307],[101.16655704425352,-0.19690867495261732]]],[[[101.17930913317664,-0.19744944438220324],[101.17912952803192,-0.19744946809363484],[101.17912950449085,-0.1972686535777899],[101.17894989932647,-0.19726867726555886],[101.17894985231288,-0.19690704819031785],[101.17912945747337,-0.19690702454597311],[101.17912943399699,-0.19672621003000146],[101.17930903913397,-0.19672618640542558],[101.17930906261229,-0.1969070008996833],[101.17966827282542,-0.19690695360126836],[101.17966829632918,-0.19708776805205072],[101.17948869123146,-0.19708779172394827],[101.17948871475485,-0.19726860619640585],[101.17930910963362,-0.19726862988807217],[101.17930913317664,-0.19744944438220324]]],[[[101.17212484024981,-0.1969079452340855],[101.17194523424955,-0.1969079688025703],[101.17194518747277,-0.19654633803640006],[101.17230439944407,-0.19654629098405865],[101.17230442282556,-0.19672710632387813],[101.1724840287809,-0.19672708277314907],[101.17248405218582,-0.19690789809128031],[101.17230444622857,-0.19690792166365548],[101.17230446965306,-0.19708873700339066],[101.17212486367237,-0.1970887605954649],[101.17212484024981,-0.1969079452340855]]],[[[101.17445950623541,-0.1952803029460995],[101.17427990053208,-0.19528032634487985],[101.17427992378417,-0.19546114144678836],[101.17410031805741,-0.1954611648653036],[101.174100434631,-0.19636524048253695],[101.17392082887311,-0.19636526400743196],[101.17392085225045,-0.19654607915241476],[101.17320242899603,-0.19654617331922775],[101.17320238227828,-0.1961845428559588],[101.1733819881203,-0.19618451936047793],[101.17338194148473,-0.19582288894035085],[101.17356154730139,-0.1958228654862455],[101.17356143107935,-0.19491878954347855],[101.17374103686491,-0.19491876619573156],[101.17374101368311,-0.19473795102871128],[101.17392061944525,-0.1947379277006991],[101.17392059628307,-0.19455711255529748],[101.17410020202178,-0.19455708924702372],[101.17410017887921,-0.1943762741232426],[101.1742797845945,-0.19437625083471077],[101.17427980773897,-0.19455706593682803],[101.17445941343465,-0.1945570426247104],[101.17445943660256,-0.19473785770512028],[101.17463904227861,-0.19473783436941328],[101.17463908868282,-0.19509946448677287],[101.17445948300295,-0.19509948786581485],[101.17445950623541,-0.1952803029460995]]],[[[101.17948661936292,-0.18045286008224085],[101.17966622429023,-0.1804528384083515],[101.1796662458308,-0.18063365286281402],[101.17984585073832,-0.18063363116542286],[101.17984587230224,-0.18081444559812757],[101.17840903242404,-0.18081461930099924],[101.17840898934614,-0.1804529900881433],[101.17858859440285,-0.1804529684249493],[101.17858857289447,-0.1802721538401701],[101.1791273879299,-0.18027208890502364],[101.17912736643777,-0.1800912743853367],[101.17930697140469,-0.18009125275844023],[101.17930692848161,-0.1797296237623785],[101.18002534811941,-0.1797295374107495],[101.18002536957722,-0.1799103518219263],[101.18038457927021,-0.17991030859201187],[101.18038460075313,-0.18009112295970264],[101.1796661812738,-0.18009120949931035],[101.17966620277123,-0.18027202395385022],[101.1794865978457,-0.18027204560602214],[101.17948661936292,-0.18045286008224085]]],[[[101.16583626340899,-0.17774226025516116],[101.1660158699443,-0.17774223904047498],[101.16601589102866,-0.17792305514094936],[101.1661954975443,-0.17792303390292386],[101.1661954764582,-0.17774221782403293],[101.16655468942164,-0.17774217538588133],[101.16655471051124,-0.1779229914215999],[101.16673431696255,-0.17792297017830144],[101.16673433807533,-0.1781037861923931],[101.16691394450694,-0.17810376492574642],[101.16691398680034,-0.17846539691063393],[101.167093593214,-0.17846537559904302],[101.16709361439463,-0.17864619156983705],[101.1672732207886,-0.17864617023488893],[101.16727324199242,-0.17882698618405055],[101.16745284836668,-0.17882696482574162],[101.16745286959373,-0.17900778075326895],[101.16781208228142,-0.17900773798815411],[101.16781210353341,-0.17918855387244575],[101.16799170984683,-0.1791885324656345],[101.16799175241871,-0.17955016419089997],[101.1681713587142,-0.17955014273911224],[101.16817146552829,-0.18045422194358685],[101.16835107181113,-0.18045420038200083],[101.1683510932401,-0.180635016201175],[101.1688899119652,-0.18063495144089567],[101.16888997639683,-0.1811773987037096],[101.16817155136583,-0.18117748530647126],[101.16817152987426,-0.1809966694658082],[101.16799192356463,-0.1809966910904211],[101.16799190209629,-0.1808158752281162],[101.16781229576698,-0.18081589682933963],[101.16781231723354,-0.18099671271324597],[101.16691428525631,-0.18099682080055043],[101.16691426379862,-0.18081600480866414],[101.1667346573406,-0.1808160263991704],[101.16673463590612,-0.1806352103856548],[101.16637542292929,-0.18063525351813278],[101.16637540151982,-0.1804544374614026],[101.16655500801718,-0.18045441591764283],[101.16655498662736,-0.18027359988246103],[101.16673459310152,-0.18027357835850752],[101.16673457173138,-0.18009276234487598],[101.166554965259,-0.18009278384724067],[101.16655494391209,-0.17991196781198168],[101.16637533742002,-0.17991198929098023],[101.1663753160963,-0.17973117323409568],[101.1665549225866,-0.17973115177668422],[101.16655490128258,-0.17955033574134832],[101.16637529479404,-0.1795503571771727],[101.16637527351321,-0.17936954112021122],[101.16565684735171,-0.17936962675944126],[101.16565678365897,-0.17882717832933556],[101.16547717707027,-0.1788271996699789],[101.16547715588398,-0.1786463835049555],[101.16493833599458,-0.17864644745156233],[101.16493829369679,-0.17828481499195362],[101.16475868702764,-0.17828483626081768],[101.16475866591264,-0.17810402000938505],[101.16493827258005,-0.178103998762092],[101.16493818832735,-0.1773807338422647],[101.16511779496635,-0.17738071267950328],[101.165117773955,-0.1771998964710242],[101.16529738057085,-0.17719987532808507],[101.16529735957918,-0.1770190591411426],[101.16565657274309,-0.17701901689316737],[101.16565659373822,-0.17719983303695533],[101.16583620028975,-0.17719981188876474],[101.16583622130806,-0.17738062801093482],[101.16565661475478,-0.17738064918070534],[101.16565663579279,-0.17756146532441744],[101.1658362423478,-0.17756144413306701],[101.16583626340899,-0.17774226025516116]]],[[[101.1780496290992,-0.17918733085911528],[101.1782292341867,-0.17918730935140859],[101.17822929837784,-0.17972975323655943],[101.17787008817075,-0.1797297963804164],[101.17787006675567,-0.17954898170866673],[101.17769046162157,-0.1795490032562324],[101.1776904402298,-0.1793681885627446],[101.17787004536214,-0.1793681670368785],[101.17787002399018,-0.1791873523650519],[101.17769041885958,-0.17918737386921843],[101.17769039751093,-0.17900655917565386],[101.17751079236054,-0.17900658065635253],[101.17751077103519,-0.1788257659410518],[101.17733116586501,-0.17882578739828617],[101.17733114456297,-0.17864497266125107],[101.17697193416146,-0.17864501552703363],[101.17697191288445,-0.17846420074657363],[101.17715151809423,-0.17846417933625716],[101.17715149683704,-0.1782833645774513],[101.17733110202352,-0.17828334318706612],[101.17733112328247,-0.17846415792417775],[101.17769033359427,-0.17846411509473017],[101.17769035487827,-0.17864492978840965],[101.17786996000359,-0.1786449083493419],[101.1778699813109,-0.17882572302128358],[101.17804958641642,-0.17882570155874972],[101.1780496290992,-0.17918733085911528]]],[[[101.17068571698051,-0.1784649489969987],[101.17068569578633,-0.17828413345838995],[101.17104490768705,-0.1782840908026618],[101.17104492888473,-0.1784649062980089],[101.171404140703,-0.17846486359196728],[101.17140418316984,-0.1788264944960091],[101.17068575943334,-0.17882658007410135],[101.17068573819617,-0.17864576453556916],[101.17050613221008,-0.17864578590404773],[101.17050611099616,-0.17846497034384912],[101.17068571698051,-0.1784649489969987]]],[[[101.17212169184823,-0.1708705327744937],[101.17212171217497,-0.17105134814154654],[101.17248092359469,-0.1710513071892483],[101.17248094394628,-0.17123212251297423],[101.17230133824549,-0.17123214301161424],[101.1723013586169,-0.1714129583569495],[101.17194214714748,-0.1714129993924416],[101.17194216753703,-0.17159381478102678],[101.17176256176838,-0.17159383531787356],[101.17176258217773,-0.17177465072806267],[101.17194218794808,-0.17177463016957528],[101.17194220838061,-0.17195544555808698],[101.17212181413115,-0.17195542497626032],[101.17212191662477,-0.1728595018100535],[101.17230152236226,-0.17285948111830718],[101.1723015635136,-0.17322111180827718],[101.17248116923298,-0.17322109107153122],[101.17248121047372,-0.17358272171806088],[101.172660816175,-0.1735827009363082],[101.17266083682934,-0.17376351623786948],[101.17230162540186,-0.17376355784295386],[101.17230160475094,-0.1735827424980988],[101.17212199900666,-0.17358276327642203],[101.17212201965589,-0.17376357864292127],[101.17176280809942,-0.17376362023770656],[101.17176282876673,-0.17394443564745168],[101.17140361712087,-0.17394447727864681],[101.17140357581457,-0.1735828463725675],[101.17158318164483,-0.17358282560110322],[101.1715831404211,-0.17322119473814937],[101.17140353459423,-0.17322121546633945],[101.17140351401632,-0.17304040001316978],[101.17122390816967,-0.1730404207180135],[101.17122376473777,-0.1717747123933435],[101.17140337057259,-0.17177469183994676],[101.1714033501666,-0.17159387638648174],[101.17122374433346,-0.17159389691824323],[101.17122372395065,-0.17141308144310619],[101.17104411809771,-0.17141310195153905],[101.17104409773806,-0.17123228645473182],[101.17086449186533,-0.17123230693983976],[101.17086451222329,-0.17141312245827867],[101.1706849063274,-0.17141314296332497],[101.1706848656363,-0.1710515118831506],[101.17050525972225,-0.17105153234324733],[101.17050521912046,-0.17068990121967018],[101.1703256131883,-0.17068992163482447],[101.1703255929213,-0.17050910605135472],[101.16996638099589,-0.17050914683335752],[101.16996634053301,-0.17014751557981384],[101.17032555245174,-0.17014747488430565],[101.17032553224918,-0.16996665930072655],[101.17104395582219,-0.1699665779760567],[101.17104393563444,-0.16978576247895716],[101.17122354147232,-0.16978574216522568],[101.17122360210502,-0.1703281885915145],[101.1714032079264,-0.17032816821119992],[101.17140322818196,-0.17050898366492132],[101.17158283398352,-0.17050896326128712],[101.17158285426224,-0.170689778693335],[101.17194206580423,-0.170689737837734],[101.17194208610779,-0.17087055322646583],[101.17212169184823,-0.1708705327744937]]],[[[101.17014619058916,-0.1723172824924922],[101.16960737255393,-0.17231734430654638],[101.16960733166826,-0.1719557129672556],[101.16942772561694,-0.171955733525301],[101.16942762378699,-0.17105165506834336],[101.16924801772261,-0.17105167551661188],[101.1692479771443,-0.17069004409034091],[101.16960718924486,-0.17069000327858014],[101.16960720952663,-0.1708708189485008],[101.16978681554639,-0.17087079851847198],[101.16978691728579,-0.17177487675943004],[101.16996652329247,-0.17177485621960828],[101.16996654370647,-0.17195567184606875],[101.17014614969337,-0.17195565128292734],[101.17014619058916,-0.1723172824924922]]],[[[101.17319908347535,-0.16870062717844195],[101.17337868904526,-0.1687006069745134],[101.17337866898643,-0.1685197917585348],[101.17373788005841,-0.1685197513889933],[101.17373786001778,-0.16833893621629387],[101.17409707100039,-0.16833889588341594],[101.17409709104433,-0.16851971101279303],[101.17391748556213,-0.16851973120172556],[101.17391752571125,-0.16888136150369554],[101.1737379202042,-0.1688813817342839],[101.17373794030938,-0.16906219690687493],[101.17319912365424,-0.16906225765360047],[101.17319908347535,-0.16870062717844195]]],[[[101.17140302659355,-0.1687008291260705],[101.17122342078713,-0.1687008493116676],[101.17122340074815,-0.1685200338359479],[101.17086418907417,-0.1685200741588774],[101.17086416905998,-0.16833925863985638],[101.17068456319241,-0.16833927877719418],[101.17068454320135,-0.16815846323650727],[101.17050493731394,-0.16815848335055392],[101.17050491734602,-0.1679776677882029],[101.17032531143879,-0.1679776878789621],[101.1703252715707,-0.16761605671089944],[101.17104369505758,-0.16761597651093868],[101.17104367514918,-0.1674351610133695],[101.17140288676042,-0.1674351209467231],[101.1714029066721,-0.1676159364010235],[101.17176211820065,-0.1676158962844852],[101.17176217807454,-0.16815834251734302],[101.17158257231607,-0.16815836264135658],[101.17158261233618,-0.16851999350635952],[101.17140300655292,-0.16852001367198605],[101.17140302659355,-0.1687008291260705]]],[[[101.17679101074759,-0.16707288954417965],[101.17661140560152,-0.16707290958457177],[101.1766114255178,-0.16725372441074396],[101.17643182034855,-0.16725374447117278],[101.17643192024482,-0.16815781870993124],[101.17589310458314,-0.16815787920655698],[101.17589308456576,-0.16797706429382667],[101.1760726898062,-0.16797704415162762],[101.17607264983273,-0.16761541436942254],[101.17589304459557,-0.16761543446825816],[101.17589302464279,-0.16743461955542],[101.17553381410717,-0.16743465970476593],[101.1755337941792,-0.16725384474853386],[101.17535418888073,-0.16725386479904952],[101.17535416897594,-0.1670730498211053],[101.17553377427276,-0.167073029792266],[101.1755337345245,-0.16671139987962294],[101.17571333979653,-0.16671137989248952],[101.17571331995306,-0.16653056495779253],[101.17589292520192,-0.16653054499069223],[101.17589290537836,-0.16634973007763948],[101.17607251060404,-0.16634971013057578],[101.17607249080038,-0.16616889523916914],[101.1762520960029,-0.16616887531214572],[101.17625207621914,-0.16598806044238695],[101.17643168139848,-0.1659880405354073],[101.17643170118387,-0.16616885538348075],[101.1767909114812,-0.16616881552122648],[101.17679089169256,-0.16598800071652894],[101.17697049680729,-0.1659879808046303],[101.17697053640937,-0.16634961037060855],[101.17679093129139,-0.1663496303258885],[101.17679101074759,-0.16707288954417965]]],[[[101.16727186876359,-0.16671231750751678],[101.16709226248146,-0.16671233741724797],[101.1670922822679,-0.1668931533904449],[101.16637385691837,-0.16689323309925955],[101.16637383713847,-0.16671241703970374],[101.16619423074911,-0.16671243694120047],[101.16619417154298,-0.16616998869756325],[101.16637377792745,-0.16616996886082228],[101.16637375823332,-0.16598915280112392],[101.1670921835502,-0.16598907352410364],[101.16709220325083,-0.1661698894974431],[101.16763102201818,-0.16616982995767277],[101.16763104174517,-0.16635064586618875],[101.16745143550921,-0.16635066573601817],[101.16745145525601,-0.1665314816660963],[101.16727184899696,-0.16653150155587834],[101.16727186876359,-0.16671231750751678]]],[[[101.17158219641303,-0.1647228694166887],[101.17140259066409,-0.1647228891279371],[101.1714026494965,-0.16526533549233338],[101.17122304372123,-0.16526535526686045],[101.17122306337339,-0.16544617074322374],[101.171043457575,-0.16544619053775167],[101.17104335953717,-0.16454211304741428],[101.17086375372537,-0.16454213273214935],[101.17086371466388,-0.16418050169250412],[101.17122292625952,-0.16418046240793885],[101.17122290675778,-0.16399964693132857],[101.17140251252175,-0.16399962730824846],[101.1714025320251,-0.16418044276322336],[101.1715821377692,-0.16418042311688608],[101.17158211826423,-0.1639996076835482],[101.17176172398523,-0.1639995880572279],[101.17176178256942,-0.16454203429221956],[101.17158217684359,-0.16454205398345637],[101.17158219641303,-0.1647228694166887]]],[[[101.17768875945228,-0.16454138356954973],[101.17732954939963,-0.16454142305767472],[101.17732949066553,-0.16399897883775244],[101.1775090956978,-0.16399895915959056],[101.17750907616127,-0.16381814444124215],[101.17768868117037,-0.16381812478315805],[101.17768875945228,-0.16454138356954973]]],[[[101.17212074144727,-0.16219139511364145],[101.17212072217396,-0.1620105797448412],[101.17230032781288,-0.16201056035174677],[101.17230046318863,-0.16327626778110832],[101.17194125186697,-0.16327630686870293],[101.17194119372938,-0.16273386069789714],[101.17176158804112,-0.1627338801743532],[101.17176156870651,-0.1625530647623743],[101.1719411743932,-0.16255304530755882],[101.17194113578527,-0.16219141452677782],[101.17212074144727,-0.16219139511364145]]],[[[101.17804775493798,-0.16255238288840662],[101.17804777432845,-0.16273319754190124],[101.17786816937205,-0.16273321707301366],[101.17786820821446,-0.16309484642330088],[101.17768860323332,-0.16309486599620499],[101.17768862268525,-0.16327568069299575],[101.17714980760772,-0.1632757394671293],[101.1771498270764,-0.16345655422897307],[101.17697022200585,-0.1634565738388176],[101.17697020253878,-0.16327575905528138],[101.1767905974483,-0.16327577864182058],[101.17679061691376,-0.1634565934470474],[101.17661101180012,-0.16345661305366257],[101.176611070321,-0.16399905753419936],[101.17679067543945,-0.16399903786251768],[101.17679071456429,-0.16436066747265562],[101.17643150429939,-0.1643607069011507],[101.1764315238909,-0.16454152174954279],[101.17625191872453,-0.1645415414830402],[101.17625193833597,-0.16472235635308233],[101.17571312270277,-0.16472241560886736],[101.17571308351111,-0.16436078573865767],[101.1755334782602,-0.1643608054439754],[101.1755334586983,-0.16417999048713963],[101.17535385342747,-0.16418001016915734],[101.17535383388869,-0.16399919519061007],[101.17499462328566,-0.16399923450643275],[101.17499458427915,-0.1636376044625381],[101.17535379487575,-0.1636375652334101],[101.17535377540158,-0.16345675025475756],[101.17553338066597,-0.1634567306594452],[101.17553336121172,-0.1632759157024339],[101.17571296645298,-0.16327589612718502],[101.17571294701867,-0.1630950811918169],[101.175533341779,-0.16309510074538774],[101.17553332236781,-0.16291428578830658],[101.17571292760589,-0.1629142662564139],[101.17571288884491,-0.16255263638550324],[101.17589249405825,-0.16255261689536105],[101.17589247470848,-0.16237180198153342],[101.17625168506734,-0.16237176303979697],[101.17625166573592,-0.16219094816929971],[101.17643127088145,-0.16219092871771085],[101.1764311937648,-0.16146766932211587],[101.17714961410611,-0.1614675918467743],[101.17714959487448,-0.16128677708454797],[101.17732919990435,-0.1612867577334192],[101.17732918069267,-0.1611059429928524],[101.17768839068461,-0.161105904329209],[101.17768837149133,-0.1609250896320015],[101.17804758139388,-0.16092505100539317],[101.17804756221899,-0.1607442363515521],[101.17858637690642,-0.16074417846483177],[101.17858635774837,-0.16056336387607104],[101.17876596259947,-0.16056334459903038],[101.17876598175913,-0.16074415916608262],[101.17894558659025,-0.16074413986574554],[101.17894568271981,-0.16164821259193812],[101.17876607788078,-0.16164823200082654],[101.17876615516626,-0.16237149026799863],[101.17822734050071,-0.16237154874556353],[101.17822735987122,-0.1625523633773898],[101.17804775493798,-0.16255238288840662]]],[[[101.17265951976961,-0.1618297062568598],[101.1724799141753,-0.16182972563150722],[101.17247993343028,-0.162010540957052],[101.17230032781288,-0.16201056035174677],[101.17230030855949,-0.16182974500455607],[101.17212070292217,-0.1618297643760063],[101.17212064529575,-0.1612873182692937],[101.1719410396417,-0.16128733757421812],[101.17194102047746,-0.16110652218360236],[101.17176141480348,-0.16110654146529288],[101.17176139566233,-0.160925726053002],[101.17212060698563,-0.16092568753131253],[101.17212058786282,-0.16074487216227032],[101.17247979909696,-0.16074483367751222],[101.17247981822293,-0.16092564900326434],[101.17265942380932,-0.16092562973685567],[101.17265944295836,-0.16110644504092558],[101.17283904852484,-0.16110642575127768],[101.17283910610577,-0.16164887159833158],[101.17265950053455,-0.16164889095292811],[101.17265951976961,-0.1618297062568598]]],[[[101.1762515694019,-0.16128687381629306],[101.17607196424275,-0.16128689315786238],[101.1760719834649,-0.16146770805021643],[101.17589237828264,-0.16146772741187418],[101.17589241678837,-0.1618293572398419],[101.17571281158139,-0.16182937664326444],[101.17571283086497,-0.16201019157887622],[101.17553322563487,-0.16201021100237828],[101.17553324493839,-0.1621910259596335],[101.17481482379635,-0.16219110372433237],[101.17481484311504,-0.16237191876824755],[101.17445563241168,-0.16237195768432042],[101.17445561309617,-0.1621911425970687],[101.1740964023099,-0.16219118146339634],[101.1740963060711,-0.1612871058099701],[101.17481472752581,-0.16128702850423648],[101.17481474673687,-0.1614678435483249],[101.17499435204832,-0.16146782419623737],[101.17499433283568,-0.16128700917381994],[101.17535354339083,-0.16128697050820706],[101.17535356260665,-0.16146778548727722],[101.1755331678535,-0.16146776613040453],[101.1755331486361,-0.16128695117301078],[101.17571275385986,-0.16128693183622123],[101.17571271548651,-0.1609253019646863],[101.17553311026592,-0.16092532125811962],[101.17553305287213,-0.16038287638552443],[101.1760718684551,-0.16038281869557464],[101.17607184936219,-0.16020200380301386],[101.17643105964,-0.16020196537849452],[101.17643107873606,-0.16038278022768657],[101.17625147360634,-0.16038279946242273],[101.17625149272237,-0.1605636143332657],[101.17643109785367,-0.16056359507684417],[101.17643115533572,-0.1611060396241107],[101.17625155019971,-0.16110605894558797],[101.1762515694019,-0.16128687381629306]]],[[[101.17373677207988,-0.15821328648871855],[101.173557166646,-0.15821330543978823],[101.17355718548026,-0.15839412063610542],[101.17337758002334,-0.15839413960726895],[101.17337756119063,-0.15821332438929506],[101.17319795571375,-0.15821334333723897],[101.1731979745449,-0.15839415857686778],[101.17301836904495,-0.15839417754490193],[101.17301840676868,-0.15875580806736395],[101.17283880124411,-0.15875582707713604],[101.17283883905074,-0.15911745764276475],[101.17230002233866,-0.159117514792558],[101.17229990920485,-0.1580326227056047],[101.17265912034907,-0.1580325848670767],[101.17265910156557,-0.15785176956242622],[101.17283870710389,-0.15785175066247004],[101.17283868834036,-0.1576709353794353],[101.1730182938556,-0.1576709164995711],[101.17301827511204,-0.15749010123815396],[101.17319788060425,-0.15749008237838535],[101.17319786188064,-0.1573092671385875],[101.17337746734978,-0.15730924829891807],[101.17337742996402,-0.15694761786253117],[101.17391624623313,-0.15694756146414995],[101.17391628362813,-0.157309191770586],[101.17373667822353,-0.15730921061491732],[101.17373671570152,-0.1576708409645391],[101.17391632110922,-0.1576708220768873],[101.17391635867637,-0.15803245238305352],[101.17373675326557,-0.1580324713140259],[101.17373677207988,-0.15821328648871855]]],[[[101.16978451716133,-0.14899210481980144],[101.16996412296973,-0.14899208700422123],[101.16996417615769,-0.14953453389649493],[101.170143781949,-0.1495345160145747],[101.17014379972275,-0.14971533162364586],[101.1694253764228,-0.14971540322894392],[101.16942535865492,-0.14953458753339252],[101.1688865409589,-0.1495346411569955],[101.1688864877973,-0.14899219387562523],[101.16870688186007,-0.14899221168237453],[101.16870686418393,-0.14881139590024367],[101.16888647011969,-0.14881137811510461],[101.16888645246357,-0.14863056235455213],[101.16906605837639,-0.14863054458955505],[101.16906604074026,-0.14844972885058275],[101.16888643482889,-0.14844974659396787],[101.16888641721569,-0.14826893083335174],[101.1690660231256,-0.14826891311157867],[101.16906600553241,-0.1480880973725429],[101.1692456114194,-0.1480880796709189],[101.16924562901404,-0.14826889538834095],[101.16942523488102,-0.14826887766363853],[101.1694252524986,-0.1484496933594132],[101.16960485834555,-0.14844967561162875],[101.16960487598604,-0.14863049128575428],[101.169784481813,-0.1486304735148842],[101.16978451716133,-0.14899210481980144]]],[[[101.16852720533146,-0.14826896627250383],[101.16834759935715,-0.14826898398988292],[101.16834763459627,-0.14863061564073388],[101.16816802859759,-0.14863063339985796],[101.16816801096876,-0.14844981755284353],[101.16798840495007,-0.14844983528889627],[101.16798836975967,-0.14808820355156582],[101.16816797577546,-0.14808818585871925],[101.168167958211,-0.1479073700116095],[101.16852717017527,-0.14790733466473913],[101.16852715262935,-0.14772651886080929],[101.16906597041043,-0.1477264658943761],[101.16906600553241,-0.1480880973725429],[101.16888639962394,-0.14808811507270386],[101.16888638205367,-0.14790729931202437],[101.1687067761252,-0.1479073169891123],[101.16870679369401,-0.14808813277140206],[101.16852718774263,-0.14808815046863735],[101.16852720533146,-0.14826896627250383]]],[[[101.17104156390431,-0.14700300956644105],[101.17086195824079,-0.14700302715290395],[101.17086194078347,-0.14682221162986528],[101.1706823350999,-0.1468222291932461],[101.1706823176655,-0.1466414136485462],[101.1703231062368,-0.14664144872770232],[101.17032308882676,-0.14646063313971663],[101.17014348308162,-0.1464606506554973],[101.170143413662,-0.14573738821674312],[101.17050262511933,-0.14573735335673818],[101.17050264244487,-0.14591816892322285],[101.17068224814274,-0.14591815146943277],[101.17068230025258,-0.14646059810381487],[101.17086190593328,-0.14646058058369377],[101.17086192334763,-0.14664139610679522],[101.17104152900828,-0.14664137856359566],[101.17104156390431,-0.14700300956644105]]],[[[101.16673079721167,-0.14465282297735166],[101.16691040335033,-0.14465280570496625],[101.16691042051858,-0.14483362170382397],[101.1670900266372,-0.14483360440841725],[101.1670900782749,-0.14537605234002735],[101.166910472152,-0.14537606970021116],[101.1669104549194,-0.14519525370144648],[101.16673084877648,-0.14519527103860363],[101.16673079721167,-0.14465282297735166]]],[[[101.17481293218086,-0.1433863389747492],[101.17481294926093,-0.14356715402206968],[101.17499255442421,-0.14356713681540736],[101.17499260579778,-0.1441095818921713],[101.1746333954412,-0.14410961643409795],[101.17463337829798,-0.1439288013652007],[101.17445377308881,-0.14392881861236126],[101.17445372179252,-0.1433863733404826],[101.17481293218086,-0.1433863389747492]]],[[[101.16601173620485,-0.137781879971887],[101.1660117198798,-0.1376010638639152],[101.16673014443283,-0.13760099815609428],[101.1667301607633,-0.13778181417772167],[101.16690976684929,-0.13778179772577764],[101.16690979957724,-0.1381434297257627],[101.1663709812468,-0.13814347920704423],[101.16637096487615,-0.1379626631423001],[101.16619135872446,-0.1379626796117461],[101.16619134237664,-0.1377818635253873],[101.16601173620485,-0.137781879971887]]],[[[101.16529329498377,-0.13760112954998727],[101.16547290123992,-0.1376011131305082],[101.16547288494036,-0.13742029695776756],[101.16565249117373,-0.13742028055850722],[101.16565250747465,-0.13760109670966986],[101.16583211368794,-0.13760108028747223],[101.16583214635679,-0.1379627125465494],[101.16547293390336,-0.1379627454759012],[101.16547291756093,-0.1377819293032195],[101.16529331130342,-0.13778194574427477],[101.16529329498377,-0.13760112954998727]]],[[[101.17696711194247,-0.13145235664333377],[101.17714671675692,-0.13145234087304175],[101.17714670110229,-0.13127152610561066],[101.17750591066397,-0.13127149460452106],[101.17750589502832,-0.13109067988045192],[101.17804470920532,-0.13109063268419063],[101.17804474050592,-0.13145226200210378],[101.17786513579922,-0.1314522777788884],[101.17786515148057,-0.13163309245950408],[101.1773263372273,-0.13163313984716002],[101.17732635292633,-0.13181395459284065],[101.17696714331379,-0.13181398622149618],[101.17696711194247,-0.13145235664333377]]],[[[101.18290453398274,-0.2213164252087467],[101.18326374388629,-0.22131637195939097],[101.18326382332997,-0.22185881398926446],[101.18290461341337,-0.22185886736913454],[101.18290453398274,-0.2213164252087467]]],[[[101.18290416587747,-0.21878502845464362],[101.18272456092353,-0.21878505477154625],[101.18272458707418,-0.21896586884746647],[101.18254498209647,-0.21896589518395582],[101.18254503445827,-0.21932752337915123],[101.18236542945466,-0.2193275497569699],[101.18236545566582,-0.21950836387624323],[101.18200624558949,-0.21950841666886778],[101.18200627181794,-0.219689230831581],[101.18182666674522,-0.21968925724638147],[101.18182669299311,-0.21987007143078843],[101.18164708789664,-0.2198700978651578],[101.18164711416397,-0.22005091207125665],[101.18056948311883,-0.22005107076225872],[101.18056945686446,-0.2198702564257634],[101.18038985161688,-0.2198702828449293],[101.18038979917719,-0.2195086541283444],[101.18056940442045,-0.21950862775263152],[101.18056937823083,-0.21932781341599503],[101.18074898345037,-0.21932778705984207],[101.18074895728017,-0.21914697274488681],[101.18092856247598,-0.2191469464082974],[101.18092853632521,-0.21896613211502525],[101.18110814149728,-0.21896610579800288],[101.18110811536596,-0.21878529152641563],[101.18128772051429,-0.21878526522896388],[101.1812876944024,-0.2186044509790634],[101.181467299527,-0.2186044247011859],[101.18146727343456,-0.21842361047297398],[101.18164687853542,-0.2184235842146742],[101.18164685246244,-0.21824277000815276],[101.18182645753956,-0.2182427437694343],[101.18182643148602,-0.21806192958460507],[101.1820060365394,-0.21806190336547157],[101.18200601050533,-0.21788108920233643],[101.18218561553498,-0.21788106300279145],[101.18218564157121,-0.218061877144184],[101.18236524658138,-0.2180618509207424],[101.18236527264133,-0.21824266504034395],[101.18254487763207,-0.21824263879300215],[101.18254485156999,-0.2180618246951467],[101.18290406148235,-0.21806177223749318],[101.18290416587747,-0.21878502845464362]]],[[[101.1852388196451,-0.21733817596646224],[101.18470000561271,-0.21733825447246566],[101.18469995367502,-0.21697662679842752],[101.18487955836983,-0.21697660067544527],[101.18487950651438,-0.2166149730447599],[101.18523871583062,-0.21661492087945364],[101.1852388196451,-0.21733817596646224]]],[[[101.18990822203264,-0.21516773630914718],[101.19008782607843,-0.21516771034222057],[101.19008787771044,-0.21552933670947094],[101.18972866958876,-0.21552938872847974],[101.18972869543305,-0.21571020195567614],[101.18918988308165,-0.2157102800336692],[101.18918990894126,-0.2158910933262667],[101.18901030477868,-0.21589111936981495],[101.18901033065784,-0.21607193268417837],[101.18865112226342,-0.21607198480849635],[101.18865114816,-0.21625279816643256],[101.18847154392819,-0.21625282424719688],[101.18847156984431,-0.21643363762689355],[101.1882919655887,-0.21643366372732675],[101.18829199152437,-0.21661447712878215],[101.18775317862124,-0.21661455548265857],[101.18775320457218,-0.21679536894947204],[101.18739399585756,-0.2167954212182851],[101.18739396991087,-0.21661460770787758],[101.18721436552322,-0.2166146338172775],[101.1872143396003,-0.21643382028502917],[101.18703473519312,-0.2164338463704968],[101.18703468341647,-0.21607221926227602],[101.18721428781942,-0.2160721932203935],[101.18721426196144,-0.21589137968800617],[101.18739386634061,-0.2158913536657837],[101.18739378889025,-0.21534891313372723],[101.18757339324141,-0.21534888717476058],[101.18757334171185,-0.21498726019675105],[101.18775294603715,-0.21498723427925295],[101.18775292030276,-0.21480642081197696],[101.18829173314238,-0.2148063431121454],[101.18829170742332,-0.21462552971022786],[101.18847131165776,-0.21462550382784532],[101.18847128595826,-0.21444469044768674],[101.18883049435797,-0.21444463872017702],[101.1888304686759,-0.21426382538358804],[101.18901007284117,-0.21426379953846614],[101.18901009852533,-0.21444461285324468],[101.18918970267104,-0.21444458698419402],[101.18918972837898,-0.21462540027711446],[101.18936933250511,-0.21462537438413154],[101.18936935823683,-0.21480618765519188],[101.18990817049155,-0.21480610989807003],[101.18990822203264,-0.21516773630914718]]],[[[101.19062643237416,-0.2137211274816379],[101.19026722442466,-0.21372117907690857],[101.19026717322197,-0.2133595527523846],[101.19044677720336,-0.2133595269994542],[101.19044675163245,-0.21317871385894838],[101.19062635559008,-0.21317868812573693],[101.19062638116309,-0.21335950124441633],[101.19080598510112,-0.21335947548727088],[101.19080601069791,-0.21354028858407628],[101.19098561461635,-0.21354026280299318],[101.19098566587918,-0.2139018889528064],[101.19062645801222,-0.21390194060017995],[101.19062643237416,-0.2137211274816379]]],[[[101.1881119237548,-0.21335986162315845],[101.1881118982111,-0.21317904819907066],[101.18847110666809,-0.2131789967852924],[101.18847108114186,-0.21299818340476728],[101.18865068533577,-0.21299815771652628],[101.1886507108641,-0.2131789710752446],[101.18883031503844,-0.21317894536309098],[101.18883036616428,-0.2135405720367732],[101.1882915535637,-0.21354064929775776],[101.18829157915282,-0.21372146269995076],[101.18793237063994,-0.21372151424033173],[101.18793231949174,-0.2133598873486904],[101.1881119237548,-0.21335986162315845]]],[[[101.19224271358746,-0.21263601766531876],[101.19224273911422,-0.21281683058761636],[101.19242234285076,-0.21281680487703591],[101.19242241956748,-0.21335924357812172],[101.19152440063642,-0.21335937243761346],[101.19152434949116,-0.21299774641852745],[101.19170395331658,-0.21299772069451864],[101.1917039022539,-0.21263609471892445],[101.19224271358746,-0.21263601766531876]]],[[[101.19152424746095,-0.2122744943798079],[101.19134464362217,-0.21227452001437103],[101.1913446690951,-0.21245533304595465],[101.19116506523258,-0.21245535870025464],[101.19116509072511,-0.21263617175362645],[101.19098548683881,-0.2126361974276596],[101.19098551235095,-0.21281701050281762],[101.19080590844088,-0.21281703619658043],[101.19080595952603,-0.21317866239041972],[101.19062635559008,-0.21317868812573693],[101.19062633003875,-0.21299787500701184],[101.19044672608321,-0.21299790071839678],[101.19044670055567,-0.21281708757779952],[101.19026709658054,-0.2128171132652557],[101.19026704559462,-0.21245548694027494],[101.19044664956559,-0.21245546129646814],[101.19044659866223,-0.21209383501495466],[101.19062620260733,-0.2120938094127022],[101.19062610105247,-0.21137055693643578],[101.19098530886103,-0.21137050590027903],[101.19098533422137,-0.21155131897575535],[101.19116493809518,-0.21155129343271328],[101.1911649634793,-0.2117321064863125],[101.1913445673335,-0.2117320809193471],[101.19134459274137,-0.21191289395106713],[101.19152419657597,-0.21191286836017487],[101.19152424746095,-0.2122744943798079]]],[[[101.18308251568642,-0.20992511449037712],[101.18290291085714,-0.20992513974361834],[101.182902961067,-0.2102867678564177],[101.18236414643712,-0.2102868437341867],[101.18236402110539,-0.2093827731256328],[101.1830824405275,-0.20938267238609534],[101.18308251568642,-0.20992511449037712]]],[[[101.1886502546685,-0.2099243306113612],[101.18847065050986,-0.2099243559288858],[101.18847067566786,-0.21010516931018192],[101.1882910714855,-0.21010519464743796],[101.18829104632955,-0.20992438124433685],[101.18811144212758,-0.2099244065577142],[101.18811141699535,-0.20974359313276483],[101.18739299997918,-0.20974369427834264],[101.18739294979613,-0.20938206725391867],[101.18757255407854,-0.20938204201422428],[101.18757252901744,-0.209201228523741],[101.18793173751321,-0.20920117808174496],[101.18793171246965,-0.2090203646348145],[101.1884705250447,-0.20902028902173142],[101.18847055009441,-0.209201102403252],[101.18865015424483,-0.20920107717295477],[101.18865017931826,-0.2093818905326237],[101.18882978344907,-0.20938186527845135],[101.18882983366501,-0.20974349195403733],[101.18865022953008,-0.209743517251827],[101.1886502546685,-0.2099243306113612]]],[[[101.18380051131912,-0.20685117633982633],[101.1839801160056,-0.20685115144614347],[101.18398016550526,-0.20721277929939114],[101.18380056081472,-0.20721280423659477],[101.18380066006527,-0.20793606002959855],[101.18398026476397,-0.20793603500535335],[101.18398028963269,-0.20811684893173263],[101.1841598943118,-0.20811682388367117],[101.18415991920416,-0.20829763778824362],[101.18398031452301,-0.20829766285806725],[101.18398033943497,-0.20847847678435724],[101.18380073473014,-0.2084785018738837],[101.18380075966166,-0.20865931582188943],[101.18362115493319,-0.20865934093111513],[101.18362110509585,-0.20829771299154173],[101.18344150034986,-0.20829773805519258],[101.18344147546566,-0.20811692406358206],[101.18326187070008,-0.2081169491034203],[101.18326184583954,-0.2079361350900102],[101.18308224105441,-0.20793616010603932],[101.1830822162175,-0.20775534607083138],[101.1829026114128,-0.20775537106305503],[101.18290258659954,-0.2075745570060511],[101.18272298177527,-0.20757458197447284],[101.18272295698566,-0.2073937678956748],[101.18236374727637,-0.20739381778287289],[101.18236369777009,-0.20703218953815547],[101.18218409288711,-0.20703221443519287],[101.18218404347128,-0.20667058614680942],[101.18236364835019,-0.2066705612932606],[101.18236362367263,-0.20648974717074675],[101.18254322852792,-0.2064897223369026],[101.18254313002565,-0.20576646593338946],[101.18272273485125,-0.20576644118449705],[101.18272271027766,-0.20558562710525638],[101.18290231507963,-0.205585602376081],[101.18290229052565,-0.20540478831854592],[101.18308189530399,-0.20540476360909127],[101.18308194443762,-0.20576639168061453],[101.18326154919839,-0.20576636692562436],[101.18326157379964,-0.2059471809395666],[101.18362078326041,-0.2059471313799766],[101.18362088189768,-0.20667038726125653],[101.18380048660374,-0.2066703623913756],[101.18380051131912,-0.20685117633982633]]],[[[101.19098433672217,-0.2043187959217393],[101.19080473290828,-0.20431882058948955],[101.19080475742089,-0.20449963368853452],[101.19062515358331,-0.20449965837609482],[101.1906251781156,-0.20468047149692417],[101.19044557425433,-0.20468049620429088],[101.19044554972403,-0.20449968306163505],[101.1902659458431,-0.20449970774515525],[101.1902659213365,-0.20431889458063088],[101.19008631743587,-0.20431891924030812],[101.19008626849173,-0.20395729286748226],[101.19152309905755,-0.2039570958828195],[101.1915231235348,-0.20413790889462113],[101.19170272725995,-0.20413788424063503],[101.1917027517609,-0.20431869723055565],[101.1913435442849,-0.20431874658018398],[101.19134356880353,-0.20449955961373345],[101.19098436123679,-0.2044996089989542],[101.19098433672217,-0.2043187959217393]]],[[[101.18451831833444,-0.2023307302046753],[101.18487752741245,-0.20233068148734099],[101.184877551621,-0.20251149530625487],[101.18505715612956,-0.20251147092281865],[101.18505718036172,-0.20269228471991804],[101.18487757585117,-0.2026923091251254],[101.18487760010298,-0.2028731229439525],[101.18451839101304,-0.20287317179189732],[101.18451831833444,-0.2023307302046753]]],[[[101.17984866497886,-0.20287380608571778],[101.17966905983992,-0.20287383045457963],[101.17966903564583,-0.2026930160051676],[101.17948943048732,-0.20269304035030786],[101.17948940631678,-0.20251222587913495],[101.17930980113869,-0.20251225020055724],[101.17930977699169,-0.2023314357076252],[101.17966898732236,-0.2023313871062135],[101.17966896319297,-0.20215057265667144],[101.17984856832396,-0.20215054837468685],[101.17984854421418,-0.20196973394682072],[101.1800281493216,-0.20196970968456032],[101.18002817343337,-0.20215052409070533],[101.18020777852121,-0.202150499804727],[101.18020780265653,-0.20233131418910583],[101.18002819756671,-0.20233133849680707],[101.18002824589814,-0.20269296730888045],[101.17984864078278,-0.20269299165802515],[101.17984866497886,-0.20287380608571778]]],[[[101.18092583909798,-0.19943818817362635],[101.18092586291746,-0.1996190024717415],[101.18056665294806,-0.19961905044926112],[101.18056662913249,-0.19943823610768774],[101.18038702411737,-0.1994382600717633],[101.18038690537304,-0.19853418825462424],[101.1805665103784,-0.19853416439918084],[101.18056646302783,-0.19817253571548007],[101.18092567296601,-0.19817248808562624],[101.18092569663439,-0.19835330238403967],[101.1814645113856,-0.19835323085937626],[101.18146460629838,-0.19907648779180165],[101.1812850013951,-0.19907651172225696],[101.18128502517531,-0.19925732597699208],[101.1811054202485,-0.19925734992721447],[101.18110544404836,-0.19943816420364052],[101.18092583909798,-0.19943818817362635]]],[[[101.18613423108444,-0.19835261024027925],[101.18613425483088,-0.19853342390770307],[101.18685267195642,-0.19853332822313566],[101.18685269573227,-0.19871414180337182],[101.18667309148141,-0.19871416574924428],[101.18667311527697,-0.19889497935122685],[101.18685271952978,-0.1988949553835654],[101.18685274334895,-0.1990757689637163],[101.18703234758208,-0.19907574497229943],[101.18703239528924,-0.1994373720888918],[101.18649358251318,-0.19943744418797665],[101.18649360639336,-0.19961825781157558],[101.18631400208943,-0.1996182818624491],[101.18631397821122,-0.1994374682170648],[101.18595476954235,-0.19943751626933093],[101.18595472185866,-0.19907588889130334],[101.1857751174957,-0.19907591287092127],[101.18577502239573,-0.19835265802723434],[101.18559541801893,-0.19835268191777283],[101.18559539429997,-0.1981718681849665],[101.18541578990347,-0.19817189205176924],[101.1854157662081,-0.197991078297144],[101.18451774391093,-0.19799119749293873],[101.18451769660446,-0.19762956976585008],[101.18469730110327,-0.19762954597413773],[101.18469727748052,-0.19744873213229736],[101.18487688195576,-0.1974487083604021],[101.1848768583527,-0.19726789454028873],[101.1857748803948,-0.19726777576042936],[101.18577485680369,-0.19708696204914702],[101.18613406546524,-0.19708691456712465],[101.18613411267683,-0.19744854190252345],[101.185954508353,-0.19744856568807165],[101.18595455564726,-0.19781019306686484],[101.18577495129792,-0.19781021689402264],[101.18577499867482,-0.19817184431620619],[101.18595460302805,-0.1981718204454884],[101.1859546267509,-0.19835263413473644],[101.18613423108444,-0.19835261024027925]]],[[[101.18308013811892,-0.19202452484157553],[101.18290053348487,-0.19202454794142362],[101.18290057941687,-0.19238617606275754],[101.18254137007638,-0.19238622234375813],[101.18254132415191,-0.1920245941354292],[101.18236171945304,-0.1920246172295867],[101.18236167361874,-0.19166298897760112],[101.18218206890204,-0.1916630120263732],[101.18218204601918,-0.19148219787857446],[101.18236165073401,-0.19148217485154667],[101.18236158220938,-0.1909397324731374],[101.18272079156297,-0.19093968654388901],[101.18272081438667,-0.19112050062657251],[101.18290041903293,-0.19112047763736947],[101.18290044188012,-0.19130129169826235],[101.1832596511116,-0.1913012456706879],[101.18325971979402,-0.19184368772260657],[101.18308011518346,-0.19184371080259824],[101.18308013811892,-0.19202452484157553]]],[[[101.19241922878115,-0.18949194035572667],[101.19259883224137,-0.18949191746119232],[101.19259885499456,-0.1896727303453199],[101.19206004454315,-0.18967279908884058],[101.19206002179556,-0.18949198613918006],[101.19170081472319,-0.18949203191514633],[101.19170079200101,-0.18931121892176556],[101.1913415848456,-0.18931126464657216],[101.19134153947373,-0.18894963857234384],[101.19152114305858,-0.1889496157545463],[101.19152112040332,-0.18876880273920676],[101.19188032750422,-0.18876875714168845],[101.19188030486696,-0.18858794416998448],[101.19205990838302,-0.1885879213902691],[101.19205988576559,-0.1884071084403654],[101.19223948925811,-0.18840708568062964],[101.19223955718101,-0.18894952446469174],[101.19205995368294,-0.18894954728995506],[101.19205997636546,-0.18913036023973726],[101.19223957986537,-0.1891303373926315],[101.19223960257145,-0.1893111503205307],[101.19241920605153,-0.1893111274497124],[101.19241922878115,-0.18949194035572667]]],[[[101.19098230958929,-0.18876887112149943],[101.19062310227152,-0.18876891670037121],[101.19062307964721,-0.18858810357583222],[101.19008426851347,-0.18858817186468113],[101.19008415574486,-0.1876841059140109],[101.19044336317056,-0.18768406060821202],[101.19044338568462,-0.18786487375477914],[101.19062298936679,-0.18786485107727238],[101.19062303446364,-0.188226477326633],[101.19080263812782,-0.1882264546036141],[101.19080266071062,-0.18840726770640567],[101.19098226435496,-0.1884072449596974],[101.19098230958929,-0.18876887112149943]]],[[[101.18577235149789,-0.1768358261273033],[101.18523353895971,-0.17683589001885916],[101.18523349669873,-0.1764742624565425],[101.18541310089628,-0.17647424120465324],[101.18541305871838,-0.1761126136857345],[101.18613147527846,-0.17611252883497772],[101.1861315174702,-0.1764741561796639],[101.1863111215596,-0.17647413491905847],[101.1863112062097,-0.17719738952084246],[101.18613160211336,-0.177197410868582],[101.18613158092012,-0.17701659719640936],[101.18577237266601,-0.1770166398430756],[101.18577235149789,-0.1768358261273033]]],[[[101.18882549213752,-0.1757505837057838],[101.18864588835817,-0.1757506049035601],[101.18864586731388,-0.17556979153621707],[101.1882866596936,-0.17556983388294972],[101.18828661767692,-0.17520820706092732],[101.18882542906452,-0.1752081436690674],[101.18882549213752,-0.1757505837057838]]],[[[101.18595176607877,-0.17520848157899244],[101.18577216195817,-0.1752085026836516],[101.18577218293161,-0.17538931639976363],[101.18559257878768,-0.17538933752447028],[101.18559259978102,-0.17557015126232287],[101.18541299561372,-0.17557017240707343],[101.18541301662698,-0.1757509861666648],[101.18523341243633,-0.17575100733145563],[101.1852333914248,-0.17557019355008963],[101.18505378721426,-0.17557021469137157],[101.18505380822405,-0.17575102849451035],[101.18487420399016,-0.17575104965582902],[101.18487422501985,-0.1759318634807012],[101.18469462076261,-0.175931884662053],[101.18469459973463,-0.17575107081541155],[101.18451499545748,-0.1757510919732581],[101.18451495346983,-0.17538946423632734],[101.18469455774354,-0.1753894431220158],[101.18469453678043,-0.17520862927526154],[101.18505374525952,-0.17520858708498113],[101.18505372431459,-0.17502777328172955],[101.18523332851998,-0.1750277522057661],[101.18523328669158,-0.17466612464269612],[101.1854128908719,-0.1746661036085529],[101.18541291177701,-0.17484691736833202],[101.18631093236276,-0.17484681206283567],[101.18631091144908,-0.17466599841195637],[101.1864905154996,-0.17466597736746095],[101.186490536415,-0.17484679099655498],[101.18684974445456,-0.17484674885881207],[101.18684972353573,-0.17466593527329408],[101.18720893148527,-0.17466589317222575],[101.18720891058469,-0.17448507963025342],[101.1875681184442,-0.17448503756587389],[101.18756818122124,-0.17502747806090757],[101.18720897335143,-0.17502752025605792],[101.18720899431698,-0.1752083337979178],[101.18631097425502,-0.17520843936448183],[101.18631099523361,-0.17538925301524855],[101.18595178705391,-0.17538929527332445],[101.18595176607877,-0.17520848157899244]]],[[[101.19044091865798,-0.1668905484944398],[101.19026131515602,-0.16689056863843493],[101.19026127518255,-0.16652894229279802],[101.1908000856136,-0.16652888198682542],[101.19080010559439,-0.1667096950941826],[101.19097970902968,-0.1667096749670718],[101.1909797290338,-0.16689048805256326],[101.19080012559687,-0.166890508201504],[101.19080014562104,-0.16707132130878966],[101.19044093867888,-0.16707136164538003],[101.19044091865798,-0.1668905484944398]]],[[[101.18810609144163,-0.16707162367231052],[101.18810607144205,-0.1668908102377899],[101.1877468638531,-0.16689085048126934],[101.18774684387844,-0.166710037003112],[101.18756724005313,-0.1667100571005811],[101.18756720017204,-0.16634843010056355],[101.18774680399409,-0.16634841004669004],[101.18774678408438,-0.16616759656842559],[101.18810599166025,-0.16616755649934997],[101.18810601157323,-0.16634836993401347],[101.18792640779448,-0.16634838999117335],[101.18792642772746,-0.16652920344760255],[101.18810603150783,-0.16652918336864125],[101.1881060514641,-0.16670999680323348],[101.18828565522446,-0.16670997670082408],[101.18828569520525,-0.1670716035262948],[101.18810609144163,-0.16707162367231052]]],[[[101.18235846264129,-0.16436005550051036],[101.18235844301812,-0.16417924136869916],[101.18271765185601,-0.1641792018765407],[101.18271769113039,-0.16454083005314027],[101.18253808671902,-0.164540849843526],[101.18253812607658,-0.1649024780634801],[101.18235852164037,-0.16490249789573244],[101.18235850195241,-0.1647216837640271],[101.18217889749621,-0.16472170357290622],[101.18217887783146,-0.1645408894194213],[101.18164006433815,-0.16454094877107406],[101.18164008399806,-0.1647217629897809],[101.18146047945548,-0.16472178279215152],[101.18146040095188,-0.16399852583016436],[101.18128079639416,-0.16399854554396665],[101.18128077682385,-0.1638177312816466],[101.18092156764688,-0.16381777066092593],[101.18092152857744,-0.1634561420492502],[101.18110113317353,-0.16345612240388313],[101.18110115269904,-0.1636369366880068],[101.18163996636254,-0.16363687767701166],[101.181640005488,-0.16399850611474212],[101.18181961000253,-0.1639984863976998],[101.18181962959926,-0.16417930059477343],[101.18199923409382,-0.1641792808543705],[101.18199925371376,-0.1643600950296683],[101.18235846264129,-0.16436005550051036]]],[[[101.1837951995231,-0.16345582752961837],[101.18343599095734,-0.16345586686717736],[101.18343597143256,-0.16327505286569347],[101.18361557572464,-0.163275033219478],[101.18361555621988,-0.16309421923971584],[101.18379516048876,-0.1630941996136461],[101.18379514100398,-0.16291338565560742],[101.18397474524964,-0.16291336604968681],[101.183974764736,-0.16309417998596512],[101.18415436896164,-0.16309416035667318],[101.18415440800241,-0.1634557881856008],[101.18397480377357,-0.16345580785841693],[101.18397482332477,-0.16363662179459024],[101.1837952190727,-0.16363664148755203],[101.1837951995231,-0.16345582752961837]]],[[[101.18505240928312,-0.16327487599169158],[101.18469320102322,-0.1632749153083153],[101.18469316201609,-0.16291328760991164],[101.1852319743639,-0.16291322876318282],[101.18523199386146,-0.16309404254708917],[101.18541159793573,-0.16309402290651978],[101.18541161745651,-0.1632748366686165],[101.1857708255434,-0.16327479733909006],[101.18577084508901,-0.1634556110575973],[101.18505242882233,-0.16345568979730077],[101.18505240928312,-0.16327487599169158]]],[[[101.18433383719278,-0.16182844347577166],[101.18415423299992,-0.16182846295432765],[101.18415429113952,-0.16237090469839885],[101.18397468692027,-0.16237092424064253],[101.18397470634177,-0.1625517381770255],[101.18361549783523,-0.16255177730021977],[101.18361551727517,-0.1627325912800867],[101.18307670434848,-0.16273265001810014],[101.18307668491333,-0.1625518359729685],[101.18325628924224,-0.1625518164169913],[101.18325626982711,-0.16237100239357796],[101.18343587413283,-0.16237098285774998],[101.1834358353642,-0.16200935485432869],[101.18361543964511,-0.16200933536041026],[101.18361542029162,-0.16182852138040424],[101.18379502454933,-0.16182850190664394],[101.18379500521587,-0.16164768794836173],[101.18361540095974,-0.16164770740036355],[101.18361538164949,-0.16146689342028822],[101.18325617307558,-0.16146693227598985],[101.18325619238266,-0.16164774629957682],[101.18307658806171,-0.16164776574678824],[101.18307660738881,-0.16182857979209375],[101.18271739867892,-0.16182861872522722],[101.18271736005264,-0.16146699054757982],[101.18289696441522,-0.1614669711253115],[101.18289690663309,-0.16092452892382966],[101.18415413653291,-0.1609243933801825],[101.18415417505486,-0.1612860212099443],[101.18397457084514,-0.1612860406216155],[101.18397459013696,-0.16146685455820664],[101.18415419434825,-0.1614668351247734],[101.18415421366326,-0.1616476490395678],[101.18433381785455,-0.1616476295827757],[101.18433383719278,-0.16182844347577166]]],[[[101.181818994309,-0.15821243207300018],[101.18235780757125,-0.15821237499942598],[101.18235790233909,-0.1591164456638445],[101.18163948458175,-0.15911652219364827],[101.18163937096249,-0.15803163687444752],[101.18181897542487,-0.1580316178747873],[101.181818994309,-0.15821243207300018]]],[[[101.18002289215701,-0.15767017896999763],[101.18056170605297,-0.15767012213883014],[101.18056172488306,-0.15785093648924506],[101.18074132947343,-0.15785091752067945],[101.18074136720148,-0.1582125461779515],[101.180561762608,-0.1582125651899734],[101.18056178150283,-0.15839337954028676],[101.18002296758826,-0.15839343663214894],[101.18002289215701,-0.15767017896999763]]],[[[101.18020219851336,-0.1547771297214118],[101.18038180312081,-0.15477711112528214],[101.18038178465913,-0.1545962967525719],[101.18056138924351,-0.15459627817663965],[101.1805614077067,-0.15477709252762356],[101.18092061681371,-0.15477705532771968],[101.18092059834747,-0.15459624102019376],[101.18127980736512,-0.1545962038576394],[101.18127982583438,-0.15477701812170008],[101.18181863920347,-0.15477696230120386],[101.18181865769888,-0.15495777650002018],[101.18217786650668,-0.1549577392352284],[101.18217784800822,-0.15477692507989504],[101.1823574523782,-0.1547769064669473],[101.18235743389982,-0.154596092333325],[101.18271664257196,-0.1545960551463365],[101.18271662411216,-0.15441524105617477],[101.1828962284143,-0.1544152224821394],[101.18289624687563,-0.15459603655055157],[101.18307585115768,-0.15459601795323952],[101.18307586964212,-0.15477683199986722],[101.18343507814444,-0.15477679475715364],[101.18343524550423,-0.15640412078373314],[101.18289643267711,-0.15640417723284455],[101.18289641399974,-0.15622336316476548],[101.18253720534338,-0.15622340074628416],[101.18253722401768,-0.15640421485786066],[101.18181880643961,-0.15640429008935283],[101.18181878777143,-0.15622347589080315],[101.18127997436572,-0.15622353223298877],[101.18127993710335,-0.15586190370536665],[101.18110033259467,-0.1558619224395418],[101.1811003139974,-0.15568110815394715],[101.18092070946865,-0.15568112686485097],[101.1809206908945,-0.15550031255749128],[101.18056148177529,-0.1555003499312273],[101.18056146322577,-0.15531953558037623],[101.17984304473453,-0.1553196102225209],[101.17984306327794,-0.15550042466026653],[101.17948385389981,-0.1555004620155698],[101.17948383535942,-0.15531964753438746],[101.17912462589806,-0.15531968484011696],[101.17912460738229,-0.15513887031547194],[101.17894500262078,-0.15513888894432318],[101.17894502113502,-0.15531970349068028],[101.17876541635042,-0.1553197221397093],[101.1787654348847,-0.15550053670774336],[101.17840622524774,-0.15550057404461365],[101.17840624380054,-0.15568138865602957],[101.17822663894817,-0.15568140734386554],[101.17822667611539,-0.15604303661000707],[101.17804707123842,-0.15604305533971138],[101.17804708985283,-0.15622386999443522],[101.17786748495277,-0.1562238887442994],[101.17786750358721,-0.15640470342069104],[101.17750829371936,-0.1564047409591871],[101.177508275088,-0.1562239262393982],[101.17714906513704,-0.15622396372832403],[101.17714899083936,-0.15550070467527335],[101.17750820077808,-0.15550066735990808],[101.17750818225448,-0.15531985263995218],[101.17768778719,-0.15531983400166327],[101.17768776868644,-0.15513901930337184],[101.17786737359887,-0.15513900068524816],[101.17786731821292,-0.15459655665527336],[101.17804692309925,-0.15459653810072116],[101.17804690467885,-0.15441572344569784],[101.17876532400251,-0.15441564929904064],[101.17876534242897,-0.15459646386724069],[101.17912455196443,-0.15459642674133764],[101.1791245704155,-0.15477724126608225],[101.18002259388432,-0.1547771483160125],[101.18002261236454,-0.15495796273213694],[101.18020221699508,-0.15495794411581343],[101.18020219851336,-0.1547771297214118]]],[[[101.18684735211414,-0.15278749116073745],[101.18666774830128,-0.15278750957223036],[101.18666776659965,-0.15296832318378567],[101.18648816276367,-0.15296834161555647],[101.18648821778415,-0.15351078251538683],[101.18630861392198,-0.15351080101100245],[101.1863086691327,-0.1540532419758924],[101.18612906524437,-0.1540532605353421],[101.18612908368972,-0.154234074212023],[101.18594947977826,-0.1542340927917326],[101.1859494982437,-0.1544149064901621],[101.18576989430909,-0.15441492509012808],[101.18576991279467,-0.15459573881030444],[101.1854107048575,-0.15459577604921496],[101.18541066791406,-0.15423414852172018],[101.18559027189042,-0.1542341299465812],[101.18559023503045,-0.15387250246250694],[101.18576983898217,-0.15387248392940067],[101.1857698022057,-0.1535108564887508],[101.18594940613276,-0.15351083799768442],[101.18594933283345,-0.15278758320310978],[101.18612893673287,-0.15278756479765376],[101.18612886377373,-0.15206431008968202],[101.18630846764553,-0.15206429176985078],[101.18630841314888,-0.1515218508038801],[101.18648801699457,-0.15152183254790255],[101.18648798076872,-0.1511602052806635],[101.1866675845898,-0.1511601870667633],[101.18666754844753,-0.1507985598429688],[101.18684715224401,-0.1507985416711531],[101.18684713420386,-0.15061772808099624],[101.1870267379772,-0.1506177099294816],[101.1870268284018,-0.15152177777098938],[101.18684722462105,-0.15152179603145718],[101.18684726093942,-0.1518834232114145],[101.18666765713404,-0.15188344151396324],[101.1866676753242,-0.1520642551256819],[101.18684727913109,-0.15206423680134434],[101.18684735211414,-0.15278749116073745]]],[[[101.1893616755813,-0.1515215402487053],[101.18936165743376,-0.15134072696390918],[101.18954126090983,-0.1513407087043028],[101.18954127905886,-0.15152152196728322],[101.18972088251475,-0.15152150368436446],[101.18972091888077,-0.15188313016659288],[101.18900250491528,-0.1518832034638056],[101.18900248672739,-0.15170239013544864],[101.18918209024977,-0.15170237183520796],[101.18918207208206,-0.15152155852863058],[101.1893616755813,-0.1515215402487053]]],[[[101.18487161789017,-0.15188362445693315],[101.18487163606542,-0.1520644382864421],[101.1845124279541,-0.1520644749005688],[101.184512446148,-0.15224528877358173],[101.18415323794721,-0.1522453254252295],[101.18415321975631,-0.1520645115086871],[101.18397361562498,-0.15206452981049312],[101.18397359745718,-0.15188371587215604],[101.18379399330574,-0.15188373415069967],[101.18379395703798,-0.15152210623040746],[101.18397356118645,-0.15152208799538436],[101.1839735430835,-0.15134127405694975],[101.18415314720886,-0.151341255842192],[101.18415312912605,-0.15116044192548705],[101.18397352500216,-0.15116046011848283],[101.18397347088785,-0.1506180183028876],[101.18415307500729,-0.15061800017517804],[101.18415305701093,-0.15043718625834374],[101.18451226518202,-0.1504371500419906],[101.18451228318132,-0.15061796391529544],[101.18469188723591,-0.1506179457831224],[101.18469186923512,-0.15043713193158498],[101.18505107727647,-0.15043709570631564],[101.18505105929437,-0.15025628189828616],[101.18523066328113,-0.1502562638051952],[101.18523073534523,-0.15097951895002845],[101.18541033931628,-0.15097950076835503],[101.18541035738785,-0.151160314532708],[101.18523075341533,-0.15116033273615595],[101.1852307896204,-0.15152196030831383],[101.18505118562328,-0.15152197855381414],[101.18505122191188,-0.15188360616938756],[101.18487161789017,-0.15188362445693315]]],[[[101.19008005307623,-0.1511598407189587],[101.18990044966667,-0.15115985896122894],[101.18990043155803,-0.15097904574182036],[101.18972082812826,-0.15097906396077826],[101.18972081004279,-0.15079825071951805],[101.19008001687767,-0.15079821432375107],[101.19008003496612,-0.1509790275213711],[101.19025963835254,-0.15097900929943048],[101.19025965646414,-0.1511598224751953],[101.19061886317489,-0.15115978598318905],[101.19061888131114,-0.15134059911527056],[101.19008007120803,-0.15134065391651386],[101.19008005307623,-0.1511598407189587]]],[[[101.18397281947364,-0.14392790255365326],[101.18415242353962,-0.1439278852311394],[101.1841524063431,-0.14374707131313805],[101.18451161440738,-0.14374703670737451],[101.18451163160671,-0.14392785058184637],[101.18469123560783,-0.14392783325506725],[101.18469125283019,-0.14410864710774088],[101.18451164882767,-0.14410866445628742],[101.18451166607022,-0.14428947833069752],[101.18397285392867,-0.1442895304330874],[101.18397281947364,-0.14392790255365326]]],[[[101.18271461344229,-0.1332599922891893],[101.18253500928367,-0.13326000831721257],[101.18253502521459,-0.1334408224327304],[101.18235542103305,-0.1334408384811833],[101.18235540510345,-0.13326002434391945],[101.18217580090162,-0.13326004036931002],[101.18217581682991,-0.13344085452831794],[101.18199621260518,-0.13344087057413453],[101.18199622855379,-0.13362168475485622],[101.18145741574611,-0.13362173294961335],[101.18145732040203,-0.13253684747355648],[101.18163692468501,-0.1325368315403795],[101.1816369088686,-0.13235601731600738],[101.18199611736719,-0.13235598548920507],[101.1819961331862,-0.1325367996700978],[101.1821757374044,-0.13253678373299307],[101.18217575324631,-0.13271759789211504],[101.18253496162053,-0.13271756597048792],[101.18253499337435,-0.1330791942016662],[101.18271459753166,-0.13307917819539067],[101.18271461344229,-0.1332599922891893]]],[[[101.20212265288558,-0.22474898668276008],[101.20230225556769,-0.22474895940834938],[101.20230228267172,-0.22492977110146792],[101.20140426903217,-0.2249299075610166],[101.20140429614696,-0.22511071936378219],[101.20122469335146,-0.22511074667096023],[101.20122472048584,-0.2252915584956112],[101.20086551482508,-0.22529161314715862],[101.20086548769513,-0.22511080127864566],[101.20068588483429,-0.22511082857915302],[101.20068580358173,-0.22456839290753958],[101.20086540643595,-0.22456836567281724],[101.20086537939312,-0.22438755380411138],[101.20104498222337,-0.22438752658910094],[101.20104492819867,-0.22402590289540503],[101.20122453100274,-0.22402587572204194],[101.20122455800639,-0.2242066875469821],[101.20140416079086,-0.22420666034947245],[101.2014041878185,-0.22438747215243074],[101.20194299604778,-0.22438739048080214],[101.20194302310382,-0.22456820221790058],[101.20212262580553,-0.22456817496765075],[101.20212265288558,-0.22474898668276008]]],[[[101.20050603880189,-0.223483548663958],[101.20068564166472,-0.22348352156301315],[101.20068561475479,-0.22330270967209073],[101.20086521759363,-0.22330268259086664],[101.20086524450576,-0.22348349445986082],[101.20104484732502,-0.22348346735450092],[101.20104492819867,-0.22402590289540503],[101.20086532537283,-0.22402593006655527],[101.20086529839537,-0.22384511819770508],[101.20050609268272,-0.2238451724895121],[101.20050603880189,-0.223483548663958]]],[[[101.2026607902405,-0.22022861360659987],[101.20248118765656,-0.22022864033679593],[101.20248121421783,-0.2204094520091638],[101.20230161160993,-0.2204094787591289],[101.20230163819082,-0.22059029045339393],[101.20248124080089,-0.22059026368148443],[101.20248129403244,-0.2209518870259837],[101.20266089662505,-0.22095186020800295],[101.20266092327567,-0.22113267185823524],[101.20284052584864,-0.22113264501612398],[101.20284055252326,-0.22131345664436095],[101.2030201550766,-0.22131342977811566],[101.20302023523777,-0.22185586459669224],[101.20266103009624,-0.22185591845868982],[101.20266100335839,-0.2216751068086474],[101.20194259282243,-0.22167521441857171],[101.2019425661151,-0.22149440268070777],[101.20158336072069,-0.22149445642865578],[101.20158330738008,-0.22113283286503285],[101.20140370465454,-0.22113285969185414],[101.20140367801909,-0.22095204788803605],[101.20158328074245,-0.22095202108315024],[101.20158322753258,-0.22059039751924278],[101.20176283022982,-0.22059037075604895],[101.20176280365541,-0.22040955899596143],[101.20158320096033,-0.22040958573721794],[101.20158317440986,-0.220228773955146],[101.20140357169515,-0.22022880067228998],[101.20140343928045,-0.21932474165154478],[101.20212184996545,-0.21932463520867956],[101.20212187641343,-0.21950544692517032],[101.20230147903234,-0.21950542028709535],[101.20230150550427,-0.2196862319815964],[101.20248110810353,-0.21968620531940886],[101.20248116111708,-0.22004782866438075],[101.20266076369887,-0.22004780195613083],[101.2026607902405,-0.22022861360659987]]],[[[101.20499512075466,-0.21679284997294287],[101.20517472299251,-0.21679282362974453],[101.20517469683533,-0.21661201228581914],[101.20535429904922,-0.21661198596245235],[101.20535432520853,-0.21679279728440473],[101.20553392740273,-0.21679277093692362],[101.20553400601801,-0.21733520483657745],[101.20517480159504,-0.21733525766124148],[101.20517474917153,-0.21697363497362337],[101.20499514693155,-0.21697366133879292],[101.20499512075466,-0.21679284997294287]]],[[[101.20840748101902,-0.2162499162414415],[101.20840742878111,-0.21588829434483858],[101.20894623415226,-0.21588821551686418],[101.20894626026666,-0.21606902639916808],[101.208766658496,-0.2160690526993007],[101.20876673696398,-0.21661148541196015],[101.20804832963734,-0.21661159085519877],[101.20804830346799,-0.21643077986300857],[101.20822790533032,-0.21643075352740979],[101.20822787918068,-0.21624994255717467],[101.20840748101902,-0.2162499162414415]]],[[[101.20804817294903,-0.21552672490136152],[101.20804812089443,-0.2151651029163787],[101.20822772274194,-0.21516507673479063],[101.20822767077053,-0.21480345479362617],[101.20840727259194,-0.21480342865391944],[101.20840737663063,-0.21552667244805046],[101.20804817294903,-0.21552672490136152]]],[[[101.19745149572665,-0.2146242070056461],[101.19799030504394,-0.21462412902777142],[101.19799035673138,-0.21498575347150164],[101.19781075364315,-0.214985779510046],[101.19781077951738,-0.2151665917537417],[101.19727197011586,-0.21516666992232172],[101.19727191840181,-0.21480504530350733],[101.19745152155318,-0.21480501929322804],[101.19745149572665,-0.2146242070056461]]],[[[101.20391706541676,-0.21371921252020576],[101.20337825828733,-0.21371929037860637],[101.20337828407433,-0.21390010194290204],[101.20319868165214,-0.21390012791343344],[101.20319860436284,-0.21335769315454894],[101.2039170138956,-0.21335758952321812],[101.20391706541676,-0.21371921252020576]]],[[[101.19816970220985,-0.2131776054293595],[101.19745128989746,-0.2131777087033365],[101.19745111093876,-0.21191202268641457],[101.19763071403487,-0.211911997024352],[101.19763068855427,-0.21173118475793437],[101.19781029162657,-0.2117311591156765],[101.19781026616563,-0.2115503468711113],[101.19888788413007,-0.2115501931050689],[101.19888796061555,-0.21209262944435275],[101.19852875470197,-0.21209268083950533],[101.1985287802365,-0.21227349299632448],[101.19834917724498,-0.21227351871266334],[101.19834933089653,-0.21335839178405147],[101.19816972787075,-0.21335841762971333],[101.19816970220985,-0.2131776054293595]]],[[[101.19296097564032,-0.21155103788735952],[101.19314057927548,-0.21155101232133083],[101.19314055389026,-0.21137019950795455],[101.19349976109132,-0.2113701484133366],[101.1934999137533,-0.21245502503066296],[101.19260189552547,-0.21245515340709364],[101.19260181912801,-0.2119127147708625],[101.19278142281074,-0.21191268916531728],[101.19278139738624,-0.21173187630833062],[101.19296100104519,-0.21173185072254191],[101.19296097564032,-0.21155103788735952]]],[[[101.19421812450267,-0.21100842083445032],[101.19349971037767,-0.2110085228738648],[101.1934996850534,-0.210827710104061],[101.19367928861516,-0.21082768461919074],[101.19367926331053,-0.21064687187119857],[101.19385886684852,-0.21064684640610443],[101.19385881630028,-0.21028522095370197],[101.19367921276644,-0.21028524637507887],[101.19367918752697,-0.21010443362695136],[101.19385879105873,-0.21010440822743304],[101.19385876583891,-0.20992359550111914],[101.1942179728332,-0.20992354473957903],[101.19421794763097,-0.20974273205694272],[101.19475675795336,-0.20974265596467795],[101.19475683364375,-0.21028509381565982],[101.1945772302185,-0.2102851192474226],[101.19457733143487,-0.2110083698022372],[101.19439772797963,-0.21100839531938595],[101.19439775333596,-0.2111892079798423],[101.19421814985692,-0.2111892335167707],[101.19421812450267,-0.21100842083445032]]],[[[101.197091100287,-0.20612607935470595],[101.19691149719125,-0.20612610430998393],[101.19691154680949,-0.206487729020702],[101.19673194368795,-0.20648775401772176],[101.19673196852766,-0.20666856639490347],[101.1963727622153,-0.20666861642659673],[101.19637268777359,-0.2061261791636012],[101.19619308459087,-0.20612620411073485],[101.19619305982246,-0.20594539166776424],[101.19637266300315,-0.2059453667425142],[101.19637263825446,-0.20576455432138316],[101.19655224141138,-0.20576452941598428],[101.1965522166824,-0.2055837170166944],[101.19673181981558,-0.20558369213115021],[101.19673179510632,-0.2054028797537035],[101.19691139821573,-0.20540285488801757],[101.196911422927,-0.20558366724357532],[101.19709102601668,-0.20558364235396973],[101.19709105075171,-0.2057644546875926],[101.19727065382166,-0.20576442977406376],[101.19727067858047,-0.20594524208574994],[101.19709107550848,-0.20594526702117139],[101.197091100287,-0.20612607935470595]]],[[[101.2085853310085,-0.20377393590397308],[101.2084057293342,-0.2037739607034912],[101.20840563097843,-0.20305071689768212],[101.20876483428921,-0.20305066747268077],[101.20876510565316,-0.2050395874528394],[101.20858550398667,-0.20503961240841834],[101.20858552878528,-0.2052204233374491],[101.20840592709492,-0.20522044831300779],[101.2084057539778,-0.20395477165483422],[101.2085853556541,-0.20395474683331105],[101.2085853310085,-0.20377393590397308]]],[[[101.20858479433592,-0.19979609544754207],[101.20858481850061,-0.1999769063778332],[101.20768681011849,-0.19997702804513892],[101.20768668956258,-0.19907297284321762],[101.20786629127292,-0.1990729486236966],[101.20786626722533,-0.19889213760518198],[101.20804586891187,-0.19889211340569432],[101.20804589296141,-0.19907292440220928],[101.20840509627284,-0.19907287595333553],[101.20840507221939,-0.19889206500082535],[101.20858467384036,-0.198892040795444],[101.20858469789576,-0.19907285172594918],[101.20876429949683,-0.1990728274965964],[101.20876439594483,-0.19979607113016196],[101.20858479433592,-0.19979609544754207]]],[[[101.20571109335306,-0.19925405041049868],[101.20571111742088,-0.19943486169278501],[101.20589071937539,-0.19943483745093735],[101.20589076758043,-0.19979645997142495],[101.20463355341307,-0.19979662993061084],[101.20463352931336,-0.19961581851657806],[101.20391512074546,-0.1996159155048433],[101.20391502459607,-0.19889266949687467],[101.20409462676294,-0.1988926453406076],[101.20409460277817,-0.19871183386046903],[101.20427420492128,-0.19871180972419963],[101.20427418095636,-0.19853099826598072],[101.20463338517324,-0.19853095003148316],[101.20463340914203,-0.19871176144577232],[101.20481301121968,-0.1987117373036145],[101.20481303521227,-0.1988925486958935],[101.205172239306,-0.198892500361749],[101.2051722633243,-0.19907331171004483],[101.20535186534039,-0.19907328751805278],[101.20535188938247,-0.19925409884433307],[101.20571109335306,-0.19925405041049868]]],[[[101.20193850411013,-0.19202208880177707],[101.20247731104627,-0.19202201889336334],[101.20247735738938,-0.19238364225186094],[101.20193855044194,-0.19238371229192988],[101.20193850411013,-0.19202208880177707]]],[[[101.20822415857452,-0.18876667456449953],[101.20804455701634,-0.18876669753386915],[101.20804451143043,-0.1884050755360567],[101.20876291751725,-0.18840498382342422],[101.2087629859511,-0.1889474165560324],[101.20858338445662,-0.18894743955300247],[101.20858340730977,-0.18912825048579762],[101.20840380579158,-0.18912827350290637],[101.20840378294028,-0.18894746254810615],[101.2082241814021,-0.18894748554134355],[101.20822415857452,-0.18876667456449953]]],[[[101.21019932190616,-0.18515020707571675],[101.21055852440253,-0.18515016197131548],[101.21055854681663,-0.18533097266278092],[101.21073814803381,-0.1853309500858107],[101.2107381929313,-0.18569257142456919],[101.21055859171047,-0.18569259404559244],[101.21055856925261,-0.18551178335420654],[101.21019936674897,-0.18551182854670295],[101.21019932190616,-0.18515020707571675]]],[[[101.21325192087004,-0.18008713333446905],[101.21379072331473,-0.18008706743447742],[101.21379076700329,-0.18044868802606714],[101.21361116620676,-0.18044871003862345],[101.21361118808213,-0.180629520356417],[101.21307238555579,-0.18062958644955135],[101.21307236368573,-0.18044877606559812],[101.21325196454798,-0.1804487540583889],[101.21325192087004,-0.18008713333446905]]],[[[101.19457280162932,-0.17574990446030558],[101.19493200773466,-0.17574986194843775],[101.19493205000903,-0.1761114871542874],[101.19475244696378,-0.17611150845482787],[101.19475246813181,-0.17629232107956538],[101.19457286506311,-0.17629234240023373],[101.19457288625115,-0.1764731550468009],[101.19439328315897,-0.17647317638759358],[101.19439332559675,-0.17683480172434565],[101.19403411934033,-0.17683484448815354],[101.19403409811406,-0.17665403177607036],[101.19331568534759,-0.17665411719529447],[101.19331566414996,-0.1764733043957428],[101.1931360609058,-0.1764733257243332],[101.19313597633926,-0.17575007443833565],[101.19331557957652,-0.17575005319715803],[101.19331553742005,-0.17538842759763934],[101.19349514063214,-0.17538840639843567],[101.19349511958474,-0.1752075936204749],[101.19367472277341,-0.1752075724413955],[101.19367476489336,-0.17556919795356588],[101.19385436806374,-0.1755691767290387],[101.193854389158,-0.17574998946320888],[101.19421359543709,-0.17574994696522933],[101.19421357433939,-0.17556913427478157],[101.19457278052816,-0.17556909181358746],[101.19457280162932,-0.17574990446030558]]],[[[101.19403384509253,-0.17448427922812884],[101.1942134482092,-0.1744842581313059],[101.1942134272635,-0.17430344544059548],[101.19457263342825,-0.17430340328550856],[101.19457261250086,-0.1741225906384903],[101.19511142157995,-0.1741225274585547],[101.19511148444269,-0.17466496520267383],[101.19493188143292,-0.17466498632998548],[101.19493190242889,-0.17484579893315474],[101.19475229939567,-0.17484582008061036],[101.19475232041168,-0.17502663270561136],[101.19403390805476,-0.17502671736562192],[101.19403384509253,-0.17448427922812884]]],[[[101.19672772241297,-0.17303746351814386],[101.19690732519007,-0.17303744257057932],[101.19690734600921,-0.17321825493340454],[101.19708694876626,-0.17321823396224006],[101.19708703226709,-0.17394148332560608],[101.1972666350092,-0.1739414622651607],[101.1972666978683,-0.17448389922161617],[101.19744630059377,-0.17448387809376978],[101.19744632159201,-0.17466469039061924],[101.19762592429745,-0.17466466923915333],[101.19762594531916,-0.1748454815140692],[101.19780554800457,-0.17484546033898019],[101.19780556904975,-0.17502627259196074],[101.19798517171512,-0.17502625139324493],[101.19798519278376,-0.1752070636242884],[101.19762598742781,-0.17520710606378856],[101.19762596636261,-0.17502629378894766],[101.19726676092311,-0.17502633617773486],[101.19726678198487,-0.17520714849636615],[101.19708717923078,-0.17520716971005892],[101.19708720031257,-0.17538798205054507],[101.19690759753502,-0.17538800328439788],[101.19690761863683,-0.17556881564673707],[101.1967280158358,-0.17556883690074637],[101.19672797365735,-0.17520721213225254],[101.19690757645493,-0.17520719092202106],[101.1969075553966,-0.17502637855960662],[101.19708715817073,-0.1750263573695352],[101.19708713713243,-0.17484554502897395],[101.19690753436002,-0.17484556619715472],[101.19690745043113,-0.17412231674697237],[101.19672784764381,-0.1741223378258704],[101.19672782671766,-0.17394152544134242],[101.19636862108125,-0.17394156755020607],[101.19636860018024,-0.1737607551218684],[101.19618899733113,-0.17376077615183946],[101.19618895559773,-0.17339915125128516],[101.1960093527303,-0.17339917223577633],[101.19600933189791,-0.17321835976356162],[101.1954705231703,-0.17321842264112366],[101.19547054399759,-0.17339923517897293],[101.19529094104323,-0.17339925615661286],[101.19529089941378,-0.17303763103712788],[101.19565010529396,-0.17303758916763726],[101.19565008450844,-0.17285677665159013],[101.19582968741426,-0.17285675573615927],[101.19582966664876,-0.17267594324195318],[101.19600926953115,-0.17267592234669477],[101.19600929029833,-0.1728567348190208],[101.19618889316068,-0.17285671390017496],[101.19618891395129,-0.17303752635058212],[101.19636851679358,-0.17303750540814528],[101.19636853760765,-0.17321831783663186],[101.19672774323043,-0.17321827590285796],[101.19672772241297,-0.17303746351814386]]],[[[101.2091203257978,-0.17357844673685136],[101.20912036782015,-0.17394006847696958],[101.20894076651717,-0.1739400896508111],[101.20894078755944,-0.17412090054282456],[101.20876118623289,-0.17412092173695656],[101.20876122837959,-0.17448254356488851],[101.20840202565405,-0.17448258603601643],[101.2084020045732,-0.1743017750780574],[101.20822240317935,-0.17430179628903297],[101.20822236108661,-0.17394017432899622],[101.20804275967433,-0.17394019549424727],[101.20804263393086,-0.1728553294812338],[101.20840183671314,-0.1728552874130414],[101.20840185761914,-0.17303609837129869],[101.20858145897921,-0.17303607731263645],[101.20858147990877,-0.17321688824885154],[101.20876108124867,-0.1732168671664734],[101.20876110220179,-0.1733976780806445],[101.20894070352153,-0.1733976569745468],[101.20894072449822,-0.1735784678666722],[101.2091203257978,-0.17357844673685136]]],[[[101.20265460256638,-0.17303677134604697],[101.20265462343988,-0.17321758300748408],[101.20247502135777,-0.17321760403168945],[101.20247506316679,-0.17357922739834422],[101.20229546105948,-0.17357924846472716],[101.20229550295228,-0.17394087187512153],[101.20211590081976,-0.17394089298367493],[101.20211592179716,-0.1741217047107586],[101.20193631964113,-0.17412172583953456],[101.20193619411396,-0.17303685534482918],[101.20175659194638,-0.1730368763402517],[101.20175655028171,-0.17267525279784138],[101.20211575458832,-0.17267521089304627],[101.20211577541315,-0.1728560226203904],[101.20229537753545,-0.17285600164349194],[101.20229535670893,-0.17267518993809033],[101.20247495880776,-0.17267516898142876],[101.20247497963595,-0.17285598066488606],[101.20283418377157,-0.17285593870255211],[101.20283420462498,-0.17303675034207847],[101.20265460256638,-0.17303677134604697]]],[[[101.19996046515868,-0.17213302624771268],[101.19978086275995,-0.17213304711473762],[101.19978080067818,-0.1715906110768815],[101.19960119826274,-0.17159063187645368],[101.1996011569871,-0.17122900780719716],[101.19978075939919,-0.17122898705145995],[101.19978073879236,-0.17104817503869404],[101.20013994354785,-0.17104813356598583],[101.20013996415803,-0.1712289455349114],[101.20031956650479,-0.17122892477410015],[101.20031960779387,-0.17159054866799534],[101.20014000544376,-0.1715905694726523],[101.20014004681657,-0.17195219341024598],[101.1999604444413,-0.17195221425705015],[101.19996046515868,-0.17213302624771268]]],[[[101.19834389832802,-0.1708675286738518],[101.19888270594598,-0.1708674665685251],[101.19888268539106,-0.17068665444611633],[101.19906228788518,-0.17068663376287552],[101.19906237024213,-0.17140988216464914],[101.19888276774131,-0.1714099029355313],[101.19888274712109,-0.17122909081323262],[101.19852354205752,-0.17122913230610223],[101.19852352146242,-0.17104832013995144],[101.19834391889967,-0.17104834086194423],[101.19834389832802,-0.1708675286738518]]],[[[101.20965883778656,-0.17104703207670438],[101.209838438975,-0.17104701124827051],[101.209838418296,-0.17086620046569734],[101.21001801946089,-0.1708661796575932],[101.2100179988021,-0.17068536889700262],[101.21019759994344,-0.17068534810923186],[101.21019762060392,-0.1708661588478014],[101.21037722172505,-0.17086613803632186],[101.210377263115,-0.1712277594693052],[101.21019766199049,-0.17122778032483044],[101.2101976827166,-0.1714085910632898],[101.20965887920681,-0.17140865368577562],[101.20965883778656,-0.17104703207670438]]],[[[101.19816427519697,-0.17068673716221963],[101.19816431631516,-0.17104836158224748],[101.19798471370888,-0.17104838230086103],[101.19798473429893,-0.1712291945327214],[101.19762552901777,-0.17122923600867737],[101.19762548786613,-0.17086761145732512],[101.19780509051424,-0.17086759076398847],[101.19780506996938,-0.17068677851015523],[101.19816427519697,-0.17068673716221963]]],[[[101.19906210385527,-0.16905932485674682],[101.19906214459846,-0.16942094905836358],[101.19834373453813,-0.16942103116779655],[101.1983437549357,-0.169601843356181],[101.19816415236455,-0.1696018639012587],[101.19816417278224,-0.16978267611151],[101.19798457018767,-0.1697826966768138],[101.19798454977166,-0.1696018844446611],[101.19780494715701,-0.16960190498638814],[101.1978049267644,-0.16942109273229947],[101.19762532412966,-0.16942111325045345],[101.19762528341306,-0.16905948869837137],[101.19744568075988,-0.1690595091710598],[101.19744566043586,-0.16887869687306828],[101.19780486571713,-0.16887865596981544],[101.19780484541155,-0.16869784371558164],[101.19816405060251,-0.16869780284945723],[101.19816407091142,-0.16887861505989005],[101.19834367347592,-0.1688785946024251],[101.19834365316537,-0.16869778241389552],[101.19888246072334,-0.16869772109721218],[101.19888248103886,-0.16887853322002153],[101.19924168597203,-0.16887849229007842],[101.19924170631262,-0.1690593043690291],[101.19906210385527,-0.16905932485674682]]],[[[101.19618811922385,-0.16598584075758696],[101.19654732475699,-0.16598580057799006],[101.19654738472589,-0.1665282378019423],[101.1963677819653,-0.16652825795821652],[101.19636776195556,-0.1663474455283828],[101.19600855637243,-0.16634748579223113],[101.1960085363877,-0.16616667331859644],[101.19618813918848,-0.1661666532093756],[101.19618811922385,-0.16598584075758696]]],[[[101.19349403513968,-0.16562451633575612],[101.19313482887446,-0.165624556372191],[101.19313480900264,-0.16544374354854893],[101.19295520583911,-0.1654437635424609],[101.19295518599063,-0.16526295069693192],[101.19259597960166,-0.16526299063615582],[101.19259595977813,-0.16508217774689407],[101.19187754674631,-0.16508225751837893],[101.19187752695095,-0.16490144454170838],[101.19205713023983,-0.16490142462312385],[101.19205711046453,-0.16472061166825855],[101.19223671373011,-0.1647205917698876],[101.19223673350702,-0.1649014047029104],[101.19295514635877,-0.1649013250057678],[101.19295516616384,-0.16508213785136758],[101.19313476932415,-0.16508211790115834],[101.19313478915254,-0.16526293072487136],[101.19349399541126,-0.1652628907758528],[101.19349403513968,-0.16562451633575612]]],[[[101.19277536592388,-0.16327402912386607],[101.19295496908978,-0.16327400939378345],[101.19295494950174,-0.16309319654783186],[101.1934937588644,-0.16309313741346673],[101.19349377845724,-0.16327395019385885],[101.1936733815363,-0.16327393045732502],[101.1936734207903,-0.16363555597429072],[101.19295500833097,-0.16363563508558157],[101.19295498869953,-0.16345482223970006],[101.19277538553202,-0.16345484199163224],[101.19277536592388,-0.16327402912386607]]],[[[101.19564883824657,-0.1616464005858126],[101.19564885768477,-0.1618272131040847],[101.19546925485739,-0.16182723268334814],[101.19546927431573,-0.1620080452234619],[101.19528967146503,-0.16200806482300148],[101.19528969094351,-0.16218887738495508],[101.19511008806948,-0.1621888970047672],[101.1951100685926,-0.16200808442094075],[101.19493046569843,-0.16200810401727972],[101.19493042681302,-0.16164647880578067],[101.195110029704,-0.16164645925318372],[101.19511001029228,-0.16146564666925323],[101.19546921600589,-0.16146560760301662],[101.19546919661273,-0.16128479506279883],[101.19564879943536,-0.1612847755491645],[101.19564874138155,-0.1607423379939331],[101.19582834417768,-0.16074231854434015],[101.1958283248683,-0.16056150604773883],[101.19600792764115,-0.16056148661843803],[101.19600796628481,-0.16092311156784622],[101.19618756903908,-0.16092309209319597],[101.1961875883951,-0.16110390454596663],[101.19600798563926,-0.16110392404249865],[101.19600802441332,-0.16146554899169968],[101.19582842163258,-0.16146556853040026],[101.19582844105062,-0.1616463810268288],[101.19564883824657,-0.1616464005858126]]],[[[101.19834209881601,-0.15423280721760285],[101.19834206174141,-0.15387118283490034],[101.1987012665423,-0.15387114555133732],[101.19870124803462,-0.1536903334037482],[101.19906045274546,-0.15369029615792443],[101.19906047125616,-0.1538711082616948],[101.19924007358043,-0.1538710896145937],[101.19924011067015,-0.15423271377821107],[101.19888090599379,-0.1542327511585382],[101.19888092456827,-0.1544135632841197],[101.19870132219592,-0.15441358199390656],[101.19870130362295,-0.15423276984641654],[101.19834209881601,-0.15423280721760285]]]]}},{"type":"Feature","properties":{"eventId":"RIAU-20260819-033","firstDetection":"2026-08-19T07:07:00+00:00","lastDetection":"2026-08-19T07:07:00+00:00","estimatedAreaHa":13.6,"confidence":"sedang","hotspotCount":2,"detectionDays":1,"villages":["Batang Sari","Bekawan"],"districts":["Mandah"],"regencies":["Indragiri Hilir"],"method":"Sentinel-2 dNBR/NBR indication","resolutionM":20,"clearCoveragePct":82.5,"preSceneDates":["2026-07-18","2026-08-07","2026-08-14"],"postSceneDates":["2026-08-22","2026-09-03"],"status":"estimate","disclaimer":"Estimasi berbasis citra satelit; bukan hasil verifikasi lapangan.","province":"Riau","villageAreas":[{"village":"Batang Sari","district":"Mandah","regency":"Indragiri Hilir","areaHa":13.08},{"village":"Bekawan","district":"Mandah","regency":"Indragiri Hilir","areaHa":0.52}],"unassignedAreaHa":0.0,"archiveEventId":"BA-140104dfc0b83c13","reportMonth":"2026-08"},"geometry":{"type":"MultiPolygon","coordinates":[[[[103.68671030698174,-0.006311800993990706],[103.68635204703571,-0.006311804251343789],[103.68635204093464,-0.0055904551941124495],[103.68688943078362,-0.005590450866404246],[103.68688943374207,-0.005951125115816084],[103.68671030383851,-0.0059511266515126495],[103.68671030698174,-0.006311800993990706]]],[[[103.68742681485382,-0.004869098597840623],[103.68742681612518,-0.005049435582933579],[103.68724768636056,-0.0050494368860969155],[103.68724768508928,-0.00486909985446241],[103.68688942542147,-0.004869102367563203],[103.68688942669267,-0.0050494394922755165],[103.68653116683986,-0.005049442098256692],[103.68653116556877,-0.004869104880473622],[103.68635203557307,-0.004869106136857441],[103.68635203434823,-0.004688768872540349],[103.68653116434386,-0.004688767662689264],[103.68653116203276,-0.004328093227116871],[103.68706855174209,-0.004328089876506188],[103.68706855287466,-0.004508426954684203],[103.68760594216806,-0.004508423464068128],[103.68760594457216,-0.004869097341171242],[103.68742681485382,-0.004869098597840623]]],[[[103.69477109664923,-0.005049382110742023],[103.69477109296817,-0.004508376884622737],[103.69495022078944,-0.0045083757192332435],[103.69495021965497,-0.004328040690473273],[103.6951293474299,-0.0043280395716570556],[103.69512935097231,-0.004869044518081302],[103.69495022319727,-0.004869045776749549],[103.69495022447063,-0.0050493808055057906],[103.69477109664923,-0.005049382110742023]]],[[[103.67578326763666,-0.0007213600265796724],[103.67578326784418,-0.0009017000332242328],[103.67632066586306,-0.0009016993367668548],[103.67632066611672,-0.0010820392041197013],[103.67578326809783,-0.0010820400398685547],[103.6757832683976,-0.001262380046512591],[103.67560413563237,-0.0012623803715013542],[103.67560413533262,-0.0010820403184303518],[103.67470847081492,-0.001082041711080678],[103.67470847035385,-0.0007213611407210876],[103.67488760334959,-0.0007213609550484804],[103.67488760355708,-0.0009017011938102431],[103.675604135079,-0.0009017002653590636],[103.67560413487146,-0.0007213602122875368],[103.67578326763666,-0.0007213600265796724]]],[[[103.67614153302867,0.0007213596551427887],[103.67614153286725,0.0005410197413572585],[103.67596240019431,0.0005410198806487341],[103.67596239998677,0.0],[103.67614153265971,0.0],[103.67614153268276,-0.0001803399137858164],[103.67578326729078,-0.00018034000664503722],[103.67578326735995,-0.00036068001329002684],[103.6754250017835,-0.00036068019899436574],[103.67542500169127,0.0],[103.67560413450255,0.0],[103.6756041345256,0.0001803400530720034],[103.67578326729078,0.00018034000664503722],[103.67578326747525,0.000541020019934921],[103.67560413471007,0.0005410201592158194],[103.675604135079,0.0009017002653590636],[103.67578326784418,0.0009017000332242328],[103.67578326809783,0.0010820400398685547],[103.67596240081691,0.0010820397612961807],[103.67596240111669,0.001262379721511488],[103.67614153378966,0.0012623793964980446],[103.67614153348988,0.0010820394827132295],[103.67649979869746,0.0010820389255155956],[103.67649979823621,0.0007213592836776996],[103.67614153302867,0.0007213596551427887]]],[[[103.69172592215523,0.005770747762461023],[103.69172592365909,0.0059510836300208595],[103.69190505226767,0.005951082092695567],[103.69190505381788,0.006131417913668212],[103.69226331089632,0.006131414745666604],[103.692263309346,0.005951079017870478],[103.69244243781576,0.0059510774803706815],[103.69244243631167,0.005770741799163883],[103.69172592215523,0.005770747762461023]]],[[[103.68330689931723,0.011721973580657252],[103.68330689633794,0.011541635525635863],[103.6831277655076,0.011541638501700187],[103.68312777151216,0.011902314704741875],[103.6829486406354,0.011902317773691868],[103.68294864370684,0.012082655921707257],[103.68312777458371,0.012082652806258018],[103.68312777770146,0.012262990907770967],[103.68348603931686,0.0122629845835144],[103.68348603619889,0.012082646575005225],[103.68384429762928,0.012082640343280014],[103.68384429153141,0.011721964512273782],[103.68330689931723,0.011721973580657252]]],[[[103.70551880689518,-0.014065917472374925],[103.7051605566666,-0.014065924760490565],[103.70516054601684,-0.013524927654592194],[103.70498142083333,-0.013524931158295657],[103.70498141737636,-0.013344598742939582],[103.70569791783139,-0.013344584914207364],[103.70569792834313,-0.013885581599640484],[103.70551880329859,-0.01388558519718318],[103.70551880689518,-0.014065917472374925]]],[[[103.70014497365179,-0.010639686891554215],[103.70014497640992,-0.01082002056762538],[103.7003241028439,-0.010820017767517912],[103.70032410564848,-0.011000351396917754],[103.70068235837759,-0.011000345703043347],[103.70068236412628,-0.011361012775149826],[103.70086149042149,-0.011361009834703856],[103.70086149635586,-0.011721676813450797],[103.70104062260494,-0.011721673779542767],[103.70104062872498,-0.012082340664926264],[103.70121975492792,-0.012082337537549125],[103.70121976772485,-0.012803671121568215],[103.70104064152142,-0.012803674435654439],[103.70104063825276,-0.012623340992977366],[103.70086151200307,-0.01262334426026294],[103.7008615087809,-0.012443010770907014],[103.70032412975408,-0.012443020432007514],[103.7003241329759,-0.012623354061379393],[103.69996588005931,-0.012623360594840137],[103.69996587366253,-0.012262693149422762],[103.69978674713497,-0.012262696322638196],[103.69978674400622,-0.012082362553259675],[103.6996076174324,-0.012082365679692085],[103.69960760538142,-0.011361030415493781],[103.69978673195479,-0.011361027475714056],[103.69978672620718,-0.01100035993692299],[103.69960759963404,-0.011000362783376369],[103.69960759682986,-0.01082002896731327],[103.69924934354475,-0.010820034566576429],[103.69924933541095,-0.010279032838406948],[103.69978671526817,-0.01027902485930626],[103.6997867179334,-0.010459358628714645],[103.6999658444599,-0.010459355922148552],[103.69996584717155,-0.010639689644889235],[103.70014497365179,-0.010639686891554215]]],[[[103.72916278861764,-0.005229456693378207],[103.72916279141597,-0.0055901088790987095],[103.72898367247032,-0.005590110334616876],[103.72898367104789,-0.005409784194805145],[103.72862543301677,-0.00540978701177848],[103.72862543031204,-0.005049134544352527],[103.72898366834295,-0.005049131915177415],[103.72898366706043,-0.004868805775361514],[103.72916278600587,-0.004868804507652144],[103.72916278476995,-0.004688478414787147],[103.72934190366871,-0.004688477193984161],[103.72934190247939,-0.00450815114807188],[103.72952102133146,-0.0045081499741788],[103.72952102375686,-0.00486880197209067],[103.72934190490469,-0.004868803239895196],[103.72934190751656,-0.0052294553317133365],[103.72916278861764,-0.005229456693378207]]],[[[103.70892214090452,0.012262534335840607],[103.70892213468143,0.011901871561398073],[103.70856388621992,0.011901877732685391],[103.70856388317827,0.011721546251955008],[103.70802651013808,0.011721555367770253],[103.70802650714322,0.011541223746793446],[103.70784738270373,0.011541226738425165],[103.7078473797554,0.01136089507070105],[103.70802650419476,0.01136089212581358],[103.70802650129276,0.011180560504830697],[103.7082056256856,0.011180557606578203],[103.7082056228299,0.01100022603233837],[103.70838474717618,0.011000223180724371],[103.70838472848581,0.009737902488200898],[103.70820560414023,0.009737905012580494],[103.70820560924797,0.010098568161096375],[103.70802648485576,0.010098570778872815],[103.70802649014902,0.010459234020870001],[103.7078473657102,0.01045923673203624],[103.70784736842637,0.010639568399774941],[103.7074891194092,0.010639573915283952],[103.70748911669322,0.010459242154062045],[103.70730999211509,0.010459244864921615],[103.70730998944565,0.010278913056957972],[103.70695174015032,0.010278918384897811],[103.70695175396077,0.011180577892050951],[103.70713087863216,0.01118057499445409],[103.70713089051657,0.01190190241318178],[103.70695176584472,0.011901905497720381],[103.70695176893177,0.012082237399129964],[103.70677264421339,0.012082240530285912],[103.70677264734672,0.012262572478425965],[103.70748914594219,0.012262559766148401],[103.70748914912244,0.01244289152733994],[103.70784739814185,0.012442885076998865],[103.70784740136877,0.012623216744703897],[103.70802652580896,0.012623213472606696],[103.70802652908243,0.012803545093564132],[103.70892215058745,0.012803528497479894],[103.70892214408572,0.01244286572305702],[103.70874301987783,0.012442868949018016],[103.70874301669674,0.012262537515048546],[103.70892214090452,0.012262534335840607]]],[[[103.6978163897325,0.014246408328213767],[103.69781639341592,0.014426742610748089],[103.69763726633067,0.014426746342250671],[103.69763728544207,0.015328417988082928],[103.69745815830979,0.015328421952654613],[103.69745817443224,0.01604975945581569],[103.69835380963343,0.01604973869854814],[103.698353801478,0.015689070413431386],[103.69817467453073,0.015689074471900488],[103.69817464376369,0.014246400958078439],[103.6978163897325,0.014246408328213767]]],[[[103.70336934949748,0.0162299552210393],[103.70336935369548,0.016410288056697385],[103.70319022804571,0.01641029230625375],[103.70319023228993,0.016590625188605913],[103.70301110659362,0.01659062948469855],[103.70301111088406,0.016770962413742978],[103.70372761339164,0.016770945041602307],[103.70372760485584,0.01641027955710349],[103.70354847929886,0.016410283806980636],[103.7035484751007,0.016229951018022732],[103.70336934949748,0.0162299552210393]]],[[[103.70856399906295,0.01731182215291389],[103.7085640126459,0.01785281659473076],[103.70910138528278,0.01785280270907234],[103.70910137618002,0.017492140028384128],[103.70892225201449,0.01749214456360176],[103.70892224753294,0.017311813176495845],[103.70856399906295,0.01731182215291389]]]]}}]}